15:05:31 INFO  SymbolTuner: ═══ Symbol 1/1: USDJPY ═══
15:05:31 INFO  SymbolTuner: Tuning [USDJPY] 2024-06-01→2025-04-01
15:05:33 INFO  BacktestEngine: Loaded 5650 1H bars for USDJPY (2024-06-01→2025-04-01)
15:05:33 INFO  SymbolTuner:   Stage A: CT mid-flip — running 5 backtests
/home/hkerroum/anaconda3/lib/python3.11/site-packages/pandas/core/computation/expressions.py:22: UserWarning: Pandas requires version '2.10.2' or newer of 'numexpr' (version '2.8.4' currently installed).
  from pandas.core.computation.check import NUMEXPR_INSTALLED
/home/hkerroum/anaconda3/lib/python3.11/site-packages/pandas/core/arrays/masked.py:56: UserWarning: Pandas requires version '1.4.2' or newer of 'bottleneck' (version '1.3.5' currently installed).
  from pandas.core import (
/home/hkerroum/anaconda3/lib/python3.11/site-packages/yfinance/scrapers/history.py:204: Pandas4Warning: Timestamp.utcnow is deprecated and will be removed in a future version. Use Timestamp.now('UTC') instead.
  dt_now = pd.Timestamp.utcnow()
15:05:35 INFO  BacktestEngine: Macro history pre-loaded: 231 days (2024-05-02 → 2025-04-03)
15:05:35 INFO  root: Registered agent: RegimeAgent
15:05:35 INFO  root: Registered agent: TrendAgent
15:05:35 INFO  root: Registered agent: MomentumAgent
15:05:35 INFO  root: Registered agent: MeanReversionAgent
15:05:35 INFO  root: Registered agent: VolatilityAgent
15:05:35 INFO  root: Registered agent: BreadthAgent
15:05:35 INFO  root: Registered agent: PatternAgent
15:05:35 INFO  root: Registered agent: IntermarketAgent
15:05:35 INFO  root: Registered agent: SessionBreakoutAgent
15:05:35 INFO  root: Registered agent: DivergenceAgent
15:05:35 INFO  root: Registered agent: ScalpingAgent
15:05:35 INFO  root: Registered agent: VwapScalpAgent
15:05:35 INFO  root: Registered agent: SqueezeBreakoutAgent
15:05:35 INFO  root: Registered agent: OrderFlowAgent
15:05:35 INFO  root: Registered agent: CorrelationAgent
15:05:35 INFO  BacktestEngine: [timing] mid_tf=1H  bar=3600s  signal=300s → agent_interval=1 bars  surv=60s → surv_interval=1 bars
15:05:50 INFO  BacktestEngine: [2024-06-10 00:00] ENTRY USDJPY LONG @ 156.74450 SL=155.81700 TP=158.13500 (ticket=1)
15:05:51 INFO  Backtest: [STALE-WIN] bar=661 USDJPY long open 12.0h, profit stalling (now +0.10R, peak +0.45R) — SL→BE 155.81700→156.60089 (ticket=1)
15:05:51 INFO  Backtest: [EXIT-TIME-STOP] USDJPY LONG entry=156.73923 exit=156.90500 pnl=+122.28 (+0.17R) (ticket=1)
15:05:52 INFO  BacktestEngine: [2024-06-10 21:00] ENTRY USDJPY LONG @ 157.08050 SL=156.69500 TP=157.65900 (ticket=2)
15:05:53 INFO  Backtest: [STALE-WIN] bar=683 USDJPY long open 13.0h, profit stalling (now +0.36R, peak +0.68R) — SL→BE 156.69500→157.02251 (ticket=2)
15:05:54 INFO  Backtest: [EXIT-TIME-STOP] USDJPY LONG entry=157.08031 exit=157.10000 pnl=+22.49 (+0.03R) (ticket=2)
15:05:54 INFO  BacktestEngine: [2024-06-11 17:00] ENTRY USDJPY LONG @ 157.32419 SL=156.85300 TP=158.03100 (ticket=3)
15:05:55 INFO  Backtest: [STALE-SL] bar=696 USDJPY long open 6.0h still losing (-0.43R) — SL tightened 156.85300→157.08756 (cap at 0.50R, atr_ratio=1.00, progress=0%) (ticket=3)
15:05:55 INFO  Backtest: [EXIT-SL] USDJPY LONG entry=157.32213 exit=157.08756 pnl=-429.88 (-0.51R) bars_held=7 (ticket=3)
15:05:55 INFO  BacktestEngine: [2024-06-12 01:00] ENTRY USDJPY LONG @ 157.14050 SL=156.80300 TP=157.64600 (ticket=4)
15:05:57 INFO  Backtest: [EXIT-SL] USDJPY LONG entry=157.14298 exit=156.80300 pnl=-816.26 (-1.03R) bars_held=13 (ticket=4)
15:05:58 INFO  BacktestEngine: [2024-06-12 22:00] ENTRY USDJPY LONG @ 156.83880 SL=156.23800 TP=157.74000 (ticket=5)
15:06:00 INFO  Backtest: [EXIT-TIME-STOP] USDJPY LONG entry=156.84097 exit=157.02500 pnl=+231.08 (+0.29R) (ticket=5)
15:06:00 INFO  BacktestEngine: [2024-06-13 16:00] ENTRY USDJPY LONG @ 157.18655 SL=156.68300 TP=157.94200 (ticket=6)
15:06:01 INFO  Backtest: [STALE-SL] bar=743 USDJPY long open 6.0h still losing (-0.34R) — SL tightened 156.68300→156.93668 (cap at 0.50R, atr_ratio=1.00, progress=0%) (ticket=6)
15:06:01 INFO  Backtest: [EXIT-SL] USDJPY LONG entry=157.19036 exit=156.93668 pnl=-411.48 (-0.52R) bars_held=7 (ticket=6)
15:06:01 INFO  BacktestEngine: [2024-06-14 03:00] ENTRY USDJPY LONG @ 157.20250 SL=156.77400 TP=157.84500 (ticket=7)
15:06:02 INFO  Backtest: [EXIT-TP] USDJPY LONG entry=157.20966 exit=157.84500 pnl=+1113.75 (+1.47R) bars_held=2 (ticket=7)
15:06:02 INFO  BacktestEngine: [2024-06-14 07:00] ENTRY USDJPY LONG @ 157.94450 SL=157.06300 TP=159.26600 (ticket=8)
15:06:03 INFO  Backtest: [EXIT-SL] USDJPY LONG entry=157.94252 exit=157.06300 pnl=-775.07 (-1.01R) bars_held=4 (ticket=8)
15:06:04 INFO  BacktestEngine: [2024-06-14 19:00] ENTRY USDJPY LONG @ 157.31550 SL=156.58000 TP=158.41800 (ticket=9)
15:06:04 INFO  BacktestEngine: [2024-06-17 00:00] ENTRY USDJPY LONG @ 157.34650 SL=156.75100 TP=158.23900 (ticket=10)
15:06:05 INFO  Backtest: [STALE-WIN] bar=777 USDJPY long open 8.0h, profit stalling (now +0.02R, peak +0.37R) — SL→BE 156.75100→157.24939 (ticket=10)
  [USDJPY] 256/5122 bars (5%)
15:06:06 INFO  Backtest: [EXIT-TIME-STOP] USDJPY LONG entry=157.33734 exit=157.85500 pnl=+649.70 (+0.86R) (ticket=10)
15:06:06 INFO  BacktestEngine: [2024-06-17 17:00] ENTRY USDJPY LONG @ 157.85650 SL=157.17200 TP=158.88300 (ticket=11)
15:06:07 INFO  Backtest: [STALE-SL] bar=792 USDJPY long open 6.0h still losing (-0.20R) — SL tightened 157.17200→157.59670 (cap at 0.38R, atr_ratio=0.76, progress=0%) (ticket=11)
15:06:07 INFO  Backtest: [STALE-SL] bar=793 USDJPY long open 7.0h still losing (-0.22R) — SL tightened 157.59670→157.62460 (cap at 0.34R, atr_ratio=0.71, progress=8%) (ticket=11)
15:06:07 INFO  Backtest: [STALE-SL] bar=794 USDJPY long open 8.0h still losing (-0.24R) — SL tightened 157.62460→157.64258 (cap at 0.32R, atr_ratio=0.68, progress=17%) (ticket=11)
15:06:07 INFO  Backtest: [EXIT-SL] USDJPY LONG entry=157.85933 exit=157.64258 pnl=-249.18 (-0.33R) bars_held=9 (ticket=11)
15:06:08 INFO  BacktestEngine: [2024-06-18 04:00] ENTRY USDJPY SHORT @ 157.58535 SL=157.80000 TP=157.26400 (ticket=12)
15:06:08 INFO  Backtest: [EXIT-SL] USDJPY SHORT entry=157.58373 exit=157.80000 pnl=-707.19 (-1.04R) bars_held=3 (ticket=12)
15:06:09 INFO  BacktestEngine: [2024-06-18 12:00] ENTRY USDJPY LONG @ 158.09991 SL=157.58100 TP=158.87900 (ticket=16)
15:06:10 INFO  Backtest: [STALE-SL] bar=811 USDJPY long open 6.0h still losing (-0.75R) — SL tightened 157.58100→157.84155 (cap at 0.50R, atr_ratio=1.00, progress=0%) (ticket=16)
15:06:10 INFO  Backtest: [EXIT-SL] USDJPY LONG entry=158.10209 exit=157.84155 pnl=-407.64 (-0.52R) bars_held=7 (ticket=16)
15:06:12 INFO  BacktestEngine: [2024-06-19 07:00] ENTRY USDJPY LONG @ 157.85250 SL=157.56300 TP=158.28700 (ticket=17)
15:06:14 INFO  Backtest: [EXIT-TIME-STOP] USDJPY LONG entry=157.85210 exit=157.99000 pnl=+337.69 (+0.45R) (ticket=17)
15:06:14 INFO  BacktestEngine: [2024-06-20 00:00] ENTRY USDJPY LONG @ 157.99261 SL=157.66200 TP=158.48900 (ticket=18)
15:06:15 INFO  Backtest: [PARTIAL-TP1] bar=851 USDJPY long closed 20% @ 158.43700 (+1R) SL: 157.66200→157.94825 (BE+15%R) rem_qty=2.21 rem_risk=$664.65 (ticket=18)
15:06:15 INFO  Backtest: [EXIT-TP] USDJPY LONG entry=157.99877 exit=158.48900 pnl=+969.56 (+1.46R) bars_held=14 (ticket=18)
15:06:16 INFO  BacktestEngine: [2024-06-20 15:00] ENTRY USDJPY LONG @ 158.54899 SL=158.12600 TP=159.18300 (ticket=19)
15:06:17 INFO  Backtest: [PARTIAL-TP1] bar=867 USDJPY long closed 20% @ 159.10500 (+1R) SL: 158.12600→158.48039 (BE+15%R) rem_qty=1.75 rem_risk=$674.07 (ticket=19)
15:06:17 INFO  Backtest: [EXIT-TIME-STOP] USDJPY LONG entry=158.54293 exit=158.94900 pnl=+635.14 (+0.94R) (ticket=19)
15:06:18 INFO  BacktestEngine: [2024-06-21 13:00] ENTRY USDJPY LONG @ 159.00450 SL=158.51900 TP=159.73300 (ticket=20)
15:06:19 INFO  Backtest: [PARTIAL-TP1] bar=881 USDJPY long closed 20% @ 159.57600 (+1R) SL: 158.51900→158.93208 (BE+15%R) rem_qty=1.59 rem_risk=$703.73 (ticket=20)
15:06:20 INFO  BacktestEngine: [2024-06-24 00:00] ENTRY USDJPY LONG @ 159.70550 SL=159.13300 TP=160.56400 (ticket=21)
15:06:21 INFO  Backtest: [STALE-WIN] bar=896 USDJPY long open 7.0h, profit stalling (now +0.02R, peak +0.34R) — SL→BE 159.13300→159.61922 (ticket=21)
15:06:21 INFO  Backtest: [EXIT-SL] USDJPY LONG entry=159.70503 exit=159.61922 pnl=-136.13 (-0.16R) bars_held=11 (ticket=21)
15:06:21 INFO  BacktestEngine: [2024-06-24 14:00] ENTRY USDJPY SHORT @ 159.46120 SL=159.97800 TP=158.65400 (ticket=22)
15:06:22 INFO  Backtest: [EXIT-TIME-STOP] USDJPY SHORT entry=159.46357 exit=159.73200 pnl=-376.91 (-0.53R) (ticket=22)
15:06:23 INFO  BacktestEngine: [2024-06-24 23:00] ENTRY USDJPY LONG @ 159.60550 SL=158.99300 TP=160.52400 (ticket=24)
15:06:23 INFO  Backtest: [EXIT-MID+SHORT_OPPOSITION] USDJPY LONG entry=159.58784 exit=159.32600 pnl=-365.46 (-0.44R) (ticket=24)
15:06:24 INFO  BacktestEngine: [2024-06-25 09:00] ENTRY USDJPY LONG @ 159.47150 SL=159.08000 TP=160.16700 (ticket=26)
15:06:25 INFO  Backtest: [STALE-WIN] bar=934 USDJPY long open 12.0h, profit stalling (now +0.34R, peak +0.65R) — SL→BE 159.08000→159.42228 (ticket=26)
15:06:26 INFO  Backtest: [EXIT-TIME-STOP] USDJPY LONG entry=159.48268 exit=159.70400 pnl=+464.62 (+0.55R) (ticket=26)
15:06:26 INFO  BacktestEngine: [2024-06-26 02:00] ENTRY USDJPY LONG @ 159.70550 SL=159.44000 TP=160.10400 (ticket=27)
15:06:27 INFO  Backtest: [PARTIAL-TP1] bar=948 USDJPY long closed 20% @ 159.98300 (+1R) SL: 159.44000→159.66876 (BE+15%R) rem_qty=2.80 rem_risk=$676.98 (ticket=27)
15:06:27 INFO  Backtest: [EXIT-TP] USDJPY LONG entry=159.70913 exit=160.10400 pnl=+986.53 (+1.46R) bars_held=10 (ticket=27)
15:06:28 INFO  BacktestEngine: [2024-06-26 14:00] ENTRY USDJPY LONG @ 160.30742 SL=159.82200 TP=161.03600 (ticket=28)
15:06:29 INFO  Backtest: [PARTIAL-TP1] bar=958 USDJPY long closed 20% @ 160.78800 (+1R) SL: 159.82200→160.23003 (BE+15%R) rem_qty=1.63 rem_risk=$721.23 (ticket=28)
15:06:30 INFO  Backtest: [EXIT-TIME-STOP] USDJPY LONG entry=160.30204 exit=160.33700 pnl=+40.50 (+0.06R) (ticket=28)
15:06:30 INFO  BacktestEngine: [2024-06-27 10:00] ENTRY USDJPY LONG @ 160.54979 SL=159.99900 TP=161.37600 (ticket=29)
15:06:32 INFO  Backtest: [EXIT-TIME-STOP] USDJPY LONG entry=160.55135 exit=161.12100 pnl=+915.37 (+1.02R) (ticket=29)
15:06:32 INFO  BacktestEngine: [2024-06-28 04:00] ENTRY USDJPY LONG @ 161.06321 SL=160.47700 TP=161.94200 (ticket=30)
15:06:33 INFO  Backtest: [STALE-SL] bar=995 USDJPY long open 6.0h still losing (-0.25R) — SL tightened 160.47700→160.76706 (cap at 0.50R, atr_ratio=1.00, progress=0%) (ticket=30)
15:06:33 INFO  Backtest: [EXIT-SL] USDJPY LONG entry=161.05712 exit=160.76706 pnl=-414.56 (-0.51R) bars_held=7 (ticket=30)
15:06:34 INFO  BacktestEngine: [2024-06-28 15:00] ENTRY USDJPY SHORT @ 160.50766 SL=160.94000 TP=159.85900 (ticket=31)
15:06:34 INFO  Backtest: [EXIT-SL] USDJPY SHORT entry=160.50615 exit=160.94000 pnl=-707.18 (-1.02R) bars_held=2 (ticket=31)
15:06:34 INFO  BacktestEngine: [2024-07-01 00:00] ENTRY USDJPY LONG @ 160.81850 SL=160.41000 TP=161.43200 (ticket=33)
15:06:36 INFO  Backtest: [STALE-WIN] bar=1017 USDJPY long open 8.0h, profit stalling (now +0.22R, peak +0.64R) — SL→BE 160.41000→160.75441 (ticket=33)
15:06:36 INFO  Backtest: [PARTIAL-TP1] bar=1023 USDJPY long closed 20% @ 161.35400 (+1R) SL: 160.75441→160.75441 (BE+15%R) rem_qty=1.97 rem_risk=$731.92 (ticket=33)
15:06:36 INFO  Backtest: [EXIT-TP] USDJPY LONG entry=160.81519 exit=161.43200 pnl=+1090.86 (+1.49R) bars_held=15 (ticket=33)
15:06:36 INFO  BacktestEngine: [2024-07-01 16:00] ENTRY USDJPY LONG @ 161.28661 SL=160.69300 TP=162.17700 (ticket=34)
15:06:37 INFO  Backtest: [PARTIAL-TP1] bar=1025 USDJPY long closed 20% @ 161.65600 (+1R) SL: 160.69300→161.02151 (BE+15%R) rem_qty=1.37 rem_risk=$738.82 (ticket=34)
  [USDJPY] 512/5122 bars (10%)
15:06:38 INFO  Backtest: [EXIT-TIME-STOP] USDJPY LONG entry=161.07949 exit=161.67400 pnl=+730.52 (+0.99R) (ticket=34)
15:06:39 INFO  BacktestEngine: [2024-07-02 09:00] ENTRY USDJPY LONG @ 161.67573 SL=161.30400 TP=162.23300 (ticket=35)
15:06:40 INFO  Backtest: [STALE-SL] bar=1048 USDJPY long open 6.0h still losing (-0.31R) — SL tightened 161.30400→161.49384 (cap at 0.49R, atr_ratio=0.98, progress=0%) (ticket=35)
15:06:40 INFO  Backtest: [STALE-SL] bar=1050 USDJPY long open 8.0h still losing (-0.08R) — SL tightened 161.49670→161.50324 (cap at 0.47R, atr_ratio=1.00, progress=17%) (ticket=35)
15:06:40 INFO  Backtest: [STALE-SL] bar=1051 USDJPY long open 9.0h still losing (-0.12R) — SL tightened 161.50324→161.52278 (cap at 0.41R, atr_ratio=0.92, progress=25%) (ticket=35)
15:06:41 INFO  Backtest: [EXIT-TIME-STOP] USDJPY LONG entry=161.67696 exit=161.93900 pnl=+599.47 (+0.68R) (ticket=35)
15:06:41 INFO  BacktestEngine: [2024-07-03 13:00] ENTRY USDJPY LONG @ 161.94050 SL=161.47200 TP=162.64300 (ticket=36)
15:06:42 INFO  Backtest: [EXIT-SL] USDJPY LONG entry=161.93788 exit=161.47200 pnl=-848.97 (-1.01R) bars_held=3 (ticket=36)
15:06:42 INFO  BacktestEngine: [2024-07-03 21:00] ENTRY USDJPY LONG @ 161.66379 SL=161.23700 TP=162.42300 (ticket=37)
15:06:43 INFO  Backtest: [EXIT-SL] USDJPY LONG entry=161.65831 exit=161.23700 pnl=-839.34 (-1.00R) bars_held=6 (ticket=37)
15:06:44 INFO  BacktestEngine: [2024-07-04 10:00] ENTRY USDJPY SHORT @ 161.28007 SL=161.76900 TP=160.54700 (ticket=39)
15:06:45 INFO  Backtest: [EXIT-TIME-STOP] USDJPY SHORT entry=161.27618 exit=161.13700 pnl=+193.84 (+0.27R) (ticket=39)
15:06:46 INFO  BacktestEngine: [2024-07-04 21:00] ENTRY USDJPY LONG @ 161.24550 SL=160.92400 TP=161.81700 (ticket=40)
15:06:46 INFO  Backtest: [EXIT-SL] USDJPY LONG entry=161.24777 exit=160.92400 pnl=-874.72 (-1.03R) bars_held=5 (ticket=40)
15:06:48 INFO  BacktestEngine: [2024-07-05 14:00] ENTRY USDJPY LONG @ 160.81950 SL=160.41700 TP=161.53600 (ticket=41)
15:06:48 INFO  Backtest: [EXIT-SL] USDJPY LONG entry=160.82124 exit=160.41700 pnl=-847.19 (-1.02R) bars_held=0 (ticket=41)
15:06:48 INFO  BacktestEngine: [2024-07-05 19:00] ENTRY USDJPY LONG @ 160.88950 SL=160.28700 TP=161.96100 (ticket=45)
15:06:48 INFO  BacktestEngine: [2024-07-08 00:00] ENTRY USDJPY LONG @ 160.78050 SL=160.28800 TP=161.65600 (ticket=46)
15:06:49 INFO  Backtest: [EXIT-SL] USDJPY LONG entry=160.71803 exit=160.28800 pnl=-728.94 (-0.89R) bars_held=4 (ticket=46)
15:06:50 INFO  BacktestEngine: [2024-07-08 09:00] ENTRY USDJPY LONG @ 160.83696 SL=160.35500 TP=161.69400 (ticket=50)
15:06:51 INFO  Backtest: [STALE-SL] bar=1133 USDJPY long open 6.0h still losing (-0.37R) — SL tightened 160.35500→160.59481 (cap at 0.50R, atr_ratio=1.00, progress=0%) (ticket=50)
15:06:51 INFO  Backtest: [EXIT-SL] USDJPY LONG entry=160.83461 exit=160.59481 pnl=-416.66 (-0.51R) bars_held=7 (ticket=50)
15:06:52 INFO  BacktestEngine: [2024-07-08 23:00] ENTRY USDJPY LONG @ 160.81650 SL=160.44300 TP=161.37600 (ticket=51)
15:06:53 INFO  Backtest: [STALE-WIN] bar=1149 USDJPY long open 8.0h, profit stalling (now +0.34R, peak +0.78R) — SL→BE 160.44300→160.73543 (ticket=51)
15:06:54 INFO  Backtest: [EXIT-TIME-STOP] USDJPY LONG entry=160.78704 exit=161.01400 pnl=+474.89 (+0.59R) (ticket=51)
15:06:55 INFO  BacktestEngine: [2024-07-09 18:00] ENTRY USDJPY LONG @ 161.39977 SL=160.77800 TP=162.33300 (ticket=52)
15:06:55 INFO  Backtest: [STALE-SL] bar=1166 USDJPY long open 6.0h still losing (-0.12R) — SL tightened 160.77800→161.15114 (cap at 0.40R, atr_ratio=0.80, progress=0%) (ticket=52)
15:06:56 INFO  Backtest: [STALE-SL] bar=1167 USDJPY long open 7.0h still losing (-0.12R) — SL tightened 161.15114→161.17438 (cap at 0.36R, atr_ratio=0.75, progress=8%) (ticket=52)
15:06:57 INFO  Backtest: [STALE-SL] bar=1174 USDJPY long open 14.0h still losing (-0.06R) — SL tightened 161.17438→161.28019 (cap at 0.19R, atr_ratio=0.53, progress=67%) (ticket=52)
15:06:57 INFO  Backtest: [EXIT-TIME-STOP] USDJPY LONG entry=161.40080 exit=161.51300 pnl=+136.94 (+0.17R) (ticket=52)
15:06:57 INFO  BacktestEngine: [2024-07-10 12:00] ENTRY USDJPY LONG @ 161.58850 SL=161.14200 TP=162.25800 (ticket=53)
15:06:58 INFO  Backtest: [STALE-SL] bar=1189 USDJPY long open 11.0h still losing (-0.03R) — SL tightened 161.14200→161.40236 (cap at 0.41R, atr_ratio=0.99, progress=42%) (ticket=53)
15:06:58 INFO  Backtest: [STALE-WIN] bar=1190 USDJPY long open 12.0h, profit stalling (now +0.02R, peak +0.43R) — SL→BE 161.40236→161.51817 (ticket=53)
15:06:59 INFO  Backtest: [EXIT-SL] USDJPY LONG entry=161.58455 exit=161.51817 pnl=-138.19 (-0.17R) bars_held=14 (ticket=53)
15:07:00 INFO  BacktestEngine: [2024-07-11 17:00] ENTRY USDJPY SHORT @ 158.55345 SL=160.01000 TP=156.36800 (ticket=54)
15:07:01 INFO  Backtest: [EXIT-TIME-STOP] USDJPY SHORT entry=158.54585 exit=158.82100 pnl=-144.14 (-0.19R) (ticket=54)
15:07:01 INFO  BacktestEngine: [2024-07-12 03:00] ENTRY USDJPY LONG @ 159.07978 SL=157.39500 TP=161.60800 (ticket=56)
15:07:02 INFO  Backtest: [STALE-SL] bar=1227 USDJPY long open 10.0h still losing (-0.06R) — SL tightened 157.39500→158.62146 (cap at 0.27R, atr_ratio=0.62, progress=33%) (ticket=56)
15:07:02 INFO  Backtest: [EXIT-SL] USDJPY LONG entry=159.07529 exit=158.62146 pnl=-239.39 (-0.27R) bars_held=11 (ticket=56)
15:07:03 INFO  BacktestEngine: [2024-07-12 19:00] ENTRY USDJPY SHORT @ 157.87150 SL=159.50600 TP=155.42000 (ticket=59)
15:07:03 INFO  BacktestEngine: [2024-07-15 01:00] ENTRY USDJPY LONG @ 158.34362 SL=157.48900 TP=159.86300 (ticket=60)
15:07:04 INFO  Backtest: [STALE-SL] bar=1245 USDJPY long open 6.0h still losing (-0.45R) — SL tightened 157.48900→158.09044 (cap at 0.29R, atr_ratio=0.58, progress=0%) (ticket=60)
15:07:04 INFO  Backtest: [EXIT-SL] USDJPY LONG entry=158.33834 exit=158.09044 pnl=-253.52 (-0.30R) bars_held=7 (ticket=60)
15:07:05 INFO  BacktestEngine: [2024-07-15 14:00] ENTRY USDJPY LONG @ 158.11373 SL=157.47200 TP=159.07700 (ticket=62)
15:07:05 INFO  Backtest: [EXIT-SL] USDJPY LONG entry=158.11639 exit=157.47200 pnl=-854.49 (-1.02R) bars_held=4 (ticket=62)
15:07:07 INFO  BacktestEngine: [2024-07-16 07:00] ENTRY USDJPY LONG @ 158.63650 SL=157.82800 TP=159.85000 (ticket=63)
15:07:08 INFO  Backtest: [STALE-SL] bar=1275 USDJPY long open 6.0h still losing (-0.37R) — SL tightened 157.82800→158.31851 (cap at 0.40R, atr_ratio=0.79, progress=0%) (ticket=63)
15:07:08 INFO  Backtest: [EXIT-SL] USDJPY LONG entry=158.63878 exit=158.31851 pnl=-343.20 (-0.41R) bars_held=7 (ticket=63)
15:07:10 INFO  BacktestEngine: [2024-07-17 08:00] ENTRY USDJPY SHORT @ 157.88694 SL=158.30000 TP=157.26800 (ticket=64)
  [USDJPY] 768/5122 bars (15%)
15:07:10 INFO  Backtest: [EXIT-TP] USDJPY SHORT entry=157.88492 exit=157.26800 pnl=+1025.64 (+1.48R) bars_held=1 (ticket=64)
15:07:10 INFO  BacktestEngine: [2024-07-17 12:00] ENTRY USDJPY SHORT @ 156.41344 SL=157.49700 TP=154.78900 (ticket=65)
15:07:11 INFO  Backtest: [EXIT-TIME-STOP] USDJPY SHORT entry=156.41430 exit=156.49900 pnl=-59.69 (-0.09R) (ticket=65)
15:07:11 INFO  BacktestEngine: [2024-07-17 20:00] ENTRY USDJPY SHORT @ 156.46250 SL=157.61400 TP=154.73500 (ticket=66)
15:07:12 INFO  Backtest: [EXIT-TIME-STOP] USDJPY SHORT entry=156.46379 exit=156.16800 pnl=+175.65 (+0.25R) (ticket=66)
15:07:12 INFO  BacktestEngine: [2024-07-18 02:00] ENTRY USDJPY SHORT @ 155.67612 SL=156.84700 TP=153.92000 (ticket=67)
15:07:13 INFO  Backtest: [EXIT-TIME-STOP] USDJPY SHORT entry=155.67336 exit=156.34100 pnl=-393.31 (-0.58R) (ticket=67)
15:07:13 INFO  BacktestEngine: [2024-07-18 07:00] ENTRY USDJPY LONG @ 156.34254 SL=155.57500 TP=157.70700 (ticket=68)
15:07:15 INFO  Backtest: [PARTIAL-TP1] bar=1328 USDJPY long closed 20% @ 157.14500 (+1R) SL: 155.57500→156.22743 (BE+15%R) rem_qty=0.92 rem_risk=$642.49 (ticket=68)
15:07:16 INFO  Backtest: [EXIT-TIME-STOP] USDJPY LONG entry=156.34257 exit=157.35800 pnl=+843.68 (+1.31R) (ticket=68)
15:07:16 INFO  BacktestEngine: [2024-07-19 00:00] ENTRY USDJPY LONG @ 157.35950 SL=156.78600 TP=158.22000 (ticket=69)
15:07:17 INFO  Backtest: [STALE-SL] bar=1342 USDJPY long open 8.0h still losing (-0.14R) — SL tightened 156.78600→157.12863 (cap at 0.39R, atr_ratio=0.84, progress=17%) (ticket=69)
15:07:17 INFO  Backtest: [EXIT-SL] USDJPY LONG entry=157.34965 exit=157.12863 pnl=-318.43 (-0.40R) bars_held=9 (ticket=69)
15:07:17 INFO  BacktestEngine: [2024-07-19 10:00] ENTRY USDJPY LONG @ 157.32217 SL=156.65800 TP=158.31800 (ticket=70)
15:07:18 INFO  Backtest: [STALE-WIN] bar=1350 USDJPY long open 6.0h, profit stalling (now +0.03R, peak +0.53R) — SL→BE 156.65800→157.22023 (ticket=70)
15:07:20 INFO  BacktestEngine: [2024-07-22 11:00] ENTRY USDJPY SHORT @ 156.79524 SL=157.59300 TP=155.59900 (ticket=71)
15:07:21 INFO  Backtest: [EXIT-TIME-STOP] USDJPY SHORT entry=156.79815 exit=156.86500 pnl=-55.62 (-0.09R) (ticket=71)
15:07:21 INFO  BacktestEngine: [2024-07-22 18:00] ENTRY USDJPY LONG @ 157.08850 SL=156.48200 TP=157.99800 (ticket=72)
15:07:22 INFO  Backtest: [STALE-SL] bar=1382 USDJPY long open 6.0h still losing (-0.08R) — SL tightened 156.48200→156.87881 (cap at 0.34R, atr_ratio=0.69, progress=0%) (ticket=72)
15:07:22 INFO  Backtest: [STALE-SL] bar=1383 USDJPY long open 7.0h still losing (-0.30R) — SL tightened 156.87881→156.89557 (cap at 0.31R, atr_ratio=0.65, progress=8%) (ticket=72)
15:07:22 INFO  Backtest: [EXIT-SL] USDJPY LONG entry=157.08559 exit=156.89557 pnl=-228.50 (-0.33R) bars_held=8 (ticket=72)
15:07:23 INFO  BacktestEngine: [2024-07-23 07:00] ENTRY USDJPY SHORT @ 156.30650 SL=157.12900 TP=155.07200 (ticket=74)
15:07:24 INFO  Backtest: [EXIT-TIME-STOP] USDJPY SHORT entry=156.30621 exit=155.94300 pnl=+265.29 (+0.43R) (ticket=74)
15:07:24 INFO  BacktestEngine: [2024-07-23 12:00] ENTRY USDJPY SHORT @ 155.94150 SL=156.90900 TP=154.49000 (ticket=75)
15:07:24 INFO  Backtest: [EXIT-TIME-STOP] USDJPY SHORT entry=155.95114 exit=155.97900 pnl=-22.64 (-0.04R) (ticket=75)
15:07:25 INFO  BacktestEngine: [2024-07-23 22:00] ENTRY USDJPY SHORT @ 155.63650 SL=156.46900 TP=154.38800 (ticket=76)
15:07:26 INFO  Backtest: [EXIT-TIME-STOP] USDJPY SHORT entry=155.63533 exit=155.82600 pnl=-146.21 (-0.24R) (ticket=76)
15:07:27 INFO  BacktestEngine: [2024-07-24 07:00] ENTRY USDJPY SHORT @ 154.60548 SL=155.53500 TP=153.21100 (ticket=80)
15:07:27 INFO  Backtest: [EXIT-TIME-STOP] USDJPY SHORT entry=154.60582 exit=154.77500 pnl=-140.03 (-0.19R) (ticket=80)
15:07:28 INFO  BacktestEngine: [2024-07-24 16:00] ENTRY USDJPY SHORT @ 153.43363 SL=154.73300 TP=151.48400 (ticket=83)
15:07:28 INFO  Backtest: [EXIT-TIME-STOP] USDJPY SHORT entry=153.45010 exit=154.00100 pnl=-315.16 (-0.43R) (ticket=83)
15:07:29 INFO  BacktestEngine: [2024-07-25 04:00] ENTRY USDJPY SHORT @ 152.85243 SL=154.19800 TP=150.83400 (ticket=84)
15:07:30 INFO  Backtest: [EXIT-TIME-STOP] USDJPY SHORT entry=152.86008 exit=152.84900 pnl=+1.69 (+0.00R) (ticket=84)
15:07:31 INFO  BacktestEngine: [2024-07-25 12:00] ENTRY USDJPY SHORT @ 152.30647 SL=153.91700 TP=149.89000 (ticket=85)
15:07:31 INFO  Backtest: [EXIT-CT_MID_FLIPPED_AGAINST] USDJPY SHORT entry=152.30800 exit=153.52000 pnl=-510.56 (-0.76R) (ticket=85)
15:07:31 INFO  BacktestEngine: [2024-07-25 15:00] ENTRY USDJPY LONG @ 153.52340 SL=152.38400 TP=155.55000 (ticket=86)
15:07:33 INFO  Backtest: [STALE-WIN] bar=1457 USDJPY long open 12.0h, profit stalling (now +0.07R, peak +0.47R) — SL→BE 152.38400→153.33720 (ticket=86)
15:07:34 INFO  Backtest: [EXIT-TIME-STOP] USDJPY LONG entry=153.50541 exit=153.64200 pnl=+89.15 (+0.11R) (ticket=86)
  [USDJPY] 1024/5122 bars (20%)
15:08:07 INFO  BacktestEngine: [2024-08-09 06:00] ENTRY USDJPY LONG @ 147.22178 SL=146.23500 TP=148.97600 (ticket=87)
15:08:07 INFO  Backtest: [STALE-SL] bar=1706 USDJPY long open 6.0h still losing (-0.08R) — SL tightened 146.23500→146.72851 (cap at 0.50R, atr_ratio=1.00, progress=0%) (ticket=87)
15:08:08 INFO  Backtest: [STALE-SL] bar=1707 USDJPY long open 7.0h still losing (-0.21R) — SL tightened 146.72851→146.74496 (cap at 0.48R, atr_ratio=1.00, progress=8%) (ticket=87)
15:08:08 INFO  Backtest: [EXIT-SL] USDJPY LONG entry=147.22203 exit=146.74496 pnl=-405.84 (-0.49R) bars_held=8 (ticket=87)
  [USDJPY] 1280/5122 bars (25%)
15:08:25 INFO  BacktestEngine: [2024-08-19 07:00] ENTRY USDJPY SHORT @ 146.18355 SL=147.47600 TP=144.24400 (ticket=88)
15:08:25 INFO  Backtest: [STALE-WIN] bar=1851 USDJPY short open 6.0h, profit stalling (now +0.12R, peak +0.59R) — SL→BE 147.47600→146.37962 (ticket=88)
15:08:26 INFO  Backtest: [EXIT-SL] USDJPY SHORT entry=146.18614 exit=146.37962 pnl=-102.52 (-0.16R) bars_held=8 (ticket=88)
15:08:28 INFO  BacktestEngine: [2024-08-20 13:00] ENTRY USDJPY SHORT @ 146.44550 SL=147.28400 TP=145.18800 (ticket=89)
15:08:29 INFO  Backtest: [PARTIAL-TP1] bar=1878 USDJPY short closed 20% @ 145.59800 (+1R) SL: 147.28400→146.57353 (BE+15%R) rem_qty=0.68 rem_risk=$518.69 (ticket=89)
15:08:29 INFO  Backtest: [EXIT-TP] USDJPY SHORT entry=146.44816 exit=145.18800 pnl=+775.02 (+1.49R) bars_held=10 (ticket=89)
15:08:30 INFO  BacktestEngine: [2024-08-21 00:00] ENTRY USDJPY SHORT @ 145.14150 SL=146.20600 TP=143.54400 (ticket=90)
15:08:30 INFO  Backtest: [STALE-SL] bar=1892 USDJPY short open 6.0h still losing (-0.51R) — SL tightened 146.20600→145.66125 (cap at 0.50R, atr_ratio=1.00, progress=0%) (ticket=90)
15:08:30 INFO  Backtest: [EXIT-SL] USDJPY SHORT entry=145.11650 exit=145.66125 pnl=-336.82 (-0.52R) bars_held=7 (ticket=90)
15:08:32 INFO  BacktestEngine: [2024-08-21 16:00] ENTRY USDJPY SHORT @ 145.73350 SL=146.41700 TP=144.70800 (ticket=91)
15:08:32 INFO  Backtest: [EXIT-SL] USDJPY SHORT entry=145.73973 exit=146.41700 pnl=-648.25 (-1.00R) bars_held=0 (ticket=91)
15:08:32 INFO  BacktestEngine: [2024-08-22 00:00] ENTRY USDJPY SHORT @ 145.17450 SL=146.31800 TP=143.45900 (ticket=95)
15:08:33 INFO  Backtest: [STALE-SL] bar=1917 USDJPY short open 7.0h still losing (-0.11R) — SL tightened 146.31800→145.65989 (cap at 0.44R, atr_ratio=0.91, progress=8%) (ticket=95)
15:08:33 INFO  Backtest: [STALE-SL] bar=1918 USDJPY short open 8.0h still losing (-0.20R) — SL tightened 145.65989→145.61023 (cap at 0.40R, atr_ratio=0.85, progress=17%) (ticket=95)
15:08:34 INFO  Backtest: [STALE-SL] bar=1919 USDJPY short open 9.0h still losing (-0.08R) — SL tightened 145.61023→145.59813 (cap at 0.39R, atr_ratio=0.86, progress=25%) (ticket=95)
15:08:34 INFO  Backtest: [EXIT-SL] USDJPY SHORT entry=145.14653 exit=145.59813 pnl=-296.75 (-0.40R) bars_held=10 (ticket=95)
15:08:34 INFO  BacktestEngine: [2024-08-22 16:00] ENTRY USDJPY LONG @ 146.28188 SL=145.42200 TP=147.57200 (ticket=96)
15:08:35 INFO  Backtest: [EXIT-TIME-STOP] USDJPY LONG entry=146.28013 exit=146.21800 pnl=-69.89 (-0.08R) (ticket=96)
15:08:36 INFO  BacktestEngine: [2024-08-23 02:00] ENTRY USDJPY SHORT @ 146.21050 SL=146.85800 TP=145.23900 (ticket=98)
15:08:36 INFO  Backtest: [PARTIAL-TP1] bar=1937 USDJPY short closed 20% @ 145.48300 (+1R) SL: 146.85800→146.30601 (BE+15%R) rem_qty=0.94 rem_risk=$556.17 (ticket=98)
15:08:38 INFO  Backtest: [EXIT-SL] USDJPY SHORT entry=146.20860 exit=146.30601 pnl=-90.29 (-0.16R) bars_held=13 (ticket=98)
15:08:38 INFO  BacktestEngine: [2024-08-26 00:00] ENTRY USDJPY SHORT @ 144.02750 SL=145.31200 TP=142.10100 (ticket=101)
15:08:39 INFO  Backtest: [STALE-SL] bar=1965 USDJPY short open 7.0h still losing (-0.01R) — SL tightened 145.31200→144.65600 (cap at 0.48R, atr_ratio=1.00, progress=8%) (ticket=101)
15:08:40 INFO  Backtest: [STALE-SL] bar=1971 USDJPY short open 13.0h still losing (-0.07R) — SL tightened 144.65600→144.48812 (cap at 0.35R, atr_ratio=0.92, progress=58%) (ticket=101)
15:08:40 INFO  Backtest: [STALE-SL] bar=1973 USDJPY short open 15.0h still losing (-0.29R) — SL tightened 144.48812→144.44367 (cap at 0.32R, atr_ratio=0.90, progress=75%) (ticket=101)
15:08:40 INFO  Backtest: [EXIT-SL] USDJPY SHORT entry=144.04232 exit=144.44367 pnl=-219.62 (-0.32R) bars_held=16 (ticket=101)
15:08:43 INFO  BacktestEngine: [2024-08-27 13:00] ENTRY USDJPY SHORT @ 144.77750 SL=145.70900 TP=143.38000 (ticket=102)
15:08:45 INFO  Backtest: [STALE-WIN] bar=2009 USDJPY short open 14.0h, profit stalling (now +0.44R, peak +0.97R) — SL→BE 145.70900→144.91462 (ticket=102)
15:08:46 INFO  Backtest: [EXIT-TIME-STOP] USDJPY SHORT entry=144.77443 exit=144.41200 pnl=+255.02 (+0.38R) (ticket=102)
15:08:47 INFO  BacktestEngine: [2024-08-29 00:00] ENTRY USDJPY SHORT @ 144.43450 SL=145.00900 TP=143.57300 (ticket=103)
15:08:48 INFO  Backtest: [STALE-SL] bar=2036 USDJPY short open 6.0h still losing (-0.41R) — SL tightened 145.00900→144.69824 (cap at 0.45R, atr_ratio=0.91, progress=0%) (ticket=103)
15:08:48 INFO  Backtest: [EXIT-SL] USDJPY SHORT entry=144.44084 exit=144.69824 pnl=-303.96 (-0.46R) bars_held=7 (ticket=103)
15:08:49 INFO  BacktestEngine: [2024-08-29 09:00] ENTRY USDJPY SHORT @ 144.58050 SL=145.14300 TP=143.73700 (ticket=104)
15:08:49 INFO  Backtest: [EXIT-SL] USDJPY SHORT entry=144.54893 exit=145.14300 pnl=-700.94 (-1.07R) bars_held=5 (ticket=104)
15:08:49 INFO  BacktestEngine: [2024-08-29 20:00] ENTRY USDJPY SHORT @ 144.85250 SL=145.49400 TP=143.89000 (ticket=105)
15:08:51 INFO  Backtest: [STALE-SL] bar=2061 USDJPY short open 11.0h still losing (-0.02R) — SL tightened 145.49400→145.00697 (cap at 0.25R, atr_ratio=0.59, progress=42%) (ticket=105)
15:08:51 INFO  Backtest: [EXIT-SL] USDJPY SHORT entry=144.84810 exit=145.00697 pnl=-169.76 (-0.26R) bars_held=12 (ticket=105)
  [USDJPY] 1536/5122 bars (30%)
15:08:51 INFO  BacktestEngine: [2024-08-30 13:00] ENTRY USDJPY LONG @ 145.30068 SL=144.67600 TP=146.23700 (ticket=107)
15:08:52 INFO  Backtest: [EXIT-TIME-STOP] USDJPY LONG entry=145.30271 exit=145.95400 pnl=+831.66 (+1.03R) (ticket=107)
15:08:52 INFO  BacktestEngine: [2024-08-30 18:00] ENTRY USDJPY LONG @ 145.95681 SL=145.06600 TP=147.29200 (ticket=108)
15:08:59 INFO  BacktestEngine: [2024-09-04 06:00] ENTRY USDJPY SHORT @ 145.31050 SL=146.32400 TP=143.79100 (ticket=109)
15:09:01 INFO  Backtest: [PARTIAL-TP1] bar=2142 USDJPY short closed 20% @ 144.11800 (+1R) SL: 146.32400→145.46232 (BE+15%R) rem_qty=0.57 rem_risk=$523.61 (ticket=109)
15:09:02 INFO  Backtest: [EXIT-TP] USDJPY SHORT entry=145.31026 exit=143.79100 pnl=+781.30 (+1.49R) bars_held=16 (ticket=109)
15:09:02 INFO  BacktestEngine: [2024-09-05 00:00] ENTRY USDJPY SHORT @ 143.63550 SL=144.65300 TP=142.10900 (ticket=110)
15:09:03 INFO  Backtest: [STALE-WIN] bar=2159 USDJPY short open 9.0h, profit stalling (now +0.03R, peak +0.40R) — SL→BE 144.65300→143.78912 (ticket=110)
15:09:03 INFO  Backtest: [EXIT-SL] USDJPY SHORT entry=143.63667 exit=143.78912 pnl=-100.55 (-0.16R) bars_held=16 (ticket=110)
15:09:03 INFO  BacktestEngine: [2024-09-05 20:00] ENTRY USDJPY SHORT @ 143.34650 SL=144.16600 TP=142.11700 (ticket=111)
15:09:05 INFO  Backtest: [PARTIAL-TP1] bar=2182 USDJPY short closed 20% @ 142.39000 (+1R) SL: 144.16600→143.46161 (BE+15%R) rem_qty=0.68 rem_risk=$507.32 (ticket=111)
15:09:05 INFO  Backtest: [EXIT-TP] USDJPY SHORT entry=143.33731 exit=142.11700 pnl=+750.37 (+1.48R) bars_held=13 (ticket=111)
15:09:05 INFO  BacktestEngine: [2024-09-06 10:00] ENTRY USDJPY SHORT @ 142.51589 SL=143.59200 TP=140.90200 (ticket=112)
15:09:06 INFO  Backtest: [EXIT-SL] USDJPY SHORT entry=142.52296 exit=143.59200 pnl=-676.08 (-1.00R) bars_held=4 (ticket=112)
15:09:06 INFO  BacktestEngine: [2024-09-06 17:00] ENTRY USDJPY SHORT @ 142.43380 SL=144.03600 TP=140.03000 (ticket=113)
15:09:06 INFO  BacktestEngine: [2024-09-09 00:00] ENTRY USDJPY SHORT @ 142.11350 SL=143.75900 TP=139.64600 (ticket=114)
15:09:07 INFO  Backtest: [STALE-SL] bar=2204 USDJPY short open 6.0h still losing (-0.52R) — SL tightened 143.75900→142.73146 (cap at 0.38R, atr_ratio=0.75, progress=0%) (ticket=114)
15:09:07 INFO  Backtest: [EXIT-SL] USDJPY SHORT entry=142.11183 exit=142.73146 pnl=-256.89 (-0.38R) bars_held=7 (ticket=114)
15:09:07 INFO  BacktestEngine: [2024-09-09 09:00] ENTRY USDJPY LONG @ 143.00150 SL=142.10400 TP=144.34800 (ticket=115)
15:09:08 INFO  Backtest: [EXIT-TIME-STOP] USDJPY LONG entry=143.01039 exit=143.60800 pnl=+520.72 (+0.66R) (ticket=115)
15:09:08 INFO  BacktestEngine: [2024-09-09 14:00] ENTRY USDJPY LONG @ 143.60950 SL=142.77500 TP=145.09300 (ticket=116)
15:09:08 INFO  Backtest: [EXIT-SL] USDJPY LONG entry=143.59533 exit=142.77500 pnl=-791.18 (-0.99R) bars_held=1 (ticket=116)
15:09:08 INFO  BacktestEngine: [2024-09-09 17:00] ENTRY USDJPY SHORT @ 142.73850 SL=144.00200 TP=140.84300 (ticket=117)
15:09:09 INFO  Backtest: [STALE-SL] bar=2221 USDJPY short open 6.0h still losing (-0.31R) — SL tightened 144.00200→143.27464 (cap at 0.43R, atr_ratio=0.86, progress=0%) (ticket=117)
15:09:09 INFO  Backtest: [STALE-SL] bar=2222 USDJPY short open 7.0h still losing (-0.25R) — SL tightened 143.27464→143.22387 (cap at 0.39R, atr_ratio=0.80, progress=8%) (ticket=117)
15:09:09 INFO  Backtest: [EXIT-SL] USDJPY SHORT entry=142.72909 exit=143.22387 pnl=-269.78 (-0.40R) bars_held=8 (ticket=117)
15:09:11 INFO  BacktestEngine: [2024-09-10 13:00] ENTRY USDJPY SHORT @ 143.03747 SL=143.67800 TP=142.07700 (ticket=118)
15:09:12 INFO  Backtest: [PARTIAL-TP1] bar=2239 USDJPY short closed 20% @ 142.28700 (+1R) SL: 143.67800→143.13762 (BE+15%R) rem_qty=0.89 rem_risk=$517.21 (ticket=118)
15:09:13 INFO  Backtest: [EXIT-TP] USDJPY SHORT entry=143.04226 exit=142.07700 pnl=+773.79 (+1.50R) bars_held=13 (ticket=118)
15:09:13 INFO  BacktestEngine: [2024-09-11 03:00] ENTRY USDJPY SHORT @ 142.28647 SL=143.20300 TP=140.91200 (ticket=119)
15:09:13 INFO  Backtest: [EXIT-TP] USDJPY SHORT entry=142.28529 exit=140.91200 pnl=+1031.43 (+1.49R) bars_held=3 (ticket=119)
15:09:14 INFO  BacktestEngine: [2024-09-11 07:00] ENTRY USDJPY SHORT @ 141.08581 SL=142.31400 TP=139.24300 (ticket=120)
15:09:15 INFO  Backtest: [STALE-SL] bar=2259 USDJPY short open 6.0h still losing (-0.49R) — SL tightened 142.31400→141.69762 (cap at 0.50R, atr_ratio=1.00, progress=0%) (ticket=120)
15:09:15 INFO  Backtest: [EXIT-SL] USDJPY SHORT entry=141.08124 exit=141.69762 pnl=-357.78 (-0.51R) bars_held=7 (ticket=120)
15:09:21 INFO  BacktestEngine: [2024-09-13 06:00] ENTRY USDJPY SHORT @ 140.97750 SL=142.19800 TP=139.14700 (ticket=121)
15:09:23 INFO  Backtest: [STALE-WIN] bar=2312 USDJPY short open 12.0h, profit stalling (now +0.14R, peak +0.51R) — SL→BE 142.19800→141.16041 (ticket=121)
  [USDJPY] 1792/5122 bars (35%)
15:09:24 INFO  BacktestEngine: [2024-09-16 05:00] ENTRY USDJPY SHORT @ 140.53650 SL=141.19000 TP=139.55600 (ticket=122)
15:09:25 INFO  Backtest: [PARTIAL-TP1] bar=2326 USDJPY short closed 20% @ 139.85000 (+1R) SL: 141.19000→140.63398 (BE+15%R) rem_qty=0.94 rem_risk=$561.29 (ticket=122)
15:09:26 INFO  Backtest: [EXIT-SL] USDJPY SHORT entry=140.53585 exit=140.63398 pnl=-90.90 (-0.16R) bars_held=11 (ticket=122)
15:09:27 INFO  BacktestEngine: [2024-09-16 20:00] ENTRY USDJPY LONG @ 140.67850 SL=139.94200 TP=141.78400 (ticket=123)
15:09:28 INFO  Backtest: [EXIT-TIME-STOP] USDJPY LONG entry=140.67385 exit=140.86500 pnl=+205.34 (+0.25R) (ticket=123)
15:09:33 INFO  BacktestEngine: [2024-09-17 20:00] ENTRY USDJPY LONG @ 141.90550 SL=141.17000 TP=143.15700 (ticket=124)
15:09:34 INFO  Backtest: [EXIT-TIME-STOP] USDJPY LONG entry=141.90509 exit=142.04400 pnl=+137.31 (+0.18R) (ticket=124)
15:09:35 INFO  BacktestEngine: [2024-09-18 06:00] ENTRY USDJPY SHORT @ 141.38950 SL=142.05100 TP=140.39700 (ticket=125)
15:09:37 INFO  Backtest: [STALE-SL] bar=2378 USDJPY short open 6.0h still losing (-0.33R) — SL tightened 142.05100→141.71433 (cap at 0.49R, atr_ratio=0.98, progress=0%) (ticket=125)
15:09:37 INFO  Backtest: [EXIT-SL] USDJPY SHORT entry=141.38780 exit=141.71433 pnl=-322.39 (-0.51R) bars_held=7 (ticket=125)
15:09:47 INFO  BacktestEngine: [2024-09-23 10:00] ENTRY USDJPY SHORT @ 143.66402 SL=144.41100 TP=142.54400 (ticket=126)
15:09:48 INFO  Backtest: [STALE-SL] bar=2454 USDJPY short open 6.0h still losing (-0.14R) — SL tightened 144.41100→144.03845 (cap at 0.50R, atr_ratio=1.00, progress=0%) (ticket=126)
15:09:49 INFO  Backtest: [STALE-WIN] bar=2460 USDJPY short open 12.0h, profit stalling (now +0.11R, peak +0.47R) — SL→BE 144.03845→143.77766 (ticket=126)
15:09:50 INFO  Backtest: [EXIT-SL] USDJPY SHORT entry=143.66590 exit=143.77766 pnl=-114.14 (-0.16R) bars_held=15 (ticket=126)
15:09:52 INFO  BacktestEngine: [2024-09-24 18:00] ENTRY USDJPY SHORT @ 143.77350 SL=144.55900 TP=142.59500 (ticket=127)
15:09:53 INFO  Backtest: [PARTIAL-TP1] bar=2487 USDJPY short closed 20% @ 142.94800 (+1R) SL: 144.55900→143.88992 (BE+15%R) rem_qty=0.79 rem_risk=$566.23 (ticket=127)
15:09:54 INFO  Backtest: [EXIT-SL] USDJPY SHORT entry=143.77185 exit=143.88992 pnl=-90.64 (-0.16R) bars_held=15 (ticket=127)
15:09:56 INFO  BacktestEngine: [2024-09-26 00:00] ENTRY USDJPY LONG @ 144.69050 SL=143.83600 TP=145.97200 (ticket=128)
15:09:57 INFO  Backtest: [EXIT-TIME-STOP] USDJPY LONG entry=144.66753 exit=144.83400 pnl=+150.27 (+0.19R) (ticket=128)
15:09:58 INFO  BacktestEngine: [2024-09-26 07:00] ENTRY USDJPY SHORT @ 144.68773 SL=145.25900 TP=143.83100 (ticket=129)
15:09:59 INFO  Backtest: [STALE-WIN] bar=2524 USDJPY short open 7.0h, profit stalling (now +0.22R, peak +0.92R) — SL→BE 145.25900→144.77428 (ticket=129)
15:09:59 INFO  Backtest: [EXIT-SL] USDJPY SHORT entry=144.68874 exit=144.77428 pnl=-111.99 (-0.16R) bars_held=9 (ticket=129)
15:10:00 INFO  BacktestEngine: [2024-09-27 02:00] ENTRY USDJPY LONG @ 145.08450 SL=144.37400 TP=146.15000 (ticket=130)
15:10:01 INFO  Backtest: [EXIT-TIME-STOP] USDJPY LONG entry=145.06177 exit=145.79400 pnl=+771.41 (+1.02R) (ticket=130)
15:10:01 INFO  BacktestEngine: [2024-09-27 07:00] ENTRY USDJPY LONG @ 145.79672 SL=144.66500 TP=147.49500 (ticket=131)
15:10:01 INFO  Backtest: [EXIT-SL] USDJPY LONG entry=145.78639 exit=144.66500 pnl=-760.33 (-1.00R) bars_held=1 (ticket=131)
15:10:01 INFO  BacktestEngine: [2024-09-27 10:00] ENTRY USDJPY SHORT @ 143.18809 SL=144.48400 TP=141.24400 (ticket=132)
15:10:02 INFO  BacktestEngine: [2024-09-30 00:00] ENTRY USDJPY SHORT @ 142.25250 SL=143.80700 TP=139.92000 (ticket=133)
15:10:04 INFO  Backtest: [STALE-SL] bar=2567 USDJPY short open 9.0h still losing (-0.07R) — SL tightened 143.80700→142.81755 (cap at 0.36R, atr_ratio=0.81, progress=25%) (ticket=133)
15:10:04 INFO  Backtest: [STALE-SL] bar=2569 USDJPY short open 11.0h still losing (-0.18R) — SL tightened 142.81755→142.78625 (cap at 0.34R, atr_ratio=0.83, progress=42%) (ticket=133)
15:10:04 INFO  Backtest: [EXIT-SL] USDJPY SHORT entry=142.25096 exit=142.78625 pnl=-207.53 (-0.35R) bars_held=12 (ticket=133)
  [USDJPY] 2048/5122 bars (40%)
15:10:05 INFO  BacktestEngine: [2024-09-30 21:00] ENTRY USDJPY LONG @ 143.68863 SL=142.32700 TP=145.73100 (ticket=134)
15:10:06 INFO  Backtest: [EXIT-TIME-STOP] USDJPY LONG entry=143.68237 exit=143.71400 pnl=+12.42 (+0.02R) (ticket=134)
15:10:06 INFO  BacktestEngine: [2024-10-01 03:00] ENTRY USDJPY LONG @ 143.96510 SL=142.77500 TP=145.75100 (ticket=135)
15:10:07 INFO  Backtest: [EXIT-TIME-STOP] USDJPY LONG entry=143.96645 exit=144.25900 pnl=+186.64 (+0.24R) (ticket=135)
15:10:07 INFO  BacktestEngine: [2024-10-01 08:00] ENTRY USDJPY LONG @ 144.26050 SL=143.52300 TP=145.57100 (ticket=136)
15:10:08 INFO  Backtest: [EXIT-TIME-STOP] USDJPY LONG entry=144.27322 exit=143.73800 pnl=-573.10 (-0.74R) (ticket=136)
15:10:08 INFO  BacktestEngine: [2024-10-01 13:00] ENTRY USDJPY SHORT @ 143.73650 SL=144.46900 TP=142.63800 (ticket=137)
15:10:08 INFO  Backtest: [STALE-SL] bar=2601 USDJPY short open 6.0h still losing (-0.11R) — SL tightened 144.46900→144.10069 (cap at 0.50R, atr_ratio=1.00, progress=0%) (ticket=137)
15:10:09 INFO  Backtest: [STALE-SL] bar=2608 USDJPY short open 13.0h still losing (-0.11R) — SL tightened 144.10069→144.01475 (cap at 0.38R, atr_ratio=1.00, progress=58%) (ticket=137)
15:10:09 INFO  Backtest: [STALE-SL] bar=2609 USDJPY short open 14.0h still losing (-0.23R) — SL tightened 144.01475→144.00247 (cap at 0.37R, atr_ratio=1.00, progress=67%) (ticket=137)
15:10:09 INFO  Backtest: [EXIT-SL] USDJPY SHORT entry=143.73237 exit=144.00247 pnl=-250.26 (-0.38R) bars_held=15 (ticket=137)
15:10:11 INFO  BacktestEngine: [2024-10-02 15:00] ENTRY USDJPY LONG @ 145.37142 SL=144.40800 TP=146.81600 (ticket=138)
15:10:12 INFO  Backtest: [EXIT-TIME-STOP] USDJPY LONG entry=145.37047 exit=146.17000 pnl=+677.34 (+0.82R) (ticket=138)
15:10:12 INFO  BacktestEngine: [2024-10-02 20:00] ENTRY USDJPY LONG @ 146.17150 SL=144.86200 TP=148.13600 (ticket=139)
15:10:13 INFO  Backtest: [EXIT-TIME-STOP] USDJPY LONG entry=146.16706 exit=146.59100 pnl=+265.15 (+0.32R) (ticket=139)
15:10:13 INFO  BacktestEngine: [2024-10-03 02:00] ENTRY USDJPY LONG @ 146.57650 SL=145.37000 TP=148.38700 (ticket=140)
15:10:14 INFO  Backtest: [EXIT-TIME-STOP] USDJPY LONG entry=146.57079 exit=146.72200 pnl=+95.34 (+0.12R) (ticket=140)
15:10:14 INFO  BacktestEngine: [2024-10-03 08:00] ENTRY USDJPY SHORT @ 146.55450 SL=147.31000 TP=145.21200 (ticket=141)
15:10:15 INFO  Backtest: [STALE-SL] bar=2644 USDJPY short open 6.0h still losing (-0.29R) — SL tightened 147.31000→146.93129 (cap at 0.50R, atr_ratio=1.00, progress=0%) (ticket=141)
15:10:16 INFO  Backtest: [STALE-SL] bar=2645 USDJPY short open 7.0h still losing (-0.09R) — SL tightened 146.93129→146.91867 (cap at 0.48R, atr_ratio=1.00, progress=8%) (ticket=141)
15:10:16 INFO  Backtest: [EXIT-SL] USDJPY SHORT entry=146.55259 exit=146.91867 pnl=-336.73 (-0.49R) bars_held=8 (ticket=141)
  [USDJPY] 2304/5122 bars (45%)
15:10:56 INFO  BacktestEngine: [2024-10-23 06:00] ENTRY USDJPY LONG @ 151.74550 SL=151.09100 TP=152.72700 (ticket=142)
15:10:57 INFO  Backtest: [PARTIAL-TP1] bar=2976 USDJPY long closed 20% @ 152.41600 (+1R) SL: 151.09100→151.64648 (BE+15%R) rem_qty=1.10 rem_risk=$657.30 (ticket=142)
15:10:57 INFO  Backtest: [EXIT-TP] USDJPY LONG entry=151.74451 exit=152.72700 pnl=+979.32 (+1.49R) bars_held=5 (ticket=142)
15:10:57 INFO  BacktestEngine: [2024-10-23 12:00] ENTRY USDJPY LONG @ 152.72559 SL=151.93300 TP=153.91400 (ticket=143)
15:10:58 INFO  Backtest: [STALE-WIN] bar=2985 USDJPY long open 7.0h, profit stalling (now +0.06R, peak +0.44R) — SL→BE 151.93300→152.60445 (ticket=143)
15:10:58 INFO  Backtest: [EXIT-SL] USDJPY LONG entry=152.72294 exit=152.60445 pnl=-132.05 (-0.16R) bars_held=8 (ticket=143)
15:11:05 INFO  BacktestEngine: [2024-10-25 19:00] ENTRY USDJPY LONG @ 152.19950 SL=151.52400 TP=153.21200 (ticket=144)
  [USDJPY] 2560/5122 bars (50%)
15:11:21 INFO  BacktestEngine: [2024-11-04 03:00] ENTRY USDJPY SHORT @ 151.78630 SL=152.91500 TP=150.09400 (ticket=145)
15:11:21 INFO  Backtest: [EXIT-TIME-STOP] USDJPY SHORT entry=151.78194 exit=152.14600 pnl=-213.12 (-0.33R) (ticket=145)
15:11:22 INFO  BacktestEngine: [2024-11-04 13:00] ENTRY USDJPY SHORT @ 151.54934 SL=152.54100 TP=150.06300 (ticket=148)
15:11:23 INFO  Backtest: [EXIT-TIME-STOP] USDJPY SHORT entry=151.55413 exit=152.02100 pnl=-310.94 (-0.48R) (ticket=148)
15:11:24 INFO  BacktestEngine: [2024-11-04 22:00] ENTRY USDJPY LONG @ 152.14950 SL=151.57300 TP=153.01400 (ticket=152)
15:11:26 INFO  Backtest: [STALE-WIN] bar=3189 USDJPY long open 10.0h, profit stalling (now +0.20R, peak +0.54R) — SL→BE 151.57300→152.06616 (ticket=152)
15:11:26 INFO  Backtest: [EXIT-SL] USDJPY LONG entry=152.15319 exit=152.06616 pnl=-124.12 (-0.16R) bars_held=16 (ticket=152)
15:11:28 INFO  BacktestEngine: [2024-11-06 03:00] ENTRY USDJPY LONG @ 152.92685 SL=151.83100 TP=154.57000 (ticket=153)
15:11:28 INFO  Backtest: [PARTIAL-TP1] bar=3208 USDJPY long closed 20% @ 154.05000 (+1R) SL: 151.83100→152.76390 (BE+15%R) rem_qty=0.64 rem_risk=$637.96 (ticket=153)
15:11:30 INFO  Backtest: [EXIT-TP] USDJPY LONG entry=152.92853 exit=154.57000 pnl=+951.51 (+1.49R) bars_held=14 (ticket=153)
15:11:30 INFO  BacktestEngine: [2024-11-06 18:00] ENTRY USDJPY LONG @ 154.58450 SL=153.12800 TP=156.76900 (ticket=154)
15:11:31 INFO  Backtest: [STALE-SL] bar=3229 USDJPY long open 6.0h still losing (-0.19R) — SL tightened 153.12800→154.13721 (cap at 0.31R, atr_ratio=0.62, progress=0%) (ticket=154)
15:11:31 INFO  Backtest: [STALE-SL] bar=3232 USDJPY long open 9.0h still losing (-0.10R) — SL tightened 154.14133→154.15619 (cap at 0.30R, atr_ratio=0.66, progress=25%) (ticket=154)
15:11:31 INFO  Backtest: [STALE-SL] bar=3233 USDJPY long open 10.0h still losing (-0.18R) — SL tightened 154.15619→154.18647 (cap at 0.27R, atr_ratio=0.63, progress=33%) (ticket=154)
15:11:31 INFO  Backtest: [EXIT-SL] USDJPY LONG entry=154.58655 exit=154.18647 pnl=-226.36 (-0.28R) bars_held=11 (ticket=154)
15:11:33 INFO  BacktestEngine: [2024-11-07 16:00] ENTRY USDJPY SHORT @ 153.21955 SL=154.30800 TP=151.58700 (ticket=155)
15:11:33 INFO  Backtest: [EXIT-TIME-STOP] USDJPY SHORT entry=153.22064 exit=153.08400 pnl=+80.97 (+0.12R) (ticket=155)
15:11:33 INFO  BacktestEngine: [2024-11-07 22:00] ENTRY USDJPY SHORT @ 152.84879 SL=154.01200 TP=151.10400 (ticket=156)
15:11:34 INFO  Backtest: [EXIT-TIME-STOP] USDJPY SHORT entry=152.85369 exit=153.09500 pnl=-145.02 (-0.21R) (ticket=156)
15:11:34 INFO  BacktestEngine: [2024-11-08 10:00] ENTRY USDJPY SHORT @ 152.34479 SL=153.02500 TP=151.32500 (ticket=157)
15:11:35 INFO  Backtest: [EXIT-TIME-STOP] USDJPY SHORT entry=152.34581 exit=152.74000 pnl=-420.57 (-0.59R) (ticket=157)
15:11:36 INFO  BacktestEngine: [2024-11-08 19:00] ENTRY USDJPY LONG @ 152.65650 SL=151.97400 TP=153.68100 (ticket=159)
15:11:36 INFO  BacktestEngine: [2024-11-11 00:00] ENTRY USDJPY LONG @ 152.66250 SL=152.04800 TP=153.58400 (ticket=160)
15:11:37 INFO  Backtest: [PARTIAL-TP1] bar=3280 USDJPY long closed 20% @ 153.38800 (+1R) SL: 152.04800→152.59024 (BE+15%R) rem_qty=1.14 rem_risk=$639.77 (ticket=160)
15:11:37 INFO  Backtest: [EXIT-TP] USDJPY LONG entry=152.68593 exit=153.58400 pnl=+926.92 (+1.45R) bars_held=5 (ticket=160)
15:11:37 INFO  BacktestEngine: [2024-11-11 06:00] ENTRY USDJPY LONG @ 153.57450 SL=152.67200 TP=154.92800 (ticket=161)
15:11:40 INFO  Backtest: [EXIT-TIME-STOP] USDJPY LONG entry=153.57616 exit=153.70400 pnl=+107.15 (+0.13R) (ticket=161)
15:11:41 INFO  BacktestEngine: [2024-11-12 08:00] ENTRY USDJPY LONG @ 153.78478 SL=153.31200 TP=154.49300 (ticket=162)
15:11:42 INFO  Backtest: [PARTIAL-TP1] bar=3315 USDJPY long closed 20% @ 154.38100 (+1R) SL: 153.31200→153.71455 (BE+15%R) rem_qty=1.52 rem_risk=$653.30 (ticket=162)
15:11:42 INFO  Backtest: [EXIT-TP] USDJPY LONG entry=153.78559 exit=154.49300 pnl=+967.84 (+1.48R) bars_held=7 (ticket=162)
15:11:42 INFO  BacktestEngine: [2024-11-12 16:00] ENTRY USDJPY LONG @ 154.41550 SL=153.65700 TP=155.55400 (ticket=163)
15:11:43 INFO  Backtest: [STALE-WIN] bar=3324 USDJPY long open 7.0h, profit stalling (now +0.13R, peak +0.48R) — SL→BE 153.65700→154.30453 (ticket=163)
15:11:45 INFO  Backtest: [EXIT-TIME-STOP] USDJPY LONG entry=154.41880 exit=155.11200 pnl=+742.33 (+0.90R) (ticket=163)
15:11:45 INFO  BacktestEngine: [2024-11-13 09:00] ENTRY USDJPY LONG @ 155.11350 SL=154.45200 TP=156.10600 (ticket=164)
15:11:46 INFO  Backtest: [EXIT-SL] USDJPY LONG entry=155.11475 exit=154.45200 pnl=-829.74 (-1.01R) bars_held=5 (ticket=164)
15:11:46 INFO  BacktestEngine: [2024-11-13 17:00] ENTRY USDJPY LONG @ 154.98783 SL=154.38000 TP=155.89900 (ticket=165)
  [USDJPY] 2816/5122 bars (55%)
15:11:47 INFO  Backtest: [PARTIAL-TP1] bar=3350 USDJPY long closed 20% @ 155.72000 (+1R) SL: 154.38000→154.89673 (BE+15%R) rem_qty=1.18 rem_risk=$650.21 (ticket=165)
15:11:47 INFO  Backtest: [EXIT-TP] USDJPY LONG entry=154.98792 exit=155.89900 pnl=+966.77 (+1.49R) bars_held=9 (ticket=165)
15:11:48 INFO  BacktestEngine: [2024-11-14 03:00] ENTRY USDJPY LONG @ 155.86850 SL=155.01300 TP=157.15100 (ticket=166)
15:11:49 INFO  Backtest: [STALE-SL] bar=3364 USDJPY long open 12.0h still losing (-0.08R) — SL tightened 155.01300→155.57984 (cap at 0.34R, atr_ratio=0.84, progress=50%) (ticket=166)
15:11:50 INFO  Backtest: [EXIT-TIME-STOP] USDJPY LONG entry=155.86745 exit=155.89400 pnl=+19.39 (+0.02R) (ticket=166)
15:11:50 INFO  BacktestEngine: [2024-11-14 23:00] ENTRY USDJPY LONG @ 156.23850 SL=155.61900 TP=157.16800 (ticket=167)
15:11:51 INFO  Backtest: [STALE-WIN] bar=3378 USDJPY long open 6.0h, profit stalling (now +0.16R, peak +0.59R) — SL→BE 155.61900→156.16048 (ticket=167)
15:11:51 INFO  Backtest: [EXIT-SL] USDJPY LONG entry=156.25604 exit=156.16048 pnl=-147.51 (-0.17R) bars_held=8 (ticket=167)
15:11:52 INFO  BacktestEngine: [2024-11-15 12:00] ENTRY USDJPY SHORT @ 155.30050 SL=156.31400 TP=153.78100 (ticket=168)
15:11:52 INFO  Backtest: [EXIT-TIME-STOP] USDJPY SHORT entry=155.29945 exit=154.94800 pnl=+228.36 (+0.34R) (ticket=168)
15:11:52 INFO  BacktestEngine: [2024-11-15 17:00] ENTRY USDJPY SHORT @ 154.94470 SL=155.76100 TP=153.49400 (ticket=169)
15:11:53 INFO  BacktestEngine: [2024-11-18 01:00] ENTRY USDJPY LONG @ 154.64450 SL=153.83500 TP=156.08300 (ticket=170)
15:11:54 INFO  Backtest: [STALE-SL] bar=3404 USDJPY long open 6.0h still losing (-0.08R) — SL tightened 153.83500→154.24114 (cap at 0.50R, atr_ratio=1.00, progress=0%) (ticket=170)
15:11:54 INFO  Backtest: [STALE-SL] bar=3405 USDJPY long open 7.0h still losing (-0.10R) — SL tightened 154.24114→154.25468 (cap at 0.48R, atr_ratio=1.00, progress=8%) (ticket=170)
15:11:55 INFO  Backtest: [STALE-WIN] bar=3411 USDJPY long open 13.0h, profit stalling (now +0.32R, peak +0.76R) — SL→BE 154.25468→154.52543 (ticket=170)
15:11:55 INFO  Backtest: [EXIT-TIME-STOP] USDJPY LONG entry=154.64727 exit=154.79900 pnl=+140.25 (+0.18R) (ticket=170)
15:11:55 INFO  BacktestEngine: [2024-11-18 18:00] ENTRY USDJPY LONG @ 154.80050 SL=153.98500 TP=156.02300 (ticket=171)
15:11:56 INFO  Backtest: [STALE-SL] bar=3421 USDJPY long open 6.0h still losing (-0.22R) — SL tightened 153.98500→154.48351 (cap at 0.38R, atr_ratio=0.77, progress=0%) (ticket=171)
15:11:56 INFO  Backtest: [EXIT-SL] USDJPY LONG entry=154.79534 exit=154.48351 pnl=-308.21 (-0.39R) bars_held=7 (ticket=171)
15:11:57 INFO  BacktestEngine: [2024-11-19 03:00] ENTRY USDJPY SHORT @ 154.11269 SL=155.12000 TP=152.60200 (ticket=172)
15:11:57 INFO  Backtest: [EXIT-TIME-STOP] USDJPY SHORT entry=154.11181 exit=154.50900 pnl=-250.54 (-0.40R) (ticket=172)
15:11:58 INFO  BacktestEngine: [2024-11-19 13:00] ENTRY USDJPY LONG @ 154.08489 SL=153.22900 TP=155.60700 (ticket=176)
15:12:01 INFO  Backtest: [PARTIAL-TP1] bar=3449 USDJPY long closed 20% @ 154.95400 (+1R) SL: 153.22900→153.95456 (BE+15%R) rem_qty=0.76 rem_risk=$592.24 (ticket=176)
15:12:01 INFO  Backtest: [EXIT-TIME-STOP] USDJPY LONG entry=154.08260 exit=155.05400 pnl=+666.50 (+1.13R) (ticket=176)
15:12:01 INFO  BacktestEngine: [2024-11-20 07:00] ENTRY USDJPY LONG @ 155.18850 SL=154.45100 TP=156.29500 (ticket=177)
15:12:02 INFO  Backtest: [STALE-WIN] bar=3460 USDJPY long open 8.0h, profit stalling (now +0.56R, peak +0.88R) — SL→BE 154.45100→155.07732 (ticket=177)
15:12:02 INFO  Backtest: [EXIT-SL] USDJPY LONG entry=155.18785 exit=155.07732 pnl=-139.85 (-0.16R) bars_held=9 (ticket=177)
15:12:03 INFO  BacktestEngine: [2024-11-20 17:00] ENTRY USDJPY LONG @ 155.53157 SL=154.88100 TP=156.68800 (ticket=178)
15:12:04 INFO  Backtest: [STALE-SL] bar=3468 USDJPY long open 6.0h still losing (-0.29R) — SL tightened 154.88100→155.21139 (cap at 0.49R, atr_ratio=0.98, progress=0%) (ticket=178)
15:12:04 INFO  Backtest: [STALE-SL] bar=3469 USDJPY long open 7.0h still losing (-0.39R) — SL tightened 155.21139→155.22517 (cap at 0.47R, atr_ratio=0.97, progress=8%) (ticket=178)
15:12:04 INFO  Backtest: [EXIT-SL] USDJPY LONG entry=155.53045 exit=155.22517 pnl=-418.66 (-0.48R) bars_held=8 (ticket=178)
15:12:05 INFO  BacktestEngine: [2024-11-21 08:00] ENTRY USDJPY SHORT @ 154.75564 SL=155.35800 TP=153.85100 (ticket=180)
15:12:05 INFO  Backtest: [EXIT-TIME-STOP] USDJPY SHORT entry=154.76137 exit=154.52800 pnl=+279.30 (+0.37R) (ticket=180)
15:12:05 INFO  BacktestEngine: [2024-11-21 13:00] ENTRY USDJPY SHORT @ 154.52650 SL=155.20500 TP=153.32000 (ticket=181)
15:12:06 INFO  Backtest: [EXIT-TIME-STOP] USDJPY SHORT entry=154.52070 exit=154.65400 pnl=-155.24 (-0.21R) (ticket=181)
15:12:06 INFO  BacktestEngine: [2024-11-21 18:00] ENTRY USDJPY LONG @ 154.65550 SL=153.86100 TP=156.06800 (ticket=182)
15:12:07 INFO  Backtest: [STALE-SL] bar=3493 USDJPY long open 6.0h still losing (-0.63R) — SL tightened 153.86100→154.34549 (cap at 0.39R, atr_ratio=0.78, progress=0%) (ticket=182)
15:12:07 INFO  Backtest: [EXIT-SL] USDJPY LONG entry=154.65594 exit=154.34549 pnl=-350.30 (-0.40R) bars_held=7 (ticket=182)
15:12:08 INFO  BacktestEngine: [2024-11-22 07:00] ENTRY USDJPY LONG @ 154.70476 SL=154.06500 TP=155.66400 (ticket=183)
15:12:09 INFO  Backtest: [STALE-SL] bar=3506 USDJPY long open 6.0h still losing (-0.32R) — SL tightened 154.06500→154.38558 (cap at 0.50R, atr_ratio=1.00, progress=0%) (ticket=183)
15:12:09 INFO  Backtest: [EXIT-SL] USDJPY LONG entry=154.70616 exit=154.38558 pnl=-433.16 (-0.51R) bars_held=7 (ticket=183)
15:12:10 INFO  BacktestEngine: [2024-11-22 19:00] ENTRY USDJPY LONG @ 154.75750 SL=154.05000 TP=155.81900 (ticket=187)
15:12:11 INFO  BacktestEngine: [2024-11-25 01:00] ENTRY USDJPY SHORT @ 154.14924 SL=154.81900 TP=153.14500 (ticket=188)
15:12:11 INFO  Backtest: [EXIT-TIME-STOP] USDJPY SHORT entry=154.14420 exit=154.09600 pnl=+46.45 (+0.06R) (ticket=188)
15:12:12 INFO  BacktestEngine: [2024-11-25 10:00] ENTRY USDJPY LONG @ 154.69450 SL=153.99200 TP=155.74800 (ticket=189)
15:12:12 INFO  Backtest: [EXIT-SL] USDJPY LONG entry=154.69711 exit=153.99200 pnl=-921.08 (-1.02R) bars_held=4 (ticket=189)
15:12:16 INFO  BacktestEngine: [2024-11-26 19:00] ENTRY USDJPY SHORT @ 153.32450 SL=154.30000 TP=151.86200 (ticket=190)
15:12:17 INFO  Backtest: [EXIT-TIME-STOP] USDJPY SHORT entry=153.32030 exit=153.07200 pnl=+190.49 (+0.25R) (ticket=190)
  [USDJPY] 3072/5122 bars (60%)
15:12:30 INFO  BacktestEngine: [2024-12-03 07:00] ENTRY USDJPY LONG @ 150.02750 SL=149.35100 TP=151.04200 (ticket=191)
15:12:30 INFO  Backtest: [STALE-SL] bar=3674 USDJPY long open 6.0h still losing (-0.51R) — SL tightened 149.35100→149.72990 (cap at 0.44R, atr_ratio=0.88, progress=0%) (ticket=191)
15:12:30 INFO  Backtest: [EXIT-SL] USDJPY LONG entry=150.02878 exit=149.72990 pnl=-407.32 (-0.45R) bars_held=7 (ticket=191)
15:12:31 INFO  BacktestEngine: [2024-12-03 17:00] ENTRY USDJPY SHORT @ 149.14573 SL=150.32300 TP=147.38000 (ticket=192)
15:12:31 INFO  Backtest: [EXIT-TIME-STOP] USDJPY SHORT entry=149.14927 exit=149.45500 pnl=-202.50 (-0.27R) (ticket=192)
15:12:32 INFO  BacktestEngine: [2024-12-04 02:00] ENTRY USDJPY LONG @ 149.87261 SL=149.16300 TP=150.93700 (ticket=195)
15:12:33 INFO  Backtest: [PARTIAL-TP1] bar=3695 USDJPY long closed 20% @ 150.62600 (+1R) SL: 149.16300→149.76792 (BE+15%R) rem_qty=1.04 rem_risk=$671.42 (ticket=195)
15:12:33 INFO  Backtest: [EXIT-TP] USDJPY LONG entry=149.87467 exit=150.93700 pnl=+998.11 (+1.49R) bars_held=10 (ticket=195)
15:12:33 INFO  BacktestEngine: [2024-12-04 13:00] ENTRY USDJPY LONG @ 150.88850 SL=149.80400 TP=152.51600 (ticket=196)
15:12:33 INFO  Backtest: [STALE-SL] bar=3704 USDJPY long open 6.0h still losing (-0.44R) — SL tightened 149.80400→150.34759 (cap at 0.50R, atr_ratio=1.00, progress=0%) (ticket=196)
15:12:33 INFO  Backtest: [EXIT-SL] USDJPY LONG entry=150.89118 exit=150.34759 pnl=-431.43 (-0.51R) bars_held=7 (ticket=196)
15:12:34 INFO  BacktestEngine: [2024-12-04 21:00] ENTRY USDJPY LONG @ 150.44169 SL=149.45100 TP=151.92800 (ticket=197)
15:12:35 INFO  Backtest: [STALE-SL] bar=3712 USDJPY long open 6.0h still losing (-0.11R) — SL tightened 149.45100→149.96960 (cap at 0.48R, atr_ratio=0.95, progress=0%) (ticket=197)
15:12:35 INFO  Backtest: [STALE-SL] bar=3713 USDJPY long open 7.0h still losing (-0.16R) — SL tightened 149.96960→149.98775 (cap at 0.46R, atr_ratio=0.95, progress=8%) (ticket=197)
15:12:35 INFO  Backtest: [STALE-SL] bar=3714 USDJPY long open 8.0h still losing (-0.05R) — SL tightened 149.98775→150.02986 (cap at 0.42R, atr_ratio=0.89, progress=17%) (ticket=197)
15:12:35 INFO  Backtest: [EXIT-SL] USDJPY LONG entry=150.44226 exit=150.02986 pnl=-359.34 (-0.42R) bars_held=9 (ticket=197)
15:12:36 INFO  BacktestEngine: [2024-12-05 14:00] ENTRY USDJPY LONG @ 150.40074 SL=149.68800 TP=151.47000 (ticket=198)
15:12:37 INFO  Backtest: [STALE-SL] bar=3729 USDJPY long open 6.0h still losing (-0.53R) — SL tightened 149.68800→150.04172 (cap at 0.50R, atr_ratio=1.00, progress=0%) (ticket=198)
15:12:37 INFO  Backtest: [EXIT-SL] USDJPY LONG entry=150.39544 exit=150.04172 pnl=-450.57 (-0.51R) bars_held=7 (ticket=198)
15:12:39 INFO  BacktestEngine: [2024-12-06 11:00] ENTRY USDJPY LONG @ 150.57460 SL=149.92900 TP=151.54300 (ticket=199)
15:12:40 INFO  Backtest: [EXIT-SL] USDJPY LONG entry=150.57158 exit=149.92900 pnl=-787.03 (-1.01R) bars_held=3 (ticket=199)
15:12:40 INFO  BacktestEngine: [2024-12-06 19:00] ENTRY USDJPY LONG @ 149.96450 SL=149.23600 TP=151.05700 (ticket=200)
15:12:40 INFO  BacktestEngine: [2024-12-09 00:00] ENTRY USDJPY LONG @ 149.99050 SL=149.37800 TP=150.90900 (ticket=201)
15:12:41 INFO  Backtest: [STALE-SL] bar=3763 USDJPY long open 6.0h still losing (-0.03R) — SL tightened 149.37800→149.75886 (cap at 0.37R, atr_ratio=0.74, progress=0%) (ticket=201)
15:12:43 INFO  Backtest: [PARTIAL-TP1] bar=3770 USDJPY long closed 20% @ 150.76500 (+1R) SL: 149.75886→149.89129 (BE+15%R) rem_qty=1.16 rem_risk=$646.41 (ticket=201)
15:12:43 INFO  Backtest: [EXIT-TP] USDJPY LONG entry=149.98187 exit=150.90900 pnl=+970.56 (+1.50R) bars_held=14 (ticket=201)
15:12:43 INFO  BacktestEngine: [2024-12-09 15:00] ENTRY USDJPY LONG @ 150.87554 SL=150.08600 TP=152.06100 (ticket=202)
15:12:44 INFO  Backtest: [STALE-WIN] bar=3784 USDJPY long open 12.0h, profit stalling (now +0.41R, peak +0.71R) — SL→BE 150.08600→150.75857 (ticket=202)
15:12:45 INFO  Backtest: [EXIT-TIME-STOP] USDJPY LONG entry=150.87725 exit=151.22100 pnl=+348.62 (+0.43R) (ticket=202)
15:12:50 INFO  BacktestEngine: [2024-12-11 12:00] ENTRY USDJPY LONG @ 152.59252 SL=151.46100 TP=154.28900 (ticket=203)
15:12:50 INFO  Backtest: [STALE-SL] bar=3823 USDJPY long open 6.0h still losing (-0.08R) — SL tightened 151.46100→152.02495 (cap at 0.50R, atr_ratio=1.00, progress=0%) (ticket=203)
15:12:51 INFO  Backtest: [STALE-SL] bar=3827 USDJPY long open 10.0h still losing (-0.19R) — SL tightened 152.02495→152.10014 (cap at 0.43R, atr_ratio=1.00, progress=33%) (ticket=203)
15:12:51 INFO  Backtest: [STALE-SL] bar=3828 USDJPY long open 11.0h still losing (-0.16R) — SL tightened 152.10014→152.11894 (cap at 0.42R, atr_ratio=1.00, progress=42%) (ticket=203)
15:12:51 INFO  Backtest: [STALE-SL] bar=3829 USDJPY long open 12.0h still losing (-0.29R) — SL tightened 152.11894→152.13774 (cap at 0.40R, atr_ratio=1.00, progress=50%) (ticket=203)
15:12:51 INFO  Backtest: [EXIT-SL] USDJPY LONG entry=152.58890 exit=152.13774 pnl=-354.92 (-0.41R) bars_held=13 (ticket=203)
15:12:52 INFO  BacktestEngine: [2024-12-12 04:00] ENTRY USDJPY LONG @ 152.31885 SL=151.34100 TP=153.78600 (ticket=204)
15:12:53 INFO  Backtest: [STALE-SL] bar=3840 USDJPY long open 7.0h still losing (-0.00R) — SL tightened 151.34100→151.93118 (cap at 0.40R, atr_ratio=0.82, progress=8%) (ticket=204)
15:12:53 INFO  Backtest: [STALE-SL] bar=3842 USDJPY long open 9.0h still losing (-0.05R) — SL tightened 151.93118→151.94238 (cap at 0.38R, atr_ratio=0.85, progress=25%) (ticket=204)
15:12:53 INFO  Backtest: [EXIT-SL] USDJPY LONG entry=152.31665 exit=151.94238 pnl=-333.68 (-0.39R) bars_held=10 (ticket=204)
15:12:54 INFO  BacktestEngine: [2024-12-12 21:00] ENTRY USDJPY LONG @ 152.53650 SL=151.87700 TP=153.52500 (ticket=205)
  [USDJPY] 3328/5122 bars (65%)
15:12:55 INFO  Backtest: [STALE-WIN] bar=3860 USDJPY long open 10.0h, profit stalling (now +0.26R, peak +0.63R) — SL→BE 151.87700→152.43816 (ticket=205)
15:12:56 INFO  Backtest: [PARTIAL-TP1] bar=3863 USDJPY long closed 20% @ 153.41000 (+1R) SL: 152.43816→152.43816 (BE+15%R) rem_qty=1.14 rem_risk=$681.30 (ticket=205)
15:12:56 INFO  Backtest: [EXIT-TP] USDJPY LONG entry=152.53718 exit=153.52500 pnl=+1013.21 (+1.49R) bars_held=15 (ticket=205)
15:12:56 INFO  BacktestEngine: [2024-12-13 13:00] ENTRY USDJPY LONG @ 153.62350 SL=152.75100 TP=154.93200 (ticket=206)
15:12:58 INFO  BacktestEngine: [2024-12-16 03:00] ENTRY USDJPY LONG @ 153.90860 SL=153.10500 TP=155.11500 (ticket=207)
15:12:59 INFO  Backtest: [STALE-SL] bar=3886 USDJPY long open 6.0h still losing (-0.27R) — SL tightened 153.10500→153.56964 (cap at 0.42R, atr_ratio=0.84, progress=0%) (ticket=207)
15:13:00 INFO  Backtest: [EXIT-TIME-STOP] USDJPY LONG entry=153.90516 exit=154.05900 pnl=+162.26 (+0.18R) (ticket=207)
15:13:04 INFO  BacktestEngine: [2024-12-17 07:00] ENTRY USDJPY LONG @ 154.13371 SL=153.66100 TP=154.84300 (ticket=208)
15:13:05 INFO  Backtest: [STALE-SL] bar=3914 USDJPY long open 6.0h still losing (-0.67R) — SL tightened 153.66100→153.89744 (cap at 0.50R, atr_ratio=1.00, progress=0%) (ticket=208)
15:13:05 INFO  Backtest: [EXIT-SL] USDJPY LONG entry=154.13388 exit=153.89744 pnl=-428.77 (-0.52R) bars_held=7 (ticket=208)
15:13:05 INFO  BacktestEngine: [2024-12-17 16:00] ENTRY USDJPY SHORT @ 153.55150 SL=154.04200 TP=152.81600 (ticket=209)
15:13:06 INFO  Backtest: [EXIT-TIME-STOP] USDJPY SHORT entry=153.55542 exit=153.34000 pnl=+298.66 (+0.42R) (ticket=209)
15:13:07 INFO  BacktestEngine: [2024-12-17 21:00] ENTRY USDJPY SHORT @ 153.33850 SL=153.85100 TP=152.51300 (ticket=210)
15:13:08 INFO  Backtest: [EXIT-TIME-STOP] USDJPY SHORT entry=153.33763 exit=153.69500 pnl=-501.63 (-0.71R) (ticket=210)
15:13:08 INFO  BacktestEngine: [2024-12-18 03:00] ENTRY USDJPY LONG @ 153.59150 SL=153.11500 TP=154.30600 (ticket=211)
15:13:09 INFO  Backtest: [STALE-SL] bar=3934 USDJPY long open 6.0h still losing (-0.03R) — SL tightened 153.11500→153.35053 (cap at 0.49R, atr_ratio=0.99, progress=0%) (ticket=211)
15:13:09 INFO  Backtest: [STALE-SL] bar=3936 USDJPY long open 8.0h still losing (-0.01R) — SL tightened 153.35053→153.36848 (cap at 0.45R, atr_ratio=0.97, progress=17%) (ticket=211)
15:13:10 INFO  Backtest: [STALE-WIN] bar=3943 USDJPY long open 15.0h, profit stalling (now +0.53R, peak +0.95R) — SL→BE 153.36848→153.51000 (ticket=211)
15:13:10 INFO  Backtest: [EXIT-TIME-STOP] USDJPY LONG entry=153.57971 exit=153.74300 pnl=+286.02 (+0.33R) (ticket=211)
15:13:10 INFO  BacktestEngine: [2024-12-18 20:00] ENTRY USDJPY LONG @ 153.74450 SL=153.30400 TP=154.40600 (ticket=212)
15:13:10 INFO  Backtest: [EXIT-TP] USDJPY LONG entry=153.74793 exit=154.40600 pnl=+1296.13 (+1.48R) bars_held=0 (ticket=212)
15:13:11 INFO  BacktestEngine: [2024-12-18 22:00] ENTRY USDJPY LONG @ 154.69278 SL=153.94200 TP=155.81800 (ticket=213)
15:13:12 INFO  Backtest: [EXIT-TP] USDJPY LONG entry=154.68235 exit=155.81800 pnl=+1334.38 (+1.50R) bars_held=9 (ticket=213)
15:13:12 INFO  BacktestEngine: [2024-12-19 09:00] ENTRY USDJPY LONG @ 156.47729 SL=155.09500 TP=158.55100 (ticket=214)
15:13:14 INFO  Backtest: [EXIT-TIME-STOP] USDJPY LONG entry=156.47911 exit=157.74100 pnl=+821.75 (+0.91R) (ticket=214)
15:13:14 INFO  BacktestEngine: [2024-12-20 02:00] ENTRY USDJPY LONG @ 157.74262 SL=156.61900 TP=159.42800 (ticket=215)
15:13:15 INFO  Backtest: [STALE-SL] bar=3981 USDJPY long open 6.0h still losing (-0.81R) — SL tightened 156.61900→157.21822 (cap at 0.47R, atr_ratio=0.93, progress=0%) (ticket=215)
15:13:15 INFO  Backtest: [EXIT-SL] USDJPY LONG entry=157.74291 exit=157.21822 pnl=-421.49 (-0.47R) bars_held=7 (ticket=215)
15:13:16 INFO  BacktestEngine: [2024-12-20 11:00] ENTRY USDJPY SHORT @ 156.71646 SL=157.85600 TP=155.00800 (ticket=216)
15:13:17 INFO  Backtest: [EXIT-TIME-STOP] USDJPY SHORT entry=156.71833 exit=156.60300 pnl=+71.50 (+0.09R) (ticket=216)
15:13:17 INFO  BacktestEngine: [2024-12-20 16:00] ENTRY USDJPY SHORT @ 156.60138 SL=157.68000 TP=154.98300 (ticket=217)
15:13:17 INFO  BacktestEngine: [2024-12-23 01:00] ENTRY USDJPY LONG @ 156.56350 SL=155.93500 TP=157.50700 (ticket=218)
15:13:20 INFO  Backtest: [STALE-SL] bar=4006 USDJPY long open 8.0h still losing (-0.01R) — SL tightened 155.93500→156.34989 (cap at 0.35R, atr_ratio=0.76, progress=17%) (ticket=218)
15:13:21 INFO  Backtest: [EXIT-TIME-STOP] USDJPY LONG entry=156.57779 exit=157.02900 pnl=+314.81 (+0.71R) (ticket=218)
15:13:22 INFO  BacktestEngine: [2024-12-23 18:00] ENTRY USDJPY LONG @ 157.03050 SL=156.40700 TP=157.96500 (ticket=219)
15:13:23 INFO  Backtest: [STALE-WIN] bar=4024 USDJPY long open 9.0h, profit stalling (now +0.14R, peak +0.44R) — SL→BE 156.40700→156.93890 (ticket=219)
15:13:24 INFO  Backtest: [EXIT-SL] USDJPY LONG entry=157.03276 exit=156.93890 pnl=-73.01 (-0.16R) bars_held=11 (ticket=219)
15:13:25 INFO  BacktestEngine: [2024-12-24 15:00] ENTRY USDJPY LONG @ 157.19250 SL=156.85100 TP=157.70400 (ticket=220)
15:13:26 INFO  Backtest: [STALE-WIN] bar=4042 USDJPY long open 6.0h, profit stalling (now +0.03R, peak +0.41R) — SL→BE 156.85100→157.14265 (ticket=220)
15:13:26 INFO  Backtest: [EXIT-SL] USDJPY LONG entry=157.19412 exit=157.14265 pnl=-80.22 (-0.17R) bars_held=7 (ticket=220)
15:13:29 INFO  BacktestEngine: [2024-12-26 15:00] ENTRY USDJPY LONG @ 157.83880 SL=157.34600 TP=158.57800 (ticket=221)
15:13:31 INFO  Backtest: [STALE-WIN] bar=4069 USDJPY long open 8.0h, profit stalling (now +0.10R, peak +0.47R) — SL→BE 157.34600→157.76381 (ticket=221)
15:13:31 INFO  Backtest: [EXIT-SL] USDJPY LONG entry=157.83754 exit=157.76381 pnl=-71.13 (-0.17R) bars_held=9 (ticket=221)
15:13:32 INFO  BacktestEngine: [2024-12-27 06:00] ENTRY USDJPY SHORT @ 157.57150 SL=158.12300 TP=156.74500 (ticket=223)
15:13:32 INFO  Backtest: [EXIT-TIME-STOP] USDJPY SHORT entry=157.56893 exit=157.87600 pnl=-211.96 (-0.57R) (ticket=223)
15:13:33 INFO  BacktestEngine: [2024-12-27 15:00] ENTRY USDJPY LONG @ 157.79555 SL=157.42300 TP=158.35400 (ticket=226)
15:13:34 INFO  Backtest: [EXIT-SL] USDJPY LONG entry=157.79789 exit=157.42300 pnl=-449.12 (-1.03R) bars_held=2 (ticket=226)
  [USDJPY] 3584/5122 bars (70%)
15:13:37 INFO  BacktestEngine: [2024-12-31 03:00] ENTRY USDJPY SHORT @ 156.43690 SL=157.25300 TP=155.21300 (ticket=227)
15:13:38 INFO  Backtest: [EXIT-TIME-STOP] USDJPY SHORT entry=156.44043 exit=156.35700 pnl=+29.64 (+0.09R) (ticket=227)
15:13:38 INFO  BacktestEngine: [2024-12-31 08:00] ENTRY USDJPY SHORT @ 156.35547 SL=157.11900 TP=155.21000 (ticket=228)
15:13:39 INFO  Backtest: [EXIT-TIME-STOP] USDJPY SHORT entry=156.35219 exit=156.79800 pnl=-189.84 (-0.59R) (ticket=228)
15:13:39 INFO  BacktestEngine: [2024-12-31 13:00] ENTRY USDJPY LONG @ 156.79950 SL=156.23600 TP=157.80100 (ticket=229)
15:13:41 INFO  Backtest: [STALE-WIN] bar=4140 USDJPY long open 9.0h, profit stalling (now +0.57R, peak +1.00R) — SL→BE 156.23600→156.71639 (ticket=229)
15:13:41 INFO  Backtest: [PARTIAL-TP1] bar=4144 USDJPY long closed 20% @ 157.43100 (+1R) SL: 157.08375→156.71639 (BE+15%R) rem_qty=0.58 rem_risk=$299.50 (ticket=229)
15:13:42 INFO  Backtest: [EXIT-TIME-STOP] USDJPY LONG entry=156.80117 exit=157.15900 pnl=+186.08 (+0.62R) (ticket=229)
15:13:48 INFO  BacktestEngine: [2025-01-06 06:00] ENTRY USDJPY LONG @ 157.72050 SL=157.12400 TP=158.61500 (ticket=230)
15:13:49 INFO  Backtest: [STALE-SL] bar=4203 USDJPY long open 6.0h still losing (-0.88R) — SL tightened 157.12400→157.45387 (cap at 0.44R, atr_ratio=0.89, progress=0%) (ticket=230)
15:13:49 INFO  Backtest: [EXIT-SL] USDJPY LONG entry=157.71822 exit=157.45387 pnl=-341.63 (-0.46R) bars_held=7 (ticket=230)
15:13:50 INFO  BacktestEngine: [2025-01-06 17:00] ENTRY USDJPY LONG @ 157.53513 SL=156.76800 TP=158.68600 (ticket=231)
15:13:51 INFO  Backtest: [PARTIAL-TP1] bar=4217 USDJPY long closed 20% @ 158.31100 (+1R) SL: 156.76800→157.40164 (BE+15%R) rem_qty=0.86 rem_risk=$597.83 (ticket=231)
15:13:51 INFO  Backtest: [EXIT-SL] USDJPY LONG entry=157.51346 exit=157.40164 pnl=-93.09 (-0.16R) bars_held=14 (ticket=231)
15:13:52 INFO  BacktestEngine: [2025-01-07 14:00] ENTRY USDJPY LONG @ 157.74150 SL=157.11200 TP=158.68600 (ticket=233)
15:13:54 INFO  Backtest: [STALE-WIN] bar=4239 USDJPY long open 12.0h, profit stalling (now +0.36R, peak +0.77R) — SL→BE 157.11200→157.64704 (ticket=233)
15:13:54 INFO  Backtest: [EXIT-TIME-STOP] USDJPY LONG entry=157.74146 exit=158.17100 pnl=+564.31 (+0.67R) (ticket=233)
15:13:54 INFO  BacktestEngine: [2025-01-08 07:00] ENTRY USDJPY LONG @ 158.17250 SL=157.47800 TP=159.21500 (ticket=234)
15:13:55 INFO  Backtest: [STALE-WIN] bar=4251 USDJPY long open 7.0h, profit stalling (now +0.08R, peak +0.48R) — SL→BE 157.47800→158.06885 (ticket=234)
15:13:57 INFO  Backtest: [EXIT-TIME-STOP] USDJPY LONG entry=158.17312 exit=158.29200 pnl=+151.77 (+0.16R) (ticket=234)
15:13:58 INFO  BacktestEngine: [2025-01-09 06:00] ENTRY USDJPY SHORT @ 157.92330 SL=158.37800 TP=157.24100 (ticket=235)
15:13:58 INFO  Backtest: [EXIT-TIME-STOP] USDJPY SHORT entry=157.92092 exit=158.08100 pnl=-265.65 (-0.37R) (ticket=235)
15:13:59 INFO  BacktestEngine: [2025-01-09 17:00] ENTRY USDJPY LONG @ 157.97350 SL=157.51500 TP=158.66100 (ticket=236)
15:14:01 INFO  Backtest: [EXIT-TIME-STOP] USDJPY LONG entry=157.97288 exit=157.82100 pnl=-294.78 (-0.35R) (ticket=236)
15:14:03 INFO  BacktestEngine: [2025-01-13 05:00] ENTRY USDJPY SHORT @ 157.41150 SL=158.35600 TP=155.99400 (ticket=238)
15:14:04 INFO  Backtest: [EXIT-TIME-STOP] USDJPY SHORT entry=157.41064 exit=157.60100 pnl=-160.40 (-0.21R) (ticket=238)
15:14:05 INFO  BacktestEngine: [2025-01-13 17:00] ENTRY USDJPY LONG @ 157.51750 SL=156.79700 TP=158.59800 (ticket=241)
15:14:06 INFO  Backtest: [STALE-SL] bar=4332 USDJPY long open 6.0h still losing (-0.30R) — SL tightened 156.79700→157.15935 (cap at 0.50R, atr_ratio=1.00, progress=0%) (ticket=241)
15:14:06 INFO  Backtest: [EXIT-SL] USDJPY LONG entry=157.52170 exit=157.15935 pnl=-461.33 (-0.51R) bars_held=7 (ticket=241)
15:14:06 INFO  BacktestEngine: [2025-01-14 05:00] ENTRY USDJPY LONG @ 157.55750 SL=156.77900 TP=158.72500 (ticket=244)
15:14:09 INFO  Backtest: [EXIT-TIME-STOP] USDJPY LONG entry=157.55487 exit=157.98100 pnl=+475.98 (+0.54R) (ticket=244)
15:14:10 INFO  BacktestEngine: [2025-01-15 01:00] ENTRY USDJPY LONG @ 158.04950 SL=157.32000 TP=159.14400 (ticket=245)
15:14:10 INFO  Backtest: [EXIT-SL] USDJPY LONG entry=158.04625 exit=157.32000 pnl=-861.57 (-1.01R) bars_held=5 (ticket=245)
15:14:11 INFO  BacktestEngine: [2025-01-15 09:00] ENTRY USDJPY SHORT @ 156.87611 SL=157.73400 TP=155.58900 (ticket=246)
  [USDJPY] 3840/5122 bars (75%)
15:14:12 INFO  Backtest: [EXIT-TIME-STOP] USDJPY SHORT entry=156.87443 exit=156.97800 pnl=-94.16 (-0.13R) (ticket=246)
15:14:14 INFO  BacktestEngine: [2025-01-16 04:00] ENTRY USDJPY SHORT @ 155.73337 SL=156.85900 TP=154.04500 (ticket=249)
15:14:15 INFO  Backtest: [EXIT-TIME-STOP] USDJPY SHORT entry=155.72926 exit=156.18600 pnl=-300.07 (-0.41R) (ticket=249)
15:14:15 INFO  BacktestEngine: [2025-01-16 14:00] ENTRY USDJPY LONG @ 156.11108 SL=155.44800 TP=157.10600 (ticket=251)
15:14:16 INFO  Backtest: [EXIT-SL] USDJPY LONG entry=156.10996 exit=155.44800 pnl=-865.33 (-1.01R) bars_held=2 (ticket=251)
15:14:20 INFO  BacktestEngine: [2025-01-17 18:00] ENTRY USDJPY LONG @ 156.30558 SL=155.67000 TP=157.25900 (ticket=252)
15:14:28 INFO  BacktestEngine: [2025-01-22 06:00] ENTRY USDJPY LONG @ 155.79350 SL=155.20400 TP=156.67800 (ticket=253)
15:14:29 INFO  Backtest: [STALE-WIN] bar=4490 USDJPY long open 7.0h, profit stalling (now +0.03R, peak +0.43R) — SL→BE 155.20400→155.70548 (ticket=253)
15:14:30 INFO  Backtest: [PARTIAL-TP1] bar=4493 USDJPY long closed 20% @ 156.40100 (+1R) SL: 155.70548→155.70548 (BE+15%R) rem_qty=1.28 rem_risk=$687.08 (ticket=253)
15:14:30 INFO  Backtest: [EXIT-TP] USDJPY LONG entry=155.79398 exit=156.67800 pnl=+1020.75 (+1.49R) bars_held=12 (ticket=253)
15:14:30 INFO  BacktestEngine: [2025-01-22 19:00] ENTRY USDJPY LONG @ 156.61450 SL=155.69500 TP=157.99400 (ticket=254)
15:14:31 INFO  Backtest: [STALE-SL] bar=4502 USDJPY long open 6.0h still losing (-0.25R) — SL tightened 155.69500→156.26613 (cap at 0.38R, atr_ratio=0.76, progress=0%) (ticket=254)
15:14:31 INFO  Backtest: [STALE-SL] bar=4503 USDJPY long open 7.0h still losing (-0.07R) — SL tightened 156.26613→156.27903 (cap at 0.37R, atr_ratio=0.76, progress=8%) (ticket=254)
15:14:32 INFO  Backtest: [STALE-SL] bar=4505 USDJPY long open 9.0h still losing (-0.13R) — SL tightened 156.27970→156.30127 (cap at 0.34R, atr_ratio=0.76, progress=25%) (ticket=254)
15:14:32 INFO  Backtest: [STALE-SL] bar=4506 USDJPY long open 10.0h still losing (-0.03R) — SL tightened 156.30127→156.32880 (cap at 0.31R, atr_ratio=0.72, progress=33%) (ticket=254)
15:14:32 INFO  Backtest: [STALE-SL] bar=4508 USDJPY long open 12.0h still losing (-0.01R) — SL tightened 156.32880→156.39606 (cap at 0.24R, atr_ratio=0.60, progress=50%) (ticket=254)
15:14:32 INFO  Backtest: [STALE-SL] bar=4509 USDJPY long open 13.0h still losing (-0.01R) — SL tightened 156.39606→156.40814 (cap at 0.23R, atr_ratio=0.59, progress=58%) (ticket=254)
15:14:32 INFO  Backtest: [STALE-SL] bar=4510 USDJPY long open 14.0h still losing (-0.14R) — SL tightened 156.40814→156.41553 (cap at 0.22R, atr_ratio=0.59, progress=67%) (ticket=254)
15:14:32 INFO  Backtest: [EXIT-SL] USDJPY LONG entry=156.61638 exit=156.41553 pnl=-197.37 (-0.23R) bars_held=15 (ticket=254)
15:14:33 INFO  BacktestEngine: [2025-01-23 17:00] ENTRY USDJPY SHORT @ 156.16057 SL=156.65300 TP=155.42300 (ticket=255)
15:14:34 INFO  Backtest: [EXIT-TIME-STOP] USDJPY SHORT entry=156.16503 exit=155.96800 pnl=+268.79 (+0.38R) (ticket=255)
15:14:34 INFO  BacktestEngine: [2025-01-23 22:00] ENTRY USDJPY SHORT @ 155.96650 SL=156.49600 TP=155.17200 (ticket=256)
15:14:35 INFO  Backtest: [EXIT-TIME-STOP] USDJPY SHORT entry=155.97028 exit=156.31100 pnl=-459.73 (-0.66R) (ticket=256)
15:14:35 INFO  BacktestEngine: [2025-01-24 03:00] ENTRY USDJPY LONG @ 156.31250 SL=155.81400 TP=157.06000 (ticket=257)
15:14:35 INFO  Backtest: [EXIT-SL] USDJPY LONG entry=156.32294 exit=155.81400 pnl=-883.85 (-1.04R) bars_held=1 (ticket=257)
15:14:36 INFO  BacktestEngine: [2025-01-24 10:00] ENTRY USDJPY SHORT @ 155.37691 SL=156.20600 TP=153.90200 (ticket=258)
15:14:36 INFO  Backtest: [EXIT-SL] USDJPY SHORT entry=155.38344 exit=156.20600 pnl=-717.75 (-1.00R) bars_held=3 (ticket=258)
15:14:37 INFO  BacktestEngine: [2025-01-24 18:00] ENTRY USDJPY LONG @ 155.58350 SL=154.72200 TP=156.87600 (ticket=263)
15:14:38 INFO  BacktestEngine: [2025-01-27 07:00] ENTRY USDJPY LONG @ 156.06550 SL=155.36800 TP=157.11100 (ticket=264)
15:14:38 INFO  Backtest: [EXIT-SL] USDJPY LONG entry=156.06316 exit=155.36800 pnl=-844.27 (-1.01R) bars_held=2 (ticket=264)
15:14:40 INFO  BacktestEngine: [2025-01-27 22:00] ENTRY USDJPY LONG @ 154.58050 SL=153.61900 TP=156.02300 (ticket=265)
15:14:41 INFO  Backtest: [PARTIAL-TP1] bar=4576 USDJPY long closed 20% @ 155.55200 (+1R) SL: 153.61900→154.43562 (BE+15%R) rem_qty=0.76 rem_risk=$665.18 (ticket=265)
15:14:42 INFO  Backtest: [EXIT-TIME-STOP] USDJPY LONG entry=154.57973 exit=155.49100 pnl=+624.92 (+0.94R) (ticket=265)
15:14:42 INFO  BacktestEngine: [2025-01-28 17:00] ENTRY USDJPY LONG @ 155.71941 SL=154.91400 TP=156.92700 (ticket=266)
15:14:42 INFO  Backtest: [STALE-SL] bar=4596 USDJPY long open 6.0h still losing (-0.22R) — SL tightened 154.91400→155.37261 (cap at 0.43R, atr_ratio=0.86, progress=0%) (ticket=266)
15:14:42 INFO  Backtest: [STALE-SL] bar=4597 USDJPY long open 7.0h still losing (-0.19R) — SL tightened 155.37261→155.40945 (cap at 0.38R, atr_ratio=0.80, progress=8%) (ticket=266)
15:14:43 INFO  Backtest: [STALE-SL] bar=4598 USDJPY long open 8.0h still losing (-0.11R) — SL tightened 155.40945→155.45700 (cap at 0.33R, atr_ratio=0.70, progress=17%) (ticket=266)
15:14:43 INFO  Backtest: [STALE-SL] bar=4599 USDJPY long open 9.0h still losing (-0.01R) — SL tightened 155.45700→155.47179 (cap at 0.31R, atr_ratio=0.68, progress=25%) (ticket=266)
15:14:43 INFO  Backtest: [STALE-SL] bar=4600 USDJPY long open 10.0h still losing (-0.12R) — SL tightened 155.47179→155.48461 (cap at 0.29R, atr_ratio=0.67, progress=33%) (ticket=266)
15:14:43 INFO  Backtest: [EXIT-SL] USDJPY LONG entry=155.71936 exit=155.48461 pnl=-218.41 (-0.30R) bars_held=11 (ticket=266)
15:14:44 INFO  BacktestEngine: [2025-01-29 13:00] ENTRY USDJPY LONG @ 155.41950 SL=154.86100 TP=156.25700 (ticket=267)
15:14:44 INFO  Backtest: [STALE-SL] bar=4616 USDJPY long open 6.0h still losing (-0.54R) — SL tightened 154.86100→155.13958 (cap at 0.50R, atr_ratio=1.00, progress=0%) (ticket=267)
15:14:44 INFO  Backtest: [EXIT-SL] USDJPY LONG entry=155.41817 exit=155.13958 pnl=-372.53 (-0.51R) bars_held=7 (ticket=267)
  [USDJPY] 4096/5122 bars (80%)
15:14:53 INFO  BacktestEngine: [2025-02-04 02:00] ENTRY USDJPY LONG @ 155.31450 SL=154.44400 TP=156.62000 (ticket=269)
15:14:54 INFO  Backtest: [EXIT-TIME-STOP] USDJPY LONG entry=155.31731 exit=155.24900 pnl=-63.63 (-0.09R) (ticket=269)
15:14:55 INFO  BacktestEngine: [2025-02-04 18:00] ENTRY USDJPY SHORT @ 154.55850 SL=155.19000 TP=153.61200 (ticket=270)
15:14:56 INFO  Backtest: [PARTIAL-TP1] bar=4718 USDJPY short closed 20% @ 153.85900 (+1R) SL: 155.19000→154.65270 (BE+15%R) rem_qty=0.86 rem_risk=$491.73 (ticket=270)
15:14:56 INFO  Backtest: [EXIT-TP] USDJPY SHORT entry=154.55788 exit=153.61200 pnl=+730.81 (+1.49R) bars_held=8 (ticket=270)
15:14:56 INFO  BacktestEngine: [2025-02-05 03:00] ENTRY USDJPY SHORT @ 153.59763 SL=154.56500 TP=152.14700 (ticket=271)
15:14:57 INFO  Backtest: [PARTIAL-TP1] bar=4728 USDJPY short closed 20% @ 152.64000 (+1R) SL: 154.56500→153.75017 (BE+15%R) rem_qty=0.68 rem_risk=$598.55 (ticket=271)
15:14:57 INFO  Backtest: [EXIT-TP] USDJPY SHORT entry=153.60637 exit=152.14700 pnl=+898.30 (+1.50R) bars_held=13 (ticket=271)
15:14:57 INFO  BacktestEngine: [2025-02-05 17:00] ENTRY USDJPY SHORT @ 152.13403 SL=153.33100 TP=150.33900 (ticket=272)
15:14:58 INFO  Backtest: [STALE-SL] bar=4740 USDJPY short open 6.0h still losing (-0.36R) — SL tightened 153.33100→152.65561 (cap at 0.43R, atr_ratio=0.87, progress=0%) (ticket=272)
15:14:58 INFO  Backtest: [EXIT-SL] USDJPY SHORT entry=152.13628 exit=152.65561 pnl=-335.71 (-0.44R) bars_held=7 (ticket=272)
15:15:00 INFO  BacktestEngine: [2025-02-06 17:00] ENTRY USDJPY SHORT @ 151.68448 SL=152.74300 TP=150.09600 (ticket=273)
15:15:01 INFO  Backtest: [STALE-WIN] bar=4767 USDJPY short open 9.0h, profit stalling (now +0.11R, peak +0.50R) — SL→BE 152.74300→151.84880 (ticket=273)
15:15:02 INFO  Backtest: [EXIT-SL] USDJPY SHORT entry=151.69100 exit=151.84880 pnl=-109.94 (-0.16R) bars_held=15 (ticket=273)
15:15:02 INFO  BacktestEngine: [2025-02-07 13:00] ENTRY USDJPY LONG @ 152.15050 SL=151.58600 TP=152.99800 (ticket=275)
15:15:02 INFO  Backtest: [EXIT-SL] USDJPY LONG entry=152.15541 exit=151.58600 pnl=-861.27 (-1.02R) bars_held=1 (ticket=275)
15:15:03 INFO  BacktestEngine: [2025-02-07 19:00] ENTRY USDJPY SHORT @ 151.66357 SL=152.97600 TP=149.69500 (ticket=278)
15:15:03 INFO  BacktestEngine: [2025-02-10 00:00] ENTRY USDJPY SHORT @ 151.52950 SL=152.49900 TP=150.07500 (ticket=279)
15:15:03 INFO  Backtest: [STALE-SL] bar=4795 USDJPY short open 6.0h still losing (-0.43R) — SL tightened 152.49900→151.94540 (cap at 0.43R, atr_ratio=0.85, progress=0%) (ticket=279)
15:15:03 INFO  Backtest: [EXIT-SL] USDJPY SHORT entry=151.53343 exit=151.94540 pnl=-316.97 (-0.43R) bars_held=7 (ticket=279)
15:15:04 INFO  BacktestEngine: [2025-02-10 13:00] ENTRY USDJPY SHORT @ 152.11650 SL=152.76700 TP=151.14000 (ticket=280)
15:15:05 INFO  Backtest: [STALE-WIN] bar=4808 USDJPY short open 6.0h, profit stalling (now +0.10R, peak +0.75R) — SL→BE 152.76700→152.20308 (ticket=280)
15:15:06 INFO  Backtest: [EXIT-TIME-STOP] USDJPY SHORT entry=152.10357 exit=151.98600 pnl=+123.99 (+0.17R) (ticket=280)
  [USDJPY] 4352/5122 bars (85%)
15:15:15 INFO  BacktestEngine: [2025-02-14 06:00] ENTRY USDJPY SHORT @ 152.63150 SL=153.62900 TP=151.13500 (ticket=281)
15:15:15 INFO  Backtest: [STALE-SL] bar=4897 USDJPY short open 6.0h still losing (-0.07R) — SL tightened 153.62900→153.07199 (cap at 0.44R, atr_ratio=0.88, progress=0%) (ticket=281)
15:15:16 INFO  BacktestEngine: [2025-02-17 02:00] ENTRY USDJPY SHORT @ 151.87893 SL=152.46700 TP=150.99700 (ticket=282)
15:15:17 INFO  Backtest: [STALE-WIN] bar=4917 USDJPY short open 6.0h, profit stalling (now +0.02R, peak +0.61R) — SL→BE 152.46700→151.96723 (ticket=282)
15:15:19 INFO  Backtest: [EXIT-TIME-STOP] USDJPY SHORT entry=151.87903 exit=151.38400 pnl=+572.09 (+0.83R) (ticket=282)
15:15:19 INFO  BacktestEngine: [2025-02-17 19:00] ENTRY USDJPY SHORT @ 151.38250 SL=151.99100 TP=150.47000 (ticket=283)
15:15:20 INFO  Backtest: [STALE-SL] bar=4934 USDJPY short open 6.0h still losing (-0.49R) — SL tightened 151.99100→151.62103 (cap at 0.39R, atr_ratio=0.78, progress=0%) (ticket=283)
15:15:20 INFO  Backtest: [EXIT-SL] USDJPY SHORT entry=151.38439 exit=151.62103 pnl=-277.92 (-0.40R) bars_held=7 (ticket=283)
15:15:22 INFO  BacktestEngine: [2025-02-18 15:00] ENTRY USDJPY SHORT @ 151.69450 SL=152.11100 TP=151.06900 (ticket=284)
15:15:22 INFO  Backtest: [STALE-SL] bar=4954 USDJPY short open 6.0h still losing (-0.78R) — SL tightened 152.11100→151.88951 (cap at 0.47R, atr_ratio=0.93, progress=0%) (ticket=284)
15:15:22 INFO  Backtest: [EXIT-SL] USDJPY SHORT entry=151.69518 exit=151.88951 pnl=-338.26 (-0.48R) bars_held=7 (ticket=284)
15:15:23 INFO  BacktestEngine: [2025-02-19 05:00] ENTRY USDJPY SHORT @ 151.89135 SL=152.36700 TP=151.17800 (ticket=286)
15:15:24 INFO  Backtest: [STALE-WIN] bar=4969 USDJPY short open 7.0h, profit stalling (now +0.10R, peak +0.54R) — SL→BE 152.36700→151.96205 (ticket=286)
15:15:24 INFO  Backtest: [PARTIAL-TP1] bar=4972 USDJPY short closed 20% @ 151.33400 (+1R) SL: 151.96205→151.96205 (BE+15%R) rem_qty=1.34 rem_risk=$577.89 (ticket=286)
15:15:25 INFO  Backtest: [EXIT-TIME-STOP] USDJPY SHORT entry=151.89059 exit=151.47700 pnl=+493.47 (+0.85R) (ticket=286)
15:15:25 INFO  BacktestEngine: [2025-02-19 22:00] ENTRY USDJPY SHORT @ 151.47550 SL=151.99700 TP=150.69400 (ticket=287)
15:15:25 INFO  Backtest: [EXIT-TP] USDJPY SHORT entry=151.47717 exit=150.69400 pnl=+1079.70 (+1.49R) bars_held=4 (ticket=287)
15:15:26 INFO  BacktestEngine: [2025-02-20 03:00] ENTRY USDJPY SHORT @ 150.63426 SL=151.45200 TP=149.40800 (ticket=288)
15:15:26 INFO  Backtest: [STALE-WIN] bar=4990 USDJPY short open 6.0h, profit stalling (now +0.38R, peak +0.74R) — SL→BE 151.45200→150.76592 (ticket=288)
15:15:27 INFO  Backtest: [PARTIAL-TP1] bar=4996 USDJPY short closed 20% @ 149.81200 (+1R) SL: 150.76592→150.76592 (BE+15%R) rem_qty=0.81 rem_risk=$601.30 (ticket=288)
15:15:27 INFO  Backtest: [EXIT-TP] USDJPY SHORT entry=150.64485 exit=149.40800 pnl=+903.78 (+1.50R) bars_held=15 (ticket=288)
15:15:27 INFO  BacktestEngine: [2025-02-20 19:00] ENTRY USDJPY SHORT @ 149.46548 SL=150.47300 TP=147.95400 (ticket=289)
15:15:28 INFO  Backtest: [STALE-SL] bar=5006 USDJPY short open 6.0h still losing (-0.36R) — SL tightened 150.47300→149.91672 (cap at 0.45R, atr_ratio=0.89, progress=0%) (ticket=289)
15:15:28 INFO  Backtest: [EXIT-SL] USDJPY SHORT entry=149.46816 exit=149.91672 pnl=-340.45 (-0.45R) bars_held=7 (ticket=289)
15:15:29 INFO  BacktestEngine: [2025-02-21 08:00] ENTRY USDJPY LONG @ 150.51650 SL=149.48400 TP=152.06600 (ticket=290)
15:15:30 INFO  Backtest: [EXIT-TIME-STOP] USDJPY LONG entry=150.51727 exit=150.27200 pnl=-220.99 (-0.24R) (ticket=290)
15:15:31 INFO  BacktestEngine: [2025-02-21 17:00] ENTRY USDJPY SHORT @ 149.54747 SL=150.60400 TP=147.96300 (ticket=293)
15:15:31 INFO  BacktestEngine: [2025-02-24 00:00] ENTRY USDJPY SHORT @ 149.19150 SL=150.12700 TP=147.78800 (ticket=294)
15:15:32 INFO  Backtest: [STALE-SL] bar=5035 USDJPY short open 6.0h still losing (-0.22R) — SL tightened 150.12700→149.66031 (cap at 0.50R, atr_ratio=1.00, progress=0%) (ticket=294)
15:15:32 INFO  Backtest: [STALE-SL] bar=5036 USDJPY short open 7.0h still losing (-0.29R) — SL tightened 149.66031→149.64475 (cap at 0.48R, atr_ratio=1.00, progress=8%) (ticket=294)
15:15:33 INFO  Backtest: [STALE-SL] bar=5037 USDJPY short open 8.0h still losing (-0.28R) — SL tightened 149.64475→149.62920 (cap at 0.47R, atr_ratio=1.00, progress=17%) (ticket=294)
15:15:33 INFO  Backtest: [STALE-SL] bar=5038 USDJPY short open 9.0h still losing (-0.24R) — SL tightened 149.62920→149.60572 (cap at 0.44R, atr_ratio=0.98, progress=25%) (ticket=294)
15:15:33 INFO  Backtest: [STALE-SL] bar=5039 USDJPY short open 10.0h still losing (-0.39R) — SL tightened 149.60572→149.59809 (cap at 0.43R, atr_ratio=1.00, progress=33%) (ticket=294)
15:15:33 INFO  Backtest: [EXIT-SL] USDJPY SHORT entry=149.19362 exit=149.59809 pnl=-300.05 (-0.44R) bars_held=11 (ticket=294)
15:15:33 INFO  BacktestEngine: [2025-02-24 15:00] ENTRY USDJPY LONG @ 149.76352 SL=149.19400 TP=150.61700 (ticket=295)
15:15:34 INFO  Backtest: [EXIT-SL] USDJPY LONG entry=149.78465 exit=149.19400 pnl=-843.97 (-1.05R) bars_held=1 (ticket=295)
15:15:36 INFO  BacktestEngine: [2025-02-25 05:00] ENTRY USDJPY SHORT @ 149.66429 SL=150.22600 TP=148.82100 (ticket=296)
15:15:37 INFO  Backtest: [STALE-SL] bar=5064 USDJPY short open 6.0h still losing (-0.18R) — SL tightened 150.22600→149.94376 (cap at 0.50R, atr_ratio=1.00, progress=0%) (ticket=296)
15:15:37 INFO  Backtest: [EXIT-SL] USDJPY SHORT entry=149.66152 exit=149.94376 pnl=-395.76 (-0.52R) bars_held=7 (ticket=296)
15:15:37 INFO  BacktestEngine: [2025-02-25 17:00] ENTRY USDJPY SHORT @ 149.07325 SL=149.95600 TP=147.75000 (ticket=299)
15:15:38 INFO  Backtest: [STALE-SL] bar=5076 USDJPY short open 6.0h still losing (-0.05R) — SL tightened 149.95600→149.44990 (cap at 0.43R, atr_ratio=0.87, progress=0%) (ticket=299)
15:15:39 INFO  Backtest: [STALE-SL] bar=5079 USDJPY short open 9.0h still losing (-0.18R) — SL tightened 149.44990→149.41984 (cap at 0.40R, atr_ratio=0.89, progress=25%) (ticket=299)
15:15:39 INFO  Backtest: [EXIT-SL] USDJPY SHORT entry=149.06330 exit=149.41984 pnl=-314.88 (-0.41R) bars_held=10 (ticket=299)
15:15:40 INFO  BacktestEngine: [2025-02-26 10:00] ENTRY USDJPY SHORT @ 149.28833 SL=149.94500 TP=148.30300 (ticket=300)
15:15:41 INFO  Backtest: [STALE-SL] bar=5093 USDJPY short open 6.0h still losing (-0.30R) — SL tightened 149.94500→149.61592 (cap at 0.50R, atr_ratio=1.00, progress=0%) (ticket=300)
15:15:42 INFO  Backtest: [STALE-WIN] bar=5099 USDJPY short open 12.0h, profit stalling (now +0.34R, peak +0.69R) — SL→BE 149.61592→149.38556 (ticket=300)
15:15:43 INFO  Backtest: [EXIT-SL] USDJPY SHORT entry=149.28684 exit=149.38556 pnl=-122.99 (-0.16R) bars_held=16 (ticket=300)
15:15:44 INFO  BacktestEngine: [2025-02-27 11:00] ENTRY USDJPY LONG @ 149.84300 SL=149.15400 TP=150.87700 (ticket=301)
15:15:45 INFO  Backtest: [EXIT-TIME-STOP] USDJPY LONG entry=149.84778 exit=149.73300 pnl=-148.23 (-0.18R) (ticket=301)
15:15:46 INFO  BacktestEngine: [2025-02-27 22:00] ENTRY USDJPY SHORT @ 149.69350 SL=150.39600 TP=148.64000 (ticket=303)
15:15:47 INFO  Backtest: [STALE-WIN] bar=5129 USDJPY short open 6.0h, profit stalling (now +0.13R, peak +0.57R) — SL→BE 150.39600→149.80207 (ticket=303)
15:15:47 INFO  Backtest: [EXIT-SL] USDJPY SHORT entry=149.69726 exit=149.80207 pnl=-113.64 (-0.16R) bars_held=8 (ticket=303)
  [USDJPY] 4608/5122 bars (90%)
15:15:48 INFO  BacktestEngine: [2025-02-28 15:00] ENTRY USDJPY LONG @ 150.64957 SL=149.48300 TP=152.40000 (ticket=304)
15:15:50 INFO  BacktestEngine: [2025-03-03 08:00] ENTRY USDJPY SHORT @ 150.46150 SL=151.12900 TP=149.46000 (ticket=305)
15:15:50 INFO  Backtest: [EXIT-SL] USDJPY SHORT entry=150.46324 exit=151.12900 pnl=-717.02 (-1.01R) bars_held=4 (ticket=305)
15:15:51 INFO  BacktestEngine: [2025-03-03 17:00] ENTRY USDJPY SHORT @ 150.23322 SL=151.07300 TP=148.97300 (ticket=306)
15:15:52 INFO  Backtest: [PARTIAL-TP1] bar=5173 USDJPY short closed 20% @ 149.30700 (+1R) SL: 151.07300→150.36284 (BE+15%R) rem_qty=0.74 rem_risk=$568.87 (ticket=306)
15:15:52 INFO  Backtest: [EXIT-TP] USDJPY SHORT entry=150.23752 exit=148.97300 pnl=+850.92 (+1.50R) bars_held=9 (ticket=306)
15:15:53 INFO  BacktestEngine: [2025-03-04 06:00] ENTRY USDJPY SHORT @ 149.13750 SL=150.24400 TP=147.47800 (ticket=307)
15:15:54 INFO  Backtest: [STALE-WIN] bar=5190 USDJPY short open 11.0h, profit stalling (now +0.29R, peak +0.84R) — SL→BE 150.24400→149.30417 (ticket=307)
15:15:54 INFO  Backtest: [EXIT-SL] USDJPY SHORT entry=149.13832 exit=149.30417 pnl=-118.44 (-0.16R) bars_held=14 (ticket=307)
15:15:55 INFO  BacktestEngine: [2025-03-05 00:00] ENTRY USDJPY LONG @ 149.73350 SL=148.81300 TP=151.11400 (ticket=308)
15:15:55 INFO  Backtest: [EXIT-TIME-STOP] USDJPY LONG entry=149.73062 exit=149.97100 pnl=+207.51 (+0.25R) (ticket=308)
15:15:56 INFO  BacktestEngine: [2025-03-05 05:00] ENTRY USDJPY LONG @ 149.97250 SL=149.09800 TP=151.52700 (ticket=309)
15:15:56 INFO  Backtest: [EXIT-TIME-STOP] USDJPY LONG entry=149.97119 exit=149.22200 pnl=-709.42 (-0.87R) (ticket=309)
15:15:56 INFO  BacktestEngine: [2025-03-05 10:00] ENTRY USDJPY SHORT @ 149.22016 SL=150.03600 TP=147.99700 (ticket=310)
15:15:57 INFO  Backtest: [PARTIAL-TP1] bar=5212 USDJPY short closed 20% @ 148.39800 (+1R) SL: 150.03600→149.34359 (BE+15%R) rem_qty=0.74 rem_risk=$552.15 (ticket=310)
15:15:58 INFO  Backtest: [EXIT-TIME-STOP] USDJPY SHORT entry=149.22140 exit=148.99400 pnl=+148.75 (+0.27R) (ticket=310)
15:15:58 INFO  BacktestEngine: [2025-03-06 03:00] ENTRY USDJPY SHORT @ 148.99250 SL=149.78300 TP=147.80600 (ticket=311)
15:15:59 INFO  Backtest: [PARTIAL-TP1] bar=5230 USDJPY short closed 20% @ 148.15400 (+1R) SL: 149.78300→149.11129 (BE+15%R) rem_qty=0.82 rem_risk=$593.02 (ticket=311)
15:15:59 INFO  Backtest: [EXIT-TP] USDJPY SHORT entry=148.99275 exit=147.80600 pnl=+884.11 (+1.49R) bars_held=7 (ticket=311)
15:15:59 INFO  BacktestEngine: [2025-03-06 11:00] ENTRY USDJPY SHORT @ 147.88101 SL=149.03400 TP=146.15200 (ticket=312)
15:16:00 INFO  Backtest: [STALE-SL] bar=5238 USDJPY short open 6.0h still losing (-0.02R) — SL tightened 149.03400→148.45871 (cap at 0.50R, atr_ratio=1.00, progress=0%) (ticket=312)
15:16:00 INFO  Backtest: [STALE-SL] bar=5239 USDJPY short open 7.0h still losing (-0.02R) — SL tightened 148.45871→148.43954 (cap at 0.48R, atr_ratio=1.00, progress=8%) (ticket=312)
15:16:01 INFO  Backtest: [STALE-WIN] bar=5240 USDJPY short open 8.0h, profit stalling (now +0.07R, peak +0.40R) — SL→BE 148.43954→148.05601 (ticket=312)
15:16:01 INFO  Backtest: [EXIT-SL] USDJPY SHORT entry=147.88343 exit=148.05601 pnl=-116.48 (-0.16R) bars_held=11 (ticket=312)
15:16:01 INFO  BacktestEngine: [2025-03-07 03:00] ENTRY USDJPY SHORT @ 147.89950 SL=148.69000 TP=146.71400 (ticket=313)
15:16:03 INFO  Backtest: [STALE-WIN] bar=5257 USDJPY short open 9.0h, profit stalling (now +0.26R, peak +0.72R) — SL→BE 148.69000→148.02067 (ticket=313)
15:16:04 INFO  BacktestEngine: [2025-03-10 02:00] ENTRY USDJPY SHORT @ 147.29350 SL=148.25900 TP=145.84500 (ticket=314)
15:16:05 INFO  Backtest: [STALE-SL] bar=5277 USDJPY short open 6.0h still losing (-0.28R) — SL tightened 148.25900→147.64911 (cap at 0.37R, atr_ratio=0.74, progress=0%) (ticket=314)
15:16:06 INFO  Backtest: [STALE-WIN] bar=5285 USDJPY short open 14.0h, profit stalling (now +0.15R, peak +0.54R) — SL→BE 147.64911→147.43803 (ticket=314)
15:16:07 INFO  Backtest: [EXIT-TIME-STOP] USDJPY SHORT entry=147.29316 exit=147.18600 pnl=+74.22 (+0.10R) (ticket=314)
15:16:07 INFO  BacktestEngine: [2025-03-10 19:00] ENTRY USDJPY SHORT @ 147.18450 SL=147.98400 TP=145.98500 (ticket=315)
15:16:08 INFO  Backtest: [STALE-WIN] bar=5297 USDJPY short open 9.0h, profit stalling (now +0.09R, peak +0.55R) — SL→BE 147.98400→147.30501 (ticket=315)
15:16:09 INFO  Backtest: [EXIT-SL] USDJPY SHORT entry=147.18519 exit=147.30501 pnl=-116.04 (-0.16R) bars_held=12 (ticket=315)
15:16:10 INFO  BacktestEngine: [2025-03-11 18:00] ENTRY USDJPY SHORT @ 147.28850 SL=148.16200 TP=145.97900 (ticket=316)
15:16:11 INFO  Backtest: [STALE-SL] bar=5317 USDJPY short open 6.0h still losing (-0.86R) — SL tightened 148.16200→147.71280 (cap at 0.48R, atr_ratio=0.97, progress=0%) (ticket=316)
15:16:11 INFO  Backtest: [EXIT-SL] USDJPY SHORT entry=147.29388 exit=147.71280 pnl=-337.75 (-0.49R) bars_held=7 (ticket=316)
15:16:12 INFO  BacktestEngine: [2025-03-12 06:00] ENTRY USDJPY LONG @ 148.15050 SL=147.07200 TP=149.76800 (ticket=317)
15:16:12 INFO  Backtest: [EXIT-TIME-STOP] USDJPY LONG entry=148.14941 exit=148.60700 pnl=+376.65 (+0.42R) (ticket=317)
15:16:12 INFO  BacktestEngine: [2025-03-12 11:00] ENTRY USDJPY LONG @ 148.60913 SL=147.47400 TP=150.31200 (ticket=318)
15:16:13 INFO  Backtest: [EXIT-TIME-STOP] USDJPY LONG entry=148.61355 exit=148.31500 pnl=-242.45 (-0.27R) (ticket=318)
15:16:13 INFO  BacktestEngine: [2025-03-12 17:00] ENTRY USDJPY SHORT @ 148.31850 SL=149.14300 TP=147.08100 (ticket=319)
15:16:15 INFO  Backtest: [EXIT-TIME-STOP] USDJPY SHORT entry=148.31824 exit=147.91800 pnl=+364.36 (+0.48R) (ticket=319)
15:16:15 INFO  BacktestEngine: [2025-03-13 10:00] ENTRY USDJPY SHORT @ 147.91629 SL=148.50300 TP=146.87300 (ticket=320)
15:16:16 INFO  Backtest: [STALE-WIN] bar=5362 USDJPY short open 11.0h, profit stalling (now +0.21R, peak +0.56R) — SL→BE 148.50300→148.00373 (ticket=320)
15:16:16 INFO  Backtest: [EXIT-SL] USDJPY SHORT entry=147.91562 exit=148.00373 pnl=-108.10 (-0.16R) bars_held=15 (ticket=320)
15:16:16 INFO  BacktestEngine: [2025-03-14 02:00] ENTRY USDJPY LONG @ 148.29885 SL=147.71100 TP=149.18000 (ticket=321)
15:16:17 INFO  Backtest: [EXIT-TIME-STOP] USDJPY LONG entry=148.29912 exit=148.46500 pnl=+200.10 (+0.27R) (ticket=321)
15:16:17 INFO  BacktestEngine: [2025-03-14 07:00] ENTRY USDJPY LONG @ 148.46650 SL=147.92100 TP=149.43600 (ticket=322)
15:16:17 INFO  Backtest: [EXIT-TIME-STOP] USDJPY LONG entry=148.46950 exit=148.79900 pnl=+439.26 (+0.59R) (ticket=322)
15:16:17 INFO  BacktestEngine: [2025-03-14 12:00] ENTRY USDJPY LONG @ 148.80143 SL=148.05100 TP=149.92700 (ticket=323)
15:16:18 INFO  Backtest: [EXIT-TIME-STOP] USDJPY LONG entry=148.80212 exit=148.51700 pnl=-293.10 (-0.39R) (ticket=323)
15:16:18 INFO  BacktestEngine: [2025-03-14 17:00] ENTRY USDJPY SHORT @ 148.51550 SL=149.12600 TP=147.59900 (ticket=324)
  [USDJPY] 4864/5122 bars (95%)
15:16:19 INFO  BacktestEngine: [2025-03-17 06:00] ENTRY USDJPY LONG @ 149.03692 SL=148.19500 TP=150.29900 (ticket=325)
15:16:20 INFO  Backtest: [EXIT-TIME-STOP] USDJPY LONG entry=149.03584 exit=148.66400 pnl=-386.82 (-0.45R) (ticket=325)
15:16:21 INFO  BacktestEngine: [2025-03-17 16:00] ENTRY USDJPY SHORT @ 148.59550 SL=149.23000 TP=147.64400 (ticket=328)
15:16:21 INFO  Backtest: [EXIT-SL] USDJPY SHORT entry=148.59379 exit=149.23000 pnl=-738.30 (-1.01R) bars_held=3 (ticket=328)
15:16:22 INFO  BacktestEngine: [2025-03-18 01:00] ENTRY USDJPY LONG @ 149.39650 SL=148.56900 TP=150.63800 (ticket=330)
15:16:22 INFO  Backtest: [EXIT-TIME-STOP] USDJPY LONG entry=149.39332 exit=149.55800 pnl=+147.15 (+0.19R) (ticket=330)
15:16:23 INFO  BacktestEngine: [2025-03-18 08:00] ENTRY USDJPY LONG @ 149.73650 SL=148.97200 TP=150.88300 (ticket=331)
15:16:24 INFO  Backtest: [EXIT-TIME-STOP] USDJPY LONG entry=149.73446 exit=149.74500 pnl=+2.90 (+0.00R) (ticket=331)
15:16:24 INFO  BacktestEngine: [2025-03-18 18:00] ENTRY USDJPY SHORT @ 149.41455 SL=149.96000 TP=148.59600 (ticket=332)
15:16:25 INFO  Backtest: [STALE-SL] bar=5436 USDJPY short open 6.0h still losing (-0.06R) — SL tightened 149.96000→149.67815 (cap at 0.49R, atr_ratio=0.98, progress=0%) (ticket=332)
15:16:26 INFO  Backtest: [STALE-SL] bar=5437 USDJPY short open 7.0h still losing (-0.36R) — SL tightened 149.67815→149.67275 (cap at 0.48R, atr_ratio=0.99, progress=8%) (ticket=332)
15:16:26 INFO  Backtest: [STALE-SL] bar=5438 USDJPY short open 8.0h still losing (-0.10R) — SL tightened 149.67275→149.66531 (cap at 0.47R, atr_ratio=1.00, progress=17%) (ticket=332)
15:16:26 INFO  Backtest: [STALE-SL] bar=5439 USDJPY short open 9.0h still losing (-0.03R) — SL tightened 149.66531→149.65610 (cap at 0.45R, atr_ratio=1.00, progress=25%) (ticket=332)
15:16:26 INFO  Backtest: [STALE-SL] bar=5441 USDJPY short open 11.0h still losing (-0.23R) — SL tightened 149.65610→149.63769 (cap at 0.42R, atr_ratio=1.00, progress=42%) (ticket=332)
15:16:26 INFO  Backtest: [EXIT-SL] USDJPY SHORT entry=149.40746 exit=149.63769 pnl=-287.95 (-0.44R) bars_held=12 (ticket=332)
15:16:26 INFO  BacktestEngine: [2025-03-19 07:00] ENTRY USDJPY LONG @ 149.77460 SL=149.03700 TP=150.88100 (ticket=333)
15:16:27 INFO  Backtest: [EXIT-TIME-STOP] USDJPY LONG entry=149.77466 exit=149.77800 pnl=-4.91 (-0.01R) (ticket=333)
15:16:28 INFO  BacktestEngine: [2025-03-19 21:00] ENTRY USDJPY SHORT @ 148.83939 SL=149.57500 TP=147.73600 (ticket=334)
15:16:30 INFO  Backtest: [STALE-WIN] bar=5468 USDJPY short open 11.0h, profit stalling (now +0.35R, peak +0.77R) — SL→BE 149.57500→148.95246 (ticket=334)
15:16:31 INFO  Backtest: [EXIT-TIME-STOP] USDJPY SHORT entry=148.84260 exit=148.55900 pnl=+266.14 (+0.37R) (ticket=334)
15:16:31 INFO  BacktestEngine: [2025-03-20 14:00] ENTRY USDJPY SHORT @ 148.55713 SL=149.15900 TP=147.65400 (ticket=335)
15:16:32 INFO  Backtest: [STALE-SL] bar=5480 USDJPY short open 6.0h still losing (-0.38R) — SL tightened 149.15900→148.85657 (cap at 0.50R, atr_ratio=1.00, progress=0%) (ticket=335)
15:16:32 INFO  Backtest: [STALE-SL] bar=5481 USDJPY short open 7.0h still losing (-0.35R) — SL tightened 148.85657→148.84649 (cap at 0.48R, atr_ratio=1.00, progress=8%) (ticket=335)
15:16:32 INFO  Backtest: [STALE-SL] bar=5482 USDJPY short open 8.0h still losing (-0.34R) — SL tightened 148.84649→148.83640 (cap at 0.47R, atr_ratio=1.00, progress=17%) (ticket=335)
15:16:32 INFO  Backtest: [STALE-SL] bar=5483 USDJPY short open 9.0h still losing (-0.27R) — SL tightened 148.83640→148.82299 (cap at 0.44R, atr_ratio=0.99, progress=25%) (ticket=335)
15:16:32 INFO  Backtest: [STALE-SL] bar=5484 USDJPY short open 10.0h still losing (-0.11R) — SL tightened 148.82299→148.79793 (cap at 0.40R, atr_ratio=0.93, progress=33%) (ticket=335)
15:16:32 INFO  Backtest: [EXIT-SL] USDJPY SHORT entry=148.55413 exit=148.79793 pnl=-295.22 (-0.42R) bars_held=11 (ticket=335)
15:16:33 INFO  BacktestEngine: [2025-03-21 05:00] ENTRY USDJPY LONG @ 149.21084 SL=148.68500 TP=149.99900 (ticket=336)
15:16:33 INFO  Backtest: [EXIT-TIME-STOP] USDJPY LONG entry=149.21252 exit=149.48400 pnl=+396.07 (+0.50R) (ticket=336)
15:16:34 INFO  BacktestEngine: [2025-03-21 13:00] ENTRY USDJPY SHORT @ 148.88977 SL=149.45800 TP=148.03800 (ticket=337)
15:16:35 INFO  BacktestEngine: [2025-03-24 00:00] ENTRY USDJPY LONG @ 149.57974 SL=149.04300 TP=150.38500 (ticket=338)
15:16:35 INFO  Backtest: [EXIT-TIME-STOP] USDJPY LONG entry=149.57509 exit=149.80800 pnl=+352.51 (+0.42R) (ticket=338)
15:16:36 INFO  BacktestEngine: [2025-03-24 05:00] ENTRY USDJPY LONG @ 149.80950 SL=149.08400 TP=150.89800 (ticket=339)
15:16:36 INFO  Backtest: [EXIT-TIME-STOP] USDJPY LONG entry=149.80959 exit=149.62200 pnl=-225.69 (-0.27R) (ticket=339)
15:16:36 INFO  BacktestEngine: [2025-03-24 10:00] ENTRY USDJPY SHORT @ 149.62029 SL=150.12100 TP=148.86900 (ticket=340)
15:16:37 INFO  Backtest: [EXIT-SL] USDJPY SHORT entry=149.61425 exit=150.12100 pnl=-730.30 (-1.03R) bars_held=4 (ticket=340)
15:16:38 INFO  BacktestEngine: [2025-03-24 22:00] ENTRY USDJPY LONG @ 150.68350 SL=149.92600 TP=151.82000 (ticket=341)
15:16:38 INFO  Backtest: [EXIT-TIME-STOP] USDJPY LONG entry=150.61706 exit=150.66100 pnl=+39.91 (+0.05R) (ticket=341)
15:16:39 INFO  BacktestEngine: [2025-03-25 06:00] ENTRY USDJPY SHORT @ 150.54950 SL=151.00600 TP=149.73700 (ticket=342)
15:16:40 INFO  Backtest: [PARTIAL-TP1] bar=5544 USDJPY short closed 20% @ 149.95900 (+1R) SL: 151.00600→150.61507 (BE+15%R) rem_qty=1.37 rem_risk=$568.67 (ticket=342)
15:16:40 INFO  Backtest: [EXIT-TP] USDJPY SHORT entry=150.54608 exit=149.73700 pnl=+997.63 (+1.75R) bars_held=8 (ticket=342)
15:16:40 INFO  BacktestEngine: [2025-03-25 15:00] ENTRY USDJPY SHORT @ 149.77124 SL=150.26900 TP=149.02500 (ticket=343)
15:16:41 INFO  Backtest: [STALE-SL] bar=5552 USDJPY short open 6.0h still losing (-0.22R) — SL tightened 150.26900→150.00175 (cap at 0.46R, atr_ratio=0.92, progress=0%) (ticket=343)
15:16:41 INFO  Backtest: [STALE-SL] bar=5553 USDJPY short open 7.0h still losing (-0.16R) — SL tightened 150.00175→149.98857 (cap at 0.43R, atr_ratio=0.90, progress=8%) (ticket=343)
15:16:41 INFO  Backtest: [STALE-SL] bar=5554 USDJPY short open 8.0h still losing (-0.35R) — SL tightened 149.98857→149.97101 (cap at 0.40R, atr_ratio=0.85, progress=17%) (ticket=343)
15:16:41 INFO  Backtest: [EXIT-SL] USDJPY SHORT entry=149.77341 exit=149.97101 pnl=-297.03 (-0.41R) bars_held=9 (ticket=343)
15:16:48 INFO  BacktestEngine: [2025-03-28 02:00] ENTRY USDJPY SHORT @ 150.95223 SL=151.43100 TP=150.23300 (ticket=344)
15:16:49 INFO  Backtest: [PARTIAL-TP1] bar=5611 USDJPY short closed 20% @ 150.38800 (+1R) SL: 151.43100→151.02492 (BE+15%R) rem_qty=1.24 rem_risk=$540.76 (ticket=344)
15:16:50 INFO  Backtest: [EXIT-TP] USDJPY SHORT entry=150.95325 exit=150.23300 pnl=+804.06 (+1.49R) bars_held=13 (ticket=344)
15:16:50 INFO  BacktestEngine: [2025-03-28 16:00] ENTRY USDJPY SHORT @ 150.07856 SL=150.67800 TP=149.18000 (ticket=345)
15:16:51 INFO  BacktestEngine: [2025-03-31 00:00] ENTRY USDJPY SHORT @ 149.61550 SL=150.48700 TP=148.30900 (ticket=346)
15:16:52 INFO  Backtest: [STALE-WIN] bar=5637 USDJPY short open 11.0h, profit stalling (now +0.48R, peak +0.82R) — SL→BE 150.48700→149.74066 (ticket=346)
15:16:52 INFO  Backtest: [EXIT-SL] USDJPY SHORT entry=149.60895 exit=149.74066 pnl=-116.70 (-0.16R) bars_held=15 (ticket=346)
15:16:53 INFO  BacktestEngine: [2025-03-31 16:00] ENTRY USDJPY LONG @ 149.65677 SL=148.61600 TP=151.21700 (ticket=347)
15:16:53 INFO  Backtest: [EXIT-TIME-STOP] USDJPY LONG entry=149.65696 exit=150.11200 pnl=+370.45 (+0.43R) (ticket=347)
15:16:53 INFO  BacktestEngine: [2025-03-31 21:00] ENTRY USDJPY LONG @ 150.11350 SL=149.42800 TP=151.33200 (ticket=348)
  [USDJPY] 5120/5122 bars (100%)
  [USDJPY] 5122/5122 bars (100%)
15:16:54 INFO  BacktestEngine: Backtest done: 303 trades  equity 100000 → 106529 (+6.53%)
15:16:54 INFO  SymbolTuner:     ct=0.4  trades=303  Sharpe=0.834  return=+6.53%
/home/hkerroum/anaconda3/lib/python3.11/site-packages/yfinance/scrapers/history.py:204: Pandas4Warning: Timestamp.utcnow is deprecated and will be removed in a future version. Use Timestamp.now('UTC') instead.
  dt_now = pd.Timestamp.utcnow()
/home/hkerroum/anaconda3/lib/python3.11/site-packages/yfinance/scrapers/history.py:204: Pandas4Warning: Timestamp.utcnow is deprecated and will be removed in a future version. Use Timestamp.now('UTC') instead.
  dt_now = pd.Timestamp.utcnow()
/home/hkerroum/anaconda3/lib/python3.11/site-packages/yfinance/scrapers/history.py:204: Pandas4Warning: Timestamp.utcnow is deprecated and will be removed in a future version. Use Timestamp.now('UTC') instead.
  dt_now = pd.Timestamp.utcnow()
/home/hkerroum/anaconda3/lib/python3.11/site-packages/yfinance/scrapers/history.py:204: Pandas4Warning: Timestamp.utcnow is deprecated and will be removed in a future version. Use Timestamp.now('UTC') instead.
  dt_now = pd.Timestamp.utcnow()
15:16:54 INFO  BacktestEngine: Macro history pre-loaded: 231 days (2024-05-02 → 2025-04-03)
15:16:54 INFO  root: Registered agent: RegimeAgent
15:16:54 INFO  root: Registered agent: TrendAgent
15:16:54 INFO  root: Registered agent: MomentumAgent
15:16:54 INFO  root: Registered agent: MeanReversionAgent
15:16:54 INFO  root: Registered agent: VolatilityAgent
15:16:54 INFO  root: Registered agent: BreadthAgent
15:16:54 INFO  root: Registered agent: PatternAgent
15:16:54 INFO  root: Registered agent: IntermarketAgent
15:16:54 INFO  root: Registered agent: SessionBreakoutAgent
15:16:54 INFO  root: Registered agent: DivergenceAgent
15:16:54 INFO  root: Registered agent: ScalpingAgent
15:16:54 INFO  root: Registered agent: VwapScalpAgent
15:16:54 INFO  root: Registered agent: SqueezeBreakoutAgent
15:16:54 INFO  root: Registered agent: OrderFlowAgent
15:16:54 INFO  root: Registered agent: CorrelationAgent
15:16:54 INFO  BacktestEngine: [timing] mid_tf=1H  bar=3600s  signal=300s → agent_interval=1 bars  surv=60s → surv_interval=1 bars
15:17:08 INFO  BacktestEngine: [2024-06-10 00:00] ENTRY USDJPY LONG @ 156.74450 SL=155.81700 TP=158.13500 (ticket=1)
15:17:09 INFO  Backtest: [STALE-WIN] bar=661 USDJPY long open 12.0h, profit stalling (now +0.10R, peak +0.45R) — SL→BE 155.81700→156.60089 (ticket=1)
15:17:10 INFO  Backtest: [EXIT-TIME-STOP] USDJPY LONG entry=156.73923 exit=156.90500 pnl=+122.28 (+0.17R) (ticket=1)
15:17:11 INFO  BacktestEngine: [2024-06-10 21:00] ENTRY USDJPY LONG @ 157.08050 SL=156.69500 TP=157.65900 (ticket=2)
15:17:12 INFO  Backtest: [STALE-WIN] bar=683 USDJPY long open 13.0h, profit stalling (now +0.36R, peak +0.68R) — SL→BE 156.69500→157.02251 (ticket=2)
15:17:13 INFO  Backtest: [EXIT-TIME-STOP] USDJPY LONG entry=157.08031 exit=157.10000 pnl=+22.49 (+0.03R) (ticket=2)
15:17:13 INFO  BacktestEngine: [2024-06-11 17:00] ENTRY USDJPY LONG @ 157.32419 SL=156.85300 TP=158.03100 (ticket=3)
15:17:14 INFO  Backtest: [STALE-SL] bar=696 USDJPY long open 6.0h still losing (-0.43R) — SL tightened 156.85300→157.08756 (cap at 0.50R, atr_ratio=1.00, progress=0%) (ticket=3)
15:17:14 INFO  Backtest: [EXIT-SL] USDJPY LONG entry=157.32213 exit=157.08756 pnl=-429.88 (-0.51R) bars_held=7 (ticket=3)
15:17:14 INFO  BacktestEngine: [2024-06-12 01:00] ENTRY USDJPY LONG @ 157.14050 SL=156.80300 TP=157.64600 (ticket=4)
15:17:16 INFO  Backtest: [EXIT-SL] USDJPY LONG entry=157.14298 exit=156.80300 pnl=-816.26 (-1.03R) bars_held=13 (ticket=4)
15:17:17 INFO  BacktestEngine: [2024-06-12 22:00] ENTRY USDJPY LONG @ 156.83880 SL=156.23800 TP=157.74000 (ticket=5)
15:17:19 INFO  Backtest: [EXIT-TIME-STOP] USDJPY LONG entry=156.84097 exit=157.02500 pnl=+231.08 (+0.29R) (ticket=5)
15:17:19 INFO  BacktestEngine: [2024-06-13 16:00] ENTRY USDJPY LONG @ 157.18655 SL=156.68300 TP=157.94200 (ticket=6)
15:17:20 INFO  Backtest: [STALE-SL] bar=743 USDJPY long open 6.0h still losing (-0.34R) — SL tightened 156.68300→156.93668 (cap at 0.50R, atr_ratio=1.00, progress=0%) (ticket=6)
15:17:20 INFO  Backtest: [EXIT-SL] USDJPY LONG entry=157.19036 exit=156.93668 pnl=-411.48 (-0.52R) bars_held=7 (ticket=6)
15:17:20 INFO  BacktestEngine: [2024-06-14 03:00] ENTRY USDJPY LONG @ 157.20250 SL=156.77400 TP=157.84500 (ticket=7)
15:17:20 INFO  Backtest: [EXIT-TP] USDJPY LONG entry=157.20966 exit=157.84500 pnl=+1113.75 (+1.47R) bars_held=2 (ticket=7)
15:17:20 INFO  BacktestEngine: [2024-06-14 07:00] ENTRY USDJPY LONG @ 157.94450 SL=157.06300 TP=159.26600 (ticket=8)
15:17:21 INFO  Backtest: [EXIT-SL] USDJPY LONG entry=157.94252 exit=157.06300 pnl=-775.07 (-1.01R) bars_held=4 (ticket=8)
15:17:22 INFO  BacktestEngine: [2024-06-14 19:00] ENTRY USDJPY LONG @ 157.31550 SL=156.58000 TP=158.41800 (ticket=9)
15:17:22 INFO  BacktestEngine: [2024-06-17 00:00] ENTRY USDJPY LONG @ 157.34650 SL=156.75100 TP=158.23900 (ticket=10)
15:17:23 INFO  Backtest: [STALE-WIN] bar=777 USDJPY long open 8.0h, profit stalling (now +0.02R, peak +0.37R) — SL→BE 156.75100→157.24939 (ticket=10)
  [USDJPY] 256/5122 bars (5%)
15:17:24 INFO  Backtest: [EXIT-TIME-STOP] USDJPY LONG entry=157.33734 exit=157.85500 pnl=+649.70 (+0.86R) (ticket=10)
15:17:24 INFO  BacktestEngine: [2024-06-17 17:00] ENTRY USDJPY LONG @ 157.85650 SL=157.17200 TP=158.88300 (ticket=11)
15:17:25 INFO  Backtest: [STALE-SL] bar=792 USDJPY long open 6.0h still losing (-0.20R) — SL tightened 157.17200→157.59670 (cap at 0.38R, atr_ratio=0.76, progress=0%) (ticket=11)
15:17:25 INFO  Backtest: [STALE-SL] bar=793 USDJPY long open 7.0h still losing (-0.22R) — SL tightened 157.59670→157.62460 (cap at 0.34R, atr_ratio=0.71, progress=8%) (ticket=11)
15:17:25 INFO  Backtest: [STALE-SL] bar=794 USDJPY long open 8.0h still losing (-0.24R) — SL tightened 157.62460→157.64258 (cap at 0.32R, atr_ratio=0.68, progress=17%) (ticket=11)
15:17:25 INFO  Backtest: [EXIT-SL] USDJPY LONG entry=157.85933 exit=157.64258 pnl=-249.18 (-0.33R) bars_held=9 (ticket=11)
15:17:26 INFO  BacktestEngine: [2024-06-18 04:00] ENTRY USDJPY SHORT @ 157.58535 SL=157.80000 TP=157.26400 (ticket=12)
15:17:26 INFO  Backtest: [EXIT-SL] USDJPY SHORT entry=157.58373 exit=157.80000 pnl=-707.19 (-1.04R) bars_held=3 (ticket=12)
15:17:27 INFO  BacktestEngine: [2024-06-18 12:00] ENTRY USDJPY LONG @ 158.09991 SL=157.58100 TP=158.87900 (ticket=16)
15:17:27 INFO  Backtest: [STALE-SL] bar=811 USDJPY long open 6.0h still losing (-0.75R) — SL tightened 157.58100→157.84155 (cap at 0.50R, atr_ratio=1.00, progress=0%) (ticket=16)
15:17:27 INFO  Backtest: [EXIT-SL] USDJPY LONG entry=158.10209 exit=157.84155 pnl=-407.64 (-0.52R) bars_held=7 (ticket=16)
15:17:29 INFO  BacktestEngine: [2024-06-19 07:00] ENTRY USDJPY LONG @ 157.85250 SL=157.56300 TP=158.28700 (ticket=17)
15:17:31 INFO  Backtest: [EXIT-TIME-STOP] USDJPY LONG entry=157.85210 exit=157.99000 pnl=+337.69 (+0.45R) (ticket=17)
15:17:31 INFO  BacktestEngine: [2024-06-20 00:00] ENTRY USDJPY LONG @ 157.99261 SL=157.66200 TP=158.48900 (ticket=18)
15:17:32 INFO  Backtest: [PARTIAL-TP1] bar=851 USDJPY long closed 20% @ 158.43700 (+1R) SL: 157.66200→157.94825 (BE+15%R) rem_qty=2.21 rem_risk=$664.65 (ticket=18)
15:17:33 INFO  Backtest: [EXIT-TP] USDJPY LONG entry=157.99877 exit=158.48900 pnl=+969.56 (+1.46R) bars_held=14 (ticket=18)
15:17:33 INFO  BacktestEngine: [2024-06-20 15:00] ENTRY USDJPY LONG @ 158.54899 SL=158.12600 TP=159.18300 (ticket=19)
15:17:34 INFO  Backtest: [PARTIAL-TP1] bar=867 USDJPY long closed 20% @ 159.10500 (+1R) SL: 158.12600→158.48039 (BE+15%R) rem_qty=1.75 rem_risk=$674.07 (ticket=19)
15:17:35 INFO  Backtest: [EXIT-TIME-STOP] USDJPY LONG entry=158.54293 exit=158.94900 pnl=+635.14 (+0.94R) (ticket=19)
15:17:36 INFO  BacktestEngine: [2024-06-21 13:00] ENTRY USDJPY LONG @ 159.00450 SL=158.51900 TP=159.73300 (ticket=20)
15:17:36 INFO  Backtest: [PARTIAL-TP1] bar=881 USDJPY long closed 20% @ 159.57600 (+1R) SL: 158.51900→158.93208 (BE+15%R) rem_qty=1.59 rem_risk=$703.73 (ticket=20)
15:17:37 INFO  BacktestEngine: [2024-06-24 00:00] ENTRY USDJPY LONG @ 159.70550 SL=159.13300 TP=160.56400 (ticket=21)
15:17:38 INFO  Backtest: [STALE-WIN] bar=896 USDJPY long open 7.0h, profit stalling (now +0.02R, peak +0.34R) — SL→BE 159.13300→159.61922 (ticket=21)
15:17:38 INFO  Backtest: [EXIT-SL] USDJPY LONG entry=159.70503 exit=159.61922 pnl=-136.13 (-0.16R) bars_held=11 (ticket=21)
15:17:38 INFO  BacktestEngine: [2024-06-24 14:00] ENTRY USDJPY SHORT @ 159.46120 SL=159.97800 TP=158.65400 (ticket=22)
15:17:40 INFO  Backtest: [EXIT-TIME-STOP] USDJPY SHORT entry=159.46357 exit=159.73200 pnl=-376.91 (-0.53R) (ticket=22)
15:17:41 INFO  BacktestEngine: [2024-06-24 23:00] ENTRY USDJPY LONG @ 159.60550 SL=158.99300 TP=160.52400 (ticket=24)
15:17:41 INFO  Backtest: [EXIT-MID+SHORT_OPPOSITION] USDJPY LONG entry=159.58784 exit=159.32600 pnl=-365.46 (-0.44R) (ticket=24)
15:17:42 INFO  BacktestEngine: [2024-06-25 09:00] ENTRY USDJPY LONG @ 159.47150 SL=159.08000 TP=160.16700 (ticket=26)
15:17:44 INFO  Backtest: [STALE-WIN] bar=934 USDJPY long open 12.0h, profit stalling (now +0.34R, peak +0.65R) — SL→BE 159.08000→159.42228 (ticket=26)
15:17:44 INFO  Backtest: [EXIT-TIME-STOP] USDJPY LONG entry=159.48268 exit=159.70400 pnl=+464.62 (+0.55R) (ticket=26)
15:17:44 INFO  BacktestEngine: [2024-06-26 02:00] ENTRY USDJPY LONG @ 159.70550 SL=159.44000 TP=160.10400 (ticket=27)
15:17:46 INFO  Backtest: [PARTIAL-TP1] bar=948 USDJPY long closed 20% @ 159.98300 (+1R) SL: 159.44000→159.66876 (BE+15%R) rem_qty=2.80 rem_risk=$676.98 (ticket=27)
15:17:46 INFO  Backtest: [EXIT-TP] USDJPY LONG entry=159.70913 exit=160.10400 pnl=+986.53 (+1.46R) bars_held=10 (ticket=27)
15:17:46 INFO  BacktestEngine: [2024-06-26 14:00] ENTRY USDJPY LONG @ 160.30742 SL=159.82200 TP=161.03600 (ticket=28)
15:17:47 INFO  Backtest: [PARTIAL-TP1] bar=958 USDJPY long closed 20% @ 160.78800 (+1R) SL: 159.82200→160.23003 (BE+15%R) rem_qty=1.63 rem_risk=$721.23 (ticket=28)
15:17:48 INFO  Backtest: [EXIT-TIME-STOP] USDJPY LONG entry=160.30204 exit=160.33700 pnl=+40.50 (+0.06R) (ticket=28)
15:17:49 INFO  BacktestEngine: [2024-06-27 10:00] ENTRY USDJPY LONG @ 160.54979 SL=159.99900 TP=161.37600 (ticket=29)
15:17:51 INFO  Backtest: [EXIT-TIME-STOP] USDJPY LONG entry=160.55135 exit=161.12100 pnl=+915.37 (+1.02R) (ticket=29)
15:17:51 INFO  BacktestEngine: [2024-06-28 04:00] ENTRY USDJPY LONG @ 161.06321 SL=160.47700 TP=161.94200 (ticket=30)
15:17:52 INFO  Backtest: [STALE-SL] bar=995 USDJPY long open 6.0h still losing (-0.25R) — SL tightened 160.47700→160.76706 (cap at 0.50R, atr_ratio=1.00, progress=0%) (ticket=30)
15:17:52 INFO  Backtest: [EXIT-SL] USDJPY LONG entry=161.05712 exit=160.76706 pnl=-414.56 (-0.51R) bars_held=7 (ticket=30)
15:17:53 INFO  BacktestEngine: [2024-06-28 15:00] ENTRY USDJPY SHORT @ 160.50766 SL=160.94000 TP=159.85900 (ticket=31)
15:17:53 INFO  Backtest: [EXIT-SL] USDJPY SHORT entry=160.50615 exit=160.94000 pnl=-707.18 (-1.02R) bars_held=2 (ticket=31)
15:17:53 INFO  BacktestEngine: [2024-07-01 00:00] ENTRY USDJPY LONG @ 160.81850 SL=160.41000 TP=161.43200 (ticket=33)
15:17:54 INFO  Backtest: [STALE-WIN] bar=1017 USDJPY long open 8.0h, profit stalling (now +0.22R, peak +0.64R) — SL→BE 160.41000→160.75441 (ticket=33)
15:17:55 INFO  Backtest: [PARTIAL-TP1] bar=1023 USDJPY long closed 20% @ 161.35400 (+1R) SL: 160.75441→160.75441 (BE+15%R) rem_qty=1.97 rem_risk=$731.92 (ticket=33)
15:17:55 INFO  Backtest: [EXIT-TP] USDJPY LONG entry=160.81519 exit=161.43200 pnl=+1090.86 (+1.49R) bars_held=15 (ticket=33)
15:17:55 INFO  BacktestEngine: [2024-07-01 16:00] ENTRY USDJPY LONG @ 161.28661 SL=160.69300 TP=162.17700 (ticket=34)
15:17:55 INFO  Backtest: [PARTIAL-TP1] bar=1025 USDJPY long closed 20% @ 161.65600 (+1R) SL: 160.69300→161.02151 (BE+15%R) rem_qty=1.37 rem_risk=$738.82 (ticket=34)
  [USDJPY] 512/5122 bars (10%)
15:17:57 INFO  Backtest: [EXIT-TIME-STOP] USDJPY LONG entry=161.07949 exit=161.67400 pnl=+730.52 (+0.99R) (ticket=34)
15:17:57 INFO  BacktestEngine: [2024-07-02 09:00] ENTRY USDJPY LONG @ 161.67573 SL=161.30400 TP=162.23300 (ticket=35)
15:17:58 INFO  Backtest: [STALE-SL] bar=1048 USDJPY long open 6.0h still losing (-0.31R) — SL tightened 161.30400→161.49384 (cap at 0.49R, atr_ratio=0.98, progress=0%) (ticket=35)
15:17:59 INFO  Backtest: [STALE-SL] bar=1050 USDJPY long open 8.0h still losing (-0.08R) — SL tightened 161.49670→161.50324 (cap at 0.47R, atr_ratio=1.00, progress=17%) (ticket=35)
15:17:59 INFO  Backtest: [STALE-SL] bar=1051 USDJPY long open 9.0h still losing (-0.12R) — SL tightened 161.50324→161.52278 (cap at 0.41R, atr_ratio=0.92, progress=25%) (ticket=35)
15:17:59 INFO  Backtest: [EXIT-TIME-STOP] USDJPY LONG entry=161.67696 exit=161.93900 pnl=+599.47 (+0.68R) (ticket=35)
15:18:00 INFO  BacktestEngine: [2024-07-03 13:00] ENTRY USDJPY LONG @ 161.94050 SL=161.47200 TP=162.64300 (ticket=36)
15:18:00 INFO  Backtest: [EXIT-SL] USDJPY LONG entry=161.93788 exit=161.47200 pnl=-848.97 (-1.01R) bars_held=3 (ticket=36)
15:18:01 INFO  BacktestEngine: [2024-07-03 21:00] ENTRY USDJPY LONG @ 161.66379 SL=161.23700 TP=162.42300 (ticket=37)
15:18:02 INFO  Backtest: [EXIT-SL] USDJPY LONG entry=161.65831 exit=161.23700 pnl=-839.34 (-1.00R) bars_held=6 (ticket=37)
15:18:03 INFO  BacktestEngine: [2024-07-04 10:00] ENTRY USDJPY SHORT @ 161.28007 SL=161.76900 TP=160.54700 (ticket=39)
15:18:03 INFO  Backtest: [EXIT-TIME-STOP] USDJPY SHORT entry=161.27618 exit=161.13700 pnl=+193.84 (+0.27R) (ticket=39)
15:18:04 INFO  BacktestEngine: [2024-07-04 21:00] ENTRY USDJPY LONG @ 161.24550 SL=160.92400 TP=161.81700 (ticket=40)
15:18:05 INFO  Backtest: [EXIT-SL] USDJPY LONG entry=161.24777 exit=160.92400 pnl=-874.72 (-1.03R) bars_held=5 (ticket=40)
15:18:06 INFO  BacktestEngine: [2024-07-05 14:00] ENTRY USDJPY LONG @ 160.81950 SL=160.41700 TP=161.53600 (ticket=41)
15:18:06 INFO  Backtest: [EXIT-SL] USDJPY LONG entry=160.82124 exit=160.41700 pnl=-847.19 (-1.02R) bars_held=0 (ticket=41)
15:18:06 INFO  BacktestEngine: [2024-07-05 19:00] ENTRY USDJPY LONG @ 160.88950 SL=160.28700 TP=161.96100 (ticket=45)
15:18:06 INFO  BacktestEngine: [2024-07-08 00:00] ENTRY USDJPY LONG @ 160.78050 SL=160.28800 TP=161.65600 (ticket=46)
15:18:07 INFO  Backtest: [EXIT-SL] USDJPY LONG entry=160.71803 exit=160.28800 pnl=-728.94 (-0.89R) bars_held=4 (ticket=46)
15:18:07 INFO  BacktestEngine: [2024-07-08 09:00] ENTRY USDJPY LONG @ 160.83696 SL=160.35500 TP=161.69400 (ticket=50)
15:18:08 INFO  Backtest: [STALE-SL] bar=1133 USDJPY long open 6.0h still losing (-0.37R) — SL tightened 160.35500→160.59481 (cap at 0.50R, atr_ratio=1.00, progress=0%) (ticket=50)
15:18:08 INFO  Backtest: [EXIT-SL] USDJPY LONG entry=160.83461 exit=160.59481 pnl=-416.66 (-0.51R) bars_held=7 (ticket=50)
15:18:09 INFO  BacktestEngine: [2024-07-08 23:00] ENTRY USDJPY LONG @ 160.81650 SL=160.44300 TP=161.37600 (ticket=51)
15:18:09 INFO  Backtest: [STALE-WIN] bar=1149 USDJPY long open 8.0h, profit stalling (now +0.34R, peak +0.78R) — SL→BE 160.44300→160.73543 (ticket=51)
15:18:10 INFO  Backtest: [EXIT-TIME-STOP] USDJPY LONG entry=160.78704 exit=161.01400 pnl=+474.89 (+0.59R) (ticket=51)
15:18:10 INFO  BacktestEngine: [2024-07-09 18:00] ENTRY USDJPY LONG @ 161.39977 SL=160.77800 TP=162.33300 (ticket=52)
15:18:10 INFO  Backtest: [STALE-SL] bar=1166 USDJPY long open 6.0h still losing (-0.12R) — SL tightened 160.77800→161.15114 (cap at 0.40R, atr_ratio=0.80, progress=0%) (ticket=52)
15:18:10 INFO  Backtest: [STALE-SL] bar=1167 USDJPY long open 7.0h still losing (-0.12R) — SL tightened 161.15114→161.17438 (cap at 0.36R, atr_ratio=0.75, progress=8%) (ticket=52)
15:18:11 INFO  Backtest: [STALE-SL] bar=1174 USDJPY long open 14.0h still losing (-0.06R) — SL tightened 161.17438→161.28019 (cap at 0.19R, atr_ratio=0.53, progress=67%) (ticket=52)
15:18:11 INFO  Backtest: [EXIT-TIME-STOP] USDJPY LONG entry=161.40080 exit=161.51300 pnl=+136.94 (+0.17R) (ticket=52)
15:18:11 INFO  BacktestEngine: [2024-07-10 12:00] ENTRY USDJPY LONG @ 161.58850 SL=161.14200 TP=162.25800 (ticket=53)
15:18:12 INFO  Backtest: [STALE-SL] bar=1189 USDJPY long open 11.0h still losing (-0.03R) — SL tightened 161.14200→161.40236 (cap at 0.41R, atr_ratio=0.99, progress=42%) (ticket=53)
15:18:12 INFO  Backtest: [STALE-WIN] bar=1190 USDJPY long open 12.0h, profit stalling (now +0.02R, peak +0.43R) — SL→BE 161.40236→161.51817 (ticket=53)
15:18:12 INFO  Backtest: [EXIT-SL] USDJPY LONG entry=161.58455 exit=161.51817 pnl=-138.19 (-0.17R) bars_held=14 (ticket=53)
15:18:14 INFO  BacktestEngine: [2024-07-11 17:00] ENTRY USDJPY SHORT @ 158.55345 SL=160.01000 TP=156.36800 (ticket=54)
15:18:14 INFO  Backtest: [EXIT-TIME-STOP] USDJPY SHORT entry=158.54585 exit=158.82100 pnl=-144.14 (-0.19R) (ticket=54)
15:18:15 INFO  BacktestEngine: [2024-07-12 03:00] ENTRY USDJPY LONG @ 159.07978 SL=157.39500 TP=161.60800 (ticket=56)
15:18:16 INFO  Backtest: [STALE-SL] bar=1227 USDJPY long open 10.0h still losing (-0.06R) — SL tightened 157.39500→158.62146 (cap at 0.27R, atr_ratio=0.62, progress=33%) (ticket=56)
15:18:16 INFO  Backtest: [EXIT-SL] USDJPY LONG entry=159.07529 exit=158.62146 pnl=-239.39 (-0.27R) bars_held=11 (ticket=56)
15:18:17 INFO  BacktestEngine: [2024-07-12 19:00] ENTRY USDJPY SHORT @ 157.87150 SL=159.50600 TP=155.42000 (ticket=59)
15:18:17 INFO  BacktestEngine: [2024-07-15 01:00] ENTRY USDJPY LONG @ 158.34362 SL=157.48900 TP=159.86300 (ticket=60)
15:18:18 INFO  Backtest: [STALE-SL] bar=1245 USDJPY long open 6.0h still losing (-0.45R) — SL tightened 157.48900→158.09044 (cap at 0.29R, atr_ratio=0.58, progress=0%) (ticket=60)
15:18:18 INFO  Backtest: [EXIT-SL] USDJPY LONG entry=158.33834 exit=158.09044 pnl=-253.52 (-0.30R) bars_held=7 (ticket=60)
15:18:19 INFO  BacktestEngine: [2024-07-15 14:00] ENTRY USDJPY LONG @ 158.11373 SL=157.47200 TP=159.07700 (ticket=62)
15:18:19 INFO  Backtest: [EXIT-SL] USDJPY LONG entry=158.11639 exit=157.47200 pnl=-854.49 (-1.02R) bars_held=4 (ticket=62)
15:18:21 INFO  BacktestEngine: [2024-07-16 07:00] ENTRY USDJPY LONG @ 158.63650 SL=157.82800 TP=159.85000 (ticket=63)
15:18:22 INFO  Backtest: [STALE-SL] bar=1275 USDJPY long open 6.0h still losing (-0.37R) — SL tightened 157.82800→158.31851 (cap at 0.40R, atr_ratio=0.79, progress=0%) (ticket=63)
15:18:22 INFO  Backtest: [EXIT-SL] USDJPY LONG entry=158.63878 exit=158.31851 pnl=-343.20 (-0.41R) bars_held=7 (ticket=63)
15:18:24 INFO  BacktestEngine: [2024-07-17 08:00] ENTRY USDJPY SHORT @ 157.88694 SL=158.30000 TP=157.26800 (ticket=64)
  [USDJPY] 768/5122 bars (15%)
15:18:24 INFO  Backtest: [EXIT-TP] USDJPY SHORT entry=157.88492 exit=157.26800 pnl=+1025.64 (+1.48R) bars_held=1 (ticket=64)
15:18:24 INFO  BacktestEngine: [2024-07-17 12:00] ENTRY USDJPY SHORT @ 156.41344 SL=157.49700 TP=154.78900 (ticket=65)
15:18:25 INFO  Backtest: [EXIT-TIME-STOP] USDJPY SHORT entry=156.41430 exit=156.49900 pnl=-59.69 (-0.09R) (ticket=65)
15:18:25 INFO  BacktestEngine: [2024-07-17 20:00] ENTRY USDJPY SHORT @ 156.46250 SL=157.61400 TP=154.73500 (ticket=66)
15:18:26 INFO  Backtest: [EXIT-TIME-STOP] USDJPY SHORT entry=156.46379 exit=156.16800 pnl=+175.65 (+0.25R) (ticket=66)
15:18:26 INFO  BacktestEngine: [2024-07-18 02:00] ENTRY USDJPY SHORT @ 155.67612 SL=156.84700 TP=153.92000 (ticket=67)
15:18:27 INFO  Backtest: [EXIT-TIME-STOP] USDJPY SHORT entry=155.67336 exit=156.34100 pnl=-393.31 (-0.58R) (ticket=67)
15:18:27 INFO  BacktestEngine: [2024-07-18 07:00] ENTRY USDJPY LONG @ 156.34254 SL=155.57500 TP=157.70700 (ticket=68)
15:18:28 INFO  Backtest: [PARTIAL-TP1] bar=1328 USDJPY long closed 20% @ 157.14500 (+1R) SL: 155.57500→156.22743 (BE+15%R) rem_qty=0.92 rem_risk=$642.49 (ticket=68)
15:18:29 INFO  Backtest: [EXIT-TIME-STOP] USDJPY LONG entry=156.34257 exit=157.35800 pnl=+843.68 (+1.31R) (ticket=68)
15:18:29 INFO  BacktestEngine: [2024-07-19 00:00] ENTRY USDJPY LONG @ 157.35950 SL=156.78600 TP=158.22000 (ticket=69)
15:18:30 INFO  Backtest: [STALE-SL] bar=1342 USDJPY long open 8.0h still losing (-0.14R) — SL tightened 156.78600→157.12863 (cap at 0.39R, atr_ratio=0.84, progress=17%) (ticket=69)
15:18:30 INFO  Backtest: [EXIT-SL] USDJPY LONG entry=157.34965 exit=157.12863 pnl=-318.43 (-0.40R) bars_held=9 (ticket=69)
15:18:30 INFO  BacktestEngine: [2024-07-19 10:00] ENTRY USDJPY LONG @ 157.32217 SL=156.65800 TP=158.31800 (ticket=70)
15:18:31 INFO  Backtest: [STALE-WIN] bar=1350 USDJPY long open 6.0h, profit stalling (now +0.03R, peak +0.53R) — SL→BE 156.65800→157.22023 (ticket=70)
15:18:32 INFO  BacktestEngine: [2024-07-22 11:00] ENTRY USDJPY SHORT @ 156.79524 SL=157.59300 TP=155.59900 (ticket=71)
15:18:33 INFO  Backtest: [EXIT-TIME-STOP] USDJPY SHORT entry=156.79815 exit=156.86500 pnl=-55.62 (-0.09R) (ticket=71)
15:18:33 INFO  BacktestEngine: [2024-07-22 18:00] ENTRY USDJPY LONG @ 157.08850 SL=156.48200 TP=157.99800 (ticket=72)
15:18:35 INFO  Backtest: [STALE-SL] bar=1382 USDJPY long open 6.0h still losing (-0.08R) — SL tightened 156.48200→156.87881 (cap at 0.34R, atr_ratio=0.69, progress=0%) (ticket=72)
15:18:35 INFO  Backtest: [STALE-SL] bar=1383 USDJPY long open 7.0h still losing (-0.30R) — SL tightened 156.87881→156.89557 (cap at 0.31R, atr_ratio=0.65, progress=8%) (ticket=72)
15:18:35 INFO  Backtest: [EXIT-SL] USDJPY LONG entry=157.08559 exit=156.89557 pnl=-228.50 (-0.33R) bars_held=8 (ticket=72)
15:18:36 INFO  BacktestEngine: [2024-07-23 07:00] ENTRY USDJPY SHORT @ 156.30650 SL=157.12900 TP=155.07200 (ticket=74)
15:18:36 INFO  Backtest: [EXIT-TIME-STOP] USDJPY SHORT entry=156.30621 exit=155.94300 pnl=+265.29 (+0.43R) (ticket=74)
15:18:36 INFO  BacktestEngine: [2024-07-23 12:00] ENTRY USDJPY SHORT @ 155.94150 SL=156.90900 TP=154.49000 (ticket=75)
15:18:37 INFO  Backtest: [EXIT-TIME-STOP] USDJPY SHORT entry=155.95114 exit=155.97900 pnl=-22.64 (-0.04R) (ticket=75)
15:18:38 INFO  BacktestEngine: [2024-07-23 22:00] ENTRY USDJPY SHORT @ 155.63650 SL=156.46900 TP=154.38800 (ticket=76)
15:18:39 INFO  Backtest: [EXIT-TIME-STOP] USDJPY SHORT entry=155.63533 exit=155.82600 pnl=-146.21 (-0.24R) (ticket=76)
15:18:40 INFO  BacktestEngine: [2024-07-24 07:00] ENTRY USDJPY SHORT @ 154.60548 SL=155.53500 TP=153.21100 (ticket=80)
15:18:40 INFO  Backtest: [EXIT-TIME-STOP] USDJPY SHORT entry=154.60582 exit=154.77500 pnl=-140.03 (-0.19R) (ticket=80)
15:18:41 INFO  BacktestEngine: [2024-07-24 16:00] ENTRY USDJPY SHORT @ 153.43363 SL=154.73300 TP=151.48400 (ticket=83)
15:18:42 INFO  Backtest: [EXIT-TIME-STOP] USDJPY SHORT entry=153.45010 exit=154.00100 pnl=-315.16 (-0.43R) (ticket=83)
15:18:43 INFO  BacktestEngine: [2024-07-25 04:00] ENTRY USDJPY SHORT @ 152.85243 SL=154.19800 TP=150.83400 (ticket=84)
15:18:43 INFO  Backtest: [EXIT-TIME-STOP] USDJPY SHORT entry=152.86008 exit=152.84900 pnl=+1.69 (+0.00R) (ticket=84)
15:18:44 INFO  BacktestEngine: [2024-07-25 12:00] ENTRY USDJPY SHORT @ 152.30647 SL=153.91700 TP=149.89000 (ticket=85)
15:18:44 INFO  Backtest: [EXIT-SL] USDJPY SHORT entry=152.30800 exit=153.91700 pnl=-676.75 (-1.00R) bars_held=3 (ticket=85)
15:18:44 INFO  BacktestEngine: [2024-07-25 16:00] ENTRY USDJPY LONG @ 153.65299 SL=152.46900 TP=155.75900 (ticket=86)
15:18:46 INFO  Backtest: [STALE-SL] bar=1457 USDJPY long open 11.0h still losing (-0.06R) — SL tightened 152.46900→153.28498 (cap at 0.31R, atr_ratio=0.75, progress=42%) (ticket=86)
15:18:46 INFO  Backtest: [STALE-WIN] bar=1460 USDJPY long open 14.0h, profit stalling (now +0.02R, peak +0.32R) — SL→BE 153.28498→153.47618 (ticket=86)
15:18:46 INFO  Backtest: [EXIT-TIME-STOP] USDJPY LONG entry=153.65391 exit=153.63600 pnl=-17.01 (-0.02R) (ticket=86)
  [USDJPY] 1024/5122 bars (20%)
15:19:17 INFO  BacktestEngine: [2024-08-09 06:00] ENTRY USDJPY LONG @ 147.22178 SL=146.23500 TP=148.97600 (ticket=87)
15:19:18 INFO  Backtest: [STALE-SL] bar=1706 USDJPY long open 6.0h still losing (-0.08R) — SL tightened 146.23500→146.72757 (cap at 0.50R, atr_ratio=1.00, progress=0%) (ticket=87)
15:19:18 INFO  Backtest: [STALE-SL] bar=1707 USDJPY long open 7.0h still losing (-0.21R) — SL tightened 146.72757→146.74399 (cap at 0.48R, atr_ratio=1.00, progress=8%) (ticket=87)
15:19:18 INFO  Backtest: [EXIT-SL] USDJPY LONG entry=147.22014 exit=146.74399 pnl=-405.07 (-0.49R) bars_held=8 (ticket=87)
  [USDJPY] 1280/5122 bars (25%)
15:19:38 INFO  BacktestEngine: [2024-08-19 07:00] ENTRY USDJPY SHORT @ 146.18355 SL=147.47600 TP=144.24400 (ticket=88)
15:19:39 INFO  Backtest: [STALE-WIN] bar=1851 USDJPY short open 6.0h, profit stalling (now +0.11R, peak +0.59R) — SL→BE 147.47600→146.37843 (ticket=88)
15:19:39 INFO  Backtest: [EXIT-SL] USDJPY SHORT entry=146.18474 exit=146.37843 pnl=-102.62 (-0.16R) bars_held=8 (ticket=88)
15:19:43 INFO  BacktestEngine: [2024-08-20 13:00] ENTRY USDJPY SHORT @ 146.44550 SL=147.28400 TP=145.18800 (ticket=89)
15:19:44 INFO  Backtest: [PARTIAL-TP1] bar=1878 USDJPY short closed 20% @ 145.59800 (+1R) SL: 147.28400→146.57109 (BE+15%R) rem_qty=0.67 rem_risk=$512.59 (ticket=89)
15:19:45 INFO  Backtest: [EXIT-TP] USDJPY SHORT entry=146.44528 exit=145.18800 pnl=+764.15 (+1.49R) bars_held=10 (ticket=89)
15:19:45 INFO  BacktestEngine: [2024-08-21 00:00] ENTRY USDJPY SHORT @ 145.14150 SL=146.20600 TP=143.54400 (ticket=90)
15:19:46 INFO  Backtest: [STALE-SL] bar=1892 USDJPY short open 6.0h still losing (-0.51R) — SL tightened 146.20600→145.66213 (cap at 0.50R, atr_ratio=1.00, progress=0%) (ticket=90)
15:19:46 INFO  Backtest: [EXIT-SL] USDJPY SHORT entry=145.11825 exit=145.66213 pnl=-336.29 (-0.52R) bars_held=7 (ticket=90)
15:19:47 INFO  BacktestEngine: [2024-08-21 16:00] ENTRY USDJPY SHORT @ 145.73350 SL=146.41700 TP=144.70800 (ticket=91)
15:19:47 INFO  Backtest: [EXIT-SL] USDJPY SHORT entry=145.73591 exit=146.41700 pnl=-645.59 (-1.01R) bars_held=0 (ticket=91)
15:19:48 INFO  BacktestEngine: [2024-08-22 00:00] ENTRY USDJPY SHORT @ 145.17450 SL=146.31800 TP=143.45900 (ticket=95)
15:19:49 INFO  Backtest: [STALE-SL] bar=1917 USDJPY short open 7.0h still losing (-0.11R) — SL tightened 146.31800→145.65922 (cap at 0.44R, atr_ratio=0.91, progress=8%) (ticket=95)
15:19:49 INFO  Backtest: [STALE-SL] bar=1918 USDJPY short open 8.0h still losing (-0.20R) — SL tightened 145.65922→145.60952 (cap at 0.40R, atr_ratio=0.85, progress=17%) (ticket=95)
15:19:49 INFO  Backtest: [STALE-SL] bar=1919 USDJPY short open 9.0h still losing (-0.08R) — SL tightened 145.60952→145.59740 (cap at 0.39R, atr_ratio=0.86, progress=25%) (ticket=95)
15:19:49 INFO  Backtest: [EXIT-SL] USDJPY SHORT entry=145.14535 exit=145.59740 pnl=-297.04 (-0.40R) bars_held=10 (ticket=95)
15:19:50 INFO  BacktestEngine: [2024-08-22 16:00] ENTRY USDJPY LONG @ 146.28188 SL=145.42200 TP=147.57200 (ticket=96)
15:19:51 INFO  Backtest: [EXIT-TIME-STOP] USDJPY LONG entry=146.27668 exit=146.21800 pnl=-66.44 (-0.08R) (ticket=96)
15:19:52 INFO  BacktestEngine: [2024-08-23 02:00] ENTRY USDJPY SHORT @ 146.21050 SL=146.85800 TP=145.23900 (ticket=98)
15:19:52 INFO  Backtest: [PARTIAL-TP1] bar=1937 USDJPY short closed 20% @ 145.48300 (+1R) SL: 146.85800→146.30572 (BE+15%R) rem_qty=0.94 rem_risk=$551.45 (ticket=98)
15:19:54 INFO  Backtest: [EXIT-SL] USDJPY SHORT entry=146.20826 exit=146.30572 pnl=-89.56 (-0.16R) bars_held=13 (ticket=98)
15:19:54 INFO  BacktestEngine: [2024-08-26 00:00] ENTRY USDJPY SHORT @ 144.02750 SL=145.31200 TP=142.10100 (ticket=101)
15:19:56 INFO  Backtest: [STALE-SL] bar=1965 USDJPY short open 7.0h still losing (-0.01R) — SL tightened 145.31200→144.65599 (cap at 0.48R, atr_ratio=1.00, progress=8%) (ticket=101)
15:19:57 INFO  Backtest: [STALE-SL] bar=1971 USDJPY short open 13.0h still losing (-0.07R) — SL tightened 144.65599→144.48811 (cap at 0.35R, atr_ratio=0.92, progress=58%) (ticket=101)
15:19:57 INFO  Backtest: [STALE-SL] bar=1973 USDJPY short open 15.0h still losing (-0.29R) — SL tightened 144.48811→144.44366 (cap at 0.32R, atr_ratio=0.90, progress=75%) (ticket=101)
15:19:57 INFO  Backtest: [EXIT-SL] USDJPY SHORT entry=144.04231 exit=144.44366 pnl=-219.62 (-0.32R) bars_held=16 (ticket=101)
15:20:00 INFO  BacktestEngine: [2024-08-27 13:00] ENTRY USDJPY SHORT @ 144.77750 SL=145.70900 TP=143.38000 (ticket=102)
15:20:02 INFO  Backtest: [STALE-WIN] bar=2009 USDJPY short open 14.0h, profit stalling (now +0.45R, peak +0.98R) — SL→BE 145.70900→144.91651 (ticket=102)
15:20:03 INFO  Backtest: [EXIT-TIME-STOP] USDJPY SHORT entry=144.77665 exit=144.41200 pnl=+256.62 (+0.38R) (ticket=102)
15:20:06 INFO  BacktestEngine: [2024-08-29 00:00] ENTRY USDJPY SHORT @ 144.43450 SL=145.00900 TP=143.57300 (ticket=103)
15:20:07 INFO  Backtest: [STALE-SL] bar=2036 USDJPY short open 6.0h still losing (-0.41R) — SL tightened 145.00900→144.69907 (cap at 0.45R, atr_ratio=0.91, progress=0%) (ticket=103)
15:20:07 INFO  Backtest: [EXIT-SL] USDJPY SHORT entry=144.44235 exit=144.69907 pnl=-303.18 (-0.46R) bars_held=7 (ticket=103)
15:20:07 INFO  BacktestEngine: [2024-08-29 09:00] ENTRY USDJPY SHORT @ 144.58050 SL=145.14300 TP=143.73700 (ticket=104)
15:20:08 INFO  Backtest: [EXIT-SL] USDJPY SHORT entry=144.54899 exit=145.14300 pnl=-700.86 (-1.07R) bars_held=5 (ticket=104)
15:20:08 INFO  BacktestEngine: [2024-08-29 20:00] ENTRY USDJPY SHORT @ 144.85250 SL=145.49400 TP=143.89000 (ticket=105)
15:20:10 INFO  Backtest: [STALE-SL] bar=2061 USDJPY short open 11.0h still losing (-0.01R) — SL tightened 145.49400→145.00840 (cap at 0.25R, atr_ratio=0.59, progress=42%) (ticket=105)
15:20:10 INFO  Backtest: [EXIT-SL] USDJPY SHORT entry=144.84999 exit=145.00840 pnl=-167.78 (-0.26R) bars_held=12 (ticket=105)
  [USDJPY] 1536/5122 bars (30%)
15:20:11 INFO  BacktestEngine: [2024-08-30 13:00] ENTRY USDJPY LONG @ 145.30068 SL=144.67600 TP=146.23700 (ticket=107)
15:20:11 INFO  Backtest: [EXIT-TIME-STOP] USDJPY LONG entry=145.30116 exit=145.95400 pnl=+827.78 (+1.03R) (ticket=107)
15:20:12 INFO  BacktestEngine: [2024-08-30 18:00] ENTRY USDJPY LONG @ 145.95681 SL=145.06600 TP=147.29200 (ticket=108)
15:20:20 INFO  BacktestEngine: [2024-09-04 06:00] ENTRY USDJPY SHORT @ 145.31050 SL=146.32400 TP=143.79100 (ticket=109)
15:20:22 INFO  Backtest: [PARTIAL-TP1] bar=2142 USDJPY short closed 20% @ 144.11800 (+1R) SL: 146.32400→145.46227 (BE+15%R) rem_qty=0.57 rem_risk=$523.61 (ticket=109)
15:20:22 INFO  Backtest: [EXIT-TP] USDJPY SHORT entry=145.31020 exit=143.79100 pnl=+781.27 (+1.49R) bars_held=16 (ticket=109)
15:20:23 INFO  BacktestEngine: [2024-09-05 00:00] ENTRY USDJPY SHORT @ 143.63550 SL=144.65300 TP=142.10900 (ticket=110)
15:20:24 INFO  Backtest: [STALE-WIN] bar=2159 USDJPY short open 9.0h, profit stalling (now +0.03R, peak +0.40R) — SL→BE 144.65300→143.78938 (ticket=110)
15:20:25 INFO  Backtest: [EXIT-SL] USDJPY SHORT entry=143.63697 exit=143.78938 pnl=-99.07 (-0.16R) bars_held=16 (ticket=110)
15:20:25 INFO  BacktestEngine: [2024-09-05 20:00] ENTRY USDJPY SHORT @ 143.34650 SL=144.16600 TP=142.11700 (ticket=111)
15:20:27 INFO  Backtest: [PARTIAL-TP1] bar=2182 USDJPY short closed 20% @ 142.39000 (+1R) SL: 144.16600→143.46056 (BE+15%R) rem_qty=0.68 rem_risk=$507.32 (ticket=111)
15:20:27 INFO  Backtest: [EXIT-TP] USDJPY SHORT entry=143.33607 exit=142.11700 pnl=+749.60 (+1.48R) bars_held=13 (ticket=111)
15:20:27 INFO  BacktestEngine: [2024-09-06 10:00] ENTRY USDJPY SHORT @ 142.51589 SL=143.59200 TP=140.90200 (ticket=112)
15:20:28 INFO  Backtest: [EXIT-SL] USDJPY SHORT entry=142.52244 exit=143.59200 pnl=-676.41 (-1.00R) bars_held=4 (ticket=112)
15:20:28 INFO  BacktestEngine: [2024-09-06 17:00] ENTRY USDJPY SHORT @ 142.43380 SL=144.03600 TP=140.03000 (ticket=113)
15:20:28 INFO  BacktestEngine: [2024-09-09 00:00] ENTRY USDJPY SHORT @ 142.11350 SL=143.75900 TP=139.64600 (ticket=114)
15:20:29 INFO  Backtest: [STALE-SL] bar=2204 USDJPY short open 6.0h still losing (-0.52R) — SL tightened 143.75900→142.73286 (cap at 0.38R, atr_ratio=0.75, progress=0%) (ticket=114)
15:20:29 INFO  Backtest: [EXIT-SL] USDJPY SHORT entry=142.11409 exit=142.73286 pnl=-256.54 (-0.38R) bars_held=7 (ticket=114)
15:20:29 INFO  BacktestEngine: [2024-09-09 09:00] ENTRY USDJPY LONG @ 143.00150 SL=142.10400 TP=144.34800 (ticket=115)
15:20:30 INFO  Backtest: [EXIT-TIME-STOP] USDJPY LONG entry=143.01422 exit=143.60800 pnl=+517.34 (+0.65R) (ticket=115)
15:20:30 INFO  BacktestEngine: [2024-09-09 14:00] ENTRY USDJPY LONG @ 143.60950 SL=142.77500 TP=145.09300 (ticket=116)
15:20:30 INFO  Backtest: [EXIT-SL] USDJPY LONG entry=143.59948 exit=142.77500 pnl=-795.14 (-1.00R) bars_held=1 (ticket=116)
15:20:31 INFO  BacktestEngine: [2024-09-09 17:00] ENTRY USDJPY SHORT @ 142.73850 SL=144.00200 TP=140.84300 (ticket=117)
15:20:32 INFO  Backtest: [STALE-SL] bar=2221 USDJPY short open 6.0h still losing (-0.31R) — SL tightened 144.00200→143.27505 (cap at 0.43R, atr_ratio=0.86, progress=0%) (ticket=117)
15:20:32 INFO  Backtest: [STALE-SL] bar=2222 USDJPY short open 7.0h still losing (-0.25R) — SL tightened 143.27505→143.22430 (cap at 0.39R, atr_ratio=0.80, progress=8%) (ticket=117)
15:20:32 INFO  Backtest: [EXIT-SL] USDJPY SHORT entry=142.72980 exit=143.22430 pnl=-265.06 (-0.40R) bars_held=8 (ticket=117)
15:20:33 INFO  BacktestEngine: [2024-09-10 13:00] ENTRY USDJPY SHORT @ 143.03747 SL=143.67800 TP=142.07700 (ticket=118)
15:20:34 INFO  Backtest: [PARTIAL-TP1] bar=2239 USDJPY short closed 20% @ 142.28700 (+1R) SL: 143.67800→143.13435 (BE+15%R) rem_qty=0.89 rem_risk=$517.21 (ticket=118)
15:20:35 INFO  Backtest: [EXIT-TP] USDJPY SHORT entry=143.03842 exit=142.07700 pnl=+770.69 (+1.49R) bars_held=13 (ticket=118)
15:20:35 INFO  BacktestEngine: [2024-09-11 03:00] ENTRY USDJPY SHORT @ 142.28647 SL=143.20300 TP=140.91200 (ticket=119)
15:20:35 INFO  Backtest: [EXIT-TP] USDJPY SHORT entry=142.28186 exit=140.91200 pnl=+1028.84 (+1.49R) bars_held=3 (ticket=119)
15:20:35 INFO  BacktestEngine: [2024-09-11 07:00] ENTRY USDJPY SHORT @ 141.08581 SL=142.31400 TP=139.24300 (ticket=120)
15:20:37 INFO  Backtest: [STALE-SL] bar=2259 USDJPY short open 6.0h still losing (-0.49R) — SL tightened 142.31400→141.69732 (cap at 0.50R, atr_ratio=1.00, progress=0%) (ticket=120)
15:20:37 INFO  Backtest: [EXIT-SL] USDJPY SHORT entry=141.08063 exit=141.69732 pnl=-357.95 (-0.51R) bars_held=7 (ticket=120)
15:20:42 INFO  BacktestEngine: [2024-09-13 06:00] ENTRY USDJPY SHORT @ 140.97750 SL=142.19800 TP=139.14700 (ticket=121)
15:20:44 INFO  Backtest: [STALE-WIN] bar=2312 USDJPY short open 12.0h, profit stalling (now +0.14R, peak +0.51R) — SL→BE 142.19800→141.16208 (ticket=121)
  [USDJPY] 1792/5122 bars (35%)
15:20:44 INFO  BacktestEngine: [2024-09-16 05:00] ENTRY USDJPY SHORT @ 140.53650 SL=141.19000 TP=139.55600 (ticket=122)
15:20:45 INFO  Backtest: [PARTIAL-TP1] bar=2326 USDJPY short closed 20% @ 139.85000 (+1R) SL: 141.19000→140.63230 (BE+15%R) rem_qty=0.94 rem_risk=$561.29 (ticket=122)
15:20:46 INFO  Backtest: [EXIT-SL] USDJPY SHORT entry=140.53388 exit=140.63230 pnl=-91.15 (-0.16R) bars_held=11 (ticket=122)
15:20:46 INFO  BacktestEngine: [2024-09-16 20:00] ENTRY USDJPY LONG @ 140.67850 SL=139.94200 TP=141.78400 (ticket=123)
15:20:47 INFO  Backtest: [EXIT-TIME-STOP] USDJPY LONG entry=140.67762 exit=140.86500 pnl=+201.12 (+0.24R) (ticket=123)
15:20:50 INFO  BacktestEngine: [2024-09-17 20:00] ENTRY USDJPY LONG @ 141.90550 SL=141.17000 TP=143.15700 (ticket=124)
15:20:51 INFO  Backtest: [EXIT-TIME-STOP] USDJPY LONG entry=141.90718 exit=142.04400 pnl=+135.14 (+0.18R) (ticket=124)
15:20:52 INFO  BacktestEngine: [2024-09-18 06:00] ENTRY USDJPY SHORT @ 141.38950 SL=142.05100 TP=140.39700 (ticket=125)
15:20:53 INFO  Backtest: [STALE-SL] bar=2378 USDJPY short open 6.0h still losing (-0.33R) — SL tightened 142.05100→141.71462 (cap at 0.49R, atr_ratio=0.98, progress=0%) (ticket=125)
15:20:53 INFO  Backtest: [EXIT-SL] USDJPY SHORT entry=141.38839 exit=141.71462 pnl=-322.11 (-0.50R) bars_held=7 (ticket=125)
15:21:01 INFO  BacktestEngine: [2024-09-23 10:00] ENTRY USDJPY SHORT @ 143.66402 SL=144.41100 TP=142.54400 (ticket=126)
15:21:02 INFO  Backtest: [STALE-SL] bar=2454 USDJPY short open 6.0h still losing (-0.14R) — SL tightened 144.41100→144.03898 (cap at 0.50R, atr_ratio=1.00, progress=0%) (ticket=126)
15:21:03 INFO  Backtest: [STALE-WIN] bar=2460 USDJPY short open 12.0h, profit stalling (now +0.12R, peak +0.47R) — SL→BE 144.03898→143.77857 (ticket=126)
15:21:03 INFO  Backtest: [EXIT-SL] USDJPY SHORT entry=143.66696 exit=143.77857 pnl=-112.90 (-0.16R) bars_held=15 (ticket=126)
15:21:05 INFO  BacktestEngine: [2024-09-24 18:00] ENTRY USDJPY SHORT @ 143.77350 SL=144.55900 TP=142.59500 (ticket=127)
15:21:06 INFO  Backtest: [PARTIAL-TP1] bar=2487 USDJPY short closed 20% @ 142.94800 (+1R) SL: 144.55900→143.89029 (BE+15%R) rem_qty=0.78 rem_risk=$560.51 (ticket=127)
15:21:06 INFO  Backtest: [EXIT-SL] USDJPY SHORT entry=143.77228 exit=143.89029 pnl=-89.68 (-0.16R) bars_held=15 (ticket=127)
15:21:08 INFO  BacktestEngine: [2024-09-26 00:00] ENTRY USDJPY LONG @ 144.69050 SL=143.83600 TP=145.97200 (ticket=128)
15:21:09 INFO  Backtest: [EXIT-TIME-STOP] USDJPY LONG entry=144.67205 exit=144.83400 pnl=+144.58 (+0.18R) (ticket=128)
15:21:09 INFO  BacktestEngine: [2024-09-26 07:00] ENTRY USDJPY SHORT @ 144.68773 SL=145.25900 TP=143.83100 (ticket=129)
15:21:10 INFO  Backtest: [STALE-WIN] bar=2524 USDJPY short open 7.0h, profit stalling (now +0.23R, peak +0.93R) — SL→BE 145.25900→144.77720 (ticket=129)
15:21:10 INFO  Backtest: [EXIT-SL] USDJPY SHORT entry=144.69217 exit=144.77720 pnl=-111.37 (-0.16R) bars_held=9 (ticket=129)
15:21:12 INFO  BacktestEngine: [2024-09-27 02:00] ENTRY USDJPY LONG @ 145.08450 SL=144.37400 TP=146.15000 (ticket=130)
15:21:12 INFO  Backtest: [EXIT-TIME-STOP] USDJPY LONG entry=145.06091 exit=145.79400 pnl=+772.33 (+1.02R) (ticket=130)
15:21:13 INFO  BacktestEngine: [2024-09-27 07:00] ENTRY USDJPY LONG @ 145.79672 SL=144.66500 TP=147.49500 (ticket=131)
15:21:13 INFO  Backtest: [EXIT-SL] USDJPY LONG entry=145.78687 exit=144.66500 pnl=-760.64 (-1.00R) bars_held=1 (ticket=131)
15:21:13 INFO  BacktestEngine: [2024-09-27 10:00] ENTRY USDJPY SHORT @ 143.18809 SL=144.48400 TP=141.24400 (ticket=132)
15:21:14 INFO  BacktestEngine: [2024-09-30 00:00] ENTRY USDJPY SHORT @ 142.25250 SL=143.80700 TP=139.92000 (ticket=133)
15:21:16 INFO  Backtest: [STALE-SL] bar=2567 USDJPY short open 9.0h still losing (-0.07R) — SL tightened 143.80700→142.81789 (cap at 0.36R, atr_ratio=0.81, progress=25%) (ticket=133)
15:21:16 INFO  Backtest: [STALE-SL] bar=2569 USDJPY short open 11.0h still losing (-0.18R) — SL tightened 142.81789→142.78660 (cap at 0.34R, atr_ratio=0.83, progress=42%) (ticket=133)
15:21:16 INFO  Backtest: [EXIT-SL] USDJPY SHORT entry=142.25150 exit=142.78660 pnl=-207.46 (-0.35R) bars_held=12 (ticket=133)
  [USDJPY] 2048/5122 bars (40%)
15:21:17 INFO  BacktestEngine: [2024-09-30 21:00] ENTRY USDJPY LONG @ 143.68863 SL=142.32700 TP=145.73100 (ticket=134)
15:21:18 INFO  Backtest: [EXIT-TIME-STOP] USDJPY LONG entry=143.67899 exit=143.71400 pnl=+14.17 (+0.02R) (ticket=134)
15:21:18 INFO  BacktestEngine: [2024-10-01 03:00] ENTRY USDJPY LONG @ 143.96510 SL=142.77500 TP=145.75100 (ticket=135)
15:21:19 INFO  Backtest: [EXIT-TIME-STOP] USDJPY LONG entry=143.96960 exit=144.25900 pnl=+184.58 (+0.24R) (ticket=135)
15:21:19 INFO  BacktestEngine: [2024-10-01 08:00] ENTRY USDJPY LONG @ 144.26050 SL=143.52300 TP=145.57100 (ticket=136)
15:21:20 INFO  Backtest: [EXIT-TIME-STOP] USDJPY LONG entry=144.27196 exit=143.73800 pnl=-571.77 (-0.73R) (ticket=136)
15:21:20 INFO  BacktestEngine: [2024-10-01 13:00] ENTRY USDJPY SHORT @ 143.73650 SL=144.46900 TP=142.63800 (ticket=137)
15:21:21 INFO  Backtest: [STALE-SL] bar=2601 USDJPY short open 6.0h still losing (-0.12R) — SL tightened 144.46900→144.09998 (cap at 0.50R, atr_ratio=1.00, progress=0%) (ticket=137)
15:21:22 INFO  Backtest: [STALE-SL] bar=2608 USDJPY short open 13.0h still losing (-0.12R) — SL tightened 144.09998→144.01387 (cap at 0.38R, atr_ratio=1.00, progress=58%) (ticket=137)
15:21:22 INFO  Backtest: [STALE-SL] bar=2609 USDJPY short open 14.0h still losing (-0.23R) — SL tightened 144.01387→144.00157 (cap at 0.37R, atr_ratio=1.00, progress=67%) (ticket=137)
15:21:22 INFO  Backtest: [EXIT-SL] USDJPY SHORT entry=143.73095 exit=144.00157 pnl=-250.73 (-0.38R) bars_held=15 (ticket=137)
15:21:23 INFO  BacktestEngine: [2024-10-02 15:00] ENTRY USDJPY LONG @ 145.37142 SL=144.40800 TP=146.81600 (ticket=138)
15:21:24 INFO  Backtest: [EXIT-TIME-STOP] USDJPY LONG entry=145.37236 exit=146.17000 pnl=+675.72 (+0.82R) (ticket=138)
15:21:24 INFO  BacktestEngine: [2024-10-02 20:00] ENTRY USDJPY LONG @ 146.17150 SL=144.86200 TP=148.13600 (ticket=139)
15:21:25 INFO  Backtest: [EXIT-TIME-STOP] USDJPY LONG entry=146.16971 exit=146.59100 pnl=+259.70 (+0.32R) (ticket=139)
15:21:25 INFO  BacktestEngine: [2024-10-03 02:00] ENTRY USDJPY LONG @ 146.57650 SL=145.37000 TP=148.38700 (ticket=140)
15:21:26 INFO  Backtest: [EXIT-TIME-STOP] USDJPY LONG entry=146.57228 exit=146.72200 pnl=+93.05 (+0.12R) (ticket=140)
15:21:26 INFO  BacktestEngine: [2024-10-03 08:00] ENTRY USDJPY SHORT @ 146.55450 SL=147.31000 TP=145.21200 (ticket=141)
15:21:27 INFO  Backtest: [STALE-SL] bar=2644 USDJPY short open 6.0h still losing (-0.29R) — SL tightened 147.31000→146.93137 (cap at 0.50R, atr_ratio=1.00, progress=0%) (ticket=141)
15:21:27 INFO  Backtest: [STALE-SL] bar=2645 USDJPY short open 7.0h still losing (-0.09R) — SL tightened 146.93137→146.91875 (cap at 0.48R, atr_ratio=1.00, progress=8%) (ticket=141)
15:21:27 INFO  Backtest: [EXIT-SL] USDJPY SHORT entry=146.55274 exit=146.91875 pnl=-336.67 (-0.49R) bars_held=8 (ticket=141)
  [USDJPY] 2304/5122 bars (45%)
15:22:15 INFO  BacktestEngine: [2024-10-23 06:00] ENTRY USDJPY LONG @ 151.74550 SL=151.09100 TP=152.72700 (ticket=142)
15:22:15 INFO  Backtest: [PARTIAL-TP1] bar=2976 USDJPY long closed 20% @ 152.41600 (+1R) SL: 151.09100→151.64543 (BE+15%R) rem_qty=1.10 rem_risk=$652.54 (ticket=142)
15:22:15 INFO  Backtest: [EXIT-TP] USDJPY LONG entry=151.74327 exit=152.72700 pnl=+973.46 (+1.49R) bars_held=5 (ticket=142)
15:22:16 INFO  BacktestEngine: [2024-10-23 12:00] ENTRY USDJPY LONG @ 152.72559 SL=151.93300 TP=153.91400 (ticket=143)
15:22:17 INFO  Backtest: [STALE-WIN] bar=2985 USDJPY long open 7.0h, profit stalling (now +0.06R, peak +0.44R) — SL→BE 151.93300→152.60461 (ticket=143)
15:22:17 INFO  Backtest: [EXIT-SL] USDJPY LONG entry=152.72312 exit=152.60461 pnl=-132.08 (-0.16R) bars_held=8 (ticket=143)
15:22:24 INFO  BacktestEngine: [2024-10-25 19:00] ENTRY USDJPY LONG @ 152.19950 SL=151.52400 TP=153.21200 (ticket=144)
  [USDJPY] 2560/5122 bars (50%)
15:22:39 INFO  BacktestEngine: [2024-11-04 03:00] ENTRY USDJPY SHORT @ 151.78630 SL=152.91500 TP=150.09400 (ticket=145)
15:22:40 INFO  Backtest: [EXIT-TIME-STOP] USDJPY SHORT entry=151.78620 exit=152.14600 pnl=-210.68 (-0.33R) (ticket=145)
15:22:41 INFO  BacktestEngine: [2024-11-04 13:00] ENTRY USDJPY SHORT @ 151.54934 SL=152.54100 TP=150.06300 (ticket=148)
15:22:42 INFO  Backtest: [EXIT-TIME-STOP] USDJPY SHORT entry=151.55100 exit=152.02100 pnl=-308.64 (-0.48R) (ticket=148)
15:22:42 INFO  BacktestEngine: [2024-11-04 22:00] ENTRY USDJPY LONG @ 152.14950 SL=151.57300 TP=153.01400 (ticket=152)
15:22:44 INFO  Backtest: [STALE-WIN] bar=3189 USDJPY long open 10.0h, profit stalling (now +0.21R, peak +0.54R) — SL→BE 151.57300→152.06454 (ticket=152)
15:22:44 INFO  Backtest: [EXIT-SL] USDJPY LONG entry=152.15128 exit=152.06454 pnl=-123.75 (-0.16R) bars_held=16 (ticket=152)
15:22:46 INFO  BacktestEngine: [2024-11-06 03:00] ENTRY USDJPY LONG @ 152.92685 SL=151.83100 TP=154.57000 (ticket=153)
15:22:47 INFO  Backtest: [PARTIAL-TP1] bar=3208 USDJPY long closed 20% @ 154.05000 (+1R) SL: 151.83100→152.76388 (BE+15%R) rem_qty=0.64 rem_risk=$637.96 (ticket=153)
15:22:49 INFO  Backtest: [EXIT-TP] USDJPY LONG entry=152.92851 exit=154.57000 pnl=+951.52 (+1.49R) bars_held=14 (ticket=153)
15:22:49 INFO  BacktestEngine: [2024-11-06 18:00] ENTRY USDJPY LONG @ 154.58450 SL=153.12800 TP=156.76900 (ticket=154)
15:22:50 INFO  Backtest: [STALE-SL] bar=3229 USDJPY long open 6.0h still losing (-0.19R) — SL tightened 153.12800→154.13532 (cap at 0.31R, atr_ratio=0.62, progress=0%) (ticket=154)
15:22:50 INFO  Backtest: [STALE-SL] bar=3232 USDJPY long open 9.0h still losing (-0.10R) — SL tightened 154.13943→154.15426 (cap at 0.30R, atr_ratio=0.66, progress=25%) (ticket=154)
15:22:50 INFO  Backtest: [STALE-SL] bar=3233 USDJPY long open 10.0h still losing (-0.18R) — SL tightened 154.15426→154.18448 (cap at 0.27R, atr_ratio=0.63, progress=33%) (ticket=154)
15:22:50 INFO  Backtest: [EXIT-SL] USDJPY LONG entry=154.58381 exit=154.18448 pnl=-225.94 (-0.28R) bars_held=11 (ticket=154)
15:22:51 INFO  BacktestEngine: [2024-11-07 16:00] ENTRY USDJPY SHORT @ 153.21955 SL=154.30800 TP=151.58700 (ticket=155)
15:22:52 INFO  Backtest: [EXIT-TIME-STOP] USDJPY SHORT entry=153.22464 exit=153.08400 pnl=+83.48 (+0.12R) (ticket=155)
15:22:52 INFO  BacktestEngine: [2024-11-07 22:00] ENTRY USDJPY SHORT @ 152.84879 SL=154.01200 TP=151.10400 (ticket=156)
15:22:52 INFO  Backtest: [EXIT-TIME-STOP] USDJPY SHORT entry=152.85745 exit=153.09500 pnl=-142.83 (-0.21R) (ticket=156)
15:22:53 INFO  BacktestEngine: [2024-11-08 10:00] ENTRY USDJPY SHORT @ 152.34479 SL=153.02500 TP=151.32500 (ticket=157)
15:22:54 INFO  Backtest: [EXIT-TIME-STOP] USDJPY SHORT entry=152.34735 exit=152.74000 pnl=-415.31 (-0.59R) (ticket=157)
15:22:54 INFO  BacktestEngine: [2024-11-08 19:00] ENTRY USDJPY LONG @ 152.65650 SL=151.97400 TP=153.68100 (ticket=159)
15:22:54 INFO  BacktestEngine: [2024-11-11 00:00] ENTRY USDJPY LONG @ 152.66250 SL=152.04800 TP=153.58400 (ticket=160)
15:22:55 INFO  Backtest: [PARTIAL-TP1] bar=3280 USDJPY long closed 20% @ 153.38800 (+1R) SL: 152.04800→152.58737 (BE+15%R) rem_qty=1.14 rem_risk=$635.30 (ticket=160)
15:22:55 INFO  Backtest: [EXIT-TP] USDJPY LONG entry=152.68255 exit=153.58400 pnl=+923.93 (+1.45R) bars_held=5 (ticket=160)
15:22:55 INFO  BacktestEngine: [2024-11-11 06:00] ENTRY USDJPY LONG @ 153.57450 SL=152.67200 TP=154.92800 (ticket=161)
15:22:57 INFO  Backtest: [EXIT-TIME-STOP] USDJPY LONG entry=153.57290 exit=153.70400 pnl=+110.05 (+0.14R) (ticket=161)
15:22:58 INFO  BacktestEngine: [2024-11-12 08:00] ENTRY USDJPY LONG @ 153.78478 SL=153.31200 TP=154.49300 (ticket=162)
15:22:58 INFO  Backtest: [PARTIAL-TP1] bar=3315 USDJPY long closed 20% @ 154.38100 (+1R) SL: 153.31200→153.71305 (BE+15%R) rem_qty=1.51 rem_risk=$649.86 (ticket=162)
15:22:58 INFO  Backtest: [EXIT-TP] USDJPY LONG entry=153.78382 exit=154.49300 pnl=+965.19 (+1.49R) bars_held=7 (ticket=162)
15:22:58 INFO  BacktestEngine: [2024-11-12 16:00] ENTRY USDJPY LONG @ 154.41550 SL=153.65700 TP=155.55400 (ticket=163)
15:22:59 INFO  Backtest: [STALE-WIN] bar=3324 USDJPY long open 7.0h, profit stalling (now +0.13R, peak +0.48R) — SL→BE 153.65700→154.30309 (ticket=163)
15:23:00 INFO  Backtest: [EXIT-TIME-STOP] USDJPY LONG entry=154.41711 exit=155.11200 pnl=+744.17 (+0.91R) (ticket=163)
15:23:00 INFO  BacktestEngine: [2024-11-13 09:00] ENTRY USDJPY LONG @ 155.11350 SL=154.45200 TP=156.10600 (ticket=164)
15:23:00 INFO  Backtest: [EXIT-SL] USDJPY LONG entry=155.11668 exit=154.45200 pnl=-832.13 (-1.02R) bars_held=5 (ticket=164)
15:23:00 INFO  BacktestEngine: [2024-11-13 17:00] ENTRY USDJPY LONG @ 154.98783 SL=154.38000 TP=155.89900 (ticket=165)
  [USDJPY] 2816/5122 bars (55%)
15:23:01 INFO  Backtest: [PARTIAL-TP1] bar=3350 USDJPY long closed 20% @ 155.72000 (+1R) SL: 154.38000→154.89857 (BE+15%R) rem_qty=1.18 rem_risk=$650.21 (ticket=165)
15:23:01 INFO  Backtest: [EXIT-TP] USDJPY LONG entry=154.99009 exit=155.89900 pnl=+964.45 (+1.48R) bars_held=9 (ticket=165)
15:23:02 INFO  BacktestEngine: [2024-11-14 03:00] ENTRY USDJPY LONG @ 155.86850 SL=155.01300 TP=157.15100 (ticket=166)
15:23:03 INFO  Backtest: [STALE-SL] bar=3364 USDJPY long open 12.0h still losing (-0.08R) — SL tightened 155.01300→155.57973 (cap at 0.34R, atr_ratio=0.84, progress=50%) (ticket=166)
15:23:04 INFO  Backtest: [EXIT-TIME-STOP] USDJPY LONG entry=155.86728 exit=155.89400 pnl=+19.57 (+0.02R) (ticket=166)
15:23:05 INFO  BacktestEngine: [2024-11-14 23:00] ENTRY USDJPY LONG @ 156.23850 SL=155.61900 TP=157.16800 (ticket=167)
15:23:06 INFO  Backtest: [STALE-WIN] bar=3378 USDJPY long open 6.0h, profit stalling (now +0.16R, peak +0.59R) — SL→BE 155.61900→156.15958 (ticket=167)
15:23:06 INFO  Backtest: [EXIT-SL] USDJPY LONG entry=156.25497 exit=156.15958 pnl=-146.34 (-0.17R) bars_held=8 (ticket=167)
15:23:07 INFO  BacktestEngine: [2024-11-15 12:00] ENTRY USDJPY SHORT @ 155.30050 SL=156.31400 TP=153.78100 (ticket=168)
15:23:07 INFO  Backtest: [EXIT-TIME-STOP] USDJPY SHORT entry=155.29910 exit=154.94800 pnl=+228.13 (+0.34R) (ticket=168)
15:23:07 INFO  BacktestEngine: [2024-11-15 17:00] ENTRY USDJPY SHORT @ 154.94470 SL=155.76100 TP=153.49400 (ticket=169)
15:23:08 INFO  BacktestEngine: [2024-11-18 01:00] ENTRY USDJPY LONG @ 154.64450 SL=153.83500 TP=156.08300 (ticket=170)
15:23:09 INFO  Backtest: [STALE-SL] bar=3404 USDJPY long open 6.0h still losing (-0.08R) — SL tightened 153.83500→154.24293 (cap at 0.50R, atr_ratio=1.00, progress=0%) (ticket=170)
15:23:09 INFO  Backtest: [STALE-SL] bar=3405 USDJPY long open 7.0h still losing (-0.10R) — SL tightened 154.24293→154.25653 (cap at 0.48R, atr_ratio=1.00, progress=8%) (ticket=170)
15:23:10 INFO  Backtest: [STALE-WIN] bar=3411 USDJPY long open 13.0h, profit stalling (now +0.31R, peak +0.75R) — SL→BE 154.25653→154.52849 (ticket=170)
15:23:11 INFO  Backtest: [EXIT-TIME-STOP] USDJPY LONG entry=154.65087 exit=154.79900 pnl=+136.75 (+0.17R) (ticket=170)
15:23:11 INFO  BacktestEngine: [2024-11-18 18:00] ENTRY USDJPY LONG @ 154.80050 SL=153.98500 TP=156.02300 (ticket=171)
15:23:12 INFO  Backtest: [STALE-SL] bar=3421 USDJPY long open 6.0h still losing (-0.22R) — SL tightened 153.98500→154.48223 (cap at 0.38R, atr_ratio=0.77, progress=0%) (ticket=171)
15:23:12 INFO  Backtest: [EXIT-SL] USDJPY LONG entry=154.79325 exit=154.48223 pnl=-307.43 (-0.39R) bars_held=7 (ticket=171)
15:23:12 INFO  BacktestEngine: [2024-11-19 03:00] ENTRY USDJPY SHORT @ 154.11269 SL=155.12000 TP=152.60200 (ticket=172)
15:23:13 INFO  Backtest: [EXIT-TIME-STOP] USDJPY SHORT entry=154.11278 exit=154.50900 pnl=-249.94 (-0.40R) (ticket=172)
15:23:14 INFO  BacktestEngine: [2024-11-19 13:00] ENTRY USDJPY LONG @ 154.08489 SL=153.22900 TP=155.60700 (ticket=176)
15:23:16 INFO  Backtest: [PARTIAL-TP1] bar=3449 USDJPY long closed 20% @ 154.95400 (+1R) SL: 153.22900→153.95211 (BE+15%R) rem_qty=0.75 rem_risk=$586.01 (ticket=176)
15:23:16 INFO  Backtest: [EXIT-TIME-STOP] USDJPY LONG entry=154.07972 exit=155.05400 pnl=+661.45 (+1.13R) (ticket=176)
15:23:16 INFO  BacktestEngine: [2024-11-20 07:00] ENTRY USDJPY LONG @ 155.18850 SL=154.45100 TP=156.29500 (ticket=177)
15:23:17 INFO  Backtest: [STALE-WIN] bar=3460 USDJPY long open 8.0h, profit stalling (now +0.56R, peak +0.88R) — SL→BE 154.45100→155.07712 (ticket=177)
15:23:17 INFO  Backtest: [EXIT-SL] USDJPY LONG entry=155.18762 exit=155.07712 pnl=-139.81 (-0.16R) bars_held=9 (ticket=177)
15:23:17 INFO  BacktestEngine: [2024-11-20 17:00] ENTRY USDJPY LONG @ 155.53157 SL=154.88100 TP=156.68800 (ticket=178)
15:23:18 INFO  Backtest: [STALE-SL] bar=3468 USDJPY long open 6.0h still losing (-0.29R) — SL tightened 154.88100→155.20923 (cap at 0.49R, atr_ratio=0.98, progress=0%) (ticket=178)
15:23:18 INFO  Backtest: [STALE-SL] bar=3469 USDJPY long open 7.0h still losing (-0.39R) — SL tightened 155.20923→155.22292 (cap at 0.47R, atr_ratio=0.97, progress=8%) (ticket=178)
15:23:18 INFO  Backtest: [EXIT-SL] USDJPY LONG entry=155.52620 exit=155.22292 pnl=-415.99 (-0.48R) bars_held=8 (ticket=178)
15:23:19 INFO  BacktestEngine: [2024-11-21 08:00] ENTRY USDJPY SHORT @ 154.75564 SL=155.35800 TP=153.85100 (ticket=180)
15:23:20 INFO  Backtest: [EXIT-TIME-STOP] USDJPY SHORT entry=154.76276 exit=154.52800 pnl=+278.95 (+0.38R) (ticket=180)
15:23:20 INFO  BacktestEngine: [2024-11-21 13:00] ENTRY USDJPY SHORT @ 154.52650 SL=155.20500 TP=153.32000 (ticket=181)
15:23:21 INFO  Backtest: [EXIT-TIME-STOP] USDJPY SHORT entry=154.52180 exit=154.65400 pnl=-152.76 (-0.21R) (ticket=181)
15:23:21 INFO  BacktestEngine: [2024-11-21 18:00] ENTRY USDJPY LONG @ 154.65550 SL=153.86100 TP=156.06800 (ticket=182)
15:23:21 INFO  Backtest: [STALE-SL] bar=3493 USDJPY long open 6.0h still losing (-0.63R) — SL tightened 153.86100→154.34511 (cap at 0.39R, atr_ratio=0.78, progress=0%) (ticket=182)
15:23:21 INFO  Backtest: [EXIT-SL] USDJPY LONG entry=154.65532 exit=154.34511 pnl=-350.04 (-0.40R) bars_held=7 (ticket=182)
15:23:22 INFO  BacktestEngine: [2024-11-22 07:00] ENTRY USDJPY LONG @ 154.70476 SL=154.06500 TP=155.66400 (ticket=183)
15:23:23 INFO  Backtest: [STALE-SL] bar=3506 USDJPY long open 6.0h still losing (-0.32R) — SL tightened 154.06500→154.38644 (cap at 0.50R, atr_ratio=1.00, progress=0%) (ticket=183)
15:23:23 INFO  Backtest: [EXIT-SL] USDJPY LONG entry=154.70788 exit=154.38644 pnl=-431.30 (-0.51R) bars_held=7 (ticket=183)
15:23:24 INFO  BacktestEngine: [2024-11-22 19:00] ENTRY USDJPY LONG @ 154.75750 SL=154.05000 TP=155.81900 (ticket=187)
15:23:24 INFO  BacktestEngine: [2024-11-25 01:00] ENTRY USDJPY SHORT @ 154.14924 SL=154.81900 TP=153.14500 (ticket=188)
15:23:25 INFO  Backtest: [EXIT-TIME-STOP] USDJPY SHORT entry=154.14948 exit=154.09600 pnl=+52.50 (+0.07R) (ticket=188)
15:23:25 INFO  BacktestEngine: [2024-11-25 10:00] ENTRY USDJPY LONG @ 154.69450 SL=153.99200 TP=155.74800 (ticket=189)
15:23:26 INFO  Backtest: [EXIT-SL] USDJPY LONG entry=154.69562 exit=153.99200 pnl=-912.68 (-1.01R) bars_held=4 (ticket=189)
15:23:31 INFO  BacktestEngine: [2024-11-26 19:00] ENTRY USDJPY SHORT @ 153.32450 SL=154.30000 TP=151.86200 (ticket=190)
15:23:32 INFO  Backtest: [EXIT-TIME-STOP] USDJPY SHORT entry=153.32364 exit=153.07200 pnl=+190.92 (+0.25R) (ticket=190)
  [USDJPY] 3072/5122 bars (60%)
15:23:47 INFO  BacktestEngine: [2024-12-03 07:00] ENTRY USDJPY LONG @ 150.02750 SL=149.35100 TP=151.04200 (ticket=191)
15:23:48 INFO  Backtest: [STALE-SL] bar=3674 USDJPY long open 6.0h still losing (-0.51R) — SL tightened 149.35100→149.73029 (cap at 0.44R, atr_ratio=0.88, progress=0%) (ticket=191)
15:23:48 INFO  Backtest: [EXIT-SL] USDJPY LONG entry=150.02948 exit=149.73029 pnl=-407.73 (-0.45R) bars_held=7 (ticket=191)
15:23:48 INFO  BacktestEngine: [2024-12-03 17:00] ENTRY USDJPY SHORT @ 149.14573 SL=150.32300 TP=147.38000 (ticket=192)
15:23:49 INFO  Backtest: [EXIT-TIME-STOP] USDJPY SHORT entry=149.14844 exit=149.45500 pnl=-203.04 (-0.27R) (ticket=192)
15:23:50 INFO  BacktestEngine: [2024-12-04 02:00] ENTRY USDJPY LONG @ 149.87261 SL=149.16300 TP=150.93700 (ticket=195)
15:23:51 INFO  Backtest: [PARTIAL-TP1] bar=3695 USDJPY long closed 20% @ 150.62600 (+1R) SL: 149.16300→149.76779 (BE+15%R) rem_qty=1.04 rem_risk=$671.42 (ticket=195)
15:23:51 INFO  Backtest: [EXIT-TP] USDJPY LONG entry=149.87452 exit=150.93700 pnl=+998.25 (+1.49R) bars_held=10 (ticket=195)
15:23:52 INFO  BacktestEngine: [2024-12-04 13:00] ENTRY USDJPY LONG @ 150.88850 SL=149.80400 TP=152.51600 (ticket=196)
15:23:53 INFO  Backtest: [STALE-SL] bar=3704 USDJPY long open 6.0h still losing (-0.44R) — SL tightened 149.80400→150.34760 (cap at 0.50R, atr_ratio=1.00, progress=0%) (ticket=196)
15:23:53 INFO  Backtest: [EXIT-SL] USDJPY LONG entry=150.89120 exit=150.34760 pnl=-431.44 (-0.51R) bars_held=7 (ticket=196)
15:23:53 INFO  BacktestEngine: [2024-12-04 21:00] ENTRY USDJPY LONG @ 150.44169 SL=149.45100 TP=151.92800 (ticket=197)
15:23:54 INFO  Backtest: [STALE-SL] bar=3712 USDJPY long open 6.0h still losing (-0.11R) — SL tightened 149.45100→149.96893 (cap at 0.48R, atr_ratio=0.95, progress=0%) (ticket=197)
15:23:54 INFO  Backtest: [STALE-SL] bar=3713 USDJPY long open 7.0h still losing (-0.16R) — SL tightened 149.96893→149.98706 (cap at 0.46R, atr_ratio=0.95, progress=8%) (ticket=197)
15:23:54 INFO  Backtest: [STALE-SL] bar=3714 USDJPY long open 8.0h still losing (-0.05R) — SL tightened 149.98706→150.02912 (cap at 0.42R, atr_ratio=0.89, progress=17%) (ticket=197)
15:23:54 INFO  Backtest: [EXIT-SL] USDJPY LONG entry=150.44098 exit=150.02912 pnl=-355.07 (-0.42R) bars_held=9 (ticket=197)
15:23:56 INFO  BacktestEngine: [2024-12-05 14:00] ENTRY USDJPY LONG @ 150.40074 SL=149.68800 TP=151.47000 (ticket=198)
15:23:57 INFO  Backtest: [STALE-SL] bar=3729 USDJPY long open 6.0h still losing (-0.53R) — SL tightened 149.68800→150.04177 (cap at 0.50R, atr_ratio=1.00, progress=0%) (ticket=198)
15:23:57 INFO  Backtest: [EXIT-SL] USDJPY LONG entry=150.39554 exit=150.04177 pnl=-447.35 (-0.51R) bars_held=7 (ticket=198)
15:23:59 INFO  BacktestEngine: [2024-12-06 11:00] ENTRY USDJPY LONG @ 150.57460 SL=149.92900 TP=151.54300 (ticket=199)
15:24:00 INFO  Backtest: [EXIT-SL] USDJPY LONG entry=150.57081 exit=149.92900 pnl=-780.18 (-1.01R) bars_held=3 (ticket=199)
15:24:00 INFO  BacktestEngine: [2024-12-06 19:00] ENTRY USDJPY LONG @ 149.96450 SL=149.23600 TP=151.05700 (ticket=200)
15:24:00 INFO  BacktestEngine: [2024-12-09 00:00] ENTRY USDJPY LONG @ 149.99050 SL=149.37800 TP=150.90900 (ticket=201)
15:24:01 INFO  Backtest: [STALE-SL] bar=3763 USDJPY long open 6.0h still losing (-0.03R) — SL tightened 149.37800→149.75894 (cap at 0.37R, atr_ratio=0.74, progress=0%) (ticket=201)
15:24:02 INFO  Backtest: [PARTIAL-TP1] bar=3770 USDJPY long closed 20% @ 150.76500 (+1R) SL: 149.75894→149.89140 (BE+15%R) rem_qty=1.16 rem_risk=$646.41 (ticket=201)
15:24:02 INFO  Backtest: [EXIT-TP] USDJPY LONG entry=149.98200 exit=150.90900 pnl=+970.42 (+1.50R) bars_held=14 (ticket=201)
15:24:03 INFO  BacktestEngine: [2024-12-09 15:00] ENTRY USDJPY LONG @ 150.87554 SL=150.08600 TP=152.06100 (ticket=202)
15:24:04 INFO  Backtest: [STALE-WIN] bar=3784 USDJPY long open 12.0h, profit stalling (now +0.41R, peak +0.71R) — SL→BE 150.08600→150.75711 (ticket=202)
15:24:05 INFO  Backtest: [EXIT-TIME-STOP] USDJPY LONG entry=150.87554 exit=151.22100 pnl=+347.32 (+0.43R) (ticket=202)
15:24:09 INFO  BacktestEngine: [2024-12-11 12:00] ENTRY USDJPY LONG @ 152.59252 SL=151.46100 TP=154.28900 (ticket=203)
15:24:10 INFO  Backtest: [STALE-SL] bar=3823 USDJPY long open 6.0h still losing (-0.08R) — SL tightened 151.46100→152.02501 (cap at 0.50R, atr_ratio=1.00, progress=0%) (ticket=203)
15:24:10 INFO  Backtest: [STALE-SL] bar=3827 USDJPY long open 10.0h still losing (-0.19R) — SL tightened 152.02501→152.10022 (cap at 0.43R, atr_ratio=1.00, progress=33%) (ticket=203)
15:24:10 INFO  Backtest: [STALE-SL] bar=3828 USDJPY long open 11.0h still losing (-0.16R) — SL tightened 152.10022→152.11902 (cap at 0.42R, atr_ratio=1.00, progress=42%) (ticket=203)
15:24:10 INFO  Backtest: [STALE-SL] bar=3829 USDJPY long open 12.0h still losing (-0.29R) — SL tightened 152.11902→152.13782 (cap at 0.40R, atr_ratio=1.00, progress=50%) (ticket=203)
15:24:10 INFO  Backtest: [EXIT-SL] USDJPY LONG entry=152.58903 exit=152.13782 pnl=-354.96 (-0.41R) bars_held=13 (ticket=203)
15:24:11 INFO  BacktestEngine: [2024-12-12 04:00] ENTRY USDJPY LONG @ 152.31885 SL=151.34100 TP=153.78600 (ticket=204)
15:24:11 INFO  Backtest: [STALE-SL] bar=3840 USDJPY long open 7.0h still losing (-0.00R) — SL tightened 151.34100→151.93277 (cap at 0.40R, atr_ratio=0.82, progress=8%) (ticket=204)
15:24:12 INFO  Backtest: [STALE-SL] bar=3842 USDJPY long open 9.0h still losing (-0.05R) — SL tightened 151.93277→151.94400 (cap at 0.38R, atr_ratio=0.85, progress=25%) (ticket=204)
15:24:12 INFO  Backtest: [EXIT-SL] USDJPY LONG entry=152.31928 exit=151.94400 pnl=-334.56 (-0.39R) bars_held=10 (ticket=204)
15:24:12 INFO  BacktestEngine: [2024-12-12 21:00] ENTRY USDJPY LONG @ 152.53650 SL=151.87700 TP=153.52500 (ticket=205)
  [USDJPY] 3328/5122 bars (65%)
15:24:13 INFO  Backtest: [STALE-WIN] bar=3860 USDJPY long open 10.0h, profit stalling (now +0.26R, peak +0.62R) — SL→BE 151.87700→152.43957 (ticket=205)
15:24:14 INFO  Backtest: [PARTIAL-TP1] bar=3863 USDJPY long closed 20% @ 153.41000 (+1R) SL: 152.43957→152.43957 (BE+15%R) rem_qty=1.14 rem_risk=$681.30 (ticket=205)
15:24:14 INFO  Backtest: [EXIT-TP] USDJPY LONG entry=152.53885 exit=153.52500 pnl=+1011.49 (+1.48R) bars_held=15 (ticket=205)
15:24:14 INFO  BacktestEngine: [2024-12-13 13:00] ENTRY USDJPY LONG @ 153.62350 SL=152.75100 TP=154.93200 (ticket=206)
15:24:15 INFO  BacktestEngine: [2024-12-16 03:00] ENTRY USDJPY LONG @ 153.90860 SL=153.10500 TP=155.11500 (ticket=207)
15:24:15 INFO  Backtest: [STALE-SL] bar=3886 USDJPY long open 6.0h still losing (-0.27R) — SL tightened 153.10500→153.57178 (cap at 0.42R, atr_ratio=0.84, progress=0%) (ticket=207)
15:24:16 INFO  Backtest: [EXIT-TIME-STOP] USDJPY LONG entry=153.90885 exit=154.05900 pnl=+156.87 (+0.18R) (ticket=207)
15:24:19 INFO  BacktestEngine: [2024-12-17 07:00] ENTRY USDJPY LONG @ 154.13371 SL=153.66100 TP=154.84300 (ticket=208)
15:24:20 INFO  Backtest: [STALE-SL] bar=3914 USDJPY long open 6.0h still losing (-0.67R) — SL tightened 153.66100→153.89749 (cap at 0.50R, atr_ratio=1.00, progress=0%) (ticket=208)
15:24:20 INFO  Backtest: [EXIT-SL] USDJPY LONG entry=154.13398 exit=153.89749 pnl=-428.85 (-0.52R) bars_held=7 (ticket=208)
15:24:20 INFO  BacktestEngine: [2024-12-17 16:00] ENTRY USDJPY SHORT @ 153.55150 SL=154.04200 TP=152.81600 (ticket=209)
15:24:21 INFO  Backtest: [EXIT-TIME-STOP] USDJPY SHORT entry=153.55481 exit=153.34000 pnl=+295.92 (+0.42R) (ticket=209)
15:24:21 INFO  BacktestEngine: [2024-12-17 21:00] ENTRY USDJPY SHORT @ 153.33850 SL=153.85100 TP=152.51300 (ticket=210)
15:24:22 INFO  Backtest: [EXIT-TIME-STOP] USDJPY SHORT entry=153.33835 exit=153.69500 pnl=-500.64 (-0.71R) (ticket=210)
15:24:22 INFO  BacktestEngine: [2024-12-18 03:00] ENTRY USDJPY LONG @ 153.59150 SL=153.11500 TP=154.30600 (ticket=211)
15:24:23 INFO  Backtest: [STALE-SL] bar=3934 USDJPY long open 6.0h still losing (-0.04R) — SL tightened 153.11500→153.35270 (cap at 0.49R, atr_ratio=0.99, progress=0%) (ticket=211)
15:24:23 INFO  Backtest: [STALE-SL] bar=3936 USDJPY long open 8.0h still losing (-0.02R) — SL tightened 153.35270→153.37082 (cap at 0.45R, atr_ratio=0.97, progress=17%) (ticket=211)
15:24:24 INFO  Backtest: [STALE-WIN] bar=3943 USDJPY long open 15.0h, profit stalling (now +0.51R, peak +0.93R) — SL→BE 153.37082→153.51364 (ticket=211)
15:24:25 INFO  Backtest: [EXIT-TIME-STOP] USDJPY LONG entry=153.58399 exit=153.74300 pnl=+278.15 (+0.32R) (ticket=211)
15:24:25 INFO  BacktestEngine: [2024-12-18 20:00] ENTRY USDJPY LONG @ 153.74450 SL=153.30400 TP=154.40600 (ticket=212)
15:24:25 INFO  Backtest: [EXIT-TP] USDJPY LONG entry=153.74622 exit=154.40600 pnl=+1299.56 (+1.48R) bars_held=0 (ticket=212)
15:24:25 INFO  BacktestEngine: [2024-12-18 22:00] ENTRY USDJPY LONG @ 154.69278 SL=153.94200 TP=155.81800 (ticket=213)
15:24:26 INFO  Backtest: [EXIT-TP] USDJPY LONG entry=154.68227 exit=155.81800 pnl=+1334.47 (+1.50R) bars_held=9 (ticket=213)
15:24:26 INFO  BacktestEngine: [2024-12-19 09:00] ENTRY USDJPY LONG @ 156.47729 SL=155.09500 TP=158.55100 (ticket=214)
15:24:29 INFO  Backtest: [EXIT-TIME-STOP] USDJPY LONG entry=156.48143 exit=157.74100 pnl=+820.23 (+0.91R) (ticket=214)
15:24:29 INFO  BacktestEngine: [2024-12-20 02:00] ENTRY USDJPY LONG @ 157.74262 SL=156.61900 TP=159.42800 (ticket=215)
15:24:30 INFO  Backtest: [STALE-SL] bar=3981 USDJPY long open 6.0h still losing (-0.81R) — SL tightened 156.61900→157.21714 (cap at 0.47R, atr_ratio=0.93, progress=0%) (ticket=215)
15:24:30 INFO  Backtest: [EXIT-SL] USDJPY LONG entry=157.74089 exit=157.21714 pnl=-420.74 (-0.47R) bars_held=7 (ticket=215)
15:24:30 INFO  BacktestEngine: [2024-12-20 11:00] ENTRY USDJPY SHORT @ 156.71646 SL=157.85600 TP=155.00800 (ticket=216)
15:24:31 INFO  Backtest: [EXIT-TIME-STOP] USDJPY SHORT entry=156.71517 exit=156.60300 pnl=+69.40 (+0.09R) (ticket=216)
15:24:31 INFO  BacktestEngine: [2024-12-20 16:00] ENTRY USDJPY SHORT @ 156.60138 SL=157.68000 TP=154.98300 (ticket=217)
15:24:32 INFO  BacktestEngine: [2024-12-23 01:00] ENTRY USDJPY LONG @ 156.56350 SL=155.93500 TP=157.50700 (ticket=218)
15:24:33 INFO  Backtest: [STALE-SL] bar=4006 USDJPY long open 8.0h still losing (-0.02R) — SL tightened 155.93500→156.35175 (cap at 0.35R, atr_ratio=0.76, progress=17%) (ticket=218)
15:24:34 INFO  Backtest: [EXIT-TIME-STOP] USDJPY LONG entry=156.58067 exit=157.02900 pnl=+312.76 (+0.70R) (ticket=218)
15:24:34 INFO  BacktestEngine: [2024-12-23 18:00] ENTRY USDJPY LONG @ 157.03050 SL=156.40700 TP=157.96500 (ticket=219)
15:24:36 INFO  Backtest: [STALE-WIN] bar=4024 USDJPY long open 9.0h, profit stalling (now +0.14R, peak +0.45R) — SL→BE 156.40700→156.93680 (ticket=219)
15:24:36 INFO  Backtest: [EXIT-SL] USDJPY LONG entry=157.03030 exit=156.93680 pnl=-72.74 (-0.16R) bars_held=11 (ticket=219)
15:24:37 INFO  BacktestEngine: [2024-12-24 15:00] ENTRY USDJPY LONG @ 157.19250 SL=156.85100 TP=157.70400 (ticket=220)
15:24:38 INFO  Backtest: [STALE-WIN] bar=4042 USDJPY long open 6.0h, profit stalling (now +0.03R, peak +0.41R) — SL→BE 156.85100→157.14136 (ticket=220)
15:24:38 INFO  Backtest: [EXIT-SL] USDJPY LONG entry=157.19260 exit=157.14136 pnl=-79.37 (-0.17R) bars_held=7 (ticket=220)
15:24:40 INFO  BacktestEngine: [2024-12-26 15:00] ENTRY USDJPY LONG @ 157.83880 SL=157.34600 TP=158.57800 (ticket=221)
15:24:41 INFO  Backtest: [STALE-WIN] bar=4069 USDJPY long open 8.0h, profit stalling (now +0.09R, peak +0.46R) — SL→BE 157.34600→157.76603 (ticket=221)
15:24:41 INFO  Backtest: [EXIT-SL] USDJPY LONG entry=157.84015 exit=157.76603 pnl=-71.47 (-0.17R) bars_held=9 (ticket=221)
15:24:42 INFO  BacktestEngine: [2024-12-27 06:00] ENTRY USDJPY SHORT @ 157.57150 SL=158.12300 TP=156.74500 (ticket=223)
15:24:43 INFO  Backtest: [EXIT-TIME-STOP] USDJPY SHORT entry=157.57287 exit=157.87600 pnl=-209.31 (-0.56R) (ticket=223)
15:24:44 INFO  BacktestEngine: [2024-12-27 15:00] ENTRY USDJPY LONG @ 157.79555 SL=157.42300 TP=158.35400 (ticket=226)
15:24:44 INFO  Backtest: [EXIT-SL] USDJPY LONG entry=157.79737 exit=157.42300 pnl=-448.51 (-1.03R) bars_held=2 (ticket=226)
  [USDJPY] 3584/5122 bars (70%)
15:24:48 INFO  BacktestEngine: [2024-12-31 03:00] ENTRY USDJPY SHORT @ 156.43690 SL=157.25300 TP=155.21300 (ticket=227)
15:24:48 INFO  Backtest: [EXIT-TIME-STOP] USDJPY SHORT entry=156.44175 exit=156.35700 pnl=+30.15 (+0.09R) (ticket=227)
15:24:48 INFO  BacktestEngine: [2024-12-31 08:00] ENTRY USDJPY SHORT @ 156.35547 SL=157.11900 TP=155.21000 (ticket=228)
15:24:49 INFO  Backtest: [EXIT-TIME-STOP] USDJPY SHORT entry=156.35318 exit=156.79800 pnl=-189.42 (-0.59R) (ticket=228)
15:24:49 INFO  BacktestEngine: [2024-12-31 13:00] ENTRY USDJPY LONG @ 156.79950 SL=156.23600 TP=157.80100 (ticket=229)
15:24:50 INFO  Backtest: [PARTIAL-TP1] bar=4135 USDJPY long closed 20% @ 157.36500 (+1R) SL: 156.23600→156.71401 (BE+15%R) rem_qty=0.58 rem_risk=$299.50 (ticket=229)
15:24:52 INFO  Backtest: [EXIT-TIME-STOP] USDJPY LONG entry=156.79837 exit=157.15900 pnl=+187.57 (+0.63R) (ticket=229)
15:25:00 INFO  BacktestEngine: [2025-01-06 06:00] ENTRY USDJPY LONG @ 157.72050 SL=157.12400 TP=158.61500 (ticket=230)
15:25:01 INFO  Backtest: [STALE-SL] bar=4203 USDJPY long open 6.0h still losing (-0.88R) — SL tightened 157.12400→157.45584 (cap at 0.44R, atr_ratio=0.89, progress=0%) (ticket=230)
15:25:01 INFO  Backtest: [EXIT-SL] USDJPY LONG entry=157.72177 exit=157.45584 pnl=-343.62 (-0.46R) bars_held=7 (ticket=230)
15:25:01 INFO  BacktestEngine: [2025-01-06 17:00] ENTRY USDJPY LONG @ 157.53513 SL=156.76800 TP=158.68600 (ticket=231)
15:25:03 INFO  Backtest: [PARTIAL-TP1] bar=4217 USDJPY long closed 20% @ 158.31100 (+1R) SL: 156.76800→157.39744 (BE+15%R) rem_qty=0.86 rem_risk=$597.83 (ticket=231)
15:25:04 INFO  Backtest: [EXIT-TIME-STOP] USDJPY LONG entry=157.50851 exit=157.74400 pnl=+177.44 (+0.30R) (ticket=231)
15:25:04 INFO  BacktestEngine: [2025-01-07 12:00] ENTRY USDJPY LONG @ 157.74550 SL=157.10900 TP=158.70000 (ticket=232)
15:25:05 INFO  Backtest: [STALE-SL] bar=4231 USDJPY long open 6.0h still losing (-0.08R) — SL tightened 157.10900→157.42675 (cap at 0.50R, atr_ratio=1.00, progress=0%) (ticket=232)
15:25:06 INFO  Backtest: [STALE-WIN] bar=4239 USDJPY long open 14.0h, profit stalling (now +0.35R, peak +0.76R) — SL→BE 157.42675→157.64917 (ticket=232)
15:25:07 INFO  Backtest: [EXIT-TIME-STOP] USDJPY LONG entry=157.74449 exit=158.19700 pnl=+590.98 (+0.70R) (ticket=232)
15:25:07 INFO  BacktestEngine: [2025-01-08 05:00] ENTRY USDJPY LONG @ 158.19850 SL=157.47400 TP=159.28600 (ticket=233)
15:25:08 INFO  Backtest: [STALE-WIN] bar=4251 USDJPY long open 9.0h, profit stalling (now +0.04R, peak +0.42R) — SL→BE 157.47400→158.09115 (ticket=233)
15:25:10 INFO  Backtest: [EXIT-TIME-STOP] USDJPY LONG entry=158.20006 exit=158.36000 pnl=+199.51 (+0.21R) (ticket=233)
15:25:10 INFO  BacktestEngine: [2025-01-08 22:00] ENTRY USDJPY LONG @ 158.36150 SL=157.87200 TP=159.09600 (ticket=234)
15:25:11 INFO  Backtest: [STALE-SL] bar=4265 USDJPY long open 6.0h still losing (-0.80R) — SL tightened 157.87200→158.12499 (cap at 0.48R, atr_ratio=0.97, progress=0%) (ticket=234)
15:25:11 INFO  Backtest: [EXIT-SL] USDJPY LONG entry=158.36314 exit=158.12499 pnl=-478.76 (-0.50R) bars_held=7 (ticket=234)
15:25:11 INFO  BacktestEngine: [2025-01-09 06:00] ENTRY USDJPY SHORT @ 157.92330 SL=158.37800 TP=157.24100 (ticket=235)
15:25:12 INFO  Backtest: [EXIT-TIME-STOP] USDJPY SHORT entry=157.92331 exit=158.08100 pnl=-260.36 (-0.36R) (ticket=235)
15:25:13 INFO  BacktestEngine: [2025-01-09 17:00] ENTRY USDJPY LONG @ 157.97350 SL=157.51500 TP=158.66100 (ticket=236)
15:25:15 INFO  Backtest: [EXIT-TIME-STOP] USDJPY LONG entry=157.97599 exit=157.82100 pnl=-299.05 (-0.35R) (ticket=236)
15:25:17 INFO  BacktestEngine: [2025-01-13 05:00] ENTRY USDJPY SHORT @ 157.41150 SL=158.35600 TP=155.99400 (ticket=238)
15:25:18 INFO  Backtest: [EXIT-TIME-STOP] USDJPY SHORT entry=157.41286 exit=157.60100 pnl=-156.82 (-0.21R) (ticket=238)
15:25:19 INFO  BacktestEngine: [2025-01-13 17:00] ENTRY USDJPY LONG @ 157.51750 SL=156.79700 TP=158.59800 (ticket=241)
15:25:20 INFO  Backtest: [STALE-SL] bar=4332 USDJPY long open 6.0h still losing (-0.30R) — SL tightened 156.79700→157.15857 (cap at 0.50R, atr_ratio=1.00, progress=0%) (ticket=241)
15:25:20 INFO  Backtest: [EXIT-SL] USDJPY LONG entry=157.52014 exit=157.15857 pnl=-457.00 (-0.51R) bars_held=7 (ticket=241)
15:25:21 INFO  BacktestEngine: [2025-01-14 05:00] ENTRY USDJPY LONG @ 157.55750 SL=156.77900 TP=158.72500 (ticket=244)
15:25:23 INFO  Backtest: [EXIT-TIME-STOP] USDJPY LONG entry=157.55525 exit=157.98100 pnl=+471.74 (+0.54R) (ticket=244)
15:25:24 INFO  BacktestEngine: [2025-01-15 01:00] ENTRY USDJPY LONG @ 158.04950 SL=157.32000 TP=159.14400 (ticket=245)
15:25:25 INFO  Backtest: [EXIT-SL] USDJPY LONG entry=158.04660 exit=157.32000 pnl=-861.98 (-1.01R) bars_held=5 (ticket=245)
15:25:25 INFO  BacktestEngine: [2025-01-15 09:00] ENTRY USDJPY SHORT @ 156.87611 SL=157.73400 TP=155.58900 (ticket=246)
  [USDJPY] 3840/5122 bars (75%)
15:25:26 INFO  Backtest: [EXIT-TIME-STOP] USDJPY SHORT entry=156.87083 exit=156.97800 pnl=-96.16 (-0.13R) (ticket=246)
15:25:28 INFO  BacktestEngine: [2025-01-16 04:00] ENTRY USDJPY SHORT @ 155.73337 SL=156.85900 TP=154.04500 (ticket=249)
15:25:28 INFO  Backtest: [EXIT-TIME-STOP] USDJPY SHORT entry=155.72819 exit=156.18600 pnl=-300.76 (-0.41R) (ticket=249)
15:25:29 INFO  BacktestEngine: [2025-01-16 14:00] ENTRY USDJPY LONG @ 156.11108 SL=155.44800 TP=157.10600 (ticket=251)
15:25:29 INFO  Backtest: [EXIT-SL] USDJPY LONG entry=156.10817 exit=155.44800 pnl=-856.93 (-1.01R) bars_held=2 (ticket=251)
15:25:33 INFO  BacktestEngine: [2025-01-17 18:00] ENTRY USDJPY LONG @ 156.30558 SL=155.67000 TP=157.25900 (ticket=252)
15:25:40 INFO  BacktestEngine: [2025-01-22 06:00] ENTRY USDJPY LONG @ 155.79350 SL=155.20400 TP=156.67800 (ticket=253)
15:25:41 INFO  Backtest: [STALE-WIN] bar=4490 USDJPY long open 7.0h, profit stalling (now +0.04R, peak +0.44R) — SL→BE 155.20400→155.70181 (ticket=253)
15:25:42 INFO  Backtest: [PARTIAL-TP1] bar=4493 USDJPY long closed 20% @ 156.40100 (+1R) SL: 155.70181→155.70181 (BE+15%R) rem_qty=1.27 rem_risk=$682.78 (ticket=253)
15:25:42 INFO  Backtest: [EXIT-TP] USDJPY LONG entry=155.78966 exit=156.67800 pnl=+1019.36 (+1.49R) bars_held=12 (ticket=253)
15:25:42 INFO  BacktestEngine: [2025-01-22 19:00] ENTRY USDJPY LONG @ 156.61450 SL=155.69500 TP=157.99400 (ticket=254)
15:25:43 INFO  Backtest: [STALE-SL] bar=4502 USDJPY long open 6.0h still losing (-0.25R) — SL tightened 155.69500→156.26748 (cap at 0.38R, atr_ratio=0.76, progress=0%) (ticket=254)
15:25:43 INFO  Backtest: [STALE-SL] bar=4503 USDJPY long open 7.0h still losing (-0.07R) — SL tightened 156.26748→156.28040 (cap at 0.37R, atr_ratio=0.76, progress=8%) (ticket=254)
15:25:43 INFO  Backtest: [STALE-SL] bar=4505 USDJPY long open 9.0h still losing (-0.13R) — SL tightened 156.28108→156.30270 (cap at 0.34R, atr_ratio=0.76, progress=25%) (ticket=254)
15:25:43 INFO  Backtest: [STALE-SL] bar=4506 USDJPY long open 10.0h still losing (-0.03R) — SL tightened 156.30270→156.33030 (cap at 0.31R, atr_ratio=0.72, progress=33%) (ticket=254)
15:25:43 INFO  Backtest: [STALE-SL] bar=4508 USDJPY long open 12.0h still losing (-0.01R) — SL tightened 156.33030→156.39771 (cap at 0.24R, atr_ratio=0.60, progress=50%) (ticket=254)
15:25:43 INFO  Backtest: [STALE-SL] bar=4509 USDJPY long open 13.0h still losing (-0.01R) — SL tightened 156.39771→156.40982 (cap at 0.23R, atr_ratio=0.59, progress=58%) (ticket=254)
15:25:44 INFO  Backtest: [STALE-SL] bar=4510 USDJPY long open 14.0h still losing (-0.14R) — SL tightened 156.40982→156.41723 (cap at 0.22R, atr_ratio=0.59, progress=67%) (ticket=254)
15:25:44 INFO  Backtest: [EXIT-SL] USDJPY LONG entry=156.61855 exit=156.41723 pnl=-195.91 (-0.23R) bars_held=15 (ticket=254)
15:25:44 INFO  BacktestEngine: [2025-01-23 17:00] ENTRY USDJPY SHORT @ 156.16057 SL=156.65300 TP=155.42300 (ticket=255)
15:25:45 INFO  Backtest: [EXIT-TIME-STOP] USDJPY SHORT entry=156.16519 exit=155.96800 pnl=+269.01 (+0.39R) (ticket=255)
15:25:45 INFO  BacktestEngine: [2025-01-23 22:00] ENTRY USDJPY SHORT @ 155.96650 SL=156.49600 TP=155.17200 (ticket=256)
15:25:46 INFO  Backtest: [EXIT-TIME-STOP] USDJPY SHORT entry=155.96998 exit=156.31100 pnl=-460.13 (-0.66R) (ticket=256)
15:25:46 INFO  BacktestEngine: [2025-01-24 03:00] ENTRY USDJPY LONG @ 156.31250 SL=155.81400 TP=157.06000 (ticket=257)
15:25:46 INFO  Backtest: [EXIT-SL] USDJPY LONG entry=156.32664 exit=155.81400 pnl=-885.44 (-1.04R) bars_held=1 (ticket=257)
15:25:46 INFO  BacktestEngine: [2025-01-24 10:00] ENTRY USDJPY SHORT @ 155.37691 SL=156.20600 TP=153.90200 (ticket=258)
15:25:47 INFO  Backtest: [EXIT-SL] USDJPY SHORT entry=155.38321 exit=156.20600 pnl=-717.95 (-1.00R) bars_held=3 (ticket=258)
15:25:47 INFO  BacktestEngine: [2025-01-24 18:00] ENTRY USDJPY LONG @ 155.58350 SL=154.72200 TP=156.87600 (ticket=263)
15:25:49 INFO  BacktestEngine: [2025-01-27 07:00] ENTRY USDJPY LONG @ 156.06550 SL=155.36800 TP=157.11100 (ticket=264)
15:25:49 INFO  Backtest: [EXIT-SL] USDJPY LONG entry=156.06269 exit=155.36800 pnl=-843.70 (-1.01R) bars_held=2 (ticket=264)
15:25:51 INFO  BacktestEngine: [2025-01-27 22:00] ENTRY USDJPY LONG @ 154.58050 SL=153.61900 TP=156.02300 (ticket=265)
15:25:51 INFO  Backtest: [PARTIAL-TP1] bar=4576 USDJPY long closed 20% @ 155.55200 (+1R) SL: 153.61900→154.43662 (BE+15%R) rem_qty=0.76 rem_risk=$665.18 (ticket=265)
15:25:52 INFO  Backtest: [EXIT-TIME-STOP] USDJPY LONG entry=154.58090 exit=155.49100 pnl=+624.10 (+0.94R) (ticket=265)
15:25:53 INFO  BacktestEngine: [2025-01-28 17:00] ENTRY USDJPY LONG @ 155.71941 SL=154.91400 TP=156.92700 (ticket=266)
15:25:53 INFO  Backtest: [STALE-SL] bar=4596 USDJPY long open 6.0h still losing (-0.22R) — SL tightened 154.91400→155.37122 (cap at 0.43R, atr_ratio=0.86, progress=0%) (ticket=266)
15:25:53 INFO  Backtest: [STALE-SL] bar=4597 USDJPY long open 7.0h still losing (-0.19R) — SL tightened 155.37122→155.40795 (cap at 0.38R, atr_ratio=0.80, progress=8%) (ticket=266)
15:25:53 INFO  Backtest: [STALE-SL] bar=4598 USDJPY long open 8.0h still losing (-0.11R) — SL tightened 155.40795→155.45535 (cap at 0.33R, atr_ratio=0.70, progress=17%) (ticket=266)
15:25:53 INFO  Backtest: [STALE-SL] bar=4599 USDJPY long open 9.0h still losing (-0.01R) — SL tightened 155.45535→155.47010 (cap at 0.31R, atr_ratio=0.68, progress=25%) (ticket=266)
15:25:54 INFO  Backtest: [STALE-SL] bar=4600 USDJPY long open 10.0h still losing (-0.11R) — SL tightened 155.47010→155.48288 (cap at 0.29R, atr_ratio=0.67, progress=33%) (ticket=266)
15:25:54 INFO  Backtest: [EXIT-SL] USDJPY LONG entry=155.71692 exit=155.48288 pnl=-217.77 (-0.30R) bars_held=11 (ticket=266)
15:25:55 INFO  BacktestEngine: [2025-01-29 13:00] ENTRY USDJPY LONG @ 155.41950 SL=154.86100 TP=156.25700 (ticket=267)
15:25:56 INFO  Backtest: [STALE-SL] bar=4616 USDJPY long open 6.0h still losing (-0.53R) — SL tightened 154.86100→155.13860 (cap at 0.50R, atr_ratio=1.00, progress=0%) (ticket=267)
15:25:56 INFO  Backtest: [EXIT-SL] USDJPY LONG entry=155.41620 exit=155.13860 pnl=-371.25 (-0.51R) bars_held=7 (ticket=267)
  [USDJPY] 4096/5122 bars (80%)
15:26:06 INFO  BacktestEngine: [2025-02-04 02:00] ENTRY USDJPY LONG @ 155.31450 SL=154.44400 TP=156.62000 (ticket=269)
15:26:07 INFO  Backtest: [EXIT-TIME-STOP] USDJPY LONG entry=155.31517 exit=155.24900 pnl=-61.17 (-0.08R) (ticket=269)
15:26:09 INFO  BacktestEngine: [2025-02-04 18:00] ENTRY USDJPY SHORT @ 154.55850 SL=155.19000 TP=153.61200 (ticket=270)
15:26:10 INFO  Backtest: [PARTIAL-TP1] bar=4718 USDJPY short closed 20% @ 153.85900 (+1R) SL: 155.19000→154.65224 (BE+15%R) rem_qty=0.86 rem_risk=$491.73 (ticket=270)
15:26:10 INFO  Backtest: [EXIT-TP] USDJPY SHORT entry=154.55734 exit=153.61200 pnl=+730.39 (+1.49R) bars_held=8 (ticket=270)
15:26:10 INFO  BacktestEngine: [2025-02-05 03:00] ENTRY USDJPY SHORT @ 153.59763 SL=154.56500 TP=152.14700 (ticket=271)
15:26:12 INFO  Backtest: [PARTIAL-TP1] bar=4728 USDJPY short closed 20% @ 152.64000 (+1R) SL: 154.56500→153.74766 (BE+15%R) rem_qty=0.68 rem_risk=$598.55 (ticket=271)
15:26:12 INFO  Backtest: [EXIT-TP] USDJPY SHORT entry=153.60343 exit=152.14700 pnl=+896.48 (+1.50R) bars_held=13 (ticket=271)
15:26:12 INFO  BacktestEngine: [2025-02-05 17:00] ENTRY USDJPY SHORT @ 152.13403 SL=153.33100 TP=150.33900 (ticket=272)
15:26:13 INFO  Backtest: [STALE-SL] bar=4740 USDJPY short open 6.0h still losing (-0.36R) — SL tightened 153.33100→152.65647 (cap at 0.43R, atr_ratio=0.87, progress=0%) (ticket=272)
15:26:13 INFO  Backtest: [EXIT-SL] USDJPY SHORT entry=152.13781 exit=152.65647 pnl=-330.50 (-0.44R) bars_held=7 (ticket=272)
15:26:16 INFO  BacktestEngine: [2025-02-06 17:00] ENTRY USDJPY SHORT @ 151.68448 SL=152.74300 TP=150.09600 (ticket=273)
15:26:17 INFO  Backtest: [STALE-WIN] bar=4767 USDJPY short open 9.0h, profit stalling (now +0.11R, peak +0.49R) — SL→BE 152.74300→151.84615 (ticket=273)
15:26:18 INFO  Backtest: [EXIT-SL] USDJPY SHORT entry=151.68788 exit=151.84615 pnl=-108.74 (-0.16R) bars_held=15 (ticket=273)
15:26:19 INFO  BacktestEngine: [2025-02-07 13:00] ENTRY USDJPY LONG @ 152.15050 SL=151.58600 TP=152.99800 (ticket=275)
15:26:19 INFO  Backtest: [EXIT-SL] USDJPY LONG entry=152.15759 exit=151.58600 pnl=-859.25 (-1.03R) bars_held=1 (ticket=275)
15:26:20 INFO  BacktestEngine: [2025-02-07 19:00] ENTRY USDJPY SHORT @ 151.66357 SL=152.97600 TP=149.69500 (ticket=278)
15:26:20 INFO  BacktestEngine: [2025-02-10 00:00] ENTRY USDJPY SHORT @ 151.52950 SL=152.49900 TP=150.07500 (ticket=279)
15:26:21 INFO  Backtest: [STALE-SL] bar=4795 USDJPY short open 6.0h still losing (-0.43R) — SL tightened 152.49900→151.94525 (cap at 0.43R, atr_ratio=0.85, progress=0%) (ticket=279)
15:26:21 INFO  Backtest: [EXIT-SL] USDJPY SHORT entry=151.53318 exit=151.94525 pnl=-317.05 (-0.43R) bars_held=7 (ticket=279)
15:26:22 INFO  BacktestEngine: [2025-02-10 13:00] ENTRY USDJPY SHORT @ 152.11650 SL=152.76700 TP=151.14000 (ticket=280)
15:26:23 INFO  Backtest: [STALE-WIN] bar=4808 USDJPY short open 6.0h, profit stalling (now +0.11R, peak +0.76R) — SL→BE 152.76700→152.20717 (ticket=280)
15:26:24 INFO  Backtest: [EXIT-TIME-STOP] USDJPY SHORT entry=152.10837 exit=151.98600 pnl=+128.36 (+0.18R) (ticket=280)
  [USDJPY] 4352/5122 bars (85%)
15:26:35 INFO  BacktestEngine: [2025-02-14 06:00] ENTRY USDJPY SHORT @ 152.63150 SL=153.62900 TP=151.13500 (ticket=281)
15:26:36 INFO  Backtest: [STALE-SL] bar=4897 USDJPY short open 6.0h still losing (-0.07R) — SL tightened 153.62900→153.07061 (cap at 0.44R, atr_ratio=0.88, progress=0%) (ticket=281)
15:26:37 INFO  BacktestEngine: [2025-02-17 02:00] ENTRY USDJPY SHORT @ 151.87893 SL=152.46700 TP=150.99700 (ticket=282)
15:26:38 INFO  Backtest: [STALE-WIN] bar=4917 USDJPY short open 6.0h, profit stalling (now +0.02R, peak +0.61R) — SL→BE 152.46700→151.96728 (ticket=282)
15:26:40 INFO  Backtest: [EXIT-TIME-STOP] USDJPY SHORT entry=151.87909 exit=151.38400 pnl=+572.16 (+0.83R) (ticket=282)
15:26:40 INFO  BacktestEngine: [2025-02-17 19:00] ENTRY USDJPY SHORT @ 151.38250 SL=151.99100 TP=150.47000 (ticket=283)
15:26:41 INFO  Backtest: [STALE-SL] bar=4934 USDJPY short open 6.0h still losing (-0.50R) — SL tightened 151.99100→151.62012 (cap at 0.39R, atr_ratio=0.78, progress=0%) (ticket=283)
15:26:41 INFO  Backtest: [EXIT-SL] USDJPY SHORT entry=151.38291 exit=151.62012 pnl=-278.58 (-0.40R) bars_held=7 (ticket=283)
15:26:42 INFO  BacktestEngine: [2025-02-18 15:00] ENTRY USDJPY SHORT @ 151.69450 SL=152.11100 TP=151.06900 (ticket=284)
15:26:43 INFO  Backtest: [STALE-SL] bar=4954 USDJPY short open 6.0h still losing (-0.77R) — SL tightened 152.11100→151.89121 (cap at 0.47R, atr_ratio=0.93, progress=0%) (ticket=284)
15:26:43 INFO  Backtest: [EXIT-SL] USDJPY SHORT entry=151.69838 exit=151.89121 pnl=-333.94 (-0.48R) bars_held=7 (ticket=284)
15:26:44 INFO  BacktestEngine: [2025-02-19 05:00] ENTRY USDJPY SHORT @ 151.89135 SL=152.36700 TP=151.17800 (ticket=286)
15:26:45 INFO  Backtest: [STALE-WIN] bar=4969 USDJPY short open 7.0h, profit stalling (now +0.09R, peak +0.52R) — SL→BE 152.36700→151.95868 (ticket=286)
15:26:46 INFO  Backtest: [PARTIAL-TP1] bar=4972 USDJPY short closed 20% @ 151.33400 (+1R) SL: 151.95868→151.95868 (BE+15%R) rem_qty=1.33 rem_risk=$574.43 (ticket=286)
15:26:46 INFO  Backtest: [EXIT-TIME-STOP] USDJPY SHORT entry=151.88662 exit=151.47700 pnl=+485.72 (+0.85R) (ticket=286)
15:26:47 INFO  BacktestEngine: [2025-02-19 22:00] ENTRY USDJPY SHORT @ 151.47550 SL=151.99700 TP=150.69400 (ticket=287)
15:26:47 INFO  Backtest: [EXIT-TP] USDJPY SHORT entry=151.47351 exit=150.69400 pnl=+1074.61 (+1.48R) bars_held=4 (ticket=287)
15:26:47 INFO  BacktestEngine: [2025-02-20 03:00] ENTRY USDJPY SHORT @ 150.63426 SL=151.45200 TP=149.40800 (ticket=288)
15:26:48 INFO  Backtest: [STALE-WIN] bar=4990 USDJPY short open 6.0h, profit stalling (now +0.37R, peak +0.74R) — SL→BE 151.45200→150.76236 (ticket=288)
15:26:49 INFO  Backtest: [PARTIAL-TP1] bar=4996 USDJPY short closed 20% @ 149.81200 (+1R) SL: 150.76236→150.76236 (BE+15%R) rem_qty=0.80 rem_risk=$595.34 (ticket=288)
15:26:49 INFO  Backtest: [EXIT-TP] USDJPY SHORT entry=150.64066 exit=149.40800 pnl=+891.78 (+1.50R) bars_held=15 (ticket=288)
15:26:50 INFO  BacktestEngine: [2025-02-20 19:00] ENTRY USDJPY SHORT @ 149.46548 SL=150.47300 TP=147.95400 (ticket=289)
15:26:51 INFO  Backtest: [STALE-SL] bar=5006 USDJPY short open 6.0h still losing (-0.36R) — SL tightened 150.47300→149.91783 (cap at 0.45R, atr_ratio=0.89, progress=0%) (ticket=289)
15:26:51 INFO  Backtest: [EXIT-SL] USDJPY SHORT entry=149.47016 exit=149.91783 pnl=-339.79 (-0.45R) bars_held=7 (ticket=289)
15:26:52 INFO  BacktestEngine: [2025-02-21 08:00] ENTRY USDJPY LONG @ 150.51650 SL=149.48400 TP=152.06600 (ticket=290)
15:26:52 INFO  Backtest: [EXIT-TIME-STOP] USDJPY LONG entry=150.51350 exit=150.27200 pnl=-215.42 (-0.24R) (ticket=290)
15:26:53 INFO  BacktestEngine: [2025-02-21 17:00] ENTRY USDJPY SHORT @ 149.54747 SL=150.60400 TP=147.96300 (ticket=293)
15:26:53 INFO  BacktestEngine: [2025-02-24 00:00] ENTRY USDJPY SHORT @ 149.19150 SL=150.12700 TP=147.78800 (ticket=294)
15:26:54 INFO  Backtest: [STALE-SL] bar=5035 USDJPY short open 6.0h still losing (-0.22R) — SL tightened 150.12700→149.66061 (cap at 0.50R, atr_ratio=1.00, progress=0%) (ticket=294)
15:26:54 INFO  Backtest: [STALE-SL] bar=5036 USDJPY short open 7.0h still losing (-0.29R) — SL tightened 149.66061→149.64506 (cap at 0.48R, atr_ratio=1.00, progress=8%) (ticket=294)
15:26:54 INFO  Backtest: [STALE-SL] bar=5037 USDJPY short open 8.0h still losing (-0.28R) — SL tightened 149.64506→149.62951 (cap at 0.47R, atr_ratio=1.00, progress=17%) (ticket=294)
15:26:54 INFO  Backtest: [STALE-SL] bar=5038 USDJPY short open 9.0h still losing (-0.24R) — SL tightened 149.62951→149.60605 (cap at 0.44R, atr_ratio=0.98, progress=25%) (ticket=294)
15:26:54 INFO  Backtest: [STALE-SL] bar=5039 USDJPY short open 10.0h still losing (-0.39R) — SL tightened 149.60605→149.59842 (cap at 0.43R, atr_ratio=1.00, progress=33%) (ticket=294)
15:26:54 INFO  Backtest: [EXIT-SL] USDJPY SHORT entry=149.19421 exit=149.59842 pnl=-299.86 (-0.44R) bars_held=11 (ticket=294)
15:26:54 INFO  BacktestEngine: [2025-02-24 15:00] ENTRY USDJPY LONG @ 149.76352 SL=149.19400 TP=150.61700 (ticket=295)
15:26:54 INFO  Backtest: [EXIT-SL] USDJPY LONG entry=149.78448 exit=149.19400 pnl=-838.28 (-1.05R) bars_held=1 (ticket=295)
15:26:56 INFO  BacktestEngine: [2025-02-25 05:00] ENTRY USDJPY SHORT @ 149.66429 SL=150.22600 TP=148.82100 (ticket=296)
15:26:56 INFO  Backtest: [STALE-SL] bar=5064 USDJPY short open 6.0h still losing (-0.17R) — SL tightened 150.22600→149.94555 (cap at 0.50R, atr_ratio=1.00, progress=0%) (ticket=296)
15:26:56 INFO  Backtest: [EXIT-SL] USDJPY SHORT entry=149.66509 exit=149.94555 pnl=-390.70 (-0.51R) bars_held=7 (ticket=296)
15:26:57 INFO  BacktestEngine: [2025-02-25 17:00] ENTRY USDJPY SHORT @ 149.07325 SL=149.95600 TP=147.75000 (ticket=299)
15:26:58 INFO  Backtest: [STALE-SL] bar=5076 USDJPY short open 6.0h still losing (-0.05R) — SL tightened 149.95600→149.44909 (cap at 0.43R, atr_ratio=0.87, progress=0%) (ticket=299)
15:26:58 INFO  Backtest: [STALE-SL] bar=5079 USDJPY short open 9.0h still losing (-0.18R) — SL tightened 149.44909→149.41898 (cap at 0.40R, atr_ratio=0.89, progress=25%) (ticket=299)
15:26:58 INFO  Backtest: [EXIT-SL] USDJPY SHORT entry=149.06186 exit=149.41898 pnl=-315.38 (-0.41R) bars_held=10 (ticket=299)
15:26:59 INFO  BacktestEngine: [2025-02-26 10:00] ENTRY USDJPY SHORT @ 149.28833 SL=149.94500 TP=148.30300 (ticket=300)
15:27:00 INFO  Backtest: [STALE-SL] bar=5093 USDJPY short open 6.0h still losing (-0.30R) — SL tightened 149.94500→149.61438 (cap at 0.50R, atr_ratio=1.00, progress=0%) (ticket=300)
15:27:00 INFO  Backtest: [STALE-WIN] bar=5099 USDJPY short open 12.0h, profit stalling (now +0.33R, peak +0.68R) — SL→BE 149.61438→149.38295 (ticket=300)
15:27:01 INFO  Backtest: [EXIT-SL] USDJPY SHORT entry=149.28376 exit=149.38295 pnl=-122.55 (-0.16R) bars_held=16 (ticket=300)
15:27:02 INFO  BacktestEngine: [2025-02-27 11:00] ENTRY USDJPY LONG @ 149.84300 SL=149.15400 TP=150.87700 (ticket=301)
15:27:02 INFO  Backtest: [EXIT-TIME-STOP] USDJPY LONG entry=149.84721 exit=149.73300 pnl=-146.43 (-0.18R) (ticket=301)
15:27:03 INFO  BacktestEngine: [2025-02-27 22:00] ENTRY USDJPY SHORT @ 149.69350 SL=150.39600 TP=148.64000 (ticket=303)
15:27:05 INFO  Backtest: [STALE-WIN] bar=5129 USDJPY short open 6.0h, profit stalling (now +0.13R, peak +0.57R) — SL→BE 150.39600→149.80302 (ticket=303)
15:27:05 INFO  Backtest: [EXIT-SL] USDJPY SHORT entry=149.69838 exit=149.80302 pnl=-112.45 (-0.16R) bars_held=8 (ticket=303)
  [USDJPY] 4608/5122 bars (90%)
15:27:06 INFO  BacktestEngine: [2025-02-28 15:00] ENTRY USDJPY LONG @ 150.64957 SL=149.48300 TP=152.40000 (ticket=304)
15:27:08 INFO  BacktestEngine: [2025-03-03 08:00] ENTRY USDJPY SHORT @ 150.46150 SL=151.12900 TP=149.46000 (ticket=305)
15:27:08 INFO  Backtest: [EXIT-SL] USDJPY SHORT entry=150.46747 exit=151.12900 pnl=-712.52 (-1.00R) bars_held=4 (ticket=305)
15:27:09 INFO  BacktestEngine: [2025-03-03 17:00] ENTRY USDJPY SHORT @ 150.23322 SL=151.07300 TP=148.97300 (ticket=306)
15:27:09 INFO  Backtest: [PARTIAL-TP1] bar=5173 USDJPY short closed 20% @ 149.30700 (+1R) SL: 151.07300→150.36105 (BE+15%R) rem_qty=0.74 rem_risk=$562.75 (ticket=306)
15:27:10 INFO  Backtest: [EXIT-TP] USDJPY SHORT entry=150.23541 exit=148.97300 pnl=+840.36 (+1.49R) bars_held=9 (ticket=306)
15:27:10 INFO  BacktestEngine: [2025-03-04 06:00] ENTRY USDJPY SHORT @ 149.13750 SL=150.24400 TP=147.47800 (ticket=307)
15:27:12 INFO  Backtest: [STALE-WIN] bar=5190 USDJPY short open 11.0h, profit stalling (now +0.29R, peak +0.84R) — SL→BE 150.24400→149.30534 (ticket=307)
15:27:12 INFO  Backtest: [EXIT-SL] USDJPY SHORT entry=149.13969 exit=149.30534 pnl=-116.73 (-0.16R) bars_held=14 (ticket=307)
15:27:13 INFO  BacktestEngine: [2025-03-05 00:00] ENTRY USDJPY LONG @ 149.73350 SL=148.81300 TP=151.11400 (ticket=308)
15:27:14 INFO  Backtest: [EXIT-TIME-STOP] USDJPY LONG entry=149.73191 exit=149.97100 pnl=+204.26 (+0.25R) (ticket=308)
15:27:14 INFO  BacktestEngine: [2025-03-05 05:00] ENTRY USDJPY LONG @ 149.97250 SL=149.09800 TP=151.52700 (ticket=309)
15:27:14 INFO  Backtest: [EXIT-TIME-STOP] USDJPY LONG entry=149.97252 exit=149.22200 pnl=-710.67 (-0.87R) (ticket=309)
15:27:14 INFO  BacktestEngine: [2025-03-05 10:00] ENTRY USDJPY SHORT @ 149.22016 SL=150.03600 TP=147.99700 (ticket=310)
15:27:15 INFO  Backtest: [PARTIAL-TP1] bar=5212 USDJPY short closed 20% @ 148.39800 (+1R) SL: 150.03600→149.34499 (BE+15%R) rem_qty=0.74 rem_risk=$552.15 (ticket=310)
15:27:16 INFO  Backtest: [EXIT-TIME-STOP] USDJPY SHORT entry=149.22305 exit=148.99400 pnl=+149.87 (+0.27R) (ticket=310)
15:27:16 INFO  BacktestEngine: [2025-03-06 03:00] ENTRY USDJPY SHORT @ 148.99250 SL=149.78300 TP=147.80600 (ticket=311)
15:27:17 INFO  Backtest: [PARTIAL-TP1] bar=5230 USDJPY short closed 20% @ 148.15400 (+1R) SL: 149.78300→149.10885 (BE+15%R) rem_qty=0.82 rem_risk=$587.27 (ticket=311)
15:27:17 INFO  Backtest: [EXIT-TP] USDJPY SHORT entry=148.98988 exit=147.80600 pnl=+873.39 (+1.49R) bars_held=7 (ticket=311)
15:27:17 INFO  BacktestEngine: [2025-03-06 11:00] ENTRY USDJPY SHORT @ 147.88101 SL=149.03400 TP=146.15200 (ticket=312)
15:27:17 INFO  Backtest: [STALE-SL] bar=5238 USDJPY short open 6.0h still losing (-0.02R) — SL tightened 149.03400→148.45678 (cap at 0.50R, atr_ratio=1.00, progress=0%) (ticket=312)
15:27:17 INFO  Backtest: [STALE-SL] bar=5239 USDJPY short open 7.0h still losing (-0.03R) — SL tightened 148.45678→148.43754 (cap at 0.48R, atr_ratio=1.00, progress=8%) (ticket=312)
15:27:17 INFO  Backtest: [STALE-WIN] bar=5240 USDJPY short open 8.0h, profit stalling (now +0.07R, peak +0.40R) — SL→BE 148.43754→148.05272 (ticket=312)
15:27:18 INFO  Backtest: [EXIT-SL] USDJPY SHORT entry=147.87955 exit=148.05272 pnl=-116.85 (-0.16R) bars_held=11 (ticket=312)
15:27:18 INFO  BacktestEngine: [2025-03-07 03:00] ENTRY USDJPY SHORT @ 147.89950 SL=148.69000 TP=146.71400 (ticket=313)
15:27:19 INFO  Backtest: [STALE-WIN] bar=5257 USDJPY short open 9.0h, profit stalling (now +0.26R, peak +0.72R) — SL→BE 148.69000→148.02080 (ticket=313)
15:27:20 INFO  BacktestEngine: [2025-03-10 02:00] ENTRY USDJPY SHORT @ 147.29350 SL=148.25900 TP=145.84500 (ticket=314)
15:27:21 INFO  Backtest: [STALE-SL] bar=5277 USDJPY short open 6.0h still losing (-0.28R) — SL tightened 148.25900→147.64828 (cap at 0.37R, atr_ratio=0.74, progress=0%) (ticket=314)
15:27:22 INFO  Backtest: [STALE-WIN] bar=5285 USDJPY short open 14.0h, profit stalling (now +0.15R, peak +0.54R) — SL→BE 147.64828→147.43691 (ticket=314)
15:27:22 INFO  Backtest: [EXIT-TIME-STOP] USDJPY SHORT entry=147.29184 exit=147.18600 pnl=+73.23 (+0.10R) (ticket=314)
15:27:22 INFO  BacktestEngine: [2025-03-10 19:00] ENTRY USDJPY SHORT @ 147.18450 SL=147.98400 TP=145.98500 (ticket=315)
15:27:23 INFO  Backtest: [STALE-WIN] bar=5297 USDJPY short open 9.0h, profit stalling (now +0.08R, peak +0.54R) — SL→BE 147.98400→147.30126 (ticket=315)
15:27:23 INFO  Backtest: [EXIT-SL] USDJPY SHORT entry=147.18078 exit=147.30126 pnl=-115.47 (-0.16R) bars_held=12 (ticket=315)
15:27:24 INFO  BacktestEngine: [2025-03-11 18:00] ENTRY USDJPY SHORT @ 147.28850 SL=148.16200 TP=145.97900 (ticket=316)
15:27:24 INFO  Backtest: [STALE-SL] bar=5317 USDJPY short open 6.0h still losing (-0.86R) — SL tightened 148.16200→147.71148 (cap at 0.48R, atr_ratio=0.97, progress=0%) (ticket=316)
15:27:24 INFO  Backtest: [EXIT-SL] USDJPY SHORT entry=147.29132 exit=147.71148 pnl=-338.73 (-0.49R) bars_held=7 (ticket=316)
15:27:25 INFO  BacktestEngine: [2025-03-12 06:00] ENTRY USDJPY LONG @ 148.15050 SL=147.07200 TP=149.76800 (ticket=317)
15:27:25 INFO  Backtest: [EXIT-TIME-STOP] USDJPY LONG entry=148.14945 exit=148.60700 pnl=+372.53 (+0.42R) (ticket=317)
15:27:25 INFO  BacktestEngine: [2025-03-12 11:00] ENTRY USDJPY LONG @ 148.60913 SL=147.47400 TP=150.31200 (ticket=318)
15:27:26 INFO  Backtest: [EXIT-TIME-STOP] USDJPY LONG entry=148.61531 exit=148.31500 pnl=-243.84 (-0.27R) (ticket=318)
15:27:26 INFO  BacktestEngine: [2025-03-12 17:00] ENTRY USDJPY SHORT @ 148.31850 SL=149.14300 TP=147.08100 (ticket=319)
15:27:28 INFO  Backtest: [EXIT-TIME-STOP] USDJPY SHORT entry=148.31577 exit=147.91800 pnl=+362.07 (+0.47R) (ticket=319)
15:27:28 INFO  BacktestEngine: [2025-03-13 10:00] ENTRY USDJPY SHORT @ 147.91629 SL=148.50300 TP=146.87300 (ticket=320)
15:27:29 INFO  Backtest: [STALE-WIN] bar=5362 USDJPY short open 11.0h, profit stalling (now +0.21R, peak +0.56R) — SL→BE 148.50300→148.00305 (ticket=320)
15:27:29 INFO  Backtest: [EXIT-SL] USDJPY SHORT entry=147.91483 exit=148.00305 pnl=-107.36 (-0.16R) bars_held=15 (ticket=320)
15:27:29 INFO  BacktestEngine: [2025-03-14 02:00] ENTRY USDJPY LONG @ 148.29885 SL=147.71100 TP=149.18000 (ticket=321)
15:27:30 INFO  Backtest: [EXIT-TIME-STOP] USDJPY LONG entry=148.29745 exit=148.46500 pnl=+202.21 (+0.27R) (ticket=321)
15:27:30 INFO  BacktestEngine: [2025-03-14 07:00] ENTRY USDJPY LONG @ 148.46650 SL=147.92100 TP=149.43600 (ticket=322)
15:27:30 INFO  Backtest: [EXIT-TIME-STOP] USDJPY LONG entry=148.46908 exit=148.79900 pnl=+436.91 (+0.59R) (ticket=322)
15:27:30 INFO  BacktestEngine: [2025-03-14 12:00] ENTRY USDJPY LONG @ 148.80143 SL=148.05100 TP=149.92700 (ticket=323)
15:27:31 INFO  Backtest: [EXIT-TIME-STOP] USDJPY LONG entry=148.79971 exit=148.51700 pnl=-288.05 (-0.39R) (ticket=323)
15:27:31 INFO  BacktestEngine: [2025-03-14 17:00] ENTRY USDJPY SHORT @ 148.51550 SL=149.12600 TP=147.59900 (ticket=324)
  [USDJPY] 4864/5122 bars (95%)
15:27:32 INFO  BacktestEngine: [2025-03-17 06:00] ENTRY USDJPY LONG @ 149.03692 SL=148.19500 TP=150.29900 (ticket=325)
15:27:33 INFO  Backtest: [EXIT-TIME-STOP] USDJPY LONG entry=149.03777 exit=148.66400 pnl=-385.31 (-0.45R) (ticket=325)
15:27:33 INFO  BacktestEngine: [2025-03-17 16:00] ENTRY USDJPY SHORT @ 148.59550 SL=149.23000 TP=147.64400 (ticket=328)
15:27:33 INFO  Backtest: [EXIT-SL] USDJPY SHORT entry=148.59594 exit=149.23000 pnl=-729.99 (-1.01R) bars_held=3 (ticket=328)
15:27:34 INFO  BacktestEngine: [2025-03-18 01:00] ENTRY USDJPY LONG @ 149.39650 SL=148.56900 TP=150.63800 (ticket=330)
15:27:35 INFO  Backtest: [EXIT-TIME-STOP] USDJPY LONG entry=149.39404 exit=149.55800 pnl=+146.47 (+0.19R) (ticket=330)
15:27:35 INFO  BacktestEngine: [2025-03-18 08:00] ENTRY USDJPY LONG @ 149.73650 SL=148.97200 TP=150.88300 (ticket=331)
15:27:36 INFO  Backtest: [EXIT-TIME-STOP] USDJPY LONG entry=149.73447 exit=149.74500 pnl=+2.87 (+0.00R) (ticket=331)
15:27:37 INFO  BacktestEngine: [2025-03-18 18:00] ENTRY USDJPY SHORT @ 149.41455 SL=149.96000 TP=148.59600 (ticket=332)
15:27:38 INFO  Backtest: [STALE-SL] bar=5436 USDJPY short open 6.0h still losing (-0.07R) — SL tightened 149.96000→149.67546 (cap at 0.49R, atr_ratio=0.98, progress=0%) (ticket=332)
15:27:38 INFO  Backtest: [STALE-SL] bar=5437 USDJPY short open 7.0h still losing (-0.37R) — SL tightened 149.67546→149.67001 (cap at 0.48R, atr_ratio=0.99, progress=8%) (ticket=332)
15:27:38 INFO  Backtest: [STALE-SL] bar=5438 USDJPY short open 8.0h still losing (-0.11R) — SL tightened 149.67001→149.66250 (cap at 0.47R, atr_ratio=1.00, progress=17%) (ticket=332)
15:27:38 INFO  Backtest: [STALE-SL] bar=5439 USDJPY short open 9.0h still losing (-0.04R) — SL tightened 149.66250→149.65320 (cap at 0.45R, atr_ratio=1.00, progress=25%) (ticket=332)
15:27:38 INFO  Backtest: [STALE-SL] bar=5441 USDJPY short open 11.0h still losing (-0.23R) — SL tightened 149.65320→149.63461 (cap at 0.42R, atr_ratio=1.00, progress=42%) (ticket=332)
15:27:38 INFO  Backtest: [EXIT-SL] USDJPY SHORT entry=149.40219 exit=149.63461 pnl=-288.42 (-0.44R) bars_held=12 (ticket=332)
15:27:39 INFO  BacktestEngine: [2025-03-19 07:00] ENTRY USDJPY LONG @ 149.77460 SL=149.03700 TP=150.88100 (ticket=333)
15:27:39 INFO  Backtest: [EXIT-TIME-STOP] USDJPY LONG entry=149.77876 exit=149.77800 pnl=-9.46 (-0.01R) (ticket=333)
15:27:41 INFO  BacktestEngine: [2025-03-19 21:00] ENTRY USDJPY SHORT @ 148.83939 SL=149.57500 TP=147.73600 (ticket=334)
15:27:42 INFO  Backtest: [STALE-WIN] bar=5468 USDJPY short open 11.0h, profit stalling (now +0.35R, peak +0.77R) — SL→BE 149.57500→148.95392 (ticket=334)
15:27:43 INFO  Backtest: [EXIT-TIME-STOP] USDJPY SHORT entry=148.84431 exit=148.55900 pnl=+265.27 (+0.38R) (ticket=334)
15:27:43 INFO  BacktestEngine: [2025-03-20 14:00] ENTRY USDJPY SHORT @ 148.55713 SL=149.15900 TP=147.65400 (ticket=335)
15:27:44 INFO  Backtest: [STALE-SL] bar=5480 USDJPY short open 6.0h still losing (-0.38R) — SL tightened 149.15900→148.85696 (cap at 0.50R, atr_ratio=1.00, progress=0%) (ticket=335)
15:27:44 INFO  Backtest: [STALE-SL] bar=5481 USDJPY short open 7.0h still losing (-0.35R) — SL tightened 148.85696→148.84689 (cap at 0.48R, atr_ratio=1.00, progress=8%) (ticket=335)
15:27:44 INFO  Backtest: [STALE-SL] bar=5482 USDJPY short open 8.0h still losing (-0.33R) — SL tightened 148.84689→148.83683 (cap at 0.47R, atr_ratio=1.00, progress=17%) (ticket=335)
15:27:44 INFO  Backtest: [STALE-SL] bar=5483 USDJPY short open 9.0h still losing (-0.27R) — SL tightened 148.83683→148.82343 (cap at 0.44R, atr_ratio=0.99, progress=25%) (ticket=335)
15:27:45 INFO  Backtest: [STALE-SL] bar=5484 USDJPY short open 10.0h still losing (-0.11R) — SL tightened 148.82343→148.79840 (cap at 0.40R, atr_ratio=0.93, progress=33%) (ticket=335)
15:27:45 INFO  Backtest: [EXIT-SL] USDJPY SHORT entry=148.55493 exit=148.79840 pnl=-292.56 (-0.42R) bars_held=11 (ticket=335)
15:27:45 INFO  BacktestEngine: [2025-03-21 05:00] ENTRY USDJPY LONG @ 149.21084 SL=148.68500 TP=149.99900 (ticket=336)
15:27:46 INFO  Backtest: [EXIT-TIME-STOP] USDJPY LONG entry=149.20987 exit=149.48400 pnl=+400.06 (+0.51R) (ticket=336)
15:27:47 INFO  BacktestEngine: [2025-03-21 13:00] ENTRY USDJPY SHORT @ 148.88977 SL=149.45800 TP=148.03800 (ticket=337)
15:27:48 INFO  BacktestEngine: [2025-03-24 00:00] ENTRY USDJPY LONG @ 149.57974 SL=149.04300 TP=150.38500 (ticket=338)
15:27:49 INFO  Backtest: [EXIT-TIME-STOP] USDJPY LONG entry=149.57428 exit=149.80800 pnl=+351.73 (+0.42R) (ticket=338)
15:27:49 INFO  BacktestEngine: [2025-03-24 05:00] ENTRY USDJPY LONG @ 149.80950 SL=149.08400 TP=150.89800 (ticket=339)
15:27:49 INFO  Backtest: [EXIT-TIME-STOP] USDJPY LONG entry=149.81367 exit=149.62200 pnl=-230.41 (-0.27R) (ticket=339)
15:27:50 INFO  BacktestEngine: [2025-03-24 10:00] ENTRY USDJPY SHORT @ 149.62029 SL=150.12100 TP=148.86900 (ticket=340)
15:27:50 INFO  Backtest: [EXIT-SL] USDJPY SHORT entry=149.61373 exit=150.12100 pnl=-731.04 (-1.03R) bars_held=4 (ticket=340)
15:27:51 INFO  BacktestEngine: [2025-03-24 22:00] ENTRY USDJPY LONG @ 150.68350 SL=149.92600 TP=151.82000 (ticket=341)
15:27:51 INFO  Backtest: [EXIT-TIME-STOP] USDJPY LONG entry=150.61693 exit=150.66100 pnl=+39.72 (+0.05R) (ticket=341)
15:27:52 INFO  BacktestEngine: [2025-03-25 06:00] ENTRY USDJPY SHORT @ 150.54950 SL=151.00600 TP=149.73700 (ticket=342)
15:27:52 INFO  Backtest: [PARTIAL-TP1] bar=5544 USDJPY short closed 20% @ 149.95900 (+1R) SL: 151.00600→150.61717 (BE+15%R) rem_qty=1.36 rem_risk=$565.34 (ticket=342)
15:27:52 INFO  Backtest: [EXIT-TP] USDJPY SHORT entry=150.54855 exit=149.73700 pnl=+994.86 (+1.76R) bars_held=8 (ticket=342)
15:27:53 INFO  BacktestEngine: [2025-03-25 15:00] ENTRY USDJPY SHORT @ 149.77124 SL=150.26900 TP=149.02500 (ticket=343)
15:27:53 INFO  Backtest: [STALE-SL] bar=5552 USDJPY short open 6.0h still losing (-0.22R) — SL tightened 150.26900→150.00108 (cap at 0.46R, atr_ratio=0.92, progress=0%) (ticket=343)
15:27:53 INFO  Backtest: [STALE-SL] bar=5553 USDJPY short open 7.0h still losing (-0.16R) — SL tightened 150.00108→149.98787 (cap at 0.43R, atr_ratio=0.90, progress=8%) (ticket=343)
15:27:53 INFO  Backtest: [STALE-SL] bar=5554 USDJPY short open 8.0h still losing (-0.35R) — SL tightened 149.98787→149.97026 (cap at 0.40R, atr_ratio=0.85, progress=17%) (ticket=343)
15:27:53 INFO  Backtest: [EXIT-SL] USDJPY SHORT entry=149.77217 exit=149.97026 pnl=-295.87 (-0.41R) bars_held=9 (ticket=343)
15:28:01 INFO  BacktestEngine: [2025-03-28 02:00] ENTRY USDJPY SHORT @ 150.95223 SL=151.43100 TP=150.23300 (ticket=344)
15:28:02 INFO  Backtest: [PARTIAL-TP1] bar=5611 USDJPY short closed 20% @ 150.38800 (+1R) SL: 151.43100→151.02460 (BE+15%R) rem_qty=1.23 rem_risk=$537.27 (ticket=344)
15:28:03 INFO  Backtest: [EXIT-TP] USDJPY SHORT entry=150.95288 exit=150.23300 pnl=+798.45 (+1.49R) bars_held=13 (ticket=344)
15:28:03 INFO  BacktestEngine: [2025-03-28 16:00] ENTRY USDJPY SHORT @ 150.07856 SL=150.67800 TP=149.18000 (ticket=345)
15:28:04 INFO  BacktestEngine: [2025-03-31 00:00] ENTRY USDJPY SHORT @ 149.61550 SL=150.48700 TP=148.30900 (ticket=346)
15:28:06 INFO  Backtest: [STALE-WIN] bar=5637 USDJPY short open 11.0h, profit stalling (now +0.48R, peak +0.82R) — SL→BE 150.48700→149.73983 (ticket=346)
15:28:06 INFO  Backtest: [EXIT-SL] USDJPY SHORT entry=149.60797 exit=149.73983 pnl=-116.83 (-0.16R) bars_held=15 (ticket=346)
15:28:06 INFO  BacktestEngine: [2025-03-31 16:00] ENTRY USDJPY LONG @ 149.65677 SL=148.61600 TP=151.21700 (ticket=347)
15:28:07 INFO  Backtest: [EXIT-TIME-STOP] USDJPY LONG entry=149.65247 exit=150.11200 pnl=+370.06 (+0.43R) (ticket=347)
15:28:07 INFO  BacktestEngine: [2025-03-31 21:00] ENTRY USDJPY LONG @ 150.11350 SL=149.42800 TP=151.33200 (ticket=348)
  [USDJPY] 5120/5122 bars (100%)
  [USDJPY] 5122/5122 bars (100%)
15:28:08 INFO  BacktestEngine: Backtest done: 304 trades  equity 100000 → 106076 (+6.08%)
15:28:08 INFO  SymbolTuner:     ct=0.5  trades=304  Sharpe=0.779  return=+6.08%
/home/hkerroum/anaconda3/lib/python3.11/site-packages/yfinance/scrapers/history.py:204: Pandas4Warning: Timestamp.utcnow is deprecated and will be removed in a future version. Use Timestamp.now('UTC') instead.
  dt_now = pd.Timestamp.utcnow()
/home/hkerroum/anaconda3/lib/python3.11/site-packages/yfinance/scrapers/history.py:204: Pandas4Warning: Timestamp.utcnow is deprecated and will be removed in a future version. Use Timestamp.now('UTC') instead.
  dt_now = pd.Timestamp.utcnow()
/home/hkerroum/anaconda3/lib/python3.11/site-packages/yfinance/scrapers/history.py:204: Pandas4Warning: Timestamp.utcnow is deprecated and will be removed in a future version. Use Timestamp.now('UTC') instead.
  dt_now = pd.Timestamp.utcnow()
15:28:08 INFO  BacktestEngine: Macro history pre-loaded: 231 days (2024-05-02 → 2025-04-03)
15:28:08 INFO  root: Registered agent: RegimeAgent
15:28:08 INFO  root: Registered agent: TrendAgent
15:28:08 INFO  root: Registered agent: MomentumAgent
15:28:08 INFO  root: Registered agent: MeanReversionAgent
15:28:08 INFO  root: Registered agent: VolatilityAgent
15:28:08 INFO  root: Registered agent: BreadthAgent
15:28:08 INFO  root: Registered agent: PatternAgent
15:28:08 INFO  root: Registered agent: IntermarketAgent
15:28:08 INFO  root: Registered agent: SessionBreakoutAgent
15:28:08 INFO  root: Registered agent: DivergenceAgent
15:28:08 INFO  root: Registered agent: ScalpingAgent
15:28:08 INFO  root: Registered agent: VwapScalpAgent
15:28:08 INFO  root: Registered agent: SqueezeBreakoutAgent
15:28:08 INFO  root: Registered agent: OrderFlowAgent
15:28:08 INFO  root: Registered agent: CorrelationAgent
15:28:08 INFO  BacktestEngine: [timing] mid_tf=1H  bar=3600s  signal=300s → agent_interval=1 bars  surv=60s → surv_interval=1 bars
15:28:22 INFO  BacktestEngine: [2024-06-10 00:00] ENTRY USDJPY LONG @ 156.74450 SL=155.81700 TP=158.13500 (ticket=1)
15:28:24 INFO  Backtest: [STALE-WIN] bar=661 USDJPY long open 12.0h, profit stalling (now +0.10R, peak +0.45R) — SL→BE 155.81700→156.60089 (ticket=1)
15:28:25 INFO  Backtest: [EXIT-TIME-STOP] USDJPY LONG entry=156.73923 exit=156.90500 pnl=+122.28 (+0.17R) (ticket=1)
15:28:25 INFO  BacktestEngine: [2024-06-10 21:00] ENTRY USDJPY LONG @ 157.08050 SL=156.69500 TP=157.65900 (ticket=2)
15:28:27 INFO  Backtest: [STALE-WIN] bar=683 USDJPY long open 13.0h, profit stalling (now +0.36R, peak +0.68R) — SL→BE 156.69500→157.02251 (ticket=2)
15:28:28 INFO  Backtest: [EXIT-TIME-STOP] USDJPY LONG entry=157.08031 exit=157.10000 pnl=+22.49 (+0.03R) (ticket=2)
15:28:28 INFO  BacktestEngine: [2024-06-11 17:00] ENTRY USDJPY LONG @ 157.32419 SL=156.85300 TP=158.03100 (ticket=3)
15:28:29 INFO  Backtest: [STALE-SL] bar=696 USDJPY long open 6.0h still losing (-0.43R) — SL tightened 156.85300→157.08756 (cap at 0.50R, atr_ratio=1.00, progress=0%) (ticket=3)
15:28:29 INFO  Backtest: [EXIT-SL] USDJPY LONG entry=157.32213 exit=157.08756 pnl=-429.88 (-0.51R) bars_held=7 (ticket=3)
15:28:30 INFO  BacktestEngine: [2024-06-12 01:00] ENTRY USDJPY LONG @ 157.14050 SL=156.80300 TP=157.64600 (ticket=4)
15:28:31 INFO  Backtest: [EXIT-SL] USDJPY LONG entry=157.14298 exit=156.80300 pnl=-816.26 (-1.03R) bars_held=13 (ticket=4)
15:28:31 INFO  BacktestEngine: [2024-06-12 22:00] ENTRY USDJPY LONG @ 156.83880 SL=156.23800 TP=157.74000 (ticket=5)
15:28:32 INFO  Backtest: [EXIT-TIME-STOP] USDJPY LONG entry=156.84097 exit=157.02500 pnl=+231.08 (+0.29R) (ticket=5)
15:28:33 INFO  BacktestEngine: [2024-06-13 16:00] ENTRY USDJPY LONG @ 157.18655 SL=156.68300 TP=157.94200 (ticket=6)
15:28:33 INFO  Backtest: [STALE-SL] bar=743 USDJPY long open 6.0h still losing (-0.34R) — SL tightened 156.68300→156.93668 (cap at 0.50R, atr_ratio=1.00, progress=0%) (ticket=6)
15:28:33 INFO  Backtest: [EXIT-SL] USDJPY LONG entry=157.19036 exit=156.93668 pnl=-411.48 (-0.52R) bars_held=7 (ticket=6)
15:28:34 INFO  BacktestEngine: [2024-06-14 03:00] ENTRY USDJPY LONG @ 157.20250 SL=156.77400 TP=157.84500 (ticket=7)
15:28:34 INFO  Backtest: [EXIT-TP] USDJPY LONG entry=157.20966 exit=157.84500 pnl=+1113.75 (+1.47R) bars_held=2 (ticket=7)
15:28:34 INFO  BacktestEngine: [2024-06-14 07:00] ENTRY USDJPY LONG @ 157.94450 SL=157.06300 TP=159.26600 (ticket=8)
15:28:34 INFO  Backtest: [EXIT-SL] USDJPY LONG entry=157.94252 exit=157.06300 pnl=-775.07 (-1.01R) bars_held=4 (ticket=8)
15:28:35 INFO  BacktestEngine: [2024-06-14 19:00] ENTRY USDJPY LONG @ 157.31550 SL=156.58000 TP=158.41800 (ticket=9)
15:28:35 INFO  BacktestEngine: [2024-06-17 00:00] ENTRY USDJPY LONG @ 157.34650 SL=156.75100 TP=158.23900 (ticket=10)
15:28:36 INFO  Backtest: [STALE-WIN] bar=777 USDJPY long open 8.0h, profit stalling (now +0.02R, peak +0.37R) — SL→BE 156.75100→157.24939 (ticket=10)
  [USDJPY] 256/5122 bars (5%)
15:28:37 INFO  Backtest: [EXIT-TIME-STOP] USDJPY LONG entry=157.33734 exit=157.85500 pnl=+649.70 (+0.86R) (ticket=10)
15:28:37 INFO  BacktestEngine: [2024-06-17 17:00] ENTRY USDJPY LONG @ 157.85650 SL=157.17200 TP=158.88300 (ticket=11)
15:28:38 INFO  Backtest: [STALE-SL] bar=792 USDJPY long open 6.0h still losing (-0.20R) — SL tightened 157.17200→157.59670 (cap at 0.38R, atr_ratio=0.76, progress=0%) (ticket=11)
15:28:38 INFO  Backtest: [STALE-SL] bar=793 USDJPY long open 7.0h still losing (-0.22R) — SL tightened 157.59670→157.62460 (cap at 0.34R, atr_ratio=0.71, progress=8%) (ticket=11)
15:28:38 INFO  Backtest: [STALE-SL] bar=794 USDJPY long open 8.0h still losing (-0.24R) — SL tightened 157.62460→157.64258 (cap at 0.32R, atr_ratio=0.68, progress=17%) (ticket=11)
15:28:38 INFO  Backtest: [EXIT-SL] USDJPY LONG entry=157.85933 exit=157.64258 pnl=-249.18 (-0.33R) bars_held=9 (ticket=11)
15:28:38 INFO  BacktestEngine: [2024-06-18 04:00] ENTRY USDJPY SHORT @ 157.58535 SL=157.80000 TP=157.26400 (ticket=12)
15:28:39 INFO  Backtest: [EXIT-SL] USDJPY SHORT entry=157.58373 exit=157.80000 pnl=-707.19 (-1.04R) bars_held=3 (ticket=12)
15:28:39 INFO  BacktestEngine: [2024-06-18 12:00] ENTRY USDJPY LONG @ 158.09991 SL=157.58100 TP=158.87900 (ticket=16)
15:28:40 INFO  Backtest: [STALE-SL] bar=811 USDJPY long open 6.0h still losing (-0.75R) — SL tightened 157.58100→157.84155 (cap at 0.50R, atr_ratio=1.00, progress=0%) (ticket=16)
15:28:40 INFO  Backtest: [EXIT-SL] USDJPY LONG entry=158.10209 exit=157.84155 pnl=-407.64 (-0.52R) bars_held=7 (ticket=16)
15:28:41 INFO  BacktestEngine: [2024-06-19 07:00] ENTRY USDJPY LONG @ 157.85250 SL=157.56300 TP=158.28700 (ticket=17)
15:28:44 INFO  Backtest: [EXIT-TIME-STOP] USDJPY LONG entry=157.85210 exit=157.99000 pnl=+337.69 (+0.45R) (ticket=17)
15:28:44 INFO  BacktestEngine: [2024-06-20 00:00] ENTRY USDJPY LONG @ 157.99261 SL=157.66200 TP=158.48900 (ticket=18)
15:28:45 INFO  Backtest: [PARTIAL-TP1] bar=851 USDJPY long closed 20% @ 158.43700 (+1R) SL: 157.66200→157.94825 (BE+15%R) rem_qty=2.21 rem_risk=$664.65 (ticket=18)
15:28:45 INFO  Backtest: [EXIT-TP] USDJPY LONG entry=157.99877 exit=158.48900 pnl=+969.56 (+1.46R) bars_held=14 (ticket=18)
15:28:45 INFO  BacktestEngine: [2024-06-20 15:00] ENTRY USDJPY LONG @ 158.54899 SL=158.12600 TP=159.18300 (ticket=19)
15:28:47 INFO  Backtest: [PARTIAL-TP1] bar=867 USDJPY long closed 20% @ 159.10500 (+1R) SL: 158.12600→158.48039 (BE+15%R) rem_qty=1.75 rem_risk=$674.07 (ticket=19)
15:28:47 INFO  Backtest: [EXIT-TIME-STOP] USDJPY LONG entry=158.54293 exit=158.94900 pnl=+635.14 (+0.94R) (ticket=19)
15:28:48 INFO  BacktestEngine: [2024-06-21 13:00] ENTRY USDJPY LONG @ 159.00450 SL=158.51900 TP=159.73300 (ticket=20)
15:28:48 INFO  Backtest: [PARTIAL-TP1] bar=881 USDJPY long closed 20% @ 159.57600 (+1R) SL: 158.51900→158.93208 (BE+15%R) rem_qty=1.59 rem_risk=$703.73 (ticket=20)
15:28:49 INFO  BacktestEngine: [2024-06-24 00:00] ENTRY USDJPY LONG @ 159.70550 SL=159.13300 TP=160.56400 (ticket=21)
15:28:50 INFO  Backtest: [STALE-WIN] bar=896 USDJPY long open 7.0h, profit stalling (now +0.02R, peak +0.34R) — SL→BE 159.13300→159.61922 (ticket=21)
15:28:50 INFO  Backtest: [EXIT-SL] USDJPY LONG entry=159.70503 exit=159.61922 pnl=-136.13 (-0.16R) bars_held=11 (ticket=21)
15:28:50 INFO  BacktestEngine: [2024-06-24 14:00] ENTRY USDJPY SHORT @ 159.46120 SL=159.97800 TP=158.65400 (ticket=22)
15:28:51 INFO  Backtest: [EXIT-TIME-STOP] USDJPY SHORT entry=159.46357 exit=159.73200 pnl=-376.91 (-0.53R) (ticket=22)
15:28:52 INFO  BacktestEngine: [2024-06-24 23:00] ENTRY USDJPY LONG @ 159.60550 SL=158.99300 TP=160.52400 (ticket=24)
15:28:52 INFO  Backtest: [EXIT-MID+SHORT_OPPOSITION] USDJPY LONG entry=159.58784 exit=159.32600 pnl=-365.46 (-0.44R) (ticket=24)
15:28:53 INFO  BacktestEngine: [2024-06-25 09:00] ENTRY USDJPY LONG @ 159.47150 SL=159.08000 TP=160.16700 (ticket=26)
15:28:54 INFO  Backtest: [STALE-WIN] bar=934 USDJPY long open 12.0h, profit stalling (now +0.34R, peak +0.65R) — SL→BE 159.08000→159.42228 (ticket=26)
15:28:55 INFO  Backtest: [EXIT-TIME-STOP] USDJPY LONG entry=159.48268 exit=159.70400 pnl=+464.62 (+0.55R) (ticket=26)
15:28:55 INFO  BacktestEngine: [2024-06-26 02:00] ENTRY USDJPY LONG @ 159.70550 SL=159.44000 TP=160.10400 (ticket=27)
15:28:56 INFO  Backtest: [PARTIAL-TP1] bar=948 USDJPY long closed 20% @ 159.98300 (+1R) SL: 159.44000→159.66876 (BE+15%R) rem_qty=2.80 rem_risk=$676.98 (ticket=27)
15:28:56 INFO  Backtest: [EXIT-TP] USDJPY LONG entry=159.70913 exit=160.10400 pnl=+986.53 (+1.46R) bars_held=10 (ticket=27)
15:28:56 INFO  BacktestEngine: [2024-06-26 14:00] ENTRY USDJPY LONG @ 160.30742 SL=159.82200 TP=161.03600 (ticket=28)
15:28:57 INFO  Backtest: [PARTIAL-TP1] bar=958 USDJPY long closed 20% @ 160.78800 (+1R) SL: 159.82200→160.23003 (BE+15%R) rem_qty=1.63 rem_risk=$721.23 (ticket=28)
15:28:58 INFO  Backtest: [EXIT-TIME-STOP] USDJPY LONG entry=160.30204 exit=160.33700 pnl=+40.50 (+0.06R) (ticket=28)
15:28:59 INFO  BacktestEngine: [2024-06-27 10:00] ENTRY USDJPY LONG @ 160.54979 SL=159.99900 TP=161.37600 (ticket=29)
15:29:01 INFO  Backtest: [EXIT-TIME-STOP] USDJPY LONG entry=160.55135 exit=161.12100 pnl=+915.37 (+1.02R) (ticket=29)
15:29:01 INFO  BacktestEngine: [2024-06-28 04:00] ENTRY USDJPY LONG @ 161.06321 SL=160.47700 TP=161.94200 (ticket=30)
15:29:02 INFO  Backtest: [STALE-SL] bar=995 USDJPY long open 6.0h still losing (-0.25R) — SL tightened 160.47700→160.76706 (cap at 0.50R, atr_ratio=1.00, progress=0%) (ticket=30)
15:29:02 INFO  Backtest: [EXIT-SL] USDJPY LONG entry=161.05712 exit=160.76706 pnl=-414.56 (-0.51R) bars_held=7 (ticket=30)
15:29:02 INFO  BacktestEngine: [2024-06-28 15:00] ENTRY USDJPY SHORT @ 160.50766 SL=160.94000 TP=159.85900 (ticket=31)
15:29:02 INFO  Backtest: [EXIT-SL] USDJPY SHORT entry=160.50615 exit=160.94000 pnl=-707.18 (-1.02R) bars_held=2 (ticket=31)
15:29:03 INFO  BacktestEngine: [2024-07-01 00:00] ENTRY USDJPY LONG @ 160.81850 SL=160.41000 TP=161.43200 (ticket=33)
15:29:03 INFO  Backtest: [STALE-WIN] bar=1017 USDJPY long open 8.0h, profit stalling (now +0.22R, peak +0.64R) — SL→BE 160.41000→160.75441 (ticket=33)
15:29:04 INFO  Backtest: [PARTIAL-TP1] bar=1023 USDJPY long closed 20% @ 161.35400 (+1R) SL: 160.75441→160.75441 (BE+15%R) rem_qty=1.97 rem_risk=$731.92 (ticket=33)
15:29:04 INFO  Backtest: [EXIT-TP] USDJPY LONG entry=160.81519 exit=161.43200 pnl=+1090.86 (+1.49R) bars_held=15 (ticket=33)
15:29:04 INFO  BacktestEngine: [2024-07-01 16:00] ENTRY USDJPY LONG @ 161.28661 SL=160.69300 TP=162.17700 (ticket=34)
15:29:04 INFO  Backtest: [PARTIAL-TP1] bar=1025 USDJPY long closed 20% @ 161.65600 (+1R) SL: 160.69300→161.02151 (BE+15%R) rem_qty=1.37 rem_risk=$738.82 (ticket=34)
  [USDJPY] 512/5122 bars (10%)
15:29:06 INFO  Backtest: [EXIT-TIME-STOP] USDJPY LONG entry=161.07949 exit=161.67400 pnl=+730.52 (+0.99R) (ticket=34)
15:29:06 INFO  BacktestEngine: [2024-07-02 09:00] ENTRY USDJPY LONG @ 161.67573 SL=161.30400 TP=162.23300 (ticket=35)
15:29:07 INFO  Backtest: [STALE-SL] bar=1048 USDJPY long open 6.0h still losing (-0.31R) — SL tightened 161.30400→161.49384 (cap at 0.49R, atr_ratio=0.98, progress=0%) (ticket=35)
15:29:07 INFO  Backtest: [STALE-SL] bar=1050 USDJPY long open 8.0h still losing (-0.08R) — SL tightened 161.49670→161.50324 (cap at 0.47R, atr_ratio=1.00, progress=17%) (ticket=35)
15:29:07 INFO  Backtest: [STALE-SL] bar=1051 USDJPY long open 9.0h still losing (-0.12R) — SL tightened 161.50324→161.52278 (cap at 0.41R, atr_ratio=0.92, progress=25%) (ticket=35)
15:29:08 INFO  Backtest: [EXIT-TIME-STOP] USDJPY LONG entry=161.67696 exit=161.93900 pnl=+599.47 (+0.68R) (ticket=35)
15:29:08 INFO  BacktestEngine: [2024-07-03 13:00] ENTRY USDJPY LONG @ 161.94050 SL=161.47200 TP=162.64300 (ticket=36)
15:29:08 INFO  Backtest: [EXIT-SL] USDJPY LONG entry=161.93788 exit=161.47200 pnl=-848.97 (-1.01R) bars_held=3 (ticket=36)
15:29:08 INFO  BacktestEngine: [2024-07-03 21:00] ENTRY USDJPY LONG @ 161.66379 SL=161.23700 TP=162.42300 (ticket=37)
15:29:09 INFO  Backtest: [EXIT-SL] USDJPY LONG entry=161.65831 exit=161.23700 pnl=-839.34 (-1.00R) bars_held=6 (ticket=37)
15:29:10 INFO  BacktestEngine: [2024-07-04 10:00] ENTRY USDJPY SHORT @ 161.28007 SL=161.76900 TP=160.54700 (ticket=39)
15:29:11 INFO  Backtest: [EXIT-TIME-STOP] USDJPY SHORT entry=161.27618 exit=161.13700 pnl=+193.84 (+0.27R) (ticket=39)
15:29:12 INFO  BacktestEngine: [2024-07-04 21:00] ENTRY USDJPY LONG @ 161.24550 SL=160.92400 TP=161.81700 (ticket=40)
15:29:12 INFO  Backtest: [EXIT-SL] USDJPY LONG entry=161.24777 exit=160.92400 pnl=-874.72 (-1.03R) bars_held=5 (ticket=40)
15:29:14 INFO  BacktestEngine: [2024-07-05 14:00] ENTRY USDJPY LONG @ 160.81950 SL=160.41700 TP=161.53600 (ticket=41)
15:29:14 INFO  Backtest: [EXIT-SL] USDJPY LONG entry=160.82124 exit=160.41700 pnl=-847.19 (-1.02R) bars_held=0 (ticket=41)
15:29:14 INFO  BacktestEngine: [2024-07-05 19:00] ENTRY USDJPY LONG @ 160.88950 SL=160.28700 TP=161.96100 (ticket=45)
15:29:14 INFO  BacktestEngine: [2024-07-08 00:00] ENTRY USDJPY LONG @ 160.78050 SL=160.28800 TP=161.65600 (ticket=46)
15:29:15 INFO  Backtest: [EXIT-SL] USDJPY LONG entry=160.71803 exit=160.28800 pnl=-728.94 (-0.89R) bars_held=4 (ticket=46)
15:29:15 INFO  BacktestEngine: [2024-07-08 09:00] ENTRY USDJPY LONG @ 160.83696 SL=160.35500 TP=161.69400 (ticket=50)
15:29:16 INFO  Backtest: [STALE-SL] bar=1133 USDJPY long open 6.0h still losing (-0.37R) — SL tightened 160.35500→160.59481 (cap at 0.50R, atr_ratio=1.00, progress=0%) (ticket=50)
15:29:16 INFO  Backtest: [EXIT-SL] USDJPY LONG entry=160.83461 exit=160.59481 pnl=-416.66 (-0.51R) bars_held=7 (ticket=50)
15:29:17 INFO  BacktestEngine: [2024-07-08 23:00] ENTRY USDJPY LONG @ 160.81650 SL=160.44300 TP=161.37600 (ticket=51)
15:29:17 INFO  Backtest: [STALE-WIN] bar=1149 USDJPY long open 8.0h, profit stalling (now +0.34R, peak +0.78R) — SL→BE 160.44300→160.73543 (ticket=51)
15:29:18 INFO  Backtest: [EXIT-TIME-STOP] USDJPY LONG entry=160.78704 exit=161.01400 pnl=+474.89 (+0.59R) (ticket=51)
15:29:18 INFO  BacktestEngine: [2024-07-09 18:00] ENTRY USDJPY LONG @ 161.39977 SL=160.77800 TP=162.33300 (ticket=52)
15:29:19 INFO  Backtest: [STALE-SL] bar=1166 USDJPY long open 6.0h still losing (-0.12R) — SL tightened 160.77800→161.15114 (cap at 0.40R, atr_ratio=0.80, progress=0%) (ticket=52)
15:29:19 INFO  Backtest: [STALE-SL] bar=1167 USDJPY long open 7.0h still losing (-0.12R) — SL tightened 161.15114→161.17438 (cap at 0.36R, atr_ratio=0.75, progress=8%) (ticket=52)
15:29:19 INFO  Backtest: [STALE-SL] bar=1174 USDJPY long open 14.0h still losing (-0.06R) — SL tightened 161.17438→161.28019 (cap at 0.19R, atr_ratio=0.53, progress=67%) (ticket=52)
15:29:19 INFO  Backtest: [EXIT-TIME-STOP] USDJPY LONG entry=161.40080 exit=161.51300 pnl=+136.94 (+0.17R) (ticket=52)
15:29:20 INFO  BacktestEngine: [2024-07-10 12:00] ENTRY USDJPY LONG @ 161.58850 SL=161.14200 TP=162.25800 (ticket=53)
15:29:21 INFO  Backtest: [STALE-SL] bar=1189 USDJPY long open 11.0h still losing (-0.03R) — SL tightened 161.14200→161.40236 (cap at 0.41R, atr_ratio=0.99, progress=42%) (ticket=53)
15:29:21 INFO  Backtest: [STALE-WIN] bar=1190 USDJPY long open 12.0h, profit stalling (now +0.02R, peak +0.43R) — SL→BE 161.40236→161.51817 (ticket=53)
15:29:21 INFO  Backtest: [EXIT-SL] USDJPY LONG entry=161.58455 exit=161.51817 pnl=-138.19 (-0.17R) bars_held=14 (ticket=53)
15:29:23 INFO  BacktestEngine: [2024-07-11 17:00] ENTRY USDJPY SHORT @ 158.55345 SL=160.01000 TP=156.36800 (ticket=54)
15:29:23 INFO  Backtest: [EXIT-TIME-STOP] USDJPY SHORT entry=158.54585 exit=158.82100 pnl=-144.14 (-0.19R) (ticket=54)
15:29:24 INFO  BacktestEngine: [2024-07-12 03:00] ENTRY USDJPY LONG @ 159.07978 SL=157.39500 TP=161.60800 (ticket=56)
15:29:25 INFO  Backtest: [STALE-SL] bar=1227 USDJPY long open 10.0h still losing (-0.06R) — SL tightened 157.39500→158.62146 (cap at 0.27R, atr_ratio=0.62, progress=33%) (ticket=56)
15:29:25 INFO  Backtest: [EXIT-SL] USDJPY LONG entry=159.07529 exit=158.62146 pnl=-239.39 (-0.27R) bars_held=11 (ticket=56)
15:29:26 INFO  BacktestEngine: [2024-07-12 19:00] ENTRY USDJPY SHORT @ 157.87150 SL=159.50600 TP=155.42000 (ticket=59)
15:29:26 INFO  BacktestEngine: [2024-07-15 01:00] ENTRY USDJPY LONG @ 158.34362 SL=157.48900 TP=159.86300 (ticket=60)
15:29:27 INFO  Backtest: [STALE-SL] bar=1245 USDJPY long open 6.0h still losing (-0.45R) — SL tightened 157.48900→158.09044 (cap at 0.29R, atr_ratio=0.58, progress=0%) (ticket=60)
15:29:27 INFO  Backtest: [EXIT-SL] USDJPY LONG entry=158.33834 exit=158.09044 pnl=-253.52 (-0.30R) bars_held=7 (ticket=60)
15:29:27 INFO  BacktestEngine: [2024-07-15 14:00] ENTRY USDJPY LONG @ 158.11373 SL=157.47200 TP=159.07700 (ticket=62)
15:29:28 INFO  Backtest: [EXIT-SL] USDJPY LONG entry=158.11639 exit=157.47200 pnl=-854.49 (-1.02R) bars_held=4 (ticket=62)
15:29:29 INFO  BacktestEngine: [2024-07-16 07:00] ENTRY USDJPY LONG @ 158.63650 SL=157.82800 TP=159.85000 (ticket=63)
15:29:30 INFO  Backtest: [STALE-SL] bar=1275 USDJPY long open 6.0h still losing (-0.37R) — SL tightened 157.82800→158.31851 (cap at 0.40R, atr_ratio=0.79, progress=0%) (ticket=63)
15:29:30 INFO  Backtest: [EXIT-SL] USDJPY LONG entry=158.63878 exit=158.31851 pnl=-343.20 (-0.41R) bars_held=7 (ticket=63)
15:29:33 INFO  BacktestEngine: [2024-07-17 08:00] ENTRY USDJPY SHORT @ 157.88694 SL=158.30000 TP=157.26800 (ticket=64)
  [USDJPY] 768/5122 bars (15%)
15:29:33 INFO  Backtest: [EXIT-TP] USDJPY SHORT entry=157.88492 exit=157.26800 pnl=+1025.64 (+1.48R) bars_held=1 (ticket=64)
15:29:33 INFO  BacktestEngine: [2024-07-17 12:00] ENTRY USDJPY SHORT @ 156.41344 SL=157.49700 TP=154.78900 (ticket=65)
15:29:34 INFO  Backtest: [EXIT-TIME-STOP] USDJPY SHORT entry=156.41430 exit=156.49900 pnl=-59.69 (-0.09R) (ticket=65)
15:29:35 INFO  BacktestEngine: [2024-07-17 20:00] ENTRY USDJPY SHORT @ 156.46250 SL=157.61400 TP=154.73500 (ticket=66)
15:29:35 INFO  Backtest: [EXIT-TIME-STOP] USDJPY SHORT entry=156.46379 exit=156.16800 pnl=+175.65 (+0.25R) (ticket=66)
15:29:36 INFO  BacktestEngine: [2024-07-18 02:00] ENTRY USDJPY SHORT @ 155.67612 SL=156.84700 TP=153.92000 (ticket=67)
15:29:36 INFO  Backtest: [EXIT-TIME-STOP] USDJPY SHORT entry=155.67336 exit=156.34100 pnl=-393.31 (-0.58R) (ticket=67)
15:29:36 INFO  BacktestEngine: [2024-07-18 07:00] ENTRY USDJPY LONG @ 156.34254 SL=155.57500 TP=157.70700 (ticket=68)
15:29:38 INFO  Backtest: [PARTIAL-TP1] bar=1328 USDJPY long closed 20% @ 157.14500 (+1R) SL: 155.57500→156.22743 (BE+15%R) rem_qty=0.92 rem_risk=$642.49 (ticket=68)
15:29:39 INFO  Backtest: [EXIT-TIME-STOP] USDJPY LONG entry=156.34257 exit=157.35800 pnl=+843.68 (+1.31R) (ticket=68)
15:29:40 INFO  BacktestEngine: [2024-07-19 00:00] ENTRY USDJPY LONG @ 157.35950 SL=156.78600 TP=158.22000 (ticket=69)
15:29:41 INFO  Backtest: [STALE-SL] bar=1342 USDJPY long open 8.0h still losing (-0.14R) — SL tightened 156.78600→157.12863 (cap at 0.39R, atr_ratio=0.84, progress=17%) (ticket=69)
15:29:41 INFO  Backtest: [EXIT-SL] USDJPY LONG entry=157.34965 exit=157.12863 pnl=-318.43 (-0.40R) bars_held=9 (ticket=69)
15:29:41 INFO  BacktestEngine: [2024-07-19 10:00] ENTRY USDJPY LONG @ 157.32217 SL=156.65800 TP=158.31800 (ticket=70)
15:29:42 INFO  Backtest: [STALE-WIN] bar=1350 USDJPY long open 6.0h, profit stalling (now +0.03R, peak +0.53R) — SL→BE 156.65800→157.22023 (ticket=70)
15:29:44 INFO  BacktestEngine: [2024-07-22 11:00] ENTRY USDJPY SHORT @ 156.79524 SL=157.59300 TP=155.59900 (ticket=71)
15:29:45 INFO  Backtest: [EXIT-TIME-STOP] USDJPY SHORT entry=156.79815 exit=156.86500 pnl=-55.62 (-0.09R) (ticket=71)
15:29:45 INFO  BacktestEngine: [2024-07-22 18:00] ENTRY USDJPY LONG @ 157.08850 SL=156.48200 TP=157.99800 (ticket=72)
15:29:46 INFO  Backtest: [STALE-SL] bar=1382 USDJPY long open 6.0h still losing (-0.08R) — SL tightened 156.48200→156.87881 (cap at 0.34R, atr_ratio=0.69, progress=0%) (ticket=72)
15:29:46 INFO  Backtest: [STALE-SL] bar=1383 USDJPY long open 7.0h still losing (-0.30R) — SL tightened 156.87881→156.89557 (cap at 0.31R, atr_ratio=0.65, progress=8%) (ticket=72)
15:29:46 INFO  Backtest: [EXIT-SL] USDJPY LONG entry=157.08559 exit=156.89557 pnl=-228.50 (-0.33R) bars_held=8 (ticket=72)
15:29:47 INFO  BacktestEngine: [2024-07-23 07:00] ENTRY USDJPY SHORT @ 156.30650 SL=157.12900 TP=155.07200 (ticket=74)
15:29:47 INFO  Backtest: [EXIT-TIME-STOP] USDJPY SHORT entry=156.30621 exit=155.94300 pnl=+265.29 (+0.43R) (ticket=74)
15:29:48 INFO  BacktestEngine: [2024-07-23 12:00] ENTRY USDJPY SHORT @ 155.94150 SL=156.90900 TP=154.49000 (ticket=75)
15:29:48 INFO  Backtest: [EXIT-TIME-STOP] USDJPY SHORT entry=155.95114 exit=155.97900 pnl=-22.64 (-0.04R) (ticket=75)
15:29:49 INFO  BacktestEngine: [2024-07-23 22:00] ENTRY USDJPY SHORT @ 155.63650 SL=156.46900 TP=154.38800 (ticket=76)
15:29:50 INFO  Backtest: [EXIT-TIME-STOP] USDJPY SHORT entry=155.63533 exit=155.82600 pnl=-146.21 (-0.24R) (ticket=76)
15:29:50 INFO  BacktestEngine: [2024-07-24 07:00] ENTRY USDJPY SHORT @ 154.60548 SL=155.53500 TP=153.21100 (ticket=80)
15:29:51 INFO  Backtest: [EXIT-TIME-STOP] USDJPY SHORT entry=154.60582 exit=154.77500 pnl=-140.03 (-0.19R) (ticket=80)
15:29:52 INFO  BacktestEngine: [2024-07-24 16:00] ENTRY USDJPY SHORT @ 153.43363 SL=154.73300 TP=151.48400 (ticket=83)
15:29:52 INFO  Backtest: [EXIT-TIME-STOP] USDJPY SHORT entry=153.45010 exit=154.00100 pnl=-315.16 (-0.43R) (ticket=83)
15:29:53 INFO  BacktestEngine: [2024-07-25 04:00] ENTRY USDJPY SHORT @ 152.85243 SL=154.19800 TP=150.83400 (ticket=84)
15:29:54 INFO  Backtest: [EXIT-TIME-STOP] USDJPY SHORT entry=152.86008 exit=152.84900 pnl=+1.69 (+0.00R) (ticket=84)
15:29:54 INFO  BacktestEngine: [2024-07-25 12:00] ENTRY USDJPY SHORT @ 152.30647 SL=153.91700 TP=149.89000 (ticket=85)
15:29:54 INFO  Backtest: [EXIT-SL] USDJPY SHORT entry=152.30800 exit=153.91700 pnl=-676.75 (-1.00R) bars_held=3 (ticket=85)
15:29:55 INFO  BacktestEngine: [2024-07-25 16:00] ENTRY USDJPY LONG @ 153.65299 SL=152.46900 TP=155.75900 (ticket=86)
15:29:56 INFO  Backtest: [STALE-SL] bar=1457 USDJPY long open 11.0h still losing (-0.06R) — SL tightened 152.46900→153.28498 (cap at 0.31R, atr_ratio=0.75, progress=42%) (ticket=86)
15:29:56 INFO  Backtest: [STALE-WIN] bar=1460 USDJPY long open 14.0h, profit stalling (now +0.02R, peak +0.32R) — SL→BE 153.28498→153.47618 (ticket=86)
15:29:57 INFO  Backtest: [EXIT-TIME-STOP] USDJPY LONG entry=153.65391 exit=153.63600 pnl=-17.01 (-0.02R) (ticket=86)
  [USDJPY] 1024/5122 bars (20%)
15:30:25 INFO  BacktestEngine: [2024-08-09 06:00] ENTRY USDJPY LONG @ 147.22178 SL=146.23500 TP=148.97600 (ticket=87)
15:30:26 INFO  Backtest: [STALE-SL] bar=1706 USDJPY long open 6.0h still losing (-0.08R) — SL tightened 146.23500→146.72757 (cap at 0.50R, atr_ratio=1.00, progress=0%) (ticket=87)
15:30:26 INFO  Backtest: [STALE-SL] bar=1707 USDJPY long open 7.0h still losing (-0.21R) — SL tightened 146.72757→146.74399 (cap at 0.48R, atr_ratio=1.00, progress=8%) (ticket=87)
15:30:26 INFO  Backtest: [EXIT-SL] USDJPY LONG entry=147.22014 exit=146.74399 pnl=-405.07 (-0.49R) bars_held=8 (ticket=87)
  [USDJPY] 1280/5122 bars (25%)
15:30:42 INFO  BacktestEngine: [2024-08-19 07:00] ENTRY USDJPY SHORT @ 146.18355 SL=147.47600 TP=144.24400 (ticket=88)
15:30:43 INFO  Backtest: [STALE-WIN] bar=1851 USDJPY short open 6.0h, profit stalling (now +0.11R, peak +0.59R) — SL→BE 147.47600→146.37843 (ticket=88)
15:30:43 INFO  Backtest: [EXIT-SL] USDJPY SHORT entry=146.18474 exit=146.37843 pnl=-102.62 (-0.16R) bars_held=8 (ticket=88)
15:30:47 INFO  BacktestEngine: [2024-08-20 13:00] ENTRY USDJPY SHORT @ 146.44550 SL=147.28400 TP=145.18800 (ticket=89)
15:30:48 INFO  Backtest: [PARTIAL-TP1] bar=1878 USDJPY short closed 20% @ 145.59800 (+1R) SL: 147.28400→146.57109 (BE+15%R) rem_qty=0.67 rem_risk=$512.59 (ticket=89)
15:30:48 INFO  Backtest: [EXIT-TP] USDJPY SHORT entry=146.44528 exit=145.18800 pnl=+764.15 (+1.49R) bars_held=10 (ticket=89)
15:30:49 INFO  BacktestEngine: [2024-08-21 00:00] ENTRY USDJPY SHORT @ 145.14150 SL=146.20600 TP=143.54400 (ticket=90)
15:30:50 INFO  Backtest: [STALE-SL] bar=1892 USDJPY short open 6.0h still losing (-0.51R) — SL tightened 146.20600→145.66213 (cap at 0.50R, atr_ratio=1.00, progress=0%) (ticket=90)
15:30:50 INFO  Backtest: [EXIT-SL] USDJPY SHORT entry=145.11825 exit=145.66213 pnl=-336.29 (-0.52R) bars_held=7 (ticket=90)
15:30:51 INFO  BacktestEngine: [2024-08-21 16:00] ENTRY USDJPY SHORT @ 145.73350 SL=146.41700 TP=144.70800 (ticket=91)
15:30:51 INFO  Backtest: [EXIT-SL] USDJPY SHORT entry=145.73591 exit=146.41700 pnl=-645.59 (-1.01R) bars_held=0 (ticket=91)
15:30:52 INFO  BacktestEngine: [2024-08-22 00:00] ENTRY USDJPY SHORT @ 145.17450 SL=146.31800 TP=143.45900 (ticket=95)
15:30:53 INFO  Backtest: [STALE-SL] bar=1917 USDJPY short open 7.0h still losing (-0.11R) — SL tightened 146.31800→145.65922 (cap at 0.44R, atr_ratio=0.91, progress=8%) (ticket=95)
15:30:53 INFO  Backtest: [STALE-SL] bar=1918 USDJPY short open 8.0h still losing (-0.20R) — SL tightened 145.65922→145.60952 (cap at 0.40R, atr_ratio=0.85, progress=17%) (ticket=95)
15:30:53 INFO  Backtest: [STALE-SL] bar=1919 USDJPY short open 9.0h still losing (-0.08R) — SL tightened 145.60952→145.59740 (cap at 0.39R, atr_ratio=0.86, progress=25%) (ticket=95)
15:30:53 INFO  Backtest: [EXIT-SL] USDJPY SHORT entry=145.14535 exit=145.59740 pnl=-297.04 (-0.40R) bars_held=10 (ticket=95)
15:30:54 INFO  BacktestEngine: [2024-08-22 16:00] ENTRY USDJPY LONG @ 146.28188 SL=145.42200 TP=147.57200 (ticket=96)
15:30:54 INFO  Backtest: [EXIT-TIME-STOP] USDJPY LONG entry=146.27668 exit=146.21800 pnl=-66.44 (-0.08R) (ticket=96)
15:30:55 INFO  BacktestEngine: [2024-08-23 02:00] ENTRY USDJPY SHORT @ 146.21050 SL=146.85800 TP=145.23900 (ticket=98)
15:30:55 INFO  Backtest: [PARTIAL-TP1] bar=1937 USDJPY short closed 20% @ 145.48300 (+1R) SL: 146.85800→146.30572 (BE+15%R) rem_qty=0.94 rem_risk=$551.45 (ticket=98)
15:30:57 INFO  Backtest: [EXIT-SL] USDJPY SHORT entry=146.20826 exit=146.30572 pnl=-89.56 (-0.16R) bars_held=13 (ticket=98)
15:30:58 INFO  BacktestEngine: [2024-08-26 00:00] ENTRY USDJPY SHORT @ 144.02750 SL=145.31200 TP=142.10100 (ticket=101)
15:30:59 INFO  Backtest: [STALE-SL] bar=1965 USDJPY short open 7.0h still losing (-0.01R) — SL tightened 145.31200→144.65599 (cap at 0.48R, atr_ratio=1.00, progress=8%) (ticket=101)
15:31:00 INFO  Backtest: [STALE-SL] bar=1971 USDJPY short open 13.0h still losing (-0.07R) — SL tightened 144.65599→144.48811 (cap at 0.35R, atr_ratio=0.92, progress=58%) (ticket=101)
15:31:00 INFO  Backtest: [STALE-SL] bar=1973 USDJPY short open 15.0h still losing (-0.29R) — SL tightened 144.48811→144.44366 (cap at 0.32R, atr_ratio=0.90, progress=75%) (ticket=101)
15:31:00 INFO  Backtest: [EXIT-SL] USDJPY SHORT entry=144.04231 exit=144.44366 pnl=-219.62 (-0.32R) bars_held=16 (ticket=101)
15:31:03 INFO  BacktestEngine: [2024-08-27 13:00] ENTRY USDJPY SHORT @ 144.77750 SL=145.70900 TP=143.38000 (ticket=102)
15:31:05 INFO  Backtest: [STALE-WIN] bar=2009 USDJPY short open 14.0h, profit stalling (now +0.45R, peak +0.98R) — SL→BE 145.70900→144.91651 (ticket=102)
15:31:05 INFO  Backtest: [EXIT-TIME-STOP] USDJPY SHORT entry=144.77665 exit=144.41200 pnl=+256.62 (+0.38R) (ticket=102)
15:31:08 INFO  BacktestEngine: [2024-08-29 00:00] ENTRY USDJPY SHORT @ 144.43450 SL=145.00900 TP=143.57300 (ticket=103)
15:31:08 INFO  Backtest: [STALE-SL] bar=2036 USDJPY short open 6.0h still losing (-0.41R) — SL tightened 145.00900→144.69907 (cap at 0.45R, atr_ratio=0.91, progress=0%) (ticket=103)
15:31:08 INFO  Backtest: [EXIT-SL] USDJPY SHORT entry=144.44235 exit=144.69907 pnl=-303.18 (-0.46R) bars_held=7 (ticket=103)
15:31:09 INFO  BacktestEngine: [2024-08-29 09:00] ENTRY USDJPY SHORT @ 144.58050 SL=145.14300 TP=143.73700 (ticket=104)
15:31:09 INFO  Backtest: [EXIT-SL] USDJPY SHORT entry=144.54899 exit=145.14300 pnl=-700.86 (-1.07R) bars_held=5 (ticket=104)
15:31:10 INFO  BacktestEngine: [2024-08-29 20:00] ENTRY USDJPY SHORT @ 144.85250 SL=145.49400 TP=143.89000 (ticket=105)
15:31:12 INFO  Backtest: [STALE-SL] bar=2061 USDJPY short open 11.0h still losing (-0.01R) — SL tightened 145.49400→145.00840 (cap at 0.25R, atr_ratio=0.59, progress=42%) (ticket=105)
15:31:12 INFO  Backtest: [EXIT-SL] USDJPY SHORT entry=144.84999 exit=145.00840 pnl=-167.78 (-0.26R) bars_held=12 (ticket=105)
  [USDJPY] 1536/5122 bars (30%)
15:31:12 INFO  BacktestEngine: [2024-08-30 13:00] ENTRY USDJPY LONG @ 145.30068 SL=144.67600 TP=146.23700 (ticket=107)
15:31:13 INFO  Backtest: [EXIT-TIME-STOP] USDJPY LONG entry=145.30116 exit=145.95400 pnl=+827.78 (+1.03R) (ticket=107)
15:31:13 INFO  BacktestEngine: [2024-08-30 18:00] ENTRY USDJPY LONG @ 145.95681 SL=145.06600 TP=147.29200 (ticket=108)
15:31:21 INFO  BacktestEngine: [2024-09-04 06:00] ENTRY USDJPY SHORT @ 145.31050 SL=146.32400 TP=143.79100 (ticket=109)
15:31:22 INFO  Backtest: [PARTIAL-TP1] bar=2142 USDJPY short closed 20% @ 144.11800 (+1R) SL: 146.32400→145.46227 (BE+15%R) rem_qty=0.57 rem_risk=$523.61 (ticket=109)
15:31:23 INFO  Backtest: [EXIT-TP] USDJPY SHORT entry=145.31020 exit=143.79100 pnl=+781.27 (+1.49R) bars_held=16 (ticket=109)
15:31:23 INFO  BacktestEngine: [2024-09-05 00:00] ENTRY USDJPY SHORT @ 143.63550 SL=144.65300 TP=142.10900 (ticket=110)
15:31:24 INFO  Backtest: [STALE-WIN] bar=2159 USDJPY short open 9.0h, profit stalling (now +0.03R, peak +0.40R) — SL→BE 144.65300→143.78938 (ticket=110)
15:31:25 INFO  Backtest: [EXIT-SL] USDJPY SHORT entry=143.63697 exit=143.78938 pnl=-99.07 (-0.16R) bars_held=16 (ticket=110)
15:31:26 INFO  BacktestEngine: [2024-09-05 20:00] ENTRY USDJPY SHORT @ 143.34650 SL=144.16600 TP=142.11700 (ticket=111)
15:31:27 INFO  Backtest: [PARTIAL-TP1] bar=2182 USDJPY short closed 20% @ 142.39000 (+1R) SL: 144.16600→143.46056 (BE+15%R) rem_qty=0.68 rem_risk=$507.32 (ticket=111)
15:31:27 INFO  Backtest: [EXIT-TP] USDJPY SHORT entry=143.33607 exit=142.11700 pnl=+749.60 (+1.48R) bars_held=13 (ticket=111)
15:31:27 INFO  BacktestEngine: [2024-09-06 10:00] ENTRY USDJPY SHORT @ 142.51589 SL=143.59200 TP=140.90200 (ticket=112)
15:31:28 INFO  Backtest: [EXIT-SL] USDJPY SHORT entry=142.52244 exit=143.59200 pnl=-676.41 (-1.00R) bars_held=4 (ticket=112)
15:31:28 INFO  BacktestEngine: [2024-09-06 17:00] ENTRY USDJPY SHORT @ 142.43380 SL=144.03600 TP=140.03000 (ticket=113)
15:31:28 INFO  BacktestEngine: [2024-09-09 00:00] ENTRY USDJPY SHORT @ 142.11350 SL=143.75900 TP=139.64600 (ticket=114)
15:31:29 INFO  Backtest: [STALE-SL] bar=2204 USDJPY short open 6.0h still losing (-0.52R) — SL tightened 143.75900→142.73286 (cap at 0.38R, atr_ratio=0.75, progress=0%) (ticket=114)
15:31:29 INFO  Backtest: [EXIT-SL] USDJPY SHORT entry=142.11409 exit=142.73286 pnl=-256.54 (-0.38R) bars_held=7 (ticket=114)
15:31:30 INFO  BacktestEngine: [2024-09-09 09:00] ENTRY USDJPY LONG @ 143.00150 SL=142.10400 TP=144.34800 (ticket=115)
15:31:30 INFO  Backtest: [EXIT-TIME-STOP] USDJPY LONG entry=143.01422 exit=143.60800 pnl=+517.34 (+0.65R) (ticket=115)
15:31:30 INFO  BacktestEngine: [2024-09-09 14:00] ENTRY USDJPY LONG @ 143.60950 SL=142.77500 TP=145.09300 (ticket=116)
15:31:30 INFO  Backtest: [EXIT-SL] USDJPY LONG entry=143.59948 exit=142.77500 pnl=-795.14 (-1.00R) bars_held=1 (ticket=116)
15:31:31 INFO  BacktestEngine: [2024-09-09 17:00] ENTRY USDJPY SHORT @ 142.73850 SL=144.00200 TP=140.84300 (ticket=117)
15:31:31 INFO  Backtest: [STALE-SL] bar=2221 USDJPY short open 6.0h still losing (-0.31R) — SL tightened 144.00200→143.27505 (cap at 0.43R, atr_ratio=0.86, progress=0%) (ticket=117)
15:31:32 INFO  Backtest: [STALE-SL] bar=2222 USDJPY short open 7.0h still losing (-0.25R) — SL tightened 143.27505→143.22430 (cap at 0.39R, atr_ratio=0.80, progress=8%) (ticket=117)
15:31:32 INFO  Backtest: [EXIT-SL] USDJPY SHORT entry=142.72980 exit=143.22430 pnl=-265.06 (-0.40R) bars_held=8 (ticket=117)
15:31:33 INFO  BacktestEngine: [2024-09-10 13:00] ENTRY USDJPY SHORT @ 143.03747 SL=143.67800 TP=142.07700 (ticket=118)
15:31:34 INFO  Backtest: [PARTIAL-TP1] bar=2239 USDJPY short closed 20% @ 142.28700 (+1R) SL: 143.67800→143.13435 (BE+15%R) rem_qty=0.89 rem_risk=$517.21 (ticket=118)
15:31:35 INFO  Backtest: [EXIT-TP] USDJPY SHORT entry=143.03842 exit=142.07700 pnl=+770.69 (+1.49R) bars_held=13 (ticket=118)
15:31:35 INFO  BacktestEngine: [2024-09-11 03:00] ENTRY USDJPY SHORT @ 142.28647 SL=143.20300 TP=140.91200 (ticket=119)
15:31:35 INFO  Backtest: [EXIT-TP] USDJPY SHORT entry=142.28186 exit=140.91200 pnl=+1028.84 (+1.49R) bars_held=3 (ticket=119)
15:31:35 INFO  BacktestEngine: [2024-09-11 07:00] ENTRY USDJPY SHORT @ 141.08581 SL=142.31400 TP=139.24300 (ticket=120)
15:31:36 INFO  Backtest: [STALE-SL] bar=2259 USDJPY short open 6.0h still losing (-0.49R) — SL tightened 142.31400→141.69732 (cap at 0.50R, atr_ratio=1.00, progress=0%) (ticket=120)
15:31:36 INFO  Backtest: [EXIT-SL] USDJPY SHORT entry=141.08063 exit=141.69732 pnl=-357.95 (-0.51R) bars_held=7 (ticket=120)
15:31:42 INFO  BacktestEngine: [2024-09-13 06:00] ENTRY USDJPY SHORT @ 140.97750 SL=142.19800 TP=139.14700 (ticket=121)
15:31:43 INFO  Backtest: [STALE-WIN] bar=2312 USDJPY short open 12.0h, profit stalling (now +0.14R, peak +0.51R) — SL→BE 142.19800→141.16208 (ticket=121)
  [USDJPY] 1792/5122 bars (35%)
15:31:44 INFO  BacktestEngine: [2024-09-16 05:00] ENTRY USDJPY SHORT @ 140.53650 SL=141.19000 TP=139.55600 (ticket=122)
15:31:45 INFO  Backtest: [PARTIAL-TP1] bar=2326 USDJPY short closed 20% @ 139.85000 (+1R) SL: 141.19000→140.63230 (BE+15%R) rem_qty=0.94 rem_risk=$561.29 (ticket=122)
15:31:46 INFO  Backtest: [EXIT-SL] USDJPY SHORT entry=140.53388 exit=140.63230 pnl=-91.15 (-0.16R) bars_held=11 (ticket=122)
15:31:46 INFO  BacktestEngine: [2024-09-16 20:00] ENTRY USDJPY LONG @ 140.67850 SL=139.94200 TP=141.78400 (ticket=123)
15:31:47 INFO  Backtest: [EXIT-TIME-STOP] USDJPY LONG entry=140.67762 exit=140.86500 pnl=+201.12 (+0.24R) (ticket=123)
15:31:50 INFO  BacktestEngine: [2024-09-17 20:00] ENTRY USDJPY LONG @ 141.90550 SL=141.17000 TP=143.15700 (ticket=124)
15:31:51 INFO  Backtest: [EXIT-TIME-STOP] USDJPY LONG entry=141.90718 exit=142.04400 pnl=+135.14 (+0.18R) (ticket=124)
15:31:52 INFO  BacktestEngine: [2024-09-18 06:00] ENTRY USDJPY SHORT @ 141.38950 SL=142.05100 TP=140.39700 (ticket=125)
15:31:53 INFO  Backtest: [STALE-SL] bar=2378 USDJPY short open 6.0h still losing (-0.33R) — SL tightened 142.05100→141.71462 (cap at 0.49R, atr_ratio=0.98, progress=0%) (ticket=125)
15:31:53 INFO  Backtest: [EXIT-SL] USDJPY SHORT entry=141.38839 exit=141.71462 pnl=-322.11 (-0.50R) bars_held=7 (ticket=125)
15:31:58 INFO  BacktestEngine: [2024-09-23 10:00] ENTRY USDJPY SHORT @ 143.66402 SL=144.41100 TP=142.54400 (ticket=126)
15:31:59 INFO  Backtest: [STALE-SL] bar=2454 USDJPY short open 6.0h still losing (-0.14R) — SL tightened 144.41100→144.03898 (cap at 0.50R, atr_ratio=1.00, progress=0%) (ticket=126)
15:31:59 INFO  Backtest: [STALE-WIN] bar=2460 USDJPY short open 12.0h, profit stalling (now +0.12R, peak +0.47R) — SL→BE 144.03898→143.77857 (ticket=126)
15:31:59 INFO  Backtest: [EXIT-SL] USDJPY SHORT entry=143.66696 exit=143.77857 pnl=-112.90 (-0.16R) bars_held=15 (ticket=126)
15:32:01 INFO  BacktestEngine: [2024-09-24 18:00] ENTRY USDJPY SHORT @ 143.77350 SL=144.55900 TP=142.59500 (ticket=127)
15:32:02 INFO  Backtest: [PARTIAL-TP1] bar=2487 USDJPY short closed 20% @ 142.94800 (+1R) SL: 144.55900→143.89029 (BE+15%R) rem_qty=0.78 rem_risk=$560.51 (ticket=127)
15:32:02 INFO  Backtest: [EXIT-SL] USDJPY SHORT entry=143.77228 exit=143.89029 pnl=-89.68 (-0.16R) bars_held=15 (ticket=127)
15:32:04 INFO  BacktestEngine: [2024-09-26 00:00] ENTRY USDJPY LONG @ 144.69050 SL=143.83600 TP=145.97200 (ticket=128)
15:32:04 INFO  Backtest: [EXIT-TIME-STOP] USDJPY LONG entry=144.67205 exit=144.83400 pnl=+144.58 (+0.18R) (ticket=128)
15:32:04 INFO  BacktestEngine: [2024-09-26 07:00] ENTRY USDJPY SHORT @ 144.68773 SL=145.25900 TP=143.83100 (ticket=129)
15:32:05 INFO  Backtest: [STALE-WIN] bar=2524 USDJPY short open 7.0h, profit stalling (now +0.23R, peak +0.93R) — SL→BE 145.25900→144.77720 (ticket=129)
15:32:05 INFO  Backtest: [EXIT-SL] USDJPY SHORT entry=144.69217 exit=144.77720 pnl=-111.37 (-0.16R) bars_held=9 (ticket=129)
15:32:06 INFO  BacktestEngine: [2024-09-27 02:00] ENTRY USDJPY LONG @ 145.08450 SL=144.37400 TP=146.15000 (ticket=130)
15:32:06 INFO  Backtest: [EXIT-TIME-STOP] USDJPY LONG entry=145.06091 exit=145.79400 pnl=+772.33 (+1.02R) (ticket=130)
15:32:06 INFO  BacktestEngine: [2024-09-27 07:00] ENTRY USDJPY LONG @ 145.79672 SL=144.66500 TP=147.49500 (ticket=131)
15:32:06 INFO  Backtest: [EXIT-SL] USDJPY LONG entry=145.78687 exit=144.66500 pnl=-760.64 (-1.00R) bars_held=1 (ticket=131)
15:32:07 INFO  BacktestEngine: [2024-09-27 10:00] ENTRY USDJPY SHORT @ 143.18809 SL=144.48400 TP=141.24400 (ticket=132)
15:32:07 INFO  BacktestEngine: [2024-09-30 00:00] ENTRY USDJPY SHORT @ 142.25250 SL=143.80700 TP=139.92000 (ticket=133)
15:32:08 INFO  Backtest: [STALE-SL] bar=2567 USDJPY short open 9.0h still losing (-0.07R) — SL tightened 143.80700→142.81789 (cap at 0.36R, atr_ratio=0.81, progress=25%) (ticket=133)
15:32:08 INFO  Backtest: [STALE-SL] bar=2569 USDJPY short open 11.0h still losing (-0.18R) — SL tightened 142.81789→142.78660 (cap at 0.34R, atr_ratio=0.83, progress=42%) (ticket=133)
15:32:08 INFO  Backtest: [EXIT-SL] USDJPY SHORT entry=142.25150 exit=142.78660 pnl=-207.46 (-0.35R) bars_held=12 (ticket=133)
  [USDJPY] 2048/5122 bars (40%)
15:32:10 INFO  BacktestEngine: [2024-09-30 21:00] ENTRY USDJPY LONG @ 143.68863 SL=142.32700 TP=145.73100 (ticket=134)
15:32:10 INFO  Backtest: [EXIT-TIME-STOP] USDJPY LONG entry=143.67899 exit=143.71400 pnl=+14.17 (+0.02R) (ticket=134)
15:32:10 INFO  BacktestEngine: [2024-10-01 03:00] ENTRY USDJPY LONG @ 143.96510 SL=142.77500 TP=145.75100 (ticket=135)
15:32:11 INFO  Backtest: [EXIT-TIME-STOP] USDJPY LONG entry=143.96960 exit=144.25900 pnl=+184.58 (+0.24R) (ticket=135)
15:32:11 INFO  BacktestEngine: [2024-10-01 08:00] ENTRY USDJPY LONG @ 144.26050 SL=143.52300 TP=145.57100 (ticket=136)
15:32:11 INFO  Backtest: [EXIT-TIME-STOP] USDJPY LONG entry=144.27196 exit=143.73800 pnl=-571.77 (-0.73R) (ticket=136)
15:32:11 INFO  BacktestEngine: [2024-10-01 13:00] ENTRY USDJPY SHORT @ 143.73650 SL=144.46900 TP=142.63800 (ticket=137)
15:32:12 INFO  Backtest: [STALE-SL] bar=2601 USDJPY short open 6.0h still losing (-0.12R) — SL tightened 144.46900→144.09998 (cap at 0.50R, atr_ratio=1.00, progress=0%) (ticket=137)
15:32:12 INFO  Backtest: [STALE-SL] bar=2608 USDJPY short open 13.0h still losing (-0.12R) — SL tightened 144.09998→144.01387 (cap at 0.38R, atr_ratio=1.00, progress=58%) (ticket=137)
15:32:12 INFO  Backtest: [STALE-SL] bar=2609 USDJPY short open 14.0h still losing (-0.23R) — SL tightened 144.01387→144.00157 (cap at 0.37R, atr_ratio=1.00, progress=67%) (ticket=137)
15:32:12 INFO  Backtest: [EXIT-SL] USDJPY SHORT entry=143.73095 exit=144.00157 pnl=-250.73 (-0.38R) bars_held=15 (ticket=137)
15:32:14 INFO  BacktestEngine: [2024-10-02 15:00] ENTRY USDJPY LONG @ 145.37142 SL=144.40800 TP=146.81600 (ticket=138)
15:32:14 INFO  Backtest: [EXIT-TIME-STOP] USDJPY LONG entry=145.37236 exit=146.17000 pnl=+675.72 (+0.82R) (ticket=138)
15:32:15 INFO  BacktestEngine: [2024-10-02 20:00] ENTRY USDJPY LONG @ 146.17150 SL=144.86200 TP=148.13600 (ticket=139)
15:32:15 INFO  Backtest: [EXIT-TIME-STOP] USDJPY LONG entry=146.16971 exit=146.59100 pnl=+259.70 (+0.32R) (ticket=139)
15:32:15 INFO  BacktestEngine: [2024-10-03 02:00] ENTRY USDJPY LONG @ 146.57650 SL=145.37000 TP=148.38700 (ticket=140)
15:32:16 INFO  Backtest: [EXIT-TIME-STOP] USDJPY LONG entry=146.57228 exit=146.72200 pnl=+93.05 (+0.12R) (ticket=140)
15:32:16 INFO  BacktestEngine: [2024-10-03 08:00] ENTRY USDJPY SHORT @ 146.55450 SL=147.31000 TP=145.21200 (ticket=141)
15:32:17 INFO  Backtest: [STALE-SL] bar=2644 USDJPY short open 6.0h still losing (-0.29R) — SL tightened 147.31000→146.93137 (cap at 0.50R, atr_ratio=1.00, progress=0%) (ticket=141)
15:32:17 INFO  Backtest: [STALE-SL] bar=2645 USDJPY short open 7.0h still losing (-0.09R) — SL tightened 146.93137→146.91875 (cap at 0.48R, atr_ratio=1.00, progress=8%) (ticket=141)
15:32:17 INFO  Backtest: [EXIT-SL] USDJPY SHORT entry=146.55274 exit=146.91875 pnl=-336.67 (-0.49R) bars_held=8 (ticket=141)
  [USDJPY] 2304/5122 bars (45%)
15:32:54 INFO  BacktestEngine: [2024-10-23 06:00] ENTRY USDJPY LONG @ 151.74550 SL=151.09100 TP=152.72700 (ticket=142)
15:32:55 INFO  Backtest: [PARTIAL-TP1] bar=2976 USDJPY long closed 20% @ 152.41600 (+1R) SL: 151.09100→151.64543 (BE+15%R) rem_qty=1.10 rem_risk=$652.54 (ticket=142)
15:32:55 INFO  Backtest: [EXIT-TP] USDJPY LONG entry=151.74327 exit=152.72700 pnl=+973.46 (+1.49R) bars_held=5 (ticket=142)
15:32:55 INFO  BacktestEngine: [2024-10-23 12:00] ENTRY USDJPY LONG @ 152.72559 SL=151.93300 TP=153.91400 (ticket=143)
15:32:57 INFO  Backtest: [STALE-WIN] bar=2985 USDJPY long open 7.0h, profit stalling (now +0.06R, peak +0.44R) — SL→BE 151.93300→152.60461 (ticket=143)
15:32:57 INFO  Backtest: [EXIT-SL] USDJPY LONG entry=152.72312 exit=152.60461 pnl=-132.08 (-0.16R) bars_held=8 (ticket=143)
15:33:07 INFO  BacktestEngine: [2024-10-25 19:00] ENTRY USDJPY LONG @ 152.19950 SL=151.52400 TP=153.21200 (ticket=144)
  [USDJPY] 2560/5122 bars (50%)
15:33:24 INFO  BacktestEngine: [2024-11-04 03:00] ENTRY USDJPY SHORT @ 151.78630 SL=152.91500 TP=150.09400 (ticket=145)
15:33:25 INFO  Backtest: [EXIT-TIME-STOP] USDJPY SHORT entry=151.78620 exit=152.14600 pnl=-210.68 (-0.33R) (ticket=145)
15:33:25 INFO  BacktestEngine: [2024-11-04 13:00] ENTRY USDJPY SHORT @ 151.54934 SL=152.54100 TP=150.06300 (ticket=148)
15:33:26 INFO  Backtest: [EXIT-TIME-STOP] USDJPY SHORT entry=151.55100 exit=152.02100 pnl=-308.64 (-0.48R) (ticket=148)
15:33:27 INFO  BacktestEngine: [2024-11-04 22:00] ENTRY USDJPY LONG @ 152.14950 SL=151.57300 TP=153.01400 (ticket=152)
15:33:28 INFO  Backtest: [STALE-WIN] bar=3189 USDJPY long open 10.0h, profit stalling (now +0.21R, peak +0.54R) — SL→BE 151.57300→152.06454 (ticket=152)
15:33:29 INFO  Backtest: [EXIT-SL] USDJPY LONG entry=152.15128 exit=152.06454 pnl=-123.75 (-0.16R) bars_held=16 (ticket=152)
15:33:30 INFO  BacktestEngine: [2024-11-06 03:00] ENTRY USDJPY LONG @ 152.92685 SL=151.83100 TP=154.57000 (ticket=153)
15:33:31 INFO  Backtest: [PARTIAL-TP1] bar=3208 USDJPY long closed 20% @ 154.05000 (+1R) SL: 151.83100→152.76388 (BE+15%R) rem_qty=0.64 rem_risk=$637.96 (ticket=153)
15:33:32 INFO  Backtest: [EXIT-TP] USDJPY LONG entry=152.92851 exit=154.57000 pnl=+951.52 (+1.49R) bars_held=14 (ticket=153)
15:33:32 INFO  BacktestEngine: [2024-11-06 18:00] ENTRY USDJPY LONG @ 154.58450 SL=153.12800 TP=156.76900 (ticket=154)
15:33:33 INFO  Backtest: [STALE-SL] bar=3229 USDJPY long open 6.0h still losing (-0.19R) — SL tightened 153.12800→154.13532 (cap at 0.31R, atr_ratio=0.62, progress=0%) (ticket=154)
15:33:33 INFO  Backtest: [STALE-SL] bar=3232 USDJPY long open 9.0h still losing (-0.10R) — SL tightened 154.13943→154.15426 (cap at 0.30R, atr_ratio=0.66, progress=25%) (ticket=154)
15:33:34 INFO  Backtest: [STALE-SL] bar=3233 USDJPY long open 10.0h still losing (-0.18R) — SL tightened 154.15426→154.18448 (cap at 0.27R, atr_ratio=0.63, progress=33%) (ticket=154)
15:33:34 INFO  Backtest: [EXIT-SL] USDJPY LONG entry=154.58381 exit=154.18448 pnl=-225.94 (-0.28R) bars_held=11 (ticket=154)
15:33:35 INFO  BacktestEngine: [2024-11-07 16:00] ENTRY USDJPY SHORT @ 153.21955 SL=154.30800 TP=151.58700 (ticket=155)
15:33:36 INFO  Backtest: [EXIT-TIME-STOP] USDJPY SHORT entry=153.22464 exit=153.08400 pnl=+83.48 (+0.12R) (ticket=155)
15:33:36 INFO  BacktestEngine: [2024-11-07 22:00] ENTRY USDJPY SHORT @ 152.84879 SL=154.01200 TP=151.10400 (ticket=156)
15:33:36 INFO  Backtest: [EXIT-TIME-STOP] USDJPY SHORT entry=152.85745 exit=153.09500 pnl=-142.83 (-0.21R) (ticket=156)
15:33:38 INFO  BacktestEngine: [2024-11-08 10:00] ENTRY USDJPY SHORT @ 152.34479 SL=153.02500 TP=151.32500 (ticket=157)
15:33:39 INFO  Backtest: [EXIT-TIME-STOP] USDJPY SHORT entry=152.34735 exit=152.74000 pnl=-415.31 (-0.59R) (ticket=157)
15:33:39 INFO  BacktestEngine: [2024-11-08 19:00] ENTRY USDJPY LONG @ 152.65650 SL=151.97400 TP=153.68100 (ticket=159)
15:33:39 INFO  BacktestEngine: [2024-11-11 00:00] ENTRY USDJPY LONG @ 152.66250 SL=152.04800 TP=153.58400 (ticket=160)
15:33:40 INFO  Backtest: [PARTIAL-TP1] bar=3280 USDJPY long closed 20% @ 153.38800 (+1R) SL: 152.04800→152.58737 (BE+15%R) rem_qty=1.14 rem_risk=$635.30 (ticket=160)
15:33:40 INFO  Backtest: [EXIT-TP] USDJPY LONG entry=152.68255 exit=153.58400 pnl=+923.93 (+1.45R) bars_held=5 (ticket=160)
15:33:40 INFO  BacktestEngine: [2024-11-11 06:00] ENTRY USDJPY LONG @ 153.57450 SL=152.67200 TP=154.92800 (ticket=161)
15:33:43 INFO  Backtest: [EXIT-TIME-STOP] USDJPY LONG entry=153.57290 exit=153.70400 pnl=+110.05 (+0.14R) (ticket=161)
15:33:44 INFO  BacktestEngine: [2024-11-12 08:00] ENTRY USDJPY LONG @ 153.78478 SL=153.31200 TP=154.49300 (ticket=162)
15:33:45 INFO  Backtest: [PARTIAL-TP1] bar=3315 USDJPY long closed 20% @ 154.38100 (+1R) SL: 153.31200→153.71305 (BE+15%R) rem_qty=1.51 rem_risk=$649.86 (ticket=162)
15:33:45 INFO  Backtest: [EXIT-TP] USDJPY LONG entry=153.78382 exit=154.49300 pnl=+965.19 (+1.49R) bars_held=7 (ticket=162)
15:33:45 INFO  BacktestEngine: [2024-11-12 16:00] ENTRY USDJPY LONG @ 154.41550 SL=153.65700 TP=155.55400 (ticket=163)
15:33:46 INFO  Backtest: [STALE-WIN] bar=3324 USDJPY long open 7.0h, profit stalling (now +0.13R, peak +0.48R) — SL→BE 153.65700→154.30309 (ticket=163)
15:33:47 INFO  Backtest: [EXIT-TIME-STOP] USDJPY LONG entry=154.41711 exit=155.11200 pnl=+744.17 (+0.91R) (ticket=163)
15:33:48 INFO  BacktestEngine: [2024-11-13 09:00] ENTRY USDJPY LONG @ 155.11350 SL=154.45200 TP=156.10600 (ticket=164)
15:33:48 INFO  Backtest: [EXIT-SL] USDJPY LONG entry=155.11668 exit=154.45200 pnl=-832.13 (-1.02R) bars_held=5 (ticket=164)
15:33:49 INFO  BacktestEngine: [2024-11-13 17:00] ENTRY USDJPY LONG @ 154.98783 SL=154.38000 TP=155.89900 (ticket=165)
  [USDJPY] 2816/5122 bars (55%)
15:33:50 INFO  Backtest: [PARTIAL-TP1] bar=3350 USDJPY long closed 20% @ 155.72000 (+1R) SL: 154.38000→154.89857 (BE+15%R) rem_qty=1.18 rem_risk=$650.21 (ticket=165)
15:33:50 INFO  Backtest: [EXIT-TP] USDJPY LONG entry=154.99009 exit=155.89900 pnl=+964.45 (+1.48R) bars_held=9 (ticket=165)
15:33:50 INFO  BacktestEngine: [2024-11-14 03:00] ENTRY USDJPY LONG @ 155.86850 SL=155.01300 TP=157.15100 (ticket=166)
15:33:52 INFO  Backtest: [STALE-SL] bar=3364 USDJPY long open 12.0h still losing (-0.08R) — SL tightened 155.01300→155.57973 (cap at 0.34R, atr_ratio=0.84, progress=50%) (ticket=166)
15:33:52 INFO  Backtest: [EXIT-TIME-STOP] USDJPY LONG entry=155.86728 exit=155.89400 pnl=+19.57 (+0.02R) (ticket=166)
15:33:53 INFO  BacktestEngine: [2024-11-14 23:00] ENTRY USDJPY LONG @ 156.23850 SL=155.61900 TP=157.16800 (ticket=167)
15:33:54 INFO  Backtest: [STALE-WIN] bar=3378 USDJPY long open 6.0h, profit stalling (now +0.16R, peak +0.59R) — SL→BE 155.61900→156.15958 (ticket=167)
15:33:54 INFO  Backtest: [EXIT-SL] USDJPY LONG entry=156.25497 exit=156.15958 pnl=-146.34 (-0.17R) bars_held=8 (ticket=167)
15:33:55 INFO  BacktestEngine: [2024-11-15 12:00] ENTRY USDJPY SHORT @ 155.30050 SL=156.31400 TP=153.78100 (ticket=168)
15:33:55 INFO  Backtest: [EXIT-TIME-STOP] USDJPY SHORT entry=155.29910 exit=154.94800 pnl=+228.13 (+0.34R) (ticket=168)
15:33:56 INFO  BacktestEngine: [2024-11-15 17:00] ENTRY USDJPY SHORT @ 154.94470 SL=155.76100 TP=153.49400 (ticket=169)
15:33:56 INFO  BacktestEngine: [2024-11-18 01:00] ENTRY USDJPY LONG @ 154.64450 SL=153.83500 TP=156.08300 (ticket=170)
15:33:57 INFO  Backtest: [STALE-SL] bar=3404 USDJPY long open 6.0h still losing (-0.08R) — SL tightened 153.83500→154.24293 (cap at 0.50R, atr_ratio=1.00, progress=0%) (ticket=170)
15:33:57 INFO  Backtest: [STALE-SL] bar=3405 USDJPY long open 7.0h still losing (-0.10R) — SL tightened 154.24293→154.25653 (cap at 0.48R, atr_ratio=1.00, progress=8%) (ticket=170)
15:33:58 INFO  Backtest: [STALE-WIN] bar=3411 USDJPY long open 13.0h, profit stalling (now +0.31R, peak +0.75R) — SL→BE 154.25653→154.52849 (ticket=170)
15:33:58 INFO  Backtest: [EXIT-TIME-STOP] USDJPY LONG entry=154.65087 exit=154.79900 pnl=+136.75 (+0.17R) (ticket=170)
15:33:59 INFO  BacktestEngine: [2024-11-18 18:00] ENTRY USDJPY LONG @ 154.80050 SL=153.98500 TP=156.02300 (ticket=171)
15:34:00 INFO  Backtest: [STALE-SL] bar=3421 USDJPY long open 6.0h still losing (-0.22R) — SL tightened 153.98500→154.48223 (cap at 0.38R, atr_ratio=0.77, progress=0%) (ticket=171)
15:34:00 INFO  Backtest: [EXIT-SL] USDJPY LONG entry=154.79325 exit=154.48223 pnl=-307.43 (-0.39R) bars_held=7 (ticket=171)
15:34:00 INFO  BacktestEngine: [2024-11-19 03:00] ENTRY USDJPY SHORT @ 154.11269 SL=155.12000 TP=152.60200 (ticket=172)
15:34:00 INFO  Backtest: [EXIT-TIME-STOP] USDJPY SHORT entry=154.11278 exit=154.50900 pnl=-249.94 (-0.40R) (ticket=172)
15:34:01 INFO  BacktestEngine: [2024-11-19 13:00] ENTRY USDJPY LONG @ 154.08489 SL=153.22900 TP=155.60700 (ticket=176)
15:34:02 INFO  Backtest: [PARTIAL-TP1] bar=3449 USDJPY long closed 20% @ 154.95400 (+1R) SL: 153.22900→153.95211 (BE+15%R) rem_qty=0.75 rem_risk=$586.01 (ticket=176)
15:34:02 INFO  Backtest: [EXIT-TIME-STOP] USDJPY LONG entry=154.07972 exit=155.05400 pnl=+661.45 (+1.13R) (ticket=176)
15:34:03 INFO  BacktestEngine: [2024-11-20 07:00] ENTRY USDJPY LONG @ 155.18850 SL=154.45100 TP=156.29500 (ticket=177)
15:34:04 INFO  Backtest: [STALE-WIN] bar=3460 USDJPY long open 8.0h, profit stalling (now +0.56R, peak +0.88R) — SL→BE 154.45100→155.07712 (ticket=177)
15:34:04 INFO  Backtest: [EXIT-SL] USDJPY LONG entry=155.18762 exit=155.07712 pnl=-139.81 (-0.16R) bars_held=9 (ticket=177)
15:34:04 INFO  BacktestEngine: [2024-11-20 17:00] ENTRY USDJPY LONG @ 155.53157 SL=154.88100 TP=156.68800 (ticket=178)
15:34:05 INFO  Backtest: [STALE-SL] bar=3468 USDJPY long open 6.0h still losing (-0.29R) — SL tightened 154.88100→155.20923 (cap at 0.49R, atr_ratio=0.98, progress=0%) (ticket=178)
15:34:05 INFO  Backtest: [STALE-SL] bar=3469 USDJPY long open 7.0h still losing (-0.39R) — SL tightened 155.20923→155.22292 (cap at 0.47R, atr_ratio=0.97, progress=8%) (ticket=178)
15:34:05 INFO  Backtest: [EXIT-SL] USDJPY LONG entry=155.52620 exit=155.22292 pnl=-415.99 (-0.48R) bars_held=8 (ticket=178)
15:34:06 INFO  BacktestEngine: [2024-11-21 08:00] ENTRY USDJPY SHORT @ 154.75564 SL=155.35800 TP=153.85100 (ticket=180)
15:34:06 INFO  Backtest: [EXIT-TIME-STOP] USDJPY SHORT entry=154.76276 exit=154.52800 pnl=+278.95 (+0.38R) (ticket=180)
15:34:07 INFO  BacktestEngine: [2024-11-21 13:00] ENTRY USDJPY SHORT @ 154.52650 SL=155.20500 TP=153.32000 (ticket=181)
15:34:07 INFO  Backtest: [EXIT-TIME-STOP] USDJPY SHORT entry=154.52180 exit=154.65400 pnl=-152.76 (-0.21R) (ticket=181)
15:34:08 INFO  BacktestEngine: [2024-11-21 18:00] ENTRY USDJPY LONG @ 154.65550 SL=153.86100 TP=156.06800 (ticket=182)
15:34:08 INFO  Backtest: [STALE-SL] bar=3493 USDJPY long open 6.0h still losing (-0.63R) — SL tightened 153.86100→154.34511 (cap at 0.39R, atr_ratio=0.78, progress=0%) (ticket=182)
15:34:08 INFO  Backtest: [EXIT-SL] USDJPY LONG entry=154.65532 exit=154.34511 pnl=-350.04 (-0.40R) bars_held=7 (ticket=182)
15:34:09 INFO  BacktestEngine: [2024-11-22 07:00] ENTRY USDJPY LONG @ 154.70476 SL=154.06500 TP=155.66400 (ticket=183)
15:34:10 INFO  Backtest: [STALE-SL] bar=3506 USDJPY long open 6.0h still losing (-0.32R) — SL tightened 154.06500→154.38644 (cap at 0.50R, atr_ratio=1.00, progress=0%) (ticket=183)
15:34:10 INFO  Backtest: [EXIT-SL] USDJPY LONG entry=154.70788 exit=154.38644 pnl=-431.30 (-0.51R) bars_held=7 (ticket=183)
15:34:11 INFO  BacktestEngine: [2024-11-22 19:00] ENTRY USDJPY LONG @ 154.75750 SL=154.05000 TP=155.81900 (ticket=187)
15:34:11 INFO  BacktestEngine: [2024-11-25 01:00] ENTRY USDJPY SHORT @ 154.14924 SL=154.81900 TP=153.14500 (ticket=188)
15:34:12 INFO  Backtest: [EXIT-TIME-STOP] USDJPY SHORT entry=154.14948 exit=154.09600 pnl=+52.50 (+0.07R) (ticket=188)
15:34:13 INFO  BacktestEngine: [2024-11-25 10:00] ENTRY USDJPY LONG @ 154.69450 SL=153.99200 TP=155.74800 (ticket=189)
15:34:13 INFO  Backtest: [EXIT-SL] USDJPY LONG entry=154.69562 exit=153.99200 pnl=-912.68 (-1.01R) bars_held=4 (ticket=189)
15:34:16 INFO  BacktestEngine: [2024-11-26 19:00] ENTRY USDJPY SHORT @ 153.32450 SL=154.30000 TP=151.86200 (ticket=190)
15:34:16 INFO  Backtest: [EXIT-TIME-STOP] USDJPY SHORT entry=153.32364 exit=153.07200 pnl=+190.92 (+0.25R) (ticket=190)
  [USDJPY] 3072/5122 bars (60%)
15:34:26 INFO  BacktestEngine: [2024-12-03 07:00] ENTRY USDJPY LONG @ 150.02750 SL=149.35100 TP=151.04200 (ticket=191)
15:34:27 INFO  Backtest: [STALE-SL] bar=3674 USDJPY long open 6.0h still losing (-0.51R) — SL tightened 149.35100→149.73029 (cap at 0.44R, atr_ratio=0.88, progress=0%) (ticket=191)
15:34:27 INFO  Backtest: [EXIT-SL] USDJPY LONG entry=150.02948 exit=149.73029 pnl=-407.73 (-0.45R) bars_held=7 (ticket=191)
15:34:27 INFO  BacktestEngine: [2024-12-03 17:00] ENTRY USDJPY SHORT @ 149.14573 SL=150.32300 TP=147.38000 (ticket=192)
15:34:28 INFO  Backtest: [EXIT-TIME-STOP] USDJPY SHORT entry=149.14844 exit=149.45500 pnl=-203.04 (-0.27R) (ticket=192)
15:34:28 INFO  BacktestEngine: [2024-12-04 02:00] ENTRY USDJPY LONG @ 149.87261 SL=149.16300 TP=150.93700 (ticket=195)
15:34:30 INFO  Backtest: [PARTIAL-TP1] bar=3695 USDJPY long closed 20% @ 150.62600 (+1R) SL: 149.16300→149.76779 (BE+15%R) rem_qty=1.04 rem_risk=$671.42 (ticket=195)
15:34:30 INFO  Backtest: [EXIT-TP] USDJPY LONG entry=149.87452 exit=150.93700 pnl=+998.25 (+1.49R) bars_held=10 (ticket=195)
15:34:30 INFO  BacktestEngine: [2024-12-04 13:00] ENTRY USDJPY LONG @ 150.88850 SL=149.80400 TP=152.51600 (ticket=196)
15:34:31 INFO  Backtest: [STALE-SL] bar=3704 USDJPY long open 6.0h still losing (-0.44R) — SL tightened 149.80400→150.34760 (cap at 0.50R, atr_ratio=1.00, progress=0%) (ticket=196)
15:34:31 INFO  Backtest: [EXIT-SL] USDJPY LONG entry=150.89120 exit=150.34760 pnl=-431.44 (-0.51R) bars_held=7 (ticket=196)
15:34:31 INFO  BacktestEngine: [2024-12-04 21:00] ENTRY USDJPY LONG @ 150.44169 SL=149.45100 TP=151.92800 (ticket=197)
15:34:32 INFO  Backtest: [STALE-SL] bar=3712 USDJPY long open 6.0h still losing (-0.11R) — SL tightened 149.45100→149.96893 (cap at 0.48R, atr_ratio=0.95, progress=0%) (ticket=197)
15:34:32 INFO  Backtest: [STALE-SL] bar=3713 USDJPY long open 7.0h still losing (-0.16R) — SL tightened 149.96893→149.98706 (cap at 0.46R, atr_ratio=0.95, progress=8%) (ticket=197)
15:34:32 INFO  Backtest: [STALE-SL] bar=3714 USDJPY long open 8.0h still losing (-0.05R) — SL tightened 149.98706→150.02912 (cap at 0.42R, atr_ratio=0.89, progress=17%) (ticket=197)
15:34:32 INFO  Backtest: [EXIT-SL] USDJPY LONG entry=150.44098 exit=150.02912 pnl=-355.07 (-0.42R) bars_held=9 (ticket=197)
15:34:33 INFO  BacktestEngine: [2024-12-05 14:00] ENTRY USDJPY LONG @ 150.40074 SL=149.68800 TP=151.47000 (ticket=198)
15:34:34 INFO  Backtest: [STALE-SL] bar=3729 USDJPY long open 6.0h still losing (-0.53R) — SL tightened 149.68800→150.04177 (cap at 0.50R, atr_ratio=1.00, progress=0%) (ticket=198)
15:34:34 INFO  Backtest: [EXIT-SL] USDJPY LONG entry=150.39554 exit=150.04177 pnl=-447.35 (-0.51R) bars_held=7 (ticket=198)
15:34:36 INFO  BacktestEngine: [2024-12-06 11:00] ENTRY USDJPY LONG @ 150.57460 SL=149.92900 TP=151.54300 (ticket=199)
15:34:36 INFO  Backtest: [EXIT-SL] USDJPY LONG entry=150.57081 exit=149.92900 pnl=-780.18 (-1.01R) bars_held=3 (ticket=199)
15:34:37 INFO  BacktestEngine: [2024-12-06 19:00] ENTRY USDJPY LONG @ 149.96450 SL=149.23600 TP=151.05700 (ticket=200)
15:34:37 INFO  BacktestEngine: [2024-12-09 00:00] ENTRY USDJPY LONG @ 149.99050 SL=149.37800 TP=150.90900 (ticket=201)
15:34:38 INFO  Backtest: [STALE-SL] bar=3763 USDJPY long open 6.0h still losing (-0.03R) — SL tightened 149.37800→149.75894 (cap at 0.37R, atr_ratio=0.74, progress=0%) (ticket=201)
15:34:39 INFO  Backtest: [PARTIAL-TP1] bar=3770 USDJPY long closed 20% @ 150.76500 (+1R) SL: 149.75894→149.89140 (BE+15%R) rem_qty=1.16 rem_risk=$646.41 (ticket=201)
15:34:39 INFO  Backtest: [EXIT-TP] USDJPY LONG entry=149.98200 exit=150.90900 pnl=+970.42 (+1.50R) bars_held=14 (ticket=201)
15:34:39 INFO  BacktestEngine: [2024-12-09 15:00] ENTRY USDJPY LONG @ 150.87554 SL=150.08600 TP=152.06100 (ticket=202)
15:34:40 INFO  Backtest: [STALE-WIN] bar=3784 USDJPY long open 12.0h, profit stalling (now +0.41R, peak +0.71R) — SL→BE 150.08600→150.75711 (ticket=202)
15:34:41 INFO  Backtest: [EXIT-TIME-STOP] USDJPY LONG entry=150.87554 exit=151.22100 pnl=+347.32 (+0.43R) (ticket=202)
15:34:44 INFO  BacktestEngine: [2024-12-11 12:00] ENTRY USDJPY LONG @ 152.59252 SL=151.46100 TP=154.28900 (ticket=203)
15:34:45 INFO  Backtest: [STALE-SL] bar=3823 USDJPY long open 6.0h still losing (-0.08R) — SL tightened 151.46100→152.02501 (cap at 0.50R, atr_ratio=1.00, progress=0%) (ticket=203)
15:34:46 INFO  Backtest: [STALE-SL] bar=3827 USDJPY long open 10.0h still losing (-0.19R) — SL tightened 152.02501→152.10022 (cap at 0.43R, atr_ratio=1.00, progress=33%) (ticket=203)
15:34:46 INFO  Backtest: [STALE-SL] bar=3828 USDJPY long open 11.0h still losing (-0.16R) — SL tightened 152.10022→152.11902 (cap at 0.42R, atr_ratio=1.00, progress=42%) (ticket=203)
15:34:46 INFO  Backtest: [STALE-SL] bar=3829 USDJPY long open 12.0h still losing (-0.29R) — SL tightened 152.11902→152.13782 (cap at 0.40R, atr_ratio=1.00, progress=50%) (ticket=203)
15:34:46 INFO  Backtest: [EXIT-SL] USDJPY LONG entry=152.58903 exit=152.13782 pnl=-354.96 (-0.41R) bars_held=13 (ticket=203)
15:34:46 INFO  BacktestEngine: [2024-12-12 04:00] ENTRY USDJPY LONG @ 152.31885 SL=151.34100 TP=153.78600 (ticket=204)
15:34:47 INFO  Backtest: [STALE-SL] bar=3840 USDJPY long open 7.0h still losing (-0.00R) — SL tightened 151.34100→151.93277 (cap at 0.40R, atr_ratio=0.82, progress=8%) (ticket=204)
15:34:48 INFO  Backtest: [STALE-SL] bar=3842 USDJPY long open 9.0h still losing (-0.05R) — SL tightened 151.93277→151.94400 (cap at 0.38R, atr_ratio=0.85, progress=25%) (ticket=204)
15:34:48 INFO  Backtest: [EXIT-SL] USDJPY LONG entry=152.31928 exit=151.94400 pnl=-334.56 (-0.39R) bars_held=10 (ticket=204)
15:34:49 INFO  BacktestEngine: [2024-12-12 21:00] ENTRY USDJPY LONG @ 152.53650 SL=151.87700 TP=153.52500 (ticket=205)
  [USDJPY] 3328/5122 bars (65%)
15:34:51 INFO  Backtest: [STALE-WIN] bar=3860 USDJPY long open 10.0h, profit stalling (now +0.26R, peak +0.62R) — SL→BE 151.87700→152.43957 (ticket=205)
15:34:51 INFO  Backtest: [PARTIAL-TP1] bar=3863 USDJPY long closed 20% @ 153.41000 (+1R) SL: 152.43957→152.43957 (BE+15%R) rem_qty=1.14 rem_risk=$681.30 (ticket=205)
15:34:51 INFO  Backtest: [EXIT-TP] USDJPY LONG entry=152.53885 exit=153.52500 pnl=+1011.49 (+1.48R) bars_held=15 (ticket=205)
15:34:52 INFO  BacktestEngine: [2024-12-13 13:00] ENTRY USDJPY LONG @ 153.62350 SL=152.75100 TP=154.93200 (ticket=206)
15:34:53 INFO  BacktestEngine: [2024-12-16 03:00] ENTRY USDJPY LONG @ 153.90860 SL=153.10500 TP=155.11500 (ticket=207)
15:34:54 INFO  Backtest: [STALE-SL] bar=3886 USDJPY long open 6.0h still losing (-0.27R) — SL tightened 153.10500→153.57178 (cap at 0.42R, atr_ratio=0.84, progress=0%) (ticket=207)
15:34:56 INFO  Backtest: [EXIT-TIME-STOP] USDJPY LONG entry=153.90885 exit=154.05900 pnl=+156.87 (+0.18R) (ticket=207)
15:34:58 INFO  BacktestEngine: [2024-12-17 07:00] ENTRY USDJPY LONG @ 154.13371 SL=153.66100 TP=154.84300 (ticket=208)
15:34:59 INFO  Backtest: [STALE-SL] bar=3914 USDJPY long open 6.0h still losing (-0.67R) — SL tightened 153.66100→153.89749 (cap at 0.50R, atr_ratio=1.00, progress=0%) (ticket=208)
15:34:59 INFO  Backtest: [EXIT-SL] USDJPY LONG entry=154.13398 exit=153.89749 pnl=-428.85 (-0.52R) bars_held=7 (ticket=208)
15:34:59 INFO  BacktestEngine: [2024-12-17 16:00] ENTRY USDJPY SHORT @ 153.55150 SL=154.04200 TP=152.81600 (ticket=209)
15:35:00 INFO  Backtest: [EXIT-TIME-STOP] USDJPY SHORT entry=153.55481 exit=153.34000 pnl=+295.92 (+0.42R) (ticket=209)
15:35:00 INFO  BacktestEngine: [2024-12-17 21:00] ENTRY USDJPY SHORT @ 153.33850 SL=153.85100 TP=152.51300 (ticket=210)
15:35:00 INFO  Backtest: [EXIT-TIME-STOP] USDJPY SHORT entry=153.33835 exit=153.69500 pnl=-500.64 (-0.71R) (ticket=210)
15:35:01 INFO  BacktestEngine: [2024-12-18 03:00] ENTRY USDJPY LONG @ 153.59150 SL=153.11500 TP=154.30600 (ticket=211)
15:35:01 INFO  Backtest: [STALE-SL] bar=3934 USDJPY long open 6.0h still losing (-0.04R) — SL tightened 153.11500→153.35270 (cap at 0.49R, atr_ratio=0.99, progress=0%) (ticket=211)
15:35:02 INFO  Backtest: [STALE-SL] bar=3936 USDJPY long open 8.0h still losing (-0.02R) — SL tightened 153.35270→153.37082 (cap at 0.45R, atr_ratio=0.97, progress=17%) (ticket=211)
15:35:03 INFO  Backtest: [STALE-WIN] bar=3943 USDJPY long open 15.0h, profit stalling (now +0.51R, peak +0.93R) — SL→BE 153.37082→153.51364 (ticket=211)
15:35:03 INFO  Backtest: [EXIT-TIME-STOP] USDJPY LONG entry=153.58399 exit=153.74300 pnl=+278.15 (+0.32R) (ticket=211)
15:35:03 INFO  BacktestEngine: [2024-12-18 20:00] ENTRY USDJPY LONG @ 153.74450 SL=153.30400 TP=154.40600 (ticket=212)
15:35:03 INFO  Backtest: [EXIT-TP] USDJPY LONG entry=153.74622 exit=154.40600 pnl=+1299.56 (+1.48R) bars_held=0 (ticket=212)
15:35:03 INFO  BacktestEngine: [2024-12-18 22:00] ENTRY USDJPY LONG @ 154.69278 SL=153.94200 TP=155.81800 (ticket=213)
15:35:04 INFO  Backtest: [EXIT-TP] USDJPY LONG entry=154.68227 exit=155.81800 pnl=+1334.47 (+1.50R) bars_held=9 (ticket=213)
15:35:04 INFO  BacktestEngine: [2024-12-19 09:00] ENTRY USDJPY LONG @ 156.47729 SL=155.09500 TP=158.55100 (ticket=214)
15:35:06 INFO  Backtest: [EXIT-TIME-STOP] USDJPY LONG entry=156.48143 exit=157.74100 pnl=+820.23 (+0.91R) (ticket=214)
15:35:06 INFO  BacktestEngine: [2024-12-20 02:00] ENTRY USDJPY LONG @ 157.74262 SL=156.61900 TP=159.42800 (ticket=215)
15:35:07 INFO  Backtest: [STALE-SL] bar=3981 USDJPY long open 6.0h still losing (-0.81R) — SL tightened 156.61900→157.21714 (cap at 0.47R, atr_ratio=0.93, progress=0%) (ticket=215)
15:35:07 INFO  Backtest: [EXIT-SL] USDJPY LONG entry=157.74089 exit=157.21714 pnl=-420.74 (-0.47R) bars_held=7 (ticket=215)
15:35:08 INFO  BacktestEngine: [2024-12-20 11:00] ENTRY USDJPY SHORT @ 156.71646 SL=157.85600 TP=155.00800 (ticket=216)
15:35:08 INFO  Backtest: [EXIT-TIME-STOP] USDJPY SHORT entry=156.71517 exit=156.60300 pnl=+69.40 (+0.09R) (ticket=216)
15:35:08 INFO  BacktestEngine: [2024-12-20 16:00] ENTRY USDJPY SHORT @ 156.60138 SL=157.68000 TP=154.98300 (ticket=217)
15:35:09 INFO  BacktestEngine: [2024-12-23 01:00] ENTRY USDJPY LONG @ 156.56350 SL=155.93500 TP=157.50700 (ticket=218)
15:35:10 INFO  Backtest: [STALE-SL] bar=4006 USDJPY long open 8.0h still losing (-0.02R) — SL tightened 155.93500→156.35175 (cap at 0.35R, atr_ratio=0.76, progress=17%) (ticket=218)
15:35:11 INFO  Backtest: [EXIT-TIME-STOP] USDJPY LONG entry=156.58067 exit=157.02900 pnl=+312.76 (+0.70R) (ticket=218)
15:35:11 INFO  BacktestEngine: [2024-12-23 18:00] ENTRY USDJPY LONG @ 157.03050 SL=156.40700 TP=157.96500 (ticket=219)
15:35:12 INFO  Backtest: [STALE-WIN] bar=4024 USDJPY long open 9.0h, profit stalling (now +0.14R, peak +0.45R) — SL→BE 156.40700→156.93680 (ticket=219)
15:35:13 INFO  Backtest: [EXIT-SL] USDJPY LONG entry=157.03030 exit=156.93680 pnl=-72.74 (-0.16R) bars_held=11 (ticket=219)
15:35:14 INFO  BacktestEngine: [2024-12-24 15:00] ENTRY USDJPY LONG @ 157.19250 SL=156.85100 TP=157.70400 (ticket=220)
15:35:15 INFO  Backtest: [STALE-WIN] bar=4042 USDJPY long open 6.0h, profit stalling (now +0.03R, peak +0.41R) — SL→BE 156.85100→157.14136 (ticket=220)
15:35:15 INFO  Backtest: [EXIT-SL] USDJPY LONG entry=157.19260 exit=157.14136 pnl=-79.37 (-0.17R) bars_held=7 (ticket=220)
15:35:17 INFO  BacktestEngine: [2024-12-26 15:00] ENTRY USDJPY LONG @ 157.83880 SL=157.34600 TP=158.57800 (ticket=221)
15:35:19 INFO  Backtest: [STALE-WIN] bar=4069 USDJPY long open 8.0h, profit stalling (now +0.09R, peak +0.46R) — SL→BE 157.34600→157.76603 (ticket=221)
15:35:19 INFO  Backtest: [EXIT-SL] USDJPY LONG entry=157.84015 exit=157.76603 pnl=-71.47 (-0.17R) bars_held=9 (ticket=221)
15:35:20 INFO  BacktestEngine: [2024-12-27 06:00] ENTRY USDJPY SHORT @ 157.57150 SL=158.12300 TP=156.74500 (ticket=223)
15:35:20 INFO  Backtest: [EXIT-TIME-STOP] USDJPY SHORT entry=157.57287 exit=157.87600 pnl=-209.31 (-0.56R) (ticket=223)
15:35:21 INFO  BacktestEngine: [2024-12-27 15:00] ENTRY USDJPY LONG @ 157.79555 SL=157.42300 TP=158.35400 (ticket=226)
15:35:21 INFO  Backtest: [EXIT-SL] USDJPY LONG entry=157.79737 exit=157.42300 pnl=-448.51 (-1.03R) bars_held=2 (ticket=226)
  [USDJPY] 3584/5122 bars (70%)
15:35:25 INFO  BacktestEngine: [2024-12-31 03:00] ENTRY USDJPY SHORT @ 156.43690 SL=157.25300 TP=155.21300 (ticket=227)
15:35:26 INFO  Backtest: [EXIT-TIME-STOP] USDJPY SHORT entry=156.44175 exit=156.35700 pnl=+30.15 (+0.09R) (ticket=227)
15:35:26 INFO  BacktestEngine: [2024-12-31 08:00] ENTRY USDJPY SHORT @ 156.35547 SL=157.11900 TP=155.21000 (ticket=228)
15:35:26 INFO  Backtest: [EXIT-TIME-STOP] USDJPY SHORT entry=156.35318 exit=156.79800 pnl=-189.42 (-0.59R) (ticket=228)
15:35:27 INFO  BacktestEngine: [2024-12-31 13:00] ENTRY USDJPY LONG @ 156.79950 SL=156.23600 TP=157.80100 (ticket=229)
15:35:27 INFO  Backtest: [PARTIAL-TP1] bar=4135 USDJPY long closed 20% @ 157.36500 (+1R) SL: 156.23600→156.71401 (BE+15%R) rem_qty=0.58 rem_risk=$299.50 (ticket=229)
15:35:29 INFO  Backtest: [EXIT-TIME-STOP] USDJPY LONG entry=156.79837 exit=157.15900 pnl=+187.57 (+0.63R) (ticket=229)
15:35:34 INFO  BacktestEngine: [2025-01-06 06:00] ENTRY USDJPY LONG @ 157.72050 SL=157.12400 TP=158.61500 (ticket=230)
15:35:35 INFO  Backtest: [STALE-SL] bar=4203 USDJPY long open 6.0h still losing (-0.88R) — SL tightened 157.12400→157.45584 (cap at 0.44R, atr_ratio=0.89, progress=0%) (ticket=230)
15:35:35 INFO  Backtest: [EXIT-SL] USDJPY LONG entry=157.72177 exit=157.45584 pnl=-343.62 (-0.46R) bars_held=7 (ticket=230)
15:35:35 INFO  BacktestEngine: [2025-01-06 17:00] ENTRY USDJPY LONG @ 157.53513 SL=156.76800 TP=158.68600 (ticket=231)
15:35:36 INFO  Backtest: [PARTIAL-TP1] bar=4217 USDJPY long closed 20% @ 158.31100 (+1R) SL: 156.76800→157.39744 (BE+15%R) rem_qty=0.86 rem_risk=$597.83 (ticket=231)
15:35:37 INFO  Backtest: [EXIT-TIME-STOP] USDJPY LONG entry=157.50851 exit=157.74400 pnl=+177.44 (+0.30R) (ticket=231)
15:35:37 INFO  BacktestEngine: [2025-01-07 12:00] ENTRY USDJPY LONG @ 157.74550 SL=157.10900 TP=158.70000 (ticket=232)
15:35:38 INFO  Backtest: [STALE-SL] bar=4231 USDJPY long open 6.0h still losing (-0.08R) — SL tightened 157.10900→157.42675 (cap at 0.50R, atr_ratio=1.00, progress=0%) (ticket=232)
15:35:39 INFO  Backtest: [STALE-WIN] bar=4239 USDJPY long open 14.0h, profit stalling (now +0.35R, peak +0.76R) — SL→BE 157.42675→157.64917 (ticket=232)
15:35:40 INFO  Backtest: [EXIT-TIME-STOP] USDJPY LONG entry=157.74449 exit=158.19700 pnl=+590.98 (+0.70R) (ticket=232)
15:35:40 INFO  BacktestEngine: [2025-01-08 05:00] ENTRY USDJPY LONG @ 158.19850 SL=157.47400 TP=159.28600 (ticket=233)
15:35:41 INFO  Backtest: [STALE-WIN] bar=4251 USDJPY long open 9.0h, profit stalling (now +0.04R, peak +0.42R) — SL→BE 157.47400→158.09115 (ticket=233)
15:35:42 INFO  Backtest: [EXIT-TIME-STOP] USDJPY LONG entry=158.20006 exit=158.36000 pnl=+199.51 (+0.21R) (ticket=233)
15:35:42 INFO  BacktestEngine: [2025-01-08 22:00] ENTRY USDJPY LONG @ 158.36150 SL=157.87200 TP=159.09600 (ticket=234)
15:35:43 INFO  Backtest: [STALE-SL] bar=4265 USDJPY long open 6.0h still losing (-0.80R) — SL tightened 157.87200→158.12499 (cap at 0.48R, atr_ratio=0.97, progress=0%) (ticket=234)
15:35:43 INFO  Backtest: [EXIT-SL] USDJPY LONG entry=158.36314 exit=158.12499 pnl=-478.76 (-0.50R) bars_held=7 (ticket=234)
15:35:43 INFO  BacktestEngine: [2025-01-09 06:00] ENTRY USDJPY SHORT @ 157.92330 SL=158.37800 TP=157.24100 (ticket=235)
15:35:44 INFO  Backtest: [EXIT-TIME-STOP] USDJPY SHORT entry=157.92331 exit=158.08100 pnl=-260.36 (-0.36R) (ticket=235)
15:35:45 INFO  BacktestEngine: [2025-01-09 17:00] ENTRY USDJPY LONG @ 157.97350 SL=157.51500 TP=158.66100 (ticket=236)
15:35:47 INFO  Backtest: [EXIT-TIME-STOP] USDJPY LONG entry=157.97599 exit=157.82100 pnl=-299.05 (-0.35R) (ticket=236)
15:35:48 INFO  BacktestEngine: [2025-01-13 05:00] ENTRY USDJPY SHORT @ 157.41150 SL=158.35600 TP=155.99400 (ticket=238)
15:35:48 INFO  Backtest: [EXIT-TIME-STOP] USDJPY SHORT entry=157.41286 exit=157.60100 pnl=-156.82 (-0.21R) (ticket=238)
15:35:50 INFO  BacktestEngine: [2025-01-13 17:00] ENTRY USDJPY LONG @ 157.51750 SL=156.79700 TP=158.59800 (ticket=241)
15:35:51 INFO  Backtest: [STALE-SL] bar=4332 USDJPY long open 6.0h still losing (-0.30R) — SL tightened 156.79700→157.15857 (cap at 0.50R, atr_ratio=1.00, progress=0%) (ticket=241)
15:35:51 INFO  Backtest: [EXIT-SL] USDJPY LONG entry=157.52014 exit=157.15857 pnl=-457.00 (-0.51R) bars_held=7 (ticket=241)
15:35:51 INFO  BacktestEngine: [2025-01-14 05:00] ENTRY USDJPY LONG @ 157.55750 SL=156.77900 TP=158.72500 (ticket=244)
15:35:53 INFO  Backtest: [EXIT-TIME-STOP] USDJPY LONG entry=157.55525 exit=157.98100 pnl=+471.74 (+0.54R) (ticket=244)
15:35:54 INFO  BacktestEngine: [2025-01-15 01:00] ENTRY USDJPY LONG @ 158.04950 SL=157.32000 TP=159.14400 (ticket=245)
15:35:55 INFO  Backtest: [EXIT-SL] USDJPY LONG entry=158.04660 exit=157.32000 pnl=-861.98 (-1.01R) bars_held=5 (ticket=245)
15:35:55 INFO  BacktestEngine: [2025-01-15 09:00] ENTRY USDJPY SHORT @ 156.87611 SL=157.73400 TP=155.58900 (ticket=246)
  [USDJPY] 3840/5122 bars (75%)
15:35:56 INFO  Backtest: [EXIT-TIME-STOP] USDJPY SHORT entry=156.87083 exit=156.97800 pnl=-96.16 (-0.13R) (ticket=246)
15:35:57 INFO  BacktestEngine: [2025-01-16 04:00] ENTRY USDJPY SHORT @ 155.73337 SL=156.85900 TP=154.04500 (ticket=249)
15:35:58 INFO  Backtest: [EXIT-TIME-STOP] USDJPY SHORT entry=155.72819 exit=156.18600 pnl=-300.76 (-0.41R) (ticket=249)
15:35:59 INFO  BacktestEngine: [2025-01-16 14:00] ENTRY USDJPY LONG @ 156.11108 SL=155.44800 TP=157.10600 (ticket=251)
15:35:59 INFO  Backtest: [EXIT-SL] USDJPY LONG entry=156.10817 exit=155.44800 pnl=-856.93 (-1.01R) bars_held=2 (ticket=251)
15:36:02 INFO  BacktestEngine: [2025-01-17 18:00] ENTRY USDJPY LONG @ 156.30558 SL=155.67000 TP=157.25900 (ticket=252)
15:36:09 INFO  BacktestEngine: [2025-01-22 06:00] ENTRY USDJPY LONG @ 155.79350 SL=155.20400 TP=156.67800 (ticket=253)
15:36:10 INFO  Backtest: [STALE-WIN] bar=4490 USDJPY long open 7.0h, profit stalling (now +0.04R, peak +0.44R) — SL→BE 155.20400→155.70181 (ticket=253)
15:36:11 INFO  Backtest: [PARTIAL-TP1] bar=4493 USDJPY long closed 20% @ 156.40100 (+1R) SL: 155.70181→155.70181 (BE+15%R) rem_qty=1.27 rem_risk=$682.78 (ticket=253)
15:36:11 INFO  Backtest: [EXIT-TP] USDJPY LONG entry=155.78966 exit=156.67800 pnl=+1019.36 (+1.49R) bars_held=12 (ticket=253)
15:36:11 INFO  BacktestEngine: [2025-01-22 19:00] ENTRY USDJPY LONG @ 156.61450 SL=155.69500 TP=157.99400 (ticket=254)
15:36:12 INFO  Backtest: [STALE-SL] bar=4502 USDJPY long open 6.0h still losing (-0.25R) — SL tightened 155.69500→156.26748 (cap at 0.38R, atr_ratio=0.76, progress=0%) (ticket=254)
15:36:12 INFO  Backtest: [STALE-SL] bar=4503 USDJPY long open 7.0h still losing (-0.07R) — SL tightened 156.26748→156.28040 (cap at 0.37R, atr_ratio=0.76, progress=8%) (ticket=254)
15:36:12 INFO  Backtest: [STALE-SL] bar=4505 USDJPY long open 9.0h still losing (-0.13R) — SL tightened 156.28108→156.30270 (cap at 0.34R, atr_ratio=0.76, progress=25%) (ticket=254)
15:36:13 INFO  Backtest: [STALE-SL] bar=4506 USDJPY long open 10.0h still losing (-0.03R) — SL tightened 156.30270→156.33030 (cap at 0.31R, atr_ratio=0.72, progress=33%) (ticket=254)
15:36:13 INFO  Backtest: [STALE-SL] bar=4508 USDJPY long open 12.0h still losing (-0.01R) — SL tightened 156.33030→156.39771 (cap at 0.24R, atr_ratio=0.60, progress=50%) (ticket=254)
15:36:13 INFO  Backtest: [STALE-SL] bar=4509 USDJPY long open 13.0h still losing (-0.01R) — SL tightened 156.39771→156.40982 (cap at 0.23R, atr_ratio=0.59, progress=58%) (ticket=254)
15:36:13 INFO  Backtest: [STALE-SL] bar=4510 USDJPY long open 14.0h still losing (-0.14R) — SL tightened 156.40982→156.41723 (cap at 0.22R, atr_ratio=0.59, progress=67%) (ticket=254)
15:36:13 INFO  Backtest: [EXIT-SL] USDJPY LONG entry=156.61855 exit=156.41723 pnl=-195.91 (-0.23R) bars_held=15 (ticket=254)
15:36:14 INFO  BacktestEngine: [2025-01-23 17:00] ENTRY USDJPY SHORT @ 156.16057 SL=156.65300 TP=155.42300 (ticket=255)
15:36:15 INFO  Backtest: [EXIT-TIME-STOP] USDJPY SHORT entry=156.16519 exit=155.96800 pnl=+269.01 (+0.39R) (ticket=255)
15:36:15 INFO  BacktestEngine: [2025-01-23 22:00] ENTRY USDJPY SHORT @ 155.96650 SL=156.49600 TP=155.17200 (ticket=256)
15:36:15 INFO  Backtest: [EXIT-TIME-STOP] USDJPY SHORT entry=155.96998 exit=156.31100 pnl=-460.13 (-0.66R) (ticket=256)
15:36:16 INFO  BacktestEngine: [2025-01-24 03:00] ENTRY USDJPY LONG @ 156.31250 SL=155.81400 TP=157.06000 (ticket=257)
15:36:16 INFO  Backtest: [EXIT-SL] USDJPY LONG entry=156.32664 exit=155.81400 pnl=-885.44 (-1.04R) bars_held=1 (ticket=257)
15:36:16 INFO  BacktestEngine: [2025-01-24 10:00] ENTRY USDJPY SHORT @ 155.37691 SL=156.20600 TP=153.90200 (ticket=258)
15:36:17 INFO  Backtest: [EXIT-SL] USDJPY SHORT entry=155.38321 exit=156.20600 pnl=-717.95 (-1.00R) bars_held=3 (ticket=258)
15:36:18 INFO  BacktestEngine: [2025-01-24 18:00] ENTRY USDJPY LONG @ 155.58350 SL=154.72200 TP=156.87600 (ticket=263)
15:36:19 INFO  BacktestEngine: [2025-01-27 07:00] ENTRY USDJPY LONG @ 156.06550 SL=155.36800 TP=157.11100 (ticket=264)
15:36:19 INFO  Backtest: [EXIT-SL] USDJPY LONG entry=156.06269 exit=155.36800 pnl=-843.70 (-1.01R) bars_held=2 (ticket=264)
15:36:21 INFO  BacktestEngine: [2025-01-27 22:00] ENTRY USDJPY LONG @ 154.58050 SL=153.61900 TP=156.02300 (ticket=265)
15:36:22 INFO  Backtest: [PARTIAL-TP1] bar=4576 USDJPY long closed 20% @ 155.55200 (+1R) SL: 153.61900→154.43662 (BE+15%R) rem_qty=0.76 rem_risk=$665.18 (ticket=265)
15:36:23 INFO  Backtest: [EXIT-TIME-STOP] USDJPY LONG entry=154.58090 exit=155.49100 pnl=+624.10 (+0.94R) (ticket=265)
15:36:23 INFO  BacktestEngine: [2025-01-28 17:00] ENTRY USDJPY LONG @ 155.71941 SL=154.91400 TP=156.92700 (ticket=266)
15:36:24 INFO  Backtest: [STALE-SL] bar=4596 USDJPY long open 6.0h still losing (-0.22R) — SL tightened 154.91400→155.37122 (cap at 0.43R, atr_ratio=0.86, progress=0%) (ticket=266)
15:36:24 INFO  Backtest: [STALE-SL] bar=4597 USDJPY long open 7.0h still losing (-0.19R) — SL tightened 155.37122→155.40795 (cap at 0.38R, atr_ratio=0.80, progress=8%) (ticket=266)
15:36:25 INFO  Backtest: [STALE-SL] bar=4598 USDJPY long open 8.0h still losing (-0.11R) — SL tightened 155.40795→155.45535 (cap at 0.33R, atr_ratio=0.70, progress=17%) (ticket=266)
15:36:25 INFO  Backtest: [STALE-SL] bar=4599 USDJPY long open 9.0h still losing (-0.01R) — SL tightened 155.45535→155.47010 (cap at 0.31R, atr_ratio=0.68, progress=25%) (ticket=266)
15:36:25 INFO  Backtest: [STALE-SL] bar=4600 USDJPY long open 10.0h still losing (-0.11R) — SL tightened 155.47010→155.48288 (cap at 0.29R, atr_ratio=0.67, progress=33%) (ticket=266)
15:36:25 INFO  Backtest: [EXIT-SL] USDJPY LONG entry=155.71692 exit=155.48288 pnl=-217.77 (-0.30R) bars_held=11 (ticket=266)
15:36:26 INFO  BacktestEngine: [2025-01-29 13:00] ENTRY USDJPY LONG @ 155.41950 SL=154.86100 TP=156.25700 (ticket=267)
15:36:27 INFO  Backtest: [STALE-SL] bar=4616 USDJPY long open 6.0h still losing (-0.53R) — SL tightened 154.86100→155.13860 (cap at 0.50R, atr_ratio=1.00, progress=0%) (ticket=267)
15:36:27 INFO  Backtest: [EXIT-SL] USDJPY LONG entry=155.41620 exit=155.13860 pnl=-371.25 (-0.51R) bars_held=7 (ticket=267)
  [USDJPY] 4096/5122 bars (80%)
15:36:37 INFO  BacktestEngine: [2025-02-04 02:00] ENTRY USDJPY LONG @ 155.31450 SL=154.44400 TP=156.62000 (ticket=269)
15:36:38 INFO  Backtest: [EXIT-TIME-STOP] USDJPY LONG entry=155.31517 exit=155.24900 pnl=-61.17 (-0.08R) (ticket=269)
15:36:40 INFO  BacktestEngine: [2025-02-04 18:00] ENTRY USDJPY SHORT @ 154.55850 SL=155.19000 TP=153.61200 (ticket=270)
15:36:42 INFO  Backtest: [PARTIAL-TP1] bar=4718 USDJPY short closed 20% @ 153.85900 (+1R) SL: 155.19000→154.65224 (BE+15%R) rem_qty=0.86 rem_risk=$491.73 (ticket=270)
15:36:42 INFO  Backtest: [EXIT-TP] USDJPY SHORT entry=154.55734 exit=153.61200 pnl=+730.39 (+1.49R) bars_held=8 (ticket=270)
15:36:42 INFO  BacktestEngine: [2025-02-05 03:00] ENTRY USDJPY SHORT @ 153.59763 SL=154.56500 TP=152.14700 (ticket=271)
15:36:43 INFO  Backtest: [PARTIAL-TP1] bar=4728 USDJPY short closed 20% @ 152.64000 (+1R) SL: 154.56500→153.74766 (BE+15%R) rem_qty=0.68 rem_risk=$598.55 (ticket=271)
15:36:43 INFO  Backtest: [EXIT-TP] USDJPY SHORT entry=153.60343 exit=152.14700 pnl=+896.48 (+1.50R) bars_held=13 (ticket=271)
15:36:44 INFO  BacktestEngine: [2025-02-05 17:00] ENTRY USDJPY SHORT @ 152.13403 SL=153.33100 TP=150.33900 (ticket=272)
15:36:44 INFO  Backtest: [STALE-SL] bar=4740 USDJPY short open 6.0h still losing (-0.36R) — SL tightened 153.33100→152.65647 (cap at 0.43R, atr_ratio=0.87, progress=0%) (ticket=272)
15:36:44 INFO  Backtest: [EXIT-SL] USDJPY SHORT entry=152.13781 exit=152.65647 pnl=-330.50 (-0.44R) bars_held=7 (ticket=272)
15:36:47 INFO  BacktestEngine: [2025-02-06 17:00] ENTRY USDJPY SHORT @ 151.68448 SL=152.74300 TP=150.09600 (ticket=273)
15:36:48 INFO  Backtest: [STALE-WIN] bar=4767 USDJPY short open 9.0h, profit stalling (now +0.11R, peak +0.49R) — SL→BE 152.74300→151.84615 (ticket=273)
15:36:49 INFO  Backtest: [EXIT-SL] USDJPY SHORT entry=151.68788 exit=151.84615 pnl=-108.74 (-0.16R) bars_held=15 (ticket=273)
15:36:50 INFO  BacktestEngine: [2025-02-07 13:00] ENTRY USDJPY LONG @ 152.15050 SL=151.58600 TP=152.99800 (ticket=275)
15:36:50 INFO  Backtest: [EXIT-SL] USDJPY LONG entry=152.15759 exit=151.58600 pnl=-859.25 (-1.03R) bars_held=1 (ticket=275)
15:36:50 INFO  BacktestEngine: [2025-02-07 19:00] ENTRY USDJPY SHORT @ 151.66357 SL=152.97600 TP=149.69500 (ticket=278)
15:36:50 INFO  BacktestEngine: [2025-02-10 00:00] ENTRY USDJPY SHORT @ 151.52950 SL=152.49900 TP=150.07500 (ticket=279)
15:36:51 INFO  Backtest: [STALE-SL] bar=4795 USDJPY short open 6.0h still losing (-0.43R) — SL tightened 152.49900→151.94525 (cap at 0.43R, atr_ratio=0.85, progress=0%) (ticket=279)
15:36:51 INFO  Backtest: [EXIT-SL] USDJPY SHORT entry=151.53318 exit=151.94525 pnl=-317.05 (-0.43R) bars_held=7 (ticket=279)
15:36:52 INFO  BacktestEngine: [2025-02-10 13:00] ENTRY USDJPY SHORT @ 152.11650 SL=152.76700 TP=151.14000 (ticket=280)
15:36:53 INFO  Backtest: [STALE-WIN] bar=4808 USDJPY short open 6.0h, profit stalling (now +0.11R, peak +0.76R) — SL→BE 152.76700→152.20717 (ticket=280)
15:36:55 INFO  Backtest: [EXIT-TIME-STOP] USDJPY SHORT entry=152.10837 exit=151.98600 pnl=+128.36 (+0.18R) (ticket=280)
  [USDJPY] 4352/5122 bars (85%)
15:37:04 INFO  BacktestEngine: [2025-02-14 06:00] ENTRY USDJPY SHORT @ 152.63150 SL=153.62900 TP=151.13500 (ticket=281)
15:37:05 INFO  Backtest: [STALE-SL] bar=4897 USDJPY short open 6.0h still losing (-0.07R) — SL tightened 153.62900→153.07061 (cap at 0.44R, atr_ratio=0.88, progress=0%) (ticket=281)
15:37:06 INFO  BacktestEngine: [2025-02-17 02:00] ENTRY USDJPY SHORT @ 151.87893 SL=152.46700 TP=150.99700 (ticket=282)
15:37:07 INFO  Backtest: [STALE-WIN] bar=4917 USDJPY short open 6.0h, profit stalling (now +0.02R, peak +0.61R) — SL→BE 152.46700→151.96728 (ticket=282)
15:37:08 INFO  Backtest: [EXIT-TIME-STOP] USDJPY SHORT entry=151.87909 exit=151.38400 pnl=+572.16 (+0.83R) (ticket=282)
15:37:09 INFO  BacktestEngine: [2025-02-17 19:00] ENTRY USDJPY SHORT @ 151.38250 SL=151.99100 TP=150.47000 (ticket=283)
15:37:10 INFO  Backtest: [STALE-SL] bar=4934 USDJPY short open 6.0h still losing (-0.50R) — SL tightened 151.99100→151.62012 (cap at 0.39R, atr_ratio=0.78, progress=0%) (ticket=283)
15:37:10 INFO  Backtest: [EXIT-SL] USDJPY SHORT entry=151.38291 exit=151.62012 pnl=-278.58 (-0.40R) bars_held=7 (ticket=283)
15:37:11 INFO  BacktestEngine: [2025-02-18 15:00] ENTRY USDJPY SHORT @ 151.69450 SL=152.11100 TP=151.06900 (ticket=284)
15:37:12 INFO  Backtest: [STALE-SL] bar=4954 USDJPY short open 6.0h still losing (-0.77R) — SL tightened 152.11100→151.89121 (cap at 0.47R, atr_ratio=0.93, progress=0%) (ticket=284)
15:37:12 INFO  Backtest: [EXIT-SL] USDJPY SHORT entry=151.69838 exit=151.89121 pnl=-333.94 (-0.48R) bars_held=7 (ticket=284)
15:37:13 INFO  BacktestEngine: [2025-02-19 05:00] ENTRY USDJPY SHORT @ 151.89135 SL=152.36700 TP=151.17800 (ticket=286)
15:37:14 INFO  Backtest: [STALE-WIN] bar=4969 USDJPY short open 7.0h, profit stalling (now +0.09R, peak +0.52R) — SL→BE 152.36700→151.95868 (ticket=286)
15:37:15 INFO  Backtest: [PARTIAL-TP1] bar=4972 USDJPY short closed 20% @ 151.33400 (+1R) SL: 151.95868→151.95868 (BE+15%R) rem_qty=1.33 rem_risk=$574.43 (ticket=286)
15:37:16 INFO  Backtest: [EXIT-TIME-STOP] USDJPY SHORT entry=151.88662 exit=151.47700 pnl=+485.72 (+0.85R) (ticket=286)
15:37:16 INFO  BacktestEngine: [2025-02-19 22:00] ENTRY USDJPY SHORT @ 151.47550 SL=151.99700 TP=150.69400 (ticket=287)
15:37:16 INFO  Backtest: [EXIT-TP] USDJPY SHORT entry=151.47351 exit=150.69400 pnl=+1074.61 (+1.48R) bars_held=4 (ticket=287)
15:37:16 INFO  BacktestEngine: [2025-02-20 03:00] ENTRY USDJPY SHORT @ 150.63426 SL=151.45200 TP=149.40800 (ticket=288)
15:37:18 INFO  Backtest: [STALE-WIN] bar=4990 USDJPY short open 6.0h, profit stalling (now +0.37R, peak +0.74R) — SL→BE 151.45200→150.76236 (ticket=288)
15:37:19 INFO  Backtest: [PARTIAL-TP1] bar=4996 USDJPY short closed 20% @ 149.81200 (+1R) SL: 150.76236→150.76236 (BE+15%R) rem_qty=0.80 rem_risk=$595.34 (ticket=288)
15:37:19 INFO  Backtest: [EXIT-TP] USDJPY SHORT entry=150.64066 exit=149.40800 pnl=+891.78 (+1.50R) bars_held=15 (ticket=288)
15:37:19 INFO  BacktestEngine: [2025-02-20 19:00] ENTRY USDJPY SHORT @ 149.46548 SL=150.47300 TP=147.95400 (ticket=289)
15:37:20 INFO  Backtest: [STALE-SL] bar=5006 USDJPY short open 6.0h still losing (-0.36R) — SL tightened 150.47300→149.91783 (cap at 0.45R, atr_ratio=0.89, progress=0%) (ticket=289)
15:37:20 INFO  Backtest: [EXIT-SL] USDJPY SHORT entry=149.47016 exit=149.91783 pnl=-339.79 (-0.45R) bars_held=7 (ticket=289)
15:37:21 INFO  BacktestEngine: [2025-02-21 08:00] ENTRY USDJPY LONG @ 150.51650 SL=149.48400 TP=152.06600 (ticket=290)
15:37:22 INFO  Backtest: [EXIT-TIME-STOP] USDJPY LONG entry=150.51350 exit=150.27200 pnl=-215.42 (-0.24R) (ticket=290)
15:37:22 INFO  BacktestEngine: [2025-02-21 17:00] ENTRY USDJPY SHORT @ 149.54747 SL=150.60400 TP=147.96300 (ticket=293)
15:37:23 INFO  BacktestEngine: [2025-02-24 00:00] ENTRY USDJPY SHORT @ 149.19150 SL=150.12700 TP=147.78800 (ticket=294)
15:37:24 INFO  Backtest: [STALE-SL] bar=5035 USDJPY short open 6.0h still losing (-0.22R) — SL tightened 150.12700→149.66061 (cap at 0.50R, atr_ratio=1.00, progress=0%) (ticket=294)
15:37:24 INFO  Backtest: [STALE-SL] bar=5036 USDJPY short open 7.0h still losing (-0.29R) — SL tightened 149.66061→149.64506 (cap at 0.48R, atr_ratio=1.00, progress=8%) (ticket=294)
15:37:24 INFO  Backtest: [STALE-SL] bar=5037 USDJPY short open 8.0h still losing (-0.28R) — SL tightened 149.64506→149.62951 (cap at 0.47R, atr_ratio=1.00, progress=17%) (ticket=294)
15:37:24 INFO  Backtest: [STALE-SL] bar=5038 USDJPY short open 9.0h still losing (-0.24R) — SL tightened 149.62951→149.60605 (cap at 0.44R, atr_ratio=0.98, progress=25%) (ticket=294)
15:37:24 INFO  Backtest: [STALE-SL] bar=5039 USDJPY short open 10.0h still losing (-0.39R) — SL tightened 149.60605→149.59842 (cap at 0.43R, atr_ratio=1.00, progress=33%) (ticket=294)
15:37:24 INFO  Backtest: [EXIT-SL] USDJPY SHORT entry=149.19421 exit=149.59842 pnl=-299.86 (-0.44R) bars_held=11 (ticket=294)
15:37:25 INFO  BacktestEngine: [2025-02-24 15:00] ENTRY USDJPY LONG @ 149.76352 SL=149.19400 TP=150.61700 (ticket=295)
15:37:25 INFO  Backtest: [EXIT-SL] USDJPY LONG entry=149.78448 exit=149.19400 pnl=-838.28 (-1.05R) bars_held=1 (ticket=295)
15:37:27 INFO  BacktestEngine: [2025-02-25 05:00] ENTRY USDJPY SHORT @ 149.66429 SL=150.22600 TP=148.82100 (ticket=296)
15:37:28 INFO  Backtest: [STALE-SL] bar=5064 USDJPY short open 6.0h still losing (-0.17R) — SL tightened 150.22600→149.94555 (cap at 0.50R, atr_ratio=1.00, progress=0%) (ticket=296)
15:37:28 INFO  Backtest: [EXIT-SL] USDJPY SHORT entry=149.66509 exit=149.94555 pnl=-390.70 (-0.51R) bars_held=7 (ticket=296)
15:37:29 INFO  BacktestEngine: [2025-02-25 17:00] ENTRY USDJPY SHORT @ 149.07325 SL=149.95600 TP=147.75000 (ticket=299)
15:37:30 INFO  Backtest: [STALE-SL] bar=5076 USDJPY short open 6.0h still losing (-0.05R) — SL tightened 149.95600→149.44909 (cap at 0.43R, atr_ratio=0.87, progress=0%) (ticket=299)
15:37:30 INFO  Backtest: [STALE-SL] bar=5079 USDJPY short open 9.0h still losing (-0.18R) — SL tightened 149.44909→149.41898 (cap at 0.40R, atr_ratio=0.89, progress=25%) (ticket=299)
15:37:30 INFO  Backtest: [EXIT-SL] USDJPY SHORT entry=149.06186 exit=149.41898 pnl=-315.38 (-0.41R) bars_held=10 (ticket=299)
15:37:32 INFO  BacktestEngine: [2025-02-26 10:00] ENTRY USDJPY SHORT @ 149.28833 SL=149.94500 TP=148.30300 (ticket=300)
15:37:33 INFO  Backtest: [STALE-SL] bar=5093 USDJPY short open 6.0h still losing (-0.30R) — SL tightened 149.94500→149.61438 (cap at 0.50R, atr_ratio=1.00, progress=0%) (ticket=300)
15:37:33 INFO  Backtest: [STALE-WIN] bar=5099 USDJPY short open 12.0h, profit stalling (now +0.33R, peak +0.68R) — SL→BE 149.61438→149.38295 (ticket=300)
15:37:34 INFO  Backtest: [EXIT-SL] USDJPY SHORT entry=149.28376 exit=149.38295 pnl=-122.55 (-0.16R) bars_held=16 (ticket=300)
15:37:35 INFO  BacktestEngine: [2025-02-27 11:00] ENTRY USDJPY LONG @ 149.84300 SL=149.15400 TP=150.87700 (ticket=301)
15:37:36 INFO  Backtest: [EXIT-TIME-STOP] USDJPY LONG entry=149.84721 exit=149.73300 pnl=-146.43 (-0.18R) (ticket=301)
15:37:37 INFO  BacktestEngine: [2025-02-27 22:00] ENTRY USDJPY SHORT @ 149.69350 SL=150.39600 TP=148.64000 (ticket=303)
15:37:38 INFO  Backtest: [STALE-WIN] bar=5129 USDJPY short open 6.0h, profit stalling (now +0.13R, peak +0.57R) — SL→BE 150.39600→149.80302 (ticket=303)
15:37:38 INFO  Backtest: [EXIT-SL] USDJPY SHORT entry=149.69838 exit=149.80302 pnl=-112.45 (-0.16R) bars_held=8 (ticket=303)
  [USDJPY] 4608/5122 bars (90%)
15:37:39 INFO  BacktestEngine: [2025-02-28 15:00] ENTRY USDJPY LONG @ 150.64957 SL=149.48300 TP=152.40000 (ticket=304)
15:37:41 INFO  BacktestEngine: [2025-03-03 08:00] ENTRY USDJPY SHORT @ 150.46150 SL=151.12900 TP=149.46000 (ticket=305)
15:37:41 INFO  Backtest: [EXIT-SL] USDJPY SHORT entry=150.46747 exit=151.12900 pnl=-712.52 (-1.00R) bars_held=4 (ticket=305)
15:37:42 INFO  BacktestEngine: [2025-03-03 17:00] ENTRY USDJPY SHORT @ 150.23322 SL=151.07300 TP=148.97300 (ticket=306)
15:37:43 INFO  Backtest: [PARTIAL-TP1] bar=5173 USDJPY short closed 20% @ 149.30700 (+1R) SL: 151.07300→150.36105 (BE+15%R) rem_qty=0.74 rem_risk=$562.75 (ticket=306)
15:37:43 INFO  Backtest: [EXIT-TP] USDJPY SHORT entry=150.23541 exit=148.97300 pnl=+840.36 (+1.49R) bars_held=9 (ticket=306)
15:37:44 INFO  BacktestEngine: [2025-03-04 06:00] ENTRY USDJPY SHORT @ 149.13750 SL=150.24400 TP=147.47800 (ticket=307)
15:37:45 INFO  Backtest: [STALE-WIN] bar=5190 USDJPY short open 11.0h, profit stalling (now +0.29R, peak +0.84R) — SL→BE 150.24400→149.30534 (ticket=307)
15:37:46 INFO  Backtest: [EXIT-SL] USDJPY SHORT entry=149.13969 exit=149.30534 pnl=-116.73 (-0.16R) bars_held=14 (ticket=307)
15:37:46 INFO  BacktestEngine: [2025-03-05 00:00] ENTRY USDJPY LONG @ 149.73350 SL=148.81300 TP=151.11400 (ticket=308)
15:37:47 INFO  Backtest: [EXIT-TIME-STOP] USDJPY LONG entry=149.73191 exit=149.97100 pnl=+204.26 (+0.25R) (ticket=308)
15:37:47 INFO  BacktestEngine: [2025-03-05 05:00] ENTRY USDJPY LONG @ 149.97250 SL=149.09800 TP=151.52700 (ticket=309)
15:37:48 INFO  Backtest: [EXIT-TIME-STOP] USDJPY LONG entry=149.97252 exit=149.22200 pnl=-710.67 (-0.87R) (ticket=309)
15:37:48 INFO  BacktestEngine: [2025-03-05 10:00] ENTRY USDJPY SHORT @ 149.22016 SL=150.03600 TP=147.99700 (ticket=310)
15:37:49 INFO  Backtest: [PARTIAL-TP1] bar=5212 USDJPY short closed 20% @ 148.39800 (+1R) SL: 150.03600→149.34499 (BE+15%R) rem_qty=0.74 rem_risk=$552.15 (ticket=310)
15:37:50 INFO  Backtest: [EXIT-TIME-STOP] USDJPY SHORT entry=149.22305 exit=148.99400 pnl=+149.87 (+0.27R) (ticket=310)
15:37:50 INFO  BacktestEngine: [2025-03-06 03:00] ENTRY USDJPY SHORT @ 148.99250 SL=149.78300 TP=147.80600 (ticket=311)
15:37:51 INFO  Backtest: [PARTIAL-TP1] bar=5230 USDJPY short closed 20% @ 148.15400 (+1R) SL: 149.78300→149.10885 (BE+15%R) rem_qty=0.82 rem_risk=$587.27 (ticket=311)
15:37:51 INFO  Backtest: [EXIT-TP] USDJPY SHORT entry=148.98988 exit=147.80600 pnl=+873.39 (+1.49R) bars_held=7 (ticket=311)
15:37:52 INFO  BacktestEngine: [2025-03-06 11:00] ENTRY USDJPY SHORT @ 147.88101 SL=149.03400 TP=146.15200 (ticket=312)
15:37:53 INFO  Backtest: [STALE-SL] bar=5238 USDJPY short open 6.0h still losing (-0.02R) — SL tightened 149.03400→148.45678 (cap at 0.50R, atr_ratio=1.00, progress=0%) (ticket=312)
15:37:53 INFO  Backtest: [STALE-SL] bar=5239 USDJPY short open 7.0h still losing (-0.03R) — SL tightened 148.45678→148.43754 (cap at 0.48R, atr_ratio=1.00, progress=8%) (ticket=312)
15:37:53 INFO  Backtest: [STALE-WIN] bar=5240 USDJPY short open 8.0h, profit stalling (now +0.07R, peak +0.40R) — SL→BE 148.43754→148.05272 (ticket=312)
15:37:53 INFO  Backtest: [EXIT-SL] USDJPY SHORT entry=147.87955 exit=148.05272 pnl=-116.85 (-0.16R) bars_held=11 (ticket=312)
15:37:54 INFO  BacktestEngine: [2025-03-07 03:00] ENTRY USDJPY SHORT @ 147.89950 SL=148.69000 TP=146.71400 (ticket=313)
15:37:55 INFO  Backtest: [STALE-WIN] bar=5257 USDJPY short open 9.0h, profit stalling (now +0.26R, peak +0.72R) — SL→BE 148.69000→148.02080 (ticket=313)
15:37:56 INFO  BacktestEngine: [2025-03-10 02:00] ENTRY USDJPY SHORT @ 147.29350 SL=148.25900 TP=145.84500 (ticket=314)
15:37:57 INFO  Backtest: [STALE-SL] bar=5277 USDJPY short open 6.0h still losing (-0.28R) — SL tightened 148.25900→147.64828 (cap at 0.37R, atr_ratio=0.74, progress=0%) (ticket=314)
15:37:59 INFO  Backtest: [STALE-WIN] bar=5285 USDJPY short open 14.0h, profit stalling (now +0.15R, peak +0.54R) — SL→BE 147.64828→147.43691 (ticket=314)
15:37:59 INFO  Backtest: [EXIT-TIME-STOP] USDJPY SHORT entry=147.29184 exit=147.18600 pnl=+73.23 (+0.10R) (ticket=314)
15:37:59 INFO  BacktestEngine: [2025-03-10 19:00] ENTRY USDJPY SHORT @ 147.18450 SL=147.98400 TP=145.98500 (ticket=315)
15:38:00 INFO  Backtest: [STALE-WIN] bar=5297 USDJPY short open 9.0h, profit stalling (now +0.08R, peak +0.54R) — SL→BE 147.98400→147.30126 (ticket=315)
15:38:01 INFO  Backtest: [EXIT-SL] USDJPY SHORT entry=147.18078 exit=147.30126 pnl=-115.47 (-0.16R) bars_held=12 (ticket=315)
15:38:02 INFO  BacktestEngine: [2025-03-11 18:00] ENTRY USDJPY SHORT @ 147.28850 SL=148.16200 TP=145.97900 (ticket=316)
15:38:03 INFO  Backtest: [STALE-SL] bar=5317 USDJPY short open 6.0h still losing (-0.86R) — SL tightened 148.16200→147.71148 (cap at 0.48R, atr_ratio=0.97, progress=0%) (ticket=316)
15:38:03 INFO  Backtest: [EXIT-SL] USDJPY SHORT entry=147.29132 exit=147.71148 pnl=-338.73 (-0.49R) bars_held=7 (ticket=316)
15:38:04 INFO  BacktestEngine: [2025-03-12 06:00] ENTRY USDJPY LONG @ 148.15050 SL=147.07200 TP=149.76800 (ticket=317)
15:38:05 INFO  Backtest: [EXIT-TIME-STOP] USDJPY LONG entry=148.14945 exit=148.60700 pnl=+372.53 (+0.42R) (ticket=317)
15:38:05 INFO  BacktestEngine: [2025-03-12 11:00] ENTRY USDJPY LONG @ 148.60913 SL=147.47400 TP=150.31200 (ticket=318)
15:38:06 INFO  Backtest: [EXIT-TIME-STOP] USDJPY LONG entry=148.61531 exit=148.31500 pnl=-243.84 (-0.27R) (ticket=318)
15:38:06 INFO  BacktestEngine: [2025-03-12 17:00] ENTRY USDJPY SHORT @ 148.31850 SL=149.14300 TP=147.08100 (ticket=319)
15:38:08 INFO  Backtest: [EXIT-TIME-STOP] USDJPY SHORT entry=148.31577 exit=147.91800 pnl=+362.07 (+0.47R) (ticket=319)
15:38:08 INFO  BacktestEngine: [2025-03-13 10:00] ENTRY USDJPY SHORT @ 147.91629 SL=148.50300 TP=146.87300 (ticket=320)
15:38:10 INFO  Backtest: [STALE-WIN] bar=5362 USDJPY short open 11.0h, profit stalling (now +0.21R, peak +0.56R) — SL→BE 148.50300→148.00305 (ticket=320)
15:38:10 INFO  Backtest: [EXIT-SL] USDJPY SHORT entry=147.91483 exit=148.00305 pnl=-107.36 (-0.16R) bars_held=15 (ticket=320)
15:38:10 INFO  BacktestEngine: [2025-03-14 02:00] ENTRY USDJPY LONG @ 148.29885 SL=147.71100 TP=149.18000 (ticket=321)
15:38:11 INFO  Backtest: [EXIT-TIME-STOP] USDJPY LONG entry=148.29745 exit=148.46500 pnl=+202.21 (+0.27R) (ticket=321)
15:38:11 INFO  BacktestEngine: [2025-03-14 07:00] ENTRY USDJPY LONG @ 148.46650 SL=147.92100 TP=149.43600 (ticket=322)
15:38:12 INFO  Backtest: [EXIT-TIME-STOP] USDJPY LONG entry=148.46908 exit=148.79900 pnl=+436.91 (+0.59R) (ticket=322)
15:38:12 INFO  BacktestEngine: [2025-03-14 12:00] ENTRY USDJPY LONG @ 148.80143 SL=148.05100 TP=149.92700 (ticket=323)
15:38:12 INFO  Backtest: [EXIT-TIME-STOP] USDJPY LONG entry=148.79971 exit=148.51700 pnl=-288.05 (-0.39R) (ticket=323)
15:38:12 INFO  BacktestEngine: [2025-03-14 17:00] ENTRY USDJPY SHORT @ 148.51550 SL=149.12600 TP=147.59900 (ticket=324)
  [USDJPY] 4864/5122 bars (95%)
15:38:14 INFO  BacktestEngine: [2025-03-17 06:00] ENTRY USDJPY LONG @ 149.03692 SL=148.19500 TP=150.29900 (ticket=325)
15:38:14 INFO  Backtest: [EXIT-TIME-STOP] USDJPY LONG entry=149.03777 exit=148.66400 pnl=-385.31 (-0.45R) (ticket=325)
15:38:15 INFO  BacktestEngine: [2025-03-17 16:00] ENTRY USDJPY SHORT @ 148.59550 SL=149.23000 TP=147.64400 (ticket=328)
15:38:15 INFO  Backtest: [EXIT-SL] USDJPY SHORT entry=148.59594 exit=149.23000 pnl=-729.99 (-1.01R) bars_held=3 (ticket=328)
15:38:16 INFO  BacktestEngine: [2025-03-18 01:00] ENTRY USDJPY LONG @ 149.39650 SL=148.56900 TP=150.63800 (ticket=330)
15:38:17 INFO  Backtest: [EXIT-TIME-STOP] USDJPY LONG entry=149.39404 exit=149.55800 pnl=+146.47 (+0.19R) (ticket=330)
15:38:17 INFO  BacktestEngine: [2025-03-18 08:00] ENTRY USDJPY LONG @ 149.73650 SL=148.97200 TP=150.88300 (ticket=331)
15:38:18 INFO  Backtest: [EXIT-TIME-STOP] USDJPY LONG entry=149.73447 exit=149.74500 pnl=+2.87 (+0.00R) (ticket=331)
15:38:19 INFO  BacktestEngine: [2025-03-18 18:00] ENTRY USDJPY SHORT @ 149.41455 SL=149.96000 TP=148.59600 (ticket=332)
15:38:20 INFO  Backtest: [STALE-SL] bar=5436 USDJPY short open 6.0h still losing (-0.07R) — SL tightened 149.96000→149.67546 (cap at 0.49R, atr_ratio=0.98, progress=0%) (ticket=332)
15:38:20 INFO  Backtest: [STALE-SL] bar=5437 USDJPY short open 7.0h still losing (-0.37R) — SL tightened 149.67546→149.67001 (cap at 0.48R, atr_ratio=0.99, progress=8%) (ticket=332)
15:38:20 INFO  Backtest: [STALE-SL] bar=5438 USDJPY short open 8.0h still losing (-0.11R) — SL tightened 149.67001→149.66250 (cap at 0.47R, atr_ratio=1.00, progress=17%) (ticket=332)
15:38:20 INFO  Backtest: [STALE-SL] bar=5439 USDJPY short open 9.0h still losing (-0.04R) — SL tightened 149.66250→149.65320 (cap at 0.45R, atr_ratio=1.00, progress=25%) (ticket=332)
15:38:20 INFO  Backtest: [STALE-SL] bar=5441 USDJPY short open 11.0h still losing (-0.23R) — SL tightened 149.65320→149.63461 (cap at 0.42R, atr_ratio=1.00, progress=42%) (ticket=332)
15:38:20 INFO  Backtest: [EXIT-SL] USDJPY SHORT entry=149.40219 exit=149.63461 pnl=-288.42 (-0.44R) bars_held=12 (ticket=332)
15:38:21 INFO  BacktestEngine: [2025-03-19 07:00] ENTRY USDJPY LONG @ 149.77460 SL=149.03700 TP=150.88100 (ticket=333)
15:38:22 INFO  Backtest: [EXIT-TIME-STOP] USDJPY LONG entry=149.77876 exit=149.77800 pnl=-9.46 (-0.01R) (ticket=333)
15:38:23 INFO  BacktestEngine: [2025-03-19 21:00] ENTRY USDJPY SHORT @ 148.83939 SL=149.57500 TP=147.73600 (ticket=334)
15:38:25 INFO  Backtest: [STALE-WIN] bar=5468 USDJPY short open 11.0h, profit stalling (now +0.35R, peak +0.77R) — SL→BE 149.57500→148.95392 (ticket=334)
15:38:25 INFO  Backtest: [EXIT-TIME-STOP] USDJPY SHORT entry=148.84431 exit=148.55900 pnl=+265.27 (+0.38R) (ticket=334)
15:38:25 INFO  BacktestEngine: [2025-03-20 14:00] ENTRY USDJPY SHORT @ 148.55713 SL=149.15900 TP=147.65400 (ticket=335)
15:38:26 INFO  Backtest: [STALE-SL] bar=5480 USDJPY short open 6.0h still losing (-0.38R) — SL tightened 149.15900→148.85696 (cap at 0.50R, atr_ratio=1.00, progress=0%) (ticket=335)
15:38:27 INFO  Backtest: [STALE-SL] bar=5481 USDJPY short open 7.0h still losing (-0.35R) — SL tightened 148.85696→148.84689 (cap at 0.48R, atr_ratio=1.00, progress=8%) (ticket=335)
15:38:27 INFO  Backtest: [STALE-SL] bar=5482 USDJPY short open 8.0h still losing (-0.33R) — SL tightened 148.84689→148.83683 (cap at 0.47R, atr_ratio=1.00, progress=17%) (ticket=335)
15:38:27 INFO  Backtest: [STALE-SL] bar=5483 USDJPY short open 9.0h still losing (-0.27R) — SL tightened 148.83683→148.82343 (cap at 0.44R, atr_ratio=0.99, progress=25%) (ticket=335)
15:38:27 INFO  Backtest: [STALE-SL] bar=5484 USDJPY short open 10.0h still losing (-0.11R) — SL tightened 148.82343→148.79840 (cap at 0.40R, atr_ratio=0.93, progress=33%) (ticket=335)
15:38:27 INFO  Backtest: [EXIT-SL] USDJPY SHORT entry=148.55493 exit=148.79840 pnl=-292.56 (-0.42R) bars_held=11 (ticket=335)
15:38:28 INFO  BacktestEngine: [2025-03-21 05:00] ENTRY USDJPY LONG @ 149.21084 SL=148.68500 TP=149.99900 (ticket=336)
15:38:28 INFO  Backtest: [EXIT-TIME-STOP] USDJPY LONG entry=149.20987 exit=149.48400 pnl=+400.06 (+0.51R) (ticket=336)
15:38:29 INFO  BacktestEngine: [2025-03-21 13:00] ENTRY USDJPY SHORT @ 148.88977 SL=149.45800 TP=148.03800 (ticket=337)
15:38:30 INFO  BacktestEngine: [2025-03-24 00:00] ENTRY USDJPY LONG @ 149.57974 SL=149.04300 TP=150.38500 (ticket=338)
15:38:31 INFO  Backtest: [EXIT-TIME-STOP] USDJPY LONG entry=149.57428 exit=149.80800 pnl=+351.73 (+0.42R) (ticket=338)
15:38:31 INFO  BacktestEngine: [2025-03-24 05:00] ENTRY USDJPY LONG @ 149.80950 SL=149.08400 TP=150.89800 (ticket=339)
15:38:32 INFO  Backtest: [EXIT-TIME-STOP] USDJPY LONG entry=149.81367 exit=149.62200 pnl=-230.41 (-0.27R) (ticket=339)
15:38:32 INFO  BacktestEngine: [2025-03-24 10:00] ENTRY USDJPY SHORT @ 149.62029 SL=150.12100 TP=148.86900 (ticket=340)
15:38:33 INFO  Backtest: [EXIT-SL] USDJPY SHORT entry=149.61373 exit=150.12100 pnl=-731.04 (-1.03R) bars_held=4 (ticket=340)
15:38:34 INFO  BacktestEngine: [2025-03-24 22:00] ENTRY USDJPY LONG @ 150.68350 SL=149.92600 TP=151.82000 (ticket=341)
15:38:34 INFO  Backtest: [EXIT-TIME-STOP] USDJPY LONG entry=150.61693 exit=150.66100 pnl=+39.72 (+0.05R) (ticket=341)
15:38:35 INFO  BacktestEngine: [2025-03-25 06:00] ENTRY USDJPY SHORT @ 150.54950 SL=151.00600 TP=149.73700 (ticket=342)
15:38:36 INFO  Backtest: [PARTIAL-TP1] bar=5544 USDJPY short closed 20% @ 149.95900 (+1R) SL: 151.00600→150.61717 (BE+15%R) rem_qty=1.36 rem_risk=$565.34 (ticket=342)
15:38:36 INFO  Backtest: [EXIT-TP] USDJPY SHORT entry=150.54855 exit=149.73700 pnl=+994.86 (+1.76R) bars_held=8 (ticket=342)
15:38:36 INFO  BacktestEngine: [2025-03-25 15:00] ENTRY USDJPY SHORT @ 149.77124 SL=150.26900 TP=149.02500 (ticket=343)
15:38:37 INFO  Backtest: [STALE-SL] bar=5552 USDJPY short open 6.0h still losing (-0.22R) — SL tightened 150.26900→150.00108 (cap at 0.46R, atr_ratio=0.92, progress=0%) (ticket=343)
15:38:37 INFO  Backtest: [STALE-SL] bar=5553 USDJPY short open 7.0h still losing (-0.16R) — SL tightened 150.00108→149.98787 (cap at 0.43R, atr_ratio=0.90, progress=8%) (ticket=343)
15:38:37 INFO  Backtest: [STALE-SL] bar=5554 USDJPY short open 8.0h still losing (-0.35R) — SL tightened 149.98787→149.97026 (cap at 0.40R, atr_ratio=0.85, progress=17%) (ticket=343)
15:38:37 INFO  Backtest: [EXIT-SL] USDJPY SHORT entry=149.77217 exit=149.97026 pnl=-295.87 (-0.41R) bars_held=9 (ticket=343)
15:38:45 INFO  BacktestEngine: [2025-03-28 02:00] ENTRY USDJPY SHORT @ 150.95223 SL=151.43100 TP=150.23300 (ticket=344)
15:38:46 INFO  Backtest: [PARTIAL-TP1] bar=5611 USDJPY short closed 20% @ 150.38800 (+1R) SL: 151.43100→151.02460 (BE+15%R) rem_qty=1.23 rem_risk=$537.27 (ticket=344)
15:38:47 INFO  Backtest: [EXIT-TP] USDJPY SHORT entry=150.95288 exit=150.23300 pnl=+798.45 (+1.49R) bars_held=13 (ticket=344)
15:38:47 INFO  BacktestEngine: [2025-03-28 16:00] ENTRY USDJPY SHORT @ 150.07856 SL=150.67800 TP=149.18000 (ticket=345)
15:38:47 INFO  BacktestEngine: [2025-03-31 00:00] ENTRY USDJPY SHORT @ 149.61550 SL=150.48700 TP=148.30900 (ticket=346)
15:38:49 INFO  Backtest: [STALE-WIN] bar=5637 USDJPY short open 11.0h, profit stalling (now +0.48R, peak +0.82R) — SL→BE 150.48700→149.73983 (ticket=346)
15:38:50 INFO  Backtest: [EXIT-SL] USDJPY SHORT entry=149.60797 exit=149.73983 pnl=-116.83 (-0.16R) bars_held=15 (ticket=346)
15:38:50 INFO  BacktestEngine: [2025-03-31 16:00] ENTRY USDJPY LONG @ 149.65677 SL=148.61600 TP=151.21700 (ticket=347)
15:38:50 INFO  Backtest: [EXIT-TIME-STOP] USDJPY LONG entry=149.65247 exit=150.11200 pnl=+370.06 (+0.43R) (ticket=347)
15:38:50 INFO  BacktestEngine: [2025-03-31 21:00] ENTRY USDJPY LONG @ 150.11350 SL=149.42800 TP=151.33200 (ticket=348)
  [USDJPY] 5120/5122 bars (100%)
  [USDJPY] 5122/5122 bars (100%)
15:38:51 INFO  BacktestEngine: Backtest done: 304 trades  equity 100000 → 106076 (+6.08%)
15:38:51 INFO  SymbolTuner:     ct=0.55  trades=304  Sharpe=0.779  return=+6.08%
/home/hkerroum/anaconda3/lib/python3.11/site-packages/yfinance/scrapers/history.py:204: Pandas4Warning: Timestamp.utcnow is deprecated and will be removed in a future version. Use Timestamp.now('UTC') instead.
  dt_now = pd.Timestamp.utcnow()
/home/hkerroum/anaconda3/lib/python3.11/site-packages/yfinance/scrapers/history.py:204: Pandas4Warning: Timestamp.utcnow is deprecated and will be removed in a future version. Use Timestamp.now('UTC') instead.
  dt_now = pd.Timestamp.utcnow()
/home/hkerroum/anaconda3/lib/python3.11/site-packages/yfinance/scrapers/history.py:204: Pandas4Warning: Timestamp.utcnow is deprecated and will be removed in a future version. Use Timestamp.now('UTC') instead.
  dt_now = pd.Timestamp.utcnow()
/home/hkerroum/anaconda3/lib/python3.11/site-packages/yfinance/scrapers/history.py:204: Pandas4Warning: Timestamp.utcnow is deprecated and will be removed in a future version. Use Timestamp.now('UTC') instead.
  dt_now = pd.Timestamp.utcnow()
15:38:51 INFO  BacktestEngine: Macro history pre-loaded: 231 days (2024-05-02 → 2025-04-03)
15:38:51 INFO  root: Registered agent: RegimeAgent
15:38:51 INFO  root: Registered agent: TrendAgent
15:38:51 INFO  root: Registered agent: MomentumAgent
15:38:51 INFO  root: Registered agent: MeanReversionAgent
15:38:51 INFO  root: Registered agent: VolatilityAgent
15:38:51 INFO  root: Registered agent: BreadthAgent
15:38:51 INFO  root: Registered agent: PatternAgent
15:38:51 INFO  root: Registered agent: IntermarketAgent
15:38:51 INFO  root: Registered agent: SessionBreakoutAgent
15:38:51 INFO  root: Registered agent: DivergenceAgent
15:38:51 INFO  root: Registered agent: ScalpingAgent
15:38:51 INFO  root: Registered agent: VwapScalpAgent
15:38:51 INFO  root: Registered agent: SqueezeBreakoutAgent
15:38:51 INFO  root: Registered agent: OrderFlowAgent
15:38:51 INFO  root: Registered agent: CorrelationAgent
15:38:51 INFO  BacktestEngine: [timing] mid_tf=1H  bar=3600s  signal=300s → agent_interval=1 bars  surv=60s → surv_interval=1 bars
15:39:02 INFO  BacktestEngine: [2024-06-10 00:00] ENTRY USDJPY LONG @ 156.74450 SL=155.81700 TP=158.13500 (ticket=1)
15:39:04 INFO  Backtest: [STALE-WIN] bar=661 USDJPY long open 12.0h, profit stalling (now +0.10R, peak +0.45R) — SL→BE 155.81700→156.60089 (ticket=1)
15:39:04 INFO  Backtest: [EXIT-TIME-STOP] USDJPY LONG entry=156.73923 exit=156.90500 pnl=+122.28 (+0.17R) (ticket=1)
15:39:04 INFO  BacktestEngine: [2024-06-10 21:00] ENTRY USDJPY LONG @ 157.08050 SL=156.69500 TP=157.65900 (ticket=2)
15:39:06 INFO  Backtest: [STALE-WIN] bar=683 USDJPY long open 13.0h, profit stalling (now +0.36R, peak +0.68R) — SL→BE 156.69500→157.02251 (ticket=2)
15:39:06 INFO  Backtest: [EXIT-TIME-STOP] USDJPY LONG entry=157.08031 exit=157.10000 pnl=+22.49 (+0.03R) (ticket=2)
15:39:06 INFO  BacktestEngine: [2024-06-11 17:00] ENTRY USDJPY LONG @ 157.32419 SL=156.85300 TP=158.03100 (ticket=3)
15:39:07 INFO  Backtest: [STALE-SL] bar=696 USDJPY long open 6.0h still losing (-0.43R) — SL tightened 156.85300→157.08756 (cap at 0.50R, atr_ratio=1.00, progress=0%) (ticket=3)
15:39:07 INFO  Backtest: [EXIT-SL] USDJPY LONG entry=157.32213 exit=157.08756 pnl=-429.88 (-0.51R) bars_held=7 (ticket=3)
15:39:07 INFO  BacktestEngine: [2024-06-12 01:00] ENTRY USDJPY LONG @ 157.14050 SL=156.80300 TP=157.64600 (ticket=4)
15:39:09 INFO  Backtest: [EXIT-SL] USDJPY LONG entry=157.14298 exit=156.80300 pnl=-816.26 (-1.03R) bars_held=13 (ticket=4)
15:39:09 INFO  BacktestEngine: [2024-06-12 22:00] ENTRY USDJPY LONG @ 156.83880 SL=156.23800 TP=157.74000 (ticket=5)
15:39:11 INFO  Backtest: [EXIT-TIME-STOP] USDJPY LONG entry=156.84097 exit=157.02500 pnl=+231.08 (+0.29R) (ticket=5)
15:39:11 INFO  BacktestEngine: [2024-06-13 16:00] ENTRY USDJPY LONG @ 157.18655 SL=156.68300 TP=157.94200 (ticket=6)
15:39:12 INFO  Backtest: [STALE-SL] bar=743 USDJPY long open 6.0h still losing (-0.34R) — SL tightened 156.68300→156.93668 (cap at 0.50R, atr_ratio=1.00, progress=0%) (ticket=6)
15:39:12 INFO  Backtest: [EXIT-SL] USDJPY LONG entry=157.19036 exit=156.93668 pnl=-411.48 (-0.52R) bars_held=7 (ticket=6)
15:39:13 INFO  BacktestEngine: [2024-06-14 03:00] ENTRY USDJPY LONG @ 157.20250 SL=156.77400 TP=157.84500 (ticket=7)
15:39:13 INFO  Backtest: [EXIT-TP] USDJPY LONG entry=157.20966 exit=157.84500 pnl=+1113.75 (+1.47R) bars_held=2 (ticket=7)
15:39:13 INFO  BacktestEngine: [2024-06-14 07:00] ENTRY USDJPY LONG @ 157.94450 SL=157.06300 TP=159.26600 (ticket=8)
15:39:14 INFO  Backtest: [EXIT-SL] USDJPY LONG entry=157.94252 exit=157.06300 pnl=-775.07 (-1.01R) bars_held=4 (ticket=8)
15:39:14 INFO  BacktestEngine: [2024-06-14 19:00] ENTRY USDJPY LONG @ 157.31550 SL=156.58000 TP=158.41800 (ticket=9)
15:39:15 INFO  BacktestEngine: [2024-06-17 00:00] ENTRY USDJPY LONG @ 157.34650 SL=156.75100 TP=158.23900 (ticket=10)
15:39:16 INFO  Backtest: [STALE-WIN] bar=777 USDJPY long open 8.0h, profit stalling (now +0.02R, peak +0.37R) — SL→BE 156.75100→157.24939 (ticket=10)
  [USDJPY] 256/5122 bars (5%)
15:39:17 INFO  Backtest: [EXIT-TIME-STOP] USDJPY LONG entry=157.33734 exit=157.85500 pnl=+649.70 (+0.86R) (ticket=10)
15:39:17 INFO  BacktestEngine: [2024-06-17 17:00] ENTRY USDJPY LONG @ 157.85650 SL=157.17200 TP=158.88300 (ticket=11)
15:39:18 INFO  Backtest: [STALE-SL] bar=792 USDJPY long open 6.0h still losing (-0.20R) — SL tightened 157.17200→157.59670 (cap at 0.38R, atr_ratio=0.76, progress=0%) (ticket=11)
15:39:18 INFO  Backtest: [STALE-SL] bar=793 USDJPY long open 7.0h still losing (-0.22R) — SL tightened 157.59670→157.62460 (cap at 0.34R, atr_ratio=0.71, progress=8%) (ticket=11)
15:39:18 INFO  Backtest: [STALE-SL] bar=794 USDJPY long open 8.0h still losing (-0.24R) — SL tightened 157.62460→157.64258 (cap at 0.32R, atr_ratio=0.68, progress=17%) (ticket=11)
15:39:18 INFO  Backtest: [EXIT-SL] USDJPY LONG entry=157.85933 exit=157.64258 pnl=-249.18 (-0.33R) bars_held=9 (ticket=11)
15:39:18 INFO  BacktestEngine: [2024-06-18 04:00] ENTRY USDJPY SHORT @ 157.58535 SL=157.80000 TP=157.26400 (ticket=12)
15:39:18 INFO  Backtest: [EXIT-SL] USDJPY SHORT entry=157.58373 exit=157.80000 pnl=-707.19 (-1.04R) bars_held=3 (ticket=12)
15:39:19 INFO  BacktestEngine: [2024-06-18 12:00] ENTRY USDJPY LONG @ 158.09991 SL=157.58100 TP=158.87900 (ticket=16)
15:39:20 INFO  Backtest: [STALE-SL] bar=811 USDJPY long open 6.0h still losing (-0.75R) — SL tightened 157.58100→157.84155 (cap at 0.50R, atr_ratio=1.00, progress=0%) (ticket=16)
15:39:20 INFO  Backtest: [EXIT-SL] USDJPY LONG entry=158.10209 exit=157.84155 pnl=-407.64 (-0.52R) bars_held=7 (ticket=16)
15:39:22 INFO  BacktestEngine: [2024-06-19 07:00] ENTRY USDJPY LONG @ 157.85250 SL=157.56300 TP=158.28700 (ticket=17)
15:39:24 INFO  Backtest: [EXIT-TIME-STOP] USDJPY LONG entry=157.85210 exit=157.99000 pnl=+337.69 (+0.45R) (ticket=17)
15:39:24 INFO  BacktestEngine: [2024-06-20 00:00] ENTRY USDJPY LONG @ 157.99261 SL=157.66200 TP=158.48900 (ticket=18)
15:39:26 INFO  Backtest: [PARTIAL-TP1] bar=851 USDJPY long closed 20% @ 158.43700 (+1R) SL: 157.66200→157.94825 (BE+15%R) rem_qty=2.21 rem_risk=$664.65 (ticket=18)
15:39:26 INFO  Backtest: [EXIT-TP] USDJPY LONG entry=157.99877 exit=158.48900 pnl=+969.56 (+1.46R) bars_held=14 (ticket=18)
15:39:26 INFO  BacktestEngine: [2024-06-20 15:00] ENTRY USDJPY LONG @ 158.54899 SL=158.12600 TP=159.18300 (ticket=19)
15:39:28 INFO  Backtest: [PARTIAL-TP1] bar=867 USDJPY long closed 20% @ 159.10500 (+1R) SL: 158.12600→158.48039 (BE+15%R) rem_qty=1.75 rem_risk=$674.07 (ticket=19)
15:39:28 INFO  Backtest: [EXIT-TIME-STOP] USDJPY LONG entry=158.54293 exit=158.94900 pnl=+635.14 (+0.94R) (ticket=19)
15:39:29 INFO  BacktestEngine: [2024-06-21 13:00] ENTRY USDJPY LONG @ 159.00450 SL=158.51900 TP=159.73300 (ticket=20)
15:39:30 INFO  Backtest: [PARTIAL-TP1] bar=881 USDJPY long closed 20% @ 159.57600 (+1R) SL: 158.51900→158.93208 (BE+15%R) rem_qty=1.59 rem_risk=$703.73 (ticket=20)
15:39:30 INFO  BacktestEngine: [2024-06-24 00:00] ENTRY USDJPY LONG @ 159.70550 SL=159.13300 TP=160.56400 (ticket=21)
15:39:31 INFO  Backtest: [STALE-WIN] bar=896 USDJPY long open 7.0h, profit stalling (now +0.02R, peak +0.34R) — SL→BE 159.13300→159.61922 (ticket=21)
15:39:31 INFO  Backtest: [EXIT-SL] USDJPY LONG entry=159.70503 exit=159.61922 pnl=-136.13 (-0.16R) bars_held=11 (ticket=21)
15:39:32 INFO  BacktestEngine: [2024-06-24 14:00] ENTRY USDJPY SHORT @ 159.46120 SL=159.97800 TP=158.65400 (ticket=22)
15:39:32 INFO  Backtest: [EXIT-TIME-STOP] USDJPY SHORT entry=159.46357 exit=159.73200 pnl=-376.91 (-0.53R) (ticket=22)
15:39:33 INFO  BacktestEngine: [2024-06-24 23:00] ENTRY USDJPY LONG @ 159.60550 SL=158.99300 TP=160.52400 (ticket=24)
15:39:33 INFO  Backtest: [EXIT-MID+SHORT_OPPOSITION] USDJPY LONG entry=159.58784 exit=159.32600 pnl=-365.46 (-0.44R) (ticket=24)
15:39:34 INFO  BacktestEngine: [2024-06-25 09:00] ENTRY USDJPY LONG @ 159.47150 SL=159.08000 TP=160.16700 (ticket=26)
15:39:35 INFO  Backtest: [STALE-WIN] bar=934 USDJPY long open 12.0h, profit stalling (now +0.34R, peak +0.65R) — SL→BE 159.08000→159.42228 (ticket=26)
15:39:36 INFO  Backtest: [EXIT-TIME-STOP] USDJPY LONG entry=159.48268 exit=159.70400 pnl=+464.62 (+0.55R) (ticket=26)
15:39:36 INFO  BacktestEngine: [2024-06-26 02:00] ENTRY USDJPY LONG @ 159.70550 SL=159.44000 TP=160.10400 (ticket=27)
15:39:37 INFO  Backtest: [PARTIAL-TP1] bar=948 USDJPY long closed 20% @ 159.98300 (+1R) SL: 159.44000→159.66876 (BE+15%R) rem_qty=2.80 rem_risk=$676.98 (ticket=27)
15:39:37 INFO  Backtest: [EXIT-TP] USDJPY LONG entry=159.70913 exit=160.10400 pnl=+986.53 (+1.46R) bars_held=10 (ticket=27)
15:39:37 INFO  BacktestEngine: [2024-06-26 14:00] ENTRY USDJPY LONG @ 160.30742 SL=159.82200 TP=161.03600 (ticket=28)
15:39:38 INFO  Backtest: [PARTIAL-TP1] bar=958 USDJPY long closed 20% @ 160.78800 (+1R) SL: 159.82200→160.23003 (BE+15%R) rem_qty=1.63 rem_risk=$721.23 (ticket=28)
15:39:39 INFO  Backtest: [EXIT-TIME-STOP] USDJPY LONG entry=160.30204 exit=160.33700 pnl=+40.50 (+0.06R) (ticket=28)
15:39:40 INFO  BacktestEngine: [2024-06-27 10:00] ENTRY USDJPY LONG @ 160.54979 SL=159.99900 TP=161.37600 (ticket=29)
15:39:42 INFO  Backtest: [EXIT-TIME-STOP] USDJPY LONG entry=160.55135 exit=161.12100 pnl=+915.37 (+1.02R) (ticket=29)
15:39:42 INFO  BacktestEngine: [2024-06-28 04:00] ENTRY USDJPY LONG @ 161.06321 SL=160.47700 TP=161.94200 (ticket=30)
15:39:43 INFO  Backtest: [STALE-SL] bar=995 USDJPY long open 6.0h still losing (-0.25R) — SL tightened 160.47700→160.76706 (cap at 0.50R, atr_ratio=1.00, progress=0%) (ticket=30)
15:39:43 INFO  Backtest: [EXIT-SL] USDJPY LONG entry=161.05712 exit=160.76706 pnl=-414.56 (-0.51R) bars_held=7 (ticket=30)
15:39:43 INFO  BacktestEngine: [2024-06-28 15:00] ENTRY USDJPY SHORT @ 160.50766 SL=160.94000 TP=159.85900 (ticket=31)
15:39:43 INFO  Backtest: [EXIT-SL] USDJPY SHORT entry=160.50615 exit=160.94000 pnl=-707.18 (-1.02R) bars_held=2 (ticket=31)
15:39:44 INFO  BacktestEngine: [2024-07-01 00:00] ENTRY USDJPY LONG @ 160.81850 SL=160.41000 TP=161.43200 (ticket=33)
15:39:45 INFO  Backtest: [STALE-WIN] bar=1017 USDJPY long open 8.0h, profit stalling (now +0.22R, peak +0.64R) — SL→BE 160.41000→160.75441 (ticket=33)
15:39:45 INFO  Backtest: [PARTIAL-TP1] bar=1023 USDJPY long closed 20% @ 161.35400 (+1R) SL: 160.75441→160.75441 (BE+15%R) rem_qty=1.97 rem_risk=$731.92 (ticket=33)
15:39:45 INFO  Backtest: [EXIT-TP] USDJPY LONG entry=160.81519 exit=161.43200 pnl=+1090.86 (+1.49R) bars_held=15 (ticket=33)
15:39:45 INFO  BacktestEngine: [2024-07-01 16:00] ENTRY USDJPY LONG @ 161.28661 SL=160.69300 TP=162.17700 (ticket=34)
15:39:45 INFO  Backtest: [PARTIAL-TP1] bar=1025 USDJPY long closed 20% @ 161.65600 (+1R) SL: 160.69300→161.02151 (BE+15%R) rem_qty=1.37 rem_risk=$738.82 (ticket=34)
  [USDJPY] 512/5122 bars (10%)
15:39:47 INFO  Backtest: [EXIT-TIME-STOP] USDJPY LONG entry=161.07949 exit=161.67400 pnl=+730.52 (+0.99R) (ticket=34)
15:39:47 INFO  BacktestEngine: [2024-07-02 09:00] ENTRY USDJPY LONG @ 161.67573 SL=161.30400 TP=162.23300 (ticket=35)
15:39:48 INFO  Backtest: [STALE-SL] bar=1048 USDJPY long open 6.0h still losing (-0.31R) — SL tightened 161.30400→161.49384 (cap at 0.49R, atr_ratio=0.98, progress=0%) (ticket=35)
15:39:48 INFO  Backtest: [STALE-SL] bar=1050 USDJPY long open 8.0h still losing (-0.08R) — SL tightened 161.49670→161.50324 (cap at 0.47R, atr_ratio=1.00, progress=17%) (ticket=35)
15:39:49 INFO  Backtest: [STALE-SL] bar=1051 USDJPY long open 9.0h still losing (-0.12R) — SL tightened 161.50324→161.52278 (cap at 0.41R, atr_ratio=0.92, progress=25%) (ticket=35)
15:39:50 INFO  Backtest: [EXIT-TIME-STOP] USDJPY LONG entry=161.67696 exit=161.93900 pnl=+599.47 (+0.68R) (ticket=35)
15:39:50 INFO  BacktestEngine: [2024-07-03 13:00] ENTRY USDJPY LONG @ 161.94050 SL=161.47200 TP=162.64300 (ticket=36)
15:39:50 INFO  Backtest: [EXIT-SL] USDJPY LONG entry=161.93788 exit=161.47200 pnl=-848.97 (-1.01R) bars_held=3 (ticket=36)
15:39:51 INFO  BacktestEngine: [2024-07-03 21:00] ENTRY USDJPY LONG @ 161.66379 SL=161.23700 TP=162.42300 (ticket=37)
15:39:51 INFO  Backtest: [EXIT-SL] USDJPY LONG entry=161.65831 exit=161.23700 pnl=-839.34 (-1.00R) bars_held=6 (ticket=37)
15:39:53 INFO  BacktestEngine: [2024-07-04 10:00] ENTRY USDJPY SHORT @ 161.28007 SL=161.76900 TP=160.54700 (ticket=39)
15:39:53 INFO  Backtest: [EXIT-TIME-STOP] USDJPY SHORT entry=161.27618 exit=161.13700 pnl=+193.84 (+0.27R) (ticket=39)
15:39:54 INFO  BacktestEngine: [2024-07-04 21:00] ENTRY USDJPY LONG @ 161.24550 SL=160.92400 TP=161.81700 (ticket=40)
15:39:55 INFO  Backtest: [EXIT-SL] USDJPY LONG entry=161.24777 exit=160.92400 pnl=-874.72 (-1.03R) bars_held=5 (ticket=40)
15:39:56 INFO  BacktestEngine: [2024-07-05 14:00] ENTRY USDJPY LONG @ 160.81950 SL=160.41700 TP=161.53600 (ticket=41)
15:39:56 INFO  Backtest: [EXIT-SL] USDJPY LONG entry=160.82124 exit=160.41700 pnl=-847.19 (-1.02R) bars_held=0 (ticket=41)
15:39:57 INFO  BacktestEngine: [2024-07-05 19:00] ENTRY USDJPY LONG @ 160.88950 SL=160.28700 TP=161.96100 (ticket=45)
15:39:57 INFO  BacktestEngine: [2024-07-08 00:00] ENTRY USDJPY LONG @ 160.78050 SL=160.28800 TP=161.65600 (ticket=46)
15:39:58 INFO  Backtest: [EXIT-SL] USDJPY LONG entry=160.71803 exit=160.28800 pnl=-728.94 (-0.89R) bars_held=4 (ticket=46)
15:39:58 INFO  BacktestEngine: [2024-07-08 09:00] ENTRY USDJPY LONG @ 160.83696 SL=160.35500 TP=161.69400 (ticket=50)
15:39:59 INFO  Backtest: [STALE-SL] bar=1133 USDJPY long open 6.0h still losing (-0.37R) — SL tightened 160.35500→160.59481 (cap at 0.50R, atr_ratio=1.00, progress=0%) (ticket=50)
15:39:59 INFO  Backtest: [EXIT-SL] USDJPY LONG entry=160.83461 exit=160.59481 pnl=-416.66 (-0.51R) bars_held=7 (ticket=50)
15:40:00 INFO  BacktestEngine: [2024-07-08 23:00] ENTRY USDJPY LONG @ 160.81650 SL=160.44300 TP=161.37600 (ticket=51)
15:40:01 INFO  Backtest: [STALE-WIN] bar=1149 USDJPY long open 8.0h, profit stalling (now +0.34R, peak +0.78R) — SL→BE 160.44300→160.73543 (ticket=51)
15:40:03 INFO  Backtest: [EXIT-TIME-STOP] USDJPY LONG entry=160.78704 exit=161.01400 pnl=+474.89 (+0.59R) (ticket=51)
15:40:03 INFO  BacktestEngine: [2024-07-09 18:00] ENTRY USDJPY LONG @ 161.39977 SL=160.77800 TP=162.33300 (ticket=52)
15:40:04 INFO  Backtest: [STALE-SL] bar=1166 USDJPY long open 6.0h still losing (-0.12R) — SL tightened 160.77800→161.15114 (cap at 0.40R, atr_ratio=0.80, progress=0%) (ticket=52)
15:40:04 INFO  Backtest: [STALE-SL] bar=1167 USDJPY long open 7.0h still losing (-0.12R) — SL tightened 161.15114→161.17438 (cap at 0.36R, atr_ratio=0.75, progress=8%) (ticket=52)
15:40:05 INFO  Backtest: [STALE-SL] bar=1174 USDJPY long open 14.0h still losing (-0.06R) — SL tightened 161.17438→161.28019 (cap at 0.19R, atr_ratio=0.53, progress=67%) (ticket=52)
15:40:05 INFO  Backtest: [EXIT-TIME-STOP] USDJPY LONG entry=161.40080 exit=161.51300 pnl=+136.94 (+0.17R) (ticket=52)
15:40:05 INFO  BacktestEngine: [2024-07-10 12:00] ENTRY USDJPY LONG @ 161.58850 SL=161.14200 TP=162.25800 (ticket=53)
15:40:07 INFO  Backtest: [STALE-SL] bar=1189 USDJPY long open 11.0h still losing (-0.03R) — SL tightened 161.14200→161.40236 (cap at 0.41R, atr_ratio=0.99, progress=42%) (ticket=53)
15:40:07 INFO  Backtest: [STALE-WIN] bar=1190 USDJPY long open 12.0h, profit stalling (now +0.02R, peak +0.43R) — SL→BE 161.40236→161.51817 (ticket=53)
15:40:07 INFO  Backtest: [EXIT-SL] USDJPY LONG entry=161.58455 exit=161.51817 pnl=-138.19 (-0.17R) bars_held=14 (ticket=53)
15:40:08 INFO  BacktestEngine: [2024-07-11 17:00] ENTRY USDJPY SHORT @ 158.55345 SL=160.01000 TP=156.36800 (ticket=54)
15:40:09 INFO  Backtest: [EXIT-TIME-STOP] USDJPY SHORT entry=158.54585 exit=158.82100 pnl=-144.14 (-0.19R) (ticket=54)
15:40:10 INFO  BacktestEngine: [2024-07-12 03:00] ENTRY USDJPY LONG @ 159.07978 SL=157.39500 TP=161.60800 (ticket=56)
15:40:11 INFO  Backtest: [STALE-SL] bar=1227 USDJPY long open 10.0h still losing (-0.06R) — SL tightened 157.39500→158.62146 (cap at 0.27R, atr_ratio=0.62, progress=33%) (ticket=56)
15:40:11 INFO  Backtest: [EXIT-SL] USDJPY LONG entry=159.07529 exit=158.62146 pnl=-239.39 (-0.27R) bars_held=11 (ticket=56)
15:40:11 INFO  BacktestEngine: [2024-07-12 19:00] ENTRY USDJPY SHORT @ 157.87150 SL=159.50600 TP=155.42000 (ticket=59)
15:40:12 INFO  BacktestEngine: [2024-07-15 01:00] ENTRY USDJPY LONG @ 158.34362 SL=157.48900 TP=159.86300 (ticket=60)
15:40:13 INFO  Backtest: [STALE-SL] bar=1245 USDJPY long open 6.0h still losing (-0.45R) — SL tightened 157.48900→158.09044 (cap at 0.29R, atr_ratio=0.58, progress=0%) (ticket=60)
15:40:13 INFO  Backtest: [EXIT-SL] USDJPY LONG entry=158.33834 exit=158.09044 pnl=-253.52 (-0.30R) bars_held=7 (ticket=60)
15:40:13 INFO  BacktestEngine: [2024-07-15 14:00] ENTRY USDJPY LONG @ 158.11373 SL=157.47200 TP=159.07700 (ticket=62)
15:40:14 INFO  Backtest: [EXIT-SL] USDJPY LONG entry=158.11639 exit=157.47200 pnl=-854.49 (-1.02R) bars_held=4 (ticket=62)
15:40:15 INFO  BacktestEngine: [2024-07-16 07:00] ENTRY USDJPY LONG @ 158.63650 SL=157.82800 TP=159.85000 (ticket=63)
15:40:16 INFO  Backtest: [STALE-SL] bar=1275 USDJPY long open 6.0h still losing (-0.37R) — SL tightened 157.82800→158.31851 (cap at 0.40R, atr_ratio=0.79, progress=0%) (ticket=63)
15:40:16 INFO  Backtest: [EXIT-SL] USDJPY LONG entry=158.63878 exit=158.31851 pnl=-343.20 (-0.41R) bars_held=7 (ticket=63)
15:40:18 INFO  BacktestEngine: [2024-07-17 08:00] ENTRY USDJPY SHORT @ 157.88694 SL=158.30000 TP=157.26800 (ticket=64)
  [USDJPY] 768/5122 bars (15%)
15:40:18 INFO  Backtest: [EXIT-TP] USDJPY SHORT entry=157.88492 exit=157.26800 pnl=+1025.64 (+1.48R) bars_held=1 (ticket=64)
15:40:18 INFO  BacktestEngine: [2024-07-17 12:00] ENTRY USDJPY SHORT @ 156.41344 SL=157.49700 TP=154.78900 (ticket=65)
15:40:19 INFO  Backtest: [EXIT-TIME-STOP] USDJPY SHORT entry=156.41430 exit=156.49900 pnl=-59.69 (-0.09R) (ticket=65)
15:40:19 INFO  BacktestEngine: [2024-07-17 20:00] ENTRY USDJPY SHORT @ 156.46250 SL=157.61400 TP=154.73500 (ticket=66)
15:40:20 INFO  Backtest: [EXIT-TIME-STOP] USDJPY SHORT entry=156.46379 exit=156.16800 pnl=+175.65 (+0.25R) (ticket=66)
15:40:20 INFO  BacktestEngine: [2024-07-18 02:00] ENTRY USDJPY SHORT @ 155.67612 SL=156.84700 TP=153.92000 (ticket=67)
15:40:21 INFO  Backtest: [EXIT-TIME-STOP] USDJPY SHORT entry=155.67336 exit=156.34100 pnl=-393.31 (-0.58R) (ticket=67)
15:40:21 INFO  BacktestEngine: [2024-07-18 07:00] ENTRY USDJPY LONG @ 156.34254 SL=155.57500 TP=157.70700 (ticket=68)
15:40:23 INFO  Backtest: [PARTIAL-TP1] bar=1328 USDJPY long closed 20% @ 157.14500 (+1R) SL: 155.57500→156.22743 (BE+15%R) rem_qty=0.92 rem_risk=$642.49 (ticket=68)
15:40:23 INFO  Backtest: [EXIT-TIME-STOP] USDJPY LONG entry=156.34257 exit=157.35800 pnl=+843.68 (+1.31R) (ticket=68)
15:40:23 INFO  BacktestEngine: [2024-07-19 00:00] ENTRY USDJPY LONG @ 157.35950 SL=156.78600 TP=158.22000 (ticket=69)
15:40:24 INFO  Backtest: [STALE-SL] bar=1342 USDJPY long open 8.0h still losing (-0.14R) — SL tightened 156.78600→157.12863 (cap at 0.39R, atr_ratio=0.84, progress=17%) (ticket=69)
15:40:24 INFO  Backtest: [EXIT-SL] USDJPY LONG entry=157.34965 exit=157.12863 pnl=-318.43 (-0.40R) bars_held=9 (ticket=69)
15:40:25 INFO  BacktestEngine: [2024-07-19 10:00] ENTRY USDJPY LONG @ 157.32217 SL=156.65800 TP=158.31800 (ticket=70)
15:40:25 INFO  Backtest: [STALE-WIN] bar=1350 USDJPY long open 6.0h, profit stalling (now +0.03R, peak +0.53R) — SL→BE 156.65800→157.22023 (ticket=70)
15:40:27 INFO  BacktestEngine: [2024-07-22 11:00] ENTRY USDJPY SHORT @ 156.79524 SL=157.59300 TP=155.59900 (ticket=71)
15:40:28 INFO  Backtest: [EXIT-TIME-STOP] USDJPY SHORT entry=156.79815 exit=156.86500 pnl=-55.62 (-0.09R) (ticket=71)
15:40:29 INFO  BacktestEngine: [2024-07-22 18:00] ENTRY USDJPY LONG @ 157.08850 SL=156.48200 TP=157.99800 (ticket=72)
15:40:30 INFO  Backtest: [STALE-SL] bar=1382 USDJPY long open 6.0h still losing (-0.08R) — SL tightened 156.48200→156.87881 (cap at 0.34R, atr_ratio=0.69, progress=0%) (ticket=72)
15:40:30 INFO  Backtest: [STALE-SL] bar=1383 USDJPY long open 7.0h still losing (-0.30R) — SL tightened 156.87881→156.89557 (cap at 0.31R, atr_ratio=0.65, progress=8%) (ticket=72)
15:40:30 INFO  Backtest: [EXIT-SL] USDJPY LONG entry=157.08559 exit=156.89557 pnl=-228.50 (-0.33R) bars_held=8 (ticket=72)
15:40:31 INFO  BacktestEngine: [2024-07-23 07:00] ENTRY USDJPY SHORT @ 156.30650 SL=157.12900 TP=155.07200 (ticket=74)
15:40:31 INFO  Backtest: [EXIT-TIME-STOP] USDJPY SHORT entry=156.30621 exit=155.94300 pnl=+265.29 (+0.43R) (ticket=74)
15:40:31 INFO  BacktestEngine: [2024-07-23 12:00] ENTRY USDJPY SHORT @ 155.94150 SL=156.90900 TP=154.49000 (ticket=75)
15:40:32 INFO  Backtest: [EXIT-TIME-STOP] USDJPY SHORT entry=155.95114 exit=155.97900 pnl=-22.64 (-0.04R) (ticket=75)
15:40:33 INFO  BacktestEngine: [2024-07-23 22:00] ENTRY USDJPY SHORT @ 155.63650 SL=156.46900 TP=154.38800 (ticket=76)
15:40:33 INFO  Backtest: [EXIT-TIME-STOP] USDJPY SHORT entry=155.63533 exit=155.82600 pnl=-146.21 (-0.24R) (ticket=76)
15:40:34 INFO  BacktestEngine: [2024-07-24 07:00] ENTRY USDJPY SHORT @ 154.60548 SL=155.53500 TP=153.21100 (ticket=80)
15:40:34 INFO  Backtest: [EXIT-TIME-STOP] USDJPY SHORT entry=154.60582 exit=154.77500 pnl=-140.03 (-0.19R) (ticket=80)
15:40:35 INFO  BacktestEngine: [2024-07-24 16:00] ENTRY USDJPY SHORT @ 153.43363 SL=154.73300 TP=151.48400 (ticket=83)
15:40:36 INFO  Backtest: [EXIT-TIME-STOP] USDJPY SHORT entry=153.45010 exit=154.00100 pnl=-315.16 (-0.43R) (ticket=83)
15:40:37 INFO  BacktestEngine: [2024-07-25 04:00] ENTRY USDJPY SHORT @ 152.85243 SL=154.19800 TP=150.83400 (ticket=84)
15:40:37 INFO  Backtest: [EXIT-TIME-STOP] USDJPY SHORT entry=152.86008 exit=152.84900 pnl=+1.69 (+0.00R) (ticket=84)
15:40:38 INFO  BacktestEngine: [2024-07-25 12:00] ENTRY USDJPY SHORT @ 152.30647 SL=153.91700 TP=149.89000 (ticket=85)
15:40:38 INFO  Backtest: [EXIT-SL] USDJPY SHORT entry=152.30800 exit=153.91700 pnl=-676.75 (-1.00R) bars_held=3 (ticket=85)
15:40:39 INFO  BacktestEngine: [2024-07-25 16:00] ENTRY USDJPY LONG @ 153.65299 SL=152.46900 TP=155.75900 (ticket=86)
15:40:40 INFO  Backtest: [STALE-SL] bar=1457 USDJPY long open 11.0h still losing (-0.06R) — SL tightened 152.46900→153.28498 (cap at 0.31R, atr_ratio=0.75, progress=42%) (ticket=86)
15:40:40 INFO  Backtest: [STALE-WIN] bar=1460 USDJPY long open 14.0h, profit stalling (now +0.02R, peak +0.32R) — SL→BE 153.28498→153.47618 (ticket=86)
15:40:41 INFO  Backtest: [EXIT-TIME-STOP] USDJPY LONG entry=153.65391 exit=153.63600 pnl=-17.01 (-0.02R) (ticket=86)
  [USDJPY] 1024/5122 bars (20%)
15:41:10 INFO  BacktestEngine: [2024-08-09 06:00] ENTRY USDJPY LONG @ 147.22178 SL=146.23500 TP=148.97600 (ticket=87)
15:41:11 INFO  Backtest: [STALE-SL] bar=1706 USDJPY long open 6.0h still losing (-0.08R) — SL tightened 146.23500→146.72757 (cap at 0.50R, atr_ratio=1.00, progress=0%) (ticket=87)
15:41:11 INFO  Backtest: [STALE-SL] bar=1707 USDJPY long open 7.0h still losing (-0.21R) — SL tightened 146.72757→146.74399 (cap at 0.48R, atr_ratio=1.00, progress=8%) (ticket=87)
15:41:11 INFO  Backtest: [EXIT-SL] USDJPY LONG entry=147.22014 exit=146.74399 pnl=-405.07 (-0.49R) bars_held=8 (ticket=87)
  [USDJPY] 1280/5122 bars (25%)
15:41:26 INFO  BacktestEngine: [2024-08-19 07:00] ENTRY USDJPY SHORT @ 146.18355 SL=147.47600 TP=144.24400 (ticket=88)
15:41:27 INFO  Backtest: [STALE-WIN] bar=1851 USDJPY short open 6.0h, profit stalling (now +0.11R, peak +0.59R) — SL→BE 147.47600→146.37843 (ticket=88)
15:41:27 INFO  Backtest: [EXIT-SL] USDJPY SHORT entry=146.18474 exit=146.37843 pnl=-102.62 (-0.16R) bars_held=8 (ticket=88)
15:41:31 INFO  BacktestEngine: [2024-08-20 13:00] ENTRY USDJPY SHORT @ 146.44550 SL=147.28400 TP=145.18800 (ticket=89)
15:41:31 INFO  Backtest: [PARTIAL-TP1] bar=1878 USDJPY short closed 20% @ 145.59800 (+1R) SL: 147.28400→146.57109 (BE+15%R) rem_qty=0.67 rem_risk=$512.59 (ticket=89)
15:41:32 INFO  Backtest: [EXIT-TP] USDJPY SHORT entry=146.44528 exit=145.18800 pnl=+764.15 (+1.49R) bars_held=10 (ticket=89)
15:41:32 INFO  BacktestEngine: [2024-08-21 00:00] ENTRY USDJPY SHORT @ 145.14150 SL=146.20600 TP=143.54400 (ticket=90)
15:41:33 INFO  Backtest: [STALE-SL] bar=1892 USDJPY short open 6.0h still losing (-0.51R) — SL tightened 146.20600→145.66213 (cap at 0.50R, atr_ratio=1.00, progress=0%) (ticket=90)
15:41:33 INFO  Backtest: [EXIT-SL] USDJPY SHORT entry=145.11825 exit=145.66213 pnl=-336.29 (-0.52R) bars_held=7 (ticket=90)
15:41:35 INFO  BacktestEngine: [2024-08-21 16:00] ENTRY USDJPY SHORT @ 145.73350 SL=146.41700 TP=144.70800 (ticket=91)
15:41:35 INFO  Backtest: [EXIT-SL] USDJPY SHORT entry=145.73591 exit=146.41700 pnl=-645.59 (-1.01R) bars_held=0 (ticket=91)
15:41:36 INFO  BacktestEngine: [2024-08-22 00:00] ENTRY USDJPY SHORT @ 145.17450 SL=146.31800 TP=143.45900 (ticket=95)
15:41:37 INFO  Backtest: [STALE-SL] bar=1917 USDJPY short open 7.0h still losing (-0.11R) — SL tightened 146.31800→145.65922 (cap at 0.44R, atr_ratio=0.91, progress=8%) (ticket=95)
15:41:37 INFO  Backtest: [STALE-SL] bar=1918 USDJPY short open 8.0h still losing (-0.20R) — SL tightened 145.65922→145.60952 (cap at 0.40R, atr_ratio=0.85, progress=17%) (ticket=95)
15:41:37 INFO  Backtest: [STALE-SL] bar=1919 USDJPY short open 9.0h still losing (-0.08R) — SL tightened 145.60952→145.59740 (cap at 0.39R, atr_ratio=0.86, progress=25%) (ticket=95)
15:41:37 INFO  Backtest: [EXIT-SL] USDJPY SHORT entry=145.14535 exit=145.59740 pnl=-297.04 (-0.40R) bars_held=10 (ticket=95)
15:41:38 INFO  BacktestEngine: [2024-08-22 16:00] ENTRY USDJPY LONG @ 146.28188 SL=145.42200 TP=147.57200 (ticket=96)
15:41:39 INFO  Backtest: [EXIT-TIME-STOP] USDJPY LONG entry=146.27668 exit=146.21800 pnl=-66.44 (-0.08R) (ticket=96)
15:41:40 INFO  BacktestEngine: [2024-08-23 02:00] ENTRY USDJPY SHORT @ 146.21050 SL=146.85800 TP=145.23900 (ticket=98)
15:41:40 INFO  Backtest: [PARTIAL-TP1] bar=1937 USDJPY short closed 20% @ 145.48300 (+1R) SL: 146.85800→146.30572 (BE+15%R) rem_qty=0.94 rem_risk=$551.45 (ticket=98)
15:41:41 INFO  Backtest: [EXIT-SL] USDJPY SHORT entry=146.20826 exit=146.30572 pnl=-89.56 (-0.16R) bars_held=13 (ticket=98)
15:41:42 INFO  BacktestEngine: [2024-08-26 00:00] ENTRY USDJPY SHORT @ 144.02750 SL=145.31200 TP=142.10100 (ticket=101)
15:41:43 INFO  Backtest: [STALE-SL] bar=1965 USDJPY short open 7.0h still losing (-0.01R) — SL tightened 145.31200→144.65599 (cap at 0.48R, atr_ratio=1.00, progress=8%) (ticket=101)
15:41:44 INFO  Backtest: [STALE-SL] bar=1971 USDJPY short open 13.0h still losing (-0.07R) — SL tightened 144.65599→144.48811 (cap at 0.35R, atr_ratio=0.92, progress=58%) (ticket=101)
15:41:44 INFO  Backtest: [STALE-SL] bar=1973 USDJPY short open 15.0h still losing (-0.29R) — SL tightened 144.48811→144.44366 (cap at 0.32R, atr_ratio=0.90, progress=75%) (ticket=101)
15:41:44 INFO  Backtest: [EXIT-SL] USDJPY SHORT entry=144.04231 exit=144.44366 pnl=-219.62 (-0.32R) bars_held=16 (ticket=101)
15:41:47 INFO  BacktestEngine: [2024-08-27 13:00] ENTRY USDJPY SHORT @ 144.77750 SL=145.70900 TP=143.38000 (ticket=102)
15:41:49 INFO  Backtest: [STALE-WIN] bar=2009 USDJPY short open 14.0h, profit stalling (now +0.45R, peak +0.98R) — SL→BE 145.70900→144.91651 (ticket=102)
15:41:49 INFO  Backtest: [EXIT-TIME-STOP] USDJPY SHORT entry=144.77665 exit=144.41200 pnl=+256.62 (+0.38R) (ticket=102)
15:41:52 INFO  BacktestEngine: [2024-08-29 00:00] ENTRY USDJPY SHORT @ 144.43450 SL=145.00900 TP=143.57300 (ticket=103)
15:41:53 INFO  Backtest: [STALE-SL] bar=2036 USDJPY short open 6.0h still losing (-0.41R) — SL tightened 145.00900→144.69907 (cap at 0.45R, atr_ratio=0.91, progress=0%) (ticket=103)
15:41:53 INFO  Backtest: [EXIT-SL] USDJPY SHORT entry=144.44235 exit=144.69907 pnl=-303.18 (-0.46R) bars_held=7 (ticket=103)
15:41:53 INFO  BacktestEngine: [2024-08-29 09:00] ENTRY USDJPY SHORT @ 144.58050 SL=145.14300 TP=143.73700 (ticket=104)
15:41:54 INFO  Backtest: [EXIT-SL] USDJPY SHORT entry=144.54899 exit=145.14300 pnl=-700.86 (-1.07R) bars_held=5 (ticket=104)
15:41:54 INFO  BacktestEngine: [2024-08-29 20:00] ENTRY USDJPY SHORT @ 144.85250 SL=145.49400 TP=143.89000 (ticket=105)
15:41:56 INFO  Backtest: [STALE-SL] bar=2061 USDJPY short open 11.0h still losing (-0.01R) — SL tightened 145.49400→145.00840 (cap at 0.25R, atr_ratio=0.59, progress=42%) (ticket=105)
15:41:56 INFO  Backtest: [EXIT-SL] USDJPY SHORT entry=144.84999 exit=145.00840 pnl=-167.78 (-0.26R) bars_held=12 (ticket=105)
  [USDJPY] 1536/5122 bars (30%)
15:41:57 INFO  BacktestEngine: [2024-08-30 13:00] ENTRY USDJPY LONG @ 145.30068 SL=144.67600 TP=146.23700 (ticket=107)
15:41:57 INFO  Backtest: [EXIT-TIME-STOP] USDJPY LONG entry=145.30116 exit=145.95400 pnl=+827.78 (+1.03R) (ticket=107)
15:41:58 INFO  BacktestEngine: [2024-08-30 18:00] ENTRY USDJPY LONG @ 145.95681 SL=145.06600 TP=147.29200 (ticket=108)
15:42:03 INFO  BacktestEngine: [2024-09-04 06:00] ENTRY USDJPY SHORT @ 145.31050 SL=146.32400 TP=143.79100 (ticket=109)
15:42:05 INFO  Backtest: [PARTIAL-TP1] bar=2142 USDJPY short closed 20% @ 144.11800 (+1R) SL: 146.32400→145.46227 (BE+15%R) rem_qty=0.57 rem_risk=$523.61 (ticket=109)
15:42:05 INFO  Backtest: [EXIT-TP] USDJPY SHORT entry=145.31020 exit=143.79100 pnl=+781.27 (+1.49R) bars_held=16 (ticket=109)
15:42:06 INFO  BacktestEngine: [2024-09-05 00:00] ENTRY USDJPY SHORT @ 143.63550 SL=144.65300 TP=142.10900 (ticket=110)
15:42:07 INFO  Backtest: [STALE-WIN] bar=2159 USDJPY short open 9.0h, profit stalling (now +0.03R, peak +0.40R) — SL→BE 144.65300→143.78938 (ticket=110)
15:42:08 INFO  Backtest: [EXIT-SL] USDJPY SHORT entry=143.63697 exit=143.78938 pnl=-99.07 (-0.16R) bars_held=16 (ticket=110)
15:42:08 INFO  BacktestEngine: [2024-09-05 20:00] ENTRY USDJPY SHORT @ 143.34650 SL=144.16600 TP=142.11700 (ticket=111)
15:42:10 INFO  Backtest: [PARTIAL-TP1] bar=2182 USDJPY short closed 20% @ 142.39000 (+1R) SL: 144.16600→143.46056 (BE+15%R) rem_qty=0.68 rem_risk=$507.32 (ticket=111)
15:42:10 INFO  Backtest: [EXIT-TP] USDJPY SHORT entry=143.33607 exit=142.11700 pnl=+749.60 (+1.48R) bars_held=13 (ticket=111)
15:42:11 INFO  BacktestEngine: [2024-09-06 10:00] ENTRY USDJPY SHORT @ 142.51589 SL=143.59200 TP=140.90200 (ticket=112)
15:42:11 INFO  Backtest: [EXIT-SL] USDJPY SHORT entry=142.52244 exit=143.59200 pnl=-676.41 (-1.00R) bars_held=4 (ticket=112)
15:42:12 INFO  BacktestEngine: [2024-09-06 17:00] ENTRY USDJPY SHORT @ 142.43380 SL=144.03600 TP=140.03000 (ticket=113)
15:42:12 INFO  BacktestEngine: [2024-09-09 00:00] ENTRY USDJPY SHORT @ 142.11350 SL=143.75900 TP=139.64600 (ticket=114)
15:42:13 INFO  Backtest: [STALE-SL] bar=2204 USDJPY short open 6.0h still losing (-0.52R) — SL tightened 143.75900→142.73286 (cap at 0.38R, atr_ratio=0.75, progress=0%) (ticket=114)
15:42:13 INFO  Backtest: [EXIT-SL] USDJPY SHORT entry=142.11409 exit=142.73286 pnl=-256.54 (-0.38R) bars_held=7 (ticket=114)
15:42:13 INFO  BacktestEngine: [2024-09-09 09:00] ENTRY USDJPY LONG @ 143.00150 SL=142.10400 TP=144.34800 (ticket=115)
15:42:14 INFO  Backtest: [EXIT-TIME-STOP] USDJPY LONG entry=143.01422 exit=143.60800 pnl=+517.34 (+0.65R) (ticket=115)
15:42:14 INFO  BacktestEngine: [2024-09-09 14:00] ENTRY USDJPY LONG @ 143.60950 SL=142.77500 TP=145.09300 (ticket=116)
15:42:14 INFO  Backtest: [EXIT-SL] USDJPY LONG entry=143.59948 exit=142.77500 pnl=-795.14 (-1.00R) bars_held=1 (ticket=116)
15:42:14 INFO  BacktestEngine: [2024-09-09 17:00] ENTRY USDJPY SHORT @ 142.73850 SL=144.00200 TP=140.84300 (ticket=117)
15:42:15 INFO  Backtest: [STALE-SL] bar=2221 USDJPY short open 6.0h still losing (-0.31R) — SL tightened 144.00200→143.27505 (cap at 0.43R, atr_ratio=0.86, progress=0%) (ticket=117)
15:42:15 INFO  Backtest: [STALE-SL] bar=2222 USDJPY short open 7.0h still losing (-0.25R) — SL tightened 143.27505→143.22430 (cap at 0.39R, atr_ratio=0.80, progress=8%) (ticket=117)
15:42:15 INFO  Backtest: [EXIT-SL] USDJPY SHORT entry=142.72980 exit=143.22430 pnl=-265.06 (-0.40R) bars_held=8 (ticket=117)
15:42:16 INFO  BacktestEngine: [2024-09-10 13:00] ENTRY USDJPY SHORT @ 143.03747 SL=143.67800 TP=142.07700 (ticket=118)
15:42:17 INFO  Backtest: [PARTIAL-TP1] bar=2239 USDJPY short closed 20% @ 142.28700 (+1R) SL: 143.67800→143.13435 (BE+15%R) rem_qty=0.89 rem_risk=$517.21 (ticket=118)
15:42:18 INFO  Backtest: [EXIT-TP] USDJPY SHORT entry=143.03842 exit=142.07700 pnl=+770.69 (+1.49R) bars_held=13 (ticket=118)
15:42:18 INFO  BacktestEngine: [2024-09-11 03:00] ENTRY USDJPY SHORT @ 142.28647 SL=143.20300 TP=140.91200 (ticket=119)
15:42:19 INFO  Backtest: [EXIT-TP] USDJPY SHORT entry=142.28186 exit=140.91200 pnl=+1028.84 (+1.49R) bars_held=3 (ticket=119)
15:42:19 INFO  BacktestEngine: [2024-09-11 07:00] ENTRY USDJPY SHORT @ 141.08581 SL=142.31400 TP=139.24300 (ticket=120)
15:42:20 INFO  Backtest: [STALE-SL] bar=2259 USDJPY short open 6.0h still losing (-0.49R) — SL tightened 142.31400→141.69732 (cap at 0.50R, atr_ratio=1.00, progress=0%) (ticket=120)
15:42:20 INFO  Backtest: [EXIT-SL] USDJPY SHORT entry=141.08063 exit=141.69732 pnl=-357.95 (-0.51R) bars_held=7 (ticket=120)
15:42:25 INFO  BacktestEngine: [2024-09-13 06:00] ENTRY USDJPY SHORT @ 140.97750 SL=142.19800 TP=139.14700 (ticket=121)
15:42:27 INFO  Backtest: [STALE-WIN] bar=2312 USDJPY short open 12.0h, profit stalling (now +0.14R, peak +0.51R) — SL→BE 142.19800→141.16208 (ticket=121)
  [USDJPY] 1792/5122 bars (35%)
15:42:28 INFO  BacktestEngine: [2024-09-16 05:00] ENTRY USDJPY SHORT @ 140.53650 SL=141.19000 TP=139.55600 (ticket=122)
15:42:28 INFO  Backtest: [PARTIAL-TP1] bar=2326 USDJPY short closed 20% @ 139.85000 (+1R) SL: 141.19000→140.63230 (BE+15%R) rem_qty=0.94 rem_risk=$561.29 (ticket=122)
15:42:29 INFO  Backtest: [EXIT-SL] USDJPY SHORT entry=140.53388 exit=140.63230 pnl=-91.15 (-0.16R) bars_held=11 (ticket=122)
15:42:30 INFO  BacktestEngine: [2024-09-16 20:00] ENTRY USDJPY LONG @ 140.67850 SL=139.94200 TP=141.78400 (ticket=123)
15:42:31 INFO  Backtest: [EXIT-TIME-STOP] USDJPY LONG entry=140.67762 exit=140.86500 pnl=+201.12 (+0.24R) (ticket=123)
15:42:34 INFO  BacktestEngine: [2024-09-17 20:00] ENTRY USDJPY LONG @ 141.90550 SL=141.17000 TP=143.15700 (ticket=124)
15:42:34 INFO  Backtest: [EXIT-TIME-STOP] USDJPY LONG entry=141.90718 exit=142.04400 pnl=+135.14 (+0.18R) (ticket=124)
15:42:35 INFO  BacktestEngine: [2024-09-18 06:00] ENTRY USDJPY SHORT @ 141.38950 SL=142.05100 TP=140.39700 (ticket=125)
15:42:36 INFO  Backtest: [STALE-SL] bar=2378 USDJPY short open 6.0h still losing (-0.33R) — SL tightened 142.05100→141.71462 (cap at 0.49R, atr_ratio=0.98, progress=0%) (ticket=125)
15:42:36 INFO  Backtest: [EXIT-SL] USDJPY SHORT entry=141.38839 exit=141.71462 pnl=-322.11 (-0.50R) bars_held=7 (ticket=125)
15:42:47 INFO  BacktestEngine: [2024-09-23 10:00] ENTRY USDJPY SHORT @ 143.66402 SL=144.41100 TP=142.54400 (ticket=126)
15:42:48 INFO  Backtest: [STALE-SL] bar=2454 USDJPY short open 6.0h still losing (-0.14R) — SL tightened 144.41100→144.03898 (cap at 0.50R, atr_ratio=1.00, progress=0%) (ticket=126)
15:42:49 INFO  Backtest: [STALE-WIN] bar=2460 USDJPY short open 12.0h, profit stalling (now +0.12R, peak +0.47R) — SL→BE 144.03898→143.77857 (ticket=126)
15:42:50 INFO  Backtest: [EXIT-SL] USDJPY SHORT entry=143.66696 exit=143.77857 pnl=-112.90 (-0.16R) bars_held=15 (ticket=126)
15:42:52 INFO  BacktestEngine: [2024-09-24 18:00] ENTRY USDJPY SHORT @ 143.77350 SL=144.55900 TP=142.59500 (ticket=127)
15:42:53 INFO  Backtest: [PARTIAL-TP1] bar=2487 USDJPY short closed 20% @ 142.94800 (+1R) SL: 144.55900→143.89029 (BE+15%R) rem_qty=0.78 rem_risk=$560.51 (ticket=127)
15:42:54 INFO  Backtest: [EXIT-SL] USDJPY SHORT entry=143.77228 exit=143.89029 pnl=-89.68 (-0.16R) bars_held=15 (ticket=127)
15:42:56 INFO  BacktestEngine: [2024-09-26 00:00] ENTRY USDJPY LONG @ 144.69050 SL=143.83600 TP=145.97200 (ticket=128)
15:42:57 INFO  Backtest: [EXIT-TIME-STOP] USDJPY LONG entry=144.67205 exit=144.83400 pnl=+144.58 (+0.18R) (ticket=128)
15:42:58 INFO  BacktestEngine: [2024-09-26 07:00] ENTRY USDJPY SHORT @ 144.68773 SL=145.25900 TP=143.83100 (ticket=129)
15:42:59 INFO  Backtest: [STALE-WIN] bar=2524 USDJPY short open 7.0h, profit stalling (now +0.23R, peak +0.93R) — SL→BE 145.25900→144.77720 (ticket=129)
15:42:59 INFO  Backtest: [EXIT-SL] USDJPY SHORT entry=144.69217 exit=144.77720 pnl=-111.37 (-0.16R) bars_held=9 (ticket=129)
15:43:00 INFO  BacktestEngine: [2024-09-27 02:00] ENTRY USDJPY LONG @ 145.08450 SL=144.37400 TP=146.15000 (ticket=130)
15:43:01 INFO  Backtest: [EXIT-TIME-STOP] USDJPY LONG entry=145.06091 exit=145.79400 pnl=+772.33 (+1.02R) (ticket=130)
15:43:01 INFO  BacktestEngine: [2024-09-27 07:00] ENTRY USDJPY LONG @ 145.79672 SL=144.66500 TP=147.49500 (ticket=131)
15:43:02 INFO  Backtest: [EXIT-SL] USDJPY LONG entry=145.78687 exit=144.66500 pnl=-760.64 (-1.00R) bars_held=1 (ticket=131)
15:43:02 INFO  BacktestEngine: [2024-09-27 10:00] ENTRY USDJPY SHORT @ 143.18809 SL=144.48400 TP=141.24400 (ticket=132)
15:43:03 INFO  BacktestEngine: [2024-09-30 00:00] ENTRY USDJPY SHORT @ 142.25250 SL=143.80700 TP=139.92000 (ticket=133)
15:43:03 INFO  Backtest: [STALE-SL] bar=2567 USDJPY short open 9.0h still losing (-0.07R) — SL tightened 143.80700→142.81789 (cap at 0.36R, atr_ratio=0.81, progress=25%) (ticket=133)
15:43:04 INFO  Backtest: [STALE-SL] bar=2569 USDJPY short open 11.0h still losing (-0.18R) — SL tightened 142.81789→142.78660 (cap at 0.34R, atr_ratio=0.83, progress=42%) (ticket=133)
15:43:04 INFO  Backtest: [EXIT-SL] USDJPY SHORT entry=142.25150 exit=142.78660 pnl=-207.46 (-0.35R) bars_held=12 (ticket=133)
  [USDJPY] 2048/5122 bars (40%)
15:43:05 INFO  BacktestEngine: [2024-09-30 21:00] ENTRY USDJPY LONG @ 143.68863 SL=142.32700 TP=145.73100 (ticket=134)
15:43:05 INFO  Backtest: [EXIT-TIME-STOP] USDJPY LONG entry=143.67899 exit=143.71400 pnl=+14.17 (+0.02R) (ticket=134)
15:43:05 INFO  BacktestEngine: [2024-10-01 03:00] ENTRY USDJPY LONG @ 143.96510 SL=142.77500 TP=145.75100 (ticket=135)
15:43:06 INFO  Backtest: [EXIT-TIME-STOP] USDJPY LONG entry=143.96960 exit=144.25900 pnl=+184.58 (+0.24R) (ticket=135)
15:43:06 INFO  BacktestEngine: [2024-10-01 08:00] ENTRY USDJPY LONG @ 144.26050 SL=143.52300 TP=145.57100 (ticket=136)
15:43:06 INFO  Backtest: [EXIT-TIME-STOP] USDJPY LONG entry=144.27196 exit=143.73800 pnl=-571.77 (-0.73R) (ticket=136)
15:43:07 INFO  BacktestEngine: [2024-10-01 13:00] ENTRY USDJPY SHORT @ 143.73650 SL=144.46900 TP=142.63800 (ticket=137)
15:43:07 INFO  Backtest: [STALE-SL] bar=2601 USDJPY short open 6.0h still losing (-0.12R) — SL tightened 144.46900→144.09998 (cap at 0.50R, atr_ratio=1.00, progress=0%) (ticket=137)
15:43:08 INFO  Backtest: [STALE-SL] bar=2608 USDJPY short open 13.0h still losing (-0.12R) — SL tightened 144.09998→144.01387 (cap at 0.38R, atr_ratio=1.00, progress=58%) (ticket=137)
15:43:08 INFO  Backtest: [STALE-SL] bar=2609 USDJPY short open 14.0h still losing (-0.23R) — SL tightened 144.01387→144.00157 (cap at 0.37R, atr_ratio=1.00, progress=67%) (ticket=137)
15:43:08 INFO  Backtest: [EXIT-SL] USDJPY SHORT entry=143.73095 exit=144.00157 pnl=-250.73 (-0.38R) bars_held=15 (ticket=137)
15:43:10 INFO  BacktestEngine: [2024-10-02 15:00] ENTRY USDJPY LONG @ 145.37142 SL=144.40800 TP=146.81600 (ticket=138)
15:43:10 INFO  Backtest: [EXIT-TIME-STOP] USDJPY LONG entry=145.37236 exit=146.17000 pnl=+675.72 (+0.82R) (ticket=138)
15:43:11 INFO  BacktestEngine: [2024-10-02 20:00] ENTRY USDJPY LONG @ 146.17150 SL=144.86200 TP=148.13600 (ticket=139)
15:43:11 INFO  Backtest: [EXIT-TIME-STOP] USDJPY LONG entry=146.16971 exit=146.59100 pnl=+259.70 (+0.32R) (ticket=139)
15:43:11 INFO  BacktestEngine: [2024-10-03 02:00] ENTRY USDJPY LONG @ 146.57650 SL=145.37000 TP=148.38700 (ticket=140)
15:43:12 INFO  Backtest: [EXIT-TIME-STOP] USDJPY LONG entry=146.57228 exit=146.72200 pnl=+93.05 (+0.12R) (ticket=140)
15:43:12 INFO  BacktestEngine: [2024-10-03 08:00] ENTRY USDJPY SHORT @ 146.55450 SL=147.31000 TP=145.21200 (ticket=141)
15:43:13 INFO  Backtest: [STALE-SL] bar=2644 USDJPY short open 6.0h still losing (-0.29R) — SL tightened 147.31000→146.93137 (cap at 0.50R, atr_ratio=1.00, progress=0%) (ticket=141)
15:43:13 INFO  Backtest: [STALE-SL] bar=2645 USDJPY short open 7.0h still losing (-0.09R) — SL tightened 146.93137→146.91875 (cap at 0.48R, atr_ratio=1.00, progress=8%) (ticket=141)
15:43:13 INFO  Backtest: [EXIT-SL] USDJPY SHORT entry=146.55274 exit=146.91875 pnl=-336.67 (-0.49R) bars_held=8 (ticket=141)
  [USDJPY] 2304/5122 bars (45%)
15:43:59 INFO  BacktestEngine: [2024-10-23 06:00] ENTRY USDJPY LONG @ 151.74550 SL=151.09100 TP=152.72700 (ticket=142)
15:44:00 INFO  Backtest: [PARTIAL-TP1] bar=2976 USDJPY long closed 20% @ 152.41600 (+1R) SL: 151.09100→151.64543 (BE+15%R) rem_qty=1.10 rem_risk=$652.54 (ticket=142)
15:44:00 INFO  Backtest: [EXIT-TP] USDJPY LONG entry=151.74327 exit=152.72700 pnl=+973.46 (+1.49R) bars_held=5 (ticket=142)
15:44:00 INFO  BacktestEngine: [2024-10-23 12:00] ENTRY USDJPY LONG @ 152.72559 SL=151.93300 TP=153.91400 (ticket=143)
15:44:01 INFO  Backtest: [STALE-WIN] bar=2985 USDJPY long open 7.0h, profit stalling (now +0.06R, peak +0.44R) — SL→BE 151.93300→152.60461 (ticket=143)
15:44:01 INFO  Backtest: [EXIT-SL] USDJPY LONG entry=152.72312 exit=152.60461 pnl=-132.08 (-0.16R) bars_held=8 (ticket=143)
15:44:07 INFO  BacktestEngine: [2024-10-25 19:00] ENTRY USDJPY LONG @ 152.19950 SL=151.52400 TP=153.21200 (ticket=144)
  [USDJPY] 2560/5122 bars (50%)
15:44:23 INFO  BacktestEngine: [2024-11-04 03:00] ENTRY USDJPY SHORT @ 151.78630 SL=152.91500 TP=150.09400 (ticket=145)
15:44:24 INFO  Backtest: [EXIT-TIME-STOP] USDJPY SHORT entry=151.78620 exit=152.14600 pnl=-210.68 (-0.33R) (ticket=145)
15:44:25 INFO  BacktestEngine: [2024-11-04 13:00] ENTRY USDJPY SHORT @ 151.54934 SL=152.54100 TP=150.06300 (ticket=148)
15:44:26 INFO  Backtest: [EXIT-TIME-STOP] USDJPY SHORT entry=151.55100 exit=152.02100 pnl=-308.64 (-0.48R) (ticket=148)
15:44:26 INFO  BacktestEngine: [2024-11-04 22:00] ENTRY USDJPY LONG @ 152.14950 SL=151.57300 TP=153.01400 (ticket=152)
15:44:28 INFO  Backtest: [STALE-WIN] bar=3189 USDJPY long open 10.0h, profit stalling (now +0.21R, peak +0.54R) — SL→BE 151.57300→152.06454 (ticket=152)
15:44:29 INFO  Backtest: [EXIT-SL] USDJPY LONG entry=152.15128 exit=152.06454 pnl=-123.75 (-0.16R) bars_held=16 (ticket=152)
15:44:30 INFO  BacktestEngine: [2024-11-06 03:00] ENTRY USDJPY LONG @ 152.92685 SL=151.83100 TP=154.57000 (ticket=153)
15:44:30 INFO  Backtest: [PARTIAL-TP1] bar=3208 USDJPY long closed 20% @ 154.05000 (+1R) SL: 151.83100→152.76388 (BE+15%R) rem_qty=0.64 rem_risk=$637.96 (ticket=153)
15:44:32 INFO  Backtest: [EXIT-TP] USDJPY LONG entry=152.92851 exit=154.57000 pnl=+951.52 (+1.49R) bars_held=14 (ticket=153)
15:44:33 INFO  BacktestEngine: [2024-11-06 18:00] ENTRY USDJPY LONG @ 154.58450 SL=153.12800 TP=156.76900 (ticket=154)
15:44:33 INFO  Backtest: [STALE-SL] bar=3229 USDJPY long open 6.0h still losing (-0.19R) — SL tightened 153.12800→154.13532 (cap at 0.31R, atr_ratio=0.62, progress=0%) (ticket=154)
15:44:34 INFO  Backtest: [STALE-SL] bar=3232 USDJPY long open 9.0h still losing (-0.10R) — SL tightened 154.13943→154.15426 (cap at 0.30R, atr_ratio=0.66, progress=25%) (ticket=154)
15:44:34 INFO  Backtest: [STALE-SL] bar=3233 USDJPY long open 10.0h still losing (-0.18R) — SL tightened 154.15426→154.18448 (cap at 0.27R, atr_ratio=0.63, progress=33%) (ticket=154)
15:44:34 INFO  Backtest: [EXIT-SL] USDJPY LONG entry=154.58381 exit=154.18448 pnl=-225.94 (-0.28R) bars_held=11 (ticket=154)
15:44:36 INFO  BacktestEngine: [2024-11-07 16:00] ENTRY USDJPY SHORT @ 153.21955 SL=154.30800 TP=151.58700 (ticket=155)
15:44:36 INFO  Backtest: [EXIT-TIME-STOP] USDJPY SHORT entry=153.22464 exit=153.08400 pnl=+83.48 (+0.12R) (ticket=155)
15:44:36 INFO  BacktestEngine: [2024-11-07 22:00] ENTRY USDJPY SHORT @ 152.84879 SL=154.01200 TP=151.10400 (ticket=156)
15:44:37 INFO  Backtest: [EXIT-TIME-STOP] USDJPY SHORT entry=152.85745 exit=153.09500 pnl=-142.83 (-0.21R) (ticket=156)
15:44:38 INFO  BacktestEngine: [2024-11-08 10:00] ENTRY USDJPY SHORT @ 152.34479 SL=153.02500 TP=151.32500 (ticket=157)
15:44:39 INFO  Backtest: [EXIT-TIME-STOP] USDJPY SHORT entry=152.34735 exit=152.74000 pnl=-415.31 (-0.59R) (ticket=157)
15:44:39 INFO  BacktestEngine: [2024-11-08 19:00] ENTRY USDJPY LONG @ 152.65650 SL=151.97400 TP=153.68100 (ticket=159)
15:44:40 INFO  BacktestEngine: [2024-11-11 00:00] ENTRY USDJPY LONG @ 152.66250 SL=152.04800 TP=153.58400 (ticket=160)
15:44:40 INFO  Backtest: [PARTIAL-TP1] bar=3280 USDJPY long closed 20% @ 153.38800 (+1R) SL: 152.04800→152.58737 (BE+15%R) rem_qty=1.14 rem_risk=$635.30 (ticket=160)
15:44:40 INFO  Backtest: [EXIT-TP] USDJPY LONG entry=152.68255 exit=153.58400 pnl=+923.93 (+1.45R) bars_held=5 (ticket=160)
15:44:40 INFO  BacktestEngine: [2024-11-11 06:00] ENTRY USDJPY LONG @ 153.57450 SL=152.67200 TP=154.92800 (ticket=161)
15:44:43 INFO  Backtest: [EXIT-TIME-STOP] USDJPY LONG entry=153.57290 exit=153.70400 pnl=+110.05 (+0.14R) (ticket=161)
15:44:44 INFO  BacktestEngine: [2024-11-12 08:00] ENTRY USDJPY LONG @ 153.78478 SL=153.31200 TP=154.49300 (ticket=162)
15:44:45 INFO  Backtest: [PARTIAL-TP1] bar=3315 USDJPY long closed 20% @ 154.38100 (+1R) SL: 153.31200→153.71305 (BE+15%R) rem_qty=1.51 rem_risk=$649.86 (ticket=162)
15:44:45 INFO  Backtest: [EXIT-TP] USDJPY LONG entry=153.78382 exit=154.49300 pnl=+965.19 (+1.49R) bars_held=7 (ticket=162)
15:44:45 INFO  BacktestEngine: [2024-11-12 16:00] ENTRY USDJPY LONG @ 154.41550 SL=153.65700 TP=155.55400 (ticket=163)
15:44:46 INFO  Backtest: [STALE-WIN] bar=3324 USDJPY long open 7.0h, profit stalling (now +0.13R, peak +0.48R) — SL→BE 153.65700→154.30309 (ticket=163)
15:44:47 INFO  Backtest: [EXIT-TIME-STOP] USDJPY LONG entry=154.41711 exit=155.11200 pnl=+744.17 (+0.91R) (ticket=163)
15:44:47 INFO  BacktestEngine: [2024-11-13 09:00] ENTRY USDJPY LONG @ 155.11350 SL=154.45200 TP=156.10600 (ticket=164)
15:44:48 INFO  Backtest: [EXIT-SL] USDJPY LONG entry=155.11668 exit=154.45200 pnl=-832.13 (-1.02R) bars_held=5 (ticket=164)
15:44:48 INFO  BacktestEngine: [2024-11-13 17:00] ENTRY USDJPY LONG @ 154.98783 SL=154.38000 TP=155.89900 (ticket=165)
  [USDJPY] 2816/5122 bars (55%)
15:44:50 INFO  Backtest: [PARTIAL-TP1] bar=3350 USDJPY long closed 20% @ 155.72000 (+1R) SL: 154.38000→154.89857 (BE+15%R) rem_qty=1.18 rem_risk=$650.21 (ticket=165)
15:44:50 INFO  Backtest: [EXIT-TP] USDJPY LONG entry=154.99009 exit=155.89900 pnl=+964.45 (+1.48R) bars_held=9 (ticket=165)
15:44:50 INFO  BacktestEngine: [2024-11-14 03:00] ENTRY USDJPY LONG @ 155.86850 SL=155.01300 TP=157.15100 (ticket=166)
15:44:52 INFO  Backtest: [STALE-SL] bar=3364 USDJPY long open 12.0h still losing (-0.08R) — SL tightened 155.01300→155.57973 (cap at 0.34R, atr_ratio=0.84, progress=50%) (ticket=166)
15:44:52 INFO  Backtest: [EXIT-TIME-STOP] USDJPY LONG entry=155.86728 exit=155.89400 pnl=+19.57 (+0.02R) (ticket=166)
15:44:53 INFO  BacktestEngine: [2024-11-14 23:00] ENTRY USDJPY LONG @ 156.23850 SL=155.61900 TP=157.16800 (ticket=167)
15:44:53 INFO  Backtest: [STALE-WIN] bar=3378 USDJPY long open 6.0h, profit stalling (now +0.16R, peak +0.59R) — SL→BE 155.61900→156.15958 (ticket=167)
15:44:54 INFO  Backtest: [EXIT-SL] USDJPY LONG entry=156.25497 exit=156.15958 pnl=-146.34 (-0.17R) bars_held=8 (ticket=167)
15:44:54 INFO  BacktestEngine: [2024-11-15 12:00] ENTRY USDJPY SHORT @ 155.30050 SL=156.31400 TP=153.78100 (ticket=168)
15:44:55 INFO  Backtest: [EXIT-TIME-STOP] USDJPY SHORT entry=155.29910 exit=154.94800 pnl=+228.13 (+0.34R) (ticket=168)
15:44:55 INFO  BacktestEngine: [2024-11-15 17:00] ENTRY USDJPY SHORT @ 154.94470 SL=155.76100 TP=153.49400 (ticket=169)
15:44:56 INFO  BacktestEngine: [2024-11-18 01:00] ENTRY USDJPY LONG @ 154.64450 SL=153.83500 TP=156.08300 (ticket=170)
15:44:56 INFO  Backtest: [STALE-SL] bar=3404 USDJPY long open 6.0h still losing (-0.08R) — SL tightened 153.83500→154.24293 (cap at 0.50R, atr_ratio=1.00, progress=0%) (ticket=170)
15:44:57 INFO  Backtest: [STALE-SL] bar=3405 USDJPY long open 7.0h still losing (-0.10R) — SL tightened 154.24293→154.25653 (cap at 0.48R, atr_ratio=1.00, progress=8%) (ticket=170)
15:44:58 INFO  Backtest: [STALE-WIN] bar=3411 USDJPY long open 13.0h, profit stalling (now +0.31R, peak +0.75R) — SL→BE 154.25653→154.52849 (ticket=170)
15:44:58 INFO  Backtest: [EXIT-TIME-STOP] USDJPY LONG entry=154.65087 exit=154.79900 pnl=+136.75 (+0.17R) (ticket=170)
15:44:58 INFO  BacktestEngine: [2024-11-18 18:00] ENTRY USDJPY LONG @ 154.80050 SL=153.98500 TP=156.02300 (ticket=171)
15:44:59 INFO  Backtest: [STALE-SL] bar=3421 USDJPY long open 6.0h still losing (-0.22R) — SL tightened 153.98500→154.48223 (cap at 0.38R, atr_ratio=0.77, progress=0%) (ticket=171)
15:44:59 INFO  Backtest: [EXIT-SL] USDJPY LONG entry=154.79325 exit=154.48223 pnl=-307.43 (-0.39R) bars_held=7 (ticket=171)
15:45:00 INFO  BacktestEngine: [2024-11-19 03:00] ENTRY USDJPY SHORT @ 154.11269 SL=155.12000 TP=152.60200 (ticket=172)
15:45:00 INFO  Backtest: [EXIT-TIME-STOP] USDJPY SHORT entry=154.11278 exit=154.50900 pnl=-249.94 (-0.40R) (ticket=172)
15:45:01 INFO  BacktestEngine: [2024-11-19 13:00] ENTRY USDJPY LONG @ 154.08489 SL=153.22900 TP=155.60700 (ticket=176)
15:45:03 INFO  Backtest: [PARTIAL-TP1] bar=3449 USDJPY long closed 20% @ 154.95400 (+1R) SL: 153.22900→153.95211 (BE+15%R) rem_qty=0.75 rem_risk=$586.01 (ticket=176)
15:45:03 INFO  Backtest: [EXIT-TIME-STOP] USDJPY LONG entry=154.07972 exit=155.05400 pnl=+661.45 (+1.13R) (ticket=176)
15:45:04 INFO  BacktestEngine: [2024-11-20 07:00] ENTRY USDJPY LONG @ 155.18850 SL=154.45100 TP=156.29500 (ticket=177)
15:45:05 INFO  Backtest: [STALE-WIN] bar=3460 USDJPY long open 8.0h, profit stalling (now +0.56R, peak +0.88R) — SL→BE 154.45100→155.07712 (ticket=177)
15:45:05 INFO  Backtest: [EXIT-SL] USDJPY LONG entry=155.18762 exit=155.07712 pnl=-139.81 (-0.16R) bars_held=9 (ticket=177)
15:45:05 INFO  BacktestEngine: [2024-11-20 17:00] ENTRY USDJPY LONG @ 155.53157 SL=154.88100 TP=156.68800 (ticket=178)
15:45:06 INFO  Backtest: [STALE-SL] bar=3468 USDJPY long open 6.0h still losing (-0.29R) — SL tightened 154.88100→155.20923 (cap at 0.49R, atr_ratio=0.98, progress=0%) (ticket=178)
15:45:06 INFO  Backtest: [STALE-SL] bar=3469 USDJPY long open 7.0h still losing (-0.39R) — SL tightened 155.20923→155.22292 (cap at 0.47R, atr_ratio=0.97, progress=8%) (ticket=178)
15:45:06 INFO  Backtest: [EXIT-SL] USDJPY LONG entry=155.52620 exit=155.22292 pnl=-415.99 (-0.48R) bars_held=8 (ticket=178)
15:45:07 INFO  BacktestEngine: [2024-11-21 08:00] ENTRY USDJPY SHORT @ 154.75564 SL=155.35800 TP=153.85100 (ticket=180)
15:45:07 INFO  Backtest: [EXIT-TIME-STOP] USDJPY SHORT entry=154.76276 exit=154.52800 pnl=+278.95 (+0.38R) (ticket=180)
15:45:08 INFO  BacktestEngine: [2024-11-21 13:00] ENTRY USDJPY SHORT @ 154.52650 SL=155.20500 TP=153.32000 (ticket=181)
15:45:08 INFO  Backtest: [EXIT-TIME-STOP] USDJPY SHORT entry=154.52180 exit=154.65400 pnl=-152.76 (-0.21R) (ticket=181)
15:45:08 INFO  BacktestEngine: [2024-11-21 18:00] ENTRY USDJPY LONG @ 154.65550 SL=153.86100 TP=156.06800 (ticket=182)
15:45:09 INFO  Backtest: [STALE-SL] bar=3493 USDJPY long open 6.0h still losing (-0.63R) — SL tightened 153.86100→154.34511 (cap at 0.39R, atr_ratio=0.78, progress=0%) (ticket=182)
15:45:09 INFO  Backtest: [EXIT-SL] USDJPY LONG entry=154.65532 exit=154.34511 pnl=-350.04 (-0.40R) bars_held=7 (ticket=182)
15:45:10 INFO  BacktestEngine: [2024-11-22 07:00] ENTRY USDJPY LONG @ 154.70476 SL=154.06500 TP=155.66400 (ticket=183)
15:45:11 INFO  Backtest: [STALE-SL] bar=3506 USDJPY long open 6.0h still losing (-0.32R) — SL tightened 154.06500→154.38644 (cap at 0.50R, atr_ratio=1.00, progress=0%) (ticket=183)
15:45:11 INFO  Backtest: [EXIT-SL] USDJPY LONG entry=154.70788 exit=154.38644 pnl=-431.30 (-0.51R) bars_held=7 (ticket=183)
15:45:12 INFO  BacktestEngine: [2024-11-22 19:00] ENTRY USDJPY LONG @ 154.75750 SL=154.05000 TP=155.81900 (ticket=187)
15:45:12 INFO  BacktestEngine: [2024-11-25 01:00] ENTRY USDJPY SHORT @ 154.14924 SL=154.81900 TP=153.14500 (ticket=188)
15:45:13 INFO  Backtest: [EXIT-TIME-STOP] USDJPY SHORT entry=154.14948 exit=154.09600 pnl=+52.50 (+0.07R) (ticket=188)
15:45:14 INFO  BacktestEngine: [2024-11-25 10:00] ENTRY USDJPY LONG @ 154.69450 SL=153.99200 TP=155.74800 (ticket=189)
15:45:14 INFO  Backtest: [EXIT-SL] USDJPY LONG entry=154.69562 exit=153.99200 pnl=-912.68 (-1.01R) bars_held=4 (ticket=189)
15:45:18 INFO  BacktestEngine: [2024-11-26 19:00] ENTRY USDJPY SHORT @ 153.32450 SL=154.30000 TP=151.86200 (ticket=190)
15:45:19 INFO  Backtest: [EXIT-TIME-STOP] USDJPY SHORT entry=153.32364 exit=153.07200 pnl=+190.92 (+0.25R) (ticket=190)
  [USDJPY] 3072/5122 bars (60%)
15:45:32 INFO  BacktestEngine: [2024-12-03 07:00] ENTRY USDJPY LONG @ 150.02750 SL=149.35100 TP=151.04200 (ticket=191)
15:45:32 INFO  Backtest: [STALE-SL] bar=3674 USDJPY long open 6.0h still losing (-0.51R) — SL tightened 149.35100→149.73029 (cap at 0.44R, atr_ratio=0.88, progress=0%) (ticket=191)
15:45:32 INFO  Backtest: [EXIT-SL] USDJPY LONG entry=150.02948 exit=149.73029 pnl=-407.73 (-0.45R) bars_held=7 (ticket=191)
15:45:33 INFO  BacktestEngine: [2024-12-03 17:00] ENTRY USDJPY SHORT @ 149.14573 SL=150.32300 TP=147.38000 (ticket=192)
15:45:33 INFO  Backtest: [EXIT-TIME-STOP] USDJPY SHORT entry=149.14844 exit=149.45500 pnl=-203.04 (-0.27R) (ticket=192)
15:45:34 INFO  BacktestEngine: [2024-12-04 02:00] ENTRY USDJPY LONG @ 149.87261 SL=149.16300 TP=150.93700 (ticket=195)
15:45:35 INFO  Backtest: [PARTIAL-TP1] bar=3695 USDJPY long closed 20% @ 150.62600 (+1R) SL: 149.16300→149.76779 (BE+15%R) rem_qty=1.04 rem_risk=$671.42 (ticket=195)
15:45:35 INFO  Backtest: [EXIT-TP] USDJPY LONG entry=149.87452 exit=150.93700 pnl=+998.25 (+1.49R) bars_held=10 (ticket=195)
15:45:35 INFO  BacktestEngine: [2024-12-04 13:00] ENTRY USDJPY LONG @ 150.88850 SL=149.80400 TP=152.51600 (ticket=196)
15:45:36 INFO  Backtest: [STALE-SL] bar=3704 USDJPY long open 6.0h still losing (-0.44R) — SL tightened 149.80400→150.34760 (cap at 0.50R, atr_ratio=1.00, progress=0%) (ticket=196)
15:45:36 INFO  Backtest: [EXIT-SL] USDJPY LONG entry=150.89120 exit=150.34760 pnl=-431.44 (-0.51R) bars_held=7 (ticket=196)
15:45:36 INFO  BacktestEngine: [2024-12-04 21:00] ENTRY USDJPY LONG @ 150.44169 SL=149.45100 TP=151.92800 (ticket=197)
15:45:37 INFO  Backtest: [STALE-SL] bar=3712 USDJPY long open 6.0h still losing (-0.11R) — SL tightened 149.45100→149.96893 (cap at 0.48R, atr_ratio=0.95, progress=0%) (ticket=197)
15:45:37 INFO  Backtest: [STALE-SL] bar=3713 USDJPY long open 7.0h still losing (-0.16R) — SL tightened 149.96893→149.98706 (cap at 0.46R, atr_ratio=0.95, progress=8%) (ticket=197)
15:45:37 INFO  Backtest: [STALE-SL] bar=3714 USDJPY long open 8.0h still losing (-0.05R) — SL tightened 149.98706→150.02912 (cap at 0.42R, atr_ratio=0.89, progress=17%) (ticket=197)
15:45:37 INFO  Backtest: [EXIT-SL] USDJPY LONG entry=150.44098 exit=150.02912 pnl=-355.07 (-0.42R) bars_held=9 (ticket=197)
15:45:38 INFO  BacktestEngine: [2024-12-05 14:00] ENTRY USDJPY LONG @ 150.40074 SL=149.68800 TP=151.47000 (ticket=198)
15:45:39 INFO  Backtest: [STALE-SL] bar=3729 USDJPY long open 6.0h still losing (-0.53R) — SL tightened 149.68800→150.04177 (cap at 0.50R, atr_ratio=1.00, progress=0%) (ticket=198)
15:45:39 INFO  Backtest: [EXIT-SL] USDJPY LONG entry=150.39554 exit=150.04177 pnl=-447.35 (-0.51R) bars_held=7 (ticket=198)
15:45:41 INFO  BacktestEngine: [2024-12-06 11:00] ENTRY USDJPY LONG @ 150.57460 SL=149.92900 TP=151.54300 (ticket=199)
15:45:42 INFO  Backtest: [EXIT-SL] USDJPY LONG entry=150.57081 exit=149.92900 pnl=-780.18 (-1.01R) bars_held=3 (ticket=199)
15:45:42 INFO  BacktestEngine: [2024-12-06 19:00] ENTRY USDJPY LONG @ 149.96450 SL=149.23600 TP=151.05700 (ticket=200)
15:45:43 INFO  BacktestEngine: [2024-12-09 00:00] ENTRY USDJPY LONG @ 149.99050 SL=149.37800 TP=150.90900 (ticket=201)
15:45:44 INFO  Backtest: [STALE-SL] bar=3763 USDJPY long open 6.0h still losing (-0.03R) — SL tightened 149.37800→149.75894 (cap at 0.37R, atr_ratio=0.74, progress=0%) (ticket=201)
15:45:45 INFO  Backtest: [PARTIAL-TP1] bar=3770 USDJPY long closed 20% @ 150.76500 (+1R) SL: 149.75894→149.89140 (BE+15%R) rem_qty=1.16 rem_risk=$646.41 (ticket=201)
15:45:45 INFO  Backtest: [EXIT-TP] USDJPY LONG entry=149.98200 exit=150.90900 pnl=+970.42 (+1.50R) bars_held=14 (ticket=201)
15:45:45 INFO  BacktestEngine: [2024-12-09 15:00] ENTRY USDJPY LONG @ 150.87554 SL=150.08600 TP=152.06100 (ticket=202)
15:45:46 INFO  Backtest: [STALE-WIN] bar=3784 USDJPY long open 12.0h, profit stalling (now +0.41R, peak +0.71R) — SL→BE 150.08600→150.75711 (ticket=202)
15:45:47 INFO  Backtest: [EXIT-TIME-STOP] USDJPY LONG entry=150.87554 exit=151.22100 pnl=+347.32 (+0.43R) (ticket=202)
15:45:51 INFO  BacktestEngine: [2024-12-11 12:00] ENTRY USDJPY LONG @ 152.59252 SL=151.46100 TP=154.28900 (ticket=203)
15:45:52 INFO  Backtest: [STALE-SL] bar=3823 USDJPY long open 6.0h still losing (-0.08R) — SL tightened 151.46100→152.02501 (cap at 0.50R, atr_ratio=1.00, progress=0%) (ticket=203)
15:45:52 INFO  Backtest: [STALE-SL] bar=3827 USDJPY long open 10.0h still losing (-0.19R) — SL tightened 152.02501→152.10022 (cap at 0.43R, atr_ratio=1.00, progress=33%) (ticket=203)
15:45:52 INFO  Backtest: [STALE-SL] bar=3828 USDJPY long open 11.0h still losing (-0.16R) — SL tightened 152.10022→152.11902 (cap at 0.42R, atr_ratio=1.00, progress=42%) (ticket=203)
15:45:53 INFO  Backtest: [STALE-SL] bar=3829 USDJPY long open 12.0h still losing (-0.29R) — SL tightened 152.11902→152.13782 (cap at 0.40R, atr_ratio=1.00, progress=50%) (ticket=203)
15:45:53 INFO  Backtest: [EXIT-SL] USDJPY LONG entry=152.58903 exit=152.13782 pnl=-354.96 (-0.41R) bars_held=13 (ticket=203)
15:45:53 INFO  BacktestEngine: [2024-12-12 04:00] ENTRY USDJPY LONG @ 152.31885 SL=151.34100 TP=153.78600 (ticket=204)
15:45:54 INFO  Backtest: [STALE-SL] bar=3840 USDJPY long open 7.0h still losing (-0.00R) — SL tightened 151.34100→151.93277 (cap at 0.40R, atr_ratio=0.82, progress=8%) (ticket=204)
15:45:54 INFO  Backtest: [STALE-SL] bar=3842 USDJPY long open 9.0h still losing (-0.05R) — SL tightened 151.93277→151.94400 (cap at 0.38R, atr_ratio=0.85, progress=25%) (ticket=204)
15:45:54 INFO  Backtest: [EXIT-SL] USDJPY LONG entry=152.31928 exit=151.94400 pnl=-334.56 (-0.39R) bars_held=10 (ticket=204)
15:45:55 INFO  BacktestEngine: [2024-12-12 21:00] ENTRY USDJPY LONG @ 152.53650 SL=151.87700 TP=153.52500 (ticket=205)
  [USDJPY] 3328/5122 bars (65%)
15:45:57 INFO  Backtest: [STALE-WIN] bar=3860 USDJPY long open 10.0h, profit stalling (now +0.26R, peak +0.62R) — SL→BE 151.87700→152.43957 (ticket=205)
15:45:57 INFO  Backtest: [PARTIAL-TP1] bar=3863 USDJPY long closed 20% @ 153.41000 (+1R) SL: 152.43957→152.43957 (BE+15%R) rem_qty=1.14 rem_risk=$681.30 (ticket=205)
15:45:57 INFO  Backtest: [EXIT-TP] USDJPY LONG entry=152.53885 exit=153.52500 pnl=+1011.49 (+1.48R) bars_held=15 (ticket=205)
15:45:58 INFO  BacktestEngine: [2024-12-13 13:00] ENTRY USDJPY LONG @ 153.62350 SL=152.75100 TP=154.93200 (ticket=206)
15:45:59 INFO  BacktestEngine: [2024-12-16 03:00] ENTRY USDJPY LONG @ 153.90860 SL=153.10500 TP=155.11500 (ticket=207)
15:46:00 INFO  Backtest: [STALE-SL] bar=3886 USDJPY long open 6.0h still losing (-0.27R) — SL tightened 153.10500→153.57178 (cap at 0.42R, atr_ratio=0.84, progress=0%) (ticket=207)
15:46:02 INFO  Backtest: [EXIT-TIME-STOP] USDJPY LONG entry=153.90885 exit=154.05900 pnl=+156.87 (+0.18R) (ticket=207)
15:46:05 INFO  BacktestEngine: [2024-12-17 07:00] ENTRY USDJPY LONG @ 154.13371 SL=153.66100 TP=154.84300 (ticket=208)
15:46:06 INFO  Backtest: [STALE-SL] bar=3914 USDJPY long open 6.0h still losing (-0.67R) — SL tightened 153.66100→153.89749 (cap at 0.50R, atr_ratio=1.00, progress=0%) (ticket=208)
15:46:06 INFO  Backtest: [EXIT-SL] USDJPY LONG entry=154.13398 exit=153.89749 pnl=-428.85 (-0.52R) bars_held=7 (ticket=208)
15:46:06 INFO  BacktestEngine: [2024-12-17 16:00] ENTRY USDJPY SHORT @ 153.55150 SL=154.04200 TP=152.81600 (ticket=209)
15:46:07 INFO  Backtest: [EXIT-TIME-STOP] USDJPY SHORT entry=153.55481 exit=153.34000 pnl=+295.92 (+0.42R) (ticket=209)
15:46:07 INFO  BacktestEngine: [2024-12-17 21:00] ENTRY USDJPY SHORT @ 153.33850 SL=153.85100 TP=152.51300 (ticket=210)
15:46:07 INFO  Backtest: [EXIT-TIME-STOP] USDJPY SHORT entry=153.33835 exit=153.69500 pnl=-500.64 (-0.71R) (ticket=210)
15:46:08 INFO  BacktestEngine: [2024-12-18 03:00] ENTRY USDJPY LONG @ 153.59150 SL=153.11500 TP=154.30600 (ticket=211)
15:46:09 INFO  Backtest: [STALE-SL] bar=3934 USDJPY long open 6.0h still losing (-0.04R) — SL tightened 153.11500→153.35270 (cap at 0.49R, atr_ratio=0.99, progress=0%) (ticket=211)
15:46:10 INFO  Backtest: [STALE-SL] bar=3936 USDJPY long open 8.0h still losing (-0.02R) — SL tightened 153.35270→153.37082 (cap at 0.45R, atr_ratio=0.97, progress=17%) (ticket=211)
15:46:12 INFO  Backtest: [STALE-WIN] bar=3943 USDJPY long open 15.0h, profit stalling (now +0.51R, peak +0.93R) — SL→BE 153.37082→153.51364 (ticket=211)
15:46:13 INFO  Backtest: [EXIT-TIME-STOP] USDJPY LONG entry=153.58399 exit=153.74300 pnl=+278.15 (+0.32R) (ticket=211)
15:46:13 INFO  BacktestEngine: [2024-12-18 20:00] ENTRY USDJPY LONG @ 153.74450 SL=153.30400 TP=154.40600 (ticket=212)
15:46:13 INFO  Backtest: [EXIT-TP] USDJPY LONG entry=153.74622 exit=154.40600 pnl=+1299.56 (+1.48R) bars_held=0 (ticket=212)
15:46:13 INFO  BacktestEngine: [2024-12-18 22:00] ENTRY USDJPY LONG @ 154.69278 SL=153.94200 TP=155.81800 (ticket=213)
15:46:15 INFO  Backtest: [EXIT-TP] USDJPY LONG entry=154.68227 exit=155.81800 pnl=+1334.47 (+1.50R) bars_held=9 (ticket=213)
15:46:16 INFO  BacktestEngine: [2024-12-19 09:00] ENTRY USDJPY LONG @ 156.47729 SL=155.09500 TP=158.55100 (ticket=214)
15:46:19 INFO  Backtest: [EXIT-TIME-STOP] USDJPY LONG entry=156.48143 exit=157.74100 pnl=+820.23 (+0.91R) (ticket=214)
15:46:19 INFO  BacktestEngine: [2024-12-20 02:00] ENTRY USDJPY LONG @ 157.74262 SL=156.61900 TP=159.42800 (ticket=215)
15:46:21 INFO  Backtest: [STALE-SL] bar=3981 USDJPY long open 6.0h still losing (-0.81R) — SL tightened 156.61900→157.21714 (cap at 0.47R, atr_ratio=0.93, progress=0%) (ticket=215)
15:46:21 INFO  Backtest: [EXIT-SL] USDJPY LONG entry=157.74089 exit=157.21714 pnl=-420.74 (-0.47R) bars_held=7 (ticket=215)
15:46:21 INFO  BacktestEngine: [2024-12-20 11:00] ENTRY USDJPY SHORT @ 156.71646 SL=157.85600 TP=155.00800 (ticket=216)
15:46:22 INFO  Backtest: [EXIT-TIME-STOP] USDJPY SHORT entry=156.71517 exit=156.60300 pnl=+69.40 (+0.09R) (ticket=216)
15:46:22 INFO  BacktestEngine: [2024-12-20 16:00] ENTRY USDJPY SHORT @ 156.60138 SL=157.68000 TP=154.98300 (ticket=217)
15:46:23 INFO  BacktestEngine: [2024-12-23 01:00] ENTRY USDJPY LONG @ 156.56350 SL=155.93500 TP=157.50700 (ticket=218)
15:46:26 INFO  Backtest: [STALE-SL] bar=4006 USDJPY long open 8.0h still losing (-0.02R) — SL tightened 155.93500→156.35175 (cap at 0.35R, atr_ratio=0.76, progress=17%) (ticket=218)
15:46:28 INFO  Backtest: [EXIT-TIME-STOP] USDJPY LONG entry=156.58067 exit=157.02900 pnl=+312.76 (+0.70R) (ticket=218)
15:46:29 INFO  BacktestEngine: [2024-12-23 18:00] ENTRY USDJPY LONG @ 157.03050 SL=156.40700 TP=157.96500 (ticket=219)
15:46:31 INFO  Backtest: [STALE-WIN] bar=4024 USDJPY long open 9.0h, profit stalling (now +0.14R, peak +0.45R) — SL→BE 156.40700→156.93680 (ticket=219)
15:46:31 INFO  Backtest: [EXIT-SL] USDJPY LONG entry=157.03030 exit=156.93680 pnl=-72.74 (-0.16R) bars_held=11 (ticket=219)
15:46:32 INFO  BacktestEngine: [2024-12-24 15:00] ENTRY USDJPY LONG @ 157.19250 SL=156.85100 TP=157.70400 (ticket=220)
15:46:34 INFO  Backtest: [STALE-WIN] bar=4042 USDJPY long open 6.0h, profit stalling (now +0.03R, peak +0.41R) — SL→BE 156.85100→157.14136 (ticket=220)
15:46:34 INFO  Backtest: [EXIT-SL] USDJPY LONG entry=157.19260 exit=157.14136 pnl=-79.37 (-0.17R) bars_held=7 (ticket=220)
15:46:37 INFO  BacktestEngine: [2024-12-26 15:00] ENTRY USDJPY LONG @ 157.83880 SL=157.34600 TP=158.57800 (ticket=221)
15:46:39 INFO  Backtest: [STALE-WIN] bar=4069 USDJPY long open 8.0h, profit stalling (now +0.09R, peak +0.46R) — SL→BE 157.34600→157.76603 (ticket=221)
15:46:39 INFO  Backtest: [EXIT-SL] USDJPY LONG entry=157.84015 exit=157.76603 pnl=-71.47 (-0.17R) bars_held=9 (ticket=221)
15:46:40 INFO  BacktestEngine: [2024-12-27 06:00] ENTRY USDJPY SHORT @ 157.57150 SL=158.12300 TP=156.74500 (ticket=223)
15:46:41 INFO  Backtest: [EXIT-TIME-STOP] USDJPY SHORT entry=157.57287 exit=157.87600 pnl=-209.31 (-0.56R) (ticket=223)
15:46:42 INFO  BacktestEngine: [2024-12-27 15:00] ENTRY USDJPY LONG @ 157.79555 SL=157.42300 TP=158.35400 (ticket=226)
15:46:42 INFO  Backtest: [EXIT-SL] USDJPY LONG entry=157.79737 exit=157.42300 pnl=-448.51 (-1.03R) bars_held=2 (ticket=226)
  [USDJPY] 3584/5122 bars (70%)
15:46:45 INFO  BacktestEngine: [2024-12-31 03:00] ENTRY USDJPY SHORT @ 156.43690 SL=157.25300 TP=155.21300 (ticket=227)
15:46:46 INFO  Backtest: [EXIT-TIME-STOP] USDJPY SHORT entry=156.44175 exit=156.35700 pnl=+30.15 (+0.09R) (ticket=227)
15:46:46 INFO  BacktestEngine: [2024-12-31 08:00] ENTRY USDJPY SHORT @ 156.35547 SL=157.11900 TP=155.21000 (ticket=228)
15:46:47 INFO  Backtest: [EXIT-TIME-STOP] USDJPY SHORT entry=156.35318 exit=156.79800 pnl=-189.42 (-0.59R) (ticket=228)
15:46:47 INFO  BacktestEngine: [2024-12-31 13:00] ENTRY USDJPY LONG @ 156.79950 SL=156.23600 TP=157.80100 (ticket=229)
15:46:48 INFO  Backtest: [PARTIAL-TP1] bar=4135 USDJPY long closed 20% @ 157.36500 (+1R) SL: 156.23600→156.71401 (BE+15%R) rem_qty=0.58 rem_risk=$299.50 (ticket=229)
15:46:50 INFO  Backtest: [EXIT-TIME-STOP] USDJPY LONG entry=156.79837 exit=157.15900 pnl=+187.57 (+0.63R) (ticket=229)
15:47:01 INFO  BacktestEngine: [2025-01-06 06:00] ENTRY USDJPY LONG @ 157.72050 SL=157.12400 TP=158.61500 (ticket=230)
15:47:02 INFO  Backtest: [STALE-SL] bar=4203 USDJPY long open 6.0h still losing (-0.88R) — SL tightened 157.12400→157.45584 (cap at 0.44R, atr_ratio=0.89, progress=0%) (ticket=230)
15:47:02 INFO  Backtest: [EXIT-SL] USDJPY LONG entry=157.72177 exit=157.45584 pnl=-343.62 (-0.46R) bars_held=7 (ticket=230)
15:47:03 INFO  BacktestEngine: [2025-01-06 17:00] ENTRY USDJPY LONG @ 157.53513 SL=156.76800 TP=158.68600 (ticket=231)
15:47:04 INFO  Backtest: [PARTIAL-TP1] bar=4217 USDJPY long closed 20% @ 158.31100 (+1R) SL: 156.76800→157.39744 (BE+15%R) rem_qty=0.86 rem_risk=$597.83 (ticket=231)
15:47:05 INFO  Backtest: [EXIT-TIME-STOP] USDJPY LONG entry=157.50851 exit=157.74400 pnl=+177.44 (+0.30R) (ticket=231)
15:47:05 INFO  BacktestEngine: [2025-01-07 12:00] ENTRY USDJPY LONG @ 157.74550 SL=157.10900 TP=158.70000 (ticket=232)
15:47:06 INFO  Backtest: [STALE-SL] bar=4231 USDJPY long open 6.0h still losing (-0.08R) — SL tightened 157.10900→157.42675 (cap at 0.50R, atr_ratio=1.00, progress=0%) (ticket=232)
15:47:08 INFO  Backtest: [STALE-WIN] bar=4239 USDJPY long open 14.0h, profit stalling (now +0.35R, peak +0.76R) — SL→BE 157.42675→157.64917 (ticket=232)
15:47:08 INFO  Backtest: [EXIT-TIME-STOP] USDJPY LONG entry=157.74449 exit=158.19700 pnl=+590.98 (+0.70R) (ticket=232)
15:47:08 INFO  BacktestEngine: [2025-01-08 05:00] ENTRY USDJPY LONG @ 158.19850 SL=157.47400 TP=159.28600 (ticket=233)
15:47:10 INFO  Backtest: [STALE-WIN] bar=4251 USDJPY long open 9.0h, profit stalling (now +0.04R, peak +0.42R) — SL→BE 157.47400→158.09115 (ticket=233)
15:47:11 INFO  Backtest: [EXIT-TIME-STOP] USDJPY LONG entry=158.20006 exit=158.36000 pnl=+199.51 (+0.21R) (ticket=233)
15:47:11 INFO  BacktestEngine: [2025-01-08 22:00] ENTRY USDJPY LONG @ 158.36150 SL=157.87200 TP=159.09600 (ticket=234)
15:47:13 INFO  Backtest: [STALE-SL] bar=4265 USDJPY long open 6.0h still losing (-0.80R) — SL tightened 157.87200→158.12499 (cap at 0.48R, atr_ratio=0.97, progress=0%) (ticket=234)
15:47:13 INFO  Backtest: [EXIT-SL] USDJPY LONG entry=158.36314 exit=158.12499 pnl=-478.76 (-0.50R) bars_held=7 (ticket=234)
15:47:13 INFO  BacktestEngine: [2025-01-09 06:00] ENTRY USDJPY SHORT @ 157.92330 SL=158.37800 TP=157.24100 (ticket=235)
15:47:14 INFO  Backtest: [EXIT-TIME-STOP] USDJPY SHORT entry=157.92331 exit=158.08100 pnl=-260.36 (-0.36R) (ticket=235)
15:47:15 INFO  BacktestEngine: [2025-01-09 17:00] ENTRY USDJPY LONG @ 157.97350 SL=157.51500 TP=158.66100 (ticket=236)
15:47:17 INFO  Backtest: [EXIT-TIME-STOP] USDJPY LONG entry=157.97599 exit=157.82100 pnl=-299.05 (-0.35R) (ticket=236)
15:47:21 INFO  BacktestEngine: [2025-01-13 05:00] ENTRY USDJPY SHORT @ 157.41150 SL=158.35600 TP=155.99400 (ticket=238)
15:47:21 INFO  Backtest: [EXIT-TIME-STOP] USDJPY SHORT entry=157.41286 exit=157.60100 pnl=-156.82 (-0.21R) (ticket=238)
15:47:23 INFO  BacktestEngine: [2025-01-13 17:00] ENTRY USDJPY LONG @ 157.51750 SL=156.79700 TP=158.59800 (ticket=241)
15:47:23 INFO  Backtest: [STALE-SL] bar=4332 USDJPY long open 6.0h still losing (-0.30R) — SL tightened 156.79700→157.15857 (cap at 0.50R, atr_ratio=1.00, progress=0%) (ticket=241)
15:47:23 INFO  Backtest: [EXIT-SL] USDJPY LONG entry=157.52014 exit=157.15857 pnl=-457.00 (-0.51R) bars_held=7 (ticket=241)
15:47:24 INFO  BacktestEngine: [2025-01-14 05:00] ENTRY USDJPY LONG @ 157.55750 SL=156.77900 TP=158.72500 (ticket=244)
15:47:26 INFO  Backtest: [EXIT-TIME-STOP] USDJPY LONG entry=157.55525 exit=157.98100 pnl=+471.74 (+0.54R) (ticket=244)
15:47:27 INFO  BacktestEngine: [2025-01-15 01:00] ENTRY USDJPY LONG @ 158.04950 SL=157.32000 TP=159.14400 (ticket=245)
15:47:28 INFO  Backtest: [EXIT-SL] USDJPY LONG entry=158.04660 exit=157.32000 pnl=-861.98 (-1.01R) bars_held=5 (ticket=245)
15:47:28 INFO  BacktestEngine: [2025-01-15 09:00] ENTRY USDJPY SHORT @ 156.87611 SL=157.73400 TP=155.58900 (ticket=246)
  [USDJPY] 3840/5122 bars (75%)
15:47:29 INFO  Backtest: [EXIT-TIME-STOP] USDJPY SHORT entry=156.87083 exit=156.97800 pnl=-96.16 (-0.13R) (ticket=246)
15:47:31 INFO  BacktestEngine: [2025-01-16 04:00] ENTRY USDJPY SHORT @ 155.73337 SL=156.85900 TP=154.04500 (ticket=249)
15:47:32 INFO  Backtest: [EXIT-TIME-STOP] USDJPY SHORT entry=155.72819 exit=156.18600 pnl=-300.76 (-0.41R) (ticket=249)
15:47:33 INFO  BacktestEngine: [2025-01-16 14:00] ENTRY USDJPY LONG @ 156.11108 SL=155.44800 TP=157.10600 (ticket=251)
15:47:33 INFO  Backtest: [EXIT-SL] USDJPY LONG entry=156.10817 exit=155.44800 pnl=-856.93 (-1.01R) bars_held=2 (ticket=251)
15:47:37 INFO  BacktestEngine: [2025-01-17 18:00] ENTRY USDJPY LONG @ 156.30558 SL=155.67000 TP=157.25900 (ticket=252)
15:47:46 INFO  BacktestEngine: [2025-01-22 06:00] ENTRY USDJPY LONG @ 155.79350 SL=155.20400 TP=156.67800 (ticket=253)
15:47:48 INFO  Backtest: [STALE-WIN] bar=4490 USDJPY long open 7.0h, profit stalling (now +0.04R, peak +0.44R) — SL→BE 155.20400→155.70181 (ticket=253)
15:47:48 INFO  Backtest: [PARTIAL-TP1] bar=4493 USDJPY long closed 20% @ 156.40100 (+1R) SL: 155.70181→155.70181 (BE+15%R) rem_qty=1.27 rem_risk=$682.78 (ticket=253)
15:47:49 INFO  Backtest: [EXIT-TP] USDJPY LONG entry=155.78966 exit=156.67800 pnl=+1019.36 (+1.49R) bars_held=12 (ticket=253)
15:47:49 INFO  BacktestEngine: [2025-01-22 19:00] ENTRY USDJPY LONG @ 156.61450 SL=155.69500 TP=157.99400 (ticket=254)
15:47:50 INFO  Backtest: [STALE-SL] bar=4502 USDJPY long open 6.0h still losing (-0.25R) — SL tightened 155.69500→156.26748 (cap at 0.38R, atr_ratio=0.76, progress=0%) (ticket=254)
15:47:50 INFO  Backtest: [STALE-SL] bar=4503 USDJPY long open 7.0h still losing (-0.07R) — SL tightened 156.26748→156.28040 (cap at 0.37R, atr_ratio=0.76, progress=8%) (ticket=254)
15:47:51 INFO  Backtest: [STALE-SL] bar=4505 USDJPY long open 9.0h still losing (-0.13R) — SL tightened 156.28108→156.30270 (cap at 0.34R, atr_ratio=0.76, progress=25%) (ticket=254)
15:47:51 INFO  Backtest: [STALE-SL] bar=4506 USDJPY long open 10.0h still losing (-0.03R) — SL tightened 156.30270→156.33030 (cap at 0.31R, atr_ratio=0.72, progress=33%) (ticket=254)
15:47:51 INFO  Backtest: [STALE-SL] bar=4508 USDJPY long open 12.0h still losing (-0.01R) — SL tightened 156.33030→156.39771 (cap at 0.24R, atr_ratio=0.60, progress=50%) (ticket=254)
15:47:51 INFO  Backtest: [STALE-SL] bar=4509 USDJPY long open 13.0h still losing (-0.01R) — SL tightened 156.39771→156.40982 (cap at 0.23R, atr_ratio=0.59, progress=58%) (ticket=254)
15:47:51 INFO  Backtest: [STALE-SL] bar=4510 USDJPY long open 14.0h still losing (-0.14R) — SL tightened 156.40982→156.41723 (cap at 0.22R, atr_ratio=0.59, progress=67%) (ticket=254)
15:47:51 INFO  Backtest: [EXIT-SL] USDJPY LONG entry=156.61855 exit=156.41723 pnl=-195.91 (-0.23R) bars_held=15 (ticket=254)
15:47:53 INFO  BacktestEngine: [2025-01-23 17:00] ENTRY USDJPY SHORT @ 156.16057 SL=156.65300 TP=155.42300 (ticket=255)
15:47:53 INFO  Backtest: [EXIT-TIME-STOP] USDJPY SHORT entry=156.16519 exit=155.96800 pnl=+269.01 (+0.39R) (ticket=255)
15:47:54 INFO  BacktestEngine: [2025-01-23 22:00] ENTRY USDJPY SHORT @ 155.96650 SL=156.49600 TP=155.17200 (ticket=256)
15:47:55 INFO  Backtest: [EXIT-TIME-STOP] USDJPY SHORT entry=155.96998 exit=156.31100 pnl=-460.13 (-0.66R) (ticket=256)
15:47:55 INFO  BacktestEngine: [2025-01-24 03:00] ENTRY USDJPY LONG @ 156.31250 SL=155.81400 TP=157.06000 (ticket=257)
15:47:55 INFO  Backtest: [EXIT-SL] USDJPY LONG entry=156.32664 exit=155.81400 pnl=-885.44 (-1.04R) bars_held=1 (ticket=257)
15:47:56 INFO  BacktestEngine: [2025-01-24 10:00] ENTRY USDJPY SHORT @ 155.37691 SL=156.20600 TP=153.90200 (ticket=258)
15:47:56 INFO  Backtest: [EXIT-SL] USDJPY SHORT entry=155.38321 exit=156.20600 pnl=-717.95 (-1.00R) bars_held=3 (ticket=258)
15:47:57 INFO  BacktestEngine: [2025-01-24 18:00] ENTRY USDJPY LONG @ 155.58350 SL=154.72200 TP=156.87600 (ticket=263)
15:47:59 INFO  BacktestEngine: [2025-01-27 07:00] ENTRY USDJPY LONG @ 156.06550 SL=155.36800 TP=157.11100 (ticket=264)
15:47:59 INFO  Backtest: [EXIT-SL] USDJPY LONG entry=156.06269 exit=155.36800 pnl=-843.70 (-1.01R) bars_held=2 (ticket=264)
15:48:01 INFO  BacktestEngine: [2025-01-27 22:00] ENTRY USDJPY LONG @ 154.58050 SL=153.61900 TP=156.02300 (ticket=265)
15:48:02 INFO  Backtest: [PARTIAL-TP1] bar=4576 USDJPY long closed 20% @ 155.55200 (+1R) SL: 153.61900→154.43662 (BE+15%R) rem_qty=0.76 rem_risk=$665.18 (ticket=265)
15:48:03 INFO  Backtest: [EXIT-TIME-STOP] USDJPY LONG entry=154.58090 exit=155.49100 pnl=+624.10 (+0.94R) (ticket=265)
15:48:04 INFO  BacktestEngine: [2025-01-28 17:00] ENTRY USDJPY LONG @ 155.71941 SL=154.91400 TP=156.92700 (ticket=266)
15:48:05 INFO  Backtest: [STALE-SL] bar=4596 USDJPY long open 6.0h still losing (-0.22R) — SL tightened 154.91400→155.37122 (cap at 0.43R, atr_ratio=0.86, progress=0%) (ticket=266)
15:48:05 INFO  Backtest: [STALE-SL] bar=4597 USDJPY long open 7.0h still losing (-0.19R) — SL tightened 155.37122→155.40795 (cap at 0.38R, atr_ratio=0.80, progress=8%) (ticket=266)
15:48:05 INFO  Backtest: [STALE-SL] bar=4598 USDJPY long open 8.0h still losing (-0.11R) — SL tightened 155.40795→155.45535 (cap at 0.33R, atr_ratio=0.70, progress=17%) (ticket=266)
15:48:05 INFO  Backtest: [STALE-SL] bar=4599 USDJPY long open 9.0h still losing (-0.01R) — SL tightened 155.45535→155.47010 (cap at 0.31R, atr_ratio=0.68, progress=25%) (ticket=266)
15:48:05 INFO  Backtest: [STALE-SL] bar=4600 USDJPY long open 10.0h still losing (-0.11R) — SL tightened 155.47010→155.48288 (cap at 0.29R, atr_ratio=0.67, progress=33%) (ticket=266)
15:48:05 INFO  Backtest: [EXIT-SL] USDJPY LONG entry=155.71692 exit=155.48288 pnl=-217.77 (-0.30R) bars_held=11 (ticket=266)
15:48:07 INFO  BacktestEngine: [2025-01-29 13:00] ENTRY USDJPY LONG @ 155.41950 SL=154.86100 TP=156.25700 (ticket=267)
15:48:09 INFO  Backtest: [STALE-SL] bar=4616 USDJPY long open 6.0h still losing (-0.53R) — SL tightened 154.86100→155.13860 (cap at 0.50R, atr_ratio=1.00, progress=0%) (ticket=267)
15:48:09 INFO  Backtest: [EXIT-SL] USDJPY LONG entry=155.41620 exit=155.13860 pnl=-371.25 (-0.51R) bars_held=7 (ticket=267)
  [USDJPY] 4096/5122 bars (80%)
15:48:17 INFO  BacktestEngine: [2025-02-04 02:00] ENTRY USDJPY LONG @ 155.31450 SL=154.44400 TP=156.62000 (ticket=269)
15:48:18 INFO  Backtest: [EXIT-TIME-STOP] USDJPY LONG entry=155.31517 exit=155.24900 pnl=-61.17 (-0.08R) (ticket=269)
15:48:20 INFO  BacktestEngine: [2025-02-04 18:00] ENTRY USDJPY SHORT @ 154.55850 SL=155.19000 TP=153.61200 (ticket=270)
15:48:21 INFO  Backtest: [PARTIAL-TP1] bar=4718 USDJPY short closed 20% @ 153.85900 (+1R) SL: 155.19000→154.65224 (BE+15%R) rem_qty=0.86 rem_risk=$491.73 (ticket=270)
15:48:21 INFO  Backtest: [EXIT-TP] USDJPY SHORT entry=154.55734 exit=153.61200 pnl=+730.39 (+1.49R) bars_held=8 (ticket=270)
15:48:21 INFO  BacktestEngine: [2025-02-05 03:00] ENTRY USDJPY SHORT @ 153.59763 SL=154.56500 TP=152.14700 (ticket=271)
15:48:22 INFO  Backtest: [PARTIAL-TP1] bar=4728 USDJPY short closed 20% @ 152.64000 (+1R) SL: 154.56500→153.74766 (BE+15%R) rem_qty=0.68 rem_risk=$598.55 (ticket=271)
15:48:23 INFO  Backtest: [EXIT-TP] USDJPY SHORT entry=153.60343 exit=152.14700 pnl=+896.48 (+1.50R) bars_held=13 (ticket=271)
15:48:23 INFO  BacktestEngine: [2025-02-05 17:00] ENTRY USDJPY SHORT @ 152.13403 SL=153.33100 TP=150.33900 (ticket=272)
15:48:25 INFO  Backtest: [STALE-SL] bar=4740 USDJPY short open 6.0h still losing (-0.36R) — SL tightened 153.33100→152.65647 (cap at 0.43R, atr_ratio=0.87, progress=0%) (ticket=272)
15:48:25 INFO  Backtest: [EXIT-SL] USDJPY SHORT entry=152.13781 exit=152.65647 pnl=-330.50 (-0.44R) bars_held=7 (ticket=272)
15:48:28 INFO  BacktestEngine: [2025-02-06 17:00] ENTRY USDJPY SHORT @ 151.68448 SL=152.74300 TP=150.09600 (ticket=273)
15:48:30 INFO  Backtest: [STALE-WIN] bar=4767 USDJPY short open 9.0h, profit stalling (now +0.11R, peak +0.49R) — SL→BE 152.74300→151.84615 (ticket=273)
15:48:31 INFO  Backtest: [EXIT-SL] USDJPY SHORT entry=151.68788 exit=151.84615 pnl=-108.74 (-0.16R) bars_held=15 (ticket=273)
15:48:31 INFO  BacktestEngine: [2025-02-07 13:00] ENTRY USDJPY LONG @ 152.15050 SL=151.58600 TP=152.99800 (ticket=275)
15:48:31 INFO  Backtest: [EXIT-SL] USDJPY LONG entry=152.15759 exit=151.58600 pnl=-859.25 (-1.03R) bars_held=1 (ticket=275)
15:48:32 INFO  BacktestEngine: [2025-02-07 19:00] ENTRY USDJPY SHORT @ 151.66357 SL=152.97600 TP=149.69500 (ticket=278)
15:48:32 INFO  BacktestEngine: [2025-02-10 00:00] ENTRY USDJPY SHORT @ 151.52950 SL=152.49900 TP=150.07500 (ticket=279)
15:48:33 INFO  Backtest: [STALE-SL] bar=4795 USDJPY short open 6.0h still losing (-0.43R) — SL tightened 152.49900→151.94525 (cap at 0.43R, atr_ratio=0.85, progress=0%) (ticket=279)
15:48:33 INFO  Backtest: [EXIT-SL] USDJPY SHORT entry=151.53318 exit=151.94525 pnl=-317.05 (-0.43R) bars_held=7 (ticket=279)
15:48:34 INFO  BacktestEngine: [2025-02-10 13:00] ENTRY USDJPY SHORT @ 152.11650 SL=152.76700 TP=151.14000 (ticket=280)
15:48:35 INFO  Backtest: [STALE-WIN] bar=4808 USDJPY short open 6.0h, profit stalling (now +0.11R, peak +0.76R) — SL→BE 152.76700→152.20717 (ticket=280)
15:48:37 INFO  Backtest: [EXIT-TIME-STOP] USDJPY SHORT entry=152.10837 exit=151.98600 pnl=+128.36 (+0.18R) (ticket=280)
  [USDJPY] 4352/5122 bars (85%)
15:48:48 INFO  BacktestEngine: [2025-02-14 06:00] ENTRY USDJPY SHORT @ 152.63150 SL=153.62900 TP=151.13500 (ticket=281)
15:48:50 INFO  Backtest: [STALE-SL] bar=4897 USDJPY short open 6.0h still losing (-0.07R) — SL tightened 153.62900→153.07061 (cap at 0.44R, atr_ratio=0.88, progress=0%) (ticket=281)
15:48:51 INFO  BacktestEngine: [2025-02-17 02:00] ENTRY USDJPY SHORT @ 151.87893 SL=152.46700 TP=150.99700 (ticket=282)
15:48:52 INFO  Backtest: [STALE-WIN] bar=4917 USDJPY short open 6.0h, profit stalling (now +0.02R, peak +0.61R) — SL→BE 152.46700→151.96728 (ticket=282)
15:48:53 INFO  Backtest: [EXIT-TIME-STOP] USDJPY SHORT entry=151.87909 exit=151.38400 pnl=+572.16 (+0.83R) (ticket=282)
15:48:53 INFO  BacktestEngine: [2025-02-17 19:00] ENTRY USDJPY SHORT @ 151.38250 SL=151.99100 TP=150.47000 (ticket=283)
15:48:53 INFO  Backtest: [STALE-SL] bar=4934 USDJPY short open 6.0h still losing (-0.50R) — SL tightened 151.99100→151.62012 (cap at 0.39R, atr_ratio=0.78, progress=0%) (ticket=283)
15:48:53 INFO  Backtest: [EXIT-SL] USDJPY SHORT entry=151.38291 exit=151.62012 pnl=-278.58 (-0.40R) bars_held=7 (ticket=283)
15:48:55 INFO  BacktestEngine: [2025-02-18 15:00] ENTRY USDJPY SHORT @ 151.69450 SL=152.11100 TP=151.06900 (ticket=284)
15:48:56 INFO  Backtest: [STALE-SL] bar=4954 USDJPY short open 6.0h still losing (-0.77R) — SL tightened 152.11100→151.89121 (cap at 0.47R, atr_ratio=0.93, progress=0%) (ticket=284)
15:48:56 INFO  Backtest: [EXIT-SL] USDJPY SHORT entry=151.69838 exit=151.89121 pnl=-333.94 (-0.48R) bars_held=7 (ticket=284)
15:48:57 INFO  BacktestEngine: [2025-02-19 05:00] ENTRY USDJPY SHORT @ 151.89135 SL=152.36700 TP=151.17800 (ticket=286)
15:48:59 INFO  Backtest: [STALE-WIN] bar=4969 USDJPY short open 7.0h, profit stalling (now +0.09R, peak +0.52R) — SL→BE 152.36700→151.95868 (ticket=286)
15:48:59 INFO  Backtest: [PARTIAL-TP1] bar=4972 USDJPY short closed 20% @ 151.33400 (+1R) SL: 151.95868→151.95868 (BE+15%R) rem_qty=1.33 rem_risk=$574.43 (ticket=286)
15:49:00 INFO  Backtest: [EXIT-TIME-STOP] USDJPY SHORT entry=151.88662 exit=151.47700 pnl=+485.72 (+0.85R) (ticket=286)
15:49:00 INFO  BacktestEngine: [2025-02-19 22:00] ENTRY USDJPY SHORT @ 151.47550 SL=151.99700 TP=150.69400 (ticket=287)
15:49:01 INFO  Backtest: [EXIT-TP] USDJPY SHORT entry=151.47351 exit=150.69400 pnl=+1074.61 (+1.48R) bars_held=4 (ticket=287)
15:49:01 INFO  BacktestEngine: [2025-02-20 03:00] ENTRY USDJPY SHORT @ 150.63426 SL=151.45200 TP=149.40800 (ticket=288)
15:49:03 INFO  Backtest: [STALE-WIN] bar=4990 USDJPY short open 6.0h, profit stalling (now +0.37R, peak +0.74R) — SL→BE 151.45200→150.76236 (ticket=288)
15:49:04 INFO  Backtest: [PARTIAL-TP1] bar=4996 USDJPY short closed 20% @ 149.81200 (+1R) SL: 150.76236→150.76236 (BE+15%R) rem_qty=0.80 rem_risk=$595.34 (ticket=288)
15:49:04 INFO  Backtest: [EXIT-TP] USDJPY SHORT entry=150.64066 exit=149.40800 pnl=+891.78 (+1.50R) bars_held=15 (ticket=288)
15:49:04 INFO  BacktestEngine: [2025-02-20 19:00] ENTRY USDJPY SHORT @ 149.46548 SL=150.47300 TP=147.95400 (ticket=289)
15:49:06 INFO  Backtest: [STALE-SL] bar=5006 USDJPY short open 6.0h still losing (-0.36R) — SL tightened 150.47300→149.91783 (cap at 0.45R, atr_ratio=0.89, progress=0%) (ticket=289)
15:49:06 INFO  Backtest: [EXIT-SL] USDJPY SHORT entry=149.47016 exit=149.91783 pnl=-339.79 (-0.45R) bars_held=7 (ticket=289)
15:49:07 INFO  BacktestEngine: [2025-02-21 08:00] ENTRY USDJPY LONG @ 150.51650 SL=149.48400 TP=152.06600 (ticket=290)
15:49:07 INFO  Backtest: [EXIT-TIME-STOP] USDJPY LONG entry=150.51350 exit=150.27200 pnl=-215.42 (-0.24R) (ticket=290)
15:49:08 INFO  BacktestEngine: [2025-02-21 17:00] ENTRY USDJPY SHORT @ 149.54747 SL=150.60400 TP=147.96300 (ticket=293)
15:49:09 INFO  BacktestEngine: [2025-02-24 00:00] ENTRY USDJPY SHORT @ 149.19150 SL=150.12700 TP=147.78800 (ticket=294)
15:49:10 INFO  Backtest: [STALE-SL] bar=5035 USDJPY short open 6.0h still losing (-0.22R) — SL tightened 150.12700→149.66061 (cap at 0.50R, atr_ratio=1.00, progress=0%) (ticket=294)
15:49:11 INFO  Backtest: [STALE-SL] bar=5036 USDJPY short open 7.0h still losing (-0.29R) — SL tightened 149.66061→149.64506 (cap at 0.48R, atr_ratio=1.00, progress=8%) (ticket=294)
15:49:11 INFO  Backtest: [STALE-SL] bar=5037 USDJPY short open 8.0h still losing (-0.28R) — SL tightened 149.64506→149.62951 (cap at 0.47R, atr_ratio=1.00, progress=17%) (ticket=294)
15:49:11 INFO  Backtest: [STALE-SL] bar=5038 USDJPY short open 9.0h still losing (-0.24R) — SL tightened 149.62951→149.60605 (cap at 0.44R, atr_ratio=0.98, progress=25%) (ticket=294)
15:49:11 INFO  Backtest: [STALE-SL] bar=5039 USDJPY short open 10.0h still losing (-0.39R) — SL tightened 149.60605→149.59842 (cap at 0.43R, atr_ratio=1.00, progress=33%) (ticket=294)
15:49:11 INFO  Backtest: [EXIT-SL] USDJPY SHORT entry=149.19421 exit=149.59842 pnl=-299.86 (-0.44R) bars_held=11 (ticket=294)
15:49:12 INFO  BacktestEngine: [2025-02-24 15:00] ENTRY USDJPY LONG @ 149.76352 SL=149.19400 TP=150.61700 (ticket=295)
15:49:12 INFO  Backtest: [EXIT-SL] USDJPY LONG entry=149.78448 exit=149.19400 pnl=-838.28 (-1.05R) bars_held=1 (ticket=295)
15:49:14 INFO  BacktestEngine: [2025-02-25 05:00] ENTRY USDJPY SHORT @ 149.66429 SL=150.22600 TP=148.82100 (ticket=296)
15:49:16 INFO  Backtest: [STALE-SL] bar=5064 USDJPY short open 6.0h still losing (-0.17R) — SL tightened 150.22600→149.94555 (cap at 0.50R, atr_ratio=1.00, progress=0%) (ticket=296)
15:49:16 INFO  Backtest: [EXIT-SL] USDJPY SHORT entry=149.66509 exit=149.94555 pnl=-390.70 (-0.51R) bars_held=7 (ticket=296)
15:49:16 INFO  BacktestEngine: [2025-02-25 17:00] ENTRY USDJPY SHORT @ 149.07325 SL=149.95600 TP=147.75000 (ticket=299)
15:49:17 INFO  Backtest: [STALE-SL] bar=5076 USDJPY short open 6.0h still losing (-0.05R) — SL tightened 149.95600→149.44909 (cap at 0.43R, atr_ratio=0.87, progress=0%) (ticket=299)
15:49:18 INFO  Backtest: [STALE-SL] bar=5079 USDJPY short open 9.0h still losing (-0.18R) — SL tightened 149.44909→149.41898 (cap at 0.40R, atr_ratio=0.89, progress=25%) (ticket=299)
15:49:18 INFO  Backtest: [EXIT-SL] USDJPY SHORT entry=149.06186 exit=149.41898 pnl=-315.38 (-0.41R) bars_held=10 (ticket=299)
15:49:19 INFO  BacktestEngine: [2025-02-26 10:00] ENTRY USDJPY SHORT @ 149.28833 SL=149.94500 TP=148.30300 (ticket=300)
15:49:20 INFO  Backtest: [STALE-SL] bar=5093 USDJPY short open 6.0h still losing (-0.30R) — SL tightened 149.94500→149.61438 (cap at 0.50R, atr_ratio=1.00, progress=0%) (ticket=300)
15:49:21 INFO  Backtest: [STALE-WIN] bar=5099 USDJPY short open 12.0h, profit stalling (now +0.33R, peak +0.68R) — SL→BE 149.61438→149.38295 (ticket=300)
15:49:21 INFO  Backtest: [EXIT-SL] USDJPY SHORT entry=149.28376 exit=149.38295 pnl=-122.55 (-0.16R) bars_held=16 (ticket=300)
15:49:23 INFO  BacktestEngine: [2025-02-27 11:00] ENTRY USDJPY LONG @ 149.84300 SL=149.15400 TP=150.87700 (ticket=301)
15:49:24 INFO  Backtest: [EXIT-TIME-STOP] USDJPY LONG entry=149.84721 exit=149.73300 pnl=-146.43 (-0.18R) (ticket=301)
15:49:25 INFO  BacktestEngine: [2025-02-27 22:00] ENTRY USDJPY SHORT @ 149.69350 SL=150.39600 TP=148.64000 (ticket=303)
15:49:26 INFO  Backtest: [STALE-WIN] bar=5129 USDJPY short open 6.0h, profit stalling (now +0.13R, peak +0.57R) — SL→BE 150.39600→149.80302 (ticket=303)
15:49:26 INFO  Backtest: [EXIT-SL] USDJPY SHORT entry=149.69838 exit=149.80302 pnl=-112.45 (-0.16R) bars_held=8 (ticket=303)
  [USDJPY] 4608/5122 bars (90%)
15:49:28 INFO  BacktestEngine: [2025-02-28 15:00] ENTRY USDJPY LONG @ 150.64957 SL=149.48300 TP=152.40000 (ticket=304)
15:49:29 INFO  BacktestEngine: [2025-03-03 08:00] ENTRY USDJPY SHORT @ 150.46150 SL=151.12900 TP=149.46000 (ticket=305)
15:49:30 INFO  Backtest: [EXIT-SL] USDJPY SHORT entry=150.46747 exit=151.12900 pnl=-712.52 (-1.00R) bars_held=4 (ticket=305)
15:49:31 INFO  BacktestEngine: [2025-03-03 17:00] ENTRY USDJPY SHORT @ 150.23322 SL=151.07300 TP=148.97300 (ticket=306)
15:49:32 INFO  Backtest: [PARTIAL-TP1] bar=5173 USDJPY short closed 20% @ 149.30700 (+1R) SL: 151.07300→150.36105 (BE+15%R) rem_qty=0.74 rem_risk=$562.75 (ticket=306)
15:49:32 INFO  Backtest: [EXIT-TP] USDJPY SHORT entry=150.23541 exit=148.97300 pnl=+840.36 (+1.49R) bars_held=9 (ticket=306)
15:49:33 INFO  BacktestEngine: [2025-03-04 06:00] ENTRY USDJPY SHORT @ 149.13750 SL=150.24400 TP=147.47800 (ticket=307)
15:49:35 INFO  Backtest: [STALE-WIN] bar=5190 USDJPY short open 11.0h, profit stalling (now +0.29R, peak +0.84R) — SL→BE 150.24400→149.30534 (ticket=307)
15:49:35 INFO  Backtest: [EXIT-SL] USDJPY SHORT entry=149.13969 exit=149.30534 pnl=-116.73 (-0.16R) bars_held=14 (ticket=307)
15:49:36 INFO  BacktestEngine: [2025-03-05 00:00] ENTRY USDJPY LONG @ 149.73350 SL=148.81300 TP=151.11400 (ticket=308)
15:49:37 INFO  Backtest: [EXIT-TIME-STOP] USDJPY LONG entry=149.73191 exit=149.97100 pnl=+204.26 (+0.25R) (ticket=308)
15:49:37 INFO  BacktestEngine: [2025-03-05 05:00] ENTRY USDJPY LONG @ 149.97250 SL=149.09800 TP=151.52700 (ticket=309)
15:49:38 INFO  Backtest: [EXIT-TIME-STOP] USDJPY LONG entry=149.97252 exit=149.22200 pnl=-710.67 (-0.87R) (ticket=309)
15:49:38 INFO  BacktestEngine: [2025-03-05 10:00] ENTRY USDJPY SHORT @ 149.22016 SL=150.03600 TP=147.99700 (ticket=310)
15:49:39 INFO  Backtest: [PARTIAL-TP1] bar=5212 USDJPY short closed 20% @ 148.39800 (+1R) SL: 150.03600→149.34499 (BE+15%R) rem_qty=0.74 rem_risk=$552.15 (ticket=310)
15:49:40 INFO  Backtest: [EXIT-TIME-STOP] USDJPY SHORT entry=149.22305 exit=148.99400 pnl=+149.87 (+0.27R) (ticket=310)
15:49:40 INFO  BacktestEngine: [2025-03-06 03:00] ENTRY USDJPY SHORT @ 148.99250 SL=149.78300 TP=147.80600 (ticket=311)
15:49:42 INFO  Backtest: [PARTIAL-TP1] bar=5230 USDJPY short closed 20% @ 148.15400 (+1R) SL: 149.78300→149.10885 (BE+15%R) rem_qty=0.82 rem_risk=$587.27 (ticket=311)
15:49:42 INFO  Backtest: [EXIT-TP] USDJPY SHORT entry=148.98988 exit=147.80600 pnl=+873.39 (+1.49R) bars_held=7 (ticket=311)
15:49:42 INFO  BacktestEngine: [2025-03-06 11:00] ENTRY USDJPY SHORT @ 147.88101 SL=149.03400 TP=146.15200 (ticket=312)
15:49:44 INFO  Backtest: [STALE-SL] bar=5238 USDJPY short open 6.0h still losing (-0.02R) — SL tightened 149.03400→148.45678 (cap at 0.50R, atr_ratio=1.00, progress=0%) (ticket=312)
15:49:44 INFO  Backtest: [STALE-SL] bar=5239 USDJPY short open 7.0h still losing (-0.03R) — SL tightened 148.45678→148.43754 (cap at 0.48R, atr_ratio=1.00, progress=8%) (ticket=312)
15:49:44 INFO  Backtest: [STALE-WIN] bar=5240 USDJPY short open 8.0h, profit stalling (now +0.07R, peak +0.40R) — SL→BE 148.43754→148.05272 (ticket=312)
15:49:45 INFO  Backtest: [EXIT-SL] USDJPY SHORT entry=147.87955 exit=148.05272 pnl=-116.85 (-0.16R) bars_held=11 (ticket=312)
15:49:45 INFO  BacktestEngine: [2025-03-07 03:00] ENTRY USDJPY SHORT @ 147.89950 SL=148.69000 TP=146.71400 (ticket=313)
15:49:47 INFO  Backtest: [STALE-WIN] bar=5257 USDJPY short open 9.0h, profit stalling (now +0.26R, peak +0.72R) — SL→BE 148.69000→148.02080 (ticket=313)
15:49:50 INFO  BacktestEngine: [2025-03-10 02:00] ENTRY USDJPY SHORT @ 147.29350 SL=148.25900 TP=145.84500 (ticket=314)
15:49:51 INFO  Backtest: [STALE-SL] bar=5277 USDJPY short open 6.0h still losing (-0.28R) — SL tightened 148.25900→147.64828 (cap at 0.37R, atr_ratio=0.74, progress=0%) (ticket=314)
15:49:52 INFO  Backtest: [STALE-WIN] bar=5285 USDJPY short open 14.0h, profit stalling (now +0.15R, peak +0.54R) — SL→BE 147.64828→147.43691 (ticket=314)
15:49:52 INFO  Backtest: [EXIT-TIME-STOP] USDJPY SHORT entry=147.29184 exit=147.18600 pnl=+73.23 (+0.10R) (ticket=314)
15:49:52 INFO  BacktestEngine: [2025-03-10 19:00] ENTRY USDJPY SHORT @ 147.18450 SL=147.98400 TP=145.98500 (ticket=315)
15:49:54 INFO  Backtest: [STALE-WIN] bar=5297 USDJPY short open 9.0h, profit stalling (now +0.08R, peak +0.54R) — SL→BE 147.98400→147.30126 (ticket=315)
15:49:54 INFO  Backtest: [EXIT-SL] USDJPY SHORT entry=147.18078 exit=147.30126 pnl=-115.47 (-0.16R) bars_held=12 (ticket=315)
15:49:56 INFO  BacktestEngine: [2025-03-11 18:00] ENTRY USDJPY SHORT @ 147.28850 SL=148.16200 TP=145.97900 (ticket=316)
15:49:57 INFO  Backtest: [STALE-SL] bar=5317 USDJPY short open 6.0h still losing (-0.86R) — SL tightened 148.16200→147.71148 (cap at 0.48R, atr_ratio=0.97, progress=0%) (ticket=316)
15:49:57 INFO  Backtest: [EXIT-SL] USDJPY SHORT entry=147.29132 exit=147.71148 pnl=-338.73 (-0.49R) bars_held=7 (ticket=316)
15:49:58 INFO  BacktestEngine: [2025-03-12 06:00] ENTRY USDJPY LONG @ 148.15050 SL=147.07200 TP=149.76800 (ticket=317)
15:49:59 INFO  Backtest: [EXIT-TIME-STOP] USDJPY LONG entry=148.14945 exit=148.60700 pnl=+372.53 (+0.42R) (ticket=317)
15:49:59 INFO  BacktestEngine: [2025-03-12 11:00] ENTRY USDJPY LONG @ 148.60913 SL=147.47400 TP=150.31200 (ticket=318)
15:50:00 INFO  Backtest: [EXIT-TIME-STOP] USDJPY LONG entry=148.61531 exit=148.31500 pnl=-243.84 (-0.27R) (ticket=318)
15:50:00 INFO  BacktestEngine: [2025-03-12 17:00] ENTRY USDJPY SHORT @ 148.31850 SL=149.14300 TP=147.08100 (ticket=319)
15:50:03 INFO  Backtest: [EXIT-TIME-STOP] USDJPY SHORT entry=148.31577 exit=147.91800 pnl=+362.07 (+0.47R) (ticket=319)
15:50:03 INFO  BacktestEngine: [2025-03-13 10:00] ENTRY USDJPY SHORT @ 147.91629 SL=148.50300 TP=146.87300 (ticket=320)
15:50:05 INFO  Backtest: [STALE-WIN] bar=5362 USDJPY short open 11.0h, profit stalling (now +0.21R, peak +0.56R) — SL→BE 148.50300→148.00305 (ticket=320)
15:50:05 INFO  Backtest: [EXIT-SL] USDJPY SHORT entry=147.91483 exit=148.00305 pnl=-107.36 (-0.16R) bars_held=15 (ticket=320)
15:50:05 INFO  BacktestEngine: [2025-03-14 02:00] ENTRY USDJPY LONG @ 148.29885 SL=147.71100 TP=149.18000 (ticket=321)
15:50:06 INFO  Backtest: [EXIT-TIME-STOP] USDJPY LONG entry=148.29745 exit=148.46500 pnl=+202.21 (+0.27R) (ticket=321)
15:50:06 INFO  BacktestEngine: [2025-03-14 07:00] ENTRY USDJPY LONG @ 148.46650 SL=147.92100 TP=149.43600 (ticket=322)
15:50:07 INFO  Backtest: [EXIT-TIME-STOP] USDJPY LONG entry=148.46908 exit=148.79900 pnl=+436.91 (+0.59R) (ticket=322)
15:50:07 INFO  BacktestEngine: [2025-03-14 12:00] ENTRY USDJPY LONG @ 148.80143 SL=148.05100 TP=149.92700 (ticket=323)
15:50:07 INFO  Backtest: [EXIT-TIME-STOP] USDJPY LONG entry=148.79971 exit=148.51700 pnl=-288.05 (-0.39R) (ticket=323)
15:50:08 INFO  BacktestEngine: [2025-03-14 17:00] ENTRY USDJPY SHORT @ 148.51550 SL=149.12600 TP=147.59900 (ticket=324)
  [USDJPY] 4864/5122 bars (95%)
15:50:09 INFO  BacktestEngine: [2025-03-17 06:00] ENTRY USDJPY LONG @ 149.03692 SL=148.19500 TP=150.29900 (ticket=325)
15:50:10 INFO  Backtest: [EXIT-TIME-STOP] USDJPY LONG entry=149.03777 exit=148.66400 pnl=-385.31 (-0.45R) (ticket=325)
15:50:10 INFO  BacktestEngine: [2025-03-17 16:00] ENTRY USDJPY SHORT @ 148.59550 SL=149.23000 TP=147.64400 (ticket=328)
15:50:11 INFO  Backtest: [EXIT-SL] USDJPY SHORT entry=148.59594 exit=149.23000 pnl=-729.99 (-1.01R) bars_held=3 (ticket=328)
15:50:12 INFO  BacktestEngine: [2025-03-18 01:00] ENTRY USDJPY LONG @ 149.39650 SL=148.56900 TP=150.63800 (ticket=330)
15:50:12 INFO  Backtest: [EXIT-TIME-STOP] USDJPY LONG entry=149.39404 exit=149.55800 pnl=+146.47 (+0.19R) (ticket=330)
15:50:13 INFO  BacktestEngine: [2025-03-18 08:00] ENTRY USDJPY LONG @ 149.73650 SL=148.97200 TP=150.88300 (ticket=331)
15:50:13 INFO  Backtest: [EXIT-TIME-STOP] USDJPY LONG entry=149.73447 exit=149.74500 pnl=+2.87 (+0.00R) (ticket=331)
15:50:14 INFO  BacktestEngine: [2025-03-18 18:00] ENTRY USDJPY SHORT @ 149.41455 SL=149.96000 TP=148.59600 (ticket=332)
15:50:16 INFO  Backtest: [STALE-SL] bar=5436 USDJPY short open 6.0h still losing (-0.07R) — SL tightened 149.96000→149.67546 (cap at 0.49R, atr_ratio=0.98, progress=0%) (ticket=332)
15:50:16 INFO  Backtest: [STALE-SL] bar=5437 USDJPY short open 7.0h still losing (-0.37R) — SL tightened 149.67546→149.67001 (cap at 0.48R, atr_ratio=0.99, progress=8%) (ticket=332)
15:50:16 INFO  Backtest: [STALE-SL] bar=5438 USDJPY short open 8.0h still losing (-0.11R) — SL tightened 149.67001→149.66250 (cap at 0.47R, atr_ratio=1.00, progress=17%) (ticket=332)
15:50:16 INFO  Backtest: [STALE-SL] bar=5439 USDJPY short open 9.0h still losing (-0.04R) — SL tightened 149.66250→149.65320 (cap at 0.45R, atr_ratio=1.00, progress=25%) (ticket=332)
15:50:16 INFO  Backtest: [STALE-SL] bar=5441 USDJPY short open 11.0h still losing (-0.23R) — SL tightened 149.65320→149.63461 (cap at 0.42R, atr_ratio=1.00, progress=42%) (ticket=332)
15:50:16 INFO  Backtest: [EXIT-SL] USDJPY SHORT entry=149.40219 exit=149.63461 pnl=-288.42 (-0.44R) bars_held=12 (ticket=332)
15:50:17 INFO  BacktestEngine: [2025-03-19 07:00] ENTRY USDJPY LONG @ 149.77460 SL=149.03700 TP=150.88100 (ticket=333)
15:50:17 INFO  Backtest: [EXIT-TIME-STOP] USDJPY LONG entry=149.77876 exit=149.77800 pnl=-9.46 (-0.01R) (ticket=333)
15:50:19 INFO  BacktestEngine: [2025-03-19 21:00] ENTRY USDJPY SHORT @ 148.83939 SL=149.57500 TP=147.73600 (ticket=334)
15:50:20 INFO  Backtest: [STALE-WIN] bar=5468 USDJPY short open 11.0h, profit stalling (now +0.35R, peak +0.77R) — SL→BE 149.57500→148.95392 (ticket=334)
15:50:21 INFO  Backtest: [EXIT-TIME-STOP] USDJPY SHORT entry=148.84431 exit=148.55900 pnl=+265.27 (+0.38R) (ticket=334)
15:50:21 INFO  BacktestEngine: [2025-03-20 14:00] ENTRY USDJPY SHORT @ 148.55713 SL=149.15900 TP=147.65400 (ticket=335)
15:50:22 INFO  Backtest: [STALE-SL] bar=5480 USDJPY short open 6.0h still losing (-0.38R) — SL tightened 149.15900→148.85696 (cap at 0.50R, atr_ratio=1.00, progress=0%) (ticket=335)
15:50:23 INFO  Backtest: [STALE-SL] bar=5481 USDJPY short open 7.0h still losing (-0.35R) — SL tightened 148.85696→148.84689 (cap at 0.48R, atr_ratio=1.00, progress=8%) (ticket=335)
15:50:23 INFO  Backtest: [STALE-SL] bar=5482 USDJPY short open 8.0h still losing (-0.33R) — SL tightened 148.84689→148.83683 (cap at 0.47R, atr_ratio=1.00, progress=17%) (ticket=335)
15:50:23 INFO  Backtest: [STALE-SL] bar=5483 USDJPY short open 9.0h still losing (-0.27R) — SL tightened 148.83683→148.82343 (cap at 0.44R, atr_ratio=0.99, progress=25%) (ticket=335)
15:50:23 INFO  Backtest: [STALE-SL] bar=5484 USDJPY short open 10.0h still losing (-0.11R) — SL tightened 148.82343→148.79840 (cap at 0.40R, atr_ratio=0.93, progress=33%) (ticket=335)
15:50:23 INFO  Backtest: [EXIT-SL] USDJPY SHORT entry=148.55493 exit=148.79840 pnl=-292.56 (-0.42R) bars_held=11 (ticket=335)
15:50:24 INFO  BacktestEngine: [2025-03-21 05:00] ENTRY USDJPY LONG @ 149.21084 SL=148.68500 TP=149.99900 (ticket=336)
15:50:24 INFO  Backtest: [EXIT-TIME-STOP] USDJPY LONG entry=149.20987 exit=149.48400 pnl=+400.06 (+0.51R) (ticket=336)
15:50:24 INFO  BacktestEngine: [2025-03-21 13:00] ENTRY USDJPY SHORT @ 148.88977 SL=149.45800 TP=148.03800 (ticket=337)
15:50:25 INFO  BacktestEngine: [2025-03-24 00:00] ENTRY USDJPY LONG @ 149.57974 SL=149.04300 TP=150.38500 (ticket=338)
15:50:26 INFO  Backtest: [EXIT-TIME-STOP] USDJPY LONG entry=149.57428 exit=149.80800 pnl=+351.73 (+0.42R) (ticket=338)
15:50:26 INFO  BacktestEngine: [2025-03-24 05:00] ENTRY USDJPY LONG @ 149.80950 SL=149.08400 TP=150.89800 (ticket=339)
15:50:27 INFO  Backtest: [EXIT-TIME-STOP] USDJPY LONG entry=149.81367 exit=149.62200 pnl=-230.41 (-0.27R) (ticket=339)
15:50:27 INFO  BacktestEngine: [2025-03-24 10:00] ENTRY USDJPY SHORT @ 149.62029 SL=150.12100 TP=148.86900 (ticket=340)
15:50:28 INFO  Backtest: [EXIT-SL] USDJPY SHORT entry=149.61373 exit=150.12100 pnl=-731.04 (-1.03R) bars_held=4 (ticket=340)
15:50:29 INFO  BacktestEngine: [2025-03-24 22:00] ENTRY USDJPY LONG @ 150.68350 SL=149.92600 TP=151.82000 (ticket=341)
15:50:30 INFO  Backtest: [EXIT-TIME-STOP] USDJPY LONG entry=150.61693 exit=150.66100 pnl=+39.72 (+0.05R) (ticket=341)
15:50:31 INFO  BacktestEngine: [2025-03-25 06:00] ENTRY USDJPY SHORT @ 150.54950 SL=151.00600 TP=149.73700 (ticket=342)
15:50:32 INFO  Backtest: [PARTIAL-TP1] bar=5544 USDJPY short closed 20% @ 149.95900 (+1R) SL: 151.00600→150.61717 (BE+15%R) rem_qty=1.36 rem_risk=$565.34 (ticket=342)
15:50:32 INFO  Backtest: [EXIT-TP] USDJPY SHORT entry=150.54855 exit=149.73700 pnl=+994.86 (+1.76R) bars_held=8 (ticket=342)
15:50:32 INFO  BacktestEngine: [2025-03-25 15:00] ENTRY USDJPY SHORT @ 149.77124 SL=150.26900 TP=149.02500 (ticket=343)
15:50:34 INFO  Backtest: [STALE-SL] bar=5552 USDJPY short open 6.0h still losing (-0.22R) — SL tightened 150.26900→150.00108 (cap at 0.46R, atr_ratio=0.92, progress=0%) (ticket=343)
15:50:34 INFO  Backtest: [STALE-SL] bar=5553 USDJPY short open 7.0h still losing (-0.16R) — SL tightened 150.00108→149.98787 (cap at 0.43R, atr_ratio=0.90, progress=8%) (ticket=343)
15:50:34 INFO  Backtest: [STALE-SL] bar=5554 USDJPY short open 8.0h still losing (-0.35R) — SL tightened 149.98787→149.97026 (cap at 0.40R, atr_ratio=0.85, progress=17%) (ticket=343)
15:50:34 INFO  Backtest: [EXIT-SL] USDJPY SHORT entry=149.77217 exit=149.97026 pnl=-295.87 (-0.41R) bars_held=9 (ticket=343)
15:50:42 INFO  BacktestEngine: [2025-03-28 02:00] ENTRY USDJPY SHORT @ 150.95223 SL=151.43100 TP=150.23300 (ticket=344)
15:50:43 INFO  Backtest: [PARTIAL-TP1] bar=5611 USDJPY short closed 20% @ 150.38800 (+1R) SL: 151.43100→151.02460 (BE+15%R) rem_qty=1.23 rem_risk=$537.27 (ticket=344)
15:50:45 INFO  Backtest: [EXIT-TP] USDJPY SHORT entry=150.95288 exit=150.23300 pnl=+798.45 (+1.49R) bars_held=13 (ticket=344)
15:50:45 INFO  BacktestEngine: [2025-03-28 16:00] ENTRY USDJPY SHORT @ 150.07856 SL=150.67800 TP=149.18000 (ticket=345)
15:50:46 INFO  BacktestEngine: [2025-03-31 00:00] ENTRY USDJPY SHORT @ 149.61550 SL=150.48700 TP=148.30900 (ticket=346)
15:50:48 INFO  Backtest: [STALE-WIN] bar=5637 USDJPY short open 11.0h, profit stalling (now +0.48R, peak +0.82R) — SL→BE 150.48700→149.73983 (ticket=346)
15:50:48 INFO  Backtest: [EXIT-SL] USDJPY SHORT entry=149.60797 exit=149.73983 pnl=-116.83 (-0.16R) bars_held=15 (ticket=346)
15:50:48 INFO  BacktestEngine: [2025-03-31 16:00] ENTRY USDJPY LONG @ 149.65677 SL=148.61600 TP=151.21700 (ticket=347)
15:50:49 INFO  Backtest: [EXIT-TIME-STOP] USDJPY LONG entry=149.65247 exit=150.11200 pnl=+370.06 (+0.43R) (ticket=347)
15:50:49 INFO  BacktestEngine: [2025-03-31 21:00] ENTRY USDJPY LONG @ 150.11350 SL=149.42800 TP=151.33200 (ticket=348)
  [USDJPY] 5120/5122 bars (100%)
  [USDJPY] 5122/5122 bars (100%)
15:50:49 INFO  BacktestEngine: Backtest done: 304 trades  equity 100000 → 106076 (+6.08%)
15:50:49 INFO  SymbolTuner:     ct=0.6  trades=304  Sharpe=0.779  return=+6.08%
/home/hkerroum/anaconda3/lib/python3.11/site-packages/yfinance/scrapers/history.py:204: Pandas4Warning: Timestamp.utcnow is deprecated and will be removed in a future version. Use Timestamp.now('UTC') instead.
  dt_now = pd.Timestamp.utcnow()
/home/hkerroum/anaconda3/lib/python3.11/site-packages/yfinance/scrapers/history.py:204: Pandas4Warning: Timestamp.utcnow is deprecated and will be removed in a future version. Use Timestamp.now('UTC') instead.
  dt_now = pd.Timestamp.utcnow()
/home/hkerroum/anaconda3/lib/python3.11/site-packages/yfinance/scrapers/history.py:204: Pandas4Warning: Timestamp.utcnow is deprecated and will be removed in a future version. Use Timestamp.now('UTC') instead.
  dt_now = pd.Timestamp.utcnow()
/home/hkerroum/anaconda3/lib/python3.11/site-packages/yfinance/scrapers/history.py:204: Pandas4Warning: Timestamp.utcnow is deprecated and will be removed in a future version. Use Timestamp.now('UTC') instead.
  dt_now = pd.Timestamp.utcnow()
15:50:50 INFO  BacktestEngine: Macro history pre-loaded: 231 days (2024-05-02 → 2025-04-03)
15:50:50 INFO  root: Registered agent: RegimeAgent
15:50:50 INFO  root: Registered agent: TrendAgent
15:50:50 INFO  root: Registered agent: MomentumAgent
15:50:50 INFO  root: Registered agent: MeanReversionAgent
15:50:50 INFO  root: Registered agent: VolatilityAgent
15:50:50 INFO  root: Registered agent: BreadthAgent
15:50:50 INFO  root: Registered agent: PatternAgent
15:50:50 INFO  root: Registered agent: IntermarketAgent
15:50:50 INFO  root: Registered agent: SessionBreakoutAgent
15:50:50 INFO  root: Registered agent: DivergenceAgent
15:50:50 INFO  root: Registered agent: ScalpingAgent
15:50:50 INFO  root: Registered agent: VwapScalpAgent
15:50:50 INFO  root: Registered agent: SqueezeBreakoutAgent
15:50:50 INFO  root: Registered agent: OrderFlowAgent
15:50:50 INFO  root: Registered agent: CorrelationAgent
15:50:50 INFO  BacktestEngine: [timing] mid_tf=1H  bar=3600s  signal=300s → agent_interval=1 bars  surv=60s → surv_interval=1 bars
15:51:05 INFO  BacktestEngine: [2024-06-10 00:00] ENTRY USDJPY LONG @ 156.74450 SL=155.81700 TP=158.13500 (ticket=1)
15:51:06 INFO  Backtest: [STALE-WIN] bar=661 USDJPY long open 12.0h, profit stalling (now +0.10R, peak +0.45R) — SL→BE 155.81700→156.60089 (ticket=1)
15:51:07 INFO  Backtest: [EXIT-TIME-STOP] USDJPY LONG entry=156.73923 exit=156.90500 pnl=+122.28 (+0.17R) (ticket=1)
15:51:09 INFO  BacktestEngine: [2024-06-10 21:00] ENTRY USDJPY LONG @ 157.08050 SL=156.69500 TP=157.65900 (ticket=2)
15:51:10 INFO  Backtest: [STALE-WIN] bar=683 USDJPY long open 13.0h, profit stalling (now +0.36R, peak +0.68R) — SL→BE 156.69500→157.02251 (ticket=2)
15:51:11 INFO  Backtest: [EXIT-TIME-STOP] USDJPY LONG entry=157.08031 exit=157.10000 pnl=+22.49 (+0.03R) (ticket=2)
15:51:12 INFO  BacktestEngine: [2024-06-11 17:00] ENTRY USDJPY LONG @ 157.32419 SL=156.85300 TP=158.03100 (ticket=3)
15:51:13 INFO  Backtest: [STALE-SL] bar=696 USDJPY long open 6.0h still losing (-0.43R) — SL tightened 156.85300→157.08756 (cap at 0.50R, atr_ratio=1.00, progress=0%) (ticket=3)
15:51:13 INFO  Backtest: [EXIT-SL] USDJPY LONG entry=157.32213 exit=157.08756 pnl=-429.88 (-0.51R) bars_held=7 (ticket=3)
15:51:13 INFO  BacktestEngine: [2024-06-12 01:00] ENTRY USDJPY LONG @ 157.14050 SL=156.80300 TP=157.64600 (ticket=4)
15:51:15 INFO  Backtest: [EXIT-SL] USDJPY LONG entry=157.14298 exit=156.80300 pnl=-816.26 (-1.03R) bars_held=13 (ticket=4)
15:51:16 INFO  BacktestEngine: [2024-06-12 22:00] ENTRY USDJPY LONG @ 156.83880 SL=156.23800 TP=157.74000 (ticket=5)
15:51:18 INFO  Backtest: [EXIT-TIME-STOP] USDJPY LONG entry=156.84097 exit=157.02500 pnl=+231.08 (+0.29R) (ticket=5)
15:51:18 INFO  BacktestEngine: [2024-06-13 16:00] ENTRY USDJPY LONG @ 157.18655 SL=156.68300 TP=157.94200 (ticket=6)
15:51:18 INFO  Backtest: [STALE-SL] bar=743 USDJPY long open 6.0h still losing (-0.34R) — SL tightened 156.68300→156.93668 (cap at 0.50R, atr_ratio=1.00, progress=0%) (ticket=6)
15:51:18 INFO  Backtest: [EXIT-SL] USDJPY LONG entry=157.19036 exit=156.93668 pnl=-411.48 (-0.52R) bars_held=7 (ticket=6)
15:51:19 INFO  BacktestEngine: [2024-06-14 03:00] ENTRY USDJPY LONG @ 157.20250 SL=156.77400 TP=157.84500 (ticket=7)
15:51:19 INFO  Backtest: [EXIT-TP] USDJPY LONG entry=157.20966 exit=157.84500 pnl=+1113.75 (+1.47R) bars_held=2 (ticket=7)
15:51:19 INFO  BacktestEngine: [2024-06-14 07:00] ENTRY USDJPY LONG @ 157.94450 SL=157.06300 TP=159.26600 (ticket=8)
15:51:20 INFO  Backtest: [EXIT-SL] USDJPY LONG entry=157.94252 exit=157.06300 pnl=-775.07 (-1.01R) bars_held=4 (ticket=8)
15:51:21 INFO  BacktestEngine: [2024-06-14 19:00] ENTRY USDJPY LONG @ 157.31550 SL=156.58000 TP=158.41800 (ticket=9)
15:51:21 INFO  BacktestEngine: [2024-06-17 00:00] ENTRY USDJPY LONG @ 157.34650 SL=156.75100 TP=158.23900 (ticket=10)
15:51:22 INFO  Backtest: [STALE-WIN] bar=777 USDJPY long open 8.0h, profit stalling (now +0.02R, peak +0.37R) — SL→BE 156.75100→157.24939 (ticket=10)
  [USDJPY] 256/5122 bars (5%)
15:51:24 INFO  Backtest: [EXIT-TIME-STOP] USDJPY LONG entry=157.33734 exit=157.85500 pnl=+649.70 (+0.86R) (ticket=10)
15:51:24 INFO  BacktestEngine: [2024-06-17 17:00] ENTRY USDJPY LONG @ 157.85650 SL=157.17200 TP=158.88300 (ticket=11)
15:51:24 INFO  Backtest: [STALE-SL] bar=792 USDJPY long open 6.0h still losing (-0.20R) — SL tightened 157.17200→157.59670 (cap at 0.38R, atr_ratio=0.76, progress=0%) (ticket=11)
15:51:25 INFO  Backtest: [STALE-SL] bar=793 USDJPY long open 7.0h still losing (-0.22R) — SL tightened 157.59670→157.62460 (cap at 0.34R, atr_ratio=0.71, progress=8%) (ticket=11)
15:51:25 INFO  Backtest: [STALE-SL] bar=794 USDJPY long open 8.0h still losing (-0.24R) — SL tightened 157.62460→157.64258 (cap at 0.32R, atr_ratio=0.68, progress=17%) (ticket=11)
15:51:25 INFO  Backtest: [EXIT-SL] USDJPY LONG entry=157.85933 exit=157.64258 pnl=-249.18 (-0.33R) bars_held=9 (ticket=11)
15:51:25 INFO  BacktestEngine: [2024-06-18 04:00] ENTRY USDJPY SHORT @ 157.58535 SL=157.80000 TP=157.26400 (ticket=12)
15:51:25 INFO  Backtest: [EXIT-SL] USDJPY SHORT entry=157.58373 exit=157.80000 pnl=-707.19 (-1.04R) bars_held=3 (ticket=12)
15:51:26 INFO  BacktestEngine: [2024-06-18 12:00] ENTRY USDJPY LONG @ 158.09991 SL=157.58100 TP=158.87900 (ticket=16)
15:51:27 INFO  Backtest: [STALE-SL] bar=811 USDJPY long open 6.0h still losing (-0.75R) — SL tightened 157.58100→157.84155 (cap at 0.50R, atr_ratio=1.00, progress=0%) (ticket=16)
15:51:27 INFO  Backtest: [EXIT-SL] USDJPY LONG entry=158.10209 exit=157.84155 pnl=-407.64 (-0.52R) bars_held=7 (ticket=16)
15:51:28 INFO  BacktestEngine: [2024-06-19 07:00] ENTRY USDJPY LONG @ 157.85250 SL=157.56300 TP=158.28700 (ticket=17)
15:51:31 INFO  Backtest: [EXIT-TIME-STOP] USDJPY LONG entry=157.85210 exit=157.99000 pnl=+337.69 (+0.45R) (ticket=17)
15:51:31 INFO  BacktestEngine: [2024-06-20 00:00] ENTRY USDJPY LONG @ 157.99261 SL=157.66200 TP=158.48900 (ticket=18)
15:51:32 INFO  Backtest: [PARTIAL-TP1] bar=851 USDJPY long closed 20% @ 158.43700 (+1R) SL: 157.66200→157.94825 (BE+15%R) rem_qty=2.21 rem_risk=$664.65 (ticket=18)
15:51:32 INFO  Backtest: [EXIT-TP] USDJPY LONG entry=157.99877 exit=158.48900 pnl=+969.56 (+1.46R) bars_held=14 (ticket=18)
15:51:32 INFO  BacktestEngine: [2024-06-20 15:00] ENTRY USDJPY LONG @ 158.54899 SL=158.12600 TP=159.18300 (ticket=19)
15:51:33 INFO  Backtest: [PARTIAL-TP1] bar=867 USDJPY long closed 20% @ 159.10500 (+1R) SL: 158.12600→158.48039 (BE+15%R) rem_qty=1.75 rem_risk=$674.07 (ticket=19)
15:51:33 INFO  Backtest: [EXIT-TIME-STOP] USDJPY LONG entry=158.54293 exit=158.94900 pnl=+635.14 (+0.94R) (ticket=19)
15:51:33 INFO  BacktestEngine: [2024-06-21 13:00] ENTRY USDJPY LONG @ 159.00450 SL=158.51900 TP=159.73300 (ticket=20)
15:51:34 INFO  Backtest: [PARTIAL-TP1] bar=881 USDJPY long closed 20% @ 159.57600 (+1R) SL: 158.51900→158.93208 (BE+15%R) rem_qty=1.59 rem_risk=$703.73 (ticket=20)
15:51:34 INFO  BacktestEngine: [2024-06-24 00:00] ENTRY USDJPY LONG @ 159.70550 SL=159.13300 TP=160.56400 (ticket=21)
15:51:35 INFO  Backtest: [STALE-WIN] bar=896 USDJPY long open 7.0h, profit stalling (now +0.02R, peak +0.34R) — SL→BE 159.13300→159.61922 (ticket=21)
15:51:35 INFO  Backtest: [EXIT-SL] USDJPY LONG entry=159.70503 exit=159.61922 pnl=-136.13 (-0.16R) bars_held=11 (ticket=21)
15:51:35 INFO  BacktestEngine: [2024-06-24 14:00] ENTRY USDJPY SHORT @ 159.46120 SL=159.97800 TP=158.65400 (ticket=22)
15:51:35 INFO  Backtest: [EXIT-TIME-STOP] USDJPY SHORT entry=159.46357 exit=159.73200 pnl=-376.91 (-0.53R) (ticket=22)
15:51:36 INFO  BacktestEngine: [2024-06-24 23:00] ENTRY USDJPY LONG @ 159.60550 SL=158.99300 TP=160.52400 (ticket=24)
15:51:36 INFO  Backtest: [EXIT-MID+SHORT_OPPOSITION] USDJPY LONG entry=159.58784 exit=159.32600 pnl=-365.46 (-0.44R) (ticket=24)
15:51:37 INFO  BacktestEngine: [2024-06-25 09:00] ENTRY USDJPY LONG @ 159.47150 SL=159.08000 TP=160.16700 (ticket=26)
15:51:38 INFO  Backtest: [STALE-WIN] bar=934 USDJPY long open 12.0h, profit stalling (now +0.34R, peak +0.65R) — SL→BE 159.08000→159.42228 (ticket=26)
15:51:39 INFO  Backtest: [EXIT-TIME-STOP] USDJPY LONG entry=159.48268 exit=159.70400 pnl=+464.62 (+0.55R) (ticket=26)
15:51:39 INFO  BacktestEngine: [2024-06-26 02:00] ENTRY USDJPY LONG @ 159.70550 SL=159.44000 TP=160.10400 (ticket=27)
15:51:40 INFO  Backtest: [PARTIAL-TP1] bar=948 USDJPY long closed 20% @ 159.98300 (+1R) SL: 159.44000→159.66876 (BE+15%R) rem_qty=2.80 rem_risk=$676.98 (ticket=27)
15:51:40 INFO  Backtest: [EXIT-TP] USDJPY LONG entry=159.70913 exit=160.10400 pnl=+986.53 (+1.46R) bars_held=10 (ticket=27)
15:51:40 INFO  BacktestEngine: [2024-06-26 14:00] ENTRY USDJPY LONG @ 160.30742 SL=159.82200 TP=161.03600 (ticket=28)
15:51:41 INFO  Backtest: [PARTIAL-TP1] bar=958 USDJPY long closed 20% @ 160.78800 (+1R) SL: 159.82200→160.23003 (BE+15%R) rem_qty=1.63 rem_risk=$721.23 (ticket=28)
15:51:42 INFO  Backtest: [EXIT-TIME-STOP] USDJPY LONG entry=160.30204 exit=160.33700 pnl=+40.50 (+0.06R) (ticket=28)
15:51:42 INFO  BacktestEngine: [2024-06-27 10:00] ENTRY USDJPY LONG @ 160.54979 SL=159.99900 TP=161.37600 (ticket=29)
15:51:45 INFO  Backtest: [EXIT-TIME-STOP] USDJPY LONG entry=160.55135 exit=161.12100 pnl=+915.37 (+1.02R) (ticket=29)
15:51:45 INFO  BacktestEngine: [2024-06-28 04:00] ENTRY USDJPY LONG @ 161.06321 SL=160.47700 TP=161.94200 (ticket=30)
15:51:46 INFO  Backtest: [STALE-SL] bar=995 USDJPY long open 6.0h still losing (-0.25R) — SL tightened 160.47700→160.76706 (cap at 0.50R, atr_ratio=1.00, progress=0%) (ticket=30)
15:51:46 INFO  Backtest: [EXIT-SL] USDJPY LONG entry=161.05712 exit=160.76706 pnl=-414.56 (-0.51R) bars_held=7 (ticket=30)
15:51:47 INFO  BacktestEngine: [2024-06-28 15:00] ENTRY USDJPY SHORT @ 160.50766 SL=160.94000 TP=159.85900 (ticket=31)
15:51:47 INFO  Backtest: [EXIT-SL] USDJPY SHORT entry=160.50615 exit=160.94000 pnl=-707.18 (-1.02R) bars_held=2 (ticket=31)
15:51:47 INFO  BacktestEngine: [2024-07-01 00:00] ENTRY USDJPY LONG @ 160.81850 SL=160.41000 TP=161.43200 (ticket=33)
15:51:48 INFO  Backtest: [STALE-WIN] bar=1017 USDJPY long open 8.0h, profit stalling (now +0.22R, peak +0.64R) — SL→BE 160.41000→160.75441 (ticket=33)
15:51:49 INFO  Backtest: [PARTIAL-TP1] bar=1023 USDJPY long closed 20% @ 161.35400 (+1R) SL: 160.75441→160.75441 (BE+15%R) rem_qty=1.97 rem_risk=$731.92 (ticket=33)
15:51:49 INFO  Backtest: [EXIT-TP] USDJPY LONG entry=160.81519 exit=161.43200 pnl=+1090.86 (+1.49R) bars_held=15 (ticket=33)
15:51:49 INFO  BacktestEngine: [2024-07-01 16:00] ENTRY USDJPY LONG @ 161.28661 SL=160.69300 TP=162.17700 (ticket=34)
15:51:49 INFO  Backtest: [PARTIAL-TP1] bar=1025 USDJPY long closed 20% @ 161.65600 (+1R) SL: 160.69300→161.02151 (BE+15%R) rem_qty=1.37 rem_risk=$738.82 (ticket=34)
  [USDJPY] 512/5122 bars (10%)
15:51:51 INFO  Backtest: [EXIT-TIME-STOP] USDJPY LONG entry=161.07949 exit=161.67400 pnl=+730.52 (+0.99R) (ticket=34)
15:51:51 INFO  BacktestEngine: [2024-07-02 09:00] ENTRY USDJPY LONG @ 161.67573 SL=161.30400 TP=162.23300 (ticket=35)
15:51:52 INFO  Backtest: [STALE-SL] bar=1048 USDJPY long open 6.0h still losing (-0.31R) — SL tightened 161.30400→161.49384 (cap at 0.49R, atr_ratio=0.98, progress=0%) (ticket=35)
15:51:52 INFO  Backtest: [STALE-SL] bar=1050 USDJPY long open 8.0h still losing (-0.08R) — SL tightened 161.49670→161.50324 (cap at 0.47R, atr_ratio=1.00, progress=17%) (ticket=35)
15:51:52 INFO  Backtest: [STALE-SL] bar=1051 USDJPY long open 9.0h still losing (-0.12R) — SL tightened 161.50324→161.52278 (cap at 0.41R, atr_ratio=0.92, progress=25%) (ticket=35)
15:51:53 INFO  Backtest: [EXIT-TIME-STOP] USDJPY LONG entry=161.67696 exit=161.93900 pnl=+599.47 (+0.68R) (ticket=35)
15:51:53 INFO  BacktestEngine: [2024-07-03 13:00] ENTRY USDJPY LONG @ 161.94050 SL=161.47200 TP=162.64300 (ticket=36)
15:51:53 INFO  Backtest: [EXIT-SL] USDJPY LONG entry=161.93788 exit=161.47200 pnl=-848.97 (-1.01R) bars_held=3 (ticket=36)
15:51:54 INFO  BacktestEngine: [2024-07-03 21:00] ENTRY USDJPY LONG @ 161.66379 SL=161.23700 TP=162.42300 (ticket=37)
15:51:55 INFO  Backtest: [EXIT-SL] USDJPY LONG entry=161.65831 exit=161.23700 pnl=-839.34 (-1.00R) bars_held=6 (ticket=37)
15:51:56 INFO  BacktestEngine: [2024-07-04 10:00] ENTRY USDJPY SHORT @ 161.28007 SL=161.76900 TP=160.54700 (ticket=39)
15:51:57 INFO  Backtest: [EXIT-TIME-STOP] USDJPY SHORT entry=161.27618 exit=161.13700 pnl=+193.84 (+0.27R) (ticket=39)
15:51:58 INFO  BacktestEngine: [2024-07-04 21:00] ENTRY USDJPY LONG @ 161.24550 SL=160.92400 TP=161.81700 (ticket=40)
15:51:58 INFO  Backtest: [EXIT-SL] USDJPY LONG entry=161.24777 exit=160.92400 pnl=-874.72 (-1.03R) bars_held=5 (ticket=40)
15:52:00 INFO  BacktestEngine: [2024-07-05 14:00] ENTRY USDJPY LONG @ 160.81950 SL=160.41700 TP=161.53600 (ticket=41)
15:52:00 INFO  Backtest: [EXIT-SL] USDJPY LONG entry=160.82124 exit=160.41700 pnl=-847.19 (-1.02R) bars_held=0 (ticket=41)
15:52:00 INFO  BacktestEngine: [2024-07-05 19:00] ENTRY USDJPY LONG @ 160.88950 SL=160.28700 TP=161.96100 (ticket=45)
15:52:00 INFO  BacktestEngine: [2024-07-08 00:00] ENTRY USDJPY LONG @ 160.78050 SL=160.28800 TP=161.65600 (ticket=46)
15:52:01 INFO  Backtest: [EXIT-SL] USDJPY LONG entry=160.71803 exit=160.28800 pnl=-728.94 (-0.89R) bars_held=4 (ticket=46)
15:52:01 INFO  BacktestEngine: [2024-07-08 09:00] ENTRY USDJPY LONG @ 160.83696 SL=160.35500 TP=161.69400 (ticket=50)
15:52:02 INFO  Backtest: [STALE-SL] bar=1133 USDJPY long open 6.0h still losing (-0.37R) — SL tightened 160.35500→160.59481 (cap at 0.50R, atr_ratio=1.00, progress=0%) (ticket=50)
15:52:02 INFO  Backtest: [EXIT-SL] USDJPY LONG entry=160.83461 exit=160.59481 pnl=-416.66 (-0.51R) bars_held=7 (ticket=50)
15:52:03 INFO  BacktestEngine: [2024-07-08 23:00] ENTRY USDJPY LONG @ 160.81650 SL=160.44300 TP=161.37600 (ticket=51)
15:52:04 INFO  Backtest: [STALE-WIN] bar=1149 USDJPY long open 8.0h, profit stalling (now +0.34R, peak +0.78R) — SL→BE 160.44300→160.73543 (ticket=51)
15:52:04 INFO  Backtest: [EXIT-TIME-STOP] USDJPY LONG entry=160.78704 exit=161.01400 pnl=+474.89 (+0.59R) (ticket=51)
15:52:05 INFO  BacktestEngine: [2024-07-09 18:00] ENTRY USDJPY LONG @ 161.39977 SL=160.77800 TP=162.33300 (ticket=52)
15:52:05 INFO  Backtest: [STALE-SL] bar=1166 USDJPY long open 6.0h still losing (-0.12R) — SL tightened 160.77800→161.15114 (cap at 0.40R, atr_ratio=0.80, progress=0%) (ticket=52)
15:52:05 INFO  Backtest: [STALE-SL] bar=1167 USDJPY long open 7.0h still losing (-0.12R) — SL tightened 161.15114→161.17438 (cap at 0.36R, atr_ratio=0.75, progress=8%) (ticket=52)
15:52:06 INFO  Backtest: [STALE-SL] bar=1174 USDJPY long open 14.0h still losing (-0.06R) — SL tightened 161.17438→161.28019 (cap at 0.19R, atr_ratio=0.53, progress=67%) (ticket=52)
15:52:07 INFO  Backtest: [EXIT-TIME-STOP] USDJPY LONG entry=161.40080 exit=161.51300 pnl=+136.94 (+0.17R) (ticket=52)
15:52:07 INFO  BacktestEngine: [2024-07-10 12:00] ENTRY USDJPY LONG @ 161.58850 SL=161.14200 TP=162.25800 (ticket=53)
15:52:09 INFO  Backtest: [STALE-SL] bar=1189 USDJPY long open 11.0h still losing (-0.03R) — SL tightened 161.14200→161.40236 (cap at 0.41R, atr_ratio=0.99, progress=42%) (ticket=53)
15:52:09 INFO  Backtest: [STALE-WIN] bar=1190 USDJPY long open 12.0h, profit stalling (now +0.02R, peak +0.43R) — SL→BE 161.40236→161.51817 (ticket=53)
15:52:10 INFO  Backtest: [EXIT-SL] USDJPY LONG entry=161.58455 exit=161.51817 pnl=-138.19 (-0.17R) bars_held=14 (ticket=53)
15:52:12 INFO  BacktestEngine: [2024-07-11 17:00] ENTRY USDJPY SHORT @ 158.55345 SL=160.01000 TP=156.36800 (ticket=54)
15:52:12 INFO  Backtest: [EXIT-TIME-STOP] USDJPY SHORT entry=158.54585 exit=158.82100 pnl=-144.14 (-0.19R) (ticket=54)
15:52:13 INFO  BacktestEngine: [2024-07-12 03:00] ENTRY USDJPY LONG @ 159.07978 SL=157.39500 TP=161.60800 (ticket=56)
15:52:14 INFO  Backtest: [STALE-SL] bar=1227 USDJPY long open 10.0h still losing (-0.06R) — SL tightened 157.39500→158.62146 (cap at 0.27R, atr_ratio=0.62, progress=33%) (ticket=56)
15:52:14 INFO  Backtest: [EXIT-SL] USDJPY LONG entry=159.07529 exit=158.62146 pnl=-239.39 (-0.27R) bars_held=11 (ticket=56)
15:52:15 INFO  BacktestEngine: [2024-07-12 19:00] ENTRY USDJPY SHORT @ 157.87150 SL=159.50600 TP=155.42000 (ticket=59)
15:52:16 INFO  BacktestEngine: [2024-07-15 01:00] ENTRY USDJPY LONG @ 158.34362 SL=157.48900 TP=159.86300 (ticket=60)
15:52:17 INFO  Backtest: [STALE-SL] bar=1245 USDJPY long open 6.0h still losing (-0.45R) — SL tightened 157.48900→158.09044 (cap at 0.29R, atr_ratio=0.58, progress=0%) (ticket=60)
15:52:17 INFO  Backtest: [EXIT-SL] USDJPY LONG entry=158.33834 exit=158.09044 pnl=-253.52 (-0.30R) bars_held=7 (ticket=60)
15:52:18 INFO  BacktestEngine: [2024-07-15 14:00] ENTRY USDJPY LONG @ 158.11373 SL=157.47200 TP=159.07700 (ticket=62)
15:52:19 INFO  Backtest: [EXIT-SL] USDJPY LONG entry=158.11639 exit=157.47200 pnl=-854.49 (-1.02R) bars_held=4 (ticket=62)
15:52:20 INFO  BacktestEngine: [2024-07-16 07:00] ENTRY USDJPY LONG @ 158.63650 SL=157.82800 TP=159.85000 (ticket=63)
15:52:21 INFO  Backtest: [STALE-SL] bar=1275 USDJPY long open 6.0h still losing (-0.37R) — SL tightened 157.82800→158.31851 (cap at 0.40R, atr_ratio=0.79, progress=0%) (ticket=63)
15:52:21 INFO  Backtest: [EXIT-SL] USDJPY LONG entry=158.63878 exit=158.31851 pnl=-343.20 (-0.41R) bars_held=7 (ticket=63)
15:52:25 INFO  BacktestEngine: [2024-07-17 08:00] ENTRY USDJPY SHORT @ 157.88694 SL=158.30000 TP=157.26800 (ticket=64)
  [USDJPY] 768/5122 bars (15%)
15:52:25 INFO  Backtest: [EXIT-TP] USDJPY SHORT entry=157.88492 exit=157.26800 pnl=+1025.64 (+1.48R) bars_held=1 (ticket=64)
15:52:25 INFO  BacktestEngine: [2024-07-17 12:00] ENTRY USDJPY SHORT @ 156.41344 SL=157.49700 TP=154.78900 (ticket=65)
15:52:26 INFO  Backtest: [EXIT-TIME-STOP] USDJPY SHORT entry=156.41430 exit=156.49900 pnl=-59.69 (-0.09R) (ticket=65)
15:52:27 INFO  BacktestEngine: [2024-07-17 20:00] ENTRY USDJPY SHORT @ 156.46250 SL=157.61400 TP=154.73500 (ticket=66)
15:52:28 INFO  Backtest: [EXIT-TIME-STOP] USDJPY SHORT entry=156.46379 exit=156.16800 pnl=+175.65 (+0.25R) (ticket=66)
15:52:28 INFO  BacktestEngine: [2024-07-18 02:00] ENTRY USDJPY SHORT @ 155.67612 SL=156.84700 TP=153.92000 (ticket=67)
15:52:29 INFO  Backtest: [EXIT-TIME-STOP] USDJPY SHORT entry=155.67336 exit=156.34100 pnl=-393.31 (-0.58R) (ticket=67)
15:52:29 INFO  BacktestEngine: [2024-07-18 07:00] ENTRY USDJPY LONG @ 156.34254 SL=155.57500 TP=157.70700 (ticket=68)
15:52:31 INFO  Backtest: [PARTIAL-TP1] bar=1328 USDJPY long closed 20% @ 157.14500 (+1R) SL: 155.57500→156.22743 (BE+15%R) rem_qty=0.92 rem_risk=$642.49 (ticket=68)
15:52:32 INFO  Backtest: [EXIT-TIME-STOP] USDJPY LONG entry=156.34257 exit=157.35800 pnl=+843.68 (+1.31R) (ticket=68)
15:52:33 INFO  BacktestEngine: [2024-07-19 00:00] ENTRY USDJPY LONG @ 157.35950 SL=156.78600 TP=158.22000 (ticket=69)
15:52:34 INFO  Backtest: [STALE-SL] bar=1342 USDJPY long open 8.0h still losing (-0.14R) — SL tightened 156.78600→157.12863 (cap at 0.39R, atr_ratio=0.84, progress=17%) (ticket=69)
15:52:34 INFO  Backtest: [EXIT-SL] USDJPY LONG entry=157.34965 exit=157.12863 pnl=-318.43 (-0.40R) bars_held=9 (ticket=69)
15:52:34 INFO  BacktestEngine: [2024-07-19 10:00] ENTRY USDJPY LONG @ 157.32217 SL=156.65800 TP=158.31800 (ticket=70)
15:52:36 INFO  Backtest: [STALE-WIN] bar=1350 USDJPY long open 6.0h, profit stalling (now +0.03R, peak +0.53R) — SL→BE 156.65800→157.22023 (ticket=70)
15:52:39 INFO  BacktestEngine: [2024-07-22 11:00] ENTRY USDJPY SHORT @ 156.79524 SL=157.59300 TP=155.59900 (ticket=71)
15:52:40 INFO  Backtest: [EXIT-TIME-STOP] USDJPY SHORT entry=156.79815 exit=156.86500 pnl=-55.62 (-0.09R) (ticket=71)
15:52:40 INFO  BacktestEngine: [2024-07-22 18:00] ENTRY USDJPY LONG @ 157.08850 SL=156.48200 TP=157.99800 (ticket=72)
15:52:41 INFO  Backtest: [STALE-SL] bar=1382 USDJPY long open 6.0h still losing (-0.08R) — SL tightened 156.48200→156.87881 (cap at 0.34R, atr_ratio=0.69, progress=0%) (ticket=72)
15:52:41 INFO  Backtest: [STALE-SL] bar=1383 USDJPY long open 7.0h still losing (-0.30R) — SL tightened 156.87881→156.89557 (cap at 0.31R, atr_ratio=0.65, progress=8%) (ticket=72)
15:52:41 INFO  Backtest: [EXIT-SL] USDJPY LONG entry=157.08559 exit=156.89557 pnl=-228.50 (-0.33R) bars_held=8 (ticket=72)
15:52:42 INFO  BacktestEngine: [2024-07-23 07:00] ENTRY USDJPY SHORT @ 156.30650 SL=157.12900 TP=155.07200 (ticket=74)
15:52:42 INFO  Backtest: [EXIT-TIME-STOP] USDJPY SHORT entry=156.30621 exit=155.94300 pnl=+265.29 (+0.43R) (ticket=74)
15:52:42 INFO  BacktestEngine: [2024-07-23 12:00] ENTRY USDJPY SHORT @ 155.94150 SL=156.90900 TP=154.49000 (ticket=75)
15:52:43 INFO  Backtest: [EXIT-TIME-STOP] USDJPY SHORT entry=155.95114 exit=155.97900 pnl=-22.64 (-0.04R) (ticket=75)
15:52:44 INFO  BacktestEngine: [2024-07-23 22:00] ENTRY USDJPY SHORT @ 155.63650 SL=156.46900 TP=154.38800 (ticket=76)
15:52:44 INFO  Backtest: [EXIT-TIME-STOP] USDJPY SHORT entry=155.63533 exit=155.82600 pnl=-146.21 (-0.24R) (ticket=76)
15:52:45 INFO  BacktestEngine: [2024-07-24 07:00] ENTRY USDJPY SHORT @ 154.60548 SL=155.53500 TP=153.21100 (ticket=80)
15:52:45 INFO  Backtest: [EXIT-TIME-STOP] USDJPY SHORT entry=154.60582 exit=154.77500 pnl=-140.03 (-0.19R) (ticket=80)
15:52:46 INFO  BacktestEngine: [2024-07-24 16:00] ENTRY USDJPY SHORT @ 153.43363 SL=154.73300 TP=151.48400 (ticket=83)
15:52:47 INFO  Backtest: [EXIT-TIME-STOP] USDJPY SHORT entry=153.45010 exit=154.00100 pnl=-315.16 (-0.43R) (ticket=83)
15:52:47 INFO  BacktestEngine: [2024-07-25 04:00] ENTRY USDJPY SHORT @ 152.85243 SL=154.19800 TP=150.83400 (ticket=84)
15:52:48 INFO  Backtest: [EXIT-TIME-STOP] USDJPY SHORT entry=152.86008 exit=152.84900 pnl=+1.69 (+0.00R) (ticket=84)
15:52:49 INFO  BacktestEngine: [2024-07-25 12:00] ENTRY USDJPY SHORT @ 152.30647 SL=153.91700 TP=149.89000 (ticket=85)
15:52:49 INFO  Backtest: [EXIT-SL] USDJPY SHORT entry=152.30800 exit=153.91700 pnl=-676.75 (-1.00R) bars_held=3 (ticket=85)
15:52:49 INFO  BacktestEngine: [2024-07-25 16:00] ENTRY USDJPY LONG @ 153.65299 SL=152.46900 TP=155.75900 (ticket=86)
15:52:51 INFO  Backtest: [STALE-SL] bar=1457 USDJPY long open 11.0h still losing (-0.06R) — SL tightened 152.46900→153.28498 (cap at 0.31R, atr_ratio=0.75, progress=42%) (ticket=86)
15:52:51 INFO  Backtest: [STALE-WIN] bar=1460 USDJPY long open 14.0h, profit stalling (now +0.02R, peak +0.32R) — SL→BE 153.28498→153.47618 (ticket=86)
15:52:52 INFO  Backtest: [EXIT-TIME-STOP] USDJPY LONG entry=153.65391 exit=153.63600 pnl=-17.01 (-0.02R) (ticket=86)
  [USDJPY] 1024/5122 bars (20%)
15:53:22 INFO  BacktestEngine: [2024-08-09 06:00] ENTRY USDJPY LONG @ 147.22178 SL=146.23500 TP=148.97600 (ticket=87)
15:53:23 INFO  Backtest: [STALE-SL] bar=1706 USDJPY long open 6.0h still losing (-0.08R) — SL tightened 146.23500→146.72757 (cap at 0.50R, atr_ratio=1.00, progress=0%) (ticket=87)
15:53:23 INFO  Backtest: [STALE-SL] bar=1707 USDJPY long open 7.0h still losing (-0.21R) — SL tightened 146.72757→146.74399 (cap at 0.48R, atr_ratio=1.00, progress=8%) (ticket=87)
15:53:23 INFO  Backtest: [EXIT-SL] USDJPY LONG entry=147.22014 exit=146.74399 pnl=-405.07 (-0.49R) bars_held=8 (ticket=87)
  [USDJPY] 1280/5122 bars (25%)
15:53:51 INFO  BacktestEngine: [2024-08-19 07:00] ENTRY USDJPY SHORT @ 146.18355 SL=147.47600 TP=144.24400 (ticket=88)
15:53:52 INFO  Backtest: [STALE-WIN] bar=1851 USDJPY short open 6.0h, profit stalling (now +0.11R, peak +0.59R) — SL→BE 147.47600→146.37843 (ticket=88)
15:53:52 INFO  Backtest: [EXIT-SL] USDJPY SHORT entry=146.18474 exit=146.37843 pnl=-102.62 (-0.16R) bars_held=8 (ticket=88)
15:53:55 INFO  BacktestEngine: [2024-08-20 13:00] ENTRY USDJPY SHORT @ 146.44550 SL=147.28400 TP=145.18800 (ticket=89)
15:53:55 INFO  Backtest: [PARTIAL-TP1] bar=1878 USDJPY short closed 20% @ 145.59800 (+1R) SL: 147.28400→146.57109 (BE+15%R) rem_qty=0.67 rem_risk=$512.59 (ticket=89)
15:53:56 INFO  Backtest: [EXIT-TP] USDJPY SHORT entry=146.44528 exit=145.18800 pnl=+764.15 (+1.49R) bars_held=10 (ticket=89)
15:53:56 INFO  BacktestEngine: [2024-08-21 00:00] ENTRY USDJPY SHORT @ 145.14150 SL=146.20600 TP=143.54400 (ticket=90)
15:53:57 INFO  Backtest: [STALE-SL] bar=1892 USDJPY short open 6.0h still losing (-0.51R) — SL tightened 146.20600→145.66213 (cap at 0.50R, atr_ratio=1.00, progress=0%) (ticket=90)
15:53:57 INFO  Backtest: [EXIT-SL] USDJPY SHORT entry=145.11825 exit=145.66213 pnl=-336.29 (-0.52R) bars_held=7 (ticket=90)
15:53:59 INFO  BacktestEngine: [2024-08-21 16:00] ENTRY USDJPY SHORT @ 145.73350 SL=146.41700 TP=144.70800 (ticket=91)
15:53:59 INFO  Backtest: [EXIT-SL] USDJPY SHORT entry=145.73591 exit=146.41700 pnl=-645.59 (-1.01R) bars_held=0 (ticket=91)
15:54:00 INFO  BacktestEngine: [2024-08-22 00:00] ENTRY USDJPY SHORT @ 145.17450 SL=146.31800 TP=143.45900 (ticket=95)
15:54:01 INFO  Backtest: [STALE-SL] bar=1917 USDJPY short open 7.0h still losing (-0.11R) — SL tightened 146.31800→145.65922 (cap at 0.44R, atr_ratio=0.91, progress=8%) (ticket=95)
15:54:02 INFO  Backtest: [STALE-SL] bar=1918 USDJPY short open 8.0h still losing (-0.20R) — SL tightened 145.65922→145.60952 (cap at 0.40R, atr_ratio=0.85, progress=17%) (ticket=95)
15:54:02 INFO  Backtest: [STALE-SL] bar=1919 USDJPY short open 9.0h still losing (-0.08R) — SL tightened 145.60952→145.59740 (cap at 0.39R, atr_ratio=0.86, progress=25%) (ticket=95)
15:54:02 INFO  Backtest: [EXIT-SL] USDJPY SHORT entry=145.14535 exit=145.59740 pnl=-297.04 (-0.40R) bars_held=10 (ticket=95)
15:54:02 INFO  BacktestEngine: [2024-08-22 16:00] ENTRY USDJPY LONG @ 146.28188 SL=145.42200 TP=147.57200 (ticket=96)
15:54:03 INFO  Backtest: [EXIT-TIME-STOP] USDJPY LONG entry=146.27668 exit=146.21800 pnl=-66.44 (-0.08R) (ticket=96)
15:54:04 INFO  BacktestEngine: [2024-08-23 02:00] ENTRY USDJPY SHORT @ 146.21050 SL=146.85800 TP=145.23900 (ticket=98)
15:54:04 INFO  Backtest: [PARTIAL-TP1] bar=1937 USDJPY short closed 20% @ 145.48300 (+1R) SL: 146.85800→146.30572 (BE+15%R) rem_qty=0.94 rem_risk=$551.45 (ticket=98)
15:54:06 INFO  Backtest: [EXIT-SL] USDJPY SHORT entry=146.20826 exit=146.30572 pnl=-89.56 (-0.16R) bars_held=13 (ticket=98)
15:54:06 INFO  BacktestEngine: [2024-08-26 00:00] ENTRY USDJPY SHORT @ 144.02750 SL=145.31200 TP=142.10100 (ticket=101)
15:54:07 INFO  Backtest: [STALE-SL] bar=1965 USDJPY short open 7.0h still losing (-0.01R) — SL tightened 145.31200→144.65599 (cap at 0.48R, atr_ratio=1.00, progress=8%) (ticket=101)
15:54:08 INFO  Backtest: [STALE-SL] bar=1971 USDJPY short open 13.0h still losing (-0.07R) — SL tightened 144.65599→144.48811 (cap at 0.35R, atr_ratio=0.92, progress=58%) (ticket=101)
15:54:09 INFO  Backtest: [STALE-SL] bar=1973 USDJPY short open 15.0h still losing (-0.29R) — SL tightened 144.48811→144.44366 (cap at 0.32R, atr_ratio=0.90, progress=75%) (ticket=101)
15:54:09 INFO  Backtest: [EXIT-SL] USDJPY SHORT entry=144.04231 exit=144.44366 pnl=-219.62 (-0.32R) bars_held=16 (ticket=101)
15:54:12 INFO  BacktestEngine: [2024-08-27 13:00] ENTRY USDJPY SHORT @ 144.77750 SL=145.70900 TP=143.38000 (ticket=102)
15:54:14 INFO  Backtest: [STALE-WIN] bar=2009 USDJPY short open 14.0h, profit stalling (now +0.45R, peak +0.98R) — SL→BE 145.70900→144.91651 (ticket=102)
15:54:15 INFO  Backtest: [EXIT-TIME-STOP] USDJPY SHORT entry=144.77665 exit=144.41200 pnl=+256.62 (+0.38R) (ticket=102)
15:54:18 INFO  BacktestEngine: [2024-08-29 00:00] ENTRY USDJPY SHORT @ 144.43450 SL=145.00900 TP=143.57300 (ticket=103)
15:54:19 INFO  Backtest: [STALE-SL] bar=2036 USDJPY short open 6.0h still losing (-0.41R) — SL tightened 145.00900→144.69907 (cap at 0.45R, atr_ratio=0.91, progress=0%) (ticket=103)
15:54:19 INFO  Backtest: [EXIT-SL] USDJPY SHORT entry=144.44235 exit=144.69907 pnl=-303.18 (-0.46R) bars_held=7 (ticket=103)
15:54:19 INFO  BacktestEngine: [2024-08-29 09:00] ENTRY USDJPY SHORT @ 144.58050 SL=145.14300 TP=143.73700 (ticket=104)
15:54:20 INFO  Backtest: [EXIT-SL] USDJPY SHORT entry=144.54899 exit=145.14300 pnl=-700.86 (-1.07R) bars_held=5 (ticket=104)
15:54:20 INFO  BacktestEngine: [2024-08-29 20:00] ENTRY USDJPY SHORT @ 144.85250 SL=145.49400 TP=143.89000 (ticket=105)
15:54:22 INFO  Backtest: [STALE-SL] bar=2061 USDJPY short open 11.0h still losing (-0.01R) — SL tightened 145.49400→145.00840 (cap at 0.25R, atr_ratio=0.59, progress=42%) (ticket=105)
15:54:22 INFO  Backtest: [EXIT-SL] USDJPY SHORT entry=144.84999 exit=145.00840 pnl=-167.78 (-0.26R) bars_held=12 (ticket=105)
  [USDJPY] 1536/5122 bars (30%)
15:54:23 INFO  BacktestEngine: [2024-08-30 13:00] ENTRY USDJPY LONG @ 145.30068 SL=144.67600 TP=146.23700 (ticket=107)
15:54:23 INFO  Backtest: [EXIT-TIME-STOP] USDJPY LONG entry=145.30116 exit=145.95400 pnl=+827.78 (+1.03R) (ticket=107)
15:54:23 INFO  BacktestEngine: [2024-08-30 18:00] ENTRY USDJPY LONG @ 145.95681 SL=145.06600 TP=147.29200 (ticket=108)
15:54:31 INFO  BacktestEngine: [2024-09-04 06:00] ENTRY USDJPY SHORT @ 145.31050 SL=146.32400 TP=143.79100 (ticket=109)
15:54:32 INFO  Backtest: [PARTIAL-TP1] bar=2142 USDJPY short closed 20% @ 144.11800 (+1R) SL: 146.32400→145.46227 (BE+15%R) rem_qty=0.57 rem_risk=$523.61 (ticket=109)
15:54:33 INFO  Backtest: [EXIT-TP] USDJPY SHORT entry=145.31020 exit=143.79100 pnl=+781.27 (+1.49R) bars_held=16 (ticket=109)
15:54:33 INFO  BacktestEngine: [2024-09-05 00:00] ENTRY USDJPY SHORT @ 143.63550 SL=144.65300 TP=142.10900 (ticket=110)
15:54:34 INFO  Backtest: [STALE-WIN] bar=2159 USDJPY short open 9.0h, profit stalling (now +0.03R, peak +0.40R) — SL→BE 144.65300→143.78938 (ticket=110)
15:54:35 INFO  Backtest: [EXIT-SL] USDJPY SHORT entry=143.63697 exit=143.78938 pnl=-99.07 (-0.16R) bars_held=16 (ticket=110)
15:54:35 INFO  BacktestEngine: [2024-09-05 20:00] ENTRY USDJPY SHORT @ 143.34650 SL=144.16600 TP=142.11700 (ticket=111)
15:54:37 INFO  Backtest: [PARTIAL-TP1] bar=2182 USDJPY short closed 20% @ 142.39000 (+1R) SL: 144.16600→143.46056 (BE+15%R) rem_qty=0.68 rem_risk=$507.32 (ticket=111)
15:54:37 INFO  Backtest: [EXIT-TP] USDJPY SHORT entry=143.33607 exit=142.11700 pnl=+749.60 (+1.48R) bars_held=13 (ticket=111)
15:54:37 INFO  BacktestEngine: [2024-09-06 10:00] ENTRY USDJPY SHORT @ 142.51589 SL=143.59200 TP=140.90200 (ticket=112)
15:54:38 INFO  Backtest: [EXIT-SL] USDJPY SHORT entry=142.52244 exit=143.59200 pnl=-676.41 (-1.00R) bars_held=4 (ticket=112)
15:54:38 INFO  BacktestEngine: [2024-09-06 17:00] ENTRY USDJPY SHORT @ 142.43380 SL=144.03600 TP=140.03000 (ticket=113)
15:54:38 INFO  BacktestEngine: [2024-09-09 00:00] ENTRY USDJPY SHORT @ 142.11350 SL=143.75900 TP=139.64600 (ticket=114)
15:54:39 INFO  Backtest: [STALE-SL] bar=2204 USDJPY short open 6.0h still losing (-0.52R) — SL tightened 143.75900→142.73286 (cap at 0.38R, atr_ratio=0.75, progress=0%) (ticket=114)
15:54:39 INFO  Backtest: [EXIT-SL] USDJPY SHORT entry=142.11409 exit=142.73286 pnl=-256.54 (-0.38R) bars_held=7 (ticket=114)
15:54:40 INFO  BacktestEngine: [2024-09-09 09:00] ENTRY USDJPY LONG @ 143.00150 SL=142.10400 TP=144.34800 (ticket=115)
15:54:40 INFO  Backtest: [EXIT-TIME-STOP] USDJPY LONG entry=143.01422 exit=143.60800 pnl=+517.34 (+0.65R) (ticket=115)
15:54:41 INFO  BacktestEngine: [2024-09-09 14:00] ENTRY USDJPY LONG @ 143.60950 SL=142.77500 TP=145.09300 (ticket=116)
15:54:41 INFO  Backtest: [EXIT-SL] USDJPY LONG entry=143.59948 exit=142.77500 pnl=-795.14 (-1.00R) bars_held=1 (ticket=116)
15:54:41 INFO  BacktestEngine: [2024-09-09 17:00] ENTRY USDJPY SHORT @ 142.73850 SL=144.00200 TP=140.84300 (ticket=117)
15:54:42 INFO  Backtest: [STALE-SL] bar=2221 USDJPY short open 6.0h still losing (-0.31R) — SL tightened 144.00200→143.27505 (cap at 0.43R, atr_ratio=0.86, progress=0%) (ticket=117)
15:54:42 INFO  Backtest: [STALE-SL] bar=2222 USDJPY short open 7.0h still losing (-0.25R) — SL tightened 143.27505→143.22430 (cap at 0.39R, atr_ratio=0.80, progress=8%) (ticket=117)
15:54:42 INFO  Backtest: [EXIT-SL] USDJPY SHORT entry=142.72980 exit=143.22430 pnl=-265.06 (-0.40R) bars_held=8 (ticket=117)
15:54:43 INFO  BacktestEngine: [2024-09-10 13:00] ENTRY USDJPY SHORT @ 143.03747 SL=143.67800 TP=142.07700 (ticket=118)
15:54:44 INFO  Backtest: [PARTIAL-TP1] bar=2239 USDJPY short closed 20% @ 142.28700 (+1R) SL: 143.67800→143.13435 (BE+15%R) rem_qty=0.89 rem_risk=$517.21 (ticket=118)
15:54:45 INFO  Backtest: [EXIT-TP] USDJPY SHORT entry=143.03842 exit=142.07700 pnl=+770.69 (+1.49R) bars_held=13 (ticket=118)
15:54:45 INFO  BacktestEngine: [2024-09-11 03:00] ENTRY USDJPY SHORT @ 142.28647 SL=143.20300 TP=140.91200 (ticket=119)
15:54:45 INFO  Backtest: [EXIT-TP] USDJPY SHORT entry=142.28186 exit=140.91200 pnl=+1028.84 (+1.49R) bars_held=3 (ticket=119)
15:54:45 INFO  BacktestEngine: [2024-09-11 07:00] ENTRY USDJPY SHORT @ 141.08581 SL=142.31400 TP=139.24300 (ticket=120)
15:54:46 INFO  Backtest: [STALE-SL] bar=2259 USDJPY short open 6.0h still losing (-0.49R) — SL tightened 142.31400→141.69732 (cap at 0.50R, atr_ratio=1.00, progress=0%) (ticket=120)
15:54:46 INFO  Backtest: [EXIT-SL] USDJPY SHORT entry=141.08063 exit=141.69732 pnl=-357.95 (-0.51R) bars_held=7 (ticket=120)
15:54:53 INFO  BacktestEngine: [2024-09-13 06:00] ENTRY USDJPY SHORT @ 140.97750 SL=142.19800 TP=139.14700 (ticket=121)
15:54:55 INFO  Backtest: [STALE-WIN] bar=2312 USDJPY short open 12.0h, profit stalling (now +0.14R, peak +0.51R) — SL→BE 142.19800→141.16208 (ticket=121)
  [USDJPY] 1792/5122 bars (35%)
15:54:56 INFO  BacktestEngine: [2024-09-16 05:00] ENTRY USDJPY SHORT @ 140.53650 SL=141.19000 TP=139.55600 (ticket=122)
15:54:57 INFO  Backtest: [PARTIAL-TP1] bar=2326 USDJPY short closed 20% @ 139.85000 (+1R) SL: 141.19000→140.63230 (BE+15%R) rem_qty=0.94 rem_risk=$561.29 (ticket=122)
15:54:58 INFO  Backtest: [EXIT-SL] USDJPY SHORT entry=140.53388 exit=140.63230 pnl=-91.15 (-0.16R) bars_held=11 (ticket=122)
15:54:58 INFO  BacktestEngine: [2024-09-16 20:00] ENTRY USDJPY LONG @ 140.67850 SL=139.94200 TP=141.78400 (ticket=123)
15:54:59 INFO  Backtest: [EXIT-TIME-STOP] USDJPY LONG entry=140.67762 exit=140.86500 pnl=+201.12 (+0.24R) (ticket=123)
15:55:02 INFO  BacktestEngine: [2024-09-17 20:00] ENTRY USDJPY LONG @ 141.90550 SL=141.17000 TP=143.15700 (ticket=124)
15:55:03 INFO  Backtest: [EXIT-TIME-STOP] USDJPY LONG entry=141.90718 exit=142.04400 pnl=+135.14 (+0.18R) (ticket=124)
15:55:04 INFO  BacktestEngine: [2024-09-18 06:00] ENTRY USDJPY SHORT @ 141.38950 SL=142.05100 TP=140.39700 (ticket=125)
15:55:05 INFO  Backtest: [STALE-SL] bar=2378 USDJPY short open 6.0h still losing (-0.33R) — SL tightened 142.05100→141.71462 (cap at 0.49R, atr_ratio=0.98, progress=0%) (ticket=125)
15:55:05 INFO  Backtest: [EXIT-SL] USDJPY SHORT entry=141.38839 exit=141.71462 pnl=-322.11 (-0.50R) bars_held=7 (ticket=125)
15:55:12 INFO  BacktestEngine: [2024-09-23 10:00] ENTRY USDJPY SHORT @ 143.66402 SL=144.41100 TP=142.54400 (ticket=126)
15:55:13 INFO  Backtest: [STALE-SL] bar=2454 USDJPY short open 6.0h still losing (-0.14R) — SL tightened 144.41100→144.03898 (cap at 0.50R, atr_ratio=1.00, progress=0%) (ticket=126)
15:55:13 INFO  Backtest: [STALE-WIN] bar=2460 USDJPY short open 12.0h, profit stalling (now +0.12R, peak +0.47R) — SL→BE 144.03898→143.77857 (ticket=126)
15:55:14 INFO  Backtest: [EXIT-SL] USDJPY SHORT entry=143.66696 exit=143.77857 pnl=-112.90 (-0.16R) bars_held=15 (ticket=126)
15:55:16 INFO  BacktestEngine: [2024-09-24 18:00] ENTRY USDJPY SHORT @ 143.77350 SL=144.55900 TP=142.59500 (ticket=127)
15:55:16 INFO  Backtest: [PARTIAL-TP1] bar=2487 USDJPY short closed 20% @ 142.94800 (+1R) SL: 144.55900→143.89029 (BE+15%R) rem_qty=0.78 rem_risk=$560.51 (ticket=127)
15:55:17 INFO  Backtest: [EXIT-SL] USDJPY SHORT entry=143.77228 exit=143.89029 pnl=-89.68 (-0.16R) bars_held=15 (ticket=127)
15:55:19 INFO  BacktestEngine: [2024-09-26 00:00] ENTRY USDJPY LONG @ 144.69050 SL=143.83600 TP=145.97200 (ticket=128)
15:55:20 INFO  Backtest: [EXIT-TIME-STOP] USDJPY LONG entry=144.67205 exit=144.83400 pnl=+144.58 (+0.18R) (ticket=128)
15:55:21 INFO  BacktestEngine: [2024-09-26 07:00] ENTRY USDJPY SHORT @ 144.68773 SL=145.25900 TP=143.83100 (ticket=129)
15:55:22 INFO  Backtest: [STALE-WIN] bar=2524 USDJPY short open 7.0h, profit stalling (now +0.23R, peak +0.93R) — SL→BE 145.25900→144.77720 (ticket=129)
15:55:22 INFO  Backtest: [EXIT-SL] USDJPY SHORT entry=144.69217 exit=144.77720 pnl=-111.37 (-0.16R) bars_held=9 (ticket=129)
15:55:23 INFO  BacktestEngine: [2024-09-27 02:00] ENTRY USDJPY LONG @ 145.08450 SL=144.37400 TP=146.15000 (ticket=130)
15:55:23 INFO  Backtest: [EXIT-TIME-STOP] USDJPY LONG entry=145.06091 exit=145.79400 pnl=+772.33 (+1.02R) (ticket=130)
15:55:23 INFO  BacktestEngine: [2024-09-27 07:00] ENTRY USDJPY LONG @ 145.79672 SL=144.66500 TP=147.49500 (ticket=131)
15:55:23 INFO  Backtest: [EXIT-SL] USDJPY LONG entry=145.78687 exit=144.66500 pnl=-760.64 (-1.00R) bars_held=1 (ticket=131)
15:55:23 INFO  BacktestEngine: [2024-09-27 10:00] ENTRY USDJPY SHORT @ 143.18809 SL=144.48400 TP=141.24400 (ticket=132)
15:55:24 INFO  BacktestEngine: [2024-09-30 00:00] ENTRY USDJPY SHORT @ 142.25250 SL=143.80700 TP=139.92000 (ticket=133)
15:55:25 INFO  Backtest: [STALE-SL] bar=2567 USDJPY short open 9.0h still losing (-0.07R) — SL tightened 143.80700→142.81789 (cap at 0.36R, atr_ratio=0.81, progress=25%) (ticket=133)
15:55:25 INFO  Backtest: [STALE-SL] bar=2569 USDJPY short open 11.0h still losing (-0.18R) — SL tightened 142.81789→142.78660 (cap at 0.34R, atr_ratio=0.83, progress=42%) (ticket=133)
15:55:25 INFO  Backtest: [EXIT-SL] USDJPY SHORT entry=142.25150 exit=142.78660 pnl=-207.46 (-0.35R) bars_held=12 (ticket=133)
  [USDJPY] 2048/5122 bars (40%)
15:55:27 INFO  BacktestEngine: [2024-09-30 21:00] ENTRY USDJPY LONG @ 143.68863 SL=142.32700 TP=145.73100 (ticket=134)
15:55:28 INFO  Backtest: [EXIT-TIME-STOP] USDJPY LONG entry=143.67899 exit=143.71400 pnl=+14.17 (+0.02R) (ticket=134)
15:55:28 INFO  BacktestEngine: [2024-10-01 03:00] ENTRY USDJPY LONG @ 143.96510 SL=142.77500 TP=145.75100 (ticket=135)
15:55:29 INFO  Backtest: [EXIT-TIME-STOP] USDJPY LONG entry=143.96960 exit=144.25900 pnl=+184.58 (+0.24R) (ticket=135)
15:55:29 INFO  BacktestEngine: [2024-10-01 08:00] ENTRY USDJPY LONG @ 144.26050 SL=143.52300 TP=145.57100 (ticket=136)
15:55:30 INFO  Backtest: [EXIT-TIME-STOP] USDJPY LONG entry=144.27196 exit=143.73800 pnl=-571.77 (-0.73R) (ticket=136)
15:55:30 INFO  BacktestEngine: [2024-10-01 13:00] ENTRY USDJPY SHORT @ 143.73650 SL=144.46900 TP=142.63800 (ticket=137)
15:55:31 INFO  Backtest: [STALE-SL] bar=2601 USDJPY short open 6.0h still losing (-0.12R) — SL tightened 144.46900→144.09998 (cap at 0.50R, atr_ratio=1.00, progress=0%) (ticket=137)
15:55:32 INFO  Backtest: [STALE-SL] bar=2608 USDJPY short open 13.0h still losing (-0.12R) — SL tightened 144.09998→144.01387 (cap at 0.38R, atr_ratio=1.00, progress=58%) (ticket=137)
15:55:32 INFO  Backtest: [STALE-SL] bar=2609 USDJPY short open 14.0h still losing (-0.23R) — SL tightened 144.01387→144.00157 (cap at 0.37R, atr_ratio=1.00, progress=67%) (ticket=137)
15:55:32 INFO  Backtest: [EXIT-SL] USDJPY SHORT entry=143.73095 exit=144.00157 pnl=-250.73 (-0.38R) bars_held=15 (ticket=137)
15:55:34 INFO  BacktestEngine: [2024-10-02 15:00] ENTRY USDJPY LONG @ 145.37142 SL=144.40800 TP=146.81600 (ticket=138)
15:55:34 INFO  Backtest: [EXIT-TIME-STOP] USDJPY LONG entry=145.37236 exit=146.17000 pnl=+675.72 (+0.82R) (ticket=138)
15:55:35 INFO  BacktestEngine: [2024-10-02 20:00] ENTRY USDJPY LONG @ 146.17150 SL=144.86200 TP=148.13600 (ticket=139)
15:55:35 INFO  Backtest: [EXIT-TIME-STOP] USDJPY LONG entry=146.16971 exit=146.59100 pnl=+259.70 (+0.32R) (ticket=139)
15:55:35 INFO  BacktestEngine: [2024-10-03 02:00] ENTRY USDJPY LONG @ 146.57650 SL=145.37000 TP=148.38700 (ticket=140)
15:55:36 INFO  Backtest: [EXIT-TIME-STOP] USDJPY LONG entry=146.57228 exit=146.72200 pnl=+93.05 (+0.12R) (ticket=140)
15:55:36 INFO  BacktestEngine: [2024-10-03 08:00] ENTRY USDJPY SHORT @ 146.55450 SL=147.31000 TP=145.21200 (ticket=141)
15:55:37 INFO  Backtest: [STALE-SL] bar=2644 USDJPY short open 6.0h still losing (-0.29R) — SL tightened 147.31000→146.93137 (cap at 0.50R, atr_ratio=1.00, progress=0%) (ticket=141)
15:55:37 INFO  Backtest: [STALE-SL] bar=2645 USDJPY short open 7.0h still losing (-0.09R) — SL tightened 146.93137→146.91875 (cap at 0.48R, atr_ratio=1.00, progress=8%) (ticket=141)
15:55:37 INFO  Backtest: [EXIT-SL] USDJPY SHORT entry=146.55274 exit=146.91875 pnl=-336.67 (-0.49R) bars_held=8 (ticket=141)
  [USDJPY] 2304/5122 bars (45%)
15:56:23 INFO  BacktestEngine: [2024-10-23 06:00] ENTRY USDJPY LONG @ 151.74550 SL=151.09100 TP=152.72700 (ticket=142)
15:56:23 INFO  Backtest: [PARTIAL-TP1] bar=2976 USDJPY long closed 20% @ 152.41600 (+1R) SL: 151.09100→151.64543 (BE+15%R) rem_qty=1.10 rem_risk=$652.54 (ticket=142)
15:56:23 INFO  Backtest: [EXIT-TP] USDJPY LONG entry=151.74327 exit=152.72700 pnl=+973.46 (+1.49R) bars_held=5 (ticket=142)
15:56:23 INFO  BacktestEngine: [2024-10-23 12:00] ENTRY USDJPY LONG @ 152.72559 SL=151.93300 TP=153.91400 (ticket=143)
15:56:24 INFO  Backtest: [STALE-WIN] bar=2985 USDJPY long open 7.0h, profit stalling (now +0.06R, peak +0.44R) — SL→BE 151.93300→152.60461 (ticket=143)
15:56:24 INFO  Backtest: [EXIT-SL] USDJPY LONG entry=152.72312 exit=152.60461 pnl=-132.08 (-0.16R) bars_held=8 (ticket=143)
15:56:29 INFO  BacktestEngine: [2024-10-25 19:00] ENTRY USDJPY LONG @ 152.19950 SL=151.52400 TP=153.21200 (ticket=144)
  [USDJPY] 2560/5122 bars (50%)
15:56:47 INFO  BacktestEngine: [2024-11-04 03:00] ENTRY USDJPY SHORT @ 151.78630 SL=152.91500 TP=150.09400 (ticket=145)
15:56:47 INFO  Backtest: [EXIT-TIME-STOP] USDJPY SHORT entry=151.78620 exit=152.14600 pnl=-210.68 (-0.33R) (ticket=145)
15:56:48 INFO  BacktestEngine: [2024-11-04 13:00] ENTRY USDJPY SHORT @ 151.54934 SL=152.54100 TP=150.06300 (ticket=148)
15:56:49 INFO  Backtest: [EXIT-TIME-STOP] USDJPY SHORT entry=151.55100 exit=152.02100 pnl=-308.64 (-0.48R) (ticket=148)
15:56:50 INFO  BacktestEngine: [2024-11-04 22:00] ENTRY USDJPY LONG @ 152.14950 SL=151.57300 TP=153.01400 (ticket=152)
15:56:52 INFO  Backtest: [STALE-WIN] bar=3189 USDJPY long open 10.0h, profit stalling (now +0.21R, peak +0.54R) — SL→BE 151.57300→152.06454 (ticket=152)
15:56:53 INFO  Backtest: [EXIT-SL] USDJPY LONG entry=152.15128 exit=152.06454 pnl=-123.75 (-0.16R) bars_held=16 (ticket=152)
15:56:55 INFO  BacktestEngine: [2024-11-06 03:00] ENTRY USDJPY LONG @ 152.92685 SL=151.83100 TP=154.57000 (ticket=153)
15:56:55 INFO  Backtest: [PARTIAL-TP1] bar=3208 USDJPY long closed 20% @ 154.05000 (+1R) SL: 151.83100→152.76388 (BE+15%R) rem_qty=0.64 rem_risk=$637.96 (ticket=153)
15:56:57 INFO  Backtest: [EXIT-TP] USDJPY LONG entry=152.92851 exit=154.57000 pnl=+951.52 (+1.49R) bars_held=14 (ticket=153)
15:56:57 INFO  BacktestEngine: [2024-11-06 18:00] ENTRY USDJPY LONG @ 154.58450 SL=153.12800 TP=156.76900 (ticket=154)
15:56:58 INFO  Backtest: [STALE-SL] bar=3229 USDJPY long open 6.0h still losing (-0.19R) — SL tightened 153.12800→154.13532 (cap at 0.31R, atr_ratio=0.62, progress=0%) (ticket=154)
15:56:59 INFO  Backtest: [STALE-SL] bar=3232 USDJPY long open 9.0h still losing (-0.10R) — SL tightened 154.13943→154.15426 (cap at 0.30R, atr_ratio=0.66, progress=25%) (ticket=154)
15:56:59 INFO  Backtest: [STALE-SL] bar=3233 USDJPY long open 10.0h still losing (-0.18R) — SL tightened 154.15426→154.18448 (cap at 0.27R, atr_ratio=0.63, progress=33%) (ticket=154)
15:56:59 INFO  Backtest: [EXIT-SL] USDJPY LONG entry=154.58381 exit=154.18448 pnl=-225.94 (-0.28R) bars_held=11 (ticket=154)
15:57:00 INFO  BacktestEngine: [2024-11-07 16:00] ENTRY USDJPY SHORT @ 153.21955 SL=154.30800 TP=151.58700 (ticket=155)
15:57:01 INFO  Backtest: [EXIT-TIME-STOP] USDJPY SHORT entry=153.22464 exit=153.08400 pnl=+83.48 (+0.12R) (ticket=155)
15:57:02 INFO  BacktestEngine: [2024-11-07 22:00] ENTRY USDJPY SHORT @ 152.84879 SL=154.01200 TP=151.10400 (ticket=156)
15:57:03 INFO  Backtest: [EXIT-TIME-STOP] USDJPY SHORT entry=152.85745 exit=153.09500 pnl=-142.83 (-0.21R) (ticket=156)
15:57:04 INFO  BacktestEngine: [2024-11-08 10:00] ENTRY USDJPY SHORT @ 152.34479 SL=153.02500 TP=151.32500 (ticket=157)
15:57:05 INFO  Backtest: [EXIT-TIME-STOP] USDJPY SHORT entry=152.34735 exit=152.74000 pnl=-415.31 (-0.59R) (ticket=157)
15:57:05 INFO  BacktestEngine: [2024-11-08 19:00] ENTRY USDJPY LONG @ 152.65650 SL=151.97400 TP=153.68100 (ticket=159)
15:57:06 INFO  BacktestEngine: [2024-11-11 00:00] ENTRY USDJPY LONG @ 152.66250 SL=152.04800 TP=153.58400 (ticket=160)
15:57:06 INFO  Backtest: [PARTIAL-TP1] bar=3280 USDJPY long closed 20% @ 153.38800 (+1R) SL: 152.04800→152.58737 (BE+15%R) rem_qty=1.14 rem_risk=$635.30 (ticket=160)
15:57:06 INFO  Backtest: [EXIT-TP] USDJPY LONG entry=152.68255 exit=153.58400 pnl=+923.93 (+1.45R) bars_held=5 (ticket=160)
15:57:06 INFO  BacktestEngine: [2024-11-11 06:00] ENTRY USDJPY LONG @ 153.57450 SL=152.67200 TP=154.92800 (ticket=161)
15:57:09 INFO  Backtest: [EXIT-TIME-STOP] USDJPY LONG entry=153.57290 exit=153.70400 pnl=+110.05 (+0.14R) (ticket=161)
15:57:10 INFO  BacktestEngine: [2024-11-12 08:00] ENTRY USDJPY LONG @ 153.78478 SL=153.31200 TP=154.49300 (ticket=162)
15:57:11 INFO  Backtest: [PARTIAL-TP1] bar=3315 USDJPY long closed 20% @ 154.38100 (+1R) SL: 153.31200→153.71305 (BE+15%R) rem_qty=1.51 rem_risk=$649.86 (ticket=162)
15:57:11 INFO  Backtest: [EXIT-TP] USDJPY LONG entry=153.78382 exit=154.49300 pnl=+965.19 (+1.49R) bars_held=7 (ticket=162)
15:57:11 INFO  BacktestEngine: [2024-11-12 16:00] ENTRY USDJPY LONG @ 154.41550 SL=153.65700 TP=155.55400 (ticket=163)
15:57:12 INFO  Backtest: [STALE-WIN] bar=3324 USDJPY long open 7.0h, profit stalling (now +0.13R, peak +0.48R) — SL→BE 153.65700→154.30309 (ticket=163)
15:57:13 INFO  Backtest: [EXIT-TIME-STOP] USDJPY LONG entry=154.41711 exit=155.11200 pnl=+744.17 (+0.91R) (ticket=163)
15:57:13 INFO  BacktestEngine: [2024-11-13 09:00] ENTRY USDJPY LONG @ 155.11350 SL=154.45200 TP=156.10600 (ticket=164)
15:57:13 INFO  Backtest: [EXIT-SL] USDJPY LONG entry=155.11668 exit=154.45200 pnl=-832.13 (-1.02R) bars_held=5 (ticket=164)
15:57:14 INFO  BacktestEngine: [2024-11-13 17:00] ENTRY USDJPY LONG @ 154.98783 SL=154.38000 TP=155.89900 (ticket=165)
  [USDJPY] 2816/5122 bars (55%)
15:57:15 INFO  Backtest: [PARTIAL-TP1] bar=3350 USDJPY long closed 20% @ 155.72000 (+1R) SL: 154.38000→154.89857 (BE+15%R) rem_qty=1.18 rem_risk=$650.21 (ticket=165)
15:57:15 INFO  Backtest: [EXIT-TP] USDJPY LONG entry=154.99009 exit=155.89900 pnl=+964.45 (+1.48R) bars_held=9 (ticket=165)
15:57:15 INFO  BacktestEngine: [2024-11-14 03:00] ENTRY USDJPY LONG @ 155.86850 SL=155.01300 TP=157.15100 (ticket=166)
15:57:17 INFO  Backtest: [STALE-SL] bar=3364 USDJPY long open 12.0h still losing (-0.08R) — SL tightened 155.01300→155.57973 (cap at 0.34R, atr_ratio=0.84, progress=50%) (ticket=166)
15:57:18 INFO  Backtest: [EXIT-TIME-STOP] USDJPY LONG entry=155.86728 exit=155.89400 pnl=+19.57 (+0.02R) (ticket=166)
15:57:18 INFO  BacktestEngine: [2024-11-14 23:00] ENTRY USDJPY LONG @ 156.23850 SL=155.61900 TP=157.16800 (ticket=167)
15:57:19 INFO  Backtest: [STALE-WIN] bar=3378 USDJPY long open 6.0h, profit stalling (now +0.16R, peak +0.59R) — SL→BE 155.61900→156.15958 (ticket=167)
15:57:20 INFO  Backtest: [EXIT-SL] USDJPY LONG entry=156.25497 exit=156.15958 pnl=-146.34 (-0.17R) bars_held=8 (ticket=167)
15:57:21 INFO  BacktestEngine: [2024-11-15 12:00] ENTRY USDJPY SHORT @ 155.30050 SL=156.31400 TP=153.78100 (ticket=168)
15:57:21 INFO  Backtest: [EXIT-TIME-STOP] USDJPY SHORT entry=155.29910 exit=154.94800 pnl=+228.13 (+0.34R) (ticket=168)
15:57:21 INFO  BacktestEngine: [2024-11-15 17:00] ENTRY USDJPY SHORT @ 154.94470 SL=155.76100 TP=153.49400 (ticket=169)
15:57:22 INFO  BacktestEngine: [2024-11-18 01:00] ENTRY USDJPY LONG @ 154.64450 SL=153.83500 TP=156.08300 (ticket=170)
15:57:23 INFO  Backtest: [STALE-SL] bar=3404 USDJPY long open 6.0h still losing (-0.08R) — SL tightened 153.83500→154.24293 (cap at 0.50R, atr_ratio=1.00, progress=0%) (ticket=170)
15:57:23 INFO  Backtest: [STALE-SL] bar=3405 USDJPY long open 7.0h still losing (-0.10R) — SL tightened 154.24293→154.25653 (cap at 0.48R, atr_ratio=1.00, progress=8%) (ticket=170)
15:57:24 INFO  Backtest: [STALE-WIN] bar=3411 USDJPY long open 13.0h, profit stalling (now +0.31R, peak +0.75R) — SL→BE 154.25653→154.52849 (ticket=170)
15:57:24 INFO  Backtest: [EXIT-TIME-STOP] USDJPY LONG entry=154.65087 exit=154.79900 pnl=+136.75 (+0.17R) (ticket=170)
15:57:24 INFO  BacktestEngine: [2024-11-18 18:00] ENTRY USDJPY LONG @ 154.80050 SL=153.98500 TP=156.02300 (ticket=171)
15:57:26 INFO  Backtest: [STALE-SL] bar=3421 USDJPY long open 6.0h still losing (-0.22R) — SL tightened 153.98500→154.48223 (cap at 0.38R, atr_ratio=0.77, progress=0%) (ticket=171)
15:57:26 INFO  Backtest: [EXIT-SL] USDJPY LONG entry=154.79325 exit=154.48223 pnl=-307.43 (-0.39R) bars_held=7 (ticket=171)
15:57:26 INFO  BacktestEngine: [2024-11-19 03:00] ENTRY USDJPY SHORT @ 154.11269 SL=155.12000 TP=152.60200 (ticket=172)
15:57:27 INFO  Backtest: [EXIT-TIME-STOP] USDJPY SHORT entry=154.11278 exit=154.50900 pnl=-249.94 (-0.40R) (ticket=172)
15:57:27 INFO  BacktestEngine: [2024-11-19 13:00] ENTRY USDJPY LONG @ 154.08489 SL=153.22900 TP=155.60700 (ticket=176)
15:57:30 INFO  Backtest: [PARTIAL-TP1] bar=3449 USDJPY long closed 20% @ 154.95400 (+1R) SL: 153.22900→153.95211 (BE+15%R) rem_qty=0.75 rem_risk=$586.01 (ticket=176)
15:57:30 INFO  Backtest: [EXIT-TIME-STOP] USDJPY LONG entry=154.07972 exit=155.05400 pnl=+661.45 (+1.13R) (ticket=176)
15:57:30 INFO  BacktestEngine: [2024-11-20 07:00] ENTRY USDJPY LONG @ 155.18850 SL=154.45100 TP=156.29500 (ticket=177)
15:57:31 INFO  Backtest: [STALE-WIN] bar=3460 USDJPY long open 8.0h, profit stalling (now +0.56R, peak +0.88R) — SL→BE 154.45100→155.07712 (ticket=177)
15:57:31 INFO  Backtest: [EXIT-SL] USDJPY LONG entry=155.18762 exit=155.07712 pnl=-139.81 (-0.16R) bars_held=9 (ticket=177)
15:57:31 INFO  BacktestEngine: [2024-11-20 17:00] ENTRY USDJPY LONG @ 155.53157 SL=154.88100 TP=156.68800 (ticket=178)
15:57:32 INFO  Backtest: [STALE-SL] bar=3468 USDJPY long open 6.0h still losing (-0.29R) — SL tightened 154.88100→155.20923 (cap at 0.49R, atr_ratio=0.98, progress=0%) (ticket=178)
15:57:32 INFO  Backtest: [STALE-SL] bar=3469 USDJPY long open 7.0h still losing (-0.39R) — SL tightened 155.20923→155.22292 (cap at 0.47R, atr_ratio=0.97, progress=8%) (ticket=178)
15:57:32 INFO  Backtest: [EXIT-SL] USDJPY LONG entry=155.52620 exit=155.22292 pnl=-415.99 (-0.48R) bars_held=8 (ticket=178)
15:57:33 INFO  BacktestEngine: [2024-11-21 08:00] ENTRY USDJPY SHORT @ 154.75564 SL=155.35800 TP=153.85100 (ticket=180)
15:57:33 INFO  Backtest: [EXIT-TIME-STOP] USDJPY SHORT entry=154.76276 exit=154.52800 pnl=+278.95 (+0.38R) (ticket=180)
15:57:33 INFO  BacktestEngine: [2024-11-21 13:00] ENTRY USDJPY SHORT @ 154.52650 SL=155.20500 TP=153.32000 (ticket=181)
15:57:34 INFO  Backtest: [EXIT-TIME-STOP] USDJPY SHORT entry=154.52180 exit=154.65400 pnl=-152.76 (-0.21R) (ticket=181)
15:57:34 INFO  BacktestEngine: [2024-11-21 18:00] ENTRY USDJPY LONG @ 154.65550 SL=153.86100 TP=156.06800 (ticket=182)
15:57:34 INFO  Backtest: [STALE-SL] bar=3493 USDJPY long open 6.0h still losing (-0.63R) — SL tightened 153.86100→154.34511 (cap at 0.39R, atr_ratio=0.78, progress=0%) (ticket=182)
15:57:34 INFO  Backtest: [EXIT-SL] USDJPY LONG entry=154.65532 exit=154.34511 pnl=-350.04 (-0.40R) bars_held=7 (ticket=182)
15:57:35 INFO  BacktestEngine: [2024-11-22 07:00] ENTRY USDJPY LONG @ 154.70476 SL=154.06500 TP=155.66400 (ticket=183)
15:57:35 INFO  Backtest: [STALE-SL] bar=3506 USDJPY long open 6.0h still losing (-0.32R) — SL tightened 154.06500→154.38644 (cap at 0.50R, atr_ratio=1.00, progress=0%) (ticket=183)
15:57:35 INFO  Backtest: [EXIT-SL] USDJPY LONG entry=154.70788 exit=154.38644 pnl=-431.30 (-0.51R) bars_held=7 (ticket=183)
15:57:36 INFO  BacktestEngine: [2024-11-22 19:00] ENTRY USDJPY LONG @ 154.75750 SL=154.05000 TP=155.81900 (ticket=187)
15:57:36 INFO  BacktestEngine: [2024-11-25 01:00] ENTRY USDJPY SHORT @ 154.14924 SL=154.81900 TP=153.14500 (ticket=188)
15:57:36 INFO  Backtest: [EXIT-TIME-STOP] USDJPY SHORT entry=154.14948 exit=154.09600 pnl=+52.50 (+0.07R) (ticket=188)
15:57:37 INFO  BacktestEngine: [2024-11-25 10:00] ENTRY USDJPY LONG @ 154.69450 SL=153.99200 TP=155.74800 (ticket=189)
15:57:37 INFO  Backtest: [EXIT-SL] USDJPY LONG entry=154.69562 exit=153.99200 pnl=-912.68 (-1.01R) bars_held=4 (ticket=189)
15:57:41 INFO  BacktestEngine: [2024-11-26 19:00] ENTRY USDJPY SHORT @ 153.32450 SL=154.30000 TP=151.86200 (ticket=190)
15:57:43 INFO  Backtest: [EXIT-TIME-STOP] USDJPY SHORT entry=153.32364 exit=153.07200 pnl=+190.92 (+0.25R) (ticket=190)
  [USDJPY] 3072/5122 bars (60%)
15:57:58 INFO  BacktestEngine: [2024-12-03 07:00] ENTRY USDJPY LONG @ 150.02750 SL=149.35100 TP=151.04200 (ticket=191)
15:57:59 INFO  Backtest: [STALE-SL] bar=3674 USDJPY long open 6.0h still losing (-0.51R) — SL tightened 149.35100→149.73029 (cap at 0.44R, atr_ratio=0.88, progress=0%) (ticket=191)
15:57:59 INFO  Backtest: [EXIT-SL] USDJPY LONG entry=150.02948 exit=149.73029 pnl=-407.73 (-0.45R) bars_held=7 (ticket=191)
15:58:00 INFO  BacktestEngine: [2024-12-03 17:00] ENTRY USDJPY SHORT @ 149.14573 SL=150.32300 TP=147.38000 (ticket=192)
15:58:00 INFO  Backtest: [EXIT-TIME-STOP] USDJPY SHORT entry=149.14844 exit=149.45500 pnl=-203.04 (-0.27R) (ticket=192)
15:58:01 INFO  BacktestEngine: [2024-12-04 02:00] ENTRY USDJPY LONG @ 149.87261 SL=149.16300 TP=150.93700 (ticket=195)
15:58:03 INFO  Backtest: [PARTIAL-TP1] bar=3695 USDJPY long closed 20% @ 150.62600 (+1R) SL: 149.16300→149.76779 (BE+15%R) rem_qty=1.04 rem_risk=$671.42 (ticket=195)
15:58:03 INFO  Backtest: [EXIT-TP] USDJPY LONG entry=149.87452 exit=150.93700 pnl=+998.25 (+1.49R) bars_held=10 (ticket=195)
15:58:03 INFO  BacktestEngine: [2024-12-04 13:00] ENTRY USDJPY LONG @ 150.88850 SL=149.80400 TP=152.51600 (ticket=196)
15:58:04 INFO  Backtest: [STALE-SL] bar=3704 USDJPY long open 6.0h still losing (-0.44R) — SL tightened 149.80400→150.34760 (cap at 0.50R, atr_ratio=1.00, progress=0%) (ticket=196)
15:58:04 INFO  Backtest: [EXIT-SL] USDJPY LONG entry=150.89120 exit=150.34760 pnl=-431.44 (-0.51R) bars_held=7 (ticket=196)
15:58:04 INFO  BacktestEngine: [2024-12-04 21:00] ENTRY USDJPY LONG @ 150.44169 SL=149.45100 TP=151.92800 (ticket=197)
15:58:05 INFO  Backtest: [STALE-SL] bar=3712 USDJPY long open 6.0h still losing (-0.11R) — SL tightened 149.45100→149.96893 (cap at 0.48R, atr_ratio=0.95, progress=0%) (ticket=197)
15:58:05 INFO  Backtest: [STALE-SL] bar=3713 USDJPY long open 7.0h still losing (-0.16R) — SL tightened 149.96893→149.98706 (cap at 0.46R, atr_ratio=0.95, progress=8%) (ticket=197)
15:58:05 INFO  Backtest: [STALE-SL] bar=3714 USDJPY long open 8.0h still losing (-0.05R) — SL tightened 149.98706→150.02912 (cap at 0.42R, atr_ratio=0.89, progress=17%) (ticket=197)
15:58:05 INFO  Backtest: [EXIT-SL] USDJPY LONG entry=150.44098 exit=150.02912 pnl=-355.07 (-0.42R) bars_held=9 (ticket=197)
15:58:06 INFO  BacktestEngine: [2024-12-05 14:00] ENTRY USDJPY LONG @ 150.40074 SL=149.68800 TP=151.47000 (ticket=198)
15:58:07 INFO  Backtest: [STALE-SL] bar=3729 USDJPY long open 6.0h still losing (-0.53R) — SL tightened 149.68800→150.04177 (cap at 0.50R, atr_ratio=1.00, progress=0%) (ticket=198)
15:58:07 INFO  Backtest: [EXIT-SL] USDJPY LONG entry=150.39554 exit=150.04177 pnl=-447.35 (-0.51R) bars_held=7 (ticket=198)
15:58:10 INFO  BacktestEngine: [2024-12-06 11:00] ENTRY USDJPY LONG @ 150.57460 SL=149.92900 TP=151.54300 (ticket=199)
15:58:11 INFO  Backtest: [EXIT-SL] USDJPY LONG entry=150.57081 exit=149.92900 pnl=-780.18 (-1.01R) bars_held=3 (ticket=199)
15:58:11 INFO  BacktestEngine: [2024-12-06 19:00] ENTRY USDJPY LONG @ 149.96450 SL=149.23600 TP=151.05700 (ticket=200)
15:58:11 INFO  BacktestEngine: [2024-12-09 00:00] ENTRY USDJPY LONG @ 149.99050 SL=149.37800 TP=150.90900 (ticket=201)
15:58:12 INFO  Backtest: [STALE-SL] bar=3763 USDJPY long open 6.0h still losing (-0.03R) — SL tightened 149.37800→149.75894 (cap at 0.37R, atr_ratio=0.74, progress=0%) (ticket=201)
15:58:13 INFO  Backtest: [PARTIAL-TP1] bar=3770 USDJPY long closed 20% @ 150.76500 (+1R) SL: 149.75894→149.89140 (BE+15%R) rem_qty=1.16 rem_risk=$646.41 (ticket=201)
15:58:13 INFO  Backtest: [EXIT-TP] USDJPY LONG entry=149.98200 exit=150.90900 pnl=+970.42 (+1.50R) bars_held=14 (ticket=201)
15:58:13 INFO  BacktestEngine: [2024-12-09 15:00] ENTRY USDJPY LONG @ 150.87554 SL=150.08600 TP=152.06100 (ticket=202)
15:58:15 INFO  Backtest: [STALE-WIN] bar=3784 USDJPY long open 12.0h, profit stalling (now +0.41R, peak +0.71R) — SL→BE 150.08600→150.75711 (ticket=202)
15:58:16 INFO  Backtest: [EXIT-TIME-STOP] USDJPY LONG entry=150.87554 exit=151.22100 pnl=+347.32 (+0.43R) (ticket=202)
15:58:20 INFO  BacktestEngine: [2024-12-11 12:00] ENTRY USDJPY LONG @ 152.59252 SL=151.46100 TP=154.28900 (ticket=203)
15:58:21 INFO  Backtest: [STALE-SL] bar=3823 USDJPY long open 6.0h still losing (-0.08R) — SL tightened 151.46100→152.02501 (cap at 0.50R, atr_ratio=1.00, progress=0%) (ticket=203)
15:58:21 INFO  Backtest: [STALE-SL] bar=3827 USDJPY long open 10.0h still losing (-0.19R) — SL tightened 152.02501→152.10022 (cap at 0.43R, atr_ratio=1.00, progress=33%) (ticket=203)
15:58:21 INFO  Backtest: [STALE-SL] bar=3828 USDJPY long open 11.0h still losing (-0.16R) — SL tightened 152.10022→152.11902 (cap at 0.42R, atr_ratio=1.00, progress=42%) (ticket=203)
15:58:22 INFO  Backtest: [STALE-SL] bar=3829 USDJPY long open 12.0h still losing (-0.29R) — SL tightened 152.11902→152.13782 (cap at 0.40R, atr_ratio=1.00, progress=50%) (ticket=203)
15:58:22 INFO  Backtest: [EXIT-SL] USDJPY LONG entry=152.58903 exit=152.13782 pnl=-354.96 (-0.41R) bars_held=13 (ticket=203)
15:58:22 INFO  BacktestEngine: [2024-12-12 04:00] ENTRY USDJPY LONG @ 152.31885 SL=151.34100 TP=153.78600 (ticket=204)
15:58:23 INFO  Backtest: [STALE-SL] bar=3840 USDJPY long open 7.0h still losing (-0.00R) — SL tightened 151.34100→151.93277 (cap at 0.40R, atr_ratio=0.82, progress=8%) (ticket=204)
15:58:23 INFO  Backtest: [STALE-SL] bar=3842 USDJPY long open 9.0h still losing (-0.05R) — SL tightened 151.93277→151.94400 (cap at 0.38R, atr_ratio=0.85, progress=25%) (ticket=204)
15:58:23 INFO  Backtest: [EXIT-SL] USDJPY LONG entry=152.31928 exit=151.94400 pnl=-334.56 (-0.39R) bars_held=10 (ticket=204)
15:58:24 INFO  BacktestEngine: [2024-12-12 21:00] ENTRY USDJPY LONG @ 152.53650 SL=151.87700 TP=153.52500 (ticket=205)
  [USDJPY] 3328/5122 bars (65%)
15:58:25 INFO  Backtest: [STALE-WIN] bar=3860 USDJPY long open 10.0h, profit stalling (now +0.26R, peak +0.62R) — SL→BE 151.87700→152.43957 (ticket=205)
15:58:25 INFO  Backtest: [PARTIAL-TP1] bar=3863 USDJPY long closed 20% @ 153.41000 (+1R) SL: 152.43957→152.43957 (BE+15%R) rem_qty=1.14 rem_risk=$681.30 (ticket=205)
15:58:26 INFO  Backtest: [EXIT-TP] USDJPY LONG entry=152.53885 exit=153.52500 pnl=+1011.49 (+1.48R) bars_held=15 (ticket=205)
15:58:26 INFO  BacktestEngine: [2024-12-13 13:00] ENTRY USDJPY LONG @ 153.62350 SL=152.75100 TP=154.93200 (ticket=206)
15:58:27 INFO  BacktestEngine: [2024-12-16 03:00] ENTRY USDJPY LONG @ 153.90860 SL=153.10500 TP=155.11500 (ticket=207)
15:58:28 INFO  Backtest: [STALE-SL] bar=3886 USDJPY long open 6.0h still losing (-0.27R) — SL tightened 153.10500→153.57178 (cap at 0.42R, atr_ratio=0.84, progress=0%) (ticket=207)
15:58:29 INFO  Backtest: [EXIT-TIME-STOP] USDJPY LONG entry=153.90885 exit=154.05900 pnl=+156.87 (+0.18R) (ticket=207)
15:58:31 INFO  BacktestEngine: [2024-12-17 07:00] ENTRY USDJPY LONG @ 154.13371 SL=153.66100 TP=154.84300 (ticket=208)
15:58:32 INFO  Backtest: [STALE-SL] bar=3914 USDJPY long open 6.0h still losing (-0.67R) — SL tightened 153.66100→153.89749 (cap at 0.50R, atr_ratio=1.00, progress=0%) (ticket=208)
15:58:32 INFO  Backtest: [EXIT-SL] USDJPY LONG entry=154.13398 exit=153.89749 pnl=-428.85 (-0.52R) bars_held=7 (ticket=208)
15:58:32 INFO  BacktestEngine: [2024-12-17 16:00] ENTRY USDJPY SHORT @ 153.55150 SL=154.04200 TP=152.81600 (ticket=209)
15:58:32 INFO  Backtest: [EXIT-TIME-STOP] USDJPY SHORT entry=153.55481 exit=153.34000 pnl=+295.92 (+0.42R) (ticket=209)
15:58:33 INFO  BacktestEngine: [2024-12-17 21:00] ENTRY USDJPY SHORT @ 153.33850 SL=153.85100 TP=152.51300 (ticket=210)
15:58:33 INFO  Backtest: [EXIT-TIME-STOP] USDJPY SHORT entry=153.33835 exit=153.69500 pnl=-500.64 (-0.71R) (ticket=210)
15:58:33 INFO  BacktestEngine: [2024-12-18 03:00] ENTRY USDJPY LONG @ 153.59150 SL=153.11500 TP=154.30600 (ticket=211)
15:58:34 INFO  Backtest: [STALE-SL] bar=3934 USDJPY long open 6.0h still losing (-0.04R) — SL tightened 153.11500→153.35270 (cap at 0.49R, atr_ratio=0.99, progress=0%) (ticket=211)
15:58:35 INFO  Backtest: [STALE-SL] bar=3936 USDJPY long open 8.0h still losing (-0.02R) — SL tightened 153.35270→153.37082 (cap at 0.45R, atr_ratio=0.97, progress=17%) (ticket=211)
15:58:36 INFO  Backtest: [STALE-WIN] bar=3943 USDJPY long open 15.0h, profit stalling (now +0.51R, peak +0.93R) — SL→BE 153.37082→153.51364 (ticket=211)
15:58:36 INFO  Backtest: [EXIT-TIME-STOP] USDJPY LONG entry=153.58399 exit=153.74300 pnl=+278.15 (+0.32R) (ticket=211)
15:58:36 INFO  BacktestEngine: [2024-12-18 20:00] ENTRY USDJPY LONG @ 153.74450 SL=153.30400 TP=154.40600 (ticket=212)
15:58:36 INFO  Backtest: [EXIT-TP] USDJPY LONG entry=153.74622 exit=154.40600 pnl=+1299.56 (+1.48R) bars_held=0 (ticket=212)
15:58:36 INFO  BacktestEngine: [2024-12-18 22:00] ENTRY USDJPY LONG @ 154.69278 SL=153.94200 TP=155.81800 (ticket=213)
15:58:38 INFO  Backtest: [EXIT-TP] USDJPY LONG entry=154.68227 exit=155.81800 pnl=+1334.47 (+1.50R) bars_held=9 (ticket=213)
15:58:38 INFO  BacktestEngine: [2024-12-19 09:00] ENTRY USDJPY LONG @ 156.47729 SL=155.09500 TP=158.55100 (ticket=214)
15:58:40 INFO  Backtest: [EXIT-TIME-STOP] USDJPY LONG entry=156.48143 exit=157.74100 pnl=+820.23 (+0.91R) (ticket=214)
15:58:41 INFO  BacktestEngine: [2024-12-20 02:00] ENTRY USDJPY LONG @ 157.74262 SL=156.61900 TP=159.42800 (ticket=215)
15:58:42 INFO  Backtest: [STALE-SL] bar=3981 USDJPY long open 6.0h still losing (-0.81R) — SL tightened 156.61900→157.21714 (cap at 0.47R, atr_ratio=0.93, progress=0%) (ticket=215)
15:58:42 INFO  Backtest: [EXIT-SL] USDJPY LONG entry=157.74089 exit=157.21714 pnl=-420.74 (-0.47R) bars_held=7 (ticket=215)
15:58:42 INFO  BacktestEngine: [2024-12-20 11:00] ENTRY USDJPY SHORT @ 156.71646 SL=157.85600 TP=155.00800 (ticket=216)
15:58:42 INFO  Backtest: [EXIT-TIME-STOP] USDJPY SHORT entry=156.71517 exit=156.60300 pnl=+69.40 (+0.09R) (ticket=216)
15:58:42 INFO  BacktestEngine: [2024-12-20 16:00] ENTRY USDJPY SHORT @ 156.60138 SL=157.68000 TP=154.98300 (ticket=217)
15:58:43 INFO  BacktestEngine: [2024-12-23 01:00] ENTRY USDJPY LONG @ 156.56350 SL=155.93500 TP=157.50700 (ticket=218)
15:58:45 INFO  Backtest: [STALE-SL] bar=4006 USDJPY long open 8.0h still losing (-0.02R) — SL tightened 155.93500→156.35175 (cap at 0.35R, atr_ratio=0.76, progress=17%) (ticket=218)
15:58:46 INFO  Backtest: [EXIT-TIME-STOP] USDJPY LONG entry=156.58067 exit=157.02900 pnl=+312.76 (+0.70R) (ticket=218)
15:58:46 INFO  BacktestEngine: [2024-12-23 18:00] ENTRY USDJPY LONG @ 157.03050 SL=156.40700 TP=157.96500 (ticket=219)
15:58:48 INFO  Backtest: [STALE-WIN] bar=4024 USDJPY long open 9.0h, profit stalling (now +0.14R, peak +0.45R) — SL→BE 156.40700→156.93680 (ticket=219)
15:58:48 INFO  Backtest: [EXIT-SL] USDJPY LONG entry=157.03030 exit=156.93680 pnl=-72.74 (-0.16R) bars_held=11 (ticket=219)
15:58:49 INFO  BacktestEngine: [2024-12-24 15:00] ENTRY USDJPY LONG @ 157.19250 SL=156.85100 TP=157.70400 (ticket=220)
15:58:49 INFO  Backtest: [STALE-WIN] bar=4042 USDJPY long open 6.0h, profit stalling (now +0.03R, peak +0.41R) — SL→BE 156.85100→157.14136 (ticket=220)
15:58:49 INFO  Backtest: [EXIT-SL] USDJPY LONG entry=157.19260 exit=157.14136 pnl=-79.37 (-0.17R) bars_held=7 (ticket=220)
15:58:51 INFO  BacktestEngine: [2024-12-26 15:00] ENTRY USDJPY LONG @ 157.83880 SL=157.34600 TP=158.57800 (ticket=221)
15:58:52 INFO  Backtest: [STALE-WIN] bar=4069 USDJPY long open 8.0h, profit stalling (now +0.09R, peak +0.46R) — SL→BE 157.34600→157.76603 (ticket=221)
15:58:52 INFO  Backtest: [EXIT-SL] USDJPY LONG entry=157.84015 exit=157.76603 pnl=-71.47 (-0.17R) bars_held=9 (ticket=221)
15:58:52 INFO  BacktestEngine: [2024-12-27 06:00] ENTRY USDJPY SHORT @ 157.57150 SL=158.12300 TP=156.74500 (ticket=223)
15:58:53 INFO  Backtest: [EXIT-TIME-STOP] USDJPY SHORT entry=157.57287 exit=157.87600 pnl=-209.31 (-0.56R) (ticket=223)
15:58:54 INFO  BacktestEngine: [2024-12-27 15:00] ENTRY USDJPY LONG @ 157.79555 SL=157.42300 TP=158.35400 (ticket=226)
15:58:54 INFO  Backtest: [EXIT-SL] USDJPY LONG entry=157.79737 exit=157.42300 pnl=-448.51 (-1.03R) bars_held=2 (ticket=226)
  [USDJPY] 3584/5122 bars (70%)
15:58:59 INFO  BacktestEngine: [2024-12-31 03:00] ENTRY USDJPY SHORT @ 156.43690 SL=157.25300 TP=155.21300 (ticket=227)
15:58:59 INFO  Backtest: [EXIT-TIME-STOP] USDJPY SHORT entry=156.44175 exit=156.35700 pnl=+30.15 (+0.09R) (ticket=227)
15:59:00 INFO  BacktestEngine: [2024-12-31 08:00] ENTRY USDJPY SHORT @ 156.35547 SL=157.11900 TP=155.21000 (ticket=228)
15:59:00 INFO  Backtest: [EXIT-TIME-STOP] USDJPY SHORT entry=156.35318 exit=156.79800 pnl=-189.42 (-0.59R) (ticket=228)
15:59:00 INFO  BacktestEngine: [2024-12-31 13:00] ENTRY USDJPY LONG @ 156.79950 SL=156.23600 TP=157.80100 (ticket=229)
15:59:01 INFO  Backtest: [PARTIAL-TP1] bar=4135 USDJPY long closed 20% @ 157.36500 (+1R) SL: 156.23600→156.71401 (BE+15%R) rem_qty=0.58 rem_risk=$299.50 (ticket=229)
15:59:03 INFO  Backtest: [EXIT-TIME-STOP] USDJPY LONG entry=156.79837 exit=157.15900 pnl=+187.57 (+0.63R) (ticket=229)
15:59:09 INFO  BacktestEngine: [2025-01-06 06:00] ENTRY USDJPY LONG @ 157.72050 SL=157.12400 TP=158.61500 (ticket=230)
15:59:11 INFO  Backtest: [STALE-SL] bar=4203 USDJPY long open 6.0h still losing (-0.88R) — SL tightened 157.12400→157.45584 (cap at 0.44R, atr_ratio=0.89, progress=0%) (ticket=230)
15:59:11 INFO  Backtest: [EXIT-SL] USDJPY LONG entry=157.72177 exit=157.45584 pnl=-343.62 (-0.46R) bars_held=7 (ticket=230)
15:59:11 INFO  BacktestEngine: [2025-01-06 17:00] ENTRY USDJPY LONG @ 157.53513 SL=156.76800 TP=158.68600 (ticket=231)
15:59:12 INFO  Backtest: [PARTIAL-TP1] bar=4217 USDJPY long closed 20% @ 158.31100 (+1R) SL: 156.76800→157.39744 (BE+15%R) rem_qty=0.86 rem_risk=$597.83 (ticket=231)
15:59:13 INFO  Backtest: [EXIT-TIME-STOP] USDJPY LONG entry=157.50851 exit=157.74400 pnl=+177.44 (+0.30R) (ticket=231)
15:59:13 INFO  BacktestEngine: [2025-01-07 12:00] ENTRY USDJPY LONG @ 157.74550 SL=157.10900 TP=158.70000 (ticket=232)
15:59:14 INFO  Backtest: [STALE-SL] bar=4231 USDJPY long open 6.0h still losing (-0.08R) — SL tightened 157.10900→157.42675 (cap at 0.50R, atr_ratio=1.00, progress=0%) (ticket=232)
15:59:16 INFO  Backtest: [STALE-WIN] bar=4239 USDJPY long open 14.0h, profit stalling (now +0.35R, peak +0.76R) — SL→BE 157.42675→157.64917 (ticket=232)
15:59:16 INFO  Backtest: [EXIT-TIME-STOP] USDJPY LONG entry=157.74449 exit=158.19700 pnl=+590.98 (+0.70R) (ticket=232)
15:59:16 INFO  BacktestEngine: [2025-01-08 05:00] ENTRY USDJPY LONG @ 158.19850 SL=157.47400 TP=159.28600 (ticket=233)
15:59:17 INFO  Backtest: [STALE-WIN] bar=4251 USDJPY long open 9.0h, profit stalling (now +0.04R, peak +0.42R) — SL→BE 157.47400→158.09115 (ticket=233)
15:59:18 INFO  Backtest: [EXIT-TIME-STOP] USDJPY LONG entry=158.20006 exit=158.36000 pnl=+199.51 (+0.21R) (ticket=233)
15:59:18 INFO  BacktestEngine: [2025-01-08 22:00] ENTRY USDJPY LONG @ 158.36150 SL=157.87200 TP=159.09600 (ticket=234)
15:59:19 INFO  Backtest: [STALE-SL] bar=4265 USDJPY long open 6.0h still losing (-0.80R) — SL tightened 157.87200→158.12499 (cap at 0.48R, atr_ratio=0.97, progress=0%) (ticket=234)
15:59:19 INFO  Backtest: [EXIT-SL] USDJPY LONG entry=158.36314 exit=158.12499 pnl=-478.76 (-0.50R) bars_held=7 (ticket=234)
15:59:19 INFO  BacktestEngine: [2025-01-09 06:00] ENTRY USDJPY SHORT @ 157.92330 SL=158.37800 TP=157.24100 (ticket=235)
15:59:19 INFO  Backtest: [EXIT-TIME-STOP] USDJPY SHORT entry=157.92331 exit=158.08100 pnl=-260.36 (-0.36R) (ticket=235)
15:59:21 INFO  BacktestEngine: [2025-01-09 17:00] ENTRY USDJPY LONG @ 157.97350 SL=157.51500 TP=158.66100 (ticket=236)
15:59:23 INFO  Backtest: [EXIT-TIME-STOP] USDJPY LONG entry=157.97599 exit=157.82100 pnl=-299.05 (-0.35R) (ticket=236)
15:59:25 INFO  BacktestEngine: [2025-01-13 05:00] ENTRY USDJPY SHORT @ 157.41150 SL=158.35600 TP=155.99400 (ticket=238)
15:59:25 INFO  Backtest: [EXIT-TIME-STOP] USDJPY SHORT entry=157.41286 exit=157.60100 pnl=-156.82 (-0.21R) (ticket=238)
15:59:27 INFO  BacktestEngine: [2025-01-13 17:00] ENTRY USDJPY LONG @ 157.51750 SL=156.79700 TP=158.59800 (ticket=241)
15:59:28 INFO  Backtest: [STALE-SL] bar=4332 USDJPY long open 6.0h still losing (-0.30R) — SL tightened 156.79700→157.15857 (cap at 0.50R, atr_ratio=1.00, progress=0%) (ticket=241)
15:59:28 INFO  Backtest: [EXIT-SL] USDJPY LONG entry=157.52014 exit=157.15857 pnl=-457.00 (-0.51R) bars_held=7 (ticket=241)
15:59:28 INFO  BacktestEngine: [2025-01-14 05:00] ENTRY USDJPY LONG @ 157.55750 SL=156.77900 TP=158.72500 (ticket=244)
15:59:31 INFO  Backtest: [EXIT-TIME-STOP] USDJPY LONG entry=157.55525 exit=157.98100 pnl=+471.74 (+0.54R) (ticket=244)
15:59:31 INFO  BacktestEngine: [2025-01-15 01:00] ENTRY USDJPY LONG @ 158.04950 SL=157.32000 TP=159.14400 (ticket=245)
15:59:32 INFO  Backtest: [EXIT-SL] USDJPY LONG entry=158.04660 exit=157.32000 pnl=-861.98 (-1.01R) bars_held=5 (ticket=245)
15:59:32 INFO  BacktestEngine: [2025-01-15 09:00] ENTRY USDJPY SHORT @ 156.87611 SL=157.73400 TP=155.58900 (ticket=246)
  [USDJPY] 3840/5122 bars (75%)
15:59:32 INFO  Backtest: [EXIT-TIME-STOP] USDJPY SHORT entry=156.87083 exit=156.97800 pnl=-96.16 (-0.13R) (ticket=246)
15:59:34 INFO  BacktestEngine: [2025-01-16 04:00] ENTRY USDJPY SHORT @ 155.73337 SL=156.85900 TP=154.04500 (ticket=249)
15:59:35 INFO  Backtest: [EXIT-TIME-STOP] USDJPY SHORT entry=155.72819 exit=156.18600 pnl=-300.76 (-0.41R) (ticket=249)
15:59:36 INFO  BacktestEngine: [2025-01-16 14:00] ENTRY USDJPY LONG @ 156.11108 SL=155.44800 TP=157.10600 (ticket=251)
15:59:36 INFO  Backtest: [EXIT-SL] USDJPY LONG entry=156.10817 exit=155.44800 pnl=-856.93 (-1.01R) bars_held=2 (ticket=251)
15:59:39 INFO  BacktestEngine: [2025-01-17 18:00] ENTRY USDJPY LONG @ 156.30558 SL=155.67000 TP=157.25900 (ticket=252)
15:59:47 INFO  BacktestEngine: [2025-01-22 06:00] ENTRY USDJPY LONG @ 155.79350 SL=155.20400 TP=156.67800 (ticket=253)
15:59:48 INFO  Backtest: [STALE-WIN] bar=4490 USDJPY long open 7.0h, profit stalling (now +0.04R, peak +0.44R) — SL→BE 155.20400→155.70181 (ticket=253)
15:59:49 INFO  Backtest: [PARTIAL-TP1] bar=4493 USDJPY long closed 20% @ 156.40100 (+1R) SL: 155.70181→155.70181 (BE+15%R) rem_qty=1.27 rem_risk=$682.78 (ticket=253)
15:59:49 INFO  Backtest: [EXIT-TP] USDJPY LONG entry=155.78966 exit=156.67800 pnl=+1019.36 (+1.49R) bars_held=12 (ticket=253)
15:59:49 INFO  BacktestEngine: [2025-01-22 19:00] ENTRY USDJPY LONG @ 156.61450 SL=155.69500 TP=157.99400 (ticket=254)
15:59:50 INFO  Backtest: [STALE-SL] bar=4502 USDJPY long open 6.0h still losing (-0.25R) — SL tightened 155.69500→156.26748 (cap at 0.38R, atr_ratio=0.76, progress=0%) (ticket=254)
15:59:50 INFO  Backtest: [STALE-SL] bar=4503 USDJPY long open 7.0h still losing (-0.07R) — SL tightened 156.26748→156.28040 (cap at 0.37R, atr_ratio=0.76, progress=8%) (ticket=254)
15:59:50 INFO  Backtest: [STALE-SL] bar=4505 USDJPY long open 9.0h still losing (-0.13R) — SL tightened 156.28108→156.30270 (cap at 0.34R, atr_ratio=0.76, progress=25%) (ticket=254)
15:59:50 INFO  Backtest: [STALE-SL] bar=4506 USDJPY long open 10.0h still losing (-0.03R) — SL tightened 156.30270→156.33030 (cap at 0.31R, atr_ratio=0.72, progress=33%) (ticket=254)
15:59:51 INFO  Backtest: [STALE-SL] bar=4508 USDJPY long open 12.0h still losing (-0.01R) — SL tightened 156.33030→156.39771 (cap at 0.24R, atr_ratio=0.60, progress=50%) (ticket=254)
15:59:51 INFO  Backtest: [STALE-SL] bar=4509 USDJPY long open 13.0h still losing (-0.01R) — SL tightened 156.39771→156.40982 (cap at 0.23R, atr_ratio=0.59, progress=58%) (ticket=254)
15:59:51 INFO  Backtest: [STALE-SL] bar=4510 USDJPY long open 14.0h still losing (-0.14R) — SL tightened 156.40982→156.41723 (cap at 0.22R, atr_ratio=0.59, progress=67%) (ticket=254)
15:59:51 INFO  Backtest: [EXIT-SL] USDJPY LONG entry=156.61855 exit=156.41723 pnl=-195.91 (-0.23R) bars_held=15 (ticket=254)
15:59:52 INFO  BacktestEngine: [2025-01-23 17:00] ENTRY USDJPY SHORT @ 156.16057 SL=156.65300 TP=155.42300 (ticket=255)
15:59:52 INFO  Backtest: [EXIT-TIME-STOP] USDJPY SHORT entry=156.16519 exit=155.96800 pnl=+269.01 (+0.39R) (ticket=255)
15:59:53 INFO  BacktestEngine: [2025-01-23 22:00] ENTRY USDJPY SHORT @ 155.96650 SL=156.49600 TP=155.17200 (ticket=256)
15:59:53 INFO  Backtest: [EXIT-TIME-STOP] USDJPY SHORT entry=155.96998 exit=156.31100 pnl=-460.13 (-0.66R) (ticket=256)
15:59:53 INFO  BacktestEngine: [2025-01-24 03:00] ENTRY USDJPY LONG @ 156.31250 SL=155.81400 TP=157.06000 (ticket=257)
15:59:53 INFO  Backtest: [EXIT-SL] USDJPY LONG entry=156.32664 exit=155.81400 pnl=-885.44 (-1.04R) bars_held=1 (ticket=257)
15:59:54 INFO  BacktestEngine: [2025-01-24 10:00] ENTRY USDJPY SHORT @ 155.37691 SL=156.20600 TP=153.90200 (ticket=258)
15:59:54 INFO  Backtest: [EXIT-SL] USDJPY SHORT entry=155.38321 exit=156.20600 pnl=-717.95 (-1.00R) bars_held=3 (ticket=258)
15:59:54 INFO  BacktestEngine: [2025-01-24 18:00] ENTRY USDJPY LONG @ 155.58350 SL=154.72200 TP=156.87600 (ticket=263)
15:59:56 INFO  BacktestEngine: [2025-01-27 07:00] ENTRY USDJPY LONG @ 156.06550 SL=155.36800 TP=157.11100 (ticket=264)
15:59:56 INFO  Backtest: [EXIT-SL] USDJPY LONG entry=156.06269 exit=155.36800 pnl=-843.70 (-1.01R) bars_held=2 (ticket=264)
15:59:58 INFO  BacktestEngine: [2025-01-27 22:00] ENTRY USDJPY LONG @ 154.58050 SL=153.61900 TP=156.02300 (ticket=265)
15:59:59 INFO  Backtest: [PARTIAL-TP1] bar=4576 USDJPY long closed 20% @ 155.55200 (+1R) SL: 153.61900→154.43662 (BE+15%R) rem_qty=0.76 rem_risk=$665.18 (ticket=265)
16:00:01 INFO  Backtest: [EXIT-TIME-STOP] USDJPY LONG entry=154.58090 exit=155.49100 pnl=+624.10 (+0.94R) (ticket=265)
16:00:01 INFO  BacktestEngine: [2025-01-28 17:00] ENTRY USDJPY LONG @ 155.71941 SL=154.91400 TP=156.92700 (ticket=266)
16:00:02 INFO  Backtest: [STALE-SL] bar=4596 USDJPY long open 6.0h still losing (-0.22R) — SL tightened 154.91400→155.37122 (cap at 0.43R, atr_ratio=0.86, progress=0%) (ticket=266)
16:00:02 INFO  Backtest: [STALE-SL] bar=4597 USDJPY long open 7.0h still losing (-0.19R) — SL tightened 155.37122→155.40795 (cap at 0.38R, atr_ratio=0.80, progress=8%) (ticket=266)
16:00:03 INFO  Backtest: [STALE-SL] bar=4598 USDJPY long open 8.0h still losing (-0.11R) — SL tightened 155.40795→155.45535 (cap at 0.33R, atr_ratio=0.70, progress=17%) (ticket=266)
16:00:03 INFO  Backtest: [STALE-SL] bar=4599 USDJPY long open 9.0h still losing (-0.01R) — SL tightened 155.45535→155.47010 (cap at 0.31R, atr_ratio=0.68, progress=25%) (ticket=266)
16:00:03 INFO  Backtest: [STALE-SL] bar=4600 USDJPY long open 10.0h still losing (-0.11R) — SL tightened 155.47010→155.48288 (cap at 0.29R, atr_ratio=0.67, progress=33%) (ticket=266)
16:00:03 INFO  Backtest: [EXIT-SL] USDJPY LONG entry=155.71692 exit=155.48288 pnl=-217.77 (-0.30R) bars_held=11 (ticket=266)
16:00:04 INFO  BacktestEngine: [2025-01-29 13:00] ENTRY USDJPY LONG @ 155.41950 SL=154.86100 TP=156.25700 (ticket=267)
16:00:06 INFO  Backtest: [STALE-SL] bar=4616 USDJPY long open 6.0h still losing (-0.53R) — SL tightened 154.86100→155.13860 (cap at 0.50R, atr_ratio=1.00, progress=0%) (ticket=267)
16:00:06 INFO  Backtest: [EXIT-SL] USDJPY LONG entry=155.41620 exit=155.13860 pnl=-371.25 (-0.51R) bars_held=7 (ticket=267)
  [USDJPY] 4096/5122 bars (80%)
16:00:17 INFO  BacktestEngine: [2025-02-04 02:00] ENTRY USDJPY LONG @ 155.31450 SL=154.44400 TP=156.62000 (ticket=269)
16:00:18 INFO  Backtest: [EXIT-TIME-STOP] USDJPY LONG entry=155.31517 exit=155.24900 pnl=-61.17 (-0.08R) (ticket=269)
16:00:20 INFO  BacktestEngine: [2025-02-04 18:00] ENTRY USDJPY SHORT @ 154.55850 SL=155.19000 TP=153.61200 (ticket=270)
16:00:21 INFO  Backtest: [PARTIAL-TP1] bar=4718 USDJPY short closed 20% @ 153.85900 (+1R) SL: 155.19000→154.65224 (BE+15%R) rem_qty=0.86 rem_risk=$491.73 (ticket=270)
16:00:21 INFO  Backtest: [EXIT-TP] USDJPY SHORT entry=154.55734 exit=153.61200 pnl=+730.39 (+1.49R) bars_held=8 (ticket=270)
16:00:21 INFO  BacktestEngine: [2025-02-05 03:00] ENTRY USDJPY SHORT @ 153.59763 SL=154.56500 TP=152.14700 (ticket=271)
16:00:22 INFO  Backtest: [PARTIAL-TP1] bar=4728 USDJPY short closed 20% @ 152.64000 (+1R) SL: 154.56500→153.74766 (BE+15%R) rem_qty=0.68 rem_risk=$598.55 (ticket=271)
16:00:23 INFO  Backtest: [EXIT-TP] USDJPY SHORT entry=153.60343 exit=152.14700 pnl=+896.48 (+1.50R) bars_held=13 (ticket=271)
16:00:23 INFO  BacktestEngine: [2025-02-05 17:00] ENTRY USDJPY SHORT @ 152.13403 SL=153.33100 TP=150.33900 (ticket=272)
16:00:24 INFO  Backtest: [STALE-SL] bar=4740 USDJPY short open 6.0h still losing (-0.36R) — SL tightened 153.33100→152.65647 (cap at 0.43R, atr_ratio=0.87, progress=0%) (ticket=272)
16:00:24 INFO  Backtest: [EXIT-SL] USDJPY SHORT entry=152.13781 exit=152.65647 pnl=-330.50 (-0.44R) bars_held=7 (ticket=272)
16:00:26 INFO  BacktestEngine: [2025-02-06 17:00] ENTRY USDJPY SHORT @ 151.68448 SL=152.74300 TP=150.09600 (ticket=273)
16:00:27 INFO  Backtest: [STALE-WIN] bar=4767 USDJPY short open 9.0h, profit stalling (now +0.11R, peak +0.49R) — SL→BE 152.74300→151.84615 (ticket=273)
16:00:27 INFO  Backtest: [EXIT-SL] USDJPY SHORT entry=151.68788 exit=151.84615 pnl=-108.74 (-0.16R) bars_held=15 (ticket=273)
16:00:28 INFO  BacktestEngine: [2025-02-07 13:00] ENTRY USDJPY LONG @ 152.15050 SL=151.58600 TP=152.99800 (ticket=275)
16:00:28 INFO  Backtest: [EXIT-SL] USDJPY LONG entry=152.15759 exit=151.58600 pnl=-859.25 (-1.03R) bars_held=1 (ticket=275)
16:00:29 INFO  BacktestEngine: [2025-02-07 19:00] ENTRY USDJPY SHORT @ 151.66357 SL=152.97600 TP=149.69500 (ticket=278)
16:00:29 INFO  BacktestEngine: [2025-02-10 00:00] ENTRY USDJPY SHORT @ 151.52950 SL=152.49900 TP=150.07500 (ticket=279)
16:00:30 INFO  Backtest: [STALE-SL] bar=4795 USDJPY short open 6.0h still losing (-0.43R) — SL tightened 152.49900→151.94525 (cap at 0.43R, atr_ratio=0.85, progress=0%) (ticket=279)
16:00:30 INFO  Backtest: [EXIT-SL] USDJPY SHORT entry=151.53318 exit=151.94525 pnl=-317.05 (-0.43R) bars_held=7 (ticket=279)
16:00:31 INFO  BacktestEngine: [2025-02-10 13:00] ENTRY USDJPY SHORT @ 152.11650 SL=152.76700 TP=151.14000 (ticket=280)
16:00:32 INFO  Backtest: [STALE-WIN] bar=4808 USDJPY short open 6.0h, profit stalling (now +0.11R, peak +0.76R) — SL→BE 152.76700→152.20717 (ticket=280)
16:00:33 INFO  Backtest: [EXIT-TIME-STOP] USDJPY SHORT entry=152.10837 exit=151.98600 pnl=+128.36 (+0.18R) (ticket=280)
  [USDJPY] 4352/5122 bars (85%)
16:00:43 INFO  BacktestEngine: [2025-02-14 06:00] ENTRY USDJPY SHORT @ 152.63150 SL=153.62900 TP=151.13500 (ticket=281)
16:00:44 INFO  Backtest: [STALE-SL] bar=4897 USDJPY short open 6.0h still losing (-0.07R) — SL tightened 153.62900→153.07061 (cap at 0.44R, atr_ratio=0.88, progress=0%) (ticket=281)
16:00:45 INFO  BacktestEngine: [2025-02-17 02:00] ENTRY USDJPY SHORT @ 151.87893 SL=152.46700 TP=150.99700 (ticket=282)
16:00:46 INFO  Backtest: [STALE-WIN] bar=4917 USDJPY short open 6.0h, profit stalling (now +0.02R, peak +0.61R) — SL→BE 152.46700→151.96728 (ticket=282)
16:00:47 INFO  Backtest: [EXIT-TIME-STOP] USDJPY SHORT entry=151.87909 exit=151.38400 pnl=+572.16 (+0.83R) (ticket=282)
16:00:47 INFO  BacktestEngine: [2025-02-17 19:00] ENTRY USDJPY SHORT @ 151.38250 SL=151.99100 TP=150.47000 (ticket=283)
16:00:48 INFO  Backtest: [STALE-SL] bar=4934 USDJPY short open 6.0h still losing (-0.50R) — SL tightened 151.99100→151.62012 (cap at 0.39R, atr_ratio=0.78, progress=0%) (ticket=283)
16:00:48 INFO  Backtest: [EXIT-SL] USDJPY SHORT entry=151.38291 exit=151.62012 pnl=-278.58 (-0.40R) bars_held=7 (ticket=283)
16:00:50 INFO  BacktestEngine: [2025-02-18 15:00] ENTRY USDJPY SHORT @ 151.69450 SL=152.11100 TP=151.06900 (ticket=284)
16:00:50 INFO  Backtest: [STALE-SL] bar=4954 USDJPY short open 6.0h still losing (-0.77R) — SL tightened 152.11100→151.89121 (cap at 0.47R, atr_ratio=0.93, progress=0%) (ticket=284)
16:00:50 INFO  Backtest: [EXIT-SL] USDJPY SHORT entry=151.69838 exit=151.89121 pnl=-333.94 (-0.48R) bars_held=7 (ticket=284)
16:00:52 INFO  BacktestEngine: [2025-02-19 05:00] ENTRY USDJPY SHORT @ 151.89135 SL=152.36700 TP=151.17800 (ticket=286)
16:00:53 INFO  Backtest: [STALE-WIN] bar=4969 USDJPY short open 7.0h, profit stalling (now +0.09R, peak +0.52R) — SL→BE 152.36700→151.95868 (ticket=286)
16:00:53 INFO  Backtest: [PARTIAL-TP1] bar=4972 USDJPY short closed 20% @ 151.33400 (+1R) SL: 151.95868→151.95868 (BE+15%R) rem_qty=1.33 rem_risk=$574.43 (ticket=286)
16:00:54 INFO  Backtest: [EXIT-TIME-STOP] USDJPY SHORT entry=151.88662 exit=151.47700 pnl=+485.72 (+0.85R) (ticket=286)
16:00:54 INFO  BacktestEngine: [2025-02-19 22:00] ENTRY USDJPY SHORT @ 151.47550 SL=151.99700 TP=150.69400 (ticket=287)
16:00:55 INFO  Backtest: [EXIT-TP] USDJPY SHORT entry=151.47351 exit=150.69400 pnl=+1074.61 (+1.48R) bars_held=4 (ticket=287)
16:00:55 INFO  BacktestEngine: [2025-02-20 03:00] ENTRY USDJPY SHORT @ 150.63426 SL=151.45200 TP=149.40800 (ticket=288)
16:00:56 INFO  Backtest: [STALE-WIN] bar=4990 USDJPY short open 6.0h, profit stalling (now +0.37R, peak +0.74R) — SL→BE 151.45200→150.76236 (ticket=288)
16:00:57 INFO  Backtest: [PARTIAL-TP1] bar=4996 USDJPY short closed 20% @ 149.81200 (+1R) SL: 150.76236→150.76236 (BE+15%R) rem_qty=0.80 rem_risk=$595.34 (ticket=288)
16:00:57 INFO  Backtest: [EXIT-TP] USDJPY SHORT entry=150.64066 exit=149.40800 pnl=+891.78 (+1.50R) bars_held=15 (ticket=288)
16:00:58 INFO  BacktestEngine: [2025-02-20 19:00] ENTRY USDJPY SHORT @ 149.46548 SL=150.47300 TP=147.95400 (ticket=289)
16:00:59 INFO  Backtest: [STALE-SL] bar=5006 USDJPY short open 6.0h still losing (-0.36R) — SL tightened 150.47300→149.91783 (cap at 0.45R, atr_ratio=0.89, progress=0%) (ticket=289)
16:00:59 INFO  Backtest: [EXIT-SL] USDJPY SHORT entry=149.47016 exit=149.91783 pnl=-339.79 (-0.45R) bars_held=7 (ticket=289)
16:00:59 INFO  BacktestEngine: [2025-02-21 08:00] ENTRY USDJPY LONG @ 150.51650 SL=149.48400 TP=152.06600 (ticket=290)
16:01:00 INFO  Backtest: [EXIT-TIME-STOP] USDJPY LONG entry=150.51350 exit=150.27200 pnl=-215.42 (-0.24R) (ticket=290)
16:01:01 INFO  BacktestEngine: [2025-02-21 17:00] ENTRY USDJPY SHORT @ 149.54747 SL=150.60400 TP=147.96300 (ticket=293)
16:01:01 INFO  BacktestEngine: [2025-02-24 00:00] ENTRY USDJPY SHORT @ 149.19150 SL=150.12700 TP=147.78800 (ticket=294)
16:01:02 INFO  Backtest: [STALE-SL] bar=5035 USDJPY short open 6.0h still losing (-0.22R) — SL tightened 150.12700→149.66061 (cap at 0.50R, atr_ratio=1.00, progress=0%) (ticket=294)
16:01:02 INFO  Backtest: [STALE-SL] bar=5036 USDJPY short open 7.0h still losing (-0.29R) — SL tightened 149.66061→149.64506 (cap at 0.48R, atr_ratio=1.00, progress=8%) (ticket=294)
16:01:03 INFO  Backtest: [STALE-SL] bar=5037 USDJPY short open 8.0h still losing (-0.28R) — SL tightened 149.64506→149.62951 (cap at 0.47R, atr_ratio=1.00, progress=17%) (ticket=294)
16:01:03 INFO  Backtest: [STALE-SL] bar=5038 USDJPY short open 9.0h still losing (-0.24R) — SL tightened 149.62951→149.60605 (cap at 0.44R, atr_ratio=0.98, progress=25%) (ticket=294)
16:01:03 INFO  Backtest: [STALE-SL] bar=5039 USDJPY short open 10.0h still losing (-0.39R) — SL tightened 149.60605→149.59842 (cap at 0.43R, atr_ratio=1.00, progress=33%) (ticket=294)
16:01:03 INFO  Backtest: [EXIT-SL] USDJPY SHORT entry=149.19421 exit=149.59842 pnl=-299.86 (-0.44R) bars_held=11 (ticket=294)
16:01:04 INFO  BacktestEngine: [2025-02-24 15:00] ENTRY USDJPY LONG @ 149.76352 SL=149.19400 TP=150.61700 (ticket=295)
16:01:04 INFO  Backtest: [EXIT-SL] USDJPY LONG entry=149.78448 exit=149.19400 pnl=-838.28 (-1.05R) bars_held=1 (ticket=295)
16:01:06 INFO  BacktestEngine: [2025-02-25 05:00] ENTRY USDJPY SHORT @ 149.66429 SL=150.22600 TP=148.82100 (ticket=296)
16:01:07 INFO  Backtest: [STALE-SL] bar=5064 USDJPY short open 6.0h still losing (-0.17R) — SL tightened 150.22600→149.94555 (cap at 0.50R, atr_ratio=1.00, progress=0%) (ticket=296)
16:01:07 INFO  Backtest: [EXIT-SL] USDJPY SHORT entry=149.66509 exit=149.94555 pnl=-390.70 (-0.51R) bars_held=7 (ticket=296)
16:01:07 INFO  BacktestEngine: [2025-02-25 17:00] ENTRY USDJPY SHORT @ 149.07325 SL=149.95600 TP=147.75000 (ticket=299)
16:01:08 INFO  Backtest: [STALE-SL] bar=5076 USDJPY short open 6.0h still losing (-0.05R) — SL tightened 149.95600→149.44909 (cap at 0.43R, atr_ratio=0.87, progress=0%) (ticket=299)
16:01:08 INFO  Backtest: [STALE-SL] bar=5079 USDJPY short open 9.0h still losing (-0.18R) — SL tightened 149.44909→149.41898 (cap at 0.40R, atr_ratio=0.89, progress=25%) (ticket=299)
16:01:08 INFO  Backtest: [EXIT-SL] USDJPY SHORT entry=149.06186 exit=149.41898 pnl=-315.38 (-0.41R) bars_held=10 (ticket=299)
16:01:09 INFO  BacktestEngine: [2025-02-26 10:00] ENTRY USDJPY SHORT @ 149.28833 SL=149.94500 TP=148.30300 (ticket=300)
16:01:10 INFO  Backtest: [STALE-SL] bar=5093 USDJPY short open 6.0h still losing (-0.30R) — SL tightened 149.94500→149.61438 (cap at 0.50R, atr_ratio=1.00, progress=0%) (ticket=300)
16:01:11 INFO  Backtest: [STALE-WIN] bar=5099 USDJPY short open 12.0h, profit stalling (now +0.33R, peak +0.68R) — SL→BE 149.61438→149.38295 (ticket=300)
16:01:12 INFO  Backtest: [EXIT-SL] USDJPY SHORT entry=149.28376 exit=149.38295 pnl=-122.55 (-0.16R) bars_held=16 (ticket=300)
16:01:13 INFO  BacktestEngine: [2025-02-27 11:00] ENTRY USDJPY LONG @ 149.84300 SL=149.15400 TP=150.87700 (ticket=301)
16:01:14 INFO  Backtest: [EXIT-TIME-STOP] USDJPY LONG entry=149.84721 exit=149.73300 pnl=-146.43 (-0.18R) (ticket=301)
16:01:15 INFO  BacktestEngine: [2025-02-27 22:00] ENTRY USDJPY SHORT @ 149.69350 SL=150.39600 TP=148.64000 (ticket=303)
16:01:16 INFO  Backtest: [STALE-WIN] bar=5129 USDJPY short open 6.0h, profit stalling (now +0.13R, peak +0.57R) — SL→BE 150.39600→149.80302 (ticket=303)
16:01:16 INFO  Backtest: [EXIT-SL] USDJPY SHORT entry=149.69838 exit=149.80302 pnl=-112.45 (-0.16R) bars_held=8 (ticket=303)
  [USDJPY] 4608/5122 bars (90%)
16:01:18 INFO  BacktestEngine: [2025-02-28 15:00] ENTRY USDJPY LONG @ 150.64957 SL=149.48300 TP=152.40000 (ticket=304)
16:01:20 INFO  BacktestEngine: [2025-03-03 08:00] ENTRY USDJPY SHORT @ 150.46150 SL=151.12900 TP=149.46000 (ticket=305)
16:01:20 INFO  Backtest: [EXIT-SL] USDJPY SHORT entry=150.46747 exit=151.12900 pnl=-712.52 (-1.00R) bars_held=4 (ticket=305)
16:01:21 INFO  BacktestEngine: [2025-03-03 17:00] ENTRY USDJPY SHORT @ 150.23322 SL=151.07300 TP=148.97300 (ticket=306)
16:01:22 INFO  Backtest: [PARTIAL-TP1] bar=5173 USDJPY short closed 20% @ 149.30700 (+1R) SL: 151.07300→150.36105 (BE+15%R) rem_qty=0.74 rem_risk=$562.75 (ticket=306)
16:01:23 INFO  Backtest: [EXIT-TP] USDJPY SHORT entry=150.23541 exit=148.97300 pnl=+840.36 (+1.49R) bars_held=9 (ticket=306)
16:01:23 INFO  BacktestEngine: [2025-03-04 06:00] ENTRY USDJPY SHORT @ 149.13750 SL=150.24400 TP=147.47800 (ticket=307)
16:01:25 INFO  Backtest: [STALE-WIN] bar=5190 USDJPY short open 11.0h, profit stalling (now +0.29R, peak +0.84R) — SL→BE 150.24400→149.30534 (ticket=307)
16:01:25 INFO  Backtest: [EXIT-SL] USDJPY SHORT entry=149.13969 exit=149.30534 pnl=-116.73 (-0.16R) bars_held=14 (ticket=307)
16:01:26 INFO  BacktestEngine: [2025-03-05 00:00] ENTRY USDJPY LONG @ 149.73350 SL=148.81300 TP=151.11400 (ticket=308)
16:01:26 INFO  Backtest: [EXIT-TIME-STOP] USDJPY LONG entry=149.73191 exit=149.97100 pnl=+204.26 (+0.25R) (ticket=308)
16:01:27 INFO  BacktestEngine: [2025-03-05 05:00] ENTRY USDJPY LONG @ 149.97250 SL=149.09800 TP=151.52700 (ticket=309)
16:01:27 INFO  Backtest: [EXIT-TIME-STOP] USDJPY LONG entry=149.97252 exit=149.22200 pnl=-710.67 (-0.87R) (ticket=309)
16:01:27 INFO  BacktestEngine: [2025-03-05 10:00] ENTRY USDJPY SHORT @ 149.22016 SL=150.03600 TP=147.99700 (ticket=310)
16:01:28 INFO  Backtest: [PARTIAL-TP1] bar=5212 USDJPY short closed 20% @ 148.39800 (+1R) SL: 150.03600→149.34499 (BE+15%R) rem_qty=0.74 rem_risk=$552.15 (ticket=310)
16:01:30 INFO  Backtest: [EXIT-TIME-STOP] USDJPY SHORT entry=149.22305 exit=148.99400 pnl=+149.87 (+0.27R) (ticket=310)
16:01:30 INFO  BacktestEngine: [2025-03-06 03:00] ENTRY USDJPY SHORT @ 148.99250 SL=149.78300 TP=147.80600 (ticket=311)
16:01:31 INFO  Backtest: [PARTIAL-TP1] bar=5230 USDJPY short closed 20% @ 148.15400 (+1R) SL: 149.78300→149.10885 (BE+15%R) rem_qty=0.82 rem_risk=$587.27 (ticket=311)
16:01:31 INFO  Backtest: [EXIT-TP] USDJPY SHORT entry=148.98988 exit=147.80600 pnl=+873.39 (+1.49R) bars_held=7 (ticket=311)
16:01:31 INFO  BacktestEngine: [2025-03-06 11:00] ENTRY USDJPY SHORT @ 147.88101 SL=149.03400 TP=146.15200 (ticket=312)
16:01:32 INFO  Backtest: [STALE-SL] bar=5238 USDJPY short open 6.0h still losing (-0.02R) — SL tightened 149.03400→148.45678 (cap at 0.50R, atr_ratio=1.00, progress=0%) (ticket=312)
16:01:32 INFO  Backtest: [STALE-SL] bar=5239 USDJPY short open 7.0h still losing (-0.03R) — SL tightened 148.45678→148.43754 (cap at 0.48R, atr_ratio=1.00, progress=8%) (ticket=312)
16:01:32 INFO  Backtest: [STALE-WIN] bar=5240 USDJPY short open 8.0h, profit stalling (now +0.07R, peak +0.40R) — SL→BE 148.43754→148.05272 (ticket=312)
16:01:32 INFO  Backtest: [EXIT-SL] USDJPY SHORT entry=147.87955 exit=148.05272 pnl=-116.85 (-0.16R) bars_held=11 (ticket=312)
16:01:33 INFO  BacktestEngine: [2025-03-07 03:00] ENTRY USDJPY SHORT @ 147.89950 SL=148.69000 TP=146.71400 (ticket=313)
16:01:34 INFO  Backtest: [STALE-WIN] bar=5257 USDJPY short open 9.0h, profit stalling (now +0.26R, peak +0.72R) — SL→BE 148.69000→148.02080 (ticket=313)
16:01:35 INFO  BacktestEngine: [2025-03-10 02:00] ENTRY USDJPY SHORT @ 147.29350 SL=148.25900 TP=145.84500 (ticket=314)
16:01:36 INFO  Backtest: [STALE-SL] bar=5277 USDJPY short open 6.0h still losing (-0.28R) — SL tightened 148.25900→147.64828 (cap at 0.37R, atr_ratio=0.74, progress=0%) (ticket=314)
16:01:37 INFO  Backtest: [STALE-WIN] bar=5285 USDJPY short open 14.0h, profit stalling (now +0.15R, peak +0.54R) — SL→BE 147.64828→147.43691 (ticket=314)
16:01:38 INFO  Backtest: [EXIT-TIME-STOP] USDJPY SHORT entry=147.29184 exit=147.18600 pnl=+73.23 (+0.10R) (ticket=314)
16:01:38 INFO  BacktestEngine: [2025-03-10 19:00] ENTRY USDJPY SHORT @ 147.18450 SL=147.98400 TP=145.98500 (ticket=315)
16:01:39 INFO  Backtest: [STALE-WIN] bar=5297 USDJPY short open 9.0h, profit stalling (now +0.08R, peak +0.54R) — SL→BE 147.98400→147.30126 (ticket=315)
16:01:40 INFO  Backtest: [EXIT-SL] USDJPY SHORT entry=147.18078 exit=147.30126 pnl=-115.47 (-0.16R) bars_held=12 (ticket=315)
16:01:41 INFO  BacktestEngine: [2025-03-11 18:00] ENTRY USDJPY SHORT @ 147.28850 SL=148.16200 TP=145.97900 (ticket=316)
16:01:43 INFO  Backtest: [STALE-SL] bar=5317 USDJPY short open 6.0h still losing (-0.86R) — SL tightened 148.16200→147.71148 (cap at 0.48R, atr_ratio=0.97, progress=0%) (ticket=316)
16:01:43 INFO  Backtest: [EXIT-SL] USDJPY SHORT entry=147.29132 exit=147.71148 pnl=-338.73 (-0.49R) bars_held=7 (ticket=316)
16:01:43 INFO  BacktestEngine: [2025-03-12 06:00] ENTRY USDJPY LONG @ 148.15050 SL=147.07200 TP=149.76800 (ticket=317)
16:01:44 INFO  Backtest: [EXIT-TIME-STOP] USDJPY LONG entry=148.14945 exit=148.60700 pnl=+372.53 (+0.42R) (ticket=317)
16:01:44 INFO  BacktestEngine: [2025-03-12 11:00] ENTRY USDJPY LONG @ 148.60913 SL=147.47400 TP=150.31200 (ticket=318)
16:01:45 INFO  Backtest: [EXIT-TIME-STOP] USDJPY LONG entry=148.61531 exit=148.31500 pnl=-243.84 (-0.27R) (ticket=318)
16:01:45 INFO  BacktestEngine: [2025-03-12 17:00] ENTRY USDJPY SHORT @ 148.31850 SL=149.14300 TP=147.08100 (ticket=319)
16:01:48 INFO  Backtest: [EXIT-TIME-STOP] USDJPY SHORT entry=148.31577 exit=147.91800 pnl=+362.07 (+0.47R) (ticket=319)
16:01:48 INFO  BacktestEngine: [2025-03-13 10:00] ENTRY USDJPY SHORT @ 147.91629 SL=148.50300 TP=146.87300 (ticket=320)
16:01:49 INFO  Backtest: [STALE-WIN] bar=5362 USDJPY short open 11.0h, profit stalling (now +0.21R, peak +0.56R) — SL→BE 148.50300→148.00305 (ticket=320)
16:01:50 INFO  Backtest: [EXIT-SL] USDJPY SHORT entry=147.91483 exit=148.00305 pnl=-107.36 (-0.16R) bars_held=15 (ticket=320)
16:01:50 INFO  BacktestEngine: [2025-03-14 02:00] ENTRY USDJPY LONG @ 148.29885 SL=147.71100 TP=149.18000 (ticket=321)
16:01:51 INFO  Backtest: [EXIT-TIME-STOP] USDJPY LONG entry=148.29745 exit=148.46500 pnl=+202.21 (+0.27R) (ticket=321)
16:01:51 INFO  BacktestEngine: [2025-03-14 07:00] ENTRY USDJPY LONG @ 148.46650 SL=147.92100 TP=149.43600 (ticket=322)
16:01:52 INFO  Backtest: [EXIT-TIME-STOP] USDJPY LONG entry=148.46908 exit=148.79900 pnl=+436.91 (+0.59R) (ticket=322)
16:01:52 INFO  BacktestEngine: [2025-03-14 12:00] ENTRY USDJPY LONG @ 148.80143 SL=148.05100 TP=149.92700 (ticket=323)
16:01:52 INFO  Backtest: [EXIT-TIME-STOP] USDJPY LONG entry=148.79971 exit=148.51700 pnl=-288.05 (-0.39R) (ticket=323)
16:01:53 INFO  BacktestEngine: [2025-03-14 17:00] ENTRY USDJPY SHORT @ 148.51550 SL=149.12600 TP=147.59900 (ticket=324)
  [USDJPY] 4864/5122 bars (95%)
16:01:54 INFO  BacktestEngine: [2025-03-17 06:00] ENTRY USDJPY LONG @ 149.03692 SL=148.19500 TP=150.29900 (ticket=325)
16:01:55 INFO  Backtest: [EXIT-TIME-STOP] USDJPY LONG entry=149.03777 exit=148.66400 pnl=-385.31 (-0.45R) (ticket=325)
16:01:56 INFO  BacktestEngine: [2025-03-17 16:00] ENTRY USDJPY SHORT @ 148.59550 SL=149.23000 TP=147.64400 (ticket=328)
16:01:56 INFO  Backtest: [EXIT-SL] USDJPY SHORT entry=148.59594 exit=149.23000 pnl=-729.99 (-1.01R) bars_held=3 (ticket=328)
16:01:56 INFO  BacktestEngine: [2025-03-18 01:00] ENTRY USDJPY LONG @ 149.39650 SL=148.56900 TP=150.63800 (ticket=330)
16:01:57 INFO  Backtest: [EXIT-TIME-STOP] USDJPY LONG entry=149.39404 exit=149.55800 pnl=+146.47 (+0.19R) (ticket=330)
16:01:57 INFO  BacktestEngine: [2025-03-18 08:00] ENTRY USDJPY LONG @ 149.73650 SL=148.97200 TP=150.88300 (ticket=331)
16:01:58 INFO  Backtest: [EXIT-TIME-STOP] USDJPY LONG entry=149.73447 exit=149.74500 pnl=+2.87 (+0.00R) (ticket=331)
16:01:59 INFO  BacktestEngine: [2025-03-18 18:00] ENTRY USDJPY SHORT @ 149.41455 SL=149.96000 TP=148.59600 (ticket=332)
16:02:00 INFO  Backtest: [STALE-SL] bar=5436 USDJPY short open 6.0h still losing (-0.07R) — SL tightened 149.96000→149.67546 (cap at 0.49R, atr_ratio=0.98, progress=0%) (ticket=332)
16:02:00 INFO  Backtest: [STALE-SL] bar=5437 USDJPY short open 7.0h still losing (-0.37R) — SL tightened 149.67546→149.67001 (cap at 0.48R, atr_ratio=0.99, progress=8%) (ticket=332)
16:02:00 INFO  Backtest: [STALE-SL] bar=5438 USDJPY short open 8.0h still losing (-0.11R) — SL tightened 149.67001→149.66250 (cap at 0.47R, atr_ratio=1.00, progress=17%) (ticket=332)
16:02:00 INFO  Backtest: [STALE-SL] bar=5439 USDJPY short open 9.0h still losing (-0.04R) — SL tightened 149.66250→149.65320 (cap at 0.45R, atr_ratio=1.00, progress=25%) (ticket=332)
16:02:01 INFO  Backtest: [STALE-SL] bar=5441 USDJPY short open 11.0h still losing (-0.23R) — SL tightened 149.65320→149.63461 (cap at 0.42R, atr_ratio=1.00, progress=42%) (ticket=332)
16:02:01 INFO  Backtest: [EXIT-SL] USDJPY SHORT entry=149.40219 exit=149.63461 pnl=-288.42 (-0.44R) bars_held=12 (ticket=332)
16:02:01 INFO  BacktestEngine: [2025-03-19 07:00] ENTRY USDJPY LONG @ 149.77460 SL=149.03700 TP=150.88100 (ticket=333)
16:02:02 INFO  Backtest: [EXIT-TIME-STOP] USDJPY LONG entry=149.77876 exit=149.77800 pnl=-9.46 (-0.01R) (ticket=333)
16:02:03 INFO  BacktestEngine: [2025-03-19 21:00] ENTRY USDJPY SHORT @ 148.83939 SL=149.57500 TP=147.73600 (ticket=334)
16:02:05 INFO  Backtest: [STALE-WIN] bar=5468 USDJPY short open 11.0h, profit stalling (now +0.35R, peak +0.77R) — SL→BE 149.57500→148.95392 (ticket=334)
16:02:05 INFO  Backtest: [EXIT-TIME-STOP] USDJPY SHORT entry=148.84431 exit=148.55900 pnl=+265.27 (+0.38R) (ticket=334)
16:02:06 INFO  BacktestEngine: [2025-03-20 14:00] ENTRY USDJPY SHORT @ 148.55713 SL=149.15900 TP=147.65400 (ticket=335)
16:02:07 INFO  Backtest: [STALE-SL] bar=5480 USDJPY short open 6.0h still losing (-0.38R) — SL tightened 149.15900→148.85696 (cap at 0.50R, atr_ratio=1.00, progress=0%) (ticket=335)
16:02:07 INFO  Backtest: [STALE-SL] bar=5481 USDJPY short open 7.0h still losing (-0.35R) — SL tightened 148.85696→148.84689 (cap at 0.48R, atr_ratio=1.00, progress=8%) (ticket=335)
16:02:07 INFO  Backtest: [STALE-SL] bar=5482 USDJPY short open 8.0h still losing (-0.33R) — SL tightened 148.84689→148.83683 (cap at 0.47R, atr_ratio=1.00, progress=17%) (ticket=335)
16:02:07 INFO  Backtest: [STALE-SL] bar=5483 USDJPY short open 9.0h still losing (-0.27R) — SL tightened 148.83683→148.82343 (cap at 0.44R, atr_ratio=0.99, progress=25%) (ticket=335)
16:02:07 INFO  Backtest: [STALE-SL] bar=5484 USDJPY short open 10.0h still losing (-0.11R) — SL tightened 148.82343→148.79840 (cap at 0.40R, atr_ratio=0.93, progress=33%) (ticket=335)
16:02:07 INFO  Backtest: [EXIT-SL] USDJPY SHORT entry=148.55493 exit=148.79840 pnl=-292.56 (-0.42R) bars_held=11 (ticket=335)
16:02:08 INFO  BacktestEngine: [2025-03-21 05:00] ENTRY USDJPY LONG @ 149.21084 SL=148.68500 TP=149.99900 (ticket=336)
16:02:09 INFO  Backtest: [EXIT-TIME-STOP] USDJPY LONG entry=149.20987 exit=149.48400 pnl=+400.06 (+0.51R) (ticket=336)
16:02:09 INFO  BacktestEngine: [2025-03-21 13:00] ENTRY USDJPY SHORT @ 148.88977 SL=149.45800 TP=148.03800 (ticket=337)
16:02:10 INFO  BacktestEngine: [2025-03-24 00:00] ENTRY USDJPY LONG @ 149.57974 SL=149.04300 TP=150.38500 (ticket=338)
16:02:11 INFO  Backtest: [EXIT-TIME-STOP] USDJPY LONG entry=149.57428 exit=149.80800 pnl=+351.73 (+0.42R) (ticket=338)
16:02:11 INFO  BacktestEngine: [2025-03-24 05:00] ENTRY USDJPY LONG @ 149.80950 SL=149.08400 TP=150.89800 (ticket=339)
16:02:12 INFO  Backtest: [EXIT-TIME-STOP] USDJPY LONG entry=149.81367 exit=149.62200 pnl=-230.41 (-0.27R) (ticket=339)
16:02:12 INFO  BacktestEngine: [2025-03-24 10:00] ENTRY USDJPY SHORT @ 149.62029 SL=150.12100 TP=148.86900 (ticket=340)
16:02:12 INFO  Backtest: [EXIT-SL] USDJPY SHORT entry=149.61373 exit=150.12100 pnl=-731.04 (-1.03R) bars_held=4 (ticket=340)
16:02:14 INFO  BacktestEngine: [2025-03-24 22:00] ENTRY USDJPY LONG @ 150.68350 SL=149.92600 TP=151.82000 (ticket=341)
16:02:14 INFO  Backtest: [EXIT-TIME-STOP] USDJPY LONG entry=150.61693 exit=150.66100 pnl=+39.72 (+0.05R) (ticket=341)
16:02:15 INFO  BacktestEngine: [2025-03-25 06:00] ENTRY USDJPY SHORT @ 150.54950 SL=151.00600 TP=149.73700 (ticket=342)
16:02:17 INFO  Backtest: [PARTIAL-TP1] bar=5544 USDJPY short closed 20% @ 149.95900 (+1R) SL: 151.00600→150.61717 (BE+15%R) rem_qty=1.36 rem_risk=$565.34 (ticket=342)
16:02:17 INFO  Backtest: [EXIT-TP] USDJPY SHORT entry=150.54855 exit=149.73700 pnl=+994.86 (+1.76R) bars_held=8 (ticket=342)
16:02:17 INFO  BacktestEngine: [2025-03-25 15:00] ENTRY USDJPY SHORT @ 149.77124 SL=150.26900 TP=149.02500 (ticket=343)
16:02:18 INFO  Backtest: [STALE-SL] bar=5552 USDJPY short open 6.0h still losing (-0.22R) — SL tightened 150.26900→150.00108 (cap at 0.46R, atr_ratio=0.92, progress=0%) (ticket=343)
16:02:18 INFO  Backtest: [STALE-SL] bar=5553 USDJPY short open 7.0h still losing (-0.16R) — SL tightened 150.00108→149.98787 (cap at 0.43R, atr_ratio=0.90, progress=8%) (ticket=343)
16:02:18 INFO  Backtest: [STALE-SL] bar=5554 USDJPY short open 8.0h still losing (-0.35R) — SL tightened 149.98787→149.97026 (cap at 0.40R, atr_ratio=0.85, progress=17%) (ticket=343)
16:02:18 INFO  Backtest: [EXIT-SL] USDJPY SHORT entry=149.77217 exit=149.97026 pnl=-295.87 (-0.41R) bars_held=9 (ticket=343)
16:02:25 INFO  BacktestEngine: [2025-03-28 02:00] ENTRY USDJPY SHORT @ 150.95223 SL=151.43100 TP=150.23300 (ticket=344)
16:02:25 INFO  Backtest: [PARTIAL-TP1] bar=5611 USDJPY short closed 20% @ 150.38800 (+1R) SL: 151.43100→151.02460 (BE+15%R) rem_qty=1.23 rem_risk=$537.27 (ticket=344)
16:02:26 INFO  Backtest: [EXIT-TP] USDJPY SHORT entry=150.95288 exit=150.23300 pnl=+798.45 (+1.49R) bars_held=13 (ticket=344)
16:02:26 INFO  BacktestEngine: [2025-03-28 16:00] ENTRY USDJPY SHORT @ 150.07856 SL=150.67800 TP=149.18000 (ticket=345)
16:02:27 INFO  BacktestEngine: [2025-03-31 00:00] ENTRY USDJPY SHORT @ 149.61550 SL=150.48700 TP=148.30900 (ticket=346)
16:02:28 INFO  Backtest: [STALE-WIN] bar=5637 USDJPY short open 11.0h, profit stalling (now +0.48R, peak +0.82R) — SL→BE 150.48700→149.73983 (ticket=346)
16:02:29 INFO  Backtest: [EXIT-SL] USDJPY SHORT entry=149.60797 exit=149.73983 pnl=-116.83 (-0.16R) bars_held=15 (ticket=346)
16:02:29 INFO  BacktestEngine: [2025-03-31 16:00] ENTRY USDJPY LONG @ 149.65677 SL=148.61600 TP=151.21700 (ticket=347)
16:02:30 INFO  Backtest: [EXIT-TIME-STOP] USDJPY LONG entry=149.65247 exit=150.11200 pnl=+370.06 (+0.43R) (ticket=347)
16:02:30 INFO  BacktestEngine: [2025-03-31 21:00] ENTRY USDJPY LONG @ 150.11350 SL=149.42800 TP=151.33200 (ticket=348)
  [USDJPY] 5120/5122 bars (100%)
  [USDJPY] 5122/5122 bars (100%)
16:02:30 INFO  BacktestEngine: Backtest done: 304 trades  equity 100000 → 106076 (+6.08%)
16:02:30 INFO  SymbolTuner:     ct=0.7  trades=304  Sharpe=0.779  return=+6.08%
16:02:30 INFO  SymbolTuner:     → best ct_mid_flip=0.4  IS Sharpe=3.434
16:02:30 INFO  SymbolTuner:   IS: 195 trades  OOS: 108 trades  (split at 2024-12-30)
16:02:30 INFO  SymbolTuner:   Stage B: Confidence sizing (25 combos, analytical)
16:02:30 INFO  SymbolTuner:     → floor=0.6, ceil=1.4  Sharpe=3.501
16:02:30 INFO  SymbolTuner:   Stage C: Streak sizing (16 combos, analytical)
16:02:30 INFO  SymbolTuner:     → loss_cut=0.8, per_streak=0.05  Sharpe=3.539
16:02:30 INFO  SymbolTuner:   Validation backtest with best params (ct=0.4) …
/home/hkerroum/anaconda3/lib/python3.11/site-packages/yfinance/scrapers/history.py:204: Pandas4Warning: Timestamp.utcnow is deprecated and will be removed in a future version. Use Timestamp.now('UTC') instead.
  dt_now = pd.Timestamp.utcnow()
/home/hkerroum/anaconda3/lib/python3.11/site-packages/yfinance/scrapers/history.py:204: Pandas4Warning: Timestamp.utcnow is deprecated and will be removed in a future version. Use Timestamp.now('UTC') instead.
  dt_now = pd.Timestamp.utcnow()
/home/hkerroum/anaconda3/lib/python3.11/site-packages/yfinance/scrapers/history.py:204: Pandas4Warning: Timestamp.utcnow is deprecated and will be removed in a future version. Use Timestamp.now('UTC') instead.
  dt_now = pd.Timestamp.utcnow()
16:02:30 INFO  BacktestEngine: Macro history pre-loaded: 231 days (2024-05-02 → 2025-04-03)
16:02:30 INFO  root: Registered agent: RegimeAgent
16:02:30 INFO  root: Registered agent: TrendAgent
16:02:30 INFO  root: Registered agent: MomentumAgent
16:02:30 INFO  root: Registered agent: MeanReversionAgent
16:02:30 INFO  root: Registered agent: VolatilityAgent
16:02:30 INFO  root: Registered agent: BreadthAgent
16:02:30 INFO  root: Registered agent: PatternAgent
16:02:30 INFO  root: Registered agent: IntermarketAgent
16:02:30 INFO  root: Registered agent: SessionBreakoutAgent
16:02:30 INFO  root: Registered agent: DivergenceAgent
16:02:30 INFO  root: Registered agent: ScalpingAgent
16:02:30 INFO  root: Registered agent: VwapScalpAgent
16:02:30 INFO  root: Registered agent: SqueezeBreakoutAgent
16:02:30 INFO  root: Registered agent: OrderFlowAgent
16:02:30 INFO  root: Registered agent: CorrelationAgent
16:02:31 INFO  BacktestEngine: [timing] mid_tf=1H  bar=3600s  signal=300s → agent_interval=1 bars  surv=60s → surv_interval=1 bars
16:02:44 INFO  BacktestEngine: [2024-06-10 00:00] ENTRY USDJPY LONG @ 156.74450 SL=155.81700 TP=158.13500 (ticket=1)
16:02:46 INFO  Backtest: [STALE-WIN] bar=661 USDJPY long open 12.0h, profit stalling (now +0.10R, peak +0.45R) — SL→BE 155.81700→156.60089 (ticket=1)
16:02:46 INFO  Backtest: [EXIT-TIME-STOP] USDJPY LONG entry=156.73923 exit=156.90500 pnl=+100.70 (+0.17R) (ticket=1)
16:02:47 INFO  BacktestEngine: [2024-06-10 21:00] ENTRY USDJPY LONG @ 157.08050 SL=156.69500 TP=157.65900 (ticket=2)
16:02:49 INFO  Backtest: [STALE-WIN] bar=683 USDJPY long open 13.0h, profit stalling (now +0.36R, peak +0.68R) — SL→BE 156.69500→157.02251 (ticket=2)
16:02:49 INFO  Backtest: [EXIT-TIME-STOP] USDJPY LONG entry=157.08031 exit=157.10000 pnl=+18.45 (+0.03R) (ticket=2)
16:02:50 INFO  BacktestEngine: [2024-06-11 17:00] ENTRY USDJPY LONG @ 157.32419 SL=156.85300 TP=158.03100 (ticket=3)
16:02:51 INFO  Backtest: [STALE-SL] bar=696 USDJPY long open 6.0h still losing (-0.43R) — SL tightened 156.85300→157.08756 (cap at 0.50R, atr_ratio=1.00, progress=0%) (ticket=3)
16:02:51 INFO  Backtest: [EXIT-SL] USDJPY LONG entry=157.32213 exit=157.08756 pnl=-421.07 (-0.51R) bars_held=7 (ticket=3)
16:02:51 INFO  BacktestEngine: [2024-06-12 01:00] ENTRY USDJPY LONG @ 157.14050 SL=156.80300 TP=157.64600 (ticket=4)
16:02:52 INFO  Backtest: [EXIT-SL] USDJPY LONG entry=157.14298 exit=156.80300 pnl=-759.31 (-1.03R) bars_held=13 (ticket=4)
16:02:53 INFO  BacktestEngine: [2024-06-12 22:00] ENTRY USDJPY LONG @ 156.83880 SL=156.23800 TP=157.74000 (ticket=5)
16:02:55 INFO  Backtest: [EXIT-TIME-STOP] USDJPY LONG entry=156.84097 exit=157.02500 pnl=+215.03 (+0.29R) (ticket=5)
16:02:55 INFO  BacktestEngine: [2024-06-13 16:00] ENTRY USDJPY LONG @ 157.18655 SL=156.68300 TP=157.94200 (ticket=6)
16:02:56 INFO  Backtest: [STALE-SL] bar=743 USDJPY long open 6.0h still losing (-0.34R) — SL tightened 156.68300→156.93668 (cap at 0.50R, atr_ratio=1.00, progress=0%) (ticket=6)
16:02:56 INFO  Backtest: [EXIT-SL] USDJPY LONG entry=157.19036 exit=156.93668 pnl=-382.94 (-0.52R) bars_held=7 (ticket=6)
16:02:56 INFO  BacktestEngine: [2024-06-14 03:00] ENTRY USDJPY LONG @ 157.20250 SL=156.77400 TP=157.84500 (ticket=7)
16:02:56 INFO  Backtest: [EXIT-TP] USDJPY LONG entry=157.20966 exit=157.84500 pnl=+999.52 (+1.47R) bars_held=2 (ticket=7)
16:02:57 INFO  BacktestEngine: [2024-06-14 07:00] ENTRY USDJPY LONG @ 157.94450 SL=157.06300 TP=159.26600 (ticket=8)
16:02:57 INFO  Backtest: [EXIT-SL] USDJPY LONG entry=157.94252 exit=157.06300 pnl=-694.33 (-1.01R) bars_held=4 (ticket=8)
16:02:58 INFO  BacktestEngine: [2024-06-14 19:00] ENTRY USDJPY LONG @ 157.31550 SL=156.58000 TP=158.41800 (ticket=9)
16:02:58 INFO  BacktestEngine: [2024-06-17 00:00] ENTRY USDJPY LONG @ 157.34650 SL=156.75100 TP=158.23900 (ticket=10)
16:02:59 INFO  Backtest: [STALE-WIN] bar=777 USDJPY long open 8.0h, profit stalling (now +0.02R, peak +0.37R) — SL→BE 156.75100→157.24939 (ticket=10)
  [USDJPY] 256/5122 bars (5%)
16:03:00 INFO  Backtest: [EXIT-TIME-STOP] USDJPY LONG entry=157.33734 exit=157.85500 pnl=+575.45 (+0.86R) (ticket=10)
16:03:00 INFO  BacktestEngine: [2024-06-17 17:00] ENTRY USDJPY LONG @ 157.85650 SL=157.17200 TP=158.88300 (ticket=11)
16:03:01 INFO  Backtest: [STALE-SL] bar=792 USDJPY long open 6.0h still losing (-0.20R) — SL tightened 157.17200→157.59670 (cap at 0.38R, atr_ratio=0.76, progress=0%) (ticket=11)
16:03:01 INFO  Backtest: [STALE-SL] bar=793 USDJPY long open 7.0h still losing (-0.22R) — SL tightened 157.59670→157.62460 (cap at 0.34R, atr_ratio=0.71, progress=8%) (ticket=11)
16:03:01 INFO  Backtest: [STALE-SL] bar=794 USDJPY long open 8.0h still losing (-0.24R) — SL tightened 157.62460→157.64258 (cap at 0.32R, atr_ratio=0.68, progress=17%) (ticket=11)
16:03:01 INFO  Backtest: [EXIT-SL] USDJPY LONG entry=157.85933 exit=157.64258 pnl=-220.58 (-0.33R) bars_held=9 (ticket=11)
16:03:02 INFO  BacktestEngine: [2024-06-18 04:00] ENTRY USDJPY SHORT @ 157.58535 SL=157.80000 TP=157.26400 (ticket=12)
16:03:02 INFO  Backtest: [EXIT-SL] USDJPY SHORT entry=157.58373 exit=157.80000 pnl=-662.36 (-1.04R) bars_held=3 (ticket=12)
16:03:03 INFO  BacktestEngine: [2024-06-18 12:00] ENTRY USDJPY LONG @ 158.09991 SL=157.58100 TP=158.87900 (ticket=16)
16:03:03 INFO  Backtest: [STALE-SL] bar=811 USDJPY long open 6.0h still losing (-0.75R) — SL tightened 157.58100→157.84155 (cap at 0.50R, atr_ratio=1.00, progress=0%) (ticket=16)
16:03:03 INFO  Backtest: [EXIT-SL] USDJPY LONG entry=158.10209 exit=157.84155 pnl=-383.23 (-0.52R) bars_held=7 (ticket=16)
16:03:05 INFO  BacktestEngine: [2024-06-19 07:00] ENTRY USDJPY LONG @ 157.85250 SL=157.56300 TP=158.28700 (ticket=17)
16:03:07 INFO  Backtest: [EXIT-TIME-STOP] USDJPY LONG entry=157.85210 exit=157.99000 pnl=+300.96 (+0.45R) (ticket=17)
16:03:07 INFO  BacktestEngine: [2024-06-20 00:00] ENTRY USDJPY LONG @ 157.99261 SL=157.66200 TP=158.48900 (ticket=18)
16:03:08 INFO  Backtest: [PARTIAL-TP1] bar=851 USDJPY long closed 20% @ 158.43700 (+1R) SL: 157.66200→157.94825 (BE+15%R) rem_qty=2.18 rem_risk=$657.43 (ticket=18)
16:03:09 INFO  Backtest: [EXIT-TP] USDJPY LONG entry=157.99877 exit=158.48900 pnl=+959.02 (+1.46R) bars_held=14 (ticket=18)
16:03:09 INFO  BacktestEngine: [2024-06-20 15:00] ENTRY USDJPY LONG @ 158.54899 SL=158.12600 TP=159.18300 (ticket=19)
16:03:10 INFO  Backtest: [PARTIAL-TP1] bar=867 USDJPY long closed 20% @ 159.10500 (+1R) SL: 158.12600→158.48039 (BE+15%R) rem_qty=1.74 rem_risk=$667.91 (ticket=19)
16:03:11 INFO  Backtest: [EXIT-TIME-STOP] USDJPY LONG entry=158.54293 exit=158.94900 pnl=+629.34 (+0.94R) (ticket=19)
16:03:12 INFO  BacktestEngine: [2024-06-21 13:00] ENTRY USDJPY LONG @ 159.00450 SL=158.51900 TP=159.73300 (ticket=20)
16:03:12 INFO  Backtest: [PARTIAL-TP1] bar=881 USDJPY long closed 20% @ 159.57600 (+1R) SL: 158.51900→158.93208 (BE+15%R) rem_qty=1.64 rem_risk=$724.95 (ticket=20)
16:03:12 INFO  BacktestEngine: [2024-06-24 00:00] ENTRY USDJPY LONG @ 159.70550 SL=159.13300 TP=160.56400 (ticket=21)
16:03:13 INFO  Backtest: [STALE-WIN] bar=896 USDJPY long open 7.0h, profit stalling (now +0.02R, peak +0.34R) — SL→BE 159.13300→159.61922 (ticket=21)
16:03:14 INFO  Backtest: [EXIT-SL] USDJPY LONG entry=159.70503 exit=159.61922 pnl=-130.17 (-0.16R) bars_held=11 (ticket=21)
16:03:14 INFO  BacktestEngine: [2024-06-24 14:00] ENTRY USDJPY SHORT @ 159.46120 SL=159.97800 TP=158.65400 (ticket=22)
16:03:14 INFO  Backtest: [EXIT-TIME-STOP] USDJPY SHORT entry=159.46357 exit=159.73200 pnl=-361.83 (-0.53R) (ticket=22)
16:03:15 INFO  BacktestEngine: [2024-06-24 23:00] ENTRY USDJPY LONG @ 159.60550 SL=158.99300 TP=160.52400 (ticket=24)
16:03:16 INFO  Backtest: [EXIT-MID+SHORT_OPPOSITION] USDJPY LONG entry=159.58784 exit=159.32600 pnl=-350.74 (-0.44R) (ticket=24)
16:03:16 INFO  BacktestEngine: [2024-06-25 09:00] ENTRY USDJPY LONG @ 159.47150 SL=159.08000 TP=160.16700 (ticket=26)
16:03:18 INFO  Backtest: [STALE-WIN] bar=934 USDJPY long open 12.0h, profit stalling (now +0.34R, peak +0.65R) — SL→BE 159.08000→159.42228 (ticket=26)
16:03:18 INFO  Backtest: [EXIT-TIME-STOP] USDJPY LONG entry=159.48268 exit=159.70400 pnl=+460.74 (+0.55R) (ticket=26)
16:03:19 INFO  BacktestEngine: [2024-06-26 02:00] ENTRY USDJPY LONG @ 159.70550 SL=159.44000 TP=160.10400 (ticket=27)
16:03:20 INFO  Backtest: [PARTIAL-TP1] bar=948 USDJPY long closed 20% @ 159.98300 (+1R) SL: 159.44000→159.66876 (BE+15%R) rem_qty=2.80 rem_risk=$676.98 (ticket=27)
16:03:20 INFO  Backtest: [EXIT-TP] USDJPY LONG entry=159.70913 exit=160.10400 pnl=+986.53 (+1.46R) bars_held=10 (ticket=27)
16:03:20 INFO  BacktestEngine: [2024-06-26 14:00] ENTRY USDJPY LONG @ 160.30742 SL=159.82200 TP=161.03600 (ticket=28)
16:03:21 INFO  Backtest: [PARTIAL-TP1] bar=958 USDJPY long closed 20% @ 160.78800 (+1R) SL: 159.82200→160.23003 (BE+15%R) rem_qty=1.70 rem_risk=$749.51 (ticket=28)
16:03:22 INFO  Backtest: [EXIT-TIME-STOP] USDJPY LONG entry=160.30204 exit=160.33700 pnl=+42.08 (+0.06R) (ticket=28)
16:03:22 INFO  BacktestEngine: [2024-06-27 10:00] ENTRY USDJPY LONG @ 160.54979 SL=159.99900 TP=161.37600 (ticket=29)
16:03:24 INFO  Backtest: [EXIT-TIME-STOP] USDJPY LONG entry=160.55135 exit=161.12100 pnl=+940.94 (+1.02R) (ticket=29)
16:03:24 INFO  BacktestEngine: [2024-06-28 04:00] ENTRY USDJPY LONG @ 161.06321 SL=160.47700 TP=161.94200 (ticket=30)
16:03:25 INFO  Backtest: [STALE-SL] bar=995 USDJPY long open 6.0h still losing (-0.25R) — SL tightened 160.47700→160.76706 (cap at 0.50R, atr_ratio=1.00, progress=0%) (ticket=30)
16:03:25 INFO  Backtest: [EXIT-SL] USDJPY LONG entry=161.05712 exit=160.76706 pnl=-382.05 (-0.51R) bars_held=7 (ticket=30)
16:03:26 INFO  BacktestEngine: [2024-06-28 15:00] ENTRY USDJPY SHORT @ 160.50766 SL=160.94000 TP=159.85900 (ticket=31)
16:03:26 INFO  Backtest: [EXIT-SL] USDJPY SHORT entry=160.50615 exit=160.94000 pnl=-650.92 (-1.02R) bars_held=2 (ticket=31)
16:03:27 INFO  BacktestEngine: [2024-07-01 00:00] ENTRY USDJPY LONG @ 160.81850 SL=160.41000 TP=161.43200 (ticket=33)
16:03:28 INFO  Backtest: [STALE-WIN] bar=1017 USDJPY long open 8.0h, profit stalling (now +0.22R, peak +0.64R) — SL→BE 160.41000→160.75441 (ticket=33)
16:03:28 INFO  Backtest: [PARTIAL-TP1] bar=1023 USDJPY long closed 20% @ 161.35400 (+1R) SL: 160.75441→160.75441 (BE+15%R) rem_qty=2.06 rem_risk=$767.62 (ticket=33)
16:03:28 INFO  Backtest: [EXIT-TP] USDJPY LONG entry=160.81519 exit=161.43200 pnl=+1144.07 (+1.49R) bars_held=15 (ticket=33)
16:03:28 INFO  BacktestEngine: [2024-07-01 16:00] ENTRY USDJPY LONG @ 161.28661 SL=160.69300 TP=162.17700 (ticket=34)
16:03:28 INFO  Backtest: [PARTIAL-TP1] bar=1025 USDJPY long closed 20% @ 161.65600 (+1R) SL: 160.69300→161.02151 (BE+15%R) rem_qty=1.44 rem_risk=$777.70 (ticket=34)
  [USDJPY] 512/5122 bars (10%)
16:03:29 INFO  Backtest: [EXIT-TIME-STOP] USDJPY LONG entry=161.07949 exit=161.67400 pnl=+768.97 (+0.99R) (ticket=34)
16:03:29 INFO  BacktestEngine: [2024-07-02 09:00] ENTRY USDJPY LONG @ 161.67573 SL=161.30400 TP=162.23300 (ticket=35)
16:03:30 INFO  Backtest: [STALE-SL] bar=1048 USDJPY long open 6.0h still losing (-0.31R) — SL tightened 161.30400→161.49384 (cap at 0.49R, atr_ratio=0.98, progress=0%) (ticket=35)
16:03:30 INFO  Backtest: [STALE-SL] bar=1050 USDJPY long open 8.0h still losing (-0.08R) — SL tightened 161.49670→161.50324 (cap at 0.47R, atr_ratio=1.00, progress=17%) (ticket=35)
16:03:30 INFO  Backtest: [STALE-SL] bar=1051 USDJPY long open 9.0h still losing (-0.12R) — SL tightened 161.50324→161.52278 (cap at 0.41R, atr_ratio=0.92, progress=25%) (ticket=35)
16:03:31 INFO  Backtest: [EXIT-TIME-STOP] USDJPY LONG entry=161.67696 exit=161.93900 pnl=+590.21 (+0.68R) (ticket=35)
16:03:31 INFO  BacktestEngine: [2024-07-03 13:00] ENTRY USDJPY LONG @ 161.94050 SL=161.47200 TP=162.64300 (ticket=36)
16:03:31 INFO  Backtest: [EXIT-SL] USDJPY LONG entry=161.93788 exit=161.47200 pnl=-797.26 (-1.01R) bars_held=3 (ticket=36)
16:03:31 INFO  BacktestEngine: [2024-07-03 21:00] ENTRY USDJPY LONG @ 161.66379 SL=161.23700 TP=162.42300 (ticket=37)
16:03:32 INFO  Backtest: [EXIT-SL] USDJPY LONG entry=161.65831 exit=161.23700 pnl=-788.59 (-1.00R) bars_held=6 (ticket=37)
16:03:32 INFO  BacktestEngine: [2024-07-04 10:00] ENTRY USDJPY SHORT @ 161.28007 SL=161.76900 TP=160.54700 (ticket=39)
16:03:33 INFO  Backtest: [EXIT-TIME-STOP] USDJPY SHORT entry=161.27618 exit=161.13700 pnl=+186.66 (+0.27R) (ticket=39)
16:03:33 INFO  BacktestEngine: [2024-07-04 21:00] ENTRY USDJPY LONG @ 161.24550 SL=160.92400 TP=161.81700 (ticket=40)
16:03:34 INFO  Backtest: [EXIT-SL] USDJPY LONG entry=161.24777 exit=160.92400 pnl=-841.54 (-1.03R) bars_held=5 (ticket=40)
16:03:34 INFO  BacktestEngine: [2024-07-05 14:00] ENTRY USDJPY LONG @ 160.81950 SL=160.41700 TP=161.53600 (ticket=41)
16:03:34 INFO  Backtest: [EXIT-SL] USDJPY LONG entry=160.82124 exit=160.41700 pnl=-805.96 (-1.02R) bars_held=0 (ticket=41)
16:03:35 INFO  BacktestEngine: [2024-07-05 19:00] ENTRY USDJPY LONG @ 160.88950 SL=160.28700 TP=161.96100 (ticket=45)
16:03:35 INFO  BacktestEngine: [2024-07-08 00:00] ENTRY USDJPY LONG @ 160.78050 SL=160.28800 TP=161.65600 (ticket=46)
16:03:35 INFO  Backtest: [EXIT-SL] USDJPY LONG entry=160.71803 exit=160.28800 pnl=-685.12 (-0.89R) bars_held=4 (ticket=46)
16:03:36 INFO  BacktestEngine: [2024-07-08 09:00] ENTRY USDJPY LONG @ 160.83696 SL=160.35500 TP=161.69400 (ticket=50)
16:03:36 INFO  Backtest: [STALE-SL] bar=1133 USDJPY long open 6.0h still losing (-0.37R) — SL tightened 160.35500→160.59481 (cap at 0.50R, atr_ratio=1.00, progress=0%) (ticket=50)
16:03:36 INFO  Backtest: [EXIT-SL] USDJPY LONG entry=160.83461 exit=160.59481 pnl=-394.14 (-0.51R) bars_held=7 (ticket=50)
16:03:37 INFO  BacktestEngine: [2024-07-08 23:00] ENTRY USDJPY LONG @ 160.81650 SL=160.44300 TP=161.37600 (ticket=51)
16:03:38 INFO  Backtest: [STALE-WIN] bar=1149 USDJPY long open 8.0h, profit stalling (now +0.34R, peak +0.78R) — SL→BE 160.44300→160.73543 (ticket=51)
16:03:38 INFO  Backtest: [EXIT-TIME-STOP] USDJPY LONG entry=160.78704 exit=161.01400 pnl=+448.95 (+0.59R) (ticket=51)
16:03:38 INFO  BacktestEngine: [2024-07-09 18:00] ENTRY USDJPY LONG @ 161.39977 SL=160.77800 TP=162.33300 (ticket=52)
16:03:39 INFO  Backtest: [STALE-SL] bar=1166 USDJPY long open 6.0h still losing (-0.12R) — SL tightened 160.77800→161.15114 (cap at 0.40R, atr_ratio=0.80, progress=0%) (ticket=52)
16:03:39 INFO  Backtest: [STALE-SL] bar=1167 USDJPY long open 7.0h still losing (-0.12R) — SL tightened 161.15114→161.17438 (cap at 0.36R, atr_ratio=0.75, progress=8%) (ticket=52)
16:03:40 INFO  Backtest: [STALE-SL] bar=1174 USDJPY long open 14.0h still losing (-0.06R) — SL tightened 161.17438→161.28019 (cap at 0.19R, atr_ratio=0.53, progress=67%) (ticket=52)
16:03:40 INFO  Backtest: [EXIT-TIME-STOP] USDJPY LONG entry=161.40080 exit=161.51300 pnl=+130.29 (+0.17R) (ticket=52)
16:03:40 INFO  BacktestEngine: [2024-07-10 12:00] ENTRY USDJPY LONG @ 161.58850 SL=161.14200 TP=162.25800 (ticket=53)
16:03:41 INFO  Backtest: [STALE-SL] bar=1189 USDJPY long open 11.0h still losing (-0.03R) — SL tightened 161.14200→161.40236 (cap at 0.41R, atr_ratio=0.99, progress=42%) (ticket=53)
16:03:41 INFO  Backtest: [STALE-WIN] bar=1190 USDJPY long open 12.0h, profit stalling (now +0.02R, peak +0.43R) — SL→BE 161.40236→161.51817 (ticket=53)
16:03:41 INFO  Backtest: [EXIT-SL] USDJPY LONG entry=161.58455 exit=161.51817 pnl=-133.47 (-0.17R) bars_held=14 (ticket=53)
16:03:42 INFO  BacktestEngine: [2024-07-11 17:00] ENTRY USDJPY SHORT @ 158.55345 SL=160.01000 TP=156.36800 (ticket=54)
16:03:43 INFO  Backtest: [EXIT-TIME-STOP] USDJPY SHORT entry=158.54585 exit=158.82100 pnl=-146.71 (-0.19R) (ticket=54)
16:03:43 INFO  BacktestEngine: [2024-07-12 03:00] ENTRY USDJPY LONG @ 159.07978 SL=157.39500 TP=161.60800 (ticket=56)
16:03:44 INFO  Backtest: [STALE-SL] bar=1227 USDJPY long open 10.0h still losing (-0.06R) — SL tightened 157.39500→158.62146 (cap at 0.27R, atr_ratio=0.62, progress=33%) (ticket=56)
16:03:44 INFO  Backtest: [EXIT-SL] USDJPY LONG entry=159.07529 exit=158.62146 pnl=-243.59 (-0.27R) bars_held=11 (ticket=56)
16:03:45 INFO  BacktestEngine: [2024-07-12 19:00] ENTRY USDJPY SHORT @ 157.87150 SL=159.50600 TP=155.42000 (ticket=59)
16:03:45 INFO  BacktestEngine: [2024-07-15 01:00] ENTRY USDJPY LONG @ 158.34362 SL=157.48900 TP=159.86300 (ticket=60)
16:03:46 INFO  Backtest: [STALE-SL] bar=1245 USDJPY long open 6.0h still losing (-0.45R) — SL tightened 157.48900→158.09044 (cap at 0.29R, atr_ratio=0.58, progress=0%) (ticket=60)
16:03:46 INFO  Backtest: [EXIT-SL] USDJPY LONG entry=158.33834 exit=158.09044 pnl=-251.20 (-0.30R) bars_held=7 (ticket=60)
16:03:47 INFO  BacktestEngine: [2024-07-15 14:00] ENTRY USDJPY LONG @ 158.11373 SL=157.47200 TP=159.07700 (ticket=62)
16:03:47 INFO  Backtest: [EXIT-SL] USDJPY LONG entry=158.11639 exit=157.47200 pnl=-848.55 (-1.02R) bars_held=4 (ticket=62)
16:03:49 INFO  BacktestEngine: [2024-07-16 07:00] ENTRY USDJPY LONG @ 158.63650 SL=157.82800 TP=159.85000 (ticket=63)
16:03:49 INFO  Backtest: [STALE-SL] bar=1275 USDJPY long open 6.0h still losing (-0.37R) — SL tightened 157.82800→158.31851 (cap at 0.40R, atr_ratio=0.79, progress=0%) (ticket=63)
16:03:49 INFO  Backtest: [EXIT-SL] USDJPY LONG entry=158.63878 exit=158.31851 pnl=-343.20 (-0.41R) bars_held=7 (ticket=63)
16:03:52 INFO  BacktestEngine: [2024-07-17 08:00] ENTRY USDJPY SHORT @ 157.88694 SL=158.30000 TP=157.26800 (ticket=64)
  [USDJPY] 768/5122 bars (15%)
16:03:52 INFO  Backtest: [EXIT-TP] USDJPY SHORT entry=157.88492 exit=157.26800 pnl=+992.38 (+1.48R) bars_held=1 (ticket=64)
16:03:52 INFO  BacktestEngine: [2024-07-17 12:00] ENTRY USDJPY SHORT @ 156.41344 SL=157.49700 TP=154.78900 (ticket=65)
16:03:52 INFO  Backtest: [EXIT-TIME-STOP] USDJPY SHORT entry=156.41430 exit=156.49900 pnl=-58.01 (-0.09R) (ticket=65)
16:03:53 INFO  BacktestEngine: [2024-07-17 20:00] ENTRY USDJPY SHORT @ 156.46250 SL=157.61400 TP=154.73500 (ticket=66)
16:03:53 INFO  Backtest: [EXIT-TIME-STOP] USDJPY SHORT entry=156.46379 exit=156.16800 pnl=+170.41 (+0.25R) (ticket=66)
16:03:54 INFO  BacktestEngine: [2024-07-18 02:00] ENTRY USDJPY SHORT @ 155.67612 SL=156.84700 TP=153.92000 (ticket=67)
16:03:54 INFO  Backtest: [EXIT-TIME-STOP] USDJPY SHORT entry=155.67336 exit=156.34100 pnl=-374.87 (-0.58R) (ticket=67)
16:03:54 INFO  BacktestEngine: [2024-07-18 07:00] ENTRY USDJPY LONG @ 156.34254 SL=155.57500 TP=157.70700 (ticket=68)
16:03:56 INFO  Backtest: [PARTIAL-TP1] bar=1328 USDJPY long closed 20% @ 157.14500 (+1R) SL: 155.57500→156.22743 (BE+15%R) rem_qty=0.87 rem_risk=$608.97 (ticket=68)
16:03:56 INFO  Backtest: [EXIT-TIME-STOP] USDJPY LONG entry=156.34257 exit=157.35800 pnl=+799.66 (+1.31R) (ticket=68)
16:03:57 INFO  BacktestEngine: [2024-07-19 00:00] ENTRY USDJPY LONG @ 157.35950 SL=156.78600 TP=158.22000 (ticket=69)
16:03:58 INFO  Backtest: [STALE-SL] bar=1342 USDJPY long open 8.0h still losing (-0.14R) — SL tightened 156.78600→157.12863 (cap at 0.39R, atr_ratio=0.84, progress=17%) (ticket=69)
16:03:58 INFO  Backtest: [EXIT-SL] USDJPY LONG entry=157.34965 exit=157.12863 pnl=-293.46 (-0.40R) bars_held=9 (ticket=69)
16:03:58 INFO  BacktestEngine: [2024-07-19 10:00] ENTRY USDJPY LONG @ 157.32217 SL=156.65800 TP=158.31800 (ticket=70)
16:03:58 INFO  Backtest: [STALE-WIN] bar=1350 USDJPY long open 6.0h, profit stalling (now +0.03R, peak +0.53R) — SL→BE 156.65800→157.22023 (ticket=70)
16:04:00 INFO  BacktestEngine: [2024-07-22 11:00] ENTRY USDJPY SHORT @ 156.79524 SL=157.59300 TP=155.59900 (ticket=71)
16:04:01 INFO  Backtest: [EXIT-TIME-STOP] USDJPY SHORT entry=156.79815 exit=156.86500 pnl=-43.41 (-0.09R) (ticket=71)
16:04:01 INFO  BacktestEngine: [2024-07-22 18:00] ENTRY USDJPY LONG @ 157.08850 SL=156.48200 TP=157.99800 (ticket=72)
16:04:02 INFO  Backtest: [STALE-SL] bar=1382 USDJPY long open 6.0h still losing (-0.08R) — SL tightened 156.48200→156.87881 (cap at 0.34R, atr_ratio=0.69, progress=0%) (ticket=72)
16:04:02 INFO  Backtest: [STALE-SL] bar=1383 USDJPY long open 7.0h still losing (-0.30R) — SL tightened 156.87881→156.89557 (cap at 0.31R, atr_ratio=0.65, progress=8%) (ticket=72)
16:04:02 INFO  Backtest: [EXIT-SL] USDJPY LONG entry=157.08559 exit=156.89557 pnl=-176.32 (-0.33R) bars_held=8 (ticket=72)
16:04:02 INFO  BacktestEngine: [2024-07-23 07:00] ENTRY USDJPY SHORT @ 156.30650 SL=157.12900 TP=155.07200 (ticket=74)
16:04:03 INFO  Backtest: [EXIT-TIME-STOP] USDJPY SHORT entry=156.30621 exit=155.94300 pnl=+216.76 (+0.43R) (ticket=74)
16:04:03 INFO  BacktestEngine: [2024-07-23 12:00] ENTRY USDJPY SHORT @ 155.94150 SL=156.90900 TP=154.49000 (ticket=75)
16:04:04 INFO  Backtest: [EXIT-TIME-STOP] USDJPY SHORT entry=155.95114 exit=155.97900 pnl=-18.44 (-0.04R) (ticket=75)
16:04:05 INFO  BacktestEngine: [2024-07-23 22:00] ENTRY USDJPY SHORT @ 155.63650 SL=156.46900 TP=154.38800 (ticket=76)
16:04:05 INFO  Backtest: [EXIT-TIME-STOP] USDJPY SHORT entry=155.63533 exit=155.82600 pnl=-120.94 (-0.24R) (ticket=76)
16:04:06 INFO  BacktestEngine: [2024-07-24 07:00] ENTRY USDJPY SHORT @ 154.60548 SL=155.53500 TP=153.21100 (ticket=80)
16:04:07 INFO  Backtest: [EXIT-TIME-STOP] USDJPY SHORT entry=154.60582 exit=154.77500 pnl=-143.25 (-0.19R) (ticket=80)
16:04:07 INFO  BacktestEngine: [2024-07-24 16:00] ENTRY USDJPY SHORT @ 153.43363 SL=154.73300 TP=151.48400 (ticket=83)
16:04:08 INFO  Backtest: [EXIT-TIME-STOP] USDJPY SHORT entry=153.45010 exit=154.00100 pnl=-320.24 (-0.43R) (ticket=83)
16:04:09 INFO  BacktestEngine: [2024-07-25 04:00] ENTRY USDJPY SHORT @ 152.85243 SL=154.19800 TP=150.83400 (ticket=84)
16:04:09 INFO  Backtest: [EXIT-TIME-STOP] USDJPY SHORT entry=152.86008 exit=152.84900 pnl=+1.57 (+0.00R) (ticket=84)
16:04:10 INFO  BacktestEngine: [2024-07-25 12:00] ENTRY USDJPY SHORT @ 152.30647 SL=153.91700 TP=149.89000 (ticket=85)
16:04:10 INFO  Backtest: [EXIT-CT_MID_FLIPPED_AGAINST] USDJPY SHORT entry=152.30800 exit=153.52000 pnl=-477.27 (-0.76R) (ticket=85)
16:04:10 INFO  BacktestEngine: [2024-07-25 15:00] ENTRY USDJPY LONG @ 153.52340 SL=152.38400 TP=155.55000 (ticket=86)
16:04:12 INFO  Backtest: [STALE-WIN] bar=1457 USDJPY long open 12.0h, profit stalling (now +0.07R, peak +0.47R) — SL→BE 152.38400→153.33720 (ticket=86)
16:04:12 INFO  Backtest: [EXIT-TIME-STOP] USDJPY LONG entry=153.50541 exit=153.64200 pnl=+83.28 (+0.11R) (ticket=86)
  [USDJPY] 1024/5122 bars (20%)
16:04:42 INFO  BacktestEngine: [2024-08-09 06:00] ENTRY USDJPY LONG @ 147.22178 SL=146.23500 TP=148.97600 (ticket=87)
16:04:43 INFO  Backtest: [STALE-SL] bar=1706 USDJPY long open 6.0h still losing (-0.08R) — SL tightened 146.23500→146.72851 (cap at 0.50R, atr_ratio=1.00, progress=0%) (ticket=87)
16:04:43 INFO  Backtest: [STALE-SL] bar=1707 USDJPY long open 7.0h still losing (-0.21R) — SL tightened 146.72851→146.74496 (cap at 0.48R, atr_ratio=1.00, progress=8%) (ticket=87)
16:04:43 INFO  Backtest: [EXIT-SL] USDJPY LONG entry=147.22203 exit=146.74496 pnl=-401.43 (-0.49R) bars_held=8 (ticket=87)
  [USDJPY] 1280/5122 bars (25%)
16:04:59 INFO  BacktestEngine: [2024-08-19 07:00] ENTRY USDJPY SHORT @ 146.18355 SL=147.47600 TP=144.24400 (ticket=88)
16:05:00 INFO  Backtest: [STALE-WIN] bar=1851 USDJPY short open 6.0h, profit stalling (now +0.12R, peak +0.59R) — SL→BE 147.47600→146.37962 (ticket=88)
16:05:00 INFO  Backtest: [EXIT-SL] USDJPY SHORT entry=146.18614 exit=146.37962 pnl=-95.19 (-0.16R) bars_held=8 (ticket=88)
16:05:03 INFO  BacktestEngine: [2024-08-20 13:00] ENTRY USDJPY SHORT @ 146.44550 SL=147.28400 TP=145.18800 (ticket=89)
16:05:04 INFO  Backtest: [PARTIAL-TP1] bar=1878 USDJPY short closed 20% @ 145.59800 (+1R) SL: 147.28400→146.57353 (BE+15%R) rem_qty=0.60 rem_risk=$457.67 (ticket=89)
16:05:04 INFO  Backtest: [EXIT-TP] USDJPY SHORT entry=146.44816 exit=145.18800 pnl=+683.85 (+1.49R) bars_held=10 (ticket=89)
16:05:05 INFO  BacktestEngine: [2024-08-21 00:00] ENTRY USDJPY SHORT @ 145.14150 SL=146.20600 TP=143.54400 (ticket=90)
16:05:06 INFO  Backtest: [STALE-SL] bar=1892 USDJPY short open 6.0h still losing (-0.51R) — SL tightened 146.20600→145.66125 (cap at 0.50R, atr_ratio=1.00, progress=0%) (ticket=90)
16:05:06 INFO  Backtest: [EXIT-SL] USDJPY SHORT entry=145.11650 exit=145.66125 pnl=-296.61 (-0.52R) bars_held=7 (ticket=90)
16:05:07 INFO  BacktestEngine: [2024-08-21 16:00] ENTRY USDJPY SHORT @ 145.73350 SL=146.41700 TP=144.70800 (ticket=91)
16:05:07 INFO  Backtest: [EXIT-SL] USDJPY SHORT entry=145.73973 exit=146.41700 pnl=-567.22 (-1.00R) bars_held=0 (ticket=91)
16:05:08 INFO  BacktestEngine: [2024-08-22 00:00] ENTRY USDJPY SHORT @ 145.17450 SL=146.31800 TP=143.45900 (ticket=95)
16:05:09 INFO  Backtest: [STALE-SL] bar=1917 USDJPY short open 7.0h still losing (-0.11R) — SL tightened 146.31800→145.65989 (cap at 0.44R, atr_ratio=0.91, progress=8%) (ticket=95)
16:05:09 INFO  Backtest: [STALE-SL] bar=1918 USDJPY short open 8.0h still losing (-0.20R) — SL tightened 145.65989→145.61023 (cap at 0.40R, atr_ratio=0.85, progress=17%) (ticket=95)
16:05:09 INFO  Backtest: [STALE-SL] bar=1919 USDJPY short open 9.0h still losing (-0.08R) — SL tightened 145.61023→145.59813 (cap at 0.39R, atr_ratio=0.86, progress=25%) (ticket=95)
16:05:09 INFO  Backtest: [EXIT-SL] USDJPY SHORT entry=145.14653 exit=145.59813 pnl=-305.10 (-0.40R) bars_held=10 (ticket=95)
16:05:10 INFO  BacktestEngine: [2024-08-22 16:00] ENTRY USDJPY LONG @ 146.28188 SL=145.42200 TP=147.57200 (ticket=96)
16:05:11 INFO  Backtest: [EXIT-TIME-STOP] USDJPY LONG entry=146.28013 exit=146.21800 pnl=-72.43 (-0.08R) (ticket=96)
16:05:12 INFO  BacktestEngine: [2024-08-23 02:00] ENTRY USDJPY SHORT @ 146.21050 SL=146.85800 TP=145.23900 (ticket=98)
16:05:12 INFO  Backtest: [PARTIAL-TP1] bar=1937 USDJPY short closed 20% @ 145.48300 (+1R) SL: 146.85800→146.30601 (BE+15%R) rem_qty=0.91 rem_risk=$537.31 (ticket=98)
16:05:14 INFO  Backtest: [EXIT-SL] USDJPY SHORT entry=146.20860 exit=146.30601 pnl=-87.23 (-0.16R) bars_held=13 (ticket=98)
16:05:14 INFO  BacktestEngine: [2024-08-26 00:00] ENTRY USDJPY SHORT @ 144.02750 SL=145.31200 TP=142.10100 (ticket=101)
16:05:15 INFO  Backtest: [STALE-SL] bar=1965 USDJPY short open 7.0h still losing (-0.01R) — SL tightened 145.31200→144.65600 (cap at 0.48R, atr_ratio=1.00, progress=8%) (ticket=101)
16:05:16 INFO  Backtest: [STALE-SL] bar=1971 USDJPY short open 13.0h still losing (-0.07R) — SL tightened 144.65600→144.48812 (cap at 0.35R, atr_ratio=0.92, progress=58%) (ticket=101)
16:05:16 INFO  Backtest: [STALE-SL] bar=1973 USDJPY short open 15.0h still losing (-0.29R) — SL tightened 144.48812→144.44367 (cap at 0.32R, atr_ratio=0.90, progress=75%) (ticket=101)
16:05:16 INFO  Backtest: [EXIT-SL] USDJPY SHORT entry=144.04232 exit=144.44367 pnl=-212.17 (-0.32R) bars_held=16 (ticket=101)
16:05:19 INFO  BacktestEngine: [2024-08-27 13:00] ENTRY USDJPY SHORT @ 144.77750 SL=145.70900 TP=143.38000 (ticket=102)
16:05:22 INFO  Backtest: [STALE-WIN] bar=2009 USDJPY short open 14.0h, profit stalling (now +0.44R, peak +0.97R) — SL→BE 145.70900→144.91462 (ticket=102)
16:05:22 INFO  Backtest: [EXIT-TIME-STOP] USDJPY SHORT entry=144.77443 exit=144.41200 pnl=+238.88 (+0.38R) (ticket=102)
16:05:25 INFO  BacktestEngine: [2024-08-29 00:00] ENTRY USDJPY SHORT @ 144.43450 SL=145.00900 TP=143.57300 (ticket=103)
16:05:26 INFO  Backtest: [STALE-SL] bar=2036 USDJPY short open 6.0h still losing (-0.41R) — SL tightened 145.00900→144.69824 (cap at 0.45R, atr_ratio=0.91, progress=0%) (ticket=103)
16:05:26 INFO  Backtest: [EXIT-SL] USDJPY SHORT entry=144.44084 exit=144.69824 pnl=-277.42 (-0.46R) bars_held=7 (ticket=103)
16:05:26 INFO  BacktestEngine: [2024-08-29 09:00] ENTRY USDJPY SHORT @ 144.58050 SL=145.14300 TP=143.73700 (ticket=104)
16:05:27 INFO  Backtest: [EXIT-SL] USDJPY SHORT entry=144.54893 exit=145.14300 pnl=-640.70 (-1.07R) bars_held=5 (ticket=104)
16:05:28 INFO  BacktestEngine: [2024-08-29 20:00] ENTRY USDJPY SHORT @ 144.85250 SL=145.49400 TP=143.89000 (ticket=105)
16:05:30 INFO  Backtest: [STALE-SL] bar=2061 USDJPY short open 11.0h still losing (-0.02R) — SL tightened 145.49400→145.00697 (cap at 0.25R, atr_ratio=0.59, progress=42%) (ticket=105)
16:05:30 INFO  Backtest: [EXIT-SL] USDJPY SHORT entry=144.84810 exit=145.00697 pnl=-154.61 (-0.26R) bars_held=12 (ticket=105)
  [USDJPY] 1536/5122 bars (30%)
16:05:31 INFO  BacktestEngine: [2024-08-30 13:00] ENTRY USDJPY LONG @ 145.30068 SL=144.67600 TP=146.23700 (ticket=107)
16:05:32 INFO  Backtest: [EXIT-TIME-STOP] USDJPY LONG entry=145.30271 exit=145.95400 pnl=+802.38 (+1.03R) (ticket=107)
16:05:32 INFO  BacktestEngine: [2024-08-30 18:00] ENTRY USDJPY LONG @ 145.95681 SL=145.06600 TP=147.29200 (ticket=108)
16:05:42 INFO  BacktestEngine: [2024-09-04 06:00] ENTRY USDJPY SHORT @ 145.31050 SL=146.32400 TP=143.79100 (ticket=109)
16:05:44 INFO  Backtest: [PARTIAL-TP1] bar=2142 USDJPY short closed 20% @ 144.11800 (+1R) SL: 146.32400→145.46232 (BE+15%R) rem_qty=0.52 rem_risk=$479.37 (ticket=109)
16:05:44 INFO  Backtest: [EXIT-TP] USDJPY SHORT entry=145.31026 exit=143.79100 pnl=+715.27 (+1.49R) bars_held=16 (ticket=109)
16:05:45 INFO  BacktestEngine: [2024-09-05 00:00] ENTRY USDJPY SHORT @ 143.63550 SL=144.65300 TP=142.10900 (ticket=110)
16:05:47 INFO  Backtest: [STALE-WIN] bar=2159 USDJPY short open 9.0h, profit stalling (now +0.03R, peak +0.40R) — SL→BE 144.65300→143.78912 (ticket=110)
16:05:47 INFO  Backtest: [EXIT-SL] USDJPY SHORT entry=143.63667 exit=143.78912 pnl=-87.44 (-0.16R) bars_held=16 (ticket=110)
16:05:48 INFO  BacktestEngine: [2024-09-05 20:00] ENTRY USDJPY SHORT @ 143.34650 SL=144.16600 TP=142.11700 (ticket=111)
16:05:49 INFO  Backtest: [PARTIAL-TP1] bar=2182 USDJPY short closed 20% @ 142.39000 (+1R) SL: 144.16600→143.46161 (BE+15%R) rem_qty=0.59 rem_risk=$441.67 (ticket=111)
16:05:49 INFO  Backtest: [EXIT-TP] USDJPY SHORT entry=143.33731 exit=142.11700 pnl=+653.26 (+1.48R) bars_held=13 (ticket=111)
16:05:49 INFO  BacktestEngine: [2024-09-06 10:00] ENTRY USDJPY SHORT @ 142.51589 SL=143.59200 TP=140.90200 (ticket=112)
16:05:49 INFO  Backtest: [EXIT-SL] USDJPY SHORT entry=142.52296 exit=143.59200 pnl=-636.88 (-1.00R) bars_held=4 (ticket=112)
16:05:49 INFO  BacktestEngine: [2024-09-06 17:00] ENTRY USDJPY SHORT @ 142.43380 SL=144.03600 TP=140.03000 (ticket=113)
16:05:50 INFO  BacktestEngine: [2024-09-09 00:00] ENTRY USDJPY SHORT @ 142.11350 SL=143.75900 TP=139.64600 (ticket=114)
16:05:50 INFO  Backtest: [STALE-SL] bar=2204 USDJPY short open 6.0h still losing (-0.52R) — SL tightened 143.75900→142.73146 (cap at 0.38R, atr_ratio=0.75, progress=0%) (ticket=114)
16:05:50 INFO  Backtest: [EXIT-SL] USDJPY SHORT entry=142.11183 exit=142.73146 pnl=-239.76 (-0.38R) bars_held=7 (ticket=114)
16:05:50 INFO  BacktestEngine: [2024-09-09 09:00] ENTRY USDJPY LONG @ 143.00150 SL=142.10400 TP=144.34800 (ticket=115)
16:05:51 INFO  Backtest: [EXIT-TIME-STOP] USDJPY LONG entry=143.01039 exit=143.60800 pnl=+488.51 (+0.66R) (ticket=115)
16:05:51 INFO  BacktestEngine: [2024-09-09 14:00] ENTRY USDJPY LONG @ 143.60950 SL=142.77500 TP=145.09300 (ticket=116)
16:05:51 INFO  Backtest: [EXIT-SL] USDJPY LONG entry=143.59533 exit=142.77500 pnl=-738.43 (-0.99R) bars_held=1 (ticket=116)
16:05:51 INFO  BacktestEngine: [2024-09-09 17:00] ENTRY USDJPY SHORT @ 142.73850 SL=144.00200 TP=140.84300 (ticket=117)
16:05:52 INFO  Backtest: [STALE-SL] bar=2221 USDJPY short open 6.0h still losing (-0.31R) — SL tightened 144.00200→143.27464 (cap at 0.43R, atr_ratio=0.86, progress=0%) (ticket=117)
16:05:52 INFO  Backtest: [STALE-SL] bar=2222 USDJPY short open 7.0h still losing (-0.25R) — SL tightened 143.27464→143.22387 (cap at 0.39R, atr_ratio=0.80, progress=8%) (ticket=117)
16:05:52 INFO  Backtest: [EXIT-SL] USDJPY SHORT entry=142.72909 exit=143.22387 pnl=-251.49 (-0.40R) bars_held=8 (ticket=117)
16:05:54 INFO  BacktestEngine: [2024-09-10 13:00] ENTRY USDJPY SHORT @ 143.03747 SL=143.67800 TP=142.07700 (ticket=118)
16:05:55 INFO  Backtest: [PARTIAL-TP1] bar=2239 USDJPY short closed 20% @ 142.28700 (+1R) SL: 143.67800→143.13762 (BE+15%R) rem_qty=0.80 rem_risk=$465.95 (ticket=118)
16:05:56 INFO  Backtest: [EXIT-TP] USDJPY SHORT entry=143.04226 exit=142.07700 pnl=+697.11 (+1.50R) bars_held=13 (ticket=118)
16:05:56 INFO  BacktestEngine: [2024-09-11 03:00] ENTRY USDJPY SHORT @ 142.28647 SL=143.20300 TP=140.91200 (ticket=119)
16:05:57 INFO  Backtest: [EXIT-TP] USDJPY SHORT entry=142.28529 exit=140.91200 pnl=+994.15 (+1.49R) bars_held=3 (ticket=119)
16:05:57 INFO  BacktestEngine: [2024-09-11 07:00] ENTRY USDJPY SHORT @ 141.08581 SL=142.31400 TP=139.24300 (ticket=120)
16:05:58 INFO  Backtest: [STALE-SL] bar=2259 USDJPY short open 6.0h still losing (-0.49R) — SL tightened 142.31400→141.69762 (cap at 0.50R, atr_ratio=1.00, progress=0%) (ticket=120)
16:05:58 INFO  Backtest: [EXIT-SL] USDJPY SHORT entry=141.08124 exit=141.69762 pnl=-340.74 (-0.51R) bars_held=7 (ticket=120)
16:06:05 INFO  BacktestEngine: [2024-09-13 06:00] ENTRY USDJPY SHORT @ 140.97750 SL=142.19800 TP=139.14700 (ticket=121)
16:06:07 INFO  Backtest: [STALE-WIN] bar=2312 USDJPY short open 12.0h, profit stalling (now +0.14R, peak +0.51R) — SL→BE 142.19800→141.16041 (ticket=121)
  [USDJPY] 1792/5122 bars (35%)
16:06:08 INFO  BacktestEngine: [2024-09-16 05:00] ENTRY USDJPY SHORT @ 140.53650 SL=141.19000 TP=139.55600 (ticket=122)
16:06:09 INFO  Backtest: [PARTIAL-TP1] bar=2326 USDJPY short closed 20% @ 139.85000 (+1R) SL: 141.19000→140.63398 (BE+15%R) rem_qty=0.91 rem_risk=$542.27 (ticket=122)
16:06:10 INFO  Backtest: [EXIT-SL] USDJPY SHORT entry=140.53585 exit=140.63398 pnl=-87.82 (-0.16R) bars_held=11 (ticket=122)
16:06:11 INFO  BacktestEngine: [2024-09-16 20:00] ENTRY USDJPY LONG @ 140.67850 SL=139.94200 TP=141.78400 (ticket=123)
16:06:12 INFO  Backtest: [EXIT-TIME-STOP] USDJPY LONG entry=140.67385 exit=140.86500 pnl=+198.66 (+0.25R) (ticket=123)
16:06:15 INFO  BacktestEngine: [2024-09-17 20:00] ENTRY USDJPY LONG @ 141.90550 SL=141.17000 TP=143.15700 (ticket=124)
16:06:16 INFO  Backtest: [EXIT-TIME-STOP] USDJPY LONG entry=141.90509 exit=142.04400 pnl=+122.99 (+0.18R) (ticket=124)
16:06:18 INFO  BacktestEngine: [2024-09-18 06:00] ENTRY USDJPY SHORT @ 141.38950 SL=142.05100 TP=140.39700 (ticket=125)
16:06:19 INFO  Backtest: [STALE-SL] bar=2378 USDJPY short open 6.0h still losing (-0.33R) — SL tightened 142.05100→141.71433 (cap at 0.49R, atr_ratio=0.98, progress=0%) (ticket=125)
16:06:19 INFO  Backtest: [EXIT-SL] USDJPY SHORT entry=141.38780 exit=141.71433 pnl=-276.77 (-0.51R) bars_held=7 (ticket=125)
16:06:29 INFO  BacktestEngine: [2024-09-23 10:00] ENTRY USDJPY SHORT @ 143.66402 SL=144.41100 TP=142.54400 (ticket=126)
16:06:30 INFO  Backtest: [STALE-SL] bar=2454 USDJPY short open 6.0h still losing (-0.14R) — SL tightened 144.41100→144.03845 (cap at 0.50R, atr_ratio=1.00, progress=0%) (ticket=126)
16:06:30 INFO  Backtest: [STALE-WIN] bar=2460 USDJPY short open 12.0h, profit stalling (now +0.11R, peak +0.47R) — SL→BE 144.03845→143.77766 (ticket=126)
16:06:31 INFO  Backtest: [EXIT-SL] USDJPY SHORT entry=143.66590 exit=143.77766 pnl=-110.88 (-0.16R) bars_held=15 (ticket=126)
16:06:32 INFO  BacktestEngine: [2024-09-24 18:00] ENTRY USDJPY SHORT @ 143.77350 SL=144.55900 TP=142.59500 (ticket=127)
16:06:33 INFO  Backtest: [PARTIAL-TP1] bar=2487 USDJPY short closed 20% @ 142.94800 (+1R) SL: 144.55900→143.88992 (BE+15%R) rem_qty=0.77 rem_risk=$549.07 (ticket=127)
16:06:34 INFO  Backtest: [EXIT-SL] USDJPY SHORT entry=143.77185 exit=143.88992 pnl=-87.89 (-0.16R) bars_held=15 (ticket=127)
16:06:35 INFO  BacktestEngine: [2024-09-26 00:00] ENTRY USDJPY LONG @ 144.69050 SL=143.83600 TP=145.97200 (ticket=128)
16:06:36 INFO  Backtest: [EXIT-TIME-STOP] USDJPY LONG entry=144.66753 exit=144.83400 pnl=+140.15 (+0.19R) (ticket=128)
16:06:36 INFO  BacktestEngine: [2024-09-26 07:00] ENTRY USDJPY SHORT @ 144.68773 SL=145.25900 TP=143.83100 (ticket=129)
16:06:37 INFO  Backtest: [STALE-WIN] bar=2524 USDJPY short open 7.0h, profit stalling (now +0.22R, peak +0.92R) — SL→BE 145.25900→144.77428 (ticket=129)
16:06:37 INFO  Backtest: [EXIT-SL] USDJPY SHORT entry=144.68874 exit=144.77428 pnl=-105.20 (-0.16R) bars_held=9 (ticket=129)
16:06:39 INFO  BacktestEngine: [2024-09-27 02:00] ENTRY USDJPY LONG @ 145.08450 SL=144.37400 TP=146.15000 (ticket=130)
16:06:39 INFO  Backtest: [EXIT-TIME-STOP] USDJPY LONG entry=145.06177 exit=145.79400 pnl=+665.92 (+1.02R) (ticket=130)
16:06:39 INFO  BacktestEngine: [2024-09-27 07:00] ENTRY USDJPY LONG @ 145.79672 SL=144.66500 TP=147.49500 (ticket=131)
16:06:39 INFO  Backtest: [EXIT-SL] USDJPY LONG entry=145.78639 exit=144.66500 pnl=-657.58 (-1.00R) bars_held=1 (ticket=131)
16:06:40 INFO  BacktestEngine: [2024-09-27 10:00] ENTRY USDJPY SHORT @ 143.18809 SL=144.48400 TP=141.24400 (ticket=132)
16:06:41 INFO  BacktestEngine: [2024-09-30 00:00] ENTRY USDJPY SHORT @ 142.25250 SL=143.80700 TP=139.92000 (ticket=133)
16:06:42 INFO  Backtest: [STALE-SL] bar=2567 USDJPY short open 9.0h still losing (-0.07R) — SL tightened 143.80700→142.81755 (cap at 0.36R, atr_ratio=0.81, progress=25%) (ticket=133)
16:06:42 INFO  Backtest: [STALE-SL] bar=2569 USDJPY short open 11.0h still losing (-0.18R) — SL tightened 142.81755→142.78625 (cap at 0.34R, atr_ratio=0.83, progress=42%) (ticket=133)
16:06:42 INFO  Backtest: [EXIT-SL] USDJPY SHORT entry=142.25096 exit=142.78625 pnl=-163.06 (-0.35R) bars_held=12 (ticket=133)
  [USDJPY] 2048/5122 bars (40%)
16:06:44 INFO  BacktestEngine: [2024-09-30 21:00] ENTRY USDJPY LONG @ 143.68863 SL=142.32700 TP=145.73100 (ticket=134)
16:06:45 INFO  Backtest: [EXIT-TIME-STOP] USDJPY LONG entry=143.68237 exit=143.71400 pnl=+9.80 (+0.02R) (ticket=134)
16:06:45 INFO  BacktestEngine: [2024-10-01 03:00] ENTRY USDJPY LONG @ 143.96510 SL=142.77500 TP=145.75100 (ticket=135)
16:06:45 INFO  Backtest: [EXIT-TIME-STOP] USDJPY LONG entry=143.96645 exit=144.25900 pnl=+165.90 (+0.24R) (ticket=135)
16:06:46 INFO  BacktestEngine: [2024-10-01 08:00] ENTRY USDJPY LONG @ 144.26050 SL=143.52300 TP=145.57100 (ticket=136)
16:06:46 INFO  Backtest: [EXIT-TIME-STOP] USDJPY LONG entry=144.27322 exit=143.73800 pnl=-513.81 (-0.74R) (ticket=136)
16:06:46 INFO  BacktestEngine: [2024-10-01 13:00] ENTRY USDJPY SHORT @ 143.73650 SL=144.46900 TP=142.63800 (ticket=137)
16:06:47 INFO  Backtest: [STALE-SL] bar=2601 USDJPY short open 6.0h still losing (-0.11R) — SL tightened 144.46900→144.10069 (cap at 0.50R, atr_ratio=1.00, progress=0%) (ticket=137)
16:06:48 INFO  Backtest: [STALE-SL] bar=2608 USDJPY short open 13.0h still losing (-0.11R) — SL tightened 144.10069→144.01475 (cap at 0.38R, atr_ratio=1.00, progress=58%) (ticket=137)
16:06:49 INFO  Backtest: [STALE-SL] bar=2609 USDJPY short open 14.0h still losing (-0.23R) — SL tightened 144.01475→144.00247 (cap at 0.37R, atr_ratio=1.00, progress=67%) (ticket=137)
16:06:49 INFO  Backtest: [EXIT-SL] USDJPY SHORT entry=143.73237 exit=144.00247 pnl=-224.98 (-0.38R) bars_held=15 (ticket=137)
16:06:50 INFO  BacktestEngine: [2024-10-02 15:00] ENTRY USDJPY LONG @ 145.37142 SL=144.40800 TP=146.81600 (ticket=138)
16:06:51 INFO  Backtest: [EXIT-TIME-STOP] USDJPY LONG entry=145.37047 exit=146.17000 pnl=+655.72 (+0.82R) (ticket=138)
16:06:51 INFO  BacktestEngine: [2024-10-02 20:00] ENTRY USDJPY LONG @ 146.17150 SL=144.86200 TP=148.13600 (ticket=139)
16:06:52 INFO  Backtest: [EXIT-TIME-STOP] USDJPY LONG entry=146.16706 exit=146.59100 pnl=+253.79 (+0.32R) (ticket=139)
16:06:52 INFO  BacktestEngine: [2024-10-03 02:00] ENTRY USDJPY LONG @ 146.57650 SL=145.37000 TP=148.38700 (ticket=140)
16:06:53 INFO  Backtest: [EXIT-TIME-STOP] USDJPY LONG entry=146.57079 exit=146.72200 pnl=+87.50 (+0.12R) (ticket=140)
16:06:53 INFO  BacktestEngine: [2024-10-03 08:00] ENTRY USDJPY SHORT @ 146.55450 SL=147.31000 TP=145.21200 (ticket=141)
16:06:54 INFO  Backtest: [STALE-SL] bar=2644 USDJPY short open 6.0h still losing (-0.29R) — SL tightened 147.31000→146.93129 (cap at 0.50R, atr_ratio=1.00, progress=0%) (ticket=141)
16:06:54 INFO  Backtest: [STALE-SL] bar=2645 USDJPY short open 7.0h still losing (-0.09R) — SL tightened 146.93129→146.91867 (cap at 0.48R, atr_ratio=1.00, progress=8%) (ticket=141)
16:06:54 INFO  Backtest: [EXIT-SL] USDJPY SHORT entry=146.55259 exit=146.91867 pnl=-309.52 (-0.49R) bars_held=8 (ticket=141)
  [USDJPY] 2304/5122 bars (45%)
16:07:38 INFO  BacktestEngine: [2024-10-23 06:00] ENTRY USDJPY LONG @ 151.74550 SL=151.09100 TP=152.72700 (ticket=142)
16:07:39 INFO  Backtest: [PARTIAL-TP1] bar=2976 USDJPY long closed 20% @ 152.41600 (+1R) SL: 151.09100→151.64648 (BE+15%R) rem_qty=1.05 rem_risk=$623.96 (ticket=142)
16:07:39 INFO  Backtest: [EXIT-TP] USDJPY LONG entry=151.74451 exit=152.72700 pnl=+929.64 (+1.49R) bars_held=5 (ticket=142)
16:07:39 INFO  BacktestEngine: [2024-10-23 12:00] ENTRY USDJPY LONG @ 152.72559 SL=151.93300 TP=153.91400 (ticket=143)
16:07:41 INFO  Backtest: [STALE-WIN] bar=2985 USDJPY long open 7.0h, profit stalling (now +0.06R, peak +0.44R) — SL→BE 151.93300→152.60445 (ticket=143)
16:07:41 INFO  Backtest: [EXIT-SL] USDJPY LONG entry=152.72294 exit=152.60445 pnl=-125.16 (-0.16R) bars_held=8 (ticket=143)
16:07:48 INFO  BacktestEngine: [2024-10-25 19:00] ENTRY USDJPY LONG @ 152.19950 SL=151.52400 TP=153.21200 (ticket=144)
  [USDJPY] 2560/5122 bars (50%)
16:08:03 INFO  BacktestEngine: [2024-11-04 03:00] ENTRY USDJPY SHORT @ 151.78630 SL=152.91500 TP=150.09400 (ticket=145)
16:08:04 INFO  Backtest: [EXIT-TIME-STOP] USDJPY SHORT entry=151.78194 exit=152.14600 pnl=-182.68 (-0.33R) (ticket=145)
16:08:05 INFO  BacktestEngine: [2024-11-04 13:00] ENTRY USDJPY SHORT @ 151.54934 SL=152.54100 TP=150.06300 (ticket=148)
16:08:06 INFO  Backtest: [EXIT-TIME-STOP] USDJPY SHORT entry=151.55413 exit=152.02100 pnl=-267.75 (-0.48R) (ticket=148)
16:08:07 INFO  BacktestEngine: [2024-11-04 22:00] ENTRY USDJPY LONG @ 152.14950 SL=151.57300 TP=153.01400 (ticket=152)
16:08:08 INFO  Backtest: [STALE-WIN] bar=3189 USDJPY long open 10.0h, profit stalling (now +0.20R, peak +0.54R) — SL→BE 151.57300→152.06616 (ticket=152)
16:08:09 INFO  Backtest: [EXIT-SL] USDJPY LONG entry=152.15319 exit=152.06616 pnl=-106.88 (-0.16R) bars_held=16 (ticket=152)
16:08:11 INFO  BacktestEngine: [2024-11-06 03:00] ENTRY USDJPY LONG @ 152.92685 SL=151.83100 TP=154.57000 (ticket=153)
16:08:11 INFO  Backtest: [PARTIAL-TP1] bar=3208 USDJPY long closed 20% @ 154.05000 (+1R) SL: 151.83100→152.76390 (BE+15%R) rem_qty=0.59 rem_risk=$590.11 (ticket=153)
16:08:13 INFO  Backtest: [EXIT-TP] USDJPY LONG entry=152.92853 exit=154.57000 pnl=+880.15 (+1.49R) bars_held=14 (ticket=153)
16:08:13 INFO  BacktestEngine: [2024-11-06 18:00] ENTRY USDJPY LONG @ 154.58450 SL=153.12800 TP=156.76900 (ticket=154)
16:08:14 INFO  Backtest: [STALE-SL] bar=3229 USDJPY long open 6.0h still losing (-0.19R) — SL tightened 153.12800→154.13721 (cap at 0.31R, atr_ratio=0.62, progress=0%) (ticket=154)
16:08:15 INFO  Backtest: [STALE-SL] bar=3232 USDJPY long open 9.0h still losing (-0.10R) — SL tightened 154.14133→154.15619 (cap at 0.30R, atr_ratio=0.66, progress=25%) (ticket=154)
16:08:15 INFO  Backtest: [STALE-SL] bar=3233 USDJPY long open 10.0h still losing (-0.18R) — SL tightened 154.15619→154.18647 (cap at 0.27R, atr_ratio=0.63, progress=33%) (ticket=154)
16:08:15 INFO  Backtest: [EXIT-SL] USDJPY LONG entry=154.58655 exit=154.18647 pnl=-207.80 (-0.28R) bars_held=11 (ticket=154)
16:08:17 INFO  BacktestEngine: [2024-11-07 16:00] ENTRY USDJPY SHORT @ 153.21955 SL=154.30800 TP=151.58700 (ticket=155)
16:08:18 INFO  Backtest: [EXIT-TIME-STOP] USDJPY SHORT entry=153.22064 exit=153.08400 pnl=+73.93 (+0.12R) (ticket=155)
16:08:18 INFO  BacktestEngine: [2024-11-07 22:00] ENTRY USDJPY SHORT @ 152.84879 SL=154.01200 TP=151.10400 (ticket=156)
16:08:19 INFO  Backtest: [EXIT-TIME-STOP] USDJPY SHORT entry=152.85369 exit=153.09500 pnl=-133.69 (-0.21R) (ticket=156)
16:08:20 INFO  BacktestEngine: [2024-11-08 10:00] ENTRY USDJPY SHORT @ 152.34479 SL=153.02500 TP=151.32500 (ticket=157)
16:08:21 INFO  Backtest: [EXIT-TIME-STOP] USDJPY SHORT entry=152.34581 exit=152.74000 pnl=-402.28 (-0.59R) (ticket=157)
16:08:22 INFO  BacktestEngine: [2024-11-08 19:00] ENTRY USDJPY LONG @ 152.65650 SL=151.97400 TP=153.68100 (ticket=159)
16:08:22 INFO  BacktestEngine: [2024-11-11 00:00] ENTRY USDJPY LONG @ 152.66250 SL=152.04800 TP=153.58400 (ticket=160)
16:08:22 INFO  Backtest: [PARTIAL-TP1] bar=3280 USDJPY long closed 20% @ 153.38800 (+1R) SL: 152.04800→152.59024 (BE+15%R) rem_qty=1.05 rem_risk=$586.08 (ticket=160)
16:08:22 INFO  Backtest: [EXIT-TP] USDJPY LONG entry=152.68593 exit=153.58400 pnl=+849.14 (+1.45R) bars_held=5 (ticket=160)
16:08:22 INFO  BacktestEngine: [2024-11-11 06:00] ENTRY USDJPY LONG @ 153.57450 SL=152.67200 TP=154.92800 (ticket=161)
16:08:24 INFO  Backtest: [EXIT-TIME-STOP] USDJPY LONG entry=153.57616 exit=153.70400 pnl=+98.40 (+0.13R) (ticket=161)
16:08:25 INFO  BacktestEngine: [2024-11-12 08:00] ENTRY USDJPY LONG @ 153.78478 SL=153.31200 TP=154.49300 (ticket=162)
16:08:25 INFO  Backtest: [PARTIAL-TP1] bar=3315 USDJPY long closed 20% @ 154.38100 (+1R) SL: 153.31200→153.71455 (BE+15%R) rem_qty=1.40 rem_risk=$601.72 (ticket=162)
16:08:25 INFO  Backtest: [EXIT-TP] USDJPY LONG entry=153.78559 exit=154.49300 pnl=+891.44 (+1.48R) bars_held=7 (ticket=162)
16:08:26 INFO  BacktestEngine: [2024-11-12 16:00] ENTRY USDJPY LONG @ 154.41550 SL=153.65700 TP=155.55400 (ticket=163)
16:08:27 INFO  Backtest: [STALE-WIN] bar=3324 USDJPY long open 7.0h, profit stalling (now +0.13R, peak +0.48R) — SL→BE 153.65700→154.30453 (ticket=163)
16:08:28 INFO  Backtest: [EXIT-TIME-STOP] USDJPY LONG entry=154.41880 exit=155.11200 pnl=+686.19 (+0.90R) (ticket=163)
16:08:28 INFO  BacktestEngine: [2024-11-13 09:00] ENTRY USDJPY LONG @ 155.11350 SL=154.45200 TP=156.10600 (ticket=164)
16:08:28 INFO  Backtest: [EXIT-SL] USDJPY LONG entry=155.11475 exit=154.45200 pnl=-756.53 (-1.01R) bars_held=5 (ticket=164)
16:08:29 INFO  BacktestEngine: [2024-11-13 17:00] ENTRY USDJPY LONG @ 154.98783 SL=154.38000 TP=155.89900 (ticket=165)
  [USDJPY] 2816/5122 bars (55%)
16:08:30 INFO  Backtest: [PARTIAL-TP1] bar=3350 USDJPY long closed 20% @ 155.72000 (+1R) SL: 154.38000→154.89673 (BE+15%R) rem_qty=1.07 rem_risk=$592.71 (ticket=165)
16:08:30 INFO  Backtest: [EXIT-TP] USDJPY LONG entry=154.98792 exit=155.89900 pnl=+881.27 (+1.49R) bars_held=9 (ticket=165)
16:08:30 INFO  BacktestEngine: [2024-11-14 03:00] ENTRY USDJPY LONG @ 155.86850 SL=155.01300 TP=157.15100 (ticket=166)
16:08:31 INFO  Backtest: [STALE-SL] bar=3364 USDJPY long open 12.0h still losing (-0.08R) — SL tightened 155.01300→155.57984 (cap at 0.34R, atr_ratio=0.84, progress=50%) (ticket=166)
16:08:32 INFO  Backtest: [EXIT-TIME-STOP] USDJPY LONG entry=155.86745 exit=155.89400 pnl=+19.22 (+0.02R) (ticket=166)
16:08:32 INFO  BacktestEngine: [2024-11-14 23:00] ENTRY USDJPY LONG @ 156.23850 SL=155.61900 TP=157.16800 (ticket=167)
16:08:33 INFO  Backtest: [STALE-WIN] bar=3378 USDJPY long open 6.0h, profit stalling (now +0.16R, peak +0.59R) — SL→BE 155.61900→156.16048 (ticket=167)
16:08:33 INFO  Backtest: [EXIT-SL] USDJPY LONG entry=156.25604 exit=156.16048 pnl=-144.69 (-0.17R) bars_held=8 (ticket=167)
16:08:34 INFO  BacktestEngine: [2024-11-15 12:00] ENTRY USDJPY SHORT @ 155.30050 SL=156.31400 TP=153.78100 (ticket=168)
16:08:35 INFO  Backtest: [EXIT-TIME-STOP] USDJPY SHORT entry=155.29945 exit=154.94800 pnl=+197.07 (+0.34R) (ticket=168)
16:08:35 INFO  BacktestEngine: [2024-11-15 17:00] ENTRY USDJPY SHORT @ 154.94470 SL=155.76100 TP=153.49400 (ticket=169)
16:08:35 INFO  BacktestEngine: [2024-11-18 01:00] ENTRY USDJPY LONG @ 154.64450 SL=153.83500 TP=156.08300 (ticket=170)
16:08:36 INFO  Backtest: [STALE-SL] bar=3404 USDJPY long open 6.0h still losing (-0.08R) — SL tightened 153.83500→154.24114 (cap at 0.50R, atr_ratio=1.00, progress=0%) (ticket=170)
16:08:36 INFO  Backtest: [STALE-SL] bar=3405 USDJPY long open 7.0h still losing (-0.10R) — SL tightened 154.24114→154.25468 (cap at 0.48R, atr_ratio=1.00, progress=8%) (ticket=170)
16:08:37 INFO  Backtest: [STALE-WIN] bar=3411 USDJPY long open 13.0h, profit stalling (now +0.32R, peak +0.76R) — SL→BE 154.25468→154.52543 (ticket=170)
16:08:37 INFO  Backtest: [EXIT-TIME-STOP] USDJPY LONG entry=154.64727 exit=154.79900 pnl=+119.27 (+0.18R) (ticket=170)
16:08:37 INFO  BacktestEngine: [2024-11-18 18:00] ENTRY USDJPY LONG @ 154.80050 SL=153.98500 TP=156.02300 (ticket=171)
16:08:38 INFO  Backtest: [STALE-SL] bar=3421 USDJPY long open 6.0h still losing (-0.22R) — SL tightened 153.98500→154.48351 (cap at 0.38R, atr_ratio=0.77, progress=0%) (ticket=171)
16:08:38 INFO  Backtest: [EXIT-SL] USDJPY LONG entry=154.79534 exit=154.48351 pnl=-264.59 (-0.39R) bars_held=7 (ticket=171)
16:08:38 INFO  BacktestEngine: [2024-11-19 03:00] ENTRY USDJPY SHORT @ 154.11269 SL=155.12000 TP=152.60200 (ticket=172)
16:08:39 INFO  Backtest: [EXIT-TIME-STOP] USDJPY SHORT entry=154.11181 exit=154.50900 pnl=-195.28 (-0.40R) (ticket=172)
16:08:40 INFO  BacktestEngine: [2024-11-19 13:00] ENTRY USDJPY LONG @ 154.08489 SL=153.22900 TP=155.60700 (ticket=176)
16:08:42 INFO  Backtest: [PARTIAL-TP1] bar=3449 USDJPY long closed 20% @ 154.95400 (+1R) SL: 153.22900→153.95456 (BE+15%R) rem_qty=0.58 rem_risk=$455.09 (ticket=176)
16:08:42 INFO  Backtest: [EXIT-TIME-STOP] USDJPY LONG entry=154.08260 exit=155.05400 pnl=+512.15 (+1.13R) (ticket=176)
16:08:42 INFO  BacktestEngine: [2024-11-20 07:00] ENTRY USDJPY LONG @ 155.18850 SL=154.45100 TP=156.29500 (ticket=177)
16:08:44 INFO  Backtest: [STALE-WIN] bar=3460 USDJPY long open 8.0h, profit stalling (now +0.56R, peak +0.88R) — SL→BE 154.45100→155.07732 (ticket=177)
16:08:44 INFO  Backtest: [EXIT-SL] USDJPY LONG entry=155.18785 exit=155.07732 pnl=-134.48 (-0.16R) bars_held=9 (ticket=177)
16:08:44 INFO  BacktestEngine: [2024-11-20 17:00] ENTRY USDJPY LONG @ 155.53157 SL=154.88100 TP=156.68800 (ticket=178)
16:08:45 INFO  Backtest: [STALE-SL] bar=3468 USDJPY long open 6.0h still losing (-0.29R) — SL tightened 154.88100→155.21139 (cap at 0.49R, atr_ratio=0.98, progress=0%) (ticket=178)
16:08:45 INFO  Backtest: [STALE-SL] bar=3469 USDJPY long open 7.0h still losing (-0.39R) — SL tightened 155.21139→155.22517 (cap at 0.47R, atr_ratio=0.97, progress=8%) (ticket=178)
16:08:45 INFO  Backtest: [EXIT-SL] USDJPY LONG entry=155.53045 exit=155.22517 pnl=-401.58 (-0.48R) bars_held=8 (ticket=178)
16:08:46 INFO  BacktestEngine: [2024-11-21 08:00] ENTRY USDJPY SHORT @ 154.75564 SL=155.35800 TP=153.85100 (ticket=180)
16:08:47 INFO  Backtest: [EXIT-TIME-STOP] USDJPY SHORT entry=154.76137 exit=154.52800 pnl=+269.03 (+0.37R) (ticket=180)
16:08:47 INFO  BacktestEngine: [2024-11-21 13:00] ENTRY USDJPY SHORT @ 154.52650 SL=155.20500 TP=153.32000 (ticket=181)
16:08:48 INFO  Backtest: [EXIT-TIME-STOP] USDJPY SHORT entry=154.52070 exit=154.65400 pnl=-150.11 (-0.21R) (ticket=181)
16:08:48 INFO  BacktestEngine: [2024-11-21 18:00] ENTRY USDJPY LONG @ 154.65550 SL=153.86100 TP=156.06800 (ticket=182)
16:08:50 INFO  Backtest: [STALE-SL] bar=3493 USDJPY long open 6.0h still losing (-0.63R) — SL tightened 153.86100→154.34549 (cap at 0.39R, atr_ratio=0.78, progress=0%) (ticket=182)
16:08:50 INFO  Backtest: [EXIT-SL] USDJPY LONG entry=154.65594 exit=154.34549 pnl=-338.72 (-0.40R) bars_held=7 (ticket=182)
16:08:52 INFO  BacktestEngine: [2024-11-22 07:00] ENTRY USDJPY LONG @ 154.70476 SL=154.06500 TP=155.66400 (ticket=183)
16:08:53 INFO  Backtest: [STALE-SL] bar=3506 USDJPY long open 6.0h still losing (-0.32R) — SL tightened 154.06500→154.38558 (cap at 0.50R, atr_ratio=1.00, progress=0%) (ticket=183)
16:08:53 INFO  Backtest: [EXIT-SL] USDJPY LONG entry=154.70616 exit=154.38558 pnl=-400.30 (-0.51R) bars_held=7 (ticket=183)
16:08:54 INFO  BacktestEngine: [2024-11-22 19:00] ENTRY USDJPY LONG @ 154.75750 SL=154.05000 TP=155.81900 (ticket=187)
16:08:54 INFO  BacktestEngine: [2024-11-25 01:00] ENTRY USDJPY SHORT @ 154.14924 SL=154.81900 TP=153.14500 (ticket=188)
16:08:55 INFO  Backtest: [EXIT-TIME-STOP] USDJPY SHORT entry=154.14420 exit=154.09600 pnl=+46.82 (+0.06R) (ticket=188)
16:08:55 INFO  BacktestEngine: [2024-11-25 10:00] ENTRY USDJPY LONG @ 154.69450 SL=153.99200 TP=155.74800 (ticket=189)
16:08:56 INFO  Backtest: [EXIT-SL] USDJPY LONG entry=154.69711 exit=153.99200 pnl=-921.08 (-1.02R) bars_held=4 (ticket=189)
16:09:00 INFO  BacktestEngine: [2024-11-26 19:00] ENTRY USDJPY SHORT @ 153.32450 SL=154.30000 TP=151.86200 (ticket=190)
16:09:01 INFO  Backtest: [EXIT-TIME-STOP] USDJPY SHORT entry=153.32030 exit=153.07200 pnl=+192.68 (+0.25R) (ticket=190)
  [USDJPY] 3072/5122 bars (60%)
16:09:16 INFO  BacktestEngine: [2024-12-03 07:00] ENTRY USDJPY LONG @ 150.02750 SL=149.35100 TP=151.04200 (ticket=191)
16:09:17 INFO  Backtest: [STALE-SL] bar=3674 USDJPY long open 6.0h still losing (-0.51R) — SL tightened 149.35100→149.72990 (cap at 0.44R, atr_ratio=0.88, progress=0%) (ticket=191)
16:09:17 INFO  Backtest: [EXIT-SL] USDJPY LONG entry=150.02878 exit=149.72990 pnl=-410.11 (-0.45R) bars_held=7 (ticket=191)
16:09:17 INFO  BacktestEngine: [2024-12-03 17:00] ENTRY USDJPY SHORT @ 149.14573 SL=150.32300 TP=147.38000 (ticket=192)
16:09:18 INFO  Backtest: [EXIT-TIME-STOP] USDJPY SHORT entry=149.14927 exit=149.45500 pnl=-205.36 (-0.27R) (ticket=192)
16:09:18 INFO  BacktestEngine: [2024-12-04 02:00] ENTRY USDJPY LONG @ 149.87261 SL=149.16300 TP=150.93700 (ticket=195)
16:09:19 INFO  Backtest: [PARTIAL-TP1] bar=3695 USDJPY long closed 20% @ 150.62600 (+1R) SL: 149.16300→149.76792 (BE+15%R) rem_qty=0.98 rem_risk=$630.11 (ticket=195)
16:09:19 INFO  Backtest: [EXIT-TP] USDJPY LONG entry=149.87467 exit=150.93700 pnl=+936.69 (+1.49R) bars_held=10 (ticket=195)
16:09:20 INFO  BacktestEngine: [2024-12-04 13:00] ENTRY USDJPY LONG @ 150.88850 SL=149.80400 TP=152.51600 (ticket=196)
16:09:20 INFO  Backtest: [STALE-SL] bar=3704 USDJPY long open 6.0h still losing (-0.44R) — SL tightened 149.80400→150.34759 (cap at 0.50R, atr_ratio=1.00, progress=0%) (ticket=196)
16:09:20 INFO  Backtest: [EXIT-SL] USDJPY LONG entry=150.89118 exit=150.34759 pnl=-406.35 (-0.51R) bars_held=7 (ticket=196)
16:09:20 INFO  BacktestEngine: [2024-12-04 21:00] ENTRY USDJPY LONG @ 150.44169 SL=149.45100 TP=151.92800 (ticket=197)
16:09:22 INFO  Backtest: [STALE-SL] bar=3712 USDJPY long open 6.0h still losing (-0.11R) — SL tightened 149.45100→149.96960 (cap at 0.48R, atr_ratio=0.95, progress=0%) (ticket=197)
16:09:22 INFO  Backtest: [STALE-SL] bar=3713 USDJPY long open 7.0h still losing (-0.16R) — SL tightened 149.96960→149.98775 (cap at 0.46R, atr_ratio=0.95, progress=8%) (ticket=197)
16:09:22 INFO  Backtest: [STALE-SL] bar=3714 USDJPY long open 8.0h still losing (-0.05R) — SL tightened 149.98775→150.02986 (cap at 0.42R, atr_ratio=0.89, progress=17%) (ticket=197)
16:09:22 INFO  Backtest: [EXIT-SL] USDJPY LONG entry=150.44226 exit=150.02986 pnl=-336.41 (-0.42R) bars_held=9 (ticket=197)
16:09:23 INFO  BacktestEngine: [2024-12-05 14:00] ENTRY USDJPY LONG @ 150.40074 SL=149.68800 TP=151.47000 (ticket=198)
16:09:25 INFO  Backtest: [STALE-SL] bar=3729 USDJPY long open 6.0h still losing (-0.53R) — SL tightened 149.68800→150.04172 (cap at 0.50R, atr_ratio=1.00, progress=0%) (ticket=198)
16:09:25 INFO  Backtest: [EXIT-SL] USDJPY LONG entry=150.39544 exit=150.04172 pnl=-447.28 (-0.51R) bars_held=7 (ticket=198)
16:09:28 INFO  BacktestEngine: [2024-12-06 11:00] ENTRY USDJPY LONG @ 150.57460 SL=149.92900 TP=151.54300 (ticket=199)
16:09:28 INFO  Backtest: [EXIT-SL] USDJPY LONG entry=150.57158 exit=149.92900 pnl=-674.59 (-1.01R) bars_held=3 (ticket=199)
16:09:29 INFO  BacktestEngine: [2024-12-06 19:00] ENTRY USDJPY LONG @ 149.96450 SL=149.23600 TP=151.05700 (ticket=200)
16:09:29 INFO  BacktestEngine: [2024-12-09 00:00] ENTRY USDJPY LONG @ 149.99050 SL=149.37800 TP=150.90900 (ticket=201)
16:09:30 INFO  Backtest: [STALE-SL] bar=3763 USDJPY long open 6.0h still losing (-0.03R) — SL tightened 149.37800→149.75886 (cap at 0.37R, atr_ratio=0.74, progress=0%) (ticket=201)
16:09:31 INFO  Backtest: [PARTIAL-TP1] bar=3770 USDJPY long closed 20% @ 150.76500 (+1R) SL: 149.75886→149.89129 (BE+15%R) rem_qty=1.06 rem_risk=$588.46 (ticket=201)
16:09:31 INFO  Backtest: [EXIT-TP] USDJPY LONG entry=149.98187 exit=150.90900 pnl=+883.54 (+1.50R) bars_held=14 (ticket=201)
16:09:32 INFO  BacktestEngine: [2024-12-09 15:00] ENTRY USDJPY LONG @ 150.87554 SL=150.08600 TP=152.06100 (ticket=202)
16:09:34 INFO  Backtest: [STALE-WIN] bar=3784 USDJPY long open 12.0h, profit stalling (now +0.41R, peak +0.71R) — SL→BE 150.08600→150.75857 (ticket=202)
16:09:34 INFO  Backtest: [EXIT-TIME-STOP] USDJPY LONG entry=150.87725 exit=151.22100 pnl=+314.98 (+0.43R) (ticket=202)
16:09:39 INFO  BacktestEngine: [2024-12-11 12:00] ENTRY USDJPY LONG @ 152.59252 SL=151.46100 TP=154.28900 (ticket=203)
16:09:40 INFO  Backtest: [STALE-SL] bar=3823 USDJPY long open 6.0h still losing (-0.08R) — SL tightened 151.46100→152.02495 (cap at 0.50R, atr_ratio=1.00, progress=0%) (ticket=203)
16:09:41 INFO  Backtest: [STALE-SL] bar=3827 USDJPY long open 10.0h still losing (-0.19R) — SL tightened 152.02495→152.10014 (cap at 0.43R, atr_ratio=1.00, progress=33%) (ticket=203)
16:09:41 INFO  Backtest: [STALE-SL] bar=3828 USDJPY long open 11.0h still losing (-0.16R) — SL tightened 152.10014→152.11894 (cap at 0.42R, atr_ratio=1.00, progress=42%) (ticket=203)
16:09:41 INFO  Backtest: [STALE-SL] bar=3829 USDJPY long open 12.0h still losing (-0.29R) — SL tightened 152.11894→152.13774 (cap at 0.40R, atr_ratio=1.00, progress=50%) (ticket=203)
16:09:41 INFO  Backtest: [EXIT-SL] USDJPY LONG entry=152.58890 exit=152.13774 pnl=-346.57 (-0.41R) bars_held=13 (ticket=203)
16:09:41 INFO  BacktestEngine: [2024-12-12 04:00] ENTRY USDJPY LONG @ 152.31885 SL=151.34100 TP=153.78600 (ticket=204)
16:09:42 INFO  Backtest: [STALE-SL] bar=3840 USDJPY long open 7.0h still losing (-0.00R) — SL tightened 151.34100→151.93118 (cap at 0.40R, atr_ratio=0.82, progress=8%) (ticket=204)
16:09:42 INFO  Backtest: [STALE-SL] bar=3842 USDJPY long open 9.0h still losing (-0.05R) — SL tightened 151.93118→151.94238 (cap at 0.38R, atr_ratio=0.85, progress=25%) (ticket=204)
16:09:42 INFO  Backtest: [EXIT-SL] USDJPY LONG entry=152.31665 exit=151.94238 pnl=-319.78 (-0.39R) bars_held=10 (ticket=204)
16:09:43 INFO  BacktestEngine: [2024-12-12 21:00] ENTRY USDJPY LONG @ 152.53650 SL=151.87700 TP=153.52500 (ticket=205)
  [USDJPY] 3328/5122 bars (65%)
16:09:45 INFO  Backtest: [STALE-WIN] bar=3860 USDJPY long open 10.0h, profit stalling (now +0.26R, peak +0.63R) — SL→BE 151.87700→152.43816 (ticket=205)
16:09:46 INFO  Backtest: [PARTIAL-TP1] bar=3863 USDJPY long closed 20% @ 153.41000 (+1R) SL: 152.43816→152.43816 (BE+15%R) rem_qty=1.09 rem_risk=$652.52 (ticket=205)
16:09:46 INFO  Backtest: [EXIT-TP] USDJPY LONG entry=152.53718 exit=153.52500 pnl=+970.40 (+1.49R) bars_held=15 (ticket=205)
16:09:46 INFO  BacktestEngine: [2024-12-13 13:00] ENTRY USDJPY LONG @ 153.62350 SL=152.75100 TP=154.93200 (ticket=206)
16:09:47 INFO  BacktestEngine: [2024-12-16 03:00] ENTRY USDJPY LONG @ 153.90860 SL=153.10500 TP=155.11500 (ticket=207)
16:09:48 INFO  Backtest: [STALE-SL] bar=3886 USDJPY long open 6.0h still losing (-0.27R) — SL tightened 153.10500→153.56964 (cap at 0.42R, atr_ratio=0.84, progress=0%) (ticket=207)
16:09:49 INFO  Backtest: [EXIT-TIME-STOP] USDJPY LONG entry=153.90516 exit=154.05900 pnl=+159.60 (+0.18R) (ticket=207)
16:09:51 INFO  BacktestEngine: [2024-12-17 07:00] ENTRY USDJPY LONG @ 154.13371 SL=153.66100 TP=154.84300 (ticket=208)
16:09:52 INFO  Backtest: [STALE-SL] bar=3914 USDJPY long open 6.0h still losing (-0.67R) — SL tightened 153.66100→153.89744 (cap at 0.50R, atr_ratio=1.00, progress=0%) (ticket=208)
16:09:52 INFO  Backtest: [EXIT-SL] USDJPY LONG entry=154.13388 exit=153.89744 pnl=-393.22 (-0.52R) bars_held=7 (ticket=208)
16:09:52 INFO  BacktestEngine: [2024-12-17 16:00] ENTRY USDJPY SHORT @ 153.55150 SL=154.04200 TP=152.81600 (ticket=209)
16:09:53 INFO  Backtest: [EXIT-TIME-STOP] USDJPY SHORT entry=153.55542 exit=153.34000 pnl=+274.09 (+0.42R) (ticket=209)
16:09:53 INFO  BacktestEngine: [2024-12-17 21:00] ENTRY USDJPY SHORT @ 153.33850 SL=153.85100 TP=152.51300 (ticket=210)
16:09:54 INFO  Backtest: [EXIT-TIME-STOP] USDJPY SHORT entry=153.33763 exit=153.69500 pnl=-461.76 (-0.71R) (ticket=210)
16:09:54 INFO  BacktestEngine: [2024-12-18 03:00] ENTRY USDJPY LONG @ 153.59150 SL=153.11500 TP=154.30600 (ticket=211)
16:09:55 INFO  Backtest: [STALE-SL] bar=3934 USDJPY long open 6.0h still losing (-0.03R) — SL tightened 153.11500→153.35053 (cap at 0.49R, atr_ratio=0.99, progress=0%) (ticket=211)
16:09:56 INFO  Backtest: [STALE-SL] bar=3936 USDJPY long open 8.0h still losing (-0.01R) — SL tightened 153.35053→153.36848 (cap at 0.45R, atr_ratio=0.97, progress=17%) (ticket=211)
16:09:57 INFO  Backtest: [STALE-WIN] bar=3943 USDJPY long open 15.0h, profit stalling (now +0.53R, peak +0.95R) — SL→BE 153.36848→153.51000 (ticket=211)
16:09:57 INFO  Backtest: [EXIT-TIME-STOP] USDJPY LONG entry=153.57971 exit=153.74300 pnl=+280.36 (+0.33R) (ticket=211)
16:09:57 INFO  BacktestEngine: [2024-12-18 20:00] ENTRY USDJPY LONG @ 153.74450 SL=153.30400 TP=154.40600 (ticket=212)
16:09:57 INFO  Backtest: [EXIT-TP] USDJPY LONG entry=153.74793 exit=154.40600 pnl=+1272.46 (+1.48R) bars_held=0 (ticket=212)
16:09:57 INFO  BacktestEngine: [2024-12-18 22:00] ENTRY USDJPY LONG @ 154.69278 SL=153.94200 TP=155.81800 (ticket=213)
16:09:59 INFO  Backtest: [EXIT-TP] USDJPY LONG entry=154.68235 exit=155.81800 pnl=+1313.85 (+1.50R) bars_held=9 (ticket=213)
16:09:59 INFO  BacktestEngine: [2024-12-19 09:00] ENTRY USDJPY LONG @ 156.47729 SL=155.09500 TP=158.55100 (ticket=214)
16:10:01 INFO  Backtest: [EXIT-TIME-STOP] USDJPY LONG entry=156.47911 exit=157.74100 pnl=+821.75 (+0.91R) (ticket=214)
16:10:02 INFO  BacktestEngine: [2024-12-20 02:00] ENTRY USDJPY LONG @ 157.74262 SL=156.61900 TP=159.42800 (ticket=215)
16:10:03 INFO  Backtest: [STALE-SL] bar=3981 USDJPY long open 6.0h still losing (-0.81R) — SL tightened 156.61900→157.21822 (cap at 0.47R, atr_ratio=0.93, progress=0%) (ticket=215)
16:10:03 INFO  Backtest: [EXIT-SL] USDJPY LONG entry=157.74291 exit=157.21822 pnl=-406.96 (-0.47R) bars_held=7 (ticket=215)
16:10:03 INFO  BacktestEngine: [2024-12-20 11:00] ENTRY USDJPY SHORT @ 156.71646 SL=157.85600 TP=155.00800 (ticket=216)
16:10:04 INFO  Backtest: [EXIT-TIME-STOP] USDJPY SHORT entry=156.71833 exit=156.60300 pnl=+68.56 (+0.09R) (ticket=216)
16:10:04 INFO  BacktestEngine: [2024-12-20 16:00] ENTRY USDJPY SHORT @ 156.60138 SL=157.68000 TP=154.98300 (ticket=217)
16:10:05 INFO  BacktestEngine: [2024-12-23 01:00] ENTRY USDJPY LONG @ 156.56350 SL=155.93500 TP=157.50700 (ticket=218)
16:10:06 INFO  Backtest: [STALE-SL] bar=4006 USDJPY long open 8.0h still losing (-0.01R) — SL tightened 155.93500→156.34989 (cap at 0.35R, atr_ratio=0.76, progress=17%) (ticket=218)
16:10:07 INFO  Backtest: [EXIT-TIME-STOP] USDJPY LONG entry=156.57779 exit=157.02900 pnl=+306.73 (+0.71R) (ticket=218)
16:10:07 INFO  BacktestEngine: [2024-12-23 18:00] ENTRY USDJPY LONG @ 157.03050 SL=156.40700 TP=157.96500 (ticket=219)
16:10:09 INFO  Backtest: [STALE-WIN] bar=4024 USDJPY long open 9.0h, profit stalling (now +0.14R, peak +0.44R) — SL→BE 156.40700→156.93890 (ticket=219)
16:10:09 INFO  Backtest: [EXIT-SL] USDJPY LONG entry=157.03276 exit=156.93890 pnl=-71.16 (-0.16R) bars_held=11 (ticket=219)
16:10:10 INFO  BacktestEngine: [2024-12-24 15:00] ENTRY USDJPY LONG @ 157.19250 SL=156.85100 TP=157.70400 (ticket=220)
16:10:11 INFO  Backtest: [STALE-WIN] bar=4042 USDJPY long open 6.0h, profit stalling (now +0.03R, peak +0.41R) — SL→BE 156.85100→157.14265 (ticket=220)
16:10:11 INFO  Backtest: [EXIT-SL] USDJPY LONG entry=157.19412 exit=157.14265 pnl=-79.68 (-0.17R) bars_held=7 (ticket=220)
16:10:14 INFO  BacktestEngine: [2024-12-26 15:00] ENTRY USDJPY LONG @ 157.83880 SL=157.34600 TP=158.57800 (ticket=221)
16:10:15 INFO  Backtest: [STALE-WIN] bar=4069 USDJPY long open 8.0h, profit stalling (now +0.10R, peak +0.47R) — SL→BE 157.34600→157.76381 (ticket=221)
16:10:15 INFO  Backtest: [EXIT-SL] USDJPY LONG entry=157.83754 exit=157.76381 pnl=-65.20 (-0.17R) bars_held=9 (ticket=221)
16:10:16 INFO  BacktestEngine: [2024-12-27 06:00] ENTRY USDJPY SHORT @ 157.57150 SL=158.12300 TP=156.74500 (ticket=223)
16:10:17 INFO  Backtest: [EXIT-TIME-STOP] USDJPY SHORT entry=157.56893 exit=157.87600 pnl=-200.50 (-0.57R) (ticket=223)
16:10:18 INFO  BacktestEngine: [2024-12-27 15:00] ENTRY USDJPY LONG @ 157.79555 SL=157.42300 TP=158.35400 (ticket=226)
16:10:18 INFO  Backtest: [EXIT-SL] USDJPY LONG entry=157.79789 exit=157.42300 pnl=-421.26 (-1.03R) bars_held=2 (ticket=226)
  [USDJPY] 3584/5122 bars (70%)
16:10:22 INFO  BacktestEngine: [2024-12-31 03:00] ENTRY USDJPY SHORT @ 156.43690 SL=157.25300 TP=155.21300 (ticket=227)
16:10:22 INFO  Backtest: [EXIT-TIME-STOP] USDJPY SHORT entry=156.44043 exit=156.35700 pnl=+22.74 (+0.09R) (ticket=227)
16:10:22 INFO  BacktestEngine: [2024-12-31 08:00] ENTRY USDJPY SHORT @ 156.35547 SL=157.11900 TP=155.21000 (ticket=228)
16:10:23 INFO  Backtest: [EXIT-TIME-STOP] USDJPY SHORT entry=156.35219 exit=156.79800 pnl=-144.44 (-0.59R) (ticket=228)
16:10:23 INFO  BacktestEngine: [2024-12-31 13:00] ENTRY USDJPY LONG @ 156.79950 SL=156.23600 TP=157.80100 (ticket=229)
16:10:25 INFO  Backtest: [STALE-WIN] bar=4140 USDJPY long open 9.0h, profit stalling (now +0.57R, peak +1.00R) — SL→BE 156.23600→156.71639 (ticket=229)
16:10:25 INFO  Backtest: [PARTIAL-TP1] bar=4144 USDJPY long closed 20% @ 157.43100 (+1R) SL: 157.08375→156.71639 (BE+15%R) rem_qty=0.45 rem_risk=$229.75 (ticket=229)
16:10:26 INFO  Backtest: [EXIT-TIME-STOP] USDJPY LONG entry=156.80117 exit=157.15900 pnl=+142.74 (+0.62R) (ticket=229)
16:10:32 INFO  BacktestEngine: [2025-01-06 06:00] ENTRY USDJPY LONG @ 157.72050 SL=157.12400 TP=158.61500 (ticket=230)
16:10:33 INFO  Backtest: [STALE-SL] bar=4203 USDJPY long open 6.0h still losing (-0.88R) — SL tightened 157.12400→157.45387 (cap at 0.44R, atr_ratio=0.89, progress=0%) (ticket=230)
16:10:33 INFO  Backtest: [EXIT-SL] USDJPY LONG entry=157.71822 exit=157.45387 pnl=-262.41 (-0.46R) bars_held=7 (ticket=230)
16:10:34 INFO  BacktestEngine: [2025-01-06 17:00] ENTRY USDJPY LONG @ 157.53513 SL=156.76800 TP=158.68600 (ticket=231)
16:10:35 INFO  Backtest: [PARTIAL-TP1] bar=4217 USDJPY long closed 20% @ 158.31100 (+1R) SL: 156.76800→157.40164 (BE+15%R) rem_qty=0.66 rem_risk=$458.15 (ticket=231)
16:10:36 INFO  Backtest: [EXIT-SL] USDJPY LONG entry=157.51346 exit=157.40164 pnl=-71.34 (-0.16R) bars_held=14 (ticket=231)
16:10:37 INFO  BacktestEngine: [2025-01-07 14:00] ENTRY USDJPY LONG @ 157.74150 SL=157.11200 TP=158.68600 (ticket=233)
16:10:38 INFO  Backtest: [STALE-WIN] bar=4239 USDJPY long open 12.0h, profit stalling (now +0.36R, peak +0.77R) — SL→BE 157.11200→157.64704 (ticket=233)
16:10:39 INFO  Backtest: [EXIT-TIME-STOP] USDJPY LONG entry=157.74146 exit=158.17100 pnl=+514.40 (+0.67R) (ticket=233)
16:10:39 INFO  BacktestEngine: [2025-01-08 07:00] ENTRY USDJPY LONG @ 158.17250 SL=157.47800 TP=159.21500 (ticket=234)
16:10:40 INFO  Backtest: [STALE-WIN] bar=4251 USDJPY long open 7.0h, profit stalling (now +0.08R, peak +0.48R) — SL→BE 157.47800→158.06885 (ticket=234)
16:10:41 INFO  Backtest: [EXIT-TIME-STOP] USDJPY LONG entry=158.17312 exit=158.29200 pnl=+155.82 (+0.16R) (ticket=234)
16:10:42 INFO  BacktestEngine: [2025-01-09 06:00] ENTRY USDJPY SHORT @ 157.92330 SL=158.37800 TP=157.24100 (ticket=235)
16:10:43 INFO  Backtest: [EXIT-TIME-STOP] USDJPY SHORT entry=157.92092 exit=158.08100 pnl=-241.22 (-0.37R) (ticket=235)
16:10:44 INFO  BacktestEngine: [2025-01-09 17:00] ENTRY USDJPY LONG @ 157.97350 SL=157.51500 TP=158.66100 (ticket=236)
16:10:47 INFO  Backtest: [EXIT-TIME-STOP] USDJPY LONG entry=157.97288 exit=157.82100 pnl=-267.19 (-0.35R) (ticket=236)
16:10:49 INFO  BacktestEngine: [2025-01-13 05:00] ENTRY USDJPY SHORT @ 157.41150 SL=158.35600 TP=155.99400 (ticket=238)
16:10:50 INFO  Backtest: [EXIT-TIME-STOP] USDJPY SHORT entry=157.41064 exit=157.60100 pnl=-155.00 (-0.21R) (ticket=238)
16:10:51 INFO  BacktestEngine: [2025-01-13 17:00] ENTRY USDJPY LONG @ 157.51750 SL=156.79700 TP=158.59800 (ticket=241)
16:10:52 INFO  Backtest: [STALE-SL] bar=4332 USDJPY long open 6.0h still losing (-0.30R) — SL tightened 156.79700→157.15935 (cap at 0.50R, atr_ratio=1.00, progress=0%) (ticket=241)
16:10:52 INFO  Backtest: [EXIT-SL] USDJPY LONG entry=157.52170 exit=157.15935 pnl=-447.86 (-0.51R) bars_held=7 (ticket=241)
16:10:53 INFO  BacktestEngine: [2025-01-14 05:00] ENTRY USDJPY LONG @ 157.55750 SL=156.77900 TP=158.72500 (ticket=244)
16:10:55 INFO  Backtest: [EXIT-TIME-STOP] USDJPY LONG entry=157.55487 exit=157.98100 pnl=+460.74 (+0.54R) (ticket=244)
16:10:56 INFO  BacktestEngine: [2025-01-15 01:00] ENTRY USDJPY LONG @ 158.04950 SL=157.32000 TP=159.14400 (ticket=245)
16:10:57 INFO  Backtest: [EXIT-SL] USDJPY LONG entry=158.04625 exit=157.32000 pnl=-801.46 (-1.01R) bars_held=5 (ticket=245)
16:10:57 INFO  BacktestEngine: [2025-01-15 09:00] ENTRY USDJPY SHORT @ 156.87611 SL=157.73400 TP=155.58900 (ticket=246)
  [USDJPY] 3840/5122 bars (75%)
16:10:58 INFO  Backtest: [EXIT-TIME-STOP] USDJPY SHORT entry=156.87443 exit=156.97800 pnl=-87.08 (-0.13R) (ticket=246)
16:11:01 INFO  BacktestEngine: [2025-01-16 04:00] ENTRY USDJPY SHORT @ 155.73337 SL=156.85900 TP=154.04500 (ticket=249)
16:11:01 INFO  Backtest: [EXIT-TIME-STOP] USDJPY SHORT entry=155.72926 exit=156.18600 pnl=-283.16 (-0.41R) (ticket=249)
16:11:02 INFO  BacktestEngine: [2025-01-16 14:00] ENTRY USDJPY LONG @ 156.11108 SL=155.44800 TP=157.10600 (ticket=251)
16:11:03 INFO  Backtest: [EXIT-SL] USDJPY LONG entry=156.10996 exit=155.44800 pnl=-810.48 (-1.01R) bars_held=2 (ticket=251)
16:11:07 INFO  BacktestEngine: [2025-01-17 18:00] ENTRY USDJPY LONG @ 156.30558 SL=155.67000 TP=157.25900 (ticket=252)
16:11:16 INFO  BacktestEngine: [2025-01-22 06:00] ENTRY USDJPY LONG @ 155.79350 SL=155.20400 TP=156.67800 (ticket=253)
16:11:17 INFO  Backtest: [STALE-WIN] bar=4490 USDJPY long open 7.0h, profit stalling (now +0.03R, peak +0.43R) — SL→BE 155.20400→155.70548 (ticket=253)
16:11:17 INFO  Backtest: [PARTIAL-TP1] bar=4493 USDJPY long closed 20% @ 156.40100 (+1R) SL: 155.70548→155.70548 (BE+15%R) rem_qty=1.22 rem_risk=$652.72 (ticket=253)
16:11:17 INFO  Backtest: [EXIT-TP] USDJPY LONG entry=155.79398 exit=156.67800 pnl=+969.71 (+1.49R) bars_held=12 (ticket=253)
16:11:17 INFO  BacktestEngine: [2025-01-22 19:00] ENTRY USDJPY LONG @ 156.61450 SL=155.69500 TP=157.99400 (ticket=254)
16:11:18 INFO  Backtest: [STALE-SL] bar=4502 USDJPY long open 6.0h still losing (-0.25R) — SL tightened 155.69500→156.26613 (cap at 0.38R, atr_ratio=0.76, progress=0%) (ticket=254)
16:11:18 INFO  Backtest: [STALE-SL] bar=4503 USDJPY long open 7.0h still losing (-0.07R) — SL tightened 156.26613→156.27903 (cap at 0.37R, atr_ratio=0.76, progress=8%) (ticket=254)
16:11:18 INFO  Backtest: [STALE-SL] bar=4505 USDJPY long open 9.0h still losing (-0.13R) — SL tightened 156.27970→156.30127 (cap at 0.34R, atr_ratio=0.76, progress=25%) (ticket=254)
16:11:18 INFO  Backtest: [STALE-SL] bar=4506 USDJPY long open 10.0h still losing (-0.03R) — SL tightened 156.30127→156.32880 (cap at 0.31R, atr_ratio=0.72, progress=33%) (ticket=254)
16:11:18 INFO  Backtest: [STALE-SL] bar=4508 USDJPY long open 12.0h still losing (-0.01R) — SL tightened 156.32880→156.39606 (cap at 0.24R, atr_ratio=0.60, progress=50%) (ticket=254)
16:11:18 INFO  Backtest: [STALE-SL] bar=4509 USDJPY long open 13.0h still losing (-0.01R) — SL tightened 156.39606→156.40814 (cap at 0.23R, atr_ratio=0.59, progress=58%) (ticket=254)
16:11:19 INFO  Backtest: [STALE-SL] bar=4510 USDJPY long open 14.0h still losing (-0.14R) — SL tightened 156.40814→156.41553 (cap at 0.22R, atr_ratio=0.59, progress=67%) (ticket=254)
16:11:19 INFO  Backtest: [EXIT-SL] USDJPY LONG entry=156.61638 exit=156.41553 pnl=-187.88 (-0.23R) bars_held=15 (ticket=254)
16:11:20 INFO  BacktestEngine: [2025-01-23 17:00] ENTRY USDJPY SHORT @ 156.16057 SL=156.65300 TP=155.42300 (ticket=255)
16:11:20 INFO  Backtest: [EXIT-TIME-STOP] USDJPY SHORT entry=156.16503 exit=155.96800 pnl=+241.22 (+0.38R) (ticket=255)
16:11:21 INFO  BacktestEngine: [2025-01-23 22:00] ENTRY USDJPY SHORT @ 155.96650 SL=156.49600 TP=155.17200 (ticket=256)
16:11:21 INFO  Backtest: [EXIT-TIME-STOP] USDJPY SHORT entry=155.97028 exit=156.31100 pnl=-412.17 (-0.66R) (ticket=256)
16:11:21 INFO  BacktestEngine: [2025-01-24 03:00] ENTRY USDJPY LONG @ 156.31250 SL=155.81400 TP=157.06000 (ticket=257)
16:11:22 INFO  Backtest: [EXIT-SL] USDJPY LONG entry=156.32294 exit=155.81400 pnl=-832.13 (-1.04R) bars_held=1 (ticket=257)
16:11:22 INFO  BacktestEngine: [2025-01-24 10:00] ENTRY USDJPY SHORT @ 155.37691 SL=156.20600 TP=153.90200 (ticket=258)
16:11:23 INFO  Backtest: [EXIT-SL] USDJPY SHORT entry=155.38344 exit=156.20600 pnl=-672.42 (-1.00R) bars_held=3 (ticket=258)
16:11:23 INFO  BacktestEngine: [2025-01-24 18:00] ENTRY USDJPY LONG @ 155.58350 SL=154.72200 TP=156.87600 (ticket=263)
16:11:24 INFO  BacktestEngine: [2025-01-27 07:00] ENTRY USDJPY LONG @ 156.06550 SL=155.36800 TP=157.11100 (ticket=264)
16:11:25 INFO  Backtest: [EXIT-SL] USDJPY LONG entry=156.06316 exit=155.36800 pnl=-793.10 (-1.01R) bars_held=2 (ticket=264)
16:11:26 INFO  BacktestEngine: [2025-01-27 22:00] ENTRY USDJPY LONG @ 154.58050 SL=153.61900 TP=156.02300 (ticket=265)
16:11:27 INFO  Backtest: [PARTIAL-TP1] bar=4576 USDJPY long closed 20% @ 155.55200 (+1R) SL: 153.61900→154.43562 (BE+15%R) rem_qty=0.71 rem_risk=$623.17 (ticket=265)
16:11:31 INFO  Backtest: [EXIT-TIME-STOP] USDJPY LONG entry=154.57973 exit=155.49100 pnl=+585.45 (+0.94R) (ticket=265)
16:11:31 INFO  BacktestEngine: [2025-01-28 17:00] ENTRY USDJPY LONG @ 155.71941 SL=154.91400 TP=156.92700 (ticket=266)
16:11:33 INFO  Backtest: [STALE-SL] bar=4596 USDJPY long open 6.0h still losing (-0.22R) — SL tightened 154.91400→155.37261 (cap at 0.43R, atr_ratio=0.86, progress=0%) (ticket=266)
16:11:33 INFO  Backtest: [STALE-SL] bar=4597 USDJPY long open 7.0h still losing (-0.19R) — SL tightened 155.37261→155.40945 (cap at 0.38R, atr_ratio=0.80, progress=8%) (ticket=266)
16:11:33 INFO  Backtest: [STALE-SL] bar=4598 USDJPY long open 8.0h still losing (-0.11R) — SL tightened 155.40945→155.45700 (cap at 0.33R, atr_ratio=0.70, progress=17%) (ticket=266)
16:11:33 INFO  Backtest: [STALE-SL] bar=4599 USDJPY long open 9.0h still losing (-0.01R) — SL tightened 155.45700→155.47179 (cap at 0.31R, atr_ratio=0.68, progress=25%) (ticket=266)
16:11:33 INFO  Backtest: [STALE-SL] bar=4600 USDJPY long open 10.0h still losing (-0.12R) — SL tightened 155.47179→155.48461 (cap at 0.29R, atr_ratio=0.67, progress=33%) (ticket=266)
16:11:33 INFO  Backtest: [EXIT-SL] USDJPY LONG entry=155.71936 exit=155.48461 pnl=-169.88 (-0.30R) bars_held=11 (ticket=266)
16:11:35 INFO  BacktestEngine: [2025-01-29 13:00] ENTRY USDJPY LONG @ 155.41950 SL=154.86100 TP=156.25700 (ticket=267)
16:11:36 INFO  Backtest: [STALE-SL] bar=4616 USDJPY long open 6.0h still losing (-0.54R) — SL tightened 154.86100→155.13958 (cap at 0.50R, atr_ratio=1.00, progress=0%) (ticket=267)
16:11:36 INFO  Backtest: [EXIT-SL] USDJPY LONG entry=155.41817 exit=155.13958 pnl=-289.17 (-0.51R) bars_held=7 (ticket=267)
  [USDJPY] 4096/5122 bars (80%)
16:11:48 INFO  BacktestEngine: [2025-02-04 02:00] ENTRY USDJPY LONG @ 155.31450 SL=154.44400 TP=156.62000 (ticket=269)
16:11:49 INFO  Backtest: [EXIT-TIME-STOP] USDJPY LONG entry=155.31731 exit=155.24900 pnl=-49.10 (-0.09R) (ticket=269)
16:11:51 INFO  BacktestEngine: [2025-02-04 18:00] ENTRY USDJPY SHORT @ 154.55850 SL=155.19000 TP=153.61200 (ticket=270)
16:11:52 INFO  Backtest: [PARTIAL-TP1] bar=4718 USDJPY short closed 20% @ 153.85900 (+1R) SL: 155.19000→154.65270 (BE+15%R) rem_qty=0.66 rem_risk=$381.44 (ticket=270)
16:11:52 INFO  Backtest: [EXIT-TP] USDJPY SHORT entry=154.55788 exit=153.61200 pnl=+566.89 (+1.49R) bars_held=8 (ticket=270)
16:11:52 INFO  BacktestEngine: [2025-02-05 03:00] ENTRY USDJPY SHORT @ 153.59763 SL=154.56500 TP=152.14700 (ticket=271)
16:11:54 INFO  Backtest: [PARTIAL-TP1] bar=4728 USDJPY short closed 20% @ 152.64000 (+1R) SL: 154.56500→153.75017 (BE+15%R) rem_qty=0.67 rem_risk=$591.51 (ticket=271)
16:11:54 INFO  Backtest: [EXIT-TP] USDJPY SHORT entry=153.60637 exit=152.14700 pnl=+887.73 (+1.50R) bars_held=13 (ticket=271)
16:11:55 INFO  BacktestEngine: [2025-02-05 17:00] ENTRY USDJPY SHORT @ 152.13403 SL=153.33100 TP=150.33900 (ticket=272)
16:11:56 INFO  Backtest: [STALE-SL] bar=4740 USDJPY short open 6.0h still losing (-0.36R) — SL tightened 153.33100→152.65561 (cap at 0.43R, atr_ratio=0.87, progress=0%) (ticket=272)
16:11:56 INFO  Backtest: [EXIT-SL] USDJPY SHORT entry=152.13628 exit=152.65561 pnl=-326.12 (-0.44R) bars_held=7 (ticket=272)
16:11:58 INFO  BacktestEngine: [2025-02-06 17:00] ENTRY USDJPY SHORT @ 151.68448 SL=152.74300 TP=150.09600 (ticket=273)
16:12:00 INFO  Backtest: [STALE-WIN] bar=4767 USDJPY short open 9.0h, profit stalling (now +0.11R, peak +0.50R) — SL→BE 152.74300→151.84880 (ticket=273)
16:12:01 INFO  Backtest: [EXIT-SL] USDJPY SHORT entry=151.69100 exit=151.84880 pnl=-99.39 (-0.16R) bars_held=15 (ticket=273)
16:12:01 INFO  BacktestEngine: [2025-02-07 13:00] ENTRY USDJPY LONG @ 152.15050 SL=151.58600 TP=152.99800 (ticket=275)
16:12:02 INFO  Backtest: [EXIT-SL] USDJPY LONG entry=152.15541 exit=151.58600 pnl=-798.25 (-1.02R) bars_held=1 (ticket=275)
16:12:02 INFO  BacktestEngine: [2025-02-07 19:00] ENTRY USDJPY SHORT @ 151.66357 SL=152.97600 TP=149.69500 (ticket=278)
16:12:02 INFO  BacktestEngine: [2025-02-10 00:00] ENTRY USDJPY SHORT @ 151.52950 SL=152.49900 TP=150.07500 (ticket=279)
16:12:04 INFO  Backtest: [STALE-SL] bar=4795 USDJPY short open 6.0h still losing (-0.43R) — SL tightened 152.49900→151.94540 (cap at 0.43R, atr_ratio=0.85, progress=0%) (ticket=279)
16:12:04 INFO  Backtest: [EXIT-SL] USDJPY SHORT entry=151.53343 exit=151.94540 pnl=-309.33 (-0.43R) bars_held=7 (ticket=279)
16:12:05 INFO  BacktestEngine: [2025-02-10 13:00] ENTRY USDJPY SHORT @ 152.11650 SL=152.76700 TP=151.14000 (ticket=280)
16:12:06 INFO  Backtest: [STALE-WIN] bar=4808 USDJPY short open 6.0h, profit stalling (now +0.10R, peak +0.75R) — SL→BE 152.76700→152.20308 (ticket=280)
16:12:08 INFO  Backtest: [EXIT-TIME-STOP] USDJPY SHORT entry=152.10357 exit=151.98600 pnl=+119.99 (+0.17R) (ticket=280)
  [USDJPY] 4352/5122 bars (85%)
16:12:21 INFO  BacktestEngine: [2025-02-14 06:00] ENTRY USDJPY SHORT @ 152.63150 SL=153.62900 TP=151.13500 (ticket=281)
16:12:23 INFO  Backtest: [STALE-SL] bar=4897 USDJPY short open 6.0h still losing (-0.07R) — SL tightened 153.62900→153.07199 (cap at 0.44R, atr_ratio=0.88, progress=0%) (ticket=281)
16:12:24 INFO  BacktestEngine: [2025-02-17 02:00] ENTRY USDJPY SHORT @ 151.87893 SL=152.46700 TP=150.99700 (ticket=282)
16:12:25 INFO  Backtest: [STALE-WIN] bar=4917 USDJPY short open 6.0h, profit stalling (now +0.02R, peak +0.61R) — SL→BE 152.46700→151.96723 (ticket=282)
16:12:25 INFO  Backtest: [EXIT-TIME-STOP] USDJPY SHORT entry=151.87903 exit=151.38400 pnl=+514.44 (+0.83R) (ticket=282)
16:12:26 INFO  BacktestEngine: [2025-02-17 19:00] ENTRY USDJPY SHORT @ 151.38250 SL=151.99100 TP=150.47000 (ticket=283)
16:12:26 INFO  Backtest: [STALE-SL] bar=4934 USDJPY short open 6.0h still losing (-0.49R) — SL tightened 151.99100→151.62103 (cap at 0.39R, atr_ratio=0.78, progress=0%) (ticket=283)
16:12:26 INFO  Backtest: [EXIT-SL] USDJPY SHORT entry=151.38439 exit=151.62103 pnl=-251.24 (-0.40R) bars_held=7 (ticket=283)
16:12:28 INFO  BacktestEngine: [2025-02-18 15:00] ENTRY USDJPY SHORT @ 151.69450 SL=152.11100 TP=151.06900 (ticket=284)
16:12:28 INFO  Backtest: [STALE-SL] bar=4954 USDJPY short open 6.0h still losing (-0.78R) — SL tightened 152.11100→151.88951 (cap at 0.47R, atr_ratio=0.93, progress=0%) (ticket=284)
16:12:28 INFO  Backtest: [EXIT-SL] USDJPY SHORT entry=151.69518 exit=151.88951 pnl=-305.17 (-0.48R) bars_held=7 (ticket=284)
16:12:30 INFO  BacktestEngine: [2025-02-19 05:00] ENTRY USDJPY SHORT @ 151.89135 SL=152.36700 TP=151.17800 (ticket=286)
16:12:31 INFO  Backtest: [STALE-WIN] bar=4969 USDJPY short open 7.0h, profit stalling (now +0.10R, peak +0.54R) — SL→BE 152.36700→151.96205 (ticket=286)
16:12:31 INFO  Backtest: [PARTIAL-TP1] bar=4972 USDJPY short closed 20% @ 151.33400 (+1R) SL: 151.96205→151.96205 (BE+15%R) rem_qty=1.27 rem_risk=$550.20 (ticket=286)
16:12:32 INFO  Backtest: [EXIT-TIME-STOP] USDJPY SHORT entry=151.89059 exit=151.47700 pnl=+469.83 (+0.85R) (ticket=286)
16:12:33 INFO  BacktestEngine: [2025-02-19 22:00] ENTRY USDJPY SHORT @ 151.47550 SL=151.99700 TP=150.69400 (ticket=287)
16:12:33 INFO  Backtest: [EXIT-TP] USDJPY SHORT entry=151.47717 exit=150.69400 pnl=+1023.25 (+1.49R) bars_held=4 (ticket=287)
16:12:33 INFO  BacktestEngine: [2025-02-20 03:00] ENTRY USDJPY SHORT @ 150.63426 SL=151.45200 TP=149.40800 (ticket=288)
16:12:34 INFO  Backtest: [STALE-WIN] bar=4990 USDJPY short open 6.0h, profit stalling (now +0.38R, peak +0.74R) — SL→BE 151.45200→150.76592 (ticket=288)
16:12:35 INFO  Backtest: [PARTIAL-TP1] bar=4996 USDJPY short closed 20% @ 149.81200 (+1R) SL: 150.76592→150.76592 (BE+15%R) rem_qty=0.78 rem_risk=$577.48 (ticket=288)
16:12:35 INFO  Backtest: [EXIT-TP] USDJPY SHORT entry=150.64485 exit=149.40800 pnl=+867.98 (+1.50R) bars_held=15 (ticket=288)
16:12:35 INFO  BacktestEngine: [2025-02-20 19:00] ENTRY USDJPY SHORT @ 149.46548 SL=150.47300 TP=147.95400 (ticket=289)
16:12:36 INFO  Backtest: [STALE-SL] bar=5006 USDJPY short open 6.0h still losing (-0.36R) — SL tightened 150.47300→149.91672 (cap at 0.45R, atr_ratio=0.89, progress=0%) (ticket=289)
16:12:36 INFO  Backtest: [EXIT-SL] USDJPY SHORT entry=149.46816 exit=149.91672 pnl=-332.15 (-0.45R) bars_held=7 (ticket=289)
16:12:37 INFO  BacktestEngine: [2025-02-21 08:00] ENTRY USDJPY LONG @ 150.51650 SL=149.48400 TP=152.06600 (ticket=290)
16:12:38 INFO  Backtest: [EXIT-TIME-STOP] USDJPY LONG entry=150.51727 exit=150.27200 pnl=-216.38 (-0.24R) (ticket=290)
16:12:39 INFO  BacktestEngine: [2025-02-21 17:00] ENTRY USDJPY SHORT @ 149.54747 SL=150.60400 TP=147.96300 (ticket=293)
16:12:39 INFO  BacktestEngine: [2025-02-24 00:00] ENTRY USDJPY SHORT @ 149.19150 SL=150.12700 TP=147.78800 (ticket=294)
16:12:40 INFO  Backtest: [STALE-SL] bar=5035 USDJPY short open 6.0h still losing (-0.22R) — SL tightened 150.12700→149.66031 (cap at 0.50R, atr_ratio=1.00, progress=0%) (ticket=294)
16:12:41 INFO  Backtest: [STALE-SL] bar=5036 USDJPY short open 7.0h still losing (-0.29R) — SL tightened 149.66031→149.64475 (cap at 0.48R, atr_ratio=1.00, progress=8%) (ticket=294)
16:12:41 INFO  Backtest: [STALE-SL] bar=5037 USDJPY short open 8.0h still losing (-0.28R) — SL tightened 149.64475→149.62920 (cap at 0.47R, atr_ratio=1.00, progress=17%) (ticket=294)
16:12:41 INFO  Backtest: [STALE-SL] bar=5038 USDJPY short open 9.0h still losing (-0.24R) — SL tightened 149.62920→149.60572 (cap at 0.44R, atr_ratio=0.98, progress=25%) (ticket=294)
16:12:41 INFO  Backtest: [STALE-SL] bar=5039 USDJPY short open 10.0h still losing (-0.39R) — SL tightened 149.60572→149.59809 (cap at 0.43R, atr_ratio=1.00, progress=33%) (ticket=294)
16:12:41 INFO  Backtest: [EXIT-SL] USDJPY SHORT entry=149.19362 exit=149.59809 pnl=-258.79 (-0.44R) bars_held=11 (ticket=294)
16:12:42 INFO  BacktestEngine: [2025-02-24 15:00] ENTRY USDJPY LONG @ 149.76352 SL=149.19400 TP=150.61700 (ticket=295)
16:12:42 INFO  Backtest: [EXIT-SL] USDJPY LONG entry=149.78465 exit=149.19400 pnl=-724.18 (-1.05R) bars_held=1 (ticket=295)
16:12:43 INFO  BacktestEngine: [2025-02-25 05:00] ENTRY USDJPY SHORT @ 149.66429 SL=150.22600 TP=148.82100 (ticket=296)
16:12:44 INFO  Backtest: [STALE-SL] bar=5064 USDJPY short open 6.0h still losing (-0.18R) — SL tightened 150.22600→149.94376 (cap at 0.50R, atr_ratio=1.00, progress=0%) (ticket=296)
16:12:44 INFO  Backtest: [EXIT-SL] USDJPY SHORT entry=149.66152 exit=149.94376 pnl=-393.12 (-0.52R) bars_held=7 (ticket=296)
16:12:45 INFO  BacktestEngine: [2025-02-25 17:00] ENTRY USDJPY SHORT @ 149.07325 SL=149.95600 TP=147.75000 (ticket=299)
16:12:46 INFO  Backtest: [STALE-SL] bar=5076 USDJPY short open 6.0h still losing (-0.05R) — SL tightened 149.95600→149.44990 (cap at 0.43R, atr_ratio=0.87, progress=0%) (ticket=299)
16:12:46 INFO  Backtest: [STALE-SL] bar=5079 USDJPY short open 9.0h still losing (-0.18R) — SL tightened 149.44990→149.41984 (cap at 0.40R, atr_ratio=0.89, progress=25%) (ticket=299)
16:12:46 INFO  Backtest: [EXIT-SL] USDJPY SHORT entry=149.06330 exit=149.41984 pnl=-311.57 (-0.41R) bars_held=10 (ticket=299)
16:12:47 INFO  BacktestEngine: [2025-02-26 10:00] ENTRY USDJPY SHORT @ 149.28833 SL=149.94500 TP=148.30300 (ticket=300)
16:12:48 INFO  Backtest: [STALE-SL] bar=5093 USDJPY short open 6.0h still losing (-0.30R) — SL tightened 149.94500→149.61592 (cap at 0.50R, atr_ratio=1.00, progress=0%) (ticket=300)
16:12:49 INFO  Backtest: [STALE-WIN] bar=5099 USDJPY short open 12.0h, profit stalling (now +0.34R, peak +0.69R) — SL→BE 149.61592→149.38556 (ticket=300)
16:12:49 INFO  Backtest: [EXIT-SL] USDJPY SHORT entry=149.28684 exit=149.38556 pnl=-121.05 (-0.16R) bars_held=16 (ticket=300)
16:12:50 INFO  BacktestEngine: [2025-02-27 11:00] ENTRY USDJPY LONG @ 149.84300 SL=149.15400 TP=150.87700 (ticket=301)
16:12:51 INFO  Backtest: [EXIT-TIME-STOP] USDJPY LONG entry=149.84778 exit=149.73300 pnl=-137.09 (-0.18R) (ticket=301)
16:12:52 INFO  BacktestEngine: [2025-02-27 22:00] ENTRY USDJPY SHORT @ 149.69350 SL=150.39600 TP=148.64000 (ticket=303)
16:12:53 INFO  Backtest: [STALE-WIN] bar=5129 USDJPY short open 6.0h, profit stalling (now +0.13R, peak +0.57R) — SL→BE 150.39600→149.80207 (ticket=303)
16:12:53 INFO  Backtest: [EXIT-SL] USDJPY SHORT entry=149.69726 exit=149.80207 pnl=-104.43 (-0.16R) bars_held=8 (ticket=303)
  [USDJPY] 4608/5122 bars (90%)
16:12:54 INFO  BacktestEngine: [2025-02-28 15:00] ENTRY USDJPY LONG @ 150.64957 SL=149.48300 TP=152.40000 (ticket=304)
16:12:56 INFO  BacktestEngine: [2025-03-03 08:00] ENTRY USDJPY SHORT @ 150.46150 SL=151.12900 TP=149.46000 (ticket=305)
16:12:57 INFO  Backtest: [EXIT-SL] USDJPY SHORT entry=150.46324 exit=151.12900 pnl=-674.12 (-1.01R) bars_held=4 (ticket=305)
16:12:57 INFO  BacktestEngine: [2025-03-03 17:00] ENTRY USDJPY SHORT @ 150.23322 SL=151.07300 TP=148.97300 (ticket=306)
16:12:59 INFO  Backtest: [PARTIAL-TP1] bar=5173 USDJPY short closed 20% @ 149.30700 (+1R) SL: 151.07300→150.36284 (BE+15%R) rem_qty=0.70 rem_risk=$532.17 (ticket=306)
16:12:59 INFO  Backtest: [EXIT-TP] USDJPY SHORT entry=150.23752 exit=148.97300 pnl=+796.02 (+1.50R) bars_held=9 (ticket=306)
16:12:59 INFO  BacktestEngine: [2025-03-04 06:00] ENTRY USDJPY SHORT @ 149.13750 SL=150.24400 TP=147.47800 (ticket=307)
16:13:01 INFO  Backtest: [STALE-WIN] bar=5190 USDJPY short open 11.0h, profit stalling (now +0.29R, peak +0.84R) — SL→BE 150.24400→149.30417 (ticket=307)
16:13:01 INFO  Backtest: [EXIT-SL] USDJPY SHORT entry=149.13832 exit=149.30417 pnl=-115.29 (-0.16R) bars_held=14 (ticket=307)
16:13:02 INFO  BacktestEngine: [2025-03-05 00:00] ENTRY USDJPY LONG @ 149.73350 SL=148.81300 TP=151.11400 (ticket=308)
16:13:03 INFO  Backtest: [EXIT-TIME-STOP] USDJPY LONG entry=149.73062 exit=149.97100 pnl=+188.46 (+0.25R) (ticket=308)
16:13:03 INFO  BacktestEngine: [2025-03-05 05:00] ENTRY USDJPY LONG @ 149.97250 SL=149.09800 TP=151.52700 (ticket=309)
16:13:03 INFO  Backtest: [EXIT-TIME-STOP] USDJPY LONG entry=149.97119 exit=149.22200 pnl=-640.55 (-0.87R) (ticket=309)
16:13:04 INFO  BacktestEngine: [2025-03-05 10:00] ENTRY USDJPY SHORT @ 149.22016 SL=150.03600 TP=147.99700 (ticket=310)
16:13:05 INFO  Backtest: [PARTIAL-TP1] bar=5212 USDJPY short closed 20% @ 148.39800 (+1R) SL: 150.03600→149.34359 (BE+15%R) rem_qty=0.68 rem_risk=$504.65 (ticket=310)
16:13:06 INFO  Backtest: [EXIT-TIME-STOP] USDJPY SHORT entry=149.22140 exit=148.99400 pnl=+135.96 (+0.27R) (ticket=310)
16:13:06 INFO  BacktestEngine: [2025-03-06 03:00] ENTRY USDJPY SHORT @ 148.99250 SL=149.78300 TP=147.80600 (ticket=311)
16:13:07 INFO  Backtest: [PARTIAL-TP1] bar=5230 USDJPY short closed 20% @ 148.15400 (+1R) SL: 149.78300→149.11129 (BE+15%R) rem_qty=0.80 rem_risk=$575.75 (ticket=311)
16:13:07 INFO  Backtest: [EXIT-TP] USDJPY SHORT entry=148.99275 exit=147.80600 pnl=+858.36 (+1.49R) bars_held=7 (ticket=311)
16:13:07 INFO  BacktestEngine: [2025-03-06 11:00] ENTRY USDJPY SHORT @ 147.88101 SL=149.03400 TP=146.15200 (ticket=312)
16:13:08 INFO  Backtest: [STALE-SL] bar=5238 USDJPY short open 6.0h still losing (-0.02R) — SL tightened 149.03400→148.45871 (cap at 0.50R, atr_ratio=1.00, progress=0%) (ticket=312)
16:13:09 INFO  Backtest: [STALE-SL] bar=5239 USDJPY short open 7.0h still losing (-0.02R) — SL tightened 148.45871→148.43954 (cap at 0.48R, atr_ratio=1.00, progress=8%) (ticket=312)
16:13:09 INFO  Backtest: [STALE-WIN] bar=5240 USDJPY short open 8.0h, profit stalling (now +0.07R, peak +0.40R) — SL→BE 148.43954→148.05601 (ticket=312)
16:13:09 INFO  Backtest: [EXIT-SL] USDJPY SHORT entry=147.88343 exit=148.05601 pnl=-113.20 (-0.16R) bars_held=11 (ticket=312)
16:13:11 INFO  BacktestEngine: [2025-03-07 03:00] ENTRY USDJPY SHORT @ 147.89950 SL=148.69000 TP=146.71400 (ticket=313)
16:13:12 INFO  Backtest: [STALE-WIN] bar=5257 USDJPY short open 9.0h, profit stalling (now +0.26R, peak +0.72R) — SL→BE 148.69000→148.02067 (ticket=313)
16:13:14 INFO  BacktestEngine: [2025-03-10 02:00] ENTRY USDJPY SHORT @ 147.29350 SL=148.25900 TP=145.84500 (ticket=314)
16:13:15 INFO  Backtest: [STALE-SL] bar=5277 USDJPY short open 6.0h still losing (-0.28R) — SL tightened 148.25900→147.64911 (cap at 0.37R, atr_ratio=0.74, progress=0%) (ticket=314)
16:13:16 INFO  Backtest: [STALE-WIN] bar=5285 USDJPY short open 14.0h, profit stalling (now +0.15R, peak +0.54R) — SL→BE 147.64911→147.43803 (ticket=314)
16:13:16 INFO  Backtest: [EXIT-TIME-STOP] USDJPY SHORT entry=147.29316 exit=147.18600 pnl=+70.60 (+0.10R) (ticket=314)
16:13:16 INFO  BacktestEngine: [2025-03-10 19:00] ENTRY USDJPY SHORT @ 147.18450 SL=147.98400 TP=145.98500 (ticket=315)
16:13:18 INFO  Backtest: [STALE-WIN] bar=5297 USDJPY short open 9.0h, profit stalling (now +0.09R, peak +0.55R) — SL→BE 147.98400→147.30501 (ticket=315)
16:13:18 INFO  Backtest: [EXIT-SL] USDJPY SHORT entry=147.18519 exit=147.30501 pnl=-109.08 (-0.16R) bars_held=12 (ticket=315)
16:13:20 INFO  BacktestEngine: [2025-03-11 18:00] ENTRY USDJPY SHORT @ 147.28850 SL=148.16200 TP=145.97900 (ticket=316)
16:13:20 INFO  Backtest: [STALE-SL] bar=5317 USDJPY short open 6.0h still losing (-0.86R) — SL tightened 148.16200→147.71280 (cap at 0.48R, atr_ratio=0.97, progress=0%) (ticket=316)
16:13:20 INFO  Backtest: [EXIT-SL] USDJPY SHORT entry=147.29388 exit=147.71280 pnl=-302.81 (-0.49R) bars_held=7 (ticket=316)
16:13:21 INFO  BacktestEngine: [2025-03-12 06:00] ENTRY USDJPY LONG @ 148.15050 SL=147.07200 TP=149.76800 (ticket=317)
16:13:22 INFO  Backtest: [EXIT-TIME-STOP] USDJPY LONG entry=148.14941 exit=148.60700 pnl=+376.65 (+0.42R) (ticket=317)
16:13:22 INFO  BacktestEngine: [2025-03-12 11:00] ENTRY USDJPY LONG @ 148.60913 SL=147.47400 TP=150.31200 (ticket=318)
16:13:23 INFO  Backtest: [EXIT-TIME-STOP] USDJPY LONG entry=148.61355 exit=148.31500 pnl=-245.24 (-0.27R) (ticket=318)
16:13:23 INFO  BacktestEngine: [2025-03-12 17:00] ENTRY USDJPY SHORT @ 148.31850 SL=149.14300 TP=147.08100 (ticket=319)
16:13:26 INFO  Backtest: [EXIT-TIME-STOP] USDJPY SHORT entry=148.31824 exit=147.91800 pnl=+367.93 (+0.48R) (ticket=319)
16:13:26 INFO  BacktestEngine: [2025-03-13 10:00] ENTRY USDJPY SHORT @ 147.91629 SL=148.50300 TP=146.87300 (ticket=320)
16:13:28 INFO  Backtest: [STALE-WIN] bar=5362 USDJPY short open 11.0h, profit stalling (now +0.21R, peak +0.56R) — SL→BE 148.50300→148.00373 (ticket=320)
16:13:28 INFO  Backtest: [EXIT-SL] USDJPY SHORT entry=147.91562 exit=148.00373 pnl=-90.66 (-0.16R) bars_held=15 (ticket=320)
16:13:28 INFO  BacktestEngine: [2025-03-14 02:00] ENTRY USDJPY LONG @ 148.29885 SL=147.71100 TP=149.18000 (ticket=321)
16:13:29 INFO  Backtest: [EXIT-TIME-STOP] USDJPY LONG entry=148.29912 exit=148.46500 pnl=+158.35 (+0.27R) (ticket=321)
16:13:30 INFO  BacktestEngine: [2025-03-14 07:00] ENTRY USDJPY LONG @ 148.46650 SL=147.92100 TP=149.43600 (ticket=322)
16:13:30 INFO  Backtest: [EXIT-TIME-STOP] USDJPY LONG entry=148.46950 exit=148.79900 pnl=+345.55 (+0.59R) (ticket=322)
16:13:31 INFO  BacktestEngine: [2025-03-14 12:00] ENTRY USDJPY LONG @ 148.80143 SL=148.05100 TP=149.92700 (ticket=323)
16:13:32 INFO  Backtest: [EXIT-TIME-STOP] USDJPY LONG entry=148.80212 exit=148.51700 pnl=-229.15 (-0.39R) (ticket=323)
16:13:32 INFO  BacktestEngine: [2025-03-14 17:00] ENTRY USDJPY SHORT @ 148.51550 SL=149.12600 TP=147.59900 (ticket=324)
  [USDJPY] 4864/5122 bars (95%)
16:13:33 INFO  BacktestEngine: [2025-03-17 06:00] ENTRY USDJPY LONG @ 149.03692 SL=148.19500 TP=150.29900 (ticket=325)
16:13:34 INFO  Backtest: [EXIT-TIME-STOP] USDJPY LONG entry=149.03584 exit=148.66400 pnl=-366.09 (-0.45R) (ticket=325)
16:13:35 INFO  BacktestEngine: [2025-03-17 16:00] ENTRY USDJPY SHORT @ 148.59550 SL=149.23000 TP=147.64400 (ticket=328)
16:13:35 INFO  Backtest: [EXIT-SL] USDJPY SHORT entry=148.59379 exit=149.23000 pnl=-697.29 (-1.01R) bars_held=3 (ticket=328)
16:13:37 INFO  BacktestEngine: [2025-03-18 01:00] ENTRY USDJPY LONG @ 149.39650 SL=148.56900 TP=150.63800 (ticket=330)
16:13:37 INFO  Backtest: [EXIT-TIME-STOP] USDJPY LONG entry=149.39332 exit=149.55800 pnl=+124.29 (+0.19R) (ticket=330)
16:13:38 INFO  BacktestEngine: [2025-03-18 08:00] ENTRY USDJPY LONG @ 149.73650 SL=148.97200 TP=150.88300 (ticket=331)
16:13:39 INFO  Backtest: [EXIT-TIME-STOP] USDJPY LONG entry=149.73446 exit=149.74500 pnl=+2.46 (+0.00R) (ticket=331)
16:13:39 INFO  BacktestEngine: [2025-03-18 18:00] ENTRY USDJPY SHORT @ 149.41455 SL=149.96000 TP=148.59600 (ticket=332)
16:13:41 INFO  Backtest: [STALE-SL] bar=5436 USDJPY short open 6.0h still losing (-0.06R) — SL tightened 149.96000→149.67815 (cap at 0.49R, atr_ratio=0.98, progress=0%) (ticket=332)
16:13:41 INFO  Backtest: [STALE-SL] bar=5437 USDJPY short open 7.0h still losing (-0.36R) — SL tightened 149.67815→149.67275 (cap at 0.48R, atr_ratio=0.99, progress=8%) (ticket=332)
16:13:41 INFO  Backtest: [STALE-SL] bar=5438 USDJPY short open 8.0h still losing (-0.10R) — SL tightened 149.67275→149.66531 (cap at 0.47R, atr_ratio=1.00, progress=17%) (ticket=332)
16:13:41 INFO  Backtest: [STALE-SL] bar=5439 USDJPY short open 9.0h still losing (-0.03R) — SL tightened 149.66531→149.65610 (cap at 0.45R, atr_ratio=1.00, progress=25%) (ticket=332)
16:13:42 INFO  Backtest: [STALE-SL] bar=5441 USDJPY short open 11.0h still losing (-0.23R) — SL tightened 149.65610→149.63769 (cap at 0.42R, atr_ratio=1.00, progress=42%) (ticket=332)
16:13:42 INFO  Backtest: [EXIT-SL] USDJPY SHORT entry=149.40746 exit=149.63769 pnl=-244.65 (-0.44R) bars_held=12 (ticket=332)
16:13:42 INFO  BacktestEngine: [2025-03-19 07:00] ENTRY USDJPY LONG @ 149.77460 SL=149.03700 TP=150.88100 (ticket=333)
16:13:42 INFO  Backtest: [EXIT-TIME-STOP] USDJPY LONG entry=149.77466 exit=149.77800 pnl=-4.56 (-0.01R) (ticket=333)
16:13:44 INFO  BacktestEngine: [2025-03-19 21:00] ENTRY USDJPY SHORT @ 148.83939 SL=149.57500 TP=147.73600 (ticket=334)
16:13:45 INFO  Backtest: [STALE-WIN] bar=5468 USDJPY short open 11.0h, profit stalling (now +0.35R, peak +0.77R) — SL→BE 149.57500→148.95246 (ticket=334)
16:13:46 INFO  Backtest: [EXIT-TIME-STOP] USDJPY SHORT entry=148.84260 exit=148.55900 pnl=+246.05 (+0.37R) (ticket=334)
16:13:46 INFO  BacktestEngine: [2025-03-20 14:00] ENTRY USDJPY SHORT @ 148.55713 SL=149.15900 TP=147.65400 (ticket=335)
16:13:47 INFO  Backtest: [STALE-SL] bar=5480 USDJPY short open 6.0h still losing (-0.38R) — SL tightened 149.15900→148.85657 (cap at 0.50R, atr_ratio=1.00, progress=0%) (ticket=335)
16:13:47 INFO  Backtest: [STALE-SL] bar=5481 USDJPY short open 7.0h still losing (-0.35R) — SL tightened 148.85657→148.84649 (cap at 0.48R, atr_ratio=1.00, progress=8%) (ticket=335)
16:13:47 INFO  Backtest: [STALE-SL] bar=5482 USDJPY short open 8.0h still losing (-0.34R) — SL tightened 148.84649→148.83640 (cap at 0.47R, atr_ratio=1.00, progress=17%) (ticket=335)
16:13:47 INFO  Backtest: [STALE-SL] bar=5483 USDJPY short open 9.0h still losing (-0.27R) — SL tightened 148.83640→148.82299 (cap at 0.44R, atr_ratio=0.99, progress=25%) (ticket=335)
16:13:47 INFO  Backtest: [STALE-SL] bar=5484 USDJPY short open 10.0h still losing (-0.11R) — SL tightened 148.82299→148.79793 (cap at 0.40R, atr_ratio=0.93, progress=33%) (ticket=335)
16:13:47 INFO  Backtest: [EXIT-SL] USDJPY SHORT entry=148.55413 exit=148.79793 pnl=-272.33 (-0.42R) bars_held=11 (ticket=335)
16:13:48 INFO  BacktestEngine: [2025-03-21 05:00] ENTRY USDJPY LONG @ 149.21084 SL=148.68500 TP=149.99900 (ticket=336)
16:13:49 INFO  Backtest: [EXIT-TIME-STOP] USDJPY LONG entry=149.21252 exit=149.48400 pnl=+345.66 (+0.50R) (ticket=336)
16:13:49 INFO  BacktestEngine: [2025-03-21 13:00] ENTRY USDJPY SHORT @ 148.88977 SL=149.45800 TP=148.03800 (ticket=337)
16:13:51 INFO  BacktestEngine: [2025-03-24 00:00] ENTRY USDJPY LONG @ 149.57974 SL=149.04300 TP=150.38500 (ticket=338)
16:13:52 INFO  Backtest: [EXIT-TIME-STOP] USDJPY LONG entry=149.57509 exit=149.80800 pnl=+329.97 (+0.42R) (ticket=338)
16:13:52 INFO  BacktestEngine: [2025-03-24 05:00] ENTRY USDJPY LONG @ 149.80950 SL=149.08400 TP=150.89800 (ticket=339)
16:13:52 INFO  Backtest: [EXIT-TIME-STOP] USDJPY LONG entry=149.80959 exit=149.62200 pnl=-211.47 (-0.27R) (ticket=339)
16:13:52 INFO  BacktestEngine: [2025-03-24 10:00] ENTRY USDJPY SHORT @ 149.62029 SL=150.12100 TP=148.86900 (ticket=340)
16:13:53 INFO  Backtest: [EXIT-SL] USDJPY SHORT entry=149.61425 exit=150.12100 pnl=-683.49 (-1.03R) bars_held=4 (ticket=340)
16:13:54 INFO  BacktestEngine: [2025-03-24 22:00] ENTRY USDJPY LONG @ 150.68350 SL=149.92600 TP=151.82000 (ticket=341)
16:13:55 INFO  Backtest: [EXIT-TIME-STOP] USDJPY LONG entry=150.61706 exit=150.66100 pnl=+37.27 (+0.05R) (ticket=341)
16:13:55 INFO  BacktestEngine: [2025-03-25 06:00] ENTRY USDJPY SHORT @ 150.54950 SL=151.00600 TP=149.73700 (ticket=342)
16:13:56 INFO  Backtest: [PARTIAL-TP1] bar=5544 USDJPY short closed 20% @ 149.95900 (+1R) SL: 151.00600→150.61507 (BE+15%R) rem_qty=1.28 rem_risk=$532.09 (ticket=342)
16:13:56 INFO  Backtest: [EXIT-TP] USDJPY SHORT entry=150.54608 exit=149.73700 pnl=+933.46 (+1.75R) bars_held=8 (ticket=342)
16:13:56 INFO  BacktestEngine: [2025-03-25 15:00] ENTRY USDJPY SHORT @ 149.77124 SL=150.26900 TP=149.02500 (ticket=343)
16:13:57 INFO  Backtest: [STALE-SL] bar=5552 USDJPY short open 6.0h still losing (-0.22R) — SL tightened 150.26900→150.00175 (cap at 0.46R, atr_ratio=0.92, progress=0%) (ticket=343)
16:13:57 INFO  Backtest: [STALE-SL] bar=5553 USDJPY short open 7.0h still losing (-0.16R) — SL tightened 150.00175→149.98857 (cap at 0.43R, atr_ratio=0.90, progress=8%) (ticket=343)
16:13:57 INFO  Backtest: [STALE-SL] bar=5554 USDJPY short open 8.0h still losing (-0.35R) — SL tightened 149.98857→149.97101 (cap at 0.40R, atr_ratio=0.85, progress=17%) (ticket=343)
16:13:57 INFO  Backtest: [EXIT-SL] USDJPY SHORT entry=149.77341 exit=149.97101 pnl=-278.35 (-0.41R) bars_held=9 (ticket=343)
16:14:05 INFO  BacktestEngine: [2025-03-28 02:00] ENTRY USDJPY SHORT @ 150.95223 SL=151.43100 TP=150.23300 (ticket=344)
16:14:06 INFO  Backtest: [PARTIAL-TP1] bar=5611 USDJPY short closed 20% @ 150.38800 (+1R) SL: 151.43100→151.02492 (BE+15%R) rem_qty=1.08 rem_risk=$470.99 (ticket=344)
16:14:07 INFO  Backtest: [EXIT-TP] USDJPY SHORT entry=150.95325 exit=150.23300 pnl=+700.31 (+1.49R) bars_held=13 (ticket=344)
16:14:07 INFO  BacktestEngine: [2025-03-28 16:00] ENTRY USDJPY SHORT @ 150.07856 SL=150.67800 TP=149.18000 (ticket=345)
16:14:07 INFO  BacktestEngine: [2025-03-31 00:00] ENTRY USDJPY SHORT @ 149.61550 SL=150.48700 TP=148.30900 (ticket=346)
16:14:09 INFO  Backtest: [STALE-WIN] bar=5637 USDJPY short open 11.0h, profit stalling (now +0.48R, peak +0.82R) — SL→BE 150.48700→149.74066 (ticket=346)
16:14:09 INFO  Backtest: [EXIT-SL] USDJPY SHORT entry=149.60895 exit=149.74066 pnl=-110.36 (-0.16R) bars_held=15 (ticket=346)
16:14:09 INFO  BacktestEngine: [2025-03-31 16:00] ENTRY USDJPY LONG @ 149.65677 SL=148.61600 TP=151.21700 (ticket=347)
16:14:10 INFO  Backtest: [EXIT-TIME-STOP] USDJPY LONG entry=149.65696 exit=150.11200 pnl=+350.09 (+0.43R) (ticket=347)
16:14:10 INFO  BacktestEngine: [2025-03-31 21:00] ENTRY USDJPY LONG @ 150.11350 SL=149.42800 TP=151.33200 (ticket=348)
  [USDJPY] 5120/5122 bars (100%)
  [USDJPY] 5122/5122 bars (100%)
16:14:11 INFO  BacktestEngine: Backtest done: 303 trades  equity 100000 → 106649 (+6.65%)
16:14:11 INFO  SymbolTuner:   ── USDJPY tuning complete ──
    Full:  Sharpe=0.889  return=+6.65%  trades=303
    IS:    Sharpe=1.227  return=+8.22%
    OOS:   Sharpe=-0.300  return=-1.45%
    efficiency=-0.24  trials=46
    params={"confidence_sizing": {"floor": 0.6, "ceil": 1.4}, "streak_sizing": {"loss_cut": 0.8, "loss_cut_per_streak": 0.05}, "exit_rules": {"ct_mid_flip_threshold": 0.4}}
16:14:11 INFO  SymbolTuner: Tuning results saved to report_tune_usdjpy_v2.tuned.json
/home/hkerroum/anaconda3/lib/python3.11/site-packages/yfinance/scrapers/history.py:204: Pandas4Warning: Timestamp.utcnow is deprecated and will be removed in a future version. Use Timestamp.now('UTC') instead.
  dt_now = pd.Timestamp.utcnow()
/home/hkerroum/anaconda3/lib/python3.11/site-packages/yfinance/scrapers/history.py:204: Pandas4Warning: Timestamp.utcnow is deprecated and will be removed in a future version. Use Timestamp.now('UTC') instead.
  dt_now = pd.Timestamp.utcnow()
/home/hkerroum/anaconda3/lib/python3.11/site-packages/yfinance/scrapers/history.py:204: Pandas4Warning: Timestamp.utcnow is deprecated and will be removed in a future version. Use Timestamp.now('UTC') instead.
  dt_now = pd.Timestamp.utcnow()
/home/hkerroum/anaconda3/lib/python3.11/site-packages/yfinance/scrapers/history.py:204: Pandas4Warning: Timestamp.utcnow is deprecated and will be removed in a future version. Use Timestamp.now('UTC') instead.
  dt_now = pd.Timestamp.utcnow()
16:14:11 INFO  BacktestEngine: Macro history pre-loaded: 231 days (2024-05-02 → 2025-04-03)
16:14:11 INFO  root: Registered agent: RegimeAgent
16:14:11 INFO  root: Registered agent: TrendAgent
16:14:11 INFO  root: Registered agent: MomentumAgent
16:14:11 INFO  root: Registered agent: MeanReversionAgent
16:14:11 INFO  root: Registered agent: VolatilityAgent
16:14:11 INFO  root: Registered agent: BreadthAgent
16:14:11 INFO  root: Registered agent: PatternAgent
16:14:11 INFO  root: Registered agent: IntermarketAgent
16:14:11 INFO  root: Registered agent: SessionBreakoutAgent
16:14:11 INFO  root: Registered agent: DivergenceAgent
16:14:11 INFO  root: Registered agent: ScalpingAgent
16:14:11 INFO  root: Registered agent: VwapScalpAgent
16:14:11 INFO  root: Registered agent: SqueezeBreakoutAgent
16:14:11 INFO  root: Registered agent: OrderFlowAgent
16:14:11 INFO  root: Registered agent: CorrelationAgent
16:14:11 INFO  BacktestEngine: [timing] mid_tf=1H  bar=3600s  signal=300s → agent_interval=1 bars  surv=60s → surv_interval=1 bars
16:14:20 INFO  BacktestEngine: [2024-06-10 00:00] ENTRY USDJPY LONG @ 156.74450 SL=155.81700 TP=158.13500 (ticket=1)
16:14:21 INFO  Backtest: [STALE-WIN] bar=661 USDJPY long open 12.0h, profit stalling (now +0.10R, peak +0.45R) — SL→BE 155.81700→156.60089 (ticket=1)
16:14:21 INFO  Backtest: [EXIT-TIME-STOP] USDJPY LONG entry=156.73923 exit=156.90500 pnl=+100.70 (+0.17R) (ticket=1)
16:14:22 INFO  BacktestEngine: [2024-06-10 21:00] ENTRY USDJPY LONG @ 157.08050 SL=156.69500 TP=157.65900 (ticket=2)
16:14:23 INFO  Backtest: [STALE-WIN] bar=683 USDJPY long open 13.0h, profit stalling (now +0.36R, peak +0.68R) — SL→BE 156.69500→157.02251 (ticket=2)
16:14:23 INFO  Backtest: [EXIT-TIME-STOP] USDJPY LONG entry=157.08031 exit=157.10000 pnl=+18.45 (+0.03R) (ticket=2)
16:14:23 INFO  BacktestEngine: [2024-06-11 17:00] ENTRY USDJPY LONG @ 157.32419 SL=156.85300 TP=158.03100 (ticket=3)
16:14:24 INFO  Backtest: [STALE-SL] bar=696 USDJPY long open 6.0h still losing (-0.43R) — SL tightened 156.85300→157.08756 (cap at 0.50R, atr_ratio=1.00, progress=0%) (ticket=3)
16:14:24 INFO  Backtest: [EXIT-SL] USDJPY LONG entry=157.32213 exit=157.08756 pnl=-421.07 (-0.51R) bars_held=7 (ticket=3)
16:14:24 INFO  BacktestEngine: [2024-06-12 01:00] ENTRY USDJPY LONG @ 157.14050 SL=156.80300 TP=157.64600 (ticket=4)
16:14:26 INFO  Backtest: [EXIT-SL] USDJPY LONG entry=157.14298 exit=156.80300 pnl=-759.31 (-1.03R) bars_held=13 (ticket=4)
16:14:27 INFO  BacktestEngine: [2024-06-12 22:00] ENTRY USDJPY LONG @ 156.83880 SL=156.23800 TP=157.74000 (ticket=5)
16:14:28 INFO  Backtest: [EXIT-TIME-STOP] USDJPY LONG entry=156.84097 exit=157.02500 pnl=+215.03 (+0.29R) (ticket=5)
16:14:29 INFO  BacktestEngine: [2024-06-13 16:00] ENTRY USDJPY LONG @ 157.18655 SL=156.68300 TP=157.94200 (ticket=6)
16:14:30 INFO  Backtest: [STALE-SL] bar=743 USDJPY long open 6.0h still losing (-0.34R) — SL tightened 156.68300→156.93668 (cap at 0.50R, atr_ratio=1.00, progress=0%) (ticket=6)
16:14:30 INFO  Backtest: [EXIT-SL] USDJPY LONG entry=157.19036 exit=156.93668 pnl=-382.94 (-0.52R) bars_held=7 (ticket=6)
16:14:30 INFO  BacktestEngine: [2024-06-14 03:00] ENTRY USDJPY LONG @ 157.20250 SL=156.77400 TP=157.84500 (ticket=7)
16:14:31 INFO  Backtest: [EXIT-TP] USDJPY LONG entry=157.20966 exit=157.84500 pnl=+999.52 (+1.47R) bars_held=2 (ticket=7)
16:14:31 INFO  BacktestEngine: [2024-06-14 07:00] ENTRY USDJPY LONG @ 157.94450 SL=157.06300 TP=159.26600 (ticket=8)
16:14:31 INFO  Backtest: [EXIT-SL] USDJPY LONG entry=157.94252 exit=157.06300 pnl=-694.33 (-1.01R) bars_held=4 (ticket=8)
16:14:32 INFO  BacktestEngine: [2024-06-14 19:00] ENTRY USDJPY LONG @ 157.31550 SL=156.58000 TP=158.41800 (ticket=9)
16:14:32 INFO  BacktestEngine: [2024-06-17 00:00] ENTRY USDJPY LONG @ 157.34650 SL=156.75100 TP=158.23900 (ticket=10)
16:14:33 INFO  Backtest: [STALE-WIN] bar=777 USDJPY long open 8.0h, profit stalling (now +0.02R, peak +0.37R) — SL→BE 156.75100→157.24939 (ticket=10)
  [USDJPY] 256/5122 bars (5%)
16:14:34 INFO  Backtest: [EXIT-TIME-STOP] USDJPY LONG entry=157.33734 exit=157.85500 pnl=+575.45 (+0.86R) (ticket=10)
16:14:34 INFO  BacktestEngine: [2024-06-17 17:00] ENTRY USDJPY LONG @ 157.85650 SL=157.17200 TP=158.88300 (ticket=11)
16:14:34 INFO  Backtest: [STALE-SL] bar=792 USDJPY long open 6.0h still losing (-0.20R) — SL tightened 157.17200→157.59670 (cap at 0.38R, atr_ratio=0.76, progress=0%) (ticket=11)
16:14:34 INFO  Backtest: [STALE-SL] bar=793 USDJPY long open 7.0h still losing (-0.22R) — SL tightened 157.59670→157.62460 (cap at 0.34R, atr_ratio=0.71, progress=8%) (ticket=11)
16:14:35 INFO  Backtest: [STALE-SL] bar=794 USDJPY long open 8.0h still losing (-0.24R) — SL tightened 157.62460→157.64258 (cap at 0.32R, atr_ratio=0.68, progress=17%) (ticket=11)
16:14:35 INFO  Backtest: [EXIT-SL] USDJPY LONG entry=157.85933 exit=157.64258 pnl=-220.58 (-0.33R) bars_held=9 (ticket=11)
16:14:35 INFO  BacktestEngine: [2024-06-18 04:00] ENTRY USDJPY SHORT @ 157.58535 SL=157.80000 TP=157.26400 (ticket=12)
16:14:35 INFO  Backtest: [EXIT-SL] USDJPY SHORT entry=157.58373 exit=157.80000 pnl=-662.36 (-1.04R) bars_held=3 (ticket=12)
16:14:35 INFO  BacktestEngine: [2024-06-18 12:00] ENTRY USDJPY LONG @ 158.09991 SL=157.58100 TP=158.87900 (ticket=16)
16:14:36 INFO  Backtest: [STALE-SL] bar=811 USDJPY long open 6.0h still losing (-0.75R) — SL tightened 157.58100→157.84155 (cap at 0.50R, atr_ratio=1.00, progress=0%) (ticket=16)
16:14:36 INFO  Backtest: [EXIT-SL] USDJPY LONG entry=158.10209 exit=157.84155 pnl=-383.23 (-0.52R) bars_held=7 (ticket=16)
16:14:37 INFO  BacktestEngine: [2024-06-19 07:00] ENTRY USDJPY LONG @ 157.85250 SL=157.56300 TP=158.28700 (ticket=17)
16:14:38 INFO  Backtest: [EXIT-TIME-STOP] USDJPY LONG entry=157.85210 exit=157.99000 pnl=+300.96 (+0.45R) (ticket=17)
16:14:38 INFO  BacktestEngine: [2024-06-20 00:00] ENTRY USDJPY LONG @ 157.99261 SL=157.66200 TP=158.48900 (ticket=18)
16:14:39 INFO  Backtest: [PARTIAL-TP1] bar=851 USDJPY long closed 20% @ 158.43700 (+1R) SL: 157.66200→157.94825 (BE+15%R) rem_qty=2.18 rem_risk=$657.43 (ticket=18)
16:14:39 INFO  Backtest: [EXIT-TP] USDJPY LONG entry=157.99877 exit=158.48900 pnl=+959.02 (+1.46R) bars_held=14 (ticket=18)
16:14:39 INFO  BacktestEngine: [2024-06-20 15:00] ENTRY USDJPY LONG @ 158.54899 SL=158.12600 TP=159.18300 (ticket=19)
16:14:40 INFO  Backtest: [PARTIAL-TP1] bar=867 USDJPY long closed 20% @ 159.10500 (+1R) SL: 158.12600→158.48039 (BE+15%R) rem_qty=1.74 rem_risk=$667.91 (ticket=19)
16:14:41 INFO  Backtest: [EXIT-TIME-STOP] USDJPY LONG entry=158.54293 exit=158.94900 pnl=+629.34 (+0.94R) (ticket=19)
16:14:42 INFO  BacktestEngine: [2024-06-21 13:00] ENTRY USDJPY LONG @ 159.00450 SL=158.51900 TP=159.73300 (ticket=20)
16:14:42 INFO  Backtest: [PARTIAL-TP1] bar=881 USDJPY long closed 20% @ 159.57600 (+1R) SL: 158.51900→158.93208 (BE+15%R) rem_qty=1.64 rem_risk=$724.95 (ticket=20)
16:14:43 INFO  BacktestEngine: [2024-06-24 00:00] ENTRY USDJPY LONG @ 159.70550 SL=159.13300 TP=160.56400 (ticket=21)
16:14:44 INFO  Backtest: [STALE-WIN] bar=896 USDJPY long open 7.0h, profit stalling (now +0.02R, peak +0.34R) — SL→BE 159.13300→159.61922 (ticket=21)
16:14:44 INFO  Backtest: [EXIT-SL] USDJPY LONG entry=159.70503 exit=159.61922 pnl=-130.17 (-0.16R) bars_held=11 (ticket=21)
16:14:45 INFO  BacktestEngine: [2024-06-24 14:00] ENTRY USDJPY SHORT @ 159.46120 SL=159.97800 TP=158.65400 (ticket=22)
16:14:45 INFO  Backtest: [EXIT-TIME-STOP] USDJPY SHORT entry=159.46357 exit=159.73200 pnl=-361.83 (-0.53R) (ticket=22)
16:14:46 INFO  BacktestEngine: [2024-06-24 23:00] ENTRY USDJPY LONG @ 159.60550 SL=158.99300 TP=160.52400 (ticket=24)
16:14:47 INFO  Backtest: [EXIT-MID+SHORT_OPPOSITION] USDJPY LONG entry=159.58784 exit=159.32600 pnl=-350.74 (-0.44R) (ticket=24)
16:14:48 INFO  BacktestEngine: [2024-06-25 09:00] ENTRY USDJPY LONG @ 159.47150 SL=159.08000 TP=160.16700 (ticket=26)
16:14:50 INFO  Backtest: [STALE-WIN] bar=934 USDJPY long open 12.0h, profit stalling (now +0.34R, peak +0.65R) — SL→BE 159.08000→159.42228 (ticket=26)
16:14:50 INFO  Backtest: [EXIT-TIME-STOP] USDJPY LONG entry=159.48268 exit=159.70400 pnl=+460.74 (+0.55R) (ticket=26)
16:14:50 INFO  BacktestEngine: [2024-06-26 02:00] ENTRY USDJPY LONG @ 159.70550 SL=159.44000 TP=160.10400 (ticket=27)
16:14:51 INFO  Backtest: [PARTIAL-TP1] bar=948 USDJPY long closed 20% @ 159.98300 (+1R) SL: 159.44000→159.66876 (BE+15%R) rem_qty=2.80 rem_risk=$676.98 (ticket=27)
16:14:51 INFO  Backtest: [EXIT-TP] USDJPY LONG entry=159.70913 exit=160.10400 pnl=+986.53 (+1.46R) bars_held=10 (ticket=27)
16:14:52 INFO  BacktestEngine: [2024-06-26 14:00] ENTRY USDJPY LONG @ 160.30742 SL=159.82200 TP=161.03600 (ticket=28)
16:14:53 INFO  Backtest: [PARTIAL-TP1] bar=958 USDJPY long closed 20% @ 160.78800 (+1R) SL: 159.82200→160.23003 (BE+15%R) rem_qty=1.70 rem_risk=$749.51 (ticket=28)
16:14:54 INFO  Backtest: [EXIT-TIME-STOP] USDJPY LONG entry=160.30204 exit=160.33700 pnl=+42.08 (+0.06R) (ticket=28)
16:14:55 INFO  BacktestEngine: [2024-06-27 10:00] ENTRY USDJPY LONG @ 160.54979 SL=159.99900 TP=161.37600 (ticket=29)
16:14:57 INFO  Backtest: [EXIT-TIME-STOP] USDJPY LONG entry=160.55135 exit=161.12100 pnl=+940.94 (+1.02R) (ticket=29)
16:14:57 INFO  BacktestEngine: [2024-06-28 04:00] ENTRY USDJPY LONG @ 161.06321 SL=160.47700 TP=161.94200 (ticket=30)
16:14:58 INFO  Backtest: [STALE-SL] bar=995 USDJPY long open 6.0h still losing (-0.25R) — SL tightened 160.47700→160.76706 (cap at 0.50R, atr_ratio=1.00, progress=0%) (ticket=30)
16:14:58 INFO  Backtest: [EXIT-SL] USDJPY LONG entry=161.05712 exit=160.76706 pnl=-382.05 (-0.51R) bars_held=7 (ticket=30)
16:14:58 INFO  BacktestEngine: [2024-06-28 15:00] ENTRY USDJPY SHORT @ 160.50766 SL=160.94000 TP=159.85900 (ticket=31)
16:14:58 INFO  Backtest: [EXIT-SL] USDJPY SHORT entry=160.50615 exit=160.94000 pnl=-650.92 (-1.02R) bars_held=2 (ticket=31)
16:14:59 INFO  BacktestEngine: [2024-07-01 00:00] ENTRY USDJPY LONG @ 160.81850 SL=160.41000 TP=161.43200 (ticket=33)
16:15:00 INFO  Backtest: [STALE-WIN] bar=1017 USDJPY long open 8.0h, profit stalling (now +0.22R, peak +0.64R) — SL→BE 160.41000→160.75441 (ticket=33)
16:15:00 INFO  Backtest: [PARTIAL-TP1] bar=1023 USDJPY long closed 20% @ 161.35400 (+1R) SL: 160.75441→160.75441 (BE+15%R) rem_qty=2.06 rem_risk=$767.62 (ticket=33)
16:15:00 INFO  Backtest: [EXIT-TP] USDJPY LONG entry=160.81519 exit=161.43200 pnl=+1144.07 (+1.49R) bars_held=15 (ticket=33)
16:15:00 INFO  BacktestEngine: [2024-07-01 16:00] ENTRY USDJPY LONG @ 161.28661 SL=160.69300 TP=162.17700 (ticket=34)
16:15:00 INFO  Backtest: [PARTIAL-TP1] bar=1025 USDJPY long closed 20% @ 161.65600 (+1R) SL: 160.69300→161.02151 (BE+15%R) rem_qty=1.44 rem_risk=$777.70 (ticket=34)
  [USDJPY] 512/5122 bars (10%)
16:15:03 INFO  Backtest: [EXIT-TIME-STOP] USDJPY LONG entry=161.07949 exit=161.67400 pnl=+768.97 (+0.99R) (ticket=34)
16:15:03 INFO  BacktestEngine: [2024-07-02 09:00] ENTRY USDJPY LONG @ 161.67573 SL=161.30400 TP=162.23300 (ticket=35)
16:15:03 INFO  Backtest: [STALE-SL] bar=1048 USDJPY long open 6.0h still losing (-0.31R) — SL tightened 161.30400→161.49384 (cap at 0.49R, atr_ratio=0.98, progress=0%) (ticket=35)
16:15:04 INFO  Backtest: [STALE-SL] bar=1050 USDJPY long open 8.0h still losing (-0.08R) — SL tightened 161.49670→161.50324 (cap at 0.47R, atr_ratio=1.00, progress=17%) (ticket=35)
16:15:04 INFO  Backtest: [STALE-SL] bar=1051 USDJPY long open 9.0h still losing (-0.12R) — SL tightened 161.50324→161.52278 (cap at 0.41R, atr_ratio=0.92, progress=25%) (ticket=35)
16:15:05 INFO  Backtest: [EXIT-TIME-STOP] USDJPY LONG entry=161.67696 exit=161.93900 pnl=+590.21 (+0.68R) (ticket=35)
16:15:05 INFO  BacktestEngine: [2024-07-03 13:00] ENTRY USDJPY LONG @ 161.94050 SL=161.47200 TP=162.64300 (ticket=36)
16:15:06 INFO  Backtest: [EXIT-SL] USDJPY LONG entry=161.93788 exit=161.47200 pnl=-797.26 (-1.01R) bars_held=3 (ticket=36)
16:15:06 INFO  BacktestEngine: [2024-07-03 21:00] ENTRY USDJPY LONG @ 161.66379 SL=161.23700 TP=162.42300 (ticket=37)
16:15:07 INFO  Backtest: [EXIT-SL] USDJPY LONG entry=161.65831 exit=161.23700 pnl=-788.59 (-1.00R) bars_held=6 (ticket=37)
16:15:08 INFO  BacktestEngine: [2024-07-04 10:00] ENTRY USDJPY SHORT @ 161.28007 SL=161.76900 TP=160.54700 (ticket=39)
16:15:09 INFO  Backtest: [EXIT-TIME-STOP] USDJPY SHORT entry=161.27618 exit=161.13700 pnl=+186.66 (+0.27R) (ticket=39)
16:15:10 INFO  BacktestEngine: [2024-07-04 21:00] ENTRY USDJPY LONG @ 161.24550 SL=160.92400 TP=161.81700 (ticket=40)
16:15:11 INFO  Backtest: [EXIT-SL] USDJPY LONG entry=161.24777 exit=160.92400 pnl=-841.54 (-1.03R) bars_held=5 (ticket=40)
16:15:12 INFO  BacktestEngine: [2024-07-05 14:00] ENTRY USDJPY LONG @ 160.81950 SL=160.41700 TP=161.53600 (ticket=41)
16:15:12 INFO  Backtest: [EXIT-SL] USDJPY LONG entry=160.82124 exit=160.41700 pnl=-805.96 (-1.02R) bars_held=0 (ticket=41)
16:15:12 INFO  BacktestEngine: [2024-07-05 19:00] ENTRY USDJPY LONG @ 160.88950 SL=160.28700 TP=161.96100 (ticket=45)
16:15:12 INFO  BacktestEngine: [2024-07-08 00:00] ENTRY USDJPY LONG @ 160.78050 SL=160.28800 TP=161.65600 (ticket=46)
16:15:13 INFO  Backtest: [EXIT-SL] USDJPY LONG entry=160.71803 exit=160.28800 pnl=-685.12 (-0.89R) bars_held=4 (ticket=46)
16:15:13 INFO  BacktestEngine: [2024-07-08 09:00] ENTRY USDJPY LONG @ 160.83696 SL=160.35500 TP=161.69400 (ticket=50)
16:15:14 INFO  Backtest: [STALE-SL] bar=1133 USDJPY long open 6.0h still losing (-0.37R) — SL tightened 160.35500→160.59481 (cap at 0.50R, atr_ratio=1.00, progress=0%) (ticket=50)
16:15:14 INFO  Backtest: [EXIT-SL] USDJPY LONG entry=160.83461 exit=160.59481 pnl=-394.14 (-0.51R) bars_held=7 (ticket=50)
16:15:14 INFO  BacktestEngine: [2024-07-08 23:00] ENTRY USDJPY LONG @ 160.81650 SL=160.44300 TP=161.37600 (ticket=51)
16:15:15 INFO  Backtest: [STALE-WIN] bar=1149 USDJPY long open 8.0h, profit stalling (now +0.34R, peak +0.78R) — SL→BE 160.44300→160.73543 (ticket=51)
16:15:16 INFO  Backtest: [EXIT-TIME-STOP] USDJPY LONG entry=160.78704 exit=161.01400 pnl=+448.95 (+0.59R) (ticket=51)
16:15:16 INFO  BacktestEngine: [2024-07-09 18:00] ENTRY USDJPY LONG @ 161.39977 SL=160.77800 TP=162.33300 (ticket=52)
16:15:17 INFO  Backtest: [STALE-SL] bar=1166 USDJPY long open 6.0h still losing (-0.12R) — SL tightened 160.77800→161.15114 (cap at 0.40R, atr_ratio=0.80, progress=0%) (ticket=52)
16:15:17 INFO  Backtest: [STALE-SL] bar=1167 USDJPY long open 7.0h still losing (-0.12R) — SL tightened 161.15114→161.17438 (cap at 0.36R, atr_ratio=0.75, progress=8%) (ticket=52)
16:15:18 INFO  Backtest: [STALE-SL] bar=1174 USDJPY long open 14.0h still losing (-0.06R) — SL tightened 161.17438→161.28019 (cap at 0.19R, atr_ratio=0.53, progress=67%) (ticket=52)
16:15:18 INFO  Backtest: [EXIT-TIME-STOP] USDJPY LONG entry=161.40080 exit=161.51300 pnl=+130.29 (+0.17R) (ticket=52)
16:15:19 INFO  BacktestEngine: [2024-07-10 12:00] ENTRY USDJPY LONG @ 161.58850 SL=161.14200 TP=162.25800 (ticket=53)
16:15:21 INFO  Backtest: [STALE-SL] bar=1189 USDJPY long open 11.0h still losing (-0.03R) — SL tightened 161.14200→161.40236 (cap at 0.41R, atr_ratio=0.99, progress=42%) (ticket=53)
16:15:21 INFO  Backtest: [STALE-WIN] bar=1190 USDJPY long open 12.0h, profit stalling (now +0.02R, peak +0.43R) — SL→BE 161.40236→161.51817 (ticket=53)
16:15:21 INFO  Backtest: [EXIT-SL] USDJPY LONG entry=161.58455 exit=161.51817 pnl=-133.47 (-0.17R) bars_held=14 (ticket=53)
16:15:24 INFO  BacktestEngine: [2024-07-11 17:00] ENTRY USDJPY SHORT @ 158.55345 SL=160.01000 TP=156.36800 (ticket=54)
16:15:25 INFO  Backtest: [EXIT-TIME-STOP] USDJPY SHORT entry=158.54585 exit=158.82100 pnl=-146.71 (-0.19R) (ticket=54)
16:15:26 INFO  BacktestEngine: [2024-07-12 03:00] ENTRY USDJPY LONG @ 159.07978 SL=157.39500 TP=161.60800 (ticket=56)
16:15:27 INFO  Backtest: [STALE-SL] bar=1227 USDJPY long open 10.0h still losing (-0.06R) — SL tightened 157.39500→158.62146 (cap at 0.27R, atr_ratio=0.62, progress=33%) (ticket=56)
16:15:27 INFO  Backtest: [EXIT-SL] USDJPY LONG entry=159.07529 exit=158.62146 pnl=-243.59 (-0.27R) bars_held=11 (ticket=56)
16:15:28 INFO  BacktestEngine: [2024-07-12 19:00] ENTRY USDJPY SHORT @ 157.87150 SL=159.50600 TP=155.42000 (ticket=59)
16:15:28 INFO  BacktestEngine: [2024-07-15 01:00] ENTRY USDJPY LONG @ 158.34362 SL=157.48900 TP=159.86300 (ticket=60)
16:15:30 INFO  Backtest: [STALE-SL] bar=1245 USDJPY long open 6.0h still losing (-0.45R) — SL tightened 157.48900→158.09044 (cap at 0.29R, atr_ratio=0.58, progress=0%) (ticket=60)
16:15:30 INFO  Backtest: [EXIT-SL] USDJPY LONG entry=158.33834 exit=158.09044 pnl=-251.20 (-0.30R) bars_held=7 (ticket=60)
16:15:31 INFO  BacktestEngine: [2024-07-15 14:00] ENTRY USDJPY LONG @ 158.11373 SL=157.47200 TP=159.07700 (ticket=62)
16:15:31 INFO  Backtest: [EXIT-SL] USDJPY LONG entry=158.11639 exit=157.47200 pnl=-848.55 (-1.02R) bars_held=4 (ticket=62)
16:15:33 INFO  BacktestEngine: [2024-07-16 07:00] ENTRY USDJPY LONG @ 158.63650 SL=157.82800 TP=159.85000 (ticket=63)
16:15:34 INFO  Backtest: [STALE-SL] bar=1275 USDJPY long open 6.0h still losing (-0.37R) — SL tightened 157.82800→158.31851 (cap at 0.40R, atr_ratio=0.79, progress=0%) (ticket=63)
16:15:34 INFO  Backtest: [EXIT-SL] USDJPY LONG entry=158.63878 exit=158.31851 pnl=-343.20 (-0.41R) bars_held=7 (ticket=63)
16:15:37 INFO  BacktestEngine: [2024-07-17 08:00] ENTRY USDJPY SHORT @ 157.88694 SL=158.30000 TP=157.26800 (ticket=64)
  [USDJPY] 768/5122 bars (15%)
16:15:37 INFO  Backtest: [EXIT-TP] USDJPY SHORT entry=157.88492 exit=157.26800 pnl=+992.38 (+1.48R) bars_held=1 (ticket=64)
16:15:37 INFO  BacktestEngine: [2024-07-17 12:00] ENTRY USDJPY SHORT @ 156.41344 SL=157.49700 TP=154.78900 (ticket=65)
16:15:38 INFO  Backtest: [EXIT-TIME-STOP] USDJPY SHORT entry=156.41430 exit=156.49900 pnl=-58.01 (-0.09R) (ticket=65)
16:15:38 INFO  BacktestEngine: [2024-07-17 20:00] ENTRY USDJPY SHORT @ 156.46250 SL=157.61400 TP=154.73500 (ticket=66)
16:15:39 INFO  Backtest: [EXIT-TIME-STOP] USDJPY SHORT entry=156.46379 exit=156.16800 pnl=+170.41 (+0.25R) (ticket=66)
16:15:39 INFO  BacktestEngine: [2024-07-18 02:00] ENTRY USDJPY SHORT @ 155.67612 SL=156.84700 TP=153.92000 (ticket=67)
16:15:40 INFO  Backtest: [EXIT-TIME-STOP] USDJPY SHORT entry=155.67336 exit=156.34100 pnl=-374.87 (-0.58R) (ticket=67)
16:15:40 INFO  BacktestEngine: [2024-07-18 07:00] ENTRY USDJPY LONG @ 156.34254 SL=155.57500 TP=157.70700 (ticket=68)
16:15:42 INFO  Backtest: [PARTIAL-TP1] bar=1328 USDJPY long closed 20% @ 157.14500 (+1R) SL: 155.57500→156.22743 (BE+15%R) rem_qty=0.87 rem_risk=$608.97 (ticket=68)
16:15:43 INFO  Backtest: [EXIT-TIME-STOP] USDJPY LONG entry=156.34257 exit=157.35800 pnl=+799.66 (+1.31R) (ticket=68)
16:15:43 INFO  BacktestEngine: [2024-07-19 00:00] ENTRY USDJPY LONG @ 157.35950 SL=156.78600 TP=158.22000 (ticket=69)
16:15:44 INFO  Backtest: [STALE-SL] bar=1342 USDJPY long open 8.0h still losing (-0.14R) — SL tightened 156.78600→157.12863 (cap at 0.39R, atr_ratio=0.84, progress=17%) (ticket=69)
16:15:44 INFO  Backtest: [EXIT-SL] USDJPY LONG entry=157.34965 exit=157.12863 pnl=-293.46 (-0.40R) bars_held=9 (ticket=69)
16:15:44 INFO  BacktestEngine: [2024-07-19 10:00] ENTRY USDJPY LONG @ 157.32217 SL=156.65800 TP=158.31800 (ticket=70)
16:15:45 INFO  Backtest: [STALE-WIN] bar=1350 USDJPY long open 6.0h, profit stalling (now +0.03R, peak +0.53R) — SL→BE 156.65800→157.22023 (ticket=70)
16:15:46 INFO  BacktestEngine: [2024-07-22 11:00] ENTRY USDJPY SHORT @ 156.79524 SL=157.59300 TP=155.59900 (ticket=71)
16:15:47 INFO  Backtest: [EXIT-TIME-STOP] USDJPY SHORT entry=156.79815 exit=156.86500 pnl=-43.41 (-0.09R) (ticket=71)
16:15:47 INFO  BacktestEngine: [2024-07-22 18:00] ENTRY USDJPY LONG @ 157.08850 SL=156.48200 TP=157.99800 (ticket=72)
16:15:48 INFO  Backtest: [STALE-SL] bar=1382 USDJPY long open 6.0h still losing (-0.08R) — SL tightened 156.48200→156.87881 (cap at 0.34R, atr_ratio=0.69, progress=0%) (ticket=72)
16:15:48 INFO  Backtest: [STALE-SL] bar=1383 USDJPY long open 7.0h still losing (-0.30R) — SL tightened 156.87881→156.89557 (cap at 0.31R, atr_ratio=0.65, progress=8%) (ticket=72)
16:15:48 INFO  Backtest: [EXIT-SL] USDJPY LONG entry=157.08559 exit=156.89557 pnl=-176.32 (-0.33R) bars_held=8 (ticket=72)
16:15:48 INFO  BacktestEngine: [2024-07-23 07:00] ENTRY USDJPY SHORT @ 156.30650 SL=157.12900 TP=155.07200 (ticket=74)
16:15:49 INFO  Backtest: [EXIT-TIME-STOP] USDJPY SHORT entry=156.30621 exit=155.94300 pnl=+216.76 (+0.43R) (ticket=74)
16:15:49 INFO  BacktestEngine: [2024-07-23 12:00] ENTRY USDJPY SHORT @ 155.94150 SL=156.90900 TP=154.49000 (ticket=75)
16:15:49 INFO  Backtest: [EXIT-TIME-STOP] USDJPY SHORT entry=155.95114 exit=155.97900 pnl=-18.44 (-0.04R) (ticket=75)
16:15:50 INFO  BacktestEngine: [2024-07-23 22:00] ENTRY USDJPY SHORT @ 155.63650 SL=156.46900 TP=154.38800 (ticket=76)
16:15:51 INFO  Backtest: [EXIT-TIME-STOP] USDJPY SHORT entry=155.63533 exit=155.82600 pnl=-120.94 (-0.24R) (ticket=76)
16:15:51 INFO  BacktestEngine: [2024-07-24 07:00] ENTRY USDJPY SHORT @ 154.60548 SL=155.53500 TP=153.21100 (ticket=80)
16:15:52 INFO  Backtest: [EXIT-TIME-STOP] USDJPY SHORT entry=154.60582 exit=154.77500 pnl=-143.25 (-0.19R) (ticket=80)
16:15:53 INFO  BacktestEngine: [2024-07-24 16:00] ENTRY USDJPY SHORT @ 153.43363 SL=154.73300 TP=151.48400 (ticket=83)
16:15:54 INFO  Backtest: [EXIT-TIME-STOP] USDJPY SHORT entry=153.45010 exit=154.00100 pnl=-320.24 (-0.43R) (ticket=83)
16:15:55 INFO  BacktestEngine: [2024-07-25 04:00] ENTRY USDJPY SHORT @ 152.85243 SL=154.19800 TP=150.83400 (ticket=84)
16:15:56 INFO  Backtest: [EXIT-TIME-STOP] USDJPY SHORT entry=152.86008 exit=152.84900 pnl=+1.57 (+0.00R) (ticket=84)
16:15:57 INFO  BacktestEngine: [2024-07-25 12:00] ENTRY USDJPY SHORT @ 152.30647 SL=153.91700 TP=149.89000 (ticket=85)
16:15:57 INFO  Backtest: [EXIT-CT_MID_FLIPPED_AGAINST] USDJPY SHORT entry=152.30800 exit=153.52000 pnl=-477.27 (-0.76R) (ticket=85)
16:15:57 INFO  BacktestEngine: [2024-07-25 15:00] ENTRY USDJPY LONG @ 153.52340 SL=152.38400 TP=155.55000 (ticket=86)
16:16:00 INFO  Backtest: [STALE-WIN] bar=1457 USDJPY long open 12.0h, profit stalling (now +0.07R, peak +0.47R) — SL→BE 152.38400→153.33720 (ticket=86)
16:16:00 INFO  Backtest: [EXIT-TIME-STOP] USDJPY LONG entry=153.50541 exit=153.64200 pnl=+83.28 (+0.11R) (ticket=86)
  [USDJPY] 1024/5122 bars (20%)
16:16:34 INFO  BacktestEngine: [2024-08-09 06:00] ENTRY USDJPY LONG @ 147.22178 SL=146.23500 TP=148.97600 (ticket=87)
16:16:35 INFO  Backtest: [STALE-SL] bar=1706 USDJPY long open 6.0h still losing (-0.08R) — SL tightened 146.23500→146.72851 (cap at 0.50R, atr_ratio=1.00, progress=0%) (ticket=87)
16:16:36 INFO  Backtest: [STALE-SL] bar=1707 USDJPY long open 7.0h still losing (-0.21R) — SL tightened 146.72851→146.74496 (cap at 0.48R, atr_ratio=1.00, progress=8%) (ticket=87)
16:16:36 INFO  Backtest: [EXIT-SL] USDJPY LONG entry=147.22203 exit=146.74496 pnl=-401.43 (-0.49R) bars_held=8 (ticket=87)
  [USDJPY] 1280/5122 bars (25%)
16:16:52 INFO  BacktestEngine: [2024-08-19 07:00] ENTRY USDJPY SHORT @ 146.18355 SL=147.47600 TP=144.24400 (ticket=88)
16:16:52 INFO  Backtest: [STALE-WIN] bar=1851 USDJPY short open 6.0h, profit stalling (now +0.12R, peak +0.59R) — SL→BE 147.47600→146.37962 (ticket=88)
16:16:52 INFO  Backtest: [EXIT-SL] USDJPY SHORT entry=146.18614 exit=146.37962 pnl=-95.19 (-0.16R) bars_held=8 (ticket=88)
16:16:55 INFO  BacktestEngine: [2024-08-20 13:00] ENTRY USDJPY SHORT @ 146.44550 SL=147.28400 TP=145.18800 (ticket=89)
16:16:55 INFO  Backtest: [PARTIAL-TP1] bar=1878 USDJPY short closed 20% @ 145.59800 (+1R) SL: 147.28400→146.57353 (BE+15%R) rem_qty=0.60 rem_risk=$457.67 (ticket=89)
16:16:56 INFO  Backtest: [EXIT-TP] USDJPY SHORT entry=146.44816 exit=145.18800 pnl=+683.85 (+1.49R) bars_held=10 (ticket=89)
16:16:56 INFO  BacktestEngine: [2024-08-21 00:00] ENTRY USDJPY SHORT @ 145.14150 SL=146.20600 TP=143.54400 (ticket=90)
16:16:57 INFO  Backtest: [STALE-SL] bar=1892 USDJPY short open 6.0h still losing (-0.51R) — SL tightened 146.20600→145.66125 (cap at 0.50R, atr_ratio=1.00, progress=0%) (ticket=90)
16:16:57 INFO  Backtest: [EXIT-SL] USDJPY SHORT entry=145.11650 exit=145.66125 pnl=-296.61 (-0.52R) bars_held=7 (ticket=90)
16:16:58 INFO  BacktestEngine: [2024-08-21 16:00] ENTRY USDJPY SHORT @ 145.73350 SL=146.41700 TP=144.70800 (ticket=91)
16:16:58 INFO  Backtest: [EXIT-SL] USDJPY SHORT entry=145.73973 exit=146.41700 pnl=-567.22 (-1.00R) bars_held=0 (ticket=91)
16:16:59 INFO  BacktestEngine: [2024-08-22 00:00] ENTRY USDJPY SHORT @ 145.17450 SL=146.31800 TP=143.45900 (ticket=95)
16:16:59 INFO  Backtest: [STALE-SL] bar=1917 USDJPY short open 7.0h still losing (-0.11R) — SL tightened 146.31800→145.65989 (cap at 0.44R, atr_ratio=0.91, progress=8%) (ticket=95)
16:17:00 INFO  Backtest: [STALE-SL] bar=1918 USDJPY short open 8.0h still losing (-0.20R) — SL tightened 145.65989→145.61023 (cap at 0.40R, atr_ratio=0.85, progress=17%) (ticket=95)
16:17:00 INFO  Backtest: [STALE-SL] bar=1919 USDJPY short open 9.0h still losing (-0.08R) — SL tightened 145.61023→145.59813 (cap at 0.39R, atr_ratio=0.86, progress=25%) (ticket=95)
16:17:00 INFO  Backtest: [EXIT-SL] USDJPY SHORT entry=145.14653 exit=145.59813 pnl=-305.10 (-0.40R) bars_held=10 (ticket=95)
16:17:02 INFO  BacktestEngine: [2024-08-22 16:00] ENTRY USDJPY LONG @ 146.28188 SL=145.42200 TP=147.57200 (ticket=96)
16:17:03 INFO  Backtest: [EXIT-TIME-STOP] USDJPY LONG entry=146.28013 exit=146.21800 pnl=-72.43 (-0.08R) (ticket=96)
16:17:04 INFO  BacktestEngine: [2024-08-23 02:00] ENTRY USDJPY SHORT @ 146.21050 SL=146.85800 TP=145.23900 (ticket=98)
16:17:04 INFO  Backtest: [PARTIAL-TP1] bar=1937 USDJPY short closed 20% @ 145.48300 (+1R) SL: 146.85800→146.30601 (BE+15%R) rem_qty=0.91 rem_risk=$537.31 (ticket=98)
16:17:05 INFO  Backtest: [EXIT-SL] USDJPY SHORT entry=146.20860 exit=146.30601 pnl=-87.23 (-0.16R) bars_held=13 (ticket=98)
16:17:05 INFO  BacktestEngine: [2024-08-26 00:00] ENTRY USDJPY SHORT @ 144.02750 SL=145.31200 TP=142.10100 (ticket=101)
16:17:06 INFO  Backtest: [STALE-SL] bar=1965 USDJPY short open 7.0h still losing (-0.01R) — SL tightened 145.31200→144.65600 (cap at 0.48R, atr_ratio=1.00, progress=8%) (ticket=101)
16:17:07 INFO  Backtest: [STALE-SL] bar=1971 USDJPY short open 13.0h still losing (-0.07R) — SL tightened 144.65600→144.48812 (cap at 0.35R, atr_ratio=0.92, progress=58%) (ticket=101)
16:17:07 INFO  Backtest: [STALE-SL] bar=1973 USDJPY short open 15.0h still losing (-0.29R) — SL tightened 144.48812→144.44367 (cap at 0.32R, atr_ratio=0.90, progress=75%) (ticket=101)
16:17:07 INFO  Backtest: [EXIT-SL] USDJPY SHORT entry=144.04232 exit=144.44367 pnl=-212.17 (-0.32R) bars_held=16 (ticket=101)
16:17:09 INFO  BacktestEngine: [2024-08-27 13:00] ENTRY USDJPY SHORT @ 144.77750 SL=145.70900 TP=143.38000 (ticket=102)
16:17:11 INFO  Backtest: [STALE-WIN] bar=2009 USDJPY short open 14.0h, profit stalling (now +0.44R, peak +0.97R) — SL→BE 145.70900→144.91462 (ticket=102)
16:17:11 INFO  Backtest: [EXIT-TIME-STOP] USDJPY SHORT entry=144.77443 exit=144.41200 pnl=+238.88 (+0.38R) (ticket=102)
16:17:14 INFO  BacktestEngine: [2024-08-29 00:00] ENTRY USDJPY SHORT @ 144.43450 SL=145.00900 TP=143.57300 (ticket=103)
16:17:15 INFO  Backtest: [STALE-SL] bar=2036 USDJPY short open 6.0h still losing (-0.41R) — SL tightened 145.00900→144.69824 (cap at 0.45R, atr_ratio=0.91, progress=0%) (ticket=103)
16:17:15 INFO  Backtest: [EXIT-SL] USDJPY SHORT entry=144.44084 exit=144.69824 pnl=-277.42 (-0.46R) bars_held=7 (ticket=103)
16:17:15 INFO  BacktestEngine: [2024-08-29 09:00] ENTRY USDJPY SHORT @ 144.58050 SL=145.14300 TP=143.73700 (ticket=104)
16:17:16 INFO  Backtest: [EXIT-SL] USDJPY SHORT entry=144.54893 exit=145.14300 pnl=-640.70 (-1.07R) bars_held=5 (ticket=104)
16:17:16 INFO  BacktestEngine: [2024-08-29 20:00] ENTRY USDJPY SHORT @ 144.85250 SL=145.49400 TP=143.89000 (ticket=105)
16:17:18 INFO  Backtest: [STALE-SL] bar=2061 USDJPY short open 11.0h still losing (-0.02R) — SL tightened 145.49400→145.00697 (cap at 0.25R, atr_ratio=0.59, progress=42%) (ticket=105)
16:17:18 INFO  Backtest: [EXIT-SL] USDJPY SHORT entry=144.84810 exit=145.00697 pnl=-154.61 (-0.26R) bars_held=12 (ticket=105)
  [USDJPY] 1536/5122 bars (30%)
16:17:18 INFO  BacktestEngine: [2024-08-30 13:00] ENTRY USDJPY LONG @ 145.30068 SL=144.67600 TP=146.23700 (ticket=107)
16:17:19 INFO  Backtest: [EXIT-TIME-STOP] USDJPY LONG entry=145.30271 exit=145.95400 pnl=+802.38 (+1.03R) (ticket=107)
16:17:19 INFO  BacktestEngine: [2024-08-30 18:00] ENTRY USDJPY LONG @ 145.95681 SL=145.06600 TP=147.29200 (ticket=108)
16:17:27 INFO  BacktestEngine: [2024-09-04 06:00] ENTRY USDJPY SHORT @ 145.31050 SL=146.32400 TP=143.79100 (ticket=109)
16:17:28 INFO  Backtest: [PARTIAL-TP1] bar=2142 USDJPY short closed 20% @ 144.11800 (+1R) SL: 146.32400→145.46232 (BE+15%R) rem_qty=0.52 rem_risk=$479.37 (ticket=109)
16:17:29 INFO  Backtest: [EXIT-TP] USDJPY SHORT entry=145.31026 exit=143.79100 pnl=+715.27 (+1.49R) bars_held=16 (ticket=109)
16:17:29 INFO  BacktestEngine: [2024-09-05 00:00] ENTRY USDJPY SHORT @ 143.63550 SL=144.65300 TP=142.10900 (ticket=110)
16:17:31 INFO  Backtest: [STALE-WIN] bar=2159 USDJPY short open 9.0h, profit stalling (now +0.03R, peak +0.40R) — SL→BE 144.65300→143.78912 (ticket=110)
16:17:31 INFO  Backtest: [EXIT-SL] USDJPY SHORT entry=143.63667 exit=143.78912 pnl=-87.44 (-0.16R) bars_held=16 (ticket=110)
16:17:32 INFO  BacktestEngine: [2024-09-05 20:00] ENTRY USDJPY SHORT @ 143.34650 SL=144.16600 TP=142.11700 (ticket=111)
16:17:34 INFO  Backtest: [PARTIAL-TP1] bar=2182 USDJPY short closed 20% @ 142.39000 (+1R) SL: 144.16600→143.46161 (BE+15%R) rem_qty=0.59 rem_risk=$441.67 (ticket=111)
16:17:34 INFO  Backtest: [EXIT-TP] USDJPY SHORT entry=143.33731 exit=142.11700 pnl=+653.26 (+1.48R) bars_held=13 (ticket=111)
16:17:34 INFO  BacktestEngine: [2024-09-06 10:00] ENTRY USDJPY SHORT @ 142.51589 SL=143.59200 TP=140.90200 (ticket=112)
16:17:35 INFO  Backtest: [EXIT-SL] USDJPY SHORT entry=142.52296 exit=143.59200 pnl=-636.88 (-1.00R) bars_held=4 (ticket=112)
16:17:35 INFO  BacktestEngine: [2024-09-06 17:00] ENTRY USDJPY SHORT @ 142.43380 SL=144.03600 TP=140.03000 (ticket=113)
16:17:35 INFO  BacktestEngine: [2024-09-09 00:00] ENTRY USDJPY SHORT @ 142.11350 SL=143.75900 TP=139.64600 (ticket=114)
16:17:36 INFO  Backtest: [STALE-SL] bar=2204 USDJPY short open 6.0h still losing (-0.52R) — SL tightened 143.75900→142.73146 (cap at 0.38R, atr_ratio=0.75, progress=0%) (ticket=114)
16:17:36 INFO  Backtest: [EXIT-SL] USDJPY SHORT entry=142.11183 exit=142.73146 pnl=-239.76 (-0.38R) bars_held=7 (ticket=114)
16:17:36 INFO  BacktestEngine: [2024-09-09 09:00] ENTRY USDJPY LONG @ 143.00150 SL=142.10400 TP=144.34800 (ticket=115)
16:17:37 INFO  Backtest: [EXIT-TIME-STOP] USDJPY LONG entry=143.01039 exit=143.60800 pnl=+488.51 (+0.66R) (ticket=115)
16:17:37 INFO  BacktestEngine: [2024-09-09 14:00] ENTRY USDJPY LONG @ 143.60950 SL=142.77500 TP=145.09300 (ticket=116)
16:17:37 INFO  Backtest: [EXIT-SL] USDJPY LONG entry=143.59533 exit=142.77500 pnl=-738.43 (-0.99R) bars_held=1 (ticket=116)
16:17:38 INFO  BacktestEngine: [2024-09-09 17:00] ENTRY USDJPY SHORT @ 142.73850 SL=144.00200 TP=140.84300 (ticket=117)
16:17:39 INFO  Backtest: [STALE-SL] bar=2221 USDJPY short open 6.0h still losing (-0.31R) — SL tightened 144.00200→143.27464 (cap at 0.43R, atr_ratio=0.86, progress=0%) (ticket=117)
16:17:39 INFO  Backtest: [STALE-SL] bar=2222 USDJPY short open 7.0h still losing (-0.25R) — SL tightened 143.27464→143.22387 (cap at 0.39R, atr_ratio=0.80, progress=8%) (ticket=117)
16:17:39 INFO  Backtest: [EXIT-SL] USDJPY SHORT entry=142.72909 exit=143.22387 pnl=-251.49 (-0.40R) bars_held=8 (ticket=117)
16:17:41 INFO  BacktestEngine: [2024-09-10 13:00] ENTRY USDJPY SHORT @ 143.03747 SL=143.67800 TP=142.07700 (ticket=118)
16:17:41 INFO  Backtest: [PARTIAL-TP1] bar=2239 USDJPY short closed 20% @ 142.28700 (+1R) SL: 143.67800→143.13762 (BE+15%R) rem_qty=0.80 rem_risk=$465.95 (ticket=118)
16:17:43 INFO  Backtest: [EXIT-TP] USDJPY SHORT entry=143.04226 exit=142.07700 pnl=+697.11 (+1.50R) bars_held=13 (ticket=118)
16:17:43 INFO  BacktestEngine: [2024-09-11 03:00] ENTRY USDJPY SHORT @ 142.28647 SL=143.20300 TP=140.91200 (ticket=119)
16:17:43 INFO  Backtest: [EXIT-TP] USDJPY SHORT entry=142.28529 exit=140.91200 pnl=+994.15 (+1.49R) bars_held=3 (ticket=119)
16:17:43 INFO  BacktestEngine: [2024-09-11 07:00] ENTRY USDJPY SHORT @ 141.08581 SL=142.31400 TP=139.24300 (ticket=120)
16:17:45 INFO  Backtest: [STALE-SL] bar=2259 USDJPY short open 6.0h still losing (-0.49R) — SL tightened 142.31400→141.69762 (cap at 0.50R, atr_ratio=1.00, progress=0%) (ticket=120)
16:17:45 INFO  Backtest: [EXIT-SL] USDJPY SHORT entry=141.08124 exit=141.69762 pnl=-340.74 (-0.51R) bars_held=7 (ticket=120)
16:17:52 INFO  BacktestEngine: [2024-09-13 06:00] ENTRY USDJPY SHORT @ 140.97750 SL=142.19800 TP=139.14700 (ticket=121)
16:17:54 INFO  Backtest: [STALE-WIN] bar=2312 USDJPY short open 12.0h, profit stalling (now +0.14R, peak +0.51R) — SL→BE 142.19800→141.16041 (ticket=121)
  [USDJPY] 1792/5122 bars (35%)
16:17:55 INFO  BacktestEngine: [2024-09-16 05:00] ENTRY USDJPY SHORT @ 140.53650 SL=141.19000 TP=139.55600 (ticket=122)
16:17:56 INFO  Backtest: [PARTIAL-TP1] bar=2326 USDJPY short closed 20% @ 139.85000 (+1R) SL: 141.19000→140.63398 (BE+15%R) rem_qty=0.91 rem_risk=$542.27 (ticket=122)
16:17:57 INFO  Backtest: [EXIT-SL] USDJPY SHORT entry=140.53585 exit=140.63398 pnl=-87.82 (-0.16R) bars_held=11 (ticket=122)
16:17:58 INFO  BacktestEngine: [2024-09-16 20:00] ENTRY USDJPY LONG @ 140.67850 SL=139.94200 TP=141.78400 (ticket=123)
16:17:58 INFO  Backtest: [EXIT-TIME-STOP] USDJPY LONG entry=140.67385 exit=140.86500 pnl=+198.66 (+0.25R) (ticket=123)
16:18:02 INFO  BacktestEngine: [2024-09-17 20:00] ENTRY USDJPY LONG @ 141.90550 SL=141.17000 TP=143.15700 (ticket=124)
16:18:02 INFO  Backtest: [EXIT-TIME-STOP] USDJPY LONG entry=141.90509 exit=142.04400 pnl=+122.99 (+0.18R) (ticket=124)
16:18:03 INFO  BacktestEngine: [2024-09-18 06:00] ENTRY USDJPY SHORT @ 141.38950 SL=142.05100 TP=140.39700 (ticket=125)
16:18:04 INFO  Backtest: [STALE-SL] bar=2378 USDJPY short open 6.0h still losing (-0.33R) — SL tightened 142.05100→141.71433 (cap at 0.49R, atr_ratio=0.98, progress=0%) (ticket=125)
16:18:04 INFO  Backtest: [EXIT-SL] USDJPY SHORT entry=141.38780 exit=141.71433 pnl=-276.77 (-0.51R) bars_held=7 (ticket=125)
16:18:10 INFO  BacktestEngine: [2024-09-23 10:00] ENTRY USDJPY SHORT @ 143.66402 SL=144.41100 TP=142.54400 (ticket=126)
16:18:11 INFO  Backtest: [STALE-SL] bar=2454 USDJPY short open 6.0h still losing (-0.14R) — SL tightened 144.41100→144.03845 (cap at 0.50R, atr_ratio=1.00, progress=0%) (ticket=126)
16:18:12 INFO  Backtest: [STALE-WIN] bar=2460 USDJPY short open 12.0h, profit stalling (now +0.11R, peak +0.47R) — SL→BE 144.03845→143.77766 (ticket=126)
16:18:12 INFO  Backtest: [EXIT-SL] USDJPY SHORT entry=143.66590 exit=143.77766 pnl=-110.88 (-0.16R) bars_held=15 (ticket=126)
16:18:14 INFO  BacktestEngine: [2024-09-24 18:00] ENTRY USDJPY SHORT @ 143.77350 SL=144.55900 TP=142.59500 (ticket=127)
16:18:16 INFO  Backtest: [PARTIAL-TP1] bar=2487 USDJPY short closed 20% @ 142.94800 (+1R) SL: 144.55900→143.88992 (BE+15%R) rem_qty=0.77 rem_risk=$549.07 (ticket=127)
16:18:17 INFO  Backtest: [EXIT-SL] USDJPY SHORT entry=143.77185 exit=143.88992 pnl=-87.89 (-0.16R) bars_held=15 (ticket=127)
16:18:19 INFO  BacktestEngine: [2024-09-26 00:00] ENTRY USDJPY LONG @ 144.69050 SL=143.83600 TP=145.97200 (ticket=128)
16:18:19 INFO  Backtest: [EXIT-TIME-STOP] USDJPY LONG entry=144.66753 exit=144.83400 pnl=+140.15 (+0.19R) (ticket=128)
16:18:19 INFO  BacktestEngine: [2024-09-26 07:00] ENTRY USDJPY SHORT @ 144.68773 SL=145.25900 TP=143.83100 (ticket=129)
16:18:20 INFO  Backtest: [STALE-WIN] bar=2524 USDJPY short open 7.0h, profit stalling (now +0.22R, peak +0.92R) — SL→BE 145.25900→144.77428 (ticket=129)
16:18:20 INFO  Backtest: [EXIT-SL] USDJPY SHORT entry=144.68874 exit=144.77428 pnl=-105.20 (-0.16R) bars_held=9 (ticket=129)
16:18:21 INFO  BacktestEngine: [2024-09-27 02:00] ENTRY USDJPY LONG @ 145.08450 SL=144.37400 TP=146.15000 (ticket=130)
16:18:21 INFO  Backtest: [EXIT-TIME-STOP] USDJPY LONG entry=145.06177 exit=145.79400 pnl=+665.92 (+1.02R) (ticket=130)
16:18:21 INFO  BacktestEngine: [2024-09-27 07:00] ENTRY USDJPY LONG @ 145.79672 SL=144.66500 TP=147.49500 (ticket=131)
16:18:21 INFO  Backtest: [EXIT-SL] USDJPY LONG entry=145.78639 exit=144.66500 pnl=-657.58 (-1.00R) bars_held=1 (ticket=131)
16:18:22 INFO  BacktestEngine: [2024-09-27 10:00] ENTRY USDJPY SHORT @ 143.18809 SL=144.48400 TP=141.24400 (ticket=132)
16:18:22 INFO  BacktestEngine: [2024-09-30 00:00] ENTRY USDJPY SHORT @ 142.25250 SL=143.80700 TP=139.92000 (ticket=133)
16:18:23 INFO  Backtest: [STALE-SL] bar=2567 USDJPY short open 9.0h still losing (-0.07R) — SL tightened 143.80700→142.81755 (cap at 0.36R, atr_ratio=0.81, progress=25%) (ticket=133)
16:18:23 INFO  Backtest: [STALE-SL] bar=2569 USDJPY short open 11.0h still losing (-0.18R) — SL tightened 142.81755→142.78625 (cap at 0.34R, atr_ratio=0.83, progress=42%) (ticket=133)
16:18:23 INFO  Backtest: [EXIT-SL] USDJPY SHORT entry=142.25096 exit=142.78625 pnl=-163.06 (-0.35R) bars_held=12 (ticket=133)
  [USDJPY] 2048/5122 bars (40%)
16:18:24 INFO  BacktestEngine: [2024-09-30 21:00] ENTRY USDJPY LONG @ 143.68863 SL=142.32700 TP=145.73100 (ticket=134)
16:18:25 INFO  Backtest: [EXIT-TIME-STOP] USDJPY LONG entry=143.68237 exit=143.71400 pnl=+9.80 (+0.02R) (ticket=134)
16:18:25 INFO  BacktestEngine: [2024-10-01 03:00] ENTRY USDJPY LONG @ 143.96510 SL=142.77500 TP=145.75100 (ticket=135)
16:18:25 INFO  Backtest: [EXIT-TIME-STOP] USDJPY LONG entry=143.96645 exit=144.25900 pnl=+165.90 (+0.24R) (ticket=135)
16:18:25 INFO  BacktestEngine: [2024-10-01 08:00] ENTRY USDJPY LONG @ 144.26050 SL=143.52300 TP=145.57100 (ticket=136)
16:18:26 INFO  Backtest: [EXIT-TIME-STOP] USDJPY LONG entry=144.27322 exit=143.73800 pnl=-513.81 (-0.74R) (ticket=136)
16:18:26 INFO  BacktestEngine: [2024-10-01 13:00] ENTRY USDJPY SHORT @ 143.73650 SL=144.46900 TP=142.63800 (ticket=137)
16:18:27 INFO  Backtest: [STALE-SL] bar=2601 USDJPY short open 6.0h still losing (-0.11R) — SL tightened 144.46900→144.10069 (cap at 0.50R, atr_ratio=1.00, progress=0%) (ticket=137)
16:18:28 INFO  Backtest: [STALE-SL] bar=2608 USDJPY short open 13.0h still losing (-0.11R) — SL tightened 144.10069→144.01475 (cap at 0.38R, atr_ratio=1.00, progress=58%) (ticket=137)
16:18:28 INFO  Backtest: [STALE-SL] bar=2609 USDJPY short open 14.0h still losing (-0.23R) — SL tightened 144.01475→144.00247 (cap at 0.37R, atr_ratio=1.00, progress=67%) (ticket=137)
16:18:28 INFO  Backtest: [EXIT-SL] USDJPY SHORT entry=143.73237 exit=144.00247 pnl=-224.98 (-0.38R) bars_held=15 (ticket=137)
16:18:29 INFO  BacktestEngine: [2024-10-02 15:00] ENTRY USDJPY LONG @ 145.37142 SL=144.40800 TP=146.81600 (ticket=138)
16:18:30 INFO  Backtest: [EXIT-TIME-STOP] USDJPY LONG entry=145.37047 exit=146.17000 pnl=+655.72 (+0.82R) (ticket=138)
16:18:30 INFO  BacktestEngine: [2024-10-02 20:00] ENTRY USDJPY LONG @ 146.17150 SL=144.86200 TP=148.13600 (ticket=139)
16:18:30 INFO  Backtest: [EXIT-TIME-STOP] USDJPY LONG entry=146.16706 exit=146.59100 pnl=+253.79 (+0.32R) (ticket=139)
16:18:31 INFO  BacktestEngine: [2024-10-03 02:00] ENTRY USDJPY LONG @ 146.57650 SL=145.37000 TP=148.38700 (ticket=140)
16:18:31 INFO  Backtest: [EXIT-TIME-STOP] USDJPY LONG entry=146.57079 exit=146.72200 pnl=+87.50 (+0.12R) (ticket=140)
16:18:31 INFO  BacktestEngine: [2024-10-03 08:00] ENTRY USDJPY SHORT @ 146.55450 SL=147.31000 TP=145.21200 (ticket=141)
16:18:32 INFO  Backtest: [STALE-SL] bar=2644 USDJPY short open 6.0h still losing (-0.29R) — SL tightened 147.31000→146.93129 (cap at 0.50R, atr_ratio=1.00, progress=0%) (ticket=141)
16:18:32 INFO  Backtest: [STALE-SL] bar=2645 USDJPY short open 7.0h still losing (-0.09R) — SL tightened 146.93129→146.91867 (cap at 0.48R, atr_ratio=1.00, progress=8%) (ticket=141)
16:18:32 INFO  Backtest: [EXIT-SL] USDJPY SHORT entry=146.55259 exit=146.91867 pnl=-309.52 (-0.49R) bars_held=8 (ticket=141)
  [USDJPY] 2304/5122 bars (45%)
16:19:11 INFO  BacktestEngine: [2024-10-23 06:00] ENTRY USDJPY LONG @ 151.74550 SL=151.09100 TP=152.72700 (ticket=142)
16:19:12 INFO  Backtest: [PARTIAL-TP1] bar=2976 USDJPY long closed 20% @ 152.41600 (+1R) SL: 151.09100→151.64648 (BE+15%R) rem_qty=1.05 rem_risk=$623.96 (ticket=142)
16:19:12 INFO  Backtest: [EXIT-TP] USDJPY LONG entry=151.74451 exit=152.72700 pnl=+929.64 (+1.49R) bars_held=5 (ticket=142)
16:19:12 INFO  BacktestEngine: [2024-10-23 12:00] ENTRY USDJPY LONG @ 152.72559 SL=151.93300 TP=153.91400 (ticket=143)
16:19:13 INFO  Backtest: [STALE-WIN] bar=2985 USDJPY long open 7.0h, profit stalling (now +0.06R, peak +0.44R) — SL→BE 151.93300→152.60445 (ticket=143)
16:19:13 INFO  Backtest: [EXIT-SL] USDJPY LONG entry=152.72294 exit=152.60445 pnl=-125.16 (-0.16R) bars_held=8 (ticket=143)
16:19:20 INFO  BacktestEngine: [2024-10-25 19:00] ENTRY USDJPY LONG @ 152.19950 SL=151.52400 TP=153.21200 (ticket=144)
  [USDJPY] 2560/5122 bars (50%)
16:19:37 INFO  BacktestEngine: [2024-11-04 03:00] ENTRY USDJPY SHORT @ 151.78630 SL=152.91500 TP=150.09400 (ticket=145)
16:19:37 INFO  Backtest: [EXIT-TIME-STOP] USDJPY SHORT entry=151.78194 exit=152.14600 pnl=-182.68 (-0.33R) (ticket=145)
16:19:38 INFO  BacktestEngine: [2024-11-04 13:00] ENTRY USDJPY SHORT @ 151.54934 SL=152.54100 TP=150.06300 (ticket=148)
16:19:39 INFO  Backtest: [EXIT-TIME-STOP] USDJPY SHORT entry=151.55413 exit=152.02100 pnl=-267.75 (-0.48R) (ticket=148)
16:19:40 INFO  BacktestEngine: [2024-11-04 22:00] ENTRY USDJPY LONG @ 152.14950 SL=151.57300 TP=153.01400 (ticket=152)
16:19:41 INFO  Backtest: [STALE-WIN] bar=3189 USDJPY long open 10.0h, profit stalling (now +0.20R, peak +0.54R) — SL→BE 151.57300→152.06616 (ticket=152)
16:19:42 INFO  Backtest: [EXIT-SL] USDJPY LONG entry=152.15319 exit=152.06616 pnl=-106.88 (-0.16R) bars_held=16 (ticket=152)
16:19:43 INFO  BacktestEngine: [2024-11-06 03:00] ENTRY USDJPY LONG @ 152.92685 SL=151.83100 TP=154.57000 (ticket=153)
16:19:43 INFO  Backtest: [PARTIAL-TP1] bar=3208 USDJPY long closed 20% @ 154.05000 (+1R) SL: 151.83100→152.76390 (BE+15%R) rem_qty=0.59 rem_risk=$590.11 (ticket=153)
16:19:45 INFO  Backtest: [EXIT-TP] USDJPY LONG entry=152.92853 exit=154.57000 pnl=+880.15 (+1.49R) bars_held=14 (ticket=153)
16:19:45 INFO  BacktestEngine: [2024-11-06 18:00] ENTRY USDJPY LONG @ 154.58450 SL=153.12800 TP=156.76900 (ticket=154)
16:19:46 INFO  Backtest: [STALE-SL] bar=3229 USDJPY long open 6.0h still losing (-0.19R) — SL tightened 153.12800→154.13721 (cap at 0.31R, atr_ratio=0.62, progress=0%) (ticket=154)
16:19:46 INFO  Backtest: [STALE-SL] bar=3232 USDJPY long open 9.0h still losing (-0.10R) — SL tightened 154.14133→154.15619 (cap at 0.30R, atr_ratio=0.66, progress=25%) (ticket=154)
16:19:46 INFO  Backtest: [STALE-SL] bar=3233 USDJPY long open 10.0h still losing (-0.18R) — SL tightened 154.15619→154.18647 (cap at 0.27R, atr_ratio=0.63, progress=33%) (ticket=154)
16:19:46 INFO  Backtest: [EXIT-SL] USDJPY LONG entry=154.58655 exit=154.18647 pnl=-207.80 (-0.28R) bars_held=11 (ticket=154)
16:19:48 INFO  BacktestEngine: [2024-11-07 16:00] ENTRY USDJPY SHORT @ 153.21955 SL=154.30800 TP=151.58700 (ticket=155)
16:19:48 INFO  Backtest: [EXIT-TIME-STOP] USDJPY SHORT entry=153.22064 exit=153.08400 pnl=+73.93 (+0.12R) (ticket=155)
16:19:49 INFO  BacktestEngine: [2024-11-07 22:00] ENTRY USDJPY SHORT @ 152.84879 SL=154.01200 TP=151.10400 (ticket=156)
16:19:49 INFO  Backtest: [EXIT-TIME-STOP] USDJPY SHORT entry=152.85369 exit=153.09500 pnl=-133.69 (-0.21R) (ticket=156)
16:19:50 INFO  BacktestEngine: [2024-11-08 10:00] ENTRY USDJPY SHORT @ 152.34479 SL=153.02500 TP=151.32500 (ticket=157)
16:19:51 INFO  Backtest: [EXIT-TIME-STOP] USDJPY SHORT entry=152.34581 exit=152.74000 pnl=-402.28 (-0.59R) (ticket=157)
16:19:51 INFO  BacktestEngine: [2024-11-08 19:00] ENTRY USDJPY LONG @ 152.65650 SL=151.97400 TP=153.68100 (ticket=159)
16:19:52 INFO  BacktestEngine: [2024-11-11 00:00] ENTRY USDJPY LONG @ 152.66250 SL=152.04800 TP=153.58400 (ticket=160)
16:19:52 INFO  Backtest: [PARTIAL-TP1] bar=3280 USDJPY long closed 20% @ 153.38800 (+1R) SL: 152.04800→152.59024 (BE+15%R) rem_qty=1.05 rem_risk=$586.08 (ticket=160)
16:19:52 INFO  Backtest: [EXIT-TP] USDJPY LONG entry=152.68593 exit=153.58400 pnl=+849.14 (+1.45R) bars_held=5 (ticket=160)
16:19:52 INFO  BacktestEngine: [2024-11-11 06:00] ENTRY USDJPY LONG @ 153.57450 SL=152.67200 TP=154.92800 (ticket=161)
16:19:55 INFO  Backtest: [EXIT-TIME-STOP] USDJPY LONG entry=153.57616 exit=153.70400 pnl=+98.40 (+0.13R) (ticket=161)
16:19:56 INFO  BacktestEngine: [2024-11-12 08:00] ENTRY USDJPY LONG @ 153.78478 SL=153.31200 TP=154.49300 (ticket=162)
16:19:57 INFO  Backtest: [PARTIAL-TP1] bar=3315 USDJPY long closed 20% @ 154.38100 (+1R) SL: 153.31200→153.71455 (BE+15%R) rem_qty=1.40 rem_risk=$601.72 (ticket=162)
16:19:57 INFO  Backtest: [EXIT-TP] USDJPY LONG entry=153.78559 exit=154.49300 pnl=+891.44 (+1.48R) bars_held=7 (ticket=162)
16:19:58 INFO  BacktestEngine: [2024-11-12 16:00] ENTRY USDJPY LONG @ 154.41550 SL=153.65700 TP=155.55400 (ticket=163)
16:19:59 INFO  Backtest: [STALE-WIN] bar=3324 USDJPY long open 7.0h, profit stalling (now +0.13R, peak +0.48R) — SL→BE 153.65700→154.30453 (ticket=163)
16:20:00 INFO  Backtest: [EXIT-TIME-STOP] USDJPY LONG entry=154.41880 exit=155.11200 pnl=+686.19 (+0.90R) (ticket=163)
16:20:00 INFO  BacktestEngine: [2024-11-13 09:00] ENTRY USDJPY LONG @ 155.11350 SL=154.45200 TP=156.10600 (ticket=164)
16:20:01 INFO  Backtest: [EXIT-SL] USDJPY LONG entry=155.11475 exit=154.45200 pnl=-756.53 (-1.01R) bars_held=5 (ticket=164)
16:20:01 INFO  BacktestEngine: [2024-11-13 17:00] ENTRY USDJPY LONG @ 154.98783 SL=154.38000 TP=155.89900 (ticket=165)
  [USDJPY] 2816/5122 bars (55%)
16:20:03 INFO  Backtest: [PARTIAL-TP1] bar=3350 USDJPY long closed 20% @ 155.72000 (+1R) SL: 154.38000→154.89673 (BE+15%R) rem_qty=1.07 rem_risk=$592.71 (ticket=165)
16:20:03 INFO  Backtest: [EXIT-TP] USDJPY LONG entry=154.98792 exit=155.89900 pnl=+881.27 (+1.49R) bars_held=9 (ticket=165)
16:20:03 INFO  BacktestEngine: [2024-11-14 03:00] ENTRY USDJPY LONG @ 155.86850 SL=155.01300 TP=157.15100 (ticket=166)
16:20:05 INFO  Backtest: [STALE-SL] bar=3364 USDJPY long open 12.0h still losing (-0.08R) — SL tightened 155.01300→155.57984 (cap at 0.34R, atr_ratio=0.84, progress=50%) (ticket=166)
16:20:05 INFO  Backtest: [EXIT-TIME-STOP] USDJPY LONG entry=155.86745 exit=155.89400 pnl=+19.22 (+0.02R) (ticket=166)
16:20:06 INFO  BacktestEngine: [2024-11-14 23:00] ENTRY USDJPY LONG @ 156.23850 SL=155.61900 TP=157.16800 (ticket=167)
16:20:07 INFO  Backtest: [STALE-WIN] bar=3378 USDJPY long open 6.0h, profit stalling (now +0.16R, peak +0.59R) — SL→BE 155.61900→156.16048 (ticket=167)
16:20:07 INFO  Backtest: [EXIT-SL] USDJPY LONG entry=156.25604 exit=156.16048 pnl=-144.69 (-0.17R) bars_held=8 (ticket=167)
16:20:08 INFO  BacktestEngine: [2024-11-15 12:00] ENTRY USDJPY SHORT @ 155.30050 SL=156.31400 TP=153.78100 (ticket=168)
16:20:08 INFO  Backtest: [EXIT-TIME-STOP] USDJPY SHORT entry=155.29945 exit=154.94800 pnl=+197.07 (+0.34R) (ticket=168)
16:20:09 INFO  BacktestEngine: [2024-11-15 17:00] ENTRY USDJPY SHORT @ 154.94470 SL=155.76100 TP=153.49400 (ticket=169)
16:20:09 INFO  BacktestEngine: [2024-11-18 01:00] ENTRY USDJPY LONG @ 154.64450 SL=153.83500 TP=156.08300 (ticket=170)
16:20:10 INFO  Backtest: [STALE-SL] bar=3404 USDJPY long open 6.0h still losing (-0.08R) — SL tightened 153.83500→154.24114 (cap at 0.50R, atr_ratio=1.00, progress=0%) (ticket=170)
16:20:10 INFO  Backtest: [STALE-SL] bar=3405 USDJPY long open 7.0h still losing (-0.10R) — SL tightened 154.24114→154.25468 (cap at 0.48R, atr_ratio=1.00, progress=8%) (ticket=170)
16:20:11 INFO  Backtest: [STALE-WIN] bar=3411 USDJPY long open 13.0h, profit stalling (now +0.32R, peak +0.76R) — SL→BE 154.25468→154.52543 (ticket=170)
16:20:12 INFO  Backtest: [EXIT-TIME-STOP] USDJPY LONG entry=154.64727 exit=154.79900 pnl=+119.27 (+0.18R) (ticket=170)
16:20:12 INFO  BacktestEngine: [2024-11-18 18:00] ENTRY USDJPY LONG @ 154.80050 SL=153.98500 TP=156.02300 (ticket=171)
16:20:13 INFO  Backtest: [STALE-SL] bar=3421 USDJPY long open 6.0h still losing (-0.22R) — SL tightened 153.98500→154.48351 (cap at 0.38R, atr_ratio=0.77, progress=0%) (ticket=171)
16:20:13 INFO  Backtest: [EXIT-SL] USDJPY LONG entry=154.79534 exit=154.48351 pnl=-264.59 (-0.39R) bars_held=7 (ticket=171)
16:20:13 INFO  BacktestEngine: [2024-11-19 03:00] ENTRY USDJPY SHORT @ 154.11269 SL=155.12000 TP=152.60200 (ticket=172)
16:20:14 INFO  Backtest: [EXIT-TIME-STOP] USDJPY SHORT entry=154.11181 exit=154.50900 pnl=-195.28 (-0.40R) (ticket=172)
16:20:14 INFO  BacktestEngine: [2024-11-19 13:00] ENTRY USDJPY LONG @ 154.08489 SL=153.22900 TP=155.60700 (ticket=176)
16:20:18 INFO  Backtest: [PARTIAL-TP1] bar=3449 USDJPY long closed 20% @ 154.95400 (+1R) SL: 153.22900→153.95456 (BE+15%R) rem_qty=0.58 rem_risk=$455.09 (ticket=176)
16:20:18 INFO  Backtest: [EXIT-TIME-STOP] USDJPY LONG entry=154.08260 exit=155.05400 pnl=+512.15 (+1.13R) (ticket=176)
16:20:18 INFO  BacktestEngine: [2024-11-20 07:00] ENTRY USDJPY LONG @ 155.18850 SL=154.45100 TP=156.29500 (ticket=177)
16:20:19 INFO  Backtest: [STALE-WIN] bar=3460 USDJPY long open 8.0h, profit stalling (now +0.56R, peak +0.88R) — SL→BE 154.45100→155.07732 (ticket=177)
16:20:19 INFO  Backtest: [EXIT-SL] USDJPY LONG entry=155.18785 exit=155.07732 pnl=-134.48 (-0.16R) bars_held=9 (ticket=177)
16:20:19 INFO  BacktestEngine: [2024-11-20 17:00] ENTRY USDJPY LONG @ 155.53157 SL=154.88100 TP=156.68800 (ticket=178)
16:20:21 INFO  Backtest: [STALE-SL] bar=3468 USDJPY long open 6.0h still losing (-0.29R) — SL tightened 154.88100→155.21139 (cap at 0.49R, atr_ratio=0.98, progress=0%) (ticket=178)
16:20:21 INFO  Backtest: [STALE-SL] bar=3469 USDJPY long open 7.0h still losing (-0.39R) — SL tightened 155.21139→155.22517 (cap at 0.47R, atr_ratio=0.97, progress=8%) (ticket=178)
16:20:21 INFO  Backtest: [EXIT-SL] USDJPY LONG entry=155.53045 exit=155.22517 pnl=-401.58 (-0.48R) bars_held=8 (ticket=178)
16:20:22 INFO  BacktestEngine: [2024-11-21 08:00] ENTRY USDJPY SHORT @ 154.75564 SL=155.35800 TP=153.85100 (ticket=180)
16:20:22 INFO  Backtest: [EXIT-TIME-STOP] USDJPY SHORT entry=154.76137 exit=154.52800 pnl=+269.03 (+0.37R) (ticket=180)
16:20:23 INFO  BacktestEngine: [2024-11-21 13:00] ENTRY USDJPY SHORT @ 154.52650 SL=155.20500 TP=153.32000 (ticket=181)
16:20:23 INFO  Backtest: [EXIT-TIME-STOP] USDJPY SHORT entry=154.52070 exit=154.65400 pnl=-150.11 (-0.21R) (ticket=181)
16:20:24 INFO  BacktestEngine: [2024-11-21 18:00] ENTRY USDJPY LONG @ 154.65550 SL=153.86100 TP=156.06800 (ticket=182)
16:20:24 INFO  Backtest: [STALE-SL] bar=3493 USDJPY long open 6.0h still losing (-0.63R) — SL tightened 153.86100→154.34549 (cap at 0.39R, atr_ratio=0.78, progress=0%) (ticket=182)
16:20:24 INFO  Backtest: [EXIT-SL] USDJPY LONG entry=154.65594 exit=154.34549 pnl=-338.72 (-0.40R) bars_held=7 (ticket=182)
16:20:25 INFO  BacktestEngine: [2024-11-22 07:00] ENTRY USDJPY LONG @ 154.70476 SL=154.06500 TP=155.66400 (ticket=183)
16:20:26 INFO  Backtest: [STALE-SL] bar=3506 USDJPY long open 6.0h still losing (-0.32R) — SL tightened 154.06500→154.38558 (cap at 0.50R, atr_ratio=1.00, progress=0%) (ticket=183)
16:20:26 INFO  Backtest: [EXIT-SL] USDJPY LONG entry=154.70616 exit=154.38558 pnl=-400.30 (-0.51R) bars_held=7 (ticket=183)
16:20:27 INFO  BacktestEngine: [2024-11-22 19:00] ENTRY USDJPY LONG @ 154.75750 SL=154.05000 TP=155.81900 (ticket=187)
16:20:27 INFO  BacktestEngine: [2024-11-25 01:00] ENTRY USDJPY SHORT @ 154.14924 SL=154.81900 TP=153.14500 (ticket=188)
16:20:28 INFO  Backtest: [EXIT-TIME-STOP] USDJPY SHORT entry=154.14420 exit=154.09600 pnl=+46.82 (+0.06R) (ticket=188)
16:20:29 INFO  BacktestEngine: [2024-11-25 10:00] ENTRY USDJPY LONG @ 154.69450 SL=153.99200 TP=155.74800 (ticket=189)
16:20:29 INFO  Backtest: [EXIT-SL] USDJPY LONG entry=154.69711 exit=153.99200 pnl=-921.08 (-1.02R) bars_held=4 (ticket=189)
16:20:33 INFO  BacktestEngine: [2024-11-26 19:00] ENTRY USDJPY SHORT @ 153.32450 SL=154.30000 TP=151.86200 (ticket=190)
16:20:34 INFO  Backtest: [EXIT-TIME-STOP] USDJPY SHORT entry=153.32030 exit=153.07200 pnl=+192.68 (+0.25R) (ticket=190)
  [USDJPY] 3072/5122 bars (60%)
16:20:47 INFO  BacktestEngine: [2024-12-03 07:00] ENTRY USDJPY LONG @ 150.02750 SL=149.35100 TP=151.04200 (ticket=191)
16:20:48 INFO  Backtest: [STALE-SL] bar=3674 USDJPY long open 6.0h still losing (-0.51R) — SL tightened 149.35100→149.72990 (cap at 0.44R, atr_ratio=0.88, progress=0%) (ticket=191)
16:20:48 INFO  Backtest: [EXIT-SL] USDJPY LONG entry=150.02878 exit=149.72990 pnl=-410.11 (-0.45R) bars_held=7 (ticket=191)
16:20:48 INFO  BacktestEngine: [2024-12-03 17:00] ENTRY USDJPY SHORT @ 149.14573 SL=150.32300 TP=147.38000 (ticket=192)
16:20:49 INFO  Backtest: [EXIT-TIME-STOP] USDJPY SHORT entry=149.14927 exit=149.45500 pnl=-205.36 (-0.27R) (ticket=192)
16:20:50 INFO  BacktestEngine: [2024-12-04 02:00] ENTRY USDJPY LONG @ 149.87261 SL=149.16300 TP=150.93700 (ticket=195)
16:20:51 INFO  Backtest: [PARTIAL-TP1] bar=3695 USDJPY long closed 20% @ 150.62600 (+1R) SL: 149.16300→149.76792 (BE+15%R) rem_qty=0.98 rem_risk=$630.11 (ticket=195)
16:20:51 INFO  Backtest: [EXIT-TP] USDJPY LONG entry=149.87467 exit=150.93700 pnl=+936.69 (+1.49R) bars_held=10 (ticket=195)
16:20:51 INFO  BacktestEngine: [2024-12-04 13:00] ENTRY USDJPY LONG @ 150.88850 SL=149.80400 TP=152.51600 (ticket=196)
16:20:52 INFO  Backtest: [STALE-SL] bar=3704 USDJPY long open 6.0h still losing (-0.44R) — SL tightened 149.80400→150.34759 (cap at 0.50R, atr_ratio=1.00, progress=0%) (ticket=196)
16:20:52 INFO  Backtest: [EXIT-SL] USDJPY LONG entry=150.89118 exit=150.34759 pnl=-406.35 (-0.51R) bars_held=7 (ticket=196)
16:20:52 INFO  BacktestEngine: [2024-12-04 21:00] ENTRY USDJPY LONG @ 150.44169 SL=149.45100 TP=151.92800 (ticket=197)
16:20:53 INFO  Backtest: [STALE-SL] bar=3712 USDJPY long open 6.0h still losing (-0.11R) — SL tightened 149.45100→149.96960 (cap at 0.48R, atr_ratio=0.95, progress=0%) (ticket=197)
16:20:53 INFO  Backtest: [STALE-SL] bar=3713 USDJPY long open 7.0h still losing (-0.16R) — SL tightened 149.96960→149.98775 (cap at 0.46R, atr_ratio=0.95, progress=8%) (ticket=197)
16:20:54 INFO  Backtest: [STALE-SL] bar=3714 USDJPY long open 8.0h still losing (-0.05R) — SL tightened 149.98775→150.02986 (cap at 0.42R, atr_ratio=0.89, progress=17%) (ticket=197)
16:20:54 INFO  Backtest: [EXIT-SL] USDJPY LONG entry=150.44226 exit=150.02986 pnl=-336.41 (-0.42R) bars_held=9 (ticket=197)
16:20:55 INFO  BacktestEngine: [2024-12-05 14:00] ENTRY USDJPY LONG @ 150.40074 SL=149.68800 TP=151.47000 (ticket=198)
16:20:56 INFO  Backtest: [STALE-SL] bar=3729 USDJPY long open 6.0h still losing (-0.53R) — SL tightened 149.68800→150.04172 (cap at 0.50R, atr_ratio=1.00, progress=0%) (ticket=198)
16:20:56 INFO  Backtest: [EXIT-SL] USDJPY LONG entry=150.39544 exit=150.04172 pnl=-447.28 (-0.51R) bars_held=7 (ticket=198)
16:20:58 INFO  BacktestEngine: [2024-12-06 11:00] ENTRY USDJPY LONG @ 150.57460 SL=149.92900 TP=151.54300 (ticket=199)
16:20:59 INFO  Backtest: [EXIT-SL] USDJPY LONG entry=150.57158 exit=149.92900 pnl=-674.59 (-1.01R) bars_held=3 (ticket=199)
16:20:59 INFO  BacktestEngine: [2024-12-06 19:00] ENTRY USDJPY LONG @ 149.96450 SL=149.23600 TP=151.05700 (ticket=200)
16:20:59 INFO  BacktestEngine: [2024-12-09 00:00] ENTRY USDJPY LONG @ 149.99050 SL=149.37800 TP=150.90900 (ticket=201)
16:21:00 INFO  Backtest: [STALE-SL] bar=3763 USDJPY long open 6.0h still losing (-0.03R) — SL tightened 149.37800→149.75886 (cap at 0.37R, atr_ratio=0.74, progress=0%) (ticket=201)
16:21:01 INFO  Backtest: [PARTIAL-TP1] bar=3770 USDJPY long closed 20% @ 150.76500 (+1R) SL: 149.75886→149.89129 (BE+15%R) rem_qty=1.06 rem_risk=$588.46 (ticket=201)
16:21:01 INFO  Backtest: [EXIT-TP] USDJPY LONG entry=149.98187 exit=150.90900 pnl=+883.54 (+1.50R) bars_held=14 (ticket=201)
16:21:02 INFO  BacktestEngine: [2024-12-09 15:00] ENTRY USDJPY LONG @ 150.87554 SL=150.08600 TP=152.06100 (ticket=202)
16:21:03 INFO  Backtest: [STALE-WIN] bar=3784 USDJPY long open 12.0h, profit stalling (now +0.41R, peak +0.71R) — SL→BE 150.08600→150.75857 (ticket=202)
16:21:04 INFO  Backtest: [EXIT-TIME-STOP] USDJPY LONG entry=150.87725 exit=151.22100 pnl=+314.98 (+0.43R) (ticket=202)
16:21:06 INFO  BacktestEngine: [2024-12-11 12:00] ENTRY USDJPY LONG @ 152.59252 SL=151.46100 TP=154.28900 (ticket=203)
16:21:07 INFO  Backtest: [STALE-SL] bar=3823 USDJPY long open 6.0h still losing (-0.08R) — SL tightened 151.46100→152.02495 (cap at 0.50R, atr_ratio=1.00, progress=0%) (ticket=203)
16:21:08 INFO  Backtest: [STALE-SL] bar=3827 USDJPY long open 10.0h still losing (-0.19R) — SL tightened 152.02495→152.10014 (cap at 0.43R, atr_ratio=1.00, progress=33%) (ticket=203)
16:21:08 INFO  Backtest: [STALE-SL] bar=3828 USDJPY long open 11.0h still losing (-0.16R) — SL tightened 152.10014→152.11894 (cap at 0.42R, atr_ratio=1.00, progress=42%) (ticket=203)
16:21:08 INFO  Backtest: [STALE-SL] bar=3829 USDJPY long open 12.0h still losing (-0.29R) — SL tightened 152.11894→152.13774 (cap at 0.40R, atr_ratio=1.00, progress=50%) (ticket=203)
16:21:08 INFO  Backtest: [EXIT-SL] USDJPY LONG entry=152.58890 exit=152.13774 pnl=-346.57 (-0.41R) bars_held=13 (ticket=203)
16:21:09 INFO  BacktestEngine: [2024-12-12 04:00] ENTRY USDJPY LONG @ 152.31885 SL=151.34100 TP=153.78600 (ticket=204)
16:21:10 INFO  Backtest: [STALE-SL] bar=3840 USDJPY long open 7.0h still losing (-0.00R) — SL tightened 151.34100→151.93118 (cap at 0.40R, atr_ratio=0.82, progress=8%) (ticket=204)
16:21:10 INFO  Backtest: [STALE-SL] bar=3842 USDJPY long open 9.0h still losing (-0.05R) — SL tightened 151.93118→151.94238 (cap at 0.38R, atr_ratio=0.85, progress=25%) (ticket=204)
16:21:10 INFO  Backtest: [EXIT-SL] USDJPY LONG entry=152.31665 exit=151.94238 pnl=-319.78 (-0.39R) bars_held=10 (ticket=204)
16:21:11 INFO  BacktestEngine: [2024-12-12 21:00] ENTRY USDJPY LONG @ 152.53650 SL=151.87700 TP=153.52500 (ticket=205)
  [USDJPY] 3328/5122 bars (65%)
16:21:13 INFO  Backtest: [STALE-WIN] bar=3860 USDJPY long open 10.0h, profit stalling (now +0.26R, peak +0.63R) — SL→BE 151.87700→152.43816 (ticket=205)
16:21:13 INFO  Backtest: [PARTIAL-TP1] bar=3863 USDJPY long closed 20% @ 153.41000 (+1R) SL: 152.43816→152.43816 (BE+15%R) rem_qty=1.09 rem_risk=$652.52 (ticket=205)
16:21:13 INFO  Backtest: [EXIT-TP] USDJPY LONG entry=152.53718 exit=153.52500 pnl=+970.40 (+1.49R) bars_held=15 (ticket=205)
16:21:13 INFO  BacktestEngine: [2024-12-13 13:00] ENTRY USDJPY LONG @ 153.62350 SL=152.75100 TP=154.93200 (ticket=206)
16:21:15 INFO  BacktestEngine: [2024-12-16 03:00] ENTRY USDJPY LONG @ 153.90860 SL=153.10500 TP=155.11500 (ticket=207)
16:21:16 INFO  Backtest: [STALE-SL] bar=3886 USDJPY long open 6.0h still losing (-0.27R) — SL tightened 153.10500→153.56964 (cap at 0.42R, atr_ratio=0.84, progress=0%) (ticket=207)
16:21:17 INFO  Backtest: [EXIT-TIME-STOP] USDJPY LONG entry=153.90516 exit=154.05900 pnl=+159.60 (+0.18R) (ticket=207)
16:21:19 INFO  BacktestEngine: [2024-12-17 07:00] ENTRY USDJPY LONG @ 154.13371 SL=153.66100 TP=154.84300 (ticket=208)
16:21:19 INFO  Backtest: [STALE-SL] bar=3914 USDJPY long open 6.0h still losing (-0.67R) — SL tightened 153.66100→153.89744 (cap at 0.50R, atr_ratio=1.00, progress=0%) (ticket=208)
16:21:19 INFO  Backtest: [EXIT-SL] USDJPY LONG entry=154.13388 exit=153.89744 pnl=-393.22 (-0.52R) bars_held=7 (ticket=208)
16:21:19 INFO  BacktestEngine: [2024-12-17 16:00] ENTRY USDJPY SHORT @ 153.55150 SL=154.04200 TP=152.81600 (ticket=209)
16:21:20 INFO  Backtest: [EXIT-TIME-STOP] USDJPY SHORT entry=153.55542 exit=153.34000 pnl=+274.09 (+0.42R) (ticket=209)
16:21:20 INFO  BacktestEngine: [2024-12-17 21:00] ENTRY USDJPY SHORT @ 153.33850 SL=153.85100 TP=152.51300 (ticket=210)
16:21:21 INFO  Backtest: [EXIT-TIME-STOP] USDJPY SHORT entry=153.33763 exit=153.69500 pnl=-461.76 (-0.71R) (ticket=210)
16:21:21 INFO  BacktestEngine: [2024-12-18 03:00] ENTRY USDJPY LONG @ 153.59150 SL=153.11500 TP=154.30600 (ticket=211)
16:21:22 INFO  Backtest: [STALE-SL] bar=3934 USDJPY long open 6.0h still losing (-0.03R) — SL tightened 153.11500→153.35053 (cap at 0.49R, atr_ratio=0.99, progress=0%) (ticket=211)
16:21:23 INFO  Backtest: [STALE-SL] bar=3936 USDJPY long open 8.0h still losing (-0.01R) — SL tightened 153.35053→153.36848 (cap at 0.45R, atr_ratio=0.97, progress=17%) (ticket=211)
16:21:24 INFO  Backtest: [STALE-WIN] bar=3943 USDJPY long open 15.0h, profit stalling (now +0.53R, peak +0.95R) — SL→BE 153.36848→153.51000 (ticket=211)
16:21:24 INFO  Backtest: [EXIT-TIME-STOP] USDJPY LONG entry=153.57971 exit=153.74300 pnl=+280.36 (+0.33R) (ticket=211)
16:21:24 INFO  BacktestEngine: [2024-12-18 20:00] ENTRY USDJPY LONG @ 153.74450 SL=153.30400 TP=154.40600 (ticket=212)
16:21:24 INFO  Backtest: [EXIT-TP] USDJPY LONG entry=153.74793 exit=154.40600 pnl=+1272.46 (+1.48R) bars_held=0 (ticket=212)
16:21:24 INFO  BacktestEngine: [2024-12-18 22:00] ENTRY USDJPY LONG @ 154.69278 SL=153.94200 TP=155.81800 (ticket=213)
16:21:26 INFO  Backtest: [EXIT-TP] USDJPY LONG entry=154.68235 exit=155.81800 pnl=+1313.85 (+1.50R) bars_held=9 (ticket=213)
16:21:26 INFO  BacktestEngine: [2024-12-19 09:00] ENTRY USDJPY LONG @ 156.47729 SL=155.09500 TP=158.55100 (ticket=214)
16:21:28 INFO  Backtest: [EXIT-TIME-STOP] USDJPY LONG entry=156.47911 exit=157.74100 pnl=+821.75 (+0.91R) (ticket=214)
16:21:28 INFO  BacktestEngine: [2024-12-20 02:00] ENTRY USDJPY LONG @ 157.74262 SL=156.61900 TP=159.42800 (ticket=215)
16:21:29 INFO  Backtest: [STALE-SL] bar=3981 USDJPY long open 6.0h still losing (-0.81R) — SL tightened 156.61900→157.21822 (cap at 0.47R, atr_ratio=0.93, progress=0%) (ticket=215)
16:21:29 INFO  Backtest: [EXIT-SL] USDJPY LONG entry=157.74291 exit=157.21822 pnl=-406.96 (-0.47R) bars_held=7 (ticket=215)
16:21:30 INFO  BacktestEngine: [2024-12-20 11:00] ENTRY USDJPY SHORT @ 156.71646 SL=157.85600 TP=155.00800 (ticket=216)
16:21:30 INFO  Backtest: [EXIT-TIME-STOP] USDJPY SHORT entry=156.71833 exit=156.60300 pnl=+68.56 (+0.09R) (ticket=216)
16:21:31 INFO  BacktestEngine: [2024-12-20 16:00] ENTRY USDJPY SHORT @ 156.60138 SL=157.68000 TP=154.98300 (ticket=217)
16:21:31 INFO  BacktestEngine: [2024-12-23 01:00] ENTRY USDJPY LONG @ 156.56350 SL=155.93500 TP=157.50700 (ticket=218)
16:21:33 INFO  Backtest: [STALE-SL] bar=4006 USDJPY long open 8.0h still losing (-0.01R) — SL tightened 155.93500→156.34989 (cap at 0.35R, atr_ratio=0.76, progress=17%) (ticket=218)
16:21:34 INFO  Backtest: [EXIT-TIME-STOP] USDJPY LONG entry=156.57779 exit=157.02900 pnl=+306.73 (+0.71R) (ticket=218)
16:21:34 INFO  BacktestEngine: [2024-12-23 18:00] ENTRY USDJPY LONG @ 157.03050 SL=156.40700 TP=157.96500 (ticket=219)
16:21:35 INFO  Backtest: [STALE-WIN] bar=4024 USDJPY long open 9.0h, profit stalling (now +0.14R, peak +0.44R) — SL→BE 156.40700→156.93890 (ticket=219)
16:21:35 INFO  Backtest: [EXIT-SL] USDJPY LONG entry=157.03276 exit=156.93890 pnl=-71.16 (-0.16R) bars_held=11 (ticket=219)
16:21:37 INFO  BacktestEngine: [2024-12-24 15:00] ENTRY USDJPY LONG @ 157.19250 SL=156.85100 TP=157.70400 (ticket=220)
16:21:38 INFO  Backtest: [STALE-WIN] bar=4042 USDJPY long open 6.0h, profit stalling (now +0.03R, peak +0.41R) — SL→BE 156.85100→157.14265 (ticket=220)
16:21:38 INFO  Backtest: [EXIT-SL] USDJPY LONG entry=157.19412 exit=157.14265 pnl=-79.68 (-0.17R) bars_held=7 (ticket=220)
16:21:40 INFO  BacktestEngine: [2024-12-26 15:00] ENTRY USDJPY LONG @ 157.83880 SL=157.34600 TP=158.57800 (ticket=221)
16:21:41 INFO  Backtest: [STALE-WIN] bar=4069 USDJPY long open 8.0h, profit stalling (now +0.10R, peak +0.47R) — SL→BE 157.34600→157.76381 (ticket=221)
16:21:41 INFO  Backtest: [EXIT-SL] USDJPY LONG entry=157.83754 exit=157.76381 pnl=-65.20 (-0.17R) bars_held=9 (ticket=221)
16:21:42 INFO  BacktestEngine: [2024-12-27 06:00] ENTRY USDJPY SHORT @ 157.57150 SL=158.12300 TP=156.74500 (ticket=223)
16:21:43 INFO  Backtest: [EXIT-TIME-STOP] USDJPY SHORT entry=157.56893 exit=157.87600 pnl=-200.50 (-0.57R) (ticket=223)
16:21:44 INFO  BacktestEngine: [2024-12-27 15:00] ENTRY USDJPY LONG @ 157.79555 SL=157.42300 TP=158.35400 (ticket=226)
16:21:44 INFO  Backtest: [EXIT-SL] USDJPY LONG entry=157.79789 exit=157.42300 pnl=-421.26 (-1.03R) bars_held=2 (ticket=226)
  [USDJPY] 3584/5122 bars (70%)
16:21:49 INFO  BacktestEngine: [2024-12-31 03:00] ENTRY USDJPY SHORT @ 156.43690 SL=157.25300 TP=155.21300 (ticket=227)
16:21:50 INFO  Backtest: [EXIT-TIME-STOP] USDJPY SHORT entry=156.44043 exit=156.35700 pnl=+22.74 (+0.09R) (ticket=227)
16:21:50 INFO  BacktestEngine: [2024-12-31 08:00] ENTRY USDJPY SHORT @ 156.35547 SL=157.11900 TP=155.21000 (ticket=228)
16:21:51 INFO  Backtest: [EXIT-TIME-STOP] USDJPY SHORT entry=156.35219 exit=156.79800 pnl=-144.44 (-0.59R) (ticket=228)
16:21:51 INFO  BacktestEngine: [2024-12-31 13:00] ENTRY USDJPY LONG @ 156.79950 SL=156.23600 TP=157.80100 (ticket=229)
16:21:52 INFO  Backtest: [STALE-WIN] bar=4140 USDJPY long open 9.0h, profit stalling (now +0.57R, peak +1.00R) — SL→BE 156.23600→156.71639 (ticket=229)
16:21:52 INFO  Backtest: [PARTIAL-TP1] bar=4144 USDJPY long closed 20% @ 157.43100 (+1R) SL: 157.08375→156.71639 (BE+15%R) rem_qty=0.45 rem_risk=$229.75 (ticket=229)
16:21:53 INFO  Backtest: [EXIT-TIME-STOP] USDJPY LONG entry=156.80117 exit=157.15900 pnl=+142.74 (+0.62R) (ticket=229)
16:21:59 INFO  BacktestEngine: [2025-01-06 06:00] ENTRY USDJPY LONG @ 157.72050 SL=157.12400 TP=158.61500 (ticket=230)
16:22:00 INFO  Backtest: [STALE-SL] bar=4203 USDJPY long open 6.0h still losing (-0.88R) — SL tightened 157.12400→157.45387 (cap at 0.44R, atr_ratio=0.89, progress=0%) (ticket=230)
16:22:00 INFO  Backtest: [EXIT-SL] USDJPY LONG entry=157.71822 exit=157.45387 pnl=-262.41 (-0.46R) bars_held=7 (ticket=230)
16:22:00 INFO  BacktestEngine: [2025-01-06 17:00] ENTRY USDJPY LONG @ 157.53513 SL=156.76800 TP=158.68600 (ticket=231)
16:22:02 INFO  Backtest: [PARTIAL-TP1] bar=4217 USDJPY long closed 20% @ 158.31100 (+1R) SL: 156.76800→157.40164 (BE+15%R) rem_qty=0.66 rem_risk=$458.15 (ticket=231)
16:22:02 INFO  Backtest: [EXIT-SL] USDJPY LONG entry=157.51346 exit=157.40164 pnl=-71.34 (-0.16R) bars_held=14 (ticket=231)
16:22:03 INFO  BacktestEngine: [2025-01-07 14:00] ENTRY USDJPY LONG @ 157.74150 SL=157.11200 TP=158.68600 (ticket=233)
16:22:04 INFO  Backtest: [STALE-WIN] bar=4239 USDJPY long open 12.0h, profit stalling (now +0.36R, peak +0.77R) — SL→BE 157.11200→157.64704 (ticket=233)
16:22:04 INFO  Backtest: [EXIT-TIME-STOP] USDJPY LONG entry=157.74146 exit=158.17100 pnl=+514.40 (+0.67R) (ticket=233)
16:22:04 INFO  BacktestEngine: [2025-01-08 07:00] ENTRY USDJPY LONG @ 158.17250 SL=157.47800 TP=159.21500 (ticket=234)
16:22:05 INFO  Backtest: [STALE-WIN] bar=4251 USDJPY long open 7.0h, profit stalling (now +0.08R, peak +0.48R) — SL→BE 157.47800→158.06885 (ticket=234)
16:22:06 INFO  Backtest: [EXIT-TIME-STOP] USDJPY LONG entry=158.17312 exit=158.29200 pnl=+155.82 (+0.16R) (ticket=234)
16:22:07 INFO  BacktestEngine: [2025-01-09 06:00] ENTRY USDJPY SHORT @ 157.92330 SL=158.37800 TP=157.24100 (ticket=235)
16:22:07 INFO  Backtest: [EXIT-TIME-STOP] USDJPY SHORT entry=157.92092 exit=158.08100 pnl=-241.22 (-0.37R) (ticket=235)
16:22:08 INFO  BacktestEngine: [2025-01-09 17:00] ENTRY USDJPY LONG @ 157.97350 SL=157.51500 TP=158.66100 (ticket=236)
16:22:09 INFO  Backtest: [EXIT-TIME-STOP] USDJPY LONG entry=157.97288 exit=157.82100 pnl=-267.19 (-0.35R) (ticket=236)
16:22:11 INFO  BacktestEngine: [2025-01-13 05:00] ENTRY USDJPY SHORT @ 157.41150 SL=158.35600 TP=155.99400 (ticket=238)
16:22:11 INFO  Backtest: [EXIT-TIME-STOP] USDJPY SHORT entry=157.41064 exit=157.60100 pnl=-155.00 (-0.21R) (ticket=238)
16:22:12 INFO  BacktestEngine: [2025-01-13 17:00] ENTRY USDJPY LONG @ 157.51750 SL=156.79700 TP=158.59800 (ticket=241)
16:22:12 INFO  Backtest: [STALE-SL] bar=4332 USDJPY long open 6.0h still losing (-0.30R) — SL tightened 156.79700→157.15935 (cap at 0.50R, atr_ratio=1.00, progress=0%) (ticket=241)
16:22:12 INFO  Backtest: [EXIT-SL] USDJPY LONG entry=157.52170 exit=157.15935 pnl=-447.86 (-0.51R) bars_held=7 (ticket=241)
16:22:13 INFO  BacktestEngine: [2025-01-14 05:00] ENTRY USDJPY LONG @ 157.55750 SL=156.77900 TP=158.72500 (ticket=244)
16:22:14 INFO  Backtest: [EXIT-TIME-STOP] USDJPY LONG entry=157.55487 exit=157.98100 pnl=+460.74 (+0.54R) (ticket=244)
16:22:14 INFO  BacktestEngine: [2025-01-15 01:00] ENTRY USDJPY LONG @ 158.04950 SL=157.32000 TP=159.14400 (ticket=245)
16:22:15 INFO  Backtest: [EXIT-SL] USDJPY LONG entry=158.04625 exit=157.32000 pnl=-801.46 (-1.01R) bars_held=5 (ticket=245)
16:22:15 INFO  BacktestEngine: [2025-01-15 09:00] ENTRY USDJPY SHORT @ 156.87611 SL=157.73400 TP=155.58900 (ticket=246)
  [USDJPY] 3840/5122 bars (75%)
16:22:15 INFO  Backtest: [EXIT-TIME-STOP] USDJPY SHORT entry=156.87443 exit=156.97800 pnl=-87.08 (-0.13R) (ticket=246)
16:22:17 INFO  BacktestEngine: [2025-01-16 04:00] ENTRY USDJPY SHORT @ 155.73337 SL=156.85900 TP=154.04500 (ticket=249)
16:22:17 INFO  Backtest: [EXIT-TIME-STOP] USDJPY SHORT entry=155.72926 exit=156.18600 pnl=-283.16 (-0.41R) (ticket=249)
16:22:18 INFO  BacktestEngine: [2025-01-16 14:00] ENTRY USDJPY LONG @ 156.11108 SL=155.44800 TP=157.10600 (ticket=251)
16:22:18 INFO  Backtest: [EXIT-SL] USDJPY LONG entry=156.10996 exit=155.44800 pnl=-810.48 (-1.01R) bars_held=2 (ticket=251)
16:22:22 INFO  BacktestEngine: [2025-01-17 18:00] ENTRY USDJPY LONG @ 156.30558 SL=155.67000 TP=157.25900 (ticket=252)
16:22:30 INFO  BacktestEngine: [2025-01-22 06:00] ENTRY USDJPY LONG @ 155.79350 SL=155.20400 TP=156.67800 (ticket=253)
16:22:31 INFO  Backtest: [STALE-WIN] bar=4490 USDJPY long open 7.0h, profit stalling (now +0.03R, peak +0.43R) — SL→BE 155.20400→155.70548 (ticket=253)
16:22:31 INFO  Backtest: [PARTIAL-TP1] bar=4493 USDJPY long closed 20% @ 156.40100 (+1R) SL: 155.70548→155.70548 (BE+15%R) rem_qty=1.22 rem_risk=$652.72 (ticket=253)
16:22:31 INFO  Backtest: [EXIT-TP] USDJPY LONG entry=155.79398 exit=156.67800 pnl=+969.71 (+1.49R) bars_held=12 (ticket=253)
16:22:31 INFO  BacktestEngine: [2025-01-22 19:00] ENTRY USDJPY LONG @ 156.61450 SL=155.69500 TP=157.99400 (ticket=254)
16:22:32 INFO  Backtest: [STALE-SL] bar=4502 USDJPY long open 6.0h still losing (-0.25R) — SL tightened 155.69500→156.26613 (cap at 0.38R, atr_ratio=0.76, progress=0%) (ticket=254)
16:22:32 INFO  Backtest: [STALE-SL] bar=4503 USDJPY long open 7.0h still losing (-0.07R) — SL tightened 156.26613→156.27903 (cap at 0.37R, atr_ratio=0.76, progress=8%) (ticket=254)
16:22:33 INFO  Backtest: [STALE-SL] bar=4505 USDJPY long open 9.0h still losing (-0.13R) — SL tightened 156.27970→156.30127 (cap at 0.34R, atr_ratio=0.76, progress=25%) (ticket=254)
16:22:33 INFO  Backtest: [STALE-SL] bar=4506 USDJPY long open 10.0h still losing (-0.03R) — SL tightened 156.30127→156.32880 (cap at 0.31R, atr_ratio=0.72, progress=33%) (ticket=254)
16:22:33 INFO  Backtest: [STALE-SL] bar=4508 USDJPY long open 12.0h still losing (-0.01R) — SL tightened 156.32880→156.39606 (cap at 0.24R, atr_ratio=0.60, progress=50%) (ticket=254)
16:22:33 INFO  Backtest: [STALE-SL] bar=4509 USDJPY long open 13.0h still losing (-0.01R) — SL tightened 156.39606→156.40814 (cap at 0.23R, atr_ratio=0.59, progress=58%) (ticket=254)
16:22:33 INFO  Backtest: [STALE-SL] bar=4510 USDJPY long open 14.0h still losing (-0.14R) — SL tightened 156.40814→156.41553 (cap at 0.22R, atr_ratio=0.59, progress=67%) (ticket=254)
16:22:33 INFO  Backtest: [EXIT-SL] USDJPY LONG entry=156.61638 exit=156.41553 pnl=-187.88 (-0.23R) bars_held=15 (ticket=254)
16:22:34 INFO  BacktestEngine: [2025-01-23 17:00] ENTRY USDJPY SHORT @ 156.16057 SL=156.65300 TP=155.42300 (ticket=255)
16:22:35 INFO  Backtest: [EXIT-TIME-STOP] USDJPY SHORT entry=156.16503 exit=155.96800 pnl=+241.22 (+0.38R) (ticket=255)
16:22:35 INFO  BacktestEngine: [2025-01-23 22:00] ENTRY USDJPY SHORT @ 155.96650 SL=156.49600 TP=155.17200 (ticket=256)
16:22:35 INFO  Backtest: [EXIT-TIME-STOP] USDJPY SHORT entry=155.97028 exit=156.31100 pnl=-412.17 (-0.66R) (ticket=256)
16:22:36 INFO  BacktestEngine: [2025-01-24 03:00] ENTRY USDJPY LONG @ 156.31250 SL=155.81400 TP=157.06000 (ticket=257)
16:22:36 INFO  Backtest: [EXIT-SL] USDJPY LONG entry=156.32294 exit=155.81400 pnl=-832.13 (-1.04R) bars_held=1 (ticket=257)
16:22:37 INFO  BacktestEngine: [2025-01-24 10:00] ENTRY USDJPY SHORT @ 155.37691 SL=156.20600 TP=153.90200 (ticket=258)
16:22:37 INFO  Backtest: [EXIT-SL] USDJPY SHORT entry=155.38344 exit=156.20600 pnl=-672.42 (-1.00R) bars_held=3 (ticket=258)
16:22:38 INFO  BacktestEngine: [2025-01-24 18:00] ENTRY USDJPY LONG @ 155.58350 SL=154.72200 TP=156.87600 (ticket=263)
16:22:39 INFO  BacktestEngine: [2025-01-27 07:00] ENTRY USDJPY LONG @ 156.06550 SL=155.36800 TP=157.11100 (ticket=264)
16:22:40 INFO  Backtest: [EXIT-SL] USDJPY LONG entry=156.06316 exit=155.36800 pnl=-793.10 (-1.01R) bars_held=2 (ticket=264)
16:22:42 INFO  BacktestEngine: [2025-01-27 22:00] ENTRY USDJPY LONG @ 154.58050 SL=153.61900 TP=156.02300 (ticket=265)
16:22:42 INFO  Backtest: [PARTIAL-TP1] bar=4576 USDJPY long closed 20% @ 155.55200 (+1R) SL: 153.61900→154.43562 (BE+15%R) rem_qty=0.71 rem_risk=$623.17 (ticket=265)
16:22:44 INFO  Backtest: [EXIT-TIME-STOP] USDJPY LONG entry=154.57973 exit=155.49100 pnl=+585.45 (+0.94R) (ticket=265)
16:22:44 INFO  BacktestEngine: [2025-01-28 17:00] ENTRY USDJPY LONG @ 155.71941 SL=154.91400 TP=156.92700 (ticket=266)
16:22:46 INFO  Backtest: [STALE-SL] bar=4596 USDJPY long open 6.0h still losing (-0.22R) — SL tightened 154.91400→155.37261 (cap at 0.43R, atr_ratio=0.86, progress=0%) (ticket=266)
16:22:46 INFO  Backtest: [STALE-SL] bar=4597 USDJPY long open 7.0h still losing (-0.19R) — SL tightened 155.37261→155.40945 (cap at 0.38R, atr_ratio=0.80, progress=8%) (ticket=266)
16:22:46 INFO  Backtest: [STALE-SL] bar=4598 USDJPY long open 8.0h still losing (-0.11R) — SL tightened 155.40945→155.45700 (cap at 0.33R, atr_ratio=0.70, progress=17%) (ticket=266)
16:22:46 INFO  Backtest: [STALE-SL] bar=4599 USDJPY long open 9.0h still losing (-0.01R) — SL tightened 155.45700→155.47179 (cap at 0.31R, atr_ratio=0.68, progress=25%) (ticket=266)
16:22:46 INFO  Backtest: [STALE-SL] bar=4600 USDJPY long open 10.0h still losing (-0.12R) — SL tightened 155.47179→155.48461 (cap at 0.29R, atr_ratio=0.67, progress=33%) (ticket=266)
16:22:46 INFO  Backtest: [EXIT-SL] USDJPY LONG entry=155.71936 exit=155.48461 pnl=-169.88 (-0.30R) bars_held=11 (ticket=266)
16:22:48 INFO  BacktestEngine: [2025-01-29 13:00] ENTRY USDJPY LONG @ 155.41950 SL=154.86100 TP=156.25700 (ticket=267)
16:22:49 INFO  Backtest: [STALE-SL] bar=4616 USDJPY long open 6.0h still losing (-0.54R) — SL tightened 154.86100→155.13958 (cap at 0.50R, atr_ratio=1.00, progress=0%) (ticket=267)
16:22:49 INFO  Backtest: [EXIT-SL] USDJPY LONG entry=155.41817 exit=155.13958 pnl=-289.17 (-0.51R) bars_held=7 (ticket=267)
  [USDJPY] 4096/5122 bars (80%)
16:23:00 INFO  BacktestEngine: [2025-02-04 02:00] ENTRY USDJPY LONG @ 155.31450 SL=154.44400 TP=156.62000 (ticket=269)
16:23:00 INFO  Backtest: [EXIT-TIME-STOP] USDJPY LONG entry=155.31731 exit=155.24900 pnl=-49.10 (-0.09R) (ticket=269)
16:23:01 INFO  BacktestEngine: [2025-02-04 18:00] ENTRY USDJPY SHORT @ 154.55850 SL=155.19000 TP=153.61200 (ticket=270)
16:23:02 INFO  Backtest: [PARTIAL-TP1] bar=4718 USDJPY short closed 20% @ 153.85900 (+1R) SL: 155.19000→154.65270 (BE+15%R) rem_qty=0.66 rem_risk=$381.44 (ticket=270)
16:23:02 INFO  Backtest: [EXIT-TP] USDJPY SHORT entry=154.55788 exit=153.61200 pnl=+566.89 (+1.49R) bars_held=8 (ticket=270)
16:23:02 INFO  BacktestEngine: [2025-02-05 03:00] ENTRY USDJPY SHORT @ 153.59763 SL=154.56500 TP=152.14700 (ticket=271)
16:23:04 INFO  Backtest: [PARTIAL-TP1] bar=4728 USDJPY short closed 20% @ 152.64000 (+1R) SL: 154.56500→153.75017 (BE+15%R) rem_qty=0.67 rem_risk=$591.51 (ticket=271)
16:23:04 INFO  Backtest: [EXIT-TP] USDJPY SHORT entry=153.60637 exit=152.14700 pnl=+887.73 (+1.50R) bars_held=13 (ticket=271)
16:23:04 INFO  BacktestEngine: [2025-02-05 17:00] ENTRY USDJPY SHORT @ 152.13403 SL=153.33100 TP=150.33900 (ticket=272)
16:23:05 INFO  Backtest: [STALE-SL] bar=4740 USDJPY short open 6.0h still losing (-0.36R) — SL tightened 153.33100→152.65561 (cap at 0.43R, atr_ratio=0.87, progress=0%) (ticket=272)
16:23:05 INFO  Backtest: [EXIT-SL] USDJPY SHORT entry=152.13628 exit=152.65561 pnl=-326.12 (-0.44R) bars_held=7 (ticket=272)
16:23:07 INFO  BacktestEngine: [2025-02-06 17:00] ENTRY USDJPY SHORT @ 151.68448 SL=152.74300 TP=150.09600 (ticket=273)
16:23:09 INFO  Backtest: [STALE-WIN] bar=4767 USDJPY short open 9.0h, profit stalling (now +0.11R, peak +0.50R) — SL→BE 152.74300→151.84880 (ticket=273)
16:23:10 INFO  Backtest: [EXIT-SL] USDJPY SHORT entry=151.69100 exit=151.84880 pnl=-99.39 (-0.16R) bars_held=15 (ticket=273)
16:23:10 INFO  BacktestEngine: [2025-02-07 13:00] ENTRY USDJPY LONG @ 152.15050 SL=151.58600 TP=152.99800 (ticket=275)
16:23:10 INFO  Backtest: [EXIT-SL] USDJPY LONG entry=152.15541 exit=151.58600 pnl=-798.25 (-1.02R) bars_held=1 (ticket=275)
16:23:11 INFO  BacktestEngine: [2025-02-07 19:00] ENTRY USDJPY SHORT @ 151.66357 SL=152.97600 TP=149.69500 (ticket=278)
16:23:11 INFO  BacktestEngine: [2025-02-10 00:00] ENTRY USDJPY SHORT @ 151.52950 SL=152.49900 TP=150.07500 (ticket=279)
16:23:12 INFO  Backtest: [STALE-SL] bar=4795 USDJPY short open 6.0h still losing (-0.43R) — SL tightened 152.49900→151.94540 (cap at 0.43R, atr_ratio=0.85, progress=0%) (ticket=279)
16:23:12 INFO  Backtest: [EXIT-SL] USDJPY SHORT entry=151.53343 exit=151.94540 pnl=-309.33 (-0.43R) bars_held=7 (ticket=279)
16:23:13 INFO  BacktestEngine: [2025-02-10 13:00] ENTRY USDJPY SHORT @ 152.11650 SL=152.76700 TP=151.14000 (ticket=280)
16:23:14 INFO  Backtest: [STALE-WIN] bar=4808 USDJPY short open 6.0h, profit stalling (now +0.10R, peak +0.75R) — SL→BE 152.76700→152.20308 (ticket=280)
16:23:15 INFO  Backtest: [EXIT-TIME-STOP] USDJPY SHORT entry=152.10357 exit=151.98600 pnl=+119.99 (+0.17R) (ticket=280)
  [USDJPY] 4352/5122 bars (85%)
16:23:25 INFO  BacktestEngine: [2025-02-14 06:00] ENTRY USDJPY SHORT @ 152.63150 SL=153.62900 TP=151.13500 (ticket=281)
16:23:25 INFO  Backtest: [STALE-SL] bar=4897 USDJPY short open 6.0h still losing (-0.07R) — SL tightened 153.62900→153.07199 (cap at 0.44R, atr_ratio=0.88, progress=0%) (ticket=281)
16:23:26 INFO  BacktestEngine: [2025-02-17 02:00] ENTRY USDJPY SHORT @ 151.87893 SL=152.46700 TP=150.99700 (ticket=282)
16:23:27 INFO  Backtest: [STALE-WIN] bar=4917 USDJPY short open 6.0h, profit stalling (now +0.02R, peak +0.61R) — SL→BE 152.46700→151.96723 (ticket=282)
16:23:28 INFO  Backtest: [EXIT-TIME-STOP] USDJPY SHORT entry=151.87903 exit=151.38400 pnl=+514.44 (+0.83R) (ticket=282)
16:23:28 INFO  BacktestEngine: [2025-02-17 19:00] ENTRY USDJPY SHORT @ 151.38250 SL=151.99100 TP=150.47000 (ticket=283)
16:23:29 INFO  Backtest: [STALE-SL] bar=4934 USDJPY short open 6.0h still losing (-0.49R) — SL tightened 151.99100→151.62103 (cap at 0.39R, atr_ratio=0.78, progress=0%) (ticket=283)
16:23:29 INFO  Backtest: [EXIT-SL] USDJPY SHORT entry=151.38439 exit=151.62103 pnl=-251.24 (-0.40R) bars_held=7 (ticket=283)
16:23:31 INFO  BacktestEngine: [2025-02-18 15:00] ENTRY USDJPY SHORT @ 151.69450 SL=152.11100 TP=151.06900 (ticket=284)
16:23:32 INFO  Backtest: [STALE-SL] bar=4954 USDJPY short open 6.0h still losing (-0.78R) — SL tightened 152.11100→151.88951 (cap at 0.47R, atr_ratio=0.93, progress=0%) (ticket=284)
16:23:32 INFO  Backtest: [EXIT-SL] USDJPY SHORT entry=151.69518 exit=151.88951 pnl=-305.17 (-0.48R) bars_held=7 (ticket=284)
16:23:33 INFO  BacktestEngine: [2025-02-19 05:00] ENTRY USDJPY SHORT @ 151.89135 SL=152.36700 TP=151.17800 (ticket=286)
16:23:34 INFO  Backtest: [STALE-WIN] bar=4969 USDJPY short open 7.0h, profit stalling (now +0.10R, peak +0.54R) — SL→BE 152.36700→151.96205 (ticket=286)
16:23:34 INFO  Backtest: [PARTIAL-TP1] bar=4972 USDJPY short closed 20% @ 151.33400 (+1R) SL: 151.96205→151.96205 (BE+15%R) rem_qty=1.27 rem_risk=$550.20 (ticket=286)
16:23:35 INFO  Backtest: [EXIT-TIME-STOP] USDJPY SHORT entry=151.89059 exit=151.47700 pnl=+469.83 (+0.85R) (ticket=286)
16:23:35 INFO  BacktestEngine: [2025-02-19 22:00] ENTRY USDJPY SHORT @ 151.47550 SL=151.99700 TP=150.69400 (ticket=287)
16:23:36 INFO  Backtest: [EXIT-TP] USDJPY SHORT entry=151.47717 exit=150.69400 pnl=+1023.25 (+1.49R) bars_held=4 (ticket=287)
16:23:36 INFO  BacktestEngine: [2025-02-20 03:00] ENTRY USDJPY SHORT @ 150.63426 SL=151.45200 TP=149.40800 (ticket=288)
16:23:37 INFO  Backtest: [STALE-WIN] bar=4990 USDJPY short open 6.0h, profit stalling (now +0.38R, peak +0.74R) — SL→BE 151.45200→150.76592 (ticket=288)
16:23:38 INFO  Backtest: [PARTIAL-TP1] bar=4996 USDJPY short closed 20% @ 149.81200 (+1R) SL: 150.76592→150.76592 (BE+15%R) rem_qty=0.78 rem_risk=$577.48 (ticket=288)
16:23:38 INFO  Backtest: [EXIT-TP] USDJPY SHORT entry=150.64485 exit=149.40800 pnl=+867.98 (+1.50R) bars_held=15 (ticket=288)
16:23:38 INFO  BacktestEngine: [2025-02-20 19:00] ENTRY USDJPY SHORT @ 149.46548 SL=150.47300 TP=147.95400 (ticket=289)
16:23:39 INFO  Backtest: [STALE-SL] bar=5006 USDJPY short open 6.0h still losing (-0.36R) — SL tightened 150.47300→149.91672 (cap at 0.45R, atr_ratio=0.89, progress=0%) (ticket=289)
16:23:39 INFO  Backtest: [EXIT-SL] USDJPY SHORT entry=149.46816 exit=149.91672 pnl=-332.15 (-0.45R) bars_held=7 (ticket=289)
16:23:40 INFO  BacktestEngine: [2025-02-21 08:00] ENTRY USDJPY LONG @ 150.51650 SL=149.48400 TP=152.06600 (ticket=290)
16:23:40 INFO  Backtest: [EXIT-TIME-STOP] USDJPY LONG entry=150.51727 exit=150.27200 pnl=-216.38 (-0.24R) (ticket=290)
16:23:41 INFO  BacktestEngine: [2025-02-21 17:00] ENTRY USDJPY SHORT @ 149.54747 SL=150.60400 TP=147.96300 (ticket=293)
16:23:42 INFO  BacktestEngine: [2025-02-24 00:00] ENTRY USDJPY SHORT @ 149.19150 SL=150.12700 TP=147.78800 (ticket=294)
16:23:42 INFO  Backtest: [STALE-SL] bar=5035 USDJPY short open 6.0h still losing (-0.22R) — SL tightened 150.12700→149.66031 (cap at 0.50R, atr_ratio=1.00, progress=0%) (ticket=294)
16:23:43 INFO  Backtest: [STALE-SL] bar=5036 USDJPY short open 7.0h still losing (-0.29R) — SL tightened 149.66031→149.64475 (cap at 0.48R, atr_ratio=1.00, progress=8%) (ticket=294)
16:23:43 INFO  Backtest: [STALE-SL] bar=5037 USDJPY short open 8.0h still losing (-0.28R) — SL tightened 149.64475→149.62920 (cap at 0.47R, atr_ratio=1.00, progress=17%) (ticket=294)
16:23:43 INFO  Backtest: [STALE-SL] bar=5038 USDJPY short open 9.0h still losing (-0.24R) — SL tightened 149.62920→149.60572 (cap at 0.44R, atr_ratio=0.98, progress=25%) (ticket=294)
16:23:43 INFO  Backtest: [STALE-SL] bar=5039 USDJPY short open 10.0h still losing (-0.39R) — SL tightened 149.60572→149.59809 (cap at 0.43R, atr_ratio=1.00, progress=33%) (ticket=294)
16:23:43 INFO  Backtest: [EXIT-SL] USDJPY SHORT entry=149.19362 exit=149.59809 pnl=-258.79 (-0.44R) bars_held=11 (ticket=294)
16:23:43 INFO  BacktestEngine: [2025-02-24 15:00] ENTRY USDJPY LONG @ 149.76352 SL=149.19400 TP=150.61700 (ticket=295)
16:23:44 INFO  Backtest: [EXIT-SL] USDJPY LONG entry=149.78465 exit=149.19400 pnl=-724.18 (-1.05R) bars_held=1 (ticket=295)
16:23:45 INFO  BacktestEngine: [2025-02-25 05:00] ENTRY USDJPY SHORT @ 149.66429 SL=150.22600 TP=148.82100 (ticket=296)
16:23:46 INFO  Backtest: [STALE-SL] bar=5064 USDJPY short open 6.0h still losing (-0.18R) — SL tightened 150.22600→149.94376 (cap at 0.50R, atr_ratio=1.00, progress=0%) (ticket=296)
16:23:46 INFO  Backtest: [EXIT-SL] USDJPY SHORT entry=149.66152 exit=149.94376 pnl=-393.12 (-0.52R) bars_held=7 (ticket=296)
16:23:47 INFO  BacktestEngine: [2025-02-25 17:00] ENTRY USDJPY SHORT @ 149.07325 SL=149.95600 TP=147.75000 (ticket=299)
16:23:48 INFO  Backtest: [STALE-SL] bar=5076 USDJPY short open 6.0h still losing (-0.05R) — SL tightened 149.95600→149.44990 (cap at 0.43R, atr_ratio=0.87, progress=0%) (ticket=299)
16:23:48 INFO  Backtest: [STALE-SL] bar=5079 USDJPY short open 9.0h still losing (-0.18R) — SL tightened 149.44990→149.41984 (cap at 0.40R, atr_ratio=0.89, progress=25%) (ticket=299)
16:23:48 INFO  Backtest: [EXIT-SL] USDJPY SHORT entry=149.06330 exit=149.41984 pnl=-311.57 (-0.41R) bars_held=10 (ticket=299)
16:23:49 INFO  BacktestEngine: [2025-02-26 10:00] ENTRY USDJPY SHORT @ 149.28833 SL=149.94500 TP=148.30300 (ticket=300)
16:23:50 INFO  Backtest: [STALE-SL] bar=5093 USDJPY short open 6.0h still losing (-0.30R) — SL tightened 149.94500→149.61592 (cap at 0.50R, atr_ratio=1.00, progress=0%) (ticket=300)
16:23:51 INFO  Backtest: [STALE-WIN] bar=5099 USDJPY short open 12.0h, profit stalling (now +0.34R, peak +0.69R) — SL→BE 149.61592→149.38556 (ticket=300)
16:23:52 INFO  Backtest: [EXIT-SL] USDJPY SHORT entry=149.28684 exit=149.38556 pnl=-121.05 (-0.16R) bars_held=16 (ticket=300)
16:23:53 INFO  BacktestEngine: [2025-02-27 11:00] ENTRY USDJPY LONG @ 149.84300 SL=149.15400 TP=150.87700 (ticket=301)
16:23:54 INFO  Backtest: [EXIT-TIME-STOP] USDJPY LONG entry=149.84778 exit=149.73300 pnl=-137.09 (-0.18R) (ticket=301)
16:23:55 INFO  BacktestEngine: [2025-02-27 22:00] ENTRY USDJPY SHORT @ 149.69350 SL=150.39600 TP=148.64000 (ticket=303)
16:23:56 INFO  Backtest: [STALE-WIN] bar=5129 USDJPY short open 6.0h, profit stalling (now +0.13R, peak +0.57R) — SL→BE 150.39600→149.80207 (ticket=303)
16:23:56 INFO  Backtest: [EXIT-SL] USDJPY SHORT entry=149.69726 exit=149.80207 pnl=-104.43 (-0.16R) bars_held=8 (ticket=303)
  [USDJPY] 4608/5122 bars (90%)
16:23:57 INFO  BacktestEngine: [2025-02-28 15:00] ENTRY USDJPY LONG @ 150.64957 SL=149.48300 TP=152.40000 (ticket=304)
16:24:00 INFO  BacktestEngine: [2025-03-03 08:00] ENTRY USDJPY SHORT @ 150.46150 SL=151.12900 TP=149.46000 (ticket=305)
16:24:01 INFO  Backtest: [EXIT-SL] USDJPY SHORT entry=150.46324 exit=151.12900 pnl=-674.12 (-1.01R) bars_held=4 (ticket=305)
16:24:02 INFO  BacktestEngine: [2025-03-03 17:00] ENTRY USDJPY SHORT @ 150.23322 SL=151.07300 TP=148.97300 (ticket=306)
16:24:03 INFO  Backtest: [PARTIAL-TP1] bar=5173 USDJPY short closed 20% @ 149.30700 (+1R) SL: 151.07300→150.36284 (BE+15%R) rem_qty=0.70 rem_risk=$532.17 (ticket=306)
16:24:03 INFO  Backtest: [EXIT-TP] USDJPY SHORT entry=150.23752 exit=148.97300 pnl=+796.02 (+1.50R) bars_held=9 (ticket=306)
16:24:04 INFO  BacktestEngine: [2025-03-04 06:00] ENTRY USDJPY SHORT @ 149.13750 SL=150.24400 TP=147.47800 (ticket=307)
16:24:05 INFO  Backtest: [STALE-WIN] bar=5190 USDJPY short open 11.0h, profit stalling (now +0.29R, peak +0.84R) — SL→BE 150.24400→149.30417 (ticket=307)
16:24:06 INFO  Backtest: [EXIT-SL] USDJPY SHORT entry=149.13832 exit=149.30417 pnl=-115.29 (-0.16R) bars_held=14 (ticket=307)
16:24:06 INFO  BacktestEngine: [2025-03-05 00:00] ENTRY USDJPY LONG @ 149.73350 SL=148.81300 TP=151.11400 (ticket=308)
16:24:07 INFO  Backtest: [EXIT-TIME-STOP] USDJPY LONG entry=149.73062 exit=149.97100 pnl=+188.46 (+0.25R) (ticket=308)
16:24:08 INFO  BacktestEngine: [2025-03-05 05:00] ENTRY USDJPY LONG @ 149.97250 SL=149.09800 TP=151.52700 (ticket=309)
16:24:08 INFO  Backtest: [EXIT-TIME-STOP] USDJPY LONG entry=149.97119 exit=149.22200 pnl=-640.55 (-0.87R) (ticket=309)
16:24:08 INFO  BacktestEngine: [2025-03-05 10:00] ENTRY USDJPY SHORT @ 149.22016 SL=150.03600 TP=147.99700 (ticket=310)
16:24:09 INFO  Backtest: [PARTIAL-TP1] bar=5212 USDJPY short closed 20% @ 148.39800 (+1R) SL: 150.03600→149.34359 (BE+15%R) rem_qty=0.68 rem_risk=$504.65 (ticket=310)
16:24:10 INFO  Backtest: [EXIT-TIME-STOP] USDJPY SHORT entry=149.22140 exit=148.99400 pnl=+135.96 (+0.27R) (ticket=310)
16:24:10 INFO  BacktestEngine: [2025-03-06 03:00] ENTRY USDJPY SHORT @ 148.99250 SL=149.78300 TP=147.80600 (ticket=311)
16:24:11 INFO  Backtest: [PARTIAL-TP1] bar=5230 USDJPY short closed 20% @ 148.15400 (+1R) SL: 149.78300→149.11129 (BE+15%R) rem_qty=0.80 rem_risk=$575.75 (ticket=311)
16:24:11 INFO  Backtest: [EXIT-TP] USDJPY SHORT entry=148.99275 exit=147.80600 pnl=+858.36 (+1.49R) bars_held=7 (ticket=311)
16:24:11 INFO  BacktestEngine: [2025-03-06 11:00] ENTRY USDJPY SHORT @ 147.88101 SL=149.03400 TP=146.15200 (ticket=312)
16:24:12 INFO  Backtest: [STALE-SL] bar=5238 USDJPY short open 6.0h still losing (-0.02R) — SL tightened 149.03400→148.45871 (cap at 0.50R, atr_ratio=1.00, progress=0%) (ticket=312)
16:24:13 INFO  Backtest: [STALE-SL] bar=5239 USDJPY short open 7.0h still losing (-0.02R) — SL tightened 148.45871→148.43954 (cap at 0.48R, atr_ratio=1.00, progress=8%) (ticket=312)
16:24:13 INFO  Backtest: [STALE-WIN] bar=5240 USDJPY short open 8.0h, profit stalling (now +0.07R, peak +0.40R) — SL→BE 148.43954→148.05601 (ticket=312)
16:24:13 INFO  Backtest: [EXIT-SL] USDJPY SHORT entry=147.88343 exit=148.05601 pnl=-113.20 (-0.16R) bars_held=11 (ticket=312)
16:24:14 INFO  BacktestEngine: [2025-03-07 03:00] ENTRY USDJPY SHORT @ 147.89950 SL=148.69000 TP=146.71400 (ticket=313)
16:24:15 INFO  Backtest: [STALE-WIN] bar=5257 USDJPY short open 9.0h, profit stalling (now +0.26R, peak +0.72R) — SL→BE 148.69000→148.02067 (ticket=313)
16:24:17 INFO  BacktestEngine: [2025-03-10 02:00] ENTRY USDJPY SHORT @ 147.29350 SL=148.25900 TP=145.84500 (ticket=314)
16:24:18 INFO  Backtest: [STALE-SL] bar=5277 USDJPY short open 6.0h still losing (-0.28R) — SL tightened 148.25900→147.64911 (cap at 0.37R, atr_ratio=0.74, progress=0%) (ticket=314)
16:24:19 INFO  Backtest: [STALE-WIN] bar=5285 USDJPY short open 14.0h, profit stalling (now +0.15R, peak +0.54R) — SL→BE 147.64911→147.43803 (ticket=314)
16:24:19 INFO  Backtest: [EXIT-TIME-STOP] USDJPY SHORT entry=147.29316 exit=147.18600 pnl=+70.60 (+0.10R) (ticket=314)
16:24:19 INFO  BacktestEngine: [2025-03-10 19:00] ENTRY USDJPY SHORT @ 147.18450 SL=147.98400 TP=145.98500 (ticket=315)
16:24:21 INFO  Backtest: [STALE-WIN] bar=5297 USDJPY short open 9.0h, profit stalling (now +0.09R, peak +0.55R) — SL→BE 147.98400→147.30501 (ticket=315)
16:24:21 INFO  Backtest: [EXIT-SL] USDJPY SHORT entry=147.18519 exit=147.30501 pnl=-109.08 (-0.16R) bars_held=12 (ticket=315)
16:24:23 INFO  BacktestEngine: [2025-03-11 18:00] ENTRY USDJPY SHORT @ 147.28850 SL=148.16200 TP=145.97900 (ticket=316)
16:24:25 INFO  Backtest: [STALE-SL] bar=5317 USDJPY short open 6.0h still losing (-0.86R) — SL tightened 148.16200→147.71280 (cap at 0.48R, atr_ratio=0.97, progress=0%) (ticket=316)
16:24:25 INFO  Backtest: [EXIT-SL] USDJPY SHORT entry=147.29388 exit=147.71280 pnl=-302.81 (-0.49R) bars_held=7 (ticket=316)
16:24:25 INFO  BacktestEngine: [2025-03-12 06:00] ENTRY USDJPY LONG @ 148.15050 SL=147.07200 TP=149.76800 (ticket=317)
16:24:26 INFO  Backtest: [EXIT-TIME-STOP] USDJPY LONG entry=148.14941 exit=148.60700 pnl=+376.65 (+0.42R) (ticket=317)
16:24:26 INFO  BacktestEngine: [2025-03-12 11:00] ENTRY USDJPY LONG @ 148.60913 SL=147.47400 TP=150.31200 (ticket=318)
16:24:27 INFO  Backtest: [EXIT-TIME-STOP] USDJPY LONG entry=148.61355 exit=148.31500 pnl=-245.24 (-0.27R) (ticket=318)
16:24:27 INFO  BacktestEngine: [2025-03-12 17:00] ENTRY USDJPY SHORT @ 148.31850 SL=149.14300 TP=147.08100 (ticket=319)
16:24:30 INFO  Backtest: [EXIT-TIME-STOP] USDJPY SHORT entry=148.31824 exit=147.91800 pnl=+367.93 (+0.48R) (ticket=319)
16:24:30 INFO  BacktestEngine: [2025-03-13 10:00] ENTRY USDJPY SHORT @ 147.91629 SL=148.50300 TP=146.87300 (ticket=320)
16:24:32 INFO  Backtest: [STALE-WIN] bar=5362 USDJPY short open 11.0h, profit stalling (now +0.21R, peak +0.56R) — SL→BE 148.50300→148.00373 (ticket=320)
16:24:32 INFO  Backtest: [EXIT-SL] USDJPY SHORT entry=147.91562 exit=148.00373 pnl=-90.66 (-0.16R) bars_held=15 (ticket=320)
16:24:32 INFO  BacktestEngine: [2025-03-14 02:00] ENTRY USDJPY LONG @ 148.29885 SL=147.71100 TP=149.18000 (ticket=321)
16:24:33 INFO  Backtest: [EXIT-TIME-STOP] USDJPY LONG entry=148.29912 exit=148.46500 pnl=+158.35 (+0.27R) (ticket=321)
16:24:33 INFO  BacktestEngine: [2025-03-14 07:00] ENTRY USDJPY LONG @ 148.46650 SL=147.92100 TP=149.43600 (ticket=322)
16:24:34 INFO  Backtest: [EXIT-TIME-STOP] USDJPY LONG entry=148.46950 exit=148.79900 pnl=+345.55 (+0.59R) (ticket=322)
16:24:34 INFO  BacktestEngine: [2025-03-14 12:00] ENTRY USDJPY LONG @ 148.80143 SL=148.05100 TP=149.92700 (ticket=323)
16:24:35 INFO  Backtest: [EXIT-TIME-STOP] USDJPY LONG entry=148.80212 exit=148.51700 pnl=-229.15 (-0.39R) (ticket=323)
16:24:35 INFO  BacktestEngine: [2025-03-14 17:00] ENTRY USDJPY SHORT @ 148.51550 SL=149.12600 TP=147.59900 (ticket=324)
  [USDJPY] 4864/5122 bars (95%)
16:24:36 INFO  BacktestEngine: [2025-03-17 06:00] ENTRY USDJPY LONG @ 149.03692 SL=148.19500 TP=150.29900 (ticket=325)
16:24:37 INFO  Backtest: [EXIT-TIME-STOP] USDJPY LONG entry=149.03584 exit=148.66400 pnl=-366.09 (-0.45R) (ticket=325)
16:24:38 INFO  BacktestEngine: [2025-03-17 16:00] ENTRY USDJPY SHORT @ 148.59550 SL=149.23000 TP=147.64400 (ticket=328)
16:24:38 INFO  Backtest: [EXIT-SL] USDJPY SHORT entry=148.59379 exit=149.23000 pnl=-697.29 (-1.01R) bars_held=3 (ticket=328)
16:24:39 INFO  BacktestEngine: [2025-03-18 01:00] ENTRY USDJPY LONG @ 149.39650 SL=148.56900 TP=150.63800 (ticket=330)
16:24:40 INFO  Backtest: [EXIT-TIME-STOP] USDJPY LONG entry=149.39332 exit=149.55800 pnl=+124.29 (+0.19R) (ticket=330)
16:24:40 INFO  BacktestEngine: [2025-03-18 08:00] ENTRY USDJPY LONG @ 149.73650 SL=148.97200 TP=150.88300 (ticket=331)
16:24:41 INFO  Backtest: [EXIT-TIME-STOP] USDJPY LONG entry=149.73446 exit=149.74500 pnl=+2.46 (+0.00R) (ticket=331)
16:24:41 INFO  BacktestEngine: [2025-03-18 18:00] ENTRY USDJPY SHORT @ 149.41455 SL=149.96000 TP=148.59600 (ticket=332)
16:24:42 INFO  Backtest: [STALE-SL] bar=5436 USDJPY short open 6.0h still losing (-0.06R) — SL tightened 149.96000→149.67815 (cap at 0.49R, atr_ratio=0.98, progress=0%) (ticket=332)
16:24:42 INFO  Backtest: [STALE-SL] bar=5437 USDJPY short open 7.0h still losing (-0.36R) — SL tightened 149.67815→149.67275 (cap at 0.48R, atr_ratio=0.99, progress=8%) (ticket=332)
16:24:43 INFO  Backtest: [STALE-SL] bar=5438 USDJPY short open 8.0h still losing (-0.10R) — SL tightened 149.67275→149.66531 (cap at 0.47R, atr_ratio=1.00, progress=17%) (ticket=332)
16:24:43 INFO  Backtest: [STALE-SL] bar=5439 USDJPY short open 9.0h still losing (-0.03R) — SL tightened 149.66531→149.65610 (cap at 0.45R, atr_ratio=1.00, progress=25%) (ticket=332)
16:24:43 INFO  Backtest: [STALE-SL] bar=5441 USDJPY short open 11.0h still losing (-0.23R) — SL tightened 149.65610→149.63769 (cap at 0.42R, atr_ratio=1.00, progress=42%) (ticket=332)
16:24:43 INFO  Backtest: [EXIT-SL] USDJPY SHORT entry=149.40746 exit=149.63769 pnl=-244.65 (-0.44R) bars_held=12 (ticket=332)
16:24:43 INFO  BacktestEngine: [2025-03-19 07:00] ENTRY USDJPY LONG @ 149.77460 SL=149.03700 TP=150.88100 (ticket=333)
16:24:44 INFO  Backtest: [EXIT-TIME-STOP] USDJPY LONG entry=149.77466 exit=149.77800 pnl=-4.56 (-0.01R) (ticket=333)
16:24:45 INFO  BacktestEngine: [2025-03-19 21:00] ENTRY USDJPY SHORT @ 148.83939 SL=149.57500 TP=147.73600 (ticket=334)
16:24:47 INFO  Backtest: [STALE-WIN] bar=5468 USDJPY short open 11.0h, profit stalling (now +0.35R, peak +0.77R) — SL→BE 149.57500→148.95246 (ticket=334)
16:24:48 INFO  Backtest: [EXIT-TIME-STOP] USDJPY SHORT entry=148.84260 exit=148.55900 pnl=+246.05 (+0.37R) (ticket=334)
16:24:48 INFO  BacktestEngine: [2025-03-20 14:00] ENTRY USDJPY SHORT @ 148.55713 SL=149.15900 TP=147.65400 (ticket=335)
16:24:49 INFO  Backtest: [STALE-SL] bar=5480 USDJPY short open 6.0h still losing (-0.38R) — SL tightened 149.15900→148.85657 (cap at 0.50R, atr_ratio=1.00, progress=0%) (ticket=335)
16:24:49 INFO  Backtest: [STALE-SL] bar=5481 USDJPY short open 7.0h still losing (-0.35R) — SL tightened 148.85657→148.84649 (cap at 0.48R, atr_ratio=1.00, progress=8%) (ticket=335)
16:24:49 INFO  Backtest: [STALE-SL] bar=5482 USDJPY short open 8.0h still losing (-0.34R) — SL tightened 148.84649→148.83640 (cap at 0.47R, atr_ratio=1.00, progress=17%) (ticket=335)
16:24:49 INFO  Backtest: [STALE-SL] bar=5483 USDJPY short open 9.0h still losing (-0.27R) — SL tightened 148.83640→148.82299 (cap at 0.44R, atr_ratio=0.99, progress=25%) (ticket=335)
16:24:49 INFO  Backtest: [STALE-SL] bar=5484 USDJPY short open 10.0h still losing (-0.11R) — SL tightened 148.82299→148.79793 (cap at 0.40R, atr_ratio=0.93, progress=33%) (ticket=335)
16:24:49 INFO  Backtest: [EXIT-SL] USDJPY SHORT entry=148.55413 exit=148.79793 pnl=-272.33 (-0.42R) bars_held=11 (ticket=335)
16:24:50 INFO  BacktestEngine: [2025-03-21 05:00] ENTRY USDJPY LONG @ 149.21084 SL=148.68500 TP=149.99900 (ticket=336)
16:24:51 INFO  Backtest: [EXIT-TIME-STOP] USDJPY LONG entry=149.21252 exit=149.48400 pnl=+345.66 (+0.50R) (ticket=336)
16:24:51 INFO  BacktestEngine: [2025-03-21 13:00] ENTRY USDJPY SHORT @ 148.88977 SL=149.45800 TP=148.03800 (ticket=337)
16:24:52 INFO  BacktestEngine: [2025-03-24 00:00] ENTRY USDJPY LONG @ 149.57974 SL=149.04300 TP=150.38500 (ticket=338)
16:24:53 INFO  Backtest: [EXIT-TIME-STOP] USDJPY LONG entry=149.57509 exit=149.80800 pnl=+329.97 (+0.42R) (ticket=338)
16:24:53 INFO  BacktestEngine: [2025-03-24 05:00] ENTRY USDJPY LONG @ 149.80950 SL=149.08400 TP=150.89800 (ticket=339)
16:24:54 INFO  Backtest: [EXIT-TIME-STOP] USDJPY LONG entry=149.80959 exit=149.62200 pnl=-211.47 (-0.27R) (ticket=339)
16:24:54 INFO  BacktestEngine: [2025-03-24 10:00] ENTRY USDJPY SHORT @ 149.62029 SL=150.12100 TP=148.86900 (ticket=340)
16:24:55 INFO  Backtest: [EXIT-SL] USDJPY SHORT entry=149.61425 exit=150.12100 pnl=-683.49 (-1.03R) bars_held=4 (ticket=340)
16:24:56 INFO  BacktestEngine: [2025-03-24 22:00] ENTRY USDJPY LONG @ 150.68350 SL=149.92600 TP=151.82000 (ticket=341)
16:24:57 INFO  Backtest: [EXIT-TIME-STOP] USDJPY LONG entry=150.61706 exit=150.66100 pnl=+37.27 (+0.05R) (ticket=341)
16:24:58 INFO  BacktestEngine: [2025-03-25 06:00] ENTRY USDJPY SHORT @ 150.54950 SL=151.00600 TP=149.73700 (ticket=342)
16:24:59 INFO  Backtest: [PARTIAL-TP1] bar=5544 USDJPY short closed 20% @ 149.95900 (+1R) SL: 151.00600→150.61507 (BE+15%R) rem_qty=1.28 rem_risk=$532.09 (ticket=342)
16:24:59 INFO  Backtest: [EXIT-TP] USDJPY SHORT entry=150.54608 exit=149.73700 pnl=+933.46 (+1.75R) bars_held=8 (ticket=342)
16:24:59 INFO  BacktestEngine: [2025-03-25 15:00] ENTRY USDJPY SHORT @ 149.77124 SL=150.26900 TP=149.02500 (ticket=343)
16:25:00 INFO  Backtest: [STALE-SL] bar=5552 USDJPY short open 6.0h still losing (-0.22R) — SL tightened 150.26900→150.00175 (cap at 0.46R, atr_ratio=0.92, progress=0%) (ticket=343)
16:25:01 INFO  Backtest: [STALE-SL] bar=5553 USDJPY short open 7.0h still losing (-0.16R) — SL tightened 150.00175→149.98857 (cap at 0.43R, atr_ratio=0.90, progress=8%) (ticket=343)
16:25:01 INFO  Backtest: [STALE-SL] bar=5554 USDJPY short open 8.0h still losing (-0.35R) — SL tightened 149.98857→149.97101 (cap at 0.40R, atr_ratio=0.85, progress=17%) (ticket=343)
16:25:01 INFO  Backtest: [EXIT-SL] USDJPY SHORT entry=149.77341 exit=149.97101 pnl=-278.35 (-0.41R) bars_held=9 (ticket=343)
16:25:09 INFO  BacktestEngine: [2025-03-28 02:00] ENTRY USDJPY SHORT @ 150.95223 SL=151.43100 TP=150.23300 (ticket=344)
16:25:10 INFO  Backtest: [PARTIAL-TP1] bar=5611 USDJPY short closed 20% @ 150.38800 (+1R) SL: 151.43100→151.02492 (BE+15%R) rem_qty=1.08 rem_risk=$470.99 (ticket=344)
16:25:11 INFO  Backtest: [EXIT-TP] USDJPY SHORT entry=150.95325 exit=150.23300 pnl=+700.31 (+1.49R) bars_held=13 (ticket=344)
16:25:11 INFO  BacktestEngine: [2025-03-28 16:00] ENTRY USDJPY SHORT @ 150.07856 SL=150.67800 TP=149.18000 (ticket=345)
16:25:12 INFO  BacktestEngine: [2025-03-31 00:00] ENTRY USDJPY SHORT @ 149.61550 SL=150.48700 TP=148.30900 (ticket=346)
16:25:13 INFO  Backtest: [STALE-WIN] bar=5637 USDJPY short open 11.0h, profit stalling (now +0.48R, peak +0.82R) — SL→BE 150.48700→149.74066 (ticket=346)
16:25:13 INFO  Backtest: [EXIT-SL] USDJPY SHORT entry=149.60895 exit=149.74066 pnl=-110.36 (-0.16R) bars_held=15 (ticket=346)
16:25:14 INFO  BacktestEngine: [2025-03-31 16:00] ENTRY USDJPY LONG @ 149.65677 SL=148.61600 TP=151.21700 (ticket=347)
16:25:14 INFO  Backtest: [EXIT-TIME-STOP] USDJPY LONG entry=149.65696 exit=150.11200 pnl=+350.09 (+0.43R) (ticket=347)
16:25:15 INFO  BacktestEngine: [2025-03-31 21:00] ENTRY USDJPY LONG @ 150.11350 SL=149.42800 TP=151.33200 (ticket=348)
  [USDJPY] 5120/5122 bars (100%)
  [USDJPY] 5122/5122 bars (100%)
16:25:15 INFO  BacktestEngine: Backtest done: 303 trades  equity 100000 → 106649 (+6.65%)
16:25:17 INFO  BacktestReport: Report written to report_tune_usdjpy_v2
16:25:17 INFO  BacktestReport: JSON report written to report_tune_usdjpy_v2.json
16:25:17 INFO  LLMSentimentAgent: LLMSentimentAgent executor shut down

════════════════════════════════════════════════════════════
  Per-symbol tuning: ['USDJPY']
════════════════════════════════════════════════════════════

Tuning results saved to report_tune_usdjpy_v2.tuned.json
  USDJPY: IS Sharpe=1.227  OOS Sharpe=-0.300  trials=46
════════════════════════════════════════════════════════════

[OVERRIDES] symbol_overrides active: ['USDJPY']
  USDJPY: {'confidence_sizing': {'floor': 0.6, 'ceil': 1.4}, 'streak_sizing': {'loss_cut': 0.8, 'loss_cut_per_streak': 0.05}, 'exit_rules': {'ct_mid_flip_threshold': 0.4}}
Backtesting ['USDJPY']  2024-06-01→2025-04-01  profile=risky  granularity=1m  mode=portfolio
  equity=$100,000  risk/trade=$850.00  (1 symbol, concentration×1.00)
  (reusing 5650 cached bars from tuning)
  USDJPY    trades= 303  win=49.8%  PF=1.13  return=+6.65%  maxDD=6.58%  Sharpe=0.89

Report saved to: /home/hkerroum/Documents/proj/scale/finbo/TradingAgents-v2/report_tune_usdjpy_v2
JSON report saved to: /home/hkerroum/Documents/proj/scale/finbo/TradingAgents-v2/report_tune_usdjpy_v2.json
