Date,Close,High,Low,Open,Volume
2010-08-11,83.20836639404297,84.26655098024644,83.07133500405286,84.23609891490003,273406900
2010-08-12,82.69830322265625,82.99520360558232,81.91418140066497,81.95224793514788,239542600
2010-08-13,82.45467376708984,82.9495095622385,82.35570893131467,82.43945064163843,158698500
2010-08-16,82.4166030883789,82.68305131259821,81.5944150181002,81.89131529767823,147895300
2010-08-17,83.42913055419922,84.03816022186227,82.8886194830135,83.12462152850506,172270300
2010-08-18,83.5813980102539,84.03055292719183,82.91146996514487,83.39107694887929,182922100
2010-08-19,82.12731170654297,83.35297934966925,81.78473624699356,83.14743523556675,265847600
2010-08-20,81.86087799072266,82.17300725828242,81.26707732458495,81.8837155843223,209714200
2010-08-23,81.54875946044922,82.65261914415672,81.51069293005776,82.24913947781035,163490300
2010-08-24,80.33833312988281,80.99303810785615,79.91201577050981,80.65807114941256,280677800
2010-08-25,80.65045166015625,80.9549606998895,79.39433154277489,79.89677610484486,272234800
2010-08-26,80.10992431640625,81.13765663740858,79.84347024847459,81.0310773334905,224439500
2010-08-27,81.35082244873047,81.43456416752936,79.40954559750074,80.61237591466946,272649000
2010-08-30,80.17083740234375,81.3888967712687,80.16322874218767,81.13767159081762,167238600
2010-08-31,80.17083740234375,80.68090223153952,79.5465845894316,79.87393702840612,273933100
2010-09-01,82.56888580322266,82.6830795978488,81.19857769212187,81.25186735519571,256828100
2010-09-02,83.33777618408203,83.35299931138374,82.59171516728235,82.76681307600599,156112200
2010-09-03,84.4188003540039,84.49492760866167,83.70319138231915,84.15235205863317,212197300
2010-09-07,83.46720123291016,84.1295205937857,83.39868844116664,84.02294126787069,141973700
2010-09-08,84.05338287353516,84.38834393838188,83.59660775287131,83.63467428230561,149924400
2010-09-09,84.44163513183594,85.02021270257518,84.2132533754836,84.99737510775364,147017900
2010-09-10,84.86795806884766,84.96692291563564,84.40357428106167,84.59389531513341,127819000
2010-09-13,85.81192779541016,85.98701985139932,85.36276724456391,85.70534850703353,178503500
2010-09-14,85.75868225097656,86.24590376499555,85.32475040854908,85.64448843809805,209823600
2010-09-15,86.08599090576172,86.18495572884541,85.24857971805218,85.50741347448749,168608400
2010-09-16,86.06316375732422,86.11645340823968,85.53026144003331,85.81955309483409,199962900
2010-09-17,86.09530639648438,86.60044657419976,85.85804677077424,86.51625654458053,195836900
2010-09-20,87.41173553466797,87.60307547039027,86.11827570063116,86.39380567520979,214555200
2010-09-21,87.2356948852539,87.89389880770241,86.87597491791404,87.48060973802541,268389100
2010-09-22,86.8071060180664,87.5877762741751,86.56219111872937,87.09794647550102,191322400
2010-09-23,86.10296630859375,86.99843575678766,85.85805143799632,86.09531107660383,202354300
2010-09-24,87.87862396240234,87.9398541561512,86.98315427594771,87.05968909851747,209671800
2010-09-27,87.45762634277344,88.00868610978547,87.37344217097446,87.90919147821977,128761800
2010-09-28,87.76377868652344,88.04696382372548,86.62339458564816,87.57243879795638,209207500
2010-09-29,87.6107177734375,87.94747787916461,87.26630243642644,87.54183237034306,179665800
2010-09-30,87.35051727294922,88.62101742233831,86.93722225468646,88.05465277030368,287106700
2010-10-01,87.71788787841797,88.10822301466591,87.19744297649802,88.00872250272573,174638700
2010-10-04,87.05966186523438,87.90155632861244,86.6234070898965,87.53418695950205,166153200
2010-10-05,88.81233215332031,89.02663191541305,87.76378735824592,87.86328784723938,229634100
2010-10-06,88.80467224121094,89.03428245376804,88.4449522998456,88.79701701033096,148626600
2010-10-07,88.6975326538086,89.18736238079735,88.1617832146743,89.1644025247246,164860000
2010-10-08,89.19500732421875,89.43992215946302,88.48322267191035,88.81998276008258,177760100
2010-10-11,89.27920532226562,89.52412017939004,88.9730602910524,89.33278026478563,103098300
2010-10-12,89.55475616455078,89.81497570630573,88.5138663190667,88.98838568090974,182210000
2010-10-13,90.25123596191406,90.73341642509901,89.83794092456948,90.05224659666973,194347200
2010-10-14,89.89913940429688,90.32008952696123,89.33277492590064,90.16701410088763,217764300
2010-10-15,90.08282470703125,90.58030962660011,89.36339063675504,90.52673468690688,243705000
2010-10-18,90.52676391601562,90.82525379628669,89.78436391254006,90.11346888812514,141204800
2010-10-19,89.34040069580078,90.19759944221826,88.79699041147445,89.69246530082631,280604700
2010-10-20,90.21295166015625,90.64920646389996,89.44759194557211,89.50116689202375,200051800
2010-10-21,90.41192626953125,91.14667077526387,89.70779684810793,90.61857662881152,221585500
2010-10-22,90.580322265625,90.71808724966341,90.31244752978124,90.5497071759241,108212400
2010-10-25,90.84819793701172,91.65948322436189,90.77931836389885,91.18495808795826,151145700
2010-10-26,90.8635025024414,90.95534192729602,90.2129479397204,90.3889773968457,158982900
2010-10-27,90.6032943725586,90.70279488734671,89.74609510196613,90.2282696916744,190024000
2010-10-28,90.61859130859375,91.16199600484488,90.18233650516784,91.12372568345106,168576000
2010-10-29,90.68746948242188,90.8635047831968,90.36601980890013,90.526744645661,144305500
2010-11-01,90.71808624267578,91.65182603087906,90.19764140200009,91.13138119020337,174074800
2010-11-02,91.43753814697266,91.65183796116423,91.15435291294408,91.39926782048188,158345900
2010-11-03,91.80489349365234,91.85846843897475,90.656853945974,91.59824894433193,226702800
2010-11-04,93.5728759765625,93.61879568874224,91.82020161118758,92.82282092198479,215039400
2010-11-05,93.92491149902344,94.07798105147512,93.51161670032896,93.63407117444447,180654100
2010-11-08,93.74891662597656,93.90199208357052,93.32797225586441,93.63411149258901,156107100
2010-11-09,93.07540893554688,94.10098829987005,92.70038425567682,94.00149362458308,186621600
2010-11-10,93.45042419433594,93.4963497499579,92.34831012634388,93.05243969407826,221387400
2010-11-11,93.0983657836914,93.2361307815253,92.36362107498788,92.64680630365531,158017600
2010-11-12,91.9962158203125,92.87638047301212,91.57527157022484,92.47074084470421,239068800
2010-11-15,91.86614227294922,92.64681259341809,91.82787778381707,92.28709252802874,163940800
2010-11-16,90.43492126464844,91.45284541141405,89.99866055130752,91.29977577950059,299566200
2010-11-17,90.4808120727539,90.85583663856332,90.20528215197099,90.47315684183486,172308900
2010-11-18,91.81258392333984,92.14168895341085,91.34571386116392,91.3533690960679,197723700
2010-11-19,92.06510925292969,92.10337373033421,91.2691345486115,91.76661946871418,156852900
2010-11-22,91.98857116699219,92.02683564302738,90.9017561092938,91.60589137125861,181361000
2010-11-23,90.65685272216797,91.09310751082735,90.30478796634031,90.90176758879726,222309000
2010-11-24,91.9962158203125,92.01918151182709,91.21555164648613,91.23085626826588,140046100
2010-11-26,90.92474365234375,91.69775282124355,90.92474365234375,91.20027363862366,76007800
2010-11-29,91.20024108886719,91.44515589601244,90.1134261578824,90.69510101456346,223642300
2010-11-30,90.68746948242188,91.20791431350851,90.16702465133523,90.29714023853023,233930700
2010-12-01,92.61620330810547,92.79223281546614,91.98860842249489,91.99625781726178,221037200
2010-12-02,93.80249786376953,93.87138328411201,92.70803308534693,92.76160803928795,191213600
2010-12-03,94.05503845214844,94.16218832636163,93.45805891318055,93.4810187663362,151288900
2010-12-06,93.9555892944336,94.16988914660666,93.75659407203015,93.85608876361536,103050500
2010-12-07,94.00912475585938,94.91224935284343,93.95554981532773,94.85867441231179,206581000
2010-12-08,94.3535385131836,94.43007331179383,93.68767934212057,94.12393411735286,138019200
2010-12-09,94.72089385986328,94.91988312667863,94.25402409523642,94.88161865501243,123705100
2010-12-10,95.27195739746094,95.36379680446844,94.69793774674477,95.01173211940342,117571700
2010-12-13,95.33318328857422,95.8230129314275,95.30256820599216,95.70821367078216,133812700
2010-12-14,95.41740417480469,95.84600963038393,95.12656955503061,95.47863435977769,147249600
2010-12-15,94.98112487792969,95.61637474524339,94.82040006316905,95.24135017746856,160823100
2010-12-16,95.53219604492188,95.6010814532581,94.71326141213969,95.04236631162586,185035200
2010-12-17,95.6345443725586,95.75764290284367,95.26523704182162,95.46527875721836,141075300
2010-12-20,95.86534118652344,96.09615896554399,95.38832638579291,95.89611728172218,119085500
2010-12-21,96.4731674194336,96.53471961720669,96.07308987378978,96.16541230050876,94965500
2010-12-22,96.77322387695312,96.8039999748318,96.48855524397125,96.5424119477738,78878100
2010-12-23,96.63473510742188,96.77322461396038,96.39622768447134,96.66551120553494,70053700
2010-12-27,96.6731948852539,96.76551729837188,96.20386971877156,96.27311152861003,58126000
2010-12-28,96.81166076660156,96.90398315720601,96.55776245256261,96.86551745110029,55309100
2010-12-29,96.88092803955078,97.0963548342036,96.86554292704983,96.92709511693347,58033100
2010-12-30,96.7270736694336,97.04251843618128,96.58088865536402,96.78862587219353,76616900
2010-12-31,96.7501449584961,96.84247325374245,96.42700473004471,96.5808793521814,91218900
2011-01-03,97.75033569335938,98.17349378760925,96.71166157579185,97.48874182369487,138725200
2011-01-04,97.69649505615234,97.99655469101934,97.08868029400256,97.96577859129698,137409700
2011-01-05,98.20425415039062,98.26580632985599,97.29638004806264,97.3887083172607,133975300
2011-01-06,98.01191711425781,98.35044826288646,97.71955303949454,98.24273487376634,122519000
2011-01-07,97.819580078125,98.3042903744563,97.05789079247867,98.1427202756792,156034600
2011-01-10,97.69649505615234,97.83498456993256,97.09636991647754,97.38873992886955,122401700
2011-01-11,98.04267120361328,98.28117853028944,97.67336404526934,98.05036669252036,110287000
2011-01-12,98.92749786376953,99.03521126494503,98.06578478442542,98.64282924778006,107929200
2011-01-13,98.76595306396484,99.01216191000445,98.51975595780917,98.96600068634302,129048400
2011-01-14,99.48143768310547,99.50451828343614,98.55817845024463,98.62742025123661,117677900
2011-01-18,99.65072631835938,99.74304874105816,99.2737235258713,99.38912655424478,114401300
2011-01-19,98.6736068725586,99.66610816210331,98.41201884150107,99.56609611486432,151958400
2011-01-20,98.5428237915039,98.78902086573498,97.81190458197217,98.45049548621134,175745700
2011-01-21,98.76595306396484,99.38146343917994,98.6582396287935,99.15834694485498,151462900
2011-01-24,99.32757568359375,99.44297869986613,98.68128357282966,98.70436417608414,113715500
2011-01-25,99.3814468383789,99.46607964758236,98.56590071689942,99.0659962095404,167552200
2011-01-26,99.76612091064453,100.0584908776427,99.42758973620029,99.62763728830633,141281500
2011-01-27,100.0123519897461,100.18161761474286,99.61226853612804,99.78922378412196,123302700
2011-01-28,98.2658462524414,100.28933241739246,98.10427611815771,100.12775641316745,295637300
2011-01-31,99.00443267822266,99.08137585592294,98.28891043310867,98.53511920984508,149249200
2011-02-01,100.58936309814453,100.76631829759692,99.54299940332655,99.60455159006634,167194300
2011-02-02,100.39704132080078,100.66631899587726,100.2739369173979,100.32778775646037,118323600
2011-02-03,100.62015533447266,100.77402996504603,99.68920618858064,100.22007190307649,145886700
2011-02-04,100.90483856201172,100.94331016018207,100.19700576723443,100.65864146551172,134634800
2011-02-07,101.53568267822266,101.8665124082995,101.12020843594377,101.1279097951677,112439100
2011-02-08,101.99732971191406,102.0511805332193,101.35103767710388,101.6280166234859,99072800
2011-02-09,101.76652526855469,102.04350425114073,101.25872851050033,101.72036406143698,146436700
2011-02-10,101.80498504638672,101.92038805079575,101.02020939677011,101.25102714546657,162708500
2011-02-11,102.41283416748047,102.54362820403026,101.38186112181772,101.40494173180399,137710300
2011-02-14,102.65901184082031,102.74364464139326,102.2358595778364,102.35126260594458,101690700
2011-02-15,102.33586120605469,102.49743716884106,101.80499559090995,102.34356256706522,119575400
2011-02-16,102.98214721679688,103.10523984699796,102.47435049512615,102.68208765215124,130183500
2011-02-17,103.28990173339844,103.42838535197703,102.58975879979464,102.68209295205986,109810500
2011-02-18,103.50531768798828,103.62842205153653,103.14370595748922,103.38221332444003,130002400
2011-02-22,101.4280014038086,103.52841865814558,101.15102240126785,102.4205026479826,233116400
2011-02-23,100.80480194091797,101.61265834618641,100.18160211795909,101.36644956977366,227584000
2011-02-24,100.73553466796875,101.12792838445922,99.78919475974172,100.69707482428689,260431400
2011-02-25,101.81269073486328,101.87424292688844,101.09715677496611,101.15870896699126,141686900
2011-02-28,102.4435806274414,102.57438637351898,101.85116278876194,102.18969397651037,141585500
2011-03-01,100.73553466796875,102.85904398578818,100.70476444504746,102.76672157714525,258565500
2011-03-02,100.95097351074219,101.42029865597617,100.2893021869677,100.59705137668088,200277400
2011-03-03,102.6897964477539,102.80519947882841,101.85885940437427,101.86654902648554,176480100
2011-03-04,101.92040252685547,102.81289168730953,101.25104152645494,102.61284413141601,277202300
2011-03-07,101.12024688720703,102.45129115262543,100.58938119335149,102.22047334579878,216790400
2011-03-08,102.00503540039062,102.328175598759,100.84326861055101,101.28181182980806,174615000
2011-03-09,101.85881805419922,102.17426853091868,101.25100943748181,101.8049672415192,153806000
2011-03-10,99.97386169433594,100.92789132235318,99.87383791467082,100.78940769501399,301291800
2011-03-11,100.66630554199219,101.02791734123304,99.62764309428636,99.65072369935446,225621800
2011-03-14,100.05850982666016,100.38933970259585,99.29681453991125,100.0123486104721,234974100
2011-03-15,98.91211700439453,99.50454664143483,97.32718605064646,97.39642787137181,359585400
2011-03-16,97.08098602294922,98.91982131736428,96.38853844533656,98.59666933124355,468670300
2011-03-17,98.3658447265625,98.78131321966315,97.78880613113495,98.48125361963604,254303700
2011-03-18,98.72361755371094,99.5890740421569,98.53043577556639,99.55815835476096,230435400
2011-03-21,100.25361633300781,100.4622441566918,99.83633710388064,99.95225324125134,153992600
2011-03-22,99.90591430664062,100.36955543491132,99.81319079733996,100.23819319977414,129538600
2011-03-23,100.19180297851562,100.45452737414442,99.15635144923958,99.62770368151928,148603100
2011-03-24,101.14997863769531,101.29679868189295,100.19952755010078,100.76361506491439,159129800
2011-03-25,101.45906829833984,101.89951660414184,101.14224736467904,101.41270655992696,155642800
2011-03-28,101.2118148803711,101.93818040327592,101.18091097745028,101.67545596036044,109762400
2011-03-29,101.89178466796875,101.92268856058172,100.79451372159104,101.12678067841424,129798800
2011-03-30,102.5949935913086,102.89635672751432,102.27817260966425,102.4249926641278,135835000
2011-03-31,102.45586395263672,102.74178094327837,102.34768265076293,102.46359876833472,132537100
2011-04-01,102.88863372802734,103.36773266460726,102.64136712701296,103.0895503691644,153850100
2011-04-04,102.97361755371094,103.29043852052786,102.6799892494072,103.10497975658802,100768900
2011-04-05,102.9581527709961,103.41405888467446,102.72633230596144,102.77269404079264,120791500
2011-04-06,103.28272247314453,103.54544689665282,102.86544317380165,103.45272340385732,120411600
2011-04-07,103.01995849609375,103.52994930154438,102.50995589976606,103.09722411346405,170731500
2011-04-08,102.66452026367188,103.53770563667054,102.23951801173096,103.47588605539917,147945400
2011-04-11,102.35545349121094,103.12044589839246,102.1081751193951,102.77272100504797,121385400
2011-04-12,101.59046936035156,101.98455607853519,101.21956352024439,101.78365120491132,161187400
2011-04-13,101.58271789550781,102.13907060448823,101.19635431454205,102.06180496282353,162059000
2011-04-14,101.65996551513672,101.81450856194985,100.66315284094514,100.99541980204944,161220400
2011-04-15,102.03089141845703,102.28589280216104,101.54408131400484,101.84544444185849,170006700
2011-04-18,100.88726806640625,102.02317806934926,100.07590209417809,100.91044894068001,210759300
2011-04-19,101.466796875,101.49771256288615,100.79452804947881,101.04179459816699,124258800
2011-04-20,102.84999084472656,103.07407653560621,102.61043551814925,102.6799899243844,156133800
2011-04-21,103.37545776367188,103.42181951536065,102.8500088566884,103.38318079199236,135935400
2011-04-25,103.26724243164062,103.43724332581426,102.92724064329332,103.29814632563625,65757100
2011-04-26,104.15591430664062,104.36455399256427,103.475922256519,103.58410361387132,146600000
2011-04-27,104.83586883544922,104.99041187456166,103.93177967621945,104.35678187693722,143031000
2011-04-28,105.1758804321289,105.314965643074,104.63497384921044,104.65041990095155,124791100
2011-04-29,105.4231185913086,105.53131166965775,105.07539386663605,105.21449083103067,115094100
2011-05-02,105.2608871459961,106.00269856361882,105.05224752627974,105.91770990134611,126278700
2011-05-03,104.88229370117188,105.23775351688703,104.34910987304174,105.06002950447204,138375000
2011-05-04,104.18679809570312,104.88224778128479,103.72315711139534,104.83588604103002,182678500
2011-05-05,103.24405670166016,104.27950806950095,102.78815059369902,103.60723934112168,226900000
2011-05-06,103.69998168945312,104.80498765072679,103.29816026800083,104.27180402802445,222787200
2011-05-09,104.10176849365234,104.40313151180831,103.52994634523064,103.69222418156542,114104500
2011-05-10,104.99042510986328,105.17588385470437,104.31815631999368,104.44951850934294,114806900
2011-05-11,103.88544464111328,104.85135362239278,103.40635755948061,104.83589577724558,193564200
2011-05-12,104.3800048828125,104.59636758309394,103.0740938619748,103.60727758441223,171550700
2011-05-13,103.57632446289062,104.58087194600026,103.20541879513027,104.4340519258155,157444900
2011-05-16,102.91954040527344,104.01681164369445,102.74953947345931,103.2054457038328,141675400
2011-05-17,102.90406799316406,103.04316500445059,102.09270216815264,102.53316228119998,192686200
2011-05-18,103.82361602783203,103.93179735269779,102.73406796183268,102.95816542890607,135217900
2011-05-19,104.0708999633789,104.34135921617406,103.49908934677968,104.16363525081609,119489500
2011-05-20,103.24405670166016,104.0708684744983,103.05087494836694,103.80042109441489,182594900
2011-05-23,102.04634857177734,102.55635133572848,101.68316585722556,101.98452898303651,168700000
2011-05-24,101.96134948730469,102.56407574706168,101.76816769146255,102.33999005187248,147199600
2011-05-25,102.30131530761719,102.72631746697536,101.52086537197906,101.55176926044285,151050100
2011-05-26,102.77272033691406,102.95817911457026,101.829992184538,102.02317398968258,164850000
2011-05-27,103.16679382324219,103.44497605882366,102.74180333880619,103.05861249778718,120921900
2011-05-31,104.2408676147461,104.25632545619663,103.42177888104227,104.14042112251337,164731200
2011-06-01,101.89952850341797,104.25634873861945,101.81452804277527,103.939527767962,233094300
2011-06-02,101.79134368896484,102.18544207977355,101.19635227569923,101.96907942206234,200466800
2011-06-03,100.77908325195312,101.55181047681785,100.51635882531072,100.57044359979275,234690200
2011-06-06,99.71271514892578,100.73272073759985,99.58135293660533,100.52408108702895,179951200
2011-06-07,99.65087890625,100.50860634614872,99.56587846478695,100.22268933893031,161660500
2011-06-08,99.23360443115234,99.82860754961652,99.04814569801474,99.4963287932715,198696400
2011-06-09,99.99085998535156,100.40040431481634,99.26450657578117,99.50405003744427,160964400
2011-06-10,98.5999984741211,99.62772126269837,98.33727403212964,99.56591345707415,238629400
2011-06-13,98.67725372314453,99.09453298292024,98.1749857969528,98.8240737667367,207599800
2011-06-14,99.92906951904297,100.27679433946857,99.54270598726359,99.5813329077381,160570400
2011-06-15,98.15180206298828,99.91362495420655,97.88907765627492,99.09453604452327,300958000
2011-06-16,98.36817169189453,98.8858974840084,97.61089646673777,98.18271292525993,308032800
2011-06-17,98.66171264648438,99.352848907231,98.32779241407107,99.34508166703488,233284900
2011-06-20,99.16645812988281,99.37613211594203,98.2967169274671,98.32777995964875,159479000
2011-06-21,100.52545166015625,100.71959120057731,99.20530515516049,99.67900610776137,193157300
2011-06-22,99.9197006225586,100.80497612846176,99.85757457047188,100.21479640763727,176703000
2011-06-23,99.63240051269531,99.89642740672355,97.99386254783049,98.74712480675583,334286500
2011-06-24,98.47530364990234,99.68673205644137,98.32776168030239,99.6090833774237,226129300
2011-06-27,99.35282135009766,99.73332714414316,98.34329369267067,98.53743317104765,168904700
2011-06-28,100.64967346191406,100.6652079382782,99.6090886828559,99.74886342213225,165556300
2011-06-29,101.51165008544922,101.67472060954472,100.66520481454104,101.1078366578478,244295500
2011-06-30,102.48234558105469,102.64541610215284,101.50388690646665,101.83780111112775,223322700
2011-07-01,103.99667358398438,104.13646022279853,102.33483949618491,102.575570644286,202385700
2011-07-05,103.91120910644531,104.12088305403684,103.58505621537684,103.88791331774992,165936000
2011-07-06,104.03547668457031,104.16749012325495,103.36763632753731,103.66273216067637,143331600
2011-07-07,105.1148910522461,105.37891792764788,104.74214653112975,104.95958182255883,170464200
2011-07-08,104.36941528320312,105.11491635421835,103.58509578242322,103.92678327958279,194100500
2011-07-11,102.48234558105469,103.42197399131787,102.24161453130681,103.08805978665676,195918600
2011-07-12,102.03974151611328,103.11139561104494,102.00868440219449,102.26495002704065,214675700
2011-07-13,102.38140106201172,103.45305486434238,102.13290867049605,102.57554055667542,204062600
2011-07-14,101.67473602294922,103.11137310183138,101.48059651765894,102.63767223494968,226111800
2011-07-15,102.26493072509766,102.40470548535696,101.5504987464342,102.24163493172111,220012800
2011-07-18,101.4262466430664,101.9465391108429,100.66522307744329,101.79122987184529,196872100
2011-07-19,103.07255554199219,103.19680768454137,101.96984443787531,101.99314023343622,166554900
2011-07-20,103.01042938232422,103.39870844045485,102.83182433339833,103.33659421857006,137145400
2011-07-21,104.43930053710938,104.69556612565579,103.02595914258112,103.59284322366722,245246300
2011-07-22,104.5091781616211,104.61789580879169,103.87239490723987,104.46258657702438,126019400
2011-07-25,103.92676544189453,104.43929659966453,103.40647296937122,103.51519062259496,136653800
2011-07-26,103.53846740722656,104.02770268158086,103.30549766470864,103.85685899368994,131278200
2011-07-27,101.41849517822266,102.99490721335484,101.28646987045012,102.96383825293663,249020100
2011-07-28,101.12339782714844,102.32706526507563,100.96031541067103,101.41849370013786,207939900
2011-07-29,100.43223571777344,101.37963731399152,99.37611648835002,100.10608281815739,307038400
2011-08-01,100.0051498413086,101.69805263847024,99.03445222920602,101.60485761015987,325790900
2011-08-02,97.45024108886719,99.78768183193019,97.45024108886719,99.25185502970216,346653800
2011-08-03,97.97831726074219,98.08703490213358,95.9282047021228,97.582276963388,370830800
2011-08-04,93.38887786865234,96.77467162613226,93.23356269534203,96.61935645282196,520721800
2011-08-05,93.24907684326172,94.79442545158078,90.74855938251756,94.55369439127315,655619200
2011-08-08,87.17639923095703,93.28014533931767,86.99002105269633,90.78739497058521,702263900
2011-08-09,91.23004913330078,91.35429534975144,85.63105996099829,88.5819831412205,717828700
2011-08-10,87.1996841430664,90.29814839291487,86.93565138580462,89.50606197046227,662607400
2011-08-11,91.1135482788086,92.34827261047721,87.2229911800909,87.95295756968144,487979700
2011-08-12,91.72701263427734,92.57345782164762,91.07470097894056,91.94444787783426,313731600
2011-08-15,93.66839599609375,93.76157913237614,92.4103703342936,92.5579181996278,258810600
2011-08-16,92.86856842041016,93.72278696055106,91.87457512788332,92.77538525215287,294095200
2011-08-17,92.93070983886719,94.11884282782178,92.19298198647542,93.38111497543,238201100
2011-08-18,88.9236831665039,92.96178352862043,88.0539358298111,90.4690323607982,512956300
2011-08-19,87.47148132324219,89.98752725864466,87.36276369128858,87.71997961408853,428281300
2011-08-22,87.5413818359375,89.4827767447702,87.2928835245936,89.43617923818461,275090600
2011-08-23,90.42241668701172,90.52336709555058,87.4249022909006,87.86754012013631,331136600
2011-08-24,91.69595336914062,91.82019954569522,90.01858555065652,90.22825949030018,246869700
2011-08-25,90.29814910888672,92.72101182120696,89.9797634597227,92.20071946484966,312365400
2011-08-26,91.61054992675781,92.02989196558565,88.41112877384954,89.83999860148523,314495900
2011-08-29,94.24308776855469,94.29744659642147,91.6804437698797,92.84528087388327,190977200
2011-08-30,94.4915771484375,95.07399564517968,92.61230822086956,93.83150403706316,241315700
2011-08-31,94.91091918945312,95.91267971494064,94.1964872552762,95.09729144952813,301828400
2011-09-01,93.91694641113281,95.82727878688902,93.79269426083877,94.96529874939714,254585900
2011-09-02,91.51737213134766,93.86258094271442,91.19121914687993,91.96001001731622,255517200
2011-09-06,90.84951782226562,90.98153718364854,88.8227009892371,88.83046822806371,285130500
2011-09-07,93.41217041015625,93.45099475863061,91.9134131067513,92.22403751788555,209803200
2011-09-08,92.44149017333984,93.91695195957169,92.23181613849864,92.85306507733384,250568200
2011-09-09,90.01861572265625,92.45700774207454,89.5216190005244,91.385359670853,380195100
2011-09-12,90.60104370117188,90.670937019945,88.56646501055229,88.8926180323765,305793500
2011-09-13,91.43194580078125,91.7736332485882,90.25158013738945,90.89612475950969,272514700
2011-09-14,92.69776153564453,93.80824008331197,90.63988096378493,91.89790155192851,319389500
2011-09-15,94.29744720458984,94.32851023852376,92.72103526161821,93.69173285454832,326777200
2011-09-16,94.85552978515625,95.20679232462828,93.9188415905341,94.67600075959086,284528300
2011-09-19,93.9110336303711,94.39499256950108,92.6699214818392,93.30218571182199,241517000
2011-09-20,93.80178833007812,95.2224359853664,93.67689930433919,94.3091637688212,218932200
2011-09-21,91.03853607177734,94.13742236044516,90.89023074764023,93.8486131808542,316251300
2011-09-22,88.09578704833984,89.14956320861435,86.87809068138448,88.40021114007868,513911300
2011-09-23,88.62657165527344,89.11053076574852,87.44009317647013,87.51034809096315,307242500
2011-09-26,90.73411560058594,90.85901056824899,88.1894431653095,89.46177938294771,260673700
2011-09-27,91.74886322021484,93.32562342326425,91.20245668842256,92.5216314513175,311753900
2011-09-28,89.87548065185547,92.4904079111975,89.7427842194698,91.93619990948116,286696800
2011-09-29,90.5858154296875,91.81912055134036,88.93099274582544,91.3663911560775,298108900
2011-09-30,88.32215881347656,90.11747969924586,88.25971131606168,89.33690384752326,288392300
2011-10-03,85.80867767333984,88.94658902815817,85.71500645553955,87.80694934385821,365136800
2011-10-04,87.68986511230469,87.87720755495947,83.85724179161569,84.57536995583365,459177500
2011-10-05,89.31346893310547,89.54764402200422,87.09663683422879,87.90843626567262,284108000
2011-10-06,90.92922973632812,91.06193208483215,88.6031183010823,89.26660622233089,257800800
2011-10-07,90.3204116821289,91.52249895014229,89.81303629645859,91.46005146614475,312657900
2011-10-10,93.34127044677734,93.38029566979503,91.85036757297435,91.85817499970656,230666300
2011-10-11,93.43489074707031,93.70028953025154,92.6933463583312,92.78701756803966,209088000
2011-10-12,94.2544937133789,95.33949320599355,93.92665342539144,94.13740619472092,281544900
2011-10-13,94.06718444824219,94.34819219212339,92.98218464199213,93.70031289621284,212538800
2011-10-14,95.6751708984375,95.69858721844336,94.6292022360391,95.15999399234708,211397600
2011-10-17,93.8486099243164,95.65954513437131,93.61443485491264,95.22241873517227,202311600
2011-10-18,95.68297576904297,96.40110402154605,93.04462595283778,93.77836905514151,318857900
2011-10-19,94.5511245727539,96.07325063498632,94.22328423516026,95.52684411701078,226601300
2011-10-20,94.96484375,95.30829301282883,93.52858134663929,94.7853087163349,262075600
2011-10-21,96.76795959472656,96.88504712761734,95.79224007950236,96.08104924460437,278999400
2011-10-24,97.95439910888672,98.19638151726157,96.83817611897894,96.92403988399626,203215600
2011-10-25,96.0498275756836,97.53291641457956,95.83906883394133,97.4860837854453,268596800
2011-10-26,97.02556610107422,97.39243169351998,95.39415972053781,97.06459131457514,289053800
2011-10-27,100.40543365478516,101.02208307923941,98.82866775832315,99.62485217397959,393220200
2011-10-28,100.38204193115234,100.57718586032594,99.7575789756688,99.91369173687964,225906500
2011-10-31,97.96223449707031,100.39762647555347,97.82173065559482,99.25799280793528,228146700
2011-11-01,95.23021697998047,96.40888772648425,94.8555380961124,95.25363329359995,416565800
2011-11-02,96.78360748291016,97.10364647140783,95.8469187530098,96.65871843140691,244717600
2011-11-03,98.54766082763672,98.74280471046372,96.47913447860674,97.78269418661463,291174800
2011-11-04,97.94664001464844,98.11836166365207,96.79919279968671,97.7514960925208,249401600
2011-11-07,98.55547332763672,98.65694600801952,96.94748360068807,97.87637043649926,196617200
2011-11-08,99.82001495361328,99.929301026765,98.12616717189819,99.07066302191424,224426300
2011-11-09,96.13573455810547,98.1964545403255,95.9015593965852,97.48612758428332,337982000
2011-11-10,97.04115295410156,97.52511194308742,96.02640234843791,97.40802441853872,231866500
2011-11-11,98.86772918701172,99.12531466324505,98.18862612800272,98.2198498732202,189924400
2011-11-14,97.93101501464844,99.48435880627972,97.50950347190702,98.5008378285357,159258300
2011-11-15,98.41499328613281,98.93797761624751,97.35340977571825,97.70466648571876,184709400
2011-11-16,96.85383605957031,98.61793288605693,96.71333219278358,97.42365299602977,235782500
2011-11-17,95.31607818603516,96.91626040031969,94.62917386541416,96.67427793705974,331219600
2011-11-18,95.214599609375,95.81564010824758,94.81650444734244,95.62049623837335,215580400
2011-11-21,93.4036865234375,93.94227968031159,92.61530343775031,93.82519214001037,229611600
2011-11-22,93.03678894042969,93.74710949666878,92.51379886767042,93.20070906879255,216494900
2011-11-23,90.98390197753906,93.03681988651527,90.98390197753906,92.16257295580161,224329100
2011-11-25,90.81216430664062,91.8737476208233,90.70288419682647,90.84338804591886,99557000
2011-11-28,93.44269561767578,93.8095670681977,92.74798387510737,93.30999920736915,210686000
2011-11-29,93.70811462402344,94.44965915259768,93.36465941231161,93.70811462402344,199241500
2011-11-30,97.56414031982422,97.74367532401197,93.66906983340769,96.39327694690662,324439500
2011-12-01,97.5485610961914,98.07154546587445,97.1270494391075,97.45488985395468,176954800
2011-12-02,97.46269226074219,98.7428360621179,97.40024476913347,98.4462194099574,221109700
2011-12-05,98.5242691040039,99.27362108644286,97.91542099047977,99.0082222427948,225263900
2011-12-06,98.55547332763672,99.21896137236514,98.1651855418766,98.5164421669331,178842100
2011-12-07,98.9223861694336,99.33609044250356,97.54857092152535,98.22766814134907,237802500
2011-12-08,96.7523422241211,98.49302841422299,96.5181731197662,98.2744682013641,240862800
2011-12-09,98.39156341552734,98.64134738620537,97.10361239737013,97.18947619560191,209111400
2011-12-12,96.95528411865234,97.54852317824606,96.13568340012016,97.53290833294912,215826100
2011-12-13,96.0498275756836,98.01687541847008,95.5814774630648,97.46266747087817,245159800
2011-12-14,95.02729034423828,96.03423377856728,94.81653751162075,95.6673622224179,238618800
2011-12-15,95.37074279785156,96.16692742101068,95.222431503654,96.03423097637086,199109200
2011-12-16,95.51213836669922,96.5804545965453,95.28434101737156,96.0148807040591,220481400
2011-12-19,94.49095153808594,96.08556883642328,94.28671303889759,95.88133033723493,183903000
2011-12-20,97.35028076171875,97.51524057599113,94.55380887447015,95.97560964969188,225418100
2011-12-21,97.53878021240234,97.68803209808675,96.42333452225809,97.35025561523022,194230900
2011-12-22,98.40286254882812,98.50498478844568,97.58592059042267,97.90012626992207,119465400
2011-12-23,99.28265380859375,99.31407557509036,98.51284150523891,98.71707399783313,92187200
2011-12-27,99.3612060546875,99.62043113562365,99.02342955340109,99.10983791371314,86075700
2011-12-28,98.0572280883789,99.39262010999356,97.97867667412312,99.37691222437789,119107100
2011-12-29,99.0705795288086,99.17269579072423,98.08081470859436,98.37931254633321,123507200
2011-12-30,98.58354949951172,99.23553775924451,98.58354949951172,98.99202053378517,95599000
2012-01-03,100.15457153320312,100.84583829387147,100.0995849493398,100.35880998459042,193697900
2012-01-04,100.31169128417969,100.39809964385357,99.53402204020392,99.91892819223993,127186500
2012-01-05,100.5787582397461,100.72801011901208,99.31406671139295,99.76967329529752,173895000
2012-01-06,100.31953430175781,100.72015427800336,99.98961478865597,100.70444040037661,148050000
2012-01-09,100.56307220458984,100.68874729299834,100.08390072063119,100.5473583237216,99530200
2012-01-10,101.43500518798828,101.84347019460988,101.29360423478931,101.63923769129909,115282000
2012-01-11,101.48998260498047,101.62352062058933,100.95583054254506,101.12078433222364,111540700
2012-01-12,101.7334976196289,101.8827495209523,100.97153621847829,101.7806392617671,118983700
2012-01-13,101.20719909667969,101.37216488297369,100.32741353292329,101.05009624403452,179836200
2012-01-17,101.5999755859375,102.36980004166713,101.25434207294558,102.18126940198583,132209200
2012-01-18,102.7232666015625,102.77824720385833,101.39572537900384,101.57639305251702,163395200
2012-01-19,103.2652587890625,103.35166713315786,102.7468087244904,103.07672822389733,126328900
2012-01-20,103.65017700195312,103.65017700195312,102.84108599585183,103.09246012669175,138230200
2012-01-23,103.38311004638672,103.88584636598857,102.88822467424546,103.30455262706359,129295800
2012-01-24,103.2652587890625,103.29667455683528,102.58970591327417,102.7468087244904,103083300
2012-01-25,104.12934875488281,104.3728599534833,102.70754828343225,103.10816232117708,198613200
2012-01-26,103.59518432617188,104.78917534994393,103.18670740426202,104.59279382793416,184880500
2012-01-27,103.54804992675781,103.72871756258627,103.02173692408898,103.09244337826215,135259100
2012-01-30,103.19456481933594,103.24955740231104,102.16552749728318,102.51901186182516,147311800
2012-01-31,103.15528869628906,103.83082960603015,102.65254050753498,103.70515454501816,157212000
2012-02-01,104.05866241455078,104.58496355924912,103.79158636849715,103.91726145793581,166234500
2012-02-02,104.22362518310547,104.49071323832452,103.85443884424615,104.26290389588888,113090400
2012-02-03,105.6846694946289,105.74751301697098,105.079823066167,105.26049070154028,160598500
2012-02-06,105.6139907836914,105.6611204359353,105.1269683956003,105.24479252621005,107694500
2012-02-07,105.88111114501953,106.06179086919079,104.9777604688957,105.39408855297188,135528100
2012-02-08,106.19527435302734,106.218839176906,105.50400755611474,105.93604930418512,139361400
2012-02-09,106.32884979248047,106.50951750122857,105.70042630001355,106.36812850816862,148602900
2012-02-10,105.5433120727539,105.62972044350255,105.13483504865302,105.38620921307813,167907500
2012-02-13,106.32884979248047,106.45453688821009,105.84182727925466,106.29743401163866,115841900
2012-02-14,106.19527435302734,106.25811787876276,105.45687790835743,106.04602247767785,165329500
2012-02-15,105.7004165649414,106.69803831786929,105.48832110870444,106.54093545576711,195195100
2012-02-16,106.870849609375,106.96510892459108,105.51974348910704,105.70827410571866,186567800
2012-02-17,107.15361785888672,107.32643455926674,106.8001335121738,107.24002620907673,129869400
2012-02-21,107.20075988769531,107.6563665152996,106.87084032691533,107.404992381651,134042300
2012-02-22,106.85511016845703,107.26358708031847,106.66657959694177,107.03577780813212,124455300
2012-02-23,107.32645416259766,107.40499959500417,106.4388056745316,106.80015301937506,137704300
2012-02-24,107.56210327148438,107.7741987143502,107.32645498627711,107.56210327148438,105539100
2012-02-27,107.7427749633789,108.03341581774113,106.67445886685749,106.84727558733731,145728900
2012-02-28,108.0569839477539,108.18267101852294,107.56209859796259,107.77419403161298,129355900
2012-02-29,107.63280487060547,108.55186909984492,107.2557436589851,108.21408659604069,185934700
2012-03-01,108.19051361083984,108.39475808161187,107.56209029170218,107.8605940651826,145023500
2012-03-02,107.86060333251953,108.26122937580756,107.61709212214855,108.119828423418,120638300
2012-03-05,107.42071533203125,107.7741997494163,107.05151703342167,107.69565431565263,140765000
2012-03-06,105.84965515136719,106.38380721249447,105.54330041367865,106.3209756645089,202129900
2012-03-07,106.58806610107422,106.76088284683814,105.99105843891518,106.09318069400663,143692200
2012-03-08,107.64850616455078,107.86846452985891,107.02009478771167,107.2400411668411,116968900
2012-03-09,108.06488037109375,108.34765838869075,107.71924681245407,107.8527848717135,122836800
2012-03-12,108.0727310180664,108.21412002646908,107.68781874044394,108.04916618333263,104003500
2012-03-13,110.02074432373047,110.07573688443958,108.47325750095123,108.6539370694188,184090500
2012-03-14,109.90301513671875,110.32719417142813,109.56523250999447,110.052267089026,145163600
2012-03-15,110.53926086425781,110.58639052402957,109.78515034936967,110.06794029418023,165118500
2012-03-16,110.6922836303711,110.83429218265614,110.45559067119203,110.73961981446611,152893500
2012-03-19,111.12620544433594,111.46545608230403,110.54236448658085,110.62126614311892,125291100
2012-03-20,110.80274963378906,110.93687284814679,110.17157236015457,110.4950523682142,121729700
2012-03-21,110.62129211425781,110.96842818389764,110.39248447980057,110.86587045276319,122388400
2012-03-22,109.82443237304688,110.1005762127626,109.46151354001564,109.80864962939584,135216700
2012-03-23,110.17947387695312,110.30571175794196,109.31161553224545,109.91912480063569,120521000
2012-03-26,111.72586059570312,111.72586059570312,110.92900652475603,110.96844532967548,120164000
2012-03-27,111.37866973876953,111.89939178213517,111.30766547068401,111.82838751404967,119868500
2012-03-28,110.8264389038086,111.49706714243962,110.17159341067796,111.32349305805765,148562100
2012-03-29,110.63707733154297,110.84221689813256,109.73765349589297,110.17158868824755,164963700
2012-03-30,111.09465789794922,111.284014680983,110.49504614306566,111.18144491866832,135486800
2012-04-02,111.90734100341797,112.19926767000202,110.73967045321032,110.96058077247368,151741100
2012-04-03,111.4496841430664,111.93885279133977,110.79483885419211,111.7494960205207,155806700
2012-04-04,110.34518432617188,110.72388600499306,109.93491715153515,110.6292135949651,146896000
2012-04-05,110.2899398803711,110.61341996776345,109.87178739226219,109.96647183168686,137439400
2012-04-09,109.05125427246094,110.3293797093322,108.75144231518716,108.90134829382404,127555900
2012-04-10,107.2208251953125,109.14591045650414,107.11037007567225,108.8382131918845,235360300
2012-04-11,108.08869934082031,108.51473709228652,107.89145718873851,108.31749494020474,154133000
2012-04-12,109.50092315673828,109.58771016562925,108.11234305318568,108.19124471170578,154321500
2012-04-13,108.19915008544922,109.52462355392174,108.09658031813206,109.24847973670099,169246700
2012-04-16,108.12813568115234,108.9092067938986,107.75731952186118,108.75141550113095,147825300
2012-04-17,109.72978210449219,109.95069240530661,108.64100130854357,108.75145645895078,147877600
2012-04-18,109.35897064208984,109.72978695743716,109.17751118097596,109.2406301323871,123884200
2012-04-19,108.65675354003906,109.7849728281541,108.14392877975133,109.37471783540596,198666700
2012-04-20,108.8382339477539,109.53253028287196,108.77511500467885,109.13804591768351,143199600
2012-04-23,107.92303466796875,108.01771910837181,107.25241842478351,107.72579247196576,171844900
2012-04-24,108.33329772949219,108.60944160898732,107.93092799872377,108.01771504324729,137484200
2012-04-25,109.81655883789062,109.86389503523148,109.29583658972652,109.39050898440823,150252200
2012-04-26,110.58185577392578,110.70809365509288,109.5167432144771,109.57986215506067,136291600
2012-04-27,110.76335906982422,111.07894185901613,110.29787024221703,110.91326510823947,130725000
2012-04-30,110.35304260253906,110.62130109630904,110.05324269811175,110.54239941484028,115092200
2012-05-01,111.03947448730469,111.76532434677434,110.1637186279658,110.2899444879585,138832200
2012-05-02,110.70807647705078,110.81853159625648,110.02956301944296,110.39248182310233,121081000
2012-05-03,109.8638916015625,110.81065163491178,109.65876407326071,110.72386459626351,143759700
2012-05-04,108.08869934082031,109.90332954771388,108.02558040750947,109.28793499631514,193927300
2012-05-07,108.1676254272461,108.53054432730112,107.6626858855156,107.70212469386762,127765900
2012-05-08,107.73368072509766,107.90725480595196,106.44765786386995,107.52065580064786,213377700
2012-05-09,107.09461975097656,107.78101869373404,106.10840883841355,106.5896802452926,220752500
2012-05-10,107.31553649902344,107.9703820290705,107.07095810416294,107.83624674281654,150600000
2012-05-11,106.99202728271484,107.98612333790777,106.59754300131536,106.64487918889053,153032400
2012-05-14,105.80859375,106.99204681019444,105.65080241638215,105.96638508361784,163910000
2012-05-15,105.20108795166016,106.36087295207636,105.03541125943353,105.73759295013997,207629300
2012-05-16,104.7987289428711,106.155756265201,104.77506084156256,105.67448480741298,207265500
2012-05-17,103.24445343017578,104.94862885781994,103.18921983785299,104.82239096568897,247992900
2012-05-18,102.36080169677734,103.82828393487632,102.21089572018393,103.64681246915441,319615900
2012-05-21,104.12020111083984,104.15965195388766,102.52648095362282,102.69216967894086,177861100
2012-05-22,104.30166625976562,105.11430310852629,103.62315265375396,104.3884533037453,197531200
2012-05-23,104.35687255859375,104.50677850796387,102.5580252435614,103.55212127385678,204958400
2012-05-24,104.56202697753906,104.80660536268361,103.68627118765222,104.64092866764722,167357600
2012-05-25,104.22274780273438,104.8144742012237,103.97027209413416,104.52254765831664,135465600
2012-05-29,105.48509216308594,105.66655155777812,103.48900270535813,105.05905444539461,152883500
2012-05-30,103.95449829101562,105.4772139475158,103.7414854371111,104.58567557808246,162370400
2012-05-31,103.72573852539062,104.49892464881715,102.83419984798346,103.91509538853389,196186000
2012-06-01,101.11419677734375,103.74934844162954,101.11419677734375,102.10040731386114,253240900
2012-06-04,101.06690216064453,101.57184168144519,100.30948686008965,101.29569780217749,202545800
2012-06-05,101.8321762084961,101.98207012001522,100.81440004050559,100.86962759805871,164149400
2012-06-06,104.12020111083984,104.1675373070144,102.51069820866229,102.54226369858337,184202800
2012-06-07,104.1833267211914,105.35099711017075,103.97030178606218,105.303660910966,184772700
2012-06-08,105.01172637939453,105.03539447450181,103.58368308858974,103.91506049750294,143915400
2012-06-11,103.67839050292969,105.91905895389341,103.57582070891173,105.85594000670606,169756100
2012-06-12,104.86970520019531,104.94070948513136,103.48112479372215,103.97816682697997,181931800
2012-06-13,104.1990966796875,105.21686095381163,103.84405115180792,104.56201552152456,172223900
2012-06-14,105.30364227294922,105.72179467685825,104.12807469969786,104.41210388336302,230615500
2012-06-15,106.38063049316406,106.47579342950363,105.5558568090216,105.77791172787094,169444500
2012-06-18,106.5868148803711,106.84852504163717,105.69859525504486,105.9365146835672,131360900
2012-06-19,107.61779022216797,108.05397382111235,106.56302337420603,107.12609894758599,137382600
2012-06-20,107.44332122802734,107.93502462403814,106.4837293717316,107.6257329867325,206451800
2012-06-21,105.0324478149414,107.68125470556944,104.94521108016805,107.57022723413854,205272200
2012-06-22,105.8413314819336,106.03959561754999,105.1751547894398,105.57962137079005,130029200
2012-06-25,104.14423370361328,104.76281709250291,103.77149600760447,104.72316182888947,146375700
2012-06-26,104.66763305664062,104.98486303723473,103.83492099657494,104.44557812076796,141634000
2012-06-27,105.61138153076172,105.81757195979903,104.65971571053863,105.01658888048635,108088000
2012-06-28,105.31002044677734,105.46864150767821,104.11250888393867,104.91349199670107,169242100
2012-06-29,107.93501281738281,108.0698309931446,106.94369202406035,107.22125458554031,212250900
2012-07-02,108.2601547241211,108.37118216675911,107.47503641585365,108.23636399363322,129524500
2012-07-03,108.97392272949219,109.05322113787942,108.12534626226399,108.23637371487392,80450000
2012-07-05,108.48219299316406,109.28318780051316,108.08566474432409,108.56942969195212,126177500
2012-07-06,107.45124816894531,107.67330305935381,106.94369240499964,107.43538364789215,151192100
2012-07-09,107.31643676757812,107.51470093946524,106.82473339256047,107.36401823265747,103780500
2012-07-10,106.38063049316406,108.03811617353425,106.01581906871986,107.8636427228547,167884800
2012-07-11,106.39646911621094,106.74541593262609,105.7778859784141,106.43612436372767,141733400
2012-07-12,105.8810043334961,106.45200617235459,105.15933187420724,105.77791518278963,143583200
2012-07-13,107.657470703125,107.76849818150093,106.1427291687132,106.15859369450621,129642600
2012-07-16,107.4036636352539,107.72089357756707,106.98334455013831,107.41160194698983,97525200
2012-07-17,108.14122009277344,108.36327501710696,106.70578929580107,107.8319284409456,138860300
2012-07-18,108.94217681884766,109.15630548040284,107.82397625535484,107.88741013180989,113349700
2012-07-19,109.22770690917969,109.58458003992352,108.81532609640668,109.16426091465627,129847300
2012-07-20,108.22846984863281,108.77568101414346,108.10951616095105,108.60913375030174,142904500
2012-07-23,107.1340560913086,108.15710629159322,106.1427349443365,106.64236467475867,145210900
2012-07-24,106.2140884399414,107.26092919513614,105.50034218037123,107.21334772464294,173301200
2012-07-25,106.2378921508789,106.71371896081425,105.67481650953965,106.43615634695685,129122300
2012-07-26,107.9905014038086,108.22049456381912,107.26881708955482,107.7684465534354,156526500
2012-07-27,109.98109436035156,110.29039808199227,107.96673572153966,108.56152823038487,236768900
2012-07-30,109.98109436035156,110.50451467239566,109.65595031900712,109.85421448862219,106782000
2012-07-31,109.2118148803711,110.13175121462761,109.2118148803711,109.83039797628571,120575900
2012-08-01,109.11669158935547,110.02077593504322,108.96600884822627,109.99698519708465,138293800
2012-08-02,108.36329650878906,109.1008457331709,107.52265811407617,108.29192429061644,199556600
2012-08-03,110.512451171875,110.74243228038043,108.3949792261504,109.88592962955667,157825000
2012-08-06,110.7265853881836,111.16276904384915,110.67900391685394,110.80589590779053,86326200
2012-08-07,111.28170013427734,111.75752680033432,111.051706959763,111.1706606010066,109545100
2012-08-08,111.41656494140625,111.54344484482597,110.87727997279393,110.90900902446457,89754700
2012-08-09,111.5116958618164,111.73375075537376,111.1468844789241,111.25791192570277,90291700
2012-08-10,111.69413757324219,111.73379284083194,110.87728988546569,111.05968959507214,99792700
2012-08-13,111.63858795166016,111.69409562456799,111.05964788467591,111.50376977335927,79426900
2012-08-14,111.6544418334961,112.1223544597058,111.32135948843644,112.05097016348392,102379400
2012-08-15,111.78133392333984,111.97167187832865,111.46411609944279,111.53548829465697,71085900
2012-08-16,112.60610961914062,112.74092778736889,111.66237034045957,111.93993288642956,112014200
2012-08-17,112.75679016113281,112.85196518911306,112.5030183223822,112.79644541436755,90813700
2012-08-20,112.76473999023438,112.78853072438834,112.28890110498381,112.59819275007101,78255700
2012-08-21,112.42372131347656,113.47848825051743,112.17787565542301,113.04230461473576,105581100
2012-08-22,112.47128295898438,112.65368257268815,111.87649056113607,112.13818856723688,133243500
2012-08-23,111.5513916015625,112.20169199698016,111.37691810743101,112.19376578400637,111466400
2012-08-24,112.22545623779297,112.47924020609175,111.2024183556669,111.27379055884381,99481200
2012-08-27,112.24928283691406,112.67754039497927,112.09067385659304,112.52685762829297,68785900
2012-08-28,112.13822937011719,112.48717630666336,111.7972207464568,111.96375590184411,75689600
2012-08-29,112.22545623779297,112.52682167487636,111.91616458960735,112.23339454998083,65421300
2012-08-30,111.41656494140625,111.77343811563144,111.17864545822692,111.74170906396081,96589900
2012-08-31,111.94788360595703,112.47130391786199,111.31343584314054,112.05097274539196,151970400
2012-09-04,111.84479522705078,112.18581593047777,111.13104897498269,111.85272143835431,120226200
2012-09-05,111.7496109008789,112.19372067060365,111.52755601601652,111.8923552835403,100660300
2012-09-06,114.01776123046875,114.0256874408059,112.41578336319748,112.42370957353462,158272500
2012-09-07,114.46188354492188,114.50946501431572,114.10501042338225,114.20809957337364,107272100
2012-09-10,113.81157684326172,114.5491259587357,113.77193368418949,114.35086175902896,86458500
2012-09-11,114.12879180908203,114.49359111194238,113.85121712557475,113.88294616996205,88760000
2012-09-12,114.50947570800781,114.63636770563198,114.12087350319138,114.50947570800781,87640900
2012-09-13,116.25420379638672,116.61107696806015,114.19226319278052,114.49361657497113,225470200
2012-09-14,116.76966094970703,117.45961633595972,116.38898505976846,116.48416008279493,169777000
2012-09-17,116.37315368652344,116.73002680943397,116.07971445565782,116.53176261880746,119427800
2012-09-18,116.27796936035156,116.42865206936796,115.98454225400484,116.17488021819683,98326600
2012-09-19,116.34143829345703,116.71417598366689,116.11145712981705,116.41281050619833,128318300
2012-09-20,116.34934997558594,116.41278386055625,115.49284731547272,115.81006514466227,154009800
2012-09-21,116.30071258544922,116.93854715118854,116.2528771220132,116.91462941947053,108737500
2012-09-24,116.12528228759766,116.3883894444293,115.63893490660821,115.72663729221877,95682000
2012-09-25,114.8895034790039,116.59570373513341,114.85760506355423,116.37246348970943,133165200
2012-09-26,114.24370574951172,114.8974895435651,113.972630005204,114.8656032889277,146502200
2012-09-27,115.3200454711914,115.58315267752016,114.41910371912768,114.72207786563027,111830300
2012-09-28,114.78585815429688,115.25625639961501,114.37924457768518,114.88152907451571,150696100
2012-10-01,115.08885955810547,116.15722563929064,114.81777161045181,115.22439744909005,135911200
2012-10-02,115.20841217041016,115.72664583639232,114.67422929704496,115.54327253136981,113422200
2012-10-03,115.67886352539062,115.94993934703713,114.91347153889622,115.51940787534481,121283100
2012-10-04,116.50802612304688,116.67545025988639,115.95789391349282,116.11734952761545,124311600
2012-10-05,116.51595306396484,117.32919222115291,116.16514353868061,117.12986973321225,124842100
2012-10-08,116.1173324584961,116.50002830927123,115.85422525931264,116.08544620663223,78415400
2012-10-09,114.96927642822266,116.12534510707547,114.92940947398228,116.02967414944766,148872900
2012-10-10,114.23574829101562,115.06493698008872,114.08426119403012,114.9533046638392,124247500
2012-10-11,114.29951477050781,115.20045652025587,114.27559703960141,115.03302023822899,123601500
2012-10-12,113.92477416992188,114.76989967205138,113.67761620220634,114.37923533560318,124181900
2012-10-15,114.87358093261719,114.9931696041068,113.82913264932868,114.19587935235266,107689100
2012-10-16,116.0375747680664,116.11730862988638,115.33596787990344,115.41568957604417,108815500
2012-10-17,116.56382751464844,116.65951061353559,115.94194211745663,116.11734693878594,128834100
2012-10-18,116.26085662841797,116.81895730563826,115.8701800715226,116.26085662841797,148108500
2012-10-19,114.32342529296875,116.05354332497433,114.05234958266696,116.0455748037353,185645200
2012-10-22,114.33935546875,114.54664647759118,113.43841392577548,114.13205229422955,125578600
2012-10-23,112.75276947021484,113.26303467016133,112.28237121016834,113.10357907624342,192056300
2012-10-24,112.43384552001953,113.29492022825406,112.25844073691543,113.15937021484402,120179400
2012-10-25,112.76074981689453,113.43845136921719,112.07509190771232,113.23116029195396,134457400
2012-10-26,112.69696044921875,113.08762481200218,111.93155660067244,112.65709351110087,146023500
2012-10-31,112.69696044921875,113.23911187744123,112.1627653766658,113.09560549903462,103438500
2012-11-01,113.87696838378906,114.02047478991163,112.83252009806212,112.93615955836715,100995600
2012-11-02,112.86441040039062,114.58656032968652,112.74482172433574,114.55466190561572,137702200
2012-11-05,113.09563446044922,113.35076103150956,112.36211667514985,112.69698930854871,98378500
2012-11-06,113.98058319091797,114.42706364220781,113.31883103429915,113.43841966743754,107068100
2012-11-07,111.39739227294922,112.960074316074,110.87117779966529,112.944137270714,264304500
2012-11-08,110.0579605102539,111.94754701456102,109.97025808038576,111.3814654825601,181517300
2012-11-09,110.15360260009766,111.1741329498804,109.66725515483544,109.72305913540973,201055300
2012-11-12,110.2413101196289,110.67184143863996,109.99415212485573,110.49643663608828,97677500
2012-11-13,109.85857391357422,111.0226225622785,109.51574508378746,109.65925143141574,123018300
2012-11-14,108.37562561035156,110.36885064253501,108.12846765286965,110.19345803212858,191505000
2012-11-15,108.19226837158203,108.82213438801702,107.77767409696372,108.41550863506528,178128400
2012-11-16,108.72643280029297,108.94170450548214,107.39495996760412,108.35170552912953,239483900
2012-11-19,110.9269790649414,110.94291610816208,108.75834895010969,109.94630345118728,151495800
2012-11-20,110.97482299804688,111.15819633453847,110.08983040446356,110.75158271909638,119807400
2012-11-21,111.18209838867188,111.27778147021715,110.84723801746605,111.0704782649366,81710800
2012-11-23,112.69696044921875,112.73681522165518,111.65250019952876,111.72426555441352,65409200
2012-11-26,112.45777893066406,112.70493693250111,111.77210890991502,112.13885556887246,100124400
2012-11-27,111.88372039794922,112.72884595143557,111.81196720922257,112.34615011254543,128646200
2012-11-28,112.78469848632812,112.84847100865085,110.82335886855857,111.42929515610686,177086500
2012-11-29,113.31085968017578,113.62180231762359,112.71289213387762,113.20722024481375,151085900
2012-11-30,113.33480834960938,113.55008013143738,112.94414389874412,113.32683982646175,136568300
2012-12-03,112.77667999267578,113.94869738986768,112.68897759677431,113.85302647276832,124656300
2012-12-04,112.6172103881836,113.11152628589653,112.31423630084744,112.76869743185168,127512200
2012-12-05,112.81656646728516,113.34278093382235,111.91562462297297,112.71291484535662,147300500
2012-12-06,113.19927215576172,113.24710762673165,112.54550044303208,112.71292459142683,103220600
2012-12-07,113.54208374023438,113.76532399041736,112.95208469864723,113.63775465726103,108726400
2012-12-10,113.58991241455078,113.860988107057,113.33477376347635,113.38262138481316,98840700
2012-12-11,114.36332702636719,114.89751008826067,114.00454881055036,114.06035280756475,152570400
2012-12-12,114.41910552978516,115.24829410206698,114.25964993224858,114.8097820845797,145880100
2012-12-13,113.71751403808594,114.67425991998861,113.43048905694673,114.34736799258599,135715000
2012-12-14,113.294921875,113.6776176956621,113.11951708934639,113.47032666065363,137701700
2012-12-17,114.62638854980469,114.69017321071206,113.55801068670635,113.58990910000011,143238200
2012-12-18,115.90206909179688,116.00572070778448,114.6423491527514,114.80978544275577,177762800
2012-12-19,115.04098510742188,116.06949616647026,115.00113033429795,116.02962922766469,150895400
2012-12-20,115.70278930664062,115.71873852245965,114.79387865594994,115.1128021438949,168487000
2012-12-21,114.65248107910156,115.69631175563758,113.96998535934102,114.15465923033915,245883800
2012-12-24,114.29918670654297,114.46779823799102,114.1707126098445,114.40356118964179,53874600
2012-12-26,113.8174057006836,114.58823796613405,113.49623273705778,114.53202595891976,106947700
2012-12-27,113.6649169921875,114.0824519136641,112.34808739550381,113.8495909518523,167920600
2012-12-28,112.4364242553711,113.55251768143434,112.30795007275185,112.92622135613107,148806700
2012-12-31,114.34736633300781,114.4678031463493,112.04290653803456,112.13926824067248,243935200
2013-01-02,117.27812957763672,117.35039167782205,116.21021139546399,116.5153343766467,192059000
2013-01-03,117.01312255859375,117.52700665393381,116.69997462943283,117.22189601267655,144761800
2013-01-04,117.52706909179688,117.71978032441609,116.96500997828635,117.20589595606793,116817700
2013-01-07,117.20585632324219,117.31826810793257,116.77225925946097,117.10950686549775,110002500
2013-01-08,116.86862182617188,117.1576824534905,116.41093739459835,116.9970959387503,121265100
2013-01-09,117.16571044921875,117.48689573877407,116.94088687251305,117.12556075652859,90745600
2013-01-10,118.09711456298828,118.10513959973093,117.20584540597363,117.81607900145687,130735400
2013-01-11,118.0890884399414,118.15331323722084,117.71972846978056,118.06498882600614,113917300
2013-01-14,118.00882720947266,118.08912660997375,117.57523004991607,117.94459013946543,89567200
2013-01-15,118.0890884399414,118.20150021312699,117.39051818689265,117.4627802728053,93172600
2013-01-16,118.07306671142578,118.25774063402002,117.71976894509343,117.84824308775404,104849500
2013-01-17,118.83586120605469,119.17309663924105,118.15335304834062,118.59497525321628,133833500
2013-01-18,119.10084533691406,119.22931949034887,118.37818741282047,118.81178461767055,169906000
2013-01-22,119.7431869506836,119.7431869506836,118.81979288667135,119.10082852614636,111797300
2013-01-23,119.9358901977539,120.04027696792109,119.52639266027762,119.74319123986781,104596100
2013-01-24,119.96798706054688,120.5541333415798,119.64680178521238,119.75921356858808,146426400
2013-01-25,120.6424331665039,120.6424331665039,119.93583795678074,120.34534756785348,147211600
2013-01-28,120.49790954589844,120.70667074426011,120.04825025010224,120.67454609715028,113357700
2013-01-29,120.97169494628906,121.12425645446741,120.17677499671314,120.25707439637591,105694400
2013-01-30,120.49790954589844,121.19646747099901,120.38548553297711,120.95558162552751,137447700
2013-01-31,120.20087432861328,120.74688334632894,120.12058717292854,120.35343585197457,108975800
2013-02-01,121.43739318847656,121.58191739203382,120.75488511087737,120.96364637778241,131173000
2013-02-04,120.0723876953125,121.46149134111829,119.98406325686224,120.69869605557592,159073600
2013-02-05,121.28485870361328,121.63011921253128,120.67461259189615,120.72279958911314,113912400
2013-02-06,121.37310791015625,121.45339501847198,120.77089946395843,120.85922385947926,138762800
2013-02-07,121.21255493164062,121.52570292010535,120.32931073239882,121.41329113583508,162490000
2013-02-08,121.8870620727539,121.95932418739335,121.42135246957314,121.42135246957314,103133700
2013-02-11,121.8628921508789,121.96726660622032,121.55776931535567,121.83880479564928,73775000
2013-02-12,122.0636978149414,122.28852142646684,121.73448743664777,121.87098661136193,65392700
2013-02-13,122.16809844970703,122.53745860587954,121.82283791960647,122.31263494628602,82322600
2013-02-14,122.28050994873047,122.4250464449185,121.66225101250599,121.79875021603493,80834300
2013-02-15,122.13594818115234,122.5213582992948,121.686301001325,122.39288417592506,215226500
2013-02-19,123.05132293701172,123.07541030718448,122.1761158154852,122.34472740669455,95105400
2013-02-20,121.51763916015625,123.00309164840118,121.45340211857108,122.96294196591508,160574800
2013-02-21,120.77899169921875,121.58193674089841,120.39358150976383,121.21258888282843,183257000
2013-02-22,121.95928955078125,121.95928955078125,120.83517169129891,121.36510596678872,106356600
2013-02-25,119.63884735107422,122.73821663830176,119.63884735107422,122.55354265347998,245824800
2013-02-26,120.45777130126953,120.60229547109813,119.42196574297434,120.2168854329243,186596200
2013-02-27,121.97535705566406,122.31259242782414,120.24901824936177,120.35340500216118,150781900
2013-02-28,121.73448181152344,122.74618801663881,121.57389527527823,121.96733045128387,126866000
2013-03-01,122.13594818115234,122.32062207601712,120.77094431325744,121.3169409596287,170634800
2013-03-04,122.78630065917969,122.78630065917969,121.66218299273274,121.85488187728727,99010200
2013-03-05,123.88639068603516,124.21560110846734,123.36448128615551,123.38054361826599,121431900
2013-03-06,124.05497741699219,124.39221277856946,123.78197911266287,124.32797572132152,94469900
2013-03-07,124.27984619140625,124.4404327669478,124.0710848683993,124.21560911079557,86101400
2013-03-08,124.80977630615234,124.97838789984029,124.18348016851678,124.82583863715982,123477800
2013-03-11,125.28345489501953,125.29147993094963,124.56080959848599,124.71337104490075,83746800
2013-03-12,125.00242614746094,125.33967370624423,124.625053406849,125.1951372879137,105755800
2013-03-13,125.17914581298828,125.35579472872665,124.64117402486539,125.06673398042486,92550900
2013-03-14,125.8455810546875,125.90179309216951,125.18717244914129,125.50834558570483,126329900
2013-03-15,125.6793441772461,125.84870558420839,125.25995256353674,125.69547793720305,138601100
2013-03-18,124.98582458496094,125.52618899714665,124.36480362497261,124.47771540801945,126704300
2013-03-19,124.6954574584961,125.42131704189266,123.87280757257648,125.25195554878114,167567300
2013-03-20,125.56648254394531,125.77617228119368,125.2196742520622,125.42937629576853,113759300
2013-03-21,124.49384307861328,125.52618284630252,124.2841532936473,124.81644464109338,128605000
2013-03-22,125.4939193725586,125.4939193725586,124.79224194522315,124.88903225278044,111163600
2013-03-25,124.96965789794922,126.03426497751893,124.48575565797417,125.82456293105076,151322300
2013-03-26,125.96971893310547,126.00197415389178,125.34869825148033,125.48580447611988,86856600
2013-03-27,125.96971893310547,126.01004718893024,125.00996305417276,125.2196527554234,99950600
2013-03-28,126.35688781738281,126.5020671284224,125.61489441223664,125.88910695852671,102932800
2013-04-01,125.85688018798828,126.55048474846184,125.55040003373207,126.29239360667493,99194100
2013-04-02,126.47782897949219,126.79236968732472,126.11488698037654,126.30845522614116,101504300
2013-04-03,125.19548797607422,126.64721938511698,124.8648257353285,126.55044139333373,154167400
2013-04-04,125.7035903930664,125.95360839624695,125.08256959692051,125.3567820967664,131885000
2013-04-05,125.13902282714844,125.29226283289198,124.01796610347283,124.16313307325687,159666000
2013-04-08,125.98588562011719,125.99394635080628,124.80836669717904,125.22775851573415,86571200
2013-04-09,126.42138671875,126.88110675937251,125.80036593467425,126.21975771281897,101922200
2013-04-10,127.96988677978516,128.1311875116072,126.72785760765264,126.76011283143424,135711100
2013-04-11,128.38926696777344,128.8086586779152,127.86502425348229,127.99406974990373,110142500
2013-04-12,128.07473754882812,128.26829350406223,127.36499956241786,127.9779472647541,116359900
2013-04-15,125.10676574707031,127.53438693388092,125.09064428671911,127.42953590930661,217259000
2013-04-16,126.9537353515625,127.01825813315877,125.74396088617264,126.05042871567707,147507800
2013-04-17,125.09870147705078,126.07459128484952,124.42929169766879,126.0503844820911,226834800
2013-04-18,124.3163833618164,125.3406621903591,123.84054184622208,125.30839465676657,167583200
2013-04-19,125.39714050292969,125.45360254635987,124.30027793342475,124.60675804013471,149687600
2013-04-22,125.95360565185547,126.25201264186474,124.80835437763692,125.63906489560149,106553500
2013-04-23,127.25208282470703,127.37305529197982,125.95359168133423,126.58267312406575,166141300
2013-04-24,127.33277130126953,127.67150660111298,127.05854646252615,127.2924430332373,96781200
2013-04-25,127.84893035888672,128.45381740900535,127.51019508759529,127.7037510674998,131060600
2013-04-26,127.62310028076172,127.91344654214387,127.2117692317032,127.69568376949277,95918800
2013-04-29,128.47799682617188,128.76027003255317,127.76825883260595,127.96988782564563,88572800
2013-04-30,128.78448486328125,128.81675239887886,127.92151903616006,128.4538226153894,116010700
2013-05-01,127.65538787841797,128.56675515623226,127.51022086414368,128.50223238106778,138874200
2013-05-02,128.8409881591797,128.95389995701373,127.85703721814184,127.97800974922724,96407600
2013-05-03,130.14749145507812,130.5588225179903,128.86513388514112,129.96199620880972,144202300
2013-05-06,130.4781494140625,130.66364463676538,130.18780317978738,130.2442652033899,66882100
2013-05-07,131.13949584960938,131.1798118011622,130.38942963129668,130.7604323759434,90359200
2013-05-08,131.736328125,131.77665638862987,130.92175134809258,130.99433483875146,97419200
2013-05-09,131.36534118652344,132.02667796339125,131.03466664486027,131.67988196100686,106738600
2013-05-10,131.79281616210938,131.90572793867904,131.06694419290955,131.4540808324004,103203000
2013-05-13,131.8976287841797,132.11539156246772,131.31694855284198,131.62341628201443,81843200
2013-05-14,133.26065063476562,133.35744093434252,132.0024874983963,132.0024874983963,119000900
2013-05-15,133.97845458984375,134.24460638755681,133.00257697135524,133.04290523884984,120718500
2013-05-16,133.34934997558594,134.1719997259042,133.14772097938246,133.70421897793724,109913600
2013-05-17,134.63975524902344,134.72039944852173,133.66386567539095,133.84130014332413,129801000
2013-05-20,134.6317138671875,135.155956666226,134.37363513908036,134.51074138627132,85071200
2013-05-21,134.8253173828125,135.33342654838225,134.28495298272043,134.75273387529143,95804200
2013-05-22,133.82521057128906,136.35768293959174,133.21226276558963,134.96240122588503,244031800
2013-05-23,133.43807983398438,133.80908263689395,132.22024501217362,132.39767953011406,211064400
2013-05-24,133.32521057128906,133.381672620656,132.2525423914791,132.64773981766038,151573900
2013-05-28,134.12368774414062,135.31732864119658,133.72849025435107,134.72050203943644,143679800
2013-05-29,133.25262451171875,133.72040544404302,132.54288622730093,133.4139253109604,160363400
2013-05-30,133.74453735351562,134.35748502634712,133.25256214688235,133.35741315522503,107793800
2013-05-31,131.82505798339844,134.13169458989245,131.5669792231226,133.37356746443186,176850100
2013-06-03,132.5509033203125,132.6396205684196,131.18788937505693,132.1315115741284,168390700
2013-06-04,131.9137725830078,133.1558142802629,131.2443627369603,132.623510695725,157631500
2013-06-05,130.06683349609375,131.8008379032568,129.9539217529267,131.53468615726516,211737800
2013-06-06,131.24436950683594,131.2524425444618,129.24421290273034,130.01040078313943,200225500
2013-06-07,132.9138641357422,133.03483663579885,131.5750443716361,132.14767625364382,188337800
2013-06-10,132.9138641357422,133.3977664424286,132.5670557914801,133.32518294239463,105667100
2013-06-11,131.54281616210938,132.70418932060323,131.25246979587033,131.70411696413942,159505400
2013-06-12,130.45399475097656,132.58319701694117,130.33302224411628,132.44609074034602,177361500
2013-06-13,132.4380340576172,132.6719183468509,130.0910689010919,130.38141523289357,163587800
2013-06-14,131.60726928710938,132.8089825055168,131.3895188371662,132.29281278007505,141197500
2013-06-17,132.62353515625,133.252616851653,131.63958433903784,132.502550333927,136295600
2013-06-18,133.67198181152344,133.87361083496558,132.6880311926091,132.69609192322156,114695600
2013-06-19,131.82505798339844,133.79295929464695,131.76860825408724,133.5590750335701,206149500
2013-06-20,128.5586395263672,131.84116540151686,128.2199042988223,130.54267420936642,321255900
2013-06-21,128.9713592529297,129.53078957110313,127.67410048331891,129.43349949343408,271956800
2013-06-24,127.3416519165039,128.45242132979845,126.263308399051,127.6254310843083,222329000
2013-06-25,128.5659942626953,129.80649249814547,127.63358546134724,128.49301431763777,162262200
2013-06-26,129.8388671875,130.13074973784973,129.1172703785207,129.61995218184416,134848000
2013-06-27,130.6010284423828,131.20101278160328,130.4956226117096,130.61724757900402,129483700
2013-06-28,130.06588745117188,130.86045181631098,129.61185067109238,130.23615742948888,160402900
2013-07-01,130.82803344726562,131.73610705967226,130.60101504416397,130.74695014405427,131954800
2013-07-02,130.7064971923828,131.5902488042234,130.13083509519447,130.63351722824464,154863700
2013-07-03,130.76315307617188,131.1604414181594,129.90372460355363,130.1145238455779,75216400
2013-07-05,132.17396545410156,132.2226104978328,130.77941646644317,131.7280319339356,122416900
2013-07-08,132.92796325683594,133.28471000555734,132.22258551286663,132.85499570502714,108092500
2013-07-09,133.8846893310547,134.04684356402745,133.18741499485427,133.76306437764387,119298000
2013-07-10,133.93333435058594,134.38737115149496,133.47929754967694,133.75496098286098,121410100
2013-07-11,135.75759887695312,135.8954305951387,133.92522014578893,135.49003882227228,135592200
2013-07-12,135.81434631347656,136.15487391564204,135.50625698098875,135.71705624759358,104212700
2013-07-15,136.333251953125,136.52784446313018,135.95218268659954,136.1873168493027,69450600
2013-07-16,135.82244873046875,136.50350386792786,135.45759864765665,136.42242057327013,88702100
2013-07-17,136.17108154296875,136.60079579307111,135.99270818954054,136.34135151544987,92873900
2013-07-18,136.9169921875,137.24131297846998,136.37376878064512,136.46295545171523,103620100
2013-07-19,137.16026306152344,137.2089080991119,136.46298865574443,136.6332586588802,103831700
2013-07-22,137.42787170410156,137.6224642947967,137.03058313744165,137.35490412193357,79428600
2013-07-23,137.13592529296875,137.69536790617738,137.06295774470019,137.67104539008787,80829700
2013-07-24,136.63328552246094,137.7197328141311,136.35760963596516,137.66297201140065,112914000
2013-07-25,136.96563720703125,137.0872621429794,136.16296953901002,136.38998790689212,111088600
2013-07-26,137.1116485595703,137.15219022378164,135.82250529007098,136.39005147429282,107814600
2013-07-29,136.69003295898438,137.07110232101172,136.30086021301676,136.76300052918234,79695000
2013-07-30,136.69003295898438,137.24947574032572,136.36572439927446,137.10354059992983,85209600
2013-07-31,136.78732299804688,137.71161591799137,136.60894959493675,136.97379978436112,142388700
2013-08-01,138.36834716796875,138.489959772542,137.75214364725832,137.82512358157953,110438400
2013-08-02,138.603515625,138.61973476825887,137.87381500890965,138.0602918558516,91116700
2013-08-05,138.40074157714844,138.6115532058722,138.11697477385988,138.295348134361,54072700
2013-08-06,137.61428833007812,138.4331876325092,137.30619899407918,138.1331893066594,87495000
2013-08-07,137.16835021972656,137.37104610008785,136.65756501388697,137.17646597274884,84854700
2013-08-08,137.67112731933594,137.9792168303415,136.9657368182315,137.81706250272032,102181300
2013-08-09,137.27369689941406,137.91422253350146,136.79533779701472,137.49261181993742,91757700
2013-08-12,137.1116485595703,137.2738028448367,136.51977985113749,136.58464403955983,68593300
2013-08-13,137.51699829101562,137.7521200768185,136.54406050617504,137.3548440554714,80806000
2013-08-14,136.8116455078125,137.67107424731998,136.77920723184388,137.4521591850527,79829200
2013-08-15,134.89822387695312,135.749537040838,134.6630896272177,135.73333027102038,152931800
2013-08-16,134.4522705078125,135.10089998097382,134.18471038619927,134.63874730593875,130868200
2013-08-19,133.5928497314453,134.76038037889006,133.58473397566263,134.29822767611864,96437600
2013-08-20,134.24954223632812,134.7522240804563,133.6657770882421,133.811712189476,89294400
2013-08-21,133.42254638671875,134.61439926085336,133.1225604155338,133.8765832203746,159530500
2013-08-22,134.63877868652344,134.83337128529945,133.69016296420486,133.69826634981095,101471400
2013-08-23,135.0928192138672,135.26308928865745,134.40366027205275,135.03607076999137,90888900
2013-08-26,134.59011840820312,135.64413988210137,134.50093169029836,135.23063220291579,89702100
2013-08-27,132.42526245117188,134.5900527793595,132.32797239601808,133.2603684154384,158619400
2013-08-28,132.8955535888672,133.36580959947324,132.19827914163432,132.36853678331596,108113000
2013-08-29,133.10638427734375,133.81176227380692,132.48207724360725,132.60370224506698,119200500
2013-08-30,132.68475341796875,133.39824706439347,132.295580688818,133.38202792563527,134928900
2013-09-03,133.28466796875,134.24950208806214,132.72522550484152,133.96572298065098,142375100
2013-09-04,134.3873748779297,134.6143932846792,133.07390947151103,133.31713464190315,97389400
2013-09-05,134.55764770507812,134.9143820863645,134.37115857507948,134.46846101686265,63090500
2013-09-06,134.62246704101562,135.38460539805962,133.35764694701606,135.0035362195376,159756500
2013-09-09,135.9116668701172,135.9927378119694,134.95493573227864,134.95493573227864,87559300
2013-09-10,136.9169921875,136.9413147003761,136.42241380639734,136.7305154649255,105847200
2013-09-11,137.34678649902344,137.34678649902344,136.4954733088023,136.73059519423148,94545900
2013-09-12,136.98194885253906,137.47652756764134,136.79547200403277,137.29815410504173,83209000
2013-09-13,137.29002380371094,137.3954296577411,136.811664325785,137.12786951629627,72727800
2013-09-16,138.08456420898438,138.838599451759,137.86564915507213,138.77373527387473,106299200
2013-09-17,138.70077514648438,138.73320105137583,138.20619658874082,138.20619658874082,82523300
2013-09-18,140.30613708496094,140.68720645531135,138.30350013748662,138.65213122821044,203460600
2013-09-19,140.0709991455078,140.75206691224753,139.93316738969506,140.68720272629238,146616900
2013-09-20,139.09169006347656,140.40341513549976,138.977627554252,140.40341513549976,132867100
2013-09-23,138.44802856445312,139.0346392504227,138.0080767659159,138.9042909894472,104616500
2013-09-24,138.1221466064453,138.9368823322814,137.86143763875566,138.4235948468029,106333100
2013-09-25,137.72291564941406,138.48876918756997,137.60071026859347,138.21176203645658,117306500
2013-09-26,138.2525177001953,138.64358739707112,137.73108729373376,137.95106943717457,77146900
2013-09-27,137.61703491210938,137.80442067600822,137.25854915029774,137.55999743551098,99141800
2013-09-30,136.8837127685547,137.31552160758184,136.18303971113514,136.4519039295275,143937000
2013-10-01,137.9673614501953,138.09772216568481,136.8511773495363,136.98968094778812,127160000
2013-10-02,137.8369903564453,137.9673510621195,136.7371045360075,137.160770613508,113350000
2013-10-03,136.5660400390625,137.64149749248315,135.93054697363553,137.51927963720297,176698000
2013-10-04,137.60069274902344,137.73919630694562,136.49265185376757,136.67189467740295,96878000
2013-10-07,136.4111785888672,137.24221240036303,136.26453214489206,136.40303570816155,96295000
2013-10-08,134.8224334716797,136.56596702733287,134.72466918523037,136.38672421425733,178015000
2013-10-09,134.9202423095703,135.40907629006807,134.04846910826762,135.08318696973623,168973000
2013-10-10,137.82882690429688,137.9021501283402,136.24823777156269,136.2971199209249,195955000
2013-10-11,138.7168731689453,138.76576774574545,137.50292513045608,137.6169876125667,105040000
2013-10-14,139.2709197998047,139.38498229827945,137.75551093042284,137.86143054753512,112106000
2013-10-15,138.26063537597656,139.44199956550176,138.07324966003569,138.92056925410336,155485000
2013-10-16,140.1915740966797,140.26489732405685,139.02649561242987,139.09167595850286,161676000
2013-10-17,141.1284942626953,141.20997279119536,139.5967874364161,139.62122850859052,129389000
2013-10-18,142.08175659179688,142.17952089647093,141.36478520584032,141.64994767031305,138316000
2013-10-21,142.08993530273438,142.37509783911392,141.77218880054042,142.13067458391475,104104000
2013-10-22,142.9127960205078,143.3364496451149,142.11434606176567,142.5054281593914,126663000
2013-10-23,142.22836303710938,142.48907189740288,141.73137395180328,142.42389157436065,105484000
2013-10-24,142.7009735107422,142.8802163852035,142.17954308464073,142.51358775358062,70350000
2013-10-25,143.352783203125,143.39352248566243,142.71729017756877,142.99429740780948,93625000
2013-10-28,143.58084106445312,143.77638206998014,143.14903222180735,143.30383396386483,84979000
2013-10-29,144.34677124023438,144.40380872580522,143.7031352898293,143.9068192836376,87401000
2013-10-30,143.62979125976562,144.62377008635642,143.11651607886844,144.5178628694101,140002000
2013-10-31,143.2224578857422,144.11867259563405,143.01063096880713,143.51576338789891,133795000
2013-11-01,143.56454467773438,143.8904338976122,142.75795207550294,143.4097429471355,142805000
2013-11-04,144.06973266601562,144.12675770730263,143.3772022648964,143.95567015155993,85677000
2013-11-05,143.61343383789062,144.00450340723634,143.04312145928697,143.50751424190798,85825000
2013-11-06,144.34677124023438,144.61563560388745,143.83348359763448,144.23270870097713,87348000
2013-11-07,142.52169799804688,144.72963702861847,142.38319443256884,144.61557453752602,157000000
2013-11-08,144.44442749023438,144.46072567847062,142.4564836410413,142.47276939740246,136713000
2013-11-11,144.4689483642578,144.64003590896533,144.13490372494007,144.3059912696476,62614000
2013-11-12,144.17567443847656,144.5015638350008,143.69497079556047,144.15937623908528,83990000
2013-11-13,145.33262634277344,145.3733532013807,143.46687375240023,143.46687375240023,103844000
2013-11-14,146.0576934814453,146.17989888131527,145.22665946668377,145.4629273837263,103435000
2013-11-15,146.6931610107422,146.75018604350822,146.1065503292296,146.29393605386062,102818000
2013-11-18,146.1798858642578,147.0598019606124,145.8539965390365,146.93759657162462,104796000
2013-11-19,145.86209106445312,146.5464658796608,145.60952505635578,146.10651419327777,93891000
2013-11-20,145.4058837890625,146.59539096896992,145.00665881395363,146.15543915368863,124909000
2013-11-21,146.57908630371094,146.69314879162175,145.72361142844036,145.81323284264735,92841000
2013-11-22,147.31236267089844,147.32866086612836,146.46504299714837,146.6361305354812,81296000
2013-11-25,147.16567993164062,147.60563163935282,146.95384074151332,147.57304768880567,79486000
2013-11-26,147.2064208984375,147.64638508027787,146.98645123939588,147.23901728399233,86994000
2013-11-27,147.56497192382812,147.662748691932,147.18204503112173,147.36128793544745,58800000
2013-11-29,147.46719360351562,148.07824551071252,147.30424891463971,147.72791505122342,55870900
2013-12-02,147.08424377441406,147.81750097577165,146.85611875924144,147.5404938047593,99726000
2013-12-03,146.44874572753906,146.9701760912687,145.97619751792774,146.60354750350078,116563000
2013-12-04,146.43238830566406,147.04343984875615,145.30806192004994,145.91911346314203,123033000
2013-12-05,145.78880310058594,146.44059412440006,145.6502995282059,146.17172986088124,106934000
2013-12-06,147.41831970214844,147.5568233170496,146.77467136197316,147.1983375223014,127728000
2013-12-09,147.7930145263672,148.01299659199378,147.59748596303433,147.8500519785907,70124000
2013-12-10,147.2635040283203,147.760493391196,147.1738825880679,147.45088979179994,80976000
2013-12-11,145.60955810546875,147.34494903894245,145.4303152657729,147.32050796370027,130591000
2013-12-12,145.12887573242188,145.72362931869677,144.8274150666001,145.54438646827742,115565000
2013-12-13,145.11257934570312,145.5606864773357,144.83557218501406,145.4303257787007,107808000
2013-12-16,146.0168914794922,146.49758242166544,145.75617016259213,145.79690942234234,96195000
2013-12-17,145.5525360107422,146.17174313393832,145.22664668518277,146.14730205611542,89886000
2013-12-18,148.03746032714844,148.061901401307,144.4689267493279,145.77249628800806,234906000
2013-12-19,147.86634826660156,148.0374357573161,147.23085558019366,147.6137698224185,136531200
2013-12-20,148.72645568847656,149.07870043889812,147.91549655262793,148.01379159955013,197087000
2013-12-23,149.5211181640625,149.61122617024498,149.1443119559369,149.45558393235007,85598000
2013-12-24,149.84877014160156,149.91430437039187,149.5211114970262,149.52929858835896,45368800
2013-12-26,150.6105499267578,150.692470813283,150.16820963789,150.18458381569712,63365000
2013-12-27,150.60238647460938,150.8726979439481,150.4467442654072,150.8071762236913,61814000
2013-12-30,150.5778045654297,150.74163385596484,150.3812019171633,150.61875251353322,56857000
2013-12-31,151.2904510498047,151.2904510498047,150.66788231991288,150.7825765591011,86119900
2014-01-02,149.84054565429688,150.78258589625258,149.48011373559194,150.70885209515532,119636900
2014-01-03,149.8159637451172,150.39757203675973,149.6029869408083,150.09447475829933,81390600
2014-01-06,149.38186645507812,150.36485495732012,149.15250288786757,150.30752031520595,108028200
2014-01-07,150.29930114746094,150.55323845669898,149.865147844691,149.979829613359,86144200
2014-01-08,150.33209228515625,150.58602962442038,149.8160180154409,150.27474514435374,96582300
2014-01-09,150.4303436279297,150.83173599866174,149.7422531347089,150.8153493204308,90683400
2014-01-10,150.83993530273438,150.9054695215917,149.91428164801414,150.68429309537,102026400
2014-01-13,148.83299255371094,150.87269035233396,148.5462819196732,150.45492378500273,149892000
2014-01-14,150.45489501953125,150.5368158991292,149.04594088617128,149.32445187781022,105016100
2014-01-15,151.2659454345703,151.49530901753855,150.48774667097257,150.80721826863387,98525800
2014-01-16,151.0692901611328,151.26589280643734,150.5859893865544,150.95460840954854,72290600
2014-01-17,150.4303436279297,151.09386035349067,150.16821927310076,150.80716223100194,107848700
2014-01-21,150.8726806640625,151.3559939160651,149.94703960380303,151.2986467931906,88621200
2014-01-22,150.97100830078125,151.19218473368397,150.6515367863105,151.12665051284708,61270900
2014-01-23,149.73402404785156,150.2337113907829,148.93945155109586,150.2091376279642,132496900
2014-01-24,146.53936767578125,148.8084418326965,146.49022013076242,148.7592942876777,208677100
2014-01-27,145.81845092773438,147.0553886936121,145.08940010851094,146.67857015250542,180843100
2014-01-28,146.68678283691406,146.87518587460343,145.90857192159925,145.92495859859858,110463200
2014-01-29,145.27783203125,146.26082018509865,144.89282635859198,145.4662350733893,216597300
2014-01-30,146.81790161132812,147.29301545273907,146.02331617820366,146.49024292729595,118938100
2014-01-31,145.957763671875,146.86703078053478,144.92562769692714,144.99934901669997,194677900
2014-02-03,142.67288208007812,146.11334642889207,142.39437109693813,145.78568791924158,254837100
2014-02-04,143.6723175048828,144.04093660887432,142.623794831612,143.31188549231294,165012400
2014-02-05,143.49200439453125,143.8114757350477,142.29603988874874,143.1725330540148,164230500
2014-02-06,145.38429260253906,145.38429260253906,143.5329983126385,143.82789596495078,132877600
2014-02-07,147.18646240234375,147.34210459033548,145.58910507706256,146.0642187301105,170787200
2014-02-10,147.45677185058594,147.50593187831203,146.80145480669498,147.20283462117249,92218800
2014-02-11,149.0705108642578,149.4473294017186,147.48134083563926,147.5796483885344,117814100
2014-02-12,149.14425659179688,149.7668128128995,148.8493589082489,149.29169918388487,94717700
2014-02-13,149.91429138183594,150.06993359930604,148.12853067467887,148.1367177653023,100542200
2014-02-14,150.74166870117188,151.0201798093992,149.63579886052452,149.7750544146382,96498400
2014-02-18,150.92185974121094,151.12664949267838,150.43854642822322,150.8726997013842,80460900
2014-02-19,149.92245483398438,151.5034254000979,149.79957350800274,150.52862437775468,126524300
2014-02-20,150.80718994140625,151.15123525123403,149.57845133514616,150.12728641268396,104998100
2014-02-21,150.6351776123047,151.45433677328288,150.56145628766708,151.09390474255218,118116400
2014-02-24,151.47071838378906,152.48646770978485,150.88910989924597,150.9546441298548,114063900
2014-02-25,151.41336059570312,152.02772990265328,150.91367305940864,151.59357659235854,117085000
2014-02-26,151.42152404785156,152.03589320817656,150.99555793020193,151.63450085699012,98677200
2014-02-27,152.21612548828125,152.25707343719688,151.02833498475434,151.2003638678208,93880800
2014-02-28,152.60107421875,153.30555122609442,151.5853253937675,152.1914948540002,150842000
2014-03-03,151.52804565429688,151.91305142828975,150.52048346886116,151.2577216534481,167748500
2014-03-04,153.65780639648438,153.98546491074927,152.97790310498215,153.01066395666018,167545900
2014-03-05,153.79710388183594,154.059240764317,153.55135367935355,153.78891679152383,88376900
2014-03-06,154.14932250976562,154.50156735176665,153.82166393525742,154.17390877725848,82516500
2014-03-07,154.2148895263672,154.78831090278456,153.53498596524108,154.78831090278456,114513500
2014-03-10,154.1330108642578,154.19034551334008,153.2483173549066,153.97736860343974,74939200
2014-03-11,153.37112426757812,154.58348849383083,153.0188919243837,154.36231208102652,99009100
2014-03-12,153.41209411621094,153.46944124501206,152.28165071412425,152.6257084881826,104824400
2014-03-13,151.6918182373047,153.99366492916212,151.26586466744246,153.87078361144054,155014300
2014-03-14,151.2659454345703,152.19978645076318,151.08572940518417,151.42158768716544,153919600
2014-03-17,152.63385009765625,152.99428194450988,151.96213392863444,152.02766812800513,98359500
2014-03-18,153.723388671875,153.92817843217557,152.78134827486733,152.9451900826078,101804600
2014-03-19,152.90420532226562,153.95272772836256,151.92940421830681,153.73973841191057,176267300
2014-03-20,153.79710388183594,153.91178564307776,152.2980413960055,152.56836536879862,117241000
2014-03-21,153.20059204101562,155.52082189445866,153.0607218983993,154.44298943023668,163128000
2014-03-24,152.56700134277344,153.91636297224738,151.900556304264,153.72711588253125,121411000
2014-03-25,153.29104614257812,153.80939786189953,152.43536657142457,153.34041058164934,103852000
2014-03-26,152.18856811523438,154.13853925079434,152.1474268880181,153.89170444203663,119843000
2014-03-27,151.86770629882812,152.4930103480638,151.3082131562139,152.00757644584633,142383000
2014-03-28,152.616455078125,153.38162937982926,152.21329103089408,152.30379673314823,101642000
2014-03-31,153.86700439453125,154.10561595202378,152.6410788254462,153.5872641691262,99745000
2014-04-01,154.8872833251953,154.9777890128525,153.85881530842775,154.36893142729127,89193000
2014-04-02,155.4056396484375,155.61133325764837,154.7967820455384,155.08475812025023,78774000
2014-04-03,155.19992065429688,155.6853544795456,154.72271005243658,155.6442132535243,77435000
2014-04-04,153.3651580810547,156.08031637650967,153.11833578063877,156.04741092130163,169381000
2014-04-07,151.67019653320312,153.24992152730343,151.3575508670365,152.99486352811294,140803000
2014-04-08,152.2955322265625,152.54235447985891,151.0531349637847,151.60439225371306,112660000
2014-04-09,153.932861328125,153.98222578399017,152.26263028046696,152.7069354923359,100254000
2014-04-10,150.69932556152344,153.9986455855632,150.51007845616013,153.92459892061473,172959000
2014-04-11,149.34173583984375,150.91323752565935,149.17718351591077,149.86008758704327,167251000
2014-04-14,150.5183868408203,150.87217389148296,149.28422494485366,150.51015105993903,132382000
2014-04-15,151.5550537109375,151.6620184086778,149.34178839473648,150.8310207199304,157093000
2014-04-16,153.1429901123047,153.1512133359731,151.92527506422283,152.59995604123088,105197000
2014-04-17,153.35694885253906,153.78479513654588,152.6740444651289,152.9373383489926,105255000
2014-04-21,153.8916778564453,153.94105485329862,153.20878633169596,153.39802087875165,68329000
2014-04-22,154.59109497070312,155.01070543159472,153.96579089190627,154.0480608063431,85790000
2014-04-23,154.22903442382812,154.6157393351495,154.10562330512514,154.53346944086053,73869000
2014-04-24,154.541748046875,155.00249979453724,153.80124340566624,154.98604078796544,88170000
2014-04-25,153.27455139160156,154.13024331769174,152.92898784417307,154.03973768232706,100380000
2014-04-28,153.76011657714844,154.4265619741008,152.1803908998612,153.89998674833836,135121000
2014-04-29,154.4759521484375,154.7145512908717,153.9246945980485,154.2537994609672,84098000
2014-04-30,154.9366455078125,155.09297465279388,154.00690641684395,154.2208357960989,101508000
2014-05-01,154.95306396484375,155.37267428009432,154.45939443140023,154.86255830219702,93019000
2014-05-02,154.73092651367188,155.61952422783216,154.50055072346797,154.93662008024955,98122000
2014-05-05,155.02716064453125,155.13412534067925,153.54616412092818,153.97401035097835,75883000
2014-05-06,153.67776489257812,154.78851509032688,153.64485944839905,154.68155042630335,85454000
2014-05-07,154.58285522460938,154.65690190605144,153.04425859002654,154.1961502599131,106500000
2014-05-08,154.41830444335938,155.54551398931014,153.92464730067042,154.44299922730866,93618000
2014-05-09,154.64866638183594,154.71447727930075,153.7189273847633,154.442972802274,83679000
2014-05-12,156.154296875,156.22835608827432,154.68153670378467,155.33975851981455,86940000
2014-05-13,156.29421997070312,156.67268913854704,156.1378908365562,156.36003087025324,66454000
2014-05-14,155.55372619628906,156.22840723108035,155.33157359281617,156.15434799356206,72367000
2014-05-15,154.18783569335938,155.27390335104081,153.4308851537031,155.24098536197113,154956000
2014-05-16,154.72271728515625,154.78854073895945,153.62842590544074,154.27841211061968,97458000
2014-05-19,155.2904052734375,155.41381638022824,154.28661975641344,154.4264898622889,63839000
2014-05-20,154.31129455566406,155.2327975874797,153.91636647839124,155.21633858918662,111644000
2014-05-21,155.61129760742188,155.68534427668385,154.73092313551143,154.75560535859876,89093000
2014-05-22,155.98974609375,156.31062750597152,155.3891244871891,155.6524056834682,61549000
2014-05-23,156.61508178710938,156.72203390134695,155.98976532908083,156.1296354434981,61092800
2014-05-27,157.5777130126953,157.6270774543131,157.10872570825114,157.19923136939627,72010000
2014-05-28,157.46255493164062,157.82457764473656,157.19926112046545,157.5777428353948,66723000
2014-05-29,158.2770538330078,158.30173605230507,157.42137427011687,157.82453810953348,64377000
2014-05-30,158.5321807861328,158.63092226082523,157.99738239592978,158.1290293258248,76316000
2014-06-02,158.71315002441406,158.78720924939998,157.94797598738384,158.75429124839758,64656000
2014-06-03,158.63088989257812,158.71315979106888,158.1783615099901,158.32645485999728,65047000
2014-06-04,158.95176696777344,159.04227264178323,158.19481612811845,158.3593684750801,55529000
2014-06-05,159.9884490966797,160.1530014344298,158.54859417092356,159.1327694076559,92103000
2014-06-06,160.75363159179688,160.7947602592867,160.25996203653594,160.33400870346358,78696000
2014-06-09,160.9181671142578,161.30487196275425,160.5808267052227,160.7289325781437,65119000
2014-06-10,160.9346466064453,160.96755205209752,160.3751535940487,160.72071726882075,57129000
2014-06-11,160.3751220703125,160.539674375306,160.0130994666051,160.3586630734523,68772000
2014-06-12,159.23973083496094,160.27643447703926,158.88594391583473,160.1859288028029,106350000
2014-06-13,159.7252197265625,159.8815488922704,159.04231537636332,159.55243155537414,82017000
2014-06-16,159.8568572998047,160.19419786890796,159.3385178849715,159.5277525108775,87424000
2014-06-17,160.30111694335938,160.41630484214866,159.46188364958633,159.63467177503995,84834000
2014-06-18,161.4776611328125,161.56816679764444,159.94730060763317,160.30110004453547,105267000
2014-06-19,161.65872192382812,161.75746339583463,161.09924131880615,161.61758069003724,85929000
2014-06-20,161.98690795898438,162.11918568769863,161.78849136591302,162.0613094508742,100587000
2014-06-23,161.93728637695312,162.07782671533286,161.63966783253224,162.02822572704554,70611000
2014-06-24,160.9617919921875,162.44988506534438,160.7799132490961,161.64796859299594,96237000
2014-06-25,161.68927001953125,161.85461085328043,160.58973518378852,160.62279830465957,82782000
2014-06-26,161.573486328125,161.73056449270427,160.49048965405987,161.71402662940812,84312000
2014-06-27,161.8876495361328,161.93725051343523,161.11879654386289,161.1931980098165,71445100
2014-06-30,161.80503845214844,162.17705854748644,161.64796021719036,161.78850058144252,70201200
2014-07-01,162.88804626464844,163.3840815006736,162.14400602531077,162.201869654517,90470000
2014-07-02,163.05337524414062,163.26005447495777,162.8301707574415,162.90457225300787,52475000
2014-07-03,163.8553009033203,163.92970240307977,163.39234141855067,163.51634391814974,52938800
2014-07-07,163.2848663330078,163.67342432315147,163.04512395904896,163.54115919339833,61696000
2014-07-08,162.23489379882812,163.04507265293617,161.83806069034185,162.98719642743757,108143000
2014-07-09,162.96241760253906,163.111233191682,162.29277898814016,162.63999854321006,72992000
2014-07-10,162.31756591796875,162.7474621660442,161.25936947247283,161.39164718183397,99040000
2014-07-11,162.54086303710938,162.65660293613527,161.8546862733476,162.21844384591557,64243000
2014-07-14,163.35923767089844,163.57417948832475,163.22695996108376,163.3675002972506,58658000
2014-07-15,163.05337524414062,163.7726275453797,162.33413555760072,163.4584710778339,111307000
2014-07-16,163.65687561035156,163.90488057728143,163.21044144048136,163.7808780938165,79986400
2014-07-17,161.79673767089844,163.77259016190524,161.5652453797015,163.15255261098642,145398000
2014-07-18,163.45016479492188,163.61550561247583,162.23489023312192,162.32582957498096,124330000
2014-07-21,163.14430236816406,163.2765800934889,162.3919869969146,162.93762315285585,67592000
2014-07-22,163.8553009033203,164.15291951705794,163.58248278950254,163.69822266069494,67678000
2014-07-23,164.2190399169922,164.39265601160236,163.77261835394938,164.10330005881823,65612000
2014-07-24,164.22735595703125,164.56631301431668,164.06201505082208,164.37617160291126,56888000
2014-07-25,163.45846557617188,163.90488714924368,163.13604649153703,163.76434679078218,76837000
2014-07-28,163.52459716796875,163.76433950651602,162.5490647150945,163.49152142939096,69259000
2014-07-29,162.8218994140625,164.06197482866267,162.79709891494645,163.83049509377992,80466000
2014-07-30,162.84671020507812,163.6155635703654,162.16880882856375,163.40060907817528,104222000
2014-07-31,159.63072204589844,161.8545919520094,159.53152008017307,161.71405162899995,183479000
2014-08-01,159.1429901123047,160.1846487790213,158.37414951383002,159.19259110385818,189261000
2014-08-04,160.29212951660156,160.63108645257557,158.77097354036928,159.44887479761925,91340000
2014-08-05,158.73789978027344,160.05238917511704,158.1592005010929,159.6390307450312,152690000
2014-08-06,158.78753662109375,159.46543798597804,157.96908226848097,157.99388276873896,94818000
2014-08-07,157.927734375,159.66384497658703,157.53091378009697,159.5067667412902,135733000
2014-08-08,159.75477600097656,159.8622406184367,157.86158726295793,158.2832209493046,117014000
2014-08-11,160.21774291992188,160.92871998148303,160.1433414240455,160.35828328369917,74544000
2014-08-12,159.9945526123047,160.50711315600287,159.50679257138535,160.06069149128209,73632000
2014-08-13,161.07749938964844,161.2593780960721,160.34999717865108,160.62280262358925,69047000
2014-08-14,161.8380889892578,161.8380889892578,161.19325084358167,161.34206643895985,57371000
2014-08-15,161.80503845214844,162.57387914153367,160.63936455401674,162.42507614927817,139951000
2014-08-18,163.1608428955078,163.23524438670324,162.6069441032222,162.6978834640272,75424000
2014-08-19,164.01234436035156,164.13634683365078,163.22696592849644,163.5576476004258,59135000
2014-08-20,164.45050048828125,164.6489170569223,163.75606142008303,163.78912454084139,72763000
2014-08-21,164.9299774169922,165.14491921218513,164.45874285503268,164.5910205511647,67791000
2014-08-22,164.6737060546875,165.08706441614223,164.30168605231745,164.7977085172455,76107000
2014-08-25,165.50868225097656,165.83110126218207,164.64062718551688,165.45908126689815,63855000
2014-08-26,165.6161651611328,166.0212609028788,165.5748268014124,165.6161651611328,47298000
2014-08-27,165.5500946044922,165.81465012408543,165.29381432907468,165.69889762323726,47874000
2014-08-28,165.4591064453125,165.5665836703014,164.83906882058767,165.0044096642414,58330000
2014-08-29,165.93032836914062,165.94685362195017,165.19455094881883,165.7153739356487,65907000
2014-09-02,165.84764099121094,166.1700600060378,165.22760345387496,166.14525951372002,72426000
2014-09-03,165.7567596435547,166.509075146273,165.52527989113375,166.4842746452779,57462000
2014-09-04,165.51699829101562,166.64959642230832,165.0623014670554,166.03782136691646,85236000
2014-09-05,166.26104736328125,166.3271862334606,164.85563106239454,165.4839314070487,102177000
2014-09-08,165.83111572265625,166.34368870378648,165.34335585042476,166.1039337735731,64146000
2014-09-09,164.78125,165.79810844888044,164.4422929788061,165.68236856538755,88591000
2014-09-10,165.40127563476562,165.50874026637288,164.32654101579107,164.8721646466056,67251000
2014-09-11,165.59136962890625,165.6161701225422,164.61583729200467,164.73985237488105,66774400
2014-09-12,164.62416076660156,165.44260252577809,164.1529260200572,165.4260772683101,117409300
2014-09-15,164.5001220703125,164.78121539808458,164.00409950865895,164.64893766909756,76401000
2014-09-16,165.74014282226562,166.0377613071386,164.10324746281145,164.1941867947086,116201000
2014-09-17,165.96336364746094,166.73220405911803,165.13664701658942,165.9799015121929,151266000
2014-09-18,166.8480224609375,166.87282296049295,166.2527852422073,166.4677271099211,94990000
2014-09-19,166.69769287109375,167.69438806673898,166.35715143820096,167.37877573687933,121649000
2014-09-22,165.41021728515625,166.4318411402763,165.06137475182067,166.40692472172816,125553000
2014-09-23,164.46336364746094,165.50159005149342,164.4135308078533,164.8122061983764,111393000
2014-09-24,165.75082397460938,165.85880361336723,164.0564434764341,164.4883366841325,107276000
2014-09-25,163.07627868652344,165.32715888595263,163.0181446039078,165.31884496439258,150300000
2014-09-26,164.37205505371094,164.7790445048633,163.14279812238655,163.37535990199748,103547000
2014-09-29,164.07302856445312,164.3637370962524,162.8354705073803,162.96005263605704,95112000
2014-09-30,163.64111328125,164.7042562144575,163.3005719440151,164.19760117022085,131302000
2014-10-01,161.4234619140625,163.43346690500024,161.0580041568623,163.37532013741685,177798000
2014-10-02,161.44845581054688,162.01324521639935,159.76237617281683,161.2823293512543,157285000
2014-10-03,163.2258758544922,163.5747185549449,162.02983649655857,162.5281777799192,121569000
2014-10-06,163.0347900390625,164.1228621361416,162.44508444138867,163.90690289727718,104778000
2014-10-07,160.51812744140625,162.56136288809503,160.48490976789523,162.19590511115362,147913000
2014-10-08,163.32553100585938,163.55809279110957,159.7706435185586,160.60952619580632,186461000
2014-10-09,160.08624267578125,163.29228696770858,159.95334662747038,163.0680264703921,210705000
2014-10-10,158.25897216796875,160.8420807928173,158.2174532374821,160.0447297572132,221909000
2014-10-13,155.6592559814453,158.76562216193105,155.5678915247448,158.19253166844507,230939000
2014-10-14,155.90013122558594,157.66097246793015,155.35194444239386,156.49815086658333,215847000
2014-10-15,154.84524536132812,155.89178577317688,151.09932875227827,153.79041637375096,380715000
2014-10-16,154.71238708496094,155.8004465938288,151.9050181485548,152.04621545308234,270391000
2014-10-17,156.53961181640625,157.60275454861204,155.83361285304818,156.49808022909207,214625000
2014-10-20,158.05963134765625,158.18421347904103,156.20743851029823,156.25727136285215,130011000
2014-10-21,161.19091796875,161.29888491898433,159.03970278318533,159.20581650741605,154949000
2014-10-22,160.044677734375,161.88856883114008,159.9782297240627,161.47327827193465,151822000
2014-10-23,161.9051513671875,162.95999280614328,161.34866360730103,161.64767328001054,154944000
2014-10-24,163.15106201171875,163.2009075305061,161.5397451001739,162.17098226118125,117927000
2014-10-27,162.92681884765625,163.1676818305005,161.98825799222269,162.5696623246605,82954000
2014-10-28,164.79562377929688,164.80392502902217,163.40024073196238,163.4750026741448,106736000
2014-10-29,164.5464630126953,165.38534556910383,163.45840352979303,164.91192081506415,142557000
2014-10-30,165.60134887695312,166.07477375694447,163.95678832876854,164.1062995939073,113330000
2014-10-31,167.49501037597656,167.6279064116729,166.755793603703,167.59467606591704,146903000
2014-11-03,167.58633422851562,168.15112323294335,167.20426138683888,167.71091631076865,93600000
2014-11-04,167.00502014160156,167.44522730123415,166.16612475637672,167.1379035431317,93343000
2014-11-05,168.05979919433594,168.26744449708875,167.32058242348248,168.2259129018055,91709000
2014-11-06,168.73255920410156,168.82392363952502,167.47838620298205,168.10132207896126,107089000
2014-11-07,168.89041137695312,169.10637064256392,168.28409053035185,168.74921406602766,89540000
2014-11-10,169.42198181152344,169.47181466520377,168.7159952616091,168.92364060105433,66319000
2014-11-11,169.5880889892578,169.6960686171661,169.1478819005529,169.48842328575188,54499400
2014-11-12,169.4053497314453,169.6379114571257,168.8654643389516,168.89869468471366,90120300
2014-11-13,169.5963897705078,170.12796127078659,168.78242368307002,169.57147334656227,85357900
2014-11-14,169.63792419433594,169.84556951311754,169.20601838264415,169.52164332276482,80417500
2014-11-17,169.74588012695312,169.92030775982317,169.1478606337753,169.31398701695198,80441000
2014-11-18,170.72596740722656,171.0332783942368,169.80402177253268,169.80402177253268,76068100
2014-11-19,170.45191955566406,170.72601294434727,169.6877861722139,170.52666884157767,82373000
2014-11-20,170.7509307861328,170.85891042690167,169.58810918751985,169.6545572223263,72840300
2014-11-21,171.66452026367188,172.6279975194142,171.08311594509067,172.46188381034295,142327300
2014-11-24,172.14625549316406,172.25423510507736,171.85555967644396,172.07150622660717,65880800
2014-11-25,172.02169799804688,172.58648721329195,171.76421981617543,172.37884188292267,79108300
2014-11-26,172.4619140625,172.56157977069276,171.95525892307717,172.17120551538338,62167800
2014-11-28,172.09646606445312,172.65295408975913,171.8556030313405,172.33734177123227,57890100
2014-12-01,170.900390625,171.54824297544525,170.58477837328556,171.43196210930543,103968400
2014-12-02,172.00509643554688,172.21274178234927,170.91703684608896,170.94195327381195,74507200
2014-12-03,172.6695556640625,172.88550225169183,172.01340197656128,172.1795157111735,68952000
2014-12-04,172.478515625,172.98517072443346,171.681152001395,172.37883725100886,91316600
2014-12-05,172.7609100341797,173.15128425824625,172.38715098470408,172.6529304098356,91025500
2014-12-08,171.6063690185547,172.86054197141559,171.04156725576155,172.36220089400533,108588200
2014-12-09,171.49009704589844,171.59807665474304,169.36381125539648,169.74587150049382,125180100
2014-12-10,168.7409210205078,171.0831539886788,168.54987817261343,171.02501988072527,159856400
2014-12-11,169.5963897705078,171.257552293087,169.1977143137148,169.33891160729434,159012800
2014-12-12,166.85545349121094,169.28906294982477,166.82223582027376,168.30897056272659,202330200
2014-12-15,165.70928955078125,168.21764891226013,165.10296868106934,167.76082661028556,189965800
2014-12-16,164.38034057617188,168.10964233077314,164.33880897834607,164.9368285007776,259543800
2014-12-17,167.60302734375,168.05984968177447,164.6959922318982,164.82058705517795,253910100
2014-12-18,171.74765014648438,176.888951916426,169.37218643072305,170.05326937814968,257633900
2014-12-19,172.47842407226562,173.15490625083618,171.71842022618037,172.40324947405549,245084600
2014-12-22,173.27175903320312,173.27175903320312,172.428246603533,172.6704389518263,148318900
2014-12-23,173.50564575195312,173.9065216540703,173.21333270739186,173.85641375925755,122167900
2014-12-24,173.52232360839844,173.99836127311355,173.48056278850092,173.73111496427293,42963400
2014-12-26,174.0818634033203,174.42428424704605,173.92317995166147,173.9732878324776,57326700
2014-12-29,174.31570434570312,174.52449567299115,173.8313069371616,173.8981216911271,79643900
2014-12-30,173.38035583496094,174.02342406836394,173.3051812578763,173.88980727895347,73540800
2014-12-31,171.65988159179688,173.8730774304196,171.53461188589512,173.7060469080133,130333800
2015-01-02,171.56802368164062,172.77902371836475,170.52406692143902,172.36144101428408,121465900
2015-01-05,168.4696044921875,170.68278821688406,168.16059730063776,170.5157576469549,169632600
2015-01-06,166.88278198242188,169.30475691705445,166.08101746806065,168.77859855626696,209151400
2015-01-07,168.96234130859375,169.30476224444016,167.7680606824761,168.21904447475998,125346700
2015-01-08,171.96055603027344,172.17770719683762,170.36539975255417,170.38209388566446,147217800
2015-01-09,170.58255004882812,172.3948576192564,169.96452300317785,172.3781507413702,158567300
2015-01-12,169.24627685546875,170.87485971163866,168.6366096325351,170.7161762338692,144396100
2015-01-13,168.77024841308594,171.60980606012305,167.45903244061043,170.47398045258532,214553300
2015-01-14,167.75137329101562,167.95181763510263,165.8388495560327,166.74081724538297,192991100
2015-01-15,166.21461486816406,168.71175115897552,166.09769222655694,168.3943969852489,176613900
2015-01-16,168.39442443847656,168.553107923016,165.822113160146,166.0058505902849,211879600
2015-01-20,168.75352478027344,169.30473702264985,167.17506262700505,169.03747796806257,130991100
2015-01-21,169.6054229736328,170.0898205262946,167.81816919003975,168.2858598633366,122942700
2015-01-22,172.12759399414062,172.26121077296136,168.9790168687212,170.36539449083946,174356000
2015-01-23,171.18386840820312,172.12760947278807,171.05023887375302,171.86869747093579,117516800
2015-01-26,171.58473205566406,171.67660076110818,170.24847503711038,170.96671780414266,92009700
2015-01-27,169.32144165039062,170.47396126305338,168.48627623131844,169.5135261285656,134044600
2015-01-28,167.1500244140625,170.6159561779828,166.95793991525903,170.51574039488784,168514300
2015-01-29,168.69509887695312,168.95399816591006,165.93069012242555,167.35048179309248,173585400
2015-01-30,166.57373046875,168.8453812942431,166.30648417707494,167.5091243486433,197729700
2015-02-02,168.6365966796875,168.72846538378116,165.24582718177857,167.07484145370793,163107000
2015-02-03,171.07525634765625,171.0836161565358,169.16273342506568,169.53855525992458,124212900
2015-02-04,170.4238739013672,171.5262985042438,169.96453031683527,170.30695123836037,134306700
2015-02-05,172.14427185058594,172.29460823501248,171.01680631363845,171.091968134046,97953200
2015-02-06,171.6682586669922,173.0796902989641,171.1421003620619,172.51177117332912,125672000
2015-02-09,170.8999481201172,171.74346082451612,170.4907123709011,171.01687079937662,87219000
2015-02-10,172.72059631347656,172.9794956114221,170.94168950117046,171.94389841964002,96164200
2015-02-11,172.82077026367188,173.255059840282,171.90209596899638,172.5535239621052,91087800
2015-02-12,174.4827880859375,174.54125579234753,172.85421778500717,173.62256857458416,97545900
2015-02-13,175.2010040283203,175.25111191546895,174.34913171595394,174.60804370557724,93670400
2015-02-17,175.4766082763672,175.65199862312664,174.63309578328025,174.8836352163465,76968200
2015-02-18,175.49334716796875,175.56850901160024,174.83355922422908,175.100818326406,80652900
2015-02-19,175.36802673339844,175.7355015475584,174.7500124946863,174.89198908313674,91462500
2015-02-20,176.42034912109375,176.49551095094324,174.32407574657307,174.95044981587836,140896400
2015-02-23,176.39529418945312,176.39529418945312,175.78561425667732,176.16979595755504,74411100
2015-02-24,176.89639282226562,177.0968371189826,176.01946654659753,176.32012661986622,72472300
2015-02-25,176.74607849121094,177.25552995494164,176.403657578425,176.77113243667193,73061700
2015-02-26,176.5372772216797,176.81288334991714,175.9275972666635,176.6541998751489,72697900
2015-02-27,175.9359588623047,176.70430955627208,175.88585097368278,176.4370504921372,108076000
2015-03-02,177.0466766357422,177.10513157349442,175.9860132557431,176.0361211291335,87491400
2015-03-03,176.32012939453125,177.09683990587035,175.4515629156499,176.61244240555843,110325800
2015-03-04,175.57684326171875,175.79399445228825,174.59970113499938,175.71881987052947,114497200
2015-03-05,175.76895141601562,176.05290465126174,175.25949990872573,175.90256822202744,76873000
2015-03-06,173.29684448242188,175.33465037941033,172.96278337363646,174.90036074309776,188128000
2015-03-09,174.0150909423828,174.37420600458978,173.33860889972152,173.49729238994868,89818900
2015-03-10,171.19223022460938,172.7205847045743,171.150469398544,172.63707579605847,157121300
2015-03-11,170.79132080078125,171.62648618367015,170.7077991650474,171.45109584607403,110145700
2015-03-12,172.96282958984375,173.029631634559,171.3760070400731,171.42611494541842,93993500
2015-03-13,171.902099609375,173.65593934195812,170.85814283630899,172.68715714169872,162410900
2015-03-16,174.1988067626953,174.2906754696576,171.9271557756398,172.63705148794958,136099200
2015-03-17,173.68099975585938,174.06516869804952,172.86252849993474,173.45550153280973,94510400
2015-03-18,175.76895141601562,176.44543348853176,172.5619059430419,173.2049869999589,228808500
2015-03-19,174.96717834472656,175.77728992743474,174.57464952656426,175.3513600952992,117917300
2015-03-20,176.51156616210938,177.02329165623516,175.73978575794388,175.9243433329071,177715100
2015-03-23,176.1676025390625,177.0987746645031,176.1676025390625,176.51993620808102,71784500
2015-03-24,175.17767333984375,176.50311324947825,175.11056035193292,176.04173225839347,77805300
2015-03-25,172.61074829101562,175.62238614394974,172.56881385001589,175.38749695214722,159521700
2015-03-26,172.19964599609375,173.12242102468215,171.23491093832322,171.9395910989416,153067200
2015-03-27,172.59393310546875,172.77009355157935,171.88925291953393,172.08220761831836,118939000
2015-03-30,174.6995849609375,175.0015871564434,173.61741789399971,173.6341865489445,96180400
2015-03-31,173.17274475097656,174.57370788285036,173.11402887386907,173.86902775408564,126768700
2015-04-01,172.56039428710938,173.1643986447905,171.56210895148365,173.13923286326207,137303600
2015-04-02,173.18113708496094,173.63413384045782,172.30868087367617,172.49323842604426,86900900
2015-04-06,174.34725952148438,174.86736946059804,172.14936237180993,172.28357562027435,114368200
2015-04-07,173.8858184814453,175.12737709755754,173.8522683785221,174.37237817706296,81236300
2015-04-08,174.47303771972656,174.91765017722855,173.71803881466576,174.11231971856327,89351900
2015-04-09,175.2448272705078,175.47971639998357,173.81032671553078,174.30527075260483,85548900
2015-04-10,176.20120239257812,176.24314963179282,175.295208588142,175.49653485557215,72722900
2015-04-13,175.40423583984375,176.69613897600493,175.35390427878528,176.05857173460117,74436600
2015-04-14,175.73977661132812,175.92433417668582,174.57371533956655,175.20288536678675,75099900
2015-04-15,176.5283660888672,177.04009167365342,176.12570076328947,176.20959523968062,99529300
2015-04-16,176.47805786132812,176.9897835137868,175.99149799501484,176.19283708467944,68934900
2015-04-17,174.44789123535156,175.52167383265424,173.65932934034842,175.27840036316306,191113200
2015-04-20,176.04183959960938,176.37739194327236,175.29522475453305,175.3791064401981,92189500
2015-04-21,175.8320770263672,176.88907819395953,175.53007486412673,176.72968638604115,72559800
2015-04-22,176.69615173339844,176.8807093376036,175.24485668210338,176.1760290304113,78264600
2015-04-23,177.1407012939453,177.7950370032502,176.17596637858904,176.2934109212721,102585900
2015-04-24,177.55178833007812,177.8202403703912,177.09879151267208,177.56018545664904,61327400
2015-04-27,176.81358337402344,178.24808406474068,176.62062865616187,178.12225516222117,79358100
2015-04-28,177.37567138671875,177.4260029564986,175.60560531328872,176.78844840511894,86863500
2015-04-29,176.64584350585938,177.24983516246252,175.83211563449643,176.47805453405152,125684900
2015-04-30,174.87576293945312,176.46127130832477,174.1710825973433,176.06699029803127,161304900
2015-05-01,176.77162170410156,176.81356893501547,175.5636131365682,175.66427625036343,103399700
2015-05-04,177.2749786376953,177.86220152121385,177.0904210456611,177.19946849513673,70927200
2015-05-05,175.2448272705078,177.3924051407822,175.10221692764736,177.031674320196,113326200
2015-05-06,174.5233917236328,176.10889986861423,173.4496091069522,175.79851338112798,135060200
2015-05-07,175.21969604492188,175.64753995836963,174.08719740458963,174.4227497127251,88244900
2015-05-08,177.5266571044922,177.7279961739149,176.8219895622632,176.9058840413144,155877300
2015-05-11,176.67933654785156,177.75311905795482,176.60383921522646,177.48467983067763,75708100
2015-05-12,176.15084838867188,176.6961368280068,175.00995275005405,175.84046189891876,119727600
2015-05-13,176.1844024658203,177.19107202579508,175.94951332850945,176.5619019507486,94667900
2015-05-14,178.0216064453125,178.1138852481267,176.93104226673546,177.20787867517808,95934000
2015-05-15,178.21453857421875,178.3571489342681,177.72797880437446,178.21453857421875,76510100
2015-05-18,178.76820373535156,179.0198615361754,177.97964182477418,178.04675483849337,74549700
2015-05-19,178.70947265625,179.16248229266668,178.4242519521348,178.88564591496723,72114600
2015-05-20,178.58364868164062,179.3386476958217,178.26486506207593,178.81014070559573,76857500
2015-05-21,179.10372924804688,179.31345258440288,178.27322022789824,178.44100913738032,64764600
2015-05-22,178.67593383789062,179.13731502937233,178.60882082082986,178.71786827311686,57433500
2015-05-26,176.75485229492188,178.60881250345636,176.335405558199,178.18096863967997,124308600
2015-05-27,178.4326171875,178.66750630699258,176.8051620020893,177.2162243614498,93214000
2015-05-28,178.2313232421875,178.3403706956626,177.53504008315727,178.1222629882131,74974600
2015-05-29,177.12393188476562,178.20609861586962,176.85549268345522,178.16416419102134,124919600
2015-06-01,177.48468017578125,178.13061886793716,176.68772121708707,177.7950666330639,93338800
2015-06-02,177.30850219726562,178.00478522650633,176.3941115012314,177.0232815251902,91531000
2015-06-03,177.7782745361328,178.40744453921957,177.28333053915708,177.84538753918832,87820900
2015-06-04,176.27670288085938,177.72798511453482,175.95791924090196,177.06526485307018,151882800
2015-06-05,175.9746551513672,176.65415669183454,175.31192226092642,176.12564980458384,121704700
2015-06-08,174.89251708984375,176.01664413260892,174.81701974532572,175.8656366430736,89063300
2015-06-09,174.86732482910156,175.41261321365985,174.22977045999207,174.86732482910156,105034700
2015-06-10,176.964599609375,177.3504962915973,175.58043031108906,175.6391462059162,134551300
2015-06-11,177.5350341796875,177.92091801853576,177.17430332111311,177.4091924753248,73876400
2015-06-12,176.1759796142578,177.40915380532277,175.89914328560076,176.70448649628455,135382400
2015-06-15,175.42098999023438,175.7062106588382,174.31364461730652,175.0267090893128,124384200
2015-06-16,176.3773651123047,176.4612595857089,175.0938590323169,175.27001950576653,85308200
2015-06-17,176.6625518798828,177.27495325690813,175.63071661796585,176.6625518798828,126708600
2015-06-18,178.49974060058594,178.96951886696155,176.6961248706443,177.26656625110107,165867900
2015-06-19,177.7073516845703,178.3311570920234,177.32801594687112,178.2552925170361,130478700
2015-06-22,178.61776733398438,179.207846584519,178.40702382573895,178.63463041621765,70696000
2015-06-23,178.74420166015625,179.08139897849242,178.34801571310027,178.8285042054309,68476800
2015-06-24,177.446044921875,178.8538101005264,177.42075672834193,178.47447433476637,92307300
2015-06-25,176.90647888183594,178.07821192746368,176.83061432831366,177.95177100492654,97107400
2015-06-26,176.87281799316406,177.51347362842807,176.31645204364472,177.26900395541367,104174800
2015-06-29,173.16371154785156,176.88122984634956,173.08784697753822,175.3807372072629,202621300
2015-06-30,173.5261993408203,174.76537212338854,173.04569799695165,174.71478287974801,182925100
2015-07-01,174.91712951660156,175.36390477020115,174.12473178749613,175.11100996220262,135979900
2015-07-02,174.7569122314453,175.56617281227895,174.3354252933104,175.3975806095771,104373700
2015-07-06,174.25953674316406,175.04349616605103,173.25639591045243,173.45871424350008,117975400
2015-07-07,175.35545349121094,175.4818944449592,172.05942209404085,174.46190311735685,173820200
2015-07-08,172.41348266601562,174.29331120955473,172.17745095932744,174.00670311754243,164020100
2015-07-09,172.72532653808594,174.79062263904902,172.61574869072223,174.52928995623552,144113100
2015-07-10,174.9002227783203,175.32170973219513,172.76749982073463,174.74005567780614,129456900
2015-07-13,176.8306884765625,176.94026636778958,176.13101839870154,176.17316967814173,106069400
2015-07-14,177.59776306152344,177.90967220034761,176.72950083673433,176.78851519315833,81709600
2015-07-15,177.53872680664062,178.10351775451872,177.05822552788376,177.6398795546903,97914100
2015-07-16,178.96337890625,178.96337890625,178.35643661034132,178.60089340544462,106683300
2015-07-17,179.11514282226562,179.17415718657372,178.5419265774911,178.95497567658902,89030000
2015-07-20,179.2078857421875,179.705237443257,178.88756428634167,179.34276470399928,70446800
2015-07-21,178.49974060058594,179.33428947294928,178.1962694527049,179.07295673393776,77965000
2015-07-22,178.17938232421875,178.51657958900148,177.7747584692399,177.80847176433798,88667900
2015-07-23,177.17623901367188,178.41541161194792,176.81376642944323,178.31425886523485,90509100
2015-07-24,175.33860778808594,177.33645223189467,175.0014233028297,177.27745073521845,117755000
2015-07-27,174.31857299804688,174.95924141581222,173.87179784500597,174.44502680496646,132361100
2015-07-28,176.4597625732422,176.60306662076323,174.32703921777386,175.1615753099707,123544800
2015-07-29,177.6736297607422,177.90122347465888,176.44288208759366,176.58618612098044,105791300
2015-07-30,177.71575927734375,177.88435148052753,176.53558812953605,177.1593934303527,91304400
2015-07-31,177.446044921875,178.24686773020483,177.15943681999087,178.22157953667175,103266900
2015-08-03,176.84750366210938,177.47130903105193,175.88651384997527,177.4123075417363,113965700
2015-08-04,176.5019073486328,177.2352906421022,176.0129808653989,176.77165235086633,81820800
2015-08-05,177.08355712890625,178.12883667311712,176.79693618871565,177.40387850724701,85786800
2015-08-06,175.63365173339844,177.37860136075744,175.0435595971987,177.26901061613233,116030800
2015-08-07,175.2965087890625,175.625268262198,174.3860949720486,175.47353905741275,117858000
2015-08-10,177.50506591796875,177.58935561197563,176.41762210433706,176.41762210433706,80270700
2015-08-11,175.9033966064453,176.57777843102267,175.13628712020406,176.15629139850725,126081400
2015-08-12,176.1141357421875,176.2995910609025,173.113150203364,174.5883547804749,172123700
2015-08-13,175.89498901367188,176.64523549175536,175.34704809917466,175.95399051546298,89383300
2015-08-14,176.53565979003906,176.61152438285313,175.55780660677175,175.7011106807869,72786500
2015-08-17,177.52186584472656,177.52186584472656,175.47344549572972,175.9370837010872,79072600
2015-08-18,177.00767517089844,177.59775439252033,176.7716434822497,177.2437068595472,71692700
2015-08-19,175.6083526611328,177.0329679391841,174.79066683904153,176.25743339031908,172946000
2015-08-20,171.94139099121094,175.5830316263809,171.88237664285722,174.082539082167,194327900
2015-08-21,166.76559448242188,171.91616757367325,166.50427452756927,170.05318885438402,346588500
2015-08-24,159.74354553222656,166.4704732939633,153.75842601625803,158.04917271416707,507244300
2015-08-25,157.8638153076172,164.75933954281948,157.56876913032582,164.742476453691,369833100
2015-08-26,163.92469787597656,164.20286792274288,158.7909774369156,161.91841602938354,339257000
2015-08-27,167.97938537597656,168.1058262953391,164.5569139558021,166.082694408985,274143900
2015-08-28,167.98788452148438,168.4599479788389,166.84143918386718,167.33036572548852,160414400
2015-08-31,166.6306610107422,167.86140865107902,166.07429511047644,167.00157161091937,163298800
2015-09-01,161.65708923339844,164.1860106334896,160.78038927822158,162.79509614578382,256000400
2015-09-02,164.72557067871094,164.76772195593378,162.20507350884452,164.05961394177572,160269300
2015-09-03,164.84356689453125,166.951001876914,164.34621532575187,165.44207122638105,152087800
2015-09-04,162.34837341308594,163.4189540859261,161.5222624242337,162.56755490393905,207081000
2015-09-08,166.42832946777344,166.58007145710064,164.52321310079506,165.17230659977102,116025700
2015-09-09,164.20294189453125,168.14806791451812,163.8320440441704,168.0216269272094,149347700
2015-09-10,165.0964813232422,166.25135171501603,163.7477176288131,164.0090375397023,158611100
2015-09-11,165.8467254638672,165.91416493393467,163.9837470836985,164.7002801982473,119691200
2015-09-14,165.23130798339844,166.0742818756182,164.7423815823797,166.02370550012674,79452000
2015-09-15,167.29661560058594,167.7433907645949,165.18918072780338,165.73710864962217,113806200
2015-09-16,168.7465362548828,168.94042954424017,167.254481473214,167.6001039148375,99581600
2015-09-17,168.36717224121094,171.0309728332212,167.98783656147626,168.61164187360853,276046600
2015-09-18,165.6158447265625,168.35280292166152,165.20064826792418,165.83616571731977,223657500
2015-09-21,166.47166442871094,167.5054274681029,165.41246879894106,166.45471367833704,105726200
2015-09-22,164.31089782714844,164.77694647618807,163.16696140947238,164.28547816716753,153890900
2015-09-23,164.04827880859375,164.95494384546745,163.46360055798513,164.48042611443393,92790600
2015-09-24,163.45509338378906,163.92114212941362,161.4722819165534,162.81957589329278,159378800
2015-09-25,163.41268920898438,165.23450032274098,162.53143130000208,164.92945149726754,155054800
2015-09-28,159.31150817871094,162.61620664470018,158.99799037721044,162.50604615027657,178515900
2015-09-29,159.4047088623047,160.77743525524122,158.39635250656679,159.53182010163968,159045600
2015-09-30,162.37892150878906,162.54839021375767,160.52320880474448,161.31124410118346,163452000
2015-10-01,162.8026123046875,163.10766116903466,160.84522081247422,162.76024189276595,131079000
2015-10-02,165.2345428466797,165.2599625112083,160.25208172489627,160.80287129216686,211003300
2015-10-05,168.1748504638672,168.40364034579613,166.36150801849337,166.47166850416923,126320800
2015-10-06,167.5986328125,168.60698909438074,166.9292268810514,168.0392618032449,110274500
2015-10-07,168.97142028808594,169.32730858767866,167.33601496296387,168.5392600510074,124307300
2015-10-08,170.49656677246094,170.78466481128262,168.27648447482716,168.5815332599416,153055200
2015-10-09,170.59829711914062,171.08128363306977,169.96277970158891,170.64066753290442,107069200
2015-10-12,170.75929260253906,170.9626498960313,170.24240459885522,170.67455177716087,56395600
2015-10-13,169.6831512451172,171.30160537883222,169.51368251893922,170.02208869747315,88038700
2015-10-14,168.8696746826172,170.20849953181605,168.57310765927443,169.6238214660027,99106200
2015-10-15,171.46258544921875,171.47105435918016,169.1662437455931,169.53908265803122,134142200
2015-10-16,172.2421417236328,172.25907954256047,171.0982053940117,171.86930283310053,114580100
2015-10-19,172.32688903808594,172.32688903808594,171.27617524225622,171.58969301299453,76523900
2015-10-20,172.10658264160156,172.72514927855775,171.63206506094286,171.88627460190554,78448500
2015-10-21,171.03895568847656,172.68281683155578,170.8694740041509,172.53029883122733,102038000
2015-10-22,173.9284210205078,174.14026018263777,171.03894467557888,171.99644889625355,174911700
2015-10-23,175.8348846435547,176.20772344927784,174.80959085744578,175.61457668091364,144442300
2015-10-26,175.40281677246094,175.71633457800075,175.0299777985024,175.6570263392177,69033000
2015-10-27,175.06385803222656,175.4027954602962,174.3774884064893,174.72490767452285,77905800
2015-10-28,177.05517578125,177.0805954472907,174.7334267519531,175.4028328404198,135906700
2015-10-29,176.95343017578125,177.3262690428495,176.42807337016612,176.54670274335766,90525500
2015-10-30,176.1908416748047,177.4703583434629,176.02985479079635,177.1483587161765,131076900
2015-11-02,178.27536010742188,178.47024851119176,176.39422736248193,176.52133861422092,86270800
2015-11-03,178.79220581054688,179.35146415458277,177.69063987128516,177.91942972650583,95246100
2015-11-04,178.2499542236328,179.21594033520446,177.70764645800728,179.08884200327543,96224500
2015-11-05,178.0719757080078,178.77528320355773,177.17377982417906,178.309234510165,78408700
2015-11-06,177.978759765625,178.21603148914676,176.6399478271048,177.7245631504848,110471500
2015-11-09,176.31793212890625,177.51270782964448,175.36041520041817,177.36017694483604,131008700
2015-11-10,176.72470092773438,176.75860243434465,175.56382645424193,175.83497385894222,75874600
2015-11-11,176.02984619140625,177.04667141834204,175.96205611899262,176.99583209644038,67846000
2015-11-12,173.572509765625,175.45364231028964,173.55557194423858,174.97912471877686,121315200
2015-11-13,171.6236114501953,173.428485265306,171.5388835423609,173.15733785874482,153577100
2015-11-16,174.2334442138672,174.2927653767331,171.31853570446503,171.4371780301968,117645200
2015-11-17,174.1063690185547,175.4367122135513,173.6064317064697,174.54699808953552,121123700
2015-11-18,176.8687286376953,177.01277769929422,174.546979971221,174.58933745491169,121342500
2015-11-19,176.71620178222656,177.13988003491488,176.41962183349108,176.75009035340258,88220500
2015-11-20,177.3601837158203,178.04654039957754,176.97887588369227,177.47881310647423,94011500
2015-11-23,177.15679931640625,177.9278837728069,176.69075073530792,177.41947771767116,64931200
2015-11-24,177.39407348632812,177.80080095172923,175.7501999462227,176.1399766627558,98874400
2015-11-25,177.3686981201172,177.7245863574192,177.10600670077966,177.5212161091168,51980100
2015-11-27,177.57199096679688,177.7753611412606,176.97884411998373,177.46183050609173,37317800
2015-11-30,176.83485412597656,177.8516794784685,176.72469362849768,177.73305006950503,112822700
2015-12-01,178.5210723876953,178.63971471757006,177.19072932283675,177.47035853689528,97858400
2015-12-02,176.69924926757812,178.792220849332,176.44503973257642,178.47022124302094,108441300
2015-12-03,174.2249298095703,177.22456543026973,173.49620287250545,176.95341813697848,166224200
2015-12-04,177.62283325195312,177.9194131451411,174.22493895646485,174.22493895646485,192913900
2015-12-07,176.54672241210938,177.71606552680555,175.57225473195692,177.2923872996871,102027100
2015-12-08,175.3603973388672,176.49585176607306,174.36899194230992,174.97062065114315,103372400
2015-12-09,173.99620056152344,176.82636849298711,173.0132638056838,174.71645884097939,162401500
2015-12-10,174.4452667236328,175.7671407055222,173.82670014075038,174.06395891033907,116128900
2015-12-11,171.06436157226562,172.9793829122598,170.75083082523454,172.30997685980242,211173300
2015-12-14,171.92860412597656,172.05571534060496,169.42890539387147,171.22530970948813,182385200
2015-12-15,173.7335205078125,174.64866717601294,171.9032271714116,173.45389128172607,154069600
2015-12-16,176.2755126953125,176.58056145045705,173.53855573614013,174.86889827272208,197017000
2015-12-17,173.58949279785156,176.65691989172578,173.57254204367828,176.5891298046697,173092500
2015-12-18,170.49697875976562,172.97745181443187,170.33502074794288,172.84107775773725,251393500
2015-12-21,171.9033660888672,172.0823756656154,170.55657362766362,171.681746952181,99094300
2015-12-22,173.46334838867188,173.76169350254062,171.80117148454516,172.79847762702119,111026200
2015-12-23,175.61134338378906,175.65396595883215,174.3838860594175,174.4776505218788,110987200
2015-12-24,175.32147216796875,175.87553948653792,175.09985304448932,175.3555754217843,48539600
2015-12-28,174.92091369628906,174.9635232676242,173.83836264873312,174.6225686574353,65899900
2015-12-29,176.7876739501953,177.1201092779049,175.99494855588242,176.02903881739212,92640700
2015-12-30,175.53468322753906,176.62576692925106,175.3897768234386,176.54052174726792,63317700
2015-12-31,173.7786865234375,175.50053720106277,173.7786865234375,174.85271824620844,114877900
2016-01-04,171.349365234375,171.35788454770588,169.27802751547435,170.89759450271976,222353500
2016-01-05,171.63916015625,172.09945015347344,170.5225189162707,171.67325041262126,110845800
2016-01-06,169.47410583496094,170.53107308409747,168.43417721420064,169.0649446353727,152112600
2016-01-07,165.4080810546875,168.2977140616437,165.01597166733157,166.4991510804858,213436100
2016-01-08,163.5924835205078,166.94241976688951,163.30267085984676,166.379833068019,209817200
2016-01-11,163.7544708251953,164.86259279248173,161.80248166496145,164.52162518361743,187941300
2016-01-12,165.0757293701172,165.83436458444626,162.92767847976344,165.21211644398443,172330500
2016-01-13,160.95855712890625,166.09852373163426,160.57498005535265,165.74903690628466,221168900
2016-01-14,163.60105895996094,164.73475205787503,159.96132181077974,161.5723566327447,240795600
2016-01-15,160.08914184570312,160.89891873818553,158.1371527888104,159.20265212275666,324846400
2016-01-19,160.30226135253906,162.04968307561973,158.71679762911452,161.92182834251503,195244400
2016-01-20,158.24795532226562,159.82489953363088,154.301354647592,157.71947181658118,286547800
2016-01-21,159.1344757080078,160.99270050296772,157.3870540112103,158.72532756164156,195772900
2016-01-22,162.39913940429688,162.6037069386971,161.00120489070326,161.76835915786967,168319600
2016-01-25,159.94424438476562,162.08376248384707,159.74819613826904,161.8877142373505,130371700
2016-01-26,162.1263885498047,162.40768195644065,160.26816381131735,160.60911842182992,141036800
2016-01-27,160.3618927001953,163.28561620606942,159.44981915923265,161.59786914730412,185681700
2016-01-28,161.19723510742188,162.12634723992727,159.53505904317333,161.92177972837752,143798800
2016-01-29,165.1268310546875,165.2632180953378,161.85362011858456,161.97295552750754,210529300
2016-02-01,165.067138671875,165.85987687760777,163.52429783832528,164.11245550560835,136061600
2016-02-02,162.09231567382812,163.63515691271317,161.56381906229873,163.6266375988414,182564900
2016-02-03,163.06402587890625,163.47317399437188,159.4839506037679,163.15779034355296,205054900
2016-02-04,163.3197784423828,164.30003283904733,161.92184353408058,162.56114327275392,139531800
2016-02-05,160.20849609375,163.37942352504908,159.56919641819107,162.7997980623699,180788300
2016-02-08,158.05194091796875,158.64861806929483,155.81865800589696,158.35028599692498,191526700
2016-02-09,158.06044006347656,159.34757168986965,156.15959273587737,156.2959797835164,184513100
2016-02-10,157.9240264892578,160.5408856520057,157.7961587866361,158.89576119890793,148214100
2016-02-11,155.86978149414062,156.92676161349908,154.36103065595123,155.42653008839872,219058900
2016-02-12,159.0832977294922,159.10033635206136,156.80739298462422,157.65979235003914,127632400
2016-02-16,161.76837158203125,161.7939425257952,159.93571791050258,160.90745279328337,120250700
2016-02-17,164.4108428955078,164.785900809425,162.8168467613598,162.94471450833302,136009500
2016-02-18,163.73741149902344,164.74324963967803,163.42202785640524,164.68357543346175,102343000
2016-02-19,163.66070556640625,163.8141312347143,162.3394837274439,162.95321241384468,114793000
2016-02-22,166.03036499023438,166.17527133695657,165.18648484646965,165.25467836373602,103640300
2016-02-23,163.9335174560547,165.63831686550657,163.81416901106925,165.36554271683238,111455300
2016-02-24,164.6835479736328,164.96484131335495,161.37624741732773,162.49288845870316,150812200
2016-02-25,166.67811584472656,166.68664816001603,164.3681215458786,165.13527554039808,110728300
2016-02-26,166.2946319580078,167.64994417691912,166.1326739557633,167.5561927088675,129833700
2016-02-29,164.99044799804688,167.26635314169567,164.79439975149316,166.31166984725903,125918100
2016-03-01,168.8688507080078,168.954095853192,165.74906568906206,166.22640728629426,141799700
2016-03-02,169.62747192382812,169.67861380415908,168.13577305012612,168.5534534171322,102415000
2016-03-03,170.2923583984375,170.3094100290123,168.86885290014715,169.44847827385826,95172200
2016-03-04,170.8463897705078,171.63060859210435,169.6530359230025,170.48838361625621,129293600
2016-03-07,170.98281860351562,171.3919797426623,169.84060635487992,169.9173191910007,100219000
2016-03-08,169.1160125732422,170.41166312546451,168.95406763497263,169.9002313595263,123974900
2016-03-09,169.951416015625,170.30088992468237,169.14162608753273,169.93436438382724,94801200
2016-03-10,170.0878143310547,171.39199771478718,168.2466410381682,170.445833616996,156838700
2016-03-11,172.83253479003906,172.87515737051191,170.07076846496093,171.55393541536648,137964500
2016-03-14,172.6108856201172,173.07117559220757,171.9886376742929,172.32107293374239,73612000
2016-03-15,172.32962036132812,172.6364847283144,171.3749370002976,171.6391787872553,93169100
2016-03-16,173.32691955566406,173.73608070010943,171.80113010008066,171.84375267845013,129303200
2016-03-17,174.42649841308594,174.9379302638817,172.84103496311133,173.24166373318866,134278500
2016-03-18,175.11190795898438,175.45462100679688,174.61496488809087,174.9319751110007,138372400
2016-03-21,175.36036682128906,175.591705310983,174.61495877786496,174.8462972675589,72926700
2016-03-22,175.26612854003906,175.8401800975354,174.41790915334468,174.58068935654646,97471900
2016-03-23,174.10951232910156,175.06911961822027,173.93814267861424,174.88062346161928,81052500
2016-03-24,174.0323028564453,174.06658199869653,172.8499339220219,173.0726960520061,84360900
2016-03-28,174.13522338867188,174.666432724006,173.6811225554986,174.4522337244462,62408200
2016-03-29,175.74598693847656,175.85737459926335,173.41550083090218,173.7239479061302,92922900
2016-03-30,176.51712036132812,177.24538913685052,176.14869127304166,176.75702220193196,86365300
2016-03-31,176.0886993408203,176.8512471788865,175.92590602589584,176.42284922326127,94584100
2016-04-01,177.2881622314453,177.4766583287403,174.76918081638024,175.08620411110252,114423500
2016-04-04,176.71412658691406,177.41670538979497,176.40567958847026,177.21106969961048,63497000
2016-04-05,174.9491729736328,176.72273385114357,174.69213156530208,175.36043138276054,99662200
2016-04-06,176.85983276367188,176.91981476039405,174.76924838445458,174.94918130095138,91839800
2016-04-07,174.7434844970703,176.12292612935744,174.0066396548486,175.7630734957606,113859000
2016-04-08,175.21470642089844,176.371385751431,174.67492099016138,175.93441161277195,95040600
2016-04-11,174.8035125732422,176.55994687737333,174.70926449623022,175.85736792625343,83757500
2016-04-12,176.431396484375,176.7141406783003,174.52930868790793,174.97484618200238,115350600
2016-04-13,178.2135772705078,178.29926210443284,177.21969072112609,177.35678122593808,96336400
2016-04-14,178.22210693359375,178.72762644060018,177.87083055751708,178.27352566845954,65212900
2016-04-15,178.0250701904297,178.35922010439774,177.69948352986154,178.22212960798282,75761600
2016-04-18,179.27598571777344,179.31025180267747,177.3567581214363,178.0250579032468,82531000
2016-04-19,179.84146118164062,180.09850257638064,179.01894440687462,179.7043837682919,88316100
2016-04-20,180.01280212402344,180.71536787904174,179.4044713559266,179.884274910313,81100300
2016-04-21,179.04464721679688,180.1413449654613,178.77046624279657,180.0299573105651,85695000
2016-04-22,179.04464721679688,179.31881511712876,178.1364456193406,178.6847944936728,99251700
2016-04-25,178.7362060546875,178.77904846749703,177.8194281005049,178.43632223868954,66166500
2016-04-26,179.0017547607422,179.5158374064332,178.52195126405178,179.1045660604145,75864200
2016-04-27,179.37025451660156,179.7643733700399,178.2564170603425,178.6162698249179,77329400
2016-04-28,177.74227905273438,179.72147518052773,177.3224574945151,178.60765114359296,97216200
2016-04-29,176.7826690673828,177.46810828367092,175.66883197512288,177.11681888769425,142424100
2016-05-02,178.1878204345703,178.36774022814933,176.85122110189022,177.2881822456768,62188000
2016-05-03,176.63705444335938,177.18540332299136,175.88306983123965,176.94550150525666,106422100
2016-05-04,175.65171813964844,176.37143661273535,175.14621170960396,175.63459163513912,92243800
2016-05-05,175.61746215820312,176.48282133773137,175.1890641948126,176.12296861732355,67619200
2016-05-06,176.26004028320312,176.30288268970136,174.6835390839366,174.83775605892995,89315000
2016-05-09,176.40570068359375,176.84266186961483,175.95159991959125,176.13153280422782,74374900
2016-05-10,178.59910583496094,178.61624541388494,177.04830732087618,177.11685256290406,77472200
2016-05-11,176.92832946777344,178.67618711542937,176.92832946777344,178.13641466138338,81727000
2016-05-12,176.9798126220703,177.77663984874863,175.9602231004344,177.60527015790385,89586300
2016-05-13,175.43751525878906,177.23679179088904,175.11194172269205,176.6798797123981,96474600
2016-05-16,177.16827392578125,177.64807758882606,175.54893002617038,175.60891202088564,77486800
2016-05-17,175.51463317871094,177.18538245316975,174.9834108674383,176.89407500504197,114924900
2016-05-18,175.56605529785156,176.75700110501384,174.4693575649396,175.1633601691155,120062100
2016-05-19,174.95770263671875,175.24901007585314,173.74105414945168,174.83775174568302,115430500
2016-05-20,176.06300354003906,176.5856495897192,175.5232179108224,175.5746235757633,104990400
2016-05-23,175.82310485839844,176.3628774235776,175.63460870113943,176.08013318768909,58682600
2016-05-24,178.10215759277344,178.41918096238476,176.61990436268468,176.64560719350888,93537800
2016-05-25,179.3102264404297,179.73006109471484,178.1021412081601,178.78758047230596,76621400
2016-05-26,179.3616180419922,179.67864135759578,179.04460780005414,179.44730284592086,55280700
2016-05-27,180.13278198242188,180.14134523524655,179.47304545220547,179.5244511164904,64211200
2016-05-31,179.79002380371094,180.51830544806577,179.22453544976477,180.4069178128038,109879400
2016-06-01,180.15846252441406,180.33838232715073,178.97608009747728,179.17313947741113,69936200
2016-06-02,180.70680236816406,180.7239288708449,179.27595497434262,179.7557585227299,63044700
2016-06-03,180.1670684814453,180.51835799208695,178.9504196853969,180.14136564639057,101757100
2016-06-06,181.08384704589844,181.44369981139872,180.36412844122793,180.52692177950257,64887000
2016-06-07,181.3666229248047,181.93211158436884,181.212405876018,181.23810871748245,60974800
2016-06-08,181.95774841308594,182.08627564745277,181.37513345302875,181.50364761372714,66170900
2016-06-09,181.7092742919922,181.829225193891,180.946726471278,181.22089435833198,73786900
2016-06-10,179.98712158203125,180.66398459284994,179.43875965350134,180.32127146118668,113829200
2016-06-13,178.59910583496094,180.2441524226255,178.51343408767718,179.37879325515135,117751200
2016-06-14,178.247802734375,178.8475702878134,177.28819556674102,178.21353665281686,125059300
2016-06-15,177.9993438720703,179.3787857602831,177.8108477327865,178.24780892458028,109124500
2016-06-16,178.53057861328125,178.70194827248255,176.14868677548108,177.9993692760317,149533100
2016-06-17,177.8656768798828,178.45132163607616,177.20250949518248,178.42548514045916,117055700
2016-06-20,179.01109313964844,180.52689074049897,178.92496275049632,179.8465079761454,82789600
2016-06-21,179.51930236816406,179.93269949509863,178.95087310509294,179.3987276585724,72461700
2016-06-22,179.22640991210938,180.43215653684013,179.07998561900038,179.7000876379055,95560500
2016-06-23,181.56044006347656,181.61211305464002,180.2341184375425,180.69918849966962,102731400
2016-06-24,175.04080200195312,181.59492803063054,174.59294743377822,175.37668964266976,333444400
2016-06-27,171.9058074951172,173.6283105235586,171.08760804328335,173.6196895977571,230775800
2016-06-28,175.0063018798828,175.03213837350734,173.214897185871,173.52494825102025,159382400
2016-06-29,177.98623657226562,178.2187650132207,176.31540657435534,176.41875254811313,137328600
2016-06-30,180.4149932861328,180.4666662828468,177.9001400266789,178.45996148828098,165021900
2016-07-01,180.7938690185547,181.28478856130107,180.2512765011301,180.4149163487122,106055300
2016-07-05,179.4934539794922,180.0704909901479,178.89058047146807,179.95852407378027,109803700
2016-07-06,180.5700225830078,180.69059728733322,178.33076305507038,178.99393049968876,96021500
2016-07-07,180.45803833007812,181.42263587202635,179.68291718267773,180.75086070650443,85593800
2016-07-08,183.14512634277344,183.3948966372699,181.53459024200876,181.76713182683017,133971000
2016-07-11,183.7910919189453,184.36814207361115,183.40353131518194,183.61023643662895,73633900
2016-07-12,185.1260223388672,185.4274656450226,183.8169162728339,184.76429825647432,101275600
2016-07-13,185.1001434326172,185.55660560878866,184.60923698386713,185.54799782605727,87324100
2016-07-14,186.13368225097656,186.6073732355495,185.73751389417436,186.374831635549,91230900
2016-07-15,185.88394165039062,186.90021227000773,185.4360871212703,186.70212807395063,107155400
2016-07-18,186.38343811035156,186.54707799612112,185.74610727673718,186.0044853520757,58725900
2016-07-19,186.19400024414062,186.22844452853806,185.71170141263113,185.96145861407086,54345700
2016-07-20,186.96910095214844,187.21025034141533,186.19397979259855,186.19397979259855,58159500
2016-07-21,186.26287841796875,187.0810647710099,185.81502392744866,186.8571440965778,67777300
2016-07-22,187.09828186035156,187.14995484803734,186.1164556693566,186.38344153350317,62787500
2016-07-25,186.5901641845703,186.94328051406265,186.0045193722333,186.89160751787495,55873100
2016-07-26,186.67628479003906,187.03800888598983,185.82364097280447,186.48680838620916,70080500
2016-07-27,186.4781951904297,187.1241338733831,185.7030608858919,187.05523217020266,84083900
2016-07-28,186.69349670410156,186.98631906852614,185.81501646917246,186.28008651022003,65035700
2016-07-29,186.9949493408203,187.35667344772617,186.14231863941973,186.42653325377222,79519400
2016-08-01,186.8399200439453,187.45140130699411,186.38345775744762,187.05523293914823,73311400
2016-08-02,185.6427459716797,186.74514673653616,184.7987232608232,186.59011464747468,92295500
2016-08-03,186.18536376953125,186.2456576892639,185.28106010679292,185.5824902804869,53993600
2016-08-04,186.38343811035156,186.70209695633136,184.52313173789997,186.2973077046871,46585500
2016-08-05,187.9078369140625,187.95090211531985,186.38343129445568,186.38343129445568,71892200
2016-08-08,187.7958984375,188.20068770727,187.52891256630178,188.09732858751346,39906500
2016-08-09,187.9078369140625,188.40736433700835,187.58057029614608,187.86478485445946,51251700
2016-08-10,187.44276428222656,188.09731065054183,187.08964803518032,188.0198011743573,57941100
2016-08-11,188.31263732910156,188.56240762622798,187.70976390067506,187.97674976600285,72504300
2016-08-12,188.1489715576172,188.36428439037294,187.74418238070416,188.00254726668916,61313500
2016-08-15,188.69161987304688,189.04473620172664,188.51076438680604,188.51937217226512,49813500
2016-08-16,187.7184295654297,188.33851870984364,187.7184295654297,188.26963013730963,53213600
2016-08-17,188.0714874267578,188.20929082191054,186.90880577700102,187.75282857441525,75134300
2016-08-18,188.49356079101562,188.5280050790988,187.93375240346612,188.04570619598064,52989300
2016-08-19,188.2179412841797,188.3988099240363,187.52895043549822,188.01985707226666,75443000
2016-08-22,188.20928955078125,188.44183113582412,187.6064161281285,187.9767479657384,61368800
2016-08-23,188.5882110595703,189.13080362086208,188.52791715646998,188.82936038866603,53399200
2016-08-24,187.62364196777344,188.53656644263347,187.20162400754455,188.44182825326186,71728900
2016-08-25,187.49449157714844,187.9165096391544,187.08109444276292,187.23611344003575,69224800
2016-08-26,187.14134216308594,188.7174340651806,186.2456463398954,187.68393484098976,122506300
2016-08-29,188.06289672851562,188.3298826173458,187.23608942413733,187.27054684688358,70502200
2016-08-30,187.75283813476562,188.26097339590362,187.19302988322792,187.97675880704955,58114500
2016-08-31,187.21890258789062,187.53756151809011,186.43516037083194,187.4169868032856,85269500
2016-09-01,187.22750854492188,187.5203309720638,186.056205694696,187.21027983107288,97844200
2016-09-02,188.0714874267578,188.50211318036884,187.4944504939176,188.08871613656567,79293900
2016-09-06,188.6399383544922,188.71744784509363,187.63227555170369,188.355723747297,56702100
2016-09-07,188.6227264404297,188.80359507626352,188.0112451045765,188.47631523125838,76554900
2016-09-08,188.19207763671875,188.56242264903594,187.8820265428754,188.28681583599464,74102900
2016-09-09,183.68777465820312,186.91746876412378,183.66193815668848,186.8657957610945,221589100
2016-09-12,186.3231964111328,186.72798577621057,182.85235298503423,182.92125470054307,168110900
2016-09-13,183.6446990966797,185.29830080876096,183.01598902580827,185.03131488037684,182828800
2016-09-14,183.57579040527344,184.91073313811356,183.01598206972324,183.69636511485305,134185500
2016-09-15,185.4102783203125,185.79783898498164,183.23131241321778,183.41218106561482,134427900
2016-09-16,184.69354248046875,184.970541532267,184.00107126705666,184.78875925351917,155236400
2016-09-19,184.72811889648438,186.0005548442667,184.39918592254293,185.35135336919564,80250500
2016-09-20,184.73678588867188,185.74953869103808,184.70216761859086,185.5937366636151,69665300
2016-09-21,186.81427001953125,186.99603908198813,184.75413259141226,185.44661698143926,110284400
2016-09-22,187.99143981933594,188.29440580867404,187.5846190225096,187.83563779604566,76678700
2016-09-23,186.96136474609375,187.73174993188945,186.8661480059151,187.59325045380461,73630900
2016-09-26,185.44656372070312,186.30350118511032,185.24746576542455,186.12173217485798,89827300
2016-09-27,186.59780883789062,186.69301236764215,184.90987455818396,185.28209024518836,78494800
2016-09-28,187.5240478515625,187.67986310558356,185.85344205435965,186.82291222856895,87411000
2016-09-29,185.8274383544922,187.72310892259782,185.2734535809487,187.31627490989757,128070600
2016-09-30,187.229736328125,187.93952317988393,186.4160682432005,186.66708703993433,117202900
2016-10-03,186.7795867919922,187.0046385429873,186.13903659726185,186.8142182663222,83512100
2016-10-04,185.8274383544922,187.1171901402907,185.2301840456716,186.89213836630202,119948100
2016-10-05,186.64976501464844,187.0825660181917,186.39008177091478,186.4593315164463,72816000
2016-10-06,186.7795867919922,187.0046385429873,185.87936657997423,186.42468682431576,62927400
2016-10-07,186.1391143798828,187.22978174040196,185.4033603433865,187.056663920523,89788300
2016-10-10,187.10853576660156,187.57595504574832,186.9613850082028,187.10853576660156,51855000
2016-10-11,184.74542236328125,186.744974011396,184.0096686126241,186.67572426873923,130367400
2016-10-12,184.98776245117188,185.51578006596642,184.3818306379714,184.88388125597564,73866100
2016-10-13,184.3819122314453,184.88396307161926,182.82383890240166,183.64615831673933,101357000
2016-10-14,184.47708129882812,185.83608268502093,184.39918029412644,185.368650240736,93346200
2016-10-17,183.83656311035156,184.71081640458002,183.65478087275935,184.45113315432204,58275700
2016-10-18,184.98776245117188,185.507115595013,184.60689555420072,185.44653033851395,76869700
2016-10-19,185.48121643066406,185.79283371414445,184.89261334411208,185.2561646401659,66519200
2016-10-20,185.1349639892578,185.69760001820688,184.46844673659675,185.12629951592595,73639800
2016-10-21,185.2215118408203,185.30807732383892,184.16547634657718,185.13495956584,89089100
2016-10-24,186.0092315673828,186.38144733221358,185.6543315425078,186.10444832508003,60146600
2016-10-25,185.38600158691406,186.0871371799788,185.22153507337245,185.8274539063889,66542300
2016-10-26,185.0137481689453,185.6023510997979,184.31259956055493,184.5549802351819,75705500
2016-10-27,184.5204315185547,185.77555214945224,184.44253048536376,185.7409338707148,77220200
2016-10-28,183.9750518798828,185.1782381878795,183.25661380932823,184.49441838740842,140623200
2016-10-31,183.98374938964844,184.53773426673138,183.81928285913236,184.31266924263932,61272500
2016-11-01,182.65066528320312,184.3645666780926,181.43017655464809,184.3126194656105,122781800
2016-11-02,181.55137634277344,182.72859564366826,181.10991084991358,182.33906415984157,103330800
2016-11-03,180.72039794921875,181.98418277478305,180.44341215679054,181.76778225868256,88939300
2016-11-04,180.52133178710938,181.68123550308215,180.3741810059523,180.83294909074812,109122100
2016-11-07,184.5030975341797,184.53772901753553,180.52133547092063,180.52133547092063,109794900
2016-11-08,185.33404541015625,185.9053459021256,183.8365576430594,184.1048921507315,106772100
2016-11-09,187.2989959716797,187.92223057142525,183.8019559166585,183.8279229243112,258429000
2016-11-10,187.7664031982422,188.9695895713066,186.29488229139238,188.09533621799955,172113300
2016-11-11,187.33360290527344,187.57597043405337,186.3814485302208,187.03930136433206,100552700
2016-11-14,187.4807586669922,188.06937497258522,186.72768905452293,187.86162571036883,94580000
2016-11-15,188.94357299804688,188.94357299804688,187.66248594313163,187.8702219364477,91652600
2016-11-16,188.58868408203125,188.82240029620084,188.19916586377326,188.32034960296545,65617700
2016-11-17,189.55819702148438,189.61878229659217,188.63199649136465,188.74452898404363,69797200
2016-11-18,189.13406372070312,189.8005810531189,188.9522814634842,189.6274632702686,86265800
2016-11-21,190.56231689453125,190.58828390359466,189.5668796589905,189.71403044636358,72402600
2016-11-22,190.93450927734375,191.11627831848506,190.1987422227138,190.87391079160358,67429000
2016-11-23,191.03836059570312,191.09029460291646,190.21604132940215,190.4151260930661,56620200
2016-11-25,191.74819946289062,191.7828177387062,191.30673389598496,191.38464813064198,37872300
2016-11-28,190.84791564941406,191.71351760581675,190.74404764121778,191.43653184794746,76572500
2016-11-29,191.2201690673828,191.6789371381021,190.57961873843502,190.8825847661358,69886700
2016-11-30,190.76141357421875,192.00788283271186,190.70081508146703,191.84341630443274,113291800
2016-12-01,190.06024169921875,191.0643300034005,189.69667722807384,191.0643300034005,79040500
2016-12-02,190.15541076660156,190.64881016796062,189.79185956940682,190.1467595028718,74840300
2016-12-05,191.2980499267578,191.6442854578893,190.79599916098988,190.99508393098856,67837800
2016-12-06,191.90394592285156,191.93857739667575,191.00372572398186,191.48846069322227,59877400
2016-12-07,194.41421508789062,194.47480035989912,191.62697558257858,191.74815933463395,110738100
2016-12-08,194.8903045654297,195.36638835479135,194.11991923647702,194.38826697814608,99714400
2016-12-09,196.0675506591797,196.0848664015277,195.08076467400505,195.11539615870112,88005800
2016-12-12,195.84243774414062,196.45702092937137,195.41828804120462,195.97227275114278,102016100
2016-12-13,197.1495361328125,197.6515869525634,196.4916832697115,196.50899901054163,110477500
2016-12-14,195.5221710205078,197.55632766078958,195.08070557663908,196.84654093603908,142501800
2016-12-15,196.3271942138672,197.19279624343886,195.5308419316259,195.7645581778611,124972600
2016-12-16,195.94325256347656,196.84879230336938,195.6210962852272,196.7878366367326,156420200
2016-12-19,196.369873046875,196.79652279194534,195.97805890207792,196.1260769885173,90341100
2016-12-20,197.1273651123047,197.27539647249242,196.67460863299422,196.9096891290597,89838800
2016-12-21,196.57888793945312,197.1709604091455,196.57888793945312,196.9968222289943,67909000
2016-12-22,196.23927307128906,196.55272704480078,195.8387433828451,196.43082901542894,56219100
2016-12-23,196.526611328125,196.53531358545493,196.09125931562593,196.28280197810759,36697800
2016-12-27,197.01417541503906,197.4146917694342,196.77908164170188,196.79649943977168,42672500
2016-12-28,195.385986328125,197.29283035091296,195.27280383439484,197.27542583550192,64095000
2016-12-29,195.3424530029297,195.81262732986787,194.89838544793855,195.45563549158962,48696100
2016-12-30,194.62843322753906,195.76035090541845,193.93186748069894,195.67327520485597,108998300
2017-01-03,196.11737060546875,196.63108276863719,194.93321265297715,195.94321917954386,91366500
2017-01-04,197.28407287597656,197.43209093087972,196.43948910879277,196.44819136406264,78744400
2017-01-05,197.1273651123047,197.28409872890265,196.32631908826966,197.0141826354209,78379000
2017-01-06,197.83265686035156,198.3028311630923,196.69202348802685,197.2405712461313,71559900
2017-01-09,197.17959594726562,197.71072581704735,197.1447603538352,197.57141001509794,46939700
2017-01-10,197.17959594726562,198.04158423931952,196.78776859354716,197.1970004580947,63771900
2017-01-11,197.73684692382812,197.73684692382812,196.42207562548313,197.09252130079017,74650000
2017-01-12,197.24057006835938,197.4321260054143,195.87357173852735,197.21445001202355,72113200
2017-01-13,197.69334411621094,197.9980825419941,197.3798901475358,197.41471246143814,62717900
2017-01-17,196.99676513671875,197.45823715902986,196.6049510234586,197.04900524703507,61240800
2017-01-18,197.43212890625,197.4756667627455,196.69202520349194,197.2492752233243,54793300
2017-01-19,196.7007598876953,197.64982413656574,196.26540785215224,197.5105082965784,66608800
2017-01-20,197.42343139648438,197.91972577197907,196.75298559082006,197.38859579609493,129168600
2017-01-23,196.90965270996094,197.48432038805404,196.14344242505535,197.4233780326785,75061600
2017-01-24,198.17222595214844,198.59016013151165,197.01418809488817,197.12737057490835,95555300
2017-01-25,199.8874969482422,199.8874969482422,198.96453967142133,199.12997553505798,84437700
2017-01-26,199.6785430908203,200.009414850998,199.39991144311526,199.73948546007566,59970700
2017-01-27,199.3651123046875,199.90494457750697,199.18225860388975,199.75692647966582,59711100
2017-01-30,198.1287078857422,198.69466020003318,197.13610580693577,198.66854014158218,79737300
2017-01-31,198.1112518310547,198.17220747959652,197.05770758125698,197.6323620421072,75880800
2017-02-01,198.1896209716797,199.0342048324879,197.59754868643418,198.11126080790675,79117700
2017-02-02,198.32022094726562,198.6075548139739,197.49305494146773,198.18960739736923,69657600
2017-02-03,199.687255859375,199.8701095485431,198.9210453596283,199.23449933685296,80563200
2017-02-06,199.3302459716797,199.6785355181023,198.99067196759748,199.27800586118823,57790100
2017-02-07,199.33895874023438,199.96586662918398,199.14740281383936,199.72207059302443,57931200
2017-02-08,199.60015869140625,199.7307589567335,198.79039718871758,199.33894487486518,51566200
2017-02-09,200.78433227539062,201.0890706804251,199.60017439500885,199.60017439500885,65955200
2017-02-10,201.5767059326172,201.80309750666845,200.801779797659,201.13265161457053,66015900
2017-02-13,202.6737518310547,202.93496565991794,202.04684395613782,202.0729640104354,55182100
2017-02-14,203.48350524902344,203.49222079126858,202.1426270461381,202.4909033028677,71109000
2017-02-15,204.54579162597656,204.7373475777821,203.21361550671324,203.2658556234076,86785800
2017-02-16,204.3716278076172,204.75473966311247,203.61411963890725,204.57188599175785,84722400
2017-02-17,204.6938018798828,204.6938018798828,203.6837820428393,203.70119984303352,77204100
2017-02-21,205.91278076171875,206.08691889356294,205.0594813296728,205.0681968720921,88946100
2017-02-22,205.7299346923828,205.9563129435597,205.33812055977774,205.50355644120592,62115200
2017-02-23,205.8692626953125,206.26977910846279,205.10303889848362,206.25237459372696,74615900
2017-02-24,206.13046264648438,206.173987216275,204.9724247720454,205.01596262772426,82381600
2017-02-27,206.45265197753906,206.6267901422969,205.79092163710317,206.04341998311847,56515400
2017-02-28,205.89535522460938,206.31328938250584,205.5035411212135,206.06949334990895,96961900
2017-03-01,208.77735900878906,209.24754650743336,207.5496634450783,207.56708124136884,149158200
2017-03-02,207.46267700195312,208.5945950293687,207.41043687983853,208.58587948508915,70246000
2017-03-03,207.59324645996094,207.7586823460014,206.9924585731356,207.3755704595685,81974300
2017-03-06,206.97503662109375,207.33201513438615,206.3655332426352,206.79218295037867,55391500
2017-03-07,206.35682678222656,207.02727251333962,206.1478530607935,206.67028072143253,65103700
2017-03-08,205.97369384765625,206.91405556899701,205.8343780476311,206.65284176542136,78168800
2017-03-09,206.23497009277344,206.56584189653935,205.25978576911382,206.09565425056778,90683900
2017-03-10,206.95758056640625,207.24491440390915,205.99980110806325,207.201376558369,81991700
2017-03-13,207.06211853027344,207.1056563879592,206.56582415314475,206.89668264260095,57256800
2017-03-14,206.26976013183594,206.56580957166753,205.6515677683587,206.51355617459993,59880800
2017-03-15,208.0547332763672,208.4813830503209,206.60936134262002,206.84445515976918,96081800
2017-03-16,207.64547729492188,208.27238521090757,207.31461882351527,208.19402504288138,78344000
2017-03-17,207.28086853027344,208.10289326755864,207.28086853027344,207.9105039314412,89002100
2017-03-20,207.05345153808594,207.5693985581929,206.65993285060924,207.28081462906,52537000
2017-03-21,204.39495849609375,207.78799084745515,204.26379006753515,207.66556253290528,131809300
2017-03-22,204.87596130371094,205.16454523200866,203.80034000273758,204.42997523835305,97569200
2017-03-23,204.6573486328125,205.8029309447198,204.2813235017783,204.87597161886163,100410300
2017-03-24,204.50868225097656,205.5405763181963,203.7216448554255,204.96342178851316,112504900
2017-03-27,204.29881286621094,204.56116312993566,202.54108878352613,202.82091927946078,87454500
2017-03-28,205.78543090820312,206.2139233796603,203.87903171461156,203.99271992639578,93483900
2017-03-29,205.97781372070312,206.21393026703075,205.26947742540753,205.49685385657017,61950400
2017-03-30,206.63368225097656,206.83482499258054,205.74171013307424,205.91660584185777,56737900
2017-03-31,206.15272521972656,206.82607437497765,206.10024449705202,206.29263378246304,73733100
2017-04-03,205.794189453125,206.40633114123233,204.5524125019107,206.2052017316445,85546500
2017-04-04,205.92538452148438,206.01283906409776,205.1208534354624,205.50563207305765,56466200
2017-04-05,205.3131866455078,207.59561080959404,205.10330380680713,206.6074307916134,108800600
2017-04-06,205.89036560058594,206.41505271023925,205.00712028225288,205.45311967069807,69135800
2017-04-07,205.6805419921875,206.38013835024853,205.190828544652,205.63681471786668,74412300
2017-04-10,205.8029327392578,206.60746373369128,205.26949211489898,205.82042631452694,67615300
2017-04-11,205.5580291748047,205.66296391510866,204.05390229325027,205.4181072919426,88045300
2017-04-12,204.6573486328125,205.47063307963307,204.4299855310491,205.27824378441477,81864400
2017-04-13,203.328125,205.05962872388685,203.328125,204.31630520511524,92880400
2017-04-17,205.12953186035156,205.12953186035156,203.6516386991455,203.8527680611562,68405400
2017-04-18,204.5174102783203,205.05960431384366,203.82656756916396,204.38624183471057,83225800
2017-04-19,204.1414031982422,205.46188124066552,203.91402675099744,205.0858561066657,68699900
2017-04-20,205.8029327392578,206.2489321746474,204.4387274294059,204.76228518159974,92572200
2017-04-21,205.14706420898438,205.7766994831219,204.74480538276154,205.7242321008918,110389800
2017-04-24,207.4032745361328,207.61315742845983,205.1208497888736,207.41201465276288,119209900
2017-04-25,208.61004638671875,208.95983781087526,207.962917573973,208.05037210185586,76698300
2017-04-26,208.4788818359375,209.46706203924822,208.43516791206847,208.5750764870889,84702500
2017-04-27,208.65380859375,208.95987280522138,208.11161444871286,208.80247064109722,57410300
2017-04-28,208.19898986816406,208.94229982241563,208.0678081042246,208.9160661383647,63532800
2017-05-01,208.72373962402344,209.15224549844942,208.30398720936842,208.72373962402344,66882500
2017-05-02,208.80245971679688,208.98609556533413,208.39144740705663,208.86366721841293,57375700
2017-05-03,208.54879760742188,208.8986023283996,207.8666950811225,208.80240769809143,73137700
2017-05-04,208.79368591308594,208.93360782270238,207.93668756813875,208.85490675242605,61462700
2017-05-05,209.61569213867188,209.63318571176748,208.7237067224081,209.1697061023833,62001300
2017-05-08,209.5807647705078,209.80812789637855,209.15225886868924,209.65946585134506,48385700
2017-05-09,209.3883819580078,210.04425100606687,209.03857712616235,209.84312156756195,51363200
2017-05-10,209.764404296875,209.764404296875,209.13476895177888,209.34465184804083,54293800
2017-05-11,209.3358917236328,209.50204733266506,208.24277676282964,209.30965803206863,62358300
2017-05-12,208.98602294921875,209.3795415458951,208.7149326569236,209.08221757006714,53912700
2017-05-15,210.1404571533203,210.26288551523578,209.39713352074668,209.41462709921765,61918900
2017-05-16,209.94801330566406,210.46396031521516,209.55449462623844,210.43772662616593,51241800
2017-05-17,206.2227020263672,209.94803300139918,206.16148118371757,209.94803300139918,172174100
2017-05-18,207.05345153808594,207.9104498664977,205.88162224726787,206.14397248681482,107047700
2017-05-19,208.40016174316406,209.07352423977662,207.4906960419251,207.54316342073096,115011400
2017-05-22,209.45828247070312,209.62443804991278,208.84614087126175,208.9160884737527,61010600
2017-05-23,209.9217987060547,210.08795431426745,209.4495655728512,209.83434417214636,48341700
2017-05-24,210.41151428222656,210.51644904906854,209.8168528015154,210.15791748112895,46927700
2017-05-25,211.41714477539062,211.69698857225845,210.71756197059437,210.92743147455857,64071700
2017-05-26,211.37342834472656,211.539570585494,211.14605192655318,211.22475298960404,46629900
2017-05-30,211.18980407714844,211.44340086920673,210.8924800192351,211.04988216388756,35201900
2017-05-31,211.1373291015625,211.52210767734647,210.4377329041087,211.4871205284456,91796000
2017-06-01,212.81637573242188,212.83386930882565,211.31224841023524,211.60083237429666,68962000
2017-06-02,213.524658203125,213.68207366362878,212.57146535700915,212.8687893623449,88666100
2017-06-05,213.36732482910156,213.63841523564102,213.166182045671,213.34983125147934,44698800
2017-06-06,212.68521118164062,213.35856043314988,212.60649675821998,212.79888607113386,50375400
2017-06-07,213.0787353515625,213.30609848002973,212.3529053513879,213.02626796373852,54144300
2017-06-08,213.18365478515625,213.6646280450785,212.6502141411859,213.17491466904445,65950700
2017-06-09,212.860107421875,214.25928665838364,211.58334319166764,213.45475559506107,132256400
2017-06-12,212.81637573242188,212.8688431179441,211.95937730028407,212.61524630669024,86108100
2017-06-13,213.8569793701172,213.90944674484763,213.00872122881188,213.35851262280553,60067000
2017-06-14,213.58592224121094,214.13684310521003,212.75514419987627,214.12810298929173,78602300
2017-06-15,213.1749267578125,213.2973551087637,211.9418897880036,212.22172030002514,66464900
2017-06-16,213.2215118408203,213.3884777487992,212.33397245638167,213.33575449549267,84553100
2017-06-19,214.99658203125,215.05808801756345,213.9596423234719,214.0563060809024,65123800
2017-06-20,213.54664611816406,214.64509191743835,213.52908063968445,214.63630917819856,56906400
2017-06-21,213.49388122558594,214.05628482877333,213.01935863270518,213.94205560588622,55977600
2017-06-22,213.39724731445312,214.0035915075714,213.22149867802673,213.5027072233181,44148100
2017-06-23,213.652099609375,213.9860180043568,213.0721170266925,213.45877208181417,66986800
2017-06-26,213.7926483154297,214.75050302536266,213.58175535150687,214.32869027999874,56700500
2017-06-27,212.0703582763672,213.8718122122863,212.05277938772647,213.5730247404474,82247700
2017-06-28,213.96839904785156,214.17050926387338,212.86115741060493,213.09842539126615,70042600
2017-06-29,212.08790588378906,214.1705546869696,210.86643477430073,214.117831437587,106949700
2017-06-30,212.4832763671875,213.28294781958922,212.28994890817265,212.90507563742125,86820700
2017-07-03,212.84364318847656,213.87178680723443,212.84364318847656,213.43240850475183,39153800
2017-07-05,213.33567810058594,213.5465710382919,212.39540239078855,213.21265275067162,54427600
2017-07-06,211.3848876953125,212.6854436158546,211.20034292265444,212.5624182370028,65400800
2017-07-07,212.75570678710938,212.90509376201868,211.39363172219026,211.96483141199928,57972300
2017-07-10,212.98416137695312,213.36203356070098,212.44811949449016,212.75568956477895,36663300
2017-07-11,212.8260498046875,213.1424026972762,211.64851925234768,212.98421954660148,50354600
2017-07-12,214.4253692626953,214.5923351435056,213.8014596550738,213.8014596550738,59610400
2017-07-13,214.78564453125,214.8998871576974,214.2056620706448,214.4341473235396,39471600
2017-07-14,215.7874298095703,216.14772316898845,214.68898425677787,214.78564800177398,60262700
2017-07-17,215.7610626220703,216.09499435230626,215.5853140199099,215.70833938229808,33531900
2017-07-18,215.87533569335938,215.92805894056744,215.00536188814436,215.3480764037574,42742500
2017-07-19,217.04408264160156,217.0528653798477,216.18289157809446,216.1916877251013,51034300
2017-07-20,217.1407470703125,217.42194219142823,216.5871261575937,217.29891681179745,47135200
2017-07-21,216.94741821289062,216.97377983630798,216.33227790979063,216.56076319108857,82340800
2017-07-24,216.8946990966797,217.03528995466283,216.4201630486088,216.8683240639994,46622300
2017-07-25,217.42196655273438,217.75589836718828,217.1934946531809,217.65043845228786,54915600
2017-07-26,217.43067932128906,217.74703214666133,217.16706314077712,217.71188779217903,47575400
2017-07-27,217.22860717773438,217.9316150693877,215.89289352446914,217.89647070874713,70766600
2017-07-28,216.97377014160156,217.10557825279895,216.28834114585504,216.7452848705127,50088400
2017-07-31,216.85072326660156,217.47463280941943,216.6398169008379,217.3779690678726,65838700
2017-08-01,217.3340606689453,217.49223040030444,216.80680141356183,217.45708604070012,55050400
2017-08-02,217.43946838378906,217.58007261465414,216.49919267473115,217.46583000098158,47211200
2017-08-03,217.01768493652344,217.35160324824835,216.73647645427252,217.32524162913214,40856000
2017-08-04,217.4131317138672,217.74705003954062,217.02647673899995,217.509795457584,60191800
2017-08-07,217.81741333007812,217.81741333007812,217.37803499139073,217.4834949106344,31995000
2017-08-08,217.2812957763672,218.73125183584114,216.90343697250185,217.50098486943068,61719400
2017-08-09,217.2725067138672,217.3252299492661,216.22678451593006,216.58707783616612,62632600
2017-08-10,214.20571899414062,216.5607938196717,214.15299573984916,216.4289722751805,120479500
2017-08-11,214.52203369140625,215.1195950873103,214.19689807538737,214.43416608616988,74869900
2017-08-14,216.64859008789062,216.86827918092598,215.77862986107584,215.8137742161079,73291900
2017-08-15,216.6222686767578,217.05286420618302,216.3147119346775,217.03528532102507,55242700
2017-08-16,217.0001220703125,217.55374293013105,216.56952657836925,217.1495090592497,56715500
2017-08-17,213.61691284179688,216.70135671638218,213.61691284179688,216.38500384229036,128490400
2017-08-18,213.28302001953125,214.58357603145402,212.83484557248346,213.44997250996303,136748000
2017-08-21,213.449951171875,213.7135808069437,212.50968867760093,213.22147930615427,65469700
2017-08-22,215.68202209472656,215.84019184655423,214.021172656728,214.03875154318496,63140100
2017-08-23,214.90869140625,215.3392869262411,214.55719416335626,214.70658116202412,50203800
2017-08-24,214.4077911376953,215.4535000502035,214.19688476246816,215.2953303253526,50741700
2017-08-25,214.90869140625,215.83138842979645,214.75930440758216,215.2074654035857,64445900
2017-08-28,214.91749572753906,215.47110323571547,214.49568292951028,215.4447416119338,40565600
2017-08-29,215.16351318359375,215.42712938060563,213.4762890701651,213.59053169470943,51135700
2017-08-30,216.18284606933594,216.45527180274624,214.96137527221964,215.1459200066256,62030800
2017-08-31,217.48341369628906,217.72946440137082,216.21800240800707,216.80676755293538,103803900
2017-09-01,217.791015625,218.22161115273934,217.64162862364404,217.86131775659584,62007000
2017-09-05,216.226806640625,217.50979693789265,215.25138645966564,217.2813116827748,91398800
2017-09-06,216.9649658203125,217.29889756777757,216.37620059788063,216.91224257782002,57916900
2017-09-07,216.9386444091797,217.2901551055488,216.52562772142224,217.27257621853983,58034700
2017-09-08,216.6837921142578,217.14953201393007,216.43774135249743,216.64863434328583,63832800
2017-09-11,218.9949188232422,219.07400369214704,217.94919641629872,217.9667618924373,71364800
2017-09-12,219.7330780029297,219.7682223650739,219.17945708564216,219.3640018609916,56896000
2017-09-13,219.83851623535156,219.8736740049352,219.3288358464716,219.4430784844779,59228000
2017-09-14,219.76815795898438,219.97028156055126,219.3375759572917,219.51332453402892,95446300
2017-09-15,220.0640411376953,220.1523447981621,219.5165126267712,219.62248240945252,95432400
2017-09-18,220.53211975097656,220.88536138740113,220.1435458657267,220.43497627966408,46235200
2017-09-19,220.7528839111328,220.8412010517976,220.42613474621976,220.7793763582715,47108100
2017-09-20,220.8323974609375,220.94720706756556,219.82564387868538,220.84123726163563,59574100
2017-09-21,220.24066162109375,220.76169768560743,220.0640408251081,220.6733940252661,48211400
2017-09-22,220.2848663330078,220.45266084069888,219.9139585411513,219.94045099233347,51214000
2017-09-25,219.83444213867188,220.38198417512112,219.08380031698985,220.0287290749435,57064400
2017-09-26,219.9669189453125,220.51444750917278,219.72847343592318,220.2671756754743,54082000
2017-09-27,220.82354736328125,221.2121212436012,219.78146164103194,220.6734189959403,81001400
2017-09-28,221.08848571777344,221.16796306380616,220.4526399989026,220.54094366939304,44778800
2017-09-29,221.86558532714844,221.94507613606135,220.89416425175887,221.0796113635167,85578000
2017-10-02,222.82821655273438,222.82821655273438,221.9185931203125,222.09522740252493,59023000
2017-10-03,223.30514526367188,223.33163771701544,222.74877679284342,222.82826762818098,66810200
2017-10-04,223.5699920654297,223.8172638459645,223.04011626411142,223.15492583196735,55953600
2017-10-05,224.89466857910156,224.9123212239626,223.60531131327005,223.90556797952485,63522800
2017-10-06,224.6385955810547,224.93002597493094,224.1793841803743,224.44430865180388,80646000
2017-10-09,224.26771545410156,224.9300536648197,224.0027774747532,224.86824243897814,35803100
2017-10-10,224.85943603515625,225.23918367286092,224.29424121707862,224.84178338246852,43057400
2017-10-11,225.21263122558594,225.21263122558594,224.59445166350312,224.7622326711869,47674300
2017-10-12,224.87704467773438,225.24795241897246,224.6385991743299,224.8947108012135,47065100
2017-10-13,225.1508331298828,225.43343723467967,224.87706882542676,225.31862763269277,54800400
2017-10-16,225.45106506347656,225.64535199530783,225.03601222762316,225.3804275203597,38221700
2017-10-17,225.6100311279297,225.6541896984455,225.1772986973611,225.3980780746362,31561000
2017-10-18,225.83078002929688,226.03389325589478,225.63649312548952,225.98973469133819,40888300
2017-10-19,225.89259338378906,225.9279256258905,224.6209156494809,225.04480822758362,61903800
2017-10-20,227.058349609375,227.08486900954162,225.87498875346517,226.69629511563707,89176400
2017-10-23,226.1752166748047,227.41160277184005,226.0957393315281,227.38511032408118,63915300
2017-10-24,226.5726318359375,226.81106386733967,226.21055041377318,226.60796408338504,66935900
2017-10-25,225.45106506347656,226.35184870421205,224.31184939528777,226.23703911486524,103715300
2017-10-26,225.74252319335938,226.3430367107526,225.61888726476045,226.06928587811095,69798000
2017-10-27,227.58819580078125,227.74717742794917,225.75132332021116,226.4931387614379,85562500
2017-10-30,226.7404327392578,227.49108805276177,226.44017600397802,226.49316090134454,54285700
2017-10-31,227.0936737060547,227.34978534298116,226.7934169716553,227.12016615466027,60304800
2017-11-01,227.3939208984375,228.22405352072278,227.02302663352322,227.87965170330236,54202700
2017-11-02,227.48220825195312,227.62351027028654,226.24584927979114,227.32325358780466,56449500
2017-11-03,228.2417755126953,228.28592061651528,227.226168618708,227.64123500694436,59589700
2017-11-06,228.59494018554688,228.7274024029954,228.03857192165918,228.10920945409717,49652600
2017-11-07,228.43603515625,229.03654863955776,227.9238118700213,228.7009596487065,57502200
2017-11-08,228.82456970214844,228.921726644527,227.976784421593,228.25938849864752,50469600
2017-11-09,227.99444580078125,228.18873271940413,226.3959784085712,227.60587196353546,95085500
2017-11-10,227.923828125,228.10046243297452,227.28798234714782,227.60591871137967,59984700
2017-11-13,228.1357421875,228.36536137203188,227.19963975140485,227.23497199916557,50228600
2017-11-14,227.60592651367188,227.71189632184462,226.53733472983444,227.32332239146962,61315200
2017-11-15,226.46665954589844,227.15549013518063,225.75133650897493,226.62561423174634,80811500
2017-11-16,228.39186096191406,228.76278219847885,227.37628114955697,227.42042624768186,67777000
2017-11-17,227.7206573486328,228.36534280245272,227.64118001059032,228.03859365140917,75756800
2017-11-20,228.10922241210938,228.3035093256052,227.72064858511771,227.96794733920814,48075500
2017-11-21,229.6017303466797,229.78720444239093,228.07395418601718,228.8864072649639,69176800
2017-11-22,229.3986053466797,229.7430071497409,229.23081086934508,229.61054491779427,45033400
2017-11-24,229.92848205566406,230.03447880463517,229.75187470859882,229.893176756617,27856500
2017-11-27,229.81365966796875,230.2728710316625,229.61053295582838,229.97261433802365,52274900
2017-11-28,232.14508056640625,232.17157301197295,230.18455874265112,230.28171567679968,98971700
2017-11-29,232.0037841796875,232.81626411449423,231.553412594105,232.27754844073394,77512100
2017-11-30,234.03497314453125,234.95339592378986,232.85159894961177,232.931076289128,127894400
2017-12-01,233.5491485595703,234.29980350988717,230.2816313502439,233.81409986882122,164390900
2017-12-04,233.26666259765625,235.61573136275814,233.21365075464033,235.18301242454567,94040600
2017-12-05,232.42770385742188,234.15860666246058,232.29524161862443,232.42770385742188,77994500
2017-12-06,232.4718475341797,232.90459344575342,232.00379632621429,232.52483242937518,75898600
2017-12-07,233.20489501953125,233.52280445184567,232.2069677170781,233.20489501953125,77218600
2017-12-08,234.47654724121094,234.48536009021865,233.16952357660557,234.1674507113357,76563900
2017-12-11,235.18307495117188,235.24489965895532,234.45009911089886,235.18307495117188,83077500
2017-12-12,235.59811401367188,236.0750050674128,235.21837991097567,235.9778481163681,85195800
2017-12-13,235.5716094970703,236.2869325657362,235.48329235081087,235.84537378504817,102905400
2017-12-14,234.6089630126953,235.98662394952763,234.55597812670973,235.87181437969107,100666700
2017-12-15,236.5626678466797,237.0331114345067,235.56852495077072,235.62178067102568,144610300
2017-12-18,238.0628204345703,238.41786767849132,237.86754038715853,237.974051851498,83653600
2017-12-19,237.1485595703125,238.3557256104752,237.07753386890985,238.31135486337467,82382900
2017-12-20,237.0242462158203,238.17815636871237,236.72245474642338,238.1249006440167,76751500
2017-12-21,237.51246643066406,238.23147299282974,237.26393065068928,237.65449074613082,67032300
2017-12-22,237.45025634765625,237.56565275012105,236.90878717186547,237.53013991358787,78720900
2017-12-26,237.16627502441406,237.38818291099042,236.89999639586847,237.04199360551607,45244400
2017-12-27,237.28175354003906,237.6456858505195,237.006589832569,237.3350092841704,57751000
2017-12-28,237.76983642578125,237.8142342520918,237.3970463796031,237.7876063916505,45116100
2017-12-29,236.8734130859375,238.37351301996128,236.67816009152736,238.35577013548033,96007400
2018-01-02,238.56869506835938,238.60420791110133,237.3526443159786,237.74320432105358,86655700
2018-01-03,240.07766723632812,240.22857649408354,238.73733514626574,238.73733514626574,90070400
2018-01-04,241.08958435058594,241.57779794002124,240.13983921053205,240.72567926483586,80636400
2018-01-05,242.69618225097656,242.8204365574166,241.39136304737713,241.88843444985693,83524000
2018-01-08,243.14007568359375,243.29984288082883,242.3056997579859,242.59860628625023,57319200
2018-01-09,243.69046020507812,244.32067124552597,243.2821300428726,243.56617874135256,57254000
2018-01-10,243.3175506591797,243.58385637118718,242.25240907624342,242.92699061892702,69574300
2018-01-11,245.09275817871094,245.09275817871097,243.7080554728257,243.8767075923695,62361500
2018-01-12,246.6905517578125,246.85917681697845,245.05728600402102,245.3591045436559,90816100
2018-01-16,245.84732055664062,248.61672676066897,245.1460840215289,247.95988805771424,106555100
2018-01-17,248.19056701660156,248.58112694343677,245.84723454394685,246.78812152540718,113258800
2018-01-18,247.7735595703125,248.50139707652716,247.27646082914066,248.0753511389134,100728000
2018-01-19,248.90078735351562,248.90078735351562,247.773504940959,248.35931797601725,140920100
2018-01-22,250.92462158203125,250.92462158203125,248.63451649747523,248.6877993237784,91322400
2018-01-23,251.4571533203125,251.7500598175167,250.64052036264903,250.96893970715138,97084700
2018-01-24,251.3594512939453,252.70866834745559,250.1700284782815,252.1050584132408,134816100
2018-01-25,251.46600341796875,252.3270070917812,250.66714045290968,252.2293806251957,84587300
2018-01-26,254.37747192382812,254.42186976032394,252.05188128390088,252.30930205279654,107743100
2018-01-29,252.69094848632812,254.24430373161474,252.53118130516359,253.80048794724712,90118300
2018-01-30,250.09918212890625,252.7443079528812,249.61985330030518,250.84478970207633,131796400
2018-01-31,250.22341918945312,251.46609839203347,249.14050722255277,250.9601688123802,108364800
2018-02-01,249.9393310546875,251.25303576921453,249.14046791395475,249.48665729168235,90102500
2018-02-02,244.49819946289062,248.7410785450469,244.46268660479288,248.60791209927382,173174800
2018-02-05,234.27256774902344,244.85314680715493,233.72224057088496,242.7228366934345,294681800
2018-02-06,238.88827514648438,239.3942316137418,229.63028490049612,230.73093931625817,355026800
2018-02-07,237.5924072265625,241.75537529660429,237.51249652968633,238.32912967501693,167376100
2018-02-08,228.68048095703125,238.0361234585338,228.64496811643923,237.8940991845262,246449500
2018-02-09,232.11563110351562,233.98852051650647,224.49975140988434,231.49427823462375,283565300
2018-02-12,235.524169921875,237.00652664062858,232.25769207366454,234.18383751239585,143736000
2018-02-13,236.1100311279297,236.66035844529173,233.72229969870173,234.30813986864607,81223600
2018-02-14,239.2965850830078,239.66051726723967,234.6010066229186,234.60989160664974,120735700
2018-02-15,242.35006713867188,242.35895212340654,238.568747659763,241.0541325207104,111200300
2018-02-16,242.4210662841797,244.3827517290862,241.6754589507674,241.7198567861702,160420100
2018-02-20,240.90322875976562,242.91816997835102,240.1043656779563,241.46244104354273,86369700
2018-02-21,239.70492553710938,243.85017742214396,239.60729905424253,241.34704957092484,98883700
2018-02-22,240.01560974121094,242.36782836263103,239.34102805952472,240.636962775565,110511300
2018-02-23,243.8412628173828,243.8412628173828,240.77006514716058,241.24939378325593,92766400
2018-02-26,246.67283630371094,246.77048987361152,244.32950277489323,244.92420082582166,86491400
2018-02-27,243.59280395507812,247.5782894121175,243.5306632238936,246.85928268682068,99099200
2018-02-28,241.12513732910156,245.15499268881393,240.80560293086023,244.70229186960327,121907800
2018-03-01,237.61900329589844,242.47434949993828,236.11001865710352,240.91210912926758,176855100
2018-03-02,238.84388732910156,239.4119845277363,235.06259531810483,235.9324569070119,139083200
2018-03-05,241.60446166992188,242.22581466204204,237.53909353183624,237.64563208436954,97307400
2018-03-06,242.2168426513672,242.66954329978626,240.70785854887595,242.58963264200526,79213200
2018-03-07,242.1281280517578,242.48317524664492,239.83805061962624,240.03333064006884,87063500
2018-03-08,243.29978942871094,243.42404374758382,241.80857507206116,242.81157587103792,66901200
2018-03-09,247.53375244140625,247.53375244140625,244.40041483157933,244.71997620636753,113625300
2018-03-12,247.2230987548828,248.45691945808744,246.83253875446997,247.826708720842,71924800
2018-03-13,245.62542724609375,248.9007901479848,245.01295925056175,248.3948336145683,91968900
2018-03-14,244.36497497558594,246.7793340736711,243.80578980732676,246.59293901758468,105895100
2018-03-15,244.0986785888672,245.52775239564477,243.59272209931163,244.87979869449003,83433000
2018-03-16,244.36341857910156,245.42393299104094,244.3099495496644,244.63076372628737,100343700
2018-03-19,241.05706787109375,244.54161093065997,239.39055318974863,243.60587582839545,109208400
2018-03-20,241.46697998046875,242.10863531360303,240.7807490066357,241.45805941295856,59757300
2018-03-21,241.00357055664062,243.53453707787264,240.7896944890831,241.42242932017737,78709600
2018-03-22,234.97923278808594,239.61338777603902,234.7029398621875,238.75785607311673,148785900
2018-03-23,229.970703125,235.7545229514901,229.77464097500274,235.42478824396247,183534800
2018-03-26,236.262451171875,236.54763739265283,231.1827041989379,233.6067326818395,141956100
2018-03-27,232.2432098388672,237.74181537280737,230.6747128789932,237.20712522453573,129941400
2018-03-28,231.55699157714844,234.06125082816723,230.4430083787891,232.37689517775732,146452300
2018-03-29,234.51571655273438,236.39613416613477,231.56589148244854,232.70660908790484,111601600
2018-04-02,229.4537811279297,234.49789980316,226.95845629649486,233.98099642120295,186286300
2018-04-03,232.39474487304688,232.8759933038999,228.89238768579693,230.7014955903977,119956900
2018-04-04,234.88116455078125,235.59410303226358,228.6785127319338,228.8121852976043,123715300
2018-04-05,236.73480224609375,237.6259887736935,235.55842950241697,236.6545715253778,82652600
2018-04-06,231.458984375,236.26246599698698,229.9261423382044,234.75638566712,179521200
2018-04-09,232.59970092773438,236.02185418350814,231.65504531427447,232.92943561586668,105442900
2018-04-10,236.2981414794922,237.09131067487752,234.36428162463446,235.51389285385332,103529000
2018-04-11,235.05941772460938,236.73485310795655,234.72968299005151,234.8009659609585,91140200
2018-04-12,236.9932403564453,237.94681652294,236.21791238444055,236.3961605789305,68890500
2018-04-13,236.2981414794922,238.4280906876186,235.28220281217563,238.31223206835028,85079200
2018-04-16,238.24090576171875,239.01626096193473,237.11802912096258,237.94682614545948,63405300
2018-04-17,240.7897186279297,241.39571901132996,239.5064077002245,240.02328398092294,64682000
2018-04-18,240.96795654296875,241.77891241140856,240.50452210745283,241.23530164279984,57303900
2018-04-19,239.63121032714844,240.5134764774386,238.58850989755615,240.30849374085608,77655900
2018-04-20,237.59930419921875,239.78272277936912,236.70811738231873,239.55992607514412,99953100
2018-04-23,237.56365966796875,238.7400327111241,236.47641073963334,238.17858070430626,65558000
2018-04-24,234.36427307128906,238.82020628446915,232.84924490006463,238.59740962381017,112885500
2018-04-25,234.9435272216797,235.3891205207545,232.466029566698,234.3018717831377,103840900
2018-04-26,237.33187866210938,238.16959616205725,235.53169169246289,235.97728495001584,67731900
2018-04-27,237.55470275878906,238.24982723307318,236.61004711929678,237.94682704652445,57053600
2018-04-30,235.727783203125,238.7399983512289,235.65647304278758,238.17854642521624,82182300
2018-05-01,236.14659118652344,236.25352920715895,233.58886327434968,235.15736010194163,74203400
2018-05-02,234.56033325195312,236.77045870115245,234.1682089567356,235.95058222704876,86368900
2018-05-03,234.0434112548828,234.70288060972436,230.8618686918642,233.72259714610226,136311500
2018-05-04,237.07345581054688,237.75968691668257,232.73338130527054,233.0631160044933,91222100
2018-05-07,237.87551879882812,238.85580221711055,237.15363269374905,237.8487842909996,55304900
2018-05-08,237.87551879882812,238.24088134019996,236.29810124638166,237.50120849237433,67499200
2018-05-09,240.1748046875,240.50453939995208,238.027041574909,238.55283844028642,59666100
2018-05-10,242.42062377929688,242.75038574098014,240.81649841649246,240.92343648109772,72063900
2018-05-11,243.16026306152344,243.42760815597748,242.02843870233738,242.54534214742318,59871500
2018-05-14,243.27613830566406,244.2564218502742,242.72357974457643,243.5969524409493,54790600
2018-05-15,241.60073852539062,242.0552252837336,240.64716215527386,242.03741133922313,87036100
2018-05-16,242.61668395996094,243.08011849857397,241.60963853180576,241.63640024459892,53942600
2018-05-17,242.41168212890625,243.49893089730557,241.62743354883364,242.3492925380238,56536400
2018-05-18,241.8056182861328,242.42945970767047,241.44914912961988,242.06406998326736,64368000
2018-05-21,243.6237030029297,244.16734103045675,242.91076452408663,243.3028888465082,58025900
2018-05-22,242.9463348388672,244.40789373006524,242.6166001906185,244.14944203406495,52966400
2018-05-23,243.61477661132812,243.64153832058338,241.5026685414472,241.66310281268372,64694200
2018-05-24,243.11570739746094,243.49001775731907,241.31552015417327,243.21375207139022,76043800
2018-05-25,242.536376953125,243.16911169148335,242.02839417027272,242.53637695312497,56374800
2018-05-29,239.74703979492188,241.6631129857958,238.62416303015138,240.8966782700742,115908600
2018-05-30,242.9463348388672,243.3919280817661,240.9946614560748,241.06594440832322,69678400
2018-05-31,241.45809936523438,242.83942771526452,240.85209900501837,242.53642753515652,93519900
2018-06-01,243.8286895751953,244.13168979331982,242.69686504620597,242.76817521332944,71258400
2018-06-04,244.98724365234375,245.2456954371146,244.41689824789998,244.65750889084092,45385200
2018-06-05,245.1653289794922,245.54853251812466,244.34542570914775,245.12075335140003,51135000
2018-06-06,247.21522521972656,247.32216328956605,245.156585784724,245.78042745460652,62732200
2018-06-07,247.1884307861328,247.99941388165982,246.27050964668706,247.70533426088335,72969400
2018-06-08,247.91917419433594,247.97264320849786,246.5556599395003,246.72498754996417,72139700
2018-06-11,248.24900817871094,248.9708673555864,248.02621146493792,248.1420701075982,58892500
2018-06-12,248.5697784423828,248.93514101515444,247.91920243350455,248.6677959138931,72329000
2018-06-13,247.7765655517578,249.0687967722871,247.5715828790902,248.81034508881086,79070600
2018-06-14,248.4004364013672,248.9351265728692,247.8033294473831,248.64996754701983,77097600
2018-06-15,248.08358764648438,248.4237636396655,246.49015324604454,247.6091388452013,120041600
2018-06-18,247.57327270507812,247.69861217950077,246.1320326630901,246.615414672775,52917600
2018-06-19,246.62440490722656,246.84820200786834,244.86088266141016,245.28162230337597,97531500
2018-06-20,247.0451202392578,247.71651147511633,246.7049443087195,247.31366580600948,53785500
2018-06-21,245.49644470214844,247.0540910102138,244.99514141097214,247.03616975904148,71061400
2018-06-22,245.9439697265625,246.88393362246703,245.72017270167657,246.7675547984907,54898500
2018-06-25,242.59608459472656,244.94147410427263,240.8952319008484,244.78034673010194,137854200
2018-06-26,243.13320922851562,243.9925825645241,242.40810870766697,243.16902441888683,68547400
2018-06-27,241.11904907226562,245.16529161207387,240.9668549935728,243.7240511138656,105110700
2018-06-28,242.49757385253906,243.26742268426244,240.34910005828593,241.06526709603003,76650500
2018-06-29,242.8466796875,244.977232201625,242.7303008380594,243.5986345773714,97592500
2018-07-02,243.36590576171875,243.52706043644355,241.02051652041106,241.2622348730073,63554800
2018-07-03,242.50656127929688,244.3685686739996,242.0768882797387,244.27008373227739,42187100
2018-07-05,244.48489379882812,244.5475635441497,242.56024417910268,243.64344182600783,56925900
2018-07-06,246.55279541015625,246.9287592307763,244.1268152329508,244.5117669984178,66493700
2018-07-09,248.77281188964844,248.82652099970852,247.51955378995055,247.5643022753414,50550400
2018-07-10,249.6680450439453,249.7665299760832,248.93398398249045,249.22941145992152,51966800
2018-07-11,247.8418426513672,248.8981857059338,247.53748187936714,248.10145493180133,77054700
2018-07-12,250.08880615234375,250.14251527666997,248.50433234675026,249.11305396843744,60124700
2018-07-13,250.2856903076172,250.59005104743483,249.4531717558531,249.90972652506886,48216000
2018-07-16,250.06185913085938,250.4736380381019,249.61426504764694,250.33043197217174,48201000
2018-07-17,251.07350158691406,251.4673866840362,249.22941559538006,249.28312471598915,52315500
2018-07-18,251.6016082763672,251.70902649572227,250.70642002310493,251.15401414973607,44593500
2018-07-19,250.6527557373047,251.3151864211075,250.16934634478199,250.93026195992383,61412100
2018-07-20,250.36631774902344,251.0824849536458,250.20519037260297,250.44688143723366,82337700
2018-07-23,250.8317108154297,251.0375865895823,249.81118329164448,250.16031975577272,47047600
2018-07-24,252.09393310546875,252.9443728136692,251.21666616329935,252.25508774211102,68026900
2018-07-25,254.24237060546875,254.56462519515742,251.79849735777648,251.8432458333538,78882900
2018-07-26,253.6426239013672,254.3319089875788,253.41882684908052,253.51731175795422,57919500
2018-07-27,251.9239501953125,254.07239705054033,250.99294654108635,253.97391211338004,76768700
2018-07-30,250.60806274414062,252.1656821862429,250.07987742258868,252.00455479271267,63742500
2018-07-31,251.8433380126953,252.46102018798672,250.99292543265787,251.3778498842216,68570500
2018-08-01,251.422607421875,252.55951420346543,250.7691373571008,252.04925024569567,53853300
2018-08-02,252.7923126220703,252.96237331638193,249.90084371498057,250.106746920286,63426400
2018-08-03,253.87545776367188,253.92916688682024,252.73855091273475,252.9175995358855,53935400
2018-08-06,254.80636596679688,255.11965996145878,253.51729285621812,253.91117782439352,39400900
2018-08-07,255.64793395996094,256.03288579869695,255.34357313139253,255.47787326901414,43196600
2018-08-08,255.5404510498047,255.943296722771,255.07496295664905,255.47780862961537,42114600
2018-08-09,255.1912841796875,255.99694802469702,255.05701142534812,255.603063065986,35717000
2018-08-10,253.48158264160156,254.28724683957518,252.76541543974747,253.74119495971024,77076000
2018-08-13,252.53260803222656,254.3766936215789,252.23718061432405,253.75901155030314,65732900
2018-08-14,254.1439666748047,254.3856850130466,252.87281451856643,253.26669957742402,43842000
2018-08-15,252.24610900878906,252.92646072650535,250.7959086159505,252.7832273480928,102925400
2018-08-16,254.2871856689453,255.16448003555752,253.66054293293965,253.6963581141631,69967900
2018-08-17,255.18235778808594,255.6299519085757,253.6694874753125,254.08126641684947,65618500
2018-08-20,255.72842407226562,255.99696960358096,255.18234506662344,255.63889978883526,39807500
2018-08-21,256.3282165527344,257.19655030329926,255.76424354827753,256.2476528833804,67272000
2018-08-22,256.17608642578125,256.70424432407384,255.64790120850563,255.91647413035503,44993300
2018-08-23,255.83590698242188,256.86536820476925,255.51362494436674,255.99703434195814,49204900
2018-08-24,257.37554931640625,257.5187826962166,256.36398235329017,256.4176914558473,57487400
2018-08-27,259.4076843261719,259.51510255935284,258.4229716570447,258.58409900681613,57072400
2018-08-28,259.53302001953125,259.980614197234,259.06750459057275,259.87316864664166,46943500
2018-08-29,260.9294738769531,261.1622042387445,259.506127876285,259.7478188624064,61485500
2018-08-30,259.873291015625,260.82218893365297,259.2735298337172,260.44622494597803,61229500
2018-08-31,259.8822021484375,260.32979645165466,258.9691196047102,259.46146241065384,66140800
2018-09-04,259.43450927734375,259.7925791200771,258.4229421653631,259.4613638325743,57594400
2018-09-05,258.736328125,259.282407309673,257.7158274524572,259.07650412217583,72452400
2018-09-06,257.95745849609375,259.1480468902342,256.9190368111927,258.8436861527771,65909900
2018-09-07,257.45623779296875,258.44095068222543,256.65950685380153,256.9012252514751,73524800
2018-09-10,257.90374755859375,258.74522672283155,257.7068050452832,258.4766538488746,50210900
2018-09-11,258.7541809082031,259.2017750819374,256.9011617913682,257.25027104101116,50530500
2018-09-12,258.8169250488281,259.4256467435352,258.0202213964297,258.7632159180592,59810800
2018-09-13,260.3475646972656,260.5355738835205,259.60457053298575,259.8910373053003,51034200
2018-09-14,260.3924255371094,260.7415348332137,259.6046553154595,260.55355290454213,55079900
2018-09-17,259.0137634277344,260.37443972476524,258.73625725741215,260.33865186464294,68244000
2018-09-18,260.41925048828125,261.0190113940819,259.201780106255,259.2286346644404,61930400
2018-09-19,260.6966857910156,261.117425300807,260.3475493105836,260.4728887606792,49080600
2018-09-20,262.8093566894531,263.1316386681109,260.71461944459895,261.9679048606289,100360600
2018-09-21,262.5693359375,263.67541209996284,262.4074791652334,263.5585063946635,105479700
2018-09-24,261.69708251953125,262.12872804025693,261.1125814103739,261.98484620001506,53409600
2018-09-25,261.4542236328125,262.2635347436623,261.21143853235174,262.1556302545687,44370000
2018-09-26,260.6719055175781,262.79410045418325,260.2492612795052,261.59812236578273,79739700
2018-09-27,261.4002685546875,262.49734325299306,260.8697198606299,261.1484822686492,59249500
2018-09-28,261.4272155761719,261.93078809219384,260.73481022730266,260.77076009084425,70091400
2018-10-01,262.3355712890625,263.41464395962794,261.66114057896317,262.6772597970152,62078900
2018-10-02,262.1827392578125,262.9021211781365,261.80507335457384,262.1827392578125,47258200
2018-10-03,262.32659912109375,263.6664594984133,261.96690819110995,263.2438151089512,64694600
2018-10-04,260.2762451171875,261.89486749163115,258.67559767840663,261.840915241993,111545900
2018-10-05,258.81939697265625,261.0225196441946,257.3806067415171,260.5009722497602,105951700
2018-10-08,258.81939697265625,259.17908766978076,256.73315250963657,258.1269642519844,87742200
2018-10-09,258.4417419433594,259.7546255302975,257.875215976746,258.43276819839315,74339000
2018-10-10,250.25868225097656,258.0011591467142,249.88101651517414,257.9292045209858,214731000
2018-10-11,244.74636840820312,250.798241127172,243.1187173941153,249.1616163665345,274840500
2018-10-12,248.14552307128906,249.17064336819573,244.92622546641368,248.88287971049627,183186500
2018-10-15,246.75167846679688,249.1256874324262,246.66174889519232,247.78579993361853,102263700
2018-10-16,252.1471405029297,252.5248337521498,248.25343951727305,248.73003609208996,118255800
2018-10-17,252.1920623779297,252.82151439506725,249.59324361248838,252.18306118938625,110626000
2018-10-18,248.5501251220703,251.8503505808476,247.2642175014566,251.24784723434166,134557500
2018-10-19,248.41526794433594,251.15794137353876,247.71386122666974,249.2066042294262,139901600
2018-10-22,247.30023193359375,249.41342595128026,246.76068194162275,249.0897124216892,82415800
2018-10-23,246.04124450683594,247.17429661539404,241.54504082862047,243.6492882995568,146352700
2018-10-24,238.58657836914062,246.17617300329732,238.02905345759265,245.7894785984626,177806700
2018-10-25,242.8668975830078,244.42259375422933,239.40484310724318,240.43896434452273,138061500
2018-10-26,238.59552001953125,243.6942268026771,235.86184808273913,239.12609617575364,201574600
2018-10-29,237.27365112304688,243.01981268803138,233.66771437654089,241.7159026234686,160749100
2018-10-30,240.78961181640625,241.10435147079895,236.60814910130728,237.1027478275362,157116000
2018-10-31,243.36151123046875,245.6995425024779,242.90288969898504,243.3794861648346,128296300
2018-11-01,245.9513702392578,246.1492043212083,243.13674202713872,244.2338169465635,99495000
2018-11-02,244.4945831298828,247.49804397173762,242.4263129186528,247.0663985280761,122634100
2018-11-05,245.84344482421875,246.40096970521915,244.0089859878221,244.98915512420186,65622500
2018-11-06,247.39906311035156,247.56091982794868,245.7174876224774,245.78044104909114,60085900
2018-11-07,252.69564819335938,252.77657656654176,249.16161124183165,249.59325667478717,102752100
2018-11-08,252.23707580566406,252.8845303599837,251.0860485360574,251.88635867752413,65584900
2018-11-09,249.77308654785156,251.1039451189689,248.35227098242285,250.91511227032453,98812600
2018-11-12,245.10601806640625,249.50329035064982,244.58444314810293,249.26050526687473,99673600
2018-11-13,244.64743041992188,247.58793772299904,243.9190476251904,245.5736472726452,98176600
2018-11-14,242.97482299804688,246.94044992554535,241.40115193573476,246.53580811796667,125335900
2018-11-15,245.5106201171875,245.97824271892983,240.106203622227,241.69784935453063,135101400
2018-11-16,246.14907836914062,247.06629367467949,243.8829750549505,244.4045498416863,126668000
2018-11-19,241.9856719970703,245.8344210021387,241.0594551962114,245.53765621044397,103061700
2018-11-20,237.50746154785156,240.09727928830213,236.63519692613937,238.6225112917373,136021300
2018-11-21,238.31675720214844,240.2321442579921,238.307783456271,239.07211608678506,75563700
2018-11-23,236.72511291503906,238.13692739216393,236.5632561762045,236.66215948016512,42807900
2018-11-26,240.546875,240.7716851635514,238.60451189379827,239.0001799770605,79981400
2018-11-27,241.35618591308594,241.35618591308594,238.89227530412032,239.5037523622707,75502400
2018-11-28,246.91354370117188,246.9135437011719,241.29328831622172,242.43534177374167,127629600
2018-11-29,246.37396240234375,247.78574936205422,244.980122933578,246.13114986430278,82346400
2018-11-30,247.87564086914062,248.44216678075185,245.89732821451253,246.22104162535183,98204200
2018-12-03,251.15794372558594,252.14711409121216,249.54832245702045,252.03920958635317,103176300
2018-12-04,243.019775390625,250.75325014227855,242.70503568789894,250.32160476917034,177986000
2018-12-06,242.65115356445312,242.768059268617,235.99677660136052,239.12614471472244,204185400
2018-12-07,237.01290893554688,243.89209570323771,236.16762037139642,242.3094230822493,161018900
2018-12-10,237.4625244140625,238.4426935920025,232.56165108171112,236.83304487760682,151445900
2018-12-11,237.51644897460938,240.87960038962026,236.03270731755444,240.69076752776007,121504400
2018-12-12,238.71243286132812,241.89575268092207,238.63150448998024,240.51991548271053,97976700
2018-12-13,238.63150024414062,240.53788613792375,237.5074493687828,239.66562156094014,96662700
2018-12-14,234.22523498535156,237.42652980164928,233.66771012132713,236.46433563043328,116961100
2018-12-17,229.63011169433594,234.38708908411326,227.98449952382558,233.26303817977487,165492300
2018-12-18,229.3782958984375,231.95912577348335,227.75966006003236,231.28469531759146,134515100
2018-12-19,225.9431610107422,233.26297806451768,224.22562209975445,229.45919462649763,214992800
2018-12-20,222.2653350830078,226.26695368618212,219.9992445454083,224.68429490192807,252053400
2018-12-21,217.7112579345703,225.86074104610844,217.060022481886,223.17439825414934,255345600
2018-12-24,211.95860290527344,217.83779954440692,211.89529565668263,216.20971156097238,147311600
2018-12-26,222.66781616210938,222.66781616210938,211.43402807495698,213.43296130804268,218485400
2018-12-27,224.37730407714844,224.57627959055898,216.1373826165088,219.40259880852068,186267300
2018-12-28,224.08787536621094,227.38926538583888,222.9120330984491,225.7430972521335,153100200
2018-12-31,226.05056762695312,226.29478425426854,223.834565686764,225.72495005768198,144299400
2019-01-02,226.28579711914062,227.21743655664847,222.45979990497813,222.4869335602844,126925200
2019-01-03,220.885986328125,224.82957180264293,220.3975529437779,224.52203404894396,144140700
2019-01-04,228.2847442626953,228.9359796323,223.563294733788,223.9431797324819,142628800
2019-01-07,230.0846405029297,231.50468552625318,227.6515552257748,228.55604707295802,103139100
2019-01-08,232.24635314941406,232.7347864577979,229.74092076161668,232.29159430185493,102512600
2019-01-09,233.33181762695312,234.18204237087383,231.7218228656174,232.96097257031477,95006600
2019-01-10,234.15484619140625,234.40810279625575,231.09765943100186,231.7850820454075,96823900
2019-01-11,234.24533081054688,234.27246446442828,232.48156049954494,233.06947473557784,73858100
2019-01-14,232.8162078857422,233.6302450693797,231.92076974403113,232.32777453439888,70908200
2019-01-15,235.48452758789062,235.80110534862433,233.1871098876878,233.1961636417658,85208300
2019-01-16,236.05430603027344,236.94974417846316,235.7105946917636,235.9186101629337,77636700
2019-01-17,237.84524536132812,238.71357768966143,235.13176894183303,235.17701011057034,96118400
2019-01-18,241.01089477539062,241.4812482113524,237.88136064927335,239.67226448017922,127900300
2019-01-22,237.7547149658203,239.744608081368,236.12664067339094,239.52753886981762,115531200
2019-01-23,238.25222778320312,239.5004310902557,235.76487492152418,238.79492847360473,86030300
2019-01-24,238.3788299560547,238.96677177523173,237.04922575474296,238.07130602143255,59204100
2019-01-25,240.3959197998047,241.22806471365894,238.47840087999091,240.24214399076624,96883400
2019-01-28,238.56883239746094,238.6321258628729,236.78698195143488,238.23417475478564,85613700
2019-01-29,238.25222778320312,239.2833342523528,237.41105689467767,238.71352751048005,66136300
2019-01-30,242.02394104003906,242.87416567145019,239.0119950266085,239.78081869580836,92473700
2019-01-31,244.14950561523438,244.6379389974004,241.7435537141473,241.96065055227874,104012100
2019-02-01,244.26712036132812,245.29825454580927,243.47116294234058,244.3485213333282,85782500
2019-02-04,245.9856414794922,246.04896254544778,243.6339567121777,244.31232572565847,60744800
2019-02-05,247.0167999267578,247.32432393076945,245.9133184521708,246.4198318238263,79552800
2019-02-06,246.69114685058594,247.23384758789413,245.94948436593444,246.73638801372354,58347800
2019-02-07,244.33949279785156,245.61480228297802,242.66617700420946,245.0630753882828,95482000
2019-02-08,244.6378631591797,244.73734399351852,242.24999190030513,243.0821363822177,75788900
2019-02-11,244.77362060546875,245.56052422894584,244.23997363785676,245.298241423057,68021400
2019-02-12,247.92124938964844,248.3011205515955,246.32933472231733,246.4017095360526,72270200
2019-02-13,248.72622680664062,249.57645142841952,248.33730190173623,248.76241421262569,65277200
2019-02-14,248.1745147705078,249.314183502286,246.80872304292635,247.63181405999893,83234400
2019-02-15,250.8789520263672,250.9151394366812,249.75739073279072,249.96540623555683,97088700
2019-02-19,251.31312561035156,251.97338715149303,250.06492214503314,250.0739758986073,59120800
2019-02-20,251.819580078125,252.28087975603202,250.77036621641335,251.27687944580506,76610800
2019-02-21,250.92413330078125,251.53918111479103,249.95632042694538,251.17738990672055,64214700
2019-02-22,252.47987365722656,252.67883536969634,250.90603903460044,251.54822053302016,78114600
2019-02-25,252.82359313964844,254.4426415435738,252.74219217224282,253.91804833043594,69030700
2019-02-26,252.6426544189453,253.52903871083865,252.2627557203489,252.47079876992538,56844100
2019-02-27,252.53414916992188,252.88688665692212,250.97842199996958,251.91907370057166,56921600
2019-02-28,252.06378173828125,252.76025812754622,251.73817792218387,252.31703835176833,69268300
2019-03-01,253.6376190185547,254.05367754450924,252.19042652487258,253.65569891867415,78880500
2019-03-04,252.715087890625,254.94918448767504,250.39959031670773,254.70498155707344,106494600
2019-03-05,252.3712921142578,253.04063481626983,251.81956536561597,252.8416455161418,59114600
2019-03-06,250.84274291992188,252.49797866301785,250.5171390639775,252.48892491049583,75039800
2019-03-07,248.74432373046875,250.53520000845765,247.89409914485506,250.39047799357638,94885100
2019-03-08,248.246826171875,248.41868183212605,246.4016826663913,246.8720084927674,85795800
2019-03-11,251.8467254638672,252.00952738027834,248.94331420959332,248.9704478623285,65098900
2019-03-12,252.79638671875,253.32100738378585,252.21752636062797,252.40746189656988,79667500
2019-03-13,254.46975708007812,255.41043641907132,253.5290777410849,253.6919072672072,80639200
2019-03-14,254.30703735351562,254.92208544196222,253.86384499609267,254.49697299199516,67518400
2019-03-15,255.5633544921875,256.38097726138943,254.67303812491,254.86383802649513,81309000
2019-03-18,256.4899597167969,256.78977225568997,255.55423075432415,255.7813497037057,62199800
2019-03-19,256.55364990234375,258.33425532885104,255.65426741832826,257.56207280897434,90268100
2019-03-20,255.7813720703125,257.5529111201919,254.66396448531233,256.3355567719939,84609200
2019-03-21,258.67041015625,259.0792077669073,254.9093057912604,254.9547462309937,79550400
2019-03-22,253.69190979003906,257.8254642850063,253.62830981947383,257.2985604312171,122659300
2019-03-25,253.501220703125,254.54596284630406,252.22935949732022,253.34676754176175,85575200
2019-03-26,255.3908233642578,256.3538059124771,253.9736027187843,255.2727170230528,68125900
2019-03-27,254.05531311035156,255.9722119267369,252.49273324904942,255.38168033493164,72224700
2019-03-28,255.01829528808594,255.47253329715392,253.52840903507666,254.69125722931116,56238500
2019-03-29,256.6263732910156,256.9534114233309,255.4090184799074,256.5446137579368,82186800
2019-04-01,259.669677734375,259.96949033414535,258.3705637340014,258.6431231632914,77617900
2019-04-02,259.7969055175781,260.033118170043,258.99744213184135,259.8605054970094,40070400
2019-04-03,260.2057189941406,261.4230735580818,259.59702784992584,261.0233418834159,68243200
2019-04-04,260.8961181640625,261.15049032254257,259.8332168221759,260.5327333268747,48997500
2019-04-05,262.1589050292969,262.2134113669832,261.2776822707206,261.5684012213713,58621700
2019-04-08,262.35882568359375,262.46783838175355,261.06877739822386,261.73197494468394,53566300
2019-04-09,261.01409912109375,261.71361528984704,260.45994236230337,261.38657741078504,66142300
2019-04-10,261.904541015625,261.99539415608666,261.0142245982784,261.4321157750188,52601500
2019-04-11,261.8319091796875,262.40425360267756,261.25956475669744,262.39515996914037,55093100
2019-04-12,263.6033630371094,263.88498834020857,261.8772644206836,263.45800357027053,69727800
2019-04-15,263.4307556152344,263.77598089024684,262.62219876328584,263.67603412535607,49596700
2019-04-16,263.6033630371094,264.3755730752293,263.0037656330804,264.32106674072514,52153200
2019-04-17,262.9583740234375,264.75713865533623,262.5404551260694,264.7298854858979,58268300
2019-04-18,263.4761657714844,263.7487251712449,262.2406518775845,263.5488593678807,68708500
2019-04-22,263.70330810546875,263.85776121813205,262.6131535832943,262.70400672459704,40160100
2019-04-23,266.074462890625,266.3106755291855,263.8396196298591,264.0758045439315,52246600
2019-04-24,265.4839782714844,266.3288543829297,265.33861876986634,265.99272266490243,50392900
2019-04-25,265.3203430175781,265.98354032418604,264.1211760470203,265.38394297666673,57770900
2019-04-26,266.555908203125,266.628574073914,264.58450336749155,265.36580703201105,50916400
2019-04-29,266.9737854003906,267.50071690291014,266.55589428508614,266.6467474121911,57197700
2019-04-30,267.1100769042969,267.40079584918476,265.20229967412075,266.6285857812883,81111700
2019-05-01,265.1023254394531,267.9549528071895,265.0932318094662,267.7459933888613,71671900
2019-05-02,264.52996826171875,265.9108691768667,263.02189515540107,264.9842061470742,65030200
2019-05-03,267.1192321777344,267.4008575566832,264.63908239188845,266.0199838365313,56543700
2019-05-06,266.0198974609375,266.4650417429024,262.4586600317724,262.77663211509673,107198100
2019-05-07,261.5775146484375,264.1939302306438,259.65154976833844,263.59433268268066,144729900
2019-05-08,261.214111328125,262.9402102371296,260.6145138224625,261.214111328125,91568300
2019-05-09,260.4237365722656,261.0323999737638,257.37124275936833,259.12462253075154,103471100
2019-05-10,261.73193359375,262.4950500847951,256.46275631107704,259.47890319793606,112429300
2019-05-13,255.15455627441406,257.54385259241246,254.30968024755538,256.5718043421764,127290500
2019-05-14,257.46209716796875,259.006517483635,256.0539704341755,256.1811426595724,77003200
2019-05-15,258.9700927734375,259.6151027873457,255.60872143854587,255.8176808399998,73956400
2019-05-16,261.36859130859375,262.74037139973683,259.606145414498,259.67881130545953,76749600
2019-05-17,259.6787109375,262.18611293615237,259.0246072736985,259.04279453277763,100353000
2019-05-20,257.9617919921875,259.78781004608084,257.2077413259592,258.06171105245244,62877600
2019-05-21,260.2874450683594,260.66898942957164,259.41528822233295,259.66966037130277,46847100
2019-05-22,259.4880065917969,260.45098894228386,259.0065154165534,259.3244875642397,49482500
2019-05-23,256.31744384765625,257.2894921421746,254.89112980756062,257.2440794298612,98733800
2019-05-24,256.8988342285156,258.1888823074058,256.2719835899369,257.7709633986957,55268100
2019-05-28,254.50955200195312,258.14345608971826,254.49139246232997,257.1804737244195,70029400
2019-05-29,252.80160522460938,253.79184073252165,251.38438488993793,253.38304316933977,104972900
2019-05-30,253.49212646484375,254.40969634750374,252.38378433289128,253.56479236593307,62523800
2019-05-31,250.07618713378906,251.75687333644825,250.04893396183192,250.921090913437,86862800
2019-06-03,249.44029235839844,251.23905731383556,248.09573773380174,250.11255580845148,96428000
2019-06-04,254.85475158691406,254.99101743154537,251.30260737293722,251.75684533803167,77231900
2019-06-05,257.0623474121094,257.08960058166844,254.66398531745557,256.49000312688355,71169700
2019-06-06,258.7339172363281,259.41527414027684,256.70803378559,257.3621375223601,69430400
2019-06-07,261.3230895996094,262.41327177987216,259.58789728700805,259.7605099276244,74272200
2019-06-10,262.5222473144531,264.20293305272617,262.43139419153664,262.8856320816385,60799100
2019-06-11,262.4587097167969,264.7298997069465,261.8046058906543,264.35742122162355,58641300
2019-06-12,261.9953308105469,262.78570026494344,261.47749298715627,262.2224497445449,47096300
2019-06-13,263.0765075683594,263.43992020277284,262.20437823964835,262.9129885175682,48945200
2019-06-14,262.7857360839844,263.3943993843547,262.01352605823894,262.7857360839844,52324700
2019-06-17,262.8856201171875,263.657830040112,262.7130075088463,263.02188593312025,39205700
2019-06-18,265.6382751464844,266.7012038582805,264.3573211500026,264.72073359044765,85434800
2019-06-19,266.23797607421875,266.7739735907675,264.7935025517593,265.77464443936833,78674400
2019-06-20,268.78167724609375,269.19050250728395,266.3015556832951,268.94522398526107,116570000
2019-06-21,268.3909606933594,269.77855018867484,268.1718749465535,268.5096414259882,83309500
2019-06-24,268.0624084472656,268.9205038198457,267.90720409284063,268.6010129678361,47582700
2019-06-25,265.43316650390625,268.1444638008322,265.32362364089096,268.1170780850784,82028700
2019-06-26,265.1684875488281,266.8482102188574,265.05894465763754,266.3369914870803,51584900
2019-06-27,266.1087951660156,266.6200139502808,265.55194279217955,265.9353429507113,40355200
2019-06-28,267.4781188964844,267.98019978480966,266.5743621537659,267.0946909048064,59350900
2019-07-01,269.90643310546875,271.0566892689861,268.69226763079297,270.83757561063345,78705600
2019-07-02,270.60931396484375,270.66408540691026,269.0117485661345,269.86073377749517,61504500
2019-07-03,272.7728271484375,272.7911028658416,271.14787628101647,271.2939427236226,40898900
2019-07-05,272.46246337890625,272.6268055491546,270.2258887442719,271.5313210910251,51677300
2019-07-08,270.9654235839844,272.2799942391606,270.4176811677715,271.13887581344073,45841800
2019-07-09,271.3031005859375,271.60434349273766,269.742058895682,269.79683033328206,41101300
2019-07-10,272.5994567871094,273.5580128807196,271.8417664892654,272.38037098712243,58448500
2019-07-11,273.2384338378906,273.4849053084425,272.2251343774055,273.2475716973165,50826100
2019-07-12,274.4617919921875,274.5348391710146,273.4211064982572,273.7314873599324,40326000
2019-07-15,274.552978515625,274.8998828295956,274.0417599032446,274.8998828295956,33900000
2019-07-16,273.6675720214844,274.67176176324085,273.3571911666388,274.46178595290326,36650100
2019-07-17,271.80523681640625,273.80447827451997,271.80523681640625,273.6401639282092,36036300
2019-07-18,272.8002624511719,273.183690415123,270.8558204876486,271.30312989614964,51392600
2019-07-19,271.2848815917969,273.9322701750195,271.1114294011653,273.90488445330556,58678600
2019-07-22,271.9512939453125,272.49903627350756,271.16621796705414,271.686546712474,43638100
2019-07-23,273.895751953125,273.895751953125,272.2434150389452,273.08329028682545,44564500
2019-07-24,275.1830139160156,275.1830139160156,273.03770553939376,273.12900059231487,47213200
2019-07-25,273.8683166503906,274.78121103922524,273.0558272718514,274.72643960464126,55394100
2019-07-26,275.7032470703125,275.90408495298516,274.4343104799428,274.56212906861003,45084100
2019-07-29,275.201171875,275.7032805723585,274.64431959497995,275.58459982826776,38126500
2019-07-30,274.5256042480469,274.9364178705288,273.402734110102,273.78616201504025,45849000
2019-07-31,271.522216796875,274.96384704836197,269.48647979926574,274.77211913592566,104245200
2019-08-01,269.1578063964844,274.6625590222069,268.3544547928418,271.6774040880308,142646600
2019-08-02,267.1311340332031,268.500475526389,265.5609546733104,268.25400408697215,116749700
2019-08-05,259.0976867675781,263.1052785648425,257.1806030188023,262.9957356979396,178745400
2019-08-06,262.7310791015625,262.95019277022874,259.51769984091806,261.00572263440824,120711700
2019-08-07,262.8862609863281,263.6622269738322,257.47280265523733,259.62722055441037,140572300
2019-08-08,268.0440979003906,268.0440979003906,263.835667325353,264.39251963790326,87713900
2019-08-09,266.2182922363281,267.6971768833001,264.4198889393652,267.09466316428757,93730000
2019-08-12,262.9775695800781,266.20919659548616,262.0190134780837,264.70292598873374,65527600
2019-08-13,267.0672912597656,268.52792812148175,262.32936628456844,262.6762706734007,94299800
2019-08-14,259.1707458496094,263.58915193544345,259.0429551050447,262.9775282148914,135622100
2019-08-15,259.8554382324219,260.7592228165576,257.7923154132063,260.0654140164801,99556600
2019-08-16,263.6896057128906,264.1277772824949,259.9102087690635,261.5260500099744,83018300
2019-08-19,266.8664245605469,267.55109540381983,266.05396298004683,266.7386338233198,53571800
2019-08-20,264.8215026855469,266.8937627057789,264.6937119710986,266.3551584148637,51596400
2019-08-21,266.97601318359375,267.3502754201151,266.3095901554691,267.0033989047863,49524700
2019-08-22,266.8938903808594,268.32714179583434,265.1046245073849,267.6881321992616,51666400
2019-08-23,260.0380554199219,267.25905568878585,258.7782563028169,265.5793328190908,149161500
2019-08-26,262.91363525390625,262.91363525390625,260.7044181440142,262.2472121907437,72423800
2019-08-27,261.88201904296875,264.6937494710521,261.11519106967154,264.31945941396776,66668900
2019-08-28,263.7261047363281,263.89041905962733,260.40315539318857,261.21564486838327,59696700
2019-08-29,267.09466552734375,267.62415994843155,265.2962622144699,266.30958961519735,57899400
2019-08-30,266.97601318359375,268.6100743136311,266.0357329435438,268.59182645261274,62901200
2019-09-03,265.4149475097656,266.181775574078,264.07299143238635,265.2597710404388,69101400
2019-09-04,268.427490234375,268.4457380939053,266.84817281619104,267.6058908062732,46887300
2019-09-05,271.8782043457031,272.80020870280623,268.3909412124194,270.9379242714748,83258100
2019-09-06,272.088134765625,272.73630977684775,271.5130347588911,272.1977054833736,49584300
2019-09-09,272.22515869140625,273.17454893936065,271.2757405841219,273.08328177426,51260300
2019-09-10,272.16131591796875,272.22522523662576,270.18945991743504,271.4583691314153,57947100
2019-09-11,274.0966491699219,274.17880635444607,271.814412290905,272.47169762643534,68821100
2019-09-12,275.04608154296875,276.11415285560486,274.24272966308,275.009557950427,72908700
2019-09-13,274.8633728027344,275.8493143604403,274.4890827539133,275.4932721703447,62104800
2019-09-16,274.01446533203125,274.9091121309449,273.36631792205003,273.72233235369197,58191200
2019-09-17,274.708251953125,274.79951912455056,273.6401530259934,273.813605226633,41475500
2019-09-18,274.8725280761719,274.98207095411783,272.26163542803823,274.31564796750916,73375800
2019-09-19,274.85430908203125,276.2693125057397,274.5165425188795,275.26512281844134,76560500
2019-09-20,273.5556335449219,275.7475403908741,272.75775213672426,275.4632104755563,89565000
2019-09-23,273.49139404296875,274.21591885584405,272.6293083132131,272.8860980207161,43476800
2019-09-24,271.3453674316406,274.9862957370238,270.3732329409521,274.5919451015139,94869400
2019-09-25,272.95037841796875,273.399753534184,269.9330775239842,271.42797187545955,71854000
2019-09-26,272.3817443847656,273.17044576592366,270.9602346917558,272.95952832062886,56179700
2019-09-27,270.9143981933594,273.2530464339072,269.34614729444223,273.14296967939754,84746600
2019-09-30,272.1708068847656,272.8861517814512,271.3912855395453,271.43712985821077,51662400
2019-10-01,268.9333801269531,273.72069638429065,268.71328263998913,273.06037593541714,88242400
2019-10-02,264.1827697753906,267.34681125403097,262.8804889261988,267.3376311956055,122539500
2019-10-03,266.3471984863281,266.3747106771356,261.2113749610363,263.9535259341318,85278800
2019-10-04,269.95147705078125,270.2082668672456,266.9525078503682,267.0075602284592,65091200
2019-10-07,268.7867126464844,270.78603465577373,268.5024106520788,269.1443991486012,59610500
2019-10-08,264.61383056640625,267.65864344301133,264.57713831821036,266.915786347958,95708100
2019-10-09,267.126708984375,268.071331480854,266.0170133497895,266.6498217005166,62359400
2019-10-10,268.9333801269531,269.8229781207413,266.8790622806718,267.0441353958948,55296300
2019-10-11,271.7214660644531,273.97754979414754,271.59308516321244,271.71228600436876,98720400
2019-10-14,271.41876220703125,272.07908263970654,271.0702558692331,271.4004020915803,40394800
2019-10-15,274.10589599609375,274.8579330633324,272.3542121878591,272.47344098973616,46754500
2019-10-16,273.6657409667969,274.3627538351146,273.22554588195504,273.6382287739943,48928200
2019-10-17,274.4727783203125,275.3531964000832,273.7757655136682,274.8396168545515,45736600
2019-10-18,273.2713623046875,274.5828233410185,272.4092763675782,273.93168285251625,64304000
2019-10-21,275.1239013671875,275.3256667464193,274.16094677739005,274.6011697833461,39048600
2019-10-22,274.2252197265625,275.9585440188525,274.1335030789089,275.66506194155755,48594700
2019-10-23,275.0230712890625,275.07809567403524,273.7574544587129,273.96839992643396,34352200
2019-10-24,275.47235107421875,276.11433932732746,274.63777754036886,275.9675983555318,35453100
2019-10-25,276.6004333496094,277.1507050501606,274.83956950544183,274.8945938766988,45205400
2019-10-28,278.15948486328125,278.6639122160167,277.8018264745221,277.82933865827283,42147000
2019-10-29,278.0770568847656,279.0125274734946,277.7560626236918,277.8844715233175,44284900
2019-10-30,278.9299011230469,279.305891664112,276.95809186302625,278.2787327496346,49643900
2019-10-31,278.1870422363281,278.9207472354971,276.719688213958,278.9207472354971,69053800
2019-11-01,280.7641906738281,280.81003499853216,279.4802137262564,279.64531486876507,71141500
2019-11-04,281.8922424316406,282.4700265093974,281.516223778053,282.33246553564356,60606900
2019-11-05,281.58038330078125,282.39662492813596,281.2869012782726,282.0939628461783,42933200
2019-11-06,281.64459228515625,281.9197141932057,280.69078969060706,281.58038784394915,46487100
2019-11-07,282.635009765625,283.98316285551755,282.15812254565617,282.9926961715879,54272300
2019-11-08,283.3320617675781,283.38708614720866,281.58037771471186,282.2865425786272,49032100
2019-11-11,282.7909240722656,282.96517724209764,281.8004294239593,281.9380183386548,35797300
2019-11-12,283.3870544433594,284.294984593674,282.6075051684915,283.15777689122075,46484600
2019-11-13,283.478759765625,283.88229048034754,282.15811887889333,282.38739642189563,53917700
2019-11-14,283.8914489746094,283.9740135213822,282.55247592981027,283.19446425993715,51219900
2019-11-15,285.94580078125,285.9916450966482,284.5426232766785,285.23960800583666,62023600
2019-11-18,286.15673828125,286.39519590919787,285.24880806404,285.7073632021032,49228000
2019-11-19,286.07415771484375,286.77117037364957,285.4230173555795,286.7619903161452,67804700
2019-11-20,285.0103759765625,286.00087083681086,283.44212510048743,285.47811121545686,79406200
2019-11-21,284.5517883300781,285.23046894962187,283.74475481675614,285.120420197259,54664700
2019-11-22,285.1846008300781,285.4413905853551,284.1666218677963,285.3038296428825,44850200
2019-11-25,287.394775390625,287.394775390625,286.12000695934785,286.12000695934785,48647200
2019-11-26,288.04595947265625,288.22939270795825,287.11051714377334,287.4315113115607,37569000
2019-11-27,289.3299255371094,289.3299255371094,288.31191869807265,288.5320161819806,44444600
2019-11-29,288.2569580078125,289.00899522794373,288.0276804154301,288.76135751585883,36592700
2019-12-02,285.80828857421875,288.5779518104505,285.3772455816541,288.5137473675608,75767800
2019-12-03,283.8914489746094,283.9740135213822,281.6720579813927,283.066055398719,73941700
2019-12-04,285.6432189941406,286.24851526257015,284.5977276126645,284.9462340691534,49080000
2019-12-05,286.15673828125,286.3676837204335,284.8360972445894,286.34935159058534,40709000
2019-12-06,288.7704772949219,289.17400801231696,288.0734646034247,288.0826446613596,48927000
2019-12-09,287.862548828125,289.05478087128796,287.7891643401872,288.3761282917627,34838500
2019-12-10,287.5415954589844,288.4770379030368,286.88127491377514,287.8075652865232,52649800
2019-12-11,288.3578186035156,288.61460835531767,287.45904047821665,288.0001321699429,53429100
2019-12-12,290.8431701660156,291.6318715253752,288.1285317363364,288.3669613630356,96389600
2019-12-13,291.0174560546875,292.25556059532556,289.8251958352639,290.60474521181277,81503900
2019-12-16,293.0167236328125,293.61283969518865,290.9532255790603,292.75993388342044,82749700
2019-12-17,293.0809631347656,293.70459145962394,292.99842656129795,293.40195735690907,61097700
2019-12-18,293.0992431640625,293.70453924988004,293.044218791532,293.4752617016756,48133000
2019-12-19,294.3006896972656,294.37407419454354,293.0350730050811,293.29186276958336,85310500
2019-12-20,295.59088134765625,296.73367994362866,294.3559152236517,295.3420262094114,147142100
2019-12-23,296.0425109863281,296.43880047938666,295.8950485440211,296.3835055792197,52990000
2019-12-24,296.0517272949219,296.3189765958483,295.74757722754464,296.27290688895323,20270000
2019-12-26,297.627685546875,297.6369107384069,296.42959192225294,296.43878898820094,30911200
2019-12-27,297.5540466308594,298.4203711770206,297.0195197170293,298.3650762592311,42528800
2019-12-30,295.91351318359375,297.77520217446806,295.4250560784373,297.63696490425195,49729100
2019-12-31,296.6322937011719,296.8811488448497,295.05633300206483,295.4065527408845,57077300
2020-01-02,299.406494140625,299.4249445292604,297.2499080897125,298.18075269684374,59151200
2020-01-03,297.1393127441406,298.27291472607016,295.9319935858152,295.98728849951004,77709700
2020-01-06,298.27288818359375,298.3558305467553,295.24994983411784,295.3697648449921,55653900
2020-01-07,297.43414306640625,298.18065228936297,296.9825305807979,297.7013923557038,40496400
2020-01-08,299.0194091796875,300.2451505391978,297.37892786268793,297.6277549618272,68296000
2020-01-09,301.046875,301.1206202787208,300.00544091133673,300.59529063877125,48473300
2020-01-10,300.1806335449219,301.79346742317296,299.7106267972333,301.6368078824737,53029300
2020-01-13,302.2451171875,302.2543142568188,300.37423078377657,300.8073930607763,47086800
2020-01-14,301.78424072265625,302.86251951647944,301.22203834356156,301.8026629828147,62832800
2020-01-15,302.4662170410156,303.2311486258918,301.60911790811434,301.6920602636609,72056600
2020-01-16,304.9822692871094,304.9822692871094,303.62748779927784,303.8578926228846,54050300
2020-01-17,305.9315185546875,306.14347297991804,304.9177317636267,305.70111374424584,95846000
2020-01-21,305.33251953125,306.14354916592913,304.8901601854935,304.9638773679215,77742400
2020-01-22,305.3692626953125,306.85308403991667,305.21260320198564,306.19871424247634,48914900
2020-01-23,305.7196044921875,306.1343444941288,303.59066581682157,304.71504266868703,51963000
2020-01-24,303.0007019042969,306.4659987264591,301.701215595986,306.38305638238603,87578400
2020-01-27,298.14385986328125,299.6368787108793,297.3697029839931,297.7106976435567,84062500
2020-01-28,301.26806640625,302.15281282393715,298.2359318399659,299.58148778517904,63834000
2020-01-29,301.0193176269531,302.87178158236674,300.81656023817357,302.64137673718955,53888900
2020-01-30,301.9961242675781,302.2081067747884,298.18063601686316,298.9363422642073,75491800
2020-01-31,296.5125732421875,301.5261842429147,295.59095398654773,301.3694965941974,113845600
2020-02-03,298.7152404785156,300.59535170971026,297.88578874067906,298.00560374875556,69083000
2020-02-04,303.26806640625,304.1436160544183,302.0330998305538,302.35567223385743,62573200
2020-02-05,306.77020263671875,306.98218521194485,304.75188214039383,306.22645059653746,65951100
2020-02-06,307.8024597167969,307.9959919171273,306.71492744093933,307.737939608156,50359700
2020-02-07,306.1618957519531,307.8115737955059,305.6089186316495,306.7332951302192,64139400
2020-02-10,308.4474792480469,308.5119993363603,305.23103753073127,305.26791017056513,42070000
2020-02-11,308.9820251464844,310.6040556196609,308.4474703239012,309.81147670245616,54864500
2020-02-12,310.9727783203125,311.18473274648915,310.06035614149124,310.42899821472605,43992700
2020-02-13,310.64105224609375,311.61796662147174,309.25862305917093,309.535097646318,54501900
2020-02-14,311.138671875,311.25848688046284,309.84841051922353,311.0557295155845,64582200
2020-02-18,310.3368835449219,311.20320795519984,308.9360041790649,310.1341261696315,57226200
2020-02-19,311.8205871582031,312.502576257546,311.0280082725432,311.3137079290561,48814700
2020-02-20,310.5396423339844,312.09718124089915,307.5259291454667,311.2677013491961,74163400
2020-02-21,307.341552734375,309.48891289803925,306.51207303003326,309.17556577386756,113788200
2020-02-24,297.1485595703125,307.4153857605637,296.0610272287605,297.8121267085502,161088400
2020-02-25,288.1442565917969,299.1668150883396,287.259509975587,298.54934593323037,218913200
2020-02-26,287.0844421386719,293.17633285198843,286.34715787137753,289.554375372259,194773800
2020-02-27,274.19091796875,287.1396555706838,274.19091796875,281.51777321971497,284353500
2020-02-28,273.0389099121094,274.54115369015636,263.1591510817737,266.07147109385767,384975800
2020-03-02,284.86328125,284.9278013455216,271.37998756531664,274.83605963928864,238703600
2020-03-03,276.7069396972656,289.2409664464348,274.2462321827983,285.241142492212,300139100
2020-03-04,288.3377990722656,288.5590068284191,279.5547683178019,282.12609402547145,176613400
2020-03-05,278.7529602050781,284.29190109101086,276.49500983915436,281.07545879648234,186366800
2020-03-06,274.14483642578125,275.361380506915,267.48154768139767,270.17265996629715,228667200
2020-03-09,252.73558044433594,261.9148975167671,252.0167187722584,253.72169136748278,309417300
2020-03-10,265.81341552734375,265.90555494461773,252.0628450249483,262.3296961617116,276444100
2020-03-11,252.85540771484375,259.84129637962826,249.648191184569,258.69849767349206,255316300
2020-03-12,228.66294860839844,245.75898820404205,228.26664502530235,235.93452379890772,392220700
2020-03-13,248.21054077148438,250.20124202820583,229.0408546541431,242.46884184873323,329566100
2020-03-16,221.05039978027344,236.7639979540334,218.75556260823916,222.2761411020178,297240000
2020-03-17,232.98536682128906,236.09123349122615,218.4882988607018,225.83359190057925,262070500
2020-03-18,221.1886444091797,228.90259388285534,210.1476485133375,217.73257184028625,327597100
2020-03-19,221.65863037109375,227.99016388468704,214.01841333413591,220.49739523309862,289322000
2020-03-20,212.1064453125,226.63313921694242,211.82833088923726,224.83468197806218,347158800
2020-03-23,206.6832733154297,212.92223974470284,202.3354595916545,211.5409611483181,326025200
2020-03-24,225.40945434570312,226.2901524274799,216.74165098419292,217.31641045188894,235494500
2020-03-25,228.78384399414062,237.64634466473402,222.2574986417705,227.0039316253124,299430300
2020-03-26,242.14251708984375,243.6257563607291,230.87898852158833,231.3146978374292,257632800
2020-03-27,234.93014526367188,241.78096067939586,232.73306807490215,234.7910951170996,224341200
2020-03-30,242.5596466064453,243.2827355904816,235.0320976211001,237.04376970699454,171369500
2020-03-31,238.9442138671875,244.11707712576936,237.52584585346548,241.54919023035686,194881100
2020-04-01,228.1905517578125,238.86077537870082,226.10471485273018,229.88703413807121,189554600
2020-04-02,233.45614624023438,234.2441206098747,226.74438128410287,227.30061013542672,177660400
2020-04-03,230.08172607421875,234.83743890147224,227.32842013691277,232.46420806218967,135561200
2020-04-06,245.5354461669922,247.5193224811532,230.06318279747708,239.02764495167685,188061200
2020-04-07,245.78570556640625,254.96338044340118,245.56322539442053,254.20320213449264,201427200
2020-04-08,254.03643798828125,255.8627055325987,245.89703855986164,248.40930575430554,153774500
2020-04-09,257.9021301269531,260.6832457144143,255.371304757614,257.3273424744624,189999200
2020-04-13,255.5474395751953,257.26246648033674,251.60752589977565,256.9194667575025,114839100
2020-04-14,263.0842590332031,264.1132581697506,255.40838152498446,260.47928315904113,134143400
2020-04-15,257.4942932128906,263.2233859194105,255.3620871053566,257.3181535864559,121775000
2020-04-16,258.7364501953125,259.5985892077711,255.64014500995665,258.782790803779,131798300
2020-04-17,265.7263488769531,266.3381694361595,261.7956861083202,264.5582712274334,146684800
2020-04-20,261.0447998046875,265.8654119117226,260.8223195905384,261.99036900579455,100109300
2020-04-21,253.1186065673828,257.7537991883525,252.17300916648384,256.5393809849361,126385700
2020-04-22,258.7364501953125,260.49781768158476,256.7062336234133,258.0411713224969,92951600
2020-04-23,258.71795654296875,263.22337948595316,258.41204620983535,260.0250845483106,104709700
2020-04-24,262.3241882324219,263.0009367872622,258.1803233825775,260.24763023211756,85063200
2020-04-27,266.1064147949219,267.2374030014808,263.85371782077516,264.3172371137752,77896600
2020-04-28,264.8827819824219,270.13907564877684,264.57684336380146,269.78679641083886,105270000
2020-04-29,271.8170166015625,273.36518372014734,269.2213194882799,270.2595983335929,118745600
2020-04-30,269.2861633300781,271.9189493696588,267.5340469225249,270.42640261978335,122901700
2020-05-01,262.1572570800781,269.4530464319418,260.9798999362958,264.49338419820157,125180000
2020-05-04,262.8803405761719,263.1862508637982,258.7642869604543,260.2568055153433,80873200
2020-05-05,265.3091735839844,268.14590937668817,263.01010771987677,265.72635226154705,79569900
2020-05-06,263.5107116699219,267.4135361007114,263.0750024134462,267.0241957469929,73632600
2020-05-07,266.6905212402344,268.6373084225653,266.1806612050671,266.75542074754065,75250400
2020-05-08,271.10321044921875,271.5760092580927,268.71143466536154,269.8517024963611,76452400
2020-05-11,271.1588134765625,272.54937149439104,268.72997666531137,269.1564065359724,79514200
2020-05-12,265.7541809082031,272.77184195230114,265.6151024786224,272.3546915364818,95870800
2020-05-13,261.0540771484375,266.23621956186753,258.6066816485494,265.18866141036875,144721100
2020-05-14,264.1781921386719,264.30796283193826,253.07225947694414,258.5974299268108,121977900
2020-05-15,265.3925476074219,265.4388882102646,260.81297572429355,261.76782412877765,111146300
2020-05-18,273.4764099121094,275.0987275980287,271.3442322698627,271.66867317426636,119703800
2020-05-19,270.6674499511719,274.5980843990878,270.6489193646904,272.87380625424714,95189300
2020-05-20,275.2655944824219,276.1370131239572,274.0048354297182,274.2365951047866,85861700
2020-05-21,273.36517333984375,275.95161920552835,272.2619950358447,275.1358206320525,78293900
2020-05-22,273.88433837890625,274.06047800971083,271.8263111635388,273.07781916994765,63958200
2020-05-26,277.2586975097656,280.1418023239498,273.9028222381162,279.9007632300832,88951400
2020-05-27,281.3840026855469,281.42109214806135,275.20992270702266,280.0768749688756,104817400
2020-05-28,280.8648986816406,284.45253370196565,280.18815028778835,282.42231681138304,90405200
2020-05-29,282.1163330078125,282.7096228732037,277.6201911043602,280.39202687049294,119090800
2020-06-01,283.2566833496094,283.86853232947044,280.94836587770726,281.46750532286615,55758300
2020-06-02,285.6020202636719,285.64838916514225,282.83946352738207,284.1836524325449,74267200
2020-06-03,289.4029541015625,290.3670823360834,287.3263963265739,287.60449663894633,92567600
2020-06-04,288.6427307128906,290.1630876270896,286.529083794083,288.4109710582364,75794400
2020-06-05,296.0404968261719,297.8296744962455,294.0195595110325,294.0844590014843,150524700
2020-06-08,299.6188659667969,299.8135361377649,296.309331605485,296.85628094647114,73641200
2020-06-09,297.3847351074219,299.69305228235027,296.05904834278846,296.9304669331177,77479200
2020-06-10,295.7253112792969,298.86798569042713,295.0022223081212,297.9687571232368,95000800
2020-06-11,278.6770935058594,289.37512815886856,278.12089291169747,288.73546918460613,209243600
2020-06-12,282.014404296875,286.5290777477144,276.8137313358466,285.7503687194254,194678900
2020-06-15,284.64715576171875,285.7874232840547,275.0893912359545,276.2759993661948,135782700
2020-06-16,290.1260070800781,292.6104921554906,285.2219930063339,292.4621625770351,137627500
2020-06-17,288.92083740234375,291.45166282434,288.17918958900736,291.1550036990055,83398900
2020-06-18,289.0321044921875,289.51415439764276,286.92773697546244,287.3912562929681,80828700
2020-06-19,287.38031005859375,292.7249189718837,285.4156360502903,292.52939212310895,135549600
2020-06-22,289.2239074707031,289.6242814447814,285.62048487305856,286.7750622552266,74649400
2020-06-23,290.5553894042969,292.8366400971555,290.1456951703511,291.89620173076145,68471200
2020-06-24,283.1437072753906,289.1214981418375,281.2907912992377,288.49763649516166,132813500
2020-06-25,286.17919921875,286.4492314670148,280.5273046334224,282.5664558698719,89468000
2020-06-26,279.3819580078125,285.28527141812714,278.79537750851466,285.07110403823043,127961000
2020-06-29,283.48822021484375,283.6278822523884,278.33913805058035,280.6483212613772,79773300
2020-06-30,287.11956787109375,288.83285020573607,282.89231209447587,283.05058626112526,113394800
2020-07-01,289.1307678222656,290.4064234249023,287.78066369360243,288.24622272047964,72396500
2020-07-02,290.7229919433594,293.95397263526377,290.0525858269696,292.594519856036,69344200
2020-07-06,295.2110290527344,295.7976380952327,293.8236719566805,294.5778754640429,61713800
2020-07-07,292.1663513183594,295.64872529055197,291.7845893371889,293.65614654804216,82910000
2020-07-08,294.4009094238281,294.51263904760174,291.1606366725168,292.9390472100288,54638600
2020-07-09,292.7249755859375,295.25761849756555,289.27982651109534,295.01551864670813,83354200
2020-07-10,295.71380615234375,295.9838383688003,291.21651804686513,292.6597397951371,57550400
2020-07-13,293.1531982421875,300.48109261898037,292.4921123947674,298.07882059547967,102997500
2020-07-14,296.9522399902344,297.7343758977281,290.5088893016334,291.7193316408675,93657000
2020-07-15,299.6803894042969,300.78842230244754,297.27808860736775,300.20181330748875,87196500
2020-07-16,298.6933898925781,299.14962867876596,297.11047772121657,297.7622717718878,54622500
2020-07-17,299.559326171875,300.35078226613393,297.7157020433569,299.7083084826566,62774900
2020-07-20,301.980224609375,302.7344279861425,298.53507632341143,299.28927970017895,56308800
2020-07-21,302.6227111816406,304.41044207064584,301.6264079672479,303.96352355612964,57292200
2020-07-22,304.3452453613281,304.6618505176484,302.14782030760705,302.2595499319699,57792900
2020-07-23,300.7138977050781,304.6897902319938,299.3358610842569,303.9821313734296,75738000
2020-07-24,298.77716064453125,299.81068802751037,297.25943369578823,298.84234572691753,73766600
2020-07-27,300.9559631347656,301.13287782920105,298.6747126531299,299.4754889145955,48293000
2020-07-28,299.0470886230469,301.34695051259047,298.7491241349419,300.22027761984174,57495000
2020-07-29,302.72515869140625,303.2931555958209,299.89455127566424,299.93180396172596,48454200
2020-07-30,301.64508056640625,302.06409517322885,297.62267105209804,299.726979115861,61861700
2020-07-31,304.0287170410156,304.13115482330886,299.1962111093974,303.45142827955385,84986800
2020-08-03,306.1423034667969,306.91511892491985,305.15532063330625,305.7046768583271,53077900
2020-08-04,307.32489013671875,307.32489013671875,305.27641860176607,305.27641860176607,41917900
2020-08-05,309.2337341308594,309.4944745751644,308.36780079392054,308.6378331001793,42697700
2020-08-06,311.30072021484375,311.4217701214522,308.3211591685427,308.64705620584135,43679400
2020-08-07,311.524169921875,311.81281424146323,309.41051378205907,310.3230196921729,57308300
2020-08-10,312.455322265625,312.64152884506143,310.0250891347993,311.9804429194413,44282100
2020-08-11,309.8760986328125,314.28961783933227,309.14053577795084,313.6471440639934,69601100
2020-08-12,314.196533203125,314.9786690950141,312.30636436052487,312.3342967703969,53774400
2020-08-13,313.6285400390625,314.9507404248071,312.6974218116425,313.42369289241117,41816100
2020-08-14,313.6378479003906,314.1779123635833,312.5018825712812,313.23747389816054,47260400
2020-08-17,314.6341247558594,315.03449872445947,313.64714183000024,314.66205716261123,35481000
2020-08-18,315.3138427734375,315.7421491373331,313.4236457770641,315.0344902979212,38733900
2020-08-19,314.00091552734375,316.21695237243193,313.4329188035761,315.69552859529773,68054200
2020-08-20,314.9786376953125,315.4628088899853,312.1294185105103,312.25976027176176,42207800
2020-08-21,316.09600830078125,316.319467569846,314.2989286271465,314.6434662209169,55106600
2020-08-24,319.2990417480469,319.3735186956646,316.0680606992591,318.5541301945182,48588700
2020-08-25,320.4163818359375,320.50017906183126,318.6938075290856,319.86702552254167,38463400
2020-08-26,323.62872314453125,323.8987269329815,320.4629273041784,321.0122835704496,50790200
2020-08-27,324.3363342285156,325.7981963703883,322.6603331234358,324.5039570713976,58034100
2020-08-28,326.4313049316406,326.56167507868145,324.1686952262629,325.36984528850417,48588900
2020-08-31,325.2489013671875,327.10181752185133,325.016121813467,326.21727226699716,66099200
2020-09-01,328.31231689453125,328.41472626767614,325.1837446435254,326.0869305273795,54908700
2020-09-02,333.0610046386719,334.03866742103185,329.0851115820014,330.2397175180484,69540000
2020-09-03,321.5989074707031,331.8318867190645,318.99175963382544,331.3570073755162,148011100
2020-09-04,318.97314453125,323.8708065712625,311.80352356591766,322.2879227999544,139156300
2020-09-08,310.25787353515625,319.03833936267426,309.9506170457599,313.51678708883173,114465300
2020-09-09,316.3846435546875,318.8707130978866,313.4236662474527,314.2989195800577,91462300
2020-09-10,310.8910217285156,318.935866965919,309.9226509927882,318.2747811017006,90569500
2020-09-11,311.04937744140625,313.7589351078927,308.20015771282783,312.6881547445535,84680200
2020-09-14,315.146240234375,316.93399958031324,311.19830838207776,314.243054494716,65605700
2020-09-15,316.7384948730469,318.4610408339248,315.1555825454873,317.62304012570553,52920900
2020-09-16,315.4814453125,319.4293770117385,315.2020928298086,317.9861553053102,82096000
2020-09-17,312.70672607421875,314.43862066458155,310.05303357886373,310.5837777610291,91523300
2020-09-18,309.1065979003906,313.6312458044341,306.60121930156913,313.5190689312354,105877900
2020-09-21,305.6664123535156,305.8159910462942,300.76783141419656,304.47916892418516,99450800
2020-09-22,308.7794189453125,309.3403318815955,304.6287031577221,307.1621546895772,63612100
2020-09-23,301.6185607910156,309.62083585541194,301.11373624124093,309.3403650925504,93112200
2020-09-24,302.4224548339844,305.50743291519547,298.96351580905053,300.29100868915145,76681300
2020-09-25,307.3117370605469,308.10633282316,300.6836866315257,301.56241505620784,71069400
2020-09-28,312.4160461425781,313.13586696745983,310.5089531743697,311.5092447903184,64584600
2020-09-29,310.7145690917969,312.9581924041424,310.0134350236128,312.2103274764333,51304000
2020-09-30,313.0704040527344,316.24887285260775,311.1913555832398,311.3876651380587,104081100
2020-10-01,315.0802917480469,316.6695117608034,313.18255678657926,315.68793553319546,88698700
2020-10-02,312.0887451171875,315.0522172101626,309.6114108289228,310.0881910514769,89431100
2020-10-05,317.6230773925781,317.81002935219834,314.1174071960067,314.1641380536075,45713100
2020-10-06,313.10772705078125,319.87602637009286,312.5935735514593,317.7632668791493,90128900
2020-10-07,318.55792236328125,319.3712332831514,316.06187263371896,316.0899168540863,56999600
2020-10-08,321.3812255859375,321.44667162624614,319.5863094455635,320.51182600774854,45242500
2020-10-09,324.2510986328125,324.7185212837091,322.4188098294779,323.04514020531917,59528600
2020-10-12,329.467529296875,330.95392993224266,326.3171051329937,326.81257201144956,80388500
2020-10-13,327.3174133300781,329.5049480681437,326.3451661589768,329.3273251658497,73255500
2020-10-14,325.2607421875,329.00012366118165,324.5222348874838,327.8970129734575,57727900
2020-10-15,324.8587646484375,325.34487396818486,320.77349496415195,321.31569272351567,60357700
2020-10-16,324.6625061035156,327.8970635893729,324.4848831737596,326.22368213340775,89501900
2020-10-19,319.7264709472656,326.5695173054903,318.81966980620405,325.93382930721646,68425600
2020-10-20,321.0072021484375,324.2791608866959,320.31542571598345,321.0819772238855,60051900
2020-10-21,320.3995361328125,323.14798356449506,320.0910212111179,320.960420482777,63575000
2020-10-22,322.156982421875,322.74593944745527,318.45500351292696,320.6144935872475,55399300
2020-10-23,323.2508544921875,323.4471640460359,320.773519786705,323.3910756020792,49143900
2020-10-26,317.27716064453125,320.63325185419774,313.75277559835223,319.8386276418934,91473000
2020-10-27,316.1834411621094,317.9596418782386,315.9684164299828,317.6231111975746,65994100
2020-10-28,305.37652587890625,316.2113779481399,304.881059081235,310.46208587310673,127094300
2020-10-29,308.4803161621094,311.67747166931895,303.90890815385325,305.6103337435858,90597700
2020-10-30,305.2644348144531,308.20919221420985,301.5811415365393,306.89105673391106,120287300
2020-11-02,308.6859436035156,310.7051844382489,305.9187808477988,308.6859436035156,86068300
2020-11-03,314.1361389160156,316.21149711139674,308.7701347610518,311.94860382292006,93294200
2020-11-04,321.15673828125,325.27005158713695,317.464088211308,318.65133138281345,126959700
2020-11-05,327.42022705078125,329.24318689940026,326.13013589996984,326.48538169850815,82039700
2020-11-06,327.3454895019531,328.6075365780446,324.9990182694018,327.13046477576233,74973000
2020-11-09,331.4588317871094,340.6390218205,330.99140901794556,340.25573172627907,172304200
2020-11-10,330.9726867675781,332.0383957314142,327.67268351350543,330.4585046592869,85552000
2020-11-11,333.4313659667969,334.2633636488822,331.9262498362968,333.178939416336,58649000
2020-11-12,330.1967468261719,333.47806341963206,328.37381535253064,332.41232593384484,67546200
2020-11-13,334.76812744140625,335.5159923139656,331.59898799289056,332.1224991095254,62892200
2020-11-16,338.9468688964844,339.1431784222475,336.16101961858254,337.46046828584866,74541100
2020-11-17,337.1239318847656,338.3392479801234,334.9924855878978,336.516288101695,66111000
2020-11-18,333.0666809082031,337.9465744943524,333.02927910818414,337.39501919323385,70591300
2020-11-19,334.46893310546875,334.8428655004106,331.0754402761759,332.4309773032047,59940900
2020-11-20,332.17864990234375,334.4129444149554,332.1038748127381,334.207277257013,70417300
2020-11-23,334.1697998046875,335.4412042739595,331.7485538515259,334.0015344942473,63230600
2020-11-24,339.5545349121094,340.10609025443364,335.8805994714725,336.7406412316601,62415900
2020-11-25,339.03106689453125,339.4984896368671,337.92795606963153,339.4704454134957,45330900
2020-11-27,339.9752197265625,340.4519714534276,338.95621319313136,340.1341274591122,28514100
2020-11-30,338.47015380859375,339.4610877397467,335.76846519379984,339.1899745610818,83872700
2020-12-01,342.1720886230469,343.7239353451795,341.15311060347875,341.75142532829835,74231400
2020-12-02,342.8919372558594,343.0508449905468,340.4706911992724,341.05029075724553,45927000
2020-12-03,342.7984313964844,344.20069937126203,341.68596318749024,342.7890738139704,62882000
2020-12-04,345.75262451171875,345.75262451171875,343.29397620644727,343.38746646516597,50749900
2020-12-07,345.0421142578125,345.53758122027995,343.76138051686195,344.9766682273006,48944300
2020-12-08,346.0516662597656,346.621908147669,343.71455321908894,343.7612840682177,42458900
2020-12-09,342.947998046875,346.8743311210662,342.1066429973493,346.7154233991898,74098300
2020-12-10,342.8358459472656,343.8921972296762,340.6856845217805,341.56444143432566,57735400
2020-12-11,342.4338684082031,342.84520267831226,339.591958851909,341.12509051659157,57698600
2020-12-14,340.90069580078125,345.7057858820026,340.7230729086934,344.62139042291807,69216200
2020-12-15,345.50958251953125,345.50958251953125,342.07871513755094,343.46226836940673,63865300
2020-12-16,346.0516662597656,346.97715389452577,344.8363503610866,345.7244647282285,58420500
2020-12-17,347.98687744140625,348.1925445911866,346.8744090215788,347.7064352049877,64119500
2020-12-18,346.59735107421875,348.4468478461317,344.5694742595204,348.27786527428,136542300
2020-12-21,345.35809326171875,355.3096999660308,339.8847253323017,342.6448886492727,96386700
2020-12-22,344.7760925292969,345.7994143031846,343.64011568317665,345.6867592309522,47949000
2020-12-23,345.0858154296875,347.01040583440334,344.75721913719804,345.75237683388724,46201400
2020-12-24,346.4283447265625,346.45650848660483,344.973169373,345.5646083338898,26457900
2020-12-28,349.40447998046875,349.79877265593797,348.3717609361956,349.00076118305293,39000400
2020-12-29,348.73785400390625,351.12249070633493,348.1463864006702,350.94411067834875,53680500
2020-12-30,349.2354431152344,350.27755955412033,348.84115046871227,349.56403942121915,49455300
2020-12-31,351.0098876953125,351.7421742052832,348.5219930557214,349.0383382759058,78520700
2021-01-04,346.2312316894531,352.48384487733864,342.50407428116006,352.3523948839553,110210800
2021-01-05,348.6158447265625,349.71428879033505,345.5364824706297,345.5834411763999,66426200
2021-01-06,350.7001037597656,353.92031398361445,346.5410917350817,347.09499826346524,107997700
2021-01-07,355.9105529785156,356.66160571707405,352.91568219338114,353.09406223268326,68766800
2021-01-08,357.93841552734375,358.1543281394145,354.03287841024945,357.3093866794121,71677200
2021-01-11,355.5256042480469,357.29997839526766,354.6149378246174,354.73699033252393,51034700
2021-01-12,355.6007385253906,356.62406010309326,353.33815408905065,355.71342222685223,52547700
2021-01-13,356.5583801269531,357.5629068084497,354.7370469892007,355.5256610306768,45303600
2021-01-14,355.3097229003906,357.8164125177031,354.9717577299637,357.3094361112345,49989100
2021-01-15,352.71856689453125,354.48354385050357,350.8409062321187,353.6761635180636,107160000
2021-01-19,355.48809814453125,356.03263577950673,353.7043262506062,355.19706303477216,51233300
2021-01-20,360.4076232910156,361.252564937923,357.4033544899775,357.79764722147996,61836100
2021-01-21,360.7361145019531,361.40270458663116,359.80668175257824,360.9708220569124,47840100
2021-01-22,359.4593200683594,360.63285784613646,358.48292861501795,358.8678524442278,52860500
2021-01-25,360.8769836425781,361.2337150808615,355.30969832974995,360.2010246976405,70402000
2021-01-26,360.31365966796875,362.24764763721817,360.0789521119839,361.8345600466188,42665300
2021-01-27,351.5074462890625,357.0559366459117,349.25425936186735,356.96204788835644,123351100
2021-01-28,354.530517578125,358.5674767130166,352.8969619008814,353.338184670447,94198100
2021-01-29,347.432861328125,353.6291457066063,345.7429499608187,352.6527543822174,126765100
2021-02-01,353.21612548828125,354.2582133435265,347.7239626367599,350.859652324358,75817600
2021-02-02,358.2107238769531,359.77858323476175,353.3006592733348,356.42695186595586,64450700
2021-02-03,358.49237060546875,360.22921246243635,357.20617762542906,359.04627706726836,52427100
2021-02-04,362.56683349609375,362.61376354528085,358.6049689468629,359.5344016670273,47142600
2021-02-05,363.9939270019531,364.70744727547367,362.51998504599163,364.4539733813267,48669800
2021-02-08,366.6225891113281,366.6695191608118,364.594712449299,365.4584201854005,38365200
2021-02-09,366.3785705566406,366.97943577644804,365.3646463117539,365.7777053368332,35551100
2021-02-10,366.2188720703125,368.2843099721123,363.79670275895097,368.13409370190647,59154400
2021-02-11,366.8103942871094,367.7304583350288,364.36006085098506,367.307973221504,42913300
2021-02-12,368.6222839355469,368.86636029204533,365.927817337719,366.0029397941973,50593300
2021-02-16,368.3031005859375,370.0587372438281,367.58021159797727,369.8615622600723,50972400
2021-02-17,368.3876037597656,368.6410776048561,365.5147569279507,366.53810708042516,52290600
2021-02-18,366.81982421875,367.5708770972234,364.0220992423996,365.75894125605396,59712800
2021-02-19,366.1720275878906,368.3782848051852,365.72137867196534,368.08724966703477,83241000
2021-02-22,363.3554382324219,365.78700492581214,363.083169461878,363.3836019913869,67414200
2021-02-23,363.7967529296875,365.1580683687233,356.94330297998846,361.13047823018604,107284100
2021-02-24,367.80560302734375,368.2374856722718,361.70320497052296,362.6983629769533,72433900
2021-02-25,358.9429626464844,367.90880886861413,357.4877871959212,366.528727232895,146670500
2021-02-26,357.09344482421875,361.99413966509326,355.0937605441655,360.8393968436409,152701600
2021-03-01,365.74951171875,367.00756958868834,357.29066982709156,362.0035878256228,105348800
2021-03-02,362.89544677734375,366.20951635828743,362.3884704286064,365.97480879971965,79595300
2021-03-03,358.0887145996094,363.16776200442166,357.98542835405533,362.1913989875033,119940200
2021-03-04,353.6573486328125,360.5107976486154,349.13218018196284,357.9008508325048,183433000
2021-03-05,360.1634826660156,361.2243655188771,349.8457465481457,357.1873779252522,152039600
2021-03-08,358.37030029296875,363.96572081237963,358.0886626656329,361.1304636441672,123149200
2021-03-09,363.4869384765625,366.05932432052595,361.74069922676597,362.2476756090717,113633600
2021-03-10,365.74951171875,367.45818981593476,364.42578615038536,365.85279795471286,109899400
2021-03-11,369.4578857421875,371.44820138828675,367.7773714878265,368.23741781605554,86245000
2021-03-12,369.9554138183594,370.09623261343603,367.2703732894881,368.08715095175563,64653600
2021-03-15,372.16180419921875,372.424675594779,368.04972200015715,370.209020702914,73427200
2021-03-16,371.69232177734375,373.4948599780654,370.91307655397173,372.78136840524263,73722500
2021-03-17,372.95977783203125,373.7671582322049,369.24198877996133,370.3967604985205,97959300
2021-03-18,367.5332946777344,372.45275626165227,366.84793824719753,370.3497855663885,115349100
2021-03-19,366.853271484375,368.82185003094503,364.6586161287406,367.23002783992575,113624500
2021-03-22,369.7825927734375,371.1766229447681,367.31480552331743,367.37131754090274,73778600
2021-03-23,366.87200927734375,370.6019451485777,366.08081250130385,369.1420038495744,90686600
2021-03-24,365.0071105957031,369.93328538055033,364.9600268312681,368.2849511999877,97588600
2021-03-25,367.0604248046875,367.8610211348772,361.5973580398518,363.5565367226419,116128600
2021-03-26,372.97564697265625,373.38065932679893,367.6162038619464,368.2190082678176,114409100
2021-03-29,372.7872619628906,373.7009112131859,369.98980219608274,371.4874281073502,108107600
2021-03-30,371.7982482910156,372.476421181787,370.1875697100177,371.5062599798871,76262200
2021-03-31,373.3052978515625,374.8782922783741,372.3445648375223,372.372820845445,112734200
2021-04-01,377.33660888671875,377.39314964089095,375.0477862676465,375.2550065507311,99682900
2021-04-05,382.75262451171875,383.2989456835912,379.9457651098981,380.02110488636225,91684800
2021-04-06,382.52655029296875,383.58147955937704,381.84837737246824,382.18747820505183,62021000
2021-04-07,382.96923828125,383.31773861198445,381.8954812823564,382.35700563985165,55836300
2021-04-08,384.7871398925781,384.8436519105765,383.2895139262851,384.2314192191488,57863100
2021-04-09,387.58453369140625,387.7540984611643,384.54219851066523,384.66465077701025,61104600
2021-04-12,387.72589111328125,387.99902293976595,386.3695452529878,386.9817779168794,56704900
2021-04-13,388.8750305175781,389.50611975219,387.23612440049175,387.6223090448557,56551000
2021-04-14,387.5469055175781,389.9110680200317,387.00058440529887,388.8467105463141,61659900
2021-04-15,391.71014404296875,391.98330462257013,389.6567974320831,389.70388119819773,60229800
2021-04-16,393.0193176269531,393.63155017183914,391.578204023598,393.00988937798735,82037300
2021-04-19,391.0884094238281,392.52952308036294,389.75092027575664,392.077427027905,78498500
2021-04-20,388.22509765625,390.9754448758901,386.7368712714582,389.86400358500356,81851800
2021-04-21,391.8985290527344,392.10574936005196,387.4621345748895,387.603443359849,66793000
2021-04-22,388.3193054199219,392.567307715249,387.2455482761043,391.72902690718706,97582800
2021-04-23,392.5295715332031,393.9518576113364,388.8090631671761,388.88440293699796,73209200
2021-04-26,393.34906005859375,393.92363724104615,392.59554731354365,393.18895225398825,52182400
2021-04-27,393.26422119140625,393.84822651999144,392.11509577816366,393.6504057456978,51303100
2021-04-28,393.1512451171875,394.66772751504794,392.68029249276714,393.53742971857224,51238900
2021-04-29,395.6567077636719,396.2783686634954,392.24701543754844,395.90161232123864,78544300
2021-04-30,393.0570068359375,394.2249887660471,392.15278594219455,393.3678516318473,85527000
2021-05-03,393.90478515625,395.44949481160506,393.40557652593395,395.06331021159957,68128300
2021-05-04,391.4746398925781,392.39771734907873,387.75413154931385,391.89850873614796,101591200
2021-05-05,391.59710693359375,393.3678933993313,391.03195803574835,393.1324170872847,60162200
2021-05-06,394.7241516113281,394.85600336957094,389.64726965343823,391.67235973845294,74321400
2021-05-07,397.5970458984375,398.25639108186385,394.80901436229345,395.49661555388565,67733800
2021-05-10,393.6598205566406,398.1809535475394,393.53736829425725,397.9549055213932,81852400
2021-05-11,390.1465148925781,391.144932028358,386.23761436159117,389.101013998279,116888000
2021-05-12,381.8578186035156,388.6206915370808,380.52972872469553,387.33971416851733,134811000
2021-05-13,386.44488525390625,388.3946360223145,383.37426493716674,383.4213774465199,106394000
2021-05-14,392.37884521484375,393.23598237358675,389.17637336827886,389.2046293737467,82201600
2021-05-17,391.3804626464844,392.1999443668636,389.3459438388545,391.25803910840534,65129200
2021-05-18,388.0083923339844,391.88903677824703,387.8482558180368,391.64413225197285,59810200
2021-05-19,386.99114990234375,387.17011418678516,381.7824153872815,383.2800699243787,106467100
2021-05-20,391.1544494628906,392.4260274241322,387.7541849740873,387.8766085230831,78022200
2021-05-21,390.83416748046875,393.9047877996224,390.3726431053814,392.65203771771803,76578700
2021-05-24,394.81842041015625,395.901605655156,392.8498132215286,393.09471777497174,51376700
2021-05-25,393.9424133300781,396.2689202747315,393.3584367175576,395.9109917071441,57451400
2021-05-26,394.7241516113281,395.23275963625684,393.490258309752,394.5357591056549,43088600
2021-05-27,394.9314270019531,396.2783444970981,394.648838203994,395.7603081511699,56707700
2021-05-28,395.6378173828125,396.77751447975646,395.4023411130916,396.5137822074555,58520200
2021-06-01,395.2893981933594,398.1621977754227,394.84670156568177,398.02091773354005,54216600
2021-06-02,395.9110107421875,396.7587484407751,394.9314500039375,395.9486949997098,49097100
2021-06-03,394.441650390625,395.59077594307,392.09631552119777,393.5751136594044,58138800
2021-06-04,398.0491027832031,398.3505193152656,394.50753039312485,396.3065725915034,55938800
2021-06-07,397.6629943847656,398.2187150532914,396.7210891002132,398.03975074965297,51555000
2021-06-08,397.7477111816406,398.62367608473096,395.9015851102035,398.52947981947443,47134300
2021-06-09,397.154296875,398.67077909893453,396.9282488394972,398.5954105906578,48436300
2021-06-10,399.00042724609375,399.96118889676717,397.06010493446865,398.38819464683297,51020100
2021-06-11,399.6597900390625,399.77281406304684,398.25636050014776,399.5561942652986,45570800
2021-06-14,400.5545654296875,400.6581611915439,398.52004699782367,399.7727681125478,42358500
2021-06-15,399.81988525390625,400.7429338508384,398.93449216463415,400.70527834317835,51508500
2021-06-16,397.5876159667969,400.18728368573505,395.5248698900751,399.96123562136387,80386100
2021-06-17,397.45574951171875,398.4447385015173,394.9597064108307,397.17318944168096,90949700
2021-06-18,392.0939025878906,394.84378856528497,391.88600435592303,394.1445076208059,118676300
2021-06-21,397.70703125,397.89604009817003,393.0482544134914,393.87038810949866,72822000
2021-06-22,399.833251953125,400.67430383913756,396.9699438127283,397.6976019250541,57700300
2021-06-23,399.3513488769531,400.721562164144,399.2663035423305,399.9088875186146,49445400
2021-06-24,401.71380615234375,402.13903281565524,401.2602022061094,401.5153670427984,45110300
2021-06-25,403.1407470703125,403.5943510511729,402.13906351311203,402.46981461340374,58129500
2021-06-28,403.95343017578125,404.12352084549076,402.460364010493,403.66994572626544,53159600
2021-06-29,404.1707763671875,404.98345099259103,403.63212708921424,404.3408670322205,35970500
2021-06-30,404.5110168457031,405.1914084440255,403.6794239101195,403.70777235843684,64827900
2021-07-01,406.75067138671875,406.911331835694,405.21033825071675,405.2764942496306,53441000
2021-07-02,409.8596496582031,410.2187492332736,406.83568055743666,407.92243837842585,57697700
2021-07-06,409.11309814453125,410.1336999627239,406.35375304229035,409.91634263286466,68710400
2021-07-07,410.55889892578125,410.8424122288662,407.771205563691,409.8029211282968,63549500
2021-07-08,407.21368408203125,407.97912100687654,404.0007062103237,405.1913986883966,97595200
2021-07-09,411.56060791015625,411.86301058331355,407.01522407198973,408.7351068320274,76238600
2021-07-12,413.0347595214844,413.2899243782205,411.0408514976669,411.4755372894372,52889600
2021-07-13,411.6267395019531,413.7529595062366,411.3621443883016,412.24097506878303,52911300
2021-07-14,412.240966796875,413.82856628563246,410.9841472419253,413.33715477106546,64130400
2021-07-15,410.8330383300781,411.5701269290253,408.9147161534137,410.88973523471174,55126400
2021-07-16,407.6105651855469,412.07090362293155,407.2136869158977,412.02366582278,75874700
2021-07-19,401.5910339355469,407.67675111926087,398.75607358929653,402.743918963237,147987000
2021-07-20,407.3459777832031,408.6311747329397,401.4587000696617,402.26194455840874,99608200
2021-07-21,410.64398193359375,410.7857530174931,407.2987495922263,408.5555692845411,64724400
2021-07-22,411.50390625,411.74961202393416,409.83129014877846,410.82351466262577,47878500
2021-07-23,415.73748779296875,416.0776691924104,412.76078519302274,413.45060708812645,63766600
2021-07-26,416.7580261230469,416.76748521847964,415.09486913310195,415.14210693285446,43719200
2021-07-27,414.85858154296875,415.737412170375,412.0047035194692,415.7090637255782,67397100
2021-07-28,414.68853759765625,416.07766932322886,413.25216806838233,415.49178213153436,52472400
2021-07-29,416.4084167480469,417.4951457718478,415.61463131747826,415.6240904136173,47435300
2021-07-30,414.38616943359375,415.8508874329399,413.68685959374056,413.8191715878536,68951200
2021-08-02,413.51678466796875,416.6730372285982,413.15768505734275,416.11549845794036,58783300
2021-08-03,416.880859375,417.0037122550174,412.1086882765231,414.3199536007228,58053900
2021-08-04,414.8302917480469,416.85254838644363,414.59404506177066,415.58626960864797,46732200
2021-08-05,417.4573059082031,417.5423512448721,415.6807264167965,416.00201841266954,38969700
2021-08-06,418.14715576171875,418.5724113123099,417.4951126314553,417.7786259447512,46930000
2021-08-09,417.8069763183594,418.4401012607653,417.0320802992992,418.1188092418464,41222600
2021-08-10,418.3267517089844,419.04495090881557,417.5707738008422,418.2605957113771,43339300
2021-08-11,419.3662109375,419.46071537847826,418.27002286730635,419.4040184816326,44034300
2021-08-12,420.623046875,420.76481796130525,418.3078465943507,419.21502581768357,38909400
2021-08-13,421.38848876953125,421.40737812190287,420.5852442937966,421.07662700381144,39470300
2021-08-16,422.3807373046875,422.51302045622305,418.50628578394316,420.0749672811697,73740000
2021-08-17,419.61187744140625,420.4812490041393,416.59736774020274,419.8008574669682,92673900
2021-08-18,415.0193176269531,420.1695074920239,414.7736406564149,418.5913667643842,89351900
2021-08-19,415.661865234375,416.8714759805502,412.12762395635525,412.26936620357657,92812200
2021-08-20,418.9693908691406,419.3001420619307,415.52019434710104,416.01160600680487,72008700
2021-08-23,422.6547546386719,423.57139287813874,419.0448985748989,420.67027682925135,54973000
2021-08-24,423.32574462890625,423.86439403469524,422.80601341618916,423.32574462890625,38744700
2021-08-25,424.2139587402344,424.73368986008194,423.1366601211563,423.51467785054047,40529700
2021-08-26,421.70977783203125,424.1667202035654,421.61527339342473,423.93047352640207,57829600
2021-08-27,425.4802551269531,425.8582440333949,422.4657452932493,422.5224421872804,77235100
2021-08-30,427.351318359375,428.1451036759038,425.91492021057695,426.16062596523,48357400
2021-08-31,426.7182312011719,427.59706199173127,426.1134546536618,427.25688059101464,59300200
2021-09-01,426.9449768066406,428.1829070686637,426.70873013314457,427.6631759224544,48721400
2021-09-02,428.258544921875,429.0712196793282,427.0489630428168,428.38139781281717,42501000
2021-09-03,428.1545715332031,428.67433153379204,426.70874300135364,427.11510920943766,47170500
2021-09-07,426.62371826171875,427.8994561664255,425.9433266351223,427.8049517218718,51671500
2021-09-08,426.1039733886719,426.82217253776344,424.1667332730187,426.08508403585085,56181900
2021-09-09,424.2801513671875,427.67265025884586,424.0344455896096,425.9055296923127,57970400
2021-09-10,420.9349060058594,426.65206438636403,420.8120531124797,426.22683764625054,89948200
2021-09-13,422.0121154785156,424.2234095652315,419.6779973547184,423.9588144630429,83738600
2021-09-14,419.7347412109375,423.6753194686664,418.83699234043576,423.46742124806093,78197100
2021-09-15,423.24066162109375,423.74150343488867,419.0449182290847,420.1599956501818,78792200
2021-09-16,422.5697021484375,423.694209754756,419.5929710653149,422.71144438127556,77786700
2021-09-17,418.4533996582031,422.2170166278944,418.09314968697885,421.7904276602023,118425000
2021-09-20,411.4761047363281,413.8650901821634,406.5653690343525,412.2724332182732,166445500
2021-09-21,411.0873718261719,415.14487114538036,410.5564862278527,413.83660701698824,92526100
2021-09-22,415.0974426269531,417.1546459669557,411.2011185376486,413.3815394093297,102350100
2021-09-23,420.14093017578125,421.7620553034637,416.74705203744924,416.9840555896849,76396000
2021-09-24,420.8329772949219,421.55347732826795,418.2733274414744,418.49138111764404,62094800
2021-09-27,419.6289978027344,420.9656722966532,418.92744765765326,419.7901440070357,61371100
2021-09-28,411.1727600097656,417.1642172805098,410.43331001902254,416.83240649198785,130436300
2021-09-29,411.86480712890625,414.3201605923596,411.29599278627285,412.5663284238646,82329200
2021-09-30,406.8308410644531,414.0641653463929,406.48954089704966,413.3531546729923,140506000
2021-10-01,411.6656188964844,413.3625721758853,405.02005996479505,408.5751127134574,129240100
2021-10-04,406.3567810058594,411.4001940711221,404.1952810664823,410.4901086284491,128570000
2021-10-05,410.5849609375,412.8506998596454,407.06783631225204,407.87362524744447,90682500
2021-10-06,412.2912902832031,412.4998545242253,405.313921003719,406.953966737533,113032200
2021-10-07,415.85589599609375,418.7188883516636,415.4198175820485,415.5999425874121,72437500
2021-10-08,415.0974426269531,417.0219390362654,414.46228937725317,416.6332497810172,74557400
2021-10-11,412.0922546386719,417.37270016007676,412.0258867076946,414.43385064107133,65233300
2021-10-12,411.0778503417969,413.42893561591643,410.2815220064724,413.02129651529077,71181200
2021-10-13,412.5567932128906,413.381560899132,409.1060367313261,412.1112254025987,72974000
2021-10-14,419.49627685546875,419.64796259679787,415.7800485206484,416.25405561314045,70236800
2021-10-15,422.6910095214844,423.06074887887905,421.00354571093965,421.62923844039,66260200
2021-10-18,423.9423522949219,424.28362342330115,420.226124954175,420.8897462785871,62213200
2021-10-19,427.2131042480469,427.27944324995207,424.9662864430067,425.58251877644767,46996800
2021-10-20,428.89111328125,429.19448477266565,427.5638991701788,427.6776562466852,49571600
2021-10-21,430.0097351074219,430.2372492456197,427.848264001255,428.2843424098328,41305400
2021-10-22,429.5641174316406,431.0335565531712,427.60172142420976,429.57360682999587,58845100
2021-10-25,431.86785888671875,432.1996696442053,428.8721594626449,430.66389126331626,45214500
2021-10-26,432.2565612792969,434.6550361298857,431.8773613725786,433.4321186005516,56075100
2021-10-27,430.34149169921875,433.39409803736487,430.26563437530024,432.72101617582206,72438000
2021-10-28,434.49383544921875,434.5696638486182,431.7730395724086,431.7825000403993,51437900
2021-10-29,435.3754577636719,435.6693398082628,431.8772835620904,432.17116560668126,70162400
2021-11-01,436.12445068359375,436.7501435130001,434.3801080672623,436.3709146968047,48433600
2021-11-02,437.8876953125,438.20055615855966,436.16230275310403,436.2950386104854,48908400
2021-11-03,440.5611572265625,440.9687963863652,436.8733681263684,437.318935954624,52509800
2021-11-04,442.63726806640625,442.7225858638992,440.8170682599395,441.16782884888653,52847100
2021-11-05,444.173095703125,446.1828811950466,442.64680671521955,444.8841063591028,66390600
2021-11-08,444.5522155761719,445.784651183341,443.8601838448287,445.28220490080605,50405200
2021-11-09,443.0828857421875,445.1590391749045,441.66086442833193,444.9220356225952,51149100
2021-11-10,439.518310546875,443.08285296789273,438.0204609367575,441.3764101588309,69429700
2021-11-11,439.6605529785156,441.1015531369537,439.64160310894096,441.0256957964577,34848500
2021-11-12,442.9786071777344,443.5379321122341,439.9828786827961,440.94038233107636,53466700
2021-11-15,443.1302795410156,444.4385437924986,441.99267983662463,444.27739757664807,46980500
2021-11-16,444.884033203125,446.0311221054365,442.788930248733,442.8647586432186,48857500
2021-11-17,443.8033752441406,444.7987785677267,443.1776824091933,444.61865355776774,47858300
2021-11-18,445.31072998046875,445.57617280482765,442.096947887708,444.8461833395172,50625600
2021-11-19,444.514404296875,446.45782188765185,444.14466486182386,445.1969467657113,57315600
2021-11-22,443.2630310058594,448.9226772507961,443.05446671305555,446.41044526777205,72762000
2021-11-23,443.8507080078125,444.7134042798618,440.3051446578616,442.9311332062736,73206500
2021-11-24,445.03582763671875,445.1590741225708,441.00676693115577,441.8315347289656,61858800
2021-11-26,435.110107421875,439.78381079473826,433.97247873389927,438.3049108590294,112669600
2021-11-29,440.4473571777344,442.3054567152702,437.72656133642613,439.9449108613718,86268800
2021-11-30,431.8773193359375,439.90700025957676,431.63082640156864,437.98253271247785,148559600
2021-12-01,427.08038330078125,440.5137568104239,426.88130842592074,437.64127503447935,131939200
2021-12-02,433.6216735839844,435.2048699703092,426.9002566212281,427.2984353004852,127637800
2021-12-03,429.84857177734375,436.37088457162025,425.58250826952656,435.2996529262213,137331600
2021-12-06,434.9394226074219,436.835450918879,429.98129815776684,432.41770148145235,98977500
2021-12-07,443.9360656738281,444.5048799509046,434.80668476659355,440.2672555367741,95484700
2021-12-08,445.1116027832031,445.5666600001001,442.5614423508425,444.33425315126186,72238800
2021-12-09,442.1064453125,445.2159308533287,441.90737042339197,443.81285936705166,61272600
2021-12-10,446.2681579589844,446.4198436900409,442.25807674397714,444.8366763097481,77159800
2021-12-13,442.31500244140625,446.09756992871667,442.03058081618633,445.74680929560037,87724700
2021-12-14,439.27178955078125,441.5280676867092,436.3234796534105,439.01583616476603,97264100
2021-12-15,446.13543701171875,446.3819010022353,436.788003030271,439.3287027817876,116899300
2021-12-16,442.2012023925781,448.28743690413575,440.6369559336206,448.00304423764993,116568600
2021-12-17,437.4949035644531,442.1279478308232,435.7729718973369,439.09315576938906,135511600
2021-12-20,432.8428649902344,433.2424135455322,429.18970446381616,432.3671925930538,107134800
2021-12-21,440.5296936035156,440.67238950816954,434.1081165994526,436.2961978914458,69806300
2021-12-22,444.9344177246094,445.0485744466195,440.07303107227347,440.2728343685282,58890200
2021-12-23,447.7027893066406,449.21542378651435,445.8381619584152,445.9427959321483,56439700
2021-12-27,454.0387878417969,454.08634346443864,449.0442280894723,449.0917837121141,56808600
2021-12-28,453.66778564453125,455.51339686089955,452.8971986867706,454.47643452308256,47274600
2021-12-29,454.24810791015625,455.2755474798393,452.76401240242626,453.77243552863416,54503000
2021-12-30,452.9923095703125,455.69412511630117,452.52615994365476,454.6761792885811,55329000
2021-12-31,451.8506774902344,453.65822664131895,451.57480842658725,452.49761396100354,65237400
2022-01-03,454.46685791015625,454.60006010076347,450.7946813895008,453.1254584305079,72668200
2022-01-04,454.3146667480469,456.62645651980097,452.44051645811953,455.9034252304674,71178700
2022-01-05,445.5908508300781,454.7237660763422,445.49571055020033,453.9436564271761,104538900
2022-01-06,445.17218017578125,447.9120571811866,442.7842960158548,445.124624560399,86858900
2022-01-07,443.4122314453125,446.37092845061414,442.0422928050338,445.18174761931215,85111600
2022-01-10,442.86053466796875,443.0793253947355,434.38404887192326,440.187258057137,119362000
2022-01-11,446.8941650390625,446.9893053139522,439.568799363593,442.59409752176475,74303100
2022-01-12,448.10235595703125,450.17630940225746,446.12357181807585,448.6446293867217,67605400
2022-01-13,441.9281921386719,449.8719269057924,440.89122980619044,449.2154966810421,91173100
2022-01-14,442.10894775390625,442.46094067761123,437.5234589419788,438.750701838542,95890900
2022-01-18,434.27935791015625,437.58052537124496,433.15677806713745,437.3712283638399,109709100
2022-01-19,429.76995849609375,437.24751373310744,429.4940604101733,435.83954218993154,109357600
2022-01-20,425.0132751464844,436.41988962546833,422.8727494182704,431.67268852315004,122379700
2022-01-21,416.6700134277344,426.2595564092939,416.64147424453216,423.88119436664385,202271200
2022-01-24,418.4394226074219,418.95315684173784,400.2877796665127,411.00942329814393,251783900
2022-01-25,413.3307800292969,418.325340272943,406.3669290645842,411.989380365646,167997300
2022-01-26,412.2937927246094,422.43513125151657,407.9936958702741,419.2766597111746,186391100
2022-01-27,410.2579040527344,420.10432810226087,408.5550178398871,416.93636283327237,149878300
2022-01-28,420.4468078613281,420.49436348392175,407.0043024105975,411.62782378377955,164457400
2022-01-31,428.0195617675781,428.37155471422454,418.41097304741425,419.7713892049496,152251400
2022-02-01,430.91162109375,431.5585285633514,425.19402978985346,428.75204990539925,123155400
2022-02-02,435.0975646972656,435.8300897660779,431.0067645002516,433.3375709516166,117361000
2022-02-03,424.87060546875,430.9306673704176,424.0238946371562,429.00896127200775,118024400
2022-02-04,426.8684387207031,430.7499128698522,422.2353649906249,424.63277255377426,118454400
2022-02-07,425.4984436035156,429.0469407851803,424.1570440806359,427.63896919758696,84472900
2022-02-08,428.9994201660156,429.93174850817843,423.5577268282209,424.9942667457065,81012000
2022-02-09,435.2783203125,435.60177406977925,432.87141906129085,433.07119334581097,92589900
2022-02-10,427.45819091796875,435.4399575429741,425.4413448777834,429.3798966853135,140103700
2022-02-11,419.029296875,429.6367849403057,417.5832633191427,427.5438439278336,153214600
2022-02-14,417.65936279296875,420.11384851276483,414.15842107160734,418.5155962964135,123006300
2022-02-15,424.3948669433594,424.56610201765625,421.61692770735635,422.1401847002441,88482700
2022-02-16,424.87060546875,426.2595607867543,420.4373350917942,422.33050200670874,84863600
2022-02-17,415.7946472167969,424.8419431890077,415.18580180106113,421.6549331360031,102259100
2022-02-18,413.1024475097656,417.31689784832867,410.8097031435633,416.05159305330477,132642900
2022-02-22,408.6692199707031,414.3106880432505,405.13970962363817,410.8763470218224,124391800
2022-02-23,401.4198913574219,412.17959715166137,400.8490787542246,411.60878454846403,132578000
2022-02-24,407.4609680175781,407.8986075310737,390.6602443245543,391.021730962642,213942900
2022-02-25,416.4511413574219,416.536758896274,407.0423283628281,408.7071815835602,121804500
2022-02-28,415.3857421875,416.87936069817806,409.744273710186,411.0095496949829,145615000
2022-03-01,409.0592346191406,415.89940583743686,406.328850741989,413.8730368322832,137785900
2022-03-02,416.5843200683594,418.32526799235706,410.5718149508346,411.33287905288876,117726500
2022-03-03,414.5104064941406,419.64766225828436,412.69333456576396,419.0388167247073,105501700
2022-03-04,411.1427001953125,412.28429655012116,407.0614228224781,410.74312259984873,113978200
2022-03-07,399.0225524902344,411.26635572765974,398.95595138470884,410.55284710978884,137896600
2022-03-08,395.9971923828125,406.42392113897,394.9221683324279,399.20321906089066,164772700
2022-03-09,406.6142578125,408.61208756815955,402.247588950512,404.454715709769,116990800
2022-03-10,404.7781677246094,405.6819278019332,399.9833821378538,401.96216640943857,93972700
2022-03-11,399.63140869140625,407.90809085753415,399.11767438105363,407.289722557099,95636300
2022-03-14,396.710693359375,403.89333338863986,395.5595745365861,400.4114377439308,95729200
2022-03-15,405.4345703125,406.0719549823202,398.06164912865256,399.34594120545717,106219100
2022-03-16,414.4248046875,414.481883051167,404.1312472927105,408.97361772812707,144954800
2022-03-17,419.609619140625,419.609619140625,412.1130181639173,412.49355024221614,102676900
2022-03-18,424.2055358886719,424.5299944783409,417.2391557252776,417.9835087540319,106345500
2022-03-21,424.08148193359375,426.056861223839,420.54100720574695,424.03374944960143,88349800
2022-03-22,429.0438232421875,429.9885711204509,425.4842730134345,425.4842730134345,74650400
2022-03-23,423.5184020996094,427.9940722088079,423.43251857940515,426.4862907603394,79426100
2022-03-24,429.90264892578125,429.91220124625585,424.43452791264394,425.5605950573711,64736900
2022-03-25,432.0021667480469,432.2789219648752,427.9368385119632,430.5420885837104,77101300
2022-03-28,435.07501220703125,435.07501220703125,429.4923501543148,431.40095057418836,68529800
2022-03-29,440.4572448730469,440.9534996148351,436.2869576661746,438.99716673457556,86581500
2022-03-30,437.737548828125,440.12329952127385,435.60944872558025,439.3025861389053,79666900
2022-03-31,431.0001220703125,437.7947342949104,430.5420475264448,436.9644978465296,121699900
2022-04-01,432.2216491699219,432.73695029721745,428.61439566420177,432.59381109519086,89048800
2022-04-04,435.92431640625,436.0293045713782,431.5918144996033,432.4220510076407,59601000
2022-04-05,430.41796875,436.9071977176869,429.2632737946553,434.41648845992756,74214500
2022-04-06,426.1141052246094,428.4139721495732,423.203501329322,426.46722075392,106898000
2022-04-07,428.26129150390625,430.0935607072761,423.2607677608337,425.22662384866436,78097200
2022-04-08,427.1161193847656,430.0362754746858,425.5606055015023,427.4978336150497,79272700
2022-04-11,419.8158264160156,424.66365942184063,419.31004839105987,423.8143181239878,89770500
2022-04-12,418.2602233886719,425.3792943956459,416.69515715434574,422.8313001658836,84363600
2022-04-13,423.05084228515625,423.81427083740437,417.8308187430221,418.0121381206942,74070400
2022-04-14,417.7830810546875,424.4059265877195,417.678092891693,423.27983024971434,97869500
2022-04-18,417.9548645019531,419.6535177123126,415.70270086047105,416.84787276263904,66002500
2022-04-19,424.7017822265625,425.42703059727864,417.6781173945853,417.84988444636554,77821000
2022-04-20,424.3869323730469,427.11624672299314,423.2131614930546,426.49595727348554,65224400
2022-04-21,418.04071044921875,429.4446085927282,417.12459048359153,428.04178624398867,85417300
2022-04-22,406.570068359375,418.05982188355927,405.99748241056807,416.9433069501704,132471800
2022-04-25,408.92718505859375,409.0989521038459,399.69908937736324,404.3083756188095,119647700
2022-04-26,397.0843200683594,406.57006641065027,397.0556922272028,406.3696423996233,103996300
2022-04-27,398.2007751464844,403.5925937783355,396.0440768166705,398.1721473096306,122030000
2022-04-28,408.2591247558594,410.00551025327997,398.5157288581417,402.99139867127906,105449100
2022-04-29,393.1716613769531,406.40779978354254,392.41775610484405,404.23199660880084,145491100
2022-05-02,395.5383605957031,396.91255522470885,386.510659661804,393.23849360025514,158312500
2022-05-03,397.3515319824219,399.78498590477767,394.4695266668766,396.04414533503444,100028200
2022-05-04,409.45208740234375,410.0246734111456,394.803571864922,398.01955923992705,144247900
2022-05-05,394.8989562988281,405.57757767376717,390.7286691598279,405.14813094235217,172929100
2022-05-06,392.54180908203125,395.84367935303953,387.18819937125295,392.3127863718589,151770800
2022-05-09,379.9737243652344,387.8371487128765,378.3800302132981,386.5870177776935,155586100
2022-05-10,380.8517150878906,387.52226507320125,376.77686316429964,386.0049310437198,132497200
2022-05-11,374.8014221191406,385.5754800653506,374.04751676936854,379.87830642417293,142361000
2022-05-12,374.41015625,377.7120269575783,367.5487351289008,371.5758833451584,125090800
2022-05-13,383.3614807128906,384.75475086211435,377.5306912982353,378.5804273515947,104174400
2022-05-16,381.8059387207031,385.5086279158412,379.42974069640155,381.70097968452825,78622400
2022-05-17,389.6598815917969,389.8984566521676,384.1821784020912,387.9516760051215,83029700
2022-05-18,373.9521179199219,385.34646632966593,372.7019868021285,385.06018787632973,117674500
2022-05-19,371.6617431640625,376.12789017853146,369.419131897073,370.8601345006785,98510700
2022-05-20,371.8240051269531,378.8858210395479,363.14941948778915,375.27856731709426,131432200
2022-05-23,378.7807922363281,379.55377295429207,372.5396616959834,374.8776793668019,76414900
2022-05-24,375.88934326171875,377.0917417853128,369.276020328754,374.62010760751093,91448800
2022-05-25,379.2102355957031,381.19519616236624,373.9806895551127,374.3814792983331,91472900
2022-05-26,386.7873840332031,388.438333745229,380.2408991090227,380.450846302905,82168300
2022-05-27,396.28271484375,396.3972262093734,389.06820758016215,389.26860247000315,84768700
2022-05-31,394.0591735839844,397.4278521164115,391.2917088356814,394.6508350467952,95937000
2022-06-01,390.8717346191406,397.2178238126405,388.3332931171557,396.19674494315353,86585800
2022-06-02,398.31536865234375,398.3630720124762,388.4383559016956,390.70959500426574,79609600
2022-06-03,391.77838134765625,395.11843178409686,390.79545338413516,393.55336560058754,71874300
2022-06-06,392.9712829589844,397.5709877362592,391.7879309211031,395.8246312045842,57508900
2022-06-07,396.74078369140625,397.19885830383157,388.98231786086734,389.44994479530135,59272400
2022-06-08,392.4273376464844,396.817124483218,391.62572895640926,395.0134830883503,64350000
2022-06-09,383.0942687988281,392.92354906035405,383.0942687988281,390.63323443972894,86289800
2022-06-10,371.9862060546875,377.6929317310131,371.9385026938927,376.8340673761907,132893900
2022-06-13,357.862548828125,364.36133038500947,356.24022695759936,362.4909102842212,170004900
2022-06-14,356.7841796875,360.668188148886,353.65407647212794,359.6280045172608,104011800
2022-06-15,361.87066650390625,366.3558602058252,355.11420442404216,360.11472841546015,125666800
2022-06-16,349.8941650390625,353.98812108112827,347.44160651779964,353.5777789816603,134473300
2022-06-17,350.64849853515625,354.0221650001051,347.11194584688155,350.3130740048813,111113900
2022-06-21,359.4755554199219,360.87484416328675,356.35108852497393,356.4277787088142,76811900
2022-06-22,358.8237609863281,362.97371693090537,354.7887817962925,355.21048997410486,90059400
2022-06-23,362.34124755859375,363.07922243459745,357.3862190720576,360.98030383934145,79292100
2022-06-24,373.86138916015625,373.8709827435508,365.5135384191254,365.5422899205792,98050300
2022-06-27,372.433349609375,375.08816907581837,371.3311697207152,374.7910604775378,66009600
2022-06-28,364.8235778808594,376.8134546579517,364.7085718420244,374.0052832976918,86548900
2022-06-29,364.5263671875,366.37611537484554,362.6862125836187,365.3793771513807,65676000
2022-06-30,361.5649108886719,364.8331353292832,357.0699067407734,360.59689474313205,112508300
2022-07-01,365.38897705078125,365.82987245083206,358.25831145704467,360.9035668624178,74839700
2022-07-05,366.0791015625,366.0982887343967,357.39579482722246,360.251904809751,81438000
2022-07-06,367.3154602050781,369.82652272876965,363.8172235766818,366.2228444053877,70426200
2022-07-07,372.8167724609375,373.62184388034007,367.33459439180444,369.10768193097266,64525900
2022-07-08,372.51019287109375,374.3982869080083,369.625330958418,371.1683775869475,72397800
2022-07-11,368.25469970703125,370.78491998015704,367.55504072968324,369.8073395278389,58366900
2022-07-12,364.9960632324219,370.10447203253966,363.2325691711035,367.69882196445025,62219200
2022-07-13,363.0791931152344,366.0407444632135,359.08258755604106,359.5042958079142,84224600
2022-07-14,362.1974182128906,363.2900045561992,355.61306090435727,358.07618428085436,89704800
2022-07-15,369.11724853515625,369.23225455113095,364.7180929317278,366.64450219676957,79060400
2022-07-18,366.0694885253906,372.9126100212118,364.8331153007788,372.23213823037185,63203600
2022-07-19,375.9603576660156,376.5354169761778,369.36643588884806,370.02772045949337,78506000
2022-07-20,378.35650634765625,379.7845760129898,374.7720149267456,376.1521459094068,71843800
2022-07-21,382.2093200683594,382.257229494255,375.3470114027863,377.7718191775275,64903900
2022-07-22,378.6631774902344,383.54154496241654,376.42047213997444,382.33395238842195,72197300
2022-07-25,379.1232604980469,379.9858350465359,376.8613677999931,379.29576955799695,53631500
2022-07-26,374.6378173828125,377.67600059061294,373.7368978151953,377.46514645247413,52946400
2022-07-27,384.3657531738281,386.1292469978394,377.6663602609532,377.9634688849113,82342100
2022-07-28,389.18658447265625,389.88621409375685,381.59586632228456,385.1803859274159,73966600
2022-07-29,394.86053466796875,395.8573024046642,389.85756730994694,390.6338873095764,87003700
2022-08-01,393.6912536621094,396.2215034477019,391.4197967061155,392.13861367946737,69997500
2022-08-02,391.0939025878906,395.82851231479935,389.9054679879934,392.1098281488482,63435400
2022-08-03,397.21820068359375,398.3970415915023,392.9532090324076,393.24072407123106,67820600
2022-08-04,396.94989013671875,397.83162252504843,395.2918085550156,397.14155710217767,45656600
2022-08-05,396.2789306640625,396.93065090887455,392.56984047085257,392.62734347782236,56814900
2022-08-08,395.81890869140625,400.25640965580175,394.70713505409947,397.9849529544983,53886100
2022-08-09,394.24713134765625,395.58891710043025,393.1641091601093,395.0809543065681,44931800
2022-08-10,402.5278625488281,402.6716493250059,399.39383145561817,401.36817949580313,68665700
2022-08-11,402.5278625488281,407.2816592803511,401.7802941573866,405.40313009263934,59489700
2022-08-12,409.34228515625,409.4476975994692,403.52465314149265,404.4830757106954,61694500
2022-08-15,411.029052734375,411.55620265018104,407.0516052727586,407.10910828193994,54048300
2022-08-16,411.8341064453125,413.7797026975975,409.13134832675024,409.9460131956583,59289000
2022-08-17,408.91094970703125,411.64245965460236,406.8886922915426,408.201726423682,63563400
2022-08-18,410.09942626953125,410.7894624053944,407.8087824065159,409.1122229947918,49023200
2022-08-19,404.5885009765625,407.5787745912739,403.70673937925136,407.31041745274166,68016900
2022-08-22,396.1639404296875,399.88262435508824,395.25342736851303,399.71008607857465,77695600
2022-08-23,395.2054748535156,398.14783858435806,394.64957349296776,395.7325954638383,49105200
2022-08-24,396.47064208984375,397.8507435588888,394.28543999481735,394.9754761049733,49177800
2022-08-25,402.06781005859375,402.115719481446,396.87314752695397,397.97532749114254,50942300
2022-08-26,388.45819091796875,402.499073601019,388.40068791234046,401.95279504755007,103087000
2022-08-29,385.8896789550781,388.9662071746011,384.5191417177305,385.477564275104,65370800
2022-08-30,381.6534118652344,387.2985343753409,379.5353063502483,387.05892875264504,85652400
2022-08-31,378.7493591308594,384.5573965674485,378.61519520344876,383.30186555632406,76029700
2022-09-01,379.9378662109375,380.2828842768954,373.8231258863221,376.55463590342487,78740100
2022-09-02,375.9316101074219,384.86411430596866,374.101019729376,383.63733474749205,99632100
2022-09-06,374.51318359375,377.73346913831426,372.2704784647713,376.7846402276361,76637400
2022-09-07,381.2412414550781,382.01756121917265,373.97641290690683,374.19683132836025,70964200
2022-09-08,383.73321533203125,384.1932394249525,377.7334809644864,378.9506962907205,80821700
2022-09-09,389.6945495605469,390.566717445153,385.7266668271999,385.99502392640716,76706900
2022-09-12,393.8829040527344,394.61131452723043,391.47725416892655,391.7839563948969,69256300
2022-09-13,376.755859375,386.34008358067933,375.6249279384253,385.12286838737015,122947100
2022-09-14,378.19354248046875,379.72702440373104,374.8582214910283,378.06894286969805,85023700
2022-09-15,373.8997497558594,379.49693317799216,372.61546722309515,376.6216659184131,87633800
2022-09-16,371.04736328125,371.71139375163744,367.7272109293128,369.68082910225274,103084800
2022-09-19,373.92474365234375,373.92474365234375,367.7945188007343,367.87152400147454,73278500
2022-09-20,369.6326599121094,371.5862485386399,366.85145620574264,370.5661498096465,77274900
2022-09-21,363.18487548828125,374.65618458765,363.17524249498234,371.57662235796494,106746600
2022-09-22,360.13421630859375,364.06063061557757,359.3835769836313,362.4053709029829,89472600
2022-09-23,354.1002502441406,356.6697341013716,349.6156506840159,356.6312314915096,122346900
2022-09-26,350.5972595214844,356.2751758706458,349.3654402817717,352.61822076274854,92581200
2022-09-27,349.7021789550781,356.4579316694121,347.2866473560826,354.1675114969768,108294100
2022-09-28,356.5830383300781,358.2864039479371,348.9515351007009,350.66453371089864,110802200
2022-09-29,349.1344909667969,353.2918626359455,346.1608029569047,353.00316646756295,112952300
2022-09-30,343.7356262207031,352.13703686752797,343.60091113623986,348.1817232790693,153711200
2022-10-03,352.8105773925781,354.67755704082526,345.6891234670486,347.488730906501,89756500
2022-10-04,363.7430114746094,363.7718810840672,352.7721193474374,358.3826621571938,103602800
2022-10-05,362.89617919921875,365.17696675948457,356.9873065081592,359.33546628917253,88065700
2022-10-06,359.152587890625,364.46480191672816,358.65214213957154,361.481481503714,82333500
2022-10-07,349.1344909667969,359.2392680246178,347.35411961140323,355.08186698658125,107789500
2022-10-10,346.46868896484375,350.50097799582414,344.20716742380444,350.2603880983618,76042800
2022-10-11,344.27447509765625,349.36536503107385,342.32088650462964,344.7556548434153,92482800
2022-10-12,343.1389465332031,346.27624831782265,342.888723631936,344.68836080575585,76991800
2022-10-13,352.1947021484375,353.6767439796687,335.0069464624053,336.0655477704276,147254500
2022-10-14,344.16864013671875,356.32324558393805,343.5238463354485,354.6775896577082,123737000
2022-10-17,353.0127258300781,354.1290663964534,343.83180779495996,350.3084979310304,93168200
2022-10-18,357.1604919433594,361.31789210184047,353.68635881808774,361.0099300081274,97162900
2022-10-19,354.6294860839844,357.8533963767061,351.79051372870356,355.10103285468335,79746900
2022-10-20,351.65582275390625,358.642562804113,350.88591745740626,354.17720019106514,88283100
2022-10-21,360.2015686035156,360.6923520091851,349.8562033143349,351.37671849964545,131038400
2022-10-24,364.6091613769531,365.7543716015407,359.0659609197145,361.7413486875514,85436900
2022-10-25,370.431396484375,370.7489621669097,364.416650180564,364.5321286105766,78846300
2022-10-26,367.6405944824219,372.9913113730217,366.9958300133718,367.25565652597476,104087300
2022-10-27,365.6773986816406,370.50843313307126,365.0518414682574,368.651086218105,81971800
2022-10-28,374.37713623046875,374.8583160500195,365.388700725527,365.57155140646705,100302000
2022-10-31,371.67291259765625,373.7804825829038,370.7586885505175,371.89426589019,96631300
2022-11-01,370.04644775390625,375.69552243515034,368.86276441813186,375.45493257095166,85407600
2022-11-02,360.75970458984375,374.001780837233,360.65385914087284,369.44980978497256,126990400
2022-11-03,357.0450134277344,360.1149426332723,354.9085741274679,357.4876905818057,87100100
2022-11-04,362.18402099609375,364.609156479117,356.07303200546664,362.8095488271917,103505200
2022-11-07,365.64849853515625,366.24515671758894,361.3948566837759,363.49279331519443,68286900
2022-11-08,367.621337890625,370.6238949042184,363.502440305768,366.7648238178479,84641100
2022-11-09,360.047607421875,366.79375772037304,359.5471616260403,365.629281440746,78495500
2022-11-10,379.8337097167969,380.1705414477744,371.124367156732,373.44362792883896,141455800
2022-11-11,383.5099182128906,384.3182967202035,378.7943328669077,380.6998153712843,93839900
2022-11-14,380.24749755859375,385.11703449189224,379.96840506811003,381.7295394766488,71903500
2022-11-15,383.4906005859375,387.166820664002,379.6411628586773,386.05048019883105,93194500
2022-11-16,380.5650634765625,382.807348115334,379.92990270323594,381.84498864705984,68508500
2022-11-17,379.4006042480469,380.0839006465046,375.45495374774583,375.76288647093975,74496300
2022-11-18,381.1232604980469,382.8362593631309,378.24581477298864,382.76888714449285,92922500
2022-11-21,379.7374267578125,380.9211395005758,377.88007999493357,379.7855623535299,51243200
2022-11-22,384.84759521484375,385.01120926789804,380.27638714990013,381.7006899197755,60429000
2022-11-23,387.27276611328125,387.7635495421898,384.27981246259367,384.51076937031536,68261600
2022-11-25,387.18609619140625,387.744281164528,386.4258533094622,386.704916427141,30545400
2022-11-28,381.0077819824219,385.7233380152527,380.2378767028702,384.06807837532085,67881600
2022-11-29,380.3533935546875,382.34545559729514,378.49601721476455,381.14250610275434,52310000
2022-11-30,392.3347473144531,392.3347473144531,378.66925887231594,380.603581661163,144566700
2022-12-01,392.0460205078125,394.5673977161483,389.51501030636837,393.38368495020256,76398200
2022-12-02,391.59375,392.5079740024976,387.0033052615766,387.10915072095537,85342700
2022-12-05,384.54925537109375,389.68825192816416,383.1827212342418,388.74515834977194,77289800
2022-12-06,379.006103515625,384.9342427259938,376.898562815429,384.3857200234456,77972200
2022-12-07,378.3612976074219,380.7479599487779,377.216087352837,378.1495773241654,65927900
2022-12-08,381.32537841796875,382.4032165272297,378.4671690819637,380.26680629779975,60737900
2022-12-09,378.476806640625,382.65344404882086,378.3516951855617,380.074327203575,81447700
2022-12-12,383.933349609375,383.933349609375,378.6018695431139,379.2755035986945,75405800
2022-12-13,386.8396301269531,395.03892208586956,384.0487935897,394.7790956066049,123782500
2022-12-14,384.3664245605469,390.23682408892915,381.39273687289,386.4932310875342,108111300
2022-12-15,374.9641418457031,380.37259761113387,373.28964569069433,379.45834432599594,117705900
2022-12-16,370.5372619628906,373.73729710162263,368.3813643429184,372.38381282151227,119858000
2022-12-19,367.3952331542969,371.06900993855896,365.7130476474145,370.7306314907823,79878100
2022-12-20,367.89794921875,369.53180746862347,365.2973123359925,366.63147156997127,74427200
2022-12-21,373.3989562988281,374.5397481095209,369.97655136300466,370.5179450868502,78167400
2022-12-22,368.0719909667969,373.3795966336273,362.31964585149734,370.3245723752597,100120900
2022-12-23,370.1892395019531,370.3342504077494,365.4713546750832,367.03753146517226,59857300
2022-12-27,368.72943115234375,370.42129406488414,367.0375682398033,370.0732678561033,51638200
2022-12-28,364.1468811035156,370.65331259779833,363.9148636487998,368.6617212644201,70911500
2022-12-29,370.70159912109375,371.5813712121696,366.4864289651558,367.01817491228553,66970900
2022-12-30,369.72515869140625,369.870169590767,365.8580440218217,367.9946461194625,84022200
2023-01-03,368.168701171875,373.5923159524912,365.27801256426113,371.60075403090605,74850700
2023-01-04,371.010986328125,373.06055235747476,367.3758891417353,370.4502381857599,85934100
2023-01-05,366.7765197753906,369.1547871931726,366.1771216826261,369.03877846602404,76970500
2023-01-06,375.1874694824219,376.3186135568416,366.8055145734649,369.899188748885,104189600
2023-01-09,374.97479248046875,380.6208063538123,374.7911316610883,377.40141658848563,73978100
2023-01-10,377.6044616699219,377.67214326878354,373.43764728141673,374.3851011542346,65358100
2023-01-11,382.38031005859375,382.45766887856325,378.37786148565715,379.1996293012979,68881100
2023-01-12,383.7724609375,385.2516311546542,379.3833069228364,383.49211635979185,90157700
2023-01-13,385.2613525390625,385.8414257209248,380.272770381043,380.5434672654124,63903900
2023-01-17,384.5555419921875,386.93383876956204,383.86913739566575,385.24197609245294,62677300
2023-01-18,378.48419189453125,386.8274969740856,378.2811766242496,385.7543867559945,99632300
2023-01-19,375.7288513183594,378.0877639718037,374.39469212247235,376.42490359057,86958900
2023-01-20,382.7283935546875,382.88308170212275,375.4775526022381,377.1404133074831,91806400
2023-01-23,387.320556640625,389.2734390000284,382.57366966676494,383.54044837010724,84178800
2023-01-24,386.90484619140625,387.82326825095475,384.42989508834205,385.62869123096067,59524900
2023-01-25,387.04986572265625,387.38824417476695,380.4854299651901,382.7960452634292,84800300
2023-01-26,391.3036804199219,391.4680457812394,386.7404837571729,389.7375036401374,72287400
2023-01-27,392.2027587890625,394.600380481593,390.03718403693375,390.2498765217852,68346200
2023-01-30,387.2818908691406,391.6710745979234,386.9821918208505,389.41846361771564,74202000
2023-01-31,392.9761962890625,393.0245234200672,387.4558689546468,387.80392461060706,86811800
2023-02-01,397.1526794433594,399.92735910448135,388.98341710417714,391.74839003332494,101459200
2023-02-02,402.9340515136719,404.41322184036386,399.1636202401184,401.0778233077513,101654500
2023-02-03,398.6512145996094,403.11772760470126,397.43306396049513,397.9164533247474,94736800
2023-02-06,396.21490478515625,397.6264229410593,394.54239650327366,396.17625487954547,60295300
2023-02-07,401.3968200683594,402.6536204805971,394.02997165922136,395.2867720714591,90990700
2023-02-08,397.00762939453125,400.7587351134148,396.3115476167617,399.40525096323563,76227500
2023-02-09,393.5659484863281,400.7974639865983,392.32847289575335,400.6427758498083,78694900
2023-02-10,394.4844055175781,394.8711111130122,391.5550671141399,392.3768054405327,70769700
2023-02-13,399.1152648925781,399.25062808158475,394.6777538981279,395.1418183270479,64913500
2023-02-14,398.93157958984375,401.26149030908425,394.9387788116209,397.578065797823,88389300
2023-02-15,400.22705078125,400.30438009443037,395.86686946913744,396.7176394328418,61555700
2023-02-16,394.7164001464844,399.1925901765336,394.5810664725947,395.20946671680116,76431500
2023-02-17,393.7303466796875,393.97204138162147,390.62696546415714,392.5702003089054,89257800
2023-02-21,385.8317565917969,390.73333230100206,385.57073693116547,389.6698696958863,82655900
2023-02-22,385.3000183105469,387.8039717782475,383.8304957013582,386.24744262042213,83742300
2023-02-23,387.3495178222656,388.8383651288731,383.0860206513499,388.2196126624289,96242400
2023-02-24,383.2117614746094,384.0528542573553,380.5627971696402,382.28366214576,108194400
2023-02-27,384.51690673828125,387.9586365836898,383.5694529816539,386.5857978345967,80444700
2023-02-28,383.0957336425781,386.01539466885595,382.9893726445918,384.0335101532567,96438600
2023-03-01,381.626220703125,383.511450999788,380.31141581188444,382.2739754241372,99706800
2023-03-02,384.5942687988281,385.44503885619656,379.2963103985092,379.63468887638265,85127800
2023-03-03,390.76226806640625,391.01363995863846,385.77368665158235,386.43108905800466,90120000
2023-03-06,391.0329895019531,393.91400070480057,390.58827955243476,391.59370817710715,72795900
2023-03-07,385.0389404296875,391.2263476837906,384.4202174065238,390.9846530099192,108310600
2023-03-08,385.6673583984375,386.4310923018348,383.41474758470093,385.154966885639,74746600
2023-03-09,378.5518493652344,388.14230664435127,377.5560685265944,386.4600917151125,111945300
2023-03-10,373.0895690917969,380.09871461859655,371.552394509817,378.00079187237594,189253000
2023-03-13,372.5578308105469,377.4207560622375,368.0043113317684,369.1257781796911,157790000
2023-03-14,378.7162780761719,380.37913882802246,374.1917307721843,377.5271295052924,149752400
2023-03-15,376.3476257324219,376.55064100623656,370.9626610839545,373.0702611544312,172996900
2023-03-16,382.9507141113281,383.2987698011044,373.45696926841015,373.9693608225633,143254200
2023-03-17,378.47296142578125,382.7527306190726,377.07548456199856,381.607585016245,140553400
2023-03-20,382.11224365234375,382.52956760041235,378.5506409735536,379.2590639980232,93055800
2023-03-21,387.1295471191406,387.614781311772,383.8978708110625,385.50885188456004,91524200
2023-03-22,380.5303039550781,390.60376946392097,380.49150654755226,386.95482886160187,111746600
2023-03-23,381.55902099609375,387.49828204262354,378.82229337933086,383.4223034807919,119351300
2023-03-24,384.0628662109375,384.1502048122736,377.900385997234,380.268331243496,107682400
2023-03-27,384.7809753417969,387.1392358716309,383.87844691065965,386.36284344456976,74010400
2023-03-28,383.91729736328125,384.78099882168397,382.0636992020135,384.08226040286235,62871700
2023-03-29,389.4975280761719,389.74014519474224,386.90636421864724,388.1194498114992,77497900
2023-03-30,391.7781066894531,392.40890522902254,389.89539561567375,392.15657396665665,69840000
2023-03-31,397.3000793457031,397.6009221855854,392.60298614628937,392.70975307263075,112062600
2023-04-03,398.81402587890625,399.221606047356,396.3781405646604,396.77603618761646,67391100
2023-04-04,396.601318359375,399.75534053452026,395.21352609388964,399.46418225623887,66601500
2023-04-05,395.56298828125,396.63050961323876,393.8937811847812,395.86383116349003,65200200
2023-04-06,397.1059875488281,397.3874316919931,393.6996338110333,394.75744086790206,63743300
2023-04-10,397.5135803222656,397.5912343859073,393.98109045160913,394.6021748790041,63681000
2023-04-11,397.6203308105469,399.0372064417564,396.8439679043257,398.1443920612367,59297900
2023-04-12,395.9996337890625,399.99798862640296,395.4076622584617,399.70683032555564,86420400
2023-04-13,401.2595520019531,401.61862055475564,395.9413747536693,397.096234465644,85814800
2023-04-14,400.2794494628906,402.8317864855993,397.95033086835736,400.6191193783402,78161500
2023-04-17,401.7157287597656,401.73512746766295,398.94988764247563,400.1920861239081,66436400
2023-04-18,401.9776916503906,403.44310835321613,400.5899290016235,403.30722856678597,63560000
2023-04-19,401.9097900390625,402.8220030713363,399.988251980332,400.0464777139592,55227300
2023-04-20,399.7165222167969,401.4827817812853,398.1540527201049,399.06629536917717,75840400
2023-04-21,400.027099609375,400.49290550238106,398.05704987661363,400.017385447822,73457400
2023-04-24,400.44439697265625,400.87140545538995,398.4743472249128,399.823282955463,64332100
2023-04-25,394.0877685546875,399.0177642830043,394.02954282387884,398.4548760633963,97766700
2023-04-26,392.41864013671875,395.7958812792329,391.85578142114093,394.7089612654626,80447000
2023-04-27,400.2308654785156,400.5025954384482,394.72829676944957,394.98062802379576,92968400
2023-04-28,403.6469421386719,403.6566563005674,399.27983403968966,399.3380597783683,89433100
2023-05-01,403.2393493652344,405.28702354957994,403.00641680145253,403.200522335213,62122300
2023-05-02,398.7073059082031,402.56978149964687,395.7765014727869,402.52124030107325,103998500
2023-05-03,395.97052001953125,401.64776628515204,395.72790291088376,399.21188103710034,91531800
2023-05-04,393.1658630371094,395.242649988346,391.81689776102417,394.9126942901624,94901900
2023-05-05,400.44439697265625,401.5022040178637,396.5722373758648,396.8342531926733,87891800
2023-05-08,400.5511169433594,401.03635114215353,399.1342413754571,400.7743353366889,50046800
2023-05-09,398.7945861816406,399.92033311821206,398.56168323488316,398.98869171483597,49220100
2023-05-10,400.65789794921875,402.29799196809375,396.7954229291816,401.65747924921243,96142900
2023-05-11,399.9591979980469,400.2503267090445,397.8629824298167,399.7845207714483,70157100
2023-05-12,399.43505859375,401.4245364510285,396.98948905054544,401.2110322325972,70481500
2023-05-15,400.8132019042969,401.22078208633735,398.11530067751465,400.0465235019948,54289400
2023-05-16,398.1346740722656,400.62878504945314,398.12495991071864,399.6971140313283,57705500
2023-05-17,402.9676208496094,403.5789910888455,398.5131742656675,400.17266700485845,87287000
2023-05-18,406.8494873046875,407.27649577976723,402.42415366872075,402.64734245136754,97177200
2023-05-19,406.25750732421875,408.29549704026437,405.0250230257106,407.7617512267905,103793300
2023-05-22,406.4224853515625,407.975240775284,405.0250084318478,406.2769210091644,60745400
2023-05-23,401.86126708984375,406.35454064219726,401.46337148110194,404.7629582072301,86383500
2023-05-24,398.94989013671875,400.6288112952955,397.77563155010745,400.24062982048616,89213700
2023-05-25,402.4047546386719,403.87017154011295,400.23091469191013,402.492093249067,90961600
2023-05-26,407.61614990234375,408.3440012437636,402.98702603279827,403.0646504780238,93830000
2023-05-30,407.77142333984375,410.100541680163,406.3739464123829,409.5667958829626,72216000
2023-05-31,405.51025390625,406.8397909643,403.9283855701419,405.927548238156,110811800
2023-06-01,409.363037109375,410.43055840176334,404.4815816516049,405.74317887766006,88865000
2023-06-02,415.28289794921875,416.0786596192215,411.4301367787624,411.96388261287575,91426200
2023-06-05,414.487060546875,416.93263025879423,413.77860795130954,415.63220615366964,65460200
2023-06-06,415.38958740234375,415.9233331749512,413.4098235769365,414.0697645963024,64022200
2023-06-07,413.95330810546875,416.9326533736374,413.52629961547433,415.7875077033556,85373300
2023-06-08,416.4571533203125,416.9132747012552,413.2449049455442,414.0212679011985,61952800
2023-06-09,417.2043762207031,419.23265170531073,416.20479491266497,417.2626019577658,85742800
2023-06-12,420.98919677734375,421.0668508375782,417.46642122329814,418.19427255217755,76104300
2023-06-13,423.7647399902344,424.4149372405874,421.79469030014434,422.46431587318267,95899700
2023-06-14,424.2693786621094,426.09386403855734,420.7854005725501,424.1044156151187,100612100
2023-06-15,429.52935791015625,430.79095509566173,423.3474783917532,423.4445015472938,110303100
2023-06-16,428.0662841796875,432.108682807955,427.58899773042793,431.53398307430183,114165800
2023-06-20,425.84539794921875,427.00454766263437,423.7511461038106,426.10841678966347,76160400
2023-06-21,423.6634521484375,425.66029056375044,423.06925196557376,424.8518227878064,76982300
2023-06-22,425.1927795410156,425.29991334389166,422.35822244522035,422.6991540726303,70637200
2023-06-23,421.9783020019531,423.7803436206902,421.257497245002,421.7055626566452,92074500
2023-06-26,420.2541809082031,423.341976578197,420.01066258669255,421.4035802514072,72823600
2023-06-27,424.861572265625,425.48496373154705,420.68278940729704,421.1406050558911,72813700
2023-06-28,425.0758361816406,426.098601194805,423.14716046173373,423.77055187866887,75636000
2023-06-29,426.75128173828125,426.9168872953884,424.2479356997483,424.65702987977147,67882300
2023-06-30,431.7872314453125,432.78077555632774,429.67347920577805,429.99494005658494,104964000
2023-07-03,432.2840270996094,432.5664869725604,431.154098428725,431.4365880280361,32793400
2023-07-05,431.6410827636719,432.3813879439363,430.442961968195,430.4527122131005,58418400
2023-07-06,428.2610778808594,428.68967251820936,425.72848131279824,428.02730979734434,80658300
2023-07-07,427.17987060546875,431.1638569046927,426.93635225950135,427.2578131229402,86134200
2023-07-10,428.2610778808594,428.4364039434957,426.24473898146636,426.81943867101324,62443500
2023-07-11,430.98846435546875,431.48525125131926,428.0467736884947,429.030597234753,64463800
2023-07-12,434.4562072753906,435.87837584272705,433.375000069773,434.81663940362427,91924500
2023-07-13,437.90435791015625,438.7031050912749,435.8490776681561,436.2873927848511,72425200
2023-07-14,437.63165283203125,439.65771222475354,436.86212659849105,438.8005526873744,69815800
2023-07-17,439.1512145996094,440.2129509574791,437.4368360339106,437.4855575360118,52680200
2023-07-18,442.41436767578125,443.06698015944903,438.3816898250766,438.8200347136693,80668200
2023-07-19,443.3982238769531,444.59631513490996,442.33645771102164,443.21314755271635,65891700
2023-07-20,440.4564208984375,443.3007277766444,439.7356162290317,442.39484681757665,70591600
2023-07-21,440.4564208984375,442.39484681757665,440.4467003801723,442.1902700386732,71275600
2023-07-24,442.42413330078125,443.242351358419,440.5733701302625,441.61563576284726,54023400
2023-07-25,443.6319580078125,444.89824144117244,442.10265575154136,442.15137725366066,55191200
2023-07-26,443.7001647949219,445.1417743398263,441.6253837862583,442.687120179267,71052900
2023-07-27,440.7584228515625,447.5282442515531,439.8427915613847,447.1191203814564,92194400
2023-07-28,445.0736083984375,445.9112972112307,440.758440863608,444.06056379051773,80011800
2023-07-31,445.9210205078125,446.2814228695057,444.2261127664183,445.55086790076825,62040400
2023-08-01,444.6449890136719,445.395014750363,443.68063623637426,444.4404122184633,55291500
2023-08-02,438.4595947265625,441.76168757090204,437.69981878417275,441.4986984961213,93933400
2023-08-03,437.20306396484375,439.10251882323183,435.77117500002953,436.4238172019124,64276100
2023-08-04,435.2257080078125,441.15781109952064,434.69970007921177,439.03433834610644,100128900
2023-08-07,439.02459716796875,439.180452473231,436.37511643123077,437.07645044173086,58357500
2023-08-08,437.11541748046875,439.01487241076063,433.7256315080444,436.4627752538802,71361300
2023-08-09,434.19317626953125,437.5537410667036,433.42365003419826,437.3881355250402,78789600
2023-08-10,434.34906005859375,439.98895319524496,433.1704396040718,436.56994615352147,93005500
2023-08-11,434.0957946777344,435.11858955978454,431.8554378003375,432.4593585380865,68690900
2023-08-14,436.49200439453125,436.49200439453125,432.8587297423723,433.17044035569324,47867400
2023-08-15,431.4073486328125,435.06012359694716,430.83261921259293,434.6996914970112,75707500
2023-08-16,428.2415771484375,432.6638482927137,428.13441363341985,430.98844111659446,80107200
2023-08-17,424.97845458984375,429.985175967292,424.45244667677787,429.72218687393826,95711300
2023-08-18,425.18304443359375,426.22531011899486,421.7835377373851,422.13418989713045,98852000
2023-08-21,427.9493713378906,428.6993970971765,424.0336072701389,426.2057717615397,68719000
2023-08-22,426.79022216796875,429.7416631589512,426.22527271805467,429.7416631589512,64994200
2023-08-23,431.543701171875,432.16712236446233,427.71560016391174,427.8617052164373,68441000
2023-08-24,425.5628967285156,433.6769142078476,425.5336459923203,433.16065654981514,88517300
2023-08-25,428.5630187988281,429.8585231713777,423.7218734464887,427.30645595419304,102325100
2023-08-28,431.28076171875,431.9041532567325,428.56308852352925,430.77422450987956,61595400
2023-08-29,437.5147705078125,437.7972600904608,430.98846745487197,431.1735437614665,83081900
2023-08-30,439.3168640136719,439.95975604000654,437.14466957892125,437.8557538791918,69053900
2023-08-31,438.6739807128906,441.0896638250759,438.4889043807329,439.940264297416,66084600
2023-09-01,439.49212646484375,441.9078389055889,438.02126629665247,441.4208022646098,58944100
2023-09-05,437.5926818847656,439.3655024336204,437.52451934546986,439.0440713226715,55166200
2023-09-06,434.6510314941406,436.8816678920111,432.3035110450911,436.7745043608563,70758500
2023-09-07,433.3165283203125,433.998361817896,431.2709683748438,431.6216205062252,70355400
2023-09-08,433.9691162109375,435.5178891561439,433.0047931779344,433.3651955346585,61659700
2023-09-11,436.8232116699219,437.13489255414964,434.8945357090652,436.61863486064624,60180100
2023-09-12,434.42694091796875,436.90109541972345,433.8425207199116,435.36207268757624,67565400
2023-09-13,434.9334716796875,436.1023417850181,433.54052429112454,434.650982103864,60199300
2023-09-14,438.6836853027344,439.38501934482065,436.11214696599234,437.4271520106992,83430800
2023-09-15,433.39825439453125,437.4158327666278,432.95839314801873,437.0834832144138,111848900
2023-09-18,433.6524353027344,434.9622941238854,432.6064932410341,433.0854632297016,55752200
2023-09-19,432.7531433105469,433.3201154224225,430.0454532295928,432.72381922415445,66514600
2023-09-20,428.7746276855469,434.4441688205573,428.56932928566505,434.0238470457339,82562600
2023-09-21,421.6877136230469,426.16469269187604,421.5313085692554,425.90077594366056,104095800
2023-09-22,420.739501953125,424.3367284697756,420.31915034642003,422.7238443366611,100829700
2023-09-25,422.5088195800781,422.547898470282,419.077752682607,419.5176437627186,70874500
2023-09-26,416.3016357421875,420.15302449578013,415.4609622919606,419.439432018477,96168400
2023-09-27,416.4678039550781,418.0513939980137,412.7923894609656,417.48442192763537,104705800
2023-09-28,418.88226318359375,420.5733649661584,415.3143603011989,415.9106564703267,92258300
2023-09-29,417.86566162109375,422.13737223678123,416.33096495125204,421.96142773266575,115111300
2023-10-02,417.6994934082031,418.96048874831854,414.91358595822464,417.0250096098541,83798600
2023-10-03,412.108154296875,417.758157023375,410.7298625636954,415.5001128606303,103760600
2023-10-04,415.1090393066406,415.86171061306374,411.10124582454966,412.57729418735,87453000
2023-10-05,414.9526672363281,415.80309549159205,411.697574633212,414.8158016254417,70142700
2023-10-06,419.87933349609375,421.43356963087496,411.1403983750862,412.4795812806465,113273300
2023-10-09,422.56744384765625,423.14417067329146,417.40619666732874,417.9633542177549,80374400
2023-10-10,424.7668762207031,427.38659384117693,422.80207308974036,423.202855460451,78607300
2023-10-11,426.5068664550781,426.7609985887564,423.4374729231584,425.84216728820184,62451700
2023-10-12,423.90667724609375,427.50390423107496,421.53133685909927,427.1226911247353,81154200
2023-10-13,421.7952575683594,426.6339404741097,420.21169729555845,425.421808672348,95143100
2023-10-16,426.2331237792969,427.3083898752736,423.8186748401911,424.06305214240336,75433200
2023-10-17,426.21356201171875,428.28590662920664,422.72387674637235,423.07576574877464,75324700
2023-10-18,420.53424072265625,425.3924628264014,419.4394351496232,424.4247382272408,93559800
2023-10-19,416.8392639160156,423.0855623664448,416.15502533712146,421.2576248349315,121323000
2023-10-20,411.71710205078125,416.94678223342015,411.6095605266244,416.3993794682944,123919900
2023-10-23,411.0035095214844,414.9037915113143,408.4033314720022,410.172620735965,92035100
2023-10-24,414.10223388671875,415.26547224008635,411.2772179339079,413.1442641159414,78564200
2023-10-25,408.1589660644531,412.4307064474165,407.64088736705776,412.4013823638362,94223200
2023-10-26,403.27142333984375,407.94391629421784,402.3428074644633,407.0837332248422,115156800
2023-10-27,401.4434814453125,405.27533073382756,400.00654169102114,404.8745483717502,107367700
2023-10-30,406.2430725097656,407.3085540305697,402.9488710544542,404.2587298918982,86562700
2023-10-31,408.79437255859375,409.11693747926455,404.8940904395608,406.8197848189247,79665200
2023-11-01,413.1540222167969,413.9751263256312,409.23420096699374,409.77184889991,98068100
2023-11-02,421.0718994140625,421.2283044757911,416.96634857952904,416.9858880255394,94938900
2023-11-03,424.9134826660156,426.47750337482717,423.27127434580973,423.3983553166376,100167800
2023-11-06,425.8909912109375,426.3406370959797,423.92618814768423,425.67593799092367,67831700
2023-11-07,427.1031188964844,427.7482785955101,424.73756316460566,425.89101694564454,64256100
2023-11-08,427.4159240722656,428.2370282711835,425.089447259724,427.7091649178737,61746000
2023-11-09,424.08258056640625,428.6084528587547,423.6524741391931,428.5693441386772,83174400
2023-11-10,430.7003479003906,431.0131580282903,424.07283620049714,426.1745050094602,89462200
2023-11-13,430.289794921875,431.40413994370897,428.5596143055894,429.351394403823,52236100
2023-11-14,438.6376953125,439.9377693672147,436.0570568157868,436.2818946614164,97176900
2023-11-15,439.56634521484375,441.22812284523997,438.7061323158723,439.98666702600025,77327600
2023-11-16,440.10400390625,440.42656883560966,438.0414438599302,439.11671000982096,66665800
2023-11-17,440.6513977050781,441.2672332979486,439.1851338482301,440.11374972550516,83133200
2023-11-20,444.0433349609375,444.8937631847096,440.3874302988097,440.39721493671476,69936200
2023-11-21,443.07562255859375,443.91629605533006,441.79508778264886,442.987650302752,49244600
2023-11-22,444.7862243652344,446.1156523862387,443.68166403013447,444.7471454758028,59394900
2023-11-24,445.0599365234375,445.25545030018225,444.5027789390216,444.8351284945164,29737400
2023-11-27,444.2583923339844,445.2456563416009,443.8673647886803,444.4245521926465,50506000
2023-11-28,444.6982421875,446.0081009033273,443.30041122559606,443.8673534218269,62115000
2023-11-29,444.38543701171875,448.01201757256354,443.9846844966707,446.8683186984809,63146000
2023-11-30,446.1352233886719,446.48714223694196,443.1440474188456,445.2359315687219,79752700
2023-12-01,448.77447509765625,449.3120932196739,444.92308650253847,445.5193527894594,89183400
2023-12-04,446.4186706542969,448.79401080674774,444.12151811066195,445.3531892258051,72430900
2023-12-05,446.33074951171875,447.29847416658373,444.63964769422057,445.0208906377833,69793500
2023-12-06,444.5321350097656,448.5203597938999,444.09224389604356,448.4910357083995,69124700
2023-12-07,447.9240417480469,448.5789561923744,446.027671554647,446.6337224725188,66995400
2023-12-08,449.8497619628906,450.38738010975453,446.92698906447293,447.1713663732682,83194400
2023-12-11,451.5994873046875,451.7754616408042,449.1361747424168,449.351227969924,65002200
2023-12-12,453.6620178222656,453.75977470681374,450.2407356815716,451.2475689468702,68327600
2023-12-13,459.9180908203125,460.17225276505405,453.6815771856103,454.04325082622603,93278000
2023-12-14,461.39410400390625,463.0754209372188,458.69616920060645,461.87307394200644,119026000
2023-12-15,460.6344299316406,461.9790722841804,458.7696383555202,460.7914691104517,141553700
2023-12-18,463.2255554199219,464.21685218338376,461.1841058940797,462.2539072749284,70375300
2023-12-19,466.0423583984375,466.1208929649243,463.6966548994257,463.7751595137513,55761800
2023-12-20,459.5843200683594,467.0827543546259,459.1524697744098,465.17869531825653,102921000
2023-12-21,463.9420166015625,464.21682767615175,460.1535175531242,462.5973742504415,86667500
2023-12-22,464.8744201660156,466.57237828807547,462.9605668589321,465.08052099400504,67160400
2023-12-26,466.8373718261719,467.75013402978874,465.208123940573,465.28665851095707,55387000
2023-12-27,467.6814270019531,467.82864187280944,466.0914464923829,466.63124433624307,68000300
2023-12-28,467.85809326171875,468.7021451712498,467.4360673069532,468.04457541887774,77158100
2023-12-29,466.5036315917969,468.19176527280877,464.53086253578005,467.6617618043553,122283100
2024-01-02,463.8929138183594,464.8940348140508,461.772929886034,463.41200193747073,123623700
2024-01-03,460.1044921875,462.4600201485641,459.4959840423761,461.7140914792313,103585900
2024-01-04,458.6224365234375,462.234247882289,458.39668708144865,459.62352762063693,84232200
2024-01-05,459.2505798339844,461.72387950592247,457.78816558654415,458.8285239371963,86118900
2024-01-08,465.80682373046875,465.95403860531457,459.6235294174898,459.7511256264101,74879100
2024-01-09,465.10015869140625,466.13069275931775,462.617034648156,463.1273895276289,65931400
2024-01-10,467.73046875,468.6039935335334,465.09030568699995,465.3749410599913,67310600
2024-01-11,467.5244445800781,469.26164017140127,463.5102255358753,468.74146092978486,77940700
2024-01-12,467.8482666015625,469.7327068294288,466.4251495619597,468.98677820454157,58026400
2024-01-16,466.13067626953125,467.7795427007241,464.29532768755536,466.45457893232725,85014900
2024-01-17,463.5396423339844,464.0303785701395,461.1644657720421,463.0783490739121,68843900
2024-01-18,467.66180419921875,468.221250691515,463.66723403940006,465.2277716609403,91856200
2024-01-19,473.4917297363281,473.7763651231368,467.71087279007605,468.8002927931282,110834500
2024-01-22,474.4928283691406,476.2300236780112,473.83522870352135,475.04245049913897,75844900
2024-01-23,475.8767395019531,476.12210762567906,473.9432674410699,475.04251184301586,49945300
2024-01-24,476.39691162109375,479.7142632360057,475.8963511029374,478.77205810079477,81765000
2024-01-25,478.98797607421875,479.2627871492226,476.3969045030626,478.5463015116022,72525000
2024-01-26,478.3795166015625,480.0578261962096,477.5256403157274,478.5561744637014,76641600
2024-01-29,482.1679382324219,482.31518305508706,478.14392532855254,478.69354747987603,61322800
2024-01-30,481.7950134277344,482.5114691291103,481.0294361816153,481.47111075404376,58618400
2024-01-31,473.93341064453125,480.01852172451737,473.91376202659535,479.5670527944145,126011100
2024-02-01,480.1363525390625,480.1657955155809,474.8363771484392,475.6510160857212,91891600
2024-02-02,485.19091796875,486.85940318418886,480.23446406038255,480.5779854127902,99228200
2024-02-05,483.42425537109375,485.22036677277737,481.14726199372336,484.55297267858543,75757100
2024-02-06,484.8277587890625,485.1614558189623,482.93349424710465,484.37625990846743,55918600
2024-02-07,488.8714294433594,489.29345540498053,486.18217458429916,487.0949667191754,70556500
2024-02-08,489.08740234375,489.4701610584592,488.04704384960263,488.871477187295,52343600
2024-02-09,491.9139404296875,492.35558500388726,489.2541288679318,489.597650171526,63979400
2024-02-12,491.69805908203125,494.17135877415075,490.97174913066334,491.8845412362321,56502300
2024-02-13,484.9258728027344,487.88011432720253,481.6281398981603,485.3675473659573,113099200
2024-02-14,489.33270263671875,489.82343883770176,485.23994954156973,487.58568295930564,68387800
2024-02-15,492.708984375,492.8954665329509,489.5584363078264,490.0393781661973,61683000
2024-02-16,490.2552795410156,493.5530123703475,489.50935094536004,492.4047064556252,75532900
2024-02-20,487.5562744140625,489.1756980012297,485.2890754015959,488.49847959987864,71736700
2024-02-21,487.9978942871094,488.1549334688022,484.4155259392156,486.2410802182536,59293400
2024-02-22,498.0972595214844,499.06890764502174,493.70025224086135,494.67193031656035,76402500
2024-02-23,498.4407653808594,500.6785212594889,497.7046610793081,499.8344394185865,61321800
2024-02-26,496.615234375,499.324107916151,496.48763816441505,498.88243333368956,50386700
2024-02-27,497.53778076171875,497.7635301893359,495.39817818610493,497.3120612862613,48854500
2024-02-28,496.8802490234375,497.469108528036,495.6043168750962,495.9674568869859,56506600
2024-02-29,498.66650390625,500.295751750158,495.9871033156694,498.6567095493246,83924800
2024-03-01,503.34808349609375,503.77993373721426,499.13758857340855,499.54982014980897,76844800
2024-03-04,502.8083190917969,504.6731406897514,502.5138893406261,502.5433622679051,49799300
2024-03-05,497.783203125,501.238005409459,495.5552713875458,500.78650650499986,72855600
2024-03-06,500.3055725097656,502.58259574187963,499.00022735337984,501.0907384749683,68382400
2024-03-07,505.27178955078125,506.33179648599753,500.3644276896388,503.63274746236914,58652100
2024-03-08,502.2391052246094,508.61864647578443,501.6600400481044,505.90983271523226,86532500
2024-03-11,501.8072204589844,502.39610990465496,499.0787283144667,501.0220544995312,62557200
2024-03-12,507.20538330078125,507.7942428344025,501.39502301552585,503.93706312836593,73114400
2024-03-13,506.4103088378906,507.7058596541813,504.9577487882575,507.5292018025495,55104100
2024-03-14,505.40924072265625,507.5488434354038,502.33722721885914,507.391774299899,110171800
2024-03-15,501.9388122558594,503.77989353927506,500.2552881350044,502.31293540387725,107646300
2024-03-18,504.921875,507.5013175083765,504.5083926373261,506.0442443605613,88893300
2024-03-19,507.72784423828125,508.0133339755885,503.20886197881583,504.2229484462538,60755300
2024-03-20,512.4239501953125,512.5617976859555,507.107567876367,507.78689040545135,69594600
2024-03-21,514.1173095703125,515.9977198182323,513.8317597828803,515.2888929469045,60256100
2024-03-22,513.142578125,514.5208724540569,512.9062424404649,514.0286116028717,79070800
2024-03-25,511.7249450683594,512.8866736492802,511.5673879205202,511.75444947705085,48512100
2024-03-26,510.77984619140625,513.5069913057586,510.376218619286,513.1623725583848,65463700
2024-03-27,515.0723266601562,515.1117459956549,511.4492931308559,513.6349630852659,82999800
2024-03-28,514.973876953125,516.490019045119,514.6883872349583,515.1117244407011,96294900
2024-04-01,514.077880859375,516.2635505203092,512.9062975041601,515.722075543962,62477500
2024-04-02,510.8093566894531,510.9471440833823,508.48583939287244,510.2186075094628,74230300
2024-04-03,511.3704528808594,512.8866549438985,509.65739452586894,509.70660859885675,59155800
2024-04-04,505.128662109375,515.7614866884437,504.82346272177824,515.4169280571225,96858100
2024-04-05,510.4057312011719,512.3846300277044,506.05416080395946,506.49720772027257,74546500
2024-04-08,510.6911315917969,512.1285550870866,509.8740217431722,511.1145288556158,48401800
2024-04-09,511.281982421875,512.6898416990273,506.3888767374995,512.443711194131,68049200
2024-04-10,506.16241455078125,508.1708176740939,504.16386626133215,505.53230608801437,82652800
2024-04-11,509.9822998046875,511.43937286090204,504.15394748938644,507.6982019846705,70099000
2024-04-12,502.9430236816406,507.83609877565436,501.20040067217343,506.4085299882091,92561100
2024-04-15,496.64208984375,507.3241285380858,495.7855305434991,507.1567766386015,92101400
2024-04-16,495.736328125,498.66035947019793,494.4367519615287,497.1245076570864,73484000
2024-04-17,492.80242919921875,498.38468163937944,491.3945700811529,498.21729969506373,75910300
2024-04-18,491.78839111328125,496.32705290290846,490.84325845881517,494.21033673036214,74548100
2024-04-19,487.4958801269531,492.7138343128459,486.2159835969546,491.7096327653415,102212600
2024-04-22,491.9852600097656,494.6040917357982,487.761652861239,490.12449929183884,67961000
2024-04-23,497.823486328125,498.2566783621757,491.79821718479525,494.0133914313267,64633600
2024-04-24,497.5871887207031,499.5168431220452,495.3424801184661,498.7193828321204,55928100
2024-04-25,495.6969299316406,496.46485582440346,489.7897984349343,491.4536428767912,69122400
2024-04-26,500.3930969238281,501.98801755129347,497.872723331869,498.5126565404513,64306100
2024-04-29,502.16522216796875,502.84454466129057,499.398718119314,502.1947566222339,46415400
2024-04-30,494.2103271484375,501.6729901263906,494.2103271484375,500.6884682005526,77483600
2024-05-01,492.60552978515625,500.32417773644914,492.13294846540316,493.619586122049,80242800
2024-05-02,497.2131042480469,498.05980872309107,491.8179133080799,496.34672015087597,62550200
2024-05-03,503.376220703125,504.61669789111306,500.6884650462391,503.24822804633646,72756700
2024-05-06,508.5745544433594,508.61391369216517,505.355148162416,505.79819509591977,47264700
2024-05-07,509.13568115234375,510.5435402899154,508.4563586225624,509.54916353424784,52561300
2024-05-08,509.1849365234375,509.7264116063461,507.16667843780317,507.28481627078486,42047200
2024-05-09,512.1187133789062,512.1581327107517,508.7123062391851,509.37191905270333,43643700
2024-05-10,512.7784423828125,514.5505698868354,511.5477899369006,513.7333998374235,52233200
2024-05-13,512.8472900390625,514.5800582433153,511.6954162109544,514.4717752531619,36716400
2024-05-14,515.2002563476562,515.7220817556282,512.502676175538,513.044151158407,57535900
2024-05-15,521.5800170898438,521.8753616282006,517.0511805034056,517.6911437452166,59504900
2024-05-16,520.5068969726562,523.2931108352446,520.3591946482824,521.6784804626144,50244800
2024-05-17,521.255126953125,521.324050696315,519.1580905190848,520.6250185214858,59187600
2024-05-20,521.855712890625,523.3324958452743,520.9794739158245,521.373306739912,37764200
2024-05-21,523.135498046875,523.293055188179,520.8809647194204,521.0877359334659,33437000
2024-05-22,521.6292724609375,523.1552694386295,519.4337476893709,522.4365876566568,48390000
2024-05-23,517.8191528320312,524.8190890203099,516.5982952173239,524.7108060345491,57211200
2024-05-24,521.245361328125,522.062531462435,518.7249872606668,519.6799448144909,41291100
2024-05-28,521.6095581054688,522.2987354702987,518.95133689281,522.0624598230312,36269600
2024-05-29,517.9569702148438,519.148263398525,517.2382884253442,517.543487824079,45190300
2024-05-30,514.5209350585938,517.0708730177894,513.2607783732564,516.4014053895721,46377600
2024-05-31,519.2073974609375,519.3353901368334,510.3368440263071,515.4859352961895,90785800
2024-06-03,519.630615234375,521.1172528275335,514.5110896472963,520.8317631264383,46835700
2024-06-04,520.2115478515625,520.9597941196552,516.8346449019963,518.3114277709847,34632700
2024-06-05,526.394287109375,526.4139967755568,520.5462248457087,522.5546879019944,47610400
2024-06-06,526.384521484375,527.1327678407445,524.4351870962748,526.6995757444492,30808500
2024-06-07,525.7445678710938,528.5799958497668,524.2972893803054,525.3999491397393,43224500
2024-06-10,527.3689575195312,527.6938665613864,524.3268185972163,524.927362515156,35686100
2024-06-11,528.6390380859375,528.6981069954104,523.8148568140152,525.8036102503464,36383400
2024-06-12,532.9807739257812,535.6980640483052,531.9371830907995,533.246614073991,63251300
2024-06-13,534.053955078125,534.9203392196645,531.2382366633478,534.7431324757749,44760900
2024-06-14,534.3788452148438,534.4083496258869,531.4941430630411,532.508229500441,40089900
2024-06-17,538.6318969726562,540.039816141854,533.2268814613034,533.6896379923317,55839500
2024-06-18,540.0004272460938,540.1284199050533,538.2676590236715,538.6909962454417,41376400
2024-06-20,538.533447265625,541.6051506036705,536.7416103033577,540.9356829623472,70328200
2024-06-21,537.8115234375,538.9375137844564,536.3398628555373,537.7028911104192,64338600
2024-06-24,536.0632934570312,540.2215244420265,535.9447744997484,537.6337600674972,45528700
2024-06-25,538.1275634765625,538.4930069445525,535.7669505898007,537.2978705616919,37936200
2024-06-26,538.7991943359375,539.5201946501434,536.3497223654682,537.0015765793066,38550600
2024-06-27,539.6486206054688,540.2313890252565,537.9102622571704,538.6609224788729,35041500
2024-06-28,537.5250244140625,543.5105326991545,536.2706888358666,540.42885920361,76144500
2024-07-01,538.6312866210938,539.1646218711988,535.8459708574896,538.9176973561733,40297800
2024-07-02,542.2561645507812,542.2561645507812,536.962116997755,537.0114898478076,40434800
2024-07-03,544.676025390625,545.041468871229,541.9005960927817,541.9400823151169,32789900
2024-07-05,547.81689453125,548.2218242315001,544.3401778909604,544.9822057765736,41488400
2024-07-08,548.4490356445312,549.4070738750903,547.3724181791679,548.6070408170895,36110500
2024-07-09,548.9822998046875,550.3255545925022,548.6860024668314,549.4168893283099,27289700
2024-07-10,554.4146728515625,554.760343052966,549.9206588117951,550.2169561678987,38701200
2024-07-11,549.6342163085938,555.4122863317111,548.9922487177857,554.5332205594168,53054200
2024-07-12,553.1010131835938,556.7357347196536,550.2959845223418,550.7700602883441,53084400
2024-07-15,554.6221313476562,557.8914095784243,552.7454808834603,555.1159803872545,40584300
2024-07-16,557.9111328125,558.2074301848496,555.1850764182681,555.9456232442218,36475300
2024-07-17,550.088623046875,553.6147127596594,549.7626657700799,551.9257271809707,57119000
2024-07-18,545.8612060546875,552.6368608446285,543.6586585801087,551.639276116981,56270400
2024-07-19,542.2363891601562,547.2637991893615,541.1696582953947,545.6241865270397,65509100
2024-07-22,547.8267822265625,548.4391502335842,544.2414332553465,546.1970562271703,43346700
2024-07-23,546.9674682617188,549.8910159782978,546.4736192248041,547.7180681590119,34439600
2024-07-24,534.57177734375,542.414101993874,533.6433387983191,542.1079180206098,74515300
2024-07-25,531.7864990234375,540.7252149134714,530.8383474445005,534.6903338025456,61158300
2024-07-26,537.7423706054688,540.4585404543662,534.828649074335,535.6089691765218,53763800
2024-07-29,538.0584106445312,540.320217524103,536.0434679983305,539.3029198591126,39515800
2024-07-30,535.3323364257812,540.6066704721179,531.8951665456115,539.5399397118119,46853600
2024-07-31,544.0339965820312,546.6909069240734,540.8437509599753,542.2264921510769,65663400
2024-08-01,536.3299560546875,548.0440410770948,532.7939799696431,545.7723474991777,76428700
2024-08-02,526.3443603515625,530.3840119652383,522.0972101428371,529.1592759231037,82789100
2024-08-05,511.0152893066406,517.1390300808872,503.9927395713321,505.3459113976493,146267400
2024-08-06,515.7266235351562,523.23310551279,511.49924643144766,512.8326148471089,84826300
2024-08-07,512.2794189453125,525.0504071552026,511.67693763261536,521.9687339288903,70698300
2024-08-08,524.1220703125,524.7541513400422,515.4204516421592,517.4649338517983,63276600
2024-08-09,526.4331665039062,527.9344868094374,522.0576714390269,523.2922939838902,45619600
2024-08-12,526.7098388671875,529.1395378593587,524.418371807059,527.6382775873748,42542100
2024-08-13,535.371826171875,535.608924341297,529.6827360761406,529.9296605871888,52333100
2024-08-14,537.060791015625,538.2559273057971,533.475442429411,536.1718386960852,42446900
2024-08-15,546.2661743164062,546.5525850520006,542.1277170257696,542.7400850013888,60846800
2024-08-16,547.4909057617188,548.1921930822297,544.4784387546481,544.6364439181536,44430700
2024-08-19,552.7257080078125,552.7257080078125,547.04644404856,547.9057365553024,39121800
2024-08-20,551.826904296875,553.9405925603355,550.4737628114597,552.2713804695546,33732300
2024-08-21,553.7232666015625,555.1949270256794,547.9057107172382,552.8837473869856,41514600
2024-08-22,549.3773803710938,556.2517805006497,548.1526444347239,555.6394125324648,56121500
2024-08-23,555.2146606445312,556.1628723911551,550.4341759795476,552.6466700550034,50639400
2024-08-26,553.8912353515625,556.9728488208845,552.1726501803229,556.2518484473743,35788600
2024-08-27,554.6517333984375,555.1455824402227,551.4516012531584,552.60719113133,32693900
2024-08-28,551.4318237304688,554.7406484553917,548.2119183574736,554.3060588906137,41066000
2024-08-29,551.481201171875,556.7456488400046,550.3256112930245,553.4171111191611,38715200
2024-08-30,556.74560546875,557.2592277234747,550.2860822039601,553.8714307928684,62700100
2024-09-03,545.2884521484375,553.9110383492275,542.7500604797434,553.5751944281147,60600100
2024-09-04,544.1723022460938,547.609472482038,542.7006416631017,543.4315286411534,47224900
2024-09-05,542.8487548828125,546.987212459813,540.369622930467,544.1130374259648,44264300
2024-09-06,533.7125244140625,544.8142412787463,532.8038590526223,543.1746889776059,68493800
2024-09-09,539.6880493164062,540.9721049715934,536.0039549877774,537.9497514376588,40445800
2024-09-10,542.038818359375,542.3944354912933,536.6953981658095,541.6141154106779,36394600
2024-09-11,547.5995483398438,548.5279869391354,533.3174727969968,541.9499443030138,75248600
2024-09-12,552.212158203125,552.5183422032788,545.9402390867614,548.1823330685932,51819600
2024-09-13,555.09619140625,556.1036627094621,552.5676868065235,552.824497945327,39310500
2024-09-16,555.916015625,556.1826531141121,553.0121808492725,554.8295115629904,36656100
2024-09-17,556.1431274414062,559.6099571126953,553.8911470351901,558.1481230600576,49321000
2024-09-18,554.4937133789062,561.6940105129354,553.9307182522333,556.8048930733479,59044900
2024-09-19,563.9558715820312,565.8325221847023,561.0915831115941,563.9855314630629,75315500
2024-09-20,562.9810180664062,564.0311870143781,559.9295598052497,562.5748463140295,77503100
2024-09-23,564.3877563476562,565.0416704048506,562.8323068106478,564.0608597882709,44116900
2024-09-24,566.0026245117188,566.0620657446156,562.336920565189,565.1902206826558,46805700
2024-09-25,564.75439453125,566.5872770519147,563.634867396296,565.8442312792934,38428600
2024-09-26,566.993408203125,569.381095644281,564.6156981825178,569.054138596357,48336000
2024-09-27,566.1710815429688,568.8955824862597,565.1308296402824,568.0733221030284,42100900
2024-09-30,568.4398803710938,569.054126648712,562.8125548304923,565.1308235636413,63557400
2024-10-01,563.3475341796875,568.7370948487,560.7518326540558,568.0832412262648,72668800
2024-10-02,563.5853271484375,564.6157226242663,560.0286486802867,562.4460266108737,38097800
2024-10-03,562.5549926757812,564.5166141116738,560.2465802739564,562.0992361787922,40846500
2024-10-04,567.6671142578125,568.0435956054741,562.8323584481524,567.0429509955953,42939100
2024-10-07,562.53515625,566.6566172003112,561.3760218130078,566.0027030784669,49964700
2024-10-08,567.8554077148438,568.4597975991435,564.2492046603182,565.1309064014863,37398700
2024-10-09,571.78857421875,572.3532962392944,567.2411076686911,567.8454370265796,37912200
2024-10-10,570.7879028320312,572.2244699604879,569.1630950388911,570.4312554050144,44138100
2024-10-11,574.2059326171875,574.9489783343695,570.5699187032751,570.7086350830941,42268000
2024-10-14,578.9019775390625,579.8431808838789,575.3452387315617,575.8306855964628,36217200
2024-10-15,574.404052734375,579.476572994963,573.1754997680354,579.1694498706809,54203600
2024-10-16,576.9006958007812,577.4258104780474,573.5916993280316,574.4041032535349,30725400
2024-10-17,576.9501953125,580.6852577252666,576.7619546491962,580.4771831597582,34393700
2024-10-18,579.1694946289062,579.9620646428958,577.1781224079018,578.6542969086659,37416800
2024-10-21,578.2183837890625,579.427042498055,575.2164499813167,578.4363148470578,36439000
2024-10-22,577.9112548828125,579.0803062430451,574.9985131991087,575.6622837872882,34183800
2024-10-23,572.6306762695312,576.3162146456757,569.0937712315641,575.8703751003621,49314600
2024-10-24,573.8690185546875,574.6814224050617,571.2237929175743,574.6021472693831,34979900
2024-10-25,573.6708984375,579.0406856675128,572.7198386240539,576.1180270991449,47268200
2024-10-28,575.4443969726562,577.3069699187241,575.1372737990611,577.1781704779371,30174700
2024-10-29,576.3756103515625,577.5049938494554,573.0665535889564,574.4733698377371,42899700
2024-10-30,574.6319580078125,577.9112641336919,573.9186026507842,575.900057964771,41435800
2024-10-31,563.367431640625,570.2926088073559,563.1692740005201,570.2232506098582,60182500
2024-11-01,565.7451171875,570.2133087354622,565.3290284899207,566.0225499653657,45667500
2024-11-04,564.5264892578125,567.1915489107644,562.624309204199,565.8837812272758,38217000
2024-11-05,571.3526611328125,571.3922684708153,565.2299713697657,565.4479024326085,39478300
2024-11-06,585.5596923828125,586.4414545700248,579.9621170222276,583.7367872329222,68182000
2024-11-07,590.0872802734375,591.1176757282863,587.5014956231886,587.5807707664578,47233200
2024-11-08,592.6433715820312,594.079938759187,590.642082391681,590.642082391681,46444900
2024-11-11,593.2080688476562,594.6049681604908,591.4643785924768,594.2483207362625,37586800
2024-11-12,591.3654174804688,593.7332108436276,588.8588472506333,593.1288814294384,43006100
2024-11-13,591.6526489257812,593.6737115669744,589.4433456119366,591.830972646838,47388600
2024-11-14,587.8482055664062,592.2668724936673,587.1547446119931,591.7814256378922,38904100
2024-11-15,580.3187255859375,584.7274757572158,578.4462357999879,584.2518853623797,75988800
2024-11-18,582.6964721679688,584.0240133120835,579.912529982768,580.7843146541127,37001700
2024-11-19,584.8264770507812,585.5596057832407,578.614656257366,579.2883437539291,49412000
2024-11-20,585.024658203125,585.3119474433167,579.2090919252475,584.9057757265481,50032600
2024-11-21,588.165283203125,589.601850428936,582.0029860760487,587.8978278493445,46750300
2024-11-22,589.9882202148438,590.6223004102239,587.6501175222468,588.1553378190617,38226400
2024-11-25,591.9895629882812,595.2886427548735,589.6811504715163,593.9611014741124,42441400
2024-11-26,595.08056640625,595.7542539284485,592.5244722270152,593.2476840361431,45621300
2024-11-27,593.2774047851562,595.2786333477459,591.7417891529773,594.8922955539285,34000200
2024-11-29,596.9629516601562,597.7555217105382,593.8223618450431,594.0997341515284,30177400
2024-12-02,598.032958984375,598.7165635076802,596.8836810038409,597.3790448477079,31746000
2024-12-03,598.3102416992188,598.5579235840632,596.7548526753004,597.7951044978051,26906600
2024-12-04,602.0255126953125,602.273194597734,599.3406795733608,600.0143670916415,42787600
2024-12-05,601.0347900390625,602.8379215598571,600.6781426092477,602.0255176569135,28762200
2024-12-06,602.1741333007812,603.4224597376833,601.3914802745837,601.80756893048,31241500
2024-12-09,599.0731201171875,602.2236264301217,598.4787077823735,602.0552196801261,34742700
2024-12-10,597.2106323242188,600.1828153588143,596.5468617112069,599.7568097134952,37234500
2024-12-11,601.827392578125,602.7883692976188,599.8855447683401,600.162977513686,28677700
2024-12-12,598.7264404296875,601.5301560606846,598.7264404296875,600.9555775780522,31543800
2024-12-13,598.6076049804688,601.5005129311277,597.2205620137203,600.777301060768,35904700
2024-12-16,601.16357421875,602.1444453296839,599.5982681600832,600.3809211894165,43695200
2024-12-17,598.686767578125,599.5586127152293,597.2997852012516,598.5877190044964,55773500
2024-12-18,580.8438110351562,600.7871021522338,580.4574127554304,598.3796413211339,108248700
2024-12-19,580.6654052734375,587.5014497021764,580.4177233806457,585.8766419728512,85919500
2024-12-20,587.6398315429688,592.2124929094322,577.4605847282822,578.3155242409914,125716700
2024-12-23,591.1588134765625,591.7651768174416,584.170527544758,587.3813894981963,57635800
2024-12-24,597.7295532226562,597.7693545388469,591.9341539525126,592.5206773116818,33160100
2024-12-26,597.7693481445312,598.9025328618192,594.5286958920398,595.9402471287322,41219100
2024-12-27,591.4768676757812,594.2304389583717,587.2521039804407,593.9918131022456,64969300
2024-12-30,584.7271728515625,588.2262908200153,580.9397987194927,584.3991760465713,56578800
2024-12-31,582.5999145507812,587.1328351597793,580.949737539049,586.4071285917476,57052700
2025-01-02,581.1685180664062,587.6199718025061,577.0530861463853,585.8903133449512,50204000
2025-01-03,588.43505859375,589.0811625401365,582.9478165136304,584.041321201932,37888500
2025-01-06,591.8248291015625,596.1390855434315,590.0752700038965,592.7294596379129,47679400
2025-01-07,585.1348266601562,594.2006689002225,583.2958358937603,593.8726113920105,60393100
2025-01-08,585.9896240234375,587.0731783463152,581.7251197011292,585.2043368516471,47304700
2025-01-10,577.0430297851562,582.470630044935,575.1145471146322,582.4010384255205,73105000
2025-01-13,577.937744140625,578.2955919136582,571.9335705869851,572.3511203282558,47910100
2025-01-14,578.7330322265625,581.5263443769164,574.9158069623404,580.8901300540899,48420600
2025-01-15,589.2601928710938,590.4132782739244,585.7014333708025,586.8247284588324,56900200
2025-01-16,588.126953125,590.8208227582206,587.4211471465483,590.6418988494736,43319700
2025-01-17,594.0316772460938,595.8010763252378,592.0733432585914,593.4153635662274,58070600
2025-01-21,599.4691162109375,599.4790665392256,595.1151195120758,597.1032436422324,42532900
2025-01-22,602.8389892578125,604.2107997343253,601.7653852603825,602.3220575789143,48196000
2025-01-23,606.12939453125,606.12939453125,601.9245310619552,602.202836913474,41152100
2025-01-24,604.35986328125,607.1532358314879,603.1968276944665,606.1889641125276,34604700
2025-01-27,595.8109741210938,596.1290812621284,591.1090799762113,591.2780535386339,70361100
2025-01-28,600.930419921875,601.7753484093994,593.7035692823513,597.0535535930056,44433300
2025-01-29,598.2365112304688,600.5427425880405,595.661863690058,600.1351431494525,37177400
2025-01-30,601.447265625,602.9979999567328,597.1529103972634,600.3737223226141,39281300
2025-01-31,598.2463989257812,606.3380781510739,597.4809517720367,603.8926637937758,66566900
2025-02-03,594.220458984375,596.7254539577673,586.9836585279035,589.1507063992589,65857200
2025-02-04,598.2066650390625,598.7235360264071,593.7333859975146,594.2801079680467,33457800
2025-02-05,600.6321411132812,600.7812746894733,595.0256772776311,597.0734426682163,30653100
2025-02-06,602.7197265625,602.8489594864907,599.051635066865,602.3916690883134,35771500
2025-02-07,597.2026977539062,604.518980132331,596.4869415034437,603.2863528555321,50788500
2025-02-10,601.2584228515625,601.904587470542,599.1609664310816,600.4433453406357,26048700
2025-02-11,601.7156982421875,602.2624202362164,598.8527946787375,598.9720772711535,30056700
2025-02-12,599.7772827148438,600.9602190183091,594.9561058904112,595.6420111533067,45076100
2025-02-13,606.1094970703125,606.3182719646068,599.6183027617225,600.8906707676058,40921300
2025-02-14,606.0796508789062,607.3619690957353,605.4533869264999,606.3182160659691,26910400
2025-02-18,607.8590087890625,607.8590087890625,604.767490295972,607.2526454845143,26749000
2025-02-19,609.2904663085938,609.5886727994638,605.9404819368957,606.4574136362269,31011100
2025-02-20,606.755615234375,608.0478837995475,603.415581218095,607.9087005473524,36554000
2025-02-21,596.3776245117188,606.6760934066054,595.9103837703437,606.5369101497928,76519800
2025-02-24,593.663818359375,599.4492667675623,592.948062133992,598.4452543900395,50737200
2025-02-25,590.71142578125,594.3397765506367,586.0592226451632,593.6041803376665,58266500
2025-02-26,591.0096435546875,596.0197552375269,588.3455644774521,592.3914043988187,43321600
2025-02-27,581.5759887695312,594.469005075742,581.178400354161,593.3059087957712,74196700
2025-02-28,590.6517944335938,591.1885661100836,578.9815154204292,582.0829842300604,88744100
2025-03-03,580.3036499023438,593.7930798421835,576.456634439968,592.6399338326904,74249200
2025-03-04,573.4346313476562,581.9140099307576,568.8520197647429,576.2677446518286,109648200
2025-03-05,579.5978393554688,581.4070396387077,569.6771191196135,573.2656687004999,71230500
2025-03-06,569.309326171875,576.7249905948024,566.7346786412188,572.0628369267654,80094900
2025-03-07,572.500244140625,573.961547019556,562.2713666790576,567.5100935122905,81158800
2025-03-10,557.2513427734375,566.1581002592635,552.2909826575575,564.2197277241329,99326600
2025-03-11,552.6189575195312,560.6708965233902,548.7421519304726,556.0783347089355,88102100
2025-03-12,555.5514526367188,559.7662660181003,550.4022185020889,558.831845264852,69588200
2025-03-13,548.1456909179688,555.7900306808465,546.4160326198083,555.1737170498407,74079400
2025-03-14,559.4680786132812,560.4820413534102,548.2152885508418,552.807850521361,62660300
2025-03-17,563.7823486328125,566.3271452015323,559.0108019778189,559.448191732102,49008700
2025-03-18,557.688720703125,561.6649689744013,555.7403372080155,561.4462437696595,66041400
2025-03-19,563.762451171875,567.5597757254244,558.2951095487034,559.4879962192153,66556000
2025-03-20,562.1322021484375,567.182054918567,559.2593479394812,559.985054575032,62958200
2025-03-21,562.317626953125,563.2249787707245,556.3852134999472,557.6315290750271,83763000
2025-03-24,572.3878784179688,573.4547318251052,568.5193101051706,569.117517223541,58766800
2025-03-25,573.7637939453125,574.7109450377018,571.9989917299893,573.6042314829477,38355700
2025-03-26,566.9140625,574.631238497171,565.5181647693191,573.494584132638,51848300
2025-03-27,565.4085083007812,569.2172558810057,563.2748014981253,565.5081892015498,42164200
2025-03-28,554.0221557617188,564.600928853177,553.4339288758671,563.8631197528184,71662700
2025-03-31,557.7411499023438,559.0572663570716,545.2580345314915,548.209331507722,95328200
2025-04-01,559.3164672851562,561.2806921988606,552.0479770454208,555.8068841455135,54609600
2025-04-02,562.8560791015625,565.747494747627,553.1746777226398,553.4139605782862,76014500
2025-04-03,535.1180419921875,546.3547813001727,535.1180419921875,543.5032260055101,125986000
2025-04-04,503.7906494140625,524.3199552475792,503.57129666287966,522.1264277357504,217965100
2025-04-07,502.893310546875,521.6279038372442,480.37984959166755,487.74808166979307,256611400
2025-04-08,495.0166015625,523.432565399183,487.71817046987917,520.321766684984,165816600
2025-04-09,547.0029296875,547.0029296875,491.5967157695939,491.98558084417215,241867300
2025-04-10,523.0337524414062,531.9274425958545,507.8187234468108,530.6013458963056,162331200
2025-04-11,532.3661499023438,534.8488005902628,518.5370382681921,521.4683746979002,97866300
2025-04-14,537.5308837890625,542.6757082402244,532.2863784402284,542.4463448071801,68034000
2025-04-15,536.0253295898438,541.6287592452915,535.2276998357879,538.079255112781,56892900
2025-04-16,524.1105346679688,536.3045268284891,518.7563681804631,530.1128095536914,83484800
2025-04-17,524.8583374023438,529.604316656272,522.3657063534529,526.0847532599682,79868100
2025-04-21,512.3652954101562,520.1622525299349,506.96125797993665,519.6238052831814,69368100
2025-04-22,525.6959228515625,527.7398682752878,517.6596822546041,518.6068942866489,75948100
2025-04-23,533.841796875,543.8223014706125,532.306358035387,538.8370393033936,90590700
2025-04-24,545.07861328125,545.8164223668259,533.8717533370633,535.137968583152,64150400
2025-04-25,549.0169677734375,549.4257324957449,542.0874411745963,545.0387382920208,61119600
2025-04-28,549.226318359375,551.9183721484593,543.4135463851055,549.7647656303432,47613800
2025-04-29,552.6860961914062,553.8127702769649,546.9330843434874,547.2920086038646,47775100
2025-04-30,552.9054565429688,554.8796618213433,539.9238747243568,545.9560300157574,93101500
2025-05-01,556.8238525390625,562.4073827721945,556.2156651498251,558.7182765361568,63186100
2025-05-02,565.0894165039062,566.7046364907385,560.7223222120272,563.0653709624233,60717300
2025-05-05,561.8489990234375,564.9797581165675,560.0443366413908,560.9117673476358,38659200
2025-05-06,557.1528930664062,561.6894695117311,555.3183506499339,556.2854623092777,48264700
2025-05-07,559.4959716796875,562.1580845152806,554.4009877287364,558.4989192920236,55588000
2025-05-08,563.3944702148438,568.6289957190513,560.0443884974118,563.5739323580718,65130800
2025-05-09,562.6765747070312,565.8272334952061,561.1012148853195,564.8102205798259,37603400
2025-05-12,581.2716064453125,581.2815867067962,575.3391321114739,579.7560672258437,78993600
2025-05-13,585.1102905273438,587.343678293745,581.1220807001266,581.6903470478828,67947200
2025-05-14,585.8580932617188,587.2439499583633,583.8140869943453,586.0774155967079,66283500
2025-05-15,588.7196044921875,589.2280501171933,583.3753571741278,583.8340232035316,71268100
2025-05-16,592.4485473632812,592.7476509117832,587.5430666021017,589.5072306166389,76052100
2025-05-19,593.0966186523438,593.784587269064,586.3665146930052,586.3665146930052,68168500
2025-05-20,591.1025390625,592.2990142108393,587.8621184990102,591.341882776371,60614500
2025-05-21,581.1419677734375,590.8333490882792,580.1050551487234,586.7055374013049,95197700
2025-05-22,581.371337890625,584.8909013825514,579.6962362276395,580.942551785946,70860400
2025-05-23,577.4030151367188,580.0950688548037,573.9033513887334,574.2822361785879,76029000
2025-05-27,589.4075927734375,589.5670943925401,576.725053693289,584.3425491795706,72588500
2025-05-28,585.9976196289062,591.0228029471133,585.2598105493923,589.8163475692377,68445500
2025-05-29,588.310791015625,591.4515306022613,584.342541704147,591.3119286527991,69973300
2025-05-30,587.6527709960938,589.3876325602934,581.5208739520402,587.194104951146,90601200
2025-06-02,590.9629516601562,591.0426720366128,583.3354764354921,586.0275300945058,61630500
2025-06-03,594.3330078125,595.3200799781005,590.1054544048488,590.5940612123461,63606200
2025-06-04,594.1734619140625,596.1875273458553,593.7347563998676,595.2004551527299,57314200
2025-06-05,591.3019409179688,597.2344151426059,589.3078360260068,595.8684581600321,92278700
2025-06-06,597.3740234375,599.0590445233215,595.1007146259882,596.8953968767723,66588700
2025-06-09,597.9124145507812,599.477794222525,596.7259196839311,597.9522747414663,53016400
2025-06-10,601.3023681640625,601.6911723434343,597.3241388928317,598.4507520987654,66247000
2025-06-11,599.5874633789062,603.2765697174132,597.5036577794746,602.4091389302424,73658200
2025-06-12,601.9703979492188,601.9703979492188,597.7528856906831,598.2414316391353,64129000
2025-06-13,595.2402954101562,600.0759753105004,593.7247562563699,596.73587404184,89506000
2025-06-16,600.903564453125,602.6683667667999,598.4507935133779,598.6303165073551,79984100
2025-06-17,595.768798828125,599.9763310919831,595.0010489432416,598.4408921774705,82209400
2025-06-18,595.6790161132812,599.4478427165867,594.711843595377,596.6760685598517,76605000
2025-06-20,594.280029296875,599.4600219726562,592.8599853515625,598.3800048828125,94051400
2025-06-23,600.1500244140625,600.5399780273438,591.8900146484375,595.0399780273438,87426000
2025-06-24,606.780029296875,607.8499755859375,603.4099731445312,604.3300170898438,67735300
2025-06-25,607.1199951171875,608.6099853515625,605.5399780273438,607.9099731445312,62114800
2025-06-26,611.8699951171875,612.3099975585938,608.3699951171875,608.989990234375,78548400
2025-06-27,614.9099731445312,616.3900146484375,610.8300170898438,612.8800048828125,86258400
2025-06-30,617.8499755859375,619.219970703125,615.0399780273438,617.3800048828125,92502500
2025-07-01,617.6500244140625,618.8300170898438,615.52001953125,616.3599853515625,70030100
2025-07-02,620.4500122070312,620.489990234375,616.6099853515625,617.239990234375,66510400
2025-07-03,625.3400268554688,626.280029296875,622.4299926757812,622.4500122070312,51065800
2025-07-07,620.6799926757812,624.030029296875,617.8699951171875,623.3599853515625,74814500
2025-07-08,620.3400268554688,622.1099853515625,619.52001953125,621.3499755859375,59024600
2025-07-09,624.0599975585938,624.719970703125,620.9099731445312,622.77001953125,66113300
2025-07-10,625.8200073242188,626.8699951171875,623.010009765625,624.2000122070312,57529000
2025-07-11,623.6199951171875,624.8599853515625,621.530029296875,622.739990234375,63670200
2025-07-14,624.8099975585938,625.1599731445312,621.7999877929688,623.1599731445312,51898500
2025-07-15,622.1400146484375,627.8599853515625,622.0599975585938,627.52001953125,74317300
2025-07-16,624.219970703125,624.72998046875,618.0499877929688,623.739990234375,88987500
2025-07-17,628.0399780273438,628.4000244140625,624.1799926757812,624.4000244140625,68885700
2025-07-18,627.5800170898438,629.469970703125,626.4600219726562,629.2999877929688,65621600
2025-07-21,628.77001953125,631.5399780273438,628.3400268554688,628.77001953125,63375000
2025-07-22,628.8599853515625,629.72998046875,626.1900024414062,629.0999755859375,60046300
2025-07-23,634.2100219726562,634.2100219726562,629.72998046875,631.5499877929688,70511000
2025-07-24,634.4199829101562,636.1500244140625,633.989990234375,634.5999755859375,71307100
2025-07-25,637.0999755859375,637.5800170898438,634.8400268554688,635.0900268554688,56865400
2025-07-28,636.9400024414062,638.0399780273438,635.5399780273438,637.47998046875,54917100
2025-07-29,635.260009765625,638.6699829101562,634.3400268554688,638.3499755859375,60556300
2025-07-30,634.4600219726562,637.6799926757812,631.5399780273438,635.9199829101562,80418900
2025-07-31,632.0800170898438,639.8499755859375,630.77001953125,639.4600219726562,103385200
2025-08-01,621.719970703125,626.3400268554688,619.2899780273438,626.2999877929688,140103600
2025-08-04,631.1699829101562,631.219970703125,625.5800170898438,625.6699829101562,73218000
2025-08-05,627.969970703125,632.6099853515625,627.0399780273438,631.7899780273438,68051400
2025-08-06,632.780029296875,633.4400024414062,628.1300048828125,629.0499877929688,64357500
2025-08-07,632.25,636.97998046875,629.1099853515625,636.239990234375,74205800
2025-08-08,637.1799926757812,637.6500244140625,633.739990234375,634.0599975585938,63902600
5938,63902600
