time,open,high,low,close,volume
2024-01-12 12:00:00+00:00,1.27255,1.273055,1.2719550000000002,1.272455,2624.9199686795473
2024-01-12 12:15:00+00:00,1.272415,1.273095,1.27204,1.272865,1950.569971099496
2024-01-12 12:30:00+00:00,1.272885,1.2730549999999998,1.27248,1.27288,1926.799969613552
2024-01-12 12:45:00+00:00,1.272885,1.27306,1.272455,1.27275,1939.749970793724
2024-01-12 13:00:00+00:00,1.272755,1.273385,1.27253,1.273325,3037.4199588149786
2024-01-12 13:15:00+00:00,1.2733349999999999,1.274045,1.273185,1.273965,4743.219948977232
2024-01-12 13:30:00+00:00,1.2739449999999999,1.2768549999999999,1.27394,1.275285,13390.21983230114
2024-01-12 13:45:00+00:00,1.275255,1.27562,1.27408,1.275525,7683.799898773432
2024-01-12 14:00:00+00:00,1.27553,1.276325,1.274745,1.27527,6757.779902890325
2024-01-12 14:15:00+00:00,1.2752599999999998,1.27672,1.27523,1.27667,5302.089919798076
2024-01-12 14:30:00+00:00,1.276665,1.27801,1.27665,1.27775,5838.239913508296
2024-01-12 14:45:00+00:00,1.27776,1.278135,1.2767300000000001,1.276865,5377.699918806553
2024-01-12 15:00:00+00:00,1.27686,1.2785600000000001,1.276455,1.277975,6202.96991506964
2024-01-12 15:15:00+00:00,1.27798,1.27857,1.27736,1.27763,5744.6999274119735
2024-01-12 15:30:00+00:00,1.277635,1.2781150000000001,1.27665,1.276975,5236.459930621088
2024-01-12 15:45:00+00:00,1.27699,1.27726,1.2758099999999999,1.276175,6069.949918992817
2024-01-12 16:00:00+00:00,1.27617,1.2769,1.275585,1.2758099999999999,4566.6699426323175
2024-01-12 16:15:00+00:00,1.275805,1.276215,1.27541,1.276195,4727.069937281311
2024-01-12 16:30:00+00:00,1.2762,1.276365,1.27468,1.2747700000000002,4899.9299423620105
2024-01-12 16:45:00+00:00,1.27475,1.274855,1.274275,1.274375,3389.889945961535
2024-01-12 17:00:00+00:00,1.27437,1.27446,1.2732450000000002,1.273795,9050.51994715631
2024-01-12 17:15:00+00:00,1.2738,1.274245,1.27358,1.2741099999999999,5466.229964569211
2024-01-12 17:30:00+00:00,1.2740999999999998,1.274305,1.2735750000000001,1.2743000000000002,3352.8699610307813
2024-01-12 17:45:00+00:00,1.2742900000000001,1.274375,1.273615,1.2739449999999999,1890.879973500967
2024-01-12 18:00:00+00:00,1.2739500000000001,1.2745549999999999,1.27353,1.274485,4733.909993365407
2024-01-12 18:15:00+00:00,1.2744550000000001,1.274835,1.274365,1.274775,1582.8099715486169
2024-01-12 18:30:00+00:00,1.27477,1.274975,1.27432,1.2743799999999998,1590.8999722525477
2024-01-12 18:45:00+00:00,1.274385,1.274985,1.274265,1.27489,1413.01997602731
2024-01-12 19:00:00+00:00,1.27488,1.27565,1.27487,1.27548,1146.549982279539
2024-01-12 19:15:00+00:00,1.27549,1.27553,1.27495,1.27531,1662.3599772453308
2024-01-12 19:30:00+00:00,1.275315,1.2754500000000002,1.27455,1.2746,2765.4899649620056
2024-01-12 19:45:00+00:00,1.2745950000000001,1.27515,1.2744650000000002,1.274755,1044.3999805673957
2024-01-12 20:00:00+00:00,1.274765,1.274965,1.274605,1.274755,1575.1499793604016
2024-01-12 20:15:00+00:00,1.2747600000000001,1.274855,1.27426,1.274655,1432.2299784123898
2024-01-12 20:30:00+00:00,1.274635,1.2748300000000001,1.2745,1.27464,2007.9399781897664
2024-01-12 20:45:00+00:00,1.274655,1.2747549999999999,1.274315,1.274475,1674.3899727240205
2024-01-12 21:00:00+00:00,1.2744849999999999,1.2748050000000002,1.27437,1.27468,1932.8399759605527
2024-01-12 21:15:00+00:00,1.274685,1.2748599999999999,1.27447,1.2746149999999998,1341.0899821072817
2024-01-12 21:30:00+00:00,1.274635,1.27488,1.2744550000000001,1.2748599999999999,5512.530000321567
2024-01-12 21:45:00+00:00,1.2748300000000001,1.275395,1.2747700000000002,1.275195,7379.9499170184135
2024-01-15 00:00:00+00:00,1.27358,1.27358,1.27301,1.273275,2437.3699708729982
2024-01-15 00:15:00+00:00,1.2732649999999999,1.2735750000000001,1.2728549999999998,1.27325,1887.9899715408683
2024-01-15 00:30:00+00:00,1.273225,1.273755,1.273205,1.2735699999999999,2401.919981017709
2024-01-15 00:45:00+00:00,1.2735599999999998,1.273965,1.2735400000000001,1.2739,3251.529967479408
2024-01-15 01:00:00+00:00,1.273885,1.2741250000000002,1.2734999999999999,1.273615,2570.389970727265
2024-01-15 01:15:00+00:00,1.2736,1.2737500000000002,1.273315,1.2733249999999998,5169.02994595468
2024-01-15 01:30:00+00:00,1.27331,1.274045,1.273185,1.27396,4774.4899578765035
2024-01-15 01:45:00+00:00,1.273955,1.274415,1.273745,1.274205,4615.659959204495
2024-01-15 02:00:00+00:00,1.274225,1.27498,1.2742200000000001,1.27497,3510.119976423681
2024-01-15 02:15:00+00:00,1.274975,1.27557,1.27495,1.27556,2844.309967122972
2024-01-15 02:30:00+00:00,1.275555,1.2759200000000002,1.2754150000000002,1.275915,2290.559961773455
2024-01-15 02:45:00+00:00,1.27593,1.27637,1.27579,1.276205,2903.799960896373
2024-01-15 03:00:00+00:00,1.276215,1.276435,1.2761,1.276335,4089.7199590727687
2024-01-15 03:15:00+00:00,1.276335,1.276545,1.276165,1.27617,3682.24996676296
2024-01-15 03:30:00+00:00,1.2762,1.2762,1.275665,1.276075,1146.7099792435765
2024-01-15 03:45:00+00:00,1.2760850000000001,1.27618,1.275835,1.275865,3662.529954612255
2024-01-15 04:00:00+00:00,1.27586,1.2759,1.2754699999999999,1.275565,3549.809970498085
2024-01-15 04:15:00+00:00,1.27557,1.2756150000000002,1.27515,1.2751649999999999,3740.5999638959765
2024-01-15 04:30:00+00:00,1.27516,1.27548,1.2751000000000001,1.275455,3465.969963103533
2024-01-15 04:45:00+00:00,1.2754400000000001,1.275535,1.275395,1.2755049999999999,1915.6199837252498
2024-01-15 05:00:00+00:00,1.2755100000000001,1.2755299999999998,1.2753700000000001,1.2754949999999998,1187.4999819770455
2024-01-15 05:15:00+00:00,1.2755049999999999,1.2755649999999998,1.27527,1.27543,1696.7699764296412
2024-01-15 05:30:00+00:00,1.2754349999999999,1.27556,1.27529,1.275355,1366.8599822893739
2024-01-15 05:45:00+00:00,1.27534,1.275605,1.2752750000000002,1.2752949999999998,1762.4299748167396
2024-01-15 06:00:00+00:00,1.275285,1.27554,1.27509,1.27548,3455.699959218502
2024-01-15 06:15:00+00:00,1.2755,1.275725,1.2754050000000001,1.275545,2537.339967854321
2024-01-15 06:30:00+00:00,1.27554,1.2757550000000002,1.2754050000000001,1.275725,4436.5499620735645
2024-01-15 06:45:00+00:00,1.27572,1.276025,1.2755049999999999,1.2755800000000002,1348.619981765747
2024-01-15 07:00:00+00:00,1.275585,1.27575,1.274945,1.274985,3796.539959989488
2024-01-15 07:15:00+00:00,1.2749700000000002,1.275035,1.274375,1.274575,2306.969965443015
2024-01-15 07:30:00+00:00,1.2745799999999998,1.2749700000000002,1.274285,1.274565,2073.8999699428678
2024-01-15 07:45:00+00:00,1.274575,1.2747350000000002,1.274115,1.274355,2262.799965016544
2024-01-15 08:00:00+00:00,1.274375,1.275945,1.274275,1.2755800000000002,3152.2799544632435
2024-01-15 08:15:00+00:00,1.275585,1.27588,1.27527,1.2757450000000001,2537.7599620223045
2024-01-15 08:30:00+00:00,1.2757399999999999,1.275775,1.274535,1.2748300000000001,3045.189957253635
2024-01-15 08:45:00+00:00,1.27481,1.2749000000000001,1.273905,1.273905,1839.3299742415547
2024-01-15 09:00:00+00:00,1.273895,1.274205,1.27355,1.273585,2329.8299687057734
2024-01-15 09:15:00+00:00,1.273575,1.273985,1.273435,1.27346,1740.879977248609
2024-01-15 09:30:00+00:00,1.273455,1.27376,1.27223,1.272405,2438.0999692827463
2024-01-15 09:45:00+00:00,1.272415,1.2728199999999998,1.271865,1.272605,2735.2399613931775
2024-01-15 10:00:00+00:00,1.272615,1.272785,1.271765,1.2717900000000002,3173.719954557717
2024-01-15 10:15:00+00:00,1.271795,1.27195,1.271315,1.2716699999999999,2279.78996578604
2024-01-15 10:30:00+00:00,1.27168,1.2723,1.27164,1.27204,2157.499971047044
2024-01-15 10:45:00+00:00,1.2720449999999999,1.2732,1.27189,1.273095,2143.3399693891406
2024-01-15 11:00:00+00:00,1.2730700000000001,1.273405,1.2728350000000002,1.273005,1936.7099740505219
2024-01-15 11:15:00+00:00,1.27299,1.273135,1.27259,1.2729400000000002,1549.6599778831005
2024-01-15 11:30:00+00:00,1.2729249999999999,1.273705,1.27283,1.273315,1950.1199780628085
2024-01-15 11:45:00+00:00,1.273325,1.273325,1.272875,1.27315,1621.1399787962437
2024-01-15 12:00:00+00:00,1.27313,1.273795,1.27304,1.273725,1488.779976695776
2024-01-15 12:15:00+00:00,1.2737349999999998,1.273935,1.272975,1.273055,2294.3499654456973
2024-01-15 12:30:00+00:00,1.27304,1.27304,1.272405,1.2726350000000002,3769.3999581113458
2024-01-15 12:45:00+00:00,1.27263,1.27263,1.272075,1.2724449999999998,2667.229965545237
2024-01-15 13:00:00+00:00,1.272435,1.272495,1.27143,1.2714949999999998,2873.3099585175514
2024-01-15 13:15:00+00:00,1.2715,1.27197,1.271465,1.2715,2456.87996776402
2024-01-15 13:30:00+00:00,1.2715049999999999,1.2722699999999998,1.27135,1.272205,2491.829957894981
2024-01-15 13:45:00+00:00,1.27222,1.2729050000000002,1.272095,1.27278,1577.6099715977907
2024-01-15 14:00:00+00:00,1.2728000000000002,1.2731249999999998,1.271805,1.271905,2745.2399555444717
2024-01-15 14:15:00+00:00,1.27188,1.27234,1.271785,1.27216,2078.819963902235
2024-01-15 14:30:00+00:00,1.27217,1.272405,1.2715100000000001,1.27168,1748.369971767068
2024-01-15 14:45:00+00:00,1.27167,1.27183,1.271315,1.271755,1980.2399712949991
2024-01-15 15:00:00+00:00,1.2717450000000001,1.271965,1.271375,1.2716699999999999,2262.759966298938
2024-01-15 15:15:00+00:00,1.271665,1.272705,1.271535,1.2725849999999999,1860.9699753373861
2024-01-15 15:30:00+00:00,1.27259,1.2726700000000002,1.2716850000000002,1.2719999999999998,2048.139969162643
2024-01-15 15:45:00+00:00,1.271995,1.273245,1.27194,1.2730700000000001,2319.669961646199
2024-01-15 16:00:00+00:00,1.273075,1.273305,1.272855,1.2732350000000001,2072.5699675381184
2024-01-15 16:15:00+00:00,1.273245,1.273855,1.27318,1.273675,1693.0799773558974
2024-01-15 16:30:00+00:00,1.273725,1.27378,1.27271,1.272945,1824.6399787813425
2024-01-15 16:45:00+00:00,1.27294,1.273375,1.272775,1.2729,1248.409989491105
2024-01-15 17:00:00+00:00,1.2729050000000002,1.2732700000000001,1.27267,1.272875,963.1499880179763
2024-01-15 17:15:00+00:00,1.272915,1.273485,1.272915,1.273475,476.93999311327934
2024-01-15 17:30:00+00:00,1.273505,1.273555,1.272915,1.2729249999999999,927.4499826878309
2024-01-15 17:45:00+00:00,1.27292,1.2729599999999999,1.272665,1.272945,1158.3399881199002
2024-01-15 18:00:00+00:00,1.27294,1.2730549999999998,1.2728,1.2728549999999998,635.6099918410182
2024-01-15 18:15:00+00:00,1.272835,1.27288,1.2726799999999998,1.27278,134.63999783992767
2024-01-15 18:30:00+00:00,1.2727849999999998,1.27286,1.272685,1.27283,408.62999695539474
2024-01-15 18:45:00+00:00,1.2728350000000002,1.27317,1.272775,1.273165,282.2699966356158
2024-01-15 19:00:00+00:00,1.27317,1.273185,1.27276,1.2727849999999998,437.4899955391884
2024-01-15 19:15:00+00:00,1.2728,1.273045,1.272795,1.2729400000000002,948.8999900221825
2024-01-15 19:30:00+00:00,1.2729300000000001,1.27301,1.2727249999999999,1.272845,579.779988527298
2024-01-15 19:45:00+00:00,1.27285,1.27285,1.2726350000000002,1.27267,312.509993866086
2024-01-15 20:00:00+00:00,1.2726600000000001,1.27274,1.2726250000000001,1.27263,298.79999566078186
2024-01-15 20:15:00+00:00,1.27264,1.2727300000000001,1.2726250000000001,1.2726899999999999,357.9599958062172
2024-01-15 20:30:00+00:00,1.2726799999999998,1.272845,1.27265,1.2727499999999998,314.8199964687228
2024-01-15 20:45:00+00:00,1.272755,1.2728350000000002,1.27264,1.2726549999999999,460.4099948257208
2024-01-15 21:00:00+00:00,1.272665,1.272815,1.272665,1.2727650000000001,217.07999753952026
2024-01-15 21:15:00+00:00,1.27276,1.272845,1.272665,1.27284,623.8799921274185
2024-01-15 21:30:00+00:00,1.272845,1.272885,1.272835,1.272845,645.3299880921841
2024-01-15 21:45:00+00:00,1.2728350000000002,1.272845,1.27264,1.272705,406.46999403834343
2024-01-15 22:00:00+00:00,1.27271,1.273015,1.27271,1.272785,362.1999981403351
2024-01-15 22:15:00+00:00,1.272795,1.2729650000000001,1.27271,1.2728000000000002,402.6099942922592
2024-01-15 22:30:00+00:00,1.272805,1.272815,1.272515,1.272745,477.04999332129955
2024-01-15 22:45:00+00:00,1.272735,1.2728549999999998,1.272605,1.2727249999999999,1379.5099884867668
2024-01-15 23:00:00+00:00,1.272745,1.272775,1.272325,1.2723499999999999,946.8399952575564
2024-01-15 23:15:00+00:00,1.272365,1.27243,1.271895,1.271945,751.2099929153919
2024-01-15 23:30:00+00:00,1.2719399999999998,1.2719550000000002,1.2715,1.2715,1343.2099776044488
2024-01-15 23:45:00+00:00,1.2714949999999998,1.27175,1.271485,1.271555,995.3999816328287
2024-01-16 00:00:00+00:00,1.27156,1.2716850000000002,1.2713199999999998,1.27134,1995.0099629759789
2024-01-16 00:15:00+00:00,1.2713450000000002,1.2714400000000001,1.2708249999999999,1.2708849999999998,1663.589973859489
2024-01-16 00:30:00+00:00,1.27087,1.27101,1.2699500000000001,1.27026,2205.54996868968
2024-01-16 00:45:00+00:00,1.27023,1.27023,1.2692299999999999,1.26925,3242.339944601059
2024-01-16 01:00:00+00:00,1.2692350000000001,1.2693050000000001,1.267895,1.2687599999999999,4412.319931738079
2024-01-16 01:15:00+00:00,1.26875,1.26942,1.26863,1.2694100000000001,3002.719952940941
2024-01-16 01:30:00+00:00,1.2694200000000002,1.2698900000000002,1.26926,1.26973,3465.929942011833
2024-01-16 01:45:00+00:00,1.2697349999999998,1.2698900000000002,1.2694,1.269525,2723.2799483314157
2024-01-16 02:00:00+00:00,1.2695,1.2695150000000002,1.26883,1.269255,2109.9299585446715
2024-01-16 02:15:00+00:00,1.26925,1.2692700000000001,1.268675,1.26877,2865.9699689224362
2024-01-16 02:30:00+00:00,1.268775,1.268935,1.2683849999999999,1.2685650000000002,2410.979956358671
2024-01-16 02:45:00+00:00,1.2685499999999998,1.268605,1.268275,1.268535,2014.2299724593759
2024-01-16 03:00:00+00:00,1.26854,1.268945,1.26848,1.26852,1785.2599742338061
2024-01-16 03:15:00+00:00,1.26851,1.2686350000000002,1.26814,1.268165,2306.279962465167
2024-01-16 03:30:00+00:00,1.2681499999999999,1.2682250000000002,1.2678449999999999,1.26803,2384.069965839386
2024-01-16 03:45:00+00:00,1.2680449999999999,1.2684600000000001,1.268035,1.268215,1727.4399738833308
2024-01-16 04:00:00+00:00,1.2682250000000002,1.268345,1.26806,1.26824,1128.2399757131934
2024-01-16 04:15:00+00:00,1.2682449999999998,1.268335,1.26817,1.2682000000000002,883.0399865880609
2024-01-16 04:30:00+00:00,1.2682099999999998,1.2683200000000001,1.2680950000000002,1.2680950000000002,1517.7299723997712
2024-01-16 04:45:00+00:00,1.268105,1.2682000000000002,1.26769,1.2680500000000001,1464.2699806690216
2024-01-16 05:00:00+00:00,1.2680699999999998,1.26827,1.2679999999999998,1.2681900000000002,1780.8299705535173
2024-01-16 05:15:00+00:00,1.268185,1.268305,1.2680150000000001,1.26824,2697.779974460602
2024-01-16 05:30:00+00:00,1.26823,1.26823,1.26766,1.2678349999999998,1630.8899781778455
2024-01-16 05:45:00+00:00,1.267825,1.2682000000000002,1.267825,1.268065,1589.2199825048447
2024-01-16 06:00:00+00:00,1.2680600000000002,1.2681300000000002,1.2677900000000002,1.268065,1847.009965494275
2024-01-16 06:15:00+00:00,1.26809,1.26824,1.26776,1.26798,1100.0399852469563
2024-01-16 06:30:00+00:00,1.267965,1.268415,1.26786,1.268305,2327.2799716591835
2024-01-16 06:45:00+00:00,1.2683,1.268685,1.2680150000000001,1.268355,3365.2699691429734
2024-01-16 07:00:00+00:00,1.268415,1.268545,1.26613,1.266515,5627.869907237589
2024-01-16 07:15:00+00:00,1.2665199999999999,1.26668,1.266275,1.2665199999999999,2312.069963015616
2024-01-16 07:30:00+00:00,1.2665,1.268205,1.266235,1.268185,3249.519952222705
2024-01-16 07:45:00+00:00,1.2681900000000002,1.2686199999999999,1.267235,1.2673,1966.5699736624956
2024-01-16 08:00:00+00:00,1.267295,1.267375,1.266175,1.26642,3827.8599465489388
2024-01-16 08:15:00+00:00,1.2664,1.26763,1.266165,1.26621,5507.749922811985
2024-01-16 08:30:00+00:00,1.2662,1.26647,1.2646950000000001,1.26571,5455.959921941161
2024-01-16 08:45:00+00:00,1.265695,1.26643,1.2656900000000002,1.266305,3697.459948569536
2024-01-16 09:00:00+00:00,1.2663099999999998,1.26681,1.2656100000000001,1.2659150000000001,4431.6299498304725
2024-01-16 09:15:00+00:00,1.2659500000000001,1.266165,1.26493,1.2656800000000001,3252.09995328635
2024-01-16 09:30:00+00:00,1.2656550000000002,1.265905,1.26365,1.2639049999999998,2929.489956140518
2024-01-16 09:45:00+00:00,1.263945,1.2643849999999999,1.263535,1.2641149999999999,2448.269964776933
2024-01-16 10:00:00+00:00,1.26407,1.26457,1.263585,1.264425,3658.289949275553
2024-01-16 10:15:00+00:00,1.2644199999999999,1.264605,1.26329,1.26331,2425.509966149926
2024-01-16 10:30:00+00:00,1.263325,1.26361,1.26292,1.263375,2416.839970871806
2024-01-16 10:45:00+00:00,1.263365,1.26339,1.26261,1.262945,2372.7399683743715
2024-01-16 11:00:00+00:00,1.26294,1.2632349999999999,1.262045,1.262235,2425.749967046082
2024-01-16 11:15:00+00:00,1.2622200000000001,1.26382,1.262155,1.263575,3058.9299557209015
2024-01-16 11:30:00+00:00,1.2635450000000001,1.2643,1.26341,1.26403,1989.4699739292264
2024-01-16 11:45:00+00:00,1.264035,1.26468,1.26363,1.2646199999999999,2313.149966582656
2024-01-16 12:00:00+00:00,1.2646099999999998,1.264735,1.264215,1.26434,2225.459970600903
2024-01-16 12:15:00+00:00,1.264335,1.2650000000000001,1.264315,1.2648549999999998,1606.079978659749
2024-01-16 12:30:00+00:00,1.26484,1.265015,1.26389,1.2640950000000002,2374.7299683764577
2024-01-16 12:45:00+00:00,1.26409,1.264955,1.26402,1.264685,2175.089971549809
2024-01-16 13:00:00+00:00,1.26468,1.2649599999999999,1.26379,1.264065,3174.6599568128586
2024-01-16 13:15:00+00:00,1.26407,1.26498,1.26375,1.26441,4233.779946215451
2024-01-16 13:30:00+00:00,1.26463,1.2672750000000002,1.26463,1.266725,11592.61984898895
2024-01-16 13:45:00+00:00,1.26676,1.2668849999999998,1.263955,1.2642449999999998,6280.559931233525
2024-01-16 14:00:00+00:00,1.26423,1.265995,1.26402,1.26552,6155.069911338389
2024-01-16 14:15:00+00:00,1.265525,1.2663250000000001,1.2650000000000001,1.26592,6121.019924521446
2024-01-16 14:30:00+00:00,1.265935,1.2662749999999998,1.2645,1.264625,7101.339906461537
2024-01-16 14:45:00+00:00,1.264615,1.26506,1.2638449999999999,1.264885,5298.709929689765
2024-01-16 15:00:00+00:00,1.26489,1.2658749999999999,1.2642250000000002,1.265705,4775.249937154353
2024-01-16 15:15:00+00:00,1.26571,1.26612,1.265385,1.265635,3357.509954303503
2024-01-16 15:30:00+00:00,1.265635,1.2661250000000002,1.2652299999999999,1.2659799999999999,4897.769931517541
2024-01-16 15:45:00+00:00,1.265995,1.266785,1.2658800000000001,1.266575,3600.4299532324076
2024-01-16 16:00:00+00:00,1.266585,1.266715,1.263705,1.2657349999999998,15109.909817494452
2024-01-16 16:15:00+00:00,1.265755,1.26793,1.2654200000000002,1.26688,9846.199853338301
2024-01-16 16:30:00+00:00,1.26689,1.267655,1.26571,1.26626,7093.0999051705
2024-01-16 16:45:00+00:00,1.26627,1.26653,1.2652800000000002,1.26554,6744.569916270673
2024-01-16 17:00:00+00:00,1.265545,1.2656200000000002,1.26376,1.2637749999999999,6858.379921332002
2024-01-16 17:15:00+00:00,1.2637450000000001,1.2645499999999998,1.2630050000000002,1.26312,5340.16992264986
2024-01-16 17:30:00+00:00,1.263125,1.26411,1.26271,1.263695,4126.569937244058
2024-01-16 17:45:00+00:00,1.2636850000000002,1.2637049999999999,1.26246,1.26248,3233.1399571076035
2024-01-16 18:00:00+00:00,1.2624900000000001,1.262775,1.262305,1.2627549999999998,2434.049957282841
2024-01-16 18:15:00+00:00,1.26281,1.26363,1.26281,1.263605,4871.64992544055
2024-01-16 18:30:00+00:00,1.2636,1.264055,1.26281,1.262855,2786.2799625322223
2024-01-16 18:45:00+00:00,1.262835,1.26304,1.2623950000000002,1.262885,1872.0199680924416
2024-01-16 19:00:00+00:00,1.26284,1.26308,1.262115,1.262235,1841.8999672979116
2024-01-16 19:15:00+00:00,1.2622200000000001,1.2624849999999999,1.261955,1.2624650000000002,1401.9899785667658
2024-01-16 19:30:00+00:00,1.2625199999999999,1.26266,1.26219,1.262575,1826.2499710395932
2024-01-16 19:45:00+00:00,1.2625799999999998,1.26337,1.262495,1.263175,1750.5499678179622
2024-01-16 20:00:00+00:00,1.263185,1.263565,1.262965,1.263395,2360.369959808886
2024-01-16 20:15:00+00:00,1.2633999999999999,1.2634699999999999,1.262865,1.262955,2439.7499609440565
2024-01-16 20:30:00+00:00,1.26296,1.263155,1.262785,1.2630599999999998,1380.689974874258
2024-01-16 20:45:00+00:00,1.2630750000000002,1.26326,1.26295,1.26307,2345.909965597093
2024-01-16 21:00:00+00:00,1.26311,1.2634949999999998,1.26308,1.26334,563.2899904772639
2024-01-16 21:15:00+00:00,1.2633450000000002,1.26356,1.2632599999999998,1.26356,886.0199823752046
2024-01-16 21:30:00+00:00,1.263555,1.2637200000000002,1.26345,1.2636699999999998,1279.3499774113297
2024-01-16 21:45:00+00:00,1.2637,1.2637,1.2633450000000002,1.26369,2211.1199712604284
2024-01-16 22:00:00+00:00,1.263795,1.263805,1.263385,1.2634750000000001,278.6899966597557
2024-01-16 22:15:00+00:00,1.2635049999999999,1.2637450000000001,1.26345,1.26351,1373.4499940872192
2024-01-16 22:30:00+00:00,1.2635049999999999,1.2637399999999999,1.263395,1.2637399999999999,753.5399931669235
2024-01-16 22:45:00+00:00,1.2637450000000001,1.263925,1.263675,1.263905,429.8999943882227
2024-01-16 23:00:00+00:00,1.2639200000000002,1.2639200000000002,1.263525,1.263595,606.9599943980575
2024-01-16 23:15:00+00:00,1.2636150000000002,1.263665,1.263575,1.263595,222.7499961256981
2024-01-16 23:30:00+00:00,1.2635900000000002,1.2636150000000002,1.263355,1.263355,399.0599951595068
2024-01-16 23:45:00+00:00,1.263365,1.2638349999999998,1.263365,1.2638150000000001,316.4799988940358
2024-01-17 00:00:00+00:00,1.263805,1.263995,1.263465,1.263535,1838.6099795922637
2024-01-17 00:15:00+00:00,1.2635450000000001,1.2636,1.26332,1.263595,1838.9399764612317
2024-01-17 00:30:00+00:00,1.2635999999999998,1.26389,1.26352,1.26372,1438.889971755445
2024-01-17 00:45:00+00:00,1.263725,1.26411,1.26364,1.2639999999999998,2794.64995636791
2024-01-17 01:00:00+00:00,1.2639900000000002,1.264025,1.26353,1.2639,2669.4699649736285
2024-01-17 01:15:00+00:00,1.2638850000000001,1.264335,1.263875,1.264,2782.1799644753337
2024-01-17 01:30:00+00:00,1.2640099999999999,1.2640799999999999,1.263375,1.26346,5512.379936121404
2024-01-17 01:45:00+00:00,1.263465,1.263735,1.2632400000000001,1.26357,3481.4699613004923
2024-01-17 02:00:00+00:00,1.263575,1.26438,1.2634850000000002,1.264055,2839.3199668079615
2024-01-17 02:15:00+00:00,1.2640500000000001,1.264235,1.263695,1.26396,2841.2399689033628
2024-01-17 02:30:00+00:00,1.263935,1.263985,1.263185,1.263375,1493.5499845296144
2024-01-17 02:45:00+00:00,1.26337,1.26368,1.263285,1.263495,2864.459977596998
2024-01-17 03:00:00+00:00,1.2635,1.26355,1.263085,1.263105,1647.0299807712436
2024-01-17 03:15:00+00:00,1.2631000000000001,1.2631000000000001,1.2622200000000001,1.2622200000000001,4494.439963713288
2024-01-17 03:30:00+00:00,1.262205,1.26235,1.26166,1.2617349999999998,2372.239971756935
2024-01-17 03:45:00+00:00,1.26172,1.2621600000000002,1.2616800000000001,1.261925,1424.5499777644873
2024-01-17 04:00:00+00:00,1.2619099999999999,1.26219,1.2618,1.26219,1139.2299812659621
2024-01-17 04:15:00+00:00,1.2621850000000001,1.262265,1.2618749999999999,1.2619500000000001,1000.7099839448929
2024-01-17 04:30:00+00:00,1.261945,1.2622149999999999,1.261755,1.261905,1294.9199862331152
2024-01-17 04:45:00+00:00,1.261935,1.2626300000000001,1.2618800000000001,1.26239,1499.4899809584022
2024-01-17 05:00:00+00:00,1.2623950000000002,1.262455,1.261355,1.261365,1273.8299811929464
2024-01-17 05:15:00+00:00,1.2613599999999998,1.2613750000000001,1.2608000000000001,1.261075,3285.809958152473
2024-01-17 05:30:00+00:00,1.2610549999999998,1.2611400000000001,1.2607650000000001,1.2607949999999999,1871.5499757379293
2024-01-17 05:45:00+00:00,1.2608000000000001,1.26124,1.260615,1.2610000000000001,1948.3499640971422
2024-01-17 06:00:00+00:00,1.2610000000000001,1.26109,1.259865,1.260065,3514.769950017333
2024-01-17 06:15:00+00:00,1.2600699999999998,1.2603149999999999,1.2599,1.25995,4246.979946576059
2024-01-17 06:30:00+00:00,1.259945,1.260605,1.25967,1.260475,2875.529966466129
2024-01-17 06:45:00+00:00,1.260465,1.2614100000000001,1.2604,1.2610100000000002,3455.2599622383714
2024-01-17 07:00:00+00:00,1.26105,1.264565,1.26105,1.2632050000000001,7896.349895380437
2024-01-17 07:15:00+00:00,1.263215,1.2646899999999999,1.26298,1.26356,4264.239936001599
2024-01-17 07:30:00+00:00,1.2635649999999998,1.26572,1.263485,1.265285,4046.5099418759346
2024-01-17 07:45:00+00:00,1.265245,1.26572,1.264675,1.26565,3231.849953226745
2024-01-17 08:00:00+00:00,1.265665,1.26743,1.2652649999999999,1.267155,6236.1099189296365
2024-01-17 08:15:00+00:00,1.267145,1.267605,1.266845,1.26708,4583.559932254255
2024-01-17 08:30:00+00:00,1.2670750000000002,1.2671299999999999,1.2656299999999998,1.2657500000000002,5043.959932886064
2024-01-17 08:45:00+00:00,1.265745,1.2659449999999999,1.26514,1.265205,3209.2599570453167
2024-01-17 09:00:00+00:00,1.265185,1.265185,1.26438,1.2646350000000002,2827.439962655306
2024-01-17 09:15:00+00:00,1.26461,1.2657150000000001,1.26459,1.26539,3237.8399597108364
2024-01-17 09:30:00+00:00,1.265415,1.267385,1.2652800000000002,1.2673649999999999,3647.069952569902
2024-01-17 09:45:00+00:00,1.26737,1.26838,1.267065,1.26806,3059.8899598419666
2024-01-17 10:00:00+00:00,1.268055,1.269565,1.268055,1.26944,2832.419961452484
2024-01-17 10:15:00+00:00,1.269425,1.269625,1.268205,1.268425,3102.529956020415
2024-01-17 10:30:00+00:00,1.2684199999999999,1.268515,1.2671999999999999,1.26733,2288.539966970682
2024-01-17 10:45:00+00:00,1.26734,1.268095,1.26707,1.267725,2904.4199603423476
2024-01-17 11:00:00+00:00,1.2677399999999999,1.268265,1.26763,1.267795,2349.429961055517
2024-01-17 11:15:00+00:00,1.26777,1.268795,1.267665,1.268645,2583.9099595695734
2024-01-17 11:30:00+00:00,1.26864,1.269225,1.26841,1.26906,2213.8699616119266
2024-01-17 11:45:00+00:00,1.2691,1.26939,1.268715,1.269165,1965.7099704146385
2024-01-17 12:00:00+00:00,1.26916,1.269165,1.268565,1.269045,1889.7099717408419
2024-01-17 12:15:00+00:00,1.26905,1.26924,1.26798,1.268285,2158.629965148866
2024-01-17 12:30:00+00:00,1.268275,1.26844,1.267665,1.267775,1703.7799736782908
2024-01-17 12:45:00+00:00,1.267765,1.2679749999999999,1.2675450000000001,1.267585,1937.88997541368
2024-01-17 13:00:00+00:00,1.267575,1.267575,1.266845,1.267035,2803.1499571353197
2024-01-17 13:15:00+00:00,1.2670249999999998,1.2670249999999998,1.26607,1.266305,3783.519956238568
2024-01-17 13:30:00+00:00,1.266295,1.266295,1.26423,1.2652700000000001,10862.619864486158
2024-01-17 13:45:00+00:00,1.26524,1.265815,1.26461,1.2650649999999999,6122.519928470254
2024-01-17 14:00:00+00:00,1.265075,1.26526,1.26453,1.26519,4667.339964210987
2024-01-17 14:15:00+00:00,1.265185,1.26546,1.264595,1.2649050000000002,5420.089955858886
2024-01-17 14:30:00+00:00,1.2649,1.265235,1.2639049999999998,1.264865,7162.719946876168
2024-01-17 14:45:00+00:00,1.26486,1.264985,1.26413,1.26417,3694.2999503165483
2024-01-17 15:00:00+00:00,1.26414,1.26666,1.263875,1.266335,6170.029929563403
2024-01-17 15:15:00+00:00,1.26633,1.266425,1.2652299999999999,1.26569,5093.8599305823445
2024-01-17 15:30:00+00:00,1.26567,1.266545,1.2649050000000002,1.26526,5507.409936703742
2024-01-17 15:45:00+00:00,1.2652700000000001,1.26641,1.2650700000000001,1.265725,4791.389940820634
2024-01-17 16:00:00+00:00,1.2657349999999998,1.26716,1.26563,1.26669,4433.529948122799
2024-01-17 16:15:00+00:00,1.26671,1.2672249999999998,1.26647,1.2665799999999998,3836.219946205616
2024-01-17 16:30:00+00:00,1.2665700000000002,1.26716,1.265755,1.266945,3777.6999424397945
2024-01-17 16:45:00+00:00,1.2669549999999998,1.26701,1.266405,1.2664900000000001,3884.0099225118756
2024-01-17 17:00:00+00:00,1.2664849999999999,1.26739,1.2663099999999998,1.2673,2688.059957228601
2024-01-17 17:15:00+00:00,1.267305,1.2674699999999999,1.2667000000000002,1.26675,2193.3099688738585
2024-01-17 17:30:00+00:00,1.2667549999999999,1.267575,1.26641,1.267395,2813.0299573019147
2024-01-17 17:45:00+00:00,1.26736,1.26824,1.267275,1.26784,1777.9199699163437
2024-01-17 18:00:00+00:00,1.26786,1.26786,1.266875,1.26704,4049.8799495249987
2024-01-17 18:15:00+00:00,1.26705,1.26705,1.2662550000000001,1.26669,2728.4099603518844
2024-01-17 18:30:00+00:00,1.266695,1.26708,1.26642,1.267025,3417.749969229102
2024-01-17 18:45:00+00:00,1.267035,1.2677399999999999,1.26668,1.267485,3055.3699769601226
2024-01-17 19:00:00+00:00,1.267475,1.267985,1.267475,1.267805,3174.979954831302
2024-01-17 19:15:00+00:00,1.267785,1.26802,1.2675,1.26755,2249.499971218407
2024-01-17 19:30:00+00:00,1.2675450000000001,1.2685650000000002,1.2675450000000001,1.268325,3163.389970175922
2024-01-17 19:45:00+00:00,1.2683149999999999,1.268575,1.267765,1.267785,2542.799963027239
2024-01-17 20:00:00+00:00,1.267775,1.2680250000000002,1.26757,1.2676599999999998,1635.2099758908153
2024-01-17 20:15:00+00:00,1.267675,1.267985,1.267565,1.26776,2525.2499592378736
2024-01-17 20:30:00+00:00,1.267765,1.268525,1.267715,1.268435,1393.1099775508046
2024-01-17 20:45:00+00:00,1.26844,1.2687,1.26825,1.2684799999999998,1628.159971266985
2024-01-17 21:00:00+00:00,1.26844,1.2684950000000002,1.26793,1.268165,1158.0899836868048
2024-01-17 21:15:00+00:00,1.2681550000000001,1.2681550000000001,1.2678,1.2678449999999999,740.189986102283
2024-01-17 21:30:00+00:00,1.2678500000000001,1.2679,1.26766,1.26787,920.9999822229147
2024-01-17 21:45:00+00:00,1.26788,1.26807,1.267485,1.2676349999999998,2047.9299737364054
2024-01-17 22:00:00+00:00,1.26768,1.267855,1.26758,1.26772,233.42999798059464
2024-01-17 22:15:00+00:00,1.26772,1.26793,1.26756,1.267785,843.1099929511547
2024-01-17 22:30:00+00:00,1.267755,1.267855,1.2676249999999998,1.267795,1484.3899907171726
2024-01-17 22:45:00+00:00,1.267755,1.2678449999999999,1.267355,1.26757,3069.0499726980925
2024-01-17 23:00:00+00:00,1.2675649999999998,1.2677800000000001,1.2674699999999999,1.26769,1316.1899907886982
2024-01-17 23:15:00+00:00,1.267705,1.267935,1.2677,1.267865,1030.4299874603748
2024-01-17 23:30:00+00:00,1.267875,1.2679,1.26769,1.267735,631.7099909335375
2024-01-17 23:45:00+00:00,1.26773,1.26783,1.267455,1.267735,1113.8799875751138
2024-01-18 00:00:00+00:00,1.26773,1.26793,1.26757,1.267595,1430.8999754786491
2024-01-18 00:15:00+00:00,1.2675999999999998,1.2677450000000001,1.2673450000000002,1.2674050000000001,1902.569971628487
2024-01-18 00:30:00+00:00,1.26741,1.2677,1.26714,1.26761,2401.499953880906
2024-01-18 00:45:00+00:00,1.2676150000000002,1.268235,1.26742,1.268215,2954.34994944185
2024-01-18 01:00:00+00:00,1.2682250000000002,1.2691750000000002,1.268105,1.26902,3718.209937505424
2024-01-18 01:15:00+00:00,1.269005,1.26915,1.268795,1.26894,3144.179947204888
2024-01-18 01:30:00+00:00,1.268945,1.26912,1.2684799999999998,1.2685,3009.2699428647757
2024-01-18 01:45:00+00:00,1.2684950000000002,1.269185,1.268475,1.268945,2755.469949543476
2024-01-18 02:00:00+00:00,1.268935,1.2693150000000002,1.268845,1.26931,3288.9099659323692
2024-01-18 02:15:00+00:00,1.2692999999999999,1.269565,1.26877,1.268945,2403.309963449836
2024-01-18 02:30:00+00:00,1.2689400000000002,1.26898,1.26872,1.268805,1805.7599717378616
2024-01-18 02:45:00+00:00,1.2688100000000002,1.26892,1.2685,1.26865,1494.5099742636085
2024-01-18 03:00:00+00:00,1.2686549999999999,1.26874,1.268165,1.268265,2632.109958194196
2024-01-18 03:15:00+00:00,1.268255,1.2690649999999999,1.268255,1.26871,2597.999953880906
2024-01-18 03:30:00+00:00,1.268705,1.268815,1.268345,1.2686899999999999,1939.1999640241265
2024-01-18 03:45:00+00:00,1.268665,1.2687849999999998,1.26821,1.268215,1448.1599777564406
2024-01-18 04:00:00+00:00,1.26821,1.2683,1.268075,1.2680850000000001,1007.3799849003553
2024-01-18 04:15:00+00:00,1.26806,1.2682449999999998,1.267985,1.2682099999999998,2187.9299647063017
2024-01-18 04:30:00+00:00,1.268215,1.268305,1.26802,1.2681149999999999,1318.3799825832248
2024-01-18 04:45:00+00:00,1.2681049999999998,1.268405,1.2679550000000002,1.2682699999999998,1796.4899727255106
2024-01-18 05:00:00+00:00,1.268255,1.268435,1.2679,1.26793,1640.4299771040678
2024-01-18 05:15:00+00:00,1.267935,1.268305,1.267915,1.2680799999999999,1741.9499687552452
2024-01-18 05:30:00+00:00,1.268075,1.268525,1.267785,1.2684000000000002,2041.1999681144953
2024-01-18 05:45:00+00:00,1.2684199999999999,1.2688350000000002,1.268145,1.26871,2530.1699627563357
2024-01-18 06:00:00+00:00,1.268725,1.2696200000000002,1.26871,1.2691400000000002,2414.2299648448825
2024-01-18 06:15:00+00:00,1.26915,1.26981,1.2691050000000001,1.2697150000000001,2937.479970909655
2024-01-18 06:30:00+00:00,1.26971,1.2699449999999999,1.269425,1.2695699999999999,1593.1199751347303
2024-01-18 06:45:00+00:00,1.269565,1.27043,1.2695150000000002,1.269795,2365.559975847602
2024-01-18 07:00:00+00:00,1.26979,1.2699449999999999,1.269205,1.2694800000000002,2527.0799633413553
2024-01-18 07:15:00+00:00,1.269495,1.269905,1.2687599999999999,1.268895,2159.159972861409
2024-01-18 07:30:00+00:00,1.268885,1.269455,1.26855,1.26943,2018.7999685704708
2024-01-18 07:45:00+00:00,1.269425,1.26999,1.269385,1.269815,2123.919969499111
2024-01-18 08:00:00+00:00,1.2698049999999999,1.26985,1.2683749999999998,1.268535,4300.449940048158
2024-01-18 08:15:00+00:00,1.26854,1.269615,1.268345,1.269415,2506.5599647536874
2024-01-18 08:30:00+00:00,1.269405,1.269545,1.26856,1.269545,2845.4799597263336
2024-01-18 08:45:00+00:00,1.269525,1.26986,1.268725,1.26884,2133.8499700054526
2024-01-18 09:00:00+00:00,1.26882,1.26882,1.268065,1.2683650000000002,2709.7799644842744
2024-01-18 09:15:00+00:00,1.268355,1.269185,1.26802,1.26892,2489.0499628558755
2024-01-18 09:30:00+00:00,1.268935,1.2696049999999999,1.268895,1.269395,3212.3199612274766
2024-01-18 09:45:00+00:00,1.26939,1.26973,1.2673800000000002,1.2674050000000001,2870.159957192838
2024-01-18 10:00:00+00:00,1.2673649999999999,1.26868,1.2672949999999998,1.268395,2804.2999562248588
2024-01-18 10:15:00+00:00,1.268415,1.26857,1.267815,1.268525,2393.3099669218063
2024-01-18 10:30:00+00:00,1.2685149999999998,1.26872,1.267515,1.26813,2223.5499666929245
2024-01-18 10:45:00+00:00,1.268125,1.26929,1.2680449999999999,1.2691750000000002,2418.7299675047398
2024-01-18 11:00:00+00:00,1.26919,1.2692,1.268645,1.268905,1870.7999776229262
2024-01-18 11:15:00+00:00,1.2689,1.269545,1.26867,1.269405,1679.7899739667773
2024-01-18 11:30:00+00:00,1.269415,1.2695699999999999,1.268385,1.268765,1707.779974900186
2024-01-18 11:45:00+00:00,1.268745,1.269035,1.268265,1.268495,1502.6099806204438
2024-01-18 12:00:00+00:00,1.26851,1.269125,1.2682799999999999,1.2688000000000001,1999.7799709886312
2024-01-18 12:15:00+00:00,1.268785,1.26898,1.26816,1.26822,1901.039971679449
2024-01-18 12:30:00+00:00,1.268225,1.2683,1.2674050000000001,1.267925,2249.4699665904045
2024-01-18 12:45:00+00:00,1.2679399999999998,1.26831,1.2673649999999999,1.2680799999999999,2684.939962722361
2024-01-18 13:00:00+00:00,1.268075,1.2682799999999999,1.267605,1.26782,3162.9899529889226
2024-01-18 13:15:00+00:00,1.267835,1.26823,1.26755,1.26787,3458.769952133298
2024-01-18 13:30:00+00:00,1.2678500000000001,1.268615,1.265125,1.2655,10673.059866271913
2024-01-18 13:45:00+00:00,1.265485,1.266705,1.26504,1.265255,6254.42991027981
2024-01-18 14:00:00+00:00,1.26525,1.267445,1.264825,1.267,5851.619920425117
2024-01-18 14:15:00+00:00,1.267,1.26703,1.265595,1.266565,4856.499936439097
2024-01-18 14:30:00+00:00,1.26654,1.26719,1.265475,1.2654800000000002,6815.609912961721
2024-01-18 14:45:00+00:00,1.265475,1.267265,1.26539,1.2672249999999998,6039.489923641086
2024-01-18 15:00:00+00:00,1.26723,1.26813,1.266745,1.267865,6498.0799140408635
2024-01-18 15:15:00+00:00,1.2678850000000002,1.26847,1.2671999999999999,1.26826,5434.599922798574
2024-01-18 15:30:00+00:00,1.268265,1.268915,1.26802,1.26857,4847.289938502014
2024-01-18 15:45:00+00:00,1.268605,1.26861,1.266585,1.2673100000000002,5201.429940439761
2024-01-18 16:00:00+00:00,1.267315,1.26814,1.26702,1.2680500000000001,3904.7099498808384
2024-01-18 16:15:00+00:00,1.26806,1.2688199999999998,1.267945,1.268795,2832.659948311746
2024-01-18 16:30:00+00:00,1.268805,1.269205,1.26841,1.2685300000000002,4047.1199354603887
2024-01-18 16:45:00+00:00,1.26856,1.2689249999999999,1.2681149999999999,1.26862,2898.269954994321
2024-01-18 17:00:00+00:00,1.2686250000000001,1.26865,1.26732,1.26777,5742.659934468567
2024-01-18 17:15:00+00:00,1.267765,1.26872,1.2677399999999999,1.268555,3188.3599482253194
2024-01-18 17:30:00+00:00,1.26855,1.2686199999999999,1.26793,1.268615,4956.549938417971
2024-01-18 17:45:00+00:00,1.2686250000000001,1.268745,1.268095,1.268135,1641.0899732932448
2024-01-18 18:00:00+00:00,1.26814,1.268235,1.26769,1.2680150000000001,2531.9299572706223
2024-01-18 18:15:00+00:00,1.26798,1.2686000000000002,1.267835,1.2684,3493.9499413594604
2024-01-18 18:30:00+00:00,1.2683900000000001,1.269405,1.268205,1.26925,2295.3599621504545
2024-01-18 18:45:00+00:00,1.26924,1.269925,1.269165,1.2696399999999999,2450.0299642533064
2024-01-18 19:00:00+00:00,1.26962,1.26975,1.2694100000000001,1.2694100000000001,1884.859972462058
2024-01-18 19:15:00+00:00,1.2694,1.269895,1.26897,1.2698450000000001,2330.2199689373374
2024-01-18 19:30:00+00:00,1.26984,1.270195,1.2692199999999998,1.26924,2162.329968228936
2024-01-18 19:45:00+00:00,1.26925,1.26925,1.268575,1.268595,2505.849963851273
2024-01-18 20:00:00+00:00,1.2686099999999998,1.269195,1.268445,1.26899,1387.4999756589532
2024-01-18 20:15:00+00:00,1.26898,1.26943,1.2689599999999999,1.269425,1534.8899719119072
2024-01-18 20:30:00+00:00,1.26944,1.26951,1.269155,1.2692299999999999,1251.1199746057391
2024-01-18 20:45:00+00:00,1.269225,1.269965,1.2691050000000001,1.2699099999999999,1769.9999685063958
2024-01-18 21:00:00+00:00,1.2698999999999998,1.2702900000000001,1.2698049999999999,1.27026,687.7799851596355
2024-01-18 21:15:00+00:00,1.2702550000000001,1.27071,1.2701799999999999,1.270705,941.239982932806
2024-01-18 21:30:00+00:00,1.270695,1.2708300000000001,1.27066,1.2707099999999998,623.2799890041351
2024-01-18 21:45:00+00:00,1.27069,1.270745,1.27055,1.270605,973.5899844765663
2024-01-18 22:00:00+00:00,1.270625,1.27075,1.270505,1.2705250000000001,196.4399951696396
2024-01-18 22:15:00+00:00,1.270515,1.270705,1.2704849999999999,1.2706149999999998,285.2999929189682
2024-01-18 22:30:00+00:00,1.270675,1.2708300000000001,1.2705950000000001,1.27063,803.2499915361404
2024-01-18 22:45:00+00:00,1.270645,1.270725,1.27047,1.27048,1584.2199845314026
2024-01-18 23:00:00+00:00,1.2705,1.270905,1.270465,1.2708050000000002,1133.7099836990237
2024-01-18 23:15:00+00:00,1.2707549999999999,1.2709199999999998,1.27073,1.2707549999999999,1644.2999740839005
2024-01-18 23:30:00+00:00,1.27077,1.27078,1.2704499999999999,1.270605,1029.1199821829796
2024-01-18 23:45:00+00:00,1.27061,1.2712249999999998,1.2704550000000001,1.2711350000000001,959.6399843245745
2024-01-19 00:00:00+00:00,1.2711450000000002,1.2711700000000001,1.2707199999999998,1.27087,1408.5299777910113
2024-01-19 00:15:00+00:00,1.2708849999999998,1.2712500000000002,1.27088,1.2711350000000001,1273.389976516366
2024-01-19 00:30:00+00:00,1.2711350000000001,1.2712050000000001,1.270605,1.2707,2016.599969059229
2024-01-19 00:45:00+00:00,1.270705,1.27112,1.270625,1.27087,1557.5699697211385
2024-01-19 01:00:00+00:00,1.2708949999999999,1.271015,1.2702550000000001,1.2706149999999998,1625.7299733906984
2024-01-19 01:15:00+00:00,1.27062,1.270705,1.270025,1.2702749999999998,2868.08996129781
2024-01-19 01:30:00+00:00,1.27028,1.270805,1.27013,1.270655,3135.669955380261
2024-01-19 01:45:00+00:00,1.2706650000000002,1.270785,1.27039,1.27073,1799.249970793724
2024-01-19 02:00:00+00:00,1.2707199999999998,1.27075,1.270305,1.27041,1798.5299663692713
2024-01-19 02:15:00+00:00,1.2704,1.2707,1.27017,1.2706849999999998,2072.3799710422754
2024-01-19 02:30:00+00:00,1.27069,1.27122,1.27062,1.271085,1769.129975117743
2024-01-19 02:45:00+00:00,1.27108,1.271455,1.27104,1.2711199999999998,2185.959978207946
2024-01-19 03:00:00+00:00,1.2711000000000001,1.271435,1.2710050000000002,1.27128,1445.0399808585644
2024-01-19 03:15:00+00:00,1.2712750000000002,1.2714750000000001,1.2711649999999999,1.2712400000000001,820.5599839687347
2024-01-19 03:30:00+00:00,1.271245,1.2713,1.27084,1.27114,1107.6899827867746
2024-01-19 03:45:00+00:00,1.271145,1.27142,1.2711199999999998,1.271315,903.8999887257814
2024-01-19 04:00:00+00:00,1.27132,1.271335,1.271015,1.27103,798.7199874445796
2024-01-19 04:15:00+00:00,1.27105,1.2711000000000001,1.2709000000000001,1.27105,779.9399863034487
2024-01-19 04:30:00+00:00,1.271055,1.2710949999999999,1.27089,1.27102,1366.1099786832929
2024-01-19 04:45:00+00:00,1.2710499999999998,1.2710499999999998,1.270695,1.2707199999999998,958.1399898901582
2024-01-19 05:00:00+00:00,1.270715,1.270805,1.270435,1.27061,1494.179980367422
2024-01-19 05:15:00+00:00,1.270605,1.27062,1.2703099999999998,1.2705350000000002,1384.1999816522002
2024-01-19 05:30:00+00:00,1.2705250000000001,1.270645,1.269875,1.2701449999999999,2289.6499659195542
2024-01-19 05:45:00+00:00,1.27013,1.27014,1.269635,1.2699150000000001,2028.5099804326892
2024-01-19 06:00:00+00:00,1.269905,1.270015,1.269655,1.26997,1309.7099800482392
2024-01-19 06:15:00+00:00,1.269965,1.270095,1.2692700000000001,1.26952,1491.7499835416675
2024-01-19 06:30:00+00:00,1.269505,1.26963,1.269115,1.26955,2104.8899784460664
2024-01-19 06:45:00+00:00,1.269545,1.270045,1.2694800000000002,1.269655,2486.279966466129
2024-01-19 07:00:00+00:00,1.26966,1.26977,1.267135,1.267825,6008.469918034971
2024-01-19 07:15:00+00:00,1.2678150000000001,1.268845,1.267735,1.26865,2242.679968573153
2024-01-19 07:30:00+00:00,1.26864,1.269095,1.268145,1.2690199999999998,2658.3499629944563
2024-01-19 07:45:00+00:00,1.269015,1.269255,1.2682699999999998,1.268605,2565.399964250624
2024-01-19 08:00:00+00:00,1.26861,1.26861,1.2677749999999999,1.268115,2926.629961654544
2024-01-19 08:15:00+00:00,1.26813,1.26813,1.2671649999999999,1.267425,2346.4199684262276
2024-01-19 08:30:00+00:00,1.267425,1.267425,1.26657,1.26697,2507.159968264401
2024-01-19 08:45:00+00:00,1.266975,1.2684199999999999,1.2668949999999999,1.268,2354.2899689376354
2024-01-19 09:00:00+00:00,1.26799,1.2686199999999999,1.26769,1.268605,3132.639958627522
2024-01-19 09:15:00+00:00,1.2686099999999998,1.26884,1.2683550000000001,1.268505,2569.3799629732966
2024-01-19 09:30:00+00:00,1.2684950000000002,1.2686549999999999,1.26723,1.26732,2720.009963668883
2024-01-19 09:45:00+00:00,1.267315,1.2684600000000001,1.26727,1.268375,2436.0299682319164
2024-01-19 10:00:00+00:00,1.2683900000000001,1.268785,1.2677900000000002,1.267815,2613.1199622750282
2024-01-19 10:15:00+00:00,1.26782,1.268075,1.26701,1.26764,2388.789976783097
2024-01-19 10:30:00+00:00,1.267635,1.268155,1.2671649999999999,1.26784,1834.0299790874124
2024-01-19 10:45:00+00:00,1.267835,1.26836,1.26776,1.268075,1926.5399713516235
2024-01-19 11:00:00+00:00,1.2680799999999999,1.269075,1.26782,1.268875,2050.649971842766
2024-01-19 11:15:00+00:00,1.268865,1.269005,1.268255,1.268475,2110.019972115755
2024-01-19 11:30:00+00:00,1.26847,1.268665,1.268045,1.268375,2067.8099745959044
2024-01-19 11:45:00+00:00,1.26836,1.268385,1.267935,1.268125,1782.7499765530229
2024-01-19 12:00:00+00:00,1.26813,1.26824,1.267785,1.267915,1854.969973154366
2024-01-19 12:15:00+00:00,1.2679,1.2684250000000001,1.267715,1.2681200000000001,1575.5799784436822
2024-01-19 12:30:00+00:00,1.268115,1.268385,1.2679049999999998,1.267995,1730.289976157248
2024-01-19 12:45:00+00:00,1.267975,1.268095,1.26758,1.267895,2051.249967187643
2024-01-19 13:00:00+00:00,1.2679,1.26863,1.2674699999999999,1.2682449999999998,2768.9799598678946
2024-01-19 13:15:00+00:00,1.268265,1.26867,1.26791,1.268185,2650.139965161681
2024-01-19 13:30:00+00:00,1.2681749999999998,1.268635,1.2670949999999999,1.26737,3736.2899616137147
2024-01-19 13:45:00+00:00,1.267355,1.26793,1.26734,1.267435,3827.4099495857954
2024-01-19 14:00:00+00:00,1.267425,1.2677450000000001,1.2670400000000002,1.26741,2684.6199626997113
2024-01-19 14:15:00+00:00,1.26739,1.267465,1.2668050000000002,1.26703,2444.539964981377
2024-01-19 14:30:00+00:00,1.267025,1.26742,1.2661449999999999,1.266335,4502.979944214225
2024-01-19 14:45:00+00:00,1.26634,1.267445,1.266295,1.267375,3529.709961310029
2024-01-19 15:00:00+00:00,1.267585,1.268605,1.266135,1.26647,9380.929877586663
2024-01-19 15:15:00+00:00,1.266475,1.2671350000000001,1.266175,1.26707,5074.6199370622635
2024-01-19 15:30:00+00:00,1.26706,1.26784,1.2664300000000002,1.267805,4639.899946920574
2024-01-19 15:45:00+00:00,1.267795,1.26809,1.26705,1.267995,4942.499936871231
2024-01-19 16:00:00+00:00,1.26799,1.26821,1.267285,1.26736,3597.589951545
2024-01-19 16:15:00+00:00,1.26734,1.267605,1.266695,1.26701,4309.049931325018
2024-01-19 16:30:00+00:00,1.267025,1.26752,1.266675,1.266745,3918.519941240549
2024-01-19 16:45:00+00:00,1.266735,1.267635,1.26655,1.267525,3141.2499473914504
2024-01-19 17:00:00+00:00,1.267535,1.26757,1.266785,1.2671299999999999,1539.9299670532346
2024-01-19 17:15:00+00:00,1.267145,1.2679749999999999,1.26704,1.267965,1683.7399677336216
2024-01-19 17:30:00+00:00,1.2679550000000002,1.2686250000000001,1.267945,1.26836,3030.4599604159594
2024-01-19 17:45:00+00:00,1.268345,1.268855,1.26809,1.2688100000000002,2310.659965455532
2024-01-19 18:00:00+00:00,1.268825,1.26926,1.268335,1.2690350000000001,1852.5999695584178
2024-01-19 18:15:00+00:00,1.269085,1.26956,1.269035,1.26919,1737.8399777039886
2024-01-19 18:30:00+00:00,1.2691949999999999,1.269405,1.268775,1.2689,1930.1399778723717
2024-01-19 18:45:00+00:00,1.268905,1.269005,1.26824,1.26881,1081.899979867041
2024-01-19 19:00:00+00:00,1.268815,1.269475,1.268815,1.26931,1357.4299755170941
2024-01-19 19:15:00+00:00,1.2692700000000001,1.269345,1.2687249999999999,1.2690700000000001,1249.079977311194
2024-01-19 19:30:00+00:00,1.269085,1.2696800000000001,1.2689599999999999,1.269595,1315.2899749353528
2024-01-19 19:45:00+00:00,1.26958,1.269935,1.26931,1.2696800000000001,1022.0099800899625
2024-01-19 20:00:00+00:00,1.2696749999999999,1.269905,1.26958,1.269685,1382.9999734535813
2024-01-19 20:15:00+00:00,1.269695,1.269835,1.269505,1.269545,1033.4099810272455
2024-01-19 20:30:00+00:00,1.269555,1.269795,1.26945,1.269685,1671.70997710526
2024-01-19 20:45:00+00:00,1.2696800000000001,1.2702849999999999,1.2696749999999999,1.270235,1456.9199728891253
2024-01-19 21:00:00+00:00,1.2702149999999999,1.2704550000000001,1.2701,1.270405,807.3599885702133
2024-01-19 21:15:00+00:00,1.2703950000000002,1.2704,1.27016,1.270175,1149.479986205697
2024-01-19 21:30:00+00:00,1.2701799999999999,1.270545,1.2701799999999999,1.2705099999999998,705.7799930870533
2024-01-19 21:45:00+00:00,1.270515,1.270625,1.2700900000000002,1.2703799999999998,1930.7999691814184
2024-01-22 00:00:00+00:00,1.2699500000000001,1.2703250000000001,1.2699500000000001,1.27016,1786.1099680811167
2024-01-22 00:15:00+00:00,1.270155,1.27026,1.2696,1.269785,1619.1899690777063
2024-01-22 00:30:00+00:00,1.269775,1.2705899999999999,1.269775,1.27054,2260.349973395467
2024-01-22 00:45:00+00:00,1.2705549999999999,1.270985,1.270415,1.27091,1683.1499747112393
2024-01-22 01:00:00+00:00,1.27089,1.271305,1.27081,1.2709549999999998,4042.969962410629
2024-01-22 01:15:00+00:00,1.27095,1.270955,1.270265,1.270575,2360.619966559112
2024-01-22 01:30:00+00:00,1.2705799999999998,1.2708249999999999,1.2704900000000001,1.2708,2471.2399571985006
2024-01-22 01:45:00+00:00,1.270805,1.27101,1.27061,1.2709000000000001,2220.599955521524
2024-01-22 02:00:00+00:00,1.270905,1.2712050000000001,1.2707,1.271195,2529.8199734315276
2024-01-22 02:15:00+00:00,1.2711999999999999,1.2717399999999999,1.27115,1.27156,2315.0399802923203
2024-01-22 02:30:00+00:00,1.2715450000000001,1.27168,1.27123,1.2715800000000002,2959.7999612614512
2024-01-22 02:45:00+00:00,1.271585,1.2717999999999998,1.2715200000000002,1.2717399999999999,1785.9299675524235
2024-01-22 03:00:00+00:00,1.271735,1.2717749999999999,1.27131,1.27141,1776.4499700590968
2024-01-22 03:15:00+00:00,1.27143,1.271525,1.2712249999999998,1.271285,1378.7699779644608
2024-01-22 03:30:00+00:00,1.2712949999999998,1.271535,1.27109,1.27122,1610.8499772697687
2024-01-22 03:45:00+00:00,1.27123,1.2713100000000002,1.2710949999999999,1.271285,1314.3599815964699
2024-01-22 04:00:00+00:00,1.27129,1.27159,1.271185,1.27157,1638.1499742269516
2024-01-22 04:15:00+00:00,1.27155,1.2716150000000002,1.2713199999999998,1.27152,895.7299872040749
2024-01-22 04:30:00+00:00,1.271525,1.271525,1.2713,1.271425,639.5999887362123
2024-01-22 04:45:00+00:00,1.2714349999999999,1.2717200000000002,1.271335,1.2717200000000002,832.5899849534035
2024-01-22 05:00:00+00:00,1.271715,1.27173,1.27141,1.271625,1333.7699786573648
2024-01-22 05:15:00+00:00,1.27162,1.27168,1.2711999999999999,1.2714150000000002,2399.7599572613835
2024-01-22 05:30:00+00:00,1.27141,1.27193,1.2713450000000002,1.271675,1899.7799738124013
2024-01-22 05:45:00+00:00,1.27167,1.2719049999999998,1.2716349999999998,1.271895,1654.7699760720134
2024-01-22 06:00:00+00:00,1.2718850000000002,1.2724600000000001,1.271875,1.27224,2902.2899638041854
2024-01-22 06:15:00+00:00,1.272235,1.27231,1.271575,1.27203,1601.6699743047357
2024-01-22 06:30:00+00:00,1.2720250000000002,1.27215,1.27132,1.2714599999999998,1775.099977247417
2024-01-22 06:45:00+00:00,1.2714699999999999,1.2717900000000002,1.271375,1.2713899999999998,1750.7699699178338
2024-01-22 07:00:00+00:00,1.2713800000000002,1.2713800000000002,1.270675,1.27121,2465.3799557313323
2024-01-22 07:15:00+00:00,1.2711999999999999,1.2716,1.27111,1.271195,1611.1499759331346
2024-01-22 07:30:00+00:00,1.271155,1.2712249999999998,1.269795,1.270425,2113.989968471229
2024-01-22 07:45:00+00:00,1.27042,1.270695,1.270135,1.2703600000000002,2156.389970511198
2024-01-22 08:00:00+00:00,1.270355,1.270635,1.2695150000000002,1.269835,2898.4199604913592
2024-01-22 08:15:00+00:00,1.269815,1.270535,1.269545,1.27041,2636.3399630114436
2024-01-22 08:30:00+00:00,1.270385,1.2703950000000002,1.269275,1.2693050000000001,2488.2599634826183
2024-01-22 08:45:00+00:00,1.269285,1.2696649999999998,1.2686950000000001,1.26936,2106.4899719804525
2024-01-22 09:00:00+00:00,1.269345,1.27026,1.2691599999999998,1.27024,2147.6699715033174
2024-01-22 09:15:00+00:00,1.270225,1.2711299999999999,1.270225,1.270685,1765.1399755850434
2024-01-22 09:30:00+00:00,1.270675,1.270755,1.26987,1.270195,2041.1099714636803
2024-01-22 09:45:00+00:00,1.2702,1.27066,1.2699850000000001,1.270495,1131.2699839696288
2024-01-22 10:00:00+00:00,1.27046,1.2706,1.269965,1.270545,1514.639978863299
2024-01-22 10:15:00+00:00,1.270535,1.2705950000000001,1.270025,1.270355,1214.3499825075269
2024-01-22 10:30:00+00:00,1.27035,1.2705899999999999,1.269835,1.270315,1496.0099779441953
2024-01-22 10:45:00+00:00,1.2702900000000001,1.27088,1.27026,1.270775,1482.4799766987562
2024-01-22 11:00:00+00:00,1.270765,1.27139,1.270505,1.2713450000000002,1763.909977607429
2024-01-22 11:15:00+00:00,1.2713700000000001,1.27145,1.2705950000000001,1.270715,2193.959974862635
2024-01-22 11:30:00+00:00,1.2707199999999998,1.271295,1.270675,1.27103,1588.3299808949232
2024-01-22 11:45:00+00:00,1.2710249999999998,1.271455,1.2709350000000001,1.271405,1301.9799849018455
2024-01-22 12:00:00+00:00,1.271415,1.27249,1.27122,1.272365,1787.059976235032
2024-01-22 12:15:00+00:00,1.2723849999999999,1.2729650000000001,1.2723200000000001,1.272875,1991.3699722364545
2024-01-22 12:30:00+00:00,1.27292,1.2730700000000001,1.272215,1.2726799999999998,2059.8199701681733
2024-01-22 12:45:00+00:00,1.2726600000000001,1.272705,1.271755,1.27259,2016.2799737602472
2024-01-22 13:00:00+00:00,1.2725849999999999,1.272875,1.27197,1.2720099999999999,2438.7999683618546
2024-01-22 13:15:00+00:00,1.2720150000000001,1.272805,1.27182,1.272485,3034.099963285029
2024-01-22 13:30:00+00:00,1.27249,1.27249,1.2716850000000002,1.27189,3135.9299580082297
2024-01-22 13:45:00+00:00,1.271845,1.273185,1.2717999999999998,1.2726899999999999,2698.599962875247
2024-01-22 14:00:00+00:00,1.272685,1.272685,1.2718699999999998,1.27234,3127.3199644237757
2024-01-22 14:15:00+00:00,1.272335,1.2726950000000001,1.27169,1.27184,2801.7299702465534
2024-01-22 14:30:00+00:00,1.271825,1.27234,1.27099,1.2713700000000001,4830.569930694997
2024-01-22 14:45:00+00:00,1.271375,1.272375,1.27133,1.272205,4318.309954456985
2024-01-22 15:00:00+00:00,1.272185,1.272785,1.271735,1.2727,3043.5299708247185
2024-01-22 15:15:00+00:00,1.272705,1.273165,1.272705,1.27299,2670.359965234995
2024-01-22 15:30:00+00:00,1.272985,1.273025,1.2720850000000001,1.2720850000000001,2562.899961426854
2024-01-22 15:45:00+00:00,1.272105,1.272435,1.271675,1.2720099999999999,3772.8899516537786
2024-01-22 16:00:00+00:00,1.27201,1.2720150000000001,1.270875,1.2713199999999998,2623.899961568415
2024-01-22 16:15:00+00:00,1.2713299999999998,1.27187,1.27114,1.2717100000000001,1661.7299731820822
2024-01-22 16:30:00+00:00,1.271725,1.271865,1.2714750000000001,1.271545,1921.6999686136842
2024-01-22 16:45:00+00:00,1.27155,1.2726950000000001,1.271465,1.272595,2550.149961322546
2024-01-22 17:00:00+00:00,1.2726250000000001,1.272815,1.2722250000000002,1.272755,2747.699966713786
2024-01-22 17:15:00+00:00,1.272745,1.2732999999999999,1.272675,1.27298,2573.7499690428376
2024-01-22 17:30:00+00:00,1.272985,1.273215,1.272775,1.272915,1118.519978389144
2024-01-22 17:45:00+00:00,1.272905,1.273035,1.2721300000000002,1.2721300000000002,1757.6199810430408
2024-01-22 18:00:00+00:00,1.272135,1.2721749999999998,1.27155,1.271825,1928.3199701681733
2024-01-22 18:15:00+00:00,1.271845,1.27194,1.2707199999999998,1.27082,2250.359966106713
2024-01-22 18:30:00+00:00,1.27081,1.2711350000000001,1.270585,1.27078,2472.749962821603
2024-01-22 18:45:00+00:00,1.270785,1.271345,1.270715,1.271265,1559.799970947206
2024-01-22 19:00:00+00:00,1.271245,1.271295,1.270355,1.27038,1377.809977248311
2024-01-22 19:15:00+00:00,1.270375,1.270375,1.26979,1.269915,3170.8799618780613
2024-01-22 19:30:00+00:00,1.269895,1.27054,1.2698800000000001,1.27031,2523.299956254661
2024-01-22 19:45:00+00:00,1.2702900000000001,1.270645,1.2701799999999999,1.270495,2355.149973757565
2024-01-22 20:00:00+00:00,1.270515,1.270575,1.27,1.2701500000000001,907.3199838250875
2024-01-22 20:15:00+00:00,1.270155,1.2704849999999999,1.2700550000000002,1.27046,545.7299878001213
2024-01-22 20:30:00+00:00,1.270465,1.27075,1.270465,1.2706149999999998,868.3799843490124
2024-01-22 20:45:00+00:00,1.2706,1.27093,1.270225,1.270835,1536.3699789866805
2024-01-22 21:00:00+00:00,1.270845,1.2710499999999998,1.270595,1.27074,1044.929984241724
2024-01-22 21:15:00+00:00,1.270725,1.2711350000000001,1.2707199999999998,1.270915,789.839989207685
2024-01-22 21:30:00+00:00,1.270905,1.2709549999999998,1.270645,1.2709000000000001,1018.3499906659126
2024-01-22 21:45:00+00:00,1.270905,1.27094,1.270725,1.27091,1844.139983817935
2024-01-22 22:00:00+00:00,1.27089,1.2710599999999999,1.270735,1.27103,551.2399988174438
2024-01-22 22:15:00+00:00,1.270995,1.2711100000000002,1.270925,1.271035,739.8100023269653
2024-01-22 22:30:00+00:00,1.271045,1.2711700000000001,1.2708750000000002,1.2710750000000002,1839.0199941396713
2024-01-22 22:45:00+00:00,1.271095,1.271195,1.27099,1.271175,2245.239999681711
2024-01-22 23:00:00+00:00,1.2711000000000001,1.271155,1.270475,1.270665,2828.349979393184
2024-01-22 23:15:00+00:00,1.27067,1.270775,1.27046,1.270495,681.5999884009361
2024-01-22 23:30:00+00:00,1.2704900000000001,1.27084,1.2704749999999998,1.2708050000000002,1322.3099824413657
2024-01-22 23:45:00+00:00,1.27081,1.27081,1.27053,1.27062,788.349991761148
2024-01-23 00:00:00+00:00,1.2705899999999999,1.2709549999999998,1.2705899999999999,1.27088,1228.9499832987785
2024-01-23 00:15:00+00:00,1.270875,1.2709700000000002,1.2708149999999998,1.2709700000000002,824.1599854230881
2024-01-23 00:30:00+00:00,1.270965,1.27109,1.270845,1.271055,1053.5099935531616
2024-01-23 00:45:00+00:00,1.27107,1.2714949999999998,1.2710400000000002,1.27142,1581.0299846678972
2024-01-23 01:00:00+00:00,1.271415,1.27156,1.271195,1.2712050000000001,1110.3899823874235
2024-01-23 01:15:00+00:00,1.27121,1.271385,1.2710599999999999,1.271305,1237.4399856776
2024-01-23 01:30:00+00:00,1.2713,1.271305,1.270835,1.271005,1776.4899753034115
2024-01-23 01:45:00+00:00,1.270995,1.272155,1.27091,1.272065,3142.4599589928985
2024-01-23 02:00:00+00:00,1.27207,1.272325,1.2717049999999999,1.272195,3276.5199463292956
2024-01-23 02:15:00+00:00,1.272205,1.272575,1.2721550000000001,1.2724449999999998,2928.419953227043
2024-01-23 02:30:00+00:00,1.27245,1.272785,1.27226,1.272615,2688.0499742999673
2024-01-23 02:45:00+00:00,1.27263,1.272745,1.27183,1.271965,2134.5599709525704
2024-01-23 03:00:00+00:00,1.27198,1.27217,1.27154,1.271645,4389.509934350848
2024-01-23 03:15:00+00:00,1.2716599999999998,1.2723650000000002,1.27161,1.2722449999999998,3670.529958061874
2024-01-23 03:30:00+00:00,1.272235,1.272695,1.272195,1.272375,3675.419966854155
2024-01-23 03:45:00+00:00,1.2724,1.2728549999999998,1.272335,1.2724700000000002,3532.2299534380436
2024-01-23 04:00:00+00:00,1.272475,1.2726950000000001,1.2723399999999998,1.272605,1779.5799707993865
2024-01-23 04:15:00+00:00,1.27261,1.272675,1.2723499999999999,1.272415,1836.339970946312
2024-01-23 04:30:00+00:00,1.2724099999999998,1.2727300000000001,1.2724099999999998,1.2726549999999999,1522.1399750635028
2024-01-23 04:45:00+00:00,1.272665,1.273135,1.272665,1.272805,1743.9299797415733
2024-01-23 05:00:00+00:00,1.2728000000000002,1.2729599999999999,1.2727,1.2727149999999998,1958.009977132082
2024-01-23 05:15:00+00:00,1.27271,1.27306,1.2726199999999999,1.27306,1928.4899821281433
2024-01-23 05:30:00+00:00,1.2731,1.27355,1.273085,1.27348,1830.269975207746
2024-01-23 05:45:00+00:00,1.273485,1.2738800000000001,1.273405,1.27373,1727.7099763080478
2024-01-23 06:00:00+00:00,1.27374,1.2738749999999999,1.27343,1.27359,4496.359957277775
2024-01-23 06:15:00+00:00,1.2736,1.274435,1.273495,1.2744149999999999,3292.159959644079
2024-01-23 06:30:00+00:00,1.27442,1.2745950000000001,1.27407,1.27441,5919.899907678366
2024-01-23 06:45:00+00:00,1.2744149999999999,1.27466,1.274385,1.27459,3895.969949968159
2024-01-23 07:00:00+00:00,1.27458,1.274715,1.274175,1.2746,4920.89994969964
2024-01-23 07:15:00+00:00,1.27459,1.274655,1.2735400000000001,1.273995,2618.0899587646127
2024-01-23 07:30:00+00:00,1.274,1.27433,1.2736049999999999,1.274095,2236.649966686964
2024-01-23 07:45:00+00:00,1.274105,1.27435,1.27381,1.2742499999999999,1646.6999778598547
2024-01-23 08:00:00+00:00,1.274235,1.274425,1.2736,1.27374,3472.589946202934
2024-01-23 08:15:00+00:00,1.27376,1.273795,1.2732350000000001,1.27373,2654.2199642434716
2024-01-23 08:30:00+00:00,1.27375,1.274155,1.272915,1.273175,2339.549965761602
2024-01-23 08:45:00+00:00,1.273195,1.273285,1.2727249999999999,1.273145,1733.7099741846323
2024-01-23 09:00:00+00:00,1.273135,1.27314,1.272205,1.272685,2091.4599711745977
2024-01-23 09:15:00+00:00,1.272685,1.2732,1.27251,1.273035,1867.8599734604359
2024-01-23 09:30:00+00:00,1.2730299999999999,1.2731949999999999,1.27225,1.27231,1606.0799764245749
2024-01-23 09:45:00+00:00,1.272285,1.2732,1.27202,1.27284,1686.059975527227
2024-01-23 10:00:00+00:00,1.272835,1.272875,1.2720150000000001,1.2723399999999998,1734.2399778738618
2024-01-23 10:15:00+00:00,1.2723550000000001,1.272825,1.27209,1.272505,1725.239980429411
2024-01-23 10:30:00+00:00,1.27249,1.272735,1.2720449999999999,1.2720449999999999,1640.2199760079384
2024-01-23 10:45:00+00:00,1.27204,1.2721,1.271075,1.2712599999999998,2062.0199719145894
2024-01-23 11:00:00+00:00,1.2712750000000002,1.27149,1.271045,1.2714599999999998,2003.319978237152
2024-01-23 11:15:00+00:00,1.271445,1.27145,1.27001,1.270365,2155.139974169433
2024-01-23 11:30:00+00:00,1.270315,1.270645,1.2702149999999999,1.270415,1986.2499694600701
2024-01-23 11:45:00+00:00,1.270425,1.27066,1.27019,1.27066,1857.5099734291434
2024-01-23 12:00:00+00:00,1.2706499999999998,1.271185,1.27028,1.271185,2023.9299741238356
2024-01-23 12:15:00+00:00,1.27118,1.271245,1.27035,1.270385,1761.4499794617295
2024-01-23 12:30:00+00:00,1.27038,1.2705600000000001,1.27019,1.27055,1751.3599761426449
2024-01-23 12:45:00+00:00,1.270525,1.271385,1.270325,1.2710650000000001,2293.599972061813
2024-01-23 13:00:00+00:00,1.27107,1.271685,1.27107,1.27146,2893.319962002337
2024-01-23 13:15:00+00:00,1.2714699999999999,1.2718500000000001,1.271155,1.27165,2437.969966456294
2024-01-23 13:30:00+00:00,1.271665,1.27168,1.270935,1.271395,2031.219974771142
2024-01-23 13:45:00+00:00,1.27139,1.2717299999999998,1.270535,1.270815,2809.919965326786
2024-01-23 14:00:00+00:00,1.270805,1.270805,1.2691,1.26967,3532.289952158928
2024-01-23 14:15:00+00:00,1.2696749999999999,1.269755,1.2689050000000002,1.2689050000000002,2672.6799615323544
2024-01-23 14:30:00+00:00,1.2689,1.268915,1.26802,1.2687249999999999,4306.159940712154
2024-01-23 14:45:00+00:00,1.268715,1.268865,1.26797,1.26813,3765.699951045215
2024-01-23 15:00:00+00:00,1.2681200000000001,1.269185,1.26788,1.26837,4314.019951626658
2024-01-23 15:15:00+00:00,1.2683749999999998,1.2685,1.26685,1.267155,4359.009944550693
2024-01-23 15:30:00+00:00,1.267135,1.267145,1.265865,1.2660399999999998,3790.809947900474
2024-01-23 15:45:00+00:00,1.2660200000000001,1.26687,1.2660200000000001,1.266565,3184.0799643844366
2024-01-23 16:00:00+00:00,1.2665700000000002,1.2674699999999999,1.2661850000000001,1.266225,3138.3699586987495
2024-01-23 16:15:00+00:00,1.266245,1.266655,1.265355,1.2665899999999999,3123.2199522405863
2024-01-23 16:30:00+00:00,1.2665950000000001,1.26661,1.265685,1.265725,2191.4399651438
2024-01-23 16:45:00+00:00,1.2657349999999998,1.266025,1.26538,1.265755,1577.0899705067277
2024-01-23 17:00:00+00:00,1.2657699999999998,1.2660399999999998,1.265145,1.2655599999999998,1977.8299740999937
2024-01-23 17:15:00+00:00,1.265545,1.265545,1.2649499999999998,1.265425,1612.0499821007252
2024-01-23 17:30:00+00:00,1.26542,1.265795,1.2649249999999999,1.265145,1809.5999865084887
2024-01-23 17:45:00+00:00,1.265135,1.265975,1.2649599999999999,1.265795,3416.0999837592244
2024-01-23 18:00:00+00:00,1.26579,1.2663600000000002,1.2656999999999998,1.26628,2607.849964261055
2024-01-23 18:15:00+00:00,1.2662849999999999,1.26678,1.266265,1.26665,1807.5399754494429
2024-01-23 18:30:00+00:00,1.266685,1.2667899999999999,1.266475,1.266725,1639.289976745844
2024-01-23 18:45:00+00:00,1.26671,1.26691,1.266335,1.2665899999999999,1433.6099772751331
2024-01-23 19:00:00+00:00,1.26661,1.267175,1.266545,1.2670949999999999,1124.0099794268608
2024-01-23 19:15:00+00:00,1.2670750000000002,1.26746,1.266975,1.267455,1156.6299863010645
2024-01-23 19:30:00+00:00,1.267465,1.268265,1.267355,1.2681749999999998,1315.8099816665053
2024-01-23 19:45:00+00:00,1.26817,1.26821,1.26791,1.268055,1225.509978696704
2024-01-23 20:00:00+00:00,1.2680600000000002,1.26865,1.267865,1.268555,1466.0499747395515
2024-01-23 20:15:00+00:00,1.2685650000000002,1.268705,1.26823,1.26823,1127.4099850431085
2024-01-23 20:30:00+00:00,1.268225,1.2683849999999999,1.268095,1.26833,882.5099860355258
2024-01-23 20:45:00+00:00,1.268345,1.26877,1.268255,1.26859,1495.0199776738882
2024-01-23 21:00:00+00:00,1.26862,1.2690649999999999,1.268535,1.2690000000000001,713.89998665452
2024-01-23 21:15:00+00:00,1.269005,1.269185,1.268825,1.269115,1055.729988195002
2024-01-23 21:30:00+00:00,1.26911,1.269185,1.268605,1.268705,1042.049987077713
2024-01-23 21:45:00+00:00,1.2686799999999998,1.2688700000000002,1.2686199999999999,1.2687249999999999,1644.8199765458703
2024-01-23 22:00:00+00:00,1.2687300000000001,1.268775,1.2684350000000002,1.2686,404.9599951207638
2024-01-23 22:15:00+00:00,1.268615,1.2688350000000002,1.268525,1.2687300000000001,474.47999370098114
2024-01-23 22:30:00+00:00,1.268735,1.26883,1.26847,1.268805,1131.7899911403656
2024-01-23 22:45:00+00:00,1.268795,1.26883,1.26836,1.26847,21839.319947436452
2024-01-23 23:00:00+00:00,1.2684250000000001,1.26943,1.268405,1.269325,1342.2499966025352
2024-01-23 23:15:00+00:00,1.269345,1.269365,1.26912,1.26915,1172.6999933719635
2024-01-23 23:30:00+00:00,1.269155,1.269285,1.2690549999999998,1.269075,661.6799918189645
2024-01-23 23:45:00+00:00,1.26911,1.269135,1.268955,1.269135,768.5099891573191
2024-01-24 00:00:00+00:00,1.26913,1.269485,1.26911,1.269455,1433.999984368682
2024-01-24 00:15:00+00:00,1.26945,1.26966,1.2689300000000001,1.268945,1224.7799862250686
2024-01-24 00:30:00+00:00,1.26895,1.26949,1.26894,1.26939,2780.1899736374617
2024-01-24 00:45:00+00:00,1.26938,1.26983,1.26935,1.269425,1503.509982444346
2024-01-24 01:00:00+00:00,1.269405,1.2695699999999999,1.26885,1.26951,2489.1099683493376
2024-01-24 01:15:00+00:00,1.26952,1.269565,1.26895,1.269355,2123.5799730047584
2024-01-24 01:30:00+00:00,1.269365,1.269745,1.269205,1.26936,2974.799954779446
2024-01-24 01:45:00+00:00,1.2693500000000002,1.269365,1.2690350000000001,1.269265,2508.0899630859494
2024-01-24 02:00:00+00:00,1.26926,1.269285,1.26865,1.268665,2454.899959720671
2024-01-24 02:15:00+00:00,1.2686799999999998,1.268875,1.268575,1.26885,1061.4299814030528
2024-01-24 02:30:00+00:00,1.2688549999999998,1.26895,1.268645,1.268755,1729.6499723047018
2024-01-24 02:45:00+00:00,1.26875,1.269165,1.268725,1.269075,1249.3599820882082
2024-01-24 03:00:00+00:00,1.2690800000000002,1.2693500000000002,1.2690199999999998,1.26933,2001.749970316887
2024-01-24 03:15:00+00:00,1.269325,1.269585,1.2691400000000002,1.26928,1972.269966468215
2024-01-24 03:30:00+00:00,1.269295,1.2696749999999999,1.26924,1.2696649999999998,1359.989975951612
2024-01-24 03:45:00+00:00,1.269685,1.27006,1.269615,1.26965,1915.409966148436
2024-01-24 04:00:00+00:00,1.26967,1.26987,1.269615,1.26976,1322.3199791386724
2024-01-24 04:15:00+00:00,1.269765,1.2699799999999999,1.269745,1.269865,1195.1399769484997
2024-01-24 04:30:00+00:00,1.26986,1.270375,1.26986,1.270375,1096.7099862322211
2024-01-24 04:45:00+00:00,1.270365,1.270445,1.270195,1.27027,883.9799833446741
2024-01-24 05:00:00+00:00,1.270265,1.270265,1.269725,1.270045,1566.0899780541658
2024-01-24 05:15:00+00:00,1.2700200000000001,1.2700200000000001,1.2696100000000001,1.26992,1101.6899835243821
2024-01-24 05:30:00+00:00,1.269925,1.270445,1.2698550000000002,1.2703449999999998,1554.9599759429693
2024-01-24 05:45:00+00:00,1.27035,1.2704,1.2702300000000002,1.2702499999999999,1356.809982560575
2024-01-24 06:00:00+00:00,1.27024,1.27038,1.27003,1.27026,1949.609979443252
2024-01-24 06:15:00+00:00,1.2702499999999999,1.270315,1.269995,1.2703,1061.9099838137627
2024-01-24 06:30:00+00:00,1.270305,1.2705549999999999,1.27019,1.2705449999999998,1796.5099769830704
2024-01-24 06:45:00+00:00,1.27055,1.27082,1.2702499999999999,1.2703250000000001,2279.8499644994736
2024-01-24 07:00:00+00:00,1.270305,1.271305,1.2703,1.2711350000000001,3281.5299541801214
2024-01-24 07:15:00+00:00,1.271145,1.2711700000000001,1.2703,1.270385,1741.1699727997184
2024-01-24 07:30:00+00:00,1.270375,1.2710949999999999,1.2703449999999998,1.271045,2813.909961424768
2024-01-24 07:45:00+00:00,1.2710499999999998,1.27107,1.269975,1.270445,2769.5699628293514
2024-01-24 08:00:00+00:00,1.270465,1.271715,1.27042,1.2717,3370.92995313555
2024-01-24 08:15:00+00:00,1.271635,1.2717,1.27093,1.271315,3178.1099612638354
2024-01-24 08:30:00+00:00,1.27138,1.27188,1.270845,1.271535,3883.119951121509
2024-01-24 08:45:00+00:00,1.27156,1.271625,1.2707199999999998,1.27094,2744.069962181151
2024-01-24 09:00:00+00:00,1.27099,1.272265,1.27093,1.27222,2400.539968468249
2024-01-24 09:15:00+00:00,1.272225,1.27315,1.2720150000000001,1.272735,2949.059972971678
2024-01-24 09:30:00+00:00,1.272805,1.277115,1.272735,1.27677,6739.119918726385
2024-01-24 09:45:00+00:00,1.2767650000000001,1.2773349999999999,1.276415,1.2764600000000002,3204.7099559232593
2024-01-24 10:00:00+00:00,1.27645,1.27695,1.2758500000000002,1.27588,3199.3899517804384
2024-01-24 10:15:00+00:00,1.275875,1.2761,1.2751299999999999,1.275395,1953.019972383976
2024-01-24 10:30:00+00:00,1.275385,1.275595,1.275015,1.27541,2716.7399629577994
2024-01-24 10:45:00+00:00,1.2754050000000001,1.2757800000000001,1.27497,1.275325,2212.2599751874804
2024-01-24 11:00:00+00:00,1.2753450000000002,1.27552,1.274155,1.274295,2220.2399699389935
2024-01-24 11:15:00+00:00,1.2742900000000001,1.2746300000000002,1.2741850000000001,1.2746149999999998,1610.3999763131142
2024-01-24 11:30:00+00:00,1.27462,1.274705,1.273915,1.274245,1887.1499739736319
2024-01-24 11:45:00+00:00,1.27427,1.2745600000000001,1.273835,1.274045,1839.0399737507105
2024-01-24 12:00:00+00:00,1.27405,1.27428,1.2732649999999999,1.2733050000000001,1896.9099776521325
2024-01-24 12:15:00+00:00,1.273285,1.27366,1.272845,1.27285,1879.0799720585346
2024-01-24 12:30:00+00:00,1.27288,1.273545,1.2728350000000002,1.27336,1550.3499794527888
2024-01-24 12:45:00+00:00,1.273365,1.2741449999999999,1.2733050000000001,1.2738649999999998,2196.329969637096
2024-01-24 13:00:00+00:00,1.273855,1.27527,1.2738,1.27514,3530.5999481379986
2024-01-24 13:15:00+00:00,1.275145,1.27577,1.2746499999999998,1.27564,3605.5199471116066
2024-01-24 13:30:00+00:00,1.275645,1.276165,1.27491,1.27494,4339.839936085045
2024-01-24 13:45:00+00:00,1.2749350000000002,1.27712,1.274895,1.27668,4171.609950609505
2024-01-24 14:00:00+00:00,1.276665,1.276705,1.2759200000000002,1.276465,2899.509966172278
2024-01-24 14:15:00+00:00,1.276485,1.277345,1.27648,1.27732,2397.719968929887
2024-01-24 14:30:00+00:00,1.2773400000000001,1.277485,1.276415,1.2766899999999999,4740.829939953983
2024-01-24 14:45:00+00:00,1.2766549999999999,1.2766549999999999,1.27382,1.274425,12240.149840556085
2024-01-24 15:00:00+00:00,1.27444,1.2746,1.273385,1.274425,6405.579916752875
2024-01-24 15:15:00+00:00,1.27444,1.275265,1.27426,1.27515,4750.959932610393
2024-01-24 15:30:00+00:00,1.27514,1.27563,1.274235,1.275605,4364.679932802916
2024-01-24 15:45:00+00:00,1.27561,1.275695,1.2745600000000001,1.27528,4799.559943728149
2024-01-24 16:00:00+00:00,1.275305,1.2754500000000002,1.2742200000000001,1.2742200000000001,4850.549936309457
2024-01-24 16:15:00+00:00,1.2742,1.27498,1.274115,1.27464,4066.57994055748
2024-01-24 16:30:00+00:00,1.2746499999999998,1.2749000000000001,1.274125,1.274155,3563.9999511018395
2024-01-24 16:45:00+00:00,1.274165,1.2752750000000002,1.274015,1.2751700000000001,2475.1799512803555
2024-01-24 17:00:00+00:00,1.275115,1.2754500000000002,1.274375,1.274815,3071.789943858981
2024-01-24 17:15:00+00:00,1.27481,1.275265,1.274165,1.27515,2631.5499633401632
2024-01-24 17:30:00+00:00,1.275155,1.27529,1.27465,1.27465,1800.3599735796452
2024-01-24 17:45:00+00:00,1.274665,1.27496,1.274345,1.2748,2909.419962257147
2024-01-24 18:00:00+00:00,1.2747899999999999,1.2750650000000001,1.273555,1.273555,4525.229928135872
2024-01-24 18:15:00+00:00,1.273545,1.273975,1.2729599999999999,1.2734800000000002,3096.5699442774057
2024-01-24 18:30:00+00:00,1.27347,1.2736999999999998,1.2727499999999998,1.27276,2538.539958715439
2024-01-24 18:45:00+00:00,1.27274,1.27304,1.2726350000000002,1.272965,1861.5899708867073
2024-01-24 19:00:00+00:00,1.27297,1.272995,1.27238,1.2723849999999999,2113.8299707323313
2024-01-24 19:15:00+00:00,1.27237,1.272375,1.271355,1.2717999999999998,3323.6999475583434
2024-01-24 19:30:00+00:00,1.271805,1.27237,1.27179,1.2723200000000001,4053.3299485370517
2024-01-24 19:45:00+00:00,1.272305,1.27272,1.272215,1.27256,3296.2899529486895
2024-01-24 20:00:00+00:00,1.2725650000000002,1.2731,1.272365,1.27255,2740.209964387119
2024-01-24 20:15:00+00:00,1.27253,1.2725300000000002,1.272095,1.272235,1812.8499716371298
2024-01-24 20:30:00+00:00,1.27221,1.272605,1.272075,1.2725300000000002,1348.5599757283926
2024-01-24 20:45:00+00:00,1.27252,1.27252,1.271525,1.27162,1692.8499765321612
2024-01-24 21:00:00+00:00,1.2716150000000002,1.2717900000000002,1.2714500000000002,1.2717100000000001,834.3299860283732
2024-01-24 21:15:00+00:00,1.271715,1.2719,1.271655,1.271895,319.79999377578497
2024-01-24 21:30:00+00:00,1.271885,1.2722950000000002,1.27187,1.27223,929.4999948740005
2024-01-24 21:45:00+00:00,1.2722250000000002,1.272585,1.2722,1.27254,1129.0999885052443
2024-01-24 22:00:00+00:00,1.27251,1.27251,1.272265,1.27241,242.13999831676483
2024-01-24 22:15:00+00:00,1.272415,1.27258,1.272335,1.27251,312.179996073246
2024-01-24 22:30:00+00:00,1.272485,1.272595,1.272345,1.272345,1082.8499866724014
2024-01-24 22:45:00+00:00,1.2723550000000001,1.272685,1.272215,1.272485,2109.42998662591
2024-01-24 23:00:00+00:00,1.2725050000000002,1.2726350000000002,1.27223,1.2723900000000001,1174.3699898123741
2024-01-24 23:15:00+00:00,1.27236,1.27241,1.272105,1.272105,957.2599876448512
2024-01-24 23:30:00+00:00,1.2721,1.2721,1.27168,1.2717999999999998,470.4599926173687
2024-01-24 23:45:00+00:00,1.271805,1.271985,1.27168,1.2717800000000001,1165.3799890428782
2024-01-25 00:00:00+00:00,1.27179,1.271915,1.2709700000000002,1.271,1315.2899784222245
2024-01-25 00:15:00+00:00,1.270985,1.271115,1.2706849999999998,1.2708050000000002,1183.829979404807
2024-01-25 00:30:00+00:00,1.2708,1.2711299999999999,1.2708,1.27087,1842.3099671900272
2024-01-25 00:45:00+00:00,1.270835,1.2711299999999999,1.2704849999999999,1.270625,2998.1999501362443
2024-01-25 01:00:00+00:00,1.2706149999999998,1.2708,1.2703799999999998,1.2706149999999998,2963.0999629572034
2024-01-25 01:15:00+00:00,1.2706300000000001,1.27082,1.270365,1.2705950000000001,2430.959972783923
2024-01-25 01:30:00+00:00,1.2705899999999999,1.271055,1.2704900000000001,1.27096,4022.499956764281
2024-01-25 01:45:00+00:00,1.27095,1.2714400000000001,1.2707099999999998,1.2711899999999998,2864.2499625980854
2024-01-25 02:00:00+00:00,1.2711999999999999,1.271445,1.27094,1.271235,2576.8499569296837
2024-01-25 02:15:00+00:00,1.271245,1.2714050000000001,1.2710050000000002,1.27135,2692.76995806396
2024-01-25 02:30:00+00:00,1.27136,1.2714599999999998,1.2709700000000002,1.270985,3259.5599546283484
2024-01-25 02:45:00+00:00,1.27097,1.27127,1.270905,1.271215,2270.379964403808
2024-01-25 03:00:00+00:00,1.27122,1.271735,1.2711899999999998,1.2713899999999998,1713.6599714607
2024-01-25 03:15:00+00:00,1.271385,1.27148,1.27129,1.2714050000000001,2209.2299748510122
2024-01-25 03:30:00+00:00,1.27141,1.2715100000000001,1.2711649999999999,1.2713100000000002,1667.8199754580855
2024-01-25 03:45:00+00:00,1.2713299999999998,1.2714349999999999,1.271265,1.271315,1394.7599801197648
2024-01-25 04:00:00+00:00,1.2713,1.2714349999999999,1.2711700000000001,1.27142,1574.729974001646
2024-01-25 04:15:00+00:00,1.2714349999999999,1.2717049999999999,1.2713649999999999,1.2715,1272.5099812820554
2024-01-25 04:30:00+00:00,1.2715049999999999,1.2715049999999999,1.271185,1.271235,1824.0299786701798
2024-01-25 04:45:00+00:00,1.2712249999999998,1.2712249999999998,1.270915,1.271015,1593.119971640408
2024-01-25 05:00:00+00:00,1.271,1.27112,1.27075,1.2709100000000002,1312.0499782189727
2024-01-25 05:15:00+00:00,1.270905,1.2711000000000001,1.2707899999999999,1.2709899999999998,1534.6799735948443
2024-01-25 05:30:00+00:00,1.270995,1.2711450000000002,1.2708949999999999,1.27104,2132.519976377487
2024-01-25 05:45:00+00:00,1.2710400000000002,1.2710949999999999,1.27074,1.271055,2258.939971588552
2024-01-25 06:00:00+00:00,1.2710599999999999,1.27134,1.270905,1.271185,1486.529978632927
2024-01-25 06:15:00+00:00,1.2711700000000001,1.2717100000000001,1.271105,1.271685,2341.079969994724
2024-01-25 06:30:00+00:00,1.27168,1.2722449999999998,1.27166,1.27204,2802.7899620980024
2024-01-25 06:45:00+00:00,1.2720449999999999,1.27252,1.27191,1.2724000000000002,1837.6699752807617
2024-01-25 07:00:00+00:00,1.272405,1.272835,1.2722,1.2727249999999999,2698.009958565235
2024-01-25 07:15:00+00:00,1.2727300000000001,1.272875,1.2720799999999999,1.272385,1535.3699812814593
2024-01-25 07:30:00+00:00,1.2723900000000001,1.2724199999999999,1.271875,1.272225,1964.0999781936407
2024-01-25 07:45:00+00:00,1.272205,1.2734100000000002,1.27217,1.27322,1827.2099744677544
2024-01-25 08:00:00+00:00,1.273225,1.2737,1.272465,1.2730899999999998,3004.869959667325
2024-01-25 08:15:00+00:00,1.273095,1.2734899999999998,1.2720099999999999,1.27248,3137.089960977435
2024-01-25 08:30:00+00:00,1.27247,1.273075,1.272365,1.27298,2524.6199715659022
2024-01-25 08:45:00+00:00,1.27299,1.2730800000000002,1.27256,1.27276,2400.419967368245
2024-01-25 09:00:00+00:00,1.2727650000000001,1.27333,1.272535,1.272985,3095.759958960116
2024-01-25 09:15:00+00:00,1.27298,1.273565,1.2727650000000001,1.2729300000000001,2143.3499734550714
2024-01-25 09:30:00+00:00,1.272935,1.2732350000000001,1.27253,1.272665,2043.0599751397967
2024-01-25 09:45:00+00:00,1.2726700000000002,1.27313,1.2721550000000001,1.27264,1791.8299771174788
2024-01-25 10:00:00+00:00,1.272645,1.27408,1.27258,1.2740749999999998,2333.7299648448825
2024-01-25 10:15:00+00:00,1.274055,1.274165,1.273445,1.27369,1444.499979622662
2024-01-25 10:30:00+00:00,1.273695,1.274275,1.27338,1.274105,1665.1799776479602
2024-01-25 10:45:00+00:00,1.274115,1.274125,1.273295,1.2735699999999999,1538.6399816647172
2024-01-25 11:00:00+00:00,1.2735750000000001,1.27359,1.2724799999999998,1.2725650000000002,2578.3299743384123
2024-01-25 11:15:00+00:00,1.272575,1.2730350000000001,1.272535,1.27263,1130.8499848619103
2024-01-25 11:30:00+00:00,1.272645,1.27297,1.272255,1.27295,2569.2899760752916
2024-01-25 11:45:00+00:00,1.272965,1.2734800000000002,1.272635,1.27329,1847.3499833270907
2024-01-25 12:00:00+00:00,1.273325,1.27358,1.272885,1.27304,1766.9699792712927
2024-01-25 12:15:00+00:00,1.273045,1.273095,1.27211,1.272465,1785.9299741834402
2024-01-25 12:30:00+00:00,1.272485,1.27288,1.272305,1.272555,1432.1399799957871
2024-01-25 12:45:00+00:00,1.2725650000000002,1.27261,1.272055,1.272505,1931.249972395599
2024-01-25 13:00:00+00:00,1.27251,1.2734999999999999,1.272475,1.2733599999999998,3193.879955202341
2024-01-25 13:15:00+00:00,1.273365,1.2740550000000002,1.2719399999999998,1.272225,5076.059935979545
2024-01-25 13:30:00+00:00,1.27226,1.27396,1.269795,1.27312,15751.60978448391
2024-01-25 13:45:00+00:00,1.2731249999999998,1.273745,1.2723200000000001,1.273635,10304.879849925637
2024-01-25 14:00:00+00:00,1.273635,1.2736399999999999,1.27204,1.27263,9474.869870506227
2024-01-25 14:15:00+00:00,1.272635,1.273345,1.27153,1.27264,6461.629914321005
2024-01-25 14:30:00+00:00,1.27261,1.27261,1.27043,1.27087,6484.859915874898
2024-01-25 14:45:00+00:00,1.270875,1.27259,1.27035,1.2723499999999999,6098.009929925203
2024-01-25 15:00:00+00:00,1.2723550000000001,1.27275,1.271075,1.272185,6671.619920372963
2024-01-25 15:15:00+00:00,1.272165,1.27267,1.2712500000000002,1.271445,6418.039911419153
2024-01-25 15:30:00+00:00,1.27145,1.271515,1.26962,1.270365,5420.229928269982
2024-01-25 15:45:00+00:00,1.270355,1.27039,1.2695400000000001,1.2699600000000002,4209.68994282186
2024-01-25 16:00:00+00:00,1.269955,1.2702499999999999,1.269075,1.27,3803.1899538114667
2024-01-25 16:15:00+00:00,1.269995,1.2702900000000001,1.2696900000000002,1.26997,3054.689950041473
2024-01-25 16:30:00+00:00,1.269975,1.270205,1.26933,1.26959,2627.6699543371797
2024-01-25 16:45:00+00:00,1.269615,1.269935,1.26945,1.269635,2166.9399642050266
2024-01-25 17:00:00+00:00,1.269625,1.26981,1.2689949999999999,1.2693150000000002,3043.4099566712976
2024-01-25 17:15:00+00:00,1.2692999999999999,1.2707099999999998,1.269295,1.27019,5702.219920307398
2024-01-25 17:30:00+00:00,1.27021,1.270265,1.268185,1.268405,2665.949948735535
2024-01-25 17:45:00+00:00,1.26841,1.269195,1.2681900000000002,1.26904,3417.869945757091
2024-01-25 18:00:00+00:00,1.26905,1.2704149999999998,1.26884,1.2701850000000001,4334.029927685857
2024-01-25 18:15:00+00:00,1.27017,1.2701850000000001,1.269045,1.26976,2642.199953123927
2024-01-25 18:30:00+00:00,1.26975,1.27008,1.269275,1.2700049999999998,2867.9699549824
2024-01-25 18:45:00+00:00,1.27001,1.270175,1.269425,1.2696,2796.179958306253
2024-01-25 19:00:00+00:00,1.26959,1.26959,1.268615,1.269115,2624.039955884218
2024-01-25 19:15:00+00:00,1.26913,1.26953,1.26867,1.26944,2392.1099619045854
2024-01-25 19:30:00+00:00,1.269435,1.2700550000000002,1.2692899999999998,1.2697349999999998,1906.169965274632
2024-01-25 19:45:00+00:00,1.26973,1.2702550000000001,1.269635,1.270105,2238.2399656772614
2024-01-25 20:00:00+00:00,1.270095,1.27014,1.269645,1.2698,1825.9199621900916
2024-01-25 20:15:00+00:00,1.26982,1.269955,1.2696,1.269715,2281.0499567762017
2024-01-25 20:30:00+00:00,1.269725,1.270115,1.2696749999999999,1.27007,2058.3299612402916
2024-01-25 20:45:00+00:00,1.2700550000000002,1.270675,1.269995,1.2706300000000001,2983.8899590224028
2024-01-25 21:00:00+00:00,1.270635,1.27098,1.2704849999999999,1.27077,1280.8199803233147
2024-01-25 21:15:00+00:00,1.27078,1.271,1.270565,1.27097,662.4099874347448
2024-01-25 21:30:00+00:00,1.270975,1.27107,1.27078,1.2708849999999998,790.9899846836925
2024-01-25 21:45:00+00:00,1.270855,1.27121,1.27074,1.27078,816.5599839985371
2024-01-25 22:00:00+00:00,1.270765,1.27109,1.270625,1.270705,365.43999776244164
2024-01-25 22:15:00+00:00,1.2706300000000001,1.2707799999999998,1.27048,1.2705549999999999,333.7199984192848
2024-01-25 22:30:00+00:00,1.270565,1.2709549999999998,1.2704149999999998,1.270765,853.859993994236
2024-01-25 22:45:00+00:00,1.27077,1.270985,1.2705250000000001,1.2708949999999999,2653.9599886760116
2024-01-25 23:00:00+00:00,1.270915,1.27108,1.27042,1.27074,2412.330001413822
2024-01-25 23:15:00+00:00,1.2707350000000002,1.2708599999999999,1.2707199999999998,1.2708,1261.5099936649203
2024-01-25 23:30:00+00:00,1.27081,1.27082,1.2706300000000001,1.2706300000000001,404.3699926659465
2024-01-25 23:45:00+00:00,1.270625,1.27089,1.2706,1.2706149999999998,624.2199941128492
2024-01-26 00:00:00+00:00,1.27062,1.27074,1.270375,1.27043,1399.1199739202857
2024-01-26 00:15:00+00:00,1.270435,1.270445,1.2700999999999998,1.2702149999999999,1052.9799870550632
2024-01-26 00:30:00+00:00,1.27021,1.27069,1.2701850000000001,1.27061,1544.1299847215414
2024-01-26 00:45:00+00:00,1.270625,1.270855,1.2701950000000002,1.270305,2428.529965482652
2024-01-26 01:00:00+00:00,1.27031,1.270635,1.27019,1.270425,2137.989961653948
2024-01-26 01:15:00+00:00,1.270435,1.27106,1.27041,1.270925,1713.5899707078934
2024-01-26 01:30:00+00:00,1.2709199999999998,1.2711649999999999,1.270705,1.27087,3099.779970705509
2024-01-26 01:45:00+00:00,1.2708849999999998,1.27123,1.27087,1.27088,2444.0599573627114
2024-01-26 02:00:00+00:00,1.270875,1.27136,1.2707099999999998,1.271285,1062.4199887886643
2024-01-26 02:15:00+00:00,1.27128,1.271605,1.27128,1.27139,785.0099877119064
2024-01-26 02:30:00+00:00,1.2714050000000001,1.271555,1.2712949999999998,1.271395,2117.0199746489525
2024-01-26 02:45:00+00:00,1.271395,1.271425,1.27108,1.271105,2755.4899677038193
2024-01-26 03:00:00+00:00,1.2711100000000002,1.27161,1.2711100000000002,1.27123,915.1199842467904
2024-01-26 03:15:00+00:00,1.27121,1.27129,1.270975,1.27118,1426.099983356893
2024-01-26 03:30:00+00:00,1.271175,1.27132,1.271085,1.2711899999999998,1617.7999800145626
2024-01-26 03:45:00+00:00,1.271195,1.271245,1.27098,1.27107,1407.419980570674
2024-01-26 04:00:00+00:00,1.271075,1.2711700000000001,1.27073,1.270775,1194.5199824422598
2024-01-26 04:15:00+00:00,1.2707799999999998,1.270985,1.27069,1.2708599999999999,1774.9199790507555
2024-01-26 04:30:00+00:00,1.2708650000000001,1.27091,1.27039,1.2704499999999999,2035.6999747008085
2024-01-26 04:45:00+00:00,1.27041,1.27047,1.270255,1.27037,1343.0599895194173
2024-01-26 05:00:00+00:00,1.270365,1.2706,1.27027,1.2705899999999999,1760.089973591268
2024-01-26 05:15:00+00:00,1.270585,1.270585,1.2702200000000001,1.2703250000000001,1168.8899840638041
2024-01-26 05:30:00+00:00,1.270335,1.270785,1.2702849999999999,1.2706300000000001,1697.8599740862846
2024-01-26 05:45:00+00:00,1.270635,1.27089,1.270515,1.2705950000000001,1417.3299797028303
2024-01-26 06:00:00+00:00,1.2706,1.2706,1.269625,1.269905,3107.2399565279484
2024-01-26 06:15:00+00:00,1.2699099999999999,1.27019,1.269785,1.26987,1896.249962978065
2024-01-26 06:30:00+00:00,1.269865,1.269865,1.269415,1.269595,2580.0299524366856
2024-01-26 06:45:00+00:00,1.26956,1.26987,1.269495,1.26972,1953.449970267713
2024-01-26 07:00:00+00:00,1.269715,1.2698299999999998,1.2692649999999999,1.269305,2735.1999499723315
2024-01-26 07:15:00+00:00,1.269315,1.2693750000000001,1.2684,1.26875,2160.9699712619185
2024-01-26 07:30:00+00:00,1.268735,1.269055,1.2682950000000002,1.2683,2293.8899685144424
2024-01-26 07:45:00+00:00,1.2682950000000002,1.26836,1.267555,1.26823,2326.4599696695805
2024-01-26 08:00:00+00:00,1.2682250000000002,1.269095,1.268155,1.268865,2724.649962179363
2024-01-26 08:15:00+00:00,1.26883,1.26933,1.2687650000000001,1.26914,2661.1899887546897
2024-01-26 08:30:00+00:00,1.269165,1.26959,1.269115,1.2695699999999999,2256.319971933961
2024-01-26 08:45:00+00:00,1.26958,1.270845,1.269535,1.270475,1948.149971574545
2024-01-26 09:00:00+00:00,1.2704849999999999,1.270905,1.270355,1.2704849999999999,2531.1699651926756
2024-01-26 09:15:00+00:00,1.270475,1.2709899999999998,1.270265,1.270965,2040.389973551035
2024-01-26 09:30:00+00:00,1.270955,1.271975,1.270945,1.27194,2200.3699706867337
2024-01-26 09:45:00+00:00,1.271945,1.2721749999999998,1.27132,1.2714400000000001,2414.509972475469
2024-01-26 10:00:00+00:00,1.271445,1.27261,1.2714400000000001,1.27244,2282.499972358346
2024-01-26 10:15:00+00:00,1.27245,1.27324,1.2724449999999998,1.273135,2477.2899698093534
2024-01-26 10:30:00+00:00,1.27314,1.2733750000000001,1.272785,1.27298,1619.6499769091606
2024-01-26 10:45:00+00:00,1.273015,1.273405,1.2727650000000001,1.27329,1441.4999795407057
2024-01-26 11:00:00+00:00,1.2733050000000001,1.274645,1.2733050000000001,1.27416,2886.009966135025
2024-01-26 11:15:00+00:00,1.27413,1.2746849999999998,1.27372,1.2742550000000001,2312.469973653555
2024-01-26 11:30:00+00:00,1.27423,1.274465,1.273825,1.2741600000000002,1897.2099737897515
2024-01-26 11:45:00+00:00,1.2741500000000001,1.274565,1.274135,1.274225,1543.5899799391627
2024-01-26 12:00:00+00:00,1.27423,1.27424,1.273525,1.274085,1360.199984446168
2024-01-26 12:15:00+00:00,1.27409,1.2741799999999999,1.273745,1.273755,1533.2099817991257
2024-01-26 12:30:00+00:00,1.273745,1.273745,1.2732800000000002,1.273325,1679.7299772575498
2024-01-26 12:45:00+00:00,1.27332,1.27387,1.27281,1.272925,1927.139972910285
2024-01-26 13:00:00+00:00,1.272935,1.27429,1.27271,1.274265,2513.3099692314863
2024-01-26 13:15:00+00:00,1.27427,1.274995,1.2739500000000001,1.27401,3942.1799619942904
2024-01-26 13:30:00+00:00,1.2740049999999998,1.275465,1.27241,1.27438,10589.76986028999
2024-01-26 13:45:00+00:00,1.274375,1.27586,1.27413,1.27488,6584.419913426042
2024-01-26 14:00:00+00:00,1.274865,1.2754699999999999,1.27461,1.27462,5174.709935940802
2024-01-26 14:15:00+00:00,1.27463,1.27468,1.2733349999999999,1.273655,4338.909941844642
2024-01-26 14:30:00+00:00,1.273635,1.2745549999999999,1.273215,1.27438,6045.849924392998
2024-01-26 14:45:00+00:00,1.27436,1.2744849999999999,1.27355,1.274345,3926.789949938655
2024-01-26 15:00:00+00:00,1.274305,1.274305,1.27288,1.2732299999999999,6106.149918466806
2024-01-26 15:15:00+00:00,1.273215,1.273215,1.272315,1.2724250000000001,3660.0599544122815
2024-01-26 15:30:00+00:00,1.272415,1.27306,1.272215,1.2725149999999998,2773.409966558218
2024-01-26 15:45:00+00:00,1.272485,1.27278,1.27203,1.272265,2812.049965262413
2024-01-26 16:00:00+00:00,1.272255,1.2723849999999999,1.27169,1.27187,2979.94996868819
2024-01-26 16:15:00+00:00,1.2718600000000002,1.2724199999999999,1.271815,1.272065,2757.5999596342444
2024-01-26 16:30:00+00:00,1.2720600000000002,1.272335,1.271385,1.2717749999999999,2508.889968752861
2024-01-26 16:45:00+00:00,1.271795,1.2720150000000001,1.2715450000000001,1.27166,2837.73996745795
2024-01-26 17:00:00+00:00,1.271655,1.271775,1.271015,1.27152,2515.9799552857876
2024-01-26 17:15:00+00:00,1.2715299999999998,1.271905,1.271115,1.2713,1570.0799694806337
2024-01-26 17:30:00+00:00,1.271295,1.2713,1.2706650000000002,1.2708050000000002,2756.439954675734
2024-01-26 17:45:00+00:00,1.2707950000000001,1.2713899999999998,1.2706149999999998,1.2713299999999998,2254.1399567350745
2024-01-26 18:00:00+00:00,1.27132,1.27148,1.2711000000000001,1.2712750000000002,1746.4499618038535
2024-01-26 18:15:00+00:00,1.271265,1.2715,1.2708949999999999,1.271205,869.9699866771698
2024-01-26 18:30:00+00:00,1.271195,1.271265,1.270355,1.2706149999999998,3358.319970868528
2024-01-26 18:45:00+00:00,1.27062,1.2706300000000001,1.2698800000000001,1.27028,2238.3299784362316
2024-01-26 19:00:00+00:00,1.270265,1.27071,1.270205,1.27055,946.1399821266532
2024-01-26 19:15:00+00:00,1.270525,1.27077,1.270175,1.270185,979.9799844175577
2024-01-26 19:30:00+00:00,1.270235,1.2705250000000001,1.270065,1.270505,716.9699895009398
2024-01-26 19:45:00+00:00,1.270495,1.27091,1.270355,1.270485,1092.7799827381968
2024-01-26 20:00:00+00:00,1.270505,1.27081,1.270165,1.2708,827.9699864313006
2024-01-26 20:15:00+00:00,1.2707899999999999,1.2710050000000002,1.27064,1.27068,1109.0699824541807
2024-01-26 20:30:00+00:00,1.27069,1.27071,1.270255,1.2704,943.6499849930406
2024-01-26 20:45:00+00:00,1.270405,1.27041,1.27001,1.2702,1081.0699797868729
2024-01-26 21:00:00+00:00,1.2701799999999999,1.2704499999999999,1.270045,1.27042,1868.8799801766872
2024-01-26 21:15:00+00:00,1.270425,1.2704300000000002,1.2701250000000002,1.270225,999.5499846339226
2024-01-26 21:30:00+00:00,1.270235,1.270335,1.270025,1.270115,984.1499843001366
2024-01-26 21:45:00+00:00,1.27012,1.270475,1.270045,1.270425,2840.9499438926578
2024-01-29 00:00:00+00:00,1.26967,1.269815,1.26945,1.2695500000000002,1375.139976017177
2024-01-29 00:15:00+00:00,1.269545,1.269755,1.26946,1.2695349999999999,3106.0399476364255
2024-01-29 00:30:00+00:00,1.26953,1.269565,1.269275,1.26943,3113.769946373999
2024-01-29 00:45:00+00:00,1.269435,1.26974,1.26915,1.269695,2589.0999576821923
2024-01-29 01:00:00+00:00,1.26969,1.27055,1.269635,1.270505,2792.789954520762
2024-01-29 01:15:00+00:00,1.270525,1.27053,1.2699449999999999,1.2702200000000001,3323.159946754575
2024-01-29 01:30:00+00:00,1.27023,1.2705950000000001,1.27023,1.27035,3057.419961363077
2024-01-29 01:45:00+00:00,1.2703600000000002,1.270375,1.269915,1.27003,3076.1399635598063
2024-01-29 02:00:00+00:00,1.270025,1.27006,1.2696,1.26982,1324.9499787911773
2024-01-29 02:15:00+00:00,1.269825,1.26993,1.269505,1.269825,1639.4099719673395
2024-01-29 02:30:00+00:00,1.269815,1.270065,1.269775,1.2699099999999999,2709.239967994392
2024-01-29 02:45:00+00:00,1.26992,1.27001,1.2697150000000001,1.269965,2225.8799638599157
2024-01-29 03:00:00+00:00,1.2699699999999998,1.270335,1.2699699999999998,1.2703250000000001,3187.8299550265074
2024-01-29 03:15:00+00:00,1.27032,1.270385,1.26967,1.2698749999999999,2260.439967021346
2024-01-29 03:30:00+00:00,1.2698800000000001,1.270015,1.2698299999999998,1.27001,1536.9699721857905
2024-01-29 03:45:00+00:00,1.270015,1.27033,1.26996,1.27027,1455.359980456531
2024-01-29 04:00:00+00:00,1.2702749999999998,1.2706400000000002,1.2702749999999998,1.270475,1036.8299835845828
2024-01-29 04:15:00+00:00,1.27047,1.27053,1.270305,1.270515,517.2599901631474
2024-01-29 04:30:00+00:00,1.2705099999999998,1.27078,1.270405,1.2707350000000002,1028.4599850848317
2024-01-29 04:45:00+00:00,1.270745,1.2707950000000001,1.2704650000000002,1.27066,1395.269980788231
2024-01-29 05:00:00+00:00,1.270645,1.2707600000000001,1.2702550000000001,1.2704499999999999,2132.9999677315354
2024-01-29 05:15:00+00:00,1.2704650000000002,1.27055,1.270105,1.27021,1211.1899811923504
2024-01-29 05:30:00+00:00,1.27019,1.270405,1.2700749999999998,1.270295,1688.9699793308973
2024-01-29 05:45:00+00:00,1.27026,1.270335,1.270065,1.270205,2327.879967443645
2024-01-29 06:00:00+00:00,1.27021,1.2705700000000002,1.270105,1.270545,1833.849977210164
2024-01-29 06:15:00+00:00,1.27055,1.27085,1.270515,1.27071,2000.099969305098
2024-01-29 06:30:00+00:00,1.270705,1.2709100000000002,1.27043,1.27082,1736.4899721220136
2024-01-29 06:45:00+00:00,1.2708249999999999,1.27098,1.27067,1.270805,2129.8499667420983
2024-01-29 07:00:00+00:00,1.270815,1.27125,1.27069,1.271145,2621.3999580964446
2024-01-29 07:15:00+00:00,1.271175,1.271635,1.2711299999999999,1.271605,1696.709980033338
2024-01-29 07:30:00+00:00,1.27161,1.2718850000000002,1.27149,1.271575,2056.4799713641405
2024-01-29 07:45:00+00:00,1.27158,1.2718099999999999,1.270985,1.27108,2333.729966931045
2024-01-29 08:00:00+00:00,1.271075,1.271335,1.270735,1.271075,2622.359963916242
2024-01-29 08:15:00+00:00,1.27108,1.271265,1.2705600000000001,1.271085,1722.2399744912982
2024-01-29 08:30:00+00:00,1.27109,1.271455,1.2702499999999999,1.2704900000000001,2247.1499703750014
2024-01-29 08:45:00+00:00,1.270475,1.270715,1.2701449999999999,1.2701950000000002,1922.3699762001634
2024-01-29 09:00:00+00:00,1.27021,1.2706,1.269975,1.2705000000000002,2262.919968150556
2024-01-29 09:15:00+00:00,1.270495,1.270625,1.26987,1.270475,2205.029971651733
2024-01-29 09:30:00+00:00,1.27046,1.27094,1.27026,1.27081,2119.979971244931
2024-01-29 09:45:00+00:00,1.270805,1.271095,1.27027,1.27037,1391.2199804410338
2024-01-29 10:00:00+00:00,1.270375,1.270515,1.2701099999999999,1.2703000000000002,1506.5999806821346
2024-01-29 10:15:00+00:00,1.2703099999999998,1.27047,1.269705,1.269815,1613.979976348579
2024-01-29 10:30:00+00:00,1.26981,1.270115,1.269575,1.26966,1929.7799733430147
2024-01-29 10:45:00+00:00,1.269655,1.270595,1.2695699999999999,1.2705,1701.209976784885
2024-01-29 11:00:00+00:00,1.270495,1.2712750000000002,1.2704900000000001,1.27068,1938.9599715173244
2024-01-29 11:15:00+00:00,1.27066,1.27067,1.270045,1.270155,1217.3399820104241
2024-01-29 11:30:00+00:00,1.27014,1.27033,1.2698900000000002,1.2699799999999999,1704.929975822568
2024-01-29 11:45:00+00:00,1.27,1.27005,1.2692,1.269505,1459.3799783959985
2024-01-29 12:00:00+00:00,1.269495,1.2703250000000001,1.269375,1.270115,1217.2599851340055
2024-01-29 12:15:00+00:00,1.270135,1.270925,1.2699099999999999,1.270735,1484.0999806299806
2024-01-29 12:30:00+00:00,1.270745,1.27129,1.270695,1.27082,1706.459977477789
2024-01-29 12:45:00+00:00,1.2708249999999999,1.2711000000000001,1.26959,1.2698049999999999,1954.2299738302827
2024-01-29 13:00:00+00:00,1.269815,1.269815,1.269345,1.2694100000000001,1798.1999740675092
2024-01-29 13:15:00+00:00,1.269415,1.26945,1.26833,1.269185,2247.2099744975567
2024-01-29 13:30:00+00:00,1.2691949999999999,1.2692700000000001,1.2686250000000001,1.269035,3104.2199647799134
2024-01-29 13:45:00+00:00,1.2690299999999999,1.269605,1.268955,1.269345,2440.7399650141597
2024-01-29 14:00:00+00:00,1.269355,1.26959,1.268335,1.26841,1974.1899726688862
2024-01-29 14:15:00+00:00,1.268425,1.26908,1.268325,1.268545,2190.0599702447653
2024-01-29 14:30:00+00:00,1.268535,1.268535,1.267795,1.2679200000000002,3458.519957885146
2024-01-29 14:45:00+00:00,1.267925,1.267935,1.26719,1.26765,2264.819968625903
2024-01-29 15:00:00+00:00,1.2676349999999998,1.2679,1.267355,1.267595,2170.1799746602774
2024-01-29 15:15:00+00:00,1.267555,1.2677049999999999,1.2662149999999999,1.266835,2384.6999745443463
2024-01-29 15:30:00+00:00,1.2668300000000001,1.2679550000000002,1.26682,1.26793,3150.019965849817
2024-01-29 15:45:00+00:00,1.267935,1.26803,1.267215,1.2677900000000002,3706.7099604681134
2024-01-29 16:00:00+00:00,1.2677800000000001,1.268535,1.26775,1.2684799999999998,2843.0699667856097
2024-01-29 16:15:00+00:00,1.268475,1.268485,1.267375,1.268095,2719.5599621087313
2024-01-29 16:30:00+00:00,1.26809,1.268135,1.26736,1.2677749999999999,1936.1099696606398
2024-01-29 16:45:00+00:00,1.267785,1.268265,1.26775,1.2680150000000001,1702.34997074306
2024-01-29 17:00:00+00:00,1.268025,1.26838,1.267875,1.268275,1560.1199689134955
2024-01-29 17:15:00+00:00,1.2682799999999999,1.269015,1.26824,1.2688899999999999,1716.2099762707949
2024-01-29 17:30:00+00:00,1.2689,1.26902,1.268545,1.268585,754.8599851503968
2024-01-29 17:45:00+00:00,1.2686000000000002,1.268675,1.2681900000000002,1.268335,1472.2799780517817
2024-01-29 18:00:00+00:00,1.26834,1.268395,1.2677049999999999,1.267805,1488.8099797815084
2024-01-29 18:15:00+00:00,1.267785,1.268125,1.26769,1.26811,566.0999882295728
2024-01-29 18:30:00+00:00,1.268115,1.268225,1.26799,1.2681,774.6899844482541
2024-01-29 18:45:00+00:00,1.268095,1.268375,1.267965,1.2683149999999999,1717.0199809670448
2024-01-29 19:00:00+00:00,1.268325,1.26911,1.26818,1.268765,1150.1099793463945
2024-01-29 19:15:00+00:00,1.26877,1.2688899999999999,1.2685650000000002,1.268695,1014.3599854409695
2024-01-29 19:30:00+00:00,1.2686899999999999,1.2692100000000002,1.2686600000000001,1.26897,890.5499866828322
2024-01-29 19:45:00+00:00,1.268975,1.26931,1.268895,1.26921,988.9499861299992
2024-01-29 20:00:00+00:00,1.26922,1.270845,1.26922,1.27067,4328.919944241643
2024-01-29 20:15:00+00:00,1.270675,1.27175,1.270655,1.271295,4424.759943880141
2024-01-29 20:30:00+00:00,1.27131,1.27155,1.270745,1.270995,2342.1899673193693
2024-01-29 20:45:00+00:00,1.27099,1.271245,1.27077,1.27107,1571.449975863099
2024-01-29 21:00:00+00:00,1.2710599999999999,1.2710650000000001,1.2705899999999999,1.2709700000000002,1777.6799867376685
2024-01-29 21:15:00+00:00,1.270975,1.27102,1.270835,1.27095,562.4699898287654
2024-01-29 21:30:00+00:00,1.270955,1.271,1.27075,1.270855,380.72999554127455
2024-01-29 21:45:00+00:00,1.2708599999999999,1.2710650000000001,1.27085,1.27085,655.3799870163202
2024-01-29 22:00:00+00:00,1.2708,1.27115,1.2708,1.27115,410.4999964237213
2024-01-29 22:15:00+00:00,1.2711350000000001,1.2711350000000001,1.271015,1.271045,151.89999890327454
2024-01-29 22:30:00+00:00,1.27108,1.2711350000000001,1.27066,1.270725,1394.949982739985
2024-01-29 22:45:00+00:00,1.270695,1.27101,1.270695,1.2709700000000002,1247.309983484447
2024-01-29 23:00:00+00:00,1.27095,1.27127,1.270845,1.2710499999999998,649.3199933096766
2024-01-29 23:15:00+00:00,1.271035,1.2712050000000001,1.27102,1.27119,450.8099936246872
2024-01-29 23:30:00+00:00,1.271195,1.27122,1.2709549999999998,1.2710599999999999,382.5099939033389
2024-01-29 23:45:00+00:00,1.2710750000000002,1.2712949999999998,1.2710650000000001,1.2712249999999998,450.05999413877726
2024-01-30 00:00:00+00:00,1.27123,1.271515,1.27116,1.271305,1943.5499681383371
2024-01-30 00:15:00+00:00,1.271325,1.271785,1.271305,1.2715649999999998,2531.499965839088
2024-01-30 00:30:00+00:00,1.27157,1.27187,1.271345,1.271865,1885.2599667012691
2024-01-30 00:45:00+00:00,1.2718699999999998,1.2721149999999999,1.2717450000000001,1.2718099999999999,2513.579967536032
2024-01-30 01:00:00+00:00,1.2718,1.2718,1.27103,1.2711999999999999,2770.019962236285
2024-01-30 01:15:00+00:00,1.27121,1.2712750000000002,1.270575,1.270975,2496.719961285591
2024-01-30 01:30:00+00:00,1.27096,1.27115,1.2707199999999998,1.270765,4813.559932857752
2024-01-30 01:45:00+00:00,1.270775,1.271215,1.270665,1.2710750000000002,1824.8699614554644
2024-01-30 02:00:00+00:00,1.27108,1.27108,1.270675,1.27088,1783.1399685144424
2024-01-30 02:15:00+00:00,1.2708849999999998,1.27099,1.270695,1.27078,1820.5799666196108
2024-01-30 02:30:00+00:00,1.270785,1.27103,1.27073,1.2709549999999998,1969.4099685326219
2024-01-30 02:45:00+00:00,1.27096,1.271375,1.27095,1.27107,1581.599973142147
2024-01-30 03:00:00+00:00,1.2710750000000002,1.271085,1.270745,1.270765,3282.7199740856886
2024-01-30 03:15:00+00:00,1.2707700000000002,1.2710400000000002,1.2707549999999999,1.27096,1768.3499830588698
2024-01-30 03:30:00+00:00,1.270965,1.27118,1.270915,1.27103,1933.1099841445684
2024-01-30 03:45:00+00:00,1.271035,1.2710599999999999,1.2707549999999999,1.2708,2016.959976837039
2024-01-30 04:00:00+00:00,1.27081,1.271185,1.2707899999999999,1.271145,1393.4399840310216
2024-01-30 04:15:00+00:00,1.27115,1.2712050000000001,1.270855,1.27119,1278.0899891331792
2024-01-30 04:30:00+00:00,1.271195,1.2712050000000001,1.27066,1.2707600000000001,2412.96996986866
2024-01-30 04:45:00+00:00,1.2707549999999999,1.2707899999999999,1.270395,1.2704900000000001,2220.659973613918
2024-01-30 05:00:00+00:00,1.270495,1.270785,1.2703950000000002,1.270765,1982.6399748772383
2024-01-30 05:15:00+00:00,1.27077,1.270965,1.270545,1.2708849999999998,1996.739972680807
2024-01-30 05:30:00+00:00,1.270905,1.271155,1.270785,1.2708599999999999,1695.1499804258347
2024-01-30 05:45:00+00:00,1.270855,1.270925,1.27054,1.2705700000000002,2082.3899715691805
2024-01-30 06:00:00+00:00,1.270575,1.270855,1.270405,1.270855,2507.609988771379
2024-01-30 06:15:00+00:00,1.2708599999999999,1.27087,1.2703600000000002,1.2704550000000001,3034.4999817460775
2024-01-30 06:30:00+00:00,1.270445,1.27058,1.2702,1.27028,2421.2699674889445
2024-01-30 06:45:00+00:00,1.270295,1.2703099999999998,1.26925,1.269365,3382.0199598670006
2024-01-30 07:00:00+00:00,1.26936,1.26938,1.26836,1.268525,2575.5999597385526
2024-01-30 07:15:00+00:00,1.26856,1.26919,1.268375,1.268905,2259.2899704054
2024-01-30 07:30:00+00:00,1.26891,1.26921,1.2686899999999999,1.268715,1738.8199759200215
2024-01-30 07:45:00+00:00,1.26872,1.2697,1.26861,1.2696049999999999,2506.2599631249905
2024-01-30 08:00:00+00:00,1.269615,1.26992,1.268665,1.2690000000000001,4001.889953315258
2024-01-30 08:15:00+00:00,1.26899,1.2691050000000001,1.2682799999999999,1.268885,2929.169966764748
2024-01-30 08:30:00+00:00,1.2688799999999998,1.26924,1.268525,1.268985,2905.9499684274197
2024-01-30 08:45:00+00:00,1.26899,1.269215,1.268805,1.268895,2038.049970254302
2024-01-30 09:00:00+00:00,1.268875,1.269085,1.26785,1.2678600000000002,2708.6899629309773
2024-01-30 09:15:00+00:00,1.267855,1.26796,1.26716,1.26727,2725.5599624291062
2024-01-30 09:30:00+00:00,1.2672599999999998,1.267785,1.267145,1.267495,1844.949976824224
2024-01-30 09:45:00+00:00,1.26749,1.268235,1.267425,1.26811,1245.359987474978
2024-01-30 10:00:00+00:00,1.268095,1.268325,1.26727,1.267795,1731.6399773284793
2024-01-30 10:15:00+00:00,1.267785,1.2683900000000001,1.267585,1.2679,1854.2399714365602
2024-01-30 10:30:00+00:00,1.267895,1.2682000000000002,1.2677049999999999,1.26787,1628.0399777144194
2024-01-30 10:45:00+00:00,1.267865,1.2681499999999999,1.267675,1.26798,1650.459974616766
2024-01-30 11:00:00+00:00,1.26796,1.26821,1.267755,1.2677550000000002,1794.3999738544226
2024-01-30 11:15:00+00:00,1.267735,1.2682250000000002,1.267315,1.267995,3025.3799600228667
2024-01-30 11:30:00+00:00,1.267975,1.2683,1.267685,1.26799,1833.3299755901098
2024-01-30 11:45:00+00:00,1.268,1.26818,1.267795,1.267795,1188.5599846541882
2024-01-30 12:00:00+00:00,1.267805,1.268025,1.26769,1.2678099999999999,968.009987577796
2024-01-30 12:15:00+00:00,1.267815,1.26798,1.267175,1.26753,1434.7199821919203
2024-01-30 12:30:00+00:00,1.26752,1.26759,1.266605,1.2669350000000001,1509.9599801972508
2024-01-30 12:45:00+00:00,1.266925,1.2675049999999999,1.266815,1.267235,2000.8499761000276
2024-01-30 13:00:00+00:00,1.26723,1.2673800000000002,1.266295,1.266635,2698.4699645116925
2024-01-30 13:15:00+00:00,1.26664,1.26688,1.266315,1.266635,2414.6099639460444
2024-01-30 13:30:00+00:00,1.266625,1.2675049999999999,1.2662499999999999,1.2674949999999998,2043.6899710148573
2024-01-30 13:45:00+00:00,1.26749,1.2676850000000002,1.267115,1.267515,2961.509959936142
2024-01-30 14:00:00+00:00,1.26752,1.26879,1.26728,1.268605,3233.3799600824714
2024-01-30 14:15:00+00:00,1.268595,1.2687650000000001,1.26818,1.268375,2532.849963106215
2024-01-30 14:30:00+00:00,1.268385,1.268785,1.267375,1.2677999999999998,3282.059953518212
2024-01-30 14:45:00+00:00,1.267815,1.268725,1.267455,1.26777,4039.5299397930503
2024-01-30 15:00:00+00:00,1.267785,1.26865,1.264555,1.2646099999999998,10245.799864687026
2024-01-30 15:15:00+00:00,1.264605,1.265615,1.264025,1.2655850000000002,6231.449918448925
2024-01-30 15:30:00+00:00,1.26558,1.2661850000000001,1.265115,1.265885,3950.2799454554915
2024-01-30 15:45:00+00:00,1.2659,1.2666650000000002,1.265725,1.2665600000000001,4558.569955199957
2024-01-30 16:00:00+00:00,1.266545,1.2671350000000001,1.2661799999999999,1.2663250000000001,3509.309958688915
2024-01-30 16:15:00+00:00,1.26632,1.2666,1.26594,1.2666,3056.369953878224
2024-01-30 16:30:00+00:00,1.266635,1.2676,1.26655,1.26758,2471.13996129483
2024-01-30 16:45:00+00:00,1.26759,1.268315,1.267585,1.26827,1807.7399684116244
2024-01-30 17:00:00+00:00,1.268275,1.26888,1.2681550000000001,1.268865,1820.0999701023102
2024-01-30 17:15:00+00:00,1.2688799999999998,1.26891,1.26845,1.2685,1688.4599726945162
2024-01-30 17:30:00+00:00,1.268525,1.268735,1.268195,1.26824,2520.239967264235
2024-01-30 17:45:00+00:00,1.268245,1.2684549999999999,1.2678600000000002,1.2680850000000001,2968.389964617789
2024-01-30 18:00:00+00:00,1.268075,1.268185,1.2676349999999998,1.2677900000000002,2710.7199657559395
2024-01-30 18:15:00+00:00,1.2677800000000001,1.26799,1.267375,1.267605,1568.7899804413319
2024-01-30 18:30:00+00:00,1.267615,1.2679550000000002,1.26755,1.26777,827.4899843335152
2024-01-30 18:45:00+00:00,1.2677800000000001,1.26868,1.267755,1.2686,1511.7899784967303
2024-01-30 19:00:00+00:00,1.268595,1.268955,1.268465,1.26887,1259.0099797993898
2024-01-30 19:15:00+00:00,1.2688799999999998,1.269195,1.26867,1.2690800000000002,951.7699839919806
2024-01-30 19:30:00+00:00,1.2690700000000001,1.269485,1.2690700000000001,1.269485,923.9099846482277
2024-01-30 19:45:00+00:00,1.26947,1.2696649999999998,1.2690700000000001,1.26959,2819.7599686160684
2024-01-30 20:00:00+00:00,1.269585,1.26978,1.268975,1.269025,1393.019977234304
2024-01-30 20:15:00+00:00,1.2690350000000001,1.2693400000000001,1.26895,1.26918,604.5599877312779
2024-01-30 20:30:00+00:00,1.2692,1.269335,1.268945,1.269255,1010.7899847850204
2024-01-30 20:45:00+00:00,1.2692700000000001,1.2696399999999999,1.26923,1.2696,1017.8199816420674
2024-01-30 21:00:00+00:00,1.2696100000000001,1.269705,1.26948,1.269655,1931.7099671810865
2024-01-30 21:15:00+00:00,1.26966,1.2699,1.269485,1.2697349999999998,633.1499912589788
2024-01-30 21:30:00+00:00,1.2697349999999998,1.269835,1.2696800000000001,1.2698,864.5699864923954
2024-01-30 21:45:00+00:00,1.269795,1.27004,1.269775,1.269935,762.389984421432
2024-01-30 22:00:00+00:00,1.2698999999999998,1.27008,1.26939,1.269975,646.3599964976311
2024-01-30 22:15:00+00:00,1.269975,1.2700049999999998,1.2695750000000001,1.2698749999999999,842.9499939605594
2024-01-30 22:30:00+00:00,1.269865,1.269905,1.26972,1.269905,589.7899883389473
2024-01-30 22:45:00+00:00,1.269895,1.26997,1.269755,1.269865,839.969988822937
2024-01-30 23:00:00+00:00,1.2698800000000001,1.269955,1.2696450000000001,1.26966,1206.2699854820967
2024-01-30 23:15:00+00:00,1.26965,1.26974,1.26955,1.269585,797.9399866238236
2024-01-30 23:30:00+00:00,1.26958,1.26967,1.26956,1.269625,554.0399869680405
2024-01-30 23:45:00+00:00,1.26963,1.2696800000000001,1.269345,1.26947,1001.7699861302972
2024-01-31 00:00:00+00:00,1.269465,1.2699799999999999,1.269465,1.2697699999999998,2584.499958753586
2024-01-31 00:15:00+00:00,1.26978,1.27006,1.269435,1.269555,2074.1399667188525
2024-01-31 00:30:00+00:00,1.2695500000000002,1.26973,1.269025,1.26907,4374.799941577017
2024-01-31 00:45:00+00:00,1.26909,1.26967,1.26901,1.2693400000000001,3187.069960169494
2024-01-31 01:00:00+00:00,1.2693500000000002,1.26949,1.2691750000000002,1.26924,1605.6099702119827
2024-01-31 01:15:00+00:00,1.2692299999999999,1.269345,1.268765,1.2690000000000001,1674.6899817213416
2024-01-31 01:30:00+00:00,1.2690199999999998,1.26919,1.2686350000000002,1.2689,3455.169961877167
2024-01-31 01:45:00+00:00,1.2689050000000002,1.269095,1.2684549999999999,1.26846,2386.659962169826
2024-01-31 02:00:00+00:00,1.2684549999999999,1.2684549999999999,1.267715,1.2677399999999999,2942.7899673879147
2024-01-31 02:15:00+00:00,1.2677450000000001,1.26807,1.2674050000000001,1.267485,2147.5399686694145
2024-01-31 02:30:00+00:00,1.2674949999999998,1.26769,1.2672949999999998,1.26741,2992.7399564385414
2024-01-31 02:45:00+00:00,1.2673999999999999,1.2675,1.2672949999999998,1.2675,1438.4699784442782
2024-01-31 03:00:00+00:00,1.2675049999999999,1.2677200000000002,1.267415,1.2675999999999998,1163.359984613955
2024-01-31 03:15:00+00:00,1.267595,1.2677200000000002,1.267455,1.267665,786.6899860724807
2024-01-31 03:30:00+00:00,1.2676699999999999,1.26775,1.267355,1.2675800000000002,1083.5699811577797
2024-01-31 03:45:00+00:00,1.26756,1.2677749999999999,1.26756,1.267675,756.3799869939685
2024-01-31 04:00:00+00:00,1.2676699999999999,1.267965,1.26759,1.267935,919.0599845945835
2024-01-31 04:15:00+00:00,1.26793,1.2681399999999998,1.2678699999999998,1.2679749999999999,600.1699886471033
2024-01-31 04:30:00+00:00,1.267965,1.2680799999999999,1.267955,1.2680500000000001,915.7199864387512
2024-01-31 04:45:00+00:00,1.2680600000000002,1.26831,1.26797,1.268095,1048.919984601438
2024-01-31 05:00:00+00:00,1.26809,1.268195,1.26783,1.26789,1400.2499778345227
2024-01-31 05:15:00+00:00,1.267895,1.267895,1.2676,1.26772,1151.0899820327759
2024-01-31 05:30:00+00:00,1.267715,1.2678150000000001,1.267445,1.26777,1288.2099756225944
2024-01-31 05:45:00+00:00,1.267785,1.2679,1.26761,1.26777,1451.999979764223
2024-01-31 06:00:00+00:00,1.2677749999999999,1.26788,1.2674599999999998,1.267465,1645.4499799534678
2024-01-31 06:15:00+00:00,1.267455,1.2676150000000002,1.2673800000000002,1.2675299999999998,1794.6899757683277
2024-01-31 06:30:00+00:00,1.2675200000000002,1.267665,1.267355,1.2675,1157.559983305633
2024-01-31 06:45:00+00:00,1.26749,1.2675649999999998,1.266965,1.266985,1720.2099782824516
2024-01-31 07:00:00+00:00,1.26696,1.26762,1.26672,1.267605,2816.41995690763
2024-01-31 07:15:00+00:00,1.267625,1.267815,1.267355,1.267815,1089.8499856889248
2024-01-31 07:30:00+00:00,1.267805,1.267935,1.2673899999999998,1.267515,1491.2199789434671
2024-01-31 07:45:00+00:00,1.267485,1.267545,1.26669,1.267515,3159.7999570667744
2024-01-31 08:00:00+00:00,1.26752,1.268145,1.26731,1.26768,2658.1499604657292
2024-01-31 08:15:00+00:00,1.267675,1.268795,1.2675100000000001,1.268595,1754.5599762648344
2024-01-31 08:30:00+00:00,1.26861,1.269365,1.268595,1.269225,2164.809970393777
2024-01-31 08:45:00+00:00,1.269205,1.269735,1.26901,1.2691750000000002,2326.9299700781703
2024-01-31 09:00:00+00:00,1.269185,1.2696649999999998,1.26861,1.26877,3364.499955609441
2024-01-31 09:15:00+00:00,1.26879,1.2689,1.26796,1.26836,3185.6699598655105
2024-01-31 09:30:00+00:00,1.2683550000000001,1.268485,1.268005,1.268265,2157.5399709045887
2024-01-31 09:45:00+00:00,1.2682250000000002,1.26833,1.2668949999999999,1.267,2241.1599692478776
2024-01-31 10:00:00+00:00,1.266995,1.2671350000000001,1.266735,1.266995,1942.6899772658944
2024-01-31 10:15:00+00:00,1.267,1.2674349999999999,1.26678,1.267235,2117.769974194467
2024-01-31 10:30:00+00:00,1.2672400000000001,1.267325,1.2668300000000001,1.26722,1678.2599747925997
2024-01-31 10:45:00+00:00,1.2672249999999998,1.26741,1.266815,1.267035,2055.6099705547094
2024-01-31 11:00:00+00:00,1.26704,1.26788,1.266925,1.267825,2260.3499718904495
2024-01-31 11:15:00+00:00,1.2678099999999999,1.268395,1.2678,1.268245,1737.4599793031812
2024-01-31 11:30:00+00:00,1.26824,1.26862,1.268125,1.268395,1458.0199848636985
2024-01-31 11:45:00+00:00,1.268415,1.268585,1.26809,1.2684199999999999,1282.9799835905433
2024-01-31 12:00:00+00:00,1.2684449999999998,1.2688,1.2682950000000002,1.268705,1380.109980866313
2024-01-31 12:15:00+00:00,1.268725,1.268815,1.2680850000000001,1.2681749999999998,1366.409982919693
2024-01-31 12:30:00+00:00,1.2681900000000002,1.268635,1.267875,1.26838,1502.74998280406
2024-01-31 12:45:00+00:00,1.268375,1.2686950000000001,1.26822,1.26845,1951.01997641474
2024-01-31 13:00:00+00:00,1.26843,1.2691,1.268185,1.26888,3371.1699642017484
2024-01-31 13:15:00+00:00,1.2688549999999998,1.27027,1.2688549999999998,1.269295,4981.489938765764
2024-01-31 13:30:00+00:00,1.26931,1.2711000000000001,1.26931,1.2703600000000002,8474.419878557324
2024-01-31 13:45:00+00:00,1.27035,1.271265,1.270175,1.270555,5227.099933378398
2024-01-31 14:00:00+00:00,1.270535,1.27216,1.2700550000000002,1.2720449999999999,4754.649937033653
2024-01-31 14:15:00+00:00,1.27204,1.2720799999999999,1.2708849999999998,1.271665,3324.549955353141
2024-01-31 14:30:00+00:00,1.27168,1.27331,1.2716349999999998,1.2730800000000002,5707.199919849634
2024-01-31 14:45:00+00:00,1.273115,1.27446,1.273095,1.2739099999999999,7157.679905995727
2024-01-31 15:00:00+00:00,1.273885,1.27509,1.2736800000000001,1.27398,6746.959917858243
2024-01-31 15:15:00+00:00,1.27397,1.274625,1.27318,1.273425,6090.039920799434
2024-01-31 15:30:00+00:00,1.27342,1.2741099999999999,1.2730000000000001,1.2730800000000002,5725.269920609891
2024-01-31 15:45:00+00:00,1.2730899999999998,1.2739449999999999,1.27252,1.27329,8064.489900693297
2024-01-31 16:00:00+00:00,1.273295,1.2738399999999999,1.27182,1.271865,5896.6499271169305
2024-01-31 16:15:00+00:00,1.2718699999999998,1.27241,1.271295,1.2714349999999999,5276.309924736619
2024-01-31 16:30:00+00:00,1.271415,1.272195,1.271305,1.2718099999999999,4142.489936128259
2024-01-31 16:45:00+00:00,1.27179,1.27329,1.2717100000000001,1.27316,3847.149937197566
2024-01-31 17:00:00+00:00,1.273155,1.27318,1.2726600000000001,1.27285,2585.049967505038
2024-01-31 17:15:00+00:00,1.27283,1.2728700000000002,1.2713450000000002,1.27154,3698.4699505269527
2024-01-31 17:30:00+00:00,1.271525,1.27254,1.2715049999999999,1.272495,1929.7199707105756
2024-01-31 17:45:00+00:00,1.272485,1.27259,1.271655,1.27184,1660.9799761250615
2024-01-31 18:00:00+00:00,1.271825,1.27194,1.27155,1.27177,1339.3499782308936
2024-01-31 18:15:00+00:00,1.271785,1.2719999999999998,1.271325,1.27152,3277.3799629360437
2024-01-31 18:30:00+00:00,1.271515,1.2717450000000001,1.2713700000000001,1.271665,1002.8099823743105
2024-01-31 18:45:00+00:00,1.27166,1.27203,1.2713450000000002,1.271875,3493.809949249029
2024-01-31 19:00:00+00:00,1.27183,1.27333,1.26854,1.269935,18129.999725677073
2024-01-31 19:15:00+00:00,1.269955,1.27061,1.2686700000000002,1.2695699999999999,8348.139837987721
2024-01-31 19:30:00+00:00,1.269615,1.27374,1.2690000000000001,1.2731050000000002,21886.299663439393
2024-01-31 19:45:00+00:00,1.27309,1.2739449999999999,1.27082,1.271185,15909.949751913548
2024-01-31 20:00:00+00:00,1.2711999999999999,1.271325,1.2662849999999999,1.267875,24459.449670672417
2024-01-31 20:15:00+00:00,1.26786,1.2684099999999998,1.26635,1.266425,12947.869825661182
2024-01-31 20:30:00+00:00,1.26637,1.267125,1.26581,1.2668,7809.219911515713
2024-01-31 20:45:00+00:00,1.2667950000000001,1.267425,1.26634,1.26741,4057.2299339175224
2024-01-31 21:00:00+00:00,1.2674150000000002,1.268275,1.26735,1.267535,2304.119960911572
2024-01-31 21:15:00+00:00,1.267515,1.26852,1.267475,1.268105,2234.879984021187
2024-01-31 21:30:00+00:00,1.268085,1.2685849999999999,1.267965,1.2684,1468.649981327355
2024-01-31 21:45:00+00:00,1.268405,1.26891,1.268215,1.268845,3151.2899743169546
2024-01-31 22:00:00+00:00,1.2688350000000002,1.26885,1.268215,1.2682600000000002,606.3299983739853
2024-01-31 22:15:00+00:00,1.2682950000000002,1.26851,1.268175,1.2684600000000001,778.4899904727936
2024-01-31 22:30:00+00:00,1.2684449999999998,1.268545,1.26831,1.2683900000000001,1560.9599797725677
2024-01-31 22:45:00+00:00,1.26838,1.26883,1.26813,1.2687300000000001,3647.589965850115
2024-01-31 23:00:00+00:00,1.2687249999999999,1.2689599999999999,1.2685,1.268615,1172.429994598031
2024-01-31 23:15:00+00:00,1.2685849999999999,1.2686549999999999,1.26821,1.26822,567.7799901738763
2024-01-31 23:30:00+00:00,1.268215,1.268555,1.2682,1.268535,583.0499910488725
2024-01-31 23:45:00+00:00,1.2685300000000002,1.2685499999999998,1.2677100000000001,1.267975,1335.7499812617898
2024-02-01 00:00:00+00:00,1.267965,1.26804,1.26753,1.26775,1416.5399784967303
2024-02-01 00:15:00+00:00,1.2677399999999999,1.2682799999999999,1.26761,1.26824,1362.5699763298035
2024-02-01 00:30:00+00:00,1.2682250000000002,1.2686899999999999,1.26814,1.2686250000000001,1942.7999779060483
2024-02-01 00:45:00+00:00,1.2686199999999999,1.2687599999999999,1.268265,1.268345,2910.359967030585
2024-02-01 01:00:00+00:00,1.2683399999999998,1.2683499999999999,1.2675299999999998,1.2680500000000001,2702.789957754314
2024-02-01 01:15:00+00:00,1.26806,1.268255,1.267665,1.267825,3199.7699437960982
2024-02-01 01:30:00+00:00,1.2678349999999998,1.26791,1.2674349999999999,1.267735,3263.609953224659
2024-02-01 01:45:00+00:00,1.2677,1.26817,1.26762,1.2679550000000002,2426.3399519249797
2024-02-01 02:00:00+00:00,1.26795,1.26946,1.267895,1.2692649999999999,2626.4699512943625
2024-02-01 02:15:00+00:00,1.2692700000000001,1.269485,1.26911,1.26925,2860.079950489104
2024-02-01 02:30:00+00:00,1.2692649999999999,1.269815,1.26926,1.2696399999999999,2276.8799721449614
2024-02-01 02:45:00+00:00,1.269655,1.26966,1.269225,1.2692350000000001,1875.3299720436335
2024-02-01 03:00:00+00:00,1.269225,1.26939,1.269155,1.26935,1974.9899703264236
2024-02-01 03:15:00+00:00,1.269355,1.269425,1.268965,1.269025,1940.279979877174
2024-02-01 03:30:00+00:00,1.26902,1.2690299999999999,1.268305,1.2686250000000001,2773.989973023534
2024-02-01 03:45:00+00:00,1.268615,1.268845,1.2684,1.26848,1713.089977607131
2024-02-01 04:00:00+00:00,1.268485,1.268615,1.268345,1.268345,3380.6799666434526
2024-02-01 04:15:00+00:00,1.2683399999999998,1.268525,1.268055,1.268075,1938.5999763533473
2024-02-01 04:30:00+00:00,1.2680500000000001,1.26823,1.267895,1.268095,1563.29998190701
2024-02-01 04:45:00+00:00,1.26809,1.268135,1.26788,1.268065,1777.8899814635515
2024-02-01 05:00:00+00:00,1.268055,1.268065,1.26738,1.267645,2494.589964851737
2024-02-01 05:15:00+00:00,1.267625,1.26784,1.26753,1.267605,1771.5999682545662
2024-02-01 05:30:00+00:00,1.267585,1.26783,1.26728,1.26746,2566.2299634441733
2024-02-01 05:45:00+00:00,1.267455,1.26748,1.2668,1.2668,2124.929965697229
2024-02-01 06:00:00+00:00,1.2667899999999999,1.26715,1.2666849999999998,1.2670599999999999,2267.5199660882354
2024-02-01 06:15:00+00:00,1.267055,1.2670750000000002,1.266605,1.266855,1734.5099754408002
2024-02-01 06:30:00+00:00,1.26685,1.2674150000000002,1.266725,1.26711,1855.8499715998769
2024-02-01 06:45:00+00:00,1.267085,1.2671450000000002,1.26605,1.266315,2567.8799611330032
2024-02-01 07:00:00+00:00,1.26632,1.26632,1.2651050000000001,1.265475,2766.239953406155
2024-02-01 07:15:00+00:00,1.26547,1.26551,1.2643900000000001,1.2644600000000001,2428.329965084791
2024-02-01 07:30:00+00:00,1.264445,1.26532,1.2643550000000001,1.26491,2439.0499573647976
2024-02-01 07:45:00+00:00,1.2649,1.265555,1.26423,1.2654450000000002,2696.2499623522162
2024-02-01 08:00:00+00:00,1.265435,1.26572,1.264615,1.2650000000000001,3383.3199539110065
2024-02-01 08:15:00+00:00,1.2650100000000002,1.265415,1.26461,1.2650000000000001,2610.3399641811848
2024-02-01 08:30:00+00:00,1.26498,1.265695,1.264805,1.265465,2706.2199591249228
2024-02-01 08:45:00+00:00,1.26548,1.2658,1.26478,1.265205,2811.059961721301
2024-02-01 09:00:00+00:00,1.2652,1.2652,1.26435,1.2645849999999998,2474.759968958795
2024-02-01 09:15:00+00:00,1.264575,1.2654999999999998,1.264275,1.2651949999999998,2468.669970922172
2024-02-01 09:30:00+00:00,1.265115,1.265495,1.26488,1.265015,2823.739959359169
2024-02-01 09:45:00+00:00,1.265025,1.2658999999999998,1.2649,1.2656100000000001,2218.739970639348
2024-02-01 10:00:00+00:00,1.2656100000000001,1.265815,1.26507,1.26525,2212.2899682968855
2024-02-01 10:15:00+00:00,1.265235,1.265635,1.264495,1.264575,2115.32996930182
2024-02-01 10:30:00+00:00,1.2645499999999998,1.26467,1.263545,1.263695,3311.6399613022804
2024-02-01 10:45:00+00:00,1.2636850000000002,1.26418,1.26299,1.2632050000000001,2226.6899745240808
2024-02-01 11:00:00+00:00,1.26321,1.26337,1.262725,1.2630599999999998,2147.4899686723948
2024-02-01 11:15:00+00:00,1.263055,1.2631649999999999,1.262525,1.2631649999999999,2450.4899675026536
2024-02-01 11:30:00+00:00,1.263155,1.2634699999999999,1.262855,1.263125,2356.169968865812
2024-02-01 11:45:00+00:00,1.26312,1.264415,1.262975,1.2641499999999999,3414.829960078001
2024-02-01 12:00:00+00:00,1.26416,1.266845,1.263555,1.266675,7910.689900718629
2024-02-01 12:15:00+00:00,1.26673,1.26743,1.266155,1.267265,3282.219955958426
2024-02-01 12:30:00+00:00,1.2672750000000002,1.267975,1.26627,1.2679749999999999,2976.369955301285
2024-02-01 12:45:00+00:00,1.267985,1.268575,1.267055,1.26737,4442.909939222038
2024-02-01 13:00:00+00:00,1.26736,1.2677399999999999,1.26658,1.266875,2603.2499616593122
2024-02-01 13:15:00+00:00,1.266885,1.267025,1.266115,1.2662749999999998,3889.1199545040727
2024-02-01 13:30:00+00:00,1.26628,1.26789,1.26628,1.2677,7924.409893788397
2024-02-01 13:45:00+00:00,1.2677200000000002,1.26818,1.265895,1.2659099999999999,2886.2099598646164
2024-02-01 14:00:00+00:00,1.2658999999999998,1.266295,1.265325,1.26596,3324.979963503778
2024-02-01 14:15:00+00:00,1.26597,1.26654,1.265495,1.266245,2413.679972194135
2024-02-01 14:30:00+00:00,1.26624,1.2670050000000002,1.26579,1.266765,4790.519946843386
2024-02-01 14:45:00+00:00,1.26679,1.267255,1.26592,1.2665250000000001,5755.169934786856
2024-02-01 15:00:00+00:00,1.266485,1.26732,1.264065,1.2660749999999998,10820.32985200733
2024-02-01 15:15:00+00:00,1.266065,1.2674150000000002,1.265915,1.26736,6279.239922963083
2024-02-01 15:30:00+00:00,1.2673649999999999,1.26824,1.26676,1.26811,5670.209926776588
2024-02-01 15:45:00+00:00,1.2681499999999999,1.268575,1.26741,1.26822,6810.3399378061295
2024-02-01 16:00:00+00:00,1.2682,1.27026,1.267955,1.27001,5291.809935636818
2024-02-01 16:15:00+00:00,1.270015,1.2709350000000001,1.269765,1.270645,6504.6899135783315
2024-02-01 16:30:00+00:00,1.27066,1.27187,1.2705449999999998,1.27183,6893.379908367991
2024-02-01 16:45:00+00:00,1.27186,1.272665,1.271665,1.2724600000000001,4465.719927050173
2024-02-01 17:00:00+00:00,1.272485,1.273585,1.27237,1.27333,4681.809940345585
2024-02-01 17:15:00+00:00,1.273345,1.2735699999999999,1.272905,1.2732450000000002,5410.929941833019
2024-02-01 17:30:00+00:00,1.273275,1.2738800000000001,1.27298,1.273405,4431.539929620922
2024-02-01 17:45:00+00:00,1.2734,1.27399,1.2732999999999999,1.273635,4459.199936695397
2024-02-01 18:00:00+00:00,1.2736399999999999,1.273705,1.27283,1.2735400000000001,5384.7299183011055
2024-02-01 18:15:00+00:00,1.273555,1.2735699999999999,1.272835,1.273015,2433.899955920875
2024-02-01 18:30:00+00:00,1.2730350000000001,1.274115,1.272875,1.2739600000000002,3050.309951081872
2024-02-01 18:45:00+00:00,1.273965,1.27427,1.27362,1.274085,3543.1199516505003
2024-02-01 19:00:00+00:00,1.2741,1.27527,1.2741,1.275265,2243.5499602407217
2024-02-01 19:15:00+00:00,1.27526,1.275585,1.2749350000000002,1.275375,2570.429963067174
2024-02-01 19:30:00+00:00,1.2753999999999999,1.2754699999999999,1.274445,1.27508,2716.1399603560567
2024-02-01 19:45:00+00:00,1.275085,1.275285,1.27448,1.274725,2147.099966622889
2024-02-01 20:00:00+00:00,1.2747199999999999,1.27506,1.274445,1.2748400000000002,1417.2599775195122
2024-02-01 20:15:00+00:00,1.274845,1.274845,1.27436,1.274635,1525.2899763435125
2024-02-01 20:30:00+00:00,1.274655,1.2747600000000001,1.274505,1.2746,2106.9299634173512
2024-02-01 20:45:00+00:00,1.2745950000000001,1.2747350000000002,1.2742900000000001,1.274725,2867.909963168204
2024-02-01 21:00:00+00:00,1.27473,1.274745,1.27435,1.274655,1879.349969431758
2024-02-01 21:15:00+00:00,1.27466,1.274775,1.2744300000000002,1.274495,810.929987244308
2024-02-01 21:30:00+00:00,1.27451,1.27459,1.27421,1.274405,939.6599814221263
2024-02-01 21:45:00+00:00,1.2744,1.27447,1.274235,1.274325,1631.6599801331758
2024-02-01 22:00:00+00:00,1.27439,1.274495,1.274225,1.274305,93.56999921798706
2024-02-01 22:15:00+00:00,1.2742499999999999,1.274395,1.274235,1.274305,155.5199966430664
2024-02-01 22:30:00+00:00,1.274285,1.274495,1.274225,1.274425,436.91999163478613
2024-02-01 22:45:00+00:00,1.274415,1.274475,1.27434,1.274405,468.9299900457263
2024-02-01 23:00:00+00:00,1.274435,1.27493,1.274435,1.27462,994.4799909293652
2024-02-01 23:15:00+00:00,1.27461,1.2746300000000002,1.2744900000000001,1.2745,704.6099929586053
2024-02-01 23:30:00+00:00,1.274505,1.2746300000000002,1.27448,1.2746149999999998,1959.5399761497974
2024-02-01 23:45:00+00:00,1.27462,1.27464,1.2746,1.2746149999999998,1369.4099852591753
2024-02-02 00:00:00+00:00,1.27461,1.2752400000000002,1.2746,1.275045,2614.5599658563733
2024-02-02 00:15:00+00:00,1.27503,1.2753450000000002,1.274995,1.275325,1187.7599869817495
2024-02-02 00:30:00+00:00,1.2753199999999998,1.27548,1.275215,1.2753299999999999,1551.779977619648
2024-02-02 00:45:00+00:00,1.275315,1.27534,1.27432,1.2745099999999998,2139.3899687081575
2024-02-02 01:00:00+00:00,1.274515,1.27502,1.274245,1.2745250000000001,3238.8799662664533
2024-02-02 01:15:00+00:00,1.27453,1.274925,1.274505,1.274705,4525.209937512875
2024-02-02 01:30:00+00:00,1.2747000000000002,1.27493,1.274425,1.274705,2920.1399560049176
2024-02-02 01:45:00+00:00,1.274705,1.27471,1.274355,1.27459,3517.499940365553
2024-02-02 02:00:00+00:00,1.2745950000000001,1.275,1.27455,1.2746849999999998,1738.8999664783478
2024-02-02 02:15:00+00:00,1.2746650000000002,1.27485,1.27465,1.2747899999999999,855.1199803352356
2024-02-02 02:30:00+00:00,1.27481,1.274975,1.274635,1.2748499999999998,1683.269975155592
2024-02-02 02:45:00+00:00,1.2748599999999999,1.275355,1.27482,1.275315,685.1999853700399
2024-02-02 03:00:00+00:00,1.27532,1.275465,1.275115,1.275115,1183.8899801522493
2024-02-02 03:15:00+00:00,1.2751350000000001,1.2751549999999998,1.27466,1.27475,1652.0099755749106
2024-02-02 03:30:00+00:00,1.27475,1.2748400000000002,1.274335,1.2744550000000001,1403.2199764922261
2024-02-02 03:45:00+00:00,1.27446,1.27493,1.27442,1.2748599999999999,1079.6999806836247
2024-02-02 04:00:00+00:00,1.2748499999999998,1.2750499999999998,1.2748249999999999,1.27494,1270.8899801075459
2024-02-02 04:15:00+00:00,1.27496,1.27521,1.274745,1.274745,715.3199859112501
2024-02-02 04:30:00+00:00,1.27474,1.27478,1.274535,1.2745600000000001,1618.2899835705757
2024-02-02 04:45:00+00:00,1.27455,1.2747199999999999,1.2743600000000002,1.274705,1389.7799789309502
2024-02-02 05:00:00+00:00,1.2747,1.27474,1.2745,1.274565,2187.2399634867907
2024-02-02 05:15:00+00:00,1.2745549999999999,1.274975,1.2745199999999999,1.274845,1484.2499765083194
2024-02-02 05:30:00+00:00,1.27484,1.275185,1.27474,1.27503,1960.0799687802792
2024-02-02 05:45:00+00:00,1.27502,1.275315,1.2749549999999998,1.274975,1424.0699783489108
2024-02-02 06:00:00+00:00,1.27498,1.275265,1.27482,1.275125,1080.119982920587
2024-02-02 06:15:00+00:00,1.275105,1.275105,1.27448,1.27501,2880.029958419502
2024-02-02 06:30:00+00:00,1.2750050000000002,1.2750650000000001,1.27463,1.274915,2163.239967085421
2024-02-02 06:45:00+00:00,1.27492,1.2750750000000002,1.2743600000000002,1.27461,2652.2699651047587
2024-02-02 07:00:00+00:00,1.27462,1.275215,1.27443,1.275135,3263.129962839186
2024-02-02 07:15:00+00:00,1.275175,1.27554,1.274565,1.274625,2440.709965288639
2024-02-02 07:30:00+00:00,1.27462,1.275555,1.274335,1.27549,2506.8599660396576
2024-02-02 07:45:00+00:00,1.2754699999999999,1.275745,1.2747350000000002,1.27509,1751.5499714016914
2024-02-02 08:00:00+00:00,1.275085,1.2767650000000001,1.275035,1.276735,2544.0499641373754
2024-02-02 08:15:00+00:00,1.2767300000000001,1.276745,1.2758150000000001,1.276125,1866.899977132678
2024-02-02 08:30:00+00:00,1.2761200000000001,1.2763550000000001,1.275465,1.275525,2700.759968407452
2024-02-02 08:45:00+00:00,1.2755,1.27556,1.27423,1.2742499999999999,2008.7099742740393
2024-02-02 09:00:00+00:00,1.274245,1.275355,1.274245,1.27508,2192.4699661284685
2024-02-02 09:15:00+00:00,1.27507,1.2759800000000001,1.27497,1.2759749999999999,1522.1799786314368
2024-02-02 09:30:00+00:00,1.2759800000000001,1.2764199999999999,1.2759800000000001,1.276375,1523.5599769577384
2024-02-02 09:45:00+00:00,1.2763550000000001,1.2763550000000001,1.275435,1.275765,1452.4499832317233
2024-02-02 10:00:00+00:00,1.275755,1.27724,1.27564,1.27627,2110.34997420758
2024-02-02 10:15:00+00:00,1.276265,1.2763900000000001,1.27587,1.276265,1259.7399843037128
2024-02-02 10:30:00+00:00,1.27625,1.27638,1.275795,1.275995,1483.619982779026
2024-02-02 10:45:00+00:00,1.275985,1.27671,1.27576,1.276475,1436.2499803826213
2024-02-02 11:00:00+00:00,1.276465,1.27664,1.2754599999999998,1.27558,1562.3099777847528
2024-02-02 11:15:00+00:00,1.275575,1.276065,1.27535,1.2759800000000001,1513.3199788928032
2024-02-02 11:30:00+00:00,1.275975,1.276315,1.27582,1.276055,1253.8199823498726
2024-02-02 11:45:00+00:00,1.2760500000000001,1.2760699999999998,1.27565,1.275915,1287.5699823498726
2024-02-02 12:00:00+00:00,1.275925,1.2759399999999999,1.2751700000000001,1.275625,1631.5199817791581
2024-02-02 12:15:00+00:00,1.275585,1.275965,1.275545,1.27558,1031.8499884679914
2024-02-02 12:30:00+00:00,1.275575,1.2757399999999999,1.27512,1.27525,1610.5799809545279
2024-02-02 12:45:00+00:00,1.275245,1.275855,1.27523,1.2756699999999999,1632.4299814552069
2024-02-02 13:00:00+00:00,1.275665,1.27652,1.27563,1.276405,2401.7099737674
2024-02-02 13:15:00+00:00,1.27641,1.276955,1.275265,1.275515,3673.3199627399445
2024-02-02 13:30:00+00:00,1.275485,1.2757100000000001,1.26822,1.2700749999999998,16846.69978171587
2024-02-02 13:45:00+00:00,1.270095,1.270095,1.2668650000000001,1.2671549999999998,8975.689896509051
2024-02-02 14:00:00+00:00,1.26715,1.2672400000000001,1.2656749999999999,1.26705,7421.11990044266
2024-02-02 14:15:00+00:00,1.267045,1.267365,1.26594,1.265975,6571.139919757843
2024-02-02 14:30:00+00:00,1.265935,1.2665,1.265185,1.265525,7489.269909091294
2024-02-02 14:45:00+00:00,1.26552,1.2671100000000002,1.26543,1.2662900000000001,6309.989921443164
2024-02-02 15:00:00+00:00,1.266175,1.26639,1.26402,1.26444,8379.339889898896
2024-02-02 15:15:00+00:00,1.264405,1.26456,1.26334,1.2634050000000001,5597.6799261420965
2024-02-02 15:30:00+00:00,1.26341,1.26593,1.263355,1.265785,5233.049934968352
2024-02-02 15:45:00+00:00,1.26578,1.266875,1.26508,1.265655,5232.079945921898
2024-02-02 16:00:00+00:00,1.26566,1.26587,1.264235,1.26445,4822.6199510246515
2024-02-02 16:15:00+00:00,1.264445,1.26454,1.263625,1.2640799999999999,2841.2999563887715
2024-02-02 16:30:00+00:00,1.26407,1.264205,1.263465,1.263535,2451.35996299237
2024-02-02 16:45:00+00:00,1.2635399999999999,1.2635399999999999,1.262155,1.262445,2603.549959398806
2024-02-02 17:00:00+00:00,1.2624499999999999,1.262545,1.2619,1.262335,2237.9399664998055
2024-02-02 17:15:00+00:00,1.26234,1.263065,1.26233,1.262775,4669.689947940409
2024-02-02 17:30:00+00:00,1.2627700000000002,1.263065,1.26173,1.261825,3100.7099498808384
2024-02-02 17:45:00+00:00,1.261815,1.26213,1.2614,1.2618550000000002,2546.429959155619
2024-02-02 18:00:00+00:00,1.261865,1.2621449999999999,1.26158,1.2617150000000001,2050.9799706190825
2024-02-02 18:15:00+00:00,1.2616800000000001,1.262675,1.2616399999999999,1.262155,4036.739944025874
2024-02-02 18:30:00+00:00,1.26214,1.2630750000000002,1.261965,1.263045,2930.2199560180306
2024-02-02 18:45:00+00:00,1.263055,1.2630599999999998,1.2622,1.2624,2478.3599616363645
2024-02-02 19:00:00+00:00,1.262415,1.263075,1.262365,1.263055,1171.7099766209722
2024-02-02 19:15:00+00:00,1.26305,1.263485,1.26289,1.26345,2817.329960986972
2024-02-02 19:30:00+00:00,1.263455,1.264165,1.26327,1.264055,2321.909964248538
2024-02-02 19:45:00+00:00,1.2640449999999999,1.26437,1.263655,1.2638500000000001,1814.5799689814448
2024-02-02 20:00:00+00:00,1.263855,1.264195,1.2637299999999998,1.2640099999999999,1130.7599781155586
2024-02-02 20:15:00+00:00,1.26398,1.2642950000000002,1.2637399999999999,1.264035,2396.129963979125
2024-02-02 20:30:00+00:00,1.26398,1.2639999999999998,1.26356,1.26367,1395.8399722203612
2024-02-02 20:45:00+00:00,1.263655,1.2640699999999998,1.2635399999999999,1.26368,2060.009962528944
2024-02-02 21:00:00+00:00,1.26369,1.26402,1.26363,1.26399,2124.119958207011
2024-02-02 21:15:00+00:00,1.264005,1.264055,1.2636500000000002,1.26386,1343.019976824522
2024-02-02 21:30:00+00:00,1.263855,1.263875,1.26343,1.2635299999999998,1361.7099810764194
2024-02-02 21:45:00+00:00,1.263525,1.26356,1.26312,1.26325,2154.6599659323692
2024-02-05 00:00:00+00:00,1.2621250000000002,1.26265,1.2611249999999998,1.26194,6832.629905663431
2024-02-05 00:15:00+00:00,1.261905,1.261935,1.26084,1.26113,4540.279933653772
2024-02-05 00:30:00+00:00,1.261135,1.26116,1.260195,1.260325,4178.249949835241
2024-02-05 00:45:00+00:00,1.2603149999999999,1.261145,1.260215,1.26092,2073.5099634826183
2024-02-05 01:00:00+00:00,1.2609,1.2609949999999999,1.2600950000000002,1.2601,4476.819950304925
2024-02-05 01:15:00+00:00,1.26011,1.2603499999999999,1.2598850000000001,1.26004,3521.429949514568
2024-02-05 01:30:00+00:00,1.2600449999999999,1.26104,1.26003,1.261025,2242.949969649315
2024-02-05 01:45:00+00:00,1.26099,1.2612899999999998,1.260615,1.2611400000000001,2132.769964583218
2024-02-05 02:00:00+00:00,1.26112,1.26136,1.260895,1.261005,1938.7799662202597
2024-02-05 02:15:00+00:00,1.26099,1.261095,1.2607300000000001,1.26083,3317.2799639701843
2024-02-05 02:30:00+00:00,1.260825,1.260945,1.2602000000000002,1.260235,3510.309953927994
2024-02-05 02:45:00+00:00,1.2602449999999998,1.260535,1.26002,1.2602250000000002,1935.819971345365
2024-02-05 03:00:00+00:00,1.26022,1.260775,1.2599,1.26055,3090.2999642044306
2024-02-05 03:15:00+00:00,1.26056,1.260845,1.2602950000000002,1.2604250000000001,2471.4599707350135
2024-02-05 03:30:00+00:00,1.260415,1.2610450000000002,1.26036,1.260945,2501.8199719786644
2024-02-05 03:45:00+00:00,1.26094,1.261395,1.2609249999999999,1.26117,1399.07998175174
2024-02-05 04:00:00+00:00,1.2611599999999998,1.26117,1.26092,1.2609499999999998,917.5799851715565
2024-02-05 04:15:00+00:00,1.260955,1.261165,1.260875,1.26094,816.1799876093864
2024-02-05 04:30:00+00:00,1.2609499999999998,1.261075,1.260555,1.2605650000000002,1114.7999808937311
2024-02-05 04:45:00+00:00,1.260575,1.260825,1.260575,1.260825,777.1499883159995
2024-02-05 05:00:00+00:00,1.2608199999999998,1.2609249999999999,1.2603499999999999,1.2607,1764.2099770605564
2024-02-05 05:15:00+00:00,1.2607050000000002,1.26126,1.260685,1.26113,1531.9799752160907
2024-02-05 05:30:00+00:00,1.2611400000000001,1.261225,1.2606350000000002,1.260935,1429.1999773308635
2024-02-05 05:45:00+00:00,1.26093,1.261235,1.26074,1.261155,1442.369980983436
2024-02-05 06:00:00+00:00,1.261145,1.26147,1.260945,1.261155,1434.0599795505404
2024-02-05 06:15:00+00:00,1.26116,1.2616399999999999,1.261025,1.261585,3563.9999626874924
2024-02-05 06:30:00+00:00,1.26158,1.2616100000000001,1.261135,1.2612299999999999,2094.059970639646
2024-02-05 06:45:00+00:00,1.261235,1.26139,1.26099,1.2611599999999998,2368.769976787269
2024-02-05 07:00:00+00:00,1.261165,1.261365,1.2606199999999999,1.26122,3896.7999527081847
2024-02-05 07:15:00+00:00,1.261195,1.2618,1.2609650000000001,1.26156,1860.0799739807844
2024-02-05 07:30:00+00:00,1.261565,1.262375,1.261445,1.26194,1953.3599699810147
2024-02-05 07:45:00+00:00,1.2619449999999999,1.261995,1.261535,1.261665,1985.119967021048
2024-02-05 08:00:00+00:00,1.261675,1.262955,1.261675,1.26266,2498.0699634477496
2024-02-05 08:15:00+00:00,1.262655,1.2626650000000001,1.261315,1.261635,2119.7999701201916
2024-02-05 08:30:00+00:00,1.2616299999999998,1.261935,1.261355,1.261645,1637.9999715909362
2024-02-05 08:45:00+00:00,1.26165,1.262095,1.26146,1.26197,2037.689970932901
2024-02-05 09:00:00+00:00,1.261955,1.26274,1.261955,1.262175,2050.709973052144
2024-02-05 09:15:00+00:00,1.26219,1.262205,1.2608549999999998,1.2609400000000002,1633.679980136454
2024-02-05 09:30:00+00:00,1.261005,1.2615249999999998,1.26032,1.260515,2531.7299646362662
2024-02-05 09:45:00+00:00,1.260535,1.261045,1.260035,1.2601200000000001,2167.949965275824
2024-02-05 10:00:00+00:00,1.2600799999999999,1.260335,1.2584,1.25842,2733.44996278733
2024-02-05 10:15:00+00:00,1.25843,1.259155,1.2581600000000002,1.25848,2829.839968211949
2024-02-05 10:30:00+00:00,1.258515,1.2594150000000002,1.258515,1.259255,2021.7599736973643
2024-02-05 10:45:00+00:00,1.2592500000000002,1.259485,1.25905,1.2594699999999999,1283.8499847054482
2024-02-05 11:00:00+00:00,1.2594750000000001,1.25955,1.259055,1.2593,1242.309984959662
2024-02-05 11:15:00+00:00,1.25931,1.259525,1.25884,1.258965,1449.8699822202325
2024-02-05 11:30:00+00:00,1.258955,1.25906,1.2575349999999998,1.258335,2781.569969974458
2024-02-05 11:45:00+00:00,1.2583250000000001,1.258555,1.25721,1.2574,3281.00997633487
2024-02-05 12:00:00+00:00,1.2574049999999999,1.257435,1.25661,1.2567650000000001,2133.719974115491
2024-02-05 12:15:00+00:00,1.256785,1.25762,1.256505,1.2574049999999999,2049.9799783602357
2024-02-05 12:30:00+00:00,1.257415,1.2575699999999999,1.256605,1.256625,1729.2899753376842
2024-02-05 12:45:00+00:00,1.25663,1.25677,1.255555,1.255555,2408.8499701544642
2024-02-05 13:00:00+00:00,1.2555399999999999,1.2558,1.255265,1.255665,2375.4899728149176
2024-02-05 13:15:00+00:00,1.255675,1.2557550000000002,1.255095,1.255145,1865.8499760180712
2024-02-05 13:30:00+00:00,1.25516,1.25549,1.25508,1.255385,2441.7899720594287
2024-02-05 13:45:00+00:00,1.25538,1.2558850000000001,1.25499,1.2552699999999999,2511.3599716573954
2024-02-05 14:00:00+00:00,1.255275,1.256065,1.255275,1.256015,1578.7799819260836
2024-02-05 14:15:00+00:00,1.25602,1.256145,1.25577,1.2559,1422.4899787902832
2024-02-05 14:30:00+00:00,1.2559049999999998,1.25618,1.2549000000000001,1.254985,2942.8199693858624
2024-02-05 14:45:00+00:00,1.25498,1.25573,1.2549199999999998,1.2555100000000001,4546.009947218001
2024-02-05 15:00:00+00:00,1.255405,1.255405,1.252745,1.2539,9255.569875903428
2024-02-05 15:15:00+00:00,1.2539099999999999,1.25434,1.2531949999999998,1.25416,3946.6499468907714
2024-02-05 15:30:00+00:00,1.254175,1.2544,1.252065,1.25224,4498.649945296347
2024-02-05 15:45:00+00:00,1.25223,1.252595,1.25184,1.25203,3968.469950683415
2024-02-05 16:00:00+00:00,1.252035,1.25308,1.251945,1.252845,3481.3199644461274
2024-02-05 16:15:00+00:00,1.25284,1.25289,1.25216,1.25264,2249.0699627548456
2024-02-05 16:30:00+00:00,1.25266,1.25313,1.252215,1.2523849999999999,2110.3799664601684
2024-02-05 16:45:00+00:00,1.25238,1.2530649999999999,1.25238,1.2529599999999999,1328.109981507063
2024-02-05 17:00:00+00:00,1.252955,1.2533699999999999,1.25294,1.25326,1574.2299765869975
2024-02-05 17:15:00+00:00,1.253245,1.253775,1.2530350000000001,1.25367,1831.6399732455611
2024-02-05 17:30:00+00:00,1.2536649999999998,1.253985,1.253555,1.253765,1389.6999774053693
2024-02-05 17:45:00+00:00,1.253755,1.25403,1.253565,1.25358,2022.6899726241827
2024-02-05 18:00:00+00:00,1.253585,1.254285,1.25338,1.2542149999999999,1662.4299810156226
2024-02-05 18:15:00+00:00,1.254205,1.25426,1.253595,1.253595,1632.7499795556068
2024-02-05 18:30:00+00:00,1.2536,1.25431,1.2536,1.25419,1441.2299788966775
2024-02-05 18:45:00+00:00,1.254185,1.2543950000000001,1.25373,1.2539799999999999,1101.8399840816855
2024-02-05 19:00:00+00:00,1.2539850000000001,1.254065,1.2536100000000001,1.253635,1856.1299757659435
2024-02-05 19:15:00+00:00,1.25363,1.254165,1.2536100000000001,1.25397,1269.20998506248
2024-02-05 19:30:00+00:00,1.253955,1.254065,1.25376,1.253825,1746.0299740359187
2024-02-05 19:45:00+00:00,1.25383,1.2538399999999998,1.2533699999999999,1.25343,2010.8399676308036
2024-02-05 20:00:00+00:00,1.25342,1.253425,1.25264,1.25264,1557.959977440536
2024-02-05 20:15:00+00:00,1.252635,1.25316,1.2526199999999998,1.2530899999999998,2009.889974012971
2024-02-05 20:30:00+00:00,1.253085,1.2535850000000002,1.25308,1.25353,1261.2899868264794
2024-02-05 20:45:00+00:00,1.25351,1.25384,1.25351,1.25373,1868.1599809229374
2024-02-05 21:00:00+00:00,1.253735,1.25377,1.253475,1.253675,860.6999843344092
2024-02-05 21:15:00+00:00,1.2536800000000001,1.2536800000000001,1.253415,1.25346,500.3999903202057
2024-02-05 21:30:00+00:00,1.253455,1.253505,1.25325,1.253505,1709.9099743887782
2024-02-05 21:45:00+00:00,1.2534999999999998,1.253795,1.253485,1.25367,2276.6099642664194
2024-02-05 22:00:00+00:00,1.253575,1.253755,1.253515,1.2536450000000001,813.8499928712845
2024-02-05 22:15:00+00:00,1.253625,1.2539500000000001,1.2533699999999999,1.253575,1029.8799906373024
2024-02-05 22:30:00+00:00,1.253635,1.25393,1.253395,1.253505,1776.419983588159
2024-02-05 22:45:00+00:00,1.253525,1.2539950000000002,1.2533699999999999,1.253895,862.2999868392944
2024-02-05 23:00:00+00:00,1.253895,1.253895,1.253525,1.2536,1022.5200005248189
2024-02-05 23:15:00+00:00,1.253595,1.253695,1.2535349999999998,1.2536,401.6399951800704
2024-02-05 23:30:00+00:00,1.253595,1.2536200000000002,1.253295,1.2534800000000001,973.779986590147
2024-02-05 23:45:00+00:00,1.25349,1.253525,1.253345,1.2533699999999999,394.49999633431435
2024-02-06 00:00:00+00:00,1.253375,1.2539099999999999,1.253355,1.2537699999999998,1143.3899830207229
2024-02-06 00:15:00+00:00,1.25378,1.2538200000000002,1.25358,1.253595,1008.3899937719107
2024-02-06 00:30:00+00:00,1.25359,1.2539799999999999,1.253575,1.2539799999999999,1743.0099933370948
2024-02-06 00:45:00+00:00,1.2539850000000001,1.254125,1.25388,1.254005,1186.3499892279506
2024-02-06 01:00:00+00:00,1.25401,1.25454,1.25401,1.254425,1762.119973987341
2024-02-06 01:15:00+00:00,1.25444,1.25453,1.2541,1.254515,2570.2799603790045
2024-02-06 01:30:00+00:00,1.2545350000000002,1.25474,1.254185,1.25441,2487.6899630501866
2024-02-06 01:45:00+00:00,1.2544149999999998,1.2548249999999999,1.2544,1.254695,2351.109968699515
2024-02-06 02:00:00+00:00,1.2547000000000001,1.25481,1.25444,1.254545,2361.4599665105343
2024-02-06 02:15:00+00:00,1.2545350000000002,1.254705,1.254495,1.25462,1696.1699752658606
2024-02-06 02:30:00+00:00,1.2546149999999998,1.25492,1.2545250000000001,1.2548249999999999,1828.7999744340777
2024-02-06 02:45:00+00:00,1.25482,1.254855,1.2545199999999999,1.254585,1282.1999810412526
2024-02-06 03:00:00+00:00,1.2545899999999999,1.254815,1.2545199999999999,1.254585,1526.8299804925919
2024-02-06 03:15:00+00:00,1.2545899999999999,1.2548,1.2543950000000001,1.25441,1246.5899815261364
2024-02-06 03:30:00+00:00,1.25442,1.2547899999999998,1.254,1.254035,2836.2699611112475
2024-02-06 03:45:00+00:00,1.254025,1.254205,1.25394,1.25417,1334.0699823200703
2024-02-06 04:00:00+00:00,1.254175,1.25449,1.25417,1.25433,1810.3499704822898
2024-02-06 04:15:00+00:00,1.254325,1.25512,1.25428,1.255105,2125.1099727898836
2024-02-06 04:30:00+00:00,1.25511,1.2551649999999999,1.25489,1.2549800000000002,1975.2299720719457
2024-02-06 04:45:00+00:00,1.254975,1.255285,1.254975,1.2552349999999999,2122.2899711579084
2024-02-06 05:00:00+00:00,1.25526,1.25556,1.25516,1.2552750000000001,3993.419951751828
2024-02-06 05:15:00+00:00,1.255265,1.25549,1.2551899999999998,1.255385,2710.8399649858475
2024-02-06 05:30:00+00:00,1.255395,1.2556150000000001,1.2553200000000002,1.255605,2062.3999693766236
2024-02-06 05:45:00+00:00,1.25563,1.255695,1.2551649999999999,1.255245,2519.309957459569
2024-02-06 06:00:00+00:00,1.2552400000000001,1.2553100000000001,1.254815,1.25509,2547.2599690258503
2024-02-06 06:15:00+00:00,1.2550949999999998,1.2551350000000001,1.25488,1.2549000000000001,2196.3599793985486
2024-02-06 06:30:00+00:00,1.254905,1.255395,1.254695,1.25529,2106.8399664238095
2024-02-06 06:45:00+00:00,1.2552949999999998,1.255445,1.2550599999999998,1.2551999999999999,2584.6799612641335
2024-02-06 07:00:00+00:00,1.255215,1.256555,1.2551100000000002,1.256415,5496.159949988127
2024-02-06 07:15:00+00:00,1.256405,1.256535,1.255555,1.25561,2083.4099737256765
2024-02-06 07:30:00+00:00,1.255595,1.25594,1.255375,1.2557800000000001,1781.2199786156416
2024-02-06 07:45:00+00:00,1.255785,1.256035,1.255475,1.255505,1751.6699756160378
2024-02-06 08:00:00+00:00,1.255495,1.25604,1.255475,1.25584,2936.909960962832
2024-02-06 08:15:00+00:00,1.2558349999999998,1.256455,1.2554400000000001,1.2559,2574.4599713608623
2024-02-06 08:30:00+00:00,1.25589,1.25625,1.2557800000000001,1.255825,1936.7999760955572
2024-02-06 08:45:00+00:00,1.25582,1.25583,1.255065,1.2551999999999999,2410.5399721711874
2024-02-06 09:00:00+00:00,1.255215,1.25564,1.254905,1.255515,2008.3499727994204
2024-02-06 09:15:00+00:00,1.2555100000000001,1.25591,1.255045,1.2551999999999999,1894.8899786099792
2024-02-06 09:30:00+00:00,1.255195,1.255855,1.25502,1.25539,2937.74996406585
2024-02-06 09:45:00+00:00,1.255385,1.255455,1.254025,1.254235,2426.249964892864
2024-02-06 10:00:00+00:00,1.254225,1.25485,1.25416,1.254565,1977.6299733296037
2024-02-06 10:15:00+00:00,1.2545600000000001,1.254635,1.254205,1.25428,1844.6699780002236
2024-02-06 10:30:00+00:00,1.2543,1.254315,1.253655,1.25379,1608.2199813500047
2024-02-06 10:45:00+00:00,1.2538,1.254115,1.253675,1.25388,1371.5699855983257
2024-02-06 11:00:00+00:00,1.253865,1.25421,1.253635,1.254165,1761.4799811914563
2024-02-06 11:15:00+00:00,1.2541600000000002,1.254885,1.2538049999999998,1.254795,1916.0399734154344
2024-02-06 11:30:00+00:00,1.254785,1.255645,1.25468,1.25564,1634.8699793592095
2024-02-06 11:45:00+00:00,1.255645,1.256195,1.255425,1.255425,1885.8299778103828
2024-02-06 12:00:00+00:00,1.25543,1.2555749999999999,1.254615,1.254765,2022.8499723896384
2024-02-06 12:15:00+00:00,1.254755,1.2548400000000002,1.254255,1.254385,1638.9899825006723
2024-02-06 12:30:00+00:00,1.254375,1.254925,1.2541,1.2548599999999999,2289.5999758839607
2024-02-06 12:45:00+00:00,1.254875,1.25644,1.2547899999999998,1.256405,2957.729967534542
2024-02-06 13:00:00+00:00,1.2564,1.2571949999999998,1.256,1.256805,4272.7199517712
2024-02-06 13:15:00+00:00,1.256815,1.257095,1.255785,1.2558,2629.419965557754
2024-02-06 13:30:00+00:00,1.2557749999999999,1.256425,1.25561,1.2558850000000001,2342.66997025162
2024-02-06 13:45:00+00:00,1.255875,1.256475,1.25569,1.2563900000000001,2529.38997156173
2024-02-06 14:00:00+00:00,1.25638,1.25689,1.2561149999999999,1.25629,2469.509982034564
2024-02-06 14:15:00+00:00,1.2563,1.2567599999999999,1.25583,1.25651,2711.009962260723
2024-02-06 14:30:00+00:00,1.2565300000000001,1.25754,1.25653,1.257395,4238.259955838323
2024-02-06 14:45:00+00:00,1.2574100000000001,1.258,1.25722,1.257395,3436.4699556678534
2024-02-06 15:00:00+00:00,1.25742,1.2581950000000002,1.256855,1.25813,3797.359952740371
2024-02-06 15:15:00+00:00,1.258135,1.2583950000000002,1.257515,1.2578,5026.979946620762
2024-02-06 15:30:00+00:00,1.257795,1.258365,1.257555,1.2582200000000001,4669.389943368733
2024-02-06 15:45:00+00:00,1.258225,1.258375,1.2576049999999999,1.2576800000000001,5648.139949008822
2024-02-06 16:00:00+00:00,1.25767,1.25792,1.257295,1.25738,3579.3899642452598
2024-02-06 16:15:00+00:00,1.257385,1.25884,1.257385,1.258675,2626.8899552822113
2024-02-06 16:30:00+00:00,1.258695,1.25936,1.258605,1.259285,3171.369945243001
2024-02-06 16:45:00+00:00,1.259295,1.2595,1.2586249999999999,1.25882,2935.3499516546726
2024-02-06 17:00:00+00:00,1.258795,1.259655,1.25858,1.259335,2998.2699505612254
2024-02-06 17:15:00+00:00,1.25933,1.25982,1.2591450000000002,1.25946,2835.1599643081427
2024-02-06 17:30:00+00:00,1.2594699999999999,1.2597,1.259155,1.2597,2209.259972549975
2024-02-06 17:45:00+00:00,1.25969,1.259965,1.259445,1.2595200000000002,2509.809968203306
2024-02-06 18:00:00+00:00,1.2595100000000001,1.260035,1.25922,1.2594400000000001,3662.399950735271
2024-02-06 18:15:00+00:00,1.259425,1.259645,1.25874,1.259035,2116.319967471063
2024-02-06 18:30:00+00:00,1.259065,1.25991,1.25905,1.259835,2363.519962735474
2024-02-06 18:45:00+00:00,1.25984,1.260065,1.25973,1.259945,1688.879980161786
2024-02-06 19:00:00+00:00,1.25994,1.26002,1.259105,1.2591299999999999,2520.8699675127864
2024-02-06 19:15:00+00:00,1.2591350000000001,1.25956,1.2590249999999998,1.2593450000000002,2754.8299601376057
2024-02-06 19:30:00+00:00,1.25933,1.259435,1.258745,1.258925,2450.7599711343646
2024-02-06 19:45:00+00:00,1.2589199999999998,1.259555,1.258915,1.259415,1862.9399774447083
2024-02-06 20:00:00+00:00,1.259435,1.259895,1.259415,1.25969,2339.699961811304
2024-02-06 20:15:00+00:00,1.259695,1.259725,1.259365,1.259515,1679.5799731388688
2024-02-06 20:30:00+00:00,1.259505,1.25977,1.2594150000000002,1.25975,1000.4099846929312
2024-02-06 20:45:00+00:00,1.259765,1.260315,1.25975,1.2600600000000002,1575.699976786971
2024-02-06 21:00:00+00:00,1.260045,1.260065,1.259555,1.2595900000000002,1324.3899793326855
2024-02-06 21:15:00+00:00,1.259585,1.25968,1.25953,1.25967,1359.9599791765213
2024-02-06 21:30:00+00:00,1.25968,1.2599,1.259645,1.259735,1024.5699840709567
2024-02-06 21:45:00+00:00,1.2597450000000001,1.259985,1.259585,1.25977,1449.8199816271663
2024-02-06 22:00:00+00:00,1.25972,1.2600449999999999,1.259665,1.259785,307.93999657034874
2024-02-06 22:15:00+00:00,1.2597749999999999,1.259855,1.25968,1.259715,499.7599986791611
2024-02-06 22:30:00+00:00,1.259755,1.2600500000000001,1.259525,1.25962,2007.789988771081
2024-02-06 22:45:00+00:00,1.259595,1.260195,1.25957,1.259855,2966.65997248888
2024-02-06 23:00:00+00:00,1.25989,1.26052,1.259785,1.260385,1885.5699982196093
2024-02-06 23:15:00+00:00,1.26038,1.26052,1.260365,1.260465,154.58999693393707
2024-02-06 23:30:00+00:00,1.2604549999999999,1.2605849999999998,1.2603499999999999,1.26043,511.6199897378683
2024-02-06 23:45:00+00:00,1.2604250000000001,1.260505,1.26031,1.26037,1166.0699873194098
2024-02-07 00:00:00+00:00,1.260375,1.26038,1.2600500000000001,1.26013,1279.3499846234918
2024-02-07 00:15:00+00:00,1.260125,1.26013,1.259715,1.259915,1792.7899785488844
2024-02-07 00:30:00+00:00,1.25991,1.260195,1.25991,1.259945,2146.4999827593565
2024-02-07 00:45:00+00:00,1.25995,1.260055,1.259695,1.2599200000000002,2978.639965750277
2024-02-07 01:00:00+00:00,1.259925,1.2608549999999998,1.25991,1.26056,2277.459970355034
2024-02-07 01:15:00+00:00,1.2605499999999998,1.2609650000000001,1.260375,1.2607599999999999,2898.7199493572116
2024-02-07 01:30:00+00:00,1.2607499999999998,1.26085,1.2605499999999998,1.26081,2071.9199689924717
2024-02-07 01:45:00+00:00,1.260805,1.2612999999999999,1.26074,1.261075,2425.9499616250396
2024-02-07 02:00:00+00:00,1.261065,1.261065,1.260685,1.260935,2850.809956714511
2024-02-07 02:15:00+00:00,1.260935,1.26118,1.260895,1.26117,1532.1899763569236
2024-02-07 02:30:00+00:00,1.261165,1.261225,1.260805,1.2608700000000002,2440.8199666514993
2024-02-07 02:45:00+00:00,1.260865,1.2609599999999999,1.2605650000000002,1.2606350000000002,1515.6299782842398
2024-02-07 03:00:00+00:00,1.26064,1.260955,1.26064,1.260935,2016.1299706324935
2024-02-07 03:15:00+00:00,1.26093,1.261195,1.26088,1.2610700000000001,2031.6299732923508
2024-02-07 03:30:00+00:00,1.261055,1.26106,1.2604600000000001,1.26064,2373.3299775719643
2024-02-07 03:45:00+00:00,1.26063,1.260665,1.26013,1.26016,2093.699971616268
2024-02-07 04:00:00+00:00,1.2601550000000001,1.260195,1.2598250000000002,1.25997,1391.7599826529622
2024-02-07 04:15:00+00:00,1.259965,1.260265,1.25995,1.260195,1042.9199826344848
2024-02-07 04:30:00+00:00,1.2602,1.260275,1.2601200000000001,1.2601900000000001,1457.8199754580855
2024-02-07 04:45:00+00:00,1.26018,1.2604250000000001,1.260135,1.26041,1894.7399727925658
2024-02-07 05:00:00+00:00,1.260405,1.260465,1.2599200000000002,1.25996,2466.0899620577693
2024-02-07 05:15:00+00:00,1.2599550000000002,1.260285,1.259915,1.260165,2390.6699663102627
2024-02-07 05:30:00+00:00,1.26017,1.260445,1.2601,1.260405,1377.0599778071046
2024-02-07 05:45:00+00:00,1.2604250000000001,1.26079,1.260375,1.260555,2081.639969713986
2024-02-07 06:00:00+00:00,1.260545,1.260745,1.260435,1.26065,1334.969980545342
2024-02-07 06:15:00+00:00,1.260645,1.260825,1.260065,1.2602250000000002,2129.039970859885
2024-02-07 06:30:00+00:00,1.26022,1.260345,1.2599300000000002,1.260065,1589.3999749720097
2024-02-07 06:45:00+00:00,1.260055,1.2605300000000002,1.26003,1.26045,2254.4699680283666
2024-02-07 07:00:00+00:00,1.260445,1.2618800000000001,1.260445,1.26182,3103.089942894876
2024-02-07 07:15:00+00:00,1.261825,1.262295,1.26169,1.262245,2243.0399695560336
2024-02-07 07:30:00+00:00,1.26224,1.262295,1.2617850000000002,1.261895,1905.839973166585
2024-02-07 07:45:00+00:00,1.26189,1.26284,1.26174,1.2628249999999999,2271.549968339503
2024-02-07 08:00:00+00:00,1.2628300000000001,1.263025,1.262345,1.26253,3073.2499525398016
2024-02-07 08:15:00+00:00,1.262525,1.26265,1.2618900000000002,1.262635,2820.379957444966
2024-02-07 08:30:00+00:00,1.262645,1.262715,1.261815,1.2623250000000001,1865.8499712571502
2024-02-07 08:45:00+00:00,1.262335,1.262655,1.26223,1.26226,2146.939961962402
2024-02-07 09:00:00+00:00,1.26227,1.262335,1.26162,1.2623199999999999,2323.6199695169926
2024-02-07 09:15:00+00:00,1.26233,1.262695,1.261885,1.262695,2100.299970857799
2024-02-07 09:30:00+00:00,1.26269,1.26375,1.262525,1.262725,2864.079959720373
2024-02-07 09:45:00+00:00,1.26272,1.263595,1.262585,1.263325,1583.4899793192744
2024-02-07 10:00:00+00:00,1.263315,1.26367,1.262975,1.263455,1274.859982997179
2024-02-07 10:15:00+00:00,1.26345,1.26366,1.26295,1.26348,1457.5299756601453
2024-02-07 10:30:00+00:00,1.263485,1.263805,1.262745,1.262855,1534.0199756994843
2024-02-07 10:45:00+00:00,1.2628599999999999,1.2629700000000001,1.26262,1.26277,1155.3899809196591
2024-02-07 11:00:00+00:00,1.262765,1.26335,1.26226,1.2625350000000002,1476.98997566849
2024-02-07 11:15:00+00:00,1.26254,1.26322,1.2625000000000002,1.2631700000000001,1557.4299739301205
2024-02-07 11:30:00+00:00,1.263165,1.263465,1.26292,1.26335,1381.4499794319272
2024-02-07 11:45:00+00:00,1.2633450000000002,1.263455,1.263035,1.263145,1067.7299842089415
2024-02-07 12:00:00+00:00,1.26316,1.26333,1.262545,1.2629350000000001,1295.3999802395701
2024-02-07 12:15:00+00:00,1.26294,1.26294,1.262335,1.262645,1523.2299777045846
2024-02-07 12:30:00+00:00,1.26265,1.26285,1.262235,1.262825,1114.7399832084775
2024-02-07 12:45:00+00:00,1.2628300000000001,1.2633450000000002,1.262645,1.263165,1743.2199779078364
2024-02-07 13:00:00+00:00,1.2631999999999999,1.26348,1.26302,1.26346,1816.1999814137816
2024-02-07 13:15:00+00:00,1.263465,1.26366,1.2630949999999999,1.263645,2054.6399722993374
2024-02-07 13:30:00+00:00,1.263645,1.26399,1.26299,1.263005,2762.939964823425
2024-02-07 13:45:00+00:00,1.2629899999999998,1.26301,1.26206,1.262535,2389.9899673461914
2024-02-07 14:00:00+00:00,1.262545,1.2641550000000001,1.262535,1.263985,3136.0599667727947
2024-02-07 14:15:00+00:00,1.2639550000000002,1.2641499999999999,1.262335,1.262675,2297.4299701452255
2024-02-07 14:30:00+00:00,1.26271,1.26403,1.262315,1.263715,5291.779933236539
2024-02-07 14:45:00+00:00,1.263725,1.2638850000000001,1.26269,1.26337,5271.599933117628
2024-02-07 15:00:00+00:00,1.26338,1.2635100000000001,1.26197,1.2627799999999998,4883.399936005473
2024-02-07 15:15:00+00:00,1.2627700000000002,1.263645,1.262375,1.2636150000000002,3463.2099508419633
2024-02-07 15:30:00+00:00,1.26361,1.2640449999999999,1.26303,1.2640449999999999,5191.619933314621
2024-02-07 15:45:00+00:00,1.264035,1.264195,1.26253,1.2631350000000001,3856.2999469190836
2024-02-07 16:00:00+00:00,1.2631299999999999,1.263395,1.262755,1.263025,4266.0699467509985
2024-02-07 16:15:00+00:00,1.26304,1.263155,1.261975,1.26237,2682.0299540907145
2024-02-07 16:30:00+00:00,1.262375,1.2626,1.2622499999999999,1.26247,2397.099957816303
2024-02-07 16:45:00+00:00,1.26248,1.2629700000000001,1.262405,1.2627549999999998,1455.8699714243412
2024-02-07 17:00:00+00:00,1.26276,1.262855,1.261865,1.262315,1871.33996476233
2024-02-07 17:15:00+00:00,1.26231,1.26253,1.261825,1.26203,1485.3599719703197
2024-02-07 17:30:00+00:00,1.2620049999999998,1.262115,1.2616450000000001,1.26207,1703.5199718922377
2024-02-07 17:45:00+00:00,1.26208,1.26234,1.26197,1.26234,1341.779974386096
2024-02-07 18:00:00+00:00,1.2623199999999999,1.263325,1.2622900000000001,1.26323,3326.9399384632707
2024-02-07 18:15:00+00:00,1.26321,1.2634400000000001,1.262785,1.263325,1830.0599639564753
2024-02-07 18:30:00+00:00,1.26333,1.263355,1.2622300000000002,1.26231,1772.5199754536152
2024-02-07 18:45:00+00:00,1.262305,1.26262,1.262025,1.262545,2813.309967070818
2024-02-07 19:00:00+00:00,1.26257,1.2629700000000001,1.2623600000000001,1.262785,1847.9099745228887
2024-02-07 19:15:00+00:00,1.2627799999999998,1.262825,1.262195,1.262335,2407.7999693602324
2024-02-07 19:30:00+00:00,1.26234,1.26295,1.2623199999999999,1.2628849999999998,1244.1299832612276
2024-02-07 19:45:00+00:00,1.2628750000000002,1.26303,1.2627,1.262845,1293.8399808853865
2024-02-07 20:00:00+00:00,1.262835,1.26285,1.2624149999999998,1.262545,1552.5599796026945
2024-02-07 20:15:00+00:00,1.262525,1.26274,1.262425,1.2625600000000001,1340.459980905056
2024-02-07 20:30:00+00:00,1.2625600000000001,1.262675,1.2623,1.26266,1472.909976132214
2024-02-07 20:45:00+00:00,1.262655,1.26266,1.26223,1.26251,1003.7699791043997
2024-02-07 21:00:00+00:00,1.2625250000000001,1.2627549999999998,1.2625,1.262655,1046.0499825179577
2024-02-07 21:15:00+00:00,1.26267,1.262775,1.262525,1.26267,638.5199880003929
2024-02-07 21:30:00+00:00,1.262675,1.2628400000000002,1.2625600000000001,1.2626650000000001,593.9999881386757
2024-02-07 21:45:00+00:00,1.262645,1.2628400000000002,1.2625899999999999,1.2626149999999998,671.5599848181009
2024-02-07 22:00:00+00:00,1.26265,1.26296,1.26263,1.2627199999999998,281.8599979877472
2024-02-07 22:15:00+00:00,1.26274,1.262815,1.26267,1.262715,161.25999915599823
2024-02-07 22:30:00+00:00,1.26267,1.262975,1.26262,1.26284,818.2899941056967
2024-02-07 22:45:00+00:00,1.262835,1.263035,1.2625899999999999,1.262765,2040.2799828201532
2024-02-07 23:00:00+00:00,1.2628300000000001,1.26318,1.26261,1.26318,2381.4299604073167
2024-02-07 23:15:00+00:00,1.263185,1.263285,1.26306,1.26308,375.779993750155
2024-02-07 23:30:00+00:00,1.26307,1.26308,1.262655,1.2627000000000002,1159.7399921119213
2024-02-07 23:45:00+00:00,1.2626849999999998,1.262705,1.26264,1.26265,384.4799975529313
2024-02-08 00:00:00+00:00,1.26264,1.26282,1.2625,1.26268,1053.849986873567
2024-02-08 00:15:00+00:00,1.26267,1.2629700000000001,1.26258,1.26296,620.159987360239
2024-02-08 00:30:00+00:00,1.2629549999999998,1.26316,1.26289,1.26307,1394.0999777540565
2024-02-08 00:45:00+00:00,1.2630750000000002,1.263285,1.262995,1.263245,1255.4399803429842
2024-02-08 01:00:00+00:00,1.2632400000000001,1.263455,1.2630949999999999,1.263455,1757.7599744349718
2024-02-08 01:15:00+00:00,1.26346,1.263495,1.2631649999999999,1.2634699999999999,1956.0299639701843
2024-02-08 01:30:00+00:00,1.263465,1.26363,1.2628949999999999,1.2632500000000002,3730.059945002198
2024-02-08 01:45:00+00:00,1.263245,1.263535,1.263155,1.26334,2384.5399651527405
2024-02-08 02:00:00+00:00,1.263345,1.263875,1.26329,1.26383,2709.0099594965577
2024-02-08 02:15:00+00:00,1.2638349999999998,1.2638600000000002,1.26333,1.2635450000000001,2168.249965004623
2024-02-08 02:30:00+00:00,1.26355,1.26355,1.263285,1.2634699999999999,1453.5299758017063
2024-02-08 02:45:00+00:00,1.263485,1.263535,1.26334,1.2634150000000002,1035.1499836295843
2024-02-08 03:00:00+00:00,1.26342,1.26349,1.263335,1.26338,1280.4299808740616
2024-02-08 03:15:00+00:00,1.263375,1.26357,1.263345,1.263495,1285.7099775522947
2024-02-08 03:30:00+00:00,1.2635,1.2635800000000001,1.263185,1.263185,1632.3899703919888
2024-02-08 03:45:00+00:00,1.2631800000000002,1.26338,1.2631800000000002,1.263265,2053.9499614983797
2024-02-08 04:00:00+00:00,1.2632599999999998,1.263485,1.263185,1.263375,1263.4799789190292
2024-02-08 04:15:00+00:00,1.26337,1.2638099999999999,1.26334,1.26348,1698.7499759197235
2024-02-08 04:30:00+00:00,1.2634750000000001,1.26355,1.2631700000000001,1.2632050000000001,1928.8199655860662
2024-02-08 04:45:00+00:00,1.2631999999999999,1.26321,1.26275,1.262885,1233.9899795427918
2024-02-08 05:00:00+00:00,1.26287,1.2630750000000002,1.262705,1.2630750000000002,1655.069974668324
2024-02-08 05:15:00+00:00,1.26307,1.263395,1.2629700000000001,1.263305,1352.9399770274758
2024-02-08 05:30:00+00:00,1.26329,1.26333,1.26304,1.2631199999999998,1386.5999767705798
2024-02-08 05:45:00+00:00,1.2631299999999999,1.26314,1.262825,1.2630599999999998,1398.0299726128578
2024-02-08 06:00:00+00:00,1.263075,1.263175,1.26273,1.26275,2283.1499730721116
2024-02-08 06:15:00+00:00,1.2627549999999998,1.2629549999999998,1.262635,1.2628949999999999,1788.2999718859792
2024-02-08 06:30:00+00:00,1.26289,1.26345,1.262885,1.26343,1154.5499834567308
2024-02-08 06:45:00+00:00,1.2634050000000001,1.2635900000000002,1.2632400000000001,1.263335,2135.489964812994
2024-02-08 07:00:00+00:00,1.263335,1.263465,1.2629299999999999,1.263375,2173.809960477054
2024-02-08 07:15:00+00:00,1.26336,1.2636850000000002,1.262915,1.263175,1779.749974168837
2024-02-08 07:30:00+00:00,1.2631700000000001,1.26337,1.2626249999999999,1.262815,1613.4899786636233
2024-02-08 07:45:00+00:00,1.2628249999999999,1.2629350000000001,1.26242,1.2627899999999999,1836.3899817094207
2024-02-08 08:00:00+00:00,1.262785,1.26342,1.2626149999999998,1.2634050000000001,3091.76996576041
2024-02-08 08:15:00+00:00,1.263415,1.2634699999999999,1.262645,1.262675,2145.599967993796
2024-02-08 08:30:00+00:00,1.262665,1.262905,1.2617500000000001,1.261945,2326.1099717989564
2024-02-08 08:45:00+00:00,1.2619500000000001,1.262385,1.2612899999999998,1.2622499999999999,2808.849961452186
2024-02-08 09:00:00+00:00,1.262265,1.262995,1.26213,1.262775,2616.7499623522162
2024-02-08 09:15:00+00:00,1.26279,1.262945,1.262435,1.2625899999999999,1630.0499744191766
2024-02-08 09:30:00+00:00,1.262585,1.2634750000000001,1.26245,1.2633,1927.3799723237753
2024-02-08 09:45:00+00:00,1.263305,1.263335,1.26261,1.263055,2004.719971679151
2024-02-08 10:00:00+00:00,1.2630750000000002,1.263435,1.263065,1.263175,1104.5699827969074
2024-02-08 10:15:00+00:00,1.26318,1.263335,1.26294,1.263145,1705.6799741312861
2024-02-08 10:30:00+00:00,1.26315,1.26315,1.2621250000000002,1.262155,1685.939974591136
2024-02-08 10:45:00+00:00,1.2621449999999999,1.2621600000000002,1.26186,1.262065,1712.0999778583646
2024-02-08 11:00:00+00:00,1.26205,1.262085,1.261005,1.2612999999999999,1832.2199771404266
2024-02-08 11:15:00+00:00,1.261305,1.261305,1.260025,1.2601499999999999,2188.919971384108
2024-02-08 11:30:00+00:00,1.2601550000000001,1.261165,1.26004,1.2609750000000002,2284.1699691191316
2024-02-08 11:45:00+00:00,1.26099,1.26099,1.2604600000000001,1.2605849999999998,1766.4299766272306
2024-02-08 12:00:00+00:00,1.26057,1.260745,1.26004,1.26057,1859.3399701714516
2024-02-08 12:15:00+00:00,1.260555,1.260555,1.2596349999999998,1.25964,1832.4299765452743
2024-02-08 12:30:00+00:00,1.259645,1.25966,1.258995,1.2594500000000002,2043.8699677735567
2024-02-08 12:45:00+00:00,1.25946,1.25996,1.25919,1.2598,2101.0799681171775
2024-02-08 13:00:00+00:00,1.259805,1.26027,1.259665,1.2601149999999999,1707.5099762007594
2024-02-08 13:15:00+00:00,1.260125,1.26035,1.25973,1.260055,2459.1599579676986
2024-02-08 13:30:00+00:00,1.260045,1.260045,1.257435,1.25772,6133.639922760427
2024-02-08 13:45:00+00:00,1.2576999999999998,1.258385,1.2571750000000002,1.258115,3415.6499393731356
2024-02-08 14:00:00+00:00,1.25807,1.25863,1.257835,1.25812,2540.8199606984854
2024-02-08 14:15:00+00:00,1.258115,1.2590249999999998,1.2581,1.258815,2217.3999664336443
2024-02-08 14:30:00+00:00,1.25882,1.25991,1.2587199999999998,1.25989,3923.4899373948574
2024-02-08 14:45:00+00:00,1.2599,1.26115,1.259835,1.260845,3694.849956460297
2024-02-08 15:00:00+00:00,1.260875,1.26117,1.259355,1.259385,3616.329952850938
2024-02-08 15:15:00+00:00,1.2593999999999999,1.2599,1.258835,1.2598150000000001,3554.549946434796
2024-02-08 15:30:00+00:00,1.25982,1.260635,1.259265,1.259605,3583.6399564519525
2024-02-08 15:45:00+00:00,1.25963,1.260715,1.259285,1.260475,3025.3799624741077
2024-02-08 16:00:00+00:00,1.26048,1.2608199999999998,1.26037,1.260725,2621.72996789217
2024-02-08 16:15:00+00:00,1.26072,1.26113,1.26067,1.2610350000000001,2735.7199616879225
2024-02-08 16:30:00+00:00,1.2610549999999998,1.2616100000000001,1.260775,1.2610700000000001,2280.959956087172
2024-02-08 16:45:00+00:00,1.261055,1.261975,1.260945,1.261935,1620.9899718388915
2024-02-08 17:00:00+00:00,1.2619449999999999,1.2621449999999999,1.26136,1.2615349999999999,1997.0699654445052
2024-02-08 17:15:00+00:00,1.261545,1.2621600000000002,1.261545,1.261955,1688.6999693959951
2024-02-08 17:30:00+00:00,1.261955,1.262265,1.261545,1.2618900000000002,2109.0699746236205
2024-02-08 17:45:00+00:00,1.2618800000000001,1.2618900000000002,1.261595,1.261735,1420.1099704056978
2024-02-08 18:00:00+00:00,1.261745,1.26295,1.26167,1.26206,4134.69993314147
2024-02-08 18:15:00+00:00,1.26207,1.262315,1.2619449999999999,1.262165,1819.7099710181355
2024-02-08 18:30:00+00:00,1.2621600000000002,1.262285,1.261435,1.26146,1047.479978904128
2024-02-08 18:45:00+00:00,1.26147,1.261965,1.26138,1.26193,1106.6799792647362
2024-02-08 19:00:00+00:00,1.26194,1.26218,1.26183,1.262065,1291.9799764752388
2024-02-08 19:15:00+00:00,1.262065,1.26226,1.2615699999999999,1.2617699999999998,2008.9199829250574
2024-02-08 19:30:00+00:00,1.261765,1.261765,1.261225,1.2613699999999999,1478.729970060289
2024-02-08 19:45:00+00:00,1.261365,1.26156,1.26118,1.2615349999999999,2220.8999638557434
2024-02-08 20:00:00+00:00,1.26154,1.261905,1.2615349999999999,1.2618399999999999,1315.319974012673
2024-02-08 20:15:00+00:00,1.261835,1.261945,1.26162,1.261875,1158.2999758571386
2024-02-08 20:30:00+00:00,1.26187,1.262075,1.261685,1.261765,921.2399828583002
2024-02-08 20:45:00+00:00,1.261775,1.2620749999999998,1.2617,1.261875,1703.849970690906
2024-02-08 21:00:00+00:00,1.261885,1.2619850000000001,1.2618049999999998,1.261885,1145.2299785465002
2024-02-08 21:15:00+00:00,1.2618800000000001,1.26196,1.26183,1.261875,490.91998986154795
2024-02-08 21:30:00+00:00,1.2618800000000001,1.26193,1.2617850000000002,1.261825,363.7799918577075
2024-02-08 21:45:00+00:00,1.261835,1.2619600000000002,1.2616649999999998,1.2617099999999999,682.2699832841754
2024-02-08 22:00:00+00:00,1.26173,1.26183,1.261565,1.261565,145.59999781847
2024-02-08 22:15:00+00:00,1.261585,1.26181,1.26155,1.26169,197.97999835014343
2024-02-08 22:30:00+00:00,1.2616999999999998,1.26173,1.2614450000000001,1.26169,1235.19999499619
2024-02-08 22:45:00+00:00,1.26169,1.261845,1.261625,1.26177,3672.0299976989627
2024-02-08 23:00:00+00:00,1.261705,1.261925,1.261555,1.2615750000000001,1847.7099988386035
2024-02-08 23:15:00+00:00,1.26158,1.261755,1.261565,1.261755,202.9499946832657
2024-02-08 23:30:00+00:00,1.2617600000000002,1.261855,1.2617349999999998,1.2618049999999998,173.18999627232552
2024-02-08 23:45:00+00:00,1.261815,1.262095,1.26177,1.2620550000000001,635.7299924865365
2024-02-09 00:00:00+00:00,1.26205,1.262165,1.261845,1.261955,2202.4499702826142
2024-02-09 00:15:00+00:00,1.2619449999999999,1.26207,1.26185,1.2618550000000002,1010.2799860239029
2024-02-09 00:30:00+00:00,1.26186,1.26186,1.261455,1.26167,1008.0299888476729
2024-02-09 00:45:00+00:00,1.261665,1.26177,1.26133,1.26143,1564.3199757412076
2024-02-09 01:00:00+00:00,1.2614200000000002,1.26177,1.26142,1.261755,1603.7399720177054
2024-02-09 01:15:00+00:00,1.2617699999999998,1.2620900000000002,1.261655,1.261845,1960.7099696099758
2024-02-09 01:30:00+00:00,1.26185,1.2620550000000001,1.2616399999999999,1.2619449999999999,1114.0799757614732
2024-02-09 01:45:00+00:00,1.261955,1.26197,1.26173,1.2618749999999999,708.9899875000119
2024-02-09 02:00:00+00:00,1.261885,1.261885,1.261685,1.2618200000000002,2581.5599617809057
2024-02-09 02:15:00+00:00,1.26182,1.262245,1.26182,1.26204,1301.0999849662185
2024-02-09 02:30:00+00:00,1.262035,1.2621449999999999,1.26192,1.2619799999999999,836.6099852770567
2024-02-09 02:45:00+00:00,1.262,1.2622399999999998,1.261935,1.262065,790.8899871706963
2024-02-09 03:00:00+00:00,1.26207,1.2620749999999998,1.2617699999999998,1.261865,747.1299870014191
2024-02-09 03:15:00+00:00,1.26187,1.26197,1.26176,1.261765,501.6899881362915
2024-02-09 03:30:00+00:00,1.2617699999999998,1.26186,1.261565,1.261765,724.589986205101
2024-02-09 03:45:00+00:00,1.2617600000000002,1.26177,1.2614200000000002,1.26154,1365.719982713461
2024-02-09 04:00:00+00:00,1.2615349999999999,1.2615699999999999,1.2611599999999998,1.26118,876.8699844405055
2024-02-09 04:15:00+00:00,1.26119,1.2615850000000002,1.26117,1.26147,1998.2399794012308
2024-02-09 04:30:00+00:00,1.26146,1.2616749999999999,1.2613500000000002,1.26167,1046.969983741641
2024-02-09 04:45:00+00:00,1.2616749999999999,1.2616749999999999,1.261505,1.26163,1095.7499848604202
2024-02-09 05:00:00+00:00,1.26162,1.2618049999999998,1.2615750000000001,1.2617699999999998,438.32999431341887
2024-02-09 05:15:00+00:00,1.261765,1.261795,1.261655,1.26178,988.0799813270569
2024-02-09 05:30:00+00:00,1.261775,1.2619850000000001,1.2617600000000002,1.2617600000000002,966.3599863871932
2024-02-09 05:45:00+00:00,1.261755,1.261755,1.261355,1.26147,1090.619982458651
2024-02-09 06:00:00+00:00,1.261475,1.261655,1.26133,1.26159,1356.8099800869823
2024-02-09 06:15:00+00:00,1.2615750000000001,1.26176,1.261565,1.261745,565.0499899014831
2024-02-09 06:30:00+00:00,1.26174,1.2618749999999999,1.261655,1.26178,1159.7999879717827
2024-02-09 06:45:00+00:00,1.26179,1.2623250000000001,1.2617699999999998,1.26201,930.449986577034
2024-02-09 07:00:00+00:00,1.2620149999999999,1.262995,1.261965,1.2628400000000002,3524.1199588254094
2024-02-09 07:15:00+00:00,1.262855,1.262955,1.262505,1.2626,1525.1099812239408
2024-02-09 07:30:00+00:00,1.2625950000000001,1.262935,1.262355,1.262865,1373.339980892837
2024-02-09 07:45:00+00:00,1.262895,1.263445,1.262895,1.26327,1169.9099832698703
2024-02-09 08:00:00+00:00,1.263255,1.26348,1.262535,1.26275,1902.9899775460362
2024-02-09 08:15:00+00:00,1.262745,1.262755,1.262395,1.262645,2261.6099736243486
2024-02-09 08:30:00+00:00,1.26265,1.263115,1.26254,1.26255,2385.5999699905515
2024-02-09 08:45:00+00:00,1.262545,1.262545,1.261725,1.26173,2383.6499697118998
2024-02-09 09:00:00+00:00,1.26172,1.261765,1.261135,1.26135,2865.9699609279633
2024-02-09 09:15:00+00:00,1.261355,1.261665,1.26115,1.261455,2027.3399723544717
2024-02-09 09:30:00+00:00,1.261465,1.26173,1.260645,1.261145,2891.759960204363
2024-02-09 09:45:00+00:00,1.2611400000000001,1.261175,1.2606600000000001,1.261095,2090.2799782156944
2024-02-09 10:00:00+00:00,1.26108,1.261125,1.260585,1.26062,1908.4199726507068
2024-02-09 10:15:00+00:00,1.2606350000000002,1.26108,1.26054,1.261075,1458.2799849510193
2024-02-09 10:30:00+00:00,1.261055,1.261055,1.260425,1.260475,1384.5599862635136
2024-02-09 10:45:00+00:00,1.260465,1.2607599999999999,1.26036,1.260555,1055.3699859306216
2024-02-09 11:00:00+00:00,1.260595,1.260675,1.2601200000000001,1.260555,1550.7099770084023
2024-02-09 11:15:00+00:00,1.26056,1.2607949999999999,1.26043,1.260635,1008.9999850392342
2024-02-09 11:30:00+00:00,1.260625,1.26099,1.260335,1.260555,1305.1799803301692
2024-02-09 11:45:00+00:00,1.2605650000000002,1.260945,1.260335,1.26083,1270.079984113574
2024-02-09 12:00:00+00:00,1.26082,1.26139,1.26063,1.26122,1602.2399754971266
2024-02-09 12:15:00+00:00,1.26124,1.26136,1.260735,1.260945,1341.1199861839414
2024-02-09 12:30:00+00:00,1.260935,1.260935,1.26036,1.2603900000000001,1482.899976439774
2024-02-09 12:45:00+00:00,1.260395,1.260585,1.25991,1.260275,1993.1799671128392
2024-02-09 13:00:00+00:00,1.26026,1.260985,1.260055,1.260455,2679.9599646106362
2024-02-09 13:15:00+00:00,1.260485,1.2607650000000001,1.26016,1.26072,2335.07996558398
2024-02-09 13:30:00+00:00,1.2606899999999999,1.2635399999999999,1.2601550000000001,1.2619850000000001,12629.779836528003
2024-02-09 13:45:00+00:00,1.26199,1.2625,1.2613699999999999,1.2620300000000002,5516.639932088554
2024-02-09 14:00:00+00:00,1.26201,1.26379,1.2616049999999999,1.2637,4654.889934748411
2024-02-09 14:15:00+00:00,1.2636850000000002,1.263715,1.26172,1.262035,3757.659949027002
2024-02-09 14:30:00+00:00,1.26206,1.26402,1.26185,1.2637049999999999,4764.16992777586
2024-02-09 14:45:00+00:00,1.26369,1.263855,1.26295,1.26327,3358.5099534988403
2024-02-09 15:00:00+00:00,1.263265,1.26432,1.26296,1.26356,3448.289960190654
2024-02-09 15:15:00+00:00,1.263555,1.263635,1.26294,1.26348,3243.6299601346254
2024-02-09 15:30:00+00:00,1.26349,1.26391,1.263385,1.2635800000000001,2762.119965746999
2024-02-09 15:45:00+00:00,1.26359,1.26392,1.2631700000000001,1.263445,2987.8999646157026
2024-02-09 16:00:00+00:00,1.2634400000000001,1.263635,1.262995,1.263345,2735.2799708992243
2024-02-09 16:15:00+00:00,1.263355,1.263545,1.263075,1.26334,1715.549969829619
2024-02-09 16:30:00+00:00,1.26335,1.2635049999999999,1.262935,1.262975,1936.019960835576
2024-02-09 16:45:00+00:00,1.262965,1.263065,1.26251,1.262585,1367.8799717351794
2024-02-09 17:00:00+00:00,1.262575,1.2628249999999999,1.26244,1.26254,1480.8399769589305
2024-02-09 17:15:00+00:00,1.262545,1.26278,1.2621449999999999,1.26277,971.3699818998575
2024-02-09 17:30:00+00:00,1.262785,1.263,1.26254,1.262895,2030.279974617064
2024-02-09 17:45:00+00:00,1.26295,1.26321,1.262875,1.26299,864.8099860474467
2024-02-09 18:00:00+00:00,1.263005,1.263445,1.2628599999999999,1.262985,1270.9799854159355
2024-02-09 18:15:00+00:00,1.263025,1.2635649999999998,1.2629700000000001,1.263555,607.0799884870648
2024-02-09 18:30:00+00:00,1.26355,1.26377,1.263475,1.26357,651.1499880626798
2024-02-09 18:45:00+00:00,1.263575,1.2637450000000001,1.263495,1.26353,378.20999320596457
2024-02-09 19:00:00+00:00,1.263515,1.2637,1.263395,1.2635800000000001,839.3399849161506
2024-02-09 19:15:00+00:00,1.263575,1.26368,1.2633649999999998,1.263585,928.1099888086319
2024-02-09 19:30:00+00:00,1.2635800000000001,1.263675,1.263435,1.26352,637.1099916025996
2024-02-09 19:45:00+00:00,1.263525,1.2635450000000001,1.26274,1.262855,1314.5999876707792
2024-02-09 20:00:00+00:00,1.262845,1.2629350000000001,1.262525,1.26273,1729.1099720522761
2024-02-09 20:15:00+00:00,1.262725,1.26316,1.262635,1.2630750000000002,830.6699835062027
2024-02-09 20:30:00+00:00,1.26308,1.26321,1.26294,1.26309,542.8499879166484
2024-02-09 20:45:00+00:00,1.2630949999999999,1.263305,1.262945,1.263045,945.0299813225865
2024-02-09 21:00:00+00:00,1.263025,1.26339,1.263015,1.26338,1608.0299763530493
2024-02-09 21:15:00+00:00,1.263385,1.26359,1.26336,1.26357,1191.5099744200706
2024-02-09 21:30:00+00:00,1.263565,1.263575,1.2629549999999998,1.263065,1210.0599902644753
2024-02-09 21:45:00+00:00,1.2630599999999998,1.26313,1.26277,1.26277,1534.9199777841568
2024-02-12 00:00:00+00:00,1.26368,1.263875,1.263655,1.263685,1056.8099792897701
2024-02-12 00:15:00+00:00,1.26369,1.26404,1.2636500000000002,1.26392,1604.4299723133445
2024-02-12 00:30:00+00:00,1.26393,1.26432,1.26393,1.26424,4257.289957456291
2024-02-12 00:45:00+00:00,1.26425,1.264405,1.2639749999999998,1.2639749999999998,4467.659959487617
2024-02-12 01:00:00+00:00,1.26398,1.26399,1.2637200000000002,1.263735,2732.8599614501
2024-02-12 01:15:00+00:00,1.2637299999999998,1.2637450000000001,1.26351,1.26356,1505.9199770092964
2024-02-12 01:30:00+00:00,1.2635399999999999,1.263805,1.26342,1.263695,2145.1799755096436
2024-02-12 01:45:00+00:00,1.2637,1.26376,1.263485,1.26362,1418.849974989891
2024-02-12 02:00:00+00:00,1.263625,1.2637749999999999,1.26349,1.2637399999999999,1633.9199757575989
2024-02-12 02:15:00+00:00,1.263735,1.2638099999999999,1.263455,1.263535,1606.9499784111977
2024-02-12 02:30:00+00:00,1.2635399999999999,1.2638,1.2634750000000001,1.26371,1165.5899819135666
2024-02-12 02:45:00+00:00,1.263715,1.26377,1.263225,1.26326,1602.5399746894836
2024-02-12 03:00:00+00:00,1.26328,1.2635649999999998,1.2632400000000001,1.26345,562.9799875020981
2024-02-12 03:15:00+00:00,1.263455,1.2635299999999998,1.262975,1.263045,665.0699861049652
2024-02-12 03:30:00+00:00,1.2630499999999998,1.263055,1.2626849999999998,1.262855,519.0999907851219
2024-02-12 03:45:00+00:00,1.262845,1.26292,1.2626650000000001,1.2628599999999999,563.759992480278
2024-02-12 04:00:00+00:00,1.26287,1.2631800000000002,1.26287,1.2631700000000001,874.1499876230955
2024-02-12 04:15:00+00:00,1.2631800000000002,1.263385,1.26304,1.2631649999999999,949.8299884796143
2024-02-12 04:30:00+00:00,1.2631700000000001,1.263175,1.262875,1.262875,967.8999844789505
2024-02-12 04:45:00+00:00,1.26287,1.26292,1.262725,1.262855,1401.3299765586853
2024-02-12 05:00:00+00:00,1.2628599999999999,1.262975,1.26278,1.262975,1410.5199766159058
2024-02-12 05:15:00+00:00,1.262965,1.26327,1.262965,1.2632500000000002,520.8899909257889
2024-02-12 05:30:00+00:00,1.2632400000000001,1.2632750000000001,1.263055,1.263055,1648.7399924397469
2024-02-12 05:45:00+00:00,1.26305,1.2630599999999998,1.2628300000000001,1.26294,848.699996471405
2024-02-12 06:00:00+00:00,1.262945,1.262985,1.262715,1.262965,1408.8999844789505
2024-02-12 06:15:00+00:00,1.26296,1.2630949999999999,1.26288,1.26309,536.8199911117554
2024-02-12 06:30:00+00:00,1.26308,1.263255,1.262945,1.263065,511.49999141693115
2024-02-12 06:45:00+00:00,1.26306,1.263185,1.26287,1.26312,539.5499893128872
2024-02-12 07:00:00+00:00,1.263115,1.26392,1.263095,1.2635399999999999,1606.2799693271518
2024-02-12 07:15:00+00:00,1.26353,1.264375,1.263155,1.26411,2146.5899697989225
2024-02-12 07:30:00+00:00,1.264105,1.264135,1.263345,1.263375,1589.729978069663
2024-02-12 07:45:00+00:00,1.26339,1.2654800000000002,1.26339,1.264685,2308.929965339601
2024-02-12 08:00:00+00:00,1.2646600000000001,1.264675,1.26363,1.263785,3440.6599512919784
2024-02-12 08:15:00+00:00,1.263795,1.264075,1.26265,1.26335,3154.199952222407
2024-02-12 08:30:00+00:00,1.2633450000000002,1.2635,1.2625799999999998,1.262785,2773.8299605101347
2024-02-12 08:45:00+00:00,1.2627899999999999,1.26295,1.26206,1.26228,2179.229973331094
2024-02-12 09:00:00+00:00,1.262265,1.26278,1.26185,1.26268,1923.4399715736508
2024-02-12 09:15:00+00:00,1.262675,1.26289,1.2624499999999999,1.262565,1571.3399744853377
2024-02-12 09:30:00+00:00,1.26255,1.262725,1.26208,1.262205,1770.569976605475
2024-02-12 09:45:00+00:00,1.2621950000000002,1.262305,1.2617850000000002,1.262135,1544.9699766412377
2024-02-12 10:00:00+00:00,1.26214,1.262565,1.26214,1.2623700000000002,1244.249980956316
2024-02-12 10:15:00+00:00,1.262365,1.262385,1.261635,1.26216,1551.4799797907472
2024-02-12 10:30:00+00:00,1.262165,1.2625199999999999,1.26204,1.262145,1634.5199781656265
2024-02-12 10:45:00+00:00,1.262155,1.262245,1.261645,1.262225,1622.1899811178446
2024-02-12 11:00:00+00:00,1.26223,1.262535,1.26199,1.262005,1914.2999742403626
2024-02-12 11:15:00+00:00,1.262,1.262,1.26148,1.261645,1473.2099792957306
2024-02-12 11:30:00+00:00,1.26163,1.261995,1.2612700000000001,1.2612700000000001,1360.899979069829
2024-02-12 11:45:00+00:00,1.261265,1.261675,1.261015,1.261565,1270.3499826714396
2024-02-12 12:00:00+00:00,1.26158,1.26169,1.261075,1.261485,1500.0299809873104
2024-02-12 12:15:00+00:00,1.2615,1.261765,1.261385,1.2614100000000001,1258.6899848356843
2024-02-12 12:30:00+00:00,1.2614049999999999,1.2614100000000001,1.26093,1.2610350000000001,1509.5999824628234
2024-02-12 12:45:00+00:00,1.261045,1.261595,1.260885,1.261495,1520.7899799644947
2024-02-12 13:00:00+00:00,1.261505,1.26183,1.261505,1.26156,1509.5399796515703
2024-02-12 13:15:00+00:00,1.261555,1.2616399999999999,1.260745,1.26138,2079.949972741306
2024-02-12 13:30:00+00:00,1.261385,1.26145,1.2608549999999998,1.26119,1881.269973397255
2024-02-12 13:45:00+00:00,1.261175,1.261485,1.260625,1.26095,2227.139975361526
2024-02-12 14:00:00+00:00,1.260955,1.2618749999999999,1.260945,1.2615349999999999,1948.5599759221077
2024-02-12 14:15:00+00:00,1.261545,1.26187,1.261255,1.261785,1500.989980250597
2024-02-12 14:30:00+00:00,1.261775,1.26241,1.26121,1.262255,3225.639961436391
2024-02-12 14:45:00+00:00,1.262235,1.26261,1.26199,1.262245,1531.4699836745858
2024-02-12 15:00:00+00:00,1.2622499999999999,1.26241,1.261465,1.261555,1676.279978275299
2024-02-12 15:15:00+00:00,1.2615500000000002,1.2620149999999999,1.26116,1.26129,1912.6599752753973
2024-02-12 15:30:00+00:00,1.261315,1.26166,1.261085,1.26158,1595.1599815115333
2024-02-12 15:45:00+00:00,1.2615750000000001,1.26189,1.2610649999999999,1.261505,2032.1499780863523
2024-02-12 16:00:00+00:00,1.2615150000000002,1.2623000000000002,1.261335,1.2622849999999999,2047.9299696683884
2024-02-12 16:15:00+00:00,1.262305,1.262855,1.262155,1.2627700000000002,1624.1699737459421
2024-02-12 16:30:00+00:00,1.26278,1.2633,1.26267,1.263085,1564.229972600937
2024-02-12 16:45:00+00:00,1.263075,1.263275,1.262565,1.26285,1086.3899811804295
2024-02-12 17:00:00+00:00,1.26287,1.2634699999999999,1.2628599999999999,1.263175,1301.0099804475904
2024-02-12 17:15:00+00:00,1.2631700000000001,1.263465,1.2627700000000002,1.2633999999999999,1447.0199798867106
2024-02-12 17:30:00+00:00,1.26339,1.263725,1.2633649999999998,1.263485,1697.4099785014987
2024-02-12 17:45:00+00:00,1.26348,1.263975,1.26335,1.263955,845.9999865368009
2024-02-12 18:00:00+00:00,1.26397,1.26404,1.263555,1.263645,2213.9799738526344
2024-02-12 18:15:00+00:00,1.2636500000000002,1.2638449999999999,1.263185,1.26335,2525.6099695265293
2024-02-12 18:30:00+00:00,1.2633100000000002,1.26361,1.263285,1.26341,2082.799969948828
2024-02-12 18:45:00+00:00,1.2634050000000001,1.26398,1.263375,1.263395,1466.8099755570292
2024-02-12 19:00:00+00:00,1.263385,1.2638099999999999,1.26335,1.2636850000000002,1096.3499805405736
2024-02-12 19:15:00+00:00,1.263675,1.263695,1.262965,1.26309,1264.469978645444
2024-02-12 19:30:00+00:00,1.2631000000000001,1.263135,1.262655,1.26266,1703.8199687749147
2024-02-12 19:45:00+00:00,1.26263,1.262645,1.26212,1.262415,1087.3199821934104
2024-02-12 20:00:00+00:00,1.26242,1.26292,1.2624149999999998,1.2627950000000001,1050.359982199967
2024-02-12 20:15:00+00:00,1.26279,1.262815,1.2626300000000001,1.262775,802.2599846944213
2024-02-12 20:30:00+00:00,1.2627549999999998,1.262915,1.26267,1.2627,910.7699791267514
2024-02-12 20:45:00+00:00,1.26266,1.262975,1.262645,1.262895,1083.2699778750539
2024-02-12 21:00:00+00:00,1.262905,1.26311,1.2628300000000001,1.2629899999999998,947.9399849846959
2024-02-12 21:15:00+00:00,1.26298,1.263085,1.262885,1.262985,389.69999265670776
2024-02-12 21:30:00+00:00,1.262975,1.26299,1.26266,1.2626849999999998,1512.2999856248498
2024-02-12 21:45:00+00:00,1.26265,1.26285,1.26254,1.26281,905.9399831518531
2024-02-12 22:00:00+00:00,1.262875,1.262965,1.26271,1.262785,382.1999970674515
2024-02-12 22:15:00+00:00,1.262775,1.2628650000000001,1.2626249999999999,1.262725,674.2599927186966
2024-02-12 22:30:00+00:00,1.26268,1.262905,1.26251,1.262785,632.6599910855293
2024-02-12 22:45:00+00:00,1.2627199999999998,1.26298,1.262545,1.2627199999999998,787.8699928447604
2024-02-12 23:00:00+00:00,1.26261,1.262875,1.26257,1.26269,968.7599857524037
2024-02-12 23:15:00+00:00,1.262695,1.2628050000000002,1.2625549999999999,1.262705,625.4999874830246
2024-02-12 23:30:00+00:00,1.26271,1.2627350000000002,1.2625600000000001,1.26266,862.4099879190326
2024-02-12 23:45:00+00:00,1.262655,1.262675,1.2625799999999998,1.26267,507.6899893283844
2024-02-13 00:00:00+00:00,1.2626650000000001,1.262775,1.2622399999999998,1.26228,1216.9499810412526
2024-02-13 00:15:00+00:00,1.2622849999999999,1.2624849999999999,1.261975,1.261975,2133.799980379641
2024-02-13 00:30:00+00:00,1.26197,1.262135,1.26197,1.2620900000000002,1166.8499902486801
2024-02-13 00:45:00+00:00,1.262085,1.262515,1.2619850000000001,1.2624900000000001,957.5399862527847
2024-02-13 01:00:00+00:00,1.2625,1.2627000000000002,1.2625,1.2625899999999999,1350.2399783208966
2024-02-13 01:15:00+00:00,1.262585,1.262605,1.26241,1.26241,1119.1599898934364
2024-02-13 01:30:00+00:00,1.262405,1.2625000000000002,1.26233,1.2623799999999998,883.3499917984009
2024-02-13 01:45:00+00:00,1.262385,1.26239,1.26185,1.26207,1549.1699859499931
2024-02-13 02:00:00+00:00,1.262065,1.26208,1.2616049999999999,1.2617600000000002,2449.589990861714
2024-02-13 02:15:00+00:00,1.261765,1.26179,1.261355,1.2614049999999999,2008.2899766415358
2024-02-13 02:30:00+00:00,1.2614100000000001,1.26152,1.2611249999999998,1.261275,1504.1999847367406
2024-02-13 02:45:00+00:00,1.2612700000000001,1.2615150000000002,1.2611500000000002,1.261425,1113.6599915847182
2024-02-13 03:00:00+00:00,1.2614299999999998,1.261505,1.26113,1.261285,1010.5499853119254
2024-02-13 03:15:00+00:00,1.2612800000000002,1.2613949999999998,1.261155,1.26132,742.0199897065759
2024-02-13 03:30:00+00:00,1.261315,1.261515,1.26124,1.26142,842.9399831816554
2024-02-13 03:45:00+00:00,1.261415,1.26143,1.2610700000000001,1.2610899999999998,653.5199891999364
2024-02-13 04:00:00+00:00,1.2610700000000001,1.261325,1.26091,1.261325,946.0199830532074
2024-02-13 04:15:00+00:00,1.26133,1.261445,1.2612,1.26132,555.4499906301498
2024-02-13 04:30:00+00:00,1.261315,1.261315,1.2611949999999998,1.261225,315.77999341487885
2024-02-13 04:45:00+00:00,1.2612299999999999,1.261285,1.261135,1.2612,388.07999300956726
2024-02-13 05:00:00+00:00,1.26118,1.26176,1.26118,1.2617099999999999,1032.989982791245
2024-02-13 05:15:00+00:00,1.261705,1.261865,1.26159,1.26183,1022.0399891138077
2024-02-13 05:30:00+00:00,1.26182,1.2618900000000002,1.2616450000000001,1.26165,849.3899884223938
2024-02-13 05:45:00+00:00,1.2616399999999999,1.2616900000000002,1.261485,1.26151,620.3999884054065
2024-02-13 06:00:00+00:00,1.26152,1.261865,1.26149,1.261795,1890.3599669784307
2024-02-13 06:15:00+00:00,1.26179,1.26199,1.2617699999999998,1.2619850000000001,1215.5399828851223
2024-02-13 06:30:00+00:00,1.2619799999999999,1.262255,1.26197,1.2621250000000002,808.3199859261513
2024-02-13 06:45:00+00:00,1.26212,1.262365,1.261875,1.261985,1820.3099709153175
2024-02-13 07:00:00+00:00,1.262065,1.264365,1.26206,1.26432,5458.249931707978
2024-02-13 07:15:00+00:00,1.26434,1.2650700000000001,1.2639049999999998,1.264285,2464.419959925115
2024-02-13 07:30:00+00:00,1.26425,1.2656,1.263995,1.26441,3577.419948980212
2024-02-13 07:45:00+00:00,1.26443,1.265385,1.264135,1.265215,2462.87996070832
2024-02-13 08:00:00+00:00,1.26522,1.26542,1.2647400000000002,1.264775,3103.3599518984556
2024-02-13 08:15:00+00:00,1.2647849999999998,1.264895,1.264295,1.2643849999999999,2032.439966738224
2024-02-13 08:30:00+00:00,1.264395,1.26458,1.26385,1.263865,1941.119971267879
2024-02-13 08:45:00+00:00,1.26387,1.2642449999999998,1.2636349999999998,1.2642449999999998,2067.1499703004956
2024-02-13 09:00:00+00:00,1.264255,1.2645,1.263635,1.2640099999999999,1974.659971319139
2024-02-13 09:15:00+00:00,1.263995,1.26491,1.26397,1.26467,2096.829969033599
2024-02-13 09:30:00+00:00,1.264675,1.26513,1.264565,1.2649750000000002,1700.4299786016345
2024-02-13 09:45:00+00:00,1.26498,1.265485,1.26497,1.265465,1876.319982998073
2024-02-13 10:00:00+00:00,1.26546,1.266335,1.26546,1.266035,2215.8699723035097
2024-02-13 10:15:00+00:00,1.26604,1.2669199999999998,1.266035,1.266465,2126.479971073568
2024-02-13 10:30:00+00:00,1.26646,1.26692,1.266405,1.266785,2018.7199743166566
2024-02-13 10:45:00+00:00,1.26681,1.26687,1.26644,1.266825,1660.4599817693233
2024-02-13 11:00:00+00:00,1.266835,1.2675649999999998,1.266715,1.267125,1804.5199814513326
2024-02-13 11:15:00+00:00,1.2671299999999999,1.267635,1.267,1.267355,1945.7099784687161
2024-02-13 11:30:00+00:00,1.26735,1.267375,1.26632,1.266345,1521.0299759879708
2024-02-13 11:45:00+00:00,1.266335,1.266845,1.266095,1.2667950000000001,1308.7499808967113
2024-02-13 12:00:00+00:00,1.26678,1.26708,1.266325,1.266985,1636.1799754798412
2024-02-13 12:15:00+00:00,1.26699,1.267245,1.266595,1.267155,1905.3599707633257
2024-02-13 12:30:00+00:00,1.26716,1.267455,1.266835,1.2671800000000002,1950.5999731794
2024-02-13 12:45:00+00:00,1.2671649999999999,1.2677399999999999,1.2670949999999999,1.267585,2033.7899810001254
2024-02-13 13:00:00+00:00,1.26759,1.26837,1.26752,1.268265,2107.779972858727
2024-02-13 13:15:00+00:00,1.268295,1.2683200000000001,1.26745,1.26773,2568.689965605736
2024-02-13 13:30:00+00:00,1.2677450000000001,1.269115,1.25899,1.25983,18602.549802556634
2024-02-13 13:45:00+00:00,1.2598349999999998,1.2604600000000001,1.2590249999999998,1.259305,9584.169877417386
2024-02-13 14:00:00+00:00,1.2593100000000002,1.259325,1.257975,1.259255,7290.059914775193
2024-02-13 14:15:00+00:00,1.25926,1.26063,1.25916,1.260405,6563.879927240312
2024-02-13 14:30:00+00:00,1.26041,1.260575,1.25928,1.260245,6910.709920085967
2024-02-13 14:45:00+00:00,1.26025,1.260625,1.25869,1.258855,4664.849946901202
2024-02-13 15:00:00+00:00,1.25885,1.2591299999999999,1.2575699999999999,1.258765,4051.679954737425
2024-02-13 15:15:00+00:00,1.2587799999999998,1.259925,1.258545,1.259385,4383.929950527847
2024-02-13 15:30:00+00:00,1.25939,1.260625,1.259115,1.259785,4515.48994987458
2024-02-13 15:45:00+00:00,1.2597800000000001,1.26033,1.259405,1.2601200000000001,4607.619950212538
2024-02-13 16:00:00+00:00,1.260125,1.2604199999999999,1.25962,1.25971,3094.7399690523744
2024-02-13 16:15:00+00:00,1.259705,1.26003,1.25911,1.259625,2250.6999643817544
2024-02-13 16:30:00+00:00,1.25963,1.2608350000000002,1.25963,1.260095,2653.4199607744813
2024-02-13 16:45:00+00:00,1.260055,1.2604549999999999,1.25952,1.2603499999999999,1883.3999642133713
2024-02-13 17:00:00+00:00,1.260335,1.260535,1.2600099999999999,1.2603900000000001,2250.8999634310603
2024-02-13 17:15:00+00:00,1.260395,1.260445,1.25993,1.260155,1848.80996388942
2024-02-13 17:30:00+00:00,1.26016,1.260825,1.26016,1.260515,1286.4699745997787
2024-02-13 17:45:00+00:00,1.26052,1.26052,1.25983,1.2599900000000002,1956.7199676707387
2024-02-13 18:00:00+00:00,1.260005,1.260325,1.2595,1.259625,1554.749975696206
2024-02-13 18:15:00+00:00,1.25964,1.2597,1.258705,1.25932,1674.0599746853113
2024-02-13 18:30:00+00:00,1.25933,1.25934,1.2588599999999999,1.25923,1875.7599712610245
2024-02-13 18:45:00+00:00,1.2592400000000001,1.259265,1.25872,1.258935,1237.8299861326814
2024-02-13 19:00:00+00:00,1.258925,1.258925,1.257715,1.25781,2334.569967508316
2024-02-13 19:15:00+00:00,1.25782,1.2582399999999998,1.25774,1.2581600000000002,1617.1499713137746
2024-02-13 19:30:00+00:00,1.25815,1.25869,1.2581,1.25846,1852.3199677541852
2024-02-13 19:45:00+00:00,1.25847,1.258545,1.25732,1.2574450000000001,1584.209975220263
2024-02-13 20:00:00+00:00,1.2574299999999998,1.2583950000000002,1.2573949999999998,1.258175,1326.0099750384688
2024-02-13 20:15:00+00:00,1.258185,1.258695,1.258185,1.258465,1178.469980917871
2024-02-13 20:30:00+00:00,1.25847,1.259345,1.25846,1.259335,1368.169979095459
2024-02-13 20:45:00+00:00,1.259295,1.259295,1.25877,1.2589199999999998,2253.929967328906
2024-02-13 21:00:00+00:00,1.258915,1.2589549999999998,1.2588300000000001,1.2589549999999998,636.989986538887
2024-02-13 21:15:00+00:00,1.25894,1.2591,1.25878,1.25895,627.3599900305271
2024-02-13 21:30:00+00:00,1.2589549999999998,1.2592750000000001,1.258915,1.2591299999999999,916.3799883276224
2024-02-13 21:45:00+00:00,1.259125,1.259355,1.2589549999999998,1.25927,922.8899842128158
2024-02-13 22:00:00+00:00,1.25923,1.259295,1.259025,1.259255,234.28999680280685
2024-02-13 22:15:00+00:00,1.25926,1.259445,1.2591700000000001,1.2593999999999999,299.62999641895294
2024-02-13 22:30:00+00:00,1.259405,1.25946,1.2591,1.259195,625.5999933183193
2024-02-13 22:45:00+00:00,1.2591999999999999,1.2595649999999998,1.259055,1.2594150000000002,3620.0799668058753
2024-02-13 23:00:00+00:00,1.2594750000000001,1.259685,1.258855,1.25925,1659.1199909076095
2024-02-13 23:15:00+00:00,1.259245,1.259375,1.259175,1.25921,578.8799948468804
2024-02-13 23:30:00+00:00,1.259215,1.2593100000000002,1.259115,1.2592400000000001,510.98999185860157
2024-02-13 23:45:00+00:00,1.259255,1.25934,1.25899,1.259015,445.8899914249778
2024-02-14 00:00:00+00:00,1.25901,1.259025,1.25881,1.25894,1021.5299804583192
2024-02-14 00:15:00+00:00,1.258945,1.259525,1.25894,1.2594699999999999,1076.2199780121446
2024-02-14 00:30:00+00:00,1.2594750000000001,1.25966,1.2592349999999999,1.2595100000000001,1451.3699772953987
2024-02-14 00:45:00+00:00,1.2595049999999999,1.259835,1.25903,1.25903,2208.7499674484134
2024-02-14 01:00:00+00:00,1.25902,1.25923,1.258455,1.25877,2597.2199573367834
2024-02-14 01:15:00+00:00,1.258775,1.259045,1.2585899999999999,1.25895,2893.2899405434728
2024-02-14 01:30:00+00:00,1.258945,1.25915,1.2586300000000001,1.259065,2692.589955806732
2024-02-14 01:45:00+00:00,1.2590750000000002,1.259935,1.258995,1.25971,2471.09996458143
2024-02-14 02:00:00+00:00,1.259705,1.25996,1.25956,1.259595,2723.5199598148465
2024-02-14 02:15:00+00:00,1.2595999999999998,1.259935,1.25956,1.259805,1666.5899675935507
2024-02-14 02:30:00+00:00,1.2598,1.2598,1.259255,1.2594150000000002,2684.819959387183
2024-02-14 02:45:00+00:00,1.259425,1.2595649999999998,1.2593,1.2595399999999999,1373.9399737492204
2024-02-14 03:00:00+00:00,1.259535,1.25971,1.25932,1.25953,2221.3199605047703
2024-02-14 03:15:00+00:00,1.259525,1.2597450000000001,1.259315,1.259605,2390.1299624592066
2024-02-14 03:30:00+00:00,1.25961,1.26022,1.259525,1.2600250000000002,3001.709941379726
2024-02-14 03:45:00+00:00,1.26002,1.26018,1.259865,1.25997,3651.569947324693
2024-02-14 04:00:00+00:00,1.259965,1.2601550000000001,1.25976,1.259825,3956.579960465431
2024-02-14 04:15:00+00:00,1.259835,1.2601300000000002,1.25968,1.26007,5646.68993742764
2024-02-14 04:30:00+00:00,1.260085,1.26027,1.260005,1.2601550000000001,1947.3899701237679
2024-02-14 04:45:00+00:00,1.26016,1.2604799999999998,1.26016,1.26044,1711.7699716091156
2024-02-14 05:00:00+00:00,1.260445,1.260525,1.259875,1.259875,2375.1299659758806
2024-02-14 05:15:00+00:00,1.2598850000000001,1.26024,1.259805,1.26011,2123.849976398051
2024-02-14 05:30:00+00:00,1.2601149999999999,1.2603149999999999,1.26003,1.2602600000000002,2468.8499665781856
2024-02-14 05:45:00+00:00,1.260275,1.26034,1.260125,1.260275,2543.789967417717
2024-02-14 06:00:00+00:00,1.26028,1.26092,1.26028,1.260785,1217.9099831283092
2024-02-14 06:15:00+00:00,1.260805,1.2609650000000001,1.260575,1.26065,2941.3499555811286
2024-02-14 06:30:00+00:00,1.2606600000000001,1.260935,1.260575,1.26091,1167.2099800109863
2024-02-14 06:45:00+00:00,1.260915,1.261125,1.259915,1.2604549999999999,2773.5499579906464
2024-02-14 07:00:00+00:00,1.260485,1.26072,1.2555999999999998,1.257085,10000.35989023745
2024-02-14 07:15:00+00:00,1.2570899999999998,1.25814,1.256755,1.2568100000000002,4020.9399628937244
2024-02-14 07:30:00+00:00,1.256805,1.256805,1.255915,1.256685,5152.28997027874
2024-02-14 07:45:00+00:00,1.2566899999999999,1.25781,1.25638,1.2564199999999999,4071.289990827441
2024-02-14 08:00:00+00:00,1.256415,1.256415,1.254795,1.255225,3578.7199570834637
2024-02-14 08:15:00+00:00,1.255215,1.25556,1.2546650000000001,1.2553450000000002,2797.1999699026346
2024-02-14 08:30:00+00:00,1.25535,1.25537,1.2542900000000001,1.255175,2602.089969456196
2024-02-14 08:45:00+00:00,1.255155,1.255775,1.254565,1.255645,3218.0499607995152
2024-02-14 09:00:00+00:00,1.255655,1.255765,1.2550050000000001,1.255035,2368.9199718385935
2024-02-14 09:15:00+00:00,1.25503,1.255245,1.25443,1.25494,2347.259975336492
2024-02-14 09:30:00+00:00,1.254935,1.25532,1.253625,1.253705,2267.199973218143
2024-02-14 09:45:00+00:00,1.253715,1.25414,1.253585,1.25394,2449.9199673756957
2024-02-14 10:00:00+00:00,1.2539500000000001,1.25427,1.2537349999999998,1.2541449999999998,2088.709970936179
2024-02-14 10:15:00+00:00,1.254135,1.254445,1.25399,1.2541699999999998,2337.319971613586
2024-02-14 10:30:00+00:00,1.254165,1.254165,1.253555,1.253975,2108.5699781775475
2024-02-14 10:45:00+00:00,1.253955,1.254905,1.25365,1.25484,1851.8299752101302
2024-02-14 11:00:00+00:00,1.254845,1.25499,1.254565,1.25472,1798.9499796256423
2024-02-14 11:15:00+00:00,1.254725,1.25489,1.253935,1.253965,1936.6799792423844
2024-02-14 11:30:00+00:00,1.2539449999999999,1.254985,1.253705,1.25495,2280.439973115921
2024-02-14 11:45:00+00:00,1.254945,1.25564,1.254535,1.255255,1832.6799782514572
2024-02-14 12:00:00+00:00,1.255245,1.25587,1.255035,1.255825,1866.959979340434
2024-02-14 12:15:00+00:00,1.25582,1.2558799999999999,1.255325,1.255325,1652.429978698492
2024-02-14 12:30:00+00:00,1.25532,1.255595,1.255125,1.255245,1762.5299744084477
2024-02-14 12:45:00+00:00,1.25526,1.255545,1.25482,1.2552599999999998,1506.719979263842
2024-02-14 13:00:00+00:00,1.255265,1.25671,1.25526,1.2564700000000002,2679.239971719682
2024-02-14 13:15:00+00:00,1.2564600000000001,1.25672,1.25589,1.256415,2788.7999631091952
2024-02-14 13:30:00+00:00,1.256405,1.256825,1.25593,1.256405,3413.279947809875
2024-02-14 13:45:00+00:00,1.256415,1.256455,1.25561,1.255735,2566.919961243868
2024-02-14 14:00:00+00:00,1.255725,1.256145,1.255415,1.25556,2872.769963286817
2024-02-14 14:15:00+00:00,1.25555,1.255635,1.254805,1.255445,2898.5699665397406
2024-02-14 14:30:00+00:00,1.255435,1.256455,1.2554150000000002,1.25601,5254.489940300584
2024-02-14 14:45:00+00:00,1.256015,1.25634,1.25487,1.2551350000000001,3587.3999554291368
2024-02-14 15:00:00+00:00,1.255125,1.255435,1.2544849999999999,1.25505,3903.1499446183443
2024-02-14 15:15:00+00:00,1.25507,1.255355,1.254775,1.255045,3850.6899640858173
2024-02-14 15:30:00+00:00,1.25504,1.25533,1.253985,1.254215,2876.849969498813
2024-02-14 15:45:00+00:00,1.2542200000000001,1.25518,1.253975,1.2549350000000001,3286.709952674806
2024-02-14 16:00:00+00:00,1.2549549999999998,1.2557450000000001,1.254865,1.255125,3922.1499514356256
2024-02-14 16:15:00+00:00,1.2551350000000001,1.255565,1.25503,1.25503,2429.8799563646317
2024-02-14 16:30:00+00:00,1.25507,1.255525,1.2550050000000001,1.2551299999999999,2017.0499647334218
2024-02-14 16:45:00+00:00,1.2551350000000001,1.25614,1.25498,1.25595,1900.9999723359942
2024-02-14 17:00:00+00:00,1.255965,1.256005,1.255335,1.255935,1686.059964172542
2024-02-14 17:15:00+00:00,1.255945,1.25603,1.25545,1.25602,2071.4699687957764
2024-02-14 17:30:00+00:00,1.256025,1.256435,1.2559,1.25624,1510.9699684903026
2024-02-14 17:45:00+00:00,1.25622,1.256535,1.256115,1.256435,1523.3999709486961
2024-02-14 18:00:00+00:00,1.25644,1.25706,1.2561,1.256145,1882.4299716874957
2024-02-14 18:15:00+00:00,1.25616,1.2564199999999999,1.255695,1.255725,1699.539977118373
2024-02-14 18:30:00+00:00,1.2557450000000001,1.256475,1.255735,1.256105,1753.3499732613564
2024-02-14 18:45:00+00:00,1.2561149999999999,1.256495,1.256065,1.25631,1857.4499783664942
2024-02-14 19:00:00+00:00,1.2563149999999998,1.256455,1.25604,1.256325,1748.4299702048302
2024-02-14 19:15:00+00:00,1.25632,1.256525,1.2560850000000001,1.256235,1522.7199760302901
2024-02-14 19:30:00+00:00,1.2562449999999998,1.25661,1.256125,1.2561849999999999,1074.9299800693989
2024-02-14 19:45:00+00:00,1.256195,1.25638,1.25601,1.25611,1344.4199779853225
2024-02-14 20:00:00+00:00,1.2561149999999999,1.2564199999999999,1.25609,1.256345,1280.3699716106057
2024-02-14 20:15:00+00:00,1.2563499999999999,1.256435,1.256065,1.25624,1115.6099747344851
2024-02-14 20:30:00+00:00,1.256235,1.2563849999999999,1.256145,1.2562950000000002,1265.699975065887
2024-02-14 20:45:00+00:00,1.256305,1.2564099999999998,1.25604,1.25633,1469.0099711418152
2024-02-14 21:00:00+00:00,1.256325,1.25645,1.2561749999999998,1.2564199999999999,1590.7199760004878
2024-02-14 21:15:00+00:00,1.2564199999999999,1.2564600000000001,1.256385,1.2564000000000002,474.4799904599786
2024-02-14 21:30:00+00:00,1.256395,1.2565,1.2563849999999999,1.256485,161.66999697685242
2024-02-14 21:45:00+00:00,1.256475,1.2566899999999999,1.25638,1.256595,802.4999843835831
2024-02-14 22:00:00+00:00,1.256665,1.256685,1.25624,1.256485,389.10999822616577
2024-02-14 22:15:00+00:00,1.2564899999999999,1.2566,1.256335,1.25641,310.09999775886536
2024-02-14 22:30:00+00:00,1.2564199999999999,1.256555,1.2563499999999999,1.256475,475.9199949502945
2024-02-14 22:45:00+00:00,1.256505,1.256535,1.256345,1.25641,1020.1499927639961
2024-02-14 23:00:00+00:00,1.2564250000000001,1.2567650000000001,1.25637,1.25667,747.7799921482801
2024-02-14 23:15:00+00:00,1.256665,1.25668,1.2565650000000002,1.2566549999999999,475.16998958587646
2024-02-14 23:30:00+00:00,1.256645,1.25688,1.2566350000000002,1.256875,577.319988951087
2024-02-14 23:45:00+00:00,1.25688,1.256885,1.25671,1.256755,367.79999551177025
2024-02-15 00:00:00+00:00,1.2567599999999999,1.25677,1.2564950000000001,1.256605,805.5599907413125
2024-02-15 00:15:00+00:00,1.256615,1.2568350000000001,1.25658,1.2566350000000002,1031.879988193512
2024-02-15 00:30:00+00:00,1.256625,1.25692,1.2563300000000002,1.256825,1878.8999755308032
2024-02-15 00:45:00+00:00,1.256815,1.25717,1.256755,1.257075,921.269983522594
2024-02-15 01:00:00+00:00,1.2570700000000001,1.25736,1.25659,1.2566549999999999,2090.1299673840404
2024-02-15 01:15:00+00:00,1.25667,1.256865,1.25643,1.2565300000000001,3444.4799503833055
2024-02-15 01:30:00+00:00,1.256535,1.25677,1.25623,1.25656,2825.9699594825506
2024-02-15 01:45:00+00:00,1.256555,1.25656,1.25623,1.256265,2079.1499773189425
2024-02-15 02:00:00+00:00,1.2562600000000002,1.25637,1.255865,1.2560699999999998,2024.4599697962403
2024-02-15 02:15:00+00:00,1.256065,1.2563650000000002,1.25605,1.256335,905.3099871873856
2024-02-15 02:30:00+00:00,1.25633,1.25684,1.25626,1.256745,739.9499846100807
2024-02-15 02:45:00+00:00,1.25675,1.2568350000000001,1.25657,1.25665,562.6199886277318
2024-02-15 03:00:00+00:00,1.2566549999999999,1.256775,1.256535,1.25672,1538.6399747431278
2024-02-15 03:15:00+00:00,1.25672,1.256955,1.256625,1.256745,1229.5799785405397
2024-02-15 03:30:00+00:00,1.256735,1.25678,1.2562449999999998,1.25625,1656.1499750167131
2024-02-15 03:45:00+00:00,1.2562449999999998,1.256615,1.2562099999999998,1.25643,1140.689984306693
2024-02-15 04:00:00+00:00,1.256435,1.25655,1.2562950000000002,1.256445,1291.7399809285998
2024-02-15 04:15:00+00:00,1.25644,1.256465,1.2562,1.256325,1296.389979712665
2024-02-15 04:30:00+00:00,1.256305,1.256375,1.25614,1.2561499999999999,811.1399842426181
2024-02-15 04:45:00+00:00,1.2561900000000001,1.25644,1.2561900000000001,1.2564250000000001,971.2499862834811
2024-02-15 05:00:00+00:00,1.25643,1.256665,1.25643,1.256645,2227.8899757638574
2024-02-15 05:15:00+00:00,1.25665,1.2567650000000001,1.256435,1.2567599999999999,1092.5699849128723
2024-02-15 05:30:00+00:00,1.25677,1.256945,1.256735,1.256755,1498.8299791663885
2024-02-15 05:45:00+00:00,1.2567499999999998,1.2567599999999999,1.2563650000000002,1.2565149999999998,856.7999890968204
2024-02-15 06:00:00+00:00,1.256505,1.2567249999999999,1.25638,1.256575,1571.2899784967303
2024-02-15 06:15:00+00:00,1.25657,1.2568700000000002,1.2564950000000001,1.25674,1647.869968995452
2024-02-15 06:30:00+00:00,1.256745,1.25733,1.25671,1.257155,652.2599865198135
2024-02-15 06:45:00+00:00,1.2571599999999998,1.257225,1.25663,1.256825,1458.8399763554335
2024-02-15 07:00:00+00:00,1.25682,1.25682,1.2547199999999998,1.256145,5278.249920643866
2024-02-15 07:15:00+00:00,1.2561200000000001,1.2562600000000002,1.255325,1.25623,3011.789962813258
2024-02-15 07:30:00+00:00,1.256235,1.25625,1.254725,1.254745,3027.0299710035324
2024-02-15 07:45:00+00:00,1.254695,1.254805,1.25428,1.254515,1739.579976156354
2024-02-15 08:00:00+00:00,1.2545250000000001,1.2553,1.2542,1.25523,2945.769956767559
2024-02-15 08:15:00+00:00,1.255215,1.25533,1.254945,1.25511,2768.3399690538645
2024-02-15 08:30:00+00:00,1.255105,1.255445,1.25472,1.254915,2258.6099731251597
2024-02-15 08:45:00+00:00,1.254905,1.255475,1.254705,1.255245,2232.639972306788
2024-02-15 09:00:00+00:00,1.25523,1.255445,1.2546300000000001,1.254765,2330.849974259734
2024-02-15 09:15:00+00:00,1.25475,1.255445,1.2545250000000001,1.2554150000000002,1790.909977607429
2024-02-15 09:30:00+00:00,1.25543,1.255845,1.255125,1.255455,1593.0099795535207
2024-02-15 09:45:00+00:00,1.2554400000000001,1.255765,1.25516,1.255455,1751.5499776750803
2024-02-15 10:00:00+00:00,1.2554349999999999,1.25583,1.25515,1.2557800000000001,1727.1599806547165
2024-02-15 10:15:00+00:00,1.2557749999999999,1.25596,1.255535,1.255955,1529.1599786654115
2024-02-15 10:30:00+00:00,1.255965,1.256065,1.25503,1.255035,1606.729985550046
2024-02-15 10:45:00+00:00,1.25503,1.255725,1.2550050000000001,1.2556699999999998,1359.4199825152755
2024-02-15 11:00:00+00:00,1.255685,1.255925,1.2551700000000001,1.255445,1304.1599824726582
2024-02-15 11:15:00+00:00,1.255425,1.25546,1.254605,1.254635,1341.9899836704135
2024-02-15 11:30:00+00:00,1.2546249999999999,1.2548650000000001,1.2543199999999999,1.25476,1144.3599874824286
2024-02-15 11:45:00+00:00,1.25477,1.2552050000000001,1.254715,1.25496,924.4799894243479
2024-02-15 12:00:00+00:00,1.25495,1.2551299999999999,1.254425,1.25469,1393.1999823451042
2024-02-15 12:15:00+00:00,1.25468,1.2555049999999999,1.2546400000000002,1.25548,1909.2899782508612
2024-02-15 12:30:00+00:00,1.2554750000000001,1.255675,1.2553,1.255505,1316.4899855181575
2024-02-15 12:45:00+00:00,1.255495,1.2557450000000001,1.254905,1.255035,2162.6399754285812
2024-02-15 13:00:00+00:00,1.255045,1.255245,1.25441,1.254425,1822.6399782449007
2024-02-15 13:15:00+00:00,1.254435,1.255355,1.254165,1.2545899999999999,3209.8799652829766
2024-02-15 13:30:00+00:00,1.25461,1.25766,1.25457,1.257075,11296.43984527886
2024-02-15 13:45:00+00:00,1.257095,1.25742,1.255935,1.256985,5460.959932178259
2024-02-15 14:00:00+00:00,1.25697,1.25697,1.25611,1.256645,5216.589935362339
2024-02-15 14:15:00+00:00,1.25665,1.2574450000000001,1.256325,1.2573050000000001,4248.86994663626
2024-02-15 14:30:00+00:00,1.25732,1.2592249999999998,1.25721,1.258325,5182.169929482043
2024-02-15 14:45:00+00:00,1.2583199999999999,1.258935,1.25739,1.2582149999999999,5103.93993242085
2024-02-15 15:00:00+00:00,1.258205,1.25941,1.2581950000000002,1.25922,4496.799947172403
2024-02-15 15:15:00+00:00,1.259215,1.25966,1.259125,1.259125,3658.079967945814
2024-02-15 15:30:00+00:00,1.25916,1.25946,1.258155,1.25843,3619.199957385659
2024-02-15 15:45:00+00:00,1.25842,1.258785,1.257815,1.25841,3372.1199617907405
2024-02-15 16:00:00+00:00,1.258405,1.25871,1.257995,1.258055,3284.3699620589614
2024-02-15 16:15:00+00:00,1.25806,1.258325,1.257555,1.257625,2777.729956805706
2024-02-15 16:30:00+00:00,1.2576100000000001,1.258285,1.257535,1.2579449999999999,1486.5999714061618
2024-02-15 16:45:00+00:00,1.2579500000000001,1.2581250000000002,1.2573400000000001,1.25776,1630.339969560504
2024-02-15 17:00:00+00:00,1.257755,1.258415,1.257725,1.25816,2433.2499609068036
2024-02-15 17:15:00+00:00,1.25815,1.258495,1.25812,1.25831,1374.5099767670035
2024-02-15 17:30:00+00:00,1.258315,1.258615,1.258205,1.2586149999999998,865.0799845010042
2024-02-15 17:45:00+00:00,1.2586300000000001,1.25877,1.258335,1.25864,1495.4699717313051
2024-02-15 18:00:00+00:00,1.258655,1.258955,1.25842,1.25874,2765.7299627661705
2024-02-15 18:15:00+00:00,1.25875,1.2592500000000002,1.2586,1.259155,1081.2599756121635
2024-02-15 18:30:00+00:00,1.2591700000000001,1.25926,1.25894,1.2591450000000002,1030.4999824687839
2024-02-15 18:45:00+00:00,1.25916,1.25942,1.2590249999999998,1.259245,907.0799833983183
2024-02-15 19:00:00+00:00,1.2592599999999998,1.2599749999999998,1.2592249999999998,1.25984,1614.4199748560786
2024-02-15 19:15:00+00:00,1.259835,1.2599900000000002,1.25959,1.25971,1325.3999803587794
2024-02-15 19:30:00+00:00,1.25972,1.26006,1.25965,1.2597450000000001,763.4299859106541
2024-02-15 19:45:00+00:00,1.259735,1.2599,1.259485,1.259605,990.5099845379591
2024-02-15 20:00:00+00:00,1.25961,1.259925,1.2595450000000001,1.259735,1222.9199821129441
2024-02-15 20:15:00+00:00,1.2597299999999998,1.2597399999999999,1.259395,1.25962,1167.6899869069457
2024-02-15 20:30:00+00:00,1.2596349999999998,1.2599,1.259585,1.259795,1585.079979762435
2024-02-15 20:45:00+00:00,1.259805,1.2598500000000001,1.259515,1.25966,1780.199972935021
2024-02-15 21:00:00+00:00,1.259675,1.2598500000000001,1.259525,1.2598500000000001,849.7199896946549
2024-02-15 21:15:00+00:00,1.25986,1.25987,1.2595800000000001,1.25963,573.5799920856953
2024-02-15 21:30:00+00:00,1.2596349999999998,1.259855,1.2596150000000002,1.2598099999999999,575.8199902921915
2024-02-15 21:45:00+00:00,1.259835,1.2602000000000002,1.259835,1.259995,1266.4499764591455
2024-02-15 22:00:00+00:00,1.2599550000000002,1.2600099999999999,1.25967,1.2598799999999999,660.0999979376793
2024-02-15 22:15:00+00:00,1.2599749999999998,1.260015,1.25964,1.259805,411.0499995946884
2024-02-15 22:30:00+00:00,1.2598,1.2601499999999999,1.259765,1.2601499999999999,1457.899993173778
2024-02-15 22:45:00+00:00,1.2601200000000001,1.2602350000000002,1.25989,1.260205,1802.8999820649624
2024-02-15 23:00:00+00:00,1.2601849999999999,1.26044,1.260015,1.2603399999999998,1103.1399922445416
2024-02-15 23:15:00+00:00,1.26036,1.260525,1.260255,1.260405,488.5899920165539
2024-02-15 23:30:00+00:00,1.260415,1.260445,1.26021,1.26031,333.9299944639206
2024-02-15 23:45:00+00:00,1.260305,1.2604099999999998,1.2598,1.2598250000000002,1194.2999853491783
2024-02-16 00:00:00+00:00,1.25983,1.26004,1.2595399999999999,1.259545,601.7099900990725
2024-02-16 00:15:00+00:00,1.25955,1.2595999999999998,1.258795,1.2588300000000001,807.4499887675047
2024-02-16 00:30:00+00:00,1.2588249999999999,1.25892,1.2586,1.258675,2594.789985947311
2024-02-16 00:45:00+00:00,1.25867,1.25867,1.25812,1.25846,2850.399976544082
2024-02-16 01:00:00+00:00,1.25847,1.2585950000000001,1.258,1.258425,3020.519972912967
2024-02-16 01:15:00+00:00,1.25842,1.2586249999999999,1.2581250000000002,1.258605,1750.1699740886688
2024-02-16 01:30:00+00:00,1.258575,1.258665,1.258395,1.258645,2315.0099538862705
2024-02-16 01:45:00+00:00,1.25864,1.25894,1.25848,1.258815,2465.5199492126703
2024-02-16 02:00:00+00:00,1.25882,1.258855,1.258545,1.25873,1500.149974681437
2024-02-16 02:15:00+00:00,1.25872,1.258855,1.258485,1.258635,1417.4999806433916
2024-02-16 02:30:00+00:00,1.2586300000000001,1.2588650000000001,1.258515,1.25875,2340.239967741072
2024-02-16 02:45:00+00:00,1.2587350000000002,1.25875,1.258355,1.258425,1953.8099778443575
2024-02-16 03:00:00+00:00,1.2584149999999998,1.258645,1.25831,1.258365,1673.1299782246351
2024-02-16 03:15:00+00:00,1.258355,1.258355,1.258025,1.25814,1306.1399801149964
2024-02-16 03:30:00+00:00,1.25814,1.2582499999999999,1.25792,1.25805,1701.5699762031436
2024-02-16 03:45:00+00:00,1.258065,1.2581799999999999,1.2579250000000002,1.2581600000000002,2136.4499748051167
2024-02-16 04:00:00+00:00,1.258155,1.25818,1.25793,1.257935,947.0399882867932
2024-02-16 04:15:00+00:00,1.25793,1.25793,1.25772,1.25787,701.0099853873253
2024-02-16 04:30:00+00:00,1.2578749999999999,1.2580749999999998,1.257785,1.258045,1244.3999829292297
2024-02-16 04:45:00+00:00,1.25803,1.25841,1.25803,1.258225,3128.139954149723
2024-02-16 05:00:00+00:00,1.258195,1.2585549999999999,1.25815,1.258355,2109.0699704512954
2024-02-16 05:15:00+00:00,1.25835,1.2583600000000001,1.25809,1.25815,879.0599855110049
2024-02-16 05:30:00+00:00,1.258155,1.2583199999999999,1.2581250000000002,1.2582550000000001,1004.7599827796221
2024-02-16 05:45:00+00:00,1.25826,1.2582749999999998,1.2580200000000001,1.2582499999999999,1789.4999771416187
2024-02-16 06:00:00+00:00,1.258255,1.2583250000000001,1.258165,1.258245,1124.3999823108315
2024-02-16 06:15:00+00:00,1.25824,1.25839,1.25793,1.25828,1526.2499765604734
2024-02-16 06:30:00+00:00,1.258275,1.2584149999999998,1.25805,1.25833,1379.7599760964513
2024-02-16 06:45:00+00:00,1.25834,1.258445,1.25813,1.258365,1364.2799772694707
2024-02-16 07:00:00+00:00,1.2583600000000001,1.26063,1.2582550000000001,1.258955,4887.389926530421
2024-02-16 07:15:00+00:00,1.25895,1.2592349999999999,1.25854,1.2588400000000002,2715.8799618259072
2024-02-16 07:30:00+00:00,1.2588300000000001,1.26014,1.258745,1.259485,2459.3599666133523
2024-02-16 07:45:00+00:00,1.2594699999999999,1.259605,1.2588300000000001,1.25902,2149.0599666833878
2024-02-16 08:00:00+00:00,1.259015,1.259185,1.25819,1.258245,2474.399965569377
2024-02-16 08:15:00+00:00,1.258235,1.25833,1.25751,1.25763,2336.4699739068747
2024-02-16 08:30:00+00:00,1.257625,1.25828,1.257515,1.25824,2026.499971434474
2024-02-16 08:45:00+00:00,1.258245,1.25846,1.257505,1.25766,1988.66997115314
2024-02-16 09:00:00+00:00,1.257655,1.258445,1.25746,1.25806,1981.379971086979
2024-02-16 09:15:00+00:00,1.258065,1.2586249999999999,1.25786,1.2585350000000002,1803.6699754968286
2024-02-16 09:30:00+00:00,1.25855,1.25889,1.258425,1.258515,1876.0599774494767
2024-02-16 09:45:00+00:00,1.258505,1.258815,1.2583199999999999,1.258575,1444.289979889989
2024-02-16 10:00:00+00:00,1.25857,1.25873,1.258395,1.258435,1302.7499846592546
2024-02-16 10:15:00+00:00,1.258425,1.258655,1.2582900000000001,1.2583449999999998,908.3199892491102
2024-02-16 10:30:00+00:00,1.25834,1.258915,1.25834,1.258615,1087.9499855712056
2024-02-16 10:45:00+00:00,1.2586300000000001,1.259085,1.258615,1.258895,1171.7099849581718
2024-02-16 11:00:00+00:00,1.2589000000000001,1.25933,1.258765,1.259125,1181.309987463057
2024-02-16 11:15:00+00:00,1.25912,1.25957,1.2590050000000002,1.259225,1338.659984305501
2024-02-16 11:30:00+00:00,1.25923,1.259755,1.259115,1.25962,1562.5399808213115
2024-02-16 11:45:00+00:00,1.2596150000000002,1.26011,1.259495,1.259935,1693.1099839657545
2024-02-16 12:00:00+00:00,1.25993,1.260065,1.25903,1.2590949999999999,1646.7299788296223
2024-02-16 12:15:00+00:00,1.25909,1.25934,1.25899,1.259115,1110.6999825537205
2024-02-16 12:30:00+00:00,1.25911,1.259655,1.25885,1.2589000000000001,1802.0699786171317
2024-02-16 12:45:00+00:00,1.258915,1.25912,1.2582200000000001,1.258265,1850.9699773862958
2024-02-16 13:00:00+00:00,1.25827,1.25849,1.25774,1.25839,2603.2199692949653
2024-02-16 13:15:00+00:00,1.258385,1.258635,1.257735,1.2586300000000001,2904.0299750566483
2024-02-16 13:30:00+00:00,1.258615,1.258615,1.255085,1.25605,9025.70989497006
2024-02-16 13:45:00+00:00,1.2560449999999999,1.2570000000000001,1.255475,1.2566950000000001,5399.189932279289
2024-02-16 14:00:00+00:00,1.256715,1.2572450000000002,1.2557049999999998,1.25576,4389.479950532317
2024-02-16 14:15:00+00:00,1.2557550000000002,1.256135,1.255345,1.2560600000000002,4097.819955743849
2024-02-16 14:30:00+00:00,1.256055,1.256445,1.25545,1.256055,4148.689959049225
2024-02-16 14:45:00+00:00,1.2560799999999999,1.25657,1.25596,1.25621,4025.959956176579
2024-02-16 15:00:00+00:00,1.256165,1.258045,1.25609,1.257945,5921.429928869009
2024-02-16 15:15:00+00:00,1.257955,1.258385,1.25745,1.257615,4102.04995238781
2024-02-16 15:30:00+00:00,1.2576200000000002,1.258545,1.257155,1.258375,3798.779963672161
2024-02-16 15:45:00+00:00,1.258385,1.258545,1.2578,1.258435,4008.1199629455805
2024-02-16 16:00:00+00:00,1.258445,1.25912,1.258365,1.259035,3119.5299714803696
2024-02-16 16:15:00+00:00,1.25904,1.2594400000000001,1.25896,1.259105,1928.2199716567993
2024-02-16 16:30:00+00:00,1.2591,1.259325,1.25894,1.259215,2056.5199707373977
2024-02-16 16:45:00+00:00,1.25922,1.25931,1.258545,1.258725,1945.3699716627598
2024-02-16 17:00:00+00:00,1.258735,1.2589000000000001,1.25831,1.25853,2145.7499730288982
2024-02-16 17:15:00+00:00,1.2585250000000001,1.258965,1.25842,1.25894,2032.9499711319804
2024-02-16 17:30:00+00:00,1.258945,1.2596150000000002,1.258835,1.2596150000000002,1653.2599709182978
2024-02-16 17:45:00+00:00,1.25961,1.260855,1.259605,1.26077,2329.0799641758204
2024-02-16 18:00:00+00:00,1.260775,1.260845,1.259935,1.2602250000000002,2262.329968854785
2024-02-16 18:15:00+00:00,1.26023,1.260535,1.260205,1.260275,1736.5499711185694
2024-02-16 18:30:00+00:00,1.260255,1.26124,1.260195,1.2612299999999999,1176.779980570078
2024-02-16 18:45:00+00:00,1.2612450000000002,1.26227,1.261235,1.26192,2870.7499569803476
2024-02-16 19:00:00+00:00,1.261925,1.2623250000000001,1.26192,1.262205,2143.109966531396
2024-02-16 19:15:00+00:00,1.2622,1.2624499999999999,1.2617850000000002,1.261795,2988.9099676832557
2024-02-16 19:30:00+00:00,1.2618,1.261825,1.26108,1.261205,4206.209952652454
2024-02-16 19:45:00+00:00,1.2612299999999999,1.261235,1.2604199999999999,1.2606199999999999,2474.6099622920156
2024-02-16 20:00:00+00:00,1.260615,1.260635,1.260115,1.260235,1065.1199787035584
2024-02-16 20:15:00+00:00,1.2602250000000002,1.2603499999999999,1.260105,1.26022,1331.3399752005935
2024-02-16 20:30:00+00:00,1.2602250000000002,1.2604950000000001,1.260005,1.260035,1244.7599772140384
2024-02-16 20:45:00+00:00,1.26002,1.2601200000000001,1.2598449999999999,1.26002,1464.2399703338742
2024-02-16 21:00:00+00:00,1.26003,1.26017,1.2597450000000001,1.26017,1564.5599688887596
2024-02-16 21:15:00+00:00,1.260165,1.260395,1.260055,1.26029,947.2499800920486
2024-02-16 21:30:00+00:00,1.2602950000000002,1.2604,1.26011,1.26016,1351.3499786257744
2024-02-16 21:45:00+00:00,1.260165,1.260225,1.260005,1.260085,1872.0899627804756
2024-02-19 00:00:00+00:00,1.26109,1.261705,1.26108,1.261705,1110.7199798077345
2024-02-19 00:15:00+00:00,1.2617,1.2622,1.261635,1.261925,1457.5799729004502
2024-02-19 00:30:00+00:00,1.261945,1.2622499999999999,1.26179,1.26185,2587.889972835779
2024-02-19 00:45:00+00:00,1.26187,1.2621850000000001,1.26187,1.262155,2596.549967035651
2024-02-19 01:00:00+00:00,1.26216,1.262605,1.2620550000000001,1.2626,2606.5299671143293
2024-02-19 01:15:00+00:00,1.2625899999999999,1.26273,1.2619,1.261905,5413.469933390617
2024-02-19 01:30:00+00:00,1.2619,1.2619099999999999,1.26118,1.2614,5278.329936303198
2024-02-19 01:45:00+00:00,1.2614100000000001,1.26162,1.261375,1.26142,2065.70996081084
2024-02-19 02:00:00+00:00,1.26141,1.2615,1.261205,1.2613699999999999,2071.0799663066864
2024-02-19 02:15:00+00:00,1.261365,1.261605,1.261325,1.26142,1458.449974477291
2024-02-19 02:30:00+00:00,1.261425,1.2615750000000001,1.261385,1.261545,937.8899862542748
2024-02-19 02:45:00+00:00,1.26154,1.26165,1.2614649999999998,1.2615500000000002,1351.319975540042
2024-02-19 03:00:00+00:00,1.261555,1.26187,1.261545,1.2617150000000001,1781.6099696159363
2024-02-19 03:15:00+00:00,1.261725,1.26174,1.26151,1.26163,1127.7899802327156
2024-02-19 03:30:00+00:00,1.261635,1.26165,1.261275,1.26149,802.0199830532074
2024-02-19 03:45:00+00:00,1.261495,1.26153,1.261225,1.26124,872.9999847412109
2024-02-19 04:00:00+00:00,1.261235,1.261385,1.26115,1.2612999999999999,1602.0299740806222
2024-02-19 04:15:00+00:00,1.261295,1.2614450000000001,1.2611949999999998,1.261255,1820.3999710902572
2024-02-19 04:30:00+00:00,1.26126,1.261525,1.2612,1.26151,1798.9499773681164
2024-02-19 04:45:00+00:00,1.261505,1.2616049999999999,1.26124,1.261585,1690.3499750196934
2024-02-19 05:00:00+00:00,1.26158,1.261945,1.26158,1.26194,1061.249979570508
2024-02-19 05:15:00+00:00,1.261935,1.2619600000000002,1.26186,1.26192,1332.6899791359901
2024-02-19 05:30:00+00:00,1.261925,1.262035,1.261865,1.26194,1084.3799842000008
2024-02-19 05:45:00+00:00,1.2619449999999999,1.2621449999999999,1.2618999999999998,1.261905,1711.1399751901627
2024-02-19 06:00:00+00:00,1.261915,1.261915,1.26158,1.2617500000000001,1016.5799828916788
2024-02-19 06:15:00+00:00,1.261755,1.2618550000000002,1.26148,1.261845,1517.6099736317992
2024-02-19 06:30:00+00:00,1.26185,1.2622900000000001,1.2618399999999999,1.26212,700.0799861997366
2024-02-19 06:45:00+00:00,1.2621,1.26245,1.262065,1.262425,1214.7599771395326
2024-02-19 07:00:00+00:00,1.262435,1.262615,1.262165,1.262435,1519.079973846674
2024-02-19 07:15:00+00:00,1.262455,1.2626400000000002,1.26226,1.2626249999999999,1273.1399864926934
2024-02-19 07:30:00+00:00,1.262645,1.262985,1.262305,1.26235,1964.7099708020687
2024-02-19 07:45:00+00:00,1.262355,1.26244,1.2619150000000001,1.262,1731.5099733024836
2024-02-19 08:00:00+00:00,1.2620200000000001,1.262675,1.262005,1.262525,2595.269963040948
2024-02-19 08:15:00+00:00,1.26254,1.2627899999999999,1.262175,1.2626300000000001,2141.6399685665965
2024-02-19 08:30:00+00:00,1.262665,1.26267,1.262045,1.26213,2101.0499756857753
2024-02-19 08:45:00+00:00,1.262135,1.262345,1.261415,1.26163,1887.389972820878
2024-02-19 09:00:00+00:00,1.261625,1.2623250000000001,1.2615500000000002,1.261635,2143.5499717518687
2024-02-19 09:15:00+00:00,1.261655,1.26209,1.261525,1.261665,1491.2099791690707
2024-02-19 09:30:00+00:00,1.261635,1.261755,1.261205,1.261255,1767.35997454077
2024-02-19 09:45:00+00:00,1.26126,1.261475,1.260745,1.261475,1902.9399692863226
2024-02-19 10:00:00+00:00,1.26147,1.261555,1.26085,1.261245,1670.6399773061275
2024-02-19 10:15:00+00:00,1.261225,1.261655,1.261015,1.2615699999999999,1244.72998226434
2024-02-19 10:30:00+00:00,1.261565,1.2618749999999999,1.261335,1.2614450000000001,1402.0499822050333
2024-02-19 10:45:00+00:00,1.26144,1.261775,1.2613400000000001,1.2616800000000001,1453.5599823892117
2024-02-19 11:00:00+00:00,1.261675,1.262075,1.261565,1.26186,1963.8299777060747
2024-02-19 11:15:00+00:00,1.26187,1.262175,1.2617850000000002,1.262035,1650.149978928268
2024-02-19 11:30:00+00:00,1.262045,1.2622,1.261625,1.26165,1814.1599771752954
2024-02-19 11:45:00+00:00,1.261655,1.26174,1.26111,1.26112,1505.8199804127216
2024-02-19 12:00:00+00:00,1.2611249999999998,1.261375,1.26091,1.261355,1643.0399788469076
2024-02-19 12:15:00+00:00,1.2613349999999999,1.261555,1.261135,1.2613400000000001,1050.6599839776754
2024-02-19 12:30:00+00:00,1.2613500000000002,1.261355,1.260935,1.2610649999999999,1726.1699801385403
2024-02-19 12:45:00+00:00,1.261055,1.261175,1.26063,1.260735,1630.739980891347
2024-02-19 13:00:00+00:00,1.26074,1.261295,1.2607249999999999,1.26108,1915.2999777197838
2024-02-19 13:15:00+00:00,1.261075,1.261075,1.26064,1.260715,1302.4499833136797
2024-02-19 13:30:00+00:00,1.26071,1.26086,1.26032,1.260375,1569.8399803191423
2024-02-19 13:45:00+00:00,1.2603900000000001,1.2604549999999999,1.259815,1.2599550000000002,1759.4699826091528
2024-02-19 14:00:00+00:00,1.259945,1.26004,1.25959,1.25984,1660.139975450933
2024-02-19 14:15:00+00:00,1.259835,1.25994,1.2595800000000001,1.2597800000000001,906.4799854457378
2024-02-19 14:30:00+00:00,1.259765,1.259875,1.25912,1.25966,1289.0699850916862
2024-02-19 14:45:00+00:00,1.259665,1.259665,1.259215,1.2594400000000001,920.4299863278866
2024-02-19 15:00:00+00:00,1.259425,1.2595900000000002,1.2592349999999999,1.2593800000000002,1616.0999802947044
2024-02-19 15:15:00+00:00,1.259375,1.259855,1.259045,1.259055,1134.6299844235182
2024-02-19 15:30:00+00:00,1.25906,1.259355,1.25902,1.25916,1153.4999811574817
2024-02-19 15:45:00+00:00,1.259155,1.25933,1.258435,1.25874,1274.7699829488993
2024-02-19 16:00:00+00:00,1.25875,1.258925,1.25844,1.2586650000000001,1148.3799825459719
2024-02-19 16:15:00+00:00,1.25866,1.258865,1.2585600000000001,1.2585600000000001,563.0999885052443
2024-02-19 16:30:00+00:00,1.258555,1.258785,1.258515,1.258705,486.99999206513166
2024-02-19 16:45:00+00:00,1.25868,1.258745,1.25834,1.258435,670.139990746975
2024-02-19 17:00:00+00:00,1.258425,1.2588650000000001,1.25834,1.258855,602.0699907019734
2024-02-19 17:15:00+00:00,1.2588599999999999,1.259175,1.258785,1.2591700000000001,545.9299919009209
2024-02-19 17:30:00+00:00,1.259175,1.25937,1.259125,1.25937,856.5099892839789
2024-02-19 17:45:00+00:00,1.259355,1.259355,1.2590599999999998,1.25912,550.4699921533465
2024-02-19 18:00:00+00:00,1.25911,1.259465,1.258975,1.2594599999999998,871.059997022152
2024-02-19 18:15:00+00:00,1.259445,1.259985,1.259445,1.259775,785.4699936509132
2024-02-19 18:30:00+00:00,1.2597399999999999,1.2597800000000001,1.259615,1.2597450000000001,107.62999802827835
2024-02-19 18:45:00+00:00,1.259715,1.2597450000000001,1.259615,1.259665,130.79999686032534
2024-02-19 19:00:00+00:00,1.259675,1.259945,1.259655,1.2598799999999999,557.6399948596954
2024-02-19 19:15:00+00:00,1.259875,1.259875,1.2597049999999999,1.25975,333.44999742507935
2024-02-19 19:30:00+00:00,1.2597450000000001,1.259785,1.259735,1.2597800000000001,256.7699964046478
2024-02-19 19:45:00+00:00,1.259785,1.2598449999999999,1.259645,1.2597800000000001,255.92999504506588
2024-02-19 20:00:00+00:00,1.2597550000000002,1.25979,1.259605,1.259655,267.089994892478
2024-02-19 20:15:00+00:00,1.259665,1.259735,1.259645,1.25966,61.64999896287918
2024-02-19 20:30:00+00:00,1.259655,1.25967,1.259575,1.259665,330.74999952316284
2024-02-19 20:45:00+00:00,1.259655,1.259875,1.25961,1.25976,210.47999739646912
2024-02-19 21:00:00+00:00,1.25977,1.259865,1.259725,1.259725,134.09999763965607
2024-02-19 21:15:00+00:00,1.2597,1.25995,1.2597,1.2599300000000002,205.2899968996644
2024-02-19 21:30:00+00:00,1.259935,1.260105,1.259925,1.259945,835.3499987497926
2024-02-19 21:45:00+00:00,1.259935,1.25994,1.25946,1.25946,631.3399955481291
2024-02-19 22:00:00+00:00,1.2594750000000001,1.259765,1.2594500000000002,1.259705,151.4999989271164
2024-02-19 22:15:00+00:00,1.259705,1.259705,1.25959,1.259655,185.09999907016754
2024-02-19 22:30:00+00:00,1.259655,1.2598449999999999,1.2594699999999999,1.25976,2900.32998162508
2024-02-19 22:45:00+00:00,1.259715,1.2598950000000002,1.259345,1.25969,2633.829983085394
2024-02-19 23:00:00+00:00,1.259665,1.25975,1.2590050000000002,1.25916,3005.469967007637
2024-02-19 23:15:00+00:00,1.259155,1.2593,1.2588050000000002,1.25882,723.9899893328547
2024-02-19 23:30:00+00:00,1.258815,1.25884,1.25875,1.2587700000000002,1634.909982725978
2024-02-19 23:45:00+00:00,1.2587799999999998,1.2588,1.2585350000000002,1.2587899999999999,1158.6999799907207
2024-02-20 00:00:00+00:00,1.258785,1.25909,1.25861,1.258795,1397.7799843549728
2024-02-20 00:15:00+00:00,1.2588,1.25902,1.2585549999999999,1.25898,1290.6299833133817
2024-02-20 00:30:00+00:00,1.2589899999999998,1.2591800000000002,1.258565,1.2586499999999998,2098.9299650862813
2024-02-20 00:45:00+00:00,1.258645,1.25888,1.258505,1.2588,1062.599981971085
2024-02-20 01:00:00+00:00,1.258795,1.2588300000000001,1.25814,1.25819,1947.5699682459235
2024-02-20 01:15:00+00:00,1.258185,1.2589899999999998,1.2581449999999998,1.2589800000000002,3540.4799542725086
2024-02-20 01:30:00+00:00,1.258975,1.259295,1.2586,1.2587350000000002,2948.879945397377
2024-02-20 01:45:00+00:00,1.25872,1.258765,1.25842,1.2584300000000002,2497.709955573082
2024-02-20 02:00:00+00:00,1.258435,1.258445,1.25805,1.258365,2775.449953697622
2024-02-20 02:15:00+00:00,1.2583449999999998,1.25869,1.2582499999999999,1.258665,1851.7199660390615
2024-02-20 02:30:00+00:00,1.258675,1.2587199999999998,1.2583600000000001,1.258475,1881.119968533516
2024-02-20 02:45:00+00:00,1.25847,1.258475,1.25808,1.2584,1364.1899733319879
2024-02-20 03:00:00+00:00,1.258405,1.2585899999999999,1.2582849999999999,1.258445,1304.3299717977643
2024-02-20 03:15:00+00:00,1.25843,1.258585,1.2583600000000001,1.258575,561.3599899336696
2024-02-20 03:30:00+00:00,1.25855,1.25871,1.25841,1.258495,1145.549979865551
2024-02-20 03:45:00+00:00,1.2584849999999999,1.258605,1.2582900000000001,1.258495,921.5099843740463
2024-02-20 04:00:00+00:00,1.25849,1.25873,1.258455,1.25871,866.2499869838357
2024-02-20 04:15:00+00:00,1.258715,1.25888,1.258645,1.258815,985.4799869507551
2024-02-20 04:30:00+00:00,1.25881,1.2589100000000002,1.258595,1.25867,996.6699833720922
2024-02-20 04:45:00+00:00,1.258655,1.258695,1.25857,1.25861,452.42999053001404
2024-02-20 05:00:00+00:00,1.2586149999999998,1.2587199999999998,1.258515,1.25855,1918.2999669611454
2024-02-20 05:15:00+00:00,1.2585549999999999,1.258605,1.258275,1.258365,769.7699868679047
2024-02-20 05:30:00+00:00,1.25837,1.25839,1.2579500000000001,1.258085,1504.7399736121297
2024-02-20 05:45:00+00:00,1.25809,1.258225,1.2579449999999999,1.258205,1755.6299661397934
2024-02-20 06:00:00+00:00,1.2581950000000002,1.2585700000000002,1.2580749999999998,1.2585099999999998,1633.2899757027626
2024-02-20 06:15:00+00:00,1.2585000000000002,1.25887,1.2584849999999999,1.258835,1235.24997985363
2024-02-20 06:30:00+00:00,1.2588300000000001,1.2588650000000001,1.25857,1.2587799999999998,924.0599817037582
2024-02-20 06:45:00+00:00,1.2588,1.25882,1.25854,1.258695,1172.6699784994125
2024-02-20 07:00:00+00:00,1.2586849999999998,1.25922,1.258675,1.25909,2097.8999651819468
2024-02-20 07:15:00+00:00,1.259105,1.259405,1.259075,1.259265,1642.9799781367183
2024-02-20 07:30:00+00:00,1.259275,1.25933,1.25835,1.2585250000000001,1701.6399725750089
2024-02-20 07:45:00+00:00,1.2585350000000002,1.2593299999999998,1.2585250000000001,1.259035,2818.519964583218
2024-02-20 08:00:00+00:00,1.259025,1.2593100000000002,1.25854,1.258725,3123.05995747447
2024-02-20 08:15:00+00:00,1.258715,1.259265,1.258355,1.258965,3011.939973168075
2024-02-20 08:30:00+00:00,1.258975,1.258975,1.258135,1.25864,3018.8399715721607
2024-02-20 08:45:00+00:00,1.2586249999999999,1.2593,1.258265,1.2588300000000001,3020.499965675175
2024-02-20 09:00:00+00:00,1.25882,1.259675,1.258545,1.2595800000000001,3000.299964927137
2024-02-20 09:15:00+00:00,1.259565,1.26056,1.259565,1.260115,2210.929975286126
2024-02-20 09:30:00+00:00,1.2601200000000001,1.260675,1.259925,1.2605300000000002,2825.8999668359756
2024-02-20 09:45:00+00:00,1.2605149999999998,1.2606350000000002,1.260075,1.260335,2225.9799686074257
2024-02-20 10:00:00+00:00,1.2603399999999998,1.261125,1.260265,1.26108,2641.839966222644
2024-02-20 10:15:00+00:00,1.2610649999999999,1.261135,1.26072,1.260745,1801.679977543652
2024-02-20 10:30:00+00:00,1.2607400000000002,1.2616100000000001,1.2605300000000002,1.2610299999999999,2846.2799637913704
2024-02-20 10:45:00+00:00,1.261015,1.261325,1.260815,1.2610350000000001,2510.909968018532
2024-02-20 11:00:00+00:00,1.26104,1.261175,1.25961,1.25961,2300.009969301522
2024-02-20 11:15:00+00:00,1.259605,1.2599550000000002,1.259015,1.259055,2575.1699672564864
2024-02-20 11:30:00+00:00,1.25904,1.25932,1.258755,1.259055,2098.439976632595
2024-02-20 11:45:00+00:00,1.25904,1.259515,1.25873,1.259035,2308.9499685168266
2024-02-20 12:00:00+00:00,1.25904,1.259615,1.258835,1.259615,1911.0599772408605
2024-02-20 12:15:00+00:00,1.25963,1.260595,1.259585,1.260545,2203.8599789068103
2024-02-20 12:30:00+00:00,1.26055,1.26064,1.2598799999999999,1.259915,2246.7599770724773
2024-02-20 12:45:00+00:00,1.259875,1.2601200000000001,1.2595999999999998,1.259945,2307.089974999428
2024-02-20 13:00:00+00:00,1.25995,1.262035,1.25993,1.26179,3151.4899591207504
2024-02-20 13:15:00+00:00,1.261785,1.26204,1.261315,1.261975,2791.889964222908
2024-02-20 13:30:00+00:00,1.261945,1.2630599999999998,1.26192,1.26284,4396.649932488799
2024-02-20 13:45:00+00:00,1.262835,1.264605,1.262765,1.26429,4091.4299473166466
2024-02-20 14:00:00+00:00,1.2642950000000002,1.26432,1.26355,1.264105,3114.6699606254697
2024-02-20 14:15:00+00:00,1.2641,1.2654649999999998,1.263825,1.26543,3004.859964057803
2024-02-20 14:30:00+00:00,1.265435,1.2664,1.264985,1.265115,3637.2699453234673
2024-02-20 14:45:00+00:00,1.26515,1.26571,1.26493,1.264995,3903.1199489459395
2024-02-20 15:00:00+00:00,1.2650000000000001,1.26583,1.2649,1.265495,5191.419941395521
2024-02-20 15:15:00+00:00,1.26549,1.2668599999999999,1.2653699999999999,1.266545,3572.599958911538
2024-02-20 15:30:00+00:00,1.26654,1.266625,1.26454,1.2646,4360.559943161905
2024-02-20 15:45:00+00:00,1.264595,1.2662550000000001,1.264505,1.2662550000000001,4828.989945665002
2024-02-20 16:00:00+00:00,1.26626,1.2663,1.26483,1.265145,4713.719941824675
2024-02-20 16:15:00+00:00,1.265155,1.265165,1.264555,1.264625,2155.049967058003
2024-02-20 16:30:00+00:00,1.26463,1.2648549999999998,1.264255,1.2643499999999999,2288.3099604845047
2024-02-20 16:45:00+00:00,1.26436,1.264745,1.264025,1.264155,1873.049970768392
2024-02-20 17:00:00+00:00,1.2641499999999999,1.26421,1.2631899999999998,1.2631999999999999,2585.4999577999115
2024-02-20 17:15:00+00:00,1.26321,1.26368,1.263115,1.26316,1999.139972858131
2024-02-20 17:30:00+00:00,1.263165,1.263585,1.26296,1.263255,2361.0299570709467
2024-02-20 17:45:00+00:00,1.263265,1.26355,1.2629549999999998,1.2635,1617.0899678319693
2024-02-20 18:00:00+00:00,1.26349,1.2635049999999999,1.262705,1.263165,1648.3199727982283
2024-02-20 18:15:00+00:00,1.263145,1.263155,1.2624900000000001,1.26267,1828.3199735283852
2024-02-20 18:30:00+00:00,1.262665,1.2626650000000001,1.2622499999999999,1.26237,1835.0399675667286
2024-02-20 18:45:00+00:00,1.262365,1.2628300000000001,1.262325,1.26245,1715.9699727222323
2024-02-20 19:00:00+00:00,1.262415,1.26242,1.26203,1.262255,2037.8699644580483
2024-02-20 19:15:00+00:00,1.2622499999999999,1.262375,1.26194,1.262125,1880.4899626225233
2024-02-20 19:30:00+00:00,1.26213,1.262175,1.261965,1.262055,1953.5699662566185
2024-02-20 19:45:00+00:00,1.26206,1.262385,1.261645,1.26189,1705.2899739444256
2024-02-20 20:00:00+00:00,1.261885,1.26226,1.261665,1.262245,1330.3299779742956
2024-02-20 20:15:00+00:00,1.262205,1.262605,1.262165,1.26257,1370.0999754071236
2024-02-20 20:30:00+00:00,1.262585,1.2625899999999999,1.2620399999999998,1.26255,2134.7699590325356
2024-02-20 20:45:00+00:00,1.2625449999999998,1.2625600000000001,1.2623250000000001,1.262435,2101.349966928363
2024-02-20 21:00:00+00:00,1.26244,1.26248,1.261885,1.26194,1060.5899812877178
2024-02-20 21:15:00+00:00,1.26193,1.26205,1.26178,1.261965,870.7499846220016
2024-02-20 21:30:00+00:00,1.261955,1.261995,1.261855,1.26199,721.589986667037
2024-02-20 21:45:00+00:00,1.2619850000000001,1.2622550000000001,1.2619799999999999,1.262225,1009.2899756208062
2024-02-20 22:00:00+00:00,1.262295,1.262295,1.262105,1.2622200000000001,59.60000002384186
2024-02-20 22:15:00+00:00,1.262105,1.2624149999999998,1.262105,1.26238,213.28999769687653
2024-02-20 22:30:00+00:00,1.262375,1.262515,1.26226,1.26237,1195.1599894613028
2024-02-20 22:45:00+00:00,1.262375,1.2625700000000002,1.2621,1.262245,2312.549972832203
2024-02-20 23:00:00+00:00,1.262305,1.2623250000000001,1.26208,1.2621950000000002,1201.8499795421958
2024-02-20 23:15:00+00:00,1.26219,1.262495,1.26217,1.2624149999999998,410.84999054670334
2024-02-20 23:30:00+00:00,1.262405,1.26253,1.262275,1.262375,324.0599929615855
2024-02-20 23:45:00+00:00,1.2623600000000001,1.26269,1.26234,1.2624849999999999,405.74999449402094
2024-02-21 00:00:00+00:00,1.262495,1.26265,1.2622550000000001,1.26234,1181.6699764356017
2024-02-21 00:15:00+00:00,1.2623250000000001,1.262455,1.2620300000000002,1.2623600000000001,1049.3699860051274
2024-02-21 00:30:00+00:00,1.262365,1.26253,1.2622499999999999,1.2624849999999999,560.66998898983
2024-02-21 00:45:00+00:00,1.262475,1.262475,1.26217,1.2624499999999999,1236.7799763530493
2024-02-21 01:00:00+00:00,1.262445,1.262475,1.26216,1.2622650000000002,1071.9299778491259
2024-02-21 01:15:00+00:00,1.262245,1.262425,1.261935,1.262245,1291.4699716940522
2024-02-21 01:30:00+00:00,1.26224,1.262655,1.26206,1.262655,2086.649960011244
2024-02-21 01:45:00+00:00,1.2626499999999998,1.262835,1.262375,1.262775,1826.24996907264
2024-02-21 02:00:00+00:00,1.2627799999999998,1.263285,1.2627799999999998,1.26307,1898.849969767034
2024-02-21 02:15:00+00:00,1.2630750000000002,1.2633800000000002,1.2630400000000002,1.26327,1289.15997659415
2024-02-21 02:30:00+00:00,1.263255,1.2633450000000002,1.26298,1.263335,1801.1699740588665
2024-02-21 02:45:00+00:00,1.26334,1.263455,1.26303,1.263055,2684.5099571943283
2024-02-21 03:00:00+00:00,1.26305,1.2634750000000001,1.26304,1.2633649999999998,3931.5899441316724
2024-02-21 03:15:00+00:00,1.26337,1.2634699999999999,1.26327,1.26339,2316.5399556830525
2024-02-21 03:30:00+00:00,1.263385,1.2634050000000001,1.2631800000000002,1.26336,2175.389974333346
2024-02-21 03:45:00+00:00,1.2633649999999998,1.26375,1.263305,1.263725,2532.3299548327923
2024-02-21 04:00:00+00:00,1.2637450000000001,1.26376,1.2633450000000002,1.2634599999999998,2557.0799624994397
2024-02-21 04:15:00+00:00,1.263455,1.26356,1.2631649999999999,1.26329,1777.8599769845605
2024-02-21 04:30:00+00:00,1.263285,1.2634150000000002,1.263145,1.2631700000000001,1626.1799773871899
2024-02-21 04:45:00+00:00,1.26316,1.263285,1.2630750000000002,1.263255,1534.0199799314141
2024-02-21 05:00:00+00:00,1.2632599999999998,1.2634050000000001,1.26308,1.26314,1135.6199845895171
2024-02-21 05:15:00+00:00,1.263145,1.2632750000000001,1.2630249999999998,1.2630750000000002,1468.649980865419
2024-02-21 05:30:00+00:00,1.26307,1.26337,1.26306,1.2633100000000002,749.8499845862389
2024-02-21 05:45:00+00:00,1.2633299999999998,1.263595,1.26327,1.26337,876.7199812531471
2024-02-21 06:00:00+00:00,1.26338,1.263495,1.26287,1.2629000000000001,1779.7499690651894
2024-02-21 06:15:00+00:00,1.262905,1.26309,1.262855,1.26287,1468.5599783584476
2024-02-21 06:30:00+00:00,1.262885,1.26289,1.262355,1.262355,1233.839980840683
2024-02-21 06:45:00+00:00,1.26235,1.26253,1.2618550000000002,1.26233,2046.4299684166908
2024-02-21 07:00:00+00:00,1.262335,1.26291,1.262115,1.2629000000000001,3325.8599525913596
2024-02-21 07:15:00+00:00,1.262895,1.26316,1.262745,1.262825,2311.289971932769
2024-02-21 07:30:00+00:00,1.2628300000000001,1.262985,1.26255,1.2627950000000001,2862.0699598640203
2024-02-21 07:45:00+00:00,1.262785,1.263275,1.2626849999999998,1.26302,2267.5199744328856
2024-02-21 08:00:00+00:00,1.26301,1.263305,1.262565,1.26297,3095.7899603173137
2024-02-21 08:15:00+00:00,1.262965,1.2630050000000002,1.26186,1.261875,2067.119971655309
2024-02-21 08:30:00+00:00,1.26186,1.2619850000000001,1.261365,1.26156,1712.9999733492732
2024-02-21 08:45:00+00:00,1.261565,1.2618,1.26077,1.260825,1812.2399775013328
2024-02-21 09:00:00+00:00,1.26081,1.26081,1.260275,1.260495,2821.329964853823
2024-02-21 09:15:00+00:00,1.260485,1.26101,1.260465,1.26051,2168.189970828593
2024-02-21 09:30:00+00:00,1.260505,1.261135,1.260275,1.260915,1777.6799773573875
2024-02-21 09:45:00+00:00,1.2609050000000002,1.26121,1.2604600000000001,1.2612,1796.4899797141552
2024-02-21 10:00:00+00:00,1.2611949999999998,1.2614649999999998,1.260865,1.261415,1448.7099840790033
2024-02-21 10:15:00+00:00,1.26142,1.26165,1.261145,1.26129,1738.5299798697233
2024-02-21 10:30:00+00:00,1.261285,1.2619,1.26111,1.26187,1790.9999796375632
2024-02-21 10:45:00+00:00,1.261855,1.262475,1.26167,1.262155,1491.6299836784601
2024-02-21 11:00:00+00:00,1.26214,1.2621449999999999,1.26108,1.26119,1293.9199851825833
2024-02-21 11:15:00+00:00,1.261175,1.2616450000000001,1.260845,1.26092,1685.2499796822667
2024-02-21 11:30:00+00:00,1.260915,1.261285,1.26083,1.261095,1378.4699808508158
2024-02-21 11:45:00+00:00,1.26109,1.2616100000000001,1.2609750000000002,1.2616,1348.799982637167
2024-02-21 12:00:00+00:00,1.2616,1.2619500000000001,1.2610999999999999,1.2619449999999999,1832.199978902936
2024-02-21 12:15:00+00:00,1.261955,1.262095,1.26154,1.261665,2245.349970676005
2024-02-21 12:30:00+00:00,1.26167,1.26176,1.26138,1.261445,935.90998531878
2024-02-21 12:45:00+00:00,1.261455,1.2617349999999998,1.261325,1.2617349999999998,1568.7899834811687
2024-02-21 13:00:00+00:00,1.26172,1.26288,1.261705,1.2626249999999999,2432.1899703517556
2024-02-21 13:15:00+00:00,1.2626300000000001,1.26305,1.262235,1.26235,2728.4099711999297
2024-02-21 13:30:00+00:00,1.262365,1.2627950000000001,1.2623099999999998,1.262535,1746.899976208806
2024-02-21 13:45:00+00:00,1.2625549999999999,1.26281,1.262135,1.26239,1998.5699733272195
2024-02-21 14:00:00+00:00,1.26238,1.26346,1.2622900000000001,1.263365,1955.1299692988396
2024-02-21 14:15:00+00:00,1.263375,1.263465,1.26263,1.2628599999999999,1953.7299712002277
2024-02-21 14:30:00+00:00,1.262845,1.2629800000000002,1.261725,1.262275,3478.8099619820714
2024-02-21 14:45:00+00:00,1.262285,1.26273,1.2622200000000001,1.2623799999999998,2676.9899673610926
2024-02-21 15:00:00+00:00,1.2623600000000001,1.26278,1.2619799999999999,1.26276,2744.4599605873227
2024-02-21 15:15:00+00:00,1.262765,1.262845,1.2615349999999999,1.261765,2409.899964630604
2024-02-21 15:30:00+00:00,1.26175,1.262285,1.26154,1.261675,2497.1799681186676
2024-02-21 15:45:00+00:00,1.261685,1.261715,1.26098,1.2612299999999999,2808.869967497885
2024-02-21 16:00:00+00:00,1.261235,1.261935,1.260535,1.261935,2989.2899750322104
2024-02-21 16:15:00+00:00,1.26194,1.2625000000000002,1.26166,1.2623600000000001,2718.369965657592
2024-02-21 16:30:00+00:00,1.262365,1.26268,1.26216,1.2625899999999999,2278.1999672353268
2024-02-21 16:45:00+00:00,1.262575,1.262705,1.262095,1.262155,1809.2699690461159
2024-02-21 17:00:00+00:00,1.2621600000000002,1.262165,1.26138,1.2615699999999999,2166.8399652838707
2024-02-21 17:15:00+00:00,1.26155,1.2617349999999998,1.261225,1.261685,1797.8399760574102
2024-02-21 17:30:00+00:00,1.261695,1.26199,1.26126,1.261295,1432.3199740201235
2024-02-21 17:45:00+00:00,1.2612999999999999,1.2619099999999999,1.2612999999999999,1.26159,1548.8399698883295
2024-02-21 18:00:00+00:00,1.261565,1.26167,1.2605849999999998,1.261585,3114.639948785305
2024-02-21 18:15:00+00:00,1.26159,1.262275,1.26159,1.2621600000000002,1488.149976335466
2024-02-21 18:30:00+00:00,1.26217,1.26264,1.26217,1.262605,1313.84997651726
2024-02-21 18:45:00+00:00,1.262595,1.262765,1.262425,1.26248,1541.6099763512611
2024-02-21 19:00:00+00:00,1.262485,1.264205,1.26172,1.26349,7048.1498983204365
2024-02-21 19:15:00+00:00,1.26348,1.263705,1.262745,1.26307,3551.579937182367
2024-02-21 19:30:00+00:00,1.2630750000000002,1.26335,1.2625600000000001,1.262575,2182.4099618420005
2024-02-21 19:45:00+00:00,1.2625799999999998,1.263465,1.26243,1.263185,2052.6599630117416
2024-02-21 20:00:00+00:00,1.2631800000000002,1.263355,1.2628249999999999,1.2630750000000002,1672.2299726977944
2024-02-21 20:15:00+00:00,1.26305,1.263155,1.2624900000000001,1.263155,1600.1699733957648
2024-02-21 20:30:00+00:00,1.26315,1.2638099999999999,1.26315,1.263645,1749.2699739262462
2024-02-21 20:45:00+00:00,1.263655,1.263725,1.26321,1.26337,1538.6399754211307
2024-02-21 21:00:00+00:00,1.26339,1.263445,1.262965,1.26298,970.0799896046519
2024-02-21 21:15:00+00:00,1.262985,1.263525,1.2628650000000001,1.2634699999999999,2611.4999594539404
2024-02-21 21:30:00+00:00,1.2634500000000002,1.2637550000000002,1.2634500000000002,1.26353,1664.3399732783437
2024-02-21 21:45:00+00:00,1.26353,1.263825,1.2634750000000001,1.2637800000000001,1689.2399652004242
2024-02-21 22:00:00+00:00,1.2637800000000001,1.263805,1.26356,1.263655,219.7799952030182
2024-02-21 22:15:00+00:00,1.263675,1.263715,1.2635450000000001,1.2636349999999998,730.949986577034
2024-02-21 22:30:00+00:00,1.263585,1.2638150000000001,1.2635100000000001,1.263765,538.81998950243
2024-02-21 22:45:00+00:00,1.26377,1.2639,1.26368,1.26382,648.7999936565757
2024-02-21 23:00:00+00:00,1.2638099999999999,1.264145,1.26375,1.263755,1927.3199828490615
2024-02-21 23:15:00+00:00,1.26376,1.26391,1.26376,1.26384,1201.949986577034
2024-02-21 23:30:00+00:00,1.2638500000000001,1.263875,1.2635800000000001,1.2637,1413.9899853467941
2024-02-21 23:45:00+00:00,1.2637049999999999,1.2638500000000001,1.2635399999999999,1.263825,1915.829982161522
2024-02-22 00:00:00+00:00,1.2638449999999999,1.2641749999999998,1.263755,1.2641749999999998,602.0999906733632
2024-02-22 00:15:00+00:00,1.26418,1.2644199999999999,1.26402,1.264265,817.1699858158827
2024-02-22 00:30:00+00:00,1.26426,1.26452,1.264135,1.264465,851.3999854922295
2024-02-22 00:45:00+00:00,1.26447,1.264695,1.264305,1.26459,1651.749975681305
2024-02-22 01:00:00+00:00,1.2646,1.26464,1.2640449999999999,1.264215,1551.2899801284075
2024-02-22 01:15:00+00:00,1.26422,1.264415,1.263895,1.2640449999999999,1443.3899744078517
2024-02-22 01:30:00+00:00,1.2640500000000001,1.26436,1.263805,1.26395,1170.149977400899
2024-02-22 01:45:00+00:00,1.2639550000000002,1.2642000000000002,1.26394,1.263985,1127.0999792218208
2024-02-22 02:00:00+00:00,1.26398,1.26399,1.263245,1.263255,1914.1199768260121
2024-02-22 02:15:00+00:00,1.263265,1.2635800000000001,1.26314,1.263465,1542.5499758422375
2024-02-22 02:30:00+00:00,1.2634500000000002,1.263645,1.26332,1.26364,776.159984819591
2024-02-22 02:45:00+00:00,1.263595,1.264055,1.263575,1.26395,1011.599982842803
2024-02-22 03:00:00+00:00,1.2639399999999998,1.26406,1.26384,1.263975,1056.9899853393435
2024-02-22 03:15:00+00:00,1.263995,1.263995,1.26366,1.263785,836.6699855625629
2024-02-22 03:30:00+00:00,1.2637999999999998,1.2638,1.26357,1.263645,953.4899848029017
2024-02-22 03:45:00+00:00,1.263655,1.263855,1.263525,1.26372,1537.349977850914
2024-02-22 04:00:00+00:00,1.263725,1.2638150000000001,1.2634400000000001,1.2636850000000002,894.7199869528413
2024-02-22 04:15:00+00:00,1.26371,1.2638500000000001,1.263655,1.2638449999999999,1712.4899844378233
2024-02-22 04:30:00+00:00,1.26384,1.264005,1.26376,1.26398,1207.6199866980314
2024-02-22 04:45:00+00:00,1.2639749999999998,1.264185,1.263865,1.26403,1380.8399846479297
2024-02-22 05:00:00+00:00,1.264035,1.264285,1.2639749999999998,1.264285,830.6099854037166
2024-02-22 05:15:00+00:00,1.26429,1.2643900000000001,1.2642,1.264285,1092.6899809837341
2024-02-22 05:30:00+00:00,1.2642799999999998,1.26457,1.26414,1.2645650000000002,1010.729984395206
2024-02-22 05:45:00+00:00,1.26457,1.264865,1.2643849999999999,1.26451,1317.4799768701196
2024-02-22 06:00:00+00:00,1.264505,1.264845,1.26448,1.26477,1512.2099765017629
2024-02-22 06:15:00+00:00,1.2647599999999999,1.264875,1.264555,1.264645,1483.1699837818742
2024-02-22 06:30:00+00:00,1.2646549999999999,1.26497,1.264635,1.26485,822.3599871322513
2024-02-22 06:45:00+00:00,1.2648350000000002,1.26513,1.264775,1.26486,1218.1799778714776
2024-02-22 10:00:00+00:00,1.26756,1.2677100000000001,1.267165,1.2676850000000002,1988.1399716809392
2024-02-22 10:15:00+00:00,1.26769,1.2680250000000002,1.267265,1.26802,1323.3599784895778
2024-02-22 10:30:00+00:00,1.2680150000000001,1.26899,1.267955,1.26859,1468.499981470406
2024-02-22 10:45:00+00:00,1.268595,1.268595,1.267655,1.2679550000000002,1685.4899766892195
2024-02-22 11:00:00+00:00,1.26796,1.26797,1.266745,1.26698,1560.9599738791585
2024-02-22 11:15:00+00:00,1.266975,1.267475,1.26696,1.267165,1039.8299787044525
2024-02-22 11:30:00+00:00,1.267125,1.267525,1.26672,1.26699,1294.2599811181426
2024-02-22 11:45:00+00:00,1.2670050000000002,1.268045,1.266975,1.2680250000000002,1048.7399815544486
2024-02-22 12:00:00+00:00,1.268055,1.26829,1.26738,1.267665,1700.3099731951952
2024-02-22 12:15:00+00:00,1.26765,1.2677800000000001,1.26698,1.267325,1309.7699821144342
2024-02-22 12:30:00+00:00,1.26732,1.267705,1.267075,1.2671800000000002,2307.7899662554264
2024-02-22 12:45:00+00:00,1.267175,1.267265,1.2666,1.266905,1617.069975629449
2024-03-04 09:00:00+00:00,1.266985,1.26716,1.266635,1.26705,1711.4399648085237
2024-03-04 09:15:00+00:00,1.2670949999999999,1.267245,1.2666300000000001,1.2672050000000001,1603.8599668294191
2024-03-04 09:30:00+00:00,1.267195,1.2676599999999998,1.2671299999999999,1.267655,1067.039977967739
2024-03-04 09:45:00+00:00,1.26764,1.267975,1.26754,1.2677749999999999,1247.5499798879027
2024-03-04 10:00:00+00:00,1.26777,1.267965,1.2673,1.267375,982.6499833762646
2024-03-04 10:15:00+00:00,1.26737,1.267775,1.26736,1.267545,1245.0399843677878
2024-03-04 10:30:00+00:00,1.26754,1.26783,1.26742,1.267715,1353.4599762186408
2024-03-04 10:45:00+00:00,1.26773,1.2678150000000001,1.2674050000000001,1.26752,1371.02997392416
2024-03-04 11:00:00+00:00,1.267525,1.26776,1.267395,1.267725,1094.4999799281359
2024-03-04 11:15:00+00:00,1.267745,1.267745,1.2671350000000001,1.26727,890.0999838784337
2024-03-04 11:30:00+00:00,1.267265,1.26791,1.267265,1.2679049999999998,815.7799831405282
2024-03-04 11:45:00+00:00,1.267895,1.267915,1.267725,1.26775,670.2299884334207
2024-03-04 12:00:00+00:00,1.2677450000000001,1.26836,1.2677450000000001,1.267825,1065.0599820390344
2024-03-04 12:15:00+00:00,1.26782,1.26809,1.267625,1.267905,1022.6999819651246
2024-03-04 12:30:00+00:00,1.26792,1.26827,1.26766,1.26803,1345.4999760687351
2024-03-04 12:45:00+00:00,1.26802,1.2680799999999999,1.26722,1.2674750000000001,1777.16996845603
2024-03-04 13:00:00+00:00,1.26748,1.26775,1.26724,1.26754,1819.8299704119563
2024-03-04 13:15:00+00:00,1.2675100000000001,1.26756,1.266605,1.26685,2550.7199720293283
2024-03-04 13:30:00+00:00,1.266865,1.26735,1.266695,1.26727,2930.4699640348554
2024-03-04 13:45:00+00:00,1.267265,1.267835,1.26707,1.26776,2428.1799713149667
2024-03-04 14:00:00+00:00,1.267765,1.26789,1.26728,1.267575,1996.4999634325504
2024-03-04 14:15:00+00:00,1.2675800000000002,1.268285,1.2675800000000002,1.267925,1905.1199660897255
2024-03-04 14:30:00+00:00,1.26793,1.26865,1.26783,1.26851,3126.5699472799897
2024-03-04 14:45:00+00:00,1.26852,1.26931,1.26831,1.26924,3128.9799577072263
2024-03-04 15:00:00+00:00,1.2692350000000001,1.269305,1.26868,1.26899,3215.619963131845
2024-03-04 15:15:00+00:00,1.26897,1.2696800000000001,1.268825,1.26958,2837.28997143358
2024-03-04 15:30:00+00:00,1.26959,1.269975,1.269305,1.269975,2115.8999821543694
2024-03-04 15:45:00+00:00,1.2699699999999998,1.2700200000000001,1.269335,1.269795,2442.0399634093046
2024-03-04 16:00:00+00:00,1.2697850000000002,1.270585,1.2697,1.270565,2287.3099718540907
2024-03-04 16:15:00+00:00,1.27062,1.27066,1.26949,1.269685,2417.6499574929476
2024-03-04 16:30:00+00:00,1.2696749999999999,1.26978,1.26922,1.269645,2342.4999653697014
2024-03-04 16:45:00+00:00,1.2696399999999999,1.2699699999999998,1.2695400000000001,1.26984,994.3799782395363
2024-03-04 17:00:00+00:00,1.26985,1.26989,1.269115,1.269265,1671.2699659839272
2024-03-04 17:15:00+00:00,1.26925,1.2701600000000002,1.2692,1.26996,1462.989972062409
2024-03-04 17:30:00+00:00,1.2699850000000001,1.270065,1.2696749999999999,1.269865,637.9799872711301
2024-03-04 17:45:00+00:00,1.269855,1.269945,1.2693400000000001,1.269635,781.1799866706133
2024-03-04 18:00:00+00:00,1.26963,1.269775,1.2693349999999999,1.2695400000000001,775.4399828091264
2024-03-04 18:15:00+00:00,1.269545,1.26968,1.26935,1.269355,453.26999121904373
2024-03-04 18:30:00+00:00,1.26935,1.269485,1.269145,1.26946,483.2699898406863
2024-03-04 18:45:00+00:00,1.26945,1.26947,1.269145,1.26915,487.7999897003174
2024-03-04 19:00:00+00:00,1.269145,1.269355,1.268985,1.269145,865.1099835857749
2024-03-04 19:15:00+00:00,1.26914,1.269155,1.2690299999999999,1.2690700000000001,533.6399875059724
2024-03-04 19:30:00+00:00,1.2690649999999999,1.269345,1.269015,1.2692700000000001,1246.7999804392457
2024-03-04 19:45:00+00:00,1.2692649999999999,1.2694299999999998,1.269005,1.2690649999999999,597.4199907705188
2024-03-04 20:00:00+00:00,1.269055,1.26929,1.269055,1.2692350000000001,887.4899880960584
2024-03-04 20:15:00+00:00,1.269225,1.269255,1.2690649999999999,1.269165,423.8399922847748
2024-03-04 20:30:00+00:00,1.269165,1.2693699999999999,1.26889,1.269245,1224.389977030456
2024-03-04 20:45:00+00:00,1.2692350000000001,1.26925,1.2689050000000002,1.2689599999999999,2005.1399711668491
2024-03-04 21:00:00+00:00,1.26897,1.26904,1.268635,1.268635,580.1699913069606
2024-03-04 21:15:00+00:00,1.26863,1.26878,1.2685849999999999,1.26878,184.5899956524372
2024-03-04 21:30:00+00:00,1.26877,1.2690649999999999,1.26877,1.26906,230.649996496737
2024-03-04 21:45:00+00:00,1.2690700000000001,1.269225,1.2690549999999998,1.26921,198.9299968034029
2024-03-04 22:00:00+00:00,1.26918,1.2692549999999998,1.26891,1.269135,257.3499945998192
2024-03-04 22:15:00+00:00,1.269155,1.269155,1.2689300000000001,1.2690700000000001,368.34999442100525
2024-03-04 22:30:00+00:00,1.269055,1.269335,1.269015,1.269245,882.829991042614
2024-03-04 22:45:00+00:00,1.26926,1.26934,1.26912,1.26918,1170.7899788469076
2024-03-04 23:00:00+00:00,1.26911,1.2693699999999999,1.2690649999999999,1.2691750000000002,1146.6999946907163
2024-03-04 23:15:00+00:00,1.26917,1.269335,1.269045,1.26916,242.99999523162842
2024-03-04 23:30:00+00:00,1.269155,1.2692350000000001,1.269115,1.2691599999999998,242.12999522686005
2024-03-04 23:45:00+00:00,1.269155,1.26926,1.268935,1.26894,296.1299947947264
2024-03-05 00:00:00+00:00,1.26898,1.269375,1.2688700000000002,1.26935,863.6099905073643
2024-03-05 00:15:00+00:00,1.2693599999999998,1.269495,1.26919,1.26919,946.2899895310402
2024-03-05 00:30:00+00:00,1.2692299999999999,1.26932,1.26918,1.26929,291.32999312877655
2024-03-05 00:45:00+00:00,1.269285,1.26947,1.26917,1.26929,552.1499854922295
2024-03-05 01:00:00+00:00,1.269295,1.26933,1.269045,1.269045,591.7799855396152
2024-03-05 01:15:00+00:00,1.26906,1.26926,1.26878,1.26901,782.7299825772643
2024-03-05 01:30:00+00:00,1.2690000000000001,1.269225,1.2687849999999998,1.2690899999999998,1467.449975669384
2024-03-05 01:45:00+00:00,1.269085,1.269085,1.268745,1.269025,1207.5899794697762
2024-03-05 02:00:00+00:00,1.2690299999999999,1.26909,1.268775,1.26895,654.1799887642264
2024-03-05 02:15:00+00:00,1.268935,1.269045,1.268575,1.26872,513.5999882146716
2024-03-05 02:30:00+00:00,1.2687300000000001,1.2687650000000001,1.26844,1.26861,610.7699872031808
2024-03-05 02:45:00+00:00,1.2686,1.2686,1.268255,1.26854,917.0099860429764
2024-03-05 03:00:00+00:00,1.268545,1.2686950000000001,1.2684549999999999,1.2686899999999999,496.79999017715454
2024-03-05 03:15:00+00:00,1.26868,1.268985,1.2686799999999998,1.2688000000000001,1796.9999746605754
2024-03-05 03:30:00+00:00,1.268805,1.26908,1.26877,1.268975,888.7499856948853
2024-03-05 03:45:00+00:00,1.268985,1.2690800000000002,1.268815,1.2689949999999999,500.69998932629824
2024-03-05 04:00:00+00:00,1.26899,1.26907,1.268775,1.2687849999999998,935.63998349756
2024-03-05 04:15:00+00:00,1.268775,1.268945,1.268755,1.2688899999999999,1486.379977017641
2024-03-05 04:30:00+00:00,1.268895,1.26891,1.26848,1.268505,549.7499886900187
2024-03-05 04:45:00+00:00,1.26849,1.26856,1.268415,1.26843,397.3799912929535
2024-03-05 05:00:00+00:00,1.2684250000000001,1.26859,1.268335,1.26858,1368.4799766466022
2024-03-05 05:15:00+00:00,1.268585,1.2687400000000002,1.26849,1.268525,700.1999912261963
2024-03-05 05:30:00+00:00,1.268535,1.2686350000000002,1.268335,1.268345,858.8699815124273
2024-03-05 05:45:00+00:00,1.26834,1.2684549999999999,1.268135,1.268335,642.2999845668674
2024-03-05 06:00:00+00:00,1.26833,1.26855,1.268185,1.2683499999999999,395.63999032229185
2024-03-05 06:15:00+00:00,1.26837,1.26844,1.2676699999999999,1.2678850000000002,904.1399828419089
2024-03-05 06:30:00+00:00,1.2679,1.26797,1.267635,1.267765,1100.349976144731
2024-03-05 06:45:00+00:00,1.267755,1.26794,1.2675049999999999,1.267715,1058.759975001216
2024-03-05 07:00:00+00:00,1.267715,1.2680799999999999,1.267715,1.267725,1511.369969688356
2024-03-05 07:15:00+00:00,1.26772,1.26794,1.2674699999999999,1.26764,1374.3899713605642
2024-03-05 07:30:00+00:00,1.267645,1.2676699999999999,1.26716,1.26745,1251.9599727541208
2024-03-05 07:45:00+00:00,1.2674400000000001,1.267695,1.26723,1.26766,1186.3499749228358
2024-03-05 08:00:00+00:00,1.267695,1.268195,1.26745,1.267775,2198.619957432151
2024-03-05 08:15:00+00:00,1.267785,1.26797,1.267255,1.26726,1869.869962401688
2024-03-05 08:30:00+00:00,1.267255,1.26776,1.267155,1.2675649999999998,1612.4099687859416
2024-03-05 08:45:00+00:00,1.26756,1.2676349999999998,1.267145,1.2674699999999999,1564.6799707338214
2024-03-05 09:00:00+00:00,1.267475,1.268285,1.267305,1.268275,1412.0099835395813
2024-03-05 09:15:00+00:00,1.26831,1.2688549999999998,1.26831,1.268735,934.599984742701
2024-03-05 09:30:00+00:00,1.2687149999999998,1.268805,1.26817,1.268675,1521.8699714839458
2024-03-05 09:45:00+00:00,1.2686600000000001,1.2686600000000001,1.26807,1.268555,1340.8399813100696
2024-03-05 10:00:00+00:00,1.268545,1.268675,1.268085,1.268445,1150.0199764743447
2024-03-05 10:15:00+00:00,1.26845,1.268775,1.268335,1.2684549999999999,1091.939981147647
2024-03-05 10:30:00+00:00,1.26846,1.2689650000000001,1.268255,1.2687249999999999,1151.1899813711643
2024-03-05 10:45:00+00:00,1.2687300000000001,1.268885,1.2685,1.268545,890.1599839776754
2024-03-05 11:00:00+00:00,1.268535,1.268545,1.268065,1.268095,1063.9499750882387
2024-03-05 11:15:00+00:00,1.2681,1.2683499999999999,1.26783,1.268325,996.1799860298634
2024-03-05 11:30:00+00:00,1.268335,1.268665,1.2678699999999998,1.26864,1139.8199818953872
2024-03-05 11:45:00+00:00,1.26865,1.26867,1.2677399999999999,1.2677999999999998,1067.79998087883
2024-03-05 12:00:00+00:00,1.267805,1.26798,1.267575,1.267765,1115.0399817451835
2024-03-05 12:15:00+00:00,1.267745,1.2681900000000002,1.267745,1.267855,863.429989144206
2024-03-05 12:30:00+00:00,1.267865,1.267865,1.267435,1.26782,1101.8399794697762
2024-03-05 12:45:00+00:00,1.2677999999999998,1.26827,1.2677999999999998,1.2680150000000001,967.9899800792336
2024-03-05 13:00:00+00:00,1.26802,1.2686600000000001,1.267925,1.268575,1133.1299753785133
2024-03-05 13:15:00+00:00,1.268555,1.268685,1.268075,1.268165,1219.199980609119
2024-03-05 13:30:00+00:00,1.268175,1.269285,1.268175,1.26857,3222.47995133698
2024-03-05 13:45:00+00:00,1.26858,1.26926,1.2684549999999999,1.26913,2906.7299582511187
2024-03-05 14:00:00+00:00,1.26914,1.2697850000000002,1.268675,1.26976,1888.559964492917
2024-03-05 14:15:00+00:00,1.269755,1.27045,1.26952,1.269795,2533.4399624690413
2024-03-05 14:30:00+00:00,1.26981,1.27012,1.2694450000000002,1.269865,2983.9899530410767
2024-03-05 14:45:00+00:00,1.26986,1.27,1.2691599999999998,1.2697150000000001,3512.879937656224
2024-03-05 15:00:00+00:00,1.26973,1.2735,1.26973,1.27247,8456.529879048467
2024-03-05 15:15:00+00:00,1.272485,1.27292,1.2720099999999999,1.2721,4567.869939900935
2024-03-05 15:30:00+00:00,1.272075,1.272785,1.27169,1.272745,2931.899945780635
2024-03-05 15:45:00+00:00,1.27275,1.27345,1.27255,1.27324,3605.309937648475
2024-03-05 16:00:00+00:00,1.2732299999999999,1.273315,1.271705,1.2719999999999998,3205.839953929186
2024-03-05 16:15:00+00:00,1.2720150000000001,1.272415,1.27172,1.2721399999999998,2299.3799531534314
2024-03-05 16:30:00+00:00,1.27213,1.27238,1.27082,1.27104,2124.419957123697
2024-03-05 16:45:00+00:00,1.271045,1.27116,1.27065,1.27097,2180.0799570307136
2024-03-05 17:00:00+00:00,1.270965,1.27121,1.27082,1.27115,1375.8899699151516
2024-03-05 17:15:00+00:00,1.271145,1.2719550000000002,1.27112,1.271865,1322.4899767488241
2024-03-05 17:30:00+00:00,1.271875,1.27196,1.27104,1.271145,1077.569977350533
2024-03-05 17:45:00+00:00,1.271135,1.27135,1.27101,1.271125,804.7199868187308
2024-03-05 18:00:00+00:00,1.271115,1.27114,1.27066,1.27093,1621.5299693122506
2024-03-05 18:15:00+00:00,1.2709350000000001,1.271025,1.27046,1.270565,1082.9699805825949
2024-03-05 18:30:00+00:00,1.270535,1.270975,1.27031,1.27055,1946.9099686965346
2024-03-05 18:45:00+00:00,1.270545,1.2707899999999999,1.27044,1.270505,918.2099813744426
2024-03-05 19:00:00+00:00,1.2705099999999998,1.27054,1.269975,1.270395,1811.0399685651064
2024-03-05 19:15:00+00:00,1.27041,1.2708849999999998,1.270405,1.270735,2202.7499628961086
2024-03-05 19:30:00+00:00,1.2707099999999998,1.2707099999999998,1.2702399999999998,1.2703600000000002,1205.279978968203
2024-03-05 19:45:00+00:00,1.270355,1.270375,1.27006,1.2702200000000001,1002.2399792596698
2024-03-05 20:00:00+00:00,1.27021,1.270245,1.2696049999999999,1.269695,806.42998418957
2024-03-05 20:15:00+00:00,1.2697,1.270115,1.269655,1.270045,1688.759970292449
2024-03-05 20:30:00+00:00,1.27005,1.27046,1.269935,1.270355,1912.6499694287777
2024-03-05 20:45:00+00:00,1.27036,1.27068,1.2702550000000001,1.270515,2599.739953890443
2024-03-05 21:00:00+00:00,1.270535,1.2707899999999999,1.270505,1.270645,847.2299847453833
2024-03-05 21:15:00+00:00,1.27064,1.2706849999999998,1.27042,1.2705700000000002,365.15999260544777
2024-03-05 21:30:00+00:00,1.27058,1.27058,1.270325,1.2703250000000001,541.4399894475937
2024-03-05 21:45:00+00:00,1.27033,1.270585,1.270325,1.270575,1064.9699788093567
2024-03-05 22:00:00+00:00,1.270595,1.2706650000000002,1.270375,1.2705549999999999,237.93999844044447
2024-03-05 22:15:00+00:00,1.2705549999999999,1.27073,1.270435,1.27047,696.2199940159917
2024-03-05 22:30:00+00:00,1.270505,1.2706849999999998,1.270355,1.27052,4020.629940032959
2024-03-05 22:45:00+00:00,1.270545,1.270725,1.27037,1.2705950000000001,5051.009941548109
2024-03-05 23:00:00+00:00,1.27062,1.2708249999999999,1.2704499999999999,1.27075,2195.909990221262
2024-03-05 23:15:00+00:00,1.270745,1.270765,1.270655,1.270665,125.09999704360962
2024-03-05 23:30:00+00:00,1.2706650000000002,1.2706650000000002,1.270535,1.27055,85.94999778270721
2024-03-05 23:45:00+00:00,1.27054,1.270695,1.27035,1.27042,557.4899891093373
2024-03-06 00:00:00+00:00,1.27044,1.2704550000000001,1.269865,1.269865,415.94998985528946
2024-03-06 00:15:00+00:00,1.269855,1.269935,1.26951,1.2696450000000001,386.5599918961525
2024-03-06 00:30:00+00:00,1.269635,1.269745,1.26938,1.269565,1027.3199807405472
2024-03-06 00:45:00+00:00,1.2695750000000001,1.269785,1.26938,1.26971,1080.0899808481336
2024-03-06 01:00:00+00:00,1.269695,1.269775,1.269395,1.2695400000000001,565.839986383915
2024-03-06 01:15:00+00:00,1.269525,1.269795,1.2693599999999998,1.269365,632.9399839639664
2024-03-06 01:30:00+00:00,1.269385,1.26944,1.2690299999999999,1.269255,738.9299831390381
2024-03-06 01:45:00+00:00,1.2692450000000002,1.269345,1.2690299999999999,1.269285,863.2799805253744
2024-03-06 02:00:00+00:00,1.2692899999999998,1.269585,1.26918,1.2694649999999998,1572.0599694252014
2024-03-06 02:15:00+00:00,1.26951,1.2696749999999999,1.26946,1.26947,1410.2999744415283
2024-03-06 02:30:00+00:00,1.26946,1.269875,1.269415,1.2698450000000001,1009.8899757862091
2024-03-06 02:45:00+00:00,1.26984,1.270115,1.269745,1.27003,825.239980570972
2024-03-06 03:00:00+00:00,1.270005,1.270075,1.26981,1.270025,271.3499929904938
2024-03-06 03:15:00+00:00,1.270035,1.270095,1.2698749999999999,1.270035,265.82999324053526
2024-03-06 03:30:00+00:00,1.27004,1.270075,1.2698450000000001,1.2698450000000001,354.68999230861664
2024-03-06 03:45:00+00:00,1.26986,1.2699799999999999,1.2698200000000002,1.26994,437.399990439415
2024-03-06 04:00:00+00:00,1.269935,1.270075,1.269785,1.26997,589.4699881225824
2024-03-06 04:15:00+00:00,1.269985,1.270085,1.269965,1.27001,381.9899915456772
2024-03-06 04:30:00+00:00,1.270015,1.270085,1.269965,1.27007,461.5499906986952
2024-03-06 04:45:00+00:00,1.270075,1.2702499999999999,1.270055,1.270195,449.4299926608801
2024-03-06 05:00:00+00:00,1.27021,1.270465,1.270175,1.270465,539.8499892875552
2024-03-06 05:15:00+00:00,1.2704550000000001,1.27048,1.27036,1.27044,395.36999224871397
2024-03-06 05:30:00+00:00,1.2704499999999999,1.27068,1.2703449999999998,1.27057,641.1599862575531
2024-03-06 05:45:00+00:00,1.270575,1.2706,1.270345,1.270365,373.6499928161502
2024-03-06 06:00:00+00:00,1.27038,1.27058,1.27028,1.2703950000000002,551.1599898561835
2024-03-06 06:15:00+00:00,1.27039,1.2707350000000002,1.270355,1.27047,1020.9899807497859
2024-03-06 06:30:00+00:00,1.270475,1.27066,1.27035,1.27054,601.7399864196777
2024-03-06 06:45:00+00:00,1.2705600000000001,1.2706300000000001,1.270355,1.270475,756.8099832907319
2024-03-06 07:00:00+00:00,1.2704849999999999,1.271185,1.270345,1.2710750000000002,1567.4699652418494
2024-03-06 07:15:00+00:00,1.27109,1.2711299999999999,1.27063,1.27091,1625.4599653407931
2024-03-06 07:30:00+00:00,1.270905,1.271305,1.2705899999999999,1.2713,1818.4799641817808
2024-03-06 07:45:00+00:00,1.27132,1.27156,1.2708249999999999,1.2710650000000001,1846.0199732258916
2024-03-06 08:00:00+00:00,1.2710249999999998,1.272215,1.2708949999999999,1.272165,1608.869965173304
2024-03-06 08:15:00+00:00,1.2721550000000001,1.2725,1.271415,1.271665,1344.8999709263444
2024-03-06 08:30:00+00:00,1.271675,1.27211,1.2715100000000001,1.2720600000000002,1164.1199732348323
2024-03-06 08:45:00+00:00,1.2720500000000001,1.272555,1.271825,1.272555,1323.2399691268802
2024-03-06 09:00:00+00:00,1.272545,1.273065,1.272245,1.2723849999999999,1235.709973603487
2024-03-06 09:15:00+00:00,1.27238,1.272775,1.2720449999999999,1.2722449999999998,1173.729972757399
2024-03-06 09:30:00+00:00,1.272255,1.27274,1.272255,1.2726250000000001,1340.5799756348133
2024-03-06 09:45:00+00:00,1.27261,1.27315,1.272465,1.273085,1573.7699768021703
2024-03-06 10:00:00+00:00,1.27307,1.273085,1.272305,1.27258,1512.849976092577
2024-03-06 10:15:00+00:00,1.27259,1.27276,1.27224,1.272415,1359.789979763329
2024-03-06 10:30:00+00:00,1.2724099999999998,1.272535,1.271615,1.271645,1585.5899768844247
2024-03-06 10:45:00+00:00,1.27165,1.27238,1.271615,1.272135,1235.6999788358808
2024-03-06 11:00:00+00:00,1.27213,1.2727249999999999,1.272065,1.27263,1007.3999773263931
2024-03-06 11:15:00+00:00,1.2726250000000001,1.272645,1.2721149999999999,1.27223,784.1699825301766
2024-03-06 11:30:00+00:00,1.272235,1.272465,1.272085,1.272375,787.8599836528301
2024-03-06 11:45:00+00:00,1.272365,1.27274,1.272145,1.2723149999999999,790.919983021915
2024-03-06 12:00:00+00:00,1.2723200000000001,1.27306,1.2723200000000001,1.27276,1101.2599762678146
2024-03-06 12:15:00+00:00,1.2727849999999998,1.2727849999999998,1.272125,1.27223,1184.6699763536453
2024-03-06 12:30:00+00:00,1.27225,1.27251,1.271865,1.271925,1822.979968547821
2024-03-06 12:45:00+00:00,1.27193,1.27203,1.2705449999999998,1.270725,2412.599954776466
2024-03-06 13:00:00+00:00,1.2707449999999998,1.27203,1.270675,1.27196,2319.7899606749415
2024-03-06 13:15:00+00:00,1.271965,1.2724600000000001,1.271645,1.272435,3494.42994415015
2024-03-06 13:30:00+00:00,1.2724250000000001,1.2727249999999999,1.271395,1.2724099999999998,6132.23988340795
2024-03-06 13:45:00+00:00,1.272415,1.27247,1.271795,1.2724199999999999,2374.1699507907033
2024-03-06 14:00:00+00:00,1.272395,1.27283,1.2717399999999999,1.271945,2567.729955151677
2024-03-06 14:15:00+00:00,1.27193,1.27278,1.27186,1.272435,2037.1499624922872
2024-03-06 14:30:00+00:00,1.27244,1.272605,1.272165,1.27241,2549.3399501889944
2024-03-06 14:45:00+00:00,1.272395,1.27277,1.272125,1.2723900000000001,3120.999940700829
2024-03-06 15:00:00+00:00,1.2721200000000001,1.272985,1.2716949999999998,1.272875,5306.619898118079
2024-03-06 15:15:00+00:00,1.2728700000000002,1.272975,1.2720150000000001,1.272435,2672.6399445310235
2024-03-06 15:30:00+00:00,1.2724199999999999,1.272875,1.27184,1.2727,4047.3599225729704
2024-03-06 15:45:00+00:00,1.2726899999999999,1.27478,1.27263,1.274255,3969.389942459762
2024-03-06 16:00:00+00:00,1.274245,1.27427,1.27386,1.273995,2428.919958524406
2024-03-06 16:15:00+00:00,1.27401,1.27475,1.273985,1.27475,1943.5399648621678
2024-03-06 16:30:00+00:00,1.2747600000000001,1.2754400000000001,1.2744,1.2754400000000001,2253.2999584302306
2024-03-06 16:45:00+00:00,1.275455,1.27615,1.27535,1.27561,2067.269964635372
2024-03-06 17:00:00+00:00,1.2755999999999998,1.2761049999999998,1.27511,1.275115,3434.2999455332756
2024-03-06 17:15:00+00:00,1.275125,1.2757399999999999,1.275005,1.275425,1247.5499716997147
2024-03-06 17:30:00+00:00,1.2754750000000001,1.275645,1.27471,1.2747199999999999,1476.1199650615454
2024-03-06 17:45:00+00:00,1.27473,1.2748300000000001,1.27389,1.274425,2121.3899654224515
2024-03-06 18:00:00+00:00,1.274435,1.27495,1.274435,1.27492,1014.2399770990014
2024-03-06 18:15:00+00:00,1.274925,1.275355,1.274925,1.2753299999999999,737.5199824497104
2024-03-06 18:30:00+00:00,1.27534,1.27534,1.2742499999999999,1.274945,2004.8499582335353
2024-03-06 18:45:00+00:00,1.2749350000000002,1.27496,1.27433,1.274745,1869.9599580913782
2024-03-06 19:00:00+00:00,1.27474,1.27474,1.2739500000000001,1.274045,2039.2799538299441
2024-03-06 19:15:00+00:00,1.274055,1.274405,1.273745,1.274315,2094.3599564135075
2024-03-06 19:30:00+00:00,1.27432,1.27434,1.273825,1.27403,2035.1399734988809
2024-03-06 19:45:00+00:00,1.2740200000000002,1.2741699999999998,1.27365,1.274125,1450.5299707651138
2024-03-06 20:00:00+00:00,1.274105,1.274115,1.27336,1.27342,1301.2799734547734
2024-03-06 20:15:00+00:00,1.273435,1.273745,1.2734299999999998,1.27373,825.0899798795581
2024-03-06 20:30:00+00:00,1.27373,1.27373,1.27333,1.273525,732.3899827599525
2024-03-06 20:45:00+00:00,1.27352,1.27397,1.273505,1.273855,1177.0499730110168
2024-03-06 21:00:00+00:00,1.27385,1.27403,1.273485,1.273525,602.6399889141321
2024-03-06 21:15:00+00:00,1.27347,1.27353,1.27322,1.273225,454.0199886932969
2024-03-06 21:30:00+00:00,1.27322,1.273275,1.27264,1.272645,1126.6499818488955
2024-03-06 21:45:00+00:00,1.27265,1.2732350000000001,1.2725650000000002,1.2731400000000002,1181.04998190701
2024-03-06 22:00:00+00:00,1.27313,1.27339,1.27313,1.273145,84.10999894142151
2024-03-06 22:15:00+00:00,1.273145,1.27342,1.2731,1.27329,467.5199995338917
2024-03-06 22:30:00+00:00,1.273275,1.2734,1.2730899999999998,1.27317,1312.0799860656261
2024-03-06 22:45:00+00:00,1.27319,1.27337,1.2729849999999998,1.27299,4716.059964731336
2024-03-06 23:00:00+00:00,1.273,1.27335,1.27284,1.27315,1011.9799949750304
2024-03-06 23:15:00+00:00,1.273155,1.273295,1.273115,1.2732649999999999,862.7299909442663
2024-03-06 23:30:00+00:00,1.273225,1.27346,1.273205,1.273385,447.3399930000305
2024-03-06 23:45:00+00:00,1.273395,1.2736,1.27322,1.273595,737.6399820446968
2024-03-07 00:00:00+00:00,1.27359,1.273975,1.2735349999999999,1.27382,1033.22997597605
2024-03-07 00:15:00+00:00,1.273825,1.273955,1.27334,1.27344,914.549982778728
2024-03-07 00:30:00+00:00,1.273425,1.273665,1.27334,1.2734649999999998,730.8899874538183
2024-03-07 00:45:00+00:00,1.27344,1.27386,1.273325,1.27383,877.7699794024229
2024-03-07 01:00:00+00:00,1.273825,1.2738800000000001,1.273265,1.27348,2010.359953738749
2024-03-07 01:15:00+00:00,1.273485,1.2738450000000001,1.2734,1.273645,2045.4099531173706
2024-03-07 01:30:00+00:00,1.273635,1.273825,1.2732350000000001,1.2734450000000002,1209.4199689626694
2024-03-07 01:45:00+00:00,1.27344,1.273455,1.272815,1.2730350000000001,1131.7799775525928
2024-03-07 02:00:00+00:00,1.273005,1.27317,1.272865,1.27305,889.6799804344773
2024-03-07 02:15:00+00:00,1.273045,1.273185,1.272315,1.2723550000000001,651.1199857369065
2024-03-07 02:30:00+00:00,1.272315,1.27288,1.272315,1.27281,840.0899797677994
2024-03-07 02:45:00+00:00,1.272805,1.27311,1.272785,1.273005,720.2999832034111
2024-03-07 03:00:00+00:00,1.2730000000000001,1.27326,1.272955,1.2730700000000001,447.7199889793992
2024-03-07 03:15:00+00:00,1.2730700000000001,1.2731750000000002,1.272775,1.273075,2392.889964386821
2024-03-07 03:30:00+00:00,1.27307,1.27318,1.272885,1.27316,642.0299850702286
2024-03-07 03:45:00+00:00,1.273165,1.273565,1.273085,1.2733750000000001,679.649986743927
2024-03-07 04:00:00+00:00,1.2733599999999998,1.27367,1.273355,1.273585,966.5099817290902
2024-03-07 04:15:00+00:00,1.27358,1.273875,1.27358,1.273875,1025.9699786528945
2024-03-07 04:30:00+00:00,1.2738900000000002,1.2739449999999999,1.27367,1.27378,487.16998875141144
2024-03-07 04:45:00+00:00,1.273765,1.2740399999999998,1.27369,1.27398,1624.8599749282002
2024-03-07 05:00:00+00:00,1.273975,1.27399,1.27379,1.273875,332.63999235630035
2024-03-07 05:15:00+00:00,1.27386,1.274055,1.27365,1.273675,457.37998855113983
2024-03-07 05:30:00+00:00,1.27368,1.27368,1.273325,1.273345,615.8999847099185
2024-03-07 05:45:00+00:00,1.2733349999999999,1.273485,1.273255,1.273365,736.2299816608429
2024-03-07 06:00:00+00:00,1.27335,1.27345,1.27318,1.273365,610.3199868947268
2024-03-07 06:15:00+00:00,1.2733599999999998,1.27382,1.27335,1.27378,1173.7499711960554
2024-03-07 06:30:00+00:00,1.273775,1.273905,1.2736049999999999,1.2737,1066.5899739265442
2024-03-07 06:45:00+00:00,1.27372,1.27407,1.27367,1.27401,1467.3599692508578
2024-03-07 07:00:00+00:00,1.274035,1.2744,1.273895,1.27398,2406.849947452545
2024-03-07 07:15:00+00:00,1.27397,1.27398,1.27334,1.273375,1499.1599668562412
2024-03-07 07:30:00+00:00,1.27337,1.27397,1.27328,1.273685,1885.679964646697
2024-03-07 07:45:00+00:00,1.273695,1.27381,1.27336,1.27358,1647.3299668952823
2024-03-07 08:00:00+00:00,1.2735699999999999,1.273895,1.273195,1.27366,2448.2399494051933
2024-03-07 08:15:00+00:00,1.273665,1.274125,1.27344,1.273965,2272.19995842129
2024-03-07 08:30:00+00:00,1.2739699999999998,1.2740900000000002,1.273595,1.27378,2015.099980339408
2024-03-07 08:45:00+00:00,1.273775,1.2740550000000002,1.2736,1.27371,1574.7999851480126
2024-03-07 09:00:00+00:00,1.273725,1.27377,1.27295,1.2729949999999999,2248.589989542961
2024-03-07 09:15:00+00:00,1.272985,1.274725,1.2729650000000001,1.274715,2317.2299845442176
2024-03-07 09:30:00+00:00,1.2747000000000002,1.27494,1.27446,1.274465,1815.8199793100357
2024-03-07 09:45:00+00:00,1.2744550000000001,1.2751350000000001,1.274365,1.275015,1452.2099851891398
2024-03-07 10:00:00+00:00,1.275,1.2752750000000002,1.27492,1.2751649999999999,1452.1099847629666
2024-03-07 10:15:00+00:00,1.27515,1.27515,1.27489,1.275015,1423.4399869441986
2024-03-07 10:30:00+00:00,1.2750249999999999,1.275055,1.2748400000000002,1.275005,1568.219992555678
2024-03-07 10:45:00+00:00,1.27501,1.275995,1.2749549999999998,1.2759800000000001,1654.589983575046
2024-03-07 11:00:00+00:00,1.2759900000000002,1.27627,1.27584,1.27609,1934.1699857339263
2024-03-07 11:15:00+00:00,1.2760850000000001,1.27609,1.27566,1.2759,1232.1099834144115
2024-03-07 11:30:00+00:00,1.2759,1.27614,1.275385,1.275385,1397.7199843972921
2024-03-07 11:45:00+00:00,1.2753899999999998,1.27566,1.274895,1.275485,2146.58997361362
2024-03-07 12:00:00+00:00,1.27548,1.275865,1.27514,1.27516,1461.2999835535884
2024-03-07 12:15:00+00:00,1.27515,1.27568,1.2751000000000001,1.275385,1021.2599868103862
2024-03-07 12:30:00+00:00,1.27542,1.275785,1.275185,1.275755,1227.299985319376
2024-03-07 12:45:00+00:00,1.27576,1.2757900000000002,1.274835,1.27508,1428.57997828722
2024-03-07 13:00:00+00:00,1.27509,1.275445,1.2748249999999999,1.275245,1927.1399792134762
2024-03-07 13:15:00+00:00,1.27525,1.2755450000000002,1.2744900000000001,1.2754050000000001,6041.2399175316095
2024-03-07 13:30:00+00:00,1.27543,1.2762099999999998,1.274745,1.27595,5406.849935054779
2024-03-07 13:45:00+00:00,1.275945,1.276075,1.2748300000000001,1.27521,5120.479958683252
2024-03-07 14:00:00+00:00,1.275215,1.27596,1.274905,1.275375,5605.379932463169
2024-03-07 14:15:00+00:00,1.27539,1.27606,1.27507,1.275975,4466.90996248275
2024-03-07 14:30:00+00:00,1.2759800000000001,1.27672,1.275135,1.275395,4277.26994022727
2024-03-07 14:45:00+00:00,1.27542,1.277285,1.275275,1.276825,3489.259956330061
2024-03-07 15:00:00+00:00,1.27683,1.2772700000000001,1.276335,1.2772700000000001,3025.269966237247
2024-03-07 15:15:00+00:00,1.2772800000000002,1.277425,1.276675,1.27701,3493.5999713242054
2024-03-07 15:30:00+00:00,1.2770000000000001,1.2785549999999999,1.276935,1.27855,3356.009971484542
2024-03-07 15:45:00+00:00,1.2785549999999999,1.27909,1.27835,1.2789199999999998,3603.7399661764503
2024-03-07 16:00:00+00:00,1.278925,1.278995,1.27841,1.2786300000000002,2746.5999640226364
2024-03-07 16:15:00+00:00,1.278635,1.279825,1.2784399999999998,1.279535,2312.669954098761
2024-03-07 16:30:00+00:00,1.279525,1.279625,1.278855,1.279345,2303.399948231876
2024-03-07 16:45:00+00:00,1.279335,1.279525,1.278915,1.27939,2335.829952031374
2024-03-07 17:00:00+00:00,1.27938,1.27942,1.2787199999999999,1.2790300000000001,1891.4399675279856
2024-03-07 17:15:00+00:00,1.27904,1.2794400000000001,1.278815,1.278905,1312.349977105856
2024-03-07 17:30:00+00:00,1.278915,1.279025,1.2785,1.27854,730.1999835893512
2024-03-07 17:45:00+00:00,1.278525,1.27923,1.278425,1.27922,915.0299823507667
2024-03-07 18:00:00+00:00,1.279215,1.27994,1.27918,1.27985,1265.1599714010954
2024-03-07 18:15:00+00:00,1.27984,1.2803499999999999,1.27984,1.28025,1028.4599772021174
2024-03-07 18:30:00+00:00,1.280265,1.28046,1.280035,1.28029,949.5599815323949
2024-03-07 18:45:00+00:00,1.280295,1.28086,1.280225,1.280475,900.0299800187349
2024-03-07 19:00:00+00:00,1.280455,1.28076,1.28025,1.280645,1078.2699772939086
2024-03-07 19:15:00+00:00,1.280635,1.280775,1.280375,1.280505,1147.1899719536304
2024-03-07 19:30:00+00:00,1.2805,1.28052,1.280025,1.280465,1067.4399791508913
2024-03-07 19:45:00+00:00,1.28044,1.2806600000000001,1.28031,1.28052,920.9099806919694
2024-03-07 20:00:00+00:00,1.280525,1.280525,1.28002,1.28043,925.2899788618088
2024-03-07 20:15:00+00:00,1.280435,1.280685,1.28042,1.2805149999999998,605.3099850788713
2024-03-07 20:30:00+00:00,1.28051,1.281105,1.28041,1.28103,1194.0699757784605
2024-03-07 20:45:00+00:00,1.281025,1.2810549999999998,1.2806899999999999,1.28087,1473.4299729466438
2024-03-07 21:00:00+00:00,1.28086,1.28107,1.2808350000000002,1.2809599999999999,684.9299923330545
2024-03-07 21:15:00+00:00,1.28095,1.280975,1.28049,1.280515,476.7299903854728
2024-03-07 21:30:00+00:00,1.28052,1.2809249999999999,1.28045,1.28083,444.83999025821686
2024-03-07 21:45:00+00:00,1.280835,1.280975,1.28078,1.28086,550.6199881434441
2024-03-07 22:00:00+00:00,1.280865,1.281095,1.2806199999999999,1.280675,204.89999663829803
2024-03-07 22:15:00+00:00,1.2806799999999998,1.28103,1.28064,1.2809,512.0399956405163
2024-03-07 22:30:00+00:00,1.28088,1.28103,1.28073,1.2809,3185.9399620220065
2024-03-07 22:45:00+00:00,1.2808899999999999,1.2809599999999999,1.280745,1.28091,1555.4099755734205
2024-03-07 23:00:00+00:00,1.2808700000000002,1.281085,1.2808700000000002,1.2810199999999998,523.5899929329753
2024-03-07 23:15:00+00:00,1.281005,1.2812000000000001,1.2809949999999999,1.281075,685.7999858856201
2024-03-07 23:30:00+00:00,1.281065,1.281275,1.281035,1.281255,435.2399915456772
2024-03-07 23:45:00+00:00,1.281235,1.281345,1.281235,1.281335,179.8199954032898
2024-03-08 00:00:00+00:00,1.2813400000000001,1.28194,1.281285,1.2818800000000001,873.1199853345752
2024-03-08 00:15:00+00:00,1.281895,1.2819099999999999,1.281625,1.2818100000000001,521.0999898314476
2024-03-08 00:30:00+00:00,1.281815,1.282,1.281755,1.2818,1173.6299759075046
2024-03-08 00:45:00+00:00,1.2818049999999999,1.281815,1.281385,1.281435,517.7999869957566
2024-03-08 01:00:00+00:00,1.281445,1.28163,1.281025,1.281135,666.0899855867028
2024-03-08 01:15:00+00:00,1.28113,1.2812199999999998,1.2806700000000002,1.280745,660.6399849057198
2024-03-08 01:30:00+00:00,1.28075,1.28095,1.280645,1.2807149999999998,973.8599761724472
2024-03-08 01:45:00+00:00,1.280675,1.281205,1.280675,1.280925,718.4399834573269
2024-03-08 02:00:00+00:00,1.28092,1.2811400000000002,1.28073,1.28106,892.7999804839492
2024-03-08 02:15:00+00:00,1.28105,1.281225,1.280935,1.281145,739.6199822202325
2024-03-08 02:30:00+00:00,1.281155,1.281175,1.280835,1.280835,498.86998722702265
2024-03-08 02:45:00+00:00,1.280775,1.2808,1.280565,1.280655,366.92999053001404
2024-03-08 03:00:00+00:00,1.280645,1.280655,1.2804250000000001,1.2805499999999999,673.3499903380871
2024-03-08 03:15:00+00:00,1.28054,1.280715,1.280435,1.280675,292.49999237060547
2024-03-08 03:30:00+00:00,1.2806899999999999,1.280855,1.280645,1.280665,343.79999125003815
2024-03-08 03:45:00+00:00,1.2807,1.280805,1.280625,1.2807650000000002,235.7999941110611
2024-03-08 04:00:00+00:00,1.2807650000000002,1.280955,1.28074,1.2809300000000001,441.4499889612198
2024-03-08 04:15:00+00:00,1.280935,1.281245,1.28076,1.280775,456.47999000549316
2024-03-08 04:30:00+00:00,1.28075,1.28085,1.28064,1.28074,326.33999240398407
2024-03-08 04:45:00+00:00,1.2807,1.2809300000000001,1.280635,1.280745,360.8699912875891
2024-03-08 05:00:00+00:00,1.2807499999999998,1.280935,1.280745,1.28086,675.0599866062403
2024-03-08 05:15:00+00:00,1.280865,1.28095,1.28074,1.280945,789.4499865695834
2024-03-08 05:30:00+00:00,1.2809499999999998,1.281045,1.2808350000000002,1.280945,583.079987488687
2024-03-08 05:45:00+00:00,1.280955,1.280985,1.280665,1.28098,601.199985742569
2024-03-08 06:00:00+00:00,1.280975,1.28113,1.280715,1.280755,482.4599893465638
2024-03-08 06:15:00+00:00,1.2807650000000002,1.28078,1.280435,1.28075,536.0999891608953
2024-03-08 06:30:00+00:00,1.280755,1.281095,1.28075,1.280775,769.6199819371104
2024-03-08 06:45:00+00:00,1.280825,1.2809949999999999,1.280775,1.28094,505.8299895450473
2024-03-08 07:00:00+00:00,1.280955,1.281355,1.2807849999999998,1.280925,1985.0399593636394
2024-03-08 07:15:00+00:00,1.28091,1.280955,1.280125,1.28044,2389.8799844533205
2024-03-08 07:30:00+00:00,1.280435,1.28065,1.28012,1.28046,2536.839980468154
2024-03-08 07:45:00+00:00,1.280455,1.2808,1.280295,1.28036,1875.9399819001555
2024-03-08 08:00:00+00:00,1.280365,1.28103,1.280135,1.28083,2072.6599782407284
2024-03-08 08:15:00+00:00,1.280815,1.281525,1.280535,1.281425,1821.599975667894
2024-03-08 08:30:00+00:00,1.2814299999999998,1.28172,1.2812199999999998,1.281625,1312.6199813112617
2024-03-08 08:45:00+00:00,1.2816299999999998,1.282045,1.2815699999999999,1.2820200000000002,1259.0499864667654
2024-03-08 09:00:00+00:00,1.282025,1.2824499999999999,1.2818900000000002,1.281955,1631.8599831908941
2024-03-08 09:15:00+00:00,1.281945,1.28236,1.281275,1.28236,1596.5199743136764
2024-03-08 09:30:00+00:00,1.282365,1.28246,1.281975,1.2822749999999998,2168.29997318238
2024-03-08 09:45:00+00:00,1.2822900000000002,1.282945,1.282265,1.282755,1938.6799755692482
2024-03-08 10:00:00+00:00,1.2827600000000001,1.28369,1.282565,1.283205,2077.4399809017777
2024-03-08 10:15:00+00:00,1.283215,1.283225,1.282545,1.28266,1793.4399880766869
2024-03-08 10:30:00+00:00,1.2826650000000002,1.2828650000000001,1.28232,1.28277,1763.7699832469225
2024-03-08 10:45:00+00:00,1.282785,1.284035,1.282775,1.2837,2143.1099842637777
2024-03-08 11:00:00+00:00,1.2837200000000002,1.283725,1.2827950000000001,1.282865,1612.289986498654
2024-03-08 11:15:00+00:00,1.28286,1.28323,1.2827199999999999,1.28323,913.8999869152904
2024-03-08 11:30:00+00:00,1.28321,1.28322,1.2825,1.28259,1216.0199857875705
2024-03-08 11:45:00+00:00,1.282585,1.28298,1.2825000000000002,1.28298,1308.2699846625328
2024-03-08 12:00:00+00:00,1.282985,1.283015,1.282575,1.282815,1477.4099925085902
2024-03-08 12:15:00+00:00,1.28281,1.283375,1.2827600000000001,1.28336,1563.689987719059
2024-03-08 12:30:00+00:00,1.283365,1.283955,1.28315,1.28327,1396.70998326689
2024-03-08 12:45:00+00:00,1.2832750000000002,1.28396,1.283245,1.283885,1420.639981009066
2024-03-08 13:00:00+00:00,1.28389,1.28415,1.2835649999999998,1.283995,1555.289978325367
2024-03-08 13:15:00+00:00,1.2840150000000001,1.2854800000000002,1.2840150000000001,1.28517,2862.0599692985415
2024-03-08 13:30:00+00:00,1.285245,1.28937,1.28261,1.2882500000000001,16327.33978152275
2024-03-08 13:45:00+00:00,1.2882449999999999,1.288645,1.286125,1.2863850000000001,7312.449918009341
2024-03-08 14:00:00+00:00,1.286395,1.28782,1.28625,1.287165,6389.109930589795
2024-03-08 14:15:00+00:00,1.2871299999999999,1.287545,1.2863099999999998,1.28723,5242.449934326112
2024-03-08 14:30:00+00:00,1.2872050000000002,1.2882500000000001,1.28684,1.287735,6619.679940573871
2024-03-08 14:45:00+00:00,1.28776,1.28856,1.28743,1.28786,5113.079956844449
2024-03-08 15:00:00+00:00,1.2878850000000002,1.28864,1.287475,1.287485,3408.9099508821964
2024-03-08 15:15:00+00:00,1.28747,1.2876699999999999,1.28659,1.287615,3180.62995955348
2024-03-08 15:30:00+00:00,1.287625,1.2879800000000001,1.287245,1.28783,3496.4699705913663
2024-03-08 15:45:00+00:00,1.28782,1.28838,1.287395,1.28806,3050.7399746477604
2024-03-08 16:00:00+00:00,1.28807,1.288145,1.28599,1.28624,3420.1799693331122
2024-03-08 16:15:00+00:00,1.28623,1.2864200000000001,1.2854700000000001,1.285555,3145.8299358412623
2024-03-08 16:30:00+00:00,1.285545,1.28583,1.284805,1.284835,3164.119939222932
2024-03-08 16:45:00+00:00,1.284845,1.2852999999999999,1.284345,1.284975,3194.61992880702
2024-03-08 17:00:00+00:00,1.284975,1.28571,1.28479,1.28518,2932.8299327343702
2024-03-08 17:15:00+00:00,1.285185,1.28541,1.2845550000000001,1.28534,2137.689947247505
2024-03-08 17:30:00+00:00,1.28538,1.285515,1.284705,1.28483,3028.739935711026
2024-03-08 17:45:00+00:00,1.284775,1.284955,1.284565,1.28492,2172.2099492400885
2024-03-08 18:00:00+00:00,1.284905,1.284915,1.28427,1.284345,1558.979962259531
2024-03-08 18:15:00+00:00,1.2843499999999999,1.284685,1.284335,1.284435,1749.5099629089236
2024-03-08 18:30:00+00:00,1.28444,1.284615,1.28413,1.2844,1282.5899716466665
2024-03-08 18:45:00+00:00,1.284415,1.2845,1.28424,1.2842799999999999,1282.469973616302
2024-03-08 19:00:00+00:00,1.284275,1.28454,1.284005,1.28437,1802.639960438013
2024-03-08 19:15:00+00:00,1.2843849999999999,1.285335,1.284335,1.2852700000000001,1474.4699708595872
2024-03-08 19:30:00+00:00,1.28531,1.28575,1.28525,1.28544,1679.6999697312713
2024-03-08 19:45:00+00:00,1.285435,1.285705,1.285285,1.2856649999999998,1327.8299771994352
2024-03-08 20:00:00+00:00,1.28567,1.285865,1.28499,1.2851050000000002,1617.4799666255713
2024-03-08 20:15:00+00:00,1.2851,1.28539,1.284875,1.2849,1463.7599692195654
2024-03-08 20:30:00+00:00,1.284885,1.28515,1.28488,1.28498,941.9399789869785
2024-03-08 20:45:00+00:00,1.28499,1.285375,1.28495,1.28505,1364.5799726322293
2024-03-08 21:00:00+00:00,1.285055,1.285425,1.285055,1.28536,2706.989984303713
2024-03-08 21:15:00+00:00,1.285355,1.285585,1.285195,1.285415,755.7299897521734
2024-03-08 21:30:00+00:00,1.2854299999999999,1.285475,1.285275,1.2853949999999998,420.1199921295047
2024-03-08 21:45:00+00:00,1.2854,1.286015,1.285385,1.28585,2438.9699804112315
2024-03-11 00:00:00+00:00,1.285555,1.28558,1.285065,1.28525,1083.209976002574
2024-03-11 00:15:00+00:00,1.28526,1.285685,1.28526,1.2855949999999998,1100.1599756479263
2024-03-11 00:30:00+00:00,1.28559,1.285795,1.28551,1.2857,640.1699848100543
2024-03-11 00:45:00+00:00,1.285725,1.28607,1.28552,1.2856299999999998,852.3899803459644
2024-03-11 01:00:00+00:00,1.285625,1.2861850000000001,1.2856200000000002,1.28601,1481.1299648284912
2024-03-11 01:15:00+00:00,1.286015,1.2862149999999999,1.285615,1.2856999999999998,1140.299975514412
2024-03-11 01:30:00+00:00,1.2857,1.286095,1.285695,1.2858,1049.5199738293886
2024-03-11 01:45:00+00:00,1.285785,1.285865,1.28537,1.285535,1187.7899724394083
2024-03-11 02:00:00+00:00,1.2855400000000001,1.285565,1.2851949999999999,1.28539,1200.6899713277817
2024-03-11 02:15:00+00:00,1.2853949999999998,1.28546,1.285115,1.2851949999999999,659.3099847957492
2024-03-11 02:30:00+00:00,1.2852000000000001,1.2852000000000001,1.2848799999999998,1.2849050000000002,454.49998819828033
2024-03-11 02:45:00+00:00,1.2849400000000002,1.2850549999999998,1.28477,1.284845,557.5499856472015
2024-03-11 03:00:00+00:00,1.284865,1.2849650000000001,1.28457,1.28479,587.0099850818515
2024-03-11 03:15:00+00:00,1.2848,1.2853949999999998,1.28479,1.28534,397.5299898982048
2024-03-11 03:30:00+00:00,1.285345,1.285405,1.285125,1.28537,694.7999866008759
2024-03-11 03:45:00+00:00,1.285375,1.285395,1.28504,1.28506,664.9799862131476
2024-03-11 04:00:00+00:00,1.28505,1.2851,1.284905,1.285075,278.33999329060316
2024-03-11 04:15:00+00:00,1.28508,1.2852649999999999,1.285045,1.285065,159.2999962568283
2024-03-11 04:30:00+00:00,1.28507,1.28507,1.284865,1.28497,411.53999173641205
2024-03-11 04:45:00+00:00,1.284965,1.2851650000000001,1.28478,1.28513,436.049990773201
2024-03-11 05:00:00+00:00,1.285135,1.28536,1.285135,1.2852350000000001,947.72998046875
2024-03-11 05:15:00+00:00,1.285245,1.28529,1.28513,1.285185,362.6999908685684
2024-03-11 05:30:00+00:00,1.28519,1.28525,1.28501,1.285125,678.5999848842621
2024-03-11 05:45:00+00:00,1.28513,1.28516,1.284755,1.2849300000000001,609.2999845743179
2024-03-11 06:00:00+00:00,1.284935,1.28517,1.284855,1.284875,1179.0299715995789
2024-03-11 06:15:00+00:00,1.28487,1.28522,1.284775,1.28512,784.7999824285507
2024-03-11 06:30:00+00:00,1.2851249999999999,1.285265,1.284875,1.28522,507.59998691082
2024-03-11 06:45:00+00:00,1.285215,1.2855400000000001,1.2851650000000001,1.285435,667.4499882906675
2024-03-11 07:00:00+00:00,1.28544,1.285805,1.28482,1.2849650000000001,2073.08995115757
2024-03-11 07:15:00+00:00,1.284975,1.285345,1.28454,1.2852999999999999,2288.1299817562103
2024-03-11 07:30:00+00:00,1.2853050000000001,1.285335,1.28443,1.2846600000000001,1870.5299766361713
2024-03-11 07:45:00+00:00,1.2846549999999999,1.28503,1.284335,1.284545,2019.2699712738395
2024-03-11 08:00:00+00:00,1.284535,1.284945,1.283995,1.284335,3248.8299749344587
2024-03-11 08:15:00+00:00,1.284325,1.2845550000000001,1.28386,1.2840799999999999,2571.53997759521
2024-03-11 08:30:00+00:00,1.2840699999999998,1.284075,1.28354,1.2837399999999999,2592.2499793171883
2024-03-11 08:45:00+00:00,1.283735,1.2838,1.283175,1.283645,3058.1999794766307
2024-03-11 09:00:00+00:00,1.283665,1.284165,1.283255,1.284015,3101.5199726596475
2024-03-11 09:15:00+00:00,1.284005,1.284415,1.2837049999999999,1.284375,1908.6899811550975
2024-03-11 09:30:00+00:00,1.28437,1.28454,1.28416,1.28454,743.009988360107
2024-03-11 09:45:00+00:00,1.284565,1.284715,1.28415,1.28423,1179.85998660326
2024-03-11 10:00:00+00:00,1.284235,1.284375,1.28395,1.284225,1543.6499870344996
2024-03-11 10:15:00+00:00,1.28422,1.284295,1.283995,1.28424,1692.269987091422
2024-03-11 10:30:00+00:00,1.2842449999999999,1.284465,1.28417,1.284235,1138.8899888023734
2024-03-11 10:45:00+00:00,1.2842,1.28528,1.284145,1.2846899999999999,1600.1699861362576
2024-03-11 11:00:00+00:00,1.2846899999999999,1.28478,1.2842850000000001,1.2845650000000002,1294.7299877479672
2024-03-11 11:15:00+00:00,1.28458,1.2846549999999999,1.28422,1.284585,951.2199882864952
2024-03-11 11:30:00+00:00,1.28458,1.285385,1.28456,1.285285,1171.539991416037
2024-03-11 11:45:00+00:00,1.28528,1.285335,1.28485,1.285085,1199.0399941802025
2024-03-11 12:00:00+00:00,1.28508,1.28508,1.2845,1.2846,1637.4599910527468
2024-03-11 12:15:00+00:00,1.2845900000000001,1.284815,1.28409,1.28409,2067.1799882650375
2024-03-11 12:30:00+00:00,1.2840799999999999,1.28417,1.2836400000000001,1.28366,1871.2799869775772
2024-03-11 12:45:00+00:00,1.283665,1.2839,1.2824300000000002,1.2824300000000002,2619.249977119267
2024-03-11 13:00:00+00:00,1.2824200000000001,1.28301,1.28224,1.28244,1916.3899923190475
2024-03-11 13:15:00+00:00,1.28243,1.28261,1.28219,1.28248,1685.1999919116497
2024-03-11 13:30:00+00:00,1.2824849999999999,1.28298,1.282465,1.28274,2942.9099744707346
2024-03-11 13:45:00+00:00,1.28271,1.282805,1.282,1.282405,2340.469980880618
2024-03-11 14:00:00+00:00,1.28241,1.28259,1.281765,1.282095,2572.3199799880385
2024-03-11 14:15:00+00:00,1.2821,1.28261,1.28139,1.2816100000000001,2544.3899831175804
2024-03-11 14:30:00+00:00,1.28162,1.28182,1.280885,1.281175,2547.0099837705493
2024-03-11 14:45:00+00:00,1.28117,1.2818,1.28086,1.281585,2333.24998832494
2024-03-11 15:00:00+00:00,1.28159,1.28163,1.2810899999999998,1.281195,2871.1299801543355
2024-03-11 15:15:00+00:00,1.2812000000000001,1.281295,1.28068,1.2808350000000002,2584.729988448322
2024-03-11 15:30:00+00:00,1.280815,1.280815,1.2796349999999999,1.27965,2813.99998498708
2024-03-11 15:45:00+00:00,1.279655,1.2808950000000001,1.279525,1.28052,3184.3899804353714
2024-03-11 16:00:00+00:00,1.28053,1.28081,1.279865,1.28064,2805.9299870729446
2024-03-11 16:15:00+00:00,1.280645,1.28112,1.280645,1.281065,1569.5199712365866
2024-03-11 16:30:00+00:00,1.281075,1.28111,1.28072,1.2808700000000002,1628.4699752479792
2024-03-11 16:45:00+00:00,1.28088,1.28097,1.28057,1.2806950000000001,1466.889974720776
2024-03-11 17:00:00+00:00,1.280735,1.28119,1.280675,1.281115,3379.8799438774586
2024-03-11 17:15:00+00:00,1.28112,1.281335,1.2808950000000001,1.280905,2248.3499599695206
2024-03-11 17:30:00+00:00,1.2809,1.281185,1.280755,1.2808000000000002,2431.3199596628547
2024-03-11 17:45:00+00:00,1.280805,1.280925,1.2806199999999999,1.280875,2408.4699582010508
2024-03-11 18:00:00+00:00,1.2808700000000002,1.28088,1.2804950000000002,1.2805900000000001,1329.1999769806862
2024-03-11 18:15:00+00:00,1.2806000000000002,1.28063,1.2803749999999998,1.2803900000000001,1647.1499757021666
2024-03-11 18:30:00+00:00,1.2803849999999999,1.280415,1.2799800000000001,1.2803900000000001,1709.9699750095606
2024-03-11 18:45:00+00:00,1.28038,1.28084,1.2802850000000001,1.2807,1857.819970868528
2024-03-11 19:00:00+00:00,1.280695,1.280825,1.280475,1.28071,1568.0999734178185
2024-03-11 19:15:00+00:00,1.28072,1.281015,1.280685,1.2808950000000001,1136.6699819639325
2024-03-11 19:30:00+00:00,1.2808899999999999,1.28097,1.2806549999999999,1.28089,926.2799842506647
2024-03-11 19:45:00+00:00,1.28087,1.2809949999999999,1.280705,1.2809050000000002,1145.8199786171317
2024-03-11 20:00:00+00:00,1.28091,1.28111,1.28087,1.2811,1065.4499837458134
2024-03-11 20:15:00+00:00,1.2811050000000002,1.2812999999999999,1.28107,1.28121,447.8399922028184
2024-03-11 20:30:00+00:00,1.28122,1.2812299999999999,1.2811,1.2812100000000002,467.30999506264925
2024-03-11 20:45:00+00:00,1.281215,1.281405,1.28121,1.28138,1598.4999772459269
2024-03-11 21:00:00+00:00,1.2813599999999998,1.281455,1.28091,1.281185,671.7499872818589
2024-03-11 21:15:00+00:00,1.281175,1.28135,1.281175,1.28125,243.2899947836995
2024-03-11 21:30:00+00:00,1.2812350000000001,1.2812999999999999,1.2812100000000002,1.281285,484.259991325438
2024-03-11 21:45:00+00:00,1.281275,1.28137,1.28116,1.28129,1974.4199795275927
2024-03-11 22:00:00+00:00,1.281285,1.281325,1.28105,1.2812100000000002,643.679989784956
2024-03-11 22:15:00+00:00,1.281215,1.2812299999999999,1.281115,1.28122,256.0499949455261
2024-03-11 22:30:00+00:00,1.281215,1.281245,1.28105,1.28113,517.9199911206961
2024-03-11 22:45:00+00:00,1.281115,1.2812350000000001,1.2810549999999998,1.281185,779.5199873149395
2024-03-11 23:00:00+00:00,1.28119,1.28135,1.281145,1.281335,1080.9299920499325
2024-03-11 23:15:00+00:00,1.281335,1.2814649999999999,1.28124,1.281435,1393.1099805235863
2024-03-11 23:30:00+00:00,1.281465,1.281705,1.281465,1.281525,709.6799862980843
2024-03-11 23:45:00+00:00,1.28151,1.281945,1.28151,1.2818100000000001,590.8199910894036
2024-03-12 00:00:00+00:00,1.281815,1.2821250000000002,1.28172,1.2821,1340.8699762523174
2024-03-12 00:15:00+00:00,1.28208,1.2822,1.28197,1.28201,692.0399858504534
2024-03-12 00:30:00+00:00,1.2820200000000002,1.2820200000000002,1.2817,1.2818,1055.009981751442
2024-03-12 00:45:00+00:00,1.281795,1.2818049999999999,1.2816100000000001,1.28164,1203.9899762868881
2024-03-12 01:00:00+00:00,1.281645,1.28194,1.281515,1.281515,1387.349976927042
2024-03-12 01:15:00+00:00,1.2815050000000001,1.281785,1.281385,1.28172,1872.8699636235833
2024-03-12 01:30:00+00:00,1.281715,1.28194,1.2814899999999998,1.281915,2104.079971909523
2024-03-12 01:45:00+00:00,1.28192,1.282225,1.2819150000000001,1.282085,1979.3699613139033
2024-03-12 02:00:00+00:00,1.28208,1.2822149999999999,1.281825,1.281925,2118.0899616479874
2024-03-12 02:15:00+00:00,1.28192,1.282155,1.281655,1.282035,2114.0699540898204
2024-03-12 02:30:00+00:00,1.28203,1.2821449999999999,1.281835,1.28192,1842.7499613314867
2024-03-12 02:45:00+00:00,1.2819099999999999,1.28228,1.2818100000000001,1.2821850000000001,2170.529955327511
2024-03-12 03:00:00+00:00,1.282175,1.282245,1.281785,1.2818100000000001,676.9799857661128
2024-03-12 03:15:00+00:00,1.281815,1.2821099999999999,1.2818049999999999,1.28199,1158.05997890234
2024-03-12 03:30:00+00:00,1.282,1.282285,1.282,1.282135,851.8199812099338
2024-03-12 03:45:00+00:00,1.28213,1.282135,1.281865,1.281885,580.9199876263738
2024-03-12 04:00:00+00:00,1.2818800000000001,1.281945,1.28169,1.2818,906.3899853229523
2024-03-12 04:15:00+00:00,1.281805,1.282015,1.28179,1.28197,748.5899841785431
2024-03-12 04:30:00+00:00,1.28196,1.28197,1.2815699999999999,1.2816,842.5199862420559
2024-03-12 04:45:00+00:00,1.2816049999999999,1.28196,1.281475,1.281935,880.799984626472
2024-03-12 05:00:00+00:00,1.28194,1.28233,1.28194,1.282265,1415.8199760690331
2024-03-12 05:15:00+00:00,1.28226,1.2823600000000002,1.28205,1.28209,1258.2599784359336
2024-03-12 05:30:00+00:00,1.282095,1.2821850000000001,1.28178,1.281795,1673.639969110489
2024-03-12 05:45:00+00:00,1.2818,1.2821449999999999,1.28169,1.282085,1640.6999726295471
2024-03-12 06:00:00+00:00,1.28207,1.2821150000000001,1.281415,1.2816800000000002,2389.719969496131
2024-03-12 06:15:00+00:00,1.2816999999999998,1.281905,1.2814100000000002,1.2817599999999998,1010.6399811133742
2024-03-12 06:30:00+00:00,1.281775,1.28202,1.2815949999999998,1.2818,1170.4799779877067
2024-03-12 06:45:00+00:00,1.2818049999999999,1.281865,1.2816100000000001,1.2816999999999998,1718.4699720814824
2024-03-12 07:00:00+00:00,1.281715,1.281975,1.280115,1.280825,5155.429935537279
2024-03-12 07:15:00+00:00,1.28082,1.28103,1.280265,1.2808,1894.0499913096428
2024-03-12 07:30:00+00:00,1.28079,1.280935,1.28028,1.28043,1929.0099885165691
2024-03-12 07:45:00+00:00,1.280425,1.280535,1.27892,1.27901,2511.489988580346
2024-03-12 08:00:00+00:00,1.279005,1.279735,1.279005,1.27915,2502.899970844388
2024-03-12 08:15:00+00:00,1.27914,1.27923,1.2784149999999999,1.278475,1893.149985216558
2024-03-12 08:30:00+00:00,1.27847,1.2785600000000001,1.2778800000000001,1.278015,1892.0999846234918
2024-03-12 08:45:00+00:00,1.27802,1.2787250000000001,1.2776100000000001,1.27861,1522.2099849283695
2024-03-12 09:00:00+00:00,1.2786,1.2788249999999999,1.27799,1.278325,1495.369986616075
2024-03-12 09:15:00+00:00,1.278315,1.27863,1.278195,1.27862,1714.2299875169992
2024-03-12 09:30:00+00:00,1.278645,1.2791100000000002,1.278645,1.2787600000000001,1328.979989811778
2024-03-12 09:45:00+00:00,1.278765,1.279215,1.27873,1.27902,1301.2199892923236
2024-03-12 10:00:00+00:00,1.2790300000000001,1.279115,1.278465,1.279085,2032.6199894100428
2024-03-12 10:15:00+00:00,1.27909,1.2792050000000001,1.278855,1.27914,1637.1599930673838
2024-03-12 10:30:00+00:00,1.2791350000000001,1.27968,1.27908,1.279485,1073.5799960717559
2024-03-12 10:45:00+00:00,1.279475,1.27982,1.279475,1.27973,1228.4399958476424
2024-03-12 11:00:00+00:00,1.279725,1.279895,1.279475,1.279625,1340.0399942919612
2024-03-12 11:15:00+00:00,1.27963,1.27965,1.27908,1.279265,1580.7099847123027
2024-03-12 11:30:00+00:00,1.27928,1.27949,1.2791350000000001,1.279175,1676.0099897310138
2024-03-12 11:45:00+00:00,1.2791700000000001,1.27927,1.27893,1.279175,1540.6499936655164
2024-03-12 12:00:00+00:00,1.2791700000000001,1.279375,1.27874,1.279175,2462.32999150455
2024-03-12 12:15:00+00:00,1.2791700000000001,1.27987,1.2791549999999998,1.27952,2976.2799790501595
2024-03-12 12:30:00+00:00,1.279545,1.2808,1.275545,1.28015,18512.169791281223
2024-03-12 12:45:00+00:00,1.28014,1.280485,1.27706,1.27717,8692.509937129915
2024-03-12 13:00:00+00:00,1.2771599999999999,1.277895,1.2761749999999998,1.276965,7477.369916059077
2024-03-12 13:15:00+00:00,1.2769599999999999,1.277145,1.27593,1.27643,5953.589955084026
2024-03-12 13:30:00+00:00,1.276425,1.276605,1.27478,1.27512,6326.9699544757605
2024-03-12 13:45:00+00:00,1.2751000000000001,1.2761200000000001,1.27462,1.276065,4171.079964980483
2024-03-12 14:00:00+00:00,1.2760699999999998,1.27643,1.275055,1.2754349999999999,4228.849962122738
2024-03-12 14:15:00+00:00,1.275425,1.2765900000000001,1.27542,1.27633,3479.499971218407
2024-03-12 14:30:00+00:00,1.276335,1.27658,1.275795,1.27607,2837.8799747675657
2024-03-12 14:45:00+00:00,1.276055,1.277785,1.275965,1.2772299999999999,2801.7799853533506
2024-03-12 15:00:00+00:00,1.27724,1.27731,1.2766799999999998,1.27719,2245.249986000359
2024-03-12 15:15:00+00:00,1.2772000000000001,1.277475,1.27647,1.276915,1969.829985320568
2024-03-12 15:30:00+00:00,1.27691,1.278,1.27691,1.27759,2003.8399870544672
2024-03-12 15:45:00+00:00,1.277585,1.278925,1.277585,1.2784,2433.9999794885516
2024-03-12 16:00:00+00:00,1.278445,1.278585,1.277905,1.278515,1743.9399943351746
2024-03-12 16:15:00+00:00,1.2785199999999999,1.2785950000000001,1.2778399999999999,1.2779,1553.9499744847417
2024-03-12 16:30:00+00:00,1.277895,1.278305,1.277765,1.27812,2095.5899640470743
2024-03-12 16:45:00+00:00,1.2781150000000001,1.27836,1.27763,1.2778399999999999,2986.2099502161145
2024-03-12 17:00:00+00:00,1.27785,1.278145,1.27706,1.277285,4082.519936814904
2024-03-12 17:15:00+00:00,1.2772999999999999,1.278175,1.27725,1.27792,1771.1999758780003
2024-03-12 17:30:00+00:00,1.277915,1.2784849999999999,1.27782,1.278475,2233.28996091336
2024-03-12 17:45:00+00:00,1.27847,1.278535,1.2781150000000001,1.27841,1387.6199816539884
2024-03-12 18:00:00+00:00,1.278415,1.27882,1.278235,1.27846,1381.3199720159173
2024-03-12 18:15:00+00:00,1.278445,1.2788300000000001,1.27833,1.278815,1617.6899714171886
2024-03-12 18:30:00+00:00,1.278855,1.2791299999999999,1.2786,1.278615,1310.09997497499
2024-03-12 18:45:00+00:00,1.278635,1.2792,1.27862,1.279105,858.0299858525395
2024-03-12 19:00:00+00:00,1.279125,1.2791299999999999,1.2787199999999999,1.2788,626.1899876594543
2024-03-12 19:15:00+00:00,1.2787950000000001,1.278925,1.278625,1.27891,701.6099854633212
2024-03-12 19:30:00+00:00,1.278905,1.2792249999999998,1.278695,1.279125,868.4099845215678
2024-03-12 19:45:00+00:00,1.27912,1.2794050000000001,1.279105,1.2794050000000001,978.5799789056182
2024-03-12 20:00:00+00:00,1.27941,1.27949,1.279285,1.27934,577.4099917188287
2024-03-12 20:15:00+00:00,1.2793450000000002,1.279435,1.279255,1.2793700000000001,305.4599946215749
2024-03-12 20:30:00+00:00,1.2793649999999999,1.2795100000000001,1.279315,1.279395,901.7699858471751
2024-03-12 20:45:00+00:00,1.27939,1.279485,1.279255,1.279255,1417.8199695125222
2024-03-12 21:00:00+00:00,1.27928,1.279305,1.2789700000000002,1.27914,756.5099867582321
2024-03-12 21:15:00+00:00,1.2792400000000002,1.27927,1.279005,1.27908,805.8799910992384
2024-03-12 21:30:00+00:00,1.279125,1.27939,1.2790300000000001,1.2793299999999999,1921.219983868301
2024-03-12 21:45:00+00:00,1.279335,1.2793899999999998,1.27918,1.2793450000000002,2792.6999945640564
2024-03-12 22:00:00+00:00,1.27936,1.279495,1.279305,1.279355,474.73999574780464
2024-03-12 22:15:00+00:00,1.27936,1.2793800000000002,1.2792750000000002,1.279305,96.29999828338623
2024-03-12 22:30:00+00:00,1.27931,1.27932,1.279175,1.2793100000000002,421.52999483048916
2024-03-12 22:45:00+00:00,1.279305,1.279605,1.2792400000000002,1.27928,942.7799902334809
2024-03-12 23:00:00+00:00,1.279275,1.2795299999999998,1.279275,1.279525,399.1199963018298
2024-03-12 23:15:00+00:00,1.279535,1.27961,1.27943,1.2794349999999999,449.0999945998192
2024-03-12 23:30:00+00:00,1.27943,1.27954,1.2793800000000002,1.279385,396.89999436587095
2024-03-12 23:45:00+00:00,1.2794,1.27962,1.2794,1.2795100000000001,646.7999933063984
2024-03-13 00:00:00+00:00,1.279505,1.27977,1.2792949999999998,1.2793999999999999,947.6099832430482
2024-03-13 00:15:00+00:00,1.27941,1.279765,1.27941,1.2797,487.01998983323574
2024-03-13 00:30:00+00:00,1.2797100000000001,1.279805,1.279355,1.2794500000000002,719.2799836322665
2024-03-13 00:45:00+00:00,1.279455,1.2796150000000002,1.27928,1.2794400000000001,1704.8699660673738
2024-03-13 01:00:00+00:00,1.279445,1.27975,1.2793199999999998,1.2793800000000002,2084.5199576318264
2024-03-13 01:15:00+00:00,1.279375,1.279585,1.27927,1.279375,1148.1599741503596
2024-03-13 01:30:00+00:00,1.279385,1.27959,1.279305,1.279325,1044.509979493916
2024-03-13 01:45:00+00:00,1.279315,1.2794349999999999,1.2792400000000002,1.27929,1088.1299790143967
2024-03-13 02:00:00+00:00,1.2793,1.27951,1.279155,1.2794750000000001,1019.2499800175428
2024-03-13 02:15:00+00:00,1.2794699999999999,1.27948,1.2792599999999998,1.27927,654.0899892896414
2024-03-13 02:30:00+00:00,1.279245,1.279455,1.279205,1.2794500000000002,1735.9799706861377
2024-03-13 02:45:00+00:00,1.279445,1.279535,1.2793700000000001,1.279465,978.4799821898341
2024-03-13 03:00:00+00:00,1.2794699999999999,1.279495,1.279305,1.279455,713.9999872148037
2024-03-13 03:15:00+00:00,1.279465,1.279795,1.27926,1.279795,1162.4099799320102
2024-03-13 03:30:00+00:00,1.279805,1.27991,1.279395,1.2793999999999999,795.2399829551578
2024-03-13 03:45:00+00:00,1.2793899999999998,1.279535,1.279255,1.2794699999999999,1265.0999815538526
2024-03-13 04:00:00+00:00,1.27946,1.2795,1.279265,1.27938,703.2899870052934
2024-03-13 04:15:00+00:00,1.279375,1.2794050000000001,1.279115,1.2791649999999999,639.8399892374873
2024-03-13 04:30:00+00:00,1.279155,1.279155,1.278995,1.27911,1037.309981778264
2024-03-13 04:45:00+00:00,1.279105,1.27924,1.2789799999999998,1.27907,1420.9499779865146
2024-03-13 05:00:00+00:00,1.279065,1.279175,1.27891,1.278995,653.519986987114
2024-03-13 05:15:00+00:00,1.2789899999999998,1.279095,1.2787250000000001,1.278875,838.4099874570966
2024-03-13 05:30:00+00:00,1.27888,1.27925,1.27882,1.279195,989.8799823224545
2024-03-13 05:45:00+00:00,1.279185,1.2793899999999998,1.27888,1.2793299999999999,900.1799855977297
2024-03-13 06:00:00+00:00,1.279345,1.27942,1.2791800000000002,1.2793700000000001,1694.4299689084291
2024-03-13 06:15:00+00:00,1.279355,1.2795,1.2791299999999999,1.279305,1085.5199837610126
2024-03-13 06:30:00+00:00,1.2793100000000002,1.2795450000000002,1.27892,1.2792249999999998,1581.5499729141593
2024-03-13 06:45:00+00:00,1.279255,1.279575,1.2792,1.279355,2051.7199641913176
2024-03-13 07:00:00+00:00,1.2793899999999998,1.2796249999999998,1.278965,1.2792949999999998,3269.0099644437432
2024-03-13 07:15:00+00:00,1.27929,1.279665,1.27816,1.2782900000000001,1711.6999912559986
2024-03-13 07:30:00+00:00,1.27828,1.27829,1.27758,1.27819,1685.7099812850356
2024-03-13 07:45:00+00:00,1.2782,1.27873,1.278175,1.278595,1551.779993236065
2024-03-13 08:00:00+00:00,1.27859,1.2794750000000001,1.278585,1.27932,1729.3799855411053
2024-03-13 08:15:00+00:00,1.279315,1.2797100000000001,1.27928,1.27957,1473.3799906298518
2024-03-13 08:30:00+00:00,1.2795649999999998,1.280075,1.279555,1.279915,1275.2399928942323
2024-03-13 08:45:00+00:00,1.27992,1.280065,1.278985,1.2793,1463.2899883762002
2024-03-13 09:00:00+00:00,1.27929,1.279485,1.27887,1.2789549999999998,1722.3099803179502
2024-03-13 09:15:00+00:00,1.27896,1.27922,1.27855,1.27855,1659.149990618229
2024-03-13 09:30:00+00:00,1.278535,1.278705,1.277765,1.27786,2019.3099854812026
2024-03-13 09:45:00+00:00,1.277875,1.27826,1.2775400000000001,1.2776100000000001,1657.799994699657
2024-03-13 10:00:00+00:00,1.277615,1.27821,1.27746,1.27819,1576.6599941402674
2024-03-13 10:15:00+00:00,1.2781799999999999,1.2790949999999999,1.27798,1.27893,1695.959986321628
2024-03-13 10:30:00+00:00,1.2789549999999998,1.27909,1.278355,1.27867,1727.459989324212
2024-03-13 10:45:00+00:00,1.278675,1.27916,1.278675,1.279125,1300.3799914568663
2024-03-13 11:00:00+00:00,1.27912,1.279395,1.278875,1.2793899999999998,1235.34999319911
2024-03-13 11:15:00+00:00,1.27939,1.2800099999999999,1.27927,1.2798,1261.569991491735
2024-03-13 11:30:00+00:00,1.279805,1.2803849999999999,1.279595,1.280225,1513.7399898841977
2024-03-13 11:45:00+00:00,1.280235,1.2809,1.2801200000000001,1.280805,1778.6399869322777
2024-03-13 12:00:00+00:00,1.280815,1.2808899999999999,1.279965,1.28037,2825.8899791538715
2024-03-13 12:15:00+00:00,1.280375,1.280635,1.27968,1.2797100000000001,2285.039987795055
2024-03-13 12:30:00+00:00,1.279705,1.2800150000000001,1.2793299999999999,1.27999,2294.2199865430593
2024-03-13 12:45:00+00:00,1.2799800000000001,1.2800850000000001,1.279425,1.2800150000000001,2030.5499868914485
2024-03-13 13:00:00+00:00,1.28002,1.28058,1.279935,1.2799900000000002,2120.9599904492497
2024-03-13 13:15:00+00:00,1.28002,1.28009,1.27936,1.2793700000000001,1588.5299943611026
2024-03-13 13:30:00+00:00,1.27936,1.2798,1.279045,1.2790949999999999,2575.2999765723944
2024-03-13 13:45:00+00:00,1.279085,1.2793999999999999,1.278705,1.27912,2395.019981428981
2024-03-13 14:00:00+00:00,1.27911,1.28004,1.278975,1.2800099999999999,2836.0099804475904
2024-03-13 14:15:00+00:00,1.28002,1.28042,1.27976,1.27989,2686.4999849125743
2024-03-13 14:30:00+00:00,1.279875,1.280495,1.27958,1.28038,1995.329990066588
2024-03-13 14:45:00+00:00,1.2803900000000001,1.280615,1.28013,1.280225,1889.2299873307347
2024-03-13 15:00:00+00:00,1.28022,1.280315,1.27938,1.279495,2135.3199854791164
2024-03-13 15:15:00+00:00,1.27949,1.280295,1.27949,1.28009,1683.2899883463979
2024-03-13 15:30:00+00:00,1.2800699999999998,1.2800699999999998,1.27912,1.27914,2134.9199888408184
2024-03-13 15:45:00+00:00,1.279135,1.2799049999999998,1.279115,1.2797,2748.9299841597676
2024-03-13 16:00:00+00:00,1.27969,1.2797299999999998,1.2793999999999999,1.27954,1811.3399915248156
2024-03-13 16:15:00+00:00,1.279535,1.280035,1.2794400000000001,1.27982,2055.569968432188
2024-03-13 16:30:00+00:00,1.2798150000000001,1.28,1.2791649999999999,1.2792750000000002,2640.6099609285593
2024-03-13 16:45:00+00:00,1.27927,1.279815,1.279125,1.279715,2075.2999681681395
2024-03-13 17:00:00+00:00,1.27972,1.281145,1.27968,1.280685,5246.659911863506
2024-03-13 17:15:00+00:00,1.280675,1.280805,1.28034,1.280695,2271.689964532852
2024-03-13 17:30:00+00:00,1.2807,1.281005,1.280485,1.28082,2124.629971064627
2024-03-13 17:45:00+00:00,1.280815,1.280935,1.28057,1.280755,1613.6999797597528
2024-03-13 18:00:00+00:00,1.28073,1.28092,1.2802099999999998,1.2802600000000002,1544.8599754869938
2024-03-13 18:15:00+00:00,1.280275,1.2804600000000002,1.27996,1.2800099999999999,1256.3999793678522
2024-03-13 18:30:00+00:00,1.28002,1.2802250000000002,1.2799550000000002,1.280205,1089.7199783623219
2024-03-13 18:45:00+00:00,1.2801749999999998,1.280185,1.2794349999999999,1.2794349999999999,1379.879977479577
2024-03-13 19:00:00+00:00,1.279425,1.27964,1.27938,1.2793999999999999,2029.5999610051513
2024-03-13 19:15:00+00:00,1.279395,1.27949,1.279045,1.279265,2090.6999587267637
2024-03-13 19:30:00+00:00,1.27926,1.279615,1.279225,1.27953,1383.8699691295624
2024-03-13 19:45:00+00:00,1.279525,1.279705,1.27942,1.27963,1653.0599668249488
2024-03-13 20:00:00+00:00,1.279625,1.27983,1.2795999999999998,1.27981,462.6599944755435
2024-03-13 20:15:00+00:00,1.279815,1.27984,1.2796949999999998,1.27982,465.5099929496646
2024-03-13 20:30:00+00:00,1.27983,1.279995,1.27943,1.279485,926.3399851024151
2024-03-13 20:45:00+00:00,1.2795100000000001,1.279725,1.279495,1.279685,1088.429978966713
2024-03-13 21:00:00+00:00,1.279685,1.279875,1.279645,1.279795,220.19999766349792
2024-03-13 21:15:00+00:00,1.2797800000000001,1.27989,1.27963,1.279725,394.17999842762947
2024-03-13 21:30:00+00:00,1.279725,1.2799749999999999,1.2797200000000002,1.27984,1593.1099878549576
2024-03-13 21:45:00+00:00,1.279845,1.280055,1.279645,1.2799749999999999,1524.619987487793
2024-03-13 22:00:00+00:00,1.27997,1.280045,1.2798699999999998,1.279905,5289.740038096905
2024-03-13 22:15:00+00:00,1.279895,1.2799900000000002,1.27984,1.2799399999999999,1747.800004541874
2024-03-13 22:30:00+00:00,1.279945,1.280065,1.27992,1.2800150000000001,422.30999583750963
2024-03-13 22:45:00+00:00,1.27997,1.2800449999999999,1.279925,1.2799399999999999,592.8299958854914
2024-03-13 23:00:00+00:00,1.279935,1.2801550000000002,1.27984,1.279925,2031.4199800491333
2024-03-13 23:15:00+00:00,1.27991,1.28023,1.279895,1.280215,646.6499911546707
2024-03-13 23:30:00+00:00,1.2802250000000002,1.2802850000000001,1.280155,1.280245,201.62999569624662
2024-03-13 23:45:00+00:00,1.28024,1.28025,1.2800099999999999,1.2801300000000002,448.8299935758114
2024-03-14 00:00:00+00:00,1.2801399999999998,1.280455,1.27963,1.27972,1519.2099803760648
2024-03-14 00:15:00+00:00,1.279725,1.2797800000000001,1.279555,1.2797100000000001,369.6899920105934
2024-03-14 00:30:00+00:00,1.279715,1.279805,1.27954,1.27963,853.0499875545502
2024-03-14 00:45:00+00:00,1.279625,1.28004,1.27955,1.280005,1646.639970690012
2024-03-14 01:00:00+00:00,1.279995,1.28045,1.279715,1.2797200000000002,1910.5199632644653
2024-03-14 01:15:00+00:00,1.2797,1.2798699999999998,1.2797,1.27982,1306.9499765634537
2024-03-14 01:30:00+00:00,1.279825,1.279915,1.279615,1.27972,1435.829978018999
2024-03-14 01:45:00+00:00,1.2797,1.28004,1.279625,1.28002,1067.2799809798598
2024-03-14 02:00:00+00:00,1.28003,1.2801550000000002,1.27973,1.279735,832.4399816691875
2024-03-14 02:15:00+00:00,1.2797299999999998,1.27977,1.27957,1.279725,772.5899906530976
2024-03-14 02:30:00+00:00,1.2797399999999999,1.27988,1.27963,1.2797,799.1099860519171
2024-03-14 02:45:00+00:00,1.2797049999999999,1.27981,1.279145,1.2792750000000002,923.5499845519662
2024-03-14 03:00:00+00:00,1.27927,1.27963,1.279245,1.2796150000000002,1014.0499825850129
2024-03-14 03:15:00+00:00,1.27962,1.2796750000000001,1.27939,1.279455,1087.8599803447723
2024-03-14 03:30:00+00:00,1.279445,1.279535,1.279035,1.27904,1323.9899704232812
2024-03-14 03:45:00+00:00,1.279045,1.279145,1.2789199999999998,1.27898,1375.6799787580967
2024-03-14 04:00:00+00:00,1.278985,1.27899,1.27869,1.278735,816.9099881350994
2024-03-14 04:15:00+00:00,1.27874,1.2789350000000002,1.278685,1.278875,1136.999980084598
2024-03-14 04:30:00+00:00,1.2788650000000001,1.2791299999999999,1.278825,1.2790300000000001,893.3999795913696
2024-03-14 04:45:00+00:00,1.2790249999999999,1.279185,1.27895,1.27918,850.3499857932329
2024-03-14 05:00:00+00:00,1.279185,1.27928,1.279015,1.279265,1196.7899774760008
2024-03-14 05:15:00+00:00,1.279255,1.279395,1.2791000000000001,1.2792249999999998,1016.9199827834964
2024-03-14 05:30:00+00:00,1.279215,1.27948,1.279135,1.279265,1897.5899656042457
2024-03-14 05:45:00+00:00,1.279255,1.279255,1.27884,1.278915,1349.0499765723944
2024-03-14 06:00:00+00:00,1.27894,1.27923,1.2789000000000001,1.2791649999999999,1349.139981046319
2024-03-14 06:15:00+00:00,1.27916,1.2794949999999998,1.27916,1.2792750000000002,1485.0599791407585
2024-03-14 06:30:00+00:00,1.279265,1.279525,1.27923,1.279325,1749.1199714168906
2024-03-14 06:45:00+00:00,1.2793450000000002,1.27962,1.2792050000000001,1.279425,1464.6999777033925
2024-03-14 07:00:00+00:00,1.27943,1.27988,1.279065,1.279855,1609.1399675756693
2024-03-14 07:15:00+00:00,1.27986,1.280255,1.279615,1.280045,1665.9999859407544
2024-03-14 07:30:00+00:00,1.28004,1.28031,1.27956,1.28002,2118.0299811437726
2024-03-14 07:45:00+00:00,1.280025,1.280545,1.280025,1.2803149999999999,1495.7699893265963
2024-03-14 08:00:00+00:00,1.2803200000000001,1.2810549999999998,1.2802449999999999,1.28091,2417.069982357323
2024-03-14 08:15:00+00:00,1.280905,1.281685,1.28057,1.281225,2601.6299785524607
2024-03-14 08:30:00+00:00,1.28122,1.2813249999999998,1.28068,1.280815,1540.9599805474281
2024-03-14 08:45:00+00:00,1.28081,1.2808350000000002,1.280395,1.28073,1637.4199887141585
2024-03-14 09:00:00+00:00,1.28074,1.28133,1.28068,1.281295,1647.3399928808212
2024-03-14 09:15:00+00:00,1.2812899999999998,1.2814,1.28086,1.28114,1510.0199930593371
2024-03-14 09:30:00+00:00,1.281135,1.28194,1.2811,1.281935,1388.6099959388375
2024-03-14 09:45:00+00:00,1.28192,1.28193,1.2812299999999999,1.28158,1398.7199953347445
2024-03-14 10:00:00+00:00,1.281585,1.282145,1.28133,1.282065,2159.3399933353066
2024-03-14 10:15:00+00:00,1.28207,1.2823,1.28135,1.281385,1441.5499900132418
2024-03-14 10:30:00+00:00,1.281375,1.281635,1.2811,1.28122,1352.039990261197
2024-03-14 10:45:00+00:00,1.28121,1.28149,1.28102,1.28112,1244.8799870461226
2024-03-14 11:00:00+00:00,1.28114,1.28142,1.281,1.281295,1106.3799899742007
2024-03-14 11:15:00+00:00,1.281345,1.281385,1.2808199999999998,1.2808199999999998,1183.6299862414598
2024-03-14 11:30:00+00:00,1.280815,1.28115,1.280795,1.28082,1430.8299947977066
2024-03-14 11:45:00+00:00,1.280815,1.28101,1.280705,1.28099,1123.0899936407804
2024-03-14 12:00:00+00:00,1.281,1.281055,1.28056,1.2806199999999999,1766.7599928602576
2024-03-14 12:15:00+00:00,1.2806250000000001,1.2807149999999998,1.27931,1.280035,3143.4599720463157
2024-03-14 12:30:00+00:00,1.280035,1.28136,1.27833,1.28092,9829.729882925749
2024-03-14 12:45:00+00:00,1.280925,1.2809300000000001,1.279235,1.27951,4862.919962190092
2024-03-14 13:00:00+00:00,1.279515,1.27966,1.27873,1.27918,3514.3399756774306
2024-03-14 13:15:00+00:00,1.2791899999999998,1.279365,1.27802,1.27802,4481.679973125458
2024-03-14 13:30:00+00:00,1.27803,1.278515,1.27776,1.27787,3797.849966660142
2024-03-14 13:45:00+00:00,1.277865,1.27793,1.27676,1.2774800000000002,4021.919957742095
2024-03-14 14:00:00+00:00,1.27747,1.2778450000000001,1.276665,1.27709,3465.5199652463198
2024-03-14 14:15:00+00:00,1.27711,1.27711,1.276075,1.27656,3633.069973818958
2024-03-14 14:30:00+00:00,1.276555,1.2769300000000001,1.275375,1.275635,3489.819986194372
2024-03-14 14:45:00+00:00,1.27564,1.27566,1.274915,1.275485,3388.4099755883217
2024-03-14 15:00:00+00:00,1.27548,1.27548,1.273825,1.27397,2788.949975423515
2024-03-14 15:15:00+00:00,1.273975,1.2741500000000001,1.273325,1.2736450000000001,2685.7799831852317
2024-03-14 15:30:00+00:00,1.27365,1.27387,1.2730700000000001,1.2735150000000002,3082.429969780147
2024-03-14 15:45:00+00:00,1.273525,1.27488,1.27352,1.27471,3460.5199750438333
2024-03-14 16:00:00+00:00,1.274715,1.275185,1.27441,1.2750599999999999,2842.2599903419614
2024-03-14 16:15:00+00:00,1.2750650000000001,1.275665,1.27473,1.2754400000000001,2465.9999594539404
2024-03-14 16:30:00+00:00,1.275435,1.27573,1.275105,1.27524,1964.4699651673436
2024-03-14 16:45:00+00:00,1.275245,1.27553,1.27473,1.274855,2418.339957870543
2024-03-14 17:00:00+00:00,1.2748400000000002,1.27549,1.27468,1.27525,2803.9599603936076
2024-03-14 17:15:00+00:00,1.275255,1.27535,1.274815,1.274845,1700.739975117147
2024-03-14 17:30:00+00:00,1.2747899999999999,1.2748849999999998,1.274285,1.27484,1768.0499725565314
2024-03-14 17:45:00+00:00,1.27482,1.27528,1.2747799999999998,1.275085,1778.039969369769
2024-03-14 18:00:00+00:00,1.275095,1.275385,1.2749549999999998,1.275305,1720.859970472753
2024-03-14 18:15:00+00:00,1.2753,1.27543,1.274565,1.27457,939.9299856871367
2024-03-14 18:30:00+00:00,1.274575,1.27525,1.27456,1.27524,1384.1399700567126
2024-03-14 18:45:00+00:00,1.275235,1.275445,1.2747700000000002,1.274965,1116.4799774885178
2024-03-14 19:00:00+00:00,1.27502,1.275055,1.274725,1.27474,1796.4899646788836
2024-03-14 19:15:00+00:00,1.274735,1.2748599999999999,1.274565,1.2747899999999999,1454.4599768966436
2024-03-14 19:30:00+00:00,1.274785,1.2747899999999999,1.274355,1.27462,1669.919970355928
2024-03-14 19:45:00+00:00,1.27463,1.2755800000000002,1.27459,1.275575,3066.989959090948
2024-03-14 20:00:00+00:00,1.275585,1.275765,1.27543,1.2754349999999999,1376.999980032444
2024-03-14 20:15:00+00:00,1.2753899999999998,1.2753899999999998,1.2749350000000002,1.2752,572.2299894019961
2024-03-14 20:30:00+00:00,1.2752050000000001,1.275265,1.27514,1.275255,866.999991774559
2024-03-14 20:45:00+00:00,1.275265,1.275355,1.27503,1.2753299999999999,1520.4899753630161
2024-03-14 21:00:00+00:00,1.27536,1.2754,1.27526,1.2754,262.43999868631363
2024-03-14 21:15:00+00:00,1.27541,1.275495,1.275215,1.275315,569.5699964165688
2024-03-14 21:30:00+00:00,1.275285,1.275515,1.275145,1.275285,3589.969956576824
2024-03-14 21:45:00+00:00,1.27529,1.27551,1.27519,1.275385,2220.2099680304527
2024-03-14 22:00:00+00:00,1.27539,1.2755,1.275245,1.275255,994.0499911904335
2024-03-14 22:15:00+00:00,1.2752599999999998,1.27531,1.275215,1.27529,822.599994301796
2024-03-14 22:30:00+00:00,1.2753,1.2753649999999999,1.275215,1.27523,755.0099956020713
2024-03-14 22:45:00+00:00,1.2752400000000002,1.2752400000000002,1.2749899999999998,1.275015,871.949997022748
2024-03-14 23:00:00+00:00,1.27501,1.27508,1.274645,1.2746849999999998,2088.4099855199456
2024-03-14 23:15:00+00:00,1.2746849999999998,1.27495,1.2746849999999998,1.274725,967.8899893164635
2024-03-14 23:30:00+00:00,1.274735,1.2748650000000001,1.274375,1.274435,501.2699934914708
2024-03-14 23:45:00+00:00,1.274445,1.2745549999999999,1.27444,1.2745250000000001,522.8399917632341
2024-03-15 00:00:00+00:00,1.274515,1.27475,1.27381,1.2738200000000002,1808.31997448951
2024-03-15 00:15:00+00:00,1.273815,1.2740200000000002,1.27341,1.27342,1218.1799814030528
2024-03-15 00:30:00+00:00,1.273425,1.2737,1.273425,1.27359,1961.2799772024155
2024-03-15 00:45:00+00:00,1.2736,1.27398,1.27348,1.27365,1193.3099761009216
2024-03-15 01:00:00+00:00,1.2736450000000001,1.274015,1.27352,1.27397,2100.6599730178714
2024-03-15 01:15:00+00:00,1.2739500000000001,1.274175,1.2738200000000002,1.27399,3078.0699617266655
2024-03-15 01:30:00+00:00,1.27401,1.2742200000000001,1.27379,1.273955,2334.239959433675
2024-03-15 01:45:00+00:00,1.27396,1.2740900000000002,1.273665,1.273675,1434.1999714970589
2024-03-15 02:00:00+00:00,1.2736800000000001,1.2736800000000001,1.273205,1.2732700000000001,1455.449979826808
2024-03-15 02:15:00+00:00,1.273255,1.2734,1.27313,1.2734,973.9599817767739
2024-03-15 02:30:00+00:00,1.273405,1.273465,1.273145,1.273355,835.979984395206
2024-03-15 02:45:00+00:00,1.2733400000000001,1.27348,1.27301,1.27306,1584.9899692162871
2024-03-15 03:00:00+00:00,1.273065,1.27317,1.273015,1.273145,1246.6799888834357
2024-03-15 03:15:00+00:00,1.27315,1.27353,1.2731249999999998,1.27339,763.1999868750572
2024-03-15 03:30:00+00:00,1.273405,1.273775,1.27337,1.273775,881.9699805006385
2024-03-15 03:45:00+00:00,1.273765,1.27379,1.273545,1.273675,1090.7299812361598
2024-03-15 04:00:00+00:00,1.2736800000000001,1.2738900000000002,1.273655,1.2738,1099.319984048605
2024-03-15 04:15:00+00:00,1.273795,1.273805,1.2736399999999999,1.2736900000000002,583.5899900719523
2024-03-15 04:30:00+00:00,1.273685,1.2737850000000002,1.27365,1.273755,555.029988527298
2024-03-15 04:45:00+00:00,1.27375,1.273905,1.273695,1.27389,1007.039980404079
2024-03-15 05:00:00+00:00,1.2739,1.27408,1.273755,1.27378,515.429990619421
2024-03-15 05:15:00+00:00,1.27381,1.27382,1.27362,1.2736800000000001,504.50999031960964
2024-03-15 05:30:00+00:00,1.273675,1.273675,1.2734,1.273455,744.4199903458357
2024-03-15 05:45:00+00:00,1.273465,1.2738800000000001,1.273445,1.27382,1138.709978327155
2024-03-15 06:00:00+00:00,1.2738049999999999,1.2738900000000002,1.2735750000000001,1.2737,1698.0299673378468
2024-03-15 06:15:00+00:00,1.273715,1.2742200000000001,1.273675,1.2739699999999998,1466.6099741309881
2024-03-15 06:30:00+00:00,1.273965,1.274,1.27367,1.273805,791.78998567909
2024-03-15 06:45:00+00:00,1.2738,1.2742,1.27371,1.273985,1869.249965786934
2024-03-15 07:00:00+00:00,1.2740200000000002,1.27438,1.273725,1.2741500000000001,1785.9599688723683
2024-03-15 07:15:00+00:00,1.2741449999999999,1.27428,1.2739099999999999,1.2741,1482.989997819066
2024-03-15 07:30:00+00:00,1.274095,1.27439,1.27398,1.27428,1186.4699878022075
2024-03-15 07:45:00+00:00,1.274275,1.27454,1.27331,1.273555,1715.219987295568
2024-03-15 08:00:00+00:00,1.2735500000000002,1.2741600000000002,1.2733349999999999,1.273575,2689.5899826064706
2024-03-15 08:15:00+00:00,1.2735699999999999,1.27421,1.27343,1.274195,2022.3899894729257
2024-03-15 08:30:00+00:00,1.2742,1.2744,1.27383,1.274375,1847.9099883437157
2024-03-15 08:45:00+00:00,1.274365,1.27447,1.273835,1.2738450000000001,1513.1999866589904
2024-03-15 09:00:00+00:00,1.273855,1.274195,1.27375,1.2738749999999999,1775.4699866473675
2024-03-15 09:15:00+00:00,1.27387,1.274655,1.27374,1.2740399999999998,1672.8299917578697
2024-03-15 09:30:00+00:00,1.274035,1.2747700000000002,1.27367,1.274735,1740.299989670515
2024-03-15 09:45:00+00:00,1.2747199999999999,1.27538,1.27468,1.275215,1611.9399928152561
2024-03-15 10:00:00+00:00,1.27522,1.275695,1.2751649999999999,1.2754699999999999,1680.299995481968
2024-03-15 10:15:00+00:00,1.275465,1.27577,1.275195,1.2757,1473.1199913918972
2024-03-15 10:30:00+00:00,1.27569,1.275735,1.2751899999999998,1.2751899999999998,1259.66999245435
2024-03-15 10:45:00+00:00,1.275195,1.2755450000000002,1.275075,1.27518,1156.7699976712465
2024-03-15 11:00:00+00:00,1.275175,1.275245,1.27477,1.274835,1190.7499910369515
2024-03-15 11:15:00+00:00,1.2748300000000001,1.27515,1.27482,1.27505,1202.339993700385
2024-03-15 11:30:00+00:00,1.275045,1.27588,1.274975,1.27583,1205.579991184175
2024-03-15 11:45:00+00:00,1.275825,1.27587,1.27539,1.275485,1082.5199949517846
2024-03-15 12:00:00+00:00,1.27548,1.27555,1.2747549999999999,1.2751649999999999,2157.7799949795008
2024-03-15 12:15:00+00:00,1.27517,1.27558,1.27509,1.275185,2295.4599886089563
2024-03-15 12:30:00+00:00,1.27523,1.2758099999999999,1.274285,1.274335,4088.70997543633
2024-03-15 12:45:00+00:00,1.274345,1.27499,1.2742200000000001,1.2748300000000001,2726.6399818360806
2024-03-15 13:00:00+00:00,1.274825,1.27548,1.274825,1.2754050000000001,2419.4099801406264
2024-03-15 13:15:00+00:00,1.27541,1.2757399999999999,1.274415,1.27451,2928.879979006946
2024-03-15 13:30:00+00:00,1.274505,1.275295,1.27439,1.2748300000000001,3854.599969483912
2024-03-15 13:45:00+00:00,1.27484,1.27505,1.274305,1.27446,3070.7199816182256
2024-03-15 14:00:00+00:00,1.2744499999999999,1.27508,1.27403,1.275025,4247.909982658923
2024-03-15 14:15:00+00:00,1.27502,1.275375,1.27426,1.27427,3195.7199795246124
2024-03-15 14:30:00+00:00,1.274265,1.2749549999999998,1.274215,1.274465,2519.5799928307533
2024-03-15 14:45:00+00:00,1.27446,1.27482,1.274175,1.274295,2633.2799993529916
2024-03-15 15:00:00+00:00,1.2743,1.27436,1.27365,1.27379,2217.5099851712584
2024-03-15 15:15:00+00:00,1.273785,1.274135,1.273685,1.274055,1734.4799908474088
2024-03-15 15:30:00+00:00,1.27405,1.274205,1.2735400000000001,1.273695,1931.4899916499853
2024-03-15 15:45:00+00:00,1.27369,1.27406,1.27318,1.27393,2800.1399840041995
2024-03-15 16:00:00+00:00,1.27392,1.27399,1.2731400000000002,1.27338,2278.65998826921
2024-03-15 16:15:00+00:00,1.273385,1.27372,1.27308,1.27358,1892.8099678009748
2024-03-15 16:30:00+00:00,1.27359,1.2738450000000001,1.2729949999999999,1.27313,2530.449958615005
2024-03-15 16:45:00+00:00,1.27312,1.273705,1.27295,1.273045,2212.299968108535
2024-03-15 17:00:00+00:00,1.27305,1.27312,1.2727650000000001,1.27292,1856.0199702829123
2024-03-15 17:15:00+00:00,1.272915,1.2733050000000001,1.27272,1.27309,1995.0599665567279
2024-03-15 17:30:00+00:00,1.273085,1.27315,1.2727,1.2727149999999998,2045.6699720397592
2024-03-15 17:45:00+00:00,1.2727249999999999,1.273045,1.27253,1.272955,1168.2499810606241
2024-03-15 18:00:00+00:00,1.2729499999999998,1.27333,1.2729249999999999,1.2729300000000001,1686.6299704909325
2024-03-15 18:15:00+00:00,1.272935,1.273215,1.2729249999999999,1.2731949999999999,1493.6099749356508
2024-03-15 18:30:00+00:00,1.2732,1.273895,1.27314,1.27373,1928.0799663513899
2024-03-15 18:45:00+00:00,1.2737150000000002,1.2739850000000001,1.27351,1.27393,1164.2999820411205
2024-03-15 19:00:00+00:00,1.273925,1.27404,1.273725,1.273965,1043.7999811246991
2024-03-15 19:15:00+00:00,1.27398,1.2741,1.27386,1.2740049999999998,1061.4899887666106
2024-03-15 19:30:00+00:00,1.274,1.274035,1.273715,1.273765,1171.0799831151962
2024-03-15 19:45:00+00:00,1.27377,1.27386,1.27341,1.27386,2097.8599645271897
2024-03-15 20:00:00+00:00,1.2738550000000002,1.273925,1.2736399999999999,1.27373,1197.6299825012684
2024-03-15 20:15:00+00:00,1.27374,1.273745,1.2735699999999999,1.273685,866.7299865111709
2024-03-15 20:30:00+00:00,1.2736900000000002,1.2739150000000001,1.273615,1.2739099999999999,759.4799866005778
2024-03-15 20:45:00+00:00,1.2739150000000001,1.273955,1.2730549999999998,1.27356,2224.939967751503
2024-03-18 00:00:00+00:00,1.273105,1.27333,1.272705,1.272775,1848.7799656242132
2024-03-18 00:15:00+00:00,1.2728,1.27316,1.272765,1.273085,1132.8899788782
2024-03-18 00:30:00+00:00,1.27309,1.2732350000000001,1.2730199999999998,1.273045,466.67999141663313
2024-03-18 00:45:00+00:00,1.27306,1.27344,1.2729050000000002,1.27313,886.8599828481674
2024-03-18 01:00:00+00:00,1.27314,1.273165,1.272845,1.2729949999999999,1507.189975515008
2024-03-18 01:15:00+00:00,1.27302,1.27302,1.27264,1.272805,1060.889982022345
2024-03-18 01:30:00+00:00,1.272815,1.27315,1.272815,1.27313,1518.419971100986
2024-03-18 01:45:00+00:00,1.273135,1.273425,1.27306,1.2733750000000001,1774.7399716824293
2024-03-18 02:00:00+00:00,1.273395,1.273525,1.2732350000000001,1.27331,1020.4199864268303
2024-03-18 02:15:00+00:00,1.273315,1.27355,1.27326,1.27352,739.1099865362048
2024-03-18 02:30:00+00:00,1.273505,1.2736399999999999,1.27341,1.27353,1670.8799735233188
2024-03-18 02:45:00+00:00,1.27352,1.27381,1.273455,1.27349,1019.8999836966395
2024-03-18 03:00:00+00:00,1.2734800000000002,1.2735699999999999,1.27337,1.27343,778.3799845576286
2024-03-18 03:15:00+00:00,1.273425,1.27355,1.273415,1.27352,416.9699923992157
2024-03-18 03:30:00+00:00,1.273525,1.273675,1.27318,1.273185,815.3999914228916
2024-03-18 03:45:00+00:00,1.27318,1.27319,1.272605,1.272675,1082.3499901518226
2024-03-18 04:00:00+00:00,1.272665,1.2730299999999999,1.27265,1.273015,1119.059982702136
2024-03-18 04:15:00+00:00,1.27302,1.27317,1.27301,1.27311,1228.049978248775
2024-03-18 04:30:00+00:00,1.2731050000000002,1.273145,1.27292,1.27311,731.4299945384264
2024-03-18 04:45:00+00:00,1.273115,1.2732350000000001,1.27299,1.273155,1092.899990901351
2024-03-18 05:00:00+00:00,1.27316,1.2732,1.2729949999999999,1.27302,859.6199852600694
2024-03-18 05:15:00+00:00,1.273015,1.27329,1.272905,1.273265,711.1199860498309
2024-03-18 05:30:00+00:00,1.273255,1.27345,1.2732,1.27322,983.0999851748347
2024-03-18 05:45:00+00:00,1.2732299999999999,1.273405,1.273205,1.2732800000000002,1099.7999835535884
2024-03-18 06:00:00+00:00,1.27329,1.2736,1.273225,1.27351,909.7199809551239
2024-03-18 06:15:00+00:00,1.2735150000000002,1.27358,1.273255,1.27337,869.5199872255325
2024-03-18 06:30:00+00:00,1.273365,1.2735349999999999,1.273365,1.27351,1487.6699781492352
2024-03-18 06:45:00+00:00,1.2734999999999999,1.2736049999999999,1.273205,1.27342,842.3699865043163
2024-03-18 07:00:00+00:00,1.27343,1.27369,1.273365,1.27348,1419.6299732849002
2024-03-18 07:15:00+00:00,1.273475,1.27372,1.273385,1.27353,926.8199954479933
2024-03-18 07:30:00+00:00,1.273525,1.274235,1.273435,1.27409,1120.6799924224615
2024-03-18 07:45:00+00:00,1.27408,1.2741850000000001,1.2738450000000001,1.274135,1108.699994288385
2024-03-18 08:00:00+00:00,1.27412,1.274495,1.27378,1.274195,1753.139989040792
2024-03-18 08:15:00+00:00,1.2742,1.27461,1.27417,1.2742,1720.6499912589788
2024-03-18 08:30:00+00:00,1.274205,1.27448,1.27408,1.27423,1597.1699961423874
2024-03-18 08:45:00+00:00,1.274225,1.274675,1.27397,1.2745250000000001,1397.9899892061949
2024-03-18 09:00:00+00:00,1.2745199999999999,1.274675,1.274185,1.27432,1442.7199938297272
2024-03-18 09:15:00+00:00,1.274315,1.274475,1.273765,1.27383,1076.9699962735176
2024-03-18 09:30:00+00:00,1.273825,1.2740200000000002,1.273605,1.2739449999999999,1159.289992518723
2024-03-18 09:45:00+00:00,1.27394,1.27405,1.27349,1.2735,1337.1399916559458
2024-03-18 10:00:00+00:00,1.27349,1.2737150000000002,1.2732700000000001,1.2733949999999998,1223.679989285767
2024-03-18 10:15:00+00:00,1.2734,1.27358,1.2729599999999999,1.273085,1064.639989182353
2024-03-18 10:30:00+00:00,1.27308,1.27328,1.27276,1.27319,1248.2099913805723
2024-03-18 10:45:00+00:00,1.273185,1.27386,1.27309,1.273705,1270.9199936911464
2024-03-18 11:00:00+00:00,1.27371,1.274135,1.2736399999999999,1.273895,1284.5999918431044
2024-03-18 11:15:00+00:00,1.2739,1.27403,1.27366,1.27389,1122.3299942463636
2024-03-18 11:30:00+00:00,1.273885,1.274155,1.27372,1.2741099999999999,1114.13999453187
2024-03-18 11:45:00+00:00,1.274115,1.27446,1.274105,1.27428,1102.8299907371402
2024-03-18 12:00:00+00:00,1.27427,1.27456,1.274135,1.274255,1618.0299855545163
2024-03-18 12:15:00+00:00,1.27426,1.27458,1.274125,1.2744550000000001,1724.5799855291843
2024-03-18 12:30:00+00:00,1.27446,1.274495,1.27332,1.27334,1818.359991952777
2024-03-18 12:45:00+00:00,1.27335,1.273655,1.273115,1.2735599999999998,1800.319993764162
2024-03-18 13:00:00+00:00,1.273565,1.27381,1.2732,1.27326,1635.989992968738
2024-03-18 13:15:00+00:00,1.273265,1.27376,1.27322,1.27365,1603.9199911355972
2024-03-18 13:30:00+00:00,1.2736399999999999,1.273695,1.27313,1.273455,2074.7699887529016
2024-03-18 13:45:00+00:00,1.273485,1.27355,1.27312,1.27335,1861.319984793663
2024-03-18 14:00:00+00:00,1.27336,1.27382,1.273085,1.273385,1848.8399865180254
2024-03-18 14:15:00+00:00,1.27341,1.2737150000000002,1.273295,1.273355,1986.009981289506
2024-03-18 14:30:00+00:00,1.2733400000000001,1.27342,1.2724250000000001,1.27301,2280.959990426898
2024-03-18 14:45:00+00:00,1.27302,1.273225,1.27245,1.272525,2213.7899840027094
2024-03-18 15:00:00+00:00,1.272545,1.272935,1.27225,1.27273,2107.0199901014566
2024-03-18 15:15:00+00:00,1.2727249999999999,1.272975,1.272405,1.2729599999999999,1544.2499950528145
2024-03-18 15:30:00+00:00,1.27295,1.273055,1.272235,1.272825,1798.2599967494607
2024-03-18 15:45:00+00:00,1.27283,1.27347,1.27265,1.273245,2160.7499841973186
2024-03-18 16:00:00+00:00,1.27324,1.27333,1.272215,1.272345,3087.8199782446027
2024-03-18 16:15:00+00:00,1.2723399999999998,1.272445,1.271985,1.2721300000000002,3445.2399573028088
2024-03-18 16:30:00+00:00,1.272125,1.272455,1.271915,1.272235,1877.4799689650536
2024-03-18 16:45:00+00:00,1.2722449999999998,1.2728549999999998,1.272025,1.2726199999999999,1771.5499749034643
2024-03-18 17:00:00+00:00,1.27263,1.272885,1.272325,1.27252,2695.4599668979645
2024-03-18 17:15:00+00:00,1.2725149999999998,1.27265,1.27221,1.27233,1804.3499767184258
2024-03-18 17:30:00+00:00,1.272335,1.272565,1.2720150000000001,1.27203,836.0699853599072
2024-03-18 17:45:00+00:00,1.27202,1.272545,1.271795,1.272485,1388.9599814787507
2024-03-18 18:00:00+00:00,1.27249,1.272585,1.27223,1.27237,1095.8099817112088
2024-03-18 18:15:00+00:00,1.272365,1.2726600000000001,1.27224,1.2726600000000001,670.2299863621593
2024-03-18 18:30:00+00:00,1.272665,1.272735,1.27244,1.27247,833.3299887105823
2024-03-18 18:45:00+00:00,1.272465,1.272965,1.2724600000000001,1.272965,1127.6699836850166
2024-03-18 19:00:00+00:00,1.2729599999999999,1.273165,1.2727249999999999,1.273125,1021.7399814501405
2024-03-18 19:15:00+00:00,1.273135,1.2731750000000002,1.2730199999999998,1.27302,598.8299891278148
2024-03-18 19:30:00+00:00,1.27301,1.273065,1.2727650000000001,1.272875,697.7999875918031
2024-03-18 19:45:00+00:00,1.272865,1.272865,1.272405,1.2726600000000001,1616.7599757611752
2024-03-18 20:00:00+00:00,1.2726549999999999,1.27277,1.272565,1.2726250000000001,557.4899903386831
2024-03-18 20:15:00+00:00,1.27261,1.27271,1.272575,1.27262,446.5799949467182
2024-03-18 20:30:00+00:00,1.272615,1.27271,1.2725,1.27261,284.18999511003494
2024-03-18 20:45:00+00:00,1.272605,1.27294,1.2726,1.2729249999999999,961.289984613657
2024-03-18 21:00:00+00:00,1.272935,1.2731050000000002,1.2729,1.273015,137.34999796003103
2024-03-18 21:15:00+00:00,1.273005,1.273005,1.27267,1.2727249999999999,202.03999590873718
2024-03-18 21:30:00+00:00,1.2727499999999998,1.2729,1.272715,1.272805,3532.6999787315726
2024-03-18 21:45:00+00:00,1.27281,1.273035,1.27272,1.2728899999999999,2402.8299736976624
2024-03-18 22:00:00+00:00,1.272875,1.27297,1.27277,1.27294,1871.6399676203728
2024-03-18 22:15:00+00:00,1.272925,1.27295,1.272845,1.2729,804.5999855399132
2024-03-18 22:30:00+00:00,1.2728799999999998,1.2728799999999998,1.272585,1.272615,1358.379976414144
2024-03-18 22:45:00+00:00,1.2726199999999999,1.272735,1.272535,1.2726350000000002,439.0199928507209
2024-03-18 23:00:00+00:00,1.27264,1.272735,1.2724950000000002,1.272545,1218.3399897366762
2024-03-18 23:15:00+00:00,1.27254,1.27263,1.2724950000000002,1.27254,554.48998939991
2024-03-18 23:30:00+00:00,1.27255,1.272615,1.2724199999999999,1.272425,381.4199931398034
2024-03-18 23:45:00+00:00,1.2724199999999999,1.2727249999999999,1.27241,1.272635,767.8199838995934
2024-03-19 00:00:00+00:00,1.27264,1.272795,1.27231,1.2726,1062.399977222085
2024-03-19 00:15:00+00:00,1.27261,1.2726899999999999,1.272205,1.272235,1451.9999836683273
2024-03-19 00:30:00+00:00,1.27224,1.272395,1.27203,1.272095,1197.4599754810333
2024-03-19 00:45:00+00:00,1.2721049999999998,1.2722250000000002,1.271935,1.2720150000000001,1710.2399629876018
2024-03-19 01:00:00+00:00,1.272005,1.2722,1.27195,1.27209,2292.149959169328
2024-03-19 01:15:00+00:00,1.272075,1.272095,1.27145,1.2715100000000001,3572.939958050847
2024-03-19 01:30:00+00:00,1.271515,1.27194,1.271385,1.2718150000000001,2589.839956521988
2024-03-19 01:45:00+00:00,1.27182,1.2720600000000002,1.2717100000000001,1.27184,1704.3299718275666
2024-03-19 02:00:00+00:00,1.271875,1.272605,1.27184,1.272545,1963.6199604049325
2024-03-19 02:15:00+00:00,1.272535,1.27265,1.2724199999999999,1.27248,1058.9399783015251
2024-03-19 02:30:00+00:00,1.272465,1.27264,1.272295,1.2724099999999998,1578.179968841374
2024-03-19 02:45:00+00:00,1.2724199999999999,1.27243,1.27224,1.27229,1085.6099823638797
2024-03-19 03:00:00+00:00,1.272275,1.27283,1.27221,1.272745,2405.859958663583
2024-03-19 03:15:00+00:00,1.27274,1.272895,1.27244,1.27265,2352.359962955117
2024-03-19 03:30:00+00:00,1.272665,1.27284,1.27196,1.27214,5273.849915549159
2024-03-19 03:45:00+00:00,1.272145,1.2723900000000001,1.2718099999999999,1.2722699999999998,3429.519941084087
2024-03-19 04:00:00+00:00,1.27229,1.2725,1.27218,1.272395,2572.109945371747
2024-03-19 04:15:00+00:00,1.2724,1.272565,1.2719,1.271995,1731.8099672719836
2024-03-19 04:30:00+00:00,1.272005,1.2720099999999999,1.2713999999999999,1.27141,2268.629959575832
2024-03-19 04:45:00+00:00,1.2713999999999999,1.27188,1.27128,1.27179,1790.3799661174417
2024-03-19 05:00:00+00:00,1.27177,1.27189,1.271525,1.27163,1949.789957985282
2024-03-19 05:15:00+00:00,1.271625,1.2717399999999999,1.27125,1.2713999999999999,1739.30996786803
2024-03-19 05:30:00+00:00,1.2713899999999998,1.271395,1.271005,1.27125,2191.8599599078298
2024-03-19 05:45:00+00:00,1.271255,1.271255,1.27075,1.270875,1684.6299706101418
2024-03-19 06:00:00+00:00,1.27088,1.27091,1.270165,1.270555,1991.1099643856287
2024-03-19 06:15:00+00:00,1.2705600000000001,1.2711450000000002,1.270545,1.2711100000000002,1557.77996866405
2024-03-19 06:30:00+00:00,1.27112,1.271235,1.2705199999999999,1.2705950000000001,2138.8799603134394
2024-03-19 06:45:00+00:00,1.2706,1.271045,1.27033,1.271015,2970.9199411794543
2024-03-19 07:00:00+00:00,1.2710050000000002,1.27102,1.27002,1.27032,2497.469955049455
2024-03-19 07:15:00+00:00,1.2702849999999999,1.27089,1.27026,1.270575,2050.859989285469
2024-03-19 07:30:00+00:00,1.2705700000000002,1.27068,1.2702200000000001,1.27033,1695.0299873948097
2024-03-19 07:45:00+00:00,1.270335,1.270475,1.26948,1.269915,1953.569989964366
2024-03-19 08:00:00+00:00,1.2699150000000001,1.2701799999999999,1.26946,1.26947,2379.2799795791507
2024-03-19 08:15:00+00:00,1.2693750000000001,1.26945,1.26862,1.2693699999999999,2181.0899872258306
2024-03-19 08:30:00+00:00,1.269365,1.269445,1.268395,1.268415,2012.6799931526184
2024-03-19 08:45:00+00:00,1.2684199999999999,1.26935,1.26841,1.268955,2265.3699754178524
2024-03-19 09:00:00+00:00,1.2689599999999999,1.26923,1.26845,1.268685,2114.009981215
2024-03-19 09:15:00+00:00,1.26868,1.2689599999999999,1.26789,1.267965,2362.8099938109517
2024-03-19 09:30:00+00:00,1.26797,1.26826,1.267355,1.26739,2157.0899906829
2024-03-19 09:45:00+00:00,1.267395,1.26748,1.266775,1.267135,2865.93997938931
2024-03-19 10:00:00+00:00,1.267125,1.26759,1.26705,1.267565,2076.9099862650037
2024-03-19 10:15:00+00:00,1.26756,1.26825,1.26727,1.2681749999999998,1648.3299839422107
2024-03-19 10:30:00+00:00,1.268185,1.26845,1.26786,1.268435,1912.44998755306
2024-03-19 10:45:00+00:00,1.26843,1.268435,1.26788,1.26816,1274.2299923300743
2024-03-19 11:00:00+00:00,1.268145,1.26849,1.26809,1.26847,1071.329995572567
2024-03-19 11:15:00+00:00,1.268475,1.2690000000000001,1.2684600000000001,1.26897,1165.4099866226315
2024-03-19 11:30:00+00:00,1.268975,1.269295,1.26892,1.269165,1264.049986064434
2024-03-19 11:45:00+00:00,1.26916,1.26948,1.26915,1.26924,1198.7999937534332
2024-03-19 12:00:00+00:00,1.269245,1.26959,1.26916,1.269485,2188.2899876609445
2024-03-19 12:15:00+00:00,1.2694800000000002,1.2695699999999999,1.269045,1.2692899999999998,1542.7499912828207
2024-03-19 12:30:00+00:00,1.269295,1.2705950000000001,1.269285,1.27055,3247.0199780017138
2024-03-19 12:45:00+00:00,1.2705549999999999,1.270885,1.269795,1.269935,2426.199975989759
2024-03-19 13:00:00+00:00,1.26993,1.27077,1.2699099999999999,1.270115,2515.0499864444137
2024-03-19 13:15:00+00:00,1.270125,1.270125,1.26965,1.269715,1337.2799854278564
2024-03-19 13:30:00+00:00,1.26971,1.270015,1.269395,1.26941,2163.929985292256
2024-03-19 13:45:00+00:00,1.26942,1.26992,1.269415,1.2698800000000001,2183.5099923312664
2024-03-19 14:00:00+00:00,1.2698749999999999,1.27047,1.2696450000000001,1.27047,2078.249980196357
2024-03-19 14:15:00+00:00,1.27046,1.27143,1.27042,1.27111,2037.0599885433912
2024-03-19 14:30:00+00:00,1.271105,1.271355,1.27098,1.2711350000000001,1755.959987923503
2024-03-19 14:45:00+00:00,1.2711299999999999,1.2716500000000002,1.2711000000000001,1.2715049999999999,1777.5699907839298
2024-03-19 15:00:00+00:00,1.271515,1.27152,1.27061,1.2706300000000001,1353.5099912583828
2024-03-19 15:15:00+00:00,1.270655,1.270755,1.27031,1.27043,1734.689995341003
2024-03-19 15:30:00+00:00,1.27044,1.270775,1.270245,1.270655,1682.54999345541
2024-03-19 15:45:00+00:00,1.27065,1.27136,1.270505,1.27109,1835.5999872535467
2024-03-19 16:00:00+00:00,1.271105,1.2717100000000001,1.27087,1.2716949999999998,1874.0499854162335
2024-03-19 16:15:00+00:00,1.2717,1.27226,1.27161,1.272185,1568.609970986843
2024-03-19 16:30:00+00:00,1.27219,1.27236,1.27184,1.2723550000000001,1706.969970613718
2024-03-19 16:45:00+00:00,1.272365,1.27261,1.272295,1.27255,1370.9999725446105
2024-03-19 17:00:00+00:00,1.272555,1.27298,1.272235,1.27261,2616.5499474406242
2024-03-19 17:15:00+00:00,1.2726250000000001,1.272975,1.27243,1.2729650000000001,1887.7299667820334
2024-03-19 17:30:00+00:00,1.2729599999999999,1.273295,1.27267,1.27274,1127.4099823459983
2024-03-19 17:45:00+00:00,1.272755,1.273125,1.272675,1.27297,1234.1699805110693
2024-03-19 18:00:00+00:00,1.2729650000000001,1.272985,1.272715,1.2727300000000001,1689.059972628951
2024-03-19 18:15:00+00:00,1.27271,1.272755,1.2722799999999999,1.272455,1342.8899819925427
2024-03-19 18:30:00+00:00,1.27245,1.27264,1.272245,1.27238,1394.5699795112014
2024-03-19 18:45:00+00:00,1.2724199999999999,1.27244,1.2721,1.2722250000000002,938.3999866619706
2024-03-19 19:00:00+00:00,1.27223,1.272435,1.27207,1.272265,1116.4699792042375
2024-03-19 19:15:00+00:00,1.27225,1.2726950000000001,1.27224,1.272345,1089.1199805215
2024-03-19 19:30:00+00:00,1.272335,1.272335,1.2720850000000001,1.272235,519.9599910974503
2024-03-19 19:45:00+00:00,1.272185,1.272285,1.272055,1.272145,1232.339979402721
2024-03-19 20:00:00+00:00,1.272125,1.27224,1.272055,1.2720799999999999,416.43999233841896
2024-03-19 20:15:00+00:00,1.272075,1.272185,1.272055,1.272065,418.42999291419983
2024-03-19 20:30:00+00:00,1.27204,1.272055,1.271895,1.272025,324.08999436348677
2024-03-19 20:45:00+00:00,1.272005,1.27218,1.2719900000000002,1.272145,981.6599801182747
2024-03-19 21:00:00+00:00,1.27217,1.2722600000000002,1.272145,1.272205,122.75999760627747
2024-03-19 21:15:00+00:00,1.2722,1.2722250000000002,1.272175,1.272195,123.24999786168337
2024-03-19 21:30:00+00:00,1.272195,1.272265,1.272105,1.272185,2676.3199669271708
2024-03-19 21:45:00+00:00,1.2721900000000002,1.27227,1.27211,1.272195,1067.779990553856
2024-03-19 22:00:00+00:00,1.2722099999999998,1.27226,1.272095,1.272255,2329.289964914322
2024-03-19 22:15:00+00:00,1.27226,1.27229,1.2721,1.272125,1417.4999778866768
2024-03-19 22:30:00+00:00,1.2721300000000002,1.2721550000000001,1.2719900000000002,1.2720500000000001,919.0799893140793
2024-03-19 22:45:00+00:00,1.272055,1.2721399999999998,1.27204,1.2720799999999999,424.07999616861343
2024-03-19 23:00:00+00:00,1.272095,1.2722950000000002,1.271905,1.271975,1323.0299851074815
2024-03-19 23:15:00+00:00,1.27198,1.2720850000000001,1.271955,1.2720799999999999,526.6199893280864
2024-03-19 23:30:00+00:00,1.272075,1.272085,1.27187,1.2720449999999999,709.4699892103672
2024-03-19 23:45:00+00:00,1.27204,1.27209,1.27177,1.2717800000000001,785.4599879309535
2024-03-20 00:00:00+00:00,1.2717749999999999,1.27187,1.2714400000000001,1.271445,1469.439972549677
2024-03-20 00:15:00+00:00,1.271445,1.271485,1.2710499999999998,1.27116,925.7799866199493
2024-03-20 00:30:00+00:00,1.2711549999999998,1.2717,1.2711199999999998,1.27166,892.199984125793
2024-03-20 00:45:00+00:00,1.271665,1.2719,1.27145,1.2717399999999999,1251.3599764928222
2024-03-20 01:00:00+00:00,1.271725,1.27188,1.27163,1.271765,1362.7499789446592
2024-03-20 01:15:00+00:00,1.27176,1.2718150000000001,1.2715100000000001,1.27166,1524.9599712565541
2024-03-20 01:30:00+00:00,1.27168,1.271715,1.2714050000000001,1.27159,1061.1899800002575
2024-03-20 01:45:00+00:00,1.271585,1.271855,1.2715,1.27164,1761.7499715685844
2024-03-20 02:00:00+00:00,1.27163,1.27192,1.2714400000000001,1.271875,1055.099979504943
2024-03-20 02:15:00+00:00,1.27187,1.27187,1.27155,1.27164,798.3599866852164
2024-03-20 02:30:00+00:00,1.271645,1.271785,1.2714699999999999,1.271765,898.1099846810102
2024-03-20 02:45:00+00:00,1.27176,1.272075,1.271665,1.27204,1834.8899731636047
2024-03-20 03:00:00+00:00,1.2720449999999999,1.272245,1.2718500000000001,1.27217,1431.899974681437
2024-03-20 03:15:00+00:00,1.2721749999999998,1.2723,1.271975,1.272185,1259.6399773657322
2024-03-20 03:30:00+00:00,1.27218,1.2722950000000002,1.272065,1.2720799999999999,1579.2899747416377
2024-03-20 03:45:00+00:00,1.2720699999999998,1.272435,1.2720699999999998,1.272385,989.8799874484539
2024-03-20 04:00:00+00:00,1.2723900000000001,1.272445,1.2721399999999998,1.27223,1173.8999788090587
2024-03-20 04:15:00+00:00,1.2722250000000002,1.272285,1.272075,1.27227,1556.9999729543924
2024-03-20 04:30:00+00:00,1.272275,1.27248,1.272245,1.272375,731.7599856704473
2024-03-20 04:45:00+00:00,1.27238,1.27238,1.2718099999999999,1.27188,1271.6099770665169
2024-03-20 05:00:00+00:00,1.271875,1.272095,1.271815,1.272075,2093.0999653190374
2024-03-20 05:15:00+00:00,1.27207,1.272075,1.2717749999999999,1.27184,1732.0199720188975
2024-03-20 05:30:00+00:00,1.271815,1.2721900000000002,1.271795,1.2721749999999998,1185.4799812808633
2024-03-20 05:45:00+00:00,1.27218,1.272205,1.271865,1.271915,1726.5899716615677
2024-03-20 06:00:00+00:00,1.27191,1.272125,1.27175,1.27209,976.3799806758761
2024-03-20 06:15:00+00:00,1.272095,1.27229,1.2720799999999999,1.272235,1952.369973897934
2024-03-20 06:30:00+00:00,1.27224,1.272465,1.27218,1.2721900000000002,1345.709975413978
2024-03-20 06:45:00+00:00,1.27218,1.27218,1.271215,1.27142,2509.2099589258432
2024-03-20 07:00:00+00:00,1.271395,1.2729949999999999,1.2699449999999999,1.27287,6559.889935173094
2024-03-20 07:15:00+00:00,1.2728350000000002,1.2728350000000002,1.271575,1.271975,1775.8199849054217
2024-03-20 07:30:00+00:00,1.27198,1.27215,1.2713999999999999,1.27164,2254.5899802446365
2024-03-20 07:45:00+00:00,1.271645,1.271695,1.2711700000000001,1.271395,3456.069969572127
2024-03-20 08:00:00+00:00,1.2713999999999999,1.271455,1.27047,1.27065,3216.71995382756
2024-03-20 08:15:00+00:00,1.270645,1.270665,1.270175,1.27036,2671.2099655121565
2024-03-20 08:30:00+00:00,1.27035,1.27035,1.2696049999999999,1.269865,2297.4899596124887
2024-03-20 08:45:00+00:00,1.269855,1.270495,1.269755,1.270365,1550.459973871708
2024-03-20 09:00:00+00:00,1.27034,1.2704499999999999,1.26935,1.26952,2102.6699674725533
2024-03-20 09:15:00+00:00,1.2695400000000001,1.269875,1.26899,1.269355,2174.3199708536267
2024-03-20 09:30:00+00:00,1.2693599999999998,1.2696450000000001,1.2691,1.2691,1772.549973294139
2024-03-20 09:45:00+00:00,1.2691050000000001,1.269325,1.2686899999999999,1.2692649999999999,1800.9699749201536
2024-03-20 10:00:00+00:00,1.2692700000000001,1.269825,1.26913,1.269825,1838.739977903664
2024-03-20 10:15:00+00:00,1.2698200000000002,1.2698200000000002,1.2690649999999999,1.269525,1920.2699738293886
2024-03-20 10:30:00+00:00,1.2695500000000002,1.26979,1.269415,1.269655,1426.0199800506234
2024-03-20 10:45:00+00:00,1.2696749999999999,1.269885,1.26949,1.26949,859.709984228015
2024-03-20 11:00:00+00:00,1.269495,1.2699150000000001,1.269365,1.269495,984.1499828249216
2024-03-20 11:15:00+00:00,1.2694899999999998,1.269655,1.26922,1.269635,1207.2899784073234
2024-03-20 11:30:00+00:00,1.269625,1.269725,1.26915,1.26928,1194.9299846887589
2024-03-20 11:45:00+00:00,1.2692899999999998,1.2696049999999999,1.269165,1.26933,1173.0899826735258
2024-03-20 12:00:00+00:00,1.26931,1.2695150000000002,1.2690100000000002,1.2690100000000002,1274.8199746757746
2024-03-20 12:15:00+00:00,1.269005,1.269195,1.2687499999999998,1.269015,1415.5799760743976
2024-03-20 12:30:00+00:00,1.269005,1.269025,1.2684549999999999,1.268685,1928.4599718302488
2024-03-20 12:45:00+00:00,1.2686700000000002,1.26947,1.26847,1.2693699999999999,3306.149960935116
2024-03-20 13:00:00+00:00,1.269345,1.269465,1.26901,1.26921,2224.379972860217
2024-03-20 13:15:00+00:00,1.2691949999999999,1.269335,1.268865,1.2692299999999999,2505.0299729183316
2024-03-20 13:30:00+00:00,1.269225,1.26932,1.26864,1.26931,2363.369965106249
2024-03-20 13:45:00+00:00,1.269315,1.270085,1.269185,1.270015,1552.3499736264348
2024-03-20 14:00:00+00:00,1.2700200000000001,1.270775,1.2698049999999999,1.270675,2933.579959668219
2024-03-20 14:15:00+00:00,1.27068,1.2708,1.270155,1.27028,2040.2099629864097
2024-03-20 14:30:00+00:00,1.27027,1.270995,1.27005,1.270775,2621.8499602526426
2024-03-20 14:45:00+00:00,1.270765,1.270775,1.270275,1.27048,2285.129967354238
2024-03-20 15:00:00+00:00,1.270475,1.2708599999999999,1.270465,1.270775,2301.249966196716
2024-03-20 15:15:00+00:00,1.2708,1.27112,1.2707899999999999,1.2710949999999999,1596.8699741065502
2024-03-20 15:30:00+00:00,1.27109,1.271155,1.27069,1.270885,1667.669976644218
2024-03-20 15:45:00+00:00,1.27089,1.27129,1.27077,1.271035,2457.5699649602175
2024-03-20 16:00:00+00:00,1.27104,1.271935,1.270905,1.2717,2043.7499780356884
2024-03-20 16:15:00+00:00,1.271705,1.271755,1.27146,1.271605,2029.4099731445312
2024-03-20 16:30:00+00:00,1.2716,1.271815,1.271175,1.271815,2093.0199761986732
2024-03-20 16:45:00+00:00,1.2718099999999999,1.271925,1.271595,1.27182,1780.1699739694595
2024-03-20 17:00:00+00:00,1.271815,1.27184,1.271305,1.27153,1879.919972717762
2024-03-20 17:15:00+00:00,1.27154,1.2719550000000002,1.2715100000000001,1.271685,1457.8499769419432
2024-03-20 17:30:00+00:00,1.27168,1.27172,1.271275,1.27162,1474.2299769371748
2024-03-20 17:45:00+00:00,1.271625,1.27215,1.27158,1.2719649999999998,2192.669967778027
2024-03-20 18:00:00+00:00,1.2719749999999999,1.275265,1.271905,1.2731599999999998,19289.749717205763
2024-03-20 18:15:00+00:00,1.273185,1.27384,1.2724449999999998,1.27375,7650.4798524826765
2024-03-20 18:30:00+00:00,1.273755,1.2763849999999999,1.27199,1.276075,18443.41972053051
2024-03-20 18:45:00+00:00,1.2761,1.27803,1.2761,1.27793,14062.979769609869
2024-03-20 19:00:00+00:00,1.277975,1.2780550000000002,1.27691,1.27704,9852.989843197167
2024-03-20 19:15:00+00:00,1.277045,1.2781799999999999,1.27664,1.2781449999999999,8185.699875831604
2024-03-20 19:30:00+00:00,1.27814,1.27867,1.278065,1.2782900000000001,4321.979921407998
2024-03-20 19:45:00+00:00,1.278285,1.27862,1.277855,1.27831,2938.889948949218
2024-03-20 20:00:00+00:00,1.2783,1.2784,1.2780749999999999,1.278355,1635.7499710023403
2024-03-20 20:15:00+00:00,1.27836,1.278375,1.27812,1.278175,1661.4999699741602
2024-03-20 20:30:00+00:00,1.2781699999999998,1.2784900000000001,1.278155,1.27846,1839.999972127378
2024-03-20 20:45:00+00:00,1.2784550000000001,1.2787250000000001,1.2784200000000001,1.27854,2266.1199549734592
2024-03-20 21:00:00+00:00,1.27855,1.27862,1.278535,1.2786,309.83999651670456
2024-03-20 21:15:00+00:00,1.27856,1.2786,1.278475,1.27851,141.53999792039394
2024-03-20 21:30:00+00:00,1.27851,1.27858,1.27846,1.27853,1329.6899800226092
2024-03-20 21:45:00+00:00,1.2785199999999999,1.2786149999999998,1.278395,1.278475,4138.769986145198
2024-03-20 22:00:00+00:00,1.27848,1.27889,1.27848,1.27882,929.0699965953827
2024-03-20 22:15:00+00:00,1.2788300000000001,1.27915,1.2788249999999999,1.27908,1635.839973628521
2024-03-20 22:30:00+00:00,1.279075,1.279215,1.279065,1.2792050000000001,680.5799847245216
2024-03-20 22:45:00+00:00,1.27922,1.2792949999999998,1.2790650000000001,1.27927,1074.8999797776341
2024-03-20 23:00:00+00:00,1.279265,1.27929,1.2791549999999998,1.27927,1476.5399906933308
2024-03-20 23:15:00+00:00,1.279265,1.2796,1.279175,1.27949,1132.6199829131365
2024-03-20 23:30:00+00:00,1.2795,1.279765,1.2794500000000002,1.279765,1722.029977299273
2024-03-20 23:45:00+00:00,1.27977,1.279825,1.27957,1.279795,905.5499843135476
2024-03-21 00:00:00+00:00,1.279785,1.27979,1.279285,1.279355,2677.829951249063
2024-03-21 00:15:00+00:00,1.27936,1.2796,1.278965,1.278985,1043.0399837195873
2024-03-21 00:30:00+00:00,1.2790300000000001,1.2795800000000002,1.278875,1.279175,4351.079935617745
2024-03-21 00:45:00+00:00,1.27918,1.2796699999999999,1.279055,1.279445,3969.0899376645684
2024-03-21 01:00:00+00:00,1.279455,1.2799800000000001,1.2794050000000001,1.2799,2706.3899489715695
2024-03-21 01:15:00+00:00,1.279895,1.280275,1.27986,1.28009,2668.5299527049065
2024-03-21 01:30:00+00:00,1.280095,1.28017,1.27957,1.2796699999999999,1917.539965480566
2024-03-21 01:45:00+00:00,1.279665,1.2799200000000002,1.279455,1.279545,2511.71995549649
2024-03-21 02:00:00+00:00,1.279535,1.2797800000000001,1.279255,1.27976,1478.2499718666077
2024-03-21 02:15:00+00:00,1.279755,1.279855,1.2794400000000001,1.279605,1596.8399706855416
2024-03-21 02:30:00+00:00,1.27961,1.27991,1.2795,1.279795,2199.5999641120434
2024-03-21 02:45:00+00:00,1.27979,1.27986,1.2794699999999999,1.27955,1723.7699746862054
2024-03-21 03:00:00+00:00,1.279545,1.279785,1.27945,1.2795649999999998,1348.1599766463041
2024-03-21 03:15:00+00:00,1.279575,1.279765,1.2795450000000002,1.2797399999999999,1162.259976617992
2024-03-21 03:30:00+00:00,1.27975,1.279845,1.27954,1.279715,2094.629969023168
2024-03-21 03:45:00+00:00,1.2797100000000001,1.2797399999999999,1.27952,1.27965,2030.1899656951427
2024-03-21 04:00:00+00:00,1.27964,1.2796750000000001,1.27943,1.27952,2544.56995832175
2024-03-21 04:15:00+00:00,1.2795299999999998,1.279555,1.279355,1.279425,2220.9299654960632
2024-03-21 04:30:00+00:00,1.27942,1.279535,1.279105,1.2791199999999998,3339.17994286865
2024-03-21 04:45:00+00:00,1.279125,1.279285,1.278945,1.2789700000000002,2634.779964469373
2024-03-21 05:00:00+00:00,1.278965,1.27915,1.278925,1.279045,2106.5999635905027
2024-03-21 05:15:00+00:00,1.27905,1.279225,1.27894,1.2791700000000001,1231.1099836304784
2024-03-21 05:30:00+00:00,1.2791649999999999,1.27968,1.279145,1.279215,3595.229948565364
2024-03-21 05:45:00+00:00,1.27922,1.279265,1.278845,1.278935,3881.969950221479
2024-03-21 06:00:00+00:00,1.278945,1.2796349999999999,1.278945,1.27956,3100.649949043989
2024-03-21 06:15:00+00:00,1.279555,1.27965,1.2793199999999998,1.279375,3342.4299533069134
2024-03-21 06:30:00+00:00,1.2793700000000001,1.279445,1.2791350000000001,1.2792050000000001,2947.529958501458
2024-03-21 06:45:00+00:00,1.279215,1.2795200000000002,1.27915,1.279445,2325.5099637135863
2024-03-21 07:00:00+00:00,1.279455,1.28034,1.2793299999999999,1.280145,2645.7699595689774
2024-03-21 07:15:00+00:00,1.280125,1.280135,1.2791350000000001,1.2793450000000002,2468.1399679407477
2024-03-21 07:30:00+00:00,1.279335,1.27945,1.278635,1.278875,2627.759960271418
2024-03-21 07:45:00+00:00,1.27887,1.278875,1.2783449999999998,1.278495,2518.1999681964517
2024-03-21 08:00:00+00:00,1.2785,1.279055,1.27831,1.2784200000000001,3238.379954829812
2024-03-21 08:15:00+00:00,1.278415,1.27859,1.27765,1.2777850000000002,4793.449935480952
2024-03-21 08:30:00+00:00,1.2778100000000001,1.27801,1.27625,1.27658,7253.609884046018
2024-03-21 08:45:00+00:00,1.2765499999999999,1.2768000000000002,1.276225,1.2765499999999999,3903.4499333798885
2024-03-21 09:00:00+00:00,1.2765399999999998,1.27713,1.27627,1.2770299999999999,3058.2699491381645
2024-03-21 09:15:00+00:00,1.27702,1.277685,1.276875,1.2775349999999999,3112.109953135252
2024-03-21 09:30:00+00:00,1.277545,1.278435,1.27702,1.277575,4017.9399531036615
2024-03-21 09:45:00+00:00,1.2775699999999999,1.27767,1.27708,1.277165,2979.0299589186907
2024-03-21 10:00:00+00:00,1.27715,1.2781699999999998,1.277145,1.27816,2539.859966635704
2024-03-21 10:15:00+00:00,1.278155,1.278495,1.2777599999999998,1.277875,2622.9899572879076
2024-03-21 10:30:00+00:00,1.27789,1.2779600000000002,1.2767249999999999,1.276745,2651.0999634563923
2024-03-21 10:45:00+00:00,1.27675,1.27708,1.2765499999999999,1.27665,2122.379967741668
2024-03-21 11:00:00+00:00,1.27664,1.27683,1.27622,1.276475,1843.4999767839909
2024-03-21 11:15:00+00:00,1.27648,1.27648,1.2753700000000001,1.27558,2540.819961167872
2024-03-21 11:30:00+00:00,1.27559,1.2756349999999999,1.27464,1.27481,2860.799951724708
2024-03-21 11:45:00+00:00,1.274815,1.2751700000000001,1.27439,1.274775,3099.92994761467
2024-03-21 12:00:00+00:00,1.27478,1.274975,1.272555,1.27383,7352.8799057379365
2024-03-21 12:15:00+00:00,1.273825,1.274805,1.27371,1.274715,3853.439938120544
2024-03-21 12:30:00+00:00,1.274735,1.2748149999999998,1.2730100000000002,1.273425,5804.449909411371
2024-03-21 12:45:00+00:00,1.27343,1.27407,1.2729249999999999,1.27355,4253.809933498502
2024-03-21 13:00:00+00:00,1.2735599999999998,1.27363,1.27276,1.2729,3632.729940921068
2024-03-21 13:15:00+00:00,1.272905,1.272915,1.271525,1.2716,3913.3299453034997
2024-03-21 13:30:00+00:00,1.271605,1.2724199999999999,1.27118,1.2719200000000002,5532.149916723371
2024-03-21 13:45:00+00:00,1.271935,1.272395,1.2706849999999998,1.27098,8406.049856737256
2024-03-21 14:00:00+00:00,1.270965,1.270995,1.2698049999999999,1.27012,6779.9398862197995
2024-03-21 14:15:00+00:00,1.2701449999999999,1.27075,1.269445,1.269505,4696.439931042492
2024-03-21 14:30:00+00:00,1.2694999999999999,1.27024,1.269015,1.269275,4935.579924687743
2024-03-21 14:45:00+00:00,1.269295,1.27044,1.26928,1.270225,3406.6199515908957
2024-03-21 15:00:00+00:00,1.27023,1.270235,1.267435,1.26745,3858.8299478143454
2024-03-21 15:15:00+00:00,1.2674400000000001,1.267775,1.26612,1.26651,3488.569941267371
2024-03-21 15:30:00+00:00,1.2665,1.2673,1.266235,1.26641,3134.7899583652616
2024-03-21 15:45:00+00:00,1.266415,1.2667950000000001,1.265865,1.266745,3935.3699408993125
2024-03-21 16:00:00+00:00,1.26674,1.267315,1.266455,1.267085,2801.5599551051855
2024-03-21 16:15:00+00:00,1.26709,1.26721,1.266465,1.26689,2035.859963260591
2024-03-21 16:30:00+00:00,1.2668849999999998,1.267175,1.266455,1.266525,1759.4699668809772
2024-03-21 16:45:00+00:00,1.26653,1.266655,1.266245,1.266455,1699.7999714314938
2024-03-21 17:00:00+00:00,1.26646,1.267015,1.26609,1.2669899999999998,1861.3199652060866
2024-03-21 17:15:00+00:00,1.266985,1.26707,1.266035,1.26617,1871.8299630358815
2024-03-21 17:30:00+00:00,1.266165,1.2663449999999998,1.265635,1.26567,2493.8699642419815
2024-03-21 17:45:00+00:00,1.2656749999999999,1.26576,1.2653400000000001,1.265555,2213.8899606466293
2024-03-21 18:00:00+00:00,1.26555,1.2658800000000001,1.265485,1.26576,1594.6499791294336
2024-03-21 18:15:00+00:00,1.2657500000000002,1.26616,1.2657500000000002,1.266095,1002.2399841174483
2024-03-21 18:30:00+00:00,1.26609,1.26635,1.26592,1.26605,1839.4399637654424
2024-03-21 18:45:00+00:00,1.266035,1.26611,1.265695,1.265795,1592.8599735200405
2024-03-21 19:00:00+00:00,1.26583,1.265865,1.26546,1.265505,1363.559978954494
2024-03-21 19:15:00+00:00,1.2655,1.2655150000000002,1.265165,1.265365,1438.1699764505029
2024-03-21 19:30:00+00:00,1.2653599999999998,1.26557,1.265325,1.26548,1371.329976029694
2024-03-21 19:45:00+00:00,1.265485,1.2656100000000001,1.265055,1.265095,1772.8799710422754
2024-03-21 20:00:00+00:00,1.265085,1.2653050000000001,1.265075,1.265275,748.6799867674708
2024-03-21 20:15:00+00:00,1.2652700000000001,1.265425,1.265185,1.265325,517.5799906253815
2024-03-21 20:30:00+00:00,1.26532,1.2654200000000002,1.265285,1.26531,676.0799881145358
2024-03-21 20:45:00+00:00,1.265325,1.265765,1.26531,1.265695,1506.0299758836627
2024-03-21 21:00:00+00:00,1.265685,1.2659600000000002,1.2655699999999999,1.26578,440.84999775886536
2024-03-21 21:15:00+00:00,1.265755,1.26586,1.2655750000000001,1.26573,321.20999363809824
2024-03-21 21:30:00+00:00,1.265705,1.26581,1.265585,1.265665,2079.8999514579773
2024-03-21 21:45:00+00:00,1.26572,1.265825,1.26558,1.26576,2934.6099599078298
2024-03-21 22:00:00+00:00,1.265745,1.2657500000000002,1.265545,1.265635,781.189993917942
2024-03-21 22:15:00+00:00,1.2656299999999998,1.26584,1.2656299999999998,1.265745,342.21999728679657
2024-03-21 22:30:00+00:00,1.2657349999999998,1.26585,1.26569,1.265745,556.7799959778786
2024-03-21 22:45:00+00:00,1.26574,1.265765,1.26566,1.265735,861.4799878746271
2024-03-21 23:00:00+00:00,1.26573,1.26577,1.265515,1.265745,1787.969999231398
2024-03-21 23:15:00+00:00,1.26577,1.2659850000000001,1.2657150000000001,1.26592,437.8499900698662
2024-03-21 23:30:00+00:00,1.2659250000000002,1.2661950000000002,1.26592,1.266175,973.4399827718735
2024-03-21 23:45:00+00:00,1.266165,1.26634,1.26594,1.26605,836.2299879342318
2024-03-22 00:00:00+00:00,1.266045,1.266435,1.26601,1.26643,1223.699982829392
2024-03-22 00:15:00+00:00,1.266415,1.2670050000000002,1.266385,1.26696,1189.7099827751517
2024-03-22 00:30:00+00:00,1.26698,1.267255,1.266965,1.267235,940.1899830549955
2024-03-22 00:45:00+00:00,1.26722,1.2674750000000001,1.2670499999999998,1.26734,910.769981123507
2024-03-22 01:00:00+00:00,1.26733,1.26745,1.2670400000000002,1.26745,989.3099794089794
2024-03-22 01:15:00+00:00,1.267455,1.267545,1.26671,1.26682,1564.1999722197652
2024-03-22 01:30:00+00:00,1.26681,1.266855,1.265885,1.26593,2374.949960999191
2024-03-22 01:45:00+00:00,1.26599,1.266225,1.26508,1.26521,2396.7299613952637
2024-03-22 02:00:00+00:00,1.265205,1.26539,1.264405,1.2644199999999999,1974.1299736052752
2024-03-22 02:15:00+00:00,1.26444,1.26509,1.264435,1.2648549999999998,1838.2799665108323
2024-03-22 02:30:00+00:00,1.26486,1.2648899999999998,1.2641200000000001,1.2643900000000001,1925.729968868196
2024-03-22 02:45:00+00:00,1.264385,1.264595,1.2638500000000001,1.263975,2804.409963108599
2024-03-22 03:00:00+00:00,1.26397,1.26425,1.26365,1.263655,1759.0299778878689
2024-03-22 03:15:00+00:00,1.2637,1.2638099999999999,1.2634400000000001,1.26356,2679.0699663311243
2024-03-22 03:30:00+00:00,1.263565,1.26454,1.263545,1.264375,2301.1199611723423
2024-03-22 03:45:00+00:00,1.26438,1.26452,1.264205,1.264285,1989.9299671426415
2024-03-22 04:00:00+00:00,1.26428,1.26429,1.264015,1.26414,2702.249950543046
2024-03-22 04:15:00+00:00,1.264145,1.26434,1.264055,1.264155,2942.2799488008022
2024-03-22 04:30:00+00:00,1.26416,1.264325,1.264035,1.26417,1564.619972474873
2024-03-22 04:45:00+00:00,1.2641499999999999,1.26431,1.264035,1.2642,1889.189977876842
2024-03-22 05:00:00+00:00,1.264205,1.264555,1.264185,1.26426,3039.6299593895674
2024-03-22 05:15:00+00:00,1.264255,1.264525,1.26417,1.2644099999999998,2358.7499738633633
2024-03-22 05:30:00+00:00,1.264415,1.26444,1.263415,1.263645,2843.9199519976974
2024-03-22 05:45:00+00:00,1.26362,1.264305,1.263615,1.264255,1308.8999762013555
2024-03-22 06:00:00+00:00,1.264215,1.264215,1.26359,1.263925,2224.4999612495303
2024-03-22 06:15:00+00:00,1.26392,1.2641499999999999,1.26343,1.263515,1921.1099693775177
2024-03-22 06:30:00+00:00,1.263525,1.26353,1.2626499999999998,1.2627,1766.3699719384313
2024-03-22 06:45:00+00:00,1.262695,1.262845,1.262365,1.2626400000000002,2528.099963463843
2024-03-22 07:00:00+00:00,1.2626,1.263015,1.2620749999999998,1.2626400000000002,3735.5599428489804
2024-03-22 07:15:00+00:00,1.262635,1.262655,1.2613699999999999,1.261415,2756.339951425791
2024-03-22 07:30:00+00:00,1.2614049999999999,1.261435,1.260125,1.2601550000000001,3931.7099544778466
2024-03-22 07:45:00+00:00,1.26016,1.26082,1.2598799999999999,1.2606950000000001,2604.2199686542153
2024-03-22 08:00:00+00:00,1.2606899999999999,1.260875,1.259005,1.259155,3268.4099548235536
2024-03-22 08:15:00+00:00,1.25916,1.25923,1.2585,1.2588949999999999,3173.229953594506
2024-03-22 08:30:00+00:00,1.25889,1.259525,1.25858,1.2594400000000001,2150.609969690442
2024-03-22 08:45:00+00:00,1.25945,1.259905,1.258845,1.259765,2000.7299738675356
2024-03-22 09:00:00+00:00,1.25977,1.26025,1.2597550000000002,1.25976,3620.4799548611045
2024-03-22 09:15:00+00:00,1.259755,1.26025,1.25915,1.25915,1766.4299730286002
2024-03-22 09:30:00+00:00,1.259145,1.259155,1.2585000000000002,1.258765,1461.0299744606018
2024-03-22 09:45:00+00:00,1.25877,1.25897,1.258435,1.25873,1752.4499705657363
2024-03-22 10:00:00+00:00,1.258735,1.258735,1.25753,1.257685,2504.2799659892917
2024-03-22 10:15:00+00:00,1.257695,1.25844,1.25755,1.258205,2254.259969368577
2024-03-22 10:30:00+00:00,1.25821,1.25847,1.257935,1.2581449999999998,1652.1699757277966
2024-03-22 10:45:00+00:00,1.2581950000000002,1.258675,1.25815,1.2583449999999998,2006.0499733388424
2024-03-22 11:00:00+00:00,1.258355,1.258875,1.25815,1.25875,1715.5299835205078
2024-03-22 11:15:00+00:00,1.258745,1.258765,1.25823,1.25844,1696.6299769580364
2024-03-22 11:30:00+00:00,1.258435,1.2585700000000002,1.257885,1.2581099999999998,1711.0499808564782
2024-03-22 11:45:00+00:00,1.258105,1.258355,1.2577099999999999,1.25834,1833.9999768212438
2024-03-22 12:00:00+00:00,1.258345,1.259865,1.258185,1.259735,3461.869957514107
2024-03-22 12:15:00+00:00,1.2597399999999999,1.2610299999999999,1.25968,1.260845,3763.3199485242367
2024-03-22 12:30:00+00:00,1.26085,1.2620200000000001,1.2606549999999999,1.2620200000000001,3618.0999517813325
2024-03-22 12:45:00+00:00,1.26199,1.262105,1.26166,1.261975,3097.799956448376
2024-03-22 13:00:00+00:00,1.2619799999999999,1.262105,1.261135,1.261525,2624.189960345626
2024-03-22 13:15:00+00:00,1.261545,1.261925,1.26114,1.261225,1916.8499699383974
2024-03-22 13:30:00+00:00,1.26126,1.2617349999999998,1.260775,1.2616,3452.399943612516
2024-03-22 13:45:00+00:00,1.2616049999999999,1.262265,1.2612800000000002,1.262075,2966.5499512702227
2024-03-22 14:00:00+00:00,1.26208,1.262395,1.261125,1.261195,3081.1099465191364
2024-03-22 14:15:00+00:00,1.2612,1.26123,1.260375,1.260555,2412.5399641767144
2024-03-22 14:30:00+00:00,1.260535,1.260725,1.26009,1.260615,2240.189964286983
2024-03-22 14:45:00+00:00,1.260625,1.26083,1.260195,1.260615,2114.4499670416117
2024-03-22 15:00:00+00:00,1.26061,1.260715,1.2601399999999998,1.260645,1985.549969151616
2024-03-22 15:15:00+00:00,1.260635,1.260735,1.26029,1.260595,1925.6499637141824
2024-03-22 15:30:00+00:00,1.2605849999999998,1.2605849999999998,1.25959,1.25993,1813.4799727201462
2024-03-22 15:45:00+00:00,1.259945,1.2603550000000001,1.259495,1.260095,3154.5099556297064
2024-03-22 16:00:00+00:00,1.260075,1.26063,1.26006,1.260155,3190.98994871974
2024-03-22 16:15:00+00:00,1.260145,1.260145,1.259365,1.2600449999999999,1841.7299670353532
2024-03-22 16:30:00+00:00,1.260055,1.260265,1.25973,1.2600850000000001,1397.279977940023
2024-03-22 16:45:00+00:00,1.26009,1.26014,1.259505,1.259505,1174.6199807673693
2024-03-22 17:00:00+00:00,1.259495,1.259935,1.258965,1.25901,2726.49996291101
2024-03-22 17:15:00+00:00,1.259015,1.259425,1.258755,1.2593100000000002,1489.1899758651853
2024-03-22 17:30:00+00:00,1.259305,1.259405,1.259045,1.259395,1463.5199780017138
2024-03-22 17:45:00+00:00,1.2593999999999999,1.25964,1.25895,1.259245,818.6699887216091
2024-03-22 18:00:00+00:00,1.2592050000000001,1.25936,1.258985,1.25935,992.7899842262268
2024-03-22 18:15:00+00:00,1.259355,1.25955,1.25921,1.2594699999999999,1156.1399812623858
2024-03-22 18:30:00+00:00,1.25946,1.2595450000000001,1.2591450000000002,1.25925,1213.8899823352695
2024-03-22 18:45:00+00:00,1.25926,1.259375,1.259115,1.25916,1027.0499843508005
2024-03-22 19:00:00+00:00,1.2591700000000001,1.25927,1.258925,1.25894,1349.9399828910828
2024-03-22 19:15:00+00:00,1.25895,1.25895,1.2585700000000002,1.258885,1043.3699853047729
2024-03-22 19:30:00+00:00,1.258875,1.2592599999999998,1.258865,1.259165,1456.1399749591947
2024-03-22 19:45:00+00:00,1.2591700000000001,1.25948,1.25899,1.2594400000000001,1422.5099748969078
2024-03-22 20:00:00+00:00,1.2594500000000002,1.25975,1.2592249999999998,1.25967,1343.1899819076061
2024-03-22 20:15:00+00:00,1.259675,1.259865,1.259655,1.259855,951.5999866649508
2024-03-22 20:30:00+00:00,1.2598449999999999,1.260045,1.259835,1.259915,1122.5399778485298
2024-03-22 20:45:00+00:00,1.2599200000000002,1.260135,1.25989,1.2601,2909.1699715554714
2024-03-25 00:00:00+00:00,1.259755,1.260195,1.259725,1.25995,1232.5799800157547
2024-03-25 00:15:00+00:00,1.259945,1.25998,1.25918,1.25923,1293.869977682829
2024-03-25 00:30:00+00:00,1.2592249999999998,1.259435,1.2592249999999998,1.259375,955.3799814283848
2024-03-25 00:45:00+00:00,1.259365,1.25957,1.25931,1.259465,1049.249977901578
2024-03-25 01:00:00+00:00,1.259475,1.25984,1.259475,1.259735,1000.679980315268
2024-03-25 01:15:00+00:00,1.259725,1.26113,1.259725,1.2608100000000002,4703.799938999116
2024-03-25 01:30:00+00:00,1.26078,1.26144,1.26056,1.261255,3180.069948270917
2024-03-25 01:45:00+00:00,1.26125,1.2613400000000001,1.2610649999999999,1.2613400000000001,2141.079981304705
2024-03-25 02:00:00+00:00,1.2613400000000001,1.26148,1.2611750000000002,1.261385,3319.919953405857
2024-03-25 02:15:00+00:00,1.26139,1.26139,1.261075,1.261285,1631.4999821409583
2024-03-25 02:30:00+00:00,1.2612899999999998,1.2616100000000001,1.2612,1.26158,2051.439975552261
2024-03-25 02:45:00+00:00,1.2615850000000002,1.26172,1.261515,1.26156,752.1299945563078
2024-03-25 03:00:00+00:00,1.2615699999999999,1.2615699999999999,1.261165,1.2613949999999998,1296.3899842053652
2024-03-25 03:15:00+00:00,1.26139,1.26147,1.26093,1.26093,907.1999856680632
2024-03-25 03:30:00+00:00,1.2609400000000002,1.261025,1.2605499999999998,1.26064,869.0699828863144
2024-03-25 03:45:00+00:00,1.260645,1.26087,1.2604700000000002,1.260625,912.0599827095866
2024-03-25 04:00:00+00:00,1.2606199999999999,1.260715,1.26045,1.260635,743.219987154007
2024-03-25 04:15:00+00:00,1.260655,1.2607,1.260465,1.2606700000000002,613.109988681972
2024-03-25 04:30:00+00:00,1.260665,1.260765,1.26047,1.260645,1168.5299797356129
2024-03-25 04:45:00+00:00,1.26065,1.26067,1.26043,1.26057,573.2099903076887
2024-03-25 05:00:00+00:00,1.2605650000000002,1.2609249999999999,1.2605650000000002,1.26086,1107.5399804264307
2024-03-25 05:15:00+00:00,1.260865,1.2611750000000002,1.2607849999999998,1.2609499999999998,812.4399859309196
2024-03-25 05:30:00+00:00,1.260985,1.261255,1.26098,1.261135,1082.879980199039
2024-03-25 05:45:00+00:00,1.2611249999999998,1.261435,1.2607499999999998,1.261395,1118.5199782177806
2024-03-25 06:00:00+00:00,1.26139,1.26139,1.26097,1.261365,1367.8899818956852
2024-03-25 06:15:00+00:00,1.26136,1.26136,1.26086,1.2609,1707.8199779763818
2024-03-25 06:30:00+00:00,1.260895,1.2609,1.260625,1.2607949999999999,1295.6099846959114
2024-03-25 06:45:00+00:00,1.26079,1.2607949999999999,1.26051,1.2606700000000002,1075.59998357296
2024-03-25 07:00:00+00:00,1.260665,1.2608549999999998,1.260135,1.2608549999999998,1707.659974746406
2024-03-25 07:15:00+00:00,1.260845,1.2608899999999998,1.2604099999999998,1.260645,1551.7799730822444
2024-03-25 07:30:00+00:00,1.26064,1.261005,1.25995,1.2608549999999998,1660.4999780356884
2024-03-25 07:45:00+00:00,1.26084,1.26097,1.26025,1.260255,2441.6999612897635
2024-03-25 08:00:00+00:00,1.26025,1.261045,1.259695,1.261035,2205.199968442321
2024-03-25 08:15:00+00:00,1.26104,1.261685,1.26097,1.26128,1970.199973270297
2024-03-25 08:30:00+00:00,1.261285,1.26135,1.25953,1.259555,1976.3299676403403
2024-03-25 08:45:00+00:00,1.2595399999999999,1.26092,1.259515,1.260855,2076.0899708494544
2024-03-25 09:00:00+00:00,1.260865,1.261115,1.259985,1.2607300000000001,2484.119961820543
2024-03-25 09:15:00+00:00,1.260715,1.261225,1.26059,1.261025,1558.6799814254045
2024-03-25 09:30:00+00:00,1.26102,1.2615349999999999,1.260775,1.26152,1634.0899781808257
2024-03-25 09:45:00+00:00,1.26154,1.261735,1.26115,1.261455,2393.2199703380466
2024-03-25 10:00:00+00:00,1.2614450000000001,1.2620149999999999,1.26136,1.261965,1574.9099757820368
2024-03-25 10:15:00+00:00,1.26196,1.2623,1.261655,1.26187,1597.6799766719341
2024-03-25 10:30:00+00:00,1.261905,1.26197,1.261675,1.2618800000000001,1707.5699727162719
2024-03-25 10:45:00+00:00,1.261885,1.26269,1.261865,1.262565,1608.599973961711
2024-03-25 11:00:00+00:00,1.2625600000000001,1.262875,1.2623199999999999,1.262775,1354.7899794206023
2024-03-25 11:15:00+00:00,1.2627799999999998,1.263375,1.26247,1.2630599999999998,1947.8799738809466
2024-03-25 11:30:00+00:00,1.26307,1.263435,1.262975,1.263215,1369.4099831059575
2024-03-25 11:45:00+00:00,1.2631999999999999,1.263995,1.2631700000000001,1.26364,2006.1899710819125
2024-03-25 12:00:00+00:00,1.263655,1.2644950000000001,1.263655,1.263965,2285.9499635472894
2024-03-25 12:15:00+00:00,1.2639749999999998,1.26414,1.26362,1.263725,1467.449975170195
2024-03-25 12:30:00+00:00,1.26372,1.264675,1.26372,1.264575,1760.15997325629
2024-03-25 12:45:00+00:00,1.26457,1.2646549999999999,1.263855,1.2638600000000002,2205.809972204268
2024-03-25 13:00:00+00:00,1.2638449999999999,1.2647599999999999,1.26366,1.264635,1947.5099652335048
2024-03-25 13:15:00+00:00,1.264645,1.26467,1.263715,1.26372,1302.8399762883782
2024-03-25 13:30:00+00:00,1.263725,1.2648700000000002,1.26372,1.264445,2101.6199689283967
2024-03-25 13:45:00+00:00,1.2644549999999999,1.264905,1.2643550000000001,1.26452,2128.6399721056223
2024-03-25 14:00:00+00:00,1.264535,1.26488,1.2644099999999998,1.264645,2657.619965940714
2024-03-25 14:15:00+00:00,1.264685,1.265235,1.26454,1.265035,1658.7199722230434
2024-03-25 14:30:00+00:00,1.26502,1.2650700000000001,1.2645499999999998,1.264625,1901.6399668380618
2024-03-25 14:45:00+00:00,1.264635,1.264735,1.2641200000000001,1.2646950000000001,1743.7199744358659
2024-03-25 15:00:00+00:00,1.264685,1.264685,1.263865,1.264075,1962.6299708783627
2024-03-25 15:15:00+00:00,1.264085,1.2642250000000002,1.263675,1.2638,1173.569982998073
2024-03-25 15:30:00+00:00,1.26379,1.2643,1.2637450000000001,1.264275,963.839984998107
2024-03-25 15:45:00+00:00,1.264265,1.26483,1.264205,1.264445,2279.4499686434865
2024-03-25 16:00:00+00:00,1.26445,1.264535,1.263815,1.2641,1696.5799743309617
2024-03-25 16:15:00+00:00,1.26411,1.264205,1.263685,1.2641749999999998,1578.2599722072482
2024-03-25 16:30:00+00:00,1.264185,1.26436,1.263835,1.264025,952.4999852403998
2024-03-25 16:45:00+00:00,1.26403,1.264075,1.263875,1.26389,583.4399909749627
2024-03-25 17:00:00+00:00,1.263895,1.264185,1.2637800000000001,1.2638150000000001,1498.1999805420637
2024-03-25 17:15:00+00:00,1.263805,1.26384,1.2635399999999999,1.26384,770.0399850308895
2024-03-25 17:30:00+00:00,1.26386,1.26422,1.2637800000000001,1.264105,604.6099921241403
2024-03-25 17:45:00+00:00,1.2641,1.264145,1.263825,1.263965,815.9099913686514
2024-03-25 18:00:00+00:00,1.26397,1.26407,1.263805,1.26382,508.85999163240194
2024-03-25 18:15:00+00:00,1.2638150000000001,1.2638850000000001,1.263645,1.2638099999999999,739.379986576736
2024-03-25 18:30:00+00:00,1.263805,1.263875,1.26367,1.263775,1453.989980109036
2024-03-25 18:45:00+00:00,1.26375,1.263935,1.263625,1.2637800000000001,971.0699848234653
2024-03-25 19:00:00+00:00,1.263785,1.263795,1.263525,1.2637049999999999,785.9699851050973
2024-03-25 19:15:00+00:00,1.26371,1.26404,1.2637049999999999,1.2640250000000002,557.9999898672104
2024-03-25 19:30:00+00:00,1.26402,1.26402,1.2637399999999999,1.263865,644.9999895840883
2024-03-25 19:45:00+00:00,1.263855,1.26395,1.2637550000000002,1.26383,649.1099927946925
2024-03-25 20:00:00+00:00,1.2638349999999998,1.2638500000000001,1.2637399999999999,1.2638150000000001,251.9799969047308
2024-03-25 20:15:00+00:00,1.26382,1.26384,1.26371,1.26371,236.15999686717987
2024-03-25 20:30:00+00:00,1.263695,1.26383,1.263595,1.2637399999999999,760.979984164238
2024-03-25 20:45:00+00:00,1.2637450000000001,1.2637450000000001,1.2635299999999998,1.26369,941.7099811062217
2024-03-25 21:00:00+00:00,1.2637,1.263875,1.263645,1.26374,239.99999517202377
2024-03-25 21:15:00+00:00,1.263725,1.263985,1.263665,1.263875,329.4399961307645
2024-03-25 21:30:00+00:00,1.26386,1.2639200000000002,1.26372,1.2638250000000002,1875.4099576175213
2024-03-25 21:45:00+00:00,1.2638,1.26391,1.26359,1.26373,2716.749965250492
2024-03-25 22:00:00+00:00,1.26374,1.26377,1.2636,1.2637399999999999,681.2999853491783
2024-03-25 22:15:00+00:00,1.2637450000000001,1.2638600000000002,1.263735,1.26384,623.6999884843826
2024-03-25 22:30:00+00:00,1.2638449999999999,1.2638600000000002,1.263715,1.2638500000000001,902.6999903321266
2024-03-25 22:45:00+00:00,1.263855,1.2638699999999998,1.263655,1.263665,505.19999608397484
2024-03-25 23:00:00+00:00,1.2636699999999998,1.26388,1.263625,1.2637299999999998,956.3699894621968
2024-03-25 23:15:00+00:00,1.26374,1.263785,1.263605,1.2636349999999998,290.1299944296479
2024-03-25 23:30:00+00:00,1.263645,1.263805,1.2636349999999998,1.263725,217.2599955573678
2024-03-25 23:45:00+00:00,1.26372,1.26375,1.2636150000000002,1.26362,195.11999690532684
2024-03-26 00:00:00+00:00,1.263625,1.2638349999999998,1.26353,1.2635450000000001,871.9499805942178
2024-03-26 00:15:00+00:00,1.26355,1.263665,1.26343,1.26362,607.1399872228503
2024-03-26 00:30:00+00:00,1.263605,1.26402,1.263605,1.26393,832.4699857607484
2024-03-26 00:45:00+00:00,1.2639399999999998,1.26432,1.2639399999999998,1.26424,930.6599808260798
2024-03-26 01:00:00+00:00,1.264235,1.26436,1.264015,1.26427,1320.6299744322896
2024-03-26 01:15:00+00:00,1.264275,1.2647300000000001,1.26404,1.264285,2493.2199530228972
2024-03-26 01:30:00+00:00,1.26429,1.2643550000000001,1.26387,1.2639999999999998,1660.0199680402875
2024-03-26 01:45:00+00:00,1.2640099999999999,1.264265,1.26392,1.2642250000000002,1876.589966751635
2024-03-26 02:00:00+00:00,1.26422,1.26436,1.2640500000000001,1.26432,1485.329973705113
2024-03-26 02:15:00+00:00,1.2643149999999999,1.264625,1.264285,1.26461,1930.7399667352438
2024-03-26 02:30:00+00:00,1.264605,1.264665,1.26448,1.264575,1250.6099796816707
2024-03-26 02:45:00+00:00,1.264585,1.264635,1.2640500000000001,1.2641499999999999,1481.7899762317538
2024-03-26 03:00:00+00:00,1.264145,1.26448,1.2640500000000001,1.2640500000000001,1374.359978787601
2024-03-26 03:15:00+00:00,1.26406,1.264145,1.264035,1.26406,1576.6199761107564
2024-03-26 03:30:00+00:00,1.264055,1.264125,1.26364,1.26367,1291.6499788835645
2024-03-26 03:45:00+00:00,1.263675,1.2638150000000001,1.2636150000000002,1.26373,630.5699880495667
2024-03-26 04:00:00+00:00,1.263725,1.264055,1.2637,1.26402,751.3199878185987
2024-03-26 04:15:00+00:00,1.264015,1.264075,1.26384,1.264025,922.379982791841
2024-03-26 04:30:00+00:00,1.264015,1.2641300000000002,1.26391,1.26393,816.1199849024415
2024-03-26 04:45:00+00:00,1.263945,1.26432,1.26388,1.264205,574.6799883767962
2024-03-26 05:00:00+00:00,1.2642,1.264335,1.26403,1.264255,1325.7899736315012
2024-03-26 05:15:00+00:00,1.26425,1.26431,1.26407,1.264275,399.2999906986952
2024-03-26 05:30:00+00:00,1.26428,1.264415,1.264095,1.2644000000000002,1075.0199805498123
2024-03-26 05:45:00+00:00,1.264405,1.26479,1.264335,1.26461,1450.7099816128612
2024-03-26 06:00:00+00:00,1.264605,1.2649750000000002,1.26453,1.264945,1018.9799800813198
2024-03-26 06:15:00+00:00,1.264955,1.265165,1.2647599999999999,1.26515,676.5899867862463
2024-03-26 06:30:00+00:00,1.265155,1.265895,1.265155,1.2652800000000002,1269.899981021881
2024-03-26 06:45:00+00:00,1.2652999999999999,1.26566,1.26519,1.26546,941.3999805897474
2024-03-26 07:00:00+00:00,1.265455,1.26559,1.26512,1.265255,946.4899833127856
2024-03-26 07:15:00+00:00,1.26526,1.2652700000000001,1.264935,1.265245,951.7199852839112
2024-03-26 07:30:00+00:00,1.26524,1.265395,1.26493,1.26525,1823.0999742597342
2024-03-26 07:45:00+00:00,1.26524,1.26529,1.264845,1.2651050000000001,1549.4399753510952
2024-03-26 08:00:00+00:00,1.26509,1.26509,1.264345,1.264555,1881.6699675992131
2024-03-26 08:15:00+00:00,1.26456,1.265135,1.264535,1.265135,1152.0599818006158
2024-03-26 08:30:00+00:00,1.26514,1.2655349999999999,1.2650649999999999,1.265345,1172.7299774810672
2024-03-26 08:45:00+00:00,1.265355,1.265375,1.2646600000000001,1.264935,1252.619977839291
2024-03-26 09:00:00+00:00,1.26494,1.265285,1.2640099999999999,1.26496,3187.319952696562
2024-03-26 09:15:00+00:00,1.264955,1.266175,1.26462,1.266175,2217.719963721931
2024-03-26 09:30:00+00:00,1.26616,1.26638,1.2653400000000001,1.265475,2057.3299653232098
2024-03-26 09:45:00+00:00,1.26545,1.265865,1.2653349999999999,1.26545,1984.749968379736
2024-03-26 10:00:00+00:00,1.265455,1.26646,1.26535,1.266435,1615.3499727994204
2024-03-26 10:15:00+00:00,1.266425,1.26675,1.26599,1.266425,1459.9799800515175
2024-03-26 10:30:00+00:00,1.26642,1.2668,1.265885,1.265995,1684.4299788996577
2024-03-26 10:45:00+00:00,1.265985,1.266295,1.26567,1.26567,1413.4199831783772
2024-03-26 11:00:00+00:00,1.2656749999999999,1.26616,1.26559,1.26579,1290.179981417954
2024-03-26 11:15:00+00:00,1.265795,1.26599,1.265555,1.2658,1173.749983407557
2024-03-26 11:30:00+00:00,1.265805,1.2662900000000001,1.26579,1.26611,1615.5299753695726
2024-03-26 11:45:00+00:00,1.26612,1.26621,1.26516,1.265315,2134.3199698477983
2024-03-26 12:00:00+00:00,1.26531,1.2656450000000001,1.26517,1.2655750000000001,2432.909972459078
2024-03-26 12:15:00+00:00,1.2655699999999999,1.2655699999999999,1.26416,1.2643499999999999,2804.7199570834637
2024-03-26 12:30:00+00:00,1.264345,1.26498,1.263965,1.26409,3659.5099426433444
2024-03-26 12:45:00+00:00,1.264095,1.26431,1.2638,1.264,3102.329954750836
2024-03-26 13:00:00+00:00,1.2639900000000002,1.264925,1.26391,1.2647,2531.2599680274725
2024-03-26 13:15:00+00:00,1.264695,1.264785,1.263615,1.26421,1900.829969279468
2024-03-26 13:30:00+00:00,1.2642,1.264325,1.26352,1.264055,2095.619971163571
2024-03-26 13:45:00+00:00,1.26406,1.26434,1.2635900000000002,1.264275,2492.439962245524
2024-03-26 14:00:00+00:00,1.26421,1.26455,1.2631000000000001,1.26331,3099.4199559539557
2024-03-26 14:15:00+00:00,1.263315,1.263535,1.26258,1.2627,1993.1099682748318
2024-03-26 14:30:00+00:00,1.262695,1.26384,1.2624,1.2635399999999999,2510.2799622043967
2024-03-26 14:45:00+00:00,1.2635450000000001,1.26355,1.26311,1.263325,2286.2199671193957
2024-03-26 15:00:00+00:00,1.26334,1.263415,1.262735,1.26287,1874.2799741476774
2024-03-26 15:15:00+00:00,1.2628650000000001,1.26385,1.262845,1.26355,2260.2599648833275
2024-03-26 15:30:00+00:00,1.263555,1.26356,1.262825,1.263075,2074.9499716088176
2024-03-26 15:45:00+00:00,1.263085,1.26355,1.26234,1.2628300000000001,4046.179945938289
2024-03-26 16:00:00+00:00,1.262835,1.263305,1.2624900000000001,1.26272,2471.7699621245265
2024-03-26 16:15:00+00:00,1.262725,1.26285,1.262205,1.26284,1397.9099783971906
2024-03-26 16:30:00+00:00,1.262845,1.26338,1.262675,1.263245,1516.979976221919
2024-03-26 16:45:00+00:00,1.2632349999999999,1.2634699999999999,1.26294,1.262955,1679.759974129498
2024-03-26 17:00:00+00:00,1.26295,1.26357,1.26274,1.2634400000000001,1975.5599658042192
2024-03-26 17:15:00+00:00,1.2634349999999999,1.263455,1.262785,1.26312,992.7999818921089
2024-03-26 17:30:00+00:00,1.263115,1.26332,1.262875,1.26301,1091.9499814659357
2024-03-26 17:45:00+00:00,1.263005,1.263005,1.26269,1.26273,1010.1499842852354
2024-03-26 18:00:00+00:00,1.262725,1.262855,1.26254,1.262745,798.0599873289466
2024-03-26 18:15:00+00:00,1.26275,1.263065,1.262725,1.26305,622.5299909561872
2024-03-26 18:30:00+00:00,1.263085,1.263215,1.26303,1.26316,705.7799904122949
2024-03-26 18:45:00+00:00,1.26316,1.26316,1.262645,1.2627350000000002,1036.2999839186668
2024-03-26 19:00:00+00:00,1.262725,1.26326,1.2627199999999998,1.263115,872.1599882468581
2024-03-26 19:15:00+00:00,1.26311,1.2631700000000001,1.26284,1.262845,828.2999893277884
2024-03-26 19:30:00+00:00,1.26285,1.262955,1.262715,1.26285,878.469987347722
2024-03-26 19:45:00+00:00,1.262855,1.2629350000000001,1.262355,1.262355,919.5299885943532
2024-03-26 20:00:00+00:00,1.262365,1.2625199999999999,1.2623,1.26247,461.3099928498268
2024-03-26 20:15:00+00:00,1.262465,1.26261,1.26246,1.2625950000000001,636.8399901539087
2024-03-26 20:30:00+00:00,1.2626,1.262865,1.2624900000000001,1.26257,1043.6299850419164
2024-03-26 20:45:00+00:00,1.2625600000000001,1.26281,1.2625549999999999,1.262775,1314.9299736693501
2024-03-26 21:00:00+00:00,1.26275,1.26301,1.26275,1.262815,292.7999974489212
2024-03-26 21:15:00+00:00,1.262815,1.263065,1.262495,1.262995,931.2199874073267
2024-03-26 21:30:00+00:00,1.26301,1.26301,1.26288,1.262925,841.889979571104
2024-03-26 21:45:00+00:00,1.26292,1.262965,1.262835,1.2629350000000001,2461.3199793696404
2024-03-26 22:00:00+00:00,1.2628949999999999,1.26312,1.2627799999999998,1.2628050000000002,1138.8599789142609
2024-03-26 22:15:00+00:00,1.26281,1.262885,1.262785,1.2628599999999999,751.4999840259552
2024-03-26 22:30:00+00:00,1.26285,1.26285,1.26275,1.26281,757.3799889013171
2024-03-26 22:45:00+00:00,1.262805,1.2629350000000001,1.2627700000000002,1.262805,504.62999150902033
2024-03-26 23:00:00+00:00,1.26281,1.2629350000000001,1.2628,1.26292,1458.9199902117252
2024-03-26 23:15:00+00:00,1.262915,1.262915,1.26272,1.262745,378.8099924325943
2024-03-26 23:30:00+00:00,1.26275,1.26281,1.26262,1.26281,546.4499911293387
2024-03-26 23:45:00+00:00,1.2628050000000002,1.262825,1.262705,1.262775,537.8099914640188
2024-03-27 00:00:00+00:00,1.2627799999999998,1.2627799999999998,1.26242,1.26244,1023.8599800243974
2024-03-27 00:15:00+00:00,1.262445,1.2624499999999999,1.262065,1.2621850000000001,1094.849979236722
2024-03-27 00:30:00+00:00,1.2621799999999999,1.2621850000000001,1.26181,1.261995,1645.3499752804637
2024-03-27 00:45:00+00:00,1.262,1.2624650000000002,1.261985,1.262175,1336.3199818134308
2024-03-27 01:00:00+00:00,1.2621449999999999,1.26228,1.26207,1.2621799999999999,1081.67998367548
2024-03-27 01:15:00+00:00,1.2621850000000001,1.26228,1.2616299999999998,1.2617099999999999,1573.4999721944332
2024-03-27 01:30:00+00:00,1.2616999999999998,1.2617099999999999,1.261145,1.261485,2238.2999594807625
2024-03-27 01:45:00+00:00,1.261495,1.261685,1.2613699999999999,1.261635,1978.3799637109041
2024-03-27 02:00:00+00:00,1.26166,1.2617500000000001,1.26148,1.261555,1117.889976233244
2024-03-27 02:15:00+00:00,1.2615150000000002,1.2615150000000002,1.261235,1.261355,1704.9699719399214
2024-03-27 02:30:00+00:00,1.26135,1.261475,1.261155,1.261235,1193.6399837508798
2024-03-27 02:45:00+00:00,1.26124,1.261455,1.26119,1.261365,1220.0699785798788
2024-03-27 03:00:00+00:00,1.2614049999999999,1.261545,1.261145,1.26145,1954.9899629428983
2024-03-27 03:15:00+00:00,1.26148,1.261715,1.26136,1.26154,1864.5899681448936
2024-03-27 03:30:00+00:00,1.2615349999999999,1.261775,1.26087,1.26125,1252.6199775785208
2024-03-27 03:45:00+00:00,1.261235,1.261505,1.261155,1.26139,1038.2099810019135
2024-03-27 04:00:00+00:00,1.261385,1.2617,1.261385,1.2616749999999999,988.1399808898568
2024-03-27 04:15:00+00:00,1.2616800000000001,1.2618,1.261625,1.26179,991.0199826434255
2024-03-27 04:30:00+00:00,1.26178,1.261825,1.26172,1.26178,1056.8699852079153
2024-03-27 04:45:00+00:00,1.261785,1.261795,1.261645,1.2617500000000001,1156.3799780532718
2024-03-27 05:00:00+00:00,1.261745,1.26177,1.26152,1.26152,1292.99997882545
2024-03-27 05:15:00+00:00,1.261525,1.261535,1.261345,1.2614649999999998,1416.2699817344546
2024-03-27 05:30:00+00:00,1.26146,1.2616800000000001,1.261415,1.2616200000000002,1660.70997928828
2024-03-27 05:45:00+00:00,1.261615,1.2617500000000001,1.26129,1.26145,1824.0299736484885
2024-03-27 06:00:00+00:00,1.26142,1.261865,1.26132,1.261755,2100.269969984889
2024-03-27 06:15:00+00:00,1.261775,1.2618399999999999,1.261435,1.26152,1954.859970882535
2024-03-27 06:30:00+00:00,1.2615,1.26193,1.261445,1.2618800000000001,2126.399981446564
2024-03-27 06:45:00+00:00,1.2618900000000002,1.262135,1.2617500000000001,1.26206,1940.8499722927809
2024-03-27 07:00:00+00:00,1.262075,1.262515,1.261625,1.26231,2925.2499546930194
2024-03-27 07:15:00+00:00,1.262305,1.263185,1.262295,1.26265,2522.3399597257376
2024-03-27 07:30:00+00:00,1.262665,1.263015,1.2624900000000001,1.262875,2114.6999648585916
2024-03-27 07:45:00+00:00,1.26287,1.263065,1.262555,1.26298,1584.4899817481637
2024-03-27 08:00:00+00:00,1.262995,1.263195,1.26238,1.262425,2657.6099606454372
2024-03-27 08:15:00+00:00,1.26243,1.26251,1.261995,1.26202,1027.6799830049276
2024-03-27 08:30:00+00:00,1.262005,1.26233,1.26166,1.261965,1412.03998105973
2024-03-27 08:45:00+00:00,1.261975,1.262515,1.26192,1.262205,1319.459979340434
2024-03-27 09:00:00+00:00,1.26221,1.26339,1.2619449999999999,1.263305,3516.0299522802234
2024-03-27 09:15:00+00:00,1.263315,1.263785,1.2632249999999998,1.2632249999999998,2793.279957190156
2024-03-27 09:30:00+00:00,1.2631999999999999,1.263245,1.2620749999999998,1.262475,3206.9999545812607
2024-03-27 09:45:00+00:00,1.26246,1.262925,1.262085,1.26262,2287.679960593581
2024-03-27 10:00:00+00:00,1.2626249999999999,1.263105,1.26245,1.262595,1631.7199709936976
2024-03-27 10:15:00+00:00,1.262585,1.26295,1.26258,1.26288,1851.5699696987867
2024-03-27 10:30:00+00:00,1.262865,1.26364,1.26281,1.2632949999999998,1600.8499725535512
2024-03-27 10:45:00+00:00,1.2633,1.26346,1.2631999999999999,1.26331,1071.1199831068516
2024-03-27 11:00:00+00:00,1.263275,1.263585,1.262935,1.26328,1775.0099756121635
2024-03-27 11:15:00+00:00,1.263265,1.26365,1.263045,1.263595,1217.809978917241
2024-03-27 11:30:00+00:00,1.263605,1.26386,1.26268,1.262705,1354.3899812847376
2024-03-27 11:45:00+00:00,1.2627,1.26271,1.261085,1.26156,1988.6499726623297
2024-03-27 12:00:00+00:00,1.261565,1.26163,1.260785,1.26112,2575.589964196086
2024-03-27 12:15:00+00:00,1.261125,1.261835,1.26112,1.261615,1831.0499761626124
2024-03-27 12:30:00+00:00,1.2616100000000001,1.261975,1.261495,1.261915,1466.5899773016572
2024-03-27 12:45:00+00:00,1.261935,1.26213,1.2616749999999999,1.2616800000000001,1553.4399799481034
2024-03-27 13:00:00+00:00,1.26166,1.261695,1.260905,1.26121,2468.2999632507563
2024-03-27 13:15:00+00:00,1.261215,1.261425,1.26085,1.261215,2126.6699719429016
2024-03-27 13:30:00+00:00,1.2612,1.26148,1.26055,1.26079,3273.7499548718333
2024-03-27 13:45:00+00:00,1.260785,1.26192,1.260695,1.26178,3226.9199543446302
2024-03-27 14:00:00+00:00,1.261785,1.2620200000000001,1.26138,1.261935,3334.7999556064606
2024-03-27 14:15:00+00:00,1.261925,1.26253,1.261885,1.2621850000000001,1704.4099727272987
2024-03-27 14:30:00+00:00,1.2621799999999999,1.26295,1.262175,1.262615,2151.9399622678757
2024-03-27 14:45:00+00:00,1.2626300000000001,1.26298,1.2621850000000001,1.262225,1872.1299652159214
2024-03-27 15:00:00+00:00,1.2622149999999999,1.262935,1.26205,1.262895,2142.3699710294604
2024-03-27 15:15:00+00:00,1.2629000000000001,1.262975,1.262135,1.262245,1352.3099833726883
2024-03-27 15:30:00+00:00,1.2622399999999998,1.26261,1.26205,1.26238,1673.1599806919694
2024-03-27 15:45:00+00:00,1.26239,1.26298,1.262295,1.2628949999999999,3270.8399564623833
2024-03-27 16:00:00+00:00,1.26289,1.263245,1.262595,1.262605,2121.499973349273
2024-03-27 16:15:00+00:00,1.2626,1.262615,1.262295,1.262585,1546.7399742528796
2024-03-27 16:30:00+00:00,1.2625899999999999,1.2628300000000001,1.262465,1.262825,1712.329979300499
2024-03-27 16:45:00+00:00,1.262835,1.263335,1.2628,1.2631000000000001,1325.549984805286
2024-03-27 17:00:00+00:00,1.263085,1.263475,1.26246,1.262505,2072.309975348413
2024-03-27 17:15:00+00:00,1.262495,1.26326,1.262495,1.263125,1190.6499886959791
2024-03-27 17:30:00+00:00,1.26312,1.2632400000000001,1.262675,1.26291,1043.2499845921993
2024-03-27 17:45:00+00:00,1.262905,1.263035,1.262585,1.2628300000000001,1200.7799832597375
2024-03-27 18:00:00+00:00,1.2628249999999999,1.263125,1.26271,1.263085,874.7399873882532
2024-03-27 18:15:00+00:00,1.26308,1.263215,1.262995,1.263145,815.18998555094
2024-03-27 18:30:00+00:00,1.26315,1.26334,1.263,1.263245,677.7599910125136
2024-03-27 18:45:00+00:00,1.2632349999999999,1.263385,1.2631649999999999,1.263255,647.5499914214015
2024-03-27 19:00:00+00:00,1.26327,1.263395,1.26309,1.263145,627.3599914684892
2024-03-27 19:15:00+00:00,1.26314,1.263475,1.26314,1.263335,1078.1399835720658
2024-03-27 19:30:00+00:00,1.26335,1.263655,1.263305,1.2635299999999998,742.4399869516492
2024-03-27 19:45:00+00:00,1.263525,1.263805,1.2633899999999998,1.2637399999999999,1568.93997400254
2024-03-27 20:00:00+00:00,1.2637450000000001,1.2640449999999999,1.263725,1.2639749999999998,537.8399915918708
2024-03-27 20:15:00+00:00,1.26396,1.2641,1.2639399999999998,1.263995,356.1899950504303
2024-03-27 20:30:00+00:00,1.2639999999999998,1.264115,1.2639749999999998,1.26398,308.5099949464202
2024-03-27 20:45:00+00:00,1.263985,1.264125,1.26398,1.26403,769.5599864348769
2024-03-27 21:00:00+00:00,1.2640500000000001,1.2640500000000001,1.26357,1.26366,433.9299994111061
2024-03-27 21:15:00+00:00,1.26364,1.263945,1.2635450000000001,1.263875,712.6299905776978
2024-03-27 21:30:00+00:00,1.2638850000000001,1.26407,1.263735,1.2638099999999999,903.6899839639664
2024-03-27 21:45:00+00:00,1.263825,1.26387,1.26373,1.26377,938.0699864029884
2024-03-27 22:00:00+00:00,1.263755,1.2637800000000001,1.261655,1.261835,2261.519959449768
2024-03-27 22:15:00+00:00,1.261875,1.2622,1.2618749999999999,1.262025,967.0499849915504
2024-03-27 22:30:00+00:00,1.26205,1.2622149999999999,1.261865,1.26205,1028.7899873033166
2024-03-27 22:45:00+00:00,1.262065,1.262075,1.2614049999999999,1.261685,1723.289982996881
2024-03-27 23:00:00+00:00,1.261705,1.26181,1.26145,1.26167,1369.4199877753854
2024-03-27 23:15:00+00:00,1.2616800000000001,1.262155,1.261635,1.261825,564.599990233779
2024-03-27 23:30:00+00:00,1.2618200000000002,1.26199,1.261625,1.2616800000000001,370.1099939197302
2024-03-27 23:45:00+00:00,1.2616900000000002,1.2618900000000002,1.26163,1.261695,348.02999383211136
2024-03-28 00:00:00+00:00,1.2617099999999999,1.26181,1.261115,1.261145,1196.9099829420447
2024-03-28 00:15:00+00:00,1.26115,1.262025,1.261135,1.2618800000000001,979.7099868580699
2024-03-28 00:30:00+00:00,1.261885,1.26203,1.2618049999999998,1.26183,1499.7599767297506
2024-03-28 00:45:00+00:00,1.261835,1.262685,1.261835,1.2625899999999999,2162.6099716201425
2024-03-28 01:00:00+00:00,1.262605,1.262695,1.262055,1.2623449999999998,1360.7699807211757
2024-03-28 01:15:00+00:00,1.26234,1.2626,1.2623000000000002,1.2625899999999999,1571.12997815758
2024-03-28 01:30:00+00:00,1.262595,1.26271,1.26212,1.2621950000000002,1608.0999725535512
2024-03-28 01:45:00+00:00,1.26219,1.26261,1.2621699999999998,1.2625600000000001,1727.819974012673
2024-03-28 02:00:00+00:00,1.262555,1.26318,1.26253,1.2631700000000001,1535.099981725216
2024-03-28 02:15:00+00:00,1.263175,1.26336,1.2631700000000001,1.263315,2321.0399662405252
2024-03-28 02:30:00+00:00,1.26332,1.263485,1.2631299999999999,1.263195,1768.3799678906798
2024-03-28 02:45:00+00:00,1.26319,1.26321,1.262915,1.2629700000000001,1263.1499817371368
2024-03-28 03:00:00+00:00,1.26296,1.2631649999999999,1.262845,1.26316,1586.8199716731906
2024-03-28 03:15:00+00:00,1.2631649999999999,1.263325,1.2631000000000001,1.263285,1182.2399837970734
2024-03-28 03:30:00+00:00,1.26328,1.2634050000000001,1.26295,1.263,1157.8499826341867
2024-03-28 03:45:00+00:00,1.262985,1.262985,1.26271,1.26276,800.2499899640679
2024-03-28 04:00:00+00:00,1.262765,1.262995,1.262715,1.26298,631.1099935546517
2024-03-28 04:15:00+00:00,1.262985,1.2631999999999999,1.262915,1.263045,969.8099905103445
2024-03-28 04:30:00+00:00,1.263065,1.2631649999999999,1.2629350000000001,1.262975,1159.1999866738915
2024-03-28 04:45:00+00:00,1.262985,1.2631000000000001,1.2629800000000002,1.263095,529.7399913072586
2024-03-28 05:00:00+00:00,1.2631000000000001,1.263225,1.26299,1.263125,665.4599897861481
2024-03-28 05:15:00+00:00,1.263145,1.26359,1.263125,1.26352,774.9299863278866
2024-03-28 05:30:00+00:00,1.263515,1.26372,1.26343,1.2637,1295.519978441298
2024-03-28 05:45:00+00:00,1.26368,1.263705,1.263175,1.263175,1461.3599732369184
2024-03-28 06:00:00+00:00,1.263185,1.2631899999999998,1.262775,1.2629199999999998,1416.5999780669808
2024-03-28 06:15:00+00:00,1.2629100000000002,1.263035,1.262765,1.26292,861.1199890598655
2024-03-28 06:30:00+00:00,1.262915,1.262925,1.2624849999999999,1.26277,1019.5799838155508
2024-03-28 06:45:00+00:00,1.262775,1.262925,1.262365,1.262875,1161.6999833881855
2024-03-28 07:00:00+00:00,1.2628599999999999,1.2629000000000001,1.261845,1.261965,2052.4799723252654
2024-03-28 07:15:00+00:00,1.2619500000000001,1.2620200000000001,1.261155,1.2612999999999999,1879.8899680227041
2024-03-28 07:30:00+00:00,1.261305,1.261885,1.261305,1.2617,2160.549970790744
2024-03-28 07:45:00+00:00,1.2617,1.26181,1.2612649999999999,1.2616399999999999,2052.78997182101
2024-03-28 08:00:00+00:00,1.261665,1.2617,1.260685,1.260925,2360.969968549907
2024-03-28 08:15:00+00:00,1.260915,1.261045,1.26063,1.26083,1594.5699748694897
2024-03-28 08:30:00+00:00,1.2608199999999998,1.26095,1.260335,1.2607599999999999,1395.2699805274606
2024-03-28 08:45:00+00:00,1.260765,1.26102,1.260565,1.2606549999999999,1241.099983394146
2024-03-28 09:00:00+00:00,1.260665,1.260735,1.25927,1.25928,1874.7299762442708
2024-03-28 09:15:00+00:00,1.2592750000000001,1.2593,1.258595,1.25902,1898.769971691072
2024-03-28 09:30:00+00:00,1.259005,1.259445,1.259005,1.25934,1448.0799768045545
2024-03-28 09:45:00+00:00,1.259335,1.259435,1.259105,1.259295,1146.8499838337302
2024-03-28 10:00:00+00:00,1.25929,1.260475,1.259125,1.260325,1437.599980071187
2024-03-28 10:15:00+00:00,1.26033,1.261145,1.26033,1.261035,1612.529979288578
2024-03-28 10:30:00+00:00,1.261075,1.26178,1.261045,1.26158,2360.5599712729454
2024-03-28 10:45:00+00:00,1.2615750000000001,1.26217,1.261375,1.261475,2178.1499764695764
2024-03-28 11:00:00+00:00,1.26148,1.262105,1.2613599999999998,1.26206,1403.429982855916
2024-03-28 11:15:00+00:00,1.262055,1.26262,1.262045,1.2623199999999999,1269.8799812570214
2024-03-28 11:30:00+00:00,1.262325,1.2625,1.261805,1.261845,1095.5599842742085
2024-03-28 11:45:00+00:00,1.26186,1.261995,1.261155,1.26121,1215.9899825006723
2024-03-28 12:00:00+00:00,1.261205,1.2621850000000001,1.26113,1.2620200000000001,1757.0099719241261
2024-03-28 12:15:00+00:00,1.26201,1.26233,1.261885,1.2622149999999999,1908.5099750757217
2024-03-28 12:30:00+00:00,1.2621699999999998,1.262915,1.261825,1.2628,4493.049924664199
2024-03-28 12:45:00+00:00,1.2627950000000001,1.264265,1.26247,1.26407,3366.179946243763
2024-03-28 13:00:00+00:00,1.2640799999999999,1.26519,1.263825,1.26384,4421.8999568372965
2024-03-28 13:15:00+00:00,1.263835,1.26403,1.26306,1.263385,2915.7499611526728
2024-03-28 13:30:00+00:00,1.263395,1.264,1.263225,1.263885,2742.599953196943
2024-03-28 13:45:00+00:00,1.26387,1.264875,1.26385,1.264615,2509.139960229397
2024-03-28 14:00:00+00:00,1.26464,1.265475,1.26386,1.264055,5297.489925377071
2024-03-28 14:15:00+00:00,1.264075,1.2641149999999999,1.263315,1.26364,2376.939963296056
2024-03-28 14:30:00+00:00,1.263655,1.2643550000000001,1.26352,1.26395,2333.669960282743
2024-03-28 14:45:00+00:00,1.26396,1.2641550000000001,1.26324,1.263575,2509.739957675338
2024-03-28 15:00:00+00:00,1.26355,1.26355,1.262435,1.26263,1986.1799720674753
2024-03-28 15:15:00+00:00,1.2626249999999999,1.26389,1.26254,1.26369,1591.469971358776
2024-03-28 15:30:00+00:00,1.2636850000000002,1.2637900000000002,1.263125,1.26336,2066.1599739193916
2024-03-28 15:45:00+00:00,1.26335,1.26382,1.262165,1.263165,5260.349938817322
2024-03-28 16:00:00+00:00,1.2631649999999999,1.263585,1.262695,1.26321,3114.8799553215504
2024-03-28 16:15:00+00:00,1.26323,1.264215,1.26323,1.2640799999999999,1927.7399678900838
2024-03-28 16:30:00+00:00,1.264095,1.26451,1.26389,1.264205,1752.5899752527475
2024-03-28 16:45:00+00:00,1.2642,1.2644549999999999,1.26334,1.2634349999999999,1433.159979738295
2024-03-28 17:00:00+00:00,1.263445,1.2637399999999999,1.263005,1.263225,3156.1899693980813
2024-03-28 17:15:00+00:00,1.26321,1.26321,1.262525,1.262765,1712.3699833154678
2024-03-28 17:30:00+00:00,1.26276,1.2628599999999999,1.2624650000000002,1.2625,1328.0699838027358
2024-03-28 17:45:00+00:00,1.262505,1.26269,1.2623799999999998,1.26251,1013.8799858167768
2024-03-28 18:00:00+00:00,1.262515,1.262865,1.2620399999999998,1.262135,1340.9699803069234
2024-03-28 18:15:00+00:00,1.26215,1.26231,1.26213,1.26215,1217.1699829399586
2024-03-28 18:30:00+00:00,1.262155,1.262305,1.26196,1.2619699999999998,775.8299878761172
2024-03-28 18:45:00+00:00,1.2619449999999999,1.26226,1.26156,1.26221,1210.9799806177616
2024-03-28 19:00:00+00:00,1.262205,1.262365,1.261985,1.262085,1164.119980752468
2024-03-28 19:15:00+00:00,1.26208,1.26235,1.261965,1.26226,903.1799843236804
2024-03-28 19:30:00+00:00,1.26227,1.262345,1.262075,1.26215,918.8099868968129
2024-03-28 19:45:00+00:00,1.262145,1.2622550000000001,1.262035,1.2620749999999998,1130.4699855670333
2024-03-28 20:00:00+00:00,1.26208,1.26217,1.2617850000000002,1.261935,916.1499841734767
2024-03-28 20:15:00+00:00,1.26194,1.262115,1.26189,1.262095,571.5599895715714
2024-03-28 20:30:00+00:00,1.2621,1.2623950000000002,1.262095,1.2623950000000002,401.97999288886786
2024-03-28 20:45:00+00:00,1.262405,1.262445,1.2621,1.262375,2299.529967918992
2024-03-28 21:00:00+00:00,1.262375,1.262375,1.262275,1.26234,129.71999763697386
2024-03-28 21:15:00+00:00,1.26228,1.26349,1.262205,1.26234,1813.7099860534072
2024-03-28 21:30:00+00:00,1.262345,1.2624,1.26226,1.262315,1856.5799922943115
2024-03-28 21:45:00+00:00,1.2623000000000002,1.2623449999999998,1.2619850000000001,1.262125,2525.939983189106
2024-03-28 22:00:00+00:00,1.26213,1.262545,1.2619250000000002,1.262495,877.629988104105
2024-03-28 22:15:00+00:00,1.2625,1.2628,1.2623099999999998,1.2623700000000002,2464.1999859809875
2024-03-28 22:30:00+00:00,1.262375,1.2625000000000002,1.2623250000000001,1.26242,955.9199960976839
2024-03-28 22:45:00+00:00,1.26241,1.26253,1.262405,1.26243,1011.7499965578318
2024-03-28 23:00:00+00:00,1.2624900000000001,1.2625250000000001,1.262365,1.26248,3489.2399299889803
2024-03-28 23:15:00+00:00,1.26247,1.2626650000000001,1.262425,1.2626,5425.589953459799
2024-03-28 23:30:00+00:00,1.262635,1.2627549999999998,1.262385,1.26246,4221.899915933609
2024-03-28 23:45:00+00:00,1.2624499999999999,1.2625600000000001,1.26216,1.26219,5639.399930238724
2024-03-29 00:00:00+00:00,1.2621850000000001,1.262245,1.2621,1.262155,1870.469959139824
2024-03-29 00:15:00+00:00,1.262135,1.262405,1.262115,1.262295,829.2599833011627
2024-03-29 00:30:00+00:00,1.262315,1.2623250000000001,1.26195,1.26199,312.24999375641346
2024-03-29 00:45:00+00:00,1.2619799999999999,1.262915,1.261965,1.262585,1406.7899758517742
2024-03-29 01:00:00+00:00,1.26255,1.2628599999999999,1.2625099999999998,1.26282,1247.3099756836891
2024-03-29 01:15:00+00:00,1.262825,1.26312,1.262675,1.26273,1651.0499665141106
2024-03-29 01:30:00+00:00,1.26274,1.262745,1.2624149999999998,1.26243,481.0499882698059
2024-03-29 01:45:00+00:00,1.262425,1.26247,1.26239,1.26247,345.5999935865402
2024-03-29 02:00:00+00:00,1.2624650000000002,1.2624650000000002,1.26166,1.2620749999999998,3914.819964185357
2024-03-29 02:15:00+00:00,1.26205,1.26223,1.26203,1.26221,6121.799992084503
2024-03-29 02:30:00+00:00,1.262225,1.262235,1.261665,1.261975,3769.3799306303263
2024-03-29 02:45:00+00:00,1.26197,1.262,1.26193,1.261965,578.0699918270111
2024-03-29 03:00:00+00:00,1.26196,1.2623350000000002,1.2619500000000001,1.26228,563.9999889582396
2024-03-29 03:15:00+00:00,1.2622849999999999,1.26244,1.26226,1.262355,563.3999860286713
2024-03-29 03:30:00+00:00,1.262375,1.26245,1.26235,1.262405,151.19999623298645
2024-03-29 03:45:00+00:00,1.2624,1.2624300000000002,1.2622849999999999,1.2622900000000001,363.68999069929123
2024-03-29 04:00:00+00:00,1.2622749999999998,1.26247,1.26227,1.2624399999999998,207.8099950104952
2024-03-29 04:15:00+00:00,1.262445,1.26246,1.262385,1.2624,591.4799880981445
2024-03-29 04:30:00+00:00,1.262395,1.26242,1.2623,1.262315,841.5899808108807
2024-03-29 04:45:00+00:00,1.26231,1.2623199999999999,1.26227,1.2622900000000001,393.02999194711447
2024-03-29 05:00:00+00:00,1.262295,1.26231,1.26174,1.26215,1594.8599766120315
2024-03-29 05:15:00+00:00,1.26216,1.2621950000000002,1.2620200000000001,1.2620200000000001,275.27999433130026
2024-03-29 05:30:00+00:00,1.262025,1.262035,1.26196,1.262,131.03999733924866
2024-03-29 05:45:00+00:00,1.26201,1.2620399999999998,1.261935,1.261965,193.49999606609344
2024-03-29 06:00:00+00:00,1.2619799999999999,1.2619850000000001,1.261855,1.26189,428.24999356269836
2024-03-29 06:15:00+00:00,1.261895,1.26234,1.26189,1.2622,559.5299873352051
2024-03-29 06:30:00+00:00,1.262205,1.262225,1.26214,1.26221,1899.2699859142303
2024-03-29 06:45:00+00:00,1.2622200000000001,1.26227,1.2618800000000001,1.26191,429.4499929398298
2024-03-29 07:00:00+00:00,1.261895,1.26211,1.26189,1.262065,576.5099869221449
2024-03-29 07:15:00+00:00,1.26205,1.262365,1.26202,1.262335,260.18999379873276
2024-03-29 07:30:00+00:00,1.26234,1.26266,1.2623199999999999,1.2625700000000002,242.21999552845955
2024-03-29 07:45:00+00:00,1.262545,1.26261,1.2618,1.2618399999999999,870.7399831339717
2024-03-29 08:00:00+00:00,1.261845,1.2623,1.26182,1.262245,762.1499852240086
2024-03-29 08:15:00+00:00,1.26224,1.2623099999999998,1.262235,1.2622550000000001,292.4899925291538
2024-03-29 08:30:00+00:00,1.262265,1.2625449999999998,1.26223,1.2625,577.3499881252646
2024-03-29 08:45:00+00:00,1.262495,1.2626300000000001,1.2624849999999999,1.26262,286.8299939632416
2024-03-29 09:00:00+00:00,1.26261,1.26273,1.262445,1.26268,276.26999474316835
2024-03-29 09:15:00+00:00,1.26268,1.26268,1.262365,1.26238,249.32999473065138
2024-03-29 09:30:00+00:00,1.26239,1.2624,1.26193,1.262065,527.6199904978275
2024-03-29 09:45:00+00:00,1.26206,1.2621799999999999,1.26133,1.2614100000000001,852.1799830123782
2024-03-29 10:00:00+00:00,1.26144,1.2619,1.26131,1.2616749999999999,2985.9299623668194
2024-03-29 10:15:00+00:00,1.26166,1.262005,1.26166,1.261885,1467.629963517189
2024-03-29 10:30:00+00:00,1.2618800000000001,1.26197,1.261665,1.261705,867.4499804228544
2024-03-29 10:45:00+00:00,1.2617,1.261705,1.26128,1.26145,690.0899857133627
2024-03-29 11:00:00+00:00,1.26147,1.26147,1.26098,1.2610700000000001,885.1899861395359
2024-03-29 11:15:00+00:00,1.261085,1.2622900000000001,1.261045,1.261295,1975.5699860453606
2024-03-29 11:30:00+00:00,1.261285,1.261495,1.261165,1.261495,392.4599926173687
2024-03-29 11:45:00+00:00,1.261515,1.2616049999999999,1.261415,1.26146,276.9899944290519
2024-03-29 12:00:00+00:00,1.2614649999999998,1.2621250000000002,1.26146,1.2619500000000001,704.3699870556593
2024-03-29 12:15:00+00:00,1.26193,1.2619500000000001,1.26131,1.261455,969.5999948084354
2024-03-29 12:30:00+00:00,1.26147,1.263705,1.26147,1.26329,1610.7299810945988
2024-03-29 12:45:00+00:00,1.263285,1.2633450000000002,1.263065,1.263315,351.47999503463507
2024-03-29 13:00:00+00:00,1.2633100000000002,1.2634150000000002,1.26329,1.26338,341.0099921822548
2024-03-29 13:15:00+00:00,1.26339,1.264245,1.26335,1.264145,1827.0899668335915
2024-03-29 13:30:00+00:00,1.2641499999999999,1.2641499999999999,1.263655,1.263995,1586.5799848884344
2024-03-29 13:45:00+00:00,1.264,1.264525,1.26399,1.26447,556.0799909755588
2024-03-29 14:00:00+00:00,1.264475,1.264485,1.263585,1.26362,2165.1499924361706
2024-03-29 14:15:00+00:00,1.263625,1.263635,1.2635649999999998,1.263625,791.7899850830436
2024-03-29 14:30:00+00:00,1.26362,1.2636500000000002,1.26328,1.26341,1742.309984922409
2024-03-29 14:45:00+00:00,1.26341,1.2640850000000001,1.263395,1.26386,1571.1299953460693
2024-03-29 15:00:00+00:00,1.26384,1.263855,1.26349,1.2637399999999999,603.6299880743027
2024-03-29 15:15:00+00:00,1.26375,1.263855,1.263675,1.2638150000000001,443.51999020576477
2024-03-29 15:30:00+00:00,1.2638349999999998,1.263855,1.263495,1.2635100000000001,3114.989955328405
2024-03-29 15:45:00+00:00,1.263515,1.26369,1.263175,1.26366,732.5999847650528
2024-03-29 16:00:00+00:00,1.2636500000000002,1.263655,1.2629800000000002,1.2629800000000002,499.82999194413424
2024-03-29 16:15:00+00:00,1.262985,1.263055,1.2629549999999998,1.2629549999999998,145.31999656558037
2024-03-29 16:30:00+00:00,1.262955,1.26303,1.262885,1.2629299999999999,214.469995893538
2024-03-29 16:45:00+00:00,1.262925,1.263,1.26289,1.26289,233.39999487251043
2024-03-29 17:00:00+00:00,1.2629,1.262925,1.2622200000000001,1.262295,1266.6099957451224
2024-03-29 17:15:00+00:00,1.2623,1.26231,1.261815,1.26189,1206.509992569685
2024-03-29 17:30:00+00:00,1.261885,1.261955,1.261835,1.261925,482.60999373346567
2024-03-29 17:45:00+00:00,1.26192,1.26205,1.26192,1.26202,306.65999227017164
2024-03-29 18:00:00+00:00,1.2620149999999999,1.2620149999999999,1.26166,1.261765,754.9799916222692
2024-03-29 18:15:00+00:00,1.26177,1.261835,1.261745,1.2618,114.47999703884125
2024-03-29 18:30:00+00:00,1.261795,1.261845,1.261755,1.2617850000000002,184.91999720036983
2024-03-29 18:45:00+00:00,1.26178,1.261815,1.261775,1.2618049999999998,322.19999837875366
2024-03-29 19:00:00+00:00,1.2618,1.261895,1.2618,1.261825,208.25999760627747
2024-03-29 19:15:00+00:00,1.261835,1.262135,1.2618200000000002,1.26206,757.2599964141846
2024-03-29 19:30:00+00:00,1.262065,1.26224,1.262065,1.262155,1093.0500015616417
2024-03-29 19:45:00+00:00,1.26215,1.2622900000000001,1.2618,1.261965,1382.5499996989965
2024-03-29 20:00:00+00:00,1.261975,1.26205,1.261765,1.261955,2051.8799864798784
2024-03-29 20:15:00+00:00,1.26196,1.26275,1.26182,1.262465,3050.2799737006426
2024-03-29 20:30:00+00:00,1.2625250000000001,1.2627350000000002,1.26215,1.2625899999999999,3651.6799239069223
2024-03-29 20:45:00+00:00,1.262615,1.2628400000000002,1.26234,1.2625,269.1899924054742
2024-04-01 00:00:00+00:00,1.263765,1.2639550000000002,1.2635100000000001,1.263775,1924.0199626237154
2024-04-01 00:15:00+00:00,1.2637800000000001,1.264165,1.263655,1.264095,2025.0699592754245
2024-04-01 00:30:00+00:00,1.26409,1.2642099999999998,1.26387,1.26398,1494.179968893528
2024-04-01 00:45:00+00:00,1.263975,1.264075,1.263385,1.2635,1425.9699701070786
2024-04-01 01:00:00+00:00,1.2635049999999999,1.263925,1.2633649999999998,1.26366,2224.7999576181173
2024-04-01 01:15:00+00:00,1.263655,1.26371,1.2633,1.263385,1481.1399691700935
2024-04-01 01:30:00+00:00,1.263375,1.2635200000000002,1.2629299999999999,1.263075,1220.929976940155
2024-04-01 01:45:00+00:00,1.26308,1.26309,1.26266,1.26275,1340.2299760505557
2024-04-01 02:00:00+00:00,1.262745,1.26291,1.26258,1.262885,1279.3599774837494
2024-04-01 02:15:00+00:00,1.26288,1.263035,1.26281,1.262995,1968.6799664124846
2024-04-01 02:30:00+00:00,1.2629700000000001,1.26323,1.2628300000000001,1.2632249999999998,748.7099871635437
2024-04-01 02:45:00+00:00,1.26322,1.2632349999999999,1.26296,1.26302,889.5699876323342
2024-04-01 03:00:00+00:00,1.2630249999999998,1.263145,1.262575,1.2631299999999999,1011.6899817511439
2024-04-01 03:15:00+00:00,1.26312,1.26312,1.262805,1.262815,620.8499889224768
2024-04-01 03:30:00+00:00,1.26282,1.2634750000000001,1.26282,1.2633649999999998,743.9699881672859
2024-04-01 03:45:00+00:00,1.26335,1.2634699999999999,1.2632249999999998,1.263425,1372.289979852736
2024-04-01 04:00:00+00:00,1.26343,1.2635450000000001,1.263035,1.26314,957.3299872502685
2024-04-01 04:15:00+00:00,1.2631299999999999,1.263155,1.2629549999999998,1.263035,1294.2599771469831
2024-04-01 04:30:00+00:00,1.26303,1.2631299999999999,1.26274,1.2628300000000001,1278.3699793219566
2024-04-01 04:45:00+00:00,1.262835,1.263055,1.2628300000000001,1.2629800000000002,726.3099865913391
2024-04-01 05:00:00+00:00,1.262975,1.263045,1.2628,1.2628300000000001,937.8099846839905
2024-04-01 05:15:00+00:00,1.26282,1.2628499999999998,1.2626499999999998,1.262705,615.1499893665314
2024-04-01 05:30:00+00:00,1.262695,1.26282,1.2623199999999999,1.2623950000000002,1282.2399826049805
2024-04-01 05:45:00+00:00,1.26238,1.2629299999999999,1.26237,1.2628,2111.1499658226967
2024-04-01 06:00:00+00:00,1.2627549999999998,1.2627950000000001,1.26246,1.262555,1783.1599665880203
2024-04-01 06:15:00+00:00,1.26255,1.262835,1.262445,1.262695,928.6499807983637
2024-04-01 06:30:00+00:00,1.262715,1.262915,1.262265,1.262355,1473.609974913299
2024-04-01 06:45:00+00:00,1.26235,1.26284,1.262275,1.26267,1286.0999774336815
2024-04-01 07:00:00+00:00,1.262675,1.262965,1.262375,1.2628599999999999,1789.4299794062972
2024-04-01 07:15:00+00:00,1.262855,1.2631700000000001,1.2625350000000002,1.2626650000000001,1274.1599847525358
2024-04-01 07:30:00+00:00,1.26266,1.262775,1.2623449999999998,1.26235,1556.2299763858318
2024-04-01 07:45:00+00:00,1.26234,1.2623449999999998,1.2617500000000001,1.26206,1225.109984651208
2024-04-01 08:00:00+00:00,1.2620550000000001,1.26206,1.261625,1.2619500000000001,1572.7499772459269
2024-04-01 08:15:00+00:00,1.261955,1.26262,1.2619500000000001,1.26248,1796.6499747112393
2024-04-01 08:30:00+00:00,1.2624849999999999,1.26278,1.2623,1.2624149999999998,1620.909974977374
2024-04-01 08:45:00+00:00,1.26244,1.2624900000000001,1.2619150000000001,1.26226,1294.8599806949496
2024-04-01 09:00:00+00:00,1.262265,1.26241,1.262115,1.26212,1127.8799860849977
2024-04-01 09:15:00+00:00,1.2621250000000002,1.2624499999999999,1.26192,1.261955,1041.0299881398678
2024-04-01 09:30:00+00:00,1.2619699999999998,1.262425,1.2619699999999998,1.26224,807.029985755682
2024-04-01 09:45:00+00:00,1.26223,1.2623449999999998,1.2619850000000001,1.2620149999999999,780.8099892213941
2024-04-01 10:00:00+00:00,1.2620200000000001,1.26206,1.261275,1.26132,1315.0199798420072
2024-04-01 10:15:00+00:00,1.261315,1.2614649999999998,1.2609050000000002,1.261115,1589.8499767184258
2024-04-01 10:30:00+00:00,1.2611050000000001,1.2612649999999999,1.26093,1.2609599999999999,1204.0499803423882
2024-04-01 10:45:00+00:00,1.260955,1.26124,1.260935,1.261165,1477.1399803310633
2024-04-01 11:00:00+00:00,1.26117,1.26153,1.2609,1.26148,1282.2599830254912
2024-04-01 11:15:00+00:00,1.26147,1.261555,1.261255,1.261385,674.7899894043803
2024-04-01 11:30:00+00:00,1.2613750000000001,1.261595,1.261255,1.26139,998.9799849912524
2024-04-01 11:45:00+00:00,1.261415,1.2617150000000001,1.26132,1.261455,871.5099844932556
2024-04-01 12:00:00+00:00,1.261435,1.261665,1.260735,1.2607650000000001,1958.5499712377787
2024-04-01 12:15:00+00:00,1.2607599999999999,1.261025,1.2602950000000002,1.2606199999999999,2029.429963849485
2024-04-01 12:30:00+00:00,1.26061,1.261045,1.2603849999999999,1.260945,1632.2199727147818
2024-04-01 12:45:00+00:00,1.26095,1.261285,1.260815,1.261225,2571.129972502589
2024-04-01 13:00:00+00:00,1.26122,1.261355,1.260665,1.260665,1823.009972937405
2024-04-01 13:15:00+00:00,1.26067,1.2609249999999999,1.260535,1.260595,1206.9899835512042
2024-04-01 13:30:00+00:00,1.2606099999999998,1.2607949999999999,1.2600449999999999,1.26031,2670.779956355691
2024-04-01 13:45:00+00:00,1.2603499999999999,1.260565,1.25962,1.2601900000000001,3533.049934990704
2024-04-01 14:00:00+00:00,1.2601849999999999,1.2601849999999999,1.257385,1.257865,7975.70990036428
2024-04-01 14:15:00+00:00,1.25786,1.25786,1.25698,1.257015,3462.4799514189363
2024-04-01 14:30:00+00:00,1.256985,1.25745,1.25605,1.2560950000000002,2923.079960241914
2024-04-01 14:45:00+00:00,1.2560850000000001,1.25661,1.2558799999999999,1.25627,3146.0199535042048
2024-04-01 15:00:00+00:00,1.256265,1.256395,1.25549,1.25562,2535.0599644109607
2024-04-01 15:15:00+00:00,1.255655,1.255795,1.255035,1.2551700000000001,1924.9899690300226
2024-04-01 15:30:00+00:00,1.255175,1.255205,1.2542200000000001,1.254425,2283.8099637404084
2024-04-01 15:45:00+00:00,1.2544300000000002,1.2544300000000002,1.25397,1.254235,1230.3999836444855
2024-04-01 16:00:00+00:00,1.2542399999999998,1.254545,1.25411,1.25443,1486.5299766734242
2024-04-01 16:15:00+00:00,1.254435,1.25477,1.254435,1.254715,742.649986423552
2024-04-01 16:30:00+00:00,1.25472,1.25472,1.254295,1.25455,907.559988155961
2024-04-01 16:45:00+00:00,1.2545600000000001,1.25465,1.2544,1.254535,874.2299871519208
2024-04-01 17:00:00+00:00,1.2545600000000001,1.2548249999999999,1.25454,1.25473,1561.359978556633
2024-04-01 17:15:00+00:00,1.25468,1.25489,1.25454,1.25481,1669.7399787455797
2024-04-01 17:30:00+00:00,1.254815,1.254845,1.2546300000000001,1.25482,778.5599898993969
2024-04-01 17:45:00+00:00,1.254815,1.254995,1.2546599999999999,1.25491,1181.2499837204814
2024-04-01 18:00:00+00:00,1.2549000000000001,1.2549350000000001,1.254645,1.25474,1630.3499740958214
2024-04-01 18:15:00+00:00,1.25473,1.254855,1.254645,1.254645,1379.1299751996994
2024-04-01 18:30:00+00:00,1.254655,1.25476,1.2544149999999998,1.254475,1433.3399769961834
2024-04-01 18:45:00+00:00,1.25447,1.2545199999999999,1.25421,1.2542550000000001,1415.9099833518267
2024-04-01 19:00:00+00:00,1.25426,1.254825,1.25424,1.254645,1666.3199778795242
2024-04-01 19:15:00+00:00,1.25465,1.25473,1.2545250000000001,1.254565,1272.8399803563952
2024-04-01 19:30:00+00:00,1.25457,1.25468,1.25447,1.2546650000000001,1495.2299817726016
2024-04-01 19:45:00+00:00,1.25467,1.254795,1.25454,1.254775,1729.0599785074592
2024-04-01 20:00:00+00:00,1.2547799999999998,1.254865,1.25465,1.25478,886.5899931490421
2024-04-01 20:15:00+00:00,1.254775,1.25499,1.25476,1.2548750000000002,504.55999651551247
2024-04-01 20:30:00+00:00,1.254885,1.255075,1.254855,1.2550249999999998,532.3299951031804
2024-04-01 20:45:00+00:00,1.255015,1.255175,1.254995,1.255175,546.059996239841
2024-04-01 21:00:00+00:00,1.2552050000000001,1.2564250000000001,1.255125,1.2552050000000001,578.769988745451
2024-04-01 21:15:00+00:00,1.255245,1.255255,1.2550050000000001,1.255095,215.0199944972992
2024-04-01 21:30:00+00:00,1.255115,1.2551350000000001,1.255025,1.255085,1133.5499792099
2024-04-01 21:45:00+00:00,1.2550949999999998,1.255365,1.255035,1.255305,1333.349967777729
2024-04-01 22:00:00+00:00,1.2553450000000002,1.255485,1.254975,1.2551700000000001,816.5999909639359
2024-04-01 22:15:00+00:00,1.255175,1.2552750000000001,1.255155,1.255235,584.5499914884567
2024-04-01 22:30:00+00:00,1.255185,1.255185,1.25508,1.2551299999999999,696.0599874258041
2024-04-01 22:45:00+00:00,1.255125,1.255225,1.2548400000000002,1.254855,928.3499864339828
2024-04-01 23:00:00+00:00,1.25484,1.25484,1.2543250000000001,1.2544849999999999,603.4499920606613
2024-04-01 23:15:00+00:00,1.254475,1.25495,1.254435,1.25487,1174.379986807704
2024-04-01 23:30:00+00:00,1.2548650000000001,1.25495,1.2545950000000001,1.254655,600.5399909466505
2024-04-01 23:45:00+00:00,1.2546499999999998,1.2548599999999999,1.25451,1.25462,871.049986757338
2024-04-02 00:00:00+00:00,1.254605,1.2547350000000002,1.25421,1.254445,2254.1799796894193
2024-04-02 00:15:00+00:00,1.25444,1.25468,1.25414,1.2543449999999998,1806.8199899047613
2024-04-02 00:30:00+00:00,1.25434,1.2546,1.254255,1.2545600000000001,1431.1099794358015
2024-04-02 00:45:00+00:00,1.254585,1.2548599999999999,1.25438,1.254705,1271.849975131452
2024-04-02 01:00:00+00:00,1.2547000000000001,1.25471,1.254115,1.25414,1517.9799799472094
2024-04-02 01:15:00+00:00,1.2541449999999998,1.25494,1.2541099999999998,1.254805,1712.4099753797054
2024-04-02 01:30:00+00:00,1.2548,1.25484,1.254435,1.2546300000000001,2673.19996573776
2024-04-02 01:45:00+00:00,1.2546249999999999,1.2546499999999998,1.2544149999999998,1.25454,1578.429977312684
2024-04-02 02:00:00+00:00,1.254545,1.254575,1.254085,1.254115,987.9499842301011
2024-04-02 02:15:00+00:00,1.25412,1.254385,1.2541000000000002,1.25434,1274.1599768176675
2024-04-02 02:30:00+00:00,1.254345,1.2545,1.254295,1.25431,1307.6099778339267
2024-04-02 02:45:00+00:00,1.254305,1.25469,1.254275,1.25469,875.9399832114577
2024-04-02 03:00:00+00:00,1.254685,1.25478,1.254545,1.254565,764.6599881723523
2024-04-02 03:15:00+00:00,1.25457,1.2545950000000001,1.2541250000000002,1.254165,1274.549981161952
2024-04-02 03:30:00+00:00,1.25416,1.254405,1.25416,1.2543600000000001,780.1399850398302
2024-04-02 03:45:00+00:00,1.25435,1.25435,1.25412,1.254155,614.8499926328659
2024-04-02 04:00:00+00:00,1.25416,1.25419,1.254065,1.25412,627.4299940690398
2024-04-02 04:15:00+00:00,1.25411,1.2543099999999998,1.25406,1.2543099999999998,373.59999557584524
2024-04-02 04:30:00+00:00,1.254315,1.254585,1.2543099999999998,1.254505,593.1099906936288
2024-04-02 04:45:00+00:00,1.2545099999999998,1.2545199999999999,1.25431,1.2544650000000002,489.8099910542369
2024-04-02 05:00:00+00:00,1.25445,1.254715,1.254395,1.254605,1034.0799861326814
2024-04-02 05:15:00+00:00,1.2546,1.254825,1.254455,1.25462,1264.4899798929691
2024-04-02 05:30:00+00:00,1.254615,1.254785,1.2544849999999999,1.254515,1186.649975694716
2024-04-02 05:45:00+00:00,1.254505,1.2545250000000001,1.2541,1.254185,1530.629976183176
2024-04-02 06:00:00+00:00,1.254185,1.254565,1.253955,1.25442,2305.379967354238
2024-04-02 06:15:00+00:00,1.254425,1.25468,1.2542849999999999,1.2546050000000002,1902.5999731719494
2024-04-02 06:30:00+00:00,1.25461,1.2548949999999999,1.2542900000000001,1.2543549999999999,2607.5699629709125
2024-04-02 06:45:00+00:00,1.25435,1.2549299999999999,1.25431,1.254925,2310.5499763190746
2024-04-02 07:00:00+00:00,1.2549199999999998,1.2557,1.2547700000000002,1.255505,3313.449961066246
2024-04-02 07:15:00+00:00,1.2555100000000001,1.25562,1.255125,1.25522,2605.3899633437395
2024-04-02 07:30:00+00:00,1.25523,1.2555,1.2548599999999999,1.255305,1913.4799747914076
2024-04-02 07:45:00+00:00,1.255295,1.255495,1.25488,1.25541,1804.3799743801355
2024-04-02 08:00:00+00:00,1.255405,1.25599,1.2548249999999999,1.25571,2754.5399526134133
2024-04-02 08:15:00+00:00,1.255705,1.256035,1.255405,1.25571,1946.2799721583724
2024-04-02 08:30:00+00:00,1.25575,1.256485,1.255735,1.25623,1993.1899731606245
2024-04-02 08:45:00+00:00,1.2562600000000002,1.256425,1.255985,1.25621,1899.8099738508463
2024-04-02 09:00:00+00:00,1.256195,1.257395,1.256155,1.25696,1490.909975849092
2024-04-02 09:15:00+00:00,1.256975,1.2572899999999998,1.25682,1.256955,1739.189979724586
2024-04-02 09:30:00+00:00,1.25697,1.257015,1.256615,1.25691,1420.869980096817
2024-04-02 09:45:00+00:00,1.256905,1.25704,1.256415,1.2569,1851.1499725282192
2024-04-02 10:00:00+00:00,1.256905,1.25692,1.25637,1.2565650000000002,1848.2499736472964
2024-04-02 10:15:00+00:00,1.256575,1.256945,1.256375,1.25661,1705.2299781888723
2024-04-02 10:30:00+00:00,1.256605,1.256685,1.255945,1.2562,1464.5399764552712
2024-04-02 10:45:00+00:00,1.256205,1.25684,1.256045,1.25675,1834.1699794977903
2024-04-02 11:00:00+00:00,1.256745,1.25692,1.2561499999999999,1.25648,1613.3099773451686
2024-04-02 11:15:00+00:00,1.2565,1.25654,1.25611,1.25647,1759.6199763938785
2024-04-02 11:30:00+00:00,1.256475,1.25695,1.256475,1.2567650000000001,1988.1999799609184
2024-04-02 11:45:00+00:00,1.256755,1.2576100000000001,1.256415,1.257355,2445.239964544773
2024-04-02 12:00:00+00:00,1.25735,1.257655,1.256565,1.256605,2703.899966850877
2024-04-02 12:15:00+00:00,1.256615,1.25684,1.2563499999999999,1.25647,2689.4999676421285
2024-04-02 12:30:00+00:00,1.256465,1.25669,1.25594,1.25607,2797.379953660071
2024-04-02 12:45:00+00:00,1.256075,1.256135,1.255445,1.25569,2169.4499707221985
2024-04-02 13:00:00+00:00,1.255695,1.255995,1.25523,1.255855,3142.3499552309513
2024-04-02 13:15:00+00:00,1.2558500000000001,1.256115,1.255335,1.25606,3398.9499527588487
2024-04-02 13:30:00+00:00,1.25607,1.256295,1.255625,1.25624,3459.569952942431
2024-04-02 13:45:00+00:00,1.256235,1.256345,1.2555399999999999,1.2562,4439.549932613969
2024-04-02 14:00:00+00:00,1.2561900000000001,1.25726,1.25555,1.256415,7119.5998923406005
2024-04-02 14:15:00+00:00,1.2564350000000002,1.25763,1.25613,1.2573699999999999,3981.2199398577213
2024-04-02 14:30:00+00:00,1.257355,1.2573750000000001,1.2562950000000002,1.25634,3851.4299426600337
2024-04-02 14:45:00+00:00,1.25633,1.256875,1.2555999999999998,1.25662,5067.549924314022
2024-04-02 15:00:00+00:00,1.25663,1.2576100000000001,1.256445,1.25753,3930.8699443638325
2024-04-02 15:15:00+00:00,1.257525,1.25777,1.25722,1.25722,3182.009959809482
2024-04-02 15:30:00+00:00,1.257215,1.25758,1.257085,1.25748,3040.389961235225
2024-04-02 15:45:00+00:00,1.25749,1.2576749999999999,1.257205,1.2574,1523.609976530075
2024-04-02 16:00:00+00:00,1.2574049999999999,1.2577,1.257185,1.257205,1631.289973191917
2024-04-02 16:15:00+00:00,1.2572,1.2573349999999999,1.256965,1.25721,1716.4499740973115
2024-04-02 16:30:00+00:00,1.257205,1.257695,1.257155,1.257515,1136.8199825808406
2024-04-02 16:45:00+00:00,1.25751,1.257535,1.257015,1.257145,2267.0099624991417
2024-04-02 17:00:00+00:00,1.25715,1.25739,1.256745,1.256755,1804.4999818950891
2024-04-02 17:15:00+00:00,1.2567499999999998,1.25689,1.256645,1.256855,709.679988719523
2024-04-02 17:30:00+00:00,1.25684,1.25726,1.25675,1.256965,1009.1899859979749
2024-04-02 17:45:00+00:00,1.2569599999999999,1.257425,1.2569050000000002,1.257415,1382.4899830818176
2024-04-02 18:00:00+00:00,1.257435,1.25753,1.2571949999999998,1.2573699999999999,1046.6099824681878
2024-04-02 18:15:00+00:00,1.257325,1.2573699999999999,1.2569050000000002,1.256985,818.9699876010418
2024-04-02 18:30:00+00:00,1.25698,1.257055,1.2567300000000001,1.256755,1210.8599846735597
2024-04-02 18:45:00+00:00,1.256745,1.2570350000000001,1.2567300000000001,1.2569,1564.9799815267324
2024-04-02 19:00:00+00:00,1.256915,1.25731,1.25688,1.25712,982.829981341958
2024-04-02 19:15:00+00:00,1.257115,1.25713,1.256805,1.25681,860.5599880814552
2024-04-02 19:30:00+00:00,1.256805,1.257505,1.2566950000000001,1.257505,897.3799847364426
2024-04-02 19:45:00+00:00,1.257475,1.257725,1.25747,1.2576800000000001,1497.9899752661586
2024-04-02 20:00:00+00:00,1.25769,1.257705,1.25748,1.257615,474.86999191343784
2024-04-02 20:15:00+00:00,1.2576100000000001,1.2577150000000001,1.2575850000000002,1.25766,537.6599900946021
2024-04-02 20:30:00+00:00,1.257665,1.257875,1.257665,1.25769,803.9099899306893
2024-04-02 20:45:00+00:00,1.2576999999999998,1.257825,1.257655,1.257755,725.3699836581945
2024-04-02 21:00:00+00:00,1.257795,1.257795,1.2575599999999998,1.257615,157.42999851703644
2024-04-02 21:15:00+00:00,1.2576399999999999,1.257745,1.257605,1.257745,293.78999596089125
2024-04-02 21:30:00+00:00,1.25773,1.257755,1.25763,1.2576749999999999,232.7699981406331
2024-04-02 21:45:00+00:00,1.25769,1.2579699999999998,1.257655,1.257955,330.5099957510829
2024-04-02 22:00:00+00:00,1.25792,1.25812,1.257775,1.2578,720.4399874210358
2024-04-02 22:15:00+00:00,1.257795,1.257825,1.2576999999999998,1.2577,566.9999873638153
2024-04-02 22:30:00+00:00,1.257705,1.25785,1.257635,1.257835,408.56999266147614
2024-04-02 22:45:00+00:00,1.257825,1.2579250000000002,1.25746,1.257515,532.4999910220504
2024-04-02 23:00:00+00:00,1.25751,1.25751,1.25732,1.2574200000000002,794.9399943575263
2024-04-02 23:15:00+00:00,1.257415,1.2575349999999998,1.2573949999999998,1.257505,345.239993929863
2024-04-02 23:30:00+00:00,1.25748,1.2576399999999999,1.25742,1.257615,344.9399947524071
2024-04-02 23:45:00+00:00,1.2576100000000001,1.25766,1.25742,1.257605,540.239989683032
2024-04-03 00:00:00+00:00,1.25757,1.257695,1.257195,1.2574,1355.2199736759067
2024-04-03 00:15:00+00:00,1.2574049999999999,1.2574049999999999,1.257025,1.25716,1274.2199781909585
2024-04-03 00:30:00+00:00,1.257155,1.25729,1.25709,1.257205,665.6099927797914
2024-04-03 00:45:00+00:00,1.257205,1.25748,1.25713,1.257285,1414.4099868535995
2024-04-03 01:00:00+00:00,1.25725,1.25725,1.25693,1.25706,1286.5199823006988
2024-04-03 01:15:00+00:00,1.257075,1.2573050000000001,1.2567949999999999,1.25689,1645.199973165989
2024-04-03 01:30:00+00:00,1.256895,1.25722,1.25671,1.257185,1192.7999775111675
2024-04-03 01:45:00+00:00,1.25719,1.257515,1.257175,1.25731,1569.029969573021
2024-04-03 02:00:00+00:00,1.2573050000000001,1.257695,1.25724,1.257625,1595.249975413084
2024-04-03 02:15:00+00:00,1.257615,1.257615,1.2572450000000002,1.257295,1389.8099863529205
2024-04-03 02:30:00+00:00,1.25729,1.25739,1.25722,1.257275,1785.4799852371216
2024-04-03 02:45:00+00:00,1.257295,1.2573400000000001,1.257115,1.257315,860.8799933195114
2024-04-03 03:00:00+00:00,1.25732,1.25788,1.25731,1.25781,1241.6099888309836
2024-04-03 03:15:00+00:00,1.257815,1.257925,1.2576800000000001,1.25779,1052.2499945163727
2024-04-03 03:30:00+00:00,1.25778,1.257895,1.2577,1.25788,1135.4399873614311
2024-04-03 03:45:00+00:00,1.2578900000000002,1.258065,1.257635,1.2579099999999999,1448.2499800175428
2024-04-03 04:00:00+00:00,1.2579150000000001,1.25831,1.257845,1.258245,971.0999867990613
2024-04-03 04:15:00+00:00,1.258255,1.2582900000000001,1.257935,1.25808,1604.1599755585194
2024-04-03 04:30:00+00:00,1.258065,1.2580900000000002,1.257975,1.2580749999999998,1038.9899879470468
2024-04-03 04:45:00+00:00,1.25808,1.258085,1.25787,1.25787,852.4499874264002
2024-04-03 05:00:00+00:00,1.257875,1.25815,1.2576900000000002,1.258085,1570.769972898066
2024-04-03 05:15:00+00:00,1.25809,1.258165,1.257865,1.257965,1419.5999769046903
2024-04-03 05:30:00+00:00,1.257975,1.25807,1.257855,1.2579,676.0499941036105
2024-04-03 05:45:00+00:00,1.257895,1.2579,1.257605,1.2577850000000002,928.34998524189
2024-04-03 06:00:00+00:00,1.2578049999999998,1.257905,1.257515,1.2576100000000001,1827.3599712476134
2024-04-03 06:15:00+00:00,1.2576,1.2576,1.257015,1.257115,1610.3999757245183
2024-04-03 06:30:00+00:00,1.25711,1.257425,1.25708,1.2574100000000001,2707.1199641674757
2024-04-03 06:45:00+00:00,1.2574049999999999,1.2578,1.2573699999999999,1.257435,1542.599975541234
2024-04-03 07:00:00+00:00,1.25744,1.25753,1.256815,1.2570800000000002,2304.6899720579386
2024-04-03 07:15:00+00:00,1.257085,1.2573050000000001,1.256455,1.2566950000000001,1834.389972358942
2024-04-03 07:30:00+00:00,1.2567,1.257055,1.25625,1.2570350000000001,2523.6299668475986
2024-04-03 07:45:00+00:00,1.25704,1.25705,1.2564549999999999,1.2566,1999.5899777412415
2024-04-03 08:00:00+00:00,1.25658,1.2573050000000001,1.25647,1.2573050000000001,1479.2699762135744
2024-04-03 08:15:00+00:00,1.25729,1.25752,1.2572,1.2575150000000002,1127.0699772462249
2024-04-03 08:30:00+00:00,1.25751,1.25816,1.2573949999999998,1.257985,1333.8899809196591
2024-04-03 08:45:00+00:00,1.25799,1.25827,1.2576800000000001,1.2577099999999999,2042.3099738359451
2024-04-03 09:00:00+00:00,1.257705,1.2582149999999999,1.2576100000000001,1.25808,2090.189974322915
2024-04-03 09:15:00+00:00,1.258045,1.25833,1.257895,1.25803,1502.7299796417356
2024-04-03 09:30:00+00:00,1.2580149999999999,1.2581,1.25758,1.25801,1458.5999763533473
2024-04-03 09:45:00+00:00,1.2580049999999998,1.25884,1.25724,1.257275,2295.02996571362
2024-04-03 10:00:00+00:00,1.2572649999999999,1.2572649999999999,1.25685,1.256965,1715.6099753007293
2024-04-03 10:15:00+00:00,1.25697,1.257045,1.25674,1.256875,1503.179973706603
2024-04-03 10:30:00+00:00,1.25687,1.257455,1.2568549999999998,1.257375,1701.5699725151062
2024-04-03 10:45:00+00:00,1.2573699999999999,1.25801,1.2573349999999999,1.257705,1527.4799769967794
2024-04-03 11:00:00+00:00,1.257715,1.2583449999999998,1.25758,1.258185,1461.779977582395
2024-04-03 11:15:00+00:00,1.25819,1.2583950000000002,1.257955,1.258155,1943.2499713152647
2024-04-03 11:30:00+00:00,1.258165,1.258195,1.257775,1.25779,1197.1199774444103
2024-04-03 11:45:00+00:00,1.2578,1.257955,1.2574299999999998,1.25778,1946.849969908595
2024-04-03 12:00:00+00:00,1.25777,1.2583449999999998,1.2577349999999998,1.25807,2582.5599700063467
2024-04-03 12:15:00+00:00,1.258145,1.258165,1.2571750000000002,1.257585,5443.079935580492
2024-04-03 12:30:00+00:00,1.257595,1.257885,1.257045,1.25739,3757.289956688881
2024-04-03 12:45:00+00:00,1.257385,1.257495,1.2567949999999999,1.257285,3890.9399536550045
2024-04-03 13:00:00+00:00,1.25728,1.257935,1.257015,1.257115,3665.349958024919
2024-04-03 13:15:00+00:00,1.257105,1.25745,1.25675,1.2573699999999999,3263.129956781864
2024-04-03 13:30:00+00:00,1.2573750000000001,1.25788,1.257165,1.25735,4475.919940717518
2024-04-03 13:45:00+00:00,1.25736,1.257605,1.257135,1.25739,3620.409953162074
2024-04-03 14:00:00+00:00,1.2574,1.260995,1.2574,1.2598500000000001,9530.359881415963
2024-04-03 14:15:00+00:00,1.259855,1.261035,1.25929,1.2606600000000001,5556.359920240939
2024-04-03 14:30:00+00:00,1.260675,1.26209,1.260305,1.262065,4848.329942390323
2024-04-03 14:45:00+00:00,1.26206,1.2624849999999999,1.261795,1.261905,5091.559929601848
2024-04-03 15:00:00+00:00,1.2619099999999999,1.26239,1.26159,1.262125,3646.919953159988
2024-04-03 15:15:00+00:00,1.262115,1.26341,1.26207,1.26314,2667.3899609446526
2024-04-03 15:30:00+00:00,1.2631350000000001,1.26357,1.26303,1.263105,2375.829960256815
2024-04-03 15:45:00+00:00,1.263115,1.2634050000000001,1.26294,1.26329,2169.119959369302
2024-04-03 16:00:00+00:00,1.263295,1.263455,1.262505,1.26321,3013.919959075749
2024-04-03 16:15:00+00:00,1.2632249999999998,1.264575,1.2631199999999998,1.264525,3347.499950610101
2024-04-03 16:30:00+00:00,1.264535,1.265115,1.2641300000000002,1.2646549999999999,3699.0799422860146
2024-04-03 16:45:00+00:00,1.2646600000000001,1.26474,1.264315,1.26458,1911.5099714249372
2024-04-03 17:00:00+00:00,1.2645650000000002,1.2646799999999998,1.26399,1.26441,1957.289972923696
2024-04-03 17:15:00+00:00,1.264415,1.26509,1.264405,1.265015,1679.5199735090137
2024-04-03 17:30:00+00:00,1.2650100000000002,1.2650350000000001,1.264465,1.26482,1962.269972205162
2024-04-03 17:45:00+00:00,1.264815,1.26515,1.2646600000000001,1.264765,1234.9199824556708
2024-04-03 18:00:00+00:00,1.2647599999999999,1.265595,1.264685,1.26544,1300.29998434335
2024-04-03 18:15:00+00:00,1.265425,1.265495,1.2650700000000001,1.265245,926.4899885505438
2024-04-03 18:30:00+00:00,1.265255,1.26536,1.2651,1.265275,1169.6399807706475
2024-04-03 18:45:00+00:00,1.26528,1.26546,1.265175,1.265355,1323.119975104928
2024-04-03 19:00:00+00:00,1.26535,1.2654450000000002,1.2649,1.264935,1064.7599879726768
2024-04-03 19:15:00+00:00,1.2649249999999999,1.264985,1.26458,1.264625,1124.6499788835645
2024-04-03 19:30:00+00:00,1.264615,1.26475,1.2645300000000002,1.26471,1314.8699810504913
2024-04-03 19:45:00+00:00,1.264715,1.26499,1.264715,1.26493,1818.0599775984883
2024-04-03 20:00:00+00:00,1.264925,1.2650299999999999,1.26483,1.264955,567.7799915969372
2024-04-03 20:15:00+00:00,1.2649599999999999,1.265075,1.2649249999999999,1.2650549999999998,477.17999309301376
2024-04-03 20:30:00+00:00,1.265045,1.2652299999999999,1.264925,1.2651050000000001,777.1199883148074
2024-04-03 20:45:00+00:00,1.26511,1.265345,1.265085,1.265235,797.1299854889512
2024-04-03 21:00:00+00:00,1.2651949999999998,1.265235,1.2649750000000002,1.26513,259.95999401807785
2024-04-03 21:15:00+00:00,1.26511,1.26545,1.265045,1.26519,509.9099922180176
2024-04-03 21:30:00+00:00,1.2651949999999998,1.26525,1.26502,1.26508,1131.259975194931
2024-04-03 21:45:00+00:00,1.26509,1.26518,1.2650299999999999,1.265095,1340.7799810171127
2024-04-03 22:00:00+00:00,1.265085,1.26545,1.265055,1.26533,755.2599945068359
2024-04-03 22:15:00+00:00,1.2653349999999999,1.2653349999999999,1.265155,1.26524,935.9999958872795
2024-04-03 22:30:00+00:00,1.2652450000000002,1.265255,1.26511,1.265115,1068.3899911567569
2024-04-03 22:45:00+00:00,1.26511,1.2653349999999999,1.265025,1.2653349999999999,836.2199922278523
2024-04-03 23:00:00+00:00,1.26533,1.2654299999999998,1.265215,1.2654100000000001,561.2999940514565
2024-04-03 23:15:00+00:00,1.265415,1.265415,1.26521,1.26533,419.93999195098877
2024-04-03 23:30:00+00:00,1.26532,1.265625,1.2652999999999999,1.265325,899.9599890559912
2024-04-03 23:45:00+00:00,1.26533,1.265355,1.265105,1.26513,1761.809969946742
2024-04-04 00:00:00+00:00,1.265135,1.26536,1.26501,1.265225,1302.5999782532454
2024-04-04 00:15:00+00:00,1.26523,1.265335,1.264865,1.264905,1153.3499773740768
2024-04-04 00:30:00+00:00,1.26489,1.264955,1.2644549999999999,1.2649400000000002,1071.9599860161543
2024-04-04 00:45:00+00:00,1.264945,1.265475,1.26493,1.265255,1372.3499866127968
2024-04-04 01:00:00+00:00,1.26526,1.265285,1.26502,1.265085,1699.7399746999145
2024-04-04 01:15:00+00:00,1.265095,1.265335,1.2650549999999998,1.26509,989.8199873566628
2024-04-04 01:30:00+00:00,1.2651,1.265165,1.26491,1.265085,1761.8999762162566
2024-04-04 01:45:00+00:00,1.2650800000000002,1.26512,1.26493,1.26494,1421.33997733891
2024-04-04 02:00:00+00:00,1.264935,1.264955,1.264685,1.26491,1156.9199823960662
2024-04-04 02:15:00+00:00,1.264925,1.2649599999999999,1.264755,1.264955,1175.429978609085
2024-04-04 02:30:00+00:00,1.2649499999999998,1.2652700000000001,1.264935,1.2652649999999999,1168.499980583787
2024-04-04 02:45:00+00:00,1.26524,1.26524,1.26491,1.265025,1377.5999780222774
2024-04-04 03:00:00+00:00,1.2650299999999999,1.265145,1.2649,1.265015,838.2899888679385
2024-04-04 03:15:00+00:00,1.26502,1.265135,1.26499,1.26512,810.3599865362048
2024-04-04 03:30:00+00:00,1.26513,1.26524,1.264905,1.26514,1568.6699759736657
2024-04-04 03:45:00+00:00,1.26515,1.265425,1.265135,1.2652649999999999,1509.0599867850542
2024-04-04 04:00:00+00:00,1.265255,1.265435,1.2652299999999999,1.265345,652.5199906080961
2024-04-04 04:15:00+00:00,1.2653500000000002,1.2655599999999998,1.26525,1.26544,1730.9699732214212
2024-04-04 04:30:00+00:00,1.265435,1.26554,1.265285,1.265355,770.3399910926819
2024-04-04 04:45:00+00:00,1.2653500000000002,1.26544,1.2652450000000002,1.2652450000000002,1167.2399828657508
2024-04-04 05:00:00+00:00,1.265255,1.2655599999999998,1.26525,1.2655599999999998,1252.6199830546975
2024-04-04 05:15:00+00:00,1.2655699999999999,1.265865,1.26553,1.26577,1256.5599796622992
2024-04-04 05:30:00+00:00,1.26576,1.26599,1.26573,1.26579,1604.0999777764082
2024-04-04 05:45:00+00:00,1.2657850000000002,1.265845,1.265095,1.26522,1486.5299745202065
2024-04-04 06:00:00+00:00,1.2652100000000002,1.265825,1.265145,1.265615,2953.919965185225
2024-04-04 06:15:00+00:00,1.2656200000000002,1.2656450000000001,1.2653949999999998,1.26546,1138.4099826812744
2024-04-04 06:30:00+00:00,1.265475,1.26607,1.265225,1.266065,1831.6099727451801
2024-04-04 06:45:00+00:00,1.26607,1.26614,1.265155,1.265355,1613.7899805307388
2024-04-04 07:00:00+00:00,1.26536,1.266035,1.2651400000000002,1.265835,2433.959970623255
2024-04-04 07:15:00+00:00,1.265825,1.2664650000000002,1.26575,1.266315,2353.7999695539474
2024-04-04 07:30:00+00:00,1.26632,1.266975,1.26632,1.2663449999999998,1848.3399754986167
2024-04-04 07:45:00+00:00,1.26635,1.2665899999999999,1.26597,1.266265,2518.889964863658
2024-04-04 08:00:00+00:00,1.266245,1.26655,1.2660200000000001,1.26614,2465.709969088435
2024-04-04 08:15:00+00:00,1.2661449999999999,1.26626,1.265555,1.2661950000000002,1637.969978429377
2024-04-04 08:30:00+00:00,1.2661950000000002,1.26627,1.265815,1.265975,2146.52996955812
2024-04-04 08:45:00+00:00,1.2659799999999999,1.26639,1.2657500000000002,1.266345,2550.719962693751
2024-04-04 09:00:00+00:00,1.266335,1.266335,1.26563,1.265865,1558.4599771425128
2024-04-04 09:15:00+00:00,1.265855,1.265905,1.2656399999999999,1.265865,1225.5999806895852
2024-04-04 09:30:00+00:00,1.265845,1.2663950000000002,1.26562,1.266385,1204.5899827033281
2024-04-04 09:45:00+00:00,1.26639,1.2668949999999999,1.266195,1.26646,1558.7099757418036
2024-04-04 10:00:00+00:00,1.266465,1.2665,1.26596,1.266105,1646.8199826031923
2024-04-04 10:15:00+00:00,1.266095,1.26629,1.265845,1.26594,1080.6599817425013
2024-04-04 10:30:00+00:00,1.2659500000000001,1.266155,1.265785,1.26607,1070.7299823984504
2024-04-04 10:45:00+00:00,1.26608,1.266525,1.26608,1.26612,1132.5899815559387
2024-04-04 11:00:00+00:00,1.266115,1.26626,1.265755,1.26579,1506.1799775958061
2024-04-04 11:15:00+00:00,1.265785,1.266065,1.265745,1.26594,1154.3699825108051
2024-04-04 11:30:00+00:00,1.2659449999999999,1.2659500000000001,1.265425,1.26544,1188.269975952804
2024-04-04 11:45:00+00:00,1.265435,1.26552,1.26478,1.265075,1773.5699714422226
2024-04-04 12:00:00+00:00,1.265085,1.265435,1.26483,1.265395,2011.919973552227
2024-04-04 12:15:00+00:00,1.265405,1.26554,1.26505,1.265405,2395.259971126914
2024-04-04 12:30:00+00:00,1.265395,1.26606,1.265215,1.266025,3831.649945124984
2024-04-04 12:45:00+00:00,1.26603,1.266965,1.265975,1.2668599999999999,2610.7199639976025
2024-04-04 13:00:00+00:00,1.2668499999999998,1.26697,1.26617,1.266645,2519.2799639180303
2024-04-04 13:15:00+00:00,1.26665,1.267895,1.26665,1.267455,2806.2599671557546
2024-04-04 13:30:00+00:00,1.267445,1.268365,1.26737,1.267875,3205.7999615073204
2024-04-04 13:45:00+00:00,1.267855,1.268205,1.26716,1.26722,2914.1499552056193
2024-04-04 14:00:00+00:00,1.267215,1.26818,1.267145,1.267645,2753.889960795641
2024-04-04 14:15:00+00:00,1.267625,1.2678150000000001,1.267,1.26749,1941.9499709904194
2024-04-04 14:30:00+00:00,1.26751,1.26787,1.26703,1.2673299999999998,2333.279968060553
2024-04-04 14:45:00+00:00,1.267315,1.267335,1.2666,1.266835,2849.759962543845
2024-04-04 15:00:00+00:00,1.266825,1.26708,1.26643,1.266515,2130.9599744826555
2024-04-04 15:15:00+00:00,1.2665250000000001,1.266605,1.266245,1.266605,1710.7199775204062
2024-04-04 15:30:00+00:00,1.26661,1.26699,1.26661,1.266775,1393.0799821093678
2024-04-04 15:45:00+00:00,1.26676,1.266855,1.266465,1.266645,1067.2799847647548
2024-04-04 16:00:00+00:00,1.266655,1.267315,1.26657,1.26727,987.7199875116348
2024-04-04 16:15:00+00:00,1.267285,1.267305,1.267055,1.267195,784.3499899879098
2024-04-04 16:30:00+00:00,1.2671999999999999,1.2672050000000001,1.266765,1.2668849999999998,1073.9699851870537
2024-04-04 16:45:00+00:00,1.26688,1.267055,1.266575,1.266585,926.3699892163277
2024-04-04 17:00:00+00:00,1.26658,1.26694,1.26641,1.26693,1445.3999759480357
2024-04-04 17:15:00+00:00,1.266925,1.266995,1.266735,1.26676,850.3799869567156
2024-04-04 17:30:00+00:00,1.266775,1.26681,1.266535,1.266685,1073.9999834299088
2024-04-04 17:45:00+00:00,1.26668,1.26673,1.26636,1.266445,1035.5699817836285
2024-04-04 18:00:00+00:00,1.26644,1.266445,1.265545,1.265635,2255.0699712634087
2024-04-04 18:15:00+00:00,1.2656450000000001,1.265905,1.26543,1.265455,3861.399935811758
2024-04-04 18:30:00+00:00,1.26544,1.26544,1.26451,1.264535,4142.3799498826265
2024-04-04 18:45:00+00:00,1.26454,1.265345,1.26454,1.265085,4526.059941448271
2024-04-04 19:00:00+00:00,1.26509,1.265195,1.264525,1.264665,5644.829936951399
2024-04-04 19:15:00+00:00,1.2646600000000001,1.2646899999999999,1.264115,1.26416,3658.409964606166
2024-04-04 19:30:00+00:00,1.2641550000000001,1.26427,1.263525,1.2642,3166.4099583551288
2024-04-04 19:45:00+00:00,1.264185,1.26432,1.26376,1.2638099999999999,3200.1299460977316
2024-04-04 20:00:00+00:00,1.263805,1.263985,1.26357,1.26389,1572.8699830397964
2024-04-04 20:15:00+00:00,1.26389,1.2640799999999999,1.26389,1.264005,621.3999898582697
2024-04-04 20:30:00+00:00,1.26402,1.2643149999999999,1.26393,1.264245,683.6699902787805
2024-04-04 20:45:00+00:00,1.264235,1.264405,1.2641900000000001,1.264215,652.7099879011512
2024-04-04 21:00:00+00:00,1.26416,1.2642099999999998,1.26388,1.263895,258.37999860942364
2024-04-04 21:15:00+00:00,1.26398,1.2642350000000002,1.26389,1.2641399999999998,739.0999918356538
2024-04-04 21:30:00+00:00,1.2641749999999998,1.26426,1.264025,1.264195,2143.5799796804786
2024-04-04 21:45:00+00:00,1.2642,1.264255,1.2640250000000002,1.264155,1323.6199818775058
2024-04-04 22:00:00+00:00,1.26416,1.264495,1.26416,1.2643550000000001,2540.2499827742577
2024-04-04 22:15:00+00:00,1.26437,1.26449,1.2642099999999998,1.26437,1069.199976503849
2024-04-04 22:30:00+00:00,1.264375,1.264405,1.2640449999999999,1.2641900000000001,1100.2099927514791
2024-04-04 22:45:00+00:00,1.26418,1.26421,1.26397,1.264055,1260.1499865949154
2024-04-04 23:00:00+00:00,1.26407,1.264325,1.264005,1.26432,759.2099891602993
2024-04-04 23:15:00+00:00,1.264315,1.264315,1.2639,1.26427,494.6399917528033
2024-04-04 23:30:00+00:00,1.26425,1.264525,1.26425,1.264265,532.7099912166595
2024-04-04 23:45:00+00:00,1.26427,1.264315,1.263895,1.26391,1025.42998406291
2024-04-05 00:00:00+00:00,1.2639200000000002,1.264535,1.263605,1.264525,1731.2399684637785
2024-04-05 00:15:00+00:00,1.26452,1.26478,1.26399,1.26399,2338.079954817891
2024-04-05 00:30:00+00:00,1.263995,1.26444,1.2639,1.264275,2919.72996173054
2024-04-05 00:45:00+00:00,1.26427,1.264875,1.26418,1.264715,2498.8499758541584
2024-04-05 01:00:00+00:00,1.26471,1.2647400000000002,1.264465,1.264605,1965.269974336028
2024-04-05 01:15:00+00:00,1.2646000000000002,1.2646000000000002,1.2638099999999999,1.2638099999999999,2806.9499767944217
2024-04-05 01:30:00+00:00,1.2638,1.263915,1.2631000000000001,1.263295,2978.219958715141
2024-04-05 01:45:00+00:00,1.26328,1.2633100000000002,1.2625199999999999,1.2627,2379.3599626645446
2024-04-05 02:00:00+00:00,1.262705,1.262815,1.2623950000000002,1.2626849999999998,1601.5799748897552
2024-04-05 02:15:00+00:00,1.26268,1.2627,1.2622849999999999,1.26247,1960.1399658992887
2024-04-05 02:30:00+00:00,1.262475,1.262475,1.26216,1.26221,1358.0999848246574
2024-04-05 02:45:00+00:00,1.2622200000000001,1.26248,1.2622,1.2624499999999999,1078.7399880290031
2024-04-05 03:00:00+00:00,1.262455,1.262575,1.262275,1.262365,1688.3999766111374
2024-04-05 03:15:00+00:00,1.26236,1.262605,1.26236,1.26248,978.299984715879
2024-04-05 03:30:00+00:00,1.26247,1.262575,1.262335,1.262375,1085.2799870818853
2024-04-05 03:45:00+00:00,1.26237,1.26266,1.262315,1.2625799999999998,1163.1299799531698
2024-04-05 04:00:00+00:00,1.262585,1.262655,1.262465,1.26247,1007.7899820581079
2024-04-05 04:15:00+00:00,1.262475,1.26261,1.262425,1.26257,1234.7399826347828
2024-04-05 04:30:00+00:00,1.2625600000000001,1.26267,1.262505,1.262565,1662.3599792942405
2024-04-05 04:45:00+00:00,1.2625600000000001,1.2625899999999999,1.262435,1.2625549999999999,2296.2299722880125
2024-04-05 05:00:00+00:00,1.2625600000000001,1.262815,1.262475,1.2624900000000001,2063.999965392053
2024-04-05 05:15:00+00:00,1.2624849999999999,1.2626300000000001,1.26246,1.262485,2106.5699747800827
2024-04-05 05:30:00+00:00,1.2624900000000001,1.26255,1.262045,1.262375,1579.589979827404
2024-04-05 05:45:00+00:00,1.2623799999999998,1.26255,1.2622499999999999,1.262475,1318.139982715249
2024-04-05 06:00:00+00:00,1.26247,1.262745,1.261625,1.2616399999999999,2539.389960810542
2024-04-05 06:15:00+00:00,1.261635,1.2620149999999999,1.261635,1.261975,1650.0899809896946
2024-04-05 06:30:00+00:00,1.2619799999999999,1.262135,1.26144,1.262135,1455.8899792283773
2024-04-05 06:45:00+00:00,1.262145,1.26231,1.26179,1.2621600000000002,2071.4399689510465
2024-04-05 07:00:00+00:00,1.262155,1.26316,1.26192,1.262815,3075.449956394732
2024-04-05 07:15:00+00:00,1.26281,1.262835,1.262135,1.262445,2483.6999680250883
2024-04-05 07:30:00+00:00,1.262455,1.2624849999999999,1.2619150000000001,1.262265,2101.439970135689
2024-04-05 07:45:00+00:00,1.262275,1.26296,1.262275,1.262725,1900.5899750590324
2024-04-05 08:00:00+00:00,1.26271,1.26288,1.26234,1.26254,1848.929976798594
2024-04-05 08:15:00+00:00,1.2625199999999999,1.263155,1.2621850000000001,1.263155,1644.4799791947007
2024-04-05 08:30:00+00:00,1.263145,1.26398,1.263145,1.26393,2357.969966545701
2024-04-05 08:45:00+00:00,1.263935,1.2640500000000001,1.263525,1.263695,1556.3099809736013
2024-04-05 09:00:00+00:00,1.2637049999999999,1.263895,1.26333,1.263545,1488.9399784058332
2024-04-05 09:15:00+00:00,1.2635399999999999,1.264075,1.263515,1.263785,1185.8399813324213
2024-04-05 09:30:00+00:00,1.2637749999999999,1.26386,1.26333,1.2634699999999999,1467.479975156486
2024-04-05 09:45:00+00:00,1.263465,1.26359,1.263345,1.263435,946.0199823305011
2024-04-05 10:00:00+00:00,1.26343,1.26368,1.26321,1.2634349999999999,1392.65998288244
2024-04-05 10:15:00+00:00,1.26343,1.263575,1.263285,1.2634400000000001,1383.8999790474772
2024-04-05 10:30:00+00:00,1.2634400000000001,1.263725,1.2632400000000001,1.26343,987.9599813222885
2024-04-05 10:45:00+00:00,1.26342,1.26342,1.262955,1.263335,1510.92997790128
2024-04-05 11:00:00+00:00,1.26333,1.2634400000000001,1.262805,1.26291,1426.1999791562557
2024-04-05 11:15:00+00:00,1.262905,1.2631700000000001,1.262845,1.262975,1313.9399873241782
2024-04-05 11:30:00+00:00,1.2629899999999998,1.26352,1.26287,1.2634750000000001,1261.5199819728732
2024-04-05 11:45:00+00:00,1.26348,1.2636500000000002,1.263155,1.263225,1837.8299740329385
2024-04-05 12:00:00+00:00,1.26322,1.26427,1.263215,1.2641499999999999,2568.23996566236
2024-04-05 12:15:00+00:00,1.26416,1.2645,1.263965,1.264465,2954.23996476084
2024-04-05 12:30:00+00:00,1.2644549999999999,1.2645300000000002,1.2582499999999999,1.260015,18070.709779001772
2024-04-05 12:45:00+00:00,1.2600250000000002,1.260095,1.258435,1.25949,8995.729892030358
2024-04-05 13:00:00+00:00,1.259505,1.259905,1.257435,1.25747,6501.779909469187
2024-04-05 13:15:00+00:00,1.25751,1.259335,1.25751,1.25895,5856.179907113314
2024-04-05 13:30:00+00:00,1.25894,1.25945,1.258325,1.258585,6933.269902147353
2024-04-05 13:45:00+00:00,1.258575,1.260015,1.258355,1.259515,4643.21992534399
2024-04-05 14:00:00+00:00,1.2595200000000002,1.261035,1.2586499999999998,1.260975,5268.1199334561825
2024-04-05 14:15:00+00:00,1.260985,1.261335,1.260345,1.261175,5258.549923866987
2024-04-05 14:30:00+00:00,1.26118,1.2619500000000001,1.26092,1.2618,6046.829923853278
2024-04-05 14:45:00+00:00,1.26181,1.262105,1.26109,1.2615,5531.619934253395
2024-04-05 15:00:00+00:00,1.261485,1.262115,1.260945,1.262095,4488.429949127138
2024-04-05 15:15:00+00:00,1.262085,1.262265,1.261505,1.2622499999999999,3610.6199503690004
2024-04-05 15:30:00+00:00,1.2622550000000001,1.2627199999999998,1.2616800000000001,1.262635,2627.7599618136883
2024-04-05 15:45:00+00:00,1.2626300000000001,1.2634349999999999,1.2626300000000001,1.263055,2052.629965990782
2024-04-05 16:00:00+00:00,1.26308,1.2634400000000001,1.262945,1.26314,1869.899969778955
2024-04-05 16:15:00+00:00,1.263145,1.26338,1.26298,1.26304,1601.699979417026
2024-04-05 16:30:00+00:00,1.26309,1.26356,1.262635,1.263535,2185.259971179068
2024-04-05 16:45:00+00:00,1.2635399999999999,1.26355,1.26303,1.26349,1503.6899797171354
2024-04-05 17:00:00+00:00,1.263495,1.263655,1.2632050000000001,1.263255,2159.6999670416117
2024-04-05 17:15:00+00:00,1.26326,1.26375,1.263155,1.2637450000000001,1692.6899776384234
2024-04-05 17:30:00+00:00,1.263755,1.263855,1.263555,1.26374,1240.0799843519926
2024-04-05 17:45:00+00:00,1.263735,1.26377,1.263245,1.2635100000000001,1732.6499769985676
2024-04-05 18:00:00+00:00,1.263515,1.264065,1.2632349999999999,1.26395,2017.0199706554413
2024-04-05 18:15:00+00:00,1.26394,1.263985,1.26357,1.26357,1493.5899830758572
2024-04-05 18:30:00+00:00,1.26358,1.2639399999999998,1.2635399999999999,1.263855,1523.519981071353
2024-04-05 18:45:00+00:00,1.2638500000000001,1.2638500000000001,1.263285,1.263445,1660.2299760356545
2024-04-05 19:00:00+00:00,1.2634400000000001,1.263675,1.2631549999999998,1.2634349999999999,2167.7399818375707
2024-04-05 19:15:00+00:00,1.2634400000000001,1.26386,1.2633899999999998,1.26377,1532.2199881449342
2024-04-05 19:30:00+00:00,1.26376,1.263865,1.26332,1.26336,1051.3199829086661
2024-04-05 19:45:00+00:00,1.263355,1.263785,1.26335,1.2634699999999999,1056.2399846240878
2024-04-05 20:00:00+00:00,1.263465,1.26356,1.263295,1.263445,672.0599880963564
2024-04-05 20:15:00+00:00,1.2634500000000002,1.263645,1.2633450000000002,1.26363,732.9899880215526
2024-04-05 20:30:00+00:00,1.263625,1.263695,1.2635800000000001,1.26368,840.7799857854843
2024-04-05 20:45:00+00:00,1.263665,1.26388,1.263645,1.2637649999999998,1518.359989285469
2024-04-08 00:00:00+00:00,1.2623799999999998,1.262405,1.26149,1.261495,3089.5499568656087
2024-04-08 00:15:00+00:00,1.26149,1.2618900000000002,1.26149,1.2616399999999999,1573.319970779121
2024-04-08 00:30:00+00:00,1.261635,1.26181,1.26158,1.26163,1759.829972743988
2024-04-08 00:45:00+00:00,1.261635,1.2617850000000002,1.2614800000000002,1.2616450000000001,2317.5599646493793
2024-04-08 01:00:00+00:00,1.2616399999999999,1.2620200000000001,1.2616,1.2619500000000001,3839.7899480313063
2024-04-08 01:15:00+00:00,1.2619449999999999,1.262075,1.26182,1.26186,2245.4699642136693
2024-04-08 01:30:00+00:00,1.26187,1.26268,1.26187,1.26262,2738.6999585330486
2024-04-08 01:45:00+00:00,1.26264,1.2629000000000001,1.262495,1.262765,2940.599956355989
2024-04-08 02:00:00+00:00,1.26277,1.263225,1.262655,1.2632249999999998,2608.4399631917477
2024-04-08 02:15:00+00:00,1.26322,1.263355,1.263075,1.26326,2706.3299555182457
2024-04-08 02:30:00+00:00,1.263265,1.2637800000000001,1.263265,1.263655,2547.059962078929
2024-04-08 02:45:00+00:00,1.26365,1.263965,1.2635100000000001,1.2637800000000001,1942.019973680377
2024-04-08 03:00:00+00:00,1.263765,1.263965,1.263525,1.2635399999999999,2050.399960435927
2024-04-08 03:15:00+00:00,1.263545,1.263575,1.26307,1.2631000000000001,2044.2299651354551
2024-04-08 03:30:00+00:00,1.26307,1.26316,1.2628499999999998,1.26309,2207.519960090518
2024-04-08 03:45:00+00:00,1.263085,1.263095,1.2628400000000002,1.263055,1388.2799769863486
2024-04-08 04:00:00+00:00,1.263065,1.26326,1.262845,1.26296,1911.7799744158983
2024-04-08 04:15:00+00:00,1.262965,1.263,1.2628499999999998,1.26292,1815.4199694395065
2024-04-08 04:30:00+00:00,1.262925,1.263055,1.262785,1.262935,1074.8699802085757
2024-04-08 04:45:00+00:00,1.26292,1.2630050000000002,1.26281,1.2629299999999999,1387.7099784612656
2024-04-08 05:00:00+00:00,1.262935,1.263285,1.2629299999999999,1.26321,1575.2999775707722
2024-04-08 05:15:00+00:00,1.263215,1.2634400000000001,1.2631350000000001,1.263345,1870.4099743664265
2024-04-08 05:30:00+00:00,1.26335,1.263365,1.262845,1.26311,1942.5299674123526
2024-04-08 05:45:00+00:00,1.263115,1.263175,1.262825,1.263025,1694.5199777409434
2024-04-08 06:00:00+00:00,1.26304,1.263395,1.262855,1.26287,2696.6399662047625
2024-04-08 06:15:00+00:00,1.26285,1.26285,1.262455,1.26269,1958.67997315526
2024-04-08 06:30:00+00:00,1.26268,1.26339,1.262635,1.26309,1920.8399717062712
2024-04-08 06:45:00+00:00,1.263095,1.263475,1.262945,1.26319,1751.2499727532268
2024-04-08 07:00:00+00:00,1.2632050000000001,1.2632050000000001,1.2621099999999998,1.262605,2411.1299699917436
2024-04-08 07:15:00+00:00,1.26262,1.26296,1.26235,1.262745,2595.5999640524387
2024-04-08 07:30:00+00:00,1.262735,1.263195,1.262465,1.262985,1860.5099744647741
2024-04-08 07:45:00+00:00,1.262965,1.263145,1.262495,1.26272,1976.5499728918076
2024-04-08 08:00:00+00:00,1.262725,1.26322,1.2626249999999999,1.26319,2159.1299693137407
2024-04-08 08:15:00+00:00,1.2632050000000001,1.2632400000000001,1.2621799999999999,1.262225,2598.719958819449
2024-04-08 08:30:00+00:00,1.2622200000000001,1.262635,1.262135,1.2622200000000001,1871.5499693378806
2024-04-08 08:45:00+00:00,1.26221,1.262375,1.26186,1.26219,1625.5499696657062
2024-04-08 09:00:00+00:00,1.262195,1.262415,1.261745,1.261755,1468.0199706703424
2024-04-08 09:15:00+00:00,1.261745,1.262765,1.261565,1.262745,1333.7999791279435
2024-04-08 09:30:00+00:00,1.26274,1.2628599999999999,1.2622149999999999,1.262545,1569.299979828298
2024-04-08 09:45:00+00:00,1.26255,1.26281,1.26241,1.262645,1584.809981636703
2024-04-08 10:00:00+00:00,1.262635,1.2628249999999999,1.26234,1.2628249999999999,1528.1399771496654
2024-04-08 10:15:00+00:00,1.2628300000000001,1.263455,1.262735,1.263335,1125.9899849519134
2024-04-08 10:30:00+00:00,1.26334,1.263625,1.263245,1.26336,1063.6799844577909
2024-04-08 10:45:00+00:00,1.263355,1.263415,1.26295,1.26336,1782.089973770082
2024-04-08 11:00:00+00:00,1.263355,1.263375,1.26261,1.2626300000000001,1544.0099740177393
2024-04-08 11:15:00+00:00,1.262635,1.26281,1.2622550000000001,1.262445,1184.0699812471867
2024-04-08 11:30:00+00:00,1.2624499999999999,1.26248,1.26189,1.2624399999999998,1739.6699793487787
2024-04-08 11:45:00+00:00,1.26243,1.262475,1.2618200000000002,1.261925,1557.9899807870388
2024-04-08 12:00:00+00:00,1.261905,1.26194,1.261345,1.26162,2549.2199625074863
2024-04-08 12:15:00+00:00,1.261625,1.2621449999999999,1.261545,1.262005,2001.0899692848325
2024-04-08 12:30:00+00:00,1.2620149999999999,1.2624900000000001,1.261695,1.26221,2179.9299669340253
2024-04-08 12:45:00+00:00,1.262215,1.262835,1.26211,1.262635,2531.9999711364508
2024-04-08 13:00:00+00:00,1.26264,1.2637450000000001,1.26264,1.26311,3143.9299561604857
2024-04-08 13:15:00+00:00,1.263115,1.2638449999999999,1.26298,1.263725,1961.4599699899554
2024-04-08 13:30:00+00:00,1.26373,1.26498,1.263725,1.264655,5258.849923439324
2024-04-08 13:45:00+00:00,1.2646600000000001,1.264955,1.26437,1.264605,3435.329947821796
2024-04-08 14:00:00+00:00,1.264615,1.264685,1.26364,1.2637,4135.409939303994
2024-04-08 14:15:00+00:00,1.2637049999999999,1.26471,1.263545,1.26453,3291.9599517956376
2024-04-08 14:30:00+00:00,1.264525,1.264835,1.26433,1.26483,3265.319960668683
2024-04-08 14:45:00+00:00,1.264835,1.26516,1.2642099999999998,1.2646600000000001,3895.079950220883
2024-04-08 15:00:00+00:00,1.26467,1.265025,1.26425,1.26494,3428.3299521952868
2024-04-08 15:15:00+00:00,1.264935,1.2651,1.264485,1.265015,2601.8699597269297
2024-04-08 15:30:00+00:00,1.26501,1.265555,1.2649599999999999,1.265405,2058.3899695053697
2024-04-08 15:45:00+00:00,1.265415,1.2656200000000002,1.2650700000000001,1.265325,1772.6699708849192
2024-04-08 16:00:00+00:00,1.265335,1.265335,1.26454,1.264645,1757.0399762317538
2024-04-08 16:15:00+00:00,1.26464,1.264785,1.2643499999999999,1.26453,2280.8399735689163
2024-04-08 16:30:00+00:00,1.264535,1.264785,1.2643550000000001,1.2647300000000001,1846.5599738508463
2024-04-08 16:45:00+00:00,1.264735,1.264935,1.2644,1.264865,1893.7199744656682
2024-04-08 17:00:00+00:00,1.26486,1.26518,1.264705,1.265145,1453.0199829861522
2024-04-08 17:15:00+00:00,1.26515,1.266085,1.265085,1.266085,1713.2399752289057
2024-04-08 17:30:00+00:00,1.266115,1.266315,1.26593,1.266095,2007.539971448481
2024-04-08 17:45:00+00:00,1.26609,1.26609,1.26578,1.265935,1900.7999736592174
2024-04-08 18:00:00+00:00,1.26593,1.26616,1.26593,1.2660550000000002,1118.5199858397245
2024-04-08 18:15:00+00:00,1.26606,1.2664,1.266005,1.266155,913.289988450706
2024-04-08 18:30:00+00:00,1.26619,1.266205,1.26578,1.26597,1274.12997918576
2024-04-08 18:45:00+00:00,1.2659799999999999,1.26617,1.2655349999999999,1.265745,2224.6599682569504
2024-04-08 19:00:00+00:00,1.26574,1.265915,1.265495,1.26551,1346.3699801117182
2024-04-08 19:15:00+00:00,1.265505,1.2659500000000001,1.265425,1.26592,1371.8399814367294
2024-04-08 19:30:00+00:00,1.265905,1.265905,1.265525,1.26554,1154.219987154007
2024-04-08 19:45:00+00:00,1.2655349999999999,1.265665,1.265395,1.26548,1533.5699735805392
2024-04-08 20:00:00+00:00,1.265475,1.26562,1.265435,1.265545,1062.4199822843075
2024-04-08 20:15:00+00:00,1.26555,1.265625,1.26548,1.265495,538.439993724227
2024-04-08 20:30:00+00:00,1.2655,1.26551,1.2652999999999999,1.2654,636.989993788302
2024-04-08 20:45:00+00:00,1.26539,1.2655150000000002,1.265345,1.265455,360.59999418258667
2024-04-08 21:00:00+00:00,1.26541,1.265585,1.26519,1.26542,451.6899950802326
2024-04-08 21:15:00+00:00,1.26542,1.26561,1.265375,1.2654649999999998,508.7499979734421
2024-04-08 21:30:00+00:00,1.265475,1.265625,1.2653050000000001,1.265415,1103.1299841701984
2024-04-08 21:45:00+00:00,1.265415,1.265465,1.26528,1.2653349999999999,1292.739986203611
2024-04-08 22:00:00+00:00,1.26534,1.265725,1.265325,1.265625,755.9999883770943
2024-04-08 22:15:00+00:00,1.2656299999999998,1.265635,1.26552,1.265525,889.6999949812889
2024-04-08 22:30:00+00:00,1.26552,1.265655,1.265505,1.2656200000000002,368.44999516010284
2024-04-08 22:45:00+00:00,1.2656100000000001,1.26566,1.26558,1.265655,482.33998917788267
2024-04-08 23:00:00+00:00,1.26566,1.26577,1.2656100000000001,1.265695,2350.139973089099
2024-04-08 23:15:00+00:00,1.2657,1.265775,1.2656399999999999,1.265765,581.3999907970428
2024-04-08 23:30:00+00:00,1.26576,1.2659500000000001,1.265755,1.26593,380.96999472379684
2024-04-08 23:45:00+00:00,1.26593,1.2659799999999999,1.2657,1.26575,580.7999913841486
2024-04-09 00:00:00+00:00,1.265745,1.2659150000000001,1.265585,1.265855,1270.6199829131365
2024-04-09 00:15:00+00:00,1.26586,1.26586,1.265425,1.265485,1389.5399806648493
2024-04-09 00:30:00+00:00,1.265495,1.265815,1.2654100000000001,1.2654100000000001,1053.5099827051163
2024-04-09 00:45:00+00:00,1.265415,1.265555,1.26532,1.2654,1243.2599789947271
2024-04-09 01:00:00+00:00,1.2654100000000001,1.2656450000000001,1.265275,1.265475,2284.4999612495303
2024-04-09 01:15:00+00:00,1.26549,1.265545,1.26524,1.26546,1292.3399830684066
2024-04-09 01:30:00+00:00,1.265455,1.26592,1.26545,1.26562,2299.409957513213
2024-04-09 01:45:00+00:00,1.2656100000000001,1.26578,1.26544,1.26546,1393.4099768400192
2024-04-09 02:00:00+00:00,1.265455,1.26569,1.26533,1.2656749999999999,1422.0299775972962
2024-04-09 02:15:00+00:00,1.2656800000000001,1.266165,1.2656800000000001,1.265875,1360.1099749729037
2024-04-09 02:30:00+00:00,1.26586,1.26586,1.26553,1.2655699999999999,2134.379965350032
2024-04-09 02:45:00+00:00,1.2655750000000001,1.2656649999999998,1.2654,1.2655750000000001,2001.1799731701612
2024-04-09 03:00:00+00:00,1.265565,1.265735,1.2654100000000001,1.2654649999999998,1062.929985538125
2024-04-09 03:15:00+00:00,1.26546,1.2656800000000001,1.265435,1.265475,908.6099886372685
2024-04-09 03:30:00+00:00,1.265485,1.265485,1.265315,1.265345,907.1699869334698
2024-04-09 03:45:00+00:00,1.2653400000000001,1.2655750000000001,1.265265,1.265465,1313.5499825775623
2024-04-09 04:00:00+00:00,1.26548,1.2656100000000001,1.265435,1.265435,1102.4999822154641
2024-04-09 04:15:00+00:00,1.26539,1.2656749999999999,1.265385,1.2656100000000001,749.0099858939648
2024-04-09 04:30:00+00:00,1.265615,1.2657850000000002,1.265615,1.265635,401.90999899059534
2024-04-09 04:45:00+00:00,1.2656399999999999,1.2658299999999998,1.26563,1.26566,1523.12997982651
2024-04-09 05:00:00+00:00,1.2656649999999998,1.2658800000000001,1.265635,1.26587,1705.2899802327156
2024-04-09 05:15:00+00:00,1.265865,1.26599,1.265755,1.265765,1364.7299787849188
2024-04-09 05:30:00+00:00,1.2657699999999998,1.26586,1.2656399999999999,1.26572,768.9299880862236
2024-04-09 05:45:00+00:00,1.265725,1.26579,1.265565,1.26572,1949.8499730750918
2024-04-09 06:00:00+00:00,1.265725,1.266455,1.265725,1.266045,1866.8799706324935
2024-04-09 06:15:00+00:00,1.26604,1.266095,1.26558,1.265655,1218.6099828705192
2024-04-09 06:30:00+00:00,1.26566,1.26587,1.2654450000000002,1.265585,1206.509983278811
2024-04-09 06:45:00+00:00,1.2656,1.26575,1.26526,1.265445,1596.0599808096886
2024-04-09 07:00:00+00:00,1.26544,1.265715,1.265225,1.2656450000000001,1877.2499723881483
2024-04-09 07:15:00+00:00,1.26565,1.265685,1.26501,1.265145,1718.3699753955007
2024-04-09 07:30:00+00:00,1.26514,1.265465,1.264885,1.2651249999999998,1627.1999778598547
2024-04-09 07:45:00+00:00,1.26512,1.26567,1.265075,1.265375,1539.8399868234992
2024-04-09 08:00:00+00:00,1.265395,1.265545,1.26509,1.265265,1727.039980970323
2024-04-09 08:15:00+00:00,1.2652700000000001,1.265625,1.2650350000000001,1.2650350000000001,1190.6499868035316
2024-04-09 08:30:00+00:00,1.2650299999999999,1.265775,1.264955,1.2657349999999998,1485.0599786266685
2024-04-09 08:45:00+00:00,1.265725,1.266275,1.2656749999999999,1.2660550000000002,1406.9999823570251
2024-04-09 09:00:00+00:00,1.26606,1.266595,1.26571,1.266585,1161.6899856254458
2024-04-09 09:15:00+00:00,1.2665899999999999,1.26688,1.266205,1.266875,1410.3599819093943
2024-04-09 09:30:00+00:00,1.2668849999999998,1.26762,1.26648,1.26756,2243.779968008399
2024-04-09 09:45:00+00:00,1.2675450000000001,1.26813,1.26749,1.26799,2589.0899685025215
2024-04-09 10:00:00+00:00,1.26801,1.26886,1.268,1.268685,2339.429967932403
2024-04-09 10:15:00+00:00,1.268705,1.26907,1.26848,1.268495,1754.8299763277173
2024-04-09 10:30:00+00:00,1.268505,1.2686950000000001,1.268245,1.2684,1411.2299783229828
2024-04-09 10:45:00+00:00,1.268405,1.26882,1.268355,1.268575,1593.8099760338664
2024-04-09 11:00:00+00:00,1.26858,1.268945,1.268375,1.2686600000000001,1859.4899777546525
2024-04-09 11:15:00+00:00,1.268685,1.26879,1.268435,1.26865,1320.5999814867973
2024-04-09 11:30:00+00:00,1.268645,1.268665,1.267595,1.2677999999999998,1763.0499810427427
2024-04-09 11:45:00+00:00,1.267755,1.26811,1.267595,1.26802,1107.1199873015285
2024-04-09 12:00:00+00:00,1.268025,1.2687300000000001,1.267815,1.2684250000000001,2113.6499692350626
2024-04-09 12:15:00+00:00,1.26843,1.268705,1.26803,1.26844,2305.4699673205614
2024-04-09 12:30:00+00:00,1.2684600000000001,1.2698049999999999,1.2683499999999999,1.269795,2430.1799652799964
2024-04-09 12:45:00+00:00,1.26979,1.270355,1.2695400000000001,1.269685,2370.0299609079957
2024-04-09 13:00:00+00:00,1.2696749999999999,1.2702200000000001,1.26928,1.270145,2509.7999677732587
2024-04-09 13:15:00+00:00,1.27013,1.270565,1.269635,1.270565,3211.8099517822266
2024-04-09 13:30:00+00:00,1.270605,1.27094,1.269975,1.269975,3045.209948718548
2024-04-09 13:45:00+00:00,1.26997,1.270085,1.26941,1.269745,2976.3299572095275
2024-04-09 14:00:00+00:00,1.26974,1.270295,1.26972,1.27005,2244.3299708217382
2024-04-09 14:15:00+00:00,1.2700900000000002,1.27031,1.26918,1.26926,2087.0399721488357
2024-04-09 14:30:00+00:00,1.2692700000000001,1.2696,1.267625,1.267825,4802.719934567809
2024-04-09 14:45:00+00:00,1.2678099999999999,1.2684,1.267335,1.2674699999999999,5605.8599213808775
2024-04-09 15:00:00+00:00,1.267465,1.26751,1.26669,1.266775,3807.449949629605
2024-04-09 15:15:00+00:00,1.266785,1.267385,1.266785,1.266925,3539.4999469071627
2024-04-09 15:30:00+00:00,1.26693,1.2676699999999999,1.2668650000000001,1.267645,2736.1199552565813
2024-04-09 15:45:00+00:00,1.26764,1.26787,1.26708,1.2672249999999998,2064.1199681535363
2024-04-09 16:00:00+00:00,1.26723,1.26743,1.26712,1.26732,1994.4099697098136
2024-04-09 16:15:00+00:00,1.26733,1.26743,1.267125,1.2671299999999999,1407.4799777120352
2024-04-09 16:30:00+00:00,1.26715,1.267385,1.267085,1.2670949999999999,1147.6199817582965
2024-04-09 16:45:00+00:00,1.267115,1.267195,1.266875,1.266965,1412.5199786275625
2024-04-09 17:00:00+00:00,1.26696,1.267055,1.266625,1.266635,2878.289957344532
2024-04-09 17:15:00+00:00,1.266625,1.26698,1.266395,1.26675,1668.7799787968397
2024-04-09 17:30:00+00:00,1.2667549999999999,1.267065,1.2666499999999998,1.266955,923.0999889299273
2024-04-09 17:45:00+00:00,1.26695,1.26708,1.266655,1.266675,1244.3999839425087
2024-04-09 18:00:00+00:00,1.2666650000000002,1.2669549999999998,1.26638,1.266845,1780.1399849951267
2024-04-09 18:15:00+00:00,1.2668400000000002,1.2670599999999999,1.26678,1.266975,836.6099898666143
2024-04-09 18:30:00+00:00,1.26698,1.26707,1.266915,1.266965,1284.5499827563763
2024-04-09 18:45:00+00:00,1.26696,1.26715,1.266745,1.267035,1094.2799873277545
2024-04-09 19:00:00+00:00,1.26702,1.26702,1.2663099999999998,1.2664499999999999,1008.7499849051237
2024-04-09 19:15:00+00:00,1.26646,1.267205,1.266455,1.267195,1867.4099704548717
2024-04-09 19:30:00+00:00,1.2671999999999999,1.26746,1.26711,1.267415,1692.809972435236
2024-04-09 19:45:00+00:00,1.26741,1.267545,1.26726,1.267525,1520.2799773588777
2024-04-09 20:00:00+00:00,1.267535,1.2678850000000002,1.2674400000000001,1.2678449999999999,1067.939983703196
2024-04-09 20:15:00+00:00,1.26784,1.26788,1.2677399999999999,1.267855,469.7299951314926
2024-04-09 20:30:00+00:00,1.2678600000000002,1.26799,1.267805,1.26783,477.3299928829074
2024-04-09 20:45:00+00:00,1.26784,1.26784,1.267725,1.267785,379.0799929872155
2024-04-09 21:00:00+00:00,1.26777,1.26788,1.26756,1.2676349999999998,418.59999108314514
2024-04-09 21:15:00+00:00,1.267655,1.26777,1.26743,1.2675649999999998,582.6099931001663
2024-04-09 21:30:00+00:00,1.26759,1.26788,1.26748,1.2677049999999999,4133.029965363443
2024-04-09 21:45:00+00:00,1.26769,1.26776,1.267555,1.2676500000000002,1539.8999891132116
2024-04-09 22:00:00+00:00,1.267655,1.267765,1.2675999999999998,1.2676150000000002,532.8399942517281
2024-04-09 22:15:00+00:00,1.267605,1.2676150000000002,1.267595,1.2675999999999998,510.30000054836273
2024-04-09 22:30:00+00:00,1.267625,1.267655,1.267595,1.26762,452.36999582499266
2024-04-09 22:45:00+00:00,1.267625,1.26768,1.2676,1.267625,331.7099964618683
2024-04-09 23:00:00+00:00,1.26762,1.267675,1.267525,1.267625,859.3299915120006
2024-04-09 23:15:00+00:00,1.2676349999999998,1.26775,1.26761,1.2677450000000001,203.39999616146088
2024-04-09 23:30:00+00:00,1.2677399999999999,1.267765,1.26769,1.26775,223.19999599456787
2024-04-09 23:45:00+00:00,1.267755,1.2677550000000002,1.267605,1.267715,908.6999835446477
2024-04-10 00:00:00+00:00,1.2677200000000002,1.267785,1.2674750000000001,1.267715,983.9399847686291
2024-04-10 00:15:00+00:00,1.2677200000000002,1.26773,1.26752,1.267625,1571.1299766898155
2024-04-10 00:30:00+00:00,1.267615,1.267735,1.267485,1.2675100000000001,2315.009971432388
2024-04-10 00:45:00+00:00,1.2675049999999999,1.26763,1.26736,1.267515,1839.029971756041
2024-04-10 01:00:00+00:00,1.26752,1.267825,1.26734,1.26742,1775.0699805244803
2024-04-10 01:15:00+00:00,1.267415,1.2675299999999998,1.267105,1.26715,3058.319952324033
2024-04-10 01:30:00+00:00,1.267145,1.2672750000000002,1.26694,1.267025,2259.239964812994
2024-04-10 01:45:00+00:00,1.26703,1.267655,1.266905,1.2675100000000001,1489.4999781697989
2024-04-10 02:00:00+00:00,1.267485,1.26779,1.2672949999999998,1.2673450000000002,2399.1899647563696
2024-04-10 02:15:00+00:00,1.26734,1.267475,1.267205,1.26726,2083.1999711096287
2024-04-10 02:30:00+00:00,1.2672400000000001,1.267665,1.26719,1.26766,1875.4499688372016
2024-04-10 02:45:00+00:00,1.267665,1.267895,1.2674949999999998,1.26772,2040.9599613919854
2024-04-10 03:00:00+00:00,1.267715,1.26784,1.26757,1.2677299999999998,1211.729982353747
2024-04-10 03:15:00+00:00,1.267735,1.267805,1.26756,1.2676500000000002,1404.3899772688746
2024-04-10 03:30:00+00:00,1.267655,1.2677100000000001,1.2675049999999999,1.267615,1124.9699775204062
2024-04-10 03:45:00+00:00,1.26762,1.2677100000000001,1.2674949999999998,1.267625,1770.2999722361565
2024-04-10 04:00:00+00:00,1.26762,1.267635,1.267415,1.2676150000000002,1146.2999821603298
2024-04-10 04:15:00+00:00,1.26762,1.26762,1.2675,1.26756,944.789985537529
2024-04-10 04:30:00+00:00,1.267545,1.2676500000000002,1.26752,1.26757,750.289990618825
2024-04-10 04:45:00+00:00,1.267555,1.2677749999999999,1.2674599999999998,1.26775,1290.389986820519
2024-04-10 05:00:00+00:00,1.2677450000000001,1.26789,1.267655,1.26788,1574.49997356534
2024-04-10 05:15:00+00:00,1.267895,1.268025,1.26779,1.267795,1007.9399831816554
2024-04-10 05:30:00+00:00,1.267805,1.26797,1.26763,1.267755,1850.729969009757
2024-04-10 05:45:00+00:00,1.26776,1.26776,1.26741,1.267485,2203.949978478253
2024-04-10 06:00:00+00:00,1.26749,1.26782,1.267305,1.267655,1706.4599726423621
2024-04-10 06:15:00+00:00,1.2676349999999998,1.268315,1.267555,1.2681300000000002,1180.1399858146906
2024-04-10 06:30:00+00:00,1.2681149999999999,1.2681149999999999,1.267585,1.268005,1365.38998234272
2024-04-10 06:45:00+00:00,1.2680099999999999,1.26833,1.267935,1.2682,1338.269981481135
2024-04-10 07:00:00+00:00,1.268195,1.268475,1.267905,1.26806,1917.179976977408
2024-04-10 07:15:00+00:00,1.268055,1.26837,1.26764,1.268355,1236.3299836739898
2024-04-10 07:30:00+00:00,1.268345,1.268565,1.268065,1.26843,1417.7399832084775
2024-04-10 07:45:00+00:00,1.2684250000000001,1.268935,1.268265,1.26887,1382.2199854776263
2024-04-10 08:00:00+00:00,1.268875,1.26888,1.2683550000000001,1.268845,1275.0499844029546
2024-04-10 08:15:00+00:00,1.2688350000000002,1.269075,1.268495,1.26892,1500.2099815532565
2024-04-10 08:30:00+00:00,1.2689249999999999,1.26915,1.26845,1.26863,1659.2399817928672
2024-04-10 08:45:00+00:00,1.26862,1.269455,1.268575,1.26944,1451.4599774703383
2024-04-10 09:00:00+00:00,1.26945,1.2696,1.26888,1.26897,1097.4299835413694
2024-04-10 09:15:00+00:00,1.268965,1.269345,1.268845,1.26924,1536.0599839687347
2024-04-10 09:30:00+00:00,1.269245,1.2696749999999999,1.2690700000000001,1.26965,1320.7499839365482
2024-04-10 09:45:00+00:00,1.2696100000000001,1.2697699999999998,1.26942,1.269665,1855.3599723801017
2024-04-10 10:00:00+00:00,1.26966,1.269765,1.26951,1.269765,1091.7899881526828
2024-04-10 10:15:00+00:00,1.269775,1.270205,1.26967,1.270185,845.4399914294481
2024-04-10 10:30:00+00:00,1.2701799999999999,1.270475,1.26992,1.26992,1800.2099804505706
2024-04-10 10:45:00+00:00,1.269925,1.270095,1.2698299999999998,1.26993,1083.8399879708886
2024-04-10 11:00:00+00:00,1.269925,1.269975,1.2696,1.2698550000000002,1151.759982995689
2024-04-10 11:15:00+00:00,1.2698399999999999,1.2700900000000002,1.269665,1.2697850000000002,1059.7499840557575
2024-04-10 11:30:00+00:00,1.26979,1.27,1.269295,1.269545,784.7299894541502
2024-04-10 11:45:00+00:00,1.2695400000000001,1.26976,1.269355,1.269415,1313.609983228147
2024-04-10 12:00:00+00:00,1.269425,1.270125,1.2692999999999999,1.270035,2198.1599690541625
2024-04-10 12:15:00+00:00,1.2700300000000002,1.27084,1.269665,1.2705950000000001,3885.909953378141
2024-04-10 12:30:00+00:00,1.270635,1.27069,1.25984,1.2600500000000001,19626.109745450318
2024-04-10 12:45:00+00:00,1.2600250000000002,1.262875,1.259515,1.2611750000000002,11601.109849609435
2024-04-10 13:00:00+00:00,1.26118,1.261235,1.258445,1.25866,9359.589863233268
2024-04-10 13:15:00+00:00,1.25867,1.2600250000000002,1.25867,1.259505,7984.4098880290985
2024-04-10 13:30:00+00:00,1.2595,1.259675,1.2577150000000001,1.258085,9562.309886403382
2024-04-10 13:45:00+00:00,1.258075,1.258245,1.256355,1.256515,9504.009863644838
2024-04-10 14:00:00+00:00,1.256525,1.257585,1.255965,1.256685,7388.199900954962
2024-04-10 14:15:00+00:00,1.25668,1.258225,1.25654,1.257555,5099.569933719933
2024-04-10 14:30:00+00:00,1.25756,1.25821,1.256985,1.2570299999999999,7052.759917482734
2024-04-10 14:45:00+00:00,1.257035,1.2573400000000001,1.255965,1.25659,5219.589936412871
2024-04-10 15:00:00+00:00,1.2565849999999998,1.256655,1.254935,1.25508,4199.2299462631345
2024-04-10 15:15:00+00:00,1.255085,1.25539,1.254535,1.25487,4008.209936760366
2024-04-10 15:30:00+00:00,1.254885,1.255195,1.253785,1.2539799999999999,4333.739933021367
2024-04-10 15:45:00+00:00,1.25397,1.254265,1.253435,1.2542200000000001,4049.469941943884
2024-04-10 16:00:00+00:00,1.254225,1.25438,1.252855,1.2529,4074.249939478934
2024-04-10 16:15:00+00:00,1.25291,1.2530000000000001,1.252175,1.252175,2111.5599657446146
2024-04-10 16:30:00+00:00,1.25218,1.2525400000000002,1.252035,1.252335,2641.199962377548
2024-04-10 16:45:00+00:00,1.25234,1.25353,1.2523,1.2534049999999999,2971.999964952469
2024-04-10 17:00:00+00:00,1.253425,1.2537150000000001,1.252195,1.25293,4717.739923320711
2024-04-10 17:15:00+00:00,1.252925,1.254985,1.252925,1.253995,3033.949950568378
2024-04-10 17:30:00+00:00,1.25399,1.255405,1.2536299999999998,1.2537500000000001,6611.409886330366
2024-04-10 17:45:00+00:00,1.253775,1.2552750000000001,1.25362,1.2548949999999999,2972.219940058887
2024-04-10 18:00:00+00:00,1.254845,1.255275,1.2543449999999998,1.254935,4324.739915452898
2024-04-10 18:15:00+00:00,1.25494,1.25512,1.253505,1.2536450000000001,3646.3599358275533
2024-04-10 18:30:00+00:00,1.253635,1.2542499999999999,1.253345,1.2540550000000001,2146.5299595296383
2024-04-10 18:45:00+00:00,1.2540499999999999,1.25413,1.25259,1.25271,1896.3699645325541
2024-04-10 19:00:00+00:00,1.2526950000000001,1.253335,1.2526350000000002,1.25332,2297.0699544921517
2024-04-10 19:15:00+00:00,1.253315,1.254035,1.253295,1.253695,1918.739963196218
2024-04-10 19:30:00+00:00,1.253685,1.2542200000000001,1.2534450000000001,1.2542200000000001,2847.1499573886395
2024-04-10 19:45:00+00:00,1.254205,1.254325,1.25397,1.254135,1474.6799695566297
2024-04-10 20:00:00+00:00,1.25413,1.2542399999999998,1.253935,1.254155,805.4699844792485
2024-04-10 20:15:00+00:00,1.25416,1.254265,1.25413,1.254165,605.9299905896187
2024-04-10 20:30:00+00:00,1.25417,1.254175,1.2538550000000002,1.2539500000000001,953.0699882283807
2024-04-10 20:45:00+00:00,1.253955,1.25407,1.253935,1.25402,532.5299917310476
2024-04-10 21:00:00+00:00,1.25401,1.25404,1.2537150000000001,1.25385,628.749990105629
2024-04-10 21:15:00+00:00,1.2538399999999998,1.254135,1.25378,1.25394,1155.2099830508232
2024-04-10 21:30:00+00:00,1.25393,1.25416,1.2539,1.25406,1782.899990081787
2024-04-10 21:45:00+00:00,1.25407,1.254125,1.25365,1.2537699999999998,3092.2599664628506
2024-04-10 22:00:00+00:00,1.253735,1.253845,1.2534399999999999,1.2536649999999998,760.4999886751175
2024-04-10 22:15:00+00:00,1.25367,1.25381,1.25366,1.253755,256.8699951171875
2024-04-10 22:30:00+00:00,1.2537449999999999,1.25387,1.2536649999999998,1.2538550000000002,408.14999282360077
2024-04-10 22:45:00+00:00,1.25385,1.2539250000000002,1.253845,1.25385,753.9599850252271
2024-04-10 23:00:00+00:00,1.253845,1.253885,1.25365,1.2537850000000001,468.7199920192361
2024-04-10 23:15:00+00:00,1.253765,1.25393,1.25374,1.2539,760.0499845743179
2024-04-10 23:30:00+00:00,1.253925,1.254035,1.25374,1.25374,260.1899938583374
2024-04-10 23:45:00+00:00,1.2537449999999999,1.253905,1.253475,1.253655,406.64999352395535
2024-04-11 00:00:00+00:00,1.253665,1.2538200000000002,1.2532100000000002,1.2537600000000002,3636.71996217221
2024-04-11 00:15:00+00:00,1.2537500000000001,1.2540550000000001,1.253685,1.253835,1533.6299709230661
2024-04-11 00:30:00+00:00,1.25385,1.254175,1.253755,1.253845,1083.3599765226245
2024-04-11 00:45:00+00:00,1.2538399999999998,1.2539500000000001,1.2536,1.253735,1981.22996661067
2024-04-11 01:00:00+00:00,1.25374,1.254255,1.25362,1.254055,1037.4599775001407
2024-04-11 01:15:00+00:00,1.25406,1.254445,1.25384,1.25407,1223.0099749565125
2024-04-11 01:30:00+00:00,1.254095,1.254445,1.253955,1.2542200000000001,1720.3499643951654
2024-04-11 01:45:00+00:00,1.254215,1.25448,1.25404,1.254335,1512.5699743628502
2024-04-11 02:00:00+00:00,1.254325,1.25453,1.254235,1.2543600000000001,886.4099806547165
2024-04-11 02:15:00+00:00,1.2543549999999999,1.254645,1.2543549999999999,1.254555,656.4599854946136
2024-04-11 02:30:00+00:00,1.254545,1.254545,1.254245,1.254365,895.4699807614088
2024-04-11 02:45:00+00:00,1.254375,1.254575,1.2543199999999999,1.254505,684.8399848341942
2024-04-11 03:00:00+00:00,1.254495,1.254745,1.254375,1.25467,2144.1299641802907
2024-04-11 03:15:00+00:00,1.25468,1.254955,1.25462,1.254795,902.3399824425578
2024-04-11 03:30:00+00:00,1.254775,1.254875,1.254635,1.25467,296.00999414920807
2024-04-11 03:45:00+00:00,1.254665,1.254725,1.25444,1.25454,239.09999429434538
2024-04-11 04:00:00+00:00,1.254535,1.254775,1.254445,1.2546599999999999,1172.3099819794297
2024-04-11 04:15:00+00:00,1.254665,1.254775,1.254625,1.254715,210.59999454021454
2024-04-11 04:30:00+00:00,1.254705,1.254805,1.25444,1.254515,1428.029976963997
2024-04-11 04:45:00+00:00,1.25451,1.254755,1.254425,1.254735,603.5699893757701
2024-04-11 05:00:00+00:00,1.2547549999999998,1.2548050000000002,1.25443,1.25477,1097.819983124733
2024-04-11 05:15:00+00:00,1.25476,1.254875,1.254715,1.25481,1286.6099851429462
2024-04-11 05:30:00+00:00,1.254815,1.2548599999999999,1.254505,1.254515,522.3599907532334
2024-04-11 05:45:00+00:00,1.2545250000000001,1.254585,1.2543199999999999,1.2543199999999999,601.949988424778
2024-04-11 06:00:00+00:00,1.254315,1.254315,1.253695,1.25389,1600.0299717709422
2024-04-11 06:15:00+00:00,1.253885,1.25404,1.2536100000000001,1.25381,1205.4999802485108
2024-04-11 06:30:00+00:00,1.2538,1.254245,1.2537449999999999,1.254135,1714.8899750709534
2024-04-11 06:45:00+00:00,1.2541449999999998,1.25421,1.25325,1.25349,1747.799971871078
2024-04-11 07:00:00+00:00,1.253495,1.255265,1.2534399999999999,1.25522,2095.259960770607
2024-04-11 07:15:00+00:00,1.2552050000000001,1.2558850000000001,1.255095,1.255595,2772.0899565964937
2024-04-11 07:30:00+00:00,1.25559,1.255785,1.25482,1.25557,2139.629964441061
2024-04-11 07:45:00+00:00,1.255565,1.25625,1.2555049999999999,1.2560799999999999,2796.77996879071
2024-04-11 08:00:00+00:00,1.25607,1.256815,1.25607,1.256535,2269.4099645093083
2024-04-11 08:15:00+00:00,1.256545,1.2569750000000002,1.2564099999999998,1.25658,2648.9399663731456
2024-04-11 08:30:00+00:00,1.2565650000000002,1.256645,1.255835,1.25619,2078.549974195659
2024-04-11 08:45:00+00:00,1.256195,1.256235,1.25504,1.255045,2362.809972167015
2024-04-11 09:00:00+00:00,1.255065,1.255315,1.254535,1.254585,1495.6499692946672
2024-04-11 09:15:00+00:00,1.2545549999999999,1.254675,1.254185,1.2543799999999998,1687.3999738767743
2024-04-11 09:30:00+00:00,1.254385,1.25447,1.25381,1.2538200000000002,1299.6899768412113
2024-04-11 09:45:00+00:00,1.253825,1.2539500000000001,1.25328,1.25353,1832.6999687477946
2024-04-11 10:00:00+00:00,1.2535349999999998,1.25397,1.2534,1.253415,1137.6299766525626
2024-04-11 10:15:00+00:00,1.2534299999999998,1.253925,1.253025,1.2539,1499.239974103868
2024-04-11 10:30:00+00:00,1.2538900000000002,1.25397,1.253145,1.253505,1271.369978427887
2024-04-11 10:45:00+00:00,1.253495,1.25413,1.253105,1.254005,1905.199973784387
2024-04-11 11:00:00+00:00,1.25399,1.2541449999999998,1.2536800000000001,1.25388,1416.279976695776
2024-04-11 11:15:00+00:00,1.2538900000000002,1.254185,1.2536,1.25412,1523.2799749821424
2024-04-11 11:30:00+00:00,1.25411,1.254125,1.253625,1.25363,1071.5699784457684
2024-04-11 11:45:00+00:00,1.253605,1.254095,1.25353,1.253875,1460.249973386526
2024-04-11 12:00:00+00:00,1.253895,1.254585,1.25388,1.254455,1511.6099677979946
2024-04-11 12:15:00+00:00,1.254435,1.2548,1.253395,1.254375,5983.799888543785
2024-04-11 12:30:00+00:00,1.254395,1.25694,1.252785,1.255485,11383.19982086122
2024-04-11 12:45:00+00:00,1.255525,1.25725,1.2554400000000001,1.25671,7969.159844584763
2024-04-11 13:00:00+00:00,1.256715,1.257765,1.2557200000000002,1.2575349999999998,6861.459879279137
2024-04-11 13:15:00+00:00,1.25751,1.25786,1.256505,1.257535,5666.009906575084
2024-04-11 13:30:00+00:00,1.257515,1.25773,1.255875,1.256135,6145.379897885025
2024-04-11 13:45:00+00:00,1.256135,1.256285,1.25492,1.255015,3449.879932485521
2024-04-11 14:00:00+00:00,1.25501,1.25501,1.253765,1.254145,5196.159914761782
2024-04-11 14:15:00+00:00,1.254135,1.254165,1.25261,1.2526950000000001,4421.159937426448
2024-04-11 14:30:00+00:00,1.252705,1.25281,1.251605,1.251905,3233.319933630526
2024-04-11 14:45:00+00:00,1.25192,1.252075,1.251335,1.25193,2893.6399404257536
2024-04-11 15:00:00+00:00,1.25193,1.25254,1.251665,1.25186,3020.87995184958
2024-04-11 15:15:00+00:00,1.25187,1.252535,1.251335,1.251335,1975.649964056909
2024-04-11 15:30:00+00:00,1.251345,1.25295,1.25108,1.252545,2783.3999493941665
2024-04-11 15:45:00+00:00,1.25255,1.25351,1.252535,1.25343,2882.6999484300613
2024-04-11 16:00:00+00:00,1.253445,1.253655,1.252945,1.2533400000000001,2090.429954558611
2024-04-11 16:15:00+00:00,1.25332,1.253755,1.252935,1.253525,975.5399771332741
2024-04-11 16:30:00+00:00,1.253505,1.253685,1.2532,1.2535349999999998,1456.7399723306298
2024-04-11 16:45:00+00:00,1.253525,1.254195,1.253455,1.2537,1349.549974694848
2024-04-11 17:00:00+00:00,1.25369,1.254785,1.25332,1.25472,3613.1499250009656
2024-04-11 17:15:00+00:00,1.254725,1.254765,1.25435,1.2546599999999999,1843.2599654048681
2024-04-11 17:30:00+00:00,1.254655,1.25521,1.254545,1.255115,739.3799855709076
2024-04-11 17:45:00+00:00,1.2551,1.255555,1.25495,1.25539,1119.7199780121446
2024-04-11 18:00:00+00:00,1.255405,1.2564000000000002,1.2551649999999999,1.25602,2846.1699546575546
2024-04-11 18:15:00+00:00,1.2560250000000002,1.2563,1.2557999999999998,1.2561149999999999,1391.2999753654003
2024-04-11 18:30:00+00:00,1.2561200000000001,1.25627,1.255995,1.2561149999999999,1186.5599818378687
2024-04-11 18:45:00+00:00,1.2561200000000001,1.256135,1.25528,1.255305,1495.5899741500616
2024-04-11 19:00:00+00:00,1.255315,1.25567,1.2552699999999999,1.2554349999999999,853.5899850949645
2024-04-11 19:15:00+00:00,1.25543,1.255855,1.2553649999999998,1.25576,612.629985332489
2024-04-11 19:30:00+00:00,1.2557450000000001,1.25614,1.255585,1.256075,878.1899788752198
2024-04-11 19:45:00+00:00,1.2560799999999999,1.256175,1.2558150000000001,1.25599,1085.5799772143364
2024-04-11 20:00:00+00:00,1.255985,1.255985,1.255615,1.25577,972.1499835029244
2024-04-11 20:15:00+00:00,1.2557749999999999,1.2557800000000001,1.2555049999999999,1.2555049999999999,330.11999306827784
2024-04-11 20:30:00+00:00,1.255515,1.25555,1.2554249999999998,1.2554349999999999,173.00999622046947
2024-04-11 20:45:00+00:00,1.2554400000000001,1.255495,1.25523,1.255335,629.3999869599938
2024-04-11 21:00:00+00:00,1.2553299999999998,1.25565,1.2552699999999999,1.255375,265.2999966144562
2024-04-11 21:15:00+00:00,1.25537,1.25557,1.255355,1.25552,388.3399900197983
2024-04-11 21:30:00+00:00,1.2555299999999998,1.2555299999999998,1.25537,1.255385,767.019986897707
2024-04-11 21:45:00+00:00,1.2553800000000002,1.2555,1.25536,1.2554500000000002,907.5599929690361
2024-04-11 22:00:00+00:00,1.255445,1.255715,1.255355,1.255585,620.9199955016375
2024-04-11 22:15:00+00:00,1.25559,1.25567,1.255525,1.255545,271.7999929189682
2024-04-11 22:30:00+00:00,1.255535,1.255555,1.255485,1.255555,96.2999974489212
2024-04-11 22:45:00+00:00,1.255535,1.25556,1.255425,1.255535,105.2999975681305
2024-04-11 23:00:00+00:00,1.25555,1.2555649999999998,1.2554349999999999,1.25552,94.04999780654907
2024-04-11 23:15:00+00:00,1.25548,1.25548,1.255375,1.255425,87.29999768733978
2024-04-11 23:30:00+00:00,1.25543,1.255525,1.2553649999999998,1.255455,113.8499972820282
2024-04-11 23:45:00+00:00,1.25543,1.255565,1.255305,1.255465,321.299991607666
2024-04-12 00:00:00+00:00,1.255455,1.25557,1.254995,1.2553450000000002,1673.9099704623222
2024-04-12 00:15:00+00:00,1.25533,1.25533,1.254975,1.25509,529.6499873995781
2024-04-12 00:30:00+00:00,1.2551,1.255495,1.2550949999999998,1.255425,438.20999002456665
2024-04-12 00:45:00+00:00,1.2554400000000001,1.25559,1.255345,1.2555450000000001,742.2599864155054
2024-04-12 01:00:00+00:00,1.25555,1.2558099999999999,1.255405,1.255405,829.9199808761477
2024-04-12 01:15:00+00:00,1.255385,1.2555800000000001,1.255295,1.25539,1629.7499690577388
2024-04-12 01:30:00+00:00,1.255395,1.255875,1.2553899999999998,1.25553,978.8699762746692
2024-04-12 01:45:00+00:00,1.255525,1.255775,1.2555049999999999,1.255695,2948.069930717349
2024-04-12 02:00:00+00:00,1.2557,1.255765,1.255445,1.25571,2355.2999501228333
2024-04-12 02:15:00+00:00,1.255695,1.2557450000000001,1.2554699999999999,1.255555,1620.4499716684222
2024-04-12 02:30:00+00:00,1.2555450000000001,1.255755,1.25549,1.2556349999999998,961.319982945919
2024-04-12 02:45:00+00:00,1.255625,1.255775,1.25552,1.255705,414.8699918612838
2024-04-12 03:00:00+00:00,1.255695,1.255725,1.255205,1.255245,458.0699897259474
2024-04-12 03:15:00+00:00,1.2552400000000001,1.25532,1.255035,1.255035,418.13999009132385
2024-04-12 03:30:00+00:00,1.2550249999999998,1.255035,1.254725,1.2547899999999998,464.69998835772276
2024-04-12 03:45:00+00:00,1.254765,1.25481,1.25439,1.254505,856.0199861079454
2024-04-12 04:00:00+00:00,1.254505,1.2545899999999999,1.2542900000000001,1.2544,1704.0599744990468
2024-04-12 04:15:00+00:00,1.254405,1.2544149999999998,1.2541799999999999,1.2542,958.4399862363935
2024-04-12 04:30:00+00:00,1.254195,1.254245,1.253935,1.25394,669.9199870228767
2024-04-12 04:45:00+00:00,1.253935,1.254005,1.253705,1.2537850000000001,643.13998978585
2024-04-12 05:00:00+00:00,1.253795,1.25412,1.2537850000000001,1.2538900000000002,1626.9199763387442
2024-04-12 05:15:00+00:00,1.253895,1.25411,1.253895,1.25399,463.7999914288521
2024-04-12 05:30:00+00:00,1.253995,1.25442,1.253995,1.25442,517.0499880313873
2024-04-12 05:45:00+00:00,1.2543950000000001,1.25445,1.2538,1.2540300000000002,949.2099857926369
2024-04-12 06:00:00+00:00,1.2540650000000002,1.254375,1.25355,1.253835,2997.4799454137683
2024-04-12 06:15:00+00:00,1.25384,1.2541,1.25353,1.253705,1314.5999746769667
2024-04-12 06:30:00+00:00,1.253695,1.25382,1.252075,1.252135,2960.9599547311664
2024-04-12 06:45:00+00:00,1.252125,1.252255,1.25126,1.2515999999999998,3894.479940317571
2024-04-12 07:00:00+00:00,1.2516150000000001,1.2521200000000001,1.250885,1.251025,3541.359947577119
2024-04-12 07:15:00+00:00,1.25101,1.25128,1.25057,1.250915,2677.3999661058187
2024-04-12 07:30:00+00:00,1.250905,1.251515,1.250675,1.2507,2055.989968545735
2024-04-12 07:45:00+00:00,1.25073,1.252005,1.250705,1.25195,2171.309973023832
2024-04-12 08:00:00+00:00,1.251945,1.2520850000000001,1.25156,1.251735,2077.0299734920263
2024-04-12 08:15:00+00:00,1.25173,1.252235,1.251405,1.251625,1063.7599816173315
2024-04-12 08:30:00+00:00,1.25162,1.25166,1.25118,1.251425,1923.4199724569917
2024-04-12 08:45:00+00:00,1.2514349999999999,1.25145,1.25072,1.2508,1700.5499828755856
2024-04-12 09:00:00+00:00,1.250795,1.2511700000000001,1.250505,1.25092,1292.0999750867486
2024-04-12 09:15:00+00:00,1.250885,1.2510050000000001,1.24893,1.249165,2698.1099596768618
2024-04-12 09:30:00+00:00,1.24916,1.24978,1.248885,1.24895,1910.069974064827
2024-04-12 09:45:00+00:00,1.248945,1.24988,1.24891,1.24979,2281.379971385002
2024-04-12 10:00:00+00:00,1.249795,1.249845,1.2490299999999999,1.2493599999999998,1815.0599706619978
2024-04-12 10:15:00+00:00,1.2493699999999999,1.24946,1.2480449999999998,1.24832,1575.869974002242
2024-04-12 10:30:00+00:00,1.2483149999999998,1.248645,1.247885,1.247965,1992.5699691399932
2024-04-12 10:45:00+00:00,1.24795,1.248085,1.246855,1.247015,2619.689959689975
2024-04-12 11:00:00+00:00,1.24701,1.247215,1.2463000000000002,1.24698,2489.279961898923
2024-04-12 11:15:00+00:00,1.24699,1.247455,1.246805,1.247445,2757.2799661904573
2024-04-12 11:30:00+00:00,1.2474500000000002,1.247675,1.2469999999999999,1.247635,2408.5999707877636
2024-04-12 11:45:00+00:00,1.247625,1.24777,1.246835,1.24711,1923.7799807414412
2024-04-12 12:00:00+00:00,1.2471299999999998,1.2474349999999998,1.24653,1.246705,2627.219953879714
2024-04-12 12:15:00+00:00,1.2467000000000001,1.247495,1.24669,1.247405,1989.8699719458818
2024-04-12 12:30:00+00:00,1.247415,1.2475399999999999,1.2459,1.2459799999999999,4078.5499200597405
2024-04-12 12:45:00+00:00,1.2460200000000001,1.246195,1.24513,1.24545,3797.5499330610037
2024-04-12 13:00:00+00:00,1.245465,1.246075,1.24485,1.246005,4387.619920000434
2024-04-12 13:15:00+00:00,1.24601,1.2463250000000001,1.244775,1.2452649999999998,3339.1499403715134
2024-04-12 13:30:00+00:00,1.245305,1.24633,1.2447650000000001,1.2460849999999999,5525.7799156829715
2024-04-12 13:45:00+00:00,1.246075,1.246635,1.24512,1.245385,4623.329914987087
2024-04-12 14:00:00+00:00,1.24535,1.245545,1.24377,1.24406,6198.449879638851
2024-04-12 14:15:00+00:00,1.24402,1.24402,1.242905,1.24335,3474.1299170553684
2024-04-12 14:30:00+00:00,1.243345,1.24387,1.243085,1.24338,3701.7199268862605
2024-04-12 14:45:00+00:00,1.24339,1.2436850000000002,1.242675,1.2435049999999999,4082.5199181959033
2024-04-12 15:00:00+00:00,1.243515,1.244475,1.2433450000000001,1.2438,4730.459927752614
2024-04-12 15:15:00+00:00,1.2437900000000002,1.244815,1.243585,1.24481,3189.929939970374
2024-04-12 15:30:00+00:00,1.244815,1.245675,1.2448100000000002,1.245675,3640.409930706024
2024-04-12 15:45:00+00:00,1.2456450000000001,1.24586,1.245435,1.245595,2320.799954287708
2024-04-12 16:00:00+00:00,1.24559,1.245625,1.245075,1.245215,2668.339947476983
2024-04-12 16:15:00+00:00,1.245225,1.245365,1.244805,1.244825,2231.429956011474
2024-04-12 16:30:00+00:00,1.2448299999999999,1.245065,1.24451,1.244605,2819.1199482753873
2024-04-12 16:45:00+00:00,1.244615,1.245145,1.2444350000000002,1.244905,2213.009969651699
2024-04-12 17:00:00+00:00,1.2449,1.245665,1.244845,1.2455150000000001,2470.4199497029185
2024-04-12 17:15:00+00:00,1.24552,1.245685,1.244845,1.244965,1994.9199707210064
2024-04-12 17:30:00+00:00,1.24496,1.245485,1.2446549999999998,1.24542,2410.49995688349
2024-04-12 17:45:00+00:00,1.245425,1.245995,1.2453349999999999,1.24562,2735.5299484059215
2024-04-12 18:00:00+00:00,1.2456,1.2462149999999999,1.245455,1.2459600000000002,2209.859962388873
2024-04-12 18:15:00+00:00,1.245965,1.24615,1.24554,1.24558,2259.879958793521
2024-04-12 18:30:00+00:00,1.24557,1.24564,1.24479,1.2448649999999999,1686.089969754219
2024-04-12 18:45:00+00:00,1.244885,1.24504,1.244435,1.2444549999999999,1214.7599729821086
2024-04-12 19:00:00+00:00,1.2444600000000001,1.244645,1.244275,1.244385,1521.0299692973495
2024-04-12 19:15:00+00:00,1.24437,1.24485,1.24431,1.24469,2096.009962618351
2024-04-12 19:30:00+00:00,1.244705,1.24496,1.24454,1.24482,1039.6799758002162
2024-04-12 19:45:00+00:00,1.244825,1.24501,1.244635,1.24465,827.6699825003743
2024-04-12 20:00:00+00:00,1.24464,1.2450450000000002,1.244615,1.245025,1022.4299868419766
2024-04-12 20:15:00+00:00,1.245005,1.245025,1.244715,1.244735,462.95999324321747
2024-04-12 20:30:00+00:00,1.24474,1.244845,1.2447300000000001,1.244815,483.1499936506152
2024-04-12 20:45:00+00:00,1.244825,1.24525,1.244755,1.24495,959.7599779367447
2024-04-15 00:00:00+00:00,1.2459799999999999,1.246145,1.245635,1.24589,1790.3399647027254
2024-04-15 00:15:00+00:00,1.24588,1.24588,1.24506,1.245775,1401.059966608882
2024-04-15 00:30:00+00:00,1.24579,1.2458,1.245415,1.24567,896.9399794563651
2024-04-15 00:45:00+00:00,1.2456749999999999,1.2456749999999999,1.24508,1.24524,1003.1399769634008
2024-04-15 01:00:00+00:00,1.245245,1.245295,1.24423,1.24443,1894.7999606952071
2024-04-15 01:15:00+00:00,1.244435,1.245365,1.244075,1.245305,2627.999943345785
2024-04-15 01:30:00+00:00,1.245295,1.245765,1.245295,1.245325,1409.2199698090553
2024-04-15 01:45:00+00:00,1.24533,1.245875,1.2451400000000001,1.24581,2051.5199575051665
2024-04-15 02:00:00+00:00,1.245795,1.246435,1.245785,1.2463549999999999,1436.1599698215723
2024-04-15 02:15:00+00:00,1.2463600000000001,1.246485,1.245765,1.24581,1687.2299725040793
2024-04-15 02:30:00+00:00,1.245805,1.246135,1.245705,1.245845,784.3499803394079
2024-04-15 02:45:00+00:00,1.2458550000000002,1.246155,1.245805,1.2460149999999999,651.2099844962358
2024-04-15 03:00:00+00:00,1.2460149999999999,1.24612,1.245765,1.246,1890.179976284504
2024-04-15 03:15:00+00:00,1.245995,1.2461000000000002,1.2455850000000002,1.24592,1580.969975233078
2024-04-15 03:30:00+00:00,1.24594,1.24635,1.245915,1.246315,1147.4099824354053
2024-04-15 03:45:00+00:00,1.2463199999999999,1.246425,1.246075,1.246075,1259.3699771910906
2024-04-15 04:00:00+00:00,1.24608,1.246165,1.245655,1.2457150000000001,1044.8399842008948
2024-04-15 04:15:00+00:00,1.245705,1.245835,1.245605,1.245745,853.9199854880571
2024-04-15 04:30:00+00:00,1.245735,1.245955,1.245495,1.245945,1020.0899803265929
2024-04-15 04:45:00+00:00,1.245955,1.24611,1.2456999999999998,1.246065,1856.519963003695
2024-04-15 05:00:00+00:00,1.24606,1.2462550000000001,1.24581,1.24612,2345.5799505263567
2024-04-15 05:15:00+00:00,1.2461250000000001,1.2461600000000002,1.245905,1.246105,1738.7099750041962
2024-04-15 05:30:00+00:00,1.24611,1.24653,1.24611,1.24653,683.3399844616652
2024-04-15 05:45:00+00:00,1.246525,1.24687,1.246415,1.246645,917.0999785661697
2024-04-15 06:00:00+00:00,1.246645,1.246905,1.246095,1.2466949999999999,2488.739960037172
2024-04-15 06:15:00+00:00,1.2466599999999999,1.247735,1.2465549999999999,1.24766,2848.2599746733904
2024-04-15 06:30:00+00:00,1.247655,1.247765,1.2471299999999998,1.247355,2751.859952531755
2024-04-15 06:45:00+00:00,1.247335,1.24741,1.24691,1.2472699999999999,2483.36996807158
2024-04-15 07:00:00+00:00,1.247265,1.2473049999999999,1.246405,1.246615,3575.769947960973
2024-04-15 07:15:00+00:00,1.2466300000000001,1.247035,1.246295,1.2468400000000002,1655.5199678465724
2024-04-15 07:30:00+00:00,1.246825,1.247365,1.24647,1.246515,2144.219963595271
2024-04-15 07:45:00+00:00,1.246505,1.247565,1.246165,1.247565,2459.6299613043666
2024-04-15 08:00:00+00:00,1.2475800000000001,1.24864,1.2475749999999999,1.248215,2790.8699488192797
2024-04-15 08:15:00+00:00,1.2482250000000001,1.248755,1.247735,1.2479200000000001,2081.7299585714936
2024-04-15 08:30:00+00:00,1.247925,1.2482449999999998,1.24763,1.24783,2401.7699715420604
2024-04-15 08:45:00+00:00,1.24784,1.248245,1.24777,1.248175,1888.2299699038267
2024-04-15 09:00:00+00:00,1.24817,1.249165,1.24811,1.248695,2109.289971627295
2024-04-15 09:15:00+00:00,1.248675,1.24895,1.248535,1.24875,2207.039967238903
2024-04-15 09:30:00+00:00,1.248755,1.2490649999999999,1.2483650000000002,1.248965,1989.299965210259
2024-04-15 09:45:00+00:00,1.248955,1.249355,1.248255,1.2485249999999999,2281.80996517092
2024-04-15 10:00:00+00:00,1.2485300000000001,1.2491349999999999,1.24825,1.24893,1849.6499660536647
2024-04-15 10:15:00+00:00,1.248935,1.24899,1.24855,1.248875,898.4099818021059
2024-04-15 10:30:00+00:00,1.24888,1.2491750000000001,1.24865,1.2489949999999999,1525.2999752163887
2024-04-15 10:45:00+00:00,1.24898,1.249635,1.2486549999999998,1.24924,1321.179975360632
2024-04-15 11:00:00+00:00,1.24923,1.24987,1.24902,1.2496800000000001,2050.739966109395
2024-04-15 11:15:00+00:00,1.249655,1.2496550000000002,1.24906,1.24906,1580.2499757632613
2024-04-15 11:30:00+00:00,1.2490700000000001,1.249205,1.24845,1.2484600000000001,1330.7999780327082
2024-04-15 11:45:00+00:00,1.24844,1.248465,1.24749,1.247825,1715.5799760743976
2024-04-15 12:00:00+00:00,1.2478099999999999,1.248085,1.247585,1.248055,1823.9099639505148
2024-04-15 12:15:00+00:00,1.2480600000000002,1.248145,1.24746,1.2477649999999998,1570.4099680185318
2024-04-15 12:30:00+00:00,1.2477800000000001,1.2477800000000001,1.245115,1.246885,9113.719850353897
2024-04-15 12:45:00+00:00,1.2468599999999999,1.2480449999999998,1.24634,1.24793,4708.109919525683
2024-04-15 13:00:00+00:00,1.247935,1.24963,1.247935,1.248395,5020.209914021194
2024-04-15 13:15:00+00:00,1.248365,1.248605,1.247725,1.2479,3474.9299432113767
2024-04-15 13:30:00+00:00,1.24791,1.248165,1.24709,1.247415,5288.159926503897
2024-04-15 13:45:00+00:00,1.247405,1.24783,1.2466949999999999,1.24698,3970.2299416661263
2024-04-15 14:00:00+00:00,1.246985,1.24709,1.2454,1.245895,4827.3599364236
2024-04-15 14:15:00+00:00,1.245905,1.24641,1.24495,1.245175,4399.829923972487
2024-04-15 14:30:00+00:00,1.24518,1.24627,1.244935,1.245095,8282.949887886643
2024-04-15 14:45:00+00:00,1.2451150000000002,1.245495,1.244485,1.245065,4062.6599227562547
2024-04-15 15:00:00+00:00,1.245055,1.245455,1.24461,1.2452100000000002,3377.499944411218
2024-04-15 15:15:00+00:00,1.24522,1.246095,1.245085,1.2460200000000001,2617.5299541801214
2024-04-15 15:30:00+00:00,1.246025,1.24613,1.245495,1.2458049999999998,3335.969951480627
2024-04-15 15:45:00+00:00,1.2458,1.24671,1.24579,1.2464,1405.9799692034721
2024-04-15 16:00:00+00:00,1.2463950000000001,1.24687,1.24619,1.246295,1898.5799695029855
2024-04-15 16:15:00+00:00,1.2463000000000002,1.246315,1.245595,1.2460900000000001,1978.2599605992436
2024-04-15 16:30:00+00:00,1.246075,1.24633,1.245725,1.246045,2084.1599558219314
2024-04-15 16:45:00+00:00,1.246025,1.246155,1.245635,1.24574,2063.9699575975537
2024-04-15 17:00:00+00:00,1.24573,1.24624,1.245435,1.24585,1609.9199689254165
2024-04-15 17:15:00+00:00,1.24584,1.24584,1.245025,1.2450350000000001,2025.629967391491
2024-04-15 17:30:00+00:00,1.2450299999999999,1.2450350000000001,1.244485,1.2445300000000001,2536.0199513211846
2024-04-15 17:45:00+00:00,1.24452,1.244735,1.24386,1.24465,2044.559956304729
2024-04-15 18:00:00+00:00,1.244645,1.24472,1.244235,1.24438,2018.969959050417
2024-04-15 18:15:00+00:00,1.24436,1.244825,1.2441499999999999,1.2442,2064.8699610829353
2024-04-15 18:30:00+00:00,1.24417,1.244665,1.2440449999999998,1.244535,2691.029957011342
2024-04-15 18:45:00+00:00,1.2445400000000002,1.2445400000000002,1.244145,1.244315,1742.1899659633636
2024-04-15 19:00:00+00:00,1.244305,1.244355,1.243805,1.243865,2125.73996026814
2024-04-15 19:15:00+00:00,1.243875,1.244175,1.243595,1.243995,2646.9299510344863
2024-04-15 19:30:00+00:00,1.24401,1.24464,1.24401,1.2444199999999999,2135.8899594545364
2024-04-15 19:45:00+00:00,1.24441,1.24489,1.244325,1.2448299999999999,1609.649969957769
2024-04-15 20:00:00+00:00,1.244825,1.244875,1.24463,1.24474,881.249982893467
2024-04-15 20:15:00+00:00,1.2447300000000001,1.2448450000000002,1.244615,1.24466,352.82999335974455
2024-04-15 20:30:00+00:00,1.244655,1.244655,1.24432,1.2444250000000001,408.68999314308167
2024-04-15 20:45:00+00:00,1.2444199999999999,1.244665,1.244375,1.244615,599.3999881371856
2024-04-15 21:00:00+00:00,1.244625,1.244845,1.244305,1.24464,524.8599915504456
2024-04-15 21:15:00+00:00,1.24463,1.244665,1.244395,1.244395,353.90999745577574
2024-04-15 21:30:00+00:00,1.24441,1.2445300000000001,1.2442700000000002,1.244465,882.309990786016
2024-04-15 21:45:00+00:00,1.2444549999999999,1.244715,1.244405,1.2446199999999998,1388.6799831911922
2024-04-15 22:00:00+00:00,1.244615,1.24487,1.244405,1.2448100000000002,918.8999908566475
2024-04-15 22:15:00+00:00,1.244815,1.244935,1.24479,1.244875,922.0699828863144
2024-04-15 22:30:00+00:00,1.24488,1.244915,1.244805,1.2449,982.7999796867371
2024-04-15 22:45:00+00:00,1.244895,1.244925,1.24479,1.244815,783.2199823856354
2024-04-15 23:00:00+00:00,1.24481,1.244925,1.244675,1.244815,703.2299890741706
2024-04-15 23:15:00+00:00,1.2448199999999998,1.2448700000000001,1.244625,1.244845,1108.1999815553427
2024-04-15 23:30:00+00:00,1.24484,1.244955,1.24478,1.24489,803.0699877738953
2024-04-15 23:45:00+00:00,1.244885,1.244895,1.24458,1.244625,1906.5099791288376
2024-04-16 00:00:00+00:00,1.24462,1.244825,1.24417,1.2442,2445.389967814088
2024-04-16 00:15:00+00:00,1.2441900000000001,1.24437,1.243895,1.244085,1678.989976644516
2024-04-16 00:30:00+00:00,1.2440799999999999,1.244125,1.24378,1.2440799999999999,2673.239970088005
2024-04-16 00:45:00+00:00,1.244085,1.244115,1.243735,1.2437550000000002,3004.3199676275253
2024-04-16 01:00:00+00:00,1.24376,1.243895,1.24298,1.243115,2772.419948004186
2024-04-16 01:15:00+00:00,1.24312,1.2433,1.242335,1.242715,3776.669929906726
2024-04-16 01:30:00+00:00,1.24271,1.243195,1.2425899999999999,1.243035,3274.829939700663
2024-04-16 01:45:00+00:00,1.24303,1.24352,1.24303,1.24338,2290.9999581724405
2024-04-16 02:00:00+00:00,1.2433999999999998,1.243605,1.242765,1.2428249999999998,2100.6299543082714
2024-04-16 02:15:00+00:00,1.2428050000000002,1.242925,1.242295,1.24244,1456.7699674293399
2024-04-16 02:30:00+00:00,1.242435,1.242525,1.2420499999999999,1.2422849999999999,2375.489952892065
2024-04-16 02:45:00+00:00,1.2422900000000001,1.2425950000000001,1.24219,1.24249,1720.8299689665437
2024-04-16 03:00:00+00:00,1.24249,1.2425950000000001,1.242275,1.242315,1125.4499778673053
2024-04-16 03:15:00+00:00,1.24231,1.242905,1.2422,1.24281,1417.7399764582515
2024-04-16 03:30:00+00:00,1.242805,1.242805,1.2424650000000002,1.242715,1269.6899758726358
2024-04-16 03:45:00+00:00,1.24271,1.242845,1.24258,1.242845,1934.3399614691734
2024-04-16 04:00:00+00:00,1.24284,1.242975,1.242705,1.2427350000000001,1036.1099802330136
2024-04-16 04:15:00+00:00,1.24273,1.2428249999999998,1.24259,1.2428249999999998,423.5699897930026
2024-04-16 04:30:00+00:00,1.24282,1.24319,1.24264,1.243125,669.0299850702286
2024-04-16 04:45:00+00:00,1.243115,1.243455,1.2430949999999998,1.24333,895.1999821066856
2024-04-16 05:00:00+00:00,1.243325,1.24365,1.2432349999999999,1.2435049999999999,1135.9799746870995
2024-04-16 05:15:00+00:00,1.2435,1.2438799999999999,1.243445,1.243805,1016.4899784848094
2024-04-16 05:30:00+00:00,1.2438099999999999,1.24406,1.243595,1.243605,890.8199827671051
2024-04-16 05:45:00+00:00,1.24362,1.243805,1.243505,1.24363,924.6599787473679
2024-04-16 06:00:00+00:00,1.24368,1.2448,1.24196,1.2420749999999998,5661.639934755862
2024-04-16 06:15:00+00:00,1.2420849999999999,1.2422149999999998,1.241595,1.2416,2218.7999633550644
2024-04-16 06:30:00+00:00,1.241615,1.24241,1.240855,1.242355,3093.8099503293633
2024-04-16 06:45:00+00:00,1.24237,1.24319,1.2423549999999999,1.243105,2540.789954788983
2024-04-16 07:00:00+00:00,1.24311,1.24451,1.243105,1.24348,2843.4599468186498
2024-04-16 07:15:00+00:00,1.2434699999999999,1.24452,1.24339,1.24436,2526.5099625512958
2024-04-16 07:30:00+00:00,1.24438,1.24438,1.2435450000000001,1.24384,2210.6399590596557
2024-04-16 07:45:00+00:00,1.243835,1.2440250000000002,1.24333,1.2438150000000001,2369.4899630770087
2024-04-16 08:00:00+00:00,1.24383,1.2441200000000001,1.24349,1.24371,2509.6799604445696
2024-04-16 08:15:00+00:00,1.243705,1.244545,1.243555,1.2445300000000001,1983.3299701437354
2024-04-16 08:30:00+00:00,1.244535,1.244875,1.24424,1.24424,1595.519970498979
2024-04-16 08:45:00+00:00,1.244235,1.244235,1.2435399999999999,1.243675,1832.5199738964438
2024-04-16 09:00:00+00:00,1.24366,1.24515,1.24366,1.24506,2607.4199595227838
2024-04-16 09:15:00+00:00,1.245055,1.245575,1.24437,1.244415,2446.539961285889
2024-04-16 09:30:00+00:00,1.244405,1.2446000000000002,1.24382,1.244295,1893.089973218739
2024-04-16 09:45:00+00:00,1.2443149999999998,1.24519,1.2443149999999998,1.24519,1647.899974271655
2024-04-16 10:00:00+00:00,1.2452,1.24558,1.244955,1.24506,1379.8799730092287
2024-04-16 10:15:00+00:00,1.245055,1.245175,1.244395,1.244665,1470.2399693280458
2024-04-16 10:30:00+00:00,1.2446549999999998,1.244805,1.244205,1.24435,1490.4299689158797
2024-04-16 10:45:00+00:00,1.244325,1.24497,1.244325,1.24465,1036.9599781408906
2024-04-16 11:00:00+00:00,1.244645,1.2449050000000002,1.24444,1.2447,1726.7999714389443
2024-04-16 11:15:00+00:00,1.244685,1.245235,1.244685,1.24474,1408.4999733939767
2024-04-16 11:30:00+00:00,1.24472,1.24529,1.24472,1.244795,1187.6399809718132
2024-04-16 11:45:00+00:00,1.2448000000000001,1.246055,1.2448000000000001,1.245825,2128.049971446395
2024-04-16 12:00:00+00:00,1.2457950000000002,1.245885,1.2449249999999998,1.24554,2240.579962477088
2024-04-16 12:15:00+00:00,1.2455349999999998,1.245595,1.245195,1.245545,2048.5899609178305
2024-04-16 12:30:00+00:00,1.24554,1.247215,1.2452100000000002,1.246925,4857.299922980368
2024-04-16 12:45:00+00:00,1.2469100000000002,1.246915,1.24603,1.246055,2849.5199475362897
2024-04-16 13:00:00+00:00,1.24606,1.246315,1.24546,1.24584,4553.339915558696
2024-04-16 13:15:00+00:00,1.245845,1.24615,1.24519,1.24594,3537.959940351546
2024-04-16 13:30:00+00:00,1.24593,1.246745,1.2454100000000001,1.24613,7485.8498546257615
2024-04-16 13:45:00+00:00,1.24611,1.24637,1.245015,1.24508,5711.999900333583
2024-04-16 14:00:00+00:00,1.245075,1.24563,1.24481,1.245615,4762.859918490052
2024-04-16 14:15:00+00:00,1.24562,1.2463199999999999,1.244595,1.244625,5165.1599013358355
2024-04-16 14:30:00+00:00,1.2446199999999998,1.244685,1.2437749999999999,1.244615,3498.019940391183
2024-04-16 14:45:00+00:00,1.24461,1.2450350000000001,1.243965,1.2442199999999999,4944.479921065271
2024-04-16 15:00:00+00:00,1.24423,1.244755,1.24396,1.243975,4334.999921888113
2024-04-16 15:15:00+00:00,1.2439900000000002,1.244285,1.243425,1.24348,3306.1199363842607
2024-04-16 15:30:00+00:00,1.243495,1.243595,1.242935,1.24349,2363.6699494346976
2024-04-16 15:45:00+00:00,1.24348,1.2440250000000002,1.243185,1.2435100000000001,2224.9799563139677
2024-04-16 16:00:00+00:00,1.24349,1.24349,1.242735,1.242895,2307.4799594804645
2024-04-16 16:15:00+00:00,1.2429000000000001,1.243175,1.2427549999999998,1.243015,2458.8999634087086
2024-04-16 16:30:00+00:00,1.24302,1.2433100000000001,1.24278,1.243155,2453.829962775111
2024-04-16 16:45:00+00:00,1.24317,1.243845,1.242985,1.24356,1882.1399590298533
2024-04-16 17:00:00+00:00,1.243565,1.243655,1.24294,1.2432,1685.3699672967196
2024-04-16 17:15:00+00:00,1.243185,1.2432699999999999,1.24252,1.242535,1680.5699675753713
2024-04-16 17:30:00+00:00,1.24253,1.243055,1.2405750000000002,1.2428949999999999,10652.279805123806
2024-04-16 17:45:00+00:00,1.242905,1.24312,1.24177,1.24286,5777.129895277321
2024-04-16 18:00:00+00:00,1.242865,1.245095,1.242625,1.243955,6114.749908365309
2024-04-16 18:15:00+00:00,1.24395,1.243975,1.24256,1.24295,4748.459902912378
2024-04-16 18:30:00+00:00,1.24292,1.2444600000000001,1.24292,1.24397,5210.519904449582
2024-04-16 18:45:00+00:00,1.24395,1.244515,1.243585,1.24393,3529.7399385645986
2024-04-16 19:00:00+00:00,1.2439399999999998,1.2441550000000001,1.2436150000000001,1.243735,2653.9199552237988
2024-04-16 19:15:00+00:00,1.243745,1.243765,1.243355,1.24363,1890.9999654740095
2024-04-16 19:30:00+00:00,1.243625,1.243625,1.24264,1.242965,3157.4599439948797
2024-04-16 19:45:00+00:00,1.2429700000000001,1.24326,1.24279,1.2431450000000002,2185.549966491759
2024-04-16 20:00:00+00:00,1.243155,1.243325,1.24301,1.243045,534.8999918475747
2024-04-16 20:15:00+00:00,1.24304,1.24305,1.242485,1.24255,497.1899915263057
2024-04-16 20:30:00+00:00,1.242535,1.24276,1.2424,1.2424849999999998,565.4199883192778
2024-04-16 20:45:00+00:00,1.24249,1.242675,1.242455,1.242635,616.6799878254533
2024-04-16 21:00:00+00:00,1.242575,1.2431299999999998,1.242575,1.2431299999999998,218.23999872803688
2024-04-16 21:15:00+00:00,1.243115,1.2431299999999998,1.242515,1.24272,418.459994584322
2024-04-16 21:30:00+00:00,1.242715,1.24303,1.24265,1.24269,1832.0799778848886
2024-04-16 21:45:00+00:00,1.24268,1.24296,1.2426249999999999,1.242775,2952.3899668976665
2024-04-16 22:00:00+00:00,1.2427899999999998,1.24302,1.2426,1.242705,1223.1499821543694
2024-04-16 22:15:00+00:00,1.2427100000000002,1.2427350000000001,1.2426300000000001,1.2426599999999999,510.2999910712242
2024-04-16 22:30:00+00:00,1.242645,1.2426599999999999,1.2425000000000002,1.2425350000000002,509.2199926376343
2024-04-16 22:45:00+00:00,1.2425,1.24312,1.24233,1.24296,1333.799976579845
2024-04-16 23:00:00+00:00,1.2429649999999999,1.24302,1.242665,1.24301,766.6799929663539
2024-04-16 23:15:00+00:00,1.243025,1.243225,1.2429350000000001,1.24321,372.23999309539795
2024-04-16 23:30:00+00:00,1.24322,1.2432699999999999,1.24304,1.2430949999999998,582.9299901723862
2024-04-16 23:45:00+00:00,1.24309,1.243105,1.242925,1.243055,481.0499903559685
2024-04-17 00:00:00+00:00,1.243045,1.243145,1.242515,1.242615,1822.3499696031213
2024-04-17 00:15:00+00:00,1.24261,1.243265,1.2426050000000002,1.24303,1660.169971063733
2024-04-17 00:30:00+00:00,1.243015,1.24303,1.24252,1.24262,1220.7899788543582
2024-04-17 00:45:00+00:00,1.242615,1.24313,1.2425899999999999,1.2429299999999999,1545.029976658523
2024-04-17 01:00:00+00:00,1.242915,1.24304,1.242515,1.242715,1739.0599724650383
2024-04-17 01:15:00+00:00,1.24271,1.243515,1.24269,1.24334,2016.7199559360743
2024-04-17 01:30:00+00:00,1.2433450000000001,1.243445,1.242855,1.2429299999999999,2448.5799581557512
2024-04-17 01:45:00+00:00,1.242915,1.243355,1.2428,1.243175,2093.669964581728
2024-04-17 02:00:00+00:00,1.24318,1.243525,1.24302,1.2435,1192.1099728420377
2024-04-17 02:15:00+00:00,1.2435100000000001,1.24395,1.24334,1.24382,923.3699798509479
2024-04-17 02:30:00+00:00,1.243825,1.243985,1.243655,1.2438,1201.3499784693122
2024-04-17 02:45:00+00:00,1.243795,1.243935,1.243655,1.243765,1585.5899718552828
2024-04-17 03:00:00+00:00,1.24376,1.24382,1.24355,1.243615,1278.4499745592475
2024-04-17 03:15:00+00:00,1.243585,1.243645,1.2433299999999998,1.2433649999999998,765.1199823319912
2024-04-17 03:30:00+00:00,1.243355,1.24343,1.243105,1.243125,691.3199846073985
2024-04-17 03:45:00+00:00,1.243105,1.24331,1.2429999999999999,1.24303,530.1299898996949
2024-04-17 04:00:00+00:00,1.243025,1.243285,1.242835,1.2432050000000001,385.199990272522
2024-04-17 04:15:00+00:00,1.243225,1.243335,1.243125,1.243285,215.54999470710754
2024-04-17 04:30:00+00:00,1.2432750000000001,1.2432750000000001,1.242795,1.24291,843.749983407557
2024-04-17 04:45:00+00:00,1.242915,1.243025,1.242795,1.24294,994.4999810680747
2024-04-17 05:00:00+00:00,1.242935,1.24294,1.2423899999999999,1.2424,1105.319975964725
2024-04-17 05:15:00+00:00,1.2423950000000001,1.2423950000000001,1.242,1.242,1875.9399724453688
2024-04-17 05:30:00+00:00,1.2419950000000002,1.242035,1.241715,1.241935,1697.4599709287286
2024-04-17 05:45:00+00:00,1.241945,1.2423250000000001,1.241825,1.2422650000000002,1599.929968163371
2024-04-17 06:00:00+00:00,1.2422900000000001,1.24455,1.24227,1.24417,5313.4499075859785
2024-04-17 06:15:00+00:00,1.244175,1.244895,1.244035,1.244395,2859.2799442633986
2024-04-17 06:30:00+00:00,1.244375,1.247025,1.24431,1.246795,3948.8199390396476
2024-04-17 06:45:00+00:00,1.2468,1.2479,1.246505,1.247375,3442.0299451872706
2024-04-17 07:00:00+00:00,1.2473649999999998,1.2473649999999998,1.246035,1.2462550000000001,3599.9199386760592
2024-04-17 07:15:00+00:00,1.246245,1.24633,1.2456049999999999,1.245655,2602.9499526172876
2024-04-17 07:30:00+00:00,1.24565,1.2457150000000001,1.2450649999999999,1.2452450000000002,1597.4699660763144
2024-04-17 07:45:00+00:00,1.24525,1.245685,1.245055,1.24551,1998.2999591380358
2024-04-17 08:00:00+00:00,1.2455150000000001,1.24628,1.245395,1.2462650000000002,2406.2699588164687
2024-04-17 08:15:00+00:00,1.24627,1.2474750000000001,1.2459449999999999,1.2472699999999999,2469.659957535565
2024-04-17 08:30:00+00:00,1.247245,1.2481849999999999,1.24698,1.2480799999999999,1900.4099613502622
2024-04-17 08:45:00+00:00,1.2480449999999998,1.2480449999999998,1.24688,1.24712,1689.7199659645557
2024-04-17 09:00:00+00:00,1.247125,1.247355,1.2465549999999999,1.24695,2817.609948553145
2024-04-17 09:15:00+00:00,1.246965,1.2475299999999998,1.24672,1.24749,1816.1099642142653
2024-04-17 09:30:00+00:00,1.247495,1.24768,1.246635,1.246945,1676.4399738237262
2024-04-17 09:45:00+00:00,1.246925,1.247335,1.246435,1.24665,1635.8999693989754
2024-04-17 10:00:00+00:00,1.2466300000000001,1.247225,1.24624,1.247155,2077.9499641507864
2024-04-17 10:15:00+00:00,1.24715,1.2471800000000002,1.24653,1.246655,1172.2499765604734
2024-04-17 10:30:00+00:00,1.24669,1.24675,1.246015,1.2460300000000002,1352.5199744999409
2024-04-17 10:45:00+00:00,1.246025,1.2462550000000001,1.245375,1.2454049999999999,1015.3199817985296
2024-04-17 11:00:00+00:00,1.24542,1.24654,1.245405,1.24603,1538.1899710223079
2024-04-17 11:15:00+00:00,1.246045,1.246345,1.24572,1.245835,1656.1799710541964
2024-04-17 11:30:00+00:00,1.24584,1.246045,1.24546,1.246025,1309.8599784970284
2024-04-17 11:45:00+00:00,1.24604,1.24611,1.245455,1.245715,1519.5299699753523
2024-04-17 12:00:00+00:00,1.24572,1.2462900000000001,1.24546,1.2457449999999999,2405.5499527081847
2024-04-17 12:15:00+00:00,1.245735,1.245755,1.2446,1.24527,2685.1299507543445
2024-04-17 12:30:00+00:00,1.24528,1.245525,1.2448700000000001,1.2455,3956.3699443787336
2024-04-17 12:45:00+00:00,1.245495,1.245835,1.245045,1.2450700000000001,2973.059957690537
2024-04-17 13:00:00+00:00,1.245055,1.24653,1.245005,1.24646,2993.549956664443
2024-04-17 13:15:00+00:00,1.246425,1.246745,1.245865,1.246535,2614.4999526441097
2024-04-17 13:30:00+00:00,1.24655,1.246645,1.2460149999999999,1.246615,4808.159940615296
2024-04-17 13:45:00+00:00,1.2466499999999998,1.24696,1.246045,1.2460900000000001,3966.249938674271
2024-04-17 14:00:00+00:00,1.246095,1.2461000000000002,1.24529,1.2459600000000002,4244.199943736196
2024-04-17 14:15:00+00:00,1.245965,1.246235,1.2451050000000001,1.246005,3473.9399571567774
2024-04-17 14:30:00+00:00,1.245995,1.2463600000000001,1.245595,1.245695,3625.3499545678496
2024-04-17 14:45:00+00:00,1.245685,1.245955,1.24474,1.2450100000000002,3371.909948475659
2024-04-17 15:00:00+00:00,1.24502,1.246215,1.24502,1.2458749999999998,3926.06994048506
2024-04-17 15:15:00+00:00,1.245885,1.245885,1.244855,1.244955,3071.639941073954
2024-04-17 15:30:00+00:00,1.24497,1.24551,1.24464,1.245155,3214.109936505556
2024-04-17 15:45:00+00:00,1.245145,1.245185,1.24395,1.244175,3103.5299374088645
2024-04-17 16:00:00+00:00,1.244165,1.24439,1.242435,1.243225,3322.4399320334196
2024-04-17 16:15:00+00:00,1.24323,1.24373,1.242425,1.24365,3463.7099309042096
2024-04-17 16:30:00+00:00,1.243665,1.2437999999999998,1.242835,1.243025,3616.569929085672
2024-04-17 16:45:00+00:00,1.243035,1.243755,1.242755,1.2428949999999999,3863.1299349591136
2024-04-17 17:00:00+00:00,1.2429000000000001,1.244055,1.242685,1.24334,3862.459925584495
2024-04-17 17:15:00+00:00,1.2433450000000001,1.24386,1.24315,1.243605,2793.2399515658617
2024-04-17 17:30:00+00:00,1.2436150000000001,1.2444899999999999,1.243495,1.244095,1981.7199637815356
2024-04-17 17:45:00+00:00,1.24407,1.244735,1.2434599999999998,1.2445650000000001,2771.9699530750513
2024-04-17 18:00:00+00:00,1.24457,1.24587,1.24447,1.2457500000000001,2864.9499502256513
2024-04-17 18:15:00+00:00,1.24576,1.245795,1.24524,1.245355,2243.5199549794197
2024-04-17 18:30:00+00:00,1.2453750000000001,1.2463250000000001,1.2450450000000002,1.24631,1981.9699568077922
2024-04-17 18:45:00+00:00,1.246305,1.24652,1.245185,1.2451949999999998,2358.209947191179
2024-04-17 19:00:00+00:00,1.24519,1.245395,1.24459,1.2446000000000002,2531.819948710501
2024-04-17 19:15:00+00:00,1.244605,1.2451699999999999,1.24458,1.24477,2585.7599564790726
2024-04-17 19:30:00+00:00,1.2447849999999998,1.244985,1.244675,1.24493,2767.6799552366138
2024-04-17 19:45:00+00:00,1.244935,1.2454749999999999,1.24488,1.245285,3711.0299467667937
2024-04-17 20:00:00+00:00,1.2452450000000002,1.2455150000000001,1.2451949999999998,1.24532,933.4499877244234
2024-04-17 20:15:00+00:00,1.245325,1.245525,1.245295,1.245515,485.27999407052994
2024-04-17 20:30:00+00:00,1.24552,1.24556,1.245425,1.245455,791.5499830842018
2024-04-17 20:45:00+00:00,1.24547,1.24552,1.245365,1.245365,1011.1799808517098
2024-04-17 21:00:00+00:00,1.245365,1.245895,1.2453349999999999,1.245685,661.7399949133396
2024-04-17 21:15:00+00:00,1.24566,1.2457449999999999,1.24551,1.24563,422.9599907398224
2024-04-17 21:30:00+00:00,1.24559,1.2457,1.2454299999999998,1.24556,1328.4199842214584
2024-04-17 21:45:00+00:00,1.2455500000000002,1.245625,1.245495,1.24556,1386.0099805518985
2024-04-17 22:00:00+00:00,1.2455500000000002,1.2457,1.24543,1.24546,2798.099943637848
2024-04-17 22:15:00+00:00,1.245455,1.2456399999999999,1.245455,1.2454900000000002,634.949988424778
2024-04-17 22:30:00+00:00,1.245495,1.24563,1.2454649999999998,1.24549,783.4499878883362
2024-04-17 22:45:00+00:00,1.24551,1.24566,1.24551,1.24559,209.06999588012695
2024-04-17 23:00:00+00:00,1.245615,1.245695,1.245575,1.2456800000000001,735.8399850130081
2024-04-17 23:15:00+00:00,1.245685,1.245835,1.245665,1.245695,498.5999902486801
2024-04-17 23:30:00+00:00,1.245685,1.245685,1.24527,1.2454749999999999,432.53999177366495
2024-04-17 23:45:00+00:00,1.24549,1.24558,1.245255,1.245295,826.1099829673767
2024-04-18 00:00:00+00:00,1.2453349999999999,1.245365,1.24475,1.244875,873.8999821618199
2024-04-18 00:15:00+00:00,1.24488,1.2451699999999999,1.2448549999999998,1.24509,551.2199881747365
2024-04-18 00:30:00+00:00,1.245095,1.245305,1.245015,1.24521,375.23999106884
2024-04-18 00:45:00+00:00,1.245205,1.245395,1.2450350000000001,1.245315,549.0899870693684
2024-04-18 01:00:00+00:00,1.24533,1.24589,1.24533,1.245845,1100.579973101616
2024-04-18 01:15:00+00:00,1.24585,1.245935,1.24536,1.24542,1040.9699787721038
2024-04-18 01:30:00+00:00,1.24539,1.2454749999999999,1.24495,1.244965,2294.2899606004357
2024-04-18 01:45:00+00:00,1.24496,1.245665,1.244955,1.245605,1266.869973257184
2024-04-18 02:00:00+00:00,1.245615,1.24651,1.24558,1.246445,1626.0899670869112
2024-04-18 02:15:00+00:00,1.24644,1.246615,1.246155,1.2463950000000001,1665.179963991046
2024-04-18 02:30:00+00:00,1.246405,1.246615,1.24622,1.246475,939.4199794530869
2024-04-18 02:45:00+00:00,1.24647,1.246995,1.246405,1.24672,919.46998077631
2024-04-18 03:00:00+00:00,1.246745,1.246885,1.2465600000000001,1.2466,994.9199805855751
2024-04-18 03:15:00+00:00,1.2465950000000001,1.246745,1.24651,1.2466,391.43999046087265
2024-04-18 03:30:00+00:00,1.246595,1.2467549999999998,1.246375,1.24675,633.7499869987369
2024-04-18 03:45:00+00:00,1.246745,1.2469999999999999,1.246585,1.246955,429.71999034285545
2024-04-18 04:00:00+00:00,1.24695,1.247065,1.246785,1.2468949999999999,895.3199840933084
2024-04-18 04:15:00+00:00,1.2469000000000001,1.24714,1.246765,1.24708,380.6999901533127
2024-04-18 04:30:00+00:00,1.2470750000000002,1.247135,1.2469000000000001,1.246985,304.28999280929565
2024-04-18 04:45:00+00:00,1.246995,1.247055,1.2468249999999999,1.247055,740.8499852865934
2024-04-18 05:00:00+00:00,1.247045,1.247085,1.246845,1.24688,1088.7299785017967
2024-04-18 05:15:00+00:00,1.2468599999999999,1.246885,1.24668,1.2468599999999999,882.5399831682444
2024-04-18 05:30:00+00:00,1.2468650000000001,1.2473049999999999,1.2468650000000001,1.2473049999999999,502.40998696535826
2024-04-18 05:45:00+00:00,1.2473,1.24746,1.246905,1.24721,718.8899855911732
2024-04-18 06:00:00+00:00,1.24722,1.24782,1.247005,1.247585,1657.5299664586782
2024-04-18 06:15:00+00:00,1.24756,1.2484600000000001,1.24756,1.2483149999999998,1413.239976607263
2024-04-18 06:30:00+00:00,1.248295,1.24832,1.2476850000000002,1.2478850000000001,1264.019975066185
2024-04-18 06:45:00+00:00,1.247865,1.24791,1.24716,1.247185,1325.4599751085043
2024-04-18 07:00:00+00:00,1.2471899999999998,1.2471899999999998,1.246245,1.246725,2769.539954483509
2024-04-18 07:15:00+00:00,1.24671,1.246945,1.246245,1.246535,2553.7799557819963
2024-04-18 07:30:00+00:00,1.246545,1.24783,1.2464300000000001,1.2476150000000001,2673.00996363163
2024-04-18 07:45:00+00:00,1.24762,1.247895,1.247215,1.24726,1914.4799633845687
2024-04-18 08:00:00+00:00,1.2472699999999999,1.247555,1.246785,1.24722,2211.8099689632654
2024-04-18 08:15:00+00:00,1.24721,1.2476,1.2469350000000001,1.247045,1937.0699710473418
2024-04-18 08:30:00+00:00,1.247055,1.24737,1.246975,1.2473049999999999,1294.6499742120504
2024-04-18 08:45:00+00:00,1.247295,1.248,1.247295,1.247445,1274.1999792903662
2024-04-18 09:00:00+00:00,1.24743,1.247555,1.247105,1.2473049999999999,899.3799832984805
2024-04-18 09:15:00+00:00,1.247315,1.2474949999999998,1.246885,1.247155,1410.7799716442823
2024-04-18 09:30:00+00:00,1.247165,1.247425,1.246685,1.24681,1069.2599791288376
2024-04-18 09:45:00+00:00,1.2468050000000002,1.2474349999999998,1.24674,1.247235,1620.3699810132384
2024-04-18 10:00:00+00:00,1.247225,1.24767,1.246885,1.2472050000000001,1703.4399793818593
2024-04-18 10:15:00+00:00,1.24719,1.24735,1.24685,1.2469350000000001,1294.4999791756272
2024-04-18 10:30:00+00:00,1.246925,1.24752,1.24674,1.2475100000000001,903.7899819687009
2024-04-18 10:45:00+00:00,1.24746,1.248035,1.2473999999999998,1.247795,1614.3299729377031
2024-04-18 11:00:00+00:00,1.247765,1.24814,1.247685,1.2477,1528.289974220097
2024-04-18 11:15:00+00:00,1.247715,1.2482199999999999,1.2472400000000001,1.247245,1189.049977093935
2024-04-18 11:30:00+00:00,1.247265,1.247465,1.246675,1.24677,1771.4299684911966
2024-04-18 11:45:00+00:00,1.246765,1.247285,1.2465600000000001,1.24719,1739.6099675297737
2024-04-18 12:00:00+00:00,1.247215,1.247445,1.246705,1.24671,2133.8099621906877
2024-04-18 12:15:00+00:00,1.2466949999999999,1.246805,1.24585,1.246315,2808.659954994917
2024-04-18 12:30:00+00:00,1.246365,1.24661,1.244725,1.245365,6457.979883030057
2024-04-18 12:45:00+00:00,1.2453349999999999,1.24649,1.245225,1.24588,4380.829927444458
2024-04-18 13:00:00+00:00,1.2459,1.24686,1.245825,1.2460200000000001,4479.939928255975
2024-04-18 13:15:00+00:00,1.24603,1.2466400000000002,1.245505,1.2459250000000002,2937.0799410119653
2024-04-18 13:30:00+00:00,1.24591,1.246655,1.244035,1.244165,6167.9499008357525
2024-04-18 13:45:00+00:00,1.24417,1.245095,1.243655,1.244885,4303.4499301835895
2024-04-18 14:00:00+00:00,1.244875,1.2454749999999999,1.24439,1.24543,5414.369913496077
2024-04-18 14:15:00+00:00,1.245425,1.245765,1.244285,1.244755,4325.249931886792
2024-04-18 14:30:00+00:00,1.244745,1.2453699999999999,1.2446549999999998,1.24511,3190.8599440827966
2024-04-18 14:45:00+00:00,1.245115,1.245345,1.24432,1.244335,2610.3299511373043
2024-04-18 15:00:00+00:00,1.244345,1.2456,1.24434,1.245585,2838.8099505901337
2024-04-18 15:15:00+00:00,1.24559,1.246705,1.245585,1.2463899999999999,2928.709956727922
2024-04-18 15:30:00+00:00,1.2463950000000001,1.24644,1.2456049999999999,1.245815,2557.469953030348
2024-04-18 15:45:00+00:00,1.24581,1.246565,1.245615,1.2462900000000001,1905.5099657326937
2024-04-18 16:00:00+00:00,1.2463000000000002,1.246605,1.246065,1.2465899999999999,1855.739964850247
2024-04-18 16:15:00+00:00,1.246585,1.246585,1.24573,1.245915,797.0699815154076
2024-04-18 16:30:00+00:00,1.245925,1.24627,1.245435,1.24553,1793.129958331585
2024-04-18 16:45:00+00:00,1.245545,1.245545,1.2447499999999998,1.244875,2089.139964826405
2024-04-18 17:00:00+00:00,1.244825,1.2450100000000002,1.24399,1.24403,2397.7199597135186
2024-04-18 17:15:00+00:00,1.244065,1.244115,1.243375,1.24394,2287.92995274812
2024-04-18 17:30:00+00:00,1.243945,1.24425,1.24362,1.244215,2485.769962064922
2024-04-18 17:45:00+00:00,1.244215,1.244435,1.24367,1.24425,1739.9999746903777
2024-04-18 18:00:00+00:00,1.24424,1.2442549999999999,1.2435450000000001,1.24374,1713.1199628189206
2024-04-18 18:15:00+00:00,1.24375,1.244105,1.24353,1.243595,2518.4099621251225
2024-04-18 18:30:00+00:00,1.2436,1.244065,1.24339,1.244035,1032.5699758306146
2024-04-18 18:45:00+00:00,1.24404,1.244225,1.2435800000000001,1.243625,1692.899967983365
2024-04-18 19:00:00+00:00,1.243635,1.2443,1.24363,1.24404,2084.969963595271
2024-04-18 19:15:00+00:00,1.244035,1.244125,1.243805,1.2440449999999998,1827.7799658849835
2024-04-18 19:30:00+00:00,1.24404,1.24426,1.244025,1.244095,1411.0799726471305
2024-04-18 19:45:00+00:00,1.244085,1.24416,1.243605,1.24375,1303.5299754142761
2024-04-18 20:00:00+00:00,1.2437550000000002,1.2438500000000001,1.24362,1.243765,411.50998973846436
2024-04-18 20:15:00+00:00,1.243785,1.24389,1.2437049999999998,1.24372,180.92999601364136
2024-04-18 20:30:00+00:00,1.24371,1.24374,1.2436500000000001,1.243715,134.54999704658985
2024-04-18 20:45:00+00:00,1.2437049999999998,1.243725,1.2435299999999998,1.2436099999999999,490.1399903893471
2024-04-18 21:00:00+00:00,1.2435749999999999,1.243965,1.2435749999999999,1.243905,136.73999869823456
2024-04-18 21:15:00+00:00,1.2439149999999999,1.24397,1.243725,1.243805,326.20999681949615
2024-04-18 21:30:00+00:00,1.243765,1.2438500000000001,1.243605,1.24377,836.3699834942818
2024-04-18 21:45:00+00:00,1.24379,1.244005,1.243715,1.24391,2321.1799763441086
2024-04-18 22:00:00+00:00,1.24394,1.24394,1.243525,1.24366,553.9499959945679
2024-04-18 22:15:00+00:00,1.243675,1.24377,1.24363,1.2436349999999998,570.1499996781349
2024-04-18 22:30:00+00:00,1.24363,1.24371,1.243445,1.243445,175.16999601572752
2024-04-18 22:45:00+00:00,1.243425,1.243515,1.243335,1.243345,329.84999346733093
2024-04-18 23:00:00+00:00,1.243355,1.243375,1.2432050000000001,1.2433049999999999,258.9899952560663
2024-04-18 23:15:00+00:00,1.2433100000000001,1.243475,1.243215,1.2434500000000002,445.79999086260796
2024-04-18 23:30:00+00:00,1.243395,1.2436600000000002,1.24334,1.24357,741.8099883496761
2024-04-18 23:45:00+00:00,1.24356,1.24377,1.243445,1.24348,1295.2799833118916
2024-04-19 00:00:00+00:00,1.243475,1.24364,1.243035,1.2432400000000001,2376.1799614578485
2024-04-19 00:15:00+00:00,1.24326,1.243285,1.242645,1.242955,1449.6599676683545
2024-04-19 00:30:00+00:00,1.24296,1.24313,1.2429199999999998,1.24295,1439.4299717396498
2024-04-19 00:45:00+00:00,1.242955,1.24315,1.242635,1.242755,2865.2699400261045
2024-04-19 01:00:00+00:00,1.24275,1.24299,1.24228,1.2423899999999999,3955.6599201634526
2024-04-19 01:15:00+00:00,1.242385,1.24242,1.241595,1.2417699999999998,5047.3898904025555
2024-04-19 01:30:00+00:00,1.24177,1.241855,1.239855,1.23987,7601.879842102528
2024-04-19 01:45:00+00:00,1.239885,1.240985,1.2398099999999999,1.2401550000000001,5878.799879327416
2024-04-19 02:00:00+00:00,1.24016,1.24028,1.239085,1.2393049999999999,4763.0098987445235
2024-04-19 02:15:00+00:00,1.2392599999999998,1.239865,1.23891,1.239775,4694.579894967377
2024-04-19 02:30:00+00:00,1.23978,1.2399550000000001,1.23949,1.239545,5038.619896531105
2024-04-19 02:45:00+00:00,1.239555,1.239785,1.23902,1.239605,4122.389907240868
2024-04-19 03:00:00+00:00,1.2396099999999999,1.240855,1.2393399999999999,1.240565,5662.34991376102
2024-04-19 03:15:00+00:00,1.240555,1.24184,1.240245,1.24161,3554.9199256002903
2024-04-19 03:30:00+00:00,1.24162,1.2422149999999998,1.241505,1.2417500000000001,2690.0399438142776
2024-04-19 03:45:00+00:00,1.24176,1.24201,1.2415349999999998,1.241745,1954.649960204959
2024-04-19 04:00:00+00:00,1.241745,1.2425950000000001,1.24174,1.24235,2510.169954635203
2024-04-19 04:15:00+00:00,1.2423350000000002,1.2426499999999998,1.242175,1.24226,2070.8099632263184
2024-04-19 04:30:00+00:00,1.24227,1.242335,1.241935,1.242105,2570.4899536967278
2024-04-19 04:45:00+00:00,1.242095,1.2422849999999999,1.24187,1.241965,2577.9299602732062
2024-04-19 05:00:00+00:00,1.241975,1.24241,1.24183,1.241845,1617.9999751970172
2024-04-19 05:15:00+00:00,1.24184,1.2420049999999998,1.2416399999999999,1.2417850000000001,766.0799821391702
2024-04-19 05:30:00+00:00,1.2417799999999999,1.241825,1.2413150000000002,1.24149,1334.219973474741
2024-04-19 05:45:00+00:00,1.241485,1.24156,1.24105,1.24118,1354.1099759340286
2024-04-19 06:00:00+00:00,1.241215,1.24195,1.24035,1.2418,4841.109907589853
2024-04-19 06:15:00+00:00,1.24179,1.24212,1.240895,1.241325,3108.149935223162
2024-04-19 06:30:00+00:00,1.2413349999999999,1.242675,1.240915,1.242675,3394.829933784902
2024-04-19 06:45:00+00:00,1.24267,1.2434,1.242525,1.24309,3057.1699394881725
2024-04-19 07:00:00+00:00,1.2430949999999998,1.2442549999999999,1.2430949999999998,1.243785,6604.339922562242
2024-04-19 07:15:00+00:00,1.243795,1.244135,1.243435,1.244055,4583.16994164139
2024-04-19 07:30:00+00:00,1.24405,1.244545,1.24355,1.244245,3938.069953009486
2024-04-19 07:45:00+00:00,1.2442549999999999,1.2451699999999999,1.2442549999999999,1.244945,3341.2499518841505
2024-04-19 08:00:00+00:00,1.24495,1.24495,1.243865,1.244035,3478.0499480962753
2024-04-19 08:15:00+00:00,1.244055,1.244185,1.243445,1.243835,2049.02995660156
2024-04-19 08:30:00+00:00,1.24383,1.2441550000000001,1.243615,1.243945,2098.909960784018
2024-04-19 08:45:00+00:00,1.243935,1.2444250000000001,1.24378,1.2440449999999998,2814.4199633970857
2024-04-19 09:00:00+00:00,1.244035,1.24472,1.2439550000000001,1.24431,3055.919966250658
2024-04-19 09:15:00+00:00,1.244315,1.244995,1.2442250000000001,1.2449,2370.999970011413
2024-04-19 09:30:00+00:00,1.244895,1.245605,1.244895,1.244965,2256.9299597367644
2024-04-19 09:45:00+00:00,1.244945,1.245505,1.244945,1.245275,1712.45997017622
2024-04-19 10:00:00+00:00,1.245275,1.245275,1.24421,1.24425,2058.5999584198
2024-04-19 10:15:00+00:00,1.2442549999999999,1.24431,1.2437749999999999,1.24427,3247.5899671837687
2024-04-19 10:30:00+00:00,1.244265,1.244755,1.24356,1.243605,2998.739954382181
2024-04-19 10:45:00+00:00,1.2436099999999999,1.24393,1.2435,1.24359,2519.2799675911665
2024-04-19 11:00:00+00:00,1.2435800000000001,1.2435800000000001,1.242975,1.24305,2759.1899652779102
2024-04-19 11:15:00+00:00,1.243045,1.2439,1.243045,1.24341,2289.5899635106325
2024-04-19 11:30:00+00:00,1.243405,1.24387,1.243105,1.243855,2025.6399593949318
2024-04-19 11:45:00+00:00,1.24383,1.244155,1.243565,1.244005,1483.1999699920416
2024-04-19 12:00:00+00:00,1.244015,1.24505,1.24378,1.24502,2801.879953928292
2024-04-19 12:15:00+00:00,1.245015,1.2456399999999999,1.244775,1.245515,2706.5699499323964
2024-04-19 12:30:00+00:00,1.24551,1.246375,1.2454,1.246185,2459.0499534383416
2024-04-19 12:45:00+00:00,1.2462,1.24621,1.244845,1.2448700000000001,2557.829956404865
2024-04-19 13:00:00+00:00,1.2448649999999999,1.245565,1.244605,1.244745,2770.3799500390887
2024-04-19 13:15:00+00:00,1.244715,1.246525,1.244305,1.246405,2999.479944616556
2024-04-19 13:30:00+00:00,1.24641,1.246845,1.24599,1.2463600000000001,4814.529923275113
2024-04-19 13:45:00+00:00,1.246365,1.2465099999999998,1.2455850000000002,1.2457500000000001,3507.7299338430166
2024-04-19 14:00:00+00:00,1.24574,1.24677,1.245655,1.2461449999999998,3853.4999170079827
2024-04-19 14:15:00+00:00,1.246155,1.246295,1.24464,1.2458749999999998,4668.109920091927
2024-04-19 14:30:00+00:00,1.245885,1.2462550000000001,1.244025,1.244355,4935.4599183648825
2024-04-19 14:45:00+00:00,1.2444000000000002,1.24474,1.243225,1.24342,4302.599935039878
2024-04-19 15:00:00+00:00,1.24341,1.2438099999999999,1.24192,1.241935,3122.149942688644
2024-04-19 15:15:00+00:00,1.241925,1.24216,1.24062,1.24135,2885.4699523746967
2024-04-19 15:30:00+00:00,1.241355,1.241655,1.24079,1.241255,2224.609957717359
2024-04-19 15:45:00+00:00,1.24125,1.24125,1.23962,1.2396850000000001,2234.2599575445056
2024-04-19 16:00:00+00:00,1.23969,1.24016,1.2388249999999998,1.238835,3031.919944703579
2024-04-19 16:15:00+00:00,1.23883,1.238835,1.237285,1.2378749999999998,4431.179933041334
2024-04-19 16:30:00+00:00,1.237885,1.23854,1.237885,1.2384,3220.3399526774883
2024-04-19 16:45:00+00:00,1.238385,1.2391,1.238185,1.23902,2946.929949618876
2024-04-19 17:00:00+00:00,1.23901,1.23935,1.23889,1.239125,1581.8199715167284
2024-04-19 17:15:00+00:00,1.239135,1.239215,1.23792,1.23803,2421.4299572855234
2024-04-19 17:30:00+00:00,1.2380200000000001,1.238365,1.2376800000000001,1.237795,2497.9899548888206
2024-04-19 17:45:00+00:00,1.2378,1.237835,1.2373,1.237555,2326.3599549382925
2024-04-19 18:00:00+00:00,1.237545,1.23779,1.2370299999999999,1.237705,2457.449963517487
2024-04-19 18:15:00+00:00,1.237685,1.2380499999999999,1.23716,1.23721,2115.399958483875
2024-04-19 18:30:00+00:00,1.2371750000000001,1.237335,1.236695,1.23694,1810.5899644196033
2024-04-19 18:45:00+00:00,1.23692,1.2373349999999999,1.236875,1.236895,2202.3999638184905
2024-04-19 19:00:00+00:00,1.23689,1.23756,1.236715,1.237235,1306.0799722522497
2024-04-19 19:15:00+00:00,1.23725,1.23728,1.23691,1.237095,1390.6499701291323
2024-04-19 19:30:00+00:00,1.2371050000000001,1.23732,1.236875,1.23704,1323.4799689501524
2024-04-19 19:45:00+00:00,1.2370649999999999,1.237285,1.236895,1.2372100000000001,1944.5099625438452
2024-04-19 20:00:00+00:00,1.237215,1.2373500000000002,1.237005,1.2372200000000002,2121.839972741902
2024-04-19 20:15:00+00:00,1.237215,1.2373349999999999,1.237115,1.23713,837.9899851679802
2024-04-19 20:30:00+00:00,1.2371400000000001,1.237185,1.23685,1.237095,739.5599896088243
2024-04-19 20:45:00+00:00,1.2370999999999999,1.2373599999999998,1.23693,1.23731,1016.5799859762192
2024-04-22 00:00:00+00:00,1.237595,1.23811,1.237275,1.238,1557.569968804717
2024-04-22 00:15:00+00:00,1.23797,1.238495,1.237935,1.238185,1369.4699680134654
2024-04-22 00:30:00+00:00,1.23817,1.23831,1.23735,1.23738,1284.3899690508842
2024-04-22 00:45:00+00:00,1.23739,1.237775,1.23724,1.237255,1162.7999722361565
2024-04-22 01:00:00+00:00,1.23725,1.23834,1.23725,1.238225,2895.1199497208
2024-04-22 01:15:00+00:00,1.2382149999999998,1.238745,1.237955,1.238295,2252.5199546664953
2024-04-22 01:30:00+00:00,1.2382900000000001,1.23841,1.2380200000000001,1.238385,1977.299956858158
2024-04-22 01:45:00+00:00,1.23838,1.2390050000000001,1.238345,1.238845,1671.4299662783742
2024-04-22 02:00:00+00:00,1.238855,1.2392349999999999,1.238785,1.238885,1785.629971563816
2024-04-22 02:15:00+00:00,1.23889,1.23923,1.238675,1.23875,1011.7199826836586
2024-04-22 02:30:00+00:00,1.238745,1.2388050000000002,1.238405,1.238445,498.1499876976013
2024-04-22 02:45:00+00:00,1.238475,1.238635,1.238345,1.2383950000000001,634.1699879169464
2024-04-22 03:00:00+00:00,1.2383899999999999,1.23847,1.238225,1.23826,680.3099878281355
2024-04-22 03:15:00+00:00,1.2382499999999999,1.23826,1.23801,1.23803,732.749986037612
2024-04-22 03:30:00+00:00,1.238025,1.2381199999999999,1.237805,1.238095,544.1399881839752
2024-04-22 03:45:00+00:00,1.2380900000000001,1.238225,1.237935,1.238175,451.7999897003174
2024-04-22 04:00:00+00:00,1.238175,1.23865,1.238125,1.2386499999999998,1138.2899802327156
2024-04-22 04:15:00+00:00,1.238655,1.238735,1.2385549999999999,1.2386,394.6499911546707
2024-04-22 04:30:00+00:00,1.238605,1.23895,1.23856,1.238905,1074.1799800619483
2024-04-22 04:45:00+00:00,1.23891,1.239025,1.238615,1.238615,699.4199859425426
2024-04-22 05:00:00+00:00,1.23864,1.238655,1.238405,1.23844,333.89999186992645
2024-04-22 05:15:00+00:00,1.23843,1.23846,1.238295,1.238435,654.3899862170219
2024-04-22 05:30:00+00:00,1.238435,1.238455,1.238045,1.238205,431.99998915195465
2024-04-22 05:45:00+00:00,1.23822,1.238575,1.23813,1.238345,1121.1099797189236
2024-04-22 06:00:00+00:00,1.23833,1.23875,1.238115,1.238225,2013.9599560201168
2024-04-22 06:15:00+00:00,1.238225,1.238505,1.23796,1.238245,1428.5699704289436
2024-04-22 06:30:00+00:00,1.23825,1.2383600000000001,1.237825,1.23815,1509.6599656119943
2024-04-22 06:45:00+00:00,1.238145,1.23825,1.237505,1.23788,2109.299964852631
2024-04-22 07:00:00+00:00,1.237865,1.238525,1.237325,1.2375349999999998,2510.5499502792954
2024-04-22 07:15:00+00:00,1.237525,1.237545,1.2361900000000001,1.236305,1839.8699682280421
2024-04-22 07:30:00+00:00,1.2363,1.236395,1.2351100000000002,1.2355399999999999,2283.909957796335
2024-04-22 07:45:00+00:00,1.23553,1.236895,1.235465,1.2368350000000001,1729.409965865314
2024-04-22 08:00:00+00:00,1.2368299999999999,1.237255,1.23632,1.2365300000000001,1859.3699658811092
2024-04-22 08:15:00+00:00,1.23654,1.2367400000000002,1.2358,1.236455,1851.92996340245
2024-04-22 08:30:00+00:00,1.236465,1.23666,1.2361550000000001,1.236415,1400.549971319735
2024-04-22 08:45:00+00:00,1.236425,1.236875,1.2363499999999998,1.23659,1687.6799660548568
2024-04-22 09:00:00+00:00,1.2365949999999999,1.236745,1.236055,1.2361849999999999,1414.4399704933167
2024-04-22 09:15:00+00:00,1.236165,1.236165,1.234995,1.23545,1828.7999608144164
2024-04-22 09:30:00+00:00,1.2354500000000002,1.23549,1.234585,1.2347899999999998,1824.5099695026875
2024-04-22 09:45:00+00:00,1.234785,1.234845,1.23429,1.23453,1594.1999725177884
2024-04-22 10:00:00+00:00,1.234545,1.234575,1.234045,1.23414,1343.7999737635255
2024-04-22 10:15:00+00:00,1.234105,1.234105,1.233455,1.233755,1838.9999686554074
2024-04-22 10:30:00+00:00,1.233765,1.234405,1.2333699999999999,1.233555,2186.4399710446596
2024-04-22 10:45:00+00:00,1.2335500000000001,1.2338049999999998,1.23236,1.23248,2973.9999553486705
2024-04-22 11:00:00+00:00,1.232475,1.23273,1.23162,1.231705,2457.339962102473
2024-04-22 11:15:00+00:00,1.231695,1.23197,1.23091,1.2317,2435.189966700971
2024-04-22 11:30:00+00:00,1.2317200000000001,1.23217,1.231205,1.23141,1933.849969305098
2024-04-22 11:45:00+00:00,1.2314150000000001,1.231655,1.230915,1.231495,1885.419965222478
2024-04-22 12:00:00+00:00,1.231485,1.23209,1.231105,1.232085,2114.7299598753452
2024-04-22 12:15:00+00:00,1.23209,1.232455,1.2318,1.2322099999999998,2243.429959870875
2024-04-22 12:30:00+00:00,1.232195,1.23274,1.23217,1.232275,2051.139964275062
2024-04-22 12:45:00+00:00,1.23225,1.23225,1.23109,1.231135,3440.3399482890964
2024-04-22 13:00:00+00:00,1.231125,1.23136,1.2307000000000001,1.23086,2285.109958089888
2024-04-22 13:15:00+00:00,1.230845,1.230955,1.2301199999999999,1.2301549999999999,2790.3899512290955
2024-04-22 13:30:00+00:00,1.23013,1.23113,1.229955,1.2310750000000001,4042.389945678413
2024-04-22 13:45:00+00:00,1.23108,1.23177,1.2308400000000002,1.231015,2591.109951071441
2024-04-22 14:00:00+00:00,1.23101,1.2316799999999999,1.23095,1.2314,2450.549953445792
2024-04-22 14:15:00+00:00,1.231395,1.232215,1.23135,1.232205,2453.149962954223
2024-04-22 14:30:00+00:00,1.232195,1.2328999999999999,1.2321550000000001,1.232875,1966.3599625751376
2024-04-22 14:45:00+00:00,1.23288,1.233475,1.23284,1.23312,2500.1299533471465
2024-04-22 15:00:00+00:00,1.233125,1.23327,1.232645,1.232645,2174.1599700823426
2024-04-22 15:15:00+00:00,1.23265,1.23352,1.2325599999999999,1.23352,1870.4699667915702
2024-04-22 15:30:00+00:00,1.233525,1.23387,1.233145,1.2337150000000001,3000.519954800606
2024-04-22 15:45:00+00:00,1.23371,1.2340550000000001,1.23357,1.23389,1549.9599765315652
2024-04-22 16:00:00+00:00,1.233905,1.234455,1.233905,1.234415,903.7499826774001
2024-04-22 16:15:00+00:00,1.2344249999999999,1.234675,1.23432,1.2343950000000001,1436.7999814972281
2024-04-22 16:30:00+00:00,1.2344,1.2346300000000001,1.2341799999999998,1.2343600000000001,1096.0399785861373
2024-04-22 16:45:00+00:00,1.234385,1.23472,1.234295,1.23471,1660.4399754852057
2024-04-22 17:00:00+00:00,1.2346949999999999,1.235075,1.234525,1.235075,1114.1099789738655
2024-04-22 17:15:00+00:00,1.23508,1.2353450000000001,1.23499,1.2353049999999999,791.929984331131
2024-04-22 17:30:00+00:00,1.235345,1.235415,1.235195,1.235195,566.099987745285
2024-04-22 17:45:00+00:00,1.235185,1.2356099999999999,1.235185,1.235465,806.5499867126346
2024-04-22 18:00:00+00:00,1.235455,1.2357550000000002,1.23523,1.235695,768.6899869889021
2024-04-22 18:15:00+00:00,1.2357049999999998,1.236105,1.23569,1.2359499999999999,700.1399846673012
2024-04-22 18:30:00+00:00,1.2359550000000001,1.236175,1.23576,1.23593,899.6399820819497
2024-04-22 18:45:00+00:00,1.2359200000000001,1.236055,1.235745,1.235965,659.4599866867065
2024-04-22 19:00:00+00:00,1.2359550000000001,1.235975,1.235525,1.235635,532.3499893471599
2024-04-22 19:15:00+00:00,1.235625,1.23568,1.235225,1.235285,762.3299847021699
2024-04-22 19:30:00+00:00,1.2352750000000001,1.235385,1.235045,1.235265,1138.4999816268682
2024-04-22 19:45:00+00:00,1.23526,1.2355399999999999,1.235205,1.2352750000000001,1567.8299775794148
2024-04-22 20:00:00+00:00,1.23529,1.235295,1.23496,1.235175,668.6999884992838
2024-04-22 20:15:00+00:00,1.23518,1.235385,1.235175,1.2352599999999998,1096.7999821454287
2024-04-22 20:30:00+00:00,1.235255,1.2354150000000002,1.23521,1.2353399999999999,457.55999022722244
2024-04-22 20:45:00+00:00,1.235325,1.23533,1.234915,1.2349350000000001,672.9299865663052
2024-04-22 21:00:00+00:00,1.2348849999999998,1.2350349999999999,1.2348,1.2350050000000001,258.9099976569414
2024-04-22 21:15:00+00:00,1.235015,1.2352150000000002,1.234995,1.235135,509.9199916124344
2024-04-22 21:30:00+00:00,1.23512,1.23521,1.235105,1.235175,160.79999843984842
2024-04-22 21:45:00+00:00,1.235135,1.2351649999999998,1.23499,1.23512,583.3799934908748
2024-04-22 22:00:00+00:00,1.23508,1.23529,1.23508,1.235115,628.299990594387
2024-04-22 22:15:00+00:00,1.2351299999999998,1.2352349999999999,1.2350249999999998,1.23503,452.69999223947525
2024-04-22 22:30:00+00:00,1.235045,1.23509,1.235045,1.23508,138.59999638795853
2024-04-22 22:45:00+00:00,1.2350750000000001,1.23517,1.234975,1.2350750000000001,301.1699950620532
2024-04-22 23:00:00+00:00,1.23508,1.235145,1.234845,1.23488,133.76999717205763
2024-04-22 23:15:00+00:00,1.234885,1.234995,1.234775,1.23488,220.4599964618683
2024-04-22 23:30:00+00:00,1.2348750000000002,1.235015,1.2348750000000002,1.234955,145.82999657839537
2024-04-22 23:45:00+00:00,1.23496,1.235185,1.23486,1.2349700000000001,360.5699937939644
2024-04-23 00:00:00+00:00,1.234975,1.235475,1.2349700000000001,1.23519,1139.7899806275964
2024-04-23 00:15:00+00:00,1.235235,1.2355,1.235165,1.235275,688.7099860906601
2024-04-23 00:30:00+00:00,1.23528,1.23548,1.235235,1.235265,452.6999900341034
2024-04-23 00:45:00+00:00,1.2352750000000001,1.235595,1.2352750000000001,1.23547,991.889984369278
2024-04-23 01:00:00+00:00,1.235465,1.23577,1.235405,1.23567,1406.8899818062782
2024-04-23 01:15:00+00:00,1.235665,1.2358850000000001,1.2353100000000001,1.235495,1615.8999740183353
2024-04-23 01:30:00+00:00,1.23549,1.2356850000000001,1.2353049999999999,1.2355,2142.959962055087
2024-04-23 01:45:00+00:00,1.23551,1.23551,1.234775,1.234865,982.1699769496918
2024-04-23 02:00:00+00:00,1.234855,1.235265,1.2347899999999998,1.23519,1042.2299771234393
2024-04-23 02:15:00+00:00,1.23521,1.23569,1.23521,1.2355999999999998,1008.839977696538
2024-04-23 02:30:00+00:00,1.235595,1.23569,1.235445,1.2356449999999999,578.9999856874347
2024-04-23 02:45:00+00:00,1.235675,1.2357,1.235395,1.235455,869.4299856349826
2024-04-23 03:00:00+00:00,1.235445,1.235575,1.234995,1.235255,565.199986577034
2024-04-23 03:15:00+00:00,1.235265,1.235355,1.23498,1.23499,1635.0599795505404
2024-04-23 03:30:00+00:00,1.2349999999999999,1.235195,1.2349350000000001,1.23509,601.6499899029732
2024-04-23 03:45:00+00:00,1.23508,1.235335,1.235015,1.2352699999999999,452.18999180942774
2024-04-23 04:00:00+00:00,1.235275,1.23546,1.235205,1.235445,636.5699915215373
2024-04-23 04:15:00+00:00,1.23542,1.235495,1.2352699999999999,1.235295,314.93999380618334
2024-04-23 04:30:00+00:00,1.2352750000000001,1.235285,1.235045,1.235175,274.6499942690134
2024-04-23 04:45:00+00:00,1.235155,1.235185,1.234985,1.23515,176.5799961090088
2024-04-23 05:00:00+00:00,1.2351450000000002,1.2351450000000002,1.23455,1.2345549999999998,604.079989887774
2024-04-23 05:15:00+00:00,1.234525,1.2346949999999999,1.23448,1.234555,480.779991351068
2024-04-23 05:30:00+00:00,1.2345700000000002,1.234795,1.2342499999999998,1.2342650000000002,549.1199880763888
2024-04-23 05:45:00+00:00,1.23426,1.23451,1.2341250000000001,1.234405,602.3999864459038
2024-04-23 06:00:00+00:00,1.234385,1.2343899999999999,1.233515,1.2335150000000001,1844.0699689090252
2024-04-23 06:15:00+00:00,1.2335099999999999,1.233705,1.233185,1.233355,1221.08997682482
2024-04-23 06:30:00+00:00,1.2333699999999999,1.23461,1.2333699999999999,1.2345,1395.4799794256687
2024-04-23 06:45:00+00:00,1.23451,1.23469,1.234055,1.23438,1508.6999745294452
2024-04-23 07:00:00+00:00,1.234365,1.23448,1.233645,1.233915,2288.5799612402916
2024-04-23 07:15:00+00:00,1.233935,1.235735,1.233935,1.23542,3683.759937480092
2024-04-23 07:30:00+00:00,1.2354150000000002,1.23725,1.2354150000000002,1.23647,6384.1799027100205
2024-04-23 07:45:00+00:00,1.236465,1.236755,1.236,1.236495,3090.659957803786
2024-04-23 08:00:00+00:00,1.236505,1.2366000000000001,1.2355450000000001,1.236015,2720.3399499207735
2024-04-23 08:15:00+00:00,1.2360250000000002,1.2365300000000001,1.235905,1.2364199999999999,1778.939969651401
2024-04-23 08:30:00+00:00,1.23639,1.2388599999999999,1.23639,1.23849,4815.459929585457
2024-04-23 08:45:00+00:00,1.2384849999999998,1.2384849999999998,1.236915,1.237025,2173.769966557622
2024-04-23 09:00:00+00:00,1.2370299999999999,1.2370299999999999,1.2357,1.2361,2624.8299583271146
2024-04-23 09:15:00+00:00,1.23611,1.2365,1.235985,1.236,2567.419962026179
2024-04-23 09:30:00+00:00,1.2359900000000001,1.23607,1.235285,1.2360099999999998,1806.8099698349833
2024-04-23 09:45:00+00:00,1.23602,1.236065,1.23541,1.23603,1407.8999758288264
2024-04-23 10:00:00+00:00,1.23602,1.236415,1.23601,1.236205,1006.4699830934405
2024-04-23 10:15:00+00:00,1.236205,1.23623,1.23551,1.23551,2252.799972176552
2024-04-23 10:30:00+00:00,1.2355,1.2355999999999998,1.2349,1.23502,1894.3999834507704
2024-04-23 10:45:00+00:00,1.2349999999999999,1.235295,1.2345899999999999,1.23508,1360.0199804529548
2024-04-23 11:00:00+00:00,1.235075,1.235535,1.2349700000000001,1.235295,1352.3099757507443
2024-04-23 11:15:00+00:00,1.2353100000000001,1.239255,1.235255,1.23884,4700.979929707944
2024-04-23 11:30:00+00:00,1.238845,1.238845,1.2378749999999998,1.237905,2211.759975746274
2024-04-23 11:45:00+00:00,1.2379,1.24016,1.237785,1.24007,2708.3399549797177
2024-04-23 12:00:00+00:00,1.240075,1.2406350000000002,1.23977,1.240015,3619.429939709604
2024-04-23 12:15:00+00:00,1.240035,1.24065,1.239785,1.2401,1982.1799627020955
2024-04-23 12:30:00+00:00,1.24011,1.24028,1.23854,1.23869,3690.2199479937553
2024-04-23 12:45:00+00:00,1.2386949999999999,1.23933,1.2384849999999998,1.23915,2243.079964466393
2024-04-23 13:00:00+00:00,1.23914,1.2391450000000002,1.2383700000000002,1.23848,2173.6799688264728
2024-04-23 13:15:00+00:00,1.23849,1.239345,1.23827,1.238965,1133.8799776807427
2024-04-23 13:30:00+00:00,1.238975,1.23941,1.2381250000000001,1.2384300000000001,2463.329954519868
2024-04-23 13:45:00+00:00,1.23841,1.244645,1.23841,1.243885,12829.609816767275
2024-04-23 14:00:00+00:00,1.24389,1.244825,1.243005,1.24434,10180.059851139784
2024-04-23 14:15:00+00:00,1.24437,1.24573,1.2441300000000002,1.244405,5512.389913931489
2024-04-23 14:30:00+00:00,1.244445,1.24584,1.243935,1.2452,5520.539920479059
2024-04-23 14:45:00+00:00,1.24518,1.245255,1.2432,1.24331,5632.319929100573
2024-04-23 15:00:00+00:00,1.2433,1.2439149999999999,1.242345,1.243905,4602.249936595559
2024-04-23 15:15:00+00:00,1.2439149999999999,1.244265,1.243455,1.2440250000000002,1990.9199648350477
2024-04-23 15:30:00+00:00,1.244035,1.24435,1.24336,1.2436349999999998,2025.7299640253186
2024-04-23 15:45:00+00:00,1.24362,1.24367,1.24284,1.2431299999999998,2498.6999508962035
2024-04-23 16:00:00+00:00,1.243135,1.2442549999999999,1.2428949999999999,1.24423,1956.209958307445
2024-04-23 16:15:00+00:00,1.244245,1.244665,1.244105,1.2445249999999999,1105.3499755710363
2024-04-23 16:30:00+00:00,1.24452,1.24477,1.2443149999999998,1.2447249999999999,1784.4599715396762
2024-04-23 16:45:00+00:00,1.244685,1.2447300000000001,1.24433,1.244475,1361.7299703136086
2024-04-23 17:00:00+00:00,1.24447,1.2453349999999999,1.244435,1.244745,2593.3499538078904
2024-04-23 17:15:00+00:00,1.244755,1.2454399999999999,1.24459,1.24533,2257.0199608132243
2024-04-23 17:30:00+00:00,1.245325,1.24566,1.24526,1.24564,1363.0799789503217
2024-04-23 17:45:00+00:00,1.24565,1.2457500000000001,1.2452800000000002,1.24543,1180.049978159368
2024-04-23 18:00:00+00:00,1.245425,1.2456450000000001,1.24539,1.24546,992.8499860092998
2024-04-23 18:15:00+00:00,1.24549,1.245745,1.245485,1.245705,870.3299852088094
2024-04-23 18:30:00+00:00,1.245695,1.245855,1.245455,1.24565,1447.9199807941914
2024-04-23 18:45:00+00:00,1.2456450000000001,1.2457,1.2449,1.245095,1331.3999834284186
2024-04-23 19:00:00+00:00,1.2451050000000001,1.24526,1.244755,1.245015,1874.7299667969346
2024-04-23 19:15:00+00:00,1.2449949999999999,1.245075,1.244855,1.24493,1010.0399844199419
2024-04-23 19:30:00+00:00,1.244915,1.245125,1.244845,1.245065,631.349986590445
2024-04-23 19:45:00+00:00,1.24506,1.24518,1.24481,1.244965,735.7199871838093
2024-04-23 20:00:00+00:00,1.2449949999999999,1.2449949999999999,1.24467,1.244805,672.0599873587489
2024-04-23 20:15:00+00:00,1.2447949999999999,1.24484,1.24465,1.24474,184.46999680250883
2024-04-23 20:30:00+00:00,1.244745,1.244965,1.24474,1.2448649999999999,691.9499917179346
2024-04-23 20:45:00+00:00,1.24485,1.2450999999999999,1.244805,1.244915,694.549987398088
2024-04-23 21:00:00+00:00,1.24494,1.24514,1.244685,1.2451349999999999,548.7799965143204
2024-04-23 21:15:00+00:00,1.24511,1.24516,1.24502,1.24506,225.21999771893024
2024-04-23 21:30:00+00:00,1.245075,1.245245,1.2450649999999999,1.245125,312.3699950128794
2024-04-23 21:45:00+00:00,1.24515,1.24518,1.24472,1.24486,2130.2599792853
2024-04-23 22:00:00+00:00,1.2448299999999999,1.245265,1.2448299999999999,1.24497,656.0999983847141
2024-04-23 22:15:00+00:00,1.244955,1.24498,1.2448299999999999,1.244885,418.0499923825264
2024-04-23 22:30:00+00:00,1.244875,1.24497,1.2448649999999999,1.24495,214.1999944448471
2024-04-23 22:45:00+00:00,1.24496,1.245055,1.244935,1.24497,134.60999701917171
2024-04-23 23:00:00+00:00,1.245015,1.2452800000000002,1.244945,1.2452649999999998,250.9499964788556
2024-04-23 23:15:00+00:00,1.24526,1.24526,1.24504,1.245165,292.4999953210354
2024-04-23 23:30:00+00:00,1.2451699999999999,1.2451699999999999,1.24481,1.244945,195.6899955868721
2024-04-23 23:45:00+00:00,1.24492,1.24546,1.24492,1.245445,820.6799866706133
2024-04-24 00:00:00+00:00,1.24545,1.2455150000000001,1.24497,1.245095,975.3899806588888
2024-04-24 00:15:00+00:00,1.2450700000000001,1.245655,1.24493,1.24565,746.7299830690026
2024-04-24 00:30:00+00:00,1.24561,1.245685,1.245425,1.2456800000000001,385.1699923723936
2024-04-24 00:45:00+00:00,1.245665,1.2460499999999999,1.245485,1.2458550000000002,883.1399833261967
2024-04-24 01:00:00+00:00,1.245845,1.24596,1.245725,1.245755,1800.3299680948257
2024-04-24 01:15:00+00:00,1.2457500000000001,1.245975,1.2456800000000001,1.24594,1107.4799798727036
2024-04-24 01:30:00+00:00,1.245925,1.24643,1.24592,1.24606,2239.589954331517
2024-04-24 01:45:00+00:00,1.246055,1.246265,1.245915,1.24617,873.7199813872576
2024-04-24 02:00:00+00:00,1.246165,1.246415,1.24586,1.246305,1210.9199773073196
2024-04-24 02:15:00+00:00,1.246315,1.246485,1.2460149999999999,1.2461,613.8899877071381
2024-04-24 02:30:00+00:00,1.246105,1.246225,1.2459500000000001,1.24606,783.5699850767851
2024-04-24 02:45:00+00:00,1.246055,1.2461449999999998,1.245695,1.24586,1715.0699798837304
2024-04-24 03:00:00+00:00,1.245865,1.24597,1.24557,1.2457500000000001,897.8399832770228
2024-04-24 03:15:00+00:00,1.245745,1.2457500000000001,1.24551,1.245545,513.8699894994497
2024-04-24 03:30:00+00:00,1.24553,1.24567,1.2454399999999999,1.2455500000000002,646.4099901914597
2024-04-24 03:45:00+00:00,1.245545,1.24563,1.2454399999999999,1.24563,590.5199896991253
2024-04-24 04:00:00+00:00,1.24559,1.245755,1.245535,1.24565,686.1899901032448
2024-04-24 04:15:00+00:00,1.245655,1.245815,1.2456,1.2456450000000001,529.6799915954471
2024-04-24 04:30:00+00:00,1.245635,1.245635,1.245415,1.24543,697.8599908277392
2024-04-24 04:45:00+00:00,1.245425,1.24554,1.245305,1.24549,1084.8299863785505
2024-04-24 05:00:00+00:00,1.2455,1.245625,1.245275,1.2454049999999999,620.8199868947268
2024-04-24 05:15:00+00:00,1.245415,1.24546,1.2452800000000002,1.245425,391.0499920845032
2024-04-24 05:30:00+00:00,1.245415,1.2454399999999999,1.245185,1.245435,266.4299949258566
2024-04-24 05:45:00+00:00,1.245465,1.2456399999999999,1.245195,1.245325,520.4399894177914
2024-04-24 06:00:00+00:00,1.245345,1.2457099999999999,1.244445,1.244485,1641.3999748155475
2024-04-24 06:15:00+00:00,1.2444899999999999,1.244755,1.244225,1.2444899999999999,2368.8299644738436
2024-04-24 06:30:00+00:00,1.244485,1.2451349999999999,1.2444199999999999,1.245025,1133.9699793308973
2024-04-24 06:45:00+00:00,1.245005,1.245025,1.24423,1.24438,1915.5599655732512
2024-04-24 07:00:00+00:00,1.24437,1.24444,1.2433,1.24339,2436.719958111644
2024-04-24 07:15:00+00:00,1.243395,1.2438150000000001,1.243085,1.2433,2503.3199618905783
2024-04-24 07:30:00+00:00,1.243295,1.243805,1.24323,1.2433100000000001,1261.6499782949686
2024-04-24 07:45:00+00:00,1.243315,1.24334,1.2427549999999998,1.2429899999999998,1859.609971769154
2024-04-24 08:00:00+00:00,1.2430050000000001,1.2435450000000001,1.2429000000000001,1.24301,1697.5199701339006
2024-04-24 08:15:00+00:00,1.243015,1.24314,1.24274,1.24281,1148.159977965057
2024-04-24 08:30:00+00:00,1.2428050000000002,1.24283,1.2422499999999999,1.242645,1562.039975553751
2024-04-24 08:45:00+00:00,1.24265,1.242825,1.242315,1.242615,1982.4599702060223
2024-04-24 09:00:00+00:00,1.24262,1.24346,1.242615,1.24346,1195.3299815282226
2024-04-24 09:15:00+00:00,1.243465,1.2435800000000001,1.24312,1.243325,1328.819982379675
2024-04-24 09:30:00+00:00,1.24332,1.243355,1.242855,1.24292,1421.609979055822
2024-04-24 09:45:00+00:00,1.2429649999999999,1.24315,1.24272,1.24272,871.7699874788523
2024-04-24 10:00:00+00:00,1.242705,1.2431899999999998,1.2425199999999998,1.243175,1080.6299813687801
2024-04-24 10:15:00+00:00,1.24319,1.24438,1.24308,1.244355,1319.7999773100019
2024-04-24 10:30:00+00:00,1.24436,1.244415,1.24332,1.243435,1532.7299731001258
2024-04-24 10:45:00+00:00,1.243415,1.243965,1.24334,1.24389,1488.689978606999
2024-04-24 11:00:00+00:00,1.24386,1.244065,1.243635,1.24398,994.8899795934558
2024-04-24 11:15:00+00:00,1.2439749999999998,1.24408,1.24366,1.243745,1493.039974488318
2024-04-24 11:30:00+00:00,1.2437550000000002,1.243795,1.243375,1.24343,1173.3899824023247
2024-04-24 11:45:00+00:00,1.2434699999999999,1.2437550000000002,1.24298,1.24352,1419.209973782301
2024-04-24 12:00:00+00:00,1.2435399999999999,1.24368,1.2428050000000002,1.243405,2607.229965776205
2024-04-24 12:15:00+00:00,1.24342,1.24423,1.243185,1.2441550000000001,3425.399945318699
2024-04-24 12:30:00+00:00,1.2441499999999999,1.2447750000000002,1.243275,1.2433200000000002,4992.829909801483
2024-04-24 12:45:00+00:00,1.243335,1.244265,1.24296,1.2441900000000001,4197.609927631915
2024-04-24 13:00:00+00:00,1.2441849999999999,1.244365,1.2436500000000001,1.24402,2041.5299538597465
2024-04-24 13:15:00+00:00,1.244015,1.245375,1.2438500000000001,1.24523,2623.2199489101768
2024-04-24 13:30:00+00:00,1.245225,1.24554,1.24478,1.2448299999999999,2966.00994053483
2024-04-24 13:45:00+00:00,1.2448350000000001,1.245115,1.243925,1.244225,3316.1399370357394
2024-04-24 14:00:00+00:00,1.24421,1.2447949999999999,1.243525,1.24383,3771.899941213429
2024-04-24 14:15:00+00:00,1.24384,1.24466,1.243735,1.24413,2997.7499455586076
2024-04-24 14:30:00+00:00,1.244125,1.244195,1.243105,1.2431999999999999,2932.489970371127
2024-04-24 14:45:00+00:00,1.2432050000000001,1.24357,1.242955,1.243225,3949.0799446329474
2024-04-24 15:00:00+00:00,1.243215,1.2439900000000002,1.24321,1.243265,3310.7699557840824
2024-04-24 15:15:00+00:00,1.24328,1.243965,1.243005,1.243175,2320.7999570444226
2024-04-24 15:30:00+00:00,1.24318,1.2437749999999999,1.242865,1.2429000000000001,2212.579957641661
2024-04-24 15:45:00+00:00,1.24289,1.24323,1.2426650000000001,1.24317,1492.8299674242735
2024-04-24 16:00:00+00:00,1.243155,1.243765,1.243065,1.243245,1899.449968509376
2024-04-24 16:15:00+00:00,1.2432500000000002,1.24379,1.2432400000000001,1.243625,1500.119973063469
2024-04-24 16:30:00+00:00,1.243595,1.243855,1.24328,1.24382,1631.3999687582254
2024-04-24 16:45:00+00:00,1.243805,1.2447599999999999,1.24374,1.24465,2106.449972972274
2024-04-24 17:00:00+00:00,1.244665,1.2453249999999998,1.244655,1.24502,1905.1199661642313
2024-04-24 17:15:00+00:00,1.24503,1.245635,1.24485,1.24543,1859.8199690431356
2024-04-24 17:30:00+00:00,1.2454100000000001,1.24561,1.244935,1.24533,1514.039970137179
2024-04-24 17:45:00+00:00,1.245325,1.24586,1.245015,1.24553,958.4699833989143
2024-04-24 18:00:00+00:00,1.245535,1.245555,1.244835,1.244835,1120.7099788859487
2024-04-24 18:15:00+00:00,1.24482,1.24519,1.244755,1.245005,1491.8399784266949
2024-04-24 18:30:00+00:00,1.245015,1.245185,1.24457,1.245155,1194.6899745836854
2024-04-24 18:45:00+00:00,1.2451750000000001,1.245525,1.24513,1.2453400000000001,1106.4299764111638
2024-04-24 19:00:00+00:00,1.2453400000000001,1.246555,1.245255,1.24653,1179.869978658855
2024-04-24 19:15:00+00:00,1.24653,1.24699,1.246385,1.2469700000000001,1351.3199842050672
2024-04-24 19:30:00+00:00,1.246955,1.2469649999999999,1.24633,1.24633,874.7099843993783
2024-04-24 19:45:00+00:00,1.2463000000000002,1.2466599999999999,1.24624,1.24635,1224.0599805787206
2024-04-24 20:00:00+00:00,1.246375,1.2464,1.245925,1.246115,893.0699847340584
2024-04-24 20:15:00+00:00,1.24612,1.24634,1.245935,1.2462900000000001,678.3299895524979
2024-04-24 20:30:00+00:00,1.2463,1.246335,1.2462,1.24625,955.4999851062894
2024-04-24 20:45:00+00:00,1.24624,1.2464400000000002,1.246235,1.24642,828.7199815288186
2024-04-24 21:00:00+00:00,1.246365,1.246425,1.245665,1.24621,821.8099945187569
2024-04-24 21:15:00+00:00,1.246175,1.2462399999999998,1.24573,1.246105,972.3799915313721
2024-04-24 21:30:00+00:00,1.245975,1.246345,1.245975,1.2462,2396.2099801301956
2024-04-24 21:45:00+00:00,1.2462,1.24631,1.24614,1.246195,1144.1699745953083
2024-04-24 22:00:00+00:00,1.2462,1.246435,1.24574,1.24585,1150.8599776625633
2024-04-24 22:15:00+00:00,1.245845,1.24603,1.245835,1.24603,179.99999570846558
2024-04-24 22:30:00+00:00,1.246025,1.24603,1.24581,1.24583,373.0499927997589
2024-04-24 22:45:00+00:00,1.245825,1.2459699999999998,1.245815,1.24593,162.44999623298645
2024-04-24 23:00:00+00:00,1.2459500000000001,1.246025,1.2458200000000001,1.24588,148.5899966880679
2024-04-24 23:15:00+00:00,1.245885,1.2459500000000001,1.2458200000000001,1.2459250000000002,159.6599963903427
2024-04-24 23:30:00+00:00,1.245925,1.245955,1.245765,1.245905,136.07999682426453
2024-04-24 23:45:00+00:00,1.24592,1.24603,1.2458,1.24592,288.98999428749084
2024-04-25 00:00:00+00:00,1.24592,1.24645,1.24592,1.246335,1044.2399865314364
2024-04-25 00:15:00+00:00,1.246345,1.24647,1.246,1.246105,1929.3299864679575
2024-04-25 00:30:00+00:00,1.2461099999999998,1.246455,1.246045,1.246315,1836.4499837011099
2024-04-25 00:45:00+00:00,1.24631,1.2464300000000001,1.24608,1.24618,1703.4899758249521
2024-04-25 01:00:00+00:00,1.2462,1.24643,1.245495,1.2455150000000001,1260.989975489676
2024-04-25 01:15:00+00:00,1.24552,1.24641,1.245435,1.2464,1113.3899754881859
2024-04-25 01:30:00+00:00,1.2463899999999999,1.246645,1.246315,1.246455,1704.8699630871415
2024-04-25 01:45:00+00:00,1.24646,1.24646,1.246135,1.2462550000000001,1610.6699679493904
2024-04-25 02:00:00+00:00,1.246235,1.246565,1.246005,1.246335,1438.439976863563
2024-04-25 02:15:00+00:00,1.24633,1.246355,1.2460900000000001,1.24622,1083.5999785661697
2024-04-25 02:30:00+00:00,1.246225,1.24674,1.246215,1.24674,1721.169973216951
2024-04-25 02:45:00+00:00,1.246735,1.246855,1.246565,1.24667,2154.7599835321307
2024-04-25 03:00:00+00:00,1.246665,1.246795,1.24637,1.246495,1597.6799837723374
2024-04-25 03:15:00+00:00,1.24649,1.246515,1.24607,1.24628,2621.8499551042914
2024-04-25 03:30:00+00:00,1.24627,1.246285,1.2459850000000001,1.24624,1671.6899736374617
2024-04-25 03:45:00+00:00,1.246245,1.246485,1.24612,1.24634,873.0899808779359
2024-04-25 04:00:00+00:00,1.246345,1.246415,1.246285,1.2463549999999999,459.74999073147774
2024-04-25 04:15:00+00:00,1.24635,1.246545,1.246325,1.24653,931.4699849337339
2024-04-25 04:30:00+00:00,1.246525,1.24667,1.246425,1.2466599999999999,3245.489956177771
2024-04-25 04:45:00+00:00,1.2466650000000001,1.246855,1.246525,1.24672,2495.5199650004506
2024-04-25 05:00:00+00:00,1.246725,1.24696,1.246655,1.246925,1900.5299767255783
2024-04-25 05:15:00+00:00,1.2469299999999999,1.2470400000000001,1.24676,1.2468050000000002,2183.7899710685015
2024-04-25 05:30:00+00:00,1.24681,1.247065,1.24681,1.2470400000000001,378.0899933055043
2024-04-25 05:45:00+00:00,1.247035,1.24748,1.247005,1.2471999999999999,1690.5299713611603
2024-04-25 06:00:00+00:00,1.247195,1.247875,1.24714,1.247865,1369.0799734145403
2024-04-25 06:15:00+00:00,1.24786,1.248985,1.247775,1.24894,2808.719958655536
2024-04-25 06:30:00+00:00,1.248935,1.249655,1.248915,1.249355,2125.619960553944
2024-04-25 06:45:00+00:00,1.249345,1.25057,1.2489,1.250035,2414.489952802658
2024-04-25 07:00:00+00:00,1.250045,1.250045,1.248885,1.249235,3332.5199491381645
2024-04-25 07:15:00+00:00,1.249215,1.249635,1.248985,1.2493750000000001,1518.2699707001448
2024-04-25 07:30:00+00:00,1.249365,1.250025,1.249345,1.249815,2356.619959510863
2024-04-25 07:45:00+00:00,1.2498200000000002,1.250985,1.24942,1.25061,3001.31995216012
2024-04-25 08:00:00+00:00,1.25062,1.2515749999999999,1.25062,1.251225,2665.8599517270923
2024-04-25 08:15:00+00:00,1.251225,1.25137,1.250825,1.2512349999999999,1083.8499805554748
2024-04-25 08:30:00+00:00,1.25125,1.2522799999999998,1.251245,1.25217,1695.969968162477
2024-04-25 08:45:00+00:00,1.2521849999999999,1.252325,1.252025,1.2521149999999999,1022.0999780371785
2024-04-25 09:00:00+00:00,1.252105,1.25216,1.251795,1.252035,1633.499976605177
2024-04-25 09:15:00+00:00,1.2520449999999999,1.252125,1.2514750000000001,1.2517049999999998,1496.0399775877595
2024-04-25 09:30:00+00:00,1.251675,1.2522000000000002,1.2515749999999999,1.252165,1451.0699778795242
2024-04-25 09:45:00+00:00,1.25218,1.252195,1.2512750000000001,1.251395,2742.8499592244625
2024-04-25 10:00:00+00:00,1.25137,1.251725,1.250875,1.251685,2643.729964263737
2024-04-25 10:15:00+00:00,1.2517,1.252115,1.251445,1.251635,1219.7999778687954
2024-04-25 10:30:00+00:00,1.25164,1.251775,1.2510249999999998,1.25104,1912.8899686262012
2024-04-25 10:45:00+00:00,1.251045,1.25134,1.250625,1.2507899999999998,1617.659975528717
2024-04-25 11:00:00+00:00,1.250785,1.2509299999999999,1.25044,1.25067,1849.289973422885
2024-04-25 11:15:00+00:00,1.250675,1.2514349999999999,1.2505549999999999,1.2513649999999998,1858.929973512888
2024-04-25 11:30:00+00:00,1.25137,1.25144,1.250815,1.2509899999999998,1694.609978698194
2024-04-25 11:45:00+00:00,1.251,1.25122,1.250635,1.25122,1668.8699761033058
2024-04-25 12:00:00+00:00,1.25121,1.25143,1.251,1.25112,2210.3799668997526
2024-04-25 12:15:00+00:00,1.251125,1.251125,1.250075,1.250395,2148.809962056577
2024-04-25 12:30:00+00:00,1.25041,1.25278,1.2469999999999999,1.247775,16654.40977846831
2024-04-25 12:45:00+00:00,1.2478099999999999,1.248075,1.2466849999999998,1.247825,7094.219867035747
2024-04-25 13:00:00+00:00,1.24784,1.24865,1.245845,1.246065,6862.519892349839
2024-04-25 13:15:00+00:00,1.2460749999999998,1.247515,1.2457099999999999,1.246485,5774.139901474118
2024-04-25 13:30:00+00:00,1.24649,1.247995,1.245865,1.247925,7279.649896465242
2024-04-25 13:45:00+00:00,1.24792,1.24796,1.2464300000000001,1.24734,5159.219922766089
2024-04-25 14:00:00+00:00,1.24736,1.24791,1.2456800000000001,1.24782,5388.509902730584
2024-04-25 14:15:00+00:00,1.247835,1.249545,1.247835,1.24904,5026.429919980466
2024-04-25 14:30:00+00:00,1.249055,1.250345,1.248845,1.2496399999999999,4738.359906286001
2024-04-25 14:45:00+00:00,1.24965,1.2504650000000002,1.248925,1.248955,3550.169926121831
2024-04-25 15:00:00+00:00,1.248945,1.24918,1.24801,1.24854,4216.429935760796
2024-04-25 15:15:00+00:00,1.2485300000000001,1.24952,1.248155,1.249415,2994.8099555820227
2024-04-25 15:30:00+00:00,1.249435,1.24977,1.2490899999999998,1.249655,2390.519960679114
2024-04-25 15:45:00+00:00,1.2496450000000001,1.249725,1.249155,1.24922,2044.8599691018462
2024-04-25 16:00:00+00:00,1.249235,1.249555,1.2488199999999998,1.249055,2211.2999618053436
2024-04-25 16:15:00+00:00,1.24905,1.24981,1.24878,1.24979,2027.1599718779325
2024-04-25 16:30:00+00:00,1.2497850000000001,1.2509649999999999,1.24965,1.25095,3231.419964581728
2024-04-25 16:45:00+00:00,1.250955,1.25173,1.250925,1.251465,2686.989962540567
2024-04-25 17:00:00+00:00,1.25147,1.25205,1.251275,1.25164,1985.4599574431777
2024-04-25 17:15:00+00:00,1.251655,1.2519749999999998,1.2514699999999999,1.251715,1719.6899664774537
2024-04-25 17:30:00+00:00,1.251725,1.252285,1.2515749999999999,1.2521,2038.9199618175626
2024-04-25 17:45:00+00:00,1.252095,1.252105,1.251255,1.2513649999999998,2892.5099626481533
2024-04-25 18:00:00+00:00,1.25137,1.2514,1.250625,1.2509700000000001,2630.3799570202827
2024-04-25 18:15:00+00:00,1.25096,1.25149,1.25042,1.2504650000000002,1574.2299662306905
2024-04-25 18:30:00+00:00,1.2504499999999998,1.250855,1.2503950000000001,1.250715,2603.81996075809
2024-04-25 18:45:00+00:00,1.25071,1.25107,1.250545,1.250935,2029.4699667990208
2024-04-25 19:00:00+00:00,1.25094,1.25186,1.25094,1.251755,909.9099786952138
2024-04-25 19:15:00+00:00,1.25176,1.252155,1.25168,1.252095,1243.5599824115634
2024-04-25 19:30:00+00:00,1.25209,1.25209,1.25168,1.251825,1772.639967493713
2024-04-25 19:45:00+00:00,1.251835,1.2519,1.25114,1.251335,1318.3399801030755
2024-04-25 20:00:00+00:00,1.251305,1.25157,1.2511700000000001,1.25125,1995.4199701026082
2024-04-25 20:15:00+00:00,1.251245,1.251245,1.25098,1.251115,523.0199890732765
2024-04-25 20:30:00+00:00,1.251115,1.25135,1.251115,1.251235,266.09999507665634
2024-04-25 20:45:00+00:00,1.2512249999999998,1.25139,1.251175,1.25139,536.5799912214279
2024-04-25 21:00:00+00:00,1.251375,1.2514850000000002,1.251165,1.251195,535.1899892017245
2024-04-25 21:15:00+00:00,1.251185,1.251335,1.2511649999999999,1.25121,776.5099937915802
2024-04-25 21:30:00+00:00,1.251195,1.2513200000000002,1.251115,1.25126,963.1199811398983
2024-04-25 21:45:00+00:00,1.25125,1.251455,1.251035,1.251395,3183.1499567478895
2024-04-25 22:00:00+00:00,1.251405,1.25141,1.25097,1.251225,916.8699797391891
2024-04-25 22:15:00+00:00,1.2512150000000002,1.25122,1.251015,1.25103,801.4499844908714
2024-04-25 22:30:00+00:00,1.251035,1.25116,1.25103,1.251155,226.79999482631683
2024-04-25 22:45:00+00:00,1.251145,1.25125,1.251065,1.2511649999999999,202.439995162189
2024-04-25 23:00:00+00:00,1.2511450000000002,1.251235,1.25098,1.251125,226.49999697506428
2024-04-25 23:15:00+00:00,1.25112,1.251225,1.2510949999999998,1.251155,154.3499960899353
2024-04-25 23:30:00+00:00,1.25116,1.2511649999999999,1.2508249999999999,1.2508249999999999,368.4299925416708
2024-04-25 23:45:00+00:00,1.25083,1.2509549999999998,1.2506599999999999,1.250735,1011.4799821004272
2024-04-26 00:00:00+00:00,1.25073,1.25074,1.2503250000000001,1.25053,1626.7199672311544
2024-04-26 00:15:00+00:00,1.250515,1.250515,1.250005,1.2504149999999998,1229.1299809366465
2024-04-26 00:30:00+00:00,1.25042,1.250615,1.2503199999999999,1.25043,526.4999906867743
2024-04-26 00:45:00+00:00,1.250435,1.2506599999999999,1.250385,1.25048,1265.2499794885516
2024-04-26 01:00:00+00:00,1.2504849999999998,1.2505199999999999,1.25,1.2500399999999998,2054.8499577865005
2024-04-26 01:15:00+00:00,1.250035,1.2504,1.25003,1.25021,986.5799761861563
2024-04-26 01:30:00+00:00,1.25022,1.250835,1.25022,1.250495,1143.119974128902
2024-04-26 01:45:00+00:00,1.25049,1.25083,1.2504650000000002,1.250595,1483.0499679222703
2024-04-26 02:00:00+00:00,1.2505899999999999,1.25073,1.250535,1.2506499999999998,1508.8499712720513
2024-04-26 02:15:00+00:00,1.2506599999999999,1.2508650000000001,1.250375,1.2505,1291.1099819913507
2024-04-26 02:30:00+00:00,1.250495,1.25055,1.249945,1.249945,691.7399870753288
2024-04-26 02:45:00+00:00,1.24994,1.250225,1.249625,1.250125,725.0099836811423
2024-04-26 03:00:00+00:00,1.2501,1.25033,1.250035,1.2501950000000002,903.2499862909317
2024-04-26 03:15:00+00:00,1.25019,1.250565,1.25019,1.25035,2511.9699588790536
2024-04-26 03:30:00+00:00,1.25034,1.250415,1.2494049999999999,1.24956,1699.9199683442712
2024-04-26 03:45:00+00:00,1.249565,1.250135,1.24945,1.24997,2246.9399707093835
2024-04-26 04:00:00+00:00,1.24999,1.250035,1.249765,1.2500200000000001,1392.8699749037623
2024-04-26 04:15:00+00:00,1.250015,1.2500499999999999,1.24983,1.2499850000000001,485.7599903270602
2024-04-26 04:30:00+00:00,1.249965,1.250115,1.249935,1.250115,582.6899904310703
2024-04-26 04:45:00+00:00,1.250105,1.25019,1.2499850000000001,1.25008,572.7299890369177
2024-04-26 05:00:00+00:00,1.250085,1.25026,1.2499500000000001,1.2502550000000001,543.5699884817004
2024-04-26 05:15:00+00:00,1.250235,1.25061,1.25018,1.25052,670.109986461699
2024-04-26 05:30:00+00:00,1.2505000000000002,1.250695,1.250455,1.25055,1524.8099708482623
2024-04-26 05:45:00+00:00,1.25057,1.250925,1.250445,1.250545,995.4599783197045
2024-04-26 06:00:00+00:00,1.25053,1.2511999999999999,1.250445,1.2511999999999999,2119.4399619847536
2024-04-26 06:15:00+00:00,1.251185,1.251285,1.250645,1.2508650000000001,1687.409964747727
2024-04-26 06:30:00+00:00,1.250885,1.2514150000000002,1.25083,1.2514150000000002,1350.9599699378014
2024-04-26 06:45:00+00:00,1.251405,1.251585,1.250815,1.251115,2461.379959024489
2024-04-26 07:00:00+00:00,1.251125,1.251405,1.250095,1.25034,3298.199950352311
2024-04-26 07:15:00+00:00,1.250315,1.250375,1.2497,1.25024,2014.5599587485194
2024-04-26 07:30:00+00:00,1.250245,1.250835,1.250045,1.250685,1498.0499669983983
2024-04-26 07:45:00+00:00,1.250695,1.2511999999999999,1.2502900000000001,1.25053,1840.0199624150991
2024-04-26 08:00:00+00:00,1.2505199999999999,1.252265,1.250305,1.252125,6866.249877430499
2024-04-26 08:15:00+00:00,1.2521200000000001,1.252475,1.251585,1.2524000000000002,3088.259946167469
2024-04-26 08:30:00+00:00,1.252395,1.254115,1.25221,1.2539500000000001,2487.8099455684423
2024-04-26 08:45:00+00:00,1.2539449999999999,1.2539449999999999,1.25245,1.25272,2999.5799553394318
2024-04-26 09:00:00+00:00,1.2527249999999999,1.2527249999999999,1.251895,1.25205,2844.0899518057704
2024-04-26 09:15:00+00:00,1.252055,1.252095,1.251045,1.2513,2414.87995749712
2024-04-26 09:30:00+00:00,1.251305,1.251385,1.2508750000000002,1.25122,2143.199965581298
2024-04-26 09:45:00+00:00,1.25123,1.251735,1.2511999999999999,1.251695,1612.6299725994468
2024-04-26 10:00:00+00:00,1.25171,1.25198,1.251535,1.25169,1553.3699714913964
2024-04-26 10:15:00+00:00,1.2517,1.252135,1.25122,1.251255,1663.0899725928903
2024-04-26 10:30:00+00:00,1.251245,1.251245,1.250745,1.250955,1357.6799736097455
2024-04-26 10:45:00+00:00,1.25095,1.251495,1.250775,1.2511700000000001,1104.239976465702
2024-04-26 11:00:00+00:00,1.251155,1.25187,1.251135,1.25177,1468.6499727368355
2024-04-26 11:15:00+00:00,1.251765,1.25191,1.251365,1.25143,2909.0099526122212
2024-04-26 11:30:00+00:00,1.2514349999999999,1.251825,1.2511649999999999,1.251585,1395.0399718880653
2024-04-26 11:45:00+00:00,1.2515800000000001,1.251745,1.25102,1.251085,2396.699968993664
2024-04-26 12:00:00+00:00,1.251115,1.251455,1.250855,1.251045,1433.009968623519
2024-04-26 12:15:00+00:00,1.251065,1.2513,1.2506249999999999,1.251,1768.059961669147
2024-04-26 12:30:00+00:00,1.250995,1.2540900000000001,1.250975,1.251725,13139.929791986942
2024-04-26 12:45:00+00:00,1.251755,1.251865,1.249685,1.25082,5165.759894810617
2024-04-26 13:00:00+00:00,1.250825,1.2518,1.25047,1.250555,4833.119905158877
2024-04-26 13:15:00+00:00,1.25055,1.25091,1.2500149999999999,1.2503549999999999,3718.829937815666
2024-04-26 13:30:00+00:00,1.250365,1.25115,1.25017,1.250455,4540.689909137785
2024-04-26 13:45:00+00:00,1.250445,1.25101,1.250155,1.250375,3644.109938852489
2024-04-26 14:00:00+00:00,1.25039,1.2508599999999999,1.24951,1.24957,5443.849914237857
2024-04-26 14:15:00+00:00,1.249585,1.24965,1.248645,1.2488350000000001,3774.3899276033044
2024-04-26 14:30:00+00:00,1.248845,1.248855,1.2475049999999999,1.2475299999999998,3633.8399315699935
2024-04-26 14:45:00+00:00,1.2475450000000001,1.2479550000000001,1.245845,1.24621,4828.319919794798
2024-04-26 15:00:00+00:00,1.246205,1.246745,1.24492,1.2450649999999999,4269.5699326097965
2024-04-26 15:15:00+00:00,1.245085,1.2456749999999999,1.244945,1.245555,2283.1499544531107
2024-04-26 15:30:00+00:00,1.245575,1.2469999999999999,1.2455349999999998,1.246995,2374.829959616065
2024-04-26 15:45:00+00:00,1.24702,1.2472750000000001,1.246655,1.24718,1845.1799627169967
2024-04-26 16:00:00+00:00,1.247185,1.247935,1.247045,1.247895,2217.6599661037326
2024-04-26 16:15:00+00:00,1.2478850000000001,1.248275,1.2477749999999999,1.248095,1536.6299734711647
2024-04-26 16:30:00+00:00,1.24809,1.2488000000000001,1.247965,1.24875,1047.239979289472
2024-04-26 16:45:00+00:00,1.248745,1.2489,1.24847,1.24875,1726.2899716868997
2024-04-26 17:00:00+00:00,1.248745,1.249145,1.248745,1.24902,666.959986910224
2024-04-26 17:15:00+00:00,1.2490350000000001,1.24905,1.2485499999999998,1.248625,581.3999866843224
2024-04-26 17:30:00+00:00,1.248615,1.24927,1.248605,1.24924,1017.4299801588058
2024-04-26 17:45:00+00:00,1.24925,1.249345,1.24904,1.249165,659.3399889171124
2024-04-26 18:00:00+00:00,1.24917,1.24978,1.2491249999999998,1.2497150000000001,939.7799848914146
2024-04-26 18:15:00+00:00,1.249695,1.2498,1.2495500000000002,1.24962,592.4699892774224
2024-04-26 18:30:00+00:00,1.249625,1.249895,1.249365,1.24973,619.1999876946211
2024-04-26 18:45:00+00:00,1.249735,1.25035,1.249685,1.25022,748.8299828693271
2024-04-26 19:00:00+00:00,1.250235,1.2504,1.25008,1.25008,1503.3899774104357
2024-04-26 19:15:00+00:00,1.250075,1.25008,1.249235,1.24946,772.1399865075946
2024-04-26 19:30:00+00:00,1.249455,1.249475,1.249075,1.24912,679.7699851021171
2024-04-26 19:45:00+00:00,1.249125,1.2498550000000002,1.24912,1.2497699999999998,1583.699974797666
2024-04-26 20:00:00+00:00,1.249755,1.2500499999999999,1.24939,1.249515,647.9999861270189
2024-04-26 20:15:00+00:00,1.249525,1.249575,1.249315,1.249485,339.8399920463562
2024-04-26 20:30:00+00:00,1.249475,1.2495349999999998,1.249225,1.249275,1221.9599761143327
2024-04-26 20:45:00+00:00,1.24926,1.24979,1.2491949999999998,1.24921,1071.4099776148796
2024-04-29 00:00:00+00:00,1.250955,1.2513,1.250955,1.25114,1172.6099762022495
2024-04-29 00:15:00+00:00,1.25115,1.251185,1.25076,1.25081,718.6499847173691
2024-04-29 00:30:00+00:00,1.25082,1.251495,1.250795,1.251385,859.9199794530869
2024-04-29 00:45:00+00:00,1.251375,1.2516850000000002,1.251355,1.251535,983.4899796396494
2024-04-29 01:00:00+00:00,1.251515,1.25159,1.251255,1.25128,983.9999801144004
2024-04-29 01:15:00+00:00,1.25129,1.251805,1.2512699999999999,1.25176,1005.5399806499481
2024-04-29 01:30:00+00:00,1.2517550000000002,1.252275,1.25163,1.252125,4873.009913496673
2024-04-29 01:45:00+00:00,1.25214,1.25236,1.25169,1.25225,2139.2699526920915
2024-04-29 02:00:00+00:00,1.25226,1.25248,1.25205,1.25237,946.229980841279
2024-04-29 02:15:00+00:00,1.252375,1.25251,1.252195,1.252495,1381.649972639978
2024-04-29 02:30:00+00:00,1.25252,1.25272,1.2524899999999999,1.252715,834.9299814403057
2024-04-29 02:45:00+00:00,1.252735,1.2528549999999998,1.25266,1.25266,1047.169982880354
2024-04-29 03:00:00+00:00,1.2526549999999999,1.2527599999999999,1.2524899999999999,1.2525,1003.8899786397815
2024-04-29 03:15:00+00:00,1.252515,1.25262,1.252355,1.2524,473.84999001026154
2024-04-29 03:30:00+00:00,1.252395,1.2526,1.252265,1.252345,313.19999396800995
2024-04-29 03:45:00+00:00,1.2523499999999999,1.252395,1.252135,1.252255,1114.559981301427
2024-04-29 04:00:00+00:00,1.25225,1.25338,1.252075,1.25338,4129.209920823574
2024-04-29 04:15:00+00:00,1.253395,1.2540399999999998,1.25324,1.2538550000000002,6048.809905529022
2024-04-29 04:30:00+00:00,1.253855,1.25431,1.2537099999999999,1.254245,3723.969918191433
2024-04-29 04:45:00+00:00,1.2542149999999999,1.254845,1.2542149999999999,1.2542499999999999,3494.4599418640137
2024-04-29 05:00:00+00:00,1.254245,1.25477,1.254085,1.25439,4118.249930471182
2024-04-29 05:15:00+00:00,1.254385,1.254475,1.25414,1.254455,2381.129950404167
2024-04-29 05:30:00+00:00,1.25445,1.254765,1.2539799999999999,1.2540399999999998,2527.7999487295747
2024-04-29 05:45:00+00:00,1.254035,1.2540499999999999,1.25351,1.253625,3450.729957073927
2024-04-29 06:00:00+00:00,1.25362,1.25397,1.2534,1.253765,2843.759942114353
2024-04-29 06:15:00+00:00,1.2537500000000001,1.253865,1.253145,1.253255,2583.2899558246136
2024-04-29 06:30:00+00:00,1.253245,1.253325,1.2525300000000001,1.25254,2517.449951171875
2024-04-29 06:45:00+00:00,1.252545,1.252665,1.2522600000000002,1.252285,1988.0099657848477
2024-04-29 07:00:00+00:00,1.2522950000000002,1.253145,1.25144,1.2528700000000002,5649.509903974831
2024-04-29 07:15:00+00:00,1.252875,1.25293,1.2521499999999999,1.2524250000000001,6128.339900717139
2024-04-29 07:30:00+00:00,1.2524099999999998,1.253355,1.252395,1.252825,4625.519913926721
2024-04-29 07:45:00+00:00,1.252815,1.25305,1.2524199999999999,1.253025,2920.859948001802
2024-04-29 08:00:00+00:00,1.25302,1.25385,1.252875,1.253555,3411.989937245846
2024-04-29 08:15:00+00:00,1.25356,1.2539799999999999,1.252685,1.2536999999999998,3529.629944473505
2024-04-29 08:30:00+00:00,1.253685,1.25403,1.251585,1.25194,4875.719917729497
2024-04-29 08:45:00+00:00,1.25193,1.25193,1.25123,1.251845,2289.2799572870135
2024-04-29 09:00:00+00:00,1.2518500000000001,1.252165,1.2507549999999998,1.25084,2811.569953478873
2024-04-29 09:15:00+00:00,1.250835,1.251905,1.25079,1.2517800000000001,2388.0899567455053
2024-04-29 09:30:00+00:00,1.251785,1.253235,1.251645,1.2531949999999998,1811.1599682345986
2024-04-29 09:45:00+00:00,1.253185,1.253635,1.252875,1.2531349999999999,1008.2699768468738
2024-04-29 10:00:00+00:00,1.2531349999999999,1.253385,1.252905,1.25295,1787.579975798726
2024-04-29 10:15:00+00:00,1.252945,1.253245,1.2526199999999998,1.25298,1779.8799662962556
2024-04-29 10:30:00+00:00,1.252965,1.25359,1.25284,1.253555,1034.0699791163206
2024-04-29 10:45:00+00:00,1.253545,1.253555,1.25291,1.253015,1686.0299713760614
2024-04-29 11:00:00+00:00,1.25301,1.253625,1.25274,1.253555,1530.6599723994732
2024-04-29 11:15:00+00:00,1.253545,1.25408,1.253255,1.2538399999999998,1590.969975605607
2024-04-29 11:30:00+00:00,1.253845,1.2538550000000002,1.252915,1.253295,2722.89996073395
2024-04-29 11:45:00+00:00,1.253275,1.25343,1.2529949999999999,1.253185,1229.7899734452367
2024-04-29 12:00:00+00:00,1.25319,1.25437,1.2530350000000001,1.25426,1506.59996509552
2024-04-29 12:15:00+00:00,1.254255,1.254295,1.253775,1.25408,2146.449961669743
2024-04-29 12:30:00+00:00,1.25407,1.254315,1.252865,1.253115,2253.3699598014355
2024-04-29 12:45:00+00:00,1.253145,1.25383,1.252685,1.252975,2536.639948002994
2024-04-29 13:00:00+00:00,1.2530100000000002,1.253225,1.252545,1.2528549999999998,3015.02994569391
2024-04-29 13:15:00+00:00,1.25284,1.25284,1.2520250000000002,1.252245,2100.1799579188228
2024-04-29 13:30:00+00:00,1.25225,1.252685,1.251465,1.2518799999999999,4092.3399183526635
2024-04-29 13:45:00+00:00,1.251895,1.25245,1.25159,1.252065,3745.139935322106
2024-04-29 14:00:00+00:00,1.2520850000000001,1.253845,1.2520850000000001,1.253365,2948.429951749742
2024-04-29 14:15:00+00:00,1.25336,1.253795,1.252875,1.253165,2839.7399555295706
2024-04-29 14:30:00+00:00,1.25319,1.25366,1.252735,1.25366,2162.069962747395
2024-04-29 14:45:00+00:00,1.253655,1.2549350000000001,1.2535599999999998,1.254815,2496.5999547615647
2024-04-29 15:00:00+00:00,1.254805,1.255375,1.2543250000000001,1.255355,2596.439953111112
2024-04-29 15:15:00+00:00,1.25535,1.2555049999999999,1.254925,1.25504,2493.359958022833
2024-04-29 15:30:00+00:00,1.2550750000000002,1.2552599999999998,1.254635,1.25509,1637.1599719673395
2024-04-29 15:45:00+00:00,1.25509,1.255285,1.2550050000000001,1.25511,574.4099870324135
2024-04-29 16:00:00+00:00,1.255115,1.256305,1.255085,1.2562950000000002,1584.439975835383
2024-04-29 16:15:00+00:00,1.25629,1.256845,1.256265,1.2566700000000002,1687.6199773475528
2024-04-29 16:30:00+00:00,1.2566799999999998,1.25697,1.25602,1.256485,3295.559947438538
2024-04-29 16:45:00+00:00,1.256475,1.2568700000000002,1.256265,1.256335,3710.3999385535717
2024-04-29 17:00:00+00:00,1.256315,1.2567650000000001,1.255935,1.2567400000000002,2087.2499610111117
2024-04-29 17:15:00+00:00,1.2567300000000001,1.256945,1.256435,1.2567300000000001,1869.7599675282836
2024-04-29 17:30:00+00:00,1.256745,1.256815,1.2564250000000001,1.25644,1159.1999817043543
2024-04-29 17:45:00+00:00,1.2564350000000002,1.256615,1.256125,1.25625,1178.9699798896909
2024-04-29 18:00:00+00:00,1.2562449999999998,1.2562449999999998,1.255835,1.25607,2088.7199687957764
2024-04-29 18:15:00+00:00,1.256075,1.25618,1.255905,1.255945,1313.9999758899212
2024-04-29 18:30:00+00:00,1.25596,1.256075,1.2556349999999998,1.256035,1604.1899721249938
2024-04-29 18:45:00+00:00,1.25604,1.256485,1.25598,1.25635,619.6499894931912
2024-04-29 19:00:00+00:00,1.256325,1.256335,1.25521,1.255865,3058.0499553754926
2024-04-29 19:15:00+00:00,1.255875,1.25624,1.255605,1.256055,905.0099823251367
2024-04-29 19:30:00+00:00,1.25606,1.25608,1.2556150000000001,1.255985,1010.7299824357033
2024-04-29 19:45:00+00:00,1.255975,1.25627,1.25596,1.256145,664.3199865147471
2024-04-29 20:00:00+00:00,1.25616,1.25645,1.2561149999999999,1.256365,392.7899926826358
2024-04-29 20:15:00+00:00,1.25637,1.25638,1.256255,1.256365,155.69999599456787
2024-04-29 20:30:00+00:00,1.25637,1.25637,1.25617,1.2562449999999998,212.0699960142374
2024-04-29 20:45:00+00:00,1.25624,1.25631,1.256065,1.25631,530.099992506206
2024-04-29 21:00:00+00:00,1.25625,1.2563149999999998,1.25603,1.256075,427.36999802291393
2024-04-29 21:15:00+00:00,1.2560799999999999,1.256135,1.2559550000000002,1.2560850000000001,540.6900000572205
2024-04-29 21:30:00+00:00,1.256095,1.256275,1.256035,1.25621,923.4999887645245
2024-04-29 21:45:00+00:00,1.25622,1.2563,1.25613,1.25613,543.539988450706
2024-04-29 22:00:00+00:00,1.256155,1.2564250000000001,1.256125,1.2563499999999999,546.7499887943268
2024-04-29 22:15:00+00:00,1.256335,1.256335,1.2561200000000001,1.2561200000000001,165.59999668598175
2024-04-29 22:30:00+00:00,1.256125,1.25622,1.25604,1.256065,243.38999485969543
2024-04-29 22:45:00+00:00,1.25611,1.256135,1.25603,1.25605,362.69999372959137
2024-04-29 23:00:00+00:00,1.256045,1.2562449999999998,1.256015,1.256115,906.3299904465675
2024-04-29 23:15:00+00:00,1.25611,1.256245,1.25611,1.25624,440.09999430179596
2024-04-29 23:30:00+00:00,1.256235,1.256345,1.2560449999999999,1.256055,410.09999226778746
2024-04-29 23:45:00+00:00,1.25605,1.25623,1.255885,1.25595,1473.4199754819274
2024-04-30 00:00:00+00:00,1.255945,1.255945,1.25535,1.255425,2292.999964080751
2024-04-30 00:15:00+00:00,1.255435,1.2561200000000001,1.25543,1.2560449999999999,1552.6199719756842
2024-04-30 00:30:00+00:00,1.25604,1.2561,1.255715,1.2557450000000001,1549.2599763721228
2024-04-30 00:45:00+00:00,1.2557399999999999,1.255785,1.2553100000000001,1.2555,2344.089969538152
2024-04-30 01:00:00+00:00,1.2555049999999999,1.255615,1.255215,1.2554349999999999,1742.909973360598
2024-04-30 01:15:00+00:00,1.2554400000000001,1.25576,1.2553100000000001,1.255735,1180.0799819529057
2024-04-30 01:30:00+00:00,1.2557399999999999,1.255835,1.25523,1.2553649999999998,1605.0599679201841
2024-04-30 01:45:00+00:00,1.25537,1.255485,1.254875,1.25494,1216.3499738425016
2024-04-30 02:00:00+00:00,1.254945,1.254955,1.254655,1.254685,464.6699891090393
2024-04-30 02:15:00+00:00,1.254695,1.2548650000000001,1.254535,1.254565,762.3299864530563
2024-04-30 02:30:00+00:00,1.2545600000000001,1.25487,1.2545250000000001,1.254625,837.3899838328362
2024-04-30 02:45:00+00:00,1.25465,1.25501,1.2545600000000001,1.2548650000000001,437.57999044656754
2024-04-30 03:00:00+00:00,1.254855,1.254935,1.254265,1.254285,610.4699859023094
2024-04-30 03:15:00+00:00,1.254295,1.254455,1.254235,1.2542550000000001,975.9599796384573
2024-04-30 03:30:00+00:00,1.254265,1.25455,1.254255,1.25438,1254.1499779820442
2024-04-30 03:45:00+00:00,1.254375,1.2545950000000001,1.254225,1.254585,1272.3599797189236
2024-04-30 04:00:00+00:00,1.2545899999999999,1.25467,1.2543199999999999,1.254335,1113.299985229969
2024-04-30 04:15:00+00:00,1.25433,1.25444,1.2543000000000002,1.25435,480.29999359697104
2024-04-30 04:30:00+00:00,1.254345,1.25454,1.254235,1.25447,722.5199912786484
2024-04-30 04:45:00+00:00,1.25448,1.254565,1.254415,1.25455,636.3899910598993
2024-04-30 05:00:00+00:00,1.2545549999999999,1.2546300000000001,1.254265,1.25431,1948.0199772417545
2024-04-30 05:15:00+00:00,1.254315,1.254315,1.25388,1.25389,1757.1899800747633
2024-04-30 05:30:00+00:00,1.25387,1.253925,1.253125,1.253245,1032.9899809658527
2024-04-30 05:45:00+00:00,1.253255,1.253565,1.2531400000000001,1.253485,2101.55996222049
2024-04-30 06:00:00+00:00,1.2535,1.253815,1.2527650000000001,1.25316,2806.109947837889
2024-04-30 06:15:00+00:00,1.25315,1.25326,1.25257,1.25293,1879.739964067936
2024-04-30 06:30:00+00:00,1.2529400000000002,1.25297,1.252435,1.25279,1316.84997074306
2024-04-30 06:45:00+00:00,1.252805,1.253425,1.252755,1.25326,2579.3099487796426
2024-04-30 07:00:00+00:00,1.253295,1.25386,1.252915,1.25323,2268.809954725206
2024-04-30 07:15:00+00:00,1.2532649999999999,1.25365,1.25292,1.253505,2334.669960126281
2024-04-30 07:30:00+00:00,1.253515,1.2539799999999999,1.253475,1.2537449999999999,2280.689962901175
2024-04-30 07:45:00+00:00,1.253735,1.25419,1.253495,1.25417,1027.4699826091528
2024-04-30 08:00:00+00:00,1.2541799999999999,1.2541799999999999,1.2530999999999999,1.253115,1686.2099686786532
2024-04-30 08:15:00+00:00,1.253105,1.253685,1.252715,1.253565,1391.9399746134877
2024-04-30 08:30:00+00:00,1.25357,1.2537600000000002,1.253535,1.25365,1164.68998221308
2024-04-30 08:45:00+00:00,1.2536550000000002,1.254065,1.2534399999999999,1.253955,2442.389964647591
2024-04-30 09:00:00+00:00,1.253975,1.255245,1.2539449999999999,1.2544650000000002,3651.3899487555027
2024-04-30 09:15:00+00:00,1.25446,1.25469,1.2539500000000001,1.254655,2337.79996842891
2024-04-30 09:30:00+00:00,1.254665,1.255465,1.25461,1.255155,2214.6599674597383
2024-04-30 09:45:00+00:00,1.25516,1.255445,1.254425,1.254425,2802.7199532464147
2024-04-30 10:00:00+00:00,1.2544149999999998,1.25488,1.254165,1.254875,1684.1399733945727
2024-04-30 10:15:00+00:00,1.25487,1.25521,1.25434,1.25514,1849.9099684134126
2024-04-30 10:30:00+00:00,1.2551350000000001,1.255175,1.2542849999999999,1.254445,1897.7099706977606
2024-04-30 10:45:00+00:00,1.254435,1.2546650000000001,1.25412,1.254225,869.1899840310216
2024-04-30 11:00:00+00:00,1.25421,1.25424,1.253625,1.2542300000000002,2700.2699655890465
2024-04-30 11:15:00+00:00,1.254235,1.2549000000000001,1.253905,1.254565,1918.3499690368772
2024-04-30 11:30:00+00:00,1.2545600000000001,1.254585,1.2540200000000001,1.254365,1266.8099736496806
2024-04-30 11:45:00+00:00,1.2543549999999999,1.25467,1.253955,1.2540550000000001,1301.1299721896648
2024-04-30 12:00:00+00:00,1.254065,1.2543250000000001,1.2535949999999998,1.254285,2396.849954403937
2024-04-30 12:15:00+00:00,1.254265,1.254615,1.2540499999999999,1.25414,2215.0899652838707
2024-04-30 12:30:00+00:00,1.2541600000000002,1.2541600000000002,1.25025,1.2518699999999998,12126.989821821451
2024-04-30 12:45:00+00:00,1.251895,1.2525400000000002,1.250775,1.25187,5942.309896863997
2024-04-30 13:00:00+00:00,1.251875,1.253505,1.251055,1.25346,6763.939892441034
2024-04-30 13:15:00+00:00,1.25343,1.2537850000000001,1.2516500000000002,1.25227,4701.929924726486
2024-04-30 13:30:00+00:00,1.25225,1.253545,1.25191,1.25306,4971.879913672805
2024-04-30 13:45:00+00:00,1.2530700000000001,1.253495,1.2515749999999999,1.2520449999999999,4846.479924373329
2024-04-30 14:00:00+00:00,1.25204,1.253375,1.25175,1.2523900000000001,6322.669895648956
2024-04-30 14:15:00+00:00,1.25238,1.254035,1.252355,1.253085,5410.6799116283655
2024-04-30 14:30:00+00:00,1.25308,1.25331,1.251585,1.25195,5074.569910913706
2024-04-30 14:45:00+00:00,1.2519399999999998,1.253475,1.2515749999999999,1.25197,6667.319884710014
2024-04-30 15:00:00+00:00,1.2519749999999998,1.252935,1.251695,1.25205,5065.179915517569
2024-04-30 15:15:00+00:00,1.252045,1.25268,1.251855,1.252485,3707.8299269750714
2024-04-30 15:30:00+00:00,1.252475,1.2524899999999999,1.251285,1.25145,3409.0799352526665
2024-04-30 15:45:00+00:00,1.251445,1.2521550000000001,1.251145,1.25115,1897.85996029526
2024-04-30 16:00:00+00:00,1.251145,1.2515100000000001,1.2506,1.25105,2318.7399561181664
2024-04-30 16:15:00+00:00,1.25104,1.25104,1.25045,1.2505950000000001,1452.959969960153
2024-04-30 16:30:00+00:00,1.250575,1.2507350000000002,1.25014,1.250225,1768.0799665674567
2024-04-30 16:45:00+00:00,1.25024,1.251305,1.25024,1.250725,1559.9399642050266
2024-04-30 17:00:00+00:00,1.2507199999999998,1.25095,1.250375,1.25067,1778.919966377318
2024-04-30 17:15:00+00:00,1.2507,1.25083,1.2497850000000001,1.25014,1529.3899772316217
2024-04-30 17:30:00+00:00,1.250145,1.250385,1.2499799999999999,1.250085,1476.3899766504765
2024-04-30 17:45:00+00:00,1.2501099999999998,1.250985,1.2499500000000001,1.25098,970.4399815276265
2024-04-30 18:00:00+00:00,1.250995,1.251205,1.25067,1.25071,787.749983817339
2024-04-30 18:15:00+00:00,1.250695,1.250955,1.2505549999999999,1.250625,718.5899863019586
2024-04-30 18:30:00+00:00,1.2505950000000001,1.2508949999999999,1.250475,1.250575,549.3599871397018
2024-04-30 18:45:00+00:00,1.2505799999999998,1.250635,1.24987,1.250365,1388.5199721828103
2024-04-30 19:00:00+00:00,1.25035,1.250745,1.25001,1.25004,1355.6099777966738
2024-04-30 19:15:00+00:00,1.2500300000000002,1.250155,1.249365,1.249665,1366.5299716815352
2024-04-30 19:30:00+00:00,1.24967,1.25018,1.2496200000000002,1.249955,1519.9199662208557
2024-04-30 19:45:00+00:00,1.2499500000000001,1.250385,1.249445,1.2495850000000002,1865.8799632042646
2024-04-30 20:00:00+00:00,1.24958,1.2498,1.2493699999999999,1.249575,1884.4199633076787
2024-04-30 20:15:00+00:00,1.24956,1.24956,1.249225,1.249225,491.75999039411545
2024-04-30 20:30:00+00:00,1.24923,1.2493400000000001,1.249025,1.249025,469.4699905961752
2024-04-30 20:45:00+00:00,1.2490299999999999,1.24926,1.2490299999999999,1.249115,1112.3999785408378
2024-04-30 21:00:00+00:00,1.249095,1.249665,1.249075,1.249585,589.6199908256531
2024-04-30 21:15:00+00:00,1.24961,1.2496399999999999,1.2491349999999999,1.249275,1643.5399805307388
2024-04-30 21:30:00+00:00,1.2492649999999998,1.2494399999999999,1.249185,1.2493400000000001,1729.049990594387
2024-04-30 21:45:00+00:00,1.2493500000000002,1.249535,1.2493150000000002,1.2494299999999998,2431.2099782526493
2024-04-30 22:00:00+00:00,1.24946,1.24946,1.248935,1.249055,1035.1599855720997
2024-04-30 22:15:00+00:00,1.2490350000000001,1.24917,1.24901,1.2490450000000002,477.44999039173126
2024-04-30 22:30:00+00:00,1.24905,1.24924,1.24905,1.249215,312.02999329566956
2024-04-30 22:45:00+00:00,1.24921,1.249235,1.2489,1.24916,603.4799871444702
2024-04-30 23:00:00+00:00,1.249155,1.249155,1.248895,1.248965,529.4999934285879
2024-04-30 23:15:00+00:00,1.24897,1.2490700000000001,1.2489249999999998,1.2489249999999998,615.2399903163314
2024-04-30 23:30:00+00:00,1.24893,1.24905,1.248805,1.24905,521.1599900126457
2024-04-30 23:45:00+00:00,1.2490450000000002,1.249095,1.2488350000000001,1.248885,710.4599858522415
2024-05-01 00:00:00+00:00,1.2489249999999998,1.24913,1.2487400000000002,1.248775,1233.479978106916
2024-05-01 00:15:00+00:00,1.24878,1.248845,1.248135,1.248365,1047.9599788188934
2024-05-01 00:30:00+00:00,1.2483650000000002,1.248745,1.248335,1.248595,945.9599829316139
2024-05-01 00:45:00+00:00,1.248605,1.248695,1.24843,1.248575,1153.1399789303541
2024-05-01 01:00:00+00:00,1.248565,1.248935,1.24854,1.248865,540.4199890568852
2024-05-01 01:15:00+00:00,1.248855,1.248895,1.248645,1.248675,1009.1099830791354
2024-05-01 01:30:00+00:00,1.24868,1.24872,1.2481749999999998,1.248265,2891.8299778923392
2024-05-01 01:45:00+00:00,1.248275,1.2485849999999998,1.248265,1.248405,849.3899874910712
2024-05-01 02:00:00+00:00,1.248395,1.248395,1.2478349999999998,1.24794,812.1299896091223
2024-05-01 02:15:00+00:00,1.247945,1.248345,1.247945,1.2482950000000002,767.5499900206923
2024-05-01 02:30:00+00:00,1.248285,1.248375,1.248145,1.248235,275.12999308109283
2024-05-01 02:45:00+00:00,1.248255,1.248275,1.248155,1.2482449999999998,238.8899953365326
2024-05-01 03:00:00+00:00,1.24824,1.24825,1.24775,1.24775,581.0099913477898
2024-05-01 03:15:00+00:00,1.247755,1.247785,1.2476150000000001,1.24769,1424.339981622994
2024-05-01 03:30:00+00:00,1.2476850000000002,1.247735,1.2475200000000002,1.24753,769.7099939882755
2024-05-01 03:45:00+00:00,1.247535,1.2475450000000001,1.24722,1.24735,774.29998999089
2024-05-01 04:00:00+00:00,1.2473450000000001,1.24743,1.24725,1.247255,410.2199941948056
2024-05-01 04:15:00+00:00,1.247315,1.24764,1.24726,1.247635,617.4899870157242
2024-05-01 04:30:00+00:00,1.2476500000000001,1.24789,1.2476,1.247735,332.57999417185783
2024-05-01 04:45:00+00:00,1.24774,1.247845,1.247645,1.247755,556.7399914190173
2024-05-01 05:00:00+00:00,1.247745,1.247745,1.2475900000000002,1.24764,272.60999412834644
2024-05-01 05:15:00+00:00,1.2476500000000001,1.247785,1.247445,1.24749,383.87999127060175
2024-05-01 05:30:00+00:00,1.2475450000000001,1.24807,1.2475450000000001,1.247855,392.0699915513396
2024-05-01 05:45:00+00:00,1.2478449999999999,1.24795,1.24765,1.24766,375.3299915790558
2024-05-01 06:00:00+00:00,1.24765,1.24765,1.247055,1.247245,1312.2599785402417
2024-05-01 06:15:00+00:00,1.247255,1.2477,1.2472050000000001,1.247595,758.2799851819873
2024-05-01 06:30:00+00:00,1.24759,1.247885,1.247245,1.247415,974.7599800825119
2024-05-01 06:45:00+00:00,1.247425,1.2474750000000001,1.246635,1.2468,1382.999972552061
2024-05-01 07:00:00+00:00,1.24679,1.248055,1.246775,1.248055,1710.3799684941769
2024-05-01 07:15:00+00:00,1.248045,1.248545,1.248005,1.248355,1798.8599705919623
2024-05-01 07:30:00+00:00,1.24835,1.24864,1.248145,1.248455,775.4099833294749
2024-05-01 07:45:00+00:00,1.248465,1.24857,1.24806,1.248475,1116.8699789568782
2024-05-01 08:00:00+00:00,1.2484899999999999,1.248815,1.2484899999999999,1.248545,1557.599975503981
2024-05-01 08:15:00+00:00,1.248545,1.249095,1.248345,1.24899,1138.919980674982
2024-05-01 08:30:00+00:00,1.248995,1.249695,1.24878,1.2489249999999998,2009.189968176186
2024-05-01 08:45:00+00:00,1.2489400000000002,1.249825,1.248895,1.249795,1190.4899733066559
2024-05-01 09:00:00+00:00,1.24979,1.24981,1.249165,1.249235,908.5199783071876
2024-05-01 09:15:00+00:00,1.24923,1.24932,1.248955,1.248985,1374.3299793303013
2024-05-01 09:30:00+00:00,1.24899,1.2493500000000002,1.2489050000000002,1.24924,1346.2499732524157
2024-05-01 09:45:00+00:00,1.2492299999999998,1.2493349999999999,1.2488000000000001,1.24906,1537.7999709919095
2024-05-01 10:00:00+00:00,1.249065,1.249075,1.248335,1.24851,1641.4899664521217
2024-05-01 10:15:00+00:00,1.248505,1.2488700000000001,1.2484600000000001,1.24853,1136.0099758580327
2024-05-01 10:30:00+00:00,1.24852,1.248875,1.248475,1.248575,1263.3599736467004
2024-05-01 10:45:00+00:00,1.248565,1.248645,1.2481900000000001,1.248545,903.8699803873897
2024-05-01 11:00:00+00:00,1.24854,1.24854,1.2478799999999999,1.248335,878.4899856522679
2024-05-01 11:15:00+00:00,1.248325,1.248345,1.247675,1.2478699999999998,900.5999836623669
2024-05-01 11:30:00+00:00,1.247865,1.24833,1.24764,1.24817,834.1499834284186
2024-05-01 11:45:00+00:00,1.2481499999999999,1.24864,1.24807,1.248485,1024.7199771478772
2024-05-01 12:00:00+00:00,1.248475,1.2488199999999998,1.24841,1.24856,1532.8799694254994
2024-05-01 12:15:00+00:00,1.248565,1.248965,1.2481550000000001,1.248605,3350.309937223792
2024-05-01 12:30:00+00:00,1.248595,1.249365,1.2485249999999999,1.2490649999999999,2677.6299481093884
2024-05-01 12:45:00+00:00,1.249045,1.249275,1.2487499999999998,1.248775,2704.2899497002363
2024-05-01 13:00:00+00:00,1.2487599999999999,1.249475,1.248355,1.248985,2248.779960513115
2024-05-01 13:15:00+00:00,1.249,1.249025,1.24773,1.248455,2158.0799582377076
2024-05-01 13:30:00+00:00,1.2484600000000001,1.248825,1.24789,1.248355,2338.589957743883
2024-05-01 13:45:00+00:00,1.248345,1.248965,1.247825,1.248545,4423.169944822788
2024-05-01 14:00:00+00:00,1.24855,1.2500149999999999,1.2477800000000001,1.248665,9320.3098757267
2024-05-01 14:15:00+00:00,1.2486549999999998,1.249155,1.24817,1.2490649999999999,3555.51993496716
2024-05-01 14:30:00+00:00,1.2490999999999999,1.24942,1.2483849999999999,1.2494,2863.2599451616406
2024-05-01 14:45:00+00:00,1.249415,1.249625,1.248655,1.249245,3155.459950707853
2024-05-01 15:00:00+00:00,1.24924,1.2493400000000001,1.248685,1.2488299999999999,2948.3999532982707
2024-05-01 15:15:00+00:00,1.248835,1.24904,1.248505,1.248825,2135.339960716665
2024-05-01 15:30:00+00:00,1.248835,1.249285,1.2485849999999998,1.248735,1927.9199633672833
2024-05-01 15:45:00+00:00,1.248725,1.2490350000000001,1.248475,1.248745,1300.619974538684
2024-05-01 16:00:00+00:00,1.248735,1.248855,1.2480449999999998,1.2481550000000001,1467.279975950718
2024-05-01 16:15:00+00:00,1.24816,1.248455,1.247835,1.2483849999999999,1482.0899748578668
2024-05-01 16:30:00+00:00,1.24838,1.24844,1.247945,1.248255,1497.4799692630768
2024-05-01 16:45:00+00:00,1.24826,1.24848,1.24794,1.24808,1277.5499775707722
2024-05-01 17:00:00+00:00,1.248085,1.248385,1.247885,1.24807,1224.5099802985787
2024-05-01 17:15:00+00:00,1.2480799999999999,1.2487,1.247985,1.2484899999999999,1600.019971691072
2024-05-01 17:30:00+00:00,1.248495,1.24909,1.248495,1.24905,1157.009979173541
2024-05-01 17:45:00+00:00,1.24906,1.24929,1.24856,1.2489050000000002,3585.729953162372
2024-05-01 18:00:00+00:00,1.248895,1.2512699999999999,1.248455,1.24952,15228.209759116173
2024-05-01 18:15:00+00:00,1.2495349999999998,1.2512500000000002,1.2491349999999999,1.25125,5803.2098936885595
2024-05-01 18:30:00+00:00,1.25126,1.25407,1.24893,1.2539850000000001,19397.569690287113
2024-05-01 18:45:00+00:00,1.2539799999999999,1.255025,1.2534200000000002,1.2546650000000001,10199.21982935816
2024-05-01 19:00:00+00:00,1.254695,1.254945,1.2526899999999999,1.25315,8999.639843352139
2024-05-01 19:15:00+00:00,1.2531400000000001,1.2532450000000002,1.25031,1.25163,8223.44984832406
2024-05-01 19:30:00+00:00,1.25162,1.25187,1.2500749999999998,1.2505549999999999,8038.369869656861
2024-05-01 19:45:00+00:00,1.250545,1.251245,1.249325,1.2493349999999999,6355.6599089205265
2024-05-01 20:00:00+00:00,1.249325,1.25044,1.248955,1.25021,4161.019956499338
2024-05-01 20:15:00+00:00,1.250205,1.2527599999999999,1.2500149999999999,1.2527400000000002,4993.759937867522
2024-05-01 20:30:00+00:00,1.252755,1.2535349999999998,1.25258,1.25302,2735.8199501037598
2024-05-01 20:45:00+00:00,1.253005,1.25378,1.25255,1.25278,3281.989934504032
2024-05-01 21:00:00+00:00,1.25264,1.25275,1.25189,1.2526899999999999,228.54999727010727
2024-05-01 21:15:00+00:00,1.2526899999999999,1.252935,1.252345,1.25251,879.0099830329418
2024-05-01 21:30:00+00:00,1.252515,1.2529050000000002,1.2518699999999998,1.25247,3314.3699753805995
2024-05-01 21:45:00+00:00,1.252465,1.2525300000000001,1.252255,1.2522950000000002,1159.9499980658293
2024-05-01 22:00:00+00:00,1.25232,1.25362,1.252305,1.253545,1862.4499818086624
2024-05-01 22:15:00+00:00,1.253525,1.2537099999999999,1.2534049999999999,1.253475,998.0999811887741
2024-05-01 22:30:00+00:00,1.25347,1.253775,1.253435,1.253505,747.5699885189533
2024-05-01 22:45:00+00:00,1.253495,1.25353,1.25333,1.253365,560.6199874058366
2024-05-01 23:00:00+00:00,1.253355,1.253475,1.253065,1.2532649999999999,576.1499880775809
2024-05-01 23:15:00+00:00,1.253255,1.253515,1.253155,1.2532649999999999,370.109991081059
2024-05-01 23:30:00+00:00,1.25326,1.253625,1.253125,1.25326,813.6599848642945
2024-05-01 23:45:00+00:00,1.25324,1.2540499999999999,1.25324,1.253635,1226.6399763301015
2024-05-02 00:00:00+00:00,1.2536399999999999,1.2536399999999999,1.2529050000000002,1.2531750000000001,1656.5099645107985
2024-05-02 00:15:00+00:00,1.25317,1.2535,1.25274,1.25277,1753.6499671638012
2024-05-02 00:30:00+00:00,1.25277,1.2530999999999999,1.25265,1.25288,1352.909975528717
2024-05-02 00:45:00+00:00,1.25292,1.2531349999999999,1.252685,1.252745,1509.2999706417322
2024-05-02 01:00:00+00:00,1.252715,1.253255,1.252505,1.252855,1375.94997382164
2024-05-02 01:15:00+00:00,1.252865,1.253115,1.25264,1.252665,898.4099800214171
2024-05-02 01:30:00+00:00,1.25265,1.25285,1.25207,1.252775,1630.1999705731869
2024-05-02 01:45:00+00:00,1.25277,1.253155,1.2525249999999999,1.253145,732.3599828183651
2024-05-02 02:00:00+00:00,1.253155,1.253905,1.253155,1.253625,992.9699749946594
2024-05-02 02:15:00+00:00,1.253595,1.253855,1.2534800000000001,1.253565,694.7999831438065
2024-05-02 02:30:00+00:00,1.253565,1.25393,1.253365,1.253845,1335.599971652031
2024-05-02 02:45:00+00:00,1.253855,1.253955,1.2535349999999998,1.25374,2477.909958332777
2024-05-02 03:00:00+00:00,1.253755,1.253755,1.253475,1.2536,2253.0899625197053
2024-05-02 03:15:00+00:00,1.253595,1.253675,1.2531349999999999,1.253265,1938.0899663493037
2024-05-02 03:30:00+00:00,1.25327,1.25329,1.2529249999999998,1.25304,1929.569963261485
2024-05-02 03:45:00+00:00,1.25305,1.253265,1.25295,1.253035,2104.4099635779858
2024-05-02 04:00:00+00:00,1.25304,1.25336,1.253035,1.2533050000000001,1988.6099636033177
2024-05-02 04:15:00+00:00,1.2532999999999999,1.253455,1.25325,1.2533150000000002,2466.0899644196033
2024-05-02 04:30:00+00:00,1.25332,1.2536,1.25325,1.253455,1218.779977440834
2024-05-02 04:45:00+00:00,1.25346,1.253695,1.253365,1.253415,3295.5899497568607
2024-05-02 05:00:00+00:00,1.2534049999999999,1.2536,1.25323,1.253355,1920.629970125854
2024-05-02 05:15:00+00:00,1.25336,1.25356,1.25333,1.25346,2265.299963861704
2024-05-02 05:30:00+00:00,1.253465,1.2535699999999999,1.2532299999999998,1.25336,2518.649961709976
2024-05-02 05:45:00+00:00,1.253365,1.253755,1.25305,1.253455,2520.8999634981155
2024-05-02 06:00:00+00:00,1.25346,1.254165,1.25316,1.25408,3289.989939108491
2024-05-02 06:15:00+00:00,1.254065,1.25436,1.253845,1.25415,2600.939943820238
2024-05-02 06:30:00+00:00,1.25416,1.2542499999999999,1.25216,1.25225,4864.619915984571
2024-05-02 06:45:00+00:00,1.252245,1.25252,1.251885,1.252265,2533.3199503570795
2024-05-02 07:00:00+00:00,1.2522600000000002,1.25297,1.252065,1.252535,4238.27991912514
2024-05-02 07:15:00+00:00,1.252485,1.253835,1.252415,1.25318,4496.9099245890975
2024-05-02 07:30:00+00:00,1.2531750000000001,1.25446,1.25291,1.253925,3363.239940531552
2024-05-02 07:45:00+00:00,1.2538900000000002,1.254065,1.252745,1.252835,3363.479939185083
2024-05-02 08:00:00+00:00,1.252855,1.253315,1.252045,1.252255,3623.3999345451593
2024-05-02 08:15:00+00:00,1.2522600000000002,1.252325,1.251175,1.25146,2980.109946422279
2024-05-02 08:30:00+00:00,1.251445,1.2521900000000001,1.25134,1.25217,2735.1899483948946
2024-05-02 08:45:00+00:00,1.25218,1.25229,1.25173,1.2520850000000001,2995.4499473795295
2024-05-02 09:00:00+00:00,1.252095,1.25275,1.2517299999999998,1.25275,2585.609955251217
2024-05-02 09:15:00+00:00,1.25274,1.2530100000000002,1.251145,1.25125,2386.7399645373225
2024-05-02 09:30:00+00:00,1.2512400000000001,1.251445,1.250855,1.2508599999999999,2405.9099610075355
2024-05-02 09:45:00+00:00,1.250855,1.251755,1.250755,1.25159,2027.489958897233
2024-05-02 10:00:00+00:00,1.251585,1.251675,1.251095,1.25132,1884.0299591943622
2024-05-02 10:15:00+00:00,1.2513200000000002,1.25164,1.250945,1.251385,1664.5499650761485
2024-05-02 10:30:00+00:00,1.251395,1.251655,1.251155,1.25138,1530.5099668949842
2024-05-02 10:45:00+00:00,1.251375,1.2516349999999998,1.2509649999999999,1.2511999999999999,1627.469966597855
2024-05-02 11:00:00+00:00,1.2512400000000001,1.2515200000000002,1.251175,1.25123,1980.509967431426
2024-05-02 11:15:00+00:00,1.251235,1.251235,1.250525,1.2511299999999999,1817.6099672093987
2024-05-02 11:30:00+00:00,1.251125,1.25134,1.250765,1.25128,3220.4799551144242
2024-05-02 11:45:00+00:00,1.2512750000000001,1.25155,1.2508750000000002,1.2514750000000001,2441.669962093234
2024-05-02 12:00:00+00:00,1.251485,1.251555,1.250585,1.251115,2417.1599531546235
2024-05-02 12:15:00+00:00,1.251135,1.25177,1.2508949999999999,1.25171,2347.6599611863494
2024-05-02 12:30:00+00:00,1.251675,1.25312,1.250795,1.25288,5841.499903023243
2024-05-02 12:45:00+00:00,1.252865,1.25327,1.251145,1.25152,3950.6499244347215
2024-05-02 13:00:00+00:00,1.25153,1.2518449999999999,1.250035,1.25078,3928.6299225464463
2024-05-02 13:15:00+00:00,1.25083,1.251175,1.2501449999999998,1.2502849999999999,4090.7299234345555
2024-05-02 13:30:00+00:00,1.250305,1.250855,1.249075,1.249505,6394.629899024963
2024-05-02 13:45:00+00:00,1.24951,1.249845,1.2486549999999998,1.2494,6293.239924199879
2024-05-02 14:00:00+00:00,1.2494049999999999,1.2494049999999999,1.24729,1.247595,7329.599891811609
2024-05-02 14:15:00+00:00,1.247605,1.2487599999999999,1.247195,1.248655,5956.10989844054
2024-05-02 14:30:00+00:00,1.24866,1.249195,1.247855,1.248095,5897.459917381406
2024-05-02 14:45:00+00:00,1.248105,1.24879,1.24787,1.24848,6553.769920699298
2024-05-02 15:00:00+00:00,1.24847,1.249215,1.24831,1.24916,6493.1299299150705
2024-05-02 15:15:00+00:00,1.24917,1.2502900000000001,1.24897,1.24959,3475.3899435698986
2024-05-02 15:30:00+00:00,1.249595,1.250615,1.24935,1.250115,4203.799921423197
2024-05-02 15:45:00+00:00,1.250125,1.2508,1.250115,1.2506499999999998,2298.569961838424
2024-05-02 16:00:00+00:00,1.25067,1.250845,1.250315,1.25035,2244.0299570560455
2024-05-02 16:15:00+00:00,1.2503549999999999,1.251515,1.2502149999999999,1.251265,2346.599956020713
2024-05-02 16:30:00+00:00,1.25129,1.251765,1.25089,1.25173,2855.789949029684
2024-05-02 16:45:00+00:00,1.25169,1.252185,1.251525,1.25163,2785.3399425148964
2024-05-02 17:00:00+00:00,1.2516349999999998,1.2520850000000001,1.25143,1.2518449999999999,2087.4899659752846
2024-05-02 17:15:00+00:00,1.2518600000000002,1.2519749999999998,1.25147,1.251875,1730.7899677753448
2024-05-02 17:30:00+00:00,1.251885,1.252415,1.25173,1.2523,2052.989963643253
2024-05-02 17:45:00+00:00,1.25231,1.252925,1.252035,1.252235,2422.169958665967
2024-05-02 18:00:00+00:00,1.25223,1.253015,1.252055,1.252815,2797.16996589303
2024-05-02 18:15:00+00:00,1.252825,1.252965,1.2524549999999999,1.2528299999999999,1851.7799616530538
2024-05-02 18:30:00+00:00,1.25282,1.253425,1.25265,1.253395,1775.339972652495
2024-05-02 18:45:00+00:00,1.253385,1.253905,1.25325,1.25385,2507.9399617165327
2024-05-02 19:00:00+00:00,1.253855,1.253855,1.253375,1.253625,1557.4499684721231
2024-05-02 19:15:00+00:00,1.25362,1.253885,1.253585,1.253825,1327.8599731847644
2024-05-02 19:30:00+00:00,1.25384,1.25386,1.253235,1.25332,1659.0599672198296
2024-05-02 19:45:00+00:00,1.25331,1.253825,1.25321,1.25366,1938.719971574843
2024-05-02 20:00:00+00:00,1.253655,1.253775,1.253525,1.2535699999999999,1126.4799872785807
2024-05-02 20:15:00+00:00,1.253575,1.2537500000000001,1.253575,1.2536200000000002,1279.0799810290337
2024-05-02 20:30:00+00:00,1.253625,1.253895,1.253425,1.2536200000000002,1584.4199743196368
2024-05-02 20:45:00+00:00,1.253615,1.253675,1.2533349999999999,1.2533349999999999,761.3699897229671
2024-05-02 21:00:00+00:00,1.25333,1.25355,1.25302,1.2534100000000001,1084.3699972331524
2024-05-02 21:15:00+00:00,1.253425,1.2536550000000002,1.2531400000000001,1.25339,977.6399946734309
2024-05-02 21:30:00+00:00,1.253325,1.25343,1.253225,1.25337,193.34999984502792
2024-05-02 21:45:00+00:00,1.25331,1.25368,1.2532450000000002,1.253335,767.7099962830544
2024-05-02 22:00:00+00:00,1.25338,1.25401,1.25337,1.25396,407.24999099969864
2024-05-02 22:15:00+00:00,1.253965,1.254085,1.253905,1.2539449999999999,393.06999176740646
2024-05-02 22:30:00+00:00,1.253935,1.2539500000000001,1.253625,1.253885,231.47999520599842
2024-05-02 22:45:00+00:00,1.253875,1.253955,1.253815,1.25389,262.52999353408813
2024-05-02 23:00:00+00:00,1.25389,1.2541950000000002,1.253855,1.2540399999999998,643.689991697669
2024-05-02 23:15:00+00:00,1.25403,1.254185,1.253865,1.2540399999999998,393.74999022483826
2024-05-02 23:30:00+00:00,1.254065,1.25408,1.2537500000000001,1.25377,768.3899862468243
2024-05-02 23:45:00+00:00,1.253775,1.254105,1.253765,1.2539449999999999,707.3999881371856
2024-05-03 00:00:00+00:00,1.253975,1.254025,1.253255,1.253465,1046.0899787470698
2024-05-03 00:15:00+00:00,1.25351,1.25359,1.25312,1.2533699999999999,1004.5799794793129
2024-05-03 00:30:00+00:00,1.253365,1.253965,1.25333,1.2539500000000001,430.19998955726624
2024-05-03 00:45:00+00:00,1.25399,1.254535,1.2539150000000001,1.25439,857.58998093009
2024-05-03 01:00:00+00:00,1.254385,1.2545700000000002,1.254235,1.254345,848.7299810573459
2024-05-03 01:15:00+00:00,1.2543549999999999,1.254775,1.2542900000000001,1.254645,1130.1399744600058
2024-05-03 01:30:00+00:00,1.25465,1.2555,1.254545,1.255145,2731.6399544104934
2024-05-03 01:45:00+00:00,1.255155,1.255665,1.2551450000000002,1.25562,2309.44996330142
2024-05-03 02:00:00+00:00,1.2556150000000001,1.2557,1.255345,1.25556,2387.2899661436677
2024-05-03 02:15:00+00:00,1.255555,1.2556,1.25502,1.255145,1964.5799638479948
2024-05-03 02:30:00+00:00,1.25516,1.255325,1.255065,1.255115,870.839980840683
2024-05-03 02:45:00+00:00,1.25511,1.255115,1.2549299999999999,1.255055,852.9299832582474
2024-05-03 03:00:00+00:00,1.25506,1.25532,1.254905,1.2549649999999999,534.8999872133136
2024-05-03 03:15:00+00:00,1.2549700000000001,1.255085,1.2547899999999998,1.25499,524.4899879321456
2024-05-03 03:30:00+00:00,1.255,1.255195,1.2548599999999999,1.2551700000000001,566.099987745285
2024-05-03 03:45:00+00:00,1.255155,1.2552599999999998,1.25507,1.25525,574.1999873891473
2024-05-03 04:00:00+00:00,1.2552400000000001,1.255375,1.255165,1.255165,392.93999061733484
2024-05-03 04:15:00+00:00,1.255145,1.25518,1.25498,1.255025,457.1999890804291
2024-05-03 04:30:00+00:00,1.2550249999999998,1.255165,1.2549299999999999,1.255065,455.87999080866575
2024-05-03 04:45:00+00:00,1.25505,1.255195,1.25476,1.254775,515.429990530014
2024-05-03 05:00:00+00:00,1.25478,1.2551100000000002,1.254735,1.25498,794.1599831581116
2024-05-03 05:15:00+00:00,1.254975,1.2551649999999999,1.254845,1.25488,845.04998537153
2024-05-03 05:30:00+00:00,1.2548849999999998,1.2555049999999999,1.2548599999999999,1.255455,1334.369974181056
2024-05-03 05:45:00+00:00,1.2554699999999999,1.255495,1.25496,1.255005,1195.679976336658
2024-05-03 06:00:00+00:00,1.2550050000000001,1.255115,1.2547199999999998,1.254905,1356.7799681127071
2024-05-03 06:15:00+00:00,1.254945,1.254975,1.254405,1.2548599999999999,1808.6999620944262
2024-05-03 06:30:00+00:00,1.25485,1.254955,1.25433,1.254745,1753.6499638482928
2024-05-03 06:45:00+00:00,1.25473,1.2549649999999999,1.2542900000000001,1.254435,2050.4699601456523
2024-05-03 07:00:00+00:00,1.25443,1.25482,1.254265,1.2545549999999999,2633.519947692752
2024-05-03 07:15:00+00:00,1.254545,1.254675,1.2539500000000001,1.254435,2104.019954562187
2024-05-03 07:30:00+00:00,1.254445,1.255015,1.25434,1.2547000000000001,2546.5499524474144
2024-05-03 07:45:00+00:00,1.254705,1.255115,1.2545,1.254805,1820.1599628254771
2024-05-03 08:00:00+00:00,1.254785,1.25595,1.254605,1.255495,2713.7899442762136
2024-05-03 08:15:00+00:00,1.255485,1.25603,1.255435,1.25587,1756.6199653372169
2024-05-03 08:30:00+00:00,1.255865,1.2562950000000002,1.255545,1.25607,2171.3699626103044
2024-05-03 08:45:00+00:00,1.256055,1.25627,1.255565,1.2559550000000002,1893.2999630272388
2024-05-03 09:00:00+00:00,1.255965,1.2562950000000002,1.255425,1.2554349999999999,1658.139966711402
2024-05-03 09:15:00+00:00,1.255415,1.2562799999999998,1.2553649999999998,1.256235,1350.3899709880352
2024-05-03 09:30:00+00:00,1.256245,1.2567599999999999,1.2561499999999999,1.256525,1693.7699725031853
2024-05-03 09:45:00+00:00,1.2564950000000001,1.2564950000000001,1.255965,1.25601,1818.7499761655927
2024-05-03 10:00:00+00:00,1.255995,1.25605,1.2555450000000001,1.255875,2742.5499563366175
2024-05-03 10:15:00+00:00,1.2558699999999998,1.2559550000000002,1.255445,1.2556,1882.7999631538987
2024-05-03 10:30:00+00:00,1.25562,1.25571,1.255145,1.255385,1348.0199786573648
2024-05-03 10:45:00+00:00,1.255395,1.255935,1.255185,1.2558449999999999,1568.4899714514613
2024-05-03 11:00:00+00:00,1.255835,1.256215,1.2557450000000001,1.2558799999999999,1836.1599612012506
2024-05-03 11:15:00+00:00,1.255865,1.25595,1.255415,1.255555,2715.029954828322
2024-05-03 11:30:00+00:00,1.255545,1.255685,1.25525,1.2554349999999999,1888.469966314733
2024-05-03 11:45:00+00:00,1.255445,1.255665,1.255295,1.2555,2575.079956777394
2024-05-03 12:00:00+00:00,1.2555100000000001,1.256165,1.2554349999999999,1.2558500000000001,2986.7099476978183
2024-05-03 12:15:00+00:00,1.255855,1.256515,1.255395,1.2564099999999998,3282.8399381563067
2024-05-03 12:30:00+00:00,1.256405,1.263465,1.256395,1.2611249999999998,18902.149768672884
2024-05-03 12:45:00+00:00,1.261115,1.2615850000000002,1.2584300000000002,1.2606199999999999,12023.30984262377
2024-05-03 13:00:00+00:00,1.2606,1.261045,1.25876,1.25964,10394.339868701994
2024-05-03 13:15:00+00:00,1.2596500000000002,1.2597049999999999,1.258135,1.258205,8954.789892807603
2024-05-03 13:30:00+00:00,1.2582200000000001,1.258545,1.256395,1.257485,10410.259832672775
2024-05-03 13:45:00+00:00,1.2574800000000002,1.258055,1.25644,1.257205,9077.04985357821
2024-05-03 14:00:00+00:00,1.25727,1.260275,1.254175,1.2548,18423.8497171551
2024-05-03 14:15:00+00:00,1.2548249999999999,1.254985,1.252945,1.2534,11632.389809548855
2024-05-03 14:30:00+00:00,1.2534399999999999,1.25472,1.2530000000000001,1.254645,7717.919859752059
2024-05-03 14:45:00+00:00,1.254635,1.255325,1.2542499999999999,1.2545549999999999,6672.929891951382
2024-05-03 15:00:00+00:00,1.2545600000000001,1.255355,1.2543950000000001,1.255035,5322.779914841056
2024-05-03 15:15:00+00:00,1.25504,1.255285,1.254645,1.255055,3575.0099401548505
2024-05-03 15:30:00+00:00,1.2550949999999998,1.256195,1.2550949999999998,1.255765,3365.409944370389
2024-05-03 15:45:00+00:00,1.255805,1.255925,1.254535,1.25475,2805.7999512404203
2024-05-03 16:00:00+00:00,1.2547549999999998,1.254995,1.25438,1.254565,2268.869958281517
2024-05-03 16:15:00+00:00,1.2545600000000001,1.25473,1.2539,1.25438,2437.109956152737
2024-05-03 16:30:00+00:00,1.254405,1.25475,1.25423,1.254465,1994.0399670675397
2024-05-03 16:45:00+00:00,1.254455,1.25457,1.2540200000000001,1.254275,2085.4199592620134
2024-05-03 17:00:00+00:00,1.2543,1.25445,1.2539500000000001,1.2542849999999999,1653.5099703893065
2024-05-03 17:15:00+00:00,1.2543,1.254765,1.25414,1.2545700000000002,1561.0499723553658
2024-05-03 17:30:00+00:00,1.254585,1.25495,1.254475,1.254625,1290.0299784094095
2024-05-03 17:45:00+00:00,1.254615,1.2549649999999999,1.254465,1.25451,1184.2199826985598
2024-05-03 18:00:00+00:00,1.254505,1.2548599999999999,1.254405,1.254805,1415.6699792817235
2024-05-03 18:15:00+00:00,1.2548,1.255115,1.254795,1.25487,1365.3899772539735
2024-05-03 18:30:00+00:00,1.254865,1.255125,1.25481,1.254835,1305.6299786567688
2024-05-03 18:45:00+00:00,1.254845,1.25521,1.25465,1.25515,2346.0599723383784
2024-05-03 19:00:00+00:00,1.25514,1.255195,1.254695,1.25475,1271.4899800941348
2024-05-03 19:15:00+00:00,1.254745,1.255385,1.25464,1.2553800000000002,2039.7899661436677
2024-05-03 19:30:00+00:00,1.255375,1.2554699999999999,1.254915,1.254975,1956.3299648091197
2024-05-03 19:45:00+00:00,1.2549649999999999,1.255175,1.2547549999999998,1.25489,2219.8499617129564
2024-05-03 20:00:00+00:00,1.254875,1.25508,1.25475,1.25507,886.5599841922522
2024-05-03 20:15:00+00:00,1.2550599999999998,1.25508,1.2548650000000001,1.2548949999999999,869.8499884605408
2024-05-03 20:30:00+00:00,1.2548849999999998,1.2549199999999998,1.254785,1.25488,359.42999567836523
2024-05-03 20:45:00+00:00,1.2548849999999998,1.2549800000000002,1.254595,1.254595,944.8599881529808
2024-05-06 00:00:00+00:00,1.25406,1.2544,1.253845,1.254365,1291.8899714946747
2024-05-06 00:15:00+00:00,1.25435,1.2546,1.25417,1.254585,1556.6499733552337
2024-05-06 00:30:00+00:00,1.2546,1.2549350000000001,1.254565,1.2548650000000001,1704.3599649593234
2024-05-06 00:45:00+00:00,1.25487,1.255295,1.25484,1.255075,1515.6899705529213
2024-05-06 01:00:00+00:00,1.25507,1.25559,1.25506,1.2553999999999998,3265.5899419933558
2024-05-06 01:15:00+00:00,1.255395,1.25569,1.25492,1.254975,1988.7899620383978
2024-05-06 01:30:00+00:00,1.254995,1.25532,1.2546599999999999,1.254875,1309.499968290329
2024-05-06 01:45:00+00:00,1.2549000000000001,1.255395,1.254685,1.25526,1971.74996445328
2024-05-06 02:00:00+00:00,1.255285,1.255465,1.25487,1.2549299999999999,1023.1799777373672
2024-05-06 02:15:00+00:00,1.254935,1.255385,1.254935,1.2552750000000001,1782.3299726098776
2024-05-06 02:30:00+00:00,1.2552699999999999,1.255375,1.25498,1.255035,2229.419962503016
2024-05-06 02:45:00+00:00,1.25503,1.25507,1.25477,1.2548300000000001,3934.499947324395
2024-05-06 03:00:00+00:00,1.254825,1.25496,1.254645,1.254645,1310.9099781140685
2024-05-06 03:15:00+00:00,1.25465,1.25467,1.25437,1.25446,634.9499840736389
2024-05-06 03:30:00+00:00,1.2544650000000002,1.254745,1.25437,1.254725,448.10998952388763
2024-05-06 03:45:00+00:00,1.254715,1.2548650000000001,1.254635,1.254735,544.4099869802594
2024-05-06 04:00:00+00:00,1.25471,1.25471,1.25434,1.254455,929.5799821987748
2024-05-06 04:15:00+00:00,1.25446,1.254575,1.254375,1.25457,1397.6999707221985
2024-05-06 04:30:00+00:00,1.254575,1.254785,1.25454,1.25464,467.18998992443085
2024-05-06 04:45:00+00:00,1.254655,1.254785,1.25437,1.25437,507.26998817175627
2024-05-06 05:00:00+00:00,1.2543549999999999,1.254695,1.2543199999999999,1.254655,2417.279964365065
2024-05-06 05:15:00+00:00,1.2546599999999999,1.2547000000000001,1.2542300000000002,1.25427,813.7499838918447
2024-05-06 05:30:00+00:00,1.25426,1.254455,1.2542200000000001,1.254435,2509.97994813323
2024-05-06 05:45:00+00:00,1.254435,1.25455,1.254245,1.25455,856.5299833118916
2024-05-06 06:00:00+00:00,1.25454,1.25507,1.2543,1.255045,2106.1199574396014
2024-05-06 06:15:00+00:00,1.25504,1.25518,1.2548300000000001,1.254925,1762.7999612912536
2024-05-06 06:30:00+00:00,1.2548849999999998,1.25589,1.2547549999999998,1.255675,2792.6099509969354
2024-05-06 06:45:00+00:00,1.2556850000000002,1.25577,1.25542,1.25557,2197.1999583914876
2024-05-06 07:00:00+00:00,1.2555749999999999,1.256675,1.2555749999999999,1.25661,2030.639959923923
2024-05-06 07:15:00+00:00,1.25662,1.25711,1.25651,1.25696,1951.4399660676718
2024-05-06 07:30:00+00:00,1.256945,1.25739,1.25689,1.257145,1485.5399695634842
2024-05-06 07:45:00+00:00,1.257135,1.25736,1.2567249999999999,1.25682,2345.61996935308
2024-05-06 08:00:00+00:00,1.256825,1.257215,1.256405,1.257215,2574.249963708222
2024-05-06 08:15:00+00:00,1.2572,1.257815,1.257005,1.25775,3041.7299573346972
2024-05-06 08:30:00+00:00,1.257745,1.258075,1.257625,1.2579,1644.089970484376
2024-05-06 08:45:00+00:00,1.25789,1.258195,1.25762,1.258135,1591.1999681591988
2024-05-06 09:00:00+00:00,1.258135,1.2582499999999999,1.25794,1.25796,2129.819967404008
2024-05-06 09:15:00+00:00,1.25797,1.258425,1.257615,1.2576200000000002,1558.5599727928638
2024-05-06 09:30:00+00:00,1.257625,1.25791,1.2576200000000002,1.257855,1344.2999749928713
2024-05-06 09:45:00+00:00,1.25785,1.258115,1.2576200000000002,1.2579099999999999,2848.319967240095
2024-05-06 10:00:00+00:00,1.2579150000000001,1.258355,1.2576399999999999,1.25792,2865.9899515658617
2024-05-06 10:15:00+00:00,1.25791,1.2580149999999999,1.25758,1.257755,982.6799808144569
2024-05-06 10:30:00+00:00,1.25776,1.257925,1.257525,1.257615,742.9199850410223
2024-05-06 10:45:00+00:00,1.257565,1.25758,1.257215,1.25753,1314.35997697711
2024-05-06 11:00:00+00:00,1.25754,1.25763,1.25733,1.25752,2306.459967032075
2024-05-06 11:15:00+00:00,1.257525,1.2578049999999998,1.25733,1.257665,1433.4599745348096
2024-05-06 11:30:00+00:00,1.257655,1.257855,1.257495,1.257855,2274.4499637782574
2024-05-06 11:45:00+00:00,1.2578749999999999,1.25793,1.25747,1.25762,1614.8399722278118
2024-05-06 12:00:00+00:00,1.257625,1.258275,1.2575349999999998,1.258215,1042.8599772155285
2024-05-06 12:15:00+00:00,1.25821,1.258765,1.258115,1.258575,1409.1899715065956
2024-05-06 12:30:00+00:00,1.258565,1.259245,1.25846,1.2591,2431.6199644580483
2024-05-06 12:45:00+00:00,1.259105,1.2594349999999999,1.258815,1.25912,3062.489950455725
2024-05-06 13:00:00+00:00,1.259115,1.2592050000000001,1.25841,1.258635,3289.1499491482973
2024-05-06 13:15:00+00:00,1.258675,1.25892,1.2583950000000002,1.258535,2001.1899676769972
2024-05-06 13:30:00+00:00,1.258545,1.258725,1.25808,1.258275,2852.9399497807026
2024-05-06 13:45:00+00:00,1.258265,1.2586249999999999,1.2580049999999998,1.258425,1984.7099654227495
2024-05-06 14:00:00+00:00,1.25843,1.25858,1.2580149999999999,1.25847,3363.9299526438117
2024-05-06 14:15:00+00:00,1.258465,1.258705,1.258205,1.258495,2374.649966008961
2024-05-06 14:30:00+00:00,1.258515,1.25853,1.25811,1.258165,1357.1399720311165
2024-05-06 14:45:00+00:00,1.2581600000000002,1.2581600000000002,1.2576299999999998,1.25781,2546.129960924387
2024-05-06 15:00:00+00:00,1.2578,1.2578550000000002,1.257055,1.257145,2556.2099580690265
2024-05-06 15:15:00+00:00,1.2571400000000001,1.25723,1.25683,1.25715,3477.179944843054
2024-05-06 15:30:00+00:00,1.257145,1.257445,1.257045,1.257355,2478.71996242553
2024-05-06 15:45:00+00:00,1.25736,1.257565,1.257215,1.25732,2017.0799704492092
2024-05-06 16:00:00+00:00,1.257315,1.257385,1.25681,1.2568199999999998,1808.079970292747
2024-05-06 16:15:00+00:00,1.256835,1.256845,1.25589,1.25607,2332.5799632519484
2024-05-06 16:30:00+00:00,1.256075,1.25641,1.255835,1.256365,3017.549949720502
2024-05-06 16:45:00+00:00,1.256355,1.256385,1.2561499999999999,1.256375,1839.3599796667695
2024-05-06 17:00:00+00:00,1.25637,1.256945,1.256365,1.256815,2664.0299594551325
2024-05-06 17:15:00+00:00,1.2568199999999998,1.256855,1.25651,1.2566549999999999,1616.3699738830328
2024-05-06 17:30:00+00:00,1.25665,1.25686,1.256515,1.25682,1759.949971139431
2024-05-06 17:45:00+00:00,1.256825,1.25684,1.256465,1.25652,1788.989975310862
2024-05-06 18:00:00+00:00,1.2565,1.2567599999999999,1.2564449999999998,1.25664,1396.709984652698
2024-05-06 18:15:00+00:00,1.25663,1.25692,1.25663,1.256825,1991.879966571927
2024-05-06 18:30:00+00:00,1.2568199999999998,1.2569400000000002,1.25656,1.25671,1987.0199597477913
2024-05-06 18:45:00+00:00,1.256705,1.256935,1.256605,1.25682,2569.229958295822
2024-05-06 19:00:00+00:00,1.256825,1.256945,1.256145,1.256195,3040.769950643182
2024-05-06 19:15:00+00:00,1.25619,1.256275,1.25592,1.255975,3316.2299411296844
2024-05-06 19:30:00+00:00,1.25597,1.256115,1.25582,1.255965,3776.189940288663
2024-05-06 19:45:00+00:00,1.25596,1.25628,1.25591,1.25604,3023.6999574378133
2024-05-06 20:00:00+00:00,1.256055,1.256145,1.256005,1.256035,1408.4999882131815
2024-05-06 20:15:00+00:00,1.2560600000000002,1.2560850000000001,1.255925,1.25607,499.85998916625977
2024-05-06 20:30:00+00:00,1.256065,1.256225,1.256065,1.25617,439.76999186724424
2024-05-06 20:45:00+00:00,1.2562,1.2563300000000002,1.256145,1.25627,587.5499883815646
2024-05-06 21:00:00+00:00,1.25622,1.256685,1.256165,1.256355,562.5900009870529
2024-05-06 21:15:00+00:00,1.25636,1.256645,1.2562449999999998,1.256375,505.5599976480007
2024-05-06 21:30:00+00:00,1.25632,1.256545,1.2561849999999999,1.256345,1627.1199860945344
2024-05-06 21:45:00+00:00,1.2563499999999999,1.25648,1.256165,1.25641,2586.6099764704704
2024-05-06 22:00:00+00:00,1.2564199999999999,1.256465,1.256235,1.25626,515.6999906301498
2024-05-06 22:15:00+00:00,1.256265,1.25628,1.256205,1.25624,363.14999532699585
2024-05-06 22:30:00+00:00,1.2562000000000002,1.256255,1.256135,1.25625,302.2199973464012
2024-05-06 22:45:00+00:00,1.25623,1.25623,1.25613,1.25616,163.4999970048666
2024-05-06 23:00:00+00:00,1.2561499999999999,1.25617,1.255765,1.2558500000000001,530.6699901372194
2024-05-06 23:15:00+00:00,1.25586,1.255925,1.25583,1.255855,428.0399899482727
2024-05-06 23:30:00+00:00,1.2558449999999999,1.25594,1.25575,1.25587,902.3699911162257
2024-05-06 23:45:00+00:00,1.255865,1.256105,1.25584,1.255935,1158.9899836555123
2024-05-07 00:00:00+00:00,1.25593,1.2561550000000001,1.255715,1.255765,1384.469973064959
2024-05-07 00:15:00+00:00,1.255805,1.2561550000000001,1.255805,1.25611,1953.6599654257298
2024-05-07 00:30:00+00:00,1.256105,1.2567650000000001,1.25602,1.25667,2205.14995919168
2024-05-07 00:45:00+00:00,1.256675,1.256935,1.25654,1.256865,2577.5899567082524
2024-05-07 01:00:00+00:00,1.25687,1.257085,1.25633,1.25637,2152.949970126152
2024-05-07 01:15:00+00:00,1.256355,1.2564600000000001,1.2558699999999998,1.255905,1856.729968957603
2024-05-07 01:30:00+00:00,1.255895,1.2560850000000001,1.25564,1.25582,1629.9299658462405
2024-05-07 01:45:00+00:00,1.2558099999999999,1.25594,1.25564,1.25572,982.6799766421318
2024-05-07 02:00:00+00:00,1.25573,1.25586,1.25552,1.255625,1274.8799769952893
2024-05-07 02:15:00+00:00,1.255605,1.25566,1.255125,1.255355,1607.3499698340893
2024-05-07 02:30:00+00:00,1.25536,1.255765,1.2553200000000002,1.25542,1392.0899733155966
2024-05-07 02:45:00+00:00,1.255425,1.255665,1.255335,1.255435,1599.059973090887
2024-05-07 03:00:00+00:00,1.25543,1.25552,1.25532,1.255505,1403.6699797213078
2024-05-07 03:15:00+00:00,1.255495,1.25563,1.255475,1.2555399999999999,1315.0199780613184
2024-05-07 03:30:00+00:00,1.25553,1.25583,1.25552,1.255585,1650.1799740493298
2024-05-07 03:45:00+00:00,1.255595,1.255825,1.255595,1.25573,1831.2299729064107
2024-05-07 04:00:00+00:00,1.255725,1.2557450000000001,1.25555,1.25567,1632.3899740204215
2024-05-07 04:15:00+00:00,1.25566,1.25566,1.2555200000000002,1.25566,1382.3399836570024
2024-05-07 04:30:00+00:00,1.25564,1.255645,1.254915,1.255035,2764.5599497407675
2024-05-07 04:45:00+00:00,1.255045,1.25541,1.2550249999999998,1.255305,2366.729963541031
2024-05-07 05:00:00+00:00,1.255315,1.2555100000000001,1.2552400000000001,1.255465,1101.5999792814255
2024-05-07 05:15:00+00:00,1.2554349999999999,1.25562,1.2552400000000001,1.25557,965.3999823927879
2024-05-07 05:30:00+00:00,1.2555749999999999,1.2555749999999999,1.254925,1.2549350000000001,1792.1799741387367
2024-05-07 05:45:00+00:00,1.254925,1.2549350000000001,1.2539699999999998,1.25406,2696.1299540549517
2024-05-07 06:00:00+00:00,1.25403,1.25421,1.25359,1.25417,2981.429943718016
2024-05-07 06:15:00+00:00,1.254165,1.25444,1.253875,1.25427,2016.6599688231945
2024-05-07 06:30:00+00:00,1.254265,1.254365,1.25373,1.254365,2557.0899562239647
2024-05-07 06:45:00+00:00,1.25436,1.25473,1.25416,1.25462,2347.5299577564
2024-05-07 07:00:00+00:00,1.254635,1.25467,1.25366,1.25377,3616.859932169318
2024-05-07 07:15:00+00:00,1.253765,1.25465,1.2536649999999998,1.253975,2712.699958078563
2024-05-07 07:30:00+00:00,1.253995,1.25415,1.2535349999999998,1.2537449999999999,3216.6599517539144
2024-05-07 07:45:00+00:00,1.25375,1.25407,1.2534399999999999,1.25376,2129.369970023632
2024-05-07 08:00:00+00:00,1.25373,1.25386,1.2532,1.25332,2928.7899544537067
2024-05-07 08:15:00+00:00,1.25333,1.25386,1.25325,1.25363,1796.6699670255184
2024-05-07 08:30:00+00:00,1.253645,1.25404,1.2536049999999999,1.253865,1836.929968751967
2024-05-07 08:45:00+00:00,1.25387,1.254025,1.2535349999999998,1.25396,1246.2299754992127
2024-05-07 09:00:00+00:00,1.2539500000000001,1.254185,1.25357,1.253885,2459.0699713006616
2024-05-07 09:15:00+00:00,1.2538900000000002,1.254385,1.25375,1.2539500000000001,2490.2699712216854
2024-05-07 09:30:00+00:00,1.253955,1.25438,1.25385,1.25387,2530.689966864884
2024-05-07 09:45:00+00:00,1.253875,1.254065,1.2536399999999999,1.2536800000000001,2412.479966983199
2024-05-07 10:00:00+00:00,1.253675,1.253685,1.252955,1.2533349999999999,3151.2899528220296
2024-05-07 10:15:00+00:00,1.2533400000000001,1.2539500000000001,1.25331,1.253815,1340.5499755889177
2024-05-07 10:30:00+00:00,1.2538049999999998,1.2541250000000002,1.253695,1.2539850000000001,1876.4399774000049
2024-05-07 10:45:00+00:00,1.254,1.2542399999999998,1.253815,1.2542399999999998,1717.3599721342325
2024-05-07 11:00:00+00:00,1.2542499999999999,1.2546599999999999,1.25418,1.25434,1798.4999706074595
2024-05-07 11:15:00+00:00,1.2543199999999999,1.25465,1.2542149999999999,1.2546300000000001,1403.3399743139744
2024-05-07 11:30:00+00:00,1.254635,1.254785,1.25418,1.25434,1349.0099765509367
2024-05-07 11:45:00+00:00,1.25435,1.254545,1.2540200000000001,1.25445,1793.3399761915207
2024-05-07 12:00:00+00:00,1.2544650000000002,1.25492,1.25423,1.254645,1683.449975848198
2024-05-07 12:15:00+00:00,1.2546599999999999,1.255245,1.254635,1.25484,2285.1899708509445
2024-05-07 12:30:00+00:00,1.2548599999999999,1.25543,1.25484,1.255335,1951.919968135655
2024-05-07 12:45:00+00:00,1.255345,1.2554699999999999,1.254945,1.25536,2384.439963631332
2024-05-07 13:00:00+00:00,1.255365,1.255865,1.25525,1.255545,2417.429955981672
2024-05-07 13:15:00+00:00,1.2555299999999998,1.255995,1.25532,1.25595,1709.2199676334858
2024-05-07 13:30:00+00:00,1.25596,1.2564950000000001,1.255835,1.2562950000000002,2488.469957537949
2024-05-07 13:45:00+00:00,1.256305,1.256365,1.255415,1.255835,3070.199959129095
2024-05-07 14:00:00+00:00,1.2558449999999999,1.256035,1.25534,1.25543,1639.229973435402
2024-05-07 14:15:00+00:00,1.25542,1.25576,1.25505,1.25557,1900.5599678456783
2024-05-07 14:30:00+00:00,1.25555,1.255765,1.255125,1.2551299999999999,1726.7399740368128
2024-05-07 14:45:00+00:00,1.255105,1.25559,1.25498,1.255385,2712.2299547940493
2024-05-07 15:00:00+00:00,1.25538,1.255495,1.254665,1.2551,2949.969960168004
2024-05-07 15:15:00+00:00,1.255105,1.2552400000000001,1.2542200000000001,1.2542499999999999,1639.1399737074971
2024-05-07 15:30:00+00:00,1.2542849999999999,1.254465,1.253585,1.253725,2092.2899688109756
2024-05-07 15:45:00+00:00,1.2537099999999999,1.254,1.253145,1.253255,2421.9899646267295
2024-05-07 16:00:00+00:00,1.25326,1.25381,1.25312,1.25366,2367.7299602627754
2024-05-07 16:15:00+00:00,1.25365,1.25365,1.2531050000000001,1.253505,1547.0999797955155
2024-05-07 16:30:00+00:00,1.25351,1.253555,1.25306,1.253105,1504.2199759036303
2024-05-07 16:45:00+00:00,1.2530999999999999,1.2531349999999999,1.2525849999999998,1.25268,1305.609977863729
2024-05-07 17:00:00+00:00,1.2526899999999999,1.252725,1.25159,1.2518,1350.4699758142233
2024-05-07 17:15:00+00:00,1.251795,1.252185,1.251015,1.252165,2104.469968266785
2024-05-07 17:30:00+00:00,1.2521499999999999,1.2523849999999999,1.251745,1.2519749999999998,1344.9299829304218
2024-05-07 17:45:00+00:00,1.251985,1.251985,1.25105,1.2510750000000002,2277.3899670913815
2024-05-07 18:00:00+00:00,1.25108,1.2511100000000002,1.2506599999999999,1.251065,2546.339965298772
2024-05-07 18:15:00+00:00,1.25102,1.25103,1.25023,1.250295,1597.349971435964
2024-05-07 18:30:00+00:00,1.2502900000000001,1.25067,1.250095,1.25067,1382.059978634119
2024-05-07 18:45:00+00:00,1.2506650000000001,1.25068,1.250245,1.250675,802.5899847075343
2024-05-07 19:00:00+00:00,1.25067,1.2510050000000001,1.25067,1.2508,1067.969982497394
2024-05-07 19:15:00+00:00,1.250795,1.250895,1.250535,1.2507000000000001,764.0699871703982
2024-05-07 19:30:00+00:00,1.25069,1.25094,1.25065,1.2508050000000002,805.1699860990047
2024-05-07 19:45:00+00:00,1.25081,1.25111,1.25081,1.25091,1022.6999809667468
2024-05-07 20:00:00+00:00,1.250905,1.25105,1.25085,1.250915,418.82999335229397
2024-05-07 20:15:00+00:00,1.25092,1.251,1.250885,1.25089,229.70999720692635
2024-05-07 20:30:00+00:00,1.250895,1.250895,1.25079,1.25088,328.13999462127686
2024-05-07 20:45:00+00:00,1.250875,1.250905,1.250765,1.25088,579.399989053607
2024-05-07 21:00:00+00:00,1.250835,1.25176,1.25073,1.2513649999999998,212.71999961137772
2024-05-07 21:15:00+00:00,1.251385,1.25144,1.2507199999999998,1.250915,867.4499893784523
2024-05-07 21:30:00+00:00,1.2508949999999999,1.2511649999999999,1.250795,1.251065,1343.059991568327
2024-05-07 21:45:00+00:00,1.251035,1.2510750000000002,1.2508,1.25082,1922.1899785399437
2024-05-07 22:00:00+00:00,1.250855,1.2509350000000001,1.2503449999999998,1.250425,895.2699860930443
2024-05-07 22:15:00+00:00,1.2504300000000002,1.25058,1.250425,1.25057,357.7499945163727
2024-05-07 22:30:00+00:00,1.250565,1.25073,1.250295,1.250305,426.1799920722842
2024-05-07 22:45:00+00:00,1.250295,1.2503199999999999,1.25023,1.250235,190.70999759435654
2024-05-07 23:00:00+00:00,1.2502499999999999,1.250295,1.250105,1.250105,506.7299946397543
2024-05-07 23:15:00+00:00,1.25011,1.250215,1.25003,1.25008,114.02999849617481
2024-05-07 23:30:00+00:00,1.250085,1.25018,1.2499699999999998,1.2499850000000001,194.93999814987183
2024-05-07 23:45:00+00:00,1.2499799999999999,1.25021,1.249865,1.25018,334.19999300688505
2024-05-08 00:00:00+00:00,1.250145,1.25022,1.2496399999999999,1.25007,2015.639966957271
2024-05-08 00:15:00+00:00,1.250035,1.25031,1.2499699999999998,1.25014,1250.3999771401286
2024-05-08 00:30:00+00:00,1.250135,1.2502900000000001,1.24975,1.249785,647.1299865618348
2024-05-08 00:45:00+00:00,1.249795,1.2501,1.249485,1.249585,840.9699842184782
2024-05-08 01:00:00+00:00,1.249595,1.24973,1.2494399999999999,1.2496,1367.8799765333533
2024-05-08 01:15:00+00:00,1.249615,1.2497150000000001,1.24911,1.249485,1618.1999705582857
2024-05-08 01:30:00+00:00,1.2494900000000002,1.249505,1.249185,1.249265,3163.1999504342675
2024-05-08 01:45:00+00:00,1.249255,1.24938,1.24884,1.24884,2022.6899663805962
2024-05-08 02:00:00+00:00,1.248835,1.24886,1.24856,1.24879,1873.949977017939
2024-05-08 02:15:00+00:00,1.248785,1.2489949999999999,1.24864,1.2486549999999998,2908.409958668053
2024-05-08 02:30:00+00:00,1.248665,1.24868,1.24844,1.248675,1687.499971486628
2024-05-08 02:45:00+00:00,1.24868,1.24897,1.24868,1.248865,912.5699815452099
2024-05-08 03:00:00+00:00,1.24888,1.24891,1.24865,1.2488299999999999,1521.4499734640121
2024-05-08 03:15:00+00:00,1.248845,1.2491400000000001,1.248675,1.24875,1233.719980277121
2024-05-08 03:30:00+00:00,1.2487300000000001,1.2489,1.248675,1.248885,1266.7799856588244
2024-05-08 03:45:00+00:00,1.248875,1.24889,1.24861,1.248685,1614.5699859410524
2024-05-08 04:00:00+00:00,1.24868,1.24868,1.2484199999999999,1.248575,2098.2299677729607
2024-05-08 04:15:00+00:00,1.24858,1.2487,1.248415,1.248575,1762.3199690505862
2024-05-08 04:30:00+00:00,1.248585,1.24877,1.24852,1.24874,1388.9399797320366
2024-05-08 04:45:00+00:00,1.248725,1.24893,1.248675,1.2487,2024.0999746844172
2024-05-08 05:00:00+00:00,1.248695,1.248855,1.248475,1.2487300000000001,1436.7899785786867
2024-05-08 05:15:00+00:00,1.248725,1.2487949999999999,1.2486350000000002,1.2486549999999998,389.7599928230047
2024-05-08 05:30:00+00:00,1.24865,1.24888,1.248645,1.2486549999999998,1636.919974140823
2024-05-08 05:45:00+00:00,1.24866,1.24887,1.24839,1.24884,891.5399844646454
2024-05-08 06:00:00+00:00,1.2488299999999999,1.24894,1.24855,1.2487599999999999,1127.099977426231
2024-05-08 06:15:00+00:00,1.2487650000000001,1.24916,1.24864,1.248715,1421.7299750074744
2024-05-08 06:30:00+00:00,1.24872,1.249285,1.248675,1.249205,1523.699976682663
2024-05-08 06:45:00+00:00,1.24917,1.2492999999999999,1.24867,1.2489050000000002,2461.139962911606
2024-05-08 07:00:00+00:00,1.24889,1.248935,1.248095,1.2482950000000002,2140.7699604928493
2024-05-08 07:15:00+00:00,1.248305,1.24854,1.2478500000000001,1.24811,1844.5199746340513
2024-05-08 07:30:00+00:00,1.248105,1.248605,1.248035,1.248395,2022.2699679881334
2024-05-08 07:45:00+00:00,1.24834,1.248395,1.2471450000000002,1.247275,2380.3799656629562
2024-05-08 08:00:00+00:00,1.247265,1.2475299999999998,1.246915,1.247295,1924.0499651283026
2024-05-08 08:15:00+00:00,1.24728,1.247525,1.246785,1.247385,1664.5799683779478
2024-05-08 08:30:00+00:00,1.247375,1.2477900000000002,1.247285,1.247495,1691.2199688479304
2024-05-08 08:45:00+00:00,1.2475100000000001,1.2476099999999999,1.247215,1.24752,1825.949974425137
2024-05-08 09:00:00+00:00,1.247515,1.247965,1.2474,1.2479,2376.479961000383
2024-05-08 09:15:00+00:00,1.2478799999999999,1.2482199999999999,1.24776,1.248175,1157.909978121519
2024-05-08 09:30:00+00:00,1.248165,1.24889,1.2481,1.248885,1878.4199766144156
2024-05-08 09:45:00+00:00,1.24889,1.24927,1.248705,1.249245,1918.6599799916148
2024-05-08 10:00:00+00:00,1.249235,1.249625,1.24866,1.248785,1736.2299783453345
2024-05-08 10:15:00+00:00,1.248775,1.24932,1.248745,1.249025,1445.0699783191085
2024-05-08 10:30:00+00:00,1.249015,1.249295,1.2487750000000002,1.24897,1569.9599743783474
2024-05-08 10:45:00+00:00,1.2489750000000002,1.24967,1.24891,1.2495699999999998,1622.6399724408984
2024-05-08 11:00:00+00:00,1.249565,1.2501,1.249335,1.2494100000000001,2187.8399632945657
2024-05-08 11:15:00+00:00,1.2494049999999999,1.249525,1.24909,1.24919,1315.319975875318
2024-05-08 11:30:00+00:00,1.2492,1.2494,1.248805,1.24915,1689.6599742993712
2024-05-08 11:45:00+00:00,1.24914,1.24915,1.2483,1.24841,1978.4899705052376
2024-05-08 12:00:00+00:00,1.2484250000000001,1.24854,1.2476099999999999,1.247695,1936.9499735757709
2024-05-08 12:15:00+00:00,1.2477,1.2480099999999998,1.2476099999999999,1.247645,1749.9899679124355
2024-05-08 12:30:00+00:00,1.247625,1.24808,1.247405,1.24798,2212.3199638575315
2024-05-08 12:45:00+00:00,1.2479550000000001,1.248255,1.247735,1.24799,2060.819962069392
2024-05-08 13:00:00+00:00,1.248,1.24844,1.247835,1.247865,2670.1799575313926
2024-05-08 13:15:00+00:00,1.2479,1.24798,1.247315,1.247825,1940.6799649000168
2024-05-08 13:30:00+00:00,1.2478099999999999,1.248255,1.24763,1.2478799999999999,3311.0999466106296
2024-05-08 13:45:00+00:00,1.24787,1.248165,1.24739,1.24773,2221.019958101213
2024-05-08 14:00:00+00:00,1.24774,1.24856,1.24764,1.248345,2282.729965724051
2024-05-08 14:15:00+00:00,1.248355,1.249325,1.248145,1.2491949999999998,3312.7499521300197
2024-05-08 14:30:00+00:00,1.24918,1.249375,1.248745,1.248945,2359.0799642130733
2024-05-08 14:45:00+00:00,1.248935,1.2497150000000001,1.248675,1.249285,3824.4599492922425
2024-05-08 15:00:00+00:00,1.24929,1.249545,1.248825,1.24899,2587.709965340793
2024-05-08 15:15:00+00:00,1.24902,1.249465,1.24866,1.24929,1843.6499647721648
2024-05-08 15:30:00+00:00,1.24933,1.250045,1.24918,1.2499850000000001,1256.8499741107225
2024-05-08 15:45:00+00:00,1.24999,1.25048,1.249895,1.250225,2569.0499586761
2024-05-08 16:00:00+00:00,1.25022,1.25027,1.24962,1.249625,1733.9699764326215
2024-05-08 16:15:00+00:00,1.2496200000000002,1.2497099999999999,1.249345,1.249495,1024.7399836480618
2024-05-08 16:30:00+00:00,1.24952,1.249565,1.249085,1.249475,1173.1799800992012
2024-05-08 16:45:00+00:00,1.249475,1.249975,1.2494450000000001,1.249775,875.0099842771888
2024-05-08 17:00:00+00:00,1.24977,1.250175,1.2494450000000001,1.249895,1810.719965979457
2024-05-08 17:15:00+00:00,1.2499,1.24992,1.249475,1.249585,968.9399817511439
2024-05-08 17:30:00+00:00,1.249565,1.249675,1.249285,1.24956,948.9899815246463
2024-05-08 17:45:00+00:00,1.249555,1.249615,1.24933,1.249575,1010.1399817615747
2024-05-08 18:00:00+00:00,1.24959,1.2496550000000002,1.249365,1.24939,1034.5499838888645
2024-05-08 18:15:00+00:00,1.2493850000000002,1.249625,1.24936,1.249615,556.889990247786
2024-05-08 18:30:00+00:00,1.24961,1.249905,1.249505,1.249895,1137.419984921813
2024-05-08 18:45:00+00:00,1.24989,1.24992,1.24952,1.24952,1556.8499835133553
2024-05-08 19:00:00+00:00,1.24954,1.24973,1.2493750000000001,1.2496,1914.1199752539396
2024-05-08 19:15:00+00:00,1.24959,1.24972,1.24945,1.249495,794.0099896118045
2024-05-08 19:30:00+00:00,1.2495,1.2496749999999999,1.2494399999999999,1.24946,902.3399887010455
2024-05-08 19:45:00+00:00,1.249475,1.249685,1.24945,1.249685,1021.3199856951833
2024-05-08 20:00:00+00:00,1.2496749999999999,1.2496999999999998,1.249385,1.24939,333.8399960771203
2024-05-08 20:15:00+00:00,1.249395,1.249475,1.249365,1.24946,143.87999738752842
2024-05-08 20:30:00+00:00,1.2494649999999998,1.24959,1.2494649999999998,1.2495850000000002,108.89999783039093
2024-05-08 20:45:00+00:00,1.24959,1.2498049999999998,1.24953,1.24978,588.3099903613329
2024-05-08 21:00:00+00:00,1.249755,1.249765,1.249465,1.2496049999999999,270.2099965810776
2024-05-08 21:15:00+00:00,1.24963,1.24979,1.24946,1.24974,421.86999517679214
2024-05-08 21:30:00+00:00,1.249765,1.2499500000000001,1.24961,1.249665,1067.6599876061082
2024-05-08 21:45:00+00:00,1.24967,1.249765,1.249555,1.24961,1707.2999804019928
2024-05-08 22:00:00+00:00,1.2496,1.250025,1.2496,1.2497150000000001,926.9999831318855
2024-05-08 22:15:00+00:00,1.2497099999999999,1.249795,1.249685,1.249715,409.49999248981476
2024-05-08 22:30:00+00:00,1.2497099999999999,1.2498200000000002,1.24967,1.2496800000000001,290.5899953022599
2024-05-08 22:45:00+00:00,1.24969,1.2497099999999999,1.2496450000000001,1.2497,349.8599946424365
2024-05-08 23:00:00+00:00,1.249705,1.24979,1.249565,1.24959,205.88999613374472
2024-05-08 23:15:00+00:00,1.249585,1.2496,1.249475,1.2494800000000001,74.24999850988388
2024-05-08 23:30:00+00:00,1.249475,1.249475,1.2492800000000002,1.24931,201.29999609291553
2024-05-08 23:45:00+00:00,1.249305,1.2494049999999999,1.24921,1.24932,413.0699931830168
2024-05-09 00:00:00+00:00,1.24932,1.24932,1.248735,1.2488350000000001,688.0499849319458
2024-05-09 00:15:00+00:00,1.24886,1.249075,1.2487949999999999,1.24902,488.3999881744385
2024-05-09 00:30:00+00:00,1.2490199999999998,1.24913,1.24882,1.248885,751.7099870964885
2024-05-09 00:45:00+00:00,1.24888,1.24933,1.2488700000000001,1.249,1503.3599741011858
2024-05-09 01:00:00+00:00,1.24899,1.249225,1.24882,1.249205,1888.5299698710442
2024-05-09 01:15:00+00:00,1.2492,1.249285,1.249055,1.24917,2072.1299605220556
2024-05-09 01:30:00+00:00,1.2491750000000001,1.249765,1.249095,1.249665,1319.0699754431844
2024-05-09 01:45:00+00:00,1.24966,1.2496800000000001,1.249375,1.24959,860.2499855831265
2024-05-09 02:00:00+00:00,1.249595,1.24966,1.249375,1.249435,1391.60997223109
2024-05-09 02:15:00+00:00,1.24943,1.249505,1.249345,1.24935,727.4399849995971
2024-05-09 02:30:00+00:00,1.249345,1.2494,1.249275,1.249325,1158.7199797481298
2024-05-09 02:45:00+00:00,1.24933,1.2495150000000002,1.249285,1.24946,1346.9399771690369
2024-05-09 03:00:00+00:00,1.249465,1.249755,1.249415,1.249705,1260.479978904128
2024-05-09 03:15:00+00:00,1.2497150000000001,1.250175,1.249685,1.249875,468.4499886035919
2024-05-09 03:30:00+00:00,1.249865,1.2499,1.249585,1.249685,508.94998800754547
2024-05-09 03:45:00+00:00,1.2496749999999999,1.24978,1.249595,1.2496550000000002,1237.4399773329496
2024-05-09 04:00:00+00:00,1.249665,1.24986,1.2496399999999999,1.24966,1736.8799762278795
2024-05-09 04:15:00+00:00,1.249665,1.249685,1.249455,1.2494900000000002,2639.0699748173356
2024-05-09 04:30:00+00:00,1.249485,1.249515,1.24927,1.24928,1937.4399791806936
2024-05-09 04:45:00+00:00,1.249275,1.24931,1.24905,1.24919,2315.9399639368057
2024-05-09 05:00:00+00:00,1.249195,1.24932,1.24905,1.24905,1433.7599758803844
2024-05-09 05:15:00+00:00,1.2490450000000002,1.24921,1.2490350000000001,1.249165,1387.5299786925316
2024-05-09 05:30:00+00:00,1.249155,1.24923,1.248965,1.24898,1110.239980340004
2024-05-09 05:45:00+00:00,1.248985,1.249125,1.248845,1.24897,992.3999837487936
2024-05-09 06:00:00+00:00,1.248975,1.24914,1.24825,1.248255,1119.689976669848
2024-05-09 06:15:00+00:00,1.2482600000000001,1.2484700000000002,1.24817,1.24847,1057.919979326427
2024-05-09 06:30:00+00:00,1.248465,1.2485650000000001,1.247935,1.2481,1064.9699803516269
2024-05-09 06:45:00+00:00,1.248145,1.248175,1.24777,1.24798,1134.0899801403284
2024-05-09 07:00:00+00:00,1.247975,1.2485249999999999,1.24768,1.248375,2554.739963747561
2024-05-09 07:15:00+00:00,1.24837,1.24848,1.24776,1.247985,1830.0299713611603
2024-05-09 07:30:00+00:00,1.2479749999999998,1.247985,1.24733,1.247415,1697.7599752768874
2024-05-09 07:45:00+00:00,1.247405,1.24793,1.2471,1.247725,2317.90997043252
2024-05-09 08:00:00+00:00,1.2477200000000002,1.24782,1.24736,1.24743,1827.1199750453234
2024-05-09 08:15:00+00:00,1.247425,1.247725,1.247105,1.247235,1348.5299822837114
2024-05-09 08:30:00+00:00,1.24723,1.24762,1.24702,1.247615,1694.0699739456177
2024-05-09 08:45:00+00:00,1.24762,1.2478099999999999,1.247295,1.247315,1299.8399760350585
2024-05-09 09:00:00+00:00,1.2473049999999999,1.2476150000000001,1.2472500000000002,1.247315,1856.4899743050337
2024-05-09 09:15:00+00:00,1.2473649999999998,1.247515,1.247025,1.247415,1079.0399778708816
2024-05-09 09:30:00+00:00,1.247405,1.24864,1.247385,1.24863,1426.4399752095342
2024-05-09 09:45:00+00:00,1.248645,1.2489750000000002,1.248375,1.248715,1175.3099803850055
2024-05-09 10:00:00+00:00,1.24872,1.24972,1.2484950000000001,1.24972,1396.9499726966023
2024-05-09 10:15:00+00:00,1.2497150000000001,1.249735,1.24926,1.249615,1456.4699764177203
2024-05-09 10:30:00+00:00,1.24963,1.2497449999999999,1.2490700000000001,1.24917,1231.6499771922827
2024-05-09 10:45:00+00:00,1.2491750000000001,1.2491750000000001,1.248555,1.248745,2085.819966033101
2024-05-09 11:00:00+00:00,1.24875,1.24875,1.244605,1.24585,9467.97987395525
2024-05-09 11:15:00+00:00,1.2458550000000002,1.24654,1.245425,1.24588,2679.4299572706223
2024-05-09 11:30:00+00:00,1.245885,1.248605,1.2451349999999999,1.24586,7766.209879346192
2024-05-09 11:45:00+00:00,1.245865,1.247605,1.245485,1.246975,5847.689908117056
2024-05-09 12:00:00+00:00,1.24698,1.24851,1.246875,1.248285,3089.7199314832687
2024-05-09 12:15:00+00:00,1.248305,1.248315,1.247025,1.247325,3007.9999561309814
2024-05-09 12:30:00+00:00,1.247335,1.251145,1.247335,1.251115,7290.199883155525
2024-05-09 12:45:00+00:00,1.25109,1.25113,1.24965,1.2502550000000001,4475.969936199486
2024-05-09 13:00:00+00:00,1.250225,1.250225,1.2489400000000002,1.2491249999999998,4094.7299292236567
2024-05-09 13:15:00+00:00,1.24912,1.250225,1.2488199999999998,1.2497850000000001,5027.429936185479
2024-05-09 13:30:00+00:00,1.249805,1.250185,1.249435,1.250155,3699.9599381387234
2024-05-09 13:45:00+00:00,1.25015,1.250525,1.249505,1.249775,3370.5299374833703
2024-05-09 14:00:00+00:00,1.249785,1.25037,1.249665,1.249775,3448.8299380391836
2024-05-09 14:15:00+00:00,1.24972,1.2511999999999999,1.2495850000000002,1.25089,3454.9099392667413
2024-05-09 14:30:00+00:00,1.2508949999999999,1.251895,1.25088,1.250905,3420.809941165149
2024-05-09 14:45:00+00:00,1.2509000000000001,1.251225,1.250695,1.25121,3063.9599538967013
2024-05-09 15:00:00+00:00,1.2511999999999999,1.25208,1.251065,1.25195,2363.8899554014206
2024-05-09 15:15:00+00:00,1.2519550000000002,1.252245,1.251,1.25138,3118.9799543097615
2024-05-09 15:30:00+00:00,1.251385,1.251625,1.25089,1.2509649999999999,1836.479973129928
2024-05-09 15:45:00+00:00,1.2509700000000001,1.251085,1.25,1.25035,1960.7099736630917
2024-05-09 16:00:00+00:00,1.2503549999999999,1.250925,1.2503549999999999,1.250775,1489.1999758705497
2024-05-09 16:15:00+00:00,1.25078,1.25146,1.25075,1.25133,1237.82998111099
2024-05-09 16:30:00+00:00,1.2512750000000001,1.2513450000000002,1.2509649999999999,1.251205,1457.399977363646
2024-05-09 16:45:00+00:00,1.25125,1.2516150000000001,1.251135,1.25141,2214.3899660781026
2024-05-09 17:00:00+00:00,1.251405,1.252145,1.251175,1.252095,1621.4999708458781
2024-05-09 17:15:00+00:00,1.25211,1.2523900000000001,1.25195,1.2523900000000001,1437.4799726381898
2024-05-09 17:30:00+00:00,1.25241,1.25241,1.25179,1.25199,1649.6099762395024
2024-05-09 17:45:00+00:00,1.252005,1.252095,1.251455,1.25146,1850.999976851046
2024-05-09 18:00:00+00:00,1.251465,1.25171,1.25126,1.2515800000000001,2000.1299724131823
2024-05-09 18:15:00+00:00,1.251585,1.252105,1.2514699999999999,1.25207,1214.5199803113937
2024-05-09 18:30:00+00:00,1.2520850000000001,1.252305,1.251985,1.2522799999999998,1266.8699760511518
2024-05-09 18:45:00+00:00,1.2522700000000002,1.252475,1.25216,1.252395,1666.719971716404
2024-05-09 19:00:00+00:00,1.252375,1.25262,1.25225,1.2523849999999999,1073.1299810409546
2024-05-09 19:15:00+00:00,1.25241,1.25248,1.2522799999999998,1.25238,1027.199978813529
2024-05-09 19:30:00+00:00,1.25237,1.252685,1.252275,1.2523749999999998,778.4099853485823
2024-05-09 19:45:00+00:00,1.25237,1.252535,1.252175,1.25229,917.8499825522304
2024-05-09 20:00:00+00:00,1.252265,1.2524250000000001,1.25225,1.252375,211.8599946424365
2024-05-09 20:15:00+00:00,1.2523849999999999,1.2524899999999999,1.252315,1.2523900000000001,340.22999404370785
2024-05-09 20:30:00+00:00,1.2523849999999999,1.2524199999999999,1.252335,1.252395,112.49999749660492
2024-05-09 20:45:00+00:00,1.252395,1.2525249999999999,1.2523300000000002,1.2523849999999999,806.3999854922295
2024-05-09 21:00:00+00:00,1.25238,1.252415,1.2520799999999999,1.252235,411.219997048378
2024-05-09 21:15:00+00:00,1.252245,1.25252,1.252145,1.252245,503.0299887061119
2024-05-09 21:30:00+00:00,1.252285,1.252445,1.252245,1.252345,1358.0999791026115
2024-05-09 21:45:00+00:00,1.252375,1.2524199999999999,1.2522600000000002,1.252355,1955.6099761724472
2024-05-09 22:00:00+00:00,1.252365,1.25299,1.252335,1.252915,644.619990170002
2024-05-09 22:15:00+00:00,1.2529,1.252935,1.2527599999999999,1.25279,512.9999926686287
2024-05-09 22:30:00+00:00,1.252785,1.2528000000000001,1.25258,1.252675,407.5199956893921
2024-05-09 22:45:00+00:00,1.25268,1.252815,1.252625,1.25278,341.81999468803406
2024-05-09 23:00:00+00:00,1.252825,1.2529,1.2527750000000002,1.25286,263.69999646395445
2024-05-09 23:15:00+00:00,1.25281,1.25281,1.25264,1.2526799999999998,181.34999573230743
2024-05-09 23:30:00+00:00,1.25261,1.252685,1.25247,1.25266,264.4499949142337
2024-05-09 23:45:00+00:00,1.2526799999999998,1.2526899999999999,1.252395,1.2524899999999999,474.35999248176813
2024-05-10 00:00:00+00:00,1.25248,1.252605,1.252105,1.252175,932.6099817678332
2024-05-10 00:15:00+00:00,1.252165,1.2522250000000001,1.252005,1.2521900000000001,954.3599816262722
2024-05-10 00:30:00+00:00,1.2522,1.25223,1.25193,1.2520799999999999,1182.11997769773
2024-05-10 00:45:00+00:00,1.252075,1.252105,1.251675,1.2520099999999998,1965.779966942966
2024-05-10 01:00:00+00:00,1.252005,1.252375,1.252005,1.2521849999999999,558.4199864864349
2024-05-10 01:15:00+00:00,1.25218,1.252465,1.2520850000000001,1.252325,469.8899894952774
2024-05-10 01:30:00+00:00,1.252355,1.2524250000000001,1.251865,1.251955,1181.5099757611752
2024-05-10 01:45:00+00:00,1.25197,1.25198,1.251685,1.251725,962.2799833938479
2024-05-10 02:00:00+00:00,1.251715,1.251715,1.25138,1.251515,1244.4599771946669
2024-05-10 02:15:00+00:00,1.251505,1.251505,1.251225,1.251385,1222.6799746081233
2024-05-10 02:30:00+00:00,1.251395,1.25162,1.25136,1.25162,1061.2499837875366
2024-05-10 02:45:00+00:00,1.251625,1.25186,1.25158,1.25172,1924.709968201816
2024-05-10 03:00:00+00:00,1.251715,1.2517900000000002,1.2514599999999998,1.251515,754.439989887178
2024-05-10 03:15:00+00:00,1.25152,1.2515999999999998,1.2514349999999999,1.25152,750.0299870818853
2024-05-10 03:30:00+00:00,1.251515,1.251805,1.2515,1.25166,1401.7499805092812
2024-05-10 03:45:00+00:00,1.25167,1.25173,1.25159,1.251715,1162.0799838975072
2024-05-10 04:00:00+00:00,1.2517200000000002,1.25183,1.251675,1.25171,230.3999948129058
2024-05-10 04:15:00+00:00,1.2517049999999998,1.2518099999999999,1.251665,1.2517399999999999,452.42999082803726
2024-05-10 04:30:00+00:00,1.25174,1.2517999999999998,1.25166,1.25169,1034.9099848270416
2024-05-10 04:45:00+00:00,1.251695,1.25173,1.25148,1.251525,2075.6099641248584
2024-05-10 05:00:00+00:00,1.251525,1.251825,1.251465,1.25171,465.7199897766113
2024-05-10 05:15:00+00:00,1.251695,1.252005,1.251685,1.251875,441.80999195575714
2024-05-10 05:30:00+00:00,1.2518799999999999,1.2519550000000002,1.251675,1.2517049999999998,603.8999885320663
2024-05-10 05:45:00+00:00,1.2516850000000002,1.252105,1.251645,1.252025,1000.319983176887
2024-05-10 06:00:00+00:00,1.25202,1.254075,1.251485,1.253795,5453.119920663536
2024-05-10 06:15:00+00:00,1.25379,1.254045,1.253575,1.25381,1816.10996761173
2024-05-10 06:30:00+00:00,1.25382,1.253835,1.253295,1.2536100000000001,1704.6899702325463
2024-05-10 06:45:00+00:00,1.253635,1.253895,1.2529949999999999,1.253805,2595.4299593940377
2024-05-10 07:00:00+00:00,1.25381,1.25412,1.253525,1.25394,3902.7799380496144
2024-05-10 07:15:00+00:00,1.25393,1.25393,1.2528700000000002,1.253335,2478.269957304001
2024-05-10 07:30:00+00:00,1.253355,1.2537500000000001,1.2527949999999999,1.2533050000000001,2036.0699570477009
2024-05-10 07:45:00+00:00,1.25331,1.2535,1.25277,1.253025,1918.799963787198
2024-05-10 08:00:00+00:00,1.253015,1.253245,1.252485,1.253215,2381.219950594008
2024-05-10 08:15:00+00:00,1.2531949999999998,1.253585,1.253125,1.253185,1977.5799620747566
2024-05-10 08:30:00+00:00,1.253195,1.2534399999999999,1.252755,1.252915,1627.31996768713
2024-05-10 08:45:00+00:00,1.25292,1.253595,1.252865,1.2532450000000002,1441.1399699747562
2024-05-10 09:00:00+00:00,1.25327,1.25348,1.252795,1.2534,2013.4199627935886
2024-05-10 09:15:00+00:00,1.2534049999999999,1.253615,1.25311,1.253415,1471.7199709638953
2024-05-10 09:30:00+00:00,1.2534100000000001,1.253545,1.25313,1.253335,1737.1899758428335
2024-05-10 09:45:00+00:00,1.25333,1.253425,1.252815,1.252985,1439.6399723291397
2024-05-10 10:00:00+00:00,1.25298,1.25298,1.252445,1.2527,1350.0899761095643
2024-05-10 10:15:00+00:00,1.2526950000000001,1.25311,1.25262,1.253005,1050.359978273511
2024-05-10 10:30:00+00:00,1.25301,1.2533400000000001,1.25298,1.253175,1694.9399711042643
2024-05-10 10:45:00+00:00,1.253195,1.25325,1.252935,1.25325,1291.3499730229378
2024-05-10 11:00:00+00:00,1.2532450000000002,1.25332,1.253025,1.2532299999999998,1152.8399791121483
2024-05-10 11:15:00+00:00,1.25324,1.253285,1.25267,1.252685,1540.449978210032
2024-05-10 11:30:00+00:00,1.2526950000000001,1.25313,1.25256,1.25269,1310.0199771672487
2024-05-10 11:45:00+00:00,1.252685,1.25281,1.252335,1.25281,1465.9199716970325
2024-05-10 12:00:00+00:00,1.252815,1.25289,1.252475,1.252815,1893.299971833825
2024-05-10 12:15:00+00:00,1.252805,1.2533,1.252485,1.2529,1708.4099727869034
2024-05-10 12:30:00+00:00,1.2529,1.2530450000000002,1.251835,1.25197,2970.1299467235804
2024-05-10 12:45:00+00:00,1.2519749999999998,1.252495,1.251595,1.2522250000000001,2343.4499550685287
2024-05-10 13:00:00+00:00,1.25224,1.2527,1.252095,1.252605,1586.3999714627862
2024-05-10 13:15:00+00:00,1.25261,1.252965,1.252375,1.252625,1726.0199662670493
2024-05-10 13:30:00+00:00,1.2526350000000002,1.2533599999999998,1.2524549999999999,1.253255,3653.129950210452
2024-05-10 13:45:00+00:00,1.2532649999999999,1.25374,1.2532649999999999,1.253615,3061.199956305325
2024-05-10 14:00:00+00:00,1.25358,1.25364,1.25169,1.25169,5154.449930101633
2024-05-10 14:15:00+00:00,1.251695,1.251705,1.250335,1.250375,3691.659945435822
2024-05-10 14:30:00+00:00,1.250395,1.2518600000000002,1.250395,1.251205,3952.9199443757534
2024-05-10 14:45:00+00:00,1.2511999999999999,1.25159,1.25055,1.250755,3286.3299575448036
2024-05-10 15:00:00+00:00,1.25076,1.25115,1.250265,1.25094,3091.2399515882134
2024-05-10 15:15:00+00:00,1.250955,1.2515749999999999,1.250935,1.251445,2324.4899646788836
2024-05-10 15:30:00+00:00,1.251435,1.252165,1.25134,1.251945,2613.8699663579464
2024-05-10 15:45:00+00:00,1.25194,1.25265,1.25184,1.252605,2214.4199732765555
2024-05-10 16:00:00+00:00,1.252615,1.253315,1.252235,1.253255,1890.1799655929208
2024-05-10 16:15:00+00:00,1.25325,1.2534800000000001,1.25297,1.253005,1970.499970421195
2024-05-10 16:30:00+00:00,1.2530000000000001,1.253595,1.2529249999999998,1.25353,1481.1299758329988
2024-05-10 16:45:00+00:00,1.2535349999999998,1.253705,1.2533400000000001,1.253445,1560.2099826857448
2024-05-10 17:00:00+00:00,1.25347,1.2535699999999999,1.253295,1.25336,1406.9099750742316
2024-05-10 17:15:00+00:00,1.253355,1.25345,1.25299,1.253115,1481.2599823623896
2024-05-10 17:30:00+00:00,1.253095,1.253505,1.252905,1.25323,1031.4499883800745
2024-05-10 17:45:00+00:00,1.25324,1.25329,1.252775,1.252795,1299.6199824884534
2024-05-10 18:00:00+00:00,1.25279,1.2529050000000002,1.25256,1.25279,1902.0699731633067
2024-05-10 18:15:00+00:00,1.252785,1.252855,1.252645,1.252715,750.3399845212698
2024-05-10 18:30:00+00:00,1.252705,1.252735,1.252445,1.252545,358.019994340837
2024-05-10 18:45:00+00:00,1.25254,1.252845,1.252535,1.25274,761.9899910092354
2024-05-10 19:00:00+00:00,1.2527650000000001,1.25299,1.25263,1.252755,702.3599881902337
2024-05-10 19:15:00+00:00,1.252745,1.25312,1.252715,1.253005,361.1699917316437
2024-05-10 19:30:00+00:00,1.2530100000000002,1.2530100000000002,1.2528299999999999,1.252845,556.8599889874458
2024-05-10 19:45:00+00:00,1.25286,1.252955,1.252715,1.2527249999999999,657.1199904680252
2024-05-10 20:00:00+00:00,1.252735,1.25293,1.2526950000000001,1.252925,378.3299938067794
2024-05-10 20:15:00+00:00,1.25292,1.253055,1.252865,1.252945,694.4499880969524
2024-05-10 20:30:00+00:00,1.25294,1.253005,1.2526000000000002,1.252605,353.7399948388338
2024-05-10 20:45:00+00:00,1.2526000000000002,1.252605,1.252305,1.2525149999999998,1047.9099789187312
2024-05-13 00:00:00+00:00,1.252205,1.252365,1.251825,1.25232,633.2099854573607
2024-05-13 00:15:00+00:00,1.2523149999999998,1.252335,1.2519749999999998,1.2520449999999999,691.2899854779243
2024-05-13 00:30:00+00:00,1.25205,1.252165,1.25183,1.252065,1273.5599755048752
2024-05-13 00:45:00+00:00,1.252055,1.2521499999999999,1.25191,1.252145,1429.379972934723
2024-05-13 01:00:00+00:00,1.2521399999999998,1.252445,1.251825,1.25224,819.6599809974432
2024-05-13 01:15:00+00:00,1.25223,1.25241,1.25204,1.252395,1107.4799755811691
2024-05-13 01:30:00+00:00,1.2523900000000001,1.25252,1.251945,1.25206,3154.709942512214
2024-05-13 01:45:00+00:00,1.252055,1.252135,1.251825,1.2520250000000002,2206.5599596872926
2024-05-13 02:00:00+00:00,1.25202,1.25218,1.2519049999999998,1.25217,2128.2899681329727
2024-05-13 02:15:00+00:00,1.252165,1.252255,1.25175,1.251825,1112.489980518818
2024-05-13 02:30:00+00:00,1.251825,1.252255,1.251825,1.252165,632.5499879047275
2024-05-13 02:45:00+00:00,1.252185,1.252655,1.25211,1.252505,2560.529961757362
2024-05-13 03:00:00+00:00,1.252505,1.252555,1.252355,1.252475,2371.709953211248
2024-05-13 03:15:00+00:00,1.25247,1.252635,1.25237,1.252585,2106.089963555336
2024-05-13 03:30:00+00:00,1.25259,1.252625,1.252495,1.25252,655.1999834775925
2024-05-13 03:45:00+00:00,1.2525249999999999,1.25275,1.25251,1.25271,311.6999933421612
2024-05-13 04:00:00+00:00,1.252705,1.25288,1.252535,1.2526,946.4699811190367
2024-05-13 04:15:00+00:00,1.252615,1.2526350000000002,1.2524899999999999,1.252545,1415.3399778977036
2024-05-13 04:30:00+00:00,1.252555,1.252685,1.25251,1.2526,1040.6999877542257
2024-05-13 04:45:00+00:00,1.25259,1.25259,1.25241,1.2524600000000001,1172.5499841496348
2024-05-13 05:00:00+00:00,1.252455,1.25266,1.2524549999999999,1.252645,431.0699899196625
2024-05-13 05:15:00+00:00,1.25264,1.252715,1.25252,1.252615,486.8699900209904
2024-05-13 05:30:00+00:00,1.252625,1.253165,1.2526,1.252935,1569.2399739325047
2024-05-13 05:45:00+00:00,1.25293,1.253065,1.252725,1.25282,1427.0699735209346
2024-05-13 06:00:00+00:00,1.252825,1.25335,1.252685,1.2527599999999999,2765.3999561592937
2024-05-13 06:15:00+00:00,1.252765,1.253575,1.252685,1.2533400000000001,1441.4099768996239
2024-05-13 06:30:00+00:00,1.25335,1.253435,1.25262,1.25295,1617.8099756091833
2024-05-13 06:45:00+00:00,1.25298,1.253095,1.25238,1.25252,2522.7599645107985
2024-05-13 07:00:00+00:00,1.2525300000000001,1.2528299999999999,1.251785,1.25191,2170.719967983663
2024-05-13 07:15:00+00:00,1.25192,1.2524899999999999,1.2519,1.2522199999999999,1673.7099669203162
2024-05-13 07:30:00+00:00,1.252215,1.252785,1.25209,1.2525249999999999,1441.4699710607529
2024-05-13 07:45:00+00:00,1.25251,1.25275,1.25213,1.2523499999999999,1816.7999697849154
2024-05-13 08:00:00+00:00,1.252335,1.25244,1.2519049999999998,1.252405,1795.4499730318785
2024-05-13 08:15:00+00:00,1.25241,1.252535,1.2521200000000001,1.252135,1723.889977902174
2024-05-13 08:30:00+00:00,1.2521300000000002,1.25262,1.2521200000000001,1.2525249999999999,1732.9499649330974
2024-05-13 08:45:00+00:00,1.25252,1.25339,1.252505,1.2533050000000001,1541.7299696952105
2024-05-13 09:00:00+00:00,1.25331,1.2536200000000002,1.2530999999999999,1.25311,1036.1399800777435
2024-05-13 09:15:00+00:00,1.25315,1.25323,1.25288,1.25309,1110.0599809065461
2024-05-13 09:30:00+00:00,1.25308,1.25311,1.252675,1.252915,997.7399817034602
2024-05-13 09:45:00+00:00,1.25291,1.2529599999999999,1.252595,1.252765,1359.2999782338738
2024-05-13 10:00:00+00:00,1.2527599999999999,1.252885,1.2526,1.25279,1407.7799814715981
2024-05-13 10:15:00+00:00,1.2528000000000001,1.2531050000000001,1.2526950000000001,1.252845,884.0199836194515
2024-05-13 10:30:00+00:00,1.25288,1.25333,1.2528299999999999,1.25331,1268.7599728778005
2024-05-13 10:45:00+00:00,1.2533050000000001,1.253765,1.253115,1.2533699999999999,1881.8999705165625
2024-05-13 11:00:00+00:00,1.253375,1.254015,1.253255,1.25401,1540.919977709651
2024-05-13 11:15:00+00:00,1.254005,1.25428,1.25388,1.25403,1254.2699781954288
2024-05-13 11:30:00+00:00,1.254025,1.25506,1.253995,1.254945,1522.2899736016989
2024-05-13 11:45:00+00:00,1.25494,1.25539,1.254575,1.254605,1898.039969213307
2024-05-13 12:00:00+00:00,1.254605,1.255345,1.254545,1.254885,1967.6399716213346
2024-05-13 12:15:00+00:00,1.254905,1.25519,1.254685,1.255145,2277.469968780875
2024-05-13 12:30:00+00:00,1.25516,1.25567,1.2550949999999998,1.255265,1686.0899720713496
2024-05-13 12:45:00+00:00,1.25528,1.2557450000000001,1.25515,1.2555749999999999,2631.0899659842253
2024-05-13 13:00:00+00:00,1.2555900000000002,1.2558,1.255415,1.2557900000000002,1882.7399685755372
2024-05-13 13:15:00+00:00,1.255805,1.256285,1.255675,1.255895,1500.50997441262
2024-05-13 13:30:00+00:00,1.255905,1.2562600000000002,1.25583,1.25611,3051.1499634087086
2024-05-13 13:45:00+00:00,1.256105,1.2566350000000002,1.2560799999999999,1.25647,2150.699967056513
2024-05-13 14:00:00+00:00,1.25648,1.25648,1.255435,1.255605,1958.6699605509639
2024-05-13 14:15:00+00:00,1.2556,1.256485,1.2556,1.256325,2627.909965276718
2024-05-13 14:30:00+00:00,1.25633,1.2568549999999998,1.25599,1.2567949999999999,2582.2799651548266
2024-05-13 14:45:00+00:00,1.256785,1.25687,1.256275,1.256295,3414.08996206522
2024-05-13 15:00:00+00:00,1.2563,1.2563,1.254685,1.2553450000000002,4767.799940533936
2024-05-13 15:15:00+00:00,1.25534,1.255755,1.2551999999999999,1.25525,3258.53995231539
2024-05-13 15:30:00+00:00,1.2552400000000001,1.255595,1.255105,1.255425,2056.049966581166
2024-05-13 15:45:00+00:00,1.255415,1.25605,1.25538,1.25605,1764.0999704375863
2024-05-13 16:00:00+00:00,1.256005,1.2564000000000002,1.255985,1.256335,1182.3299848362803
2024-05-13 16:15:00+00:00,1.256325,1.256715,1.25625,1.256555,1338.269975066185
2024-05-13 16:30:00+00:00,1.25656,1.256675,1.256295,1.2564099999999998,1262.9699769541621
2024-05-13 16:45:00+00:00,1.25638,1.25654,1.256015,1.2561300000000002,676.8299872353673
2024-05-13 17:00:00+00:00,1.25611,1.256375,1.255325,1.255325,1425.659981250763
2024-05-13 17:15:00+00:00,1.25533,1.255945,1.255325,1.255915,1014.779981970787
2024-05-13 17:30:00+00:00,1.25591,1.255945,1.25566,1.2557049999999998,495.56999058276415
2024-05-13 17:45:00+00:00,1.25571,1.25608,1.255655,1.2559900000000002,1313.33998554945
2024-05-13 18:00:00+00:00,1.255995,1.256,1.25545,1.25562,1699.6199780479074
2024-05-13 18:15:00+00:00,1.255625,1.2558449999999999,1.255595,1.2557450000000001,527.8199883103371
2024-05-13 18:30:00+00:00,1.255735,1.256125,1.25564,1.255965,757.5599868893623
2024-05-13 18:45:00+00:00,1.2559550000000002,1.256065,1.25562,1.255755,1259.459984332323
2024-05-13 19:00:00+00:00,1.25575,1.255775,1.255425,1.255555,877.6599899306893
2024-05-13 19:15:00+00:00,1.25555,1.25566,1.2554150000000002,1.25556,1292.90998005867
2024-05-13 19:30:00+00:00,1.255555,1.2556500000000002,1.255455,1.25555,274.3199945166707
2024-05-13 19:45:00+00:00,1.2555450000000001,1.255565,1.255305,1.2555049999999999,420.6599919870496
2024-05-13 20:00:00+00:00,1.2555299999999998,1.2555299999999998,1.255335,1.25538,454.88999155163765
2024-05-13 20:15:00+00:00,1.255415,1.255665,1.255415,1.255665,210.65999699383974
2024-05-13 20:30:00+00:00,1.25566,1.25593,1.255585,1.25591,621.3599891662598
2024-05-13 20:45:00+00:00,1.255885,1.2560449999999999,1.25584,1.255915,320.6699923351407
2024-05-13 21:00:00+00:00,1.2558799999999999,1.256075,1.25576,1.255835,484.8199927210808
2024-05-13 21:15:00+00:00,1.25583,1.255975,1.2556699999999998,1.2558500000000001,819.4599868357182
2024-05-13 21:30:00+00:00,1.25584,1.25599,1.255695,1.25582,1394.3299793377519
2024-05-13 21:45:00+00:00,1.25583,1.2560099999999998,1.255705,1.25589,1927.1599811911583
2024-05-13 22:00:00+00:00,1.255895,1.2560850000000001,1.255885,1.255935,422.5499921441078
2024-05-13 22:15:00+00:00,1.25593,1.255935,1.255825,1.25584,45.4499990940094
2024-05-13 22:30:00+00:00,1.255825,1.25597,1.255815,1.255925,125.48999690264463
2024-05-13 22:45:00+00:00,1.2559300000000002,1.2559300000000002,1.25572,1.25583,104.93999779224396
2024-05-13 23:00:00+00:00,1.25582,1.2559200000000001,1.25572,1.255835,140.21999740600586
2024-05-13 23:15:00+00:00,1.25584,1.25597,1.255835,1.2559399999999998,135.89999639987946
2024-05-13 23:30:00+00:00,1.255935,1.2559399999999998,1.255865,1.255865,84.14999783039093
2024-05-13 23:45:00+00:00,1.255895,1.256225,1.255895,1.256005,256.1699961349368
2024-05-14 00:00:00+00:00,1.256005,1.25607,1.25561,1.2557800000000001,873.6899828612804
2024-05-14 00:15:00+00:00,1.25576,1.255835,1.25542,1.25543,580.9499868154526
2024-05-14 00:30:00+00:00,1.255445,1.25557,1.255355,1.2554349999999999,534.689988553524
2024-05-14 00:45:00+00:00,1.25543,1.255865,1.25542,1.25573,1187.9799863621593
2024-05-14 01:00:00+00:00,1.255735,1.255965,1.2556850000000002,1.255755,900.7199809104204
2024-05-14 01:15:00+00:00,1.2557450000000001,1.25576,1.2554400000000001,1.2555200000000002,1468.8899686262012
2024-05-14 01:30:00+00:00,1.255515,1.255615,1.2553,1.255385,1834.2299711033702
2024-05-14 01:45:00+00:00,1.255405,1.25576,1.255405,1.25564,2099.8199660405517
2024-05-14 02:00:00+00:00,1.255645,1.25566,1.255495,1.2556150000000001,1113.2999827861786
2024-05-14 02:15:00+00:00,1.255605,1.255645,1.255445,1.2555100000000001,1768.019979096949
2024-05-14 02:30:00+00:00,1.2555100000000001,1.25562,1.255425,1.255525,712.0799896344543
2024-05-14 02:45:00+00:00,1.25553,1.255705,1.25541,1.25567,1370.5199775248766
2024-05-14 03:00:00+00:00,1.25568,1.255795,1.25553,1.255555,1629.3599749207497
2024-05-14 03:15:00+00:00,1.25555,1.25574,1.25552,1.255715,1585.439975142479
2024-05-14 03:30:00+00:00,1.2557200000000002,1.25595,1.25565,1.25584,1451.3099769800901
2024-05-14 03:45:00+00:00,1.255835,1.255935,1.25565,1.25593,1725.2999734804034
2024-05-14 04:00:00+00:00,1.255935,1.25597,1.255775,1.255805,867.5399827808142
2024-05-14 04:15:00+00:00,1.2557999999999998,1.25584,1.25559,1.2556150000000001,754.0199847221375
2024-05-14 04:30:00+00:00,1.25561,1.25567,1.2554599999999998,1.255635,924.2699824124575
2024-05-14 04:45:00+00:00,1.25564,1.255645,1.255315,1.25542,1291.7699739038944
2024-05-14 05:00:00+00:00,1.2554150000000002,1.255455,1.255245,1.25542,379.67999271303415
2024-05-14 05:15:00+00:00,1.255425,1.255645,1.255405,1.255505,1207.0499754399061
2024-05-14 05:30:00+00:00,1.2555,1.2557450000000001,1.2554949999999998,1.255655,1169.3999843522906
2024-05-14 05:45:00+00:00,1.25565,1.255655,1.2552050000000001,1.255355,1526.3099736347795
2024-05-14 06:00:00+00:00,1.255385,1.2562,1.254695,1.2559,2886.389948554337
2024-05-14 06:15:00+00:00,1.255905,1.256345,1.255555,1.255625,1710.8699691444635
2024-05-14 06:30:00+00:00,1.25563,1.2558150000000001,1.255165,1.255665,1524.6899710074067
2024-05-14 06:45:00+00:00,1.2556699999999998,1.256065,1.2556,1.255875,1269.2099787592888
2024-05-14 07:00:00+00:00,1.25587,1.2559550000000002,1.2551350000000001,1.255215,2410.409961953759
2024-05-14 07:15:00+00:00,1.25518,1.2552400000000001,1.25464,1.254915,2982.689954727888
2024-05-14 07:30:00+00:00,1.2549199999999998,1.25514,1.25467,1.25514,1751.3099687993526
2024-05-14 07:45:00+00:00,1.25513,1.25526,1.254645,1.25522,1914.149963594973
2024-05-14 08:00:00+00:00,1.255235,1.25534,1.252165,1.25218,4956.629917189479
2024-05-14 08:15:00+00:00,1.2521849999999999,1.252435,1.25095,1.25134,3320.779940366745
2024-05-14 08:30:00+00:00,1.25135,1.25233,1.251105,1.252135,3368.989949338138
2024-05-14 08:45:00+00:00,1.252125,1.25313,1.251915,1.25286,2544.6099611744285
2024-05-14 09:00:00+00:00,1.252865,1.253425,1.252625,1.253395,3017.8299490213394
2024-05-14 09:15:00+00:00,1.253415,1.25388,1.253365,1.253765,2094.179958663881
2024-05-14 09:30:00+00:00,1.2537699999999998,1.253945,1.253325,1.25354,1384.6199743002653
2024-05-14 09:45:00+00:00,1.253535,1.254445,1.2535150000000002,1.2543549999999999,1146.6499764695764
2024-05-14 10:00:00+00:00,1.254365,1.25505,1.254345,1.254915,1031.5799799337983
2024-05-14 10:15:00+00:00,1.254905,1.25521,1.254715,1.255105,1385.4999775215983
2024-05-14 10:30:00+00:00,1.255115,1.2553999999999998,1.2548,1.25539,1042.5899792015553
2024-05-14 10:45:00+00:00,1.255375,1.255805,1.25534,1.25542,1896.53997194767
2024-05-14 11:00:00+00:00,1.2554400000000001,1.25574,1.255265,1.25571,1831.3199725747108
2024-05-14 11:15:00+00:00,1.255715,1.2559049999999998,1.255465,1.2555299999999998,1460.8499756231904
2024-05-14 11:30:00+00:00,1.2555649999999998,1.25591,1.2555649999999998,1.25571,926.3699837625027
2024-05-14 11:45:00+00:00,1.25571,1.25571,1.255145,1.2552050000000001,1106.7899817824364
2024-05-14 12:00:00+00:00,1.255175,1.25593,1.25514,1.2558449999999999,1557.2499690204859
2024-05-14 12:15:00+00:00,1.2558500000000001,1.25605,1.25555,1.2555800000000001,2335.5599620193243
2024-05-14 12:30:00+00:00,1.255565,1.256285,1.252005,1.2559200000000001,13644.259799711406
2024-05-14 12:45:00+00:00,1.25593,1.2564950000000001,1.2551350000000001,1.25533,5319.739912822843
2024-05-14 13:00:00+00:00,1.255325,1.2580200000000001,1.25489,1.257675,8377.959877572954
2024-05-14 13:15:00+00:00,1.257685,1.25793,1.256945,1.257245,5641.739928856492
2024-05-14 13:30:00+00:00,1.257275,1.2576399999999999,1.25671,1.25726,5243.219931699336
2024-05-14 13:45:00+00:00,1.25725,1.258425,1.2571750000000002,1.2583799999999998,3291.5999467670918
2024-05-14 14:00:00+00:00,1.25836,1.258455,1.25754,1.257695,3405.509951941669
2024-05-14 14:15:00+00:00,1.257705,1.257835,1.256935,1.2569949999999999,4316.009944066405
2024-05-14 14:30:00+00:00,1.256985,1.257755,1.25682,1.257665,3519.4499482885003
2024-05-14 14:45:00+00:00,1.2576749999999999,1.25919,1.25756,1.25885,4250.599941045046
2024-05-14 15:00:00+00:00,1.258845,1.258845,1.2580149999999999,1.258435,2677.9899601712823
2024-05-14 15:15:00+00:00,1.258445,1.258655,1.2579850000000001,1.2582499999999999,3976.8599494993687
2024-05-14 15:30:00+00:00,1.25827,1.258885,1.258245,1.258865,2759.3099691420794
2024-05-14 15:45:00+00:00,1.258875,1.2593,1.25864,1.25881,2201.049976557493
2024-05-14 16:00:00+00:00,1.258805,1.25881,1.2582499999999999,1.25866,1516.139969728887
2024-05-14 16:15:00+00:00,1.258665,1.258685,1.25812,1.258345,1317.959979891777
2024-05-14 16:30:00+00:00,1.258345,1.258925,1.258315,1.258545,1223.9099798202515
2024-05-14 16:45:00+00:00,1.25855,1.2588,1.25833,1.25853,943.199982136488
2024-05-14 17:00:00+00:00,1.25854,1.25869,1.2583000000000002,1.258515,1046.939982227981
2024-05-14 17:15:00+00:00,1.258505,1.258565,1.258145,1.258435,628.7699898257852
2024-05-14 17:30:00+00:00,1.258445,1.258515,1.258205,1.258365,1003.1099862679839
2024-05-14 17:45:00+00:00,1.25837,1.258585,1.258295,1.258495,837.3299886137247
2024-05-14 18:00:00+00:00,1.2584849999999999,1.259085,1.2584849999999999,1.25902,925.1999859288335
2024-05-14 18:15:00+00:00,1.2590249999999998,1.2591100000000002,1.2588949999999999,1.25899,820.209990426898
2024-05-14 18:30:00+00:00,1.258995,1.2591700000000001,1.258805,1.259055,1094.519989028573
2024-05-14 18:45:00+00:00,1.25906,1.25915,1.2588300000000001,1.2589000000000001,1750.1699790805578
2024-05-14 19:00:00+00:00,1.258905,1.2591700000000001,1.258905,1.259155,1237.3499887734652
2024-05-14 19:15:00+00:00,1.25915,1.259225,1.25899,1.259195,564.4499920159578
2024-05-14 19:30:00+00:00,1.25916,1.2591999999999999,1.259005,1.259145,666.599989913404
2024-05-14 19:45:00+00:00,1.259125,1.25921,1.258985,1.2590050000000002,575.4599891901016
2024-05-14 20:00:00+00:00,1.25901,1.259175,1.2589299999999999,1.258965,495.53999304026365
2024-05-14 20:15:00+00:00,1.258945,1.25903,1.2589199999999998,1.25896,230.33999675512314
2024-05-14 20:30:00+00:00,1.2589700000000001,1.259105,1.25892,1.25892,199.40999560803175
2024-05-14 20:45:00+00:00,1.258915,1.2592500000000002,1.258915,1.2591700000000001,777.1199827194214
2024-05-14 21:00:00+00:00,1.259185,1.25925,1.2588,1.258915,788.9799976795912
2024-05-14 21:15:00+00:00,1.2588849999999998,1.25914,1.258735,1.2591,469.76999656111
2024-05-14 21:30:00+00:00,1.25911,1.259115,1.2588949999999999,1.25895,328.35999459028244
2024-05-14 21:45:00+00:00,1.25895,1.25908,1.2589000000000001,1.25907,470.46999406814575
2024-05-14 22:00:00+00:00,1.2590400000000002,1.25911,1.25882,1.2588249999999999,447.7499917149544
2024-05-14 22:15:00+00:00,1.2588300000000001,1.25894,1.258775,1.25892,171.4499980211258
2024-05-14 22:30:00+00:00,1.258915,1.259015,1.258905,1.2589299999999999,324.20999401062727
2024-05-14 22:45:00+00:00,1.258935,1.258965,1.258905,1.2589199999999998,129.71999779343605
2024-05-14 23:00:00+00:00,1.25887,1.25887,1.258785,1.2588,333.77999471873045
2024-05-14 23:15:00+00:00,1.258795,1.25882,1.2587899999999999,1.2588,255.9899963065982
2024-05-14 23:30:00+00:00,1.258815,1.258825,1.258605,1.25861,660.509993776679
2024-05-14 23:45:00+00:00,1.258605,1.25867,1.2583950000000002,1.258405,2125.629978425801
2024-05-15 00:00:00+00:00,1.25839,1.258845,1.258345,1.2587,2807.8599710687995
2024-05-15 00:15:00+00:00,1.258705,1.2590050000000002,1.2587,1.258715,1528.8299742117524
2024-05-15 00:30:00+00:00,1.25871,1.259005,1.2586249999999999,1.25867,635.1299856901169
2024-05-15 00:45:00+00:00,1.25868,1.2589299999999999,1.2586499999999998,1.25884,1003.3199800029397
2024-05-15 01:00:00+00:00,1.2588300000000001,1.2590249999999998,1.258785,1.258855,618.3899870738387
2024-05-15 01:15:00+00:00,1.25884,1.25912,1.258765,1.25907,577.2299869060516
2024-05-15 01:30:00+00:00,1.259045,1.25922,1.258855,1.259115,760.6799828782678
2024-05-15 01:45:00+00:00,1.2591,1.25926,1.259,1.25925,514.7699884101748
2024-05-15 02:00:00+00:00,1.259255,1.259465,1.259195,1.2592050000000001,432.95999202877283
2024-05-15 02:15:00+00:00,1.25919,1.259215,1.25892,1.25911,372.5999928638339
2024-05-15 02:30:00+00:00,1.2591199999999998,1.25965,1.2590949999999999,1.259535,783.1299864947796
2024-05-15 02:45:00+00:00,1.259565,1.259595,1.259305,1.2595049999999999,509.0699887648225
2024-05-15 03:00:00+00:00,1.25952,1.2598,1.259485,1.25976,1084.4099819213152
2024-05-15 03:15:00+00:00,1.259755,1.259905,1.25973,1.2599,316.0799925327301
2024-05-15 03:30:00+00:00,1.25989,1.25995,1.259685,1.25982,324.6599925979972
2024-05-15 03:45:00+00:00,1.2598099999999999,1.259955,1.2597399999999999,1.25982,467.42999040335417
2024-05-15 04:00:00+00:00,1.259825,1.259825,1.25962,1.2596500000000002,847.7099813893437
2024-05-15 04:15:00+00:00,1.25966,1.259695,1.259515,1.2595399999999999,292.4999928474426
2024-05-15 04:30:00+00:00,1.259535,1.259535,1.2592349999999999,1.259325,929.3399859070778
2024-05-15 04:45:00+00:00,1.25933,1.25935,1.259215,1.25933,460.9199905321002
2024-05-15 05:00:00+00:00,1.25932,1.25965,1.25918,1.25955,1099.5899819657207
2024-05-15 05:15:00+00:00,1.259565,1.259595,1.25933,1.259355,1161.0899779200554
2024-05-15 05:30:00+00:00,1.259375,1.259525,1.25924,1.2594400000000001,992.6099845767021
2024-05-15 05:45:00+00:00,1.259435,1.259855,1.25936,1.259805,1103.8199837133288
2024-05-15 06:00:00+00:00,1.25984,1.260015,1.259535,1.259535,1167.209979377687
2024-05-15 06:15:00+00:00,1.25953,1.25953,1.25911,1.2592400000000001,1023.6899780929089
2024-05-15 06:30:00+00:00,1.259215,1.2592349999999999,1.258705,1.25881,2014.4699698910117
2024-05-15 06:45:00+00:00,1.2588249999999999,1.25945,1.258795,1.25935,1785.009973242879
2024-05-15 07:00:00+00:00,1.259355,1.260025,1.259215,1.2596500000000002,2046.929960846901
2024-05-15 07:15:00+00:00,1.2596850000000002,1.259725,1.259165,1.25941,2050.5099665150046
2024-05-15 07:30:00+00:00,1.259405,1.260035,1.2593999999999999,1.2598500000000001,1710.31997217983
2024-05-15 07:45:00+00:00,1.25984,1.2598799999999999,1.259305,1.25945,1322.309975579381
2024-05-15 08:00:00+00:00,1.259435,1.25991,1.25943,1.25982,1450.8899745196104
2024-05-15 08:15:00+00:00,1.25983,1.260705,1.25983,1.260665,2376.8299642652273
2024-05-15 08:30:00+00:00,1.2606600000000001,1.2609650000000001,1.2603499999999999,1.26063,2381.399960771203
2024-05-15 08:45:00+00:00,1.2606549999999999,1.2614049999999999,1.26043,1.26126,1966.5999651029706
2024-05-15 09:00:00+00:00,1.261255,1.261635,1.26095,1.26148,2235.2099640369415
2024-05-15 09:15:00+00:00,1.26146,1.261775,1.26115,1.261595,1334.2699783742428
2024-05-15 09:30:00+00:00,1.26163,1.26215,1.2616,1.262075,1826.0199695453048
2024-05-15 09:45:00+00:00,1.26207,1.26248,1.26203,1.262435,1858.1099696457386
2024-05-15 10:00:00+00:00,1.26243,1.26243,1.261925,1.26206,1292.189979456365
2024-05-15 10:15:00+00:00,1.262105,1.26235,1.261525,1.2616100000000001,1103.1399824023247
2024-05-15 10:30:00+00:00,1.261615,1.2616399999999999,1.261025,1.26115,1203.2599867582321
2024-05-15 10:45:00+00:00,1.261135,1.261315,1.260465,1.260645,2597.1299605220556
2024-05-15 11:00:00+00:00,1.260635,1.261085,1.26032,1.2610700000000001,2178.469966009259
2024-05-15 11:15:00+00:00,1.261075,1.26153,1.2608700000000002,1.2608899999999998,1929.7499699667096
2024-05-15 11:30:00+00:00,1.260895,1.261275,1.260645,1.260955,2144.699968703091
2024-05-15 11:45:00+00:00,1.2609599999999999,1.2613400000000001,1.26064,1.2613400000000001,1651.749970369041
2024-05-15 12:00:00+00:00,1.261345,1.262245,1.26123,1.26156,3187.7699526026845
2024-05-15 12:15:00+00:00,1.261555,1.262245,1.2613750000000001,1.2621099999999998,3318.2299494221807
2024-05-15 12:30:00+00:00,1.261995,1.26706,1.26184,1.26516,15913.019773066044
2024-05-15 12:45:00+00:00,1.265135,1.2652999999999999,1.263645,1.264495,8718.369866013527
2024-05-15 13:00:00+00:00,1.2645,1.266045,1.263765,1.26577,6800.5599011182785
2024-05-15 13:15:00+00:00,1.26578,1.2657850000000002,1.263945,1.26456,5117.139927133918
2024-05-15 13:30:00+00:00,1.264565,1.264635,1.263065,1.263175,5788.7399301454425
2024-05-15 13:45:00+00:00,1.263145,1.263195,1.2614,1.26193,6040.569935321808
2024-05-15 14:00:00+00:00,1.261925,1.262995,1.261525,1.2626849999999998,5186.5399282202125
2024-05-15 14:15:00+00:00,1.262695,1.26349,1.262365,1.26319,3767.5499520003796
2024-05-15 14:30:00+00:00,1.263185,1.264465,1.26308,1.264165,3859.4399428516626
2024-05-15 14:45:00+00:00,1.26416,1.264885,1.26361,1.264835,3712.3999442756176
2024-05-15 15:00:00+00:00,1.264855,1.26604,1.264745,1.266025,3967.689957842231
2024-05-15 15:15:00+00:00,1.26605,1.266905,1.265555,1.266835,3773.899957090616
2024-05-15 15:30:00+00:00,1.2668300000000001,1.267305,1.266205,1.266455,3154.659959822893
2024-05-15 15:45:00+00:00,1.26646,1.266655,1.265435,1.26558,2146.3499609827995
2024-05-15 16:00:00+00:00,1.2655750000000001,1.26616,1.26494,1.26593,2022.4199705794454
2024-05-15 16:15:00+00:00,1.265935,1.26676,1.26555,1.26666,2345.159961268306
2024-05-15 16:30:00+00:00,1.26665,1.26772,1.26661,1.2675,2810.6699653863907
2024-05-15 16:45:00+00:00,1.2675049999999999,1.26759,1.2671700000000001,1.26742,2394.569965660572
2024-05-15 17:00:00+00:00,1.26743,1.268055,1.26722,1.268045,2520.9899710714817
2024-05-15 17:15:00+00:00,1.26804,1.2680449999999999,1.26719,1.267655,1657.979973770678
2024-05-15 17:30:00+00:00,1.26766,1.26814,1.267425,1.26775,1345.469979017973
2024-05-15 17:45:00+00:00,1.2677450000000001,1.268345,1.267605,1.268255,1657.9599767774343
2024-05-15 18:00:00+00:00,1.26825,1.268385,1.2679,1.267905,1320.6699771285057
2024-05-15 18:15:00+00:00,1.2678850000000002,1.2679049999999998,1.267255,1.26764,1882.9499777629972
2024-05-15 18:30:00+00:00,1.267645,1.267725,1.267275,1.26756,1793.5799813270569
2024-05-15 18:45:00+00:00,1.267555,1.26802,1.267385,1.268,1795.5299708470702
2024-05-15 19:00:00+00:00,1.267995,1.2681650000000002,1.26789,1.2679900000000002,1326.5699846595526
2024-05-15 19:15:00+00:00,1.267985,1.268125,1.2678099999999999,1.2678099999999999,1641.629975296557
2024-05-15 19:30:00+00:00,1.267805,1.26794,1.26766,1.2679049999999998,1739.849974513054
2024-05-15 19:45:00+00:00,1.2679,1.26837,1.267895,1.268235,2127.2999738529325
2024-05-15 20:00:00+00:00,1.26822,1.26841,1.268175,1.26824,693.6899899691343
2024-05-15 20:15:00+00:00,1.268265,1.2686250000000001,1.26825,1.26845,814.799985460937
2024-05-15 20:30:00+00:00,1.268445,1.268555,1.268235,1.2683,505.91999004781246
2024-05-15 20:45:00+00:00,1.268305,1.268635,1.2683,1.2685300000000002,1072.759976170957
2024-05-15 21:00:00+00:00,1.268545,1.268545,1.268205,1.26829,516.0099992454052
2024-05-15 21:15:00+00:00,1.268275,1.26858,1.26787,1.2684600000000001,800.7299899831414
2024-05-15 21:30:00+00:00,1.26845,1.268505,1.26836,1.268425,1909.3499876856804
2024-05-15 21:45:00+00:00,1.268395,1.2684449999999998,1.268215,1.2684199999999999,1816.8799923062325
2024-05-15 22:00:00+00:00,1.2683849999999999,1.269035,1.268275,1.268845,700.8699879646301
2024-05-15 22:15:00+00:00,1.2688549999999998,1.26887,1.2686799999999998,1.268825,265.9499944448471
2024-05-15 22:30:00+00:00,1.26883,1.26894,1.2687599999999999,1.26894,236.90999542921782
2024-05-15 22:45:00+00:00,1.268935,1.2689599999999999,1.26885,1.2688700000000002,181.37999682873487
2024-05-15 23:00:00+00:00,1.268885,1.268945,1.268605,1.2688549999999998,460.8599920272827
2024-05-15 23:15:00+00:00,1.26885,1.2691,1.26885,1.269055,593.7399892732501
2024-05-15 23:30:00+00:00,1.26905,1.26935,1.268975,1.269045,528.8999910503626
2024-05-15 23:45:00+00:00,1.269035,1.269415,1.268875,1.26888,454.8899913728237
2024-05-16 00:00:00+00:00,1.26887,1.2690700000000001,1.26853,1.26906,1411.2299688756466
2024-05-16 00:15:00+00:00,1.2690549999999998,1.2694649999999998,1.2688549999999998,1.2693699999999999,2172.189966455102
2024-05-16 00:30:00+00:00,1.2693750000000001,1.269535,1.269275,1.26949,2242.479966416955
2024-05-16 00:45:00+00:00,1.269495,1.2700749999999998,1.269435,1.26994,1973.1499704867601
2024-05-16 01:00:00+00:00,1.2699449999999999,1.269945,1.26872,1.2691750000000002,1669.8899715021253
2024-05-16 01:15:00+00:00,1.26918,1.26989,1.269145,1.26955,2273.8999672308564
2024-05-16 01:30:00+00:00,1.269555,1.26967,1.26911,1.2692649999999999,2590.199955776334
2024-05-16 01:45:00+00:00,1.269285,1.2693050000000001,1.2686350000000002,1.26886,1793.0999633446336
2024-05-16 02:00:00+00:00,1.2688700000000002,1.2688700000000002,1.268385,1.268555,1195.3799745962024
2024-05-16 02:15:00+00:00,1.268545,1.26902,1.268335,1.26894,925.1999790668488
2024-05-16 02:30:00+00:00,1.2689050000000002,1.2693599999999998,1.268865,1.26905,1702.7099686264992
2024-05-16 02:45:00+00:00,1.269045,1.269225,1.2690199999999998,1.269035,1166.8199810013175
2024-05-16 03:00:00+00:00,1.26904,1.269135,1.268745,1.268835,1514.6999703273177
2024-05-16 03:15:00+00:00,1.26883,1.269185,1.268805,1.2691400000000002,1759.52996879071
2024-05-16 03:30:00+00:00,1.269135,1.269475,1.26904,1.2693349999999999,1236.6899771690369
2024-05-16 03:45:00+00:00,1.269315,1.26933,1.269055,1.269185,890.2499839365482
2024-05-16 04:00:00+00:00,1.2691750000000002,1.2691750000000002,1.268735,1.268745,1351.439980559051
2024-05-16 04:15:00+00:00,1.268755,1.268975,1.26874,1.268945,778.3499896898866
2024-05-16 04:30:00+00:00,1.268955,1.2691249999999998,1.26881,1.2690649999999999,1806.86996909976
2024-05-16 04:45:00+00:00,1.26907,1.26908,1.268735,1.2687599999999999,1739.1599689126015
2024-05-16 05:00:00+00:00,1.2687650000000001,1.268865,1.2684549999999999,1.2685,1332.2699791938066
2024-05-16 05:15:00+00:00,1.268515,1.268635,1.2682449999999998,1.268535,968.2199806571007
2024-05-16 05:30:00+00:00,1.26854,1.268665,1.268425,1.26851,894.2699831053615
2024-05-16 05:45:00+00:00,1.2685149999999998,1.268545,1.268195,1.268255,1000.6799845546484
2024-05-16 06:00:00+00:00,1.2682449999999998,1.26843,1.267725,1.267735,2033.3499638959765
2024-05-16 06:15:00+00:00,1.267745,1.26799,1.2677,1.26777,1560.429975003004
2024-05-16 06:30:00+00:00,1.267755,1.267785,1.267415,1.26759,1540.0499730929732
2024-05-16 06:45:00+00:00,1.26758,1.267825,1.26743,1.2677100000000001,1231.799981996417
2024-05-16 07:00:00+00:00,1.2677049999999999,1.268175,1.2675049999999999,1.2680150000000001,2002.7999637201428
2024-05-16 07:15:00+00:00,1.268025,1.268635,1.26793,1.268535,1151.2499758452177
2024-05-16 07:30:00+00:00,1.26855,1.26857,1.2675649999999998,1.26784,2186.9999644607306
2024-05-16 07:45:00+00:00,1.2678449999999999,1.26827,1.2677049999999999,1.267995,2833.5299675539136
2024-05-16 08:00:00+00:00,1.267985,1.26831,1.267425,1.267605,3035.219956114888
2024-05-16 08:15:00+00:00,1.267595,1.267725,1.2670249999999998,1.26739,2353.0799664855003
2024-05-16 08:30:00+00:00,1.2674050000000001,1.267645,1.26703,1.26712,1405.85997466743
2024-05-16 08:45:00+00:00,1.267125,1.2675049999999999,1.26694,1.267455,1067.4299794137478
2024-05-16 09:00:00+00:00,1.26746,1.26756,1.2672249999999998,1.26742,1149.299985356629
2024-05-16 09:15:00+00:00,1.267425,1.2675450000000001,1.26673,1.26673,1127.159981571138
2024-05-16 09:30:00+00:00,1.2667199999999998,1.267115,1.266635,1.26691,1515.7099765241146
2024-05-16 09:45:00+00:00,1.2669199999999998,1.2673299999999998,1.2668400000000002,1.266845,887.6999843716621
2024-05-16 10:00:00+00:00,1.26684,1.267145,1.266705,1.267115,893.3999841436744
2024-05-16 10:15:00+00:00,1.26712,1.267255,1.266835,1.2668949999999999,870.0299846529961
2024-05-16 10:30:00+00:00,1.26692,1.26714,1.26662,1.2671199999999998,1222.3799824044108
2024-05-16 10:45:00+00:00,1.2671100000000002,1.267375,1.266855,1.266935,1053.9599835053086
2024-05-16 11:00:00+00:00,1.266965,1.26755,1.266775,1.267335,1907.5799776241183
2024-05-16 11:15:00+00:00,1.26733,1.26752,1.266235,1.26641,981.1199798732996
2024-05-16 11:30:00+00:00,1.26638,1.26638,1.265505,1.266055,2032.6799657270312
2024-05-16 11:45:00+00:00,1.26605,1.266215,1.265435,1.265635,1853.4299795031548
2024-05-16 12:00:00+00:00,1.26565,1.2659600000000002,1.26545,1.2658900000000002,2125.769972652197
2024-05-16 12:15:00+00:00,1.265885,1.2664,1.265775,1.2660900000000002,2189.7399726584554
2024-05-16 12:30:00+00:00,1.26606,1.266965,1.2653400000000001,1.266155,7126.749924577773
2024-05-16 12:45:00+00:00,1.26616,1.266205,1.26524,1.26546,4211.72993901372
2024-05-16 13:00:00+00:00,1.26545,1.26572,1.26465,1.2655150000000002,3850.7299464643
2024-05-16 13:15:00+00:00,1.265555,1.26593,1.265035,1.265865,3180.089956343174
2024-05-16 13:30:00+00:00,1.26587,1.2660550000000002,1.264445,1.264515,4479.3299523591995
2024-05-16 13:45:00+00:00,1.264535,1.2651750000000002,1.2645,1.26485,2474.7299648299813
2024-05-16 14:00:00+00:00,1.264865,1.265275,1.2643550000000001,1.265255,3053.399954006076
2024-05-16 14:15:00+00:00,1.26525,1.26614,1.265235,1.2660900000000002,2533.3799639344215
2024-05-16 14:30:00+00:00,1.266085,1.2665799999999998,1.266,1.266225,3067.70996312052
2024-05-16 14:45:00+00:00,1.266235,1.26691,1.26604,1.26681,4590.029960624874
2024-05-16 15:00:00+00:00,1.266805,1.267075,1.266635,1.266805,2684.129968523979
2024-05-16 15:15:00+00:00,1.2668,1.267215,1.2667700000000002,1.267105,1115.4599782824516
2024-05-16 15:30:00+00:00,1.2671299999999999,1.267545,1.2671299999999999,1.2675,1204.6499785482883
2024-05-16 15:45:00+00:00,1.2675049999999999,1.2680150000000001,1.2673999999999999,1.267965,1410.4199827089906
2024-05-16 16:00:00+00:00,1.26795,1.26795,1.267245,1.26786,1213.739973962307
2024-05-16 16:15:00+00:00,1.267865,1.267905,1.26745,1.2674699999999999,1153.1199828982353
2024-05-16 16:30:00+00:00,1.267455,1.267555,1.26719,1.267545,727.7399826645851
2024-05-16 16:45:00+00:00,1.267555,1.267585,1.267255,1.267325,835.5099843665957
2024-05-16 17:00:00+00:00,1.267315,1.267525,1.267195,1.26746,635.7299902290106
2024-05-16 17:15:00+00:00,1.267455,1.2676949999999998,1.266945,1.2671199999999998,1196.87997867167
2024-05-16 17:30:00+00:00,1.267145,1.267305,1.26701,1.267185,903.0299859419465
2024-05-16 17:45:00+00:00,1.267195,1.26752,1.2670400000000002,1.267485,814.1999853104353
2024-05-16 18:00:00+00:00,1.267495,1.26766,1.26688,1.266905,1861.6799807474017
2024-05-16 18:15:00+00:00,1.2669000000000001,1.267245,1.26673,1.2671350000000001,1384.4099836051464
2024-05-16 18:30:00+00:00,1.26714,1.267425,1.267115,1.267255,667.6799858063459
2024-05-16 18:45:00+00:00,1.267275,1.267595,1.267215,1.267575,769.0799887403846
2024-05-16 19:00:00+00:00,1.267555,1.267555,1.267235,1.267325,1310.3699866011739
2024-05-16 19:15:00+00:00,1.26732,1.26732,1.26703,1.267035,1043.8799864575267
2024-05-16 19:30:00+00:00,1.267045,1.267045,1.266845,1.26694,907.49998742342
2024-05-16 19:45:00+00:00,1.2669549999999998,1.26705,1.266845,1.26691,547.8899892792106
2024-05-16 20:00:00+00:00,1.26693,1.266985,1.266845,1.266875,469.04999432712793
2024-05-16 20:15:00+00:00,1.26687,1.26696,1.266845,1.266955,113.09999813139439
2024-05-16 20:30:00+00:00,1.26697,1.267055,1.266945,1.266975,149.33999747037888
2024-05-16 20:45:00+00:00,1.26698,1.267045,1.266925,1.266955,247.46999537199736
2024-05-16 21:00:00+00:00,1.26697,1.26717,1.2668149999999998,1.267075,236.1199957728386
2024-05-16 21:15:00+00:00,1.26707,1.2672050000000001,1.2668599999999999,1.266945,404.62999457120895
2024-05-16 21:30:00+00:00,1.2669,1.2670599999999999,1.2669,1.26697,967.0499865412712
2024-05-16 21:45:00+00:00,1.266965,1.26707,1.26695,1.26703,1547.0999878644943
2024-05-16 22:00:00+00:00,1.2670050000000002,1.267195,1.26696,1.2671649999999999,350.0999930500984
2024-05-16 22:15:00+00:00,1.26716,1.267185,1.2671299999999999,1.26716,258.29999363422394
2024-05-16 22:30:00+00:00,1.26715,1.2671549999999998,1.26693,1.26696,311.0399954319
2024-05-16 22:45:00+00:00,1.2669899999999998,1.267255,1.266965,1.26709,292.3199952840805
2024-05-16 23:00:00+00:00,1.267105,1.267235,1.266945,1.26714,158.84999691694975
2024-05-16 23:15:00+00:00,1.26715,1.26725,1.2671000000000001,1.2671000000000001,105.29999721050262
2024-05-16 23:30:00+00:00,1.26714,1.267175,1.267055,1.267065,82.40999840945005
2024-05-16 23:45:00+00:00,1.267075,1.26721,1.267075,1.2671299999999999,107.90999768674374
2024-05-17 00:00:00+00:00,1.2671350000000001,1.267255,1.266695,1.266705,500.27999073266983
2024-05-17 00:15:00+00:00,1.266715,1.266725,1.2664149999999998,1.266445,1091.8799835518003
2024-05-17 00:30:00+00:00,1.266425,1.2665199999999999,1.266275,1.266375,533.639989592135
2024-05-17 00:45:00+00:00,1.26636,1.266675,1.26615,1.26648,1116.239981725812
2024-05-17 01:00:00+00:00,1.266485,1.26653,1.2658,1.265935,1029.8099834546447
2024-05-17 01:15:00+00:00,1.26594,1.265965,1.265435,1.265775,2276.819960437715
2024-05-17 01:30:00+00:00,1.265765,1.26628,1.26575,1.26628,1825.289963722229
2024-05-17 01:45:00+00:00,1.2662849999999999,1.266335,1.2658200000000002,1.265825,1503.1799745112658
2024-05-17 02:00:00+00:00,1.265835,1.2659500000000001,1.26547,1.26574,1191.419974476099
2024-05-17 02:15:00+00:00,1.265745,1.265765,1.265525,1.265555,1091.699979364872
2024-05-17 02:30:00+00:00,1.26555,1.265555,1.265245,1.2653699999999999,454.8599903732538
2024-05-17 02:45:00+00:00,1.265365,1.2656649999999998,1.26525,1.2656399999999999,1301.5199777930975
2024-05-17 03:00:00+00:00,1.265645,1.26585,1.265565,1.265655,987.32998290658
2024-05-17 03:15:00+00:00,1.265665,1.265945,1.265635,1.265945,331.4999914094806
2024-05-17 03:30:00+00:00,1.26594,1.265965,1.265615,1.265755,1199.189977042377
2024-05-17 03:45:00+00:00,1.265715,1.26581,1.2656649999999998,1.2658,458.6099924221635
2024-05-17 04:00:00+00:00,1.265805,1.2658999999999998,1.2656749999999999,1.265755,1402.649978339672
2024-05-17 04:15:00+00:00,1.265735,1.2658,1.265615,1.265635,1521.2399792075157
2024-05-17 04:30:00+00:00,1.265625,1.265685,1.26558,1.265635,2226.179967351258
2024-05-17 04:45:00+00:00,1.26563,1.26566,1.26546,1.265515,825.9599858298898
2024-05-17 05:00:00+00:00,1.265525,1.266015,1.2654200000000002,1.26594,864.5099851638079
2024-05-17 05:15:00+00:00,1.2659449999999999,1.266025,1.2656049999999999,1.265615,2105.7299648076296
2024-05-17 05:30:00+00:00,1.265625,1.266235,1.26553,1.26612,2053.349968984723
2024-05-17 05:45:00+00:00,1.2661250000000002,1.266245,1.265905,1.266135,1146.659977607429
2024-05-17 06:00:00+00:00,1.266115,1.2665700000000002,1.2660550000000002,1.266475,833.4299811646342
2024-05-17 06:15:00+00:00,1.266505,1.266675,1.266165,1.266245,957.6899841949344
2024-05-17 06:30:00+00:00,1.2662149999999999,1.2666300000000001,1.26607,1.266085,1091.699979454279
2024-05-17 06:45:00+00:00,1.266095,1.26635,1.26581,1.266335,1582.079970344901
2024-05-17 07:00:00+00:00,1.2663449999999998,1.26673,1.2662550000000001,1.266585,982.7399775236845
2024-05-17 07:15:00+00:00,1.266575,1.266985,1.266575,1.266755,878.3999802321196
2024-05-17 07:30:00+00:00,1.266715,1.26677,1.266125,1.26616,950.0699777603149
2024-05-17 07:45:00+00:00,1.26615,1.266345,1.2656399999999999,1.265655,1403.7899743020535
2024-05-17 08:00:00+00:00,1.26566,1.26586,1.264875,1.2649650000000001,2303.0699702575803
2024-05-17 08:15:00+00:00,1.26497,1.2653750000000001,1.26488,1.265165,1613.5199721977115
2024-05-17 08:30:00+00:00,1.26516,1.26517,1.2645,1.264765,2030.0999623835087
2024-05-17 08:45:00+00:00,1.26477,1.2649650000000001,1.264635,1.264925,859.8299829363823
2024-05-17 09:00:00+00:00,1.264935,1.2651750000000002,1.26474,1.26486,1152.8699796125293
2024-05-17 09:15:00+00:00,1.2648549999999998,1.265095,1.2647499999999998,1.26485,832.8299857378006
2024-05-17 09:30:00+00:00,1.2648549999999998,1.265615,1.26485,1.26549,967.7399877682328
2024-05-17 09:45:00+00:00,1.265495,1.2656200000000002,1.2653349999999999,1.2655150000000002,1469.0099806040525
2024-05-17 10:00:00+00:00,1.265505,1.265525,1.2650000000000001,1.26518,958.8299840018153
2024-05-17 10:15:00+00:00,1.26511,1.265565,1.265025,1.265495,1062.3699887767434
2024-05-17 10:30:00+00:00,1.2654999999999998,1.265625,1.265385,1.265565,1520.3299852907658
2024-05-17 10:45:00+00:00,1.26556,1.26571,1.2647599999999999,1.26506,1839.119965672493
2024-05-17 11:00:00+00:00,1.265045,1.265205,1.264665,1.26471,1370.3699784353375
2024-05-17 11:15:00+00:00,1.2646950000000001,1.26511,1.264555,1.264995,1238.9699779078364
2024-05-17 11:30:00+00:00,1.26498,1.265455,1.2649599999999999,1.265415,1258.0799841955304
2024-05-17 11:45:00+00:00,1.26541,1.265615,1.26538,1.2654,925.0399859920144
2024-05-17 12:00:00+00:00,1.2653949999999998,1.2659099999999999,1.26515,1.26525,1917.039976671338
2024-05-17 12:15:00+00:00,1.265255,1.265555,1.2651750000000002,1.265535,1439.7999803200364
2024-05-17 12:30:00+00:00,1.265525,1.265885,1.265385,1.26578,1200.4799772277474
2024-05-17 12:45:00+00:00,1.265775,1.2661600000000002,1.265745,1.26597,1783.0799691602588
2024-05-17 13:00:00+00:00,1.265975,1.2667549999999999,1.265965,1.2666300000000001,2509.029964916408
2024-05-17 13:15:00+00:00,1.26662,1.2670050000000002,1.266575,1.26689,1967.9099729657173
2024-05-17 13:30:00+00:00,1.26691,1.267235,1.2660749999999998,1.266305,1814.8999685198069
2024-05-17 13:45:00+00:00,1.26631,1.26763,1.266245,1.267595,2033.2299706190825
2024-05-17 14:00:00+00:00,1.2676,1.2681200000000001,1.26739,1.26791,2706.8699630200863
2024-05-17 14:15:00+00:00,1.26792,1.268035,1.267585,1.26798,1315.7699743285775
2024-05-17 14:30:00+00:00,1.267975,1.2693349999999999,1.267965,1.269285,2189.719967253506
2024-05-17 14:45:00+00:00,1.269295,1.2699500000000001,1.2692450000000002,1.269815,2250.329961322248
2024-05-17 15:00:00+00:00,1.26983,1.270385,1.269505,1.26959,2651.5499554127455
2024-05-17 15:15:00+00:00,1.269585,1.270835,1.269465,1.270575,2244.749959990382
2024-05-17 15:30:00+00:00,1.270565,1.270565,1.26935,1.269895,1838.229967288673
2024-05-17 15:45:00+00:00,1.269895,1.270375,1.2696,1.2701500000000001,1570.319972589612
2024-05-17 16:00:00+00:00,1.27016,1.27087,1.27016,1.27068,1510.7099758982658
2024-05-17 16:15:00+00:00,1.270725,1.270855,1.2702550000000001,1.27026,1117.2299807965755
2024-05-17 16:30:00+00:00,1.270275,1.27035,1.26996,1.2701,886.6199845597148
2024-05-17 16:45:00+00:00,1.27011,1.2702,1.269905,1.2701099999999999,787.559984266758
2024-05-17 17:00:00+00:00,1.270115,1.270835,1.2701,1.27071,1366.2599785625935
2024-05-17 17:15:00+00:00,1.270705,1.271175,1.270675,1.2708,861.2999853491783
2024-05-17 17:30:00+00:00,1.270805,1.270835,1.270495,1.270565,969.9599855989218
2024-05-17 17:45:00+00:00,1.27058,1.27082,1.2704499999999999,1.270615,876.5099857598543
2024-05-17 18:00:00+00:00,1.2706300000000001,1.2707899999999999,1.2705549999999999,1.270565,555.9599924087524
2024-05-17 18:15:00+00:00,1.2705600000000001,1.270705,1.2701500000000001,1.270365,606.0599906817079
2024-05-17 18:30:00+00:00,1.270375,1.270585,1.270375,1.270575,335.06999488174915
2024-05-17 18:45:00+00:00,1.270565,1.2709899999999998,1.2705549999999999,1.270855,1543.8299844264984
2024-05-17 19:00:00+00:00,1.2708499999999998,1.2708499999999998,1.27042,1.2705899999999999,1035.0599874258041
2024-05-17 19:15:00+00:00,1.270585,1.270855,1.270565,1.270855,619.1399923563004
2024-05-17 19:30:00+00:00,1.2708599999999999,1.2708650000000001,1.27054,1.270575,565.7099883556366
2024-05-17 19:45:00+00:00,1.270565,1.27074,1.27035,1.27068,664.2599910199642
2024-05-17 20:00:00+00:00,1.270695,1.270695,1.27044,1.2704849999999999,254.249996624887
2024-05-17 20:15:00+00:00,1.27051,1.2705899999999999,1.27041,1.2704650000000002,229.4999961555004
2024-05-17 20:30:00+00:00,1.27047,1.270535,1.27014,1.270235,254.6999957561493
2024-05-17 20:45:00+00:00,1.2702149999999999,1.2702149999999999,1.27001,1.2701500000000001,1862.4799820184708
2024-05-20 00:00:00+00:00,1.270605,1.270605,1.2698399999999999,1.2698450000000001,1324.7699787020683
2024-05-20 00:15:00+00:00,1.269825,1.2707700000000002,1.269685,1.2706650000000002,1032.959983550012
2024-05-20 00:30:00+00:00,1.270655,1.270855,1.270465,1.270615,835.0799838528037
2024-05-20 00:45:00+00:00,1.270595,1.270695,1.270395,1.270505,852.6299819126725
2024-05-20 01:00:00+00:00,1.270495,1.2706650000000002,1.2702550000000001,1.2705600000000001,1758.1499642580748
2024-05-20 01:15:00+00:00,1.27054,1.270705,1.27027,1.270395,2169.6599606499076
2024-05-20 01:30:00+00:00,1.270385,1.2703950000000002,1.2700399999999998,1.27033,3459.659938059747
2024-05-20 01:45:00+00:00,1.2703250000000001,1.270765,1.2702499999999999,1.270585,4176.989947743714
2024-05-20 02:00:00+00:00,1.270575,1.270605,1.270265,1.27028,1741.7099740728736
2024-05-20 02:15:00+00:00,1.2702849999999999,1.270405,1.270185,1.2702149999999999,1324.949978865683
2024-05-20 02:30:00+00:00,1.27021,1.2704300000000002,1.27008,1.270305,834.6999880746007
2024-05-20 02:45:00+00:00,1.27031,1.27047,1.270205,1.2704,344.3399924337864
2024-05-20 03:00:00+00:00,1.2703950000000002,1.27042,1.2701,1.27029,850.0799873769283
2024-05-20 03:15:00+00:00,1.270345,1.2703950000000002,1.27008,1.27028,673.0799889713526
2024-05-20 03:30:00+00:00,1.2702849999999999,1.270655,1.27028,1.2705899999999999,751.649989835918
2024-05-20 03:45:00+00:00,1.27058,1.27069,1.27046,1.27046,757.6499884575605
2024-05-20 04:00:00+00:00,1.270465,1.270915,1.27041,1.2709000000000001,355.0799929127097
2024-05-20 04:15:00+00:00,1.2708949999999999,1.27111,1.2708,1.2708949999999999,834.8099839091301
2024-05-20 04:30:00+00:00,1.2709000000000001,1.270915,1.270705,1.270765,404.8799943178892
2024-05-20 04:45:00+00:00,1.2707549999999999,1.270845,1.270735,1.2707950000000001,111.59999704360962
2024-05-20 05:00:00+00:00,1.270765,1.2708,1.2705549999999999,1.27069,2279.489979058504
2024-05-20 05:15:00+00:00,1.270695,1.2707549999999999,1.2704550000000001,1.270475,427.7699947953224
2024-05-20 05:30:00+00:00,1.2704849999999999,1.27073,1.270465,1.27071,1049.8499823585153
2024-05-20 05:45:00+00:00,1.270705,1.270825,1.2705700000000002,1.2706300000000001,1692.929969124496
2024-05-20 06:00:00+00:00,1.270625,1.270935,1.27047,1.27047,1758.0599729120731
2024-05-20 06:15:00+00:00,1.270475,1.2705950000000001,1.2698999999999998,1.27019,1189.2599781006575
2024-05-20 06:30:00+00:00,1.270195,1.270565,1.2701449999999999,1.27045,836.0699829235673
2024-05-20 06:45:00+00:00,1.27047,1.270745,1.269875,1.270055,1553.329972885549
2024-05-20 07:00:00+00:00,1.270065,1.2706499999999998,1.269645,1.2698550000000002,2113.6399686932564
2024-05-20 07:15:00+00:00,1.26985,1.26986,1.2689300000000001,1.2692450000000002,2083.539972797036
2024-05-20 07:30:00+00:00,1.269255,1.2699799999999999,1.269245,1.26974,1519.7399717867374
2024-05-20 07:45:00+00:00,1.269745,1.2698399999999999,1.269025,1.2694450000000002,1647.2199756801128
2024-05-20 08:00:00+00:00,1.269435,1.2698049999999999,1.269265,1.26958,1246.5299784243107
2024-05-20 08:15:00+00:00,1.269565,1.27,1.269555,1.2699850000000001,1026.509976670146
2024-05-20 08:30:00+00:00,1.27,1.2701,1.269485,1.26976,857.769985832274
2024-05-20 08:45:00+00:00,1.269775,1.270725,1.26977,1.270505,1673.5899808257818
2024-05-20 09:00:00+00:00,1.270505,1.270515,1.26989,1.270105,1563.8699776306748
2024-05-20 09:15:00+00:00,1.270125,1.2705,1.27007,1.270165,934.7399829030037
2024-05-20 09:30:00+00:00,1.27017,1.27051,1.2700550000000002,1.2701799999999999,519.7899888530374
2024-05-20 09:45:00+00:00,1.270165,1.2704650000000002,1.270085,1.2704149999999998,660.1799886971712
2024-05-20 10:00:00+00:00,1.270415,1.27058,1.270085,1.2702499999999999,1034.4899829179049
2024-05-20 10:15:00+00:00,1.27021,1.270595,1.27021,1.270505,915.719985678792
2024-05-20 10:30:00+00:00,1.2705,1.2705250000000001,1.269925,1.27042,1203.1199806779623
2024-05-20 10:45:00+00:00,1.270425,1.270515,1.27003,1.270205,1314.8399837240577
2024-05-20 11:00:00+00:00,1.27021,1.270425,1.26969,1.269795,889.0799823999405
2024-05-20 11:15:00+00:00,1.2698,1.2699850000000001,1.269475,1.26967,1501.829982355237
2024-05-20 11:30:00+00:00,1.26965,1.270005,1.2696049999999999,1.269885,1350.0599798113108
2024-05-20 11:45:00+00:00,1.269875,1.27021,1.269475,1.269535,880.6499810665846
2024-05-20 12:00:00+00:00,1.26955,1.269695,1.26925,1.269365,2303.6099646240473
2024-05-20 12:15:00+00:00,1.26936,1.269975,1.269305,1.269725,2426.1399651691318
2024-05-20 12:30:00+00:00,1.26972,1.2701799999999999,1.2694800000000002,1.2694899999999998,2984.3699531406164
2024-05-20 12:45:00+00:00,1.269495,1.269885,1.269275,1.269625,2519.3999611139297
2024-05-20 13:00:00+00:00,1.26962,1.27024,1.269585,1.26982,3762.7499504089355
2024-05-20 13:15:00+00:00,1.269825,1.2702849999999999,1.26979,1.270045,1849.9799708276987
2024-05-20 13:30:00+00:00,1.2700550000000002,1.270645,1.26971,1.27057,2367.7499585822225
2024-05-20 13:45:00+00:00,1.270555,1.270585,1.270115,1.27041,1389.8699718937278
2024-05-20 14:00:00+00:00,1.270405,1.270965,1.27024,1.270785,1882.049968533218
2024-05-20 14:15:00+00:00,1.270795,1.2708249999999999,1.2700550000000002,1.270715,1975.1699661314487
2024-05-20 14:30:00+00:00,1.270705,1.271195,1.270655,1.270815,1561.4099693745375
2024-05-20 14:45:00+00:00,1.270825,1.27116,1.270655,1.270785,3091.449963338673
2024-05-20 15:00:00+00:00,1.2707899999999999,1.2708300000000001,1.270155,1.27046,1864.9199697971344
2024-05-20 15:15:00+00:00,1.2704499999999999,1.2708,1.2703,1.270515,1421.8499687835574
2024-05-20 15:30:00+00:00,1.27053,1.2707,1.270265,1.270385,1556.0399781689048
2024-05-20 15:45:00+00:00,1.270405,1.270635,1.270175,1.27048,1700.6999727115035
2024-05-20 16:00:00+00:00,1.2704900000000001,1.27089,1.2704550000000001,1.270715,1071.299983419478
2024-05-20 16:15:00+00:00,1.270725,1.271425,1.27069,1.271355,1112.8899868950248
2024-05-20 16:30:00+00:00,1.27135,1.2717749999999999,1.27129,1.271595,732.9899848550558
2024-05-20 16:45:00+00:00,1.27159,1.27184,1.27153,1.271775,921.6599836796522
2024-05-20 17:00:00+00:00,1.27177,1.27256,1.27163,1.2721550000000001,1562.6599774435163
2024-05-20 17:15:00+00:00,1.2721399999999998,1.27224,1.271315,1.27143,1345.3299797698855
2024-05-20 17:30:00+00:00,1.2714349999999999,1.271435,1.27089,1.271255,1151.549987964332
2024-05-20 17:45:00+00:00,1.27125,1.2714349999999999,1.27093,1.271105,619.739988155663
2024-05-20 18:00:00+00:00,1.2711000000000001,1.271215,1.2707199999999998,1.270725,731.4899873882532
2024-05-20 18:15:00+00:00,1.27072,1.27107,1.27046,1.271035,1198.2599831596017
2024-05-20 18:30:00+00:00,1.271045,1.27126,1.2709549999999998,1.271155,463.70999332517385
2024-05-20 18:45:00+00:00,1.271145,1.27123,1.270945,1.271145,500.36999075859785
2024-05-20 19:00:00+00:00,1.27109,1.2711700000000001,1.271015,1.271055,269.84999468922615
2024-05-20 19:15:00+00:00,1.27105,1.2710650000000001,1.270735,1.27085,303.7799949273467
2024-05-20 19:30:00+00:00,1.270855,1.2709350000000001,1.270705,1.270725,537.3299918100238
2024-05-20 19:45:00+00:00,1.2707199999999998,1.270775,1.270525,1.270745,1197.8699851483107
2024-05-20 20:00:00+00:00,1.27074,1.2707899999999999,1.27053,1.27053,306.56999741494656
2024-05-20 20:15:00+00:00,1.2705250000000001,1.2706,1.270425,1.2705549999999999,327.3599943444133
2024-05-20 20:30:00+00:00,1.270565,1.270705,1.2705549999999999,1.270575,146.69999729841948
2024-05-20 20:45:00+00:00,1.2705899999999999,1.270695,1.2705549999999999,1.270625,330.5399932488799
2024-05-20 21:00:00+00:00,1.270625,1.27089,1.27047,1.27075,419.1499966979027
2024-05-20 21:15:00+00:00,1.27074,1.27077,1.270425,1.270545,453.06999135017395
2024-05-20 21:30:00+00:00,1.270585,1.27064,1.270385,1.27055,1009.2899876236916
2024-05-20 21:45:00+00:00,1.2705549999999999,1.2707600000000001,1.270415,1.2707600000000001,684.5799924731255
2024-05-20 22:00:00+00:00,1.27077,1.270875,1.270655,1.2708599999999999,459.89999359846115
2024-05-20 22:15:00+00:00,1.2708650000000001,1.2709350000000001,1.2707899999999999,1.27087,163.34999698400497
2024-05-20 22:30:00+00:00,1.2708650000000001,1.27087,1.27074,1.27077,150.29999738931656
2024-05-20 22:45:00+00:00,1.270775,1.2709000000000001,1.270775,1.27088,46.76999890804291
2024-05-20 23:00:00+00:00,1.27089,1.2710949999999999,1.27089,1.2710650000000001,70.19999825954437
2024-05-20 23:15:00+00:00,1.271075,1.271095,1.270975,1.270975,58.499998569488525
2024-05-20 23:30:00+00:00,1.270985,1.27111,1.2707549999999999,1.270815,172.34999644756317
2024-05-20 23:45:00+00:00,1.27085,1.270995,1.270785,1.270975,119.42999762296677
2024-05-21 00:00:00+00:00,1.270985,1.2710650000000001,1.270765,1.270965,869.2799861505628
2024-05-21 00:15:00+00:00,1.270975,1.271155,1.27064,1.27075,562.0799916014075
2024-05-21 00:30:00+00:00,1.2707549999999999,1.27095,1.270655,1.270855,388.58999279886484
2024-05-21 00:45:00+00:00,1.27087,1.271075,1.2707950000000001,1.270945,654.7199850082397
2024-05-21 01:00:00+00:00,1.270935,1.271095,1.2707899999999999,1.27089,686.7899851799011
2024-05-21 01:15:00+00:00,1.2708849999999998,1.271,1.27074,1.2708949999999999,896.1599814817309
2024-05-21 01:30:00+00:00,1.2708650000000001,1.270965,1.270555,1.270815,760.8599839061499
2024-05-21 01:45:00+00:00,1.270845,1.270885,1.270245,1.2702849999999999,516.0899876356125
2024-05-21 02:00:00+00:00,1.270275,1.2702849999999999,1.269725,1.2698800000000001,1330.4699679613113
2024-05-21 02:15:00+00:00,1.2698749999999999,1.2704550000000001,1.269755,1.2703250000000001,685.1999841928482
2024-05-21 02:30:00+00:00,1.270335,1.27039,1.27,1.2702550000000001,601.1999853849411
2024-05-21 02:45:00+00:00,1.2702849999999999,1.27055,1.270195,1.270505,735.0299833416939
2024-05-21 03:00:00+00:00,1.2705,1.27071,1.27047,1.27065,763.9499851986766
2024-05-21 03:15:00+00:00,1.270645,1.270705,1.27041,1.27048,549.2999884858727
2024-05-21 03:30:00+00:00,1.2704849999999999,1.2706,1.270385,1.2704550000000001,767.4299803972244
2024-05-21 03:45:00+00:00,1.27046,1.2706650000000002,1.27043,1.270625,315.17999416589737
2024-05-21 04:00:00+00:00,1.270605,1.2706849999999998,1.270575,1.270675,323.99999514967203
2024-05-21 04:15:00+00:00,1.27066,1.270785,1.2705950000000001,1.270785,679.3199864625931
2024-05-21 04:30:00+00:00,1.27078,1.271185,1.270765,1.2711000000000001,323.8199932575226
2024-05-21 04:45:00+00:00,1.271105,1.271105,1.27095,1.271015,595.8299897834659
2024-05-21 05:00:00+00:00,1.2710249999999998,1.2712400000000001,1.27097,1.27106,713.639993660152
2024-05-21 05:15:00+00:00,1.271055,1.2710650000000001,1.27093,1.270985,445.5299940109253
2024-05-21 05:30:00+00:00,1.270995,1.27119,1.2709549999999998,1.271145,719.0099906921387
2024-05-21 05:45:00+00:00,1.27114,1.2711649999999999,1.27077,1.270985,988.379983663559
2024-05-21 06:00:00+00:00,1.2710050000000002,1.271375,1.27093,1.27107,1209.6599746271968
2024-05-21 06:15:00+00:00,1.271075,1.271665,1.271075,1.271655,1257.2399745509028
2024-05-21 06:30:00+00:00,1.27166,1.2717999999999998,1.27129,1.271295,995.5199766606092
2024-05-21 06:45:00+00:00,1.27129,1.27136,1.2708499999999998,1.271055,928.1899821609259
2024-05-21 07:00:00+00:00,1.2710650000000001,1.2719550000000002,1.2709549999999998,1.271855,1313.7499732971191
2024-05-21 07:15:00+00:00,1.271865,1.2720699999999998,1.2714500000000002,1.2714750000000001,1227.0899721756577
2024-05-21 07:30:00+00:00,1.27148,1.27199,1.271445,1.271965,1094.8899771794677
2024-05-21 07:45:00+00:00,1.27195,1.271965,1.27125,1.27128,924.0899807959795
2024-05-21 08:00:00+00:00,1.271265,1.271515,1.2705899999999999,1.2707600000000001,1062.0299771428108
2024-05-21 08:15:00+00:00,1.27078,1.271225,1.2707799999999998,1.271075,963.8999771922827
2024-05-21 08:30:00+00:00,1.271055,1.271125,1.2703950000000002,1.2707799999999998,1100.8799737021327
2024-05-21 08:45:00+00:00,1.27075,1.2714050000000001,1.2706650000000002,1.27111,821.7599814981222
2024-05-21 09:00:00+00:00,1.271105,1.27199,1.2711000000000001,1.271895,941.489979557693
2024-05-21 09:15:00+00:00,1.27188,1.271945,1.271535,1.27166,819.9299818426371
2024-05-21 09:30:00+00:00,1.2716850000000002,1.271765,1.2712599999999998,1.27139,722.5799824520946
2024-05-21 09:45:00+00:00,1.271375,1.2723849999999999,1.27133,1.272225,852.9299808070064
2024-05-21 10:00:00+00:00,1.272215,1.27227,1.27152,1.2718500000000001,669.7199840843678
2024-05-21 10:15:00+00:00,1.27186,1.27227,1.27185,1.27227,569.7299872934818
2024-05-21 10:30:00+00:00,1.2722600000000002,1.2722600000000002,1.27169,1.2717,683.9999847859144
2024-05-21 10:45:00+00:00,1.271725,1.27187,1.2715450000000001,1.2716500000000002,705.7799837812781
2024-05-21 11:00:00+00:00,1.27164,1.271685,1.2711700000000001,1.271225,582.2099864631891
2024-05-21 11:15:00+00:00,1.27124,1.2716349999999998,1.271145,1.2715450000000001,485.72998785972595
2024-05-21 11:30:00+00:00,1.271515,1.27196,1.2714750000000001,1.271945,732.2399829551578
2024-05-21 11:45:00+00:00,1.2719399999999998,1.27223,1.271865,1.27204,1045.2299765571952
2024-05-21 12:00:00+00:00,1.2720500000000001,1.272205,1.27133,1.271485,1342.979969240725
2024-05-21 12:15:00+00:00,1.27148,1.27163,1.2708949999999999,1.270975,849.899980597198
2024-05-21 12:30:00+00:00,1.27094,1.271395,1.27073,1.27089,2334.809949301183
2024-05-21 12:45:00+00:00,1.2708949999999999,1.271255,1.27061,1.27078,1716.8099606633186
2024-05-21 13:00:00+00:00,1.270775,1.270855,1.2686549999999999,1.270655,6012.6198880672455
2024-05-21 13:15:00+00:00,1.270645,1.271345,1.270495,1.2710650000000001,2472.3599555790424
2024-05-21 13:30:00+00:00,1.27106,1.271445,1.2706849999999998,1.27135,3063.7799401432276
2024-05-21 13:45:00+00:00,1.271345,1.271565,1.2708949999999999,1.2711100000000002,2536.7399496734142
2024-05-21 14:00:00+00:00,1.2711350000000001,1.2720850000000001,1.2707899999999999,1.272065,2237.129960268736
2024-05-21 14:15:00+00:00,1.272055,1.2722600000000002,1.271455,1.2717450000000001,1781.3699658811092
2024-05-21 14:30:00+00:00,1.2717550000000002,1.272095,1.271215,1.27206,1389.8999692201614
2024-05-21 14:45:00+00:00,1.272065,1.272695,1.272045,1.2722449999999998,2281.5299570560455
2024-05-21 15:00:00+00:00,1.27224,1.2723,1.2718099999999999,1.2721550000000001,1996.5899610891938
2024-05-21 15:15:00+00:00,1.272145,1.272325,1.271515,1.271595,1758.6199718266726
2024-05-21 15:30:00+00:00,1.27163,1.271785,1.270975,1.27107,1652.879973165691
2024-05-21 15:45:00+00:00,1.271085,1.2714050000000001,1.2706849999999998,1.270825,1679.3399711698294
2024-05-21 16:00:00+00:00,1.27082,1.271095,1.270325,1.270845,1493.5399733707309
2024-05-21 16:15:00+00:00,1.270855,1.271055,1.270535,1.270565,1038.1499836072326
2024-05-21 16:30:00+00:00,1.270575,1.270955,1.270555,1.27082,657.5399888679385
2024-05-21 16:45:00+00:00,1.2708300000000001,1.271185,1.270625,1.270765,815.879983432591
2024-05-21 17:00:00+00:00,1.270745,1.27095,1.2701799999999999,1.27039,1081.5299825668335
2024-05-21 17:15:00+00:00,1.2704,1.2708,1.270355,1.270695,698.6399859562516
2024-05-21 17:30:00+00:00,1.27069,1.271005,1.2705549999999999,1.270725,562.4999884739518
2024-05-21 17:45:00+00:00,1.270735,1.271055,1.270495,1.271035,853.5899915993214
2024-05-21 18:00:00+00:00,1.271045,1.271245,1.271025,1.271165,625.2599888443947
2024-05-21 18:15:00+00:00,1.271155,1.2711649999999999,1.270695,1.271005,1187.6699870750308
2024-05-21 18:30:00+00:00,1.270985,1.271155,1.270845,1.270925,956.9399913623929
2024-05-21 18:45:00+00:00,1.2709000000000001,1.2712400000000001,1.2708599999999999,1.2711649999999999,905.369986154139
2024-05-21 19:00:00+00:00,1.2711700000000001,1.27119,1.270935,1.271145,608.2199902385473
2024-05-21 19:15:00+00:00,1.27114,1.27154,1.27111,1.2714949999999998,800.6399871632457
2024-05-21 19:30:00+00:00,1.27148,1.2715800000000002,1.271395,1.27148,651.23999170959
2024-05-21 19:45:00+00:00,1.2714750000000001,1.271535,1.27129,1.271345,743.1899896487594
2024-05-21 20:00:00+00:00,1.271345,1.271345,1.2709199999999998,1.270945,308.72999466210604
2024-05-21 20:15:00+00:00,1.270955,1.27102,1.27078,1.27085,294.92999670654535
2024-05-21 20:30:00+00:00,1.2708650000000001,1.270905,1.270755,1.27078,448.55999310314655
2024-05-21 20:45:00+00:00,1.270775,1.271035,1.27075,1.270925,510.32999139279127
2024-05-21 21:00:00+00:00,1.27094,1.2711350000000001,1.270635,1.270745,910.7599940299988
2024-05-21 21:15:00+00:00,1.27073,1.27096,1.2707199999999998,1.27093,1804.0699906349182
2024-05-21 21:30:00+00:00,1.270935,1.27116,1.270935,1.27107,1747.9800004959106
2024-05-21 21:45:00+00:00,1.27109,1.271175,1.271085,1.2711649999999999,1176.31999874115
2024-05-21 22:00:00+00:00,1.2711549999999998,1.27116,1.27103,1.2711000000000001,352.31999373435974
2024-05-21 22:15:00+00:00,1.271105,1.2711100000000002,1.271045,1.2710949999999999,59.399999499320984
2024-05-21 22:30:00+00:00,1.2710650000000001,1.271105,1.27101,1.2710949999999999,66.59999883174896
2024-05-21 22:45:00+00:00,1.2711000000000001,1.2711100000000002,1.27108,1.2711100000000002,424.79999589920044
2024-05-21 23:00:00+00:00,1.2711100000000002,1.27121,1.27109,1.27121,760.7699934244156
2024-05-21 23:15:00+00:00,1.2712050000000001,1.2714,1.2712050000000001,1.271375,259.5899969339371
2024-05-21 23:30:00+00:00,1.27138,1.271385,1.271255,1.27128,486.3899974822998
2024-05-21 23:45:00+00:00,1.27129,1.27129,1.27091,1.270995,134.0099972486496
2024-05-22 00:00:00+00:00,1.2710050000000002,1.27139,1.27099,1.271185,373.43999111652374
2024-05-22 00:15:00+00:00,1.271175,1.271575,1.271155,1.2714400000000001,1601.4299848079681
2024-05-22 00:30:00+00:00,1.27145,1.27155,1.271355,1.271465,1205.5199856758118
2024-05-22 00:45:00+00:00,1.27152,1.271625,1.271355,1.271355,259.5899932384491
2024-05-22 01:00:00+00:00,1.27136,1.2714750000000001,1.271085,1.27129,508.31998908519745
2024-05-22 01:15:00+00:00,1.271305,1.27156,1.2711649999999999,1.2711700000000001,449.0099892616272
2024-05-22 01:30:00+00:00,1.2711649999999999,1.2714699999999999,1.271095,1.271265,418.88998913764954
2024-05-22 01:45:00+00:00,1.27129,1.271895,1.2712750000000002,1.271735,673.9199879169464
2024-05-22 02:00:00+00:00,1.271745,1.27229,1.271695,1.272125,1844.4299688339233
2024-05-22 02:15:00+00:00,1.27213,1.27221,1.271855,1.2719,1840.439973473549
2024-05-22 02:30:00+00:00,1.271905,1.272005,1.27168,1.27179,459.779989361763
2024-05-22 02:45:00+00:00,1.2717800000000001,1.27179,1.2714949999999998,1.27169,478.4699887037277
2024-05-22 03:00:00+00:00,1.27168,1.2717,1.271485,1.2715,242.4899935722351
2024-05-22 03:15:00+00:00,1.271475,1.2715100000000001,1.2711700000000001,1.27129,572.39998960495
2024-05-22 03:30:00+00:00,1.271285,1.271375,1.2710949999999999,1.271235,341.909992814064
2024-05-22 03:45:00+00:00,1.2712249999999998,1.27135,1.2711649999999999,1.271285,1277.0999784469604
2024-05-22 04:00:00+00:00,1.27129,1.271345,1.27102,1.27106,172.79999542236328
2024-05-22 04:15:00+00:00,1.271045,1.27127,1.271005,1.271215,923.3999853134155
2024-05-22 04:30:00+00:00,1.2711999999999999,1.271225,1.27095,1.271005,592.2999869585037
2024-05-22 04:45:00+00:00,1.271,1.27112,1.2709000000000001,1.27098,254.63999462127686
2024-05-22 05:00:00+00:00,1.27097,1.2710650000000001,1.270865,1.27089,158.78999614715576
2024-05-22 05:15:00+00:00,1.270875,1.2711700000000001,1.270805,1.271095,1895.309974193573
2024-05-22 05:30:00+00:00,1.271085,1.27148,1.271085,1.2713,365.69999063014984
2024-05-22 05:45:00+00:00,1.2712750000000002,1.27132,1.271,1.271125,2348.42995429039
2024-05-22 06:00:00+00:00,1.27112,1.275115,1.2710949999999999,1.274695,8012.379881352186
2024-05-22 06:15:00+00:00,1.2746849999999998,1.27534,1.2741449999999999,1.2744900000000001,4575.419930934906
2024-05-22 06:30:00+00:00,1.2745,1.27535,1.274485,1.274895,4742.289941310883
2024-05-22 06:45:00+00:00,1.27489,1.27614,1.2748599999999999,1.2757,3008.2099534273148
2024-05-22 07:00:00+00:00,1.27568,1.27583,1.27405,1.2744149999999999,2328.319958806038
2024-05-22 07:15:00+00:00,1.27442,1.2746,1.27344,1.273855,1109.1599739789963
2024-05-22 07:30:00+00:00,1.27383,1.275055,1.27355,1.27505,1373.489974141121
2024-05-22 07:45:00+00:00,1.27501,1.2751199999999998,1.274515,1.2747600000000001,2255.519971013069
2024-05-22 08:00:00+00:00,1.27475,1.27485,1.273665,1.273755,4247.809947133064
2024-05-22 08:15:00+00:00,1.2737500000000002,1.27387,1.27252,1.272735,3573.8599470853806
2024-05-22 08:30:00+00:00,1.272745,1.273455,1.272735,1.273315,1571.049974821508
2024-05-22 08:45:00+00:00,1.2733400000000001,1.2735400000000001,1.272745,1.272855,2051.729974284768
2024-05-22 09:00:00+00:00,1.27285,1.272945,1.272215,1.272275,1589.7599691450596
2024-05-22 09:15:00+00:00,1.27229,1.2724,1.27195,1.272385,1699.319972626865
2024-05-22 09:30:00+00:00,1.2723900000000001,1.272605,1.27219,1.272395,1502.1599766686559
2024-05-22 09:45:00+00:00,1.272405,1.2729949999999999,1.2723900000000001,1.27277,1376.5499798208475
2024-05-22 10:00:00+00:00,1.2727650000000001,1.273365,1.2727650000000001,1.273285,1279.3499775528908
2024-05-22 10:15:00+00:00,1.2732899999999998,1.273415,1.27279,1.272885,1231.5899805873632
2024-05-22 10:30:00+00:00,1.27288,1.27299,1.272435,1.2724700000000002,1258.0799808949232
2024-05-22 10:45:00+00:00,1.272465,1.272595,1.272075,1.2723300000000002,1623.3599750176072
2024-05-22 11:00:00+00:00,1.2723399999999998,1.272775,1.27163,1.27166,1568.8899782821536
2024-05-22 11:15:00+00:00,1.27168,1.271795,1.271395,1.27145,1125.1799827441573
2024-05-22 11:30:00+00:00,1.271445,1.271465,1.2702900000000001,1.2702900000000001,2146.2899659201503
2024-05-22 11:45:00+00:00,1.2702849999999999,1.27102,1.270025,1.27096,2593.379967972636
2024-05-22 12:00:00+00:00,1.270955,1.271725,1.2709000000000001,1.271605,3333.7099544107914
2024-05-22 12:15:00+00:00,1.27161,1.272135,1.271455,1.2717,3230.229951389134
2024-05-22 12:30:00+00:00,1.271695,1.272385,1.271615,1.272205,2189.999964438379
2024-05-22 12:45:00+00:00,1.2722,1.2729300000000001,1.2722,1.2726600000000001,2173.079966455698
2024-05-22 13:00:00+00:00,1.27265,1.2733349999999999,1.27265,1.27297,2010.9399659484625
2024-05-22 13:15:00+00:00,1.27297,1.27432,1.272965,1.274285,2139.649970628321
2024-05-22 13:30:00+00:00,1.274295,1.274775,1.27405,1.27423,2906.519954942167
2024-05-22 13:45:00+00:00,1.274225,1.27454,1.27393,1.274085,2975.2299613654613
2024-05-22 14:00:00+00:00,1.27408,1.2744849999999999,1.273285,1.2738749999999999,3326.289962552488
2024-05-22 14:15:00+00:00,1.2738749999999999,1.274065,1.2729499999999998,1.27328,2667.539952285588
2024-05-22 14:30:00+00:00,1.2732999999999999,1.273435,1.27274,1.272825,3003.509954676032
2024-05-22 14:45:00+00:00,1.2728199999999998,1.27353,1.27223,1.27249,3225.8099537417293
2024-05-22 15:00:00+00:00,1.272505,1.272935,1.27224,1.2726250000000001,2470.889961384237
2024-05-22 15:15:00+00:00,1.272615,1.27285,1.27212,1.2726449999999998,1512.589971229434
2024-05-22 15:30:00+00:00,1.27265,1.273405,1.272645,1.2733249999999998,2174.2599682733417
2024-05-22 15:45:00+00:00,1.273315,1.273635,1.27289,1.27349,1785.819973371923
2024-05-22 16:00:00+00:00,1.2734999999999999,1.273635,1.273275,1.273425,873.9299811422825
2024-05-22 16:15:00+00:00,1.273415,1.27444,1.27337,1.274285,2032.1099703162909
2024-05-22 16:30:00+00:00,1.27428,1.2746,1.273775,1.274405,1523.5399740114808
2024-05-22 16:45:00+00:00,1.2744149999999999,1.274775,1.274185,1.274395,1329.7199740931392
2024-05-22 17:00:00+00:00,1.27437,1.27505,1.27432,1.274815,1029.4899792671204
2024-05-22 17:15:00+00:00,1.2748249999999999,1.274875,1.274175,1.274175,821.1599841713905
2024-05-22 17:30:00+00:00,1.2741799999999999,1.2741799999999999,1.2732649999999999,1.273295,1452.2099726870656
2024-05-22 17:45:00+00:00,1.273305,1.2735,1.2729,1.2732999999999999,1491.8999718651175
2024-05-22 18:00:00+00:00,1.273295,1.27343,1.272155,1.27252,5150.699921704829
2024-05-22 18:15:00+00:00,1.272525,1.2726099999999998,1.27116,1.27127,3409.3499384075403
2024-05-22 18:30:00+00:00,1.271255,1.2716150000000002,1.2711100000000002,1.271325,2652.629949361086
2024-05-22 18:45:00+00:00,1.271315,1.2719,1.271215,1.27142,2006.4299629330635
2024-05-22 19:00:00+00:00,1.2714050000000001,1.271575,1.271195,1.271195,687.3599853515625
2024-05-22 19:15:00+00:00,1.271185,1.27142,1.2710400000000002,1.27142,1536.1199730411172
2024-05-22 19:30:00+00:00,1.27141,1.271855,1.271235,1.271335,1740.5699714124203
2024-05-22 19:45:00+00:00,1.271355,1.27169,1.271245,1.27167,1835.549974322319
2024-05-22 20:00:00+00:00,1.271675,1.2716850000000002,1.2714699999999999,1.2715,732.7799900099635
2024-05-22 20:15:00+00:00,1.2715049999999999,1.2717800000000001,1.271415,1.271715,999.1499841585755
2024-05-22 20:30:00+00:00,1.2717100000000001,1.271725,1.271595,1.2716699999999999,759.6899879872799
2024-05-22 20:45:00+00:00,1.27168,1.27188,1.27166,1.27169,842.8199813812971
2024-05-22 21:00:00+00:00,1.271645,1.2719049999999998,1.271645,1.2717,265.49999409914017
2024-05-22 21:15:00+00:00,1.271725,1.272005,1.2716349999999998,1.2717100000000001,795.7699884176254
2024-05-22 21:30:00+00:00,1.27174,1.27182,1.271605,1.2717550000000002,1220.849976658821
2024-05-22 21:45:00+00:00,1.27177,1.271845,1.2717049999999999,1.27179,984.1499857977033
2024-05-22 22:00:00+00:00,1.271845,1.2719749999999999,1.271705,1.271705,594.4499897360802
2024-05-22 22:15:00+00:00,1.271715,1.27183,1.271715,1.27182,305.54999428987503
2024-05-22 22:30:00+00:00,1.2718099999999999,1.27196,1.271765,1.27192,579.6299952119589
2024-05-22 22:45:00+00:00,1.271915,1.27217,1.27189,1.272085,893.3099885806441
2024-05-22 23:00:00+00:00,1.272075,1.2721550000000001,1.271915,1.271965,574.7699964642525
2024-05-22 23:15:00+00:00,1.27197,1.27211,1.27196,1.2720850000000001,194.84999549388885
2024-05-22 23:30:00+00:00,1.272065,1.272135,1.2719,1.27202,258.86999367922544
2024-05-22 23:45:00+00:00,1.2720099999999999,1.272075,1.271865,1.2720500000000001,348.9899924248457
2024-05-23 00:00:00+00:00,1.272045,1.27221,1.27183,1.2722,940.0199782326818
2024-05-23 00:15:00+00:00,1.27222,1.272415,1.2721,1.272265,676.5899849906564
2024-05-23 00:30:00+00:00,1.2722449999999998,1.272335,1.27203,1.27203,841.3199825137854
2024-05-23 00:45:00+00:00,1.27202,1.2722799999999999,1.27191,1.272005,1171.739979699254
2024-05-23 01:00:00+00:00,1.2719999999999998,1.272245,1.271875,1.27212,973.9199773967266
2024-05-23 01:15:00+00:00,1.272095,1.272265,1.2717999999999998,1.272,1219.4699755907059
2024-05-23 01:30:00+00:00,1.271995,1.272525,1.271895,1.2724950000000002,2036.0399633720517
2024-05-23 01:45:00+00:00,1.2725,1.272605,1.2723,1.272315,432.8399892523885
2024-05-23 02:00:00+00:00,1.272295,1.272295,1.271885,1.271935,744.0599837228656
2024-05-23 02:15:00+00:00,1.27193,1.27214,1.2717,1.2721,611.3699887990952
2024-05-23 02:30:00+00:00,1.272105,1.272505,1.272025,1.27241,1272.14997754246
2024-05-23 02:45:00+00:00,1.272405,1.272575,1.27231,1.272455,824.4599856585264
2024-05-23 03:00:00+00:00,1.2724799999999998,1.272695,1.272315,1.272585,864.9599856883287
2024-05-23 03:15:00+00:00,1.272575,1.27281,1.272555,1.272565,1069.349984407425
2024-05-23 03:30:00+00:00,1.27257,1.272795,1.272475,1.27277,1079.6999812424183
2024-05-23 03:45:00+00:00,1.27276,1.27291,1.27276,1.2729,846.9899879023433
2024-05-23 04:00:00+00:00,1.27289,1.273185,1.272865,1.273075,989.6999830007553
2024-05-23 04:15:00+00:00,1.27308,1.2731750000000002,1.2727849999999998,1.2727849999999998,1788.3899894580245
2024-05-23 04:30:00+00:00,1.272795,1.272895,1.27261,1.27288,1324.2899784445763
2024-05-23 04:45:00+00:00,1.272875,1.272885,1.2725849999999999,1.27259,643.6499878019094
2024-05-23 05:00:00+00:00,1.272595,1.27273,1.2723499999999999,1.2724950000000002,719.3199870213866
2024-05-23 05:15:00+00:00,1.2725,1.27276,1.272485,1.272575,454.0799906179309
2024-05-23 05:30:00+00:00,1.27256,1.27279,1.2724250000000001,1.272485,1490.6799834743142
2024-05-23 05:45:00+00:00,1.2724799999999998,1.27252,1.272055,1.272265,1955.4699800983071
2024-05-23 06:00:00+00:00,1.27229,1.2726600000000001,1.27197,1.272375,3628.6499506533146
2024-05-23 06:15:00+00:00,1.2723849999999999,1.2730549999999998,1.27234,1.272675,2305.039968237281
2024-05-23 06:30:00+00:00,1.27267,1.272825,1.2721749999999998,1.27229,1194.0299790799618
2024-05-23 06:45:00+00:00,1.272285,1.272685,1.272255,1.272575,976.6199811026454
2024-05-23 07:00:00+00:00,1.27257,1.2728549999999998,1.27216,1.272435,1916.259962812066
2024-05-23 07:15:00+00:00,1.2724250000000001,1.272565,1.27164,1.2721049999999998,4042.0799374356866
2024-05-23 07:30:00+00:00,1.272125,1.2734100000000002,1.2721,1.272675,3452.5299442112446
2024-05-23 07:45:00+00:00,1.272655,1.272975,1.272235,1.272405,2913.0299633070827
2024-05-23 08:00:00+00:00,1.2723900000000001,1.273565,1.27238,1.27356,2382.5399559810758
2024-05-23 08:15:00+00:00,1.273565,1.273875,1.273395,1.273775,2003.2799632400274
2024-05-23 08:30:00+00:00,1.273755,1.273755,1.2723550000000001,1.272475,3322.869942165911
2024-05-23 08:45:00+00:00,1.27246,1.2726799999999998,1.27194,1.2720699999999998,1046.2799781486392
2024-05-23 09:00:00+00:00,1.2720850000000001,1.272275,1.271095,1.27111,3223.2799586206675
2024-05-23 09:15:00+00:00,1.271085,1.271405,1.270515,1.27128,2098.6799661889672
2024-05-23 09:30:00+00:00,1.2712949999999998,1.271665,1.271185,1.27162,1480.3499747365713
2024-05-23 09:45:00+00:00,1.27166,1.2726700000000002,1.27161,1.272435,1600.309968419373
2024-05-23 10:00:00+00:00,1.27243,1.27284,1.2723300000000002,1.272595,1272.2699768915772
2024-05-23 10:15:00+00:00,1.272585,1.272635,1.272365,1.272505,1132.7399781942368
2024-05-23 10:30:00+00:00,1.27254,1.272875,1.272485,1.27284,837.4799840077758
2024-05-23 10:45:00+00:00,1.272845,1.272845,1.272025,1.272475,1249.1099783703685
2024-05-23 11:00:00+00:00,1.272465,1.273115,1.272415,1.272495,2430.359964929521
2024-05-23 11:15:00+00:00,1.272505,1.27323,1.272505,1.273225,1079.7899792045355
2024-05-23 11:30:00+00:00,1.2732299999999999,1.273795,1.2732299999999999,1.2732649999999999,1430.039974205196
2024-05-23 11:45:00+00:00,1.27325,1.274175,1.2732350000000001,1.274045,1085.2899801284075
2024-05-23 12:00:00+00:00,1.274065,1.27446,1.273685,1.273745,1725.0399697944522
2024-05-23 12:15:00+00:00,1.27374,1.2740049999999998,1.27355,1.2738200000000002,2253.929976530373
2024-05-23 12:30:00+00:00,1.27383,1.273905,1.272985,1.273065,4105.3099418357015
2024-05-23 12:45:00+00:00,1.27306,1.2737150000000002,1.272755,1.273215,3424.619953736663
2024-05-23 13:00:00+00:00,1.27321,1.2740550000000002,1.27315,1.2739150000000001,2981.7499480247498
2024-05-23 13:15:00+00:00,1.273905,1.274545,1.273665,1.27443,2394.5499592274427
2024-05-23 13:30:00+00:00,1.27444,1.274665,1.2735,1.27396,3721.7999478057027
2024-05-23 13:45:00+00:00,1.273955,1.273955,1.27056,1.271345,11001.199852883816
2024-05-23 14:00:00+00:00,1.27136,1.272645,1.271325,1.27189,7715.209859512746
2024-05-23 14:15:00+00:00,1.2719,1.271905,1.2709350000000001,1.271465,4551.44990773499
2024-05-23 14:30:00+00:00,1.271495,1.2721550000000001,1.270985,1.27133,4435.199919611216
2024-05-23 14:45:00+00:00,1.271335,1.271485,1.27082,1.2711700000000001,3646.4099409282207
2024-05-23 15:00:00+00:00,1.271165,1.27142,1.27082,1.27134,3666.329950146377
2024-05-23 15:15:00+00:00,1.2713450000000002,1.271575,1.270725,1.2711000000000001,2576.9099593386054
2024-05-23 15:30:00+00:00,1.2711100000000002,1.271515,1.27078,1.271495,2267.87996250391
2024-05-23 15:45:00+00:00,1.271515,1.271795,1.271345,1.271665,1155.4299757927656
2024-05-23 16:00:00+00:00,1.2716699999999999,1.272275,1.27123,1.271265,2858.569964967668
2024-05-23 16:15:00+00:00,1.271255,1.27189,1.271105,1.271875,2288.339967928827
2024-05-23 16:30:00+00:00,1.27187,1.271965,1.271515,1.2716,1462.8599733635783
2024-05-23 16:45:00+00:00,1.271605,1.27166,1.27105,1.271255,1955.429971769452
2024-05-23 17:00:00+00:00,1.27125,1.271255,1.270535,1.270995,2721.0299680531025
2024-05-23 17:15:00+00:00,1.2710050000000002,1.2710650000000001,1.270295,1.27096,1948.9199668616056
2024-05-23 17:30:00+00:00,1.270965,1.27097,1.27007,1.2700900000000002,2744.2799590677023
2024-05-23 17:45:00+00:00,1.270085,1.2701,1.26918,1.2695400000000001,2681.3099517673254
2024-05-23 18:00:00+00:00,1.269545,1.269885,1.26914,1.26975,3058.5899507552385
2024-05-23 18:15:00+00:00,1.26973,1.270045,1.26914,1.269395,1856.2799579948187
2024-05-23 18:30:00+00:00,1.269365,1.26974,1.26895,1.26899,1707.3899625688791
2024-05-23 18:45:00+00:00,1.2689949999999999,1.269045,1.268555,1.26864,1777.9699698761106
2024-05-23 19:00:00+00:00,1.268635,1.2689599999999999,1.26856,1.2689,1620.359968483448
2024-05-23 19:15:00+00:00,1.2689050000000002,1.269215,1.268805,1.26889,1454.1599687933922
2024-05-23 19:30:00+00:00,1.268885,1.2694100000000001,1.268885,1.26933,1554.4199717268348
2024-05-23 19:45:00+00:00,1.269325,1.269455,1.269105,1.26939,1258.4699742123485
2024-05-23 20:00:00+00:00,1.269395,1.26944,1.269245,1.269405,364.6799938157201
2024-05-23 20:15:00+00:00,1.2694100000000001,1.269615,1.26941,1.26956,190.64999658614397
2024-05-23 20:30:00+00:00,1.269555,1.2696100000000001,1.26943,1.269515,183.41999576240778
2024-05-23 20:45:00+00:00,1.26951,1.269895,1.26951,1.26985,676.5599855035543
2024-05-23 21:00:00+00:00,1.26987,1.26987,1.269455,1.269475,255.84999859333038
2024-05-23 21:15:00+00:00,1.269455,1.269705,1.269455,1.26961,232.0199978351593
2024-05-23 21:30:00+00:00,1.269615,1.269895,1.2695599999999998,1.269795,2109.939983844757
2024-05-23 21:45:00+00:00,1.2698,1.27,1.26953,1.2699,3391.9299791678786
2024-05-23 22:00:00+00:00,1.2699,1.2699,1.269655,1.2697349999999998,712.8899872899055
2024-05-23 22:15:00+00:00,1.26973,1.2697500000000002,1.2696200000000002,1.2696399999999999,503.5499923825264
2024-05-23 22:30:00+00:00,1.26963,1.26966,1.26953,1.26953,137.6999967098236
2024-05-23 22:45:00+00:00,1.269545,1.269635,1.269495,1.269625,101.60999941080809
2024-05-23 23:00:00+00:00,1.26963,1.26965,1.269485,1.269525,148.73999816179276
2024-05-23 23:15:00+00:00,1.2695,1.26966,1.26949,1.269635,353.60999570041895
2024-05-23 23:30:00+00:00,1.26962,1.2696399999999999,1.26953,1.26963,194.18999655544758
2024-05-23 23:45:00+00:00,1.269625,1.269695,1.269315,1.269315,348.56999476253986
2024-05-24 00:00:00+00:00,1.2692999999999999,1.26933,1.268955,1.269165,1145.099987179041
2024-05-24 00:15:00+00:00,1.26917,1.269355,1.269095,1.269295,1181.5499841570854
2024-05-24 00:30:00+00:00,1.269305,1.269345,1.26909,1.269335,940.3499842658639
2024-05-24 00:45:00+00:00,1.2693400000000001,1.269695,1.269215,1.269435,849.0299877151847
2024-05-24 01:00:00+00:00,1.269455,1.26966,1.2689849999999998,1.269205,1739.8799653202295
2024-05-24 01:15:00+00:00,1.269215,1.269545,1.2691249999999998,1.269355,1403.069971166551
2024-05-24 01:30:00+00:00,1.2693699999999999,1.2698,1.26936,1.2696649999999998,1198.1399800181389
2024-05-24 01:45:00+00:00,1.26966,1.26977,1.269495,1.269505,908.009982638061
2024-05-24 02:00:00+00:00,1.269505,1.269515,1.2692,1.269215,335.24999368190765
2024-05-24 02:15:00+00:00,1.2692350000000001,1.2693050000000001,1.269175,1.269295,313.829993724823
2024-05-24 02:30:00+00:00,1.2692649999999999,1.26931,1.268995,1.269015,1398.9599817991257
2024-05-24 02:45:00+00:00,1.2690299999999999,1.269295,1.269025,1.269085,470.0999921709299
2024-05-24 03:00:00+00:00,1.26908,1.269185,1.268865,1.269025,1391.7299826815724
2024-05-24 03:15:00+00:00,1.269005,1.26909,1.2688799999999998,1.268995,1692.6599784567952
2024-05-24 03:30:00+00:00,1.269005,1.26911,1.2688000000000001,1.26884,1586.729982741177
2024-05-24 03:45:00+00:00,1.26888,1.26895,1.26874,1.268855,780.2099928408861
2024-05-24 04:00:00+00:00,1.268865,1.269215,1.268805,1.2692100000000002,552.2999919727445
2024-05-24 04:15:00+00:00,1.2692,1.2692100000000002,1.269005,1.26906,359.54999305307865
2024-05-24 04:30:00+00:00,1.269075,1.2692350000000001,1.26901,1.269225,252.44999384880066
2024-05-24 04:45:00+00:00,1.26923,1.269405,1.26914,1.26919,371.73999343812466
2024-05-24 05:00:00+00:00,1.26917,1.26928,1.269075,1.269185,989.1899864897132
2024-05-24 05:15:00+00:00,1.269175,1.26918,1.268915,1.2690299999999999,412.04999336600304
2024-05-24 05:30:00+00:00,1.26901,1.269145,1.268735,1.268875,818.5799825936556
2024-05-24 05:45:00+00:00,1.2688549999999998,1.269085,1.268755,1.268945,1058.3099835067987
2024-05-24 06:00:00+00:00,1.2689949999999999,1.2697349999999998,1.2676,1.26973,5875.889942839742
2024-05-24 06:15:00+00:00,1.269725,1.26983,1.268965,1.269385,2138.639964699745
2024-05-24 06:30:00+00:00,1.269375,1.26949,1.26906,1.269295,2954.7999630197883
2024-05-24 06:45:00+00:00,1.2692999999999999,1.269525,1.26897,1.269425,1725.3899750560522
2024-05-24 07:00:00+00:00,1.2694649999999998,1.270315,1.26944,1.27017,2369.279959730804
2024-05-24 07:15:00+00:00,1.270155,1.270535,1.2695699999999999,1.2698,2341.499960705638
2024-05-24 07:30:00+00:00,1.269795,1.27009,1.26959,1.26989,1889.1299692243338
2024-05-24 07:45:00+00:00,1.2698800000000001,1.270245,1.269855,1.2698800000000001,1687.1099674105644
2024-05-24 08:00:00+00:00,1.26987,1.27031,1.2696,1.269765,2042.5199640616775
2024-05-24 08:15:00+00:00,1.269775,1.2702849999999999,1.269695,1.2698,1400.0699760690331
2024-05-24 08:30:00+00:00,1.269815,1.270475,1.26952,1.2703950000000002,1036.4399759620428
2024-05-24 08:45:00+00:00,1.270385,1.27073,1.270165,1.27048,1513.2599768340588
2024-05-24 09:00:00+00:00,1.270475,1.271035,1.27034,1.270995,1202.7899803295732
2024-05-24 09:15:00+00:00,1.2710050000000002,1.2711000000000001,1.27069,1.27101,1148.8199795857072
2024-05-24 09:30:00+00:00,1.271005,1.271195,1.27065,1.270695,1009.4999804273248
2024-05-24 09:45:00+00:00,1.270705,1.270985,1.27067,1.27096,1177.8899824246764
2024-05-24 10:00:00+00:00,1.2709549999999998,1.2717749999999999,1.270875,1.2716349999999998,746.3699855729938
2024-05-24 10:15:00+00:00,1.27162,1.272125,1.271445,1.272,1229.369978889823
2024-05-24 10:30:00+00:00,1.272005,1.27236,1.2717399999999999,1.272125,1454.969974823296
2024-05-24 10:45:00+00:00,1.27213,1.2725149999999998,1.272005,1.2722,1783.2399750947952
2024-05-24 11:00:00+00:00,1.272215,1.2722799999999999,1.27161,1.27161,1701.479978121817
2024-05-24 11:15:00+00:00,1.2716150000000002,1.271765,1.271375,1.2716,1452.8399811387062
2024-05-24 11:30:00+00:00,1.27161,1.271995,1.27155,1.271985,675.389985896647
2024-05-24 11:45:00+00:00,1.27197,1.27197,1.271675,1.2717900000000002,749.7899836301804
2024-05-24 12:00:00+00:00,1.271785,1.272185,1.271615,1.2719900000000002,2206.9799620732665
2024-05-24 12:15:00+00:00,1.272005,1.272135,1.271435,1.27155,2322.5999653935432
2024-05-24 12:30:00+00:00,1.27155,1.27249,1.2710599999999999,1.272145,3761.729936622083
2024-05-24 12:45:00+00:00,1.2721749999999998,1.2724099999999998,1.271725,1.2720500000000001,2505.1799521520734
2024-05-24 13:00:00+00:00,1.272055,1.272415,1.271745,1.2721149999999999,3030.729953363538
2024-05-24 13:15:00+00:00,1.2721200000000001,1.2729599999999999,1.27176,1.272935,2840.519963361323
2024-05-24 13:30:00+00:00,1.272935,1.273075,1.27223,1.27268,2565.809952378273
2024-05-24 13:45:00+00:00,1.272665,1.27267,1.27184,1.27228,2457.37996250391
2024-05-24 14:00:00+00:00,1.272275,1.273035,1.272095,1.2726700000000002,5526.569929987192
2024-05-24 14:15:00+00:00,1.272675,1.2729949999999999,1.27229,1.272795,3175.7399608790874
2024-05-24 14:30:00+00:00,1.27281,1.273425,1.2726,1.273415,2422.7399588674307
2024-05-24 14:45:00+00:00,1.27341,1.2738749999999999,1.27331,1.27381,2122.7399623319507
2024-05-24 15:00:00+00:00,1.2738,1.27461,1.273595,1.27459,3122.309958204627
2024-05-24 15:15:00+00:00,1.2745950000000001,1.275085,1.27455,1.274575,2070.319967545569
2024-05-24 15:30:00+00:00,1.27457,1.27487,1.27403,1.27403,2863.0499609708786
2024-05-24 15:45:00+00:00,1.274025,1.274445,1.2739,1.27444,1325.6299738287926
2024-05-24 16:00:00+00:00,1.274435,1.274605,1.27399,1.274505,2179.079970806837
2024-05-24 16:15:00+00:00,1.2745250000000001,1.274975,1.27432,1.27475,1032.9599785804749
2024-05-24 16:30:00+00:00,1.274755,1.2750750000000002,1.2738,1.2738,1806.2799740508199
2024-05-24 16:45:00+00:00,1.273795,1.273855,1.273285,1.273405,1322.3699748590589
2024-05-24 17:00:00+00:00,1.2734,1.273805,1.273225,1.273795,1555.349977426231
2024-05-24 17:15:00+00:00,1.27381,1.274135,1.273695,1.273995,826.2299843505025
2024-05-24 17:30:00+00:00,1.274005,1.2741449999999999,1.273695,1.274015,1229.249979890883
2024-05-24 17:45:00+00:00,1.274005,1.274365,1.273855,1.2742749999999998,1827.0899771749973
2024-05-24 18:00:00+00:00,1.27428,1.274505,1.27408,1.2744499999999999,1237.7099799513817
2024-05-24 18:15:00+00:00,1.2744550000000001,1.274615,1.27389,1.273915,894.9899815768003
2024-05-24 18:30:00+00:00,1.273905,1.27404,1.2737,1.27382,810.7499843239784
2024-05-24 18:45:00+00:00,1.273815,1.273955,1.273705,1.273725,523.9199907705188
2024-05-24 19:00:00+00:00,1.2737349999999998,1.2738,1.27349,1.273555,1068.2699884921312
2024-05-24 19:15:00+00:00,1.273545,1.27383,1.27352,1.27379,1188.3599880635738
2024-05-24 19:30:00+00:00,1.273795,1.27384,1.2736,1.27367,775.7699877172709
2024-05-24 19:45:00+00:00,1.27365,1.27401,1.2736,1.27401,1142.7299837172031
2024-05-24 20:00:00+00:00,1.273995,1.27404,1.2738,1.273825,451.10999421030283
2024-05-24 20:15:00+00:00,1.27382,1.273825,1.2735349999999999,1.273625,721.6499896869063
2024-05-24 20:30:00+00:00,1.2736299999999998,1.273865,1.27362,1.27372,1685.4399891123176
2024-05-24 20:45:00+00:00,1.2737150000000002,1.273825,1.2735400000000001,1.27375,601.0099878311157
2024-05-27 00:00:00+00:00,1.27339,1.273895,1.27339,1.2738,342.119991466403
2024-05-27 00:15:00+00:00,1.2738049999999999,1.27381,1.273575,1.273575,299.78999280929565
2024-05-27 00:30:00+00:00,1.27358,1.27385,1.27358,1.2736100000000001,316.07999217510223
2024-05-27 00:45:00+00:00,1.2736,1.273935,1.2735750000000001,1.273855,349.9499910995364
2024-05-27 01:00:00+00:00,1.2738450000000001,1.274085,1.273825,1.274085,691.0499842092395
2024-05-27 01:15:00+00:00,1.27407,1.274085,1.2738049999999999,1.274065,375.299990773201
2024-05-27 01:30:00+00:00,1.274075,1.274175,1.27395,1.27405,661.0499844551086
2024-05-27 01:45:00+00:00,1.27408,1.2742,1.274,1.27414,567.4799854755402
2024-05-27 02:00:00+00:00,1.274145,1.2743449999999998,1.274105,1.27419,403.1999912261963
2024-05-27 02:15:00+00:00,1.274195,1.27424,1.274005,1.274035,259.13999354839325
2024-05-27 02:30:00+00:00,1.274025,1.274125,1.273895,1.273985,488.69999147206545
2024-05-27 02:45:00+00:00,1.27399,1.27413,1.273985,1.2741099999999999,909.9599880352616
2024-05-27 03:00:00+00:00,1.274105,1.2742200000000001,1.2740900000000002,1.27413,522.4499889612198
2024-05-27 03:15:00+00:00,1.27412,1.2741449999999999,1.273995,1.27413,998.6099874824286
2024-05-27 03:30:00+00:00,1.27412,1.27412,1.2738900000000002,1.273905,719.4899907112122
2024-05-27 03:45:00+00:00,1.2739150000000001,1.2742300000000002,1.2739150000000001,1.274215,183.599995136261
2024-05-27 04:00:00+00:00,1.2742200000000001,1.27424,1.27399,1.2741,201.2399955764413
2024-05-27 04:15:00+00:00,1.274095,1.2741500000000001,1.27406,1.27414,155.09999715536833
2024-05-27 04:30:00+00:00,1.274135,1.27424,1.27413,1.2742149999999999,273.59999549388885
2024-05-27 04:45:00+00:00,1.2742200000000001,1.2742499999999999,1.274195,1.2742399999999998,467.3099929988384
2024-05-27 05:00:00+00:00,1.274235,1.27426,1.274135,1.27424,773.6699907705188
2024-05-27 05:15:00+00:00,1.274225,1.27426,1.274,1.27414,581.8499928712845
2024-05-27 05:30:00+00:00,1.274135,1.27414,1.27401,1.2741250000000002,738.1499893665314
2024-05-27 05:45:00+00:00,1.27412,1.274195,1.2739500000000001,1.27412,654.7199883982539
2024-05-27 06:00:00+00:00,1.274155,1.274195,1.273575,1.2736450000000001,1003.5299800783396
2024-05-27 06:15:00+00:00,1.273625,1.2742550000000001,1.273615,1.2742550000000001,1052.2499856352806
2024-05-27 06:30:00+00:00,1.2742499999999999,1.27433,1.27403,1.274175,646.4999865293503
2024-05-27 06:45:00+00:00,1.27417,1.27445,1.27413,1.274315,813.2699842825532
2024-05-27 07:00:00+00:00,1.274305,1.2744900000000001,1.274205,1.274315,1482.6299774944782
2024-05-27 07:15:00+00:00,1.2743099999999998,1.27469,1.27421,1.27456,1013.8499832823873
2024-05-27 07:30:00+00:00,1.27455,1.27455,1.27403,1.2740749999999998,831.4799855351448
2024-05-27 07:45:00+00:00,1.274065,1.274295,1.274015,1.2741250000000002,1164.1799816414714
2024-05-27 08:00:00+00:00,1.2741850000000001,1.274205,1.273405,1.2738749999999999,1480.879976324737
2024-05-27 08:15:00+00:00,1.273855,1.274415,1.2738049999999999,1.27427,1088.8799790591002
2024-05-27 08:30:00+00:00,1.274285,1.27473,1.274285,1.2746,706.6199878379703
2024-05-27 08:45:00+00:00,1.27459,1.2745950000000001,1.274175,1.27419,673.0499889478087
2024-05-27 09:00:00+00:00,1.2742,1.27463,1.274195,1.27463,699.2399876341224
2024-05-27 09:15:00+00:00,1.27464,1.274955,1.274615,1.2746849999999998,508.9199886843562
2024-05-27 09:30:00+00:00,1.27469,1.2747899999999999,1.2745600000000001,1.27475,675.8099860921502
2024-05-27 09:45:00+00:00,1.2747350000000002,1.27557,1.274605,1.27557,1314.6599762290716
2024-05-27 10:00:00+00:00,1.275555,1.275755,1.275235,1.275305,827.8499830961227
2024-05-27 10:15:00+00:00,1.2753,1.275305,1.274915,1.274965,618.2099882140756
2024-05-27 10:30:00+00:00,1.27496,1.275325,1.27491,1.27531,736.1999850049615
2024-05-27 10:45:00+00:00,1.275305,1.275565,1.27516,1.2755649999999998,913.1699856072664
2024-05-27 11:00:00+00:00,1.27556,1.275595,1.275305,1.2754050000000001,406.04999067634344
2024-05-27 11:15:00+00:00,1.275415,1.27557,1.275395,1.2755100000000001,449.24999311566353
2024-05-27 11:30:00+00:00,1.275515,1.275685,1.27538,1.2754750000000001,803.979991607368
2024-05-27 11:45:00+00:00,1.27548,1.27549,1.275105,1.275195,1253.5499814152718
2024-05-27 12:00:00+00:00,1.2751899999999998,1.2753999999999999,1.27437,1.27469,2608.16995678097
2024-05-27 12:15:00+00:00,1.274705,1.275195,1.274635,1.275145,1239.479975283146
2024-05-27 12:30:00+00:00,1.2751549999999998,1.275405,1.27489,1.275195,1419.9899746701121
2024-05-27 12:45:00+00:00,1.27519,1.2758500000000002,1.27518,1.2756699999999999,1313.6699789240956
2024-05-27 13:00:00+00:00,1.27568,1.276075,1.275465,1.275865,1534.999971933663
2024-05-27 13:15:00+00:00,1.275875,1.2769300000000001,1.2757200000000002,1.2768950000000001,1107.2099754065275
2024-05-27 13:30:00+00:00,1.2769,1.27741,1.2767249999999999,1.27717,1630.0799682363868
2024-05-27 13:45:00+00:00,1.277165,1.277315,1.2767849999999998,1.276935,2112.459975615144
2024-05-27 14:00:00+00:00,1.2769400000000002,1.276955,1.276405,1.2765,2872.739957086742
2024-05-27 14:15:00+00:00,1.276495,1.2774450000000002,1.276445,1.277315,848.039983317256
2024-05-27 14:30:00+00:00,1.277305,1.277595,1.277205,1.277575,1196.6099774837494
2024-05-27 14:45:00+00:00,1.277585,1.277765,1.277515,1.27771,468.6199890226126
2024-05-27 15:00:00+00:00,1.277705,1.27774,1.27741,1.277625,3210.929958589375
2024-05-27 15:15:00+00:00,1.277635,1.27772,1.2774,1.277415,2234.5199694484472
2024-05-27 15:30:00+00:00,1.27742,1.2775400000000001,1.2772800000000002,1.27729,1077.6599837467074
2024-05-27 15:45:00+00:00,1.277285,1.27731,1.2769949999999999,1.27721,2184.92998534441
2024-05-27 16:00:00+00:00,1.277215,1.277385,1.277205,1.2772899999999998,1079.3699877932668
2024-05-27 16:15:00+00:00,1.277285,1.277315,1.27724,1.2772649999999999,555.9299941062927
2024-05-27 16:30:00+00:00,1.2772700000000001,1.277405,1.2771400000000002,1.27737,650.8899932727218
2024-05-27 16:45:00+00:00,1.2773750000000001,1.2774100000000002,1.2769599999999999,1.27697,1354.4199828281999
2024-05-27 17:00:00+00:00,1.2769650000000001,1.27714,1.276835,1.27687,4447.049949966371
2024-05-27 17:15:00+00:00,1.276865,1.277075,1.27676,1.27698,5961.599928729236
2024-05-27 17:30:00+00:00,1.27697,1.2770700000000001,1.27686,1.276875,1708.8599878922105
2024-05-27 17:45:00+00:00,1.2768799999999998,1.2769949999999999,1.2768700000000002,1.27698,774.4499858617783
2024-05-27 18:00:00+00:00,1.276975,1.2769949999999999,1.2769599999999999,1.27698,476.99999582767487
2024-05-27 18:15:00+00:00,1.2769849999999998,1.2771249999999998,1.27697,1.276985,858.6899906396866
2024-05-27 18:30:00+00:00,1.27698,1.277025,1.276955,1.27696,473.6199918985367
2024-05-27 18:45:00+00:00,1.276955,1.2769650000000001,1.276845,1.276875,619.5099918246269
2024-05-27 19:00:00+00:00,1.276865,1.276905,1.2768350000000002,1.276885,27.449999570846558
2024-05-27 19:15:00+00:00,1.276845,1.277065,1.27681,1.277065,107.87999783456326
2024-05-27 19:30:00+00:00,1.277065,1.277065,1.276945,1.27698,433.1099958345294
2024-05-27 19:45:00+00:00,1.27697,1.2771750000000002,1.27697,1.2771050000000002,542.5199953019619
2024-05-27 20:00:00+00:00,1.2771,1.277145,1.2770549999999998,1.27708,398.3699950054288
2024-05-27 20:15:00+00:00,1.277075,1.277115,1.276945,1.2769750000000002,175.70999713987112
2024-05-27 20:30:00+00:00,1.27697,1.2769750000000002,1.2768350000000002,1.2768700000000002,153.11999962478876
2024-05-27 20:45:00+00:00,1.276875,1.2769249999999999,1.27682,1.27688,584.5799931138754
2024-05-27 21:00:00+00:00,1.276885,1.2772000000000001,1.2768350000000002,1.27697,658.5699876993895
2024-05-27 21:15:00+00:00,1.2769,1.27707,1.27685,1.2769750000000002,460.8599893450737
2024-05-27 21:30:00+00:00,1.2769599999999999,1.27714,1.276815,1.2768700000000002,1787.5999899581075
2024-05-27 21:45:00+00:00,1.27686,1.27695,1.27679,1.27688,1563.8399922549725
2024-05-27 22:00:00+00:00,1.2769,1.277035,1.27684,1.2769849999999998,301.94999545812607
2024-05-27 22:15:00+00:00,1.27697,1.27701,1.2769650000000001,1.27697,639.8999934196472
2024-05-27 22:30:00+00:00,1.27699,1.277025,1.2769650000000001,1.2769949999999999,206.99999529123306
2024-05-27 22:45:00+00:00,1.2770000000000001,1.277095,1.2769650000000001,1.27708,198.44999581575394
2024-05-27 23:00:00+00:00,1.27709,1.2771050000000002,1.276995,1.2771050000000002,170.84999641776085
2024-05-27 23:15:00+00:00,1.27712,1.277205,1.277075,1.27709,347.48999643325806
2024-05-27 23:30:00+00:00,1.277095,1.2771,1.2770700000000001,1.277095,265.73999582231045
2024-05-27 23:45:00+00:00,1.27709,1.2772299999999999,1.277005,1.27721,280.2899965569377
2024-05-28 00:00:00+00:00,1.277215,1.277405,1.27711,1.277255,793.0199882909656
2024-05-28 00:15:00+00:00,1.277285,1.277615,1.277125,1.277255,511.0799889191985
2024-05-28 00:30:00+00:00,1.277255,1.2775400000000001,1.2771249999999998,1.27734,1187.9999823570251
2024-05-28 00:45:00+00:00,1.27733,1.27745,1.2770700000000001,1.27714,1088.3099785968661
2024-05-28 01:00:00+00:00,1.277135,1.2774450000000002,1.27705,1.2774,744.6899838075042
2024-05-28 01:15:00+00:00,1.277375,1.277545,1.2772899999999998,1.27742,612.8999856039882
2024-05-28 01:30:00+00:00,1.277415,1.2778450000000001,1.2773349999999999,1.2776100000000001,1400.1899704560637
2024-05-28 01:45:00+00:00,1.27762,1.27806,1.27762,1.277705,1314.7199759408832
2024-05-28 02:00:00+00:00,1.2777150000000002,1.2780550000000002,1.27769,1.27801,1117.1099833771586
2024-05-28 02:15:00+00:00,1.27802,1.278085,1.277815,1.277845,658.8899869918823
2024-05-28 02:30:00+00:00,1.277835,1.2779449999999999,1.277705,1.277875,450.32998856157064
2024-05-28 02:45:00+00:00,1.27787,1.278185,1.277865,1.278175,2391.4199737608433
2024-05-28 03:00:00+00:00,1.2781799999999999,1.2781799999999999,1.277995,1.278035,806.6099867671728
2024-05-28 03:15:00+00:00,1.278025,1.27824,1.277895,1.2781449999999999,1423.9399770274758
2024-05-28 03:30:00+00:00,1.27814,1.27833,1.2780749999999999,1.2782,1887.2999785542488
2024-05-28 03:45:00+00:00,1.278205,1.278245,1.2781150000000001,1.2781150000000001,479.42999017238617
2024-05-28 04:00:00+00:00,1.27811,1.278175,1.277935,1.278045,361.3499929904938
2024-05-28 04:15:00+00:00,1.278035,1.2782200000000001,1.278035,1.2781250000000002,2446.7099731191993
2024-05-28 04:30:00+00:00,1.278135,1.2781799999999999,1.27799,1.27802,1004.0399821847677
2024-05-28 04:45:00+00:00,1.278025,1.278045,1.277485,1.27749,1681.0199774578214
2024-05-28 05:00:00+00:00,1.277485,1.277995,1.27746,1.277825,844.0499866530299
2024-05-28 05:15:00+00:00,1.2778200000000002,1.277955,1.2776100000000001,1.2776299999999998,1200.9299850314856
2024-05-28 05:30:00+00:00,1.2776399999999999,1.27767,1.277405,1.2776100000000001,1153.4099841490388
2024-05-28 05:45:00+00:00,1.27759,1.27775,1.2774649999999999,1.2776450000000001,1128.6899857372046
2024-05-28 06:00:00+00:00,1.277635,1.278105,1.277635,1.277895,1090.0799751281738
2024-05-28 06:15:00+00:00,1.277905,1.27808,1.277445,1.277615,905.0099813342094
2024-05-28 06:30:00+00:00,1.277625,1.2777150000000002,1.277075,1.277315,1994.9999766796827
2024-05-28 06:45:00+00:00,1.277305,1.277475,1.2769050000000002,1.27691,1474.319976657629
2024-05-28 07:00:00+00:00,1.276905,1.2779,1.27688,1.277215,2333.0699625983834
2024-05-28 07:15:00+00:00,1.2772000000000001,1.2775050000000001,1.276935,1.2772999999999999,1884.1199718564749
2024-05-28 07:30:00+00:00,1.277305,1.277395,1.2771050000000002,1.2773050000000001,754.7799854576588
2024-05-28 07:45:00+00:00,1.277295,1.2776049999999999,1.277175,1.277315,854.4899832755327
2024-05-28 08:00:00+00:00,1.277355,1.277685,1.277105,1.2771949999999999,1211.6399792432785
2024-05-28 08:15:00+00:00,1.277205,1.277405,1.27661,1.276795,1307.0399780869484
2024-05-28 08:30:00+00:00,1.2768,1.2769599999999999,1.276245,1.2763499999999999,2334.2099690809846
2024-05-28 08:45:00+00:00,1.276345,1.277045,1.276275,1.2768950000000001,1315.429977081716
2024-05-28 09:00:00+00:00,1.2769,1.277075,1.27647,1.2766899999999999,1503.5699822455645
2024-05-28 09:15:00+00:00,1.2767,1.276885,1.2763849999999999,1.276575,1399.4399784579873
2024-05-28 09:30:00+00:00,1.276585,1.277195,1.2764950000000002,1.27708,779.8499863147736
2024-05-28 09:45:00+00:00,1.277085,1.27751,1.2769650000000001,1.2774800000000002,951.6299864798784
2024-05-28 10:00:00+00:00,1.277485,1.27782,1.277455,1.277695,1011.1199813634157
2024-05-28 10:15:00+00:00,1.27771,1.2778049999999999,1.277245,1.277375,1004.8199835345149
2024-05-28 10:30:00+00:00,1.27738,1.27773,1.2773050000000001,1.277635,940.3199805021286
2024-05-28 10:45:00+00:00,1.27763,1.278095,1.277585,1.277925,1151.3099823519588
2024-05-28 11:00:00+00:00,1.27792,1.2788599999999999,1.277825,1.27881,1461.1199750229716
2024-05-28 11:15:00+00:00,1.27881,1.27889,1.278165,1.278315,1396.2599777132273
2024-05-28 11:30:00+00:00,1.27831,1.27861,1.27819,1.27861,1047.1799797713757
2024-05-28 11:45:00+00:00,1.278615,1.2786849999999998,1.278385,1.27857,1101.2299839034677
2024-05-28 12:00:00+00:00,1.2785799999999998,1.279265,1.278495,1.279235,2387.429965302348
2024-05-28 12:15:00+00:00,1.27924,1.2793649999999999,1.2786,1.27887,2534.349967211485
2024-05-28 12:30:00+00:00,1.278875,1.279455,1.27884,1.279185,1797.689973987639
2024-05-28 12:45:00+00:00,1.2792,1.2794750000000001,1.27897,1.2792249999999998,2620.0799614414573
2024-05-28 13:00:00+00:00,1.279215,1.2795999999999998,1.27905,1.279385,2289.779966928065
2024-05-28 13:15:00+00:00,1.27939,1.2800699999999998,1.27929,1.279825,2691.7499539479613
2024-05-28 13:30:00+00:00,1.279835,1.279995,1.279055,1.2790599999999999,3337.309942767024
2024-05-28 13:45:00+00:00,1.2790300000000001,1.27928,1.2780749999999999,1.278235,3495.3899447098374
2024-05-28 14:00:00+00:00,1.2782149999999999,1.2782499999999999,1.27722,1.277835,5214.709918767214
2024-05-28 14:15:00+00:00,1.277825,1.278365,1.277585,1.2781850000000001,2819.9699574261904
2024-05-28 14:30:00+00:00,1.27816,1.278495,1.2775400000000001,1.278375,2336.759956382215
2024-05-28 14:45:00+00:00,1.27837,1.27872,1.2777349999999998,1.277775,3732.469954304397
2024-05-28 15:00:00+00:00,1.27777,1.2778399999999999,1.277425,1.2775699999999999,3177.269957408309
2024-05-28 15:15:00+00:00,1.2775599999999998,1.2781500000000001,1.277435,1.27782,2353.4699663072824
2024-05-28 15:30:00+00:00,1.27782,1.278355,1.277785,1.27803,2457.53996258229
2024-05-28 15:45:00+00:00,1.27803,1.278495,1.277995,1.2784300000000002,997.0199781954288
2024-05-28 16:00:00+00:00,1.2784149999999999,1.278495,1.2778100000000001,1.278105,980.7299807593226
2024-05-28 16:15:00+00:00,1.27811,1.27811,1.277075,1.2772999999999999,855.029980391264
2024-05-28 16:30:00+00:00,1.2773050000000001,1.2779150000000001,1.2773050000000001,1.27772,2034.6299691423774
2024-05-28 16:45:00+00:00,1.277725,1.277815,1.277425,1.277655,1409.6099815443158
2024-05-28 17:00:00+00:00,1.2776299999999998,1.2778,1.2769300000000001,1.277275,2307.209954947233
2024-05-28 17:15:00+00:00,1.27728,1.277495,1.27695,1.2772549999999998,1796.6399665549397
2024-05-28 17:30:00+00:00,1.277245,1.27735,1.2766950000000001,1.276815,1876.3899622261524
2024-05-28 17:45:00+00:00,1.276825,1.2769050000000002,1.276095,1.2765,1831.919976964593
2024-05-28 18:00:00+00:00,1.2764950000000002,1.276715,1.276235,1.2763,1491.269973039627
2024-05-28 18:15:00+00:00,1.276295,1.27643,1.27575,1.2758099999999999,1310.1599754020572
2024-05-28 18:30:00+00:00,1.2757999999999998,1.275925,1.27543,1.27559,1740.8699703514576
2024-05-28 18:45:00+00:00,1.275595,1.27585,1.27542,1.27583,1869.7499676570296
2024-05-28 19:00:00+00:00,1.275835,1.27614,1.27564,1.2758,864.1799817234278
2024-05-28 19:15:00+00:00,1.275785,1.2761399999999998,1.27559,1.275995,939.5399771854281
2024-05-28 19:30:00+00:00,1.2759999999999998,1.276345,1.27599,1.2762850000000001,851.309981547296
2024-05-28 19:45:00+00:00,1.276295,1.27646,1.27616,1.276375,977.6099826693535
2024-05-28 20:00:00+00:00,1.2763849999999999,1.2763900000000001,1.276095,1.276195,173.60999613255262
2024-05-28 20:15:00+00:00,1.2761900000000002,1.27626,1.2761900000000002,1.2762250000000002,90.35999810695648
2024-05-28 20:30:00+00:00,1.27622,1.2762600000000002,1.276125,1.27614,260.7599956393242
2024-05-28 20:45:00+00:00,1.27613,1.276205,1.276075,1.276175,413.66999115794897
2024-05-28 21:00:00+00:00,1.27616,1.27649,1.27602,1.276225,788.6599915027618
2024-05-28 21:15:00+00:00,1.27623,1.276435,1.276215,1.2763900000000001,1210.9799966067076
2024-05-28 21:30:00+00:00,1.27637,1.27644,1.2762850000000001,1.27636,3368.009978361428
2024-05-28 21:45:00+00:00,1.2763499999999999,1.276485,1.2761550000000002,1.27637,5163.119960963726
2024-05-28 22:00:00+00:00,1.276375,1.27643,1.27618,1.27622,571.9499886631966
2024-05-28 22:15:00+00:00,1.27624,1.27627,1.2761149999999999,1.276125,452.24999141693115
2024-05-28 22:30:00+00:00,1.27611,1.27611,1.2757450000000001,1.275805,365.3999925851822
2024-05-28 22:45:00+00:00,1.2757999999999998,1.276025,1.27579,1.276005,497.9099898263812
2024-05-28 23:00:00+00:00,1.276015,1.276025,1.275855,1.275965,312.56999385356903
2024-05-28 23:15:00+00:00,1.27596,1.27596,1.2757900000000002,1.2757999999999998,337.4999922513962
2024-05-28 23:30:00+00:00,1.275795,1.27595,1.275795,1.275935,256.04999339580536
2024-05-28 23:45:00+00:00,1.27595,1.276095,1.275725,1.275805,205.64999508857727
2024-05-29 00:00:00+00:00,1.275795,1.2758600000000002,1.27532,1.27554,1369.3599788099527
2024-05-29 00:15:00+00:00,1.27556,1.27564,1.2754400000000001,1.275455,437.75998997688293
2024-05-29 00:30:00+00:00,1.2754400000000001,1.2754750000000001,1.27522,1.275315,929.3999849706888
2024-05-29 00:45:00+00:00,1.275305,1.2755450000000002,1.275235,1.275395,1573.9799704551697
2024-05-29 01:00:00+00:00,1.2753999999999999,1.2757450000000001,1.27528,1.27569,1275.6599758416414
2024-05-29 01:15:00+00:00,1.275685,1.27596,1.27564,1.2757049999999999,1086.5399794951081
2024-05-29 01:30:00+00:00,1.275735,1.275895,1.27518,1.275335,2039.1899589449167
2024-05-29 01:45:00+00:00,1.27533,1.27573,1.275325,1.27561,711.0899834409356
2024-05-29 02:00:00+00:00,1.2756150000000002,1.275785,1.275335,1.2757100000000001,1553.0699816420674
2024-05-29 02:15:00+00:00,1.275725,1.2758850000000002,1.27558,1.2757,1885.2599738389254
2024-05-29 02:30:00+00:00,1.275695,1.27572,1.27535,1.2753999999999999,1655.6999729946256
2024-05-29 02:45:00+00:00,1.275395,1.27542,1.27495,1.27495,1613.3499762117863
2024-05-29 03:00:00+00:00,1.27494,1.27514,1.274885,1.27498,942.3299819454551
2024-05-29 03:15:00+00:00,1.27496,1.27501,1.274725,1.274785,734.1299880370498
2024-05-29 03:30:00+00:00,1.27477,1.27514,1.274745,1.2751199999999998,731.5199915766716
2024-05-29 03:45:00+00:00,1.275115,1.275275,1.274945,1.275075,1127.2799866050482
2024-05-29 04:00:00+00:00,1.27507,1.275075,1.27468,1.274695,888.1499887853861
2024-05-29 04:15:00+00:00,1.27469,1.274925,1.27467,1.27491,743.3099877610803
2024-05-29 04:30:00+00:00,1.274905,1.274975,1.27475,1.27491,779.1299882605672
2024-05-29 04:45:00+00:00,1.274915,1.275285,1.274865,1.275225,694.1399888768792
2024-05-29 05:00:00+00:00,1.275215,1.2754349999999999,1.275155,1.2753100000000002,765.6599880605936
2024-05-29 05:15:00+00:00,1.27533,1.2754699999999999,1.275105,1.275145,980.7599856927991
2024-05-29 05:30:00+00:00,1.27517,1.275335,1.274925,1.2750249999999999,1343.5199766159058
2024-05-29 05:45:00+00:00,1.27503,1.275195,1.27489,1.27496,1174.1999814882874
2024-05-29 06:00:00+00:00,1.27498,1.27553,1.2749,1.275495,2032.07996096462
2024-05-29 06:15:00+00:00,1.2754750000000001,1.275605,1.2751649999999999,1.27558,2067.5099685415626
2024-05-29 06:30:00+00:00,1.275565,1.27629,1.275485,1.276205,1890.2699655592442
2024-05-29 06:45:00+00:00,1.276195,1.276455,1.27591,1.276065,2566.8599638417363
2024-05-29 07:00:00+00:00,1.276055,1.27683,1.275935,1.276805,2211.0899569392204
2024-05-29 07:15:00+00:00,1.27681,1.27718,1.276685,1.2769599999999999,1519.9799705594778
2024-05-29 07:30:00+00:00,1.276955,1.276955,1.2762850000000001,1.276595,1442.789977811277
2024-05-29 07:45:00+00:00,1.2766000000000002,1.2767650000000001,1.27616,1.276395,2129.2499709278345
2024-05-29 08:00:00+00:00,1.2763550000000001,1.27656,1.2757399999999999,1.276185,5308.299919426441
2024-05-29 08:15:00+00:00,1.27619,1.2763900000000001,1.275785,1.2763,2484.689953505993
2024-05-29 08:30:00+00:00,1.276305,1.276335,1.275865,1.2760850000000001,2080.8299668878317
2024-05-29 08:45:00+00:00,1.27609,1.27623,1.2755,1.27558,1429.019974514842
2024-05-29 09:00:00+00:00,1.27559,1.276,1.275565,1.27582,1453.9799733534455
2024-05-29 09:15:00+00:00,1.275855,1.275935,1.27553,1.275695,1020.2799785137177
2024-05-29 09:30:00+00:00,1.275715,1.276445,1.275605,1.2763900000000001,905.1499799340963
2024-05-29 09:45:00+00:00,1.276385,1.276475,1.276065,1.27609,1213.679978914559
2024-05-29 10:00:00+00:00,1.276085,1.276175,1.2754400000000001,1.275605,1340.5799811407924
2024-05-29 10:15:00+00:00,1.2756,1.27569,1.275155,1.275215,1404.7999777123332
2024-05-29 10:30:00+00:00,1.2752050000000001,1.2752050000000001,1.2744650000000002,1.274705,1265.5199802145362
2024-05-29 10:45:00+00:00,1.2747000000000002,1.275215,1.2745199999999999,1.274545,1592.8699735924602
2024-05-29 11:00:00+00:00,1.27455,1.2746849999999998,1.2737349999999998,1.27386,2070.029976531863
2024-05-29 11:15:00+00:00,1.27384,1.274465,1.2735599999999998,1.274465,1827.6599688977003
2024-05-29 11:30:00+00:00,1.274475,1.275315,1.274385,1.27519,1914.3299702554941
2024-05-29 11:45:00+00:00,1.275175,1.2752,1.27485,1.2748650000000001,2151.7199654206634
2024-05-29 12:00:00+00:00,1.274875,1.275555,1.274835,1.275035,2085.5599585473537
2024-05-29 12:15:00+00:00,1.275,1.275355,1.274475,1.275325,2394.989956870675
2024-05-29 12:30:00+00:00,1.2753299999999999,1.2755,1.27464,1.274835,2123.0599607750773
2024-05-29 12:45:00+00:00,1.2748300000000001,1.2749350000000002,1.27407,1.2744550000000001,2474.5499488934875
2024-05-29 13:00:00+00:00,1.27446,1.274605,1.273685,1.274205,3315.5399485453963
2024-05-29 13:15:00+00:00,1.274225,1.274275,1.273715,1.273835,2291.6799693480134
2024-05-29 13:30:00+00:00,1.27383,1.27406,1.273025,1.27332,3789.8199425935745
2024-05-29 13:45:00+00:00,1.273325,1.27402,1.2732100000000002,1.27349,3624.8899416849017
2024-05-29 14:00:00+00:00,1.273505,1.274045,1.2733050000000001,1.273645,3668.239944316447
2024-05-29 14:15:00+00:00,1.27365,1.273835,1.271825,1.271895,3133.369951635599
2024-05-29 14:30:00+00:00,1.27191,1.27226,1.271155,1.271645,3215.0999545902014
2024-05-29 14:45:00+00:00,1.2716349999999998,1.2723200000000001,1.271125,1.27152,4616.309941619635
2024-05-29 15:00:00+00:00,1.27151,1.2717100000000001,1.2707950000000001,1.2708949999999999,3180.6199485063553
2024-05-29 15:15:00+00:00,1.2708949999999999,1.271695,1.270835,1.271415,2566.3499551787972
2024-05-29 15:30:00+00:00,1.2714050000000001,1.2714050000000001,1.270515,1.2709899999999998,2182.6599576175213
2024-05-29 15:45:00+00:00,1.2709549999999998,1.271445,1.270715,1.271195,2079.779960602522
2024-05-29 16:00:00+00:00,1.2711999999999999,1.271305,1.27064,1.270975,2865.41996511817
2024-05-29 16:15:00+00:00,1.2709549999999998,1.2715200000000002,1.2708,1.27132,2153.6099688112736
2024-05-29 16:30:00+00:00,1.271285,1.27166,1.2710050000000002,1.2712599999999998,1470.0899747386575
2024-05-29 16:45:00+00:00,1.271255,1.271855,1.27121,1.2717100000000001,2479.8499737530947
2024-05-29 17:00:00+00:00,1.27168,1.2717100000000001,1.27064,1.27091,2811.129949249327
2024-05-29 17:15:00+00:00,1.2708949999999999,1.271485,1.27071,1.27138,1298.849978543818
2024-05-29 17:30:00+00:00,1.271375,1.271395,1.2709,1.271125,1219.1399745419621
2024-05-29 17:45:00+00:00,1.271115,1.271725,1.271045,1.2714400000000001,1119.539984114468
2024-05-29 18:00:00+00:00,1.271435,1.271645,1.2712949999999998,1.27154,714.5399849638343
2024-05-29 18:15:00+00:00,1.271525,1.271525,1.2711000000000001,1.271135,772.3899811431766
2024-05-29 18:30:00+00:00,1.2711299999999999,1.27121,1.270465,1.270465,791.1899816915393
2024-05-29 18:45:00+00:00,1.270475,1.2704849999999999,1.2699150000000001,1.270355,1555.5299734175205
2024-05-29 19:00:00+00:00,1.27035,1.270355,1.269975,1.2701099999999999,1317.419976837933
2024-05-29 19:15:00+00:00,1.2701,1.270435,1.270095,1.270245,934.0499817430973
2024-05-29 19:30:00+00:00,1.270235,1.27038,1.2701500000000001,1.2702900000000001,1375.7099766135216
2024-05-29 19:45:00+00:00,1.270295,1.270355,1.2699449999999999,1.270215,513.5999903902411
2024-05-29 20:00:00+00:00,1.270225,1.27024,1.270115,1.27023,233.81999637186527
2024-05-29 20:15:00+00:00,1.270235,1.27024,1.27006,1.270115,112.13999736309052
2024-05-29 20:30:00+00:00,1.2701099999999999,1.270175,1.270065,1.270135,411.9899967610836
2024-05-29 20:45:00+00:00,1.27014,1.2701500000000001,1.26992,1.270065,399.35999339818954
2024-05-29 21:00:00+00:00,1.270075,1.270655,1.2699850000000001,1.27021,467.46999180316925
2024-05-29 21:15:00+00:00,1.27017,1.270305,1.27014,1.27016,351.8199909925461
2024-05-29 21:30:00+00:00,1.27017,1.2703250000000001,1.27009,1.2702849999999999,1004.0799853801727
2024-05-29 21:45:00+00:00,1.270265,1.2705250000000001,1.27017,1.270355,1988.5499682947993
2024-05-29 22:00:00+00:00,1.2703600000000002,1.2703600000000002,1.26986,1.27006,1021.4999814629555
2024-05-29 22:15:00+00:00,1.270065,1.2700999999999998,1.26999,1.27006,559.7999912500381
2024-05-29 22:30:00+00:00,1.2700550000000002,1.2700550000000002,1.26985,1.2698800000000001,425.69999492168427
2024-05-29 22:45:00+00:00,1.269885,1.269885,1.269655,1.269765,309.86999571323395
2024-05-29 23:00:00+00:00,1.2697699999999998,1.26986,1.269655,1.26986,373.88999342918396
2024-05-29 23:15:00+00:00,1.269865,1.269945,1.2696100000000001,1.2696399999999999,270.83999514579773
2024-05-29 23:30:00+00:00,1.269645,1.26976,1.26962,1.26975,262.37999438494444
2024-05-29 23:45:00+00:00,1.26976,1.269825,1.26962,1.26978,633.5699912384152
2024-05-30 00:00:00+00:00,1.26977,1.26978,1.269135,1.2694649999999998,1256.3999736458063
2024-05-30 00:15:00+00:00,1.26947,1.269485,1.269135,1.269405,968.219979159534
2024-05-30 00:30:00+00:00,1.26941,1.26949,1.26905,1.26914,706.7999861985445
2024-05-30 00:45:00+00:00,1.26915,1.269515,1.26915,1.269365,1206.8699799329042
2024-05-30 01:00:00+00:00,1.2693699999999999,1.2699449999999999,1.26929,1.2698800000000001,1414.3199735954404
2024-05-30 01:15:00+00:00,1.26989,1.2703,1.269755,1.2699500000000001,1571.00996927917
2024-05-30 01:30:00+00:00,1.26997,1.27023,1.2696399999999999,1.269825,1636.7399693727493
2024-05-30 01:45:00+00:00,1.269815,1.26997,1.269515,1.269655,1593.8399707749486
2024-05-30 02:00:00+00:00,1.26965,1.270055,1.2696450000000001,1.269955,1098.6099791228771
2024-05-30 02:15:00+00:00,1.2699500000000001,1.269995,1.269525,1.2696450000000001,1444.1099746748805
2024-05-30 02:30:00+00:00,1.2696399999999999,1.269655,1.26923,1.26925,654.0599872618914
2024-05-30 02:45:00+00:00,1.269255,1.269465,1.269055,1.2694450000000002,727.5299850031734
2024-05-30 03:00:00+00:00,1.26945,1.26945,1.26925,1.269335,734.8199864402413
2024-05-30 03:15:00+00:00,1.269345,1.26965,1.269225,1.269315,1082.0099866315722
2024-05-30 03:30:00+00:00,1.269335,1.269425,1.269255,1.26935,1755.0299826264381
2024-05-30 03:45:00+00:00,1.2693400000000001,1.26955,1.26932,1.269505,2491.4399802461267
2024-05-30 04:00:00+00:00,1.26952,1.269665,1.269395,1.269655,1520.6699839755893
2024-05-30 04:15:00+00:00,1.26966,1.269695,1.26947,1.269485,871.7399880886078
2024-05-30 04:30:00+00:00,1.2694800000000002,1.2695349999999999,1.269025,1.269085,1231.8899850100279
2024-05-30 04:45:00+00:00,1.26908,1.269595,1.26901,1.269525,1212.4799869954586
2024-05-30 05:00:00+00:00,1.269535,1.2695500000000002,1.269255,1.269345,505.3499902486801
2024-05-30 05:15:00+00:00,1.2693500000000002,1.269355,1.268945,1.269115,750.5399828478694
2024-05-30 05:30:00+00:00,1.26909,1.26911,1.2686449999999998,1.268755,1333.7999756336212
2024-05-30 05:45:00+00:00,1.26875,1.268925,1.2684,1.26872,1799.169973909855
2024-05-30 06:00:00+00:00,1.268715,1.26922,1.268525,1.269115,2119.4099619314075
2024-05-30 06:15:00+00:00,1.26912,1.2692649999999999,1.268875,1.2689650000000001,1386.8499812036753
2024-05-30 06:30:00+00:00,1.268955,1.26919,1.268505,1.268665,1935.7799664363265
2024-05-30 06:45:00+00:00,1.2686549999999999,1.2686799999999998,1.268105,1.268555,1572.329974591732
2024-05-30 07:00:00+00:00,1.268545,1.27039,1.268545,1.270195,3173.3499516248703
2024-05-30 07:15:00+00:00,1.270185,1.270265,1.269735,1.27021,1703.6099688336253
2024-05-30 07:30:00+00:00,1.2702149999999999,1.2703250000000001,1.26944,1.2696100000000001,1666.2099679335952
2024-05-30 07:45:00+00:00,1.269615,1.270925,1.2695949999999998,1.2708400000000002,2440.3199601322412
2024-05-30 08:00:00+00:00,1.2708599999999999,1.2710750000000002,1.2696399999999999,1.269665,2395.7599614188075
2024-05-30 08:15:00+00:00,1.269685,1.270365,1.26959,1.270235,1955.009968034923
2024-05-30 08:30:00+00:00,1.270245,1.27053,1.270115,1.27044,1920.0199741348624
2024-05-30 08:45:00+00:00,1.270425,1.2715200000000002,1.2703099999999998,1.27125,2030.189967572689
2024-05-30 09:00:00+00:00,1.271245,1.271895,1.2712050000000001,1.27155,1833.2699641138315
2024-05-30 09:15:00+00:00,1.271545,1.271755,1.271195,1.271375,1639.149973243475
2024-05-30 09:30:00+00:00,1.2713700000000001,1.27161,1.270945,1.271255,2333.1199694871902
2024-05-30 09:45:00+00:00,1.27125,1.27142,1.271,1.27115,1352.6399756222963
2024-05-30 10:00:00+00:00,1.27116,1.271215,1.27055,1.27055,1584.9899726435542
2024-05-30 10:15:00+00:00,1.2705600000000001,1.271535,1.27034,1.271465,1634.5799681916833
2024-05-30 10:30:00+00:00,1.27146,1.27226,1.2713999999999999,1.271845,1575.6399748176336
2024-05-30 10:45:00+00:00,1.2718500000000001,1.271965,1.2712249999999998,1.2713299999999998,1573.0499742105603
2024-05-30 11:00:00+00:00,1.271335,1.27155,1.271015,1.27141,1383.4799720570445
2024-05-30 11:15:00+00:00,1.27142,1.27183,1.271405,1.271755,938.1299803704023
2024-05-30 11:30:00+00:00,1.27175,1.271875,1.271325,1.27152,1037.1899788081646
2024-05-30 11:45:00+00:00,1.27153,1.27157,1.270845,1.2709899999999998,1549.1999749913812
2024-05-30 12:00:00+00:00,1.271,1.2712599999999998,1.2705799999999998,1.2706300000000001,1458.6599757224321
2024-05-30 12:15:00+00:00,1.270635,1.27104,1.2705549999999999,1.270905,1436.8799774125218
2024-05-30 12:30:00+00:00,1.270915,1.272605,1.27083,1.272255,6076.479915365577
2024-05-30 12:45:00+00:00,1.272275,1.272815,1.27209,1.272445,3309.3299484848976
2024-05-30 13:00:00+00:00,1.272455,1.272905,1.2721,1.2722799999999999,2711.4599422216415
2024-05-30 13:15:00+00:00,1.27227,1.272695,1.27177,1.27248,2439.8399564623833
2024-05-30 13:30:00+00:00,1.27249,1.2731050000000002,1.272315,1.27276,4424.149938382208
2024-05-30 13:45:00+00:00,1.27277,1.27352,1.27257,1.27304,3431.539944835007
2024-05-30 14:00:00+00:00,1.273045,1.2732649999999999,1.2720950000000002,1.272295,3926.5199392437935
2024-05-30 14:15:00+00:00,1.272305,1.27313,1.27228,1.2729400000000002,2162.459959588945
2024-05-30 14:30:00+00:00,1.272915,1.27314,1.272405,1.273005,2103.029964901507
2024-05-30 14:45:00+00:00,1.273015,1.2744499999999999,1.273015,1.273835,3526.849946938455
2024-05-30 15:00:00+00:00,1.273825,1.2738450000000001,1.27333,1.273655,2100.3299577757716
2024-05-30 15:15:00+00:00,1.27363,1.2744900000000001,1.27362,1.274235,2499.4799615442753
2024-05-30 15:30:00+00:00,1.27424,1.27473,1.274085,1.2741,2523.749962642789
2024-05-30 15:45:00+00:00,1.274085,1.274375,1.273675,1.273695,1387.7399716377258
2024-05-30 16:00:00+00:00,1.27369,1.2738450000000001,1.27351,1.273735,2137.5099672973156
2024-05-30 16:15:00+00:00,1.273725,1.274175,1.273725,1.27403,1463.1599776744843
2024-05-30 16:30:00+00:00,1.274045,1.2743449999999998,1.27401,1.27412,889.3799803853035
2024-05-30 16:45:00+00:00,1.27409,1.27439,1.27405,1.27414,715.4999844804406
2024-05-30 17:00:00+00:00,1.274135,1.27438,1.2741099999999999,1.274305,1205.7299821972847
2024-05-30 17:15:00+00:00,1.27428,1.27441,1.274075,1.27427,794.5799843147397
2024-05-30 17:30:00+00:00,1.274275,1.274385,1.2741500000000001,1.2742550000000001,723.4499860331416
2024-05-30 17:45:00+00:00,1.2742499999999999,1.27435,1.27387,1.27404,737.2499845400453
2024-05-30 18:00:00+00:00,1.27403,1.274045,1.27374,1.2738450000000001,725.4599864631891
2024-05-30 18:15:00+00:00,1.273835,1.273835,1.27346,1.2738,1021.7399843782187
2024-05-30 18:30:00+00:00,1.2738049999999999,1.2739500000000001,1.27359,1.273695,710.969985768199
2024-05-30 18:45:00+00:00,1.273685,1.27387,1.2736399999999999,1.27376,780.8099838867784
2024-05-30 19:00:00+00:00,1.273745,1.27376,1.27335,1.273715,784.8899861499667
2024-05-30 19:15:00+00:00,1.273705,1.273755,1.273395,1.2735400000000001,1107.809980534017
2024-05-30 19:30:00+00:00,1.2735349999999999,1.273575,1.27291,1.2729249999999999,1815.2699698582292
2024-05-30 19:45:00+00:00,1.2729300000000001,1.2732700000000001,1.272635,1.27313,2095.679963439703
2024-05-30 20:00:00+00:00,1.27312,1.273155,1.272885,1.27297,274.6499945297837
2024-05-30 20:15:00+00:00,1.2729650000000001,1.2731949999999999,1.2729650000000001,1.273185,254.72999539226294
2024-05-30 20:30:00+00:00,1.273215,1.273275,1.273155,1.27318,158.66999711841345
2024-05-30 20:45:00+00:00,1.273195,1.2733249999999998,1.27314,1.273225,281.39999528974295
2024-05-30 21:00:00+00:00,1.27321,1.27344,1.27299,1.27322,233.44999814778566
2024-05-30 21:15:00+00:00,1.2732100000000002,1.27347,1.2729,1.273275,716.5899954140186
2024-05-30 21:30:00+00:00,1.273265,1.27335,1.273125,1.2731599999999998,1230.4499773085117
2024-05-30 21:45:00+00:00,1.27317,1.2734,1.2730299999999999,1.2733599999999998,3236.979951225221
2024-05-30 22:00:00+00:00,1.273345,1.27345,1.273155,1.2732649999999999,679.0499869585037
2024-05-30 22:15:00+00:00,1.2732700000000001,1.27335,1.27319,1.2732649999999999,475.6499907374382
2024-05-30 22:30:00+00:00,1.27326,1.27332,1.273205,1.273225,365.4899948835373
2024-05-30 22:45:00+00:00,1.2732299999999999,1.27326,1.273155,1.2732350000000001,336.59999227523804
2024-05-30 23:00:00+00:00,1.27325,1.27325,1.2729,1.27291,270.25999411940575
2024-05-30 23:15:00+00:00,1.272905,1.2729300000000001,1.272815,1.2729300000000001,124.34999714791775
2024-05-30 23:30:00+00:00,1.27294,1.273115,1.272845,1.273115,215.9699961990118
2024-05-30 23:45:00+00:00,1.27308,1.273115,1.2728350000000002,1.2728899999999999,518.3399894684553
2024-05-31 00:00:00+00:00,1.272895,1.273245,1.272875,1.27305,612.2099863290787
2024-05-31 00:15:00+00:00,1.273045,1.27305,1.272805,1.27292,802.6199812144041
2024-05-31 00:30:00+00:00,1.272935,1.27319,1.2729300000000001,1.273135,657.3599867746234
2024-05-31 00:45:00+00:00,1.27314,1.2734100000000002,1.2728549999999998,1.2730350000000001,815.0699826925993
2024-05-31 01:00:00+00:00,1.273045,1.2732350000000001,1.272755,1.27287,1280.6999704241753
2024-05-31 01:15:00+00:00,1.272875,1.273045,1.272545,1.272935,1052.7599786370993
2024-05-31 01:30:00+00:00,1.27291,1.272935,1.272455,1.272555,1897.7699661925435
2024-05-31 01:45:00+00:00,1.272535,1.2725650000000002,1.27215,1.272165,1380.5099733546376
2024-05-31 02:00:00+00:00,1.27215,1.27256,1.27211,1.272225,1270.139977902174
2024-05-31 02:15:00+00:00,1.272235,1.27249,1.27223,1.27227,500.5799893140793
2024-05-31 02:30:00+00:00,1.272265,1.2723,1.271865,1.2718850000000002,1159.109987653792
2024-05-31 02:45:00+00:00,1.2719,1.27204,1.27153,1.271695,1193.7599798217416
2024-05-31 03:00:00+00:00,1.271685,1.2720850000000001,1.271645,1.271945,836.1299813091755
2024-05-31 03:15:00+00:00,1.271955,1.27216,1.271735,1.2721,1175.9399803131819
2024-05-31 03:30:00+00:00,1.2721049999999998,1.272145,1.2719,1.2719,1441.109976530075
2024-05-31 03:45:00+00:00,1.2719049999999998,1.272335,1.2719,1.272295,1172.4299850910902
2024-05-31 04:00:00+00:00,1.2723,1.2723900000000001,1.27211,1.27214,1781.3999794647098
2024-05-31 04:15:00+00:00,1.27213,1.27223,1.271835,1.27193,621.9599907100201
2024-05-31 04:30:00+00:00,1.271935,1.271945,1.27162,1.271735,366.98999201506376
2024-05-31 04:45:00+00:00,1.2717450000000001,1.272195,1.271655,1.27214,1234.9799780845642
2024-05-31 05:00:00+00:00,1.272135,1.272305,1.2720699999999998,1.27229,1573.4099746719003
2024-05-31 05:15:00+00:00,1.272305,1.2723550000000001,1.271915,1.27194,690.8399888649583
2024-05-31 05:30:00+00:00,1.2719550000000002,1.2723200000000001,1.271955,1.272235,1122.629980571568
2024-05-31 05:45:00+00:00,1.272245,1.272335,1.2719049999999998,1.2719049999999998,902.9699838683009
2024-05-31 06:00:00+00:00,1.271935,1.2723149999999999,1.2713700000000001,1.2713999999999999,1459.1199682801962
2024-05-31 06:15:00+00:00,1.271375,1.271645,1.271305,1.2716150000000002,1643.6699685528874
2024-05-31 06:30:00+00:00,1.27162,1.271935,1.27145,1.27148,1508.8199740499258
2024-05-31 06:45:00+00:00,1.27149,1.27186,1.2714400000000001,1.271455,1696.8599660247564
2024-05-31 07:00:00+00:00,1.271445,1.27157,1.270725,1.2708599999999999,2233.289965286851
2024-05-31 07:15:00+00:00,1.270845,1.2708599999999999,1.270375,1.27044,2437.1499664857984
2024-05-31 07:30:00+00:00,1.2704550000000001,1.270795,1.27003,1.27066,2570.549970112741
2024-05-31 07:45:00+00:00,1.270655,1.270725,1.27027,1.270635,2373.2599699795246
2024-05-31 08:00:00+00:00,1.2706300000000001,1.271495,1.27055,1.2713700000000001,2157.6999628916383
2024-05-31 08:15:00+00:00,1.271355,1.271685,1.2713299999999998,1.27159,1569.179977543652
2024-05-31 08:30:00+00:00,1.271585,1.27199,1.2714699999999999,1.27157,2202.719971179962
2024-05-31 08:45:00+00:00,1.271595,1.271775,1.270965,1.27097,2481.3899639323354
2024-05-31 09:00:00+00:00,1.27097,1.271585,1.270965,1.271455,2451.629959270358
2024-05-31 09:15:00+00:00,1.2714699999999999,1.27162,1.270915,1.27162,1660.1999688372016
2024-05-31 09:30:00+00:00,1.2716150000000002,1.27213,1.2715,1.2720449999999999,1693.9699701368809
2024-05-31 09:45:00+00:00,1.272035,1.27259,1.272025,1.2724,1716.659974962473
2024-05-31 10:00:00+00:00,1.272405,1.272675,1.2723200000000001,1.272565,1655.4899720847607
2024-05-31 10:15:00+00:00,1.272555,1.272755,1.27218,1.272345,1724.2799700424075
2024-05-31 10:30:00+00:00,1.27236,1.272445,1.27195,1.2720250000000002,1427.1899764314294
2024-05-31 10:45:00+00:00,1.272035,1.272265,1.2717399999999999,1.272195,1577.5899725705385
2024-05-31 11:00:00+00:00,1.272185,1.272645,1.272065,1.272605,905.1599811390042
2024-05-31 11:15:00+00:00,1.272595,1.272655,1.272125,1.27225,1202.4599776044488
2024-05-31 11:30:00+00:00,1.272255,1.2723900000000001,1.271545,1.271695,1874.6199670955539
2024-05-31 11:45:00+00:00,1.27166,1.271705,1.2709350000000001,1.27143,2287.4299649223685
2024-05-31 12:00:00+00:00,1.27142,1.271605,1.271205,1.271385,1724.849966444075
2024-05-31 12:15:00+00:00,1.27139,1.27153,1.27096,1.271345,1534.1099705770612
2024-05-31 12:30:00+00:00,1.271335,1.27386,1.27074,1.273835,9580.17985329777
2024-05-31 12:45:00+00:00,1.27381,1.275055,1.273505,1.27468,4670.459923893213
2024-05-31 13:00:00+00:00,1.274655,1.275115,1.274155,1.27497,3492.8999369740486
2024-05-31 13:15:00+00:00,1.274975,1.27519,1.274645,1.2747899999999999,2384.6099568530917
2024-05-31 13:30:00+00:00,1.2747799999999998,1.27546,1.2742,1.27524,3766.6599401682615
2024-05-31 13:45:00+00:00,1.275245,1.276075,1.275245,1.2757399999999999,3408.3899424746633
2024-05-31 14:00:00+00:00,1.27575,1.276635,1.275485,1.275735,4549.379932530224
2024-05-31 14:15:00+00:00,1.275725,1.2763149999999999,1.2752050000000001,1.275795,5195.009949982166
2024-05-31 14:30:00+00:00,1.2758,1.275805,1.273995,1.27407,3566.9199366495013
2024-05-31 14:45:00+00:00,1.274085,1.27447,1.2730899999999998,1.2731050000000002,6243.639901608229
2024-05-31 15:00:00+00:00,1.2731050000000002,1.27339,1.2720099999999999,1.27254,5610.0799112692475
2024-05-31 15:15:00+00:00,1.2725149999999998,1.27259,1.2717800000000001,1.272385,4259.919937156141
2024-05-31 15:30:00+00:00,1.2724,1.2737,1.27228,1.27355,3372.0499430820346
2024-05-31 15:45:00+00:00,1.2735349999999999,1.27406,1.2734800000000002,1.2734800000000002,2499.419962450862
2024-05-31 16:00:00+00:00,1.273465,1.273465,1.2721200000000001,1.272455,2399.3999534398317
2024-05-31 16:15:00+00:00,1.27245,1.27294,1.272445,1.272755,2524.109963901341
2024-05-31 16:30:00+00:00,1.27275,1.27366,1.272685,1.2736399999999999,2142.1799670383334
2024-05-31 16:45:00+00:00,1.27365,1.27365,1.27292,1.272985,1811.2499715536833
2024-05-31 17:00:00+00:00,1.27298,1.27317,1.27284,1.27305,1754.6099762171507
2024-05-31 17:15:00+00:00,1.273045,1.27349,1.27292,1.27315,1013.9999804422259
2024-05-31 17:30:00+00:00,1.27317,1.2732649999999999,1.2729400000000002,1.27295,910.3499853760004
2024-05-31 17:45:00+00:00,1.27292,1.27298,1.27245,1.272735,988.1099821329117
2024-05-31 18:00:00+00:00,1.2727499999999998,1.2732350000000001,1.272645,1.273055,947.6999825313687
2024-05-31 18:15:00+00:00,1.27305,1.2731949999999999,1.272965,1.27315,900.5999861732125
2024-05-31 18:30:00+00:00,1.273155,1.273295,1.272795,1.273135,1385.039981275797
2024-05-31 18:45:00+00:00,1.273155,1.273205,1.27273,1.27312,1492.76997371763
2024-05-31 19:00:00+00:00,1.2731249999999998,1.273515,1.273055,1.273155,1745.339971281588
2024-05-31 19:15:00+00:00,1.27317,1.273465,1.272945,1.273155,1360.5799704641104
2024-05-31 19:30:00+00:00,1.2731249999999998,1.2739449999999999,1.27298,1.273925,1594.2599668204784
2024-05-31 19:45:00+00:00,1.27393,1.27467,1.2739150000000001,1.27444,1778.3999648466706
2024-05-31 20:00:00+00:00,1.27445,1.27455,1.27413,1.27455,1316.3099772706628
2024-05-31 20:15:00+00:00,1.27454,1.27457,1.274355,1.2744550000000001,263.7899939790368
2024-05-31 20:30:00+00:00,1.27444,1.274465,1.274315,1.27433,721.8899888172746
2024-05-31 20:45:00+00:00,1.274365,1.2744149999999999,1.2741500000000001,1.274205,953.6199814677238
2024-06-03 00:00:00+00:00,1.274435,1.274605,1.27424,1.27455,1229.7299785614014
2024-06-03 00:15:00+00:00,1.27455,1.275045,1.2745,1.274905,548.5499863624573
2024-06-03 00:30:00+00:00,1.2749,1.27494,1.274685,1.274775,1136.3699797168374
2024-06-03 00:45:00+00:00,1.27477,1.2755800000000002,1.27477,1.275385,1391.489977426827
2024-06-03 01:00:00+00:00,1.27538,1.275605,1.275045,1.275235,1117.5599807798862
2024-06-03 01:15:00+00:00,1.27524,1.275345,1.27488,1.275055,1568.6399744153023
2024-06-03 01:30:00+00:00,1.2750599999999999,1.27516,1.274895,1.275145,1247.489980071783
2024-06-03 01:45:00+00:00,1.275155,1.2753299999999999,1.275015,1.27504,1222.5299820378423
2024-06-03 02:00:00+00:00,1.27505,1.2751199999999998,1.27462,1.27471,1350.0899845734239
2024-06-03 02:15:00+00:00,1.274715,1.27477,1.274585,1.27475,1026.5399792790413
2024-06-03 02:30:00+00:00,1.2747549999999999,1.2749350000000002,1.274675,1.274855,644.429988078773
2024-06-03 02:45:00+00:00,1.274895,1.274935,1.274595,1.274605,445.91999089717865
2024-06-03 03:00:00+00:00,1.274625,1.27489,1.2744499999999999,1.27474,580.6799909248948
2024-06-03 03:15:00+00:00,1.27473,1.27482,1.274335,1.2744149999999999,953.7899832129478
2024-06-03 03:30:00+00:00,1.27442,1.274425,1.27408,1.27413,1083.299978889525
2024-06-03 03:45:00+00:00,1.2741449999999999,1.27428,1.27379,1.273925,1384.4999756738544
2024-06-03 04:00:00+00:00,1.27393,1.274255,1.273895,1.2741099999999999,866.2199867218733
2024-06-03 04:15:00+00:00,1.274105,1.274415,1.27409,1.274375,394.6499910354614
2024-06-03 04:30:00+00:00,1.27438,1.274495,1.27432,1.27441,671.009988412261
2024-06-03 04:45:00+00:00,1.274395,1.2745199999999999,1.274295,1.274335,1472.4899730682373
2024-06-03 05:00:00+00:00,1.274325,1.27437,1.2741,1.27426,2216.0999719426036
2024-06-03 05:15:00+00:00,1.274265,1.274295,1.27396,1.274055,1116.5999839827418
2024-06-03 05:30:00+00:00,1.27406,1.274115,1.273685,1.273745,496.169988155365
2024-06-03 05:45:00+00:00,1.273745,1.273925,1.2735750000000001,1.2737150000000002,752.4599822685122
2024-06-03 06:00:00+00:00,1.27371,1.274045,1.2732350000000001,1.273445,2302.0199619829655
2024-06-03 06:15:00+00:00,1.273435,1.273675,1.27311,1.27345,1227.899974398315
2024-06-03 06:30:00+00:00,1.2734450000000002,1.27387,1.273245,1.273755,1430.6699740439653
2024-06-03 06:45:00+00:00,1.273745,1.2738049999999999,1.2734,1.273405,1157.1599761545658
2024-06-03 07:00:00+00:00,1.273415,1.27402,1.2729599999999999,1.27297,2022.899959988892
2024-06-03 07:15:00+00:00,1.2729650000000001,1.273055,1.272375,1.272525,1520.8299679383636
2024-06-03 07:30:00+00:00,1.27253,1.272985,1.27246,1.272975,1739.3399731591344
2024-06-03 07:45:00+00:00,1.2729650000000001,1.2729650000000001,1.271355,1.2714249999999998,2147.5299594327807
2024-06-03 08:00:00+00:00,1.2714050000000001,1.271685,1.27092,1.27115,2838.209950298071
2024-06-03 08:15:00+00:00,1.271145,1.271855,1.2710650000000001,1.2711999999999999,1913.5599642917514
2024-06-03 08:30:00+00:00,1.271185,1.271745,1.27048,1.2705250000000001,2497.8299569636583
2024-06-03 08:45:00+00:00,1.27051,1.271025,1.27041,1.27046,1787.1299696415663
2024-06-03 09:00:00+00:00,1.27047,1.2705000000000002,1.269565,1.2696399999999999,1550.609971627593
2024-06-03 09:15:00+00:00,1.269645,1.27038,1.269435,1.2702200000000001,2456.9899739548564
2024-06-03 09:30:00+00:00,1.2702300000000002,1.27091,1.26975,1.269795,1911.8699653819203
2024-06-03 09:45:00+00:00,1.269825,1.270635,1.26975,1.27046,1872.5399647951126
2024-06-03 10:00:00+00:00,1.27048,1.2705600000000001,1.2698800000000001,1.269935,2059.8899638950825
2024-06-03 10:15:00+00:00,1.2699449999999999,1.2705199999999999,1.2699449999999999,1.27034,1912.6199684888124
2024-06-03 10:30:00+00:00,1.2703449999999998,1.271155,1.270095,1.2711350000000001,1814.9699669927359
2024-06-03 10:45:00+00:00,1.27111,1.271845,1.2710650000000001,1.27131,1499.7899753972888
2024-06-03 11:00:00+00:00,1.271305,1.272605,1.271305,1.272455,2562.5699618831277
2024-06-03 11:15:00+00:00,1.27245,1.27331,1.27243,1.27316,2031.5399639084935
2024-06-03 11:30:00+00:00,1.273165,1.2732999999999999,1.2729300000000001,1.2731,2382.819966688752
2024-06-03 11:45:00+00:00,1.2731050000000002,1.27315,1.2727,1.272885,1966.2299692332745
2024-06-03 12:00:00+00:00,1.272895,1.273165,1.272665,1.27287,2359.549961037934
2024-06-03 12:15:00+00:00,1.27288,1.27353,1.27273,1.2732999999999999,2762.2199649736285
2024-06-03 12:30:00+00:00,1.273315,1.273585,1.27319,1.273205,2583.5999722480774
2024-06-03 12:45:00+00:00,1.2731949999999999,1.27322,1.272705,1.273115,2356.4999649226665
2024-06-03 13:00:00+00:00,1.27311,1.27359,1.2731050000000002,1.273415,1893.809961155057
2024-06-03 13:15:00+00:00,1.273425,1.27376,1.273005,1.273745,1966.6199663504958
2024-06-03 13:30:00+00:00,1.2737349999999998,1.2743250000000002,1.27346,1.274105,2742.329956419766
2024-06-03 13:45:00+00:00,1.274095,1.2742550000000001,1.2736450000000001,1.2741850000000001,3632.0699382424355
2024-06-03 14:00:00+00:00,1.274205,1.2781,1.274205,1.27801,8584.18986210972
2024-06-03 14:15:00+00:00,1.27803,1.278465,1.277415,1.2781099999999999,4460.719916723669
2024-06-03 14:30:00+00:00,1.278105,1.278315,1.27742,1.2775750000000001,4357.519923619926
2024-06-03 14:45:00+00:00,1.2775699999999999,1.277875,1.27654,1.27718,3647.119937725365
2024-06-03 15:00:00+00:00,1.277175,1.2787799999999998,1.277145,1.27875,3398.1699559241533
2024-06-03 15:15:00+00:00,1.2787250000000001,1.279345,1.2785199999999999,1.278925,2127.9199649468064
2024-06-03 15:30:00+00:00,1.2789350000000002,1.27942,1.278735,1.2792,2096.0799598023295
2024-06-03 15:45:00+00:00,1.279195,1.279315,1.27873,1.27929,2033.2599636092782
2024-06-03 16:00:00+00:00,1.27928,1.2793800000000002,1.2783,1.2783250000000002,3069.099957458675
2024-06-03 16:15:00+00:00,1.278335,1.278495,1.277735,1.2781,2108.9899635612965
2024-06-03 16:30:00+00:00,1.27806,1.278415,1.2777349999999998,1.27836,1895.0699680671096
2024-06-03 16:45:00+00:00,1.278365,1.27866,1.2779099999999999,1.27792,2503.8299623653293
2024-06-03 17:00:00+00:00,1.2779150000000001,1.27839,1.2775400000000001,1.2779600000000002,2130.069964006543
2024-06-03 17:15:00+00:00,1.27798,1.27853,1.2778100000000001,1.27848,2227.619969367981
2024-06-03 17:30:00+00:00,1.2784900000000001,1.278715,1.27837,1.2786,1266.04998190701
2024-06-03 17:45:00+00:00,1.278605,1.2787799999999998,1.2782149999999999,1.278705,1984.5799708738923
2024-06-03 18:00:00+00:00,1.2787,1.279005,1.278405,1.2785250000000001,2265.449970111251
2024-06-03 18:15:00+00:00,1.27853,1.27935,1.2785,1.2791299999999999,2148.1099764555693
2024-06-03 18:30:00+00:00,1.2791199999999998,1.27962,1.2791000000000001,1.279255,2014.0199772641063
2024-06-03 18:45:00+00:00,1.27928,1.279765,1.279255,1.27973,977.70998211205
2024-06-03 19:00:00+00:00,1.2797399999999999,1.2800099999999999,1.2797,1.2799999999999998,2377.2299726977944
2024-06-03 19:15:00+00:00,1.279995,1.28003,1.2797450000000001,1.279785,1409.2899854183197
2024-06-03 19:30:00+00:00,1.27979,1.28,1.279665,1.279985,1724.0199786499143
2024-06-03 19:45:00+00:00,1.2799800000000001,1.280075,1.279765,1.28003,1483.9299852848053
2024-06-03 20:00:00+00:00,1.280035,1.28027,1.280035,1.280215,552.4799950793386
2024-06-03 20:15:00+00:00,1.28021,1.280605,1.2802,1.2805300000000002,356.84999380260706
2024-06-03 20:30:00+00:00,1.280535,1.280595,1.2803149999999999,1.2803499999999999,425.0999954342842
2024-06-03 20:45:00+00:00,1.280345,1.280805,1.280345,1.2807650000000002,604.7699906378984
2024-06-03 21:00:00+00:00,1.2806950000000001,1.2806950000000001,1.2804,1.280545,269.0599957332015
2024-06-03 21:15:00+00:00,1.280535,1.280575,1.28045,1.28057,261.969996355474
2024-06-03 21:30:00+00:00,1.280575,1.2806250000000001,1.28049,1.280625,2481.3599889948964
2024-06-03 21:45:00+00:00,1.28063,1.28073,1.28017,1.28051,5375.4799844920635
2024-06-03 22:00:00+00:00,1.28049,1.2812450000000002,1.28049,1.28124,966.4199895858765
2024-06-03 22:15:00+00:00,1.281245,1.281245,1.280935,1.28095,302.84999519586563
2024-06-03 22:30:00+00:00,1.281005,1.28104,1.2809249999999999,1.2809499999999998,279.47999512404203
2024-06-03 22:45:00+00:00,1.280945,1.281025,1.280945,1.2809949999999999,367.2299956008792
2024-06-03 23:00:00+00:00,1.28099,1.281095,1.280975,1.28103,435.71999751776457
2024-06-03 23:15:00+00:00,1.2810199999999998,1.281185,1.2810199999999998,1.281135,349.82999444007874
2024-06-03 23:30:00+00:00,1.281145,1.281145,1.28094,1.280955,344.78999423980713
2024-06-03 23:45:00+00:00,1.28095,1.281065,1.2809300000000001,1.280975,162.17999643087387
2024-06-04 00:00:00+00:00,1.280985,1.281685,1.280985,1.281565,1708.619969882071
2024-06-04 00:15:00+00:00,1.2815699999999999,1.281755,1.281315,1.2814649999999999,1059.6599811762571
2024-06-04 00:30:00+00:00,1.28147,1.2816800000000002,1.281415,1.281465,754.9199862033129
2024-06-04 00:45:00+00:00,1.28147,1.281515,1.28113,1.281205,822.5099831745028
2024-06-04 01:00:00+00:00,1.281215,1.281265,1.28078,1.2809,818.2499817609787
2024-06-04 01:15:00+00:00,1.2808899999999999,1.280955,1.28077,1.28091,672.5699856951833
2024-06-04 01:30:00+00:00,1.28092,1.28101,1.280535,1.280745,833.1899794563651
2024-06-04 01:45:00+00:00,1.280765,1.28085,1.280485,1.280605,553.9499872922897
2024-06-04 02:00:00+00:00,1.280615,1.280755,1.2803849999999999,1.280535,480.05998837947845
2024-06-04 02:15:00+00:00,1.280545,1.280675,1.280395,1.280505,454.229988694191
2024-06-04 02:30:00+00:00,1.280485,1.280775,1.28047,1.280775,516.4199888706207
2024-06-04 02:45:00+00:00,1.2807650000000002,1.2809249999999999,1.280705,1.28084,377.6399934887886
2024-06-04 03:00:00+00:00,1.280845,1.280975,1.280745,1.2809499999999998,450.6299901753664
2024-06-04 03:15:00+00:00,1.280955,1.281135,1.280845,1.2808549999999999,378.4799919426441
2024-06-04 03:30:00+00:00,1.28085,1.281115,1.28085,1.281085,298.1699928045273
2024-06-04 03:45:00+00:00,1.281075,1.281085,1.28088,1.280975,482.21998880803585
2024-06-04 04:00:00+00:00,1.2809650000000001,1.281165,1.280865,1.281065,514.1399912387133
2024-06-04 04:15:00+00:00,1.281055,1.28125,1.2810199999999998,1.2812350000000001,233.99999451637268
2024-06-04 04:30:00+00:00,1.28124,1.2812649999999999,1.28109,1.28109,266.8499950170517
2024-06-04 04:45:00+00:00,1.28108,1.281165,1.28097,1.28097,530.2799926996231
2024-06-04 05:00:00+00:00,1.2809650000000001,1.281265,1.280885,1.281205,562.1699927151203
2024-06-04 05:15:00+00:00,1.281195,1.281195,1.280875,1.280875,712.7099884748459
2024-06-04 05:30:00+00:00,1.28086,1.280885,1.280275,1.280315,455.969989053905
2024-06-04 05:45:00+00:00,1.28033,1.2804,1.280105,1.280135,986.2999812290072
2024-06-04 06:00:00+00:00,1.280115,1.280295,1.279715,1.279765,1518.1499675959349
2024-06-04 06:15:00+00:00,1.279755,1.280055,1.279715,1.27975,942.4199794009328
2024-06-04 06:30:00+00:00,1.279755,1.279955,1.27952,1.2795800000000002,1524.299966968596
2024-06-04 06:45:00+00:00,1.279565,1.280375,1.279445,1.279955,1660.2599656805396
2024-06-04 07:00:00+00:00,1.279945,1.2802250000000002,1.2793299999999999,1.279535,2798.719951964915
2024-06-04 07:15:00+00:00,1.27956,1.2797749999999999,1.278635,1.2790249999999999,2625.2999564409256
2024-06-04 07:30:00+00:00,1.27904,1.279125,1.278645,1.2788499999999998,2262.869955986738
2024-06-04 07:45:00+00:00,1.278835,1.27946,1.2788249999999999,1.279085,1532.4299695417285
2024-06-04 08:00:00+00:00,1.279105,1.27915,1.278385,1.278575,3706.679950147867
2024-06-04 08:15:00+00:00,1.278585,1.279255,1.27782,1.2778800000000001,3017.649952955544
2024-06-04 08:30:00+00:00,1.277885,1.27813,1.27737,1.277895,2520.3599577248096
2024-06-04 08:45:00+00:00,1.277895,1.27799,1.277365,1.277675,3058.4999646395445
2024-06-04 09:00:00+00:00,1.2776649999999998,1.2778749999999999,1.276005,1.276185,4467.279946856201
2024-06-04 09:15:00+00:00,1.27618,1.27656,1.2759049999999998,1.276065,3461.709959484637
2024-06-04 09:30:00+00:00,1.2760799999999999,1.2770000000000001,1.2760799999999999,1.276875,2807.729956127703
2024-06-04 09:45:00+00:00,1.2768899999999999,1.27705,1.2762799999999999,1.27638,2366.1299560442567
2024-06-04 10:00:00+00:00,1.276365,1.276365,1.275175,1.275245,2725.139957435429
2024-06-04 10:15:00+00:00,1.27524,1.275865,1.27524,1.27556,2820.249954611063
2024-06-04 10:30:00+00:00,1.27557,1.2759749999999999,1.27494,1.27505,2047.3799608126283
2024-06-04 10:45:00+00:00,1.275045,1.275605,1.274285,1.27554,2935.979955688119
2024-06-04 11:00:00+00:00,1.2755450000000002,1.27565,1.2745799999999998,1.275285,2328.0599603801966
2024-06-04 11:15:00+00:00,1.27527,1.275925,1.275255,1.2756,1569.9899698346853
2024-06-04 11:30:00+00:00,1.275595,1.276205,1.275495,1.27567,1824.1499655246735
2024-06-04 11:45:00+00:00,1.27568,1.276305,1.27535,1.276095,2409.1899555772543
2024-06-04 12:00:00+00:00,1.276105,1.276655,1.275895,1.2764600000000002,2744.769944407046
2024-06-04 12:15:00+00:00,1.276465,1.2765849999999999,1.2759,1.276215,2680.1999589800835
2024-06-04 12:30:00+00:00,1.27621,1.276485,1.27583,1.276465,2251.1999666318297
2024-06-04 12:45:00+00:00,1.2764600000000002,1.27688,1.276215,1.276505,2354.899958282709
2024-06-04 13:00:00+00:00,1.27652,1.276715,1.27589,1.27647,2827.6099625378847
2024-06-04 13:15:00+00:00,1.276455,1.277485,1.276335,1.27718,2555.429963976145
2024-06-04 13:30:00+00:00,1.277175,1.27752,1.277025,1.277075,4127.919953137636
2024-06-04 13:45:00+00:00,1.277085,1.277585,1.276605,1.276745,3617.6699564009905
2024-06-04 14:00:00+00:00,1.276775,1.27866,1.2760349999999998,1.27637,10380.809842601418
2024-06-04 14:15:00+00:00,1.27636,1.277765,1.27618,1.277745,5475.62991926074
2024-06-04 14:30:00+00:00,1.277705,1.27812,1.27708,1.277555,3953.699936553836
2024-06-04 14:45:00+00:00,1.2775699999999999,1.2785199999999999,1.277425,1.277955,3812.569944165647
2024-06-04 15:00:00+00:00,1.277975,1.278795,1.277835,1.277925,3426.379943743348
2024-06-04 15:15:00+00:00,1.27793,1.2787600000000001,1.27786,1.278515,3015.0299482643604
2024-06-04 15:30:00+00:00,1.278505,1.278975,1.2779,1.27863,3374.5799414515495
2024-06-04 15:45:00+00:00,1.278645,1.27874,1.27809,1.27828,1512.2999704480171
2024-06-04 16:00:00+00:00,1.278295,1.279085,1.27821,1.27907,2033.8499622568488
2024-06-04 16:15:00+00:00,1.27908,1.27914,1.2785449999999998,1.278805,2044.8599631264806
2024-06-04 16:30:00+00:00,1.2788,1.27894,1.27829,1.278775,1964.3699638918042
2024-06-04 16:45:00+00:00,1.27878,1.27919,1.27827,1.278655,1967.3099642693996
2024-06-04 17:00:00+00:00,1.2786499999999998,1.278945,1.278205,1.278785,2040.6299659982324
2024-06-04 17:15:00+00:00,1.2787899999999999,1.27915,1.27862,1.27914,1429.529971703887
2024-06-04 17:30:00+00:00,1.27915,1.279365,1.278945,1.279215,1815.8399765118957
2024-06-04 17:45:00+00:00,1.27922,1.279735,1.278845,1.279125,1552.5899736955762
2024-06-04 19:00:00+00:00,1.278135,1.2781500000000001,1.277515,1.27792,2890.229964353144
2024-06-04 19:15:00+00:00,1.277925,1.278175,1.277625,1.277715,2155.809972293675
2024-06-04 19:30:00+00:00,1.277705,1.277725,1.277135,1.27735,2737.3099688589573
2024-06-04 19:45:00+00:00,1.277345,1.277415,1.277135,1.277145,1652.9399775862694
2024-06-04 20:00:00+00:00,1.277185,1.27732,1.27707,1.277075,317.48999444395304
2024-06-04 20:15:00+00:00,1.27707,1.277175,1.27697,1.27697,344.1299933567643
2024-06-04 20:30:00+00:00,1.2769650000000001,1.27698,1.27674,1.27686,495.71999181061983
2024-06-04 20:45:00+00:00,1.276855,1.277095,1.276835,1.277095,522.2099886983633
2024-06-04 21:00:00+00:00,1.2771050000000002,1.27738,1.27697,1.277165,361.2799991965294
2024-06-04 21:15:00+00:00,1.277095,1.27732,1.2769249999999999,1.2770299999999999,806.9999912902713
2024-06-04 21:30:00+00:00,1.277025,1.277165,1.27697,1.277015,717.0499925091863
2024-06-04 21:45:00+00:00,1.27701,1.27743,1.276815,1.2772299999999999,2664.7599803209305
2024-06-04 22:00:00+00:00,1.2772350000000001,1.2772350000000001,1.2769300000000001,1.27698,573.2799900770187
2024-06-04 22:15:00+00:00,1.276985,1.27719,1.27698,1.277175,308.02999544143677
2024-06-04 22:30:00+00:00,1.27717,1.2771750000000002,1.27706,1.277075,274.1399939060211
2024-06-04 22:45:00+00:00,1.27708,1.277185,1.27705,1.2771750000000002,246.3299965262413
2024-06-04 23:00:00+00:00,1.2771499999999998,1.277275,1.27708,1.277265,264.68999469280243
2024-06-04 23:15:00+00:00,1.2772700000000001,1.27728,1.277175,1.277175,55.79999876022339
2024-06-04 23:30:00+00:00,1.277205,1.2772800000000002,1.2770800000000002,1.277095,183.86999571323395
2024-06-04 23:45:00+00:00,1.2770899999999998,1.2772700000000001,1.277075,1.2772450000000002,270.1499943584204
2024-06-05 00:00:00+00:00,1.277255,1.277315,1.27685,1.27718,694.0799827873707
2024-06-05 00:15:00+00:00,1.277175,1.27726,1.27698,1.2771249999999998,536.939988270402
2024-06-05 00:30:00+00:00,1.277135,1.277745,1.277095,1.277595,583.3499866575003
2024-06-05 00:45:00+00:00,1.27759,1.277745,1.277355,1.277555,1331.0999789312482
2024-06-05 01:00:00+00:00,1.277555,1.277675,1.27736,1.2773750000000001,578.8799858689308
2024-06-05 01:15:00+00:00,1.27737,1.277495,1.277245,1.277495,384.29999071359634
2024-06-05 01:30:00+00:00,1.277485,1.2776450000000001,1.27717,1.2776450000000001,675.2699845433235
2024-06-05 01:45:00+00:00,1.277665,1.2778900000000002,1.27753,1.2778100000000001,1165.2899789065123
2025-12-24 22:00:00+00:00,1.350365,1.350365,1.350365,1.350365,1.7999999523162842
2025-12-24 22:45:00+00:00,1.3508200000000001,1.3508200000000001,1.3508149999999999,1.3508149999999999,7.199999809265137
2025-12-24 23:00:00+00:00,1.350955,1.35111,1.349415,1.35061,55.7999986410141
2025-12-24 23:15:00+00:00,1.35061,1.3508149999999999,1.3506049999999998,1.35081,13.049999713897705
2025-12-24 23:30:00+00:00,1.35107,1.35107,1.3504649999999998,1.3504649999999998,6.419999830424786
2025-12-24 23:45:00+00:00,1.34969,1.350515,1.34909,1.350505,16.919999554753304
2025-12-25 00:00:00+00:00,1.35079,1.35088,1.35046,1.350835,39.59999895095825
2025-12-25 00:15:00+00:00,1.3508300000000002,1.3510849999999999,1.35073,1.3510849999999999,219.23999440670013
2025-12-25 00:30:00+00:00,1.3510849999999999,1.35134,1.350705,1.3511799999999998,115.46999722719193
2025-12-25 00:45:00+00:00,1.35118,1.3514599999999999,1.350665,1.3508200000000001,152.9999962002039
2025-12-25 01:00:00+00:00,1.35087,1.351075,1.34936,1.35089,134.06999734789133
2025-12-25 01:15:00+00:00,1.35088,1.3513000000000002,1.35088,1.3513000000000002,31.109999179840088
2025-12-25 01:30:00+00:00,1.35095,1.35145,1.3505500000000001,1.3505500000000001,22.64999958127737
2025-12-25 01:45:00+00:00,1.3513549999999999,1.35155,1.350735,1.35144,349.9499912932515
2025-12-25 02:00:00+00:00,1.351415,1.351505,1.351275,1.3513600000000001,101.42999756336212
2025-12-25 02:15:00+00:00,1.351325,1.35155,1.3505850000000001,1.35127,90.35999760776758
2025-12-25 02:30:00+00:00,1.351185,1.35155,1.351185,1.35145,8.099999785423279
2025-12-25 02:45:00+00:00,1.351515,1.351925,1.35108,1.351925,12.59999966621399
2025-12-25 03:00:00+00:00,1.35194,1.35194,1.35194,1.35194,1.7999999523162842
2025-12-25 03:15:00+00:00,1.35177,1.35196,1.35177,1.351935,12.68999969959259
2025-12-25 03:30:00+00:00,1.3519450000000002,1.3519450000000002,1.35119,1.35119,16.199999570846558
2025-12-25 03:45:00+00:00,1.351205,1.351355,1.35086,1.351345,14.399999618530273
2025-12-25 04:00:00+00:00,1.351635,1.351635,1.35157,1.351575,5.3999998569488525
2025-12-25 04:30:00+00:00,1.3515199999999998,1.351585,1.3515199999999998,1.351575,10.799999713897705
2025-12-25 04:45:00+00:00,1.351585,1.35159,1.35158,1.35158,8.999999761581421
2025-12-25 05:00:00+00:00,1.351585,1.3516,1.35153,1.3515899999999998,14.399999618530273
2025-12-25 05:15:00+00:00,1.3516,1.35161,1.3515899999999998,1.35161,17.999999523162842
2025-12-25 05:30:00+00:00,1.3516,1.35161,1.351595,1.351595,10.799999713897705
2025-12-25 05:45:00+00:00,1.3512,1.3517299999999999,1.3511449999999998,1.35163,72.1799983754754
2025-12-25 06:00:00+00:00,1.351525,1.3520699999999999,1.3514650000000001,1.35206,51.74999862909317
2025-12-25 06:15:00+00:00,1.352205,1.352205,1.351835,1.351865,28.799999237060547
2025-12-25 06:30:00+00:00,1.3519,1.35237,1.351845,1.3523399999999999,44.999998807907104
2025-12-25 06:45:00+00:00,1.35225,1.3524,1.351995,1.3523749999999999,23.399999380111694
2025-12-25 07:00:00+00:00,1.3523450000000001,1.35284,1.35195,1.35282,121.94999688863754
2025-12-25 07:15:00+00:00,1.3527900000000002,1.3527900000000002,1.351985,1.352,8.999999761581421
2025-12-25 07:45:00+00:00,1.3520699999999999,1.3520699999999999,1.3518050000000001,1.3518050000000001,5.3999998569488525
2025-12-26 03:00:00+00:00,1.35169,1.3517649999999999,1.351305,1.3513950000000001,1151.5099794268608
2025-12-26 03:15:00+00:00,1.3514,1.3514300000000001,1.350805,1.350955,1834.3399723172188
2025-12-26 03:30:00+00:00,1.350975,1.351165,1.3506749999999998,1.350905,1450.569969445467
2025-12-26 03:45:00+00:00,1.350865,1.3510849999999999,1.350495,1.350575,684.8599828481674
2025-12-29 17:00:00+00:00,1.3493849999999998,1.3494899999999999,1.3487149999999999,1.349105,2562.3999512791634
2025-12-29 17:15:00+00:00,1.3491,1.349575,1.348545,1.3488850000000001,2454.9999614730477
2025-12-29 17:30:00+00:00,1.3488799999999999,1.349065,1.34848,1.3486799999999999,1433.1699824035168
2025-12-29 17:45:00+00:00,1.348695,1.348765,1.348155,1.34855,1611.4299816936255
2025-12-30 13:00:00+00:00,1.34965,1.349765,1.34924,1.3495599999999999,1498.8699748441577
2025-12-30 13:15:00+00:00,1.349575,1.3499349999999999,1.349255,1.349345,2658.7799669355154
2025-12-30 13:30:00+00:00,1.3493,1.3496000000000001,1.34875,1.349085,2581.729956664145
2025-12-30 13:45:00+00:00,1.349075,1.349675,1.348705,1.34878,2469.059962436557
2025-12-31 07:00:00+00:00,1.345755,1.345985,1.34524,1.345265,1303.4799762740731
2025-12-31 07:15:00+00:00,1.3452600000000001,1.345645,1.34513,1.345455,1146.7499818205833
2025-12-31 07:30:00+00:00,1.34546,1.345855,1.34523,1.345705,1052.9699852392077
2025-12-31 07:45:00+00:00,1.34571,1.346045,1.345625,1.3456299999999999,1144.1899798512459
2026-01-02 15:00:00+00:00,1.34646,1.34776,1.34643,1.3475350000000001,3101.279957652092
2026-01-02 15:15:00+00:00,1.347525,1.34783,1.34707,1.347675,4018.2199631631374
2026-01-02 15:30:00+00:00,1.34767,1.3489200000000001,1.347535,1.3488799999999999,2941.4299550950527
2026-01-02 15:45:00+00:00,1.34889,1.3502,1.34884,1.349685,6154.539934076369
2026-01-05 08:00:00+00:00,1.3422800000000001,1.3427850000000001,1.341755,1.34262,4229.799924403429
2026-01-05 08:15:00+00:00,1.342615,1.343885,1.342585,1.34367,3576.459941878915
2026-01-05 08:30:00+00:00,1.343675,1.343775,1.342395,1.34249,1986.3499695435166
2026-01-05 08:45:00+00:00,1.34245,1.3428499999999999,1.3423699999999998,1.3425799999999999,1459.6699705794454
2026-01-05 21:00:00+00:00,1.354295,1.354525,1.354085,1.35452,1472.2299755811691
2026-01-05 21:15:00+00:00,1.3545150000000001,1.354825,1.354225,1.35431,400.8999922648072
2026-01-05 21:30:00+00:00,1.354295,1.3543699999999999,1.35407,1.35408,315.65999407321215
2026-01-05 21:45:00+00:00,1.354065,1.3542649999999998,1.353975,1.354195,580.099990837276
2026-01-06 12:00:00+00:00,1.3520599999999998,1.3529149999999999,1.3520599999999998,1.352895,1641.3899829760194
2026-01-06 12:15:00+00:00,1.3529,1.3529149999999999,1.3521,1.352175,1578.8699841797352
2026-01-06 12:30:00+00:00,1.35216,1.35228,1.351385,1.35158,1818.8799773231149
2026-01-06 12:45:00+00:00,1.351585,1.35176,1.350845,1.3511799999999998,1105.6499807164073
2026-01-07 06:00:00+00:00,1.35084,1.351,1.35058,1.350695,1461.8599848523736
2026-01-07 06:15:00+00:00,1.35069,1.350975,1.350575,1.3509449999999998,881.4999880194664
2026-01-07 06:30:00+00:00,1.350965,1.351045,1.3506749999999998,1.350765,1614.9499801695347
2026-01-07 06:45:00+00:00,1.350775,1.3516949999999999,1.35047,1.351345,1652.7599744573236
2026-01-08 01:00:00+00:00,1.34579,1.3460800000000002,1.34575,1.34583,280.1699949502945
2026-01-08 01:15:00+00:00,1.34584,1.34607,1.345645,1.3456700000000001,789.6999865397811
2026-01-08 01:30:00+00:00,1.345665,1.34576,1.3453300000000001,1.3454549999999998,1152.629982456565
2026-01-08 01:45:00+00:00,1.345465,1.345665,1.345395,1.345585,455.2099917009473
2026-01-08 14:00:00+00:00,1.3423150000000001,1.34263,1.34191,1.3419400000000001,2494.8299630731344
2026-01-08 14:15:00+00:00,1.3419349999999999,1.34232,1.34174,1.34231,2092.3599651008844
2026-01-08 14:30:00+00:00,1.34229,1.3433950000000001,1.34219,1.3430900000000001,3439.5999577119946
2026-01-08 14:45:00+00:00,1.3430650000000002,1.3435899999999998,1.34239,1.34353,2871.339963003993
2026-01-09 02:00:00+00:00,1.3428149999999999,1.3429600000000002,1.34247,1.3424800000000001,766.3499876260757
2026-01-09 02:15:00+00:00,1.342485,1.34299,1.342465,1.342915,1052.2799835205078
2026-01-09 02:30:00+00:00,1.34293,1.34329,1.342895,1.34314,1163.11998167634
2026-01-09 02:45:00+00:00,1.343145,1.34337,1.34313,1.343245,615.399990029633
2026-01-12 07:00:00+00:00,1.34386,1.344585,1.3433950000000001,1.344255,2434.8199531808496
2026-01-12 07:15:00+00:00,1.34428,1.344695,1.34414,1.34449,2078.5099570676684
2026-01-12 07:30:00+00:00,1.344475,1.344475,1.34392,1.344055,1665.1699698492885
2026-01-12 07:45:00+00:00,1.3440599999999998,1.34455,1.343645,1.34442,1261.9199765771627
2026-01-13 02:00:00+00:00,1.34702,1.34765,1.34697,1.34748,1222.3799809664488
2026-01-13 02:15:00+00:00,1.347475,1.34749,1.347185,1.3471899999999999,1112.3699810281396
2026-01-13 02:30:00+00:00,1.347185,1.34761,1.3471,1.347295,956.1999849826097
2026-01-13 02:45:00+00:00,1.3473000000000002,1.34742,1.3471899999999999,1.34727,920.3899814635515
2026-01-13 22:00:00+00:00,1.34218,1.342705,1.3420299999999998,1.34241,831.0999854505062
2026-01-13 22:15:00+00:00,1.342415,1.3424749999999999,1.3422100000000001,1.342445,471.45998856425285
2026-01-13 22:30:00+00:00,1.34244,1.34244,1.34229,1.342325,1048.9499772191048
2026-01-13 22:45:00+00:00,1.34238,1.34241,1.3422450000000001,1.342255,1560.1399635076523
2026-01-14 15:00:00+00:00,1.345655,1.34615,1.345125,1.345275,10059.079825602472
2026-01-14 15:15:00+00:00,1.34527,1.3456100000000002,1.34498,1.345075,3523.4199428632855
2026-01-14 15:30:00+00:00,1.34508,1.34517,1.344405,1.34487,5290.009958922863
2026-01-14 15:45:00+00:00,1.344875,1.34571,1.3447749999999998,1.345615,3864.9799499958754
2026-01-15 09:00:00+00:00,1.34388,1.34435,1.3437649999999999,1.343975,2128.049975246191
2026-01-15 09:15:00+00:00,1.34397,1.3443800000000001,1.34376,1.343855,2658.019968673587
2026-01-15 09:30:00+00:00,1.3438500000000002,1.34452,1.3436949999999999,1.34418,1562.9899778217077
2026-01-15 09:45:00+00:00,1.344185,1.34449,1.343545,1.343685,1878.9199847951531
2026-01-16 06:00:00+00:00,1.338305,1.3384,1.33816,1.33826,753.5899903774261
2026-01-16 06:15:00+00:00,1.33827,1.33832,1.33799,1.3382,578.4799890220165
2026-01-16 06:30:00+00:00,1.338195,1.338205,1.3378700000000001,1.337885,402.22999107837677
2026-01-16 06:45:00+00:00,1.33786,1.33809,1.33772,1.338025,566.4399879276752
2026-01-19 00:00:00+00:00,1.3402,1.340395,1.3385,1.338825,3250.989935606718
2026-01-19 00:15:00+00:00,1.33883,1.339885,1.33825,1.3397000000000001,3614.8399262428284
2026-01-19 00:30:00+00:00,1.33969,1.34089,1.339545,1.340815,4815.6299295425415
2026-01-19 00:45:00+00:00,1.34082,1.3408799999999998,1.3400750000000001,1.340085,3933.8699390888214
2026-01-19 19:00:00+00:00,1.342645,1.342965,1.342645,1.342965,166.2699959874153
2026-01-19 19:15:00+00:00,1.342945,1.342975,1.342775,1.342795,195.29999673366547
2026-01-19 19:30:00+00:00,1.3427850000000001,1.3428200000000001,1.34257,1.342625,333.53999422490597
2026-01-19 19:45:00+00:00,1.34263,1.3427,1.3425500000000001,1.3426,255.9399954378605
2026-01-20 18:00:00+00:00,1.34564,1.34577,1.345395,1.345445,2035.349984318018
2026-01-20 18:15:00+00:00,1.34543,1.345645,1.345355,1.34544,2226.679989784956
2026-01-20 18:30:00+00:00,1.34548,1.3455650000000001,1.34471,1.3447749999999998,1729.4199843406677
2026-01-20 18:45:00+00:00,1.34479,1.34496,1.3442349999999998,1.344315,2967.6899851560593
2026-01-21 04:00:00+00:00,1.3440400000000001,1.3440400000000001,1.34333,1.34353,1064.919983357191
2026-01-21 04:15:00+00:00,1.343565,1.343685,1.3434400000000002,1.343455,625.9199874997139
2026-01-21 04:30:00+00:00,1.3434400000000002,1.34367,1.3433199999999998,1.343655,311.1699929833412
2026-01-21 04:45:00+00:00,1.343665,1.34394,1.34356,1.3437800000000002,1362.8199783563614
2026-01-21 10:00:00+00:00,1.341035,1.34148,1.34069,1.3409900000000001,2444.68997220695
2026-01-21 10:15:00+00:00,1.34098,1.341335,1.34066,1.3407499999999999,2007.3199768960476
2026-01-21 10:30:00+00:00,1.34073,1.34108,1.3403399999999999,1.341,1636.509982302785
2026-01-21 10:45:00+00:00,1.340995,1.3410099999999998,1.34037,1.34074,1169.7599883377552
2026-01-22 03:00:00+00:00,1.342565,1.342965,1.342565,1.34295,449.9399898648262
2026-01-22 03:15:00+00:00,1.34296,1.343075,1.3427449999999999,1.342915,668.7199829816818
2026-01-22 03:30:00+00:00,1.3429099999999998,1.343075,1.34278,1.342945,961.8699760735035
2026-01-22 03:45:00+00:00,1.34294,1.343365,1.342855,1.343245,543.8799858391285
2026-01-23 01:00:00+00:00,1.349625,1.3498350000000001,1.34958,1.349765,976.5699802339077
2026-01-23 01:15:00+00:00,1.34979,1.35045,1.3497750000000002,1.35003,2197.119957834482
2026-01-23 01:30:00+00:00,1.350025,1.350245,1.34972,1.34976,1427.9999750256538
2026-01-23 01:45:00+00:00,1.34977,1.3500100000000002,1.34966,1.349795,939.9499820768833
2026-01-23 17:00:00+00:00,1.358825,1.36012,1.35861,1.359955,3472.669940672815
2026-01-23 17:15:00+00:00,1.35998,1.36097,1.359475,1.36096,5675.5598988235
2026-01-23 17:30:00+00:00,1.3609499999999999,1.36229,1.360135,1.3602349999999999,6956.019887588918
2026-01-23 17:45:00+00:00,1.360245,1.36111,1.35994,1.360825,5922.869908981025
2026-01-26 14:00:00+00:00,1.366155,1.3670149999999999,1.36582,1.366845,2849.6399545669556
2026-01-26 14:15:00+00:00,1.366855,1.367825,1.366665,1.3677,3155.779979914427
2026-01-26 14:30:00+00:00,1.3677199999999998,1.368905,1.367615,1.36843,2668.6999581456184
2026-01-26 14:45:00+00:00,1.3684349999999998,1.3691499999999999,1.36815,1.36913,3694.9899431169033
2026-01-27 09:00:00+00:00,1.367455,1.36753,1.36683,1.36697,2464.21996229887
2026-01-27 09:15:00+00:00,1.366975,1.367935,1.366905,1.36787,3746.110012471676
2026-01-27 09:30:00+00:00,1.36789,1.368255,1.36776,1.367985,1385.7899796068668
2026-01-27 09:45:00+00:00,1.3679999999999999,1.3699949999999999,1.367515,1.36993,6451.349915288389
2026-01-28 05:00:00+00:00,1.38019,1.38033,1.37892,1.37954,3821.8599169552326
2026-01-28 05:15:00+00:00,1.379535,1.3802400000000001,1.37953,1.3801899999999998,1914.0499677956104
2026-01-28 05:30:00+00:00,1.380195,1.380445,1.3796,1.380195,2357.9999559149146
2026-01-28 05:45:00+00:00,1.3801800000000002,1.380565,1.3798,1.38052,2198.5999565571547
2026-01-28 22:00:00+00:00,1.3809,1.3809,1.38011,1.3801299999999999,92.41999891400337
2026-01-28 22:15:00+00:00,1.38011,1.380385,1.380035,1.380385,2746.5699399113655
2026-01-28 22:30:00+00:00,1.38025,1.380525,1.380215,1.380445,3568.409971177578
2026-01-28 22:45:00+00:00,1.3804500000000002,1.38069,1.380255,1.380385,3324.2799460291862
2026-01-29 18:00:00+00:00,1.379775,1.380105,1.379295,1.37968,4181.039913631976
2026-01-29 18:15:00+00:00,1.379675,1.37973,1.3788,1.379305,4700.4699093699455
2026-01-29 18:30:00+00:00,1.3793099999999998,1.38049,1.379115,1.37994,3598.989927738905
2026-01-29 18:45:00+00:00,1.379955,1.380465,1.379785,1.3797899999999998,2739.5699412822723
2026-01-30 17:00:00+00:00,1.372715,1.3728099999999999,1.370045,1.37031,5648.409881561995
2026-01-30 17:15:00+00:00,1.3703150000000002,1.3716400000000002,1.370015,1.37134,6179.199901275337
2026-01-30 17:30:00+00:00,1.3712749999999998,1.3714300000000001,1.370705,1.371235,6376.119895808399
2026-01-30 17:45:00+00:00,1.37122,1.371385,1.37027,1.3709,9788.359900966287
2026-02-02 09:00:00+00:00,1.369215,1.3694600000000001,1.3682500000000002,1.36907,4491.059924721718
2026-02-02 09:15:00+00:00,1.369055,1.370045,1.36862,1.369705,2757.259940624237
2026-02-02 09:30:00+00:00,1.369715,1.370295,1.369625,1.36995,2255.4299491345882
2026-02-02 09:45:00+00:00,1.369955,1.371095,1.369815,1.3709099999999999,4176.729925364256
2026-02-03 04:00:00+00:00,1.368505,1.369125,1.368495,1.36901,984.619975745678
2026-02-03 04:15:00+00:00,1.369005,1.369415,1.369,1.3691900000000001,541.0299869775772
2026-02-03 04:30:00+00:00,1.369215,1.369395,1.3688150000000001,1.368865,1893.8799658417702
2026-02-03 04:45:00+00:00,1.36887,1.36906,1.36864,1.36876,1233.099974513054
2026-02-04 00:00:00+00:00,1.3696899999999999,1.3697300000000001,1.369115,1.3695050000000002,1587.4199650883675
2026-02-04 00:15:00+00:00,1.3695,1.369775,1.3693849999999999,1.369605,750.6799857020378
2026-02-04 00:30:00+00:00,1.3696,1.3696199999999998,1.369375,1.369595,903.4099771082401
2026-02-04 00:45:00+00:00,1.3695650000000001,1.369615,1.3691849999999999,1.369395,895.3899787068367
2026-02-04 19:00:00+00:00,1.365055,1.3652099999999998,1.3644150000000002,1.36482,3180.9599334299564
2026-02-04 19:15:00+00:00,1.364865,1.365135,1.36449,1.36478,2485.879965007305
2026-02-04 19:30:00+00:00,1.36479,1.365535,1.36479,1.3653499999999998,1713.199972808361
2026-02-04 19:45:00+00:00,1.36534,1.36631,1.36533,1.3662999999999998,2930.2699442729354
2026-02-05 15:00:00+00:00,1.353675,1.355575,1.35355,1.3553350000000002,8603.159834384918
2026-02-05 15:15:00+00:00,1.3553549999999999,1.3556949999999999,1.353105,1.3535249999999999,7365.889906965196
2026-02-05 15:30:00+00:00,1.353515,1.353775,1.352715,1.353005,6943.049878209829
2026-02-05 15:45:00+00:00,1.35303,1.3532549999999999,1.35216,1.352815,6349.18989058584
2026-02-06 14:00:00+00:00,1.3588550000000001,1.359805,1.3587500000000001,1.35923,3220.2699523195624
2026-02-06 14:15:00+00:00,1.359235,1.3596650000000001,1.35901,1.3594,2717.6799744963646
2026-02-06 14:30:00+00:00,1.359375,1.36074,1.3591250000000001,1.3605450000000001,3565.6299329698086
2026-02-06 14:45:00+00:00,1.36055,1.3609749999999998,1.36032,1.36089,3803.179943203926
2026-02-09 06:00:00+00:00,1.3614000000000002,1.3628900000000002,1.3613300000000002,1.36176,3232.989929355681
2026-02-09 06:15:00+00:00,1.361745,1.3618000000000001,1.360525,1.36102,1469.6499682664871
2026-02-09 06:30:00+00:00,1.361005,1.36218,1.36091,1.362085,2297.4299491643906
2026-02-09 06:45:00+00:00,1.36211,1.3624,1.361585,1.3616,2075.619953326881
2026-02-10 00:00:00+00:00,1.3682400000000001,1.36841,1.3677899999999998,1.367925,1225.8999758958817
2026-02-10 00:15:00+00:00,1.3679350000000001,1.368125,1.367815,1.3679350000000001,647.9599875807762
2026-02-10 00:30:00+00:00,1.3679199999999998,1.36792,1.36727,1.3673799999999998,1001.1599869132042
2026-02-10 00:45:00+00:00,1.3673950000000001,1.36808,1.3672300000000002,1.36807,2341.5399580597878
2026-02-10 20:00:00+00:00,1.36569,1.3657599999999999,1.365175,1.365365,1040.6199785768986
2026-02-10 20:15:00+00:00,1.36536,1.365685,1.365305,1.3653849999999998,1134.4099749326706
2026-02-10 20:30:00+00:00,1.36539,1.3655,1.365145,1.365285,1137.2899905443192
2026-02-10 20:45:00+00:00,1.365295,1.365305,1.364265,1.3643200000000002,1578.8099745437503
2026-02-11 16:00:00+00:00,1.363375,1.364155,1.3628550000000001,1.3639999999999999,5443.2999237552285
2026-02-11 16:15:00+00:00,1.3639899999999998,1.3646850000000001,1.363685,1.364405,4011.759922206402
2026-02-11 16:30:00+00:00,1.36441,1.3657,1.3643,1.365095,3957.329944692552
2026-02-11 16:45:00+00:00,1.3651,1.365275,1.364355,1.365205,4141.449941396713
2026-02-12 13:00:00+00:00,1.3629449999999999,1.36367,1.36287,1.36333,2317.639976322651
2026-02-12 13:15:00+00:00,1.363325,1.3639700000000001,1.3629099999999998,1.3638949999999999,2296.6799596250057
2026-02-12 13:30:00+00:00,1.363915,1.365185,1.3633600000000001,1.36462,2761.749951772392
2026-02-12 13:45:00+00:00,1.364655,1.3651200000000001,1.3645800000000001,1.365005,3636.399962604046
2026-02-13 02:00:00+00:00,1.361695,1.36185,1.3612799999999998,1.36143,1552.8399692177773
2026-02-13 02:15:00+00:00,1.361425,1.36213,1.3614199999999999,1.36198,966.5199792087078
2026-02-13 02:30:00+00:00,1.36199,1.36219,1.36179,1.36211,636.0099864602089
2026-02-13 02:45:00+00:00,1.3620999999999999,1.3624100000000001,1.36199,1.36202,582.5199868083
2026-02-13 19:00:00+00:00,1.3652250000000001,1.3655400000000002,1.364925,1.3650799999999998,1035.6199754476547
2026-02-13 19:15:00+00:00,1.36509,1.36542,1.36491,1.3650099999999998,856.8299805819988
2026-02-13 19:30:00+00:00,1.3650250000000002,1.3651149999999999,1.364475,1.36463,1055.4599777758121
2026-02-13 19:45:00+00:00,1.36462,1.364785,1.364245,1.364335,1441.009976863861
2026-02-16 12:00:00+00:00,1.3644349999999998,1.3651300000000002,1.36443,1.3649749999999998,932.5499830245972
2026-02-16 12:15:00+00:00,1.36497,1.36497,1.36448,1.36482,651.1299857497215
2026-02-16 12:30:00+00:00,1.3648150000000001,1.3648150000000001,1.364385,1.36439,772.239988565445
2026-02-16 12:45:00+00:00,1.364385,1.36446,1.3639800000000002,1.3642599999999998,924.6899832710624
2026-02-17 06:00:00+00:00,1.360735,1.36123,1.360725,1.36121,1188.8699894845486
2026-02-17 06:15:00+00:00,1.361205,1.3614950000000001,1.360995,1.361305,973.1899888068438
2026-02-17 06:30:00+00:00,1.3613,1.3614950000000001,1.36117,1.36139,620.8799872994423
2026-02-17 06:45:00+00:00,1.361395,1.361395,1.36111,1.3612,443.7599895596504
2026-02-18 01:00:00+00:00,1.356195,1.356195,1.35568,1.355735,1298.149970471859
2026-02-18 01:15:00+00:00,1.35572,1.355785,1.35547,1.355605,1033.77998188138
2026-02-18 01:30:00+00:00,1.355625,1.3558,1.35542,1.355715,634.4999879002571
2026-02-18 01:45:00+00:00,1.355735,1.3559199999999998,1.355565,1.3558599999999998,581.9799871444702
2026-02-18 20:00:00+00:00,1.35003,1.350485,1.34979,1.3499750000000001,1061.88998234272
2026-02-18 20:15:00+00:00,1.34995,1.3502,1.3496000000000001,1.3496000000000001,585.0499865412712
2026-02-18 20:30:00+00:00,1.34959,1.35002,1.34951,1.34977,981.0999794006348
2026-02-18 20:45:00+00:00,1.34978,1.350135,1.34969,1.349965,1265.8299834057689
2026-02-19 11:00:00+00:00,1.34888,1.349195,1.3485800000000001,1.34889,1506.329980045557
2026-02-19 11:15:00+00:00,1.3488850000000001,1.34898,1.34738,1.3473899999999999,2014.5899706184864
2026-02-19 11:30:00+00:00,1.347385,1.34751,1.34665,1.34707,1848.3499720096588
2026-02-19 11:45:00+00:00,1.347095,1.34747,1.34657,1.3466,1977.0799756273627
2026-02-20 05:00:00+00:00,1.34396,1.344195,1.3437350000000001,1.343905,433.6599900126457
2026-02-20 05:15:00+00:00,1.343915,1.34443,1.34381,1.344175,400.9999898672104
2026-02-20 05:30:00+00:00,1.344185,1.344365,1.3439649999999999,1.344095,567.4199886023998
2026-02-20 05:45:00+00:00,1.344085,1.344865,1.343885,1.344555,772.0099845528603
2026-02-20 19:00:00+00:00,1.3495,1.34992,1.3489550000000001,1.349175,2998.8799400925636
2026-02-20 19:15:00+00:00,1.34918,1.349305,1.34848,1.34878,1415.849971652031
2026-02-20 19:30:00+00:00,1.34879,1.34891,1.348495,1.3486600000000002,1295.7599731087685
2026-02-20 19:45:00+00:00,1.3486500000000001,1.34911,1.3483900000000002,1.348575,2237.249963402748
2026-02-23 06:00:00+00:00,1.35201,1.353055,1.35174,1.3529849999999999,1034.6399807333946
2026-02-23 06:15:00+00:00,1.353015,1.3534950000000001,1.352975,1.35332,913.4799843132496
2026-02-23 06:30:00+00:00,1.3533300000000001,1.353335,1.352795,1.3529849999999999,933.8799883127213
2026-02-23 06:45:00+00:00,1.352965,1.353505,1.352925,1.35297,682.0499862730503
2026-02-23 17:00:00+00:00,1.35069,1.350835,1.34945,1.34949,4005.999941319227
2026-02-23 17:15:00+00:00,1.34948,1.3498700000000001,1.348795,1.34898,2600.749971330166
2026-02-23 17:30:00+00:00,1.34897,1.3491,1.348465,1.3488850000000001,2067.159959882498
2026-02-23 17:45:00+00:00,1.348895,1.34977,1.34869,1.3495650000000001,2482.809951454401
2026-02-24 06:00:00+00:00,1.3488850000000001,1.3491900000000001,1.348785,1.3488850000000001,1454.9599767327309
2026-02-24 06:15:00+00:00,1.348895,1.349,1.3486850000000001,1.348785,1001.0099830627441
2026-02-24 06:30:00+00:00,1.348775,1.34911,1.34866,1.3488850000000001,1128.2099819332361
2026-02-24 06:45:00+00:00,1.348895,1.3489849999999999,1.348525,1.348775,829.3899823129177
2026-02-24 19:00:00+00:00,1.3507449999999999,1.3508900000000001,1.350575,1.350765,1354.5699798464775
2026-02-24 19:15:00+00:00,1.35077,1.350955,1.3502800000000001,1.350955,1903.1499871015549
2026-02-24 19:30:00+00:00,1.35097,1.351255,1.35086,1.35086,1591.9599840641022
2026-02-24 19:45:00+00:00,1.35087,1.3509600000000002,1.350065,1.35019,1258.999972641468
2026-02-25 13:00:00+00:00,1.3523049999999999,1.35304,1.352045,1.352965,1896.7299693226814
2026-02-25 13:15:00+00:00,1.352975,1.3535400000000002,1.35247,1.352475,1556.1299722194672
2026-02-25 13:30:00+00:00,1.352465,1.352465,1.3517899999999998,1.35195,2145.5199666321278
2026-02-25 13:45:00+00:00,1.35192,1.352225,1.35077,1.350815,1759.179965466261
2026-02-26 10:00:00+00:00,1.352755,1.35281,1.3523800000000001,1.35266,693.7799847722054
2026-02-26 10:15:00+00:00,1.35267,1.35309,1.35248,1.35293,786.4699867665768
2026-02-26 10:30:00+00:00,1.3529200000000001,1.3534950000000001,1.352595,1.353175,1260.8399796187878
2026-02-26 10:45:00+00:00,1.35317,1.353575,1.353135,1.3535499999999998,1174.0299794971943
2026-02-27 04:00:00+00:00,1.349185,1.349395,1.349145,1.34935,733.5699864327908
2026-02-27 04:15:00+00:00,1.34937,1.3496549999999998,1.34905,1.3496549999999998,1246.7299764752388
2026-02-27 04:30:00+00:00,1.34966,1.3501349999999999,1.34944,1.3498350000000001,1144.6499796509743
2026-02-27 04:45:00+00:00,1.349805,1.34986,1.3494799999999998,1.3496000000000001,927.6899843215942
2026-03-02 01:00:00+00:00,1.34326,1.345215,1.34295,1.344875,6097.899873316288
2026-03-02 01:15:00+00:00,1.344885,1.3449,1.34288,1.34409,4382.1599073931575
2026-03-02 01:30:00+00:00,1.344085,1.3453849999999998,1.343835,1.344905,3651.6699187383056
2026-03-02 01:45:00+00:00,1.3449149999999999,1.345305,1.344495,1.345075,2111.189950168133
2026-03-02 18:00:00+00:00,1.341555,1.3416000000000001,1.340535,1.3410549999999999,2526.639955550432
2026-03-02 18:15:00+00:00,1.3410199999999999,1.3410199999999999,1.33994,1.3401100000000001,2654.259953521192
2026-03-02 18:30:00+00:00,1.3401,1.340185,1.339525,1.3396,2302.869972795248
2026-03-02 18:45:00+00:00,1.339605,1.3407900000000001,1.3395549999999998,1.340595,3011.579982727766
2026-03-03 14:00:00+00:00,1.33011,1.33094,1.3298,1.33006,6358.419923983514
2026-03-03 14:15:00+00:00,1.33007,1.331415,1.32927,1.33005,6604.419902533293
2026-03-03 14:30:00+00:00,1.330055,1.3309449999999998,1.3283999999999998,1.3286850000000001,10561.029835611582
2026-03-03 14:45:00+00:00,1.32868,1.3299400000000001,1.32826,1.3284099999999999,11995.23985800147
2026-03-04 10:00:00+00:00,1.336055,1.339955,1.336055,1.338845,9221.129860498011
2026-03-04 10:15:00+00:00,1.3388499999999999,1.339095,1.337755,1.33818,7039.309891492128
2026-03-04 10:30:00+00:00,1.33819,1.3385449999999999,1.337225,1.337835,4914.3899338543415
2026-03-04 10:45:00+00:00,1.337845,1.3380450000000002,1.337145,1.337895,5531.799969516695
2026-03-05 05:00:00+00:00,1.33361,1.3339050000000001,1.3333249999999999,1.3335750000000002,3091.8999757170677
2026-03-05 05:15:00+00:00,1.333585,1.33391,1.333175,1.333575,2431.8999584019184
2026-03-05 05:30:00+00:00,1.33359,1.3336800000000002,1.3328000000000002,1.333175,2915.669945538044
2026-03-05 05:45:00+00:00,1.33317,1.333275,1.33136,1.3314249999999999,3284.0599542558193
2026-03-05 23:00:00+00:00,1.3354300000000001,1.335755,1.33491,1.3353549999999998,1365.6999832615256
2026-03-05 23:15:00+00:00,1.33536,1.3357649999999999,1.3352499999999998,1.3356599999999998,346.6099916398525
2026-03-05 23:30:00+00:00,1.33567,1.3358750000000001,1.3355549999999998,1.33583,684.2899852618575
2026-03-05 23:45:00+00:00,1.3358599999999998,1.335985,1.33556,1.335585,771.639982432127
2026-03-06 19:00:00+00:00,1.33872,1.3393,1.338225,1.339175,3759.039936006069
2026-03-06 19:15:00+00:00,1.33917,1.33966,1.33865,1.33917,4206.8299241662025
2026-03-06 19:30:00+00:00,1.33915,1.3395199999999998,1.338495,1.33902,3147.979930639267
2026-03-06 19:45:00+00:00,1.33901,1.33956,1.338635,1.33867,2510.0099451467395
2026-03-09 14:00:00+00:00,1.337345,1.33752,1.33464,1.336065,11360.109831869602
2026-03-09 14:15:00+00:00,1.336055,1.33671,1.33558,1.33592,10258.879855014384
2026-03-09 14:30:00+00:00,1.33591,1.33725,1.33551,1.33709,7566.269886471331
2026-03-09 14:45:00+00:00,1.3371,1.338165,1.337005,1.33774,7954.779857359827
2026-03-10 06:00:00+00:00,1.3435899999999998,1.3442850000000002,1.3435899999999998,1.34416,1871.4599654376507
2026-03-10 06:15:00+00:00,1.344165,1.34475,1.3438400000000001,1.344455,2166.3099612891674
2026-03-10 06:30:00+00:00,1.34447,1.34573,1.344445,1.345665,3387.789957612753
2026-03-10 06:45:00+00:00,1.34565,1.345765,1.344675,1.345065,2021.1399583145976
2026-03-11 00:00:00+00:00,1.3419699999999999,1.34334,1.3414700000000002,1.34313,2856.769947052002
2026-03-11 00:15:00+00:00,1.3431199999999999,1.3434599999999999,1.34298,1.34336,2552.6599518358707
2026-03-11 00:30:00+00:00,1.343365,1.343635,1.3429099999999998,1.34353,1780.639965236187
2026-03-11 00:45:00+00:00,1.34352,1.34375,1.342975,1.34307,1867.8599614202976
2026-03-11 15:00:00+00:00,1.342355,1.34271,1.341425,1.34143,5088.389919549227
2026-03-11 15:15:00+00:00,1.34141,1.341655,1.34105,1.341155,3617.059951007366
2026-03-11 15:30:00+00:00,1.34116,1.3412250000000001,1.34006,1.340135,3138.079950131476
2026-03-11 15:45:00+00:00,1.3401299999999998,1.340695,1.3393549999999999,1.3397700000000001,3840.149927467108
2026-03-12 08:00:00+00:00,1.3392499999999998,1.33976,1.3390300000000002,1.33911,3389.729934923351
2026-03-12 08:15:00+00:00,1.339105,1.3391950000000001,1.3382800000000001,1.33832,2765.5699560642242
2026-03-12 08:30:00+00:00,1.3383099999999999,1.3385500000000001,1.33771,1.338345,2343.8699614703655
2026-03-12 08:45:00+00:00,1.338355,1.3386,1.3370199999999999,1.33789,2698.0999593883753
2026-03-13 06:00:00+00:00,1.3332549999999999,1.333425,1.3328250000000001,1.33284,1952.3799677565694
2026-03-13 06:15:00+00:00,1.332815,1.332815,1.3321399999999999,1.332365,2329.959966801107
2026-03-13 06:30:00+00:00,1.3323800000000001,1.33243,1.331575,1.331965,2081.5799596607685
2026-03-13 06:45:00+00:00,1.331975,1.3321,1.33155,1.331595,3086.0299480110407
2026-03-16 04:00:00+00:00,1.32616,1.32626,1.325765,1.32598,804.4199832975864
2026-03-16 04:15:00+00:00,1.3259699999999999,1.32609,1.32544,1.325485,702.2499853670597
2026-03-16 04:30:00+00:00,1.3254800000000002,1.32555,1.3252,1.32525,256.53999376296997
2026-03-16 04:45:00+00:00,1.32528,1.325515,1.32508,1.32513,1253.4799744784832
2026-03-16 17:00:00+00:00,1.33037,1.33175,1.330365,1.331235,5117.279900148511
2026-03-16 17:15:00+00:00,1.3312300000000001,1.33129,1.330785,1.3308,3213.109939932823
2026-03-16 17:30:00+00:00,1.33076,1.33107,1.330305,1.3305150000000001,2216.889953367412
2026-03-16 17:45:00+00:00,1.33052,1.33096,1.3300100000000001,1.330225,2731.149944536388
2026-03-17 14:00:00+00:00,1.334665,1.335245,1.33411,1.33472,4203.099935524166
2026-03-17 14:15:00+00:00,1.334705,1.33481,1.333925,1.3345,4182.009921744466
2026-03-17 14:30:00+00:00,1.33452,1.33566,1.334245,1.33552,3595.8199445307255
2026-03-17 14:45:00+00:00,1.335525,1.335745,1.3347,1.334825,3497.26995113492
2026-03-18 08:00:00+00:00,1.335505,1.33613,1.33525,1.33575,1518.3599798381329
2026-03-18 08:15:00+00:00,1.33573,1.33605,1.3341150000000002,1.3344550000000002,1611.1499733924866
2026-03-18 08:30:00+00:00,1.33444,1.33483,1.334365,1.3346,1262.9099817872047
2026-03-18 08:45:00+00:00,1.334595,1.335235,1.33418,1.3350300000000002,1686.4399773478508
2026-03-18 21:00:00+00:00,1.3257,1.326435,1.325675,1.326095,269.4499961733818
2026-03-18 21:15:00+00:00,1.326145,1.326875,1.3260049999999999,1.32653,429.7899940907955
2026-03-18 21:30:00+00:00,1.32652,1.327145,1.3265099999999999,1.32699,303.47999531030655
2026-03-18 21:45:00+00:00,1.326975,1.32711,1.3264900000000002,1.326965,355.9499922692776
2026-03-19 12:00:00+00:00,1.329275,1.331035,1.328425,1.329685,10905.08984939754
2026-03-19 12:15:00+00:00,1.329665,1.33012,1.328185,1.328595,6221.929923258722
2026-03-19 12:30:00+00:00,1.32861,1.33045,1.32797,1.32964,7774.079868584871
2026-03-19 12:45:00+00:00,1.32965,1.330445,1.329495,1.32992,7063.129874132574
2026-03-20 07:00:00+00:00,1.3403049999999999,1.34222,1.339815,1.341735,2881.439944677055
2026-03-20 07:15:00+00:00,1.3417249999999998,1.3425850000000001,1.341685,1.34226,2330.169953994453
2026-03-20 07:30:00+00:00,1.342225,1.3426900000000002,1.341615,1.342635,2420.6799544990063
2026-03-20 07:45:00+00:00,1.34264,1.343115,1.342465,1.34266,3045.499947875738
2026-03-23 03:00:00+00:00,1.3319200000000002,1.332295,1.331405,1.33169,3259.059954881668
2026-03-23 03:15:00+00:00,1.3316949999999999,1.332215,1.3315800000000002,1.33193,2808.479969739914
2026-03-23 03:30:00+00:00,1.331935,1.332335,1.3319100000000001,1.3322150000000001,2967.8999648690224
2026-03-23 03:45:00+00:00,1.33221,1.3323800000000001,1.331335,1.331485,2388.9499737918377
2026-03-23 23:00:00+00:00,1.343275,1.3435100000000002,1.342845,1.34297,810.8099808692932
2026-03-23 23:15:00+00:00,1.34292,1.34333,1.34288,1.34306,858.2299804091454
2026-03-23 23:30:00+00:00,1.34302,1.34314,1.342715,1.34297,975.2199794054031
2026-03-23 23:45:00+00:00,1.342985,1.34302,1.342285,1.342575,1899.2499595284462
2026-03-24 15:00:00+00:00,1.3398949999999998,1.34071,1.338975,1.339595,10669.829843625426
2026-03-24 15:15:00+00:00,1.339635,1.34046,1.33901,1.339965,5771.499896965921
2026-03-24 15:30:00+00:00,1.339975,1.34062,1.339175,1.33922,5302.879902899265
2026-03-24 15:45:00+00:00,1.339205,1.339205,1.3377050000000001,1.3381150000000002,7781.9999235495925
2026-03-25 08:00:00+00:00,1.339105,1.341415,1.33875,1.34107,6534.399886846542
2026-03-25 08:15:00+00:00,1.34108,1.34232,1.340935,1.3419699999999999,4968.389908306301
2026-03-25 08:30:00+00:00,1.34198,1.342435,1.3410199999999999,1.34173,5582.92989911139
2026-03-25 08:45:00+00:00,1.341735,1.34188,1.3407149999999999,1.34076,3897.0199244618416
2026-03-26 07:00:00+00:00,1.33646,1.33666,1.33518,1.335745,2693.809943139553
2026-03-26 07:15:00+00:00,1.33575,1.335985,1.334645,1.3355000000000001,2867.7599544525146
2026-03-26 07:30:00+00:00,1.3355199999999998,1.33594,1.334955,1.3354,2080.3899604082108
2026-03-26 07:45:00+00:00,1.335395,1.33559,1.33491,1.335,2466.1499613523483
2026-03-26 23:00:00+00:00,1.33378,1.33388,1.333555,1.333685,1611.769999846816
2026-03-26 23:15:00+00:00,1.333685,1.333855,1.333585,1.3336700000000001,774.6099935695529
2026-03-26 23:30:00+00:00,1.333675,1.33398,1.33347,1.33354,952.3599996566772
2026-03-26 23:45:00+00:00,1.333535,1.3337750000000002,1.3334000000000001,1.33349,771.1399976611137
2026-03-27 19:00:00+00:00,1.32703,1.32707,1.326395,1.32681,2036.8499608039856
2026-03-27 19:15:00+00:00,1.3268,1.32694,1.32652,1.326905,2081.129959821701
2026-03-27 19:30:00+00:00,1.326915,1.327025,1.326435,1.3267099999999998,1897.9299584031105
2026-03-27 19:45:00+00:00,1.32672,1.32734,1.32648,1.3271899999999999,2319.009951889515
2026-03-30 12:00:00+00:00,1.323115,1.3234,1.3224049999999998,1.32241,3307.1799481511116
2026-03-30 12:15:00+00:00,1.32242,1.3235299999999999,1.32205,1.3228499999999999,3059.589940905571
2026-03-30 12:30:00+00:00,1.3228550000000001,1.323735,1.3228,1.32284,2810.1699479222298
2026-03-30 12:45:00+00:00,1.322845,1.3236050000000001,1.322745,1.3228149999999999,3278.849941074848
