2026-03-28 12:53:20  INFO      MT5Executor: MT5Executor forced into simulation mode via config
2026-03-28 12:53:20  WARNING   DataLoader: DataLoader: running in simulation mode with synthetic data.
2026-03-28 12:53:20  INFO      root: Registered agent: RegimeAgent
2026-03-28 12:53:20  INFO      root: Registered agent: TrendAgent
2026-03-28 12:53:20  INFO      root: Registered agent: MomentumAgent
2026-03-28 12:53:20  INFO      root: Registered agent: MeanReversionAgent
2026-03-28 12:53:20  INFO      root: Registered agent: VolatilityAgent
2026-03-28 12:53:20  INFO      root: Registered agent: BreadthAgent
2026-03-28 12:53:20  INFO      root: Registered agent: PatternAgent
2026-03-28 12:53:20  INFO      root: Registered agent: IntermarketAgent
2026-03-28 12:53:20  INFO      root: Registered agent: SessionBreakoutAgent
2026-03-28 12:53:20  INFO      root: Registered agent: DivergenceAgent
2026-03-28 12:53:20  INFO      root: Registered agent: ScalpingAgent
2026-03-28 12:53:20  INFO      root: Registered agent: VwapScalpAgent
2026-03-28 12:53:20  INFO      root: Registered agent: SqueezeBreakoutAgent
2026-03-28 12:53:20  INFO      root: Registered agent: OrderFlowAgent
2026-03-28 12:53:21  INFO      TradingRunner: TradingRunner started — symbols: ['EURUSD', 'GBPUSD', 'USDJPY', 'USDCHF', 'AUDUSD', 'USDCAD', 'NZDUSD', 'US30', 'US500', 'USTEC', 'DAX', 'UK100', 'EURJPY', 'GBPJPY', 'AUDJPY', 'EURGBP', 'EURCHF', 'CHFJPY', 'XAGUSD'] | profile: risky | signal: 300s | surveillance: 60s
2026-03-28 12:53:21  INFO      MT5Executor: SIMULATION: Partial close 40% of #12345
2026-03-28 12:53:21  INFO      TrailingStopManager: [RISKY] PARTIAL TP BUY NASDAQ:NVDA #12345: 40% locked in at +1R (entry=150.00000 price=152.00000)
2026-03-28 12:53:21  INFO      TrailingStopManager: SL lock BUY  NASDAQ:NVDA #12345 [stage 1]: 148.00000 → 150.00000  (entry=150.00000 price=152.00000 1R=2.00000)
2026-03-28 12:53:21  INFO      MT5Executor: SIMULATION: Modified SL for position 12345: 150.0
2026-03-28 12:53:21  INFO      TradingGraph: Running agents for NASDAQ:NVDA
2026-03-28 12:53:21  INFO      TradingRunner: New trading day 2026-03-28 — start-of-day equity: 100200.00
2026-03-28 12:53:21  INFO      TradingRunner: New trading week 2026-W13 — start-of-week equity: 100200.00
2026-03-28 12:53:21  INFO      TradingGraph: Completed 14 agents
2026-03-28 12:53:21  INFO      TradingGraph: Fusing timeframe signals
2026-03-28 12:53:21  INFO      TradingGraph: Fusion: L=-0.619(csns=1.00), M=0.001(csns=0.33), S=0.048(csns=0.40), align_str=0.000
2026-03-28 12:53:21  INFO      TradingRunner: EXIT [NASDAQ:NVDA #12345 BUY  pnl=+200.00] — D1 flipped bearish (-0.619)
2026-03-28 12:53:21  INFO      MT5Executor: SIMULATION: Closed position 12345
2026-03-28 12:53:23  INFO      TradingRunner: Analysing EURUSD …
2026-03-28 12:53:23  INFO      NewsCalendar: [NEWS] Loaded 12 high-impact events (source: ForexFactory)
2026-03-28 12:53:23  INFO      TradingGraph: Running agents for EURUSD
2026-03-28 12:53:23  INFO      TradingGraph: Completed 14 agents
2026-03-28 12:53:24  INFO      TradingGraph: Fusing timeframe signals
2026-03-28 12:53:24  INFO      TradingGraph: Fusion: L=-0.622(csns=1.00), M=0.006(csns=0.50), S=0.051(csns=0.80), align_str=0.000
2026-03-28 12:53:24  INFO      TradingGraph: Aligned [pullback-entry] (bearish) — proceeding [L=-0.622 M=0.006 S=0.051 breadth=0.595]
2026-03-28 12:53:24  INFO      TradingGraph: Generating trading recipe
2026-03-28 12:53:24  INFO      TradingGraph: Generated recipe: RISKY_SHORT_PULLBACK_ENTRY_EURUSD
2026-03-28 12:53:24  INFO      TradingGraph: Risk check passed
2026-03-28 12:53:24  INFO      TradingGraph: Creating trade plan
2026-03-28 12:53:24  INFO      TradingGraph: Structure SL/TP [EURUSD] entry=100.00000 sl=114.37501 (12.58×ATR) tp=97.71449 (R:R=0.16)
2026-03-28 12:53:24  INFO      TradingGraph: Created trade plan: entry=100.0000, sl=114.3800, tp=66.7800
2026-03-28 12:53:24  INFO      TradingGraph: Executing trade for EURUSD
2026-03-28 12:53:24  INFO      MT5Executor: SIMULATION: Placing bracket order for EURUSD
2026-03-28 12:53:24  INFO      TradingGraph: Order placed: ticket=12345
2026-03-28 12:53:24  INFO      OrderManager: Created order order_1_20260328_125324 for EURUSD
2026-03-28 12:53:24  INFO      TradeJournal: TRADE  EURUSD           Direction.SHORT  qty=0.01  entry=100.00000  sl=114.38000  tp=66.78000  ticket=12345
2026-03-28 12:53:24  INFO      TradingRunner: EURUSD: trade placed — daily count 1/6, next entry in 60min
2026-03-28 12:53:24  INFO      TradingRunner: Analysing GBPUSD …
2026-03-28 12:53:24  INFO      TradingGraph: Running agents for GBPUSD
2026-03-28 12:53:24  INFO      TradingGraph: Completed 14 agents
2026-03-28 12:53:24  INFO      TradingGraph: Fusing timeframe signals
2026-03-28 12:53:24  INFO      TradingGraph: Fusion: L=-0.622(csns=1.00), M=-0.003(csns=0.50), S=-0.048(csns=0.33), align_str=0.047
2026-03-28 12:53:24  INFO      TradingGraph: Aligned [pullback-entry] (bearish) — proceeding [L=-0.622 M=-0.003 S=-0.048 breadth=0.595]
2026-03-28 12:53:24  INFO      TradingGraph: Generating trading recipe
2026-03-28 12:53:24  INFO      TradingGraph: Generated recipe: RISKY_SHORT_PULLBACK_ENTRY_GBPUSD
2026-03-28 12:53:24  INFO      TradingGraph: Risk check passed
2026-03-28 12:53:24  INFO      TradingGraph: Creating trade plan
2026-03-28 12:53:24  INFO      TradingGraph: Structure SL/TP [GBPUSD] entry=100.00000 sl=114.37501 (12.58×ATR) tp=97.71449 (R:R=0.16)
2026-03-28 12:53:24  INFO      TradingGraph: Created trade plan: entry=100.0000, sl=114.3800, tp=66.7800
2026-03-28 12:53:24  INFO      TradingGraph: Executing trade for GBPUSD
2026-03-28 12:53:24  INFO      MT5Executor: SIMULATION: Placing bracket order for GBPUSD
2026-03-28 12:53:24  INFO      TradingGraph: Order placed: ticket=12345
2026-03-28 12:53:24  INFO      OrderManager: Created order order_2_20260328_125324 for GBPUSD
2026-03-28 12:53:24  INFO      TradeJournal: TRADE  GBPUSD           Direction.SHORT  qty=0.01  entry=100.00000  sl=114.38000  tp=66.78000  ticket=12345
2026-03-28 12:53:24  INFO      TradingRunner: GBPUSD: trade placed — daily count 2/6, next entry in 60min
2026-03-28 12:53:24  INFO      TradingRunner: Analysing USDJPY …
2026-03-28 12:53:24  INFO      TradingGraph: Running agents for USDJPY
2026-03-28 12:53:24  INFO      TradingGraph: Completed 14 agents
2026-03-28 12:53:24  INFO      TradingGraph: Fusing timeframe signals
2026-03-28 12:53:24  INFO      TradingGraph: Fusion: L=-0.812(csns=1.00), M=0.251(csns=1.00), S=0.123(csns=0.71), align_str=0.000
2026-03-28 12:53:24  INFO      TradingGraph: Timeframes not aligned — stopping (L=-0.812 M=0.251 S=0.123)
2026-03-28 12:53:24  INFO      TradingRunner: Analysing USDCHF …
2026-03-28 12:53:24  INFO      TradingGraph: Running agents for USDCHF
2026-03-28 12:53:24  INFO      TradingGraph: Completed 14 agents
2026-03-28 12:53:24  INFO      TradingGraph: Fusing timeframe signals
2026-03-28 12:53:24  INFO      TradingGraph: Fusion: L=0.309(csns=1.00), M=-0.114(csns=1.00), S=0.248(csns=0.86), align_str=0.000
2026-03-28 12:53:24  INFO      TradingGraph: Aligned [pullback-entry] (bullish) — proceeding [L=0.309 M=-0.114 S=0.248 breadth=0.595]
2026-03-28 12:53:24  INFO      TradingGraph: Generating trading recipe
2026-03-28 12:53:24  INFO      TradingGraph: Generated recipe: RISKY_LONG_PULLBACK_ENTRY_USDCHF
2026-03-28 12:53:24  INFO      TradingGraph: Risk check passed
2026-03-28 12:53:24  INFO      TradingGraph: Creating trade plan
2026-03-28 12:53:24  INFO      TradingGraph: Structure SL/TP [USDCHF] entry=100.05000 sl=96.92735 (2.25×ATR) tp=102.82569 (R:R=0.89)
2026-03-28 12:53:24  INFO      TradingGraph: Created trade plan: entry=100.0500, sl=96.9300, tp=106.7800
2026-03-28 12:53:24  INFO      TradingGraph: Executing trade for USDCHF
2026-03-28 12:53:24  INFO      MT5Executor: SIMULATION: Placing bracket order for USDCHF
2026-03-28 12:53:24  INFO      TradingGraph: Order placed: ticket=12345
2026-03-28 12:53:24  INFO      OrderManager: Created order order_3_20260328_125324 for USDCHF
2026-03-28 12:53:24  INFO      TradeJournal: TRADE  USDCHF           Direction.LONG  qty=0.01  entry=100.05000  sl=96.93000  tp=106.78000  ticket=12345
2026-03-28 12:53:24  INFO      TradingRunner: USDCHF: trade placed — daily count 3/6, next entry in 60min
2026-03-28 12:53:24  INFO      TradingRunner: Analysing AUDUSD …
2026-03-28 12:53:24  INFO      TradingGraph: Running agents for AUDUSD
2026-03-28 12:53:24  INFO      TradingGraph: Completed 14 agents
2026-03-28 12:53:24  INFO      TradingGraph: Fusing timeframe signals
2026-03-28 12:53:24  INFO      TradingGraph: Fusion: L=-0.734(csns=1.00), M=-0.003(csns=0.50), S=-0.074(csns=0.60), align_str=0.051
2026-03-28 12:53:24  INFO      TradingGraph: Aligned [pullback-entry] (bearish) — proceeding [L=-0.734 M=-0.003 S=-0.074 breadth=0.595]
2026-03-28 12:53:24  INFO      TradingGraph: Generating trading recipe
2026-03-28 12:53:24  INFO      TradingGraph: Generated recipe: RISKY_SHORT_PULLBACK_ENTRY_AUDUSD
2026-03-28 12:53:24  INFO      TradingGraph: Risk check passed
2026-03-28 12:53:24  INFO      TradingGraph: Creating trade plan
2026-03-28 12:53:24  INFO      TradingGraph: Structure SL/TP [AUDUSD] entry=100.00000 sl=114.82575 (13.48×ATR) tp=97.80001 (R:R=0.15)
2026-03-28 12:53:24  INFO      TradingGraph: Created trade plan: entry=100.0000, sl=114.8300, tp=64.9100
2026-03-28 12:53:24  INFO      TradingGraph: Executing trade for AUDUSD
2026-03-28 12:53:24  INFO      MT5Executor: SIMULATION: Placing bracket order for AUDUSD
2026-03-28 12:53:24  INFO      TradingGraph: Order placed: ticket=12345
2026-03-28 12:53:24  INFO      OrderManager: Created order order_4_20260328_125324 for AUDUSD
2026-03-28 12:53:24  INFO      TradeJournal: TRADE  AUDUSD           Direction.SHORT  qty=0.01  entry=100.00000  sl=114.83000  tp=64.91000  ticket=12345
2026-03-28 12:53:24  INFO      TradingRunner: AUDUSD: trade placed — daily count 4/6, next entry in 60min
2026-03-28 12:53:24  INFO      TradingRunner: Analysing USDCAD …
2026-03-28 12:53:24  INFO      TradingGraph: Running agents for USDCAD
2026-03-28 12:53:24  INFO      TradingGraph: Completed 14 agents
2026-03-28 12:53:24  INFO      TradingGraph: Fusing timeframe signals
2026-03-28 12:53:24  INFO      TradingGraph: Fusion: L=-0.090(csns=1.00), M=0.315(csns=1.00), S=0.052(csns=0.40), align_str=0.000
2026-03-28 12:53:24  INFO      TradingGraph: Timeframes not aligned — stopping (L=-0.090 M=0.315 S=0.052)
2026-03-28 12:53:24  INFO      TradingRunner: Analysing NZDUSD …
2026-03-28 12:53:24  INFO      TradingGraph: Running agents for NZDUSD
2026-03-28 12:53:24  INFO      TradingGraph: Completed 14 agents
2026-03-28 12:53:24  INFO      TradingGraph: Fusing timeframe signals
2026-03-28 12:53:24  INFO      TradingGraph: Fusion: L=-0.819(csns=1.00), M=-0.019(csns=0.50), S=-0.055(csns=0.33), align_str=0.095
2026-03-28 12:53:24  INFO      TradingGraph: Aligned [pullback-entry] (bearish) — proceeding [L=-0.819 M=-0.019 S=-0.055 breadth=0.595]
2026-03-28 12:53:24  INFO      TradingGraph: Generating trading recipe
2026-03-28 12:53:24  INFO      TradingGraph: Generated recipe: RISKY_SHORT_PULLBACK_ENTRY_NZDUSD
2026-03-28 12:53:24  INFO      TradingGraph: Risk check passed
2026-03-28 12:53:24  INFO      TradingGraph: Creating trade plan
2026-03-28 12:53:24  INFO      TradingGraph: Structure SL/TP [NZDUSD] entry=100.00000 sl=114.85003 (11.86×ATR) tp=97.49670 (R:R=0.17)
2026-03-28 12:53:24  INFO      TradingGraph: Created trade plan: entry=100.0000, sl=114.8500, tp=64.2200
2026-03-28 12:53:24  INFO      TradingGraph: Executing trade for NZDUSD
2026-03-28 12:53:24  INFO      MT5Executor: SIMULATION: Placing bracket order for NZDUSD
2026-03-28 12:53:24  INFO      TradingGraph: Order placed: ticket=12345
2026-03-28 12:53:24  INFO      OrderManager: Created order order_5_20260328_125324 for NZDUSD
2026-03-28 12:53:24  INFO      TradeJournal: TRADE  NZDUSD           Direction.SHORT  qty=0.01  entry=100.00000  sl=114.85000  tp=64.22000  ticket=12345
2026-03-28 12:53:24  INFO      TradingRunner: NZDUSD: trade placed — daily count 5/6, next entry in 60min
2026-03-28 12:53:24  INFO      TradingRunner: Analysing US30 …
2026-03-28 12:53:24  INFO      TradingGraph: Running agents for US30
2026-03-28 12:53:24  INFO      TradingGraph: Completed 14 agents
2026-03-28 12:53:24  INFO      TradingGraph: Fusing timeframe signals
2026-03-28 12:53:24  INFO      TradingGraph: Fusion: L=0.177(csns=1.00), M=-0.402(csns=1.00), S=0.050(csns=0.83), align_str=0.000
2026-03-28 12:53:24  INFO      TradingGraph: Timeframes not aligned — stopping (L=0.177 M=-0.402 S=0.050)
2026-03-28 12:53:24  INFO      TradingRunner: Analysing US500 …
2026-03-28 12:53:24  INFO      TradingGraph: Running agents for US500
2026-03-28 12:53:24  INFO      TradingGraph: Completed 14 agents
2026-03-28 12:53:24  INFO      TradingGraph: Fusing timeframe signals
2026-03-28 12:53:24  INFO      TradingGraph: Fusion: L=-0.240(csns=1.00), M=0.409(csns=1.00), S=0.160(csns=0.83), align_str=0.000
2026-03-28 12:53:24  INFO      TradingGraph: Timeframes not aligned — stopping (L=-0.240 M=0.409 S=0.160)
2026-03-28 12:53:24  INFO      TradingRunner: Analysing USTEC …
2026-03-28 12:53:24  INFO      TradingGraph: Running agents for USTEC
2026-03-28 12:53:24  INFO      TradingGraph: Completed 14 agents
2026-03-28 12:53:24  INFO      TradingGraph: Fusing timeframe signals
2026-03-28 12:53:24  INFO      TradingGraph: Fusion: L=0.598(csns=1.00), M=-0.235(csns=1.00), S=0.116(csns=0.67), align_str=0.000
2026-03-28 12:53:24  INFO      TradingGraph: Timeframes not aligned — stopping (L=0.598 M=-0.235 S=0.116)
2026-03-28 12:53:24  INFO      TradingRunner: Analysing DAX …
2026-03-28 12:53:24  INFO      TradingGraph: Running agents for DAX
2026-03-28 12:53:24  INFO      TradingGraph: Completed 14 agents
2026-03-28 12:53:24  INFO      TradingGraph: Fusing timeframe signals
2026-03-28 12:53:24  INFO      TradingGraph: Fusion: L=-0.620(csns=1.00), M=-0.111(csns=1.00), S=0.050(csns=0.50), align_str=0.000
2026-03-28 12:53:24  INFO      TradingGraph: Aligned [pullback-entry] (bearish) — proceeding [L=-0.620 M=-0.111 S=0.050 breadth=0.595]
2026-03-28 12:53:24  INFO      TradingGraph: Generating trading recipe
2026-03-28 12:53:24  INFO      TradingGraph: Generated recipe: RISKY_SHORT_PULLBACK_ENTRY_DAX
2026-03-28 12:53:24  INFO      TradingGraph: Risk check passed
2026-03-28 12:53:24  INFO      TradingGraph: Creating trade plan
2026-03-28 12:53:24  INFO      TradingGraph: Structure SL/TP [DAX] entry=100.00000 sl=114.63143 (14.10×ATR) tp=97.92416 (R:R=0.14)
2026-03-28 12:53:24  INFO      TradingGraph: Created trade plan: entry=100.0000, sl=114.6300, tp=66.2000
2026-03-28 12:53:24  INFO      TradingGraph: Executing trade for DAX
2026-03-28 12:53:24  INFO      MT5Executor: SIMULATION: Placing bracket order for DAX
2026-03-28 12:53:24  INFO      TradingGraph: Order placed: ticket=12345
2026-03-28 12:53:24  INFO      OrderManager: Created order order_6_20260328_125324 for DAX
2026-03-28 12:53:24  INFO      TradeJournal: TRADE  DAX              Direction.SHORT  qty=0.01  entry=100.00000  sl=114.63000  tp=66.20000  ticket=12345
2026-03-28 12:53:24  INFO      TradingRunner: DAX: trade placed — daily count 6/6, next entry in 60min
2026-03-28 12:53:24  WARNING   TradingRunner: Max daily trades (6) reached — no further entries today
2026-03-28 12:53:24  INFO      TradingRunner: PnL — unrealized: +200.00  realized today: +0.00  total: +200.00
2026-03-28 12:53:24  INFO      TradingRunner: Signal cycle done in 3.0s — sleeping 297s
2026-03-28 12:54:21  INFO      MT5Executor: SIMULATION: Partial close 40% of #12345
2026-03-28 12:54:21  INFO      TrailingStopManager: [RISKY] PARTIAL TP BUY NASDAQ:NVDA #12345: 40% locked in at +1R (entry=150.00000 price=152.00000)
2026-03-28 12:54:21  INFO      TrailingStopManager: SL lock BUY  NASDAQ:NVDA #12345 [stage 1]: 148.00000 → 150.00000  (entry=150.00000 price=152.00000 1R=2.00000)
2026-03-28 12:54:21  INFO      MT5Executor: SIMULATION: Modified SL for position 12345: 150.0
2026-03-28 12:54:21  INFO      TradingGraph: Running agents for NASDAQ:NVDA
2026-03-28 12:54:21  INFO      TradingGraph: Completed 14 agents
2026-03-28 12:54:21  INFO      TradingGraph: Fusing timeframe signals
2026-03-28 12:54:21  INFO      TradingGraph: Fusion: L=-0.648(csns=1.00), M=0.289(csns=0.67), S=-0.033(csns=0.40), align_str=0.000
2026-03-28 12:54:21  INFO      TradingRunner: EXIT [NASDAQ:NVDA #12345 BUY  pnl=+200.00] — D1 flipped bearish (-0.648)
2026-03-28 12:54:21  INFO      MT5Executor: SIMULATION: Closed position 12345
2026-03-28 12:54:51  INFO      TradingRunner: [WATCHDOG] alive | equity=100200.0 | cycle=1 | profile=risky
2026-03-28 12:55:21  INFO      MT5Executor: SIMULATION: Partial close 40% of #12345
2026-03-28 12:55:21  INFO      TrailingStopManager: [RISKY] PARTIAL TP BUY NASDAQ:NVDA #12345: 40% locked in at +1R (entry=150.00000 price=152.00000)
2026-03-28 12:55:21  INFO      TrailingStopManager: SL lock BUY  NASDAQ:NVDA #12345 [stage 1]: 148.00000 → 150.00000  (entry=150.00000 price=152.00000 1R=2.00000)
2026-03-28 12:55:21  INFO      MT5Executor: SIMULATION: Modified SL for position 12345: 150.0
2026-03-28 12:55:21  INFO      TradingGraph: Running agents for NASDAQ:NVDA
2026-03-28 12:55:21  INFO      TradingGraph: Completed 14 agents
2026-03-28 12:55:21  INFO      TradingGraph: Fusing timeframe signals
2026-03-28 12:55:21  INFO      TradingGraph: Fusion: L=-0.622(csns=1.00), M=0.264(csns=1.00), S=0.063(csns=0.40), align_str=0.000
2026-03-28 12:55:21  INFO      TradingRunner: EXIT [NASDAQ:NVDA #12345 BUY  pnl=+200.00] — D1 flipped bearish (-0.622)
2026-03-28 12:55:21  INFO      MT5Executor: SIMULATION: Closed position 12345
2026-03-28 12:56:21  INFO      MT5Executor: SIMULATION: Partial close 40% of #12345
2026-03-28 12:56:21  INFO      TrailingStopManager: [RISKY] PARTIAL TP BUY NASDAQ:NVDA #12345: 40% locked in at +1R (entry=150.00000 price=152.00000)
2026-03-28 12:56:21  INFO      TrailingStopManager: SL lock BUY  NASDAQ:NVDA #12345 [stage 1]: 148.00000 → 150.00000  (entry=150.00000 price=152.00000 1R=2.00000)
2026-03-28 12:56:21  INFO      MT5Executor: SIMULATION: Modified SL for position 12345: 150.0
2026-03-28 12:56:21  INFO      TradingGraph: Running agents for NASDAQ:NVDA
2026-03-28 12:56:21  INFO      TradingGraph: Completed 14 agents
2026-03-28 12:56:21  INFO      TradingGraph: Fusing timeframe signals
2026-03-28 12:56:21  INFO      TradingGraph: Fusion: L=-0.648(csns=1.00), M=0.427(csns=1.00), S=0.045(csns=0.40), align_str=0.000
2026-03-28 12:56:21  INFO      TradingRunner: EXIT [NASDAQ:NVDA #12345 BUY  pnl=+200.00] — D1 flipped bearish (-0.648)
2026-03-28 12:56:21  INFO      MT5Executor: SIMULATION: Closed position 12345
2026-03-28 12:57:21  INFO      MT5Executor: SIMULATION: Partial close 40% of #12345
2026-03-28 12:57:21  INFO      TrailingStopManager: [RISKY] PARTIAL TP BUY NASDAQ:NVDA #12345: 40% locked in at +1R (entry=150.00000 price=152.00000)
2026-03-28 12:57:21  INFO      TrailingStopManager: SL lock BUY  NASDAQ:NVDA #12345 [stage 1]: 148.00000 → 150.00000  (entry=150.00000 price=152.00000 1R=2.00000)
2026-03-28 12:57:21  INFO      MT5Executor: SIMULATION: Modified SL for position 12345: 150.0
2026-03-28 12:57:21  INFO      TradingGraph: Running agents for NASDAQ:NVDA
2026-03-28 12:57:21  INFO      TradingGraph: Completed 14 agents
2026-03-28 12:57:21  INFO      TradingGraph: Fusing timeframe signals
2026-03-28 12:57:21  INFO      TradingGraph: Fusion: L=-0.630(csns=1.00), M=-0.522(csns=1.00), S=0.042(csns=0.67), align_str=0.000
2026-03-28 12:57:21  INFO      TradingRunner: EXIT [NASDAQ:NVDA #12345 BUY  pnl=+200.00] — D1 flipped bearish (-0.630)
2026-03-28 12:57:21  INFO      MT5Executor: SIMULATION: Closed position 12345
2026-03-28 12:58:21  INFO      MT5Executor: SIMULATION: Partial close 40% of #12345
2026-03-28 12:58:21  INFO      TrailingStopManager: [RISKY] PARTIAL TP BUY NASDAQ:NVDA #12345: 40% locked in at +1R (entry=150.00000 price=152.00000)
2026-03-28 12:58:21  INFO      TrailingStopManager: SL lock BUY  NASDAQ:NVDA #12345 [stage 1]: 148.00000 → 150.00000  (entry=150.00000 price=152.00000 1R=2.00000)
2026-03-28 12:58:21  INFO      MT5Executor: SIMULATION: Modified SL for position 12345: 150.0
2026-03-28 12:58:21  INFO      TradingGraph: Running agents for NASDAQ:NVDA
2026-03-28 12:58:21  INFO      TradingGraph: Completed 14 agents
2026-03-28 12:58:21  INFO      TradingGraph: Fusing timeframe signals
2026-03-28 12:58:21  INFO      TradingGraph: Fusion: L=-0.648(csns=1.00), M=0.289(csns=0.67), S=-0.033(csns=0.40), align_str=0.000
2026-03-28 12:58:21  INFO      TradingRunner: EXIT [NASDAQ:NVDA #12345 BUY  pnl=+200.00] — D1 flipped bearish (-0.648)
2026-03-28 12:58:21  INFO      MT5Executor: SIMULATION: Closed position 12345
2026-03-28 12:58:23  WARNING   TradingRunner: Max daily trades (6) reached — no further entries today
2026-03-28 12:58:23  INFO      TradingRunner: PnL — unrealized: +200.00  realized today: +0.00  total: +200.00
2026-03-28 12:58:23  INFO      TradingRunner: Signal cycle done in 2.5s — sleeping 298s
2026-03-28 12:59:21  INFO      MT5Executor: SIMULATION: Partial close 40% of #12345
2026-03-28 12:59:21  INFO      TrailingStopManager: [RISKY] PARTIAL TP BUY NASDAQ:NVDA #12345: 40% locked in at +1R (entry=150.00000 price=152.00000)
2026-03-28 12:59:21  INFO      TrailingStopManager: SL lock BUY  NASDAQ:NVDA #12345 [stage 1]: 148.00000 → 150.00000  (entry=150.00000 price=152.00000 1R=2.00000)
2026-03-28 12:59:21  INFO      MT5Executor: SIMULATION: Modified SL for position 12345: 150.0
2026-03-28 12:59:21  INFO      TradingGraph: Running agents for NASDAQ:NVDA
2026-03-28 12:59:21  INFO      TradingGraph: Completed 14 agents
2026-03-28 12:59:21  INFO      TradingGraph: Fusing timeframe signals
2026-03-28 12:59:21  INFO      TradingGraph: Fusion: L=-0.619(csns=1.00), M=0.214(csns=0.67), S=0.146(csns=0.50), align_str=0.000
2026-03-28 12:59:21  INFO      TradingRunner: EXIT [NASDAQ:NVDA #12345 BUY  pnl=+200.00] — D1 flipped bearish (-0.619)
2026-03-28 12:59:21  INFO      MT5Executor: SIMULATION: Closed position 12345
2026-03-28 13:00:21  INFO      MT5Executor: SIMULATION: Partial close 40% of #12345
2026-03-28 13:00:21  INFO      TrailingStopManager: [RISKY] PARTIAL TP BUY NASDAQ:NVDA #12345: 40% locked in at +1R (entry=150.00000 price=152.00000)
2026-03-28 13:00:21  INFO      TrailingStopManager: SL lock BUY  NASDAQ:NVDA #12345 [stage 1]: 148.00000 → 150.00000  (entry=150.00000 price=152.00000 1R=2.00000)
2026-03-28 13:00:21  INFO      MT5Executor: SIMULATION: Modified SL for position 12345: 150.0
2026-03-28 13:00:21  INFO      TradingGraph: Running agents for NASDAQ:NVDA
2026-03-28 13:00:21  INFO      TradingGraph: Completed 14 agents
2026-03-28 13:00:21  INFO      TradingGraph: Fusing timeframe signals
2026-03-28 13:00:21  INFO      TradingGraph: Fusion: L=-0.619(csns=1.00), M=0.214(csns=0.67), S=0.145(csns=0.50), align_str=0.000
2026-03-28 13:00:21  INFO      TradingRunner: EXIT [NASDAQ:NVDA #12345 BUY  pnl=+200.00] — D1 flipped bearish (-0.619)
2026-03-28 13:00:21  INFO      MT5Executor: SIMULATION: Closed position 12345
2026-03-28 13:01:21  INFO      MT5Executor: SIMULATION: Partial close 40% of #12345
2026-03-28 13:01:21  INFO      TrailingStopManager: [RISKY] PARTIAL TP BUY NASDAQ:NVDA #12345: 40% locked in at +1R (entry=150.00000 price=152.00000)
2026-03-28 13:01:21  INFO      TrailingStopManager: SL lock BUY  NASDAQ:NVDA #12345 [stage 1]: 148.00000 → 150.00000  (entry=150.00000 price=152.00000 1R=2.00000)
2026-03-28 13:01:21  INFO      MT5Executor: SIMULATION: Modified SL for position 12345: 150.0
2026-03-28 13:01:21  INFO      TradingGraph: Running agents for NASDAQ:NVDA
2026-03-28 13:01:21  INFO      TradingGraph: Completed 14 agents
2026-03-28 13:01:21  INFO      TradingGraph: Fusing timeframe signals
2026-03-28 13:01:21  INFO      TradingGraph: Fusion: L=-0.622(csns=1.00), M=0.005(csns=0.50), S=0.033(csns=0.40), align_str=0.000
2026-03-28 13:01:21  INFO      TradingRunner: EXIT [NASDAQ:NVDA #12345 BUY  pnl=+200.00] — D1 flipped bearish (-0.622)
2026-03-28 13:01:21  INFO      MT5Executor: SIMULATION: Closed position 12345
2026-03-28 13:02:21  INFO      MT5Executor: SIMULATION: Partial close 40% of #12345
2026-03-28 13:02:21  INFO      TrailingStopManager: [RISKY] PARTIAL TP BUY NASDAQ:NVDA #12345: 40% locked in at +1R (entry=150.00000 price=152.00000)
2026-03-28 13:02:21  INFO      TrailingStopManager: SL lock BUY  NASDAQ:NVDA #12345 [stage 1]: 148.00000 → 150.00000  (entry=150.00000 price=152.00000 1R=2.00000)
2026-03-28 13:02:21  INFO      MT5Executor: SIMULATION: Modified SL for position 12345: 150.0
2026-03-28 13:02:21  INFO      TradingGraph: Running agents for NASDAQ:NVDA
2026-03-28 13:02:21  INFO      TradingGraph: Completed 14 agents
2026-03-28 13:02:21  INFO      TradingGraph: Fusing timeframe signals
2026-03-28 13:02:21  INFO      TradingGraph: Fusion: L=-0.622(csns=1.00), M=0.006(csns=0.50), S=0.050(csns=0.80), align_str=0.000
2026-03-28 13:02:21  INFO      TradingRunner: EXIT [NASDAQ:NVDA #12345 BUY  pnl=+200.00] — D1 flipped bearish (-0.622)
2026-03-28 13:02:21  INFO      MT5Executor: SIMULATION: Closed position 12345
2026-03-28 13:03:21  INFO      MT5Executor: SIMULATION: Partial close 40% of #12345
2026-03-28 13:03:21  INFO      TrailingStopManager: [RISKY] PARTIAL TP BUY NASDAQ:NVDA #12345: 40% locked in at +1R (entry=150.00000 price=152.00000)
2026-03-28 13:03:21  INFO      TrailingStopManager: SL lock BUY  NASDAQ:NVDA #12345 [stage 1]: 148.00000 → 150.00000  (entry=150.00000 price=152.00000 1R=2.00000)
2026-03-28 13:03:21  INFO      MT5Executor: SIMULATION: Modified SL for position 12345: 150.0
2026-03-28 13:03:21  INFO      TradingGraph: Running agents for NASDAQ:NVDA
2026-03-28 13:03:21  INFO      TradingGraph: Completed 14 agents
2026-03-28 13:03:21  INFO      TradingGraph: Fusing timeframe signals
2026-03-28 13:03:21  INFO      TradingGraph: Fusion: L=-0.623(csns=1.00), M=-0.004(csns=0.67), S=-0.039(csns=0.33), align_str=0.046
2026-03-28 13:03:21  INFO      TradingRunner: EXIT [NASDAQ:NVDA #12345 BUY  pnl=+200.00] — D1 flipped bearish (-0.623)
2026-03-28 13:03:21  INFO      MT5Executor: SIMULATION: Closed position 12345
2026-03-28 13:03:24  WARNING   TradingRunner: Max daily trades (6) reached — no further entries today
2026-03-28 13:03:24  INFO      TradingRunner: PnL — unrealized: +200.00  realized today: +0.00  total: +200.00
2026-03-28 13:03:24  INFO      TradingRunner: Signal cycle done in 2.8s — sleeping 297s
2026-03-28 13:04:21  INFO      MT5Executor: SIMULATION: Partial close 40% of #12345
2026-03-28 13:04:21  INFO      TrailingStopManager: [RISKY] PARTIAL TP BUY NASDAQ:NVDA #12345: 40% locked in at +1R (entry=150.00000 price=152.00000)
2026-03-28 13:04:21  INFO      TrailingStopManager: SL lock BUY  NASDAQ:NVDA #12345 [stage 1]: 148.00000 → 150.00000  (entry=150.00000 price=152.00000 1R=2.00000)
2026-03-28 13:04:21  INFO      MT5Executor: SIMULATION: Modified SL for position 12345: 150.0
2026-03-28 13:04:21  INFO      TradingGraph: Running agents for NASDAQ:NVDA
2026-03-28 13:04:21  INFO      TradingGraph: Completed 14 agents
2026-03-28 13:04:21  INFO      TradingGraph: Fusing timeframe signals
2026-03-28 13:04:21  INFO      TradingGraph: Fusion: L=-0.648(csns=1.00), M=0.427(csns=1.00), S=0.044(csns=0.40), align_str=0.000
2026-03-28 13:04:21  INFO      TradingRunner: EXIT [NASDAQ:NVDA #12345 BUY  pnl=+200.00] — D1 flipped bearish (-0.648)
2026-03-28 13:04:21  INFO      MT5Executor: SIMULATION: Closed position 12345
2026-03-28 13:05:21  INFO      MT5Executor: SIMULATION: Partial close 40% of #12345
2026-03-28 13:05:21  INFO      TrailingStopManager: [RISKY] PARTIAL TP BUY NASDAQ:NVDA #12345: 40% locked in at +1R (entry=150.00000 price=152.00000)
2026-03-28 13:05:21  INFO      TrailingStopManager: SL lock BUY  NASDAQ:NVDA #12345 [stage 1]: 148.00000 → 150.00000  (entry=150.00000 price=152.00000 1R=2.00000)
2026-03-28 13:05:21  INFO      MT5Executor: SIMULATION: Modified SL for position 12345: 150.0
2026-03-28 13:05:21  INFO      TradingGraph: Running agents for NASDAQ:NVDA
2026-03-28 13:05:21  INFO      TradingRunner: [WATCHDOG] alive | equity=100200.0 | cycle=3 | profile=risky
2026-03-28 13:05:21  INFO      TradingGraph: Completed 14 agents
2026-03-28 13:05:21  INFO      TradingGraph: Fusing timeframe signals
2026-03-28 13:05:21  INFO      TradingGraph: Fusion: L=-0.622(csns=1.00), M=0.264(csns=1.00), S=0.062(csns=0.40), align_str=0.000
2026-03-28 13:05:21  INFO      TradingRunner: EXIT [NASDAQ:NVDA #12345 BUY  pnl=+200.00] — D1 flipped bearish (-0.622)
2026-03-28 13:05:21  INFO      MT5Executor: SIMULATION: Closed position 12345
2026-03-28 13:06:21  INFO      MT5Executor: SIMULATION: Partial close 40% of #12345
2026-03-28 13:06:21  INFO      TrailingStopManager: [RISKY] PARTIAL TP BUY NASDAQ:NVDA #12345: 40% locked in at +1R (entry=150.00000 price=152.00000)
2026-03-28 13:06:21  INFO      TrailingStopManager: SL lock BUY  NASDAQ:NVDA #12345 [stage 1]: 148.00000 → 150.00000  (entry=150.00000 price=152.00000 1R=2.00000)
2026-03-28 13:06:21  INFO      MT5Executor: SIMULATION: Modified SL for position 12345: 150.0
2026-03-28 13:06:21  INFO      TradingGraph: Running agents for NASDAQ:NVDA
2026-03-28 13:06:21  INFO      TradingGraph: Completed 14 agents
2026-03-28 13:06:21  INFO      TradingGraph: Fusing timeframe signals
2026-03-28 13:06:21  INFO      TradingGraph: Fusion: L=-0.622(csns=1.00), M=0.005(csns=0.50), S=0.033(csns=0.40), align_str=0.000
2026-03-28 13:06:21  INFO      TradingRunner: EXIT [NASDAQ:NVDA #12345 BUY  pnl=+200.00] — D1 flipped bearish (-0.622)
2026-03-28 13:06:21  INFO      MT5Executor: SIMULATION: Closed position 12345
2026-03-28 13:07:21  INFO      MT5Executor: SIMULATION: Partial close 40% of #12345
2026-03-28 13:07:21  INFO      TrailingStopManager: [RISKY] PARTIAL TP BUY NASDAQ:NVDA #12345: 40% locked in at +1R (entry=150.00000 price=152.00000)
2026-03-28 13:07:21  INFO      TrailingStopManager: SL lock BUY  NASDAQ:NVDA #12345 [stage 1]: 148.00000 → 150.00000  (entry=150.00000 price=152.00000 1R=2.00000)
2026-03-28 13:07:21  INFO      MT5Executor: SIMULATION: Modified SL for position 12345: 150.0
2026-03-28 13:07:21  INFO      TradingGraph: Running agents for NASDAQ:NVDA
2026-03-28 13:07:21  INFO      TradingGraph: Completed 14 agents
2026-03-28 13:07:21  INFO      TradingGraph: Fusing timeframe signals
2026-03-28 13:07:21  INFO      TradingGraph: Fusion: L=-0.622(csns=1.00), M=0.006(csns=0.50), S=0.050(csns=0.80), align_str=0.000
2026-03-28 13:07:21  INFO      TradingRunner: EXIT [NASDAQ:NVDA #12345 BUY  pnl=+200.00] — D1 flipped bearish (-0.622)
2026-03-28 13:07:21  INFO      MT5Executor: SIMULATION: Closed position 12345
2026-03-28 13:08:21  INFO      MT5Executor: SIMULATION: Partial close 40% of #12345
2026-03-28 13:08:21  INFO      TrailingStopManager: [RISKY] PARTIAL TP BUY NASDAQ:NVDA #12345: 40% locked in at +1R (entry=150.00000 price=152.00000)
2026-03-28 13:08:21  INFO      TrailingStopManager: SL lock BUY  NASDAQ:NVDA #12345 [stage 1]: 148.00000 → 150.00000  (entry=150.00000 price=152.00000 1R=2.00000)
2026-03-28 13:08:21  INFO      MT5Executor: SIMULATION: Modified SL for position 12345: 150.0
2026-03-28 13:08:21  INFO      TradingGraph: Running agents for NASDAQ:NVDA
2026-03-28 13:08:21  INFO      TradingGraph: Completed 14 agents
2026-03-28 13:08:21  INFO      TradingGraph: Fusing timeframe signals
2026-03-28 13:08:22  INFO      TradingGraph: Fusion: L=-0.622(csns=1.00), M=0.006(csns=0.50), S=0.050(csns=0.80), align_str=0.000
2026-03-28 13:08:22  INFO      TradingRunner: EXIT [NASDAQ:NVDA #12345 BUY  pnl=+200.00] — D1 flipped bearish (-0.622)
2026-03-28 13:08:22  INFO      MT5Executor: SIMULATION: Closed position 12345
2026-03-28 13:08:24  WARNING   TradingRunner: Max daily trades (6) reached — no further entries today
2026-03-28 13:08:24  INFO      TradingRunner: PnL — unrealized: +200.00  realized today: +0.00  total: +200.00
2026-03-28 13:08:24  INFO      TradingRunner: Signal cycle done in 2.6s — sleeping 297s
2026-03-28 13:09:21  INFO      MT5Executor: SIMULATION: Partial close 40% of #12345
2026-03-28 13:09:21  INFO      TrailingStopManager: [RISKY] PARTIAL TP BUY NASDAQ:NVDA #12345: 40% locked in at +1R (entry=150.00000 price=152.00000)
2026-03-28 13:09:21  INFO      TrailingStopManager: SL lock BUY  NASDAQ:NVDA #12345 [stage 1]: 148.00000 → 150.00000  (entry=150.00000 price=152.00000 1R=2.00000)
2026-03-28 13:09:21  INFO      MT5Executor: SIMULATION: Modified SL for position 12345: 150.0
2026-03-28 13:09:22  INFO      TradingGraph: Running agents for NASDAQ:NVDA
2026-03-28 13:09:22  INFO      TradingGraph: Completed 14 agents
2026-03-28 13:09:22  INFO      TradingGraph: Fusing timeframe signals
2026-03-28 13:09:22  INFO      TradingGraph: Fusion: L=-0.658(csns=1.00), M=0.526(csns=1.00), S=0.058(csns=0.75), align_str=0.000
2026-03-28 13:09:22  INFO      TradingRunner: EXIT [NASDAQ:NVDA #12345 BUY  pnl=+200.00] — D1 flipped bearish (-0.658)
2026-03-28 13:09:22  INFO      MT5Executor: SIMULATION: Closed position 12345
2026-03-28 13:10:21  INFO      MT5Executor: SIMULATION: Partial close 40% of #12345
2026-03-28 13:10:21  INFO      TrailingStopManager: [RISKY] PARTIAL TP BUY NASDAQ:NVDA #12345: 40% locked in at +1R (entry=150.00000 price=152.00000)
2026-03-28 13:10:21  INFO      TrailingStopManager: SL lock BUY  NASDAQ:NVDA #12345 [stage 1]: 148.00000 → 150.00000  (entry=150.00000 price=152.00000 1R=2.00000)
2026-03-28 13:10:21  INFO      MT5Executor: SIMULATION: Modified SL for position 12345: 150.0
2026-03-28 13:10:22  INFO      TradingGraph: Running agents for NASDAQ:NVDA
2026-03-28 13:10:22  INFO      TradingGraph: Completed 14 agents
2026-03-28 13:10:22  INFO      TradingGraph: Fusing timeframe signals
2026-03-28 13:10:22  INFO      TradingGraph: Fusion: L=-0.648(csns=1.00), M=0.289(csns=0.67), S=-0.034(csns=0.40), align_str=0.000
2026-03-28 13:10:22  INFO      TradingRunner: EXIT [NASDAQ:NVDA #12345 BUY  pnl=+200.00] — D1 flipped bearish (-0.648)
2026-03-28 13:10:22  INFO      MT5Executor: SIMULATION: Closed position 12345
2026-03-28 13:11:21  INFO      MT5Executor: SIMULATION: Partial close 40% of #12345
2026-03-28 13:11:21  INFO      TrailingStopManager: [RISKY] PARTIAL TP BUY NASDAQ:NVDA #12345: 40% locked in at +1R (entry=150.00000 price=152.00000)
2026-03-28 13:11:21  INFO      TrailingStopManager: SL lock BUY  NASDAQ:NVDA #12345 [stage 1]: 148.00000 → 150.00000  (entry=150.00000 price=152.00000 1R=2.00000)
2026-03-28 13:11:21  INFO      MT5Executor: SIMULATION: Modified SL for position 12345: 150.0
2026-03-28 13:11:22  INFO      TradingGraph: Running agents for NASDAQ:NVDA
2026-03-28 13:11:22  INFO      TradingGraph: Completed 14 agents
2026-03-28 13:11:22  INFO      TradingGraph: Fusing timeframe signals
2026-03-28 13:11:22  INFO      TradingGraph: Fusion: L=-0.648(csns=1.00), M=0.427(csns=1.00), S=0.044(csns=0.40), align_str=0.000
2026-03-28 13:11:22  INFO      TradingRunner: EXIT [NASDAQ:NVDA #12345 BUY  pnl=+200.00] — D1 flipped bearish (-0.648)
2026-03-28 13:11:22  INFO      MT5Executor: SIMULATION: Closed position 12345
2026-03-28 13:12:22  INFO      MT5Executor: SIMULATION: Partial close 40% of #12345
2026-03-28 13:12:22  INFO      TrailingStopManager: [RISKY] PARTIAL TP BUY NASDAQ:NVDA #12345: 40% locked in at +1R (entry=150.00000 price=152.00000)
2026-03-28 13:12:22  INFO      TrailingStopManager: SL lock BUY  NASDAQ:NVDA #12345 [stage 1]: 148.00000 → 150.00000  (entry=150.00000 price=152.00000 1R=2.00000)
2026-03-28 13:12:22  INFO      MT5Executor: SIMULATION: Modified SL for position 12345: 150.0
2026-03-28 13:12:22  INFO      TradingGraph: Running agents for NASDAQ:NVDA
2026-03-28 13:12:22  INFO      TradingGraph: Completed 14 agents
2026-03-28 13:12:22  INFO      TradingGraph: Fusing timeframe signals
2026-03-28 13:12:22  INFO      TradingGraph: Fusion: L=-0.622(csns=1.00), M=0.264(csns=1.00), S=0.062(csns=0.40), align_str=0.000
2026-03-28 13:12:22  INFO      TradingRunner: EXIT [NASDAQ:NVDA #12345 BUY  pnl=+200.00] — D1 flipped bearish (-0.622)
2026-03-28 13:12:22  INFO      MT5Executor: SIMULATION: Closed position 12345
2026-03-28 13:13:22  INFO      MT5Executor: SIMULATION: Partial close 40% of #12345
2026-03-28 13:13:22  INFO      TrailingStopManager: [RISKY] PARTIAL TP BUY NASDAQ:NVDA #12345: 40% locked in at +1R (entry=150.00000 price=152.00000)
2026-03-28 13:13:22  INFO      TrailingStopManager: SL lock BUY  NASDAQ:NVDA #12345 [stage 1]: 148.00000 → 150.00000  (entry=150.00000 price=152.00000 1R=2.00000)
2026-03-28 13:13:22  INFO      MT5Executor: SIMULATION: Modified SL for position 12345: 150.0
2026-03-28 13:13:22  INFO      TradingGraph: Running agents for NASDAQ:NVDA
2026-03-28 13:13:22  INFO      TradingGraph: Completed 14 agents
2026-03-28 13:13:22  INFO      TradingGraph: Fusing timeframe signals
2026-03-28 13:13:22  INFO      TradingGraph: Fusion: L=-0.619(csns=1.00), M=0.001(csns=0.33), S=0.047(csns=0.40), align_str=0.000
2026-03-28 13:13:22  INFO      TradingRunner: EXIT [NASDAQ:NVDA #12345 BUY  pnl=+200.00] — D1 flipped bearish (-0.619)
2026-03-28 13:13:22  INFO      MT5Executor: SIMULATION: Closed position 12345
2026-03-28 13:13:25  WARNING   TradingRunner: Max daily trades (6) reached — no further entries today
2026-03-28 13:13:25  INFO      TradingRunner: PnL — unrealized: +200.00  realized today: +0.00  total: +200.00
2026-03-28 13:13:25  INFO      TradingRunner: Signal cycle done in 2.9s — sleeping 297s
2026-03-28 13:14:22  INFO      MT5Executor: SIMULATION: Partial close 40% of #12345
2026-03-28 13:14:22  INFO      TrailingStopManager: [RISKY] PARTIAL TP BUY NASDAQ:NVDA #12345: 40% locked in at +1R (entry=150.00000 price=152.00000)
2026-03-28 13:14:22  INFO      TrailingStopManager: SL lock BUY  NASDAQ:NVDA #12345 [stage 1]: 148.00000 → 150.00000  (entry=150.00000 price=152.00000 1R=2.00000)
2026-03-28 13:14:22  INFO      MT5Executor: SIMULATION: Modified SL for position 12345: 150.0
2026-03-28 13:14:22  INFO      TradingGraph: Running agents for NASDAQ:NVDA
2026-03-28 13:14:22  INFO      TradingGraph: Completed 14 agents
2026-03-28 13:14:22  INFO      TradingGraph: Fusing timeframe signals
2026-03-28 13:14:22  INFO      TradingGraph: Fusion: L=-0.653(csns=1.00), M=-0.119(csns=1.00), S=-0.050(csns=0.50), align_str=0.157
2026-03-28 13:14:22  INFO      TradingRunner: EXIT [NASDAQ:NVDA #12345 BUY  pnl=+200.00] — D1 flipped bearish (-0.653)
2026-03-28 13:14:22  INFO      MT5Executor: SIMULATION: Closed position 12345
2026-03-28 13:15:22  INFO      MT5Executor: SIMULATION: Partial close 40% of #12345
2026-03-28 13:15:22  INFO      TrailingStopManager: [RISKY] PARTIAL TP BUY NASDAQ:NVDA #12345: 40% locked in at +1R (entry=150.00000 price=152.00000)
2026-03-28 13:15:22  INFO      TrailingStopManager: SL lock BUY  NASDAQ:NVDA #12345 [stage 1]: 148.00000 → 150.00000  (entry=150.00000 price=152.00000 1R=2.00000)
2026-03-28 13:15:22  INFO      MT5Executor: SIMULATION: Modified SL for position 12345: 150.0
2026-03-28 13:15:22  INFO      TradingGraph: Running agents for NASDAQ:NVDA
2026-03-28 13:15:22  INFO      TradingGraph: Completed 14 agents
2026-03-28 13:15:22  INFO      TradingGraph: Fusing timeframe signals
2026-03-28 13:15:22  INFO      TradingGraph: Fusion: L=-0.615(csns=1.00), M=-0.421(csns=1.00), S=0.022(csns=0.60), align_str=0.000
2026-03-28 13:15:22  INFO      TradingRunner: EXIT [NASDAQ:NVDA #12345 BUY  pnl=+200.00] — D1 flipped bearish (-0.615)
2026-03-28 13:15:22  INFO      MT5Executor: SIMULATION: Closed position 12345
2026-03-28 13:15:52  INFO      TradingRunner: [WATCHDOG] alive | equity=100200.0 | cycle=5 | profile=risky
2026-03-28 13:16:22  INFO      MT5Executor: SIMULATION: Partial close 40% of #12345
2026-03-28 13:16:22  INFO      TrailingStopManager: [RISKY] PARTIAL TP BUY NASDAQ:NVDA #12345: 40% locked in at +1R (entry=150.00000 price=152.00000)
2026-03-28 13:16:22  INFO      TrailingStopManager: SL lock BUY  NASDAQ:NVDA #12345 [stage 1]: 148.00000 → 150.00000  (entry=150.00000 price=152.00000 1R=2.00000)
2026-03-28 13:16:22  INFO      MT5Executor: SIMULATION: Modified SL for position 12345: 150.0
2026-03-28 13:16:22  INFO      TradingGraph: Running agents for NASDAQ:NVDA
2026-03-28 13:16:22  INFO      TradingGraph: Completed 14 agents
2026-03-28 13:16:22  INFO      TradingGraph: Fusing timeframe signals
2026-03-28 13:16:22  INFO      TradingGraph: Fusion: L=-0.658(csns=1.00), M=0.526(csns=1.00), S=0.060(csns=0.75), align_str=0.000
2026-03-28 13:16:22  INFO      TradingRunner: EXIT [NASDAQ:NVDA #12345 BUY  pnl=+200.00] — D1 flipped bearish (-0.658)
2026-03-28 13:16:22  INFO      MT5Executor: SIMULATION: Closed position 12345
2026-03-28 13:17:22  INFO      MT5Executor: SIMULATION: Partial close 40% of #12345
2026-03-28 13:17:22  INFO      TrailingStopManager: [RISKY] PARTIAL TP BUY NASDAQ:NVDA #12345: 40% locked in at +1R (entry=150.00000 price=152.00000)
2026-03-28 13:17:22  INFO      TrailingStopManager: SL lock BUY  NASDAQ:NVDA #12345 [stage 1]: 148.00000 → 150.00000  (entry=150.00000 price=152.00000 1R=2.00000)
2026-03-28 13:17:22  INFO      MT5Executor: SIMULATION: Modified SL for position 12345: 150.0
2026-03-28 13:17:22  INFO      TradingGraph: Running agents for NASDAQ:NVDA
2026-03-28 13:17:22  INFO      TradingGraph: Completed 14 agents
2026-03-28 13:17:22  INFO      TradingGraph: Fusing timeframe signals
2026-03-28 13:17:22  INFO      TradingGraph: Fusion: L=-0.622(csns=1.00), M=0.006(csns=0.50), S=0.046(csns=0.80), align_str=0.000
2026-03-28 13:17:22  INFO      TradingRunner: EXIT [NASDAQ:NVDA #12345 BUY  pnl=+200.00] — D1 flipped bearish (-0.622)
2026-03-28 13:17:22  INFO      MT5Executor: SIMULATION: Closed position 12345
2026-03-28 13:18:22  INFO      MT5Executor: SIMULATION: Partial close 40% of #12345
2026-03-28 13:18:22  INFO      TrailingStopManager: [RISKY] PARTIAL TP BUY NASDAQ:NVDA #12345: 40% locked in at +1R (entry=150.00000 price=152.00000)
2026-03-28 13:18:22  INFO      TrailingStopManager: SL lock BUY  NASDAQ:NVDA #12345 [stage 1]: 148.00000 → 150.00000  (entry=150.00000 price=152.00000 1R=2.00000)
2026-03-28 13:18:22  INFO      MT5Executor: SIMULATION: Modified SL for position 12345: 150.0
2026-03-28 13:18:22  INFO      TradingGraph: Running agents for NASDAQ:NVDA
2026-03-28 13:18:22  INFO      TradingGraph: Completed 14 agents
2026-03-28 13:18:22  INFO      TradingGraph: Fusing timeframe signals
2026-03-28 13:18:22  INFO      TradingGraph: Fusion: L=-0.622(csns=1.00), M=0.006(csns=0.50), S=0.046(csns=0.80), align_str=0.000
2026-03-28 13:18:22  INFO      TradingRunner: EXIT [NASDAQ:NVDA #12345 BUY  pnl=+200.00] — D1 flipped bearish (-0.622)
2026-03-28 13:18:22  INFO      MT5Executor: SIMULATION: Closed position 12345
2026-03-28 13:18:25  WARNING   TradingRunner: Max daily trades (6) reached — no further entries today
2026-03-28 13:18:25  INFO      TradingRunner: PnL — unrealized: +200.00  realized today: +0.00  total: +200.00
2026-03-28 13:18:25  INFO      TradingRunner: Signal cycle done in 3.6s — sleeping 296s
2026-03-28 13:19:22  INFO      MT5Executor: SIMULATION: Partial close 40% of #12345
2026-03-28 13:19:22  INFO      TrailingStopManager: [RISKY] PARTIAL TP BUY NASDAQ:NVDA #12345: 40% locked in at +1R (entry=150.00000 price=152.00000)
2026-03-28 13:19:22  INFO      TrailingStopManager: SL lock BUY  NASDAQ:NVDA #12345 [stage 1]: 148.00000 → 150.00000  (entry=150.00000 price=152.00000 1R=2.00000)
2026-03-28 13:19:22  INFO      MT5Executor: SIMULATION: Modified SL for position 12345: 150.0
2026-03-28 13:19:22  INFO      TradingGraph: Running agents for NASDAQ:NVDA
2026-03-28 13:19:22  INFO      TradingGraph: Completed 14 agents
2026-03-28 13:19:22  INFO      TradingGraph: Fusing timeframe signals
2026-03-28 13:19:22  INFO      TradingGraph: Fusion: L=-0.664(csns=1.00), M=-0.507(csns=1.00), S=-0.061(csns=0.50), align_str=0.274
2026-03-28 13:19:22  INFO      TradingRunner: EXIT [NASDAQ:NVDA #12345 BUY  pnl=+200.00] — D1 flipped bearish (-0.664)
2026-03-28 13:19:22  INFO      MT5Executor: SIMULATION: Closed position 12345
2026-03-28 13:20:22  INFO      MT5Executor: SIMULATION: Partial close 40% of #12345
2026-03-28 13:20:22  INFO      TrailingStopManager: [RISKY] PARTIAL TP BUY NASDAQ:NVDA #12345: 40% locked in at +1R (entry=150.00000 price=152.00000)
2026-03-28 13:20:22  INFO      TrailingStopManager: SL lock BUY  NASDAQ:NVDA #12345 [stage 1]: 148.00000 → 150.00000  (entry=150.00000 price=152.00000 1R=2.00000)
2026-03-28 13:20:22  INFO      MT5Executor: SIMULATION: Modified SL for position 12345: 150.0
2026-03-28 13:20:22  INFO      TradingGraph: Running agents for NASDAQ:NVDA
2026-03-28 13:20:22  INFO      TradingGraph: Completed 14 agents
2026-03-28 13:20:22  INFO      TradingGraph: Fusing timeframe signals
2026-03-28 13:20:22  INFO      TradingGraph: Fusion: L=-0.622(csns=1.00), M=0.006(csns=0.50), S=0.046(csns=0.80), align_str=0.000
2026-03-28 13:20:22  INFO      TradingRunner: EXIT [NASDAQ:NVDA #12345 BUY  pnl=+200.00] — D1 flipped bearish (-0.622)
2026-03-28 13:20:22  INFO      MT5Executor: SIMULATION: Closed position 12345
2026-03-28 13:21:22  INFO      MT5Executor: SIMULATION: Partial close 40% of #12345
2026-03-28 13:21:22  INFO      TrailingStopManager: [RISKY] PARTIAL TP BUY NASDAQ:NVDA #12345: 40% locked in at +1R (entry=150.00000 price=152.00000)
2026-03-28 13:21:22  INFO      TrailingStopManager: SL lock BUY  NASDAQ:NVDA #12345 [stage 1]: 148.00000 → 150.00000  (entry=150.00000 price=152.00000 1R=2.00000)
2026-03-28 13:21:22  INFO      MT5Executor: SIMULATION: Modified SL for position 12345: 150.0
2026-03-28 13:21:22  INFO      TradingGraph: Running agents for NASDAQ:NVDA
2026-03-28 13:21:22  INFO      TradingGraph: Completed 14 agents
2026-03-28 13:21:22  INFO      TradingGraph: Fusing timeframe signals
2026-03-28 13:21:22  INFO      TradingGraph: Fusion: L=-0.611(csns=1.00), M=-0.347(csns=1.00), S=0.074(csns=0.75), align_str=0.000
2026-03-28 13:21:22  INFO      TradingRunner: EXIT [NASDAQ:NVDA #12345 BUY  pnl=+200.00] — D1 flipped bearish (-0.611)
2026-03-28 13:21:22  INFO      MT5Executor: SIMULATION: Closed position 12345
2026-03-28 13:22:22  INFO      MT5Executor: SIMULATION: Partial close 40% of #12345
2026-03-28 13:22:22  INFO      TrailingStopManager: [RISKY] PARTIAL TP BUY NASDAQ:NVDA #12345: 40% locked in at +1R (entry=150.00000 price=152.00000)
2026-03-28 13:22:22  INFO      TrailingStopManager: SL lock BUY  NASDAQ:NVDA #12345 [stage 1]: 148.00000 → 150.00000  (entry=150.00000 price=152.00000 1R=2.00000)
2026-03-28 13:22:22  INFO      MT5Executor: SIMULATION: Modified SL for position 12345: 150.0
2026-03-28 13:22:22  INFO      TradingGraph: Running agents for NASDAQ:NVDA
2026-03-28 13:22:22  INFO      TradingGraph: Completed 14 agents
2026-03-28 13:22:22  INFO      TradingGraph: Fusing timeframe signals
2026-03-28 13:22:22  INFO      TradingGraph: Fusion: L=-0.622(csns=1.00), M=0.006(csns=0.50), S=0.046(csns=0.80), align_str=0.000
2026-03-28 13:22:22  INFO      TradingRunner: EXIT [NASDAQ:NVDA #12345 BUY  pnl=+200.00] — D1 flipped bearish (-0.622)
2026-03-28 13:22:22  INFO      MT5Executor: SIMULATION: Closed position 12345
2026-03-28 13:23:23  INFO      MT5Executor: SIMULATION: Partial close 40% of #12345
2026-03-28 13:23:23  INFO      TrailingStopManager: [RISKY] PARTIAL TP BUY NASDAQ:NVDA #12345: 40% locked in at +1R (entry=150.00000 price=152.00000)
2026-03-28 13:23:23  INFO      TrailingStopManager: SL lock BUY  NASDAQ:NVDA #12345 [stage 1]: 148.00000 → 150.00000  (entry=150.00000 price=152.00000 1R=2.00000)
2026-03-28 13:23:23  INFO      MT5Executor: SIMULATION: Modified SL for position 12345: 150.0
2026-03-28 13:23:23  INFO      TradingGraph: Running agents for NASDAQ:NVDA
2026-03-28 13:23:23  INFO      TradingGraph: Completed 14 agents
2026-03-28 13:23:23  INFO      TradingGraph: Fusing timeframe signals
2026-03-28 13:23:23  INFO      TradingGraph: Fusion: L=-0.619(csns=1.00), M=0.001(csns=0.33), S=0.045(csns=0.40), align_str=0.000
2026-03-28 13:23:23  INFO      TradingRunner: EXIT [NASDAQ:NVDA #12345 BUY  pnl=+200.00] — D1 flipped bearish (-0.619)
2026-03-28 13:23:23  INFO      MT5Executor: SIMULATION: Closed position 12345
2026-03-28 13:23:25  WARNING   TradingRunner: Max daily trades (6) reached — no further entries today
2026-03-28 13:23:25  INFO      TradingRunner: PnL — unrealized: +200.00  realized today: +0.00  total: +200.00
2026-03-28 13:23:25  INFO      TradingRunner: Signal cycle done in 3.4s — sleeping 297s
2026-03-28 13:24:22  INFO      MT5Executor: SIMULATION: Partial close 40% of #12345
2026-03-28 13:24:22  INFO      TrailingStopManager: [RISKY] PARTIAL TP BUY NASDAQ:NVDA #12345: 40% locked in at +1R (entry=150.00000 price=152.00000)
2026-03-28 13:24:22  INFO      TrailingStopManager: SL lock BUY  NASDAQ:NVDA #12345 [stage 1]: 148.00000 → 150.00000  (entry=150.00000 price=152.00000 1R=2.00000)
2026-03-28 13:24:22  INFO      MT5Executor: SIMULATION: Modified SL for position 12345: 150.0
2026-03-28 13:24:22  INFO      TradingGraph: Running agents for NASDAQ:NVDA
2026-03-28 13:24:22  INFO      TradingGraph: Completed 14 agents
2026-03-28 13:24:22  INFO      TradingGraph: Fusing timeframe signals
2026-03-28 13:24:22  INFO      TradingGraph: Fusion: L=-0.619(csns=1.00), M=0.001(csns=0.33), S=0.045(csns=0.40), align_str=0.000
2026-03-28 13:24:22  INFO      TradingRunner: EXIT [NASDAQ:NVDA #12345 BUY  pnl=+200.00] — D1 flipped bearish (-0.619)
2026-03-28 13:24:22  INFO      MT5Executor: SIMULATION: Closed position 12345
2026-03-28 13:25:22  INFO      MT5Executor: SIMULATION: Partial close 40% of #12345
2026-03-28 13:25:22  INFO      TrailingStopManager: [RISKY] PARTIAL TP BUY NASDAQ:NVDA #12345: 40% locked in at +1R (entry=150.00000 price=152.00000)
2026-03-28 13:25:22  INFO      TrailingStopManager: SL lock BUY  NASDAQ:NVDA #12345 [stage 1]: 148.00000 → 150.00000  (entry=150.00000 price=152.00000 1R=2.00000)
2026-03-28 13:25:22  INFO      MT5Executor: SIMULATION: Modified SL for position 12345: 150.0
2026-03-28 13:25:22  INFO      TradingGraph: Running agents for NASDAQ:NVDA
2026-03-28 13:25:22  INFO      TradingGraph: Completed 14 agents
2026-03-28 13:25:22  INFO      TradingGraph: Fusing timeframe signals
2026-03-28 13:25:22  INFO      TradingGraph: Fusion: L=-0.622(csns=1.00), M=0.005(csns=0.50), S=0.037(csns=0.40), align_str=0.000
2026-03-28 13:25:22  INFO      TradingRunner: EXIT [NASDAQ:NVDA #12345 BUY  pnl=+200.00] — D1 flipped bearish (-0.622)
2026-03-28 13:25:22  INFO      MT5Executor: SIMULATION: Closed position 12345
2026-03-28 13:26:22  INFO      MT5Executor: SIMULATION: Partial close 40% of #12345
2026-03-28 13:26:22  INFO      TrailingStopManager: [RISKY] PARTIAL TP BUY NASDAQ:NVDA #12345: 40% locked in at +1R (entry=150.00000 price=152.00000)
2026-03-28 13:26:22  INFO      TrailingStopManager: SL lock BUY  NASDAQ:NVDA #12345 [stage 1]: 148.00000 → 150.00000  (entry=150.00000 price=152.00000 1R=2.00000)
2026-03-28 13:26:22  INFO      MT5Executor: SIMULATION: Modified SL for position 12345: 150.0
2026-03-28 13:26:22  INFO      TradingGraph: Running agents for NASDAQ:NVDA
2026-03-28 13:26:22  INFO      TradingGraph: Completed 14 agents
2026-03-28 13:26:22  INFO      TradingGraph: Fusing timeframe signals
2026-03-28 13:26:22  INFO      TradingGraph: Fusion: L=-0.648(csns=1.00), M=0.427(csns=1.00), S=0.043(csns=0.40), align_str=0.000
2026-03-28 13:26:22  INFO      TradingRunner: EXIT [NASDAQ:NVDA #12345 BUY  pnl=+200.00] — D1 flipped bearish (-0.648)
2026-03-28 13:26:22  INFO      MT5Executor: SIMULATION: Closed position 12345
2026-03-28 13:26:23  INFO      TradingRunner: [WATCHDOG] alive | equity=100200.0 | cycle=7 | profile=risky
2026-03-28 13:27:22  INFO      MT5Executor: SIMULATION: Partial close 40% of #12345
2026-03-28 13:27:22  INFO      TrailingStopManager: [RISKY] PARTIAL TP BUY NASDAQ:NVDA #12345: 40% locked in at +1R (entry=150.00000 price=152.00000)
2026-03-28 13:27:22  INFO      TrailingStopManager: SL lock BUY  NASDAQ:NVDA #12345 [stage 1]: 148.00000 → 150.00000  (entry=150.00000 price=152.00000 1R=2.00000)
2026-03-28 13:27:22  INFO      MT5Executor: SIMULATION: Modified SL for position 12345: 150.0
2026-03-28 13:27:22  INFO      TradingGraph: Running agents for NASDAQ:NVDA
2026-03-28 13:27:22  INFO      TradingGraph: Completed 14 agents
2026-03-28 13:27:22  INFO      TradingGraph: Fusing timeframe signals
2026-03-28 13:27:22  INFO      TradingGraph: Fusion: L=-0.622(csns=1.00), M=-0.004(csns=0.50), S=0.146(csns=0.75), align_str=0.000
2026-03-28 13:27:22  INFO      TradingRunner: EXIT [NASDAQ:NVDA #12345 BUY  pnl=+200.00] — D1 flipped bearish (-0.622)
2026-03-28 13:27:22  INFO      MT5Executor: SIMULATION: Closed position 12345
2026-03-28 13:28:23  INFO      MT5Executor: SIMULATION: Partial close 40% of #12345
2026-03-28 13:28:23  INFO      TrailingStopManager: [RISKY] PARTIAL TP BUY NASDAQ:NVDA #12345: 40% locked in at +1R (entry=150.00000 price=152.00000)
2026-03-28 13:28:23  INFO      TrailingStopManager: SL lock BUY  NASDAQ:NVDA #12345 [stage 1]: 148.00000 → 150.00000  (entry=150.00000 price=152.00000 1R=2.00000)
2026-03-28 13:28:23  INFO      MT5Executor: SIMULATION: Modified SL for position 12345: 150.0
2026-03-28 13:28:23  INFO      TradingGraph: Running agents for NASDAQ:NVDA
2026-03-28 13:28:23  INFO      TradingGraph: Completed 14 agents
2026-03-28 13:28:23  INFO      TradingGraph: Fusing timeframe signals
2026-03-28 13:28:23  INFO      TradingGraph: Fusion: L=-0.657(csns=1.00), M=0.364(csns=0.67), S=0.027(csns=0.80), align_str=0.000
2026-03-28 13:28:23  INFO      TradingRunner: EXIT [NASDAQ:NVDA #12345 BUY  pnl=+200.00] — D1 flipped bearish (-0.657)
2026-03-28 13:28:23  INFO      MT5Executor: SIMULATION: Closed position 12345
2026-03-28 13:28:25  WARNING   TradingRunner: Max daily trades (6) reached — no further entries today
2026-03-28 13:28:25  INFO      TradingRunner: PnL — unrealized: +200.00  realized today: +0.00  total: +200.00
2026-03-28 13:28:25  INFO      TradingRunner: Signal cycle done in 2.9s — sleeping 297s
2026-03-28 13:29:22  INFO      MT5Executor: SIMULATION: Partial close 40% of #12345
2026-03-28 13:29:22  INFO      TrailingStopManager: [RISKY] PARTIAL TP BUY NASDAQ:NVDA #12345: 40% locked in at +1R (entry=150.00000 price=152.00000)
2026-03-28 13:29:22  INFO      TrailingStopManager: SL lock BUY  NASDAQ:NVDA #12345 [stage 1]: 148.00000 → 150.00000  (entry=150.00000 price=152.00000 1R=2.00000)
2026-03-28 13:29:22  INFO      MT5Executor: SIMULATION: Modified SL for position 12345: 150.0
2026-03-28 13:29:22  INFO      TradingGraph: Running agents for NASDAQ:NVDA
2026-03-28 13:29:22  INFO      TradingGraph: Completed 14 agents
2026-03-28 13:29:22  INFO      TradingGraph: Fusing timeframe signals
2026-03-28 13:29:22  INFO      TradingGraph: Fusion: L=-0.648(csns=1.00), M=0.289(csns=0.67), S=-0.035(csns=0.40), align_str=0.000
2026-03-28 13:29:22  INFO      TradingRunner: EXIT [NASDAQ:NVDA #12345 BUY  pnl=+200.00] — D1 flipped bearish (-0.648)
2026-03-28 13:29:22  INFO      MT5Executor: SIMULATION: Closed position 12345
2026-03-28 13:30:22  INFO      MT5Executor: SIMULATION: Partial close 40% of #12345
2026-03-28 13:30:22  INFO      TrailingStopManager: [RISKY] PARTIAL TP BUY NASDAQ:NVDA #12345: 40% locked in at +1R (entry=150.00000 price=152.00000)
2026-03-28 13:30:22  INFO      TrailingStopManager: SL lock BUY  NASDAQ:NVDA #12345 [stage 1]: 148.00000 → 150.00000  (entry=150.00000 price=152.00000 1R=2.00000)
2026-03-28 13:30:22  INFO      MT5Executor: SIMULATION: Modified SL for position 12345: 150.0
2026-03-28 13:30:23  INFO      TradingGraph: Running agents for NASDAQ:NVDA
2026-03-28 13:30:23  INFO      TradingGraph: Completed 14 agents
2026-03-28 13:30:23  INFO      TradingGraph: Fusing timeframe signals
2026-03-28 13:30:23  INFO      TradingGraph: Fusion: L=-0.622(csns=1.00), M=-0.004(csns=0.50), S=0.145(csns=0.75), align_str=0.000
2026-03-28 13:30:23  INFO      TradingRunner: EXIT [NASDAQ:NVDA #12345 BUY  pnl=+200.00] — D1 flipped bearish (-0.622)
2026-03-28 13:30:23  INFO      MT5Executor: SIMULATION: Closed position 12345
2026-03-28 13:31:22  INFO      MT5Executor: SIMULATION: Partial close 40% of #12345
2026-03-28 13:31:22  INFO      TrailingStopManager: [RISKY] PARTIAL TP BUY NASDAQ:NVDA #12345: 40% locked in at +1R (entry=150.00000 price=152.00000)
2026-03-28 13:31:22  INFO      TrailingStopManager: SL lock BUY  NASDAQ:NVDA #12345 [stage 1]: 148.00000 → 150.00000  (entry=150.00000 price=152.00000 1R=2.00000)
2026-03-28 13:31:22  INFO      MT5Executor: SIMULATION: Modified SL for position 12345: 150.0
2026-03-28 13:31:23  INFO      TradingGraph: Running agents for NASDAQ:NVDA
2026-03-28 13:31:23  INFO      TradingGraph: Completed 14 agents
2026-03-28 13:31:23  INFO      TradingGraph: Fusing timeframe signals
2026-03-28 13:31:23  INFO      TradingGraph: Fusion: L=-0.610(csns=1.00), M=-0.215(csns=0.50), S=0.015(csns=0.71), align_str=0.000
2026-03-28 13:31:23  INFO      TradingRunner: EXIT [NASDAQ:NVDA #12345 BUY  pnl=+200.00] — D1 flipped bearish (-0.610)
2026-03-28 13:31:23  INFO      MT5Executor: SIMULATION: Closed position 12345
2026-03-28 13:32:22  INFO      MT5Executor: SIMULATION: Partial close 40% of #12345
2026-03-28 13:32:22  INFO      TrailingStopManager: [RISKY] PARTIAL TP BUY NASDAQ:NVDA #12345: 40% locked in at +1R (entry=150.00000 price=152.00000)
2026-03-28 13:32:22  INFO      TrailingStopManager: SL lock BUY  NASDAQ:NVDA #12345 [stage 1]: 148.00000 → 150.00000  (entry=150.00000 price=152.00000 1R=2.00000)
2026-03-28 13:32:22  INFO      MT5Executor: SIMULATION: Modified SL for position 12345: 150.0
2026-03-28 13:32:23  INFO      TradingGraph: Running agents for NASDAQ:NVDA
2026-03-28 13:32:23  INFO      TradingGraph: Completed 14 agents
2026-03-28 13:32:23  INFO      TradingGraph: Fusing timeframe signals
2026-03-28 13:32:23  INFO      TradingGraph: Fusion: L=-0.653(csns=1.00), M=-0.114(csns=1.00), S=-0.069(csns=0.50), align_str=0.172
2026-03-28 13:32:23  INFO      TradingRunner: EXIT [NASDAQ:NVDA #12345 BUY  pnl=+200.00] — D1 flipped bearish (-0.653)
2026-03-28 13:32:23  INFO      MT5Executor: SIMULATION: Closed position 12345
2026-03-28 13:33:23  INFO      MT5Executor: SIMULATION: Partial close 40% of #12345
2026-03-28 13:33:23  INFO      TrailingStopManager: [RISKY] PARTIAL TP BUY NASDAQ:NVDA #12345: 40% locked in at +1R (entry=150.00000 price=152.00000)
2026-03-28 13:33:23  INFO      TrailingStopManager: SL lock BUY  NASDAQ:NVDA #12345 [stage 1]: 148.00000 → 150.00000  (entry=150.00000 price=152.00000 1R=2.00000)
2026-03-28 13:33:23  INFO      MT5Executor: SIMULATION: Modified SL for position 12345: 150.0
2026-03-28 13:33:23  INFO      TradingGraph: Running agents for NASDAQ:NVDA
2026-03-28 13:33:23  INFO      TradingGraph: Completed 14 agents
2026-03-28 13:33:23  INFO      TradingGraph: Fusing timeframe signals
2026-03-28 13:33:23  INFO      TradingGraph: Fusion: L=-0.619(csns=1.00), M=0.001(csns=0.33), S=0.044(csns=0.40), align_str=0.000
2026-03-28 13:33:23  INFO      TradingRunner: EXIT [NASDAQ:NVDA #12345 BUY  pnl=+200.00] — D1 flipped bearish (-0.619)
2026-03-28 13:33:23  INFO      MT5Executor: SIMULATION: Closed position 12345
2026-03-28 13:33:25  WARNING   TradingRunner: Max daily trades (6) reached — no further entries today
2026-03-28 13:33:25  INFO      TradingRunner: PnL — unrealized: +200.00  realized today: +0.00  total: +200.00
2026-03-28 13:33:25  INFO      TradingRunner: Signal cycle done in 3.2s — sleeping 297s
2026-03-28 13:34:22  INFO      MT5Executor: SIMULATION: Partial close 40% of #12345
2026-03-28 13:34:22  INFO      TrailingStopManager: [RISKY] PARTIAL TP BUY NASDAQ:NVDA #12345: 40% locked in at +1R (entry=150.00000 price=152.00000)
2026-03-28 13:34:22  INFO      TrailingStopManager: SL lock BUY  NASDAQ:NVDA #12345 [stage 1]: 148.00000 → 150.00000  (entry=150.00000 price=152.00000 1R=2.00000)
2026-03-28 13:34:22  INFO      MT5Executor: SIMULATION: Modified SL for position 12345: 150.0
2026-03-28 13:34:23  INFO      TradingGraph: Running agents for NASDAQ:NVDA
2026-03-28 13:34:23  INFO      TradingGraph: Completed 14 agents
2026-03-28 13:34:23  INFO      TradingGraph: Fusing timeframe signals
2026-03-28 13:34:23  INFO      TradingGraph: Fusion: L=-0.648(csns=1.00), M=0.289(csns=0.67), S=-0.036(csns=0.40), align_str=0.000
2026-03-28 13:34:23  INFO      TradingRunner: EXIT [NASDAQ:NVDA #12345 BUY  pnl=+200.00] — D1 flipped bearish (-0.648)
2026-03-28 13:34:23  INFO      MT5Executor: SIMULATION: Closed position 12345
2026-03-28 13:35:23  INFO      MT5Executor: SIMULATION: Partial close 40% of #12345
2026-03-28 13:35:23  INFO      TrailingStopManager: [RISKY] PARTIAL TP BUY NASDAQ:NVDA #12345: 40% locked in at +1R (entry=150.00000 price=152.00000)
2026-03-28 13:35:23  INFO      TrailingStopManager: SL lock BUY  NASDAQ:NVDA #12345 [stage 1]: 148.00000 → 150.00000  (entry=150.00000 price=152.00000 1R=2.00000)
2026-03-28 13:35:23  INFO      MT5Executor: SIMULATION: Modified SL for position 12345: 150.0
2026-03-28 13:35:23  INFO      TradingGraph: Running agents for NASDAQ:NVDA
2026-03-28 13:35:23  INFO      TradingGraph: Completed 14 agents
2026-03-28 13:35:23  INFO      TradingGraph: Fusing timeframe signals
2026-03-28 13:35:23  INFO      TradingGraph: Fusion: L=-0.615(csns=1.00), M=-0.421(csns=1.00), S=0.040(csns=0.75), align_str=0.000
2026-03-28 13:35:23  INFO      TradingRunner: EXIT [NASDAQ:NVDA #12345 BUY  pnl=+200.00] — D1 flipped bearish (-0.615)
2026-03-28 13:35:23  INFO      MT5Executor: SIMULATION: Closed position 12345
2026-03-28 13:36:23  INFO      MT5Executor: SIMULATION: Partial close 40% of #12345
2026-03-28 13:36:23  INFO      TrailingStopManager: [RISKY] PARTIAL TP BUY NASDAQ:NVDA #12345: 40% locked in at +1R (entry=150.00000 price=152.00000)
2026-03-28 13:36:23  INFO      TrailingStopManager: SL lock BUY  NASDAQ:NVDA #12345 [stage 1]: 148.00000 → 150.00000  (entry=150.00000 price=152.00000 1R=2.00000)
2026-03-28 13:36:23  INFO      MT5Executor: SIMULATION: Modified SL for position 12345: 150.0
2026-03-28 13:36:23  INFO      TradingGraph: Running agents for NASDAQ:NVDA
2026-03-28 13:36:23  INFO      TradingGraph: Completed 14 agents
2026-03-28 13:36:23  INFO      TradingGraph: Fusing timeframe signals
2026-03-28 13:36:23  INFO      TradingGraph: Fusion: L=-0.615(csns=1.00), M=0.009(csns=0.50), S=0.028(csns=0.33), align_str=0.000
2026-03-28 13:36:23  INFO      TradingRunner: EXIT [NASDAQ:NVDA #12345 BUY  pnl=+200.00] — D1 flipped bearish (-0.615)
2026-03-28 13:36:23  INFO      MT5Executor: SIMULATION: Closed position 12345
2026-03-28 13:36:53  INFO      TradingRunner: [WATCHDOG] alive | equity=100200.0 | cycle=9 | profile=risky
2026-03-28 13:37:23  INFO      MT5Executor: SIMULATION: Partial close 40% of #12345
2026-03-28 13:37:23  INFO      TrailingStopManager: [RISKY] PARTIAL TP BUY NASDAQ:NVDA #12345: 40% locked in at +1R (entry=150.00000 price=152.00000)
2026-03-28 13:37:23  INFO      TrailingStopManager: SL lock BUY  NASDAQ:NVDA #12345 [stage 1]: 148.00000 → 150.00000  (entry=150.00000 price=152.00000 1R=2.00000)
2026-03-28 13:37:23  INFO      MT5Executor: SIMULATION: Modified SL for position 12345: 150.0
2026-03-28 13:37:23  INFO      TradingGraph: Running agents for NASDAQ:NVDA
2026-03-28 13:37:23  INFO      TradingGraph: Completed 14 agents
2026-03-28 13:37:23  INFO      TradingGraph: Fusing timeframe signals
2026-03-28 13:37:23  INFO      TradingGraph: Fusion: L=-0.619(csns=1.00), M=0.001(csns=0.33), S=0.044(csns=0.40), align_str=0.000
2026-03-28 13:37:23  INFO      TradingRunner: EXIT [NASDAQ:NVDA #12345 BUY  pnl=+200.00] — D1 flipped bearish (-0.619)
2026-03-28 13:37:23  INFO      MT5Executor: SIMULATION: Closed position 12345
2026-03-28 13:38:23  INFO      MT5Executor: SIMULATION: Partial close 40% of #12345
2026-03-28 13:38:23  INFO      TrailingStopManager: [RISKY] PARTIAL TP BUY NASDAQ:NVDA #12345: 40% locked in at +1R (entry=150.00000 price=152.00000)
2026-03-28 13:38:23  INFO      TrailingStopManager: SL lock BUY  NASDAQ:NVDA #12345 [stage 1]: 148.00000 → 150.00000  (entry=150.00000 price=152.00000 1R=2.00000)
2026-03-28 13:38:23  INFO      MT5Executor: SIMULATION: Modified SL for position 12345: 150.0
2026-03-28 13:38:23  INFO      TradingGraph: Running agents for NASDAQ:NVDA
2026-03-28 13:38:23  INFO      TradingGraph: Completed 14 agents
2026-03-28 13:38:23  INFO      TradingGraph: Fusing timeframe signals
2026-03-28 13:38:23  INFO      TradingGraph: Fusion: L=-0.634(csns=1.00), M=0.269(csns=1.00), S=0.036(csns=0.75), align_str=0.000
2026-03-28 13:38:23  INFO      TradingRunner: EXIT [NASDAQ:NVDA #12345 BUY  pnl=+200.00] — D1 flipped bearish (-0.634)
2026-03-28 13:38:23  INFO      MT5Executor: SIMULATION: Closed position 12345
2026-03-28 13:38:25  WARNING   TradingRunner: Max daily trades (6) reached — no further entries today
2026-03-28 13:38:25  INFO      TradingRunner: PnL — unrealized: +200.00  realized today: +0.00  total: +200.00
2026-03-28 13:38:25  INFO      TradingRunner: Signal cycle done in 3.3s — sleeping 297s
2026-03-28 13:39:23  INFO      MT5Executor: SIMULATION: Partial close 40% of #12345
2026-03-28 13:39:23  INFO      TrailingStopManager: [RISKY] PARTIAL TP BUY NASDAQ:NVDA #12345: 40% locked in at +1R (entry=150.00000 price=152.00000)
2026-03-28 13:39:23  INFO      TrailingStopManager: SL lock BUY  NASDAQ:NVDA #12345 [stage 1]: 148.00000 → 150.00000  (entry=150.00000 price=152.00000 1R=2.00000)
2026-03-28 13:39:23  INFO      MT5Executor: SIMULATION: Modified SL for position 12345: 150.0
2026-03-28 13:39:23  INFO      TradingGraph: Running agents for NASDAQ:NVDA
2026-03-28 13:39:23  INFO      TradingGraph: Completed 14 agents
2026-03-28 13:39:23  INFO      TradingGraph: Fusing timeframe signals
2026-03-28 13:39:23  INFO      TradingGraph: Fusion: L=-0.653(csns=1.00), M=-0.114(csns=1.00), S=-0.069(csns=0.50), align_str=0.172
2026-03-28 13:39:23  INFO      TradingRunner: EXIT [NASDAQ:NVDA #12345 BUY  pnl=+200.00] — D1 flipped bearish (-0.653)
2026-03-28 13:39:23  INFO      MT5Executor: SIMULATION: Closed position 12345
2026-03-28 13:40:23  INFO      MT5Executor: SIMULATION: Partial close 40% of #12345
2026-03-28 13:40:23  INFO      TrailingStopManager: [RISKY] PARTIAL TP BUY NASDAQ:NVDA #12345: 40% locked in at +1R (entry=150.00000 price=152.00000)
2026-03-28 13:40:23  INFO      TrailingStopManager: SL lock BUY  NASDAQ:NVDA #12345 [stage 1]: 148.00000 → 150.00000  (entry=150.00000 price=152.00000 1R=2.00000)
2026-03-28 13:40:23  INFO      MT5Executor: SIMULATION: Modified SL for position 12345: 150.0
2026-03-28 13:40:23  INFO      TradingGraph: Running agents for NASDAQ:NVDA
2026-03-28 13:40:23  INFO      TradingGraph: Completed 14 agents
2026-03-28 13:40:23  INFO      TradingGraph: Fusing timeframe signals
2026-03-28 13:40:23  INFO      TradingGraph: Fusion: L=-0.648(csns=1.00), M=0.427(csns=1.00), S=0.042(csns=0.40), align_str=0.000
2026-03-28 13:40:23  INFO      TradingRunner: EXIT [NASDAQ:NVDA #12345 BUY  pnl=+200.00] — D1 flipped bearish (-0.648)
2026-03-28 13:40:23  INFO      MT5Executor: SIMULATION: Closed position 12345
2026-03-28 13:41:23  INFO      MT5Executor: SIMULATION: Partial close 40% of #12345
2026-03-28 13:41:23  INFO      TrailingStopManager: [RISKY] PARTIAL TP BUY NASDAQ:NVDA #12345: 40% locked in at +1R (entry=150.00000 price=152.00000)
2026-03-28 13:41:23  INFO      TrailingStopManager: SL lock BUY  NASDAQ:NVDA #12345 [stage 1]: 148.00000 → 150.00000  (entry=150.00000 price=152.00000 1R=2.00000)
2026-03-28 13:41:23  INFO      MT5Executor: SIMULATION: Modified SL for position 12345: 150.0
2026-03-28 13:41:23  INFO      TradingGraph: Running agents for NASDAQ:NVDA
2026-03-28 13:41:23  INFO      TradingGraph: Completed 14 agents
2026-03-28 13:41:23  INFO      TradingGraph: Fusing timeframe signals
2026-03-28 13:41:23  INFO      TradingGraph: Fusion: L=-0.611(csns=1.00), M=-0.350(csns=1.00), S=0.079(csns=0.75), align_str=0.000
2026-03-28 13:41:23  INFO      TradingRunner: EXIT [NASDAQ:NVDA #12345 BUY  pnl=+200.00] — D1 flipped bearish (-0.611)
2026-03-28 13:41:23  INFO      MT5Executor: SIMULATION: Closed position 12345
2026-03-28 13:42:23  INFO      MT5Executor: SIMULATION: Partial close 40% of #12345
2026-03-28 13:42:23  INFO      TrailingStopManager: [RISKY] PARTIAL TP BUY NASDAQ:NVDA #12345: 40% locked in at +1R (entry=150.00000 price=152.00000)
2026-03-28 13:42:23  INFO      TrailingStopManager: SL lock BUY  NASDAQ:NVDA #12345 [stage 1]: 148.00000 → 150.00000  (entry=150.00000 price=152.00000 1R=2.00000)
2026-03-28 13:42:23  INFO      MT5Executor: SIMULATION: Modified SL for position 12345: 150.0
2026-03-28 13:42:23  INFO      TradingGraph: Running agents for NASDAQ:NVDA
2026-03-28 13:42:23  INFO      TradingGraph: Completed 14 agents
2026-03-28 13:42:23  INFO      TradingGraph: Fusing timeframe signals
2026-03-28 13:42:23  INFO      TradingGraph: Fusion: L=-0.622(csns=1.00), M=0.005(csns=0.50), S=0.038(csns=0.40), align_str=0.000
2026-03-28 13:42:23  INFO      TradingRunner: EXIT [NASDAQ:NVDA #12345 BUY  pnl=+200.00] — D1 flipped bearish (-0.622)
2026-03-28 13:42:23  INFO      MT5Executor: SIMULATION: Closed position 12345
2026-03-28 13:43:23  INFO      MT5Executor: SIMULATION: Partial close 40% of #12345
2026-03-28 13:43:23  INFO      TrailingStopManager: [RISKY] PARTIAL TP BUY NASDAQ:NVDA #12345: 40% locked in at +1R (entry=150.00000 price=152.00000)
2026-03-28 13:43:23  INFO      TrailingStopManager: SL lock BUY  NASDAQ:NVDA #12345 [stage 1]: 148.00000 → 150.00000  (entry=150.00000 price=152.00000 1R=2.00000)
2026-03-28 13:43:23  INFO      MT5Executor: SIMULATION: Modified SL for position 12345: 150.0
2026-03-28 13:43:24  INFO      TradingGraph: Running agents for NASDAQ:NVDA
2026-03-28 13:43:24  INFO      TradingGraph: Completed 14 agents
2026-03-28 13:43:24  INFO      TradingGraph: Fusing timeframe signals
2026-03-28 13:43:24  INFO      TradingGraph: Fusion: L=-0.615(csns=1.00), M=0.009(csns=0.50), S=0.028(csns=0.33), align_str=0.000
2026-03-28 13:43:24  INFO      TradingRunner: EXIT [NASDAQ:NVDA #12345 BUY  pnl=+200.00] — D1 flipped bearish (-0.615)
2026-03-28 13:43:24  INFO      MT5Executor: SIMULATION: Closed position 12345
2026-03-28 13:43:25  WARNING   TradingRunner: Max daily trades (6) reached — no further entries today
2026-03-28 13:43:25  INFO      TradingRunner: PnL — unrealized: +200.00  realized today: +0.00  total: +200.00
2026-03-28 13:43:25  INFO      TradingRunner: Signal cycle done in 3.2s — sleeping 297s
2026-03-28 13:44:23  INFO      MT5Executor: SIMULATION: Partial close 40% of #12345
2026-03-28 13:44:23  INFO      TrailingStopManager: [RISKY] PARTIAL TP BUY NASDAQ:NVDA #12345: 40% locked in at +1R (entry=150.00000 price=152.00000)
2026-03-28 13:44:23  INFO      TrailingStopManager: SL lock BUY  NASDAQ:NVDA #12345 [stage 1]: 148.00000 → 150.00000  (entry=150.00000 price=152.00000 1R=2.00000)
2026-03-28 13:44:23  INFO      MT5Executor: SIMULATION: Modified SL for position 12345: 150.0
2026-03-28 13:44:23  INFO      TradingGraph: Running agents for NASDAQ:NVDA
2026-03-28 13:44:23  INFO      TradingGraph: Completed 14 agents
2026-03-28 13:44:23  INFO      TradingGraph: Fusing timeframe signals
2026-03-28 13:44:23  INFO      TradingGraph: Fusion: L=-0.626(csns=1.00), M=0.265(csns=1.00), S=0.016(csns=0.60), align_str=0.000
2026-03-28 13:44:23  INFO      TradingRunner: EXIT [NASDAQ:NVDA #12345 BUY  pnl=+200.00] — D1 flipped bearish (-0.626)
2026-03-28 13:44:23  INFO      MT5Executor: SIMULATION: Closed position 12345
2026-03-28 13:45:23  INFO      MT5Executor: SIMULATION: Partial close 40% of #12345
2026-03-28 13:45:23  INFO      TrailingStopManager: [RISKY] PARTIAL TP BUY NASDAQ:NVDA #12345: 40% locked in at +1R (entry=150.00000 price=152.00000)
2026-03-28 13:45:23  INFO      TrailingStopManager: SL lock BUY  NASDAQ:NVDA #12345 [stage 1]: 148.00000 → 150.00000  (entry=150.00000 price=152.00000 1R=2.00000)
2026-03-28 13:45:23  INFO      MT5Executor: SIMULATION: Modified SL for position 12345: 150.0
2026-03-28 13:45:23  INFO      TradingGraph: Running agents for NASDAQ:NVDA
2026-03-28 13:45:23  INFO      TradingGraph: Completed 14 agents
2026-03-28 13:45:23  INFO      TradingGraph: Fusing timeframe signals
2026-03-28 13:45:23  INFO      TradingGraph: Fusion: L=-0.618(csns=1.00), M=0.206(csns=1.00), S=-0.003(csns=0.40), align_str=0.000
2026-03-28 13:45:23  INFO      TradingRunner: EXIT [NASDAQ:NVDA #12345 BUY  pnl=+200.00] — D1 flipped bearish (-0.618)
2026-03-28 13:45:23  INFO      MT5Executor: SIMULATION: Closed position 12345
2026-03-28 13:46:23  INFO      MT5Executor: SIMULATION: Partial close 40% of #12345
2026-03-28 13:46:23  INFO      TrailingStopManager: [RISKY] PARTIAL TP BUY NASDAQ:NVDA #12345: 40% locked in at +1R (entry=150.00000 price=152.00000)
2026-03-28 13:46:23  INFO      TrailingStopManager: SL lock BUY  NASDAQ:NVDA #12345 [stage 1]: 148.00000 → 150.00000  (entry=150.00000 price=152.00000 1R=2.00000)
2026-03-28 13:46:23  INFO      MT5Executor: SIMULATION: Modified SL for position 12345: 150.0
2026-03-28 13:46:23  INFO      TradingGraph: Running agents for NASDAQ:NVDA
2026-03-28 13:46:23  INFO      TradingGraph: Completed 14 agents
2026-03-28 13:46:23  INFO      TradingGraph: Fusing timeframe signals
2026-03-28 13:46:23  INFO      TradingGraph: Fusion: L=-0.658(csns=1.00), M=0.526(csns=1.00), S=0.069(csns=0.75), align_str=0.000
2026-03-28 13:46:23  INFO      TradingRunner: EXIT [NASDAQ:NVDA #12345 BUY  pnl=+200.00] — D1 flipped bearish (-0.658)
2026-03-28 13:46:23  INFO      MT5Executor: SIMULATION: Closed position 12345
2026-03-28 13:47:23  INFO      MT5Executor: SIMULATION: Partial close 40% of #12345
2026-03-28 13:47:23  INFO      TrailingStopManager: [RISKY] PARTIAL TP BUY NASDAQ:NVDA #12345: 40% locked in at +1R (entry=150.00000 price=152.00000)
2026-03-28 13:47:23  INFO      TrailingStopManager: SL lock BUY  NASDAQ:NVDA #12345 [stage 1]: 148.00000 → 150.00000  (entry=150.00000 price=152.00000 1R=2.00000)
2026-03-28 13:47:23  INFO      MT5Executor: SIMULATION: Modified SL for position 12345: 150.0
2026-03-28 13:47:23  INFO      TradingGraph: Running agents for NASDAQ:NVDA
2026-03-28 13:47:23  INFO      TradingGraph: Completed 14 agents
2026-03-28 13:47:23  INFO      TradingGraph: Fusing timeframe signals
2026-03-28 13:47:23  INFO      TradingGraph: Fusion: L=-0.648(csns=1.00), M=0.289(csns=0.67), S=-0.037(csns=0.40), align_str=0.000
2026-03-28 13:47:23  INFO      TradingRunner: EXIT [NASDAQ:NVDA #12345 BUY  pnl=+200.00] — D1 flipped bearish (-0.648)
2026-03-28 13:47:23  INFO      MT5Executor: SIMULATION: Closed position 12345
2026-03-28 13:47:23  INFO      TradingRunner: [WATCHDOG] alive | equity=100200.0 | cycle=11 | profile=risky
2026-03-28 13:48:24  INFO      MT5Executor: SIMULATION: Partial close 40% of #12345
2026-03-28 13:48:24  INFO      TrailingStopManager: [RISKY] PARTIAL TP BUY NASDAQ:NVDA #12345: 40% locked in at +1R (entry=150.00000 price=152.00000)
2026-03-28 13:48:24  INFO      TrailingStopManager: SL lock BUY  NASDAQ:NVDA #12345 [stage 1]: 148.00000 → 150.00000  (entry=150.00000 price=152.00000 1R=2.00000)
2026-03-28 13:48:24  INFO      MT5Executor: SIMULATION: Modified SL for position 12345: 150.0
2026-03-28 13:48:24  INFO      TradingGraph: Running agents for NASDAQ:NVDA
2026-03-28 13:48:24  INFO      TradingGraph: Completed 14 agents
2026-03-28 13:48:24  INFO      TradingGraph: Fusing timeframe signals
2026-03-28 13:48:24  INFO      TradingGraph: Fusion: L=-0.681(csns=1.00), M=-0.011(csns=1.00), S=0.094(csns=0.60), align_str=0.000
2026-03-28 13:48:24  INFO      TradingRunner: EXIT [NASDAQ:NVDA #12345 BUY  pnl=+200.00] — D1 flipped bearish (-0.681)
2026-03-28 13:48:24  INFO      MT5Executor: SIMULATION: Closed position 12345
2026-03-28 13:48:25  WARNING   TradingRunner: Max daily trades (6) reached — no further entries today
2026-03-28 13:48:25  INFO      TradingRunner: PnL — unrealized: +200.00  realized today: +0.00  total: +200.00
2026-03-28 13:48:25  INFO      TradingRunner: Signal cycle done in 3.0s — sleeping 297s
2026-03-28 13:49:23  INFO      MT5Executor: SIMULATION: Partial close 40% of #12345
2026-03-28 13:49:23  INFO      TrailingStopManager: [RISKY] PARTIAL TP BUY NASDAQ:NVDA #12345: 40% locked in at +1R (entry=150.00000 price=152.00000)
2026-03-28 13:49:23  INFO      TrailingStopManager: SL lock BUY  NASDAQ:NVDA #12345 [stage 1]: 148.00000 → 150.00000  (entry=150.00000 price=152.00000 1R=2.00000)
2026-03-28 13:49:23  INFO      MT5Executor: SIMULATION: Modified SL for position 12345: 150.0
2026-03-28 13:49:23  INFO      TradingGraph: Running agents for NASDAQ:NVDA
2026-03-28 13:49:23  INFO      TradingGraph: Completed 14 agents
2026-03-28 13:49:23  INFO      TradingGraph: Fusing timeframe signals
2026-03-28 13:49:23  INFO      TradingGraph: Fusion: L=-0.622(csns=1.00), M=0.005(csns=0.50), S=0.042(csns=0.40), align_str=0.000
2026-03-28 13:49:23  INFO      TradingRunner: EXIT [NASDAQ:NVDA #12345 BUY  pnl=+200.00] — D1 flipped bearish (-0.622)
2026-03-28 13:49:23  INFO      MT5Executor: SIMULATION: Closed position 12345
2026-03-28 13:50:23  INFO      MT5Executor: SIMULATION: Partial close 40% of #12345
2026-03-28 13:50:23  INFO      TrailingStopManager: [RISKY] PARTIAL TP BUY NASDAQ:NVDA #12345: 40% locked in at +1R (entry=150.00000 price=152.00000)
2026-03-28 13:50:23  INFO      TrailingStopManager: SL lock BUY  NASDAQ:NVDA #12345 [stage 1]: 148.00000 → 150.00000  (entry=150.00000 price=152.00000 1R=2.00000)
2026-03-28 13:50:23  INFO      MT5Executor: SIMULATION: Modified SL for position 12345: 150.0
2026-03-28 13:50:23  INFO      TradingGraph: Running agents for NASDAQ:NVDA
2026-03-28 13:50:23  INFO      TradingGraph: Completed 14 agents
2026-03-28 13:50:23  INFO      TradingGraph: Fusing timeframe signals
2026-03-28 13:50:23  INFO      TradingGraph: Fusion: L=-0.615(csns=1.00), M=-0.421(csns=1.00), S=0.041(csns=0.75), align_str=0.000
2026-03-28 13:50:23  INFO      TradingRunner: EXIT [NASDAQ:NVDA #12345 BUY  pnl=+200.00] — D1 flipped bearish (-0.615)
2026-03-28 13:50:23  INFO      MT5Executor: SIMULATION: Closed position 12345
2026-03-28 13:51:23  INFO      MT5Executor: SIMULATION: Partial close 40% of #12345
2026-03-28 13:51:23  INFO      TrailingStopManager: [RISKY] PARTIAL TP BUY NASDAQ:NVDA #12345: 40% locked in at +1R (entry=150.00000 price=152.00000)
2026-03-28 13:51:23  INFO      TrailingStopManager: SL lock BUY  NASDAQ:NVDA #12345 [stage 1]: 148.00000 → 150.00000  (entry=150.00000 price=152.00000 1R=2.00000)
2026-03-28 13:51:23  INFO      MT5Executor: SIMULATION: Modified SL for position 12345: 150.0
2026-03-28 13:51:23  INFO      TradingGraph: Running agents for NASDAQ:NVDA
2026-03-28 13:51:23  INFO      TradingGraph: Completed 14 agents
2026-03-28 13:51:23  INFO      TradingGraph: Fusing timeframe signals
2026-03-28 13:51:23  INFO      TradingGraph: Fusion: L=-0.619(csns=1.00), M=0.214(csns=0.67), S=0.143(csns=0.50), align_str=0.000
2026-03-28 13:51:23  INFO      TradingRunner: EXIT [NASDAQ:NVDA #12345 BUY  pnl=+200.00] — D1 flipped bearish (-0.619)
2026-03-28 13:51:23  INFO      MT5Executor: SIMULATION: Closed position 12345
2026-03-28 13:52:23  INFO      MT5Executor: SIMULATION: Partial close 40% of #12345
2026-03-28 13:52:23  INFO      TrailingStopManager: [RISKY] PARTIAL TP BUY NASDAQ:NVDA #12345: 40% locked in at +1R (entry=150.00000 price=152.00000)
2026-03-28 13:52:23  INFO      TrailingStopManager: SL lock BUY  NASDAQ:NVDA #12345 [stage 1]: 148.00000 → 150.00000  (entry=150.00000 price=152.00000 1R=2.00000)
2026-03-28 13:52:23  INFO      MT5Executor: SIMULATION: Modified SL for position 12345: 150.0
2026-03-28 13:52:23  INFO      TradingGraph: Running agents for NASDAQ:NVDA
2026-03-28 13:52:24  INFO      TradingGraph: Completed 14 agents
2026-03-28 13:52:24  INFO      TradingGraph: Fusing timeframe signals
2026-03-28 13:52:24  INFO      TradingGraph: Fusion: L=-0.622(csns=1.00), M=0.005(csns=0.50), S=0.042(csns=0.40), align_str=0.000
2026-03-28 13:52:24  INFO      TradingRunner: EXIT [NASDAQ:NVDA #12345 BUY  pnl=+200.00] — D1 flipped bearish (-0.622)
2026-03-28 13:52:24  INFO      MT5Executor: SIMULATION: Closed position 12345
2026-03-28 13:53:24  INFO      MT5Executor: SIMULATION: Partial close 40% of #12345
2026-03-28 13:53:24  INFO      TrailingStopManager: [RISKY] PARTIAL TP BUY NASDAQ:NVDA #12345: 40% locked in at +1R (entry=150.00000 price=152.00000)
2026-03-28 13:53:24  INFO      TrailingStopManager: SL lock BUY  NASDAQ:NVDA #12345 [stage 1]: 148.00000 → 150.00000  (entry=150.00000 price=152.00000 1R=2.00000)
2026-03-28 13:53:24  INFO      MT5Executor: SIMULATION: Modified SL for position 12345: 150.0
2026-03-28 13:53:24  INFO      TradingGraph: Running agents for NASDAQ:NVDA
2026-03-28 13:53:24  INFO      TradingGraph: Completed 14 agents
2026-03-28 13:53:24  INFO      TradingGraph: Fusing timeframe signals
2026-03-28 13:53:24  INFO      TradingGraph: Fusion: L=-0.622(csns=1.00), M=0.005(csns=0.50), S=0.042(csns=0.40), align_str=0.000
2026-03-28 13:53:24  INFO      TradingRunner: EXIT [NASDAQ:NVDA #12345 BUY  pnl=+200.00] — D1 flipped bearish (-0.622)
2026-03-28 13:53:24  INFO      MT5Executor: SIMULATION: Closed position 12345
2026-03-28 13:53:25  WARNING   TradingRunner: Max daily trades (6) reached — no further entries today
2026-03-28 13:53:25  INFO      TradingRunner: PnL — unrealized: +200.00  realized today: +0.00  total: +200.00
2026-03-28 13:53:25  INFO      TradingRunner: Signal cycle done in 3.2s — sleeping 297s
2026-03-28 13:54:23  INFO      MT5Executor: SIMULATION: Partial close 40% of #12345
2026-03-28 13:54:23  INFO      TrailingStopManager: [RISKY] PARTIAL TP BUY NASDAQ:NVDA #12345: 40% locked in at +1R (entry=150.00000 price=152.00000)
2026-03-28 13:54:23  INFO      TrailingStopManager: SL lock BUY  NASDAQ:NVDA #12345 [stage 1]: 148.00000 → 150.00000  (entry=150.00000 price=152.00000 1R=2.00000)
2026-03-28 13:54:23  INFO      MT5Executor: SIMULATION: Modified SL for position 12345: 150.0
2026-03-28 13:54:24  INFO      TradingGraph: Running agents for NASDAQ:NVDA
2026-03-28 13:54:24  INFO      TradingGraph: Completed 14 agents
2026-03-28 13:54:24  INFO      TradingGraph: Fusing timeframe signals
2026-03-28 13:54:24  INFO      TradingGraph: Fusion: L=-0.664(csns=1.00), M=-0.507(csns=1.00), S=-0.061(csns=0.50), align_str=0.274
2026-03-28 13:54:24  INFO      TradingRunner: EXIT [NASDAQ:NVDA #12345 BUY  pnl=+200.00] — D1 flipped bearish (-0.664)
2026-03-28 13:54:24  INFO      MT5Executor: SIMULATION: Closed position 12345
2026-03-28 13:55:23  INFO      MT5Executor: SIMULATION: Partial close 40% of #12345
2026-03-28 13:55:23  INFO      TrailingStopManager: [RISKY] PARTIAL TP BUY NASDAQ:NVDA #12345: 40% locked in at +1R (entry=150.00000 price=152.00000)
2026-03-28 13:55:23  INFO      TrailingStopManager: SL lock BUY  NASDAQ:NVDA #12345 [stage 1]: 148.00000 → 150.00000  (entry=150.00000 price=152.00000 1R=2.00000)
2026-03-28 13:55:23  INFO      MT5Executor: SIMULATION: Modified SL for position 12345: 150.0
2026-03-28 13:55:24  INFO      TradingGraph: Running agents for NASDAQ:NVDA
2026-03-28 13:55:24  INFO      TradingGraph: Completed 14 agents
2026-03-28 13:55:24  INFO      TradingGraph: Fusing timeframe signals
2026-03-28 13:55:24  INFO      TradingGraph: Fusion: L=-0.622(csns=1.00), M=0.006(csns=0.50), S=0.028(csns=0.75), align_str=0.000
2026-03-28 13:55:24  INFO      TradingRunner: EXIT [NASDAQ:NVDA #12345 BUY  pnl=+200.00] — D1 flipped bearish (-0.622)
2026-03-28 13:55:24  INFO      MT5Executor: SIMULATION: Closed position 12345
2026-03-28 13:56:23  INFO      MT5Executor: SIMULATION: Partial close 40% of #12345
2026-03-28 13:56:23  INFO      TrailingStopManager: [RISKY] PARTIAL TP BUY NASDAQ:NVDA #12345: 40% locked in at +1R (entry=150.00000 price=152.00000)
2026-03-28 13:56:23  INFO      TrailingStopManager: SL lock BUY  NASDAQ:NVDA #12345 [stage 1]: 148.00000 → 150.00000  (entry=150.00000 price=152.00000 1R=2.00000)
2026-03-28 13:56:23  INFO      MT5Executor: SIMULATION: Modified SL for position 12345: 150.0
2026-03-28 13:56:24  INFO      TradingGraph: Running agents for NASDAQ:NVDA
2026-03-28 13:56:24  INFO      TradingGraph: Completed 14 agents
2026-03-28 13:56:24  INFO      TradingGraph: Fusing timeframe signals
2026-03-28 13:56:24  INFO      TradingGraph: Fusion: L=-0.597(csns=1.00), M=-0.117(csns=1.00), S=0.005(csns=0.60), align_str=0.000
2026-03-28 13:56:24  INFO      TradingRunner: EXIT [NASDAQ:NVDA #12345 BUY  pnl=+200.00] — D1 flipped bearish (-0.597)
2026-03-28 13:56:24  INFO      MT5Executor: SIMULATION: Closed position 12345
2026-03-28 13:57:24  INFO      MT5Executor: SIMULATION: Partial close 40% of #12345
2026-03-28 13:57:24  INFO      TrailingStopManager: [RISKY] PARTIAL TP BUY NASDAQ:NVDA #12345: 40% locked in at +1R (entry=150.00000 price=152.00000)
2026-03-28 13:57:24  INFO      TrailingStopManager: SL lock BUY  NASDAQ:NVDA #12345 [stage 1]: 148.00000 → 150.00000  (entry=150.00000 price=152.00000 1R=2.00000)
2026-03-28 13:57:24  INFO      MT5Executor: SIMULATION: Modified SL for position 12345: 150.0
2026-03-28 13:57:24  INFO      TradingGraph: Running agents for NASDAQ:NVDA
2026-03-28 13:57:24  INFO      TradingGraph: Completed 14 agents
2026-03-28 13:57:24  INFO      TradingGraph: Fusing timeframe signals
2026-03-28 13:57:24  INFO      TradingGraph: Fusion: L=-0.653(csns=1.00), M=-0.114(csns=1.00), S=-0.067(csns=0.50), align_str=0.171
2026-03-28 13:57:24  INFO      TradingRunner: EXIT [NASDAQ:NVDA #12345 BUY  pnl=+200.00] — D1 flipped bearish (-0.653)
2026-03-28 13:57:24  INFO      MT5Executor: SIMULATION: Closed position 12345
2026-03-28 13:57:54  INFO      TradingRunner: [WATCHDOG] alive | equity=100200.0 | cycle=13 | profile=risky
2026-03-28 13:58:24  INFO      MT5Executor: SIMULATION: Partial close 40% of #12345
2026-03-28 13:58:24  INFO      TrailingStopManager: [RISKY] PARTIAL TP BUY NASDAQ:NVDA #12345: 40% locked in at +1R (entry=150.00000 price=152.00000)
2026-03-28 13:58:24  INFO      TrailingStopManager: SL lock BUY  NASDAQ:NVDA #12345 [stage 1]: 148.00000 → 150.00000  (entry=150.00000 price=152.00000 1R=2.00000)
2026-03-28 13:58:24  INFO      MT5Executor: SIMULATION: Modified SL for position 12345: 150.0
2026-03-28 13:58:24  INFO      TradingGraph: Running agents for NASDAQ:NVDA
2026-03-28 13:58:24  INFO      TradingGraph: Completed 14 agents
2026-03-28 13:58:24  INFO      TradingGraph: Fusing timeframe signals
2026-03-28 13:58:24  INFO      TradingGraph: Fusion: L=-0.597(csns=1.00), M=-0.117(csns=1.00), S=0.005(csns=0.60), align_str=0.000
2026-03-28 13:58:24  INFO      TradingRunner: EXIT [NASDAQ:NVDA #12345 BUY  pnl=+200.00] — D1 flipped bearish (-0.597)
2026-03-28 13:58:24  INFO      MT5Executor: SIMULATION: Closed position 12345
2026-03-28 13:58:25  WARNING   TradingRunner: Max daily trades (6) reached — no further entries today
2026-03-28 13:58:25  INFO      TradingRunner: PnL — unrealized: +200.00  realized today: +0.00  total: +200.00
2026-03-28 13:58:25  INFO      TradingRunner: Signal cycle done in 3.2s — sleeping 297s
2026-03-28 13:59:24  INFO      MT5Executor: SIMULATION: Partial close 40% of #12345
2026-03-28 13:59:24  INFO      TrailingStopManager: [RISKY] PARTIAL TP BUY NASDAQ:NVDA #12345: 40% locked in at +1R (entry=150.00000 price=152.00000)
2026-03-28 13:59:24  INFO      TrailingStopManager: SL lock BUY  NASDAQ:NVDA #12345 [stage 1]: 148.00000 → 150.00000  (entry=150.00000 price=152.00000 1R=2.00000)
2026-03-28 13:59:24  INFO      MT5Executor: SIMULATION: Modified SL for position 12345: 150.0
2026-03-28 13:59:24  INFO      TradingGraph: Running agents for NASDAQ:NVDA
2026-03-28 13:59:24  INFO      TradingGraph: Completed 14 agents
2026-03-28 13:59:24  INFO      TradingGraph: Fusing timeframe signals
2026-03-28 13:59:24  INFO      TradingGraph: Fusion: L=-0.622(csns=1.00), M=0.006(csns=0.50), S=0.028(csns=0.75), align_str=0.000
2026-03-28 13:59:24  INFO      TradingRunner: EXIT [NASDAQ:NVDA #12345 BUY  pnl=+200.00] — D1 flipped bearish (-0.622)
2026-03-28 13:59:24  INFO      MT5Executor: SIMULATION: Closed position 12345
2026-03-28 14:00:24  INFO      MT5Executor: SIMULATION: Partial close 40% of #12345
2026-03-28 14:00:24  INFO      TrailingStopManager: [RISKY] PARTIAL TP BUY NASDAQ:NVDA #12345: 40% locked in at +1R (entry=150.00000 price=152.00000)
2026-03-28 14:00:24  INFO      TrailingStopManager: SL lock BUY  NASDAQ:NVDA #12345 [stage 1]: 148.00000 → 150.00000  (entry=150.00000 price=152.00000 1R=2.00000)
2026-03-28 14:00:24  INFO      MT5Executor: SIMULATION: Modified SL for position 12345: 150.0
2026-03-28 14:00:24  INFO      TradingGraph: Running agents for NASDAQ:NVDA
2026-03-28 14:00:24  INFO      TradingGraph: Completed 14 agents
2026-03-28 14:00:24  INFO      TradingGraph: Fusing timeframe signals
2026-03-28 14:00:24  INFO      TradingGraph: Fusion: L=-0.648(csns=1.00), M=0.289(csns=0.67), S=-0.039(csns=0.40), align_str=0.000
2026-03-28 14:00:24  INFO      TradingRunner: EXIT [NASDAQ:NVDA #12345 BUY  pnl=+200.00] — D1 flipped bearish (-0.648)
2026-03-28 14:00:24  INFO      MT5Executor: SIMULATION: Closed position 12345
2026-03-28 14:01:24  INFO      MT5Executor: SIMULATION: Partial close 40% of #12345
2026-03-28 14:01:24  INFO      TrailingStopManager: [RISKY] PARTIAL TP BUY NASDAQ:NVDA #12345: 40% locked in at +1R (entry=150.00000 price=152.00000)
2026-03-28 14:01:24  INFO      TrailingStopManager: SL lock BUY  NASDAQ:NVDA #12345 [stage 1]: 148.00000 → 150.00000  (entry=150.00000 price=152.00000 1R=2.00000)
2026-03-28 14:01:24  INFO      MT5Executor: SIMULATION: Modified SL for position 12345: 150.0
2026-03-28 14:01:24  INFO      TradingGraph: Running agents for NASDAQ:NVDA
2026-03-28 14:01:24  INFO      TradingGraph: Completed 14 agents
2026-03-28 14:01:24  INFO      TradingGraph: Fusing timeframe signals
2026-03-28 14:01:24  INFO      TradingGraph: Fusion: L=-0.619(csns=1.00), M=0.214(csns=0.67), S=0.143(csns=0.50), align_str=0.000
2026-03-28 14:01:24  INFO      TradingRunner: EXIT [NASDAQ:NVDA #12345 BUY  pnl=+200.00] — D1 flipped bearish (-0.619)
2026-03-28 14:01:24  INFO      MT5Executor: SIMULATION: Closed position 12345
2026-03-28 14:02:24  INFO      MT5Executor: SIMULATION: Partial close 40% of #12345
2026-03-28 14:02:24  INFO      TrailingStopManager: [RISKY] PARTIAL TP BUY NASDAQ:NVDA #12345: 40% locked in at +1R (entry=150.00000 price=152.00000)
2026-03-28 14:02:24  INFO      TrailingStopManager: SL lock BUY  NASDAQ:NVDA #12345 [stage 1]: 148.00000 → 150.00000  (entry=150.00000 price=152.00000 1R=2.00000)
2026-03-28 14:02:24  INFO      MT5Executor: SIMULATION: Modified SL for position 12345: 150.0
2026-03-28 14:02:24  INFO      TradingGraph: Running agents for NASDAQ:NVDA
2026-03-28 14:02:24  INFO      TradingGraph: Completed 14 agents
2026-03-28 14:02:24  INFO      TradingGraph: Fusing timeframe signals
2026-03-28 14:02:24  INFO      TradingGraph: Fusion: L=-0.623(csns=1.00), M=0.001(csns=0.33), S=0.105(csns=0.50), align_str=0.000
2026-03-28 14:02:24  INFO      TradingRunner: EXIT [NASDAQ:NVDA #12345 BUY  pnl=+200.00] — D1 flipped bearish (-0.623)
2026-03-28 14:02:24  INFO      MT5Executor: SIMULATION: Closed position 12345
2026-03-28 14:03:24  INFO      MT5Executor: SIMULATION: Partial close 40% of #12345
2026-03-28 14:03:24  INFO      TrailingStopManager: [RISKY] PARTIAL TP BUY NASDAQ:NVDA #12345: 40% locked in at +1R (entry=150.00000 price=152.00000)
2026-03-28 14:03:24  INFO      TrailingStopManager: SL lock BUY  NASDAQ:NVDA #12345 [stage 1]: 148.00000 → 150.00000  (entry=150.00000 price=152.00000 1R=2.00000)
2026-03-28 14:03:24  INFO      MT5Executor: SIMULATION: Modified SL for position 12345: 150.0
2026-03-28 14:03:25  INFO      TradingGraph: Running agents for NASDAQ:NVDA
2026-03-28 14:03:25  INFO      TradingGraph: Completed 14 agents
2026-03-28 14:03:25  INFO      TradingGraph: Fusing timeframe signals
2026-03-28 14:03:25  INFO      TradingGraph: Fusion: L=-0.658(csns=1.00), M=0.526(csns=1.00), S=0.071(csns=0.75), align_str=0.000
2026-03-28 14:03:25  INFO      TradingRunner: EXIT [NASDAQ:NVDA #12345 BUY  pnl=+200.00] — D1 flipped bearish (-0.658)
2026-03-28 14:03:25  INFO      MT5Executor: SIMULATION: Closed position 12345
2026-03-28 14:03:25  WARNING   TradingRunner: Max daily trades (6) reached — no further entries today
2026-03-28 14:03:25  INFO      TradingRunner: PnL — unrealized: +200.00  realized today: +0.00  total: +200.00
2026-03-28 14:03:25  INFO      TradingRunner: Signal cycle done in 3.0s — sleeping 297s
2026-03-28 14:04:24  INFO      MT5Executor: SIMULATION: Partial close 40% of #12345
2026-03-28 14:04:24  INFO      TrailingStopManager: [RISKY] PARTIAL TP BUY NASDAQ:NVDA #12345: 40% locked in at +1R (entry=150.00000 price=152.00000)
2026-03-28 14:04:24  INFO      TrailingStopManager: SL lock BUY  NASDAQ:NVDA #12345 [stage 1]: 148.00000 → 150.00000  (entry=150.00000 price=152.00000 1R=2.00000)
2026-03-28 14:04:24  INFO      MT5Executor: SIMULATION: Modified SL for position 12345: 150.0
2026-03-28 14:04:24  INFO      TradingGraph: Running agents for NASDAQ:NVDA
2026-03-28 14:04:24  INFO      TradingGraph: Completed 14 agents
2026-03-28 14:04:24  INFO      TradingGraph: Fusing timeframe signals
2026-03-28 14:04:24  INFO      TradingGraph: Fusion: L=-0.633(csns=1.00), M=-0.209(csns=0.50), S=0.030(csns=0.80), align_str=0.000
2026-03-28 14:04:24  INFO      TradingRunner: EXIT [NASDAQ:NVDA #12345 BUY  pnl=+200.00] — D1 flipped bearish (-0.633)
2026-03-28 14:04:24  INFO      MT5Executor: SIMULATION: Closed position 12345
2026-03-28 14:05:24  INFO      MT5Executor: SIMULATION: Partial close 40% of #12345
2026-03-28 14:05:24  INFO      TrailingStopManager: [RISKY] PARTIAL TP BUY NASDAQ:NVDA #12345: 40% locked in at +1R (entry=150.00000 price=152.00000)
2026-03-28 14:05:24  INFO      TrailingStopManager: SL lock BUY  NASDAQ:NVDA #12345 [stage 1]: 148.00000 → 150.00000  (entry=150.00000 price=152.00000 1R=2.00000)
2026-03-28 14:05:24  INFO      MT5Executor: SIMULATION: Modified SL for position 12345: 150.0
2026-03-28 14:05:24  INFO      TradingGraph: Running agents for NASDAQ:NVDA
2026-03-28 14:05:24  INFO      TradingGraph: Completed 14 agents
2026-03-28 14:05:24  INFO      TradingGraph: Fusing timeframe signals
2026-03-28 14:05:24  INFO      TradingGraph: Fusion: L=-0.658(csns=1.00), M=0.526(csns=1.00), S=0.071(csns=0.75), align_str=0.000
2026-03-28 14:05:24  INFO      TradingRunner: EXIT [NASDAQ:NVDA #12345 BUY  pnl=+200.00] — D1 flipped bearish (-0.658)
2026-03-28 14:05:24  INFO      MT5Executor: SIMULATION: Closed position 12345
2026-03-28 14:06:24  INFO      MT5Executor: SIMULATION: Partial close 40% of #12345
2026-03-28 14:06:24  INFO      TrailingStopManager: [RISKY] PARTIAL TP BUY NASDAQ:NVDA #12345: 40% locked in at +1R (entry=150.00000 price=152.00000)
2026-03-28 14:06:24  INFO      TrailingStopManager: SL lock BUY  NASDAQ:NVDA #12345 [stage 1]: 148.00000 → 150.00000  (entry=150.00000 price=152.00000 1R=2.00000)
2026-03-28 14:06:24  INFO      MT5Executor: SIMULATION: Modified SL for position 12345: 150.0
2026-03-28 14:06:24  INFO      TradingGraph: Running agents for NASDAQ:NVDA
2026-03-28 14:06:24  INFO      TradingGraph: Completed 14 agents
2026-03-28 14:06:24  INFO      TradingGraph: Fusing timeframe signals
2026-03-28 14:06:24  INFO      TradingGraph: Fusion: L=-0.648(csns=1.00), M=0.289(csns=0.67), S=-0.039(csns=0.40), align_str=0.000
2026-03-28 14:06:24  INFO      TradingRunner: EXIT [NASDAQ:NVDA #12345 BUY  pnl=+200.00] — D1 flipped bearish (-0.648)
2026-03-28 14:06:24  INFO      MT5Executor: SIMULATION: Closed position 12345
2026-03-28 14:07:24  INFO      MT5Executor: SIMULATION: Partial close 40% of #12345
2026-03-28 14:07:24  INFO      TrailingStopManager: [RISKY] PARTIAL TP BUY NASDAQ:NVDA #12345: 40% locked in at +1R (entry=150.00000 price=152.00000)
2026-03-28 14:07:24  INFO      TrailingStopManager: SL lock BUY  NASDAQ:NVDA #12345 [stage 1]: 148.00000 → 150.00000  (entry=150.00000 price=152.00000 1R=2.00000)
2026-03-28 14:07:24  INFO      MT5Executor: SIMULATION: Modified SL for position 12345: 150.0
2026-03-28 14:07:24  INFO      TradingGraph: Running agents for NASDAQ:NVDA
2026-03-28 14:07:24  INFO      TradingGraph: Completed 14 agents
2026-03-28 14:07:24  INFO      TradingGraph: Fusing timeframe signals
2026-03-28 14:07:24  INFO      TradingGraph: Fusion: L=-0.623(csns=1.00), M=-0.004(csns=0.67), S=-0.046(csns=0.33), align_str=0.048
2026-03-28 14:07:24  INFO      TradingRunner: EXIT [NASDAQ:NVDA #12345 BUY  pnl=+200.00] — D1 flipped bearish (-0.623)
2026-03-28 14:07:24  INFO      MT5Executor: SIMULATION: Closed position 12345
2026-03-28 14:08:24  INFO      MT5Executor: SIMULATION: Partial close 40% of #12345
2026-03-28 14:08:25  INFO      TrailingStopManager: [RISKY] PARTIAL TP BUY NASDAQ:NVDA #12345: 40% locked in at +1R (entry=150.00000 price=152.00000)
2026-03-28 14:08:25  INFO      TrailingStopManager: SL lock BUY  NASDAQ:NVDA #12345 [stage 1]: 148.00000 → 150.00000  (entry=150.00000 price=152.00000 1R=2.00000)
2026-03-28 14:08:25  INFO      MT5Executor: SIMULATION: Modified SL for position 12345: 150.0
2026-03-28 14:08:25  INFO      TradingGraph: Running agents for NASDAQ:NVDA
2026-03-28 14:08:25  INFO      TradingRunner: [WATCHDOG] alive | equity=100200.0 | cycle=16 | profile=risky
2026-03-28 14:08:25  INFO      TradingGraph: Completed 14 agents
2026-03-28 14:08:25  INFO      TradingGraph: Fusing timeframe signals
2026-03-28 14:08:25  INFO      TradingGraph: Fusion: L=-0.648(csns=1.00), M=0.289(csns=0.67), S=-0.039(csns=0.40), align_str=0.000
2026-03-28 14:08:25  INFO      TradingRunner: EXIT [NASDAQ:NVDA #12345 BUY  pnl=+200.00] — D1 flipped bearish (-0.648)
2026-03-28 14:08:25  INFO      MT5Executor: SIMULATION: Closed position 12345
2026-03-28 14:08:26  WARNING   TradingRunner: Max daily trades (6) reached — no further entries today
2026-03-28 14:08:26  INFO      TradingRunner: PnL — unrealized: +200.00  realized today: +0.00  total: +200.00
2026-03-28 14:08:26  INFO      TradingRunner: Signal cycle done in 3.3s — sleeping 297s
2026-03-28 14:09:24  INFO      MT5Executor: SIMULATION: Partial close 40% of #12345
2026-03-28 14:09:24  INFO      TrailingStopManager: [RISKY] PARTIAL TP BUY NASDAQ:NVDA #12345: 40% locked in at +1R (entry=150.00000 price=152.00000)
2026-03-28 14:09:24  INFO      TrailingStopManager: SL lock BUY  NASDAQ:NVDA #12345 [stage 1]: 148.00000 → 150.00000  (entry=150.00000 price=152.00000 1R=2.00000)
2026-03-28 14:09:24  INFO      MT5Executor: SIMULATION: Modified SL for position 12345: 150.0
2026-03-28 14:09:24  INFO      TradingGraph: Running agents for NASDAQ:NVDA
2026-03-28 14:09:24  INFO      TradingGraph: Completed 14 agents
2026-03-28 14:09:24  INFO      TradingGraph: Fusing timeframe signals
2026-03-28 14:09:24  INFO      TradingGraph: Fusion: L=-0.622(csns=1.00), M=0.006(csns=0.50), S=0.027(csns=0.75), align_str=0.000
2026-03-28 14:09:24  INFO      TradingRunner: EXIT [NASDAQ:NVDA #12345 BUY  pnl=+200.00] — D1 flipped bearish (-0.622)
2026-03-28 14:09:24  INFO      MT5Executor: SIMULATION: Closed position 12345
2026-03-28 14:10:24  INFO      MT5Executor: SIMULATION: Partial close 40% of #12345
2026-03-28 14:10:24  INFO      TrailingStopManager: [RISKY] PARTIAL TP BUY NASDAQ:NVDA #12345: 40% locked in at +1R (entry=150.00000 price=152.00000)
2026-03-28 14:10:24  INFO      TrailingStopManager: SL lock BUY  NASDAQ:NVDA #12345 [stage 1]: 148.00000 → 150.00000  (entry=150.00000 price=152.00000 1R=2.00000)
2026-03-28 14:10:24  INFO      MT5Executor: SIMULATION: Modified SL for position 12345: 150.0
2026-03-28 14:10:24  INFO      TradingGraph: Running agents for NASDAQ:NVDA
2026-03-28 14:10:24  INFO      TradingGraph: Completed 14 agents
2026-03-28 14:10:24  INFO      TradingGraph: Fusing timeframe signals
2026-03-28 14:10:24  INFO      TradingGraph: Fusion: L=-0.622(csns=1.00), M=0.264(csns=1.00), S=0.057(csns=0.40), align_str=0.000
2026-03-28 14:10:24  INFO      TradingRunner: EXIT [NASDAQ:NVDA #12345 BUY  pnl=+200.00] — D1 flipped bearish (-0.622)
2026-03-28 14:10:24  INFO      MT5Executor: SIMULATION: Closed position 12345
2026-03-28 14:11:24  INFO      MT5Executor: SIMULATION: Partial close 40% of #12345
2026-03-28 14:11:24  INFO      TrailingStopManager: [RISKY] PARTIAL TP BUY NASDAQ:NVDA #12345: 40% locked in at +1R (entry=150.00000 price=152.00000)
2026-03-28 14:11:24  INFO      TrailingStopManager: SL lock BUY  NASDAQ:NVDA #12345 [stage 1]: 148.00000 → 150.00000  (entry=150.00000 price=152.00000 1R=2.00000)
2026-03-28 14:11:24  INFO      MT5Executor: SIMULATION: Modified SL for position 12345: 150.0
2026-03-28 14:11:24  INFO      TradingGraph: Running agents for NASDAQ:NVDA
2026-03-28 14:11:24  INFO      TradingGraph: Completed 14 agents
2026-03-28 14:11:24  INFO      TradingGraph: Fusing timeframe signals
2026-03-28 14:11:24  INFO      TradingGraph: Fusion: L=-0.597(csns=1.00), M=-0.117(csns=1.00), S=0.005(csns=0.60), align_str=0.000
2026-03-28 14:11:24  INFO      TradingRunner: EXIT [NASDAQ:NVDA #12345 BUY  pnl=+200.00] — D1 flipped bearish (-0.597)
2026-03-28 14:11:24  INFO      MT5Executor: SIMULATION: Closed position 12345
2026-03-28 14:12:24  INFO      MT5Executor: SIMULATION: Partial close 40% of #12345
2026-03-28 14:12:24  INFO      TrailingStopManager: [RISKY] PARTIAL TP BUY NASDAQ:NVDA #12345: 40% locked in at +1R (entry=150.00000 price=152.00000)
2026-03-28 14:12:24  INFO      TrailingStopManager: SL lock BUY  NASDAQ:NVDA #12345 [stage 1]: 148.00000 → 150.00000  (entry=150.00000 price=152.00000 1R=2.00000)
2026-03-28 14:12:24  INFO      MT5Executor: SIMULATION: Modified SL for position 12345: 150.0
2026-03-28 14:12:24  INFO      TradingGraph: Running agents for NASDAQ:NVDA
2026-03-28 14:12:24  INFO      TradingGraph: Completed 14 agents
2026-03-28 14:12:24  INFO      TradingGraph: Fusing timeframe signals
2026-03-28 14:12:24  INFO      TradingGraph: Fusion: L=-0.664(csns=1.00), M=-0.507(csns=1.00), S=-0.061(csns=0.50), align_str=0.273
2026-03-28 14:12:24  INFO      TradingRunner: EXIT [NASDAQ:NVDA #12345 BUY  pnl=+200.00] — D1 flipped bearish (-0.664)
2026-03-28 14:12:24  INFO      MT5Executor: SIMULATION: Closed position 12345
2026-03-28 14:13:25  INFO      MT5Executor: SIMULATION: Partial close 40% of #12345
2026-03-28 14:13:25  INFO      TrailingStopManager: [RISKY] PARTIAL TP BUY NASDAQ:NVDA #12345: 40% locked in at +1R (entry=150.00000 price=152.00000)
2026-03-28 14:13:25  INFO      TrailingStopManager: SL lock BUY  NASDAQ:NVDA #12345 [stage 1]: 148.00000 → 150.00000  (entry=150.00000 price=152.00000 1R=2.00000)
2026-03-28 14:13:25  INFO      MT5Executor: SIMULATION: Modified SL for position 12345: 150.0
2026-03-28 14:13:25  INFO      TradingGraph: Running agents for NASDAQ:NVDA
2026-03-28 14:13:25  INFO      TradingGraph: Completed 14 agents
2026-03-28 14:13:25  INFO      TradingGraph: Fusing timeframe signals
2026-03-28 14:13:25  INFO      TradingGraph: Fusion: L=-0.618(csns=1.00), M=0.206(csns=1.00), S=-0.002(csns=0.40), align_str=0.000
2026-03-28 14:13:25  INFO      TradingRunner: EXIT [NASDAQ:NVDA #12345 BUY  pnl=+200.00] — D1 flipped bearish (-0.618)
2026-03-28 14:13:25  INFO      MT5Executor: SIMULATION: Closed position 12345
2026-03-28 14:13:25  WARNING   TradingRunner: Max daily trades (6) reached — no further entries today
2026-03-28 14:13:25  INFO      TradingRunner: PnL — unrealized: +200.00  realized today: +0.00  total: +200.00
2026-03-28 14:13:25  INFO      TradingRunner: Signal cycle done in 2.6s — sleeping 297s
2026-03-28 14:14:24  INFO      MT5Executor: SIMULATION: Partial close 40% of #12345
2026-03-28 14:14:24  INFO      TrailingStopManager: [RISKY] PARTIAL TP BUY NASDAQ:NVDA #12345: 40% locked in at +1R (entry=150.00000 price=152.00000)
2026-03-28 14:14:24  INFO      TrailingStopManager: SL lock BUY  NASDAQ:NVDA #12345 [stage 1]: 148.00000 → 150.00000  (entry=150.00000 price=152.00000 1R=2.00000)
2026-03-28 14:14:24  INFO      MT5Executor: SIMULATION: Modified SL for position 12345: 150.0
2026-03-28 14:14:24  INFO      TradingGraph: Running agents for NASDAQ:NVDA
2026-03-28 14:14:24  INFO      TradingGraph: Completed 14 agents
2026-03-28 14:14:24  INFO      TradingGraph: Fusing timeframe signals
2026-03-28 14:14:24  INFO      TradingGraph: Fusion: L=-0.622(csns=1.00), M=-0.004(csns=0.50), S=0.144(csns=0.75), align_str=0.000
2026-03-28 14:14:24  INFO      TradingRunner: EXIT [NASDAQ:NVDA #12345 BUY  pnl=+200.00] — D1 flipped bearish (-0.622)
2026-03-28 14:14:24  INFO      MT5Executor: SIMULATION: Closed position 12345
2026-03-28 14:15:24  INFO      MT5Executor: SIMULATION: Partial close 40% of #12345
2026-03-28 14:15:24  INFO      TrailingStopManager: [RISKY] PARTIAL TP BUY NASDAQ:NVDA #12345: 40% locked in at +1R (entry=150.00000 price=152.00000)
2026-03-28 14:15:24  INFO      TrailingStopManager: SL lock BUY  NASDAQ:NVDA #12345 [stage 1]: 148.00000 → 150.00000  (entry=150.00000 price=152.00000 1R=2.00000)
2026-03-28 14:15:24  INFO      MT5Executor: SIMULATION: Modified SL for position 12345: 150.0
2026-03-28 14:15:25  INFO      TradingGraph: Running agents for NASDAQ:NVDA
2026-03-28 14:15:25  INFO      TradingGraph: Completed 14 agents
2026-03-28 14:15:25  INFO      TradingGraph: Fusing timeframe signals
2026-03-28 14:15:25  INFO      TradingGraph: Fusion: L=-0.609(csns=1.00), M=-0.517(csns=1.00), S=0.118(csns=0.75), align_str=0.000
2026-03-28 14:15:25  INFO      TradingRunner: EXIT [NASDAQ:NVDA #12345 BUY  pnl=+200.00] — D1 flipped bearish (-0.609)
2026-03-28 14:15:25  INFO      MT5Executor: SIMULATION: Closed position 12345
2026-03-28 14:16:24  INFO      MT5Executor: SIMULATION: Partial close 40% of #12345
2026-03-28 14:16:24  INFO      TrailingStopManager: [RISKY] PARTIAL TP BUY NASDAQ:NVDA #12345: 40% locked in at +1R (entry=150.00000 price=152.00000)
2026-03-28 14:16:24  INFO      TrailingStopManager: SL lock BUY  NASDAQ:NVDA #12345 [stage 1]: 148.00000 → 150.00000  (entry=150.00000 price=152.00000 1R=2.00000)
2026-03-28 14:16:24  INFO      MT5Executor: SIMULATION: Modified SL for position 12345: 150.0
2026-03-28 14:16:25  INFO      TradingGraph: Running agents for NASDAQ:NVDA
2026-03-28 14:16:25  INFO      TradingGraph: Completed 14 agents
2026-03-28 14:16:25  INFO      TradingGraph: Fusing timeframe signals
2026-03-28 14:16:25  INFO      TradingGraph: Fusion: L=-0.648(csns=1.00), M=0.427(csns=1.00), S=0.038(csns=0.40), align_str=0.000
2026-03-28 14:16:25  INFO      TradingRunner: EXIT [NASDAQ:NVDA #12345 BUY  pnl=+200.00] — D1 flipped bearish (-0.648)
2026-03-28 14:16:25  INFO      MT5Executor: SIMULATION: Closed position 12345
2026-03-28 14:17:24  INFO      MT5Executor: SIMULATION: Partial close 40% of #12345
2026-03-28 14:17:24  INFO      TrailingStopManager: [RISKY] PARTIAL TP BUY NASDAQ:NVDA #12345: 40% locked in at +1R (entry=150.00000 price=152.00000)
2026-03-28 14:17:24  INFO      TrailingStopManager: SL lock BUY  NASDAQ:NVDA #12345 [stage 1]: 148.00000 → 150.00000  (entry=150.00000 price=152.00000 1R=2.00000)
2026-03-28 14:17:24  INFO      MT5Executor: SIMULATION: Modified SL for position 12345: 150.0
2026-03-28 14:17:25  INFO      TradingGraph: Running agents for NASDAQ:NVDA
2026-03-28 14:17:25  INFO      TradingGraph: Completed 14 agents
2026-03-28 14:17:25  INFO      TradingGraph: Fusing timeframe signals
2026-03-28 14:17:25  INFO      TradingGraph: Fusion: L=-0.622(csns=1.00), M=0.006(csns=0.50), S=0.025(csns=0.75), align_str=0.000
2026-03-28 14:17:25  INFO      TradingRunner: EXIT [NASDAQ:NVDA #12345 BUY  pnl=+200.00] — D1 flipped bearish (-0.622)
2026-03-28 14:17:25  INFO      MT5Executor: SIMULATION: Closed position 12345
2026-03-28 14:18:25  INFO      MT5Executor: SIMULATION: Partial close 40% of #12345
2026-03-28 14:18:25  INFO      TrailingStopManager: [RISKY] PARTIAL TP BUY NASDAQ:NVDA #12345: 40% locked in at +1R (entry=150.00000 price=152.00000)
2026-03-28 14:18:25  INFO      TrailingStopManager: SL lock BUY  NASDAQ:NVDA #12345 [stage 1]: 148.00000 → 150.00000  (entry=150.00000 price=152.00000 1R=2.00000)
2026-03-28 14:18:25  INFO      MT5Executor: SIMULATION: Modified SL for position 12345: 150.0
2026-03-28 14:18:25  INFO      TradingGraph: Running agents for NASDAQ:NVDA
2026-03-28 14:18:25  INFO      TradingGraph: Completed 14 agents
2026-03-28 14:18:25  INFO      TradingGraph: Fusing timeframe signals
2026-03-28 14:18:25  INFO      TradingGraph: Fusion: L=-0.658(csns=1.00), M=0.526(csns=1.00), S=0.073(csns=0.75), align_str=0.000
2026-03-28 14:18:25  INFO      TradingRunner: EXIT [NASDAQ:NVDA #12345 BUY  pnl=+200.00] — D1 flipped bearish (-0.658)
2026-03-28 14:18:25  INFO      MT5Executor: SIMULATION: Closed position 12345
2026-03-28 14:18:26  WARNING   TradingRunner: Max daily trades (6) reached — no further entries today
2026-03-28 14:18:26  INFO      TradingRunner: PnL — unrealized: +200.00  realized today: +0.00  total: +200.00
2026-03-28 14:18:26  INFO      TradingRunner: Signal cycle done in 3.2s — sleeping 297s
2026-03-28 14:18:55  INFO      TradingRunner: [WATCHDOG] alive | equity=100200.0 | cycle=18 | profile=risky
2026-03-28 14:19:24  INFO      MT5Executor: SIMULATION: Partial close 40% of #12345
2026-03-28 14:19:24  INFO      TrailingStopManager: [RISKY] PARTIAL TP BUY NASDAQ:NVDA #12345: 40% locked in at +1R (entry=150.00000 price=152.00000)
2026-03-28 14:19:24  INFO      TrailingStopManager: SL lock BUY  NASDAQ:NVDA #12345 [stage 1]: 148.00000 → 150.00000  (entry=150.00000 price=152.00000 1R=2.00000)
2026-03-28 14:19:24  INFO      MT5Executor: SIMULATION: Modified SL for position 12345: 150.0
2026-03-28 14:19:25  INFO      TradingGraph: Running agents for NASDAQ:NVDA
2026-03-28 14:19:25  INFO      TradingGraph: Completed 14 agents
2026-03-28 14:19:25  INFO      TradingGraph: Fusing timeframe signals
2026-03-28 14:19:25  INFO      TradingGraph: Fusion: L=-0.622(csns=1.00), M=0.006(csns=0.50), S=0.025(csns=0.75), align_str=0.000
2026-03-28 14:19:25  INFO      TradingRunner: EXIT [NASDAQ:NVDA #12345 BUY  pnl=+200.00] — D1 flipped bearish (-0.622)
2026-03-28 14:19:25  INFO      MT5Executor: SIMULATION: Closed position 12345
2026-03-28 14:20:24  INFO      MT5Executor: SIMULATION: Partial close 40% of #12345
2026-03-28 14:20:24  INFO      TrailingStopManager: [RISKY] PARTIAL TP BUY NASDAQ:NVDA #12345: 40% locked in at +1R (entry=150.00000 price=152.00000)
2026-03-28 14:20:24  INFO      TrailingStopManager: SL lock BUY  NASDAQ:NVDA #12345 [stage 1]: 148.00000 → 150.00000  (entry=150.00000 price=152.00000 1R=2.00000)
2026-03-28 14:20:24  INFO      MT5Executor: SIMULATION: Modified SL for position 12345: 150.0
2026-03-28 14:20:25  INFO      TradingGraph: Running agents for NASDAQ:NVDA
2026-03-28 14:20:25  INFO      TradingGraph: Completed 14 agents
2026-03-28 14:20:25  INFO      TradingGraph: Fusing timeframe signals
2026-03-28 14:20:25  INFO      TradingGraph: Fusion: L=-0.619(csns=1.00), M=-0.004(csns=0.67), S=0.011(csns=0.40), align_str=0.000
2026-03-28 14:20:25  INFO      TradingRunner: EXIT [NASDAQ:NVDA #12345 BUY  pnl=+200.00] — D1 flipped bearish (-0.619)
2026-03-28 14:20:25  INFO      MT5Executor: SIMULATION: Closed position 12345
2026-03-28 14:21:25  INFO      MT5Executor: SIMULATION: Partial close 40% of #12345
2026-03-28 14:21:25  INFO      TrailingStopManager: [RISKY] PARTIAL TP BUY NASDAQ:NVDA #12345: 40% locked in at +1R (entry=150.00000 price=152.00000)
2026-03-28 14:21:25  INFO      TrailingStopManager: SL lock BUY  NASDAQ:NVDA #12345 [stage 1]: 148.00000 → 150.00000  (entry=150.00000 price=152.00000 1R=2.00000)
2026-03-28 14:21:25  INFO      MT5Executor: SIMULATION: Modified SL for position 12345: 150.0
2026-03-28 14:21:25  INFO      TradingGraph: Running agents for NASDAQ:NVDA
2026-03-28 14:21:25  INFO      TradingGraph: Completed 14 agents
2026-03-28 14:21:25  INFO      TradingGraph: Fusing timeframe signals
2026-03-28 14:21:25  INFO      TradingGraph: Fusion: L=-0.648(csns=1.00), M=0.289(csns=0.67), S=-0.041(csns=0.40), align_str=0.000
2026-03-28 14:21:25  INFO      TradingRunner: EXIT [NASDAQ:NVDA #12345 BUY  pnl=+200.00] — D1 flipped bearish (-0.648)
2026-03-28 14:21:25  INFO      MT5Executor: SIMULATION: Closed position 12345
2026-03-28 14:22:25  INFO      MT5Executor: SIMULATION: Partial close 40% of #12345
2026-03-28 14:22:25  INFO      TrailingStopManager: [RISKY] PARTIAL TP BUY NASDAQ:NVDA #12345: 40% locked in at +1R (entry=150.00000 price=152.00000)
2026-03-28 14:22:25  INFO      TrailingStopManager: SL lock BUY  NASDAQ:NVDA #12345 [stage 1]: 148.00000 → 150.00000  (entry=150.00000 price=152.00000 1R=2.00000)
2026-03-28 14:22:25  INFO      MT5Executor: SIMULATION: Modified SL for position 12345: 150.0
2026-03-28 14:22:25  INFO      TradingGraph: Running agents for NASDAQ:NVDA
2026-03-28 14:22:25  INFO      TradingGraph: Completed 14 agents
2026-03-28 14:22:25  INFO      TradingGraph: Fusing timeframe signals
2026-03-28 14:22:25  INFO      TradingGraph: Fusion: L=-0.615(csns=1.00), M=-0.089(csns=0.67), S=0.074(csns=0.75), align_str=0.000
2026-03-28 14:22:25  INFO      TradingRunner: EXIT [NASDAQ:NVDA #12345 BUY  pnl=+200.00] — D1 flipped bearish (-0.615)
2026-03-28 14:22:25  INFO      MT5Executor: SIMULATION: Closed position 12345
2026-03-28 14:23:25  INFO      MT5Executor: SIMULATION: Partial close 40% of #12345
2026-03-28 14:23:25  INFO      TrailingStopManager: [RISKY] PARTIAL TP BUY NASDAQ:NVDA #12345: 40% locked in at +1R (entry=150.00000 price=152.00000)
2026-03-28 14:23:25  INFO      TrailingStopManager: SL lock BUY  NASDAQ:NVDA #12345 [stage 1]: 148.00000 → 150.00000  (entry=150.00000 price=152.00000 1R=2.00000)
2026-03-28 14:23:25  INFO      MT5Executor: SIMULATION: Modified SL for position 12345: 150.0
2026-03-28 14:23:25  INFO      TradingGraph: Running agents for NASDAQ:NVDA
2026-03-28 14:23:25  INFO      TradingGraph: Completed 14 agents
2026-03-28 14:23:25  INFO      TradingGraph: Fusing timeframe signals
2026-03-28 14:23:25  INFO      TradingGraph: Fusion: L=-0.622(csns=1.00), M=0.266(csns=1.00), S=0.024(csns=0.40), align_str=0.000
2026-03-28 14:23:25  INFO      TradingRunner: EXIT [NASDAQ:NVDA #12345 BUY  pnl=+200.00] — D1 flipped bearish (-0.622)
2026-03-28 14:23:25  INFO      MT5Executor: SIMULATION: Closed position 12345
2026-03-28 14:23:25  WARNING   TradingRunner: Max daily trades (6) reached — no further entries today
2026-03-28 14:23:26  INFO      TradingRunner: PnL — unrealized: +200.00  realized today: +0.00  total: +200.00
2026-03-28 14:23:26  INFO      TradingRunner: Signal cycle done in 3.1s — sleeping 297s
2026-03-28 14:24:25  INFO      MT5Executor: SIMULATION: Partial close 40% of #12345
2026-03-28 14:24:25  INFO      TrailingStopManager: [RISKY] PARTIAL TP BUY NASDAQ:NVDA #12345: 40% locked in at +1R (entry=150.00000 price=152.00000)
2026-03-28 14:24:25  INFO      TrailingStopManager: SL lock BUY  NASDAQ:NVDA #12345 [stage 1]: 148.00000 → 150.00000  (entry=150.00000 price=152.00000 1R=2.00000)
2026-03-28 14:24:25  INFO      MT5Executor: SIMULATION: Modified SL for position 12345: 150.0
2026-03-28 14:24:25  INFO      TradingGraph: Running agents for NASDAQ:NVDA
2026-03-28 14:24:25  INFO      TradingGraph: Completed 14 agents
2026-03-28 14:24:25  INFO      TradingGraph: Fusing timeframe signals
2026-03-28 14:24:25  INFO      TradingGraph: Fusion: L=-0.643(csns=1.00), M=-0.018(csns=1.00), S=0.014(csns=0.60), align_str=0.000
2026-03-28 14:24:25  INFO      TradingRunner: EXIT [NASDAQ:NVDA #12345 BUY  pnl=+200.00] — D1 flipped bearish (-0.643)
2026-03-28 14:24:25  INFO      MT5Executor: SIMULATION: Closed position 12345
2026-03-28 14:25:25  INFO      MT5Executor: SIMULATION: Partial close 40% of #12345
2026-03-28 14:25:25  INFO      TrailingStopManager: [RISKY] PARTIAL TP BUY NASDAQ:NVDA #12345: 40% locked in at +1R (entry=150.00000 price=152.00000)
2026-03-28 14:25:25  INFO      TrailingStopManager: SL lock BUY  NASDAQ:NVDA #12345 [stage 1]: 148.00000 → 150.00000  (entry=150.00000 price=152.00000 1R=2.00000)
2026-03-28 14:25:25  INFO      MT5Executor: SIMULATION: Modified SL for position 12345: 150.0
2026-03-28 14:25:25  INFO      TradingGraph: Running agents for NASDAQ:NVDA
2026-03-28 14:25:25  INFO      TradingGraph: Completed 14 agents
2026-03-28 14:25:25  INFO      TradingGraph: Fusing timeframe signals
2026-03-28 14:25:25  INFO      TradingGraph: Fusion: L=-0.658(csns=1.00), M=0.526(csns=1.00), S=0.166(csns=1.00), align_str=0.000
2026-03-28 14:25:25  INFO      TradingRunner: EXIT [NASDAQ:NVDA #12345 BUY  pnl=+200.00] — D1 flipped bearish (-0.658)
2026-03-28 14:25:25  INFO      MT5Executor: SIMULATION: Closed position 12345
2026-03-28 14:26:25  INFO      MT5Executor: SIMULATION: Partial close 40% of #12345
2026-03-28 14:26:25  INFO      TrailingStopManager: [RISKY] PARTIAL TP BUY NASDAQ:NVDA #12345: 40% locked in at +1R (entry=150.00000 price=152.00000)
2026-03-28 14:26:25  INFO      TrailingStopManager: SL lock BUY  NASDAQ:NVDA #12345 [stage 1]: 148.00000 → 150.00000  (entry=150.00000 price=152.00000 1R=2.00000)
2026-03-28 14:26:25  INFO      MT5Executor: SIMULATION: Modified SL for position 12345: 150.0
2026-03-28 14:26:25  INFO      TradingGraph: Running agents for NASDAQ:NVDA
2026-03-28 14:26:25  INFO      TradingGraph: Completed 14 agents
2026-03-28 14:26:25  INFO      TradingGraph: Fusing timeframe signals
2026-03-28 14:26:25  INFO      TradingGraph: Fusion: L=-0.650(csns=1.00), M=0.407(csns=1.00), S=-0.026(csns=0.33), align_str=0.000
2026-03-28 14:26:25  INFO      TradingRunner: EXIT [NASDAQ:NVDA #12345 BUY  pnl=+200.00] — D1 flipped bearish (-0.650)
2026-03-28 14:26:25  INFO      MT5Executor: SIMULATION: Closed position 12345
2026-03-28 14:27:25  INFO      MT5Executor: SIMULATION: Partial close 40% of #12345
2026-03-28 14:27:25  INFO      TrailingStopManager: [RISKY] PARTIAL TP BUY NASDAQ:NVDA #12345: 40% locked in at +1R (entry=150.00000 price=152.00000)
2026-03-28 14:27:25  INFO      TrailingStopManager: SL lock BUY  NASDAQ:NVDA #12345 [stage 1]: 148.00000 → 150.00000  (entry=150.00000 price=152.00000 1R=2.00000)
2026-03-28 14:27:25  INFO      MT5Executor: SIMULATION: Modified SL for position 12345: 150.0
2026-03-28 14:27:25  INFO      TradingGraph: Running agents for NASDAQ:NVDA
2026-03-28 14:27:25  INFO      TradingGraph: Completed 14 agents
2026-03-28 14:27:25  INFO      TradingGraph: Fusing timeframe signals
2026-03-28 14:27:25  INFO      TradingGraph: Fusion: L=-0.611(csns=1.00), M=0.322(csns=1.00), S=-0.097(csns=0.50), align_str=0.000
2026-03-28 14:27:25  INFO      TradingRunner: EXIT [NASDAQ:NVDA #12345 BUY  pnl=+200.00] — D1 flipped bearish (-0.611)
2026-03-28 14:27:25  INFO      MT5Executor: SIMULATION: Closed position 12345
2026-03-28 14:28:25  INFO      MT5Executor: SIMULATION: Partial close 40% of #12345
2026-03-28 14:28:25  INFO      TrailingStopManager: [RISKY] PARTIAL TP BUY NASDAQ:NVDA #12345: 40% locked in at +1R (entry=150.00000 price=152.00000)
2026-03-28 14:28:25  INFO      TrailingStopManager: SL lock BUY  NASDAQ:NVDA #12345 [stage 1]: 148.00000 → 150.00000  (entry=150.00000 price=152.00000 1R=2.00000)
2026-03-28 14:28:25  INFO      MT5Executor: SIMULATION: Modified SL for position 12345: 150.0
2026-03-28 14:28:26  INFO      TradingGraph: Running agents for NASDAQ:NVDA
2026-03-28 14:28:26  INFO      TradingGraph: Completed 14 agents
2026-03-28 14:28:26  INFO      TradingGraph: Fusing timeframe signals
2026-03-28 14:28:26  INFO      TradingGraph: Fusion: L=-0.658(csns=1.00), M=0.526(csns=1.00), S=0.073(csns=0.75), align_str=0.000
2026-03-28 14:28:26  INFO      TradingRunner: EXIT [NASDAQ:NVDA #12345 BUY  pnl=+200.00] — D1 flipped bearish (-0.658)
2026-03-28 14:28:26  INFO      MT5Executor: SIMULATION: Closed position 12345
2026-03-28 14:28:26  WARNING   TradingRunner: Max daily trades (6) reached — no further entries today
2026-03-28 14:28:26  INFO      TradingRunner: PnL — unrealized: +200.00  realized today: +0.00  total: +200.00
2026-03-28 14:28:26  INFO      TradingRunner: Signal cycle done in 3.7s — sleeping 296s
2026-03-28 14:29:25  INFO      MT5Executor: SIMULATION: Partial close 40% of #12345
2026-03-28 14:29:25  INFO      TrailingStopManager: [RISKY] PARTIAL TP BUY NASDAQ:NVDA #12345: 40% locked in at +1R (entry=150.00000 price=152.00000)
2026-03-28 14:29:25  INFO      TrailingStopManager: SL lock BUY  NASDAQ:NVDA #12345 [stage 1]: 148.00000 → 150.00000  (entry=150.00000 price=152.00000 1R=2.00000)
2026-03-28 14:29:25  INFO      MT5Executor: SIMULATION: Modified SL for position 12345: 150.0
2026-03-28 14:29:25  INFO      TradingGraph: Running agents for NASDAQ:NVDA
2026-03-28 14:29:25  INFO      TradingGraph: Completed 14 agents
2026-03-28 14:29:25  INFO      TradingGraph: Fusing timeframe signals
2026-03-28 14:29:25  INFO      TradingGraph: Fusion: L=-0.618(csns=1.00), M=-0.024(csns=1.00), S=0.013(csns=0.60), align_str=0.000
2026-03-28 14:29:25  INFO      TradingRunner: EXIT [NASDAQ:NVDA #12345 BUY  pnl=+200.00] — D1 flipped bearish (-0.618)
2026-03-28 14:29:25  INFO      MT5Executor: SIMULATION: Closed position 12345
2026-03-28 14:29:25  INFO      TradingRunner: [WATCHDOG] alive | equity=100200.0 | cycle=20 | profile=risky
2026-03-28 14:30:25  INFO      MT5Executor: SIMULATION: Partial close 40% of #12345
2026-03-28 14:30:25  INFO      TrailingStopManager: [RISKY] PARTIAL TP BUY NASDAQ:NVDA #12345: 40% locked in at +1R (entry=150.00000 price=152.00000)
2026-03-28 14:30:25  INFO      TrailingStopManager: SL lock BUY  NASDAQ:NVDA #12345 [stage 1]: 148.00000 → 150.00000  (entry=150.00000 price=152.00000 1R=2.00000)
2026-03-28 14:30:25  INFO      MT5Executor: SIMULATION: Modified SL for position 12345: 150.0
2026-03-28 14:30:25  INFO      TradingGraph: Running agents for NASDAQ:NVDA
2026-03-28 14:30:25  INFO      TradingGraph: Completed 14 agents
2026-03-28 14:30:25  INFO      TradingGraph: Fusing timeframe signals
2026-03-28 14:30:25  INFO      TradingGraph: Fusion: L=-0.658(csns=1.00), M=0.526(csns=1.00), S=0.075(csns=0.75), align_str=0.000
2026-03-28 14:30:25  INFO      TradingRunner: EXIT [NASDAQ:NVDA #12345 BUY  pnl=+200.00] — D1 flipped bearish (-0.658)
2026-03-28 14:30:25  INFO      MT5Executor: SIMULATION: Closed position 12345
2026-03-28 14:31:25  INFO      MT5Executor: SIMULATION: Partial close 40% of #12345
2026-03-28 14:31:25  INFO      TrailingStopManager: [RISKY] PARTIAL TP BUY NASDAQ:NVDA #12345: 40% locked in at +1R (entry=150.00000 price=152.00000)
2026-03-28 14:31:25  INFO      TrailingStopManager: SL lock BUY  NASDAQ:NVDA #12345 [stage 1]: 148.00000 → 150.00000  (entry=150.00000 price=152.00000 1R=2.00000)
2026-03-28 14:31:25  INFO      MT5Executor: SIMULATION: Modified SL for position 12345: 150.0
2026-03-28 14:31:25  INFO      TradingGraph: Running agents for NASDAQ:NVDA
2026-03-28 14:31:25  INFO      TradingGraph: Completed 14 agents
2026-03-28 14:31:25  INFO      TradingGraph: Fusing timeframe signals
2026-03-28 14:31:25  INFO      TradingGraph: Fusion: L=-0.619(csns=1.00), M=-0.004(csns=0.67), S=0.010(csns=0.40), align_str=0.000
2026-03-28 14:31:25  INFO      TradingRunner: EXIT [NASDAQ:NVDA #12345 BUY  pnl=+200.00] — D1 flipped bearish (-0.619)
2026-03-28 14:31:25  INFO      MT5Executor: SIMULATION: Closed position 12345
2026-03-28 14:32:25  INFO      MT5Executor: SIMULATION: Partial close 40% of #12345
2026-03-28 14:32:25  INFO      TrailingStopManager: [RISKY] PARTIAL TP BUY NASDAQ:NVDA #12345: 40% locked in at +1R (entry=150.00000 price=152.00000)
2026-03-28 14:32:25  INFO      TrailingStopManager: SL lock BUY  NASDAQ:NVDA #12345 [stage 1]: 148.00000 → 150.00000  (entry=150.00000 price=152.00000 1R=2.00000)
2026-03-28 14:32:25  INFO      MT5Executor: SIMULATION: Modified SL for position 12345: 150.0
2026-03-28 14:32:25  INFO      TradingGraph: Running agents for NASDAQ:NVDA
2026-03-28 14:32:25  INFO      TradingGraph: Completed 14 agents
2026-03-28 14:32:25  INFO      TradingGraph: Fusing timeframe signals
2026-03-28 14:32:25  INFO      TradingGraph: Fusion: L=-0.622(csns=1.00), M=0.264(csns=1.00), S=0.054(csns=0.40), align_str=0.000
2026-03-28 14:32:25  INFO      TradingRunner: EXIT [NASDAQ:NVDA #12345 BUY  pnl=+200.00] — D1 flipped bearish (-0.622)
2026-03-28 14:32:25  INFO      MT5Executor: SIMULATION: Closed position 12345
2026-03-28 14:33:25  INFO      MT5Executor: SIMULATION: Partial close 40% of #12345
2026-03-28 14:33:25  INFO      TrailingStopManager: [RISKY] PARTIAL TP BUY NASDAQ:NVDA #12345: 40% locked in at +1R (entry=150.00000 price=152.00000)
2026-03-28 14:33:25  INFO      TrailingStopManager: SL lock BUY  NASDAQ:NVDA #12345 [stage 1]: 148.00000 → 150.00000  (entry=150.00000 price=152.00000 1R=2.00000)
2026-03-28 14:33:25  INFO      MT5Executor: SIMULATION: Modified SL for position 12345: 150.0
2026-03-28 14:33:25  INFO      TradingGraph: Running agents for NASDAQ:NVDA
2026-03-28 14:33:25  INFO      TradingGraph: Completed 14 agents
2026-03-28 14:33:25  INFO      TradingGraph: Fusing timeframe signals
2026-03-28 14:33:25  INFO      TradingGraph: Fusion: L=-0.658(csns=1.00), M=0.526(csns=1.00), S=0.075(csns=0.75), align_str=0.000
2026-03-28 14:33:25  INFO      TradingRunner: EXIT [NASDAQ:NVDA #12345 BUY  pnl=+200.00] — D1 flipped bearish (-0.658)
2026-03-28 14:33:25  INFO      MT5Executor: SIMULATION: Closed position 12345
2026-03-28 14:33:25  WARNING   TradingRunner: Max daily trades (6) reached — no further entries today
2026-03-28 14:33:25  INFO      TradingRunner: PnL — unrealized: +200.00  realized today: +0.00  total: +200.00
2026-03-28 14:33:25  INFO      TradingRunner: Signal cycle done in 2.8s — sleeping 297s
2026-03-28 14:34:25  INFO      MT5Executor: SIMULATION: Partial close 40% of #12345
2026-03-28 14:34:25  INFO      TrailingStopManager: [RISKY] PARTIAL TP BUY NASDAQ:NVDA #12345: 40% locked in at +1R (entry=150.00000 price=152.00000)
2026-03-28 14:34:25  INFO      TrailingStopManager: SL lock BUY  NASDAQ:NVDA #12345 [stage 1]: 148.00000 → 150.00000  (entry=150.00000 price=152.00000 1R=2.00000)
2026-03-28 14:34:25  INFO      MT5Executor: SIMULATION: Modified SL for position 12345: 150.0
2026-03-28 14:34:25  INFO      TradingGraph: Running agents for NASDAQ:NVDA
2026-03-28 14:34:25  INFO      TradingGraph: Completed 14 agents
2026-03-28 14:34:25  INFO      TradingGraph: Fusing timeframe signals
2026-03-28 14:34:25  INFO      TradingGraph: Fusion: L=-0.622(csns=1.00), M=0.006(csns=0.50), S=0.025(csns=0.75), align_str=0.000
2026-03-28 14:34:25  INFO      TradingRunner: EXIT [NASDAQ:NVDA #12345 BUY  pnl=+200.00] — D1 flipped bearish (-0.622)
2026-03-28 14:34:25  INFO      MT5Executor: SIMULATION: Closed position 12345
2026-03-28 14:35:25  INFO      MT5Executor: SIMULATION: Partial close 40% of #12345
2026-03-28 14:35:25  INFO      TrailingStopManager: [RISKY] PARTIAL TP BUY NASDAQ:NVDA #12345: 40% locked in at +1R (entry=150.00000 price=152.00000)
2026-03-28 14:35:25  INFO      TrailingStopManager: SL lock BUY  NASDAQ:NVDA #12345 [stage 1]: 148.00000 → 150.00000  (entry=150.00000 price=152.00000 1R=2.00000)
2026-03-28 14:35:25  INFO      MT5Executor: SIMULATION: Modified SL for position 12345: 150.0
2026-03-28 14:35:25  INFO      TradingGraph: Running agents for NASDAQ:NVDA
2026-03-28 14:35:25  INFO      TradingGraph: Completed 14 agents
2026-03-28 14:35:25  INFO      TradingGraph: Fusing timeframe signals
2026-03-28 14:35:25  INFO      TradingGraph: Fusion: L=-0.651(csns=1.00), M=0.285(csns=0.67), S=-0.027(csns=0.33), align_str=0.000
2026-03-28 14:35:25  INFO      TradingRunner: EXIT [NASDAQ:NVDA #12345 BUY  pnl=+200.00] — D1 flipped bearish (-0.651)
2026-03-28 14:35:25  INFO      MT5Executor: SIMULATION: Closed position 12345
2026-03-28 14:36:25  INFO      MT5Executor: SIMULATION: Partial close 40% of #12345
2026-03-28 14:36:25  INFO      TrailingStopManager: [RISKY] PARTIAL TP BUY NASDAQ:NVDA #12345: 40% locked in at +1R (entry=150.00000 price=152.00000)
2026-03-28 14:36:25  INFO      TrailingStopManager: SL lock BUY  NASDAQ:NVDA #12345 [stage 1]: 148.00000 → 150.00000  (entry=150.00000 price=152.00000 1R=2.00000)
2026-03-28 14:36:25  INFO      MT5Executor: SIMULATION: Modified SL for position 12345: 150.0
2026-03-28 14:36:26  INFO      TradingGraph: Running agents for NASDAQ:NVDA
2026-03-28 14:36:26  INFO      TradingGraph: Completed 14 agents
2026-03-28 14:36:26  INFO      TradingGraph: Fusing timeframe signals
2026-03-28 14:36:26  INFO      TradingGraph: Fusion: L=-0.622(csns=1.00), M=0.006(csns=0.50), S=0.025(csns=0.75), align_str=0.000
2026-03-28 14:36:26  INFO      TradingRunner: EXIT [NASDAQ:NVDA #12345 BUY  pnl=+200.00] — D1 flipped bearish (-0.622)
2026-03-28 14:36:26  INFO      MT5Executor: SIMULATION: Closed position 12345
2026-03-28 14:37:25  INFO      MT5Executor: SIMULATION: Partial close 40% of #12345
2026-03-28 14:37:25  INFO      TrailingStopManager: [RISKY] PARTIAL TP BUY NASDAQ:NVDA #12345: 40% locked in at +1R (entry=150.00000 price=152.00000)
2026-03-28 14:37:25  INFO      TrailingStopManager: SL lock BUY  NASDAQ:NVDA #12345 [stage 1]: 148.00000 → 150.00000  (entry=150.00000 price=152.00000 1R=2.00000)
2026-03-28 14:37:25  INFO      MT5Executor: SIMULATION: Modified SL for position 12345: 150.0
2026-03-28 14:37:26  INFO      TradingGraph: Running agents for NASDAQ:NVDA
2026-03-28 14:37:26  INFO      TradingGraph: Completed 14 agents
2026-03-28 14:37:26  INFO      TradingGraph: Fusing timeframe signals
2026-03-28 14:37:26  INFO      TradingGraph: Fusion: L=-0.605(csns=1.00), M=-0.127(csns=1.00), S=0.030(csns=0.75), align_str=0.000
2026-03-28 14:37:26  INFO      TradingRunner: EXIT [NASDAQ:NVDA #12345 BUY  pnl=+200.00] — D1 flipped bearish (-0.605)
2026-03-28 14:37:26  INFO      MT5Executor: SIMULATION: Closed position 12345
2026-03-28 14:38:26  INFO      MT5Executor: SIMULATION: Partial close 40% of #12345
2026-03-28 14:38:26  INFO      TrailingStopManager: [RISKY] PARTIAL TP BUY NASDAQ:NVDA #12345: 40% locked in at +1R (entry=150.00000 price=152.00000)
2026-03-28 14:38:26  INFO      TrailingStopManager: SL lock BUY  NASDAQ:NVDA #12345 [stage 1]: 148.00000 → 150.00000  (entry=150.00000 price=152.00000 1R=2.00000)
2026-03-28 14:38:26  INFO      MT5Executor: SIMULATION: Modified SL for position 12345: 150.0
2026-03-28 14:38:26  INFO      TradingGraph: Running agents for NASDAQ:NVDA
2026-03-28 14:38:26  INFO      TradingGraph: Completed 14 agents
2026-03-28 14:38:26  INFO      TradingGraph: Fusing timeframe signals
2026-03-28 14:38:26  INFO      TradingGraph: Fusion: L=-0.646(csns=1.00), M=0.481(csns=1.00), S=0.148(csns=0.75), align_str=0.000
2026-03-28 14:38:26  INFO      TradingRunner: EXIT [NASDAQ:NVDA #12345 BUY  pnl=+200.00] — D1 flipped bearish (-0.646)
2026-03-28 14:38:26  INFO      MT5Executor: SIMULATION: Closed position 12345
2026-03-28 14:38:26  WARNING   TradingRunner: Max daily trades (6) reached — no further entries today
2026-03-28 14:38:26  INFO      TradingRunner: PnL — unrealized: +200.00  realized today: +0.00  total: +200.00
2026-03-28 14:38:26  INFO      TradingRunner: Signal cycle done in 3.8s — sleeping 296s
2026-03-28 14:39:25  INFO      MT5Executor: SIMULATION: Partial close 40% of #12345
2026-03-28 14:39:25  INFO      TrailingStopManager: [RISKY] PARTIAL TP BUY NASDAQ:NVDA #12345: 40% locked in at +1R (entry=150.00000 price=152.00000)
2026-03-28 14:39:25  INFO      TrailingStopManager: SL lock BUY  NASDAQ:NVDA #12345 [stage 1]: 148.00000 → 150.00000  (entry=150.00000 price=152.00000 1R=2.00000)
2026-03-28 14:39:25  INFO      MT5Executor: SIMULATION: Modified SL for position 12345: 150.0
2026-03-28 14:39:25  INFO      TradingGraph: Running agents for NASDAQ:NVDA
2026-03-28 14:39:25  INFO      TradingGraph: Completed 14 agents
2026-03-28 14:39:25  INFO      TradingGraph: Fusing timeframe signals
2026-03-28 14:39:25  INFO      TradingGraph: Fusion: L=-0.619(csns=1.00), M=0.001(csns=0.33), S=0.040(csns=0.40), align_str=0.000
2026-03-28 14:39:25  INFO      TradingRunner: EXIT [NASDAQ:NVDA #12345 BUY  pnl=+200.00] — D1 flipped bearish (-0.619)
2026-03-28 14:39:25  INFO      MT5Executor: SIMULATION: Closed position 12345
2026-03-28 14:39:56  INFO      TradingRunner: [WATCHDOG] alive | equity=100200.0 | cycle=22 | profile=risky
2026-03-28 14:40:25  INFO      MT5Executor: SIMULATION: Partial close 40% of #12345
2026-03-28 14:40:25  INFO      TrailingStopManager: [RISKY] PARTIAL TP BUY NASDAQ:NVDA #12345: 40% locked in at +1R (entry=150.00000 price=152.00000)
2026-03-28 14:40:25  INFO      TrailingStopManager: SL lock BUY  NASDAQ:NVDA #12345 [stage 1]: 148.00000 → 150.00000  (entry=150.00000 price=152.00000 1R=2.00000)
2026-03-28 14:40:25  INFO      MT5Executor: SIMULATION: Modified SL for position 12345: 150.0
2026-03-28 14:40:26  INFO      TradingGraph: Running agents for NASDAQ:NVDA
2026-03-28 14:40:26  INFO      TradingGraph: Completed 14 agents
2026-03-28 14:40:26  INFO      TradingGraph: Fusing timeframe signals
2026-03-28 14:40:26  INFO      TradingGraph: Fusion: L=-0.660(csns=1.00), M=0.525(csns=1.00), S=0.147(csns=0.75), align_str=0.000
2026-03-28 14:40:26  INFO      TradingRunner: EXIT [NASDAQ:NVDA #12345 BUY  pnl=+200.00] — D1 flipped bearish (-0.660)
2026-03-28 14:40:26  INFO      MT5Executor: SIMULATION: Closed position 12345
2026-03-28 14:41:25  INFO      MT5Executor: SIMULATION: Partial close 40% of #12345
2026-03-28 14:41:25  INFO      TrailingStopManager: [RISKY] PARTIAL TP BUY NASDAQ:NVDA #12345: 40% locked in at +1R (entry=150.00000 price=152.00000)
2026-03-28 14:41:25  INFO      TrailingStopManager: SL lock BUY  NASDAQ:NVDA #12345 [stage 1]: 148.00000 → 150.00000  (entry=150.00000 price=152.00000 1R=2.00000)
2026-03-28 14:41:25  INFO      MT5Executor: SIMULATION: Modified SL for position 12345: 150.0
2026-03-28 14:41:26  INFO      TradingGraph: Running agents for NASDAQ:NVDA
2026-03-28 14:41:26  INFO      TradingGraph: Completed 14 agents
2026-03-28 14:41:26  INFO      TradingGraph: Fusing timeframe signals
2026-03-28 14:41:26  INFO      TradingGraph: Fusion: L=-0.619(csns=1.00), M=0.214(csns=0.67), S=0.141(csns=0.50), align_str=0.000
2026-03-28 14:41:26  INFO      TradingRunner: EXIT [NASDAQ:NVDA #12345 BUY  pnl=+200.00] — D1 flipped bearish (-0.619)
2026-03-28 14:41:26  INFO      MT5Executor: SIMULATION: Closed position 12345
2026-03-28 14:42:25  INFO      MT5Executor: SIMULATION: Partial close 40% of #12345
2026-03-28 14:42:25  INFO      TrailingStopManager: [RISKY] PARTIAL TP BUY NASDAQ:NVDA #12345: 40% locked in at +1R (entry=150.00000 price=152.00000)
2026-03-28 14:42:25  INFO      TrailingStopManager: SL lock BUY  NASDAQ:NVDA #12345 [stage 1]: 148.00000 → 150.00000  (entry=150.00000 price=152.00000 1R=2.00000)
2026-03-28 14:42:25  INFO      MT5Executor: SIMULATION: Modified SL for position 12345: 150.0
2026-03-28 14:42:26  INFO      TradingGraph: Running agents for NASDAQ:NVDA
2026-03-28 14:42:26  INFO      TradingGraph: Completed 14 agents
2026-03-28 14:42:26  INFO      TradingGraph: Fusing timeframe signals
2026-03-28 14:42:26  INFO      TradingGraph: Fusion: L=-0.648(csns=1.00), M=0.289(csns=0.67), S=-0.043(csns=0.40), align_str=0.000
2026-03-28 14:42:26  INFO      TradingRunner: EXIT [NASDAQ:NVDA #12345 BUY  pnl=+200.00] — D1 flipped bearish (-0.648)
2026-03-28 14:42:26  INFO      MT5Executor: SIMULATION: Closed position 12345
2026-03-28 14:43:25  WARNING   TradingRunner: Max daily trades (6) reached — no further entries today
2026-03-28 14:43:25  INFO      TradingRunner: PnL — unrealized: +200.00  realized today: +0.00  total: +200.00
2026-03-28 14:43:25  INFO      TradingRunner: Signal cycle done in 2.6s — sleeping 297s
2026-03-28 14:43:25  INFO      MT5Executor: SIMULATION: Partial close 40% of #12345
2026-03-28 14:43:25  INFO      TrailingStopManager: [RISKY] PARTIAL TP BUY NASDAQ:NVDA #12345: 40% locked in at +1R (entry=150.00000 price=152.00000)
2026-03-28 14:43:25  INFO      TrailingStopManager: SL lock BUY  NASDAQ:NVDA #12345 [stage 1]: 148.00000 → 150.00000  (entry=150.00000 price=152.00000 1R=2.00000)
2026-03-28 14:43:25  INFO      MT5Executor: SIMULATION: Modified SL for position 12345: 150.0
2026-03-28 14:43:26  INFO      TradingGraph: Running agents for NASDAQ:NVDA
2026-03-28 14:43:26  INFO      TradingGraph: Completed 14 agents
2026-03-28 14:43:26  INFO      TradingGraph: Fusing timeframe signals
2026-03-28 14:43:26  INFO      TradingGraph: Fusion: L=-0.622(csns=1.00), M=0.003(csns=0.50), S=0.025(csns=0.75), align_str=0.000
2026-03-28 14:43:26  INFO      TradingRunner: EXIT [NASDAQ:NVDA #12345 BUY  pnl=+200.00] — D1 flipped bearish (-0.622)
2026-03-28 14:43:26  INFO      MT5Executor: SIMULATION: Closed position 12345
2026-03-28 14:44:25  INFO      MT5Executor: SIMULATION: Partial close 40% of #12345
2026-03-28 14:44:25  INFO      TrailingStopManager: [RISKY] PARTIAL TP BUY NASDAQ:NVDA #12345: 40% locked in at +1R (entry=150.00000 price=152.00000)
2026-03-28 14:44:25  INFO      TrailingStopManager: SL lock BUY  NASDAQ:NVDA #12345 [stage 1]: 148.00000 → 150.00000  (entry=150.00000 price=152.00000 1R=2.00000)
2026-03-28 14:44:25  INFO      MT5Executor: SIMULATION: Modified SL for position 12345: 150.0
2026-03-28 14:44:26  INFO      TradingGraph: Running agents for NASDAQ:NVDA
2026-03-28 14:44:26  INFO      TradingGraph: Completed 14 agents
2026-03-28 14:44:26  INFO      TradingGraph: Fusing timeframe signals
2026-03-28 14:44:26  INFO      TradingGraph: Fusion: L=-0.622(csns=1.00), M=0.005(csns=0.50), S=0.049(csns=0.40), align_str=0.000
2026-03-28 14:44:26  INFO      TradingRunner: EXIT [NASDAQ:NVDA #12345 BUY  pnl=+200.00] — D1 flipped bearish (-0.622)
2026-03-28 14:44:26  INFO      MT5Executor: SIMULATION: Closed position 12345
2026-03-28 14:45:26  INFO      MT5Executor: SIMULATION: Partial close 40% of #12345
2026-03-28 14:45:26  INFO      TrailingStopManager: [RISKY] PARTIAL TP BUY NASDAQ:NVDA #12345: 40% locked in at +1R (entry=150.00000 price=152.00000)
2026-03-28 14:45:26  INFO      TrailingStopManager: SL lock BUY  NASDAQ:NVDA #12345 [stage 1]: 148.00000 → 150.00000  (entry=150.00000 price=152.00000 1R=2.00000)
2026-03-28 14:45:26  INFO      MT5Executor: SIMULATION: Modified SL for position 12345: 150.0
2026-03-28 14:45:26  INFO      TradingGraph: Running agents for NASDAQ:NVDA
2026-03-28 14:45:26  INFO      TradingGraph: Completed 14 agents
2026-03-28 14:45:26  INFO      TradingGraph: Fusing timeframe signals
2026-03-28 14:45:26  INFO      TradingGraph: Fusion: L=-0.622(csns=1.00), M=0.006(csns=0.50), S=0.023(csns=0.75), align_str=0.000
2026-03-28 14:45:26  INFO      TradingRunner: EXIT [NASDAQ:NVDA #12345 BUY  pnl=+200.00] — D1 flipped bearish (-0.622)
2026-03-28 14:45:26  INFO      MT5Executor: SIMULATION: Closed position 12345
2026-03-28 14:46:26  INFO      MT5Executor: SIMULATION: Partial close 40% of #12345
2026-03-28 14:46:26  INFO      TrailingStopManager: [RISKY] PARTIAL TP BUY NASDAQ:NVDA #12345: 40% locked in at +1R (entry=150.00000 price=152.00000)
2026-03-28 14:46:26  INFO      TrailingStopManager: SL lock BUY  NASDAQ:NVDA #12345 [stage 1]: 148.00000 → 150.00000  (entry=150.00000 price=152.00000 1R=2.00000)
2026-03-28 14:46:26  INFO      MT5Executor: SIMULATION: Modified SL for position 12345: 150.0
2026-03-28 14:46:26  INFO      TradingGraph: Running agents for NASDAQ:NVDA
2026-03-28 14:46:26  INFO      TradingGraph: Completed 14 agents
2026-03-28 14:46:26  INFO      TradingGraph: Fusing timeframe signals
2026-03-28 14:46:26  INFO      TradingGraph: Fusion: L=-0.622(csns=1.00), M=0.006(csns=0.50), S=0.023(csns=0.75), align_str=0.000
2026-03-28 14:46:26  INFO      TradingRunner: EXIT [NASDAQ:NVDA #12345 BUY  pnl=+200.00] — D1 flipped bearish (-0.622)
2026-03-28 14:46:26  INFO      MT5Executor: SIMULATION: Closed position 12345
2026-03-28 14:47:26  INFO      MT5Executor: SIMULATION: Partial close 40% of #12345
2026-03-28 14:47:26  INFO      TrailingStopManager: [RISKY] PARTIAL TP BUY NASDAQ:NVDA #12345: 40% locked in at +1R (entry=150.00000 price=152.00000)
2026-03-28 14:47:26  INFO      TrailingStopManager: SL lock BUY  NASDAQ:NVDA #12345 [stage 1]: 148.00000 → 150.00000  (entry=150.00000 price=152.00000 1R=2.00000)
2026-03-28 14:47:26  INFO      MT5Executor: SIMULATION: Modified SL for position 12345: 150.0
2026-03-28 14:47:26  INFO      TradingGraph: Running agents for NASDAQ:NVDA
2026-03-28 14:47:26  INFO      TradingGraph: Completed 14 agents
2026-03-28 14:47:26  INFO      TradingGraph: Fusing timeframe signals
2026-03-28 14:47:26  INFO      TradingGraph: Fusion: L=-0.622(csns=1.00), M=0.005(csns=0.50), S=0.051(csns=0.40), align_str=0.000
2026-03-28 14:47:26  INFO      TradingRunner: EXIT [NASDAQ:NVDA #12345 BUY  pnl=+200.00] — D1 flipped bearish (-0.622)
2026-03-28 14:47:26  INFO      MT5Executor: SIMULATION: Closed position 12345
2026-03-28 14:48:25  WARNING   TradingRunner: Max daily trades (6) reached — no further entries today
2026-03-28 14:48:25  INFO      TradingRunner: PnL — unrealized: +200.00  realized today: +0.00  total: +200.00
2026-03-28 14:48:25  INFO      TradingRunner: Signal cycle done in 2.5s — sleeping 298s
2026-03-28 14:48:26  INFO      MT5Executor: SIMULATION: Partial close 40% of #12345
2026-03-28 14:48:26  INFO      TrailingStopManager: [RISKY] PARTIAL TP BUY NASDAQ:NVDA #12345: 40% locked in at +1R (entry=150.00000 price=152.00000)
2026-03-28 14:48:26  INFO      TrailingStopManager: SL lock BUY  NASDAQ:NVDA #12345 [stage 1]: 148.00000 → 150.00000  (entry=150.00000 price=152.00000 1R=2.00000)
2026-03-28 14:48:26  INFO      MT5Executor: SIMULATION: Modified SL for position 12345: 150.0
2026-03-28 14:48:26  INFO      TradingGraph: Running agents for NASDAQ:NVDA
2026-03-28 14:48:26  INFO      TradingGraph: Completed 14 agents
2026-03-28 14:48:26  INFO      TradingGraph: Fusing timeframe signals
2026-03-28 14:48:26  INFO      TradingGraph: Fusion: L=-0.648(csns=1.00), M=0.289(csns=0.67), S=-0.043(csns=0.40), align_str=0.000
2026-03-28 14:48:26  INFO      TradingRunner: EXIT [NASDAQ:NVDA #12345 BUY  pnl=+200.00] — D1 flipped bearish (-0.648)
2026-03-28 14:48:26  INFO      MT5Executor: SIMULATION: Closed position 12345
2026-03-28 14:49:26  INFO      MT5Executor: SIMULATION: Partial close 40% of #12345
2026-03-28 14:49:26  INFO      TrailingStopManager: [RISKY] PARTIAL TP BUY NASDAQ:NVDA #12345: 40% locked in at +1R (entry=150.00000 price=152.00000)
2026-03-28 14:49:26  INFO      TrailingStopManager: SL lock BUY  NASDAQ:NVDA #12345 [stage 1]: 148.00000 → 150.00000  (entry=150.00000 price=152.00000 1R=2.00000)
2026-03-28 14:49:26  INFO      MT5Executor: SIMULATION: Modified SL for position 12345: 150.0
2026-03-28 14:49:26  INFO      TradingGraph: Running agents for NASDAQ:NVDA
2026-03-28 14:49:26  INFO      TradingGraph: Completed 14 agents
2026-03-28 14:49:26  INFO      TradingGraph: Fusing timeframe signals
2026-03-28 14:49:26  INFO      TradingGraph: Fusion: L=-0.622(csns=1.00), M=0.005(csns=0.50), S=0.051(csns=0.40), align_str=0.000
2026-03-28 14:49:26  INFO      TradingRunner: EXIT [NASDAQ:NVDA #12345 BUY  pnl=+200.00] — D1 flipped bearish (-0.622)
2026-03-28 14:49:26  INFO      MT5Executor: SIMULATION: Closed position 12345
2026-03-28 14:50:26  INFO      MT5Executor: SIMULATION: Partial close 40% of #12345
2026-03-28 14:50:26  INFO      TrailingStopManager: [RISKY] PARTIAL TP BUY NASDAQ:NVDA #12345: 40% locked in at +1R (entry=150.00000 price=152.00000)
2026-03-28 14:50:26  INFO      TrailingStopManager: SL lock BUY  NASDAQ:NVDA #12345 [stage 1]: 148.00000 → 150.00000  (entry=150.00000 price=152.00000 1R=2.00000)
2026-03-28 14:50:26  INFO      MT5Executor: SIMULATION: Modified SL for position 12345: 150.0
2026-03-28 14:50:26  INFO      TradingGraph: Running agents for NASDAQ:NVDA
2026-03-28 14:50:26  INFO      TradingGraph: Completed 14 agents
2026-03-28 14:50:26  INFO      TradingGraph: Fusing timeframe signals
2026-03-28 14:50:26  INFO      TradingGraph: Fusion: L=-0.622(csns=1.00), M=-0.004(csns=0.50), S=0.144(csns=0.75), align_str=0.000
2026-03-28 14:50:26  INFO      TradingRunner: EXIT [NASDAQ:NVDA #12345 BUY  pnl=+200.00] — D1 flipped bearish (-0.622)
2026-03-28 14:50:26  INFO      MT5Executor: SIMULATION: Closed position 12345
2026-03-28 14:50:26  INFO      TradingRunner: [WATCHDOG] alive | equity=100200.0 | cycle=24 | profile=risky
2026-03-28 14:51:26  INFO      MT5Executor: SIMULATION: Partial close 40% of #12345
2026-03-28 14:51:26  INFO      TrailingStopManager: [RISKY] PARTIAL TP BUY NASDAQ:NVDA #12345: 40% locked in at +1R (entry=150.00000 price=152.00000)
2026-03-28 14:51:26  INFO      TrailingStopManager: SL lock BUY  NASDAQ:NVDA #12345 [stage 1]: 148.00000 → 150.00000  (entry=150.00000 price=152.00000 1R=2.00000)
2026-03-28 14:51:26  INFO      MT5Executor: SIMULATION: Modified SL for position 12345: 150.0
2026-03-28 14:51:26  INFO      TradingGraph: Running agents for NASDAQ:NVDA
2026-03-28 14:51:26  INFO      TradingGraph: Completed 14 agents
2026-03-28 14:51:26  INFO      TradingGraph: Fusing timeframe signals
2026-03-28 14:51:26  INFO      TradingGraph: Fusion: L=-0.648(csns=1.00), M=0.289(csns=0.67), S=-0.043(csns=0.40), align_str=0.000
2026-03-28 14:51:26  INFO      TradingRunner: EXIT [NASDAQ:NVDA #12345 BUY  pnl=+200.00] — D1 flipped bearish (-0.648)
2026-03-28 14:51:26  INFO      MT5Executor: SIMULATION: Closed position 12345
2026-03-28 14:52:26  INFO      MT5Executor: SIMULATION: Partial close 40% of #12345
2026-03-28 14:52:26  INFO      TrailingStopManager: [RISKY] PARTIAL TP BUY NASDAQ:NVDA #12345: 40% locked in at +1R (entry=150.00000 price=152.00000)
2026-03-28 14:52:26  INFO      TrailingStopManager: SL lock BUY  NASDAQ:NVDA #12345 [stage 1]: 148.00000 → 150.00000  (entry=150.00000 price=152.00000 1R=2.00000)
2026-03-28 14:52:26  INFO      MT5Executor: SIMULATION: Modified SL for position 12345: 150.0
2026-03-28 14:52:26  INFO      TradingGraph: Running agents for NASDAQ:NVDA
2026-03-28 14:52:26  INFO      TradingGraph: Completed 14 agents
2026-03-28 14:52:26  INFO      TradingGraph: Fusing timeframe signals
2026-03-28 14:52:26  INFO      TradingGraph: Fusion: L=-0.622(csns=1.00), M=0.006(csns=0.50), S=0.023(csns=0.75), align_str=0.000
2026-03-28 14:52:26  INFO      TradingRunner: EXIT [NASDAQ:NVDA #12345 BUY  pnl=+200.00] — D1 flipped bearish (-0.622)
2026-03-28 14:52:26  INFO      MT5Executor: SIMULATION: Closed position 12345
2026-03-28 14:53:26  WARNING   TradingRunner: Max daily trades (6) reached — no further entries today
2026-03-28 14:53:26  INFO      TradingRunner: PnL — unrealized: +200.00  realized today: +0.00  total: +200.00
2026-03-28 14:53:26  INFO      TradingRunner: Signal cycle done in 2.9s — sleeping 297s
2026-03-28 14:53:26  INFO      MT5Executor: SIMULATION: Partial close 40% of #12345
2026-03-28 14:53:26  INFO      TrailingStopManager: [RISKY] PARTIAL TP BUY NASDAQ:NVDA #12345: 40% locked in at +1R (entry=150.00000 price=152.00000)
2026-03-28 14:53:26  INFO      TrailingStopManager: SL lock BUY  NASDAQ:NVDA #12345 [stage 1]: 148.00000 → 150.00000  (entry=150.00000 price=152.00000 1R=2.00000)
2026-03-28 14:53:26  INFO      MT5Executor: SIMULATION: Modified SL for position 12345: 150.0
2026-03-28 14:53:26  INFO      TradingGraph: Running agents for NASDAQ:NVDA
2026-03-28 14:53:26  INFO      TradingGraph: Completed 14 agents
2026-03-28 14:53:26  INFO      TradingGraph: Fusing timeframe signals
2026-03-28 14:53:26  INFO      TradingGraph: Fusion: L=-0.622(csns=1.00), M=0.264(csns=1.00), S=0.054(csns=0.40), align_str=0.000
2026-03-28 14:53:26  INFO      TradingRunner: EXIT [NASDAQ:NVDA #12345 BUY  pnl=+200.00] — D1 flipped bearish (-0.622)
2026-03-28 14:53:26  INFO      MT5Executor: SIMULATION: Closed position 12345
2026-03-28 14:54:26  INFO      MT5Executor: SIMULATION: Partial close 40% of #12345
2026-03-28 14:54:26  INFO      TrailingStopManager: [RISKY] PARTIAL TP BUY NASDAQ:NVDA #12345: 40% locked in at +1R (entry=150.00000 price=152.00000)
2026-03-28 14:54:26  INFO      TrailingStopManager: SL lock BUY  NASDAQ:NVDA #12345 [stage 1]: 148.00000 → 150.00000  (entry=150.00000 price=152.00000 1R=2.00000)
2026-03-28 14:54:26  INFO      MT5Executor: SIMULATION: Modified SL for position 12345: 150.0
2026-03-28 14:54:26  INFO      TradingGraph: Running agents for NASDAQ:NVDA
2026-03-28 14:54:26  INFO      TradingGraph: Completed 14 agents
2026-03-28 14:54:26  INFO      TradingGraph: Fusing timeframe signals
2026-03-28 14:54:26  INFO      TradingGraph: Fusion: L=-0.619(csns=1.00), M=0.214(csns=0.67), S=0.140(csns=0.50), align_str=0.000
2026-03-28 14:54:26  INFO      TradingRunner: EXIT [NASDAQ:NVDA #12345 BUY  pnl=+200.00] — D1 flipped bearish (-0.619)
2026-03-28 14:54:26  INFO      MT5Executor: SIMULATION: Closed position 12345
2026-03-28 14:55:26  INFO      MT5Executor: SIMULATION: Partial close 40% of #12345
2026-03-28 14:55:26  INFO      TrailingStopManager: [RISKY] PARTIAL TP BUY NASDAQ:NVDA #12345: 40% locked in at +1R (entry=150.00000 price=152.00000)
2026-03-28 14:55:26  INFO      TrailingStopManager: SL lock BUY  NASDAQ:NVDA #12345 [stage 1]: 148.00000 → 150.00000  (entry=150.00000 price=152.00000 1R=2.00000)
2026-03-28 14:55:26  INFO      MT5Executor: SIMULATION: Modified SL for position 12345: 150.0
2026-03-28 14:55:26  INFO      TradingGraph: Running agents for NASDAQ:NVDA
2026-03-28 14:55:26  INFO      TradingGraph: Completed 14 agents
2026-03-28 14:55:26  INFO      TradingGraph: Fusing timeframe signals
2026-03-28 14:55:26  INFO      TradingGraph: Fusion: L=-0.664(csns=1.00), M=-0.507(csns=1.00), S=-0.062(csns=0.50), align_str=0.276
2026-03-28 14:55:26  INFO      TradingRunner: EXIT [NASDAQ:NVDA #12345 BUY  pnl=+200.00] — D1 flipped bearish (-0.664)
2026-03-28 14:55:26  INFO      MT5Executor: SIMULATION: Closed position 12345
2026-03-28 14:56:26  INFO      MT5Executor: SIMULATION: Partial close 40% of #12345
2026-03-28 14:56:26  INFO      TrailingStopManager: [RISKY] PARTIAL TP BUY NASDAQ:NVDA #12345: 40% locked in at +1R (entry=150.00000 price=152.00000)
2026-03-28 14:56:26  INFO      TrailingStopManager: SL lock BUY  NASDAQ:NVDA #12345 [stage 1]: 148.00000 → 150.00000  (entry=150.00000 price=152.00000 1R=2.00000)
2026-03-28 14:56:26  INFO      MT5Executor: SIMULATION: Modified SL for position 12345: 150.0
2026-03-28 14:56:26  INFO      TradingGraph: Running agents for NASDAQ:NVDA
2026-03-28 14:56:26  INFO      TradingGraph: Completed 14 agents
2026-03-28 14:56:26  INFO      TradingGraph: Fusing timeframe signals
2026-03-28 14:56:26  INFO      TradingGraph: Fusion: L=-0.622(csns=1.00), M=0.485(csns=1.00), S=0.149(csns=0.75), align_str=0.000
2026-03-28 14:56:26  INFO      TradingRunner: EXIT [NASDAQ:NVDA #12345 BUY  pnl=+200.00] — D1 flipped bearish (-0.622)
2026-03-28 14:56:26  INFO      MT5Executor: SIMULATION: Closed position 12345
2026-03-28 14:57:26  INFO      MT5Executor: SIMULATION: Partial close 40% of #12345
2026-03-28 14:57:26  INFO      TrailingStopManager: [RISKY] PARTIAL TP BUY NASDAQ:NVDA #12345: 40% locked in at +1R (entry=150.00000 price=152.00000)
2026-03-28 14:57:26  INFO      TrailingStopManager: SL lock BUY  NASDAQ:NVDA #12345 [stage 1]: 148.00000 → 150.00000  (entry=150.00000 price=152.00000 1R=2.00000)
2026-03-28 14:57:26  INFO      MT5Executor: SIMULATION: Modified SL for position 12345: 150.0
2026-03-28 14:57:26  INFO      TradingGraph: Running agents for NASDAQ:NVDA
2026-03-28 14:57:26  INFO      TradingGraph: Completed 14 agents
2026-03-28 14:57:26  INFO      TradingGraph: Fusing timeframe signals
2026-03-28 14:57:26  INFO      TradingGraph: Fusion: L=-0.622(csns=1.00), M=0.006(csns=0.50), S=0.023(csns=0.75), align_str=0.000
2026-03-28 14:57:26  INFO      TradingRunner: EXIT [NASDAQ:NVDA #12345 BUY  pnl=+200.00] — D1 flipped bearish (-0.622)
2026-03-28 14:57:26  INFO      MT5Executor: SIMULATION: Closed position 12345
2026-03-28 14:58:26  INFO      MT5Executor: SIMULATION: Partial close 40% of #12345
2026-03-28 14:58:26  INFO      TrailingStopManager: [RISKY] PARTIAL TP BUY NASDAQ:NVDA #12345: 40% locked in at +1R (entry=150.00000 price=152.00000)
2026-03-28 14:58:26  INFO      TrailingStopManager: SL lock BUY  NASDAQ:NVDA #12345 [stage 1]: 148.00000 → 150.00000  (entry=150.00000 price=152.00000 1R=2.00000)
2026-03-28 14:58:26  INFO      MT5Executor: SIMULATION: Modified SL for position 12345: 150.0
2026-03-28 14:58:26  INFO      TradingGraph: Running agents for NASDAQ:NVDA
2026-03-28 14:58:26  INFO      TradingGraph: Completed 14 agents
2026-03-28 14:58:26  INFO      TradingGraph: Fusing timeframe signals
2026-03-28 14:58:26  INFO      TradingGraph: Fusion: L=-0.648(csns=1.00), M=0.289(csns=0.67), S=-0.043(csns=0.40), align_str=0.000
2026-03-28 14:58:26  INFO      TradingRunner: EXIT [NASDAQ:NVDA #12345 BUY  pnl=+200.00] — D1 flipped bearish (-0.648)
2026-03-28 14:58:26  INFO      MT5Executor: SIMULATION: Closed position 12345
2026-03-28 14:58:26  WARNING   TradingRunner: Max daily trades (6) reached — no further entries today
2026-03-28 14:58:26  INFO      TradingRunner: PnL — unrealized: +200.00  realized today: +0.00  total: +200.00
2026-03-28 14:58:26  INFO      TradingRunner: Signal cycle done in 3.7s — sleeping 296s
2026-03-28 14:59:26  INFO      MT5Executor: SIMULATION: Partial close 40% of #12345
2026-03-28 14:59:26  INFO      TrailingStopManager: [RISKY] PARTIAL TP BUY NASDAQ:NVDA #12345: 40% locked in at +1R (entry=150.00000 price=152.00000)
2026-03-28 14:59:26  INFO      TrailingStopManager: SL lock BUY  NASDAQ:NVDA #12345 [stage 1]: 148.00000 → 150.00000  (entry=150.00000 price=152.00000 1R=2.00000)
2026-03-28 14:59:26  INFO      MT5Executor: SIMULATION: Modified SL for position 12345: 150.0
2026-03-28 14:59:26  INFO      TradingGraph: Running agents for NASDAQ:NVDA
2026-03-28 14:59:26  INFO      TradingGraph: Completed 14 agents
2026-03-28 14:59:26  INFO      TradingGraph: Fusing timeframe signals
2026-03-28 14:59:26  INFO      TradingGraph: Fusion: L=-0.648(csns=1.00), M=0.427(csns=1.00), S=0.036(csns=0.40), align_str=0.000
2026-03-28 14:59:26  INFO      TradingRunner: EXIT [NASDAQ:NVDA #12345 BUY  pnl=+200.00] — D1 flipped bearish (-0.648)
2026-03-28 14:59:26  INFO      MT5Executor: SIMULATION: Closed position 12345
2026-03-28 15:00:26  INFO      MT5Executor: SIMULATION: Partial close 40% of #12345
2026-03-28 15:00:26  INFO      TrailingStopManager: [RISKY] PARTIAL TP BUY NASDAQ:NVDA #12345: 40% locked in at +1R (entry=150.00000 price=152.00000)
2026-03-28 15:00:26  INFO      TrailingStopManager: SL lock BUY  NASDAQ:NVDA #12345 [stage 1]: 148.00000 → 150.00000  (entry=150.00000 price=152.00000 1R=2.00000)
2026-03-28 15:00:26  INFO      MT5Executor: SIMULATION: Modified SL for position 12345: 150.0
2026-03-28 15:00:26  INFO      TradingGraph: Running agents for NASDAQ:NVDA
2026-03-28 15:00:26  INFO      TradingGraph: Completed 14 agents
2026-03-28 15:00:26  INFO      TradingGraph: Fusing timeframe signals
2026-03-28 15:00:26  INFO      TradingGraph: Fusion: L=-0.622(csns=1.00), M=0.264(csns=1.00), S=0.053(csns=0.40), align_str=0.000
2026-03-28 15:00:26  INFO      TradingRunner: EXIT [NASDAQ:NVDA #12345 BUY  pnl=+200.00] — D1 flipped bearish (-0.622)
2026-03-28 15:00:26  INFO      MT5Executor: SIMULATION: Closed position 12345
2026-03-28 15:00:57  INFO      TradingRunner: [WATCHDOG] alive | equity=100200.0 | cycle=26 | profile=risky
2026-03-28 15:01:26  INFO      MT5Executor: SIMULATION: Partial close 40% of #12345
2026-03-28 15:01:26  INFO      TrailingStopManager: [RISKY] PARTIAL TP BUY NASDAQ:NVDA #12345: 40% locked in at +1R (entry=150.00000 price=152.00000)
2026-03-28 15:01:26  INFO      TrailingStopManager: SL lock BUY  NASDAQ:NVDA #12345 [stage 1]: 148.00000 → 150.00000  (entry=150.00000 price=152.00000 1R=2.00000)
2026-03-28 15:01:26  INFO      MT5Executor: SIMULATION: Modified SL for position 12345: 150.0
2026-03-28 15:01:26  INFO      TradingGraph: Running agents for NASDAQ:NVDA
2026-03-28 15:01:26  INFO      TradingGraph: Completed 14 agents
2026-03-28 15:01:26  INFO      TradingGraph: Fusing timeframe signals
2026-03-28 15:01:26  INFO      TradingGraph: Fusion: L=-0.650(csns=1.00), M=0.407(csns=1.00), S=-0.025(csns=0.33), align_str=0.000
2026-03-28 15:01:26  INFO      TradingRunner: EXIT [NASDAQ:NVDA #12345 BUY  pnl=+200.00] — D1 flipped bearish (-0.650)
2026-03-28 15:01:26  INFO      MT5Executor: SIMULATION: Closed position 12345
2026-03-28 15:02:26  INFO      MT5Executor: SIMULATION: Partial close 40% of #12345
2026-03-28 15:02:26  INFO      TrailingStopManager: [RISKY] PARTIAL TP BUY NASDAQ:NVDA #12345: 40% locked in at +1R (entry=150.00000 price=152.00000)
2026-03-28 15:02:26  INFO      TrailingStopManager: SL lock BUY  NASDAQ:NVDA #12345 [stage 1]: 148.00000 → 150.00000  (entry=150.00000 price=152.00000 1R=2.00000)
2026-03-28 15:02:26  INFO      MT5Executor: SIMULATION: Modified SL for position 12345: 150.0
2026-03-28 15:02:26  INFO      TradingGraph: Running agents for NASDAQ:NVDA
2026-03-28 15:02:26  INFO      TradingGraph: Completed 14 agents
2026-03-28 15:02:26  INFO      TradingGraph: Fusing timeframe signals
2026-03-28 15:02:26  INFO      TradingGraph: Fusion: L=-0.623(csns=1.00), M=-0.004(csns=0.67), S=-0.049(csns=0.33), align_str=0.049
2026-03-28 15:02:26  INFO      TradingRunner: EXIT [NASDAQ:NVDA #12345 BUY  pnl=+200.00] — D1 flipped bearish (-0.623)
2026-03-28 15:02:26  INFO      MT5Executor: SIMULATION: Closed position 12345
2026-03-28 15:03:26  WARNING   TradingRunner: Max daily trades (6) reached — no further entries today
2026-03-28 15:03:26  INFO      TradingRunner: PnL — unrealized: +200.00  realized today: +0.00  total: +200.00
2026-03-28 15:03:26  INFO      TradingRunner: Signal cycle done in 3.2s — sleeping 297s
2026-03-28 15:03:26  INFO      MT5Executor: SIMULATION: Partial close 40% of #12345
2026-03-28 15:03:26  INFO      TrailingStopManager: [RISKY] PARTIAL TP BUY NASDAQ:NVDA #12345: 40% locked in at +1R (entry=150.00000 price=152.00000)
2026-03-28 15:03:26  INFO      TrailingStopManager: SL lock BUY  NASDAQ:NVDA #12345 [stage 1]: 148.00000 → 150.00000  (entry=150.00000 price=152.00000 1R=2.00000)
2026-03-28 15:03:26  INFO      MT5Executor: SIMULATION: Modified SL for position 12345: 150.0
2026-03-28 15:03:26  INFO      TradingGraph: Running agents for NASDAQ:NVDA
2026-03-28 15:03:26  INFO      TradingGraph: Completed 14 agents
2026-03-28 15:03:26  INFO      TradingGraph: Fusing timeframe signals
2026-03-28 15:03:26  INFO      TradingGraph: Fusion: L=-0.648(csns=1.00), M=0.289(csns=0.67), S=-0.044(csns=0.40), align_str=0.000
2026-03-28 15:03:26  INFO      TradingRunner: EXIT [NASDAQ:NVDA #12345 BUY  pnl=+200.00] — D1 flipped bearish (-0.648)
2026-03-28 15:03:26  INFO      MT5Executor: SIMULATION: Closed position 12345
2026-03-28 15:04:26  INFO      MT5Executor: SIMULATION: Partial close 40% of #12345
2026-03-28 15:04:26  INFO      TrailingStopManager: [RISKY] PARTIAL TP BUY NASDAQ:NVDA #12345: 40% locked in at +1R (entry=150.00000 price=152.00000)
2026-03-28 15:04:26  INFO      TrailingStopManager: SL lock BUY  NASDAQ:NVDA #12345 [stage 1]: 148.00000 → 150.00000  (entry=150.00000 price=152.00000 1R=2.00000)
2026-03-28 15:04:26  INFO      MT5Executor: SIMULATION: Modified SL for position 12345: 150.0
2026-03-28 15:04:26  INFO      TradingGraph: Running agents for NASDAQ:NVDA
2026-03-28 15:04:26  INFO      TradingGraph: Completed 14 agents
2026-03-28 15:04:26  INFO      TradingGraph: Fusing timeframe signals
2026-03-28 15:04:26  INFO      TradingGraph: Fusion: L=-0.622(csns=1.00), M=0.006(csns=0.50), S=0.024(csns=0.75), align_str=0.000
2026-03-28 15:04:26  INFO      TradingRunner: EXIT [NASDAQ:NVDA #12345 BUY  pnl=+200.00] — D1 flipped bearish (-0.622)
2026-03-28 15:04:26  INFO      MT5Executor: SIMULATION: Closed position 12345
2026-03-28 15:05:26  INFO      MT5Executor: SIMULATION: Partial close 40% of #12345
2026-03-28 15:05:26  INFO      TrailingStopManager: [RISKY] PARTIAL TP BUY NASDAQ:NVDA #12345: 40% locked in at +1R (entry=150.00000 price=152.00000)
2026-03-28 15:05:26  INFO      TrailingStopManager: SL lock BUY  NASDAQ:NVDA #12345 [stage 1]: 148.00000 → 150.00000  (entry=150.00000 price=152.00000 1R=2.00000)
2026-03-28 15:05:26  INFO      MT5Executor: SIMULATION: Modified SL for position 12345: 150.0
2026-03-28 15:05:27  INFO      TradingGraph: Running agents for NASDAQ:NVDA
2026-03-28 15:05:27  INFO      TradingGraph: Completed 14 agents
2026-03-28 15:05:27  INFO      TradingGraph: Fusing timeframe signals
2026-03-28 15:05:27  INFO      TradingGraph: Fusion: L=-0.622(csns=1.00), M=0.006(csns=0.50), S=0.024(csns=0.75), align_str=0.000
2026-03-28 15:05:27  INFO      TradingRunner: EXIT [NASDAQ:NVDA #12345 BUY  pnl=+200.00] — D1 flipped bearish (-0.622)
2026-03-28 15:05:27  INFO      MT5Executor: SIMULATION: Closed position 12345
2026-03-28 15:06:26  INFO      MT5Executor: SIMULATION: Partial close 40% of #12345
2026-03-28 15:06:26  INFO      TrailingStopManager: [RISKY] PARTIAL TP BUY NASDAQ:NVDA #12345: 40% locked in at +1R (entry=150.00000 price=152.00000)
2026-03-28 15:06:26  INFO      TrailingStopManager: SL lock BUY  NASDAQ:NVDA #12345 [stage 1]: 148.00000 → 150.00000  (entry=150.00000 price=152.00000 1R=2.00000)
2026-03-28 15:06:26  INFO      MT5Executor: SIMULATION: Modified SL for position 12345: 150.0
2026-03-28 15:06:27  INFO      TradingGraph: Running agents for NASDAQ:NVDA
2026-03-28 15:06:27  INFO      TradingGraph: Completed 14 agents
2026-03-28 15:06:27  INFO      TradingGraph: Fusing timeframe signals
2026-03-28 15:06:27  INFO      TradingGraph: Fusion: L=-0.622(csns=1.00), M=0.006(csns=0.50), S=0.024(csns=0.75), align_str=0.000
2026-03-28 15:06:27  INFO      TradingRunner: EXIT [NASDAQ:NVDA #12345 BUY  pnl=+200.00] — D1 flipped bearish (-0.622)
2026-03-28 15:06:27  INFO      MT5Executor: SIMULATION: Closed position 12345
2026-03-28 15:07:26  INFO      MT5Executor: SIMULATION: Partial close 40% of #12345
2026-03-28 15:07:26  INFO      TrailingStopManager: [RISKY] PARTIAL TP BUY NASDAQ:NVDA #12345: 40% locked in at +1R (entry=150.00000 price=152.00000)
2026-03-28 15:07:26  INFO      TrailingStopManager: SL lock BUY  NASDAQ:NVDA #12345 [stage 1]: 148.00000 → 150.00000  (entry=150.00000 price=152.00000 1R=2.00000)
2026-03-28 15:07:26  INFO      MT5Executor: SIMULATION: Modified SL for position 12345: 150.0
2026-03-28 15:07:27  INFO      TradingGraph: Running agents for NASDAQ:NVDA
2026-03-28 15:07:27  INFO      TradingGraph: Completed 14 agents
2026-03-28 15:07:27  INFO      TradingGraph: Fusing timeframe signals
2026-03-28 15:07:27  INFO      TradingGraph: Fusion: L=-0.622(csns=1.00), M=0.005(csns=0.50), S=0.054(csns=0.40), align_str=0.000
2026-03-28 15:07:27  INFO      TradingRunner: EXIT [NASDAQ:NVDA #12345 BUY  pnl=+200.00] — D1 flipped bearish (-0.622)
2026-03-28 15:07:27  INFO      MT5Executor: SIMULATION: Closed position 12345
2026-03-28 15:08:26  WARNING   TradingRunner: Max daily trades (6) reached — no further entries today
2026-03-28 15:08:26  INFO      TradingRunner: PnL — unrealized: +200.00  realized today: +0.00  total: +200.00
2026-03-28 15:08:26  INFO      TradingRunner: Signal cycle done in 2.9s — sleeping 297s
2026-03-28 15:08:26  INFO      MT5Executor: SIMULATION: Partial close 40% of #12345
2026-03-28 15:08:26  INFO      TrailingStopManager: [RISKY] PARTIAL TP BUY NASDAQ:NVDA #12345: 40% locked in at +1R (entry=150.00000 price=152.00000)
2026-03-28 15:08:26  INFO      TrailingStopManager: SL lock BUY  NASDAQ:NVDA #12345 [stage 1]: 148.00000 → 150.00000  (entry=150.00000 price=152.00000 1R=2.00000)
2026-03-28 15:08:26  INFO      MT5Executor: SIMULATION: Modified SL for position 12345: 150.0
2026-03-28 15:08:27  INFO      TradingGraph: Running agents for NASDAQ:NVDA
2026-03-28 15:08:27  INFO      TradingGraph: Completed 14 agents
2026-03-28 15:08:27  INFO      TradingGraph: Fusing timeframe signals
2026-03-28 15:08:27  INFO      TradingGraph: Fusion: L=-0.635(csns=1.00), M=0.326(csns=1.00), S=-0.060(csns=0.50), align_str=0.000
2026-03-28 15:08:27  INFO      TradingRunner: EXIT [NASDAQ:NVDA #12345 BUY  pnl=+200.00] — D1 flipped bearish (-0.635)
2026-03-28 15:08:27  INFO      MT5Executor: SIMULATION: Closed position 12345
2026-03-28 15:09:26  INFO      MT5Executor: SIMULATION: Partial close 40% of #12345
2026-03-28 15:09:26  INFO      TrailingStopManager: [RISKY] PARTIAL TP BUY NASDAQ:NVDA #12345: 40% locked in at +1R (entry=150.00000 price=152.00000)
2026-03-28 15:09:26  INFO      TrailingStopManager: SL lock BUY  NASDAQ:NVDA #12345 [stage 1]: 148.00000 → 150.00000  (entry=150.00000 price=152.00000 1R=2.00000)
2026-03-28 15:09:26  INFO      MT5Executor: SIMULATION: Modified SL for position 12345: 150.0
2026-03-28 15:09:27  INFO      TradingGraph: Running agents for NASDAQ:NVDA
2026-03-28 15:09:27  INFO      TradingGraph: Completed 14 agents
2026-03-28 15:09:27  INFO      TradingGraph: Fusing timeframe signals
2026-03-28 15:09:27  INFO      TradingGraph: Fusion: L=-0.622(csns=1.00), M=0.005(csns=0.50), S=0.054(csns=0.40), align_str=0.000
2026-03-28 15:09:27  INFO      TradingRunner: EXIT [NASDAQ:NVDA #12345 BUY  pnl=+200.00] — D1 flipped bearish (-0.622)
2026-03-28 15:09:27  INFO      MT5Executor: SIMULATION: Closed position 12345
2026-03-28 15:10:27  INFO      MT5Executor: SIMULATION: Partial close 40% of #12345
2026-03-28 15:10:27  INFO      TrailingStopManager: [RISKY] PARTIAL TP BUY NASDAQ:NVDA #12345: 40% locked in at +1R (entry=150.00000 price=152.00000)
2026-03-28 15:10:27  INFO      TrailingStopManager: SL lock BUY  NASDAQ:NVDA #12345 [stage 1]: 148.00000 → 150.00000  (entry=150.00000 price=152.00000 1R=2.00000)
2026-03-28 15:10:27  INFO      MT5Executor: SIMULATION: Modified SL for position 12345: 150.0
2026-03-28 15:10:27  INFO      TradingGraph: Running agents for NASDAQ:NVDA
2026-03-28 15:10:27  INFO      TradingGraph: Completed 14 agents
2026-03-28 15:10:27  INFO      TradingGraph: Fusing timeframe signals
2026-03-28 15:10:27  INFO      TradingGraph: Fusion: L=-0.619(csns=1.00), M=0.001(csns=0.33), S=0.038(csns=0.40), align_str=0.000
2026-03-28 15:10:27  INFO      TradingRunner: EXIT [NASDAQ:NVDA #12345 BUY  pnl=+200.00] — D1 flipped bearish (-0.619)
2026-03-28 15:10:27  INFO      MT5Executor: SIMULATION: Closed position 12345
2026-03-28 15:11:27  INFO      MT5Executor: SIMULATION: Partial close 40% of #12345
2026-03-28 15:11:27  INFO      TrailingStopManager: [RISKY] PARTIAL TP BUY NASDAQ:NVDA #12345: 40% locked in at +1R (entry=150.00000 price=152.00000)
2026-03-28 15:11:27  INFO      TrailingStopManager: SL lock BUY  NASDAQ:NVDA #12345 [stage 1]: 148.00000 → 150.00000  (entry=150.00000 price=152.00000 1R=2.00000)
2026-03-28 15:11:27  INFO      MT5Executor: SIMULATION: Modified SL for position 12345: 150.0
2026-03-28 15:11:27  INFO      TradingGraph: Running agents for NASDAQ:NVDA
2026-03-28 15:11:27  INFO      TradingGraph: Completed 14 agents
2026-03-28 15:11:27  INFO      TradingGraph: Fusing timeframe signals
2026-03-28 15:11:27  INFO      TradingGraph: Fusion: L=-0.648(csns=1.00), M=0.289(csns=0.67), S=-0.044(csns=0.40), align_str=0.000
2026-03-28 15:11:27  INFO      TradingRunner: EXIT [NASDAQ:NVDA #12345 BUY  pnl=+200.00] — D1 flipped bearish (-0.648)
2026-03-28 15:11:27  INFO      MT5Executor: SIMULATION: Closed position 12345
2026-03-28 15:11:27  INFO      TradingRunner: [WATCHDOG] alive | equity=100200.0 | cycle=28 | profile=risky
2026-03-28 15:12:27  INFO      MT5Executor: SIMULATION: Partial close 40% of #12345
2026-03-28 15:12:27  INFO      TrailingStopManager: [RISKY] PARTIAL TP BUY NASDAQ:NVDA #12345: 40% locked in at +1R (entry=150.00000 price=152.00000)
2026-03-28 15:12:27  INFO      TrailingStopManager: SL lock BUY  NASDAQ:NVDA #12345 [stage 1]: 148.00000 → 150.00000  (entry=150.00000 price=152.00000 1R=2.00000)
2026-03-28 15:12:27  INFO      MT5Executor: SIMULATION: Modified SL for position 12345: 150.0
2026-03-28 15:12:27  INFO      TradingGraph: Running agents for NASDAQ:NVDA
2026-03-28 15:12:27  INFO      TradingGraph: Completed 14 agents
2026-03-28 15:12:27  INFO      TradingGraph: Fusing timeframe signals
2026-03-28 15:12:27  INFO      TradingGraph: Fusion: L=-0.648(csns=1.00), M=0.289(csns=0.67), S=-0.044(csns=0.40), align_str=0.000
2026-03-28 15:12:27  INFO      TradingRunner: EXIT [NASDAQ:NVDA #12345 BUY  pnl=+200.00] — D1 flipped bearish (-0.648)
2026-03-28 15:12:27  INFO      MT5Executor: SIMULATION: Closed position 12345
2026-03-28 15:13:26  WARNING   TradingRunner: Max daily trades (6) reached — no further entries today
2026-03-28 15:13:26  INFO      TradingRunner: PnL — unrealized: +200.00  realized today: +0.00  total: +200.00
2026-03-28 15:13:26  INFO      TradingRunner: Signal cycle done in 3.2s — sleeping 297s
2026-03-28 15:13:27  INFO      MT5Executor: SIMULATION: Partial close 40% of #12345
2026-03-28 15:13:27  INFO      TrailingStopManager: [RISKY] PARTIAL TP BUY NASDAQ:NVDA #12345: 40% locked in at +1R (entry=150.00000 price=152.00000)
2026-03-28 15:13:27  INFO      TrailingStopManager: SL lock BUY  NASDAQ:NVDA #12345 [stage 1]: 148.00000 → 150.00000  (entry=150.00000 price=152.00000 1R=2.00000)
2026-03-28 15:13:27  INFO      MT5Executor: SIMULATION: Modified SL for position 12345: 150.0
2026-03-28 15:13:27  INFO      TradingGraph: Running agents for NASDAQ:NVDA
2026-03-28 15:13:27  INFO      TradingGraph: Completed 14 agents
2026-03-28 15:13:27  INFO      TradingGraph: Fusing timeframe signals
2026-03-28 15:13:27  INFO      TradingGraph: Fusion: L=-0.619(csns=1.00), M=0.001(csns=0.33), S=0.038(csns=0.40), align_str=0.000
2026-03-28 15:13:27  INFO      TradingRunner: EXIT [NASDAQ:NVDA #12345 BUY  pnl=+200.00] — D1 flipped bearish (-0.619)
2026-03-28 15:13:27  INFO      MT5Executor: SIMULATION: Closed position 12345
2026-03-28 15:14:27  INFO      MT5Executor: SIMULATION: Partial close 40% of #12345
2026-03-28 15:14:27  INFO      TrailingStopManager: [RISKY] PARTIAL TP BUY NASDAQ:NVDA #12345: 40% locked in at +1R (entry=150.00000 price=152.00000)
2026-03-28 15:14:27  INFO      TrailingStopManager: SL lock BUY  NASDAQ:NVDA #12345 [stage 1]: 148.00000 → 150.00000  (entry=150.00000 price=152.00000 1R=2.00000)
2026-03-28 15:14:27  INFO      MT5Executor: SIMULATION: Modified SL for position 12345: 150.0
2026-03-28 15:14:27  INFO      TradingGraph: Running agents for NASDAQ:NVDA
2026-03-28 15:14:27  INFO      TradingGraph: Completed 14 agents
2026-03-28 15:14:27  INFO      TradingGraph: Fusing timeframe signals
2026-03-28 15:14:27  INFO      TradingGraph: Fusion: L=-0.648(csns=1.00), M=0.427(csns=1.00), S=0.036(csns=0.40), align_str=0.000
2026-03-28 15:14:27  INFO      TradingRunner: EXIT [NASDAQ:NVDA #12345 BUY  pnl=+200.00] — D1 flipped bearish (-0.648)
2026-03-28 15:14:27  INFO      MT5Executor: SIMULATION: Closed position 12345
2026-03-28 15:15:27  INFO      MT5Executor: SIMULATION: Partial close 40% of #12345
2026-03-28 15:15:27  INFO      TrailingStopManager: [RISKY] PARTIAL TP BUY NASDAQ:NVDA #12345: 40% locked in at +1R (entry=150.00000 price=152.00000)
2026-03-28 15:15:27  INFO      TrailingStopManager: SL lock BUY  NASDAQ:NVDA #12345 [stage 1]: 148.00000 → 150.00000  (entry=150.00000 price=152.00000 1R=2.00000)
2026-03-28 15:15:27  INFO      MT5Executor: SIMULATION: Modified SL for position 12345: 150.0
2026-03-28 15:15:27  INFO      TradingGraph: Running agents for NASDAQ:NVDA
2026-03-28 15:15:27  INFO      TradingGraph: Completed 14 agents
2026-03-28 15:15:27  INFO      TradingGraph: Fusing timeframe signals
2026-03-28 15:15:27  INFO      TradingGraph: Fusion: L=-0.657(csns=1.00), M=0.364(csns=0.67), S=0.021(csns=0.80), align_str=0.000
2026-03-28 15:15:27  INFO      TradingRunner: EXIT [NASDAQ:NVDA #12345 BUY  pnl=+200.00] — D1 flipped bearish (-0.657)
2026-03-28 15:15:27  INFO      MT5Executor: SIMULATION: Closed position 12345
2026-03-28 15:16:27  INFO      MT5Executor: SIMULATION: Partial close 40% of #12345
2026-03-28 15:16:27  INFO      TrailingStopManager: [RISKY] PARTIAL TP BUY NASDAQ:NVDA #12345: 40% locked in at +1R (entry=150.00000 price=152.00000)
2026-03-28 15:16:27  INFO      TrailingStopManager: SL lock BUY  NASDAQ:NVDA #12345 [stage 1]: 148.00000 → 150.00000  (entry=150.00000 price=152.00000 1R=2.00000)
2026-03-28 15:16:27  INFO      MT5Executor: SIMULATION: Modified SL for position 12345: 150.0
2026-03-28 15:16:27  INFO      TradingGraph: Running agents for NASDAQ:NVDA
2026-03-28 15:16:27  INFO      TradingGraph: Completed 14 agents
2026-03-28 15:16:27  INFO      TradingGraph: Fusing timeframe signals
2026-03-28 15:16:27  INFO      TradingGraph: Fusion: L=-0.658(csns=1.00), M=0.526(csns=1.00), S=0.079(csns=0.75), align_str=0.000
2026-03-28 15:16:27  INFO      TradingRunner: EXIT [NASDAQ:NVDA #12345 BUY  pnl=+200.00] — D1 flipped bearish (-0.658)
2026-03-28 15:16:27  INFO      MT5Executor: SIMULATION: Closed position 12345
2026-03-28 15:17:27  INFO      MT5Executor: SIMULATION: Partial close 40% of #12345
2026-03-28 15:17:27  INFO      TrailingStopManager: [RISKY] PARTIAL TP BUY NASDAQ:NVDA #12345: 40% locked in at +1R (entry=150.00000 price=152.00000)
2026-03-28 15:17:27  INFO      TrailingStopManager: SL lock BUY  NASDAQ:NVDA #12345 [stage 1]: 148.00000 → 150.00000  (entry=150.00000 price=152.00000 1R=2.00000)
2026-03-28 15:17:27  INFO      MT5Executor: SIMULATION: Modified SL for position 12345: 150.0
2026-03-28 15:17:27  INFO      TradingGraph: Running agents for NASDAQ:NVDA
2026-03-28 15:17:27  INFO      TradingGraph: Completed 14 agents
2026-03-28 15:17:27  INFO      TradingGraph: Fusing timeframe signals
2026-03-28 15:17:27  INFO      TradingGraph: Fusion: L=-0.622(csns=1.00), M=0.005(csns=0.50), S=0.054(csns=0.40), align_str=0.000
2026-03-28 15:17:27  INFO      TradingRunner: EXIT [NASDAQ:NVDA #12345 BUY  pnl=+200.00] — D1 flipped bearish (-0.622)
2026-03-28 15:17:27  INFO      MT5Executor: SIMULATION: Closed position 12345
2026-03-28 15:18:26  WARNING   TradingRunner: Max daily trades (6) reached — no further entries today
2026-03-28 15:18:26  INFO      TradingRunner: PnL — unrealized: +200.00  realized today: +0.00  total: +200.00
2026-03-28 15:18:26  INFO      TradingRunner: Signal cycle done in 3.1s — sleeping 297s
2026-03-28 15:18:27  INFO      MT5Executor: SIMULATION: Partial close 40% of #12345
2026-03-28 15:18:27  INFO      TrailingStopManager: [RISKY] PARTIAL TP BUY NASDAQ:NVDA #12345: 40% locked in at +1R (entry=150.00000 price=152.00000)
2026-03-28 15:18:27  INFO      TrailingStopManager: SL lock BUY  NASDAQ:NVDA #12345 [stage 1]: 148.00000 → 150.00000  (entry=150.00000 price=152.00000 1R=2.00000)
2026-03-28 15:18:27  INFO      MT5Executor: SIMULATION: Modified SL for position 12345: 150.0
2026-03-28 15:18:27  INFO      TradingGraph: Running agents for NASDAQ:NVDA
2026-03-28 15:18:27  INFO      TradingGraph: Completed 14 agents
2026-03-28 15:18:27  INFO      TradingGraph: Fusing timeframe signals
2026-03-28 15:18:27  INFO      TradingGraph: Fusion: L=-0.648(csns=1.00), M=0.289(csns=0.67), S=-0.044(csns=0.40), align_str=0.000
2026-03-28 15:18:27  INFO      TradingRunner: EXIT [NASDAQ:NVDA #12345 BUY  pnl=+200.00] — D1 flipped bearish (-0.648)
2026-03-28 15:18:27  INFO      MT5Executor: SIMULATION: Closed position 12345
2026-03-28 15:19:27  INFO      MT5Executor: SIMULATION: Partial close 40% of #12345
2026-03-28 15:19:27  INFO      TrailingStopManager: [RISKY] PARTIAL TP BUY NASDAQ:NVDA #12345: 40% locked in at +1R (entry=150.00000 price=152.00000)
2026-03-28 15:19:27  INFO      TrailingStopManager: SL lock BUY  NASDAQ:NVDA #12345 [stage 1]: 148.00000 → 150.00000  (entry=150.00000 price=152.00000 1R=2.00000)
2026-03-28 15:19:27  INFO      MT5Executor: SIMULATION: Modified SL for position 12345: 150.0
2026-03-28 15:19:27  INFO      TradingGraph: Running agents for NASDAQ:NVDA
2026-03-28 15:19:27  INFO      TradingGraph: Completed 14 agents
2026-03-28 15:19:27  INFO      TradingGraph: Fusing timeframe signals
2026-03-28 15:19:27  INFO      TradingGraph: Fusion: L=-0.622(csns=1.00), M=0.264(csns=1.00), S=0.053(csns=0.40), align_str=0.000
2026-03-28 15:19:27  INFO      TradingRunner: EXIT [NASDAQ:NVDA #12345 BUY  pnl=+200.00] — D1 flipped bearish (-0.622)
2026-03-28 15:19:27  INFO      MT5Executor: SIMULATION: Closed position 12345
2026-03-28 15:20:27  INFO      MT5Executor: SIMULATION: Partial close 40% of #12345
2026-03-28 15:20:27  INFO      TrailingStopManager: [RISKY] PARTIAL TP BUY NASDAQ:NVDA #12345: 40% locked in at +1R (entry=150.00000 price=152.00000)
2026-03-28 15:20:27  INFO      TrailingStopManager: SL lock BUY  NASDAQ:NVDA #12345 [stage 1]: 148.00000 → 150.00000  (entry=150.00000 price=152.00000 1R=2.00000)
2026-03-28 15:20:27  INFO      MT5Executor: SIMULATION: Modified SL for position 12345: 150.0
2026-03-28 15:20:27  INFO      TradingGraph: Running agents for NASDAQ:NVDA
2026-03-28 15:20:27  INFO      TradingGraph: Completed 14 agents
2026-03-28 15:20:27  INFO      TradingGraph: Fusing timeframe signals
2026-03-28 15:20:27  INFO      TradingGraph: Fusion: L=-0.622(csns=1.00), M=0.005(csns=0.50), S=0.054(csns=0.40), align_str=0.000
2026-03-28 15:20:27  INFO      TradingRunner: EXIT [NASDAQ:NVDA #12345 BUY  pnl=+200.00] — D1 flipped bearish (-0.622)
2026-03-28 15:20:27  INFO      MT5Executor: SIMULATION: Closed position 12345
2026-03-28 15:21:27  INFO      MT5Executor: SIMULATION: Partial close 40% of #12345
2026-03-28 15:21:27  INFO      TrailingStopManager: [RISKY] PARTIAL TP BUY NASDAQ:NVDA #12345: 40% locked in at +1R (entry=150.00000 price=152.00000)
2026-03-28 15:21:27  INFO      TrailingStopManager: SL lock BUY  NASDAQ:NVDA #12345 [stage 1]: 148.00000 → 150.00000  (entry=150.00000 price=152.00000 1R=2.00000)
2026-03-28 15:21:27  INFO      MT5Executor: SIMULATION: Modified SL for position 12345: 150.0
2026-03-28 15:21:27  INFO      TradingGraph: Running agents for NASDAQ:NVDA
2026-03-28 15:21:27  INFO      TradingGraph: Completed 14 agents
2026-03-28 15:21:27  INFO      TradingGraph: Fusing timeframe signals
2026-03-28 15:21:27  INFO      TradingGraph: Fusion: L=-0.622(csns=1.00), M=0.006(csns=0.50), S=0.024(csns=0.75), align_str=0.000
2026-03-28 15:21:27  INFO      TradingRunner: EXIT [NASDAQ:NVDA #12345 BUY  pnl=+200.00] — D1 flipped bearish (-0.622)
2026-03-28 15:21:27  INFO      MT5Executor: SIMULATION: Closed position 12345
2026-03-28 15:21:57  INFO      TradingRunner: [WATCHDOG] alive | equity=100200.0 | cycle=30 | profile=risky
2026-03-28 15:22:27  INFO      MT5Executor: SIMULATION: Partial close 40% of #12345
2026-03-28 15:22:27  INFO      TrailingStopManager: [RISKY] PARTIAL TP BUY NASDAQ:NVDA #12345: 40% locked in at +1R (entry=150.00000 price=152.00000)
2026-03-28 15:22:27  INFO      TrailingStopManager: SL lock BUY  NASDAQ:NVDA #12345 [stage 1]: 148.00000 → 150.00000  (entry=150.00000 price=152.00000 1R=2.00000)
2026-03-28 15:22:27  INFO      MT5Executor: SIMULATION: Modified SL for position 12345: 150.0
2026-03-28 15:22:27  INFO      TradingGraph: Running agents for NASDAQ:NVDA
2026-03-28 15:22:27  INFO      TradingGraph: Completed 14 agents
2026-03-28 15:22:27  INFO      TradingGraph: Fusing timeframe signals
2026-03-28 15:22:27  INFO      TradingGraph: Fusion: L=-0.619(csns=1.00), M=0.001(csns=0.33), S=0.038(csns=0.40), align_str=0.000
2026-03-28 15:22:27  INFO      TradingRunner: EXIT [NASDAQ:NVDA #12345 BUY  pnl=+200.00] — D1 flipped bearish (-0.619)
2026-03-28 15:22:27  INFO      MT5Executor: SIMULATION: Closed position 12345
2026-03-28 15:23:26  WARNING   TradingRunner: Max daily trades (6) reached — no further entries today
2026-03-28 15:23:26  INFO      TradingRunner: PnL — unrealized: +200.00  realized today: +0.00  total: +200.00
2026-03-28 15:23:26  INFO      TradingRunner: Signal cycle done in 3.4s — sleeping 297s
2026-03-28 15:23:27  INFO      MT5Executor: SIMULATION: Partial close 40% of #12345
2026-03-28 15:23:27  INFO      TrailingStopManager: [RISKY] PARTIAL TP BUY NASDAQ:NVDA #12345: 40% locked in at +1R (entry=150.00000 price=152.00000)
2026-03-28 15:23:27  INFO      TrailingStopManager: SL lock BUY  NASDAQ:NVDA #12345 [stage 1]: 148.00000 → 150.00000  (entry=150.00000 price=152.00000 1R=2.00000)
2026-03-28 15:23:27  INFO      MT5Executor: SIMULATION: Modified SL for position 12345: 150.0
2026-03-28 15:23:27  INFO      TradingGraph: Running agents for NASDAQ:NVDA
2026-03-28 15:23:27  INFO      TradingGraph: Completed 14 agents
2026-03-28 15:23:27  INFO      TradingGraph: Fusing timeframe signals
2026-03-28 15:23:27  INFO      TradingGraph: Fusion: L=-0.623(csns=1.00), M=0.001(csns=0.33), S=0.104(csns=0.50), align_str=0.000
2026-03-28 15:23:27  INFO      TradingRunner: EXIT [NASDAQ:NVDA #12345 BUY  pnl=+200.00] — D1 flipped bearish (-0.623)
2026-03-28 15:23:27  INFO      MT5Executor: SIMULATION: Closed position 12345
2026-03-28 15:24:27  INFO      MT5Executor: SIMULATION: Partial close 40% of #12345
2026-03-28 15:24:27  INFO      TrailingStopManager: [RISKY] PARTIAL TP BUY NASDAQ:NVDA #12345: 40% locked in at +1R (entry=150.00000 price=152.00000)
2026-03-28 15:24:27  INFO      TrailingStopManager: SL lock BUY  NASDAQ:NVDA #12345 [stage 1]: 148.00000 → 150.00000  (entry=150.00000 price=152.00000 1R=2.00000)
2026-03-28 15:24:27  INFO      MT5Executor: SIMULATION: Modified SL for position 12345: 150.0
2026-03-28 15:24:27  INFO      TradingGraph: Running agents for NASDAQ:NVDA
2026-03-28 15:24:27  INFO      TradingGraph: Completed 14 agents
2026-03-28 15:24:27  INFO      TradingGraph: Fusing timeframe signals
2026-03-28 15:24:27  INFO      TradingGraph: Fusion: L=-0.619(csns=1.00), M=0.214(csns=0.67), S=0.140(csns=0.50), align_str=0.000
2026-03-28 15:24:27  INFO      TradingRunner: EXIT [NASDAQ:NVDA #12345 BUY  pnl=+200.00] — D1 flipped bearish (-0.619)
2026-03-28 15:24:27  INFO      MT5Executor: SIMULATION: Closed position 12345
2026-03-28 15:25:27  INFO      MT5Executor: SIMULATION: Partial close 40% of #12345
2026-03-28 15:25:27  INFO      TrailingStopManager: [RISKY] PARTIAL TP BUY NASDAQ:NVDA #12345: 40% locked in at +1R (entry=150.00000 price=152.00000)
2026-03-28 15:25:27  INFO      TrailingStopManager: SL lock BUY  NASDAQ:NVDA #12345 [stage 1]: 148.00000 → 150.00000  (entry=150.00000 price=152.00000 1R=2.00000)
2026-03-28 15:25:27  INFO      MT5Executor: SIMULATION: Modified SL for position 12345: 150.0
2026-03-28 15:25:27  INFO      TradingGraph: Running agents for NASDAQ:NVDA
2026-03-28 15:25:27  INFO      TradingGraph: Completed 14 agents
2026-03-28 15:25:27  INFO      TradingGraph: Fusing timeframe signals
2026-03-28 15:25:27  INFO      TradingGraph: Fusion: L=-0.622(csns=1.00), M=0.264(csns=1.00), S=0.053(csns=0.40), align_str=0.000
2026-03-28 15:25:27  INFO      TradingRunner: EXIT [NASDAQ:NVDA #12345 BUY  pnl=+200.00] — D1 flipped bearish (-0.622)
2026-03-28 15:25:27  INFO      MT5Executor: SIMULATION: Closed position 12345
2026-03-28 15:26:27  INFO      MT5Executor: SIMULATION: Partial close 40% of #12345
2026-03-28 15:26:27  INFO      TrailingStopManager: [RISKY] PARTIAL TP BUY NASDAQ:NVDA #12345: 40% locked in at +1R (entry=150.00000 price=152.00000)
2026-03-28 15:26:27  INFO      TrailingStopManager: SL lock BUY  NASDAQ:NVDA #12345 [stage 1]: 148.00000 → 150.00000  (entry=150.00000 price=152.00000 1R=2.00000)
2026-03-28 15:26:27  INFO      MT5Executor: SIMULATION: Modified SL for position 12345: 150.0
2026-03-28 15:26:27  INFO      TradingGraph: Running agents for NASDAQ:NVDA
2026-03-28 15:26:27  INFO      TradingGraph: Completed 14 agents
2026-03-28 15:26:27  INFO      TradingGraph: Fusing timeframe signals
2026-03-28 15:26:27  INFO      TradingGraph: Fusion: L=-0.615(csns=1.00), M=-0.421(csns=1.00), S=0.025(csns=0.60), align_str=0.000
2026-03-28 15:26:27  INFO      TradingRunner: EXIT [NASDAQ:NVDA #12345 BUY  pnl=+200.00] — D1 flipped bearish (-0.615)
2026-03-28 15:26:27  INFO      MT5Executor: SIMULATION: Closed position 12345
2026-03-28 15:27:27  INFO      MT5Executor: SIMULATION: Partial close 40% of #12345
2026-03-28 15:27:27  INFO      TrailingStopManager: [RISKY] PARTIAL TP BUY NASDAQ:NVDA #12345: 40% locked in at +1R (entry=150.00000 price=152.00000)
2026-03-28 15:27:27  INFO      TrailingStopManager: SL lock BUY  NASDAQ:NVDA #12345 [stage 1]: 148.00000 → 150.00000  (entry=150.00000 price=152.00000 1R=2.00000)
2026-03-28 15:27:27  INFO      MT5Executor: SIMULATION: Modified SL for position 12345: 150.0
2026-03-28 15:27:27  INFO      TradingGraph: Running agents for NASDAQ:NVDA
2026-03-28 15:27:27  INFO      TradingGraph: Completed 14 agents
2026-03-28 15:27:27  INFO      TradingGraph: Fusing timeframe signals
2026-03-28 15:27:27  INFO      TradingGraph: Fusion: L=-0.619(csns=1.00), M=0.001(csns=0.33), S=0.038(csns=0.40), align_str=0.000
2026-03-28 15:27:27  INFO      TradingRunner: EXIT [NASDAQ:NVDA #12345 BUY  pnl=+200.00] — D1 flipped bearish (-0.619)
2026-03-28 15:27:27  INFO      MT5Executor: SIMULATION: Closed position 12345
2026-03-28 15:28:26  WARNING   TradingRunner: Max daily trades (6) reached — no further entries today
2026-03-28 15:28:26  INFO      TradingRunner: PnL — unrealized: +200.00  realized today: +0.00  total: +200.00
2026-03-28 15:28:26  INFO      TradingRunner: Signal cycle done in 2.7s — sleeping 297s
2026-03-28 15:28:27  INFO      MT5Executor: SIMULATION: Partial close 40% of #12345
2026-03-28 15:28:27  INFO      TrailingStopManager: [RISKY] PARTIAL TP BUY NASDAQ:NVDA #12345: 40% locked in at +1R (entry=150.00000 price=152.00000)
2026-03-28 15:28:27  INFO      TrailingStopManager: SL lock BUY  NASDAQ:NVDA #12345 [stage 1]: 148.00000 → 150.00000  (entry=150.00000 price=152.00000 1R=2.00000)
2026-03-28 15:28:27  INFO      MT5Executor: SIMULATION: Modified SL for position 12345: 150.0
2026-03-28 15:28:27  INFO      TradingGraph: Running agents for NASDAQ:NVDA
2026-03-28 15:28:27  INFO      TradingGraph: Completed 14 agents
2026-03-28 15:28:27  INFO      TradingGraph: Fusing timeframe signals
2026-03-28 15:28:27  INFO      TradingGraph: Fusion: L=-0.622(csns=1.00), M=0.005(csns=0.50), S=0.054(csns=0.40), align_str=0.000
2026-03-28 15:28:27  INFO      TradingRunner: EXIT [NASDAQ:NVDA #12345 BUY  pnl=+200.00] — D1 flipped bearish (-0.622)
2026-03-28 15:28:27  INFO      MT5Executor: SIMULATION: Closed position 12345
2026-03-28 15:29:27  INFO      MT5Executor: SIMULATION: Partial close 40% of #12345
2026-03-28 15:29:27  INFO      TrailingStopManager: [RISKY] PARTIAL TP BUY NASDAQ:NVDA #12345: 40% locked in at +1R (entry=150.00000 price=152.00000)
2026-03-28 15:29:27  INFO      TrailingStopManager: SL lock BUY  NASDAQ:NVDA #12345 [stage 1]: 148.00000 → 150.00000  (entry=150.00000 price=152.00000 1R=2.00000)
2026-03-28 15:29:27  INFO      MT5Executor: SIMULATION: Modified SL for position 12345: 150.0
2026-03-28 15:29:27  INFO      TradingGraph: Running agents for NASDAQ:NVDA
2026-03-28 15:29:27  INFO      TradingGraph: Completed 14 agents
2026-03-28 15:29:27  INFO      TradingGraph: Fusing timeframe signals
2026-03-28 15:29:27  INFO      TradingGraph: Fusion: L=-0.622(csns=1.00), M=0.006(csns=0.50), S=0.024(csns=0.75), align_str=0.000
2026-03-28 15:29:27  INFO      TradingRunner: EXIT [NASDAQ:NVDA #12345 BUY  pnl=+200.00] — D1 flipped bearish (-0.622)
2026-03-28 15:29:27  INFO      MT5Executor: SIMULATION: Closed position 12345
2026-03-28 15:30:27  INFO      MT5Executor: SIMULATION: Partial close 40% of #12345
2026-03-28 15:30:27  INFO      TrailingStopManager: [RISKY] PARTIAL TP BUY NASDAQ:NVDA #12345: 40% locked in at +1R (entry=150.00000 price=152.00000)
2026-03-28 15:30:27  INFO      TrailingStopManager: SL lock BUY  NASDAQ:NVDA #12345 [stage 1]: 148.00000 → 150.00000  (entry=150.00000 price=152.00000 1R=2.00000)
2026-03-28 15:30:27  INFO      MT5Executor: SIMULATION: Modified SL for position 12345: 150.0
2026-03-28 15:30:28  INFO      TradingGraph: Running agents for NASDAQ:NVDA
2026-03-28 15:30:28  INFO      TradingGraph: Completed 14 agents
2026-03-28 15:30:28  INFO      TradingGraph: Fusing timeframe signals
2026-03-28 15:30:28  INFO      TradingGraph: Fusion: L=-0.622(csns=1.00), M=0.006(csns=0.50), S=0.024(csns=0.75), align_str=0.000
2026-03-28 15:30:28  INFO      TradingRunner: EXIT [NASDAQ:NVDA #12345 BUY  pnl=+200.00] — D1 flipped bearish (-0.622)
2026-03-28 15:30:28  INFO      MT5Executor: SIMULATION: Closed position 12345
2026-03-28 15:31:27  INFO      MT5Executor: SIMULATION: Partial close 40% of #12345
2026-03-28 15:31:27  INFO      TrailingStopManager: [RISKY] PARTIAL TP BUY NASDAQ:NVDA #12345: 40% locked in at +1R (entry=150.00000 price=152.00000)
2026-03-28 15:31:27  INFO      TrailingStopManager: SL lock BUY  NASDAQ:NVDA #12345 [stage 1]: 148.00000 → 150.00000  (entry=150.00000 price=152.00000 1R=2.00000)
2026-03-28 15:31:27  INFO      MT5Executor: SIMULATION: Modified SL for position 12345: 150.0
2026-03-28 15:31:28  INFO      TradingGraph: Running agents for NASDAQ:NVDA
2026-03-28 15:31:28  INFO      TradingGraph: Completed 14 agents
2026-03-28 15:31:28  INFO      TradingGraph: Fusing timeframe signals
2026-03-28 15:31:28  INFO      TradingGraph: Fusion: L=-0.648(csns=1.00), M=0.427(csns=1.00), S=0.036(csns=0.40), align_str=0.000
2026-03-28 15:31:28  INFO      TradingRunner: EXIT [NASDAQ:NVDA #12345 BUY  pnl=+200.00] — D1 flipped bearish (-0.648)
2026-03-28 15:31:28  INFO      MT5Executor: SIMULATION: Closed position 12345
2026-03-28 15:32:27  INFO      MT5Executor: SIMULATION: Partial close 40% of #12345
2026-03-28 15:32:27  INFO      TrailingStopManager: [RISKY] PARTIAL TP BUY NASDAQ:NVDA #12345: 40% locked in at +1R (entry=150.00000 price=152.00000)
2026-03-28 15:32:27  INFO      TrailingStopManager: SL lock BUY  NASDAQ:NVDA #12345 [stage 1]: 148.00000 → 150.00000  (entry=150.00000 price=152.00000 1R=2.00000)
2026-03-28 15:32:27  INFO      MT5Executor: SIMULATION: Modified SL for position 12345: 150.0
2026-03-28 15:32:28  INFO      TradingGraph: Running agents for NASDAQ:NVDA
2026-03-28 15:32:28  INFO      TradingRunner: [WATCHDOG] alive | equity=100200.0 | cycle=32 | profile=risky
2026-03-28 15:32:28  INFO      TradingGraph: Completed 14 agents
2026-03-28 15:32:28  INFO      TradingGraph: Fusing timeframe signals
2026-03-28 15:32:28  INFO      TradingGraph: Fusion: L=-0.664(csns=1.00), M=-0.507(csns=1.00), S=-0.063(csns=0.50), align_str=0.277
2026-03-28 15:32:28  INFO      TradingRunner: EXIT [NASDAQ:NVDA #12345 BUY  pnl=+200.00] — D1 flipped bearish (-0.664)
2026-03-28 15:32:28  INFO      MT5Executor: SIMULATION: Closed position 12345
2026-03-28 15:33:26  WARNING   TradingRunner: Max daily trades (6) reached — no further entries today
2026-03-28 15:33:26  INFO      TradingRunner: PnL — unrealized: +200.00  realized today: +0.00  total: +200.00
2026-03-28 15:33:26  INFO      TradingRunner: Signal cycle done in 2.9s — sleeping 297s
2026-03-28 15:33:27  INFO      MT5Executor: SIMULATION: Partial close 40% of #12345
2026-03-28 15:33:27  INFO      TrailingStopManager: [RISKY] PARTIAL TP BUY NASDAQ:NVDA #12345: 40% locked in at +1R (entry=150.00000 price=152.00000)
2026-03-28 15:33:27  INFO      TrailingStopManager: SL lock BUY  NASDAQ:NVDA #12345 [stage 1]: 148.00000 → 150.00000  (entry=150.00000 price=152.00000 1R=2.00000)
2026-03-28 15:33:27  INFO      MT5Executor: SIMULATION: Modified SL for position 12345: 150.0
2026-03-28 15:33:28  INFO      TradingGraph: Running agents for NASDAQ:NVDA
2026-03-28 15:33:28  INFO      TradingGraph: Completed 14 agents
2026-03-28 15:33:28  INFO      TradingGraph: Fusing timeframe signals
2026-03-28 15:33:28  INFO      TradingGraph: Fusion: L=-0.615(csns=1.00), M=0.003(csns=0.50), S=0.029(csns=0.75), align_str=0.000
2026-03-28 15:33:28  INFO      TradingRunner: EXIT [NASDAQ:NVDA #12345 BUY  pnl=+200.00] — D1 flipped bearish (-0.615)
2026-03-28 15:33:28  INFO      MT5Executor: SIMULATION: Closed position 12345
2026-03-28 15:34:27  INFO      MT5Executor: SIMULATION: Partial close 40% of #12345
2026-03-28 15:34:27  INFO      TrailingStopManager: [RISKY] PARTIAL TP BUY NASDAQ:NVDA #12345: 40% locked in at +1R (entry=150.00000 price=152.00000)
2026-03-28 15:34:27  INFO      TrailingStopManager: SL lock BUY  NASDAQ:NVDA #12345 [stage 1]: 148.00000 → 150.00000  (entry=150.00000 price=152.00000 1R=2.00000)
2026-03-28 15:34:27  INFO      MT5Executor: SIMULATION: Modified SL for position 12345: 150.0
2026-03-28 15:34:28  INFO      TradingGraph: Running agents for NASDAQ:NVDA
2026-03-28 15:34:28  INFO      TradingGraph: Completed 14 agents
2026-03-28 15:34:28  INFO      TradingGraph: Fusing timeframe signals
2026-03-28 15:34:28  INFO      TradingGraph: Fusion: L=-0.622(csns=1.00), M=0.264(csns=1.00), S=0.053(csns=0.40), align_str=0.000
2026-03-28 15:34:28  INFO      TradingRunner: EXIT [NASDAQ:NVDA #12345 BUY  pnl=+200.00] — D1 flipped bearish (-0.622)
2026-03-28 15:34:28  INFO      MT5Executor: SIMULATION: Closed position 12345
2026-03-28 15:35:28  INFO      MT5Executor: SIMULATION: Partial close 40% of #12345
2026-03-28 15:35:28  INFO      TrailingStopManager: [RISKY] PARTIAL TP BUY NASDAQ:NVDA #12345: 40% locked in at +1R (entry=150.00000 price=152.00000)
2026-03-28 15:35:28  INFO      TrailingStopManager: SL lock BUY  NASDAQ:NVDA #12345 [stage 1]: 148.00000 → 150.00000  (entry=150.00000 price=152.00000 1R=2.00000)
2026-03-28 15:35:28  INFO      MT5Executor: SIMULATION: Modified SL for position 12345: 150.0
2026-03-28 15:35:28  INFO      TradingGraph: Running agents for NASDAQ:NVDA
2026-03-28 15:35:28  INFO      TradingGraph: Completed 14 agents
2026-03-28 15:35:28  INFO      TradingGraph: Fusing timeframe signals
2026-03-28 15:35:28  INFO      TradingGraph: Fusion: L=-0.648(csns=1.00), M=0.289(csns=0.67), S=-0.045(csns=0.40), align_str=0.000
2026-03-28 15:35:28  INFO      TradingRunner: EXIT [NASDAQ:NVDA #12345 BUY  pnl=+200.00] — D1 flipped bearish (-0.648)
2026-03-28 15:35:28  INFO      MT5Executor: SIMULATION: Closed position 12345
2026-03-28 15:36:28  INFO      MT5Executor: SIMULATION: Partial close 40% of #12345
2026-03-28 15:36:28  INFO      TrailingStopManager: [RISKY] PARTIAL TP BUY NASDAQ:NVDA #12345: 40% locked in at +1R (entry=150.00000 price=152.00000)
2026-03-28 15:36:28  INFO      TrailingStopManager: SL lock BUY  NASDAQ:NVDA #12345 [stage 1]: 148.00000 → 150.00000  (entry=150.00000 price=152.00000 1R=2.00000)
2026-03-28 15:36:28  INFO      MT5Executor: SIMULATION: Modified SL for position 12345: 150.0
2026-03-28 15:36:28  INFO      TradingGraph: Running agents for NASDAQ:NVDA
2026-03-28 15:36:28  INFO      TradingGraph: Completed 14 agents
2026-03-28 15:36:28  INFO      TradingGraph: Fusing timeframe signals
2026-03-28 15:36:28  INFO      TradingGraph: Fusion: L=-0.667(csns=1.00), M=-0.509(csns=1.00), S=-0.123(csns=0.80), align_str=0.347
2026-03-28 15:36:28  INFO      TradingRunner: EXIT [NASDAQ:NVDA #12345 BUY  pnl=+200.00] — D1 flipped bearish (-0.667)
2026-03-28 15:36:28  INFO      MT5Executor: SIMULATION: Closed position 12345
2026-03-28 15:37:28  INFO      MT5Executor: SIMULATION: Partial close 40% of #12345
2026-03-28 15:37:28  INFO      TrailingStopManager: [RISKY] PARTIAL TP BUY NASDAQ:NVDA #12345: 40% locked in at +1R (entry=150.00000 price=152.00000)
2026-03-28 15:37:28  INFO      TrailingStopManager: SL lock BUY  NASDAQ:NVDA #12345 [stage 1]: 148.00000 → 150.00000  (entry=150.00000 price=152.00000 1R=2.00000)
2026-03-28 15:37:28  INFO      MT5Executor: SIMULATION: Modified SL for position 12345: 150.0
2026-03-28 15:37:28  INFO      TradingGraph: Running agents for NASDAQ:NVDA
2026-03-28 15:37:28  INFO      TradingGraph: Completed 14 agents
2026-03-28 15:37:28  INFO      TradingGraph: Fusing timeframe signals
2026-03-28 15:37:28  INFO      TradingGraph: Fusion: L=-0.602(csns=1.00), M=-0.120(csns=1.00), S=0.031(csns=0.75), align_str=0.000
2026-03-28 15:37:28  INFO      TradingRunner: EXIT [NASDAQ:NVDA #12345 BUY  pnl=+200.00] — D1 flipped bearish (-0.602)
2026-03-28 15:37:28  INFO      MT5Executor: SIMULATION: Closed position 12345
2026-03-28 15:38:26  WARNING   TradingRunner: Max daily trades (6) reached — no further entries today
2026-03-28 15:38:26  INFO      TradingRunner: PnL — unrealized: +200.00  realized today: +0.00  total: +200.00
2026-03-28 15:38:26  INFO      TradingRunner: Signal cycle done in 3.0s — sleeping 297s
2026-03-28 15:38:28  INFO      MT5Executor: SIMULATION: Partial close 40% of #12345
2026-03-28 15:38:28  INFO      TrailingStopManager: [RISKY] PARTIAL TP BUY NASDAQ:NVDA #12345: 40% locked in at +1R (entry=150.00000 price=152.00000)
2026-03-28 15:38:28  INFO      TrailingStopManager: SL lock BUY  NASDAQ:NVDA #12345 [stage 1]: 148.00000 → 150.00000  (entry=150.00000 price=152.00000 1R=2.00000)
2026-03-28 15:38:28  INFO      MT5Executor: SIMULATION: Modified SL for position 12345: 150.0
2026-03-28 15:38:28  INFO      TradingGraph: Running agents for NASDAQ:NVDA
2026-03-28 15:38:28  INFO      TradingGraph: Completed 14 agents
2026-03-28 15:38:28  INFO      TradingGraph: Fusing timeframe signals
2026-03-28 15:38:28  INFO      TradingGraph: Fusion: L=-0.622(csns=1.00), M=0.006(csns=0.50), S=0.024(csns=0.75), align_str=0.000
2026-03-28 15:38:28  INFO      TradingRunner: EXIT [NASDAQ:NVDA #12345 BUY  pnl=+200.00] — D1 flipped bearish (-0.622)
2026-03-28 15:38:28  INFO      MT5Executor: SIMULATION: Closed position 12345
2026-03-28 15:39:28  INFO      MT5Executor: SIMULATION: Partial close 40% of #12345
2026-03-28 15:39:28  INFO      TrailingStopManager: [RISKY] PARTIAL TP BUY NASDAQ:NVDA #12345: 40% locked in at +1R (entry=150.00000 price=152.00000)
2026-03-28 15:39:28  INFO      TrailingStopManager: SL lock BUY  NASDAQ:NVDA #12345 [stage 1]: 148.00000 → 150.00000  (entry=150.00000 price=152.00000 1R=2.00000)
2026-03-28 15:39:28  INFO      MT5Executor: SIMULATION: Modified SL for position 12345: 150.0
2026-03-28 15:39:28  INFO      TradingGraph: Running agents for NASDAQ:NVDA
2026-03-28 15:39:28  INFO      TradingGraph: Completed 14 agents
2026-03-28 15:39:28  INFO      TradingGraph: Fusing timeframe signals
2026-03-28 15:39:28  INFO      TradingGraph: Fusion: L=-0.648(csns=1.00), M=0.427(csns=1.00), S=0.036(csns=0.40), align_str=0.000
2026-03-28 15:39:28  INFO      TradingRunner: EXIT [NASDAQ:NVDA #12345 BUY  pnl=+200.00] — D1 flipped bearish (-0.648)
2026-03-28 15:39:28  INFO      MT5Executor: SIMULATION: Closed position 12345
2026-03-28 15:40:28  INFO      MT5Executor: SIMULATION: Partial close 40% of #12345
2026-03-28 15:40:28  INFO      TrailingStopManager: [RISKY] PARTIAL TP BUY NASDAQ:NVDA #12345: 40% locked in at +1R (entry=150.00000 price=152.00000)
2026-03-28 15:40:28  INFO      TrailingStopManager: SL lock BUY  NASDAQ:NVDA #12345 [stage 1]: 148.00000 → 150.00000  (entry=150.00000 price=152.00000 1R=2.00000)
2026-03-28 15:40:28  INFO      MT5Executor: SIMULATION: Modified SL for position 12345: 150.0
2026-03-28 15:40:28  INFO      TradingGraph: Running agents for NASDAQ:NVDA
2026-03-28 15:40:28  INFO      TradingGraph: Completed 14 agents
2026-03-28 15:40:28  INFO      TradingGraph: Fusing timeframe signals
2026-03-28 15:40:28  INFO      TradingGraph: Fusion: L=-0.648(csns=1.00), M=0.427(csns=1.00), S=0.036(csns=0.40), align_str=0.000
2026-03-28 15:40:28  INFO      TradingRunner: EXIT [NASDAQ:NVDA #12345 BUY  pnl=+200.00] — D1 flipped bearish (-0.648)
2026-03-28 15:40:28  INFO      MT5Executor: SIMULATION: Closed position 12345
2026-03-28 15:41:28  INFO      MT5Executor: SIMULATION: Partial close 40% of #12345
2026-03-28 15:41:28  INFO      TrailingStopManager: [RISKY] PARTIAL TP BUY NASDAQ:NVDA #12345: 40% locked in at +1R (entry=150.00000 price=152.00000)
2026-03-28 15:41:28  INFO      TrailingStopManager: SL lock BUY  NASDAQ:NVDA #12345 [stage 1]: 148.00000 → 150.00000  (entry=150.00000 price=152.00000 1R=2.00000)
2026-03-28 15:41:28  INFO      MT5Executor: SIMULATION: Modified SL for position 12345: 150.0
2026-03-28 15:41:28  INFO      TradingGraph: Running agents for NASDAQ:NVDA
2026-03-28 15:41:28  INFO      TradingGraph: Completed 14 agents
2026-03-28 15:41:28  INFO      TradingGraph: Fusing timeframe signals
2026-03-28 15:41:28  INFO      TradingGraph: Fusion: L=-0.622(csns=1.00), M=0.005(csns=0.50), S=0.057(csns=0.40), align_str=0.000
2026-03-28 15:41:28  INFO      TradingRunner: EXIT [NASDAQ:NVDA #12345 BUY  pnl=+200.00] — D1 flipped bearish (-0.622)
2026-03-28 15:41:28  INFO      MT5Executor: SIMULATION: Closed position 12345
2026-03-28 15:42:28  INFO      MT5Executor: SIMULATION: Partial close 40% of #12345
2026-03-28 15:42:28  INFO      TrailingStopManager: [RISKY] PARTIAL TP BUY NASDAQ:NVDA #12345: 40% locked in at +1R (entry=150.00000 price=152.00000)
2026-03-28 15:42:28  INFO      TrailingStopManager: SL lock BUY  NASDAQ:NVDA #12345 [stage 1]: 148.00000 → 150.00000  (entry=150.00000 price=152.00000 1R=2.00000)
2026-03-28 15:42:28  INFO      MT5Executor: SIMULATION: Modified SL for position 12345: 150.0
2026-03-28 15:42:28  INFO      TradingGraph: Running agents for NASDAQ:NVDA
2026-03-28 15:42:28  INFO      TradingGraph: Completed 14 agents
2026-03-28 15:42:28  INFO      TradingGraph: Fusing timeframe signals
2026-03-28 15:42:28  INFO      TradingGraph: Fusion: L=-0.622(csns=1.00), M=0.006(csns=0.50), S=0.024(csns=0.75), align_str=0.000
2026-03-28 15:42:28  INFO      TradingRunner: EXIT [NASDAQ:NVDA #12345 BUY  pnl=+200.00] — D1 flipped bearish (-0.622)
2026-03-28 15:42:28  INFO      MT5Executor: SIMULATION: Closed position 12345
2026-03-28 15:42:58  INFO      TradingRunner: [WATCHDOG] alive | equity=100200.0 | cycle=34 | profile=risky
2026-03-28 15:43:26  WARNING   TradingRunner: Max daily trades (6) reached — no further entries today
2026-03-28 15:43:26  INFO      TradingRunner: PnL — unrealized: +200.00  realized today: +0.00  total: +200.00
2026-03-28 15:43:26  INFO      TradingRunner: Signal cycle done in 2.7s — sleeping 297s
2026-03-28 15:43:28  INFO      MT5Executor: SIMULATION: Partial close 40% of #12345
2026-03-28 15:43:28  INFO      TrailingStopManager: [RISKY] PARTIAL TP BUY NASDAQ:NVDA #12345: 40% locked in at +1R (entry=150.00000 price=152.00000)
2026-03-28 15:43:28  INFO      TrailingStopManager: SL lock BUY  NASDAQ:NVDA #12345 [stage 1]: 148.00000 → 150.00000  (entry=150.00000 price=152.00000 1R=2.00000)
2026-03-28 15:43:28  INFO      MT5Executor: SIMULATION: Modified SL for position 12345: 150.0
2026-03-28 15:43:28  INFO      TradingGraph: Running agents for NASDAQ:NVDA
2026-03-28 15:43:28  INFO      TradingGraph: Completed 14 agents
2026-03-28 15:43:28  INFO      TradingGraph: Fusing timeframe signals
2026-03-28 15:43:28  INFO      TradingGraph: Fusion: L=-0.658(csns=1.00), M=0.526(csns=1.00), S=0.083(csns=0.75), align_str=0.000
2026-03-28 15:43:28  INFO      TradingRunner: EXIT [NASDAQ:NVDA #12345 BUY  pnl=+200.00] — D1 flipped bearish (-0.658)
2026-03-28 15:43:28  INFO      MT5Executor: SIMULATION: Closed position 12345
2026-03-28 15:44:28  INFO      MT5Executor: SIMULATION: Partial close 40% of #12345
2026-03-28 15:44:28  INFO      TrailingStopManager: [RISKY] PARTIAL TP BUY NASDAQ:NVDA #12345: 40% locked in at +1R (entry=150.00000 price=152.00000)
2026-03-28 15:44:28  INFO      TrailingStopManager: SL lock BUY  NASDAQ:NVDA #12345 [stage 1]: 148.00000 → 150.00000  (entry=150.00000 price=152.00000 1R=2.00000)
2026-03-28 15:44:28  INFO      MT5Executor: SIMULATION: Modified SL for position 12345: 150.0
2026-03-28 15:44:28  INFO      TradingGraph: Running agents for NASDAQ:NVDA
2026-03-28 15:44:28  INFO      TradingGraph: Completed 14 agents
2026-03-28 15:44:28  INFO      TradingGraph: Fusing timeframe signals
2026-03-28 15:44:28  INFO      TradingGraph: Fusion: L=-0.622(csns=1.00), M=0.005(csns=0.50), S=0.057(csns=0.40), align_str=0.000
2026-03-28 15:44:28  INFO      TradingRunner: EXIT [NASDAQ:NVDA #12345 BUY  pnl=+200.00] — D1 flipped bearish (-0.622)
2026-03-28 15:44:28  INFO      MT5Executor: SIMULATION: Closed position 12345
2026-03-28 15:45:28  INFO      MT5Executor: SIMULATION: Partial close 40% of #12345
2026-03-28 15:45:28  INFO      TrailingStopManager: [RISKY] PARTIAL TP BUY NASDAQ:NVDA #12345: 40% locked in at +1R (entry=150.00000 price=152.00000)
2026-03-28 15:45:28  INFO      TrailingStopManager: SL lock BUY  NASDAQ:NVDA #12345 [stage 1]: 148.00000 → 150.00000  (entry=150.00000 price=152.00000 1R=2.00000)
2026-03-28 15:45:28  INFO      MT5Executor: SIMULATION: Modified SL for position 12345: 150.0
2026-03-28 15:45:28  INFO      TradingGraph: Running agents for NASDAQ:NVDA
2026-03-28 15:45:28  INFO      TradingGraph: Completed 14 agents
2026-03-28 15:45:28  INFO      TradingGraph: Fusing timeframe signals
2026-03-28 15:45:28  INFO      TradingGraph: Fusion: L=-0.648(csns=1.00), M=0.289(csns=0.67), S=-0.047(csns=0.40), align_str=0.000
2026-03-28 15:45:28  INFO      TradingRunner: EXIT [NASDAQ:NVDA #12345 BUY  pnl=+200.00] — D1 flipped bearish (-0.648)
2026-03-28 15:45:28  INFO      MT5Executor: SIMULATION: Closed position 12345
2026-03-28 15:46:28  INFO      MT5Executor: SIMULATION: Partial close 40% of #12345
2026-03-28 15:46:28  INFO      TrailingStopManager: [RISKY] PARTIAL TP BUY NASDAQ:NVDA #12345: 40% locked in at +1R (entry=150.00000 price=152.00000)
2026-03-28 15:46:28  INFO      TrailingStopManager: SL lock BUY  NASDAQ:NVDA #12345 [stage 1]: 148.00000 → 150.00000  (entry=150.00000 price=152.00000 1R=2.00000)
2026-03-28 15:46:28  INFO      MT5Executor: SIMULATION: Modified SL for position 12345: 150.0
2026-03-28 15:46:28  INFO      TradingGraph: Running agents for NASDAQ:NVDA
2026-03-28 15:46:28  INFO      TradingGraph: Completed 14 agents
2026-03-28 15:46:28  INFO      TradingGraph: Fusing timeframe signals
2026-03-28 15:46:28  INFO      TradingGraph: Fusion: L=-0.622(csns=1.00), M=0.006(csns=0.50), S=0.024(csns=0.75), align_str=0.000
2026-03-28 15:46:28  INFO      TradingRunner: EXIT [NASDAQ:NVDA #12345 BUY  pnl=+200.00] — D1 flipped bearish (-0.622)
2026-03-28 15:46:28  INFO      MT5Executor: SIMULATION: Closed position 12345
2026-03-28 15:47:28  INFO      MT5Executor: SIMULATION: Partial close 40% of #12345
2026-03-28 15:47:28  INFO      TrailingStopManager: [RISKY] PARTIAL TP BUY NASDAQ:NVDA #12345: 40% locked in at +1R (entry=150.00000 price=152.00000)
2026-03-28 15:47:28  INFO      TrailingStopManager: SL lock BUY  NASDAQ:NVDA #12345 [stage 1]: 148.00000 → 150.00000  (entry=150.00000 price=152.00000 1R=2.00000)
2026-03-28 15:47:28  INFO      MT5Executor: SIMULATION: Modified SL for position 12345: 150.0
2026-03-28 15:47:28  INFO      TradingGraph: Running agents for NASDAQ:NVDA
2026-03-28 15:47:28  INFO      TradingGraph: Completed 14 agents
2026-03-28 15:47:28  INFO      TradingGraph: Fusing timeframe signals
2026-03-28 15:47:28  INFO      TradingGraph: Fusion: L=-0.622(csns=1.00), M=0.264(csns=1.00), S=0.053(csns=0.40), align_str=0.000
2026-03-28 15:47:28  INFO      TradingRunner: EXIT [NASDAQ:NVDA #12345 BUY  pnl=+200.00] — D1 flipped bearish (-0.622)
2026-03-28 15:47:28  INFO      MT5Executor: SIMULATION: Closed position 12345
2026-03-28 15:48:26  WARNING   TradingRunner: Max daily trades (6) reached — no further entries today
2026-03-28 15:48:26  INFO      TradingRunner: PnL — unrealized: +200.00  realized today: +0.00  total: +200.00
2026-03-28 15:48:26  INFO      TradingRunner: Signal cycle done in 2.7s — sleeping 297s
2026-03-28 15:48:28  INFO      MT5Executor: SIMULATION: Partial close 40% of #12345
2026-03-28 15:48:28  INFO      TrailingStopManager: [RISKY] PARTIAL TP BUY NASDAQ:NVDA #12345: 40% locked in at +1R (entry=150.00000 price=152.00000)
2026-03-28 15:48:28  INFO      TrailingStopManager: SL lock BUY  NASDAQ:NVDA #12345 [stage 1]: 148.00000 → 150.00000  (entry=150.00000 price=152.00000 1R=2.00000)
2026-03-28 15:48:28  INFO      MT5Executor: SIMULATION: Modified SL for position 12345: 150.0
2026-03-28 15:48:28  INFO      TradingGraph: Running agents for NASDAQ:NVDA
2026-03-28 15:48:28  INFO      TradingGraph: Completed 14 agents
2026-03-28 15:48:28  INFO      TradingGraph: Fusing timeframe signals
2026-03-28 15:48:28  INFO      TradingGraph: Fusion: L=-0.619(csns=1.00), M=0.001(csns=0.33), S=0.038(csns=0.40), align_str=0.000
2026-03-28 15:48:28  INFO      TradingRunner: EXIT [NASDAQ:NVDA #12345 BUY  pnl=+200.00] — D1 flipped bearish (-0.619)
2026-03-28 15:48:28  INFO      MT5Executor: SIMULATION: Closed position 12345
2026-03-28 15:49:28  INFO      MT5Executor: SIMULATION: Partial close 40% of #12345
2026-03-28 15:49:28  INFO      TrailingStopManager: [RISKY] PARTIAL TP BUY NASDAQ:NVDA #12345: 40% locked in at +1R (entry=150.00000 price=152.00000)
2026-03-28 15:49:28  INFO      TrailingStopManager: SL lock BUY  NASDAQ:NVDA #12345 [stage 1]: 148.00000 → 150.00000  (entry=150.00000 price=152.00000 1R=2.00000)
2026-03-28 15:49:28  INFO      MT5Executor: SIMULATION: Modified SL for position 12345: 150.0
2026-03-28 15:49:28  INFO      TradingGraph: Running agents for NASDAQ:NVDA
2026-03-28 15:49:28  INFO      TradingGraph: Completed 14 agents
2026-03-28 15:49:28  INFO      TradingGraph: Fusing timeframe signals
2026-03-28 15:49:28  INFO      TradingGraph: Fusion: L=-0.622(csns=1.00), M=0.264(csns=1.00), S=0.053(csns=0.40), align_str=0.000
2026-03-28 15:49:28  INFO      TradingRunner: EXIT [NASDAQ:NVDA #12345 BUY  pnl=+200.00] — D1 flipped bearish (-0.622)
2026-03-28 15:49:28  INFO      MT5Executor: SIMULATION: Closed position 12345
2026-03-28 15:50:28  INFO      MT5Executor: SIMULATION: Partial close 40% of #12345
2026-03-28 15:50:28  INFO      TrailingStopManager: [RISKY] PARTIAL TP BUY NASDAQ:NVDA #12345: 40% locked in at +1R (entry=150.00000 price=152.00000)
2026-03-28 15:50:28  INFO      TrailingStopManager: SL lock BUY  NASDAQ:NVDA #12345 [stage 1]: 148.00000 → 150.00000  (entry=150.00000 price=152.00000 1R=2.00000)
2026-03-28 15:50:28  INFO      MT5Executor: SIMULATION: Modified SL for position 12345: 150.0
2026-03-28 15:50:28  INFO      TradingGraph: Running agents for NASDAQ:NVDA
2026-03-28 15:50:28  INFO      TradingGraph: Completed 14 agents
2026-03-28 15:50:28  INFO      TradingGraph: Fusing timeframe signals
2026-03-28 15:50:28  INFO      TradingGraph: Fusion: L=-0.622(csns=1.00), M=0.264(csns=1.00), S=0.053(csns=0.40), align_str=0.000
2026-03-28 15:50:28  INFO      TradingRunner: EXIT [NASDAQ:NVDA #12345 BUY  pnl=+200.00] — D1 flipped bearish (-0.622)
2026-03-28 15:50:28  INFO      MT5Executor: SIMULATION: Closed position 12345
2026-03-28 15:51:28  INFO      MT5Executor: SIMULATION: Partial close 40% of #12345
2026-03-28 15:51:28  INFO      TrailingStopManager: [RISKY] PARTIAL TP BUY NASDAQ:NVDA #12345: 40% locked in at +1R (entry=150.00000 price=152.00000)
2026-03-28 15:51:28  INFO      TrailingStopManager: SL lock BUY  NASDAQ:NVDA #12345 [stage 1]: 148.00000 → 150.00000  (entry=150.00000 price=152.00000 1R=2.00000)
2026-03-28 15:51:28  INFO      MT5Executor: SIMULATION: Modified SL for position 12345: 150.0
2026-03-28 15:51:28  INFO      TradingGraph: Running agents for NASDAQ:NVDA
2026-03-28 15:51:28  INFO      TradingGraph: Completed 14 agents
2026-03-28 15:51:28  INFO      TradingGraph: Fusing timeframe signals
2026-03-28 15:51:28  INFO      TradingGraph: Fusion: L=-0.622(csns=1.00), M=0.264(csns=1.00), S=0.053(csns=0.40), align_str=0.000
2026-03-28 15:51:28  INFO      TradingRunner: EXIT [NASDAQ:NVDA #12345 BUY  pnl=+200.00] — D1 flipped bearish (-0.622)
2026-03-28 15:51:28  INFO      MT5Executor: SIMULATION: Closed position 12345
2026-03-28 15:52:28  INFO      MT5Executor: SIMULATION: Partial close 40% of #12345
2026-03-28 15:52:28  INFO      TrailingStopManager: [RISKY] PARTIAL TP BUY NASDAQ:NVDA #12345: 40% locked in at +1R (entry=150.00000 price=152.00000)
2026-03-28 15:52:28  INFO      TrailingStopManager: SL lock BUY  NASDAQ:NVDA #12345 [stage 1]: 148.00000 → 150.00000  (entry=150.00000 price=152.00000 1R=2.00000)
2026-03-28 15:52:28  INFO      MT5Executor: SIMULATION: Modified SL for position 12345: 150.0
2026-03-28 15:52:28  INFO      TradingGraph: Running agents for NASDAQ:NVDA
2026-03-28 15:52:29  INFO      TradingGraph: Completed 14 agents
2026-03-28 15:52:29  INFO      TradingGraph: Fusing timeframe signals
2026-03-28 15:52:29  INFO      TradingGraph: Fusion: L=-0.619(csns=1.00), M=0.001(csns=0.33), S=0.038(csns=0.40), align_str=0.000
2026-03-28 15:52:29  INFO      TradingRunner: EXIT [NASDAQ:NVDA #12345 BUY  pnl=+200.00] — D1 flipped bearish (-0.619)
2026-03-28 15:52:29  INFO      MT5Executor: SIMULATION: Closed position 12345
2026-03-28 15:53:26  WARNING   TradingRunner: Max daily trades (6) reached — no further entries today
2026-03-28 15:53:26  INFO      TradingRunner: PnL — unrealized: +200.00  realized today: +0.00  total: +200.00
2026-03-28 15:53:26  INFO      TradingRunner: Signal cycle done in 3.0s — sleeping 297s
2026-03-28 15:53:28  INFO      MT5Executor: SIMULATION: Partial close 40% of #12345
2026-03-28 15:53:28  INFO      TrailingStopManager: [RISKY] PARTIAL TP BUY NASDAQ:NVDA #12345: 40% locked in at +1R (entry=150.00000 price=152.00000)
2026-03-28 15:53:28  INFO      TrailingStopManager: SL lock BUY  NASDAQ:NVDA #12345 [stage 1]: 148.00000 → 150.00000  (entry=150.00000 price=152.00000 1R=2.00000)
2026-03-28 15:53:28  INFO      MT5Executor: SIMULATION: Modified SL for position 12345: 150.0
2026-03-28 15:53:28  INFO      TradingGraph: Running agents for NASDAQ:NVDA
2026-03-28 15:53:28  INFO      TradingRunner: [WATCHDOG] alive | equity=100200.0 | cycle=37 | profile=risky
2026-03-28 15:53:28  INFO      TradingGraph: Completed 14 agents
2026-03-28 15:53:28  INFO      TradingGraph: Fusing timeframe signals
2026-03-28 15:53:28  INFO      TradingGraph: Fusion: L=-0.658(csns=1.00), M=0.526(csns=1.00), S=0.086(csns=0.75), align_str=0.000
2026-03-28 15:53:28  INFO      TradingRunner: EXIT [NASDAQ:NVDA #12345 BUY  pnl=+200.00] — D1 flipped bearish (-0.658)
2026-03-28 15:53:28  INFO      MT5Executor: SIMULATION: Closed position 12345
2026-03-28 15:54:28  INFO      MT5Executor: SIMULATION: Partial close 40% of #12345
2026-03-28 15:54:28  INFO      TrailingStopManager: [RISKY] PARTIAL TP BUY NASDAQ:NVDA #12345: 40% locked in at +1R (entry=150.00000 price=152.00000)
2026-03-28 15:54:28  INFO      TrailingStopManager: SL lock BUY  NASDAQ:NVDA #12345 [stage 1]: 148.00000 → 150.00000  (entry=150.00000 price=152.00000 1R=2.00000)
2026-03-28 15:54:28  INFO      MT5Executor: SIMULATION: Modified SL for position 12345: 150.0
2026-03-28 15:54:29  INFO      TradingGraph: Running agents for NASDAQ:NVDA
2026-03-28 15:54:29  INFO      TradingGraph: Completed 14 agents
2026-03-28 15:54:29  INFO      TradingGraph: Fusing timeframe signals
2026-03-28 15:54:29  INFO      TradingGraph: Fusion: L=-0.622(csns=1.00), M=0.006(csns=0.50), S=0.024(csns=0.75), align_str=0.000
2026-03-28 15:54:29  INFO      TradingRunner: EXIT [NASDAQ:NVDA #12345 BUY  pnl=+200.00] — D1 flipped bearish (-0.622)
2026-03-28 15:54:29  INFO      MT5Executor: SIMULATION: Closed position 12345
2026-03-28 15:55:28  INFO      MT5Executor: SIMULATION: Partial close 40% of #12345
2026-03-28 15:55:28  INFO      TrailingStopManager: [RISKY] PARTIAL TP BUY NASDAQ:NVDA #12345: 40% locked in at +1R (entry=150.00000 price=152.00000)
2026-03-28 15:55:28  INFO      TrailingStopManager: SL lock BUY  NASDAQ:NVDA #12345 [stage 1]: 148.00000 → 150.00000  (entry=150.00000 price=152.00000 1R=2.00000)
2026-03-28 15:55:28  INFO      MT5Executor: SIMULATION: Modified SL for position 12345: 150.0
2026-03-28 15:55:29  INFO      TradingGraph: Running agents for NASDAQ:NVDA
2026-03-28 15:55:29  INFO      TradingGraph: Completed 14 agents
2026-03-28 15:55:29  INFO      TradingGraph: Fusing timeframe signals
2026-03-28 15:55:29  INFO      TradingGraph: Fusion: L=-0.622(csns=1.00), M=0.264(csns=1.00), S=0.053(csns=0.40), align_str=0.000
2026-03-28 15:55:29  INFO      TradingRunner: EXIT [NASDAQ:NVDA #12345 BUY  pnl=+200.00] — D1 flipped bearish (-0.622)
2026-03-28 15:55:29  INFO      MT5Executor: SIMULATION: Closed position 12345
2026-03-28 15:56:28  INFO      MT5Executor: SIMULATION: Partial close 40% of #12345
2026-03-28 15:56:28  INFO      TrailingStopManager: [RISKY] PARTIAL TP BUY NASDAQ:NVDA #12345: 40% locked in at +1R (entry=150.00000 price=152.00000)
2026-03-28 15:56:28  INFO      TrailingStopManager: SL lock BUY  NASDAQ:NVDA #12345 [stage 1]: 148.00000 → 150.00000  (entry=150.00000 price=152.00000 1R=2.00000)
2026-03-28 15:56:28  INFO      MT5Executor: SIMULATION: Modified SL for position 12345: 150.0
2026-03-28 15:56:29  INFO      TradingGraph: Running agents for NASDAQ:NVDA
2026-03-28 15:56:29  INFO      TradingGraph: Completed 14 agents
2026-03-28 15:56:29  INFO      TradingGraph: Fusing timeframe signals
2026-03-28 15:56:29  INFO      TradingGraph: Fusion: L=-0.664(csns=1.00), M=-0.507(csns=1.00), S=-0.063(csns=0.50), align_str=0.276
2026-03-28 15:56:29  INFO      TradingRunner: EXIT [NASDAQ:NVDA #12345 BUY  pnl=+200.00] — D1 flipped bearish (-0.664)
2026-03-28 15:56:29  INFO      MT5Executor: SIMULATION: Closed position 12345
2026-03-28 15:57:28  INFO      MT5Executor: SIMULATION: Partial close 40% of #12345
2026-03-28 15:57:28  INFO      TrailingStopManager: [RISKY] PARTIAL TP BUY NASDAQ:NVDA #12345: 40% locked in at +1R (entry=150.00000 price=152.00000)
2026-03-28 15:57:28  INFO      TrailingStopManager: SL lock BUY  NASDAQ:NVDA #12345 [stage 1]: 148.00000 → 150.00000  (entry=150.00000 price=152.00000 1R=2.00000)
2026-03-28 15:57:28  INFO      MT5Executor: SIMULATION: Modified SL for position 12345: 150.0
2026-03-28 15:57:29  INFO      TradingGraph: Running agents for NASDAQ:NVDA
2026-03-28 15:57:29  INFO      TradingGraph: Completed 14 agents
2026-03-28 15:57:29  INFO      TradingGraph: Fusing timeframe signals
2026-03-28 15:57:29  INFO      TradingGraph: Fusion: L=-0.622(csns=1.00), M=0.005(csns=0.50), S=0.058(csns=0.40), align_str=0.000
2026-03-28 15:57:29  INFO      TradingRunner: EXIT [NASDAQ:NVDA #12345 BUY  pnl=+200.00] — D1 flipped bearish (-0.622)
2026-03-28 15:57:29  INFO      MT5Executor: SIMULATION: Closed position 12345
2026-03-28 15:58:26  WARNING   TradingRunner: Max daily trades (6) reached — no further entries today
2026-03-28 15:58:26  INFO      TradingRunner: PnL — unrealized: +200.00  realized today: +0.00  total: +200.00
2026-03-28 15:58:26  INFO      TradingRunner: Signal cycle done in 2.6s — sleeping 297s
2026-03-28 15:58:28  INFO      MT5Executor: SIMULATION: Partial close 40% of #12345
2026-03-28 15:58:28  INFO      TrailingStopManager: [RISKY] PARTIAL TP BUY NASDAQ:NVDA #12345: 40% locked in at +1R (entry=150.00000 price=152.00000)
2026-03-28 15:58:28  INFO      TrailingStopManager: SL lock BUY  NASDAQ:NVDA #12345 [stage 1]: 148.00000 → 150.00000  (entry=150.00000 price=152.00000 1R=2.00000)
2026-03-28 15:58:28  INFO      MT5Executor: SIMULATION: Modified SL for position 12345: 150.0
2026-03-28 15:58:29  INFO      TradingGraph: Running agents for NASDAQ:NVDA
2026-03-28 15:58:29  INFO      TradingGraph: Completed 14 agents
2026-03-28 15:58:29  INFO      TradingGraph: Fusing timeframe signals
2026-03-28 15:58:29  INFO      TradingGraph: Fusion: L=-0.622(csns=1.00), M=0.005(csns=0.50), S=0.058(csns=0.40), align_str=0.000
2026-03-28 15:58:29  INFO      TradingRunner: EXIT [NASDAQ:NVDA #12345 BUY  pnl=+200.00] — D1 flipped bearish (-0.622)
2026-03-28 15:58:29  INFO      MT5Executor: SIMULATION: Closed position 12345
2026-03-28 15:59:29  INFO      MT5Executor: SIMULATION: Partial close 40% of #12345
2026-03-28 15:59:29  INFO      TrailingStopManager: [RISKY] PARTIAL TP BUY NASDAQ:NVDA #12345: 40% locked in at +1R (entry=150.00000 price=152.00000)
2026-03-28 15:59:29  INFO      TrailingStopManager: SL lock BUY  NASDAQ:NVDA #12345 [stage 1]: 148.00000 → 150.00000  (entry=150.00000 price=152.00000 1R=2.00000)
2026-03-28 15:59:29  INFO      MT5Executor: SIMULATION: Modified SL for position 12345: 150.0
2026-03-28 15:59:29  INFO      TradingGraph: Running agents for NASDAQ:NVDA
2026-03-28 15:59:29  INFO      TradingGraph: Completed 14 agents
2026-03-28 15:59:29  INFO      TradingGraph: Fusing timeframe signals
2026-03-28 15:59:29  INFO      TradingGraph: Fusion: L=-0.619(csns=1.00), M=0.001(csns=0.33), S=0.038(csns=0.40), align_str=0.000
2026-03-28 15:59:29  INFO      TradingRunner: EXIT [NASDAQ:NVDA #12345 BUY  pnl=+200.00] — D1 flipped bearish (-0.619)
2026-03-28 15:59:29  INFO      MT5Executor: SIMULATION: Closed position 12345
2026-03-28 16:00:29  INFO      MT5Executor: SIMULATION: Partial close 40% of #12345
2026-03-28 16:00:29  INFO      TrailingStopManager: [RISKY] PARTIAL TP BUY NASDAQ:NVDA #12345: 40% locked in at +1R (entry=150.00000 price=152.00000)
2026-03-28 16:00:29  INFO      TrailingStopManager: SL lock BUY  NASDAQ:NVDA #12345 [stage 1]: 148.00000 → 150.00000  (entry=150.00000 price=152.00000 1R=2.00000)
2026-03-28 16:00:29  INFO      MT5Executor: SIMULATION: Modified SL for position 12345: 150.0
2026-03-28 16:00:29  INFO      TradingGraph: Running agents for NASDAQ:NVDA
2026-03-28 16:00:29  INFO      TradingGraph: Completed 14 agents
2026-03-28 16:00:29  INFO      TradingGraph: Fusing timeframe signals
2026-03-28 16:00:29  INFO      TradingGraph: Fusion: L=-0.648(csns=1.00), M=0.292(csns=0.67), S=-0.036(csns=0.40), align_str=0.000
2026-03-28 16:00:29  INFO      TradingRunner: EXIT [NASDAQ:NVDA #12345 BUY  pnl=+200.00] — D1 flipped bearish (-0.648)
2026-03-28 16:00:29  INFO      MT5Executor: SIMULATION: Closed position 12345
2026-03-28 16:01:29  INFO      MT5Executor: SIMULATION: Partial close 40% of #12345
2026-03-28 16:01:29  INFO      TrailingStopManager: [RISKY] PARTIAL TP BUY NASDAQ:NVDA #12345: 40% locked in at +1R (entry=150.00000 price=152.00000)
2026-03-28 16:01:29  INFO      TrailingStopManager: SL lock BUY  NASDAQ:NVDA #12345 [stage 1]: 148.00000 → 150.00000  (entry=150.00000 price=152.00000 1R=2.00000)
2026-03-28 16:01:29  INFO      MT5Executor: SIMULATION: Modified SL for position 12345: 150.0
2026-03-28 16:01:29  INFO      TradingGraph: Running agents for NASDAQ:NVDA
2026-03-28 16:01:29  INFO      TradingGraph: Completed 14 agents
2026-03-28 16:01:29  INFO      TradingGraph: Fusing timeframe signals
2026-03-28 16:01:29  INFO      TradingGraph: Fusion: L=-0.619(csns=1.00), M=0.227(csns=0.67), S=0.139(csns=0.50), align_str=0.000
2026-03-28 16:01:29  INFO      TradingRunner: EXIT [NASDAQ:NVDA #12345 BUY  pnl=+200.00] — D1 flipped bearish (-0.619)
2026-03-28 16:01:29  INFO      MT5Executor: SIMULATION: Closed position 12345
2026-03-28 16:02:29  INFO      MT5Executor: SIMULATION: Partial close 40% of #12345
2026-03-28 16:02:29  INFO      TrailingStopManager: [RISKY] PARTIAL TP BUY NASDAQ:NVDA #12345: 40% locked in at +1R (entry=150.00000 price=152.00000)
2026-03-28 16:02:29  INFO      TrailingStopManager: SL lock BUY  NASDAQ:NVDA #12345 [stage 1]: 148.00000 → 150.00000  (entry=150.00000 price=152.00000 1R=2.00000)
2026-03-28 16:02:29  INFO      MT5Executor: SIMULATION: Modified SL for position 12345: 150.0
2026-03-28 16:02:29  INFO      TradingGraph: Running agents for NASDAQ:NVDA
2026-03-28 16:02:29  INFO      TradingGraph: Completed 14 agents
2026-03-28 16:02:29  INFO      TradingGraph: Fusing timeframe signals
2026-03-28 16:02:29  INFO      TradingGraph: Fusion: L=-0.619(csns=1.00), M=-0.009(csns=0.67), S=0.037(csns=0.40), align_str=0.000
2026-03-28 16:02:29  INFO      TradingRunner: EXIT [NASDAQ:NVDA #12345 BUY  pnl=+200.00] — D1 flipped bearish (-0.619)
2026-03-28 16:02:29  INFO      MT5Executor: SIMULATION: Closed position 12345
2026-03-28 16:03:27  WARNING   TradingRunner: Max daily trades (6) reached — no further entries today
2026-03-28 16:03:27  INFO      TradingRunner: PnL — unrealized: +200.00  realized today: +0.00  total: +200.00
2026-03-28 16:03:27  INFO      TradingRunner: Signal cycle done in 3.2s — sleeping 297s
2026-03-28 16:03:29  INFO      MT5Executor: SIMULATION: Partial close 40% of #12345
2026-03-28 16:03:29  INFO      TrailingStopManager: [RISKY] PARTIAL TP BUY NASDAQ:NVDA #12345: 40% locked in at +1R (entry=150.00000 price=152.00000)
2026-03-28 16:03:29  INFO      TrailingStopManager: SL lock BUY  NASDAQ:NVDA #12345 [stage 1]: 148.00000 → 150.00000  (entry=150.00000 price=152.00000 1R=2.00000)
2026-03-28 16:03:29  INFO      MT5Executor: SIMULATION: Modified SL for position 12345: 150.0
2026-03-28 16:03:29  INFO      TradingGraph: Running agents for NASDAQ:NVDA
2026-03-28 16:03:29  INFO      TradingGraph: Completed 14 agents
2026-03-28 16:03:29  INFO      TradingGraph: Fusing timeframe signals
2026-03-28 16:03:29  INFO      TradingGraph: Fusion: L=-0.653(csns=1.00), M=-0.124(csns=1.00), S=-0.069(csns=0.50), align_str=0.178
2026-03-28 16:03:29  INFO      TradingRunner: EXIT [NASDAQ:NVDA #12345 BUY  pnl=+200.00] — D1 flipped bearish (-0.653)
2026-03-28 16:03:29  INFO      MT5Executor: SIMULATION: Closed position 12345
2026-03-28 16:03:59  INFO      TradingRunner: [WATCHDOG] alive | equity=100200.0 | cycle=39 | profile=risky
2026-03-28 16:04:29  INFO      MT5Executor: SIMULATION: Partial close 40% of #12345
2026-03-28 16:04:29  INFO      TrailingStopManager: [RISKY] PARTIAL TP BUY NASDAQ:NVDA #12345: 40% locked in at +1R (entry=150.00000 price=152.00000)
2026-03-28 16:04:29  INFO      TrailingStopManager: SL lock BUY  NASDAQ:NVDA #12345 [stage 1]: 148.00000 → 150.00000  (entry=150.00000 price=152.00000 1R=2.00000)
2026-03-28 16:04:29  INFO      MT5Executor: SIMULATION: Modified SL for position 12345: 150.0
2026-03-28 16:04:29  INFO      TradingGraph: Running agents for NASDAQ:NVDA
2026-03-28 16:04:29  INFO      TradingGraph: Completed 14 agents
2026-03-28 16:04:29  INFO      TradingGraph: Fusing timeframe signals
2026-03-28 16:04:29  INFO      TradingGraph: Fusion: L=-0.622(csns=1.00), M=-0.001(csns=0.50), S=0.024(csns=0.75), align_str=0.000
2026-03-28 16:04:29  INFO      TradingRunner: EXIT [NASDAQ:NVDA #12345 BUY  pnl=+200.00] — D1 flipped bearish (-0.622)
2026-03-28 16:04:29  INFO      MT5Executor: SIMULATION: Closed position 12345
2026-03-28 16:05:29  INFO      MT5Executor: SIMULATION: Partial close 40% of #12345
2026-03-28 16:05:29  INFO      TrailingStopManager: [RISKY] PARTIAL TP BUY NASDAQ:NVDA #12345: 40% locked in at +1R (entry=150.00000 price=152.00000)
2026-03-28 16:05:29  INFO      TrailingStopManager: SL lock BUY  NASDAQ:NVDA #12345 [stage 1]: 148.00000 → 150.00000  (entry=150.00000 price=152.00000 1R=2.00000)
2026-03-28 16:05:29  INFO      MT5Executor: SIMULATION: Modified SL for position 12345: 150.0
2026-03-28 16:05:29  INFO      TradingGraph: Running agents for NASDAQ:NVDA
2026-03-28 16:05:29  INFO      TradingGraph: Completed 14 agents
2026-03-28 16:05:29  INFO      TradingGraph: Fusing timeframe signals
2026-03-28 16:05:29  INFO      TradingGraph: Fusion: L=-0.619(csns=1.00), M=-0.009(csns=0.67), S=0.037(csns=0.40), align_str=0.000
2026-03-28 16:05:29  INFO      TradingRunner: EXIT [NASDAQ:NVDA #12345 BUY  pnl=+200.00] — D1 flipped bearish (-0.619)
2026-03-28 16:05:29  INFO      MT5Executor: SIMULATION: Closed position 12345
2026-03-28 16:06:29  INFO      MT5Executor: SIMULATION: Partial close 40% of #12345
2026-03-28 16:06:29  INFO      TrailingStopManager: [RISKY] PARTIAL TP BUY NASDAQ:NVDA #12345: 40% locked in at +1R (entry=150.00000 price=152.00000)
2026-03-28 16:06:29  INFO      TrailingStopManager: SL lock BUY  NASDAQ:NVDA #12345 [stage 1]: 148.00000 → 150.00000  (entry=150.00000 price=152.00000 1R=2.00000)
2026-03-28 16:06:29  INFO      MT5Executor: SIMULATION: Modified SL for position 12345: 150.0
2026-03-28 16:06:29  INFO      TradingGraph: Running agents for NASDAQ:NVDA
2026-03-28 16:06:29  INFO      TradingGraph: Completed 14 agents
2026-03-28 16:06:29  INFO      TradingGraph: Fusing timeframe signals
2026-03-28 16:06:29  INFO      TradingGraph: Fusion: L=-0.622(csns=1.00), M=0.262(csns=1.00), S=0.052(csns=0.40), align_str=0.000
2026-03-28 16:06:29  INFO      TradingRunner: EXIT [NASDAQ:NVDA #12345 BUY  pnl=+200.00] — D1 flipped bearish (-0.622)
2026-03-28 16:06:29  INFO      MT5Executor: SIMULATION: Closed position 12345
2026-03-28 16:07:29  INFO      MT5Executor: SIMULATION: Partial close 40% of #12345
2026-03-28 16:07:29  INFO      TrailingStopManager: [RISKY] PARTIAL TP BUY NASDAQ:NVDA #12345: 40% locked in at +1R (entry=150.00000 price=152.00000)
2026-03-28 16:07:29  INFO      TrailingStopManager: SL lock BUY  NASDAQ:NVDA #12345 [stage 1]: 148.00000 → 150.00000  (entry=150.00000 price=152.00000 1R=2.00000)
2026-03-28 16:07:29  INFO      MT5Executor: SIMULATION: Modified SL for position 12345: 150.0
2026-03-28 16:07:29  INFO      TradingGraph: Running agents for NASDAQ:NVDA
2026-03-28 16:07:29  INFO      TradingGraph: Completed 14 agents
2026-03-28 16:07:29  INFO      TradingGraph: Fusing timeframe signals
2026-03-28 16:07:29  INFO      TradingGraph: Fusion: L=-0.648(csns=1.00), M=0.296(csns=0.67), S=-0.048(csns=0.40), align_str=0.000
2026-03-28 16:07:29  INFO      TradingRunner: EXIT [NASDAQ:NVDA #12345 BUY  pnl=+200.00] — D1 flipped bearish (-0.648)
2026-03-28 16:07:29  INFO      MT5Executor: SIMULATION: Closed position 12345
2026-03-28 16:08:26  WARNING   TradingRunner: Max daily trades (6) reached — no further entries today
2026-03-28 16:08:26  INFO      TradingRunner: PnL — unrealized: +200.00  realized today: +0.00  total: +200.00
2026-03-28 16:08:26  INFO      TradingRunner: Signal cycle done in 2.9s — sleeping 297s
2026-03-28 16:08:29  INFO      MT5Executor: SIMULATION: Partial close 40% of #12345
2026-03-28 16:08:29  INFO      TrailingStopManager: [RISKY] PARTIAL TP BUY NASDAQ:NVDA #12345: 40% locked in at +1R (entry=150.00000 price=152.00000)
2026-03-28 16:08:29  INFO      TrailingStopManager: SL lock BUY  NASDAQ:NVDA #12345 [stage 1]: 148.00000 → 150.00000  (entry=150.00000 price=152.00000 1R=2.00000)
2026-03-28 16:08:29  INFO      MT5Executor: SIMULATION: Modified SL for position 12345: 150.0
2026-03-28 16:08:29  INFO      TradingGraph: Running agents for NASDAQ:NVDA
2026-03-28 16:08:29  INFO      TradingGraph: Completed 14 agents
2026-03-28 16:08:29  INFO      TradingGraph: Fusing timeframe signals
2026-03-28 16:08:29  INFO      TradingGraph: Fusion: L=-0.597(csns=1.00), M=-0.125(csns=1.00), S=0.083(csns=0.60), align_str=0.000
2026-03-28 16:08:29  INFO      TradingRunner: EXIT [NASDAQ:NVDA #12345 BUY  pnl=+200.00] — D1 flipped bearish (-0.597)
2026-03-28 16:08:29  INFO      MT5Executor: SIMULATION: Closed position 12345
2026-03-28 16:09:29  INFO      MT5Executor: SIMULATION: Partial close 40% of #12345
2026-03-28 16:09:29  INFO      TrailingStopManager: [RISKY] PARTIAL TP BUY NASDAQ:NVDA #12345: 40% locked in at +1R (entry=150.00000 price=152.00000)
2026-03-28 16:09:29  INFO      TrailingStopManager: SL lock BUY  NASDAQ:NVDA #12345 [stage 1]: 148.00000 → 150.00000  (entry=150.00000 price=152.00000 1R=2.00000)
2026-03-28 16:09:29  INFO      MT5Executor: SIMULATION: Modified SL for position 12345: 150.0
2026-03-28 16:09:29  INFO      TradingGraph: Running agents for NASDAQ:NVDA
2026-03-28 16:09:29  INFO      TradingGraph: Completed 14 agents
2026-03-28 16:09:29  INFO      TradingGraph: Fusing timeframe signals
2026-03-28 16:09:29  INFO      TradingGraph: Fusion: L=-0.622(csns=1.00), M=-0.001(csns=0.50), S=0.024(csns=0.75), align_str=0.000
2026-03-28 16:09:29  INFO      TradingRunner: EXIT [NASDAQ:NVDA #12345 BUY  pnl=+200.00] — D1 flipped bearish (-0.622)
2026-03-28 16:09:29  INFO      MT5Executor: SIMULATION: Closed position 12345
2026-03-28 16:10:29  INFO      MT5Executor: SIMULATION: Partial close 40% of #12345
2026-03-28 16:10:29  INFO      TrailingStopManager: [RISKY] PARTIAL TP BUY NASDAQ:NVDA #12345: 40% locked in at +1R (entry=150.00000 price=152.00000)
2026-03-28 16:10:29  INFO      TrailingStopManager: SL lock BUY  NASDAQ:NVDA #12345 [stage 1]: 148.00000 → 150.00000  (entry=150.00000 price=152.00000 1R=2.00000)
2026-03-28 16:10:29  INFO      MT5Executor: SIMULATION: Modified SL for position 12345: 150.0
2026-03-28 16:10:29  INFO      TradingGraph: Running agents for NASDAQ:NVDA
2026-03-28 16:10:29  INFO      TradingGraph: Completed 14 agents
2026-03-28 16:10:29  INFO      TradingGraph: Fusing timeframe signals
2026-03-28 16:10:29  INFO      TradingGraph: Fusion: L=-0.619(csns=1.00), M=0.227(csns=0.67), S=0.139(csns=0.50), align_str=0.000
2026-03-28 16:10:29  INFO      TradingRunner: EXIT [NASDAQ:NVDA #12345 BUY  pnl=+200.00] — D1 flipped bearish (-0.619)
2026-03-28 16:10:29  INFO      MT5Executor: SIMULATION: Closed position 12345
2026-03-28 16:11:29  INFO      MT5Executor: SIMULATION: Partial close 40% of #12345
2026-03-28 16:11:29  INFO      TrailingStopManager: [RISKY] PARTIAL TP BUY NASDAQ:NVDA #12345: 40% locked in at +1R (entry=150.00000 price=152.00000)
2026-03-28 16:11:29  INFO      TrailingStopManager: SL lock BUY  NASDAQ:NVDA #12345 [stage 1]: 148.00000 → 150.00000  (entry=150.00000 price=152.00000 1R=2.00000)
2026-03-28 16:11:29  INFO      MT5Executor: SIMULATION: Modified SL for position 12345: 150.0
2026-03-28 16:11:29  INFO      TradingGraph: Running agents for NASDAQ:NVDA
2026-03-28 16:11:29  INFO      TradingGraph: Completed 14 agents
2026-03-28 16:11:29  INFO      TradingGraph: Fusing timeframe signals
2026-03-28 16:11:29  INFO      TradingGraph: Fusion: L=-0.658(csns=1.00), M=0.569(csns=1.00), S=0.087(csns=0.75), align_str=0.000
2026-03-28 16:11:29  INFO      TradingRunner: EXIT [NASDAQ:NVDA #12345 BUY  pnl=+200.00] — D1 flipped bearish (-0.658)
2026-03-28 16:11:29  INFO      MT5Executor: SIMULATION: Closed position 12345
2026-03-28 16:12:29  INFO      MT5Executor: SIMULATION: Partial close 40% of #12345
2026-03-28 16:12:29  INFO      TrailingStopManager: [RISKY] PARTIAL TP BUY NASDAQ:NVDA #12345: 40% locked in at +1R (entry=150.00000 price=152.00000)
2026-03-28 16:12:29  INFO      TrailingStopManager: SL lock BUY  NASDAQ:NVDA #12345 [stage 1]: 148.00000 → 150.00000  (entry=150.00000 price=152.00000 1R=2.00000)
2026-03-28 16:12:29  INFO      MT5Executor: SIMULATION: Modified SL for position 12345: 150.0
2026-03-28 16:12:29  INFO      TradingGraph: Running agents for NASDAQ:NVDA
2026-03-28 16:12:29  INFO      TradingGraph: Completed 14 agents
2026-03-28 16:12:29  INFO      TradingGraph: Fusing timeframe signals
2026-03-28 16:12:29  INFO      TradingGraph: Fusion: L=-0.597(csns=1.00), M=-0.125(csns=1.00), S=0.083(csns=0.60), align_str=0.000
2026-03-28 16:12:29  INFO      TradingRunner: EXIT [NASDAQ:NVDA #12345 BUY  pnl=+200.00] — D1 flipped bearish (-0.597)
2026-03-28 16:12:29  INFO      MT5Executor: SIMULATION: Closed position 12345
2026-03-28 16:13:26  WARNING   TradingRunner: Max daily trades (6) reached — no further entries today
2026-03-28 16:13:26  INFO      TradingRunner: PnL — unrealized: +200.00  realized today: +0.00  total: +200.00
2026-03-28 16:13:26  INFO      TradingRunner: Signal cycle done in 2.7s — sleeping 297s
2026-03-28 16:13:29  INFO      MT5Executor: SIMULATION: Partial close 40% of #12345
2026-03-28 16:13:29  INFO      TrailingStopManager: [RISKY] PARTIAL TP BUY NASDAQ:NVDA #12345: 40% locked in at +1R (entry=150.00000 price=152.00000)
2026-03-28 16:13:29  INFO      TrailingStopManager: SL lock BUY  NASDAQ:NVDA #12345 [stage 1]: 148.00000 → 150.00000  (entry=150.00000 price=152.00000 1R=2.00000)
2026-03-28 16:13:29  INFO      MT5Executor: SIMULATION: Modified SL for position 12345: 150.0
2026-03-28 16:13:29  INFO      TradingGraph: Running agents for NASDAQ:NVDA
2026-03-28 16:13:29  INFO      TradingGraph: Completed 14 agents
2026-03-28 16:13:29  INFO      TradingGraph: Fusing timeframe signals
2026-03-28 16:13:29  INFO      TradingGraph: Fusion: L=-0.621(csns=1.00), M=0.000(csns=0.50), S=-0.033(csns=0.67), align_str=0.000
2026-03-28 16:13:29  INFO      TradingRunner: EXIT [NASDAQ:NVDA #12345 BUY  pnl=+200.00] — D1 flipped bearish (-0.621)
2026-03-28 16:13:29  INFO      MT5Executor: SIMULATION: Closed position 12345
2026-03-28 16:14:29  INFO      MT5Executor: SIMULATION: Partial close 40% of #12345
2026-03-28 16:14:29  INFO      TrailingStopManager: [RISKY] PARTIAL TP BUY NASDAQ:NVDA #12345: 40% locked in at +1R (entry=150.00000 price=152.00000)
2026-03-28 16:14:29  INFO      TrailingStopManager: SL lock BUY  NASDAQ:NVDA #12345 [stage 1]: 148.00000 → 150.00000  (entry=150.00000 price=152.00000 1R=2.00000)
2026-03-28 16:14:29  INFO      MT5Executor: SIMULATION: Modified SL for position 12345: 150.0
2026-03-28 16:14:29  INFO      TradingGraph: Running agents for NASDAQ:NVDA
2026-03-28 16:14:29  INFO      TradingRunner: [WATCHDOG] alive | equity=100200.0 | cycle=41 | profile=risky
2026-03-28 16:14:29  INFO      TradingGraph: Completed 14 agents
2026-03-28 16:14:29  INFO      TradingGraph: Fusing timeframe signals
2026-03-28 16:14:29  INFO      TradingGraph: Fusion: L=-0.796(csns=1.00), M=-0.529(csns=1.00), S=0.040(csns=0.75), align_str=0.000
2026-03-28 16:14:29  INFO      TradingRunner: EXIT [NASDAQ:NVDA #12345 BUY  pnl=+200.00] — D1 flipped bearish (-0.796)
2026-03-28 16:14:29  INFO      MT5Executor: SIMULATION: Closed position 12345
2026-03-28 16:15:29  INFO      MT5Executor: SIMULATION: Partial close 40% of #12345
2026-03-28 16:15:29  INFO      TrailingStopManager: [RISKY] PARTIAL TP BUY NASDAQ:NVDA #12345: 40% locked in at +1R (entry=150.00000 price=152.00000)
2026-03-28 16:15:29  INFO      TrailingStopManager: SL lock BUY  NASDAQ:NVDA #12345 [stage 1]: 148.00000 → 150.00000  (entry=150.00000 price=152.00000 1R=2.00000)
2026-03-28 16:15:29  INFO      MT5Executor: SIMULATION: Modified SL for position 12345: 150.0
2026-03-28 16:15:29  INFO      TradingGraph: Running agents for NASDAQ:NVDA
2026-03-28 16:15:29  INFO      TradingGraph: Completed 14 agents
2026-03-28 16:15:29  INFO      TradingGraph: Fusing timeframe signals
2026-03-28 16:15:29  INFO      TradingGraph: Fusion: L=-0.619(csns=1.00), M=-0.009(csns=0.67), S=0.008(csns=0.40), align_str=0.000
2026-03-28 16:15:29  INFO      TradingRunner: EXIT [NASDAQ:NVDA #12345 BUY  pnl=+200.00] — D1 flipped bearish (-0.619)
2026-03-28 16:15:29  INFO      MT5Executor: SIMULATION: Closed position 12345
2026-03-28 16:16:29  INFO      MT5Executor: SIMULATION: Partial close 40% of #12345
2026-03-28 16:16:29  INFO      TrailingStopManager: [RISKY] PARTIAL TP BUY NASDAQ:NVDA #12345: 40% locked in at +1R (entry=150.00000 price=152.00000)
2026-03-28 16:16:29  INFO      TrailingStopManager: SL lock BUY  NASDAQ:NVDA #12345 [stage 1]: 148.00000 → 150.00000  (entry=150.00000 price=152.00000 1R=2.00000)
2026-03-28 16:16:29  INFO      MT5Executor: SIMULATION: Modified SL for position 12345: 150.0
2026-03-28 16:16:30  INFO      TradingGraph: Running agents for NASDAQ:NVDA
2026-03-28 16:16:30  INFO      TradingGraph: Completed 14 agents
2026-03-28 16:16:30  INFO      TradingGraph: Fusing timeframe signals
2026-03-28 16:16:30  INFO      TradingGraph: Fusion: L=-0.619(csns=1.00), M=0.227(csns=0.67), S=0.139(csns=0.50), align_str=0.000
2026-03-28 16:16:30  INFO      TradingRunner: EXIT [NASDAQ:NVDA #12345 BUY  pnl=+200.00] — D1 flipped bearish (-0.619)
2026-03-28 16:16:30  INFO      MT5Executor: SIMULATION: Closed position 12345
2026-03-28 16:17:29  INFO      MT5Executor: SIMULATION: Partial close 40% of #12345
2026-03-28 16:17:29  INFO      TrailingStopManager: [RISKY] PARTIAL TP BUY NASDAQ:NVDA #12345: 40% locked in at +1R (entry=150.00000 price=152.00000)
2026-03-28 16:17:29  INFO      TrailingStopManager: SL lock BUY  NASDAQ:NVDA #12345 [stage 1]: 148.00000 → 150.00000  (entry=150.00000 price=152.00000 1R=2.00000)
2026-03-28 16:17:29  INFO      MT5Executor: SIMULATION: Modified SL for position 12345: 150.0
2026-03-28 16:17:29  INFO      TradingGraph: Running agents for NASDAQ:NVDA
2026-03-28 16:17:29  INFO      TradingGraph: Completed 14 agents
2026-03-28 16:17:29  INFO      TradingGraph: Fusing timeframe signals
2026-03-28 16:17:29  INFO      TradingGraph: Fusion: L=-0.658(csns=1.00), M=0.569(csns=1.00), S=0.088(csns=0.75), align_str=0.000
2026-03-28 16:17:29  INFO      TradingRunner: EXIT [NASDAQ:NVDA #12345 BUY  pnl=+200.00] — D1 flipped bearish (-0.658)
2026-03-28 16:17:29  INFO      MT5Executor: SIMULATION: Closed position 12345
2026-03-28 16:18:26  WARNING   TradingRunner: Max daily trades (6) reached — no further entries today
2026-03-28 16:18:26  INFO      TradingRunner: PnL — unrealized: +200.00  realized today: +0.00  total: +200.00
2026-03-28 16:18:26  INFO      TradingRunner: Signal cycle done in 2.9s — sleeping 297s
2026-03-28 16:18:29  INFO      MT5Executor: SIMULATION: Partial close 40% of #12345
2026-03-28 16:18:29  INFO      TrailingStopManager: [RISKY] PARTIAL TP BUY NASDAQ:NVDA #12345: 40% locked in at +1R (entry=150.00000 price=152.00000)
2026-03-28 16:18:29  INFO      TrailingStopManager: SL lock BUY  NASDAQ:NVDA #12345 [stage 1]: 148.00000 → 150.00000  (entry=150.00000 price=152.00000 1R=2.00000)
2026-03-28 16:18:29  INFO      MT5Executor: SIMULATION: Modified SL for position 12345: 150.0
2026-03-28 16:18:29  INFO      TradingGraph: Running agents for NASDAQ:NVDA
2026-03-28 16:18:29  INFO      TradingGraph: Completed 14 agents
2026-03-28 16:18:29  INFO      TradingGraph: Fusing timeframe signals
2026-03-28 16:18:29  INFO      TradingGraph: Fusion: L=-0.657(csns=1.00), M=0.400(csns=0.67), S=0.021(csns=0.80), align_str=0.000
2026-03-28 16:18:29  INFO      TradingRunner: EXIT [NASDAQ:NVDA #12345 BUY  pnl=+200.00] — D1 flipped bearish (-0.657)
2026-03-28 16:18:29  INFO      MT5Executor: SIMULATION: Closed position 12345
2026-03-28 16:19:29  INFO      MT5Executor: SIMULATION: Partial close 40% of #12345
2026-03-28 16:19:29  INFO      TrailingStopManager: [RISKY] PARTIAL TP BUY NASDAQ:NVDA #12345: 40% locked in at +1R (entry=150.00000 price=152.00000)
2026-03-28 16:19:29  INFO      TrailingStopManager: SL lock BUY  NASDAQ:NVDA #12345 [stage 1]: 148.00000 → 150.00000  (entry=150.00000 price=152.00000 1R=2.00000)
2026-03-28 16:19:29  INFO      MT5Executor: SIMULATION: Modified SL for position 12345: 150.0
2026-03-28 16:19:30  INFO      TradingGraph: Running agents for NASDAQ:NVDA
2026-03-28 16:19:30  INFO      TradingGraph: Completed 14 agents
2026-03-28 16:19:30  INFO      TradingGraph: Fusing timeframe signals
2026-03-28 16:19:30  INFO      TradingGraph: Fusion: L=-0.615(csns=1.00), M=-0.431(csns=1.00), S=0.022(csns=0.60), align_str=0.000
2026-03-28 16:19:30  INFO      TradingRunner: EXIT [NASDAQ:NVDA #12345 BUY  pnl=+200.00] — D1 flipped bearish (-0.615)
2026-03-28 16:19:30  INFO      MT5Executor: SIMULATION: Closed position 12345
2026-03-28 16:20:29  INFO      MT5Executor: SIMULATION: Partial close 40% of #12345
2026-03-28 16:20:29  INFO      TrailingStopManager: [RISKY] PARTIAL TP BUY NASDAQ:NVDA #12345: 40% locked in at +1R (entry=150.00000 price=152.00000)
2026-03-28 16:20:29  INFO      TrailingStopManager: SL lock BUY  NASDAQ:NVDA #12345 [stage 1]: 148.00000 → 150.00000  (entry=150.00000 price=152.00000 1R=2.00000)
2026-03-28 16:20:29  INFO      MT5Executor: SIMULATION: Modified SL for position 12345: 150.0
2026-03-28 16:20:30  INFO      TradingGraph: Running agents for NASDAQ:NVDA
2026-03-28 16:20:30  INFO      TradingGraph: Completed 14 agents
2026-03-28 16:20:30  INFO      TradingGraph: Fusing timeframe signals
2026-03-28 16:20:30  INFO      TradingGraph: Fusion: L=-0.622(csns=1.00), M=-0.001(csns=0.50), S=0.024(csns=0.75), align_str=0.000
2026-03-28 16:20:30  INFO      TradingRunner: EXIT [NASDAQ:NVDA #12345 BUY  pnl=+200.00] — D1 flipped bearish (-0.622)
2026-03-28 16:20:30  INFO      MT5Executor: SIMULATION: Closed position 12345
2026-03-28 16:21:29  INFO      MT5Executor: SIMULATION: Partial close 40% of #12345
2026-03-28 16:21:29  INFO      TrailingStopManager: [RISKY] PARTIAL TP BUY NASDAQ:NVDA #12345: 40% locked in at +1R (entry=150.00000 price=152.00000)
2026-03-28 16:21:29  INFO      TrailingStopManager: SL lock BUY  NASDAQ:NVDA #12345 [stage 1]: 148.00000 → 150.00000  (entry=150.00000 price=152.00000 1R=2.00000)
2026-03-28 16:21:29  INFO      MT5Executor: SIMULATION: Modified SL for position 12345: 150.0
2026-03-28 16:21:30  INFO      TradingGraph: Running agents for NASDAQ:NVDA
2026-03-28 16:21:30  INFO      TradingGraph: Completed 14 agents
2026-03-28 16:21:30  INFO      TradingGraph: Fusing timeframe signals
2026-03-28 16:21:30  INFO      TradingGraph: Fusion: L=-0.658(csns=1.00), M=0.569(csns=1.00), S=0.088(csns=0.75), align_str=0.000
2026-03-28 16:21:30  INFO      TradingRunner: EXIT [NASDAQ:NVDA #12345 BUY  pnl=+200.00] — D1 flipped bearish (-0.658)
2026-03-28 16:21:30  INFO      MT5Executor: SIMULATION: Closed position 12345
2026-03-28 16:22:29  INFO      MT5Executor: SIMULATION: Partial close 40% of #12345
2026-03-28 16:22:29  INFO      TrailingStopManager: [RISKY] PARTIAL TP BUY NASDAQ:NVDA #12345: 40% locked in at +1R (entry=150.00000 price=152.00000)
2026-03-28 16:22:29  INFO      TrailingStopManager: SL lock BUY  NASDAQ:NVDA #12345 [stage 1]: 148.00000 → 150.00000  (entry=150.00000 price=152.00000 1R=2.00000)
2026-03-28 16:22:29  INFO      MT5Executor: SIMULATION: Modified SL for position 12345: 150.0
2026-03-28 16:22:30  INFO      TradingGraph: Running agents for NASDAQ:NVDA
2026-03-28 16:22:30  INFO      TradingGraph: Completed 14 agents
2026-03-28 16:22:30  INFO      TradingGraph: Fusing timeframe signals
2026-03-28 16:22:30  INFO      TradingGraph: Fusion: L=-0.619(csns=1.00), M=-0.009(csns=0.67), S=0.037(csns=0.40), align_str=0.000
2026-03-28 16:22:30  INFO      TradingRunner: EXIT [NASDAQ:NVDA #12345 BUY  pnl=+200.00] — D1 flipped bearish (-0.619)
2026-03-28 16:22:30  INFO      MT5Executor: SIMULATION: Closed position 12345
2026-03-28 16:23:27  WARNING   TradingRunner: Max daily trades (6) reached — no further entries today
2026-03-28 16:23:27  INFO      TradingRunner: PnL — unrealized: +200.00  realized today: +0.00  total: +200.00
2026-03-28 16:23:27  INFO      TradingRunner: Signal cycle done in 3.3s — sleeping 297s
2026-03-28 16:23:29  INFO      MT5Executor: SIMULATION: Partial close 40% of #12345
2026-03-28 16:23:29  INFO      TrailingStopManager: [RISKY] PARTIAL TP BUY NASDAQ:NVDA #12345: 40% locked in at +1R (entry=150.00000 price=152.00000)
2026-03-28 16:23:29  INFO      TrailingStopManager: SL lock BUY  NASDAQ:NVDA #12345 [stage 1]: 148.00000 → 150.00000  (entry=150.00000 price=152.00000 1R=2.00000)
2026-03-28 16:23:29  INFO      MT5Executor: SIMULATION: Modified SL for position 12345: 150.0
2026-03-28 16:23:30  INFO      TradingGraph: Running agents for NASDAQ:NVDA
2026-03-28 16:23:30  INFO      TradingGraph: Completed 14 agents
2026-03-28 16:23:30  INFO      TradingGraph: Fusing timeframe signals
2026-03-28 16:23:30  INFO      TradingGraph: Fusion: L=-0.622(csns=1.00), M=-0.001(csns=0.50), S=0.024(csns=0.75), align_str=0.000
2026-03-28 16:23:30  INFO      TradingRunner: EXIT [NASDAQ:NVDA #12345 BUY  pnl=+200.00] — D1 flipped bearish (-0.622)
2026-03-28 16:23:30  INFO      MT5Executor: SIMULATION: Closed position 12345
2026-03-28 16:24:30  INFO      MT5Executor: SIMULATION: Partial close 40% of #12345
2026-03-28 16:24:30  INFO      TrailingStopManager: [RISKY] PARTIAL TP BUY NASDAQ:NVDA #12345: 40% locked in at +1R (entry=150.00000 price=152.00000)
2026-03-28 16:24:30  INFO      TrailingStopManager: SL lock BUY  NASDAQ:NVDA #12345 [stage 1]: 148.00000 → 150.00000  (entry=150.00000 price=152.00000 1R=2.00000)
2026-03-28 16:24:30  INFO      MT5Executor: SIMULATION: Modified SL for position 12345: 150.0
2026-03-28 16:24:30  INFO      TradingGraph: Running agents for NASDAQ:NVDA
2026-03-28 16:24:30  INFO      TradingGraph: Completed 14 agents
2026-03-28 16:24:30  INFO      TradingGraph: Fusing timeframe signals
2026-03-28 16:24:30  INFO      TradingGraph: Fusion: L=-0.611(csns=1.00), M=-0.352(csns=1.00), S=0.101(csns=0.75), align_str=0.000
2026-03-28 16:24:30  INFO      TradingRunner: EXIT [NASDAQ:NVDA #12345 BUY  pnl=+200.00] — D1 flipped bearish (-0.611)
2026-03-28 16:24:30  INFO      MT5Executor: SIMULATION: Closed position 12345
2026-03-28 16:25:00  INFO      TradingRunner: [WATCHDOG] alive | equity=100200.0 | cycle=43 | profile=risky
2026-03-28 16:25:30  INFO      MT5Executor: SIMULATION: Partial close 40% of #12345
2026-03-28 16:25:30  INFO      TrailingStopManager: [RISKY] PARTIAL TP BUY NASDAQ:NVDA #12345: 40% locked in at +1R (entry=150.00000 price=152.00000)
2026-03-28 16:25:30  INFO      TrailingStopManager: SL lock BUY  NASDAQ:NVDA #12345 [stage 1]: 148.00000 → 150.00000  (entry=150.00000 price=152.00000 1R=2.00000)
2026-03-28 16:25:30  INFO      MT5Executor: SIMULATION: Modified SL for position 12345: 150.0
2026-03-28 16:25:30  INFO      TradingGraph: Running agents for NASDAQ:NVDA
2026-03-28 16:25:30  INFO      TradingGraph: Completed 14 agents
2026-03-28 16:25:30  INFO      TradingGraph: Fusing timeframe signals
2026-03-28 16:25:30  INFO      TradingGraph: Fusion: L=-0.658(csns=1.00), M=0.569(csns=1.00), S=0.088(csns=0.75), align_str=0.000
2026-03-28 16:25:30  INFO      TradingRunner: EXIT [NASDAQ:NVDA #12345 BUY  pnl=+200.00] — D1 flipped bearish (-0.658)
2026-03-28 16:25:30  INFO      MT5Executor: SIMULATION: Closed position 12345
2026-03-28 16:26:30  INFO      MT5Executor: SIMULATION: Partial close 40% of #12345
2026-03-28 16:26:30  INFO      TrailingStopManager: [RISKY] PARTIAL TP BUY NASDAQ:NVDA #12345: 40% locked in at +1R (entry=150.00000 price=152.00000)
2026-03-28 16:26:30  INFO      TrailingStopManager: SL lock BUY  NASDAQ:NVDA #12345 [stage 1]: 148.00000 → 150.00000  (entry=150.00000 price=152.00000 1R=2.00000)
2026-03-28 16:26:30  INFO      MT5Executor: SIMULATION: Modified SL for position 12345: 150.0
2026-03-28 16:26:30  INFO      TradingGraph: Running agents for NASDAQ:NVDA
2026-03-28 16:26:30  INFO      TradingGraph: Completed 14 agents
2026-03-28 16:26:30  INFO      TradingGraph: Fusing timeframe signals
2026-03-28 16:26:30  INFO      TradingGraph: Fusion: L=-0.658(csns=1.00), M=0.569(csns=1.00), S=0.103(csns=0.75), align_str=0.000
2026-03-28 16:26:30  INFO      TradingRunner: EXIT [NASDAQ:NVDA #12345 BUY  pnl=+200.00] — D1 flipped bearish (-0.658)
2026-03-28 16:26:30  INFO      MT5Executor: SIMULATION: Closed position 12345
2026-03-28 16:27:30  INFO      MT5Executor: SIMULATION: Partial close 40% of #12345
2026-03-28 16:27:30  INFO      TrailingStopManager: [RISKY] PARTIAL TP BUY NASDAQ:NVDA #12345: 40% locked in at +1R (entry=150.00000 price=152.00000)
2026-03-28 16:27:30  INFO      TrailingStopManager: SL lock BUY  NASDAQ:NVDA #12345 [stage 1]: 148.00000 → 150.00000  (entry=150.00000 price=152.00000 1R=2.00000)
2026-03-28 16:27:30  INFO      MT5Executor: SIMULATION: Modified SL for position 12345: 150.0
2026-03-28 16:27:30  INFO      TradingGraph: Running agents for NASDAQ:NVDA
2026-03-28 16:27:30  INFO      TradingGraph: Completed 14 agents
2026-03-28 16:27:30  INFO      TradingGraph: Fusing timeframe signals
2026-03-28 16:27:30  INFO      TradingGraph: Fusion: L=-0.622(csns=1.00), M=0.262(csns=1.00), S=0.052(csns=0.40), align_str=0.000
2026-03-28 16:27:30  INFO      TradingRunner: EXIT [NASDAQ:NVDA #12345 BUY  pnl=+200.00] — D1 flipped bearish (-0.622)
2026-03-28 16:27:30  INFO      MT5Executor: SIMULATION: Closed position 12345
2026-03-28 16:28:26  WARNING   TradingRunner: Max daily trades (6) reached — no further entries today
2026-03-28 16:28:26  INFO      TradingRunner: PnL — unrealized: +200.00  realized today: +0.00  total: +200.00
2026-03-28 16:28:26  INFO      TradingRunner: Signal cycle done in 2.1s — sleeping 298s
2026-03-28 16:28:30  INFO      MT5Executor: SIMULATION: Partial close 40% of #12345
2026-03-28 16:28:30  INFO      TrailingStopManager: [RISKY] PARTIAL TP BUY NASDAQ:NVDA #12345: 40% locked in at +1R (entry=150.00000 price=152.00000)
2026-03-28 16:28:30  INFO      TrailingStopManager: SL lock BUY  NASDAQ:NVDA #12345 [stage 1]: 148.00000 → 150.00000  (entry=150.00000 price=152.00000 1R=2.00000)
2026-03-28 16:28:30  INFO      MT5Executor: SIMULATION: Modified SL for position 12345: 150.0
2026-03-28 16:28:30  INFO      TradingGraph: Running agents for NASDAQ:NVDA
2026-03-28 16:28:30  INFO      TradingGraph: Completed 14 agents
2026-03-28 16:28:30  INFO      TradingGraph: Fusing timeframe signals
2026-03-28 16:28:30  INFO      TradingGraph: Fusion: L=-0.653(csns=1.00), M=-0.124(csns=1.00), S=-0.069(csns=0.50), align_str=0.177
2026-03-28 16:28:30  INFO      TradingRunner: EXIT [NASDAQ:NVDA #12345 BUY  pnl=+200.00] — D1 flipped bearish (-0.653)
2026-03-28 16:28:30  INFO      MT5Executor: SIMULATION: Closed position 12345
2026-03-28 16:29:30  INFO      MT5Executor: SIMULATION: Partial close 40% of #12345
2026-03-28 16:29:30  INFO      TrailingStopManager: [RISKY] PARTIAL TP BUY NASDAQ:NVDA #12345: 40% locked in at +1R (entry=150.00000 price=152.00000)
2026-03-28 16:29:30  INFO      TrailingStopManager: SL lock BUY  NASDAQ:NVDA #12345 [stage 1]: 148.00000 → 150.00000  (entry=150.00000 price=152.00000 1R=2.00000)
2026-03-28 16:29:30  INFO      MT5Executor: SIMULATION: Modified SL for position 12345: 150.0
2026-03-28 16:29:30  INFO      TradingGraph: Running agents for NASDAQ:NVDA
2026-03-28 16:29:30  INFO      TradingGraph: Completed 14 agents
2026-03-28 16:29:30  INFO      TradingGraph: Fusing timeframe signals
2026-03-28 16:29:30  INFO      TradingGraph: Fusion: L=-0.648(csns=1.00), M=0.296(csns=0.67), S=-0.050(csns=0.40), align_str=0.000
2026-03-28 16:29:30  INFO      TradingRunner: EXIT [NASDAQ:NVDA #12345 BUY  pnl=+200.00] — D1 flipped bearish (-0.648)
2026-03-28 16:29:30  INFO      MT5Executor: SIMULATION: Closed position 12345
2026-03-28 16:30:30  INFO      MT5Executor: SIMULATION: Partial close 40% of #12345
2026-03-28 16:30:30  INFO      TrailingStopManager: [RISKY] PARTIAL TP BUY NASDAQ:NVDA #12345: 40% locked in at +1R (entry=150.00000 price=152.00000)
2026-03-28 16:30:30  INFO      TrailingStopManager: SL lock BUY  NASDAQ:NVDA #12345 [stage 1]: 148.00000 → 150.00000  (entry=150.00000 price=152.00000 1R=2.00000)
2026-03-28 16:30:30  INFO      MT5Executor: SIMULATION: Modified SL for position 12345: 150.0
2026-03-28 16:30:30  INFO      TradingGraph: Running agents for NASDAQ:NVDA
2026-03-28 16:30:30  INFO      TradingGraph: Completed 14 agents
2026-03-28 16:30:30  INFO      TradingGraph: Fusing timeframe signals
2026-03-28 16:30:30  INFO      TradingGraph: Fusion: L=-0.622(csns=1.00), M=-0.001(csns=0.50), S=0.024(csns=0.75), align_str=0.000
2026-03-28 16:30:30  INFO      TradingRunner: EXIT [NASDAQ:NVDA #12345 BUY  pnl=+200.00] — D1 flipped bearish (-0.622)
2026-03-28 16:30:30  INFO      MT5Executor: SIMULATION: Closed position 12345
2026-03-28 16:31:30  INFO      MT5Executor: SIMULATION: Partial close 40% of #12345
2026-03-28 16:31:30  INFO      TrailingStopManager: [RISKY] PARTIAL TP BUY NASDAQ:NVDA #12345: 40% locked in at +1R (entry=150.00000 price=152.00000)
2026-03-28 16:31:30  INFO      TrailingStopManager: SL lock BUY  NASDAQ:NVDA #12345 [stage 1]: 148.00000 → 150.00000  (entry=150.00000 price=152.00000 1R=2.00000)
2026-03-28 16:31:30  INFO      MT5Executor: SIMULATION: Modified SL for position 12345: 150.0
2026-03-28 16:31:30  INFO      TradingGraph: Running agents for NASDAQ:NVDA
2026-03-28 16:31:30  INFO      TradingGraph: Completed 14 agents
2026-03-28 16:31:30  INFO      TradingGraph: Fusing timeframe signals
2026-03-28 16:31:30  INFO      TradingGraph: Fusion: L=-0.618(csns=1.00), M=-0.031(csns=1.00), S=0.017(csns=0.60), align_str=0.000
2026-03-28 16:31:30  INFO      TradingRunner: EXIT [NASDAQ:NVDA #12345 BUY  pnl=+200.00] — D1 flipped bearish (-0.618)
2026-03-28 16:31:30  INFO      MT5Executor: SIMULATION: Closed position 12345
2026-03-28 16:32:30  INFO      MT5Executor: SIMULATION: Partial close 40% of #12345
2026-03-28 16:32:30  INFO      TrailingStopManager: [RISKY] PARTIAL TP BUY NASDAQ:NVDA #12345: 40% locked in at +1R (entry=150.00000 price=152.00000)
2026-03-28 16:32:30  INFO      TrailingStopManager: SL lock BUY  NASDAQ:NVDA #12345 [stage 1]: 148.00000 → 150.00000  (entry=150.00000 price=152.00000 1R=2.00000)
2026-03-28 16:32:30  INFO      MT5Executor: SIMULATION: Modified SL for position 12345: 150.0
2026-03-28 16:32:30  INFO      TradingGraph: Running agents for NASDAQ:NVDA
2026-03-28 16:32:30  INFO      TradingGraph: Completed 14 agents
2026-03-28 16:32:30  INFO      TradingGraph: Fusing timeframe signals
2026-03-28 16:32:30  INFO      TradingGraph: Fusion: L=-0.657(csns=1.00), M=0.400(csns=0.67), S=0.021(csns=0.80), align_str=0.000
2026-03-28 16:32:30  INFO      TradingRunner: EXIT [NASDAQ:NVDA #12345 BUY  pnl=+200.00] — D1 flipped bearish (-0.657)
2026-03-28 16:32:30  INFO      MT5Executor: SIMULATION: Closed position 12345
2026-03-28 16:33:26  WARNING   TradingRunner: Max daily trades (6) reached — no further entries today
2026-03-28 16:33:26  INFO      TradingRunner: PnL — unrealized: +200.00  realized today: +0.00  total: +200.00
2026-03-28 16:33:26  INFO      TradingRunner: Signal cycle done in 2.8s — sleeping 297s
2026-03-28 16:33:30  INFO      MT5Executor: SIMULATION: Partial close 40% of #12345
2026-03-28 16:33:30  INFO      TrailingStopManager: [RISKY] PARTIAL TP BUY NASDAQ:NVDA #12345: 40% locked in at +1R (entry=150.00000 price=152.00000)
2026-03-28 16:33:30  INFO      TrailingStopManager: SL lock BUY  NASDAQ:NVDA #12345 [stage 1]: 148.00000 → 150.00000  (entry=150.00000 price=152.00000 1R=2.00000)
2026-03-28 16:33:30  INFO      MT5Executor: SIMULATION: Modified SL for position 12345: 150.0
2026-03-28 16:33:30  INFO      TradingGraph: Running agents for NASDAQ:NVDA
2026-03-28 16:33:30  INFO      TradingGraph: Completed 14 agents
2026-03-28 16:33:30  INFO      TradingGraph: Fusing timeframe signals
2026-03-28 16:33:30  INFO      TradingGraph: Fusion: L=-0.672(csns=1.00), M=-0.022(csns=1.00), S=0.134(csns=0.80), align_str=0.000
2026-03-28 16:33:30  INFO      TradingRunner: EXIT [NASDAQ:NVDA #12345 BUY  pnl=+200.00] — D1 flipped bearish (-0.672)
2026-03-28 16:33:30  INFO      MT5Executor: SIMULATION: Closed position 12345
2026-03-28 16:34:30  INFO      MT5Executor: SIMULATION: Partial close 40% of #12345
2026-03-28 16:34:30  INFO      TrailingStopManager: [RISKY] PARTIAL TP BUY NASDAQ:NVDA #12345: 40% locked in at +1R (entry=150.00000 price=152.00000)
2026-03-28 16:34:30  INFO      TrailingStopManager: SL lock BUY  NASDAQ:NVDA #12345 [stage 1]: 148.00000 → 150.00000  (entry=150.00000 price=152.00000 1R=2.00000)
2026-03-28 16:34:30  INFO      MT5Executor: SIMULATION: Modified SL for position 12345: 150.0
2026-03-28 16:34:30  INFO      TradingGraph: Running agents for NASDAQ:NVDA
2026-03-28 16:34:30  INFO      TradingGraph: Completed 14 agents
2026-03-28 16:34:30  INFO      TradingGraph: Fusing timeframe signals
2026-03-28 16:34:30  INFO      TradingGraph: Fusion: L=-0.619(csns=1.00), M=-0.009(csns=0.67), S=0.037(csns=0.40), align_str=0.000
2026-03-28 16:34:30  INFO      TradingRunner: EXIT [NASDAQ:NVDA #12345 BUY  pnl=+200.00] — D1 flipped bearish (-0.619)
2026-03-28 16:34:30  INFO      MT5Executor: SIMULATION: Closed position 12345
2026-03-28 16:35:30  INFO      MT5Executor: SIMULATION: Partial close 40% of #12345
2026-03-28 16:35:30  INFO      TrailingStopManager: [RISKY] PARTIAL TP BUY NASDAQ:NVDA #12345: 40% locked in at +1R (entry=150.00000 price=152.00000)
2026-03-28 16:35:30  INFO      TrailingStopManager: SL lock BUY  NASDAQ:NVDA #12345 [stage 1]: 148.00000 → 150.00000  (entry=150.00000 price=152.00000 1R=2.00000)
2026-03-28 16:35:30  INFO      MT5Executor: SIMULATION: Modified SL for position 12345: 150.0
2026-03-28 16:35:30  INFO      TradingGraph: Running agents for NASDAQ:NVDA
2026-03-28 16:35:30  INFO      TradingRunner: [WATCHDOG] alive | equity=100200.0 | cycle=45 | profile=risky
2026-03-28 16:35:30  INFO      TradingGraph: Completed 14 agents
2026-03-28 16:35:30  INFO      TradingGraph: Fusing timeframe signals
2026-03-28 16:35:30  INFO      TradingGraph: Fusion: L=-0.648(csns=1.00), M=0.432(csns=1.00), S=0.034(csns=0.40), align_str=0.000
2026-03-28 16:35:30  INFO      TradingRunner: EXIT [NASDAQ:NVDA #12345 BUY  pnl=+200.00] — D1 flipped bearish (-0.648)
2026-03-28 16:35:30  INFO      MT5Executor: SIMULATION: Closed position 12345
2026-03-28 16:36:30  INFO      MT5Executor: SIMULATION: Partial close 40% of #12345
2026-03-28 16:36:30  INFO      TrailingStopManager: [RISKY] PARTIAL TP BUY NASDAQ:NVDA #12345: 40% locked in at +1R (entry=150.00000 price=152.00000)
2026-03-28 16:36:30  INFO      TrailingStopManager: SL lock BUY  NASDAQ:NVDA #12345 [stage 1]: 148.00000 → 150.00000  (entry=150.00000 price=152.00000 1R=2.00000)
2026-03-28 16:36:30  INFO      MT5Executor: SIMULATION: Modified SL for position 12345: 150.0
2026-03-28 16:36:30  INFO      TradingGraph: Running agents for NASDAQ:NVDA
2026-03-28 16:36:30  INFO      TradingGraph: Completed 14 agents
2026-03-28 16:36:30  INFO      TradingGraph: Fusing timeframe signals
2026-03-28 16:36:30  INFO      TradingGraph: Fusion: L=-0.622(csns=1.00), M=0.001(csns=0.50), S=0.059(csns=0.40), align_str=0.000
2026-03-28 16:36:30  INFO      TradingRunner: EXIT [NASDAQ:NVDA #12345 BUY  pnl=+200.00] — D1 flipped bearish (-0.622)
2026-03-28 16:36:30  INFO      MT5Executor: SIMULATION: Closed position 12345
2026-03-28 16:37:30  INFO      MT5Executor: SIMULATION: Partial close 40% of #12345
2026-03-28 16:37:30  INFO      TrailingStopManager: [RISKY] PARTIAL TP BUY NASDAQ:NVDA #12345: 40% locked in at +1R (entry=150.00000 price=152.00000)
2026-03-28 16:37:30  INFO      TrailingStopManager: SL lock BUY  NASDAQ:NVDA #12345 [stage 1]: 148.00000 → 150.00000  (entry=150.00000 price=152.00000 1R=2.00000)
2026-03-28 16:37:30  INFO      MT5Executor: SIMULATION: Modified SL for position 12345: 150.0
2026-03-28 16:37:30  INFO      TradingGraph: Running agents for NASDAQ:NVDA
2026-03-28 16:37:30  INFO      TradingGraph: Completed 14 agents
2026-03-28 16:37:30  INFO      TradingGraph: Fusing timeframe signals
2026-03-28 16:37:30  INFO      TradingGraph: Fusion: L=-0.609(csns=1.00), M=-0.529(csns=1.00), S=0.085(csns=0.60), align_str=0.000
2026-03-28 16:37:30  INFO      TradingRunner: EXIT [NASDAQ:NVDA #12345 BUY  pnl=+200.00] — D1 flipped bearish (-0.609)
2026-03-28 16:37:30  INFO      MT5Executor: SIMULATION: Closed position 12345
2026-03-28 16:38:27  WARNING   TradingRunner: Max daily trades (6) reached — no further entries today
2026-03-28 16:38:27  INFO      TradingRunner: PnL — unrealized: +200.00  realized today: +0.00  total: +200.00
2026-03-28 16:38:27  INFO      TradingRunner: Signal cycle done in 3.1s — sleeping 297s
2026-03-28 16:38:30  INFO      MT5Executor: SIMULATION: Partial close 40% of #12345
2026-03-28 16:38:30  INFO      TrailingStopManager: [RISKY] PARTIAL TP BUY NASDAQ:NVDA #12345: 40% locked in at +1R (entry=150.00000 price=152.00000)
2026-03-28 16:38:30  INFO      TrailingStopManager: SL lock BUY  NASDAQ:NVDA #12345 [stage 1]: 148.00000 → 150.00000  (entry=150.00000 price=152.00000 1R=2.00000)
2026-03-28 16:38:30  INFO      MT5Executor: SIMULATION: Modified SL for position 12345: 150.0
2026-03-28 16:38:30  INFO      TradingGraph: Running agents for NASDAQ:NVDA
2026-03-28 16:38:30  INFO      TradingGraph: Completed 14 agents
2026-03-28 16:38:30  INFO      TradingGraph: Fusing timeframe signals
2026-03-28 16:38:30  INFO      TradingGraph: Fusion: L=-0.633(csns=1.00), M=-0.221(csns=0.50), S=0.017(csns=0.67), align_str=0.000
2026-03-28 16:38:30  INFO      TradingRunner: EXIT [NASDAQ:NVDA #12345 BUY  pnl=+200.00] — D1 flipped bearish (-0.633)
2026-03-28 16:38:30  INFO      MT5Executor: SIMULATION: Closed position 12345
2026-03-28 16:39:30  INFO      MT5Executor: SIMULATION: Partial close 40% of #12345
2026-03-28 16:39:30  INFO      TrailingStopManager: [RISKY] PARTIAL TP BUY NASDAQ:NVDA #12345: 40% locked in at +1R (entry=150.00000 price=152.00000)
2026-03-28 16:39:30  INFO      TrailingStopManager: SL lock BUY  NASDAQ:NVDA #12345 [stage 1]: 148.00000 → 150.00000  (entry=150.00000 price=152.00000 1R=2.00000)
2026-03-28 16:39:30  INFO      MT5Executor: SIMULATION: Modified SL for position 12345: 150.0
2026-03-28 16:39:30  INFO      TradingGraph: Running agents for NASDAQ:NVDA
2026-03-28 16:39:30  INFO      TradingGraph: Completed 14 agents
2026-03-28 16:39:30  INFO      TradingGraph: Fusing timeframe signals
2026-03-28 16:39:30  INFO      TradingGraph: Fusion: L=-0.622(csns=1.00), M=0.262(csns=1.00), S=0.052(csns=0.40), align_str=0.000
2026-03-28 16:39:30  INFO      TradingRunner: EXIT [NASDAQ:NVDA #12345 BUY  pnl=+200.00] — D1 flipped bearish (-0.622)
2026-03-28 16:39:30  INFO      MT5Executor: SIMULATION: Closed position 12345
2026-03-28 16:40:30  INFO      MT5Executor: SIMULATION: Partial close 40% of #12345
2026-03-28 16:40:30  INFO      TrailingStopManager: [RISKY] PARTIAL TP BUY NASDAQ:NVDA #12345: 40% locked in at +1R (entry=150.00000 price=152.00000)
2026-03-28 16:40:30  INFO      TrailingStopManager: SL lock BUY  NASDAQ:NVDA #12345 [stage 1]: 148.00000 → 150.00000  (entry=150.00000 price=152.00000 1R=2.00000)
2026-03-28 16:40:30  INFO      MT5Executor: SIMULATION: Modified SL for position 12345: 150.0
2026-03-28 16:40:30  INFO      TradingGraph: Running agents for NASDAQ:NVDA
2026-03-28 16:40:30  INFO      TradingGraph: Completed 14 agents
2026-03-28 16:40:30  INFO      TradingGraph: Fusing timeframe signals
2026-03-28 16:40:30  INFO      TradingGraph: Fusion: L=-0.619(csns=1.00), M=0.227(csns=0.67), S=0.139(csns=0.50), align_str=0.000
2026-03-28 16:40:30  INFO      TradingRunner: EXIT [NASDAQ:NVDA #12345 BUY  pnl=+200.00] — D1 flipped bearish (-0.619)
2026-03-28 16:40:30  INFO      MT5Executor: SIMULATION: Closed position 12345
2026-03-28 16:41:30  INFO      MT5Executor: SIMULATION: Partial close 40% of #12345
2026-03-28 16:41:30  INFO      TrailingStopManager: [RISKY] PARTIAL TP BUY NASDAQ:NVDA #12345: 40% locked in at +1R (entry=150.00000 price=152.00000)
2026-03-28 16:41:30  INFO      TrailingStopManager: SL lock BUY  NASDAQ:NVDA #12345 [stage 1]: 148.00000 → 150.00000  (entry=150.00000 price=152.00000 1R=2.00000)
2026-03-28 16:41:30  INFO      MT5Executor: SIMULATION: Modified SL for position 12345: 150.0
2026-03-28 16:41:30  INFO      TradingGraph: Running agents for NASDAQ:NVDA
2026-03-28 16:41:30  INFO      TradingGraph: Completed 14 agents
2026-03-28 16:41:30  INFO      TradingGraph: Fusing timeframe signals
2026-03-28 16:41:30  INFO      TradingGraph: Fusion: L=-0.622(csns=1.00), M=-0.001(csns=0.50), S=0.024(csns=0.75), align_str=0.000
2026-03-28 16:41:30  INFO      TradingRunner: EXIT [NASDAQ:NVDA #12345 BUY  pnl=+200.00] — D1 flipped bearish (-0.622)
2026-03-28 16:41:30  INFO      MT5Executor: SIMULATION: Closed position 12345
2026-03-28 16:42:30  INFO      MT5Executor: SIMULATION: Partial close 40% of #12345
2026-03-28 16:42:30  INFO      TrailingStopManager: [RISKY] PARTIAL TP BUY NASDAQ:NVDA #12345: 40% locked in at +1R (entry=150.00000 price=152.00000)
2026-03-28 16:42:30  INFO      TrailingStopManager: SL lock BUY  NASDAQ:NVDA #12345 [stage 1]: 148.00000 → 150.00000  (entry=150.00000 price=152.00000 1R=2.00000)
2026-03-28 16:42:30  INFO      MT5Executor: SIMULATION: Modified SL for position 12345: 150.0
2026-03-28 16:42:30  INFO      TradingGraph: Running agents for NASDAQ:NVDA
2026-03-28 16:42:30  INFO      TradingGraph: Completed 14 agents
2026-03-28 16:42:30  INFO      TradingGraph: Fusing timeframe signals
2026-03-28 16:42:30  INFO      TradingGraph: Fusion: L=-0.622(csns=1.00), M=-0.001(csns=0.50), S=0.024(csns=0.75), align_str=0.000
2026-03-28 16:42:30  INFO      TradingRunner: EXIT [NASDAQ:NVDA #12345 BUY  pnl=+200.00] — D1 flipped bearish (-0.622)
2026-03-28 16:42:30  INFO      MT5Executor: SIMULATION: Closed position 12345
2026-03-28 16:43:26  WARNING   TradingRunner: Max daily trades (6) reached — no further entries today
2026-03-28 16:43:26  INFO      TradingRunner: PnL — unrealized: +200.00  realized today: +0.00  total: +200.00
2026-03-28 16:43:26  INFO      TradingRunner: Signal cycle done in 2.8s — sleeping 297s
2026-03-28 16:43:30  INFO      MT5Executor: SIMULATION: Partial close 40% of #12345
2026-03-28 16:43:30  INFO      TrailingStopManager: [RISKY] PARTIAL TP BUY NASDAQ:NVDA #12345: 40% locked in at +1R (entry=150.00000 price=152.00000)
2026-03-28 16:43:30  INFO      TrailingStopManager: SL lock BUY  NASDAQ:NVDA #12345 [stage 1]: 148.00000 → 150.00000  (entry=150.00000 price=152.00000 1R=2.00000)
2026-03-28 16:43:30  INFO      MT5Executor: SIMULATION: Modified SL for position 12345: 150.0
2026-03-28 16:43:30  INFO      TradingGraph: Running agents for NASDAQ:NVDA
2026-03-28 16:43:30  INFO      TradingGraph: Completed 14 agents
2026-03-28 16:43:30  INFO      TradingGraph: Fusing timeframe signals
2026-03-28 16:43:30  INFO      TradingGraph: Fusion: L=-0.622(csns=1.00), M=-0.001(csns=0.50), S=0.024(csns=0.75), align_str=0.000
2026-03-28 16:43:30  INFO      TradingRunner: EXIT [NASDAQ:NVDA #12345 BUY  pnl=+200.00] — D1 flipped bearish (-0.622)
2026-03-28 16:43:30  INFO      MT5Executor: SIMULATION: Closed position 12345
2026-03-28 16:44:30  INFO      MT5Executor: SIMULATION: Partial close 40% of #12345
2026-03-28 16:44:30  INFO      TrailingStopManager: [RISKY] PARTIAL TP BUY NASDAQ:NVDA #12345: 40% locked in at +1R (entry=150.00000 price=152.00000)
2026-03-28 16:44:30  INFO      TrailingStopManager: SL lock BUY  NASDAQ:NVDA #12345 [stage 1]: 148.00000 → 150.00000  (entry=150.00000 price=152.00000 1R=2.00000)
2026-03-28 16:44:30  INFO      MT5Executor: SIMULATION: Modified SL for position 12345: 150.0
2026-03-28 16:44:30  INFO      TradingGraph: Running agents for NASDAQ:NVDA
2026-03-28 16:44:30  INFO      TradingGraph: Completed 14 agents
2026-03-28 16:44:30  INFO      TradingGraph: Fusing timeframe signals
2026-03-28 16:44:30  INFO      TradingGraph: Fusion: L=-0.664(csns=1.00), M=-0.520(csns=1.00), S=-0.061(csns=0.50), align_str=0.276
2026-03-28 16:44:30  INFO      TradingRunner: EXIT [NASDAQ:NVDA #12345 BUY  pnl=+200.00] — D1 flipped bearish (-0.664)
2026-03-28 16:44:30  INFO      MT5Executor: SIMULATION: Closed position 12345
2026-03-28 16:45:30  INFO      MT5Executor: SIMULATION: Partial close 40% of #12345
2026-03-28 16:45:30  INFO      TrailingStopManager: [RISKY] PARTIAL TP BUY NASDAQ:NVDA #12345: 40% locked in at +1R (entry=150.00000 price=152.00000)
2026-03-28 16:45:30  INFO      TrailingStopManager: SL lock BUY  NASDAQ:NVDA #12345 [stage 1]: 148.00000 → 150.00000  (entry=150.00000 price=152.00000 1R=2.00000)
2026-03-28 16:45:30  INFO      MT5Executor: SIMULATION: Modified SL for position 12345: 150.0
2026-03-28 16:45:31  INFO      TradingGraph: Running agents for NASDAQ:NVDA
2026-03-28 16:45:31  INFO      TradingGraph: Completed 14 agents
2026-03-28 16:45:31  INFO      TradingGraph: Fusing timeframe signals
2026-03-28 16:45:31  INFO      TradingGraph: Fusion: L=-0.605(csns=1.00), M=-0.135(csns=1.00), S=0.018(csns=0.60), align_str=0.000
2026-03-28 16:45:31  INFO      TradingRunner: EXIT [NASDAQ:NVDA #12345 BUY  pnl=+200.00] — D1 flipped bearish (-0.605)
2026-03-28 16:45:31  INFO      MT5Executor: SIMULATION: Closed position 12345
2026-03-28 16:46:01  INFO      TradingRunner: [WATCHDOG] alive | equity=100200.0 | cycle=47 | profile=risky
2026-03-28 16:46:30  INFO      MT5Executor: SIMULATION: Partial close 40% of #12345
2026-03-28 16:46:30  INFO      TrailingStopManager: [RISKY] PARTIAL TP BUY NASDAQ:NVDA #12345: 40% locked in at +1R (entry=150.00000 price=152.00000)
2026-03-28 16:46:30  INFO      TrailingStopManager: SL lock BUY  NASDAQ:NVDA #12345 [stage 1]: 148.00000 → 150.00000  (entry=150.00000 price=152.00000 1R=2.00000)
2026-03-28 16:46:30  INFO      MT5Executor: SIMULATION: Modified SL for position 12345: 150.0
2026-03-28 16:46:31  INFO      TradingGraph: Running agents for NASDAQ:NVDA
2026-03-28 16:46:31  INFO      TradingGraph: Completed 14 agents
2026-03-28 16:46:31  INFO      TradingGraph: Fusing timeframe signals
2026-03-28 16:46:31  INFO      TradingGraph: Fusion: L=-0.619(csns=1.00), M=-0.017(csns=0.67), S=-0.037(csns=0.33), align_str=0.073
2026-03-28 16:46:31  INFO      TradingRunner: EXIT [NASDAQ:NVDA #12345 BUY  pnl=+200.00] — D1 flipped bearish (-0.619)
2026-03-28 16:46:31  INFO      MT5Executor: SIMULATION: Closed position 12345
2026-03-28 16:47:30  INFO      MT5Executor: SIMULATION: Partial close 40% of #12345
2026-03-28 16:47:30  INFO      TrailingStopManager: [RISKY] PARTIAL TP BUY NASDAQ:NVDA #12345: 40% locked in at +1R (entry=150.00000 price=152.00000)
2026-03-28 16:47:30  INFO      TrailingStopManager: SL lock BUY  NASDAQ:NVDA #12345 [stage 1]: 148.00000 → 150.00000  (entry=150.00000 price=152.00000 1R=2.00000)
2026-03-28 16:47:30  INFO      MT5Executor: SIMULATION: Modified SL for position 12345: 150.0
2026-03-28 16:47:31  INFO      TradingGraph: Running agents for NASDAQ:NVDA
2026-03-28 16:47:31  INFO      TradingGraph: Completed 14 agents
2026-03-28 16:47:31  INFO      TradingGraph: Fusing timeframe signals
2026-03-28 16:47:31  INFO      TradingGraph: Fusion: L=-0.622(csns=1.00), M=-0.013(csns=0.50), S=0.103(csns=0.60), align_str=0.000
2026-03-28 16:47:31  INFO      TradingRunner: EXIT [NASDAQ:NVDA #12345 BUY  pnl=+200.00] — D1 flipped bearish (-0.622)
2026-03-28 16:47:31  INFO      MT5Executor: SIMULATION: Closed position 12345
2026-03-28 16:48:27  WARNING   TradingRunner: Max daily trades (6) reached — no further entries today
2026-03-28 16:48:27  INFO      TradingRunner: PnL — unrealized: +200.00  realized today: +0.00  total: +200.00
2026-03-28 16:48:27  INFO      TradingRunner: Signal cycle done in 2.8s — sleeping 297s
2026-03-28 16:48:31  INFO      MT5Executor: SIMULATION: Partial close 40% of #12345
2026-03-28 16:48:31  INFO      TrailingStopManager: [RISKY] PARTIAL TP BUY NASDAQ:NVDA #12345: 40% locked in at +1R (entry=150.00000 price=152.00000)
2026-03-28 16:48:31  INFO      TrailingStopManager: SL lock BUY  NASDAQ:NVDA #12345 [stage 1]: 148.00000 → 150.00000  (entry=150.00000 price=152.00000 1R=2.00000)
2026-03-28 16:48:31  INFO      MT5Executor: SIMULATION: Modified SL for position 12345: 150.0
2026-03-28 16:48:31  INFO      TradingGraph: Running agents for NASDAQ:NVDA
2026-03-28 16:48:31  INFO      TradingGraph: Completed 14 agents
2026-03-28 16:48:31  INFO      TradingGraph: Fusing timeframe signals
2026-03-28 16:48:31  INFO      TradingGraph: Fusion: L=-0.619(csns=1.00), M=-0.009(csns=0.67), S=0.037(csns=0.40), align_str=0.000
2026-03-28 16:48:31  INFO      TradingRunner: EXIT [NASDAQ:NVDA #12345 BUY  pnl=+200.00] — D1 flipped bearish (-0.619)
2026-03-28 16:48:31  INFO      MT5Executor: SIMULATION: Closed position 12345
2026-03-28 16:49:31  INFO      MT5Executor: SIMULATION: Partial close 40% of #12345
2026-03-28 16:49:31  INFO      TrailingStopManager: [RISKY] PARTIAL TP BUY NASDAQ:NVDA #12345: 40% locked in at +1R (entry=150.00000 price=152.00000)
2026-03-28 16:49:31  INFO      TrailingStopManager: SL lock BUY  NASDAQ:NVDA #12345 [stage 1]: 148.00000 → 150.00000  (entry=150.00000 price=152.00000 1R=2.00000)
2026-03-28 16:49:31  INFO      MT5Executor: SIMULATION: Modified SL for position 12345: 150.0
2026-03-28 16:49:31  INFO      TradingGraph: Running agents for NASDAQ:NVDA
2026-03-28 16:49:31  INFO      TradingGraph: Completed 14 agents
2026-03-28 16:49:31  INFO      TradingGraph: Fusing timeframe signals
2026-03-28 16:49:31  INFO      TradingGraph: Fusion: L=-0.648(csns=1.00), M=0.432(csns=1.00), S=0.034(csns=0.40), align_str=0.000
2026-03-28 16:49:31  INFO      TradingRunner: EXIT [NASDAQ:NVDA #12345 BUY  pnl=+200.00] — D1 flipped bearish (-0.648)
2026-03-28 16:49:31  INFO      MT5Executor: SIMULATION: Closed position 12345
2026-03-28 16:50:31  INFO      MT5Executor: SIMULATION: Partial close 40% of #12345
2026-03-28 16:50:31  INFO      TrailingStopManager: [RISKY] PARTIAL TP BUY NASDAQ:NVDA #12345: 40% locked in at +1R (entry=150.00000 price=152.00000)
2026-03-28 16:50:31  INFO      TrailingStopManager: SL lock BUY  NASDAQ:NVDA #12345 [stage 1]: 148.00000 → 150.00000  (entry=150.00000 price=152.00000 1R=2.00000)
2026-03-28 16:50:31  INFO      MT5Executor: SIMULATION: Modified SL for position 12345: 150.0
2026-03-28 16:50:31  INFO      TradingGraph: Running agents for NASDAQ:NVDA
2026-03-28 16:50:31  INFO      TradingGraph: Completed 14 agents
2026-03-28 16:50:31  INFO      TradingGraph: Fusing timeframe signals
2026-03-28 16:50:31  INFO      TradingGraph: Fusion: L=-0.653(csns=1.00), M=-0.124(csns=1.00), S=-0.068(csns=0.50), align_str=0.177
2026-03-28 16:50:31  INFO      TradingRunner: EXIT [NASDAQ:NVDA #12345 BUY  pnl=+200.00] — D1 flipped bearish (-0.653)
2026-03-28 16:50:31  INFO      MT5Executor: SIMULATION: Closed position 12345
2026-03-28 16:51:31  INFO      MT5Executor: SIMULATION: Partial close 40% of #12345
2026-03-28 16:51:31  INFO      TrailingStopManager: [RISKY] PARTIAL TP BUY NASDAQ:NVDA #12345: 40% locked in at +1R (entry=150.00000 price=152.00000)
2026-03-28 16:51:31  INFO      TrailingStopManager: SL lock BUY  NASDAQ:NVDA #12345 [stage 1]: 148.00000 → 150.00000  (entry=150.00000 price=152.00000 1R=2.00000)
2026-03-28 16:51:31  INFO      MT5Executor: SIMULATION: Modified SL for position 12345: 150.0
2026-03-28 16:51:31  INFO      TradingGraph: Running agents for NASDAQ:NVDA
2026-03-28 16:51:31  INFO      TradingGraph: Completed 14 agents
2026-03-28 16:51:31  INFO      TradingGraph: Fusing timeframe signals
2026-03-28 16:51:31  INFO      TradingGraph: Fusion: L=-0.622(csns=1.00), M=0.262(csns=1.00), S=0.052(csns=0.40), align_str=0.000
2026-03-28 16:51:31  INFO      TradingRunner: EXIT [NASDAQ:NVDA #12345 BUY  pnl=+200.00] — D1 flipped bearish (-0.622)
2026-03-28 16:51:31  INFO      MT5Executor: SIMULATION: Closed position 12345
2026-03-28 16:52:31  INFO      MT5Executor: SIMULATION: Partial close 40% of #12345
2026-03-28 16:52:31  INFO      TrailingStopManager: [RISKY] PARTIAL TP BUY NASDAQ:NVDA #12345: 40% locked in at +1R (entry=150.00000 price=152.00000)
2026-03-28 16:52:31  INFO      TrailingStopManager: SL lock BUY  NASDAQ:NVDA #12345 [stage 1]: 148.00000 → 150.00000  (entry=150.00000 price=152.00000 1R=2.00000)
2026-03-28 16:52:31  INFO      MT5Executor: SIMULATION: Modified SL for position 12345: 150.0
2026-03-28 16:52:31  INFO      TradingGraph: Running agents for NASDAQ:NVDA
2026-03-28 16:52:31  INFO      TradingGraph: Completed 14 agents
2026-03-28 16:52:31  INFO      TradingGraph: Fusing timeframe signals
2026-03-28 16:52:31  INFO      TradingGraph: Fusion: L=-0.619(csns=1.00), M=-0.009(csns=0.67), S=0.037(csns=0.40), align_str=0.000
2026-03-28 16:52:31  INFO      TradingRunner: EXIT [NASDAQ:NVDA #12345 BUY  pnl=+200.00] — D1 flipped bearish (-0.619)
2026-03-28 16:52:31  INFO      MT5Executor: SIMULATION: Closed position 12345
2026-03-28 16:53:26  WARNING   TradingRunner: Max daily trades (6) reached — no further entries today
2026-03-28 16:53:26  INFO      TradingRunner: PnL — unrealized: +200.00  realized today: +0.00  total: +200.00
2026-03-28 16:53:26  INFO      TradingRunner: Signal cycle done in 2.4s — sleeping 298s
2026-03-28 16:53:31  INFO      MT5Executor: SIMULATION: Partial close 40% of #12345
2026-03-28 16:53:31  INFO      TrailingStopManager: [RISKY] PARTIAL TP BUY NASDAQ:NVDA #12345: 40% locked in at +1R (entry=150.00000 price=152.00000)
2026-03-28 16:53:31  INFO      TrailingStopManager: SL lock BUY  NASDAQ:NVDA #12345 [stage 1]: 148.00000 → 150.00000  (entry=150.00000 price=152.00000 1R=2.00000)
2026-03-28 16:53:31  INFO      MT5Executor: SIMULATION: Modified SL for position 12345: 150.0
2026-03-28 16:53:31  INFO      TradingGraph: Running agents for NASDAQ:NVDA
2026-03-28 16:53:31  INFO      TradingGraph: Completed 14 agents
2026-03-28 16:53:31  INFO      TradingGraph: Fusing timeframe signals
2026-03-28 16:53:31  INFO      TradingGraph: Fusion: L=-0.622(csns=1.00), M=-0.013(csns=0.50), S=0.103(csns=0.60), align_str=0.000
2026-03-28 16:53:31  INFO      TradingRunner: EXIT [NASDAQ:NVDA #12345 BUY  pnl=+200.00] — D1 flipped bearish (-0.622)
2026-03-28 16:53:31  INFO      MT5Executor: SIMULATION: Closed position 12345
2026-03-28 16:54:31  INFO      MT5Executor: SIMULATION: Partial close 40% of #12345
2026-03-28 16:54:31  INFO      TrailingStopManager: [RISKY] PARTIAL TP BUY NASDAQ:NVDA #12345: 40% locked in at +1R (entry=150.00000 price=152.00000)
2026-03-28 16:54:31  INFO      TrailingStopManager: SL lock BUY  NASDAQ:NVDA #12345 [stage 1]: 148.00000 → 150.00000  (entry=150.00000 price=152.00000 1R=2.00000)
2026-03-28 16:54:31  INFO      MT5Executor: SIMULATION: Modified SL for position 12345: 150.0
2026-03-28 16:54:31  INFO      TradingGraph: Running agents for NASDAQ:NVDA
2026-03-28 16:54:31  INFO      TradingGraph: Completed 14 agents
2026-03-28 16:54:31  INFO      TradingGraph: Fusing timeframe signals
2026-03-28 16:54:31  INFO      TradingGraph: Fusion: L=-0.648(csns=1.00), M=0.296(csns=0.67), S=-0.056(csns=0.40), align_str=0.000
2026-03-28 16:54:31  INFO      TradingRunner: EXIT [NASDAQ:NVDA #12345 BUY  pnl=+200.00] — D1 flipped bearish (-0.648)
2026-03-28 16:54:31  INFO      MT5Executor: SIMULATION: Closed position 12345
2026-03-28 16:55:31  INFO      MT5Executor: SIMULATION: Partial close 40% of #12345
2026-03-28 16:55:31  INFO      TrailingStopManager: [RISKY] PARTIAL TP BUY NASDAQ:NVDA #12345: 40% locked in at +1R (entry=150.00000 price=152.00000)
2026-03-28 16:55:31  INFO      TrailingStopManager: SL lock BUY  NASDAQ:NVDA #12345 [stage 1]: 148.00000 → 150.00000  (entry=150.00000 price=152.00000 1R=2.00000)
2026-03-28 16:55:31  INFO      MT5Executor: SIMULATION: Modified SL for position 12345: 150.0
2026-03-28 16:55:31  INFO      TradingGraph: Running agents for NASDAQ:NVDA
2026-03-28 16:55:31  INFO      TradingGraph: Completed 14 agents
2026-03-28 16:55:31  INFO      TradingGraph: Fusing timeframe signals
2026-03-28 16:55:31  INFO      TradingGraph: Fusion: L=-0.622(csns=1.00), M=-0.001(csns=0.50), S=0.024(csns=0.75), align_str=0.000
2026-03-28 16:55:31  INFO      TradingRunner: EXIT [NASDAQ:NVDA #12345 BUY  pnl=+200.00] — D1 flipped bearish (-0.622)
2026-03-28 16:55:31  INFO      MT5Executor: SIMULATION: Closed position 12345
2026-03-28 16:56:31  INFO      MT5Executor: SIMULATION: Partial close 40% of #12345
2026-03-28 16:56:31  INFO      TrailingStopManager: [RISKY] PARTIAL TP BUY NASDAQ:NVDA #12345: 40% locked in at +1R (entry=150.00000 price=152.00000)
2026-03-28 16:56:31  INFO      TrailingStopManager: SL lock BUY  NASDAQ:NVDA #12345 [stage 1]: 148.00000 → 150.00000  (entry=150.00000 price=152.00000 1R=2.00000)
2026-03-28 16:56:31  INFO      MT5Executor: SIMULATION: Modified SL for position 12345: 150.0
2026-03-28 16:56:31  INFO      TradingGraph: Running agents for NASDAQ:NVDA
2026-03-28 16:56:31  INFO      TradingRunner: [WATCHDOG] alive | equity=100200.0 | cycle=49 | profile=risky
2026-03-28 16:56:31  INFO      TradingGraph: Completed 14 agents
2026-03-28 16:56:31  INFO      TradingGraph: Fusing timeframe signals
2026-03-28 16:56:31  INFO      TradingGraph: Fusion: L=-0.658(csns=1.00), M=0.569(csns=1.00), S=0.098(csns=0.75), align_str=0.000
2026-03-28 16:56:31  INFO      TradingRunner: EXIT [NASDAQ:NVDA #12345 BUY  pnl=+200.00] — D1 flipped bearish (-0.658)
2026-03-28 16:56:31  INFO      MT5Executor: SIMULATION: Closed position 12345
2026-03-28 16:57:31  INFO      MT5Executor: SIMULATION: Partial close 40% of #12345
2026-03-28 16:57:31  INFO      TrailingStopManager: [RISKY] PARTIAL TP BUY NASDAQ:NVDA #12345: 40% locked in at +1R (entry=150.00000 price=152.00000)
2026-03-28 16:57:31  INFO      TrailingStopManager: SL lock BUY  NASDAQ:NVDA #12345 [stage 1]: 148.00000 → 150.00000  (entry=150.00000 price=152.00000 1R=2.00000)
2026-03-28 16:57:31  INFO      MT5Executor: SIMULATION: Modified SL for position 12345: 150.0
2026-03-28 16:57:31  INFO      TradingGraph: Running agents for NASDAQ:NVDA
2026-03-28 16:57:31  INFO      TradingGraph: Completed 14 agents
2026-03-28 16:57:31  INFO      TradingGraph: Fusing timeframe signals
2026-03-28 16:57:31  INFO      TradingGraph: Fusion: L=-0.658(csns=1.00), M=0.569(csns=1.00), S=0.098(csns=0.75), align_str=0.000
2026-03-28 16:57:31  INFO      TradingRunner: EXIT [NASDAQ:NVDA #12345 BUY  pnl=+200.00] — D1 flipped bearish (-0.658)
2026-03-28 16:57:31  INFO      MT5Executor: SIMULATION: Closed position 12345
2026-03-28 16:58:26  WARNING   TradingRunner: Max daily trades (6) reached — no further entries today
2026-03-28 16:58:26  INFO      TradingRunner: PnL — unrealized: +200.00  realized today: +0.00  total: +200.00
2026-03-28 16:58:26  INFO      TradingRunner: Signal cycle done in 2.6s — sleeping 297s
2026-03-28 16:58:31  INFO      MT5Executor: SIMULATION: Partial close 40% of #12345
2026-03-28 16:58:31  INFO      TrailingStopManager: [RISKY] PARTIAL TP BUY NASDAQ:NVDA #12345: 40% locked in at +1R (entry=150.00000 price=152.00000)
2026-03-28 16:58:31  INFO      TrailingStopManager: SL lock BUY  NASDAQ:NVDA #12345 [stage 1]: 148.00000 → 150.00000  (entry=150.00000 price=152.00000 1R=2.00000)
2026-03-28 16:58:31  INFO      MT5Executor: SIMULATION: Modified SL for position 12345: 150.0
2026-03-28 16:58:31  INFO      TradingGraph: Running agents for NASDAQ:NVDA
2026-03-28 16:58:31  INFO      TradingGraph: Completed 14 agents
2026-03-28 16:58:31  INFO      TradingGraph: Fusing timeframe signals
2026-03-28 16:58:31  INFO      TradingGraph: Fusion: L=-0.597(csns=1.00), M=-0.125(csns=1.00), S=0.081(csns=0.60), align_str=0.000
2026-03-28 16:58:31  INFO      TradingRunner: EXIT [NASDAQ:NVDA #12345 BUY  pnl=+200.00] — D1 flipped bearish (-0.597)
2026-03-28 16:58:31  INFO      MT5Executor: SIMULATION: Closed position 12345
2026-03-28 16:59:31  INFO      MT5Executor: SIMULATION: Partial close 40% of #12345
2026-03-28 16:59:31  INFO      TrailingStopManager: [RISKY] PARTIAL TP BUY NASDAQ:NVDA #12345: 40% locked in at +1R (entry=150.00000 price=152.00000)
2026-03-28 16:59:31  INFO      TrailingStopManager: SL lock BUY  NASDAQ:NVDA #12345 [stage 1]: 148.00000 → 150.00000  (entry=150.00000 price=152.00000 1R=2.00000)
2026-03-28 16:59:31  INFO      MT5Executor: SIMULATION: Modified SL for position 12345: 150.0
2026-03-28 16:59:31  INFO      TradingGraph: Running agents for NASDAQ:NVDA
2026-03-28 16:59:31  INFO      TradingGraph: Completed 14 agents
2026-03-28 16:59:31  INFO      TradingGraph: Fusing timeframe signals
2026-03-28 16:59:31  INFO      TradingGraph: Fusion: L=-0.781(csns=1.00), M=-0.125(csns=1.00), S=0.031(csns=0.60), align_str=0.000
2026-03-28 16:59:31  INFO      TradingRunner: EXIT [NASDAQ:NVDA #12345 BUY  pnl=+200.00] — D1 flipped bearish (-0.781)
2026-03-28 16:59:31  INFO      MT5Executor: SIMULATION: Closed position 12345
2026-03-28 17:00:31  INFO      MT5Executor: SIMULATION: Partial close 40% of #12345
2026-03-28 17:00:31  INFO      TrailingStopManager: [RISKY] PARTIAL TP BUY NASDAQ:NVDA #12345: 40% locked in at +1R (entry=150.00000 price=152.00000)
2026-03-28 17:00:31  INFO      TrailingStopManager: SL lock BUY  NASDAQ:NVDA #12345 [stage 1]: 148.00000 → 150.00000  (entry=150.00000 price=152.00000 1R=2.00000)
2026-03-28 17:00:31  INFO      MT5Executor: SIMULATION: Modified SL for position 12345: 150.0
2026-03-28 17:00:31  INFO      TradingGraph: Running agents for NASDAQ:NVDA
2026-03-28 17:00:31  INFO      TradingGraph: Completed 14 agents
2026-03-28 17:00:31  INFO      TradingGraph: Fusing timeframe signals
2026-03-28 17:00:31  INFO      TradingGraph: Fusion: L=-0.622(csns=1.00), M=-0.001(csns=0.50), S=0.024(csns=0.75), align_str=0.000
2026-03-28 17:00:31  INFO      TradingRunner: EXIT [NASDAQ:NVDA #12345 BUY  pnl=+200.00] — D1 flipped bearish (-0.622)
2026-03-28 17:00:31  INFO      MT5Executor: SIMULATION: Closed position 12345
2026-03-28 17:01:31  INFO      MT5Executor: SIMULATION: Partial close 40% of #12345
2026-03-28 17:01:31  INFO      TrailingStopManager: [RISKY] PARTIAL TP BUY NASDAQ:NVDA #12345: 40% locked in at +1R (entry=150.00000 price=152.00000)
2026-03-28 17:01:31  INFO      TrailingStopManager: SL lock BUY  NASDAQ:NVDA #12345 [stage 1]: 148.00000 → 150.00000  (entry=150.00000 price=152.00000 1R=2.00000)
2026-03-28 17:01:31  INFO      MT5Executor: SIMULATION: Modified SL for position 12345: 150.0
2026-03-28 17:01:31  INFO      TradingGraph: Running agents for NASDAQ:NVDA
2026-03-28 17:01:31  INFO      TradingGraph: Completed 14 agents
2026-03-28 17:01:31  INFO      TradingGraph: Fusing timeframe signals
2026-03-28 17:01:31  INFO      TradingGraph: Fusion: L=-0.609(csns=1.00), M=-0.529(csns=1.00), S=0.083(csns=0.60), align_str=0.000
2026-03-28 17:01:31  INFO      TradingRunner: EXIT [NASDAQ:NVDA #12345 BUY  pnl=+200.00] — D1 flipped bearish (-0.609)
2026-03-28 17:01:31  INFO      MT5Executor: SIMULATION: Closed position 12345
2026-03-28 17:02:31  INFO      MT5Executor: SIMULATION: Partial close 40% of #12345
2026-03-28 17:02:31  INFO      TrailingStopManager: [RISKY] PARTIAL TP BUY NASDAQ:NVDA #12345: 40% locked in at +1R (entry=150.00000 price=152.00000)
2026-03-28 17:02:31  INFO      TrailingStopManager: SL lock BUY  NASDAQ:NVDA #12345 [stage 1]: 148.00000 → 150.00000  (entry=150.00000 price=152.00000 1R=2.00000)
2026-03-28 17:02:31  INFO      MT5Executor: SIMULATION: Modified SL for position 12345: 150.0
2026-03-28 17:02:31  INFO      TradingGraph: Running agents for NASDAQ:NVDA
2026-03-28 17:02:31  INFO      TradingGraph: Completed 14 agents
2026-03-28 17:02:31  INFO      TradingGraph: Fusing timeframe signals
2026-03-28 17:02:31  INFO      TradingGraph: Fusion: L=-0.622(csns=1.00), M=0.001(csns=0.50), S=0.061(csns=0.40), align_str=0.000
2026-03-28 17:02:31  INFO      TradingRunner: EXIT [NASDAQ:NVDA #12345 BUY  pnl=+200.00] — D1 flipped bearish (-0.622)
2026-03-28 17:02:31  INFO      MT5Executor: SIMULATION: Closed position 12345
2026-03-28 17:03:27  WARNING   TradingRunner: Max daily trades (6) reached — no further entries today
2026-03-28 17:03:27  INFO      TradingRunner: PnL — unrealized: +200.00  realized today: +0.00  total: +200.00
2026-03-28 17:03:27  INFO      TradingRunner: Signal cycle done in 2.8s — sleeping 297s
2026-03-28 17:03:31  INFO      MT5Executor: SIMULATION: Partial close 40% of #12345
2026-03-28 17:03:31  INFO      TrailingStopManager: [RISKY] PARTIAL TP BUY NASDAQ:NVDA #12345: 40% locked in at +1R (entry=150.00000 price=152.00000)
2026-03-28 17:03:31  INFO      TrailingStopManager: SL lock BUY  NASDAQ:NVDA #12345 [stage 1]: 148.00000 → 150.00000  (entry=150.00000 price=152.00000 1R=2.00000)
2026-03-28 17:03:31  INFO      MT5Executor: SIMULATION: Modified SL for position 12345: 150.0
2026-03-28 17:03:31  INFO      TradingGraph: Running agents for NASDAQ:NVDA
2026-03-28 17:03:31  INFO      TradingGraph: Completed 14 agents
2026-03-28 17:03:31  INFO      TradingGraph: Fusing timeframe signals
2026-03-28 17:03:31  INFO      TradingGraph: Fusion: L=-0.658(csns=1.00), M=0.569(csns=1.00), S=0.101(csns=0.75), align_str=0.000
2026-03-28 17:03:31  INFO      TradingRunner: EXIT [NASDAQ:NVDA #12345 BUY  pnl=+200.00] — D1 flipped bearish (-0.658)
2026-03-28 17:03:31  INFO      MT5Executor: SIMULATION: Closed position 12345
2026-03-28 17:04:31  INFO      MT5Executor: SIMULATION: Partial close 40% of #12345
2026-03-28 17:04:31  INFO      TrailingStopManager: [RISKY] PARTIAL TP BUY NASDAQ:NVDA #12345: 40% locked in at +1R (entry=150.00000 price=152.00000)
2026-03-28 17:04:31  INFO      TrailingStopManager: SL lock BUY  NASDAQ:NVDA #12345 [stage 1]: 148.00000 → 150.00000  (entry=150.00000 price=152.00000 1R=2.00000)
2026-03-28 17:04:31  INFO      MT5Executor: SIMULATION: Modified SL for position 12345: 150.0
2026-03-28 17:04:31  INFO      TradingGraph: Running agents for NASDAQ:NVDA
2026-03-28 17:04:31  INFO      TradingGraph: Completed 14 agents
2026-03-28 17:04:31  INFO      TradingGraph: Fusing timeframe signals
2026-03-28 17:04:31  INFO      TradingGraph: Fusion: L=-0.658(csns=1.00), M=0.569(csns=1.00), S=0.101(csns=0.75), align_str=0.000
2026-03-28 17:04:31  INFO      TradingRunner: EXIT [NASDAQ:NVDA #12345 BUY  pnl=+200.00] — D1 flipped bearish (-0.658)
2026-03-28 17:04:31  INFO      MT5Executor: SIMULATION: Closed position 12345
2026-03-28 17:05:31  INFO      MT5Executor: SIMULATION: Partial close 40% of #12345
2026-03-28 17:05:31  INFO      TrailingStopManager: [RISKY] PARTIAL TP BUY NASDAQ:NVDA #12345: 40% locked in at +1R (entry=150.00000 price=152.00000)
2026-03-28 17:05:31  INFO      TrailingStopManager: SL lock BUY  NASDAQ:NVDA #12345 [stage 1]: 148.00000 → 150.00000  (entry=150.00000 price=152.00000 1R=2.00000)
2026-03-28 17:05:31  INFO      MT5Executor: SIMULATION: Modified SL for position 12345: 150.0
2026-03-28 17:05:31  INFO      TradingGraph: Running agents for NASDAQ:NVDA
2026-03-28 17:05:31  INFO      TradingGraph: Completed 14 agents
2026-03-28 17:05:31  INFO      TradingGraph: Fusing timeframe signals
2026-03-28 17:05:31  INFO      TradingGraph: Fusion: L=-0.611(csns=1.00), M=-0.352(csns=1.00), S=0.113(csns=0.75), align_str=0.000
2026-03-28 17:05:31  INFO      TradingRunner: EXIT [NASDAQ:NVDA #12345 BUY  pnl=+200.00] — D1 flipped bearish (-0.611)
2026-03-28 17:05:31  INFO      MT5Executor: SIMULATION: Closed position 12345
2026-03-28 17:06:31  INFO      MT5Executor: SIMULATION: Partial close 40% of #12345
2026-03-28 17:06:31  INFO      TrailingStopManager: [RISKY] PARTIAL TP BUY NASDAQ:NVDA #12345: 40% locked in at +1R (entry=150.00000 price=152.00000)
2026-03-28 17:06:31  INFO      TrailingStopManager: SL lock BUY  NASDAQ:NVDA #12345 [stage 1]: 148.00000 → 150.00000  (entry=150.00000 price=152.00000 1R=2.00000)
2026-03-28 17:06:31  INFO      MT5Executor: SIMULATION: Modified SL for position 12345: 150.0
2026-03-28 17:06:31  INFO      TradingGraph: Running agents for NASDAQ:NVDA
2026-03-28 17:06:31  INFO      TradingGraph: Completed 14 agents
2026-03-28 17:06:31  INFO      TradingGraph: Fusing timeframe signals
2026-03-28 17:06:31  INFO      TradingGraph: Fusion: L=-0.622(csns=1.00), M=0.001(csns=0.50), S=0.061(csns=0.40), align_str=0.000
2026-03-28 17:06:31  INFO      TradingRunner: EXIT [NASDAQ:NVDA #12345 BUY  pnl=+200.00] — D1 flipped bearish (-0.622)
2026-03-28 17:06:31  INFO      MT5Executor: SIMULATION: Closed position 12345
2026-03-28 17:07:01  INFO      TradingRunner: [WATCHDOG] alive | equity=100200.0 | cycle=51 | profile=risky
2026-03-28 17:07:31  INFO      MT5Executor: SIMULATION: Partial close 40% of #12345
2026-03-28 17:07:31  INFO      TrailingStopManager: [RISKY] PARTIAL TP BUY NASDAQ:NVDA #12345: 40% locked in at +1R (entry=150.00000 price=152.00000)
2026-03-28 17:07:31  INFO      TrailingStopManager: SL lock BUY  NASDAQ:NVDA #12345 [stage 1]: 148.00000 → 150.00000  (entry=150.00000 price=152.00000 1R=2.00000)
2026-03-28 17:07:31  INFO      MT5Executor: SIMULATION: Modified SL for position 12345: 150.0
2026-03-28 17:07:32  INFO      TradingGraph: Running agents for NASDAQ:NVDA
2026-03-28 17:07:32  INFO      TradingGraph: Completed 14 agents
2026-03-28 17:07:32  INFO      TradingGraph: Fusing timeframe signals
2026-03-28 17:07:32  INFO      TradingGraph: Fusion: L=-0.622(csns=1.00), M=-0.013(csns=0.50), S=0.103(csns=0.60), align_str=0.000
2026-03-28 17:07:32  INFO      TradingRunner: EXIT [NASDAQ:NVDA #12345 BUY  pnl=+200.00] — D1 flipped bearish (-0.622)
2026-03-28 17:07:32  INFO      MT5Executor: SIMULATION: Closed position 12345
2026-03-28 17:08:27  WARNING   TradingRunner: Max daily trades (6) reached — no further entries today
2026-03-28 17:08:27  INFO      TradingRunner: PnL — unrealized: +200.00  realized today: +0.00  total: +200.00
2026-03-28 17:08:27  INFO      TradingRunner: Signal cycle done in 3.0s — sleeping 297s
2026-03-28 17:08:31  INFO      MT5Executor: SIMULATION: Partial close 40% of #12345
2026-03-28 17:08:31  INFO      TrailingStopManager: [RISKY] PARTIAL TP BUY NASDAQ:NVDA #12345: 40% locked in at +1R (entry=150.00000 price=152.00000)
2026-03-28 17:08:31  INFO      TrailingStopManager: SL lock BUY  NASDAQ:NVDA #12345 [stage 1]: 148.00000 → 150.00000  (entry=150.00000 price=152.00000 1R=2.00000)
2026-03-28 17:08:31  INFO      MT5Executor: SIMULATION: Modified SL for position 12345: 150.0
2026-03-28 17:08:32  INFO      TradingGraph: Running agents for NASDAQ:NVDA
2026-03-28 17:08:32  INFO      TradingGraph: Completed 14 agents
2026-03-28 17:08:32  INFO      TradingGraph: Fusing timeframe signals
2026-03-28 17:08:32  INFO      TradingGraph: Fusion: L=-0.664(csns=1.00), M=-0.520(csns=1.00), S=-0.057(csns=0.50), align_str=0.270
2026-03-28 17:08:32  INFO      TradingRunner: EXIT [NASDAQ:NVDA #12345 BUY  pnl=+200.00] — D1 flipped bearish (-0.664)
2026-03-28 17:08:32  INFO      MT5Executor: SIMULATION: Closed position 12345
2026-03-28 17:09:31  INFO      MT5Executor: SIMULATION: Partial close 40% of #12345
2026-03-28 17:09:31  INFO      TrailingStopManager: [RISKY] PARTIAL TP BUY NASDAQ:NVDA #12345: 40% locked in at +1R (entry=150.00000 price=152.00000)
2026-03-28 17:09:31  INFO      TrailingStopManager: SL lock BUY  NASDAQ:NVDA #12345 [stage 1]: 148.00000 → 150.00000  (entry=150.00000 price=152.00000 1R=2.00000)
2026-03-28 17:09:31  INFO      MT5Executor: SIMULATION: Modified SL for position 12345: 150.0
2026-03-28 17:09:32  INFO      TradingGraph: Running agents for NASDAQ:NVDA
2026-03-28 17:09:32  INFO      TradingGraph: Completed 14 agents
2026-03-28 17:09:32  INFO      TradingGraph: Fusing timeframe signals
2026-03-28 17:09:32  INFO      TradingGraph: Fusion: L=-0.615(csns=1.00), M=0.005(csns=0.50), S=0.048(csns=0.33), align_str=0.000
2026-03-28 17:09:32  INFO      TradingRunner: EXIT [NASDAQ:NVDA #12345 BUY  pnl=+200.00] — D1 flipped bearish (-0.615)
2026-03-28 17:09:32  INFO      MT5Executor: SIMULATION: Closed position 12345
2026-03-28 17:10:31  INFO      MT5Executor: SIMULATION: Partial close 40% of #12345
2026-03-28 17:10:31  INFO      TrailingStopManager: [RISKY] PARTIAL TP BUY NASDAQ:NVDA #12345: 40% locked in at +1R (entry=150.00000 price=152.00000)
2026-03-28 17:10:31  INFO      TrailingStopManager: SL lock BUY  NASDAQ:NVDA #12345 [stage 1]: 148.00000 → 150.00000  (entry=150.00000 price=152.00000 1R=2.00000)
2026-03-28 17:10:31  INFO      MT5Executor: SIMULATION: Modified SL for position 12345: 150.0
2026-03-28 17:10:32  INFO      TradingGraph: Running agents for NASDAQ:NVDA
2026-03-28 17:10:32  INFO      TradingGraph: Completed 14 agents
2026-03-28 17:10:32  INFO      TradingGraph: Fusing timeframe signals
2026-03-28 17:10:32  INFO      TradingGraph: Fusion: L=-0.622(csns=1.00), M=-0.001(csns=0.50), S=0.024(csns=0.75), align_str=0.000
2026-03-28 17:10:32  INFO      TradingRunner: EXIT [NASDAQ:NVDA #12345 BUY  pnl=+200.00] — D1 flipped bearish (-0.622)
2026-03-28 17:10:32  INFO      MT5Executor: SIMULATION: Closed position 12345
2026-03-28 17:11:31  INFO      MT5Executor: SIMULATION: Partial close 40% of #12345
2026-03-28 17:11:31  INFO      TrailingStopManager: [RISKY] PARTIAL TP BUY NASDAQ:NVDA #12345: 40% locked in at +1R (entry=150.00000 price=152.00000)
2026-03-28 17:11:31  INFO      TrailingStopManager: SL lock BUY  NASDAQ:NVDA #12345 [stage 1]: 148.00000 → 150.00000  (entry=150.00000 price=152.00000 1R=2.00000)
2026-03-28 17:11:31  INFO      MT5Executor: SIMULATION: Modified SL for position 12345: 150.0
2026-03-28 17:11:32  INFO      TradingGraph: Running agents for NASDAQ:NVDA
2026-03-28 17:11:32  INFO      TradingGraph: Completed 14 agents
2026-03-28 17:11:32  INFO      TradingGraph: Fusing timeframe signals
2026-03-28 17:11:32  INFO      TradingGraph: Fusion: L=-0.622(csns=1.00), M=-0.001(csns=0.50), S=0.024(csns=0.75), align_str=0.000
2026-03-28 17:11:32  INFO      TradingRunner: EXIT [NASDAQ:NVDA #12345 BUY  pnl=+200.00] — D1 flipped bearish (-0.622)
2026-03-28 17:11:32  INFO      MT5Executor: SIMULATION: Closed position 12345
2026-03-28 17:12:32  INFO      MT5Executor: SIMULATION: Partial close 40% of #12345
2026-03-28 17:12:32  INFO      TrailingStopManager: [RISKY] PARTIAL TP BUY NASDAQ:NVDA #12345: 40% locked in at +1R (entry=150.00000 price=152.00000)
2026-03-28 17:12:32  INFO      TrailingStopManager: SL lock BUY  NASDAQ:NVDA #12345 [stage 1]: 148.00000 → 150.00000  (entry=150.00000 price=152.00000 1R=2.00000)
2026-03-28 17:12:32  INFO      MT5Executor: SIMULATION: Modified SL for position 12345: 150.0
2026-03-28 17:12:32  INFO      TradingGraph: Running agents for NASDAQ:NVDA
2026-03-28 17:12:32  INFO      TradingGraph: Completed 14 agents
2026-03-28 17:12:32  INFO      TradingGraph: Fusing timeframe signals
2026-03-28 17:12:32  INFO      TradingGraph: Fusion: L=-0.622(csns=1.00), M=0.001(csns=0.50), S=0.020(csns=0.40), align_str=0.000
2026-03-28 17:12:32  INFO      TradingRunner: EXIT [NASDAQ:NVDA #12345 BUY  pnl=+200.00] — D1 flipped bearish (-0.622)
2026-03-28 17:12:32  INFO      MT5Executor: SIMULATION: Closed position 12345
2026-03-28 17:13:27  WARNING   TradingRunner: Max daily trades (6) reached — no further entries today
2026-03-28 17:13:27  INFO      TradingRunner: PnL — unrealized: +200.00  realized today: +0.00  total: +200.00
2026-03-28 17:13:27  INFO      TradingRunner: Signal cycle done in 2.9s — sleeping 297s
2026-03-28 17:13:32  INFO      MT5Executor: SIMULATION: Partial close 40% of #12345
2026-03-28 17:13:32  INFO      TrailingStopManager: [RISKY] PARTIAL TP BUY NASDAQ:NVDA #12345: 40% locked in at +1R (entry=150.00000 price=152.00000)
2026-03-28 17:13:32  INFO      TrailingStopManager: SL lock BUY  NASDAQ:NVDA #12345 [stage 1]: 148.00000 → 150.00000  (entry=150.00000 price=152.00000 1R=2.00000)
2026-03-28 17:13:32  INFO      MT5Executor: SIMULATION: Modified SL for position 12345: 150.0
2026-03-28 17:13:32  INFO      TradingGraph: Running agents for NASDAQ:NVDA
2026-03-28 17:13:32  INFO      TradingGraph: Completed 14 agents
2026-03-28 17:13:32  INFO      TradingGraph: Fusing timeframe signals
2026-03-28 17:13:32  INFO      TradingGraph: Fusion: L=-0.622(csns=1.00), M=0.001(csns=0.50), S=0.061(csns=0.40), align_str=0.000
2026-03-28 17:13:32  INFO      TradingRunner: EXIT [NASDAQ:NVDA #12345 BUY  pnl=+200.00] — D1 flipped bearish (-0.622)
2026-03-28 17:13:32  INFO      MT5Executor: SIMULATION: Closed position 12345
2026-03-28 17:14:32  INFO      MT5Executor: SIMULATION: Partial close 40% of #12345
2026-03-28 17:14:32  INFO      TrailingStopManager: [RISKY] PARTIAL TP BUY NASDAQ:NVDA #12345: 40% locked in at +1R (entry=150.00000 price=152.00000)
2026-03-28 17:14:32  INFO      TrailingStopManager: SL lock BUY  NASDAQ:NVDA #12345 [stage 1]: 148.00000 → 150.00000  (entry=150.00000 price=152.00000 1R=2.00000)
2026-03-28 17:14:32  INFO      MT5Executor: SIMULATION: Modified SL for position 12345: 150.0
2026-03-28 17:14:32  INFO      TradingGraph: Running agents for NASDAQ:NVDA
2026-03-28 17:14:32  INFO      TradingGraph: Completed 14 agents
2026-03-28 17:14:32  INFO      TradingGraph: Fusing timeframe signals
2026-03-28 17:14:32  INFO      TradingGraph: Fusion: L=-0.622(csns=1.00), M=-0.001(csns=0.50), S=0.024(csns=0.75), align_str=0.000
2026-03-28 17:14:32  INFO      TradingRunner: EXIT [NASDAQ:NVDA #12345 BUY  pnl=+200.00] — D1 flipped bearish (-0.622)
2026-03-28 17:14:32  INFO      MT5Executor: SIMULATION: Closed position 12345
2026-03-28 17:15:32  INFO      MT5Executor: SIMULATION: Partial close 40% of #12345
2026-03-28 17:15:32  INFO      TrailingStopManager: [RISKY] PARTIAL TP BUY NASDAQ:NVDA #12345: 40% locked in at +1R (entry=150.00000 price=152.00000)
2026-03-28 17:15:32  INFO      TrailingStopManager: SL lock BUY  NASDAQ:NVDA #12345 [stage 1]: 148.00000 → 150.00000  (entry=150.00000 price=152.00000 1R=2.00000)
2026-03-28 17:15:32  INFO      MT5Executor: SIMULATION: Modified SL for position 12345: 150.0
2026-03-28 17:15:32  INFO      TradingGraph: Running agents for NASDAQ:NVDA
2026-03-28 17:15:32  INFO      TradingGraph: Completed 14 agents
2026-03-28 17:15:32  INFO      TradingGraph: Fusing timeframe signals
2026-03-28 17:15:32  INFO      TradingGraph: Fusion: L=-0.615(csns=1.00), M=-0.098(csns=0.67), S=0.104(csns=0.75), align_str=0.000
2026-03-28 17:15:32  INFO      TradingRunner: EXIT [NASDAQ:NVDA #12345 BUY  pnl=+200.00] — D1 flipped bearish (-0.615)
2026-03-28 17:15:32  INFO      MT5Executor: SIMULATION: Closed position 12345
2026-03-28 17:16:32  INFO      MT5Executor: SIMULATION: Partial close 40% of #12345
2026-03-28 17:16:32  INFO      TrailingStopManager: [RISKY] PARTIAL TP BUY NASDAQ:NVDA #12345: 40% locked in at +1R (entry=150.00000 price=152.00000)
2026-03-28 17:16:32  INFO      TrailingStopManager: SL lock BUY  NASDAQ:NVDA #12345 [stage 1]: 148.00000 → 150.00000  (entry=150.00000 price=152.00000 1R=2.00000)
2026-03-28 17:16:32  INFO      MT5Executor: SIMULATION: Modified SL for position 12345: 150.0
2026-03-28 17:16:32  INFO      TradingGraph: Running agents for NASDAQ:NVDA
2026-03-28 17:16:32  INFO      TradingGraph: Completed 14 agents
2026-03-28 17:16:32  INFO      TradingGraph: Fusing timeframe signals
2026-03-28 17:16:32  INFO      TradingGraph: Fusion: L=-0.648(csns=1.00), M=0.296(csns=0.67), S=0.127(csns=0.80), align_str=0.000
2026-03-28 17:16:32  INFO      TradingRunner: EXIT [NASDAQ:NVDA #12345 BUY  pnl=+200.00] — D1 flipped bearish (-0.648)
2026-03-28 17:16:32  INFO      MT5Executor: SIMULATION: Closed position 12345
2026-03-28 17:17:32  INFO      MT5Executor: SIMULATION: Partial close 40% of #12345
2026-03-28 17:17:32  INFO      TrailingStopManager: [RISKY] PARTIAL TP BUY NASDAQ:NVDA #12345: 40% locked in at +1R (entry=150.00000 price=152.00000)
2026-03-28 17:17:32  INFO      TrailingStopManager: SL lock BUY  NASDAQ:NVDA #12345 [stage 1]: 148.00000 → 150.00000  (entry=150.00000 price=152.00000 1R=2.00000)
2026-03-28 17:17:32  INFO      MT5Executor: SIMULATION: Modified SL for position 12345: 150.0
2026-03-28 17:17:32  INFO      TradingGraph: Running agents for NASDAQ:NVDA
2026-03-28 17:17:32  INFO      TradingRunner: [WATCHDOG] alive | equity=100200.0 | cycle=53 | profile=risky
2026-03-28 17:17:32  INFO      TradingGraph: Completed 14 agents
2026-03-28 17:17:32  INFO      TradingGraph: Fusing timeframe signals
2026-03-28 17:17:32  INFO      TradingGraph: Fusion: L=-0.648(csns=1.00), M=0.296(csns=0.67), S=0.127(csns=0.80), align_str=0.000
2026-03-28 17:17:32  INFO      TradingRunner: EXIT [NASDAQ:NVDA #12345 BUY  pnl=+200.00] — D1 flipped bearish (-0.648)
2026-03-28 17:17:32  INFO      MT5Executor: SIMULATION: Closed position 12345
2026-03-28 17:18:27  WARNING   TradingRunner: Max daily trades (6) reached — no further entries today
2026-03-28 17:18:27  INFO      TradingRunner: PnL — unrealized: +200.00  realized today: +0.00  total: +200.00
2026-03-28 17:18:27  INFO      TradingRunner: Signal cycle done in 2.9s — sleeping 297s
2026-03-28 17:18:32  INFO      MT5Executor: SIMULATION: Partial close 40% of #12345
2026-03-28 17:18:32  INFO      TrailingStopManager: [RISKY] PARTIAL TP BUY NASDAQ:NVDA #12345: 40% locked in at +1R (entry=150.00000 price=152.00000)
2026-03-28 17:18:32  INFO      TrailingStopManager: SL lock BUY  NASDAQ:NVDA #12345 [stage 1]: 148.00000 → 150.00000  (entry=150.00000 price=152.00000 1R=2.00000)
2026-03-28 17:18:32  INFO      MT5Executor: SIMULATION: Modified SL for position 12345: 150.0
2026-03-28 17:18:32  INFO      TradingGraph: Running agents for NASDAQ:NVDA
2026-03-28 17:18:32  INFO      TradingGraph: Completed 14 agents
2026-03-28 17:18:32  INFO      TradingGraph: Fusing timeframe signals
2026-03-28 17:18:32  INFO      TradingGraph: Fusion: L=-0.658(csns=1.00), M=0.569(csns=1.00), S=0.103(csns=0.75), align_str=0.000
2026-03-28 17:18:32  INFO      TradingRunner: EXIT [NASDAQ:NVDA #12345 BUY  pnl=+200.00] — D1 flipped bearish (-0.658)
2026-03-28 17:18:32  INFO      MT5Executor: SIMULATION: Closed position 12345
2026-03-28 17:19:32  INFO      MT5Executor: SIMULATION: Partial close 40% of #12345
2026-03-28 17:19:32  INFO      TrailingStopManager: [RISKY] PARTIAL TP BUY NASDAQ:NVDA #12345: 40% locked in at +1R (entry=150.00000 price=152.00000)
2026-03-28 17:19:32  INFO      TrailingStopManager: SL lock BUY  NASDAQ:NVDA #12345 [stage 1]: 148.00000 → 150.00000  (entry=150.00000 price=152.00000 1R=2.00000)
2026-03-28 17:19:32  INFO      MT5Executor: SIMULATION: Modified SL for position 12345: 150.0
2026-03-28 17:19:32  INFO      TradingGraph: Running agents for NASDAQ:NVDA
2026-03-28 17:19:32  INFO      TradingGraph: Completed 14 agents
2026-03-28 17:19:32  INFO      TradingGraph: Fusing timeframe signals
2026-03-28 17:19:32  INFO      TradingGraph: Fusion: L=-0.622(csns=1.00), M=0.001(csns=0.50), S=0.056(csns=0.40), align_str=0.000
2026-03-28 17:19:32  INFO      TradingRunner: EXIT [NASDAQ:NVDA #12345 BUY  pnl=+200.00] — D1 flipped bearish (-0.622)
2026-03-28 17:19:32  INFO      MT5Executor: SIMULATION: Closed position 12345
2026-03-28 17:20:32  INFO      MT5Executor: SIMULATION: Partial close 40% of #12345
2026-03-28 17:20:32  INFO      TrailingStopManager: [RISKY] PARTIAL TP BUY NASDAQ:NVDA #12345: 40% locked in at +1R (entry=150.00000 price=152.00000)
2026-03-28 17:20:32  INFO      TrailingStopManager: SL lock BUY  NASDAQ:NVDA #12345 [stage 1]: 148.00000 → 150.00000  (entry=150.00000 price=152.00000 1R=2.00000)
2026-03-28 17:20:32  INFO      MT5Executor: SIMULATION: Modified SL for position 12345: 150.0
2026-03-28 17:20:32  INFO      TradingGraph: Running agents for NASDAQ:NVDA
2026-03-28 17:20:32  INFO      TradingGraph: Completed 14 agents
2026-03-28 17:20:32  INFO      TradingGraph: Fusing timeframe signals
2026-03-28 17:20:32  INFO      TradingGraph: Fusion: L=-0.622(csns=1.00), M=0.262(csns=1.00), S=0.053(csns=0.40), align_str=0.000
2026-03-28 17:20:32  INFO      TradingRunner: EXIT [NASDAQ:NVDA #12345 BUY  pnl=+200.00] — D1 flipped bearish (-0.622)
2026-03-28 17:20:32  INFO      MT5Executor: SIMULATION: Closed position 12345
2026-03-28 17:21:32  INFO      MT5Executor: SIMULATION: Partial close 40% of #12345
2026-03-28 17:21:32  INFO      TrailingStopManager: [RISKY] PARTIAL TP BUY NASDAQ:NVDA #12345: 40% locked in at +1R (entry=150.00000 price=152.00000)
2026-03-28 17:21:32  INFO      TrailingStopManager: SL lock BUY  NASDAQ:NVDA #12345 [stage 1]: 148.00000 → 150.00000  (entry=150.00000 price=152.00000 1R=2.00000)
2026-03-28 17:21:32  INFO      MT5Executor: SIMULATION: Modified SL for position 12345: 150.0
2026-03-28 17:21:32  INFO      TradingGraph: Running agents for NASDAQ:NVDA
2026-03-28 17:21:32  INFO      TradingGraph: Completed 14 agents
2026-03-28 17:21:32  INFO      TradingGraph: Fusing timeframe signals
2026-03-28 17:21:32  INFO      TradingGraph: Fusion: L=-0.622(csns=1.00), M=-0.004(csns=0.50), S=0.014(csns=0.60), align_str=0.000
2026-03-28 17:21:32  INFO      TradingRunner: EXIT [NASDAQ:NVDA #12345 BUY  pnl=+200.00] — D1 flipped bearish (-0.622)
2026-03-28 17:21:32  INFO      MT5Executor: SIMULATION: Closed position 12345
2026-03-28 17:22:32  INFO      MT5Executor: SIMULATION: Partial close 40% of #12345
2026-03-28 17:22:32  INFO      TrailingStopManager: [RISKY] PARTIAL TP BUY NASDAQ:NVDA #12345: 40% locked in at +1R (entry=150.00000 price=152.00000)
2026-03-28 17:22:32  INFO      TrailingStopManager: SL lock BUY  NASDAQ:NVDA #12345 [stage 1]: 148.00000 → 150.00000  (entry=150.00000 price=152.00000 1R=2.00000)
2026-03-28 17:22:32  INFO      MT5Executor: SIMULATION: Modified SL for position 12345: 150.0
2026-03-28 17:22:32  INFO      TradingGraph: Running agents for NASDAQ:NVDA
2026-03-28 17:22:32  INFO      TradingGraph: Completed 14 agents
2026-03-28 17:22:32  INFO      TradingGraph: Fusing timeframe signals
2026-03-28 17:22:32  INFO      TradingGraph: Fusion: L=-0.622(csns=1.00), M=0.001(csns=0.50), S=0.056(csns=0.40), align_str=0.000
2026-03-28 17:22:32  INFO      TradingRunner: EXIT [NASDAQ:NVDA #12345 BUY  pnl=+200.00] — D1 flipped bearish (-0.622)
2026-03-28 17:22:32  INFO      MT5Executor: SIMULATION: Closed position 12345
2026-03-28 17:23:27  WARNING   TradingRunner: Max daily trades (6) reached — no further entries today
2026-03-28 17:23:27  INFO      TradingRunner: PnL — unrealized: +200.00  realized today: +0.00  total: +200.00
2026-03-28 17:23:27  INFO      TradingRunner: Signal cycle done in 2.8s — sleeping 297s
2026-03-28 17:23:32  INFO      MT5Executor: SIMULATION: Partial close 40% of #12345
2026-03-28 17:23:32  INFO      TrailingStopManager: [RISKY] PARTIAL TP BUY NASDAQ:NVDA #12345: 40% locked in at +1R (entry=150.00000 price=152.00000)
2026-03-28 17:23:32  INFO      TrailingStopManager: SL lock BUY  NASDAQ:NVDA #12345 [stage 1]: 148.00000 → 150.00000  (entry=150.00000 price=152.00000 1R=2.00000)
2026-03-28 17:23:32  INFO      MT5Executor: SIMULATION: Modified SL for position 12345: 150.0
2026-03-28 17:23:32  INFO      TradingGraph: Running agents for NASDAQ:NVDA
2026-03-28 17:23:32  INFO      TradingGraph: Completed 14 agents
2026-03-28 17:23:32  INFO      TradingGraph: Fusing timeframe signals
2026-03-28 17:23:32  INFO      TradingGraph: Fusion: L=-0.648(csns=1.00), M=0.432(csns=1.00), S=0.035(csns=0.40), align_str=0.000
2026-03-28 17:23:32  INFO      TradingRunner: EXIT [NASDAQ:NVDA #12345 BUY  pnl=+200.00] — D1 flipped bearish (-0.648)
2026-03-28 17:23:32  INFO      MT5Executor: SIMULATION: Closed position 12345
2026-03-28 17:24:32  INFO      MT5Executor: SIMULATION: Partial close 40% of #12345
2026-03-28 17:24:32  INFO      TrailingStopManager: [RISKY] PARTIAL TP BUY NASDAQ:NVDA #12345: 40% locked in at +1R (entry=150.00000 price=152.00000)
2026-03-28 17:24:32  INFO      TrailingStopManager: SL lock BUY  NASDAQ:NVDA #12345 [stage 1]: 148.00000 → 150.00000  (entry=150.00000 price=152.00000 1R=2.00000)
2026-03-28 17:24:32  INFO      MT5Executor: SIMULATION: Modified SL for position 12345: 150.0
2026-03-28 17:24:32  INFO      TradingGraph: Running agents for NASDAQ:NVDA
2026-03-28 17:24:32  INFO      TradingGraph: Completed 14 agents
2026-03-28 17:24:32  INFO      TradingGraph: Fusing timeframe signals
2026-03-28 17:24:32  INFO      TradingGraph: Fusion: L=-0.619(csns=1.00), M=-0.009(csns=0.67), S=0.038(csns=0.40), align_str=0.000
2026-03-28 17:24:32  INFO      TradingRunner: EXIT [NASDAQ:NVDA #12345 BUY  pnl=+200.00] — D1 flipped bearish (-0.619)
2026-03-28 17:24:32  INFO      MT5Executor: SIMULATION: Closed position 12345
2026-03-28 17:25:32  INFO      MT5Executor: SIMULATION: Partial close 40% of #12345
2026-03-28 17:25:32  INFO      TrailingStopManager: [RISKY] PARTIAL TP BUY NASDAQ:NVDA #12345: 40% locked in at +1R (entry=150.00000 price=152.00000)
2026-03-28 17:25:32  INFO      TrailingStopManager: SL lock BUY  NASDAQ:NVDA #12345 [stage 1]: 148.00000 → 150.00000  (entry=150.00000 price=152.00000 1R=2.00000)
2026-03-28 17:25:32  INFO      MT5Executor: SIMULATION: Modified SL for position 12345: 150.0
2026-03-28 17:25:32  INFO      TradingGraph: Running agents for NASDAQ:NVDA
2026-03-28 17:25:32  INFO      TradingGraph: Completed 14 agents
2026-03-28 17:25:32  INFO      TradingGraph: Fusing timeframe signals
2026-03-28 17:25:32  INFO      TradingGraph: Fusion: L=-0.622(csns=1.00), M=-0.001(csns=0.50), S=0.014(csns=0.60), align_str=0.000
2026-03-28 17:25:32  INFO      TradingRunner: EXIT [NASDAQ:NVDA #12345 BUY  pnl=+200.00] — D1 flipped bearish (-0.622)
2026-03-28 17:25:32  INFO      MT5Executor: SIMULATION: Closed position 12345
2026-03-28 17:26:32  INFO      MT5Executor: SIMULATION: Partial close 40% of #12345
2026-03-28 17:26:32  INFO      TrailingStopManager: [RISKY] PARTIAL TP BUY NASDAQ:NVDA #12345: 40% locked in at +1R (entry=150.00000 price=152.00000)
2026-03-28 17:26:32  INFO      TrailingStopManager: SL lock BUY  NASDAQ:NVDA #12345 [stage 1]: 148.00000 → 150.00000  (entry=150.00000 price=152.00000 1R=2.00000)
2026-03-28 17:26:32  INFO      MT5Executor: SIMULATION: Modified SL for position 12345: 150.0
2026-03-28 17:26:32  INFO      TradingGraph: Running agents for NASDAQ:NVDA
2026-03-28 17:26:32  INFO      TradingGraph: Completed 14 agents
2026-03-28 17:26:32  INFO      TradingGraph: Fusing timeframe signals
2026-03-28 17:26:32  INFO      TradingGraph: Fusion: L=-0.622(csns=1.00), M=-0.001(csns=0.50), S=0.014(csns=0.60), align_str=0.000
2026-03-28 17:26:32  INFO      TradingRunner: EXIT [NASDAQ:NVDA #12345 BUY  pnl=+200.00] — D1 flipped bearish (-0.622)
2026-03-28 17:26:32  INFO      MT5Executor: SIMULATION: Closed position 12345
2026-03-28 17:27:32  INFO      MT5Executor: SIMULATION: Partial close 40% of #12345
2026-03-28 17:27:32  INFO      TrailingStopManager: [RISKY] PARTIAL TP BUY NASDAQ:NVDA #12345: 40% locked in at +1R (entry=150.00000 price=152.00000)
2026-03-28 17:27:32  INFO      TrailingStopManager: SL lock BUY  NASDAQ:NVDA #12345 [stage 1]: 148.00000 → 150.00000  (entry=150.00000 price=152.00000 1R=2.00000)
2026-03-28 17:27:32  INFO      MT5Executor: SIMULATION: Modified SL for position 12345: 150.0
2026-03-28 17:27:32  INFO      TradingGraph: Running agents for NASDAQ:NVDA
2026-03-28 17:27:32  INFO      TradingGraph: Completed 14 agents
2026-03-28 17:27:32  INFO      TradingGraph: Fusing timeframe signals
2026-03-28 17:27:32  INFO      TradingGraph: Fusion: L=-0.633(csns=1.00), M=-0.221(csns=0.50), S=0.015(csns=0.67), align_str=0.000
2026-03-28 17:27:32  INFO      TradingRunner: EXIT [NASDAQ:NVDA #12345 BUY  pnl=+200.00] — D1 flipped bearish (-0.633)
2026-03-28 17:27:32  INFO      MT5Executor: SIMULATION: Closed position 12345
2026-03-28 17:28:02  INFO      TradingRunner: [WATCHDOG] alive | equity=100200.0 | cycle=55 | profile=risky
2026-03-28 17:28:27  WARNING   TradingRunner: Max daily trades (6) reached — no further entries today
2026-03-28 17:28:27  INFO      TradingRunner: PnL — unrealized: +200.00  realized today: +0.00  total: +200.00
2026-03-28 17:28:27  INFO      TradingRunner: Signal cycle done in 2.8s — sleeping 297s
2026-03-28 17:28:32  INFO      MT5Executor: SIMULATION: Partial close 40% of #12345
2026-03-28 17:28:32  INFO      TrailingStopManager: [RISKY] PARTIAL TP BUY NASDAQ:NVDA #12345: 40% locked in at +1R (entry=150.00000 price=152.00000)
2026-03-28 17:28:32  INFO      TrailingStopManager: SL lock BUY  NASDAQ:NVDA #12345 [stage 1]: 148.00000 → 150.00000  (entry=150.00000 price=152.00000 1R=2.00000)
2026-03-28 17:28:32  INFO      MT5Executor: SIMULATION: Modified SL for position 12345: 150.0
2026-03-28 17:28:32  INFO      TradingGraph: Running agents for NASDAQ:NVDA
2026-03-28 17:28:32  INFO      TradingGraph: Completed 14 agents
2026-03-28 17:28:32  INFO      TradingGraph: Fusing timeframe signals
2026-03-28 17:28:32  INFO      TradingGraph: Fusion: L=-0.648(csns=1.00), M=0.296(csns=0.67), S=0.127(csns=0.80), align_str=0.000
2026-03-28 17:28:32  INFO      TradingRunner: EXIT [NASDAQ:NVDA #12345 BUY  pnl=+200.00] — D1 flipped bearish (-0.648)
2026-03-28 17:28:32  INFO      MT5Executor: SIMULATION: Closed position 12345
2026-03-28 17:29:32  INFO      MT5Executor: SIMULATION: Partial close 40% of #12345
2026-03-28 17:29:32  INFO      TrailingStopManager: [RISKY] PARTIAL TP BUY NASDAQ:NVDA #12345: 40% locked in at +1R (entry=150.00000 price=152.00000)
2026-03-28 17:29:32  INFO      TrailingStopManager: SL lock BUY  NASDAQ:NVDA #12345 [stage 1]: 148.00000 → 150.00000  (entry=150.00000 price=152.00000 1R=2.00000)
2026-03-28 17:29:32  INFO      MT5Executor: SIMULATION: Modified SL for position 12345: 150.0
2026-03-28 17:29:32  INFO      TradingGraph: Running agents for NASDAQ:NVDA
2026-03-28 17:29:32  INFO      TradingGraph: Completed 14 agents
2026-03-28 17:29:32  INFO      TradingGraph: Fusing timeframe signals
2026-03-28 17:29:32  INFO      TradingGraph: Fusion: L=-0.622(csns=1.00), M=0.001(csns=0.50), S=0.056(csns=0.40), align_str=0.000
2026-03-28 17:29:32  INFO      TradingRunner: EXIT [NASDAQ:NVDA #12345 BUY  pnl=+200.00] — D1 flipped bearish (-0.622)
2026-03-28 17:29:32  INFO      MT5Executor: SIMULATION: Closed position 12345
2026-03-28 17:30:32  INFO      MT5Executor: SIMULATION: Partial close 40% of #12345
2026-03-28 17:30:32  INFO      TrailingStopManager: [RISKY] PARTIAL TP BUY NASDAQ:NVDA #12345: 40% locked in at +1R (entry=150.00000 price=152.00000)
2026-03-28 17:30:32  INFO      TrailingStopManager: SL lock BUY  NASDAQ:NVDA #12345 [stage 1]: 148.00000 → 150.00000  (entry=150.00000 price=152.00000 1R=2.00000)
2026-03-28 17:30:32  INFO      MT5Executor: SIMULATION: Modified SL for position 12345: 150.0
2026-03-28 17:30:33  INFO      TradingGraph: Running agents for NASDAQ:NVDA
2026-03-28 17:30:33  INFO      TradingGraph: Completed 14 agents
2026-03-28 17:30:33  INFO      TradingGraph: Fusing timeframe signals
2026-03-28 17:30:33  INFO      TradingGraph: Fusion: L=-0.619(csns=1.00), M=-0.009(csns=0.67), S=0.038(csns=0.40), align_str=0.000
2026-03-28 17:30:33  INFO      TradingRunner: EXIT [NASDAQ:NVDA #12345 BUY  pnl=+200.00] — D1 flipped bearish (-0.619)
2026-03-28 17:30:33  INFO      MT5Executor: SIMULATION: Closed position 12345
2026-03-28 17:31:32  INFO      MT5Executor: SIMULATION: Partial close 40% of #12345
2026-03-28 17:31:32  INFO      TrailingStopManager: [RISKY] PARTIAL TP BUY NASDAQ:NVDA #12345: 40% locked in at +1R (entry=150.00000 price=152.00000)
2026-03-28 17:31:32  INFO      TrailingStopManager: SL lock BUY  NASDAQ:NVDA #12345 [stage 1]: 148.00000 → 150.00000  (entry=150.00000 price=152.00000 1R=2.00000)
2026-03-28 17:31:32  INFO      MT5Executor: SIMULATION: Modified SL for position 12345: 150.0
2026-03-28 17:31:33  INFO      TradingGraph: Running agents for NASDAQ:NVDA
2026-03-28 17:31:33  INFO      TradingGraph: Completed 14 agents
2026-03-28 17:31:33  INFO      TradingGraph: Fusing timeframe signals
2026-03-28 17:31:33  INFO      TradingGraph: Fusion: L=-0.634(csns=1.00), M=0.268(csns=1.00), S=0.016(csns=0.60), align_str=0.000
2026-03-28 17:31:33  INFO      TradingRunner: EXIT [NASDAQ:NVDA #12345 BUY  pnl=+200.00] — D1 flipped bearish (-0.634)
2026-03-28 17:31:33  INFO      MT5Executor: SIMULATION: Closed position 12345
2026-03-28 17:32:32  INFO      MT5Executor: SIMULATION: Partial close 40% of #12345
2026-03-28 17:32:32  INFO      TrailingStopManager: [RISKY] PARTIAL TP BUY NASDAQ:NVDA #12345: 40% locked in at +1R (entry=150.00000 price=152.00000)
2026-03-28 17:32:32  INFO      TrailingStopManager: SL lock BUY  NASDAQ:NVDA #12345 [stage 1]: 148.00000 → 150.00000  (entry=150.00000 price=152.00000 1R=2.00000)
2026-03-28 17:32:32  INFO      MT5Executor: SIMULATION: Modified SL for position 12345: 150.0
2026-03-28 17:32:33  INFO      TradingGraph: Running agents for NASDAQ:NVDA
2026-03-28 17:32:33  INFO      TradingGraph: Completed 14 agents
2026-03-28 17:32:33  INFO      TradingGraph: Fusing timeframe signals
2026-03-28 17:32:33  INFO      TradingGraph: Fusion: L=-0.621(csns=1.00), M=0.000(csns=0.50), S=-0.053(csns=0.71), align_str=0.000
2026-03-28 17:32:33  INFO      TradingRunner: EXIT [NASDAQ:NVDA #12345 BUY  pnl=+200.00] — D1 flipped bearish (-0.621)
2026-03-28 17:32:33  INFO      MT5Executor: SIMULATION: Closed position 12345
2026-03-28 17:33:27  WARNING   TradingRunner: Max daily trades (6) reached — no further entries today
2026-03-28 17:33:27  INFO      TradingRunner: PnL — unrealized: +200.00  realized today: +0.00  total: +200.00
2026-03-28 17:33:27  INFO      TradingRunner: Signal cycle done in 3.1s — sleeping 297s
2026-03-28 17:33:32  INFO      MT5Executor: SIMULATION: Partial close 40% of #12345
2026-03-28 17:33:32  INFO      TrailingStopManager: [RISKY] PARTIAL TP BUY NASDAQ:NVDA #12345: 40% locked in at +1R (entry=150.00000 price=152.00000)
2026-03-28 17:33:32  INFO      TrailingStopManager: SL lock BUY  NASDAQ:NVDA #12345 [stage 1]: 148.00000 → 150.00000  (entry=150.00000 price=152.00000 1R=2.00000)
2026-03-28 17:33:32  INFO      MT5Executor: SIMULATION: Modified SL for position 12345: 150.0
2026-03-28 17:33:33  INFO      TradingGraph: Running agents for NASDAQ:NVDA
2026-03-28 17:33:33  INFO      TradingGraph: Completed 14 agents
2026-03-28 17:33:33  INFO      TradingGraph: Fusing timeframe signals
2026-03-28 17:33:33  INFO      TradingGraph: Fusion: L=-0.653(csns=1.00), M=-0.124(csns=1.00), S=-0.064(csns=0.50), align_str=0.173
2026-03-28 17:33:33  INFO      TradingRunner: EXIT [NASDAQ:NVDA #12345 BUY  pnl=+200.00] — D1 flipped bearish (-0.653)
2026-03-28 17:33:33  INFO      MT5Executor: SIMULATION: Closed position 12345
2026-03-28 17:34:32  INFO      MT5Executor: SIMULATION: Partial close 40% of #12345
2026-03-28 17:34:32  INFO      TrailingStopManager: [RISKY] PARTIAL TP BUY NASDAQ:NVDA #12345: 40% locked in at +1R (entry=150.00000 price=152.00000)
2026-03-28 17:34:32  INFO      TrailingStopManager: SL lock BUY  NASDAQ:NVDA #12345 [stage 1]: 148.00000 → 150.00000  (entry=150.00000 price=152.00000 1R=2.00000)
2026-03-28 17:34:32  INFO      MT5Executor: SIMULATION: Modified SL for position 12345: 150.0
2026-03-28 17:34:33  INFO      TradingGraph: Running agents for NASDAQ:NVDA
2026-03-28 17:34:33  INFO      TradingGraph: Completed 14 agents
2026-03-28 17:34:33  INFO      TradingGraph: Fusing timeframe signals
2026-03-28 17:34:33  INFO      TradingGraph: Fusion: L=-0.619(csns=1.00), M=0.227(csns=0.67), S=0.139(csns=0.50), align_str=0.000
2026-03-28 17:34:33  INFO      TradingRunner: EXIT [NASDAQ:NVDA #12345 BUY  pnl=+200.00] — D1 flipped bearish (-0.619)
2026-03-28 17:34:33  INFO      MT5Executor: SIMULATION: Closed position 12345
2026-03-28 17:35:32  INFO      MT5Executor: SIMULATION: Partial close 40% of #12345
2026-03-28 17:35:32  INFO      TrailingStopManager: [RISKY] PARTIAL TP BUY NASDAQ:NVDA #12345: 40% locked in at +1R (entry=150.00000 price=152.00000)
2026-03-28 17:35:32  INFO      TrailingStopManager: SL lock BUY  NASDAQ:NVDA #12345 [stage 1]: 148.00000 → 150.00000  (entry=150.00000 price=152.00000 1R=2.00000)
2026-03-28 17:35:32  INFO      MT5Executor: SIMULATION: Modified SL for position 12345: 150.0
2026-03-28 17:35:33  INFO      TradingGraph: Running agents for NASDAQ:NVDA
2026-03-28 17:35:33  INFO      TradingGraph: Completed 14 agents
2026-03-28 17:35:33  INFO      TradingGraph: Fusing timeframe signals
2026-03-28 17:35:33  INFO      TradingGraph: Fusion: L=-0.619(csns=1.00), M=-0.009(csns=0.67), S=0.038(csns=0.40), align_str=0.000
2026-03-28 17:35:33  INFO      TradingRunner: EXIT [NASDAQ:NVDA #12345 BUY  pnl=+200.00] — D1 flipped bearish (-0.619)
2026-03-28 17:35:33  INFO      MT5Executor: SIMULATION: Closed position 12345
2026-03-28 17:36:33  INFO      MT5Executor: SIMULATION: Partial close 40% of #12345
2026-03-28 17:36:33  INFO      TrailingStopManager: [RISKY] PARTIAL TP BUY NASDAQ:NVDA #12345: 40% locked in at +1R (entry=150.00000 price=152.00000)
2026-03-28 17:36:33  INFO      TrailingStopManager: SL lock BUY  NASDAQ:NVDA #12345 [stage 1]: 148.00000 → 150.00000  (entry=150.00000 price=152.00000 1R=2.00000)
2026-03-28 17:36:33  INFO      MT5Executor: SIMULATION: Modified SL for position 12345: 150.0
2026-03-28 17:36:33  INFO      TradingGraph: Running agents for NASDAQ:NVDA
2026-03-28 17:36:33  INFO      TradingGraph: Completed 14 agents
2026-03-28 17:36:33  INFO      TradingGraph: Fusing timeframe signals
2026-03-28 17:36:33  INFO      TradingGraph: Fusion: L=-0.619(csns=1.00), M=0.227(csns=0.67), S=0.139(csns=0.50), align_str=0.000
2026-03-28 17:36:33  INFO      TradingRunner: EXIT [NASDAQ:NVDA #12345 BUY  pnl=+200.00] — D1 flipped bearish (-0.619)
2026-03-28 17:36:33  INFO      MT5Executor: SIMULATION: Closed position 12345
2026-03-28 17:37:33  INFO      MT5Executor: SIMULATION: Partial close 40% of #12345
2026-03-28 17:37:33  INFO      TrailingStopManager: [RISKY] PARTIAL TP BUY NASDAQ:NVDA #12345: 40% locked in at +1R (entry=150.00000 price=152.00000)
2026-03-28 17:37:33  INFO      TrailingStopManager: SL lock BUY  NASDAQ:NVDA #12345 [stage 1]: 148.00000 → 150.00000  (entry=150.00000 price=152.00000 1R=2.00000)
2026-03-28 17:37:33  INFO      MT5Executor: SIMULATION: Modified SL for position 12345: 150.0
2026-03-28 17:37:33  INFO      TradingGraph: Running agents for NASDAQ:NVDA
2026-03-28 17:37:33  INFO      TradingGraph: Completed 14 agents
2026-03-28 17:37:33  INFO      TradingGraph: Fusing timeframe signals
2026-03-28 17:37:33  INFO      TradingGraph: Fusion: L=-0.606(csns=1.00), M=-0.123(csns=1.00), S=0.109(csns=0.60), align_str=0.000
2026-03-28 17:37:33  INFO      TradingRunner: EXIT [NASDAQ:NVDA #12345 BUY  pnl=+200.00] — D1 flipped bearish (-0.606)
2026-03-28 17:37:33  INFO      MT5Executor: SIMULATION: Closed position 12345
2026-03-28 17:38:26  WARNING   TradingRunner: Max daily trades (6) reached — no further entries today
2026-03-28 17:38:26  INFO      TradingRunner: PnL — unrealized: +200.00  realized today: +0.00  total: +200.00
2026-03-28 17:38:26  INFO      TradingRunner: Signal cycle done in 2.3s — sleeping 298s
2026-03-28 17:38:33  INFO      MT5Executor: SIMULATION: Partial close 40% of #12345
2026-03-28 17:38:33  INFO      TrailingStopManager: [RISKY] PARTIAL TP BUY NASDAQ:NVDA #12345: 40% locked in at +1R (entry=150.00000 price=152.00000)
2026-03-28 17:38:33  INFO      TrailingStopManager: SL lock BUY  NASDAQ:NVDA #12345 [stage 1]: 148.00000 → 150.00000  (entry=150.00000 price=152.00000 1R=2.00000)
2026-03-28 17:38:33  INFO      MT5Executor: SIMULATION: Modified SL for position 12345: 150.0
2026-03-28 17:38:33  INFO      TradingGraph: Running agents for NASDAQ:NVDA
2026-03-28 17:38:33  INFO      TradingRunner: [WATCHDOG] alive | equity=100200.0 | cycle=58 | profile=risky
2026-03-28 17:38:33  INFO      TradingGraph: Completed 14 agents
2026-03-28 17:38:33  INFO      TradingGraph: Fusing timeframe signals
2026-03-28 17:38:33  INFO      TradingGraph: Fusion: L=-0.619(csns=1.00), M=-0.009(csns=0.67), S=0.038(csns=0.40), align_str=0.000
2026-03-28 17:38:33  INFO      TradingRunner: EXIT [NASDAQ:NVDA #12345 BUY  pnl=+200.00] — D1 flipped bearish (-0.619)
2026-03-28 17:38:33  INFO      MT5Executor: SIMULATION: Closed position 12345
2026-03-28 17:39:33  INFO      MT5Executor: SIMULATION: Partial close 40% of #12345
2026-03-28 17:39:33  INFO      TrailingStopManager: [RISKY] PARTIAL TP BUY NASDAQ:NVDA #12345: 40% locked in at +1R (entry=150.00000 price=152.00000)
2026-03-28 17:39:33  INFO      TrailingStopManager: SL lock BUY  NASDAQ:NVDA #12345 [stage 1]: 148.00000 → 150.00000  (entry=150.00000 price=152.00000 1R=2.00000)
2026-03-28 17:39:33  INFO      MT5Executor: SIMULATION: Modified SL for position 12345: 150.0
2026-03-28 17:39:33  INFO      TradingGraph: Running agents for NASDAQ:NVDA
2026-03-28 17:39:33  INFO      TradingGraph: Completed 14 agents
2026-03-28 17:39:33  INFO      TradingGraph: Fusing timeframe signals
2026-03-28 17:39:33  INFO      TradingGraph: Fusion: L=-0.658(csns=1.00), M=0.569(csns=1.00), S=0.103(csns=0.75), align_str=0.000
2026-03-28 17:39:33  INFO      TradingRunner: EXIT [NASDAQ:NVDA #12345 BUY  pnl=+200.00] — D1 flipped bearish (-0.658)
2026-03-28 17:39:33  INFO      MT5Executor: SIMULATION: Closed position 12345
2026-03-28 17:40:33  INFO      MT5Executor: SIMULATION: Partial close 40% of #12345
2026-03-28 17:40:33  INFO      TrailingStopManager: [RISKY] PARTIAL TP BUY NASDAQ:NVDA #12345: 40% locked in at +1R (entry=150.00000 price=152.00000)
2026-03-28 17:40:33  INFO      TrailingStopManager: SL lock BUY  NASDAQ:NVDA #12345 [stage 1]: 148.00000 → 150.00000  (entry=150.00000 price=152.00000 1R=2.00000)
2026-03-28 17:40:33  INFO      MT5Executor: SIMULATION: Modified SL for position 12345: 150.0
2026-03-28 17:40:33  INFO      TradingGraph: Running agents for NASDAQ:NVDA
2026-03-28 17:40:33  INFO      TradingGraph: Completed 14 agents
2026-03-28 17:40:33  INFO      TradingGraph: Fusing timeframe signals
2026-03-28 17:40:33  INFO      TradingGraph: Fusion: L=-0.646(csns=1.00), M=0.487(csns=1.00), S=0.106(csns=0.60), align_str=0.000
2026-03-28 17:40:33  INFO      TradingRunner: EXIT [NASDAQ:NVDA #12345 BUY  pnl=+200.00] — D1 flipped bearish (-0.646)
2026-03-28 17:40:33  INFO      MT5Executor: SIMULATION: Closed position 12345
2026-03-28 17:41:33  INFO      MT5Executor: SIMULATION: Partial close 40% of #12345
2026-03-28 17:41:33  INFO      TrailingStopManager: [RISKY] PARTIAL TP BUY NASDAQ:NVDA #12345: 40% locked in at +1R (entry=150.00000 price=152.00000)
2026-03-28 17:41:33  INFO      TrailingStopManager: SL lock BUY  NASDAQ:NVDA #12345 [stage 1]: 148.00000 → 150.00000  (entry=150.00000 price=152.00000 1R=2.00000)
2026-03-28 17:41:33  INFO      MT5Executor: SIMULATION: Modified SL for position 12345: 150.0
2026-03-28 17:41:33  INFO      TradingGraph: Running agents for NASDAQ:NVDA
2026-03-28 17:41:33  INFO      TradingGraph: Completed 14 agents
2026-03-28 17:41:33  INFO      TradingGraph: Fusing timeframe signals
2026-03-28 17:41:33  INFO      TradingGraph: Fusion: L=-0.622(csns=1.00), M=0.262(csns=1.00), S=0.053(csns=0.40), align_str=0.000
2026-03-28 17:41:33  INFO      TradingRunner: EXIT [NASDAQ:NVDA #12345 BUY  pnl=+200.00] — D1 flipped bearish (-0.622)
2026-03-28 17:41:33  INFO      MT5Executor: SIMULATION: Closed position 12345
2026-03-28 17:42:33  INFO      MT5Executor: SIMULATION: Partial close 40% of #12345
2026-03-28 17:42:33  INFO      TrailingStopManager: [RISKY] PARTIAL TP BUY NASDAQ:NVDA #12345: 40% locked in at +1R (entry=150.00000 price=152.00000)
2026-03-28 17:42:33  INFO      TrailingStopManager: SL lock BUY  NASDAQ:NVDA #12345 [stage 1]: 148.00000 → 150.00000  (entry=150.00000 price=152.00000 1R=2.00000)
2026-03-28 17:42:33  INFO      MT5Executor: SIMULATION: Modified SL for position 12345: 150.0
2026-03-28 17:42:33  INFO      TradingGraph: Running agents for NASDAQ:NVDA
2026-03-28 17:42:33  INFO      TradingGraph: Completed 14 agents
2026-03-28 17:42:33  INFO      TradingGraph: Fusing timeframe signals
2026-03-28 17:42:33  INFO      TradingGraph: Fusion: L=-0.648(csns=1.00), M=0.432(csns=1.00), S=0.035(csns=0.40), align_str=0.000
2026-03-28 17:42:33  INFO      TradingRunner: EXIT [NASDAQ:NVDA #12345 BUY  pnl=+200.00] — D1 flipped bearish (-0.648)
2026-03-28 17:42:33  INFO      MT5Executor: SIMULATION: Closed position 12345
2026-03-28 17:43:27  WARNING   TradingRunner: Max daily trades (6) reached — no further entries today
2026-03-28 17:43:27  INFO      TradingRunner: PnL — unrealized: +200.00  realized today: +0.00  total: +200.00
2026-03-28 17:43:27  INFO      TradingRunner: Signal cycle done in 2.5s — sleeping 297s
2026-03-28 17:43:33  INFO      MT5Executor: SIMULATION: Partial close 40% of #12345
2026-03-28 17:43:33  INFO      TrailingStopManager: [RISKY] PARTIAL TP BUY NASDAQ:NVDA #12345: 40% locked in at +1R (entry=150.00000 price=152.00000)
2026-03-28 17:43:33  INFO      TrailingStopManager: SL lock BUY  NASDAQ:NVDA #12345 [stage 1]: 148.00000 → 150.00000  (entry=150.00000 price=152.00000 1R=2.00000)
2026-03-28 17:43:33  INFO      MT5Executor: SIMULATION: Modified SL for position 12345: 150.0
2026-03-28 17:43:33  INFO      TradingGraph: Running agents for NASDAQ:NVDA
2026-03-28 17:43:33  INFO      TradingGraph: Completed 14 agents
2026-03-28 17:43:33  INFO      TradingGraph: Fusing timeframe signals
2026-03-28 17:43:33  INFO      TradingGraph: Fusion: L=-0.611(csns=1.00), M=-0.352(csns=1.00), S=0.114(csns=0.75), align_str=0.000
2026-03-28 17:43:33  INFO      TradingRunner: EXIT [NASDAQ:NVDA #12345 BUY  pnl=+200.00] — D1 flipped bearish (-0.611)
2026-03-28 17:43:33  INFO      MT5Executor: SIMULATION: Closed position 12345
2026-03-28 17:44:33  INFO      MT5Executor: SIMULATION: Partial close 40% of #12345
2026-03-28 17:44:33  INFO      TrailingStopManager: [RISKY] PARTIAL TP BUY NASDAQ:NVDA #12345: 40% locked in at +1R (entry=150.00000 price=152.00000)
2026-03-28 17:44:33  INFO      TrailingStopManager: SL lock BUY  NASDAQ:NVDA #12345 [stage 1]: 148.00000 → 150.00000  (entry=150.00000 price=152.00000 1R=2.00000)
2026-03-28 17:44:33  INFO      MT5Executor: SIMULATION: Modified SL for position 12345: 150.0
2026-03-28 17:44:33  INFO      TradingGraph: Running agents for NASDAQ:NVDA
2026-03-28 17:44:33  INFO      TradingGraph: Completed 14 agents
2026-03-28 17:44:33  INFO      TradingGraph: Fusing timeframe signals
2026-03-28 17:44:33  INFO      TradingGraph: Fusion: L=-0.664(csns=1.00), M=-0.520(csns=1.00), S=-0.057(csns=0.50), align_str=0.270
2026-03-28 17:44:33  INFO      TradingRunner: EXIT [NASDAQ:NVDA #12345 BUY  pnl=+200.00] — D1 flipped bearish (-0.664)
2026-03-28 17:44:33  INFO      MT5Executor: SIMULATION: Closed position 12345
2026-03-28 17:45:33  INFO      MT5Executor: SIMULATION: Partial close 40% of #12345
2026-03-28 17:45:33  INFO      TrailingStopManager: [RISKY] PARTIAL TP BUY NASDAQ:NVDA #12345: 40% locked in at +1R (entry=150.00000 price=152.00000)
2026-03-28 17:45:33  INFO      TrailingStopManager: SL lock BUY  NASDAQ:NVDA #12345 [stage 1]: 148.00000 → 150.00000  (entry=150.00000 price=152.00000 1R=2.00000)
2026-03-28 17:45:33  INFO      MT5Executor: SIMULATION: Modified SL for position 12345: 150.0
2026-03-28 17:45:33  INFO      TradingGraph: Running agents for NASDAQ:NVDA
2026-03-28 17:45:33  INFO      TradingGraph: Completed 14 agents
2026-03-28 17:45:33  INFO      TradingGraph: Fusing timeframe signals
2026-03-28 17:45:33  INFO      TradingGraph: Fusion: L=-0.633(csns=1.00), M=-0.221(csns=0.50), S=0.013(csns=0.67), align_str=0.000
2026-03-28 17:45:33  INFO      TradingRunner: EXIT [NASDAQ:NVDA #12345 BUY  pnl=+200.00] — D1 flipped bearish (-0.633)
2026-03-28 17:45:33  INFO      MT5Executor: SIMULATION: Closed position 12345
2026-03-28 17:46:33  INFO      MT5Executor: SIMULATION: Partial close 40% of #12345
2026-03-28 17:46:33  INFO      TrailingStopManager: [RISKY] PARTIAL TP BUY NASDAQ:NVDA #12345: 40% locked in at +1R (entry=150.00000 price=152.00000)
2026-03-28 17:46:33  INFO      TrailingStopManager: SL lock BUY  NASDAQ:NVDA #12345 [stage 1]: 148.00000 → 150.00000  (entry=150.00000 price=152.00000 1R=2.00000)
2026-03-28 17:46:33  INFO      MT5Executor: SIMULATION: Modified SL for position 12345: 150.0
2026-03-28 17:46:33  INFO      TradingGraph: Running agents for NASDAQ:NVDA
2026-03-28 17:46:33  INFO      TradingGraph: Completed 14 agents
2026-03-28 17:46:33  INFO      TradingGraph: Fusing timeframe signals
2026-03-28 17:46:33  INFO      TradingGraph: Fusion: L=-0.619(csns=1.00), M=-0.009(csns=0.67), S=0.038(csns=0.40), align_str=0.000
2026-03-28 17:46:33  INFO      TradingRunner: EXIT [NASDAQ:NVDA #12345 BUY  pnl=+200.00] — D1 flipped bearish (-0.619)
2026-03-28 17:46:33  INFO      MT5Executor: SIMULATION: Closed position 12345
2026-03-28 17:47:33  INFO      MT5Executor: SIMULATION: Partial close 40% of #12345
2026-03-28 17:47:33  INFO      TrailingStopManager: [RISKY] PARTIAL TP BUY NASDAQ:NVDA #12345: 40% locked in at +1R (entry=150.00000 price=152.00000)
2026-03-28 17:47:33  INFO      TrailingStopManager: SL lock BUY  NASDAQ:NVDA #12345 [stage 1]: 148.00000 → 150.00000  (entry=150.00000 price=152.00000 1R=2.00000)
2026-03-28 17:47:33  INFO      MT5Executor: SIMULATION: Modified SL for position 12345: 150.0
2026-03-28 17:47:33  INFO      TradingGraph: Running agents for NASDAQ:NVDA
2026-03-28 17:47:33  INFO      TradingGraph: Completed 14 agents
2026-03-28 17:47:33  INFO      TradingGraph: Fusing timeframe signals
2026-03-28 17:47:33  INFO      TradingGraph: Fusion: L=-0.622(csns=1.00), M=-0.001(csns=0.50), S=0.012(csns=0.60), align_str=0.000
2026-03-28 17:47:33  INFO      TradingRunner: EXIT [NASDAQ:NVDA #12345 BUY  pnl=+200.00] — D1 flipped bearish (-0.622)
2026-03-28 17:47:33  INFO      MT5Executor: SIMULATION: Closed position 12345
2026-03-28 17:48:27  WARNING   TradingRunner: Max daily trades (6) reached — no further entries today
2026-03-28 17:48:27  INFO      TradingRunner: PnL — unrealized: +200.00  realized today: +0.00  total: +200.00
2026-03-28 17:48:27  INFO      TradingRunner: Signal cycle done in 3.0s — sleeping 297s
2026-03-28 17:48:33  INFO      MT5Executor: SIMULATION: Partial close 40% of #12345
2026-03-28 17:48:33  INFO      TrailingStopManager: [RISKY] PARTIAL TP BUY NASDAQ:NVDA #12345: 40% locked in at +1R (entry=150.00000 price=152.00000)
2026-03-28 17:48:33  INFO      TrailingStopManager: SL lock BUY  NASDAQ:NVDA #12345 [stage 1]: 148.00000 → 150.00000  (entry=150.00000 price=152.00000 1R=2.00000)
2026-03-28 17:48:33  INFO      MT5Executor: SIMULATION: Modified SL for position 12345: 150.0
2026-03-28 17:48:33  INFO      TradingGraph: Running agents for NASDAQ:NVDA
2026-03-28 17:48:33  INFO      TradingGraph: Completed 14 agents
2026-03-28 17:48:33  INFO      TradingGraph: Fusing timeframe signals
2026-03-28 17:48:33  INFO      TradingGraph: Fusion: L=-0.622(csns=1.00), M=0.262(csns=1.00), S=0.053(csns=0.40), align_str=0.000
2026-03-28 17:48:33  INFO      TradingRunner: EXIT [NASDAQ:NVDA #12345 BUY  pnl=+200.00] — D1 flipped bearish (-0.622)
2026-03-28 17:48:33  INFO      MT5Executor: SIMULATION: Closed position 12345
2026-03-28 17:49:03  INFO      TradingRunner: [WATCHDOG] alive | equity=100200.0 | cycle=60 | profile=risky
2026-03-28 17:49:33  INFO      MT5Executor: SIMULATION: Partial close 40% of #12345
2026-03-28 17:49:33  INFO      TrailingStopManager: [RISKY] PARTIAL TP BUY NASDAQ:NVDA #12345: 40% locked in at +1R (entry=150.00000 price=152.00000)
2026-03-28 17:49:33  INFO      TrailingStopManager: SL lock BUY  NASDAQ:NVDA #12345 [stage 1]: 148.00000 → 150.00000  (entry=150.00000 price=152.00000 1R=2.00000)
2026-03-28 17:49:33  INFO      MT5Executor: SIMULATION: Modified SL for position 12345: 150.0
2026-03-28 17:49:33  INFO      TradingGraph: Running agents for NASDAQ:NVDA
2026-03-28 17:49:33  INFO      TradingGraph: Completed 14 agents
2026-03-28 17:49:33  INFO      TradingGraph: Fusing timeframe signals
2026-03-28 17:49:33  INFO      TradingGraph: Fusion: L=-0.643(csns=1.00), M=-0.226(csns=1.00), S=0.104(csns=0.60), align_str=0.000
2026-03-28 17:49:33  INFO      TradingRunner: EXIT [NASDAQ:NVDA #12345 BUY  pnl=+200.00] — D1 flipped bearish (-0.643)
2026-03-28 17:49:33  INFO      MT5Executor: SIMULATION: Closed position 12345
2026-03-28 17:50:33  INFO      MT5Executor: SIMULATION: Partial close 40% of #12345
2026-03-28 17:50:33  INFO      TrailingStopManager: [RISKY] PARTIAL TP BUY NASDAQ:NVDA #12345: 40% locked in at +1R (entry=150.00000 price=152.00000)
2026-03-28 17:50:33  INFO      TrailingStopManager: SL lock BUY  NASDAQ:NVDA #12345 [stage 1]: 148.00000 → 150.00000  (entry=150.00000 price=152.00000 1R=2.00000)
2026-03-28 17:50:33  INFO      MT5Executor: SIMULATION: Modified SL for position 12345: 150.0
2026-03-28 17:50:33  INFO      TradingGraph: Running agents for NASDAQ:NVDA
2026-03-28 17:50:33  INFO      TradingGraph: Completed 14 agents
2026-03-28 17:50:33  INFO      TradingGraph: Fusing timeframe signals
2026-03-28 17:50:33  INFO      TradingGraph: Fusion: L=-0.605(csns=1.00), M=-0.135(csns=1.00), S=0.015(csns=0.60), align_str=0.000
2026-03-28 17:50:33  INFO      TradingRunner: EXIT [NASDAQ:NVDA #12345 BUY  pnl=+200.00] — D1 flipped bearish (-0.605)
2026-03-28 17:50:33  INFO      MT5Executor: SIMULATION: Closed position 12345
2026-03-28 17:51:33  INFO      MT5Executor: SIMULATION: Partial close 40% of #12345
2026-03-28 17:51:33  INFO      TrailingStopManager: [RISKY] PARTIAL TP BUY NASDAQ:NVDA #12345: 40% locked in at +1R (entry=150.00000 price=152.00000)
2026-03-28 17:51:33  INFO      TrailingStopManager: SL lock BUY  NASDAQ:NVDA #12345 [stage 1]: 148.00000 → 150.00000  (entry=150.00000 price=152.00000 1R=2.00000)
2026-03-28 17:51:33  INFO      MT5Executor: SIMULATION: Modified SL for position 12345: 150.0
2026-03-28 17:51:33  INFO      TradingGraph: Running agents for NASDAQ:NVDA
2026-03-28 17:51:33  INFO      TradingGraph: Completed 14 agents
2026-03-28 17:51:33  INFO      TradingGraph: Fusing timeframe signals
2026-03-28 17:51:33  INFO      TradingGraph: Fusion: L=-0.622(csns=1.00), M=0.262(csns=1.00), S=0.053(csns=0.40), align_str=0.000
2026-03-28 17:51:33  INFO      TradingRunner: EXIT [NASDAQ:NVDA #12345 BUY  pnl=+200.00] — D1 flipped bearish (-0.622)
2026-03-28 17:51:33  INFO      MT5Executor: SIMULATION: Closed position 12345
2026-03-28 17:52:33  INFO      MT5Executor: SIMULATION: Partial close 40% of #12345
2026-03-28 17:52:33  INFO      TrailingStopManager: [RISKY] PARTIAL TP BUY NASDAQ:NVDA #12345: 40% locked in at +1R (entry=150.00000 price=152.00000)
2026-03-28 17:52:33  INFO      TrailingStopManager: SL lock BUY  NASDAQ:NVDA #12345 [stage 1]: 148.00000 → 150.00000  (entry=150.00000 price=152.00000 1R=2.00000)
2026-03-28 17:52:33  INFO      MT5Executor: SIMULATION: Modified SL for position 12345: 150.0
2026-03-28 17:52:33  INFO      TradingGraph: Running agents for NASDAQ:NVDA
2026-03-28 17:52:33  INFO      TradingGraph: Completed 14 agents
2026-03-28 17:52:33  INFO      TradingGraph: Fusing timeframe signals
2026-03-28 17:52:33  INFO      TradingGraph: Fusion: L=-0.646(csns=1.00), M=0.487(csns=1.00), S=0.105(csns=0.60), align_str=0.000
2026-03-28 17:52:33  INFO      TradingRunner: EXIT [NASDAQ:NVDA #12345 BUY  pnl=+200.00] — D1 flipped bearish (-0.646)
2026-03-28 17:52:33  INFO      MT5Executor: SIMULATION: Closed position 12345
2026-03-28 17:53:27  WARNING   TradingRunner: Max daily trades (6) reached — no further entries today
2026-03-28 17:53:27  INFO      TradingRunner: PnL — unrealized: +200.00  realized today: +0.00  total: +200.00
2026-03-28 17:53:27  INFO      TradingRunner: Signal cycle done in 2.9s — sleeping 297s
2026-03-28 17:53:33  INFO      MT5Executor: SIMULATION: Partial close 40% of #12345
2026-03-28 17:53:33  INFO      TrailingStopManager: [RISKY] PARTIAL TP BUY NASDAQ:NVDA #12345: 40% locked in at +1R (entry=150.00000 price=152.00000)
2026-03-28 17:53:33  INFO      TrailingStopManager: SL lock BUY  NASDAQ:NVDA #12345 [stage 1]: 148.00000 → 150.00000  (entry=150.00000 price=152.00000 1R=2.00000)
2026-03-28 17:53:33  INFO      MT5Executor: SIMULATION: Modified SL for position 12345: 150.0
2026-03-28 17:53:33  INFO      TradingGraph: Running agents for NASDAQ:NVDA
2026-03-28 17:53:33  INFO      TradingGraph: Completed 14 agents
2026-03-28 17:53:33  INFO      TradingGraph: Fusing timeframe signals
2026-03-28 17:53:33  INFO      TradingGraph: Fusion: L=-0.619(csns=1.00), M=0.227(csns=0.67), S=0.139(csns=0.50), align_str=0.000
2026-03-28 17:53:33  INFO      TradingRunner: EXIT [NASDAQ:NVDA #12345 BUY  pnl=+200.00] — D1 flipped bearish (-0.619)
2026-03-28 17:53:33  INFO      MT5Executor: SIMULATION: Closed position 12345
2026-03-28 17:54:33  INFO      MT5Executor: SIMULATION: Partial close 40% of #12345
2026-03-28 17:54:33  INFO      TrailingStopManager: [RISKY] PARTIAL TP BUY NASDAQ:NVDA #12345: 40% locked in at +1R (entry=150.00000 price=152.00000)
2026-03-28 17:54:33  INFO      TrailingStopManager: SL lock BUY  NASDAQ:NVDA #12345 [stage 1]: 148.00000 → 150.00000  (entry=150.00000 price=152.00000 1R=2.00000)
2026-03-28 17:54:33  INFO      MT5Executor: SIMULATION: Modified SL for position 12345: 150.0
2026-03-28 17:54:34  INFO      TradingGraph: Running agents for NASDAQ:NVDA
2026-03-28 17:54:34  INFO      TradingGraph: Completed 14 agents
2026-03-28 17:54:34  INFO      TradingGraph: Fusing timeframe signals
2026-03-28 17:54:34  INFO      TradingGraph: Fusion: L=-0.622(csns=1.00), M=-0.001(csns=0.50), S=0.012(csns=0.60), align_str=0.000
2026-03-28 17:54:34  INFO      TradingRunner: EXIT [NASDAQ:NVDA #12345 BUY  pnl=+200.00] — D1 flipped bearish (-0.622)
2026-03-28 17:54:34  INFO      MT5Executor: SIMULATION: Closed position 12345
2026-03-28 17:55:33  INFO      MT5Executor: SIMULATION: Partial close 40% of #12345
2026-03-28 17:55:33  INFO      TrailingStopManager: [RISKY] PARTIAL TP BUY NASDAQ:NVDA #12345: 40% locked in at +1R (entry=150.00000 price=152.00000)
2026-03-28 17:55:33  INFO      TrailingStopManager: SL lock BUY  NASDAQ:NVDA #12345 [stage 1]: 148.00000 → 150.00000  (entry=150.00000 price=152.00000 1R=2.00000)
2026-03-28 17:55:33  INFO      MT5Executor: SIMULATION: Modified SL for position 12345: 150.0
2026-03-28 17:55:34  INFO      TradingGraph: Running agents for NASDAQ:NVDA
2026-03-28 17:55:34  INFO      TradingGraph: Completed 14 agents
2026-03-28 17:55:34  INFO      TradingGraph: Fusing timeframe signals
2026-03-28 17:55:34  INFO      TradingGraph: Fusion: L=-0.653(csns=1.00), M=-0.124(csns=1.00), S=-0.064(csns=0.50), align_str=0.173
2026-03-28 17:55:34  INFO      TradingRunner: EXIT [NASDAQ:NVDA #12345 BUY  pnl=+200.00] — D1 flipped bearish (-0.653)
2026-03-28 17:55:34  INFO      MT5Executor: SIMULATION: Closed position 12345
2026-03-28 17:56:33  INFO      MT5Executor: SIMULATION: Partial close 40% of #12345
2026-03-28 17:56:33  INFO      TrailingStopManager: [RISKY] PARTIAL TP BUY NASDAQ:NVDA #12345: 40% locked in at +1R (entry=150.00000 price=152.00000)
2026-03-28 17:56:33  INFO      TrailingStopManager: SL lock BUY  NASDAQ:NVDA #12345 [stage 1]: 148.00000 → 150.00000  (entry=150.00000 price=152.00000 1R=2.00000)
2026-03-28 17:56:33  INFO      MT5Executor: SIMULATION: Modified SL for position 12345: 150.0
2026-03-28 17:56:34  INFO      TradingGraph: Running agents for NASDAQ:NVDA
2026-03-28 17:56:34  INFO      TradingGraph: Completed 14 agents
2026-03-28 17:56:34  INFO      TradingGraph: Fusing timeframe signals
2026-03-28 17:56:34  INFO      TradingGraph: Fusion: L=-0.648(csns=1.00), M=0.432(csns=1.00), S=0.035(csns=0.40), align_str=0.000
2026-03-28 17:56:34  INFO      TradingRunner: EXIT [NASDAQ:NVDA #12345 BUY  pnl=+200.00] — D1 flipped bearish (-0.648)
2026-03-28 17:56:34  INFO      MT5Executor: SIMULATION: Closed position 12345
2026-03-28 17:57:33  INFO      MT5Executor: SIMULATION: Partial close 40% of #12345
2026-03-28 17:57:33  INFO      TrailingStopManager: [RISKY] PARTIAL TP BUY NASDAQ:NVDA #12345: 40% locked in at +1R (entry=150.00000 price=152.00000)
2026-03-28 17:57:33  INFO      TrailingStopManager: SL lock BUY  NASDAQ:NVDA #12345 [stage 1]: 148.00000 → 150.00000  (entry=150.00000 price=152.00000 1R=2.00000)
2026-03-28 17:57:33  INFO      MT5Executor: SIMULATION: Modified SL for position 12345: 150.0
2026-03-28 17:57:34  INFO      TradingGraph: Running agents for NASDAQ:NVDA
2026-03-28 17:57:34  INFO      TradingGraph: Completed 14 agents
2026-03-28 17:57:34  INFO      TradingGraph: Fusing timeframe signals
2026-03-28 17:57:34  INFO      TradingGraph: Fusion: L=-0.597(csns=1.00), M=-0.122(csns=1.00), S=0.027(csns=0.60), align_str=0.000
2026-03-28 17:57:34  INFO      TradingRunner: EXIT [NASDAQ:NVDA #12345 BUY  pnl=+200.00] — D1 flipped bearish (-0.597)
2026-03-28 17:57:34  INFO      MT5Executor: SIMULATION: Closed position 12345
2026-03-28 17:58:27  WARNING   TradingRunner: Max daily trades (6) reached — no further entries today
2026-03-28 17:58:27  INFO      TradingRunner: PnL — unrealized: +200.00  realized today: +0.00  total: +200.00
2026-03-28 17:58:27  INFO      TradingRunner: Signal cycle done in 2.7s — sleeping 297s
2026-03-28 17:58:33  INFO      MT5Executor: SIMULATION: Partial close 40% of #12345
2026-03-28 17:58:33  INFO      TrailingStopManager: [RISKY] PARTIAL TP BUY NASDAQ:NVDA #12345: 40% locked in at +1R (entry=150.00000 price=152.00000)
2026-03-28 17:58:33  INFO      TrailingStopManager: SL lock BUY  NASDAQ:NVDA #12345 [stage 1]: 148.00000 → 150.00000  (entry=150.00000 price=152.00000 1R=2.00000)
2026-03-28 17:58:33  INFO      MT5Executor: SIMULATION: Modified SL for position 12345: 150.0
2026-03-28 17:58:34  INFO      TradingGraph: Running agents for NASDAQ:NVDA
2026-03-28 17:58:34  INFO      TradingGraph: Completed 14 agents
2026-03-28 17:58:34  INFO      TradingGraph: Fusing timeframe signals
2026-03-28 17:58:34  INFO      TradingGraph: Fusion: L=-0.622(csns=1.00), M=0.001(csns=0.50), S=0.057(csns=0.40), align_str=0.000
2026-03-28 17:58:34  INFO      TradingRunner: EXIT [NASDAQ:NVDA #12345 BUY  pnl=+200.00] — D1 flipped bearish (-0.622)
2026-03-28 17:58:34  INFO      MT5Executor: SIMULATION: Closed position 12345
2026-03-28 17:59:33  INFO      MT5Executor: SIMULATION: Partial close 40% of #12345
2026-03-28 17:59:33  INFO      TrailingStopManager: [RISKY] PARTIAL TP BUY NASDAQ:NVDA #12345: 40% locked in at +1R (entry=150.00000 price=152.00000)
2026-03-28 17:59:33  INFO      TrailingStopManager: SL lock BUY  NASDAQ:NVDA #12345 [stage 1]: 148.00000 → 150.00000  (entry=150.00000 price=152.00000 1R=2.00000)
2026-03-28 17:59:33  INFO      MT5Executor: SIMULATION: Modified SL for position 12345: 150.0
2026-03-28 17:59:34  INFO      TradingGraph: Running agents for NASDAQ:NVDA
2026-03-28 17:59:34  INFO      TradingRunner: [WATCHDOG] alive | equity=100200.0 | cycle=62 | profile=risky
2026-03-28 17:59:34  INFO      TradingGraph: Completed 14 agents
2026-03-28 17:59:34  INFO      TradingGraph: Fusing timeframe signals
2026-03-28 17:59:34  INFO      TradingGraph: Fusion: L=-0.648(csns=1.00), M=0.296(csns=0.67), S=0.128(csns=0.80), align_str=0.000
2026-03-28 17:59:34  INFO      TradingRunner: EXIT [NASDAQ:NVDA #12345 BUY  pnl=+200.00] — D1 flipped bearish (-0.648)
2026-03-28 17:59:34  INFO      MT5Executor: SIMULATION: Closed position 12345
2026-03-28 18:00:34  INFO      MT5Executor: SIMULATION: Partial close 40% of #12345
2026-03-28 18:00:34  INFO      TrailingStopManager: [RISKY] PARTIAL TP BUY NASDAQ:NVDA #12345: 40% locked in at +1R (entry=150.00000 price=152.00000)
2026-03-28 18:00:34  INFO      TrailingStopManager: SL lock BUY  NASDAQ:NVDA #12345 [stage 1]: 148.00000 → 150.00000  (entry=150.00000 price=152.00000 1R=2.00000)
2026-03-28 18:00:34  INFO      MT5Executor: SIMULATION: Modified SL for position 12345: 150.0
2026-03-28 18:00:34  INFO      TradingGraph: Running agents for NASDAQ:NVDA
2026-03-28 18:00:34  INFO      TradingGraph: Completed 14 agents
2026-03-28 18:00:34  INFO      TradingGraph: Fusing timeframe signals
2026-03-28 18:00:34  INFO      TradingGraph: Fusion: L=-0.622(csns=1.00), M=-0.001(csns=0.50), S=0.011(csns=0.60), align_str=0.000
2026-03-28 18:00:34  INFO      TradingRunner: EXIT [NASDAQ:NVDA #12345 BUY  pnl=+200.00] — D1 flipped bearish (-0.622)
2026-03-28 18:00:34  INFO      MT5Executor: SIMULATION: Closed position 12345
2026-03-28 18:01:34  INFO      MT5Executor: SIMULATION: Partial close 40% of #12345
2026-03-28 18:01:34  INFO      TrailingStopManager: [RISKY] PARTIAL TP BUY NASDAQ:NVDA #12345: 40% locked in at +1R (entry=150.00000 price=152.00000)
2026-03-28 18:01:34  INFO      TrailingStopManager: SL lock BUY  NASDAQ:NVDA #12345 [stage 1]: 148.00000 → 150.00000  (entry=150.00000 price=152.00000 1R=2.00000)
2026-03-28 18:01:34  INFO      MT5Executor: SIMULATION: Modified SL for position 12345: 150.0
2026-03-28 18:01:34  INFO      TradingGraph: Running agents for NASDAQ:NVDA
2026-03-28 18:01:34  INFO      TradingGraph: Completed 14 agents
2026-03-28 18:01:34  INFO      TradingGraph: Fusing timeframe signals
2026-03-28 18:01:34  INFO      TradingGraph: Fusion: L=-0.648(csns=1.00), M=0.296(csns=0.67), S=0.129(csns=0.80), align_str=0.000
2026-03-28 18:01:34  INFO      TradingRunner: EXIT [NASDAQ:NVDA #12345 BUY  pnl=+200.00] — D1 flipped bearish (-0.648)
2026-03-28 18:01:34  INFO      MT5Executor: SIMULATION: Closed position 12345
2026-03-28 18:02:34  INFO      MT5Executor: SIMULATION: Partial close 40% of #12345
2026-03-28 18:02:34  INFO      TrailingStopManager: [RISKY] PARTIAL TP BUY NASDAQ:NVDA #12345: 40% locked in at +1R (entry=150.00000 price=152.00000)
2026-03-28 18:02:34  INFO      TrailingStopManager: SL lock BUY  NASDAQ:NVDA #12345 [stage 1]: 148.00000 → 150.00000  (entry=150.00000 price=152.00000 1R=2.00000)
2026-03-28 18:02:34  INFO      MT5Executor: SIMULATION: Modified SL for position 12345: 150.0
2026-03-28 18:02:34  INFO      TradingGraph: Running agents for NASDAQ:NVDA
2026-03-28 18:02:34  INFO      TradingGraph: Completed 14 agents
2026-03-28 18:02:34  INFO      TradingGraph: Fusing timeframe signals
2026-03-28 18:02:34  INFO      TradingGraph: Fusion: L=-0.643(csns=1.00), M=0.235(csns=0.67), S=0.061(csns=0.40), align_str=0.000
2026-03-28 18:02:34  INFO      TradingRunner: EXIT [NASDAQ:NVDA #12345 BUY  pnl=+200.00] — D1 flipped bearish (-0.643)
2026-03-28 18:02:34  INFO      MT5Executor: SIMULATION: Closed position 12345
2026-03-28 18:03:27  WARNING   TradingRunner: Max daily trades (6) reached — no further entries today
2026-03-28 18:03:27  INFO      TradingRunner: PnL — unrealized: +200.00  realized today: +0.00  total: +200.00
2026-03-28 18:03:27  INFO      TradingRunner: Signal cycle done in 2.8s — sleeping 297s
2026-03-28 18:03:34  INFO      MT5Executor: SIMULATION: Partial close 40% of #12345
2026-03-28 18:03:34  INFO      TrailingStopManager: [RISKY] PARTIAL TP BUY NASDAQ:NVDA #12345: 40% locked in at +1R (entry=150.00000 price=152.00000)
2026-03-28 18:03:34  INFO      TrailingStopManager: SL lock BUY  NASDAQ:NVDA #12345 [stage 1]: 148.00000 → 150.00000  (entry=150.00000 price=152.00000 1R=2.00000)
2026-03-28 18:03:34  INFO      MT5Executor: SIMULATION: Modified SL for position 12345: 150.0
2026-03-28 18:03:34  INFO      TradingGraph: Running agents for NASDAQ:NVDA
2026-03-28 18:03:34  INFO      TradingGraph: Completed 14 agents
2026-03-28 18:03:34  INFO      TradingGraph: Fusing timeframe signals
2026-03-28 18:03:34  INFO      TradingGraph: Fusion: L=-0.619(csns=1.00), M=0.233(csns=0.67), S=0.139(csns=0.50), align_str=0.000
2026-03-28 18:03:34  INFO      TradingRunner: EXIT [NASDAQ:NVDA #12345 BUY  pnl=+200.00] — D1 flipped bearish (-0.619)
2026-03-28 18:03:34  INFO      MT5Executor: SIMULATION: Closed position 12345
2026-03-28 18:04:34  INFO      MT5Executor: SIMULATION: Partial close 40% of #12345
2026-03-28 18:04:34  INFO      TrailingStopManager: [RISKY] PARTIAL TP BUY NASDAQ:NVDA #12345: 40% locked in at +1R (entry=150.00000 price=152.00000)
2026-03-28 18:04:34  INFO      TrailingStopManager: SL lock BUY  NASDAQ:NVDA #12345 [stage 1]: 148.00000 → 150.00000  (entry=150.00000 price=152.00000 1R=2.00000)
2026-03-28 18:04:34  INFO      MT5Executor: SIMULATION: Modified SL for position 12345: 150.0
2026-03-28 18:04:34  INFO      TradingGraph: Running agents for NASDAQ:NVDA
2026-03-28 18:04:34  INFO      TradingGraph: Completed 14 agents
2026-03-28 18:04:34  INFO      TradingGraph: Fusing timeframe signals
2026-03-28 18:04:34  INFO      TradingGraph: Fusion: L=-0.622(csns=1.00), M=0.001(csns=0.50), S=0.057(csns=0.40), align_str=0.000
2026-03-28 18:04:34  INFO      TradingRunner: EXIT [NASDAQ:NVDA #12345 BUY  pnl=+200.00] — D1 flipped bearish (-0.622)
2026-03-28 18:04:34  INFO      MT5Executor: SIMULATION: Closed position 12345
2026-03-28 18:05:34  INFO      MT5Executor: SIMULATION: Partial close 40% of #12345
2026-03-28 18:05:34  INFO      TrailingStopManager: [RISKY] PARTIAL TP BUY NASDAQ:NVDA #12345: 40% locked in at +1R (entry=150.00000 price=152.00000)
2026-03-28 18:05:34  INFO      TrailingStopManager: SL lock BUY  NASDAQ:NVDA #12345 [stage 1]: 148.00000 → 150.00000  (entry=150.00000 price=152.00000 1R=2.00000)
2026-03-28 18:05:34  INFO      MT5Executor: SIMULATION: Modified SL for position 12345: 150.0
2026-03-28 18:05:34  INFO      TradingGraph: Running agents for NASDAQ:NVDA
2026-03-28 18:05:34  INFO      TradingGraph: Completed 14 agents
2026-03-28 18:05:34  INFO      TradingGraph: Fusing timeframe signals
2026-03-28 18:05:34  INFO      TradingGraph: Fusion: L=-0.619(csns=1.00), M=-0.009(csns=0.67), S=0.038(csns=0.40), align_str=0.000
2026-03-28 18:05:34  INFO      TradingRunner: EXIT [NASDAQ:NVDA #12345 BUY  pnl=+200.00] — D1 flipped bearish (-0.619)
2026-03-28 18:05:34  INFO      MT5Executor: SIMULATION: Closed position 12345
2026-03-28 18:06:34  INFO      MT5Executor: SIMULATION: Partial close 40% of #12345
2026-03-28 18:06:34  INFO      TrailingStopManager: [RISKY] PARTIAL TP BUY NASDAQ:NVDA #12345: 40% locked in at +1R (entry=150.00000 price=152.00000)
2026-03-28 18:06:34  INFO      TrailingStopManager: SL lock BUY  NASDAQ:NVDA #12345 [stage 1]: 148.00000 → 150.00000  (entry=150.00000 price=152.00000 1R=2.00000)
2026-03-28 18:06:34  INFO      MT5Executor: SIMULATION: Modified SL for position 12345: 150.0
2026-03-28 18:06:34  INFO      TradingGraph: Running agents for NASDAQ:NVDA
2026-03-28 18:06:34  INFO      TradingGraph: Completed 14 agents
2026-03-28 18:06:34  INFO      TradingGraph: Fusing timeframe signals
2026-03-28 18:06:34  INFO      TradingGraph: Fusion: L=-0.624(csns=1.00), M=0.296(csns=0.67), S=0.129(csns=0.80), align_str=0.000
2026-03-28 18:06:34  INFO      TradingRunner: EXIT [NASDAQ:NVDA #12345 BUY  pnl=+200.00] — D1 flipped bearish (-0.624)
2026-03-28 18:06:34  INFO      MT5Executor: SIMULATION: Closed position 12345
2026-03-28 18:07:34  INFO      MT5Executor: SIMULATION: Partial close 40% of #12345
2026-03-28 18:07:34  INFO      TrailingStopManager: [RISKY] PARTIAL TP BUY NASDAQ:NVDA #12345: 40% locked in at +1R (entry=150.00000 price=152.00000)
2026-03-28 18:07:34  INFO      TrailingStopManager: SL lock BUY  NASDAQ:NVDA #12345 [stage 1]: 148.00000 → 150.00000  (entry=150.00000 price=152.00000 1R=2.00000)
2026-03-28 18:07:34  INFO      MT5Executor: SIMULATION: Modified SL for position 12345: 150.0
2026-03-28 18:07:34  INFO      TradingGraph: Running agents for NASDAQ:NVDA
2026-03-28 18:07:34  INFO      TradingGraph: Completed 14 agents
2026-03-28 18:07:34  INFO      TradingGraph: Fusing timeframe signals
2026-03-28 18:07:34  INFO      TradingGraph: Fusion: L=-0.653(csns=1.00), M=-0.124(csns=1.00), S=-0.064(csns=0.50), align_str=0.173
2026-03-28 18:07:34  INFO      TradingRunner: EXIT [NASDAQ:NVDA #12345 BUY  pnl=+200.00] — D1 flipped bearish (-0.653)
2026-03-28 18:07:34  INFO      MT5Executor: SIMULATION: Closed position 12345
2026-03-28 18:08:27  WARNING   TradingRunner: Max daily trades (6) reached — no further entries today
2026-03-28 18:08:27  INFO      TradingRunner: PnL — unrealized: +200.00  realized today: +0.00  total: +200.00
2026-03-28 18:08:27  INFO      TradingRunner: Signal cycle done in 3.0s — sleeping 297s
2026-03-28 18:08:34  INFO      MT5Executor: SIMULATION: Partial close 40% of #12345
2026-03-28 18:08:34  INFO      TrailingStopManager: [RISKY] PARTIAL TP BUY NASDAQ:NVDA #12345: 40% locked in at +1R (entry=150.00000 price=152.00000)
2026-03-28 18:08:34  INFO      TrailingStopManager: SL lock BUY  NASDAQ:NVDA #12345 [stage 1]: 148.00000 → 150.00000  (entry=150.00000 price=152.00000 1R=2.00000)
2026-03-28 18:08:34  INFO      MT5Executor: SIMULATION: Modified SL for position 12345: 150.0
2026-03-28 18:08:34  INFO      TradingGraph: Running agents for NASDAQ:NVDA
2026-03-28 18:08:34  INFO      TradingGraph: Completed 14 agents
2026-03-28 18:08:34  INFO      TradingGraph: Fusing timeframe signals
2026-03-28 18:08:34  INFO      TradingGraph: Fusion: L=-0.622(csns=1.00), M=0.262(csns=1.00), S=0.053(csns=0.40), align_str=0.000
2026-03-28 18:08:34  INFO      TradingRunner: EXIT [NASDAQ:NVDA #12345 BUY  pnl=+200.00] — D1 flipped bearish (-0.622)
2026-03-28 18:08:34  INFO      MT5Executor: SIMULATION: Closed position 12345
2026-03-28 18:09:34  INFO      MT5Executor: SIMULATION: Partial close 40% of #12345
2026-03-28 18:09:34  INFO      TrailingStopManager: [RISKY] PARTIAL TP BUY NASDAQ:NVDA #12345: 40% locked in at +1R (entry=150.00000 price=152.00000)
2026-03-28 18:09:34  INFO      TrailingStopManager: SL lock BUY  NASDAQ:NVDA #12345 [stage 1]: 148.00000 → 150.00000  (entry=150.00000 price=152.00000 1R=2.00000)
2026-03-28 18:09:34  INFO      MT5Executor: SIMULATION: Modified SL for position 12345: 150.0
2026-03-28 18:09:34  INFO      TradingGraph: Running agents for NASDAQ:NVDA
2026-03-28 18:09:34  INFO      TradingGraph: Completed 14 agents
2026-03-28 18:09:34  INFO      TradingGraph: Fusing timeframe signals
2026-03-28 18:09:34  INFO      TradingGraph: Fusion: L=-0.622(csns=1.00), M=0.262(csns=1.00), S=0.053(csns=0.40), align_str=0.000
2026-03-28 18:09:34  INFO      TradingRunner: EXIT [NASDAQ:NVDA #12345 BUY  pnl=+200.00] — D1 flipped bearish (-0.622)
2026-03-28 18:09:34  INFO      MT5Executor: SIMULATION: Closed position 12345
2026-03-28 18:10:04  INFO      TradingRunner: [WATCHDOG] alive | equity=100200.0 | cycle=64 | profile=risky
2026-03-28 18:10:34  INFO      MT5Executor: SIMULATION: Partial close 40% of #12345
2026-03-28 18:10:34  INFO      TrailingStopManager: [RISKY] PARTIAL TP BUY NASDAQ:NVDA #12345: 40% locked in at +1R (entry=150.00000 price=152.00000)
2026-03-28 18:10:34  INFO      TrailingStopManager: SL lock BUY  NASDAQ:NVDA #12345 [stage 1]: 148.00000 → 150.00000  (entry=150.00000 price=152.00000 1R=2.00000)
2026-03-28 18:10:34  INFO      MT5Executor: SIMULATION: Modified SL for position 12345: 150.0
2026-03-28 18:10:34  INFO      TradingGraph: Running agents for NASDAQ:NVDA
2026-03-28 18:10:34  INFO      TradingGraph: Completed 14 agents
2026-03-28 18:10:34  INFO      TradingGraph: Fusing timeframe signals
2026-03-28 18:10:34  INFO      TradingGraph: Fusion: L=-0.621(csns=1.00), M=0.000(csns=0.50), S=-0.055(csns=0.71), align_str=0.000
2026-03-28 18:10:34  INFO      TradingRunner: EXIT [NASDAQ:NVDA #12345 BUY  pnl=+200.00] — D1 flipped bearish (-0.621)
2026-03-28 18:10:34  INFO      MT5Executor: SIMULATION: Closed position 12345
2026-03-28 18:11:34  INFO      MT5Executor: SIMULATION: Partial close 40% of #12345
2026-03-28 18:11:34  INFO      TrailingStopManager: [RISKY] PARTIAL TP BUY NASDAQ:NVDA #12345: 40% locked in at +1R (entry=150.00000 price=152.00000)
2026-03-28 18:11:34  INFO      TrailingStopManager: SL lock BUY  NASDAQ:NVDA #12345 [stage 1]: 148.00000 → 150.00000  (entry=150.00000 price=152.00000 1R=2.00000)
2026-03-28 18:11:34  INFO      MT5Executor: SIMULATION: Modified SL for position 12345: 150.0
2026-03-28 18:11:34  INFO      TradingGraph: Running agents for NASDAQ:NVDA
2026-03-28 18:11:34  INFO      TradingGraph: Completed 14 agents
2026-03-28 18:11:34  INFO      TradingGraph: Fusing timeframe signals
2026-03-28 18:11:34  INFO      TradingGraph: Fusion: L=-0.634(csns=1.00), M=0.268(csns=1.00), S=0.014(csns=0.60), align_str=0.000
2026-03-28 18:11:34  INFO      TradingRunner: EXIT [NASDAQ:NVDA #12345 BUY  pnl=+200.00] — D1 flipped bearish (-0.634)
2026-03-28 18:11:34  INFO      MT5Executor: SIMULATION: Closed position 12345
2026-03-28 18:12:34  INFO      MT5Executor: SIMULATION: Partial close 40% of #12345
2026-03-28 18:12:34  INFO      TrailingStopManager: [RISKY] PARTIAL TP BUY NASDAQ:NVDA #12345: 40% locked in at +1R (entry=150.00000 price=152.00000)
2026-03-28 18:12:34  INFO      TrailingStopManager: SL lock BUY  NASDAQ:NVDA #12345 [stage 1]: 148.00000 → 150.00000  (entry=150.00000 price=152.00000 1R=2.00000)
2026-03-28 18:12:34  INFO      MT5Executor: SIMULATION: Modified SL for position 12345: 150.0
2026-03-28 18:12:34  INFO      TradingGraph: Running agents for NASDAQ:NVDA
2026-03-28 18:12:34  INFO      TradingGraph: Completed 14 agents
2026-03-28 18:12:34  INFO      TradingGraph: Fusing timeframe signals
2026-03-28 18:12:34  INFO      TradingGraph: Fusion: L=-0.622(csns=1.00), M=0.001(csns=0.50), S=0.057(csns=0.40), align_str=0.000
2026-03-28 18:12:34  INFO      TradingRunner: EXIT [NASDAQ:NVDA #12345 BUY  pnl=+200.00] — D1 flipped bearish (-0.622)
2026-03-28 18:12:34  INFO      MT5Executor: SIMULATION: Closed position 12345
2026-03-28 18:13:27  WARNING   TradingRunner: Max daily trades (6) reached — no further entries today
2026-03-28 18:13:27  INFO      TradingRunner: PnL — unrealized: +200.00  realized today: +0.00  total: +200.00
2026-03-28 18:13:27  INFO      TradingRunner: Signal cycle done in 2.1s — sleeping 298s
2026-03-28 18:13:34  INFO      MT5Executor: SIMULATION: Partial close 40% of #12345
2026-03-28 18:13:34  INFO      TrailingStopManager: [RISKY] PARTIAL TP BUY NASDAQ:NVDA #12345: 40% locked in at +1R (entry=150.00000 price=152.00000)
2026-03-28 18:13:34  INFO      TrailingStopManager: SL lock BUY  NASDAQ:NVDA #12345 [stage 1]: 148.00000 → 150.00000  (entry=150.00000 price=152.00000 1R=2.00000)
2026-03-28 18:13:34  INFO      MT5Executor: SIMULATION: Modified SL for position 12345: 150.0
2026-03-28 18:13:34  INFO      TradingGraph: Running agents for NASDAQ:NVDA
2026-03-28 18:13:34  INFO      TradingGraph: Completed 14 agents
2026-03-28 18:13:34  INFO      TradingGraph: Fusing timeframe signals
2026-03-28 18:13:34  INFO      TradingGraph: Fusion: L=-0.653(csns=1.00), M=-0.124(csns=1.00), S=-0.064(csns=0.50), align_str=0.173
2026-03-28 18:13:34  INFO      TradingRunner: EXIT [NASDAQ:NVDA #12345 BUY  pnl=+200.00] — D1 flipped bearish (-0.653)
2026-03-28 18:13:34  INFO      MT5Executor: SIMULATION: Closed position 12345
2026-03-28 18:14:34  INFO      MT5Executor: SIMULATION: Partial close 40% of #12345
2026-03-28 18:14:34  INFO      TrailingStopManager: [RISKY] PARTIAL TP BUY NASDAQ:NVDA #12345: 40% locked in at +1R (entry=150.00000 price=152.00000)
2026-03-28 18:14:34  INFO      TrailingStopManager: SL lock BUY  NASDAQ:NVDA #12345 [stage 1]: 148.00000 → 150.00000  (entry=150.00000 price=152.00000 1R=2.00000)
2026-03-28 18:14:34  INFO      MT5Executor: SIMULATION: Modified SL for position 12345: 150.0
2026-03-28 18:14:34  INFO      TradingGraph: Running agents for NASDAQ:NVDA
2026-03-28 18:14:34  INFO      TradingGraph: Completed 14 agents
2026-03-28 18:14:34  INFO      TradingGraph: Fusing timeframe signals
2026-03-28 18:14:34  INFO      TradingGraph: Fusion: L=-0.622(csns=1.00), M=-0.001(csns=0.50), S=0.011(csns=0.60), align_str=0.000
2026-03-28 18:14:34  INFO      TradingRunner: EXIT [NASDAQ:NVDA #12345 BUY  pnl=+200.00] — D1 flipped bearish (-0.622)
2026-03-28 18:14:34  INFO      MT5Executor: SIMULATION: Closed position 12345
2026-03-28 18:15:34  INFO      MT5Executor: SIMULATION: Partial close 40% of #12345
2026-03-28 18:15:34  INFO      TrailingStopManager: [RISKY] PARTIAL TP BUY NASDAQ:NVDA #12345: 40% locked in at +1R (entry=150.00000 price=152.00000)
2026-03-28 18:15:34  INFO      TrailingStopManager: SL lock BUY  NASDAQ:NVDA #12345 [stage 1]: 148.00000 → 150.00000  (entry=150.00000 price=152.00000 1R=2.00000)
2026-03-28 18:15:34  INFO      MT5Executor: SIMULATION: Modified SL for position 12345: 150.0
2026-03-28 18:15:34  INFO      TradingGraph: Running agents for NASDAQ:NVDA
2026-03-28 18:15:34  INFO      TradingGraph: Completed 14 agents
2026-03-28 18:15:34  INFO      TradingGraph: Fusing timeframe signals
2026-03-28 18:15:34  INFO      TradingGraph: Fusion: L=-0.622(csns=1.00), M=0.262(csns=1.00), S=0.053(csns=0.40), align_str=0.000
2026-03-28 18:15:34  INFO      TradingRunner: EXIT [NASDAQ:NVDA #12345 BUY  pnl=+200.00] — D1 flipped bearish (-0.622)
2026-03-28 18:15:34  INFO      MT5Executor: SIMULATION: Closed position 12345
2026-03-28 18:16:34  INFO      MT5Executor: SIMULATION: Partial close 40% of #12345
2026-03-28 18:16:34  INFO      TrailingStopManager: [RISKY] PARTIAL TP BUY NASDAQ:NVDA #12345: 40% locked in at +1R (entry=150.00000 price=152.00000)
2026-03-28 18:16:34  INFO      TrailingStopManager: SL lock BUY  NASDAQ:NVDA #12345 [stage 1]: 148.00000 → 150.00000  (entry=150.00000 price=152.00000 1R=2.00000)
2026-03-28 18:16:34  INFO      MT5Executor: SIMULATION: Modified SL for position 12345: 150.0
2026-03-28 18:16:34  INFO      TradingGraph: Running agents for NASDAQ:NVDA
2026-03-28 18:16:34  INFO      TradingGraph: Completed 14 agents
2026-03-28 18:16:34  INFO      TradingGraph: Fusing timeframe signals
2026-03-28 18:16:34  INFO      TradingGraph: Fusion: L=-0.619(csns=1.00), M=-0.009(csns=0.67), S=0.038(csns=0.40), align_str=0.000
2026-03-28 18:16:34  INFO      TradingRunner: EXIT [NASDAQ:NVDA #12345 BUY  pnl=+200.00] — D1 flipped bearish (-0.619)
2026-03-28 18:16:34  INFO      MT5Executor: SIMULATION: Closed position 12345
2026-03-28 18:17:34  INFO      MT5Executor: SIMULATION: Partial close 40% of #12345
2026-03-28 18:17:34  INFO      TrailingStopManager: [RISKY] PARTIAL TP BUY NASDAQ:NVDA #12345: 40% locked in at +1R (entry=150.00000 price=152.00000)
2026-03-28 18:17:34  INFO      TrailingStopManager: SL lock BUY  NASDAQ:NVDA #12345 [stage 1]: 148.00000 → 150.00000  (entry=150.00000 price=152.00000 1R=2.00000)
2026-03-28 18:17:34  INFO      MT5Executor: SIMULATION: Modified SL for position 12345: 150.0
2026-03-28 18:17:34  INFO      TradingGraph: Running agents for NASDAQ:NVDA
2026-03-28 18:17:34  INFO      TradingGraph: Completed 14 agents
2026-03-28 18:17:34  INFO      TradingGraph: Fusing timeframe signals
2026-03-28 18:17:34  INFO      TradingGraph: Fusion: L=-0.658(csns=1.00), M=0.569(csns=1.00), S=0.103(csns=0.75), align_str=0.000
2026-03-28 18:17:34  INFO      TradingRunner: EXIT [NASDAQ:NVDA #12345 BUY  pnl=+200.00] — D1 flipped bearish (-0.658)
2026-03-28 18:17:34  INFO      MT5Executor: SIMULATION: Closed position 12345
2026-03-28 18:18:27  WARNING   TradingRunner: Max daily trades (6) reached — no further entries today
2026-03-28 18:18:27  INFO      TradingRunner: PnL — unrealized: +200.00  realized today: +0.00  total: +200.00
2026-03-28 18:18:27  INFO      TradingRunner: Signal cycle done in 2.7s — sleeping 297s
2026-03-28 18:18:34  INFO      MT5Executor: SIMULATION: Partial close 40% of #12345
2026-03-28 18:18:34  INFO      TrailingStopManager: [RISKY] PARTIAL TP BUY NASDAQ:NVDA #12345: 40% locked in at +1R (entry=150.00000 price=152.00000)
2026-03-28 18:18:34  INFO      TrailingStopManager: SL lock BUY  NASDAQ:NVDA #12345 [stage 1]: 148.00000 → 150.00000  (entry=150.00000 price=152.00000 1R=2.00000)
2026-03-28 18:18:34  INFO      MT5Executor: SIMULATION: Modified SL for position 12345: 150.0
2026-03-28 18:18:34  INFO      TradingGraph: Running agents for NASDAQ:NVDA
2026-03-28 18:18:34  INFO      TradingGraph: Completed 14 agents
2026-03-28 18:18:34  INFO      TradingGraph: Fusing timeframe signals
2026-03-28 18:18:34  INFO      TradingGraph: Fusion: L=-0.622(csns=1.00), M=-0.001(csns=0.50), S=0.011(csns=0.60), align_str=0.000
2026-03-28 18:18:34  INFO      TradingRunner: EXIT [NASDAQ:NVDA #12345 BUY  pnl=+200.00] — D1 flipped bearish (-0.622)
2026-03-28 18:18:34  INFO      MT5Executor: SIMULATION: Closed position 12345
2026-03-28 18:19:34  INFO      MT5Executor: SIMULATION: Partial close 40% of #12345
2026-03-28 18:19:34  INFO      TrailingStopManager: [RISKY] PARTIAL TP BUY NASDAQ:NVDA #12345: 40% locked in at +1R (entry=150.00000 price=152.00000)
2026-03-28 18:19:34  INFO      TrailingStopManager: SL lock BUY  NASDAQ:NVDA #12345 [stage 1]: 148.00000 → 150.00000  (entry=150.00000 price=152.00000 1R=2.00000)
2026-03-28 18:19:34  INFO      MT5Executor: SIMULATION: Modified SL for position 12345: 150.0
2026-03-28 18:19:34  INFO      TradingGraph: Running agents for NASDAQ:NVDA
2026-03-28 18:19:34  INFO      TradingGraph: Completed 14 agents
2026-03-28 18:19:34  INFO      TradingGraph: Fusing timeframe signals
2026-03-28 18:19:34  INFO      TradingGraph: Fusion: L=-0.615(csns=1.00), M=0.005(csns=0.50), S=0.045(csns=0.33), align_str=0.000
2026-03-28 18:19:34  INFO      TradingRunner: EXIT [NASDAQ:NVDA #12345 BUY  pnl=+200.00] — D1 flipped bearish (-0.615)
2026-03-28 18:19:34  INFO      MT5Executor: SIMULATION: Closed position 12345
2026-03-28 18:20:34  INFO      MT5Executor: SIMULATION: Partial close 40% of #12345
2026-03-28 18:20:34  INFO      TrailingStopManager: [RISKY] PARTIAL TP BUY NASDAQ:NVDA #12345: 40% locked in at +1R (entry=150.00000 price=152.00000)
2026-03-28 18:20:34  INFO      TrailingStopManager: SL lock BUY  NASDAQ:NVDA #12345 [stage 1]: 148.00000 → 150.00000  (entry=150.00000 price=152.00000 1R=2.00000)
2026-03-28 18:20:34  INFO      MT5Executor: SIMULATION: Modified SL for position 12345: 150.0
2026-03-28 18:20:35  INFO      TradingGraph: Running agents for NASDAQ:NVDA
2026-03-28 18:20:35  INFO      TradingRunner: [WATCHDOG] alive | equity=100200.0 | cycle=66 | profile=risky
2026-03-28 18:20:35  INFO      TradingGraph: Completed 14 agents
2026-03-28 18:20:35  INFO      TradingGraph: Fusing timeframe signals
2026-03-28 18:20:35  INFO      TradingGraph: Fusion: L=-0.597(csns=1.00), M=-0.125(csns=1.00), S=0.074(csns=0.60), align_str=0.000
2026-03-28 18:20:35  INFO      TradingRunner: EXIT [NASDAQ:NVDA #12345 BUY  pnl=+200.00] — D1 flipped bearish (-0.597)
2026-03-28 18:20:35  INFO      MT5Executor: SIMULATION: Closed position 12345
2026-03-28 18:21:34  INFO      MT5Executor: SIMULATION: Partial close 40% of #12345
2026-03-28 18:21:34  INFO      TrailingStopManager: [RISKY] PARTIAL TP BUY NASDAQ:NVDA #12345: 40% locked in at +1R (entry=150.00000 price=152.00000)
2026-03-28 18:21:34  INFO      TrailingStopManager: SL lock BUY  NASDAQ:NVDA #12345 [stage 1]: 148.00000 → 150.00000  (entry=150.00000 price=152.00000 1R=2.00000)
2026-03-28 18:21:34  INFO      MT5Executor: SIMULATION: Modified SL for position 12345: 150.0
2026-03-28 18:21:35  INFO      TradingGraph: Running agents for NASDAQ:NVDA
2026-03-28 18:21:35  INFO      TradingGraph: Completed 14 agents
2026-03-28 18:21:35  INFO      TradingGraph: Fusing timeframe signals
2026-03-28 18:21:35  INFO      TradingGraph: Fusion: L=-0.622(csns=1.00), M=0.001(csns=0.50), S=0.057(csns=0.40), align_str=0.000
2026-03-28 18:21:35  INFO      TradingRunner: EXIT [NASDAQ:NVDA #12345 BUY  pnl=+200.00] — D1 flipped bearish (-0.622)
2026-03-28 18:21:35  INFO      MT5Executor: SIMULATION: Closed position 12345
2026-03-28 18:22:34  INFO      MT5Executor: SIMULATION: Partial close 40% of #12345
2026-03-28 18:22:34  INFO      TrailingStopManager: [RISKY] PARTIAL TP BUY NASDAQ:NVDA #12345: 40% locked in at +1R (entry=150.00000 price=152.00000)
2026-03-28 18:22:34  INFO      TrailingStopManager: SL lock BUY  NASDAQ:NVDA #12345 [stage 1]: 148.00000 → 150.00000  (entry=150.00000 price=152.00000 1R=2.00000)
2026-03-28 18:22:34  INFO      MT5Executor: SIMULATION: Modified SL for position 12345: 150.0
2026-03-28 18:22:35  INFO      TradingGraph: Running agents for NASDAQ:NVDA
2026-03-28 18:22:35  INFO      TradingGraph: Completed 14 agents
2026-03-28 18:22:35  INFO      TradingGraph: Fusing timeframe signals
2026-03-28 18:22:35  INFO      TradingGraph: Fusion: L=-0.622(csns=1.00), M=0.001(csns=0.50), S=0.057(csns=0.40), align_str=0.000
2026-03-28 18:22:35  INFO      TradingRunner: EXIT [NASDAQ:NVDA #12345 BUY  pnl=+200.00] — D1 flipped bearish (-0.622)
2026-03-28 18:22:35  INFO      MT5Executor: SIMULATION: Closed position 12345
2026-03-28 18:23:27  WARNING   TradingRunner: Max daily trades (6) reached — no further entries today
2026-03-28 18:23:27  INFO      TradingRunner: PnL — unrealized: +200.00  realized today: +0.00  total: +200.00
2026-03-28 18:23:27  INFO      TradingRunner: Signal cycle done in 2.5s — sleeping 298s
2026-03-28 18:23:34  INFO      MT5Executor: SIMULATION: Partial close 40% of #12345
2026-03-28 18:23:34  INFO      TrailingStopManager: [RISKY] PARTIAL TP BUY NASDAQ:NVDA #12345: 40% locked in at +1R (entry=150.00000 price=152.00000)
2026-03-28 18:23:34  INFO      TrailingStopManager: SL lock BUY  NASDAQ:NVDA #12345 [stage 1]: 148.00000 → 150.00000  (entry=150.00000 price=152.00000 1R=2.00000)
2026-03-28 18:23:34  INFO      MT5Executor: SIMULATION: Modified SL for position 12345: 150.0
2026-03-28 18:23:35  INFO      TradingGraph: Running agents for NASDAQ:NVDA
2026-03-28 18:23:35  INFO      TradingGraph: Completed 14 agents
2026-03-28 18:23:35  INFO      TradingGraph: Fusing timeframe signals
2026-03-28 18:23:35  INFO      TradingGraph: Fusion: L=-0.619(csns=1.00), M=-0.009(csns=0.67), S=0.038(csns=0.40), align_str=0.000
2026-03-28 18:23:35  INFO      TradingRunner: EXIT [NASDAQ:NVDA #12345 BUY  pnl=+200.00] — D1 flipped bearish (-0.619)
2026-03-28 18:23:35  INFO      MT5Executor: SIMULATION: Closed position 12345
2026-03-28 18:24:34  INFO      MT5Executor: SIMULATION: Partial close 40% of #12345
2026-03-28 18:24:34  INFO      TrailingStopManager: [RISKY] PARTIAL TP BUY NASDAQ:NVDA #12345: 40% locked in at +1R (entry=150.00000 price=152.00000)
2026-03-28 18:24:34  INFO      TrailingStopManager: SL lock BUY  NASDAQ:NVDA #12345 [stage 1]: 148.00000 → 150.00000  (entry=150.00000 price=152.00000 1R=2.00000)
2026-03-28 18:24:34  INFO      MT5Executor: SIMULATION: Modified SL for position 12345: 150.0
2026-03-28 18:24:35  INFO      TradingGraph: Running agents for NASDAQ:NVDA
2026-03-28 18:24:35  INFO      TradingGraph: Completed 14 agents
2026-03-28 18:24:35  INFO      TradingGraph: Fusing timeframe signals
2026-03-28 18:24:35  INFO      TradingGraph: Fusion: L=-0.648(csns=1.00), M=0.296(csns=0.67), S=0.130(csns=0.80), align_str=0.000
2026-03-28 18:24:35  INFO      TradingRunner: EXIT [NASDAQ:NVDA #12345 BUY  pnl=+200.00] — D1 flipped bearish (-0.648)
2026-03-28 18:24:35  INFO      MT5Executor: SIMULATION: Closed position 12345
2026-03-28 18:25:34  INFO      MT5Executor: SIMULATION: Partial close 40% of #12345
2026-03-28 18:25:34  INFO      TrailingStopManager: [RISKY] PARTIAL TP BUY NASDAQ:NVDA #12345: 40% locked in at +1R (entry=150.00000 price=152.00000)
2026-03-28 18:25:34  INFO      TrailingStopManager: SL lock BUY  NASDAQ:NVDA #12345 [stage 1]: 148.00000 → 150.00000  (entry=150.00000 price=152.00000 1R=2.00000)
2026-03-28 18:25:34  INFO      MT5Executor: SIMULATION: Modified SL for position 12345: 150.0
2026-03-28 18:25:35  INFO      TradingGraph: Running agents for NASDAQ:NVDA
2026-03-28 18:25:35  INFO      TradingGraph: Completed 14 agents
2026-03-28 18:25:35  INFO      TradingGraph: Fusing timeframe signals
2026-03-28 18:25:35  INFO      TradingGraph: Fusion: L=-0.648(csns=1.00), M=0.296(csns=0.67), S=0.130(csns=0.80), align_str=0.000
2026-03-28 18:25:35  INFO      TradingRunner: EXIT [NASDAQ:NVDA #12345 BUY  pnl=+200.00] — D1 flipped bearish (-0.648)
2026-03-28 18:25:35  INFO      MT5Executor: SIMULATION: Closed position 12345
2026-03-28 18:26:35  INFO      MT5Executor: SIMULATION: Partial close 40% of #12345
2026-03-28 18:26:35  INFO      TrailingStopManager: [RISKY] PARTIAL TP BUY NASDAQ:NVDA #12345: 40% locked in at +1R (entry=150.00000 price=152.00000)
2026-03-28 18:26:35  INFO      TrailingStopManager: SL lock BUY  NASDAQ:NVDA #12345 [stage 1]: 148.00000 → 150.00000  (entry=150.00000 price=152.00000 1R=2.00000)
2026-03-28 18:26:35  INFO      MT5Executor: SIMULATION: Modified SL for position 12345: 150.0
2026-03-28 18:26:35  INFO      TradingGraph: Running agents for NASDAQ:NVDA
2026-03-28 18:26:35  INFO      TradingGraph: Completed 14 agents
2026-03-28 18:26:35  INFO      TradingGraph: Fusing timeframe signals
2026-03-28 18:26:35  INFO      TradingGraph: Fusion: L=-0.658(csns=1.00), M=0.569(csns=1.00), S=0.103(csns=0.75), align_str=0.000
2026-03-28 18:26:35  INFO      TradingRunner: EXIT [NASDAQ:NVDA #12345 BUY  pnl=+200.00] — D1 flipped bearish (-0.658)
2026-03-28 18:26:35  INFO      MT5Executor: SIMULATION: Closed position 12345
2026-03-28 18:27:35  INFO      MT5Executor: SIMULATION: Partial close 40% of #12345
2026-03-28 18:27:35  INFO      TrailingStopManager: [RISKY] PARTIAL TP BUY NASDAQ:NVDA #12345: 40% locked in at +1R (entry=150.00000 price=152.00000)
2026-03-28 18:27:35  INFO      TrailingStopManager: SL lock BUY  NASDAQ:NVDA #12345 [stage 1]: 148.00000 → 150.00000  (entry=150.00000 price=152.00000 1R=2.00000)
2026-03-28 18:27:35  INFO      MT5Executor: SIMULATION: Modified SL for position 12345: 150.0
2026-03-28 18:27:35  INFO      TradingGraph: Running agents for NASDAQ:NVDA
2026-03-28 18:27:35  INFO      TradingGraph: Completed 14 agents
2026-03-28 18:27:35  INFO      TradingGraph: Fusing timeframe signals
2026-03-28 18:27:35  INFO      TradingGraph: Fusion: L=-0.619(csns=1.00), M=0.227(csns=0.67), S=0.140(csns=0.50), align_str=0.000
2026-03-28 18:27:35  INFO      TradingRunner: EXIT [NASDAQ:NVDA #12345 BUY  pnl=+200.00] — D1 flipped bearish (-0.619)
2026-03-28 18:27:35  INFO      MT5Executor: SIMULATION: Closed position 12345
2026-03-28 18:28:28  WARNING   TradingRunner: Max daily trades (6) reached — no further entries today
2026-03-28 18:28:28  INFO      TradingRunner: PnL — unrealized: +200.00  realized today: +0.00  total: +200.00
2026-03-28 18:28:28  INFO      TradingRunner: Signal cycle done in 3.0s — sleeping 297s
2026-03-28 18:28:35  INFO      MT5Executor: SIMULATION: Partial close 40% of #12345
2026-03-28 18:28:35  INFO      TrailingStopManager: [RISKY] PARTIAL TP BUY NASDAQ:NVDA #12345: 40% locked in at +1R (entry=150.00000 price=152.00000)
2026-03-28 18:28:35  INFO      TrailingStopManager: SL lock BUY  NASDAQ:NVDA #12345 [stage 1]: 148.00000 → 150.00000  (entry=150.00000 price=152.00000 1R=2.00000)
2026-03-28 18:28:35  INFO      MT5Executor: SIMULATION: Modified SL for position 12345: 150.0
2026-03-28 18:28:35  INFO      TradingGraph: Running agents for NASDAQ:NVDA
2026-03-28 18:28:35  INFO      TradingGraph: Completed 14 agents
2026-03-28 18:28:35  INFO      TradingGraph: Fusing timeframe signals
2026-03-28 18:28:35  INFO      TradingGraph: Fusion: L=-0.619(csns=1.00), M=-0.009(csns=0.67), S=0.038(csns=0.40), align_str=0.000
2026-03-28 18:28:35  INFO      TradingRunner: EXIT [NASDAQ:NVDA #12345 BUY  pnl=+200.00] — D1 flipped bearish (-0.619)
2026-03-28 18:28:35  INFO      MT5Executor: SIMULATION: Closed position 12345
2026-03-28 18:29:35  INFO      MT5Executor: SIMULATION: Partial close 40% of #12345
2026-03-28 18:29:35  INFO      TrailingStopManager: [RISKY] PARTIAL TP BUY NASDAQ:NVDA #12345: 40% locked in at +1R (entry=150.00000 price=152.00000)
2026-03-28 18:29:35  INFO      TrailingStopManager: SL lock BUY  NASDAQ:NVDA #12345 [stage 1]: 148.00000 → 150.00000  (entry=150.00000 price=152.00000 1R=2.00000)
2026-03-28 18:29:35  INFO      MT5Executor: SIMULATION: Modified SL for position 12345: 150.0
2026-03-28 18:29:35  INFO      TradingGraph: Running agents for NASDAQ:NVDA
2026-03-28 18:29:35  INFO      TradingGraph: Completed 14 agents
2026-03-28 18:29:35  INFO      TradingGraph: Fusing timeframe signals
2026-03-28 18:29:35  INFO      TradingGraph: Fusion: L=-0.648(csns=1.00), M=0.296(csns=0.67), S=0.130(csns=0.80), align_str=0.000
2026-03-28 18:29:35  INFO      TradingRunner: EXIT [NASDAQ:NVDA #12345 BUY  pnl=+200.00] — D1 flipped bearish (-0.648)
2026-03-28 18:29:35  INFO      MT5Executor: SIMULATION: Closed position 12345
2026-03-28 18:30:35  INFO      MT5Executor: SIMULATION: Partial close 40% of #12345
2026-03-28 18:30:35  INFO      TrailingStopManager: [RISKY] PARTIAL TP BUY NASDAQ:NVDA #12345: 40% locked in at +1R (entry=150.00000 price=152.00000)
2026-03-28 18:30:35  INFO      TrailingStopManager: SL lock BUY  NASDAQ:NVDA #12345 [stage 1]: 148.00000 → 150.00000  (entry=150.00000 price=152.00000 1R=2.00000)
2026-03-28 18:30:35  INFO      MT5Executor: SIMULATION: Modified SL for position 12345: 150.0
2026-03-28 18:30:35  INFO      TradingGraph: Running agents for NASDAQ:NVDA
2026-03-28 18:30:35  INFO      TradingGraph: Completed 14 agents
2026-03-28 18:30:35  INFO      TradingGraph: Fusing timeframe signals
2026-03-28 18:30:35  INFO      TradingGraph: Fusion: L=-0.622(csns=1.00), M=0.262(csns=1.00), S=0.053(csns=0.40), align_str=0.000
2026-03-28 18:30:35  INFO      TradingRunner: EXIT [NASDAQ:NVDA #12345 BUY  pnl=+200.00] — D1 flipped bearish (-0.622)
2026-03-28 18:30:35  INFO      MT5Executor: SIMULATION: Closed position 12345
2026-03-28 18:31:05  INFO      TradingRunner: [WATCHDOG] alive | equity=100200.0 | cycle=68 | profile=risky
2026-03-28 18:31:35  INFO      MT5Executor: SIMULATION: Partial close 40% of #12345
2026-03-28 18:31:35  INFO      TrailingStopManager: [RISKY] PARTIAL TP BUY NASDAQ:NVDA #12345: 40% locked in at +1R (entry=150.00000 price=152.00000)
2026-03-28 18:31:35  INFO      TrailingStopManager: SL lock BUY  NASDAQ:NVDA #12345 [stage 1]: 148.00000 → 150.00000  (entry=150.00000 price=152.00000 1R=2.00000)
2026-03-28 18:31:35  INFO      MT5Executor: SIMULATION: Modified SL for position 12345: 150.0
2026-03-28 18:31:35  INFO      TradingGraph: Running agents for NASDAQ:NVDA
2026-03-28 18:31:35  INFO      TradingGraph: Completed 14 agents
2026-03-28 18:31:35  INFO      TradingGraph: Fusing timeframe signals
2026-03-28 18:31:35  INFO      TradingGraph: Fusion: L=-0.622(csns=1.00), M=0.262(csns=1.00), S=0.053(csns=0.40), align_str=0.000
2026-03-28 18:31:35  INFO      TradingRunner: EXIT [NASDAQ:NVDA #12345 BUY  pnl=+200.00] — D1 flipped bearish (-0.622)
2026-03-28 18:31:35  INFO      MT5Executor: SIMULATION: Closed position 12345
2026-03-28 18:32:35  INFO      MT5Executor: SIMULATION: Partial close 40% of #12345
2026-03-28 18:32:35  INFO      TrailingStopManager: [RISKY] PARTIAL TP BUY NASDAQ:NVDA #12345: 40% locked in at +1R (entry=150.00000 price=152.00000)
2026-03-28 18:32:35  INFO      TrailingStopManager: SL lock BUY  NASDAQ:NVDA #12345 [stage 1]: 148.00000 → 150.00000  (entry=150.00000 price=152.00000 1R=2.00000)
2026-03-28 18:32:35  INFO      MT5Executor: SIMULATION: Modified SL for position 12345: 150.0
2026-03-28 18:32:35  INFO      TradingGraph: Running agents for NASDAQ:NVDA
2026-03-28 18:32:35  INFO      TradingGraph: Completed 14 agents
2026-03-28 18:32:35  INFO      TradingGraph: Fusing timeframe signals
2026-03-28 18:32:35  INFO      TradingGraph: Fusion: L=-0.619(csns=1.00), M=0.227(csns=0.67), S=0.140(csns=0.50), align_str=0.000
2026-03-28 18:32:35  INFO      TradingRunner: EXIT [NASDAQ:NVDA #12345 BUY  pnl=+200.00] — D1 flipped bearish (-0.619)
2026-03-28 18:32:35  INFO      MT5Executor: SIMULATION: Closed position 12345
2026-03-28 18:33:28  WARNING   TradingRunner: Max daily trades (6) reached — no further entries today
2026-03-28 18:33:28  INFO      TradingRunner: PnL — unrealized: +200.00  realized today: +0.00  total: +200.00
2026-03-28 18:33:28  INFO      TradingRunner: Signal cycle done in 2.9s — sleeping 297s
2026-03-28 18:33:35  INFO      MT5Executor: SIMULATION: Partial close 40% of #12345
2026-03-28 18:33:35  INFO      TrailingStopManager: [RISKY] PARTIAL TP BUY NASDAQ:NVDA #12345: 40% locked in at +1R (entry=150.00000 price=152.00000)
2026-03-28 18:33:35  INFO      TrailingStopManager: SL lock BUY  NASDAQ:NVDA #12345 [stage 1]: 148.00000 → 150.00000  (entry=150.00000 price=152.00000 1R=2.00000)
2026-03-28 18:33:35  INFO      MT5Executor: SIMULATION: Modified SL for position 12345: 150.0
2026-03-28 18:33:35  INFO      TradingGraph: Running agents for NASDAQ:NVDA
2026-03-28 18:33:35  INFO      TradingGraph: Completed 14 agents
2026-03-28 18:33:35  INFO      TradingGraph: Fusing timeframe signals
2026-03-28 18:33:35  INFO      TradingGraph: Fusion: L=-0.611(csns=1.00), M=-0.352(csns=1.00), S=0.114(csns=0.75), align_str=0.000
2026-03-28 18:33:35  INFO      TradingRunner: EXIT [NASDAQ:NVDA #12345 BUY  pnl=+200.00] — D1 flipped bearish (-0.611)
2026-03-28 18:33:35  INFO      MT5Executor: SIMULATION: Closed position 12345
2026-03-28 18:34:35  INFO      MT5Executor: SIMULATION: Partial close 40% of #12345
2026-03-28 18:34:35  INFO      TrailingStopManager: [RISKY] PARTIAL TP BUY NASDAQ:NVDA #12345: 40% locked in at +1R (entry=150.00000 price=152.00000)
2026-03-28 18:34:35  INFO      TrailingStopManager: SL lock BUY  NASDAQ:NVDA #12345 [stage 1]: 148.00000 → 150.00000  (entry=150.00000 price=152.00000 1R=2.00000)
2026-03-28 18:34:35  INFO      MT5Executor: SIMULATION: Modified SL for position 12345: 150.0
2026-03-28 18:34:35  INFO      TradingGraph: Running agents for NASDAQ:NVDA
2026-03-28 18:34:35  INFO      TradingGraph: Completed 14 agents
2026-03-28 18:34:35  INFO      TradingGraph: Fusing timeframe signals
2026-03-28 18:34:35  INFO      TradingGraph: Fusion: L=-0.622(csns=1.00), M=0.262(csns=1.00), S=0.053(csns=0.40), align_str=0.000
2026-03-28 18:34:35  INFO      TradingRunner: EXIT [NASDAQ:NVDA #12345 BUY  pnl=+200.00] — D1 flipped bearish (-0.622)
2026-03-28 18:34:35  INFO      MT5Executor: SIMULATION: Closed position 12345
2026-03-28 18:35:35  INFO      MT5Executor: SIMULATION: Partial close 40% of #12345
2026-03-28 18:35:35  INFO      TrailingStopManager: [RISKY] PARTIAL TP BUY NASDAQ:NVDA #12345: 40% locked in at +1R (entry=150.00000 price=152.00000)
2026-03-28 18:35:35  INFO      TrailingStopManager: SL lock BUY  NASDAQ:NVDA #12345 [stage 1]: 148.00000 → 150.00000  (entry=150.00000 price=152.00000 1R=2.00000)
2026-03-28 18:35:35  INFO      MT5Executor: SIMULATION: Modified SL for position 12345: 150.0
2026-03-28 18:35:35  INFO      TradingGraph: Running agents for NASDAQ:NVDA
2026-03-28 18:35:35  INFO      TradingGraph: Completed 14 agents
2026-03-28 18:35:35  INFO      TradingGraph: Fusing timeframe signals
2026-03-28 18:35:35  INFO      TradingGraph: Fusion: L=-0.622(csns=1.00), M=0.262(csns=1.00), S=0.053(csns=0.40), align_str=0.000
2026-03-28 18:35:35  INFO      TradingRunner: EXIT [NASDAQ:NVDA #12345 BUY  pnl=+200.00] — D1 flipped bearish (-0.622)
2026-03-28 18:35:35  INFO      MT5Executor: SIMULATION: Closed position 12345
2026-03-28 18:36:35  INFO      MT5Executor: SIMULATION: Partial close 40% of #12345
2026-03-28 18:36:35  INFO      TrailingStopManager: [RISKY] PARTIAL TP BUY NASDAQ:NVDA #12345: 40% locked in at +1R (entry=150.00000 price=152.00000)
2026-03-28 18:36:35  INFO      TrailingStopManager: SL lock BUY  NASDAQ:NVDA #12345 [stage 1]: 148.00000 → 150.00000  (entry=150.00000 price=152.00000 1R=2.00000)
2026-03-28 18:36:35  INFO      MT5Executor: SIMULATION: Modified SL for position 12345: 150.0
2026-03-28 18:36:35  INFO      TradingGraph: Running agents for NASDAQ:NVDA
2026-03-28 18:36:35  INFO      TradingGraph: Completed 14 agents
2026-03-28 18:36:35  INFO      TradingGraph: Fusing timeframe signals
2026-03-28 18:36:35  INFO      TradingGraph: Fusion: L=-0.653(csns=1.00), M=-0.124(csns=1.00), S=-0.063(csns=0.50), align_str=0.172
2026-03-28 18:36:35  INFO      TradingRunner: EXIT [NASDAQ:NVDA #12345 BUY  pnl=+200.00] — D1 flipped bearish (-0.653)
2026-03-28 18:36:35  INFO      MT5Executor: SIMULATION: Closed position 12345
2026-03-28 18:37:35  INFO      MT5Executor: SIMULATION: Partial close 40% of #12345
2026-03-28 18:37:35  INFO      TrailingStopManager: [RISKY] PARTIAL TP BUY NASDAQ:NVDA #12345: 40% locked in at +1R (entry=150.00000 price=152.00000)
2026-03-28 18:37:35  INFO      TrailingStopManager: SL lock BUY  NASDAQ:NVDA #12345 [stage 1]: 148.00000 → 150.00000  (entry=150.00000 price=152.00000 1R=2.00000)
2026-03-28 18:37:35  INFO      MT5Executor: SIMULATION: Modified SL for position 12345: 150.0
2026-03-28 18:37:35  INFO      TradingGraph: Running agents for NASDAQ:NVDA
2026-03-28 18:37:35  INFO      TradingGraph: Completed 14 agents
2026-03-28 18:37:35  INFO      TradingGraph: Fusing timeframe signals
2026-03-28 18:37:35  INFO      TradingGraph: Fusion: L=-0.658(csns=1.00), M=0.569(csns=1.00), S=0.103(csns=0.75), align_str=0.000
2026-03-28 18:37:35  INFO      TradingRunner: EXIT [NASDAQ:NVDA #12345 BUY  pnl=+200.00] — D1 flipped bearish (-0.658)
2026-03-28 18:37:35  INFO      MT5Executor: SIMULATION: Closed position 12345
2026-03-28 18:38:28  WARNING   TradingRunner: Max daily trades (6) reached — no further entries today
2026-03-28 18:38:28  INFO      TradingRunner: PnL — unrealized: +200.00  realized today: +0.00  total: +200.00
2026-03-28 18:38:28  INFO      TradingRunner: Signal cycle done in 3.6s — sleeping 296s
2026-03-28 18:38:35  INFO      MT5Executor: SIMULATION: Partial close 40% of #12345
2026-03-28 18:38:35  INFO      TrailingStopManager: [RISKY] PARTIAL TP BUY NASDAQ:NVDA #12345: 40% locked in at +1R (entry=150.00000 price=152.00000)
2026-03-28 18:38:35  INFO      TrailingStopManager: SL lock BUY  NASDAQ:NVDA #12345 [stage 1]: 148.00000 → 150.00000  (entry=150.00000 price=152.00000 1R=2.00000)
2026-03-28 18:38:35  INFO      MT5Executor: SIMULATION: Modified SL for position 12345: 150.0
2026-03-28 18:38:35  INFO      TradingGraph: Running agents for NASDAQ:NVDA
2026-03-28 18:38:35  INFO      TradingGraph: Completed 14 agents
2026-03-28 18:38:35  INFO      TradingGraph: Fusing timeframe signals
2026-03-28 18:38:35  INFO      TradingGraph: Fusion: L=-0.658(csns=1.00), M=0.569(csns=1.00), S=0.103(csns=0.75), align_str=0.000
2026-03-28 18:38:35  INFO      TradingRunner: EXIT [NASDAQ:NVDA #12345 BUY  pnl=+200.00] — D1 flipped bearish (-0.658)
2026-03-28 18:38:35  INFO      MT5Executor: SIMULATION: Closed position 12345
2026-03-28 18:39:35  INFO      MT5Executor: SIMULATION: Partial close 40% of #12345
2026-03-28 18:39:35  INFO      TrailingStopManager: [RISKY] PARTIAL TP BUY NASDAQ:NVDA #12345: 40% locked in at +1R (entry=150.00000 price=152.00000)
2026-03-28 18:39:35  INFO      TrailingStopManager: SL lock BUY  NASDAQ:NVDA #12345 [stage 1]: 148.00000 → 150.00000  (entry=150.00000 price=152.00000 1R=2.00000)
2026-03-28 18:39:35  INFO      MT5Executor: SIMULATION: Modified SL for position 12345: 150.0
2026-03-28 18:39:35  INFO      TradingGraph: Running agents for NASDAQ:NVDA
2026-03-28 18:39:35  INFO      TradingGraph: Completed 14 agents
2026-03-28 18:39:35  INFO      TradingGraph: Fusing timeframe signals
2026-03-28 18:39:35  INFO      TradingGraph: Fusion: L=-0.614(csns=1.00), M=-0.375(csns=1.00), S=0.124(csns=0.75), align_str=0.000
2026-03-28 18:39:35  INFO      TradingRunner: EXIT [NASDAQ:NVDA #12345 BUY  pnl=+200.00] — D1 flipped bearish (-0.614)
2026-03-28 18:39:35  INFO      MT5Executor: SIMULATION: Closed position 12345
2026-03-28 18:40:35  INFO      MT5Executor: SIMULATION: Partial close 40% of #12345
2026-03-28 18:40:35  INFO      TrailingStopManager: [RISKY] PARTIAL TP BUY NASDAQ:NVDA #12345: 40% locked in at +1R (entry=150.00000 price=152.00000)
2026-03-28 18:40:35  INFO      TrailingStopManager: SL lock BUY  NASDAQ:NVDA #12345 [stage 1]: 148.00000 → 150.00000  (entry=150.00000 price=152.00000 1R=2.00000)
2026-03-28 18:40:35  INFO      MT5Executor: SIMULATION: Modified SL for position 12345: 150.0
2026-03-28 18:40:35  INFO      TradingGraph: Running agents for NASDAQ:NVDA
2026-03-28 18:40:35  INFO      TradingGraph: Completed 14 agents
2026-03-28 18:40:35  INFO      TradingGraph: Fusing timeframe signals
2026-03-28 18:40:35  INFO      TradingGraph: Fusion: L=-0.622(csns=1.00), M=-0.001(csns=0.50), S=0.009(csns=0.60), align_str=0.000
2026-03-28 18:40:35  INFO      TradingRunner: EXIT [NASDAQ:NVDA #12345 BUY  pnl=+200.00] — D1 flipped bearish (-0.622)
2026-03-28 18:40:35  INFO      MT5Executor: SIMULATION: Closed position 12345
2026-03-28 18:41:35  INFO      MT5Executor: SIMULATION: Partial close 40% of #12345
2026-03-28 18:41:35  INFO      TrailingStopManager: [RISKY] PARTIAL TP BUY NASDAQ:NVDA #12345: 40% locked in at +1R (entry=150.00000 price=152.00000)
2026-03-28 18:41:35  INFO      TrailingStopManager: SL lock BUY  NASDAQ:NVDA #12345 [stage 1]: 148.00000 → 150.00000  (entry=150.00000 price=152.00000 1R=2.00000)
2026-03-28 18:41:35  INFO      MT5Executor: SIMULATION: Modified SL for position 12345: 150.0
2026-03-28 18:41:35  INFO      TradingGraph: Running agents for NASDAQ:NVDA
2026-03-28 18:41:35  INFO      TradingRunner: [WATCHDOG] alive | equity=100200.0 | cycle=70 | profile=risky
2026-03-28 18:41:35  INFO      TradingGraph: Completed 14 agents
2026-03-28 18:41:35  INFO      TradingGraph: Fusing timeframe signals
2026-03-28 18:41:35  INFO      TradingGraph: Fusion: L=-0.601(csns=1.00), M=-0.125(csns=1.00), S=0.015(csns=0.67), align_str=0.000
2026-03-28 18:41:35  INFO      TradingRunner: EXIT [NASDAQ:NVDA #12345 BUY  pnl=+200.00] — D1 flipped bearish (-0.601)
2026-03-28 18:41:35  INFO      MT5Executor: SIMULATION: Closed position 12345
2026-03-28 18:42:35  INFO      MT5Executor: SIMULATION: Partial close 40% of #12345
2026-03-28 18:42:35  INFO      TrailingStopManager: [RISKY] PARTIAL TP BUY NASDAQ:NVDA #12345: 40% locked in at +1R (entry=150.00000 price=152.00000)
2026-03-28 18:42:35  INFO      TrailingStopManager: SL lock BUY  NASDAQ:NVDA #12345 [stage 1]: 148.00000 → 150.00000  (entry=150.00000 price=152.00000 1R=2.00000)
2026-03-28 18:42:35  INFO      MT5Executor: SIMULATION: Modified SL for position 12345: 150.0
2026-03-28 18:42:35  INFO      TradingGraph: Running agents for NASDAQ:NVDA
2026-03-28 18:42:35  INFO      TradingGraph: Completed 14 agents
2026-03-28 18:42:35  INFO      TradingGraph: Fusing timeframe signals
2026-03-28 18:42:35  INFO      TradingGraph: Fusion: L=-0.622(csns=1.00), M=0.001(csns=0.50), S=0.057(csns=0.40), align_str=0.000
2026-03-28 18:42:35  INFO      TradingRunner: EXIT [NASDAQ:NVDA #12345 BUY  pnl=+200.00] — D1 flipped bearish (-0.622)
2026-03-28 18:42:35  INFO      MT5Executor: SIMULATION: Closed position 12345
2026-03-28 18:43:27  WARNING   TradingRunner: Max daily trades (6) reached — no further entries today
2026-03-28 18:43:27  INFO      TradingRunner: PnL — unrealized: +200.00  realized today: +0.00  total: +200.00
2026-03-28 18:43:27  INFO      TradingRunner: Signal cycle done in 2.5s — sleeping 297s
2026-03-28 18:43:35  INFO      MT5Executor: SIMULATION: Partial close 40% of #12345
2026-03-28 18:43:35  INFO      TrailingStopManager: [RISKY] PARTIAL TP BUY NASDAQ:NVDA #12345: 40% locked in at +1R (entry=150.00000 price=152.00000)
2026-03-28 18:43:35  INFO      TrailingStopManager: SL lock BUY  NASDAQ:NVDA #12345 [stage 1]: 148.00000 → 150.00000  (entry=150.00000 price=152.00000 1R=2.00000)
2026-03-28 18:43:35  INFO      MT5Executor: SIMULATION: Modified SL for position 12345: 150.0
2026-03-28 18:43:35  INFO      TradingGraph: Running agents for NASDAQ:NVDA
2026-03-28 18:43:35  INFO      TradingGraph: Completed 14 agents
2026-03-28 18:43:35  INFO      TradingGraph: Fusing timeframe signals
2026-03-28 18:43:35  INFO      TradingGraph: Fusion: L=-0.619(csns=1.00), M=-0.009(csns=0.67), S=0.039(csns=0.40), align_str=0.000
2026-03-28 18:43:35  INFO      TradingRunner: EXIT [NASDAQ:NVDA #12345 BUY  pnl=+200.00] — D1 flipped bearish (-0.619)
2026-03-28 18:43:35  INFO      MT5Executor: SIMULATION: Closed position 12345
2026-03-28 18:44:35  INFO      MT5Executor: SIMULATION: Partial close 40% of #12345
2026-03-28 18:44:35  INFO      TrailingStopManager: [RISKY] PARTIAL TP BUY NASDAQ:NVDA #12345: 40% locked in at +1R (entry=150.00000 price=152.00000)
2026-03-28 18:44:35  INFO      TrailingStopManager: SL lock BUY  NASDAQ:NVDA #12345 [stage 1]: 148.00000 → 150.00000  (entry=150.00000 price=152.00000 1R=2.00000)
2026-03-28 18:44:35  INFO      MT5Executor: SIMULATION: Modified SL for position 12345: 150.0
2026-03-28 18:44:35  INFO      TradingGraph: Running agents for NASDAQ:NVDA
2026-03-28 18:44:35  INFO      TradingGraph: Completed 14 agents
2026-03-28 18:44:35  INFO      TradingGraph: Fusing timeframe signals
2026-03-28 18:44:35  INFO      TradingGraph: Fusion: L=-0.622(csns=1.00), M=-0.001(csns=0.50), S=0.009(csns=0.60), align_str=0.000
2026-03-28 18:44:35  INFO      TradingRunner: EXIT [NASDAQ:NVDA #12345 BUY  pnl=+200.00] — D1 flipped bearish (-0.622)
2026-03-28 18:44:35  INFO      MT5Executor: SIMULATION: Closed position 12345
2026-03-28 18:45:35  INFO      MT5Executor: SIMULATION: Partial close 40% of #12345
2026-03-28 18:45:35  INFO      TrailingStopManager: [RISKY] PARTIAL TP BUY NASDAQ:NVDA #12345: 40% locked in at +1R (entry=150.00000 price=152.00000)
2026-03-28 18:45:35  INFO      TrailingStopManager: SL lock BUY  NASDAQ:NVDA #12345 [stage 1]: 148.00000 → 150.00000  (entry=150.00000 price=152.00000 1R=2.00000)
2026-03-28 18:45:35  INFO      MT5Executor: SIMULATION: Modified SL for position 12345: 150.0
2026-03-28 18:45:36  INFO      TradingGraph: Running agents for NASDAQ:NVDA
2026-03-28 18:45:36  INFO      TradingGraph: Completed 14 agents
2026-03-28 18:45:36  INFO      TradingGraph: Fusing timeframe signals
2026-03-28 18:45:36  INFO      TradingGraph: Fusion: L=-0.634(csns=1.00), M=0.268(csns=1.00), S=0.011(csns=0.60), align_str=0.000
2026-03-28 18:45:36  INFO      TradingRunner: EXIT [NASDAQ:NVDA #12345 BUY  pnl=+200.00] — D1 flipped bearish (-0.634)
2026-03-28 18:45:36  INFO      MT5Executor: SIMULATION: Closed position 12345
2026-03-28 18:46:35  INFO      MT5Executor: SIMULATION: Partial close 40% of #12345
2026-03-28 18:46:35  INFO      TrailingStopManager: [RISKY] PARTIAL TP BUY NASDAQ:NVDA #12345: 40% locked in at +1R (entry=150.00000 price=152.00000)
2026-03-28 18:46:35  INFO      TrailingStopManager: SL lock BUY  NASDAQ:NVDA #12345 [stage 1]: 148.00000 → 150.00000  (entry=150.00000 price=152.00000 1R=2.00000)
2026-03-28 18:46:35  INFO      MT5Executor: SIMULATION: Modified SL for position 12345: 150.0
2026-03-28 18:46:36  INFO      TradingGraph: Running agents for NASDAQ:NVDA
2026-03-28 18:46:36  INFO      TradingGraph: Completed 14 agents
2026-03-28 18:46:36  INFO      TradingGraph: Fusing timeframe signals
2026-03-28 18:46:36  INFO      TradingGraph: Fusion: L=-0.619(csns=1.00), M=-0.009(csns=0.67), S=0.038(csns=0.40), align_str=0.000
2026-03-28 18:46:36  INFO      TradingRunner: EXIT [NASDAQ:NVDA #12345 BUY  pnl=+200.00] — D1 flipped bearish (-0.619)
2026-03-28 18:46:36  INFO      MT5Executor: SIMULATION: Closed position 12345
2026-03-28 18:47:35  INFO      MT5Executor: SIMULATION: Partial close 40% of #12345
2026-03-28 18:47:35  INFO      TrailingStopManager: [RISKY] PARTIAL TP BUY NASDAQ:NVDA #12345: 40% locked in at +1R (entry=150.00000 price=152.00000)
2026-03-28 18:47:35  INFO      TrailingStopManager: SL lock BUY  NASDAQ:NVDA #12345 [stage 1]: 148.00000 → 150.00000  (entry=150.00000 price=152.00000 1R=2.00000)
2026-03-28 18:47:35  INFO      MT5Executor: SIMULATION: Modified SL for position 12345: 150.0
2026-03-28 18:47:36  INFO      TradingGraph: Running agents for NASDAQ:NVDA
2026-03-28 18:47:36  INFO      TradingGraph: Completed 14 agents
2026-03-28 18:47:36  INFO      TradingGraph: Fusing timeframe signals
2026-03-28 18:47:36  INFO      TradingGraph: Fusion: L=-0.622(csns=1.00), M=0.262(csns=1.00), S=0.053(csns=0.40), align_str=0.000
2026-03-28 18:47:36  INFO      TradingRunner: EXIT [NASDAQ:NVDA #12345 BUY  pnl=+200.00] — D1 flipped bearish (-0.622)
2026-03-28 18:47:36  INFO      MT5Executor: SIMULATION: Closed position 12345
2026-03-28 18:48:28  WARNING   TradingRunner: Max daily trades (6) reached — no further entries today
2026-03-28 18:48:28  INFO      TradingRunner: PnL — unrealized: +200.00  realized today: +0.00  total: +200.00
2026-03-28 18:48:28  INFO      TradingRunner: Signal cycle done in 3.2s — sleeping 297s
2026-03-28 18:48:35  INFO      MT5Executor: SIMULATION: Partial close 40% of #12345
2026-03-28 18:48:35  INFO      TrailingStopManager: [RISKY] PARTIAL TP BUY NASDAQ:NVDA #12345: 40% locked in at +1R (entry=150.00000 price=152.00000)
2026-03-28 18:48:35  INFO      TrailingStopManager: SL lock BUY  NASDAQ:NVDA #12345 [stage 1]: 148.00000 → 150.00000  (entry=150.00000 price=152.00000 1R=2.00000)
2026-03-28 18:48:35  INFO      MT5Executor: SIMULATION: Modified SL for position 12345: 150.0
2026-03-28 18:48:36  INFO      TradingGraph: Running agents for NASDAQ:NVDA
2026-03-28 18:48:36  INFO      TradingGraph: Completed 14 agents
2026-03-28 18:48:36  INFO      TradingGraph: Fusing timeframe signals
2026-03-28 18:48:36  INFO      TradingGraph: Fusion: L=-0.657(csns=1.00), M=-0.098(csns=1.00), S=0.138(csns=0.83), align_str=0.000
2026-03-28 18:48:36  INFO      TradingRunner: EXIT [NASDAQ:NVDA #12345 BUY  pnl=+200.00] — D1 flipped bearish (-0.657)
2026-03-28 18:48:36  INFO      MT5Executor: SIMULATION: Closed position 12345
2026-03-28 18:49:35  INFO      MT5Executor: SIMULATION: Partial close 40% of #12345
2026-03-28 18:49:35  INFO      TrailingStopManager: [RISKY] PARTIAL TP BUY NASDAQ:NVDA #12345: 40% locked in at +1R (entry=150.00000 price=152.00000)
2026-03-28 18:49:35  INFO      TrailingStopManager: SL lock BUY  NASDAQ:NVDA #12345 [stage 1]: 148.00000 → 150.00000  (entry=150.00000 price=152.00000 1R=2.00000)
2026-03-28 18:49:36  INFO      MT5Executor: SIMULATION: Modified SL for position 12345: 150.0
2026-03-28 18:49:36  INFO      TradingGraph: Running agents for NASDAQ:NVDA
2026-03-28 18:49:36  INFO      TradingGraph: Completed 14 agents
2026-03-28 18:49:36  INFO      TradingGraph: Fusing timeframe signals
2026-03-28 18:49:36  INFO      TradingGraph: Fusion: L=-0.648(csns=1.00), M=0.296(csns=0.67), S=0.131(csns=0.80), align_str=0.000
2026-03-28 18:49:36  INFO      TradingRunner: EXIT [NASDAQ:NVDA #12345 BUY  pnl=+200.00] — D1 flipped bearish (-0.648)
2026-03-28 18:49:36  INFO      MT5Executor: SIMULATION: Closed position 12345
2026-03-28 18:50:36  INFO      MT5Executor: SIMULATION: Partial close 40% of #12345
2026-03-28 18:50:36  INFO      TrailingStopManager: [RISKY] PARTIAL TP BUY NASDAQ:NVDA #12345: 40% locked in at +1R (entry=150.00000 price=152.00000)
2026-03-28 18:50:36  INFO      TrailingStopManager: SL lock BUY  NASDAQ:NVDA #12345 [stage 1]: 148.00000 → 150.00000  (entry=150.00000 price=152.00000 1R=2.00000)
2026-03-28 18:50:36  INFO      MT5Executor: SIMULATION: Modified SL for position 12345: 150.0
2026-03-28 18:50:36  INFO      TradingGraph: Running agents for NASDAQ:NVDA
2026-03-28 18:50:36  INFO      TradingGraph: Completed 14 agents
2026-03-28 18:50:36  INFO      TradingGraph: Fusing timeframe signals
2026-03-28 18:50:36  INFO      TradingGraph: Fusion: L=-0.615(csns=1.00), M=-0.431(csns=1.00), S=0.013(csns=0.60), align_str=0.000
2026-03-28 18:50:36  INFO      TradingRunner: EXIT [NASDAQ:NVDA #12345 BUY  pnl=+200.00] — D1 flipped bearish (-0.615)
2026-03-28 18:50:36  INFO      MT5Executor: SIMULATION: Closed position 12345
2026-03-28 18:51:36  INFO      MT5Executor: SIMULATION: Partial close 40% of #12345
2026-03-28 18:51:36  INFO      TrailingStopManager: [RISKY] PARTIAL TP BUY NASDAQ:NVDA #12345: 40% locked in at +1R (entry=150.00000 price=152.00000)
2026-03-28 18:51:36  INFO      TrailingStopManager: SL lock BUY  NASDAQ:NVDA #12345 [stage 1]: 148.00000 → 150.00000  (entry=150.00000 price=152.00000 1R=2.00000)
2026-03-28 18:51:36  INFO      MT5Executor: SIMULATION: Modified SL for position 12345: 150.0
2026-03-28 18:51:36  INFO      TradingGraph: Running agents for NASDAQ:NVDA
2026-03-28 18:51:36  INFO      TradingGraph: Completed 14 agents
2026-03-28 18:51:36  INFO      TradingGraph: Fusing timeframe signals
2026-03-28 18:51:36  INFO      TradingGraph: Fusion: L=-0.622(csns=1.00), M=-0.001(csns=0.50), S=0.008(csns=0.60), align_str=0.000
2026-03-28 18:51:36  INFO      TradingRunner: EXIT [NASDAQ:NVDA #12345 BUY  pnl=+200.00] — D1 flipped bearish (-0.622)
2026-03-28 18:51:36  INFO      MT5Executor: SIMULATION: Closed position 12345
2026-03-28 18:52:06  INFO      TradingRunner: [WATCHDOG] alive | equity=100200.0 | cycle=72 | profile=risky
2026-03-28 18:52:36  INFO      MT5Executor: SIMULATION: Partial close 40% of #12345
2026-03-28 18:52:36  INFO      TrailingStopManager: [RISKY] PARTIAL TP BUY NASDAQ:NVDA #12345: 40% locked in at +1R (entry=150.00000 price=152.00000)
2026-03-28 18:52:36  INFO      TrailingStopManager: SL lock BUY  NASDAQ:NVDA #12345 [stage 1]: 148.00000 → 150.00000  (entry=150.00000 price=152.00000 1R=2.00000)
2026-03-28 18:52:36  INFO      MT5Executor: SIMULATION: Modified SL for position 12345: 150.0
2026-03-28 18:52:36  INFO      TradingGraph: Running agents for NASDAQ:NVDA
2026-03-28 18:52:36  INFO      TradingGraph: Completed 14 agents
2026-03-28 18:52:36  INFO      TradingGraph: Fusing timeframe signals
2026-03-28 18:52:36  INFO      TradingGraph: Fusion: L=-0.658(csns=1.00), M=0.569(csns=1.00), S=0.103(csns=0.75), align_str=0.000
2026-03-28 18:52:36  INFO      TradingRunner: EXIT [NASDAQ:NVDA #12345 BUY  pnl=+200.00] — D1 flipped bearish (-0.658)
2026-03-28 18:52:36  INFO      MT5Executor: SIMULATION: Closed position 12345
2026-03-28 18:53:27  WARNING   TradingRunner: Max daily trades (6) reached — no further entries today
2026-03-28 18:53:27  INFO      TradingRunner: PnL — unrealized: +200.00  realized today: +0.00  total: +200.00
2026-03-28 18:53:27  INFO      TradingRunner: Signal cycle done in 2.7s — sleeping 297s
2026-03-28 18:53:36  INFO      MT5Executor: SIMULATION: Partial close 40% of #12345
2026-03-28 18:53:36  INFO      TrailingStopManager: [RISKY] PARTIAL TP BUY NASDAQ:NVDA #12345: 40% locked in at +1R (entry=150.00000 price=152.00000)
2026-03-28 18:53:36  INFO      TrailingStopManager: SL lock BUY  NASDAQ:NVDA #12345 [stage 1]: 148.00000 → 150.00000  (entry=150.00000 price=152.00000 1R=2.00000)
2026-03-28 18:53:36  INFO      MT5Executor: SIMULATION: Modified SL for position 12345: 150.0
2026-03-28 18:53:36  INFO      TradingGraph: Running agents for NASDAQ:NVDA
2026-03-28 18:53:36  INFO      TradingGraph: Completed 14 agents
2026-03-28 18:53:36  INFO      TradingGraph: Fusing timeframe signals
2026-03-28 18:53:36  INFO      TradingGraph: Fusion: L=-0.633(csns=1.00), M=-0.221(csns=0.50), S=0.011(csns=0.67), align_str=0.000
2026-03-28 18:53:36  INFO      TradingRunner: EXIT [NASDAQ:NVDA #12345 BUY  pnl=+200.00] — D1 flipped bearish (-0.633)
2026-03-28 18:53:36  INFO      MT5Executor: SIMULATION: Closed position 12345
2026-03-28 18:54:36  INFO      MT5Executor: SIMULATION: Partial close 40% of #12345
2026-03-28 18:54:36  INFO      TrailingStopManager: [RISKY] PARTIAL TP BUY NASDAQ:NVDA #12345: 40% locked in at +1R (entry=150.00000 price=152.00000)
2026-03-28 18:54:36  INFO      TrailingStopManager: SL lock BUY  NASDAQ:NVDA #12345 [stage 1]: 148.00000 → 150.00000  (entry=150.00000 price=152.00000 1R=2.00000)
2026-03-28 18:54:36  INFO      MT5Executor: SIMULATION: Modified SL for position 12345: 150.0
2026-03-28 18:54:36  INFO      TradingGraph: Running agents for NASDAQ:NVDA
2026-03-28 18:54:36  INFO      TradingGraph: Completed 14 agents
2026-03-28 18:54:36  INFO      TradingGraph: Fusing timeframe signals
2026-03-28 18:54:36  INFO      TradingGraph: Fusion: L=-0.619(csns=1.00), M=0.227(csns=0.67), S=0.140(csns=0.50), align_str=0.000
2026-03-28 18:54:36  INFO      TradingRunner: EXIT [NASDAQ:NVDA #12345 BUY  pnl=+200.00] — D1 flipped bearish (-0.619)
2026-03-28 18:54:36  INFO      MT5Executor: SIMULATION: Closed position 12345
2026-03-28 18:55:36  INFO      MT5Executor: SIMULATION: Partial close 40% of #12345
2026-03-28 18:55:36  INFO      TrailingStopManager: [RISKY] PARTIAL TP BUY NASDAQ:NVDA #12345: 40% locked in at +1R (entry=150.00000 price=152.00000)
2026-03-28 18:55:36  INFO      TrailingStopManager: SL lock BUY  NASDAQ:NVDA #12345 [stage 1]: 148.00000 → 150.00000  (entry=150.00000 price=152.00000 1R=2.00000)
2026-03-28 18:55:36  INFO      MT5Executor: SIMULATION: Modified SL for position 12345: 150.0
2026-03-28 18:55:36  INFO      TradingGraph: Running agents for NASDAQ:NVDA
2026-03-28 18:55:36  INFO      TradingGraph: Completed 14 agents
2026-03-28 18:55:36  INFO      TradingGraph: Fusing timeframe signals
2026-03-28 18:55:36  INFO      TradingGraph: Fusion: L=-0.658(csns=1.00), M=0.569(csns=1.00), S=0.103(csns=0.75), align_str=0.000
2026-03-28 18:55:36  INFO      TradingRunner: EXIT [NASDAQ:NVDA #12345 BUY  pnl=+200.00] — D1 flipped bearish (-0.658)
2026-03-28 18:55:36  INFO      MT5Executor: SIMULATION: Closed position 12345
2026-03-28 18:56:36  INFO      MT5Executor: SIMULATION: Partial close 40% of #12345
2026-03-28 18:56:36  INFO      TrailingStopManager: [RISKY] PARTIAL TP BUY NASDAQ:NVDA #12345: 40% locked in at +1R (entry=150.00000 price=152.00000)
2026-03-28 18:56:36  INFO      TrailingStopManager: SL lock BUY  NASDAQ:NVDA #12345 [stage 1]: 148.00000 → 150.00000  (entry=150.00000 price=152.00000 1R=2.00000)
2026-03-28 18:56:36  INFO      MT5Executor: SIMULATION: Modified SL for position 12345: 150.0
2026-03-28 18:56:36  INFO      TradingGraph: Running agents for NASDAQ:NVDA
2026-03-28 18:56:36  INFO      TradingGraph: Completed 14 agents
2026-03-28 18:56:36  INFO      TradingGraph: Fusing timeframe signals
2026-03-28 18:56:36  INFO      TradingGraph: Fusion: L=-0.622(csns=1.00), M=0.252(csns=1.00), S=0.151(csns=0.86), align_str=0.000
2026-03-28 18:56:36  INFO      TradingRunner: EXIT [NASDAQ:NVDA #12345 BUY  pnl=+200.00] — D1 flipped bearish (-0.622)
2026-03-28 18:56:36  INFO      MT5Executor: SIMULATION: Closed position 12345
2026-03-28 18:57:36  INFO      MT5Executor: SIMULATION: Partial close 40% of #12345
2026-03-28 18:57:36  INFO      TrailingStopManager: [RISKY] PARTIAL TP BUY NASDAQ:NVDA #12345: 40% locked in at +1R (entry=150.00000 price=152.00000)
2026-03-28 18:57:36  INFO      TrailingStopManager: SL lock BUY  NASDAQ:NVDA #12345 [stage 1]: 148.00000 → 150.00000  (entry=150.00000 price=152.00000 1R=2.00000)
2026-03-28 18:57:36  INFO      MT5Executor: SIMULATION: Modified SL for position 12345: 150.0
2026-03-28 18:57:36  INFO      TradingGraph: Running agents for NASDAQ:NVDA
2026-03-28 18:57:36  INFO      TradingGraph: Completed 14 agents
2026-03-28 18:57:36  INFO      TradingGraph: Fusing timeframe signals
2026-03-28 18:57:36  INFO      TradingGraph: Fusion: L=-0.622(csns=1.00), M=0.262(csns=1.00), S=0.053(csns=0.40), align_str=0.000
2026-03-28 18:57:36  INFO      TradingRunner: EXIT [NASDAQ:NVDA #12345 BUY  pnl=+200.00] — D1 flipped bearish (-0.622)
2026-03-28 18:57:36  INFO      MT5Executor: SIMULATION: Closed position 12345
2026-03-28 18:58:29  WARNING   TradingRunner: Max daily trades (6) reached — no further entries today
2026-03-28 18:58:29  INFO      TradingRunner: PnL — unrealized: +200.00  realized today: +0.00  total: +200.00
2026-03-28 18:58:29  INFO      TradingRunner: Signal cycle done in 4.6s — sleeping 295s
2026-03-28 18:58:36  INFO      MT5Executor: SIMULATION: Partial close 40% of #12345
2026-03-28 18:58:36  INFO      TrailingStopManager: [RISKY] PARTIAL TP BUY NASDAQ:NVDA #12345: 40% locked in at +1R (entry=150.00000 price=152.00000)
2026-03-28 18:58:36  INFO      TrailingStopManager: SL lock BUY  NASDAQ:NVDA #12345 [stage 1]: 148.00000 → 150.00000  (entry=150.00000 price=152.00000 1R=2.00000)
2026-03-28 18:58:36  INFO      MT5Executor: SIMULATION: Modified SL for position 12345: 150.0
2026-03-28 18:58:36  INFO      TradingGraph: Running agents for NASDAQ:NVDA
2026-03-28 18:58:36  INFO      TradingGraph: Completed 14 agents
2026-03-28 18:58:36  INFO      TradingGraph: Fusing timeframe signals
2026-03-28 18:58:36  INFO      TradingGraph: Fusion: L=-0.623(csns=1.00), M=-0.007(csns=0.67), S=0.104(csns=0.50), align_str=0.000
2026-03-28 18:58:36  INFO      TradingRunner: EXIT [NASDAQ:NVDA #12345 BUY  pnl=+200.00] — D1 flipped bearish (-0.623)
2026-03-28 18:58:36  INFO      MT5Executor: SIMULATION: Closed position 12345
2026-03-28 18:59:36  INFO      MT5Executor: SIMULATION: Partial close 40% of #12345
2026-03-28 18:59:36  INFO      TrailingStopManager: [RISKY] PARTIAL TP BUY NASDAQ:NVDA #12345: 40% locked in at +1R (entry=150.00000 price=152.00000)
2026-03-28 18:59:36  INFO      TrailingStopManager: SL lock BUY  NASDAQ:NVDA #12345 [stage 1]: 148.00000 → 150.00000  (entry=150.00000 price=152.00000 1R=2.00000)
2026-03-28 18:59:36  INFO      MT5Executor: SIMULATION: Modified SL for position 12345: 150.0
2026-03-28 18:59:36  INFO      TradingGraph: Running agents for NASDAQ:NVDA
2026-03-28 18:59:36  INFO      TradingGraph: Completed 14 agents
2026-03-28 18:59:36  INFO      TradingGraph: Fusing timeframe signals
2026-03-28 18:59:36  INFO      TradingGraph: Fusion: L=-0.660(csns=1.00), M=0.581(csns=1.00), S=0.134(csns=0.83), align_str=0.000
2026-03-28 18:59:36  INFO      TradingRunner: EXIT [NASDAQ:NVDA #12345 BUY  pnl=+200.00] — D1 flipped bearish (-0.660)
2026-03-28 18:59:36  INFO      MT5Executor: SIMULATION: Closed position 12345
2026-03-28 19:00:36  INFO      MT5Executor: SIMULATION: Partial close 40% of #12345
2026-03-28 19:00:36  INFO      TrailingStopManager: [RISKY] PARTIAL TP BUY NASDAQ:NVDA #12345: 40% locked in at +1R (entry=150.00000 price=152.00000)
2026-03-28 19:00:36  INFO      TrailingStopManager: SL lock BUY  NASDAQ:NVDA #12345 [stage 1]: 148.00000 → 150.00000  (entry=150.00000 price=152.00000 1R=2.00000)
2026-03-28 19:00:36  INFO      MT5Executor: SIMULATION: Modified SL for position 12345: 150.0
2026-03-28 19:00:36  INFO      TradingGraph: Running agents for NASDAQ:NVDA
2026-03-28 19:00:36  INFO      TradingGraph: Completed 14 agents
2026-03-28 19:00:36  INFO      TradingGraph: Fusing timeframe signals
2026-03-28 19:00:36  INFO      TradingGraph: Fusion: L=-0.622(csns=1.00), M=-0.001(csns=0.50), S=0.007(csns=0.60), align_str=0.000
2026-03-28 19:00:36  INFO      TradingRunner: EXIT [NASDAQ:NVDA #12345 BUY  pnl=+200.00] — D1 flipped bearish (-0.622)
2026-03-28 19:00:36  INFO      MT5Executor: SIMULATION: Closed position 12345
2026-03-28 19:01:36  INFO      MT5Executor: SIMULATION: Partial close 40% of #12345
2026-03-28 19:01:36  INFO      TrailingStopManager: [RISKY] PARTIAL TP BUY NASDAQ:NVDA #12345: 40% locked in at +1R (entry=150.00000 price=152.00000)
2026-03-28 19:01:36  INFO      TrailingStopManager: SL lock BUY  NASDAQ:NVDA #12345 [stage 1]: 148.00000 → 150.00000  (entry=150.00000 price=152.00000 1R=2.00000)
2026-03-28 19:01:36  INFO      MT5Executor: SIMULATION: Modified SL for position 12345: 150.0
2026-03-28 19:01:36  INFO      TradingGraph: Running agents for NASDAQ:NVDA
2026-03-28 19:01:36  INFO      TradingGraph: Completed 14 agents
2026-03-28 19:01:36  INFO      TradingGraph: Fusing timeframe signals
2026-03-28 19:01:36  INFO      TradingGraph: Fusion: L=-0.622(csns=1.00), M=-0.001(csns=0.50), S=0.007(csns=0.60), align_str=0.000
2026-03-28 19:01:36  INFO      TradingRunner: EXIT [NASDAQ:NVDA #12345 BUY  pnl=+200.00] — D1 flipped bearish (-0.622)
2026-03-28 19:01:36  INFO      MT5Executor: SIMULATION: Closed position 12345
2026-03-28 19:02:36  INFO      MT5Executor: SIMULATION: Partial close 40% of #12345
2026-03-28 19:02:36  INFO      TrailingStopManager: [RISKY] PARTIAL TP BUY NASDAQ:NVDA #12345: 40% locked in at +1R (entry=150.00000 price=152.00000)
2026-03-28 19:02:36  INFO      TrailingStopManager: SL lock BUY  NASDAQ:NVDA #12345 [stage 1]: 148.00000 → 150.00000  (entry=150.00000 price=152.00000 1R=2.00000)
2026-03-28 19:02:36  INFO      MT5Executor: SIMULATION: Modified SL for position 12345: 150.0
2026-03-28 19:02:36  INFO      TradingGraph: Running agents for NASDAQ:NVDA
2026-03-28 19:02:36  INFO      TradingRunner: [WATCHDOG] alive | equity=100200.0 | cycle=74 | profile=risky
2026-03-28 19:02:36  INFO      TradingGraph: Completed 14 agents
2026-03-28 19:02:36  INFO      TradingGraph: Fusing timeframe signals
2026-03-28 19:02:36  INFO      TradingGraph: Fusion: L=-0.622(csns=1.00), M=0.262(csns=1.00), S=0.053(csns=0.40), align_str=0.000
2026-03-28 19:02:36  INFO      TradingRunner: EXIT [NASDAQ:NVDA #12345 BUY  pnl=+200.00] — D1 flipped bearish (-0.622)
2026-03-28 19:02:36  INFO      MT5Executor: SIMULATION: Closed position 12345
2026-03-28 19:03:28  WARNING   TradingRunner: Max daily trades (6) reached — no further entries today
2026-03-28 19:03:28  INFO      TradingRunner: PnL — unrealized: +200.00  realized today: +0.00  total: +200.00
2026-03-28 19:03:28  INFO      TradingRunner: Signal cycle done in 2.6s — sleeping 297s
2026-03-28 19:03:36  INFO      MT5Executor: SIMULATION: Partial close 40% of #12345
2026-03-28 19:03:36  INFO      TrailingStopManager: [RISKY] PARTIAL TP BUY NASDAQ:NVDA #12345: 40% locked in at +1R (entry=150.00000 price=152.00000)
2026-03-28 19:03:36  INFO      TrailingStopManager: SL lock BUY  NASDAQ:NVDA #12345 [stage 1]: 148.00000 → 150.00000  (entry=150.00000 price=152.00000 1R=2.00000)
2026-03-28 19:03:36  INFO      MT5Executor: SIMULATION: Modified SL for position 12345: 150.0
2026-03-28 19:03:36  INFO      TradingGraph: Running agents for NASDAQ:NVDA
2026-03-28 19:03:36  INFO      TradingGraph: Completed 14 agents
2026-03-28 19:03:36  INFO      TradingGraph: Fusing timeframe signals
2026-03-28 19:03:36  INFO      TradingGraph: Fusion: L=-0.622(csns=1.00), M=0.001(csns=0.50), S=0.058(csns=0.40), align_str=0.000
2026-03-28 19:03:36  INFO      TradingRunner: EXIT [NASDAQ:NVDA #12345 BUY  pnl=+200.00] — D1 flipped bearish (-0.622)
2026-03-28 19:03:36  INFO      MT5Executor: SIMULATION: Closed position 12345
2026-03-28 19:04:36  INFO      MT5Executor: SIMULATION: Partial close 40% of #12345
2026-03-28 19:04:36  INFO      TrailingStopManager: [RISKY] PARTIAL TP BUY NASDAQ:NVDA #12345: 40% locked in at +1R (entry=150.00000 price=152.00000)
2026-03-28 19:04:36  INFO      TrailingStopManager: SL lock BUY  NASDAQ:NVDA #12345 [stage 1]: 148.00000 → 150.00000  (entry=150.00000 price=152.00000 1R=2.00000)
2026-03-28 19:04:36  INFO      MT5Executor: SIMULATION: Modified SL for position 12345: 150.0
2026-03-28 19:04:36  INFO      TradingGraph: Running agents for NASDAQ:NVDA
2026-03-28 19:04:36  INFO      TradingGraph: Completed 14 agents
2026-03-28 19:04:36  INFO      TradingGraph: Fusing timeframe signals
2026-03-28 19:04:36  INFO      TradingGraph: Fusion: L=-0.597(csns=1.00), M=-0.122(csns=1.00), S=0.023(csns=0.60), align_str=0.000
2026-03-28 19:04:36  INFO      TradingRunner: EXIT [NASDAQ:NVDA #12345 BUY  pnl=+200.00] — D1 flipped bearish (-0.597)
2026-03-28 19:04:36  INFO      MT5Executor: SIMULATION: Closed position 12345
2026-03-28 19:05:36  INFO      MT5Executor: SIMULATION: Partial close 40% of #12345
2026-03-28 19:05:36  INFO      TrailingStopManager: [RISKY] PARTIAL TP BUY NASDAQ:NVDA #12345: 40% locked in at +1R (entry=150.00000 price=152.00000)
2026-03-28 19:05:36  INFO      TrailingStopManager: SL lock BUY  NASDAQ:NVDA #12345 [stage 1]: 148.00000 → 150.00000  (entry=150.00000 price=152.00000 1R=2.00000)
2026-03-28 19:05:36  INFO      MT5Executor: SIMULATION: Modified SL for position 12345: 150.0
2026-03-28 19:05:36  INFO      TradingGraph: Running agents for NASDAQ:NVDA
2026-03-28 19:05:36  INFO      TradingGraph: Completed 14 agents
2026-03-28 19:05:36  INFO      TradingGraph: Fusing timeframe signals
2026-03-28 19:05:36  INFO      TradingGraph: Fusion: L=-0.618(csns=1.00), M=0.215(csns=1.00), S=0.039(csns=0.33), align_str=0.000
2026-03-28 19:05:36  INFO      TradingRunner: EXIT [NASDAQ:NVDA #12345 BUY  pnl=+200.00] — D1 flipped bearish (-0.618)
2026-03-28 19:05:36  INFO      MT5Executor: SIMULATION: Closed position 12345
2026-03-28 19:06:36  INFO      MT5Executor: SIMULATION: Partial close 40% of #12345
2026-03-28 19:06:36  INFO      TrailingStopManager: [RISKY] PARTIAL TP BUY NASDAQ:NVDA #12345: 40% locked in at +1R (entry=150.00000 price=152.00000)
2026-03-28 19:06:36  INFO      TrailingStopManager: SL lock BUY  NASDAQ:NVDA #12345 [stage 1]: 148.00000 → 150.00000  (entry=150.00000 price=152.00000 1R=2.00000)
2026-03-28 19:06:36  INFO      MT5Executor: SIMULATION: Modified SL for position 12345: 150.0
2026-03-28 19:06:36  INFO      TradingGraph: Running agents for NASDAQ:NVDA
2026-03-28 19:06:36  INFO      TradingGraph: Completed 14 agents
2026-03-28 19:06:36  INFO      TradingGraph: Fusing timeframe signals
2026-03-28 19:06:36  INFO      TradingGraph: Fusion: L=-0.648(csns=1.00), M=0.296(csns=0.67), S=0.132(csns=0.80), align_str=0.000
2026-03-28 19:06:36  INFO      TradingRunner: EXIT [NASDAQ:NVDA #12345 BUY  pnl=+200.00] — D1 flipped bearish (-0.648)
2026-03-28 19:06:36  INFO      MT5Executor: SIMULATION: Closed position 12345
2026-03-28 19:07:36  INFO      MT5Executor: SIMULATION: Partial close 40% of #12345
2026-03-28 19:07:36  INFO      TrailingStopManager: [RISKY] PARTIAL TP BUY NASDAQ:NVDA #12345: 40% locked in at +1R (entry=150.00000 price=152.00000)
2026-03-28 19:07:36  INFO      TrailingStopManager: SL lock BUY  NASDAQ:NVDA #12345 [stage 1]: 148.00000 → 150.00000  (entry=150.00000 price=152.00000 1R=2.00000)
2026-03-28 19:07:36  INFO      MT5Executor: SIMULATION: Modified SL for position 12345: 150.0
2026-03-28 19:07:36  INFO      TradingGraph: Running agents for NASDAQ:NVDA
2026-03-28 19:07:36  INFO      TradingGraph: Completed 14 agents
2026-03-28 19:07:36  INFO      TradingGraph: Fusing timeframe signals
2026-03-28 19:07:36  INFO      TradingGraph: Fusion: L=-0.619(csns=1.00), M=0.227(csns=0.67), S=0.140(csns=0.50), align_str=0.000
2026-03-28 19:07:36  INFO      TradingRunner: EXIT [NASDAQ:NVDA #12345 BUY  pnl=+200.00] — D1 flipped bearish (-0.619)
2026-03-28 19:07:36  INFO      MT5Executor: SIMULATION: Closed position 12345
2026-03-28 19:08:28  WARNING   TradingRunner: Max daily trades (6) reached — no further entries today
2026-03-28 19:08:28  INFO      TradingRunner: PnL — unrealized: +200.00  realized today: +0.00  total: +200.00
2026-03-28 19:08:28  INFO      TradingRunner: Signal cycle done in 2.8s — sleeping 297s
2026-03-28 19:08:36  INFO      MT5Executor: SIMULATION: Partial close 40% of #12345
2026-03-28 19:08:36  INFO      TrailingStopManager: [RISKY] PARTIAL TP BUY NASDAQ:NVDA #12345: 40% locked in at +1R (entry=150.00000 price=152.00000)
2026-03-28 19:08:36  INFO      TrailingStopManager: SL lock BUY  NASDAQ:NVDA #12345 [stage 1]: 148.00000 → 150.00000  (entry=150.00000 price=152.00000 1R=2.00000)
2026-03-28 19:08:36  INFO      MT5Executor: SIMULATION: Modified SL for position 12345: 150.0
2026-03-28 19:08:36  INFO      TradingGraph: Running agents for NASDAQ:NVDA
2026-03-28 19:08:36  INFO      TradingGraph: Completed 14 agents
2026-03-28 19:08:36  INFO      TradingGraph: Fusing timeframe signals
2026-03-28 19:08:36  INFO      TradingGraph: Fusion: L=-0.619(csns=1.00), M=-0.009(csns=0.67), S=0.038(csns=0.40), align_str=0.000
2026-03-28 19:08:36  INFO      TradingRunner: EXIT [NASDAQ:NVDA #12345 BUY  pnl=+200.00] — D1 flipped bearish (-0.619)
2026-03-28 19:08:36  INFO      MT5Executor: SIMULATION: Closed position 12345
2026-03-28 19:09:36  INFO      MT5Executor: SIMULATION: Partial close 40% of #12345
2026-03-28 19:09:36  INFO      TrailingStopManager: [RISKY] PARTIAL TP BUY NASDAQ:NVDA #12345: 40% locked in at +1R (entry=150.00000 price=152.00000)
2026-03-28 19:09:36  INFO      TrailingStopManager: SL lock BUY  NASDAQ:NVDA #12345 [stage 1]: 148.00000 → 150.00000  (entry=150.00000 price=152.00000 1R=2.00000)
2026-03-28 19:09:36  INFO      MT5Executor: SIMULATION: Modified SL for position 12345: 150.0
2026-03-28 19:09:36  INFO      TradingGraph: Running agents for NASDAQ:NVDA
2026-03-28 19:09:36  INFO      TradingGraph: Completed 14 agents
2026-03-28 19:09:36  INFO      TradingGraph: Fusing timeframe signals
2026-03-28 19:09:36  INFO      TradingGraph: Fusion: L=-0.658(csns=1.00), M=0.569(csns=1.00), S=0.103(csns=0.75), align_str=0.000
2026-03-28 19:09:36  INFO      TradingRunner: EXIT [NASDAQ:NVDA #12345 BUY  pnl=+200.00] — D1 flipped bearish (-0.658)
2026-03-28 19:09:36  INFO      MT5Executor: SIMULATION: Closed position 12345
2026-03-28 19:10:36  INFO      MT5Executor: SIMULATION: Partial close 40% of #12345
2026-03-28 19:10:36  INFO      TrailingStopManager: [RISKY] PARTIAL TP BUY NASDAQ:NVDA #12345: 40% locked in at +1R (entry=150.00000 price=152.00000)
2026-03-28 19:10:36  INFO      TrailingStopManager: SL lock BUY  NASDAQ:NVDA #12345 [stage 1]: 148.00000 → 150.00000  (entry=150.00000 price=152.00000 1R=2.00000)
2026-03-28 19:10:36  INFO      MT5Executor: SIMULATION: Modified SL for position 12345: 150.0
2026-03-28 19:10:36  INFO      TradingGraph: Running agents for NASDAQ:NVDA
2026-03-28 19:10:36  INFO      TradingGraph: Completed 14 agents
2026-03-28 19:10:36  INFO      TradingGraph: Fusing timeframe signals
2026-03-28 19:10:36  INFO      TradingGraph: Fusion: L=-0.622(csns=1.00), M=0.001(csns=0.50), S=0.058(csns=0.40), align_str=0.000
2026-03-28 19:10:36  INFO      TradingRunner: EXIT [NASDAQ:NVDA #12345 BUY  pnl=+200.00] — D1 flipped bearish (-0.622)
2026-03-28 19:10:36  INFO      MT5Executor: SIMULATION: Closed position 12345
2026-03-28 19:11:36  INFO      MT5Executor: SIMULATION: Partial close 40% of #12345
2026-03-28 19:11:36  INFO      TrailingStopManager: [RISKY] PARTIAL TP BUY NASDAQ:NVDA #12345: 40% locked in at +1R (entry=150.00000 price=152.00000)
2026-03-28 19:11:36  INFO      TrailingStopManager: SL lock BUY  NASDAQ:NVDA #12345 [stage 1]: 148.00000 → 150.00000  (entry=150.00000 price=152.00000 1R=2.00000)
2026-03-28 19:11:36  INFO      MT5Executor: SIMULATION: Modified SL for position 12345: 150.0
2026-03-28 19:11:37  INFO      TradingGraph: Running agents for NASDAQ:NVDA
2026-03-28 19:11:37  INFO      TradingGraph: Completed 14 agents
2026-03-28 19:11:37  INFO      TradingGraph: Fusing timeframe signals
2026-03-28 19:11:37  INFO      TradingGraph: Fusion: L=-0.648(csns=1.00), M=0.432(csns=1.00), S=0.035(csns=0.40), align_str=0.000
2026-03-28 19:11:37  INFO      TradingRunner: EXIT [NASDAQ:NVDA #12345 BUY  pnl=+200.00] — D1 flipped bearish (-0.648)
2026-03-28 19:11:37  INFO      MT5Executor: SIMULATION: Closed position 12345
2026-03-28 19:12:37  INFO      MT5Executor: SIMULATION: Partial close 40% of #12345
2026-03-28 19:12:37  INFO      TrailingStopManager: [RISKY] PARTIAL TP BUY NASDAQ:NVDA #12345: 40% locked in at +1R (entry=150.00000 price=152.00000)
2026-03-28 19:12:37  INFO      TrailingStopManager: SL lock BUY  NASDAQ:NVDA #12345 [stage 1]: 148.00000 → 150.00000  (entry=150.00000 price=152.00000 1R=2.00000)
2026-03-28 19:12:37  INFO      MT5Executor: SIMULATION: Modified SL for position 12345: 150.0
2026-03-28 19:12:37  INFO      TradingGraph: Running agents for NASDAQ:NVDA
2026-03-28 19:12:37  INFO      TradingGraph: Completed 14 agents
2026-03-28 19:12:37  INFO      TradingGraph: Fusing timeframe signals
2026-03-28 19:12:37  INFO      TradingGraph: Fusion: L=-0.622(csns=1.00), M=-0.001(csns=0.50), S=0.007(csns=0.60), align_str=0.000
2026-03-28 19:12:37  INFO      TradingRunner: EXIT [NASDAQ:NVDA #12345 BUY  pnl=+200.00] — D1 flipped bearish (-0.622)
2026-03-28 19:12:37  INFO      MT5Executor: SIMULATION: Closed position 12345
2026-03-28 19:13:07  INFO      TradingRunner: [WATCHDOG] alive | equity=100200.0 | cycle=76 | profile=risky
2026-03-28 19:13:28  WARNING   TradingRunner: Max daily trades (6) reached — no further entries today
2026-03-28 19:13:28  INFO      TradingRunner: PnL — unrealized: +200.00  realized today: +0.00  total: +200.00
2026-03-28 19:13:28  INFO      TradingRunner: Signal cycle done in 3.2s — sleeping 297s
2026-03-28 19:13:37  INFO      MT5Executor: SIMULATION: Partial close 40% of #12345
2026-03-28 19:13:37  INFO      TrailingStopManager: [RISKY] PARTIAL TP BUY NASDAQ:NVDA #12345: 40% locked in at +1R (entry=150.00000 price=152.00000)
2026-03-28 19:13:37  INFO      TrailingStopManager: SL lock BUY  NASDAQ:NVDA #12345 [stage 1]: 148.00000 → 150.00000  (entry=150.00000 price=152.00000 1R=2.00000)
2026-03-28 19:13:37  INFO      MT5Executor: SIMULATION: Modified SL for position 12345: 150.0
2026-03-28 19:13:37  INFO      TradingGraph: Running agents for NASDAQ:NVDA
2026-03-28 19:13:37  INFO      TradingGraph: Completed 14 agents
2026-03-28 19:13:37  INFO      TradingGraph: Fusing timeframe signals
2026-03-28 19:13:37  INFO      TradingGraph: Fusion: L=-0.622(csns=1.00), M=-0.013(csns=0.50), S=0.095(csns=0.60), align_str=0.000
2026-03-28 19:13:37  INFO      TradingRunner: EXIT [NASDAQ:NVDA #12345 BUY  pnl=+200.00] — D1 flipped bearish (-0.622)
2026-03-28 19:13:37  INFO      MT5Executor: SIMULATION: Closed position 12345
2026-03-28 19:14:37  INFO      MT5Executor: SIMULATION: Partial close 40% of #12345
2026-03-28 19:14:37  INFO      TrailingStopManager: [RISKY] PARTIAL TP BUY NASDAQ:NVDA #12345: 40% locked in at +1R (entry=150.00000 price=152.00000)
2026-03-28 19:14:37  INFO      TrailingStopManager: SL lock BUY  NASDAQ:NVDA #12345 [stage 1]: 148.00000 → 150.00000  (entry=150.00000 price=152.00000 1R=2.00000)
2026-03-28 19:14:37  INFO      MT5Executor: SIMULATION: Modified SL for position 12345: 150.0
2026-03-28 19:14:37  INFO      TradingGraph: Running agents for NASDAQ:NVDA
2026-03-28 19:14:37  INFO      TradingGraph: Completed 14 agents
2026-03-28 19:14:37  INFO      TradingGraph: Fusing timeframe signals
2026-03-28 19:14:37  INFO      TradingGraph: Fusion: L=-0.619(csns=1.00), M=-0.009(csns=0.67), S=0.038(csns=0.40), align_str=0.000
2026-03-28 19:14:37  INFO      TradingRunner: EXIT [NASDAQ:NVDA #12345 BUY  pnl=+200.00] — D1 flipped bearish (-0.619)
2026-03-28 19:14:37  INFO      MT5Executor: SIMULATION: Closed position 12345
2026-03-28 19:15:37  INFO      MT5Executor: SIMULATION: Partial close 40% of #12345
2026-03-28 19:15:37  INFO      TrailingStopManager: [RISKY] PARTIAL TP BUY NASDAQ:NVDA #12345: 40% locked in at +1R (entry=150.00000 price=152.00000)
2026-03-28 19:15:37  INFO      TrailingStopManager: SL lock BUY  NASDAQ:NVDA #12345 [stage 1]: 148.00000 → 150.00000  (entry=150.00000 price=152.00000 1R=2.00000)
2026-03-28 19:15:37  INFO      MT5Executor: SIMULATION: Modified SL for position 12345: 150.0
2026-03-28 19:15:37  INFO      TradingGraph: Running agents for NASDAQ:NVDA
2026-03-28 19:15:37  INFO      TradingGraph: Completed 14 agents
2026-03-28 19:15:37  INFO      TradingGraph: Fusing timeframe signals
2026-03-28 19:15:37  INFO      TradingGraph: Fusion: L=-0.609(csns=1.00), M=-0.529(csns=1.00), S=0.074(csns=0.60), align_str=0.000
2026-03-28 19:15:37  INFO      TradingRunner: EXIT [NASDAQ:NVDA #12345 BUY  pnl=+200.00] — D1 flipped bearish (-0.609)
2026-03-28 19:15:37  INFO      MT5Executor: SIMULATION: Closed position 12345
2026-03-28 19:16:37  INFO      MT5Executor: SIMULATION: Partial close 40% of #12345
2026-03-28 19:16:37  INFO      TrailingStopManager: [RISKY] PARTIAL TP BUY NASDAQ:NVDA #12345: 40% locked in at +1R (entry=150.00000 price=152.00000)
2026-03-28 19:16:37  INFO      TrailingStopManager: SL lock BUY  NASDAQ:NVDA #12345 [stage 1]: 148.00000 → 150.00000  (entry=150.00000 price=152.00000 1R=2.00000)
2026-03-28 19:16:37  INFO      MT5Executor: SIMULATION: Modified SL for position 12345: 150.0
2026-03-28 19:16:37  INFO      TradingGraph: Running agents for NASDAQ:NVDA
2026-03-28 19:16:37  INFO      TradingGraph: Completed 14 agents
2026-03-28 19:16:37  INFO      TradingGraph: Fusing timeframe signals
2026-03-28 19:16:37  INFO      TradingGraph: Fusion: L=-0.623(csns=1.00), M=-0.007(csns=0.67), S=0.104(csns=0.50), align_str=0.000
2026-03-28 19:16:37  INFO      TradingRunner: EXIT [NASDAQ:NVDA #12345 BUY  pnl=+200.00] — D1 flipped bearish (-0.623)
2026-03-28 19:16:37  INFO      MT5Executor: SIMULATION: Closed position 12345
2026-03-28 19:17:37  INFO      MT5Executor: SIMULATION: Partial close 40% of #12345
2026-03-28 19:17:37  INFO      TrailingStopManager: [RISKY] PARTIAL TP BUY NASDAQ:NVDA #12345: 40% locked in at +1R (entry=150.00000 price=152.00000)
2026-03-28 19:17:37  INFO      TrailingStopManager: SL lock BUY  NASDAQ:NVDA #12345 [stage 1]: 148.00000 → 150.00000  (entry=150.00000 price=152.00000 1R=2.00000)
2026-03-28 19:17:37  INFO      MT5Executor: SIMULATION: Modified SL for position 12345: 150.0
2026-03-28 19:17:37  INFO      TradingGraph: Running agents for NASDAQ:NVDA
2026-03-28 19:17:37  INFO      TradingGraph: Completed 14 agents
2026-03-28 19:17:37  INFO      TradingGraph: Fusing timeframe signals
2026-03-28 19:17:37  INFO      TradingGraph: Fusion: L=-0.622(csns=1.00), M=0.001(csns=0.50), S=0.060(csns=0.40), align_str=0.000
2026-03-28 19:17:37  INFO      TradingRunner: EXIT [NASDAQ:NVDA #12345 BUY  pnl=+200.00] — D1 flipped bearish (-0.622)
2026-03-28 19:17:37  INFO      MT5Executor: SIMULATION: Closed position 12345
2026-03-28 19:18:28  WARNING   TradingRunner: Max daily trades (6) reached — no further entries today
2026-03-28 19:18:28  INFO      TradingRunner: PnL — unrealized: +200.00  realized today: +0.00  total: +200.00
2026-03-28 19:18:28  INFO      TradingRunner: Signal cycle done in 2.8s — sleeping 297s
2026-03-28 19:18:37  INFO      MT5Executor: SIMULATION: Partial close 40% of #12345
2026-03-28 19:18:37  INFO      TrailingStopManager: [RISKY] PARTIAL TP BUY NASDAQ:NVDA #12345: 40% locked in at +1R (entry=150.00000 price=152.00000)
2026-03-28 19:18:37  INFO      TrailingStopManager: SL lock BUY  NASDAQ:NVDA #12345 [stage 1]: 148.00000 → 150.00000  (entry=150.00000 price=152.00000 1R=2.00000)
2026-03-28 19:18:37  INFO      MT5Executor: SIMULATION: Modified SL for position 12345: 150.0
2026-03-28 19:18:37  INFO      TradingGraph: Running agents for NASDAQ:NVDA
2026-03-28 19:18:37  INFO      TradingGraph: Completed 14 agents
2026-03-28 19:18:37  INFO      TradingGraph: Fusing timeframe signals
2026-03-28 19:18:37  INFO      TradingGraph: Fusion: L=-0.619(csns=1.00), M=0.227(csns=0.67), S=0.140(csns=0.50), align_str=0.000
2026-03-28 19:18:37  INFO      TradingRunner: EXIT [NASDAQ:NVDA #12345 BUY  pnl=+200.00] — D1 flipped bearish (-0.619)
2026-03-28 19:18:37  INFO      MT5Executor: SIMULATION: Closed position 12345
2026-03-28 19:19:37  INFO      MT5Executor: SIMULATION: Partial close 40% of #12345
2026-03-28 19:19:37  INFO      TrailingStopManager: [RISKY] PARTIAL TP BUY NASDAQ:NVDA #12345: 40% locked in at +1R (entry=150.00000 price=152.00000)
2026-03-28 19:19:37  INFO      TrailingStopManager: SL lock BUY  NASDAQ:NVDA #12345 [stage 1]: 148.00000 → 150.00000  (entry=150.00000 price=152.00000 1R=2.00000)
2026-03-28 19:19:37  INFO      MT5Executor: SIMULATION: Modified SL for position 12345: 150.0
2026-03-28 19:19:37  INFO      TradingGraph: Running agents for NASDAQ:NVDA
2026-03-28 19:19:37  INFO      TradingGraph: Completed 14 agents
2026-03-28 19:19:37  INFO      TradingGraph: Fusing timeframe signals
2026-03-28 19:19:37  INFO      TradingGraph: Fusion: L=-0.648(csns=1.00), M=0.432(csns=1.00), S=0.035(csns=0.40), align_str=0.000
2026-03-28 19:19:37  INFO      TradingRunner: EXIT [NASDAQ:NVDA #12345 BUY  pnl=+200.00] — D1 flipped bearish (-0.648)
2026-03-28 19:19:37  INFO      MT5Executor: SIMULATION: Closed position 12345
2026-03-28 19:20:37  INFO      MT5Executor: SIMULATION: Partial close 40% of #12345
2026-03-28 19:20:37  INFO      TrailingStopManager: [RISKY] PARTIAL TP BUY NASDAQ:NVDA #12345: 40% locked in at +1R (entry=150.00000 price=152.00000)
2026-03-28 19:20:37  INFO      TrailingStopManager: SL lock BUY  NASDAQ:NVDA #12345 [stage 1]: 148.00000 → 150.00000  (entry=150.00000 price=152.00000 1R=2.00000)
2026-03-28 19:20:37  INFO      MT5Executor: SIMULATION: Modified SL for position 12345: 150.0
2026-03-28 19:20:37  INFO      TradingGraph: Running agents for NASDAQ:NVDA
2026-03-28 19:20:37  INFO      TradingGraph: Completed 14 agents
2026-03-28 19:20:37  INFO      TradingGraph: Fusing timeframe signals
2026-03-28 19:20:37  INFO      TradingGraph: Fusion: L=-0.622(csns=1.00), M=-0.001(csns=0.50), S=0.007(csns=0.60), align_str=0.000
2026-03-28 19:20:37  INFO      TradingRunner: EXIT [NASDAQ:NVDA #12345 BUY  pnl=+200.00] — D1 flipped bearish (-0.622)
2026-03-28 19:20:37  INFO      MT5Executor: SIMULATION: Closed position 12345
2026-03-28 19:21:37  INFO      MT5Executor: SIMULATION: Partial close 40% of #12345
2026-03-28 19:21:37  INFO      TrailingStopManager: [RISKY] PARTIAL TP BUY NASDAQ:NVDA #12345: 40% locked in at +1R (entry=150.00000 price=152.00000)
2026-03-28 19:21:37  INFO      TrailingStopManager: SL lock BUY  NASDAQ:NVDA #12345 [stage 1]: 148.00000 → 150.00000  (entry=150.00000 price=152.00000 1R=2.00000)
2026-03-28 19:21:37  INFO      MT5Executor: SIMULATION: Modified SL for position 12345: 150.0
2026-03-28 19:21:37  INFO      TradingGraph: Running agents for NASDAQ:NVDA
2026-03-28 19:21:37  INFO      TradingGraph: Completed 14 agents
2026-03-28 19:21:37  INFO      TradingGraph: Fusing timeframe signals
2026-03-28 19:21:37  INFO      TradingGraph: Fusion: L=-0.659(csns=1.00), M=0.426(csns=1.00), S=-0.002(csns=0.40), align_str=0.000
2026-03-28 19:21:37  INFO      TradingRunner: EXIT [NASDAQ:NVDA #12345 BUY  pnl=+200.00] — D1 flipped bearish (-0.659)
2026-03-28 19:21:37  INFO      MT5Executor: SIMULATION: Closed position 12345
2026-03-28 19:22:37  INFO      MT5Executor: SIMULATION: Partial close 40% of #12345
2026-03-28 19:22:37  INFO      TrailingStopManager: [RISKY] PARTIAL TP BUY NASDAQ:NVDA #12345: 40% locked in at +1R (entry=150.00000 price=152.00000)
2026-03-28 19:22:37  INFO      TrailingStopManager: SL lock BUY  NASDAQ:NVDA #12345 [stage 1]: 148.00000 → 150.00000  (entry=150.00000 price=152.00000 1R=2.00000)
2026-03-28 19:22:37  INFO      MT5Executor: SIMULATION: Modified SL for position 12345: 150.0
2026-03-28 19:22:37  INFO      TradingGraph: Running agents for NASDAQ:NVDA
2026-03-28 19:22:37  INFO      TradingGraph: Completed 14 agents
2026-03-28 19:22:37  INFO      TradingGraph: Fusing timeframe signals
2026-03-28 19:22:37  INFO      TradingGraph: Fusion: L=-0.622(csns=1.00), M=0.001(csns=0.50), S=0.060(csns=0.40), align_str=0.000
2026-03-28 19:22:37  INFO      TradingRunner: EXIT [NASDAQ:NVDA #12345 BUY  pnl=+200.00] — D1 flipped bearish (-0.622)
2026-03-28 19:22:37  INFO      MT5Executor: SIMULATION: Closed position 12345
2026-03-28 19:23:28  WARNING   TradingRunner: Max daily trades (6) reached — no further entries today
2026-03-28 19:23:28  INFO      TradingRunner: PnL — unrealized: +200.00  realized today: +0.00  total: +200.00
2026-03-28 19:23:28  INFO      TradingRunner: Signal cycle done in 3.0s — sleeping 297s
2026-03-28 19:23:37  INFO      MT5Executor: SIMULATION: Partial close 40% of #12345
2026-03-28 19:23:37  INFO      TrailingStopManager: [RISKY] PARTIAL TP BUY NASDAQ:NVDA #12345: 40% locked in at +1R (entry=150.00000 price=152.00000)
2026-03-28 19:23:37  INFO      TrailingStopManager: SL lock BUY  NASDAQ:NVDA #12345 [stage 1]: 148.00000 → 150.00000  (entry=150.00000 price=152.00000 1R=2.00000)
2026-03-28 19:23:37  INFO      MT5Executor: SIMULATION: Modified SL for position 12345: 150.0
2026-03-28 19:23:37  INFO      TradingGraph: Running agents for NASDAQ:NVDA
2026-03-28 19:23:37  INFO      TradingRunner: [WATCHDOG] alive | equity=100200.0 | cycle=79 | profile=risky
2026-03-28 19:23:37  INFO      TradingGraph: Completed 14 agents
2026-03-28 19:23:37  INFO      TradingGraph: Fusing timeframe signals
2026-03-28 19:23:37  INFO      TradingGraph: Fusion: L=-0.622(csns=1.00), M=-0.001(csns=0.50), S=0.007(csns=0.60), align_str=0.000
2026-03-28 19:23:37  INFO      TradingRunner: EXIT [NASDAQ:NVDA #12345 BUY  pnl=+200.00] — D1 flipped bearish (-0.622)
2026-03-28 19:23:37  INFO      MT5Executor: SIMULATION: Closed position 12345
2026-03-28 19:24:37  INFO      MT5Executor: SIMULATION: Partial close 40% of #12345
2026-03-28 19:24:37  INFO      TrailingStopManager: [RISKY] PARTIAL TP BUY NASDAQ:NVDA #12345: 40% locked in at +1R (entry=150.00000 price=152.00000)
2026-03-28 19:24:37  INFO      TrailingStopManager: SL lock BUY  NASDAQ:NVDA #12345 [stage 1]: 148.00000 → 150.00000  (entry=150.00000 price=152.00000 1R=2.00000)
2026-03-28 19:24:37  INFO      MT5Executor: SIMULATION: Modified SL for position 12345: 150.0
2026-03-28 19:24:37  INFO      TradingGraph: Running agents for NASDAQ:NVDA
2026-03-28 19:24:37  INFO      TradingGraph: Completed 14 agents
2026-03-28 19:24:37  INFO      TradingGraph: Fusing timeframe signals
2026-03-28 19:24:37  INFO      TradingGraph: Fusion: L=-0.622(csns=1.00), M=0.001(csns=0.50), S=0.060(csns=0.40), align_str=0.000
2026-03-28 19:24:37  INFO      TradingRunner: EXIT [NASDAQ:NVDA #12345 BUY  pnl=+200.00] — D1 flipped bearish (-0.622)
2026-03-28 19:24:37  INFO      MT5Executor: SIMULATION: Closed position 12345
2026-03-28 19:25:37  INFO      MT5Executor: SIMULATION: Partial close 40% of #12345
2026-03-28 19:25:37  INFO      TrailingStopManager: [RISKY] PARTIAL TP BUY NASDAQ:NVDA #12345: 40% locked in at +1R (entry=150.00000 price=152.00000)
2026-03-28 19:25:37  INFO      TrailingStopManager: SL lock BUY  NASDAQ:NVDA #12345 [stage 1]: 148.00000 → 150.00000  (entry=150.00000 price=152.00000 1R=2.00000)
2026-03-28 19:25:37  INFO      MT5Executor: SIMULATION: Modified SL for position 12345: 150.0
2026-03-28 19:25:37  INFO      TradingGraph: Running agents for NASDAQ:NVDA
2026-03-28 19:25:37  INFO      TradingGraph: Completed 14 agents
2026-03-28 19:25:37  INFO      TradingGraph: Fusing timeframe signals
2026-03-28 19:25:37  INFO      TradingGraph: Fusion: L=-0.622(csns=1.00), M=-0.001(csns=0.50), S=0.007(csns=0.60), align_str=0.000
2026-03-28 19:25:37  INFO      TradingRunner: EXIT [NASDAQ:NVDA #12345 BUY  pnl=+200.00] — D1 flipped bearish (-0.622)
2026-03-28 19:25:37  INFO      MT5Executor: SIMULATION: Closed position 12345
2026-03-28 19:26:37  INFO      MT5Executor: SIMULATION: Partial close 40% of #12345
2026-03-28 19:26:37  INFO      TrailingStopManager: [RISKY] PARTIAL TP BUY NASDAQ:NVDA #12345: 40% locked in at +1R (entry=150.00000 price=152.00000)
2026-03-28 19:26:37  INFO      TrailingStopManager: SL lock BUY  NASDAQ:NVDA #12345 [stage 1]: 148.00000 → 150.00000  (entry=150.00000 price=152.00000 1R=2.00000)
2026-03-28 19:26:37  INFO      MT5Executor: SIMULATION: Modified SL for position 12345: 150.0
2026-03-28 19:26:37  INFO      TradingGraph: Running agents for NASDAQ:NVDA
2026-03-28 19:26:37  INFO      TradingGraph: Completed 14 agents
2026-03-28 19:26:37  INFO      TradingGraph: Fusing timeframe signals
2026-03-28 19:26:37  INFO      TradingGraph: Fusion: L=-0.622(csns=1.00), M=0.262(csns=1.00), S=0.053(csns=0.40), align_str=0.000
2026-03-28 19:26:37  INFO      TradingRunner: EXIT [NASDAQ:NVDA #12345 BUY  pnl=+200.00] — D1 flipped bearish (-0.622)
2026-03-28 19:26:37  INFO      MT5Executor: SIMULATION: Closed position 12345
2026-03-28 19:27:37  INFO      MT5Executor: SIMULATION: Partial close 40% of #12345
2026-03-28 19:27:37  INFO      TrailingStopManager: [RISKY] PARTIAL TP BUY NASDAQ:NVDA #12345: 40% locked in at +1R (entry=150.00000 price=152.00000)
2026-03-28 19:27:37  INFO      TrailingStopManager: SL lock BUY  NASDAQ:NVDA #12345 [stage 1]: 148.00000 → 150.00000  (entry=150.00000 price=152.00000 1R=2.00000)
2026-03-28 19:27:37  INFO      MT5Executor: SIMULATION: Modified SL for position 12345: 150.0
2026-03-28 19:27:37  INFO      TradingGraph: Running agents for NASDAQ:NVDA
2026-03-28 19:27:37  INFO      TradingGraph: Completed 14 agents
2026-03-28 19:27:37  INFO      TradingGraph: Fusing timeframe signals
2026-03-28 19:27:37  INFO      TradingGraph: Fusion: L=-0.622(csns=1.00), M=0.262(csns=1.00), S=0.053(csns=0.40), align_str=0.000
2026-03-28 19:27:37  INFO      TradingRunner: EXIT [NASDAQ:NVDA #12345 BUY  pnl=+200.00] — D1 flipped bearish (-0.622)
2026-03-28 19:27:37  INFO      MT5Executor: SIMULATION: Closed position 12345
2026-03-28 19:28:28  WARNING   TradingRunner: Max daily trades (6) reached — no further entries today
2026-03-28 19:28:28  INFO      TradingRunner: PnL — unrealized: +200.00  realized today: +0.00  total: +200.00
2026-03-28 19:28:28  INFO      TradingRunner: Signal cycle done in 2.8s — sleeping 297s
2026-03-28 19:28:37  INFO      MT5Executor: SIMULATION: Partial close 40% of #12345
2026-03-28 19:28:37  INFO      TrailingStopManager: [RISKY] PARTIAL TP BUY NASDAQ:NVDA #12345: 40% locked in at +1R (entry=150.00000 price=152.00000)
2026-03-28 19:28:37  INFO      TrailingStopManager: SL lock BUY  NASDAQ:NVDA #12345 [stage 1]: 148.00000 → 150.00000  (entry=150.00000 price=152.00000 1R=2.00000)
2026-03-28 19:28:37  INFO      MT5Executor: SIMULATION: Modified SL for position 12345: 150.0
2026-03-28 19:28:37  INFO      TradingGraph: Running agents for NASDAQ:NVDA
2026-03-28 19:28:37  INFO      TradingGraph: Completed 14 agents
2026-03-28 19:28:37  INFO      TradingGraph: Fusing timeframe signals
2026-03-28 19:28:37  INFO      TradingGraph: Fusion: L=-0.635(csns=1.00), M=0.413(csns=1.00), S=0.084(csns=0.60), align_str=0.000
2026-03-28 19:28:37  INFO      TradingRunner: EXIT [NASDAQ:NVDA #12345 BUY  pnl=+200.00] — D1 flipped bearish (-0.635)
2026-03-28 19:28:37  INFO      MT5Executor: SIMULATION: Closed position 12345
2026-03-28 19:29:37  INFO      MT5Executor: SIMULATION: Partial close 40% of #12345
2026-03-28 19:29:37  INFO      TrailingStopManager: [RISKY] PARTIAL TP BUY NASDAQ:NVDA #12345: 40% locked in at +1R (entry=150.00000 price=152.00000)
2026-03-28 19:29:37  INFO      TrailingStopManager: SL lock BUY  NASDAQ:NVDA #12345 [stage 1]: 148.00000 → 150.00000  (entry=150.00000 price=152.00000 1R=2.00000)
2026-03-28 19:29:37  INFO      MT5Executor: SIMULATION: Modified SL for position 12345: 150.0
2026-03-28 19:29:37  INFO      TradingGraph: Running agents for NASDAQ:NVDA
2026-03-28 19:29:37  INFO      TradingGraph: Completed 14 agents
2026-03-28 19:29:37  INFO      TradingGraph: Fusing timeframe signals
2026-03-28 19:29:37  INFO      TradingGraph: Fusion: L=-0.633(csns=1.00), M=-0.221(csns=0.50), S=0.010(csns=0.67), align_str=0.000
2026-03-28 19:29:37  INFO      TradingRunner: EXIT [NASDAQ:NVDA #12345 BUY  pnl=+200.00] — D1 flipped bearish (-0.633)
2026-03-28 19:29:37  INFO      MT5Executor: SIMULATION: Closed position 12345
2026-03-28 19:30:37  INFO      MT5Executor: SIMULATION: Partial close 40% of #12345
2026-03-28 19:30:37  INFO      TrailingStopManager: [RISKY] PARTIAL TP BUY NASDAQ:NVDA #12345: 40% locked in at +1R (entry=150.00000 price=152.00000)
2026-03-28 19:30:37  INFO      TrailingStopManager: SL lock BUY  NASDAQ:NVDA #12345 [stage 1]: 148.00000 → 150.00000  (entry=150.00000 price=152.00000 1R=2.00000)
2026-03-28 19:30:37  INFO      MT5Executor: SIMULATION: Modified SL for position 12345: 150.0
2026-03-28 19:30:37  INFO      TradingGraph: Running agents for NASDAQ:NVDA
2026-03-28 19:30:37  INFO      TradingGraph: Completed 14 agents
2026-03-28 19:30:37  INFO      TradingGraph: Fusing timeframe signals
2026-03-28 19:30:37  INFO      TradingGraph: Fusion: L=-0.658(csns=1.00), M=0.569(csns=1.00), S=0.103(csns=0.75), align_str=0.000
2026-03-28 19:30:37  INFO      TradingRunner: EXIT [NASDAQ:NVDA #12345 BUY  pnl=+200.00] — D1 flipped bearish (-0.658)
2026-03-28 19:30:37  INFO      MT5Executor: SIMULATION: Closed position 12345
2026-03-28 19:31:37  INFO      MT5Executor: SIMULATION: Partial close 40% of #12345
2026-03-28 19:31:37  INFO      TrailingStopManager: [RISKY] PARTIAL TP BUY NASDAQ:NVDA #12345: 40% locked in at +1R (entry=150.00000 price=152.00000)
2026-03-28 19:31:37  INFO      TrailingStopManager: SL lock BUY  NASDAQ:NVDA #12345 [stage 1]: 148.00000 → 150.00000  (entry=150.00000 price=152.00000 1R=2.00000)
2026-03-28 19:31:37  INFO      MT5Executor: SIMULATION: Modified SL for position 12345: 150.0
2026-03-28 19:31:38  INFO      TradingGraph: Running agents for NASDAQ:NVDA
2026-03-28 19:31:38  INFO      TradingGraph: Completed 14 agents
2026-03-28 19:31:38  INFO      TradingGraph: Fusing timeframe signals
2026-03-28 19:31:38  INFO      TradingGraph: Fusion: L=-0.646(csns=1.00), M=0.487(csns=1.00), S=0.096(csns=0.60), align_str=0.000
2026-03-28 19:31:38  INFO      TradingRunner: EXIT [NASDAQ:NVDA #12345 BUY  pnl=+200.00] — D1 flipped bearish (-0.646)
2026-03-28 19:31:38  INFO      MT5Executor: SIMULATION: Closed position 12345
2026-03-28 19:32:37  INFO      MT5Executor: SIMULATION: Partial close 40% of #12345
2026-03-28 19:32:37  INFO      TrailingStopManager: [RISKY] PARTIAL TP BUY NASDAQ:NVDA #12345: 40% locked in at +1R (entry=150.00000 price=152.00000)
2026-03-28 19:32:37  INFO      TrailingStopManager: SL lock BUY  NASDAQ:NVDA #12345 [stage 1]: 148.00000 → 150.00000  (entry=150.00000 price=152.00000 1R=2.00000)
2026-03-28 19:32:37  INFO      MT5Executor: SIMULATION: Modified SL for position 12345: 150.0
2026-03-28 19:32:38  INFO      TradingGraph: Running agents for NASDAQ:NVDA
2026-03-28 19:32:38  INFO      TradingGraph: Completed 14 agents
2026-03-28 19:32:38  INFO      TradingGraph: Fusing timeframe signals
2026-03-28 19:32:38  INFO      TradingGraph: Fusion: L=-0.622(csns=1.00), M=0.001(csns=0.50), S=0.061(csns=0.40), align_str=0.000
2026-03-28 19:32:38  INFO      TradingRunner: EXIT [NASDAQ:NVDA #12345 BUY  pnl=+200.00] — D1 flipped bearish (-0.622)
2026-03-28 19:32:38  INFO      MT5Executor: SIMULATION: Closed position 12345
2026-03-28 19:33:28  WARNING   TradingRunner: Max daily trades (6) reached — no further entries today
2026-03-28 19:33:28  INFO      TradingRunner: PnL — unrealized: +200.00  realized today: +0.00  total: +200.00
2026-03-28 19:33:28  INFO      TradingRunner: Signal cycle done in 2.7s — sleeping 297s
2026-03-28 19:33:37  INFO      MT5Executor: SIMULATION: Partial close 40% of #12345
2026-03-28 19:33:37  INFO      TrailingStopManager: [RISKY] PARTIAL TP BUY NASDAQ:NVDA #12345: 40% locked in at +1R (entry=150.00000 price=152.00000)
2026-03-28 19:33:37  INFO      TrailingStopManager: SL lock BUY  NASDAQ:NVDA #12345 [stage 1]: 148.00000 → 150.00000  (entry=150.00000 price=152.00000 1R=2.00000)
2026-03-28 19:33:37  INFO      MT5Executor: SIMULATION: Modified SL for position 12345: 150.0
2026-03-28 19:33:38  INFO      TradingGraph: Running agents for NASDAQ:NVDA
2026-03-28 19:33:38  INFO      TradingGraph: Completed 14 agents
2026-03-28 19:33:38  INFO      TradingGraph: Fusing timeframe signals
2026-03-28 19:33:38  INFO      TradingGraph: Fusion: L=-0.622(csns=1.00), M=-0.001(csns=0.50), S=0.006(csns=0.60), align_str=0.000
2026-03-28 19:33:38  INFO      TradingRunner: EXIT [NASDAQ:NVDA #12345 BUY  pnl=+200.00] — D1 flipped bearish (-0.622)
2026-03-28 19:33:38  INFO      MT5Executor: SIMULATION: Closed position 12345
2026-03-28 19:34:08  INFO      TradingRunner: [WATCHDOG] alive | equity=100200.0 | cycle=81 | profile=risky
2026-03-28 19:34:37  INFO      MT5Executor: SIMULATION: Partial close 40% of #12345
2026-03-28 19:34:37  INFO      TrailingStopManager: [RISKY] PARTIAL TP BUY NASDAQ:NVDA #12345: 40% locked in at +1R (entry=150.00000 price=152.00000)
2026-03-28 19:34:37  INFO      TrailingStopManager: SL lock BUY  NASDAQ:NVDA #12345 [stage 1]: 148.00000 → 150.00000  (entry=150.00000 price=152.00000 1R=2.00000)
2026-03-28 19:34:37  INFO      MT5Executor: SIMULATION: Modified SL for position 12345: 150.0
2026-03-28 19:34:38  INFO      TradingGraph: Running agents for NASDAQ:NVDA
2026-03-28 19:34:38  INFO      TradingGraph: Completed 14 agents
2026-03-28 19:34:38  INFO      TradingGraph: Fusing timeframe signals
2026-03-28 19:34:38  INFO      TradingGraph: Fusion: L=-0.622(csns=1.00), M=0.001(csns=0.50), S=0.061(csns=0.40), align_str=0.000
2026-03-28 19:34:38  INFO      TradingRunner: EXIT [NASDAQ:NVDA #12345 BUY  pnl=+200.00] — D1 flipped bearish (-0.622)
2026-03-28 19:34:38  INFO      MT5Executor: SIMULATION: Closed position 12345
2026-03-28 19:35:37  INFO      MT5Executor: SIMULATION: Partial close 40% of #12345
2026-03-28 19:35:37  INFO      TrailingStopManager: [RISKY] PARTIAL TP BUY NASDAQ:NVDA #12345: 40% locked in at +1R (entry=150.00000 price=152.00000)
2026-03-28 19:35:37  INFO      TrailingStopManager: SL lock BUY  NASDAQ:NVDA #12345 [stage 1]: 148.00000 → 150.00000  (entry=150.00000 price=152.00000 1R=2.00000)
2026-03-28 19:35:37  INFO      MT5Executor: SIMULATION: Modified SL for position 12345: 150.0
2026-03-28 19:35:38  INFO      TradingGraph: Running agents for NASDAQ:NVDA
2026-03-28 19:35:38  INFO      TradingGraph: Completed 14 agents
2026-03-28 19:35:38  INFO      TradingGraph: Fusing timeframe signals
2026-03-28 19:35:38  INFO      TradingGraph: Fusion: L=-0.653(csns=1.00), M=-0.124(csns=1.00), S=-0.060(csns=0.50), align_str=0.170
2026-03-28 19:35:38  INFO      TradingRunner: EXIT [NASDAQ:NVDA #12345 BUY  pnl=+200.00] — D1 flipped bearish (-0.653)
2026-03-28 19:35:38  INFO      MT5Executor: SIMULATION: Closed position 12345
2026-03-28 19:36:38  INFO      MT5Executor: SIMULATION: Partial close 40% of #12345
2026-03-28 19:36:38  INFO      TrailingStopManager: [RISKY] PARTIAL TP BUY NASDAQ:NVDA #12345: 40% locked in at +1R (entry=150.00000 price=152.00000)
2026-03-28 19:36:38  INFO      TrailingStopManager: SL lock BUY  NASDAQ:NVDA #12345 [stage 1]: 148.00000 → 150.00000  (entry=150.00000 price=152.00000 1R=2.00000)
2026-03-28 19:36:38  INFO      MT5Executor: SIMULATION: Modified SL for position 12345: 150.0
2026-03-28 19:36:38  INFO      TradingGraph: Running agents for NASDAQ:NVDA
2026-03-28 19:36:38  INFO      TradingGraph: Completed 14 agents
2026-03-28 19:36:38  INFO      TradingGraph: Fusing timeframe signals
2026-03-28 19:36:38  INFO      TradingGraph: Fusion: L=-0.619(csns=1.00), M=0.227(csns=0.67), S=0.139(csns=0.50), align_str=0.000
2026-03-28 19:36:38  INFO      TradingRunner: EXIT [NASDAQ:NVDA #12345 BUY  pnl=+200.00] — D1 flipped bearish (-0.619)
2026-03-28 19:36:38  INFO      MT5Executor: SIMULATION: Closed position 12345
2026-03-28 19:37:38  INFO      MT5Executor: SIMULATION: Partial close 40% of #12345
2026-03-28 19:37:38  INFO      TrailingStopManager: [RISKY] PARTIAL TP BUY NASDAQ:NVDA #12345: 40% locked in at +1R (entry=150.00000 price=152.00000)
2026-03-28 19:37:38  INFO      TrailingStopManager: SL lock BUY  NASDAQ:NVDA #12345 [stage 1]: 148.00000 → 150.00000  (entry=150.00000 price=152.00000 1R=2.00000)
2026-03-28 19:37:38  INFO      MT5Executor: SIMULATION: Modified SL for position 12345: 150.0
2026-03-28 19:37:38  INFO      TradingGraph: Running agents for NASDAQ:NVDA
2026-03-28 19:37:38  INFO      TradingGraph: Completed 14 agents
2026-03-28 19:37:38  INFO      TradingGraph: Fusing timeframe signals
2026-03-28 19:37:38  INFO      TradingGraph: Fusion: L=-0.633(csns=1.00), M=-0.221(csns=0.50), S=0.009(csns=0.67), align_str=0.000
2026-03-28 19:37:38  INFO      TradingRunner: EXIT [NASDAQ:NVDA #12345 BUY  pnl=+200.00] — D1 flipped bearish (-0.633)
2026-03-28 19:37:38  INFO      MT5Executor: SIMULATION: Closed position 12345
2026-03-28 19:38:27  WARNING   TradingRunner: Max daily trades (6) reached — no further entries today
2026-03-28 19:38:27  INFO      TradingRunner: PnL — unrealized: +200.00  realized today: +0.00  total: +200.00
2026-03-28 19:38:27  INFO      TradingRunner: Signal cycle done in 2.2s — sleeping 298s
2026-03-28 19:38:38  INFO      MT5Executor: SIMULATION: Partial close 40% of #12345
2026-03-28 19:38:38  INFO      TrailingStopManager: [RISKY] PARTIAL TP BUY NASDAQ:NVDA #12345: 40% locked in at +1R (entry=150.00000 price=152.00000)
2026-03-28 19:38:38  INFO      TrailingStopManager: SL lock BUY  NASDAQ:NVDA #12345 [stage 1]: 148.00000 → 150.00000  (entry=150.00000 price=152.00000 1R=2.00000)
2026-03-28 19:38:38  INFO      MT5Executor: SIMULATION: Modified SL for position 12345: 150.0
2026-03-28 19:38:38  INFO      TradingGraph: Running agents for NASDAQ:NVDA
2026-03-28 19:38:38  INFO      TradingGraph: Completed 14 agents
2026-03-28 19:38:38  INFO      TradingGraph: Fusing timeframe signals
2026-03-28 19:38:38  INFO      TradingGraph: Fusion: L=-0.648(csns=1.00), M=0.296(csns=0.67), S=0.132(csns=0.80), align_str=0.000
2026-03-28 19:38:38  INFO      TradingRunner: EXIT [NASDAQ:NVDA #12345 BUY  pnl=+200.00] — D1 flipped bearish (-0.648)
2026-03-28 19:38:38  INFO      MT5Executor: SIMULATION: Closed position 12345
2026-03-28 19:39:38  INFO      MT5Executor: SIMULATION: Partial close 40% of #12345
2026-03-28 19:39:38  INFO      TrailingStopManager: [RISKY] PARTIAL TP BUY NASDAQ:NVDA #12345: 40% locked in at +1R (entry=150.00000 price=152.00000)
2026-03-28 19:39:38  INFO      TrailingStopManager: SL lock BUY  NASDAQ:NVDA #12345 [stage 1]: 148.00000 → 150.00000  (entry=150.00000 price=152.00000 1R=2.00000)
2026-03-28 19:39:38  INFO      MT5Executor: SIMULATION: Modified SL for position 12345: 150.0
2026-03-28 19:39:38  INFO      TradingGraph: Running agents for NASDAQ:NVDA
2026-03-28 19:39:38  INFO      TradingGraph: Completed 14 agents
2026-03-28 19:39:38  INFO      TradingGraph: Fusing timeframe signals
2026-03-28 19:39:38  INFO      TradingGraph: Fusion: L=-0.619(csns=1.00), M=0.227(csns=0.67), S=0.139(csns=0.50), align_str=0.000
2026-03-28 19:39:38  INFO      TradingRunner: EXIT [NASDAQ:NVDA #12345 BUY  pnl=+200.00] — D1 flipped bearish (-0.619)
2026-03-28 19:39:38  INFO      MT5Executor: SIMULATION: Closed position 12345
2026-03-28 19:40:38  INFO      MT5Executor: SIMULATION: Partial close 40% of #12345
2026-03-28 19:40:38  INFO      TrailingStopManager: [RISKY] PARTIAL TP BUY NASDAQ:NVDA #12345: 40% locked in at +1R (entry=150.00000 price=152.00000)
2026-03-28 19:40:38  INFO      TrailingStopManager: SL lock BUY  NASDAQ:NVDA #12345 [stage 1]: 148.00000 → 150.00000  (entry=150.00000 price=152.00000 1R=2.00000)
2026-03-28 19:40:38  INFO      MT5Executor: SIMULATION: Modified SL for position 12345: 150.0
2026-03-28 19:40:38  INFO      TradingGraph: Running agents for NASDAQ:NVDA
2026-03-28 19:40:38  INFO      TradingGraph: Completed 14 agents
2026-03-28 19:40:38  INFO      TradingGraph: Fusing timeframe signals
2026-03-28 19:40:38  INFO      TradingGraph: Fusion: L=-0.658(csns=1.00), M=0.569(csns=1.00), S=0.103(csns=0.75), align_str=0.000
2026-03-28 19:40:38  INFO      TradingRunner: EXIT [NASDAQ:NVDA #12345 BUY  pnl=+200.00] — D1 flipped bearish (-0.658)
2026-03-28 19:40:38  INFO      MT5Executor: SIMULATION: Closed position 12345
2026-03-28 19:41:38  INFO      MT5Executor: SIMULATION: Partial close 40% of #12345
2026-03-28 19:41:38  INFO      TrailingStopManager: [RISKY] PARTIAL TP BUY NASDAQ:NVDA #12345: 40% locked in at +1R (entry=150.00000 price=152.00000)
2026-03-28 19:41:38  INFO      TrailingStopManager: SL lock BUY  NASDAQ:NVDA #12345 [stage 1]: 148.00000 → 150.00000  (entry=150.00000 price=152.00000 1R=2.00000)
2026-03-28 19:41:38  INFO      MT5Executor: SIMULATION: Modified SL for position 12345: 150.0
2026-03-28 19:41:38  INFO      TradingGraph: Running agents for NASDAQ:NVDA
2026-03-28 19:41:38  INFO      TradingGraph: Completed 14 agents
2026-03-28 19:41:38  INFO      TradingGraph: Fusing timeframe signals
2026-03-28 19:41:38  INFO      TradingGraph: Fusion: L=-0.619(csns=1.00), M=-0.009(csns=0.67), S=0.037(csns=0.40), align_str=0.000
2026-03-28 19:41:38  INFO      TradingRunner: EXIT [NASDAQ:NVDA #12345 BUY  pnl=+200.00] — D1 flipped bearish (-0.619)
2026-03-28 19:41:38  INFO      MT5Executor: SIMULATION: Closed position 12345
2026-03-28 19:42:38  INFO      MT5Executor: SIMULATION: Partial close 40% of #12345
2026-03-28 19:42:38  INFO      TrailingStopManager: [RISKY] PARTIAL TP BUY NASDAQ:NVDA #12345: 40% locked in at +1R (entry=150.00000 price=152.00000)
2026-03-28 19:42:38  INFO      TrailingStopManager: SL lock BUY  NASDAQ:NVDA #12345 [stage 1]: 148.00000 → 150.00000  (entry=150.00000 price=152.00000 1R=2.00000)
2026-03-28 19:42:38  INFO      MT5Executor: SIMULATION: Modified SL for position 12345: 150.0
2026-03-28 19:42:38  INFO      TradingGraph: Running agents for NASDAQ:NVDA
2026-03-28 19:42:38  INFO      TradingGraph: Completed 14 agents
2026-03-28 19:42:38  INFO      TradingGraph: Fusing timeframe signals
2026-03-28 19:42:38  INFO      TradingGraph: Fusion: L=-0.615(csns=1.00), M=-0.431(csns=1.00), S=0.011(csns=0.60), align_str=0.000
2026-03-28 19:42:38  INFO      TradingRunner: EXIT [NASDAQ:NVDA #12345 BUY  pnl=+200.00] — D1 flipped bearish (-0.615)
2026-03-28 19:42:38  INFO      MT5Executor: SIMULATION: Closed position 12345
2026-03-28 19:43:29  WARNING   TradingRunner: Max daily trades (6) reached — no further entries today
2026-03-28 19:43:29  INFO      TradingRunner: PnL — unrealized: +200.00  realized today: +0.00  total: +200.00
2026-03-28 19:43:29  INFO      TradingRunner: Signal cycle done in 3.4s — sleeping 297s
2026-03-28 19:43:38  INFO      MT5Executor: SIMULATION: Partial close 40% of #12345
2026-03-28 19:43:38  INFO      TrailingStopManager: [RISKY] PARTIAL TP BUY NASDAQ:NVDA #12345: 40% locked in at +1R (entry=150.00000 price=152.00000)
2026-03-28 19:43:38  INFO      TrailingStopManager: SL lock BUY  NASDAQ:NVDA #12345 [stage 1]: 148.00000 → 150.00000  (entry=150.00000 price=152.00000 1R=2.00000)
2026-03-28 19:43:38  INFO      MT5Executor: SIMULATION: Modified SL for position 12345: 150.0
2026-03-28 19:43:38  INFO      TradingGraph: Running agents for NASDAQ:NVDA
2026-03-28 19:43:38  INFO      TradingGraph: Completed 14 agents
2026-03-28 19:43:38  INFO      TradingGraph: Fusing timeframe signals
2026-03-28 19:43:38  INFO      TradingGraph: Fusion: L=-0.664(csns=1.00), M=-0.524(csns=1.00), S=-0.113(csns=0.50), align_str=0.340
2026-03-28 19:43:38  INFO      TradingRunner: EXIT [NASDAQ:NVDA #12345 BUY  pnl=+200.00] — D1 flipped bearish (-0.664)
2026-03-28 19:43:38  INFO      MT5Executor: SIMULATION: Closed position 12345
2026-03-28 19:44:38  INFO      MT5Executor: SIMULATION: Partial close 40% of #12345
2026-03-28 19:44:38  INFO      TrailingStopManager: [RISKY] PARTIAL TP BUY NASDAQ:NVDA #12345: 40% locked in at +1R (entry=150.00000 price=152.00000)
2026-03-28 19:44:38  INFO      TrailingStopManager: SL lock BUY  NASDAQ:NVDA #12345 [stage 1]: 148.00000 → 150.00000  (entry=150.00000 price=152.00000 1R=2.00000)
2026-03-28 19:44:38  INFO      MT5Executor: SIMULATION: Modified SL for position 12345: 150.0
2026-03-28 19:44:38  INFO      TradingGraph: Running agents for NASDAQ:NVDA
2026-03-28 19:44:38  INFO      TradingRunner: [WATCHDOG] alive | equity=100200.0 | cycle=83 | profile=risky
2026-03-28 19:44:38  INFO      TradingGraph: Completed 14 agents
2026-03-28 19:44:38  INFO      TradingGraph: Fusing timeframe signals
2026-03-28 19:44:38  INFO      TradingGraph: Fusion: L=-0.622(csns=1.00), M=-0.001(csns=0.50), S=0.006(csns=0.60), align_str=0.000
2026-03-28 19:44:38  INFO      TradingRunner: EXIT [NASDAQ:NVDA #12345 BUY  pnl=+200.00] — D1 flipped bearish (-0.622)
2026-03-28 19:44:38  INFO      MT5Executor: SIMULATION: Closed position 12345
2026-03-28 19:45:38  INFO      MT5Executor: SIMULATION: Partial close 40% of #12345
2026-03-28 19:45:38  INFO      TrailingStopManager: [RISKY] PARTIAL TP BUY NASDAQ:NVDA #12345: 40% locked in at +1R (entry=150.00000 price=152.00000)
2026-03-28 19:45:38  INFO      TrailingStopManager: SL lock BUY  NASDAQ:NVDA #12345 [stage 1]: 148.00000 → 150.00000  (entry=150.00000 price=152.00000 1R=2.00000)
2026-03-28 19:45:38  INFO      MT5Executor: SIMULATION: Modified SL for position 12345: 150.0
2026-03-28 19:45:38  INFO      TradingGraph: Running agents for NASDAQ:NVDA
2026-03-28 19:45:38  INFO      TradingGraph: Completed 14 agents
2026-03-28 19:45:38  INFO      TradingGraph: Fusing timeframe signals
2026-03-28 19:45:38  INFO      TradingGraph: Fusion: L=-0.619(csns=1.00), M=0.227(csns=0.67), S=0.139(csns=0.50), align_str=0.000
2026-03-28 19:45:38  INFO      TradingRunner: EXIT [NASDAQ:NVDA #12345 BUY  pnl=+200.00] — D1 flipped bearish (-0.619)
2026-03-28 19:45:38  INFO      MT5Executor: SIMULATION: Closed position 12345
2026-03-28 19:46:38  INFO      MT5Executor: SIMULATION: Partial close 40% of #12345
2026-03-28 19:46:38  INFO      TrailingStopManager: [RISKY] PARTIAL TP BUY NASDAQ:NVDA #12345: 40% locked in at +1R (entry=150.00000 price=152.00000)
2026-03-28 19:46:38  INFO      TrailingStopManager: SL lock BUY  NASDAQ:NVDA #12345 [stage 1]: 148.00000 → 150.00000  (entry=150.00000 price=152.00000 1R=2.00000)
2026-03-28 19:46:38  INFO      MT5Executor: SIMULATION: Modified SL for position 12345: 150.0
2026-03-28 19:46:38  INFO      TradingGraph: Running agents for NASDAQ:NVDA
2026-03-28 19:46:38  INFO      TradingGraph: Completed 14 agents
2026-03-28 19:46:38  INFO      TradingGraph: Fusing timeframe signals
2026-03-28 19:46:38  INFO      TradingGraph: Fusion: L=-0.622(csns=1.00), M=-0.005(csns=0.50), S=0.006(csns=0.60), align_str=0.000
2026-03-28 19:46:38  INFO      TradingRunner: EXIT [NASDAQ:NVDA #12345 BUY  pnl=+200.00] — D1 flipped bearish (-0.622)
2026-03-28 19:46:38  INFO      MT5Executor: SIMULATION: Closed position 12345
2026-03-28 19:47:38  INFO      MT5Executor: SIMULATION: Partial close 40% of #12345
2026-03-28 19:47:38  INFO      TrailingStopManager: [RISKY] PARTIAL TP BUY NASDAQ:NVDA #12345: 40% locked in at +1R (entry=150.00000 price=152.00000)
2026-03-28 19:47:38  INFO      TrailingStopManager: SL lock BUY  NASDAQ:NVDA #12345 [stage 1]: 148.00000 → 150.00000  (entry=150.00000 price=152.00000 1R=2.00000)
2026-03-28 19:47:38  INFO      MT5Executor: SIMULATION: Modified SL for position 12345: 150.0
2026-03-28 19:47:38  INFO      TradingGraph: Running agents for NASDAQ:NVDA
2026-03-28 19:47:38  INFO      TradingGraph: Completed 14 agents
2026-03-28 19:47:38  INFO      TradingGraph: Fusing timeframe signals
2026-03-28 19:47:38  INFO      TradingGraph: Fusion: L=-0.622(csns=1.00), M=-0.001(csns=0.50), S=0.006(csns=0.60), align_str=0.000
2026-03-28 19:47:38  INFO      TradingRunner: EXIT [NASDAQ:NVDA #12345 BUY  pnl=+200.00] — D1 flipped bearish (-0.622)
2026-03-28 19:47:38  INFO      MT5Executor: SIMULATION: Closed position 12345
2026-03-28 19:48:28  WARNING   TradingRunner: Max daily trades (6) reached — no further entries today
2026-03-28 19:48:28  INFO      TradingRunner: PnL — unrealized: +200.00  realized today: +0.00  total: +200.00
2026-03-28 19:48:28  INFO      TradingRunner: Signal cycle done in 2.9s — sleeping 297s
2026-03-28 19:48:38  INFO      MT5Executor: SIMULATION: Partial close 40% of #12345
2026-03-28 19:48:38  INFO      TrailingStopManager: [RISKY] PARTIAL TP BUY NASDAQ:NVDA #12345: 40% locked in at +1R (entry=150.00000 price=152.00000)
2026-03-28 19:48:38  INFO      TrailingStopManager: SL lock BUY  NASDAQ:NVDA #12345 [stage 1]: 148.00000 → 150.00000  (entry=150.00000 price=152.00000 1R=2.00000)
2026-03-28 19:48:38  INFO      MT5Executor: SIMULATION: Modified SL for position 12345: 150.0
2026-03-28 19:48:38  INFO      TradingGraph: Running agents for NASDAQ:NVDA
2026-03-28 19:48:38  INFO      TradingGraph: Completed 14 agents
2026-03-28 19:48:38  INFO      TradingGraph: Fusing timeframe signals
2026-03-28 19:48:38  INFO      TradingGraph: Fusion: L=-0.622(csns=1.00), M=-0.001(csns=0.50), S=0.006(csns=0.60), align_str=0.000
2026-03-28 19:48:38  INFO      TradingRunner: EXIT [NASDAQ:NVDA #12345 BUY  pnl=+200.00] — D1 flipped bearish (-0.622)
2026-03-28 19:48:38  INFO      MT5Executor: SIMULATION: Closed position 12345
2026-03-28 19:49:38  INFO      MT5Executor: SIMULATION: Partial close 40% of #12345
2026-03-28 19:49:38  INFO      TrailingStopManager: [RISKY] PARTIAL TP BUY NASDAQ:NVDA #12345: 40% locked in at +1R (entry=150.00000 price=152.00000)
2026-03-28 19:49:38  INFO      TrailingStopManager: SL lock BUY  NASDAQ:NVDA #12345 [stage 1]: 148.00000 → 150.00000  (entry=150.00000 price=152.00000 1R=2.00000)
2026-03-28 19:49:38  INFO      MT5Executor: SIMULATION: Modified SL for position 12345: 150.0
2026-03-28 19:49:38  INFO      TradingGraph: Running agents for NASDAQ:NVDA
2026-03-28 19:49:38  INFO      TradingGraph: Completed 14 agents
2026-03-28 19:49:38  INFO      TradingGraph: Fusing timeframe signals
2026-03-28 19:49:38  INFO      TradingGraph: Fusion: L=-0.648(csns=1.00), M=0.292(csns=0.67), S=0.131(csns=0.80), align_str=0.000
2026-03-28 19:49:38  INFO      TradingRunner: EXIT [NASDAQ:NVDA #12345 BUY  pnl=+200.00] — D1 flipped bearish (-0.648)
2026-03-28 19:49:38  INFO      MT5Executor: SIMULATION: Closed position 12345
2026-03-28 19:50:38  INFO      MT5Executor: SIMULATION: Partial close 40% of #12345
2026-03-28 19:50:38  INFO      TrailingStopManager: [RISKY] PARTIAL TP BUY NASDAQ:NVDA #12345: 40% locked in at +1R (entry=150.00000 price=152.00000)
2026-03-28 19:50:38  INFO      TrailingStopManager: SL lock BUY  NASDAQ:NVDA #12345 [stage 1]: 148.00000 → 150.00000  (entry=150.00000 price=152.00000 1R=2.00000)
2026-03-28 19:50:38  INFO      MT5Executor: SIMULATION: Modified SL for position 12345: 150.0
2026-03-28 19:50:38  INFO      TradingGraph: Running agents for NASDAQ:NVDA
2026-03-28 19:50:38  INFO      TradingGraph: Completed 14 agents
2026-03-28 19:50:38  INFO      TradingGraph: Fusing timeframe signals
2026-03-28 19:50:38  INFO      TradingGraph: Fusion: L=-0.619(csns=1.00), M=0.227(csns=0.67), S=0.139(csns=0.50), align_str=0.000
2026-03-28 19:50:38  INFO      TradingRunner: EXIT [NASDAQ:NVDA #12345 BUY  pnl=+200.00] — D1 flipped bearish (-0.619)
2026-03-28 19:50:38  INFO      MT5Executor: SIMULATION: Closed position 12345
2026-03-28 19:51:38  INFO      MT5Executor: SIMULATION: Partial close 40% of #12345
2026-03-28 19:51:38  INFO      TrailingStopManager: [RISKY] PARTIAL TP BUY NASDAQ:NVDA #12345: 40% locked in at +1R (entry=150.00000 price=152.00000)
2026-03-28 19:51:38  INFO      TrailingStopManager: SL lock BUY  NASDAQ:NVDA #12345 [stage 1]: 148.00000 → 150.00000  (entry=150.00000 price=152.00000 1R=2.00000)
2026-03-28 19:51:38  INFO      MT5Executor: SIMULATION: Modified SL for position 12345: 150.0
2026-03-28 19:51:38  INFO      TradingGraph: Running agents for NASDAQ:NVDA
2026-03-28 19:51:38  INFO      TradingGraph: Completed 14 agents
2026-03-28 19:51:38  INFO      TradingGraph: Fusing timeframe signals
2026-03-28 19:51:38  INFO      TradingGraph: Fusion: L=-0.597(csns=1.00), M=-0.122(csns=1.00), S=0.020(csns=0.60), align_str=0.000
2026-03-28 19:51:38  INFO      TradingRunner: EXIT [NASDAQ:NVDA #12345 BUY  pnl=+200.00] — D1 flipped bearish (-0.597)
2026-03-28 19:51:38  INFO      MT5Executor: SIMULATION: Closed position 12345
2026-03-28 19:52:38  INFO      MT5Executor: SIMULATION: Partial close 40% of #12345
2026-03-28 19:52:38  INFO      TrailingStopManager: [RISKY] PARTIAL TP BUY NASDAQ:NVDA #12345: 40% locked in at +1R (entry=150.00000 price=152.00000)
2026-03-28 19:52:38  INFO      TrailingStopManager: SL lock BUY  NASDAQ:NVDA #12345 [stage 1]: 148.00000 → 150.00000  (entry=150.00000 price=152.00000 1R=2.00000)
2026-03-28 19:52:38  INFO      MT5Executor: SIMULATION: Modified SL for position 12345: 150.0
2026-03-28 19:52:38  INFO      TradingGraph: Running agents for NASDAQ:NVDA
2026-03-28 19:52:38  INFO      TradingGraph: Completed 14 agents
2026-03-28 19:52:38  INFO      TradingGraph: Fusing timeframe signals
2026-03-28 19:52:38  INFO      TradingGraph: Fusion: L=-0.648(csns=1.00), M=0.432(csns=1.00), S=0.034(csns=0.40), align_str=0.000
2026-03-28 19:52:38  INFO      TradingRunner: EXIT [NASDAQ:NVDA #12345 BUY  pnl=+200.00] — D1 flipped bearish (-0.648)
2026-03-28 19:52:38  INFO      MT5Executor: SIMULATION: Closed position 12345
2026-03-28 19:53:28  WARNING   TradingRunner: Max daily trades (6) reached — no further entries today
2026-03-28 19:53:28  INFO      TradingRunner: PnL — unrealized: +200.00  realized today: +0.00  total: +200.00
2026-03-28 19:53:28  INFO      TradingRunner: Signal cycle done in 2.9s — sleeping 297s
2026-03-28 19:53:38  INFO      MT5Executor: SIMULATION: Partial close 40% of #12345
2026-03-28 19:53:38  INFO      TrailingStopManager: [RISKY] PARTIAL TP BUY NASDAQ:NVDA #12345: 40% locked in at +1R (entry=150.00000 price=152.00000)
2026-03-28 19:53:38  INFO      TrailingStopManager: SL lock BUY  NASDAQ:NVDA #12345 [stage 1]: 148.00000 → 150.00000  (entry=150.00000 price=152.00000 1R=2.00000)
2026-03-28 19:53:38  INFO      MT5Executor: SIMULATION: Modified SL for position 12345: 150.0
2026-03-28 19:53:38  INFO      TradingGraph: Running agents for NASDAQ:NVDA
2026-03-28 19:53:38  INFO      TradingGraph: Completed 14 agents
2026-03-28 19:53:38  INFO      TradingGraph: Fusing timeframe signals
2026-03-28 19:53:38  INFO      TradingGraph: Fusion: L=-0.622(csns=1.00), M=0.001(csns=0.50), S=0.061(csns=0.40), align_str=0.000
2026-03-28 19:53:38  INFO      TradingRunner: EXIT [NASDAQ:NVDA #12345 BUY  pnl=+200.00] — D1 flipped bearish (-0.622)
2026-03-28 19:53:38  INFO      MT5Executor: SIMULATION: Closed position 12345
2026-03-28 19:54:38  INFO      MT5Executor: SIMULATION: Partial close 40% of #12345
2026-03-28 19:54:38  INFO      TrailingStopManager: [RISKY] PARTIAL TP BUY NASDAQ:NVDA #12345: 40% locked in at +1R (entry=150.00000 price=152.00000)
2026-03-28 19:54:38  INFO      TrailingStopManager: SL lock BUY  NASDAQ:NVDA #12345 [stage 1]: 148.00000 → 150.00000  (entry=150.00000 price=152.00000 1R=2.00000)
2026-03-28 19:54:38  INFO      MT5Executor: SIMULATION: Modified SL for position 12345: 150.0
2026-03-28 19:54:38  INFO      TradingGraph: Running agents for NASDAQ:NVDA
2026-03-28 19:54:38  INFO      TradingGraph: Completed 14 agents
2026-03-28 19:54:38  INFO      TradingGraph: Fusing timeframe signals
2026-03-28 19:54:38  INFO      TradingGraph: Fusion: L=-0.634(csns=1.00), M=0.268(csns=1.00), S=0.008(csns=0.60), align_str=0.000
2026-03-28 19:54:38  INFO      TradingRunner: EXIT [NASDAQ:NVDA #12345 BUY  pnl=+200.00] — D1 flipped bearish (-0.634)
2026-03-28 19:54:38  INFO      MT5Executor: SIMULATION: Closed position 12345
2026-03-28 19:55:08  INFO      TradingRunner: [WATCHDOG] alive | equity=100200.0 | cycle=85 | profile=risky
2026-03-28 19:55:38  INFO      MT5Executor: SIMULATION: Partial close 40% of #12345
2026-03-28 19:55:38  INFO      TrailingStopManager: [RISKY] PARTIAL TP BUY NASDAQ:NVDA #12345: 40% locked in at +1R (entry=150.00000 price=152.00000)
2026-03-28 19:55:38  INFO      TrailingStopManager: SL lock BUY  NASDAQ:NVDA #12345 [stage 1]: 148.00000 → 150.00000  (entry=150.00000 price=152.00000 1R=2.00000)
2026-03-28 19:55:38  INFO      MT5Executor: SIMULATION: Modified SL for position 12345: 150.0
2026-03-28 19:55:38  INFO      TradingGraph: Running agents for NASDAQ:NVDA
2026-03-28 19:55:38  INFO      TradingGraph: Completed 14 agents
2026-03-28 19:55:38  INFO      TradingGraph: Fusing timeframe signals
2026-03-28 19:55:38  INFO      TradingGraph: Fusion: L=-0.622(csns=1.00), M=-0.001(csns=0.50), S=0.006(csns=0.60), align_str=0.000
2026-03-28 19:55:38  INFO      TradingRunner: EXIT [NASDAQ:NVDA #12345 BUY  pnl=+200.00] — D1 flipped bearish (-0.622)
2026-03-28 19:55:38  INFO      MT5Executor: SIMULATION: Closed position 12345
2026-03-28 19:56:38  INFO      MT5Executor: SIMULATION: Partial close 40% of #12345
2026-03-28 19:56:38  INFO      TrailingStopManager: [RISKY] PARTIAL TP BUY NASDAQ:NVDA #12345: 40% locked in at +1R (entry=150.00000 price=152.00000)
2026-03-28 19:56:38  INFO      TrailingStopManager: SL lock BUY  NASDAQ:NVDA #12345 [stage 1]: 148.00000 → 150.00000  (entry=150.00000 price=152.00000 1R=2.00000)
2026-03-28 19:56:38  INFO      MT5Executor: SIMULATION: Modified SL for position 12345: 150.0
2026-03-28 19:56:39  INFO      TradingGraph: Running agents for NASDAQ:NVDA
2026-03-28 19:56:39  INFO      TradingGraph: Completed 14 agents
2026-03-28 19:56:39  INFO      TradingGraph: Fusing timeframe signals
2026-03-28 19:56:39  INFO      TradingGraph: Fusion: L=-0.622(csns=1.00), M=-0.001(csns=0.50), S=0.006(csns=0.60), align_str=0.000
2026-03-28 19:56:39  INFO      TradingRunner: EXIT [NASDAQ:NVDA #12345 BUY  pnl=+200.00] — D1 flipped bearish (-0.622)
2026-03-28 19:56:39  INFO      MT5Executor: SIMULATION: Closed position 12345
2026-03-28 19:57:38  INFO      MT5Executor: SIMULATION: Partial close 40% of #12345
2026-03-28 19:57:38  INFO      TrailingStopManager: [RISKY] PARTIAL TP BUY NASDAQ:NVDA #12345: 40% locked in at +1R (entry=150.00000 price=152.00000)
2026-03-28 19:57:38  INFO      TrailingStopManager: SL lock BUY  NASDAQ:NVDA #12345 [stage 1]: 148.00000 → 150.00000  (entry=150.00000 price=152.00000 1R=2.00000)
2026-03-28 19:57:38  INFO      MT5Executor: SIMULATION: Modified SL for position 12345: 150.0
2026-03-28 19:57:39  INFO      TradingGraph: Running agents for NASDAQ:NVDA
2026-03-28 19:57:39  INFO      TradingGraph: Completed 14 agents
2026-03-28 19:57:39  INFO      TradingGraph: Fusing timeframe signals
2026-03-28 19:57:39  INFO      TradingGraph: Fusion: L=-0.623(csns=1.00), M=-0.007(csns=0.67), S=0.102(csns=0.50), align_str=0.000
2026-03-28 19:57:39  INFO      TradingRunner: EXIT [NASDAQ:NVDA #12345 BUY  pnl=+200.00] — D1 flipped bearish (-0.623)
2026-03-28 19:57:39  INFO      MT5Executor: SIMULATION: Closed position 12345
2026-03-28 19:58:28  WARNING   TradingRunner: Max daily trades (6) reached — no further entries today
2026-03-28 19:58:28  INFO      TradingRunner: PnL — unrealized: +200.00  realized today: +0.00  total: +200.00
2026-03-28 19:58:28  INFO      TradingRunner: Signal cycle done in 3.1s — sleeping 297s
2026-03-28 19:58:38  INFO      MT5Executor: SIMULATION: Partial close 40% of #12345
2026-03-28 19:58:38  INFO      TrailingStopManager: [RISKY] PARTIAL TP BUY NASDAQ:NVDA #12345: 40% locked in at +1R (entry=150.00000 price=152.00000)
2026-03-28 19:58:38  INFO      TrailingStopManager: SL lock BUY  NASDAQ:NVDA #12345 [stage 1]: 148.00000 → 150.00000  (entry=150.00000 price=152.00000 1R=2.00000)
2026-03-28 19:58:38  INFO      MT5Executor: SIMULATION: Modified SL for position 12345: 150.0
2026-03-28 19:58:39  INFO      TradingGraph: Running agents for NASDAQ:NVDA
2026-03-28 19:58:39  INFO      TradingGraph: Completed 14 agents
2026-03-28 19:58:39  INFO      TradingGraph: Fusing timeframe signals
2026-03-28 19:58:39  INFO      TradingGraph: Fusion: L=-0.634(csns=1.00), M=0.268(csns=1.00), S=0.008(csns=0.60), align_str=0.000
2026-03-28 19:58:39  INFO      TradingRunner: EXIT [NASDAQ:NVDA #12345 BUY  pnl=+200.00] — D1 flipped bearish (-0.634)
2026-03-28 19:58:39  INFO      MT5Executor: SIMULATION: Closed position 12345
2026-03-28 19:59:38  INFO      MT5Executor: SIMULATION: Partial close 40% of #12345
2026-03-28 19:59:38  INFO      TrailingStopManager: [RISKY] PARTIAL TP BUY NASDAQ:NVDA #12345: 40% locked in at +1R (entry=150.00000 price=152.00000)
2026-03-28 19:59:38  INFO      TrailingStopManager: SL lock BUY  NASDAQ:NVDA #12345 [stage 1]: 148.00000 → 150.00000  (entry=150.00000 price=152.00000 1R=2.00000)
2026-03-28 19:59:38  INFO      MT5Executor: SIMULATION: Modified SL for position 12345: 150.0
2026-03-28 19:59:39  INFO      TradingGraph: Running agents for NASDAQ:NVDA
2026-03-28 19:59:39  INFO      TradingGraph: Completed 14 agents
2026-03-28 19:59:39  INFO      TradingGraph: Fusing timeframe signals
2026-03-28 19:59:39  INFO      TradingGraph: Fusion: L=-0.664(csns=1.00), M=-0.520(csns=1.00), S=-0.055(csns=0.50), align_str=0.266
2026-03-28 19:59:39  INFO      TradingRunner: EXIT [NASDAQ:NVDA #12345 BUY  pnl=+200.00] — D1 flipped bearish (-0.664)
2026-03-28 19:59:39  INFO      MT5Executor: SIMULATION: Closed position 12345
2026-03-28 20:00:39  INFO      MT5Executor: SIMULATION: Partial close 40% of #12345
2026-03-28 20:00:39  INFO      TrailingStopManager: [RISKY] PARTIAL TP BUY NASDAQ:NVDA #12345: 40% locked in at +1R (entry=150.00000 price=152.00000)
2026-03-28 20:00:39  INFO      TrailingStopManager: SL lock BUY  NASDAQ:NVDA #12345 [stage 1]: 148.00000 → 150.00000  (entry=150.00000 price=152.00000 1R=2.00000)
2026-03-28 20:00:39  INFO      MT5Executor: SIMULATION: Modified SL for position 12345: 150.0
2026-03-28 20:00:39  INFO      TradingGraph: Running agents for NASDAQ:NVDA
2026-03-28 20:00:39  INFO      TradingGraph: Completed 14 agents
2026-03-28 20:00:39  INFO      TradingGraph: Fusing timeframe signals
2026-03-28 20:00:39  INFO      TradingGraph: Fusion: L=-0.624(csns=1.00), M=-0.273(csns=0.67), S=0.008(csns=0.67), align_str=0.000
2026-03-28 20:00:39  INFO      TradingRunner: EXIT [NASDAQ:NVDA #12345 BUY  pnl=+200.00] — D1 flipped bearish (-0.624)
2026-03-28 20:00:39  INFO      MT5Executor: SIMULATION: Closed position 12345
2026-03-28 20:01:39  INFO      MT5Executor: SIMULATION: Partial close 40% of #12345
2026-03-28 20:01:39  INFO      TrailingStopManager: [RISKY] PARTIAL TP BUY NASDAQ:NVDA #12345: 40% locked in at +1R (entry=150.00000 price=152.00000)
2026-03-28 20:01:39  INFO      TrailingStopManager: SL lock BUY  NASDAQ:NVDA #12345 [stage 1]: 148.00000 → 150.00000  (entry=150.00000 price=152.00000 1R=2.00000)
2026-03-28 20:01:39  INFO      MT5Executor: SIMULATION: Modified SL for position 12345: 150.0
2026-03-28 20:01:39  INFO      TradingGraph: Running agents for NASDAQ:NVDA
2026-03-28 20:01:39  INFO      TradingGraph: Completed 14 agents
2026-03-28 20:01:39  INFO      TradingGraph: Fusing timeframe signals
2026-03-28 20:01:39  INFO      TradingGraph: Fusion: L=-0.658(csns=1.00), M=0.582(csns=1.00), S=0.103(csns=0.75), align_str=0.000
2026-03-28 20:01:39  INFO      TradingRunner: EXIT [NASDAQ:NVDA #12345 BUY  pnl=+200.00] — D1 flipped bearish (-0.658)
2026-03-28 20:01:39  INFO      MT5Executor: SIMULATION: Closed position 12345
2026-03-28 20:02:39  INFO      MT5Executor: SIMULATION: Partial close 40% of #12345
2026-03-28 20:02:39  INFO      TrailingStopManager: [RISKY] PARTIAL TP BUY NASDAQ:NVDA #12345: 40% locked in at +1R (entry=150.00000 price=152.00000)
2026-03-28 20:02:39  INFO      TrailingStopManager: SL lock BUY  NASDAQ:NVDA #12345 [stage 1]: 148.00000 → 150.00000  (entry=150.00000 price=152.00000 1R=2.00000)
2026-03-28 20:02:39  INFO      MT5Executor: SIMULATION: Modified SL for position 12345: 150.0
2026-03-28 20:02:39  INFO      TradingGraph: Running agents for NASDAQ:NVDA
2026-03-28 20:02:39  INFO      TradingGraph: Completed 14 agents
2026-03-28 20:02:39  INFO      TradingGraph: Fusing timeframe signals
2026-03-28 20:02:39  INFO      TradingGraph: Fusion: L=-0.619(csns=1.00), M=-0.010(csns=0.67), S=0.036(csns=0.40), align_str=0.000
2026-03-28 20:02:39  INFO      TradingRunner: EXIT [NASDAQ:NVDA #12345 BUY  pnl=+200.00] — D1 flipped bearish (-0.619)
2026-03-28 20:02:39  INFO      MT5Executor: SIMULATION: Closed position 12345
2026-03-28 20:03:29  WARNING   TradingRunner: Max daily trades (6) reached — no further entries today
2026-03-28 20:03:29  INFO      TradingRunner: PnL — unrealized: +200.00  realized today: +0.00  total: +200.00
2026-03-28 20:03:29  INFO      TradingRunner: Signal cycle done in 3.3s — sleeping 297s
2026-03-28 20:03:39  INFO      MT5Executor: SIMULATION: Partial close 40% of #12345
2026-03-28 20:03:39  INFO      TrailingStopManager: [RISKY] PARTIAL TP BUY NASDAQ:NVDA #12345: 40% locked in at +1R (entry=150.00000 price=152.00000)
2026-03-28 20:03:39  INFO      TrailingStopManager: SL lock BUY  NASDAQ:NVDA #12345 [stage 1]: 148.00000 → 150.00000  (entry=150.00000 price=152.00000 1R=2.00000)
2026-03-28 20:03:39  INFO      MT5Executor: SIMULATION: Modified SL for position 12345: 150.0
2026-03-28 20:03:39  INFO      TradingGraph: Running agents for NASDAQ:NVDA
2026-03-28 20:03:39  INFO      TradingGraph: Completed 14 agents
2026-03-28 20:03:39  INFO      TradingGraph: Fusing timeframe signals
2026-03-28 20:03:39  INFO      TradingGraph: Fusion: L=-0.606(csns=1.00), M=-0.125(csns=1.00), S=0.101(csns=0.60), align_str=0.000
2026-03-28 20:03:39  INFO      TradingRunner: EXIT [NASDAQ:NVDA #12345 BUY  pnl=+200.00] — D1 flipped bearish (-0.606)
2026-03-28 20:03:39  INFO      MT5Executor: SIMULATION: Closed position 12345
2026-03-28 20:04:39  INFO      MT5Executor: SIMULATION: Partial close 40% of #12345
2026-03-28 20:04:39  INFO      TrailingStopManager: [RISKY] PARTIAL TP BUY NASDAQ:NVDA #12345: 40% locked in at +1R (entry=150.00000 price=152.00000)
2026-03-28 20:04:39  INFO      TrailingStopManager: SL lock BUY  NASDAQ:NVDA #12345 [stage 1]: 148.00000 → 150.00000  (entry=150.00000 price=152.00000 1R=2.00000)
2026-03-28 20:04:39  INFO      MT5Executor: SIMULATION: Modified SL for position 12345: 150.0
2026-03-28 20:04:39  INFO      TradingGraph: Running agents for NASDAQ:NVDA
2026-03-28 20:04:39  INFO      TradingGraph: Completed 14 agents
2026-03-28 20:04:39  INFO      TradingGraph: Fusing timeframe signals
2026-03-28 20:04:39  INFO      TradingGraph: Fusion: L=-0.648(csns=1.00), M=0.308(csns=0.67), S=0.133(csns=0.80), align_str=0.000
2026-03-28 20:04:39  INFO      TradingRunner: EXIT [NASDAQ:NVDA #12345 BUY  pnl=+200.00] — D1 flipped bearish (-0.648)
2026-03-28 20:04:39  INFO      MT5Executor: SIMULATION: Closed position 12345
2026-03-28 20:05:39  INFO      MT5Executor: SIMULATION: Partial close 40% of #12345
2026-03-28 20:05:39  INFO      TrailingStopManager: [RISKY] PARTIAL TP BUY NASDAQ:NVDA #12345: 40% locked in at +1R (entry=150.00000 price=152.00000)
2026-03-28 20:05:39  INFO      TrailingStopManager: SL lock BUY  NASDAQ:NVDA #12345 [stage 1]: 148.00000 → 150.00000  (entry=150.00000 price=152.00000 1R=2.00000)
2026-03-28 20:05:39  INFO      MT5Executor: SIMULATION: Modified SL for position 12345: 150.0
2026-03-28 20:05:39  INFO      TradingGraph: Running agents for NASDAQ:NVDA
2026-03-28 20:05:39  INFO      TradingRunner: [WATCHDOG] alive | equity=100200.0 | cycle=87 | profile=risky
2026-03-28 20:05:39  INFO      TradingGraph: Completed 14 agents
2026-03-28 20:05:39  INFO      TradingGraph: Fusing timeframe signals
2026-03-28 20:05:39  INFO      TradingGraph: Fusion: L=-0.605(csns=1.00), M=-0.137(csns=1.00), S=0.007(csns=0.60), align_str=0.000
2026-03-28 20:05:39  INFO      TradingRunner: EXIT [NASDAQ:NVDA #12345 BUY  pnl=+200.00] — D1 flipped bearish (-0.605)
2026-03-28 20:05:39  INFO      MT5Executor: SIMULATION: Closed position 12345
2026-03-28 20:06:39  INFO      MT5Executor: SIMULATION: Partial close 40% of #12345
2026-03-28 20:06:39  INFO      TrailingStopManager: [RISKY] PARTIAL TP BUY NASDAQ:NVDA #12345: 40% locked in at +1R (entry=150.00000 price=152.00000)
2026-03-28 20:06:39  INFO      TrailingStopManager: SL lock BUY  NASDAQ:NVDA #12345 [stage 1]: 148.00000 → 150.00000  (entry=150.00000 price=152.00000 1R=2.00000)
2026-03-28 20:06:39  INFO      MT5Executor: SIMULATION: Modified SL for position 12345: 150.0
2026-03-28 20:06:39  INFO      TradingGraph: Running agents for NASDAQ:NVDA
2026-03-28 20:06:39  INFO      TradingGraph: Completed 14 agents
2026-03-28 20:06:39  INFO      TradingGraph: Fusing timeframe signals
2026-03-28 20:06:39  INFO      TradingGraph: Fusion: L=-0.623(csns=1.00), M=-0.010(csns=0.67), S=0.124(csns=0.83), align_str=0.000
2026-03-28 20:06:39  INFO      TradingRunner: EXIT [NASDAQ:NVDA #12345 BUY  pnl=+200.00] — D1 flipped bearish (-0.623)
2026-03-28 20:06:39  INFO      MT5Executor: SIMULATION: Closed position 12345
2026-03-28 20:07:39  INFO      MT5Executor: SIMULATION: Partial close 40% of #12345
2026-03-28 20:07:39  INFO      TrailingStopManager: [RISKY] PARTIAL TP BUY NASDAQ:NVDA #12345: 40% locked in at +1R (entry=150.00000 price=152.00000)
2026-03-28 20:07:39  INFO      TrailingStopManager: SL lock BUY  NASDAQ:NVDA #12345 [stage 1]: 148.00000 → 150.00000  (entry=150.00000 price=152.00000 1R=2.00000)
2026-03-28 20:07:39  INFO      MT5Executor: SIMULATION: Modified SL for position 12345: 150.0
2026-03-28 20:07:39  INFO      TradingGraph: Running agents for NASDAQ:NVDA
2026-03-28 20:07:39  INFO      TradingGraph: Completed 14 agents
2026-03-28 20:07:39  INFO      TradingGraph: Fusing timeframe signals
2026-03-28 20:07:39  INFO      TradingGraph: Fusion: L=-0.615(csns=1.00), M=0.001(csns=0.50), S=0.050(csns=0.33), align_str=0.000
2026-03-28 20:07:39  INFO      TradingRunner: EXIT [NASDAQ:NVDA #12345 BUY  pnl=+200.00] — D1 flipped bearish (-0.615)
2026-03-28 20:07:39  INFO      MT5Executor: SIMULATION: Closed position 12345
2026-03-28 20:08:29  WARNING   TradingRunner: Max daily trades (6) reached — no further entries today
2026-03-28 20:08:29  INFO      TradingRunner: PnL — unrealized: +200.00  realized today: +0.00  total: +200.00
2026-03-28 20:08:29  INFO      TradingRunner: Signal cycle done in 3.2s — sleeping 297s
2026-03-28 20:08:39  INFO      MT5Executor: SIMULATION: Partial close 40% of #12345
2026-03-28 20:08:39  INFO      TrailingStopManager: [RISKY] PARTIAL TP BUY NASDAQ:NVDA #12345: 40% locked in at +1R (entry=150.00000 price=152.00000)
2026-03-28 20:08:39  INFO      TrailingStopManager: SL lock BUY  NASDAQ:NVDA #12345 [stage 1]: 148.00000 → 150.00000  (entry=150.00000 price=152.00000 1R=2.00000)
2026-03-28 20:08:39  INFO      MT5Executor: SIMULATION: Modified SL for position 12345: 150.0
2026-03-28 20:08:39  INFO      TradingGraph: Running agents for NASDAQ:NVDA
2026-03-28 20:08:39  INFO      TradingGraph: Completed 14 agents
2026-03-28 20:08:39  INFO      TradingGraph: Fusing timeframe signals
2026-03-28 20:08:39  INFO      TradingGraph: Fusion: L=-0.634(csns=1.00), M=0.269(csns=1.00), S=0.007(csns=0.60), align_str=0.000
2026-03-28 20:08:39  INFO      TradingRunner: EXIT [NASDAQ:NVDA #12345 BUY  pnl=+200.00] — D1 flipped bearish (-0.634)
2026-03-28 20:08:39  INFO      MT5Executor: SIMULATION: Closed position 12345
2026-03-28 20:09:39  INFO      MT5Executor: SIMULATION: Partial close 40% of #12345
2026-03-28 20:09:39  INFO      TrailingStopManager: [RISKY] PARTIAL TP BUY NASDAQ:NVDA #12345: 40% locked in at +1R (entry=150.00000 price=152.00000)
2026-03-28 20:09:39  INFO      TrailingStopManager: SL lock BUY  NASDAQ:NVDA #12345 [stage 1]: 148.00000 → 150.00000  (entry=150.00000 price=152.00000 1R=2.00000)
2026-03-28 20:09:39  INFO      MT5Executor: SIMULATION: Modified SL for position 12345: 150.0
2026-03-28 20:09:39  INFO      TradingGraph: Running agents for NASDAQ:NVDA
2026-03-28 20:09:39  INFO      TradingGraph: Completed 14 agents
2026-03-28 20:09:39  INFO      TradingGraph: Fusing timeframe signals
2026-03-28 20:09:39  INFO      TradingGraph: Fusion: L=-0.615(csns=1.00), M=-0.004(csns=0.50), S=0.010(csns=0.60), align_str=0.000
2026-03-28 20:09:39  INFO      TradingRunner: EXIT [NASDAQ:NVDA #12345 BUY  pnl=+200.00] — D1 flipped bearish (-0.615)
2026-03-28 20:09:39  INFO      MT5Executor: SIMULATION: Closed position 12345
2026-03-28 20:10:39  INFO      MT5Executor: SIMULATION: Partial close 40% of #12345
2026-03-28 20:10:39  INFO      TrailingStopManager: [RISKY] PARTIAL TP BUY NASDAQ:NVDA #12345: 40% locked in at +1R (entry=150.00000 price=152.00000)
2026-03-28 20:10:39  INFO      TrailingStopManager: SL lock BUY  NASDAQ:NVDA #12345 [stage 1]: 148.00000 → 150.00000  (entry=150.00000 price=152.00000 1R=2.00000)
2026-03-28 20:10:39  INFO      MT5Executor: SIMULATION: Modified SL for position 12345: 150.0
2026-03-28 20:10:39  INFO      TradingGraph: Running agents for NASDAQ:NVDA
2026-03-28 20:10:39  INFO      TradingGraph: Completed 14 agents
2026-03-28 20:10:39  INFO      TradingGraph: Fusing timeframe signals
2026-03-28 20:10:39  INFO      TradingGraph: Fusion: L=-0.648(csns=1.00), M=0.443(csns=1.00), S=0.033(csns=0.40), align_str=0.000
2026-03-28 20:10:39  INFO      TradingRunner: EXIT [NASDAQ:NVDA #12345 BUY  pnl=+200.00] — D1 flipped bearish (-0.648)
2026-03-28 20:10:39  INFO      MT5Executor: SIMULATION: Closed position 12345
2026-03-28 20:11:39  INFO      MT5Executor: SIMULATION: Partial close 40% of #12345
2026-03-28 20:11:39  INFO      TrailingStopManager: [RISKY] PARTIAL TP BUY NASDAQ:NVDA #12345: 40% locked in at +1R (entry=150.00000 price=152.00000)
2026-03-28 20:11:39  INFO      TrailingStopManager: SL lock BUY  NASDAQ:NVDA #12345 [stage 1]: 148.00000 → 150.00000  (entry=150.00000 price=152.00000 1R=2.00000)
2026-03-28 20:11:39  INFO      MT5Executor: SIMULATION: Modified SL for position 12345: 150.0
2026-03-28 20:11:39  INFO      TradingGraph: Running agents for NASDAQ:NVDA
2026-03-28 20:11:39  INFO      TradingGraph: Completed 14 agents
2026-03-28 20:11:39  INFO      TradingGraph: Fusing timeframe signals
2026-03-28 20:11:39  INFO      TradingGraph: Fusion: L=-0.658(csns=1.00), M=0.582(csns=1.00), S=0.103(csns=0.75), align_str=0.000
2026-03-28 20:11:39  INFO      TradingRunner: EXIT [NASDAQ:NVDA #12345 BUY  pnl=+200.00] — D1 flipped bearish (-0.658)
2026-03-28 20:11:39  INFO      MT5Executor: SIMULATION: Closed position 12345
2026-03-28 20:12:39  INFO      MT5Executor: SIMULATION: Partial close 40% of #12345
2026-03-28 20:12:39  INFO      TrailingStopManager: [RISKY] PARTIAL TP BUY NASDAQ:NVDA #12345: 40% locked in at +1R (entry=150.00000 price=152.00000)
2026-03-28 20:12:39  INFO      TrailingStopManager: SL lock BUY  NASDAQ:NVDA #12345 [stage 1]: 148.00000 → 150.00000  (entry=150.00000 price=152.00000 1R=2.00000)
2026-03-28 20:12:39  INFO      MT5Executor: SIMULATION: Modified SL for position 12345: 150.0
2026-03-28 20:12:39  INFO      TradingGraph: Running agents for NASDAQ:NVDA
2026-03-28 20:12:39  INFO      TradingGraph: Completed 14 agents
2026-03-28 20:12:39  INFO      TradingGraph: Fusing timeframe signals
2026-03-28 20:12:39  INFO      TradingGraph: Fusion: L=-0.619(csns=1.00), M=-0.010(csns=0.67), S=0.036(csns=0.40), align_str=0.000
2026-03-28 20:12:39  INFO      TradingRunner: EXIT [NASDAQ:NVDA #12345 BUY  pnl=+200.00] — D1 flipped bearish (-0.619)
2026-03-28 20:12:39  INFO      MT5Executor: SIMULATION: Closed position 12345
2026-03-28 20:13:28  WARNING   TradingRunner: Max daily trades (6) reached — no further entries today
2026-03-28 20:13:28  INFO      TradingRunner: PnL — unrealized: +200.00  realized today: +0.00  total: +200.00
2026-03-28 20:13:28  INFO      TradingRunner: Signal cycle done in 3.0s — sleeping 297s
2026-03-28 20:13:39  INFO      MT5Executor: SIMULATION: Partial close 40% of #12345
2026-03-28 20:13:39  INFO      TrailingStopManager: [RISKY] PARTIAL TP BUY NASDAQ:NVDA #12345: 40% locked in at +1R (entry=150.00000 price=152.00000)
2026-03-28 20:13:39  INFO      TrailingStopManager: SL lock BUY  NASDAQ:NVDA #12345 [stage 1]: 148.00000 → 150.00000  (entry=150.00000 price=152.00000 1R=2.00000)
2026-03-28 20:13:39  INFO      MT5Executor: SIMULATION: Modified SL for position 12345: 150.0
2026-03-28 20:13:39  INFO      TradingGraph: Running agents for NASDAQ:NVDA
2026-03-28 20:13:39  INFO      TradingGraph: Completed 14 agents
2026-03-28 20:13:39  INFO      TradingGraph: Fusing timeframe signals
2026-03-28 20:13:39  INFO      TradingGraph: Fusion: L=-0.622(csns=1.00), M=-0.002(csns=0.50), S=0.005(csns=0.60), align_str=0.000
2026-03-28 20:13:39  INFO      TradingRunner: EXIT [NASDAQ:NVDA #12345 BUY  pnl=+200.00] — D1 flipped bearish (-0.622)
2026-03-28 20:13:39  INFO      MT5Executor: SIMULATION: Closed position 12345
2026-03-28 20:14:39  INFO      MT5Executor: SIMULATION: Partial close 40% of #12345
2026-03-28 20:14:39  INFO      TrailingStopManager: [RISKY] PARTIAL TP BUY NASDAQ:NVDA #12345: 40% locked in at +1R (entry=150.00000 price=152.00000)
2026-03-28 20:14:39  INFO      TrailingStopManager: SL lock BUY  NASDAQ:NVDA #12345 [stage 1]: 148.00000 → 150.00000  (entry=150.00000 price=152.00000 1R=2.00000)
2026-03-28 20:14:39  INFO      MT5Executor: SIMULATION: Modified SL for position 12345: 150.0
2026-03-28 20:14:39  INFO      TradingGraph: Running agents for NASDAQ:NVDA
2026-03-28 20:14:39  INFO      TradingGraph: Completed 14 agents
2026-03-28 20:14:39  INFO      TradingGraph: Fusing timeframe signals
2026-03-28 20:14:39  INFO      TradingGraph: Fusion: L=-0.622(csns=1.00), M=0.262(csns=1.00), S=0.051(csns=0.40), align_str=0.000
2026-03-28 20:14:39  INFO      TradingRunner: EXIT [NASDAQ:NVDA #12345 BUY  pnl=+200.00] — D1 flipped bearish (-0.622)
2026-03-28 20:14:39  INFO      MT5Executor: SIMULATION: Closed position 12345
2026-03-28 20:15:39  INFO      MT5Executor: SIMULATION: Partial close 40% of #12345
2026-03-28 20:15:39  INFO      TrailingStopManager: [RISKY] PARTIAL TP BUY NASDAQ:NVDA #12345: 40% locked in at +1R (entry=150.00000 price=152.00000)
2026-03-28 20:15:39  INFO      TrailingStopManager: SL lock BUY  NASDAQ:NVDA #12345 [stage 1]: 148.00000 → 150.00000  (entry=150.00000 price=152.00000 1R=2.00000)
2026-03-28 20:15:39  INFO      MT5Executor: SIMULATION: Modified SL for position 12345: 150.0
2026-03-28 20:15:39  INFO      TradingGraph: Running agents for NASDAQ:NVDA
2026-03-28 20:15:39  INFO      TradingGraph: Completed 14 agents
2026-03-28 20:15:39  INFO      TradingGraph: Fusing timeframe signals
2026-03-28 20:15:39  INFO      TradingGraph: Fusion: L=-0.622(csns=1.00), M=-0.004(csns=0.50), S=0.064(csns=0.40), align_str=0.000
2026-03-28 20:15:39  INFO      TradingRunner: EXIT [NASDAQ:NVDA #12345 BUY  pnl=+200.00] — D1 flipped bearish (-0.622)
2026-03-28 20:15:39  INFO      MT5Executor: SIMULATION: Closed position 12345
2026-03-28 20:16:09  INFO      TradingRunner: [WATCHDOG] alive | equity=100200.0 | cycle=89 | profile=risky
2026-03-28 20:16:39  INFO      MT5Executor: SIMULATION: Partial close 40% of #12345
2026-03-28 20:16:39  INFO      TrailingStopManager: [RISKY] PARTIAL TP BUY NASDAQ:NVDA #12345: 40% locked in at +1R (entry=150.00000 price=152.00000)
2026-03-28 20:16:39  INFO      TrailingStopManager: SL lock BUY  NASDAQ:NVDA #12345 [stage 1]: 148.00000 → 150.00000  (entry=150.00000 price=152.00000 1R=2.00000)
2026-03-28 20:16:39  INFO      MT5Executor: SIMULATION: Modified SL for position 12345: 150.0
2026-03-28 20:16:39  INFO      TradingGraph: Running agents for NASDAQ:NVDA
2026-03-28 20:16:39  INFO      TradingGraph: Completed 14 agents
2026-03-28 20:16:39  INFO      TradingGraph: Fusing timeframe signals
2026-03-28 20:16:39  INFO      TradingGraph: Fusion: L=-0.622(csns=1.00), M=0.262(csns=1.00), S=0.050(csns=0.40), align_str=0.000
2026-03-28 20:16:39  INFO      TradingRunner: EXIT [NASDAQ:NVDA #12345 BUY  pnl=+200.00] — D1 flipped bearish (-0.622)
2026-03-28 20:16:39  INFO      MT5Executor: SIMULATION: Closed position 12345
2026-03-28 20:17:39  INFO      MT5Executor: SIMULATION: Partial close 40% of #12345
2026-03-28 20:17:39  INFO      TrailingStopManager: [RISKY] PARTIAL TP BUY NASDAQ:NVDA #12345: 40% locked in at +1R (entry=150.00000 price=152.00000)
2026-03-28 20:17:39  INFO      TrailingStopManager: SL lock BUY  NASDAQ:NVDA #12345 [stage 1]: 148.00000 → 150.00000  (entry=150.00000 price=152.00000 1R=2.00000)
2026-03-28 20:17:39  INFO      MT5Executor: SIMULATION: Modified SL for position 12345: 150.0
2026-03-28 20:17:39  INFO      TradingGraph: Running agents for NASDAQ:NVDA
2026-03-28 20:17:39  INFO      TradingGraph: Completed 14 agents
2026-03-28 20:17:39  INFO      TradingGraph: Fusing timeframe signals
2026-03-28 20:17:39  INFO      TradingGraph: Fusion: L=-0.611(csns=1.00), M=-0.354(csns=1.00), S=0.114(csns=0.75), align_str=0.000
2026-03-28 20:17:39  INFO      TradingRunner: EXIT [NASDAQ:NVDA #12345 BUY  pnl=+200.00] — D1 flipped bearish (-0.611)
2026-03-28 20:17:39  INFO      MT5Executor: SIMULATION: Closed position 12345
2026-03-28 20:18:28  WARNING   TradingRunner: Max daily trades (6) reached — no further entries today
2026-03-28 20:18:28  INFO      TradingRunner: PnL — unrealized: +200.00  realized today: +0.00  total: +200.00
2026-03-28 20:18:28  INFO      TradingRunner: Signal cycle done in 2.9s — sleeping 297s
2026-03-28 20:18:39  INFO      MT5Executor: SIMULATION: Partial close 40% of #12345
2026-03-28 20:18:39  INFO      TrailingStopManager: [RISKY] PARTIAL TP BUY NASDAQ:NVDA #12345: 40% locked in at +1R (entry=150.00000 price=152.00000)
2026-03-28 20:18:39  INFO      TrailingStopManager: SL lock BUY  NASDAQ:NVDA #12345 [stage 1]: 148.00000 → 150.00000  (entry=150.00000 price=152.00000 1R=2.00000)
2026-03-28 20:18:39  INFO      MT5Executor: SIMULATION: Modified SL for position 12345: 150.0
2026-03-28 20:18:39  INFO      TradingGraph: Running agents for NASDAQ:NVDA
2026-03-28 20:18:39  INFO      TradingGraph: Completed 14 agents
2026-03-28 20:18:39  INFO      TradingGraph: Fusing timeframe signals
2026-03-28 20:18:39  INFO      TradingGraph: Fusion: L=-0.648(csns=1.00), M=0.308(csns=0.67), S=0.134(csns=0.80), align_str=0.000
2026-03-28 20:18:39  INFO      TradingRunner: EXIT [NASDAQ:NVDA #12345 BUY  pnl=+200.00] — D1 flipped bearish (-0.648)
2026-03-28 20:18:39  INFO      MT5Executor: SIMULATION: Closed position 12345
2026-03-28 20:19:39  INFO      MT5Executor: SIMULATION: Partial close 40% of #12345
2026-03-28 20:19:39  INFO      TrailingStopManager: [RISKY] PARTIAL TP BUY NASDAQ:NVDA #12345: 40% locked in at +1R (entry=150.00000 price=152.00000)
2026-03-28 20:19:39  INFO      TrailingStopManager: SL lock BUY  NASDAQ:NVDA #12345 [stage 1]: 148.00000 → 150.00000  (entry=150.00000 price=152.00000 1R=2.00000)
2026-03-28 20:19:39  INFO      MT5Executor: SIMULATION: Modified SL for position 12345: 150.0
2026-03-28 20:19:40  INFO      TradingGraph: Running agents for NASDAQ:NVDA
2026-03-28 20:19:40  INFO      TradingGraph: Completed 14 agents
2026-03-28 20:19:40  INFO      TradingGraph: Fusing timeframe signals
2026-03-28 20:19:40  INFO      TradingGraph: Fusion: L=-0.623(csns=1.00), M=-0.010(csns=0.67), S=0.125(csns=0.83), align_str=0.000
2026-03-28 20:19:40  INFO      TradingRunner: EXIT [NASDAQ:NVDA #12345 BUY  pnl=+200.00] — D1 flipped bearish (-0.623)
2026-03-28 20:19:40  INFO      MT5Executor: SIMULATION: Closed position 12345
2026-03-28 20:20:39  INFO      MT5Executor: SIMULATION: Partial close 40% of #12345
2026-03-28 20:20:39  INFO      TrailingStopManager: [RISKY] PARTIAL TP BUY NASDAQ:NVDA #12345: 40% locked in at +1R (entry=150.00000 price=152.00000)
2026-03-28 20:20:39  INFO      TrailingStopManager: SL lock BUY  NASDAQ:NVDA #12345 [stage 1]: 148.00000 → 150.00000  (entry=150.00000 price=152.00000 1R=2.00000)
2026-03-28 20:20:39  INFO      MT5Executor: SIMULATION: Modified SL for position 12345: 150.0
2026-03-28 20:20:40  INFO      TradingGraph: Running agents for NASDAQ:NVDA
2026-03-28 20:20:40  INFO      TradingGraph: Completed 14 agents
2026-03-28 20:20:40  INFO      TradingGraph: Fusing timeframe signals
2026-03-28 20:20:40  INFO      TradingGraph: Fusion: L=-0.622(csns=1.00), M=0.262(csns=1.00), S=0.050(csns=0.40), align_str=0.000
2026-03-28 20:20:40  INFO      TradingRunner: EXIT [NASDAQ:NVDA #12345 BUY  pnl=+200.00] — D1 flipped bearish (-0.622)
2026-03-28 20:20:40  INFO      MT5Executor: SIMULATION: Closed position 12345
2026-03-28 20:21:39  INFO      MT5Executor: SIMULATION: Partial close 40% of #12345
2026-03-28 20:21:39  INFO      TrailingStopManager: [RISKY] PARTIAL TP BUY NASDAQ:NVDA #12345: 40% locked in at +1R (entry=150.00000 price=152.00000)
2026-03-28 20:21:39  INFO      TrailingStopManager: SL lock BUY  NASDAQ:NVDA #12345 [stage 1]: 148.00000 → 150.00000  (entry=150.00000 price=152.00000 1R=2.00000)
2026-03-28 20:21:39  INFO      MT5Executor: SIMULATION: Modified SL for position 12345: 150.0
2026-03-28 20:21:40  INFO      TradingGraph: Running agents for NASDAQ:NVDA
2026-03-28 20:21:40  INFO      TradingGraph: Completed 14 agents
2026-03-28 20:21:40  INFO      TradingGraph: Fusing timeframe signals
2026-03-28 20:21:40  INFO      TradingGraph: Fusion: L=-0.646(csns=1.00), M=0.457(csns=1.00), S=0.103(csns=0.60), align_str=0.000
2026-03-28 20:21:40  INFO      TradingRunner: EXIT [NASDAQ:NVDA #12345 BUY  pnl=+200.00] — D1 flipped bearish (-0.646)
2026-03-28 20:21:40  INFO      MT5Executor: SIMULATION: Closed position 12345
2026-03-28 20:22:39  INFO      MT5Executor: SIMULATION: Partial close 40% of #12345
2026-03-28 20:22:39  INFO      TrailingStopManager: [RISKY] PARTIAL TP BUY NASDAQ:NVDA #12345: 40% locked in at +1R (entry=150.00000 price=152.00000)
2026-03-28 20:22:39  INFO      TrailingStopManager: SL lock BUY  NASDAQ:NVDA #12345 [stage 1]: 148.00000 → 150.00000  (entry=150.00000 price=152.00000 1R=2.00000)
2026-03-28 20:22:39  INFO      MT5Executor: SIMULATION: Modified SL for position 12345: 150.0
2026-03-28 20:22:40  INFO      TradingGraph: Running agents for NASDAQ:NVDA
2026-03-28 20:22:40  INFO      TradingGraph: Completed 14 agents
2026-03-28 20:22:40  INFO      TradingGraph: Fusing timeframe signals
2026-03-28 20:22:40  INFO      TradingGraph: Fusion: L=-0.622(csns=1.00), M=-0.004(csns=0.50), S=0.064(csns=0.40), align_str=0.000
2026-03-28 20:22:40  INFO      TradingRunner: EXIT [NASDAQ:NVDA #12345 BUY  pnl=+200.00] — D1 flipped bearish (-0.622)
2026-03-28 20:22:40  INFO      MT5Executor: SIMULATION: Closed position 12345
2026-03-28 20:23:29  WARNING   TradingRunner: Max daily trades (6) reached — no further entries today
2026-03-28 20:23:29  INFO      TradingRunner: PnL — unrealized: +200.00  realized today: +0.00  total: +200.00
2026-03-28 20:23:29  INFO      TradingRunner: Signal cycle done in 3.4s — sleeping 297s
2026-03-28 20:23:39  INFO      MT5Executor: SIMULATION: Partial close 40% of #12345
2026-03-28 20:23:39  INFO      TrailingStopManager: [RISKY] PARTIAL TP BUY NASDAQ:NVDA #12345: 40% locked in at +1R (entry=150.00000 price=152.00000)
2026-03-28 20:23:39  INFO      TrailingStopManager: SL lock BUY  NASDAQ:NVDA #12345 [stage 1]: 148.00000 → 150.00000  (entry=150.00000 price=152.00000 1R=2.00000)
2026-03-28 20:23:39  INFO      MT5Executor: SIMULATION: Modified SL for position 12345: 150.0
2026-03-28 20:23:40  INFO      TradingGraph: Running agents for NASDAQ:NVDA
2026-03-28 20:23:40  INFO      TradingGraph: Completed 14 agents
2026-03-28 20:23:40  INFO      TradingGraph: Fusing timeframe signals
2026-03-28 20:23:40  INFO      TradingGraph: Fusion: L=-0.607(csns=1.00), M=-0.536(csns=1.00), S=0.014(csns=0.60), align_str=0.000
2026-03-28 20:23:40  INFO      TradingRunner: EXIT [NASDAQ:NVDA #12345 BUY  pnl=+200.00] — D1 flipped bearish (-0.607)
2026-03-28 20:23:40  INFO      MT5Executor: SIMULATION: Closed position 12345
2026-03-28 20:24:39  INFO      MT5Executor: SIMULATION: Partial close 40% of #12345
2026-03-28 20:24:39  INFO      TrailingStopManager: [RISKY] PARTIAL TP BUY NASDAQ:NVDA #12345: 40% locked in at +1R (entry=150.00000 price=152.00000)
2026-03-28 20:24:39  INFO      TrailingStopManager: SL lock BUY  NASDAQ:NVDA #12345 [stage 1]: 148.00000 → 150.00000  (entry=150.00000 price=152.00000 1R=2.00000)
2026-03-28 20:24:39  INFO      MT5Executor: SIMULATION: Modified SL for position 12345: 150.0
2026-03-28 20:24:40  INFO      TradingGraph: Running agents for NASDAQ:NVDA
2026-03-28 20:24:40  INFO      TradingGraph: Completed 14 agents
2026-03-28 20:24:40  INFO      TradingGraph: Fusing timeframe signals
2026-03-28 20:24:40  INFO      TradingGraph: Fusion: L=-0.619(csns=1.00), M=-0.010(csns=0.67), S=0.035(csns=0.40), align_str=0.000
2026-03-28 20:24:40  INFO      TradingRunner: EXIT [NASDAQ:NVDA #12345 BUY  pnl=+200.00] — D1 flipped bearish (-0.619)
2026-03-28 20:24:40  INFO      MT5Executor: SIMULATION: Closed position 12345
2026-03-28 20:25:40  INFO      MT5Executor: SIMULATION: Partial close 40% of #12345
2026-03-28 20:25:40  INFO      TrailingStopManager: [RISKY] PARTIAL TP BUY NASDAQ:NVDA #12345: 40% locked in at +1R (entry=150.00000 price=152.00000)
2026-03-28 20:25:40  INFO      TrailingStopManager: SL lock BUY  NASDAQ:NVDA #12345 [stage 1]: 148.00000 → 150.00000  (entry=150.00000 price=152.00000 1R=2.00000)
2026-03-28 20:25:40  INFO      MT5Executor: SIMULATION: Modified SL for position 12345: 150.0
2026-03-28 20:25:40  INFO      TradingGraph: Running agents for NASDAQ:NVDA
2026-03-28 20:25:40  INFO      TradingGraph: Completed 14 agents
2026-03-28 20:25:40  INFO      TradingGraph: Fusing timeframe signals
2026-03-28 20:25:40  INFO      TradingGraph: Fusion: L=-0.619(csns=1.00), M=-0.010(csns=0.67), S=0.035(csns=0.40), align_str=0.000
2026-03-28 20:25:40  INFO      TradingRunner: EXIT [NASDAQ:NVDA #12345 BUY  pnl=+200.00] — D1 flipped bearish (-0.619)
2026-03-28 20:25:40  INFO      MT5Executor: SIMULATION: Closed position 12345
2026-03-28 20:26:40  INFO      MT5Executor: SIMULATION: Partial close 40% of #12345
2026-03-28 20:26:40  INFO      TrailingStopManager: [RISKY] PARTIAL TP BUY NASDAQ:NVDA #12345: 40% locked in at +1R (entry=150.00000 price=152.00000)
2026-03-28 20:26:40  INFO      TrailingStopManager: SL lock BUY  NASDAQ:NVDA #12345 [stage 1]: 148.00000 → 150.00000  (entry=150.00000 price=152.00000 1R=2.00000)
2026-03-28 20:26:40  INFO      MT5Executor: SIMULATION: Modified SL for position 12345: 150.0
2026-03-28 20:26:40  INFO      TradingGraph: Running agents for NASDAQ:NVDA
2026-03-28 20:26:40  INFO      TradingRunner: [WATCHDOG] alive | equity=100200.0 | cycle=91 | profile=risky
2026-03-28 20:26:40  INFO      TradingGraph: Completed 14 agents
2026-03-28 20:26:40  INFO      TradingGraph: Fusing timeframe signals
2026-03-28 20:26:40  INFO      TradingGraph: Fusion: L=-0.622(csns=1.00), M=-0.002(csns=0.50), S=0.004(csns=0.60), align_str=0.000
2026-03-28 20:26:40  INFO      TradingRunner: EXIT [NASDAQ:NVDA #12345 BUY  pnl=+200.00] — D1 flipped bearish (-0.622)
2026-03-28 20:26:40  INFO      MT5Executor: SIMULATION: Closed position 12345
2026-03-28 20:27:40  INFO      MT5Executor: SIMULATION: Partial close 40% of #12345
2026-03-28 20:27:40  INFO      TrailingStopManager: [RISKY] PARTIAL TP BUY NASDAQ:NVDA #12345: 40% locked in at +1R (entry=150.00000 price=152.00000)
2026-03-28 20:27:40  INFO      TrailingStopManager: SL lock BUY  NASDAQ:NVDA #12345 [stage 1]: 148.00000 → 150.00000  (entry=150.00000 price=152.00000 1R=2.00000)
2026-03-28 20:27:40  INFO      MT5Executor: SIMULATION: Modified SL for position 12345: 150.0
2026-03-28 20:27:40  INFO      TradingGraph: Running agents for NASDAQ:NVDA
2026-03-28 20:27:40  INFO      TradingGraph: Completed 14 agents
2026-03-28 20:27:40  INFO      TradingGraph: Fusing timeframe signals
2026-03-28 20:27:40  INFO      TradingGraph: Fusion: L=-0.619(csns=1.00), M=-0.010(csns=0.67), S=0.035(csns=0.40), align_str=0.000
2026-03-28 20:27:40  INFO      TradingRunner: EXIT [NASDAQ:NVDA #12345 BUY  pnl=+200.00] — D1 flipped bearish (-0.619)
2026-03-28 20:27:40  INFO      MT5Executor: SIMULATION: Closed position 12345
2026-03-28 20:28:28  WARNING   TradingRunner: Max daily trades (6) reached — no further entries today
2026-03-28 20:28:28  INFO      TradingRunner: PnL — unrealized: +200.00  realized today: +0.00  total: +200.00
2026-03-28 20:28:28  INFO      TradingRunner: Signal cycle done in 2.9s — sleeping 297s
2026-03-28 20:28:40  INFO      MT5Executor: SIMULATION: Partial close 40% of #12345
2026-03-28 20:28:40  INFO      TrailingStopManager: [RISKY] PARTIAL TP BUY NASDAQ:NVDA #12345: 40% locked in at +1R (entry=150.00000 price=152.00000)
2026-03-28 20:28:40  INFO      TrailingStopManager: SL lock BUY  NASDAQ:NVDA #12345 [stage 1]: 148.00000 → 150.00000  (entry=150.00000 price=152.00000 1R=2.00000)
2026-03-28 20:28:40  INFO      MT5Executor: SIMULATION: Modified SL for position 12345: 150.0
2026-03-28 20:28:40  INFO      TradingGraph: Running agents for NASDAQ:NVDA
2026-03-28 20:28:40  INFO      TradingGraph: Completed 14 agents
2026-03-28 20:28:40  INFO      TradingGraph: Fusing timeframe signals
2026-03-28 20:28:40  INFO      TradingGraph: Fusion: L=-0.597(csns=1.00), M=-0.126(csns=1.00), S=0.010(csns=0.67), align_str=0.000
2026-03-28 20:28:40  INFO      TradingRunner: EXIT [NASDAQ:NVDA #12345 BUY  pnl=+200.00] — D1 flipped bearish (-0.597)
2026-03-28 20:28:40  INFO      MT5Executor: SIMULATION: Closed position 12345
2026-03-28 20:29:40  INFO      MT5Executor: SIMULATION: Partial close 40% of #12345
2026-03-28 20:29:40  INFO      TrailingStopManager: [RISKY] PARTIAL TP BUY NASDAQ:NVDA #12345: 40% locked in at +1R (entry=150.00000 price=152.00000)
2026-03-28 20:29:40  INFO      TrailingStopManager: SL lock BUY  NASDAQ:NVDA #12345 [stage 1]: 148.00000 → 150.00000  (entry=150.00000 price=152.00000 1R=2.00000)
2026-03-28 20:29:40  INFO      MT5Executor: SIMULATION: Modified SL for position 12345: 150.0
2026-03-28 20:29:40  INFO      TradingGraph: Running agents for NASDAQ:NVDA
2026-03-28 20:29:40  INFO      TradingGraph: Completed 14 agents
2026-03-28 20:29:40  INFO      TradingGraph: Fusing timeframe signals
2026-03-28 20:29:40  INFO      TradingGraph: Fusion: L=-0.622(csns=1.00), M=-0.002(csns=0.50), S=0.004(csns=0.60), align_str=0.000
2026-03-28 20:29:40  INFO      TradingRunner: EXIT [NASDAQ:NVDA #12345 BUY  pnl=+200.00] — D1 flipped bearish (-0.622)
2026-03-28 20:29:40  INFO      MT5Executor: SIMULATION: Closed position 12345
2026-03-28 20:30:40  INFO      MT5Executor: SIMULATION: Partial close 40% of #12345
2026-03-28 20:30:40  INFO      TrailingStopManager: [RISKY] PARTIAL TP BUY NASDAQ:NVDA #12345: 40% locked in at +1R (entry=150.00000 price=152.00000)
2026-03-28 20:30:40  INFO      TrailingStopManager: SL lock BUY  NASDAQ:NVDA #12345 [stage 1]: 148.00000 → 150.00000  (entry=150.00000 price=152.00000 1R=2.00000)
2026-03-28 20:30:40  INFO      MT5Executor: SIMULATION: Modified SL for position 12345: 150.0
2026-03-28 20:30:40  INFO      TradingGraph: Running agents for NASDAQ:NVDA
2026-03-28 20:30:40  INFO      TradingGraph: Completed 14 agents
2026-03-28 20:30:40  INFO      TradingGraph: Fusing timeframe signals
2026-03-28 20:30:40  INFO      TradingGraph: Fusion: L=-0.648(csns=1.00), M=0.443(csns=1.00), S=0.030(csns=0.40), align_str=0.000
2026-03-28 20:30:40  INFO      TradingRunner: EXIT [NASDAQ:NVDA #12345 BUY  pnl=+200.00] — D1 flipped bearish (-0.648)
2026-03-28 20:30:40  INFO      MT5Executor: SIMULATION: Closed position 12345
2026-03-28 20:31:40  INFO      MT5Executor: SIMULATION: Partial close 40% of #12345
2026-03-28 20:31:40  INFO      TrailingStopManager: [RISKY] PARTIAL TP BUY NASDAQ:NVDA #12345: 40% locked in at +1R (entry=150.00000 price=152.00000)
2026-03-28 20:31:40  INFO      TrailingStopManager: SL lock BUY  NASDAQ:NVDA #12345 [stage 1]: 148.00000 → 150.00000  (entry=150.00000 price=152.00000 1R=2.00000)
2026-03-28 20:31:40  INFO      MT5Executor: SIMULATION: Modified SL for position 12345: 150.0
2026-03-28 20:31:40  INFO      TradingGraph: Running agents for NASDAQ:NVDA
2026-03-28 20:31:40  INFO      TradingGraph: Completed 14 agents
2026-03-28 20:31:40  INFO      TradingGraph: Fusing timeframe signals
2026-03-28 20:31:40  INFO      TradingGraph: Fusion: L=-0.634(csns=1.00), M=0.269(csns=1.00), S=0.007(csns=0.60), align_str=0.000
2026-03-28 20:31:40  INFO      TradingRunner: EXIT [NASDAQ:NVDA #12345 BUY  pnl=+200.00] — D1 flipped bearish (-0.634)
2026-03-28 20:31:40  INFO      MT5Executor: SIMULATION: Closed position 12345
2026-03-28 20:32:40  INFO      MT5Executor: SIMULATION: Partial close 40% of #12345
2026-03-28 20:32:40  INFO      TrailingStopManager: [RISKY] PARTIAL TP BUY NASDAQ:NVDA #12345: 40% locked in at +1R (entry=150.00000 price=152.00000)
2026-03-28 20:32:40  INFO      TrailingStopManager: SL lock BUY  NASDAQ:NVDA #12345 [stage 1]: 148.00000 → 150.00000  (entry=150.00000 price=152.00000 1R=2.00000)
2026-03-28 20:32:40  INFO      MT5Executor: SIMULATION: Modified SL for position 12345: 150.0
2026-03-28 20:32:40  INFO      TradingGraph: Running agents for NASDAQ:NVDA
2026-03-28 20:32:40  INFO      TradingGraph: Completed 14 agents
2026-03-28 20:32:40  INFO      TradingGraph: Fusing timeframe signals
2026-03-28 20:32:40  INFO      TradingGraph: Fusion: L=-0.622(csns=1.00), M=-0.002(csns=0.50), S=0.004(csns=0.60), align_str=0.000
2026-03-28 20:32:40  INFO      TradingRunner: EXIT [NASDAQ:NVDA #12345 BUY  pnl=+200.00] — D1 flipped bearish (-0.622)
2026-03-28 20:32:40  INFO      MT5Executor: SIMULATION: Closed position 12345
2026-03-28 20:33:28  WARNING   TradingRunner: Max daily trades (6) reached — no further entries today
2026-03-28 20:33:28  INFO      TradingRunner: PnL — unrealized: +200.00  realized today: +0.00  total: +200.00
2026-03-28 20:33:28  INFO      TradingRunner: Signal cycle done in 2.9s — sleeping 297s
2026-03-28 20:33:40  INFO      MT5Executor: SIMULATION: Partial close 40% of #12345
2026-03-28 20:33:40  INFO      TrailingStopManager: [RISKY] PARTIAL TP BUY NASDAQ:NVDA #12345: 40% locked in at +1R (entry=150.00000 price=152.00000)
2026-03-28 20:33:40  INFO      TrailingStopManager: SL lock BUY  NASDAQ:NVDA #12345 [stage 1]: 148.00000 → 150.00000  (entry=150.00000 price=152.00000 1R=2.00000)
2026-03-28 20:33:40  INFO      MT5Executor: SIMULATION: Modified SL for position 12345: 150.0
2026-03-28 20:33:40  INFO      TradingGraph: Running agents for NASDAQ:NVDA
2026-03-28 20:33:40  INFO      TradingGraph: Completed 14 agents
2026-03-28 20:33:40  INFO      TradingGraph: Fusing timeframe signals
2026-03-28 20:33:40  INFO      TradingGraph: Fusion: L=-0.622(csns=1.00), M=-0.004(csns=0.50), S=0.030(csns=0.40), align_str=0.000
2026-03-28 20:33:40  INFO      TradingRunner: EXIT [NASDAQ:NVDA #12345 BUY  pnl=+200.00] — D1 flipped bearish (-0.622)
2026-03-28 20:33:40  INFO      MT5Executor: SIMULATION: Closed position 12345
2026-03-28 20:34:40  INFO      MT5Executor: SIMULATION: Partial close 40% of #12345
2026-03-28 20:34:40  INFO      TrailingStopManager: [RISKY] PARTIAL TP BUY NASDAQ:NVDA #12345: 40% locked in at +1R (entry=150.00000 price=152.00000)
2026-03-28 20:34:40  INFO      TrailingStopManager: SL lock BUY  NASDAQ:NVDA #12345 [stage 1]: 148.00000 → 150.00000  (entry=150.00000 price=152.00000 1R=2.00000)
2026-03-28 20:34:40  INFO      MT5Executor: SIMULATION: Modified SL for position 12345: 150.0
2026-03-28 20:34:40  INFO      TradingGraph: Running agents for NASDAQ:NVDA
2026-03-28 20:34:40  INFO      TradingGraph: Completed 14 agents
2026-03-28 20:34:40  INFO      TradingGraph: Fusing timeframe signals
2026-03-28 20:34:40  INFO      TradingGraph: Fusion: L=-0.619(csns=1.00), M=-0.014(csns=0.67), S=0.003(csns=0.40), align_str=0.000
2026-03-28 20:34:40  INFO      TradingRunner: EXIT [NASDAQ:NVDA #12345 BUY  pnl=+200.00] — D1 flipped bearish (-0.619)
2026-03-28 20:34:40  INFO      MT5Executor: SIMULATION: Closed position 12345
2026-03-28 20:35:40  INFO      MT5Executor: SIMULATION: Partial close 40% of #12345
2026-03-28 20:35:40  INFO      TrailingStopManager: [RISKY] PARTIAL TP BUY NASDAQ:NVDA #12345: 40% locked in at +1R (entry=150.00000 price=152.00000)
2026-03-28 20:35:40  INFO      TrailingStopManager: SL lock BUY  NASDAQ:NVDA #12345 [stage 1]: 148.00000 → 150.00000  (entry=150.00000 price=152.00000 1R=2.00000)
2026-03-28 20:35:40  INFO      MT5Executor: SIMULATION: Modified SL for position 12345: 150.0
2026-03-28 20:35:40  INFO      TradingGraph: Running agents for NASDAQ:NVDA
2026-03-28 20:35:40  INFO      TradingGraph: Completed 14 agents
2026-03-28 20:35:40  INFO      TradingGraph: Fusing timeframe signals
2026-03-28 20:35:40  INFO      TradingGraph: Fusion: L=-0.622(csns=1.00), M=-0.002(csns=0.50), S=0.004(csns=0.60), align_str=0.000
2026-03-28 20:35:40  INFO      TradingRunner: EXIT [NASDAQ:NVDA #12345 BUY  pnl=+200.00] — D1 flipped bearish (-0.622)
2026-03-28 20:35:40  INFO      MT5Executor: SIMULATION: Closed position 12345
2026-03-28 20:36:40  INFO      MT5Executor: SIMULATION: Partial close 40% of #12345
2026-03-28 20:36:40  INFO      TrailingStopManager: [RISKY] PARTIAL TP BUY NASDAQ:NVDA #12345: 40% locked in at +1R (entry=150.00000 price=152.00000)
2026-03-28 20:36:40  INFO      TrailingStopManager: SL lock BUY  NASDAQ:NVDA #12345 [stage 1]: 148.00000 → 150.00000  (entry=150.00000 price=152.00000 1R=2.00000)
2026-03-28 20:36:40  INFO      MT5Executor: SIMULATION: Modified SL for position 12345: 150.0
2026-03-28 20:36:40  INFO      TradingGraph: Running agents for NASDAQ:NVDA
2026-03-28 20:36:40  INFO      TradingGraph: Completed 14 agents
2026-03-28 20:36:40  INFO      TradingGraph: Fusing timeframe signals
2026-03-28 20:36:40  INFO      TradingGraph: Fusion: L=-0.619(csns=1.00), M=-0.017(csns=0.67), S=0.144(csns=0.83), align_str=0.000
2026-03-28 20:36:40  INFO      TradingRunner: EXIT [NASDAQ:NVDA #12345 BUY  pnl=+200.00] — D1 flipped bearish (-0.619)
2026-03-28 20:36:40  INFO      MT5Executor: SIMULATION: Closed position 12345
2026-03-28 20:37:10  INFO      TradingRunner: [WATCHDOG] alive | equity=100200.0 | cycle=93 | profile=risky
2026-03-28 20:37:40  INFO      MT5Executor: SIMULATION: Partial close 40% of #12345
2026-03-28 20:37:40  INFO      TrailingStopManager: [RISKY] PARTIAL TP BUY NASDAQ:NVDA #12345: 40% locked in at +1R (entry=150.00000 price=152.00000)
2026-03-28 20:37:40  INFO      TrailingStopManager: SL lock BUY  NASDAQ:NVDA #12345 [stage 1]: 148.00000 → 150.00000  (entry=150.00000 price=152.00000 1R=2.00000)
2026-03-28 20:37:40  INFO      MT5Executor: SIMULATION: Modified SL for position 12345: 150.0
2026-03-28 20:37:40  INFO      TradingGraph: Running agents for NASDAQ:NVDA
2026-03-28 20:37:40  INFO      TradingGraph: Completed 14 agents
2026-03-28 20:37:40  INFO      TradingGraph: Fusing timeframe signals
2026-03-28 20:37:40  INFO      TradingGraph: Fusion: L=-0.615(csns=1.00), M=0.001(csns=0.50), S=0.053(csns=0.33), align_str=0.000
2026-03-28 20:37:40  INFO      TradingRunner: EXIT [NASDAQ:NVDA #12345 BUY  pnl=+200.00] — D1 flipped bearish (-0.615)
2026-03-28 20:37:40  INFO      MT5Executor: SIMULATION: Closed position 12345
2026-03-28 20:38:29  WARNING   TradingRunner: Max daily trades (6) reached — no further entries today
2026-03-28 20:38:29  INFO      TradingRunner: PnL — unrealized: +200.00  realized today: +0.00  total: +200.00
2026-03-28 20:38:29  INFO      TradingRunner: Signal cycle done in 3.2s — sleeping 297s
2026-03-28 20:38:40  INFO      MT5Executor: SIMULATION: Partial close 40% of #12345
2026-03-28 20:38:40  INFO      TrailingStopManager: [RISKY] PARTIAL TP BUY NASDAQ:NVDA #12345: 40% locked in at +1R (entry=150.00000 price=152.00000)
2026-03-28 20:38:40  INFO      TrailingStopManager: SL lock BUY  NASDAQ:NVDA #12345 [stage 1]: 148.00000 → 150.00000  (entry=150.00000 price=152.00000 1R=2.00000)
2026-03-28 20:38:40  INFO      MT5Executor: SIMULATION: Modified SL for position 12345: 150.0
2026-03-28 20:38:40  INFO      TradingGraph: Running agents for NASDAQ:NVDA
2026-03-28 20:38:40  INFO      TradingGraph: Completed 14 agents
2026-03-28 20:38:40  INFO      TradingGraph: Fusing timeframe signals
2026-03-28 20:38:40  INFO      TradingGraph: Fusion: L=-0.622(csns=1.00), M=-0.002(csns=0.50), S=0.004(csns=0.60), align_str=0.000
2026-03-28 20:38:40  INFO      TradingRunner: EXIT [NASDAQ:NVDA #12345 BUY  pnl=+200.00] — D1 flipped bearish (-0.622)
2026-03-28 20:38:40  INFO      MT5Executor: SIMULATION: Closed position 12345
2026-03-28 20:39:40  INFO      MT5Executor: SIMULATION: Partial close 40% of #12345
2026-03-28 20:39:40  INFO      TrailingStopManager: [RISKY] PARTIAL TP BUY NASDAQ:NVDA #12345: 40% locked in at +1R (entry=150.00000 price=152.00000)
2026-03-28 20:39:40  INFO      TrailingStopManager: SL lock BUY  NASDAQ:NVDA #12345 [stage 1]: 148.00000 → 150.00000  (entry=150.00000 price=152.00000 1R=2.00000)
2026-03-28 20:39:40  INFO      MT5Executor: SIMULATION: Modified SL for position 12345: 150.0
2026-03-28 20:39:40  INFO      TradingGraph: Running agents for NASDAQ:NVDA
2026-03-28 20:39:40  INFO      TradingGraph: Completed 14 agents
2026-03-28 20:39:40  INFO      TradingGraph: Fusing timeframe signals
2026-03-28 20:39:40  INFO      TradingGraph: Fusion: L=-0.658(csns=1.00), M=0.582(csns=1.00), S=0.103(csns=0.75), align_str=0.000
2026-03-28 20:39:40  INFO      TradingRunner: EXIT [NASDAQ:NVDA #12345 BUY  pnl=+200.00] — D1 flipped bearish (-0.658)
2026-03-28 20:39:40  INFO      MT5Executor: SIMULATION: Closed position 12345
2026-03-28 20:40:40  INFO      MT5Executor: SIMULATION: Partial close 40% of #12345
2026-03-28 20:40:40  INFO      TrailingStopManager: [RISKY] PARTIAL TP BUY NASDAQ:NVDA #12345: 40% locked in at +1R (entry=150.00000 price=152.00000)
2026-03-28 20:40:40  INFO      TrailingStopManager: SL lock BUY  NASDAQ:NVDA #12345 [stage 1]: 148.00000 → 150.00000  (entry=150.00000 price=152.00000 1R=2.00000)
2026-03-28 20:40:40  INFO      MT5Executor: SIMULATION: Modified SL for position 12345: 150.0
2026-03-28 20:40:40  INFO      TradingGraph: Running agents for NASDAQ:NVDA
2026-03-28 20:40:40  INFO      TradingGraph: Completed 14 agents
2026-03-28 20:40:40  INFO      TradingGraph: Fusing timeframe signals
2026-03-28 20:40:40  INFO      TradingGraph: Fusion: L=-0.622(csns=1.00), M=-0.002(csns=0.50), S=0.004(csns=0.60), align_str=0.000
2026-03-28 20:40:40  INFO      TradingRunner: EXIT [NASDAQ:NVDA #12345 BUY  pnl=+200.00] — D1 flipped bearish (-0.622)
2026-03-28 20:40:40  INFO      MT5Executor: SIMULATION: Closed position 12345
2026-03-28 20:41:40  INFO      MT5Executor: SIMULATION: Partial close 40% of #12345
2026-03-28 20:41:40  INFO      TrailingStopManager: [RISKY] PARTIAL TP BUY NASDAQ:NVDA #12345: 40% locked in at +1R (entry=150.00000 price=152.00000)
2026-03-28 20:41:40  INFO      TrailingStopManager: SL lock BUY  NASDAQ:NVDA #12345 [stage 1]: 148.00000 → 150.00000  (entry=150.00000 price=152.00000 1R=2.00000)
2026-03-28 20:41:40  INFO      MT5Executor: SIMULATION: Modified SL for position 12345: 150.0
2026-03-28 20:41:40  INFO      TradingGraph: Running agents for NASDAQ:NVDA
2026-03-28 20:41:40  INFO      TradingGraph: Completed 14 agents
2026-03-28 20:41:40  INFO      TradingGraph: Fusing timeframe signals
2026-03-28 20:41:40  INFO      TradingGraph: Fusion: L=-0.648(csns=1.00), M=0.308(csns=0.67), S=0.135(csns=0.80), align_str=0.000
2026-03-28 20:41:40  INFO      TradingRunner: EXIT [NASDAQ:NVDA #12345 BUY  pnl=+200.00] — D1 flipped bearish (-0.648)
2026-03-28 20:41:40  INFO      MT5Executor: SIMULATION: Closed position 12345
2026-03-28 20:42:40  INFO      MT5Executor: SIMULATION: Partial close 40% of #12345
2026-03-28 20:42:40  INFO      TrailingStopManager: [RISKY] PARTIAL TP BUY NASDAQ:NVDA #12345: 40% locked in at +1R (entry=150.00000 price=152.00000)
2026-03-28 20:42:40  INFO      TrailingStopManager: SL lock BUY  NASDAQ:NVDA #12345 [stage 1]: 148.00000 → 150.00000  (entry=150.00000 price=152.00000 1R=2.00000)
2026-03-28 20:42:40  INFO      MT5Executor: SIMULATION: Modified SL for position 12345: 150.0
2026-03-28 20:42:41  INFO      TradingGraph: Running agents for NASDAQ:NVDA
2026-03-28 20:42:41  INFO      TradingGraph: Completed 14 agents
2026-03-28 20:42:41  INFO      TradingGraph: Fusing timeframe signals
2026-03-28 20:42:41  INFO      TradingGraph: Fusion: L=-0.622(csns=1.00), M=-0.004(csns=0.50), S=0.065(csns=0.40), align_str=0.000
2026-03-28 20:42:41  INFO      TradingRunner: EXIT [NASDAQ:NVDA #12345 BUY  pnl=+200.00] — D1 flipped bearish (-0.622)
2026-03-28 20:42:41  INFO      MT5Executor: SIMULATION: Closed position 12345
2026-03-28 20:43:28  WARNING   TradingRunner: Max daily trades (6) reached — no further entries today
2026-03-28 20:43:28  INFO      TradingRunner: PnL — unrealized: +200.00  realized today: +0.00  total: +200.00
2026-03-28 20:43:28  INFO      TradingRunner: Signal cycle done in 2.9s — sleeping 297s
2026-03-28 20:43:40  INFO      MT5Executor: SIMULATION: Partial close 40% of #12345
2026-03-28 20:43:40  INFO      TrailingStopManager: [RISKY] PARTIAL TP BUY NASDAQ:NVDA #12345: 40% locked in at +1R (entry=150.00000 price=152.00000)
2026-03-28 20:43:40  INFO      TrailingStopManager: SL lock BUY  NASDAQ:NVDA #12345 [stage 1]: 148.00000 → 150.00000  (entry=150.00000 price=152.00000 1R=2.00000)
2026-03-28 20:43:40  INFO      MT5Executor: SIMULATION: Modified SL for position 12345: 150.0
2026-03-28 20:43:41  INFO      TradingGraph: Running agents for NASDAQ:NVDA
2026-03-28 20:43:41  INFO      TradingGraph: Completed 14 agents
2026-03-28 20:43:41  INFO      TradingGraph: Fusing timeframe signals
2026-03-28 20:43:41  INFO      TradingGraph: Fusion: L=-0.619(csns=1.00), M=-0.010(csns=0.67), S=0.034(csns=0.40), align_str=0.000
2026-03-28 20:43:41  INFO      TradingRunner: EXIT [NASDAQ:NVDA #12345 BUY  pnl=+200.00] — D1 flipped bearish (-0.619)
2026-03-28 20:43:41  INFO      MT5Executor: SIMULATION: Closed position 12345
2026-03-28 20:44:40  INFO      MT5Executor: SIMULATION: Partial close 40% of #12345
2026-03-28 20:44:40  INFO      TrailingStopManager: [RISKY] PARTIAL TP BUY NASDAQ:NVDA #12345: 40% locked in at +1R (entry=150.00000 price=152.00000)
2026-03-28 20:44:40  INFO      TrailingStopManager: SL lock BUY  NASDAQ:NVDA #12345 [stage 1]: 148.00000 → 150.00000  (entry=150.00000 price=152.00000 1R=2.00000)
2026-03-28 20:44:40  INFO      MT5Executor: SIMULATION: Modified SL for position 12345: 150.0
2026-03-28 20:44:41  INFO      TradingGraph: Running agents for NASDAQ:NVDA
2026-03-28 20:44:41  INFO      TradingGraph: Completed 14 agents
2026-03-28 20:44:41  INFO      TradingGraph: Fusing timeframe signals
2026-03-28 20:44:41  INFO      TradingGraph: Fusion: L=-0.648(csns=1.00), M=0.308(csns=0.67), S=0.135(csns=0.80), align_str=0.000
2026-03-28 20:44:41  INFO      TradingRunner: EXIT [NASDAQ:NVDA #12345 BUY  pnl=+200.00] — D1 flipped bearish (-0.648)
2026-03-28 20:44:41  INFO      MT5Executor: SIMULATION: Closed position 12345
2026-03-28 20:45:40  INFO      MT5Executor: SIMULATION: Partial close 40% of #12345
2026-03-28 20:45:40  INFO      TrailingStopManager: [RISKY] PARTIAL TP BUY NASDAQ:NVDA #12345: 40% locked in at +1R (entry=150.00000 price=152.00000)
2026-03-28 20:45:40  INFO      TrailingStopManager: SL lock BUY  NASDAQ:NVDA #12345 [stage 1]: 148.00000 → 150.00000  (entry=150.00000 price=152.00000 1R=2.00000)
2026-03-28 20:45:40  INFO      MT5Executor: SIMULATION: Modified SL for position 12345: 150.0
2026-03-28 20:45:41  INFO      TradingGraph: Running agents for NASDAQ:NVDA
2026-03-28 20:45:41  INFO      TradingGraph: Completed 14 agents
2026-03-28 20:45:41  INFO      TradingGraph: Fusing timeframe signals
2026-03-28 20:45:41  INFO      TradingGraph: Fusion: L=-0.622(csns=1.00), M=0.262(csns=1.00), S=0.048(csns=0.40), align_str=0.000
2026-03-28 20:45:41  INFO      TradingRunner: EXIT [NASDAQ:NVDA #12345 BUY  pnl=+200.00] — D1 flipped bearish (-0.622)
2026-03-28 20:45:41  INFO      MT5Executor: SIMULATION: Closed position 12345
2026-03-28 20:46:40  INFO      MT5Executor: SIMULATION: Partial close 40% of #12345
2026-03-28 20:46:40  INFO      TrailingStopManager: [RISKY] PARTIAL TP BUY NASDAQ:NVDA #12345: 40% locked in at +1R (entry=150.00000 price=152.00000)
2026-03-28 20:46:40  INFO      TrailingStopManager: SL lock BUY  NASDAQ:NVDA #12345 [stage 1]: 148.00000 → 150.00000  (entry=150.00000 price=152.00000 1R=2.00000)
2026-03-28 20:46:40  INFO      MT5Executor: SIMULATION: Modified SL for position 12345: 150.0
2026-03-28 20:46:41  INFO      TradingGraph: Running agents for NASDAQ:NVDA
2026-03-28 20:46:41  INFO      TradingGraph: Completed 14 agents
2026-03-28 20:46:41  INFO      TradingGraph: Fusing timeframe signals
2026-03-28 20:46:41  INFO      TradingGraph: Fusion: L=-0.621(csns=1.00), M=0.002(csns=0.50), S=0.057(csns=0.33), align_str=0.000
2026-03-28 20:46:41  INFO      TradingRunner: EXIT [NASDAQ:NVDA #12345 BUY  pnl=+200.00] — D1 flipped bearish (-0.621)
2026-03-28 20:46:41  INFO      MT5Executor: SIMULATION: Closed position 12345
2026-03-28 20:47:41  INFO      MT5Executor: SIMULATION: Partial close 40% of #12345
2026-03-28 20:47:41  INFO      TrailingStopManager: [RISKY] PARTIAL TP BUY NASDAQ:NVDA #12345: 40% locked in at +1R (entry=150.00000 price=152.00000)
2026-03-28 20:47:41  INFO      TrailingStopManager: SL lock BUY  NASDAQ:NVDA #12345 [stage 1]: 148.00000 → 150.00000  (entry=150.00000 price=152.00000 1R=2.00000)
2026-03-28 20:47:41  INFO      MT5Executor: SIMULATION: Modified SL for position 12345: 150.0
2026-03-28 20:47:41  INFO      TradingGraph: Running agents for NASDAQ:NVDA
2026-03-28 20:47:41  INFO      TradingRunner: [WATCHDOG] alive | equity=100200.0 | cycle=95 | profile=risky
2026-03-28 20:47:41  INFO      TradingGraph: Completed 14 agents
2026-03-28 20:47:41  INFO      TradingGraph: Fusing timeframe signals
2026-03-28 20:47:41  INFO      TradingGraph: Fusion: L=-0.622(csns=1.00), M=-0.013(csns=0.50), S=0.089(csns=0.60), align_str=0.000
2026-03-28 20:47:41  INFO      TradingRunner: EXIT [NASDAQ:NVDA #12345 BUY  pnl=+200.00] — D1 flipped bearish (-0.622)
2026-03-28 20:47:41  INFO      MT5Executor: SIMULATION: Closed position 12345
2026-03-28 20:48:29  WARNING   TradingRunner: Max daily trades (6) reached — no further entries today
2026-03-28 20:48:29  INFO      TradingRunner: PnL — unrealized: +200.00  realized today: +0.00  total: +200.00
2026-03-28 20:48:29  INFO      TradingRunner: Signal cycle done in 2.9s — sleeping 297s
2026-03-28 20:48:41  INFO      MT5Executor: SIMULATION: Partial close 40% of #12345
2026-03-28 20:48:41  INFO      TrailingStopManager: [RISKY] PARTIAL TP BUY NASDAQ:NVDA #12345: 40% locked in at +1R (entry=150.00000 price=152.00000)
2026-03-28 20:48:41  INFO      TrailingStopManager: SL lock BUY  NASDAQ:NVDA #12345 [stage 1]: 148.00000 → 150.00000  (entry=150.00000 price=152.00000 1R=2.00000)
2026-03-28 20:48:41  INFO      MT5Executor: SIMULATION: Modified SL for position 12345: 150.0
2026-03-28 20:48:41  INFO      TradingGraph: Running agents for NASDAQ:NVDA
2026-03-28 20:48:41  INFO      TradingGraph: Completed 14 agents
2026-03-28 20:48:41  INFO      TradingGraph: Fusing timeframe signals
2026-03-28 20:48:41  INFO      TradingGraph: Fusion: L=-0.648(csns=1.00), M=0.443(csns=1.00), S=0.029(csns=0.40), align_str=0.000
2026-03-28 20:48:41  INFO      TradingRunner: EXIT [NASDAQ:NVDA #12345 BUY  pnl=+200.00] — D1 flipped bearish (-0.648)
2026-03-28 20:48:41  INFO      MT5Executor: SIMULATION: Closed position 12345
2026-03-28 20:49:41  INFO      MT5Executor: SIMULATION: Partial close 40% of #12345
2026-03-28 20:49:41  INFO      TrailingStopManager: [RISKY] PARTIAL TP BUY NASDAQ:NVDA #12345: 40% locked in at +1R (entry=150.00000 price=152.00000)
2026-03-28 20:49:41  INFO      TrailingStopManager: SL lock BUY  NASDAQ:NVDA #12345 [stage 1]: 148.00000 → 150.00000  (entry=150.00000 price=152.00000 1R=2.00000)
2026-03-28 20:49:41  INFO      MT5Executor: SIMULATION: Modified SL for position 12345: 150.0
2026-03-28 20:49:41  INFO      TradingGraph: Running agents for NASDAQ:NVDA
2026-03-28 20:49:41  INFO      TradingGraph: Completed 14 agents
2026-03-28 20:49:41  INFO      TradingGraph: Fusing timeframe signals
2026-03-28 20:49:41  INFO      TradingGraph: Fusion: L=-0.615(csns=1.00), M=-0.441(csns=1.00), S=0.015(csns=0.60), align_str=0.000
2026-03-28 20:49:41  INFO      TradingRunner: EXIT [NASDAQ:NVDA #12345 BUY  pnl=+200.00] — D1 flipped bearish (-0.615)
2026-03-28 20:49:41  INFO      MT5Executor: SIMULATION: Closed position 12345
2026-03-28 20:50:41  INFO      MT5Executor: SIMULATION: Partial close 40% of #12345
2026-03-28 20:50:41  INFO      TrailingStopManager: [RISKY] PARTIAL TP BUY NASDAQ:NVDA #12345: 40% locked in at +1R (entry=150.00000 price=152.00000)
2026-03-28 20:50:41  INFO      TrailingStopManager: SL lock BUY  NASDAQ:NVDA #12345 [stage 1]: 148.00000 → 150.00000  (entry=150.00000 price=152.00000 1R=2.00000)
2026-03-28 20:50:41  INFO      MT5Executor: SIMULATION: Modified SL for position 12345: 150.0
2026-03-28 20:50:41  INFO      TradingGraph: Running agents for NASDAQ:NVDA
2026-03-28 20:50:41  INFO      TradingGraph: Completed 14 agents
2026-03-28 20:50:41  INFO      TradingGraph: Fusing timeframe signals
2026-03-28 20:50:41  INFO      TradingGraph: Fusion: L=-0.622(csns=1.00), M=-0.002(csns=0.50), S=0.003(csns=0.60), align_str=0.000
2026-03-28 20:50:41  INFO      TradingRunner: EXIT [NASDAQ:NVDA #12345 BUY  pnl=+200.00] — D1 flipped bearish (-0.622)
2026-03-28 20:50:41  INFO      MT5Executor: SIMULATION: Closed position 12345
2026-03-28 20:51:41  INFO      MT5Executor: SIMULATION: Partial close 40% of #12345
2026-03-28 20:51:41  INFO      TrailingStopManager: [RISKY] PARTIAL TP BUY NASDAQ:NVDA #12345: 40% locked in at +1R (entry=150.00000 price=152.00000)
2026-03-28 20:51:41  INFO      TrailingStopManager: SL lock BUY  NASDAQ:NVDA #12345 [stage 1]: 148.00000 → 150.00000  (entry=150.00000 price=152.00000 1R=2.00000)
2026-03-28 20:51:41  INFO      MT5Executor: SIMULATION: Modified SL for position 12345: 150.0
2026-03-28 20:51:41  INFO      TradingGraph: Running agents for NASDAQ:NVDA
2026-03-28 20:51:41  INFO      TradingGraph: Completed 14 agents
2026-03-28 20:51:41  INFO      TradingGraph: Fusing timeframe signals
2026-03-28 20:51:41  INFO      TradingGraph: Fusion: L=-0.658(csns=1.00), M=0.583(csns=1.00), S=0.121(csns=0.75), align_str=0.000
2026-03-28 20:51:41  INFO      TradingRunner: EXIT [NASDAQ:NVDA #12345 BUY  pnl=+200.00] — D1 flipped bearish (-0.658)
2026-03-28 20:51:41  INFO      MT5Executor: SIMULATION: Closed position 12345
2026-03-28 20:52:41  INFO      MT5Executor: SIMULATION: Partial close 40% of #12345
2026-03-28 20:52:41  INFO      TrailingStopManager: [RISKY] PARTIAL TP BUY NASDAQ:NVDA #12345: 40% locked in at +1R (entry=150.00000 price=152.00000)
2026-03-28 20:52:41  INFO      TrailingStopManager: SL lock BUY  NASDAQ:NVDA #12345 [stage 1]: 148.00000 → 150.00000  (entry=150.00000 price=152.00000 1R=2.00000)
2026-03-28 20:52:41  INFO      MT5Executor: SIMULATION: Modified SL for position 12345: 150.0
2026-03-28 20:52:41  INFO      TradingGraph: Running agents for NASDAQ:NVDA
2026-03-28 20:52:41  INFO      TradingGraph: Completed 14 agents
2026-03-28 20:52:41  INFO      TradingGraph: Fusing timeframe signals
2026-03-28 20:52:41  INFO      TradingGraph: Fusion: L=-0.619(csns=1.00), M=0.238(csns=0.67), S=0.056(csns=0.40), align_str=0.000
2026-03-28 20:52:41  INFO      TradingRunner: EXIT [NASDAQ:NVDA #12345 BUY  pnl=+200.00] — D1 flipped bearish (-0.619)
2026-03-28 20:52:41  INFO      MT5Executor: SIMULATION: Closed position 12345
2026-03-28 20:53:29  WARNING   TradingRunner: Max daily trades (6) reached — no further entries today
2026-03-28 20:53:29  INFO      TradingRunner: PnL — unrealized: +200.00  realized today: +0.00  total: +200.00
2026-03-28 20:53:29  INFO      TradingRunner: Signal cycle done in 3.0s — sleeping 297s
2026-03-28 20:53:41  INFO      MT5Executor: SIMULATION: Partial close 40% of #12345
2026-03-28 20:53:41  INFO      TrailingStopManager: [RISKY] PARTIAL TP BUY NASDAQ:NVDA #12345: 40% locked in at +1R (entry=150.00000 price=152.00000)
2026-03-28 20:53:41  INFO      TrailingStopManager: SL lock BUY  NASDAQ:NVDA #12345 [stage 1]: 148.00000 → 150.00000  (entry=150.00000 price=152.00000 1R=2.00000)
2026-03-28 20:53:41  INFO      MT5Executor: SIMULATION: Modified SL for position 12345: 150.0
2026-03-28 20:53:41  INFO      TradingGraph: Running agents for NASDAQ:NVDA
2026-03-28 20:53:41  INFO      TradingGraph: Completed 14 agents
2026-03-28 20:53:41  INFO      TradingGraph: Fusing timeframe signals
2026-03-28 20:53:41  INFO      TradingGraph: Fusion: L=-0.622(csns=1.00), M=-0.004(csns=0.50), S=0.067(csns=0.40), align_str=0.000
2026-03-28 20:53:41  INFO      TradingRunner: EXIT [NASDAQ:NVDA #12345 BUY  pnl=+200.00] — D1 flipped bearish (-0.622)
2026-03-28 20:53:41  INFO      MT5Executor: SIMULATION: Closed position 12345
2026-03-28 20:54:41  INFO      MT5Executor: SIMULATION: Partial close 40% of #12345
2026-03-28 20:54:41  INFO      TrailingStopManager: [RISKY] PARTIAL TP BUY NASDAQ:NVDA #12345: 40% locked in at +1R (entry=150.00000 price=152.00000)
2026-03-28 20:54:41  INFO      TrailingStopManager: SL lock BUY  NASDAQ:NVDA #12345 [stage 1]: 148.00000 → 150.00000  (entry=150.00000 price=152.00000 1R=2.00000)
2026-03-28 20:54:41  INFO      MT5Executor: SIMULATION: Modified SL for position 12345: 150.0
2026-03-28 20:54:41  INFO      TradingGraph: Running agents for NASDAQ:NVDA
2026-03-28 20:54:41  INFO      TradingGraph: Completed 14 agents
2026-03-28 20:54:41  INFO      TradingGraph: Fusing timeframe signals
2026-03-28 20:54:41  INFO      TradingGraph: Fusion: L=-0.597(csns=1.00), M=-0.124(csns=1.00), S=0.019(csns=0.60), align_str=0.000
2026-03-28 20:54:41  INFO      TradingRunner: EXIT [NASDAQ:NVDA #12345 BUY  pnl=+200.00] — D1 flipped bearish (-0.597)
2026-03-28 20:54:41  INFO      MT5Executor: SIMULATION: Closed position 12345
2026-03-28 20:55:41  INFO      MT5Executor: SIMULATION: Partial close 40% of #12345
2026-03-28 20:55:41  INFO      TrailingStopManager: [RISKY] PARTIAL TP BUY NASDAQ:NVDA #12345: 40% locked in at +1R (entry=150.00000 price=152.00000)
2026-03-28 20:55:41  INFO      TrailingStopManager: SL lock BUY  NASDAQ:NVDA #12345 [stage 1]: 148.00000 → 150.00000  (entry=150.00000 price=152.00000 1R=2.00000)
2026-03-28 20:55:41  INFO      MT5Executor: SIMULATION: Modified SL for position 12345: 150.0
2026-03-28 20:55:41  INFO      TradingGraph: Running agents for NASDAQ:NVDA
2026-03-28 20:55:41  INFO      TradingGraph: Completed 14 agents
2026-03-28 20:55:41  INFO      TradingGraph: Fusing timeframe signals
2026-03-28 20:55:41  INFO      TradingGraph: Fusion: L=-0.622(csns=1.00), M=0.262(csns=1.00), S=0.048(csns=0.40), align_str=0.000
2026-03-28 20:55:41  INFO      TradingRunner: EXIT [NASDAQ:NVDA #12345 BUY  pnl=+200.00] — D1 flipped bearish (-0.622)
2026-03-28 20:55:41  INFO      MT5Executor: SIMULATION: Closed position 12345
2026-03-28 20:56:41  INFO      MT5Executor: SIMULATION: Partial close 40% of #12345
2026-03-28 20:56:41  INFO      TrailingStopManager: [RISKY] PARTIAL TP BUY NASDAQ:NVDA #12345: 40% locked in at +1R (entry=150.00000 price=152.00000)
2026-03-28 20:56:41  INFO      TrailingStopManager: SL lock BUY  NASDAQ:NVDA #12345 [stage 1]: 148.00000 → 150.00000  (entry=150.00000 price=152.00000 1R=2.00000)
2026-03-28 20:56:41  INFO      MT5Executor: SIMULATION: Modified SL for position 12345: 150.0
2026-03-28 20:56:41  INFO      TradingGraph: Running agents for NASDAQ:NVDA
2026-03-28 20:56:41  INFO      TradingGraph: Completed 14 agents
2026-03-28 20:56:41  INFO      TradingGraph: Fusing timeframe signals
2026-03-28 20:56:41  INFO      TradingGraph: Fusion: L=-0.597(csns=1.00), M=-0.124(csns=1.00), S=0.019(csns=0.60), align_str=0.000
2026-03-28 20:56:41  INFO      TradingRunner: EXIT [NASDAQ:NVDA #12345 BUY  pnl=+200.00] — D1 flipped bearish (-0.597)
2026-03-28 20:56:41  INFO      MT5Executor: SIMULATION: Closed position 12345
2026-03-28 20:57:41  INFO      MT5Executor: SIMULATION: Partial close 40% of #12345
2026-03-28 20:57:41  INFO      TrailingStopManager: [RISKY] PARTIAL TP BUY NASDAQ:NVDA #12345: 40% locked in at +1R (entry=150.00000 price=152.00000)
2026-03-28 20:57:41  INFO      TrailingStopManager: SL lock BUY  NASDAQ:NVDA #12345 [stage 1]: 148.00000 → 150.00000  (entry=150.00000 price=152.00000 1R=2.00000)
2026-03-28 20:57:41  INFO      MT5Executor: SIMULATION: Modified SL for position 12345: 150.0
2026-03-28 20:57:41  INFO      TradingGraph: Running agents for NASDAQ:NVDA
2026-03-28 20:57:41  INFO      TradingGraph: Completed 14 agents
2026-03-28 20:57:41  INFO      TradingGraph: Fusing timeframe signals
2026-03-28 20:57:41  INFO      TradingGraph: Fusion: L=-0.660(csns=1.00), M=0.599(csns=1.00), S=-0.002(csns=0.40), align_str=0.000
2026-03-28 20:57:41  INFO      TradingRunner: EXIT [NASDAQ:NVDA #12345 BUY  pnl=+200.00] — D1 flipped bearish (-0.660)
2026-03-28 20:57:41  INFO      MT5Executor: SIMULATION: Closed position 12345
2026-03-28 20:58:11  INFO      TradingRunner: [WATCHDOG] alive | equity=100200.0 | cycle=97 | profile=risky
2026-03-28 20:58:28  WARNING   TradingRunner: Max daily trades (6) reached — no further entries today
2026-03-28 20:58:28  INFO      TradingRunner: PnL — unrealized: +200.00  realized today: +0.00  total: +200.00
2026-03-28 20:58:28  INFO      TradingRunner: Signal cycle done in 2.7s — sleeping 297s
2026-03-28 20:58:41  INFO      MT5Executor: SIMULATION: Partial close 40% of #12345
2026-03-28 20:58:41  INFO      TrailingStopManager: [RISKY] PARTIAL TP BUY NASDAQ:NVDA #12345: 40% locked in at +1R (entry=150.00000 price=152.00000)
2026-03-28 20:58:41  INFO      TrailingStopManager: SL lock BUY  NASDAQ:NVDA #12345 [stage 1]: 148.00000 → 150.00000  (entry=150.00000 price=152.00000 1R=2.00000)
2026-03-28 20:58:41  INFO      MT5Executor: SIMULATION: Modified SL for position 12345: 150.0
2026-03-28 20:58:41  INFO      TradingGraph: Running agents for NASDAQ:NVDA
2026-03-28 20:58:41  INFO      TradingGraph: Completed 14 agents
2026-03-28 20:58:41  INFO      TradingGraph: Fusing timeframe signals
2026-03-28 20:58:41  INFO      TradingGraph: Fusion: L=-0.615(csns=1.00), M=-0.441(csns=1.00), S=0.015(csns=0.60), align_str=0.000
2026-03-28 20:58:41  INFO      TradingRunner: EXIT [NASDAQ:NVDA #12345 BUY  pnl=+200.00] — D1 flipped bearish (-0.615)
2026-03-28 20:58:41  INFO      MT5Executor: SIMULATION: Closed position 12345
2026-03-28 20:59:41  INFO      MT5Executor: SIMULATION: Partial close 40% of #12345
2026-03-28 20:59:41  INFO      TrailingStopManager: [RISKY] PARTIAL TP BUY NASDAQ:NVDA #12345: 40% locked in at +1R (entry=150.00000 price=152.00000)
2026-03-28 20:59:41  INFO      TrailingStopManager: SL lock BUY  NASDAQ:NVDA #12345 [stage 1]: 148.00000 → 150.00000  (entry=150.00000 price=152.00000 1R=2.00000)
2026-03-28 20:59:41  INFO      MT5Executor: SIMULATION: Modified SL for position 12345: 150.0
2026-03-28 20:59:41  INFO      TradingGraph: Running agents for NASDAQ:NVDA
2026-03-28 20:59:41  INFO      TradingGraph: Completed 14 agents
2026-03-28 20:59:41  INFO      TradingGraph: Fusing timeframe signals
2026-03-28 20:59:41  INFO      TradingGraph: Fusion: L=-0.664(csns=1.00), M=-0.542(csns=1.00), S=-0.051(csns=0.50), align_str=0.264
2026-03-28 20:59:41  INFO      TradingRunner: EXIT [NASDAQ:NVDA #12345 BUY  pnl=+200.00] — D1 flipped bearish (-0.664)
2026-03-28 20:59:41  INFO      MT5Executor: SIMULATION: Closed position 12345
2026-03-28 21:00:41  INFO      MT5Executor: SIMULATION: Partial close 40% of #12345
2026-03-28 21:00:41  INFO      TrailingStopManager: [RISKY] PARTIAL TP BUY NASDAQ:NVDA #12345: 40% locked in at +1R (entry=150.00000 price=152.00000)
2026-03-28 21:00:41  INFO      TrailingStopManager: SL lock BUY  NASDAQ:NVDA #12345 [stage 1]: 148.00000 → 150.00000  (entry=150.00000 price=152.00000 1R=2.00000)
2026-03-28 21:00:41  INFO      MT5Executor: SIMULATION: Modified SL for position 12345: 150.0
2026-03-28 21:00:41  INFO      TradingGraph: Running agents for NASDAQ:NVDA
2026-03-28 21:00:41  INFO      TradingGraph: Completed 14 agents
2026-03-28 21:00:41  INFO      TradingGraph: Fusing timeframe signals
2026-03-28 21:00:41  INFO      TradingGraph: Fusion: L=-0.622(csns=1.00), M=-0.004(csns=0.50), S=0.070(csns=0.40), align_str=0.000
2026-03-28 21:00:41  INFO      TradingRunner: EXIT [NASDAQ:NVDA #12345 BUY  pnl=+200.00] — D1 flipped bearish (-0.622)
2026-03-28 21:00:41  INFO      MT5Executor: SIMULATION: Closed position 12345
2026-03-28 21:01:41  INFO      MT5Executor: SIMULATION: Partial close 40% of #12345
2026-03-28 21:01:41  INFO      TrailingStopManager: [RISKY] PARTIAL TP BUY NASDAQ:NVDA #12345: 40% locked in at +1R (entry=150.00000 price=152.00000)
2026-03-28 21:01:41  INFO      TrailingStopManager: SL lock BUY  NASDAQ:NVDA #12345 [stage 1]: 148.00000 → 150.00000  (entry=150.00000 price=152.00000 1R=2.00000)
2026-03-28 21:01:41  INFO      MT5Executor: SIMULATION: Modified SL for position 12345: 150.0
2026-03-28 21:01:41  INFO      TradingGraph: Running agents for NASDAQ:NVDA
2026-03-28 21:01:41  INFO      TradingGraph: Completed 14 agents
2026-03-28 21:01:41  INFO      TradingGraph: Fusing timeframe signals
2026-03-28 21:01:41  INFO      TradingGraph: Fusion: L=-0.646(csns=1.00), M=0.483(csns=1.00), S=0.093(csns=0.60), align_str=0.000
2026-03-28 21:01:41  INFO      TradingRunner: EXIT [NASDAQ:NVDA #12345 BUY  pnl=+200.00] — D1 flipped bearish (-0.646)
2026-03-28 21:01:41  INFO      MT5Executor: SIMULATION: Closed position 12345
2026-03-28 21:02:41  INFO      MT5Executor: SIMULATION: Partial close 40% of #12345
2026-03-28 21:02:41  INFO      TrailingStopManager: [RISKY] PARTIAL TP BUY NASDAQ:NVDA #12345: 40% locked in at +1R (entry=150.00000 price=152.00000)
2026-03-28 21:02:41  INFO      TrailingStopManager: SL lock BUY  NASDAQ:NVDA #12345 [stage 1]: 148.00000 → 150.00000  (entry=150.00000 price=152.00000 1R=2.00000)
2026-03-28 21:02:41  INFO      MT5Executor: SIMULATION: Modified SL for position 12345: 150.0
2026-03-28 21:02:41  INFO      TradingGraph: Running agents for NASDAQ:NVDA
2026-03-28 21:02:41  INFO      TradingGraph: Completed 14 agents
2026-03-28 21:02:41  INFO      TradingGraph: Fusing timeframe signals
2026-03-28 21:02:41  INFO      TradingGraph: Fusion: L=-0.615(csns=1.00), M=-0.441(csns=1.00), S=0.014(csns=0.60), align_str=0.000
2026-03-28 21:02:41  INFO      TradingRunner: EXIT [NASDAQ:NVDA #12345 BUY  pnl=+200.00] — D1 flipped bearish (-0.615)
2026-03-28 21:02:41  INFO      MT5Executor: SIMULATION: Closed position 12345
2026-03-28 21:03:28  WARNING   TradingRunner: Max daily trades (6) reached — no further entries today
2026-03-28 21:03:28  INFO      TradingRunner: PnL — unrealized: +200.00  realized today: +0.00  total: +200.00
2026-03-28 21:03:28  INFO      TradingRunner: Signal cycle done in 2.7s — sleeping 297s
2026-03-28 21:03:41  INFO      MT5Executor: SIMULATION: Partial close 40% of #12345
2026-03-28 21:03:41  INFO      TrailingStopManager: [RISKY] PARTIAL TP BUY NASDAQ:NVDA #12345: 40% locked in at +1R (entry=150.00000 price=152.00000)
2026-03-28 21:03:41  INFO      TrailingStopManager: SL lock BUY  NASDAQ:NVDA #12345 [stage 1]: 148.00000 → 150.00000  (entry=150.00000 price=152.00000 1R=2.00000)
2026-03-28 21:03:41  INFO      MT5Executor: SIMULATION: Modified SL for position 12345: 150.0
2026-03-28 21:03:41  INFO      TradingGraph: Running agents for NASDAQ:NVDA
2026-03-28 21:03:41  INFO      TradingGraph: Completed 14 agents
2026-03-28 21:03:41  INFO      TradingGraph: Fusing timeframe signals
2026-03-28 21:03:41  INFO      TradingGraph: Fusion: L=-0.619(csns=1.00), M=0.235(csns=0.67), S=0.132(csns=0.50), align_str=0.000
2026-03-28 21:03:41  INFO      TradingRunner: EXIT [NASDAQ:NVDA #12345 BUY  pnl=+200.00] — D1 flipped bearish (-0.619)
2026-03-28 21:03:41  INFO      MT5Executor: SIMULATION: Closed position 12345
2026-03-28 21:04:41  INFO      MT5Executor: SIMULATION: Partial close 40% of #12345
2026-03-28 21:04:41  INFO      TrailingStopManager: [RISKY] PARTIAL TP BUY NASDAQ:NVDA #12345: 40% locked in at +1R (entry=150.00000 price=152.00000)
2026-03-28 21:04:41  INFO      TrailingStopManager: SL lock BUY  NASDAQ:NVDA #12345 [stage 1]: 148.00000 → 150.00000  (entry=150.00000 price=152.00000 1R=2.00000)
2026-03-28 21:04:41  INFO      MT5Executor: SIMULATION: Modified SL for position 12345: 150.0
2026-03-28 21:04:41  INFO      TradingGraph: Running agents for NASDAQ:NVDA
2026-03-28 21:04:41  INFO      TradingGraph: Completed 14 agents
2026-03-28 21:04:41  INFO      TradingGraph: Fusing timeframe signals
2026-03-28 21:04:41  INFO      TradingGraph: Fusion: L=-0.658(csns=1.00), M=0.582(csns=1.00), S=0.103(csns=0.75), align_str=0.000
2026-03-28 21:04:41  INFO      TradingRunner: EXIT [NASDAQ:NVDA #12345 BUY  pnl=+200.00] — D1 flipped bearish (-0.658)
2026-03-28 21:04:41  INFO      MT5Executor: SIMULATION: Closed position 12345
2026-03-28 21:05:41  INFO      MT5Executor: SIMULATION: Partial close 40% of #12345
2026-03-28 21:05:41  INFO      TrailingStopManager: [RISKY] PARTIAL TP BUY NASDAQ:NVDA #12345: 40% locked in at +1R (entry=150.00000 price=152.00000)
2026-03-28 21:05:41  INFO      TrailingStopManager: SL lock BUY  NASDAQ:NVDA #12345 [stage 1]: 148.00000 → 150.00000  (entry=150.00000 price=152.00000 1R=2.00000)
2026-03-28 21:05:41  INFO      MT5Executor: SIMULATION: Modified SL for position 12345: 150.0
2026-03-28 21:05:41  INFO      TradingGraph: Running agents for NASDAQ:NVDA
2026-03-28 21:05:41  INFO      TradingGraph: Completed 14 agents
2026-03-28 21:05:41  INFO      TradingGraph: Fusing timeframe signals
2026-03-28 21:05:41  INFO      TradingGraph: Fusion: L=-0.622(csns=1.00), M=-0.002(csns=0.50), S=0.002(csns=0.60), align_str=0.000
2026-03-28 21:05:41  INFO      TradingRunner: EXIT [NASDAQ:NVDA #12345 BUY  pnl=+200.00] — D1 flipped bearish (-0.622)
2026-03-28 21:05:41  INFO      MT5Executor: SIMULATION: Closed position 12345
2026-03-28 21:06:41  INFO      MT5Executor: SIMULATION: Partial close 40% of #12345
2026-03-28 21:06:41  INFO      TrailingStopManager: [RISKY] PARTIAL TP BUY NASDAQ:NVDA #12345: 40% locked in at +1R (entry=150.00000 price=152.00000)
2026-03-28 21:06:41  INFO      TrailingStopManager: SL lock BUY  NASDAQ:NVDA #12345 [stage 1]: 148.00000 → 150.00000  (entry=150.00000 price=152.00000 1R=2.00000)
2026-03-28 21:06:41  INFO      MT5Executor: SIMULATION: Modified SL for position 12345: 150.0
2026-03-28 21:06:42  INFO      TradingGraph: Running agents for NASDAQ:NVDA
2026-03-28 21:06:42  INFO      TradingGraph: Completed 14 agents
2026-03-28 21:06:42  INFO      TradingGraph: Fusing timeframe signals
2026-03-28 21:06:42  INFO      TradingGraph: Fusion: L=-0.622(csns=1.00), M=0.262(csns=1.00), S=0.047(csns=0.40), align_str=0.000
2026-03-28 21:06:42  INFO      TradingRunner: EXIT [NASDAQ:NVDA #12345 BUY  pnl=+200.00] — D1 flipped bearish (-0.622)
2026-03-28 21:06:42  INFO      MT5Executor: SIMULATION: Closed position 12345
2026-03-28 21:07:41  INFO      MT5Executor: SIMULATION: Partial close 40% of #12345
2026-03-28 21:07:41  INFO      TrailingStopManager: [RISKY] PARTIAL TP BUY NASDAQ:NVDA #12345: 40% locked in at +1R (entry=150.00000 price=152.00000)
2026-03-28 21:07:41  INFO      TrailingStopManager: SL lock BUY  NASDAQ:NVDA #12345 [stage 1]: 148.00000 → 150.00000  (entry=150.00000 price=152.00000 1R=2.00000)
2026-03-28 21:07:41  INFO      MT5Executor: SIMULATION: Modified SL for position 12345: 150.0
2026-03-28 21:07:42  INFO      TradingGraph: Running agents for NASDAQ:NVDA
2026-03-28 21:07:42  INFO      TradingGraph: Completed 14 agents
2026-03-28 21:07:42  INFO      TradingGraph: Fusing timeframe signals
2026-03-28 21:07:42  INFO      TradingGraph: Fusion: L=-0.622(csns=1.00), M=-0.004(csns=0.50), S=0.070(csns=0.40), align_str=0.000
2026-03-28 21:07:42  INFO      TradingRunner: EXIT [NASDAQ:NVDA #12345 BUY  pnl=+200.00] — D1 flipped bearish (-0.622)
2026-03-28 21:07:42  INFO      MT5Executor: SIMULATION: Closed position 12345
2026-03-28 21:08:28  WARNING   TradingRunner: Max daily trades (6) reached — no further entries today
2026-03-28 21:08:28  INFO      TradingRunner: PnL — unrealized: +200.00  realized today: +0.00  total: +200.00
2026-03-28 21:08:28  INFO      TradingRunner: Signal cycle done in 2.5s — sleeping 297s
2026-03-28 21:08:41  INFO      MT5Executor: SIMULATION: Partial close 40% of #12345
2026-03-28 21:08:41  INFO      TrailingStopManager: [RISKY] PARTIAL TP BUY NASDAQ:NVDA #12345: 40% locked in at +1R (entry=150.00000 price=152.00000)
2026-03-28 21:08:41  INFO      TrailingStopManager: SL lock BUY  NASDAQ:NVDA #12345 [stage 1]: 148.00000 → 150.00000  (entry=150.00000 price=152.00000 1R=2.00000)
2026-03-28 21:08:41  INFO      MT5Executor: SIMULATION: Modified SL for position 12345: 150.0
2026-03-28 21:08:42  INFO      TradingGraph: Running agents for NASDAQ:NVDA
2026-03-28 21:08:42  INFO      TradingRunner: [WATCHDOG] alive | equity=100200.0 | cycle=100 | profile=risky
2026-03-28 21:08:42  INFO      TradingGraph: Completed 14 agents
2026-03-28 21:08:42  INFO      TradingGraph: Fusing timeframe signals
2026-03-28 21:08:42  INFO      TradingGraph: Fusion: L=-0.619(csns=1.00), M=0.235(csns=0.67), S=0.132(csns=0.50), align_str=0.000
2026-03-28 21:08:42  INFO      TradingRunner: EXIT [NASDAQ:NVDA #12345 BUY  pnl=+200.00] — D1 flipped bearish (-0.619)
2026-03-28 21:08:42  INFO      MT5Executor: SIMULATION: Closed position 12345
2026-03-28 21:09:41  INFO      MT5Executor: SIMULATION: Partial close 40% of #12345
2026-03-28 21:09:41  INFO      TrailingStopManager: [RISKY] PARTIAL TP BUY NASDAQ:NVDA #12345: 40% locked in at +1R (entry=150.00000 price=152.00000)
2026-03-28 21:09:41  INFO      TrailingStopManager: SL lock BUY  NASDAQ:NVDA #12345 [stage 1]: 148.00000 → 150.00000  (entry=150.00000 price=152.00000 1R=2.00000)
2026-03-28 21:09:41  INFO      MT5Executor: SIMULATION: Modified SL for position 12345: 150.0
2026-03-28 21:09:42  INFO      TradingGraph: Running agents for NASDAQ:NVDA
2026-03-28 21:09:42  INFO      TradingGraph: Completed 14 agents
2026-03-28 21:09:42  INFO      TradingGraph: Fusing timeframe signals
2026-03-28 21:09:42  INFO      TradingGraph: Fusion: L=-0.658(csns=1.00), M=0.582(csns=1.00), S=0.103(csns=0.75), align_str=0.000
2026-03-28 21:09:42  INFO      TradingRunner: EXIT [NASDAQ:NVDA #12345 BUY  pnl=+200.00] — D1 flipped bearish (-0.658)
2026-03-28 21:09:42  INFO      MT5Executor: SIMULATION: Closed position 12345
2026-03-28 21:10:41  INFO      MT5Executor: SIMULATION: Partial close 40% of #12345
2026-03-28 21:10:41  INFO      TrailingStopManager: [RISKY] PARTIAL TP BUY NASDAQ:NVDA #12345: 40% locked in at +1R (entry=150.00000 price=152.00000)
2026-03-28 21:10:41  INFO      TrailingStopManager: SL lock BUY  NASDAQ:NVDA #12345 [stage 1]: 148.00000 → 150.00000  (entry=150.00000 price=152.00000 1R=2.00000)
2026-03-28 21:10:41  INFO      MT5Executor: SIMULATION: Modified SL for position 12345: 150.0
2026-03-28 21:10:42  INFO      TradingGraph: Running agents for NASDAQ:NVDA
2026-03-28 21:10:42  INFO      TradingGraph: Completed 14 agents
2026-03-28 21:10:42  INFO      TradingGraph: Fusing timeframe signals
2026-03-28 21:10:42  INFO      TradingGraph: Fusion: L=-0.648(csns=1.00), M=0.308(csns=0.67), S=0.137(csns=0.80), align_str=0.000
2026-03-28 21:10:42  INFO      TradingRunner: EXIT [NASDAQ:NVDA #12345 BUY  pnl=+200.00] — D1 flipped bearish (-0.648)
2026-03-28 21:10:42  INFO      MT5Executor: SIMULATION: Closed position 12345
2026-03-28 21:11:42  INFO      MT5Executor: SIMULATION: Partial close 40% of #12345
2026-03-28 21:11:42  INFO      TrailingStopManager: [RISKY] PARTIAL TP BUY NASDAQ:NVDA #12345: 40% locked in at +1R (entry=150.00000 price=152.00000)
2026-03-28 21:11:42  INFO      TrailingStopManager: SL lock BUY  NASDAQ:NVDA #12345 [stage 1]: 148.00000 → 150.00000  (entry=150.00000 price=152.00000 1R=2.00000)
2026-03-28 21:11:42  INFO      MT5Executor: SIMULATION: Modified SL for position 12345: 150.0
2026-03-28 21:11:42  INFO      TradingGraph: Running agents for NASDAQ:NVDA
2026-03-28 21:11:42  INFO      TradingGraph: Completed 14 agents
2026-03-28 21:11:42  INFO      TradingGraph: Fusing timeframe signals
2026-03-28 21:11:42  INFO      TradingGraph: Fusion: L=-0.619(csns=1.00), M=0.235(csns=0.67), S=0.132(csns=0.50), align_str=0.000
2026-03-28 21:11:42  INFO      TradingRunner: EXIT [NASDAQ:NVDA #12345 BUY  pnl=+200.00] — D1 flipped bearish (-0.619)
2026-03-28 21:11:42  INFO      MT5Executor: SIMULATION: Closed position 12345
2026-03-28 21:12:42  INFO      MT5Executor: SIMULATION: Partial close 40% of #12345
2026-03-28 21:12:42  INFO      TrailingStopManager: [RISKY] PARTIAL TP BUY NASDAQ:NVDA #12345: 40% locked in at +1R (entry=150.00000 price=152.00000)
2026-03-28 21:12:42  INFO      TrailingStopManager: SL lock BUY  NASDAQ:NVDA #12345 [stage 1]: 148.00000 → 150.00000  (entry=150.00000 price=152.00000 1R=2.00000)
2026-03-28 21:12:42  INFO      MT5Executor: SIMULATION: Modified SL for position 12345: 150.0
2026-03-28 21:12:42  INFO      TradingGraph: Running agents for NASDAQ:NVDA
2026-03-28 21:12:42  INFO      TradingGraph: Completed 14 agents
2026-03-28 21:12:42  INFO      TradingGraph: Fusing timeframe signals
2026-03-28 21:12:42  INFO      TradingGraph: Fusion: L=-0.658(csns=1.00), M=0.582(csns=1.00), S=0.103(csns=0.75), align_str=0.000
2026-03-28 21:12:42  INFO      TradingRunner: EXIT [NASDAQ:NVDA #12345 BUY  pnl=+200.00] — D1 flipped bearish (-0.658)
2026-03-28 21:12:42  INFO      MT5Executor: SIMULATION: Closed position 12345
2026-03-28 21:13:28  WARNING   TradingRunner: Max daily trades (6) reached — no further entries today
2026-03-28 21:13:28  INFO      TradingRunner: PnL — unrealized: +200.00  realized today: +0.00  total: +200.00
2026-03-28 21:13:28  INFO      TradingRunner: Signal cycle done in 2.5s — sleeping 298s
2026-03-28 21:13:42  INFO      MT5Executor: SIMULATION: Partial close 40% of #12345
2026-03-28 21:13:42  INFO      TrailingStopManager: [RISKY] PARTIAL TP BUY NASDAQ:NVDA #12345: 40% locked in at +1R (entry=150.00000 price=152.00000)
2026-03-28 21:13:42  INFO      TrailingStopManager: SL lock BUY  NASDAQ:NVDA #12345 [stage 1]: 148.00000 → 150.00000  (entry=150.00000 price=152.00000 1R=2.00000)
2026-03-28 21:13:42  INFO      MT5Executor: SIMULATION: Modified SL for position 12345: 150.0
2026-03-28 21:13:42  INFO      TradingGraph: Running agents for NASDAQ:NVDA
2026-03-28 21:13:42  INFO      TradingGraph: Completed 14 agents
2026-03-28 21:13:42  INFO      TradingGraph: Fusing timeframe signals
2026-03-28 21:13:42  INFO      TradingGraph: Fusion: L=-0.664(csns=1.00), M=-0.548(csns=1.00), S=-0.052(csns=0.50), align_str=0.266
2026-03-28 21:13:42  INFO      TradingRunner: EXIT [NASDAQ:NVDA #12345 BUY  pnl=+200.00] — D1 flipped bearish (-0.664)
2026-03-28 21:13:42  INFO      MT5Executor: SIMULATION: Closed position 12345
2026-03-28 21:14:42  INFO      MT5Executor: SIMULATION: Partial close 40% of #12345
2026-03-28 21:14:42  INFO      TrailingStopManager: [RISKY] PARTIAL TP BUY NASDAQ:NVDA #12345: 40% locked in at +1R (entry=150.00000 price=152.00000)
2026-03-28 21:14:42  INFO      TrailingStopManager: SL lock BUY  NASDAQ:NVDA #12345 [stage 1]: 148.00000 → 150.00000  (entry=150.00000 price=152.00000 1R=2.00000)
2026-03-28 21:14:42  INFO      MT5Executor: SIMULATION: Modified SL for position 12345: 150.0
2026-03-28 21:14:42  INFO      TradingGraph: Running agents for NASDAQ:NVDA
2026-03-28 21:14:42  INFO      TradingGraph: Completed 14 agents
2026-03-28 21:14:42  INFO      TradingGraph: Fusing timeframe signals
2026-03-28 21:14:42  INFO      TradingGraph: Fusion: L=-0.619(csns=1.00), M=-0.010(csns=0.67), S=0.032(csns=0.40), align_str=0.000
2026-03-28 21:14:42  INFO      TradingRunner: EXIT [NASDAQ:NVDA #12345 BUY  pnl=+200.00] — D1 flipped bearish (-0.619)
2026-03-28 21:14:42  INFO      MT5Executor: SIMULATION: Closed position 12345
2026-03-28 21:15:42  INFO      MT5Executor: SIMULATION: Partial close 40% of #12345
2026-03-28 21:15:42  INFO      TrailingStopManager: [RISKY] PARTIAL TP BUY NASDAQ:NVDA #12345: 40% locked in at +1R (entry=150.00000 price=152.00000)
2026-03-28 21:15:42  INFO      TrailingStopManager: SL lock BUY  NASDAQ:NVDA #12345 [stage 1]: 148.00000 → 150.00000  (entry=150.00000 price=152.00000 1R=2.00000)
2026-03-28 21:15:42  INFO      MT5Executor: SIMULATION: Modified SL for position 12345: 150.0
2026-03-28 21:15:42  INFO      TradingGraph: Running agents for NASDAQ:NVDA
2026-03-28 21:15:42  INFO      TradingGraph: Completed 14 agents
2026-03-28 21:15:42  INFO      TradingGraph: Fusing timeframe signals
2026-03-28 21:15:42  INFO      TradingGraph: Fusion: L=-0.615(csns=1.00), M=0.001(csns=0.50), S=0.058(csns=0.33), align_str=0.000
2026-03-28 21:15:42  INFO      TradingRunner: EXIT [NASDAQ:NVDA #12345 BUY  pnl=+200.00] — D1 flipped bearish (-0.615)
2026-03-28 21:15:42  INFO      MT5Executor: SIMULATION: Closed position 12345
2026-03-28 21:16:42  INFO      MT5Executor: SIMULATION: Partial close 40% of #12345
2026-03-28 21:16:42  INFO      TrailingStopManager: [RISKY] PARTIAL TP BUY NASDAQ:NVDA #12345: 40% locked in at +1R (entry=150.00000 price=152.00000)
2026-03-28 21:16:42  INFO      TrailingStopManager: SL lock BUY  NASDAQ:NVDA #12345 [stage 1]: 148.00000 → 150.00000  (entry=150.00000 price=152.00000 1R=2.00000)
2026-03-28 21:16:42  INFO      MT5Executor: SIMULATION: Modified SL for position 12345: 150.0
2026-03-28 21:16:42  INFO      TradingGraph: Running agents for NASDAQ:NVDA
2026-03-28 21:16:42  INFO      TradingGraph: Completed 14 agents
2026-03-28 21:16:42  INFO      TradingGraph: Fusing timeframe signals
2026-03-28 21:16:42  INFO      TradingGraph: Fusion: L=-0.597(csns=1.00), M=-0.126(csns=1.00), S=0.064(csns=0.60), align_str=0.000
2026-03-28 21:16:42  INFO      TradingRunner: EXIT [NASDAQ:NVDA #12345 BUY  pnl=+200.00] — D1 flipped bearish (-0.597)
2026-03-28 21:16:42  INFO      MT5Executor: SIMULATION: Closed position 12345
2026-03-28 21:17:42  INFO      MT5Executor: SIMULATION: Partial close 40% of #12345
2026-03-28 21:17:42  INFO      TrailingStopManager: [RISKY] PARTIAL TP BUY NASDAQ:NVDA #12345: 40% locked in at +1R (entry=150.00000 price=152.00000)
2026-03-28 21:17:42  INFO      TrailingStopManager: SL lock BUY  NASDAQ:NVDA #12345 [stage 1]: 148.00000 → 150.00000  (entry=150.00000 price=152.00000 1R=2.00000)
2026-03-28 21:17:42  INFO      MT5Executor: SIMULATION: Modified SL for position 12345: 150.0
2026-03-28 21:17:42  INFO      TradingGraph: Running agents for NASDAQ:NVDA
2026-03-28 21:17:42  INFO      TradingGraph: Completed 14 agents
2026-03-28 21:17:42  INFO      TradingGraph: Fusing timeframe signals
2026-03-28 21:17:42  INFO      TradingGraph: Fusion: L=-0.658(csns=1.00), M=0.582(csns=1.00), S=0.103(csns=0.75), align_str=0.000
2026-03-28 21:17:42  INFO      TradingRunner: EXIT [NASDAQ:NVDA #12345 BUY  pnl=+200.00] — D1 flipped bearish (-0.658)
2026-03-28 21:17:42  INFO      MT5Executor: SIMULATION: Closed position 12345
2026-03-28 21:18:29  WARNING   TradingRunner: Max daily trades (6) reached — no further entries today
2026-03-28 21:18:29  INFO      TradingRunner: PnL — unrealized: +200.00  realized today: +0.00  total: +200.00
2026-03-28 21:18:29  INFO      TradingRunner: Signal cycle done in 3.4s — sleeping 297s
2026-03-28 21:18:42  INFO      MT5Executor: SIMULATION: Partial close 40% of #12345
2026-03-28 21:18:42  INFO      TrailingStopManager: [RISKY] PARTIAL TP BUY NASDAQ:NVDA #12345: 40% locked in at +1R (entry=150.00000 price=152.00000)
2026-03-28 21:18:42  INFO      TrailingStopManager: SL lock BUY  NASDAQ:NVDA #12345 [stage 1]: 148.00000 → 150.00000  (entry=150.00000 price=152.00000 1R=2.00000)
2026-03-28 21:18:42  INFO      MT5Executor: SIMULATION: Modified SL for position 12345: 150.0
2026-03-28 21:18:42  INFO      TradingGraph: Running agents for NASDAQ:NVDA
2026-03-28 21:18:42  INFO      TradingGraph: Completed 14 agents
2026-03-28 21:18:42  INFO      TradingGraph: Fusing timeframe signals
2026-03-28 21:18:42  INFO      TradingGraph: Fusion: L=-0.622(csns=1.00), M=-0.004(csns=0.50), S=0.071(csns=0.40), align_str=0.000
2026-03-28 21:18:42  INFO      TradingRunner: EXIT [NASDAQ:NVDA #12345 BUY  pnl=+200.00] — D1 flipped bearish (-0.622)
2026-03-28 21:18:42  INFO      MT5Executor: SIMULATION: Closed position 12345
2026-03-28 21:19:12  INFO      TradingRunner: [WATCHDOG] alive | equity=100200.0 | cycle=102 | profile=risky
2026-03-28 21:19:42  INFO      MT5Executor: SIMULATION: Partial close 40% of #12345
2026-03-28 21:19:42  INFO      TrailingStopManager: [RISKY] PARTIAL TP BUY NASDAQ:NVDA #12345: 40% locked in at +1R (entry=150.00000 price=152.00000)
2026-03-28 21:19:42  INFO      TrailingStopManager: SL lock BUY  NASDAQ:NVDA #12345 [stage 1]: 148.00000 → 150.00000  (entry=150.00000 price=152.00000 1R=2.00000)
2026-03-28 21:19:42  INFO      MT5Executor: SIMULATION: Modified SL for position 12345: 150.0
2026-03-28 21:19:42  INFO      TradingGraph: Running agents for NASDAQ:NVDA
2026-03-28 21:19:42  INFO      TradingGraph: Completed 14 agents
2026-03-28 21:19:42  INFO      TradingGraph: Fusing timeframe signals
2026-03-28 21:19:42  INFO      TradingGraph: Fusion: L=-0.622(csns=1.00), M=0.262(csns=1.00), S=0.045(csns=0.40), align_str=0.000
2026-03-28 21:19:42  INFO      TradingRunner: EXIT [NASDAQ:NVDA #12345 BUY  pnl=+200.00] — D1 flipped bearish (-0.622)
2026-03-28 21:19:42  INFO      MT5Executor: SIMULATION: Closed position 12345
2026-03-28 21:20:42  INFO      MT5Executor: SIMULATION: Partial close 40% of #12345
2026-03-28 21:20:42  INFO      TrailingStopManager: [RISKY] PARTIAL TP BUY NASDAQ:NVDA #12345: 40% locked in at +1R (entry=150.00000 price=152.00000)
2026-03-28 21:20:42  INFO      TrailingStopManager: SL lock BUY  NASDAQ:NVDA #12345 [stage 1]: 148.00000 → 150.00000  (entry=150.00000 price=152.00000 1R=2.00000)
2026-03-28 21:20:42  INFO      MT5Executor: SIMULATION: Modified SL for position 12345: 150.0
2026-03-28 21:20:42  INFO      TradingGraph: Running agents for NASDAQ:NVDA
2026-03-28 21:20:42  INFO      TradingGraph: Completed 14 agents
2026-03-28 21:20:42  INFO      TradingGraph: Fusing timeframe signals
2026-03-28 21:20:42  INFO      TradingGraph: Fusion: L=-0.619(csns=1.00), M=0.235(csns=0.67), S=0.130(csns=0.50), align_str=0.000
2026-03-28 21:20:42  INFO      TradingRunner: EXIT [NASDAQ:NVDA #12345 BUY  pnl=+200.00] — D1 flipped bearish (-0.619)
2026-03-28 21:20:42  INFO      MT5Executor: SIMULATION: Closed position 12345
2026-03-28 21:21:42  INFO      MT5Executor: SIMULATION: Partial close 40% of #12345
2026-03-28 21:21:42  INFO      TrailingStopManager: [RISKY] PARTIAL TP BUY NASDAQ:NVDA #12345: 40% locked in at +1R (entry=150.00000 price=152.00000)
2026-03-28 21:21:42  INFO      TrailingStopManager: SL lock BUY  NASDAQ:NVDA #12345 [stage 1]: 148.00000 → 150.00000  (entry=150.00000 price=152.00000 1R=2.00000)
2026-03-28 21:21:42  INFO      MT5Executor: SIMULATION: Modified SL for position 12345: 150.0
2026-03-28 21:21:42  INFO      TradingGraph: Running agents for NASDAQ:NVDA
2026-03-28 21:21:42  INFO      TradingGraph: Completed 14 agents
2026-03-28 21:21:42  INFO      TradingGraph: Fusing timeframe signals
2026-03-28 21:21:42  INFO      TradingGraph: Fusion: L=-0.619(csns=1.00), M=-0.010(csns=0.67), S=0.030(csns=0.40), align_str=0.000
2026-03-28 21:21:42  INFO      TradingRunner: EXIT [NASDAQ:NVDA #12345 BUY  pnl=+200.00] — D1 flipped bearish (-0.619)
2026-03-28 21:21:42  INFO      MT5Executor: SIMULATION: Closed position 12345
2026-03-28 21:22:42  INFO      MT5Executor: SIMULATION: Partial close 40% of #12345
2026-03-28 21:22:42  INFO      TrailingStopManager: [RISKY] PARTIAL TP BUY NASDAQ:NVDA #12345: 40% locked in at +1R (entry=150.00000 price=152.00000)
2026-03-28 21:22:42  INFO      TrailingStopManager: SL lock BUY  NASDAQ:NVDA #12345 [stage 1]: 148.00000 → 150.00000  (entry=150.00000 price=152.00000 1R=2.00000)
2026-03-28 21:22:42  INFO      MT5Executor: SIMULATION: Modified SL for position 12345: 150.0
2026-03-28 21:22:42  INFO      TradingGraph: Running agents for NASDAQ:NVDA
2026-03-28 21:22:42  INFO      TradingGraph: Completed 14 agents
2026-03-28 21:22:42  INFO      TradingGraph: Fusing timeframe signals
2026-03-28 21:22:42  INFO      TradingGraph: Fusion: L=-0.622(csns=1.00), M=0.262(csns=1.00), S=0.045(csns=0.40), align_str=0.000
2026-03-28 21:22:42  INFO      TradingRunner: EXIT [NASDAQ:NVDA #12345 BUY  pnl=+200.00] — D1 flipped bearish (-0.622)
2026-03-28 21:22:42  INFO      MT5Executor: SIMULATION: Closed position 12345
2026-03-28 21:23:29  WARNING   TradingRunner: Max daily trades (6) reached — no further entries today
2026-03-28 21:23:29  INFO      TradingRunner: PnL — unrealized: +200.00  realized today: +0.00  total: +200.00
2026-03-28 21:23:29  INFO      TradingRunner: Signal cycle done in 2.9s — sleeping 297s
2026-03-28 21:23:42  INFO      MT5Executor: SIMULATION: Partial close 40% of #12345
2026-03-28 21:23:42  INFO      TrailingStopManager: [RISKY] PARTIAL TP BUY NASDAQ:NVDA #12345: 40% locked in at +1R (entry=150.00000 price=152.00000)
2026-03-28 21:23:42  INFO      TrailingStopManager: SL lock BUY  NASDAQ:NVDA #12345 [stage 1]: 148.00000 → 150.00000  (entry=150.00000 price=152.00000 1R=2.00000)
2026-03-28 21:23:42  INFO      MT5Executor: SIMULATION: Modified SL for position 12345: 150.0
2026-03-28 21:23:42  INFO      TradingGraph: Running agents for NASDAQ:NVDA
2026-03-28 21:23:42  INFO      TradingGraph: Completed 14 agents
2026-03-28 21:23:42  INFO      TradingGraph: Fusing timeframe signals
2026-03-28 21:23:42  INFO      TradingGraph: Fusion: L=-0.619(csns=1.00), M=-0.010(csns=0.67), S=0.030(csns=0.40), align_str=0.000
2026-03-28 21:23:42  INFO      TradingRunner: EXIT [NASDAQ:NVDA #12345 BUY  pnl=+200.00] — D1 flipped bearish (-0.619)
2026-03-28 21:23:42  INFO      MT5Executor: SIMULATION: Closed position 12345
2026-03-28 21:24:42  INFO      MT5Executor: SIMULATION: Partial close 40% of #12345
2026-03-28 21:24:42  INFO      TrailingStopManager: [RISKY] PARTIAL TP BUY NASDAQ:NVDA #12345: 40% locked in at +1R (entry=150.00000 price=152.00000)
2026-03-28 21:24:42  INFO      TrailingStopManager: SL lock BUY  NASDAQ:NVDA #12345 [stage 1]: 148.00000 → 150.00000  (entry=150.00000 price=152.00000 1R=2.00000)
2026-03-28 21:24:42  INFO      MT5Executor: SIMULATION: Modified SL for position 12345: 150.0
2026-03-28 21:24:42  INFO      TradingGraph: Running agents for NASDAQ:NVDA
2026-03-28 21:24:42  INFO      TradingGraph: Completed 14 agents
2026-03-28 21:24:42  INFO      TradingGraph: Fusing timeframe signals
2026-03-28 21:24:42  INFO      TradingGraph: Fusion: L=-0.648(csns=1.00), M=0.443(csns=1.00), S=0.027(csns=0.40), align_str=0.000
2026-03-28 21:24:42  INFO      TradingRunner: EXIT [NASDAQ:NVDA #12345 BUY  pnl=+200.00] — D1 flipped bearish (-0.648)
2026-03-28 21:24:42  INFO      MT5Executor: SIMULATION: Closed position 12345
2026-03-28 21:25:42  INFO      MT5Executor: SIMULATION: Partial close 40% of #12345
2026-03-28 21:25:42  INFO      TrailingStopManager: [RISKY] PARTIAL TP BUY NASDAQ:NVDA #12345: 40% locked in at +1R (entry=150.00000 price=152.00000)
2026-03-28 21:25:42  INFO      TrailingStopManager: SL lock BUY  NASDAQ:NVDA #12345 [stage 1]: 148.00000 → 150.00000  (entry=150.00000 price=152.00000 1R=2.00000)
2026-03-28 21:25:42  INFO      MT5Executor: SIMULATION: Modified SL for position 12345: 150.0
2026-03-28 21:25:42  INFO      TradingGraph: Running agents for NASDAQ:NVDA
2026-03-28 21:25:42  INFO      TradingGraph: Completed 14 agents
2026-03-28 21:25:42  INFO      TradingGraph: Fusing timeframe signals
2026-03-28 21:25:42  INFO      TradingGraph: Fusion: L=-0.622(csns=1.00), M=-0.002(csns=0.50), S=0.002(csns=0.60), align_str=0.000
2026-03-28 21:25:42  INFO      TradingRunner: EXIT [NASDAQ:NVDA #12345 BUY  pnl=+200.00] — D1 flipped bearish (-0.622)
2026-03-28 21:25:42  INFO      MT5Executor: SIMULATION: Closed position 12345
2026-03-28 21:26:42  INFO      MT5Executor: SIMULATION: Partial close 40% of #12345
2026-03-28 21:26:42  INFO      TrailingStopManager: [RISKY] PARTIAL TP BUY NASDAQ:NVDA #12345: 40% locked in at +1R (entry=150.00000 price=152.00000)
2026-03-28 21:26:42  INFO      TrailingStopManager: SL lock BUY  NASDAQ:NVDA #12345 [stage 1]: 148.00000 → 150.00000  (entry=150.00000 price=152.00000 1R=2.00000)
2026-03-28 21:26:42  INFO      MT5Executor: SIMULATION: Modified SL for position 12345: 150.0
2026-03-28 21:26:42  INFO      TradingGraph: Running agents for NASDAQ:NVDA
2026-03-28 21:26:42  INFO      TradingGraph: Completed 14 agents
2026-03-28 21:26:42  INFO      TradingGraph: Fusing timeframe signals
2026-03-28 21:26:42  INFO      TradingGraph: Fusion: L=-0.619(csns=1.00), M=-0.010(csns=0.67), S=0.030(csns=0.40), align_str=0.000
2026-03-28 21:26:42  INFO      TradingRunner: EXIT [NASDAQ:NVDA #12345 BUY  pnl=+200.00] — D1 flipped bearish (-0.619)
2026-03-28 21:26:42  INFO      MT5Executor: SIMULATION: Closed position 12345
2026-03-28 21:27:42  INFO      MT5Executor: SIMULATION: Partial close 40% of #12345
2026-03-28 21:27:42  INFO      TrailingStopManager: [RISKY] PARTIAL TP BUY NASDAQ:NVDA #12345: 40% locked in at +1R (entry=150.00000 price=152.00000)
2026-03-28 21:27:42  INFO      TrailingStopManager: SL lock BUY  NASDAQ:NVDA #12345 [stage 1]: 148.00000 → 150.00000  (entry=150.00000 price=152.00000 1R=2.00000)
2026-03-28 21:27:42  INFO      MT5Executor: SIMULATION: Modified SL for position 12345: 150.0
2026-03-28 21:27:42  INFO      TradingGraph: Running agents for NASDAQ:NVDA
2026-03-28 21:27:42  INFO      TradingGraph: Completed 14 agents
2026-03-28 21:27:42  INFO      TradingGraph: Fusing timeframe signals
2026-03-28 21:27:42  INFO      TradingGraph: Fusion: L=-0.622(csns=1.00), M=0.262(csns=1.00), S=0.045(csns=0.40), align_str=0.000
2026-03-28 21:27:42  INFO      TradingRunner: EXIT [NASDAQ:NVDA #12345 BUY  pnl=+200.00] — D1 flipped bearish (-0.622)
2026-03-28 21:27:42  INFO      MT5Executor: SIMULATION: Closed position 12345
2026-03-28 21:28:29  WARNING   TradingRunner: Max daily trades (6) reached — no further entries today
2026-03-28 21:28:29  INFO      TradingRunner: PnL — unrealized: +200.00  realized today: +0.00  total: +200.00
2026-03-28 21:28:29  INFO      TradingRunner: Signal cycle done in 2.6s — sleeping 297s
2026-03-28 21:28:42  INFO      MT5Executor: SIMULATION: Partial close 40% of #12345
2026-03-28 21:28:42  INFO      TrailingStopManager: [RISKY] PARTIAL TP BUY NASDAQ:NVDA #12345: 40% locked in at +1R (entry=150.00000 price=152.00000)
2026-03-28 21:28:42  INFO      TrailingStopManager: SL lock BUY  NASDAQ:NVDA #12345 [stage 1]: 148.00000 → 150.00000  (entry=150.00000 price=152.00000 1R=2.00000)
2026-03-28 21:28:42  INFO      MT5Executor: SIMULATION: Modified SL for position 12345: 150.0
2026-03-28 21:28:42  INFO      TradingGraph: Running agents for NASDAQ:NVDA
2026-03-28 21:28:42  INFO      TradingGraph: Completed 14 agents
2026-03-28 21:28:42  INFO      TradingGraph: Fusing timeframe signals
2026-03-28 21:28:42  INFO      TradingGraph: Fusion: L=-0.622(csns=1.00), M=-0.004(csns=0.50), S=0.071(csns=0.40), align_str=0.000
2026-03-28 21:28:42  INFO      TradingRunner: EXIT [NASDAQ:NVDA #12345 BUY  pnl=+200.00] — D1 flipped bearish (-0.622)
2026-03-28 21:28:42  INFO      MT5Executor: SIMULATION: Closed position 12345
2026-03-28 21:29:42  INFO      MT5Executor: SIMULATION: Partial close 40% of #12345
2026-03-28 21:29:42  INFO      TrailingStopManager: [RISKY] PARTIAL TP BUY NASDAQ:NVDA #12345: 40% locked in at +1R (entry=150.00000 price=152.00000)
2026-03-28 21:29:42  INFO      TrailingStopManager: SL lock BUY  NASDAQ:NVDA #12345 [stage 1]: 148.00000 → 150.00000  (entry=150.00000 price=152.00000 1R=2.00000)
2026-03-28 21:29:42  INFO      MT5Executor: SIMULATION: Modified SL for position 12345: 150.0
2026-03-28 21:29:42  INFO      TradingGraph: Running agents for NASDAQ:NVDA
2026-03-28 21:29:42  INFO      TradingRunner: [WATCHDOG] alive | equity=100200.0 | cycle=104 | profile=risky
2026-03-28 21:29:42  INFO      TradingGraph: Completed 14 agents
2026-03-28 21:29:42  INFO      TradingGraph: Fusing timeframe signals
2026-03-28 21:29:42  INFO      TradingGraph: Fusion: L=-0.621(csns=1.00), M=-0.001(csns=0.50), S=-0.068(csns=0.71), align_str=0.039
2026-03-28 21:29:42  INFO      TradingRunner: EXIT [NASDAQ:NVDA #12345 BUY  pnl=+200.00] — D1 flipped bearish (-0.621)
2026-03-28 21:29:42  INFO      MT5Executor: SIMULATION: Closed position 12345
2026-03-28 21:30:42  INFO      MT5Executor: SIMULATION: Partial close 40% of #12345
2026-03-28 21:30:42  INFO      TrailingStopManager: [RISKY] PARTIAL TP BUY NASDAQ:NVDA #12345: 40% locked in at +1R (entry=150.00000 price=152.00000)
2026-03-28 21:30:42  INFO      TrailingStopManager: SL lock BUY  NASDAQ:NVDA #12345 [stage 1]: 148.00000 → 150.00000  (entry=150.00000 price=152.00000 1R=2.00000)
2026-03-28 21:30:42  INFO      MT5Executor: SIMULATION: Modified SL for position 12345: 150.0
2026-03-28 21:30:42  INFO      TradingGraph: Running agents for NASDAQ:NVDA
2026-03-28 21:30:42  INFO      TradingGraph: Completed 14 agents
2026-03-28 21:30:42  INFO      TradingGraph: Fusing timeframe signals
2026-03-28 21:30:42  INFO      TradingGraph: Fusion: L=-0.622(csns=1.00), M=0.262(csns=1.00), S=0.044(csns=0.40), align_str=0.000
2026-03-28 21:30:42  INFO      TradingRunner: EXIT [NASDAQ:NVDA #12345 BUY  pnl=+200.00] — D1 flipped bearish (-0.622)
2026-03-28 21:30:42  INFO      MT5Executor: SIMULATION: Closed position 12345
2026-03-28 21:31:42  INFO      MT5Executor: SIMULATION: Partial close 40% of #12345
2026-03-28 21:31:42  INFO      TrailingStopManager: [RISKY] PARTIAL TP BUY NASDAQ:NVDA #12345: 40% locked in at +1R (entry=150.00000 price=152.00000)
2026-03-28 21:31:42  INFO      TrailingStopManager: SL lock BUY  NASDAQ:NVDA #12345 [stage 1]: 148.00000 → 150.00000  (entry=150.00000 price=152.00000 1R=2.00000)
2026-03-28 21:31:42  INFO      MT5Executor: SIMULATION: Modified SL for position 12345: 150.0
2026-03-28 21:31:43  INFO      TradingGraph: Running agents for NASDAQ:NVDA
2026-03-28 21:31:43  INFO      TradingGraph: Completed 14 agents
2026-03-28 21:31:43  INFO      TradingGraph: Fusing timeframe signals
2026-03-28 21:31:43  INFO      TradingGraph: Fusion: L=-0.656(csns=1.00), M=-0.144(csns=1.00), S=0.002(csns=0.67), align_str=0.000
2026-03-28 21:31:43  INFO      TradingRunner: EXIT [NASDAQ:NVDA #12345 BUY  pnl=+200.00] — D1 flipped bearish (-0.656)
2026-03-28 21:31:43  INFO      MT5Executor: SIMULATION: Closed position 12345
2026-03-28 21:32:42  INFO      MT5Executor: SIMULATION: Partial close 40% of #12345
2026-03-28 21:32:42  INFO      TrailingStopManager: [RISKY] PARTIAL TP BUY NASDAQ:NVDA #12345: 40% locked in at +1R (entry=150.00000 price=152.00000)
2026-03-28 21:32:42  INFO      TrailingStopManager: SL lock BUY  NASDAQ:NVDA #12345 [stage 1]: 148.00000 → 150.00000  (entry=150.00000 price=152.00000 1R=2.00000)
2026-03-28 21:32:42  INFO      MT5Executor: SIMULATION: Modified SL for position 12345: 150.0
2026-03-28 21:32:43  INFO      TradingGraph: Running agents for NASDAQ:NVDA
2026-03-28 21:32:43  INFO      TradingGraph: Completed 14 agents
2026-03-28 21:32:43  INFO      TradingGraph: Fusing timeframe signals
2026-03-28 21:32:43  INFO      TradingGraph: Fusion: L=-0.623(csns=1.00), M=-0.010(csns=0.67), S=0.131(csns=0.83), align_str=0.000
2026-03-28 21:32:43  INFO      TradingRunner: EXIT [NASDAQ:NVDA #12345 BUY  pnl=+200.00] — D1 flipped bearish (-0.623)
2026-03-28 21:32:43  INFO      MT5Executor: SIMULATION: Closed position 12345
2026-03-28 21:33:29  WARNING   TradingRunner: Max daily trades (6) reached — no further entries today
2026-03-28 21:33:29  INFO      TradingRunner: PnL — unrealized: +200.00  realized today: +0.00  total: +200.00
2026-03-28 21:33:29  INFO      TradingRunner: Signal cycle done in 3.1s — sleeping 297s
2026-03-28 21:33:42  INFO      MT5Executor: SIMULATION: Partial close 40% of #12345
2026-03-28 21:33:42  INFO      TrailingStopManager: [RISKY] PARTIAL TP BUY NASDAQ:NVDA #12345: 40% locked in at +1R (entry=150.00000 price=152.00000)
2026-03-28 21:33:42  INFO      TrailingStopManager: SL lock BUY  NASDAQ:NVDA #12345 [stage 1]: 148.00000 → 150.00000  (entry=150.00000 price=152.00000 1R=2.00000)
2026-03-28 21:33:42  INFO      MT5Executor: SIMULATION: Modified SL for position 12345: 150.0
2026-03-28 21:33:43  INFO      TradingGraph: Running agents for NASDAQ:NVDA
2026-03-28 21:33:43  INFO      TradingGraph: Completed 14 agents
2026-03-28 21:33:43  INFO      TradingGraph: Fusing timeframe signals
2026-03-28 21:33:43  INFO      TradingGraph: Fusion: L=-0.619(csns=1.00), M=-0.010(csns=0.67), S=0.028(csns=0.40), align_str=0.000
2026-03-28 21:33:43  INFO      TradingRunner: EXIT [NASDAQ:NVDA #12345 BUY  pnl=+200.00] — D1 flipped bearish (-0.619)
2026-03-28 21:33:43  INFO      MT5Executor: SIMULATION: Closed position 12345
2026-03-28 21:34:42  INFO      MT5Executor: SIMULATION: Partial close 40% of #12345
2026-03-28 21:34:42  INFO      TrailingStopManager: [RISKY] PARTIAL TP BUY NASDAQ:NVDA #12345: 40% locked in at +1R (entry=150.00000 price=152.00000)
2026-03-28 21:34:42  INFO      TrailingStopManager: SL lock BUY  NASDAQ:NVDA #12345 [stage 1]: 148.00000 → 150.00000  (entry=150.00000 price=152.00000 1R=2.00000)
2026-03-28 21:34:42  INFO      MT5Executor: SIMULATION: Modified SL for position 12345: 150.0
2026-03-28 21:34:43  INFO      TradingGraph: Running agents for NASDAQ:NVDA
2026-03-28 21:34:43  INFO      TradingGraph: Completed 14 agents
2026-03-28 21:34:43  INFO      TradingGraph: Fusing timeframe signals
2026-03-28 21:34:43  INFO      TradingGraph: Fusion: L=-0.648(csns=1.00), M=0.308(csns=0.67), S=0.139(csns=0.80), align_str=0.000
2026-03-28 21:34:43  INFO      TradingRunner: EXIT [NASDAQ:NVDA #12345 BUY  pnl=+200.00] — D1 flipped bearish (-0.648)
2026-03-28 21:34:43  INFO      MT5Executor: SIMULATION: Closed position 12345
2026-03-28 21:35:43  INFO      MT5Executor: SIMULATION: Partial close 40% of #12345
2026-03-28 21:35:43  INFO      TrailingStopManager: [RISKY] PARTIAL TP BUY NASDAQ:NVDA #12345: 40% locked in at +1R (entry=150.00000 price=152.00000)
2026-03-28 21:35:43  INFO      TrailingStopManager: SL lock BUY  NASDAQ:NVDA #12345 [stage 1]: 148.00000 → 150.00000  (entry=150.00000 price=152.00000 1R=2.00000)
2026-03-28 21:35:43  INFO      MT5Executor: SIMULATION: Modified SL for position 12345: 150.0
2026-03-28 21:35:43  INFO      TradingGraph: Running agents for NASDAQ:NVDA
2026-03-28 21:35:43  INFO      TradingGraph: Completed 14 agents
2026-03-28 21:35:43  INFO      TradingGraph: Fusing timeframe signals
2026-03-28 21:35:43  INFO      TradingGraph: Fusion: L=-0.664(csns=1.00), M=-0.542(csns=1.00), S=-0.051(csns=0.50), align_str=0.263
2026-03-28 21:35:43  INFO      TradingRunner: EXIT [NASDAQ:NVDA #12345 BUY  pnl=+200.00] — D1 flipped bearish (-0.664)
2026-03-28 21:35:43  INFO      MT5Executor: SIMULATION: Closed position 12345
2026-03-28 21:36:43  INFO      MT5Executor: SIMULATION: Partial close 40% of #12345
2026-03-28 21:36:43  INFO      TrailingStopManager: [RISKY] PARTIAL TP BUY NASDAQ:NVDA #12345: 40% locked in at +1R (entry=150.00000 price=152.00000)
2026-03-28 21:36:43  INFO      TrailingStopManager: SL lock BUY  NASDAQ:NVDA #12345 [stage 1]: 148.00000 → 150.00000  (entry=150.00000 price=152.00000 1R=2.00000)
2026-03-28 21:36:43  INFO      MT5Executor: SIMULATION: Modified SL for position 12345: 150.0
2026-03-28 21:36:43  INFO      TradingGraph: Running agents for NASDAQ:NVDA
2026-03-28 21:36:43  INFO      TradingGraph: Completed 14 agents
2026-03-28 21:36:43  INFO      TradingGraph: Fusing timeframe signals
2026-03-28 21:36:43  INFO      TradingGraph: Fusion: L=-0.615(csns=1.00), M=-0.441(csns=1.00), S=0.012(csns=0.60), align_str=0.000
2026-03-28 21:36:43  INFO      TradingRunner: EXIT [NASDAQ:NVDA #12345 BUY  pnl=+200.00] — D1 flipped bearish (-0.615)
2026-03-28 21:36:43  INFO      MT5Executor: SIMULATION: Closed position 12345
2026-03-28 21:37:43  INFO      MT5Executor: SIMULATION: Partial close 40% of #12345
2026-03-28 21:37:43  INFO      TrailingStopManager: [RISKY] PARTIAL TP BUY NASDAQ:NVDA #12345: 40% locked in at +1R (entry=150.00000 price=152.00000)
2026-03-28 21:37:43  INFO      TrailingStopManager: SL lock BUY  NASDAQ:NVDA #12345 [stage 1]: 148.00000 → 150.00000  (entry=150.00000 price=152.00000 1R=2.00000)
2026-03-28 21:37:43  INFO      MT5Executor: SIMULATION: Modified SL for position 12345: 150.0
2026-03-28 21:37:43  INFO      TradingGraph: Running agents for NASDAQ:NVDA
2026-03-28 21:37:43  INFO      TradingGraph: Completed 14 agents
2026-03-28 21:37:43  INFO      TradingGraph: Fusing timeframe signals
2026-03-28 21:37:43  INFO      TradingGraph: Fusion: L=-0.622(csns=1.00), M=-0.004(csns=0.50), S=0.072(csns=0.40), align_str=0.000
2026-03-28 21:37:43  INFO      TradingRunner: EXIT [NASDAQ:NVDA #12345 BUY  pnl=+200.00] — D1 flipped bearish (-0.622)
2026-03-28 21:37:43  INFO      MT5Executor: SIMULATION: Closed position 12345
2026-03-28 21:38:29  WARNING   TradingRunner: Max daily trades (6) reached — no further entries today
2026-03-28 21:38:29  INFO      TradingRunner: PnL — unrealized: +200.00  realized today: +0.00  total: +200.00
2026-03-28 21:38:29  INFO      TradingRunner: Signal cycle done in 2.9s — sleeping 297s
2026-03-28 21:38:43  INFO      MT5Executor: SIMULATION: Partial close 40% of #12345
2026-03-28 21:38:43  INFO      TrailingStopManager: [RISKY] PARTIAL TP BUY NASDAQ:NVDA #12345: 40% locked in at +1R (entry=150.00000 price=152.00000)
2026-03-28 21:38:43  INFO      TrailingStopManager: SL lock BUY  NASDAQ:NVDA #12345 [stage 1]: 148.00000 → 150.00000  (entry=150.00000 price=152.00000 1R=2.00000)
2026-03-28 21:38:43  INFO      MT5Executor: SIMULATION: Modified SL for position 12345: 150.0
2026-03-28 21:38:43  INFO      TradingGraph: Running agents for NASDAQ:NVDA
2026-03-28 21:38:43  INFO      TradingGraph: Completed 14 agents
2026-03-28 21:38:43  INFO      TradingGraph: Fusing timeframe signals
2026-03-28 21:38:43  INFO      TradingGraph: Fusion: L=-0.619(csns=1.00), M=-0.010(csns=0.67), S=0.028(csns=0.40), align_str=0.000
2026-03-28 21:38:43  INFO      TradingRunner: EXIT [NASDAQ:NVDA #12345 BUY  pnl=+200.00] — D1 flipped bearish (-0.619)
2026-03-28 21:38:43  INFO      MT5Executor: SIMULATION: Closed position 12345
2026-03-28 21:39:43  INFO      MT5Executor: SIMULATION: Partial close 40% of #12345
2026-03-28 21:39:43  INFO      TrailingStopManager: [RISKY] PARTIAL TP BUY NASDAQ:NVDA #12345: 40% locked in at +1R (entry=150.00000 price=152.00000)
2026-03-28 21:39:43  INFO      TrailingStopManager: SL lock BUY  NASDAQ:NVDA #12345 [stage 1]: 148.00000 → 150.00000  (entry=150.00000 price=152.00000 1R=2.00000)
2026-03-28 21:39:43  INFO      MT5Executor: SIMULATION: Modified SL for position 12345: 150.0
2026-03-28 21:39:43  INFO      TradingGraph: Running agents for NASDAQ:NVDA
2026-03-28 21:39:43  INFO      TradingGraph: Completed 14 agents
2026-03-28 21:39:43  INFO      TradingGraph: Fusing timeframe signals
2026-03-28 21:39:43  INFO      TradingGraph: Fusion: L=-0.619(csns=1.00), M=-0.010(csns=0.67), S=0.028(csns=0.40), align_str=0.000
2026-03-28 21:39:43  INFO      TradingRunner: EXIT [NASDAQ:NVDA #12345 BUY  pnl=+200.00] — D1 flipped bearish (-0.619)
2026-03-28 21:39:43  INFO      MT5Executor: SIMULATION: Closed position 12345
2026-03-28 21:40:13  INFO      TradingRunner: [WATCHDOG] alive | equity=100200.0 | cycle=106 | profile=risky
2026-03-28 21:40:43  INFO      MT5Executor: SIMULATION: Partial close 40% of #12345
2026-03-28 21:40:43  INFO      TrailingStopManager: [RISKY] PARTIAL TP BUY NASDAQ:NVDA #12345: 40% locked in at +1R (entry=150.00000 price=152.00000)
2026-03-28 21:40:43  INFO      TrailingStopManager: SL lock BUY  NASDAQ:NVDA #12345 [stage 1]: 148.00000 → 150.00000  (entry=150.00000 price=152.00000 1R=2.00000)
2026-03-28 21:40:43  INFO      MT5Executor: SIMULATION: Modified SL for position 12345: 150.0
2026-03-28 21:40:43  INFO      TradingGraph: Running agents for NASDAQ:NVDA
2026-03-28 21:40:43  INFO      TradingGraph: Completed 14 agents
2026-03-28 21:40:43  INFO      TradingGraph: Fusing timeframe signals
2026-03-28 21:40:43  INFO      TradingGraph: Fusion: L=-0.619(csns=1.00), M=0.235(csns=0.67), S=0.129(csns=0.50), align_str=0.000
2026-03-28 21:40:43  INFO      TradingRunner: EXIT [NASDAQ:NVDA #12345 BUY  pnl=+200.00] — D1 flipped bearish (-0.619)
2026-03-28 21:40:43  INFO      MT5Executor: SIMULATION: Closed position 12345
2026-03-28 21:41:43  INFO      MT5Executor: SIMULATION: Partial close 40% of #12345
2026-03-28 21:41:43  INFO      TrailingStopManager: [RISKY] PARTIAL TP BUY NASDAQ:NVDA #12345: 40% locked in at +1R (entry=150.00000 price=152.00000)
2026-03-28 21:41:43  INFO      TrailingStopManager: SL lock BUY  NASDAQ:NVDA #12345 [stage 1]: 148.00000 → 150.00000  (entry=150.00000 price=152.00000 1R=2.00000)
2026-03-28 21:41:43  INFO      MT5Executor: SIMULATION: Modified SL for position 12345: 150.0
2026-03-28 21:41:43  INFO      TradingGraph: Running agents for NASDAQ:NVDA
2026-03-28 21:41:43  INFO      TradingGraph: Completed 14 agents
2026-03-28 21:41:43  INFO      TradingGraph: Fusing timeframe signals
2026-03-28 21:41:43  INFO      TradingGraph: Fusion: L=-0.657(csns=1.00), M=0.420(csns=0.67), S=-0.004(csns=0.33), align_str=0.000
2026-03-28 21:41:43  INFO      TradingRunner: EXIT [NASDAQ:NVDA #12345 BUY  pnl=+200.00] — D1 flipped bearish (-0.657)
2026-03-28 21:41:43  INFO      MT5Executor: SIMULATION: Closed position 12345
2026-03-28 21:42:43  INFO      MT5Executor: SIMULATION: Partial close 40% of #12345
2026-03-28 21:42:43  INFO      TrailingStopManager: [RISKY] PARTIAL TP BUY NASDAQ:NVDA #12345: 40% locked in at +1R (entry=150.00000 price=152.00000)
2026-03-28 21:42:43  INFO      TrailingStopManager: SL lock BUY  NASDAQ:NVDA #12345 [stage 1]: 148.00000 → 150.00000  (entry=150.00000 price=152.00000 1R=2.00000)
2026-03-28 21:42:43  INFO      MT5Executor: SIMULATION: Modified SL for position 12345: 150.0
2026-03-28 21:42:43  INFO      TradingGraph: Running agents for NASDAQ:NVDA
2026-03-28 21:42:43  INFO      TradingGraph: Completed 14 agents
2026-03-28 21:42:43  INFO      TradingGraph: Fusing timeframe signals
2026-03-28 21:42:43  INFO      TradingGraph: Fusion: L=-0.619(csns=1.00), M=-0.010(csns=0.67), S=0.028(csns=0.40), align_str=0.000
2026-03-28 21:42:43  INFO      TradingRunner: EXIT [NASDAQ:NVDA #12345 BUY  pnl=+200.00] — D1 flipped bearish (-0.619)
2026-03-28 21:42:43  INFO      MT5Executor: SIMULATION: Closed position 12345
2026-03-28 21:43:29  WARNING   TradingRunner: Max daily trades (6) reached — no further entries today
2026-03-28 21:43:29  INFO      TradingRunner: PnL — unrealized: +200.00  realized today: +0.00  total: +200.00
2026-03-28 21:43:29  INFO      TradingRunner: Signal cycle done in 2.8s — sleeping 297s
2026-03-28 21:43:43  INFO      MT5Executor: SIMULATION: Partial close 40% of #12345
2026-03-28 21:43:43  INFO      TrailingStopManager: [RISKY] PARTIAL TP BUY NASDAQ:NVDA #12345: 40% locked in at +1R (entry=150.00000 price=152.00000)
2026-03-28 21:43:43  INFO      TrailingStopManager: SL lock BUY  NASDAQ:NVDA #12345 [stage 1]: 148.00000 → 150.00000  (entry=150.00000 price=152.00000 1R=2.00000)
2026-03-28 21:43:43  INFO      MT5Executor: SIMULATION: Modified SL for position 12345: 150.0
2026-03-28 21:43:43  INFO      TradingGraph: Running agents for NASDAQ:NVDA
2026-03-28 21:43:43  INFO      TradingGraph: Completed 14 agents
2026-03-28 21:43:43  INFO      TradingGraph: Fusing timeframe signals
2026-03-28 21:43:43  INFO      TradingGraph: Fusion: L=-0.622(csns=1.00), M=0.262(csns=1.00), S=0.044(csns=0.40), align_str=0.000
2026-03-28 21:43:43  INFO      TradingRunner: EXIT [NASDAQ:NVDA #12345 BUY  pnl=+200.00] — D1 flipped bearish (-0.622)
2026-03-28 21:43:43  INFO      MT5Executor: SIMULATION: Closed position 12345
2026-03-28 21:44:43  INFO      MT5Executor: SIMULATION: Partial close 40% of #12345
2026-03-28 21:44:43  INFO      TrailingStopManager: [RISKY] PARTIAL TP BUY NASDAQ:NVDA #12345: 40% locked in at +1R (entry=150.00000 price=152.00000)
2026-03-28 21:44:43  INFO      TrailingStopManager: SL lock BUY  NASDAQ:NVDA #12345 [stage 1]: 148.00000 → 150.00000  (entry=150.00000 price=152.00000 1R=2.00000)
2026-03-28 21:44:43  INFO      MT5Executor: SIMULATION: Modified SL for position 12345: 150.0
2026-03-28 21:44:43  INFO      TradingGraph: Running agents for NASDAQ:NVDA
2026-03-28 21:44:43  INFO      TradingGraph: Completed 14 agents
2026-03-28 21:44:43  INFO      TradingGraph: Fusing timeframe signals
2026-03-28 21:44:43  INFO      TradingGraph: Fusion: L=-0.657(csns=1.00), M=0.420(csns=0.67), S=-0.004(csns=0.33), align_str=0.000
2026-03-28 21:44:43  INFO      TradingRunner: EXIT [NASDAQ:NVDA #12345 BUY  pnl=+200.00] — D1 flipped bearish (-0.657)
2026-03-28 21:44:43  INFO      MT5Executor: SIMULATION: Closed position 12345
2026-03-28 21:45:43  INFO      MT5Executor: SIMULATION: Partial close 40% of #12345
2026-03-28 21:45:43  INFO      TrailingStopManager: [RISKY] PARTIAL TP BUY NASDAQ:NVDA #12345: 40% locked in at +1R (entry=150.00000 price=152.00000)
2026-03-28 21:45:43  INFO      TrailingStopManager: SL lock BUY  NASDAQ:NVDA #12345 [stage 1]: 148.00000 → 150.00000  (entry=150.00000 price=152.00000 1R=2.00000)
2026-03-28 21:45:43  INFO      MT5Executor: SIMULATION: Modified SL for position 12345: 150.0
2026-03-28 21:45:43  INFO      TradingGraph: Running agents for NASDAQ:NVDA
2026-03-28 21:45:43  INFO      TradingGraph: Completed 14 agents
2026-03-28 21:45:43  INFO      TradingGraph: Fusing timeframe signals
2026-03-28 21:45:43  INFO      TradingGraph: Fusion: L=-0.622(csns=1.00), M=-0.002(csns=0.50), S=-0.000(csns=0.40), align_str=0.006
2026-03-28 21:45:43  INFO      TradingRunner: EXIT [NASDAQ:NVDA #12345 BUY  pnl=+200.00] — D1 flipped bearish (-0.622)
2026-03-28 21:45:43  INFO      MT5Executor: SIMULATION: Closed position 12345
2026-03-28 21:46:43  INFO      MT5Executor: SIMULATION: Partial close 40% of #12345
2026-03-28 21:46:43  INFO      TrailingStopManager: [RISKY] PARTIAL TP BUY NASDAQ:NVDA #12345: 40% locked in at +1R (entry=150.00000 price=152.00000)
2026-03-28 21:46:43  INFO      TrailingStopManager: SL lock BUY  NASDAQ:NVDA #12345 [stage 1]: 148.00000 → 150.00000  (entry=150.00000 price=152.00000 1R=2.00000)
2026-03-28 21:46:43  INFO      MT5Executor: SIMULATION: Modified SL for position 12345: 150.0
2026-03-28 21:46:43  INFO      TradingGraph: Running agents for NASDAQ:NVDA
2026-03-28 21:46:43  INFO      TradingGraph: Completed 14 agents
2026-03-28 21:46:43  INFO      TradingGraph: Fusing timeframe signals
2026-03-28 21:46:43  INFO      TradingGraph: Fusion: L=-0.597(csns=1.00), M=-0.124(csns=1.00), S=0.017(csns=0.60), align_str=0.000
2026-03-28 21:46:43  INFO      TradingRunner: EXIT [NASDAQ:NVDA #12345 BUY  pnl=+200.00] — D1 flipped bearish (-0.597)
2026-03-28 21:46:43  INFO      MT5Executor: SIMULATION: Closed position 12345
2026-03-28 21:47:43  INFO      MT5Executor: SIMULATION: Partial close 40% of #12345
2026-03-28 21:47:43  INFO      TrailingStopManager: [RISKY] PARTIAL TP BUY NASDAQ:NVDA #12345: 40% locked in at +1R (entry=150.00000 price=152.00000)
2026-03-28 21:47:43  INFO      TrailingStopManager: SL lock BUY  NASDAQ:NVDA #12345 [stage 1]: 148.00000 → 150.00000  (entry=150.00000 price=152.00000 1R=2.00000)
2026-03-28 21:47:43  INFO      MT5Executor: SIMULATION: Modified SL for position 12345: 150.0
2026-03-28 21:47:43  INFO      TradingGraph: Running agents for NASDAQ:NVDA
2026-03-28 21:47:43  INFO      TradingGraph: Completed 14 agents
2026-03-28 21:47:43  INFO      TradingGraph: Fusing timeframe signals
2026-03-28 21:47:43  INFO      TradingGraph: Fusion: L=-0.619(csns=1.00), M=0.235(csns=0.67), S=0.128(csns=0.50), align_str=0.000
2026-03-28 21:47:43  INFO      TradingRunner: EXIT [NASDAQ:NVDA #12345 BUY  pnl=+200.00] — D1 flipped bearish (-0.619)
2026-03-28 21:47:43  INFO      MT5Executor: SIMULATION: Closed position 12345
2026-03-28 21:48:29  WARNING   TradingRunner: Max daily trades (6) reached — no further entries today
2026-03-28 21:48:29  INFO      TradingRunner: PnL — unrealized: +200.00  realized today: +0.00  total: +200.00
2026-03-28 21:48:29  INFO      TradingRunner: Signal cycle done in 3.3s — sleeping 297s
2026-03-28 21:48:43  INFO      MT5Executor: SIMULATION: Partial close 40% of #12345
2026-03-28 21:48:43  INFO      TrailingStopManager: [RISKY] PARTIAL TP BUY NASDAQ:NVDA #12345: 40% locked in at +1R (entry=150.00000 price=152.00000)
2026-03-28 21:48:43  INFO      TrailingStopManager: SL lock BUY  NASDAQ:NVDA #12345 [stage 1]: 148.00000 → 150.00000  (entry=150.00000 price=152.00000 1R=2.00000)
2026-03-28 21:48:43  INFO      MT5Executor: SIMULATION: Modified SL for position 12345: 150.0
2026-03-28 21:48:43  INFO      TradingGraph: Running agents for NASDAQ:NVDA
2026-03-28 21:48:43  INFO      TradingGraph: Completed 14 agents
2026-03-28 21:48:43  INFO      TradingGraph: Fusing timeframe signals
2026-03-28 21:48:43  INFO      TradingGraph: Fusion: L=-0.622(csns=1.00), M=-0.004(csns=0.50), S=0.073(csns=0.40), align_str=0.000
2026-03-28 21:48:43  INFO      TradingRunner: EXIT [NASDAQ:NVDA #12345 BUY  pnl=+200.00] — D1 flipped bearish (-0.622)
2026-03-28 21:48:43  INFO      MT5Executor: SIMULATION: Closed position 12345
2026-03-28 21:49:43  INFO      MT5Executor: SIMULATION: Partial close 40% of #12345
2026-03-28 21:49:43  INFO      TrailingStopManager: [RISKY] PARTIAL TP BUY NASDAQ:NVDA #12345: 40% locked in at +1R (entry=150.00000 price=152.00000)
2026-03-28 21:49:43  INFO      TrailingStopManager: SL lock BUY  NASDAQ:NVDA #12345 [stage 1]: 148.00000 → 150.00000  (entry=150.00000 price=152.00000 1R=2.00000)
2026-03-28 21:49:43  INFO      MT5Executor: SIMULATION: Modified SL for position 12345: 150.0
2026-03-28 21:49:43  INFO      TradingGraph: Running agents for NASDAQ:NVDA
2026-03-28 21:49:43  INFO      TradingGraph: Completed 14 agents
2026-03-28 21:49:43  INFO      TradingGraph: Fusing timeframe signals
2026-03-28 21:49:43  INFO      TradingGraph: Fusion: L=-0.622(csns=1.00), M=0.262(csns=1.00), S=0.042(csns=0.40), align_str=0.000
2026-03-28 21:49:43  INFO      TradingRunner: EXIT [NASDAQ:NVDA #12345 BUY  pnl=+200.00] — D1 flipped bearish (-0.622)
2026-03-28 21:49:43  INFO      MT5Executor: SIMULATION: Closed position 12345
2026-03-28 21:50:43  INFO      MT5Executor: SIMULATION: Partial close 40% of #12345
2026-03-28 21:50:43  INFO      TrailingStopManager: [RISKY] PARTIAL TP BUY NASDAQ:NVDA #12345: 40% locked in at +1R (entry=150.00000 price=152.00000)
2026-03-28 21:50:43  INFO      TrailingStopManager: SL lock BUY  NASDAQ:NVDA #12345 [stage 1]: 148.00000 → 150.00000  (entry=150.00000 price=152.00000 1R=2.00000)
2026-03-28 21:50:43  INFO      MT5Executor: SIMULATION: Modified SL for position 12345: 150.0
2026-03-28 21:50:43  INFO      TradingGraph: Running agents for NASDAQ:NVDA
2026-03-28 21:50:43  INFO      TradingGraph: Completed 14 agents
2026-03-28 21:50:43  INFO      TradingGraph: Fusing timeframe signals
2026-03-28 21:50:43  INFO      TradingGraph: Fusion: L=-0.619(csns=1.00), M=0.235(csns=0.67), S=0.128(csns=0.50), align_str=0.000
2026-03-28 21:50:43  INFO      TradingRunner: EXIT [NASDAQ:NVDA #12345 BUY  pnl=+200.00] — D1 flipped bearish (-0.619)
2026-03-28 21:50:43  INFO      MT5Executor: SIMULATION: Closed position 12345
2026-03-28 21:50:43  INFO      TradingRunner: [WATCHDOG] alive | equity=100200.0 | cycle=108 | profile=risky
2026-03-28 21:51:43  INFO      MT5Executor: SIMULATION: Partial close 40% of #12345
2026-03-28 21:51:43  INFO      TrailingStopManager: [RISKY] PARTIAL TP BUY NASDAQ:NVDA #12345: 40% locked in at +1R (entry=150.00000 price=152.00000)
2026-03-28 21:51:43  INFO      TrailingStopManager: SL lock BUY  NASDAQ:NVDA #12345 [stage 1]: 148.00000 → 150.00000  (entry=150.00000 price=152.00000 1R=2.00000)
2026-03-28 21:51:43  INFO      MT5Executor: SIMULATION: Modified SL for position 12345: 150.0
2026-03-28 21:51:43  INFO      TradingGraph: Running agents for NASDAQ:NVDA
2026-03-28 21:51:43  INFO      TradingGraph: Completed 14 agents
2026-03-28 21:51:43  INFO      TradingGraph: Fusing timeframe signals
2026-03-28 21:51:43  INFO      TradingGraph: Fusion: L=-0.624(csns=1.00), M=-0.273(csns=0.67), S=0.008(csns=0.67), align_str=0.000
2026-03-28 21:51:43  INFO      TradingRunner: EXIT [NASDAQ:NVDA #12345 BUY  pnl=+200.00] — D1 flipped bearish (-0.624)
2026-03-28 21:51:43  INFO      MT5Executor: SIMULATION: Closed position 12345
2026-03-28 21:52:43  INFO      MT5Executor: SIMULATION: Partial close 40% of #12345
2026-03-28 21:52:43  INFO      TrailingStopManager: [RISKY] PARTIAL TP BUY NASDAQ:NVDA #12345: 40% locked in at +1R (entry=150.00000 price=152.00000)
2026-03-28 21:52:43  INFO      TrailingStopManager: SL lock BUY  NASDAQ:NVDA #12345 [stage 1]: 148.00000 → 150.00000  (entry=150.00000 price=152.00000 1R=2.00000)
2026-03-28 21:52:43  INFO      MT5Executor: SIMULATION: Modified SL for position 12345: 150.0
2026-03-28 21:52:43  INFO      TradingGraph: Running agents for NASDAQ:NVDA
2026-03-28 21:52:43  INFO      TradingGraph: Completed 14 agents
2026-03-28 21:52:43  INFO      TradingGraph: Fusing timeframe signals
2026-03-28 21:52:43  INFO      TradingGraph: Fusion: L=-0.622(csns=1.00), M=0.262(csns=1.00), S=0.042(csns=0.40), align_str=0.000
2026-03-28 21:52:43  INFO      TradingRunner: EXIT [NASDAQ:NVDA #12345 BUY  pnl=+200.00] — D1 flipped bearish (-0.622)
2026-03-28 21:52:43  INFO      MT5Executor: SIMULATION: Closed position 12345
2026-03-28 21:53:29  WARNING   TradingRunner: Max daily trades (6) reached — no further entries today
2026-03-28 21:53:29  INFO      TradingRunner: PnL — unrealized: +200.00  realized today: +0.00  total: +200.00
2026-03-28 21:53:29  INFO      TradingRunner: Signal cycle done in 3.2s — sleeping 297s
2026-03-28 21:53:43  INFO      MT5Executor: SIMULATION: Partial close 40% of #12345
2026-03-28 21:53:43  INFO      TrailingStopManager: [RISKY] PARTIAL TP BUY NASDAQ:NVDA #12345: 40% locked in at +1R (entry=150.00000 price=152.00000)
2026-03-28 21:53:43  INFO      TrailingStopManager: SL lock BUY  NASDAQ:NVDA #12345 [stage 1]: 148.00000 → 150.00000  (entry=150.00000 price=152.00000 1R=2.00000)
2026-03-28 21:53:43  INFO      MT5Executor: SIMULATION: Modified SL for position 12345: 150.0
2026-03-28 21:53:44  INFO      TradingGraph: Running agents for NASDAQ:NVDA
2026-03-28 21:53:44  INFO      TradingGraph: Completed 14 agents
2026-03-28 21:53:44  INFO      TradingGraph: Fusing timeframe signals
2026-03-28 21:53:44  INFO      TradingGraph: Fusion: L=-0.619(csns=1.00), M=0.235(csns=0.67), S=0.128(csns=0.50), align_str=0.000
2026-03-28 21:53:44  INFO      TradingRunner: EXIT [NASDAQ:NVDA #12345 BUY  pnl=+200.00] — D1 flipped bearish (-0.619)
2026-03-28 21:53:44  INFO      MT5Executor: SIMULATION: Closed position 12345
2026-03-28 21:54:43  INFO      MT5Executor: SIMULATION: Partial close 40% of #12345
2026-03-28 21:54:43  INFO      TrailingStopManager: [RISKY] PARTIAL TP BUY NASDAQ:NVDA #12345: 40% locked in at +1R (entry=150.00000 price=152.00000)
2026-03-28 21:54:43  INFO      TrailingStopManager: SL lock BUY  NASDAQ:NVDA #12345 [stage 1]: 148.00000 → 150.00000  (entry=150.00000 price=152.00000 1R=2.00000)
2026-03-28 21:54:43  INFO      MT5Executor: SIMULATION: Modified SL for position 12345: 150.0
2026-03-28 21:54:44  INFO      TradingGraph: Running agents for NASDAQ:NVDA
2026-03-28 21:54:44  INFO      TradingGraph: Completed 14 agents
2026-03-28 21:54:44  INFO      TradingGraph: Fusing timeframe signals
2026-03-28 21:54:44  INFO      TradingGraph: Fusion: L=-0.622(csns=1.00), M=-0.002(csns=0.50), S=-0.000(csns=0.40), align_str=0.006
2026-03-28 21:54:44  INFO      TradingRunner: EXIT [NASDAQ:NVDA #12345 BUY  pnl=+200.00] — D1 flipped bearish (-0.622)
2026-03-28 21:54:44  INFO      MT5Executor: SIMULATION: Closed position 12345
2026-03-28 21:55:43  INFO      MT5Executor: SIMULATION: Partial close 40% of #12345
2026-03-28 21:55:43  INFO      TrailingStopManager: [RISKY] PARTIAL TP BUY NASDAQ:NVDA #12345: 40% locked in at +1R (entry=150.00000 price=152.00000)
2026-03-28 21:55:43  INFO      TrailingStopManager: SL lock BUY  NASDAQ:NVDA #12345 [stage 1]: 148.00000 → 150.00000  (entry=150.00000 price=152.00000 1R=2.00000)
2026-03-28 21:55:43  INFO      MT5Executor: SIMULATION: Modified SL for position 12345: 150.0
2026-03-28 21:55:44  INFO      TradingGraph: Running agents for NASDAQ:NVDA
2026-03-28 21:55:44  INFO      TradingGraph: Completed 14 agents
2026-03-28 21:55:44  INFO      TradingGraph: Fusing timeframe signals
2026-03-28 21:55:44  INFO      TradingGraph: Fusion: L=-0.623(csns=1.00), M=-0.007(csns=0.67), S=0.151(csns=0.83), align_str=0.000
2026-03-28 21:55:44  INFO      TradingRunner: EXIT [NASDAQ:NVDA #12345 BUY  pnl=+200.00] — D1 flipped bearish (-0.623)
2026-03-28 21:55:44  INFO      MT5Executor: SIMULATION: Closed position 12345
2026-03-28 21:56:43  INFO      MT5Executor: SIMULATION: Partial close 40% of #12345
2026-03-28 21:56:43  INFO      TrailingStopManager: [RISKY] PARTIAL TP BUY NASDAQ:NVDA #12345: 40% locked in at +1R (entry=150.00000 price=152.00000)
2026-03-28 21:56:43  INFO      TrailingStopManager: SL lock BUY  NASDAQ:NVDA #12345 [stage 1]: 148.00000 → 150.00000  (entry=150.00000 price=152.00000 1R=2.00000)
2026-03-28 21:56:43  INFO      MT5Executor: SIMULATION: Modified SL for position 12345: 150.0
2026-03-28 21:56:44  INFO      TradingGraph: Running agents for NASDAQ:NVDA
2026-03-28 21:56:44  INFO      TradingGraph: Completed 14 agents
2026-03-28 21:56:44  INFO      TradingGraph: Fusing timeframe signals
2026-03-28 21:56:44  INFO      TradingGraph: Fusion: L=-0.622(csns=1.00), M=-0.002(csns=0.50), S=-0.000(csns=0.40), align_str=0.006
2026-03-28 21:56:44  INFO      TradingRunner: EXIT [NASDAQ:NVDA #12345 BUY  pnl=+200.00] — D1 flipped bearish (-0.622)
2026-03-28 21:56:44  INFO      MT5Executor: SIMULATION: Closed position 12345
2026-03-28 21:57:43  INFO      MT5Executor: SIMULATION: Partial close 40% of #12345
2026-03-28 21:57:43  INFO      TrailingStopManager: [RISKY] PARTIAL TP BUY NASDAQ:NVDA #12345: 40% locked in at +1R (entry=150.00000 price=152.00000)
2026-03-28 21:57:43  INFO      TrailingStopManager: SL lock BUY  NASDAQ:NVDA #12345 [stage 1]: 148.00000 → 150.00000  (entry=150.00000 price=152.00000 1R=2.00000)
2026-03-28 21:57:43  INFO      MT5Executor: SIMULATION: Modified SL for position 12345: 150.0
2026-03-28 21:57:44  INFO      TradingGraph: Running agents for NASDAQ:NVDA
2026-03-28 21:57:44  INFO      TradingGraph: Completed 14 agents
2026-03-28 21:57:44  INFO      TradingGraph: Fusing timeframe signals
2026-03-28 21:57:44  INFO      TradingGraph: Fusion: L=-0.622(csns=1.00), M=0.253(csns=1.00), S=0.161(csns=0.86), align_str=0.000
2026-03-28 21:57:44  INFO      TradingRunner: EXIT [NASDAQ:NVDA #12345 BUY  pnl=+200.00] — D1 flipped bearish (-0.622)
2026-03-28 21:57:44  INFO      MT5Executor: SIMULATION: Closed position 12345
2026-03-28 21:58:30  WARNING   TradingRunner: Max daily trades (6) reached — no further entries today
2026-03-28 21:58:30  INFO      TradingRunner: PnL — unrealized: +200.00  realized today: +0.00  total: +200.00
2026-03-28 21:58:30  INFO      TradingRunner: Signal cycle done in 3.6s — sleeping 296s
2026-03-28 21:58:44  INFO      MT5Executor: SIMULATION: Partial close 40% of #12345
2026-03-28 21:58:44  INFO      TrailingStopManager: [RISKY] PARTIAL TP BUY NASDAQ:NVDA #12345: 40% locked in at +1R (entry=150.00000 price=152.00000)
2026-03-28 21:58:44  INFO      TrailingStopManager: SL lock BUY  NASDAQ:NVDA #12345 [stage 1]: 148.00000 → 150.00000  (entry=150.00000 price=152.00000 1R=2.00000)
2026-03-28 21:58:44  INFO      MT5Executor: SIMULATION: Modified SL for position 12345: 150.0
2026-03-28 21:58:44  INFO      TradingGraph: Running agents for NASDAQ:NVDA
2026-03-28 21:58:44  INFO      TradingGraph: Completed 14 agents
2026-03-28 21:58:44  INFO      TradingGraph: Fusing timeframe signals
2026-03-28 21:58:44  INFO      TradingGraph: Fusion: L=-0.618(csns=1.00), M=0.207(csns=1.00), S=0.010(csns=0.60), align_str=0.000
2026-03-28 21:58:44  INFO      TradingRunner: EXIT [NASDAQ:NVDA #12345 BUY  pnl=+200.00] — D1 flipped bearish (-0.618)
2026-03-28 21:58:44  INFO      MT5Executor: SIMULATION: Closed position 12345
2026-03-28 21:59:44  INFO      MT5Executor: SIMULATION: Partial close 40% of #12345
2026-03-28 21:59:44  INFO      TrailingStopManager: [RISKY] PARTIAL TP BUY NASDAQ:NVDA #12345: 40% locked in at +1R (entry=150.00000 price=152.00000)
2026-03-28 21:59:44  INFO      TrailingStopManager: SL lock BUY  NASDAQ:NVDA #12345 [stage 1]: 148.00000 → 150.00000  (entry=150.00000 price=152.00000 1R=2.00000)
2026-03-28 21:59:44  INFO      MT5Executor: SIMULATION: Modified SL for position 12345: 150.0
2026-03-28 21:59:44  INFO      TradingGraph: Running agents for NASDAQ:NVDA
2026-03-28 21:59:44  INFO      TradingGraph: Completed 14 agents
2026-03-28 21:59:44  INFO      TradingGraph: Fusing timeframe signals
2026-03-28 21:59:44  INFO      TradingGraph: Fusion: L=-0.619(csns=1.00), M=0.235(csns=0.67), S=0.128(csns=0.50), align_str=0.000
2026-03-28 21:59:44  INFO      TradingRunner: EXIT [NASDAQ:NVDA #12345 BUY  pnl=+200.00] — D1 flipped bearish (-0.619)
2026-03-28 21:59:44  INFO      MT5Executor: SIMULATION: Closed position 12345
2026-03-28 22:00:44  INFO      MT5Executor: SIMULATION: Partial close 40% of #12345
2026-03-28 22:00:44  INFO      TrailingStopManager: [RISKY] PARTIAL TP BUY NASDAQ:NVDA #12345: 40% locked in at +1R (entry=150.00000 price=152.00000)
2026-03-28 22:00:44  INFO      TrailingStopManager: SL lock BUY  NASDAQ:NVDA #12345 [stage 1]: 148.00000 → 150.00000  (entry=150.00000 price=152.00000 1R=2.00000)
2026-03-28 22:00:44  INFO      MT5Executor: SIMULATION: Modified SL for position 12345: 150.0
2026-03-28 22:00:44  INFO      TradingGraph: Running agents for NASDAQ:NVDA
2026-03-28 22:00:44  INFO      TradingGraph: Completed 14 agents
2026-03-28 22:00:44  INFO      TradingGraph: Fusing timeframe signals
2026-03-28 22:00:44  INFO      TradingGraph: Fusion: L=-0.658(csns=1.00), M=0.582(csns=1.00), S=0.103(csns=0.75), align_str=0.000
2026-03-28 22:00:44  INFO      TradingRunner: EXIT [NASDAQ:NVDA #12345 BUY  pnl=+200.00] — D1 flipped bearish (-0.658)
2026-03-28 22:00:44  INFO      MT5Executor: SIMULATION: Closed position 12345
2026-03-28 22:01:14  INFO      TradingRunner: [WATCHDOG] alive | equity=100200.0 | cycle=110 | profile=risky
2026-03-28 22:01:44  INFO      MT5Executor: SIMULATION: Partial close 40% of #12345
2026-03-28 22:01:44  INFO      TrailingStopManager: [RISKY] PARTIAL TP BUY NASDAQ:NVDA #12345: 40% locked in at +1R (entry=150.00000 price=152.00000)
2026-03-28 22:01:44  INFO      TrailingStopManager: SL lock BUY  NASDAQ:NVDA #12345 [stage 1]: 148.00000 → 150.00000  (entry=150.00000 price=152.00000 1R=2.00000)
2026-03-28 22:01:44  INFO      MT5Executor: SIMULATION: Modified SL for position 12345: 150.0
2026-03-28 22:01:44  INFO      TradingGraph: Running agents for NASDAQ:NVDA
2026-03-28 22:01:44  INFO      TradingGraph: Completed 14 agents
2026-03-28 22:01:44  INFO      TradingGraph: Fusing timeframe signals
2026-03-28 22:01:44  INFO      TradingGraph: Fusion: L=-0.615(csns=1.00), M=-0.098(csns=0.67), S=0.104(csns=0.75), align_str=0.000
2026-03-28 22:01:44  INFO      TradingRunner: EXIT [NASDAQ:NVDA #12345 BUY  pnl=+200.00] — D1 flipped bearish (-0.615)
2026-03-28 22:01:44  INFO      MT5Executor: SIMULATION: Closed position 12345
2026-03-28 22:02:44  INFO      MT5Executor: SIMULATION: Partial close 40% of #12345
2026-03-28 22:02:44  INFO      TrailingStopManager: [RISKY] PARTIAL TP BUY NASDAQ:NVDA #12345: 40% locked in at +1R (entry=150.00000 price=152.00000)
2026-03-28 22:02:44  INFO      TrailingStopManager: SL lock BUY  NASDAQ:NVDA #12345 [stage 1]: 148.00000 → 150.00000  (entry=150.00000 price=152.00000 1R=2.00000)
2026-03-28 22:02:44  INFO      MT5Executor: SIMULATION: Modified SL for position 12345: 150.0
2026-03-28 22:02:44  INFO      TradingGraph: Running agents for NASDAQ:NVDA
2026-03-28 22:02:44  INFO      TradingGraph: Completed 14 agents
2026-03-28 22:02:44  INFO      TradingGraph: Fusing timeframe signals
2026-03-28 22:02:44  INFO      TradingGraph: Fusion: L=-0.646(csns=1.00), M=0.457(csns=1.00), S=0.095(csns=0.60), align_str=0.000
2026-03-28 22:02:44  INFO      TradingRunner: EXIT [NASDAQ:NVDA #12345 BUY  pnl=+200.00] — D1 flipped bearish (-0.646)
2026-03-28 22:02:44  INFO      MT5Executor: SIMULATION: Closed position 12345
2026-03-28 22:03:29  WARNING   TradingRunner: Max daily trades (6) reached — no further entries today
2026-03-28 22:03:29  INFO      TradingRunner: PnL — unrealized: +200.00  realized today: +0.00  total: +200.00
2026-03-28 22:03:29  INFO      TradingRunner: Signal cycle done in 2.7s — sleeping 297s
2026-03-28 22:03:44  INFO      MT5Executor: SIMULATION: Partial close 40% of #12345
2026-03-28 22:03:44  INFO      TrailingStopManager: [RISKY] PARTIAL TP BUY NASDAQ:NVDA #12345: 40% locked in at +1R (entry=150.00000 price=152.00000)
2026-03-28 22:03:44  INFO      TrailingStopManager: SL lock BUY  NASDAQ:NVDA #12345 [stage 1]: 148.00000 → 150.00000  (entry=150.00000 price=152.00000 1R=2.00000)
2026-03-28 22:03:44  INFO      MT5Executor: SIMULATION: Modified SL for position 12345: 150.0
2026-03-28 22:03:44  INFO      TradingGraph: Running agents for NASDAQ:NVDA
2026-03-28 22:03:44  INFO      TradingGraph: Completed 14 agents
2026-03-28 22:03:44  INFO      TradingGraph: Fusing timeframe signals
2026-03-28 22:03:44  INFO      TradingGraph: Fusion: L=-0.622(csns=1.00), M=-0.004(csns=0.50), S=0.073(csns=0.40), align_str=0.000
2026-03-28 22:03:44  INFO      TradingRunner: EXIT [NASDAQ:NVDA #12345 BUY  pnl=+200.00] — D1 flipped bearish (-0.622)
2026-03-28 22:03:44  INFO      MT5Executor: SIMULATION: Closed position 12345
2026-03-28 22:04:44  INFO      MT5Executor: SIMULATION: Partial close 40% of #12345
2026-03-28 22:04:44  INFO      TrailingStopManager: [RISKY] PARTIAL TP BUY NASDAQ:NVDA #12345: 40% locked in at +1R (entry=150.00000 price=152.00000)
2026-03-28 22:04:44  INFO      TrailingStopManager: SL lock BUY  NASDAQ:NVDA #12345 [stage 1]: 148.00000 → 150.00000  (entry=150.00000 price=152.00000 1R=2.00000)
2026-03-28 22:04:44  INFO      MT5Executor: SIMULATION: Modified SL for position 12345: 150.0
2026-03-28 22:04:44  INFO      TradingGraph: Running agents for NASDAQ:NVDA
2026-03-28 22:04:44  INFO      TradingGraph: Completed 14 agents
2026-03-28 22:04:44  INFO      TradingGraph: Fusing timeframe signals
2026-03-28 22:04:44  INFO      TradingGraph: Fusion: L=-0.622(csns=1.00), M=-0.002(csns=0.50), S=-0.000(csns=0.40), align_str=0.009
2026-03-28 22:04:44  INFO      TradingRunner: EXIT [NASDAQ:NVDA #12345 BUY  pnl=+200.00] — D1 flipped bearish (-0.622)
2026-03-28 22:04:44  INFO      MT5Executor: SIMULATION: Closed position 12345
2026-03-28 22:05:44  INFO      MT5Executor: SIMULATION: Partial close 40% of #12345
2026-03-28 22:05:44  INFO      TrailingStopManager: [RISKY] PARTIAL TP BUY NASDAQ:NVDA #12345: 40% locked in at +1R (entry=150.00000 price=152.00000)
2026-03-28 22:05:44  INFO      TrailingStopManager: SL lock BUY  NASDAQ:NVDA #12345 [stage 1]: 148.00000 → 150.00000  (entry=150.00000 price=152.00000 1R=2.00000)
2026-03-28 22:05:44  INFO      MT5Executor: SIMULATION: Modified SL for position 12345: 150.0
2026-03-28 22:05:44  INFO      TradingGraph: Running agents for NASDAQ:NVDA
2026-03-28 22:05:44  INFO      TradingGraph: Completed 14 agents
2026-03-28 22:05:44  INFO      TradingGraph: Fusing timeframe signals
2026-03-28 22:05:44  INFO      TradingGraph: Fusion: L=-0.622(csns=1.00), M=-0.002(csns=0.50), S=-0.000(csns=0.40), align_str=0.009
2026-03-28 22:05:44  INFO      TradingRunner: EXIT [NASDAQ:NVDA #12345 BUY  pnl=+200.00] — D1 flipped bearish (-0.622)
2026-03-28 22:05:44  INFO      MT5Executor: SIMULATION: Closed position 12345
2026-03-28 22:06:44  INFO      MT5Executor: SIMULATION: Partial close 40% of #12345
2026-03-28 22:06:44  INFO      TrailingStopManager: [RISKY] PARTIAL TP BUY NASDAQ:NVDA #12345: 40% locked in at +1R (entry=150.00000 price=152.00000)
2026-03-28 22:06:44  INFO      TrailingStopManager: SL lock BUY  NASDAQ:NVDA #12345 [stage 1]: 148.00000 → 150.00000  (entry=150.00000 price=152.00000 1R=2.00000)
2026-03-28 22:06:44  INFO      MT5Executor: SIMULATION: Modified SL for position 12345: 150.0
2026-03-28 22:06:44  INFO      TradingGraph: Running agents for NASDAQ:NVDA
2026-03-28 22:06:44  INFO      TradingGraph: Completed 14 agents
2026-03-28 22:06:44  INFO      TradingGraph: Fusing timeframe signals
2026-03-28 22:06:44  INFO      TradingGraph: Fusion: L=-0.622(csns=1.00), M=-0.002(csns=0.50), S=-0.000(csns=0.40), align_str=0.009
2026-03-28 22:06:44  INFO      TradingRunner: EXIT [NASDAQ:NVDA #12345 BUY  pnl=+200.00] — D1 flipped bearish (-0.622)
2026-03-28 22:06:44  INFO      MT5Executor: SIMULATION: Closed position 12345
2026-03-28 22:07:44  INFO      MT5Executor: SIMULATION: Partial close 40% of #12345
2026-03-28 22:07:44  INFO      TrailingStopManager: [RISKY] PARTIAL TP BUY NASDAQ:NVDA #12345: 40% locked in at +1R (entry=150.00000 price=152.00000)
2026-03-28 22:07:44  INFO      TrailingStopManager: SL lock BUY  NASDAQ:NVDA #12345 [stage 1]: 148.00000 → 150.00000  (entry=150.00000 price=152.00000 1R=2.00000)
2026-03-28 22:07:44  INFO      MT5Executor: SIMULATION: Modified SL for position 12345: 150.0
2026-03-28 22:07:44  INFO      TradingGraph: Running agents for NASDAQ:NVDA
2026-03-28 22:07:44  INFO      TradingGraph: Completed 14 agents
2026-03-28 22:07:44  INFO      TradingGraph: Fusing timeframe signals
2026-03-28 22:07:44  INFO      TradingGraph: Fusion: L=-0.648(csns=1.00), M=0.462(csns=1.00), S=0.090(csns=0.50), align_str=0.000
2026-03-28 22:07:44  INFO      TradingRunner: EXIT [NASDAQ:NVDA #12345 BUY  pnl=+200.00] — D1 flipped bearish (-0.648)
2026-03-28 22:07:44  INFO      MT5Executor: SIMULATION: Closed position 12345
2026-03-28 22:08:29  WARNING   TradingRunner: Max daily trades (6) reached — no further entries today
2026-03-28 22:08:29  INFO      TradingRunner: PnL — unrealized: +200.00  realized today: +0.00  total: +200.00
2026-03-28 22:08:29  INFO      TradingRunner: Signal cycle done in 3.0s — sleeping 297s
2026-03-28 22:08:44  INFO      MT5Executor: SIMULATION: Partial close 40% of #12345
2026-03-28 22:08:44  INFO      TrailingStopManager: [RISKY] PARTIAL TP BUY NASDAQ:NVDA #12345: 40% locked in at +1R (entry=150.00000 price=152.00000)
2026-03-28 22:08:44  INFO      TrailingStopManager: SL lock BUY  NASDAQ:NVDA #12345 [stage 1]: 148.00000 → 150.00000  (entry=150.00000 price=152.00000 1R=2.00000)
2026-03-28 22:08:44  INFO      MT5Executor: SIMULATION: Modified SL for position 12345: 150.0
2026-03-28 22:08:44  INFO      TradingGraph: Running agents for NASDAQ:NVDA
2026-03-28 22:08:44  INFO      TradingGraph: Completed 14 agents
2026-03-28 22:08:44  INFO      TradingGraph: Fusing timeframe signals
2026-03-28 22:08:44  INFO      TradingGraph: Fusion: L=-0.622(csns=1.00), M=-0.002(csns=0.50), S=-0.000(csns=0.40), align_str=0.009
2026-03-28 22:08:44  INFO      TradingRunner: EXIT [NASDAQ:NVDA #12345 BUY  pnl=+200.00] — D1 flipped bearish (-0.622)
2026-03-28 22:08:44  INFO      MT5Executor: SIMULATION: Closed position 12345
2026-03-28 22:09:44  INFO      MT5Executor: SIMULATION: Partial close 40% of #12345
2026-03-28 22:09:44  INFO      TrailingStopManager: [RISKY] PARTIAL TP BUY NASDAQ:NVDA #12345: 40% locked in at +1R (entry=150.00000 price=152.00000)
2026-03-28 22:09:44  INFO      TrailingStopManager: SL lock BUY  NASDAQ:NVDA #12345 [stage 1]: 148.00000 → 150.00000  (entry=150.00000 price=152.00000 1R=2.00000)
2026-03-28 22:09:44  INFO      MT5Executor: SIMULATION: Modified SL for position 12345: 150.0
2026-03-28 22:09:44  INFO      TradingGraph: Running agents for NASDAQ:NVDA
2026-03-28 22:09:44  INFO      TradingGraph: Completed 14 agents
2026-03-28 22:09:44  INFO      TradingGraph: Fusing timeframe signals
2026-03-28 22:09:44  INFO      TradingGraph: Fusion: L=-0.658(csns=1.00), M=0.582(csns=1.00), S=0.103(csns=0.75), align_str=0.000
2026-03-28 22:09:44  INFO      TradingRunner: EXIT [NASDAQ:NVDA #12345 BUY  pnl=+200.00] — D1 flipped bearish (-0.658)
2026-03-28 22:09:44  INFO      MT5Executor: SIMULATION: Closed position 12345
2026-03-28 22:10:44  INFO      MT5Executor: SIMULATION: Partial close 40% of #12345
2026-03-28 22:10:44  INFO      TrailingStopManager: [RISKY] PARTIAL TP BUY NASDAQ:NVDA #12345: 40% locked in at +1R (entry=150.00000 price=152.00000)
2026-03-28 22:10:44  INFO      TrailingStopManager: SL lock BUY  NASDAQ:NVDA #12345 [stage 1]: 148.00000 → 150.00000  (entry=150.00000 price=152.00000 1R=2.00000)
2026-03-28 22:10:44  INFO      MT5Executor: SIMULATION: Modified SL for position 12345: 150.0
2026-03-28 22:10:44  INFO      TradingGraph: Running agents for NASDAQ:NVDA
2026-03-28 22:10:44  INFO      TradingGraph: Completed 14 agents
2026-03-28 22:10:44  INFO      TradingGraph: Fusing timeframe signals
2026-03-28 22:10:44  INFO      TradingGraph: Fusion: L=-0.622(csns=1.00), M=0.262(csns=1.00), S=0.041(csns=0.40), align_str=0.000
2026-03-28 22:10:44  INFO      TradingRunner: EXIT [NASDAQ:NVDA #12345 BUY  pnl=+200.00] — D1 flipped bearish (-0.622)
2026-03-28 22:10:44  INFO      MT5Executor: SIMULATION: Closed position 12345
2026-03-28 22:11:44  INFO      MT5Executor: SIMULATION: Partial close 40% of #12345
2026-03-28 22:11:44  INFO      TrailingStopManager: [RISKY] PARTIAL TP BUY NASDAQ:NVDA #12345: 40% locked in at +1R (entry=150.00000 price=152.00000)
2026-03-28 22:11:44  INFO      TrailingStopManager: SL lock BUY  NASDAQ:NVDA #12345 [stage 1]: 148.00000 → 150.00000  (entry=150.00000 price=152.00000 1R=2.00000)
2026-03-28 22:11:44  INFO      MT5Executor: SIMULATION: Modified SL for position 12345: 150.0
2026-03-28 22:11:44  INFO      TradingGraph: Running agents for NASDAQ:NVDA
2026-03-28 22:11:44  INFO      TradingRunner: [WATCHDOG] alive | equity=100200.0 | cycle=112 | profile=risky
2026-03-28 22:11:44  INFO      TradingGraph: Completed 14 agents
2026-03-28 22:11:44  INFO      TradingGraph: Fusing timeframe signals
2026-03-28 22:11:44  INFO      TradingGraph: Fusion: L=-0.621(csns=1.00), M=0.002(csns=0.50), S=0.062(csns=0.33), align_str=0.000
2026-03-28 22:11:44  INFO      TradingRunner: EXIT [NASDAQ:NVDA #12345 BUY  pnl=+200.00] — D1 flipped bearish (-0.621)
2026-03-28 22:11:44  INFO      MT5Executor: SIMULATION: Closed position 12345
2026-03-28 22:12:44  INFO      MT5Executor: SIMULATION: Partial close 40% of #12345
2026-03-28 22:12:44  INFO      TrailingStopManager: [RISKY] PARTIAL TP BUY NASDAQ:NVDA #12345: 40% locked in at +1R (entry=150.00000 price=152.00000)
2026-03-28 22:12:44  INFO      TrailingStopManager: SL lock BUY  NASDAQ:NVDA #12345 [stage 1]: 148.00000 → 150.00000  (entry=150.00000 price=152.00000 1R=2.00000)
2026-03-28 22:12:44  INFO      MT5Executor: SIMULATION: Modified SL for position 12345: 150.0
2026-03-28 22:12:44  INFO      TradingGraph: Running agents for NASDAQ:NVDA
2026-03-28 22:12:44  INFO      TradingGraph: Completed 14 agents
2026-03-28 22:12:44  INFO      TradingGraph: Fusing timeframe signals
2026-03-28 22:12:44  INFO      TradingGraph: Fusion: L=-0.619(csns=1.00), M=-0.010(csns=0.67), S=0.025(csns=0.40), align_str=0.000
2026-03-28 22:12:44  INFO      TradingRunner: EXIT [NASDAQ:NVDA #12345 BUY  pnl=+200.00] — D1 flipped bearish (-0.619)
2026-03-28 22:12:44  INFO      MT5Executor: SIMULATION: Closed position 12345
2026-03-28 22:13:29  WARNING   TradingRunner: Max daily trades (6) reached — no further entries today
2026-03-28 22:13:29  INFO      TradingRunner: PnL — unrealized: +200.00  realized today: +0.00  total: +200.00
2026-03-28 22:13:29  INFO      TradingRunner: Signal cycle done in 2.7s — sleeping 297s
2026-03-28 22:13:44  INFO      MT5Executor: SIMULATION: Partial close 40% of #12345
2026-03-28 22:13:44  INFO      TrailingStopManager: [RISKY] PARTIAL TP BUY NASDAQ:NVDA #12345: 40% locked in at +1R (entry=150.00000 price=152.00000)
2026-03-28 22:13:44  INFO      TrailingStopManager: SL lock BUY  NASDAQ:NVDA #12345 [stage 1]: 148.00000 → 150.00000  (entry=150.00000 price=152.00000 1R=2.00000)
2026-03-28 22:13:44  INFO      MT5Executor: SIMULATION: Modified SL for position 12345: 150.0
2026-03-28 22:13:44  INFO      TradingGraph: Running agents for NASDAQ:NVDA
2026-03-28 22:13:44  INFO      TradingGraph: Completed 14 agents
2026-03-28 22:13:44  INFO      TradingGraph: Fusing timeframe signals
2026-03-28 22:13:44  INFO      TradingGraph: Fusion: L=-0.615(csns=1.00), M=-0.098(csns=0.67), S=0.104(csns=0.75), align_str=0.000
2026-03-28 22:13:44  INFO      TradingRunner: EXIT [NASDAQ:NVDA #12345 BUY  pnl=+200.00] — D1 flipped bearish (-0.615)
2026-03-28 22:13:44  INFO      MT5Executor: SIMULATION: Closed position 12345
2026-03-28 22:14:44  INFO      MT5Executor: SIMULATION: Partial close 40% of #12345
2026-03-28 22:14:44  INFO      TrailingStopManager: [RISKY] PARTIAL TP BUY NASDAQ:NVDA #12345: 40% locked in at +1R (entry=150.00000 price=152.00000)
2026-03-28 22:14:44  INFO      TrailingStopManager: SL lock BUY  NASDAQ:NVDA #12345 [stage 1]: 148.00000 → 150.00000  (entry=150.00000 price=152.00000 1R=2.00000)
2026-03-28 22:14:44  INFO      MT5Executor: SIMULATION: Modified SL for position 12345: 150.0
2026-03-28 22:14:44  INFO      TradingGraph: Running agents for NASDAQ:NVDA
2026-03-28 22:14:44  INFO      TradingGraph: Completed 14 agents
2026-03-28 22:14:44  INFO      TradingGraph: Fusing timeframe signals
2026-03-28 22:14:44  INFO      TradingGraph: Fusion: L=-0.619(csns=1.00), M=0.235(csns=0.67), S=0.126(csns=0.50), align_str=0.000
2026-03-28 22:14:44  INFO      TradingRunner: EXIT [NASDAQ:NVDA #12345 BUY  pnl=+200.00] — D1 flipped bearish (-0.619)
2026-03-28 22:14:44  INFO      MT5Executor: SIMULATION: Closed position 12345
2026-03-28 22:15:44  INFO      MT5Executor: SIMULATION: Partial close 40% of #12345
2026-03-28 22:15:44  INFO      TrailingStopManager: [RISKY] PARTIAL TP BUY NASDAQ:NVDA #12345: 40% locked in at +1R (entry=150.00000 price=152.00000)
2026-03-28 22:15:44  INFO      TrailingStopManager: SL lock BUY  NASDAQ:NVDA #12345 [stage 1]: 148.00000 → 150.00000  (entry=150.00000 price=152.00000 1R=2.00000)
2026-03-28 22:15:44  INFO      MT5Executor: SIMULATION: Modified SL for position 12345: 150.0
2026-03-28 22:15:44  INFO      TradingGraph: Running agents for NASDAQ:NVDA
2026-03-28 22:15:44  INFO      TradingGraph: Completed 14 agents
2026-03-28 22:15:44  INFO      TradingGraph: Fusing timeframe signals
2026-03-28 22:15:44  INFO      TradingGraph: Fusion: L=-0.657(csns=1.00), M=0.420(csns=0.67), S=-0.001(csns=0.33), align_str=0.000
2026-03-28 22:15:44  INFO      TradingRunner: EXIT [NASDAQ:NVDA #12345 BUY  pnl=+200.00] — D1 flipped bearish (-0.657)
2026-03-28 22:15:44  INFO      MT5Executor: SIMULATION: Closed position 12345
2026-03-28 22:16:44  INFO      MT5Executor: SIMULATION: Partial close 40% of #12345
2026-03-28 22:16:44  INFO      TrailingStopManager: [RISKY] PARTIAL TP BUY NASDAQ:NVDA #12345: 40% locked in at +1R (entry=150.00000 price=152.00000)
2026-03-28 22:16:44  INFO      TrailingStopManager: SL lock BUY  NASDAQ:NVDA #12345 [stage 1]: 148.00000 → 150.00000  (entry=150.00000 price=152.00000 1R=2.00000)
2026-03-28 22:16:44  INFO      MT5Executor: SIMULATION: Modified SL for position 12345: 150.0
2026-03-28 22:16:45  INFO      TradingGraph: Running agents for NASDAQ:NVDA
2026-03-28 22:16:45  INFO      TradingGraph: Completed 14 agents
2026-03-28 22:16:45  INFO      TradingGraph: Fusing timeframe signals
2026-03-28 22:16:45  INFO      TradingGraph: Fusion: L=-0.622(csns=1.00), M=-0.013(csns=0.50), S=0.099(csns=0.75), align_str=0.000
2026-03-28 22:16:45  INFO      TradingRunner: EXIT [NASDAQ:NVDA #12345 BUY  pnl=+200.00] — D1 flipped bearish (-0.622)
2026-03-28 22:16:45  INFO      MT5Executor: SIMULATION: Closed position 12345
2026-03-28 22:17:44  INFO      MT5Executor: SIMULATION: Partial close 40% of #12345
2026-03-28 22:17:44  INFO      TrailingStopManager: [RISKY] PARTIAL TP BUY NASDAQ:NVDA #12345: 40% locked in at +1R (entry=150.00000 price=152.00000)
2026-03-28 22:17:44  INFO      TrailingStopManager: SL lock BUY  NASDAQ:NVDA #12345 [stage 1]: 148.00000 → 150.00000  (entry=150.00000 price=152.00000 1R=2.00000)
2026-03-28 22:17:44  INFO      MT5Executor: SIMULATION: Modified SL for position 12345: 150.0
2026-03-28 22:17:45  INFO      TradingGraph: Running agents for NASDAQ:NVDA
2026-03-28 22:17:45  INFO      TradingGraph: Completed 14 agents
2026-03-28 22:17:45  INFO      TradingGraph: Fusing timeframe signals
2026-03-28 22:17:45  INFO      TradingGraph: Fusion: L=-0.619(csns=1.00), M=0.235(csns=0.67), S=0.124(csns=0.50), align_str=0.000
2026-03-28 22:17:45  INFO      TradingRunner: EXIT [NASDAQ:NVDA #12345 BUY  pnl=+200.00] — D1 flipped bearish (-0.619)
2026-03-28 22:17:45  INFO      MT5Executor: SIMULATION: Closed position 12345
2026-03-28 22:18:29  WARNING   TradingRunner: Max daily trades (6) reached — no further entries today
2026-03-28 22:18:29  INFO      TradingRunner: PnL — unrealized: +200.00  realized today: +0.00  total: +200.00
2026-03-28 22:18:29  INFO      TradingRunner: Signal cycle done in 3.1s — sleeping 297s
2026-03-28 22:18:44  INFO      MT5Executor: SIMULATION: Partial close 40% of #12345
2026-03-28 22:18:44  INFO      TrailingStopManager: [RISKY] PARTIAL TP BUY NASDAQ:NVDA #12345: 40% locked in at +1R (entry=150.00000 price=152.00000)
2026-03-28 22:18:44  INFO      TrailingStopManager: SL lock BUY  NASDAQ:NVDA #12345 [stage 1]: 148.00000 → 150.00000  (entry=150.00000 price=152.00000 1R=2.00000)
2026-03-28 22:18:44  INFO      MT5Executor: SIMULATION: Modified SL for position 12345: 150.0
2026-03-28 22:18:45  INFO      TradingGraph: Running agents for NASDAQ:NVDA
2026-03-28 22:18:45  INFO      TradingGraph: Completed 14 agents
2026-03-28 22:18:45  INFO      TradingGraph: Fusing timeframe signals
2026-03-28 22:18:45  INFO      TradingGraph: Fusion: L=-0.597(csns=1.00), M=-0.124(csns=1.00), S=0.015(csns=0.60), align_str=0.000
2026-03-28 22:18:45  INFO      TradingRunner: EXIT [NASDAQ:NVDA #12345 BUY  pnl=+200.00] — D1 flipped bearish (-0.597)
2026-03-28 22:18:45  INFO      MT5Executor: SIMULATION: Closed position 12345
2026-03-28 22:19:44  INFO      MT5Executor: SIMULATION: Partial close 40% of #12345
2026-03-28 22:19:44  INFO      TrailingStopManager: [RISKY] PARTIAL TP BUY NASDAQ:NVDA #12345: 40% locked in at +1R (entry=150.00000 price=152.00000)
2026-03-28 22:19:44  INFO      TrailingStopManager: SL lock BUY  NASDAQ:NVDA #12345 [stage 1]: 148.00000 → 150.00000  (entry=150.00000 price=152.00000 1R=2.00000)
2026-03-28 22:19:44  INFO      MT5Executor: SIMULATION: Modified SL for position 12345: 150.0
2026-03-28 22:19:45  INFO      TradingGraph: Running agents for NASDAQ:NVDA
2026-03-28 22:19:45  INFO      TradingGraph: Completed 14 agents
2026-03-28 22:19:45  INFO      TradingGraph: Fusing timeframe signals
2026-03-28 22:19:45  INFO      TradingGraph: Fusion: L=-0.658(csns=1.00), M=0.582(csns=1.00), S=0.103(csns=0.75), align_str=0.000
2026-03-28 22:19:45  INFO      TradingRunner: EXIT [NASDAQ:NVDA #12345 BUY  pnl=+200.00] — D1 flipped bearish (-0.658)
2026-03-28 22:19:45  INFO      MT5Executor: SIMULATION: Closed position 12345
2026-03-28 22:20:44  INFO      MT5Executor: SIMULATION: Partial close 40% of #12345
2026-03-28 22:20:44  INFO      TrailingStopManager: [RISKY] PARTIAL TP BUY NASDAQ:NVDA #12345: 40% locked in at +1R (entry=150.00000 price=152.00000)
2026-03-28 22:20:44  INFO      TrailingStopManager: SL lock BUY  NASDAQ:NVDA #12345 [stage 1]: 148.00000 → 150.00000  (entry=150.00000 price=152.00000 1R=2.00000)
2026-03-28 22:20:44  INFO      MT5Executor: SIMULATION: Modified SL for position 12345: 150.0
2026-03-28 22:20:45  INFO      TradingGraph: Running agents for NASDAQ:NVDA
2026-03-28 22:20:45  INFO      TradingGraph: Completed 14 agents
2026-03-28 22:20:45  INFO      TradingGraph: Fusing timeframe signals
2026-03-28 22:20:45  INFO      TradingGraph: Fusion: L=-0.622(csns=1.00), M=0.262(csns=1.00), S=0.039(csns=0.40), align_str=0.000
2026-03-28 22:20:45  INFO      TradingRunner: EXIT [NASDAQ:NVDA #12345 BUY  pnl=+200.00] — D1 flipped bearish (-0.622)
2026-03-28 22:20:45  INFO      MT5Executor: SIMULATION: Closed position 12345
2026-03-28 22:21:45  INFO      MT5Executor: SIMULATION: Partial close 40% of #12345
2026-03-28 22:21:45  INFO      TrailingStopManager: [RISKY] PARTIAL TP BUY NASDAQ:NVDA #12345: 40% locked in at +1R (entry=150.00000 price=152.00000)
2026-03-28 22:21:45  INFO      TrailingStopManager: SL lock BUY  NASDAQ:NVDA #12345 [stage 1]: 148.00000 → 150.00000  (entry=150.00000 price=152.00000 1R=2.00000)
2026-03-28 22:21:45  INFO      MT5Executor: SIMULATION: Modified SL for position 12345: 150.0
2026-03-28 22:21:45  INFO      TradingGraph: Running agents for NASDAQ:NVDA
2026-03-28 22:21:45  INFO      TradingGraph: Completed 14 agents
2026-03-28 22:21:45  INFO      TradingGraph: Fusing timeframe signals
2026-03-28 22:21:45  INFO      TradingGraph: Fusion: L=-0.658(csns=1.00), M=0.582(csns=1.00), S=0.103(csns=0.75), align_str=0.000
2026-03-28 22:21:45  INFO      TradingRunner: EXIT [NASDAQ:NVDA #12345 BUY  pnl=+200.00] — D1 flipped bearish (-0.658)
2026-03-28 22:21:45  INFO      MT5Executor: SIMULATION: Closed position 12345
2026-03-28 22:22:15  INFO      TradingRunner: [WATCHDOG] alive | equity=100200.0 | cycle=114 | profile=risky
2026-03-28 22:22:45  INFO      MT5Executor: SIMULATION: Partial close 40% of #12345
2026-03-28 22:22:45  INFO      TrailingStopManager: [RISKY] PARTIAL TP BUY NASDAQ:NVDA #12345: 40% locked in at +1R (entry=150.00000 price=152.00000)
2026-03-28 22:22:45  INFO      TrailingStopManager: SL lock BUY  NASDAQ:NVDA #12345 [stage 1]: 148.00000 → 150.00000  (entry=150.00000 price=152.00000 1R=2.00000)
2026-03-28 22:22:45  INFO      MT5Executor: SIMULATION: Modified SL for position 12345: 150.0
2026-03-28 22:22:45  INFO      TradingGraph: Running agents for NASDAQ:NVDA
2026-03-28 22:22:45  INFO      TradingGraph: Completed 14 agents
2026-03-28 22:22:45  INFO      TradingGraph: Fusing timeframe signals
2026-03-28 22:22:45  INFO      TradingGraph: Fusion: L=-0.623(csns=1.00), M=-0.010(csns=0.67), S=0.134(csns=0.83), align_str=0.000
2026-03-28 22:22:45  INFO      TradingRunner: EXIT [NASDAQ:NVDA #12345 BUY  pnl=+200.00] — D1 flipped bearish (-0.623)
2026-03-28 22:22:45  INFO      MT5Executor: SIMULATION: Closed position 12345
2026-03-28 22:23:29  WARNING   TradingRunner: Max daily trades (6) reached — no further entries today
2026-03-28 22:23:29  INFO      TradingRunner: PnL — unrealized: +200.00  realized today: +0.00  total: +200.00
2026-03-28 22:23:29  INFO      TradingRunner: Signal cycle done in 3.0s — sleeping 297s
2026-03-28 22:23:45  INFO      MT5Executor: SIMULATION: Partial close 40% of #12345
2026-03-28 22:23:45  INFO      TrailingStopManager: [RISKY] PARTIAL TP BUY NASDAQ:NVDA #12345: 40% locked in at +1R (entry=150.00000 price=152.00000)
2026-03-28 22:23:45  INFO      TrailingStopManager: SL lock BUY  NASDAQ:NVDA #12345 [stage 1]: 148.00000 → 150.00000  (entry=150.00000 price=152.00000 1R=2.00000)
2026-03-28 22:23:45  INFO      MT5Executor: SIMULATION: Modified SL for position 12345: 150.0
2026-03-28 22:23:45  INFO      TradingGraph: Running agents for NASDAQ:NVDA
2026-03-28 22:23:45  INFO      TradingGraph: Completed 14 agents
2026-03-28 22:23:45  INFO      TradingGraph: Fusing timeframe signals
2026-03-28 22:23:45  INFO      TradingGraph: Fusion: L=-0.597(csns=1.00), M=-0.126(csns=1.00), S=0.075(csns=0.75), align_str=0.000
2026-03-28 22:23:45  INFO      TradingRunner: EXIT [NASDAQ:NVDA #12345 BUY  pnl=+200.00] — D1 flipped bearish (-0.597)
2026-03-28 22:23:45  INFO      MT5Executor: SIMULATION: Closed position 12345
2026-03-28 22:24:45  INFO      MT5Executor: SIMULATION: Partial close 40% of #12345
2026-03-28 22:24:45  INFO      TrailingStopManager: [RISKY] PARTIAL TP BUY NASDAQ:NVDA #12345: 40% locked in at +1R (entry=150.00000 price=152.00000)
2026-03-28 22:24:45  INFO      TrailingStopManager: SL lock BUY  NASDAQ:NVDA #12345 [stage 1]: 148.00000 → 150.00000  (entry=150.00000 price=152.00000 1R=2.00000)
2026-03-28 22:24:45  INFO      MT5Executor: SIMULATION: Modified SL for position 12345: 150.0
2026-03-28 22:24:45  INFO      TradingGraph: Running agents for NASDAQ:NVDA
2026-03-28 22:24:45  INFO      TradingGraph: Completed 14 agents
2026-03-28 22:24:45  INFO      TradingGraph: Fusing timeframe signals
2026-03-28 22:24:45  INFO      TradingGraph: Fusion: L=-0.622(csns=1.00), M=-0.004(csns=0.50), S=0.074(csns=0.40), align_str=0.000
2026-03-28 22:24:45  INFO      TradingRunner: EXIT [NASDAQ:NVDA #12345 BUY  pnl=+200.00] — D1 flipped bearish (-0.622)
2026-03-28 22:24:45  INFO      MT5Executor: SIMULATION: Closed position 12345
2026-03-28 22:25:45  INFO      MT5Executor: SIMULATION: Partial close 40% of #12345
2026-03-28 22:25:45  INFO      TrailingStopManager: [RISKY] PARTIAL TP BUY NASDAQ:NVDA #12345: 40% locked in at +1R (entry=150.00000 price=152.00000)
2026-03-28 22:25:45  INFO      TrailingStopManager: SL lock BUY  NASDAQ:NVDA #12345 [stage 1]: 148.00000 → 150.00000  (entry=150.00000 price=152.00000 1R=2.00000)
2026-03-28 22:25:45  INFO      MT5Executor: SIMULATION: Modified SL for position 12345: 150.0
2026-03-28 22:25:45  INFO      TradingGraph: Running agents for NASDAQ:NVDA
2026-03-28 22:25:45  INFO      TradingGraph: Completed 14 agents
2026-03-28 22:25:45  INFO      TradingGraph: Fusing timeframe signals
2026-03-28 22:25:45  INFO      TradingGraph: Fusion: L=-0.621(csns=1.00), M=0.002(csns=0.50), S=0.032(csns=0.33), align_str=0.000
2026-03-28 22:25:45  INFO      TradingRunner: EXIT [NASDAQ:NVDA #12345 BUY  pnl=+200.00] — D1 flipped bearish (-0.621)
2026-03-28 22:25:45  INFO      MT5Executor: SIMULATION: Closed position 12345
2026-03-28 22:26:45  INFO      MT5Executor: SIMULATION: Partial close 40% of #12345
2026-03-28 22:26:45  INFO      TrailingStopManager: [RISKY] PARTIAL TP BUY NASDAQ:NVDA #12345: 40% locked in at +1R (entry=150.00000 price=152.00000)
2026-03-28 22:26:45  INFO      TrailingStopManager: SL lock BUY  NASDAQ:NVDA #12345 [stage 1]: 148.00000 → 150.00000  (entry=150.00000 price=152.00000 1R=2.00000)
2026-03-28 22:26:45  INFO      MT5Executor: SIMULATION: Modified SL for position 12345: 150.0
2026-03-28 22:26:45  INFO      TradingGraph: Running agents for NASDAQ:NVDA
2026-03-28 22:26:45  INFO      TradingGraph: Completed 14 agents
2026-03-28 22:26:45  INFO      TradingGraph: Fusing timeframe signals
2026-03-28 22:26:45  INFO      TradingGraph: Fusion: L=-0.619(csns=1.00), M=-0.010(csns=0.67), S=0.023(csns=0.40), align_str=0.000
2026-03-28 22:26:45  INFO      TradingRunner: EXIT [NASDAQ:NVDA #12345 BUY  pnl=+200.00] — D1 flipped bearish (-0.619)
2026-03-28 22:26:45  INFO      MT5Executor: SIMULATION: Closed position 12345
2026-03-28 22:27:45  INFO      MT5Executor: SIMULATION: Partial close 40% of #12345
2026-03-28 22:27:45  INFO      TrailingStopManager: [RISKY] PARTIAL TP BUY NASDAQ:NVDA #12345: 40% locked in at +1R (entry=150.00000 price=152.00000)
2026-03-28 22:27:45  INFO      TrailingStopManager: SL lock BUY  NASDAQ:NVDA #12345 [stage 1]: 148.00000 → 150.00000  (entry=150.00000 price=152.00000 1R=2.00000)
2026-03-28 22:27:45  INFO      MT5Executor: SIMULATION: Modified SL for position 12345: 150.0
2026-03-28 22:27:45  INFO      TradingGraph: Running agents for NASDAQ:NVDA
2026-03-28 22:27:45  INFO      TradingGraph: Completed 14 agents
2026-03-28 22:27:45  INFO      TradingGraph: Fusing timeframe signals
2026-03-28 22:27:45  INFO      TradingGraph: Fusion: L=-0.658(csns=1.00), M=0.582(csns=1.00), S=0.103(csns=0.75), align_str=0.000
2026-03-28 22:27:45  INFO      TradingRunner: EXIT [NASDAQ:NVDA #12345 BUY  pnl=+200.00] — D1 flipped bearish (-0.658)
2026-03-28 22:27:45  INFO      MT5Executor: SIMULATION: Closed position 12345
2026-03-28 22:28:29  WARNING   TradingRunner: Max daily trades (6) reached — no further entries today
2026-03-28 22:28:29  INFO      TradingRunner: PnL — unrealized: +200.00  realized today: +0.00  total: +200.00
2026-03-28 22:28:29  INFO      TradingRunner: Signal cycle done in 3.0s — sleeping 297s
2026-03-28 22:28:45  INFO      MT5Executor: SIMULATION: Partial close 40% of #12345
2026-03-28 22:28:45  INFO      TrailingStopManager: [RISKY] PARTIAL TP BUY NASDAQ:NVDA #12345: 40% locked in at +1R (entry=150.00000 price=152.00000)
2026-03-28 22:28:45  INFO      TrailingStopManager: SL lock BUY  NASDAQ:NVDA #12345 [stage 1]: 148.00000 → 150.00000  (entry=150.00000 price=152.00000 1R=2.00000)
2026-03-28 22:28:45  INFO      MT5Executor: SIMULATION: Modified SL for position 12345: 150.0
2026-03-28 22:28:45  INFO      TradingGraph: Running agents for NASDAQ:NVDA
2026-03-28 22:28:45  INFO      TradingGraph: Completed 14 agents
2026-03-28 22:28:45  INFO      TradingGraph: Fusing timeframe signals
2026-03-28 22:28:45  INFO      TradingGraph: Fusion: L=-0.648(csns=1.00), M=0.308(csns=0.67), S=0.141(csns=0.80), align_str=0.000
2026-03-28 22:28:45  INFO      TradingRunner: EXIT [NASDAQ:NVDA #12345 BUY  pnl=+200.00] — D1 flipped bearish (-0.648)
2026-03-28 22:28:45  INFO      MT5Executor: SIMULATION: Closed position 12345
2026-03-28 22:29:45  INFO      MT5Executor: SIMULATION: Partial close 40% of #12345
2026-03-28 22:29:45  INFO      TrailingStopManager: [RISKY] PARTIAL TP BUY NASDAQ:NVDA #12345: 40% locked in at +1R (entry=150.00000 price=152.00000)
2026-03-28 22:29:45  INFO      TrailingStopManager: SL lock BUY  NASDAQ:NVDA #12345 [stage 1]: 148.00000 → 150.00000  (entry=150.00000 price=152.00000 1R=2.00000)
2026-03-28 22:29:45  INFO      MT5Executor: SIMULATION: Modified SL for position 12345: 150.0
2026-03-28 22:29:45  INFO      TradingGraph: Running agents for NASDAQ:NVDA
2026-03-28 22:29:45  INFO      TradingGraph: Completed 14 agents
2026-03-28 22:29:45  INFO      TradingGraph: Fusing timeframe signals
2026-03-28 22:29:45  INFO      TradingGraph: Fusion: L=-0.622(csns=1.00), M=0.262(csns=1.00), S=0.039(csns=0.40), align_str=0.000
2026-03-28 22:29:45  INFO      TradingRunner: EXIT [NASDAQ:NVDA #12345 BUY  pnl=+200.00] — D1 flipped bearish (-0.622)
2026-03-28 22:29:45  INFO      MT5Executor: SIMULATION: Closed position 12345
2026-03-28 22:30:45  INFO      MT5Executor: SIMULATION: Partial close 40% of #12345
2026-03-28 22:30:45  INFO      TrailingStopManager: [RISKY] PARTIAL TP BUY NASDAQ:NVDA #12345: 40% locked in at +1R (entry=150.00000 price=152.00000)
2026-03-28 22:30:45  INFO      TrailingStopManager: SL lock BUY  NASDAQ:NVDA #12345 [stage 1]: 148.00000 → 150.00000  (entry=150.00000 price=152.00000 1R=2.00000)
2026-03-28 22:30:45  INFO      MT5Executor: SIMULATION: Modified SL for position 12345: 150.0
2026-03-28 22:30:45  INFO      TradingGraph: Running agents for NASDAQ:NVDA
2026-03-28 22:30:45  INFO      TradingGraph: Completed 14 agents
2026-03-28 22:30:45  INFO      TradingGraph: Fusing timeframe signals
2026-03-28 22:30:45  INFO      TradingGraph: Fusion: L=-0.619(csns=1.00), M=0.235(csns=0.67), S=-0.023(csns=0.67), align_str=0.000
2026-03-28 22:30:45  INFO      TradingRunner: EXIT [NASDAQ:NVDA #12345 BUY  pnl=+200.00] — D1 flipped bearish (-0.619)
2026-03-28 22:30:45  INFO      MT5Executor: SIMULATION: Closed position 12345
2026-03-28 22:31:45  INFO      MT5Executor: SIMULATION: Partial close 40% of #12345
2026-03-28 22:31:45  INFO      TrailingStopManager: [RISKY] PARTIAL TP BUY NASDAQ:NVDA #12345: 40% locked in at +1R (entry=150.00000 price=152.00000)
2026-03-28 22:31:45  INFO      TrailingStopManager: SL lock BUY  NASDAQ:NVDA #12345 [stage 1]: 148.00000 → 150.00000  (entry=150.00000 price=152.00000 1R=2.00000)
2026-03-28 22:31:45  INFO      MT5Executor: SIMULATION: Modified SL for position 12345: 150.0
2026-03-28 22:31:45  INFO      TradingGraph: Running agents for NASDAQ:NVDA
2026-03-28 22:31:45  INFO      TradingGraph: Completed 14 agents
2026-03-28 22:31:45  INFO      TradingGraph: Fusing timeframe signals
2026-03-28 22:31:45  INFO      TradingGraph: Fusion: L=-0.658(csns=1.00), M=0.582(csns=1.00), S=0.103(csns=0.75), align_str=0.000
2026-03-28 22:31:45  INFO      TradingRunner: EXIT [NASDAQ:NVDA #12345 BUY  pnl=+200.00] — D1 flipped bearish (-0.658)
2026-03-28 22:31:45  INFO      MT5Executor: SIMULATION: Closed position 12345
2026-03-28 22:32:45  INFO      MT5Executor: SIMULATION: Partial close 40% of #12345
2026-03-28 22:32:45  INFO      TrailingStopManager: [RISKY] PARTIAL TP BUY NASDAQ:NVDA #12345: 40% locked in at +1R (entry=150.00000 price=152.00000)
2026-03-28 22:32:45  INFO      TrailingStopManager: SL lock BUY  NASDAQ:NVDA #12345 [stage 1]: 148.00000 → 150.00000  (entry=150.00000 price=152.00000 1R=2.00000)
2026-03-28 22:32:45  INFO      MT5Executor: SIMULATION: Modified SL for position 12345: 150.0
2026-03-28 22:32:45  INFO      TradingGraph: Running agents for NASDAQ:NVDA
2026-03-28 22:32:45  INFO      TradingRunner: [WATCHDOG] alive | equity=100200.0 | cycle=116 | profile=risky
2026-03-28 22:32:45  INFO      TradingGraph: Completed 14 agents
2026-03-28 22:32:45  INFO      TradingGraph: Fusing timeframe signals
2026-03-28 22:32:45  INFO      TradingGraph: Fusion: L=-0.622(csns=1.00), M=-0.002(csns=0.50), S=-0.002(csns=0.40), align_str=0.014
2026-03-28 22:32:45  INFO      TradingRunner: EXIT [NASDAQ:NVDA #12345 BUY  pnl=+200.00] — D1 flipped bearish (-0.622)
2026-03-28 22:32:45  INFO      MT5Executor: SIMULATION: Closed position 12345
2026-03-28 22:33:32  WARNING   TradingRunner: Max daily trades (6) reached — no further entries today
2026-03-28 22:33:32  INFO      TradingRunner: PnL — unrealized: +200.00  realized today: +0.00  total: +200.00
2026-03-28 22:33:32  INFO      TradingRunner: Signal cycle done in 5.8s — sleeping 294s
2026-03-28 22:33:45  INFO      MT5Executor: SIMULATION: Partial close 40% of #12345
2026-03-28 22:33:45  INFO      TrailingStopManager: [RISKY] PARTIAL TP BUY NASDAQ:NVDA #12345: 40% locked in at +1R (entry=150.00000 price=152.00000)
2026-03-28 22:33:45  INFO      TrailingStopManager: SL lock BUY  NASDAQ:NVDA #12345 [stage 1]: 148.00000 → 150.00000  (entry=150.00000 price=152.00000 1R=2.00000)
2026-03-28 22:33:45  INFO      MT5Executor: SIMULATION: Modified SL for position 12345: 150.0
2026-03-28 22:33:46  INFO      TradingGraph: Running agents for NASDAQ:NVDA
2026-03-28 22:33:46  INFO      TradingGraph: Completed 14 agents
2026-03-28 22:33:46  INFO      TradingGraph: Fusing timeframe signals
2026-03-28 22:33:46  INFO      TradingGraph: Fusion: L=-0.635(csns=1.00), M=0.424(csns=1.00), S=-0.006(csns=0.40), align_str=0.000
2026-03-28 22:33:46  INFO      TradingRunner: EXIT [NASDAQ:NVDA #12345 BUY  pnl=+200.00] — D1 flipped bearish (-0.635)
2026-03-28 22:33:46  INFO      MT5Executor: SIMULATION: Closed position 12345
2026-03-28 22:34:45  INFO      MT5Executor: SIMULATION: Partial close 40% of #12345
2026-03-28 22:34:45  INFO      TrailingStopManager: [RISKY] PARTIAL TP BUY NASDAQ:NVDA #12345: 40% locked in at +1R (entry=150.00000 price=152.00000)
2026-03-28 22:34:45  INFO      TrailingStopManager: SL lock BUY  NASDAQ:NVDA #12345 [stage 1]: 148.00000 → 150.00000  (entry=150.00000 price=152.00000 1R=2.00000)
2026-03-28 22:34:45  INFO      MT5Executor: SIMULATION: Modified SL for position 12345: 150.0
2026-03-28 22:34:45  INFO      TradingGraph: Running agents for NASDAQ:NVDA
2026-03-28 22:34:45  INFO      TradingGraph: Completed 14 agents
2026-03-28 22:34:45  INFO      TradingGraph: Fusing timeframe signals
2026-03-28 22:34:45  INFO      TradingGraph: Fusion: L=-0.622(csns=1.00), M=-0.002(csns=0.50), S=-0.002(csns=0.40), align_str=0.014
2026-03-28 22:34:45  INFO      TradingRunner: EXIT [NASDAQ:NVDA #12345 BUY  pnl=+200.00] — D1 flipped bearish (-0.622)
2026-03-28 22:34:45  INFO      MT5Executor: SIMULATION: Closed position 12345
2026-03-28 22:35:45  INFO      MT5Executor: SIMULATION: Partial close 40% of #12345
2026-03-28 22:35:45  INFO      TrailingStopManager: [RISKY] PARTIAL TP BUY NASDAQ:NVDA #12345: 40% locked in at +1R (entry=150.00000 price=152.00000)
2026-03-28 22:35:45  INFO      TrailingStopManager: SL lock BUY  NASDAQ:NVDA #12345 [stage 1]: 148.00000 → 150.00000  (entry=150.00000 price=152.00000 1R=2.00000)
2026-03-28 22:35:45  INFO      MT5Executor: SIMULATION: Modified SL for position 12345: 150.0
2026-03-28 22:35:46  INFO      TradingGraph: Running agents for NASDAQ:NVDA
2026-03-28 22:35:46  INFO      TradingGraph: Completed 14 agents
2026-03-28 22:35:46  INFO      TradingGraph: Fusing timeframe signals
2026-03-28 22:35:46  INFO      TradingGraph: Fusion: L=-0.622(csns=1.00), M=-0.002(csns=0.50), S=-0.002(csns=0.40), align_str=0.014
2026-03-28 22:35:46  INFO      TradingRunner: EXIT [NASDAQ:NVDA #12345 BUY  pnl=+200.00] — D1 flipped bearish (-0.622)
2026-03-28 22:35:46  INFO      MT5Executor: SIMULATION: Closed position 12345
2026-03-28 22:36:45  INFO      MT5Executor: SIMULATION: Partial close 40% of #12345
2026-03-28 22:36:45  INFO      TrailingStopManager: [RISKY] PARTIAL TP BUY NASDAQ:NVDA #12345: 40% locked in at +1R (entry=150.00000 price=152.00000)
2026-03-28 22:36:45  INFO      TrailingStopManager: SL lock BUY  NASDAQ:NVDA #12345 [stage 1]: 148.00000 → 150.00000  (entry=150.00000 price=152.00000 1R=2.00000)
2026-03-28 22:36:45  INFO      MT5Executor: SIMULATION: Modified SL for position 12345: 150.0
2026-03-28 22:36:46  INFO      TradingGraph: Running agents for NASDAQ:NVDA
2026-03-28 22:36:46  INFO      TradingGraph: Completed 14 agents
2026-03-28 22:36:46  INFO      TradingGraph: Fusing timeframe signals
2026-03-28 22:36:46  INFO      TradingGraph: Fusion: L=-0.622(csns=1.00), M=-0.002(csns=0.50), S=-0.002(csns=0.40), align_str=0.014
2026-03-28 22:36:46  INFO      TradingRunner: EXIT [NASDAQ:NVDA #12345 BUY  pnl=+200.00] — D1 flipped bearish (-0.622)
2026-03-28 22:36:46  INFO      MT5Executor: SIMULATION: Closed position 12345
2026-03-28 22:37:45  INFO      MT5Executor: SIMULATION: Partial close 40% of #12345
2026-03-28 22:37:45  INFO      TrailingStopManager: [RISKY] PARTIAL TP BUY NASDAQ:NVDA #12345: 40% locked in at +1R (entry=150.00000 price=152.00000)
2026-03-28 22:37:45  INFO      TrailingStopManager: SL lock BUY  NASDAQ:NVDA #12345 [stage 1]: 148.00000 → 150.00000  (entry=150.00000 price=152.00000 1R=2.00000)
2026-03-28 22:37:45  INFO      MT5Executor: SIMULATION: Modified SL for position 12345: 150.0
2026-03-28 22:37:45  INFO      TradingGraph: Running agents for NASDAQ:NVDA
2026-03-28 22:37:45  INFO      TradingGraph: Completed 14 agents
2026-03-28 22:37:45  INFO      TradingGraph: Fusing timeframe signals
2026-03-28 22:37:45  INFO      TradingGraph: Fusion: L=-0.622(csns=1.00), M=-0.002(csns=0.50), S=-0.002(csns=0.40), align_str=0.014
2026-03-28 22:37:45  INFO      TradingRunner: EXIT [NASDAQ:NVDA #12345 BUY  pnl=+200.00] — D1 flipped bearish (-0.622)
2026-03-28 22:37:45  INFO      MT5Executor: SIMULATION: Closed position 12345
2026-03-28 22:38:30  WARNING   TradingRunner: Max daily trades (6) reached — no further entries today
2026-03-28 22:38:30  INFO      TradingRunner: PnL — unrealized: +200.00  realized today: +0.00  total: +200.00
2026-03-28 22:38:30  INFO      TradingRunner: Signal cycle done in 3.4s — sleeping 297s
2026-03-28 22:38:45  INFO      MT5Executor: SIMULATION: Partial close 40% of #12345
2026-03-28 22:38:45  INFO      TrailingStopManager: [RISKY] PARTIAL TP BUY NASDAQ:NVDA #12345: 40% locked in at +1R (entry=150.00000 price=152.00000)
2026-03-28 22:38:45  INFO      TrailingStopManager: SL lock BUY  NASDAQ:NVDA #12345 [stage 1]: 148.00000 → 150.00000  (entry=150.00000 price=152.00000 1R=2.00000)
2026-03-28 22:38:45  INFO      MT5Executor: SIMULATION: Modified SL for position 12345: 150.0
2026-03-28 22:38:46  INFO      TradingGraph: Running agents for NASDAQ:NVDA
2026-03-28 22:38:46  INFO      TradingGraph: Completed 14 agents
2026-03-28 22:38:46  INFO      TradingGraph: Fusing timeframe signals
2026-03-28 22:38:46  INFO      TradingGraph: Fusion: L=-0.622(csns=1.00), M=-0.004(csns=0.50), S=0.074(csns=0.40), align_str=0.000
2026-03-28 22:38:46  INFO      TradingRunner: EXIT [NASDAQ:NVDA #12345 BUY  pnl=+200.00] — D1 flipped bearish (-0.622)
2026-03-28 22:38:46  INFO      MT5Executor: SIMULATION: Closed position 12345
2026-03-28 22:38:59  INFO      TradingRunner: Shutdown signal received — stopping after current cycle
2026-03-28 22:38:59  INFO      MT5Executor: MT5Executor simulation mode shutdown
2026-03-28 22:39:05  INFO      TradingRunner: Shutdown signal received — stopping after current cycle
2026-03-28 22:39:05  INFO      MT5Executor: MT5Executor simulation mode shutdown
2026-03-28 22:43:27  INFO      LLMSentimentAgent: LLMSentimentAgent executor shut down
2026-03-28 22:43:27  INFO      MT5Executor: MT5Executor simulation mode shutdown
2026-03-28 22:46:06  INFO      MT5Executor: MT5Executor forced into simulation mode via config
2026-03-28 22:46:06  WARNING   DataLoader: DataLoader: running in simulation mode with synthetic data.
2026-03-28 22:46:06  INFO      root: Registered agent: RegimeAgent
2026-03-28 22:46:06  INFO      root: Registered agent: TrendAgent
2026-03-28 22:46:06  INFO      root: Registered agent: MomentumAgent
2026-03-28 22:46:06  INFO      root: Registered agent: MeanReversionAgent
2026-03-28 22:46:06  INFO      root: Registered agent: VolatilityAgent
2026-03-28 22:46:06  INFO      root: Registered agent: BreadthAgent
2026-03-28 22:46:06  INFO      root: Registered agent: PatternAgent
2026-03-28 22:46:06  INFO      root: Registered agent: IntermarketAgent
2026-03-28 22:46:06  INFO      root: Registered agent: SessionBreakoutAgent
2026-03-28 22:46:06  INFO      root: Registered agent: DivergenceAgent
2026-03-28 22:46:06  INFO      root: Registered agent: ScalpingAgent
2026-03-28 22:46:06  INFO      root: Registered agent: VwapScalpAgent
2026-03-28 22:46:06  INFO      root: Registered agent: SqueezeBreakoutAgent
2026-03-28 22:46:06  INFO      root: Registered agent: OrderFlowAgent
2026-03-28 22:46:06  INFO      TradingRunner: TradingRunner started — symbols: ['EURUSD', 'GBPUSD', 'USDJPY', 'USDCHF', 'AUDUSD', 'USDCAD', 'NZDUSD', 'US30', 'US500', 'USTEC', 'DAX', 'UK100', 'EURJPY', 'GBPJPY', 'AUDJPY', 'EURGBP', 'EURCHF', 'CHFJPY', 'XAGUSD'] | profile: risky | signal: 300s | surveillance: 60s
2026-03-28 22:46:06  INFO      MT5Executor: SIMULATION: Partial close 40% of #12345
2026-03-28 22:46:06  INFO      TrailingStopManager: [RISKY] PARTIAL TP BUY NASDAQ:NVDA #12345: 40% locked in at +1R (entry=150.00000 price=152.00000)
2026-03-28 22:46:06  INFO      TrailingStopManager: SL lock BUY  NASDAQ:NVDA #12345 [stage 1]: 148.00000 → 150.00000  (entry=150.00000 price=152.00000 1R=2.00000)
2026-03-28 22:46:06  INFO      MT5Executor: SIMULATION: Modified SL for position 12345: 150.0
2026-03-28 22:46:07  INFO      TradingGraph: Running agents for NASDAQ:NVDA
2026-03-28 22:46:07  INFO      TradingRunner: New trading day 2026-03-28 — start-of-day equity: 100200.00
2026-03-28 22:46:07  INFO      TradingRunner: New trading week 2026-W13 — start-of-week equity: 100200.00
2026-03-28 22:46:08  INFO      TradingGraph: Completed 14 agents
2026-03-28 22:46:08  INFO      TradingGraph: Fusing timeframe signals
2026-03-28 22:46:08  INFO      TradingGraph: Fusion: L=-0.622(csns=1.00), M=-0.009(csns=0.50), S=-0.003(csns=0.40), align_str=0.025
2026-03-28 22:46:08  INFO      TradingRunner: EXIT [NASDAQ:NVDA #12345 BUY  pnl=+200.00] — D1 flipped bearish (-0.622)
2026-03-28 22:46:08  INFO      MT5Executor: SIMULATION: Closed position 12345
2026-03-28 22:46:14  INFO      TradingRunner: Analysing EURUSD …
2026-03-28 22:46:14  INFO      NewsCalendar: [NEWS] Loaded 12 high-impact events (source: ForexFactory)
2026-03-28 22:46:14  INFO      TradingGraph: Running agents for EURUSD
2026-03-28 22:46:14  INFO      TradingGraph: Completed 14 agents
2026-03-28 22:46:14  INFO      TradingGraph: Fusing timeframe signals
2026-03-28 22:46:14  INFO      TradingGraph: Fusion: L=-0.713(csns=1.00), M=-0.017(csns=0.50), S=-0.003(csns=0.40), align_str=0.033
2026-03-28 22:46:15  INFO      TradingGraph: Aligned [pullback-entry] (bearish) — proceeding [L=-0.713 M=-0.017 S=-0.003 breadth=0.595]
2026-03-28 22:46:15  INFO      TradingGraph: Generating trading recipe
2026-03-28 22:46:15  INFO      TradingGraph: Generated recipe: RISKY_SHORT_PULLBACK_ENTRY_EURUSD
2026-03-28 22:46:15  INFO      TradingGraph: Risk check passed
2026-03-28 22:46:15  INFO      TradingGraph: Creating trade plan
2026-03-28 22:46:15  INFO      TradingGraph: Structure SL/TP [EURUSD] entry=100.00000 sl=114.38436 (12.19×ATR) tp=97.63973 (R:R=0.16)
2026-03-28 22:46:15  INFO      TradingGraph: Created trade plan: entry=100.0000, sl=114.3800, tp=66.1100
2026-03-28 22:46:15  INFO      TradingGraph: Executing trade for EURUSD
2026-03-28 22:46:15  INFO      MT5Executor: SIMULATION: Placing bracket order for EURUSD
2026-03-28 22:46:15  INFO      TradingGraph: Order placed: ticket=12345
2026-03-28 22:46:15  INFO      OrderManager: Created order order_1_20260328_224615 for EURUSD
2026-03-28 22:46:15  INFO      TradeJournal: TRADE  EURUSD           Direction.SHORT  qty=0.01  entry=100.00000  sl=114.38000  tp=66.11000  ticket=12345
2026-03-28 22:46:15  INFO      TradingRunner: EURUSD: trade placed — daily count 1/6, next entry in 60min
2026-03-28 22:46:15  INFO      TradingRunner: Analysing GBPUSD …
2026-03-28 22:46:15  INFO      TradingGraph: Running agents for GBPUSD
2026-03-28 22:46:15  INFO      TradingGraph: Completed 14 agents
2026-03-28 22:46:15  INFO      TradingGraph: Fusing timeframe signals
2026-03-28 22:46:15  INFO      TradingGraph: Fusion: L=-0.622(csns=1.00), M=-0.009(csns=0.50), S=-0.003(csns=0.40), align_str=0.025
2026-03-28 22:46:15  INFO      TradingGraph: Aligned [pullback-entry] (bearish) — proceeding [L=-0.622 M=-0.009 S=-0.003 breadth=0.595]
2026-03-28 22:46:15  INFO      TradingGraph: Generating trading recipe
2026-03-28 22:46:15  INFO      TradingGraph: Generated recipe: RISKY_SHORT_PULLBACK_ENTRY_GBPUSD
2026-03-28 22:46:15  INFO      TradingGraph: Risk check passed
2026-03-28 22:46:15  INFO      TradingGraph: Creating trade plan
2026-03-28 22:46:15  INFO      TradingGraph: Structure SL/TP [GBPUSD] entry=100.00000 sl=114.37501 (12.58×ATR) tp=97.71449 (R:R=0.16)
2026-03-28 22:46:15  INFO      TradingGraph: Created trade plan: entry=100.0000, sl=114.3800, tp=66.7800
2026-03-28 22:46:15  INFO      TradingGraph: Executing trade for GBPUSD
2026-03-28 22:46:15  INFO      MT5Executor: SIMULATION: Placing bracket order for GBPUSD
2026-03-28 22:46:15  INFO      TradingGraph: Order placed: ticket=12345
2026-03-28 22:46:15  INFO      OrderManager: Created order order_2_20260328_224615 for GBPUSD
2026-03-28 22:46:15  INFO      TradeJournal: TRADE  GBPUSD           Direction.SHORT  qty=0.01  entry=100.00000  sl=114.38000  tp=66.78000  ticket=12345
2026-03-28 22:46:15  INFO      TradingRunner: GBPUSD: trade placed — daily count 2/6, next entry in 60min
2026-03-28 22:46:15  INFO      TradingRunner: Analysing USDJPY …
2026-03-28 22:46:15  INFO      TradingGraph: Running agents for USDJPY
2026-03-28 22:46:15  INFO      TradingGraph: Completed 14 agents
2026-03-28 22:46:15  INFO      TradingGraph: Fusing timeframe signals
2026-03-28 22:46:15  INFO      TradingGraph: Fusion: L=-0.622(csns=1.00), M=-0.009(csns=0.50), S=-0.003(csns=0.40), align_str=0.025
2026-03-28 22:46:15  INFO      TradingGraph: Aligned [pullback-entry] (bearish) — proceeding [L=-0.622 M=-0.009 S=-0.003 breadth=0.595]
2026-03-28 22:46:15  INFO      TradingGraph: Generating trading recipe
2026-03-28 22:46:15  INFO      TradingGraph: Generated recipe: RISKY_SHORT_PULLBACK_ENTRY_USDJPY
2026-03-28 22:46:15  INFO      TradingGraph: Risk check passed
2026-03-28 22:46:15  INFO      TradingGraph: Creating trade plan
2026-03-28 22:46:15  INFO      TradingGraph: Structure SL/TP [USDJPY] entry=100.00000 sl=114.37501 (12.58×ATR) tp=97.71449 (R:R=0.16)
2026-03-28 22:46:15  INFO      TradingGraph: Created trade plan: entry=100.0000, sl=114.3800, tp=66.7800
2026-03-28 22:46:15  INFO      TradingGraph: Executing trade for USDJPY
2026-03-28 22:46:15  INFO      MT5Executor: SIMULATION: Placing bracket order for USDJPY
2026-03-28 22:46:15  INFO      TradingGraph: Order placed: ticket=12345
2026-03-28 22:46:15  INFO      OrderManager: Created order order_3_20260328_224615 for USDJPY
2026-03-28 22:46:15  INFO      TradeJournal: TRADE  USDJPY           Direction.SHORT  qty=0.01  entry=100.00000  sl=114.38000  tp=66.78000  ticket=12345
2026-03-28 22:46:15  INFO      TradingRunner: USDJPY: trade placed — daily count 3/6, next entry in 60min
2026-03-28 22:46:15  INFO      TradingRunner: Analysing USDCHF …
2026-03-28 22:46:15  INFO      TradingGraph: Running agents for USDCHF
2026-03-28 22:46:15  INFO      TradingGraph: Completed 14 agents
2026-03-28 22:46:15  INFO      TradingGraph: Fusing timeframe signals
2026-03-28 22:46:15  INFO      TradingGraph: Fusion: L=-0.622(csns=1.00), M=-0.009(csns=0.50), S=-0.003(csns=0.40), align_str=0.025
2026-03-28 22:46:15  INFO      TradingGraph: Aligned [pullback-entry] (bearish) — proceeding [L=-0.622 M=-0.009 S=-0.003 breadth=0.595]
2026-03-28 22:46:15  INFO      TradingGraph: Generating trading recipe
2026-03-28 22:46:15  INFO      TradingGraph: Generated recipe: RISKY_SHORT_PULLBACK_ENTRY_USDCHF
2026-03-28 22:46:15  INFO      TradingGraph: Risk check passed
2026-03-28 22:46:15  INFO      TradingGraph: Creating trade plan
2026-03-28 22:46:15  INFO      TradingGraph: Structure SL/TP [USDCHF] entry=100.00000 sl=114.37501 (12.58×ATR) tp=97.71449 (R:R=0.16)
2026-03-28 22:46:15  INFO      TradingGraph: Created trade plan: entry=100.0000, sl=114.3800, tp=66.7800
2026-03-28 22:46:15  INFO      TradingGraph: Executing trade for USDCHF
2026-03-28 22:46:15  INFO      MT5Executor: SIMULATION: Placing bracket order for USDCHF
2026-03-28 22:46:15  INFO      TradingGraph: Order placed: ticket=12345
2026-03-28 22:46:15  INFO      OrderManager: Created order order_4_20260328_224615 for USDCHF
2026-03-28 22:46:15  INFO      TradeJournal: TRADE  USDCHF           Direction.SHORT  qty=0.01  entry=100.00000  sl=114.38000  tp=66.78000  ticket=12345
2026-03-28 22:46:15  INFO      TradingRunner: USDCHF: trade placed — daily count 4/6, next entry in 60min
2026-03-28 22:46:15  INFO      TradingRunner: Analysing AUDUSD …
2026-03-28 22:46:15  INFO      TradingGraph: Running agents for AUDUSD
2026-03-28 22:46:15  INFO      TradingGraph: Completed 14 agents
2026-03-28 22:46:15  INFO      TradingGraph: Fusing timeframe signals
2026-03-28 22:46:15  INFO      TradingGraph: Fusion: L=-0.622(csns=1.00), M=-0.009(csns=0.50), S=-0.003(csns=0.40), align_str=0.025
2026-03-28 22:46:15  INFO      TradingGraph: Aligned [pullback-entry] (bearish) — proceeding [L=-0.622 M=-0.009 S=-0.003 breadth=0.595]
2026-03-28 22:46:15  INFO      TradingGraph: Generating trading recipe
2026-03-28 22:46:15  INFO      TradingGraph: Generated recipe: RISKY_SHORT_PULLBACK_ENTRY_AUDUSD
2026-03-28 22:46:15  INFO      TradingGraph: Risk check passed
2026-03-28 22:46:15  INFO      TradingGraph: Creating trade plan
2026-03-28 22:46:15  INFO      TradingGraph: Structure SL/TP [AUDUSD] entry=100.00000 sl=114.37501 (12.58×ATR) tp=97.71449 (R:R=0.16)
2026-03-28 22:46:15  INFO      TradingGraph: Created trade plan: entry=100.0000, sl=114.3800, tp=66.7800
2026-03-28 22:46:15  INFO      TradingGraph: Executing trade for AUDUSD
2026-03-28 22:46:15  INFO      MT5Executor: SIMULATION: Placing bracket order for AUDUSD
2026-03-28 22:46:15  INFO      TradingGraph: Order placed: ticket=12345
2026-03-28 22:46:15  INFO      OrderManager: Created order order_5_20260328_224615 for AUDUSD
2026-03-28 22:46:15  INFO      TradeJournal: TRADE  AUDUSD           Direction.SHORT  qty=0.01  entry=100.00000  sl=114.38000  tp=66.78000  ticket=12345
2026-03-28 22:46:15  INFO      TradingRunner: AUDUSD: trade placed — daily count 5/6, next entry in 60min
2026-03-28 22:46:15  INFO      TradingRunner: Analysing USDCAD …
2026-03-28 22:46:15  INFO      TradingGraph: Running agents for USDCAD
2026-03-28 22:46:15  INFO      TradingGraph: Completed 14 agents
2026-03-28 22:46:15  INFO      TradingGraph: Fusing timeframe signals
2026-03-28 22:46:15  INFO      TradingGraph: Fusion: L=-0.617(csns=1.00), M=-0.010(csns=0.50), S=0.051(csns=0.71), align_str=0.000
2026-03-28 22:46:15  INFO      TradingGraph: Aligned [pullback-entry] (bearish) — proceeding [L=-0.617 M=-0.010 S=0.051 breadth=0.595]
2026-03-28 22:46:15  INFO      TradingGraph: Generating trading recipe
2026-03-28 22:46:15  INFO      TradingGraph: Generated recipe: RISKY_SHORT_PULLBACK_ENTRY_USDCAD
2026-03-28 22:46:15  INFO      TradingGraph: Risk check passed
2026-03-28 22:46:15  INFO      TradingGraph: Creating trade plan
2026-03-28 22:46:15  INFO      TradingGraph: Structure SL/TP [USDCAD] entry=100.00000 sl=114.93721 (13.07×ATR) tp=97.71449 (R:R=0.15)
2026-03-28 22:46:15  INFO      TradingGraph: Created trade plan: entry=100.0000, sl=114.9400, tp=65.5200
2026-03-28 22:46:15  INFO      TradingGraph: Executing trade for USDCAD
2026-03-28 22:46:15  INFO      MT5Executor: SIMULATION: Placing bracket order for USDCAD
2026-03-28 22:46:15  INFO      TradingGraph: Order placed: ticket=12345
2026-03-28 22:46:15  INFO      OrderManager: Created order order_6_20260328_224615 for USDCAD
2026-03-28 22:46:15  INFO      TradeJournal: TRADE  USDCAD           Direction.SHORT  qty=0.01  entry=100.00000  sl=114.94000  tp=65.52000  ticket=12345
2026-03-28 22:46:15  INFO      TradingRunner: USDCAD: trade placed — daily count 6/6, next entry in 60min
2026-03-28 22:46:15  WARNING   TradingRunner: Max daily trades (6) reached — no further entries today
2026-03-28 22:46:15  INFO      TradingRunner: PnL — unrealized: +200.00  realized today: +0.00  total: +200.00
2026-03-28 22:46:15  INFO      TradingRunner: Signal cycle done in 7.6s — sleeping 292s
2026-03-28 22:47:06  INFO      MT5Executor: SIMULATION: Partial close 40% of #12345
2026-03-28 22:47:06  INFO      TrailingStopManager: [RISKY] PARTIAL TP BUY NASDAQ:NVDA #12345: 40% locked in at +1R (entry=150.00000 price=152.00000)
2026-03-28 22:47:06  INFO      TrailingStopManager: SL lock BUY  NASDAQ:NVDA #12345 [stage 1]: 148.00000 → 150.00000  (entry=150.00000 price=152.00000 1R=2.00000)
2026-03-28 22:47:06  INFO      MT5Executor: SIMULATION: Modified SL for position 12345: 150.0
2026-03-28 22:47:07  INFO      TradingGraph: Running agents for NASDAQ:NVDA
2026-03-28 22:47:07  INFO      TradingGraph: Completed 14 agents
2026-03-28 22:47:07  INFO      TradingGraph: Fusing timeframe signals
2026-03-28 22:47:07  INFO      TradingGraph: Fusion: L=-0.622(csns=1.00), M=-0.009(csns=0.50), S=-0.003(csns=0.40), align_str=0.025
2026-03-28 22:47:07  INFO      TradingRunner: EXIT [NASDAQ:NVDA #12345 BUY  pnl=+200.00] — D1 flipped bearish (-0.622)
2026-03-28 22:47:07  INFO      MT5Executor: SIMULATION: Closed position 12345
2026-03-28 22:47:37  INFO      TradingRunner: [WATCHDOG] alive | equity=100200.0 | cycle=1 | profile=risky
2026-03-28 22:48:06  INFO      MT5Executor: SIMULATION: Partial close 40% of #12345
2026-03-28 22:48:06  INFO      TrailingStopManager: [RISKY] PARTIAL TP BUY NASDAQ:NVDA #12345: 40% locked in at +1R (entry=150.00000 price=152.00000)
2026-03-28 22:48:06  INFO      TrailingStopManager: SL lock BUY  NASDAQ:NVDA #12345 [stage 1]: 148.00000 → 150.00000  (entry=150.00000 price=152.00000 1R=2.00000)
2026-03-28 22:48:06  INFO      MT5Executor: SIMULATION: Modified SL for position 12345: 150.0
2026-03-28 22:48:07  INFO      TradingGraph: Running agents for NASDAQ:NVDA
2026-03-28 22:48:07  INFO      TradingGraph: Completed 14 agents
2026-03-28 22:48:07  INFO      TradingGraph: Fusing timeframe signals
2026-03-28 22:48:07  INFO      TradingGraph: Fusion: L=-0.622(csns=1.00), M=-0.010(csns=0.50), S=0.075(csns=0.40), align_str=0.000
2026-03-28 22:48:07  INFO      TradingRunner: EXIT [NASDAQ:NVDA #12345 BUY  pnl=+200.00] — D1 flipped bearish (-0.622)
2026-03-28 22:48:07  INFO      MT5Executor: SIMULATION: Closed position 12345
2026-03-28 22:48:43  INFO      TradingRunner: Shutdown signal received — stopping after current cycle
2026-03-28 22:48:43  INFO      MT5Executor: MT5Executor simulation mode shutdown
2026-03-28 22:51:07  INFO      LLMSentimentAgent: LLMSentimentAgent executor shut down
2026-03-28 22:51:08  INFO      MT5Executor: MT5Executor simulation mode shutdown
