2026-03-30 17:56:27  INFO      MT5Executor: Using mt5linux backend → localhost:18812
2026-03-30 17:56:27  INFO      MT5Executor: Connected to MT5: 5048478471 on MetaQuotes-Demo | balance=138.82 | trade_allowed=True
2026-03-30 17:56:27  INFO      root: Registered agent: RegimeAgent
2026-03-30 17:56:27  INFO      root: Registered agent: TrendAgent
2026-03-30 17:56:27  INFO      root: Registered agent: MomentumAgent
2026-03-30 17:56:27  INFO      root: Registered agent: MeanReversionAgent
2026-03-30 17:56:27  INFO      root: Registered agent: VolatilityAgent
2026-03-30 17:56:27  INFO      root: Registered agent: BreadthAgent
2026-03-30 17:56:27  INFO      root: Registered agent: PatternAgent
2026-03-30 17:56:27  INFO      root: Registered agent: IntermarketAgent
2026-03-30 17:56:27  INFO      root: Registered agent: SessionBreakoutAgent
2026-03-30 17:56:27  INFO      root: Registered agent: DivergenceAgent
2026-03-30 17:56:27  INFO      root: Registered agent: ScalpingAgent
2026-03-30 17:56:27  INFO      root: Registered agent: VwapScalpAgent
2026-03-30 17:56:27  INFO      root: Registered agent: SqueezeBreakoutAgent
2026-03-30 17:56:27  INFO      root: Registered agent: OrderFlowAgent
2026-03-30 17:56:27  INFO      root: Registered agent: CorrelationAgent
2026-03-30 17:56:27  INFO      TradingRunner: [State] Stale state from 2026-03-28 — starting fresh for 2026-03-30
2026-03-30 17:56:28  INFO      TradingRunner: New trading day 2026-03-30 — start-of-day equity: 138.82
2026-03-30 17:56:28  INFO      TradingRunner: New trading week 2026-W14 — start-of-week equity: 138.82
2026-03-30 17:56:29  INFO      numexpr.utils: Note: NumExpr detected 12 cores but "NUMEXPR_MAX_THREADS" not set, so enforcing safe limit of 8.
2026-03-30 17:56:29  INFO      numexpr.utils: NumExpr defaulting to 8 threads.
2026-03-30 17:56:40  INFO      TradingRunner: Analysing EURUSD …
2026-03-30 17:56:40  INFO      NewsCalendar: [NEWS] Loaded 11 high-impact events (source: ForexFactory)
2026-03-30 17:56:40  INFO      TradingGraph: Running agents for EURUSD
2026-03-30 17:56:40  INFO      TradingGraph: Completed 15 agents
2026-03-30 17:56:40  INFO      TradingGraph: Fusing timeframe signals
2026-03-30 17:56:40  INFO      TradingGraph: Fusion: L=-0.672(csns=1.00), M=-0.663(csns=1.00), S=-0.398(csns=0.83), align_str=0.562
2026-03-30 17:56:40  INFO      TradingGraph: Aligned [full-alignment] (bearish) — proceeding [L=-0.672 M=-0.663 S=-0.398 breadth=0.013]
2026-03-30 17:56:40  INFO      TradingGraph: Generating trading recipe
2026-03-30 17:56:40  INFO      TradingGraph: Generated recipe: RISKY_SHORT_FULL_ALIGNMENT_EURUSD
2026-03-30 17:56:40  INFO      TradingGraph: Pivot guard: support 0.21×ATR away — rejecting SHORT (buffer=0.5)
2026-03-30 17:56:40  INFO      TradingRunner: Analysing GBPUSD …
2026-03-30 17:56:40  INFO      TradingGraph: Running agents for GBPUSD
2026-03-30 17:56:40  INFO      TradingGraph: Completed 15 agents
2026-03-30 17:56:40  INFO      TradingGraph: Fusing timeframe signals
2026-03-30 17:56:40  INFO      TradingGraph: Fusion: L=-0.689(csns=1.00), M=-0.622(csns=1.00), S=-0.303(csns=0.83), align_str=0.506
2026-03-30 17:56:40  INFO      TradingGraph: Aligned [full-alignment] (bearish) — proceeding [L=-0.689 M=-0.622 S=-0.303 breadth=0.013]
2026-03-30 17:56:40  INFO      TradingGraph: Generating trading recipe
2026-03-30 17:56:40  INFO      TradingGraph: Generated recipe: RISKY_SHORT_FULL_ALIGNMENT_GBPUSD
2026-03-30 17:56:40  INFO      TradingGraph: Pivot guard: support 0.18×ATR away — rejecting SHORT (buffer=0.5)
2026-03-30 17:56:40  INFO      TradingRunner: Analysing USDJPY …
2026-03-30 17:56:40  INFO      TradingGraph: Running agents for USDJPY
2026-03-30 17:56:40  INFO      TradingGraph: Completed 15 agents
2026-03-30 17:56:40  INFO      TradingGraph: Fusing timeframe signals
2026-03-30 17:56:40  INFO      TradingGraph: Fusion: L=0.562(csns=1.00), M=-0.145(csns=1.00), S=0.040(csns=0.60), align_str=0.000
2026-03-30 17:56:40  INFO      TradingGraph: Aligned [pullback-entry] (bullish) — proceeding [L=0.562 M=-0.145 S=0.040 breadth=0.013]
2026-03-30 17:56:40  INFO      TradingGraph: Generating trading recipe
2026-03-30 17:56:40  INFO      TradingGraph: Generated recipe: RISKY_LONG_PULLBACK_ENTRY_USDJPY
2026-03-30 17:56:40  INFO      TradingGraph: Pivot guard: resistance 0.22×ATR away — rejecting LONG (buffer=0.5)
2026-03-30 17:56:40  INFO      TradingRunner: Analysing USDCHF …
2026-03-30 17:56:40  INFO      TradingGraph: Running agents for USDCHF
2026-03-30 17:56:40  INFO      TradingGraph: Completed 15 agents
2026-03-30 17:56:40  INFO      TradingGraph: Fusing timeframe signals
2026-03-30 17:56:40  INFO      TradingGraph: Fusion: L=0.625(csns=1.00), M=0.327(csns=0.75), S=0.226(csns=0.83), align_str=0.359
2026-03-30 17:56:40  INFO      TradingGraph: Aligned [full-alignment] (bullish) — proceeding [L=0.625 M=0.327 S=0.226 breadth=0.013]
2026-03-30 17:56:40  INFO      TradingGraph: Generating trading recipe
2026-03-30 17:56:40  INFO      TradingGraph: Generated recipe: RISKY_LONG_FULL_ALIGNMENT_USDCHF
2026-03-30 17:56:40  INFO      TradingGraph: Risk check passed
2026-03-30 17:56:40  INFO      TradingGraph: Creating trade plan
2026-03-30 17:56:40  INFO      TradingGraph: SL cap [USDCHF]: 6.28×ATR → 3.5×ATR
2026-03-30 17:56:40  INFO      TradingGraph: Structure SL/TP [USDCHF] entry=0.80003 sl=0.79160 (3.50×ATR) tp=0.80543 (R:R=0.64)
2026-03-30 17:56:40  INFO      TradingGraph: Created trade plan: entry=0.8000, sl=0.7916, tp=0.8127
2026-03-30 17:56:40  INFO      TradingGraph: Executing trade for USDCHF
2026-03-30 17:56:40  INFO      MT5Executor: USDCHF: lots=0.01 (risk=$9.20)
2026-03-30 17:56:40  INFO      MT5Executor: Market order filled: ticket=56000123753 vol=0.01
2026-03-30 17:56:40  INFO      TradingGraph: Order placed: ticket=56000123753
2026-03-30 17:56:40  INFO      OrderManager: Created order order_1_20260330_175640 for USDCHF
2026-03-30 17:56:41  INFO      TradeJournal: TRADE  USDCHF           Direction.LONG  qty=0.01  entry=0.80003  sl=0.79160  tp=0.81268  ticket=56000123753
2026-03-30 17:56:41  INFO      TradingRunner: USDCHF: trade placed — daily count 1/4, next entry in 90min
2026-03-30 17:56:41  INFO      TradingRunner: Analysing AUDUSD …
2026-03-30 17:56:41  INFO      TradingGraph: Running agents for AUDUSD
2026-03-30 17:56:41  INFO      TradingGraph: Completed 15 agents
2026-03-30 17:56:41  INFO      TradingGraph: Fusing timeframe signals
2026-03-30 17:56:41  INFO      TradingGraph: Fusion: L=-0.005(csns=1.00), M=-0.084(csns=0.75), S=-0.322(csns=1.00), align_str=0.053
2026-03-30 17:56:41  INFO      TradingGraph: Timeframes not aligned — stopping (L=-0.005 M=-0.084 S=-0.322)
2026-03-30 17:56:41  INFO      TradingRunner: Analysing USDCAD …
2026-03-30 17:56:41  INFO      TradingGraph: Running agents for USDCAD
2026-03-30 17:56:41  INFO      TradingGraph: Completed 15 agents
2026-03-30 17:56:41  INFO      TradingGraph: Fusing timeframe signals
2026-03-30 17:56:41  INFO      TradingGraph: Fusion: L=0.667(csns=1.00), M=0.354(csns=0.75), S=0.379(csns=0.83), align_str=0.448
2026-03-30 17:56:41  INFO      TradingGraph: Aligned [full-alignment] (bullish) — proceeding [L=0.667 M=0.354 S=0.379 breadth=0.013]
2026-03-30 17:56:41  INFO      TradingGraph: Generating trading recipe
2026-03-30 17:56:41  INFO      TradingGraph: Generated recipe: RISKY_LONG_FULL_ALIGNMENT_USDCAD
2026-03-30 17:56:41  INFO      TradingGraph: Risk check passed
2026-03-30 17:56:41  INFO      TradingGraph: Creating trade plan
2026-03-30 17:56:41  INFO      TradingGraph: SL cap [USDCAD]: 9.01×ATR → 3.5×ATR
2026-03-30 17:56:41  INFO      TradingGraph: Structure SL/TP [USDCAD] entry=1.39252 sl=1.38350 (3.50×ATR) tp=1.39712 (R:R=0.51)
2026-03-30 17:56:41  INFO      TradingGraph: Created trade plan: entry=1.3925, sl=1.3835, tp=1.4061
2026-03-30 17:56:41  INFO      TradingGraph: Executing trade for USDCAD
2026-03-30 17:56:41  INFO      MT5Executor: USDCAD: lots=0.01 (risk=$5.66)
2026-03-30 17:56:41  INFO      MT5Executor: Market order filled: ticket=56000124107 vol=0.01
2026-03-30 17:56:41  INFO      TradingGraph: Order placed: ticket=56000124107
2026-03-30 17:56:41  INFO      OrderManager: Created order order_2_20260330_175641 for USDCAD
2026-03-30 17:56:41  INFO      TradeJournal: TRADE  USDCAD           Direction.LONG  qty=0.01  entry=1.39252  sl=1.38350  tp=1.40606  ticket=56000124107
2026-03-30 17:56:41  INFO      TradingRunner: USDCAD: trade placed — daily count 2/4, next entry in 90min
2026-03-30 17:56:41  INFO      TradingRunner: Analysing NZDUSD …
2026-03-30 17:56:41  INFO      TradingGraph: Running agents for NZDUSD
2026-03-30 17:56:41  INFO      TradingGraph: Completed 15 agents
2026-03-30 17:56:41  INFO      TradingGraph: Fusing timeframe signals
2026-03-30 17:56:41  INFO      TradingGraph: Fusion: L=-0.713(csns=1.00), M=-0.364(csns=0.75), S=-0.317(csns=0.83), align_str=0.435
2026-03-30 17:56:41  INFO      TradingGraph: Aligned [full-alignment] (bearish) — proceeding [L=-0.713 M=-0.364 S=-0.317 breadth=0.013]
2026-03-30 17:56:41  INFO      TradingGraph: Generating trading recipe
2026-03-30 17:56:41  INFO      TradingGraph: Generated recipe: RISKY_SHORT_FULL_ALIGNMENT_NZDUSD
2026-03-30 17:56:41  INFO      TradingGraph: Correlation guard: 2/2 long_usd positions already open — refusing NZDUSD SELL
2026-03-30 17:56:41  INFO      TradingRunner: Analysing US30 …
2026-03-30 17:56:41  INFO      TradingGraph: Running agents for US30
2026-03-30 17:56:41  INFO      TradingGraph: Completed 15 agents
2026-03-30 17:56:41  INFO      TradingGraph: Fusing timeframe signals
2026-03-30 17:56:41  INFO      TradingGraph: Fusion: L=-0.388(csns=1.00), M=-0.636(csns=1.00), S=-0.026(csns=0.60), align_str=0.187
2026-03-30 17:56:41  INFO      TradingGraph: Aligned [pullback-entry] (bearish) — proceeding [L=-0.388 M=-0.636 S=-0.026 breadth=0.013]
2026-03-30 17:56:41  INFO      TradingGraph: Generating trading recipe
2026-03-30 17:56:41  INFO      TradingGraph: Generated recipe: RISKY_SHORT_PULLBACK_ENTRY_US30
2026-03-30 17:56:41  INFO      TradingGraph: Risk check passed
2026-03-30 17:56:41  INFO      TradingGraph: Creating trade plan
2026-03-30 17:56:42  INFO      TradingGraph: Structure SL/TP [US30] entry=45560.70000 sl=46648.07316 (2.95×ATR) tp=44395.40000 (R:R=1.07)
2026-03-30 17:56:42  INFO      TradingGraph: Created trade plan: entry=45560.7000, sl=46648.0700, tp=43929.6400
2026-03-30 17:56:42  INFO      TradingGraph: Executing trade for US30
2026-03-30 17:56:42  WARNING   MT5Executor: US30: trading disabled on this symbol (trade_mode=0 — may be outside market hours or broker restriction). Skipping.
2026-03-30 17:56:42  INFO      TradingGraph: Order not placed for US30 (executor returned None — see executor log for reason)
2026-03-30 17:56:42  INFO      TradingRunner: Analysing US500 …
2026-03-30 17:56:42  INFO      TradingGraph: Running agents for US500
2026-03-30 17:56:42  INFO      TradingGraph: Completed 15 agents
2026-03-30 17:56:42  INFO      TradingGraph: Fusing timeframe signals
2026-03-30 17:56:42  INFO      TradingGraph: Fusion: L=-0.430(csns=1.00), M=-0.637(csns=1.00), S=-0.270(csns=0.80), align_str=0.420
2026-03-30 17:56:42  INFO      TradingGraph: Aligned [full-alignment] (bearish) — proceeding [L=-0.430 M=-0.637 S=-0.270 breadth=0.013]
2026-03-30 17:56:42  INFO      TradingGraph: Generating trading recipe
2026-03-30 17:56:42  INFO      TradingGraph: Generated recipe: RISKY_SHORT_FULL_ALIGNMENT_US500
2026-03-30 17:56:42  INFO      TradingGraph: Risk check passed
2026-03-30 17:56:42  INFO      TradingGraph: Creating trade plan
2026-03-30 17:56:42  INFO      TradingGraph: SL cap [US500]: 4.99×ATR → 3.5×ATR
2026-03-30 17:56:42  INFO      TradingGraph: Structure SL/TP [US500] entry=6398.30000 sl=6574.38451 (3.50×ATR) tp=6196.41183 (R:R=1.15)
2026-03-30 17:56:42  INFO      TradingGraph: Created trade plan: entry=6398.3000, sl=6574.3800, tp=6134.1700
2026-03-30 17:56:42  INFO      TradingGraph: Executing trade for US500
2026-03-30 17:56:42  WARNING   MT5Executor: US500: trading disabled on this symbol (trade_mode=0 — may be outside market hours or broker restriction). Skipping.
2026-03-30 17:56:42  INFO      TradingGraph: Order not placed for US500 (executor returned None — see executor log for reason)
2026-03-30 17:56:42  INFO      TradingRunner: Analysing USTEC …
2026-03-30 17:56:42  INFO      TradingGraph: Running agents for USTEC
2026-03-30 17:56:42  INFO      TradingGraph: Completed 15 agents
2026-03-30 17:56:42  INFO      TradingGraph: Fusing timeframe signals
2026-03-30 17:56:42  INFO      TradingGraph: Fusion: L=-0.470(csns=1.00), M=-0.595(csns=1.00), S=-0.197(csns=0.80), align_str=0.380
2026-03-30 17:56:42  INFO      TradingGraph: Aligned [full-alignment] (bearish) — proceeding [L=-0.470 M=-0.595 S=-0.197 breadth=0.013]
2026-03-30 17:56:42  INFO      TradingGraph: Generating trading recipe
2026-03-30 17:56:43  INFO      TradingGraph: Generated recipe: RISKY_SHORT_FULL_ALIGNMENT_USTEC
2026-03-30 17:56:43  INFO      TradingGraph: Risk check passed
2026-03-30 17:56:43  INFO      TradingGraph: Creating trade plan
2026-03-30 17:56:43  INFO      TradingGraph: SL cap [USTEC]: 5.60×ATR → 3.5×ATR
2026-03-30 17:56:43  INFO      TradingGraph: Structure SL/TP [USTEC] entry=23205.90000 sl=23945.24820 (3.50×ATR) tp=22482.86313 (R:R=0.98)
2026-03-30 17:56:43  INFO      TradingGraph: Created trade plan: entry=23205.9000, sl=23945.2500, tp=22096.8800
2026-03-30 17:56:43  INFO      TradingGraph: Executing trade for USTEC
2026-03-30 17:56:43  WARNING   MT5Executor: USTEC: trading disabled on this symbol (trade_mode=0 — may be outside market hours or broker restriction). Skipping.
2026-03-30 17:56:43  INFO      TradingGraph: Order not placed for USTEC (executor returned None — see executor log for reason)
2026-03-30 17:56:43  INFO      TradingRunner: Analysing DAX …
2026-03-30 17:56:43  INFO      TradingGraph: Running agents for DAX
2026-03-30 17:56:43  INFO      TradingGraph: Completed 15 agents
2026-03-30 17:56:43  INFO      TradingGraph: Fusing timeframe signals
2026-03-30 17:56:43  INFO      TradingGraph: Fusion: L=-0.463(csns=1.00), M=-0.074(csns=1.00), S=0.050(csns=0.83), align_str=0.000
2026-03-30 17:56:43  INFO      TradingGraph: Aligned [pullback-entry] (bearish) — proceeding [L=-0.463 M=-0.074 S=0.050 breadth=0.013]
2026-03-30 17:56:43  INFO      TradingGraph: Generating trading recipe
2026-03-30 17:56:43  INFO      TradingGraph: Generated recipe: RISKY_SHORT_PULLBACK_ENTRY_DAX
2026-03-30 17:56:43  INFO      TradingGraph: Signal confidence too low: 0.469 < 0.5 (scalp=False)
2026-03-30 17:56:43  INFO      TradingRunner: Analysing UK100 …
2026-03-30 17:56:43  INFO      TradingGraph: Running agents for UK100
2026-03-30 17:56:43  INFO      TradingGraph: Completed 15 agents
2026-03-30 17:56:43  INFO      TradingGraph: Fusing timeframe signals
2026-03-30 17:56:43  INFO      TradingGraph: Fusion: L=0.175(csns=1.00), M=0.043(csns=0.33), S=0.183(csns=0.83), align_str=0.111
2026-03-30 17:56:43  INFO      TradingGraph: Timeframes not aligned — stopping (L=0.175 M=0.043 S=0.183)
2026-03-30 17:56:43  INFO      TradingRunner: Analysing EURJPY …
2026-03-30 17:56:43  INFO      TradingGraph: Running agents for EURJPY
2026-03-30 17:56:43  INFO      TradingGraph: Completed 15 agents
2026-03-30 17:56:43  INFO      TradingGraph: Fusing timeframe signals
2026-03-30 17:56:43  INFO      TradingGraph: Fusion: L=-0.140(csns=1.00), M=-0.898(csns=1.00), S=-0.102(csns=0.80), align_str=0.234
2026-03-30 17:56:43  INFO      TradingGraph: Timeframes not aligned — stopping (L=-0.140 M=-0.898 S=-0.102)
2026-03-30 17:56:43  INFO      TradingRunner: Analysing GBPJPY …
2026-03-30 17:56:43  INFO      TradingGraph: Running agents for GBPJPY
2026-03-30 17:56:43  INFO      TradingGraph: Completed 15 agents
2026-03-30 17:56:43  INFO      TradingGraph: Fusing timeframe signals
2026-03-30 17:56:43  INFO      TradingGraph: Fusion: L=0.170(csns=1.00), M=-0.892(csns=1.00), S=-0.084(csns=0.50), align_str=0.000
2026-03-30 17:56:43  INFO      TradingGraph: Timeframes not aligned — stopping (L=0.170 M=-0.892 S=-0.084)
2026-03-30 17:56:43  INFO      TradingRunner: Analysing AUDJPY …
2026-03-30 17:56:43  INFO      TradingGraph: Running agents for AUDJPY
2026-03-30 17:56:43  INFO      TradingGraph: Completed 15 agents
2026-03-30 17:56:43  INFO      TradingGraph: Fusing timeframe signals
2026-03-30 17:56:43  INFO      TradingGraph: Fusion: L=0.669(csns=1.00), M=-0.368(csns=1.00), S=-0.012(csns=0.40), align_str=0.000
2026-03-30 17:56:43  INFO      TradingGraph: Timeframes not aligned — stopping (L=0.669 M=-0.368 S=-0.012)
2026-03-30 17:56:43  INFO      TradingRunner: Analysing EURGBP …
2026-03-30 17:56:43  INFO      TradingGraph: Running agents for EURGBP
2026-03-30 17:56:43  INFO      TradingGraph: Completed 15 agents
2026-03-30 17:56:43  INFO      TradingGraph: Fusing timeframe signals
2026-03-30 17:56:43  INFO      TradingGraph: Fusion: L=-0.113(csns=1.00), M=0.328(csns=1.00), S=0.024(csns=0.75), align_str=0.000
2026-03-30 17:56:43  INFO      TradingGraph: Timeframes not aligned — stopping (L=-0.113 M=0.328 S=0.024)
2026-03-30 17:56:43  INFO      TradingRunner: Analysing EURCHF …
2026-03-30 17:56:43  INFO      TradingGraph: Running agents for EURCHF
2026-03-30 17:56:43  INFO      TradingGraph: Completed 15 agents
2026-03-30 17:56:43  INFO      TradingGraph: Fusing timeframe signals
2026-03-30 17:56:43  INFO      TradingGraph: Fusion: L=-0.422(csns=1.00), M=0.523(csns=1.00), S=-0.068(csns=0.43), align_str=0.000
2026-03-30 17:56:43  INFO      TradingGraph: Timeframes not aligned — stopping (L=-0.422 M=0.523 S=-0.068)
2026-03-30 17:56:43  INFO      TradingRunner: Analysing CHFJPY …
2026-03-30 17:56:43  INFO      TradingGraph: Running agents for CHFJPY
2026-03-30 17:56:43  INFO      TradingGraph: Completed 15 agents
2026-03-30 17:56:43  INFO      TradingGraph: Fusing timeframe signals
2026-03-30 17:56:43  INFO      TradingGraph: Fusion: L=0.304(csns=0.50), M=-0.418(csns=1.00), S=-0.280(csns=0.83), align_str=0.000
2026-03-30 17:56:43  INFO      TradingGraph: Timeframes not aligned — stopping (L=0.304 M=-0.418 S=-0.280)
2026-03-30 17:56:43  INFO      TradingRunner: Analysing XAGUSD …
2026-03-30 17:56:43  INFO      TradingGraph: Running agents for XAGUSD
2026-03-30 17:56:43  INFO      TradingGraph: Completed 15 agents
2026-03-30 17:56:43  INFO      TradingGraph: Fusing timeframe signals
2026-03-30 17:56:43  INFO      TradingGraph: Fusion: L=-0.054(csns=1.00), M=0.107(csns=1.00), S=0.086(csns=0.67), align_str=0.000
2026-03-30 17:56:43  INFO      TradingGraph: Timeframes not aligned — stopping (L=-0.054 M=0.107 S=0.086)
2026-03-30 17:56:44  INFO      TrailingStopManager: Structural update BUY USDCHF #56000123753: SL 0.79160->0.79359  TP 0.81268->0.81268  (live=0.80000 atr=0.00106)
2026-03-30 17:56:44  INFO      MT5Executor: SL/TP modified for position 56000123753: SL=0.79359  TP=0.81268
2026-03-30 17:56:44  INFO      TradingRunner: PnL — unrealized: -0.11  realized today: +0.00  total: -0.11
2026-03-30 17:56:44  INFO      LLMSentimentAgent: LLMSentimentAgent executor shut down
2026-03-30 17:56:44  INFO      MT5Executor: MT5 connection closed
2026-03-30 17:58:48  INFO      MT5Executor: Using mt5linux backend → localhost:18812
2026-03-30 17:58:48  INFO      MT5Executor: Connected to MT5: 5048478471 on MetaQuotes-Demo | balance=138.82 | trade_allowed=True
2026-03-30 17:58:48  INFO      root: Registered agent: RegimeAgent
2026-03-30 17:58:48  INFO      root: Registered agent: TrendAgent
2026-03-30 17:58:48  INFO      root: Registered agent: MomentumAgent
2026-03-30 17:58:48  INFO      root: Registered agent: MeanReversionAgent
2026-03-30 17:58:48  INFO      root: Registered agent: VolatilityAgent
2026-03-30 17:58:48  INFO      root: Registered agent: BreadthAgent
2026-03-30 17:58:48  INFO      root: Registered agent: PatternAgent
2026-03-30 17:58:48  INFO      root: Registered agent: IntermarketAgent
2026-03-30 17:58:48  INFO      root: Registered agent: SessionBreakoutAgent
2026-03-30 17:58:48  INFO      root: Registered agent: DivergenceAgent
2026-03-30 17:58:48  INFO      root: Registered agent: ScalpingAgent
2026-03-30 17:58:48  INFO      root: Registered agent: VwapScalpAgent
2026-03-30 17:58:48  INFO      root: Registered agent: SqueezeBreakoutAgent
2026-03-30 17:58:48  INFO      root: Registered agent: OrderFlowAgent
2026-03-30 17:58:48  INFO      root: Registered agent: CorrelationAgent
2026-03-30 17:58:49  INFO      TradingRunner: [State] Restored: daily_trades=2, cooldowns=2, sod_balance=138.82
2026-03-30 17:58:49  INFO      TradingRunner: TradingRunner started — symbols: ['EURUSD', 'GBPUSD', 'USDJPY', 'USDCHF', 'AUDUSD', 'USDCAD', 'NZDUSD', 'US30', 'US500', 'USTEC', 'DAX', 'UK100', 'EURJPY', 'GBPJPY', 'AUDJPY', 'EURGBP', 'EURCHF', 'CHFJPY', 'XAGUSD'] | profile: risky | signal: 300s | surveillance: 60s
2026-03-30 17:58:49  INFO      numexpr.utils: Note: NumExpr detected 12 cores but "NUMEXPR_MAX_THREADS" not set, so enforcing safe limit of 8.
2026-03-30 17:58:49  INFO      numexpr.utils: NumExpr defaulting to 8 threads.
2026-03-30 17:58:51  INFO      TradingGraph: Running agents for USDCHF
2026-03-30 17:58:51  INFO      TradingGraph: Completed 15 agents
2026-03-30 17:58:51  INFO      TradingGraph: Fusing timeframe signals
2026-03-30 17:58:51  INFO      TradingGraph: Fusion: L=0.571(csns=1.00), M=0.329(csns=0.75), S=0.233(csns=0.83), align_str=0.352
2026-03-30 17:58:52  INFO      TradingGraph: Running agents for USDCAD
2026-03-30 17:58:52  INFO      TradingGraph: Completed 15 agents
2026-03-30 17:58:52  INFO      TradingGraph: Fusing timeframe signals
2026-03-30 17:58:52  INFO      TradingGraph: Fusion: L=0.595(csns=1.00), M=0.365(csns=0.75), S=0.033(csns=0.33), align_str=0.192
2026-03-30 17:58:55  INFO      TradingRunner: Analysing EURUSD …
2026-03-30 17:58:55  INFO      NewsCalendar: [NEWS] Loaded 11 high-impact events (source: ForexFactory)
2026-03-30 17:58:55  INFO      TradingGraph: Running agents for EURUSD
2026-03-30 17:58:55  INFO      TradingGraph: Completed 15 agents
2026-03-30 17:58:55  INFO      TradingGraph: Fusing timeframe signals
2026-03-30 17:58:55  INFO      TradingGraph: Fusion: L=-0.545(csns=1.00), M=-0.662(csns=1.00), S=-0.398(csns=0.83), align_str=0.524
2026-03-30 17:58:55  INFO      TradingGraph: Aligned [full-alignment] (bearish) — proceeding [L=-0.545 M=-0.662 S=-0.398 breadth=0.014]
2026-03-30 17:58:55  INFO      TradingGraph: Generating trading recipe
2026-03-30 17:58:55  INFO      TradingGraph: Generated recipe: RISKY_SHORT_FULL_ALIGNMENT_EURUSD
2026-03-30 17:58:55  INFO      TradingGraph: Correlation guard: 2/2 long_usd positions already open — refusing EURUSD SELL
2026-03-30 17:58:55  INFO      TradingRunner: Analysing GBPUSD …
2026-03-30 17:58:55  INFO      TradingGraph: Running agents for GBPUSD
2026-03-30 17:58:55  INFO      TradingGraph: Completed 15 agents
2026-03-30 17:58:55  INFO      TradingGraph: Fusing timeframe signals
2026-03-30 17:58:55  INFO      TradingGraph: Fusion: L=-0.573(csns=1.00), M=-0.622(csns=1.00), S=-0.303(csns=0.83), align_str=0.476
2026-03-30 17:58:55  INFO      TradingGraph: Aligned [full-alignment] (bearish) — proceeding [L=-0.573 M=-0.622 S=-0.303 breadth=0.014]
2026-03-30 17:58:55  INFO      TradingGraph: Generating trading recipe
2026-03-30 17:58:55  INFO      TradingGraph: Generated recipe: RISKY_SHORT_FULL_ALIGNMENT_GBPUSD
2026-03-30 17:58:55  INFO      TradingGraph: Correlation guard: 2/2 long_usd positions already open — refusing GBPUSD SELL
2026-03-30 17:58:55  INFO      TradingRunner: Analysing USDJPY …
2026-03-30 17:58:55  INFO      TradingGraph: Running agents for USDJPY
2026-03-30 17:58:55  INFO      TradingGraph: Completed 15 agents
2026-03-30 17:58:55  INFO      TradingGraph: Fusing timeframe signals
2026-03-30 17:58:55  INFO      TradingGraph: Fusion: L=0.368(csns=0.67), M=-0.147(csns=1.00), S=0.040(csns=0.60), align_str=0.000
2026-03-30 17:58:55  INFO      TradingGraph: Aligned [pullback-entry] (bullish) — proceeding [L=0.368 M=-0.147 S=0.040 breadth=0.014]
2026-03-30 17:58:55  INFO      TradingGraph: Generating trading recipe
2026-03-30 17:58:55  INFO      TradingGraph: Generated recipe: RISKY_LONG_PULLBACK_ENTRY_USDJPY
2026-03-30 17:58:55  INFO      TradingGraph: Win probability too low: 0.474 < 0.48
2026-03-30 17:58:55  INFO      TradingRunner: Analysing AUDUSD …
2026-03-30 17:58:55  INFO      TradingGraph: Running agents for AUDUSD
2026-03-30 17:58:56  INFO      TradingGraph: Completed 15 agents
2026-03-30 17:58:56  INFO      TradingGraph: Fusing timeframe signals
2026-03-30 17:58:56  INFO      TradingGraph: Fusion: L=-0.061(csns=1.00), M=-0.083(csns=0.75), S=0.026(csns=0.80), align_str=0.000
2026-03-30 17:58:56  INFO      TradingGraph: Timeframes not aligned — stopping (L=-0.061 M=-0.083 S=0.026)
2026-03-30 17:58:56  INFO      TradingRunner: Analysing NZDUSD …
2026-03-30 17:58:56  INFO      TradingGraph: Running agents for NZDUSD
2026-03-30 17:58:56  INFO      TradingGraph: Completed 15 agents
2026-03-30 17:58:56  INFO      TradingGraph: Fusing timeframe signals
2026-03-30 17:58:56  INFO      TradingGraph: Fusion: L=-0.593(csns=1.00), M=-0.348(csns=0.75), S=-0.290(csns=0.83), align_str=0.391
2026-03-30 17:58:56  INFO      TradingGraph: Aligned [full-alignment] (bearish) — proceeding [L=-0.593 M=-0.348 S=-0.290 breadth=0.014]
2026-03-30 17:58:56  INFO      TradingGraph: Generating trading recipe
2026-03-30 17:58:56  INFO      TradingGraph: Generated recipe: RISKY_SHORT_FULL_ALIGNMENT_NZDUSD
2026-03-30 17:58:56  INFO      TradingGraph: Correlation guard: 2/2 long_usd positions already open — refusing NZDUSD SELL
2026-03-30 17:58:56  INFO      TradingRunner: Analysing US30 …
2026-03-30 17:58:56  INFO      TradingGraph: Running agents for US30
2026-03-30 17:58:56  INFO      TradingGraph: Completed 15 agents
2026-03-30 17:58:56  INFO      TradingGraph: Fusing timeframe signals
2026-03-30 17:58:56  INFO      TradingGraph: Fusion: L=-0.262(csns=0.67), M=-0.040(csns=1.00), S=-0.132(csns=0.60), align_str=0.111
2026-03-30 17:58:56  INFO      TradingGraph: Aligned [pullback-entry] (bearish) — proceeding [L=-0.262 M=-0.040 S=-0.132 breadth=0.014]
2026-03-30 17:58:56  INFO      TradingGraph: Generating trading recipe
2026-03-30 17:58:56  INFO      TradingGraph: Generated recipe: RISKY_SHORT_PULLBACK_ENTRY_US30
2026-03-30 17:58:56  INFO      TradingGraph: Risk check passed
2026-03-30 17:58:56  INFO      TradingGraph: Creating trade plan
2026-03-30 17:58:56  INFO      TradingGraph: VIX risk scaling: vix_fear=0.50 → risk ×0.90 (0.25)
2026-03-30 17:58:56  INFO      TradingGraph: Structure SL/TP [US30] entry=45585.50000 sl=46644.74506 (2.98×ATR) tp=44395.40000 (R:R=1.12)
2026-03-30 17:58:56  INFO      TradingGraph: Created trade plan: entry=45585.5000, sl=46644.7500, tp=43996.6300
2026-03-30 17:58:56  INFO      TradingGraph: Executing trade for US30
2026-03-30 17:58:56  WARNING   MT5Executor: US30: trading disabled on this symbol (trade_mode=0 — may be outside market hours or broker restriction). Skipping.
2026-03-30 17:58:56  INFO      TradingGraph: Order not placed for US30 (executor returned None — see executor log for reason)
2026-03-30 17:58:56  INFO      TradingRunner: Analysing US500 …
2026-03-30 17:58:56  INFO      TradingGraph: Running agents for US500
2026-03-30 17:58:56  INFO      TradingGraph: Completed 15 agents
2026-03-30 17:58:56  INFO      TradingGraph: Fusing timeframe signals
2026-03-30 17:58:56  INFO      TradingGraph: Fusion: L=-0.423(csns=1.00), M=-0.172(csns=1.00), S=-0.204(csns=0.67), align_str=0.245
2026-03-30 17:58:56  INFO      TradingGraph: Aligned [full-alignment] (bearish) — proceeding [L=-0.423 M=-0.172 S=-0.204 breadth=0.014]
2026-03-30 17:58:56  INFO      TradingGraph: Generating trading recipe
2026-03-30 17:58:56  INFO      TradingGraph: Generated recipe: RISKY_SHORT_FULL_ALIGNMENT_US500
2026-03-30 17:58:56  INFO      TradingGraph: Risk check passed
2026-03-30 17:58:56  INFO      TradingGraph: Creating trade plan
2026-03-30 17:58:56  INFO      TradingGraph: VIX risk scaling: vix_fear=0.50 → risk ×0.90 (0.25)
2026-03-30 17:58:56  INFO      TradingGraph: SL cap [US500]: 5.01×ATR → 3.5×ATR
2026-03-30 17:58:56  INFO      TradingGraph: Structure SL/TP [US500] entry=6399.70000 sl=6574.33020 (3.50×ATR) tp=6197.29491 (R:R=1.16)
2026-03-30 17:58:56  INFO      TradingGraph: Created trade plan: entry=6399.7000, sl=6574.3300, tp=6137.7500
2026-03-30 17:58:56  INFO      TradingGraph: Executing trade for US500
2026-03-30 17:58:56  WARNING   MT5Executor: US500: trading disabled on this symbol (trade_mode=0 — may be outside market hours or broker restriction). Skipping.
2026-03-30 17:58:56  INFO      TradingGraph: Order not placed for US500 (executor returned None — see executor log for reason)
2026-03-30 17:58:56  INFO      TradingRunner: Analysing USTEC …
2026-03-30 17:58:56  INFO      TradingGraph: Running agents for USTEC
2026-03-30 17:58:57  INFO      TradingGraph: Completed 15 agents
2026-03-30 17:58:57  INFO      TradingGraph: Fusing timeframe signals
2026-03-30 17:58:57  INFO      TradingGraph: Fusion: L=-0.429(csns=1.00), M=-0.211(csns=1.00), S=-0.237(csns=0.67), align_str=0.278
2026-03-30 17:58:57  INFO      TradingGraph: Aligned [full-alignment] (bearish) — proceeding [L=-0.429 M=-0.211 S=-0.237 breadth=0.014]
2026-03-30 17:58:57  INFO      TradingGraph: Generating trading recipe
2026-03-30 17:58:57  INFO      TradingGraph: Generated recipe: RISKY_SHORT_FULL_ALIGNMENT_USTEC
2026-03-30 17:58:57  INFO      TradingGraph: Risk check passed
2026-03-30 17:58:57  INFO      TradingGraph: Creating trade plan
2026-03-30 17:58:57  INFO      TradingGraph: VIX risk scaling: vix_fear=0.47 → risk ×0.93 (0.26)
2026-03-30 17:58:57  INFO      TradingGraph: SL cap [USTEC]: 5.65×ATR → 3.5×ATR
2026-03-30 17:58:57  INFO      TradingGraph: Structure SL/TP [USTEC] entry=23203.70000 sl=23936.47403 (3.50×ATR) tp=22489.50169 (R:R=0.97)
2026-03-30 17:58:57  INFO      TradingGraph: Created trade plan: entry=23203.7000, sl=23936.4700, tp=22104.5400
2026-03-30 17:58:57  INFO      TradingGraph: Executing trade for USTEC
2026-03-30 17:58:57  WARNING   MT5Executor: USTEC: trading disabled on this symbol (trade_mode=0 — may be outside market hours or broker restriction). Skipping.
2026-03-30 17:58:57  INFO      TradingGraph: Order not placed for USTEC (executor returned None — see executor log for reason)
2026-03-30 17:58:57  INFO      TradingRunner: Analysing DAX …
2026-03-30 17:58:57  INFO      TradingGraph: Running agents for DAX
2026-03-30 17:58:57  INFO      TradingGraph: Completed 15 agents
2026-03-30 17:58:57  INFO      TradingGraph: Fusing timeframe signals
2026-03-30 17:58:57  INFO      TradingGraph: Fusion: L=-0.155(csns=1.00), M=-0.074(csns=1.00), S=0.061(csns=0.83), align_str=0.000
2026-03-30 17:58:57  INFO      TradingGraph: Timeframes not aligned — stopping (L=-0.155 M=-0.074 S=0.061)
2026-03-30 17:58:57  INFO      TradingRunner: Analysing UK100 …
2026-03-30 17:58:57  INFO      TradingGraph: Running agents for UK100
2026-03-30 17:58:57  INFO      TradingGraph: Completed 15 agents
2026-03-30 17:58:57  INFO      TradingGraph: Fusing timeframe signals
2026-03-30 17:58:57  INFO      TradingGraph: Fusion: L=0.147(csns=0.67), M=0.632(csns=1.00), S=0.244(csns=0.67), align_str=0.283
2026-03-30 17:58:57  INFO      TradingGraph: Timeframes not aligned — stopping (L=0.147 M=0.632 S=0.244)
2026-03-30 17:58:57  INFO      TradingRunner: Analysing EURJPY …
2026-03-30 17:58:57  INFO      TradingGraph: Running agents for EURJPY
2026-03-30 17:58:57  INFO      TradingGraph: Completed 15 agents
2026-03-30 17:58:57  INFO      TradingGraph: Fusing timeframe signals
2026-03-30 17:58:57  INFO      TradingGraph: Fusion: L=-0.160(csns=1.00), M=-0.897(csns=1.00), S=-0.102(csns=0.80), align_str=0.244
2026-03-30 17:58:57  INFO      TradingGraph: Timeframes not aligned — stopping (L=-0.160 M=-0.897 S=-0.102)
2026-03-30 17:58:57  INFO      TradingRunner: Analysing GBPJPY …
2026-03-30 17:58:57  INFO      TradingGraph: Running agents for GBPJPY
2026-03-30 17:58:57  INFO      TradingGraph: Completed 15 agents
2026-03-30 17:58:57  INFO      TradingGraph: Fusing timeframe signals
2026-03-30 17:58:57  INFO      TradingGraph: Fusion: L=0.041(csns=0.33), M=-0.893(csns=1.00), S=-0.084(csns=0.50), align_str=0.000
2026-03-30 17:58:57  INFO      TradingGraph: Timeframes not aligned — stopping (L=0.041 M=-0.893 S=-0.084)
2026-03-30 17:58:57  INFO      TradingRunner: Analysing AUDJPY …
2026-03-30 17:58:57  INFO      TradingGraph: Running agents for AUDJPY
2026-03-30 17:58:57  INFO      TradingGraph: Completed 15 agents
2026-03-30 17:58:57  INFO      TradingGraph: Fusing timeframe signals
2026-03-30 17:58:57  INFO      TradingGraph: Fusion: L=0.256(csns=0.33), M=-0.368(csns=1.00), S=-0.012(csns=0.40), align_str=0.000
2026-03-30 17:58:57  INFO      TradingGraph: Timeframes not aligned — stopping (L=0.256 M=-0.368 S=-0.012)
2026-03-30 17:58:57  INFO      TradingRunner: Analysing EURGBP …
2026-03-30 17:58:57  INFO      TradingGraph: Running agents for EURGBP
2026-03-30 17:58:58  INFO      TradingGraph: Completed 15 agents
2026-03-30 17:58:58  INFO      TradingGraph: Fusing timeframe signals
2026-03-30 17:58:58  INFO      TradingGraph: Fusion: L=0.003(csns=0.33), M=0.336(csns=1.00), S=0.051(csns=0.75), align_str=0.038
2026-03-30 17:58:58  INFO      TradingGraph: Timeframes not aligned — stopping (L=0.003 M=0.336 S=0.051)
2026-03-30 17:58:58  INFO      TradingRunner: Analysing EURCHF …
2026-03-30 17:58:58  INFO      TradingGraph: Running agents for EURCHF
2026-03-30 17:58:58  INFO      TradingGraph: Completed 15 agents
2026-03-30 17:58:58  INFO      TradingGraph: Fusing timeframe signals
2026-03-30 17:58:58  INFO      TradingGraph: Fusion: L=-0.201(csns=0.67), M=-0.274(csns=1.00), S=-0.273(csns=0.71), align_str=0.247
2026-03-30 17:58:58  INFO      TradingGraph: Aligned [full-alignment] (bearish) — proceeding [L=-0.201 M=-0.274 S=-0.273 breadth=0.014]
2026-03-30 17:58:58  INFO      TradingGraph: Generating trading recipe
2026-03-30 17:58:58  INFO      TradingGraph: Generated recipe: RISKY_SHORT_FULL_ALIGNMENT_EURCHF
2026-03-30 17:58:58  INFO      TradingGraph: Pivot guard: support 0.24×ATR away — rejecting SHORT (buffer=0.5)
2026-03-30 17:58:58  INFO      TradingRunner: Analysing CHFJPY …
2026-03-30 17:58:58  INFO      TradingGraph: Running agents for CHFJPY
2026-03-30 17:58:58  INFO      TradingGraph: Completed 15 agents
2026-03-30 17:58:58  INFO      TradingGraph: Fusing timeframe signals
2026-03-30 17:58:58  INFO      TradingGraph: Fusion: L=0.269(csns=0.67), M=-0.643(csns=1.00), S=-0.021(csns=0.25), align_str=0.000
2026-03-30 17:58:58  INFO      TradingGraph: Timeframes not aligned — stopping (L=0.269 M=-0.643 S=-0.021)
2026-03-30 17:58:58  INFO      TradingRunner: Analysing XAGUSD …
2026-03-30 17:58:58  INFO      TradingGraph: Running agents for XAGUSD
2026-03-30 17:58:58  INFO      TradingGraph: Completed 15 agents
2026-03-30 17:58:58  INFO      TradingGraph: Fusing timeframe signals
2026-03-30 17:58:58  INFO      TradingGraph: Fusion: L=-0.162(csns=0.33), M=0.258(csns=1.00), S=-0.116(csns=0.75), align_str=0.000
2026-03-30 17:58:58  INFO      TradingGraph: Timeframes not aligned — stopping (L=-0.162 M=0.258 S=-0.116)
2026-03-30 17:58:58  INFO      TradingRunner: PnL — unrealized: -0.17  realized today: +0.00  total: -0.17
2026-03-30 17:58:58  INFO      TradingRunner: Signal cycle done in 7.3s — sleeping 293s
2026-03-30 17:59:49  INFO      TradingGraph: Running agents for USDCHF
2026-03-30 17:59:49  INFO      TradingGraph: Completed 15 agents
2026-03-30 17:59:49  INFO      TradingGraph: Fusing timeframe signals
2026-03-30 17:59:49  INFO      TradingGraph: Fusion: L=0.571(csns=1.00), M=0.330(csns=0.75), S=0.234(csns=0.83), align_str=0.353
2026-03-30 17:59:50  INFO      TradingGraph: Running agents for USDCAD
2026-03-30 17:59:50  INFO      TradingGraph: Completed 15 agents
2026-03-30 17:59:50  INFO      TradingGraph: Fusing timeframe signals
2026-03-30 17:59:50  INFO      TradingGraph: Fusion: L=0.595(csns=1.00), M=0.365(csns=0.75), S=0.033(csns=0.33), align_str=0.193
2026-03-30 18:00:21  INFO      TradingRunner: [WATCHDOG] alive | equity=? | cycle=1 | profile=risky
2026-03-30 18:00:21  WARNING   TradingRunner: [WATCHDOG] MT5 connection lost — attempting reconnect
2026-03-30 18:00:21  INFO      TradingRunner: [WATCHDOG] Reconnect attempt 1/5 (waiting 10s)
2026-03-30 18:00:31  INFO      MT5Executor: MT5 connection closed
2026-03-30 18:00:31  INFO      MT5Executor: Using mt5linux backend → localhost:18812
2026-03-30 18:00:31  INFO      MT5Executor: Connected to MT5: 5048478471 on MetaQuotes-Demo | balance=138.82 | trade_allowed=True
2026-03-30 18:00:31  INFO      TradingRunner: [WATCHDOG] MT5 reconnected successfully
2026-03-30 18:00:49  INFO      TradingGraph: Running agents for USDCHF
2026-03-30 18:00:49  INFO      TradingGraph: Completed 15 agents
2026-03-30 18:00:49  INFO      TradingGraph: Fusing timeframe signals
2026-03-30 18:00:49  INFO      TradingGraph: Fusion: L=0.573(csns=1.00), M=0.346(csns=0.67), S=0.098(csns=0.50), align_str=0.269
2026-03-30 18:00:50  INFO      TradingGraph: Running agents for USDCAD
2026-03-30 18:00:50  INFO      TradingGraph: Completed 15 agents
2026-03-30 18:00:50  INFO      TradingGraph: Fusing timeframe signals
2026-03-30 18:00:50  INFO      TradingGraph: Fusion: L=0.594(csns=1.00), M=0.366(csns=0.75), S=0.014(csns=0.17), align_str=0.146
2026-03-30 18:01:50  INFO      TradingGraph: Running agents for USDCHF
2026-03-30 18:01:50  INFO      TradingGraph: Completed 15 agents
2026-03-30 18:01:50  INFO      TradingGraph: Fusing timeframe signals
2026-03-30 18:01:50  INFO      TradingGraph: Fusion: L=0.574(csns=1.00), M=0.350(csns=0.67), S=0.188(csns=1.00), align_str=0.335
2026-03-30 18:01:50  INFO      TradingGraph: Running agents for USDCAD
2026-03-30 18:01:50  INFO      TradingGraph: Completed 15 agents
2026-03-30 18:01:50  INFO      TradingGraph: Fusing timeframe signals
2026-03-30 18:01:50  INFO      TradingGraph: Fusion: L=0.594(csns=1.00), M=0.366(csns=0.75), S=0.014(csns=0.17), align_str=0.146
2026-03-30 18:02:50  INFO      TradingGraph: Running agents for USDCHF
2026-03-30 18:02:50  INFO      TradingGraph: Completed 15 agents
2026-03-30 18:02:50  INFO      TradingGraph: Fusing timeframe signals
2026-03-30 18:02:50  INFO      TradingGraph: Fusion: L=0.574(csns=1.00), M=0.354(csns=0.67), S=0.246(csns=1.00), align_str=0.368
2026-03-30 18:02:50  INFO      TradingGraph: Running agents for USDCAD
2026-03-30 18:02:50  INFO      TradingGraph: Completed 15 agents
2026-03-30 18:02:50  INFO      TradingGraph: Fusing timeframe signals
2026-03-30 18:02:50  INFO      TradingGraph: Fusion: L=0.596(csns=1.00), M=0.380(csns=0.75), S=0.018(csns=0.17), align_str=0.159
2026-03-30 18:03:50  INFO      TradingGraph: Running agents for USDCHF
2026-03-30 18:03:50  INFO      TradingGraph: Completed 15 agents
2026-03-30 18:03:50  INFO      TradingGraph: Fusing timeframe signals
2026-03-30 18:03:50  INFO      TradingGraph: Fusion: L=0.574(csns=1.00), M=0.352(csns=0.67), S=0.238(csns=1.00), align_str=0.364
2026-03-30 18:03:50  INFO      TradingGraph: Running agents for USDCAD
2026-03-30 18:03:50  INFO      TradingGraph: Completed 15 agents
2026-03-30 18:03:50  INFO      TradingGraph: Fusing timeframe signals
2026-03-30 18:03:50  INFO      TradingGraph: Fusion: L=0.595(csns=1.00), M=0.373(csns=0.75), S=0.014(csns=0.17), align_str=0.145
2026-03-30 18:03:59  INFO      TradingRunner: Analysing EURUSD …
2026-03-30 18:03:59  INFO      TradingGraph: Running agents for EURUSD
2026-03-30 18:03:59  INFO      TradingGraph: Completed 15 agents
2026-03-30 18:03:59  INFO      TradingGraph: Fusing timeframe signals
2026-03-30 18:03:59  INFO      TradingGraph: Fusion: L=-0.547(csns=1.00), M=-0.685(csns=1.00), S=-0.374(csns=0.83), align_str=0.519
2026-03-30 18:03:59  INFO      TradingGraph: Aligned [full-alignment] (bearish) — proceeding [L=-0.547 M=-0.685 S=-0.374 breadth=0.014]
2026-03-30 18:03:59  INFO      TradingGraph: Generating trading recipe
2026-03-30 18:03:59  INFO      TradingGraph: Generated recipe: RISKY_SHORT_FULL_ALIGNMENT_EURUSD
2026-03-30 18:03:59  INFO      TradingGraph: Correlation guard: 2/2 long_usd positions already open — refusing EURUSD SELL
2026-03-30 18:03:59  INFO      TradingRunner: Analysing GBPUSD …
2026-03-30 18:03:59  INFO      TradingGraph: Running agents for GBPUSD
2026-03-30 18:03:59  INFO      TradingGraph: Completed 15 agents
2026-03-30 18:03:59  INFO      TradingGraph: Fusing timeframe signals
2026-03-30 18:03:59  INFO      TradingGraph: Fusion: L=-0.575(csns=1.00), M=-0.644(csns=1.00), S=-0.228(csns=0.83), align_str=0.439
2026-03-30 18:03:59  INFO      TradingGraph: Aligned [full-alignment] (bearish) — proceeding [L=-0.575 M=-0.644 S=-0.228 breadth=0.014]
2026-03-30 18:03:59  INFO      TradingGraph: Generating trading recipe
2026-03-30 18:03:59  INFO      TradingGraph: Generated recipe: RISKY_SHORT_FULL_ALIGNMENT_GBPUSD
2026-03-30 18:03:59  INFO      TradingGraph: Correlation guard: 2/2 long_usd positions already open — refusing GBPUSD SELL
2026-03-30 18:03:59  INFO      TradingRunner: Analysing USDJPY …
2026-03-30 18:03:59  INFO      TradingGraph: Running agents for USDJPY
2026-03-30 18:04:00  INFO      TradingGraph: Completed 15 agents
2026-03-30 18:04:00  INFO      TradingGraph: Fusing timeframe signals
2026-03-30 18:04:00  INFO      TradingGraph: Fusion: L=0.367(csns=0.67), M=-0.166(csns=1.00), S=-0.073(csns=0.67), align_str=0.000
2026-03-30 18:04:00  INFO      TradingGraph: Timeframes not aligned — stopping (L=0.367 M=-0.166 S=-0.073)
2026-03-30 18:04:00  INFO      TradingRunner: Analysing AUDUSD …
2026-03-30 18:04:00  INFO      TradingGraph: Running agents for AUDUSD
2026-03-30 18:04:00  INFO      TradingGraph: Completed 15 agents
2026-03-30 18:04:00  INFO      TradingGraph: Fusing timeframe signals
2026-03-30 18:04:00  INFO      TradingGraph: Fusion: L=-0.063(csns=1.00), M=-0.118(csns=0.75), S=0.060(csns=0.80), align_str=0.000
2026-03-30 18:04:00  INFO      TradingGraph: Timeframes not aligned — stopping (L=-0.063 M=-0.118 S=0.060)
2026-03-30 18:04:00  INFO      TradingRunner: Analysing NZDUSD …
2026-03-30 18:04:00  INFO      TradingGraph: Running agents for NZDUSD
2026-03-30 18:04:00  INFO      TradingGraph: Completed 15 agents
2026-03-30 18:04:00  INFO      TradingGraph: Fusing timeframe signals
2026-03-30 18:04:00  INFO      TradingGraph: Fusion: L=-0.594(csns=1.00), M=-0.372(csns=0.75), S=-0.048(csns=0.33), align_str=0.220
2026-03-30 18:04:00  INFO      TradingGraph: Aligned [pullback-entry] (bearish) — proceeding [L=-0.594 M=-0.372 S=-0.048 breadth=0.014]
2026-03-30 18:04:00  INFO      TradingGraph: Generating trading recipe
2026-03-30 18:04:00  INFO      TradingGraph: Generated recipe: RISKY_SHORT_PULLBACK_ENTRY_NZDUSD
2026-03-30 18:04:00  INFO      TradingGraph: Correlation guard: 2/2 long_usd positions already open — refusing NZDUSD SELL
2026-03-30 18:04:00  INFO      TradingRunner: Analysing US30 …
2026-03-30 18:04:00  INFO      TradingGraph: Running agents for US30
2026-03-30 18:04:00  INFO      TradingGraph: Completed 15 agents
2026-03-30 18:04:00  INFO      TradingGraph: Fusing timeframe signals
2026-03-30 18:04:00  INFO      TradingGraph: Fusion: L=-0.270(csns=0.67), M=-0.096(csns=1.00), S=-0.093(csns=0.67), align_str=0.134
2026-03-30 18:04:00  INFO      TradingGraph: Aligned [pullback-entry] (bearish) — proceeding [L=-0.270 M=-0.096 S=-0.093 breadth=0.014]
2026-03-30 18:04:00  INFO      TradingGraph: Generating trading recipe
2026-03-30 18:04:00  INFO      TradingGraph: Generated recipe: RISKY_SHORT_PULLBACK_ENTRY_US30
2026-03-30 18:04:00  INFO      TradingGraph: Risk check passed
2026-03-30 18:04:00  INFO      TradingGraph: Creating trade plan
2026-03-30 18:04:00  INFO      TradingGraph: VIX risk scaling: vix_fear=0.50 → risk ×0.90 (0.25)
2026-03-30 18:04:00  INFO      TradingGraph: Structure SL/TP [US30] entry=45472.50000 sl=46644.74506 (3.29×ATR) tp=44395.40000 (R:R=0.92)
2026-03-30 18:04:00  INFO      TradingGraph: Created trade plan: entry=45472.5000, sl=46644.7500, tp=43714.1300
2026-03-30 18:04:00  INFO      TradingGraph: Executing trade for US30
2026-03-30 18:04:00  WARNING   MT5Executor: US30: trading disabled on this symbol (trade_mode=0 — may be outside market hours or broker restriction). Skipping.
2026-03-30 18:04:00  INFO      TradingGraph: Order not placed for US30 (executor returned None — see executor log for reason)
2026-03-30 18:04:00  INFO      TradingRunner: Analysing US500 …
2026-03-30 18:04:00  INFO      TradingGraph: Running agents for US500
2026-03-30 18:04:00  INFO      TradingGraph: Completed 15 agents
2026-03-30 18:04:00  INFO      TradingGraph: Fusing timeframe signals
2026-03-30 18:04:00  INFO      TradingGraph: Fusion: L=-0.429(csns=1.00), M=-0.208(csns=1.00), S=-0.251(csns=0.83), align_str=0.282
2026-03-30 18:04:00  INFO      TradingGraph: Aligned [full-alignment] (bearish) — proceeding [L=-0.429 M=-0.208 S=-0.251 breadth=0.014]
2026-03-30 18:04:00  INFO      TradingGraph: Generating trading recipe
2026-03-30 18:04:00  INFO      TradingGraph: Generated recipe: RISKY_SHORT_FULL_ALIGNMENT_US500
2026-03-30 18:04:00  INFO      TradingGraph: Risk check passed
2026-03-30 18:04:00  INFO      TradingGraph: Creating trade plan
2026-03-30 18:04:00  INFO      TradingGraph: VIX risk scaling: vix_fear=0.50 → risk ×0.90 (0.25)
2026-03-30 18:04:00  INFO      TradingGraph: SL cap [US500]: 5.29×ATR → 3.5×ATR
2026-03-30 18:04:00  INFO      TradingGraph: Structure SL/TP [US500] entry=6385.40000 sl=6560.03020 (3.50×ATR) tp=6203.41197 (R:R=1.04)
2026-03-30 18:04:00  INFO      TradingGraph: Created trade plan: entry=6385.4000, sl=6560.0300, tp=6123.4500
2026-03-30 18:04:00  INFO      TradingGraph: Executing trade for US500
2026-03-30 18:04:00  WARNING   MT5Executor: US500: trading disabled on this symbol (trade_mode=0 — may be outside market hours or broker restriction). Skipping.
2026-03-30 18:04:00  INFO      TradingGraph: Order not placed for US500 (executor returned None — see executor log for reason)
2026-03-30 18:04:00  INFO      TradingRunner: Analysing USTEC …
2026-03-30 18:04:00  INFO      TradingGraph: Running agents for USTEC
2026-03-30 18:04:01  INFO      TradingGraph: Completed 15 agents
2026-03-30 18:04:01  INFO      TradingGraph: Fusing timeframe signals
2026-03-30 18:04:01  INFO      TradingGraph: Fusion: L=-0.435(csns=1.00), M=-0.232(csns=1.00), S=-0.375(csns=1.00), align_str=0.336
2026-03-30 18:04:01  INFO      TradingGraph: Aligned [full-alignment] (bearish) — proceeding [L=-0.435 M=-0.232 S=-0.375 breadth=0.014]
2026-03-30 18:04:01  INFO      TradingGraph: Generating trading recipe
2026-03-30 18:04:01  INFO      TradingGraph: Generated recipe: RISKY_SHORT_FULL_ALIGNMENT_USTEC
2026-03-30 18:04:01  INFO      TradingGraph: Risk check passed
2026-03-30 18:04:01  INFO      TradingGraph: Creating trade plan
2026-03-30 18:04:01  INFO      TradingGraph: VIX risk scaling: vix_fear=0.47 → risk ×0.93 (0.26)
2026-03-30 18:04:01  INFO      TradingGraph: SL cap [USTEC]: 5.94×ATR → 3.5×ATR
2026-03-30 18:04:01  INFO      TradingGraph: Structure SL/TP [USTEC] entry=23143.20000 sl=23875.97403 (3.50×ATR) tp=22499.35930 (R:R=0.88)
2026-03-30 18:04:01  INFO      TradingGraph: Created trade plan: entry=23143.2000, sl=23875.9700, tp=22044.0400
2026-03-30 18:04:01  INFO      TradingGraph: Executing trade for USTEC
2026-03-30 18:04:01  WARNING   MT5Executor: USTEC: trading disabled on this symbol (trade_mode=0 — may be outside market hours or broker restriction). Skipping.
2026-03-30 18:04:01  INFO      TradingGraph: Order not placed for USTEC (executor returned None — see executor log for reason)
2026-03-30 18:04:01  INFO      TradingRunner: Analysing DAX …
2026-03-30 18:04:01  INFO      TradingGraph: Running agents for DAX
2026-03-30 18:04:01  INFO      TradingGraph: Completed 15 agents
2026-03-30 18:04:01  INFO      TradingGraph: Fusing timeframe signals
2026-03-30 18:04:01  INFO      TradingGraph: Fusion: L=-0.156(csns=1.00), M=-0.077(csns=1.00), S=0.082(csns=0.83), align_str=0.000
2026-03-30 18:04:01  INFO      TradingGraph: Timeframes not aligned — stopping (L=-0.156 M=-0.077 S=0.082)
2026-03-30 18:04:01  INFO      TradingRunner: Analysing UK100 …
2026-03-30 18:04:01  INFO      TradingGraph: Running agents for UK100
2026-03-30 18:04:01  INFO      TradingGraph: Completed 15 agents
2026-03-30 18:04:01  INFO      TradingGraph: Fusing timeframe signals
2026-03-30 18:04:01  INFO      TradingGraph: Fusion: L=0.144(csns=0.67), M=0.597(csns=1.00), S=0.278(csns=0.67), align_str=0.288
2026-03-30 18:04:01  INFO      TradingGraph: Timeframes not aligned — stopping (L=0.144 M=0.597 S=0.278)
2026-03-30 18:04:01  INFO      TradingRunner: Analysing EURJPY …
2026-03-30 18:04:01  INFO      TradingGraph: Running agents for EURJPY
2026-03-30 18:04:01  INFO      TradingGraph: Completed 15 agents
2026-03-30 18:04:01  INFO      TradingGraph: Fusing timeframe signals
2026-03-30 18:04:01  INFO      TradingGraph: Fusion: L=-0.162(csns=1.00), M=-0.907(csns=1.00), S=-0.098(csns=0.80), align_str=0.243
2026-03-30 18:04:01  INFO      TradingGraph: Timeframes not aligned — stopping (L=-0.162 M=-0.907 S=-0.098)
2026-03-30 18:04:01  INFO      TradingRunner: Analysing GBPJPY …
2026-03-30 18:04:01  INFO      TradingGraph: Running agents for GBPJPY
2026-03-30 18:04:01  INFO      TradingGraph: Completed 15 agents
2026-03-30 18:04:01  INFO      TradingGraph: Fusing timeframe signals
2026-03-30 18:04:01  INFO      TradingGraph: Fusion: L=0.040(csns=0.33), M=-0.903(csns=1.00), S=-0.054(csns=0.67), align_str=0.000
2026-03-30 18:04:01  INFO      TradingGraph: Timeframes not aligned — stopping (L=0.040 M=-0.903 S=-0.054)
2026-03-30 18:04:01  INFO      TradingRunner: Analysing AUDJPY …
2026-03-30 18:04:01  INFO      TradingGraph: Running agents for AUDJPY
2026-03-30 18:04:01  INFO      TradingGraph: Completed 15 agents
2026-03-30 18:04:02  INFO      TradingGraph: Fusing timeframe signals
2026-03-30 18:04:02  INFO      TradingGraph: Fusion: L=0.256(csns=0.33), M=-0.414(csns=1.00), S=0.003(csns=0.75), align_str=0.000
2026-03-30 18:04:02  INFO      TradingGraph: Timeframes not aligned — stopping (L=0.256 M=-0.414 S=0.003)
2026-03-30 18:04:02  INFO      TradingRunner: Analysing EURGBP …
2026-03-30 18:04:02  INFO      TradingGraph: Running agents for EURGBP
2026-03-30 18:04:02  INFO      TradingGraph: Completed 15 agents
2026-03-30 18:04:02  INFO      TradingGraph: Fusing timeframe signals
2026-03-30 18:04:02  INFO      TradingGraph: Fusion: L=0.004(csns=0.33), M=0.339(csns=1.00), S=-0.107(csns=0.80), align_str=0.000
2026-03-30 18:04:02  INFO      TradingGraph: Timeframes not aligned — stopping (L=0.004 M=0.339 S=-0.107)
2026-03-30 18:04:02  INFO      TradingRunner: Analysing EURCHF …
2026-03-30 18:04:02  INFO      TradingGraph: Running agents for EURCHF
2026-03-30 18:04:02  INFO      TradingGraph: Completed 15 agents
2026-03-30 18:04:02  INFO      TradingGraph: Fusing timeframe signals
2026-03-30 18:04:02  INFO      TradingGraph: Fusion: L=-0.201(csns=0.67), M=-0.273(csns=1.00), S=-0.273(csns=0.71), align_str=0.247
2026-03-30 18:04:02  INFO      TradingGraph: Aligned [full-alignment] (bearish) — proceeding [L=-0.201 M=-0.273 S=-0.273 breadth=0.014]
2026-03-30 18:04:02  INFO      TradingGraph: Generating trading recipe
2026-03-30 18:04:02  INFO      TradingGraph: Generated recipe: RISKY_SHORT_FULL_ALIGNMENT_EURCHF
2026-03-30 18:04:02  INFO      TradingGraph: Pivot guard: support 0.24×ATR away — rejecting SHORT (buffer=0.5)
2026-03-30 18:04:02  INFO      TradingRunner: Analysing CHFJPY …
2026-03-30 18:04:02  INFO      TradingGraph: Running agents for CHFJPY
2026-03-30 18:04:02  INFO      TradingGraph: Completed 15 agents
2026-03-30 18:04:02  INFO      TradingGraph: Fusing timeframe signals
2026-03-30 18:04:02  INFO      TradingGraph: Fusion: L=0.269(csns=0.67), M=-0.684(csns=1.00), S=-0.162(csns=0.80), align_str=0.000
2026-03-30 18:04:02  INFO      TradingGraph: Timeframes not aligned — stopping (L=0.269 M=-0.684 S=-0.162)
2026-03-30 18:04:02  INFO      TradingRunner: Analysing XAGUSD …
2026-03-30 18:04:02  INFO      TradingGraph: Running agents for XAGUSD
2026-03-30 18:04:02  INFO      TradingGraph: Completed 15 agents
2026-03-30 18:04:02  INFO      TradingGraph: Fusing timeframe signals
2026-03-30 18:04:02  INFO      TradingGraph: Fusion: L=-0.184(csns=0.50), M=0.213(csns=1.00), S=0.027(csns=0.50), align_str=0.000
2026-03-30 18:04:02  INFO      TradingGraph: Timeframes not aligned — stopping (L=-0.184 M=0.213 S=0.027)
2026-03-30 18:04:02  INFO      TradingRunner: PnL — unrealized: +0.12  realized today: +0.00  total: +0.12
2026-03-30 18:04:02  INFO      TradingRunner: Signal cycle done in 11.4s — sleeping 289s
2026-03-30 18:04:50  INFO      TradingGraph: Running agents for USDCHF
2026-03-30 18:04:50  INFO      TradingGraph: Completed 15 agents
2026-03-30 18:04:50  INFO      TradingGraph: Fusing timeframe signals
2026-03-30 18:04:50  INFO      TradingGraph: Fusion: L=0.574(csns=1.00), M=0.350(csns=0.67), S=0.204(csns=1.00), align_str=0.345
2026-03-30 18:04:50  INFO      TradingGraph: Running agents for USDCAD
2026-03-30 18:04:50  INFO      TradingGraph: Completed 15 agents
2026-03-30 18:04:50  INFO      TradingGraph: Fusing timeframe signals
2026-03-30 18:04:50  INFO      TradingGraph: Fusion: L=0.595(csns=1.00), M=0.373(csns=0.75), S=0.014(csns=0.17), align_str=0.146
2026-03-30 18:05:50  INFO      TradingGraph: Running agents for USDCHF
2026-03-30 18:05:50  INFO      TradingGraph: Completed 15 agents
2026-03-30 18:05:50  INFO      TradingGraph: Fusing timeframe signals
2026-03-30 18:05:50  INFO      TradingGraph: Fusion: L=0.572(csns=1.00), M=0.323(csns=0.67), S=0.054(csns=0.33), align_str=0.215
2026-03-30 18:05:50  INFO      TradingGraph: Running agents for USDCAD
2026-03-30 18:05:51  INFO      TradingGraph: Completed 15 agents
2026-03-30 18:05:51  INFO      TradingGraph: Fusing timeframe signals
2026-03-30 18:05:51  INFO      TradingGraph: Fusion: L=0.593(csns=1.00), M=0.360(csns=0.75), S=0.027(csns=0.33), align_str=0.180
2026-03-30 18:06:50  INFO      TradingGraph: Running agents for USDCHF
2026-03-30 18:06:50  INFO      TradingGraph: Completed 15 agents
2026-03-30 18:06:50  INFO      TradingGraph: Fusing timeframe signals
2026-03-30 18:06:50  INFO      TradingGraph: Fusion: L=0.572(csns=1.00), M=0.329(csns=0.75), S=0.049(csns=0.33), align_str=0.210
2026-03-30 18:06:50  INFO      TradingGraph: Running agents for USDCAD
2026-03-30 18:06:50  INFO      TradingGraph: Completed 15 agents
2026-03-30 18:06:50  INFO      TradingGraph: Fusing timeframe signals
2026-03-30 18:06:50  INFO      TradingGraph: Fusion: L=0.593(csns=1.00), M=0.358(csns=0.75), S=0.026(csns=0.33), align_str=0.177
2026-03-30 18:07:50  INFO      TradingGraph: Running agents for USDCHF
2026-03-30 18:07:50  INFO      TradingGraph: Completed 15 agents
2026-03-30 18:07:50  INFO      TradingGraph: Fusing timeframe signals
2026-03-30 18:07:50  INFO      TradingGraph: Fusion: L=0.572(csns=1.00), M=0.329(csns=0.75), S=0.050(csns=0.33), align_str=0.210
2026-03-30 18:07:51  INFO      TradingGraph: Running agents for USDCAD
2026-03-30 18:07:51  INFO      TradingGraph: Completed 15 agents
2026-03-30 18:07:51  INFO      TradingGraph: Fusing timeframe signals
2026-03-30 18:07:51  INFO      TradingGraph: Fusion: L=0.596(csns=1.00), M=0.374(csns=0.75), S=0.013(csns=0.17), align_str=0.143
2026-03-30 18:08:50  INFO      TradingGraph: Running agents for USDCHF
2026-03-30 18:08:50  INFO      TradingGraph: Completed 15 agents
2026-03-30 18:08:50  INFO      TradingGraph: Fusing timeframe signals
2026-03-30 18:08:50  INFO      TradingGraph: Fusion: L=0.572(csns=1.00), M=0.340(csns=0.67), S=0.066(csns=0.33), align_str=0.234
2026-03-30 18:08:50  INFO      TradingGraph: Running agents for USDCAD
2026-03-30 18:08:50  INFO      TradingGraph: Completed 15 agents
2026-03-30 18:08:50  INFO      TradingGraph: Fusing timeframe signals
2026-03-30 18:08:50  INFO      TradingGraph: Fusion: L=0.597(csns=1.00), M=0.387(csns=0.75), S=0.016(csns=0.25), align_str=0.154
2026-03-30 18:08:58  INFO      TradingRunner: Analysing EURUSD …
2026-03-30 18:08:58  INFO      TradingGraph: Running agents for EURUSD
2026-03-30 18:08:58  INFO      TradingGraph: Completed 15 agents
2026-03-30 18:08:58  INFO      TradingGraph: Fusing timeframe signals
2026-03-30 18:08:58  INFO      TradingGraph: Fusion: L=-0.547(csns=1.00), M=-0.681(csns=1.00), S=-0.375(csns=0.83), align_str=0.519
2026-03-30 18:08:58  INFO      TradingGraph: Aligned [full-alignment] (bearish) — proceeding [L=-0.547 M=-0.681 S=-0.375 breadth=0.014]
2026-03-30 18:08:58  INFO      TradingGraph: Generating trading recipe
2026-03-30 18:08:58  INFO      TradingGraph: Generated recipe: RISKY_SHORT_FULL_ALIGNMENT_EURUSD
2026-03-30 18:08:58  INFO      TradingGraph: Correlation guard: 2/2 long_usd positions already open — refusing EURUSD SELL
2026-03-30 18:08:58  INFO      TradingRunner: Analysing GBPUSD …
2026-03-30 18:08:58  INFO      TradingGraph: Running agents for GBPUSD
2026-03-30 18:08:58  INFO      TradingGraph: Completed 15 agents
2026-03-30 18:08:58  INFO      TradingGraph: Fusing timeframe signals
2026-03-30 18:08:58  INFO      TradingGraph: Fusion: L=-0.576(csns=1.00), M=-0.648(csns=1.00), S=-0.240(csns=0.83), align_str=0.447
2026-03-30 18:08:58  INFO      TradingGraph: Aligned [full-alignment] (bearish) — proceeding [L=-0.576 M=-0.648 S=-0.240 breadth=0.014]
2026-03-30 18:08:58  INFO      TradingGraph: Generating trading recipe
2026-03-30 18:08:58  INFO      TradingGraph: Generated recipe: RISKY_SHORT_FULL_ALIGNMENT_GBPUSD
2026-03-30 18:08:58  INFO      TradingGraph: Correlation guard: 2/2 long_usd positions already open — refusing GBPUSD SELL
2026-03-30 18:08:58  INFO      TradingRunner: Analysing USDJPY …
2026-03-30 18:08:58  INFO      TradingGraph: Running agents for USDJPY
2026-03-30 18:08:58  INFO      TradingGraph: Completed 15 agents
2026-03-30 18:08:58  INFO      TradingGraph: Fusing timeframe signals
2026-03-30 18:08:58  INFO      TradingGraph: Fusion: L=0.368(csns=0.67), M=-0.167(csns=1.00), S=-0.077(csns=0.67), align_str=0.000
2026-03-30 18:08:58  INFO      TradingGraph: Timeframes not aligned — stopping (L=0.368 M=-0.167 S=-0.077)
2026-03-30 18:08:58  INFO      TradingRunner: Analysing AUDUSD …
2026-03-30 18:08:58  INFO      TradingGraph: Running agents for AUDUSD
2026-03-30 18:08:59  INFO      TradingGraph: Completed 15 agents
2026-03-30 18:08:59  INFO      TradingGraph: Fusing timeframe signals
2026-03-30 18:08:59  INFO      TradingGraph: Fusion: L=-0.062(csns=1.00), M=-0.120(csns=0.75), S=0.060(csns=0.80), align_str=0.000
2026-03-30 18:08:59  INFO      TradingGraph: Timeframes not aligned — stopping (L=-0.062 M=-0.120 S=0.060)
2026-03-30 18:08:59  INFO      TradingRunner: Analysing NZDUSD …
2026-03-30 18:08:59  INFO      TradingGraph: Running agents for NZDUSD
2026-03-30 18:08:59  INFO      TradingGraph: Completed 15 agents
2026-03-30 18:08:59  INFO      TradingGraph: Fusing timeframe signals
2026-03-30 18:08:59  INFO      TradingGraph: Fusion: L=-0.594(csns=1.00), M=-0.367(csns=0.75), S=-0.050(csns=0.33), align_str=0.222
2026-03-30 18:08:59  INFO      TradingGraph: Aligned [pullback-entry] (bearish) — proceeding [L=-0.594 M=-0.367 S=-0.050 breadth=0.014]
2026-03-30 18:08:59  INFO      TradingGraph: Generating trading recipe
2026-03-30 18:08:59  INFO      TradingGraph: Generated recipe: RISKY_SHORT_PULLBACK_ENTRY_NZDUSD
2026-03-30 18:08:59  INFO      TradingGraph: Correlation guard: 2/2 long_usd positions already open — refusing NZDUSD SELL
2026-03-30 18:08:59  INFO      TradingRunner: Analysing US30 …
2026-03-30 18:08:59  INFO      TradingGraph: Running agents for US30
2026-03-30 18:08:59  INFO      TradingGraph: Completed 15 agents
2026-03-30 18:08:59  INFO      TradingGraph: Fusing timeframe signals
2026-03-30 18:08:59  INFO      TradingGraph: Fusion: L=-0.269(csns=0.67), M=-0.094(csns=1.00), S=-0.084(csns=0.67), align_str=0.129
2026-03-30 18:08:59  INFO      TradingGraph: Aligned [pullback-entry] (bearish) — proceeding [L=-0.269 M=-0.094 S=-0.084 breadth=0.014]
2026-03-30 18:08:59  INFO      TradingGraph: Generating trading recipe
2026-03-30 18:08:59  INFO      TradingGraph: Generated recipe: RISKY_SHORT_PULLBACK_ENTRY_US30
2026-03-30 18:08:59  INFO      TradingGraph: Risk check passed
2026-03-30 18:08:59  INFO      TradingGraph: Creating trade plan
2026-03-30 18:08:59  INFO      TradingGraph: VIX risk scaling: vix_fear=0.49 → risk ×0.91 (0.25)
2026-03-30 18:08:59  INFO      TradingGraph: Structure SL/TP [US30] entry=45484.40000 sl=46644.74506 (3.26×ATR) tp=44395.40000 (R:R=0.94)
2026-03-30 18:08:59  INFO      TradingGraph: Created trade plan: entry=45484.4000, sl=46644.7500, tp=43743.8800
2026-03-30 18:08:59  INFO      TradingGraph: Executing trade for US30
2026-03-30 18:08:59  WARNING   MT5Executor: US30: trading disabled on this symbol (trade_mode=0 — may be outside market hours or broker restriction). Skipping.
2026-03-30 18:08:59  INFO      TradingGraph: Order not placed for US30 (executor returned None — see executor log for reason)
2026-03-30 18:08:59  INFO      TradingRunner: Analysing US500 …
2026-03-30 18:08:59  INFO      TradingGraph: Running agents for US500
2026-03-30 18:08:59  INFO      TradingGraph: Completed 15 agents
2026-03-30 18:08:59  INFO      TradingGraph: Fusing timeframe signals
2026-03-30 18:08:59  INFO      TradingGraph: Fusion: L=-0.429(csns=1.00), M=-0.209(csns=1.00), S=-0.254(csns=0.83), align_str=0.283
2026-03-30 18:08:59  INFO      TradingGraph: Aligned [full-alignment] (bearish) — proceeding [L=-0.429 M=-0.209 S=-0.254 breadth=0.014]
2026-03-30 18:08:59  INFO      TradingGraph: Generating trading recipe
2026-03-30 18:08:59  INFO      TradingGraph: Generated recipe: RISKY_SHORT_FULL_ALIGNMENT_US500
2026-03-30 18:08:59  INFO      TradingGraph: Risk check passed
2026-03-30 18:08:59  INFO      TradingGraph: Creating trade plan
2026-03-30 18:08:59  INFO      TradingGraph: VIX risk scaling: vix_fear=0.49 → risk ×0.91 (0.25)
2026-03-30 18:08:59  INFO      TradingGraph: SL cap [US500]: 5.28×ATR → 3.5×ATR
2026-03-30 18:08:59  INFO      TradingGraph: Structure SL/TP [US500] entry=6386.20000 sl=6560.83020 (3.50×ATR) tp=6203.12832 (R:R=1.05)
2026-03-30 18:08:59  INFO      TradingGraph: Created trade plan: entry=6386.2000, sl=6560.8300, tp=6124.2500
2026-03-30 18:08:59  INFO      TradingGraph: Executing trade for US500
2026-03-30 18:08:59  WARNING   MT5Executor: US500: trading disabled on this symbol (trade_mode=0 — may be outside market hours or broker restriction). Skipping.
2026-03-30 18:08:59  INFO      TradingGraph: Order not placed for US500 (executor returned None — see executor log for reason)
2026-03-30 18:08:59  INFO      TradingRunner: Analysing USTEC …
2026-03-30 18:08:59  INFO      TradingGraph: Running agents for USTEC
2026-03-30 18:08:59  INFO      TradingGraph: Completed 15 agents
2026-03-30 18:08:59  INFO      TradingGraph: Fusing timeframe signals
2026-03-30 18:08:59  INFO      TradingGraph: Fusion: L=-0.427(csns=1.00), M=-0.239(csns=1.00), S=-0.375(csns=1.00), align_str=0.337
2026-03-30 18:08:59  INFO      TradingGraph: Aligned [full-alignment] (bearish) — proceeding [L=-0.427 M=-0.239 S=-0.375 breadth=0.014]
2026-03-30 18:08:59  INFO      TradingGraph: Generating trading recipe
2026-03-30 18:08:59  INFO      TradingGraph: Generated recipe: RISKY_SHORT_FULL_ALIGNMENT_USTEC
2026-03-30 18:08:59  INFO      TradingGraph: Risk check passed
2026-03-30 18:08:59  INFO      TradingGraph: Creating trade plan
2026-03-30 18:08:59  INFO      TradingGraph: VIX risk scaling: vix_fear=0.46 → risk ×0.94 (0.26)
2026-03-30 18:08:59  INFO      TradingGraph: SL cap [USTEC]: 5.97×ATR → 3.5×ATR
2026-03-30 18:08:59  INFO      TradingGraph: Structure SL/TP [USTEC] entry=23137.20000 sl=23869.97403 (3.50×ATR) tp=22499.96578 (R:R=0.87)
2026-03-30 18:08:59  INFO      TradingGraph: Created trade plan: entry=23137.2000, sl=23869.9700, tp=22038.0400
2026-03-30 18:08:59  INFO      TradingGraph: Executing trade for USTEC
2026-03-30 18:08:59  WARNING   MT5Executor: USTEC: trading disabled on this symbol (trade_mode=0 — may be outside market hours or broker restriction). Skipping.
2026-03-30 18:08:59  INFO      TradingGraph: Order not placed for USTEC (executor returned None — see executor log for reason)
2026-03-30 18:08:59  INFO      TradingRunner: Analysing DAX …
2026-03-30 18:08:59  INFO      TradingGraph: Running agents for DAX
2026-03-30 18:08:59  INFO      TradingGraph: Completed 15 agents
2026-03-30 18:08:59  INFO      TradingGraph: Fusing timeframe signals
2026-03-30 18:08:59  INFO      TradingGraph: Fusion: L=-0.156(csns=1.00), M=-0.077(csns=1.00), S=0.082(csns=0.83), align_str=0.000
2026-03-30 18:08:59  INFO      TradingGraph: Timeframes not aligned — stopping (L=-0.156 M=-0.077 S=0.082)
2026-03-30 18:08:59  INFO      TradingRunner: Analysing UK100 …
2026-03-30 18:08:59  INFO      TradingGraph: Running agents for UK100
2026-03-30 18:08:59  INFO      TradingGraph: Completed 15 agents
2026-03-30 18:08:59  INFO      TradingGraph: Fusing timeframe signals
2026-03-30 18:08:59  INFO      TradingGraph: Fusion: L=0.144(csns=0.67), M=0.595(csns=1.00), S=0.285(csns=0.67), align_str=0.290
2026-03-30 18:08:59  INFO      TradingGraph: Timeframes not aligned — stopping (L=0.144 M=0.595 S=0.285)
2026-03-30 18:08:59  INFO      TradingRunner: Analysing EURJPY …
2026-03-30 18:08:59  INFO      TradingGraph: Running agents for EURJPY
2026-03-30 18:08:59  INFO      TradingGraph: Completed 15 agents
2026-03-30 18:08:59  INFO      TradingGraph: Fusing timeframe signals
2026-03-30 18:08:59  INFO      TradingGraph: Fusion: L=-0.160(csns=1.00), M=-0.904(csns=1.00), S=-0.094(csns=0.80), align_str=0.239
2026-03-30 18:08:59  INFO      TradingGraph: Timeframes not aligned — stopping (L=-0.160 M=-0.904 S=-0.094)
2026-03-30 18:08:59  INFO      TradingRunner: Analysing GBPJPY …
2026-03-30 18:08:59  INFO      TradingGraph: Running agents for GBPJPY
2026-03-30 18:09:00  INFO      TradingGraph: Completed 15 agents
2026-03-30 18:09:00  INFO      TradingGraph: Fusing timeframe signals
2026-03-30 18:09:00  INFO      TradingGraph: Fusion: L=0.035(csns=0.33), M=-0.905(csns=1.00), S=-0.063(csns=0.67), align_str=0.000
2026-03-30 18:09:00  INFO      TradingGraph: Timeframes not aligned — stopping (L=0.035 M=-0.905 S=-0.063)
2026-03-30 18:09:00  INFO      TradingRunner: Analysing AUDJPY …
2026-03-30 18:09:00  INFO      TradingGraph: Running agents for AUDJPY
2026-03-30 18:09:00  INFO      TradingGraph: Completed 15 agents
2026-03-30 18:09:00  INFO      TradingGraph: Fusing timeframe signals
2026-03-30 18:09:00  INFO      TradingGraph: Fusion: L=0.256(csns=0.33), M=-0.427(csns=1.00), S=0.010(csns=0.67), align_str=0.000
2026-03-30 18:09:00  INFO      TradingGraph: Timeframes not aligned — stopping (L=0.256 M=-0.427 S=0.010)
2026-03-30 18:09:00  INFO      TradingRunner: Analysing EURGBP …
2026-03-30 18:09:00  INFO      TradingGraph: Running agents for EURGBP
2026-03-30 18:09:00  INFO      TradingGraph: Completed 15 agents
2026-03-30 18:09:00  INFO      TradingGraph: Fusing timeframe signals
2026-03-30 18:09:00  INFO      TradingGraph: Fusion: L=0.007(csns=0.33), M=0.352(csns=1.00), S=-0.115(csns=0.83), align_str=0.000
2026-03-30 18:09:00  INFO      TradingGraph: Timeframes not aligned — stopping (L=0.007 M=0.352 S=-0.115)
2026-03-30 18:09:00  INFO      TradingRunner: Analysing EURCHF …
2026-03-30 18:09:00  INFO      TradingGraph: Running agents for EURCHF
2026-03-30 18:09:00  INFO      TradingGraph: Completed 15 agents
2026-03-30 18:09:00  INFO      TradingGraph: Fusing timeframe signals
2026-03-30 18:09:00  INFO      TradingGraph: Fusion: L=-0.204(csns=0.67), M=-0.295(csns=1.00), S=-0.263(csns=0.71), align_str=0.251
2026-03-30 18:09:00  INFO      TradingGraph: Aligned [full-alignment] (bearish) — proceeding [L=-0.204 M=-0.295 S=-0.263 breadth=0.014]
2026-03-30 18:09:00  INFO      TradingGraph: Generating trading recipe
2026-03-30 18:09:00  INFO      TradingGraph: Generated recipe: RISKY_SHORT_FULL_ALIGNMENT_EURCHF
2026-03-30 18:09:00  INFO      TradingGraph: Pivot guard: support 0.15×ATR away — rejecting SHORT (buffer=0.5)
2026-03-30 18:09:00  INFO      TradingRunner: Analysing CHFJPY …
2026-03-30 18:09:00  INFO      TradingGraph: Running agents for CHFJPY
2026-03-30 18:09:00  INFO      TradingGraph: Completed 15 agents
2026-03-30 18:09:00  INFO      TradingGraph: Fusing timeframe signals
2026-03-30 18:09:00  INFO      TradingGraph: Fusion: L=0.269(csns=0.67), M=-0.658(csns=1.00), S=-0.089(csns=0.67), align_str=0.000
2026-03-30 18:09:00  INFO      TradingGraph: Timeframes not aligned — stopping (L=0.269 M=-0.658 S=-0.089)
2026-03-30 18:09:00  INFO      TradingRunner: Analysing XAGUSD …
2026-03-30 18:09:00  INFO      TradingGraph: Running agents for XAGUSD
2026-03-30 18:09:00  INFO      TradingGraph: Completed 15 agents
2026-03-30 18:09:00  INFO      TradingGraph: Fusing timeframe signals
2026-03-30 18:09:00  INFO      TradingGraph: Fusion: L=-0.184(csns=0.50), M=0.201(csns=1.00), S=0.013(csns=0.50), align_str=0.000
2026-03-30 18:09:00  INFO      TradingGraph: Timeframes not aligned — stopping (L=-0.184 M=0.201 S=0.013)
2026-03-30 18:09:00  INFO      TradingRunner: PnL — unrealized: +0.24  realized today: +0.00  total: +0.24
2026-03-30 18:09:00  INFO      TradingRunner: Signal cycle done in 9.5s — sleeping 290s
2026-03-30 18:09:50  INFO      TradingGraph: Running agents for USDCHF
2026-03-30 18:09:50  INFO      TradingGraph: Completed 15 agents
2026-03-30 18:09:50  INFO      TradingGraph: Fusing timeframe signals
2026-03-30 18:09:50  INFO      TradingGraph: Fusion: L=0.571(csns=1.00), M=0.325(csns=0.75), S=0.039(csns=0.33), align_str=0.193
2026-03-30 18:09:50  INFO      TradingGraph: Running agents for USDCAD
2026-03-30 18:09:50  INFO      TradingGraph: Completed 15 agents
2026-03-30 18:09:50  INFO      TradingGraph: Fusing timeframe signals
2026-03-30 18:09:50  INFO      TradingGraph: Fusion: L=0.596(csns=1.00), M=0.376(csns=0.75), S=0.009(csns=0.17), align_str=0.128
2026-03-30 18:10:50  INFO      TradingGraph: Running agents for USDCHF
2026-03-30 18:10:50  INFO      TradingGraph: Completed 15 agents
2026-03-30 18:10:50  INFO      TradingGraph: Fusing timeframe signals
2026-03-30 18:10:50  INFO      TradingGraph: Fusion: L=0.571(csns=1.00), M=0.324(csns=0.75), S=0.036(csns=0.33), align_str=0.188
2026-03-30 18:10:50  INFO      TradingGraph: Running agents for USDCAD
2026-03-30 18:10:50  INFO      TradingGraph: Completed 15 agents
2026-03-30 18:10:50  INFO      TradingGraph: Fusing timeframe signals
2026-03-30 18:10:50  INFO      TradingGraph: Fusion: L=0.595(csns=1.00), M=0.371(csns=0.75), S=0.008(csns=0.17), align_str=0.122
2026-03-30 18:11:01  INFO      TradingRunner: [WATCHDOG] alive | equity=138.53 | cycle=3 | profile=risky
2026-03-30 18:11:50  INFO      TradingGraph: Running agents for USDCHF
2026-03-30 18:11:50  INFO      TradingGraph: Completed 15 agents
2026-03-30 18:11:50  INFO      TradingGraph: Fusing timeframe signals
2026-03-30 18:11:50  INFO      TradingGraph: Fusion: L=0.572(csns=1.00), M=0.328(csns=0.75), S=0.046(csns=0.33), align_str=0.204
2026-03-30 18:11:50  INFO      TradingGraph: Running agents for USDCAD
2026-03-30 18:11:50  INFO      TradingGraph: Completed 15 agents
2026-03-30 18:11:50  INFO      TradingGraph: Fusing timeframe signals
2026-03-30 18:11:50  INFO      TradingGraph: Fusion: L=0.594(csns=1.00), M=0.363(csns=0.75), S=0.041(csns=0.33), align_str=0.208
2026-03-30 18:12:50  INFO      TradingGraph: Running agents for USDCHF
2026-03-30 18:12:50  INFO      TradingGraph: Completed 15 agents
2026-03-30 18:12:50  INFO      TradingGraph: Fusing timeframe signals
2026-03-30 18:12:50  INFO      TradingGraph: Fusion: L=0.571(csns=1.00), M=0.325(csns=0.75), S=0.036(csns=0.33), align_str=0.189
2026-03-30 18:12:50  INFO      TradingGraph: Running agents for USDCAD
2026-03-30 18:12:50  INFO      TradingGraph: Completed 15 agents
2026-03-30 18:12:50  INFO      TradingGraph: Fusing timeframe signals
2026-03-30 18:12:50  INFO      TradingGraph: Fusion: L=0.592(csns=1.00), M=0.343(csns=0.75), S=0.032(csns=0.33), align_str=0.186
2026-03-30 18:13:50  INFO      TradingGraph: Running agents for USDCHF
2026-03-30 18:13:50  INFO      TradingGraph: Completed 15 agents
2026-03-30 18:13:50  INFO      TradingGraph: Fusing timeframe signals
2026-03-30 18:13:50  INFO      TradingGraph: Fusion: L=0.572(csns=1.00), M=0.329(csns=0.75), S=0.047(csns=0.33), align_str=0.207
2026-03-30 18:13:50  INFO      TradingGraph: Running agents for USDCAD
2026-03-30 18:13:50  INFO      TradingGraph: Completed 15 agents
2026-03-30 18:13:50  INFO      TradingGraph: Fusing timeframe signals
2026-03-30 18:13:50  INFO      TradingGraph: Fusion: L=0.592(csns=1.00), M=0.351(csns=0.75), S=0.024(csns=0.33), align_str=0.171
2026-03-30 18:13:56  INFO      TradingRunner: Analysing EURUSD …
2026-03-30 18:13:56  INFO      TradingGraph: Running agents for EURUSD
2026-03-30 18:13:56  INFO      TradingGraph: Completed 15 agents
2026-03-30 18:13:56  INFO      TradingGraph: Fusing timeframe signals
2026-03-30 18:13:56  INFO      TradingGraph: Fusion: L=-0.547(csns=1.00), M=-0.677(csns=1.00), S=-0.375(csns=0.83), align_str=0.518
2026-03-30 18:13:56  INFO      TradingGraph: Aligned [full-alignment] (bearish) — proceeding [L=-0.547 M=-0.677 S=-0.375 breadth=0.014]
2026-03-30 18:13:56  INFO      TradingGraph: Generating trading recipe
2026-03-30 18:13:56  INFO      TradingGraph: Generated recipe: RISKY_SHORT_FULL_ALIGNMENT_EURUSD
2026-03-30 18:13:56  INFO      TradingGraph: Correlation guard: 2/2 long_usd positions already open — refusing EURUSD SELL
2026-03-30 18:13:56  INFO      TradingRunner: Analysing GBPUSD …
2026-03-30 18:13:56  INFO      TradingGraph: Running agents for GBPUSD
2026-03-30 18:13:56  INFO      TradingGraph: Completed 15 agents
2026-03-30 18:13:56  INFO      TradingGraph: Fusing timeframe signals
2026-03-30 18:13:56  INFO      TradingGraph: Fusion: L=-0.574(csns=1.00), M=-0.635(csns=1.00), S=-0.182(csns=0.80), align_str=0.405
2026-03-30 18:13:56  INFO      TradingGraph: Aligned [full-alignment] (bearish) — proceeding [L=-0.574 M=-0.635 S=-0.182 breadth=0.014]
2026-03-30 18:13:56  INFO      TradingGraph: Generating trading recipe
2026-03-30 18:13:56  INFO      TradingGraph: Generated recipe: RISKY_SHORT_FULL_ALIGNMENT_GBPUSD
2026-03-30 18:13:56  INFO      TradingGraph: Correlation guard: 2/2 long_usd positions already open — refusing GBPUSD SELL
2026-03-30 18:13:56  INFO      TradingRunner: Analysing USDJPY …
2026-03-30 18:13:56  INFO      TradingGraph: Running agents for USDJPY
2026-03-30 18:13:56  INFO      TradingGraph: Completed 15 agents
2026-03-30 18:13:56  INFO      TradingGraph: Fusing timeframe signals
2026-03-30 18:13:56  INFO      TradingGraph: Fusion: L=0.369(csns=0.67), M=-0.164(csns=1.00), S=-0.074(csns=0.67), align_str=0.000
2026-03-30 18:13:56  INFO      TradingGraph: Timeframes not aligned — stopping (L=0.369 M=-0.164 S=-0.074)
2026-03-30 18:13:56  INFO      TradingRunner: Analysing AUDUSD …
2026-03-30 18:13:56  INFO      TradingGraph: Running agents for AUDUSD
2026-03-30 18:13:56  INFO      TradingGraph: Completed 15 agents
2026-03-30 18:13:56  INFO      TradingGraph: Fusing timeframe signals
2026-03-30 18:13:56  INFO      TradingGraph: Fusion: L=-0.062(csns=1.00), M=-0.113(csns=0.75), S=0.070(csns=0.80), align_str=0.000
2026-03-30 18:13:56  INFO      TradingGraph: Timeframes not aligned — stopping (L=-0.062 M=-0.113 S=0.070)
2026-03-30 18:13:56  INFO      TradingRunner: Analysing NZDUSD …
2026-03-30 18:13:56  INFO      TradingGraph: Running agents for NZDUSD
2026-03-30 18:13:57  INFO      TradingGraph: Completed 15 agents
2026-03-30 18:13:57  INFO      TradingGraph: Fusing timeframe signals
2026-03-30 18:13:57  INFO      TradingGraph: Fusion: L=-0.592(csns=1.00), M=-0.346(csns=0.75), S=-0.057(csns=0.40), align_str=0.227
2026-03-30 18:13:57  INFO      TradingGraph: Aligned [pullback-entry] (bearish) — proceeding [L=-0.592 M=-0.346 S=-0.057 breadth=0.014]
2026-03-30 18:13:57  INFO      TradingGraph: Generating trading recipe
2026-03-30 18:13:57  INFO      TradingGraph: Generated recipe: RISKY_SHORT_PULLBACK_ENTRY_NZDUSD
2026-03-30 18:13:57  INFO      TradingGraph: Correlation guard: 2/2 long_usd positions already open — refusing NZDUSD SELL
2026-03-30 18:13:57  INFO      TradingRunner: Analysing US30 …
2026-03-30 18:13:57  INFO      TradingGraph: Running agents for US30
2026-03-30 18:13:57  INFO      TradingGraph: Completed 15 agents
2026-03-30 18:13:57  INFO      TradingGraph: Fusing timeframe signals
2026-03-30 18:13:57  INFO      TradingGraph: Fusion: L=-0.267(csns=0.67), M=-0.075(csns=1.00), S=-0.040(csns=0.50), align_str=0.092
2026-03-30 18:13:57  INFO      TradingGraph: Aligned [pullback-entry] (bearish) — proceeding [L=-0.267 M=-0.075 S=-0.040 breadth=0.014]
2026-03-30 18:13:57  INFO      TradingGraph: Generating trading recipe
2026-03-30 18:13:57  INFO      TradingGraph: Generated recipe: RISKY_SHORT_PULLBACK_ENTRY_US30
2026-03-30 18:13:57  INFO      TradingGraph: Risk check passed
2026-03-30 18:13:57  INFO      TradingGraph: Creating trade plan
2026-03-30 18:13:57  INFO      TradingGraph: VIX risk scaling: vix_fear=0.50 → risk ×0.90 (0.25)
2026-03-30 18:13:57  INFO      TradingGraph: Structure SL/TP [US30] entry=45518.80000 sl=46644.74506 (3.16×ATR) tp=44395.40000 (R:R=1.00)
2026-03-30 18:13:57  INFO      TradingGraph: Created trade plan: entry=45518.8000, sl=46644.7500, tp=43829.8800
2026-03-30 18:13:57  INFO      TradingGraph: Executing trade for US30
2026-03-30 18:13:57  WARNING   MT5Executor: US30: trading disabled on this symbol (trade_mode=0 — may be outside market hours or broker restriction). Skipping.
2026-03-30 18:13:57  INFO      TradingGraph: Order not placed for US30 (executor returned None — see executor log for reason)
2026-03-30 18:13:57  INFO      TradingRunner: Analysing US500 …
2026-03-30 18:13:57  INFO      TradingGraph: Running agents for US500
2026-03-30 18:13:57  INFO      TradingGraph: Completed 15 agents
2026-03-30 18:13:57  INFO      TradingGraph: Fusing timeframe signals
2026-03-30 18:13:57  INFO      TradingGraph: Fusion: L=-0.428(csns=1.00), M=-0.197(csns=1.00), S=-0.211(csns=0.83), align_str=0.261
2026-03-30 18:13:57  INFO      TradingGraph: Aligned [full-alignment] (bearish) — proceeding [L=-0.428 M=-0.197 S=-0.211 breadth=0.014]
2026-03-30 18:13:57  INFO      TradingGraph: Generating trading recipe
2026-03-30 18:13:57  INFO      TradingGraph: Generated recipe: RISKY_SHORT_FULL_ALIGNMENT_US500
2026-03-30 18:13:57  INFO      TradingGraph: Risk check passed
2026-03-30 18:13:57  INFO      TradingGraph: Creating trade plan
2026-03-30 18:13:57  INFO      TradingGraph: VIX risk scaling: vix_fear=0.50 → risk ×0.90 (0.25)
2026-03-30 18:13:57  INFO      TradingGraph: SL cap [US500]: 5.20×ATR → 3.5×ATR
2026-03-30 18:13:57  INFO      TradingGraph: Structure SL/TP [US500] entry=6389.90000 sl=6564.53020 (3.50×ATR) tp=6201.72959 (R:R=1.08)
2026-03-30 18:13:57  INFO      TradingGraph: Created trade plan: entry=6389.9000, sl=6564.5300, tp=6127.9500
2026-03-30 18:13:57  INFO      TradingGraph: Executing trade for US500
2026-03-30 18:13:57  WARNING   MT5Executor: US500: trading disabled on this symbol (trade_mode=0 — may be outside market hours or broker restriction). Skipping.
2026-03-30 18:13:57  INFO      TradingGraph: Order not placed for US500 (executor returned None — see executor log for reason)
2026-03-30 18:13:57  INFO      TradingRunner: Analysing USTEC …
2026-03-30 18:13:57  INFO      TradingGraph: Running agents for USTEC
2026-03-30 18:13:57  INFO      TradingGraph: Completed 15 agents
2026-03-30 18:13:57  INFO      TradingGraph: Fusing timeframe signals
2026-03-30 18:13:57  INFO      TradingGraph: Fusion: L=-0.435(csns=1.00), M=-0.225(csns=1.00), S=-0.364(csns=1.00), align_str=0.329
2026-03-30 18:13:57  INFO      TradingGraph: Aligned [full-alignment] (bearish) — proceeding [L=-0.435 M=-0.225 S=-0.364 breadth=0.014]
2026-03-30 18:13:57  INFO      TradingGraph: Generating trading recipe
2026-03-30 18:13:57  INFO      TradingGraph: Generated recipe: RISKY_SHORT_FULL_ALIGNMENT_USTEC
2026-03-30 18:13:57  INFO      TradingGraph: Risk check passed
2026-03-30 18:13:57  INFO      TradingGraph: Creating trade plan
2026-03-30 18:13:57  INFO      TradingGraph: VIX risk scaling: vix_fear=0.47 → risk ×0.93 (0.26)
2026-03-30 18:13:57  INFO      TradingGraph: SL cap [USTEC]: 5.89×ATR → 3.5×ATR
2026-03-30 18:13:57  INFO      TradingGraph: Structure SL/TP [USTEC] entry=23155.20000 sl=23887.97403 (3.50×ATR) tp=22497.95334 (R:R=0.90)
2026-03-30 18:13:57  INFO      TradingGraph: Created trade plan: entry=23155.2000, sl=23887.9700, tp=22056.0400
2026-03-30 18:13:57  INFO      TradingGraph: Executing trade for USTEC
2026-03-30 18:13:57  WARNING   MT5Executor: USTEC: trading disabled on this symbol (trade_mode=0 — may be outside market hours or broker restriction). Skipping.
2026-03-30 18:13:57  INFO      TradingGraph: Order not placed for USTEC (executor returned None — see executor log for reason)
2026-03-30 18:13:57  INFO      TradingRunner: Analysing DAX …
2026-03-30 18:13:57  INFO      TradingGraph: Running agents for DAX
2026-03-30 18:13:57  INFO      TradingGraph: Completed 15 agents
2026-03-30 18:13:57  INFO      TradingGraph: Fusing timeframe signals
2026-03-30 18:13:57  INFO      TradingGraph: Fusion: L=-0.157(csns=1.00), M=-0.077(csns=1.00), S=0.082(csns=0.83), align_str=0.000
2026-03-30 18:13:57  INFO      TradingGraph: Timeframes not aligned — stopping (L=-0.157 M=-0.077 S=0.082)
2026-03-30 18:13:57  INFO      TradingRunner: Analysing UK100 …
2026-03-30 18:13:57  INFO      TradingGraph: Running agents for UK100
2026-03-30 18:13:57  INFO      TradingGraph: Completed 15 agents
2026-03-30 18:13:57  INFO      TradingGraph: Fusing timeframe signals
2026-03-30 18:13:57  INFO      TradingGraph: Fusion: L=0.144(csns=0.67), M=0.602(csns=1.00), S=0.257(csns=0.67), align_str=0.281
2026-03-30 18:13:57  INFO      TradingGraph: Timeframes not aligned — stopping (L=0.144 M=0.602 S=0.257)
2026-03-30 18:13:57  INFO      TradingRunner: Analysing EURJPY …
2026-03-30 18:13:57  INFO      TradingGraph: Running agents for EURJPY
2026-03-30 18:13:57  INFO      TradingGraph: Completed 15 agents
2026-03-30 18:13:57  INFO      TradingGraph: Fusing timeframe signals
2026-03-30 18:13:57  INFO      TradingGraph: Fusion: L=-0.161(csns=1.00), M=-0.903(csns=1.00), S=-0.094(csns=0.80), align_str=0.239
2026-03-30 18:13:57  INFO      TradingGraph: Timeframes not aligned — stopping (L=-0.161 M=-0.903 S=-0.094)
2026-03-30 18:13:57  INFO      TradingRunner: Analysing GBPJPY …
2026-03-30 18:13:57  INFO      TradingGraph: Running agents for GBPJPY
2026-03-30 18:13:57  INFO      TradingGraph: Completed 15 agents
2026-03-30 18:13:57  INFO      TradingGraph: Fusing timeframe signals
2026-03-30 18:13:57  INFO      TradingGraph: Fusion: L=0.041(csns=0.33), M=-0.899(csns=1.00), S=-0.030(csns=0.50), align_str=0.000
2026-03-30 18:13:57  INFO      TradingGraph: Timeframes not aligned — stopping (L=0.041 M=-0.899 S=-0.030)
2026-03-30 18:13:57  INFO      TradingRunner: Analysing AUDJPY …
2026-03-30 18:13:57  INFO      TradingGraph: Running agents for AUDJPY
2026-03-30 18:13:57  INFO      TradingGraph: Completed 15 agents
2026-03-30 18:13:57  INFO      TradingGraph: Fusing timeframe signals
2026-03-30 18:13:57  INFO      TradingGraph: Fusion: L=0.256(csns=0.33), M=-0.402(csns=1.00), S=-0.028(csns=0.40), align_str=0.000
2026-03-30 18:13:57  INFO      TradingGraph: Timeframes not aligned — stopping (L=0.256 M=-0.402 S=-0.028)
2026-03-30 18:13:57  INFO      TradingRunner: Analysing EURGBP …
2026-03-30 18:13:57  INFO      TradingGraph: Running agents for EURGBP
2026-03-30 18:13:57  INFO      TradingGraph: Completed 15 agents
2026-03-30 18:13:57  INFO      TradingGraph: Fusing timeframe signals
2026-03-30 18:13:57  INFO      TradingGraph: Fusion: L=0.003(csns=0.33), M=0.336(csns=1.00), S=-0.110(csns=0.80), align_str=0.000
2026-03-30 18:13:57  INFO      TradingGraph: Timeframes not aligned — stopping (L=0.003 M=0.336 S=-0.110)
2026-03-30 18:13:57  INFO      TradingRunner: Analysing EURCHF …
2026-03-30 18:13:57  INFO      TradingGraph: Running agents for EURCHF
2026-03-30 18:13:57  INFO      TradingGraph: Completed 15 agents
2026-03-30 18:13:57  INFO      TradingGraph: Fusing timeframe signals
2026-03-30 18:13:57  INFO      TradingGraph: Fusion: L=-0.203(csns=0.67), M=-0.298(csns=1.00), S=-0.268(csns=0.71), align_str=0.253
2026-03-30 18:13:57  INFO      TradingGraph: Aligned [full-alignment] (bearish) — proceeding [L=-0.203 M=-0.298 S=-0.268 breadth=0.014]
2026-03-30 18:13:57  INFO      TradingGraph: Generating trading recipe
2026-03-30 18:13:57  INFO      TradingGraph: Generated recipe: RISKY_SHORT_FULL_ALIGNMENT_EURCHF
2026-03-30 18:13:57  INFO      TradingGraph: Pivot guard: support 0.13×ATR away — rejecting SHORT (buffer=0.5)
2026-03-30 18:13:57  INFO      TradingRunner: Analysing CHFJPY …
2026-03-30 18:13:57  INFO      TradingGraph: Running agents for CHFJPY
2026-03-30 18:13:58  INFO      TradingGraph: Completed 15 agents
2026-03-30 18:13:58  INFO      TradingGraph: Fusing timeframe signals
2026-03-30 18:13:58  INFO      TradingGraph: Fusion: L=0.269(csns=0.67), M=-0.649(csns=1.00), S=-0.047(csns=0.33), align_str=0.000
2026-03-30 18:13:58  INFO      TradingGraph: Timeframes not aligned — stopping (L=0.269 M=-0.649 S=-0.047)
2026-03-30 18:13:58  INFO      TradingRunner: Analysing XAGUSD …
2026-03-30 18:13:58  INFO      TradingGraph: Running agents for XAGUSD
2026-03-30 18:13:58  INFO      TradingGraph: Completed 15 agents
2026-03-30 18:13:58  INFO      TradingGraph: Fusing timeframe signals
2026-03-30 18:13:58  INFO      TradingGraph: Fusion: L=-0.163(csns=0.33), M=0.227(csns=1.00), S=-0.011(csns=0.50), align_str=0.000
2026-03-30 18:13:58  INFO      TradingGraph: Timeframes not aligned — stopping (L=-0.163 M=0.227 S=-0.011)
2026-03-30 18:13:58  INFO      TradingRunner: PnL — unrealized: -0.41  realized today: +0.00  total: -0.41
2026-03-30 18:13:58  INFO      TradingRunner: Signal cycle done in 6.8s — sleeping 293s
2026-03-30 18:14:50  INFO      TradingGraph: Running agents for USDCHF
2026-03-30 18:14:50  INFO      TradingGraph: Completed 15 agents
2026-03-30 18:14:50  INFO      TradingGraph: Fusing timeframe signals
2026-03-30 18:14:50  INFO      TradingGraph: Fusion: L=0.572(csns=1.00), M=0.329(csns=0.75), S=0.047(csns=0.33), align_str=0.207
2026-03-30 18:14:50  INFO      TradingGraph: Running agents for USDCAD
2026-03-30 18:14:50  INFO      TradingGraph: Completed 15 agents
2026-03-30 18:14:50  INFO      TradingGraph: Fusing timeframe signals
2026-03-30 18:14:50  INFO      TradingGraph: Fusion: L=0.593(csns=1.00), M=0.351(csns=0.75), S=0.024(csns=0.33), align_str=0.171
2026-03-30 18:15:50  INFO      TradingGraph: Running agents for USDCHF
2026-03-30 18:15:50  INFO      TradingGraph: Completed 15 agents
2026-03-30 18:15:50  INFO      TradingGraph: Fusing timeframe signals
2026-03-30 18:15:50  INFO      TradingGraph: Fusion: L=0.573(csns=1.00), M=0.340(csns=0.67), S=0.056(csns=0.33), align_str=0.222
2026-03-30 18:15:51  INFO      TradingGraph: Running agents for USDCAD
2026-03-30 18:15:51  INFO      TradingGraph: Completed 15 agents
2026-03-30 18:15:51  INFO      TradingGraph: Fusing timeframe signals
2026-03-30 18:15:51  INFO      TradingGraph: Fusion: L=0.594(csns=1.00), M=0.359(csns=0.75), S=0.040(csns=0.33), align_str=0.204
2026-03-30 18:16:50  INFO      TradingGraph: Running agents for USDCHF
2026-03-30 18:16:50  INFO      TradingGraph: Completed 15 agents
2026-03-30 18:16:50  INFO      TradingGraph: Fusing timeframe signals
2026-03-30 18:16:50  INFO      TradingGraph: Fusion: L=0.573(csns=1.00), M=0.340(csns=0.67), S=0.056(csns=0.33), align_str=0.222
2026-03-30 18:16:50  INFO      TradingGraph: Running agents for USDCAD
2026-03-30 18:16:51  INFO      TradingGraph: Completed 15 agents
2026-03-30 18:16:51  INFO      TradingGraph: Fusing timeframe signals
2026-03-30 18:16:51  INFO      TradingGraph: Fusion: L=0.593(csns=1.00), M=0.352(csns=0.75), S=0.044(csns=0.33), align_str=0.209
2026-03-30 18:17:50  INFO      TradingGraph: Running agents for USDCHF
2026-03-30 18:17:50  INFO      TradingGraph: Completed 15 agents
2026-03-30 18:17:50  INFO      TradingGraph: Fusing timeframe signals
2026-03-30 18:17:50  INFO      TradingGraph: Fusion: L=0.573(csns=1.00), M=0.340(csns=0.67), S=0.056(csns=0.33), align_str=0.222
2026-03-30 18:17:50  INFO      TradingGraph: Running agents for USDCAD
2026-03-30 18:17:51  INFO      TradingGraph: Completed 15 agents
2026-03-30 18:17:51  INFO      TradingGraph: Fusing timeframe signals
2026-03-30 18:17:51  INFO      TradingGraph: Fusion: L=0.595(csns=1.00), M=0.365(csns=0.75), S=0.033(csns=0.33), align_str=0.194
2026-03-30 18:18:50  INFO      TradingGraph: Running agents for USDCHF
2026-03-30 18:18:50  INFO      TradingGraph: Completed 15 agents
2026-03-30 18:18:50  INFO      TradingGraph: Fusing timeframe signals
2026-03-30 18:18:50  INFO      TradingGraph: Fusion: L=0.573(csns=1.00), M=0.340(csns=0.67), S=0.056(csns=0.33), align_str=0.222
2026-03-30 18:18:50  INFO      TradingGraph: Running agents for USDCAD
2026-03-30 18:18:51  INFO      TradingGraph: Completed 15 agents
2026-03-30 18:18:51  INFO      TradingGraph: Fusing timeframe signals
2026-03-30 18:18:51  INFO      TradingGraph: Fusion: L=0.595(csns=1.00), M=0.367(csns=0.75), S=0.034(csns=0.33), align_str=0.195
2026-03-30 18:18:57  INFO      TradingRunner: Analysing EURUSD …
2026-03-30 18:18:57  INFO      TradingGraph: Running agents for EURUSD
2026-03-30 18:18:57  INFO      TradingGraph: Completed 15 agents
2026-03-30 18:18:57  INFO      TradingGraph: Fusing timeframe signals
2026-03-30 18:18:57  INFO      TradingGraph: Fusion: L=-0.549(csns=1.00), M=-0.686(csns=1.00), S=-0.361(csns=0.83), align_str=0.514
2026-03-30 18:18:57  INFO      TradingGraph: Aligned [full-alignment] (bearish) — proceeding [L=-0.549 M=-0.686 S=-0.361 breadth=0.014]
2026-03-30 18:18:57  INFO      TradingGraph: Generating trading recipe
2026-03-30 18:18:57  INFO      TradingGraph: Generated recipe: RISKY_SHORT_FULL_ALIGNMENT_EURUSD
2026-03-30 18:18:57  INFO      TradingGraph: Correlation guard: 2/2 long_usd positions already open — refusing EURUSD SELL
2026-03-30 18:18:57  INFO      TradingRunner: Analysing GBPUSD …
2026-03-30 18:18:57  INFO      TradingGraph: Running agents for GBPUSD
2026-03-30 18:18:57  INFO      TradingGraph: Completed 15 agents
2026-03-30 18:18:57  INFO      TradingGraph: Fusing timeframe signals
2026-03-30 18:18:57  INFO      TradingGraph: Fusion: L=-0.574(csns=1.00), M=-0.634(csns=1.00), S=-0.051(csns=0.50), align_str=0.265
2026-03-30 18:18:57  INFO      TradingGraph: Aligned [pullback-entry] (bearish) — proceeding [L=-0.574 M=-0.634 S=-0.051 breadth=0.014]
2026-03-30 18:18:57  INFO      TradingGraph: Generating trading recipe
2026-03-30 18:18:57  INFO      TradingGraph: Generated recipe: RISKY_SHORT_PULLBACK_ENTRY_GBPUSD
2026-03-30 18:18:57  INFO      TradingGraph: Correlation guard: 2/2 long_usd positions already open — refusing GBPUSD SELL
2026-03-30 18:18:57  INFO      TradingRunner: Analysing USDJPY …
2026-03-30 18:18:57  INFO      TradingGraph: Running agents for USDJPY
2026-03-30 18:18:57  INFO      TradingGraph: Completed 15 agents
2026-03-30 18:18:57  INFO      TradingGraph: Fusing timeframe signals
2026-03-30 18:18:57  INFO      TradingGraph: Fusion: L=0.369(csns=0.67), M=-0.165(csns=1.00), S=-0.087(csns=0.67), align_str=0.000
2026-03-30 18:18:57  INFO      TradingGraph: Timeframes not aligned — stopping (L=0.369 M=-0.165 S=-0.087)
2026-03-30 18:18:57  INFO      TradingRunner: Analysing AUDUSD …
2026-03-30 18:18:57  INFO      TradingGraph: Running agents for AUDUSD
2026-03-30 18:18:57  INFO      TradingGraph: Completed 15 agents
2026-03-30 18:18:57  INFO      TradingGraph: Fusing timeframe signals
2026-03-30 18:18:57  INFO      TradingGraph: Fusion: L=-0.064(csns=1.00), M=-0.128(csns=0.75), S=0.041(csns=0.80), align_str=0.000
2026-03-30 18:18:57  INFO      TradingGraph: Timeframes not aligned — stopping (L=-0.064 M=-0.128 S=0.041)
2026-03-30 18:18:57  INFO      TradingRunner: Analysing NZDUSD …
2026-03-30 18:18:57  INFO      TradingGraph: Running agents for NZDUSD
2026-03-30 18:18:57  INFO      TradingGraph: Completed 15 agents
2026-03-30 18:18:57  INFO      TradingGraph: Fusing timeframe signals
2026-03-30 18:18:57  INFO      TradingGraph: Fusion: L=-0.593(csns=1.00), M=-0.367(csns=0.75), S=-0.040(csns=0.33), align_str=0.206
2026-03-30 18:18:57  INFO      TradingGraph: Aligned [pullback-entry] (bearish) — proceeding [L=-0.593 M=-0.367 S=-0.040 breadth=0.014]
2026-03-30 18:18:57  INFO      TradingGraph: Generating trading recipe
2026-03-30 18:18:57  INFO      TradingGraph: Generated recipe: RISKY_SHORT_PULLBACK_ENTRY_NZDUSD
2026-03-30 18:18:57  INFO      TradingGraph: Correlation guard: 2/2 long_usd positions already open — refusing NZDUSD SELL
2026-03-30 18:18:57  INFO      TradingRunner: Analysing US30 …
2026-03-30 18:18:57  INFO      TradingGraph: Running agents for US30
2026-03-30 18:18:57  INFO      TradingGraph: Completed 15 agents
2026-03-30 18:18:57  INFO      TradingGraph: Fusing timeframe signals
2026-03-30 18:18:57  INFO      TradingGraph: Fusion: L=-0.269(csns=0.67), M=-0.086(csns=1.00), S=-0.043(csns=0.67), align_str=0.100
2026-03-30 18:18:57  INFO      TradingGraph: Aligned [pullback-entry] (bearish) — proceeding [L=-0.269 M=-0.086 S=-0.043 breadth=0.014]
2026-03-30 18:18:57  INFO      TradingGraph: Generating trading recipe
2026-03-30 18:18:57  INFO      TradingGraph: Generated recipe: RISKY_SHORT_PULLBACK_ENTRY_US30
2026-03-30 18:18:57  INFO      TradingGraph: Risk check passed
2026-03-30 18:18:57  INFO      TradingGraph: Creating trade plan
2026-03-30 18:18:57  INFO      TradingGraph: VIX risk scaling: vix_fear=0.53 → risk ×0.87 (0.24)
2026-03-30 18:18:57  INFO      TradingGraph: Structure SL/TP [US30] entry=45496.20000 sl=46644.74506 (3.23×ATR) tp=44395.40000 (R:R=0.96)
2026-03-30 18:18:58  INFO      TradingGraph: Created trade plan: entry=45496.2000, sl=46644.7500, tp=43773.3800
2026-03-30 18:18:58  INFO      TradingGraph: Executing trade for US30
2026-03-30 18:18:58  WARNING   MT5Executor: US30: trading disabled on this symbol (trade_mode=0 — may be outside market hours or broker restriction). Skipping.
2026-03-30 18:18:58  INFO      TradingGraph: Order not placed for US30 (executor returned None — see executor log for reason)
2026-03-30 18:18:58  INFO      TradingRunner: Analysing US500 …
2026-03-30 18:18:58  INFO      TradingGraph: Running agents for US500
2026-03-30 18:18:58  INFO      TradingGraph: Completed 15 agents
2026-03-30 18:18:58  INFO      TradingGraph: Fusing timeframe signals
2026-03-30 18:18:58  INFO      TradingGraph: Fusion: L=-0.431(csns=1.00), M=-0.215(csns=1.00), S=-0.034(csns=0.67), align_str=0.147
2026-03-30 18:18:58  INFO      TradingGraph: Aligned [pullback-entry] (bearish) — proceeding [L=-0.431 M=-0.215 S=-0.034 breadth=0.014]
2026-03-30 18:18:58  INFO      TradingGraph: Generating trading recipe
2026-03-30 18:18:58  INFO      TradingGraph: Generated recipe: RISKY_SHORT_PULLBACK_ENTRY_US500
2026-03-30 18:18:58  INFO      TradingGraph: Risk check passed
2026-03-30 18:18:58  INFO      TradingGraph: Creating trade plan
2026-03-30 18:18:58  INFO      TradingGraph: VIX risk scaling: vix_fear=0.53 → risk ×0.87 (0.24)
2026-03-30 18:18:58  INFO      TradingGraph: SL cap [US500]: 5.32×ATR → 3.5×ATR
2026-03-30 18:18:58  INFO      TradingGraph: Structure SL/TP [US500] entry=6384.20000 sl=6558.83020 (3.50×ATR) tp=6203.82518 (R:R=1.03)
2026-03-30 18:18:58  INFO      TradingGraph: Created trade plan: entry=6384.2000, sl=6558.8300, tp=6122.2500
2026-03-30 18:18:58  INFO      TradingGraph: Executing trade for US500
2026-03-30 18:18:58  WARNING   MT5Executor: US500: trading disabled on this symbol (trade_mode=0 — may be outside market hours or broker restriction). Skipping.
2026-03-30 18:18:58  INFO      TradingGraph: Order not placed for US500 (executor returned None — see executor log for reason)
2026-03-30 18:18:58  INFO      TradingRunner: Analysing USTEC …
2026-03-30 18:18:58  INFO      TradingGraph: Running agents for USTEC
2026-03-30 18:18:58  INFO      TradingGraph: Completed 15 agents
2026-03-30 18:18:58  INFO      TradingGraph: Fusing timeframe signals
2026-03-30 18:18:58  INFO      TradingGraph: Fusion: L=-0.439(csns=1.00), M=-0.250(csns=1.00), S=-0.258(csns=1.00), align_str=0.305
2026-03-30 18:18:58  INFO      TradingGraph: Aligned [full-alignment] (bearish) — proceeding [L=-0.439 M=-0.250 S=-0.258 breadth=0.014]
2026-03-30 18:18:58  INFO      TradingGraph: Generating trading recipe
2026-03-30 18:18:58  INFO      TradingGraph: Generated recipe: RISKY_SHORT_FULL_ALIGNMENT_USTEC
2026-03-30 18:18:58  INFO      TradingGraph: Risk check passed
2026-03-30 18:18:58  INFO      TradingGraph: Creating trade plan
2026-03-30 18:18:58  INFO      TradingGraph: VIX risk scaling: vix_fear=0.50 → risk ×0.90 (0.25)
2026-03-30 18:18:58  INFO      TradingGraph: SL cap [USTEC]: 6.05×ATR → 3.5×ATR
2026-03-30 18:18:58  INFO      TradingGraph: Structure SL/TP [USTEC] entry=23121.30000 sl=23854.07403 (3.50×ATR) tp=22501.27013 (R:R=0.85)
2026-03-30 18:18:58  INFO      TradingGraph: Created trade plan: entry=23121.3000, sl=23854.0700, tp=22022.1400
2026-03-30 18:18:58  INFO      TradingGraph: Executing trade for USTEC
2026-03-30 18:18:58  WARNING   MT5Executor: USTEC: trading disabled on this symbol (trade_mode=0 — may be outside market hours or broker restriction). Skipping.
2026-03-30 18:18:58  INFO      TradingGraph: Order not placed for USTEC (executor returned None — see executor log for reason)
2026-03-30 18:18:58  INFO      TradingRunner: Analysing DAX …
2026-03-30 18:18:58  INFO      TradingGraph: Running agents for DAX
2026-03-30 18:18:58  INFO      TradingGraph: Completed 15 agents
2026-03-30 18:18:58  INFO      TradingGraph: Fusing timeframe signals
2026-03-30 18:18:58  INFO      TradingGraph: Fusion: L=-0.155(csns=1.00), M=-0.077(csns=1.00), S=0.082(csns=0.83), align_str=0.000
2026-03-30 18:18:58  INFO      TradingGraph: Timeframes not aligned — stopping (L=-0.155 M=-0.077 S=0.082)
2026-03-30 18:18:58  INFO      TradingRunner: Analysing UK100 …
2026-03-30 18:18:58  INFO      TradingGraph: Running agents for UK100
2026-03-30 18:18:58  INFO      TradingGraph: Completed 15 agents
2026-03-30 18:18:58  INFO      TradingGraph: Fusing timeframe signals
2026-03-30 18:18:58  INFO      TradingGraph: Fusion: L=0.142(csns=0.67), M=0.584(csns=1.00), S=0.260(csns=0.67), align_str=0.278
2026-03-30 18:18:58  INFO      TradingGraph: Timeframes not aligned — stopping (L=0.142 M=0.584 S=0.260)
2026-03-30 18:18:58  INFO      TradingRunner: Analysing EURJPY …
2026-03-30 18:18:58  INFO      TradingGraph: Running agents for EURJPY
2026-03-30 18:18:58  INFO      TradingGraph: Completed 15 agents
2026-03-30 18:18:58  INFO      TradingGraph: Fusing timeframe signals
2026-03-30 18:18:58  INFO      TradingGraph: Fusion: L=-0.162(csns=1.00), M=-0.905(csns=1.00), S=-0.083(csns=0.80), align_str=0.230
2026-03-30 18:18:58  INFO      TradingGraph: Timeframes not aligned — stopping (L=-0.162 M=-0.905 S=-0.083)
2026-03-30 18:18:58  INFO      TradingRunner: Analysing GBPJPY …
2026-03-30 18:18:58  INFO      TradingGraph: Running agents for GBPJPY
2026-03-30 18:18:58  INFO      TradingGraph: Completed 15 agents
2026-03-30 18:18:58  INFO      TradingGraph: Fusing timeframe signals
2026-03-30 18:18:58  INFO      TradingGraph: Fusion: L=0.040(csns=0.33), M=-0.898(csns=1.00), S=0.014(csns=0.67), align_str=0.000
2026-03-30 18:18:58  INFO      TradingGraph: Timeframes not aligned — stopping (L=0.040 M=-0.898 S=0.014)
2026-03-30 18:18:58  INFO      TradingRunner: Analysing AUDJPY …
2026-03-30 18:18:58  INFO      TradingGraph: Running agents for AUDJPY
2026-03-30 18:18:58  INFO      TradingGraph: Completed 15 agents
2026-03-30 18:18:58  INFO      TradingGraph: Fusing timeframe signals
2026-03-30 18:18:58  INFO      TradingGraph: Fusion: L=0.255(csns=0.33), M=-0.435(csns=1.00), S=0.001(csns=0.50), align_str=0.000
2026-03-30 18:18:58  INFO      TradingGraph: Timeframes not aligned — stopping (L=0.255 M=-0.435 S=0.001)
2026-03-30 18:18:58  INFO      TradingRunner: Analysing EURGBP …
2026-03-30 18:18:58  INFO      TradingGraph: Running agents for EURGBP
2026-03-30 18:18:58  INFO      TradingGraph: Completed 15 agents
2026-03-30 18:18:58  INFO      TradingGraph: Fusing timeframe signals
2026-03-30 18:18:58  INFO      TradingGraph: Fusion: L=0.000(csns=0.33), M=0.325(csns=1.00), S=-0.084(csns=0.80), align_str=0.000
2026-03-30 18:18:58  INFO      TradingGraph: Timeframes not aligned — stopping (L=0.000 M=0.325 S=-0.084)
2026-03-30 18:18:58  INFO      TradingRunner: Analysing EURCHF …
2026-03-30 18:18:58  INFO      TradingGraph: Running agents for EURCHF
2026-03-30 18:18:58  INFO      TradingGraph: Completed 15 agents
2026-03-30 18:18:58  INFO      TradingGraph: Fusing timeframe signals
2026-03-30 18:18:58  INFO      TradingGraph: Fusion: L=-0.202(csns=0.67), M=-0.294(csns=1.00), S=-0.264(csns=0.71), align_str=0.250
2026-03-30 18:18:58  INFO      TradingGraph: Aligned [full-alignment] (bearish) — proceeding [L=-0.202 M=-0.294 S=-0.264 breadth=0.014]
2026-03-30 18:18:58  INFO      TradingGraph: Generating trading recipe
2026-03-30 18:18:58  INFO      TradingGraph: Generated recipe: RISKY_SHORT_FULL_ALIGNMENT_EURCHF
2026-03-30 18:18:58  INFO      TradingGraph: Pivot guard: support 0.15×ATR away — rejecting SHORT (buffer=0.5)
2026-03-30 18:18:58  INFO      TradingRunner: Analysing CHFJPY …
2026-03-30 18:18:58  INFO      TradingGraph: Running agents for CHFJPY
2026-03-30 18:18:58  INFO      TradingGraph: Completed 15 agents
2026-03-30 18:18:58  INFO      TradingGraph: Fusing timeframe signals
2026-03-30 18:18:58  INFO      TradingGraph: Fusion: L=0.269(csns=0.67), M=-0.661(csns=1.00), S=-0.134(csns=0.80), align_str=0.000
2026-03-30 18:18:58  INFO      TradingGraph: Timeframes not aligned — stopping (L=0.269 M=-0.661 S=-0.134)
2026-03-30 18:18:58  INFO      TradingRunner: Analysing XAGUSD …
2026-03-30 18:18:58  INFO      TradingGraph: Running agents for XAGUSD
2026-03-30 18:18:59  INFO      TradingGraph: Completed 15 agents
2026-03-30 18:18:59  INFO      TradingGraph: Fusing timeframe signals
2026-03-30 18:18:59  INFO      TradingGraph: Fusion: L=-0.183(csns=0.50), M=0.207(csns=1.00), S=0.032(csns=0.60), align_str=0.000
2026-03-30 18:18:59  INFO      TradingGraph: Timeframes not aligned — stopping (L=-0.183 M=0.207 S=0.032)
2026-03-30 18:18:59  INFO      TradingRunner: PnL — unrealized: -0.09  realized today: +0.00  total: -0.09
2026-03-30 18:18:59  INFO      TradingRunner: Signal cycle done in 7.7s — sleeping 292s
2026-03-30 18:19:44  INFO      MT5Executor: Using mt5linux backend → localhost:18812
2026-03-30 18:19:44  INFO      MT5Executor: Connected to MT5: 5048478471 on MetaQuotes-Demo | balance=138.82 | trade_allowed=True
2026-03-30 18:19:44  INFO      root: Registered agent: RegimeAgent
2026-03-30 18:19:44  INFO      root: Registered agent: TrendAgent
2026-03-30 18:19:44  INFO      root: Registered agent: MomentumAgent
2026-03-30 18:19:44  INFO      root: Registered agent: MeanReversionAgent
2026-03-30 18:19:44  INFO      root: Registered agent: VolatilityAgent
2026-03-30 18:19:44  INFO      root: Registered agent: BreadthAgent
2026-03-30 18:19:44  INFO      root: Registered agent: PatternAgent
2026-03-30 18:19:44  INFO      root: Registered agent: IntermarketAgent
2026-03-30 18:19:44  INFO      root: Registered agent: SessionBreakoutAgent
2026-03-30 18:19:44  INFO      root: Registered agent: DivergenceAgent
2026-03-30 18:19:44  INFO      root: Registered agent: ScalpingAgent
2026-03-30 18:19:44  INFO      root: Registered agent: VwapScalpAgent
2026-03-30 18:19:44  INFO      root: Registered agent: SqueezeBreakoutAgent
2026-03-30 18:19:44  INFO      root: Registered agent: OrderFlowAgent
2026-03-30 18:19:44  INFO      root: Registered agent: CorrelationAgent
2026-03-30 18:19:44  INFO      TradingRunner: [State] Stale state from 2026-03-29 — starting fresh for 2026-03-30
2026-03-30 18:19:44  INFO      TradingRunner: TradingRunner started — symbols: ['EURUSD', 'GBPUSD', 'USDJPY', 'USDCHF', 'AUDUSD', 'USDCAD', 'NZDUSD', 'US30', 'US500', 'USTEC', 'DAX', 'UK100', 'EURJPY', 'GBPJPY', 'AUDJPY', 'EURGBP', 'EURCHF', 'CHFJPY', 'XAGUSD'] | profile: balanced | signal: 300s | surveillance: 60s
2026-03-30 18:19:44  INFO      TradingRunner: New trading day 2026-03-30 — start-of-day equity: 138.62
2026-03-30 18:19:44  INFO      TradingRunner: New trading week 2026-W14 — start-of-week equity: 138.62
2026-03-30 18:19:45  INFO      numexpr.utils: Note: NumExpr detected 12 cores but "NUMEXPR_MAX_THREADS" not set, so enforcing safe limit of 8.
2026-03-30 18:19:45  INFO      numexpr.utils: NumExpr defaulting to 8 threads.
2026-03-30 18:19:50  INFO      TradingGraph: Running agents for USDCHF
2026-03-30 18:19:50  INFO      TradingGraph: Completed 15 agents
2026-03-30 18:19:50  INFO      TradingGraph: Fusing timeframe signals
2026-03-30 18:19:50  INFO      TradingGraph: Fusion: L=0.572(csns=1.00), M=0.327(csns=0.67), S=0.055(csns=0.33), align_str=0.217
2026-03-30 18:19:51  INFO      TradingGraph: Running agents for USDCAD
2026-03-30 18:19:51  INFO      TradingGraph: Completed 15 agents
2026-03-30 18:19:51  INFO      TradingGraph: Fusing timeframe signals
2026-03-30 18:19:51  INFO      TradingGraph: Fusion: L=0.594(csns=1.00), M=0.364(csns=0.75), S=0.033(csns=0.33), align_str=0.193
2026-03-30 18:19:55  INFO      TradingRunner: Analysing EURUSD …
2026-03-30 18:19:55  INFO      NewsCalendar: [NEWS] Loaded 11 high-impact events (source: ForexFactory)
2026-03-30 18:19:55  INFO      TradingGraph: Running agents for EURUSD
2026-03-30 18:19:55  INFO      TradingGraph: Completed 15 agents
2026-03-30 18:19:55  INFO      TradingGraph: Fusing timeframe signals
2026-03-30 18:19:55  INFO      TradingGraph: Fusion: L=-0.672(csns=1.00), M=-0.684(csns=1.00), S=-0.368(csns=0.83), align_str=0.553
2026-03-30 18:19:55  INFO      TradingGraph: Aligned [full-alignment] (bearish) — proceeding [L=-0.672 M=-0.684 S=-0.368 breadth=0.013]
2026-03-30 18:19:55  INFO      TradingGraph: Generating trading recipe
2026-03-30 18:19:56  INFO      TradingGraph: Generated recipe: BALANCED_SHORT_FULL_ALIGNMENT_EURUSD
2026-03-30 18:19:56  INFO      TradingGraph: Pivot guard: support 0.12×ATR away — rejecting SHORT (buffer=0.5)
2026-03-30 18:19:56  INFO      TradingRunner: Analysing GBPUSD …
2026-03-30 18:19:56  INFO      TradingGraph: Running agents for GBPUSD
2026-03-30 18:19:56  INFO      TradingGraph: Completed 15 agents
2026-03-30 18:19:56  INFO      TradingGraph: Fusing timeframe signals
2026-03-30 18:19:56  INFO      TradingGraph: Fusion: L=-0.689(csns=1.00), M=-0.630(csns=1.00), S=-0.051(csns=0.40), align_str=0.281
2026-03-30 18:19:56  INFO      TradingGraph: Aligned [pullback-entry] (bearish) — proceeding [L=-0.689 M=-0.630 S=-0.051 breadth=0.013]
2026-03-30 18:19:56  INFO      TradingGraph: Generating trading recipe
2026-03-30 18:19:56  INFO      TradingGraph: Generated recipe: BALANCED_SHORT_PULLBACK_ENTRY_GBPUSD
2026-03-30 18:19:56  INFO      TradingGraph: Pivot guard: support 0.12×ATR away — rejecting SHORT (buffer=0.5)
2026-03-30 18:19:56  INFO      TradingRunner: Analysing USDJPY …
2026-03-30 18:19:56  INFO      TradingGraph: Running agents for USDJPY
2026-03-30 18:19:56  INFO      TradingGraph: Completed 15 agents
2026-03-30 18:19:56  INFO      TradingGraph: Fusing timeframe signals
2026-03-30 18:19:56  INFO      TradingGraph: Fusion: L=0.562(csns=1.00), M=-0.166(csns=1.00), S=-0.099(csns=0.67), align_str=0.000
2026-03-30 18:19:56  INFO      TradingGraph: Timeframes not aligned — stopping (L=0.562 M=-0.166 S=-0.099)
2026-03-30 18:19:56  INFO      TradingRunner: Analysing USDCHF …
2026-03-30 18:19:56  INFO      TradingGraph: Running agents for USDCHF
2026-03-30 18:19:56  INFO      TradingGraph: Completed 15 agents
2026-03-30 18:19:56  INFO      TradingGraph: Fusing timeframe signals
2026-03-30 18:19:56  INFO      TradingGraph: Fusion: L=0.625(csns=1.00), M=0.323(csns=0.67), S=0.047(csns=0.33), align_str=0.212
2026-03-30 18:19:56  INFO      TradingGraph: Aligned [pullback-entry] (bullish) — proceeding [L=0.625 M=0.323 S=0.047 breadth=0.013]
2026-03-30 18:19:56  INFO      TradingGraph: Generating trading recipe
2026-03-30 18:19:56  INFO      TradingGraph: Generated recipe: BALANCED_LONG_PULLBACK_ENTRY_USDCHF
2026-03-30 18:19:56  INFO      TradingGraph: Risk check passed
2026-03-30 18:19:56  INFO      TradingGraph: Creating trade plan
2026-03-30 18:19:56  INFO      TradingGraph: SL cap [USDCHF]: 6.30×ATR → 5.0×ATR
2026-03-30 18:19:56  INFO      TradingGraph: Structure SL/TP [USDCHF] entry=0.80008 sl=0.78803 (5.00×ATR) tp=0.80774 (R:R=0.64)
2026-03-30 18:19:56  INFO      TradingGraph: Created trade plan: entry=0.8001, sl=0.7880, tp=0.8121
2026-03-30 18:19:56  INFO      TradingGraph: Executing trade for USDCHF
2026-03-30 18:19:56  INFO      MT5Executor: USDCHF: lots=0.01 (risk=$13.15)
2026-03-30 18:19:56  INFO      MT5Executor: Market order filled: ticket=56000625093 vol=0.01
2026-03-30 18:19:56  INFO      TradingGraph: Order placed: ticket=56000625093
2026-03-30 18:19:56  INFO      OrderManager: Created order order_1_20260330_181956 for USDCHF
2026-03-30 18:19:56  INFO      TradeJournal: TRADE  USDCHF           Direction.LONG  qty=0.01  entry=0.80008  sl=0.78803  tp=0.81213  ticket=56000625093
2026-03-30 18:19:56  INFO      TradingRunner: USDCHF: trade placed — daily count 1/6, next entry in 60min
2026-03-30 18:19:57  INFO      TradingRunner: Analysing AUDUSD …
2026-03-30 18:19:57  INFO      TradingGraph: Running agents for AUDUSD
2026-03-30 18:19:57  INFO      TradingGraph: Completed 15 agents
2026-03-30 18:19:57  INFO      TradingGraph: Fusing timeframe signals
2026-03-30 18:19:57  INFO      TradingGraph: Fusion: L=-0.007(csns=1.00), M=-0.126(csns=0.75), S=0.038(csns=0.80), align_str=0.000
2026-03-30 18:19:57  INFO      TradingGraph: Timeframes not aligned — stopping (L=-0.007 M=-0.126 S=0.038)
2026-03-30 18:19:57  INFO      TradingRunner: Analysing USDCAD …
2026-03-30 18:19:57  INFO      TradingGraph: Running agents for USDCAD
2026-03-30 18:19:57  INFO      TradingGraph: Completed 15 agents
2026-03-30 18:19:57  INFO      TradingGraph: Fusing timeframe signals
2026-03-30 18:19:57  INFO      TradingGraph: Fusion: L=0.666(csns=1.00), M=0.364(csns=0.75), S=0.038(csns=0.33), align_str=0.209
2026-03-30 18:19:57  INFO      TradingGraph: Aligned [pullback-entry] (bullish) — proceeding [L=0.666 M=0.364 S=0.038 breadth=0.013]
2026-03-30 18:19:57  INFO      TradingGraph: Generating trading recipe
2026-03-30 18:19:57  INFO      TradingGraph: Generated recipe: BALANCED_LONG_PULLBACK_ENTRY_USDCAD
2026-03-30 18:19:57  INFO      TradingGraph: Risk check passed
2026-03-30 18:19:57  INFO      TradingGraph: Creating trade plan
2026-03-30 18:19:57  INFO      TradingGraph: SL cap [USDCAD]: 9.07×ATR → 5.0×ATR
2026-03-30 18:19:57  INFO      TradingGraph: Structure SL/TP [USDCAD] entry=1.39214 sl=1.37955 (5.00×ATR) tp=1.39888 (R:R=0.54)
2026-03-30 18:19:57  INFO      TradingGraph: Created trade plan: entry=1.3921, sl=1.3796, tp=1.4047
2026-03-30 18:19:57  INFO      TradingGraph: Executing trade for USDCAD
2026-03-30 18:19:57  INFO      MT5Executor: USDCAD: lots=0.01 (risk=$7.90)
2026-03-30 18:19:57  INFO      MT5Executor: Market order filled: ticket=56000625230 vol=0.01
2026-03-30 18:19:57  INFO      TradingGraph: Order placed: ticket=56000625230
2026-03-30 18:19:57  INFO      OrderManager: Created order order_2_20260330_181957 for USDCAD
2026-03-30 18:19:57  INFO      TradeJournal: TRADE  USDCAD           Direction.LONG  qty=0.01  entry=1.39214  sl=1.37955  tp=1.40473  ticket=56000625230
2026-03-30 18:19:57  INFO      TradingRunner: USDCAD: trade placed — daily count 2/6, next entry in 60min
2026-03-30 18:19:57  INFO      TradingRunner: Analysing NZDUSD …
2026-03-30 18:19:57  INFO      TradingGraph: Running agents for NZDUSD
2026-03-30 18:19:57  INFO      TradingGraph: Completed 15 agents
2026-03-30 18:19:57  INFO      TradingGraph: Fusing timeframe signals
2026-03-30 18:19:57  INFO      TradingGraph: Fusion: L=-0.712(csns=1.00), M=-0.351(csns=0.75), S=-0.079(csns=0.40), align_str=0.270
2026-03-30 18:19:57  INFO      TradingGraph: Aligned [pullback-entry] (bearish) — proceeding [L=-0.712 M=-0.351 S=-0.079 breadth=0.013]
2026-03-30 18:19:57  INFO      TradingGraph: Generating trading recipe
2026-03-30 18:19:57  INFO      TradingGraph: Generated recipe: BALANCED_SHORT_PULLBACK_ENTRY_NZDUSD
2026-03-30 18:19:57  INFO      TradingGraph: Correlation guard: 2/2 long_usd positions already open — refusing NZDUSD SELL
2026-03-30 18:19:57  INFO      TradingRunner: Analysing US30 …
2026-03-30 18:19:57  INFO      TradingGraph: Running agents for US30
2026-03-30 18:19:57  INFO      TradingGraph: Completed 15 agents
2026-03-30 18:19:57  INFO      TradingGraph: Fusing timeframe signals
2026-03-30 18:19:57  INFO      TradingGraph: Fusion: L=-0.400(csns=1.00), M=-0.088(csns=1.00), S=-0.035(csns=0.67), align_str=0.107
2026-03-30 18:19:57  INFO      TradingGraph: Aligned [pullback-entry] (bearish) — proceeding [L=-0.400 M=-0.088 S=-0.035 breadth=0.013]
2026-03-30 18:19:57  INFO      TradingGraph: Generating trading recipe
2026-03-30 18:19:57  INFO      TradingGraph: Generated recipe: BALANCED_SHORT_PULLBACK_ENTRY_US30
2026-03-30 18:19:57  INFO      TradingGraph: Risk check passed
2026-03-30 18:19:57  INFO      TradingGraph: Creating trade plan
2026-03-30 18:19:57  INFO      TradingGraph: Structure SL/TP [US30] entry=45506.90000 sl=46644.74506 (3.20×ATR) tp=44395.40000 (R:R=0.98)
2026-03-30 18:19:57  INFO      TradingGraph: Created trade plan: entry=45506.9000, sl=46644.7500, tp=44369.0500
2026-03-30 18:19:57  INFO      TradingGraph: Executing trade for US30
2026-03-30 18:19:57  WARNING   MT5Executor: US30: trading disabled on this symbol (trade_mode=0 — may be outside market hours or broker restriction). Skipping.
2026-03-30 18:19:57  INFO      TradingGraph: Order not placed for US30 (executor returned None — see executor log for reason)
2026-03-30 18:19:57  INFO      TradingRunner: Analysing US500 …
2026-03-30 18:19:57  INFO      TradingGraph: Running agents for US500
2026-03-30 18:19:58  INFO      TradingGraph: Completed 15 agents
2026-03-30 18:19:58  INFO      TradingGraph: Fusing timeframe signals
2026-03-30 18:19:58  INFO      TradingGraph: Fusion: L=-0.425(csns=1.00), M=-0.218(csns=1.00), S=-0.036(csns=0.67), align_str=0.150
2026-03-30 18:19:58  INFO      TradingGraph: Aligned [pullback-entry] (bearish) — proceeding [L=-0.425 M=-0.218 S=-0.036 breadth=0.013]
2026-03-30 18:19:58  INFO      TradingGraph: Generating trading recipe
2026-03-30 18:19:58  INFO      TradingGraph: Generated recipe: BALANCED_SHORT_PULLBACK_ENTRY_US500
2026-03-30 18:19:58  INFO      TradingGraph: Risk check passed
2026-03-30 18:19:58  INFO      TradingGraph: Creating trade plan
2026-03-30 18:19:58  INFO      TradingGraph: SL cap [US500]: 5.29×ATR → 5.0×ATR
2026-03-30 18:19:58  INFO      TradingGraph: Structure SL/TP [US500] entry=6385.40000 sl=6634.87172 (5.00×ATR) tp=6125.41710 (R:R=1.04)
2026-03-30 18:19:58  INFO      TradingGraph: Created trade plan: entry=6385.4000, sl=6634.8700, tp=6125.4200
2026-03-30 18:19:58  INFO      TradingGraph: Executing trade for US500
2026-03-30 18:19:58  WARNING   MT5Executor: US500: trading disabled on this symbol (trade_mode=0 — may be outside market hours or broker restriction). Skipping.
2026-03-30 18:19:58  INFO      TradingGraph: Order not placed for US500 (executor returned None — see executor log for reason)
2026-03-30 18:19:58  INFO      TradingRunner: Analysing USTEC …
2026-03-30 18:19:58  INFO      TradingGraph: Running agents for USTEC
2026-03-30 18:19:58  INFO      TradingGraph: Completed 15 agents
2026-03-30 18:19:58  INFO      TradingGraph: Fusing timeframe signals
2026-03-30 18:19:58  INFO      TradingGraph: Fusion: L=-0.427(csns=1.00), M=-0.252(csns=1.00), S=-0.271(csns=1.00), align_str=0.308
2026-03-30 18:19:58  INFO      TradingGraph: Aligned [full-alignment] (bearish) — proceeding [L=-0.427 M=-0.252 S=-0.271 breadth=0.013]
2026-03-30 18:19:58  INFO      TradingGraph: Generating trading recipe
2026-03-30 18:19:58  INFO      TradingGraph: Generated recipe: BALANCED_SHORT_FULL_ALIGNMENT_USTEC
2026-03-30 18:19:58  INFO      TradingGraph: Risk check passed
2026-03-30 18:19:58  INFO      TradingGraph: Creating trade plan
2026-03-30 18:19:58  INFO      TradingGraph: SL cap [USTEC]: 6.01×ATR → 5.0×ATR
2026-03-30 18:19:58  INFO      TradingGraph: Structure SL/TP [USTEC] entry=23129.20000 sl=24176.02004 (5.00×ATR) tp=22231.30915 (R:R=0.86)
2026-03-30 18:19:58  INFO      TradingGraph: Created trade plan: entry=23129.2000, sl=24176.0200, tp=22082.3800
2026-03-30 18:19:58  INFO      TradingGraph: Executing trade for USTEC
2026-03-30 18:19:58  WARNING   MT5Executor: USTEC: trading disabled on this symbol (trade_mode=0 — may be outside market hours or broker restriction). Skipping.
2026-03-30 18:19:58  INFO      TradingGraph: Order not placed for USTEC (executor returned None — see executor log for reason)
2026-03-30 18:19:58  INFO      TradingRunner: Analysing DAX …
2026-03-30 18:19:58  INFO      TradingGraph: Running agents for DAX
2026-03-30 18:19:58  INFO      TradingGraph: Completed 15 agents
2026-03-30 18:19:58  INFO      TradingGraph: Fusing timeframe signals
2026-03-30 18:19:58  INFO      TradingGraph: Fusion: L=-0.116(csns=1.00), M=-0.077(csns=1.00), S=0.070(csns=0.83), align_str=0.000
2026-03-30 18:19:58  INFO      TradingGraph: Timeframes not aligned — stopping (L=-0.116 M=-0.077 S=0.070)
2026-03-30 18:19:58  INFO      TradingRunner: Analysing UK100 …
2026-03-30 18:19:58  INFO      TradingGraph: Running agents for UK100
2026-03-30 18:19:58  INFO      TradingGraph: Completed 15 agents
2026-03-30 18:19:58  INFO      TradingGraph: Fusing timeframe signals
2026-03-30 18:19:58  INFO      TradingGraph: Fusion: L=0.163(csns=1.00), M=0.582(csns=1.00), S=0.227(csns=0.67), align_str=0.279
2026-03-30 18:19:58  INFO      TradingGraph: Aligned [full-alignment] (bullish) — proceeding [L=0.163 M=0.582 S=0.227 breadth=0.013]
2026-03-30 18:19:58  INFO      TradingGraph: Generating trading recipe
2026-03-30 18:19:58  INFO      TradingGraph: Generated recipe: BALANCED_LONG_FULL_ALIGNMENT_UK100
2026-03-30 18:19:58  INFO      TradingGraph: Pivot guard: resistance 0.05×ATR away — rejecting LONG (buffer=0.5)
2026-03-30 18:19:58  INFO      TradingRunner: Analysing EURJPY …
2026-03-30 18:19:58  INFO      TradingGraph: Running agents for EURJPY
2026-03-30 18:19:58  INFO      TradingGraph: Completed 15 agents
2026-03-30 18:19:58  INFO      TradingGraph: Fusing timeframe signals
2026-03-30 18:19:58  INFO      TradingGraph: Fusion: L=-0.140(csns=1.00), M=-0.904(csns=1.00), S=-0.085(csns=0.80), align_str=0.221
2026-03-30 18:19:58  INFO      TradingGraph: Timeframes not aligned — stopping (L=-0.140 M=-0.904 S=-0.085)
2026-03-30 18:19:58  INFO      TradingRunner: Analysing GBPJPY …
2026-03-30 18:19:58  INFO      TradingGraph: Running agents for GBPJPY
2026-03-30 18:19:58  INFO      TradingGraph: Completed 15 agents
2026-03-30 18:19:58  INFO      TradingGraph: Fusing timeframe signals
2026-03-30 18:19:58  INFO      TradingGraph: Fusion: L=0.171(csns=1.00), M=-0.896(csns=1.00), S=0.026(csns=0.75), align_str=0.000
2026-03-30 18:19:58  INFO      TradingGraph: Timeframes not aligned — stopping (L=0.171 M=-0.896 S=0.026)
2026-03-30 18:19:58  INFO      TradingRunner: Analysing AUDJPY …
2026-03-30 18:19:58  INFO      TradingGraph: Running agents for AUDJPY
2026-03-30 18:19:58  INFO      TradingGraph: Completed 15 agents
2026-03-30 18:19:58  INFO      TradingGraph: Fusing timeframe signals
2026-03-30 18:19:58  INFO      TradingGraph: Fusion: L=0.670(csns=1.00), M=-0.426(csns=1.00), S=-0.010(csns=0.40), align_str=0.000
2026-03-30 18:19:58  INFO      TradingGraph: Timeframes not aligned — stopping (L=0.670 M=-0.426 S=-0.010)
2026-03-30 18:19:58  INFO      TradingRunner: Analysing EURGBP …
2026-03-30 18:19:58  INFO      TradingGraph: Running agents for EURGBP
2026-03-30 18:19:58  INFO      TradingGraph: Completed 15 agents
2026-03-30 18:19:58  INFO      TradingGraph: Fusing timeframe signals
2026-03-30 18:19:58  INFO      TradingGraph: Fusion: L=-0.117(csns=1.00), M=0.229(csns=1.00), S=-0.075(csns=0.80), align_str=0.000
2026-03-30 18:19:58  INFO      TradingGraph: Timeframes not aligned — stopping (L=-0.117 M=0.229 S=-0.075)
2026-03-30 18:19:58  INFO      TradingRunner: Analysing EURCHF …
2026-03-30 18:19:58  INFO      TradingGraph: Running agents for EURCHF
2026-03-30 18:19:59  INFO      TradingGraph: Completed 15 agents
2026-03-30 18:19:59  INFO      TradingGraph: Fusing timeframe signals
2026-03-30 18:19:59  INFO      TradingGraph: Fusion: L=-0.371(csns=1.00), M=-0.299(csns=1.00), S=-0.273(csns=0.71), align_str=0.312
2026-03-30 18:19:59  INFO      TradingGraph: Aligned [full-alignment] (bearish) — proceeding [L=-0.371 M=-0.299 S=-0.273 breadth=0.013]
2026-03-30 18:19:59  INFO      TradingGraph: Generating trading recipe
2026-03-30 18:19:59  INFO      TradingGraph: Generated recipe: BALANCED_SHORT_FULL_ALIGNMENT_EURCHF
2026-03-30 18:19:59  INFO      TradingGraph: Pivot guard: support 0.13×ATR away — rejecting SHORT (buffer=0.5)
2026-03-30 18:19:59  INFO      TradingRunner: Analysing CHFJPY …
2026-03-30 18:19:59  INFO      TradingGraph: Running agents for CHFJPY
2026-03-30 18:19:59  INFO      TradingGraph: Completed 15 agents
2026-03-30 18:19:59  INFO      TradingGraph: Fusing timeframe signals
2026-03-30 18:19:59  INFO      TradingGraph: Fusion: L=0.332(csns=0.50), M=-0.653(csns=1.00), S=-0.131(csns=0.75), align_str=0.000
2026-03-30 18:19:59  INFO      TradingGraph: Aligned [counter-trend-scalp] (bearish) — proceeding [L=0.332 M=-0.653 S=-0.131 breadth=0.013]
2026-03-30 18:19:59  INFO      TradingGraph: Generating trading recipe
2026-03-30 18:19:59  INFO      TradingGraph: Generated recipe: BALANCED_SHORT_COUNTER_TREND_SCALP_CHFJPY
2026-03-30 18:19:59  INFO      TradingGraph: Risk check passed
2026-03-30 18:19:59  INFO      TradingGraph: Creating trade plan
2026-03-30 18:19:59  INFO      TradingGraph: Structure SL/TP [CHFJPY] entry=199.32300 sl=201.22257 (3.67×ATR) tp=197.62400 (R:R=0.89)
2026-03-30 18:19:59  INFO      TradingGraph: Created trade plan: entry=199.3230, sl=201.2230, tp=197.4230
2026-03-30 18:19:59  INFO      TradingGraph: Executing trade for CHFJPY
2026-03-30 18:19:59  INFO      MT5Executor: CHFJPY: lots=0.01 (risk=$10.40)
2026-03-30 18:19:59  INFO      MT5Executor: Market order filled: ticket=56000626198 vol=0.01
2026-03-30 18:19:59  INFO      TradingGraph: Order placed: ticket=56000626198
2026-03-30 18:19:59  INFO      OrderManager: Created order order_3_20260330_181959 for CHFJPY
2026-03-30 18:19:59  INFO      TradeJournal: TRADE  CHFJPY           Direction.SHORT  qty=0.01  entry=199.32300  sl=201.22300  tp=197.42300  ticket=56000626198
2026-03-30 18:19:59  INFO      TradingRunner: CHFJPY: trade placed — daily count 3/6, next entry in 60min
2026-03-30 18:19:59  INFO      TradingRunner: Analysing XAGUSD …
2026-03-30 18:19:59  INFO      TradingGraph: Running agents for XAGUSD
2026-03-30 18:19:59  INFO      TradingGraph: Completed 15 agents
2026-03-30 18:19:59  INFO      TradingGraph: Fusing timeframe signals
2026-03-30 18:19:59  INFO      TradingGraph: Fusion: L=-0.467(csns=1.00), M=0.214(csns=1.00), S=0.030(csns=0.60), align_str=0.000
2026-03-30 18:19:59  INFO      TradingGraph: Timeframes not aligned — stopping (L=-0.467 M=0.214 S=0.030)
2026-03-30 18:19:59  INFO      TradingRunner: PnL — unrealized: -0.09  realized today: +0.00  total: -0.09
2026-03-30 18:19:59  INFO      TradingRunner: Signal cycle done in 15.1s — sleeping 285s
2026-03-30 18:20:45  INFO      TrailingStopManager: Structural update BUY USDCHF #56000625093: SL 0.78803->0.79360  TP 0.81213->0.81213  (live=0.80004 atr=0.00102)
2026-03-30 18:20:45  INFO      MT5Executor: SL/TP modified for position 56000625093: SL=0.79360  TP=0.81213
2026-03-30 18:20:45  INFO      TrailingStopManager: Structural update BUY USDCAD #56000625230: SL 1.37955->1.38154  TP 1.40473->1.40473  (live=1.39211 atr=0.00121)
2026-03-30 18:20:45  INFO      MT5Executor: SL/TP modified for position 56000625230: SL=1.38154  TP=1.40473
2026-03-30 18:20:45  INFO      TrailingStopManager: Structural update SELL CHFJPY #56000626198: SL 201.22300->201.15092  TP 197.42300->197.42300  (live=199.34000 atr=0.23433)
2026-03-30 18:20:45  INFO      MT5Executor: SL/TP modified for position 56000626198: SL=201.15092  TP=197.42300
2026-03-30 18:20:46  INFO      TradingGraph: Running agents for USDCHF
2026-03-30 18:20:46  INFO      TradingGraph: Completed 15 agents
2026-03-30 18:20:46  INFO      TradingGraph: Fusing timeframe signals
2026-03-30 18:20:46  INFO      TradingGraph: Fusion: L=0.625(csns=1.00), M=0.328(csns=0.75), S=0.039(csns=0.33), align_str=0.200
2026-03-30 18:20:46  INFO      TradingGraph: Running agents for USDCAD
2026-03-30 18:20:46  INFO      TradingGraph: Completed 15 agents
2026-03-30 18:20:46  INFO      TradingGraph: Fusing timeframe signals
2026-03-30 18:20:46  INFO      TradingGraph: Fusion: L=0.666(csns=1.00), M=0.360(csns=0.75), S=0.037(csns=0.33), align_str=0.207
2026-03-30 18:20:47  INFO      TradingGraph: Running agents for CHFJPY
2026-03-30 18:20:47  INFO      TradingGraph: Completed 15 agents
2026-03-30 18:20:47  INFO      TradingGraph: Fusing timeframe signals
2026-03-30 18:20:47  INFO      TradingGraph: Fusion: L=0.332(csns=0.50), M=-0.643(csns=1.00), S=-0.068(csns=0.33), align_str=0.000
2026-03-30 18:20:51  INFO      TradingGraph: Running agents for USDCHF
2026-03-30 18:20:51  INFO      TradingGraph: Completed 15 agents
2026-03-30 18:20:51  INFO      TradingGraph: Fusing timeframe signals
2026-03-30 18:20:51  INFO      TradingGraph: Fusion: L=0.570(csns=1.00), M=0.328(csns=0.75), S=0.037(csns=0.33), align_str=0.191
2026-03-30 18:20:51  INFO      TradingGraph: Running agents for USDCAD
2026-03-30 18:20:51  INFO      TradingGraph: Completed 15 agents
2026-03-30 18:20:51  INFO      TradingGraph: Fusing timeframe signals
2026-03-30 18:20:51  INFO      TradingGraph: Fusion: L=0.594(csns=1.00), M=0.359(csns=0.75), S=0.032(csns=0.33), align_str=0.190
2026-03-30 18:21:14  INFO      TradingRunner: [WATCHDOG] alive | equity=138.57 | cycle=1 | profile=balanced
2026-03-30 18:21:32  INFO      TradingRunner: [WATCHDOG] alive | equity=138.44 | cycle=5 | profile=risky
2026-03-30 18:21:45  INFO      TradingGraph: Running agents for USDCHF
2026-03-30 18:21:45  INFO      TradingGraph: Completed 15 agents
2026-03-30 18:21:45  INFO      TradingGraph: Fusing timeframe signals
2026-03-30 18:21:45  INFO      TradingGraph: Fusion: L=0.625(csns=1.00), M=0.324(csns=0.67), S=0.047(csns=0.33), align_str=0.211
2026-03-30 18:21:46  INFO      TradingGraph: Running agents for USDCAD
2026-03-30 18:21:46  INFO      TradingGraph: Completed 15 agents
2026-03-30 18:21:46  INFO      TradingGraph: Fusing timeframe signals
2026-03-30 18:21:46  INFO      TradingGraph: Fusion: L=0.666(csns=1.00), M=0.361(csns=0.75), S=0.037(csns=0.33), align_str=0.208
2026-03-30 18:21:46  INFO      TradingGraph: Running agents for CHFJPY
2026-03-30 18:21:46  INFO      TradingGraph: Completed 15 agents
2026-03-30 18:21:46  INFO      TradingGraph: Fusing timeframe signals
2026-03-30 18:21:46  INFO      TradingGraph: Fusion: L=0.332(csns=0.50), M=-0.647(csns=1.00), S=-0.110(csns=0.67), align_str=0.000
2026-03-30 18:21:50  INFO      TradingGraph: Running agents for USDCHF
2026-03-30 18:21:50  INFO      TradingGraph: Completed 15 agents
2026-03-30 18:21:50  INFO      TradingGraph: Fusing timeframe signals
2026-03-30 18:21:50  INFO      TradingGraph: Fusion: L=0.571(csns=1.00), M=0.323(csns=0.67), S=0.044(csns=0.33), align_str=0.201
2026-03-30 18:21:51  INFO      TradingGraph: Running agents for USDCAD
2026-03-30 18:21:51  INFO      TradingGraph: Completed 15 agents
2026-03-30 18:21:51  INFO      TradingGraph: Fusing timeframe signals
2026-03-30 18:21:51  INFO      TradingGraph: Fusion: L=0.594(csns=1.00), M=0.361(csns=0.75), S=0.033(csns=0.33), align_str=0.192
2026-03-30 18:22:45  INFO      TradingGraph: Running agents for USDCHF
2026-03-30 18:22:46  INFO      TradingGraph: Completed 15 agents
2026-03-30 18:22:46  INFO      TradingGraph: Fusing timeframe signals
2026-03-30 18:22:46  INFO      TradingGraph: Fusion: L=0.625(csns=1.00), M=0.328(csns=0.75), S=0.040(csns=0.33), align_str=0.201
2026-03-30 18:22:46  INFO      TradingGraph: Running agents for USDCAD
2026-03-30 18:22:46  INFO      TradingGraph: Completed 15 agents
2026-03-30 18:22:46  INFO      TradingGraph: Fusing timeframe signals
2026-03-30 18:22:46  INFO      TradingGraph: Fusion: L=0.666(csns=1.00), M=0.356(csns=0.75), S=0.046(csns=0.33), align_str=0.221
2026-03-30 18:22:46  INFO      TradingGraph: Running agents for CHFJPY
2026-03-30 18:22:47  INFO      TradingGraph: Completed 15 agents
2026-03-30 18:22:47  INFO      TradingGraph: Fusing timeframe signals
2026-03-30 18:22:47  INFO      TradingGraph: Fusion: L=0.332(csns=0.50), M=-0.651(csns=1.00), S=-0.117(csns=0.67), align_str=0.000
2026-03-30 18:22:50  INFO      TradingGraph: Running agents for USDCHF
2026-03-30 18:22:51  INFO      TradingGraph: Completed 15 agents
2026-03-30 18:22:51  INFO      TradingGraph: Fusing timeframe signals
2026-03-30 18:22:51  INFO      TradingGraph: Fusion: L=0.571(csns=1.00), M=0.328(csns=0.75), S=0.037(csns=0.33), align_str=0.192
2026-03-30 18:22:51  INFO      TradingGraph: Running agents for USDCAD
2026-03-30 18:22:51  INFO      TradingGraph: Completed 15 agents
2026-03-30 18:22:51  INFO      TradingGraph: Fusing timeframe signals
2026-03-30 18:22:51  INFO      TradingGraph: Fusion: L=0.594(csns=1.00), M=0.358(csns=0.75), S=0.041(csns=0.33), align_str=0.205
2026-03-30 18:23:46  INFO      TradingGraph: Running agents for USDCHF
2026-03-30 18:23:46  INFO      TradingGraph: Completed 15 agents
2026-03-30 18:23:46  INFO      TradingGraph: Fusing timeframe signals
2026-03-30 18:23:46  INFO      TradingGraph: Fusion: L=0.625(csns=1.00), M=0.326(csns=0.67), S=0.052(csns=0.33), align_str=0.220
2026-03-30 18:23:46  INFO      TradingGraph: Running agents for USDCAD
2026-03-30 18:23:46  INFO      TradingGraph: Completed 15 agents
2026-03-30 18:23:46  INFO      TradingGraph: Fusing timeframe signals
2026-03-30 18:23:46  INFO      TradingGraph: Fusion: L=0.666(csns=1.00), M=0.366(csns=0.75), S=0.038(csns=0.33), align_str=0.210
2026-03-30 18:23:46  INFO      TradingGraph: Running agents for CHFJPY
2026-03-30 18:23:46  INFO      TradingGraph: Completed 15 agents
2026-03-30 18:23:46  INFO      TradingGraph: Fusing timeframe signals
2026-03-30 18:23:46  INFO      TradingGraph: Fusion: L=0.332(csns=0.50), M=-0.654(csns=1.00), S=-0.135(csns=0.75), align_str=0.000
2026-03-30 18:23:51  INFO      TradingGraph: Running agents for USDCHF
2026-03-30 18:23:51  INFO      TradingGraph: Completed 15 agents
2026-03-30 18:23:51  INFO      TradingGraph: Fusing timeframe signals
2026-03-30 18:23:51  INFO      TradingGraph: Fusion: L=0.571(csns=1.00), M=0.326(csns=0.67), S=0.052(csns=0.33), align_str=0.213
2026-03-30 18:23:51  INFO      TradingGraph: Running agents for USDCAD
2026-03-30 18:23:51  INFO      TradingGraph: Completed 15 agents
2026-03-30 18:23:51  INFO      TradingGraph: Fusing timeframe signals
2026-03-30 18:23:51  INFO      TradingGraph: Fusion: L=0.595(csns=1.00), M=0.366(csns=0.75), S=0.034(csns=0.33), align_str=0.194
2026-03-30 18:23:58  INFO      TradingRunner: Analysing EURUSD …
2026-03-30 18:23:58  INFO      TradingGraph: Running agents for EURUSD
2026-03-30 18:23:58  INFO      TradingGraph: Completed 15 agents
2026-03-30 18:23:58  INFO      TradingGraph: Fusing timeframe signals
2026-03-30 18:23:58  INFO      TradingGraph: Fusion: L=-0.548(csns=1.00), M=-0.686(csns=1.00), S=-0.361(csns=0.83), align_str=0.514
2026-03-30 18:23:58  INFO      TradingGraph: Aligned [full-alignment] (bearish) — proceeding [L=-0.548 M=-0.686 S=-0.361 breadth=0.014]
2026-03-30 18:23:58  INFO      TradingGraph: Generating trading recipe
2026-03-30 18:23:58  INFO      TradingGraph: Generated recipe: RISKY_SHORT_FULL_ALIGNMENT_EURUSD
2026-03-30 18:23:58  INFO      TradingGraph: Correlation guard: 2/2 long_usd positions already open — refusing EURUSD SELL
2026-03-30 18:23:58  INFO      TradingRunner: Analysing GBPUSD …
2026-03-30 18:23:58  INFO      TradingGraph: Running agents for GBPUSD
2026-03-30 18:23:59  INFO      TradingGraph: Completed 15 agents
2026-03-30 18:23:59  INFO      TradingGraph: Fusing timeframe signals
2026-03-30 18:23:59  INFO      TradingGraph: Fusion: L=-0.575(csns=1.00), M=-0.642(csns=1.00), S=-0.076(csns=0.50), align_str=0.303
2026-03-30 18:23:59  INFO      TradingGraph: Aligned [pullback-entry] (bearish) — proceeding [L=-0.575 M=-0.642 S=-0.076 breadth=0.014]
2026-03-30 18:23:59  INFO      TradingGraph: Generating trading recipe
2026-03-30 18:23:59  INFO      TradingGraph: Generated recipe: RISKY_SHORT_PULLBACK_ENTRY_GBPUSD
2026-03-30 18:23:59  INFO      TradingGraph: Correlation guard: 2/2 long_usd positions already open — refusing GBPUSD SELL
2026-03-30 18:23:59  INFO      TradingRunner: Analysing USDJPY …
2026-03-30 18:23:59  INFO      TradingGraph: Running agents for USDJPY
2026-03-30 18:23:59  INFO      TradingGraph: Completed 15 agents
2026-03-30 18:23:59  INFO      TradingGraph: Fusing timeframe signals
2026-03-30 18:23:59  INFO      TradingGraph: Fusion: L=0.368(csns=0.67), M=-0.147(csns=1.00), S=-0.087(csns=0.67), align_str=0.000
2026-03-30 18:23:59  INFO      TradingGraph: Aligned [pullback-entry] (bullish) — proceeding [L=0.368 M=-0.147 S=-0.087 breadth=0.014]
2026-03-30 18:23:59  INFO      TradingGraph: Generating trading recipe
2026-03-30 18:23:59  INFO      TradingGraph: Generated recipe: RISKY_LONG_PULLBACK_ENTRY_USDJPY
2026-03-30 18:23:59  INFO      TradingGraph: Win probability too low: 0.422 < 0.48
2026-03-30 18:23:59  INFO      TradingRunner: Analysing AUDUSD …
2026-03-30 18:23:59  INFO      TradingGraph: Running agents for AUDUSD
2026-03-30 18:23:59  INFO      TradingGraph: Completed 15 agents
2026-03-30 18:23:59  INFO      TradingGraph: Fusing timeframe signals
2026-03-30 18:23:59  INFO      TradingGraph: Fusion: L=-0.065(csns=1.00), M=-0.125(csns=0.75), S=0.042(csns=0.80), align_str=0.000
2026-03-30 18:23:59  INFO      TradingGraph: Timeframes not aligned — stopping (L=-0.065 M=-0.125 S=0.042)
2026-03-30 18:23:59  INFO      TradingRunner: Analysing NZDUSD …
2026-03-30 18:23:59  INFO      TradingGraph: Running agents for NZDUSD
2026-03-30 18:23:59  INFO      TradingGraph: Completed 15 agents
2026-03-30 18:23:59  INFO      TradingGraph: Fusing timeframe signals
2026-03-30 18:23:59  INFO      TradingGraph: Fusion: L=-0.593(csns=1.00), M=-0.364(csns=0.75), S=-0.085(csns=0.40), align_str=0.264
2026-03-30 18:23:59  INFO      TradingGraph: Aligned [full-alignment] (bearish) — proceeding [L=-0.593 M=-0.364 S=-0.085 breadth=0.014]
2026-03-30 18:23:59  INFO      TradingGraph: Generating trading recipe
2026-03-30 18:23:59  INFO      TradingGraph: Generated recipe: RISKY_SHORT_FULL_ALIGNMENT_NZDUSD
2026-03-30 18:23:59  INFO      TradingGraph: Correlation guard: 2/2 long_usd positions already open — refusing NZDUSD SELL
2026-03-30 18:23:59  INFO      TradingRunner: Analysing US30 …
2026-03-30 18:23:59  INFO      TradingGraph: Running agents for US30
2026-03-30 18:23:59  INFO      TradingGraph: Completed 15 agents
2026-03-30 18:23:59  INFO      TradingGraph: Fusing timeframe signals
2026-03-30 18:23:59  INFO      TradingGraph: Fusion: L=-0.269(csns=0.67), M=-0.095(csns=1.00), S=-0.038(csns=0.67), align_str=0.099
2026-03-30 18:23:59  INFO      TradingGraph: Aligned [pullback-entry] (bearish) — proceeding [L=-0.269 M=-0.095 S=-0.038 breadth=0.014]
2026-03-30 18:23:59  INFO      TradingGraph: Generating trading recipe
2026-03-30 18:23:59  INFO      TradingGraph: Generated recipe: RISKY_SHORT_PULLBACK_ENTRY_US30
2026-03-30 18:23:59  INFO      TradingGraph: Risk check passed
2026-03-30 18:23:59  INFO      TradingGraph: Creating trade plan
2026-03-30 18:23:59  INFO      TradingGraph: VIX risk scaling: vix_fear=0.53 → risk ×0.87 (0.24)
2026-03-30 18:23:59  INFO      TradingGraph: Structure SL/TP [US30] entry=45485.00000 sl=46644.74506 (3.26×ATR) tp=44395.40000 (R:R=0.94)
2026-03-30 18:23:59  INFO      TradingGraph: Created trade plan: entry=45485.0000, sl=46644.7500, tp=43745.3800
2026-03-30 18:23:59  INFO      TradingGraph: Executing trade for US30
2026-03-30 18:23:59  WARNING   MT5Executor: US30: trading disabled on this symbol (trade_mode=0 — may be outside market hours or broker restriction). Skipping.
2026-03-30 18:23:59  INFO      TradingGraph: Order not placed for US30 (executor returned None — see executor log for reason)
2026-03-30 18:23:59  INFO      TradingRunner: Analysing US500 …
2026-03-30 18:23:59  INFO      TradingGraph: Running agents for US500
2026-03-30 18:23:59  INFO      TradingGraph: Completed 15 agents
2026-03-30 18:23:59  INFO      TradingGraph: Fusing timeframe signals
2026-03-30 18:23:59  INFO      TradingGraph: Fusion: L=-0.433(csns=1.00), M=-0.226(csns=1.00), S=-0.048(csns=0.67), align_str=0.168
2026-03-30 18:23:59  INFO      TradingGraph: Aligned [pullback-entry] (bearish) — proceeding [L=-0.433 M=-0.226 S=-0.048 breadth=0.014]
2026-03-30 18:23:59  INFO      TradingGraph: Generating trading recipe
2026-03-30 18:23:59  INFO      TradingGraph: Generated recipe: RISKY_SHORT_PULLBACK_ENTRY_US500
2026-03-30 18:23:59  INFO      TradingGraph: Risk check passed
2026-03-30 18:23:59  INFO      TradingGraph: Creating trade plan
2026-03-30 18:23:59  INFO      TradingGraph: VIX risk scaling: vix_fear=0.53 → risk ×0.87 (0.24)
2026-03-30 18:23:59  INFO      TradingGraph: SL cap [US500]: 5.37×ATR → 3.5×ATR
2026-03-30 18:23:59  INFO      TradingGraph: Structure SL/TP [US500] entry=6381.40000 sl=6556.03020 (3.50×ATR) tp=6204.73317 (R:R=1.01)
2026-03-30 18:23:59  INFO      TradingGraph: Created trade plan: entry=6381.4000, sl=6556.0300, tp=6119.4500
2026-03-30 18:23:59  INFO      TradingGraph: Executing trade for US500
2026-03-30 18:23:59  WARNING   MT5Executor: US500: trading disabled on this symbol (trade_mode=0 — may be outside market hours or broker restriction). Skipping.
2026-03-30 18:23:59  INFO      TradingGraph: Order not placed for US500 (executor returned None — see executor log for reason)
2026-03-30 18:23:59  INFO      TradingRunner: Analysing USTEC …
2026-03-30 18:23:59  INFO      TradingGraph: Running agents for USTEC
2026-03-30 18:23:59  INFO      TradingGraph: Completed 15 agents
2026-03-30 18:23:59  INFO      TradingGraph: Fusing timeframe signals
2026-03-30 18:23:59  INFO      TradingGraph: Fusion: L=-0.439(csns=1.00), M=-0.253(csns=1.00), S=-0.293(csns=1.00), align_str=0.320
2026-03-30 18:23:59  INFO      TradingGraph: Aligned [full-alignment] (bearish) — proceeding [L=-0.439 M=-0.253 S=-0.293 breadth=0.014]
2026-03-30 18:23:59  INFO      TradingGraph: Generating trading recipe
2026-03-30 18:23:59  INFO      TradingGraph: Generated recipe: RISKY_SHORT_FULL_ALIGNMENT_USTEC
2026-03-30 18:23:59  INFO      TradingGraph: Risk check passed
2026-03-30 18:23:59  INFO      TradingGraph: Creating trade plan
2026-03-30 18:23:59  INFO      TradingGraph: VIX risk scaling: vix_fear=0.50 → risk ×0.90 (0.25)
2026-03-30 18:23:59  INFO      TradingGraph: SL cap [USTEC]: 6.06×ATR → 3.5×ATR
2026-03-30 18:23:59  INFO      TradingGraph: Structure SL/TP [USTEC] entry=23118.50000 sl=23851.27403 (3.50×ATR) tp=22501.45518 (R:R=0.84)
2026-03-30 18:23:59  INFO      TradingGraph: Created trade plan: entry=23118.5000, sl=23851.2700, tp=22019.3400
2026-03-30 18:23:59  INFO      TradingGraph: Executing trade for USTEC
2026-03-30 18:23:59  WARNING   MT5Executor: USTEC: trading disabled on this symbol (trade_mode=0 — may be outside market hours or broker restriction). Skipping.
2026-03-30 18:23:59  INFO      TradingGraph: Order not placed for USTEC (executor returned None — see executor log for reason)
2026-03-30 18:23:59  INFO      TradingRunner: Analysing DAX …
2026-03-30 18:23:59  INFO      TradingGraph: Running agents for DAX
2026-03-30 18:23:59  INFO      TradingGraph: Completed 15 agents
2026-03-30 18:23:59  INFO      TradingGraph: Fusing timeframe signals
2026-03-30 18:23:59  INFO      TradingGraph: Fusion: L=-0.155(csns=1.00), M=-0.077(csns=1.00), S=0.082(csns=0.83), align_str=0.000
2026-03-30 18:23:59  INFO      TradingGraph: Timeframes not aligned — stopping (L=-0.155 M=-0.077 S=0.082)
2026-03-30 18:23:59  INFO      TradingRunner: Analysing UK100 …
2026-03-30 18:23:59  INFO      TradingGraph: Running agents for UK100
2026-03-30 18:24:00  INFO      TradingGraph: Completed 15 agents
2026-03-30 18:24:00  INFO      TradingGraph: Fusing timeframe signals
2026-03-30 18:24:00  INFO      TradingGraph: Fusion: L=0.141(csns=0.67), M=0.573(csns=1.00), S=0.225(csns=0.67), align_str=0.263
2026-03-30 18:24:00  INFO      TradingGraph: Timeframes not aligned — stopping (L=0.141 M=0.573 S=0.225)
2026-03-30 18:24:00  INFO      TradingRunner: Analysing EURJPY …
2026-03-30 18:24:00  INFO      TradingGraph: Running agents for EURJPY
2026-03-30 18:24:00  INFO      TradingGraph: Completed 15 agents
2026-03-30 18:24:00  INFO      TradingGraph: Fusing timeframe signals
2026-03-30 18:24:00  INFO      TradingGraph: Fusion: L=-0.162(csns=1.00), M=-0.903(csns=1.00), S=-0.083(csns=0.80), align_str=0.230
2026-03-30 18:24:00  INFO      TradingGraph: Timeframes not aligned — stopping (L=-0.162 M=-0.903 S=-0.083)
2026-03-30 18:24:00  INFO      TradingRunner: Analysing GBPJPY …
2026-03-30 18:24:00  INFO      TradingGraph: Running agents for GBPJPY
2026-03-30 18:24:00  INFO      TradingGraph: Completed 15 agents
2026-03-30 18:24:00  INFO      TradingGraph: Fusing timeframe signals
2026-03-30 18:24:00  INFO      TradingGraph: Fusion: L=0.040(csns=0.33), M=-0.901(csns=1.00), S=-0.007(csns=0.67), align_str=0.000
2026-03-30 18:24:00  INFO      TradingGraph: Timeframes not aligned — stopping (L=0.040 M=-0.901 S=-0.007)
2026-03-30 18:24:00  INFO      TradingRunner: Analysing AUDJPY …
2026-03-30 18:24:00  INFO      TradingGraph: Running agents for AUDJPY
2026-03-30 18:24:00  INFO      TradingGraph: Completed 15 agents
2026-03-30 18:24:00  INFO      TradingGraph: Fusing timeframe signals
2026-03-30 18:24:00  INFO      TradingGraph: Fusion: L=0.255(csns=0.33), M=-0.423(csns=1.00), S=-0.006(csns=0.25), align_str=0.000
2026-03-30 18:24:00  INFO      TradingGraph: Timeframes not aligned — stopping (L=0.255 M=-0.423 S=-0.006)
2026-03-30 18:24:00  INFO      TradingRunner: Analysing EURGBP …
2026-03-30 18:24:00  INFO      TradingGraph: Running agents for EURGBP
2026-03-30 18:24:00  INFO      TradingGraph: Completed 15 agents
2026-03-30 18:24:00  INFO      TradingGraph: Fusing timeframe signals
2026-03-30 18:24:00  INFO      TradingGraph: Fusion: L=0.004(csns=0.33), M=0.340(csns=1.00), S=-0.104(csns=0.83), align_str=0.000
2026-03-30 18:24:00  INFO      TradingGraph: Timeframes not aligned — stopping (L=0.004 M=0.340 S=-0.104)
2026-03-30 18:24:00  INFO      TradingRunner: Analysing EURCHF …
2026-03-30 18:24:00  INFO      TradingGraph: Running agents for EURCHF
2026-03-30 18:24:00  INFO      TradingGraph: Completed 15 agents
2026-03-30 18:24:00  INFO      TradingGraph: Fusing timeframe signals
2026-03-30 18:24:00  INFO      TradingGraph: Fusion: L=-0.203(csns=0.67), M=-0.297(csns=1.00), S=-0.267(csns=0.71), align_str=0.253
2026-03-30 18:24:00  INFO      TradingGraph: Aligned [full-alignment] (bearish) — proceeding [L=-0.203 M=-0.297 S=-0.267 breadth=0.014]
2026-03-30 18:24:00  INFO      TradingGraph: Generating trading recipe
2026-03-30 18:24:00  INFO      TradingGraph: Generated recipe: RISKY_SHORT_FULL_ALIGNMENT_EURCHF
2026-03-30 18:24:00  INFO      TradingGraph: Pivot guard: support 0.13×ATR away — rejecting SHORT (buffer=0.5)
2026-03-30 18:24:00  INFO      TradingRunner: Analysing CHFJPY …
2026-03-30 18:24:00  INFO      TradingGraph: Running agents for CHFJPY
2026-03-30 18:24:00  INFO      TradingGraph: Completed 15 agents
2026-03-30 18:24:00  INFO      TradingGraph: Fusing timeframe signals
2026-03-30 18:24:00  INFO      TradingGraph: Fusion: L=0.269(csns=0.67), M=-0.654(csns=1.00), S=-0.117(csns=0.75), align_str=0.000
2026-03-30 18:24:00  INFO      TradingGraph: Timeframes not aligned — stopping (L=0.269 M=-0.654 S=-0.117)
2026-03-30 18:24:00  INFO      TradingRunner: Analysing XAGUSD …
2026-03-30 18:24:00  INFO      TradingGraph: Running agents for XAGUSD
2026-03-30 18:24:00  INFO      TradingGraph: Completed 15 agents
2026-03-30 18:24:00  INFO      TradingGraph: Fusing timeframe signals
2026-03-30 18:24:00  INFO      TradingGraph: Fusion: L=-0.184(csns=0.50), M=0.206(csns=1.00), S=0.031(csns=0.60), align_str=0.000
2026-03-30 18:24:00  INFO      TradingGraph: Timeframes not aligned — stopping (L=-0.184 M=0.206 S=0.031)
2026-03-30 18:24:00  INFO      TradingRunner: PnL — unrealized: -0.14  realized today: +0.00  total: -0.14
2026-03-30 18:24:00  INFO      TradingRunner: Signal cycle done in 9.2s — sleeping 291s
2026-03-30 18:24:47  INFO      TradingGraph: Running agents for USDCHF
2026-03-30 18:24:47  INFO      TradingGraph: Completed 15 agents
2026-03-30 18:24:47  INFO      TradingGraph: Fusing timeframe signals
2026-03-30 18:24:47  INFO      TradingGraph: Fusion: L=0.625(csns=1.00), M=0.330(csns=0.75), S=0.042(csns=0.33), align_str=0.205
2026-03-30 18:24:51  INFO      TradingGraph: Running agents for USDCHF
2026-03-30 18:24:51  INFO      TradingGraph: Completed 15 agents
2026-03-30 18:24:51  INFO      TradingGraph: Fusing timeframe signals
2026-03-30 18:24:51  INFO      TradingGraph: Fusion: L=0.571(csns=1.00), M=0.330(csns=0.75), S=0.039(csns=0.33), align_str=0.195
2026-03-30 18:24:51  INFO      TradingGraph: Running agents for USDCAD
2026-03-30 18:24:52  INFO      TradingGraph: Completed 15 agents
2026-03-30 18:24:52  INFO      TradingGraph: Fusing timeframe signals
2026-03-30 18:24:52  INFO      TradingGraph: Fusion: L=0.595(csns=1.00), M=0.370(csns=0.75), S=0.037(csns=0.33), align_str=0.200
2026-03-30 18:24:53  INFO      TradingGraph: Running agents for USDCAD
2026-03-30 18:24:53  INFO      TradingGraph: Completed 15 agents
2026-03-30 18:24:53  INFO      TradingGraph: Fusing timeframe signals
2026-03-30 18:24:53  INFO      TradingGraph: Fusion: L=0.595(csns=1.00), M=0.371(csns=0.75), S=0.040(csns=0.33), align_str=0.207
2026-03-30 18:24:55  INFO      TradingGraph: Running agents for CHFJPY
2026-03-30 18:24:55  INFO      TradingGraph: Completed 15 agents
2026-03-30 18:24:55  INFO      TradingGraph: Fusing timeframe signals
2026-03-30 18:24:55  INFO      TradingGraph: Fusion: L=0.269(csns=0.67), M=-0.660(csns=1.00), S=-0.151(csns=0.80), align_str=0.000
2026-03-30 18:24:55  INFO      TradingRunner: Analysing EURUSD …
2026-03-30 18:24:55  INFO      TradingGraph: Running agents for EURUSD
2026-03-30 18:24:56  INFO      TradingGraph: Completed 15 agents
2026-03-30 18:24:56  INFO      TradingGraph: Fusing timeframe signals
2026-03-30 18:24:56  INFO      TradingGraph: Fusion: L=-0.672(csns=1.00), M=-0.684(csns=1.00), S=-0.368(csns=0.83), align_str=0.553
2026-03-30 18:24:56  INFO      TradingGraph: Aligned [full-alignment] (bearish) — proceeding [L=-0.672 M=-0.684 S=-0.368 breadth=0.013]
2026-03-30 18:24:56  INFO      TradingGraph: Generating trading recipe
2026-03-30 18:24:56  INFO      TradingGraph: Generated recipe: BALANCED_SHORT_FULL_ALIGNMENT_EURUSD
2026-03-30 18:24:56  INFO      TradingGraph: Correlation guard: 2/2 long_usd positions already open — refusing EURUSD SELL
2026-03-30 18:24:56  INFO      TradingRunner: Analysing GBPUSD …
2026-03-30 18:24:56  INFO      TradingGraph: Running agents for GBPUSD
2026-03-30 18:24:56  INFO      TradingGraph: Completed 15 agents
2026-03-30 18:24:56  INFO      TradingGraph: Fusing timeframe signals
2026-03-30 18:24:56  INFO      TradingGraph: Fusion: L=-0.690(csns=1.00), M=-0.641(csns=1.00), S=-0.083(csns=0.50), align_str=0.333
2026-03-30 18:24:56  INFO      TradingGraph: Aligned [full-alignment] (bearish) — proceeding [L=-0.690 M=-0.641 S=-0.083 breadth=0.013]
2026-03-30 18:24:56  INFO      TradingGraph: Generating trading recipe
2026-03-30 18:24:56  INFO      TradingGraph: Generated recipe: BALANCED_SHORT_FULL_ALIGNMENT_GBPUSD
2026-03-30 18:24:56  INFO      TradingGraph: Correlation guard: 2/2 long_usd positions already open — refusing GBPUSD SELL
2026-03-30 18:24:56  INFO      TradingRunner: Analysing USDJPY …
2026-03-30 18:24:56  INFO      TradingGraph: Running agents for USDJPY
2026-03-30 18:24:56  INFO      TradingGraph: Completed 15 agents
2026-03-30 18:24:56  INFO      TradingGraph: Fusing timeframe signals
2026-03-30 18:24:56  INFO      TradingGraph: Fusion: L=0.561(csns=1.00), M=-0.169(csns=1.00), S=-0.108(csns=0.67), align_str=0.000
2026-03-30 18:24:56  INFO      TradingGraph: Timeframes not aligned — stopping (L=0.561 M=-0.169 S=-0.108)
2026-03-30 18:24:56  INFO      TradingRunner: Analysing AUDUSD …
2026-03-30 18:24:56  INFO      TradingGraph: Running agents for AUDUSD
2026-03-30 18:24:56  INFO      TradingGraph: Completed 15 agents
2026-03-30 18:24:56  INFO      TradingGraph: Fusing timeframe signals
2026-03-30 18:24:56  INFO      TradingGraph: Fusion: L=-0.007(csns=1.00), M=-0.123(csns=0.75), S=0.038(csns=0.80), align_str=0.000
2026-03-30 18:24:56  INFO      TradingGraph: Timeframes not aligned — stopping (L=-0.007 M=-0.123 S=0.038)
2026-03-30 18:24:56  INFO      TradingRunner: Analysing NZDUSD …
2026-03-30 18:24:56  INFO      TradingGraph: Running agents for NZDUSD
2026-03-30 18:24:56  INFO      TradingGraph: Completed 15 agents
2026-03-30 18:24:56  INFO      TradingGraph: Fusing timeframe signals
2026-03-30 18:24:56  INFO      TradingGraph: Fusion: L=-0.593(csns=1.00), M=-0.350(csns=0.75), S=-0.077(csns=0.40), align_str=0.252
2026-03-30 18:24:56  INFO      TradingGraph: Aligned [pullback-entry] (bearish) — proceeding [L=-0.593 M=-0.350 S=-0.077 breadth=0.013]
2026-03-30 18:24:56  INFO      TradingGraph: Generating trading recipe
2026-03-30 18:24:56  INFO      TradingGraph: Generated recipe: BALANCED_SHORT_PULLBACK_ENTRY_NZDUSD
2026-03-30 18:24:56  INFO      TradingGraph: Correlation guard: 2/2 long_usd positions already open — refusing NZDUSD SELL
2026-03-30 18:24:56  INFO      TradingRunner: Analysing US30 …
2026-03-30 18:24:56  INFO      TradingGraph: Running agents for US30
2026-03-30 18:24:56  INFO      TradingGraph: Completed 15 agents
2026-03-30 18:24:56  INFO      TradingGraph: Fusing timeframe signals
2026-03-30 18:24:56  INFO      TradingGraph: Fusion: L=-0.270(csns=0.67), M=-0.100(csns=1.00), S=-0.047(csns=0.67), align_str=0.108
2026-03-30 18:24:56  INFO      TradingGraph: Aligned [pullback-entry] (bearish) — proceeding [L=-0.270 M=-0.100 S=-0.047 breadth=0.013]
2026-03-30 18:24:56  INFO      TradingGraph: Generating trading recipe
2026-03-30 18:24:56  INFO      TradingGraph: Generated recipe: BALANCED_SHORT_PULLBACK_ENTRY_US30
2026-03-30 18:24:56  INFO      TradingGraph: Risk check passed
2026-03-30 18:24:56  INFO      TradingGraph: Creating trade plan
2026-03-30 18:24:56  INFO      TradingGraph: VIX risk scaling: vix_fear=0.53 → risk ×0.89 (0.12)
2026-03-30 18:24:56  INFO      TradingGraph: Structure SL/TP [US30] entry=45474.40000 sl=46644.74506 (3.29×ATR) tp=44395.40000 (R:R=0.92)
2026-03-30 18:24:56  INFO      TradingGraph: Created trade plan: entry=45474.4000, sl=46644.7500, tp=44304.0500
2026-03-30 18:24:56  INFO      TradingGraph: Executing trade for US30
2026-03-30 18:24:56  WARNING   MT5Executor: US30: trading disabled on this symbol (trade_mode=0 — may be outside market hours or broker restriction). Skipping.
2026-03-30 18:24:56  INFO      TradingGraph: Order not placed for US30 (executor returned None — see executor log for reason)
2026-03-30 18:24:56  INFO      TradingRunner: Analysing US500 …
2026-03-30 18:24:56  INFO      TradingGraph: Running agents for US500
2026-03-30 18:24:56  INFO      TradingGraph: Completed 15 agents
2026-03-30 18:24:56  INFO      TradingGraph: Fusing timeframe signals
2026-03-30 18:24:56  INFO      TradingGraph: Fusion: L=-0.433(csns=1.00), M=-0.227(csns=1.00), S=-0.046(csns=0.67), align_str=0.166
2026-03-30 18:24:56  INFO      TradingGraph: Aligned [pullback-entry] (bearish) — proceeding [L=-0.433 M=-0.227 S=-0.046 breadth=0.013]
2026-03-30 18:24:56  INFO      TradingGraph: Generating trading recipe
2026-03-30 18:24:56  INFO      TradingGraph: Generated recipe: BALANCED_SHORT_PULLBACK_ENTRY_US500
2026-03-30 18:24:56  INFO      TradingGraph: Risk check passed
2026-03-30 18:24:56  INFO      TradingGraph: Creating trade plan
2026-03-30 18:24:56  INFO      TradingGraph: VIX risk scaling: vix_fear=0.53 → risk ×0.89 (0.12)
2026-03-30 18:24:56  INFO      TradingGraph: SL cap [US500]: 5.38×ATR → 5.0×ATR
2026-03-30 18:24:56  INFO      TradingGraph: Structure SL/TP [US500] entry=6381.20000 sl=6630.67172 (5.00×ATR) tp=6129.19294 (R:R=1.01)
2026-03-30 18:24:56  INFO      TradingGraph: Created trade plan: entry=6381.2000, sl=6630.6700, tp=6129.1900
2026-03-30 18:24:56  INFO      TradingGraph: Executing trade for US500
2026-03-30 18:24:56  WARNING   MT5Executor: US500: trading disabled on this symbol (trade_mode=0 — may be outside market hours or broker restriction). Skipping.
2026-03-30 18:24:56  INFO      TradingGraph: Order not placed for US500 (executor returned None — see executor log for reason)
2026-03-30 18:24:56  INFO      TradingRunner: Analysing USTEC …
2026-03-30 18:24:56  INFO      TradingGraph: Running agents for USTEC
2026-03-30 18:24:57  INFO      TradingGraph: Completed 15 agents
2026-03-30 18:24:57  INFO      TradingGraph: Fusing timeframe signals
2026-03-30 18:24:57  INFO      TradingGraph: Fusion: L=-0.439(csns=1.00), M=-0.267(csns=1.00), S=-0.296(csns=1.00), align_str=0.326
2026-03-30 18:24:57  INFO      TradingGraph: Aligned [full-alignment] (bearish) — proceeding [L=-0.439 M=-0.267 S=-0.296 breadth=0.013]
2026-03-30 18:24:57  INFO      TradingGraph: Generating trading recipe
2026-03-30 18:24:57  INFO      TradingGraph: Generated recipe: BALANCED_SHORT_FULL_ALIGNMENT_USTEC
2026-03-30 18:24:57  INFO      TradingGraph: Risk check passed
2026-03-30 18:24:57  INFO      TradingGraph: Creating trade plan
2026-03-30 18:24:57  INFO      TradingGraph: VIX risk scaling: vix_fear=0.50 → risk ×0.92 (0.13)
2026-03-30 18:24:57  INFO      TradingGraph: SL cap [USTEC]: 6.06×ATR → 5.0×ATR
2026-03-30 18:24:57  INFO      TradingGraph: Structure SL/TP [USTEC] entry=23119.40000 sl=24166.22004 (5.00×ATR) tp=22236.53876 (R:R=0.84)
2026-03-30 18:24:57  INFO      TradingGraph: Created trade plan: entry=23119.4000, sl=24166.2200, tp=22072.5800
2026-03-30 18:24:57  INFO      TradingGraph: Executing trade for USTEC
2026-03-30 18:24:57  WARNING   MT5Executor: USTEC: trading disabled on this symbol (trade_mode=0 — may be outside market hours or broker restriction). Skipping.
2026-03-30 18:24:57  INFO      TradingGraph: Order not placed for USTEC (executor returned None — see executor log for reason)
2026-03-30 18:24:57  INFO      TradingRunner: Analysing DAX …
2026-03-30 18:24:57  INFO      TradingGraph: Running agents for DAX
2026-03-30 18:24:57  INFO      TradingGraph: Completed 15 agents
2026-03-30 18:24:57  INFO      TradingGraph: Fusing timeframe signals
2026-03-30 18:24:57  INFO      TradingGraph: Fusion: L=-0.155(csns=1.00), M=-0.077(csns=1.00), S=0.070(csns=0.83), align_str=0.000
2026-03-30 18:24:57  INFO      TradingGraph: Aligned [pullback-entry] (bearish) — proceeding [L=-0.155 M=-0.077 S=0.070 breadth=0.013]
2026-03-30 18:24:57  INFO      TradingGraph: Generating trading recipe
2026-03-30 18:24:57  INFO      TradingGraph: Generated recipe: BALANCED_SHORT_PULLBACK_ENTRY_DAX
2026-03-30 18:24:57  INFO      TradingGraph: Win probability too low: 0.448 < 0.46
2026-03-30 18:24:57  INFO      TradingRunner: Analysing UK100 …
2026-03-30 18:24:57  INFO      TradingGraph: Running agents for UK100
2026-03-30 18:24:57  INFO      TradingGraph: Completed 15 agents
2026-03-30 18:24:57  INFO      TradingGraph: Fusing timeframe signals
2026-03-30 18:24:57  INFO      TradingGraph: Fusion: L=0.140(csns=0.67), M=0.560(csns=1.00), S=0.267(csns=0.80), align_str=0.276
2026-03-30 18:24:57  INFO      TradingGraph: Timeframes not aligned — stopping (L=0.140 M=0.560 S=0.267)
2026-03-30 18:24:57  INFO      TradingRunner: Analysing EURJPY …
2026-03-30 18:24:57  INFO      TradingGraph: Running agents for EURJPY
2026-03-30 18:24:57  INFO      TradingGraph: Completed 15 agents
2026-03-30 18:24:57  INFO      TradingGraph: Fusing timeframe signals
2026-03-30 18:24:57  INFO      TradingGraph: Fusion: L=-0.162(csns=1.00), M=-0.905(csns=1.00), S=-0.085(csns=0.80), align_str=0.232
2026-03-30 18:24:57  INFO      TradingGraph: Aligned [full-alignment] (bearish) — proceeding [L=-0.162 M=-0.905 S=-0.085 breadth=0.013]
2026-03-30 18:24:57  INFO      TradingGraph: Generating trading recipe
2026-03-30 18:24:57  INFO      TradingGraph: Generated recipe: BALANCED_SHORT_FULL_ALIGNMENT_EURJPY
2026-03-30 18:24:57  INFO      TradingGraph: Risk check passed
2026-03-30 18:24:57  INFO      TradingGraph: Creating trade plan
2026-03-30 18:24:57  INFO      TradingGraph: VIX risk scaling: vix_fear=0.43 → risk ×0.97 (0.14)
2026-03-30 18:24:57  INFO      TradingGraph: Structure SL/TP [EURJPY] entry=182.60400 sl=184.18132 (4.05×ATR) tp=180.79700 (R:R=1.15)
2026-03-30 18:24:57  INFO      TradingGraph: Created trade plan: entry=182.6040, sl=184.1810, tp=180.7970
2026-03-30 18:24:57  INFO      TradingGraph: Executing trade for EURJPY
2026-03-30 18:24:57  INFO      MT5Executor: EURJPY: lots=0.01 (risk=$8.64)
2026-03-30 18:24:57  INFO      MT5Executor: Market order filled: ticket=56000705659 vol=0.01
2026-03-30 18:24:57  INFO      TradingGraph: Order placed: ticket=56000705659
2026-03-30 18:24:57  INFO      OrderManager: Created order order_4_20260330_182457 for EURJPY
2026-03-30 18:24:57  INFO      TradeJournal: TRADE  EURJPY           Direction.SHORT  qty=0.01  entry=182.60400  sl=184.18100  tp=180.79700  ticket=56000705659
2026-03-30 18:24:57  INFO      TradingRunner: EURJPY: trade placed — daily count 4/6, next entry in 60min
2026-03-30 18:24:57  INFO      TradingRunner: Analysing GBPJPY …
2026-03-30 18:24:57  INFO      TradingGraph: Running agents for GBPJPY
2026-03-30 18:24:57  INFO      TradingGraph: Completed 15 agents
2026-03-30 18:24:57  INFO      TradingGraph: Fusing timeframe signals
2026-03-30 18:24:57  INFO      TradingGraph: Fusion: L=0.040(csns=0.33), M=-0.901(csns=1.00), S=-0.017(csns=0.67), align_str=0.000
2026-03-30 18:24:57  INFO      TradingGraph: Timeframes not aligned — stopping (L=0.040 M=-0.901 S=-0.017)
2026-03-30 18:24:57  INFO      TradingRunner: Analysing AUDJPY …
2026-03-30 18:24:57  INFO      TradingGraph: Running agents for AUDJPY
2026-03-30 18:24:58  INFO      TradingGraph: Completed 15 agents
2026-03-30 18:24:58  INFO      TradingGraph: Fusing timeframe signals
2026-03-30 18:24:58  INFO      TradingGraph: Fusion: L=0.255(csns=0.33), M=-0.425(csns=1.00), S=-0.011(csns=0.25), align_str=0.000
2026-03-30 18:24:58  INFO      TradingGraph: Timeframes not aligned — stopping (L=0.255 M=-0.425 S=-0.011)
2026-03-30 18:24:58  INFO      TradingRunner: Analysing EURGBP …
2026-03-30 18:24:58  INFO      TradingGraph: Running agents for EURGBP
2026-03-30 18:24:58  INFO      TradingGraph: Completed 15 agents
2026-03-30 18:24:58  INFO      TradingGraph: Fusing timeframe signals
2026-03-30 18:24:58  INFO      TradingGraph: Fusion: L=0.003(csns=0.33), M=0.338(csns=1.00), S=-0.088(csns=0.80), align_str=0.000
2026-03-30 18:24:58  INFO      TradingGraph: Timeframes not aligned — stopping (L=0.003 M=0.338 S=-0.088)
2026-03-30 18:24:58  INFO      TradingRunner: Analysing EURCHF …
2026-03-30 18:24:58  INFO      TradingGraph: Running agents for EURCHF
2026-03-30 18:24:58  INFO      TradingGraph: Completed 15 agents
2026-03-30 18:24:58  INFO      TradingGraph: Fusing timeframe signals
2026-03-30 18:24:58  INFO      TradingGraph: Fusion: L=-0.203(csns=0.67), M=-0.297(csns=1.00), S=-0.274(csns=0.71), align_str=0.255
2026-03-30 18:24:58  INFO      TradingGraph: Aligned [full-alignment] (bearish) — proceeding [L=-0.203 M=-0.297 S=-0.274 breadth=0.013]
2026-03-30 18:24:58  INFO      TradingGraph: Generating trading recipe
2026-03-30 18:24:58  INFO      TradingGraph: Generated recipe: BALANCED_SHORT_FULL_ALIGNMENT_EURCHF
2026-03-30 18:24:58  INFO      TradingGraph: Pivot guard: support 0.13×ATR away — rejecting SHORT (buffer=0.5)
2026-03-30 18:24:58  INFO      TradingRunner: Analysing XAGUSD …
2026-03-30 18:24:58  INFO      TradingGraph: Running agents for XAGUSD
2026-03-30 18:24:58  INFO      TradingGraph: Completed 15 agents
2026-03-30 18:24:58  INFO      TradingGraph: Fusing timeframe signals
2026-03-30 18:24:58  INFO      TradingGraph: Fusion: L=-0.183(csns=0.50), M=0.205(csns=1.00), S=0.026(csns=0.60), align_str=0.000
2026-03-30 18:24:58  INFO      TradingGraph: Timeframes not aligned — stopping (L=-0.183 M=0.205 S=0.026)
2026-03-30 18:24:58  INFO      TradingRunner: PnL — unrealized: +0.09  realized today: +0.00  total: +0.09
2026-03-30 18:24:58  INFO      TradingRunner: Signal cycle done in 13.6s — sleeping 286s
2026-03-30 18:25:45  INFO      TrailingStopManager: Structural update SELL EURJPY #56000705659: SL 184.18100->184.13442  TP 180.79700->180.79700  (live=182.61100 atr=0.20168)
2026-03-30 18:25:45  INFO      MT5Executor: SL/TP modified for position 56000705659: SL=184.13442  TP=180.79700
2026-03-30 18:25:46  INFO      TradingGraph: Running agents for USDCHF
2026-03-30 18:25:46  INFO      TradingGraph: Completed 15 agents
2026-03-30 18:25:46  INFO      TradingGraph: Fusing timeframe signals
2026-03-30 18:25:46  INFO      TradingGraph: Fusion: L=0.571(csns=1.00), M=0.329(csns=0.75), S=0.041(csns=0.33), align_str=0.197
2026-03-30 18:25:46  INFO      TradingGraph: Running agents for USDCAD
2026-03-30 18:25:46  INFO      TradingGraph: Completed 15 agents
2026-03-30 18:25:46  INFO      TradingGraph: Fusing timeframe signals
2026-03-30 18:25:46  INFO      TradingGraph: Fusion: L=0.595(csns=1.00), M=0.371(csns=0.75), S=0.041(csns=0.33), align_str=0.208
2026-03-30 18:25:47  INFO      TradingGraph: Running agents for CHFJPY
2026-03-30 18:25:47  INFO      TradingGraph: Completed 15 agents
2026-03-30 18:25:47  INFO      TradingGraph: Fusing timeframe signals
2026-03-30 18:25:47  INFO      TradingGraph: Fusion: L=0.269(csns=0.67), M=-0.658(csns=1.00), S=-0.148(csns=0.80), align_str=0.000
2026-03-30 18:25:47  INFO      TradingGraph: Running agents for EURJPY
2026-03-30 18:25:47  INFO      TradingGraph: Completed 15 agents
2026-03-30 18:25:47  INFO      TradingGraph: Fusing timeframe signals
2026-03-30 18:25:47  INFO      TradingGraph: Fusion: L=-0.162(csns=1.00), M=-0.904(csns=1.00), S=-0.085(csns=0.80), align_str=0.232
2026-03-30 18:25:51  INFO      TradingGraph: Running agents for USDCHF
2026-03-30 18:25:51  INFO      TradingGraph: Completed 15 agents
2026-03-30 18:25:51  INFO      TradingGraph: Fusing timeframe signals
2026-03-30 18:25:51  INFO      TradingGraph: Fusion: L=0.571(csns=1.00), M=0.323(csns=0.67), S=0.044(csns=0.33), align_str=0.200
2026-03-30 18:25:51  INFO      TradingGraph: Running agents for USDCAD
2026-03-30 18:25:51  INFO      TradingGraph: Completed 15 agents
2026-03-30 18:25:51  INFO      TradingGraph: Fusing timeframe signals
2026-03-30 18:25:51  INFO      TradingGraph: Fusion: L=0.595(csns=1.00), M=0.371(csns=0.75), S=0.037(csns=0.33), align_str=0.201
2026-03-30 18:26:46  INFO      TradingGraph: Running agents for USDCHF
2026-03-30 18:26:47  INFO      TradingGraph: Completed 15 agents
2026-03-30 18:26:47  INFO      TradingGraph: Fusing timeframe signals
2026-03-30 18:26:47  INFO      TradingGraph: Fusion: L=0.571(csns=1.00), M=0.328(csns=0.75), S=0.040(csns=0.33), align_str=0.195
2026-03-30 18:26:47  INFO      TradingGraph: Running agents for USDCAD
2026-03-30 18:26:47  INFO      TradingGraph: Completed 15 agents
2026-03-30 18:26:47  INFO      TradingGraph: Fusing timeframe signals
2026-03-30 18:26:47  INFO      TradingGraph: Fusion: L=0.596(csns=1.00), M=0.373(csns=0.75), S=0.026(csns=0.17), align_str=0.179
2026-03-30 18:26:47  INFO      TradingGraph: Running agents for CHFJPY
2026-03-30 18:26:47  INFO      TradingGraph: Completed 15 agents
2026-03-30 18:26:47  INFO      TradingGraph: Fusing timeframe signals
2026-03-30 18:26:47  INFO      TradingGraph: Fusion: L=0.269(csns=0.67), M=-0.665(csns=1.00), S=-0.158(csns=0.80), align_str=0.000
2026-03-30 18:26:48  INFO      TradingGraph: Running agents for EURJPY
2026-03-30 18:26:48  INFO      TradingGraph: Completed 15 agents
2026-03-30 18:26:48  INFO      TradingGraph: Fusing timeframe signals
2026-03-30 18:26:48  INFO      TradingGraph: Fusion: L=-0.162(csns=1.00), M=-0.905(csns=1.00), S=-0.085(csns=0.80), align_str=0.232
2026-03-30 18:26:51  INFO      TradingGraph: Running agents for USDCHF
2026-03-30 18:26:51  INFO      TradingGraph: Completed 15 agents
2026-03-30 18:26:51  INFO      TradingGraph: Fusing timeframe signals
2026-03-30 18:26:51  INFO      TradingGraph: Fusion: L=0.571(csns=1.00), M=0.328(csns=0.75), S=0.037(csns=0.33), align_str=0.192
2026-03-30 18:26:51  INFO      TradingGraph: Running agents for USDCAD
2026-03-30 18:26:51  INFO      TradingGraph: Completed 15 agents
2026-03-30 18:26:51  INFO      TradingGraph: Fusing timeframe signals
2026-03-30 18:26:51  INFO      TradingGraph: Fusion: L=0.596(csns=1.00), M=0.373(csns=0.75), S=0.019(csns=0.17), align_str=0.163
2026-03-30 18:27:47  INFO      TradingGraph: Running agents for USDCHF
2026-03-30 18:27:47  INFO      TradingGraph: Completed 15 agents
2026-03-30 18:27:47  INFO      TradingGraph: Fusing timeframe signals
2026-03-30 18:27:47  INFO      TradingGraph: Fusion: L=0.570(csns=1.00), M=0.324(csns=0.75), S=0.030(csns=0.33), align_str=0.176
2026-03-30 18:27:47  INFO      TradingGraph: Running agents for USDCAD
2026-03-30 18:27:47  INFO      TradingGraph: Completed 15 agents
2026-03-30 18:27:47  INFO      TradingGraph: Fusing timeframe signals
2026-03-30 18:27:47  INFO      TradingGraph: Fusion: L=0.596(csns=1.00), M=0.369(csns=0.75), S=0.043(csns=0.33), align_str=0.211
2026-03-30 18:27:48  INFO      TradingGraph: Running agents for CHFJPY
2026-03-30 18:27:48  INFO      TradingGraph: Completed 15 agents
2026-03-30 18:27:48  INFO      TradingGraph: Fusing timeframe signals
2026-03-30 18:27:48  INFO      TradingGraph: Fusion: L=0.269(csns=0.67), M=-0.666(csns=1.00), S=-0.170(csns=0.80), align_str=0.000
2026-03-30 18:27:48  INFO      TradingGraph: Running agents for EURJPY
2026-03-30 18:27:48  INFO      TradingGraph: Completed 15 agents
2026-03-30 18:27:48  INFO      TradingGraph: Fusing timeframe signals
2026-03-30 18:27:48  INFO      TradingGraph: Fusion: L=-0.161(csns=1.00), M=-0.903(csns=1.00), S=-0.085(csns=0.80), align_str=0.232
2026-03-30 18:27:51  INFO      TradingGraph: Running agents for USDCHF
2026-03-30 18:27:51  INFO      TradingGraph: Completed 15 agents
2026-03-30 18:27:51  INFO      TradingGraph: Fusing timeframe signals
2026-03-30 18:27:51  INFO      TradingGraph: Fusion: L=0.570(csns=1.00), M=0.324(csns=0.75), S=0.027(csns=0.33), align_str=0.172
2026-03-30 18:27:51  INFO      TradingGraph: Running agents for USDCAD
2026-03-30 18:27:51  INFO      TradingGraph: Completed 15 agents
2026-03-30 18:27:51  INFO      TradingGraph: Fusing timeframe signals
2026-03-30 18:27:51  INFO      TradingGraph: Fusion: L=0.596(csns=1.00), M=0.369(csns=0.75), S=0.040(csns=0.33), align_str=0.206
2026-03-30 18:28:46  INFO      TradingGraph: Running agents for USDCHF
2026-03-30 18:28:47  INFO      TradingGraph: Completed 15 agents
2026-03-30 18:28:47  INFO      TradingGraph: Fusing timeframe signals
2026-03-30 18:28:47  INFO      TradingGraph: Fusion: L=0.571(csns=1.00), M=0.327(csns=0.75), S=0.038(csns=0.33), align_str=0.191
2026-03-30 18:28:47  INFO      TradingGraph: Running agents for USDCAD
2026-03-30 18:28:47  INFO      TradingGraph: Completed 15 agents
2026-03-30 18:28:47  INFO      TradingGraph: Fusing timeframe signals
2026-03-30 18:28:47  INFO      TradingGraph: Fusion: L=0.596(csns=1.00), M=0.373(csns=0.75), S=0.026(csns=0.17), align_str=0.179
2026-03-30 18:28:48  INFO      TradingGraph: Running agents for CHFJPY
2026-03-30 18:28:48  INFO      TradingGraph: Completed 15 agents
2026-03-30 18:28:48  INFO      TradingGraph: Fusing timeframe signals
2026-03-30 18:28:48  INFO      TradingGraph: Fusion: L=0.269(csns=0.67), M=-0.666(csns=1.00), S=-0.160(csns=0.80), align_str=0.000
2026-03-30 18:28:48  INFO      TradingGraph: Running agents for EURJPY
2026-03-30 18:28:48  INFO      TradingGraph: Completed 15 agents
2026-03-30 18:28:48  INFO      TradingGraph: Fusing timeframe signals
2026-03-30 18:28:48  INFO      TradingGraph: Fusion: L=-0.161(csns=1.00), M=-0.904(csns=1.00), S=-0.085(csns=0.80), align_str=0.232
2026-03-30 18:28:51  INFO      TradingGraph: Running agents for USDCHF
2026-03-30 18:28:51  INFO      TradingGraph: Completed 15 agents
2026-03-30 18:28:51  INFO      TradingGraph: Fusing timeframe signals
2026-03-30 18:28:51  INFO      TradingGraph: Fusion: L=0.571(csns=1.00), M=0.328(csns=0.75), S=0.036(csns=0.33), align_str=0.189
2026-03-30 18:28:51  INFO      TradingGraph: Running agents for USDCAD
2026-03-30 18:28:52  INFO      TradingGraph: Completed 15 agents
2026-03-30 18:28:52  INFO      TradingGraph: Fusing timeframe signals
2026-03-30 18:28:52  INFO      TradingGraph: Fusion: L=0.596(csns=1.00), M=0.375(csns=0.75), S=0.020(csns=0.17), align_str=0.163
2026-03-30 18:28:56  INFO      TradingRunner: Analysing EURUSD …
2026-03-30 18:28:56  INFO      TradingGraph: Running agents for EURUSD
2026-03-30 18:28:56  INFO      TradingGraph: Completed 15 agents
2026-03-30 18:28:56  INFO      TradingGraph: Fusing timeframe signals
2026-03-30 18:28:56  INFO      TradingGraph: Fusion: L=-0.547(csns=1.00), M=-0.669(csns=1.00), S=-0.298(csns=0.83), align_str=0.478
2026-03-30 18:28:56  INFO      TradingGraph: Aligned [full-alignment] (bearish) — proceeding [L=-0.547 M=-0.669 S=-0.298 breadth=0.014]
2026-03-30 18:28:56  INFO      TradingGraph: Generating trading recipe
2026-03-30 18:28:56  INFO      TradingGraph: Generated recipe: RISKY_SHORT_FULL_ALIGNMENT_EURUSD
2026-03-30 18:28:56  INFO      TradingGraph: Correlation guard: 2/2 long_usd positions already open — refusing EURUSD SELL
2026-03-30 18:28:56  INFO      TradingRunner: Analysing GBPUSD …
2026-03-30 18:28:56  INFO      TradingGraph: Running agents for GBPUSD
2026-03-30 18:28:56  INFO      TradingGraph: Completed 15 agents
2026-03-30 18:28:56  INFO      TradingGraph: Fusing timeframe signals
2026-03-30 18:28:56  INFO      TradingGraph: Fusion: L=-0.576(csns=1.00), M=-0.642(csns=1.00), S=-0.076(csns=0.50), align_str=0.304
2026-03-30 18:28:56  INFO      TradingGraph: Aligned [pullback-entry] (bearish) — proceeding [L=-0.576 M=-0.642 S=-0.076 breadth=0.014]
2026-03-30 18:28:56  INFO      TradingGraph: Generating trading recipe
2026-03-30 18:28:56  INFO      TradingGraph: Generated recipe: RISKY_SHORT_PULLBACK_ENTRY_GBPUSD
2026-03-30 18:28:56  INFO      TradingGraph: Correlation guard: 2/2 long_usd positions already open — refusing GBPUSD SELL
2026-03-30 18:28:56  INFO      TradingRunner: Analysing USDJPY …
2026-03-30 18:28:56  INFO      TradingGraph: Running agents for USDJPY
2026-03-30 18:28:56  INFO      TradingGraph: Completed 15 agents
2026-03-30 18:28:56  INFO      TradingGraph: Fusing timeframe signals
2026-03-30 18:28:56  INFO      TradingGraph: Fusion: L=0.366(csns=0.67), M=-0.198(csns=1.00), S=-0.103(csns=0.67), align_str=0.000
2026-03-30 18:28:56  INFO      TradingGraph: Timeframes not aligned — stopping (L=0.366 M=-0.198 S=-0.103)
2026-03-30 18:28:56  INFO      TradingRunner: Analysing AUDUSD …
2026-03-30 18:28:56  INFO      TradingGraph: Running agents for AUDUSD
2026-03-30 18:28:56  INFO      TradingGraph: Completed 15 agents
2026-03-30 18:28:56  INFO      TradingGraph: Fusing timeframe signals
2026-03-30 18:28:56  INFO      TradingGraph: Fusion: L=-0.065(csns=1.00), M=-0.126(csns=0.75), S=0.042(csns=0.80), align_str=0.000
2026-03-30 18:28:56  INFO      TradingGraph: Timeframes not aligned — stopping (L=-0.065 M=-0.126 S=0.042)
2026-03-30 18:28:56  INFO      TradingRunner: Analysing NZDUSD …
2026-03-30 18:28:56  INFO      TradingGraph: Running agents for NZDUSD
2026-03-30 18:28:56  INFO      TradingGraph: Completed 15 agents
2026-03-30 18:28:56  INFO      TradingGraph: Fusing timeframe signals
2026-03-30 18:28:56  INFO      TradingGraph: Fusion: L=-0.593(csns=1.00), M=-0.351(csns=0.75), S=-0.080(csns=0.40), align_str=0.255
2026-03-30 18:28:56  INFO      TradingGraph: Aligned [full-alignment] (bearish) — proceeding [L=-0.593 M=-0.351 S=-0.080 breadth=0.014]
2026-03-30 18:28:56  INFO      TradingGraph: Generating trading recipe
2026-03-30 18:28:56  INFO      TradingGraph: Generated recipe: RISKY_SHORT_FULL_ALIGNMENT_NZDUSD
2026-03-30 18:28:56  INFO      TradingGraph: Correlation guard: 2/2 long_usd positions already open — refusing NZDUSD SELL
2026-03-30 18:28:56  INFO      TradingRunner: Analysing US30 …
2026-03-30 18:28:56  INFO      TradingGraph: Running agents for US30
2026-03-30 18:28:56  INFO      TradingGraph: Completed 15 agents
2026-03-30 18:28:56  INFO      TradingGraph: Fusing timeframe signals
2026-03-30 18:28:56  INFO      TradingGraph: Fusion: L=-0.262(csns=0.67), M=-0.111(csns=1.00), S=0.007(csns=0.50), align_str=0.000
2026-03-30 18:28:56  INFO      TradingGraph: Aligned [pullback-entry] (bearish) — proceeding [L=-0.262 M=-0.111 S=0.007 breadth=0.014]
2026-03-30 18:28:56  INFO      TradingGraph: Generating trading recipe
2026-03-30 18:28:56  INFO      TradingGraph: Generated recipe: RISKY_SHORT_PULLBACK_ENTRY_US30
2026-03-30 18:28:56  INFO      TradingGraph: Win probability too low: 0.472 < 0.48
2026-03-30 18:28:56  INFO      TradingRunner: Analysing US500 …
2026-03-30 18:28:56  INFO      TradingGraph: Running agents for US500
2026-03-30 18:28:56  INFO      TradingGraph: Completed 15 agents
2026-03-30 18:28:56  INFO      TradingGraph: Fusing timeframe signals
2026-03-30 18:28:56  INFO      TradingGraph: Fusion: L=-0.435(csns=1.00), M=-0.224(csns=1.00), S=-0.139(csns=0.75), align_str=0.238
2026-03-30 18:28:56  INFO      TradingGraph: Aligned [full-alignment] (bearish) — proceeding [L=-0.435 M=-0.224 S=-0.139 breadth=0.014]
2026-03-30 18:28:56  INFO      TradingGraph: Generating trading recipe
2026-03-30 18:28:56  INFO      TradingGraph: Generated recipe: RISKY_SHORT_FULL_ALIGNMENT_US500
2026-03-30 18:28:56  INFO      TradingGraph: Risk check passed
2026-03-30 18:28:56  INFO      TradingGraph: Creating trade plan
2026-03-30 18:28:56  INFO      TradingGraph: VIX risk scaling: vix_fear=0.53 → risk ×0.87 (0.24)
2026-03-30 18:28:56  INFO      TradingGraph: SL cap [US500]: 5.50×ATR → 3.5×ATR
2026-03-30 18:28:56  INFO      TradingGraph: Structure SL/TP [US500] entry=6375.20000 sl=6549.83020 (3.50×ATR) tp=6206.47429 (R:R=0.97)
2026-03-30 18:28:56  INFO      TradingGraph: Created trade plan: entry=6375.2000, sl=6549.8300, tp=6113.2500
2026-03-30 18:28:56  INFO      TradingGraph: Executing trade for US500
2026-03-30 18:28:56  WARNING   MT5Executor: US500: trading disabled on this symbol (trade_mode=0 — may be outside market hours or broker restriction). Skipping.
2026-03-30 18:28:56  INFO      TradingGraph: Order not placed for US500 (executor returned None — see executor log for reason)
2026-03-30 18:28:56  INFO      TradingRunner: Analysing USTEC …
2026-03-30 18:28:56  INFO      TradingGraph: Running agents for USTEC
2026-03-30 18:28:56  INFO      TradingGraph: Completed 15 agents
2026-03-30 18:28:56  INFO      TradingGraph: Fusing timeframe signals
2026-03-30 18:28:56  INFO      TradingGraph: Fusion: L=-0.441(csns=1.00), M=-0.284(csns=1.00), S=-0.337(csns=0.83), align_str=0.348
2026-03-30 18:28:56  INFO      TradingGraph: Aligned [full-alignment] (bearish) — proceeding [L=-0.441 M=-0.284 S=-0.337 breadth=0.014]
2026-03-30 18:28:56  INFO      TradingGraph: Generating trading recipe
2026-03-30 18:28:56  INFO      TradingGraph: Generated recipe: RISKY_SHORT_FULL_ALIGNMENT_USTEC
2026-03-30 18:28:56  INFO      TradingGraph: Risk check passed
2026-03-30 18:28:56  INFO      TradingGraph: Creating trade plan
2026-03-30 18:28:56  INFO      TradingGraph: VIX risk scaling: vix_fear=0.50 → risk ×0.90 (0.25)
2026-03-30 18:28:57  INFO      TradingGraph: SL cap [USTEC]: 6.19×ATR → 3.5×ATR
2026-03-30 18:28:57  INFO      TradingGraph: Structure SL/TP [USTEC] entry=23092.40000 sl=23825.17403 (3.50×ATR) tp=22502.55916 (R:R=0.80)
2026-03-30 18:28:57  INFO      TradingGraph: Created trade plan: entry=23092.4000, sl=23825.1700, tp=21993.2400
2026-03-30 18:28:57  INFO      TradingGraph: Executing trade for USTEC
2026-03-30 18:28:57  WARNING   MT5Executor: USTEC: trading disabled on this symbol (trade_mode=0 — may be outside market hours or broker restriction). Skipping.
2026-03-30 18:28:57  INFO      TradingGraph: Order not placed for USTEC (executor returned None — see executor log for reason)
2026-03-30 18:28:57  INFO      TradingRunner: Analysing DAX …
2026-03-30 18:28:57  INFO      TradingGraph: Running agents for DAX
2026-03-30 18:28:57  INFO      TradingGraph: Completed 15 agents
2026-03-30 18:28:57  INFO      TradingGraph: Fusing timeframe signals
2026-03-30 18:28:57  INFO      TradingGraph: Fusion: L=-0.154(csns=1.00), M=-0.077(csns=1.00), S=0.082(csns=0.83), align_str=0.000
2026-03-30 18:28:57  INFO      TradingGraph: Timeframes not aligned — stopping (L=-0.154 M=-0.077 S=0.082)
2026-03-30 18:28:57  INFO      TradingRunner: Analysing UK100 …
2026-03-30 18:28:57  INFO      TradingGraph: Running agents for UK100
2026-03-30 18:28:57  INFO      TradingGraph: Completed 15 agents
2026-03-30 18:28:57  INFO      TradingGraph: Fusing timeframe signals
2026-03-30 18:28:57  INFO      TradingGraph: Fusion: L=0.139(csns=0.67), M=0.546(csns=1.00), S=0.262(csns=0.80), align_str=0.271
2026-03-30 18:28:57  INFO      TradingGraph: Timeframes not aligned — stopping (L=0.139 M=0.546 S=0.262)
2026-03-30 18:28:57  INFO      TradingRunner: Analysing EURJPY …
2026-03-30 18:28:57  INFO      TradingGraph: Running agents for EURJPY
2026-03-30 18:28:57  INFO      TradingGraph: Completed 15 agents
2026-03-30 18:28:57  INFO      TradingGraph: Fusing timeframe signals
2026-03-30 18:28:57  INFO      TradingGraph: Fusion: L=-0.161(csns=1.00), M=-0.904(csns=1.00), S=-0.083(csns=0.80), align_str=0.229
2026-03-30 18:28:57  INFO      TradingGraph: Timeframes not aligned — stopping (L=-0.161 M=-0.904 S=-0.083)
2026-03-30 18:28:57  INFO      TradingRunner: Analysing GBPJPY …
2026-03-30 18:28:57  INFO      TradingGraph: Running agents for GBPJPY
2026-03-30 18:28:57  INFO      TradingGraph: Completed 15 agents
2026-03-30 18:28:57  INFO      TradingGraph: Fusing timeframe signals
2026-03-30 18:28:57  INFO      TradingGraph: Fusion: L=0.039(csns=0.33), M=-0.906(csns=1.00), S=-0.048(csns=0.75), align_str=0.000
2026-03-30 18:28:57  INFO      TradingGraph: Timeframes not aligned — stopping (L=0.039 M=-0.906 S=-0.048)
2026-03-30 18:28:57  INFO      TradingRunner: Analysing AUDJPY …
2026-03-30 18:28:57  INFO      TradingGraph: Running agents for AUDJPY
2026-03-30 18:28:57  INFO      TradingGraph: Completed 15 agents
2026-03-30 18:28:57  INFO      TradingGraph: Fusing timeframe signals
2026-03-30 18:28:57  INFO      TradingGraph: Fusion: L=0.255(csns=0.33), M=-0.443(csns=1.00), S=-0.002(csns=0.50), align_str=0.000
2026-03-30 18:28:57  INFO      TradingGraph: Timeframes not aligned — stopping (L=0.255 M=-0.443 S=-0.002)
2026-03-30 18:28:57  INFO      TradingRunner: Analysing EURGBP …
2026-03-30 18:28:57  INFO      TradingGraph: Running agents for EURGBP
2026-03-30 18:28:57  INFO      TradingGraph: Completed 15 agents
2026-03-30 18:28:57  INFO      TradingGraph: Fusing timeframe signals
2026-03-30 18:28:57  INFO      TradingGraph: Fusion: L=0.008(csns=0.33), M=0.377(csns=1.00), S=-0.107(csns=0.83), align_str=0.000
2026-03-30 18:28:57  INFO      TradingGraph: Timeframes not aligned — stopping (L=0.008 M=0.377 S=-0.107)
2026-03-30 18:28:57  INFO      TradingRunner: Analysing EURCHF …
2026-03-30 18:28:57  INFO      TradingGraph: Running agents for EURCHF
2026-03-30 18:28:57  INFO      TradingGraph: Completed 15 agents
2026-03-30 18:28:57  INFO      TradingGraph: Fusing timeframe signals
2026-03-30 18:28:57  INFO      TradingGraph: Fusion: L=-0.203(csns=0.67), M=-0.286(csns=1.00), S=-0.269(csns=0.71), align_str=0.250
2026-03-30 18:28:57  INFO      TradingGraph: Aligned [full-alignment] (bearish) — proceeding [L=-0.203 M=-0.286 S=-0.269 breadth=0.014]
2026-03-30 18:28:57  INFO      TradingGraph: Generating trading recipe
2026-03-30 18:28:57  INFO      TradingGraph: Generated recipe: RISKY_SHORT_FULL_ALIGNMENT_EURCHF
2026-03-30 18:28:57  INFO      TradingGraph: Pivot guard: support 0.18×ATR away — rejecting SHORT (buffer=0.5)
2026-03-30 18:28:57  INFO      TradingRunner: Analysing CHFJPY …
2026-03-30 18:28:57  INFO      TradingGraph: Running agents for CHFJPY
2026-03-30 18:28:57  INFO      TradingGraph: Completed 15 agents
2026-03-30 18:28:57  INFO      TradingGraph: Fusing timeframe signals
2026-03-30 18:28:57  INFO      TradingGraph: Fusion: L=0.269(csns=0.67), M=-0.667(csns=1.00), S=-0.152(csns=0.80), align_str=0.000
2026-03-30 18:28:57  INFO      TradingGraph: Timeframes not aligned — stopping (L=0.269 M=-0.667 S=-0.152)
2026-03-30 18:28:57  INFO      TradingRunner: Analysing XAGUSD …
2026-03-30 18:28:57  INFO      TradingGraph: Running agents for XAGUSD
2026-03-30 18:28:57  INFO      TradingGraph: Completed 15 agents
2026-03-30 18:28:57  INFO      TradingGraph: Fusing timeframe signals
2026-03-30 18:28:57  INFO      TradingGraph: Fusion: L=-0.184(csns=0.50), M=0.198(csns=1.00), S=0.032(csns=0.60), align_str=0.000
2026-03-30 18:28:57  INFO      TradingGraph: Timeframes not aligned — stopping (L=-0.184 M=0.198 S=0.032)
2026-03-30 18:28:57  INFO      TradingRunner: PnL — unrealized: -0.11  realized today: +0.00  total: -0.11
2026-03-30 18:28:57  INFO      TradingRunner: Signal cycle done in 5.8s — sleeping 294s
2026-03-30 18:29:47  INFO      TradingGraph: Running agents for USDCHF
2026-03-30 18:29:47  INFO      TradingGraph: Completed 15 agents
2026-03-30 18:29:47  INFO      TradingGraph: Fusing timeframe signals
2026-03-30 18:29:47  INFO      TradingGraph: Fusion: L=0.571(csns=1.00), M=0.325(csns=0.67), S=0.047(csns=0.33), align_str=0.206
2026-03-30 18:29:48  INFO      TradingGraph: Running agents for USDCAD
2026-03-30 18:29:48  INFO      TradingGraph: Completed 15 agents
2026-03-30 18:29:48  INFO      TradingGraph: Fusing timeframe signals
2026-03-30 18:29:48  INFO      TradingGraph: Fusion: L=0.597(csns=1.00), M=0.382(csns=0.75), S=0.016(csns=0.20), align_str=0.153
2026-03-30 18:29:51  INFO      TradingGraph: Running agents for USDCHF
2026-03-30 18:29:51  INFO      TradingGraph: Completed 15 agents
2026-03-30 18:29:51  INFO      TradingGraph: Fusing timeframe signals
2026-03-30 18:29:51  INFO      TradingGraph: Fusion: L=0.572(csns=1.00), M=0.340(csns=0.67), S=0.054(csns=0.33), align_str=0.219
2026-03-30 18:29:51  INFO      TradingGraph: Running agents for USDCAD
2026-03-30 18:29:52  INFO      TradingGraph: Completed 15 agents
2026-03-30 18:29:52  INFO      TradingGraph: Fusing timeframe signals
2026-03-30 18:29:52  INFO      TradingGraph: Fusion: L=0.597(csns=1.00), M=0.385(csns=0.75), S=0.011(csns=0.20), align_str=0.135
2026-03-30 18:29:52  INFO      TradingGraph: Running agents for CHFJPY
2026-03-30 18:29:53  INFO      TradingGraph: Completed 15 agents
2026-03-30 18:29:53  INFO      TradingGraph: Fusing timeframe signals
2026-03-30 18:29:53  INFO      TradingGraph: Fusion: L=0.269(csns=0.67), M=-0.669(csns=1.00), S=-0.174(csns=0.80), align_str=0.000
2026-03-30 18:29:54  INFO      TradingGraph: Running agents for EURJPY
2026-03-30 18:29:55  INFO      TradingGraph: Completed 15 agents
2026-03-30 18:29:55  INFO      TradingGraph: Fusing timeframe signals
2026-03-30 18:29:55  INFO      TradingGraph: Fusion: L=-0.162(csns=1.00), M=-0.905(csns=1.00), S=-0.085(csns=0.80), align_str=0.232
2026-03-30 18:29:55  INFO      TradingRunner: Analysing EURUSD …
2026-03-30 18:29:55  INFO      TradingGraph: Running agents for EURUSD
2026-03-30 18:29:55  INFO      TradingGraph: Completed 15 agents
2026-03-30 18:29:55  INFO      TradingGraph: Fusing timeframe signals
2026-03-30 18:29:55  INFO      TradingGraph: Fusion: L=-0.547(csns=1.00), M=-0.676(csns=1.00), S=-0.306(csns=0.83), align_str=0.484
2026-03-30 18:29:55  INFO      TradingGraph: Aligned [full-alignment] (bearish) — proceeding [L=-0.547 M=-0.676 S=-0.306 breadth=0.013]
2026-03-30 18:29:55  INFO      TradingGraph: Generating trading recipe
2026-03-30 18:29:55  INFO      TradingGraph: Generated recipe: BALANCED_SHORT_FULL_ALIGNMENT_EURUSD
2026-03-30 18:29:55  INFO      TradingGraph: Correlation guard: 2/2 long_usd positions already open — refusing EURUSD SELL
2026-03-30 18:29:55  INFO      TradingRunner: Analysing GBPUSD …
2026-03-30 18:29:55  INFO      TradingGraph: Running agents for GBPUSD
2026-03-30 18:29:55  INFO      TradingGraph: Completed 15 agents
2026-03-30 18:29:55  INFO      TradingGraph: Fusing timeframe signals
2026-03-30 18:29:55  INFO      TradingGraph: Fusion: L=-0.575(csns=1.00), M=-0.642(csns=1.00), S=-0.086(csns=0.50), align_str=0.316
2026-03-30 18:29:55  INFO      TradingGraph: Aligned [full-alignment] (bearish) — proceeding [L=-0.575 M=-0.642 S=-0.086 breadth=0.013]
2026-03-30 18:29:55  INFO      TradingGraph: Generating trading recipe
2026-03-30 18:29:55  INFO      TradingGraph: Generated recipe: BALANCED_SHORT_FULL_ALIGNMENT_GBPUSD
2026-03-30 18:29:55  INFO      TradingGraph: Correlation guard: 2/2 long_usd positions already open — refusing GBPUSD SELL
2026-03-30 18:29:55  INFO      TradingRunner: Analysing USDJPY …
2026-03-30 18:29:55  INFO      TradingGraph: Running agents for USDJPY
2026-03-30 18:29:55  INFO      TradingGraph: Completed 15 agents
2026-03-30 18:29:55  INFO      TradingGraph: Fusing timeframe signals
2026-03-30 18:29:55  INFO      TradingGraph: Fusion: L=0.366(csns=0.67), M=-0.171(csns=1.00), S=-0.115(csns=0.67), align_str=0.000
2026-03-30 18:29:55  INFO      TradingGraph: Timeframes not aligned — stopping (L=0.366 M=-0.171 S=-0.115)
2026-03-30 18:29:55  INFO      TradingRunner: Analysing AUDUSD …
2026-03-30 18:29:55  INFO      TradingGraph: Running agents for AUDUSD
2026-03-30 18:29:55  INFO      TradingGraph: Completed 15 agents
2026-03-30 18:29:55  INFO      TradingGraph: Fusing timeframe signals
2026-03-30 18:29:55  INFO      TradingGraph: Fusion: L=-0.065(csns=1.00), M=-0.129(csns=0.75), S=0.038(csns=0.80), align_str=0.000
2026-03-30 18:29:55  INFO      TradingGraph: Timeframes not aligned — stopping (L=-0.065 M=-0.129 S=0.038)
2026-03-30 18:29:55  INFO      TradingRunner: Analysing NZDUSD …
2026-03-30 18:29:55  INFO      TradingGraph: Running agents for NZDUSD
2026-03-30 18:29:55  INFO      TradingGraph: Completed 15 agents
2026-03-30 18:29:55  INFO      TradingGraph: Fusing timeframe signals
2026-03-30 18:29:55  INFO      TradingGraph: Fusion: L=-0.593(csns=1.00), M=-0.365(csns=0.75), S=-0.045(csns=0.33), align_str=0.213
2026-03-30 18:29:55  INFO      TradingGraph: Aligned [pullback-entry] (bearish) — proceeding [L=-0.593 M=-0.365 S=-0.045 breadth=0.013]
2026-03-30 18:29:55  INFO      TradingGraph: Generating trading recipe
2026-03-30 18:29:55  INFO      TradingGraph: Generated recipe: BALANCED_SHORT_PULLBACK_ENTRY_NZDUSD
2026-03-30 18:29:55  INFO      TradingGraph: Correlation guard: 2/2 long_usd positions already open — refusing NZDUSD SELL
2026-03-30 18:29:55  INFO      TradingRunner: Analysing US30 …
2026-03-30 18:29:55  INFO      TradingGraph: Running agents for US30
2026-03-30 18:29:55  INFO      TradingGraph: Completed 15 agents
2026-03-30 18:29:55  INFO      TradingGraph: Fusing timeframe signals
2026-03-30 18:29:55  INFO      TradingGraph: Fusion: L=-0.262(csns=0.67), M=-0.108(csns=1.00), S=0.008(csns=0.50), align_str=0.000
2026-03-30 18:29:55  INFO      TradingGraph: Aligned [pullback-entry] (bearish) — proceeding [L=-0.262 M=-0.108 S=0.008 breadth=0.013]
2026-03-30 18:29:55  INFO      TradingGraph: Generating trading recipe
2026-03-30 18:29:55  INFO      TradingGraph: Generated recipe: BALANCED_SHORT_PULLBACK_ENTRY_US30
2026-03-30 18:29:55  INFO      TradingGraph: Risk check passed
2026-03-30 18:29:55  INFO      TradingGraph: Creating trade plan
2026-03-30 18:29:55  INFO      TradingGraph: VIX risk scaling: vix_fear=0.53 → risk ×0.89 (0.12)
2026-03-30 18:29:55  INFO      TradingGraph: Structure SL/TP [US30] entry=45455.20000 sl=46644.74506 (3.34×ATR) tp=44395.40000 (R:R=0.89)
2026-03-30 18:29:55  INFO      TradingGraph: Created trade plan: entry=45455.2000, sl=46644.7500, tp=44265.6500
2026-03-30 18:29:55  INFO      TradingGraph: Executing trade for US30
2026-03-30 18:29:55  WARNING   MT5Executor: US30: trading disabled on this symbol (trade_mode=0 — may be outside market hours or broker restriction). Skipping.
2026-03-30 18:29:55  INFO      TradingGraph: Order not placed for US30 (executor returned None — see executor log for reason)
2026-03-30 18:29:55  INFO      TradingRunner: Analysing US500 …
2026-03-30 18:29:55  INFO      TradingGraph: Running agents for US500
2026-03-30 18:29:55  INFO      TradingGraph: Completed 15 agents
2026-03-30 18:29:55  INFO      TradingGraph: Fusing timeframe signals
2026-03-30 18:29:55  INFO      TradingGraph: Fusion: L=-0.435(csns=1.00), M=-0.222(csns=1.00), S=-0.126(csns=0.75), align_str=0.229
2026-03-30 18:29:55  INFO      TradingGraph: Aligned [full-alignment] (bearish) — proceeding [L=-0.435 M=-0.222 S=-0.126 breadth=0.013]
2026-03-30 18:29:55  INFO      TradingGraph: Generating trading recipe
2026-03-30 18:29:55  INFO      TradingGraph: Generated recipe: BALANCED_SHORT_FULL_ALIGNMENT_US500
2026-03-30 18:29:55  INFO      TradingGraph: Risk check passed
2026-03-30 18:29:55  INFO      TradingGraph: Creating trade plan
2026-03-30 18:29:55  INFO      TradingGraph: VIX risk scaling: vix_fear=0.53 → risk ×0.89 (0.12)
2026-03-30 18:29:56  INFO      TradingGraph: SL cap [US500]: 5.48×ATR → 5.0×ATR
2026-03-30 18:29:56  INFO      TradingGraph: Structure SL/TP [US500] entry=6375.90000 sl=6625.37172 (5.00×ATR) tp=6133.60820 (R:R=0.97)
2026-03-30 18:29:56  INFO      TradingGraph: Created trade plan: entry=6375.9000, sl=6625.3700, tp=6126.4300
2026-03-30 18:29:56  INFO      TradingGraph: Executing trade for US500
2026-03-30 18:29:56  WARNING   MT5Executor: US500: trading disabled on this symbol (trade_mode=0 — may be outside market hours or broker restriction). Skipping.
2026-03-30 18:29:56  INFO      TradingGraph: Order not placed for US500 (executor returned None — see executor log for reason)
2026-03-30 18:29:56  INFO      TradingRunner: Analysing USTEC …
2026-03-30 18:29:56  INFO      TradingGraph: Running agents for USTEC
2026-03-30 18:29:56  INFO      TradingGraph: Completed 15 agents
2026-03-30 18:29:56  INFO      TradingGraph: Fusing timeframe signals
2026-03-30 18:29:56  INFO      TradingGraph: Fusion: L=-0.441(csns=1.00), M=-0.282(csns=1.00), S=-0.334(csns=0.83), align_str=0.346
2026-03-30 18:29:56  INFO      TradingGraph: Aligned [full-alignment] (bearish) — proceeding [L=-0.441 M=-0.282 S=-0.334 breadth=0.013]
2026-03-30 18:29:56  INFO      TradingGraph: Generating trading recipe
2026-03-30 18:29:56  INFO      TradingGraph: Generated recipe: BALANCED_SHORT_FULL_ALIGNMENT_USTEC
2026-03-30 18:29:56  INFO      TradingGraph: Risk check passed
2026-03-30 18:29:56  INFO      TradingGraph: Creating trade plan
2026-03-30 18:29:56  INFO      TradingGraph: VIX risk scaling: vix_fear=0.50 → risk ×0.92 (0.13)
2026-03-30 18:29:56  INFO      TradingGraph: SL cap [USTEC]: 6.18×ATR → 5.0×ATR
2026-03-30 18:29:56  INFO      TradingGraph: Structure SL/TP [USTEC] entry=23094.40000 sl=24141.22004 (5.00×ATR) tp=22248.84774 (R:R=0.81)
2026-03-30 18:29:56  INFO      TradingGraph: Created trade plan: entry=23094.4000, sl=24141.2200, tp=22047.5800
2026-03-30 18:29:56  INFO      TradingGraph: Executing trade for USTEC
2026-03-30 18:29:56  WARNING   MT5Executor: USTEC: trading disabled on this symbol (trade_mode=0 — may be outside market hours or broker restriction). Skipping.
2026-03-30 18:29:56  INFO      TradingGraph: Order not placed for USTEC (executor returned None — see executor log for reason)
2026-03-30 18:29:56  INFO      TradingRunner: Analysing DAX …
2026-03-30 18:29:56  INFO      TradingGraph: Running agents for DAX
2026-03-30 18:29:56  INFO      TradingGraph: Completed 15 agents
2026-03-30 18:29:56  INFO      TradingGraph: Fusing timeframe signals
2026-03-30 18:29:56  INFO      TradingGraph: Fusion: L=-0.155(csns=1.00), M=-0.077(csns=1.00), S=0.070(csns=0.83), align_str=0.000
2026-03-30 18:29:56  INFO      TradingGraph: Aligned [pullback-entry] (bearish) — proceeding [L=-0.155 M=-0.077 S=0.070 breadth=0.013]
2026-03-30 18:29:56  INFO      TradingGraph: Generating trading recipe
2026-03-30 18:29:56  INFO      TradingGraph: Generated recipe: BALANCED_SHORT_PULLBACK_ENTRY_DAX
2026-03-30 18:29:56  INFO      TradingGraph: Win probability too low: 0.448 < 0.46
2026-03-30 18:29:56  INFO      TradingRunner: Analysing UK100 …
2026-03-30 18:29:56  INFO      TradingGraph: Running agents for UK100
2026-03-30 18:29:56  INFO      TradingGraph: Completed 15 agents
2026-03-30 18:29:56  INFO      TradingGraph: Fusing timeframe signals
2026-03-30 18:29:56  INFO      TradingGraph: Fusion: L=0.139(csns=0.67), M=0.551(csns=1.00), S=0.272(csns=0.80), align_str=0.275
2026-03-30 18:29:56  INFO      TradingGraph: Timeframes not aligned — stopping (L=0.139 M=0.551 S=0.272)
2026-03-30 18:29:56  INFO      TradingRunner: Analysing GBPJPY …
2026-03-30 18:29:56  INFO      TradingGraph: Running agents for GBPJPY
2026-03-30 18:29:56  INFO      TradingGraph: Completed 15 agents
2026-03-30 18:29:56  INFO      TradingGraph: Fusing timeframe signals
2026-03-30 18:29:56  INFO      TradingGraph: Fusion: L=0.039(csns=0.33), M=-0.906(csns=1.00), S=-0.050(csns=0.75), align_str=0.000
2026-03-30 18:29:56  INFO      TradingGraph: Timeframes not aligned — stopping (L=0.039 M=-0.906 S=-0.050)
2026-03-30 18:29:56  INFO      TradingRunner: Analysing AUDJPY …
2026-03-30 18:29:56  INFO      TradingGraph: Running agents for AUDJPY
2026-03-30 18:29:56  INFO      TradingGraph: Completed 15 agents
2026-03-30 18:29:56  INFO      TradingGraph: Fusing timeframe signals
2026-03-30 18:29:56  INFO      TradingGraph: Fusion: L=0.255(csns=0.33), M=-0.447(csns=1.00), S=-0.007(csns=0.50), align_str=0.000
2026-03-30 18:29:56  INFO      TradingGraph: Timeframes not aligned — stopping (L=0.255 M=-0.447 S=-0.007)
2026-03-30 18:29:56  INFO      TradingRunner: Analysing EURGBP …
2026-03-30 18:29:56  INFO      TradingGraph: Running agents for EURGBP
2026-03-30 18:29:56  INFO      TradingGraph: Completed 15 agents
2026-03-30 18:29:56  INFO      TradingGraph: Fusing timeframe signals
2026-03-30 18:29:56  INFO      TradingGraph: Fusion: L=0.006(csns=0.33), M=0.350(csns=1.00), S=-0.104(csns=0.83), align_str=0.000
2026-03-30 18:29:56  INFO      TradingGraph: Timeframes not aligned — stopping (L=0.006 M=0.350 S=-0.104)
2026-03-30 18:29:56  INFO      TradingRunner: Analysing EURCHF …
2026-03-30 18:29:56  INFO      TradingGraph: Running agents for EURCHF
2026-03-30 18:29:56  INFO      TradingGraph: Completed 15 agents
2026-03-30 18:29:56  INFO      TradingGraph: Fusing timeframe signals
2026-03-30 18:29:56  INFO      TradingGraph: Fusion: L=-0.203(csns=0.67), M=-0.288(csns=1.00), S=-0.276(csns=0.71), align_str=0.253
2026-03-30 18:29:56  INFO      TradingGraph: Aligned [full-alignment] (bearish) — proceeding [L=-0.203 M=-0.288 S=-0.276 breadth=0.013]
2026-03-30 18:29:56  INFO      TradingGraph: Generating trading recipe
2026-03-30 18:29:56  INFO      TradingGraph: Generated recipe: BALANCED_SHORT_FULL_ALIGNMENT_EURCHF
2026-03-30 18:29:56  INFO      TradingGraph: Pivot guard: support 0.17×ATR away — rejecting SHORT (buffer=0.5)
2026-03-30 18:29:56  INFO      TradingRunner: Analysing XAGUSD …
2026-03-30 18:29:56  INFO      TradingGraph: Running agents for XAGUSD
2026-03-30 18:29:57  INFO      TradingGraph: Completed 15 agents
2026-03-30 18:29:57  INFO      TradingGraph: Fusing timeframe signals
2026-03-30 18:29:57  INFO      TradingGraph: Fusion: L=-0.183(csns=0.50), M=0.198(csns=1.00), S=0.030(csns=0.60), align_str=0.000
2026-03-30 18:29:57  INFO      TradingGraph: Timeframes not aligned — stopping (L=-0.183 M=0.198 S=0.030)
2026-03-30 18:29:57  INFO      TradingRunner: PnL — unrealized: +0.44  realized today: +0.00  total: +0.44
2026-03-30 18:29:57  INFO      TradingRunner: Signal cycle done in 12.4s — sleeping 288s
2026-03-30 18:30:46  INFO      TradingGraph: Running agents for USDCHF
2026-03-30 18:30:47  INFO      TradingGraph: Completed 15 agents
2026-03-30 18:30:47  INFO      TradingGraph: Fusing timeframe signals
2026-03-30 18:30:47  INFO      TradingGraph: Fusion: L=0.573(csns=1.00), M=0.350(csns=0.67), S=0.060(csns=0.60), align_str=0.229
2026-03-30 18:30:47  INFO      TradingGraph: Running agents for USDCAD
2026-03-30 18:30:47  INFO      TradingGraph: Completed 15 agents
2026-03-30 18:30:47  INFO      TradingGraph: Fusing timeframe signals
2026-03-30 18:30:47  INFO      TradingGraph: Fusion: L=0.598(csns=1.00), M=0.387(csns=0.75), S=0.026(csns=0.20), align_str=0.182
2026-03-30 18:30:48  INFO      TradingGraph: Running agents for CHFJPY
2026-03-30 18:30:48  INFO      TradingGraph: Completed 15 agents
2026-03-30 18:30:48  INFO      TradingGraph: Fusing timeframe signals
2026-03-30 18:30:48  INFO      TradingGraph: Fusion: L=0.269(csns=0.67), M=-0.653(csns=1.00), S=-0.048(csns=0.33), align_str=0.000
2026-03-30 18:30:48  INFO      TradingGraph: Running agents for EURJPY
2026-03-30 18:30:48  INFO      TradingGraph: Completed 15 agents
2026-03-30 18:30:48  INFO      TradingGraph: Fusing timeframe signals
2026-03-30 18:30:48  INFO      TradingGraph: Fusion: L=-0.161(csns=1.00), M=-0.903(csns=1.00), S=-0.096(csns=0.80), align_str=0.241
2026-03-30 18:30:51  INFO      TradingGraph: Running agents for USDCHF
2026-03-30 18:30:52  INFO      TradingGraph: Completed 15 agents
2026-03-30 18:30:52  INFO      TradingGraph: Fusing timeframe signals
2026-03-30 18:30:52  INFO      TradingGraph: Fusion: L=0.572(csns=1.00), M=0.346(csns=0.67), S=0.050(csns=0.40), align_str=0.216
2026-03-30 18:30:52  INFO      TradingGraph: Running agents for USDCAD
2026-03-30 18:30:52  INFO      TradingGraph: Completed 15 agents
2026-03-30 18:30:52  INFO      TradingGraph: Fusing timeframe signals
2026-03-30 18:30:52  INFO      TradingGraph: Fusion: L=0.597(csns=1.00), M=0.384(csns=0.75), S=0.019(csns=0.20), align_str=0.164
2026-03-30 18:31:46  INFO      TradingGraph: Running agents for USDCHF
2026-03-30 18:31:47  INFO      TradingGraph: Completed 15 agents
2026-03-30 18:31:47  INFO      TradingGraph: Fusing timeframe signals
2026-03-30 18:31:47  INFO      TradingGraph: Fusion: L=0.571(csns=1.00), M=0.325(csns=0.67), S=0.036(csns=0.33), align_str=0.188
2026-03-30 18:31:47  INFO      TradingGraph: Running agents for USDCAD
2026-03-30 18:31:47  INFO      TradingRunner: [WATCHDOG] alive | equity=138.96 | cycle=3 | profile=balanced
2026-03-30 18:31:47  INFO      TradingGraph: Completed 15 agents
2026-03-30 18:31:47  INFO      TradingGraph: Fusing timeframe signals
2026-03-30 18:31:47  INFO      TradingGraph: Fusion: L=0.597(csns=1.00), M=0.379(csns=0.75), S=0.020(csns=0.20), align_str=0.165
2026-03-30 18:31:48  INFO      TradingGraph: Running agents for CHFJPY
2026-03-30 18:31:48  INFO      TradingGraph: Completed 15 agents
2026-03-30 18:31:48  INFO      TradingGraph: Fusing timeframe signals
2026-03-30 18:31:48  INFO      TradingGraph: Fusion: L=0.269(csns=0.67), M=-0.657(csns=1.00), S=-0.052(csns=0.33), align_str=0.000
2026-03-30 18:31:48  INFO      TradingGraph: Running agents for EURJPY
2026-03-30 18:31:48  INFO      TradingGraph: Completed 15 agents
2026-03-30 18:31:48  INFO      TradingGraph: Fusing timeframe signals
2026-03-30 18:31:48  INFO      TradingGraph: Fusion: L=-0.161(csns=1.00), M=-0.901(csns=1.00), S=-0.097(csns=0.80), align_str=0.241
2026-03-30 18:31:51  INFO      TradingGraph: Running agents for USDCHF
2026-03-30 18:31:51  INFO      TradingGraph: Completed 15 agents
2026-03-30 18:31:51  INFO      TradingGraph: Fusing timeframe signals
2026-03-30 18:31:51  INFO      TradingGraph: Fusion: L=0.571(csns=1.00), M=0.325(csns=0.67), S=0.034(csns=0.33), align_str=0.184
2026-03-30 18:31:51  INFO      TradingGraph: Running agents for USDCAD
2026-03-30 18:31:52  INFO      TradingGraph: Completed 15 agents
2026-03-30 18:31:52  INFO      TradingGraph: Fusing timeframe signals
2026-03-30 18:31:52  INFO      TradingGraph: Fusion: L=0.597(csns=1.00), M=0.378(csns=0.75), S=0.013(csns=0.20), align_str=0.141
2026-03-30 18:32:02  INFO      TradingRunner: [WATCHDOG] alive | equity=138.92 | cycle=7 | profile=risky
2026-03-30 18:32:46  INFO      TradingGraph: Running agents for USDCHF
2026-03-30 18:32:47  INFO      TradingGraph: Completed 15 agents
2026-03-30 18:32:47  INFO      TradingGraph: Fusing timeframe signals
2026-03-30 18:32:47  INFO      TradingGraph: Fusion: L=0.571(csns=1.00), M=0.324(csns=0.67), S=0.027(csns=0.33), align_str=0.171
2026-03-30 18:32:47  INFO      TradingGraph: Running agents for USDCAD
2026-03-30 18:32:47  INFO      TradingGraph: Completed 15 agents
2026-03-30 18:32:47  INFO      TradingGraph: Fusing timeframe signals
2026-03-30 18:32:47  INFO      TradingGraph: Fusion: L=0.595(csns=1.00), M=0.369(csns=0.75), S=0.032(csns=0.33), align_str=0.192
2026-03-30 18:32:47  INFO      TradingGraph: Running agents for CHFJPY
2026-03-30 18:32:48  INFO      TradingGraph: Completed 15 agents
2026-03-30 18:32:48  INFO      TradingGraph: Fusing timeframe signals
2026-03-30 18:32:48  INFO      TradingGraph: Fusion: L=0.269(csns=0.67), M=-0.649(csns=1.00), S=-0.044(csns=0.25), align_str=0.000
2026-03-30 18:32:48  INFO      TradingGraph: Running agents for EURJPY
2026-03-30 18:32:48  INFO      TradingGraph: Completed 15 agents
2026-03-30 18:32:48  INFO      TradingGraph: Fusing timeframe signals
2026-03-30 18:32:48  INFO      TradingGraph: Fusion: L=-0.160(csns=1.00), M=-0.897(csns=1.00), S=-0.091(csns=0.80), align_str=0.235
2026-03-30 18:32:51  INFO      TradingGraph: Running agents for USDCHF
2026-03-30 18:32:51  INFO      TradingGraph: Completed 15 agents
2026-03-30 18:32:51  INFO      TradingGraph: Fusing timeframe signals
2026-03-30 18:32:51  INFO      TradingGraph: Fusion: L=0.571(csns=1.00), M=0.324(csns=0.67), S=0.023(csns=0.33), align_str=0.161
2026-03-30 18:32:52  INFO      TradingGraph: Running agents for USDCAD
2026-03-30 18:32:52  INFO      TradingGraph: Completed 15 agents
2026-03-30 18:32:52  INFO      TradingGraph: Fusing timeframe signals
2026-03-30 18:32:52  INFO      TradingGraph: Fusion: L=0.595(csns=1.00), M=0.369(csns=0.75), S=0.028(csns=0.33), align_str=0.183
2026-03-30 18:33:47  INFO      TradingGraph: Running agents for USDCHF
2026-03-30 18:33:47  INFO      TradingGraph: Completed 15 agents
2026-03-30 18:33:47  INFO      TradingGraph: Fusing timeframe signals
2026-03-30 18:33:47  INFO      TradingGraph: Fusion: L=0.572(csns=1.00), M=0.340(csns=0.67), S=0.043(csns=0.33), align_str=0.202
2026-03-30 18:33:47  INFO      TradingGraph: Running agents for USDCAD
2026-03-30 18:33:47  INFO      TradingGraph: Completed 15 agents
2026-03-30 18:33:47  INFO      TradingGraph: Fusing timeframe signals
2026-03-30 18:33:47  INFO      TradingGraph: Fusion: L=0.595(csns=1.00), M=0.370(csns=0.75), S=0.032(csns=0.33), align_str=0.192
2026-03-30 18:33:48  INFO      TradingGraph: Running agents for CHFJPY
2026-03-30 18:33:48  INFO      TradingGraph: Completed 15 agents
2026-03-30 18:33:48  INFO      TradingGraph: Fusing timeframe signals
2026-03-30 18:33:48  INFO      TradingGraph: Fusion: L=0.269(csns=0.67), M=-0.647(csns=1.00), S=-0.042(csns=0.20), align_str=0.000
2026-03-30 18:33:48  INFO      TradingGraph: Running agents for EURJPY
2026-03-30 18:33:48  INFO      TradingGraph: Completed 15 agents
2026-03-30 18:33:48  INFO      TradingGraph: Fusing timeframe signals
2026-03-30 18:33:48  INFO      TradingGraph: Fusion: L=-0.160(csns=1.00), M=-0.898(csns=1.00), S=-0.099(csns=0.80), align_str=0.242
2026-03-30 18:33:51  INFO      TradingGraph: Running agents for USDCHF
2026-03-30 18:33:51  INFO      TradingGraph: Completed 15 agents
2026-03-30 18:33:51  INFO      TradingGraph: Fusing timeframe signals
2026-03-30 18:33:51  INFO      TradingGraph: Fusion: L=0.572(csns=1.00), M=0.341(csns=0.67), S=0.043(csns=0.33), align_str=0.203
2026-03-30 18:33:52  INFO      TradingGraph: Running agents for USDCAD
2026-03-30 18:33:52  INFO      TradingGraph: Completed 15 agents
2026-03-30 18:33:52  INFO      TradingGraph: Fusing timeframe signals
2026-03-30 18:33:52  INFO      TradingGraph: Fusion: L=0.595(csns=1.00), M=0.368(csns=0.75), S=0.028(csns=0.33), align_str=0.183
2026-03-30 18:34:01  INFO      TradingRunner: Analysing EURUSD …
2026-03-30 18:34:01  INFO      TradingGraph: Running agents for EURUSD
2026-03-30 18:34:01  INFO      TradingGraph: Completed 15 agents
2026-03-30 18:34:01  INFO      TradingGraph: Fusing timeframe signals
2026-03-30 18:34:01  INFO      TradingGraph: Fusion: L=-0.547(csns=1.00), M=-0.678(csns=1.00), S=-0.290(csns=0.83), align_str=0.476
2026-03-30 18:34:01  INFO      TradingGraph: Aligned [full-alignment] (bearish) — proceeding [L=-0.547 M=-0.678 S=-0.290 breadth=0.014]
2026-03-30 18:34:01  INFO      TradingGraph: Generating trading recipe
2026-03-30 18:34:01  INFO      TradingGraph: Generated recipe: RISKY_SHORT_FULL_ALIGNMENT_EURUSD
2026-03-30 18:34:01  INFO      TradingGraph: Correlation guard: 2/2 long_usd positions already open — refusing EURUSD SELL
2026-03-30 18:34:01  INFO      TradingRunner: Analysing GBPUSD …
2026-03-30 18:34:01  INFO      TradingGraph: Running agents for GBPUSD
2026-03-30 18:34:01  INFO      TradingGraph: Completed 15 agents
2026-03-30 18:34:01  INFO      TradingGraph: Fusing timeframe signals
2026-03-30 18:34:01  INFO      TradingGraph: Fusion: L=-0.577(csns=1.00), M=-0.650(csns=1.00), S=-0.162(csns=0.75), align_str=0.393
2026-03-30 18:34:01  INFO      TradingGraph: Aligned [full-alignment] (bearish) — proceeding [L=-0.577 M=-0.650 S=-0.162 breadth=0.014]
2026-03-30 18:34:01  INFO      TradingGraph: Generating trading recipe
2026-03-30 18:34:01  INFO      TradingGraph: Generated recipe: RISKY_SHORT_FULL_ALIGNMENT_GBPUSD
2026-03-30 18:34:01  INFO      TradingGraph: Correlation guard: 2/2 long_usd positions already open — refusing GBPUSD SELL
2026-03-30 18:34:01  INFO      TradingRunner: Analysing USDJPY …
2026-03-30 18:34:01  INFO      TradingGraph: Running agents for USDJPY
2026-03-30 18:34:01  INFO      TradingGraph: Completed 15 agents
2026-03-30 18:34:01  INFO      TradingGraph: Fusing timeframe signals
2026-03-30 18:34:01  INFO      TradingGraph: Fusion: L=0.369(csns=0.67), M=-0.138(csns=1.00), S=-0.074(csns=0.50), align_str=0.000
2026-03-30 18:34:01  INFO      TradingGraph: Aligned [pullback-entry] (bullish) — proceeding [L=0.369 M=-0.138 S=-0.074 breadth=0.014]
2026-03-30 18:34:01  INFO      TradingGraph: Generating trading recipe
2026-03-30 18:34:01  INFO      TradingGraph: Generated recipe: RISKY_LONG_PULLBACK_ENTRY_USDJPY
2026-03-30 18:34:01  INFO      TradingGraph: Win probability too low: 0.424 < 0.48
2026-03-30 18:34:01  INFO      TradingRunner: Analysing AUDUSD …
2026-03-30 18:34:01  INFO      TradingGraph: Running agents for AUDUSD
2026-03-30 18:34:01  INFO      TradingGraph: Completed 15 agents
2026-03-30 18:34:01  INFO      TradingGraph: Fusing timeframe signals
2026-03-30 18:34:01  INFO      TradingGraph: Fusion: L=-0.064(csns=1.00), M=-0.095(csns=0.75), S=0.065(csns=0.80), align_str=0.000
2026-03-30 18:34:01  INFO      TradingGraph: Timeframes not aligned — stopping (L=-0.064 M=-0.095 S=0.065)
2026-03-30 18:34:01  INFO      TradingRunner: Analysing NZDUSD …
2026-03-30 18:34:01  INFO      TradingGraph: Running agents for NZDUSD
2026-03-30 18:34:01  INFO      TradingGraph: Completed 15 agents
2026-03-30 18:34:01  INFO      TradingGraph: Fusing timeframe signals
2026-03-30 18:34:01  INFO      TradingGraph: Fusion: L=-0.593(csns=1.00), M=-0.343(csns=0.75), S=-0.054(csns=0.33), align_str=0.222
2026-03-30 18:34:01  INFO      TradingGraph: Aligned [pullback-entry] (bearish) — proceeding [L=-0.593 M=-0.343 S=-0.054 breadth=0.014]
2026-03-30 18:34:01  INFO      TradingGraph: Generating trading recipe
2026-03-30 18:34:01  INFO      TradingGraph: Generated recipe: RISKY_SHORT_PULLBACK_ENTRY_NZDUSD
2026-03-30 18:34:01  INFO      TradingGraph: Correlation guard: 2/2 long_usd positions already open — refusing NZDUSD SELL
2026-03-30 18:34:01  INFO      TradingRunner: Analysing US30 …
2026-03-30 18:34:01  INFO      TradingGraph: Running agents for US30
2026-03-30 18:34:01  INFO      TradingGraph: Completed 15 agents
2026-03-30 18:34:01  INFO      TradingGraph: Fusing timeframe signals
2026-03-30 18:34:01  INFO      TradingGraph: Fusion: L=-0.268(csns=0.67), M=-0.092(csns=1.00), S=-0.068(csns=0.67), align_str=0.119
2026-03-30 18:34:01  INFO      TradingGraph: Aligned [pullback-entry] (bearish) — proceeding [L=-0.268 M=-0.092 S=-0.068 breadth=0.014]
2026-03-30 18:34:01  INFO      TradingGraph: Generating trading recipe
2026-03-30 18:34:01  INFO      TradingGraph: Generated recipe: RISKY_SHORT_PULLBACK_ENTRY_US30
2026-03-30 18:34:01  INFO      TradingGraph: Risk check passed
2026-03-30 18:34:01  INFO      TradingGraph: Creating trade plan
2026-03-30 18:34:01  INFO      TradingGraph: VIX risk scaling: vix_fear=0.54 → risk ×0.86 (0.24)
2026-03-30 18:34:01  INFO      TradingGraph: Structure SL/TP [US30] entry=45489.70000 sl=46644.74506 (3.25×ATR) tp=44395.40000 (R:R=0.95)
2026-03-30 18:34:02  INFO      TradingGraph: Created trade plan: entry=45489.7000, sl=46644.7500, tp=43757.1300
2026-03-30 18:34:02  INFO      TradingGraph: Executing trade for US30
2026-03-30 18:34:02  WARNING   MT5Executor: US30: trading disabled on this symbol (trade_mode=0 — may be outside market hours or broker restriction). Skipping.
2026-03-30 18:34:02  INFO      TradingGraph: Order not placed for US30 (executor returned None — see executor log for reason)
2026-03-30 18:34:02  INFO      TradingRunner: Analysing US500 …
2026-03-30 18:34:02  INFO      TradingGraph: Running agents for US500
2026-03-30 18:34:02  INFO      TradingGraph: Completed 15 agents
2026-03-30 18:34:02  INFO      TradingGraph: Fusing timeframe signals
2026-03-30 18:34:02  INFO      TradingGraph: Fusion: L=-0.433(csns=1.00), M=-0.229(csns=1.00), S=-0.253(csns=1.00), align_str=0.293
2026-03-30 18:34:02  INFO      TradingGraph: Aligned [full-alignment] (bearish) — proceeding [L=-0.433 M=-0.229 S=-0.253 breadth=0.014]
2026-03-30 18:34:02  INFO      TradingGraph: Generating trading recipe
2026-03-30 18:34:02  INFO      TradingGraph: Generated recipe: RISKY_SHORT_FULL_ALIGNMENT_US500
2026-03-30 18:34:02  INFO      TradingGraph: Risk check passed
2026-03-30 18:34:02  INFO      TradingGraph: Creating trade plan
2026-03-30 18:34:02  INFO      TradingGraph: VIX risk scaling: vix_fear=0.54 → risk ×0.86 (0.24)
2026-03-30 18:34:02  INFO      TradingGraph: SL cap [US500]: 5.40×ATR → 3.5×ATR
2026-03-30 18:34:02  INFO      TradingGraph: Structure SL/TP [US500] entry=6379.90000 sl=6554.53020 (3.50×ATR) tp=6205.18790 (R:R=1.00)
2026-03-30 18:34:02  INFO      TradingGraph: Created trade plan: entry=6379.9000, sl=6554.5300, tp=6117.9500
2026-03-30 18:34:02  INFO      TradingGraph: Executing trade for US500
2026-03-30 18:34:02  WARNING   MT5Executor: US500: trading disabled on this symbol (trade_mode=0 — may be outside market hours or broker restriction). Skipping.
2026-03-30 18:34:02  INFO      TradingGraph: Order not placed for US500 (executor returned None — see executor log for reason)
2026-03-30 18:34:02  INFO      TradingRunner: Analysing USTEC …
2026-03-30 18:34:02  INFO      TradingGraph: Running agents for USTEC
2026-03-30 18:34:02  INFO      TradingGraph: Completed 15 agents
2026-03-30 18:34:02  INFO      TradingGraph: Fusing timeframe signals
2026-03-30 18:34:02  INFO      TradingGraph: Fusion: L=-0.440(csns=1.00), M=-0.274(csns=1.00), S=-0.390(csns=1.00), align_str=0.361
2026-03-30 18:34:02  INFO      TradingGraph: Aligned [full-alignment] (bearish) — proceeding [L=-0.440 M=-0.274 S=-0.390 breadth=0.014]
2026-03-30 18:34:02  INFO      TradingGraph: Generating trading recipe
2026-03-30 18:34:02  INFO      TradingGraph: Generated recipe: RISKY_SHORT_FULL_ALIGNMENT_USTEC
2026-03-30 18:34:02  INFO      TradingGraph: Risk check passed
2026-03-30 18:34:02  INFO      TradingGraph: Creating trade plan
2026-03-30 18:34:02  INFO      TradingGraph: VIX risk scaling: vix_fear=0.50 → risk ×0.90 (0.25)
2026-03-30 18:34:02  INFO      TradingGraph: SL cap [USTEC]: 6.11×ATR → 3.5×ATR
2026-03-30 18:34:02  INFO      TradingGraph: Structure SL/TP [USTEC] entry=23108.30000 sl=23841.07403 (3.50×ATR) tp=22502.01877 (R:R=0.83)
2026-03-30 18:34:02  INFO      TradingGraph: Created trade plan: entry=23108.3000, sl=23841.0700, tp=22009.1400
2026-03-30 18:34:02  INFO      TradingGraph: Executing trade for USTEC
2026-03-30 18:34:02  WARNING   MT5Executor: USTEC: trading disabled on this symbol (trade_mode=0 — may be outside market hours or broker restriction). Skipping.
2026-03-30 18:34:02  INFO      TradingGraph: Order not placed for USTEC (executor returned None — see executor log for reason)
2026-03-30 18:34:02  INFO      TradingRunner: Analysing DAX …
2026-03-30 18:34:02  INFO      TradingGraph: Running agents for DAX
2026-03-30 18:34:02  INFO      TradingGraph: Completed 15 agents
2026-03-30 18:34:02  INFO      TradingGraph: Fusing timeframe signals
2026-03-30 18:34:02  INFO      TradingGraph: Fusion: L=-0.155(csns=1.00), M=-0.077(csns=1.00), S=0.082(csns=0.83), align_str=0.000
2026-03-30 18:34:02  INFO      TradingGraph: Timeframes not aligned — stopping (L=-0.155 M=-0.077 S=0.082)
2026-03-30 18:34:02  INFO      TradingRunner: Analysing UK100 …
2026-03-30 18:34:02  INFO      TradingGraph: Running agents for UK100
2026-03-30 18:34:02  INFO      TradingGraph: Completed 15 agents
2026-03-30 18:34:02  INFO      TradingGraph: Fusing timeframe signals
2026-03-30 18:34:02  INFO      TradingGraph: Fusion: L=0.140(csns=0.67), M=0.557(csns=1.00), S=0.225(csns=0.75), align_str=0.260
2026-03-30 18:34:02  INFO      TradingGraph: Timeframes not aligned — stopping (L=0.140 M=0.557 S=0.225)
2026-03-30 18:34:02  INFO      TradingRunner: Analysing EURJPY …
2026-03-30 18:34:02  INFO      TradingGraph: Running agents for EURJPY
2026-03-30 18:34:02  INFO      TradingGraph: Completed 15 agents
2026-03-30 18:34:02  INFO      TradingGraph: Fusing timeframe signals
2026-03-30 18:34:02  INFO      TradingGraph: Fusion: L=-0.161(csns=1.00), M=-0.899(csns=1.00), S=-0.096(csns=0.80), align_str=0.240
2026-03-30 18:34:02  INFO      TradingGraph: Timeframes not aligned — stopping (L=-0.161 M=-0.899 S=-0.096)
2026-03-30 18:34:02  INFO      TradingRunner: Analysing GBPJPY …
2026-03-30 18:34:02  INFO      TradingGraph: Running agents for GBPJPY
2026-03-30 18:34:02  INFO      TradingGraph: Completed 15 agents
2026-03-30 18:34:02  INFO      TradingGraph: Fusing timeframe signals
2026-03-30 18:34:02  INFO      TradingGraph: Fusion: L=0.039(csns=0.33), M=-0.903(csns=1.00), S=-0.044(csns=0.67), align_str=0.000
2026-03-30 18:34:02  INFO      TradingGraph: Timeframes not aligned — stopping (L=0.039 M=-0.903 S=-0.044)
2026-03-30 18:34:02  INFO      TradingRunner: Analysing AUDJPY …
2026-03-30 18:34:02  INFO      TradingGraph: Running agents for AUDJPY
2026-03-30 18:34:02  INFO      TradingGraph: Completed 15 agents
2026-03-30 18:34:02  INFO      TradingGraph: Fusing timeframe signals
2026-03-30 18:34:02  INFO      TradingGraph: Fusion: L=0.255(csns=0.33), M=-0.386(csns=1.00), S=-0.017(csns=0.40), align_str=0.000
2026-03-30 18:34:02  INFO      TradingGraph: Timeframes not aligned — stopping (L=0.255 M=-0.386 S=-0.017)
2026-03-30 18:34:02  INFO      TradingRunner: Analysing EURGBP …
2026-03-30 18:34:02  INFO      TradingGraph: Running agents for EURGBP
2026-03-30 18:34:02  INFO      TradingGraph: Completed 15 agents
2026-03-30 18:34:02  INFO      TradingGraph: Fusing timeframe signals
2026-03-30 18:34:02  INFO      TradingGraph: Fusion: L=0.009(csns=0.33), M=0.378(csns=1.00), S=-0.091(csns=0.83), align_str=0.000
2026-03-30 18:34:02  INFO      TradingGraph: Timeframes not aligned — stopping (L=0.009 M=0.378 S=-0.091)
2026-03-30 18:34:02  INFO      TradingRunner: Analysing EURCHF …
2026-03-30 18:34:02  INFO      TradingGraph: Running agents for EURCHF
2026-03-30 18:34:03  INFO      TradingGraph: Completed 15 agents
2026-03-30 18:34:03  INFO      TradingGraph: Fusing timeframe signals
2026-03-30 18:34:03  INFO      TradingGraph: Fusion: L=-0.202(csns=0.67), M=-0.285(csns=1.00), S=-0.261(csns=0.71), align_str=0.247
2026-03-30 18:34:03  INFO      TradingGraph: Aligned [full-alignment] (bearish) — proceeding [L=-0.202 M=-0.285 S=-0.261 breadth=0.014]
2026-03-30 18:34:03  INFO      TradingGraph: Generating trading recipe
2026-03-30 18:34:03  INFO      TradingGraph: Generated recipe: RISKY_SHORT_FULL_ALIGNMENT_EURCHF
2026-03-30 18:34:03  INFO      TradingGraph: Pivot guard: support 0.18×ATR away — rejecting SHORT (buffer=0.5)
2026-03-30 18:34:03  INFO      TradingRunner: Analysing CHFJPY …
2026-03-30 18:34:03  INFO      TradingGraph: Running agents for CHFJPY
2026-03-30 18:34:03  INFO      TradingGraph: Completed 15 agents
2026-03-30 18:34:03  INFO      TradingGraph: Fusing timeframe signals
2026-03-30 18:34:03  INFO      TradingGraph: Fusion: L=0.269(csns=0.67), M=-0.652(csns=1.00), S=-0.038(csns=0.33), align_str=0.000
2026-03-30 18:34:03  INFO      TradingGraph: Timeframes not aligned — stopping (L=0.269 M=-0.652 S=-0.038)
2026-03-30 18:34:03  INFO      TradingRunner: Analysing XAGUSD …
2026-03-30 18:34:03  INFO      TradingGraph: Running agents for XAGUSD
2026-03-30 18:34:03  INFO      TradingGraph: Completed 15 agents
2026-03-30 18:34:03  INFO      TradingGraph: Fusing timeframe signals
2026-03-30 18:34:03  INFO      TradingGraph: Fusion: L=-0.183(csns=0.50), M=0.213(csns=1.00), S=0.021(csns=0.50), align_str=0.000
2026-03-30 18:34:03  INFO      TradingGraph: Timeframes not aligned — stopping (L=-0.183 M=0.213 S=0.021)
2026-03-30 18:34:03  INFO      TradingRunner: PnL — unrealized: -0.15  realized today: +0.00  total: -0.15
2026-03-30 18:34:03  INFO      TradingRunner: Signal cycle done in 11.2s — sleeping 289s
2026-03-30 18:34:47  INFO      TradingGraph: Running agents for USDCHF
2026-03-30 18:34:47  INFO      TradingGraph: Completed 15 agents
2026-03-30 18:34:47  INFO      TradingGraph: Fusing timeframe signals
2026-03-30 18:34:47  INFO      TradingGraph: Fusion: L=0.572(csns=1.00), M=0.343(csns=0.67), S=0.047(csns=0.40), align_str=0.209
2026-03-30 18:34:48  INFO      TradingGraph: Running agents for USDCAD
2026-03-30 18:34:48  INFO      TradingGraph: Completed 15 agents
2026-03-30 18:34:48  INFO      TradingGraph: Fusing timeframe signals
2026-03-30 18:34:48  INFO      TradingGraph: Fusion: L=0.595(csns=1.00), M=0.364(csns=0.75), S=0.028(csns=0.33), align_str=0.182
2026-03-30 18:34:49  INFO      TradingGraph: Running agents for CHFJPY
2026-03-30 18:34:50  INFO      TradingGraph: Completed 15 agents
2026-03-30 18:34:50  INFO      TradingGraph: Fusing timeframe signals
2026-03-30 18:34:50  INFO      TradingGraph: Fusion: L=0.269(csns=0.67), M=-0.658(csns=1.00), S=-0.052(csns=0.33), align_str=0.000
2026-03-30 18:34:51  INFO      TradingGraph: Running agents for EURJPY
2026-03-30 18:34:51  INFO      TradingGraph: Running agents for USDCHF
2026-03-30 18:34:51  INFO      TradingGraph: Completed 15 agents
2026-03-30 18:34:51  INFO      TradingGraph: Fusing timeframe signals
2026-03-30 18:34:51  INFO      TradingGraph: Fusion: L=0.571(csns=1.00), M=0.343(csns=0.67), S=0.047(csns=0.40), align_str=0.210
2026-03-30 18:34:51  INFO      TradingGraph: Completed 15 agents
2026-03-30 18:34:51  INFO      TradingGraph: Fusing timeframe signals
2026-03-30 18:34:51  INFO      TradingGraph: Fusion: L=-0.161(csns=1.00), M=-0.899(csns=1.00), S=-0.098(csns=0.80), align_str=0.242
2026-03-30 18:34:51  INFO      TradingRunner: Analysing EURUSD …
2026-03-30 18:34:51  INFO      TradingGraph: Running agents for EURUSD
2026-03-30 18:34:51  INFO      TradingGraph: Completed 15 agents
2026-03-30 18:34:51  INFO      TradingGraph: Fusing timeframe signals
2026-03-30 18:34:51  INFO      TradingGraph: Fusion: L=-0.547(csns=1.00), M=-0.675(csns=1.00), S=-0.298(csns=0.83), align_str=0.479
2026-03-30 18:34:51  INFO      TradingGraph: Aligned [full-alignment] (bearish) — proceeding [L=-0.547 M=-0.675 S=-0.298 breadth=0.013]
2026-03-30 18:34:51  INFO      TradingGraph: Generating trading recipe
2026-03-30 18:34:51  INFO      TradingGraph: Generated recipe: BALANCED_SHORT_FULL_ALIGNMENT_EURUSD
2026-03-30 18:34:51  INFO      TradingGraph: Correlation guard: 2/2 long_usd positions already open — refusing EURUSD SELL
2026-03-30 18:34:51  INFO      TradingRunner: Analysing GBPUSD …
2026-03-30 18:34:51  INFO      TradingGraph: Running agents for GBPUSD
2026-03-30 18:34:51  INFO      TradingGraph: Completed 15 agents
2026-03-30 18:34:51  INFO      TradingGraph: Fusing timeframe signals
2026-03-30 18:34:51  INFO      TradingGraph: Fusion: L=-0.576(csns=1.00), M=-0.648(csns=1.00), S=-0.167(csns=0.75), align_str=0.397
2026-03-30 18:34:51  INFO      TradingGraph: Aligned [full-alignment] (bearish) — proceeding [L=-0.576 M=-0.648 S=-0.167 breadth=0.013]
2026-03-30 18:34:51  INFO      TradingGraph: Generating trading recipe
2026-03-30 18:34:51  INFO      TradingGraph: Generated recipe: BALANCED_SHORT_FULL_ALIGNMENT_GBPUSD
2026-03-30 18:34:51  INFO      TradingGraph: Correlation guard: 2/2 long_usd positions already open — refusing GBPUSD SELL
2026-03-30 18:34:51  INFO      TradingRunner: Analysing USDJPY …
2026-03-30 18:34:51  INFO      TradingGraph: Running agents for USDJPY
2026-03-30 18:34:52  INFO      TradingGraph: Running agents for USDCAD
2026-03-30 18:34:52  INFO      TradingGraph: Completed 15 agents
2026-03-30 18:34:52  INFO      TradingGraph: Fusing timeframe signals
2026-03-30 18:34:52  INFO      TradingGraph: Fusion: L=0.368(csns=0.67), M=-0.143(csns=1.00), S=-0.095(csns=0.60), align_str=0.000
2026-03-30 18:34:52  INFO      TradingGraph: Timeframes not aligned — stopping (L=0.368 M=-0.143 S=-0.095)
2026-03-30 18:34:52  INFO      TradingRunner: Analysing AUDUSD …
2026-03-30 18:34:52  INFO      TradingGraph: Running agents for AUDUSD
2026-03-30 18:34:52  INFO      TradingGraph: Completed 15 agents
2026-03-30 18:34:52  INFO      TradingGraph: Fusing timeframe signals
2026-03-30 18:34:52  INFO      TradingGraph: Fusion: L=0.595(csns=1.00), M=0.364(csns=0.75), S=0.023(csns=0.33), align_str=0.171
2026-03-30 18:34:52  INFO      TradingGraph: Completed 15 agents
2026-03-30 18:34:52  INFO      TradingGraph: Fusing timeframe signals
2026-03-30 18:34:52  INFO      TradingGraph: Fusion: L=-0.064(csns=1.00), M=-0.097(csns=0.75), S=0.051(csns=0.80), align_str=0.000
2026-03-30 18:34:52  INFO      TradingGraph: Timeframes not aligned — stopping (L=-0.064 M=-0.097 S=0.051)
2026-03-30 18:34:52  INFO      TradingRunner: Analysing NZDUSD …
2026-03-30 18:34:52  INFO      TradingGraph: Running agents for NZDUSD
2026-03-30 18:34:52  INFO      TradingGraph: Completed 15 agents
2026-03-30 18:34:52  INFO      TradingGraph: Fusing timeframe signals
2026-03-30 18:34:52  INFO      TradingGraph: Fusion: L=-0.592(csns=1.00), M=-0.342(csns=0.75), S=-0.052(csns=0.33), align_str=0.219
2026-03-30 18:34:52  INFO      TradingGraph: Aligned [pullback-entry] (bearish) — proceeding [L=-0.592 M=-0.342 S=-0.052 breadth=0.013]
2026-03-30 18:34:52  INFO      TradingGraph: Generating trading recipe
2026-03-30 18:34:52  INFO      TradingGraph: Generated recipe: BALANCED_SHORT_PULLBACK_ENTRY_NZDUSD
2026-03-30 18:34:52  INFO      TradingGraph: Correlation guard: 2/2 long_usd positions already open — refusing NZDUSD SELL
2026-03-30 18:34:52  INFO      TradingRunner: Analysing US30 …
2026-03-30 18:34:52  INFO      TradingGraph: Running agents for US30
2026-03-30 18:34:52  INFO      TradingGraph: Completed 15 agents
2026-03-30 18:34:52  INFO      TradingGraph: Fusing timeframe signals
2026-03-30 18:34:52  INFO      TradingGraph: Fusion: L=-0.269(csns=0.67), M=-0.097(csns=1.00), S=-0.067(csns=0.67), align_str=0.121
2026-03-30 18:34:52  INFO      TradingGraph: Aligned [pullback-entry] (bearish) — proceeding [L=-0.269 M=-0.097 S=-0.067 breadth=0.013]
2026-03-30 18:34:52  INFO      TradingGraph: Generating trading recipe
2026-03-30 18:34:52  INFO      TradingGraph: Generated recipe: BALANCED_SHORT_PULLBACK_ENTRY_US30
2026-03-30 18:34:52  INFO      TradingGraph: Risk check passed
2026-03-30 18:34:52  INFO      TradingGraph: Creating trade plan
2026-03-30 18:34:52  INFO      TradingGraph: VIX risk scaling: vix_fear=0.53 → risk ×0.89 (0.12)
2026-03-30 18:34:52  INFO      TradingGraph: Structure SL/TP [US30] entry=45476.10000 sl=46644.74506 (3.28×ATR) tp=44395.40000 (R:R=0.92)
2026-03-30 18:34:52  INFO      TradingGraph: Created trade plan: entry=45476.1000, sl=46644.7500, tp=44307.4500
2026-03-30 18:34:52  INFO      TradingGraph: Executing trade for US30
2026-03-30 18:34:52  WARNING   MT5Executor: US30: trading disabled on this symbol (trade_mode=0 — may be outside market hours or broker restriction). Skipping.
2026-03-30 18:34:52  INFO      TradingGraph: Order not placed for US30 (executor returned None — see executor log for reason)
2026-03-30 18:34:52  INFO      TradingRunner: Analysing US500 …
2026-03-30 18:34:52  INFO      TradingGraph: Running agents for US500
2026-03-30 18:34:52  INFO      TradingGraph: Completed 15 agents
2026-03-30 18:34:52  INFO      TradingGraph: Fusing timeframe signals
2026-03-30 18:34:52  INFO      TradingGraph: Fusion: L=-0.433(csns=1.00), M=-0.232(csns=1.00), S=-0.257(csns=1.00), align_str=0.296
2026-03-30 18:34:52  INFO      TradingGraph: Aligned [full-alignment] (bearish) — proceeding [L=-0.433 M=-0.232 S=-0.257 breadth=0.013]
2026-03-30 18:34:52  INFO      TradingGraph: Generating trading recipe
2026-03-30 18:34:52  INFO      TradingGraph: Generated recipe: BALANCED_SHORT_FULL_ALIGNMENT_US500
2026-03-30 18:34:52  INFO      TradingGraph: Risk check passed
2026-03-30 18:34:52  INFO      TradingGraph: Creating trade plan
2026-03-30 18:34:52  INFO      TradingGraph: VIX risk scaling: vix_fear=0.53 → risk ×0.89 (0.12)
2026-03-30 18:34:52  INFO      TradingGraph: SL cap [US500]: 5.42×ATR → 5.0×ATR
2026-03-30 18:34:52  INFO      TradingGraph: Structure SL/TP [US500] entry=6378.90000 sl=6628.37172 (5.00×ATR) tp=6131.15575 (R:R=0.99)
2026-03-30 18:34:52  INFO      TradingGraph: Created trade plan: entry=6378.9000, sl=6628.3700, tp=6129.4300
2026-03-30 18:34:52  INFO      TradingGraph: Executing trade for US500
2026-03-30 18:34:52  WARNING   MT5Executor: US500: trading disabled on this symbol (trade_mode=0 — may be outside market hours or broker restriction). Skipping.
2026-03-30 18:34:52  INFO      TradingGraph: Order not placed for US500 (executor returned None — see executor log for reason)
2026-03-30 18:34:52  INFO      TradingRunner: Analysing USTEC …
2026-03-30 18:34:52  INFO      TradingGraph: Running agents for USTEC
2026-03-30 18:34:52  INFO      TradingGraph: Completed 15 agents
2026-03-30 18:34:52  INFO      TradingGraph: Fusing timeframe signals
2026-03-30 18:34:52  INFO      TradingGraph: Fusion: L=-0.440(csns=1.00), M=-0.273(csns=1.00), S=-0.395(csns=1.00), align_str=0.362
2026-03-30 18:34:52  INFO      TradingGraph: Aligned [full-alignment] (bearish) — proceeding [L=-0.440 M=-0.273 S=-0.395 breadth=0.013]
2026-03-30 18:34:52  INFO      TradingGraph: Generating trading recipe
2026-03-30 18:34:52  INFO      TradingGraph: Generated recipe: BALANCED_SHORT_FULL_ALIGNMENT_USTEC
2026-03-30 18:34:52  INFO      TradingGraph: Risk check passed
2026-03-30 18:34:52  INFO      TradingGraph: Creating trade plan
2026-03-30 18:34:52  INFO      TradingGraph: VIX risk scaling: vix_fear=0.49 → risk ×0.92 (0.13)
2026-03-30 18:34:52  INFO      TradingGraph: SL cap [USTEC]: 6.11×ATR → 5.0×ATR
2026-03-30 18:34:52  INFO      TradingGraph: Structure SL/TP [USTEC] entry=23108.70000 sl=24155.52004 (5.00×ATR) tp=22241.98557 (R:R=0.83)
2026-03-30 18:34:52  INFO      TradingGraph: Created trade plan: entry=23108.7000, sl=24155.5200, tp=22061.8800
2026-03-30 18:34:52  INFO      TradingGraph: Executing trade for USTEC
2026-03-30 18:34:52  WARNING   MT5Executor: USTEC: trading disabled on this symbol (trade_mode=0 — may be outside market hours or broker restriction). Skipping.
2026-03-30 18:34:52  INFO      TradingGraph: Order not placed for USTEC (executor returned None — see executor log for reason)
2026-03-30 18:34:52  INFO      TradingRunner: Analysing DAX …
2026-03-30 18:34:52  INFO      TradingGraph: Running agents for DAX
2026-03-30 18:34:52  INFO      TradingGraph: Completed 15 agents
2026-03-30 18:34:52  INFO      TradingGraph: Fusing timeframe signals
2026-03-30 18:34:52  INFO      TradingGraph: Fusion: L=-0.155(csns=1.00), M=-0.077(csns=1.00), S=0.066(csns=0.83), align_str=0.000
2026-03-30 18:34:52  INFO      TradingGraph: Aligned [pullback-entry] (bearish) — proceeding [L=-0.155 M=-0.077 S=0.066 breadth=0.013]
2026-03-30 18:34:52  INFO      TradingGraph: Generating trading recipe
2026-03-30 18:34:52  INFO      TradingGraph: Generated recipe: BALANCED_SHORT_PULLBACK_ENTRY_DAX
2026-03-30 18:34:52  INFO      TradingGraph: Win probability too low: 0.448 < 0.46
2026-03-30 18:34:52  INFO      TradingRunner: Analysing UK100 …
2026-03-30 18:34:52  INFO      TradingGraph: Running agents for UK100
2026-03-30 18:34:52  INFO      TradingGraph: Completed 15 agents
2026-03-30 18:34:52  INFO      TradingGraph: Fusing timeframe signals
2026-03-30 18:34:52  INFO      TradingGraph: Fusion: L=0.140(csns=0.67), M=0.554(csns=1.00), S=0.232(csns=0.75), align_str=0.262
2026-03-30 18:34:52  INFO      TradingGraph: Timeframes not aligned — stopping (L=0.140 M=0.554 S=0.232)
2026-03-30 18:34:52  INFO      TradingRunner: Analysing GBPJPY …
2026-03-30 18:34:52  INFO      TradingGraph: Running agents for GBPJPY
2026-03-30 18:34:52  INFO      TradingGraph: Completed 15 agents
2026-03-30 18:34:52  INFO      TradingGraph: Fusing timeframe signals
2026-03-30 18:34:52  INFO      TradingGraph: Fusion: L=0.039(csns=0.33), M=-0.903(csns=1.00), S=-0.043(csns=0.50), align_str=0.000
2026-03-30 18:34:52  INFO      TradingGraph: Timeframes not aligned — stopping (L=0.039 M=-0.903 S=-0.043)
2026-03-30 18:34:52  INFO      TradingRunner: Analysing AUDJPY …
2026-03-30 18:34:52  INFO      TradingGraph: Running agents for AUDJPY
2026-03-30 18:34:52  INFO      TradingGraph: Completed 15 agents
2026-03-30 18:34:52  INFO      TradingGraph: Fusing timeframe signals
2026-03-30 18:34:52  INFO      TradingGraph: Fusion: L=0.255(csns=0.33), M=-0.390(csns=1.00), S=-0.019(csns=0.40), align_str=0.000
2026-03-30 18:34:52  INFO      TradingGraph: Timeframes not aligned — stopping (L=0.255 M=-0.390 S=-0.019)
2026-03-30 18:34:52  INFO      TradingRunner: Analysing EURGBP …
2026-03-30 18:34:52  INFO      TradingGraph: Running agents for EURGBP
2026-03-30 18:34:53  INFO      TradingGraph: Completed 15 agents
2026-03-30 18:34:53  INFO      TradingGraph: Fusing timeframe signals
2026-03-30 18:34:53  INFO      TradingGraph: Fusion: L=0.008(csns=0.33), M=0.377(csns=1.00), S=-0.091(csns=0.83), align_str=0.000
2026-03-30 18:34:53  INFO      TradingGraph: Timeframes not aligned — stopping (L=0.008 M=0.377 S=-0.091)
2026-03-30 18:34:53  INFO      TradingRunner: Analysing EURCHF …
2026-03-30 18:34:53  INFO      TradingGraph: Running agents for EURCHF
2026-03-30 18:34:53  INFO      TradingGraph: Completed 15 agents
2026-03-30 18:34:53  INFO      TradingGraph: Fusing timeframe signals
2026-03-30 18:34:53  INFO      TradingGraph: Fusion: L=-0.202(csns=0.67), M=-0.279(csns=1.00), S=-0.270(csns=0.71), align_str=0.247
2026-03-30 18:34:53  INFO      TradingGraph: Aligned [full-alignment] (bearish) — proceeding [L=-0.202 M=-0.279 S=-0.270 breadth=0.013]
2026-03-30 18:34:53  INFO      TradingGraph: Generating trading recipe
2026-03-30 18:34:53  INFO      TradingGraph: Generated recipe: BALANCED_SHORT_FULL_ALIGNMENT_EURCHF
2026-03-30 18:34:53  INFO      TradingGraph: Pivot guard: support 0.21×ATR away — rejecting SHORT (buffer=0.5)
2026-03-30 18:34:53  INFO      TradingRunner: Analysing XAGUSD …
2026-03-30 18:34:53  INFO      TradingGraph: Running agents for XAGUSD
2026-03-30 18:34:53  INFO      TradingGraph: Completed 15 agents
2026-03-30 18:34:53  INFO      TradingGraph: Fusing timeframe signals
2026-03-30 18:34:53  INFO      TradingGraph: Fusion: L=-0.183(csns=0.50), M=0.211(csns=1.00), S=0.008(csns=0.50), align_str=0.000
2026-03-30 18:34:53  INFO      TradingGraph: Timeframes not aligned — stopping (L=-0.183 M=0.211 S=0.008)
2026-03-30 18:34:53  INFO      TradingRunner: PnL — unrealized: -0.03  realized today: +0.00  total: -0.03
2026-03-30 18:34:53  INFO      TradingRunner: Signal cycle done in 8.3s — sleeping 292s
2026-03-30 18:35:47  INFO      TradingGraph: Running agents for USDCHF
2026-03-30 18:35:47  INFO      TradingGraph: Completed 15 agents
2026-03-30 18:35:47  INFO      TradingGraph: Fusing timeframe signals
2026-03-30 18:35:47  INFO      TradingGraph: Fusion: L=0.572(csns=1.00), M=0.343(csns=0.67), S=0.047(csns=0.40), align_str=0.209
2026-03-30 18:35:47  INFO      TradingGraph: Running agents for USDCAD
2026-03-30 18:35:47  INFO      TradingGraph: Completed 15 agents
2026-03-30 18:35:47  INFO      TradingGraph: Fusing timeframe signals
2026-03-30 18:35:47  INFO      TradingGraph: Fusion: L=0.595(csns=1.00), M=0.367(csns=0.75), S=0.028(csns=0.33), align_str=0.183
2026-03-30 18:35:47  INFO      TradingGraph: Running agents for CHFJPY
2026-03-30 18:35:47  INFO      TradingGraph: Completed 15 agents
2026-03-30 18:35:47  INFO      TradingGraph: Fusing timeframe signals
2026-03-30 18:35:47  INFO      TradingGraph: Fusion: L=0.269(csns=0.67), M=-0.657(csns=1.00), S=-0.051(csns=0.33), align_str=0.000
2026-03-30 18:35:48  INFO      TradingGraph: Running agents for EURJPY
2026-03-30 18:35:48  INFO      TradingGraph: Completed 15 agents
2026-03-30 18:35:48  INFO      TradingGraph: Fusing timeframe signals
2026-03-30 18:35:48  INFO      TradingGraph: Fusion: L=-0.160(csns=1.00), M=-0.898(csns=1.00), S=-0.099(csns=0.80), align_str=0.243
2026-03-30 18:35:51  INFO      TradingGraph: Running agents for USDCHF
2026-03-30 18:35:51  INFO      TradingGraph: Completed 15 agents
2026-03-30 18:35:51  INFO      TradingGraph: Fusing timeframe signals
2026-03-30 18:35:51  INFO      TradingGraph: Fusion: L=0.571(csns=1.00), M=0.343(csns=0.67), S=0.047(csns=0.40), align_str=0.210
2026-03-30 18:35:51  INFO      TradingGraph: Running agents for USDCAD
2026-03-30 18:35:51  INFO      TradingGraph: Completed 15 agents
2026-03-30 18:35:51  INFO      TradingGraph: Fusing timeframe signals
2026-03-30 18:35:51  INFO      TradingGraph: Fusion: L=0.595(csns=1.00), M=0.368(csns=0.75), S=0.024(csns=0.33), align_str=0.173
2026-03-30 18:36:46  INFO      TradingGraph: Running agents for USDCHF
2026-03-30 18:36:46  INFO      TradingGraph: Completed 15 agents
2026-03-30 18:36:46  INFO      TradingGraph: Fusing timeframe signals
2026-03-30 18:36:46  INFO      TradingGraph: Fusion: L=0.572(csns=1.00), M=0.343(csns=0.67), S=0.046(csns=0.40), align_str=0.208
2026-03-30 18:36:47  INFO      TradingGraph: Running agents for USDCAD
2026-03-30 18:36:47  INFO      TradingGraph: Completed 15 agents
2026-03-30 18:36:47  INFO      TradingGraph: Fusing timeframe signals
2026-03-30 18:36:47  INFO      TradingGraph: Fusion: L=0.596(csns=1.00), M=0.369(csns=0.75), S=0.035(csns=0.33), align_str=0.197
2026-03-30 18:36:47  INFO      TradingGraph: Running agents for CHFJPY
2026-03-30 18:36:47  INFO      TradingGraph: Completed 15 agents
2026-03-30 18:36:47  INFO      TradingGraph: Fusing timeframe signals
2026-03-30 18:36:47  INFO      TradingGraph: Fusion: L=0.269(csns=0.67), M=-0.661(csns=1.00), S=-0.065(csns=0.50), align_str=0.000
2026-03-30 18:36:48  INFO      TradingGraph: Running agents for EURJPY
2026-03-30 18:36:48  INFO      TradingGraph: Completed 15 agents
2026-03-30 18:36:48  INFO      TradingGraph: Fusing timeframe signals
2026-03-30 18:36:48  INFO      TradingGraph: Fusion: L=-0.160(csns=1.00), M=-0.898(csns=1.00), S=-0.099(csns=0.80), align_str=0.243
2026-03-30 18:36:51  INFO      TradingGraph: Running agents for USDCHF
2026-03-30 18:36:51  INFO      TradingGraph: Completed 15 agents
2026-03-30 18:36:51  INFO      TradingGraph: Fusing timeframe signals
2026-03-30 18:36:51  INFO      TradingGraph: Fusion: L=0.571(csns=1.00), M=0.343(csns=0.67), S=0.047(csns=0.40), align_str=0.210
2026-03-30 18:36:51  INFO      TradingGraph: Running agents for USDCAD
2026-03-30 18:36:52  INFO      TradingGraph: Completed 15 agents
2026-03-30 18:36:52  INFO      TradingGraph: Fusing timeframe signals
2026-03-30 18:36:52  INFO      TradingGraph: Fusion: L=0.596(csns=1.00), M=0.368(csns=0.75), S=0.027(csns=0.33), align_str=0.180
2026-03-30 18:37:47  INFO      TradingGraph: Running agents for USDCHF
2026-03-30 18:37:47  INFO      TradingGraph: Completed 15 agents
2026-03-30 18:37:47  INFO      TradingGraph: Fusing timeframe signals
2026-03-30 18:37:47  INFO      TradingGraph: Fusion: L=0.572(csns=1.00), M=0.343(csns=0.67), S=0.047(csns=0.40), align_str=0.209
2026-03-30 18:37:47  INFO      TradingGraph: Running agents for USDCAD
2026-03-30 18:37:47  INFO      TradingGraph: Completed 15 agents
2026-03-30 18:37:47  INFO      TradingGraph: Fusing timeframe signals
2026-03-30 18:37:47  INFO      TradingGraph: Fusion: L=0.596(csns=1.00), M=0.371(csns=0.75), S=0.028(csns=0.33), align_str=0.184
2026-03-30 18:37:47  INFO      TradingGraph: Running agents for CHFJPY
2026-03-30 18:37:47  INFO      TradingGraph: Completed 15 agents
2026-03-30 18:37:47  INFO      TradingGraph: Fusing timeframe signals
2026-03-30 18:37:47  INFO      TradingGraph: Fusion: L=0.269(csns=0.67), M=-0.663(csns=1.00), S=-0.078(csns=0.60), align_str=0.000
2026-03-30 18:37:48  INFO      TradingGraph: Running agents for EURJPY
2026-03-30 18:37:48  INFO      TradingGraph: Completed 15 agents
2026-03-30 18:37:48  INFO      TradingGraph: Fusing timeframe signals
2026-03-30 18:37:48  INFO      TradingGraph: Fusion: L=-0.160(csns=1.00), M=-0.897(csns=1.00), S=-0.099(csns=0.80), align_str=0.242
2026-03-30 18:37:51  INFO      TradingGraph: Running agents for USDCHF
2026-03-30 18:37:51  INFO      TradingGraph: Completed 15 agents
2026-03-30 18:37:51  INFO      TradingGraph: Fusing timeframe signals
2026-03-30 18:37:51  INFO      TradingGraph: Fusion: L=0.572(csns=1.00), M=0.346(csns=0.67), S=0.049(csns=0.40), align_str=0.213
2026-03-30 18:37:52  INFO      TradingGraph: Running agents for USDCAD
2026-03-30 18:37:52  INFO      TradingGraph: Completed 15 agents
2026-03-30 18:37:52  INFO      TradingGraph: Fusing timeframe signals
2026-03-30 18:37:52  INFO      TradingGraph: Fusion: L=0.596(csns=1.00), M=0.373(csns=0.75), S=0.006(csns=0.17), align_str=0.112
2026-03-30 18:38:47  INFO      TradingGraph: Running agents for USDCHF
2026-03-30 18:38:47  INFO      TradingGraph: Completed 15 agents
2026-03-30 18:38:47  INFO      TradingGraph: Fusing timeframe signals
2026-03-30 18:38:47  INFO      TradingGraph: Fusion: L=0.572(csns=1.00), M=0.344(csns=0.67), S=0.047(csns=0.40), align_str=0.210
2026-03-30 18:38:48  INFO      TradingGraph: Running agents for USDCAD
2026-03-30 18:38:48  INFO      TradingGraph: Completed 15 agents
2026-03-30 18:38:48  INFO      TradingGraph: Fusing timeframe signals
2026-03-30 18:38:48  INFO      TradingGraph: Fusion: L=0.597(csns=1.00), M=0.373(csns=0.75), S=0.013(csns=0.17), align_str=0.141
2026-03-30 18:38:49  INFO      TradingGraph: Running agents for CHFJPY
2026-03-30 18:38:49  INFO      TradingGraph: Completed 15 agents
2026-03-30 18:38:49  INFO      TradingGraph: Fusing timeframe signals
2026-03-30 18:38:49  INFO      TradingGraph: Fusion: L=0.269(csns=0.67), M=-0.665(csns=1.00), S=-0.081(csns=0.60), align_str=0.000
2026-03-30 18:38:49  INFO      TradingGraph: Running agents for EURJPY
2026-03-30 18:38:49  INFO      TradingGraph: Completed 15 agents
2026-03-30 18:38:49  INFO      TradingGraph: Fusing timeframe signals
2026-03-30 18:38:49  INFO      TradingGraph: Fusion: L=-0.160(csns=1.00), M=-0.897(csns=1.00), S=-0.091(csns=0.80), align_str=0.235
2026-03-30 18:38:51  ERROR     DataLoader: No data from MT5 for AUDUSD/1D
2026-03-30 18:38:51  ERROR     DataLoader: No data from MT5 for USDCAD/1D
2026-03-30 18:38:52  ERROR     DataLoader: No data from MT5 for EURUSD/15m
2026-03-30 18:38:52  ERROR     DataLoader: No data from MT5 for EURUSD/4H
2026-03-30 18:38:52  ERROR     DataLoader: No data from MT5 for EURUSD/1D
2026-03-30 18:38:52  ERROR     DataLoader: No data from MT5 for GBPUSD/1D
2026-03-30 18:38:52  ERROR     DataLoader: No data from MT5 for GBPUSD/4H
2026-03-30 18:38:52  ERROR     DataLoader: No data from MT5 for AUDUSD/1D
2026-03-30 18:38:52  ERROR     DataLoader: No data from MT5 for GBPUSD/15m
2026-03-30 18:38:52  ERROR     DataLoader: No data from MT5 for USDJPY/1D
2026-03-30 18:38:52  ERROR     DataLoader: No data from MT5 for USDJPY/4H
2026-03-30 18:38:52  ERROR     DataLoader: No data from MT5 for AUDUSD/4H
2026-03-30 18:38:52  ERROR     DataLoader: No data from MT5 for AUDUSD/15m
2026-03-30 18:38:52  ERROR     DataLoader: No data from MT5 for USDJPY/15m
2026-03-30 18:38:52  ERROR     DataLoader: No data from MT5 for USDCHF/1D
2026-03-30 18:38:52  ERROR     DataLoader: No data from MT5 for USDCHF/15m
2026-03-30 18:38:52  ERROR     DataLoader: No data from MT5 for USDCHF/4H
2026-03-30 18:38:52  ERROR     DataLoader: No data from MT5 for USDCAD/1D
2026-03-30 18:38:52  ERROR     DataLoader: No data from MT5 for USDCAD/4H
2026-03-30 18:38:52  ERROR     DataLoader: No data from MT5 for USDCAD/15m
2026-03-30 18:38:52  ERROR     DataLoader: No data from MT5 for NZDUSD/1D
2026-03-30 18:38:52  ERROR     DataLoader: No data from MT5 for NZDUSD/4H
2026-03-30 18:38:52  ERROR     DataLoader: No data from MT5 for NZDUSD/15m
2026-03-30 18:38:52  ERROR     DataLoader: No data from MT5 for US30/4H
2026-03-30 18:38:52  ERROR     DataLoader: No data from MT5 for US30/1D
2026-03-30 18:38:52  ERROR     DataLoader: No data from MT5 for US30/15m
2026-03-30 18:38:52  ERROR     DataLoader: No data from MT5 for US500/1D
2026-03-30 18:38:52  ERROR     DataLoader: No data from MT5 for US500/15m
2026-03-30 18:38:52  ERROR     DataLoader: No data from MT5 for USTEC/15m
2026-03-30 18:38:52  ERROR     DataLoader: No data from MT5 for USTEC/4H
2026-03-30 18:38:52  ERROR     DataLoader: No data from MT5 for USTEC/1D
2026-03-30 18:38:52  ERROR     DataLoader: No data from MT5 for DAX/1D
2026-03-30 18:38:52  ERROR     DataLoader: No data from MT5 for DAX/4H
2026-03-30 18:38:52  ERROR     DataLoader: No data from MT5 for DAX/15m
2026-03-30 18:38:52  ERROR     DataLoader: No data from MT5 for US500/4H
2026-03-30 18:38:52  ERROR     DataLoader: No data from MT5 for UK100/1D
2026-03-30 18:38:52  ERROR     DataLoader: No data from MT5 for EURJPY/1D
2026-03-30 18:38:52  ERROR     DataLoader: No data from MT5 for UK100/4H
2026-03-30 18:38:52  ERROR     DataLoader: No data from MT5 for GBPJPY/1D
2026-03-30 18:38:52  ERROR     DataLoader: No data from MT5 for EURJPY/4H
2026-03-30 18:38:52  ERROR     DataLoader: No data from MT5 for UK100/15m
2026-03-30 18:38:52  ERROR     DataLoader: No data from MT5 for GBPJPY/4H
2026-03-30 18:38:52  ERROR     DataLoader: No data from MT5 for GBPJPY/15m
2026-03-30 18:38:52  ERROR     DataLoader: No data from MT5 for EURJPY/15m
2026-03-30 18:38:52  ERROR     DataLoader: No data from MT5 for AUDJPY/4H
2026-03-30 18:38:52  ERROR     DataLoader: No data from MT5 for AUDJPY/1D
2026-03-30 18:38:52  ERROR     DataLoader: No data from MT5 for EURGBP/1D
2026-03-30 18:38:52  ERROR     DataLoader: No data from MT5 for AUDJPY/15m
2026-03-30 18:38:52  ERROR     DataLoader: No data from MT5 for EURGBP/4H
2026-03-30 18:38:52  ERROR     DataLoader: No data from MT5 for EURGBP/15m
2026-03-30 18:38:52  ERROR     DataLoader: No data from MT5 for EURCHF/1D
2026-03-30 18:38:52  ERROR     DataLoader: No data from MT5 for EURCHF/4H
2026-03-30 18:38:52  ERROR     DataLoader: No data from MT5 for EURCHF/15m
2026-03-30 18:38:52  ERROR     DataLoader: No data from MT5 for CHFJPY/4H
2026-03-30 18:38:52  ERROR     DataLoader: No data from MT5 for CHFJPY/15m
2026-03-30 18:38:52  ERROR     DataLoader: No data from MT5 for XAGUSD/1D
2026-03-30 18:38:52  ERROR     DataLoader: No data from MT5 for CHFJPY/1D
2026-03-30 18:38:52  ERROR     DataLoader: No data from MT5 for XAGUSD/4H
2026-03-30 18:38:52  ERROR     DataLoader: No data from MT5 for XAGUSD/15m
2026-03-30 18:38:52  INFO      TradingRunner: Analysing EURUSD …
2026-03-30 18:38:52  WARNING   TradingRunner: Could not load features for EURUSD — skipping
2026-03-30 18:38:52  INFO      TradingRunner: Analysing GBPUSD …
2026-03-30 18:38:52  WARNING   TradingRunner: Could not load features for GBPUSD — skipping
2026-03-30 18:38:52  INFO      TradingRunner: Analysing USDJPY …
2026-03-30 18:38:52  WARNING   TradingRunner: Could not load features for USDJPY — skipping
2026-03-30 18:38:52  INFO      TradingRunner: Analysing AUDUSD …
2026-03-30 18:38:52  WARNING   TradingRunner: Could not load features for AUDUSD — skipping
2026-03-30 18:38:52  INFO      TradingRunner: Analysing NZDUSD …
2026-03-30 18:38:52  WARNING   TradingRunner: Could not load features for NZDUSD — skipping
2026-03-30 18:38:52  INFO      TradingRunner: Analysing US30 …
2026-03-30 18:38:52  WARNING   TradingRunner: Could not load features for US30 — skipping
2026-03-30 18:38:52  INFO      TradingRunner: Analysing US500 …
2026-03-30 18:38:52  WARNING   TradingRunner: Could not load features for US500 — skipping
2026-03-30 18:38:52  INFO      TradingRunner: Analysing USTEC …
2026-03-30 18:38:52  WARNING   TradingRunner: Could not load features for USTEC — skipping
2026-03-30 18:38:52  INFO      TradingRunner: Analysing DAX …
2026-03-30 18:38:52  WARNING   TradingRunner: Could not load features for DAX — skipping
2026-03-30 18:38:52  INFO      TradingRunner: Analysing UK100 …
2026-03-30 18:38:52  WARNING   TradingRunner: Could not load features for UK100 — skipping
2026-03-30 18:38:52  INFO      TradingRunner: Analysing EURJPY …
2026-03-30 18:38:52  WARNING   TradingRunner: Could not load features for EURJPY — skipping
2026-03-30 18:38:52  INFO      TradingRunner: Analysing GBPJPY …
2026-03-30 18:38:52  WARNING   TradingRunner: Could not load features for GBPJPY — skipping
2026-03-30 18:38:52  INFO      TradingRunner: Analysing AUDJPY …
2026-03-30 18:38:52  WARNING   TradingRunner: Could not load features for AUDJPY — skipping
2026-03-30 18:38:52  INFO      TradingRunner: Analysing EURGBP …
2026-03-30 18:38:52  WARNING   TradingRunner: Could not load features for EURGBP — skipping
2026-03-30 18:38:52  INFO      TradingRunner: Analysing EURCHF …
2026-03-30 18:38:52  WARNING   TradingRunner: Could not load features for EURCHF — skipping
2026-03-30 18:38:52  INFO      TradingRunner: Analysing CHFJPY …
2026-03-30 18:38:52  WARNING   TradingRunner: Could not load features for CHFJPY — skipping
2026-03-30 18:38:52  INFO      TradingRunner: Analysing XAGUSD …
2026-03-30 18:38:52  WARNING   TradingRunner: Could not load features for XAGUSD — skipping
2026-03-30 18:38:52  INFO      TradingRunner: PnL — unrealized: +0.00  realized today: +0.00  total: +0.00
2026-03-30 18:38:52  INFO      TradingRunner: Signal cycle done in 0.4s — sleeping 300s
2026-03-30 18:39:18  WARNING   TradingRunner: [WATCHDOG] MT5 connection lost — attempting reconnect
2026-03-30 18:39:18  INFO      TradingRunner: [WATCHDOG] Reconnect attempt 1/5 (waiting 10s)
2026-03-30 18:39:28  INFO      MT5Executor: MT5 connection closed
2026-03-30 18:39:28  INFO      MT5Executor: Using mt5linux backend → localhost:18812
2026-03-30 18:39:28  INFO      MT5Executor: Connected to MT5: 5048478471 on MetaQuotes-Demo | balance=138.82 | trade_allowed=True
2026-03-30 18:39:28  INFO      TradingRunner: [WATCHDOG] MT5 reconnected successfully
2026-03-30 18:39:32  WARNING   TradingRunner: [WATCHDOG] MT5 connection lost — attempting reconnect
2026-03-30 18:39:32  INFO      TradingRunner: [WATCHDOG] Reconnect attempt 1/5 (waiting 10s)
2026-03-30 18:39:42  INFO      MT5Executor: MT5 connection closed
2026-03-30 18:39:42  INFO      MT5Executor: Using mt5linux backend → localhost:18812
2026-03-30 18:39:42  INFO      MT5Executor: Connected to MT5: 5048478471 on MetaQuotes-Demo | balance=138.82 | trade_allowed=True
2026-03-30 18:39:42  INFO      TradingRunner: [WATCHDOG] MT5 reconnected successfully
2026-03-30 18:39:48  INFO      TradingGraph: Running agents for USDCHF
2026-03-30 18:39:48  INFO      TradingGraph: Completed 15 agents
2026-03-30 18:39:48  INFO      TradingGraph: Fusing timeframe signals
2026-03-30 18:39:48  INFO      TradingGraph: Fusion: L=0.572(csns=1.00), M=0.345(csns=0.67), S=0.048(csns=0.40), align_str=0.211
2026-03-30 18:39:51  WARNING   DataLoader: _macro_features: yfinance failed (Cannot join tz-naive with tz-aware DatetimeIndex), using neutral zeros
2026-03-30 18:39:51  WARNING   DataLoader: _macro_features: yfinance failed (Cannot join tz-naive with tz-aware DatetimeIndex), using neutral zeros
2026-03-30 18:39:52  INFO      TradingGraph: Running agents for USDCHF
2026-03-30 18:39:52  INFO      TradingGraph: Completed 15 agents
2026-03-30 18:39:52  INFO      TradingGraph: Fusing timeframe signals
2026-03-30 18:39:52  INFO      TradingGraph: Fusion: L=0.571(csns=1.00), M=0.345(csns=0.67), S=0.048(csns=0.40), align_str=0.212
2026-03-30 18:39:52  INFO      TradingGraph: Running agents for USDCAD
2026-03-30 18:39:53  INFO      TradingGraph: Running agents for USDCAD
2026-03-30 18:39:53  INFO      TradingGraph: Completed 15 agents
2026-03-30 18:39:53  INFO      TradingGraph: Fusing timeframe signals
2026-03-30 18:39:53  INFO      TradingGraph: Fusion: L=0.596(csns=1.00), M=0.368(csns=0.75), S=0.027(csns=0.33), align_str=0.181
2026-03-30 18:39:53  INFO      TradingGraph: Completed 15 agents
2026-03-30 18:39:53  INFO      TradingGraph: Fusing timeframe signals
2026-03-30 18:39:53  INFO      TradingGraph: Fusion: L=0.596(csns=1.00), M=0.370(csns=0.75), S=0.035(csns=0.33), align_str=0.197
2026-03-30 18:39:53  INFO      TradingGraph: Running agents for CHFJPY
2026-03-30 18:39:55  INFO      TradingGraph: Completed 15 agents
2026-03-30 18:39:55  INFO      TradingGraph: Fusing timeframe signals
2026-03-30 18:39:55  INFO      TradingGraph: Fusion: L=0.268(csns=0.67), M=-0.667(csns=1.00), S=-0.085(csns=0.60), align_str=0.000
2026-03-30 18:39:56  INFO      TradingGraph: Running agents for EURJPY
2026-03-30 18:39:57  INFO      TradingGraph: Completed 15 agents
2026-03-30 18:39:57  INFO      TradingGraph: Fusing timeframe signals
2026-03-30 18:39:57  INFO      TradingGraph: Fusion: L=-0.160(csns=1.00), M=-0.897(csns=1.00), S=-0.091(csns=0.80), align_str=0.235
2026-03-30 18:39:57  INFO      TradingRunner: Analysing EURUSD …
2026-03-30 18:39:57  INFO      TradingGraph: Running agents for EURUSD
2026-03-30 18:39:57  INFO      TradingGraph: Completed 15 agents
2026-03-30 18:39:57  INFO      TradingGraph: Fusing timeframe signals
2026-03-30 18:39:57  INFO      TradingGraph: Fusion: L=-0.546(csns=1.00), M=-0.663(csns=1.00), S=-0.297(csns=0.83), align_str=0.476
2026-03-30 18:39:57  INFO      TradingGraph: Aligned [full-alignment] (bearish) — proceeding [L=-0.546 M=-0.663 S=-0.297 breadth=0.013]
2026-03-30 18:39:57  INFO      TradingGraph: Generating trading recipe
2026-03-30 18:39:57  INFO      TradingGraph: Generated recipe: BALANCED_SHORT_FULL_ALIGNMENT_EURUSD
2026-03-30 18:39:57  INFO      TradingGraph: Correlation guard: 2/2 long_usd positions already open — refusing EURUSD SELL
2026-03-30 18:39:57  INFO      TradingRunner: Analysing GBPUSD …
2026-03-30 18:39:57  INFO      TradingGraph: Running agents for GBPUSD
2026-03-30 18:39:57  INFO      TradingGraph: Completed 15 agents
2026-03-30 18:39:57  INFO      TradingGraph: Fusing timeframe signals
2026-03-30 18:39:57  INFO      TradingGraph: Fusion: L=-0.577(csns=1.00), M=-0.652(csns=1.00), S=-0.191(csns=0.80), align_str=0.416
2026-03-30 18:39:57  INFO      TradingGraph: Aligned [full-alignment] (bearish) — proceeding [L=-0.577 M=-0.652 S=-0.191 breadth=0.013]
2026-03-30 18:39:57  INFO      TradingGraph: Generating trading recipe
2026-03-30 18:39:57  INFO      TradingGraph: Generated recipe: BALANCED_SHORT_FULL_ALIGNMENT_GBPUSD
2026-03-30 18:39:57  INFO      TradingGraph: Correlation guard: 2/2 long_usd positions already open — refusing GBPUSD SELL
2026-03-30 18:39:57  INFO      TradingRunner: Analysing USDJPY …
2026-03-30 18:39:57  INFO      TradingGraph: Running agents for USDJPY
2026-03-30 18:39:58  INFO      TradingGraph: Completed 15 agents
2026-03-30 18:39:58  INFO      TradingGraph: Fusing timeframe signals
2026-03-30 18:39:58  INFO      TradingGraph: Fusion: L=0.367(csns=0.67), M=-0.149(csns=1.00), S=-0.101(csns=0.67), align_str=0.000
2026-03-30 18:39:58  INFO      TradingGraph: Timeframes not aligned — stopping (L=0.367 M=-0.149 S=-0.101)
2026-03-30 18:39:58  INFO      TradingRunner: Analysing AUDUSD …
2026-03-30 18:39:58  INFO      TradingGraph: Running agents for AUDUSD
2026-03-30 18:39:58  INFO      TradingGraph: Completed 15 agents
2026-03-30 18:39:58  INFO      TradingGraph: Fusing timeframe signals
2026-03-30 18:39:58  INFO      TradingGraph: Fusion: L=-0.065(csns=1.00), M=-0.099(csns=0.75), S=0.052(csns=0.80), align_str=0.000
2026-03-30 18:39:58  INFO      TradingGraph: Timeframes not aligned — stopping (L=-0.065 M=-0.099 S=0.052)
2026-03-30 18:39:58  INFO      TradingRunner: Analysing NZDUSD …
2026-03-30 18:39:58  INFO      TradingGraph: Running agents for NZDUSD
2026-03-30 18:39:58  INFO      TradingGraph: Completed 15 agents
2026-03-30 18:39:58  INFO      TradingGraph: Fusing timeframe signals
2026-03-30 18:39:58  INFO      TradingGraph: Fusion: L=-0.617(csns=1.00), M=-0.337(csns=0.75), S=-0.049(csns=0.33), align_str=0.217
2026-03-30 18:39:58  INFO      TradingGraph: Aligned [pullback-entry] (bearish) — proceeding [L=-0.617 M=-0.337 S=-0.049 breadth=0.013]
2026-03-30 18:39:58  INFO      TradingGraph: Generating trading recipe
2026-03-30 18:39:58  INFO      TradingGraph: Generated recipe: BALANCED_SHORT_PULLBACK_ENTRY_NZDUSD
2026-03-30 18:39:58  INFO      TradingGraph: Correlation guard: 2/2 long_usd positions already open — refusing NZDUSD SELL
2026-03-30 18:39:58  INFO      TradingRunner: Analysing US30 …
2026-03-30 18:39:58  INFO      TradingGraph: Running agents for US30
2026-03-30 18:39:58  INFO      TradingGraph: Completed 15 agents
2026-03-30 18:39:58  INFO      TradingGraph: Fusing timeframe signals
2026-03-30 18:39:58  INFO      TradingGraph: Fusion: L=-0.270(csns=0.67), M=-0.099(csns=1.00), S=-0.068(csns=0.67), align_str=0.122
2026-03-30 18:39:58  INFO      TradingGraph: Aligned [pullback-entry] (bearish) — proceeding [L=-0.270 M=-0.099 S=-0.068 breadth=0.013]
2026-03-30 18:39:58  INFO      TradingGraph: Generating trading recipe
2026-03-30 18:39:58  INFO      TradingGraph: Generated recipe: BALANCED_SHORT_PULLBACK_ENTRY_US30
2026-03-30 18:39:58  INFO      TradingGraph: Risk check passed
2026-03-30 18:39:58  INFO      TradingGraph: Creating trade plan
2026-03-30 18:39:58  INFO      TradingGraph: VIX risk scaling: vix_fear=0.55 → risk ×0.88 (0.12)
2026-03-30 18:39:58  INFO      TradingGraph: Structure SL/TP [US30] entry=45471.70000 sl=46644.74506 (3.30×ATR) tp=44395.40000 (R:R=0.92)
2026-03-30 18:39:58  INFO      TradingGraph: Created trade plan: entry=45471.7000, sl=46644.7500, tp=44298.6500
2026-03-30 18:39:58  INFO      TradingGraph: Executing trade for US30
2026-03-30 18:39:58  WARNING   MT5Executor: US30: trading disabled on this symbol (trade_mode=0 — may be outside market hours or broker restriction). Skipping.
2026-03-30 18:39:58  INFO      TradingGraph: Order not placed for US30 (executor returned None — see executor log for reason)
2026-03-30 18:39:58  INFO      TradingRunner: Analysing US500 …
2026-03-30 18:39:58  INFO      TradingGraph: Running agents for US500
2026-03-30 18:39:58  INFO      TradingGraph: Completed 15 agents
2026-03-30 18:39:58  INFO      TradingGraph: Fusing timeframe signals
2026-03-30 18:39:58  INFO      TradingGraph: Fusion: L=-0.432(csns=1.00), M=-0.224(csns=1.00), S=-0.222(csns=0.83), align_str=0.278
2026-03-30 18:39:58  INFO      TradingGraph: Aligned [full-alignment] (bearish) — proceeding [L=-0.432 M=-0.224 S=-0.222 breadth=0.013]
2026-03-30 18:39:58  INFO      TradingGraph: Generating trading recipe
2026-03-30 18:39:58  INFO      TradingGraph: Generated recipe: BALANCED_SHORT_FULL_ALIGNMENT_US500
2026-03-30 18:39:58  INFO      TradingGraph: Risk check passed
2026-03-30 18:39:58  INFO      TradingGraph: Creating trade plan
2026-03-30 18:39:58  INFO      TradingGraph: VIX risk scaling: vix_fear=0.55 → risk ×0.88 (0.12)
2026-03-30 18:39:59  INFO      TradingGraph: SL cap [US500]: 5.37×ATR → 5.0×ATR
2026-03-30 18:39:59  INFO      TradingGraph: Structure SL/TP [US500] entry=6381.40000 sl=6630.87172 (5.00×ATR) tp=6129.01881 (R:R=1.01)
2026-03-30 18:39:59  INFO      TradingGraph: Created trade plan: entry=6381.4000, sl=6630.8700, tp=6129.0200
2026-03-30 18:39:59  INFO      TradingGraph: Executing trade for US500
2026-03-30 18:39:59  WARNING   MT5Executor: US500: trading disabled on this symbol (trade_mode=0 — may be outside market hours or broker restriction). Skipping.
2026-03-30 18:39:59  INFO      TradingGraph: Order not placed for US500 (executor returned None — see executor log for reason)
2026-03-30 18:39:59  INFO      TradingRunner: Analysing USTEC …
2026-03-30 18:39:59  INFO      TradingGraph: Running agents for USTEC
2026-03-30 18:39:59  INFO      TradingGraph: Completed 15 agents
2026-03-30 18:39:59  INFO      TradingGraph: Fusing timeframe signals
2026-03-30 18:39:59  INFO      TradingGraph: Fusion: L=-0.438(csns=1.00), M=-0.246(csns=1.00), S=-0.336(csns=1.00), align_str=0.331
2026-03-30 18:39:59  INFO      TradingGraph: Aligned [full-alignment] (bearish) — proceeding [L=-0.438 M=-0.246 S=-0.336 breadth=0.013]
2026-03-30 18:39:59  INFO      TradingGraph: Generating trading recipe
2026-03-30 18:39:59  INFO      TradingGraph: Generated recipe: BALANCED_SHORT_FULL_ALIGNMENT_USTEC
2026-03-30 18:39:59  INFO      TradingGraph: Risk check passed
2026-03-30 18:39:59  INFO      TradingGraph: Creating trade plan
2026-03-30 18:39:59  INFO      TradingGraph: VIX risk scaling: vix_fear=0.51 → risk ×0.91 (0.13)
2026-03-30 18:39:59  INFO      TradingGraph: SL cap [USTEC]: 6.03×ATR → 5.0×ATR
2026-03-30 18:39:59  INFO      TradingGraph: Structure SL/TP [USTEC] entry=23125.30000 sl=24172.12004 (5.00×ATR) tp=22233.41828 (R:R=0.85)
2026-03-30 18:39:59  INFO      TradingGraph: Created trade plan: entry=23125.3000, sl=24172.1200, tp=22078.4800
2026-03-30 18:39:59  INFO      TradingGraph: Executing trade for USTEC
2026-03-30 18:39:59  WARNING   MT5Executor: USTEC: trading disabled on this symbol (trade_mode=0 — may be outside market hours or broker restriction). Skipping.
2026-03-30 18:39:59  INFO      TradingGraph: Order not placed for USTEC (executor returned None — see executor log for reason)
2026-03-30 18:39:59  INFO      TradingRunner: Analysing DAX …
2026-03-30 18:39:59  INFO      TradingGraph: Running agents for DAX
2026-03-30 18:39:59  INFO      TradingGraph: Completed 15 agents
2026-03-30 18:39:59  INFO      TradingGraph: Fusing timeframe signals
2026-03-30 18:39:59  INFO      TradingGraph: Fusion: L=-0.163(csns=1.00), M=-0.095(csns=1.00), S=0.068(csns=0.75), align_str=0.000
2026-03-30 18:39:59  INFO      TradingGraph: Aligned [pullback-entry] (bearish) — proceeding [L=-0.163 M=-0.095 S=0.068 breadth=0.013]
2026-03-30 18:39:59  INFO      TradingGraph: Generating trading recipe
2026-03-30 18:39:59  INFO      TradingGraph: Generated recipe: BALANCED_SHORT_PULLBACK_ENTRY_DAX
2026-03-30 18:39:59  INFO      TradingGraph: Win probability too low: 0.450 < 0.46
2026-03-30 18:39:59  INFO      TradingRunner: Analysing UK100 …
2026-03-30 18:39:59  INFO      TradingGraph: Running agents for UK100
2026-03-30 18:39:59  INFO      TradingGraph: Completed 15 agents
2026-03-30 18:39:59  INFO      TradingGraph: Fusing timeframe signals
2026-03-30 18:39:59  INFO      TradingGraph: Fusion: L=0.141(csns=0.67), M=0.568(csns=1.00), S=0.237(csns=0.75), align_str=0.267
2026-03-30 18:39:59  INFO      TradingGraph: Timeframes not aligned — stopping (L=0.141 M=0.568 S=0.237)
2026-03-30 18:39:59  INFO      TradingRunner: Analysing GBPJPY …
2026-03-30 18:39:59  INFO      TradingGraph: Running agents for GBPJPY
2026-03-30 18:39:59  INFO      TradingGraph: Completed 15 agents
2026-03-30 18:39:59  INFO      TradingGraph: Fusing timeframe signals
2026-03-30 18:39:59  INFO      TradingGraph: Fusion: L=0.038(csns=0.33), M=-0.907(csns=1.00), S=-0.058(csns=0.75), align_str=0.000
2026-03-30 18:39:59  INFO      TradingGraph: Timeframes not aligned — stopping (L=0.038 M=-0.907 S=-0.058)
2026-03-30 18:39:59  INFO      TradingRunner: Analysing AUDJPY …
2026-03-30 18:39:59  INFO      TradingGraph: Running agents for AUDJPY
2026-03-30 18:40:00  INFO      TradingGraph: Completed 15 agents
2026-03-30 18:40:00  INFO      TradingGraph: Fusing timeframe signals
2026-03-30 18:40:00  INFO      TradingGraph: Fusion: L=0.254(csns=0.33), M=-0.395(csns=1.00), S=-0.026(csns=0.40), align_str=0.000
2026-03-30 18:40:00  INFO      TradingGraph: Timeframes not aligned — stopping (L=0.254 M=-0.395 S=-0.026)
2026-03-30 18:40:00  INFO      TradingRunner: Analysing EURGBP …
2026-03-30 18:40:00  INFO      TradingGraph: Running agents for EURGBP
2026-03-30 18:40:00  INFO      TradingGraph: Completed 15 agents
2026-03-30 18:40:00  INFO      TradingGraph: Fusing timeframe signals
2026-03-30 18:40:00  INFO      TradingGraph: Fusion: L=0.016(csns=0.33), M=0.386(csns=1.00), S=-0.067(csns=0.57), align_str=0.000
2026-03-30 18:40:00  INFO      TradingGraph: Timeframes not aligned — stopping (L=0.016 M=0.386 S=-0.067)
2026-03-30 18:40:00  INFO      TradingRunner: Analysing EURCHF …
2026-03-30 18:40:00  INFO      TradingGraph: Running agents for EURCHF
2026-03-30 18:40:00  INFO      TradingGraph: Completed 15 agents
2026-03-30 18:40:00  INFO      TradingGraph: Fusing timeframe signals
2026-03-30 18:40:00  INFO      TradingGraph: Fusion: L=-0.201(csns=0.67), M=-0.257(csns=1.00), S=-0.249(csns=0.83), align_str=0.234
2026-03-30 18:40:00  INFO      TradingGraph: Aligned [full-alignment] (bearish) — proceeding [L=-0.201 M=-0.257 S=-0.249 breadth=0.013]
2026-03-30 18:40:00  INFO      TradingGraph: Generating trading recipe
2026-03-30 18:40:00  INFO      TradingGraph: Generated recipe: BALANCED_SHORT_FULL_ALIGNMENT_EURCHF
2026-03-30 18:40:00  INFO      TradingGraph: Pivot guard: support 0.29×ATR away — rejecting SHORT (buffer=0.5)
2026-03-30 18:40:00  INFO      TradingRunner: Analysing XAGUSD …
2026-03-30 18:40:00  INFO      TradingGraph: Running agents for XAGUSD
2026-03-30 18:40:00  INFO      TradingGraph: Completed 15 agents
2026-03-30 18:40:00  INFO      TradingGraph: Fusing timeframe signals
2026-03-30 18:40:00  INFO      TradingGraph: Fusion: L=-0.182(csns=0.50), M=0.216(csns=1.00), S=0.027(csns=0.67), align_str=0.000
2026-03-30 18:40:00  INFO      TradingGraph: Timeframes not aligned — stopping (L=-0.182 M=0.216 S=0.027)
2026-03-30 18:40:01  INFO      TradingRunner: PnL — unrealized: +0.30  realized today: +0.00  total: +0.30
2026-03-30 18:40:01  INFO      TradingRunner: Signal cycle done in 16.1s — sleeping 284s
2026-03-30 18:40:47  INFO      TradingGraph: Running agents for USDCHF
2026-03-30 18:40:47  INFO      TradingGraph: Completed 15 agents
2026-03-30 18:40:47  INFO      TradingGraph: Fusing timeframe signals
2026-03-30 18:40:47  INFO      TradingGraph: Fusion: L=0.572(csns=1.00), M=0.346(csns=0.67), S=0.049(csns=0.40), align_str=0.214
2026-03-30 18:40:47  INFO      TradingGraph: Running agents for USDCAD
2026-03-30 18:40:47  INFO      TradingGraph: Completed 15 agents
2026-03-30 18:40:47  INFO      TradingGraph: Fusing timeframe signals
2026-03-30 18:40:47  INFO      TradingGraph: Fusion: L=0.596(csns=1.00), M=0.372(csns=0.75), S=0.013(csns=0.17), align_str=0.141
2026-03-30 18:40:47  INFO      TradingGraph: Running agents for CHFJPY
2026-03-30 18:40:48  INFO      TradingGraph: Completed 15 agents
2026-03-30 18:40:48  INFO      TradingGraph: Fusing timeframe signals
2026-03-30 18:40:48  INFO      TradingGraph: Fusion: L=0.268(csns=0.67), M=-0.673(csns=1.00), S=-0.122(csns=0.75), align_str=0.000
2026-03-30 18:40:48  INFO      TradingGraph: Running agents for EURJPY
2026-03-30 18:40:48  INFO      TradingGraph: Completed 15 agents
2026-03-30 18:40:48  INFO      TradingGraph: Fusing timeframe signals
2026-03-30 18:40:48  INFO      TradingGraph: Fusion: L=-0.160(csns=1.00), M=-0.898(csns=1.00), S=-0.096(csns=0.80), align_str=0.240
2026-03-30 18:40:51  INFO      TradingGraph: Running agents for USDCHF
2026-03-30 18:40:52  INFO      TradingGraph: Completed 15 agents
2026-03-30 18:40:52  INFO      TradingGraph: Fusing timeframe signals
2026-03-30 18:40:52  INFO      TradingGraph: Fusion: L=0.572(csns=1.00), M=0.346(csns=0.67), S=0.050(csns=0.40), align_str=0.215
2026-03-30 18:40:52  INFO      TradingGraph: Running agents for USDCAD
2026-03-30 18:40:52  INFO      TradingGraph: Completed 15 agents
2026-03-30 18:40:52  INFO      TradingGraph: Fusing timeframe signals
2026-03-30 18:40:52  INFO      TradingGraph: Fusion: L=0.597(csns=1.00), M=0.373(csns=0.75), S=0.006(csns=0.17), align_str=0.112
2026-03-30 18:41:47  INFO      TradingGraph: Running agents for USDCHF
2026-03-30 18:41:47  INFO      TradingGraph: Completed 15 agents
2026-03-30 18:41:47  INFO      TradingGraph: Fusing timeframe signals
2026-03-30 18:41:47  INFO      TradingGraph: Fusion: L=0.571(csns=1.00), M=0.343(csns=0.67), S=0.046(csns=0.40), align_str=0.208
2026-03-30 18:41:48  INFO      TradingGraph: Running agents for USDCAD
2026-03-30 18:41:48  INFO      TradingGraph: Completed 15 agents
2026-03-30 18:41:48  INFO      TradingGraph: Fusing timeframe signals
2026-03-30 18:41:48  INFO      TradingGraph: Fusion: L=0.596(csns=1.00), M=0.372(csns=0.75), S=0.030(csns=0.33), align_str=0.189
2026-03-30 18:41:48  INFO      TradingGraph: Running agents for CHFJPY
2026-03-30 18:41:48  INFO      TradingGraph: Completed 15 agents
2026-03-30 18:41:48  INFO      TradingGraph: Fusing timeframe signals
2026-03-30 18:41:48  INFO      TradingGraph: Fusion: L=0.268(csns=0.67), M=-0.673(csns=1.00), S=-0.122(csns=0.75), align_str=0.000
2026-03-30 18:41:48  INFO      TradingGraph: Running agents for EURJPY
2026-03-30 18:41:49  INFO      TradingGraph: Completed 15 agents
2026-03-30 18:41:49  INFO      TradingGraph: Fusing timeframe signals
2026-03-30 18:41:49  INFO      TradingGraph: Fusion: L=-0.160(csns=1.00), M=-0.897(csns=1.00), S=-0.099(csns=0.80), align_str=0.242
2026-03-30 18:41:52  INFO      TradingGraph: Running agents for USDCHF
2026-03-30 18:41:52  INFO      TradingGraph: Completed 15 agents
2026-03-30 18:41:52  INFO      TradingGraph: Fusing timeframe signals
2026-03-30 18:41:52  INFO      TradingGraph: Fusion: L=0.571(csns=1.00), M=0.342(csns=0.67), S=0.046(csns=0.40), align_str=0.208
2026-03-30 18:41:52  INFO      TradingGraph: Running agents for USDCAD
2026-03-30 18:41:52  INFO      TradingGraph: Completed 15 agents
2026-03-30 18:41:52  INFO      TradingGraph: Fusing timeframe signals
2026-03-30 18:41:52  INFO      TradingGraph: Fusion: L=0.596(csns=1.00), M=0.372(csns=0.75), S=0.027(csns=0.33), align_str=0.181
2026-03-30 18:42:29  INFO      TradingRunner: [WATCHDOG] alive | equity=138.81 | cycle=5 | profile=balanced
2026-03-30 18:42:42  INFO      TradingRunner: [WATCHDOG] alive | equity=138.74 | cycle=9 | profile=risky
2026-03-30 18:42:47  INFO      TradingGraph: Running agents for USDCHF
2026-03-30 18:42:47  INFO      TradingGraph: Completed 15 agents
2026-03-30 18:42:47  INFO      TradingGraph: Fusing timeframe signals
2026-03-30 18:42:47  INFO      TradingGraph: Fusion: L=0.571(csns=1.00), M=0.325(csns=0.67), S=0.036(csns=0.33), align_str=0.189
2026-03-30 18:42:48  INFO      TradingGraph: Running agents for USDCAD
2026-03-30 18:42:48  INFO      TradingGraph: Completed 15 agents
2026-03-30 18:42:48  INFO      TradingGraph: Fusing timeframe signals
2026-03-30 18:42:48  INFO      TradingGraph: Fusion: L=0.596(csns=1.00), M=0.369(csns=0.75), S=0.028(csns=0.33), align_str=0.184
2026-03-30 18:42:48  INFO      TradingGraph: Running agents for CHFJPY
2026-03-30 18:42:48  INFO      TradingGraph: Completed 15 agents
2026-03-30 18:42:48  INFO      TradingGraph: Fusing timeframe signals
2026-03-30 18:42:48  INFO      TradingGraph: Fusion: L=0.269(csns=0.67), M=-0.674(csns=1.00), S=-0.124(csns=0.75), align_str=0.000
2026-03-30 18:42:48  INFO      TradingGraph: Running agents for EURJPY
2026-03-30 18:42:48  INFO      TradingGraph: Completed 15 agents
2026-03-30 18:42:48  INFO      TradingGraph: Fusing timeframe signals
2026-03-30 18:42:48  INFO      TradingGraph: Fusion: L=-0.159(csns=1.00), M=-0.895(csns=1.00), S=-0.090(csns=0.80), align_str=0.235
2026-03-30 18:42:51  INFO      TradingGraph: Running agents for USDCHF
2026-03-30 18:42:51  INFO      TradingGraph: Completed 15 agents
2026-03-30 18:42:51  INFO      TradingGraph: Fusing timeframe signals
2026-03-30 18:42:51  INFO      TradingGraph: Fusion: L=0.571(csns=1.00), M=0.325(csns=0.67), S=0.034(csns=0.33), align_str=0.185
2026-03-30 18:42:52  INFO      TradingGraph: Running agents for USDCAD
2026-03-30 18:42:52  INFO      TradingGraph: Completed 15 agents
2026-03-30 18:42:52  INFO      TradingGraph: Fusing timeframe signals
2026-03-30 18:42:52  INFO      TradingGraph: Fusion: L=0.596(csns=1.00), M=0.369(csns=0.75), S=0.024(csns=0.33), align_str=0.174
2026-03-30 18:43:46  INFO      TradingGraph: Running agents for USDCHF
2026-03-30 18:43:47  INFO      TradingGraph: Completed 15 agents
2026-03-30 18:43:47  INFO      TradingGraph: Fusing timeframe signals
2026-03-30 18:43:47  INFO      TradingGraph: Fusion: L=0.570(csns=1.00), M=0.329(csns=0.75), S=0.027(csns=0.33), align_str=0.171
2026-03-30 18:43:47  INFO      TradingGraph: Running agents for USDCAD
2026-03-30 18:43:47  INFO      TradingGraph: Completed 15 agents
2026-03-30 18:43:47  INFO      TradingGraph: Fusing timeframe signals
2026-03-30 18:43:47  INFO      TradingGraph: Fusion: L=0.595(csns=1.00), M=0.367(csns=0.75), S=0.028(csns=0.33), align_str=0.183
2026-03-30 18:43:47  INFO      TradingGraph: Running agents for CHFJPY
2026-03-30 18:43:47  INFO      TradingGraph: Completed 15 agents
2026-03-30 18:43:47  INFO      TradingGraph: Fusing timeframe signals
2026-03-30 18:43:47  INFO      TradingGraph: Fusion: L=0.269(csns=0.67), M=-0.676(csns=1.00), S=-0.127(csns=0.75), align_str=0.000
2026-03-30 18:43:48  INFO      TradingGraph: Running agents for EURJPY
2026-03-30 18:43:48  INFO      TradingGraph: Completed 15 agents
2026-03-30 18:43:48  INFO      TradingGraph: Fusing timeframe signals
2026-03-30 18:43:48  INFO      TradingGraph: Fusion: L=-0.159(csns=1.00), M=-0.895(csns=1.00), S=-0.090(csns=0.80), align_str=0.235
2026-03-30 18:43:51  INFO      TradingGraph: Running agents for USDCHF
2026-03-30 18:43:51  INFO      TradingGraph: Completed 15 agents
2026-03-30 18:43:51  INFO      TradingGraph: Fusing timeframe signals
2026-03-30 18:43:51  INFO      TradingGraph: Fusion: L=0.570(csns=1.00), M=0.329(csns=0.75), S=0.022(csns=0.33), align_str=0.161
2026-03-30 18:43:52  INFO      TradingGraph: Running agents for USDCAD
2026-03-30 18:43:52  INFO      TradingGraph: Completed 15 agents
2026-03-30 18:43:52  INFO      TradingGraph: Fusing timeframe signals
2026-03-30 18:43:52  INFO      TradingGraph: Fusion: L=0.595(csns=1.00), M=0.366(csns=0.75), S=0.023(csns=0.33), align_str=0.172
2026-03-30 18:43:56  INFO      TradingRunner: Analysing EURUSD …
2026-03-30 18:43:56  INFO      TradingGraph: Running agents for EURUSD
2026-03-30 18:43:56  INFO      TradingGraph: Completed 15 agents
2026-03-30 18:43:56  INFO      TradingGraph: Fusing timeframe signals
2026-03-30 18:43:56  INFO      TradingGraph: Fusion: L=-0.543(csns=1.00), M=-0.624(csns=1.00), S=-0.274(csns=0.80), align_str=0.453
2026-03-30 18:43:56  INFO      TradingGraph: Aligned [full-alignment] (bearish) — proceeding [L=-0.543 M=-0.624 S=-0.274 breadth=0.014]
2026-03-30 18:43:56  INFO      TradingGraph: Generating trading recipe
2026-03-30 18:43:56  INFO      TradingGraph: Generated recipe: RISKY_SHORT_FULL_ALIGNMENT_EURUSD
2026-03-30 18:43:56  INFO      TradingGraph: Correlation guard: 2/2 long_usd positions already open — refusing EURUSD SELL
2026-03-30 18:43:56  INFO      TradingRunner: Analysing GBPUSD …
2026-03-30 18:43:56  INFO      TradingGraph: Running agents for GBPUSD
2026-03-30 18:43:56  INFO      TradingGraph: Completed 15 agents
2026-03-30 18:43:56  INFO      TradingGraph: Fusing timeframe signals
2026-03-30 18:43:56  INFO      TradingGraph: Fusion: L=-0.577(csns=1.00), M=-0.647(csns=1.00), S=-0.131(csns=0.67), align_str=0.366
2026-03-30 18:43:56  INFO      TradingGraph: Aligned [full-alignment] (bearish) — proceeding [L=-0.577 M=-0.647 S=-0.131 breadth=0.014]
2026-03-30 18:43:56  INFO      TradingGraph: Generating trading recipe
2026-03-30 18:43:56  INFO      TradingGraph: Generated recipe: RISKY_SHORT_FULL_ALIGNMENT_GBPUSD
2026-03-30 18:43:56  INFO      TradingGraph: Correlation guard: 2/2 long_usd positions already open — refusing GBPUSD SELL
2026-03-30 18:43:56  INFO      TradingRunner: Analysing USDJPY …
2026-03-30 18:43:56  INFO      TradingGraph: Running agents for USDJPY
2026-03-30 18:43:56  INFO      TradingGraph: Completed 15 agents
2026-03-30 18:43:56  INFO      TradingGraph: Fusing timeframe signals
2026-03-30 18:43:56  INFO      TradingGraph: Fusion: L=0.365(csns=0.67), M=-0.206(csns=1.00), S=-0.104(csns=0.67), align_str=0.000
2026-03-30 18:43:56  INFO      TradingGraph: Timeframes not aligned — stopping (L=0.365 M=-0.206 S=-0.104)
2026-03-30 18:43:56  INFO      TradingRunner: Analysing AUDUSD …
2026-03-30 18:43:56  INFO      TradingGraph: Running agents for AUDUSD
2026-03-30 18:43:56  INFO      TradingGraph: Completed 15 agents
2026-03-30 18:43:56  INFO      TradingGraph: Fusing timeframe signals
2026-03-30 18:43:56  INFO      TradingGraph: Fusion: L=-0.065(csns=1.00), M=-0.101(csns=0.75), S=0.058(csns=0.80), align_str=0.000
2026-03-30 18:43:56  INFO      TradingGraph: Timeframes not aligned — stopping (L=-0.065 M=-0.101 S=0.058)
2026-03-30 18:43:56  INFO      TradingRunner: Analysing NZDUSD …
2026-03-30 18:43:56  INFO      TradingGraph: Running agents for NZDUSD
2026-03-30 18:43:56  INFO      TradingGraph: Completed 15 agents
2026-03-30 18:43:56  INFO      TradingGraph: Fusing timeframe signals
2026-03-30 18:43:56  INFO      TradingGraph: Fusion: L=-0.617(csns=1.00), M=-0.332(csns=0.75), S=-0.046(csns=0.33), align_str=0.212
2026-03-30 18:43:56  INFO      TradingGraph: Aligned [pullback-entry] (bearish) — proceeding [L=-0.617 M=-0.332 S=-0.046 breadth=0.014]
2026-03-30 18:43:56  INFO      TradingGraph: Generating trading recipe
2026-03-30 18:43:56  INFO      TradingGraph: Generated recipe: RISKY_SHORT_PULLBACK_ENTRY_NZDUSD
2026-03-30 18:43:56  INFO      TradingGraph: Correlation guard: 2/2 long_usd positions already open — refusing NZDUSD SELL
2026-03-30 18:43:56  INFO      TradingRunner: Analysing US30 …
2026-03-30 18:43:56  INFO      TradingGraph: Running agents for US30
2026-03-30 18:43:56  INFO      TradingGraph: Completed 15 agents
2026-03-30 18:43:56  INFO      TradingGraph: Fusing timeframe signals
2026-03-30 18:43:56  INFO      TradingGraph: Fusion: L=-0.262(csns=0.67), M=-0.110(csns=1.00), S=-0.014(csns=0.60), align_str=0.074
2026-03-30 18:43:56  INFO      TradingGraph: Aligned [pullback-entry] (bearish) — proceeding [L=-0.262 M=-0.110 S=-0.014 breadth=0.014]
2026-03-30 18:43:56  INFO      TradingGraph: Generating trading recipe
2026-03-30 18:43:56  INFO      TradingGraph: Generated recipe: RISKY_SHORT_PULLBACK_ENTRY_US30
2026-03-30 18:43:56  INFO      TradingGraph: Risk check passed
2026-03-30 18:43:56  INFO      TradingGraph: Creating trade plan
2026-03-30 18:43:56  INFO      TradingGraph: VIX risk scaling: vix_fear=0.55 → risk ×0.85 (0.24)
2026-03-30 18:43:56  INFO      TradingGraph: Structure SL/TP [US30] entry=45456.40000 sl=46644.74506 (3.34×ATR) tp=44395.40000 (R:R=0.89)
2026-03-30 18:43:56  INFO      TradingGraph: Created trade plan: entry=45456.4000, sl=46644.7500, tp=43673.8800
2026-03-30 18:43:56  INFO      TradingGraph: Executing trade for US30
2026-03-30 18:43:56  WARNING   MT5Executor: US30: trading disabled on this symbol (trade_mode=0 — may be outside market hours or broker restriction). Skipping.
2026-03-30 18:43:56  INFO      TradingGraph: Order not placed for US30 (executor returned None — see executor log for reason)
2026-03-30 18:43:56  INFO      TradingRunner: Analysing US500 …
2026-03-30 18:43:56  INFO      TradingGraph: Running agents for US500
2026-03-30 18:43:56  INFO      TradingGraph: Completed 15 agents
2026-03-30 18:43:56  INFO      TradingGraph: Fusing timeframe signals
2026-03-30 18:43:56  INFO      TradingGraph: Fusion: L=-0.434(csns=1.00), M=-0.233(csns=1.00), S=-0.265(csns=1.00), align_str=0.299
2026-03-30 18:43:56  INFO      TradingGraph: Aligned [full-alignment] (bearish) — proceeding [L=-0.434 M=-0.233 S=-0.265 breadth=0.014]
2026-03-30 18:43:56  INFO      TradingGraph: Generating trading recipe
2026-03-30 18:43:57  INFO      TradingGraph: Generated recipe: RISKY_SHORT_FULL_ALIGNMENT_US500
2026-03-30 18:43:57  INFO      TradingGraph: Risk check passed
2026-03-30 18:43:57  INFO      TradingGraph: Creating trade plan
2026-03-30 18:43:57  INFO      TradingGraph: VIX risk scaling: vix_fear=0.55 → risk ×0.85 (0.24)
2026-03-30 18:43:57  INFO      TradingGraph: SL cap [US500]: 5.43×ATR → 3.5×ATR
2026-03-30 18:43:57  INFO      TradingGraph: Structure SL/TP [US500] entry=6378.70000 sl=6553.33020 (3.50×ATR) tp=6205.53610 (R:R=0.99)
2026-03-30 18:43:57  INFO      TradingGraph: Created trade plan: entry=6378.7000, sl=6553.3300, tp=6116.7500
2026-03-30 18:43:57  INFO      TradingGraph: Executing trade for US500
2026-03-30 18:43:57  WARNING   MT5Executor: US500: trading disabled on this symbol (trade_mode=0 — may be outside market hours or broker restriction). Skipping.
2026-03-30 18:43:57  INFO      TradingGraph: Order not placed for US500 (executor returned None — see executor log for reason)
2026-03-30 18:43:57  INFO      TradingRunner: Analysing USTEC …
2026-03-30 18:43:57  INFO      TradingGraph: Running agents for USTEC
2026-03-30 18:43:57  INFO      TradingGraph: Completed 15 agents
2026-03-30 18:43:57  INFO      TradingGraph: Fusing timeframe signals
2026-03-30 18:43:57  INFO      TradingGraph: Fusion: L=-0.439(csns=1.00), M=-0.267(csns=1.00), S=-0.334(csns=1.00), align_str=0.340
2026-03-30 18:43:57  INFO      TradingGraph: Aligned [full-alignment] (bearish) — proceeding [L=-0.439 M=-0.267 S=-0.334 breadth=0.014]
2026-03-30 18:43:57  INFO      TradingGraph: Generating trading recipe
2026-03-30 18:43:57  INFO      TradingGraph: Generated recipe: RISKY_SHORT_FULL_ALIGNMENT_USTEC
2026-03-30 18:43:57  INFO      TradingGraph: Risk check passed
2026-03-30 18:43:57  INFO      TradingGraph: Creating trade plan
2026-03-30 18:43:57  INFO      TradingGraph: VIX risk scaling: vix_fear=0.51 → risk ×0.89 (0.25)
2026-03-30 18:43:57  INFO      TradingGraph: SL cap [USTEC]: 6.07×ATR → 3.5×ATR
2026-03-30 18:43:57  INFO      TradingGraph: Structure SL/TP [USTEC] entry=23116.20000 sl=23848.97403 (3.50×ATR) tp=22501.59734 (R:R=0.84)
2026-03-30 18:43:57  INFO      TradingGraph: Created trade plan: entry=23116.2000, sl=23848.9700, tp=22017.0400
2026-03-30 18:43:57  INFO      TradingGraph: Executing trade for USTEC
2026-03-30 18:43:57  WARNING   MT5Executor: USTEC: trading disabled on this symbol (trade_mode=0 — may be outside market hours or broker restriction). Skipping.
2026-03-30 18:43:57  INFO      TradingGraph: Order not placed for USTEC (executor returned None — see executor log for reason)
2026-03-30 18:43:57  INFO      TradingRunner: Analysing DAX …
2026-03-30 18:43:57  INFO      TradingGraph: Running agents for DAX
2026-03-30 18:43:57  INFO      TradingGraph: Completed 15 agents
2026-03-30 18:43:57  INFO      TradingGraph: Fusing timeframe signals
2026-03-30 18:43:57  INFO      TradingGraph: Fusion: L=-0.163(csns=1.00), M=-0.095(csns=1.00), S=0.074(csns=0.75), align_str=0.000
2026-03-30 18:43:57  INFO      TradingGraph: Timeframes not aligned — stopping (L=-0.163 M=-0.095 S=0.074)
2026-03-30 18:43:57  INFO      TradingRunner: Analysing UK100 …
2026-03-30 18:43:57  INFO      TradingGraph: Running agents for UK100
2026-03-30 18:43:57  INFO      TradingGraph: Completed 15 agents
2026-03-30 18:43:57  INFO      TradingGraph: Fusing timeframe signals
2026-03-30 18:43:57  INFO      TradingGraph: Fusion: L=0.141(csns=0.67), M=0.553(csns=1.00), S=0.228(csns=0.75), align_str=0.261
2026-03-30 18:43:57  INFO      TradingGraph: Timeframes not aligned — stopping (L=0.141 M=0.553 S=0.228)
2026-03-30 18:43:57  INFO      TradingRunner: Analysing EURJPY …
2026-03-30 18:43:57  INFO      TradingGraph: Running agents for EURJPY
2026-03-30 18:43:57  INFO      TradingGraph: Completed 15 agents
2026-03-30 18:43:57  INFO      TradingGraph: Fusing timeframe signals
2026-03-30 18:43:57  INFO      TradingGraph: Fusion: L=-0.159(csns=1.00), M=-0.895(csns=1.00), S=-0.085(csns=0.80), align_str=0.230
2026-03-30 18:43:57  INFO      TradingGraph: Timeframes not aligned — stopping (L=-0.159 M=-0.895 S=-0.085)
2026-03-30 18:43:57  INFO      TradingRunner: Analysing GBPJPY …
2026-03-30 18:43:57  INFO      TradingGraph: Running agents for GBPJPY
2026-03-30 18:43:57  INFO      TradingGraph: Completed 15 agents
2026-03-30 18:43:57  INFO      TradingGraph: Fusing timeframe signals
2026-03-30 18:43:57  INFO      TradingGraph: Fusion: L=0.038(csns=0.33), M=-0.908(csns=1.00), S=-0.064(csns=0.75), align_str=0.000
2026-03-30 18:43:57  INFO      TradingGraph: Timeframes not aligned — stopping (L=0.038 M=-0.908 S=-0.064)
2026-03-30 18:43:57  INFO      TradingRunner: Analysing AUDJPY …
2026-03-30 18:43:57  INFO      TradingGraph: Running agents for AUDJPY
2026-03-30 18:43:57  INFO      TradingGraph: Completed 15 agents
2026-03-30 18:43:57  INFO      TradingGraph: Fusing timeframe signals
2026-03-30 18:43:57  INFO      TradingGraph: Fusion: L=0.254(csns=0.33), M=-0.418(csns=1.00), S=0.001(csns=0.75), align_str=0.000
2026-03-30 18:43:57  INFO      TradingGraph: Timeframes not aligned — stopping (L=0.254 M=-0.418 S=0.001)
2026-03-30 18:43:57  INFO      TradingRunner: Analysing EURGBP …
2026-03-30 18:43:57  INFO      TradingGraph: Running agents for EURGBP
2026-03-30 18:43:57  INFO      TradingGraph: Completed 15 agents
2026-03-30 18:43:57  INFO      TradingGraph: Fusing timeframe signals
2026-03-30 18:43:57  INFO      TradingGraph: Fusion: L=0.019(csns=0.33), M=0.398(csns=1.00), S=-0.068(csns=0.50), align_str=0.000
2026-03-30 18:43:57  INFO      TradingGraph: Timeframes not aligned — stopping (L=0.019 M=0.398 S=-0.068)
2026-03-30 18:43:57  INFO      TradingRunner: Analysing EURCHF …
2026-03-30 18:43:57  INFO      TradingGraph: Running agents for EURCHF
2026-03-30 18:43:57  INFO      TradingGraph: Completed 15 agents
2026-03-30 18:43:57  INFO      TradingGraph: Fusing timeframe signals
2026-03-30 18:43:57  INFO      TradingGraph: Fusion: L=-0.200(csns=0.67), M=-0.213(csns=1.00), S=-0.249(csns=0.83), align_str=0.220
2026-03-30 18:43:57  INFO      TradingGraph: Aligned [full-alignment] (bearish) — proceeding [L=-0.200 M=-0.213 S=-0.249 breadth=0.014]
2026-03-30 18:43:57  INFO      TradingGraph: Generating trading recipe
2026-03-30 18:43:57  INFO      TradingGraph: Generated recipe: RISKY_SHORT_FULL_ALIGNMENT_EURCHF
2026-03-30 18:43:57  INFO      TradingGraph: Pivot guard: support 0.35×ATR away — rejecting SHORT (buffer=0.5)
2026-03-30 18:43:57  INFO      TradingRunner: Analysing CHFJPY …
2026-03-30 18:43:57  INFO      TradingGraph: Running agents for CHFJPY
2026-03-30 18:43:57  INFO      TradingGraph: Completed 15 agents
2026-03-30 18:43:57  INFO      TradingGraph: Fusing timeframe signals
2026-03-30 18:43:57  INFO      TradingGraph: Fusion: L=0.269(csns=0.67), M=-0.675(csns=1.00), S=-0.109(csns=0.75), align_str=0.000
2026-03-30 18:43:57  INFO      TradingGraph: Timeframes not aligned — stopping (L=0.269 M=-0.675 S=-0.109)
2026-03-30 18:43:57  INFO      TradingRunner: Analysing XAGUSD …
2026-03-30 18:43:57  INFO      TradingGraph: Running agents for XAGUSD
2026-03-30 18:43:58  INFO      TradingGraph: Completed 15 agents
2026-03-30 18:43:58  INFO      TradingGraph: Fusing timeframe signals
2026-03-30 18:43:58  INFO      TradingGraph: Fusion: L=-0.183(csns=0.50), M=0.220(csns=1.00), S=0.047(csns=0.75), align_str=0.000
2026-03-30 18:43:58  INFO      TradingGraph: Timeframes not aligned — stopping (L=-0.183 M=0.220 S=0.047)
2026-03-30 18:43:58  INFO      TradingRunner: PnL — unrealized: -0.20  realized today: +0.00  total: -0.20
2026-03-30 18:43:58  INFO      TradingRunner: Signal cycle done in 5.8s — sleeping 294s
2026-03-30 18:44:01  INFO      MT5Executor: Using mt5linux backend → localhost:18812
2026-03-30 18:44:01  INFO      MT5Executor: Connected to MT5: 5048478471 on MetaQuotes-Demo | balance=138.82 | trade_allowed=True
2026-03-30 18:44:01  INFO      root: Registered agent: RegimeAgent
2026-03-30 18:44:01  INFO      root: Registered agent: TrendAgent
2026-03-30 18:44:01  INFO      root: Registered agent: MomentumAgent
2026-03-30 18:44:01  INFO      root: Registered agent: MeanReversionAgent
2026-03-30 18:44:01  INFO      root: Registered agent: VolatilityAgent
2026-03-30 18:44:01  INFO      root: Registered agent: BreadthAgent
2026-03-30 18:44:01  INFO      root: Registered agent: PatternAgent
2026-03-30 18:44:01  INFO      root: Registered agent: IntermarketAgent
2026-03-30 18:44:01  INFO      root: Registered agent: SessionBreakoutAgent
2026-03-30 18:44:01  INFO      root: Registered agent: DivergenceAgent
2026-03-30 18:44:01  INFO      root: Registered agent: ScalpingAgent
2026-03-30 18:44:01  INFO      root: Registered agent: VwapScalpAgent
2026-03-30 18:44:01  INFO      root: Registered agent: SqueezeBreakoutAgent
2026-03-30 18:44:01  INFO      root: Registered agent: OrderFlowAgent
2026-03-30 18:44:01  INFO      root: Registered agent: CorrelationAgent
2026-03-30 18:44:01  INFO      TradingRunner: [State] Restored: daily_trades=2, cooldowns=2, sod_balance=138.82
2026-03-30 18:44:03  INFO      numexpr.utils: Note: NumExpr detected 12 cores but "NUMEXPR_MAX_THREADS" not set, so enforcing safe limit of 8.
2026-03-30 18:44:03  INFO      numexpr.utils: NumExpr defaulting to 8 threads.
2026-03-30 18:44:14  INFO      TradingRunner: Analysing EURUSD …
2026-03-30 18:44:15  INFO      NewsCalendar: [NEWS] Loaded 11 high-impact events (source: ForexFactory)
2026-03-30 18:44:15  INFO      TradingGraph: Running agents for EURUSD
2026-03-30 18:44:15  INFO      TradingGraph: Completed 15 agents
2026-03-30 18:44:15  INFO      TradingGraph: Fusing timeframe signals
2026-03-30 18:44:15  INFO      TradingGraph: Fusion: L=-0.671(csns=1.00), M=-0.626(csns=1.00), S=-0.275(csns=0.80), align_str=0.487
2026-03-30 18:44:15  INFO      TradingGraph: Aligned [full-alignment] (bearish) — proceeding [L=-0.671 M=-0.626 S=-0.275 breadth=0.011]
2026-03-30 18:44:15  INFO      TradingGraph: Generating trading recipe
2026-03-30 18:44:15  INFO      TradingGraph: Generated recipe: RISKY_SHORT_FULL_ALIGNMENT_EURUSD
2026-03-30 18:44:15  INFO      TradingGraph: Correlation guard: 2/2 long_usd positions already open — refusing EURUSD SELL
2026-03-30 18:44:15  INFO      TradingRunner: Analysing GBPUSD …
2026-03-30 18:44:15  INFO      TradingGraph: Running agents for GBPUSD
2026-03-30 18:44:15  INFO      TradingGraph: Completed 15 agents
2026-03-30 18:44:15  INFO      TradingGraph: Fusing timeframe signals
2026-03-30 18:44:15  INFO      TradingGraph: Fusion: L=-0.690(csns=1.00), M=-0.649(csns=1.00), S=-0.162(csns=0.75), align_str=0.417
2026-03-30 18:44:15  INFO      TradingGraph: Aligned [full-alignment] (bearish) — proceeding [L=-0.690 M=-0.649 S=-0.162 breadth=0.011]
2026-03-30 18:44:15  INFO      TradingGraph: Generating trading recipe
2026-03-30 18:44:15  INFO      TradingGraph: Generated recipe: RISKY_SHORT_FULL_ALIGNMENT_GBPUSD
2026-03-30 18:44:15  INFO      TradingGraph: Correlation guard: 2/2 long_usd positions already open — refusing GBPUSD SELL
2026-03-30 18:44:15  INFO      TradingRunner: Analysing USDJPY …
2026-03-30 18:44:15  INFO      TradingGraph: Running agents for USDJPY
2026-03-30 18:44:15  INFO      TradingGraph: Completed 15 agents
2026-03-30 18:44:15  INFO      TradingGraph: Fusing timeframe signals
2026-03-30 18:44:15  INFO      TradingGraph: Fusion: L=0.561(csns=1.00), M=-0.205(csns=1.00), S=-0.104(csns=0.67), align_str=0.000
2026-03-30 18:44:15  INFO      TradingGraph: Timeframes not aligned — stopping (L=0.561 M=-0.205 S=-0.104)
2026-03-30 18:44:15  INFO      TradingRunner: Analysing AUDUSD …
2026-03-30 18:44:15  INFO      TradingGraph: Running agents for AUDUSD
2026-03-30 18:44:15  INFO      TradingGraph: Completed 15 agents
2026-03-30 18:44:15  INFO      TradingGraph: Fusing timeframe signals
2026-03-30 18:44:15  INFO      TradingGraph: Fusion: L=-0.007(csns=1.00), M=-0.102(csns=0.75), S=0.058(csns=0.80), align_str=0.000
2026-03-30 18:44:15  INFO      TradingGraph: Timeframes not aligned — stopping (L=-0.007 M=-0.102 S=0.058)
2026-03-30 18:44:15  INFO      TradingRunner: Analysing NZDUSD …
2026-03-30 18:44:15  INFO      TradingGraph: Running agents for NZDUSD
2026-03-30 18:44:15  INFO      TradingGraph: Completed 15 agents
2026-03-30 18:44:15  INFO      TradingGraph: Fusing timeframe signals
2026-03-30 18:44:15  INFO      TradingGraph: Fusion: L=-0.712(csns=1.00), M=-0.335(csns=0.75), S=-0.048(csns=0.33), align_str=0.225
2026-03-30 18:44:15  INFO      TradingGraph: Aligned [pullback-entry] (bearish) — proceeding [L=-0.712 M=-0.335 S=-0.048 breadth=0.011]
2026-03-30 18:44:15  INFO      TradingGraph: Generating trading recipe
2026-03-30 18:44:15  INFO      TradingGraph: Generated recipe: RISKY_SHORT_PULLBACK_ENTRY_NZDUSD
2026-03-30 18:44:15  INFO      TradingGraph: Correlation guard: 2/2 long_usd positions already open — refusing NZDUSD SELL
2026-03-30 18:44:15  INFO      TradingRunner: Analysing US30 …
2026-03-30 18:44:15  INFO      TradingGraph: Running agents for US30
2026-03-30 18:44:15  INFO      TradingGraph: Completed 15 agents
2026-03-30 18:44:15  INFO      TradingGraph: Fusing timeframe signals
2026-03-30 18:44:15  INFO      TradingGraph: Fusion: L=-0.389(csns=1.00), M=-0.111(csns=1.00), S=-0.017(csns=0.60), align_str=0.090
2026-03-30 18:44:15  INFO      TradingGraph: Aligned [pullback-entry] (bearish) — proceeding [L=-0.389 M=-0.111 S=-0.017 breadth=0.011]
2026-03-30 18:44:15  INFO      TradingGraph: Generating trading recipe
2026-03-30 18:44:15  INFO      TradingGraph: Generated recipe: RISKY_SHORT_PULLBACK_ENTRY_US30
2026-03-30 18:44:15  INFO      TradingGraph: Risk check passed
2026-03-30 18:44:15  INFO      TradingGraph: Creating trade plan
2026-03-30 18:44:15  INFO      TradingGraph: Structure SL/TP [US30] entry=45455.40000 sl=46644.74506 (3.34×ATR) tp=44395.40000 (R:R=0.89)
2026-03-30 18:44:15  INFO      TradingGraph: Created trade plan: entry=45455.4000, sl=46644.7500, tp=43671.3800
2026-03-30 18:44:15  INFO      TradingGraph: Executing trade for US30
2026-03-30 18:44:15  WARNING   MT5Executor: US30: trading disabled on this symbol (trade_mode=0 — may be outside market hours or broker restriction). Skipping.
2026-03-30 18:44:15  INFO      TradingGraph: Order not placed for US30 (executor returned None — see executor log for reason)
2026-03-30 18:44:15  INFO      TradingRunner: Analysing US500 …
2026-03-30 18:44:15  INFO      TradingGraph: Running agents for US500
2026-03-30 18:44:15  INFO      TradingGraph: Completed 15 agents
2026-03-30 18:44:15  INFO      TradingGraph: Fusing timeframe signals
2026-03-30 18:44:15  INFO      TradingGraph: Fusion: L=-0.425(csns=1.00), M=-0.234(csns=1.00), S=-0.269(csns=1.00), align_str=0.300
2026-03-30 18:44:15  INFO      TradingGraph: Aligned [full-alignment] (bearish) — proceeding [L=-0.425 M=-0.234 S=-0.269 breadth=0.011]
2026-03-30 18:44:15  INFO      TradingGraph: Generating trading recipe
2026-03-30 18:44:15  INFO      TradingGraph: Generated recipe: RISKY_SHORT_FULL_ALIGNMENT_US500
2026-03-30 18:44:15  INFO      TradingGraph: Risk check passed
2026-03-30 18:44:15  INFO      TradingGraph: Creating trade plan
2026-03-30 18:44:16  INFO      TradingGraph: SL cap [US500]: 5.42×ATR → 3.5×ATR
2026-03-30 18:44:16  INFO      TradingGraph: Structure SL/TP [US500] entry=6379.20000 sl=6553.83020 (3.50×ATR) tp=6205.39269 (R:R=1.00)
2026-03-30 18:44:16  INFO      TradingGraph: Created trade plan: entry=6379.2000, sl=6553.8300, tp=6117.2500
2026-03-30 18:44:16  INFO      TradingGraph: Executing trade for US500
2026-03-30 18:44:16  WARNING   MT5Executor: US500: trading disabled on this symbol (trade_mode=0 — may be outside market hours or broker restriction). Skipping.
2026-03-30 18:44:16  INFO      TradingGraph: Order not placed for US500 (executor returned None — see executor log for reason)
2026-03-30 18:44:16  INFO      TradingRunner: Analysing USTEC …
2026-03-30 18:44:16  INFO      TradingGraph: Running agents for USTEC
2026-03-30 18:44:16  INFO      TradingGraph: Completed 15 agents
2026-03-30 18:44:16  INFO      TradingGraph: Fusing timeframe signals
2026-03-30 18:44:16  INFO      TradingGraph: Fusion: L=-0.427(csns=1.00), M=-0.268(csns=1.00), S=-0.335(csns=1.00), align_str=0.337
2026-03-30 18:44:16  INFO      TradingGraph: Aligned [full-alignment] (bearish) — proceeding [L=-0.427 M=-0.268 S=-0.335 breadth=0.011]
2026-03-30 18:44:16  INFO      TradingGraph: Generating trading recipe
2026-03-30 18:44:16  INFO      TradingGraph: Generated recipe: RISKY_SHORT_FULL_ALIGNMENT_USTEC
2026-03-30 18:44:16  INFO      TradingGraph: Risk check passed
2026-03-30 18:44:16  INFO      TradingGraph: Creating trade plan
2026-03-30 18:44:16  INFO      TradingGraph: SL cap [USTEC]: 6.05×ATR → 3.5×ATR
2026-03-30 18:44:16  INFO      TradingGraph: Structure SL/TP [USTEC] entry=23119.90000 sl=23852.67403 (3.50×ATR) tp=22501.36430 (R:R=0.84)
2026-03-30 18:44:16  INFO      TradingGraph: Created trade plan: entry=23119.9000, sl=23852.6700, tp=22020.7400
2026-03-30 18:44:16  INFO      TradingGraph: Executing trade for USTEC
2026-03-30 18:44:16  WARNING   MT5Executor: USTEC: trading disabled on this symbol (trade_mode=0 — may be outside market hours or broker restriction). Skipping.
2026-03-30 18:44:16  INFO      TradingGraph: Order not placed for USTEC (executor returned None — see executor log for reason)
2026-03-30 18:44:16  INFO      TradingRunner: Analysing DAX …
2026-03-30 18:44:16  INFO      TradingGraph: Running agents for DAX
2026-03-30 18:44:16  INFO      TradingGraph: Completed 15 agents
2026-03-30 18:44:16  INFO      TradingGraph: Fusing timeframe signals
2026-03-30 18:44:16  INFO      TradingGraph: Fusion: L=-0.117(csns=1.00), M=-0.095(csns=1.00), S=0.074(csns=0.75), align_str=0.000
2026-03-30 18:44:16  INFO      TradingGraph: Timeframes not aligned — stopping (L=-0.117 M=-0.095 S=0.074)
2026-03-30 18:44:16  INFO      TradingRunner: Analysing UK100 …
2026-03-30 18:44:16  INFO      TradingGraph: Running agents for UK100
2026-03-30 18:44:16  INFO      TradingGraph: Completed 15 agents
2026-03-30 18:44:16  INFO      TradingGraph: Fusing timeframe signals
2026-03-30 18:44:16  INFO      TradingGraph: Fusion: L=0.164(csns=1.00), M=0.551(csns=1.00), S=0.227(csns=0.75), align_str=0.274
2026-03-30 18:44:16  INFO      TradingGraph: Timeframes not aligned — stopping (L=0.164 M=0.551 S=0.227)
2026-03-30 18:44:16  INFO      TradingRunner: Analysing EURJPY …
2026-03-30 18:44:16  INFO      TradingGraph: Running agents for EURJPY
2026-03-30 18:44:16  INFO      TradingGraph: Completed 15 agents
2026-03-30 18:44:16  INFO      TradingGraph: Fusing timeframe signals
2026-03-30 18:44:16  INFO      TradingGraph: Fusion: L=-0.139(csns=1.00), M=-0.894(csns=1.00), S=-0.085(csns=0.80), align_str=0.219
2026-03-30 18:44:16  INFO      TradingGraph: Timeframes not aligned — stopping (L=-0.139 M=-0.894 S=-0.085)
2026-03-30 18:44:16  INFO      TradingRunner: Analysing GBPJPY …
2026-03-30 18:44:16  INFO      TradingGraph: Running agents for GBPJPY
2026-03-30 18:44:16  INFO      TradingGraph: Completed 15 agents
2026-03-30 18:44:16  INFO      TradingGraph: Fusing timeframe signals
2026-03-30 18:44:16  INFO      TradingGraph: Fusion: L=0.170(csns=1.00), M=-0.909(csns=1.00), S=-0.064(csns=0.75), align_str=0.000
2026-03-30 18:44:16  INFO      TradingGraph: Timeframes not aligned — stopping (L=0.170 M=-0.909 S=-0.064)
2026-03-30 18:44:16  INFO      TradingRunner: Analysing AUDJPY …
2026-03-30 18:44:16  INFO      TradingGraph: Running agents for AUDJPY
2026-03-30 18:44:16  INFO      TradingGraph: Completed 15 agents
2026-03-30 18:44:16  INFO      TradingGraph: Fusing timeframe signals
2026-03-30 18:44:16  INFO      TradingGraph: Fusion: L=0.670(csns=1.00), M=-0.417(csns=1.00), S=0.000(csns=0.75), align_str=0.000
2026-03-30 18:44:16  INFO      TradingGraph: Timeframes not aligned — stopping (L=0.670 M=-0.417 S=0.000)
2026-03-30 18:44:16  INFO      TradingRunner: Analysing EURGBP …
2026-03-30 18:44:16  INFO      TradingGraph: Running agents for EURGBP
2026-03-30 18:44:16  INFO      TradingGraph: Completed 15 agents
2026-03-30 18:44:16  INFO      TradingGraph: Fusing timeframe signals
2026-03-30 18:44:16  INFO      TradingGraph: Fusion: L=-0.062(csns=1.00), M=0.403(csns=1.00), S=-0.068(csns=0.50), align_str=0.000
2026-03-30 18:44:16  INFO      TradingGraph: Timeframes not aligned — stopping (L=-0.062 M=0.403 S=-0.068)
2026-03-30 18:44:16  INFO      TradingRunner: Analysing EURCHF …
2026-03-30 18:44:17  INFO      TradingGraph: Running agents for EURCHF
2026-03-30 18:44:17  INFO      TradingGraph: Completed 15 agents
2026-03-30 18:44:17  INFO      TradingGraph: Fusing timeframe signals
2026-03-30 18:44:17  INFO      TradingGraph: Fusion: L=-0.372(csns=1.00), M=-0.211(csns=1.00), S=-0.249(csns=0.83), align_str=0.269
2026-03-30 18:44:17  INFO      TradingGraph: Aligned [full-alignment] (bearish) — proceeding [L=-0.372 M=-0.211 S=-0.249 breadth=0.011]
2026-03-30 18:44:17  INFO      TradingGraph: Generating trading recipe
2026-03-30 18:44:17  INFO      TradingGraph: Generated recipe: RISKY_SHORT_FULL_ALIGNMENT_EURCHF
2026-03-30 18:44:17  INFO      TradingGraph: Pivot guard: support 0.36×ATR away — rejecting SHORT (buffer=0.5)
2026-03-30 18:44:17  INFO      TradingRunner: Analysing CHFJPY …
2026-03-30 18:44:17  INFO      TradingGraph: Running agents for CHFJPY
2026-03-30 18:44:17  INFO      TradingGraph: Completed 15 agents
2026-03-30 18:44:17  INFO      TradingGraph: Fusing timeframe signals
2026-03-30 18:44:17  INFO      TradingGraph: Fusion: L=0.333(csns=0.50), M=-0.672(csns=1.00), S=-0.101(csns=0.75), align_str=0.000
2026-03-30 18:44:17  INFO      TradingGraph: Timeframes not aligned — stopping (L=0.333 M=-0.672 S=-0.101)
2026-03-30 18:44:17  INFO      TradingRunner: Analysing XAGUSD …
2026-03-30 18:44:17  INFO      TradingGraph: Running agents for XAGUSD
2026-03-30 18:44:17  INFO      TradingGraph: Completed 15 agents
2026-03-30 18:44:17  INFO      TradingGraph: Fusing timeframe signals
2026-03-30 18:44:17  INFO      TradingGraph: Fusion: L=-0.468(csns=1.00), M=0.219(csns=1.00), S=0.045(csns=0.75), align_str=0.000
2026-03-30 18:44:17  INFO      TradingGraph: Timeframes not aligned — stopping (L=-0.468 M=0.219 S=0.045)
2026-03-30 18:44:17  INFO      TradingRunner: PnL — unrealized: -0.16  realized today: +0.00  total: -0.16
2026-03-30 18:44:17  INFO      LLMSentimentAgent: LLMSentimentAgent executor shut down
2026-03-30 18:44:18  INFO      MT5Executor: MT5 connection closed
2026-03-30 18:44:45  ERROR     DataLoader: No data from MT5 for EURUSD/1D
2026-03-30 18:44:45  ERROR     DataLoader: No data from MT5 for GBPUSD/1D
2026-03-30 18:44:45  ERROR     DataLoader: No data from MT5 for USDCHF/1D
2026-03-30 18:44:45  ERROR     DataLoader: No data from MT5 for AUDUSD/1D
2026-03-30 18:44:45  ERROR     DataLoader: No data from MT5 for USDJPY/1D
2026-03-30 18:44:45  ERROR     DataLoader: No data from MT5 for USDJPY/4H
2026-03-30 18:44:45  ERROR     DataLoader: No data from MT5 for USDJPY/15m
2026-03-30 18:44:45  ERROR     DataLoader: No data from MT5 for USDCHF/4H
2026-03-30 18:44:45  ERROR     DataLoader: No data from MT5 for USDCHF/15m
2026-03-30 18:44:45  ERROR     DataLoader: No data from MT5 for EURUSD/4H
2026-03-30 18:44:45  ERROR     DataLoader: No data from MT5 for EURUSD/15m
2026-03-30 18:44:45  ERROR     DataLoader: No data from MT5 for AUDUSD/4H
2026-03-30 18:44:45  ERROR     DataLoader: No data from MT5 for AUDUSD/15m
2026-03-30 18:44:45  ERROR     DataLoader: No data from MT5 for GBPUSD/4H
2026-03-30 18:44:45  ERROR     DataLoader: No data from MT5 for GBPUSD/15m
2026-03-30 18:44:45  ERROR     DataLoader: No data from MT5 for USDCAD/1D
2026-03-30 18:44:45  ERROR     DataLoader: No data from MT5 for USDCAD/4H
2026-03-30 18:44:45  ERROR     DataLoader: No data from MT5 for USDCAD/15m
2026-03-30 18:44:45  ERROR     DataLoader: No data from MT5 for NZDUSD/1D
2026-03-30 18:44:45  ERROR     DataLoader: No data from MT5 for NZDUSD/4H
2026-03-30 18:44:45  ERROR     DataLoader: No data from MT5 for US30/1D
2026-03-30 18:44:45  ERROR     DataLoader: No data from MT5 for US30/4H
2026-03-30 18:44:45  ERROR     DataLoader: No data from MT5 for NZDUSD/15m
2026-03-30 18:44:45  ERROR     DataLoader: No data from MT5 for US500/1D
2026-03-30 18:44:45  ERROR     DataLoader: No data from MT5 for US500/15m
2026-03-30 18:44:45  ERROR     DataLoader: No data from MT5 for US500/4H
2026-03-30 18:44:45  ERROR     DataLoader: No data from MT5 for USTEC/1D
2026-03-30 18:44:45  ERROR     DataLoader: No data from MT5 for USTEC/4H
2026-03-30 18:44:45  ERROR     DataLoader: No data from MT5 for USTEC/15m
2026-03-30 18:44:45  ERROR     DataLoader: No data from MT5 for US30/15m
2026-03-30 18:44:45  ERROR     DataLoader: No data from MT5 for DAX/4H
2026-03-30 18:44:45  ERROR     DataLoader: No data from MT5 for DAX/1D
2026-03-30 18:44:45  ERROR     DataLoader: No data from MT5 for DAX/15m
2026-03-30 18:44:45  ERROR     DataLoader: No data from MT5 for UK100/15m
2026-03-30 18:44:45  ERROR     DataLoader: No data from MT5 for EURJPY/4H
2026-03-30 18:44:45  ERROR     DataLoader: No data from MT5 for EURJPY/1D
2026-03-30 18:44:45  ERROR     DataLoader: No data from MT5 for UK100/1D
2026-03-30 18:44:45  ERROR     DataLoader: No data from MT5 for UK100/4H
2026-03-30 18:44:45  ERROR     DataLoader: No data from MT5 for EURJPY/15m
2026-03-30 18:44:45  ERROR     DataLoader: No data from MT5 for GBPJPY/1D
2026-03-30 18:44:45  ERROR     DataLoader: No data from MT5 for GBPJPY/4H
2026-03-30 18:44:45  ERROR     DataLoader: No data from MT5 for GBPJPY/15m
2026-03-30 18:44:45  ERROR     DataLoader: No data from MT5 for AUDJPY/1D
2026-03-30 18:44:45  ERROR     DataLoader: No data from MT5 for AUDJPY/15m
2026-03-30 18:44:45  ERROR     DataLoader: No data from MT5 for AUDJPY/4H
2026-03-30 18:44:45  ERROR     DataLoader: No data from MT5 for EURGBP/15m
2026-03-30 18:44:45  ERROR     DataLoader: No data from MT5 for EURGBP/1D
2026-03-30 18:44:45  ERROR     DataLoader: No data from MT5 for EURGBP/4H
2026-03-30 18:44:45  ERROR     DataLoader: No data from MT5 for CHFJPY/1D
2026-03-30 18:44:45  ERROR     DataLoader: No data from MT5 for EURCHF/1D
2026-03-30 18:44:45  ERROR     DataLoader: No data from MT5 for CHFJPY/4H
2026-03-30 18:44:45  ERROR     DataLoader: No data from MT5 for EURCHF/15m
2026-03-30 18:44:45  ERROR     DataLoader: No data from MT5 for EURCHF/4H
2026-03-30 18:44:45  ERROR     DataLoader: No data from MT5 for XAGUSD/1D
2026-03-30 18:44:45  ERROR     DataLoader: No data from MT5 for CHFJPY/15m
2026-03-30 18:44:45  ERROR     DataLoader: No data from MT5 for XAGUSD/15m
2026-03-30 18:44:45  ERROR     DataLoader: No data from MT5 for XAGUSD/4H
2026-03-30 18:44:45  INFO      TradingRunner: Analysing EURUSD …
2026-03-30 18:44:45  WARNING   TradingRunner: Could not load features for EURUSD — skipping
2026-03-30 18:44:45  INFO      TradingRunner: Analysing GBPUSD …
2026-03-30 18:44:45  WARNING   TradingRunner: Could not load features for GBPUSD — skipping
2026-03-30 18:44:45  INFO      TradingRunner: Analysing USDJPY …
2026-03-30 18:44:45  WARNING   TradingRunner: Could not load features for USDJPY — skipping
2026-03-30 18:44:45  INFO      TradingRunner: Analysing AUDUSD …
2026-03-30 18:44:45  WARNING   TradingRunner: Could not load features for AUDUSD — skipping
2026-03-30 18:44:45  INFO      TradingRunner: Analysing NZDUSD …
2026-03-30 18:44:45  WARNING   TradingRunner: Could not load features for NZDUSD — skipping
2026-03-30 18:44:45  INFO      TradingRunner: Analysing US30 …
2026-03-30 18:44:45  WARNING   TradingRunner: Could not load features for US30 — skipping
2026-03-30 18:44:45  INFO      TradingRunner: Analysing US500 …
2026-03-30 18:44:45  WARNING   TradingRunner: Could not load features for US500 — skipping
2026-03-30 18:44:45  INFO      TradingRunner: Analysing USTEC …
2026-03-30 18:44:45  WARNING   TradingRunner: Could not load features for USTEC — skipping
2026-03-30 18:44:45  INFO      TradingRunner: Analysing DAX …
2026-03-30 18:44:45  WARNING   TradingRunner: Could not load features for DAX — skipping
2026-03-30 18:44:45  INFO      TradingRunner: Analysing UK100 …
2026-03-30 18:44:45  WARNING   TradingRunner: Could not load features for UK100 — skipping
2026-03-30 18:44:45  INFO      TradingRunner: Analysing GBPJPY …
2026-03-30 18:44:45  WARNING   TradingRunner: Could not load features for GBPJPY — skipping
2026-03-30 18:44:45  INFO      TradingRunner: Analysing AUDJPY …
2026-03-30 18:44:45  WARNING   TradingRunner: Could not load features for AUDJPY — skipping
2026-03-30 18:44:45  INFO      TradingRunner: Analysing EURGBP …
2026-03-30 18:44:45  WARNING   TradingRunner: Could not load features for EURGBP — skipping
2026-03-30 18:44:45  INFO      TradingRunner: Analysing EURCHF …
2026-03-30 18:44:45  WARNING   TradingRunner: Could not load features for EURCHF — skipping
2026-03-30 18:44:45  INFO      TradingRunner: Analysing XAGUSD …
2026-03-30 18:44:45  WARNING   TradingRunner: Could not load features for XAGUSD — skipping
2026-03-30 18:44:45  INFO      TradingRunner: PnL — unrealized: +0.00  realized today: +0.00  total: +0.00
2026-03-30 18:44:45  INFO      TradingRunner: Signal cycle done in 0.4s — sleeping 300s
2026-03-30 18:45:29  WARNING   TradingRunner: [WATCHDOG] MT5 connection lost — attempting reconnect
2026-03-30 18:45:29  INFO      TradingRunner: [WATCHDOG] Reconnect attempt 1/5 (waiting 10s)
2026-03-30 18:45:38  INFO      MT5Executor: Using mt5linux backend → localhost:18812
2026-03-30 18:45:38  INFO      MT5Executor: Connected to MT5: 5048478471 on MetaQuotes-Demo | balance=138.82 | trade_allowed=True
2026-03-30 18:45:38  INFO      root: Registered agent: RegimeAgent
2026-03-30 18:45:38  INFO      root: Registered agent: TrendAgent
2026-03-30 18:45:38  INFO      root: Registered agent: MomentumAgent
2026-03-30 18:45:38  INFO      root: Registered agent: MeanReversionAgent
2026-03-30 18:45:38  INFO      root: Registered agent: VolatilityAgent
2026-03-30 18:45:38  INFO      root: Registered agent: BreadthAgent
2026-03-30 18:45:38  INFO      root: Registered agent: PatternAgent
2026-03-30 18:45:38  INFO      root: Registered agent: IntermarketAgent
2026-03-30 18:45:38  INFO      root: Registered agent: SessionBreakoutAgent
2026-03-30 18:45:38  INFO      root: Registered agent: DivergenceAgent
2026-03-30 18:45:38  INFO      root: Registered agent: ScalpingAgent
2026-03-30 18:45:38  INFO      root: Registered agent: VwapScalpAgent
2026-03-30 18:45:38  INFO      root: Registered agent: SqueezeBreakoutAgent
2026-03-30 18:45:38  INFO      root: Registered agent: OrderFlowAgent
2026-03-30 18:45:38  INFO      root: Registered agent: CorrelationAgent
2026-03-30 18:45:38  INFO      TradingRunner: [State] Restored: daily_trades=4, cooldowns=4, sod_balance=138.62
2026-03-30 18:45:38  INFO      TradingRunner: TradingRunner started — symbols: ['EURUSD', 'GBPUSD', 'USDJPY', 'USDCHF', 'AUDUSD', 'USDCAD', 'NZDUSD', 'US30', 'US500', 'USTEC', 'DAX', 'UK100', 'EURJPY', 'GBPJPY', 'AUDJPY', 'EURGBP', 'EURCHF', 'CHFJPY', 'XAGUSD'] | profile: balanced | signal: 300s | surveillance: 60s
2026-03-30 18:45:39  INFO      numexpr.utils: Note: NumExpr detected 12 cores but "NUMEXPR_MAX_THREADS" not set, so enforcing safe limit of 8.
2026-03-30 18:45:39  INFO      numexpr.utils: NumExpr defaulting to 8 threads.
2026-03-30 18:45:42  INFO      TradingGraph: Running agents for USDCHF
2026-03-30 18:45:42  INFO      TradingGraph: Completed 15 agents
2026-03-30 18:45:42  INFO      TradingGraph: Fusing timeframe signals
2026-03-30 18:45:42  INFO      TradingGraph: Fusion: L=0.571(csns=1.00), M=0.329(csns=0.75), S=0.028(csns=0.33), align_str=0.174
2026-03-30 18:45:43  INFO      TradingGraph: Running agents for USDCAD
2026-03-30 18:45:43  INFO      TradingGraph: Completed 15 agents
2026-03-30 18:45:43  INFO      TradingGraph: Fusing timeframe signals
2026-03-30 18:45:43  INFO      TradingGraph: Fusion: L=0.596(csns=1.00), M=0.372(csns=0.75), S=0.025(csns=0.17), align_str=0.176
2026-03-30 18:45:44  INFO      TradingGraph: Running agents for CHFJPY
2026-03-30 18:45:45  INFO      TradingGraph: Completed 15 agents
2026-03-30 18:45:45  INFO      TradingGraph: Fusing timeframe signals
2026-03-30 18:45:45  INFO      TradingGraph: Fusion: L=0.269(csns=0.67), M=-0.677(csns=1.00), S=-0.054(csns=0.60), align_str=0.000
2026-03-30 18:45:45  INFO      TradingGraph: Running agents for EURJPY
2026-03-30 18:45:46  INFO      TradingGraph: Completed 15 agents
2026-03-30 18:45:46  INFO      TradingGraph: Fusing timeframe signals
2026-03-30 18:45:46  INFO      TradingGraph: Fusion: L=-0.159(csns=1.00), M=-0.894(csns=1.00), S=-0.090(csns=0.80), align_str=0.234
2026-03-30 18:45:46  INFO      TradingRunner: Analysing EURUSD …
2026-03-30 18:45:46  INFO      NewsCalendar: [NEWS] Loaded 11 high-impact events (source: ForexFactory)
2026-03-30 18:45:46  INFO      TradingGraph: Running agents for EURUSD
2026-03-30 18:45:47  INFO      TradingGraph: Completed 15 agents
2026-03-30 18:45:47  INFO      TradingGraph: Fusing timeframe signals
2026-03-30 18:45:47  INFO      TradingGraph: Fusion: L=-0.544(csns=1.00), M=-0.620(csns=1.00), S=-0.143(csns=0.50), align_str=0.364
2026-03-30 18:45:47  INFO      TradingGraph: Aligned [full-alignment] (bearish) — proceeding [L=-0.544 M=-0.620 S=-0.143 breadth=0.011]
2026-03-30 18:45:47  INFO      TradingGraph: Generating trading recipe
2026-03-30 18:45:47  INFO      TradingGraph: Generated recipe: BALANCED_SHORT_FULL_ALIGNMENT_EURUSD
2026-03-30 18:45:47  INFO      TradingGraph: Correlation guard: 2/2 long_usd positions already open — refusing EURUSD SELL
2026-03-30 18:45:47  INFO      TradingRunner: Analysing GBPUSD …
2026-03-30 18:45:47  INFO      TradingGraph: Running agents for GBPUSD
2026-03-30 18:45:47  INFO      TradingGraph: Completed 15 agents
2026-03-30 18:45:47  INFO      TradingGraph: Fusing timeframe signals
2026-03-30 18:45:47  INFO      TradingGraph: Fusion: L=-0.577(csns=1.00), M=-0.645(csns=1.00), S=-0.049(csns=0.40), align_str=0.263
2026-03-30 18:45:47  INFO      TradingGraph: Aligned [pullback-entry] (bearish) — proceeding [L=-0.577 M=-0.645 S=-0.049 breadth=0.011]
2026-03-30 18:45:47  INFO      TradingGraph: Generating trading recipe
2026-03-30 18:45:47  INFO      TradingGraph: Generated recipe: BALANCED_SHORT_PULLBACK_ENTRY_GBPUSD
2026-03-30 18:45:47  INFO      TradingGraph: Correlation guard: 2/2 long_usd positions already open — refusing GBPUSD SELL
2026-03-30 18:45:47  INFO      TradingRunner: Analysing USDJPY …
2026-03-30 18:45:47  INFO      TradingGraph: Running agents for USDJPY
2026-03-30 18:45:47  INFO      TradingGraph: Completed 15 agents
2026-03-30 18:45:47  INFO      TradingGraph: Fusing timeframe signals
2026-03-30 18:45:47  INFO      TradingGraph: Fusion: L=0.365(csns=0.67), M=-0.208(csns=1.00), S=-0.007(csns=0.67), align_str=0.000
2026-03-30 18:45:47  INFO      TradingGraph: Timeframes not aligned — stopping (L=0.365 M=-0.208 S=-0.007)
2026-03-30 18:45:47  INFO      TradingRunner: Analysing AUDUSD …
2026-03-30 18:45:47  INFO      TradingGraph: Running agents for AUDUSD
2026-03-30 18:45:47  INFO      TradingGraph: Completed 15 agents
2026-03-30 18:45:47  INFO      TradingGraph: Fusing timeframe signals
2026-03-30 18:45:47  INFO      TradingGraph: Fusion: L=-0.066(csns=1.00), M=-0.100(csns=0.75), S=0.035(csns=0.80), align_str=0.000
2026-03-30 18:45:47  INFO      TradingGraph: Timeframes not aligned — stopping (L=-0.066 M=-0.100 S=0.035)
2026-03-30 18:45:47  INFO      TradingRunner: Analysing NZDUSD …
2026-03-30 18:45:47  INFO      TradingGraph: Running agents for NZDUSD
2026-03-30 18:45:47  INFO      TradingGraph: Completed 15 agents
2026-03-30 18:45:47  INFO      TradingGraph: Fusing timeframe signals
2026-03-30 18:45:47  INFO      TradingGraph: Fusion: L=-0.618(csns=1.00), M=-0.329(csns=0.75), S=-0.056(csns=0.33), align_str=0.224
2026-03-30 18:45:47  INFO      TradingGraph: Aligned [pullback-entry] (bearish) — proceeding [L=-0.618 M=-0.329 S=-0.056 breadth=0.011]
2026-03-30 18:45:47  INFO      TradingGraph: Generating trading recipe
2026-03-30 18:45:47  INFO      TradingGraph: Generated recipe: BALANCED_SHORT_PULLBACK_ENTRY_NZDUSD
2026-03-30 18:45:47  INFO      TradingGraph: Correlation guard: 2/2 long_usd positions already open — refusing NZDUSD SELL
2026-03-30 18:45:47  INFO      TradingRunner: Analysing US30 …
2026-03-30 18:45:47  INFO      TradingGraph: Running agents for US30
2026-03-30 18:45:47  INFO      TradingGraph: Completed 15 agents
2026-03-30 18:45:47  INFO      TradingGraph: Fusing timeframe signals
2026-03-30 18:45:47  INFO      TradingGraph: Fusion: L=-0.264(csns=0.67), M=-0.120(csns=1.00), S=-0.090(csns=0.60), align_str=0.142
2026-03-30 18:45:47  INFO      TradingGraph: Aligned [pullback-entry] (bearish) — proceeding [L=-0.264 M=-0.120 S=-0.090 breadth=0.011]
2026-03-30 18:45:47  INFO      TradingGraph: Generating trading recipe
2026-03-30 18:45:47  INFO      TradingGraph: Generated recipe: BALANCED_SHORT_PULLBACK_ENTRY_US30
2026-03-30 18:45:47  INFO      TradingGraph: Risk check passed
2026-03-30 18:45:47  INFO      TradingGraph: Creating trade plan
2026-03-30 18:45:47  INFO      TradingGraph: VIX risk scaling: vix_fear=0.56 → risk ×0.87 (0.12)
2026-03-30 18:45:47  INFO      TradingGraph: Structure SL/TP [US30] entry=45431.50000 sl=46644.74506 (3.41×ATR) tp=44395.40000 (R:R=0.85)
2026-03-30 18:45:47  INFO      TradingGraph: Created trade plan: entry=45431.5000, sl=46644.7500, tp=44218.2500
2026-03-30 18:45:47  INFO      TradingGraph: Executing trade for US30
2026-03-30 18:45:47  WARNING   MT5Executor: US30: trading disabled on this symbol (trade_mode=0 — may be outside market hours or broker restriction). Skipping.
2026-03-30 18:45:47  INFO      TradingGraph: Order not placed for US30 (executor returned None — see executor log for reason)
2026-03-30 18:45:47  INFO      TradingRunner: Analysing US500 …
2026-03-30 18:45:47  INFO      TradingGraph: Running agents for US500
2026-03-30 18:45:47  INFO      TradingGraph: Completed 15 agents
2026-03-30 18:45:47  INFO      TradingGraph: Fusing timeframe signals
2026-03-30 18:45:47  INFO      TradingGraph: Fusion: L=-0.435(csns=1.00), M=-0.220(csns=1.00), S=-0.220(csns=1.00), align_str=0.276
2026-03-30 18:45:47  INFO      TradingGraph: Aligned [full-alignment] (bearish) — proceeding [L=-0.435 M=-0.220 S=-0.220 breadth=0.011]
2026-03-30 18:45:47  INFO      TradingGraph: Generating trading recipe
2026-03-30 18:45:47  INFO      TradingGraph: Generated recipe: BALANCED_SHORT_FULL_ALIGNMENT_US500
2026-03-30 18:45:47  INFO      TradingGraph: Risk check passed
2026-03-30 18:45:47  INFO      TradingGraph: Creating trade plan
2026-03-30 18:45:47  INFO      TradingGraph: VIX risk scaling: vix_fear=0.56 → risk ×0.87 (0.12)
2026-03-30 18:45:47  INFO      TradingGraph: SL cap [US500]: 5.47×ATR → 5.0×ATR
2026-03-30 18:45:47  INFO      TradingGraph: Structure SL/TP [US500] entry=6376.70000 sl=6626.17172 (5.00×ATR) tp=6132.96594 (R:R=0.98)
2026-03-30 18:45:47  INFO      TradingGraph: Created trade plan: entry=6376.7000, sl=6626.1700, tp=6127.2300
2026-03-30 18:45:47  INFO      TradingGraph: Executing trade for US500
2026-03-30 18:45:47  WARNING   MT5Executor: US500: trading disabled on this symbol (trade_mode=0 — may be outside market hours or broker restriction). Skipping.
2026-03-30 18:45:47  INFO      TradingGraph: Order not placed for US500 (executor returned None — see executor log for reason)
2026-03-30 18:45:47  INFO      TradingRunner: Analysing USTEC …
2026-03-30 18:45:47  INFO      TradingGraph: Running agents for USTEC
2026-03-30 18:45:48  INFO      TradingGraph: Completed 15 agents
2026-03-30 18:45:48  INFO      TradingGraph: Fusing timeframe signals
2026-03-30 18:45:48  INFO      TradingGraph: Fusion: L=-0.441(csns=1.00), M=-0.271(csns=1.00), S=-0.291(csns=1.00), align_str=0.326
2026-03-30 18:45:48  INFO      TradingGraph: Aligned [full-alignment] (bearish) — proceeding [L=-0.441 M=-0.271 S=-0.291 breadth=0.011]
2026-03-30 18:45:48  INFO      TradingGraph: Generating trading recipe
2026-03-30 18:45:48  INFO      TradingGraph: Generated recipe: BALANCED_SHORT_FULL_ALIGNMENT_USTEC
2026-03-30 18:45:48  INFO      TradingGraph: Risk check passed
2026-03-30 18:45:48  INFO      TradingGraph: Creating trade plan
2026-03-30 18:45:48  INFO      TradingGraph: VIX risk scaling: vix_fear=0.53 → risk ×0.89 (0.12)
2026-03-30 18:45:48  INFO      TradingGraph: SL cap [USTEC]: 6.10×ATR → 5.0×ATR
2026-03-30 18:45:48  INFO      TradingGraph: Structure SL/TP [USTEC] entry=23111.00000 sl=24157.82004 (5.00×ATR) tp=22240.83760 (R:R=0.83)
2026-03-30 18:45:48  INFO      TradingGraph: Created trade plan: entry=23111.0000, sl=24157.8200, tp=22064.1800
2026-03-30 18:45:48  INFO      TradingGraph: Executing trade for USTEC
2026-03-30 18:45:48  WARNING   MT5Executor: USTEC: trading disabled on this symbol (trade_mode=0 — may be outside market hours or broker restriction). Skipping.
2026-03-30 18:45:48  INFO      TradingGraph: Order not placed for USTEC (executor returned None — see executor log for reason)
2026-03-30 18:45:48  INFO      TradingRunner: Analysing DAX …
2026-03-30 18:45:48  INFO      TradingGraph: Running agents for DAX
2026-03-30 18:45:48  INFO      TradingGraph: Completed 15 agents
2026-03-30 18:45:48  INFO      TradingGraph: Fusing timeframe signals
2026-03-30 18:45:48  INFO      TradingGraph: Fusion: L=-0.165(csns=1.00), M=-0.122(csns=1.00), S=0.045(csns=0.67), align_str=0.000
2026-03-30 18:45:48  INFO      TradingGraph: Aligned [pullback-entry] (bearish) — proceeding [L=-0.165 M=-0.122 S=0.045 breadth=0.011]
2026-03-30 18:45:48  INFO      TradingGraph: Generating trading recipe
2026-03-30 18:45:48  INFO      TradingGraph: Generated recipe: BALANCED_SHORT_PULLBACK_ENTRY_DAX
2026-03-30 18:45:48  INFO      TradingGraph: Win probability too low: 0.455 < 0.46
2026-03-30 18:45:48  INFO      TradingRunner: Analysing UK100 …
2026-03-30 18:45:48  INFO      TradingGraph: Running agents for UK100
2026-03-30 18:45:48  INFO      TradingGraph: Completed 15 agents
2026-03-30 18:45:48  INFO      TradingGraph: Fusing timeframe signals
2026-03-30 18:45:48  INFO      TradingGraph: Fusion: L=0.140(csns=0.67), M=0.544(csns=1.00), S=0.175(csns=0.60), align_str=0.237
2026-03-30 18:45:48  INFO      TradingGraph: Timeframes not aligned — stopping (L=0.140 M=0.544 S=0.175)
2026-03-30 18:45:48  INFO      TradingRunner: Analysing GBPJPY …
2026-03-30 18:45:48  INFO      TradingGraph: Running agents for GBPJPY
2026-03-30 18:45:48  INFO      TradingGraph: Completed 15 agents
2026-03-30 18:45:48  INFO      TradingGraph: Fusing timeframe signals
2026-03-30 18:45:48  INFO      TradingGraph: Fusion: L=0.037(csns=0.33), M=-0.907(csns=1.00), S=-0.052(csns=0.75), align_str=0.000
2026-03-30 18:45:48  INFO      TradingGraph: Timeframes not aligned — stopping (L=0.037 M=-0.907 S=-0.052)
2026-03-30 18:45:48  INFO      TradingRunner: Analysing AUDJPY …
2026-03-30 18:45:48  INFO      TradingGraph: Running agents for AUDJPY
2026-03-30 18:45:48  INFO      TradingGraph: Completed 15 agents
2026-03-30 18:45:48  INFO      TradingGraph: Fusing timeframe signals
2026-03-30 18:45:48  INFO      TradingGraph: Fusion: L=0.253(csns=0.33), M=-0.419(csns=1.00), S=-0.019(csns=0.25), align_str=0.000
2026-03-30 18:45:48  INFO      TradingGraph: Timeframes not aligned — stopping (L=0.253 M=-0.419 S=-0.019)
2026-03-30 18:45:48  INFO      TradingRunner: Analysing EURGBP …
2026-03-30 18:45:48  INFO      TradingGraph: Running agents for EURGBP
2026-03-30 18:45:48  INFO      TradingGraph: Completed 15 agents
2026-03-30 18:45:48  INFO      TradingGraph: Fusing timeframe signals
2026-03-30 18:45:48  INFO      TradingGraph: Fusion: L=0.019(csns=0.33), M=0.401(csns=1.00), S=0.047(csns=0.50), align_str=0.071
2026-03-30 18:45:48  INFO      TradingGraph: Timeframes not aligned — stopping (L=0.019 M=0.401 S=0.047)
2026-03-30 18:45:48  INFO      TradingRunner: Analysing EURCHF …
2026-03-30 18:45:48  INFO      TradingGraph: Running agents for EURCHF
2026-03-30 18:45:48  INFO      TradingGraph: Completed 15 agents
2026-03-30 18:45:48  INFO      TradingGraph: Fusing timeframe signals
2026-03-30 18:45:48  INFO      TradingGraph: Fusion: L=-0.200(csns=0.67), M=-0.208(csns=1.00), S=-0.210(csns=0.71), align_str=0.206
2026-03-30 18:45:48  INFO      TradingGraph: Aligned [full-alignment] (bearish) — proceeding [L=-0.200 M=-0.208 S=-0.210 breadth=0.011]
2026-03-30 18:45:48  INFO      TradingGraph: Generating trading recipe
2026-03-30 18:45:48  INFO      TradingGraph: Generated recipe: BALANCED_SHORT_FULL_ALIGNMENT_EURCHF
2026-03-30 18:45:48  INFO      TradingGraph: Pivot guard: support 0.37×ATR away — rejecting SHORT (buffer=0.5)
2026-03-30 18:45:48  INFO      TradingRunner: Analysing XAGUSD …
2026-03-30 18:45:48  INFO      TradingGraph: Running agents for XAGUSD
2026-03-30 18:45:48  INFO      TradingGraph: Completed 15 agents
2026-03-30 18:45:48  INFO      TradingGraph: Fusing timeframe signals
2026-03-30 18:45:48  INFO      TradingGraph: Fusion: L=-0.183(csns=0.50), M=0.221(csns=1.00), S=-0.007(csns=0.50), align_str=0.000
2026-03-30 18:45:48  INFO      TradingGraph: Timeframes not aligned — stopping (L=-0.183 M=0.221 S=-0.007)
2026-03-30 18:45:49  INFO      TradingRunner: PnL — unrealized: -0.11  realized today: +0.00  total: -0.11
2026-03-30 18:45:49  INFO      TradingRunner: Signal cycle done in 7.0s — sleeping 293s
2026-03-30 18:46:40  INFO      TradingGraph: Running agents for USDCHF
2026-03-30 18:46:40  INFO      TradingGraph: Completed 15 agents
2026-03-30 18:46:40  INFO      TradingGraph: Fusing timeframe signals
2026-03-30 18:46:40  INFO      TradingGraph: Fusion: L=0.570(csns=1.00), M=0.326(csns=0.75), S=0.019(csns=0.33), align_str=0.153
2026-03-30 18:46:40  INFO      TradingGraph: Running agents for USDCAD
2026-03-30 18:46:40  INFO      TradingGraph: Completed 15 agents
2026-03-30 18:46:40  INFO      TradingGraph: Fusing timeframe signals
2026-03-30 18:46:40  INFO      TradingGraph: Fusion: L=0.597(csns=1.00), M=0.369(csns=0.75), S=0.027(csns=0.17), align_str=0.181
2026-03-30 18:46:40  INFO      TradingGraph: Running agents for CHFJPY
2026-03-30 18:46:41  INFO      TradingGraph: Completed 15 agents
2026-03-30 18:46:41  INFO      TradingGraph: Fusing timeframe signals
2026-03-30 18:46:41  INFO      TradingGraph: Fusion: L=0.269(csns=0.67), M=-0.674(csns=1.00), S=-0.053(csns=0.60), align_str=0.000
2026-03-30 18:46:41  INFO      TradingGraph: Running agents for EURJPY
2026-03-30 18:46:41  INFO      TradingGraph: Completed 15 agents
2026-03-30 18:46:41  INFO      TradingGraph: Fusing timeframe signals
2026-03-30 18:46:41  INFO      TradingGraph: Fusion: L=-0.159(csns=1.00), M=-0.893(csns=1.00), S=-0.088(csns=0.75), align_str=0.232
2026-03-30 18:47:12  INFO      TradingRunner: [WATCHDOG] alive | equity=138.32 | cycle=1 | profile=balanced
2026-03-30 18:47:40  INFO      TradingGraph: Running agents for USDCHF
2026-03-30 18:47:40  INFO      TradingGraph: Completed 15 agents
2026-03-30 18:47:40  INFO      TradingGraph: Fusing timeframe signals
2026-03-30 18:47:40  INFO      TradingGraph: Fusion: L=0.569(csns=1.00), M=0.321(csns=0.75), S=0.013(csns=0.33), align_str=0.133
2026-03-30 18:47:40  INFO      TradingGraph: Running agents for USDCAD
2026-03-30 18:47:40  INFO      TradingGraph: Completed 15 agents
2026-03-30 18:47:40  INFO      TradingGraph: Fusing timeframe signals
2026-03-30 18:47:40  INFO      TradingGraph: Fusion: L=0.596(csns=1.00), M=0.370(csns=0.75), S=0.047(csns=0.33), align_str=0.218
2026-03-30 18:47:40  INFO      TradingGraph: Running agents for CHFJPY
2026-03-30 18:47:41  INFO      TradingGraph: Completed 15 agents
2026-03-30 18:47:41  INFO      TradingGraph: Fusing timeframe signals
2026-03-30 18:47:41  INFO      TradingGraph: Fusion: L=0.269(csns=0.67), M=-0.671(csns=1.00), S=-0.045(csns=0.60), align_str=0.000
2026-03-30 18:47:41  INFO      TradingGraph: Running agents for EURJPY
2026-03-30 18:47:41  INFO      TradingGraph: Completed 15 agents
2026-03-30 18:47:41  INFO      TradingGraph: Fusing timeframe signals
2026-03-30 18:47:41  INFO      TradingGraph: Fusion: L=-0.159(csns=1.00), M=-0.893(csns=1.00), S=-0.088(csns=0.75), align_str=0.232
2026-03-30 18:48:40  INFO      TradingGraph: Running agents for USDCHF
2026-03-30 18:48:40  INFO      TradingGraph: Completed 15 agents
2026-03-30 18:48:40  INFO      TradingGraph: Fusing timeframe signals
2026-03-30 18:48:40  INFO      TradingGraph: Fusion: L=0.569(csns=1.00), M=0.321(csns=0.75), S=0.010(csns=0.33), align_str=0.121
2026-03-30 18:48:40  INFO      TradingGraph: Running agents for USDCAD
2026-03-30 18:48:40  INFO      TradingGraph: Completed 15 agents
2026-03-30 18:48:40  INFO      TradingGraph: Fusing timeframe signals
2026-03-30 18:48:40  INFO      TradingGraph: Fusion: L=0.597(csns=1.00), M=0.372(csns=0.75), S=0.025(csns=0.17), align_str=0.178
2026-03-30 18:48:40  INFO      TradingGraph: Running agents for CHFJPY
2026-03-30 18:48:40  INFO      TradingGraph: Completed 15 agents
2026-03-30 18:48:40  INFO      TradingGraph: Fusing timeframe signals
2026-03-30 18:48:40  INFO      TradingGraph: Fusion: L=0.269(csns=0.67), M=-0.668(csns=1.00), S=-0.044(csns=0.60), align_str=0.000
2026-03-30 18:48:41  INFO      TradingGraph: Running agents for EURJPY
2026-03-30 18:48:41  INFO      TradingGraph: Completed 15 agents
2026-03-30 18:48:41  INFO      TradingGraph: Fusing timeframe signals
2026-03-30 18:48:41  INFO      TradingGraph: Fusion: L=-0.159(csns=1.00), M=-0.892(csns=1.00), S=-0.088(csns=0.75), align_str=0.232
2026-03-30 18:49:40  INFO      TradingGraph: Running agents for USDCHF
2026-03-30 18:49:40  INFO      TradingGraph: Completed 15 agents
2026-03-30 18:49:40  INFO      TradingGraph: Fusing timeframe signals
2026-03-30 18:49:40  INFO      TradingGraph: Fusion: L=0.569(csns=1.00), M=0.322(csns=0.75), S=0.010(csns=0.33), align_str=0.122
2026-03-30 18:49:40  INFO      TradingGraph: Running agents for USDCAD
2026-03-30 18:49:40  INFO      TradingGraph: Completed 15 agents
2026-03-30 18:49:40  INFO      TradingGraph: Fusing timeframe signals
2026-03-30 18:49:40  INFO      TradingGraph: Fusion: L=0.598(csns=1.00), M=0.379(csns=0.75), S=0.028(csns=0.17), align_str=0.186
2026-03-30 18:49:41  INFO      TradingGraph: Running agents for CHFJPY
2026-03-30 18:49:41  INFO      TradingGraph: Completed 15 agents
2026-03-30 18:49:41  INFO      TradingGraph: Fusing timeframe signals
2026-03-30 18:49:41  INFO      TradingGraph: Fusion: L=0.269(csns=0.67), M=-0.670(csns=1.00), S=-0.045(csns=0.60), align_str=0.000
2026-03-30 18:49:41  INFO      TradingGraph: Running agents for EURJPY
2026-03-30 18:49:41  INFO      TradingGraph: Completed 15 agents
2026-03-30 18:49:41  INFO      TradingGraph: Fusing timeframe signals
2026-03-30 18:49:41  INFO      TradingGraph: Fusion: L=-0.159(csns=1.00), M=-0.892(csns=1.00), S=-0.088(csns=0.75), align_str=0.232
2026-03-30 18:50:40  INFO      TradingGraph: Running agents for USDCHF
2026-03-30 18:50:40  INFO      TradingGraph: Completed 15 agents
2026-03-30 18:50:40  INFO      TradingGraph: Fusing timeframe signals
2026-03-30 18:50:40  INFO      TradingGraph: Fusion: L=0.570(csns=1.00), M=0.326(csns=0.75), S=0.013(csns=0.33), align_str=0.133
2026-03-30 18:50:40  INFO      TradingGraph: Running agents for USDCAD
2026-03-30 18:50:40  INFO      TradingGraph: Completed 15 agents
2026-03-30 18:50:40  INFO      TradingGraph: Fusing timeframe signals
2026-03-30 18:50:40  INFO      TradingGraph: Fusion: L=0.598(csns=1.00), M=0.381(csns=0.75), S=0.024(csns=0.20), align_str=0.176
2026-03-30 18:50:41  INFO      TradingGraph: Running agents for CHFJPY
2026-03-30 18:50:41  INFO      TradingGraph: Completed 15 agents
2026-03-30 18:50:41  INFO      TradingGraph: Fusing timeframe signals
2026-03-30 18:50:41  INFO      TradingGraph: Fusion: L=0.269(csns=0.67), M=-0.675(csns=1.00), S=-0.054(csns=0.60), align_str=0.000
2026-03-30 18:50:42  INFO      TradingGraph: Running agents for EURJPY
2026-03-30 18:50:42  INFO      TradingGraph: Completed 15 agents
2026-03-30 18:50:42  INFO      TradingGraph: Fusing timeframe signals
2026-03-30 18:50:42  INFO      TradingGraph: Fusion: L=-0.159(csns=1.00), M=-0.893(csns=1.00), S=-0.088(csns=0.75), align_str=0.232
2026-03-30 18:50:46  INFO      TradingRunner: Analysing EURUSD …
2026-03-30 18:50:46  INFO      TradingGraph: Running agents for EURUSD
2026-03-30 18:50:46  INFO      TradingGraph: Completed 15 agents
2026-03-30 18:50:46  INFO      TradingGraph: Fusing timeframe signals
2026-03-30 18:50:46  INFO      TradingGraph: Fusion: L=-0.543(csns=1.00), M=-0.617(csns=1.00), S=-0.117(csns=0.40), align_str=0.339
2026-03-30 18:50:46  INFO      TradingGraph: Aligned [full-alignment] (bearish) — proceeding [L=-0.543 M=-0.617 S=-0.117 breadth=0.011]
2026-03-30 18:50:46  INFO      TradingGraph: Generating trading recipe
2026-03-30 18:50:46  INFO      TradingGraph: Generated recipe: BALANCED_SHORT_FULL_ALIGNMENT_EURUSD
2026-03-30 18:50:46  INFO      TradingGraph: Correlation guard: 2/2 long_usd positions already open — refusing EURUSD SELL
2026-03-30 18:50:46  INFO      TradingRunner: Analysing GBPUSD …
2026-03-30 18:50:46  INFO      TradingGraph: Running agents for GBPUSD
2026-03-30 18:50:46  INFO      TradingGraph: Completed 15 agents
2026-03-30 18:50:46  INFO      TradingGraph: Fusing timeframe signals
2026-03-30 18:50:46  INFO      TradingGraph: Fusion: L=-0.577(csns=1.00), M=-0.641(csns=1.00), S=-0.038(csns=0.25), align_str=0.241
2026-03-30 18:50:46  INFO      TradingGraph: Aligned [pullback-entry] (bearish) — proceeding [L=-0.577 M=-0.641 S=-0.038 breadth=0.011]
2026-03-30 18:50:46  INFO      TradingGraph: Generating trading recipe
2026-03-30 18:50:46  INFO      TradingGraph: Generated recipe: BALANCED_SHORT_PULLBACK_ENTRY_GBPUSD
2026-03-30 18:50:46  INFO      TradingGraph: Correlation guard: 2/2 long_usd positions already open — refusing GBPUSD SELL
2026-03-30 18:50:46  INFO      TradingRunner: Analysing USDJPY …
2026-03-30 18:50:46  INFO      TradingGraph: Running agents for USDJPY
2026-03-30 18:50:46  INFO      TradingGraph: Completed 15 agents
2026-03-30 18:50:46  INFO      TradingGraph: Fusing timeframe signals
2026-03-30 18:50:46  INFO      TradingGraph: Fusion: L=0.365(csns=0.67), M=-0.214(csns=1.00), S=-0.022(csns=0.67), align_str=0.000
2026-03-30 18:50:46  INFO      TradingGraph: Timeframes not aligned — stopping (L=0.365 M=-0.214 S=-0.022)
2026-03-30 18:50:46  INFO      TradingRunner: Analysing AUDUSD …
2026-03-30 18:50:46  INFO      TradingGraph: Running agents for AUDUSD
2026-03-30 18:50:46  INFO      TradingGraph: Completed 15 agents
2026-03-30 18:50:46  INFO      TradingGraph: Fusing timeframe signals
2026-03-30 18:50:46  INFO      TradingGraph: Fusion: L=-0.066(csns=1.00), M=-0.101(csns=0.75), S=0.035(csns=0.80), align_str=0.000
2026-03-30 18:50:46  INFO      TradingGraph: Timeframes not aligned — stopping (L=-0.066 M=-0.101 S=0.035)
2026-03-30 18:50:46  INFO      TradingRunner: Analysing NZDUSD …
2026-03-30 18:50:46  INFO      TradingGraph: Running agents for NZDUSD
2026-03-30 18:50:46  INFO      TradingGraph: Completed 15 agents
2026-03-30 18:50:46  INFO      TradingGraph: Fusing timeframe signals
2026-03-30 18:50:46  INFO      TradingGraph: Fusion: L=-0.617(csns=1.00), M=-0.332(csns=0.75), S=-0.058(csns=0.33), align_str=0.228
2026-03-30 18:50:46  INFO      TradingGraph: Aligned [pullback-entry] (bearish) — proceeding [L=-0.617 M=-0.332 S=-0.058 breadth=0.011]
2026-03-30 18:50:46  INFO      TradingGraph: Generating trading recipe
2026-03-30 18:50:46  INFO      TradingGraph: Generated recipe: BALANCED_SHORT_PULLBACK_ENTRY_NZDUSD
2026-03-30 18:50:46  INFO      TradingGraph: Correlation guard: 2/2 long_usd positions already open — refusing NZDUSD SELL
2026-03-30 18:50:46  INFO      TradingRunner: Analysing US30 …
2026-03-30 18:50:46  INFO      TradingGraph: Running agents for US30
2026-03-30 18:50:46  INFO      TradingGraph: Completed 15 agents
2026-03-30 18:50:46  INFO      TradingGraph: Fusing timeframe signals
2026-03-30 18:50:46  INFO      TradingGraph: Fusion: L=-0.265(csns=0.67), M=-0.132(csns=1.00), S=-0.145(csns=0.80), align_str=0.172
2026-03-30 18:50:46  INFO      TradingGraph: Aligned [full-alignment] (bearish) — proceeding [L=-0.265 M=-0.132 S=-0.145 breadth=0.011]
2026-03-30 18:50:46  INFO      TradingGraph: Generating trading recipe
2026-03-30 18:50:46  INFO      TradingGraph: Generated recipe: BALANCED_SHORT_FULL_ALIGNMENT_US30
2026-03-30 18:50:46  INFO      TradingGraph: Risk check passed
2026-03-30 18:50:46  INFO      TradingGraph: Creating trade plan
2026-03-30 18:50:46  INFO      TradingGraph: VIX risk scaling: vix_fear=0.55 → risk ×0.87 (0.12)
2026-03-30 18:50:46  INFO      TradingGraph: Structure SL/TP [US30] entry=45419.40000 sl=46644.74506 (3.44×ATR) tp=44395.40000 (R:R=0.84)
2026-03-30 18:50:46  INFO      TradingGraph: Created trade plan: entry=45419.4000, sl=46644.7500, tp=44194.0500
2026-03-30 18:50:46  INFO      TradingGraph: Executing trade for US30
2026-03-30 18:50:46  WARNING   MT5Executor: US30: trading disabled on this symbol (trade_mode=0 — may be outside market hours or broker restriction). Skipping.
2026-03-30 18:50:46  INFO      TradingGraph: Order not placed for US30 (executor returned None — see executor log for reason)
2026-03-30 18:50:46  INFO      TradingRunner: Analysing US500 …
2026-03-30 18:50:46  INFO      TradingGraph: Running agents for US500
2026-03-30 18:50:46  INFO      TradingGraph: Completed 15 agents
2026-03-30 18:50:46  INFO      TradingGraph: Fusing timeframe signals
2026-03-30 18:50:46  INFO      TradingGraph: Fusion: L=-0.435(csns=1.00), M=-0.223(csns=1.00), S=-0.228(csns=1.00), align_str=0.281
2026-03-30 18:50:46  INFO      TradingGraph: Aligned [full-alignment] (bearish) — proceeding [L=-0.435 M=-0.223 S=-0.228 breadth=0.011]
2026-03-30 18:50:46  INFO      TradingGraph: Generating trading recipe
2026-03-30 18:50:46  INFO      TradingGraph: Generated recipe: BALANCED_SHORT_FULL_ALIGNMENT_US500
2026-03-30 18:50:46  INFO      TradingGraph: Risk check passed
2026-03-30 18:50:46  INFO      TradingGraph: Creating trade plan
2026-03-30 18:50:46  INFO      TradingGraph: VIX risk scaling: vix_fear=0.55 → risk ×0.87 (0.12)
2026-03-30 18:50:46  INFO      TradingGraph: SL cap [US500]: 5.48×ATR → 5.0×ATR
2026-03-30 18:50:46  INFO      TradingGraph: Structure SL/TP [US500] entry=6376.20000 sl=6625.67172 (5.00×ATR) tp=6133.36834 (R:R=0.97)
2026-03-30 18:50:46  INFO      TradingGraph: Created trade plan: entry=6376.2000, sl=6625.6700, tp=6126.7300
2026-03-30 18:50:46  INFO      TradingGraph: Executing trade for US500
2026-03-30 18:50:46  WARNING   MT5Executor: US500: trading disabled on this symbol (trade_mode=0 — may be outside market hours or broker restriction). Skipping.
2026-03-30 18:50:46  INFO      TradingGraph: Order not placed for US500 (executor returned None — see executor log for reason)
2026-03-30 18:50:46  INFO      TradingRunner: Analysing USTEC …
2026-03-30 18:50:46  INFO      TradingGraph: Running agents for USTEC
2026-03-30 18:50:46  INFO      TradingGraph: Completed 15 agents
2026-03-30 18:50:46  INFO      TradingGraph: Fusing timeframe signals
2026-03-30 18:50:46  INFO      TradingGraph: Fusion: L=-0.440(csns=1.00), M=-0.272(csns=1.00), S=-0.295(csns=1.00), align_str=0.328
2026-03-30 18:50:46  INFO      TradingGraph: Aligned [full-alignment] (bearish) — proceeding [L=-0.440 M=-0.272 S=-0.295 breadth=0.011]
2026-03-30 18:50:46  INFO      TradingGraph: Generating trading recipe
2026-03-30 18:50:46  INFO      TradingGraph: Generated recipe: BALANCED_SHORT_FULL_ALIGNMENT_USTEC
2026-03-30 18:50:46  INFO      TradingGraph: Risk check passed
2026-03-30 18:50:46  INFO      TradingGraph: Creating trade plan
2026-03-30 18:50:46  INFO      TradingGraph: VIX risk scaling: vix_fear=0.52 → risk ×0.90 (0.13)
2026-03-30 18:50:46  INFO      TradingGraph: SL cap [USTEC]: 6.10×ATR → 5.0×ATR
2026-03-30 18:50:46  INFO      TradingGraph: Structure SL/TP [USTEC] entry=23109.80000 sl=24156.62004 (5.00×ATR) tp=22241.43809 (R:R=0.83)
2026-03-30 18:50:46  INFO      TradingGraph: Created trade plan: entry=23109.8000, sl=24156.6200, tp=22062.9800
2026-03-30 18:50:46  INFO      TradingGraph: Executing trade for USTEC
2026-03-30 18:50:46  WARNING   MT5Executor: USTEC: trading disabled on this symbol (trade_mode=0 — may be outside market hours or broker restriction). Skipping.
2026-03-30 18:50:46  INFO      TradingGraph: Order not placed for USTEC (executor returned None — see executor log for reason)
2026-03-30 18:50:46  INFO      TradingRunner: Analysing DAX …
2026-03-30 18:50:46  INFO      TradingGraph: Running agents for DAX
2026-03-30 18:50:47  INFO      TradingGraph: Completed 15 agents
2026-03-30 18:50:47  INFO      TradingGraph: Fusing timeframe signals
2026-03-30 18:50:47  INFO      TradingGraph: Fusion: L=-0.165(csns=1.00), M=-0.122(csns=1.00), S=0.048(csns=0.75), align_str=0.000
2026-03-30 18:50:47  INFO      TradingGraph: Aligned [pullback-entry] (bearish) — proceeding [L=-0.165 M=-0.122 S=0.048 breadth=0.011]
2026-03-30 18:50:47  INFO      TradingGraph: Generating trading recipe
2026-03-30 18:50:47  INFO      TradingGraph: Generated recipe: BALANCED_SHORT_PULLBACK_ENTRY_DAX
2026-03-30 18:50:47  INFO      TradingGraph: Win probability too low: 0.455 < 0.46
2026-03-30 18:50:47  INFO      TradingRunner: Analysing UK100 …
2026-03-30 18:50:47  INFO      TradingGraph: Running agents for UK100
2026-03-30 18:50:47  INFO      TradingGraph: Completed 15 agents
2026-03-30 18:50:47  INFO      TradingGraph: Fusing timeframe signals
2026-03-30 18:50:47  INFO      TradingGraph: Fusion: L=0.139(csns=0.67), M=0.533(csns=1.00), S=0.177(csns=0.60), align_str=0.236
2026-03-30 18:50:47  INFO      TradingGraph: Timeframes not aligned — stopping (L=0.139 M=0.533 S=0.177)
2026-03-30 18:50:47  INFO      TradingRunner: Analysing GBPJPY …
2026-03-30 18:50:47  INFO      TradingGraph: Running agents for GBPJPY
2026-03-30 18:50:47  INFO      TradingGraph: Completed 15 agents
2026-03-30 18:50:47  INFO      TradingGraph: Fusing timeframe signals
2026-03-30 18:50:47  INFO      TradingGraph: Fusion: L=0.038(csns=0.33), M=-0.905(csns=1.00), S=-0.051(csns=0.75), align_str=0.000
2026-03-30 18:50:47  INFO      TradingGraph: Timeframes not aligned — stopping (L=0.038 M=-0.905 S=-0.051)
2026-03-30 18:50:47  INFO      TradingRunner: Analysing AUDJPY …
2026-03-30 18:50:47  INFO      TradingGraph: Running agents for AUDJPY
2026-03-30 18:50:47  INFO      TradingGraph: Completed 15 agents
2026-03-30 18:50:47  INFO      TradingGraph: Fusing timeframe signals
2026-03-30 18:50:47  INFO      TradingGraph: Fusion: L=0.254(csns=0.33), M=-0.419(csns=1.00), S=-0.017(csns=0.25), align_str=0.000
2026-03-30 18:50:47  INFO      TradingGraph: Timeframes not aligned — stopping (L=0.254 M=-0.419 S=-0.017)
2026-03-30 18:50:47  INFO      TradingRunner: Analysing EURGBP …
2026-03-30 18:50:47  INFO      TradingGraph: Running agents for EURGBP
2026-03-30 18:50:47  INFO      TradingGraph: Completed 15 agents
2026-03-30 18:50:47  INFO      TradingGraph: Fusing timeframe signals
2026-03-30 18:50:47  INFO      TradingGraph: Fusion: L=0.018(csns=0.33), M=0.398(csns=1.00), S=0.044(csns=0.50), align_str=0.069
2026-03-30 18:50:47  INFO      TradingGraph: Timeframes not aligned — stopping (L=0.018 M=0.398 S=0.044)
2026-03-30 18:50:47  INFO      TradingRunner: Analysing EURCHF …
2026-03-30 18:50:47  INFO      TradingGraph: Running agents for EURCHF
2026-03-30 18:50:47  INFO      TradingGraph: Completed 15 agents
2026-03-30 18:50:47  INFO      TradingGraph: Fusing timeframe signals
2026-03-30 18:50:47  INFO      TradingGraph: Fusion: L=-0.200(csns=0.67), M=-0.208(csns=1.00), S=-0.211(csns=0.71), align_str=0.206
2026-03-30 18:50:47  INFO      TradingGraph: Aligned [full-alignment] (bearish) — proceeding [L=-0.200 M=-0.208 S=-0.211 breadth=0.011]
2026-03-30 18:50:47  INFO      TradingGraph: Generating trading recipe
2026-03-30 18:50:47  INFO      TradingGraph: Generated recipe: BALANCED_SHORT_FULL_ALIGNMENT_EURCHF
2026-03-30 18:50:47  INFO      TradingGraph: Pivot guard: support 0.37×ATR away — rejecting SHORT (buffer=0.5)
2026-03-30 18:50:47  INFO      TradingRunner: Analysing XAGUSD …
2026-03-30 18:50:47  INFO      TradingGraph: Running agents for XAGUSD
2026-03-30 18:50:47  INFO      TradingGraph: Completed 15 agents
2026-03-30 18:50:47  INFO      TradingGraph: Fusing timeframe signals
2026-03-30 18:50:47  INFO      TradingGraph: Fusion: L=-0.183(csns=0.50), M=0.211(csns=1.00), S=0.031(csns=0.60), align_str=0.000
2026-03-30 18:50:47  INFO      TradingGraph: Timeframes not aligned — stopping (L=-0.183 M=0.211 S=0.031)
2026-03-30 18:50:47  INFO      TradingRunner: PnL — unrealized: -0.08  realized today: +0.00  total: -0.08
2026-03-30 18:50:47  INFO      TradingRunner: Signal cycle done in 5.3s — sleeping 295s
2026-03-30 18:51:40  INFO      TradingGraph: Running agents for USDCHF
2026-03-30 18:51:40  INFO      TradingGraph: Completed 15 agents
2026-03-30 18:51:40  INFO      TradingGraph: Fusing timeframe signals
2026-03-30 18:51:40  INFO      TradingGraph: Fusion: L=0.570(csns=1.00), M=0.327(csns=0.75), S=0.013(csns=0.33), align_str=0.134
2026-03-30 18:51:41  INFO      TradingGraph: Running agents for USDCAD
2026-03-30 18:51:41  INFO      TradingGraph: Completed 15 agents
2026-03-30 18:51:41  INFO      TradingGraph: Fusing timeframe signals
2026-03-30 18:51:41  INFO      TradingGraph: Fusion: L=0.598(csns=1.00), M=0.381(csns=0.75), S=0.023(csns=0.20), align_str=0.174
2026-03-30 18:51:41  INFO      TradingGraph: Running agents for CHFJPY
2026-03-30 18:51:41  INFO      TradingGraph: Completed 15 agents
2026-03-30 18:51:41  INFO      TradingGraph: Fusing timeframe signals
2026-03-30 18:51:41  INFO      TradingGraph: Fusion: L=0.269(csns=0.67), M=-0.666(csns=1.00), S=-0.044(csns=0.60), align_str=0.000
2026-03-30 18:51:42  INFO      TradingGraph: Running agents for EURJPY
2026-03-30 18:51:42  INFO      TradingGraph: Completed 15 agents
2026-03-30 18:51:42  INFO      TradingGraph: Fusing timeframe signals
2026-03-30 18:51:42  INFO      TradingGraph: Fusion: L=-0.159(csns=1.00), M=-0.891(csns=1.00), S=-0.088(csns=0.75), align_str=0.231
2026-03-30 18:52:40  INFO      TradingGraph: Running agents for USDCHF
2026-03-30 18:52:40  INFO      TradingGraph: Completed 15 agents
2026-03-30 18:52:40  INFO      TradingGraph: Fusing timeframe signals
2026-03-30 18:52:40  INFO      TradingGraph: Fusion: L=0.570(csns=1.00), M=0.323(csns=0.75), S=0.012(csns=0.33), align_str=0.131
2026-03-30 18:52:40  INFO      TradingGraph: Running agents for USDCAD
2026-03-30 18:52:41  INFO      TradingGraph: Completed 15 agents
2026-03-30 18:52:41  INFO      TradingGraph: Fusing timeframe signals
2026-03-30 18:52:41  INFO      TradingGraph: Fusion: L=0.597(csns=1.00), M=0.373(csns=0.75), S=0.023(csns=0.17), align_str=0.172
2026-03-30 18:52:41  INFO      TradingGraph: Running agents for CHFJPY
2026-03-30 18:52:41  INFO      TradingGraph: Completed 15 agents
2026-03-30 18:52:41  INFO      TradingGraph: Fusing timeframe signals
2026-03-30 18:52:41  INFO      TradingGraph: Fusion: L=0.269(csns=0.67), M=-0.666(csns=1.00), S=-0.044(csns=0.60), align_str=0.000
2026-03-30 18:52:41  INFO      TradingGraph: Running agents for EURJPY
2026-03-30 18:52:41  INFO      TradingGraph: Completed 15 agents
2026-03-30 18:52:41  INFO      TradingGraph: Fusing timeframe signals
2026-03-30 18:52:41  INFO      TradingGraph: Fusion: L=-0.159(csns=1.00), M=-0.891(csns=1.00), S=-0.088(csns=0.75), align_str=0.232
2026-03-30 18:53:03  INFO      MT5Executor: Using mt5linux backend → localhost:18812
2026-03-30 18:53:03  INFO      MT5Executor: Connected to MT5: 5048478471 on MetaQuotes-Demo | balance=138.82 | trade_allowed=True
2026-03-30 18:53:03  INFO      root: Registered agent: RegimeAgent
2026-03-30 18:53:03  INFO      root: Registered agent: TrendAgent
2026-03-30 18:53:03  INFO      root: Registered agent: MomentumAgent
2026-03-30 18:53:03  INFO      root: Registered agent: MeanReversionAgent
2026-03-30 18:53:03  INFO      root: Registered agent: VolatilityAgent
2026-03-30 18:53:03  INFO      root: Registered agent: BreadthAgent
2026-03-30 18:53:03  INFO      root: Registered agent: PatternAgent
2026-03-30 18:53:03  INFO      root: Registered agent: IntermarketAgent
2026-03-30 18:53:03  INFO      root: Registered agent: SessionBreakoutAgent
2026-03-30 18:53:03  INFO      root: Registered agent: DivergenceAgent
2026-03-30 18:53:03  INFO      root: Registered agent: ScalpingAgent
2026-03-30 18:53:03  INFO      root: Registered agent: VwapScalpAgent
2026-03-30 18:53:03  INFO      root: Registered agent: SqueezeBreakoutAgent
2026-03-30 18:53:03  INFO      root: Registered agent: OrderFlowAgent
2026-03-30 18:53:03  INFO      root: Registered agent: CorrelationAgent
2026-03-30 18:53:03  INFO      TradingRunner: [State] Restored: daily_trades=2, cooldowns=2, sod_balance=138.82
2026-03-30 18:53:04  INFO      numexpr.utils: Note: NumExpr detected 12 cores but "NUMEXPR_MAX_THREADS" not set, so enforcing safe limit of 8.
2026-03-30 18:53:04  INFO      numexpr.utils: NumExpr defaulting to 8 threads.
2026-03-30 18:53:15  INFO      TradingRunner: Analysing EURUSD …
2026-03-30 18:53:15  INFO      NewsCalendar: [NEWS] Loaded 11 high-impact events (source: ForexFactory)
2026-03-30 18:53:15  INFO      TradingGraph: Running agents for EURUSD
2026-03-30 18:53:15  INFO      TradingGraph: Completed 15 agents
2026-03-30 18:53:15  INFO      TradingGraph: Fusing timeframe signals
2026-03-30 18:53:15  INFO      TradingGraph: Fusion: L=-0.671(csns=1.00), M=-0.619(csns=1.00), S=-0.132(csns=0.50), align_str=0.379
2026-03-30 18:53:15  INFO      TradingGraph: Aligned [full-alignment] (bearish) — proceeding [L=-0.671 M=-0.619 S=-0.132 breadth=0.009]
2026-03-30 18:53:15  INFO      TradingGraph: Generating trading recipe
2026-03-30 18:53:15  INFO      TradingGraph: Generated recipe: RISKY_SHORT_FULL_ALIGNMENT_EURUSD
2026-03-30 18:53:15  INFO      TradingGraph: Correlation guard: 2/2 long_usd positions already open — refusing EURUSD SELL
2026-03-30 18:53:15  INFO      TradingRunner: Analysing GBPUSD …
2026-03-30 18:53:15  INFO      TradingGraph: Running agents for GBPUSD
2026-03-30 18:53:15  INFO      TradingGraph: Completed 15 agents
2026-03-30 18:53:15  INFO      TradingGraph: Fusing timeframe signals
2026-03-30 18:53:15  INFO      TradingGraph: Fusion: L=-0.690(csns=1.00), M=-0.636(csns=1.00), S=-0.031(csns=0.20), align_str=0.238
2026-03-30 18:53:15  INFO      TradingGraph: Aligned [pullback-entry] (bearish) — proceeding [L=-0.690 M=-0.636 S=-0.031 breadth=0.009]
2026-03-30 18:53:15  INFO      TradingGraph: Generating trading recipe
2026-03-30 18:53:15  INFO      TradingGraph: Generated recipe: RISKY_SHORT_PULLBACK_ENTRY_GBPUSD
2026-03-30 18:53:15  INFO      TradingGraph: Correlation guard: 2/2 long_usd positions already open — refusing GBPUSD SELL
2026-03-30 18:53:15  INFO      TradingRunner: Analysing USDJPY …
2026-03-30 18:53:15  INFO      TradingGraph: Running agents for USDJPY
2026-03-30 18:53:16  INFO      TradingGraph: Completed 15 agents
2026-03-30 18:53:16  INFO      TradingGraph: Fusing timeframe signals
2026-03-30 18:53:16  INFO      TradingGraph: Fusion: L=0.561(csns=1.00), M=-0.205(csns=1.00), S=0.001(csns=0.33), align_str=0.000
2026-03-30 18:53:16  INFO      TradingGraph: Timeframes not aligned — stopping (L=0.561 M=-0.205 S=0.001)
2026-03-30 18:53:16  INFO      TradingRunner: Analysing AUDUSD …
2026-03-30 18:53:16  INFO      TradingGraph: Running agents for AUDUSD
2026-03-30 18:53:16  INFO      TradingGraph: Completed 15 agents
2026-03-30 18:53:16  INFO      TradingGraph: Fusing timeframe signals
2026-03-30 18:53:16  INFO      TradingGraph: Fusion: L=-0.007(csns=1.00), M=-0.098(csns=0.75), S=0.051(csns=0.80), align_str=0.000
2026-03-30 18:53:16  INFO      TradingGraph: Timeframes not aligned — stopping (L=-0.007 M=-0.098 S=0.051)
2026-03-30 18:53:16  INFO      TradingRunner: Analysing NZDUSD …
2026-03-30 18:53:16  INFO      TradingGraph: Running agents for NZDUSD
2026-03-30 18:53:16  INFO      TradingGraph: Completed 15 agents
2026-03-30 18:53:16  INFO      TradingGraph: Fusing timeframe signals
2026-03-30 18:53:16  INFO      TradingGraph: Fusion: L=-0.711(csns=1.00), M=-0.325(csns=0.75), S=-0.060(csns=0.33), align_str=0.240
2026-03-30 18:53:16  INFO      TradingGraph: Aligned [pullback-entry] (bearish) — proceeding [L=-0.711 M=-0.325 S=-0.060 breadth=0.009]
2026-03-30 18:53:16  INFO      TradingGraph: Generating trading recipe
2026-03-30 18:53:16  INFO      TradingGraph: Generated recipe: RISKY_SHORT_PULLBACK_ENTRY_NZDUSD
2026-03-30 18:53:16  INFO      TradingGraph: Correlation guard: 2/2 long_usd positions already open — refusing NZDUSD SELL
2026-03-30 18:53:16  INFO      TradingRunner: Analysing US30 …
2026-03-30 18:53:16  INFO      TradingGraph: Running agents for US30
2026-03-30 18:53:16  INFO      TradingGraph: Completed 15 agents
2026-03-30 18:53:16  INFO      TradingGraph: Fusing timeframe signals
2026-03-30 18:53:16  INFO      TradingGraph: Fusion: L=-0.390(csns=1.00), M=-0.126(csns=1.00), S=-0.095(csns=0.75), align_str=0.167
2026-03-30 18:53:16  INFO      TradingGraph: Aligned [pullback-entry] (bearish) — proceeding [L=-0.390 M=-0.126 S=-0.095 breadth=0.009]
2026-03-30 18:53:16  INFO      TradingGraph: Generating trading recipe
2026-03-30 18:53:16  INFO      TradingGraph: Generated recipe: RISKY_SHORT_PULLBACK_ENTRY_US30
2026-03-30 18:53:16  INFO      TradingGraph: Risk check passed
2026-03-30 18:53:16  INFO      TradingGraph: Creating trade plan
2026-03-30 18:53:16  INFO      TradingGraph: Structure SL/TP [US30] entry=45430.50000 sl=46644.74506 (3.41×ATR) tp=44395.40000 (R:R=0.85)
2026-03-30 18:53:16  INFO      TradingGraph: Created trade plan: entry=45430.5000, sl=46644.7500, tp=43609.1300
2026-03-30 18:53:16  INFO      TradingGraph: Executing trade for US30
2026-03-30 18:53:16  WARNING   MT5Executor: US30: trading disabled on this symbol (trade_mode=0 — may be outside market hours or broker restriction). Skipping.
2026-03-30 18:53:16  INFO      TradingGraph: Order not placed for US30 (executor returned None — see executor log for reason)
2026-03-30 18:53:16  INFO      TradingRunner: Analysing US500 …
2026-03-30 18:53:16  INFO      TradingGraph: Running agents for US500
2026-03-30 18:53:16  INFO      TradingGraph: Completed 15 agents
2026-03-30 18:53:16  INFO      TradingGraph: Fusing timeframe signals
2026-03-30 18:53:16  INFO      TradingGraph: Fusion: L=-0.425(csns=1.00), M=-0.216(csns=1.00), S=-0.214(csns=1.00), align_str=0.270
2026-03-30 18:53:16  INFO      TradingGraph: Aligned [full-alignment] (bearish) — proceeding [L=-0.425 M=-0.216 S=-0.214 breadth=0.009]
2026-03-30 18:53:16  INFO      TradingGraph: Generating trading recipe
2026-03-30 18:53:16  INFO      TradingGraph: Generated recipe: RISKY_SHORT_FULL_ALIGNMENT_US500
2026-03-30 18:53:16  INFO      TradingGraph: Risk check passed
2026-03-30 18:53:16  INFO      TradingGraph: Creating trade plan
2026-03-30 18:53:16  INFO      TradingGraph: SL cap [US500]: 5.44×ATR → 3.5×ATR
2026-03-30 18:53:16  INFO      TradingGraph: Structure SL/TP [US500] entry=6378.20000 sl=6552.83020 (3.50×ATR) tp=6205.67714 (R:R=0.99)
2026-03-30 18:53:16  INFO      TradingGraph: Created trade plan: entry=6378.2000, sl=6552.8300, tp=6116.2500
2026-03-30 18:53:16  INFO      TradingGraph: Executing trade for US500
2026-03-30 18:53:16  WARNING   MT5Executor: US500: trading disabled on this symbol (trade_mode=0 — may be outside market hours or broker restriction). Skipping.
2026-03-30 18:53:16  INFO      TradingGraph: Order not placed for US500 (executor returned None — see executor log for reason)
2026-03-30 18:53:16  INFO      TradingRunner: Analysing USTEC …
2026-03-30 18:53:16  INFO      TradingGraph: Running agents for USTEC
2026-03-30 18:53:17  INFO      TradingGraph: Completed 15 agents
2026-03-30 18:53:17  INFO      TradingGraph: Fusing timeframe signals
2026-03-30 18:53:17  INFO      TradingGraph: Fusion: L=-0.427(csns=1.00), M=-0.252(csns=1.00), S=-0.268(csns=1.00), align_str=0.307
2026-03-30 18:53:17  INFO      TradingGraph: Aligned [full-alignment] (bearish) — proceeding [L=-0.427 M=-0.252 S=-0.268 breadth=0.009]
2026-03-30 18:53:17  INFO      TradingGraph: Generating trading recipe
2026-03-30 18:53:17  INFO      TradingGraph: Generated recipe: RISKY_SHORT_FULL_ALIGNMENT_USTEC
2026-03-30 18:53:17  INFO      TradingGraph: Risk check passed
2026-03-30 18:53:17  INFO      TradingGraph: Creating trade plan
2026-03-30 18:53:17  INFO      TradingGraph: SL cap [USTEC]: 6.06×ATR → 3.5×ATR
2026-03-30 18:53:17  INFO      TradingGraph: Structure SL/TP [USTEC] entry=23118.70000 sl=23851.47403 (3.50×ATR) tp=22501.44240 (R:R=0.84)
2026-03-30 18:53:17  INFO      TradingGraph: Created trade plan: entry=23118.7000, sl=23851.4700, tp=22019.5400
2026-03-30 18:53:17  INFO      TradingGraph: Executing trade for USTEC
2026-03-30 18:53:17  WARNING   MT5Executor: USTEC: trading disabled on this symbol (trade_mode=0 — may be outside market hours or broker restriction). Skipping.
2026-03-30 18:53:17  INFO      TradingGraph: Order not placed for USTEC (executor returned None — see executor log for reason)
2026-03-30 18:53:17  INFO      TradingRunner: Analysing DAX …
2026-03-30 18:53:17  INFO      TradingGraph: Running agents for DAX
2026-03-30 18:53:17  INFO      TradingGraph: Completed 15 agents
2026-03-30 18:53:17  INFO      TradingGraph: Fusing timeframe signals
2026-03-30 18:53:17  INFO      TradingGraph: Fusion: L=-0.118(csns=1.00), M=-0.122(csns=1.00), S=0.052(csns=0.75), align_str=0.000
2026-03-30 18:53:17  INFO      TradingGraph: Timeframes not aligned — stopping (L=-0.118 M=-0.122 S=0.052)
2026-03-30 18:53:17  INFO      TradingRunner: Analysing UK100 …
2026-03-30 18:53:17  INFO      TradingGraph: Running agents for UK100
2026-03-30 18:53:17  INFO      TradingGraph: Completed 15 agents
2026-03-30 18:53:17  INFO      TradingGraph: Fusing timeframe signals
2026-03-30 18:53:17  INFO      TradingGraph: Fusion: L=0.164(csns=1.00), M=0.539(csns=1.00), S=0.171(csns=0.60), align_str=0.247
2026-03-30 18:53:17  INFO      TradingGraph: Timeframes not aligned — stopping (L=0.164 M=0.539 S=0.171)
2026-03-30 18:53:17  INFO      TradingRunner: Analysing EURJPY …
2026-03-30 18:53:17  INFO      TradingGraph: Running agents for EURJPY
2026-03-30 18:53:17  INFO      TradingGraph: Completed 15 agents
2026-03-30 18:53:17  INFO      TradingGraph: Fusing timeframe signals
2026-03-30 18:53:17  INFO      TradingGraph: Fusion: L=-0.139(csns=1.00), M=-0.890(csns=1.00), S=-0.082(csns=0.75), align_str=0.217
2026-03-30 18:53:17  INFO      TradingGraph: Timeframes not aligned — stopping (L=-0.139 M=-0.890 S=-0.082)
2026-03-30 18:53:17  INFO      TradingRunner: Analysing GBPJPY …
2026-03-30 18:53:17  INFO      TradingGraph: Running agents for GBPJPY
2026-03-30 18:53:17  INFO      TradingGraph: Completed 15 agents
2026-03-30 18:53:17  INFO      TradingGraph: Fusing timeframe signals
2026-03-30 18:53:17  INFO      TradingGraph: Fusion: L=0.170(csns=1.00), M=-0.901(csns=1.00), S=-0.025(csns=0.50), align_str=0.000
2026-03-30 18:53:17  INFO      TradingGraph: Timeframes not aligned — stopping (L=0.170 M=-0.901 S=-0.025)
2026-03-30 18:53:17  INFO      TradingRunner: Analysing AUDJPY …
2026-03-30 18:53:17  INFO      TradingGraph: Running agents for AUDJPY
2026-03-30 18:53:17  INFO      TradingGraph: Completed 15 agents
2026-03-30 18:53:17  INFO      TradingGraph: Fusing timeframe signals
2026-03-30 18:53:17  INFO      TradingGraph: Fusion: L=0.669(csns=1.00), M=-0.404(csns=1.00), S=-0.008(csns=0.20), align_str=0.000
2026-03-30 18:53:17  INFO      TradingGraph: Timeframes not aligned — stopping (L=0.669 M=-0.404 S=-0.008)
2026-03-30 18:53:17  INFO      TradingRunner: Analysing EURGBP …
2026-03-30 18:53:17  INFO      TradingGraph: Running agents for EURGBP
2026-03-30 18:53:17  INFO      TradingGraph: Completed 15 agents
2026-03-30 18:53:17  INFO      TradingGraph: Fusing timeframe signals
2026-03-30 18:53:17  INFO      TradingGraph: Fusion: L=-0.071(csns=1.00), M=0.384(csns=1.00), S=0.029(csns=0.43), align_str=0.000
2026-03-30 18:53:17  INFO      TradingGraph: Timeframes not aligned — stopping (L=-0.071 M=0.384 S=0.029)
2026-03-30 18:53:17  INFO      TradingRunner: Analysing EURCHF …
2026-03-30 18:53:17  INFO      TradingGraph: Running agents for EURCHF
2026-03-30 18:53:17  INFO      TradingGraph: Completed 15 agents
2026-03-30 18:53:17  INFO      TradingGraph: Fusing timeframe signals
2026-03-30 18:53:17  INFO      TradingGraph: Fusion: L=-0.372(csns=1.00), M=-0.211(csns=1.00), S=-0.205(csns=0.71), align_str=0.253
2026-03-30 18:53:17  INFO      TradingGraph: Aligned [full-alignment] (bearish) — proceeding [L=-0.372 M=-0.211 S=-0.205 breadth=0.009]
2026-03-30 18:53:17  INFO      TradingGraph: Generating trading recipe
2026-03-30 18:53:17  INFO      TradingGraph: Generated recipe: RISKY_SHORT_FULL_ALIGNMENT_EURCHF
2026-03-30 18:53:17  INFO      TradingGraph: Pivot guard: support 0.36×ATR away — rejecting SHORT (buffer=0.5)
2026-03-30 18:53:17  INFO      TradingRunner: Analysing CHFJPY …
2026-03-30 18:53:17  INFO      TradingGraph: Running agents for CHFJPY
2026-03-30 18:53:17  INFO      TradingGraph: Completed 15 agents
2026-03-30 18:53:17  INFO      TradingGraph: Fusing timeframe signals
2026-03-30 18:53:17  INFO      TradingGraph: Fusion: L=0.333(csns=0.50), M=-0.663(csns=1.00), S=-0.024(csns=0.33), align_str=0.000
2026-03-30 18:53:17  INFO      TradingGraph: Timeframes not aligned — stopping (L=0.333 M=-0.663 S=-0.024)
2026-03-30 18:53:17  INFO      TradingRunner: Analysing XAGUSD …
2026-03-30 18:53:17  INFO      TradingGraph: Running agents for XAGUSD
2026-03-30 18:53:17  INFO      TradingGraph: Completed 15 agents
2026-03-30 18:53:17  INFO      TradingGraph: Fusing timeframe signals
2026-03-30 18:53:17  INFO      TradingGraph: Fusion: L=-0.467(csns=1.00), M=0.209(csns=1.00), S=0.035(csns=0.60), align_str=0.000
2026-03-30 18:53:17  INFO      TradingGraph: Timeframes not aligned — stopping (L=-0.467 M=0.209 S=0.035)
2026-03-30 18:53:18  INFO      TradingRunner: PnL — unrealized: -0.06  realized today: +0.00  total: -0.06
2026-03-30 18:53:18  INFO      LLMSentimentAgent: LLMSentimentAgent executor shut down
2026-03-30 18:53:18  INFO      MT5Executor: MT5 connection closed
2026-03-30 18:54:42  WARNING   TradingRunner: [WATCHDOG] MT5 connection lost — attempting reconnect
2026-03-30 18:54:42  INFO      TradingRunner: [WATCHDOG] Reconnect attempt 1/5 (waiting 10s)
2026-03-30 18:54:52  INFO      MT5Executor: MT5 connection closed
2026-03-30 18:54:52  INFO      MT5Executor: Using mt5linux backend → localhost:18812
2026-03-30 18:54:52  INFO      MT5Executor: Connected to MT5: 5048478471 on MetaQuotes-Demo | balance=138.82 | trade_allowed=True
2026-03-30 18:54:52  INFO      TradingRunner: [WATCHDOG] MT5 reconnected successfully
2026-03-30 18:55:00  INFO      MT5Executor: Using mt5linux backend → localhost:18812
2026-03-30 18:55:00  INFO      MT5Executor: Connected to MT5: 5048478471 on MetaQuotes-Demo | balance=138.82 | trade_allowed=True
2026-03-30 18:55:00  INFO      root: Registered agent: RegimeAgent
2026-03-30 18:55:00  INFO      root: Registered agent: TrendAgent
2026-03-30 18:55:00  INFO      root: Registered agent: MomentumAgent
2026-03-30 18:55:00  INFO      root: Registered agent: MeanReversionAgent
2026-03-30 18:55:00  INFO      root: Registered agent: VolatilityAgent
2026-03-30 18:55:00  INFO      root: Registered agent: BreadthAgent
2026-03-30 18:55:00  INFO      root: Registered agent: PatternAgent
2026-03-30 18:55:00  INFO      root: Registered agent: IntermarketAgent
2026-03-30 18:55:00  INFO      root: Registered agent: SessionBreakoutAgent
2026-03-30 18:55:00  INFO      root: Registered agent: DivergenceAgent
2026-03-30 18:55:00  INFO      root: Registered agent: ScalpingAgent
2026-03-30 18:55:00  INFO      root: Registered agent: VwapScalpAgent
2026-03-30 18:55:00  INFO      root: Registered agent: SqueezeBreakoutAgent
2026-03-30 18:55:00  INFO      root: Registered agent: OrderFlowAgent
2026-03-30 18:55:00  INFO      root: Registered agent: CorrelationAgent
2026-03-30 18:55:00  INFO      TradingRunner: [State] Restored: daily_trades=4, cooldowns=4, sod_balance=138.62
2026-03-30 18:55:00  INFO      TradingRunner: TradingRunner started — symbols: ['EURUSD', 'GBPUSD', 'USDJPY', 'USDCHF', 'AUDUSD', 'USDCAD', 'NZDUSD', 'US30', 'US500', 'USTEC', 'DAX', 'UK100', 'EURJPY', 'GBPJPY', 'AUDJPY', 'EURGBP', 'EURCHF', 'CHFJPY', 'XAGUSD'] | profile: balanced | signal: 300s | surveillance: 60s
2026-03-30 18:55:00  INFO      numexpr.utils: Note: NumExpr detected 12 cores but "NUMEXPR_MAX_THREADS" not set, so enforcing safe limit of 8.
2026-03-30 18:55:00  INFO      numexpr.utils: NumExpr defaulting to 8 threads.
2026-03-30 18:55:03  INFO      TradingGraph: Running agents for USDCHF
2026-03-30 18:55:03  INFO      TradingGraph: Completed 15 agents
2026-03-30 18:55:03  INFO      TradingGraph: Fusing timeframe signals
2026-03-30 18:55:03  INFO      TradingGraph: Fusion: L=0.571(csns=1.00), M=0.325(csns=0.67), S=0.029(csns=0.40), align_str=0.176
2026-03-30 18:55:03  INFO      TradingGraph: Running agents for USDCAD
2026-03-30 18:55:03  INFO      TradingGraph: Completed 15 agents
2026-03-30 18:55:03  INFO      TradingGraph: Fusing timeframe signals
2026-03-30 18:55:03  INFO      TradingGraph: Fusion: L=0.598(csns=1.00), M=0.387(csns=0.75), S=0.022(csns=0.33), align_str=0.172
2026-03-30 18:55:03  INFO      TradingGraph: Running agents for CHFJPY
2026-03-30 18:55:03  INFO      TradingGraph: Completed 15 agents
2026-03-30 18:55:03  INFO      TradingGraph: Fusing timeframe signals
2026-03-30 18:55:03  INFO      TradingGraph: Fusion: L=0.269(csns=0.67), M=-0.673(csns=1.00), S=-0.053(csns=0.60), align_str=0.000
2026-03-30 18:55:04  INFO      TradingGraph: Running agents for EURJPY
2026-03-30 18:55:04  INFO      TradingGraph: Completed 15 agents
2026-03-30 18:55:04  INFO      TradingGraph: Fusing timeframe signals
2026-03-30 18:55:04  INFO      TradingGraph: Fusion: L=-0.159(csns=1.00), M=-0.892(csns=1.00), S=-0.088(csns=0.75), align_str=0.232
2026-03-30 18:55:08  INFO      TradingRunner: Analysing EURUSD …
2026-03-30 18:55:08  INFO      NewsCalendar: [NEWS] Loaded 11 high-impact events (source: ForexFactory)
2026-03-30 18:55:08  INFO      TradingGraph: Running agents for EURUSD
2026-03-30 18:55:08  INFO      TradingGraph: Completed 15 agents
2026-03-30 18:55:08  INFO      TradingGraph: Fusing timeframe signals
2026-03-30 18:55:08  INFO      TradingGraph: Fusion: L=-0.544(csns=1.00), M=-0.643(csns=1.00), S=-0.194(csns=0.67), align_str=0.408
2026-03-30 18:55:08  INFO      TradingGraph: Aligned [full-alignment] (bearish) — proceeding [L=-0.544 M=-0.643 S=-0.194 breadth=0.008]
2026-03-30 18:55:08  INFO      TradingGraph: Generating trading recipe
2026-03-30 18:55:08  INFO      TradingGraph: Generated recipe: BALANCED_SHORT_FULL_ALIGNMENT_EURUSD
2026-03-30 18:55:08  INFO      TradingGraph: Correlation guard: 2/2 long_usd positions already open — refusing EURUSD SELL
2026-03-30 18:55:08  INFO      TradingRunner: Analysing GBPUSD …
2026-03-30 18:55:08  INFO      TradingGraph: Running agents for GBPUSD
2026-03-30 18:55:08  INFO      TradingGraph: Completed 15 agents
2026-03-30 18:55:08  INFO      TradingGraph: Fusing timeframe signals
2026-03-30 18:55:08  INFO      TradingGraph: Fusion: L=-0.576(csns=1.00), M=-0.641(csns=1.00), S=-0.036(csns=0.25), align_str=0.237
2026-03-30 18:55:08  INFO      TradingGraph: Aligned [pullback-entry] (bearish) — proceeding [L=-0.576 M=-0.641 S=-0.036 breadth=0.008]
2026-03-30 18:55:08  INFO      TradingGraph: Generating trading recipe
2026-03-30 18:55:08  INFO      TradingGraph: Generated recipe: BALANCED_SHORT_PULLBACK_ENTRY_GBPUSD
2026-03-30 18:55:08  INFO      TradingGraph: Correlation guard: 2/2 long_usd positions already open — refusing GBPUSD SELL
2026-03-30 18:55:08  INFO      TradingRunner: Analysing USDJPY …
2026-03-30 18:55:08  INFO      TradingGraph: Running agents for USDJPY
2026-03-30 18:55:08  INFO      TradingGraph: Completed 15 agents
2026-03-30 18:55:08  INFO      TradingGraph: Fusing timeframe signals
2026-03-30 18:55:08  INFO      TradingGraph: Fusion: L=0.365(csns=0.67), M=-0.175(csns=1.00), S=-0.009(csns=0.67), align_str=0.000
2026-03-30 18:55:08  INFO      TradingGraph: Timeframes not aligned — stopping (L=0.365 M=-0.175 S=-0.009)
2026-03-30 18:55:08  INFO      TradingRunner: Analysing AUDUSD …
2026-03-30 18:55:08  INFO      TradingGraph: Running agents for AUDUSD
2026-03-30 18:55:08  INFO      TradingGraph: Completed 15 agents
2026-03-30 18:55:08  INFO      TradingGraph: Fusing timeframe signals
2026-03-30 18:55:08  INFO      TradingGraph: Fusion: L=-0.065(csns=1.00), M=-0.103(csns=0.75), S=0.028(csns=0.80), align_str=0.000
2026-03-30 18:55:08  INFO      TradingGraph: Timeframes not aligned — stopping (L=-0.065 M=-0.103 S=0.028)
2026-03-30 18:55:08  INFO      TradingRunner: Analysing NZDUSD …
2026-03-30 18:55:08  INFO      TradingGraph: Running agents for NZDUSD
2026-03-30 18:55:08  INFO      TradingGraph: Completed 15 agents
2026-03-30 18:55:08  INFO      TradingGraph: Fusing timeframe signals
2026-03-30 18:55:08  INFO      TradingGraph: Fusion: L=-0.617(csns=1.00), M=-0.333(csns=0.75), S=-0.058(csns=0.33), align_str=0.228
2026-03-30 18:55:08  INFO      TradingGraph: Aligned [pullback-entry] (bearish) — proceeding [L=-0.617 M=-0.333 S=-0.058 breadth=0.008]
2026-03-30 18:55:08  INFO      TradingGraph: Generating trading recipe
2026-03-30 18:55:08  INFO      TradingGraph: Generated recipe: BALANCED_SHORT_PULLBACK_ENTRY_NZDUSD
2026-03-30 18:55:08  INFO      TradingGraph: Correlation guard: 2/2 long_usd positions already open — refusing NZDUSD SELL
2026-03-30 18:55:08  INFO      TradingRunner: Analysing US30 …
2026-03-30 18:55:08  INFO      TradingGraph: Running agents for US30
2026-03-30 18:55:08  INFO      TradingGraph: Completed 15 agents
2026-03-30 18:55:08  INFO      TradingGraph: Fusing timeframe signals
2026-03-30 18:55:08  INFO      TradingGraph: Fusion: L=-0.266(csns=0.67), M=-0.142(csns=1.00), S=-0.165(csns=0.83), align_str=0.184
2026-03-30 18:55:08  INFO      TradingGraph: Aligned [full-alignment] (bearish) — proceeding [L=-0.266 M=-0.142 S=-0.165 breadth=0.008]
2026-03-30 18:55:08  INFO      TradingGraph: Generating trading recipe
2026-03-30 18:55:08  INFO      TradingGraph: Generated recipe: BALANCED_SHORT_FULL_ALIGNMENT_US30
2026-03-30 18:55:08  INFO      TradingGraph: Risk check passed
2026-03-30 18:55:08  INFO      TradingGraph: Creating trade plan
2026-03-30 18:55:08  INFO      TradingGraph: VIX risk scaling: vix_fear=0.54 → risk ×0.88 (0.12)
2026-03-30 18:55:09  INFO      TradingGraph: Structure SL/TP [US30] entry=45403.70000 sl=46644.74506 (3.49×ATR) tp=44395.40000 (R:R=0.81)
2026-03-30 18:55:09  INFO      TradingGraph: Created trade plan: entry=45403.7000, sl=46644.7500, tp=44162.6500
2026-03-30 18:55:09  INFO      TradingGraph: Executing trade for US30
2026-03-30 18:55:09  WARNING   MT5Executor: US30: trading disabled on this symbol (trade_mode=0 — may be outside market hours or broker restriction). Skipping.
2026-03-30 18:55:09  INFO      TradingGraph: Order not placed for US30 (executor returned None — see executor log for reason)
2026-03-30 18:55:09  INFO      TradingRunner: Analysing US500 …
2026-03-30 18:55:09  INFO      TradingGraph: Running agents for US500
2026-03-30 18:55:09  INFO      TradingGraph: Completed 15 agents
2026-03-30 18:55:09  INFO      TradingGraph: Fusing timeframe signals
2026-03-30 18:55:09  INFO      TradingGraph: Fusion: L=-0.435(csns=1.00), M=-0.226(csns=1.00), S=-0.286(csns=1.00), align_str=0.304
2026-03-30 18:55:09  INFO      TradingGraph: Aligned [full-alignment] (bearish) — proceeding [L=-0.435 M=-0.226 S=-0.286 breadth=0.008]
2026-03-30 18:55:09  INFO      TradingGraph: Generating trading recipe
2026-03-30 18:55:09  INFO      TradingGraph: Generated recipe: BALANCED_SHORT_FULL_ALIGNMENT_US500
2026-03-30 18:55:09  INFO      TradingGraph: Risk check passed
2026-03-30 18:55:09  INFO      TradingGraph: Creating trade plan
2026-03-30 18:55:09  INFO      TradingGraph: VIX risk scaling: vix_fear=0.54 → risk ×0.88 (0.12)
2026-03-30 18:55:09  INFO      TradingGraph: SL cap [US500]: 5.52×ATR → 5.0×ATR
2026-03-30 18:55:09  INFO      TradingGraph: Structure SL/TP [US500] entry=6373.90000 sl=6623.37172 (5.00×ATR) tp=6135.17722 (R:R=0.96)
2026-03-30 18:55:09  INFO      TradingGraph: Created trade plan: entry=6373.9000, sl=6623.3700, tp=6124.4300
2026-03-30 18:55:09  INFO      TradingGraph: Executing trade for US500
2026-03-30 18:55:09  WARNING   MT5Executor: US500: trading disabled on this symbol (trade_mode=0 — may be outside market hours or broker restriction). Skipping.
2026-03-30 18:55:09  INFO      TradingGraph: Order not placed for US500 (executor returned None — see executor log for reason)
2026-03-30 18:55:09  INFO      TradingRunner: Analysing USTEC …
2026-03-30 18:55:09  INFO      TradingGraph: Running agents for USTEC
2026-03-30 18:55:09  INFO      TradingGraph: Completed 15 agents
2026-03-30 18:55:09  INFO      TradingGraph: Fusing timeframe signals
2026-03-30 18:55:09  INFO      TradingGraph: Fusion: L=-0.440(csns=1.00), M=-0.276(csns=1.00), S=-0.311(csns=1.00), align_str=0.335
2026-03-30 18:55:09  INFO      TradingGraph: Aligned [full-alignment] (bearish) — proceeding [L=-0.440 M=-0.276 S=-0.311 breadth=0.008]
2026-03-30 18:55:09  INFO      TradingGraph: Generating trading recipe
2026-03-30 18:55:09  INFO      TradingGraph: Generated recipe: BALANCED_SHORT_FULL_ALIGNMENT_USTEC
2026-03-30 18:55:09  INFO      TradingGraph: Risk check passed
2026-03-30 18:55:09  INFO      TradingGraph: Creating trade plan
2026-03-30 18:55:09  INFO      TradingGraph: VIX risk scaling: vix_fear=0.51 → risk ×0.91 (0.13)
2026-03-30 18:55:09  INFO      TradingGraph: SL cap [USTEC]: 6.15×ATR → 5.0×ATR
2026-03-30 18:55:09  INFO      TradingGraph: Structure SL/TP [USTEC] entry=23099.00000 sl=24145.82004 (5.00×ATR) tp=22246.69158 (R:R=0.81)
2026-03-30 18:55:09  INFO      TradingGraph: Created trade plan: entry=23099.0000, sl=24145.8200, tp=22052.1800
2026-03-30 18:55:09  INFO      TradingGraph: Executing trade for USTEC
2026-03-30 18:55:09  WARNING   MT5Executor: USTEC: trading disabled on this symbol (trade_mode=0 — may be outside market hours or broker restriction). Skipping.
2026-03-30 18:55:09  INFO      TradingGraph: Order not placed for USTEC (executor returned None — see executor log for reason)
2026-03-30 18:55:09  INFO      TradingRunner: Analysing DAX …
2026-03-30 18:55:09  INFO      TradingGraph: Running agents for DAX
2026-03-30 18:55:09  INFO      TradingGraph: Completed 15 agents
2026-03-30 18:55:09  INFO      TradingGraph: Fusing timeframe signals
2026-03-30 18:55:09  INFO      TradingGraph: Fusion: L=-0.165(csns=1.00), M=-0.122(csns=1.00), S=0.048(csns=0.75), align_str=0.000
2026-03-30 18:55:09  INFO      TradingGraph: Aligned [pullback-entry] (bearish) — proceeding [L=-0.165 M=-0.122 S=0.048 breadth=0.008]
2026-03-30 18:55:09  INFO      TradingGraph: Generating trading recipe
2026-03-30 18:55:09  INFO      TradingGraph: Generated recipe: BALANCED_SHORT_PULLBACK_ENTRY_DAX
2026-03-30 18:55:09  INFO      TradingGraph: Win probability too low: 0.455 < 0.46
2026-03-30 18:55:09  INFO      TradingRunner: Analysing UK100 …
2026-03-30 18:55:09  INFO      TradingGraph: Running agents for UK100
2026-03-30 18:55:09  INFO      TradingGraph: Completed 15 agents
2026-03-30 18:55:09  INFO      TradingGraph: Fusing timeframe signals
2026-03-30 18:55:09  INFO      TradingGraph: Fusion: L=0.140(csns=0.67), M=0.534(csns=1.00), S=0.177(csns=0.60), align_str=0.237
2026-03-30 18:55:09  INFO      TradingGraph: Timeframes not aligned — stopping (L=0.140 M=0.534 S=0.177)
2026-03-30 18:55:09  INFO      TradingRunner: Analysing GBPJPY …
2026-03-30 18:55:09  INFO      TradingGraph: Running agents for GBPJPY
2026-03-30 18:55:10  INFO      TradingGraph: Completed 15 agents
2026-03-30 18:55:10  INFO      TradingGraph: Fusing timeframe signals
2026-03-30 18:55:10  INFO      TradingGraph: Fusion: L=0.038(csns=0.33), M=-0.904(csns=1.00), S=-0.044(csns=0.67), align_str=0.000
2026-03-30 18:55:10  INFO      TradingGraph: Timeframes not aligned — stopping (L=0.038 M=-0.904 S=-0.044)
2026-03-30 18:55:10  INFO      TradingRunner: Analysing AUDJPY …
2026-03-30 18:55:10  INFO      TradingGraph: Running agents for AUDJPY
2026-03-30 18:55:10  INFO      TradingGraph: Completed 15 agents
2026-03-30 18:55:10  INFO      TradingGraph: Fusing timeframe signals
2026-03-30 18:55:10  INFO      TradingGraph: Fusion: L=0.254(csns=0.33), M=-0.413(csns=1.00), S=-0.014(csns=0.25), align_str=0.000
2026-03-30 18:55:10  INFO      TradingGraph: Timeframes not aligned — stopping (L=0.254 M=-0.413 S=-0.014)
2026-03-30 18:55:10  INFO      TradingRunner: Analysing EURGBP …
2026-03-30 18:55:10  INFO      TradingGraph: Running agents for EURGBP
2026-03-30 18:55:10  INFO      TradingGraph: Completed 15 agents
2026-03-30 18:55:10  INFO      TradingGraph: Fusing timeframe signals
2026-03-30 18:55:10  INFO      TradingGraph: Fusion: L=0.016(csns=0.33), M=0.387(csns=1.00), S=0.029(csns=0.43), align_str=0.056
2026-03-30 18:55:10  INFO      TradingGraph: Timeframes not aligned — stopping (L=0.016 M=0.387 S=0.029)
2026-03-30 18:55:10  INFO      TradingRunner: Analysing EURCHF …
2026-03-30 18:55:10  INFO      TradingGraph: Running agents for EURCHF
2026-03-30 18:55:10  INFO      TradingGraph: Completed 15 agents
2026-03-30 18:55:10  INFO      TradingGraph: Fusing timeframe signals
2026-03-30 18:55:10  INFO      TradingGraph: Fusion: L=-0.200(csns=0.67), M=-0.206(csns=1.00), S=-0.211(csns=0.71), align_str=0.206
2026-03-30 18:55:10  INFO      TradingGraph: Aligned [full-alignment] (bearish) — proceeding [L=-0.200 M=-0.206 S=-0.211 breadth=0.008]
2026-03-30 18:55:10  INFO      TradingGraph: Generating trading recipe
2026-03-30 18:55:10  INFO      TradingGraph: Generated recipe: BALANCED_SHORT_FULL_ALIGNMENT_EURCHF
2026-03-30 18:55:10  INFO      TradingGraph: Pivot guard: support 0.38×ATR away — rejecting SHORT (buffer=0.5)
2026-03-30 18:55:10  INFO      TradingRunner: Analysing XAGUSD …
2026-03-30 18:55:10  INFO      TradingGraph: Running agents for XAGUSD
2026-03-30 18:55:10  INFO      TradingGraph: Completed 15 agents
2026-03-30 18:55:10  INFO      TradingGraph: Fusing timeframe signals
2026-03-30 18:55:10  INFO      TradingGraph: Fusion: L=-0.183(csns=0.50), M=0.204(csns=1.00), S=0.012(csns=0.50), align_str=0.000
2026-03-30 18:55:10  INFO      TradingGraph: Timeframes not aligned — stopping (L=-0.183 M=0.204 S=0.012)
2026-03-30 18:55:10  INFO      TradingRunner: PnL — unrealized: +0.20  realized today: +0.00  total: +0.20
2026-03-30 18:55:10  INFO      TradingRunner: Signal cycle done in 7.4s — sleeping 293s
2026-03-30 18:56:01  INFO      TradingGraph: Running agents for USDCHF
2026-03-30 18:56:01  INFO      TradingGraph: Completed 15 agents
2026-03-30 18:56:01  INFO      TradingGraph: Fusing timeframe signals
2026-03-30 18:56:01  INFO      TradingGraph: Fusion: L=0.572(csns=1.00), M=0.346(csns=0.67), S=0.034(csns=0.50), align_str=0.188
2026-03-30 18:56:01  INFO      TradingGraph: Running agents for USDCAD
2026-03-30 18:56:02  INFO      TradingGraph: Completed 15 agents
2026-03-30 18:56:02  INFO      TradingGraph: Fusing timeframe signals
2026-03-30 18:56:02  INFO      TradingGraph: Fusion: L=0.598(csns=1.00), M=0.388(csns=0.75), S=0.022(csns=0.33), align_str=0.171
2026-03-30 18:56:02  INFO      TradingGraph: Running agents for CHFJPY
2026-03-30 18:56:02  INFO      TradingGraph: Completed 15 agents
2026-03-30 18:56:02  INFO      TradingGraph: Fusing timeframe signals
2026-03-30 18:56:02  INFO      TradingGraph: Fusion: L=0.268(csns=0.67), M=-0.684(csns=1.00), S=-0.059(csns=0.60), align_str=0.000
2026-03-30 18:56:02  INFO      TradingGraph: Running agents for EURJPY
2026-03-30 18:56:02  INFO      TradingGraph: Completed 15 agents
2026-03-30 18:56:02  INFO      TradingGraph: Fusing timeframe signals
2026-03-30 18:56:02  INFO      TradingGraph: Fusion: L=-0.159(csns=1.00), M=-0.891(csns=1.00), S=-0.088(csns=0.75), align_str=0.232
2026-03-30 18:56:33  INFO      TradingRunner: [WATCHDOG] alive | equity=139.18 | cycle=1 | profile=balanced
2026-03-30 18:57:01  INFO      TradingGraph: Running agents for USDCHF
2026-03-30 18:57:01  INFO      TradingGraph: Completed 15 agents
2026-03-30 18:57:01  INFO      TradingGraph: Fusing timeframe signals
2026-03-30 18:57:01  INFO      TradingGraph: Fusion: L=0.572(csns=1.00), M=0.344(csns=0.67), S=0.033(csns=0.40), align_str=0.187
2026-03-30 18:57:02  INFO      TradingGraph: Running agents for USDCAD
2026-03-30 18:57:02  INFO      TradingGraph: Completed 15 agents
2026-03-30 18:57:02  INFO      TradingGraph: Fusing timeframe signals
2026-03-30 18:57:02  INFO      TradingGraph: Fusion: L=0.597(csns=1.00), M=0.379(csns=0.75), S=0.020(csns=0.20), align_str=0.167
2026-03-30 18:57:02  INFO      TradingGraph: Running agents for CHFJPY
2026-03-30 18:57:02  INFO      TradingGraph: Completed 15 agents
2026-03-30 18:57:02  INFO      TradingGraph: Fusing timeframe signals
2026-03-30 18:57:02  INFO      TradingGraph: Fusion: L=0.268(csns=0.67), M=-0.686(csns=1.00), S=-0.074(csns=0.60), align_str=0.000
2026-03-30 18:57:02  INFO      TradingGraph: Running agents for EURJPY
2026-03-30 18:57:02  INFO      TradingGraph: Completed 15 agents
2026-03-30 18:57:02  INFO      TradingGraph: Fusing timeframe signals
2026-03-30 18:57:02  INFO      TradingGraph: Fusion: L=-0.159(csns=1.00), M=-0.889(csns=1.00), S=-0.089(csns=0.75), align_str=0.232
2026-03-30 18:58:01  INFO      TradingGraph: Running agents for USDCHF
2026-03-30 18:58:02  INFO      TradingGraph: Completed 15 agents
2026-03-30 18:58:02  INFO      TradingGraph: Fusing timeframe signals
2026-03-30 18:58:02  INFO      TradingGraph: Fusion: L=0.572(csns=1.00), M=0.347(csns=0.67), S=0.034(csns=0.50), align_str=0.189
2026-03-30 18:58:02  INFO      TradingGraph: Running agents for USDCAD
2026-03-30 18:58:02  INFO      TradingGraph: Completed 15 agents
2026-03-30 18:58:02  INFO      TradingGraph: Fusing timeframe signals
2026-03-30 18:58:02  INFO      TradingGraph: Fusion: L=0.597(csns=1.00), M=0.376(csns=0.75), S=0.025(csns=0.17), align_str=0.179
2026-03-30 18:58:02  INFO      TradingGraph: Running agents for CHFJPY
2026-03-30 18:58:02  INFO      TradingGraph: Completed 15 agents
2026-03-30 18:58:02  INFO      TradingGraph: Fusing timeframe signals
2026-03-30 18:58:02  INFO      TradingGraph: Fusion: L=0.268(csns=0.67), M=-0.690(csns=1.00), S=-0.076(csns=0.60), align_str=0.000
2026-03-30 18:58:03  INFO      TradingGraph: Running agents for EURJPY
2026-03-30 18:58:03  INFO      TradingGraph: Completed 15 agents
2026-03-30 18:58:03  INFO      TradingGraph: Fusing timeframe signals
2026-03-30 18:58:03  INFO      TradingGraph: Fusion: L=-0.158(csns=1.00), M=-0.888(csns=1.00), S=-0.089(csns=0.75), align_str=0.232
2026-03-30 18:59:01  INFO      TradingGraph: Running agents for USDCHF
2026-03-30 18:59:01  INFO      TradingGraph: Completed 15 agents
2026-03-30 18:59:01  INFO      TradingGraph: Fusing timeframe signals
2026-03-30 18:59:01  INFO      TradingGraph: Fusion: L=0.572(csns=1.00), M=0.347(csns=0.67), S=0.034(csns=0.50), align_str=0.189
2026-03-30 18:59:02  INFO      TradingGraph: Running agents for USDCAD
2026-03-30 18:59:02  INFO      TradingGraph: Completed 15 agents
2026-03-30 18:59:02  INFO      TradingGraph: Fusing timeframe signals
2026-03-30 18:59:02  INFO      TradingGraph: Fusion: L=0.597(csns=1.00), M=0.379(csns=0.75), S=0.021(csns=0.20), align_str=0.167
2026-03-30 18:59:02  INFO      TradingGraph: Running agents for CHFJPY
2026-03-30 18:59:02  INFO      TradingGraph: Completed 15 agents
2026-03-30 18:59:02  INFO      TradingGraph: Fusing timeframe signals
2026-03-30 18:59:02  INFO      TradingGraph: Fusion: L=0.268(csns=0.67), M=-0.683(csns=1.00), S=-0.059(csns=0.60), align_str=0.000
2026-03-30 18:59:02  INFO      TradingGraph: Running agents for EURJPY
2026-03-30 18:59:03  INFO      TradingGraph: Completed 15 agents
2026-03-30 18:59:03  INFO      TradingGraph: Fusing timeframe signals
2026-03-30 18:59:03  INFO      TradingGraph: Fusion: L=-0.158(csns=1.00), M=-0.885(csns=1.00), S=-0.078(csns=0.60), align_str=0.222
2026-03-30 18:59:33  WARNING   TradingRunner: [WATCHDOG] MT5 connection lost — attempting reconnect
2026-03-30 18:59:33  INFO      TradingRunner: [WATCHDOG] Reconnect attempt 1/5 (waiting 10s)
2026-03-30 18:59:43  INFO      MT5Executor: MT5 connection closed
2026-03-30 18:59:43  INFO      MT5Executor: Using mt5linux backend → localhost:18812
2026-03-30 18:59:43  INFO      MT5Executor: Connected to MT5: 5048478471 on MetaQuotes-Demo | balance=138.82 | trade_allowed=True
2026-03-30 18:59:43  INFO      TradingRunner: [WATCHDOG] MT5 reconnected successfully
2026-03-30 19:00:01  INFO      TrailingStopManager: Structural update SELL CHFJPY #56000626198: SL 201.15100->201.14697  TP 197.42300->197.42300  (live=199.26800 atr=0.21854)
2026-03-30 19:00:01  INFO      MT5Executor: SL/TP modified for position 56000626198: SL=201.14697  TP=197.42300
2026-03-30 19:00:01  INFO      TrailingStopManager: Structural update SELL EURJPY #56000705659: SL 184.13400->184.13197  TP 180.79700->180.79700  (live=182.73000 atr=0.19188)
2026-03-30 19:00:01  INFO      MT5Executor: SL/TP modified for position 56000705659: SL=184.13197  TP=180.79700
2026-03-30 19:00:02  INFO      TradingGraph: Running agents for USDCHF
2026-03-30 19:00:02  INFO      TradingGraph: Completed 15 agents
2026-03-30 19:00:02  INFO      TradingGraph: Fusing timeframe signals
2026-03-30 19:00:02  INFO      TradingGraph: Fusion: L=0.573(csns=1.00), M=0.342(csns=0.67), S=0.035(csns=0.40), align_str=0.189
2026-03-30 19:00:03  INFO      TradingGraph: Running agents for USDCAD
2026-03-30 19:00:03  INFO      TradingGraph: Completed 15 agents
2026-03-30 19:00:03  INFO      TradingGraph: Fusing timeframe signals
2026-03-30 19:00:03  INFO      TradingGraph: Fusion: L=0.589(csns=1.00), M=0.298(csns=0.75), S=0.028(csns=0.17), align_str=0.170
2026-03-30 19:00:03  INFO      TradingGraph: Running agents for CHFJPY
2026-03-30 19:00:03  INFO      TradingGraph: Completed 15 agents
2026-03-30 19:00:03  INFO      TradingGraph: Fusing timeframe signals
2026-03-30 19:00:03  INFO      TradingGraph: Fusion: L=0.265(csns=0.67), M=-0.578(csns=1.00), S=-0.125(csns=0.75), align_str=0.000
2026-03-30 19:00:03  INFO      TradingGraph: Running agents for EURJPY
2026-03-30 19:00:04  INFO      TradingGraph: Completed 15 agents
2026-03-30 19:00:04  INFO      TradingGraph: Fusing timeframe signals
2026-03-30 19:00:04  INFO      TradingGraph: Fusion: L=-0.158(csns=1.00), M=-0.761(csns=1.00), S=-0.071(csns=0.60), align_str=0.204
2026-03-30 19:00:07  INFO      TradingRunner: Analysing EURUSD …
2026-03-30 19:00:07  INFO      TradingGraph: Running agents for EURUSD
2026-03-30 19:00:07  INFO      TradingGraph: Completed 15 agents
2026-03-30 19:00:07  INFO      TradingGraph: Fusing timeframe signals
2026-03-30 19:00:07  INFO      TradingGraph: Fusion: L=-0.552(csns=1.00), M=-0.586(csns=1.00), S=-0.213(csns=0.67), align_str=0.410
2026-03-30 19:00:07  INFO      TradingGraph: Aligned [full-alignment] (bearish) — proceeding [L=-0.552 M=-0.586 S=-0.213 breadth=0.008]
2026-03-30 19:00:07  INFO      TradingGraph: Generating trading recipe
2026-03-30 19:00:07  INFO      TradingGraph: Generated recipe: BALANCED_SHORT_FULL_ALIGNMENT_EURUSD
2026-03-30 19:00:07  INFO      TradingGraph: Correlation guard: 2/2 long_usd positions already open — refusing EURUSD SELL
2026-03-30 19:00:07  INFO      TradingRunner: Analysing GBPUSD …
2026-03-30 19:00:07  INFO      TradingGraph: Running agents for GBPUSD
2026-03-30 19:00:07  INFO      TradingGraph: Completed 15 agents
2026-03-30 19:00:07  INFO      TradingGraph: Fusing timeframe signals
2026-03-30 19:00:07  INFO      TradingGraph: Fusion: L=-0.576(csns=1.00), M=-0.574(csns=1.00), S=-0.031(csns=0.20), align_str=0.217
2026-03-30 19:00:07  INFO      TradingGraph: Aligned [pullback-entry] (bearish) — proceeding [L=-0.576 M=-0.574 S=-0.031 breadth=0.008]
2026-03-30 19:00:07  INFO      TradingGraph: Generating trading recipe
2026-03-30 19:00:07  INFO      TradingGraph: Generated recipe: BALANCED_SHORT_PULLBACK_ENTRY_GBPUSD
2026-03-30 19:00:07  INFO      TradingGraph: Correlation guard: 2/2 long_usd positions already open — refusing GBPUSD SELL
2026-03-30 19:00:07  INFO      TradingRunner: Analysing USDJPY …
2026-03-30 19:00:07  INFO      TradingGraph: Running agents for USDJPY
2026-03-30 19:00:07  INFO      TradingGraph: Completed 15 agents
2026-03-30 19:00:07  INFO      TradingGraph: Fusing timeframe signals
2026-03-30 19:00:07  INFO      TradingGraph: Fusion: L=0.363(csns=0.67), M=-0.195(csns=1.00), S=0.006(csns=0.50), align_str=0.000
2026-03-30 19:00:07  INFO      TradingGraph: Timeframes not aligned — stopping (L=0.363 M=-0.195 S=0.006)
2026-03-30 19:00:07  INFO      TradingRunner: Analysing AUDUSD …
2026-03-30 19:00:07  INFO      TradingGraph: Running agents for AUDUSD
2026-03-30 19:00:08  INFO      TradingGraph: Completed 15 agents
2026-03-30 19:00:08  INFO      TradingGraph: Fusing timeframe signals
2026-03-30 19:00:08  INFO      TradingGraph: Fusion: L=-0.065(csns=1.00), M=-0.078(csns=0.67), S=0.045(csns=0.80), align_str=0.000
2026-03-30 19:00:08  INFO      TradingGraph: Timeframes not aligned — stopping (L=-0.065 M=-0.078 S=0.045)
2026-03-30 19:00:08  INFO      TradingRunner: Analysing NZDUSD …
2026-03-30 19:00:08  INFO      TradingGraph: Running agents for NZDUSD
2026-03-30 19:00:08  INFO      TradingGraph: Completed 15 agents
2026-03-30 19:00:08  INFO      TradingGraph: Fusing timeframe signals
2026-03-30 19:00:08  INFO      TradingGraph: Fusion: L=-0.612(csns=1.00), M=-0.272(csns=0.75), S=-0.038(csns=0.33), align_str=0.185
2026-03-30 19:00:08  INFO      TradingGraph: Aligned [pullback-entry] (bearish) — proceeding [L=-0.612 M=-0.272 S=-0.038 breadth=0.008]
2026-03-30 19:00:08  INFO      TradingGraph: Generating trading recipe
2026-03-30 19:00:08  INFO      TradingGraph: Generated recipe: BALANCED_SHORT_PULLBACK_ENTRY_NZDUSD
2026-03-30 19:00:08  INFO      TradingGraph: Correlation guard: 2/2 long_usd positions already open — refusing NZDUSD SELL
2026-03-30 19:00:08  INFO      TradingRunner: Analysing US30 …
2026-03-30 19:00:08  INFO      TradingGraph: Running agents for US30
2026-03-30 19:00:08  INFO      TradingGraph: Completed 15 agents
2026-03-30 19:00:08  INFO      TradingGraph: Fusing timeframe signals
2026-03-30 19:00:08  INFO      TradingGraph: Fusion: L=-0.266(csns=0.67), M=-0.087(csns=1.00), S=0.002(csns=0.60), align_str=0.000
2026-03-30 19:00:08  INFO      TradingGraph: Aligned [pullback-entry] (bearish) — proceeding [L=-0.266 M=-0.087 S=0.002 breadth=0.008]
2026-03-30 19:00:08  INFO      TradingGraph: Generating trading recipe
2026-03-30 19:00:08  INFO      TradingGraph: Generated recipe: BALANCED_SHORT_PULLBACK_ENTRY_US30
2026-03-30 19:00:08  INFO      TradingGraph: Win probability too low: 0.452 < 0.46
2026-03-30 19:00:08  INFO      TradingRunner: Analysing US500 …
2026-03-30 19:00:08  INFO      TradingGraph: Running agents for US500
2026-03-30 19:00:08  INFO      TradingGraph: Completed 15 agents
2026-03-30 19:00:08  INFO      TradingGraph: Fusing timeframe signals
2026-03-30 19:00:08  INFO      TradingGraph: Fusion: L=-0.426(csns=1.00), M=-0.191(csns=1.00), S=-0.124(csns=0.80), align_str=0.216
2026-03-30 19:00:08  INFO      TradingGraph: Aligned [full-alignment] (bearish) — proceeding [L=-0.426 M=-0.191 S=-0.124 breadth=0.008]
2026-03-30 19:00:08  INFO      TradingGraph: Generating trading recipe
2026-03-30 19:00:08  INFO      TradingGraph: Generated recipe: BALANCED_SHORT_FULL_ALIGNMENT_US500
2026-03-30 19:00:08  INFO      TradingGraph: Risk check passed
2026-03-30 19:00:08  INFO      TradingGraph: Creating trade plan
2026-03-30 19:00:08  INFO      TradingGraph: VIX risk scaling: vix_fear=0.55 → risk ×0.88 (0.12)
2026-03-30 19:00:08  INFO      TradingGraph: SL cap [US500]: 5.83×ATR → 5.0×ATR
2026-03-30 19:00:08  INFO      TradingGraph: Structure SL/TP [US500] entry=6377.90000 sl=6610.05231 (5.00×ATR) tp=6148.32695 (R:R=0.99)
2026-03-30 19:00:08  INFO      TradingGraph: Created trade plan: entry=6377.9000, sl=6610.0500, tp=6145.7500
2026-03-30 19:00:08  INFO      TradingGraph: Executing trade for US500
2026-03-30 19:00:08  WARNING   MT5Executor: US500: trading disabled on this symbol (trade_mode=0 — may be outside market hours or broker restriction). Skipping.
2026-03-30 19:00:08  INFO      TradingGraph: Order not placed for US500 (executor returned None — see executor log for reason)
2026-03-30 19:00:08  INFO      TradingRunner: Analysing USTEC …
2026-03-30 19:00:08  INFO      TradingGraph: Running agents for USTEC
2026-03-30 19:00:08  INFO      TradingGraph: Completed 15 agents
2026-03-30 19:00:08  INFO      TradingGraph: Fusing timeframe signals
2026-03-30 19:00:08  INFO      TradingGraph: Fusion: L=-0.433(csns=1.00), M=-0.230(csns=1.00), S=-0.113(csns=0.67), align_str=0.224
2026-03-30 19:00:08  INFO      TradingGraph: Aligned [full-alignment] (bearish) — proceeding [L=-0.433 M=-0.230 S=-0.113 breadth=0.008]
2026-03-30 19:00:08  INFO      TradingGraph: Generating trading recipe
2026-03-30 19:00:08  INFO      TradingGraph: Generated recipe: BALANCED_SHORT_FULL_ALIGNMENT_USTEC
2026-03-30 19:00:08  INFO      TradingGraph: Risk check passed
2026-03-30 19:00:08  INFO      TradingGraph: Creating trade plan
2026-03-30 19:00:08  INFO      TradingGraph: VIX risk scaling: vix_fear=0.51 → risk ×0.91 (0.13)
2026-03-30 19:00:08  INFO      TradingGraph: SL cap [USTEC]: 6.52×ATR → 5.0×ATR
2026-03-30 19:00:08  INFO      TradingGraph: Structure SL/TP [USTEC] entry=23112.80000 sl=24087.02575 (5.00×ATR) tp=22298.14193 (R:R=0.84)
2026-03-30 19:00:08  INFO      TradingGraph: Created trade plan: entry=23112.8000, sl=24087.0300, tp=22138.5700
2026-03-30 19:00:08  INFO      TradingGraph: Executing trade for USTEC
2026-03-30 19:00:08  WARNING   MT5Executor: USTEC: trading disabled on this symbol (trade_mode=0 — may be outside market hours or broker restriction). Skipping.
2026-03-30 19:00:08  INFO      TradingGraph: Order not placed for USTEC (executor returned None — see executor log for reason)
2026-03-30 19:00:08  INFO      TradingRunner: Analysing DAX …
2026-03-30 19:00:08  INFO      TradingGraph: Running agents for DAX
2026-03-30 19:00:08  INFO      TradingGraph: Completed 15 agents
2026-03-30 19:00:08  INFO      TradingGraph: Fusing timeframe signals
2026-03-30 19:00:08  INFO      TradingGraph: Fusion: L=-0.165(csns=1.00), M=-0.122(csns=1.00), S=0.045(csns=0.67), align_str=0.000
2026-03-30 19:00:08  INFO      TradingGraph: Aligned [pullback-entry] (bearish) — proceeding [L=-0.165 M=-0.122 S=0.045 breadth=0.008]
2026-03-30 19:00:08  INFO      TradingGraph: Generating trading recipe
2026-03-30 19:00:08  INFO      TradingGraph: Generated recipe: BALANCED_SHORT_PULLBACK_ENTRY_DAX
2026-03-30 19:00:08  INFO      TradingGraph: Win probability too low: 0.455 < 0.46
2026-03-30 19:00:08  INFO      TradingRunner: Analysing UK100 …
2026-03-30 19:00:08  INFO      TradingGraph: Running agents for UK100
2026-03-30 19:00:08  INFO      TradingGraph: Completed 15 agents
2026-03-30 19:00:08  INFO      TradingGraph: Fusing timeframe signals
2026-03-30 19:00:08  INFO      TradingGraph: Fusion: L=0.140(csns=0.67), M=0.447(csns=1.00), S=0.155(csns=0.50), align_str=0.213
2026-03-30 19:00:08  INFO      TradingGraph: Timeframes not aligned — stopping (L=0.140 M=0.447 S=0.155)
2026-03-30 19:00:08  INFO      TradingRunner: Analysing GBPJPY …
2026-03-30 19:00:08  INFO      TradingGraph: Running agents for GBPJPY
2026-03-30 19:00:08  INFO      TradingGraph: Completed 15 agents
2026-03-30 19:00:08  INFO      TradingGraph: Fusing timeframe signals
2026-03-30 19:00:08  INFO      TradingGraph: Fusion: L=0.040(csns=0.33), M=-0.785(csns=1.00), S=-0.009(csns=0.50), align_str=0.000
2026-03-30 19:00:08  INFO      TradingGraph: Timeframes not aligned — stopping (L=0.040 M=-0.785 S=-0.009)
2026-03-30 19:00:08  INFO      TradingRunner: Analysing AUDJPY …
2026-03-30 19:00:08  INFO      TradingGraph: Running agents for AUDJPY
2026-03-30 19:00:08  INFO      TradingGraph: Completed 15 agents
2026-03-30 19:00:08  INFO      TradingGraph: Fusing timeframe signals
2026-03-30 19:00:08  INFO      TradingGraph: Fusion: L=0.255(csns=0.33), M=-0.392(csns=1.00), S=-0.020(csns=0.20), align_str=0.000
2026-03-30 19:00:08  INFO      TradingGraph: Timeframes not aligned — stopping (L=0.255 M=-0.392 S=-0.020)
2026-03-30 19:00:08  INFO      TradingRunner: Analysing EURGBP …
2026-03-30 19:00:08  INFO      TradingGraph: Running agents for EURGBP
2026-03-30 19:00:08  INFO      TradingGraph: Completed 15 agents
2026-03-30 19:00:08  INFO      TradingGraph: Fusing timeframe signals
2026-03-30 19:00:08  INFO      TradingGraph: Fusion: L=0.019(csns=0.33), M=0.375(csns=1.00), S=0.029(csns=0.43), align_str=0.059
2026-03-30 19:00:08  INFO      TradingGraph: Timeframes not aligned — stopping (L=0.019 M=0.375 S=0.029)
2026-03-30 19:00:08  INFO      TradingRunner: Analysing EURCHF …
2026-03-30 19:00:08  INFO      TradingGraph: Running agents for EURCHF
2026-03-30 19:00:08  INFO      TradingGraph: Completed 15 agents
2026-03-30 19:00:08  INFO      TradingGraph: Fusing timeframe signals
2026-03-30 19:00:08  INFO      TradingGraph: Fusion: L=-0.200(csns=0.67), M=-0.172(csns=0.67), S=-0.161(csns=0.57), align_str=0.177
2026-03-30 19:00:08  INFO      TradingGraph: Aligned [full-alignment] (bearish) — proceeding [L=-0.200 M=-0.172 S=-0.161 breadth=0.008]
2026-03-30 19:00:08  INFO      TradingGraph: Generating trading recipe
2026-03-30 19:00:08  INFO      TradingGraph: Generated recipe: BALANCED_SHORT_FULL_ALIGNMENT_EURCHF
2026-03-30 19:00:08  INFO      TradingGraph: Risk check passed
2026-03-30 19:00:08  INFO      TradingGraph: Creating trade plan
2026-03-30 19:00:08  INFO      TradingGraph: Structure SL/TP [EURCHF] entry=0.91694 sl=0.92292 (3.36×ATR) tp=0.91185 (R:R=0.85)
2026-03-30 19:00:08  INFO      TradingGraph: Created trade plan: entry=0.9169, sl=0.9229, tp=0.9110
2026-03-30 19:00:08  INFO      TradingGraph: Executing trade for EURCHF
2026-03-30 19:00:08  INFO      MT5Executor: EURCHF: lots=0.01 (risk=$6.52)
2026-03-30 19:00:08  INFO      MT5Executor: Market order filled: ticket=56001385185 vol=0.01
2026-03-30 19:00:08  INFO      TradingGraph: Order placed: ticket=56001385185
2026-03-30 19:00:08  INFO      OrderManager: Created order order_1_20260330_190008 for EURCHF
2026-03-30 19:00:08  INFO      TradeJournal: TRADE  EURCHF           Direction.SHORT  qty=0.01  entry=0.91694  sl=0.92292  tp=0.91096  ticket=56001385185
2026-03-30 19:00:08  INFO      TradingRunner: EURCHF: trade placed — daily count 5/6, next entry in 60min
2026-03-30 19:00:09  INFO      TradingRunner: Analysing XAGUSD …
2026-03-30 19:00:09  INFO      TradingGraph: Running agents for XAGUSD
2026-03-30 19:00:09  INFO      TradingGraph: Completed 15 agents
2026-03-30 19:00:09  INFO      TradingGraph: Fusing timeframe signals
2026-03-30 19:00:09  INFO      TradingGraph: Fusion: L=-0.183(csns=0.50), M=0.172(csns=1.00), S=-0.101(csns=0.67), align_str=0.000
2026-03-30 19:00:09  INFO      TradingGraph: Timeframes not aligned — stopping (L=-0.183 M=0.172 S=-0.101)
2026-03-30 19:00:09  INFO      TradingRunner: PnL — unrealized: -0.26  realized today: +0.00  total: -0.26
2026-03-30 19:00:09  INFO      TradingRunner: Signal cycle done in 6.1s — sleeping 294s
2026-03-30 19:01:01  INFO      TrailingStopManager: Structural update SELL EURCHF #56001385185: SL 0.92292->0.92268  TP 0.91096->0.91096  (live=0.91696 atr=0.00084)
2026-03-30 19:01:01  INFO      MT5Executor: SL/TP modified for position 56001385185: SL=0.92268  TP=0.91096
2026-03-30 19:01:02  INFO      TradingGraph: Running agents for USDCHF
2026-03-30 19:01:02  INFO      TradingGraph: Completed 15 agents
2026-03-30 19:01:02  INFO      TradingGraph: Fusing timeframe signals
2026-03-30 19:01:02  INFO      TradingGraph: Fusion: L=0.565(csns=1.00), M=0.284(csns=0.67), S=0.024(csns=0.40), align_str=0.157
2026-03-30 19:01:02  INFO      TradingGraph: Running agents for USDCAD
2026-03-30 19:01:02  INFO      TradingGraph: Completed 15 agents
2026-03-30 19:01:02  INFO      TradingGraph: Fusing timeframe signals
2026-03-30 19:01:02  INFO      TradingGraph: Fusion: L=0.590(csns=1.00), M=0.299(csns=0.75), S=0.025(csns=0.17), align_str=0.164
2026-03-30 19:01:02  INFO      TradingGraph: Running agents for CHFJPY
2026-03-30 19:01:03  INFO      TradingGraph: Completed 15 agents
2026-03-30 19:01:03  INFO      TradingGraph: Fusing timeframe signals
2026-03-30 19:01:03  INFO      TradingGraph: Fusion: L=0.269(csns=0.67), M=-0.601(csns=1.00), S=-0.147(csns=0.80), align_str=0.000
2026-03-30 19:01:03  INFO      TradingGraph: Running agents for EURJPY
2026-03-30 19:01:03  INFO      TradingGraph: Completed 15 agents
2026-03-30 19:01:03  INFO      TradingGraph: Fusing timeframe signals
2026-03-30 19:01:03  INFO      TradingGraph: Fusion: L=-0.159(csns=1.00), M=-0.776(csns=1.00), S=-0.072(csns=0.60), align_str=0.207
2026-03-30 19:01:03  INFO      TradingGraph: Running agents for EURCHF
2026-03-30 19:01:03  INFO      TradingGraph: Completed 15 agents
2026-03-30 19:01:03  INFO      TradingGraph: Fusing timeframe signals
2026-03-30 19:01:03  INFO      TradingGraph: Fusion: L=-0.201(csns=0.67), M=-0.179(csns=0.67), S=-0.160(csns=0.57), align_str=0.179
2026-03-30 19:02:02  INFO      TradingGraph: Running agents for USDCHF
2026-03-30 19:02:02  INFO      TradingGraph: Completed 15 agents
2026-03-30 19:02:02  INFO      TradingGraph: Fusing timeframe signals
2026-03-30 19:02:02  INFO      TradingGraph: Fusion: L=0.564(csns=1.00), M=0.272(csns=0.75), S=0.009(csns=0.33), align_str=0.112
2026-03-30 19:02:02  INFO      TradingGraph: Running agents for USDCAD
2026-03-30 19:02:02  INFO      TradingGraph: Completed 15 agents
2026-03-30 19:02:02  INFO      TradingGraph: Fusing timeframe signals
2026-03-30 19:02:02  INFO      TradingGraph: Fusion: L=0.588(csns=1.00), M=0.289(csns=0.75), S=0.048(csns=0.33), align_str=0.202
2026-03-30 19:02:02  INFO      TradingGraph: Running agents for CHFJPY
2026-03-30 19:02:03  INFO      TradingGraph: Completed 15 agents
2026-03-30 19:02:03  INFO      TradingGraph: Fusing timeframe signals
2026-03-30 19:02:03  INFO      TradingGraph: Fusion: L=0.268(csns=0.67), M=-0.592(csns=1.00), S=-0.129(csns=0.75), align_str=0.000
2026-03-30 19:02:03  INFO      TradingGraph: Running agents for EURJPY
2026-03-30 19:02:03  INFO      TradingGraph: Completed 15 agents
2026-03-30 19:02:03  INFO      TradingGraph: Fusing timeframe signals
2026-03-30 19:02:03  INFO      TradingGraph: Fusion: L=-0.159(csns=1.00), M=-0.762(csns=1.00), S=-0.072(csns=0.60), align_str=0.205
2026-03-30 19:02:03  INFO      TradingGraph: Running agents for EURCHF
2026-03-30 19:02:03  INFO      TradingGraph: Completed 15 agents
2026-03-30 19:02:03  INFO      TradingGraph: Fusing timeframe signals
2026-03-30 19:02:03  INFO      TradingGraph: Fusion: L=-0.200(csns=0.67), M=-0.173(csns=0.67), S=-0.159(csns=0.57), align_str=0.177
2026-03-30 19:03:02  INFO      TradingGraph: Running agents for USDCHF
2026-03-30 19:03:02  INFO      TradingGraph: Completed 15 agents
2026-03-30 19:03:02  INFO      TradingGraph: Fusing timeframe signals
2026-03-30 19:03:02  INFO      TradingGraph: Fusion: L=0.562(csns=1.00), M=0.257(csns=0.75), S=0.003(csns=0.33), align_str=0.076
2026-03-30 19:03:02  INFO      TradingGraph: Running agents for USDCAD
2026-03-30 19:03:02  INFO      TradingGraph: Completed 15 agents
2026-03-30 19:03:02  INFO      TradingGraph: Fusing timeframe signals
2026-03-30 19:03:02  INFO      TradingGraph: Fusion: L=0.590(csns=1.00), M=0.301(csns=0.75), S=0.025(csns=0.17), align_str=0.165
2026-03-30 19:03:03  INFO      TradingGraph: Running agents for CHFJPY
2026-03-30 19:03:03  INFO      TradingGraph: Completed 15 agents
2026-03-30 19:03:03  INFO      TradingGraph: Fusing timeframe signals
2026-03-30 19:03:03  INFO      TradingGraph: Fusion: L=0.265(csns=0.67), M=-0.558(csns=1.00), S=-0.053(csns=0.25), align_str=0.000
2026-03-30 19:03:03  INFO      TradingGraph: Running agents for EURJPY
2026-03-30 19:03:03  INFO      TradingGraph: Completed 15 agents
2026-03-30 19:03:03  INFO      TradingGraph: Fusing timeframe signals
2026-03-30 19:03:03  INFO      TradingGraph: Fusion: L=-0.158(csns=1.00), M=-0.749(csns=1.00), S=-0.068(csns=0.60), align_str=0.200
2026-03-30 19:03:03  INFO      TradingGraph: Running agents for EURCHF
2026-03-30 19:03:03  INFO      TradingGraph: Completed 15 agents
2026-03-30 19:03:03  INFO      TradingGraph: Fusing timeframe signals
2026-03-30 19:03:03  INFO      TradingGraph: Fusion: L=-0.206(csns=0.67), M=-0.217(csns=0.67), S=-0.178(csns=0.57), align_str=0.200
2026-03-30 19:04:02  INFO      TradingGraph: Running agents for USDCHF
2026-03-30 19:04:02  INFO      TradingGraph: Completed 15 agents
2026-03-30 19:04:02  INFO      TradingGraph: Fusing timeframe signals
2026-03-30 19:04:02  INFO      TradingGraph: Fusion: L=0.561(csns=1.00), M=0.242(csns=0.75), S=0.002(csns=0.33), align_str=0.066
2026-03-30 19:04:02  INFO      TradingGraph: Running agents for USDCAD
2026-03-30 19:04:02  INFO      TradingGraph: Completed 15 agents
2026-03-30 19:04:02  INFO      TradingGraph: Fusing timeframe signals
2026-03-30 19:04:02  INFO      TradingGraph: Fusion: L=0.590(csns=1.00), M=0.302(csns=0.75), S=0.025(csns=0.17), align_str=0.165
2026-03-30 19:04:02  INFO      TradingGraph: Running agents for CHFJPY
2026-03-30 19:04:02  INFO      TradingGraph: Completed 15 agents
2026-03-30 19:04:02  INFO      TradingGraph: Fusing timeframe signals
2026-03-30 19:04:02  INFO      TradingGraph: Fusion: L=0.265(csns=0.67), M=-0.558(csns=1.00), S=-0.050(csns=0.25), align_str=0.000
2026-03-30 19:04:03  INFO      TradingGraph: Running agents for EURJPY
2026-03-30 19:04:03  INFO      TradingGraph: Completed 15 agents
2026-03-30 19:04:03  INFO      TradingGraph: Fusing timeframe signals
2026-03-30 19:04:03  INFO      TradingGraph: Fusion: L=-0.158(csns=1.00), M=-0.754(csns=1.00), S=-0.068(csns=0.60), align_str=0.201
2026-03-30 19:04:03  INFO      TradingGraph: Running agents for EURCHF
2026-03-30 19:04:03  INFO      TradingGraph: Completed 15 agents
2026-03-30 19:04:03  INFO      TradingGraph: Fusing timeframe signals
2026-03-30 19:04:03  INFO      TradingGraph: Fusion: L=-0.206(csns=0.67), M=-0.219(csns=0.67), S=-0.180(csns=0.57), align_str=0.201
2026-03-30 19:05:02  INFO      TradingGraph: Running agents for USDCHF
2026-03-30 19:05:02  INFO      TradingGraph: Completed 15 agents
2026-03-30 19:05:02  INFO      TradingGraph: Fusing timeframe signals
2026-03-30 19:05:02  INFO      TradingGraph: Fusion: L=0.562(csns=1.00), M=0.265(csns=0.75), S=0.004(csns=0.33), align_str=0.082
2026-03-30 19:05:03  INFO      TradingGraph: Running agents for USDCAD
2026-03-30 19:05:03  INFO      TradingGraph: Completed 15 agents
2026-03-30 19:05:03  INFO      TradingGraph: Fusing timeframe signals
2026-03-30 19:05:03  INFO      TradingGraph: Fusion: L=0.589(csns=1.00), M=0.302(csns=0.75), S=0.025(csns=0.17), align_str=0.165
2026-03-30 19:05:03  INFO      TradingGraph: Running agents for CHFJPY
2026-03-30 19:05:03  INFO      TradingGraph: Completed 15 agents
2026-03-30 19:05:03  INFO      TradingGraph: Fusing timeframe signals
2026-03-30 19:05:03  INFO      TradingGraph: Fusion: L=0.265(csns=0.67), M=-0.546(csns=1.00), S=-0.042(csns=0.20), align_str=0.000
2026-03-30 19:05:03  INFO      TradingGraph: Running agents for EURJPY
2026-03-30 19:05:04  INFO      TradingGraph: Completed 15 agents
2026-03-30 19:05:04  INFO      TradingGraph: Fusing timeframe signals
2026-03-30 19:05:04  INFO      TradingGraph: Fusion: L=-0.157(csns=1.00), M=-0.741(csns=1.00), S=-0.051(csns=0.50), align_str=0.182
2026-03-30 19:05:04  INFO      TradingGraph: Running agents for EURCHF
2026-03-30 19:05:04  INFO      TradingGraph: Completed 15 agents
2026-03-30 19:05:04  INFO      TradingGraph: Fusing timeframe signals
2026-03-30 19:05:04  INFO      TradingGraph: Fusion: L=-0.205(csns=0.67), M=-0.210(csns=0.67), S=-0.177(csns=0.57), align_str=0.197
2026-03-30 19:05:08  INFO      TradingRunner: Analysing EURUSD …
2026-03-30 19:05:08  INFO      TradingGraph: Running agents for EURUSD
2026-03-30 19:05:08  INFO      TradingGraph: Completed 15 agents
2026-03-30 19:05:08  INFO      TradingGraph: Fusing timeframe signals
2026-03-30 19:05:08  INFO      TradingGraph: Fusion: L=-0.541(csns=1.00), M=-0.523(csns=1.00), S=-0.182(csns=0.67), align_str=0.372
2026-03-30 19:05:08  INFO      TradingGraph: Aligned [full-alignment] (bearish) — proceeding [L=-0.541 M=-0.523 S=-0.182 breadth=0.008]
2026-03-30 19:05:08  INFO      TradingGraph: Generating trading recipe
2026-03-30 19:05:08  INFO      TradingGraph: Generated recipe: BALANCED_SHORT_FULL_ALIGNMENT_EURUSD
2026-03-30 19:05:08  INFO      TradingGraph: Correlation guard: 2/2 long_usd positions already open — refusing EURUSD SELL
2026-03-30 19:05:08  INFO      TradingRunner: Analysing GBPUSD …
2026-03-30 19:05:08  INFO      TradingGraph: Running agents for GBPUSD
2026-03-30 19:05:09  INFO      TradingGraph: Completed 15 agents
2026-03-30 19:05:09  INFO      TradingGraph: Fusing timeframe signals
2026-03-30 19:05:09  INFO      TradingGraph: Fusion: L=-0.574(csns=1.00), M=-0.570(csns=1.00), S=-0.024(csns=0.20), align_str=0.197
2026-03-30 19:05:09  INFO      TradingGraph: Aligned [pullback-entry] (bearish) — proceeding [L=-0.574 M=-0.570 S=-0.024 breadth=0.008]
2026-03-30 19:05:09  INFO      TradingGraph: Generating trading recipe
2026-03-30 19:05:09  INFO      TradingGraph: Generated recipe: BALANCED_SHORT_PULLBACK_ENTRY_GBPUSD
2026-03-30 19:05:09  INFO      TradingGraph: Correlation guard: 2/2 long_usd positions already open — refusing GBPUSD SELL
2026-03-30 19:05:09  INFO      TradingRunner: Analysing USDJPY …
2026-03-30 19:05:09  INFO      TradingGraph: Running agents for USDJPY
2026-03-30 19:05:09  INFO      TradingGraph: Completed 15 agents
2026-03-30 19:05:09  INFO      TradingGraph: Fusing timeframe signals
2026-03-30 19:05:09  INFO      TradingGraph: Fusion: L=0.365(csns=0.67), M=-0.207(csns=1.00), S=0.014(csns=0.60), align_str=0.000
2026-03-30 19:05:09  INFO      TradingGraph: Timeframes not aligned — stopping (L=0.365 M=-0.207 S=0.014)
2026-03-30 19:05:09  INFO      TradingRunner: Analysing AUDUSD …
2026-03-30 19:05:09  INFO      TradingGraph: Running agents for AUDUSD
2026-03-30 19:05:09  INFO      TradingGraph: Completed 15 agents
2026-03-30 19:05:09  INFO      TradingGraph: Fusing timeframe signals
2026-03-30 19:05:09  INFO      TradingGraph: Fusion: L=-0.064(csns=1.00), M=-0.089(csns=0.67), S=0.044(csns=0.80), align_str=0.000
2026-03-30 19:05:09  INFO      TradingGraph: Timeframes not aligned — stopping (L=-0.064 M=-0.089 S=0.044)
2026-03-30 19:05:09  INFO      TradingRunner: Analysing NZDUSD …
2026-03-30 19:05:09  INFO      TradingGraph: Running agents for NZDUSD
2026-03-30 19:05:09  INFO      TradingGraph: Completed 15 agents
2026-03-30 19:05:09  INFO      TradingGraph: Fusing timeframe signals
2026-03-30 19:05:09  INFO      TradingGraph: Fusion: L=-0.616(csns=1.00), M=-0.301(csns=0.75), S=-0.040(csns=0.33), align_str=0.195
2026-03-30 19:05:09  INFO      TradingGraph: Aligned [pullback-entry] (bearish) — proceeding [L=-0.616 M=-0.301 S=-0.040 breadth=0.008]
2026-03-30 19:05:09  INFO      TradingGraph: Generating trading recipe
2026-03-30 19:05:09  INFO      TradingGraph: Generated recipe: BALANCED_SHORT_PULLBACK_ENTRY_NZDUSD
2026-03-30 19:05:09  INFO      TradingGraph: Correlation guard: 2/2 long_usd positions already open — refusing NZDUSD SELL
2026-03-30 19:05:09  INFO      TradingRunner: Analysing US30 …
2026-03-30 19:05:09  INFO      TradingGraph: Running agents for US30
2026-03-30 19:05:09  INFO      TradingGraph: Completed 15 agents
2026-03-30 19:05:09  INFO      TradingGraph: Fusing timeframe signals
2026-03-30 19:05:09  INFO      TradingGraph: Fusion: L=-0.263(csns=0.67), M=-0.135(csns=1.00), S=0.009(csns=0.40), align_str=0.000
2026-03-30 19:05:09  INFO      TradingGraph: Aligned [pullback-entry] (bearish) — proceeding [L=-0.263 M=-0.135 S=0.009 breadth=0.008]
2026-03-30 19:05:09  INFO      TradingGraph: Generating trading recipe
2026-03-30 19:05:09  INFO      TradingGraph: Generated recipe: BALANCED_SHORT_PULLBACK_ENTRY_US30
2026-03-30 19:05:09  INFO      TradingGraph: Risk check passed
2026-03-30 19:05:09  INFO      TradingGraph: Creating trade plan
2026-03-30 19:05:09  INFO      TradingGraph: VIX risk scaling: vix_fear=0.55 → risk ×0.88 (0.12)
2026-03-30 19:05:09  INFO      TradingGraph: Structure SL/TP [US30] entry=45395.70000 sl=46639.32041 (3.72×ATR) tp=44395.40000 (R:R=0.80)
2026-03-30 19:05:09  INFO      TradingGraph: Created trade plan: entry=45395.7000, sl=46639.3200, tp=44152.0800
2026-03-30 19:05:09  INFO      TradingGraph: Executing trade for US30
2026-03-30 19:05:09  WARNING   MT5Executor: US30: trading disabled on this symbol (trade_mode=0 — may be outside market hours or broker restriction). Skipping.
2026-03-30 19:05:09  INFO      TradingGraph: Order not placed for US30 (executor returned None — see executor log for reason)
2026-03-30 19:05:09  INFO      TradingRunner: Analysing US500 …
2026-03-30 19:05:09  INFO      TradingGraph: Running agents for US500
2026-03-30 19:05:09  INFO      TradingGraph: Completed 15 agents
2026-03-30 19:05:09  INFO      TradingGraph: Fusing timeframe signals
2026-03-30 19:05:09  INFO      TradingGraph: Fusion: L=-0.436(csns=1.00), M=-0.254(csns=1.00), S=-0.258(csns=1.00), align_str=0.306
2026-03-30 19:05:09  INFO      TradingGraph: Aligned [full-alignment] (bearish) — proceeding [L=-0.436 M=-0.254 S=-0.258 breadth=0.008]
2026-03-30 19:05:09  INFO      TradingGraph: Generating trading recipe
2026-03-30 19:05:09  INFO      TradingGraph: Generated recipe: BALANCED_SHORT_FULL_ALIGNMENT_US500
2026-03-30 19:05:09  INFO      TradingGraph: Risk check passed
2026-03-30 19:05:09  INFO      TradingGraph: Creating trade plan
2026-03-30 19:05:09  INFO      TradingGraph: VIX risk scaling: vix_fear=0.55 → risk ×0.88 (0.12)
2026-03-30 19:05:09  INFO      TradingGraph: SL cap [US500]: 5.89×ATR → 5.0×ATR
2026-03-30 19:05:09  INFO      TradingGraph: Structure SL/TP [US500] entry=6371.70000 sl=6606.92374 (5.00×ATR) tp=6149.68764 (R:R=0.94)
2026-03-30 19:05:09  INFO      TradingGraph: Created trade plan: entry=6371.7000, sl=6606.9200, tp=6136.4800
2026-03-30 19:05:09  INFO      TradingGraph: Executing trade for US500
2026-03-30 19:05:09  WARNING   MT5Executor: US500: trading disabled on this symbol (trade_mode=0 — may be outside market hours or broker restriction). Skipping.
2026-03-30 19:05:09  INFO      TradingGraph: Order not placed for US500 (executor returned None — see executor log for reason)
2026-03-30 19:05:09  INFO      TradingRunner: Analysing USTEC …
2026-03-30 19:05:09  INFO      TradingGraph: Running agents for USTEC
2026-03-30 19:05:09  INFO      TradingGraph: Completed 15 agents
2026-03-30 19:05:09  INFO      TradingGraph: Fusing timeframe signals
2026-03-30 19:05:09  INFO      TradingGraph: Fusion: L=-0.442(csns=1.00), M=-0.299(csns=1.00), S=-0.307(csns=1.00), align_str=0.344
2026-03-30 19:05:09  INFO      TradingGraph: Aligned [full-alignment] (bearish) — proceeding [L=-0.442 M=-0.299 S=-0.307 breadth=0.008]
2026-03-30 19:05:09  INFO      TradingGraph: Generating trading recipe
2026-03-30 19:05:09  INFO      TradingGraph: Generated recipe: BALANCED_SHORT_FULL_ALIGNMENT_USTEC
2026-03-30 19:05:09  INFO      TradingGraph: Risk check passed
2026-03-30 19:05:09  INFO      TradingGraph: Creating trade plan
2026-03-30 19:05:09  INFO      TradingGraph: VIX risk scaling: vix_fear=0.51 → risk ×0.91 (0.12)
2026-03-30 19:05:09  INFO      TradingGraph: SL cap [USTEC]: 6.60×ATR → 5.0×ATR
2026-03-30 19:05:09  INFO      TradingGraph: Structure SL/TP [USTEC] entry=23079.70000 sl=24067.64004 (5.00×ATR) tp=22300.02715 (R:R=0.79)
2026-03-30 19:05:09  INFO      TradingGraph: Created trade plan: entry=23079.7000, sl=24067.6400, tp=22091.7600
2026-03-30 19:05:09  INFO      TradingGraph: Executing trade for USTEC
2026-03-30 19:05:09  WARNING   MT5Executor: USTEC: trading disabled on this symbol (trade_mode=0 — may be outside market hours or broker restriction). Skipping.
2026-03-30 19:05:09  INFO      TradingGraph: Order not placed for USTEC (executor returned None — see executor log for reason)
2026-03-30 19:05:09  INFO      TradingRunner: Analysing DAX …
2026-03-30 19:05:09  INFO      TradingGraph: Running agents for DAX
2026-03-30 19:05:09  INFO      TradingGraph: Completed 15 agents
2026-03-30 19:05:09  INFO      TradingGraph: Fusing timeframe signals
2026-03-30 19:05:09  INFO      TradingGraph: Fusion: L=-0.164(csns=1.00), M=-0.122(csns=1.00), S=0.045(csns=0.67), align_str=0.000
2026-03-30 19:05:09  INFO      TradingGraph: Aligned [pullback-entry] (bearish) — proceeding [L=-0.164 M=-0.122 S=0.045 breadth=0.008]
2026-03-30 19:05:09  INFO      TradingGraph: Generating trading recipe
2026-03-30 19:05:09  INFO      TradingGraph: Generated recipe: BALANCED_SHORT_PULLBACK_ENTRY_DAX
2026-03-30 19:05:09  INFO      TradingGraph: Win probability too low: 0.455 < 0.46
2026-03-30 19:05:09  INFO      TradingRunner: Analysing UK100 …
2026-03-30 19:05:09  INFO      TradingGraph: Running agents for UK100
2026-03-30 19:05:09  INFO      TradingGraph: Completed 15 agents
2026-03-30 19:05:09  INFO      TradingGraph: Fusing timeframe signals
2026-03-30 19:05:09  INFO      TradingGraph: Fusion: L=0.140(csns=0.67), M=0.382(csns=1.00), S=0.138(csns=0.50), align_str=0.195
2026-03-30 19:05:09  INFO      TradingGraph: Timeframes not aligned — stopping (L=0.140 M=0.382 S=0.138)
2026-03-30 19:05:09  INFO      TradingRunner: Analysing GBPJPY …
2026-03-30 19:05:09  INFO      TradingGraph: Running agents for GBPJPY
2026-03-30 19:05:10  INFO      TradingGraph: Completed 15 agents
2026-03-30 19:05:10  INFO      TradingGraph: Fusing timeframe signals
2026-03-30 19:05:10  INFO      TradingGraph: Fusion: L=0.040(csns=0.33), M=-0.766(csns=1.00), S=0.046(csns=0.75), align_str=0.000
2026-03-30 19:05:10  INFO      TradingGraph: Timeframes not aligned — stopping (L=0.040 M=-0.766 S=0.046)
2026-03-30 19:05:10  INFO      TradingRunner: Analysing AUDJPY …
2026-03-30 19:05:10  INFO      TradingGraph: Running agents for AUDJPY
2026-03-30 19:05:10  INFO      TradingGraph: Completed 15 agents
2026-03-30 19:05:10  INFO      TradingGraph: Fusing timeframe signals
2026-03-30 19:05:10  INFO      TradingGraph: Fusion: L=0.255(csns=0.33), M=-0.350(csns=1.00), S=-0.053(csns=0.40), align_str=0.000
2026-03-30 19:05:10  INFO      TradingGraph: Timeframes not aligned — stopping (L=0.255 M=-0.350 S=-0.053)
2026-03-30 19:05:10  INFO      TradingRunner: Analysing EURGBP …
2026-03-30 19:05:10  INFO      TradingGraph: Running agents for EURGBP
2026-03-30 19:05:10  INFO      TradingGraph: Completed 15 agents
2026-03-30 19:05:10  INFO      TradingGraph: Fusing timeframe signals
2026-03-30 19:05:10  INFO      TradingGraph: Fusion: L=0.017(csns=0.33), M=0.365(csns=1.00), S=0.032(csns=0.43), align_str=0.059
2026-03-30 19:05:10  INFO      TradingGraph: Timeframes not aligned — stopping (L=0.017 M=0.365 S=0.032)
2026-03-30 19:05:10  INFO      TradingRunner: Analysing XAGUSD …
2026-03-30 19:05:10  INFO      TradingGraph: Running agents for XAGUSD
2026-03-30 19:05:10  INFO      TradingGraph: Completed 15 agents
2026-03-30 19:05:10  INFO      TradingGraph: Fusing timeframe signals
2026-03-30 19:05:10  INFO      TradingGraph: Fusion: L=-0.183(csns=0.50), M=0.141(csns=1.00), S=-0.172(csns=0.80), align_str=0.000
2026-03-30 19:05:10  INFO      TradingGraph: Timeframes not aligned — stopping (L=-0.183 M=0.141 S=-0.172)
2026-03-30 19:05:10  INFO      TradingRunner: PnL — unrealized: -0.95  realized today: +0.00  total: -0.95
2026-03-30 19:05:10  INFO      TradingRunner: Signal cycle done in 6.9s — sleeping 293s
2026-03-30 19:06:02  INFO      TradingGraph: Running agents for USDCHF
2026-03-30 19:06:02  INFO      TradingGraph: Completed 15 agents
2026-03-30 19:06:02  INFO      TradingGraph: Fusing timeframe signals
2026-03-30 19:06:02  INFO      TradingGraph: Fusion: L=0.561(csns=1.00), M=0.260(csns=0.75), S=0.003(csns=0.33), align_str=0.075
2026-03-30 19:06:02  INFO      TradingGraph: Running agents for USDCAD
2026-03-30 19:06:02  INFO      TradingGraph: Completed 15 agents
2026-03-30 19:06:02  INFO      TradingGraph: Fusing timeframe signals
2026-03-30 19:06:02  INFO      TradingGraph: Fusion: L=0.591(csns=1.00), M=0.306(csns=0.75), S=0.029(csns=0.17), align_str=0.173
2026-03-30 19:06:02  INFO      TradingGraph: Running agents for CHFJPY
2026-03-30 19:06:02  INFO      TradingGraph: Completed 15 agents
2026-03-30 19:06:02  INFO      TradingGraph: Fusing timeframe signals
2026-03-30 19:06:02  INFO      TradingGraph: Fusion: L=0.265(csns=0.67), M=-0.541(csns=1.00), S=-0.036(csns=0.20), align_str=0.000
2026-03-30 19:06:03  INFO      TradingGraph: Running agents for EURJPY
2026-03-30 19:06:03  INFO      TradingGraph: Completed 15 agents
2026-03-30 19:06:03  INFO      TradingGraph: Fusing timeframe signals
2026-03-30 19:06:03  INFO      TradingGraph: Fusion: L=-0.157(csns=1.00), M=-0.712(csns=1.00), S=-0.051(csns=0.50), align_str=0.179
2026-03-30 19:06:03  INFO      TradingGraph: Running agents for EURCHF
2026-03-30 19:06:03  INFO      TradingGraph: Completed 15 agents
2026-03-30 19:06:03  INFO      TradingGraph: Fusing timeframe signals
2026-03-30 19:06:03  INFO      TradingGraph: Fusion: L=-0.206(csns=0.67), M=-0.215(csns=0.67), S=-0.179(csns=0.57), align_str=0.199
2026-03-30 19:07:02  WARNING   TradingRunner: [DD CLOSE-ALL] Daily drawdown -1.03% breached -1.00% ceiling — closing all open positions
2026-03-30 19:07:02  WARNING   TradingRunner: [CLOSE ALL] Closing 5 position(s) — drawdown circuit breaker: -1.03% < -1.00%
2026-03-30 19:07:02  INFO      MT5Executor: Position 56000625093 closed
2026-03-30 19:07:02  INFO      TradingRunner:   Closed USDCHF #56000625093  pnl=-0.21
2026-03-30 19:07:02  INFO      MT5Executor: Position 56000625230 closed
2026-03-30 19:07:02  INFO      TradingRunner:   Closed USDCAD #56000625230  pnl=+0.12
2026-03-30 19:07:02  INFO      MT5Executor: Position 56000626198 closed
2026-03-30 19:07:02  INFO      TradingRunner:   Closed CHFJPY #56000626198  pnl=-0.19
2026-03-30 19:07:02  INFO      MT5Executor: Position 56000705659 closed
2026-03-30 19:07:02  INFO      TradingRunner:   Closed EURJPY #56000705659  pnl=-1.07
2026-03-30 19:07:02  INFO      MT5Executor: Position 56001385185 closed
2026-03-30 19:07:02  INFO      TradingRunner:   Closed EURCHF #56001385185  pnl=-0.01
2026-03-30 19:07:13  INFO      TradingRunner: [WATCHDOG] alive | equity=137.17 | cycle=3 | profile=balanced
2026-03-30 19:08:01  WARNING   TradingRunner: [DD CLOSE-ALL] Daily drawdown -1.10% breached -1.00% ceiling — closing all open positions
2026-03-30 19:08:01  INFO      TradingRunner: [CLOSE ALL] No open positions (drawdown circuit breaker: -1.10% < -1.00%)
2026-03-30 19:09:01  WARNING   TradingRunner: [DD CLOSE-ALL] Daily drawdown -1.06% breached -1.00% ceiling — closing all open positions
2026-03-30 19:09:01  INFO      TradingRunner: [CLOSE ALL] No open positions (drawdown circuit breaker: -1.06% < -1.00%)
2026-03-30 19:10:01  WARNING   TradingRunner: [DD CLOSE-ALL] Daily drawdown -1.05% breached -1.00% ceiling — closing all open positions
2026-03-30 19:10:01  INFO      TradingRunner: [CLOSE ALL] No open positions (drawdown circuit breaker: -1.05% < -1.00%)
2026-03-30 19:10:13  INFO      TradingRunner: Analysing EURUSD …
2026-03-30 19:10:13  INFO      TradingGraph: Running agents for EURUSD
2026-03-30 19:10:13  INFO      TradingGraph: Completed 15 agents
2026-03-30 19:10:13  INFO      TradingGraph: Fusing timeframe signals
2026-03-30 19:10:13  INFO      TradingGraph: Fusion: L=-0.541(csns=1.00), M=-0.489(csns=1.00), S=-0.173(csns=0.67), align_str=0.358
2026-03-30 19:10:13  INFO      TradingGraph: Aligned [full-alignment] (bearish) — proceeding [L=-0.541 M=-0.489 S=-0.173 breadth=0.008]
2026-03-30 19:10:13  INFO      TradingGraph: Generating trading recipe
2026-03-30 19:10:13  INFO      TradingGraph: Generated recipe: BALANCED_SHORT_FULL_ALIGNMENT_EURUSD
2026-03-30 19:10:13  INFO      TradingGraph: Daily drawdown limit exceeded
2026-03-30 19:10:13  INFO      TradingRunner: Analysing GBPUSD …
2026-03-30 19:10:13  INFO      TradingGraph: Running agents for GBPUSD
2026-03-30 19:10:13  INFO      TradingGraph: Completed 15 agents
2026-03-30 19:10:13  INFO      TradingGraph: Fusing timeframe signals
2026-03-30 19:10:13  INFO      TradingGraph: Fusion: L=-0.575(csns=1.00), M=-0.568(csns=1.00), S=-0.023(csns=0.20), align_str=0.196
2026-03-30 19:10:13  INFO      TradingGraph: Aligned [pullback-entry] (bearish) — proceeding [L=-0.575 M=-0.568 S=-0.023 breadth=0.008]
2026-03-30 19:10:13  INFO      TradingGraph: Generating trading recipe
2026-03-30 19:10:13  INFO      TradingGraph: Generated recipe: BALANCED_SHORT_PULLBACK_ENTRY_GBPUSD
2026-03-30 19:10:13  INFO      TradingGraph: Daily drawdown limit exceeded
2026-03-30 19:10:13  INFO      TradingRunner: Analysing USDJPY …
2026-03-30 19:10:13  INFO      TradingGraph: Running agents for USDJPY
2026-03-30 19:10:13  INFO      TradingGraph: Completed 15 agents
2026-03-30 19:10:13  INFO      TradingGraph: Fusing timeframe signals
2026-03-30 19:10:13  INFO      TradingGraph: Fusion: L=0.366(csns=0.67), M=-0.212(csns=1.00), S=0.013(csns=0.60), align_str=0.000
2026-03-30 19:10:13  INFO      TradingGraph: Timeframes not aligned — stopping (L=0.366 M=-0.212 S=0.013)
2026-03-30 19:10:13  INFO      TradingRunner: Analysing AUDUSD …
2026-03-30 19:10:13  INFO      TradingGraph: Running agents for AUDUSD
2026-03-30 19:10:13  INFO      TradingGraph: Completed 15 agents
2026-03-30 19:10:13  INFO      TradingGraph: Fusing timeframe signals
2026-03-30 19:10:13  INFO      TradingGraph: Fusion: L=-0.064(csns=1.00), M=-0.033(csns=0.50), S=0.056(csns=0.83), align_str=0.000
2026-03-30 19:10:13  INFO      TradingGraph: Timeframes not aligned — stopping (L=-0.064 M=-0.033 S=0.056)
2026-03-30 19:10:13  INFO      TradingRunner: Analysing NZDUSD …
2026-03-30 19:10:13  INFO      TradingGraph: Running agents for NZDUSD
2026-03-30 19:10:13  INFO      TradingGraph: Completed 15 agents
2026-03-30 19:10:13  INFO      TradingGraph: Fusing timeframe signals
2026-03-30 19:10:13  INFO      TradingGraph: Fusion: L=-0.612(csns=1.00), M=-0.275(csns=0.67), S=-0.042(csns=0.33), align_str=0.192
2026-03-30 19:10:13  INFO      TradingGraph: Aligned [pullback-entry] (bearish) — proceeding [L=-0.612 M=-0.275 S=-0.042 breadth=0.008]
2026-03-30 19:10:13  INFO      TradingGraph: Generating trading recipe
2026-03-30 19:10:13  INFO      TradingGraph: Generated recipe: BALANCED_SHORT_PULLBACK_ENTRY_NZDUSD
2026-03-30 19:10:13  INFO      TradingGraph: Daily drawdown limit exceeded
2026-03-30 19:10:13  INFO      TradingRunner: Analysing US30 …
2026-03-30 19:10:13  INFO      TradingGraph: Running agents for US30
2026-03-30 19:10:13  INFO      TradingGraph: Completed 15 agents
2026-03-30 19:10:13  INFO      TradingGraph: Fusing timeframe signals
2026-03-30 19:10:13  INFO      TradingGraph: Fusion: L=-0.259(csns=0.67), M=-0.110(csns=1.00), S=0.014(csns=0.50), align_str=0.000
2026-03-30 19:10:13  INFO      TradingGraph: Aligned [pullback-entry] (bearish) — proceeding [L=-0.259 M=-0.110 S=0.014 breadth=0.008]
2026-03-30 19:10:13  INFO      TradingGraph: Generating trading recipe
2026-03-30 19:10:13  INFO      TradingGraph: Generated recipe: BALANCED_SHORT_PULLBACK_ENTRY_US30
2026-03-30 19:10:13  INFO      TradingGraph: Daily drawdown limit exceeded
2026-03-30 19:10:13  INFO      TradingRunner: Analysing US500 …
2026-03-30 19:10:13  INFO      TradingGraph: Running agents for US500
2026-03-30 19:10:13  INFO      TradingGraph: Completed 15 agents
2026-03-30 19:10:13  INFO      TradingGraph: Fusing timeframe signals
2026-03-30 19:10:13  INFO      TradingGraph: Fusion: L=-0.432(csns=1.00), M=-0.228(csns=1.00), S=-0.119(csns=0.75), align_str=0.227
2026-03-30 19:10:13  INFO      TradingGraph: Aligned [full-alignment] (bearish) — proceeding [L=-0.432 M=-0.228 S=-0.119 breadth=0.008]
2026-03-30 19:10:13  INFO      TradingGraph: Generating trading recipe
2026-03-30 19:10:13  INFO      TradingGraph: Generated recipe: BALANCED_SHORT_FULL_ALIGNMENT_US500
2026-03-30 19:10:13  INFO      TradingGraph: Daily drawdown limit exceeded
2026-03-30 19:10:13  INFO      TradingRunner: Analysing USTEC …
2026-03-30 19:10:13  INFO      TradingGraph: Running agents for USTEC
2026-03-30 19:10:13  INFO      TradingGraph: Completed 15 agents
2026-03-30 19:10:13  INFO      TradingGraph: Fusing timeframe signals
2026-03-30 19:10:13  INFO      TradingGraph: Fusion: L=-0.440(csns=1.00), M=-0.282(csns=1.00), S=-0.159(csns=0.80), align_str=0.270
2026-03-30 19:10:13  INFO      TradingGraph: Aligned [full-alignment] (bearish) — proceeding [L=-0.440 M=-0.282 S=-0.159 breadth=0.008]
2026-03-30 19:10:13  INFO      TradingGraph: Generating trading recipe
2026-03-30 19:10:13  INFO      TradingGraph: Generated recipe: BALANCED_SHORT_FULL_ALIGNMENT_USTEC
2026-03-30 19:10:14  INFO      TradingGraph: Daily drawdown limit exceeded
2026-03-30 19:10:14  INFO      TradingRunner: Analysing DAX …
2026-03-30 19:10:14  INFO      TradingGraph: Running agents for DAX
2026-03-30 19:10:14  INFO      TradingGraph: Completed 15 agents
2026-03-30 19:10:14  INFO      TradingGraph: Fusing timeframe signals
2026-03-30 19:10:14  INFO      TradingGraph: Fusion: L=-0.165(csns=1.00), M=-0.122(csns=1.00), S=0.045(csns=0.67), align_str=0.000
2026-03-30 19:10:14  INFO      TradingGraph: Aligned [pullback-entry] (bearish) — proceeding [L=-0.165 M=-0.122 S=0.045 breadth=0.008]
2026-03-30 19:10:14  INFO      TradingGraph: Generating trading recipe
2026-03-30 19:10:14  INFO      TradingGraph: Generated recipe: BALANCED_SHORT_PULLBACK_ENTRY_DAX
2026-03-30 19:10:14  INFO      TradingGraph: Win probability too low: 0.455 < 0.46
2026-03-30 19:10:14  INFO      TradingRunner: Analysing UK100 …
2026-03-30 19:10:14  INFO      TradingGraph: Running agents for UK100
2026-03-30 19:10:14  INFO      TradingGraph: Completed 15 agents
2026-03-30 19:10:14  INFO      TradingGraph: Fusing timeframe signals
2026-03-30 19:10:14  INFO      TradingGraph: Fusion: L=0.142(csns=0.67), M=0.450(csns=1.00), S=0.157(csns=0.50), align_str=0.216
2026-03-30 19:10:14  INFO      TradingGraph: Timeframes not aligned — stopping (L=0.142 M=0.450 S=0.157)
2026-03-30 19:10:14  INFO      TradingRunner: Analysing GBPJPY …
2026-03-30 19:10:14  INFO      TradingGraph: Running agents for GBPJPY
2026-03-30 19:10:14  INFO      TradingGraph: Completed 15 agents
2026-03-30 19:10:14  INFO      TradingGraph: Fusing timeframe signals
2026-03-30 19:10:14  INFO      TradingGraph: Fusion: L=0.040(csns=0.33), M=-0.765(csns=1.00), S=0.057(csns=0.75), align_str=0.000
2026-03-30 19:10:14  INFO      TradingGraph: Timeframes not aligned — stopping (L=0.040 M=-0.765 S=0.057)
2026-03-30 19:10:14  INFO      TradingRunner: Analysing AUDJPY …
2026-03-30 19:10:14  INFO      TradingGraph: Running agents for AUDJPY
2026-03-30 19:10:14  INFO      TradingGraph: Completed 15 agents
2026-03-30 19:10:14  INFO      TradingGraph: Fusing timeframe signals
2026-03-30 19:10:14  INFO      TradingGraph: Fusion: L=0.256(csns=0.33), M=-0.229(csns=1.00), S=-0.043(csns=0.40), align_str=0.000
2026-03-30 19:10:14  INFO      TradingGraph: Timeframes not aligned — stopping (L=0.256 M=-0.229 S=-0.043)
2026-03-30 19:10:14  INFO      TradingRunner: Analysing EURGBP …
2026-03-30 19:10:14  INFO      TradingGraph: Running agents for EURGBP
2026-03-30 19:10:14  INFO      TradingGraph: Completed 15 agents
2026-03-30 19:10:14  INFO      TradingGraph: Fusing timeframe signals
2026-03-30 19:10:14  INFO      TradingGraph: Fusion: L=0.018(csns=0.33), M=0.370(csns=1.00), S=0.051(csns=0.43), align_str=0.069
2026-03-30 19:10:14  INFO      TradingGraph: Timeframes not aligned — stopping (L=0.018 M=0.370 S=0.051)
2026-03-30 19:10:14  INFO      TradingRunner: Analysing XAGUSD …
2026-03-30 19:10:14  INFO      TradingGraph: Running agents for XAGUSD
2026-03-30 19:10:14  INFO      TradingGraph: Completed 15 agents
2026-03-30 19:10:14  INFO      TradingGraph: Fusing timeframe signals
2026-03-30 19:10:14  INFO      TradingGraph: Fusion: L=-0.183(csns=0.50), M=0.144(csns=1.00), S=-0.136(csns=0.80), align_str=0.000
2026-03-30 19:10:14  INFO      TradingGraph: Timeframes not aligned — stopping (L=-0.183 M=0.144 S=-0.136)
2026-03-30 19:10:14  INFO      TradingRunner: PnL — unrealized: +0.00  realized today: +0.00  total: +0.00
2026-03-30 19:10:14  INFO      TradingRunner: Signal cycle done in 11.0s — sleeping 289s
2026-03-30 19:10:25  INFO      MT5Executor: Using mt5linux backend → localhost:18812
2026-03-30 19:10:25  INFO      MT5Executor: Connected to MT5: 5048478471 on MetaQuotes-Demo | balance=137.45 | trade_allowed=True
2026-03-30 19:10:25  INFO      root: Registered agent: RegimeAgent
2026-03-30 19:10:25  INFO      root: Registered agent: TrendAgent
2026-03-30 19:10:25  INFO      root: Registered agent: MomentumAgent
2026-03-30 19:10:25  INFO      root: Registered agent: MeanReversionAgent
2026-03-30 19:10:25  INFO      root: Registered agent: VolatilityAgent
2026-03-30 19:10:25  INFO      root: Registered agent: BreadthAgent
2026-03-30 19:10:25  INFO      root: Registered agent: PatternAgent
2026-03-30 19:10:25  INFO      root: Registered agent: IntermarketAgent
2026-03-30 19:10:25  INFO      root: Registered agent: SessionBreakoutAgent
2026-03-30 19:10:25  INFO      root: Registered agent: DivergenceAgent
2026-03-30 19:10:25  INFO      root: Registered agent: ScalpingAgent
2026-03-30 19:10:25  INFO      root: Registered agent: VwapScalpAgent
2026-03-30 19:10:25  INFO      root: Registered agent: SqueezeBreakoutAgent
2026-03-30 19:10:25  INFO      root: Registered agent: OrderFlowAgent
2026-03-30 19:10:25  INFO      root: Registered agent: CorrelationAgent
2026-03-30 19:10:25  INFO      TradingRunner: [State] Restored: daily_trades=5, cooldowns=5, sod_balance=138.62
2026-03-30 19:10:25  INFO      TradingRunner: TradingRunner started — symbols: ['EURUSD', 'GBPUSD', 'USDJPY', 'USDCHF', 'AUDUSD', 'USDCAD', 'NZDUSD', 'US30', 'US500', 'USTEC', 'DAX', 'UK100', 'EURJPY', 'GBPJPY', 'AUDJPY', 'EURGBP', 'EURCHF', 'CHFJPY', 'XAGUSD'] | profile: balanced | signal: 300s | surveillance: 60s
2026-03-30 19:10:27  INFO      numexpr.utils: Note: NumExpr detected 12 cores but "NUMEXPR_MAX_THREADS" not set, so enforcing safe limit of 8.
2026-03-30 19:10:27  INFO      numexpr.utils: NumExpr defaulting to 8 threads.
2026-03-30 19:10:46  INFO      TradingRunner: Analysing EURUSD …
2026-03-30 19:10:46  INFO      NewsCalendar: [NEWS] Loaded 11 high-impact events (source: ForexFactory)
2026-03-30 19:10:46  INFO      TradingGraph: Running agents for EURUSD
2026-03-30 19:10:46  INFO      TradingGraph: Completed 15 agents
2026-03-30 19:10:46  INFO      TradingGraph: Fusing timeframe signals
2026-03-30 19:10:46  INFO      TradingGraph: Fusion: L=-0.672(csns=1.00), M=-0.521(csns=1.00), S=-0.177(csns=0.67), align_str=0.395
2026-03-30 19:10:46  INFO      TradingGraph: Aligned [full-alignment] (bearish) — proceeding [L=-0.672 M=-0.521 S=-0.177 breadth=0.011]
2026-03-30 19:10:46  INFO      TradingGraph: Generating trading recipe
2026-03-30 19:10:46  INFO      TradingGraph: Generated recipe: BALANCED_SHORT_FULL_ALIGNMENT_EURUSD
2026-03-30 19:10:46  INFO      TradingGraph: Risk check passed
2026-03-30 19:10:46  INFO      TradingGraph: Creating trade plan
2026-03-30 19:10:47  INFO      TradingGraph: Structure SL/TP [EURUSD] entry=1.14600 sl=1.15627 (3.44×ATR) tp=1.14108 (R:R=0.48)
2026-03-30 19:10:47  INFO      TradingGraph: Created trade plan: entry=1.1460, sl=1.1563, tp=1.1357
2026-03-30 19:10:47  INFO      TradingGraph: Executing trade for EURUSD
2026-03-30 19:10:47  INFO      MT5Executor: EURUSD: lots=0.01 (risk=$8.96)
2026-03-30 19:10:47  INFO      MT5Executor: Market order filled: ticket=56001606713 vol=0.01
2026-03-30 19:10:47  INFO      TradingGraph: Order placed: ticket=56001606713
2026-03-30 19:10:47  INFO      OrderManager: Created order order_1_20260330_191047 for EURUSD
2026-03-30 19:10:47  INFO      TradeJournal: TRADE  EURUSD           Direction.SHORT  qty=0.01  entry=1.14600  sl=1.15627  tp=1.13573  ticket=56001606713
2026-03-30 19:10:47  INFO      TradingRunner: EURUSD: trade placed — daily count 6/6, next entry in 60min
2026-03-30 19:10:47  WARNING   TradingRunner: Max daily trades (6) reached — no further entries today
2026-03-30 19:10:47  INFO      TradingRunner: PnL — unrealized: -0.04  realized today: +0.00  total: -0.04
2026-03-30 19:10:47  INFO      TradingRunner: Signal cycle done in 21.8s — sleeping 278s
2026-03-30 19:11:26  INFO      TrailingStopManager: Structural update SELL EURUSD #56001606713: SL 1.15627->1.15471  TP 1.13573->1.13573  (live=1.14581 atr=0.00146)
2026-03-30 19:11:26  INFO      MT5Executor: SL/TP modified for position 56001606713: SL=1.15471  TP=1.13573
2026-03-30 19:11:26  INFO      TradingGraph: Running agents for EURUSD
2026-03-30 19:11:26  INFO      TradingGraph: Completed 15 agents
2026-03-30 19:11:26  INFO      TradingGraph: Fusing timeframe signals
2026-03-30 19:11:26  INFO      TradingGraph: Fusion: L=-0.676(csns=1.00), M=-0.587(csns=1.00), S=-0.218(csns=0.67), align_str=0.443
2026-03-30 19:11:56  INFO      TradingRunner: [WATCHDOG] alive | equity=137.96 | cycle=1 | profile=balanced
2026-03-30 19:12:26  INFO      TradingGraph: Running agents for EURUSD
2026-03-30 19:12:26  INFO      TradingGraph: Completed 15 agents
2026-03-30 19:12:26  INFO      TradingGraph: Fusing timeframe signals
2026-03-30 19:12:26  INFO      TradingGraph: Fusion: L=-0.676(csns=1.00), M=-0.581(csns=1.00), S=-0.217(csns=0.67), align_str=0.440
2026-03-30 19:13:26  INFO      TradingGraph: Running agents for EURUSD
2026-03-30 19:13:26  INFO      TradingGraph: Completed 15 agents
2026-03-30 19:13:26  INFO      TradingGraph: Fusing timeframe signals
2026-03-30 19:13:26  INFO      TradingGraph: Fusion: L=-0.677(csns=1.00), M=-0.600(csns=1.00), S=-0.233(csns=0.67), align_str=0.456
2026-03-30 19:13:32  INFO      MT5Executor: Using mt5linux backend → localhost:18812
2026-03-30 19:13:32  INFO      MT5Executor: Connected to MT5: 5048478471 on MetaQuotes-Demo | balance=137.45 | trade_allowed=True
2026-03-30 19:13:32  INFO      root: Registered agent: RegimeAgent
2026-03-30 19:13:32  INFO      root: Registered agent: TrendAgent
2026-03-30 19:13:32  INFO      root: Registered agent: MomentumAgent
2026-03-30 19:13:32  INFO      root: Registered agent: MeanReversionAgent
2026-03-30 19:13:32  INFO      root: Registered agent: VolatilityAgent
2026-03-30 19:13:32  INFO      root: Registered agent: BreadthAgent
2026-03-30 19:13:32  INFO      root: Registered agent: PatternAgent
2026-03-30 19:13:32  INFO      root: Registered agent: IntermarketAgent
2026-03-30 19:13:32  INFO      root: Registered agent: SessionBreakoutAgent
2026-03-30 19:13:32  INFO      root: Registered agent: DivergenceAgent
2026-03-30 19:13:32  INFO      root: Registered agent: ScalpingAgent
2026-03-30 19:13:32  INFO      root: Registered agent: VwapScalpAgent
2026-03-30 19:13:32  INFO      root: Registered agent: SqueezeBreakoutAgent
2026-03-30 19:13:32  INFO      root: Registered agent: OrderFlowAgent
2026-03-30 19:13:32  INFO      root: Registered agent: CorrelationAgent
2026-03-30 19:13:32  INFO      TradingRunner: [State] Restored: daily_trades=6, cooldowns=6, sod_balance=138.62
2026-03-30 19:13:32  INFO      TradingRunner: TradingRunner started — symbols: ['EURUSD', 'GBPUSD', 'USDJPY', 'USDCHF', 'AUDUSD', 'USDCAD', 'NZDUSD', 'US30', 'US500', 'USTEC', 'DAX', 'UK100', 'EURJPY', 'GBPJPY', 'AUDJPY', 'EURGBP', 'EURCHF', 'CHFJPY', 'XAGUSD'] | profile: balanced | signal: 300s | surveillance: 60s
2026-03-30 19:13:33  INFO      numexpr.utils: Note: NumExpr detected 12 cores but "NUMEXPR_MAX_THREADS" not set, so enforcing safe limit of 8.
2026-03-30 19:13:33  INFO      numexpr.utils: NumExpr defaulting to 8 threads.
2026-03-30 19:13:35  INFO      TradingGraph: Running agents for EURUSD
2026-03-30 19:13:35  INFO      TradingGraph: Completed 15 agents
2026-03-30 19:13:35  INFO      TradingGraph: Fusing timeframe signals
2026-03-30 19:13:35  INFO      TradingGraph: Fusion: L=-0.549(csns=1.00), M=-0.599(csns=1.00), S=-0.232(csns=0.67), align_str=0.424
2026-03-30 19:13:40  WARNING   TradingRunner: Max daily trades (6) reached — no further entries today
2026-03-30 19:13:40  INFO      TradingRunner: PnL — unrealized: +0.28  realized today: +0.00  total: +0.28
2026-03-30 19:13:40  INFO      TradingRunner: Signal cycle done in 5.0s — sleeping 295s
2026-03-30 19:15:05  INFO      TradingRunner: [WATCHDOG] alive | equity=? | cycle=1 | profile=balanced
2026-03-30 19:15:05  WARNING   TradingRunner: [WATCHDOG] MT5 connection lost — attempting reconnect
2026-03-30 19:15:05  INFO      TradingRunner: [WATCHDOG] Reconnect attempt 1/5 (waiting 10s)
2026-03-30 19:15:15  INFO      MT5Executor: MT5 connection closed
2026-03-30 19:15:15  INFO      MT5Executor: Using mt5linux backend → localhost:18812
2026-03-30 19:15:15  INFO      MT5Executor: Connected to MT5: 5048478471 on MetaQuotes-Demo | balance=137.45 | trade_allowed=True
2026-03-30 19:15:15  INFO      TradingRunner: [WATCHDOG] MT5 reconnected successfully
2026-03-30 19:15:33  INFO      TradingGraph: Running agents for EURUSD
2026-03-30 19:15:33  INFO      TradingGraph: Completed 15 agents
2026-03-30 19:15:33  INFO      TradingGraph: Fusing timeframe signals
2026-03-30 19:15:33  INFO      TradingGraph: Fusion: L=-0.549(csns=1.00), M=-0.597(csns=1.00), S=-0.201(csns=0.67), align_str=0.404
2026-03-30 19:16:10  INFO      MT5Executor: Using mt5linux backend → localhost:18812
2026-03-30 19:16:11  INFO      MT5Executor: Connected to MT5: 5048478471 on MetaQuotes-Demo | balance=137.45 | trade_allowed=True
2026-03-30 19:16:11  INFO      root: Registered agent: RegimeAgent
2026-03-30 19:16:11  INFO      root: Registered agent: TrendAgent
2026-03-30 19:16:11  INFO      root: Registered agent: MomentumAgent
2026-03-30 19:16:11  INFO      root: Registered agent: MeanReversionAgent
2026-03-30 19:16:11  INFO      root: Registered agent: VolatilityAgent
2026-03-30 19:16:11  INFO      root: Registered agent: BreadthAgent
2026-03-30 19:16:11  INFO      root: Registered agent: PatternAgent
2026-03-30 19:16:11  INFO      root: Registered agent: IntermarketAgent
2026-03-30 19:16:11  INFO      root: Registered agent: SessionBreakoutAgent
2026-03-30 19:16:11  INFO      root: Registered agent: DivergenceAgent
2026-03-30 19:16:11  INFO      root: Registered agent: ScalpingAgent
2026-03-30 19:16:11  INFO      root: Registered agent: VwapScalpAgent
2026-03-30 19:16:11  INFO      root: Registered agent: SqueezeBreakoutAgent
2026-03-30 19:16:11  INFO      root: Registered agent: OrderFlowAgent
2026-03-30 19:16:11  INFO      root: Registered agent: CorrelationAgent
2026-03-30 19:16:11  INFO      TradingRunner: TradingRunner started — symbols: ['EURUSD', 'GBPUSD', 'USDJPY', 'USDCHF', 'AUDUSD', 'USDCAD', 'NZDUSD', 'US30', 'US500', 'USTEC', 'DAX', 'UK100', 'EURJPY', 'GBPJPY', 'AUDJPY', 'EURGBP', 'EURCHF', 'CHFJPY', 'XAGUSD'] | profile: balanced | signal: 300s | surveillance: 60s
2026-03-30 19:16:11  INFO      numexpr.utils: Note: NumExpr detected 12 cores but "NUMEXPR_MAX_THREADS" not set, so enforcing safe limit of 8.
2026-03-30 19:16:11  INFO      numexpr.utils: NumExpr defaulting to 8 threads.
2026-03-30 19:16:14  INFO      TradingGraph: Running agents for EURUSD
2026-03-30 19:16:15  INFO      TradingGraph: Completed 15 agents
2026-03-30 19:16:15  INFO      TradingGraph: Fusing timeframe signals
2026-03-30 19:16:15  INFO      TradingGraph: Fusion: L=-0.550(csns=1.00), M=-0.606(csns=1.00), S=-0.204(csns=0.67), align_str=0.408
2026-03-30 19:16:15  INFO      TradingRunner: New trading day 2026-03-30 — start-of-day equity: 138.47
2026-03-30 19:16:15  INFO      TradingRunner: New trading week 2026-W14 — start-of-week equity: 138.47
2026-03-30 19:16:19  INFO      TradingRunner: Analysing EURUSD …
2026-03-30 19:16:19  INFO      NewsCalendar: [NEWS] Loaded 11 high-impact events (source: ForexFactory)
2026-03-30 19:16:19  INFO      TradingGraph: Running agents for EURUSD
2026-03-30 19:16:20  INFO      TradingGraph: Completed 15 agents
2026-03-30 19:16:20  INFO      TradingGraph: Fusing timeframe signals
2026-03-30 19:16:20  INFO      TradingGraph: Fusion: L=-0.550(csns=1.00), M=-0.606(csns=1.00), S=-0.204(csns=0.67), align_str=0.408
2026-03-30 19:16:20  INFO      TradingGraph: Aligned [full-alignment] (bearish) — proceeding [L=-0.550 M=-0.606 S=-0.204 breadth=0.008]
2026-03-30 19:16:20  INFO      TradingGraph: Generating trading recipe
2026-03-30 19:16:20  INFO      TradingGraph: Generated recipe: BALANCED_SHORT_FULL_ALIGNMENT_EURUSD
2026-03-30 19:16:20  INFO      TradingGraph: Scale-in approved for EURUSD (1/2 positions, signal=SELL, entry=full-alignment)
2026-03-30 19:16:20  INFO      TradingGraph: Pivot guard: support 0.28×ATR away — rejecting SHORT (buffer=0.5)
2026-03-30 19:16:20  INFO      TradingRunner: Analysing GBPUSD …
2026-03-30 19:16:20  INFO      TradingGraph: Running agents for GBPUSD
2026-03-30 19:16:20  INFO      TradingGraph: Completed 15 agents
2026-03-30 19:16:20  INFO      TradingGraph: Fusing timeframe signals
2026-03-30 19:16:20  INFO      TradingGraph: Fusion: L=-0.582(csns=1.00), M=-0.611(csns=1.00), S=-0.221(csns=0.83), align_str=0.428
2026-03-30 19:16:20  INFO      TradingGraph: Aligned [full-alignment] (bearish) — proceeding [L=-0.582 M=-0.611 S=-0.221 breadth=0.008]
2026-03-30 19:16:20  INFO      TradingGraph: Generating trading recipe
2026-03-30 19:16:20  INFO      TradingGraph: Generated recipe: BALANCED_SHORT_FULL_ALIGNMENT_GBPUSD
2026-03-30 19:16:20  INFO      TradingGraph: Risk check passed
2026-03-30 19:16:20  INFO      TradingGraph: Creating trade plan
2026-03-30 19:16:20  INFO      TradingGraph: Structure SL/TP [GBPUSD] entry=1.31839 sl=1.33847 (4.88×ATR) tp=1.31092 (R:R=0.37)
2026-03-30 19:16:20  INFO      TradingGraph: Created trade plan: entry=1.3184, sl=1.3385, tp=1.2983
2026-03-30 19:16:20  INFO      TradingGraph: Executing trade for GBPUSD
2026-03-30 19:16:20  INFO      MT5Executor: GBPUSD: lots=0.01 (risk=$17.53)
2026-03-30 19:16:20  INFO      MT5Executor: Market order filled: ticket=56001765946 vol=0.01
2026-03-30 19:16:20  INFO      TradingGraph: Order placed: ticket=56001765946
2026-03-30 19:16:20  INFO      OrderManager: Created order order_1_20260330_191620 for GBPUSD
2026-03-30 19:16:20  INFO      TradeJournal: TRADE  GBPUSD           Direction.SHORT  qty=0.01  entry=1.31839  sl=1.33847  tp=1.29831  ticket=56001765946
2026-03-30 19:16:20  INFO      TradingRunner: GBPUSD: trade placed — daily count 1/6, next entry in 60min
2026-03-30 19:16:20  INFO      TradingRunner: Analysing USDJPY …
2026-03-30 19:16:20  INFO      TradingGraph: Running agents for USDJPY
2026-03-30 19:16:20  INFO      TradingGraph: Completed 15 agents
2026-03-30 19:16:20  INFO      TradingGraph: Fusing timeframe signals
2026-03-30 19:16:20  INFO      TradingGraph: Fusion: L=0.365(csns=0.67), M=-0.103(csns=1.00), S=0.053(csns=0.80), align_str=0.000
2026-03-30 19:16:20  INFO      TradingGraph: Aligned [pullback-entry] (bullish) — proceeding [L=0.365 M=-0.103 S=0.053 breadth=0.008]
2026-03-30 19:16:20  INFO      TradingGraph: Generating trading recipe
2026-03-30 19:16:20  INFO      TradingGraph: Generated recipe: BALANCED_LONG_PULLBACK_ENTRY_USDJPY
2026-03-30 19:16:20  INFO      TradingGraph: Correlation guard: 2/2 long_usd positions already open — refusing USDJPY BUY
2026-03-30 19:16:20  INFO      TradingRunner: Analysing USDCHF …
2026-03-30 19:16:20  INFO      TradingGraph: Running agents for USDCHF
2026-03-30 19:16:20  INFO      TradingGraph: Completed 15 agents
2026-03-30 19:16:20  INFO      TradingGraph: Fusing timeframe signals
2026-03-30 19:16:20  INFO      TradingGraph: Fusion: L=0.573(csns=1.00), M=0.356(csns=0.67), S=0.192(csns=0.83), align_str=0.340
2026-03-30 19:16:20  INFO      TradingGraph: Aligned [full-alignment] (bullish) — proceeding [L=0.573 M=0.356 S=0.192 breadth=0.008]
2026-03-30 19:16:20  INFO      TradingGraph: Generating trading recipe
2026-03-30 19:16:20  INFO      TradingGraph: Generated recipe: BALANCED_LONG_FULL_ALIGNMENT_USDCHF
2026-03-30 19:16:20  INFO      TradingGraph: Correlation guard: 2/2 long_usd positions already open — refusing USDCHF BUY
2026-03-30 19:16:20  INFO      TradingRunner: Analysing AUDUSD …
2026-03-30 19:16:21  INFO      TradingGraph: Running agents for AUDUSD
2026-03-30 19:16:21  INFO      TradingGraph: Completed 15 agents
2026-03-30 19:16:21  INFO      TradingGraph: Fusing timeframe signals
2026-03-30 19:16:21  INFO      TradingGraph: Fusion: L=-0.064(csns=1.00), M=-0.124(csns=0.67), S=-0.079(csns=0.60), align_str=0.086
2026-03-30 19:16:21  INFO      TradingGraph: Timeframes not aligned — stopping (L=-0.064 M=-0.124 S=-0.079)
2026-03-30 19:16:21  INFO      TradingRunner: Analysing USDCAD …
2026-03-30 19:16:21  INFO      TradingGraph: Running agents for USDCAD
2026-03-30 19:16:21  INFO      TradingGraph: Completed 15 agents
2026-03-30 19:16:21  INFO      TradingGraph: Fusing timeframe signals
2026-03-30 19:16:21  INFO      TradingGraph: Fusion: L=0.596(csns=1.00), M=0.336(csns=0.75), S=0.211(csns=0.83), align_str=0.348
2026-03-30 19:16:21  INFO      TradingGraph: Aligned [full-alignment] (bullish) — proceeding [L=0.596 M=0.336 S=0.211 breadth=0.008]
2026-03-30 19:16:21  INFO      TradingGraph: Generating trading recipe
2026-03-30 19:16:21  INFO      TradingGraph: Generated recipe: BALANCED_LONG_FULL_ALIGNMENT_USDCAD
2026-03-30 19:16:21  INFO      TradingGraph: Correlation guard: 2/2 long_usd positions already open — refusing USDCAD BUY
2026-03-30 19:16:21  INFO      TradingRunner: Analysing NZDUSD …
2026-03-30 19:16:21  INFO      TradingGraph: Running agents for NZDUSD
2026-03-30 19:16:21  INFO      TradingGraph: Completed 15 agents
2026-03-30 19:16:21  INFO      TradingGraph: Fusing timeframe signals
2026-03-30 19:16:21  INFO      TradingGraph: Fusion: L=-0.620(csns=1.00), M=-0.347(csns=0.75), S=-0.232(csns=1.00), align_str=0.368
2026-03-30 19:16:21  INFO      TradingGraph: Aligned [full-alignment] (bearish) — proceeding [L=-0.620 M=-0.347 S=-0.232 breadth=0.008]
2026-03-30 19:16:21  INFO      TradingGraph: Generating trading recipe
2026-03-30 19:16:21  INFO      TradingGraph: Generated recipe: BALANCED_SHORT_FULL_ALIGNMENT_NZDUSD
2026-03-30 19:16:21  INFO      TradingGraph: Correlation guard: 2/2 long_usd positions already open — refusing NZDUSD SELL
2026-03-30 19:16:21  INFO      TradingRunner: Analysing US30 …
2026-03-30 19:16:21  INFO      TradingGraph: Running agents for US30
2026-03-30 19:16:21  INFO      TradingGraph: Completed 15 agents
2026-03-30 19:16:21  INFO      TradingGraph: Fusing timeframe signals
2026-03-30 19:16:21  INFO      TradingGraph: Fusion: L=-0.354(csns=1.00), M=-0.180(csns=1.00), S=-0.070(csns=0.75), align_str=0.164
2026-03-30 19:16:21  INFO      TradingGraph: Aligned [pullback-entry] (bearish) — proceeding [L=-0.354 M=-0.180 S=-0.070 breadth=0.008]
2026-03-30 19:16:21  INFO      TradingGraph: Generating trading recipe
2026-03-30 19:16:21  INFO      TradingGraph: Generated recipe: BALANCED_SHORT_PULLBACK_ENTRY_US30
2026-03-30 19:16:21  INFO      TradingGraph: Risk check passed
2026-03-30 19:16:21  INFO      TradingGraph: Creating trade plan
2026-03-30 19:16:21  INFO      TradingGraph: VIX risk scaling: vix_fear=0.54 → risk ×0.88 (0.12)
2026-03-30 19:16:21  INFO      TradingGraph: Structure SL/TP [US30] entry=45327.40000 sl=46640.74184 (3.87×ATR) tp=44395.40000 (R:R=0.71)
2026-03-30 19:16:21  INFO      TradingGraph: Created trade plan: entry=45327.4000, sl=46640.7400, tp=44014.0600
2026-03-30 19:16:21  INFO      TradingGraph: Executing trade for US30
2026-03-30 19:16:21  WARNING   MT5Executor: US30: trading disabled on this symbol (trade_mode=0 — may be outside market hours or broker restriction). Skipping.
2026-03-30 19:16:21  INFO      TradingGraph: Order not placed for US30 (executor returned None — see executor log for reason)
2026-03-30 19:16:21  INFO      TradingRunner: Analysing US500 …
2026-03-30 19:16:21  INFO      TradingGraph: Running agents for US500
2026-03-30 19:16:21  INFO      TradingGraph: Completed 15 agents
2026-03-30 19:16:21  INFO      TradingGraph: Fusing timeframe signals
2026-03-30 19:16:21  INFO      TradingGraph: Fusion: L=-0.442(csns=1.00), M=-0.369(csns=1.00), S=-0.303(csns=0.83), align_str=0.367
2026-03-30 19:16:21  INFO      TradingGraph: Aligned [full-alignment] (bearish) — proceeding [L=-0.442 M=-0.369 S=-0.303 breadth=0.008]
2026-03-30 19:16:21  INFO      TradingGraph: Generating trading recipe
2026-03-30 19:16:21  INFO      TradingGraph: Generated recipe: BALANCED_SHORT_FULL_ALIGNMENT_US500
2026-03-30 19:16:21  INFO      TradingGraph: Risk check passed
2026-03-30 19:16:21  INFO      TradingGraph: Creating trade plan
2026-03-30 19:16:21  INFO      TradingGraph: VIX risk scaling: vix_fear=0.54 → risk ×0.88 (0.12)
2026-03-30 19:16:22  INFO      TradingGraph: SL cap [US500]: 5.98×ATR → 5.0×ATR
2026-03-30 19:16:22  INFO      TradingGraph: Structure SL/TP [US500] entry=6363.20000 sl=6601.99517 (5.00×ATR) tp=6151.76573 (R:R=0.89)
2026-03-30 19:16:22  INFO      TradingGraph: Created trade plan: entry=6363.2000, sl=6602.0000, tp=6124.4000
2026-03-30 19:16:22  INFO      TradingGraph: Executing trade for US500
2026-03-30 19:16:22  WARNING   MT5Executor: US500: trading disabled on this symbol (trade_mode=0 — may be outside market hours or broker restriction). Skipping.
2026-03-30 19:16:22  INFO      TradingGraph: Order not placed for US500 (executor returned None — see executor log for reason)
2026-03-30 19:16:22  INFO      TradingRunner: Analysing USTEC …
2026-03-30 19:16:22  INFO      TradingGraph: Running agents for USTEC
2026-03-30 19:16:22  INFO      TradingGraph: Completed 15 agents
2026-03-30 19:16:22  INFO      TradingGraph: Fusing timeframe signals
2026-03-30 19:16:22  INFO      TradingGraph: Fusion: L=-0.447(csns=1.00), M=-0.433(csns=1.00), S=-0.357(csns=1.00), align_str=0.410
2026-03-30 19:16:22  INFO      TradingGraph: Aligned [full-alignment] (bearish) — proceeding [L=-0.447 M=-0.433 S=-0.357 breadth=0.008]
2026-03-30 19:16:22  INFO      TradingGraph: Generating trading recipe
2026-03-30 19:16:22  INFO      TradingGraph: Generated recipe: BALANCED_SHORT_FULL_ALIGNMENT_USTEC
2026-03-30 19:16:22  INFO      TradingGraph: Risk check passed
2026-03-30 19:16:22  INFO      TradingGraph: Creating trade plan
2026-03-30 19:16:22  INFO      TradingGraph: VIX risk scaling: vix_fear=0.51 → risk ×0.91 (0.13)
2026-03-30 19:16:22  INFO      TradingGraph: SL cap [USTEC]: 6.68×ATR → 5.0×ATR
2026-03-30 19:16:22  INFO      TradingGraph: Structure SL/TP [USTEC] entry=23045.60000 sl=24048.21861 (5.00×ATR) tp=22300.43916 (R:R=0.74)
2026-03-30 19:16:22  INFO      TradingGraph: Created trade plan: entry=23045.6000, sl=24048.2200, tp=22042.9800
2026-03-30 19:16:22  INFO      TradingGraph: Executing trade for USTEC
2026-03-30 19:16:22  WARNING   MT5Executor: USTEC: trading disabled on this symbol (trade_mode=0 — may be outside market hours or broker restriction). Skipping.
2026-03-30 19:16:22  INFO      TradingGraph: Order not placed for USTEC (executor returned None — see executor log for reason)
2026-03-30 19:16:22  INFO      TradingRunner: Analysing DAX …
2026-03-30 19:16:22  INFO      TradingGraph: Running agents for DAX
2026-03-30 19:16:22  INFO      TradingGraph: Completed 15 agents
2026-03-30 19:16:22  INFO      TradingGraph: Fusing timeframe signals
2026-03-30 19:16:22  INFO      TradingGraph: Fusion: L=-0.160(csns=1.00), M=-0.094(csns=1.00), S=0.078(csns=0.83), align_str=0.000
2026-03-30 19:16:22  INFO      TradingGraph: Aligned [pullback-entry] (bearish) — proceeding [L=-0.160 M=-0.094 S=0.078 breadth=0.008]
2026-03-30 19:16:22  INFO      TradingGraph: Generating trading recipe
2026-03-30 19:16:22  INFO      TradingGraph: Generated recipe: BALANCED_SHORT_PULLBACK_ENTRY_DAX
2026-03-30 19:16:22  INFO      TradingGraph: Win probability too low: 0.449 < 0.46
2026-03-30 19:16:22  INFO      TradingRunner: Analysing UK100 …
2026-03-30 19:16:22  INFO      TradingGraph: Running agents for UK100
2026-03-30 19:16:22  INFO      TradingGraph: Completed 15 agents
2026-03-30 19:16:22  INFO      TradingGraph: Fusing timeframe signals
2026-03-30 19:16:22  INFO      TradingGraph: Fusion: L=0.136(csns=0.67), M=0.316(csns=1.00), S=0.011(csns=0.17), align_str=0.077
2026-03-30 19:16:22  INFO      TradingGraph: Timeframes not aligned — stopping (L=0.136 M=0.316 S=0.011)
2026-03-30 19:16:22  INFO      TradingRunner: Analysing EURJPY …
2026-03-30 19:16:22  INFO      TradingGraph: Running agents for EURJPY
2026-03-30 19:16:22  INFO      TradingGraph: Completed 15 agents
2026-03-30 19:16:22  INFO      TradingGraph: Fusing timeframe signals
2026-03-30 19:16:22  INFO      TradingGraph: Fusion: L=-0.156(csns=1.00), M=-0.714(csns=1.00), S=-0.052(csns=0.50), align_str=0.179
2026-03-30 19:16:22  INFO      TradingGraph: Aligned [pullback-entry] (bearish) — proceeding [L=-0.156 M=-0.714 S=-0.052 breadth=0.008]
2026-03-30 19:16:22  INFO      TradingGraph: Generating trading recipe
2026-03-30 19:16:22  INFO      TradingGraph: Generated recipe: BALANCED_SHORT_PULLBACK_ENTRY_EURJPY
2026-03-30 19:16:22  INFO      TradingGraph: Pivot guard: support 0.49×ATR away — rejecting SHORT (buffer=0.5)
2026-03-30 19:16:22  INFO      TradingRunner: Analysing GBPJPY …
2026-03-30 19:16:22  INFO      TradingGraph: Running agents for GBPJPY
2026-03-30 19:16:22  INFO      TradingGraph: Completed 15 agents
2026-03-30 19:16:22  INFO      TradingGraph: Fusing timeframe signals
2026-03-30 19:16:22  INFO      TradingGraph: Fusion: L=0.040(csns=0.33), M=-0.775(csns=1.00), S=-0.042(csns=0.50), align_str=0.000
2026-03-30 19:16:22  INFO      TradingGraph: Timeframes not aligned — stopping (L=0.040 M=-0.775 S=-0.042)
2026-03-30 19:16:22  INFO      TradingRunner: Analysing AUDJPY …
2026-03-30 19:16:22  INFO      TradingGraph: Running agents for AUDJPY
2026-03-30 19:16:23  INFO      TradingGraph: Completed 15 agents
2026-03-30 19:16:23  INFO      TradingGraph: Fusing timeframe signals
2026-03-30 19:16:23  INFO      TradingGraph: Fusion: L=0.257(csns=0.33), M=-0.348(csns=1.00), S=-0.107(csns=0.50), align_str=0.000
2026-03-30 19:16:23  INFO      TradingGraph: Timeframes not aligned — stopping (L=0.257 M=-0.348 S=-0.107)
2026-03-30 19:16:23  INFO      TradingRunner: Analysing EURGBP …
2026-03-30 19:16:23  INFO      TradingGraph: Running agents for EURGBP
2026-03-30 19:16:23  INFO      TradingGraph: Completed 15 agents
2026-03-30 19:16:23  INFO      TradingGraph: Fusing timeframe signals
2026-03-30 19:16:23  INFO      TradingGraph: Fusion: L=0.021(csns=0.33), M=0.384(csns=1.00), S=0.197(csns=0.86), align_str=0.116
2026-03-30 19:16:23  INFO      TradingGraph: Timeframes not aligned — stopping (L=0.021 M=0.384 S=0.197)
2026-03-30 19:16:23  INFO      TradingRunner: Analysing EURCHF …
2026-03-30 19:16:23  INFO      TradingGraph: Running agents for EURCHF
2026-03-30 19:16:23  INFO      TradingGraph: Completed 15 agents
2026-03-30 19:16:23  INFO      TradingGraph: Fusing timeframe signals
2026-03-30 19:16:23  INFO      TradingGraph: Fusion: L=-0.200(csns=0.67), M=-0.155(csns=0.67), S=-0.047(csns=0.20), align_str=0.114
2026-03-30 19:16:23  INFO      TradingGraph: Aligned [pullback-entry] (bearish) — proceeding [L=-0.200 M=-0.155 S=-0.047 breadth=0.008]
2026-03-30 19:16:23  INFO      TradingGraph: Generating trading recipe
2026-03-30 19:16:23  INFO      TradingGraph: Generated recipe: BALANCED_SHORT_PULLBACK_ENTRY_EURCHF
2026-03-30 19:16:23  INFO      TradingGraph: Risk check passed
2026-03-30 19:16:23  INFO      TradingGraph: Creating trade plan
2026-03-30 19:16:23  INFO      TradingGraph: Structure SL/TP [EURCHF] entry=0.91712 sl=0.92292 (3.22×ATR) tp=0.91185 (R:R=0.91)
2026-03-30 19:16:23  INFO      TradingGraph: Created trade plan: entry=0.9171, sl=0.9229, tp=0.9113
2026-03-30 19:16:23  INFO      TradingGraph: Executing trade for EURCHF
2026-03-30 19:16:24  INFO      MT5Executor: EURCHF: lots=0.01 (risk=$6.33)
2026-03-30 19:16:24  INFO      MT5Executor: Market order filled: ticket=56001766882 vol=0.01
2026-03-30 19:16:24  INFO      TradingGraph: Order placed: ticket=56001766882
2026-03-30 19:16:24  INFO      OrderManager: Created order order_2_20260330_191624 for EURCHF
2026-03-30 19:16:24  INFO      TradeJournal: TRADE  EURCHF           Direction.SHORT  qty=0.01  entry=0.91712  sl=0.92292  tp=0.91132  ticket=56001766882
2026-03-30 19:16:24  INFO      TradingRunner: EURCHF: trade placed — daily count 2/6, next entry in 60min
2026-03-30 19:16:24  INFO      TradingRunner: Analysing CHFJPY …
2026-03-30 19:16:24  INFO      TradingGraph: Running agents for CHFJPY
2026-03-30 19:16:24  INFO      TradingGraph: Completed 15 agents
2026-03-30 19:16:24  INFO      TradingGraph: Fusing timeframe signals
2026-03-30 19:16:24  INFO      TradingGraph: Fusion: L=0.266(csns=0.67), M=-0.575(csns=1.00), S=-0.162(csns=0.75), align_str=0.000
2026-03-30 19:16:24  INFO      TradingGraph: Aligned [counter-trend-scalp] (bearish) — proceeding [L=0.266 M=-0.575 S=-0.162 breadth=0.008]
2026-03-30 19:16:24  INFO      TradingGraph: Generating trading recipe
2026-03-30 19:16:24  INFO      TradingGraph: Generated recipe: BALANCED_SHORT_COUNTER_TREND_SCALP_CHFJPY
2026-03-30 19:16:24  INFO      TradingGraph: Risk check passed
2026-03-30 19:16:24  INFO      TradingGraph: Creating trade plan
2026-03-30 19:16:25  INFO      TradingGraph: Structure SL/TP [CHFJPY] entry=199.29800 sl=201.21529 (3.92×ATR) tp=197.62400 (R:R=0.87)
2026-03-30 19:16:25  INFO      TradingGraph: Created trade plan: entry=199.2980, sl=201.2150, tp=197.3810
2026-03-30 19:16:25  INFO      TradingGraph: Executing trade for CHFJPY
2026-03-30 19:16:25  INFO      MT5Executor: CHFJPY: lots=0.01 (risk=$10.49)
2026-03-30 19:16:25  INFO      MT5Executor: Market order filled: ticket=56001767232 vol=0.01
2026-03-30 19:16:25  INFO      TradingGraph: Order placed: ticket=56001767232
2026-03-30 19:16:25  INFO      OrderManager: Created order order_3_20260330_191625 for CHFJPY
2026-03-30 19:16:25  INFO      TradeJournal: TRADE  CHFJPY           Direction.SHORT  qty=0.01  entry=199.29800  sl=201.21500  tp=197.38100  ticket=56001767232
2026-03-30 19:16:25  INFO      TradingRunner: CHFJPY: trade placed — daily count 3/6, next entry in 60min
2026-03-30 19:16:25  INFO      TradingRunner: Analysing XAGUSD …
2026-03-30 19:16:25  INFO      TradingGraph: Running agents for XAGUSD
2026-03-30 19:16:26  INFO      TradingGraph: Completed 15 agents
2026-03-30 19:16:26  INFO      TradingGraph: Fusing timeframe signals
2026-03-30 19:16:26  INFO      TradingGraph: Fusion: L=-0.184(csns=0.50), M=0.124(csns=1.00), S=-0.197(csns=0.80), align_str=0.000
2026-03-30 19:16:26  INFO      TradingGraph: Timeframes not aligned — stopping (L=-0.184 M=0.124 S=-0.197)
2026-03-30 19:16:26  INFO      TradingRunner: PnL — unrealized: +0.11  realized today: +0.00  total: +0.11
2026-03-30 19:16:26  INFO      TradingRunner: Signal cycle done in 11.3s — sleeping 289s
2026-03-30 19:17:12  INFO      TrailingStopManager: Structural update SELL GBPUSD #56001765946: SL 1.33847->1.33366  TP 1.29831->1.29831  (live=1.31860 atr=0.00200)
2026-03-30 19:17:12  INFO      MT5Executor: SL/TP modified for position 56001765946: SL=1.33366  TP=1.29831
2026-03-30 19:17:12  INFO      TrailingStopManager: Structural update SELL EURCHF #56001766882: SL 0.92292->0.92269  TP 0.91132->0.91132  (live=0.91715 atr=0.00086)
2026-03-30 19:17:12  INFO      MT5Executor: SL/TP modified for position 56001766882: SL=0.92269  TP=0.91132
2026-03-30 19:17:12  INFO      TrailingStopManager: Structural update SELL CHFJPY #56001767232: SL 201.21500->201.14888  TP 197.38100->197.38100  (live=199.29100 atr=0.22619)
2026-03-30 19:17:12  INFO      MT5Executor: SL/TP modified for position 56001767232: SL=201.14888  TP=197.38100
2026-03-30 19:17:12  INFO      TradingGraph: Running agents for EURUSD
2026-03-30 19:17:12  INFO      TradingGraph: Completed 15 agents
2026-03-30 19:17:12  INFO      TradingGraph: Fusing timeframe signals
2026-03-30 19:17:12  INFO      TradingGraph: Fusion: L=-0.547(csns=1.00), M=-0.584(csns=1.00), S=-0.194(csns=0.67), align_str=0.396
2026-03-30 19:17:13  INFO      TradingGraph: Running agents for GBPUSD
2026-03-30 19:17:13  INFO      TradingGraph: Completed 15 agents
2026-03-30 19:17:13  INFO      TradingGraph: Fusing timeframe signals
2026-03-30 19:17:13  INFO      TradingGraph: Fusion: L=-0.580(csns=1.00), M=-0.595(csns=1.00), S=-0.195(csns=0.67), align_str=0.406
2026-03-30 19:17:13  INFO      TradingGraph: Running agents for EURCHF
2026-03-30 19:17:13  INFO      TradingGraph: Completed 15 agents
2026-03-30 19:17:13  INFO      TradingGraph: Fusing timeframe signals
2026-03-30 19:17:13  INFO      TradingGraph: Fusion: L=-0.199(csns=0.67), M=-0.146(csns=0.67), S=-0.041(csns=0.17), align_str=0.106
2026-03-30 19:17:14  INFO      TradingGraph: Running agents for CHFJPY
2026-03-30 19:17:14  INFO      TradingGraph: Completed 15 agents
2026-03-30 19:17:14  INFO      TradingGraph: Fusing timeframe signals
2026-03-30 19:17:14  INFO      TradingGraph: Fusion: L=0.267(csns=0.67), M=-0.579(csns=1.00), S=-0.166(csns=0.75), align_str=0.000
2026-03-30 19:17:45  INFO      TradingRunner: [WATCHDOG] alive | equity=137.74 | cycle=1 | profile=balanced
2026-03-30 19:18:12  INFO      TrailingStopManager: Structural update SELL CHFJPY #56001767232: SL 201.14900->201.14888  TP 197.38100->197.38100  (live=199.28500 atr=0.22619)
2026-03-30 19:18:13  INFO      TradingGraph: Running agents for EURUSD
2026-03-30 19:18:13  INFO      TradingGraph: Completed 15 agents
2026-03-30 19:18:13  INFO      TradingGraph: Fusing timeframe signals
2026-03-30 19:18:13  INFO      TradingGraph: Fusion: L=-0.546(csns=1.00), M=-0.578(csns=1.00), S=-0.184(csns=0.67), align_str=0.387
2026-03-30 19:18:13  INFO      TradingGraph: Running agents for GBPUSD
2026-03-30 19:18:13  INFO      TradingGraph: Completed 15 agents
2026-03-30 19:18:13  INFO      TradingGraph: Fusing timeframe signals
2026-03-30 19:18:13  INFO      TradingGraph: Fusion: L=-0.580(csns=1.00), M=-0.594(csns=1.00), S=-0.195(csns=0.67), align_str=0.406
2026-03-30 19:18:14  INFO      TradingGraph: Running agents for EURCHF
2026-03-30 19:18:14  INFO      TradingGraph: Completed 15 agents
2026-03-30 19:18:14  INFO      TradingGraph: Fusing timeframe signals
2026-03-30 19:18:14  INFO      TradingGraph: Fusion: L=-0.198(csns=0.67), M=-0.136(csns=0.67), S=-0.035(csns=0.17), align_str=0.098
2026-03-30 19:18:14  INFO      TradingGraph: Running agents for CHFJPY
2026-03-30 19:18:14  INFO      TradingGraph: Completed 15 agents
2026-03-30 19:18:14  INFO      TradingGraph: Fusing timeframe signals
2026-03-30 19:18:14  INFO      TradingGraph: Fusion: L=0.267(csns=0.67), M=-0.583(csns=1.00), S=-0.170(csns=0.80), align_str=0.000
2026-03-30 19:19:12  INFO      TrailingStopManager: Structural update SELL CHFJPY #56001767232: SL 201.14900->201.14888  TP 197.38100->197.38100  (live=199.30400 atr=0.22619)
2026-03-30 19:19:12  INFO      TradingGraph: Running agents for EURUSD
2026-03-30 19:19:12  INFO      TradingGraph: Completed 15 agents
2026-03-30 19:19:12  INFO      TradingGraph: Fusing timeframe signals
2026-03-30 19:19:12  INFO      TradingGraph: Fusion: L=-0.545(csns=1.00), M=-0.549(csns=1.00), S=-0.177(csns=0.67), align_str=0.376
2026-03-30 19:19:13  INFO      TradingGraph: Running agents for GBPUSD
2026-03-30 19:19:13  INFO      TradingGraph: Completed 15 agents
2026-03-30 19:19:13  INFO      TradingGraph: Fusing timeframe signals
2026-03-30 19:19:13  INFO      TradingGraph: Fusion: L=-0.578(csns=1.00), M=-0.582(csns=1.00), S=-0.192(csns=0.67), align_str=0.401
2026-03-30 19:19:13  INFO      TradingGraph: Running agents for EURCHF
2026-03-30 19:19:13  INFO      TradingGraph: Completed 15 agents
2026-03-30 19:19:13  INFO      TradingGraph: Fusing timeframe signals
2026-03-30 19:19:13  INFO      TradingGraph: Fusion: L=-0.198(csns=0.67), M=-0.136(csns=0.67), S=-0.035(csns=0.17), align_str=0.098
2026-03-30 19:19:13  INFO      TradingGraph: Running agents for CHFJPY
2026-03-30 19:19:13  INFO      TradingGraph: Completed 15 agents
2026-03-30 19:19:13  INFO      TradingGraph: Fusing timeframe signals
2026-03-30 19:19:13  INFO      TradingGraph: Fusion: L=0.266(csns=0.67), M=-0.570(csns=1.00), S=-0.141(csns=0.60), align_str=0.000
2026-03-30 19:20:12  INFO      TrailingStopManager: Structural update SELL CHFJPY #56001767232: SL 201.14900->201.14888  TP 197.38100->197.38100  (live=199.30400 atr=0.22619)
2026-03-30 19:20:12  INFO      TradingGraph: Running agents for EURUSD
2026-03-30 19:20:12  INFO      TradingGraph: Completed 15 agents
2026-03-30 19:20:12  INFO      TradingGraph: Fusing timeframe signals
2026-03-30 19:20:12  INFO      TradingGraph: Fusion: L=-0.546(csns=1.00), M=-0.576(csns=1.00), S=-0.183(csns=0.67), align_str=0.386
2026-03-30 19:20:13  INFO      TradingGraph: Running agents for GBPUSD
2026-03-30 19:20:13  INFO      TradingGraph: Completed 15 agents
2026-03-30 19:20:13  INFO      TradingGraph: Fusing timeframe signals
2026-03-30 19:20:13  INFO      TradingGraph: Fusion: L=-0.578(csns=1.00), M=-0.585(csns=1.00), S=-0.192(csns=0.67), align_str=0.402
2026-03-30 19:20:13  INFO      TradingGraph: Running agents for EURCHF
2026-03-30 19:20:13  INFO      TradingGraph: Completed 15 agents
2026-03-30 19:20:13  INFO      TradingGraph: Fusing timeframe signals
2026-03-30 19:20:13  INFO      TradingGraph: Fusion: L=-0.198(csns=0.67), M=-0.136(csns=0.67), S=-0.034(csns=0.17), align_str=0.097
2026-03-30 19:20:13  INFO      TradingGraph: Running agents for CHFJPY
2026-03-30 19:20:14  INFO      TradingGraph: Completed 15 agents
2026-03-30 19:20:14  INFO      TradingGraph: Fusing timeframe signals
2026-03-30 19:20:14  INFO      TradingGraph: Fusion: L=0.266(csns=0.67), M=-0.570(csns=1.00), S=-0.141(csns=0.60), align_str=0.000
2026-03-30 19:21:12  INFO      TrailingStopManager: Structural update SELL CHFJPY #56001767232: SL 201.14900->201.14888  TP 197.38100->197.38100  (live=199.32500 atr=0.22619)
2026-03-30 19:21:12  INFO      TradingGraph: Running agents for EURUSD
2026-03-30 19:21:12  INFO      TradingGraph: Completed 15 agents
2026-03-30 19:21:12  INFO      TradingGraph: Fusing timeframe signals
2026-03-30 19:21:12  INFO      TradingGraph: Fusion: L=-0.548(csns=1.00), M=-0.589(csns=1.00), S=-0.201(csns=0.67), align_str=0.402
2026-03-30 19:21:13  INFO      TradingGraph: Running agents for GBPUSD
2026-03-30 19:21:13  INFO      TradingGraph: Completed 15 agents
2026-03-30 19:21:13  INFO      TradingGraph: Fusing timeframe signals
2026-03-30 19:21:13  INFO      TradingGraph: Fusion: L=-0.580(csns=1.00), M=-0.597(csns=1.00), S=-0.214(csns=0.80), align_str=0.420
2026-03-30 19:21:13  INFO      TradingGraph: Running agents for EURCHF
2026-03-30 19:21:13  INFO      TradingGraph: Completed 15 agents
2026-03-30 19:21:13  INFO      TradingGraph: Fusing timeframe signals
2026-03-30 19:21:13  INFO      TradingGraph: Fusion: L=-0.198(csns=0.67), M=-0.144(csns=0.67), S=-0.038(csns=0.17), align_str=0.103
2026-03-30 19:21:14  INFO      TradingGraph: Running agents for CHFJPY
2026-03-30 19:21:14  INFO      TradingGraph: Completed 15 agents
2026-03-30 19:21:14  INFO      TradingGraph: Fusing timeframe signals
2026-03-30 19:21:14  INFO      TradingGraph: Fusion: L=0.265(csns=0.67), M=-0.556(csns=1.00), S=-0.120(csns=0.50), align_str=0.000
2026-03-30 19:21:19  INFO      TradingRunner: Analysing EURUSD …
2026-03-30 19:21:19  INFO      TradingGraph: Running agents for EURUSD
2026-03-30 19:21:19  INFO      TradingGraph: Completed 15 agents
2026-03-30 19:21:19  INFO      TradingGraph: Fusing timeframe signals
2026-03-30 19:21:19  INFO      TradingGraph: Fusion: L=-0.549(csns=1.00), M=-0.593(csns=1.00), S=-0.202(csns=0.67), align_str=0.404
2026-03-30 19:21:19  INFO      TradingGraph: Aligned [full-alignment] (bearish) — proceeding [L=-0.549 M=-0.593 S=-0.202 breadth=0.008]
2026-03-30 19:21:19  INFO      TradingGraph: Generating trading recipe
2026-03-30 19:21:19  INFO      TradingGraph: Generated recipe: BALANCED_SHORT_FULL_ALIGNMENT_EURUSD
2026-03-30 19:21:19  INFO      TradingGraph: Correlation guard: 2/2 long_usd positions already open — refusing EURUSD SELL
2026-03-30 19:21:19  INFO      TradingRunner: Analysing USDJPY …
2026-03-30 19:21:19  INFO      TradingGraph: Running agents for USDJPY
2026-03-30 19:21:20  INFO      TradingGraph: Completed 15 agents
2026-03-30 19:21:20  INFO      TradingGraph: Fusing timeframe signals
2026-03-30 19:21:20  INFO      TradingGraph: Fusion: L=0.366(csns=0.67), M=-0.091(csns=1.00), S=0.070(csns=0.80), align_str=0.000
2026-03-30 19:21:20  INFO      TradingGraph: Aligned [pullback-entry] (bullish) — proceeding [L=0.366 M=-0.091 S=0.070 breadth=0.008]
2026-03-30 19:21:20  INFO      TradingGraph: Generating trading recipe
2026-03-30 19:21:20  INFO      TradingGraph: Generated recipe: BALANCED_LONG_PULLBACK_ENTRY_USDJPY
2026-03-30 19:21:20  INFO      TradingGraph: Correlation guard: 2/2 long_usd positions already open — refusing USDJPY BUY
2026-03-30 19:21:20  INFO      TradingRunner: Analysing USDCHF …
2026-03-30 19:21:20  INFO      TradingGraph: Running agents for USDCHF
2026-03-30 19:21:20  INFO      TradingGraph: Completed 15 agents
2026-03-30 19:21:20  INFO      TradingGraph: Fusing timeframe signals
2026-03-30 19:21:20  INFO      TradingGraph: Fusion: L=0.573(csns=1.00), M=0.354(csns=0.67), S=0.194(csns=0.83), align_str=0.340
2026-03-30 19:21:20  INFO      TradingGraph: Aligned [full-alignment] (bullish) — proceeding [L=0.573 M=0.354 S=0.194 breadth=0.008]
2026-03-30 19:21:20  INFO      TradingGraph: Generating trading recipe
2026-03-30 19:21:20  INFO      TradingGraph: Generated recipe: BALANCED_LONG_FULL_ALIGNMENT_USDCHF
2026-03-30 19:21:20  INFO      TradingGraph: Correlation guard: 2/2 long_usd positions already open — refusing USDCHF BUY
2026-03-30 19:21:20  INFO      TradingRunner: Analysing AUDUSD …
2026-03-30 19:21:20  INFO      TradingGraph: Running agents for AUDUSD
2026-03-30 19:21:20  INFO      TradingGraph: Completed 15 agents
2026-03-30 19:21:20  INFO      TradingGraph: Fusing timeframe signals
2026-03-30 19:21:20  INFO      TradingGraph: Fusion: L=-0.065(csns=1.00), M=-0.127(csns=0.67), S=-0.107(csns=0.75), align_str=0.096
2026-03-30 19:21:20  INFO      TradingGraph: Timeframes not aligned — stopping (L=-0.065 M=-0.127 S=-0.107)
2026-03-30 19:21:20  INFO      TradingRunner: Analysing USDCAD …
2026-03-30 19:21:20  INFO      TradingGraph: Running agents for USDCAD
2026-03-30 19:21:20  INFO      TradingGraph: Completed 15 agents
2026-03-30 19:21:20  INFO      TradingGraph: Fusing timeframe signals
2026-03-30 19:21:20  INFO      TradingGraph: Fusion: L=0.597(csns=1.00), M=0.342(csns=0.75), S=0.213(csns=0.83), align_str=0.352
2026-03-30 19:21:20  INFO      TradingGraph: Aligned [full-alignment] (bullish) — proceeding [L=0.597 M=0.342 S=0.213 breadth=0.008]
2026-03-30 19:21:20  INFO      TradingGraph: Generating trading recipe
2026-03-30 19:21:20  INFO      TradingGraph: Generated recipe: BALANCED_LONG_FULL_ALIGNMENT_USDCAD
2026-03-30 19:21:20  INFO      TradingGraph: Correlation guard: 2/2 long_usd positions already open — refusing USDCAD BUY
2026-03-30 19:21:20  INFO      TradingRunner: Analysing NZDUSD …
2026-03-30 19:21:20  INFO      TradingGraph: Running agents for NZDUSD
2026-03-30 19:21:20  INFO      TradingGraph: Completed 15 agents
2026-03-30 19:21:20  INFO      TradingGraph: Fusing timeframe signals
2026-03-30 19:21:20  INFO      TradingGraph: Fusion: L=-0.621(csns=1.00), M=-0.345(csns=0.75), S=-0.227(csns=1.00), align_str=0.365
2026-03-30 19:21:20  INFO      TradingGraph: Aligned [full-alignment] (bearish) — proceeding [L=-0.621 M=-0.345 S=-0.227 breadth=0.008]
2026-03-30 19:21:20  INFO      TradingGraph: Generating trading recipe
2026-03-30 19:21:20  INFO      TradingGraph: Generated recipe: BALANCED_SHORT_FULL_ALIGNMENT_NZDUSD
2026-03-30 19:21:20  INFO      TradingGraph: Correlation guard: 2/2 long_usd positions already open — refusing NZDUSD SELL
2026-03-30 19:21:20  INFO      TradingRunner: Analysing US30 …
2026-03-30 19:21:20  INFO      TradingGraph: Running agents for US30
2026-03-30 19:21:20  INFO      TradingGraph: Completed 15 agents
2026-03-30 19:21:20  INFO      TradingGraph: Fusing timeframe signals
2026-03-30 19:21:20  INFO      TradingGraph: Fusion: L=-0.356(csns=1.00), M=-0.185(csns=1.00), S=-0.079(csns=1.00), align_str=0.173
2026-03-30 19:21:20  INFO      TradingGraph: Aligned [pullback-entry] (bearish) — proceeding [L=-0.356 M=-0.185 S=-0.079 breadth=0.008]
2026-03-30 19:21:20  INFO      TradingGraph: Generating trading recipe
2026-03-30 19:21:20  INFO      TradingGraph: Generated recipe: BALANCED_SHORT_PULLBACK_ENTRY_US30
2026-03-30 19:21:20  INFO      TradingGraph: Risk check passed
2026-03-30 19:21:20  INFO      TradingGraph: Creating trade plan
2026-03-30 19:21:20  INFO      TradingGraph: VIX risk scaling: vix_fear=0.55 → risk ×0.88 (0.12)
2026-03-30 19:21:20  INFO      TradingGraph: Structure SL/TP [US30] entry=45303.90000 sl=46640.95255 (3.93×ATR) tp=44395.40000 (R:R=0.68)
2026-03-30 19:21:20  INFO      TradingGraph: Created trade plan: entry=45303.9000, sl=46640.9500, tp=43966.8500
2026-03-30 19:21:20  INFO      TradingGraph: Executing trade for US30
2026-03-30 19:21:20  WARNING   MT5Executor: US30: trading disabled on this symbol (trade_mode=0 — may be outside market hours or broker restriction). Skipping.
2026-03-30 19:21:20  INFO      TradingGraph: Order not placed for US30 (executor returned None — see executor log for reason)
2026-03-30 19:21:20  INFO      TradingRunner: Analysing US500 …
2026-03-30 19:21:20  INFO      TradingGraph: Running agents for US500
2026-03-30 19:21:20  INFO      TradingGraph: Completed 15 agents
2026-03-30 19:21:20  INFO      TradingGraph: Fusing timeframe signals
2026-03-30 19:21:20  INFO      TradingGraph: Fusion: L=-0.442(csns=1.00), M=-0.369(csns=1.00), S=-0.304(csns=0.83), align_str=0.368
2026-03-30 19:21:20  INFO      TradingGraph: Aligned [full-alignment] (bearish) — proceeding [L=-0.442 M=-0.369 S=-0.304 breadth=0.008]
2026-03-30 19:21:20  INFO      TradingGraph: Generating trading recipe
2026-03-30 19:21:20  INFO      TradingGraph: Generated recipe: BALANCED_SHORT_FULL_ALIGNMENT_US500
2026-03-30 19:21:20  INFO      TradingGraph: Risk check passed
2026-03-30 19:21:20  INFO      TradingGraph: Creating trade plan
2026-03-30 19:21:20  INFO      TradingGraph: VIX risk scaling: vix_fear=0.55 → risk ×0.88 (0.12)
2026-03-30 19:21:20  INFO      TradingGraph: SL cap [US500]: 6.01×ATR → 5.0×ATR
2026-03-30 19:21:20  INFO      TradingGraph: Structure SL/TP [US500] entry=6361.70000 sl=6600.78088 (5.00×ATR) tp=6152.37713 (R:R=0.88)
2026-03-30 19:21:20  INFO      TradingGraph: Created trade plan: entry=6361.7000, sl=6600.7800, tp=6122.6200
2026-03-30 19:21:20  INFO      TradingGraph: Executing trade for US500
2026-03-30 19:21:20  WARNING   MT5Executor: US500: trading disabled on this symbol (trade_mode=0 — may be outside market hours or broker restriction). Skipping.
2026-03-30 19:21:20  INFO      TradingGraph: Order not placed for US500 (executor returned None — see executor log for reason)
2026-03-30 19:21:20  INFO      TradingRunner: Analysing USTEC …
2026-03-30 19:21:20  INFO      TradingGraph: Running agents for USTEC
2026-03-30 19:21:21  INFO      TradingGraph: Completed 15 agents
2026-03-30 19:21:21  INFO      TradingGraph: Fusing timeframe signals
2026-03-30 19:21:21  INFO      TradingGraph: Fusion: L=-0.448(csns=1.00), M=-0.428(csns=1.00), S=-0.318(csns=0.83), align_str=0.394
2026-03-30 19:21:21  INFO      TradingGraph: Aligned [full-alignment] (bearish) — proceeding [L=-0.448 M=-0.428 S=-0.318 breadth=0.008]
2026-03-30 19:21:21  INFO      TradingGraph: Generating trading recipe
2026-03-30 19:21:21  INFO      TradingGraph: Generated recipe: BALANCED_SHORT_FULL_ALIGNMENT_USTEC
2026-03-30 19:21:21  INFO      TradingGraph: Risk check passed
2026-03-30 19:21:21  INFO      TradingGraph: Creating trade plan
2026-03-30 19:21:21  INFO      TradingGraph: VIX risk scaling: vix_fear=0.51 → risk ×0.90 (0.12)
2026-03-30 19:21:21  INFO      TradingGraph: SL cap [USTEC]: 6.68×ATR → 5.0×ATR
2026-03-30 19:21:21  INFO      TradingGraph: Structure SL/TP [USTEC] entry=23042.10000 sl=24047.36147 (5.00×ATR) tp=22299.61446 (R:R=0.74)
2026-03-30 19:21:21  INFO      TradingGraph: Created trade plan: entry=23042.1000, sl=24047.3600, tp=22036.8400
2026-03-30 19:21:21  INFO      TradingGraph: Executing trade for USTEC
2026-03-30 19:21:21  WARNING   MT5Executor: USTEC: trading disabled on this symbol (trade_mode=0 — may be outside market hours or broker restriction). Skipping.
2026-03-30 19:21:21  INFO      TradingGraph: Order not placed for USTEC (executor returned None — see executor log for reason)
2026-03-30 19:21:21  INFO      TradingRunner: Analysing DAX …
2026-03-30 19:21:21  INFO      TradingGraph: Running agents for DAX
2026-03-30 19:21:21  INFO      TradingGraph: Completed 15 agents
2026-03-30 19:21:21  INFO      TradingGraph: Fusing timeframe signals
2026-03-30 19:21:21  INFO      TradingGraph: Fusion: L=-0.160(csns=1.00), M=-0.094(csns=1.00), S=0.078(csns=0.83), align_str=0.000
2026-03-30 19:21:21  INFO      TradingGraph: Aligned [pullback-entry] (bearish) — proceeding [L=-0.160 M=-0.094 S=0.078 breadth=0.008]
2026-03-30 19:21:21  INFO      TradingGraph: Generating trading recipe
2026-03-30 19:21:21  INFO      TradingGraph: Generated recipe: BALANCED_SHORT_PULLBACK_ENTRY_DAX
2026-03-30 19:21:21  INFO      TradingGraph: Win probability too low: 0.449 < 0.46
2026-03-30 19:21:21  INFO      TradingRunner: Analysing UK100 …
2026-03-30 19:21:21  INFO      TradingGraph: Running agents for UK100
2026-03-30 19:21:21  INFO      TradingGraph: Completed 15 agents
2026-03-30 19:21:21  INFO      TradingGraph: Fusing timeframe signals
2026-03-30 19:21:21  INFO      TradingGraph: Fusion: L=0.135(csns=0.67), M=0.304(csns=1.00), S=0.009(csns=0.17), align_str=0.071
2026-03-30 19:21:21  INFO      TradingGraph: Timeframes not aligned — stopping (L=0.135 M=0.304 S=0.009)
2026-03-30 19:21:21  INFO      TradingRunner: Analysing EURJPY …
2026-03-30 19:21:21  INFO      TradingGraph: Running agents for EURJPY
2026-03-30 19:21:21  INFO      TradingGraph: Completed 15 agents
2026-03-30 19:21:21  INFO      TradingGraph: Fusing timeframe signals
2026-03-30 19:21:21  INFO      TradingGraph: Fusion: L=-0.154(csns=1.00), M=-0.693(csns=1.00), S=-0.043(csns=0.50), align_str=0.167
2026-03-30 19:21:21  INFO      TradingGraph: Aligned [pullback-entry] (bearish) — proceeding [L=-0.154 M=-0.693 S=-0.043 breadth=0.008]
2026-03-30 19:21:21  INFO      TradingGraph: Generating trading recipe
2026-03-30 19:21:21  INFO      TradingGraph: Generated recipe: BALANCED_SHORT_PULLBACK_ENTRY_EURJPY
2026-03-30 19:21:21  INFO      TradingGraph: Risk check passed
2026-03-30 19:21:21  INFO      TradingGraph: Creating trade plan
2026-03-30 19:21:21  INFO      TradingGraph: VIX risk scaling: vix_fear=0.45 → risk ×0.96 (0.13)
2026-03-30 19:21:21  INFO      TradingGraph: Structure SL/TP [EURJPY] entry=182.83300 sl=184.17657 (3.63×ATR) tp=181.86900 (R:R=0.72)
2026-03-30 19:21:21  INFO      TradingGraph: Created trade plan: entry=182.8330, sl=184.1770, tp=181.4890
2026-03-30 19:21:21  INFO      TradingGraph: Executing trade for EURJPY
2026-03-30 19:21:21  INFO      MT5Executor: EURJPY: lots=0.01 (risk=$7.35)
2026-03-30 19:21:21  INFO      MT5Executor: Market order filled: ticket=56001861235 vol=0.01
2026-03-30 19:21:21  INFO      TradingGraph: Order placed: ticket=56001861235
2026-03-30 19:21:21  INFO      OrderManager: Created order order_4_20260330_192121 for EURJPY
2026-03-30 19:21:21  INFO      TradeJournal: TRADE  EURJPY           Direction.SHORT  qty=0.01  entry=182.83300  sl=184.17700  tp=181.48900  ticket=56001861235
2026-03-30 19:21:21  INFO      TradingRunner: EURJPY: trade placed — daily count 4/6, next entry in 60min
2026-03-30 19:21:22  INFO      TradingRunner: Analysing GBPJPY …
2026-03-30 19:21:22  INFO      TradingGraph: Running agents for GBPJPY
2026-03-30 19:21:22  INFO      TradingGraph: Completed 15 agents
2026-03-30 19:21:22  INFO      TradingGraph: Fusing timeframe signals
2026-03-30 19:21:22  INFO      TradingGraph: Fusion: L=0.040(csns=0.33), M=-0.753(csns=1.00), S=-0.027(csns=0.50), align_str=0.000
2026-03-30 19:21:22  INFO      TradingGraph: Timeframes not aligned — stopping (L=0.040 M=-0.753 S=-0.027)
2026-03-30 19:21:22  INFO      TradingRunner: Analysing AUDJPY …
2026-03-30 19:21:22  INFO      TradingGraph: Running agents for AUDJPY
2026-03-30 19:21:22  INFO      TradingGraph: Completed 15 agents
2026-03-30 19:21:22  INFO      TradingGraph: Fusing timeframe signals
2026-03-30 19:21:22  INFO      TradingGraph: Fusion: L=0.257(csns=0.33), M=-0.339(csns=1.00), S=-0.090(csns=0.50), align_str=0.000
2026-03-30 19:21:22  INFO      TradingGraph: Timeframes not aligned — stopping (L=0.257 M=-0.339 S=-0.090)
2026-03-30 19:21:22  INFO      TradingRunner: Analysing EURGBP …
2026-03-30 19:21:22  INFO      TradingGraph: Running agents for EURGBP
2026-03-30 19:21:22  INFO      TradingGraph: Completed 15 agents
2026-03-30 19:21:22  INFO      TradingGraph: Fusing timeframe signals
2026-03-30 19:21:22  INFO      TradingGraph: Fusion: L=0.021(csns=0.33), M=0.379(csns=1.00), S=0.222(csns=0.86), align_str=0.120
2026-03-30 19:21:22  INFO      TradingGraph: Timeframes not aligned — stopping (L=0.021 M=0.379 S=0.222)
2026-03-30 19:21:22  INFO      TradingRunner: Analysing XAGUSD …
2026-03-30 19:21:22  INFO      TradingGraph: Running agents for XAGUSD
2026-03-30 19:21:22  INFO      TradingGraph: Completed 15 agents
2026-03-30 19:21:22  INFO      TradingGraph: Fusing timeframe signals
2026-03-30 19:21:22  INFO      TradingGraph: Fusion: L=-0.184(csns=0.50), M=0.135(csns=1.00), S=-0.228(csns=0.83), align_str=0.000
2026-03-30 19:21:22  INFO      TradingGraph: Timeframes not aligned — stopping (L=-0.184 M=0.135 S=-0.228)
2026-03-30 19:21:22  INFO      TradingRunner: PnL — unrealized: -0.23  realized today: +0.00  total: -0.23
2026-03-30 19:21:22  INFO      TradingRunner: Signal cycle done in 7.5s — sleeping 293s
2026-03-30 19:22:15  WARNING   TradingRunner: [WATCHDOG] MT5 connection lost — attempting reconnect
2026-03-30 19:22:15  INFO      TradingRunner: [WATCHDOG] Reconnect attempt 1/5 (waiting 10s)
2026-03-30 19:22:25  INFO      MT5Executor: MT5 connection closed
2026-03-30 19:22:25  INFO      MT5Executor: Using mt5linux backend → localhost:18812
2026-03-30 19:22:25  INFO      MT5Executor: Connected to MT5: 5048478471 on MetaQuotes-Demo | balance=137.45 | trade_allowed=True
2026-03-30 19:22:25  INFO      TradingRunner: [WATCHDOG] MT5 reconnected successfully
2026-03-30 19:23:12  INFO      TrailingStopManager: Structural update SELL CHFJPY #56001767232: SL 201.14900->201.14888  TP 197.38100->197.38100  (live=199.32200 atr=0.22619)
2026-03-30 19:23:12  INFO      TrailingStopManager: Structural update SELL EURJPY #56001861235: SL 184.17700->184.13402  TP 181.48900->181.48900  (live=182.82700 atr=0.20010)
2026-03-30 19:23:12  INFO      MT5Executor: SL/TP modified for position 56001861235: SL=184.13402  TP=181.48900
2026-03-30 19:23:13  INFO      TradingGraph: Running agents for EURUSD
2026-03-30 19:23:13  INFO      TradingGraph: Completed 15 agents
2026-03-30 19:23:13  INFO      TradingGraph: Fusing timeframe signals
2026-03-30 19:23:13  INFO      TradingGraph: Fusion: L=-0.548(csns=1.00), M=-0.589(csns=1.00), S=-0.201(csns=0.67), align_str=0.402
2026-03-30 19:23:13  INFO      TradingGraph: Running agents for GBPUSD
2026-03-30 19:23:13  INFO      TradingGraph: Completed 15 agents
2026-03-30 19:23:13  INFO      TradingGraph: Fusing timeframe signals
2026-03-30 19:23:13  INFO      TradingGraph: Fusion: L=-0.580(csns=1.00), M=-0.597(csns=1.00), S=-0.214(csns=0.80), align_str=0.420
2026-03-30 19:23:14  INFO      TradingGraph: Running agents for EURCHF
2026-03-30 19:23:14  INFO      TradingGraph: Completed 15 agents
2026-03-30 19:23:14  INFO      TradingGraph: Fusing timeframe signals
2026-03-30 19:23:14  INFO      TradingGraph: Fusion: L=-0.198(csns=0.67), M=-0.142(csns=0.67), S=-0.037(csns=0.17), align_str=0.101
2026-03-30 19:23:14  INFO      TradingGraph: Running agents for CHFJPY
2026-03-30 19:23:14  INFO      TradingGraph: Completed 15 agents
2026-03-30 19:23:14  INFO      TradingGraph: Fusing timeframe signals
2026-03-30 19:23:14  INFO      TradingGraph: Fusion: L=0.265(csns=0.67), M=-0.557(csns=1.00), S=-0.120(csns=0.50), align_str=0.000
2026-03-30 19:23:14  INFO      TradingGraph: Running agents for EURJPY
2026-03-30 19:23:14  INFO      TradingGraph: Completed 15 agents
2026-03-30 19:23:14  INFO      TradingGraph: Fusing timeframe signals
2026-03-30 19:23:14  INFO      TradingGraph: Fusion: L=-0.155(csns=1.00), M=-0.698(csns=1.00), S=-0.045(csns=0.50), align_str=0.169
2026-03-30 19:24:12  INFO      TrailingStopManager: Structural update SELL CHFJPY #56001767232: SL 201.14900->201.14888  TP 197.38100->197.38100  (live=199.32600 atr=0.22619)
2026-03-30 19:24:13  INFO      TradingGraph: Running agents for EURUSD
2026-03-30 19:24:13  INFO      TradingGraph: Completed 15 agents
2026-03-30 19:24:13  INFO      TradingGraph: Fusing timeframe signals
2026-03-30 19:24:13  INFO      TradingGraph: Fusion: L=-0.548(csns=1.00), M=-0.585(csns=1.00), S=-0.195(csns=0.67), align_str=0.396
2026-03-30 19:24:13  INFO      TradingGraph: Running agents for GBPUSD
2026-03-30 19:24:13  INFO      TradingGraph: Completed 15 agents
2026-03-30 19:24:13  INFO      TradingGraph: Fusing timeframe signals
2026-03-30 19:24:13  INFO      TradingGraph: Fusion: L=-0.580(csns=1.00), M=-0.595(csns=1.00), S=-0.214(csns=0.80), align_str=0.419
2026-03-30 19:24:14  INFO      TradingGraph: Running agents for EURCHF
2026-03-30 19:24:14  INFO      TradingGraph: Completed 15 agents
2026-03-30 19:24:14  INFO      TradingGraph: Fusing timeframe signals
2026-03-30 19:24:14  INFO      TradingGraph: Fusion: L=-0.198(csns=0.67), M=-0.146(csns=0.67), S=-0.039(csns=0.17), align_str=0.104
2026-03-30 19:24:14  INFO      TradingGraph: Running agents for CHFJPY
2026-03-30 19:24:14  INFO      TradingGraph: Completed 15 agents
2026-03-30 19:24:14  INFO      TradingGraph: Fusing timeframe signals
2026-03-30 19:24:14  INFO      TradingGraph: Fusion: L=0.265(csns=0.67), M=-0.554(csns=1.00), S=-0.120(csns=0.50), align_str=0.000
2026-03-30 19:24:14  INFO      TradingGraph: Running agents for EURJPY
2026-03-30 19:24:15  INFO      TradingGraph: Completed 15 agents
2026-03-30 19:24:15  INFO      TradingGraph: Fusing timeframe signals
2026-03-30 19:24:15  INFO      TradingGraph: Fusion: L=-0.155(csns=1.00), M=-0.698(csns=1.00), S=-0.045(csns=0.50), align_str=0.169
2026-03-30 19:25:12  INFO      TrailingStopManager: Structural update SELL CHFJPY #56001767232: SL 201.14900->201.14888  TP 197.38100->197.38100  (live=199.34600 atr=0.22619)
2026-03-30 19:25:13  INFO      TradingGraph: Running agents for EURUSD
2026-03-30 19:25:13  INFO      TradingGraph: Completed 15 agents
2026-03-30 19:25:13  INFO      TradingGraph: Fusing timeframe signals
2026-03-30 19:25:13  INFO      TradingGraph: Fusion: L=-0.544(csns=1.00), M=-0.539(csns=1.00), S=-0.169(csns=0.67), align_str=0.367
2026-03-30 19:25:13  INFO      TradingGraph: Running agents for GBPUSD
2026-03-30 19:25:13  INFO      TradingGraph: Completed 15 agents
2026-03-30 19:25:13  INFO      TradingGraph: Fusing timeframe signals
2026-03-30 19:25:13  INFO      TradingGraph: Fusion: L=-0.578(csns=1.00), M=-0.579(csns=1.00), S=-0.185(csns=0.67), align_str=0.395
2026-03-30 19:25:14  INFO      TradingGraph: Running agents for EURCHF
2026-03-30 19:25:14  INFO      TradingGraph: Completed 15 agents
2026-03-30 19:25:14  INFO      TradingGraph: Fusing timeframe signals
2026-03-30 19:25:14  INFO      TradingGraph: Fusion: L=-0.198(csns=0.67), M=-0.135(csns=0.67), S=-0.034(csns=0.17), align_str=0.097
2026-03-30 19:25:14  INFO      TradingGraph: Running agents for CHFJPY
2026-03-30 19:25:14  INFO      TradingGraph: Completed 15 agents
2026-03-30 19:25:14  INFO      TradingGraph: Fusing timeframe signals
2026-03-30 19:25:14  INFO      TradingGraph: Fusion: L=0.265(csns=0.67), M=-0.539(csns=1.00), S=-0.108(csns=0.50), align_str=0.000
2026-03-30 19:25:14  INFO      TradingGraph: Running agents for EURJPY
2026-03-30 19:25:14  INFO      TradingGraph: Completed 15 agents
2026-03-30 19:25:14  INFO      TradingGraph: Fusing timeframe signals
2026-03-30 19:25:14  INFO      TradingGraph: Fusion: L=-0.154(csns=1.00), M=-0.687(csns=1.00), S=-0.030(csns=0.33), align_str=0.147
2026-03-30 19:26:13  INFO      TrailingStopManager: Structural update SELL CHFJPY #56001767232: SL 201.14900->201.14888  TP 197.38100->197.38100  (live=199.35100 atr=0.22619)
2026-03-30 19:26:13  INFO      TradingGraph: Running agents for EURUSD
2026-03-30 19:26:13  INFO      TradingGraph: Completed 15 agents
2026-03-30 19:26:13  INFO      TradingGraph: Fusing timeframe signals
2026-03-30 19:26:13  INFO      TradingGraph: Fusion: L=-0.543(csns=1.00), M=-0.530(csns=1.00), S=-0.162(csns=0.67), align_str=0.360
2026-03-30 19:26:14  INFO      TradingGraph: Running agents for GBPUSD
2026-03-30 19:26:14  INFO      TradingGraph: Completed 15 agents
2026-03-30 19:26:14  INFO      TradingGraph: Fusing timeframe signals
2026-03-30 19:26:14  INFO      TradingGraph: Fusion: L=-0.578(csns=1.00), M=-0.576(csns=1.00), S=-0.184(csns=0.67), align_str=0.394
2026-03-30 19:26:14  INFO      TradingGraph: Running agents for EURCHF
2026-03-30 19:26:14  INFO      TradingGraph: Completed 15 agents
2026-03-30 19:26:14  INFO      TradingGraph: Fusing timeframe signals
2026-03-30 19:26:14  INFO      TradingGraph: Fusion: L=-0.198(csns=0.67), M=-0.130(csns=0.67), S=-0.032(csns=0.17), align_str=0.094
2026-03-30 19:26:15  INFO      TradingGraph: Running agents for CHFJPY
2026-03-30 19:26:15  INFO      TradingGraph: Completed 15 agents
2026-03-30 19:26:15  INFO      TradingGraph: Fusing timeframe signals
2026-03-30 19:26:15  INFO      TradingGraph: Fusion: L=0.265(csns=0.67), M=-0.535(csns=1.00), S=-0.107(csns=0.50), align_str=0.000
2026-03-30 19:26:15  INFO      TradingGraph: Running agents for EURJPY
2026-03-30 19:26:15  INFO      TradingGraph: Completed 15 agents
2026-03-30 19:26:15  INFO      TradingGraph: Fusing timeframe signals
2026-03-30 19:26:15  INFO      TradingGraph: Fusion: L=-0.153(csns=1.00), M=-0.683(csns=1.00), S=-0.024(csns=0.33), align_str=0.135
2026-03-30 19:26:19  INFO      TradingRunner: Analysing EURUSD …
2026-03-30 19:26:19  INFO      TradingGraph: Running agents for EURUSD
2026-03-30 19:26:19  INFO      TradingGraph: Completed 15 agents
2026-03-30 19:26:19  INFO      TradingGraph: Fusing timeframe signals
2026-03-30 19:26:19  INFO      TradingGraph: Fusion: L=-0.543(csns=1.00), M=-0.530(csns=1.00), S=-0.162(csns=0.67), align_str=0.360
2026-03-30 19:26:19  INFO      TradingGraph: Aligned [full-alignment] (bearish) — proceeding [L=-0.543 M=-0.530 S=-0.162 breadth=0.008]
2026-03-30 19:26:19  INFO      TradingGraph: Generating trading recipe
2026-03-30 19:26:19  INFO      TradingGraph: Generated recipe: BALANCED_SHORT_FULL_ALIGNMENT_EURUSD
2026-03-30 19:26:19  INFO      TradingGraph: Correlation guard: 2/2 long_usd positions already open — refusing EURUSD SELL
2026-03-30 19:26:19  INFO      TradingRunner: Analysing USDJPY …
2026-03-30 19:26:19  INFO      TradingGraph: Running agents for USDJPY
2026-03-30 19:26:19  INFO      TradingGraph: Completed 15 agents
2026-03-30 19:26:19  INFO      TradingGraph: Fusing timeframe signals
2026-03-30 19:26:19  INFO      TradingGraph: Fusion: L=0.367(csns=0.67), M=-0.146(csns=1.00), S=0.020(csns=0.80), align_str=0.000
2026-03-30 19:26:19  INFO      TradingGraph: Timeframes not aligned — stopping (L=0.367 M=-0.146 S=0.020)
2026-03-30 19:26:19  INFO      TradingRunner: Analysing USDCHF …
2026-03-30 19:26:19  INFO      TradingGraph: Running agents for USDCHF
2026-03-30 19:26:19  INFO      TradingGraph: Completed 15 agents
2026-03-30 19:26:19  INFO      TradingGraph: Fusing timeframe signals
2026-03-30 19:26:19  INFO      TradingGraph: Fusion: L=0.569(csns=1.00), M=0.325(csns=0.67), S=0.266(csns=1.00), align_str=0.367
2026-03-30 19:26:19  INFO      TradingGraph: Aligned [full-alignment] (bullish) — proceeding [L=0.569 M=0.325 S=0.266 breadth=0.008]
2026-03-30 19:26:19  INFO      TradingGraph: Generating trading recipe
2026-03-30 19:26:19  INFO      TradingGraph: Generated recipe: BALANCED_LONG_FULL_ALIGNMENT_USDCHF
2026-03-30 19:26:19  INFO      TradingGraph: Correlation guard: 2/2 long_usd positions already open — refusing USDCHF BUY
2026-03-30 19:26:19  INFO      TradingRunner: Analysing AUDUSD …
2026-03-30 19:26:19  INFO      TradingGraph: Running agents for AUDUSD
2026-03-30 19:26:19  INFO      TradingGraph: Completed 15 agents
2026-03-30 19:26:19  INFO      TradingGraph: Fusing timeframe signals
2026-03-30 19:26:19  INFO      TradingGraph: Fusion: L=-0.065(csns=1.00), M=-0.099(csns=0.67), S=-0.003(csns=0.20), align_str=0.028
2026-03-30 19:26:19  INFO      TradingGraph: Timeframes not aligned — stopping (L=-0.065 M=-0.099 S=-0.003)
2026-03-30 19:26:19  INFO      TradingRunner: Analysing USDCAD …
2026-03-30 19:26:19  INFO      TradingGraph: Running agents for USDCAD
2026-03-30 19:26:20  INFO      TradingGraph: Completed 15 agents
2026-03-30 19:26:20  INFO      TradingGraph: Fusing timeframe signals
2026-03-30 19:26:20  INFO      TradingGraph: Fusion: L=0.593(csns=1.00), M=0.314(csns=0.75), S=0.170(csns=0.75), align_str=0.317
2026-03-30 19:26:20  INFO      TradingGraph: Aligned [full-alignment] (bullish) — proceeding [L=0.593 M=0.314 S=0.170 breadth=0.008]
2026-03-30 19:26:20  INFO      TradingGraph: Generating trading recipe
2026-03-30 19:26:20  INFO      TradingGraph: Generated recipe: BALANCED_LONG_FULL_ALIGNMENT_USDCAD
2026-03-30 19:26:20  INFO      TradingGraph: Correlation guard: 2/2 long_usd positions already open — refusing USDCAD BUY
2026-03-30 19:26:20  INFO      TradingRunner: Analysing NZDUSD …
2026-03-30 19:26:20  INFO      TradingGraph: Running agents for NZDUSD
2026-03-30 19:26:20  INFO      TradingGraph: Completed 15 agents
2026-03-30 19:26:20  INFO      TradingGraph: Fusing timeframe signals
2026-03-30 19:26:20  INFO      TradingGraph: Fusion: L=-0.618(csns=1.00), M=-0.316(csns=0.75), S=-0.073(csns=0.33), align_str=0.242
2026-03-30 19:26:20  INFO      TradingGraph: Aligned [pullback-entry] (bearish) — proceeding [L=-0.618 M=-0.316 S=-0.073 breadth=0.008]
2026-03-30 19:26:20  INFO      TradingGraph: Generating trading recipe
2026-03-30 19:26:20  INFO      TradingGraph: Generated recipe: BALANCED_SHORT_PULLBACK_ENTRY_NZDUSD
2026-03-30 19:26:20  INFO      TradingGraph: Correlation guard: 2/2 long_usd positions already open — refusing NZDUSD SELL
2026-03-30 19:26:20  INFO      TradingRunner: Analysing US30 …
2026-03-30 19:26:20  INFO      TradingGraph: Running agents for US30
2026-03-30 19:26:20  INFO      TradingGraph: Completed 15 agents
2026-03-30 19:26:20  INFO      TradingGraph: Fusing timeframe signals
2026-03-30 19:26:20  INFO      TradingGraph: Fusion: L=-0.270(csns=0.67), M=-0.172(csns=1.00), S=-0.080(csns=0.75), align_str=0.155
2026-03-30 19:26:20  INFO      TradingGraph: Aligned [full-alignment] (bearish) — proceeding [L=-0.270 M=-0.172 S=-0.080 breadth=0.008]
2026-03-30 19:26:20  INFO      TradingGraph: Generating trading recipe
2026-03-30 19:26:20  INFO      TradingGraph: Generated recipe: BALANCED_SHORT_FULL_ALIGNMENT_US30
2026-03-30 19:26:20  INFO      TradingGraph: Risk check passed
2026-03-30 19:26:20  INFO      TradingGraph: Creating trade plan
2026-03-30 19:26:20  INFO      TradingGraph: VIX risk scaling: vix_fear=0.55 → risk ×0.87 (0.12)
2026-03-30 19:26:20  INFO      TradingGraph: Structure SL/TP [US30] entry=45326.00000 sl=46641.40077 (3.84×ATR) tp=44395.40000 (R:R=0.71)
2026-03-30 19:26:20  INFO      TradingGraph: Created trade plan: entry=45326.0000, sl=46641.4000, tp=44010.6000
2026-03-30 19:26:20  INFO      TradingGraph: Executing trade for US30
2026-03-30 19:26:20  WARNING   MT5Executor: US30: trading disabled on this symbol (trade_mode=0 — may be outside market hours or broker restriction). Skipping.
2026-03-30 19:26:20  INFO      TradingGraph: Order not placed for US30 (executor returned None — see executor log for reason)
2026-03-30 19:26:20  INFO      TradingRunner: Analysing US500 …
2026-03-30 19:26:20  INFO      TradingGraph: Running agents for US500
2026-03-30 19:26:20  INFO      TradingGraph: Completed 15 agents
2026-03-30 19:26:20  INFO      TradingGraph: Fusing timeframe signals
2026-03-30 19:26:20  INFO      TradingGraph: Fusion: L=-0.443(csns=1.00), M=-0.368(csns=1.00), S=-0.310(csns=0.83), align_str=0.370
2026-03-30 19:26:20  INFO      TradingGraph: Aligned [full-alignment] (bearish) — proceeding [L=-0.443 M=-0.368 S=-0.310 breadth=0.008]
2026-03-30 19:26:20  INFO      TradingGraph: Generating trading recipe
2026-03-30 19:26:20  INFO      TradingGraph: Generated recipe: BALANCED_SHORT_FULL_ALIGNMENT_US500
2026-03-30 19:26:20  INFO      TradingGraph: Risk check passed
2026-03-30 19:26:20  INFO      TradingGraph: Creating trade plan
2026-03-30 19:26:20  INFO      TradingGraph: VIX risk scaling: vix_fear=0.55 → risk ×0.87 (0.12)
2026-03-30 19:26:20  INFO      TradingGraph: SL cap [US500]: 6.00×ATR → 5.0×ATR
2026-03-30 19:26:20  INFO      TradingGraph: Structure SL/TP [US500] entry=6360.90000 sl=6601.12374 (5.00×ATR) tp=6151.86927 (R:R=0.87)
2026-03-30 19:26:20  INFO      TradingGraph: Created trade plan: entry=6360.9000, sl=6601.1200, tp=6120.6800
2026-03-30 19:26:20  INFO      TradingGraph: Executing trade for US500
2026-03-30 19:26:20  WARNING   MT5Executor: US500: trading disabled on this symbol (trade_mode=0 — may be outside market hours or broker restriction). Skipping.
2026-03-30 19:26:20  INFO      TradingGraph: Order not placed for US500 (executor returned None — see executor log for reason)
2026-03-30 19:26:20  INFO      TradingRunner: Analysing USTEC …
2026-03-30 19:26:20  INFO      TradingGraph: Running agents for USTEC
2026-03-30 19:26:20  INFO      TradingGraph: Completed 15 agents
2026-03-30 19:26:20  INFO      TradingGraph: Fusing timeframe signals
2026-03-30 19:26:20  INFO      TradingGraph: Fusion: L=-0.449(csns=1.00), M=-0.433(csns=1.00), S=-0.349(csns=1.00), align_str=0.408
2026-03-30 19:26:20  INFO      TradingGraph: Aligned [full-alignment] (bearish) — proceeding [L=-0.449 M=-0.433 S=-0.349 breadth=0.008]
2026-03-30 19:26:20  INFO      TradingGraph: Generating trading recipe
2026-03-30 19:26:20  INFO      TradingGraph: Generated recipe: BALANCED_SHORT_FULL_ALIGNMENT_USTEC
2026-03-30 19:26:20  INFO      TradingGraph: Risk check passed
2026-03-30 19:26:20  INFO      TradingGraph: Creating trade plan
2026-03-30 19:26:20  INFO      TradingGraph: VIX risk scaling: vix_fear=0.52 → risk ×0.90 (0.12)
2026-03-30 19:26:20  INFO      TradingGraph: SL cap [USTEC]: 6.71×ATR → 5.0×ATR
2026-03-30 19:26:20  INFO      TradingGraph: Structure SL/TP [USTEC] entry=23033.60000 sl=24041.14718 (5.00×ATR) tp=22300.50318 (R:R=0.73)
2026-03-30 19:26:20  INFO      TradingGraph: Created trade plan: entry=23033.6000, sl=24041.1500, tp=22026.0500
2026-03-30 19:26:20  INFO      TradingGraph: Executing trade for USTEC
2026-03-30 19:26:20  WARNING   MT5Executor: USTEC: trading disabled on this symbol (trade_mode=0 — may be outside market hours or broker restriction). Skipping.
2026-03-30 19:26:20  INFO      TradingGraph: Order not placed for USTEC (executor returned None — see executor log for reason)
2026-03-30 19:26:20  INFO      TradingRunner: Analysing DAX …
2026-03-30 19:26:20  INFO      TradingGraph: Running agents for DAX
2026-03-30 19:26:20  INFO      TradingGraph: Completed 15 agents
2026-03-30 19:26:20  INFO      TradingGraph: Fusing timeframe signals
2026-03-30 19:26:20  INFO      TradingGraph: Fusion: L=-0.160(csns=1.00), M=-0.094(csns=1.00), S=0.078(csns=0.83), align_str=0.000
2026-03-30 19:26:20  INFO      TradingGraph: Aligned [pullback-entry] (bearish) — proceeding [L=-0.160 M=-0.094 S=0.078 breadth=0.008]
2026-03-30 19:26:20  INFO      TradingGraph: Generating trading recipe
2026-03-30 19:26:20  INFO      TradingGraph: Generated recipe: BALANCED_SHORT_PULLBACK_ENTRY_DAX
2026-03-30 19:26:20  INFO      TradingGraph: Win probability too low: 0.449 < 0.46
2026-03-30 19:26:20  INFO      TradingRunner: Analysing UK100 …
2026-03-30 19:26:20  INFO      TradingGraph: Running agents for UK100
2026-03-30 19:26:20  INFO      TradingGraph: Completed 15 agents
2026-03-30 19:26:20  INFO      TradingGraph: Fusing timeframe signals
2026-03-30 19:26:20  INFO      TradingGraph: Fusion: L=0.135(csns=0.67), M=0.311(csns=1.00), S=0.007(csns=0.17), align_str=0.065
2026-03-30 19:26:20  INFO      TradingGraph: Timeframes not aligned — stopping (L=0.135 M=0.311 S=0.007)
2026-03-30 19:26:20  INFO      TradingRunner: Analysing GBPJPY …
2026-03-30 19:26:20  INFO      TradingGraph: Running agents for GBPJPY
2026-03-30 19:26:20  INFO      TradingGraph: Completed 15 agents
2026-03-30 19:26:20  INFO      TradingGraph: Fusing timeframe signals
2026-03-30 19:26:20  INFO      TradingGraph: Fusion: L=0.040(csns=0.33), M=-0.747(csns=1.00), S=-0.024(csns=0.50), align_str=0.000
2026-03-30 19:26:20  INFO      TradingGraph: Timeframes not aligned — stopping (L=0.040 M=-0.747 S=-0.024)
2026-03-30 19:26:20  INFO      TradingRunner: Analysing AUDJPY …
2026-03-30 19:26:20  INFO      TradingGraph: Running agents for AUDJPY
2026-03-30 19:26:20  INFO      TradingGraph: Completed 15 agents
2026-03-30 19:26:20  INFO      TradingGraph: Fusing timeframe signals
2026-03-30 19:26:20  INFO      TradingGraph: Fusion: L=0.256(csns=0.33), M=-0.313(csns=1.00), S=-0.073(csns=0.40), align_str=0.000
2026-03-30 19:26:20  INFO      TradingGraph: Timeframes not aligned — stopping (L=0.256 M=-0.313 S=-0.073)
2026-03-30 19:26:20  INFO      TradingRunner: Analysing EURGBP …
2026-03-30 19:26:20  INFO      TradingGraph: Running agents for EURGBP
2026-03-30 19:26:20  INFO      TradingGraph: Completed 15 agents
2026-03-30 19:26:20  INFO      TradingGraph: Fusing timeframe signals
2026-03-30 19:26:20  INFO      TradingGraph: Fusion: L=0.023(csns=0.33), M=0.390(csns=1.00), S=0.205(csns=0.86), align_str=0.123
2026-03-30 19:26:20  INFO      TradingGraph: Timeframes not aligned — stopping (L=0.023 M=0.390 S=0.205)
2026-03-30 19:26:20  INFO      TradingRunner: Analysing XAGUSD …
2026-03-30 19:26:20  INFO      TradingGraph: Running agents for XAGUSD
2026-03-30 19:26:20  INFO      TradingGraph: Completed 15 agents
2026-03-30 19:26:20  INFO      TradingGraph: Fusing timeframe signals
2026-03-30 19:26:20  INFO      TradingGraph: Fusion: L=-0.183(csns=0.50), M=0.159(csns=1.00), S=-0.197(csns=0.83), align_str=0.000
2026-03-30 19:26:20  INFO      TradingGraph: Timeframes not aligned — stopping (L=-0.183 M=0.159 S=-0.197)
2026-03-30 19:26:21  INFO      TradingRunner: PnL — unrealized: -1.43  realized today: +0.00  total: -1.43
2026-03-30 19:26:21  INFO      TradingRunner: Signal cycle done in 5.7s — sleeping 294s
2026-03-30 19:27:24  INFO      MT5Executor: Using mt5linux backend → localhost:18812
2026-03-30 19:27:24  INFO      MT5Executor: Connected to MT5: 5048478471 on MetaQuotes-Demo | balance=137.45 | trade_allowed=True
2026-03-30 19:27:24  INFO      root: Registered agent: RegimeAgent
2026-03-30 19:27:24  INFO      root: Registered agent: TrendAgent
2026-03-30 19:27:24  INFO      root: Registered agent: MomentumAgent
2026-03-30 19:27:24  INFO      root: Registered agent: MeanReversionAgent
2026-03-30 19:27:24  INFO      root: Registered agent: VolatilityAgent
2026-03-30 19:27:24  INFO      root: Registered agent: BreadthAgent
2026-03-30 19:27:24  INFO      root: Registered agent: PatternAgent
2026-03-30 19:27:24  INFO      root: Registered agent: IntermarketAgent
2026-03-30 19:27:24  INFO      root: Registered agent: SessionBreakoutAgent
2026-03-30 19:27:24  INFO      root: Registered agent: DivergenceAgent
2026-03-30 19:27:24  INFO      root: Registered agent: ScalpingAgent
2026-03-30 19:27:24  INFO      root: Registered agent: VwapScalpAgent
2026-03-30 19:27:24  INFO      root: Registered agent: SqueezeBreakoutAgent
2026-03-30 19:27:24  INFO      root: Registered agent: OrderFlowAgent
2026-03-30 19:27:24  INFO      root: Registered agent: CorrelationAgent
2026-03-30 19:27:25  INFO      TradingRunner: [State] Restored: daily_trades=4, cooldowns=4, sod_balance=138.47
2026-03-30 19:27:25  INFO      TradingRunner: TradingRunner started — symbols: ['EURUSD', 'GBPUSD', 'USDJPY', 'USDCHF', 'AUDUSD', 'USDCAD', 'NZDUSD', 'US30', 'US500', 'USTEC', 'DAX', 'UK100', 'EURJPY', 'GBPJPY', 'AUDJPY', 'EURGBP', 'EURCHF', 'CHFJPY', 'XAGUSD'] | profile: balanced | signal: 300s | surveillance: 60s
2026-03-30 19:27:25  INFO      numexpr.utils: Note: NumExpr detected 12 cores but "NUMEXPR_MAX_THREADS" not set, so enforcing safe limit of 8.
2026-03-30 19:27:25  INFO      numexpr.utils: NumExpr defaulting to 8 threads.
2026-03-30 19:27:27  INFO      TrailingStopManager: Structural update SELL CHFJPY #56001767232: SL 201.14900->201.14888  TP 197.38100->197.38100  (live=199.34600 atr=0.22619)
2026-03-30 19:27:28  INFO      TradingGraph: Running agents for EURUSD
2026-03-30 19:27:28  INFO      TradingGraph: Completed 15 agents
2026-03-30 19:27:28  INFO      TradingGraph: Fusing timeframe signals
2026-03-30 19:27:28  INFO      TradingGraph: Fusion: L=-0.542(csns=1.00), M=-0.497(csns=1.00), S=-0.155(csns=0.67), align_str=0.347
2026-03-30 19:27:28  INFO      TradingGraph: Running agents for GBPUSD
2026-03-30 19:27:28  INFO      TradingGraph: Completed 15 agents
2026-03-30 19:27:28  INFO      TradingGraph: Fusing timeframe signals
2026-03-30 19:27:28  INFO      TradingGraph: Fusion: L=-0.579(csns=1.00), M=-0.581(csns=1.00), S=-0.192(csns=0.67), align_str=0.401
2026-03-30 19:27:29  INFO      TradingGraph: Running agents for EURCHF
2026-03-30 19:27:29  INFO      TradingGraph: Completed 15 agents
2026-03-30 19:27:29  INFO      TradingGraph: Fusing timeframe signals
2026-03-30 19:27:29  INFO      TradingGraph: Fusion: L=-0.198(csns=0.67), M=-0.113(csns=0.67), S=-0.030(csns=0.17), align_str=0.088
2026-03-30 19:27:29  INFO      TradingGraph: Running agents for CHFJPY
2026-03-30 19:27:29  INFO      TradingGraph: Completed 15 agents
2026-03-30 19:27:29  INFO      TradingGraph: Fusing timeframe signals
2026-03-30 19:27:29  INFO      TradingGraph: Fusion: L=0.265(csns=0.67), M=-0.539(csns=1.00), S=-0.108(csns=0.50), align_str=0.000
2026-03-30 19:27:30  INFO      TradingGraph: Running agents for EURJPY
2026-03-30 19:27:30  INFO      TradingGraph: Completed 15 agents
2026-03-30 19:27:30  INFO      TradingGraph: Fusing timeframe signals
2026-03-30 19:27:30  INFO      TradingGraph: Fusion: L=-0.153(csns=1.00), M=-0.682(csns=1.00), S=-0.022(csns=0.33), align_str=0.131
2026-03-30 19:27:38  INFO      TradingRunner: Analysing EURUSD …
2026-03-30 19:27:39  INFO      NewsCalendar: [NEWS] Loaded 11 high-impact events (source: ForexFactory)
2026-03-30 19:27:39  INFO      TradingGraph: Running agents for EURUSD
2026-03-30 19:27:39  INFO      TradingGraph: Completed 15 agents
2026-03-30 19:27:39  INFO      TradingGraph: Fusing timeframe signals
2026-03-30 19:27:39  INFO      TradingGraph: Fusion: L=-0.543(csns=1.00), M=-0.528(csns=1.00), S=-0.160(csns=0.67), align_str=0.358
2026-03-30 19:27:39  INFO      TradingGraph: Aligned [full-alignment] (bearish) — proceeding [L=-0.543 M=-0.528 S=-0.160 breadth=0.003]
2026-03-30 19:27:39  INFO      TradingGraph: Generating trading recipe
2026-03-30 19:27:39  INFO      TradingGraph: Generated recipe: BALANCED_SHORT_FULL_ALIGNMENT_EURUSD
2026-03-30 19:27:39  INFO      TradingGraph: Correlation guard: 2/2 long_usd positions already open — refusing EURUSD SELL
2026-03-30 19:27:39  INFO      TradingRunner: Analysing USDJPY …
2026-03-30 19:27:39  INFO      TradingGraph: Running agents for USDJPY
2026-03-30 19:27:39  INFO      TradingGraph: Completed 15 agents
2026-03-30 19:27:39  INFO      TradingGraph: Fusing timeframe signals
2026-03-30 19:27:39  INFO      TradingGraph: Fusion: L=0.367(csns=0.67), M=-0.148(csns=1.00), S=0.092(csns=1.00), align_str=0.000
2026-03-30 19:27:39  INFO      TradingGraph: Timeframes not aligned — stopping (L=0.367 M=-0.148 S=0.092)
2026-03-30 19:27:39  INFO      TradingRunner: Analysing USDCHF …
2026-03-30 19:27:39  INFO      TradingGraph: Running agents for USDCHF
2026-03-30 19:27:39  INFO      TradingGraph: Completed 15 agents
2026-03-30 19:27:39  INFO      TradingGraph: Fusing timeframe signals
2026-03-30 19:27:39  INFO      TradingGraph: Fusion: L=0.570(csns=1.00), M=0.327(csns=0.67), S=0.257(csns=1.00), align_str=0.363
2026-03-30 19:27:39  INFO      TradingGraph: Aligned [full-alignment] (bullish) — proceeding [L=0.570 M=0.327 S=0.257 breadth=0.003]
2026-03-30 19:27:39  INFO      TradingGraph: Generating trading recipe
2026-03-30 19:27:40  INFO      TradingGraph: Generated recipe: BALANCED_LONG_FULL_ALIGNMENT_USDCHF
2026-03-30 19:27:40  INFO      TradingGraph: Correlation guard: 2/2 long_usd positions already open — refusing USDCHF BUY
2026-03-30 19:27:40  INFO      TradingRunner: Analysing AUDUSD …
2026-03-30 19:27:40  INFO      TradingGraph: Running agents for AUDUSD
2026-03-30 19:27:40  INFO      TradingGraph: Completed 15 agents
2026-03-30 19:27:40  INFO      TradingGraph: Fusing timeframe signals
2026-03-30 19:27:40  INFO      TradingGraph: Fusion: L=-0.065(csns=1.00), M=-0.115(csns=0.67), S=-0.055(csns=0.50), align_str=0.074
2026-03-30 19:27:40  INFO      TradingGraph: Timeframes not aligned — stopping (L=-0.065 M=-0.115 S=-0.055)
2026-03-30 19:27:40  INFO      TradingRunner: Analysing USDCAD …
2026-03-30 19:27:40  INFO      TradingGraph: Running agents for USDCAD
2026-03-30 19:27:40  INFO      TradingGraph: Completed 15 agents
2026-03-30 19:27:40  INFO      TradingGraph: Fusing timeframe signals
2026-03-30 19:27:40  INFO      TradingGraph: Fusion: L=0.594(csns=1.00), M=0.321(csns=0.75), S=0.187(csns=0.75), align_str=0.329
2026-03-30 19:27:40  INFO      TradingGraph: Aligned [full-alignment] (bullish) — proceeding [L=0.594 M=0.321 S=0.187 breadth=0.003]
2026-03-30 19:27:40  INFO      TradingGraph: Generating trading recipe
2026-03-30 19:27:40  INFO      TradingGraph: Generated recipe: BALANCED_LONG_FULL_ALIGNMENT_USDCAD
2026-03-30 19:27:40  INFO      TradingGraph: Correlation guard: 2/2 long_usd positions already open — refusing USDCAD BUY
2026-03-30 19:27:40  INFO      TradingRunner: Analysing NZDUSD …
2026-03-30 19:27:40  INFO      TradingGraph: Running agents for NZDUSD
2026-03-30 19:27:40  INFO      TradingGraph: Completed 15 agents
2026-03-30 19:27:40  INFO      TradingGraph: Fusing timeframe signals
2026-03-30 19:27:40  INFO      TradingGraph: Fusion: L=-0.619(csns=1.00), M=-0.329(csns=0.75), S=-0.103(csns=0.50), align_str=0.276
2026-03-30 19:27:40  INFO      TradingGraph: Aligned [full-alignment] (bearish) — proceeding [L=-0.619 M=-0.329 S=-0.103 breadth=0.003]
2026-03-30 19:27:40  INFO      TradingGraph: Generating trading recipe
2026-03-30 19:27:40  INFO      TradingGraph: Generated recipe: BALANCED_SHORT_FULL_ALIGNMENT_NZDUSD
2026-03-30 19:27:40  INFO      TradingGraph: Correlation guard: 2/2 long_usd positions already open — refusing NZDUSD SELL
2026-03-30 19:27:40  INFO      TradingRunner: Analysing US30 …
2026-03-30 19:27:40  INFO      TradingGraph: Running agents for US30
2026-03-30 19:27:41  INFO      TradingGraph: Completed 15 agents
2026-03-30 19:27:41  INFO      TradingGraph: Fusing timeframe signals
2026-03-30 19:27:41  INFO      TradingGraph: Fusion: L=-0.356(csns=1.00), M=-0.188(csns=1.00), S=-0.089(csns=1.00), align_str=0.181
2026-03-30 19:27:41  INFO      TradingGraph: Aligned [full-alignment] (bearish) — proceeding [L=-0.356 M=-0.188 S=-0.089 breadth=0.003]
2026-03-30 19:27:41  INFO      TradingGraph: Generating trading recipe
2026-03-30 19:27:41  INFO      TradingGraph: Generated recipe: BALANCED_SHORT_FULL_ALIGNMENT_US30
2026-03-30 19:27:41  INFO      TradingGraph: Risk check passed
2026-03-30 19:27:41  INFO      TradingGraph: Creating trade plan
2026-03-30 19:27:41  INFO      TradingGraph: VIX risk scaling: vix_fear=0.55 → risk ×0.87 (0.12)
2026-03-30 19:27:41  INFO      TradingGraph: Structure SL/TP [US30] entry=45312.50000 sl=46641.40077 (3.88×ATR) tp=44395.40000 (R:R=0.69)
2026-03-30 19:27:41  INFO      TradingGraph: Created trade plan: entry=45312.5000, sl=46641.4000, tp=43983.6000
2026-03-30 19:27:41  INFO      TradingGraph: Executing trade for US30
2026-03-30 19:27:41  WARNING   MT5Executor: US30: trading disabled on this symbol (trade_mode=0 — may be outside market hours or broker restriction). Skipping.
2026-03-30 19:27:41  INFO      TradingGraph: Order not placed for US30 (executor returned None — see executor log for reason)
2026-03-30 19:27:41  INFO      TradingRunner: Analysing US500 …
2026-03-30 19:27:41  INFO      TradingGraph: Running agents for US500
2026-03-30 19:27:42  INFO      TradingGraph: Completed 15 agents
2026-03-30 19:27:42  INFO      TradingGraph: Fusing timeframe signals
2026-03-30 19:27:42  INFO      TradingGraph: Fusion: L=-0.445(csns=1.00), M=-0.414(csns=1.00), S=-0.316(csns=0.83), align_str=0.388
2026-03-30 19:27:42  INFO      TradingGraph: Aligned [full-alignment] (bearish) — proceeding [L=-0.445 M=-0.414 S=-0.316 breadth=0.003]
2026-03-30 19:27:42  INFO      TradingGraph: Generating trading recipe
2026-03-30 19:27:42  INFO      TradingGraph: Generated recipe: BALANCED_SHORT_FULL_ALIGNMENT_US500
2026-03-30 19:27:42  INFO      TradingGraph: Risk check passed
2026-03-30 19:27:42  INFO      TradingGraph: Creating trade plan
2026-03-30 19:27:42  INFO      TradingGraph: VIX risk scaling: vix_fear=0.55 → risk ×0.87 (0.12)
2026-03-30 19:27:42  INFO      TradingGraph: SL cap [US500]: 6.05×ATR → 5.0×ATR
2026-03-30 19:27:42  INFO      TradingGraph: Structure SL/TP [US500] entry=6357.40000 sl=6598.26660 (5.00×ATR) tp=6153.23890 (R:R=0.85)
2026-03-30 19:27:42  INFO      TradingGraph: Created trade plan: entry=6357.4000, sl=6598.2700, tp=6116.5300
2026-03-30 19:27:42  INFO      TradingGraph: Executing trade for US500
2026-03-30 19:27:42  WARNING   MT5Executor: US500: trading disabled on this symbol (trade_mode=0 — may be outside market hours or broker restriction). Skipping.
2026-03-30 19:27:42  INFO      TradingGraph: Order not placed for US500 (executor returned None — see executor log for reason)
2026-03-30 19:27:42  INFO      TradingRunner: Analysing USTEC …
2026-03-30 19:27:42  INFO      TradingGraph: Running agents for USTEC
2026-03-30 19:27:43  INFO      TradingGraph: Completed 15 agents
2026-03-30 19:27:43  INFO      TradingGraph: Fusing timeframe signals
2026-03-30 19:27:43  INFO      TradingGraph: Fusion: L=-0.451(csns=1.00), M=-0.417(csns=1.00), S=-0.244(csns=0.67), align_str=0.358
2026-03-30 19:27:43  INFO      TradingGraph: Aligned [full-alignment] (bearish) — proceeding [L=-0.451 M=-0.417 S=-0.244 breadth=0.003]
2026-03-30 19:27:43  INFO      TradingGraph: Generating trading recipe
2026-03-30 19:27:43  INFO      TradingGraph: Generated recipe: BALANCED_SHORT_FULL_ALIGNMENT_USTEC
2026-03-30 19:27:43  INFO      TradingGraph: Risk check passed
2026-03-30 19:27:43  INFO      TradingGraph: Creating trade plan
2026-03-30 19:27:43  INFO      TradingGraph: VIX risk scaling: vix_fear=0.52 → risk ×0.90 (0.12)
2026-03-30 19:27:44  INFO      TradingGraph: SL cap [USTEC]: 6.76×ATR → 5.0×ATR
2026-03-30 19:27:44  INFO      TradingGraph: Structure SL/TP [USTEC] entry=23017.20000 sl=24029.78290 (5.00×ATR) tp=22301.53827 (R:R=0.71)
2026-03-30 19:27:44  INFO      TradingGraph: Created trade plan: entry=23017.2000, sl=24029.7800, tp=22004.6200
2026-03-30 19:27:44  INFO      TradingGraph: Executing trade for USTEC
2026-03-30 19:27:44  WARNING   MT5Executor: USTEC: trading disabled on this symbol (trade_mode=0 — may be outside market hours or broker restriction). Skipping.
2026-03-30 19:27:44  INFO      TradingGraph: Order not placed for USTEC (executor returned None — see executor log for reason)
2026-03-30 19:27:44  INFO      TradingRunner: Analysing DAX …
2026-03-30 19:27:44  INFO      TradingGraph: Running agents for DAX
2026-03-30 19:27:44  INFO      TradingGraph: Completed 15 agents
2026-03-30 19:27:44  INFO      TradingGraph: Fusing timeframe signals
2026-03-30 19:27:44  INFO      TradingGraph: Fusion: L=-0.160(csns=1.00), M=-0.094(csns=1.00), S=0.078(csns=0.83), align_str=0.000
2026-03-30 19:27:44  INFO      TradingGraph: Aligned [pullback-entry] (bearish) — proceeding [L=-0.160 M=-0.094 S=0.078 breadth=0.003]
2026-03-30 19:27:44  INFO      TradingGraph: Generating trading recipe
2026-03-30 19:27:44  INFO      TradingGraph: Generated recipe: BALANCED_SHORT_PULLBACK_ENTRY_DAX
2026-03-30 19:27:44  INFO      TradingGraph: Win probability too low: 0.449 < 0.46
2026-03-30 19:27:44  INFO      TradingRunner: Analysing UK100 …
2026-03-30 19:27:44  INFO      TradingGraph: Running agents for UK100
2026-03-30 19:27:44  INFO      TradingGraph: Completed 15 agents
2026-03-30 19:27:44  INFO      TradingGraph: Fusing timeframe signals
2026-03-30 19:27:44  INFO      TradingGraph: Fusion: L=0.133(csns=0.67), M=0.280(csns=1.00), S=0.002(csns=0.17), align_str=0.040
2026-03-30 19:27:44  INFO      TradingGraph: Timeframes not aligned — stopping (L=0.133 M=0.280 S=0.002)
2026-03-30 19:27:44  INFO      TradingRunner: Analysing GBPJPY …
2026-03-30 19:27:44  INFO      TradingGraph: Running agents for GBPJPY
2026-03-30 19:27:45  INFO      TradingGraph: Completed 15 agents
2026-03-30 19:27:45  INFO      TradingGraph: Fusing timeframe signals
2026-03-30 19:27:45  INFO      TradingGraph: Fusion: L=0.040(csns=0.33), M=-0.753(csns=1.00), S=-0.027(csns=0.50), align_str=0.000
2026-03-30 19:27:45  INFO      TradingGraph: Timeframes not aligned — stopping (L=0.040 M=-0.753 S=-0.027)
2026-03-30 19:27:45  INFO      TradingRunner: Analysing AUDJPY …
2026-03-30 19:27:45  INFO      TradingGraph: Running agents for AUDJPY
2026-03-30 19:27:45  INFO      TradingGraph: Completed 15 agents
2026-03-30 19:27:45  INFO      TradingGraph: Fusing timeframe signals
2026-03-30 19:27:45  INFO      TradingGraph: Fusion: L=0.257(csns=0.33), M=-0.345(csns=1.00), S=-0.105(csns=0.50), align_str=0.000
2026-03-30 19:27:45  INFO      TradingGraph: Timeframes not aligned — stopping (L=0.257 M=-0.345 S=-0.105)
2026-03-30 19:27:45  INFO      TradingRunner: Analysing EURGBP …
2026-03-30 19:27:45  INFO      TradingGraph: Running agents for EURGBP
2026-03-30 19:27:45  INFO      TradingGraph: Completed 15 agents
2026-03-30 19:27:45  INFO      TradingGraph: Fusing timeframe signals
2026-03-30 19:27:45  INFO      TradingGraph: Fusion: L=0.024(csns=0.33), M=0.401(csns=1.00), S=0.212(csns=0.86), align_str=0.126
2026-03-30 19:27:45  INFO      TradingGraph: Timeframes not aligned — stopping (L=0.024 M=0.401 S=0.212)
2026-03-30 19:27:45  INFO      TradingRunner: Analysing XAGUSD …
2026-03-30 19:27:45  INFO      TradingGraph: Running agents for XAGUSD
2026-03-30 19:27:45  INFO      TradingGraph: Completed 15 agents
2026-03-30 19:27:45  INFO      TradingGraph: Fusing timeframe signals
2026-03-30 19:27:45  INFO      TradingGraph: Fusion: L=-0.183(csns=0.50), M=0.157(csns=1.00), S=-0.196(csns=0.83), align_str=0.000
2026-03-30 19:27:45  INFO      TradingGraph: Timeframes not aligned — stopping (L=-0.183 M=0.157 S=-0.196)
2026-03-30 19:27:46  INFO      TradingRunner: PnL — unrealized: -1.41  realized today: +0.00  total: -1.41
2026-03-30 19:27:46  INFO      TradingRunner: Signal cycle done in 18.1s — sleeping 282s
2026-03-30 19:28:27  INFO      TrailingStopManager: Structural update SELL CHFJPY #56001767232: SL 201.14900->201.14888  TP 197.38100->197.38100  (live=199.34600 atr=0.22619)
2026-03-30 19:28:28  INFO      TradingGraph: Running agents for EURUSD
2026-03-30 19:28:28  INFO      TradingGraph: Completed 15 agents
2026-03-30 19:28:28  INFO      TradingGraph: Fusing timeframe signals
2026-03-30 19:28:28  INFO      TradingGraph: Fusion: L=-0.542(csns=1.00), M=-0.490(csns=1.00), S=-0.148(csns=0.67), align_str=0.340
2026-03-30 19:28:29  INFO      TradingGraph: Running agents for GBPUSD
2026-03-30 19:28:29  INFO      TradingGraph: Completed 15 agents
2026-03-30 19:28:29  INFO      TradingGraph: Fusing timeframe signals
2026-03-30 19:28:29  INFO      TradingGraph: Fusion: L=-0.577(csns=1.00), M=-0.576(csns=1.00), S=-0.173(csns=0.67), align_str=0.386
2026-03-30 19:28:30  INFO      TradingGraph: Running agents for EURCHF
2026-03-30 19:28:30  INFO      TradingGraph: Completed 15 agents
2026-03-30 19:28:30  INFO      TradingGraph: Fusing timeframe signals
2026-03-30 19:28:30  INFO      TradingGraph: Fusion: L=-0.197(csns=0.67), M=-0.116(csns=0.67), S=-0.031(csns=0.17), align_str=0.089
2026-03-30 19:28:30  INFO      TradingGraph: Running agents for CHFJPY
2026-03-30 19:28:30  INFO      TradingGraph: Completed 15 agents
2026-03-30 19:28:30  INFO      TradingGraph: Fusing timeframe signals
2026-03-30 19:28:30  INFO      TradingGraph: Fusion: L=0.265(csns=0.67), M=-0.539(csns=1.00), S=-0.108(csns=0.50), align_str=0.000
2026-03-30 19:28:30  INFO      TradingGraph: Running agents for EURJPY
2026-03-30 19:28:30  INFO      TradingGraph: Completed 15 agents
2026-03-30 19:28:30  INFO      TradingGraph: Fusing timeframe signals
2026-03-30 19:28:30  INFO      TradingGraph: Fusion: L=-0.153(csns=1.00), M=-0.685(csns=1.00), S=-0.024(csns=0.33), align_str=0.136
2026-03-30 19:28:58  INFO      TradingRunner: [WATCHDOG] alive | equity=136.23 | cycle=1 | profile=balanced
2026-03-30 19:29:26  INFO      TrailingStopManager: Structural update SELL CHFJPY #56001767232: SL 201.14900->201.14888  TP 197.38100->197.38100  (live=199.34300 atr=0.22619)
2026-03-30 19:29:26  INFO      TradingGraph: Running agents for EURUSD
2026-03-30 19:29:27  INFO      TradingGraph: Completed 15 agents
2026-03-30 19:29:27  INFO      TradingGraph: Fusing timeframe signals
2026-03-30 19:29:27  INFO      TradingGraph: Fusion: L=-0.544(csns=1.00), M=-0.533(csns=1.00), S=-0.167(csns=0.67), align_str=0.364
2026-03-30 19:29:27  INFO      TradingGraph: Running agents for GBPUSD
2026-03-30 19:29:27  INFO      TradingGraph: Completed 15 agents
2026-03-30 19:29:27  INFO      TradingGraph: Fusing timeframe signals
2026-03-30 19:29:27  INFO      TradingGraph: Fusion: L=-0.578(csns=1.00), M=-0.571(csns=1.00), S=-0.177(csns=0.67), align_str=0.388
2026-03-30 19:29:27  INFO      TradingGraph: Running agents for EURCHF
2026-03-30 19:29:27  INFO      TradingGraph: Completed 15 agents
2026-03-30 19:29:27  INFO      TradingGraph: Fusing timeframe signals
2026-03-30 19:29:27  INFO      TradingGraph: Fusion: L=-0.198(csns=0.67), M=-0.146(csns=0.67), S=-0.038(csns=0.17), align_str=0.103
2026-03-30 19:29:28  INFO      TradingGraph: Running agents for CHFJPY
2026-03-30 19:29:28  INFO      TradingGraph: Completed 15 agents
2026-03-30 19:29:28  INFO      TradingGraph: Fusing timeframe signals
2026-03-30 19:29:28  INFO      TradingGraph: Fusion: L=0.265(csns=0.67), M=-0.541(csns=1.00), S=-0.108(csns=0.50), align_str=0.000
2026-03-30 19:29:28  INFO      TradingGraph: Running agents for EURJPY
2026-03-30 19:29:28  INFO      TradingGraph: Completed 15 agents
2026-03-30 19:29:28  INFO      TradingGraph: Fusing timeframe signals
2026-03-30 19:29:28  INFO      TradingGraph: Fusion: L=-0.154(csns=1.00), M=-0.694(csns=1.00), S=-0.032(csns=0.33), align_str=0.151
2026-03-30 19:30:26  INFO      TrailingStopManager: Structural update SELL CHFJPY #56001767232: SL 201.14900->201.14888  TP 197.38100->197.38100  (live=199.33000 atr=0.22619)
2026-03-30 19:30:26  INFO      TradingGraph: Running agents for EURUSD
2026-03-30 19:30:27  INFO      TradingGraph: Completed 15 agents
2026-03-30 19:30:27  INFO      TradingGraph: Fusing timeframe signals
2026-03-30 19:30:27  INFO      TradingGraph: Fusion: L=-0.545(csns=1.00), M=-0.544(csns=1.00), S=-0.021(csns=0.17), align_str=0.184
2026-03-30 19:30:27  INFO      TradingGraph: Running agents for GBPUSD
2026-03-30 19:30:27  INFO      TradingGraph: Completed 15 agents
2026-03-30 19:30:27  INFO      TradingGraph: Fusing timeframe signals
2026-03-30 19:30:27  INFO      TradingGraph: Fusion: L=-0.578(csns=1.00), M=-0.575(csns=1.00), S=-0.019(csns=0.20), align_str=0.184
2026-03-30 19:30:27  INFO      TradingGraph: Running agents for EURCHF
2026-03-30 19:30:27  INFO      TradingGraph: Completed 15 agents
2026-03-30 19:30:27  INFO      TradingGraph: Fusing timeframe signals
2026-03-30 19:30:27  INFO      TradingGraph: Fusion: L=-0.199(csns=0.67), M=-0.148(csns=0.67), S=-0.021(csns=0.14), align_str=0.085
2026-03-30 19:30:28  INFO      TradingGraph: Running agents for CHFJPY
2026-03-30 19:30:28  INFO      TradingGraph: Completed 15 agents
2026-03-30 19:30:28  INFO      TradingGraph: Fusing timeframe signals
2026-03-30 19:30:28  INFO      TradingGraph: Fusion: L=0.265(csns=0.67), M=-0.551(csns=1.00), S=-0.117(csns=0.50), align_str=0.000
2026-03-30 19:30:28  INFO      TradingGraph: Running agents for EURJPY
2026-03-30 19:30:28  INFO      TradingGraph: Completed 15 agents
2026-03-30 19:30:28  INFO      TradingGraph: Fusing timeframe signals
2026-03-30 19:30:28  INFO      TradingGraph: Fusion: L=-0.155(csns=1.00), M=-0.701(csns=1.00), S=-0.071(csns=0.20), align_str=0.198
2026-03-30 19:31:26  INFO      TrailingStopManager: Structural update SELL CHFJPY #56001767232: SL 201.14900->201.14888  TP 197.38100->197.38100  (live=199.33300 atr=0.22619)
2026-03-30 19:31:27  INFO      TradingGraph: Running agents for EURUSD
2026-03-30 19:31:27  INFO      TradingGraph: Completed 15 agents
2026-03-30 19:31:27  INFO      TradingGraph: Fusing timeframe signals
2026-03-30 19:31:27  INFO      TradingGraph: Fusion: L=-0.545(csns=1.00), M=-0.538(csns=1.00), S=-0.021(csns=0.17), align_str=0.184
2026-03-30 19:31:27  INFO      TradingGraph: Running agents for GBPUSD
2026-03-30 19:31:27  INFO      TradingGraph: Completed 15 agents
2026-03-30 19:31:27  INFO      TradingGraph: Fusing timeframe signals
2026-03-30 19:31:27  INFO      TradingGraph: Fusion: L=-0.576(csns=1.00), M=-0.557(csns=1.00), S=-0.020(csns=0.17), align_str=0.185
2026-03-30 19:31:27  INFO      TradingGraph: Running agents for EURCHF
2026-03-30 19:31:28  INFO      TradingGraph: Completed 15 agents
2026-03-30 19:31:28  INFO      TradingGraph: Fusing timeframe signals
2026-03-30 19:31:28  INFO      TradingGraph: Fusion: L=-0.198(csns=0.67), M=-0.150(csns=0.67), S=-0.021(csns=0.14), align_str=0.085
2026-03-30 19:31:28  INFO      TradingGraph: Running agents for CHFJPY
2026-03-30 19:31:28  INFO      TradingGraph: Completed 15 agents
2026-03-30 19:31:28  INFO      TradingGraph: Fusing timeframe signals
2026-03-30 19:31:28  INFO      TradingGraph: Fusion: L=0.265(csns=0.67), M=-0.550(csns=1.00), S=-0.117(csns=0.50), align_str=0.000
2026-03-30 19:31:28  INFO      TradingGraph: Running agents for EURJPY
2026-03-30 19:31:28  INFO      TradingGraph: Completed 15 agents
2026-03-30 19:31:28  INFO      TradingGraph: Fusing timeframe signals
2026-03-30 19:31:28  INFO      TradingGraph: Fusion: L=-0.155(csns=1.00), M=-0.700(csns=1.00), S=-0.071(csns=0.20), align_str=0.197
2026-03-30 19:32:26  INFO      TrailingStopManager: Structural update SELL CHFJPY #56001767232: SL 201.14900->201.14888  TP 197.38100->197.38100  (live=199.30600 atr=0.22619)
2026-03-30 19:32:27  INFO      TradingGraph: Running agents for EURUSD
2026-03-30 19:32:27  INFO      TradingGraph: Completed 15 agents
2026-03-30 19:32:27  INFO      TradingGraph: Fusing timeframe signals
2026-03-30 19:32:27  INFO      TradingGraph: Fusion: L=-0.546(csns=1.00), M=-0.544(csns=1.00), S=-0.021(csns=0.17), align_str=0.184
2026-03-30 19:32:28  INFO      TradingGraph: Running agents for GBPUSD
2026-03-30 19:32:28  INFO      TradingGraph: Completed 15 agents
2026-03-30 19:32:28  INFO      TradingGraph: Fusing timeframe signals
2026-03-30 19:32:28  INFO      TradingGraph: Fusion: L=-0.577(csns=1.00), M=-0.574(csns=1.00), S=-0.020(csns=0.17), align_str=0.187
2026-03-30 19:32:28  INFO      TradingGraph: Running agents for EURCHF
2026-03-30 19:32:28  INFO      TradingGraph: Completed 15 agents
2026-03-30 19:32:28  INFO      TradingGraph: Fusing timeframe signals
2026-03-30 19:32:28  INFO      TradingGraph: Fusion: L=-0.197(csns=0.67), M=-0.141(csns=0.67), S=-0.021(csns=0.14), align_str=0.083
2026-03-30 19:32:28  INFO      TradingGraph: Running agents for CHFJPY
2026-03-30 19:32:28  INFO      TradingGraph: Completed 15 agents
2026-03-30 19:32:28  INFO      TradingGraph: Fusing timeframe signals
2026-03-30 19:32:28  INFO      TradingGraph: Fusion: L=0.266(csns=0.67), M=-0.567(csns=1.00), S=-0.160(csns=0.75), align_str=0.000
2026-03-30 19:32:29  INFO      TradingGraph: Running agents for EURJPY
2026-03-30 19:32:29  INFO      TradingGraph: Completed 15 agents
2026-03-30 19:32:29  INFO      TradingGraph: Fusing timeframe signals
2026-03-30 19:32:29  INFO      TradingGraph: Fusion: L=-0.156(csns=1.00), M=-0.709(csns=1.00), S=-0.076(csns=0.25), align_str=0.203
2026-03-30 19:32:33  INFO      TradingRunner: Analysing EURUSD …
2026-03-30 19:32:33  INFO      TradingGraph: Running agents for EURUSD
2026-03-30 19:32:33  INFO      TradingGraph: Completed 15 agents
2026-03-30 19:32:33  INFO      TradingGraph: Fusing timeframe signals
2026-03-30 19:32:33  INFO      TradingGraph: Fusion: L=-0.547(csns=1.00), M=-0.545(csns=1.00), S=-0.021(csns=0.17), align_str=0.185
2026-03-30 19:32:33  INFO      TradingGraph: Aligned [pullback-entry] (bearish) — proceeding [L=-0.547 M=-0.545 S=-0.021 breadth=0.003]
2026-03-30 19:32:33  INFO      TradingGraph: Generating trading recipe
2026-03-30 19:32:33  INFO      TradingGraph: Generated recipe: BALANCED_SHORT_PULLBACK_ENTRY_EURUSD
2026-03-30 19:32:33  INFO      TradingGraph: Correlation guard: 2/2 long_usd positions already open — refusing EURUSD SELL
2026-03-30 19:32:33  INFO      TradingRunner: Analysing USDJPY …
2026-03-30 19:32:33  INFO      TradingGraph: Running agents for USDJPY
2026-03-30 19:32:33  INFO      TradingGraph: Completed 15 agents
2026-03-30 19:32:33  INFO      TradingGraph: Fusing timeframe signals
2026-03-30 19:32:33  INFO      TradingGraph: Fusion: L=0.368(csns=0.67), M=-0.173(csns=1.00), S=-0.005(csns=0.25), align_str=0.000
2026-03-30 19:32:33  INFO      TradingGraph: Timeframes not aligned — stopping (L=0.368 M=-0.173 S=-0.005)
2026-03-30 19:32:33  INFO      TradingRunner: Analysing USDCHF …
2026-03-30 19:32:33  INFO      TradingGraph: Running agents for USDCHF
2026-03-30 19:32:33  INFO      TradingGraph: Completed 15 agents
2026-03-30 19:32:33  INFO      TradingGraph: Fusing timeframe signals
2026-03-30 19:32:33  INFO      TradingGraph: Fusion: L=0.571(csns=1.00), M=0.333(csns=0.67), S=0.115(csns=0.60), align_str=0.280
2026-03-30 19:32:33  INFO      TradingGraph: Aligned [full-alignment] (bullish) — proceeding [L=0.571 M=0.333 S=0.115 breadth=0.003]
2026-03-30 19:32:33  INFO      TradingGraph: Generating trading recipe
2026-03-30 19:32:33  INFO      TradingGraph: Generated recipe: BALANCED_LONG_FULL_ALIGNMENT_USDCHF
2026-03-30 19:32:33  INFO      TradingGraph: Correlation guard: 2/2 long_usd positions already open — refusing USDCHF BUY
2026-03-30 19:32:33  INFO      TradingRunner: Analysing AUDUSD …
2026-03-30 19:32:33  INFO      TradingGraph: Running agents for AUDUSD
2026-03-30 19:32:33  INFO      TradingGraph: Completed 15 agents
2026-03-30 19:32:33  INFO      TradingGraph: Fusing timeframe signals
2026-03-30 19:32:33  INFO      TradingGraph: Fusion: L=-0.067(csns=1.00), M=-0.198(csns=0.67), S=0.018(csns=0.75), align_str=0.000
2026-03-30 19:32:33  INFO      TradingGraph: Timeframes not aligned — stopping (L=-0.067 M=-0.198 S=0.018)
2026-03-30 19:32:33  INFO      TradingRunner: Analysing USDCAD …
2026-03-30 19:32:33  INFO      TradingGraph: Running agents for USDCAD
2026-03-30 19:32:33  INFO      TradingGraph: Completed 15 agents
2026-03-30 19:32:33  INFO      TradingGraph: Fusing timeframe signals
2026-03-30 19:32:33  INFO      TradingGraph: Fusion: L=0.596(csns=1.00), M=0.333(csns=0.75), S=0.057(csns=0.33), align_str=0.225
2026-03-30 19:32:33  INFO      TradingGraph: Aligned [pullback-entry] (bullish) — proceeding [L=0.596 M=0.333 S=0.057 breadth=0.003]
2026-03-30 19:32:33  INFO      TradingGraph: Generating trading recipe
2026-03-30 19:32:33  INFO      TradingGraph: Generated recipe: BALANCED_LONG_PULLBACK_ENTRY_USDCAD
2026-03-30 19:32:33  INFO      TradingGraph: Correlation guard: 2/2 long_usd positions already open — refusing USDCAD BUY
2026-03-30 19:32:33  INFO      TradingRunner: Analysing NZDUSD …
2026-03-30 19:32:33  INFO      TradingGraph: Running agents for NZDUSD
2026-03-30 19:32:33  INFO      TradingGraph: Completed 15 agents
2026-03-30 19:32:33  INFO      TradingGraph: Fusing timeframe signals
2026-03-30 19:32:33  INFO      TradingGraph: Fusion: L=-0.621(csns=1.00), M=-0.337(csns=0.75), S=-0.048(csns=0.33), align_str=0.216
2026-03-30 19:32:33  INFO      TradingGraph: Aligned [pullback-entry] (bearish) — proceeding [L=-0.621 M=-0.337 S=-0.048 breadth=0.003]
2026-03-30 19:32:33  INFO      TradingGraph: Generating trading recipe
2026-03-30 19:32:33  INFO      TradingGraph: Generated recipe: BALANCED_SHORT_PULLBACK_ENTRY_NZDUSD
2026-03-30 19:32:33  INFO      TradingGraph: Correlation guard: 2/2 long_usd positions already open — refusing NZDUSD SELL
2026-03-30 19:32:33  INFO      TradingRunner: Analysing US30 …
2026-03-30 19:32:33  INFO      TradingGraph: Running agents for US30
2026-03-30 19:32:33  INFO      TradingGraph: Completed 15 agents
2026-03-30 19:32:33  INFO      TradingGraph: Fusing timeframe signals
2026-03-30 19:32:33  INFO      TradingGraph: Fusion: L=-0.359(csns=1.00), M=-0.200(csns=1.00), S=-0.079(csns=1.00), align_str=0.179
2026-03-30 19:32:33  INFO      TradingGraph: Aligned [pullback-entry] (bearish) — proceeding [L=-0.359 M=-0.200 S=-0.079 breadth=0.003]
2026-03-30 19:32:33  INFO      TradingGraph: Generating trading recipe
2026-03-30 19:32:33  INFO      TradingGraph: Generated recipe: BALANCED_SHORT_PULLBACK_ENTRY_US30
2026-03-30 19:32:33  INFO      TradingGraph: Risk check passed
2026-03-30 19:32:33  INFO      TradingGraph: Creating trade plan
2026-03-30 19:32:33  INFO      TradingGraph: VIX risk scaling: vix_fear=0.57 → risk ×0.86 (0.12)
2026-03-30 19:32:33  INFO      TradingGraph: Structure SL/TP [US30] entry=45274.40000 sl=46641.63470 (3.98×ATR) tp=44395.40000 (R:R=0.64)
2026-03-30 19:32:33  INFO      TradingGraph: Created trade plan: entry=45274.4000, sl=46641.6300, tp=43907.1700
2026-03-30 19:32:33  INFO      TradingGraph: Executing trade for US30
2026-03-30 19:32:33  WARNING   MT5Executor: US30: trading disabled on this symbol (trade_mode=0 — may be outside market hours or broker restriction). Skipping.
2026-03-30 19:32:33  INFO      TradingGraph: Order not placed for US30 (executor returned None — see executor log for reason)
2026-03-30 19:32:33  INFO      TradingRunner: Analysing US500 …
2026-03-30 19:32:33  INFO      TradingGraph: Running agents for US500
2026-03-30 19:32:33  INFO      TradingGraph: Completed 15 agents
2026-03-30 19:32:33  INFO      TradingGraph: Fusing timeframe signals
2026-03-30 19:32:33  INFO      TradingGraph: Fusion: L=-0.448(csns=1.00), M=-0.422(csns=1.00), S=-0.318(csns=0.83), align_str=0.391
2026-03-30 19:32:33  INFO      TradingGraph: Aligned [full-alignment] (bearish) — proceeding [L=-0.448 M=-0.422 S=-0.318 breadth=0.003]
2026-03-30 19:32:33  INFO      TradingGraph: Generating trading recipe
2026-03-30 19:32:33  INFO      TradingGraph: Generated recipe: BALANCED_SHORT_FULL_ALIGNMENT_US500
2026-03-30 19:32:33  INFO      TradingGraph: Risk check passed
2026-03-30 19:32:33  INFO      TradingGraph: Creating trade plan
2026-03-30 19:32:33  INFO      TradingGraph: VIX risk scaling: vix_fear=0.57 → risk ×0.86 (0.12)
2026-03-30 19:32:33  INFO      TradingGraph: SL cap [US500]: 6.13×ATR → 5.0×ATR
2026-03-30 19:32:33  INFO      TradingGraph: Structure SL/TP [US500] entry=6352.20000 sl=6594.20946 (5.00×ATR) tp=6154.94101 (R:R=0.82)
2026-03-30 19:32:33  INFO      TradingGraph: Created trade plan: entry=6352.2000, sl=6594.2100, tp=6110.1900
2026-03-30 19:32:33  INFO      TradingGraph: Executing trade for US500
2026-03-30 19:32:33  WARNING   MT5Executor: US500: trading disabled on this symbol (trade_mode=0 — may be outside market hours or broker restriction). Skipping.
2026-03-30 19:32:33  INFO      TradingGraph: Order not placed for US500 (executor returned None — see executor log for reason)
2026-03-30 19:32:33  INFO      TradingRunner: Analysing USTEC …
2026-03-30 19:32:33  INFO      TradingGraph: Running agents for USTEC
2026-03-30 19:32:34  INFO      TradingGraph: Completed 15 agents
2026-03-30 19:32:34  INFO      TradingGraph: Fusing timeframe signals
2026-03-30 19:32:34  INFO      TradingGraph: Fusion: L=-0.454(csns=1.00), M=-0.427(csns=1.00), S=-0.241(csns=0.67), align_str=0.360
2026-03-30 19:32:34  INFO      TradingGraph: Timeframes not aligned — stopping (L=-0.454 M=-0.427 S=-0.241; mean-rev blocks SHORT (score=0.53))
2026-03-30 19:32:34  INFO      TradingRunner: Analysing DAX …
2026-03-30 19:32:34  INFO      TradingGraph: Running agents for DAX
2026-03-30 19:32:34  INFO      TradingGraph: Completed 15 agents
2026-03-30 19:32:34  INFO      TradingGraph: Fusing timeframe signals
2026-03-30 19:32:34  INFO      TradingGraph: Fusion: L=-0.159(csns=1.00), M=-0.094(csns=1.00), S=0.078(csns=0.83), align_str=0.000
2026-03-30 19:32:34  INFO      TradingGraph: Aligned [pullback-entry] (bearish) — proceeding [L=-0.159 M=-0.094 S=0.078 breadth=0.003]
2026-03-30 19:32:34  INFO      TradingGraph: Generating trading recipe
2026-03-30 19:32:34  INFO      TradingGraph: Generated recipe: BALANCED_SHORT_PULLBACK_ENTRY_DAX
2026-03-30 19:32:34  INFO      TradingGraph: Win probability too low: 0.449 < 0.46
2026-03-30 19:32:34  INFO      TradingRunner: Analysing UK100 …
2026-03-30 19:32:34  INFO      TradingGraph: Running agents for UK100
2026-03-30 19:32:34  INFO      TradingGraph: Completed 15 agents
2026-03-30 19:32:34  INFO      TradingGraph: Fusing timeframe signals
2026-03-30 19:32:34  INFO      TradingGraph: Fusion: L=0.131(csns=0.67), M=0.279(csns=1.00), S=0.004(csns=0.17), align_str=0.054
2026-03-30 19:32:34  INFO      TradingGraph: Timeframes not aligned — stopping (L=0.131 M=0.279 S=0.004)
2026-03-30 19:32:34  INFO      TradingRunner: Analysing GBPJPY …
2026-03-30 19:32:34  INFO      TradingGraph: Running agents for GBPJPY
2026-03-30 19:32:34  INFO      TradingGraph: Completed 15 agents
2026-03-30 19:32:34  INFO      TradingGraph: Fusing timeframe signals
2026-03-30 19:32:34  INFO      TradingGraph: Fusion: L=0.040(csns=0.33), M=-0.750(csns=1.00), S=0.128(csns=1.00), align_str=0.000
2026-03-30 19:32:34  INFO      TradingGraph: Timeframes not aligned — stopping (L=0.040 M=-0.750 S=0.128)
2026-03-30 19:32:34  INFO      TradingRunner: Analysing AUDJPY …
2026-03-30 19:32:34  INFO      TradingGraph: Running agents for AUDJPY
2026-03-30 19:32:34  INFO      TradingGraph: Completed 15 agents
2026-03-30 19:32:34  INFO      TradingGraph: Fusing timeframe signals
2026-03-30 19:32:34  INFO      TradingGraph: Fusion: L=0.257(csns=0.33), M=-0.432(csns=1.00), S=-0.028(csns=0.25), align_str=0.000
2026-03-30 19:32:34  INFO      TradingGraph: Timeframes not aligned — stopping (L=0.257 M=-0.432 S=-0.028)
2026-03-30 19:32:34  INFO      TradingRunner: Analysing EURGBP …
2026-03-30 19:32:34  INFO      TradingGraph: Running agents for EURGBP
2026-03-30 19:32:34  INFO      TradingGraph: Completed 15 agents
2026-03-30 19:32:34  INFO      TradingGraph: Fusing timeframe signals
2026-03-30 19:32:34  INFO      TradingGraph: Fusion: L=0.016(csns=0.33), M=0.389(csns=1.00), S=0.171(csns=0.86), align_str=0.103
2026-03-30 19:32:34  INFO      TradingGraph: Timeframes not aligned — stopping (L=0.016 M=0.389 S=0.171)
2026-03-30 19:32:34  INFO      TradingRunner: Analysing XAGUSD …
2026-03-30 19:32:34  INFO      TradingGraph: Running agents for XAGUSD
2026-03-30 19:32:34  INFO      TradingGraph: Completed 15 agents
2026-03-30 19:32:34  INFO      TradingGraph: Fusing timeframe signals
2026-03-30 19:32:34  INFO      TradingGraph: Fusion: L=-0.184(csns=0.50), M=0.123(csns=1.00), S=-0.227(csns=1.00), align_str=0.000
2026-03-30 19:32:34  INFO      TradingGraph: Timeframes not aligned — stopping (L=-0.184 M=0.123 S=-0.227)
2026-03-30 19:32:34  INFO      TradingRunner: PnL — unrealized: -0.84  realized today: +0.00  total: -0.84
2026-03-30 19:32:34  INFO      TradingRunner: Signal cycle done in 6.3s — sleeping 294s
2026-03-30 19:33:26  INFO      TrailingStopManager: Structural update SELL CHFJPY #56001767232: SL 201.14900->201.14888  TP 197.38100->197.38100  (live=199.29700 atr=0.22619)
2026-03-30 19:33:27  INFO      TradingGraph: Running agents for EURUSD
2026-03-30 19:33:27  INFO      TradingGraph: Completed 15 agents
2026-03-30 19:33:27  INFO      TradingGraph: Fusing timeframe signals
2026-03-30 19:33:27  INFO      TradingGraph: Fusion: L=-0.547(csns=1.00), M=-0.551(csns=1.00), S=-0.021(csns=0.17), align_str=0.185
2026-03-30 19:33:27  INFO      TradingGraph: Running agents for GBPUSD
2026-03-30 19:33:27  INFO      TradingGraph: Completed 15 agents
2026-03-30 19:33:27  INFO      TradingGraph: Fusing timeframe signals
2026-03-30 19:33:27  INFO      TradingGraph: Fusion: L=-0.576(csns=1.00), M=-0.570(csns=1.00), S=-0.020(csns=0.17), align_str=0.186
2026-03-30 19:33:28  INFO      TradingGraph: Running agents for EURCHF
2026-03-30 19:33:28  INFO      TradingGraph: Completed 15 agents
2026-03-30 19:33:28  INFO      TradingGraph: Fusing timeframe signals
2026-03-30 19:33:28  INFO      TradingGraph: Fusion: L=-0.177(csns=0.67), M=-0.145(csns=0.67), S=-0.021(csns=0.14), align_str=0.081
2026-03-30 19:33:28  INFO      TradingGraph: Running agents for CHFJPY
2026-03-30 19:33:28  INFO      TradingGraph: Completed 15 agents
2026-03-30 19:33:28  INFO      TradingGraph: Fusing timeframe signals
2026-03-30 19:33:28  INFO      TradingGraph: Fusion: L=0.267(csns=0.67), M=-0.575(csns=1.00), S=-0.169(csns=0.80), align_str=0.000
2026-03-30 19:33:29  INFO      TradingGraph: Running agents for EURJPY
2026-03-30 19:33:29  INFO      TradingGraph: Completed 15 agents
2026-03-30 19:33:29  INFO      TradingGraph: Fusing timeframe signals
2026-03-30 19:33:29  INFO      TradingGraph: Fusion: L=-0.156(csns=1.00), M=-0.713(csns=1.00), S=-0.076(csns=0.25), align_str=0.204
2026-03-30 19:34:27  INFO      TrailingStopManager: Structural update SELL CHFJPY #56001767232: SL 201.14900->201.14888  TP 197.38100->197.38100  (live=199.29400 atr=0.22619)
2026-03-30 19:34:27  INFO      TradingGraph: Running agents for EURUSD
2026-03-30 19:34:27  INFO      TradingGraph: Completed 15 agents
2026-03-30 19:34:27  INFO      TradingGraph: Fusing timeframe signals
2026-03-30 19:34:27  INFO      TradingGraph: Fusion: L=-0.547(csns=1.00), M=-0.550(csns=1.00), S=-0.021(csns=0.17), align_str=0.185
2026-03-30 19:34:27  INFO      TradingGraph: Running agents for GBPUSD
2026-03-30 19:34:27  INFO      TradingGraph: Completed 15 agents
2026-03-30 19:34:27  INFO      TradingGraph: Fusing timeframe signals
2026-03-30 19:34:27  INFO      TradingGraph: Fusion: L=-0.577(csns=1.00), M=-0.574(csns=1.00), S=-0.020(csns=0.17), align_str=0.187
2026-03-30 19:34:28  INFO      TradingGraph: Running agents for EURCHF
2026-03-30 19:34:28  INFO      TradingGraph: Completed 15 agents
2026-03-30 19:34:28  INFO      TradingGraph: Fusing timeframe signals
2026-03-30 19:34:28  INFO      TradingGraph: Fusion: L=-0.197(csns=0.67), M=-0.145(csns=0.67), S=-0.021(csns=0.14), align_str=0.084
2026-03-30 19:34:28  INFO      TradingGraph: Running agents for CHFJPY
2026-03-30 19:34:28  INFO      TradingGraph: Completed 15 agents
2026-03-30 19:34:28  INFO      TradingGraph: Fusing timeframe signals
2026-03-30 19:34:28  INFO      TradingGraph: Fusion: L=0.267(csns=0.67), M=-0.576(csns=1.00), S=-0.169(csns=0.80), align_str=0.000
2026-03-30 19:34:28  INFO      TradingGraph: Running agents for EURJPY
2026-03-30 19:34:28  INFO      TradingGraph: Completed 15 agents
2026-03-30 19:34:28  INFO      TradingGraph: Fusing timeframe signals
2026-03-30 19:34:28  INFO      TradingGraph: Fusion: L=-0.156(csns=1.00), M=-0.714(csns=1.00), S=-0.076(csns=0.25), align_str=0.204
2026-03-30 19:35:19  INFO      TradingRunner: Shutdown signal received — stopping after current cycle
2026-03-30 19:35:19  INFO      MT5Executor: MT5 connection closed
2026-03-30 19:36:00  INFO      MT5Executor: Using mt5linux backend → localhost:18812
2026-03-30 19:36:00  INFO      MT5Executor: Connected to MT5: 5048478471 on MetaQuotes-Demo | balance=137.45 | trade_allowed=True
2026-03-30 19:36:00  INFO      root: Registered agent: RegimeAgent
2026-03-30 19:36:00  INFO      root: Registered agent: TrendAgent
2026-03-30 19:36:00  INFO      root: Registered agent: MomentumAgent
2026-03-30 19:36:00  INFO      root: Registered agent: MeanReversionAgent
2026-03-30 19:36:00  INFO      root: Registered agent: VolatilityAgent
2026-03-30 19:36:00  INFO      root: Registered agent: BreadthAgent
2026-03-30 19:36:00  INFO      root: Registered agent: PatternAgent
2026-03-30 19:36:00  INFO      root: Registered agent: IntermarketAgent
2026-03-30 19:36:00  INFO      root: Registered agent: SessionBreakoutAgent
2026-03-30 19:36:00  INFO      root: Registered agent: DivergenceAgent
2026-03-30 19:36:00  INFO      root: Registered agent: ScalpingAgent
2026-03-30 19:36:00  INFO      root: Registered agent: VwapScalpAgent
2026-03-30 19:36:00  INFO      root: Registered agent: SqueezeBreakoutAgent
2026-03-30 19:36:00  INFO      root: Registered agent: OrderFlowAgent
2026-03-30 19:36:00  INFO      root: Registered agent: CorrelationAgent
2026-03-30 19:36:00  INFO      TradingRunner: [State] Restored: daily_trades=4, cooldowns=4, sod_balance=138.47
2026-03-30 19:36:00  INFO      TradingRunner: TradingRunner started — symbols: ['EURUSD', 'GBPUSD', 'USDJPY', 'USDCHF', 'AUDUSD', 'USDCAD', 'NZDUSD', 'US30', 'US500', 'USTEC', 'DAX', 'UK100', 'EURJPY', 'GBPJPY', 'AUDJPY', 'EURGBP', 'EURCHF', 'CHFJPY', 'XAGUSD'] | profile: balanced | signal: 300s | surveillance: 60s
2026-03-30 19:36:01  INFO      numexpr.utils: Note: NumExpr detected 12 cores but "NUMEXPR_MAX_THREADS" not set, so enforcing safe limit of 8.
2026-03-30 19:36:01  INFO      numexpr.utils: NumExpr defaulting to 8 threads.
2026-03-30 19:36:03  INFO      TrailingStopManager: Structural update SELL CHFJPY #56001767232: SL 201.14900->201.14888  TP 197.38100->197.38100  (live=199.29000 atr=0.22619)
2026-03-30 19:36:04  INFO      TradingGraph: Running agents for EURUSD
2026-03-30 19:36:04  INFO      TradingGraph: Completed 15 agents
2026-03-30 19:36:04  INFO      TradingGraph: Fusing timeframe signals
2026-03-30 19:36:04  INFO      TradingGraph: Fusion: L=-0.548(csns=1.00), M=-0.567(csns=1.00), S=-0.019(csns=0.20), align_str=0.182
2026-03-30 19:36:04  INFO      TradingGraph: Running agents for GBPUSD
2026-03-30 19:36:05  INFO      TradingGraph: Completed 15 agents
2026-03-30 19:36:05  INFO      TradingGraph: Fusing timeframe signals
2026-03-30 19:36:05  INFO      TradingGraph: Fusion: L=-0.578(csns=1.00), M=-0.570(csns=1.00), S=-0.018(csns=0.20), align_str=0.180
2026-03-30 19:36:05  INFO      TradingGraph: Running agents for EURCHF
2026-03-30 19:36:05  INFO      TradingGraph: Completed 15 agents
2026-03-30 19:36:05  INFO      TradingGraph: Fusing timeframe signals
2026-03-30 19:36:05  INFO      TradingGraph: Fusion: L=-0.197(csns=0.67), M=-0.143(csns=0.67), S=-0.021(csns=0.14), align_str=0.084
2026-03-30 19:36:05  INFO      TradingGraph: Running agents for CHFJPY
2026-03-30 19:36:05  INFO      TradingGraph: Completed 15 agents
2026-03-30 19:36:05  INFO      TradingGraph: Fusing timeframe signals
2026-03-30 19:36:05  INFO      TradingGraph: Fusion: L=0.267(csns=0.67), M=-0.580(csns=1.00), S=-0.169(csns=0.80), align_str=0.000
2026-03-30 19:36:06  INFO      TradingGraph: Running agents for EURJPY
2026-03-30 19:36:06  INFO      TradingGraph: Completed 15 agents
2026-03-30 19:36:06  INFO      TradingGraph: Fusing timeframe signals
2026-03-30 19:36:06  INFO      TradingGraph: Fusion: L=-0.157(csns=1.00), M=-0.715(csns=1.00), S=-0.077(csns=0.25), align_str=0.205
2026-03-30 19:36:11  INFO      TradingRunner: Analysing EURUSD …
2026-03-30 19:36:11  INFO      NewsCalendar: [NEWS] Loaded 11 high-impact events (source: ForexFactory)
2026-03-30 19:36:11  INFO      TradingGraph: Running agents for EURUSD
2026-03-30 19:36:12  INFO      TradingGraph: Completed 15 agents
2026-03-30 19:36:12  INFO      TradingGraph: Fusing timeframe signals
2026-03-30 19:36:12  INFO      TradingGraph: Fusion: L=-0.548(csns=1.00), M=-0.568(csns=1.00), S=-0.019(csns=0.20), align_str=0.182
2026-03-30 19:36:12  INFO      TradingGraph: Aligned [pullback-entry] (bearish) — proceeding [L=-0.548 M=-0.568 S=-0.019 breadth=0.002]
2026-03-30 19:36:12  INFO      TradingGraph: Generating trading recipe
2026-03-30 19:36:12  INFO      TradingGraph: Generated recipe: BALANCED_SHORT_PULLBACK_ENTRY_EURUSD
2026-03-30 19:36:12  INFO      TradingGraph: Correlation guard: 2/2 long_usd positions already open — refusing EURUSD SELL
2026-03-30 19:36:12  INFO      TradingRunner: Analysing USDJPY …
2026-03-30 19:36:12  INFO      TradingGraph: Running agents for USDJPY
2026-03-30 19:36:12  INFO      TradingGraph: Completed 15 agents
2026-03-30 19:36:12  INFO      TradingGraph: Fusing timeframe signals
2026-03-30 19:36:12  INFO      TradingGraph: Fusion: L=0.367(csns=0.67), M=-0.173(csns=1.00), S=-0.005(csns=0.25), align_str=0.000
2026-03-30 19:36:12  INFO      TradingGraph: Timeframes not aligned — stopping (L=0.367 M=-0.173 S=-0.005)
2026-03-30 19:36:12  INFO      TradingRunner: Analysing USDCHF …
2026-03-30 19:36:12  INFO      TradingGraph: Running agents for USDCHF
2026-03-30 19:36:12  INFO      TradingGraph: Completed 15 agents
2026-03-30 19:36:12  INFO      TradingGraph: Fusing timeframe signals
2026-03-30 19:36:12  INFO      TradingGraph: Fusion: L=0.572(csns=1.00), M=0.340(csns=0.67), S=0.152(csns=0.75), align_str=0.309
2026-03-30 19:36:12  INFO      TradingGraph: Aligned [full-alignment] (bullish) — proceeding [L=0.572 M=0.340 S=0.152 breadth=0.002]
2026-03-30 19:36:12  INFO      TradingGraph: Generating trading recipe
2026-03-30 19:36:12  INFO      TradingGraph: Generated recipe: BALANCED_LONG_FULL_ALIGNMENT_USDCHF
2026-03-30 19:36:12  INFO      TradingGraph: Correlation guard: 2/2 long_usd positions already open — refusing USDCHF BUY
2026-03-30 19:36:12  INFO      TradingRunner: Analysing AUDUSD …
2026-03-30 19:36:12  INFO      TradingGraph: Running agents for AUDUSD
2026-03-30 19:36:12  INFO      TradingGraph: Completed 15 agents
2026-03-30 19:36:12  INFO      TradingGraph: Fusing timeframe signals
2026-03-30 19:36:12  INFO      TradingGraph: Fusion: L=-0.067(csns=1.00), M=-0.198(csns=0.67), S=0.026(csns=0.75), align_str=0.000
2026-03-30 19:36:12  INFO      TradingGraph: Timeframes not aligned — stopping (L=-0.067 M=-0.198 S=0.026)
2026-03-30 19:36:12  INFO      TradingRunner: Analysing USDCAD …
2026-03-30 19:36:12  INFO      TradingGraph: Running agents for USDCAD
2026-03-30 19:36:12  INFO      TradingGraph: Completed 15 agents
2026-03-30 19:36:12  INFO      TradingGraph: Fusing timeframe signals
2026-03-30 19:36:12  INFO      TradingGraph: Fusion: L=0.593(csns=1.00), M=0.314(csns=0.75), S=0.030(csns=0.17), align_str=0.177
2026-03-30 19:36:12  INFO      TradingGraph: Aligned [pullback-entry] (bullish) — proceeding [L=0.593 M=0.314 S=0.030 breadth=0.002]
2026-03-30 19:36:12  INFO      TradingGraph: Generating trading recipe
2026-03-30 19:36:12  INFO      TradingGraph: Generated recipe: BALANCED_LONG_PULLBACK_ENTRY_USDCAD
2026-03-30 19:36:12  INFO      TradingGraph: Correlation guard: 2/2 long_usd positions already open — refusing USDCAD BUY
2026-03-30 19:36:12  INFO      TradingRunner: Analysing NZDUSD …
2026-03-30 19:36:12  INFO      TradingGraph: Running agents for NZDUSD
2026-03-30 19:36:12  INFO      TradingGraph: Completed 15 agents
2026-03-30 19:36:12  INFO      TradingGraph: Fusing timeframe signals
2026-03-30 19:36:12  INFO      TradingGraph: Fusion: L=-0.622(csns=1.00), M=-0.340(csns=0.75), S=-0.048(csns=0.33), align_str=0.217
2026-03-30 19:36:12  INFO      TradingGraph: Aligned [pullback-entry] (bearish) — proceeding [L=-0.622 M=-0.340 S=-0.048 breadth=0.002]
2026-03-30 19:36:12  INFO      TradingGraph: Generating trading recipe
2026-03-30 19:36:12  INFO      TradingGraph: Generated recipe: BALANCED_SHORT_PULLBACK_ENTRY_NZDUSD
2026-03-30 19:36:12  INFO      TradingGraph: Correlation guard: 2/2 long_usd positions already open — refusing NZDUSD SELL
2026-03-30 19:36:12  INFO      TradingRunner: Analysing US30 …
2026-03-30 19:36:12  INFO      TradingGraph: Running agents for US30
2026-03-30 19:36:12  INFO      TradingGraph: Completed 15 agents
2026-03-30 19:36:12  INFO      TradingGraph: Fusing timeframe signals
2026-03-30 19:36:12  INFO      TradingGraph: Fusion: L=-0.360(csns=1.00), M=-0.202(csns=1.00), S=-0.090(csns=1.00), align_str=0.187
2026-03-30 19:36:12  INFO      TradingGraph: Aligned [full-alignment] (bearish) — proceeding [L=-0.360 M=-0.202 S=-0.090 breadth=0.002]
2026-03-30 19:36:12  INFO      TradingGraph: Generating trading recipe
2026-03-30 19:36:12  INFO      TradingGraph: Generated recipe: BALANCED_SHORT_FULL_ALIGNMENT_US30
2026-03-30 19:36:12  INFO      TradingGraph: Risk check passed
2026-03-30 19:36:12  INFO      TradingGraph: Creating trade plan
2026-03-30 19:36:12  INFO      TradingGraph: VIX risk scaling: vix_fear=0.58 → risk ×0.85 (0.12)
2026-03-30 19:36:13  INFO      TradingGraph: Structure SL/TP [US30] entry=45280.00000 sl=46642.19005 (3.94×ATR) tp=44395.40000 (R:R=0.65)
2026-03-30 19:36:13  INFO      TradingGraph: Created trade plan: entry=45280.0000, sl=46642.1900, tp=43917.8100
2026-03-30 19:36:13  INFO      TradingGraph: Executing trade for US30
2026-03-30 19:36:13  WARNING   MT5Executor: US30: trading disabled on this symbol (trade_mode=0 — may be outside market hours or broker restriction). Skipping.
2026-03-30 19:36:13  INFO      TradingGraph: Order not placed for US30 (executor returned None — see executor log for reason)
2026-03-30 19:36:13  INFO      TradingRunner: Analysing US500 …
2026-03-30 19:36:13  INFO      TradingGraph: Running agents for US500
2026-03-30 19:36:13  INFO      TradingGraph: Completed 15 agents
2026-03-30 19:36:13  INFO      TradingGraph: Fusing timeframe signals
2026-03-30 19:36:13  INFO      TradingGraph: Fusion: L=-0.447(csns=1.00), M=-0.420(csns=1.00), S=-0.323(csns=0.83), align_str=0.393
2026-03-30 19:36:13  INFO      TradingGraph: Aligned [full-alignment] (bearish) — proceeding [L=-0.447 M=-0.420 S=-0.323 breadth=0.002]
2026-03-30 19:36:13  INFO      TradingGraph: Generating trading recipe
2026-03-30 19:36:13  INFO      TradingGraph: Generated recipe: BALANCED_SHORT_FULL_ALIGNMENT_US500
2026-03-30 19:36:13  INFO      TradingGraph: Risk check passed
2026-03-30 19:36:13  INFO      TradingGraph: Creating trade plan
2026-03-30 19:36:13  INFO      TradingGraph: VIX risk scaling: vix_fear=0.58 → risk ×0.85 (0.12)
2026-03-30 19:36:13  INFO      TradingGraph: SL cap [US500]: 6.04×ATR → 5.0×ATR
2026-03-30 19:36:13  INFO      TradingGraph: Structure SL/TP [US500] entry=6355.40000 sl=6598.40946 (5.00×ATR) tp=6152.55465 (R:R=0.83)
2026-03-30 19:36:13  INFO      TradingGraph: Created trade plan: entry=6355.4000, sl=6598.4100, tp=6112.3900
2026-03-30 19:36:13  INFO      TradingGraph: Executing trade for US500
2026-03-30 19:36:13  WARNING   MT5Executor: US500: trading disabled on this symbol (trade_mode=0 — may be outside market hours or broker restriction). Skipping.
2026-03-30 19:36:13  INFO      TradingGraph: Order not placed for US500 (executor returned None — see executor log for reason)
2026-03-30 19:36:13  INFO      TradingRunner: Analysing USTEC …
2026-03-30 19:36:13  INFO      TradingGraph: Running agents for USTEC
2026-03-30 19:36:13  INFO      TradingGraph: Completed 15 agents
2026-03-30 19:36:13  INFO      TradingGraph: Fusing timeframe signals
2026-03-30 19:36:13  INFO      TradingGraph: Fusion: L=-0.454(csns=1.00), M=-0.422(csns=1.00), S=-0.246(csns=0.67), align_str=0.361
2026-03-30 19:36:13  INFO      TradingGraph: Aligned [full-alignment] (bearish) — proceeding [L=-0.454 M=-0.422 S=-0.246 breadth=0.002]
2026-03-30 19:36:13  INFO      TradingGraph: Generating trading recipe
2026-03-30 19:36:13  INFO      TradingGraph: Generated recipe: BALANCED_SHORT_FULL_ALIGNMENT_USTEC
2026-03-30 19:36:13  INFO      TradingGraph: Risk check passed
2026-03-30 19:36:13  INFO      TradingGraph: Creating trade plan
2026-03-30 19:36:13  INFO      TradingGraph: VIX risk scaling: vix_fear=0.54 → risk ×0.88 (0.12)
2026-03-30 19:36:13  INFO      TradingGraph: SL cap [USTEC]: 6.74×ATR → 5.0×ATR
2026-03-30 19:36:13  INFO      TradingGraph: Structure SL/TP [USTEC] entry=23008.90000 sl=24030.12575 (5.00×ATR) tp=22297.86033 (R:R=0.70)
2026-03-30 19:36:13  INFO      TradingGraph: Created trade plan: entry=23008.9000, sl=24030.1300, tp=21987.6700
2026-03-30 19:36:13  INFO      TradingGraph: Executing trade for USTEC
2026-03-30 19:36:14  WARNING   MT5Executor: USTEC: trading disabled on this symbol (trade_mode=0 — may be outside market hours or broker restriction). Skipping.
2026-03-30 19:36:14  INFO      TradingGraph: Order not placed for USTEC (executor returned None — see executor log for reason)
2026-03-30 19:36:14  INFO      TradingRunner: Analysing DAX …
2026-03-30 19:36:14  INFO      TradingGraph: Running agents for DAX
2026-03-30 19:36:14  INFO      TradingGraph: Completed 15 agents
2026-03-30 19:36:14  INFO      TradingGraph: Fusing timeframe signals
2026-03-30 19:36:14  INFO      TradingGraph: Fusion: L=-0.159(csns=1.00), M=-0.094(csns=1.00), S=0.078(csns=0.83), align_str=0.000
2026-03-30 19:36:14  INFO      TradingGraph: Aligned [pullback-entry] (bearish) — proceeding [L=-0.159 M=-0.094 S=0.078 breadth=0.002]
2026-03-30 19:36:14  INFO      TradingGraph: Generating trading recipe
2026-03-30 19:36:14  INFO      TradingGraph: Generated recipe: BALANCED_SHORT_PULLBACK_ENTRY_DAX
2026-03-30 19:36:14  INFO      TradingGraph: Win probability too low: 0.449 < 0.46
2026-03-30 19:36:14  INFO      TradingRunner: Analysing UK100 …
2026-03-30 19:36:14  INFO      TradingGraph: Running agents for UK100
2026-03-30 19:36:14  INFO      TradingGraph: Completed 15 agents
2026-03-30 19:36:14  INFO      TradingGraph: Fusing timeframe signals
2026-03-30 19:36:14  INFO      TradingGraph: Fusion: L=0.131(csns=0.67), M=0.279(csns=1.00), S=0.009(csns=0.17), align_str=0.070
2026-03-30 19:36:14  INFO      TradingGraph: Timeframes not aligned — stopping (L=0.131 M=0.279 S=0.009)
2026-03-30 19:36:14  INFO      TradingRunner: Analysing GBPJPY …
2026-03-30 19:36:14  INFO      TradingGraph: Running agents for GBPJPY
2026-03-30 19:36:14  INFO      TradingGraph: Completed 15 agents
2026-03-30 19:36:14  INFO      TradingGraph: Fusing timeframe signals
2026-03-30 19:36:14  INFO      TradingGraph: Fusion: L=0.040(csns=0.33), M=-0.756(csns=1.00), S=0.115(csns=1.00), align_str=0.000
2026-03-30 19:36:14  INFO      TradingGraph: Timeframes not aligned — stopping (L=0.040 M=-0.756 S=0.115)
2026-03-30 19:36:14  INFO      TradingRunner: Analysing AUDJPY …
2026-03-30 19:36:14  INFO      TradingGraph: Running agents for AUDJPY
2026-03-30 19:36:14  INFO      TradingGraph: Completed 15 agents
2026-03-30 19:36:14  INFO      TradingGraph: Fusing timeframe signals
2026-03-30 19:36:14  INFO      TradingGraph: Fusion: L=0.257(csns=0.33), M=-0.430(csns=1.00), S=-0.028(csns=0.25), align_str=0.000
2026-03-30 19:36:14  INFO      TradingGraph: Timeframes not aligned — stopping (L=0.257 M=-0.430 S=-0.028)
2026-03-30 19:36:14  INFO      TradingRunner: Analysing EURGBP …
2026-03-30 19:36:14  INFO      TradingGraph: Running agents for EURGBP
2026-03-30 19:36:14  INFO      TradingGraph: Completed 15 agents
2026-03-30 19:36:14  INFO      TradingGraph: Fusing timeframe signals
2026-03-30 19:36:14  INFO      TradingGraph: Fusion: L=0.016(csns=0.33), M=0.387(csns=1.00), S=0.169(csns=0.86), align_str=0.101
2026-03-30 19:36:14  INFO      TradingGraph: Timeframes not aligned — stopping (L=0.016 M=0.387 S=0.169)
2026-03-30 19:36:14  INFO      TradingRunner: Analysing XAGUSD …
2026-03-30 19:36:14  INFO      TradingGraph: Running agents for XAGUSD
2026-03-30 19:36:14  INFO      TradingGraph: Completed 15 agents
2026-03-30 19:36:14  INFO      TradingGraph: Fusing timeframe signals
2026-03-30 19:36:14  INFO      TradingGraph: Fusion: L=-0.183(csns=0.50), M=0.138(csns=1.00), S=-0.192(csns=0.83), align_str=0.000
2026-03-30 19:36:14  INFO      TradingGraph: Timeframes not aligned — stopping (L=-0.183 M=0.138 S=-0.192)
2026-03-30 19:36:14  INFO      TradingRunner: PnL — unrealized: -0.66  realized today: +0.00  total: -0.66
2026-03-30 19:36:15  INFO      TradingRunner: Signal cycle done in 10.5s — sleeping 290s
2026-03-30 19:37:01  INFO      TrailingStopManager: Structural update SELL CHFJPY #56001767232: SL 201.14900->201.14888  TP 197.38100->197.38100  (live=199.28500 atr=0.22619)
2026-03-30 19:37:02  INFO      TradingGraph: Running agents for EURUSD
2026-03-30 19:37:02  INFO      TradingGraph: Completed 15 agents
2026-03-30 19:37:02  INFO      TradingGraph: Fusing timeframe signals
2026-03-30 19:37:02  INFO      TradingGraph: Fusion: L=-0.547(csns=1.00), M=-0.544(csns=1.00), S=-0.021(csns=0.17), align_str=0.185
2026-03-30 19:37:02  INFO      TradingGraph: Running agents for GBPUSD
2026-03-30 19:37:02  INFO      TradingGraph: Completed 15 agents
2026-03-30 19:37:02  INFO      TradingGraph: Fusing timeframe signals
2026-03-30 19:37:02  INFO      TradingGraph: Fusion: L=-0.576(csns=1.00), M=-0.557(csns=1.00), S=-0.020(csns=0.17), align_str=0.185
2026-03-30 19:37:02  INFO      TradingGraph: Running agents for EURCHF
2026-03-30 19:37:03  INFO      TradingGraph: Completed 15 agents
2026-03-30 19:37:03  INFO      TradingGraph: Fusing timeframe signals
2026-03-30 19:37:03  INFO      TradingGraph: Fusion: L=-0.197(csns=0.67), M=-0.141(csns=0.67), S=-0.021(csns=0.14), align_str=0.083
2026-03-30 19:37:03  INFO      TradingGraph: Running agents for CHFJPY
2026-03-30 19:37:03  INFO      TradingGraph: Completed 15 agents
2026-03-30 19:37:03  INFO      TradingGraph: Fusing timeframe signals
2026-03-30 19:37:03  INFO      TradingGraph: Fusion: L=0.267(csns=0.67), M=-0.582(csns=1.00), S=-0.170(csns=0.80), align_str=0.000
2026-03-30 19:37:03  INFO      TradingGraph: Running agents for EURJPY
2026-03-30 19:37:03  INFO      TradingGraph: Completed 15 agents
2026-03-30 19:37:03  INFO      TradingGraph: Fusing timeframe signals
2026-03-30 19:37:03  INFO      TradingGraph: Fusion: L=-0.157(csns=1.00), M=-0.715(csns=1.00), S=-0.077(csns=0.25), align_str=0.205
2026-03-30 19:37:34  INFO      TradingRunner: [WATCHDOG] alive | equity=137.22 | cycle=1 | profile=balanced
2026-03-30 19:38:01  INFO      TrailingStopManager: Structural update SELL CHFJPY #56001767232: SL 201.14900->201.14888  TP 197.38100->197.38100  (live=199.27200 atr=0.22619)
2026-03-30 19:38:02  INFO      TradingGraph: Running agents for EURUSD
2026-03-30 19:38:02  INFO      TradingGraph: Completed 15 agents
2026-03-30 19:38:02  INFO      TradingGraph: Fusing timeframe signals
2026-03-30 19:38:02  INFO      TradingGraph: Fusion: L=-0.548(csns=1.00), M=-0.568(csns=1.00), S=-0.019(csns=0.20), align_str=0.182
2026-03-30 19:38:02  INFO      TradingGraph: Running agents for GBPUSD
2026-03-30 19:38:02  INFO      TradingGraph: Completed 15 agents
2026-03-30 19:38:02  INFO      TradingGraph: Fusing timeframe signals
2026-03-30 19:38:02  INFO      TradingGraph: Fusion: L=-0.578(csns=1.00), M=-0.577(csns=1.00), S=-0.020(csns=0.17), align_str=0.188
2026-03-30 19:38:02  INFO      TradingGraph: Running agents for EURCHF
2026-03-30 19:38:03  INFO      TradingGraph: Completed 15 agents
2026-03-30 19:38:03  INFO      TradingGraph: Fusing timeframe signals
2026-03-30 19:38:03  INFO      TradingGraph: Fusion: L=-0.197(csns=0.67), M=-0.143(csns=0.67), S=-0.021(csns=0.14), align_str=0.084
2026-03-30 19:38:03  INFO      TradingGraph: Running agents for CHFJPY
2026-03-30 19:38:03  INFO      TradingGraph: Completed 15 agents
2026-03-30 19:38:03  INFO      TradingGraph: Fusing timeframe signals
2026-03-30 19:38:03  INFO      TradingGraph: Fusion: L=0.267(csns=0.67), M=-0.590(csns=1.00), S=-0.181(csns=0.80), align_str=0.000
2026-03-30 19:38:03  INFO      TradingGraph: Running agents for EURJPY
2026-03-30 19:38:03  INFO      TradingGraph: Completed 15 agents
2026-03-30 19:38:03  INFO      TradingGraph: Fusing timeframe signals
2026-03-30 19:38:03  INFO      TradingGraph: Fusion: L=-0.157(csns=1.00), M=-0.720(csns=1.00), S=-0.078(csns=0.25), align_str=0.207
2026-03-30 19:39:01  INFO      TrailingStopManager: Structural update SELL CHFJPY #56001767232: SL 201.14900->201.14888  TP 197.38100->197.38100  (live=199.27300 atr=0.22619)
2026-03-30 19:39:02  INFO      TradingGraph: Running agents for EURUSD
2026-03-30 19:39:02  INFO      TradingGraph: Completed 15 agents
2026-03-30 19:39:02  INFO      TradingGraph: Fusing timeframe signals
2026-03-30 19:39:02  INFO      TradingGraph: Fusion: L=-0.548(csns=1.00), M=-0.573(csns=1.00), S=-0.019(csns=0.20), align_str=0.183
2026-03-30 19:39:02  INFO      TradingGraph: Running agents for GBPUSD
2026-03-30 19:39:02  INFO      TradingGraph: Completed 15 agents
2026-03-30 19:39:02  INFO      TradingGraph: Fusing timeframe signals
2026-03-30 19:39:02  INFO      TradingGraph: Fusion: L=-0.578(csns=1.00), M=-0.570(csns=1.00), S=-0.018(csns=0.20), align_str=0.180
2026-03-30 19:39:03  INFO      TradingGraph: Running agents for EURCHF
2026-03-30 19:39:03  INFO      TradingGraph: Completed 15 agents
2026-03-30 19:39:03  INFO      TradingGraph: Fusing timeframe signals
2026-03-30 19:39:03  INFO      TradingGraph: Fusion: L=-0.198(csns=0.67), M=-0.147(csns=0.67), S=-0.021(csns=0.14), align_str=0.085
2026-03-30 19:39:03  INFO      TradingGraph: Running agents for CHFJPY
2026-03-30 19:39:03  INFO      TradingGraph: Completed 15 agents
2026-03-30 19:39:03  INFO      TradingGraph: Fusing timeframe signals
2026-03-30 19:39:03  INFO      TradingGraph: Fusion: L=0.267(csns=0.67), M=-0.590(csns=1.00), S=-0.181(csns=0.80), align_str=0.000
2026-03-30 19:39:03  INFO      TradingGraph: Running agents for EURJPY
2026-03-30 19:39:03  INFO      TradingGraph: Completed 15 agents
2026-03-30 19:39:03  INFO      TradingGraph: Fusing timeframe signals
2026-03-30 19:39:03  INFO      TradingGraph: Fusion: L=-0.157(csns=1.00), M=-0.750(csns=1.00), S=-0.080(csns=0.25), align_str=0.211
2026-03-30 19:40:01  INFO      TrailingStopManager: Structural update SELL CHFJPY #56001767232: SL 201.14900->201.14888  TP 197.38100->197.38100  (live=199.26700 atr=0.22619)
2026-03-30 19:40:02  INFO      TradingGraph: Running agents for EURUSD
2026-03-30 19:40:02  INFO      TradingGraph: Completed 15 agents
2026-03-30 19:40:02  INFO      TradingGraph: Fusing timeframe signals
2026-03-30 19:40:02  INFO      TradingGraph: Fusion: L=-0.547(csns=1.00), M=-0.542(csns=1.00), S=-0.021(csns=0.17), align_str=0.185
2026-03-30 19:40:02  INFO      TradingGraph: Running agents for GBPUSD
2026-03-30 19:40:02  INFO      TradingGraph: Completed 15 agents
2026-03-30 19:40:02  INFO      TradingGraph: Fusing timeframe signals
2026-03-30 19:40:02  INFO      TradingGraph: Fusion: L=-0.576(csns=1.00), M=-0.556(csns=1.00), S=-0.020(csns=0.17), align_str=0.185
2026-03-30 19:40:03  INFO      TradingGraph: Running agents for EURCHF
2026-03-30 19:40:03  INFO      TradingGraph: Completed 15 agents
2026-03-30 19:40:03  INFO      TradingGraph: Fusing timeframe signals
2026-03-30 19:40:03  INFO      TradingGraph: Fusion: L=-0.196(csns=0.67), M=-0.137(csns=0.67), S=-0.020(csns=0.14), align_str=0.082
2026-03-30 19:40:03  INFO      TradingGraph: Running agents for CHFJPY
2026-03-30 19:40:03  INFO      TradingGraph: Completed 15 agents
2026-03-30 19:40:03  INFO      TradingGraph: Fusing timeframe signals
2026-03-30 19:40:03  INFO      TradingGraph: Fusion: L=0.268(csns=0.67), M=-0.594(csns=1.00), S=-0.182(csns=0.80), align_str=0.000
2026-03-30 19:40:03  INFO      TradingGraph: Running agents for EURJPY
2026-03-30 19:40:04  INFO      TradingGraph: Completed 15 agents
2026-03-30 19:40:04  INFO      TradingGraph: Fusing timeframe signals
2026-03-30 19:40:04  INFO      TradingGraph: Fusion: L=-0.157(csns=1.00), M=-0.719(csns=1.00), S=-0.078(csns=0.25), align_str=0.206
2026-03-30 19:41:01  INFO      TrailingStopManager: Structural update SELL CHFJPY #56001767232: SL 201.14900->201.14888  TP 197.38100->197.38100  (live=199.25500 atr=0.22619)
2026-03-30 19:41:02  INFO      TradingGraph: Running agents for EURUSD
2026-03-30 19:41:02  INFO      TradingGraph: Completed 15 agents
2026-03-30 19:41:02  INFO      TradingGraph: Fusing timeframe signals
2026-03-30 19:41:02  INFO      TradingGraph: Fusion: L=-0.546(csns=1.00), M=-0.539(csns=1.00), S=-0.021(csns=0.17), align_str=0.184
2026-03-30 19:41:03  INFO      TradingGraph: Running agents for GBPUSD
2026-03-30 19:41:03  INFO      TradingGraph: Completed 15 agents
2026-03-30 19:41:03  INFO      TradingGraph: Fusing timeframe signals
2026-03-30 19:41:03  INFO      TradingGraph: Fusion: L=-0.577(csns=1.00), M=-0.556(csns=1.00), S=-0.020(csns=0.17), align_str=0.185
2026-03-30 19:41:03  INFO      TradingGraph: Running agents for EURCHF
2026-03-30 19:41:03  INFO      TradingGraph: Completed 15 agents
2026-03-30 19:41:03  INFO      TradingGraph: Fusing timeframe signals
2026-03-30 19:41:03  INFO      TradingGraph: Fusion: L=-0.196(csns=0.67), M=-0.118(csns=0.67), S=-0.021(csns=0.14), align_str=0.078
2026-03-30 19:41:04  INFO      TradingGraph: Running agents for CHFJPY
2026-03-30 19:41:04  INFO      TradingGraph: Completed 15 agents
2026-03-30 19:41:04  INFO      TradingGraph: Fusing timeframe signals
2026-03-30 19:41:04  INFO      TradingGraph: Fusion: L=0.268(csns=0.67), M=-0.601(csns=1.00), S=-0.194(csns=0.80), align_str=0.000
2026-03-30 19:41:04  INFO      TradingGraph: Running agents for EURJPY
2026-03-30 19:41:04  INFO      TradingGraph: Completed 15 agents
2026-03-30 19:41:04  INFO      TradingGraph: Fusing timeframe signals
2026-03-30 19:41:04  INFO      TradingGraph: Fusion: L=-0.157(csns=1.00), M=-0.751(csns=1.00), S=-0.080(csns=0.25), align_str=0.211
2026-03-30 19:41:08  INFO      TradingRunner: Analysing EURUSD …
2026-03-30 19:41:08  INFO      TradingGraph: Running agents for EURUSD
2026-03-30 19:41:08  INFO      TradingGraph: Completed 15 agents
2026-03-30 19:41:08  INFO      TradingGraph: Fusing timeframe signals
2026-03-30 19:41:08  INFO      TradingGraph: Fusion: L=-0.547(csns=1.00), M=-0.538(csns=1.00), S=-0.021(csns=0.17), align_str=0.184
2026-03-30 19:41:08  INFO      TradingGraph: Aligned [pullback-entry] (bearish) — proceeding [L=-0.547 M=-0.538 S=-0.021 breadth=0.002]
2026-03-30 19:41:08  INFO      TradingGraph: Generating trading recipe
2026-03-30 19:41:08  INFO      TradingGraph: Generated recipe: BALANCED_SHORT_PULLBACK_ENTRY_EURUSD
2026-03-30 19:41:08  INFO      TradingGraph: Correlation guard: 2/2 long_usd positions already open — refusing EURUSD SELL
2026-03-30 19:41:08  INFO      TradingRunner: Analysing USDJPY …
2026-03-30 19:41:08  INFO      TradingGraph: Running agents for USDJPY
2026-03-30 19:41:08  INFO      TradingGraph: Completed 15 agents
2026-03-30 19:41:08  INFO      TradingGraph: Fusing timeframe signals
2026-03-30 19:41:08  INFO      TradingGraph: Fusion: L=0.369(csns=0.67), M=-0.214(csns=1.00), S=0.001(csns=0.40), align_str=0.000
2026-03-30 19:41:08  INFO      TradingGraph: Timeframes not aligned — stopping (L=0.369 M=-0.214 S=0.001)
2026-03-30 19:41:08  INFO      TradingRunner: Analysing USDCHF …
2026-03-30 19:41:08  INFO      TradingGraph: Running agents for USDCHF
2026-03-30 19:41:09  INFO      TradingGraph: Completed 15 agents
2026-03-30 19:41:09  INFO      TradingGraph: Fusing timeframe signals
2026-03-30 19:41:09  INFO      TradingGraph: Fusion: L=0.572(csns=1.00), M=0.334(csns=0.67), S=0.118(csns=0.60), align_str=0.282
2026-03-30 19:41:09  INFO      TradingGraph: Aligned [full-alignment] (bullish) — proceeding [L=0.572 M=0.334 S=0.118 breadth=0.002]
2026-03-30 19:41:09  INFO      TradingGraph: Generating trading recipe
2026-03-30 19:41:09  INFO      TradingGraph: Generated recipe: BALANCED_LONG_FULL_ALIGNMENT_USDCHF
2026-03-30 19:41:09  INFO      TradingGraph: Correlation guard: 2/2 long_usd positions already open — refusing USDCHF BUY
2026-03-30 19:41:09  INFO      TradingRunner: Analysing AUDUSD …
2026-03-30 19:41:09  INFO      TradingGraph: Running agents for AUDUSD
2026-03-30 19:41:09  INFO      TradingGraph: Completed 15 agents
2026-03-30 19:41:09  INFO      TradingGraph: Fusing timeframe signals
2026-03-30 19:41:09  INFO      TradingGraph: Fusion: L=-0.067(csns=1.00), M=-0.110(csns=0.67), S=0.040(csns=0.80), align_str=0.000
2026-03-30 19:41:09  INFO      TradingGraph: Timeframes not aligned — stopping (L=-0.067 M=-0.110 S=0.040)
2026-03-30 19:41:09  INFO      TradingRunner: Analysing USDCAD …
2026-03-30 19:41:09  INFO      TradingGraph: Running agents for USDCAD
2026-03-30 19:41:09  INFO      TradingGraph: Completed 15 agents
2026-03-30 19:41:09  INFO      TradingGraph: Fusing timeframe signals
2026-03-30 19:41:09  INFO      TradingGraph: Fusion: L=0.591(csns=1.00), M=0.300(csns=0.75), S=0.058(csns=0.33), align_str=0.218
2026-03-30 19:41:09  INFO      TradingGraph: Aligned [pullback-entry] (bullish) — proceeding [L=0.591 M=0.300 S=0.058 breadth=0.002]
2026-03-30 19:41:09  INFO      TradingGraph: Generating trading recipe
2026-03-30 19:41:09  INFO      TradingGraph: Generated recipe: BALANCED_LONG_PULLBACK_ENTRY_USDCAD
2026-03-30 19:41:09  INFO      TradingGraph: Correlation guard: 2/2 long_usd positions already open — refusing USDCAD BUY
2026-03-30 19:41:09  INFO      TradingRunner: Analysing NZDUSD …
2026-03-30 19:41:09  INFO      TradingGraph: Running agents for NZDUSD
2026-03-30 19:41:09  INFO      TradingGraph: Completed 15 agents
2026-03-30 19:41:09  INFO      TradingGraph: Fusing timeframe signals
2026-03-30 19:41:09  INFO      TradingGraph: Fusion: L=-0.620(csns=1.00), M=-0.318(csns=0.75), S=-0.043(csns=0.33), align_str=0.204
2026-03-30 19:41:09  INFO      TradingGraph: Aligned [pullback-entry] (bearish) — proceeding [L=-0.620 M=-0.318 S=-0.043 breadth=0.002]
2026-03-30 19:41:09  INFO      TradingGraph: Generating trading recipe
2026-03-30 19:41:09  INFO      TradingGraph: Generated recipe: BALANCED_SHORT_PULLBACK_ENTRY_NZDUSD
2026-03-30 19:41:09  INFO      TradingGraph: Correlation guard: 2/2 long_usd positions already open — refusing NZDUSD SELL
2026-03-30 19:41:09  INFO      TradingRunner: Analysing US30 …
2026-03-30 19:41:09  INFO      TradingGraph: Running agents for US30
2026-03-30 19:41:09  INFO      TradingGraph: Completed 15 agents
2026-03-30 19:41:09  INFO      TradingGraph: Fusing timeframe signals
2026-03-30 19:41:09  INFO      TradingGraph: Fusion: L=-0.272(csns=0.67), M=-0.175(csns=1.00), S=-0.085(csns=0.75), align_str=0.159
2026-03-30 19:41:09  INFO      TradingGraph: Aligned [full-alignment] (bearish) — proceeding [L=-0.272 M=-0.175 S=-0.085 breadth=0.002]
2026-03-30 19:41:09  INFO      TradingGraph: Generating trading recipe
2026-03-30 19:41:09  INFO      TradingGraph: Generated recipe: BALANCED_SHORT_FULL_ALIGNMENT_US30
2026-03-30 19:41:09  INFO      TradingGraph: Risk check passed
2026-03-30 19:41:09  INFO      TradingGraph: Creating trade plan
2026-03-30 19:41:09  INFO      TradingGraph: VIX risk scaling: vix_fear=0.58 → risk ×0.85 (0.12)
2026-03-30 19:41:09  INFO      TradingGraph: Structure SL/TP [US30] entry=45314.70000 sl=46642.19005 (3.84×ATR) tp=44395.40000 (R:R=0.69)
2026-03-30 19:41:09  INFO      TradingGraph: Created trade plan: entry=45314.7000, sl=46642.1900, tp=43987.2100
2026-03-30 19:41:09  INFO      TradingGraph: Executing trade for US30
2026-03-30 19:41:09  WARNING   MT5Executor: US30: trading disabled on this symbol (trade_mode=0 — may be outside market hours or broker restriction). Skipping.
2026-03-30 19:41:09  INFO      TradingGraph: Order not placed for US30 (executor returned None — see executor log for reason)
2026-03-30 19:41:09  INFO      TradingRunner: Analysing US500 …
2026-03-30 19:41:10  INFO      TradingGraph: Running agents for US500
2026-03-30 19:41:10  INFO      TradingGraph: Completed 15 agents
2026-03-30 19:41:10  INFO      TradingGraph: Fusing timeframe signals
2026-03-30 19:41:10  INFO      TradingGraph: Fusion: L=-0.445(csns=1.00), M=-0.368(csns=1.00), S=-0.345(csns=0.83), align_str=0.384
2026-03-30 19:41:10  INFO      TradingGraph: Aligned [full-alignment] (bearish) — proceeding [L=-0.445 M=-0.368 S=-0.345 breadth=0.002]
2026-03-30 19:41:10  INFO      TradingGraph: Generating trading recipe
2026-03-30 19:41:10  INFO      TradingGraph: Generated recipe: BALANCED_SHORT_FULL_ALIGNMENT_US500
2026-03-30 19:41:10  INFO      TradingGraph: Risk check passed
2026-03-30 19:41:10  INFO      TradingGraph: Creating trade plan
2026-03-30 19:41:10  INFO      TradingGraph: VIX risk scaling: vix_fear=0.58 → risk ×0.85 (0.12)
2026-03-30 19:41:10  INFO      TradingGraph: SL cap [US500]: 5.96×ATR → 5.0×ATR
2026-03-30 19:41:10  INFO      TradingGraph: Structure SL/TP [US500] entry=6359.40000 sl=6602.40946 (5.00×ATR) tp=6150.39963 (R:R=0.86)
2026-03-30 19:41:10  INFO      TradingGraph: Created trade plan: entry=6359.4000, sl=6602.4100, tp=6116.3900
2026-03-30 19:41:10  INFO      TradingGraph: Executing trade for US500
2026-03-30 19:41:10  WARNING   MT5Executor: US500: trading disabled on this symbol (trade_mode=0 — may be outside market hours or broker restriction). Skipping.
2026-03-30 19:41:10  INFO      TradingGraph: Order not placed for US500 (executor returned None — see executor log for reason)
2026-03-30 19:41:10  INFO      TradingRunner: Analysing USTEC …
2026-03-30 19:41:10  INFO      TradingGraph: Running agents for USTEC
2026-03-30 19:41:10  INFO      TradingGraph: Completed 15 agents
2026-03-30 19:41:10  INFO      TradingGraph: Fusing timeframe signals
2026-03-30 19:41:10  INFO      TradingGraph: Fusion: L=-0.453(csns=1.00), M=-0.400(csns=1.00), S=-0.335(csns=0.83), align_str=0.393
2026-03-30 19:41:10  INFO      TradingGraph: Aligned [full-alignment] (bearish) — proceeding [L=-0.453 M=-0.400 S=-0.335 breadth=0.002]
2026-03-30 19:41:10  INFO      TradingGraph: Generating trading recipe
2026-03-30 19:41:10  INFO      TradingGraph: Generated recipe: BALANCED_SHORT_FULL_ALIGNMENT_USTEC
2026-03-30 19:41:10  INFO      TradingGraph: Risk check passed
2026-03-30 19:41:10  INFO      TradingGraph: Creating trade plan
2026-03-30 19:41:10  INFO      TradingGraph: VIX risk scaling: vix_fear=0.54 → risk ×0.88 (0.12)
2026-03-30 19:41:10  INFO      TradingGraph: SL cap [USTEC]: 6.68×ATR → 5.0×ATR
2026-03-30 19:41:10  INFO      TradingGraph: Structure SL/TP [USTEC] entry=23022.10000 sl=24043.32575 (5.00×ATR) tp=22294.29722 (R:R=0.71)
2026-03-30 19:41:10  INFO      TradingGraph: Created trade plan: entry=23022.1000, sl=24043.3300, tp=22000.8700
2026-03-30 19:41:10  INFO      TradingGraph: Executing trade for USTEC
2026-03-30 19:41:10  WARNING   MT5Executor: USTEC: trading disabled on this symbol (trade_mode=0 — may be outside market hours or broker restriction). Skipping.
2026-03-30 19:41:10  INFO      TradingGraph: Order not placed for USTEC (executor returned None — see executor log for reason)
2026-03-30 19:41:10  INFO      TradingRunner: Analysing DAX …
2026-03-30 19:41:10  INFO      TradingGraph: Running agents for DAX
2026-03-30 19:41:10  INFO      TradingGraph: Completed 15 agents
2026-03-30 19:41:10  INFO      TradingGraph: Fusing timeframe signals
2026-03-30 19:41:10  INFO      TradingGraph: Fusion: L=-0.160(csns=1.00), M=-0.094(csns=1.00), S=0.078(csns=0.83), align_str=0.000
2026-03-30 19:41:10  INFO      TradingGraph: Aligned [pullback-entry] (bearish) — proceeding [L=-0.160 M=-0.094 S=0.078 breadth=0.002]
2026-03-30 19:41:10  INFO      TradingGraph: Generating trading recipe
2026-03-30 19:41:10  INFO      TradingGraph: Generated recipe: BALANCED_SHORT_PULLBACK_ENTRY_DAX
2026-03-30 19:41:10  INFO      TradingGraph: Win probability too low: 0.449 < 0.46
2026-03-30 19:41:10  INFO      TradingRunner: Analysing UK100 …
2026-03-30 19:41:10  INFO      TradingGraph: Running agents for UK100
2026-03-30 19:41:10  INFO      TradingGraph: Completed 15 agents
2026-03-30 19:41:10  INFO      TradingGraph: Fusing timeframe signals
2026-03-30 19:41:10  INFO      TradingGraph: Fusion: L=0.132(csns=0.67), M=0.301(csns=1.00), S=0.002(csns=0.17), align_str=0.045
2026-03-30 19:41:10  INFO      TradingGraph: Timeframes not aligned — stopping (L=0.132 M=0.301 S=0.002)
2026-03-30 19:41:10  INFO      TradingRunner: Analysing GBPJPY …
2026-03-30 19:41:10  INFO      TradingGraph: Running agents for GBPJPY
2026-03-30 19:41:10  INFO      TradingGraph: Completed 15 agents
2026-03-30 19:41:10  INFO      TradingGraph: Fusing timeframe signals
2026-03-30 19:41:10  INFO      TradingGraph: Fusion: L=0.040(csns=0.33), M=-0.761(csns=1.00), S=0.106(csns=1.00), align_str=0.000
2026-03-30 19:41:10  INFO      TradingGraph: Timeframes not aligned — stopping (L=0.040 M=-0.761 S=0.106)
2026-03-30 19:41:10  INFO      TradingRunner: Analysing AUDJPY …
2026-03-30 19:41:10  INFO      TradingGraph: Running agents for AUDJPY
2026-03-30 19:41:10  INFO      TradingGraph: Completed 15 agents
2026-03-30 19:41:10  INFO      TradingGraph: Fusing timeframe signals
2026-03-30 19:41:10  INFO      TradingGraph: Fusion: L=0.257(csns=0.33), M=-0.421(csns=1.00), S=-0.059(csns=0.50), align_str=0.000
2026-03-30 19:41:10  INFO      TradingGraph: Timeframes not aligned — stopping (L=0.257 M=-0.421 S=-0.059)
2026-03-30 19:41:10  INFO      TradingRunner: Analysing EURGBP …
2026-03-30 19:41:10  INFO      TradingGraph: Running agents for EURGBP
2026-03-30 19:41:10  INFO      TradingGraph: Completed 15 agents
2026-03-30 19:41:10  INFO      TradingGraph: Fusing timeframe signals
2026-03-30 19:41:10  INFO      TradingGraph: Fusion: L=0.016(csns=0.33), M=0.387(csns=1.00), S=0.169(csns=0.86), align_str=0.101
2026-03-30 19:41:10  INFO      TradingGraph: Timeframes not aligned — stopping (L=0.016 M=0.387 S=0.169)
2026-03-30 19:41:10  INFO      TradingRunner: Analysing XAGUSD …
2026-03-30 19:41:10  INFO      TradingGraph: Running agents for XAGUSD
2026-03-30 19:41:11  INFO      TradingGraph: Completed 15 agents
2026-03-30 19:41:11  INFO      TradingGraph: Fusing timeframe signals
2026-03-30 19:41:11  INFO      TradingGraph: Fusion: L=-0.184(csns=0.50), M=0.146(csns=1.00), S=-0.189(csns=0.83), align_str=0.000
2026-03-30 19:41:11  INFO      TradingGraph: Timeframes not aligned — stopping (L=-0.184 M=0.146 S=-0.189)
2026-03-30 19:41:11  INFO      TradingRunner: PnL — unrealized: -0.61  realized today: +0.00  total: -0.61
2026-03-30 19:41:11  INFO      TradingRunner: Signal cycle done in 6.5s — sleeping 294s
2026-03-30 19:42:02  INFO      TradingGraph: Running agents for EURUSD
2026-03-30 19:42:02  INFO      TradingGraph: Completed 15 agents
2026-03-30 19:42:02  INFO      TradingGraph: Fusing timeframe signals
2026-03-30 19:42:02  INFO      TradingGraph: Fusion: L=-0.547(csns=1.00), M=-0.534(csns=1.00), S=-0.020(csns=0.17), align_str=0.181
2026-03-30 19:42:02  INFO      TradingGraph: Running agents for GBPUSD
2026-03-30 19:42:02  INFO      TradingGraph: Completed 15 agents
2026-03-30 19:42:02  INFO      TradingGraph: Fusing timeframe signals
2026-03-30 19:42:02  INFO      TradingGraph: Fusion: L=-0.577(csns=1.00), M=-0.551(csns=1.00), S=-0.020(csns=0.17), align_str=0.184
2026-03-30 19:42:03  INFO      TradingGraph: Running agents for EURCHF
2026-03-30 19:42:03  INFO      TradingGraph: Completed 15 agents
2026-03-30 19:42:03  INFO      TradingGraph: Fusing timeframe signals
2026-03-30 19:42:03  INFO      TradingGraph: Fusion: L=-0.175(csns=0.67), M=-0.113(csns=0.67), S=-0.020(csns=0.14), align_str=0.074
2026-03-30 19:42:03  INFO      TradingGraph: Running agents for CHFJPY
2026-03-30 19:42:03  INFO      TradingGraph: Completed 15 agents
2026-03-30 19:42:03  INFO      TradingGraph: Fusing timeframe signals
2026-03-30 19:42:03  INFO      TradingGraph: Fusion: L=0.268(csns=0.67), M=-0.595(csns=1.00), S=-0.182(csns=0.80), align_str=0.000
2026-03-30 19:42:03  INFO      TradingGraph: Running agents for EURJPY
2026-03-30 19:42:03  INFO      TradingGraph: Completed 15 agents
2026-03-30 19:42:03  INFO      TradingGraph: Fusing timeframe signals
2026-03-30 19:42:03  INFO      TradingGraph: Fusion: L=-0.156(csns=1.00), M=-0.714(csns=1.00), S=-0.077(csns=0.25), align_str=0.204
2026-03-30 19:43:02  INFO      TradingGraph: Running agents for EURUSD
2026-03-30 19:43:02  INFO      TradingGraph: Completed 15 agents
2026-03-30 19:43:02  INFO      TradingGraph: Fusing timeframe signals
2026-03-30 19:43:02  INFO      TradingGraph: Fusion: L=-0.547(csns=1.00), M=-0.538(csns=1.00), S=-0.021(csns=0.17), align_str=0.184
2026-03-30 19:43:02  INFO      TradingGraph: Running agents for GBPUSD
2026-03-30 19:43:02  INFO      TradingGraph: Completed 15 agents
2026-03-30 19:43:02  INFO      TradingGraph: Fusing timeframe signals
2026-03-30 19:43:02  INFO      TradingGraph: Fusion: L=-0.577(csns=1.00), M=-0.556(csns=1.00), S=-0.020(csns=0.17), align_str=0.185
2026-03-30 19:43:03  INFO      TradingGraph: Running agents for EURCHF
2026-03-30 19:43:03  INFO      TradingGraph: Completed 15 agents
2026-03-30 19:43:03  INFO      TradingGraph: Fusing timeframe signals
2026-03-30 19:43:03  INFO      TradingGraph: Fusion: L=-0.197(csns=0.67), M=-0.145(csns=0.67), S=-0.022(csns=0.14), align_str=0.086
2026-03-30 19:43:03  INFO      TradingGraph: Running agents for CHFJPY
2026-03-30 19:43:03  INFO      TradingGraph: Completed 15 agents
2026-03-30 19:43:03  INFO      TradingGraph: Fusing timeframe signals
2026-03-30 19:43:03  INFO      TradingGraph: Fusion: L=0.267(csns=0.67), M=-0.587(csns=1.00), S=-0.181(csns=0.80), align_str=0.000
2026-03-30 19:43:04  INFO      TradingGraph: Running agents for EURJPY
2026-03-30 19:43:04  INFO      TradingGraph: Completed 15 agents
2026-03-30 19:43:04  INFO      TradingGraph: Fusing timeframe signals
2026-03-30 19:43:04  INFO      TradingGraph: Fusion: L=-0.157(csns=1.00), M=-0.718(csns=1.00), S=-0.078(csns=0.25), align_str=0.206
2026-03-30 19:44:02  INFO      TradingGraph: Running agents for EURUSD
2026-03-30 19:44:02  INFO      TradingGraph: Completed 15 agents
2026-03-30 19:44:02  INFO      TradingGraph: Fusing timeframe signals
2026-03-30 19:44:02  INFO      TradingGraph: Fusion: L=-0.547(csns=1.00), M=-0.534(csns=1.00), S=-0.020(csns=0.17), align_str=0.181
2026-03-30 19:44:02  INFO      TradingGraph: Running agents for GBPUSD
2026-03-30 19:44:02  INFO      TradingGraph: Completed 15 agents
2026-03-30 19:44:02  INFO      TradingGraph: Fusing timeframe signals
2026-03-30 19:44:02  INFO      TradingGraph: Fusion: L=-0.577(csns=1.00), M=-0.551(csns=1.00), S=-0.020(csns=0.17), align_str=0.185
2026-03-30 19:44:03  INFO      TradingGraph: Running agents for EURCHF
2026-03-30 19:44:03  INFO      TradingGraph: Completed 15 agents
2026-03-30 19:44:03  INFO      TradingGraph: Fusing timeframe signals
2026-03-30 19:44:03  INFO      TradingGraph: Fusion: L=-0.198(csns=0.67), M=-0.152(csns=0.67), S=-0.023(csns=0.14), align_str=0.088
2026-03-30 19:44:03  INFO      TradingGraph: Running agents for CHFJPY
2026-03-30 19:44:03  INFO      TradingGraph: Completed 15 agents
2026-03-30 19:44:03  INFO      TradingGraph: Fusing timeframe signals
2026-03-30 19:44:03  INFO      TradingGraph: Fusion: L=0.267(csns=0.67), M=-0.575(csns=1.00), S=-0.169(csns=0.80), align_str=0.000
2026-03-30 19:44:03  INFO      TradingGraph: Running agents for EURJPY
2026-03-30 19:44:04  INFO      TradingGraph: Completed 15 agents
2026-03-30 19:44:04  INFO      TradingGraph: Fusing timeframe signals
2026-03-30 19:44:04  INFO      TradingGraph: Fusion: L=-0.156(csns=1.00), M=-0.714(csns=1.00), S=-0.077(csns=0.25), align_str=0.205
2026-03-30 19:45:02  INFO      TradingGraph: Running agents for EURUSD
2026-03-30 19:45:02  INFO      TradingGraph: Completed 15 agents
2026-03-30 19:45:02  INFO      TradingGraph: Fusing timeframe signals
2026-03-30 19:45:02  INFO      TradingGraph: Fusion: L=-0.544(csns=1.00), M=-0.487(csns=1.00), S=-0.019(csns=0.17), align_str=0.172
2026-03-30 19:45:03  INFO      TradingGraph: Running agents for GBPUSD
2026-03-30 19:45:03  INFO      TradingGraph: Completed 15 agents
2026-03-30 19:45:03  INFO      TradingGraph: Fusing timeframe signals
2026-03-30 19:45:03  INFO      TradingGraph: Fusion: L=-0.576(csns=1.00), M=-0.543(csns=1.00), S=-0.027(csns=0.17), align_str=0.202
2026-03-30 19:45:03  INFO      TradingGraph: Running agents for EURCHF
2026-03-30 19:45:03  INFO      TradingGraph: Completed 15 agents
2026-03-30 19:45:03  INFO      TradingGraph: Fusing timeframe signals
2026-03-30 19:45:03  INFO      TradingGraph: Fusion: L=-0.197(csns=0.67), M=-0.141(csns=0.67), S=-0.017(csns=0.14), align_str=0.078
2026-03-30 19:45:03  INFO      TradingGraph: Running agents for CHFJPY
2026-03-30 19:45:04  INFO      TradingGraph: Completed 15 agents
2026-03-30 19:45:04  INFO      TradingGraph: Fusing timeframe signals
2026-03-30 19:45:04  INFO      TradingGraph: Fusion: L=0.266(csns=0.67), M=-0.560(csns=1.00), S=-0.159(csns=0.75), align_str=0.000
2026-03-30 19:45:04  INFO      TradingGraph: Running agents for EURJPY
2026-03-30 19:45:04  INFO      TradingGraph: Completed 15 agents
2026-03-30 19:45:04  INFO      TradingGraph: Fusing timeframe signals
2026-03-30 19:45:04  INFO      TradingGraph: Fusion: L=-0.155(csns=1.00), M=-0.702(csns=1.00), S=0.008(csns=0.80), align_str=0.000
2026-03-30 19:46:02  INFO      TradingGraph: Running agents for EURUSD
2026-03-30 19:46:02  INFO      TradingGraph: Completed 15 agents
2026-03-30 19:46:02  INFO      TradingGraph: Fusing timeframe signals
2026-03-30 19:46:02  INFO      TradingGraph: Fusion: L=-0.545(csns=1.00), M=-0.491(csns=1.00), S=-0.019(csns=0.17), align_str=0.172
2026-03-30 19:46:03  INFO      TradingGraph: Running agents for GBPUSD
2026-03-30 19:46:03  INFO      TradingGraph: Completed 15 agents
2026-03-30 19:46:03  INFO      TradingGraph: Fusing timeframe signals
2026-03-30 19:46:03  INFO      TradingGraph: Fusion: L=-0.576(csns=1.00), M=-0.545(csns=1.00), S=-0.028(csns=0.17), align_str=0.206
2026-03-30 19:46:04  INFO      TradingGraph: Running agents for EURCHF
2026-03-30 19:46:04  INFO      TradingGraph: Completed 15 agents
2026-03-30 19:46:04  INFO      TradingGraph: Fusing timeframe signals
2026-03-30 19:46:04  INFO      TradingGraph: Fusion: L=-0.197(csns=0.67), M=-0.141(csns=0.67), S=-0.017(csns=0.14), align_str=0.078
2026-03-30 19:46:04  INFO      TradingGraph: Running agents for CHFJPY
2026-03-30 19:46:04  INFO      TradingGraph: Completed 15 agents
2026-03-30 19:46:04  INFO      TradingGraph: Fusing timeframe signals
2026-03-30 19:46:04  INFO      TradingGraph: Fusion: L=0.266(csns=0.67), M=-0.565(csns=1.00), S=-0.160(csns=0.75), align_str=0.000
2026-03-30 19:46:04  INFO      TradingGraph: Running agents for EURJPY
2026-03-30 19:46:04  INFO      TradingGraph: Completed 15 agents
2026-03-30 19:46:04  INFO      TradingGraph: Fusing timeframe signals
2026-03-30 19:46:04  INFO      TradingGraph: Fusion: L=-0.156(csns=1.00), M=-0.705(csns=1.00), S=0.007(csns=0.80), align_str=0.000
2026-03-30 19:46:08  INFO      TradingRunner: Analysing EURUSD …
2026-03-30 19:46:08  INFO      TradingGraph: Running agents for EURUSD
2026-03-30 19:46:08  INFO      TradingGraph: Completed 15 agents
2026-03-30 19:46:08  INFO      TradingGraph: Fusing timeframe signals
2026-03-30 19:46:08  INFO      TradingGraph: Fusion: L=-0.545(csns=1.00), M=-0.496(csns=1.00), S=-0.020(csns=0.17), align_str=0.177
2026-03-30 19:46:08  INFO      TradingGraph: Aligned [pullback-entry] (bearish) — proceeding [L=-0.545 M=-0.496 S=-0.020 breadth=0.002]
2026-03-30 19:46:08  INFO      TradingGraph: Generating trading recipe
2026-03-30 19:46:08  INFO      TradingGraph: Generated recipe: BALANCED_SHORT_PULLBACK_ENTRY_EURUSD
2026-03-30 19:46:08  INFO      TradingGraph: Correlation guard: 2/2 long_usd positions already open — refusing EURUSD SELL
2026-03-30 19:46:08  INFO      TradingRunner: Analysing USDJPY …
2026-03-30 19:46:08  INFO      TradingGraph: Running agents for USDJPY
2026-03-30 19:46:09  INFO      TradingGraph: Completed 15 agents
2026-03-30 19:46:09  INFO      TradingGraph: Fusing timeframe signals
2026-03-30 19:46:09  INFO      TradingGraph: Fusion: L=0.368(csns=0.67), M=-0.195(csns=1.00), S=0.005(csns=0.50), align_str=0.000
2026-03-30 19:46:09  INFO      TradingGraph: Timeframes not aligned — stopping (L=0.368 M=-0.195 S=0.005)
2026-03-30 19:46:09  INFO      TradingRunner: Analysing USDCHF …
2026-03-30 19:46:09  INFO      TradingGraph: Running agents for USDCHF
2026-03-30 19:46:09  INFO      TradingGraph: Completed 15 agents
2026-03-30 19:46:09  INFO      TradingGraph: Fusing timeframe signals
2026-03-30 19:46:09  INFO      TradingGraph: Fusion: L=0.569(csns=1.00), M=0.319(csns=0.67), S=0.107(csns=0.40), align_str=0.268
2026-03-30 19:46:09  INFO      TradingGraph: Aligned [full-alignment] (bullish) — proceeding [L=0.569 M=0.319 S=0.107 breadth=0.002]
2026-03-30 19:46:09  INFO      TradingGraph: Generating trading recipe
2026-03-30 19:46:09  INFO      TradingGraph: Generated recipe: BALANCED_LONG_FULL_ALIGNMENT_USDCHF
2026-03-30 19:46:09  INFO      TradingGraph: Correlation guard: 2/2 long_usd positions already open — refusing USDCHF BUY
2026-03-30 19:46:09  INFO      TradingRunner: Analysing AUDUSD …
2026-03-30 19:46:09  INFO      TradingGraph: Running agents for AUDUSD
2026-03-30 19:46:09  INFO      TradingGraph: Completed 15 agents
2026-03-30 19:46:09  INFO      TradingGraph: Fusing timeframe signals
2026-03-30 19:46:09  INFO      TradingGraph: Fusion: L=-0.068(csns=1.00), M=-0.089(csns=0.67), S=0.023(csns=0.80), align_str=0.000
2026-03-30 19:46:09  INFO      TradingGraph: Timeframes not aligned — stopping (L=-0.068 M=-0.089 S=0.023)
2026-03-30 19:46:09  INFO      TradingRunner: Analysing USDCAD …
2026-03-30 19:46:09  INFO      TradingGraph: Running agents for USDCAD
2026-03-30 19:46:09  INFO      TradingGraph: Completed 15 agents
2026-03-30 19:46:09  INFO      TradingGraph: Fusing timeframe signals
2026-03-30 19:46:09  INFO      TradingGraph: Fusion: L=0.589(csns=1.00), M=0.161(csns=0.75), S=0.077(csns=0.33), align_str=0.194
2026-03-30 19:46:09  INFO      TradingGraph: Aligned [pullback-entry] (bullish) — proceeding [L=0.589 M=0.161 S=0.077 breadth=0.002]
2026-03-30 19:46:09  INFO      TradingGraph: Generating trading recipe
2026-03-30 19:46:09  INFO      TradingGraph: Generated recipe: BALANCED_LONG_PULLBACK_ENTRY_USDCAD
2026-03-30 19:46:09  INFO      TradingGraph: Correlation guard: 2/2 long_usd positions already open — refusing USDCAD BUY
2026-03-30 19:46:09  INFO      TradingRunner: Analysing NZDUSD …
2026-03-30 19:46:09  INFO      TradingGraph: Running agents for NZDUSD
2026-03-30 19:46:09  INFO      TradingGraph: Completed 15 agents
2026-03-30 19:46:09  INFO      TradingGraph: Fusing timeframe signals
2026-03-30 19:46:09  INFO      TradingGraph: Fusion: L=-0.619(csns=1.00), M=-0.305(csns=0.67), S=-0.041(csns=0.33), align_str=0.197
2026-03-30 19:46:09  INFO      TradingGraph: Aligned [pullback-entry] (bearish) — proceeding [L=-0.619 M=-0.305 S=-0.041 breadth=0.002]
2026-03-30 19:46:09  INFO      TradingGraph: Generating trading recipe
2026-03-30 19:46:09  INFO      TradingGraph: Generated recipe: BALANCED_SHORT_PULLBACK_ENTRY_NZDUSD
2026-03-30 19:46:09  INFO      TradingGraph: Correlation guard: 2/2 long_usd positions already open — refusing NZDUSD SELL
2026-03-30 19:46:09  INFO      TradingRunner: Analysing US30 …
2026-03-30 19:46:09  INFO      TradingGraph: Running agents for US30
2026-03-30 19:46:09  INFO      TradingGraph: Completed 15 agents
2026-03-30 19:46:09  INFO      TradingGraph: Fusing timeframe signals
2026-03-30 19:46:09  INFO      TradingGraph: Fusion: L=-0.270(csns=0.67), M=-0.161(csns=1.00), S=-0.086(csns=0.80), align_str=0.156
2026-03-30 19:46:09  INFO      TradingGraph: Aligned [full-alignment] (bearish) — proceeding [L=-0.270 M=-0.161 S=-0.086 breadth=0.002]
2026-03-30 19:46:09  INFO      TradingGraph: Generating trading recipe
2026-03-30 19:46:09  INFO      TradingGraph: Generated recipe: BALANCED_SHORT_FULL_ALIGNMENT_US30
2026-03-30 19:46:09  INFO      TradingGraph: Risk check passed
2026-03-30 19:46:09  INFO      TradingGraph: Creating trade plan
2026-03-30 19:46:09  INFO      TradingGraph: VIX risk scaling: vix_fear=0.59 → risk ×0.84 (0.11)
2026-03-30 19:46:09  INFO      TradingGraph: Structure SL/TP [US30] entry=45339.70000 sl=46642.19005 (3.77×ATR) tp=44395.40000 (R:R=0.72)
2026-03-30 19:46:09  INFO      TradingGraph: Created trade plan: entry=45339.7000, sl=46642.1900, tp=44037.2100
2026-03-30 19:46:09  INFO      TradingGraph: Executing trade for US30
2026-03-30 19:46:09  WARNING   MT5Executor: US30: trading disabled on this symbol (trade_mode=0 — may be outside market hours or broker restriction). Skipping.
2026-03-30 19:46:09  INFO      TradingGraph: Order not placed for US30 (executor returned None — see executor log for reason)
2026-03-30 19:46:09  INFO      TradingRunner: Analysing US500 …
2026-03-30 19:46:09  INFO      TradingGraph: Running agents for US500
2026-03-30 19:46:09  INFO      TradingGraph: Completed 15 agents
2026-03-30 19:46:09  INFO      TradingGraph: Fusing timeframe signals
2026-03-30 19:46:09  INFO      TradingGraph: Fusion: L=-0.443(csns=1.00), M=-0.356(csns=1.00), S=-0.344(csns=0.83), align_str=0.379
2026-03-30 19:46:09  INFO      TradingGraph: Aligned [full-alignment] (bearish) — proceeding [L=-0.443 M=-0.356 S=-0.344 breadth=0.002]
2026-03-30 19:46:09  INFO      TradingGraph: Generating trading recipe
2026-03-30 19:46:09  INFO      TradingGraph: Generated recipe: BALANCED_SHORT_FULL_ALIGNMENT_US500
2026-03-30 19:46:09  INFO      TradingGraph: Risk check passed
2026-03-30 19:46:09  INFO      TradingGraph: Creating trade plan
2026-03-30 19:46:09  INFO      TradingGraph: VIX risk scaling: vix_fear=0.59 → risk ×0.84 (0.11)
2026-03-30 19:46:09  INFO      TradingGraph: SL cap [US500]: 5.89×ATR → 5.0×ATR
2026-03-30 19:46:09  INFO      TradingGraph: Structure SL/TP [US500] entry=6362.70000 sl=6605.70946 (5.00×ATR) tp=6148.49233 (R:R=0.88)
2026-03-30 19:46:09  INFO      TradingGraph: Created trade plan: entry=6362.7000, sl=6605.7100, tp=6119.6900
2026-03-30 19:46:09  INFO      TradingGraph: Executing trade for US500
2026-03-30 19:46:09  WARNING   MT5Executor: US500: trading disabled on this symbol (trade_mode=0 — may be outside market hours or broker restriction). Skipping.
2026-03-30 19:46:09  INFO      TradingGraph: Order not placed for US500 (executor returned None — see executor log for reason)
2026-03-30 19:46:09  INFO      TradingRunner: Analysing USTEC …
2026-03-30 19:46:09  INFO      TradingGraph: Running agents for USTEC
2026-03-30 19:46:09  INFO      TradingGraph: Completed 15 agents
2026-03-30 19:46:09  INFO      TradingGraph: Fusing timeframe signals
2026-03-30 19:46:09  INFO      TradingGraph: Fusion: L=-0.451(csns=1.00), M=-0.421(csns=1.00), S=-0.371(csns=1.00), align_str=0.413
2026-03-30 19:46:09  INFO      TradingGraph: Aligned [full-alignment] (bearish) — proceeding [L=-0.451 M=-0.421 S=-0.371 breadth=0.002]
2026-03-30 19:46:09  INFO      TradingGraph: Generating trading recipe
2026-03-30 19:46:09  INFO      TradingGraph: Generated recipe: BALANCED_SHORT_FULL_ALIGNMENT_USTEC
2026-03-30 19:46:09  INFO      TradingGraph: Risk check passed
2026-03-30 19:46:09  INFO      TradingGraph: Creating trade plan
2026-03-30 19:46:09  INFO      TradingGraph: VIX risk scaling: vix_fear=0.55 → risk ×0.87 (0.12)
2026-03-30 19:46:09  INFO      TradingGraph: SL cap [USTEC]: 6.59×ATR → 5.0×ATR
2026-03-30 19:46:09  INFO      TradingGraph: Structure SL/TP [USTEC] entry=23040.10000 sl=24061.32575 (5.00×ATR) tp=22288.90860 (R:R=0.74)
2026-03-30 19:46:09  INFO      TradingGraph: Created trade plan: entry=23040.1000, sl=24061.3300, tp=22018.8700
2026-03-30 19:46:09  INFO      TradingGraph: Executing trade for USTEC
2026-03-30 19:46:09  WARNING   MT5Executor: USTEC: trading disabled on this symbol (trade_mode=0 — may be outside market hours or broker restriction). Skipping.
2026-03-30 19:46:09  INFO      TradingGraph: Order not placed for USTEC (executor returned None — see executor log for reason)
2026-03-30 19:46:09  INFO      TradingRunner: Analysing DAX …
2026-03-30 19:46:09  INFO      TradingGraph: Running agents for DAX
2026-03-30 19:46:10  INFO      TradingGraph: Completed 15 agents
2026-03-30 19:46:10  INFO      TradingGraph: Fusing timeframe signals
2026-03-30 19:46:10  INFO      TradingGraph: Fusion: L=-0.160(csns=1.00), M=-0.094(csns=1.00), S=0.078(csns=0.83), align_str=0.000
2026-03-30 19:46:10  INFO      TradingGraph: Aligned [pullback-entry] (bearish) — proceeding [L=-0.160 M=-0.094 S=0.078 breadth=0.002]
2026-03-30 19:46:10  INFO      TradingGraph: Generating trading recipe
2026-03-30 19:46:10  INFO      TradingGraph: Generated recipe: BALANCED_SHORT_PULLBACK_ENTRY_DAX
2026-03-30 19:46:10  INFO      TradingGraph: Win probability too low: 0.449 < 0.46
2026-03-30 19:46:10  INFO      TradingRunner: Analysing UK100 …
2026-03-30 19:46:10  INFO      TradingGraph: Running agents for UK100
2026-03-30 19:46:10  INFO      TradingGraph: Completed 15 agents
2026-03-30 19:46:10  INFO      TradingGraph: Fusing timeframe signals
2026-03-30 19:46:10  INFO      TradingGraph: Fusion: L=0.133(csns=0.67), M=0.318(csns=1.00), S=0.007(csns=0.17), align_str=0.066
2026-03-30 19:46:10  INFO      TradingGraph: Timeframes not aligned — stopping (L=0.133 M=0.318 S=0.007)
2026-03-30 19:46:10  INFO      TradingRunner: Analysing GBPJPY …
2026-03-30 19:46:10  INFO      TradingGraph: Running agents for GBPJPY
2026-03-30 19:46:10  INFO      TradingGraph: Completed 15 agents
2026-03-30 19:46:10  INFO      TradingGraph: Fusing timeframe signals
2026-03-30 19:46:10  INFO      TradingGraph: Fusion: L=0.040(csns=0.33), M=-0.748(csns=1.00), S=0.000(csns=0.50), align_str=0.000
2026-03-30 19:46:10  INFO      TradingGraph: Timeframes not aligned — stopping (L=0.040 M=-0.748 S=0.000)
2026-03-30 19:46:10  INFO      TradingRunner: Analysing AUDJPY …
2026-03-30 19:46:10  INFO      TradingGraph: Running agents for AUDJPY
2026-03-30 19:46:10  INFO      TradingGraph: Completed 15 agents
2026-03-30 19:46:10  INFO      TradingGraph: Fusing timeframe signals
2026-03-30 19:46:10  INFO      TradingGraph: Fusion: L=0.294(csns=0.50), M=-0.331(csns=1.00), S=-0.067(csns=0.40), align_str=0.000
2026-03-30 19:46:10  INFO      TradingGraph: Timeframes not aligned — stopping (L=0.294 M=-0.331 S=-0.067)
2026-03-30 19:46:10  INFO      TradingRunner: Analysing EURGBP …
2026-03-30 19:46:10  INFO      TradingGraph: Running agents for EURGBP
2026-03-30 19:46:10  INFO      TradingGraph: Completed 15 agents
2026-03-30 19:46:10  INFO      TradingGraph: Fusing timeframe signals
2026-03-30 19:46:10  INFO      TradingGraph: Fusion: L=0.016(csns=0.33), M=0.391(csns=1.00), S=0.178(csns=0.71), align_str=0.104
2026-03-30 19:46:10  INFO      TradingGraph: Timeframes not aligned — stopping (L=0.016 M=0.391 S=0.178)
2026-03-30 19:46:10  INFO      TradingRunner: Analysing XAGUSD …
2026-03-30 19:46:10  INFO      TradingGraph: Running agents for XAGUSD
2026-03-30 19:46:10  INFO      TradingGraph: Completed 15 agents
2026-03-30 19:46:10  INFO      TradingGraph: Fusing timeframe signals
2026-03-30 19:46:10  INFO      TradingGraph: Fusion: L=-0.183(csns=0.50), M=0.155(csns=1.00), S=-0.183(csns=0.83), align_str=0.000
2026-03-30 19:46:10  INFO      TradingGraph: Timeframes not aligned — stopping (L=-0.183 M=0.155 S=-0.183)
2026-03-30 19:46:10  INFO      TradingRunner: PnL — unrealized: -1.26  realized today: +0.00  total: -1.26
2026-03-30 19:46:10  INFO      TradingRunner: Signal cycle done in 5.7s — sleeping 294s
2026-03-30 19:47:02  INFO      TradingGraph: Running agents for EURUSD
2026-03-30 19:47:02  INFO      TradingGraph: Completed 15 agents
2026-03-30 19:47:02  INFO      TradingGraph: Fusing timeframe signals
2026-03-30 19:47:02  INFO      TradingGraph: Fusion: L=-0.546(csns=1.00), M=-0.528(csns=1.00), S=-0.021(csns=0.17), align_str=0.183
2026-03-30 19:47:03  INFO      TradingGraph: Running agents for GBPUSD
2026-03-30 19:47:03  INFO      TradingGraph: Completed 15 agents
2026-03-30 19:47:03  INFO      TradingGraph: Fusing timeframe signals
2026-03-30 19:47:03  INFO      TradingGraph: Fusion: L=-0.577(csns=1.00), M=-0.554(csns=1.00), S=-0.033(csns=0.17), align_str=0.220
2026-03-30 19:47:03  INFO      TradingGraph: Running agents for EURCHF
2026-03-30 19:47:03  INFO      TradingGraph: Completed 15 agents
2026-03-30 19:47:03  INFO      TradingGraph: Fusing timeframe signals
2026-03-30 19:47:03  INFO      TradingGraph: Fusion: L=-0.196(csns=0.67), M=-0.139(csns=0.67), S=-0.017(csns=0.14), align_str=0.077
2026-03-30 19:47:03  INFO      TradingGraph: Running agents for CHFJPY
2026-03-30 19:47:03  INFO      TradingGraph: Completed 15 agents
2026-03-30 19:47:03  INFO      TradingGraph: Fusing timeframe signals
2026-03-30 19:47:03  INFO      TradingGraph: Fusion: L=0.266(csns=0.67), M=-0.556(csns=1.00), S=-0.133(csns=0.60), align_str=0.000
2026-03-30 19:47:04  INFO      TradingGraph: Running agents for EURJPY
2026-03-30 19:47:04  INFO      TradingGraph: Completed 15 agents
2026-03-30 19:47:04  INFO      TradingGraph: Fusing timeframe signals
2026-03-30 19:47:04  INFO      TradingGraph: Fusion: L=-0.155(csns=1.00), M=-0.699(csns=1.00), S=0.008(csns=0.80), align_str=0.000
2026-03-30 19:48:02  INFO      TradingGraph: Running agents for EURUSD
2026-03-30 19:48:02  INFO      TradingGraph: Completed 15 agents
2026-03-30 19:48:02  INFO      TradingGraph: Fusing timeframe signals
2026-03-30 19:48:02  INFO      TradingGraph: Fusion: L=-0.545(csns=1.00), M=-0.495(csns=1.00), S=-0.021(csns=0.17), align_str=0.177
2026-03-30 19:48:03  INFO      TradingGraph: Running agents for GBPUSD
2026-03-30 19:48:03  INFO      TradingGraph: Completed 15 agents
2026-03-30 19:48:03  INFO      TradingGraph: Fusing timeframe signals
2026-03-30 19:48:03  INFO      TradingGraph: Fusion: L=-0.576(csns=1.00), M=-0.546(csns=1.00), S=-0.029(csns=0.17), align_str=0.209
2026-03-30 19:48:03  INFO      TradingGraph: Running agents for EURCHF
2026-03-30 19:48:03  INFO      TradingGraph: Completed 15 agents
2026-03-30 19:48:03  INFO      TradingGraph: Fusing timeframe signals
2026-03-30 19:48:03  INFO      TradingGraph: Fusion: L=-0.197(csns=0.67), M=-0.143(csns=0.67), S=-0.017(csns=0.14), align_str=0.079
2026-03-30 19:48:04  INFO      TradingGraph: Running agents for CHFJPY
2026-03-30 19:48:04  INFO      TradingGraph: Completed 15 agents
2026-03-30 19:48:04  INFO      TradingGraph: Fusing timeframe signals
2026-03-30 19:48:04  INFO      TradingGraph: Fusion: L=0.266(csns=0.67), M=-0.557(csns=1.00), S=-0.158(csns=0.75), align_str=0.000
2026-03-30 19:48:04  INFO      TradingGraph: Running agents for EURJPY
2026-03-30 19:48:04  INFO      TradingGraph: Completed 15 agents
2026-03-30 19:48:04  INFO      TradingGraph: Fusing timeframe signals
2026-03-30 19:48:04  INFO      TradingGraph: Fusion: L=-0.155(csns=1.00), M=-0.700(csns=1.00), S=0.008(csns=0.80), align_str=0.000
2026-03-30 19:48:04  INFO      TradingRunner: [WATCHDOG] alive | equity=135.71 | cycle=3 | profile=balanced
2026-03-30 19:49:03  INFO      TradingGraph: Running agents for EURUSD
2026-03-30 19:49:03  INFO      TradingGraph: Completed 15 agents
2026-03-30 19:49:03  INFO      TradingGraph: Fusing timeframe signals
2026-03-30 19:49:03  INFO      TradingGraph: Fusion: L=-0.549(csns=1.00), M=-0.567(csns=1.00), S=-0.023(csns=0.17), align_str=0.194
2026-03-30 19:49:03  INFO      TradingGraph: Running agents for GBPUSD
2026-03-30 19:49:03  INFO      TradingGraph: Completed 15 agents
2026-03-30 19:49:03  INFO      TradingGraph: Fusing timeframe signals
2026-03-30 19:49:03  INFO      TradingGraph: Fusion: L=-0.578(csns=1.00), M=-0.568(csns=1.00), S=-0.050(csns=0.17), align_str=0.255
2026-03-30 19:49:03  INFO      TradingGraph: Running agents for EURCHF
2026-03-30 19:49:03  INFO      TradingGraph: Completed 15 agents
2026-03-30 19:49:03  INFO      TradingGraph: Fusing timeframe signals
2026-03-30 19:49:03  INFO      TradingGraph: Fusion: L=-0.200(csns=0.67), M=-0.170(csns=0.67), S=-0.018(csns=0.14), align_str=0.085
2026-03-30 19:49:04  INFO      TradingGraph: Running agents for CHFJPY
2026-03-30 19:49:04  INFO      TradingGraph: Completed 15 agents
2026-03-30 19:49:04  INFO      TradingGraph: Fusing timeframe signals
2026-03-30 19:49:04  INFO      TradingGraph: Fusion: L=0.266(csns=0.67), M=-0.559(csns=1.00), S=-0.159(csns=0.75), align_str=0.000
2026-03-30 19:49:04  INFO      TradingGraph: Running agents for EURJPY
2026-03-30 19:49:04  INFO      TradingGraph: Completed 15 agents
2026-03-30 19:49:04  INFO      TradingGraph: Fusing timeframe signals
2026-03-30 19:49:04  INFO      TradingGraph: Fusion: L=-0.156(csns=1.00), M=-0.712(csns=1.00), S=0.004(csns=0.75), align_str=0.000
2026-03-30 19:50:02  INFO      TradingGraph: Running agents for EURUSD
2026-03-30 19:50:02  INFO      TradingGraph: Completed 15 agents
2026-03-30 19:50:02  INFO      TradingGraph: Fusing timeframe signals
2026-03-30 19:50:02  INFO      TradingGraph: Fusion: L=-0.548(csns=1.00), M=-0.548(csns=1.00), S=-0.023(csns=0.17), align_str=0.191
2026-03-30 19:50:03  INFO      TradingGraph: Running agents for GBPUSD
2026-03-30 19:50:03  INFO      TradingGraph: Completed 15 agents
2026-03-30 19:50:03  INFO      TradingGraph: Fusing timeframe signals
2026-03-30 19:50:03  INFO      TradingGraph: Fusion: L=-0.578(csns=1.00), M=-0.577(csns=1.00), S=-0.049(csns=0.17), align_str=0.254
2026-03-30 19:50:03  INFO      TradingGraph: Running agents for EURCHF
2026-03-30 19:50:03  INFO      TradingGraph: Completed 15 agents
2026-03-30 19:50:03  INFO      TradingGraph: Fusing timeframe signals
2026-03-30 19:50:03  INFO      TradingGraph: Fusion: L=-0.200(csns=0.67), M=-0.170(csns=0.67), S=-0.017(csns=0.14), align_str=0.084
2026-03-30 19:50:04  INFO      TradingGraph: Running agents for CHFJPY
2026-03-30 19:50:04  INFO      TradingGraph: Completed 15 agents
2026-03-30 19:50:04  INFO      TradingGraph: Fusing timeframe signals
2026-03-30 19:50:04  INFO      TradingGraph: Fusion: L=0.265(csns=0.67), M=-0.546(csns=1.00), S=-0.116(csns=0.50), align_str=0.000
2026-03-30 19:50:04  INFO      TradingGraph: Running agents for EURJPY
2026-03-30 19:50:04  INFO      TradingGraph: Completed 15 agents
2026-03-30 19:50:04  INFO      TradingGraph: Fusing timeframe signals
2026-03-30 19:50:04  INFO      TradingGraph: Fusion: L=-0.156(csns=1.00), M=-0.707(csns=1.00), S=0.006(csns=0.75), align_str=0.000
2026-03-30 19:51:02  INFO      TradingGraph: Running agents for EURUSD
2026-03-30 19:51:02  INFO      TradingGraph: Completed 15 agents
2026-03-30 19:51:02  INFO      TradingGraph: Fusing timeframe signals
2026-03-30 19:51:02  INFO      TradingGraph: Fusion: L=-0.549(csns=1.00), M=-0.569(csns=1.00), S=-0.023(csns=0.17), align_str=0.193
2026-03-30 19:51:02  INFO      TradingGraph: Running agents for GBPUSD
2026-03-30 19:51:03  INFO      TradingGraph: Completed 15 agents
2026-03-30 19:51:03  INFO      TradingGraph: Fusing timeframe signals
2026-03-30 19:51:03  INFO      TradingGraph: Fusion: L=-0.579(csns=1.00), M=-0.570(csns=1.00), S=-0.052(csns=0.20), align_str=0.258
2026-03-30 19:51:03  INFO      TradingGraph: Running agents for EURCHF
2026-03-30 19:51:03  INFO      TradingGraph: Completed 15 agents
2026-03-30 19:51:03  INFO      TradingGraph: Fusing timeframe signals
2026-03-30 19:51:03  INFO      TradingGraph: Fusion: L=-0.200(csns=0.67), M=-0.170(csns=0.67), S=-0.017(csns=0.14), align_str=0.084
2026-03-30 19:51:04  INFO      TradingGraph: Running agents for CHFJPY
2026-03-30 19:51:04  INFO      TradingGraph: Completed 15 agents
2026-03-30 19:51:04  INFO      TradingGraph: Fusing timeframe signals
2026-03-30 19:51:04  INFO      TradingGraph: Fusion: L=0.265(csns=0.67), M=-0.550(csns=1.00), S=-0.117(csns=0.50), align_str=0.000
2026-03-30 19:51:04  INFO      TradingGraph: Running agents for EURJPY
2026-03-30 19:51:04  INFO      TradingGraph: Completed 15 agents
2026-03-30 19:51:04  INFO      TradingGraph: Fusing timeframe signals
2026-03-30 19:51:04  INFO      TradingGraph: Fusion: L=-0.156(csns=1.00), M=-0.708(csns=1.00), S=0.005(csns=0.75), align_str=0.000
2026-03-30 19:51:08  INFO      TradingRunner: Analysing EURUSD …
2026-03-30 19:51:08  INFO      TradingGraph: Running agents for EURUSD
2026-03-30 19:51:08  INFO      TradingGraph: Completed 15 agents
2026-03-30 19:51:08  INFO      TradingGraph: Fusing timeframe signals
2026-03-30 19:51:08  INFO      TradingGraph: Fusion: L=-0.549(csns=1.00), M=-0.568(csns=1.00), S=-0.023(csns=0.17), align_str=0.193
2026-03-30 19:51:08  INFO      TradingGraph: Aligned [pullback-entry] (bearish) — proceeding [L=-0.549 M=-0.568 S=-0.023 breadth=0.002]
2026-03-30 19:51:08  INFO      TradingGraph: Generating trading recipe
2026-03-30 19:51:09  INFO      TradingGraph: Generated recipe: BALANCED_SHORT_PULLBACK_ENTRY_EURUSD
2026-03-30 19:51:09  INFO      TradingGraph: Correlation guard: 2/2 long_usd positions already open — refusing EURUSD SELL
2026-03-30 19:51:09  INFO      TradingRunner: Analysing USDJPY …
2026-03-30 19:51:09  INFO      TradingGraph: Running agents for USDJPY
2026-03-30 19:51:09  INFO      TradingGraph: Completed 15 agents
2026-03-30 19:51:09  INFO      TradingGraph: Fusing timeframe signals
2026-03-30 19:51:09  INFO      TradingGraph: Fusion: L=0.368(csns=0.67), M=-0.159(csns=1.00), S=0.025(csns=0.75), align_str=0.000
2026-03-30 19:51:09  INFO      TradingGraph: Timeframes not aligned — stopping (L=0.368 M=-0.159 S=0.025)
2026-03-30 19:51:09  INFO      TradingRunner: Analysing USDCHF …
2026-03-30 19:51:09  INFO      TradingGraph: Running agents for USDCHF
2026-03-30 19:51:09  INFO      TradingGraph: Completed 15 agents
2026-03-30 19:51:09  INFO      TradingGraph: Fusing timeframe signals
2026-03-30 19:51:09  INFO      TradingGraph: Fusion: L=0.570(csns=1.00), M=0.326(csns=0.67), S=0.209(csns=1.00), align_str=0.339
2026-03-30 19:51:09  INFO      TradingGraph: Aligned [full-alignment] (bullish) — proceeding [L=0.570 M=0.326 S=0.209 breadth=0.002]
2026-03-30 19:51:09  INFO      TradingGraph: Generating trading recipe
2026-03-30 19:51:09  INFO      TradingGraph: Generated recipe: BALANCED_LONG_FULL_ALIGNMENT_USDCHF
2026-03-30 19:51:09  INFO      TradingGraph: Correlation guard: 2/2 long_usd positions already open — refusing USDCHF BUY
2026-03-30 19:51:09  INFO      TradingRunner: Analysing AUDUSD …
2026-03-30 19:51:09  INFO      TradingGraph: Running agents for AUDUSD
2026-03-30 19:51:09  INFO      TradingGraph: Completed 15 agents
2026-03-30 19:51:09  INFO      TradingGraph: Fusing timeframe signals
2026-03-30 19:51:09  INFO      TradingGraph: Fusion: L=-0.068(csns=1.00), M=-0.106(csns=0.67), S=0.028(csns=0.80), align_str=0.000
2026-03-30 19:51:09  INFO      TradingGraph: Timeframes not aligned — stopping (L=-0.068 M=-0.106 S=0.028)
2026-03-30 19:51:09  INFO      TradingRunner: Analysing USDCAD …
2026-03-30 19:51:09  INFO      TradingGraph: Running agents for USDCAD
2026-03-30 19:51:09  INFO      TradingGraph: Completed 15 agents
2026-03-30 19:51:09  INFO      TradingGraph: Fusing timeframe signals
2026-03-30 19:51:09  INFO      TradingGraph: Fusion: L=0.591(csns=1.00), M=0.292(csns=0.75), S=0.078(csns=0.33), align_str=0.238
2026-03-30 19:51:09  INFO      TradingGraph: Aligned [pullback-entry] (bullish) — proceeding [L=0.591 M=0.292 S=0.078 breadth=0.002]
2026-03-30 19:51:09  INFO      TradingGraph: Generating trading recipe
2026-03-30 19:51:09  INFO      TradingGraph: Generated recipe: BALANCED_LONG_PULLBACK_ENTRY_USDCAD
2026-03-30 19:51:09  INFO      TradingGraph: Correlation guard: 2/2 long_usd positions already open — refusing USDCAD BUY
2026-03-30 19:51:09  INFO      TradingRunner: Analysing NZDUSD …
2026-03-30 19:51:09  INFO      TradingGraph: Running agents for NZDUSD
2026-03-30 19:51:09  INFO      TradingGraph: Completed 15 agents
2026-03-30 19:51:09  INFO      TradingGraph: Fusing timeframe signals
2026-03-30 19:51:09  INFO      TradingGraph: Fusion: L=-0.622(csns=1.00), M=-0.328(csns=0.75), S=-0.037(csns=0.33), align_str=0.196
2026-03-30 19:51:09  INFO      TradingGraph: Aligned [pullback-entry] (bearish) — proceeding [L=-0.622 M=-0.328 S=-0.037 breadth=0.002]
2026-03-30 19:51:09  INFO      TradingGraph: Generating trading recipe
2026-03-30 19:51:09  INFO      TradingGraph: Generated recipe: BALANCED_SHORT_PULLBACK_ENTRY_NZDUSD
2026-03-30 19:51:09  INFO      TradingGraph: Correlation guard: 2/2 long_usd positions already open — refusing NZDUSD SELL
2026-03-30 19:51:09  INFO      TradingRunner: Analysing US30 …
2026-03-30 19:51:09  INFO      TradingGraph: Running agents for US30
2026-03-30 19:51:09  INFO      TradingGraph: Completed 15 agents
2026-03-30 19:51:09  INFO      TradingGraph: Fusing timeframe signals
2026-03-30 19:51:09  INFO      TradingGraph: Fusion: L=-0.274(csns=0.67), M=-0.184(csns=1.00), S=-0.103(csns=1.00), align_str=0.173
2026-03-30 19:51:09  INFO      TradingGraph: Aligned [full-alignment] (bearish) — proceeding [L=-0.274 M=-0.184 S=-0.103 breadth=0.002]
2026-03-30 19:51:09  INFO      TradingGraph: Generating trading recipe
2026-03-30 19:51:09  INFO      TradingGraph: Generated recipe: BALANCED_SHORT_FULL_ALIGNMENT_US30
2026-03-30 19:51:09  INFO      TradingGraph: Risk check passed
2026-03-30 19:51:09  INFO      TradingGraph: Creating trade plan
2026-03-30 19:51:09  INFO      TradingGraph: VIX risk scaling: vix_fear=0.60 → risk ×0.83 (0.11)
2026-03-30 19:51:09  INFO      TradingGraph: Structure SL/TP [US30] entry=45303.00000 sl=46642.19005 (3.88×ATR) tp=44395.40000 (R:R=0.68)
2026-03-30 19:51:09  INFO      TradingGraph: Created trade plan: entry=45303.0000, sl=46642.1900, tp=43963.8100
2026-03-30 19:51:09  INFO      TradingGraph: Executing trade for US30
2026-03-30 19:51:09  WARNING   MT5Executor: US30: trading disabled on this symbol (trade_mode=0 — may be outside market hours or broker restriction). Skipping.
2026-03-30 19:51:09  INFO      TradingGraph: Order not placed for US30 (executor returned None — see executor log for reason)
2026-03-30 19:51:09  INFO      TradingRunner: Analysing US500 …
2026-03-30 19:51:09  INFO      TradingGraph: Running agents for US500
2026-03-30 19:51:09  INFO      TradingGraph: Completed 15 agents
2026-03-30 19:51:09  INFO      TradingGraph: Fusing timeframe signals
2026-03-30 19:51:09  INFO      TradingGraph: Fusion: L=-0.446(csns=1.00), M=-0.402(csns=1.00), S=-0.361(csns=0.83), align_str=0.402
2026-03-30 19:51:09  INFO      TradingGraph: Aligned [full-alignment] (bearish) — proceeding [L=-0.446 M=-0.402 S=-0.361 breadth=0.002]
2026-03-30 19:51:09  INFO      TradingGraph: Generating trading recipe
2026-03-30 19:51:09  INFO      TradingGraph: Generated recipe: BALANCED_SHORT_FULL_ALIGNMENT_US500
2026-03-30 19:51:09  INFO      TradingGraph: Risk check passed
2026-03-30 19:51:09  INFO      TradingGraph: Creating trade plan
2026-03-30 19:51:09  INFO      TradingGraph: VIX risk scaling: vix_fear=0.60 → risk ×0.83 (0.11)
2026-03-30 19:51:09  INFO      TradingGraph: SL cap [US500]: 5.98×ATR → 5.0×ATR
2026-03-30 19:51:09  INFO      TradingGraph: Structure SL/TP [US500] entry=6358.40000 sl=6601.40946 (5.00×ATR) tp=6150.95426 (R:R=0.85)
2026-03-30 19:51:09  INFO      TradingGraph: Created trade plan: entry=6358.4000, sl=6601.4100, tp=6115.3900
2026-03-30 19:51:09  INFO      TradingGraph: Executing trade for US500
2026-03-30 19:51:09  WARNING   MT5Executor: US500: trading disabled on this symbol (trade_mode=0 — may be outside market hours or broker restriction). Skipping.
2026-03-30 19:51:09  INFO      TradingGraph: Order not placed for US500 (executor returned None — see executor log for reason)
2026-03-30 19:51:09  INFO      TradingRunner: Analysing USTEC …
2026-03-30 19:51:09  INFO      TradingGraph: Running agents for USTEC
2026-03-30 19:51:10  INFO      TradingGraph: Completed 15 agents
2026-03-30 19:51:10  INFO      TradingGraph: Fusing timeframe signals
2026-03-30 19:51:10  INFO      TradingGraph: Fusion: L=-0.453(csns=1.00), M=-0.402(csns=1.00), S=-0.340(csns=0.83), align_str=0.395
2026-03-30 19:51:10  INFO      TradingGraph: Aligned [full-alignment] (bearish) — proceeding [L=-0.453 M=-0.402 S=-0.340 breadth=0.002]
2026-03-30 19:51:10  INFO      TradingGraph: Generating trading recipe
2026-03-30 19:51:10  INFO      TradingGraph: Generated recipe: BALANCED_SHORT_FULL_ALIGNMENT_USTEC
2026-03-30 19:51:10  INFO      TradingGraph: Risk check passed
2026-03-30 19:51:10  INFO      TradingGraph: Creating trade plan
2026-03-30 19:51:10  INFO      TradingGraph: VIX risk scaling: vix_fear=0.56 → risk ×0.86 (0.12)
2026-03-30 19:51:10  INFO      TradingGraph: SL cap [USTEC]: 6.66×ATR → 5.0×ATR
2026-03-30 19:51:10  INFO      TradingGraph: Structure SL/TP [USTEC] entry=23026.10000 sl=24047.32575 (5.00×ATR) tp=22293.15325 (R:R=0.72)
2026-03-30 19:51:10  INFO      TradingGraph: Created trade plan: entry=23026.1000, sl=24047.3300, tp=22004.8700
2026-03-30 19:51:10  INFO      TradingGraph: Executing trade for USTEC
2026-03-30 19:51:10  WARNING   MT5Executor: USTEC: trading disabled on this symbol (trade_mode=0 — may be outside market hours or broker restriction). Skipping.
2026-03-30 19:51:10  INFO      TradingGraph: Order not placed for USTEC (executor returned None — see executor log for reason)
2026-03-30 19:51:10  INFO      TradingRunner: Analysing DAX …
2026-03-30 19:51:10  INFO      TradingGraph: Running agents for DAX
2026-03-30 19:51:10  INFO      TradingGraph: Completed 15 agents
2026-03-30 19:51:10  INFO      TradingGraph: Fusing timeframe signals
2026-03-30 19:51:10  INFO      TradingGraph: Fusion: L=-0.160(csns=1.00), M=-0.094(csns=1.00), S=0.078(csns=0.83), align_str=0.000
2026-03-30 19:51:10  INFO      TradingGraph: Aligned [pullback-entry] (bearish) — proceeding [L=-0.160 M=-0.094 S=0.078 breadth=0.002]
2026-03-30 19:51:10  INFO      TradingGraph: Generating trading recipe
2026-03-30 19:51:10  INFO      TradingGraph: Generated recipe: BALANCED_SHORT_PULLBACK_ENTRY_DAX
2026-03-30 19:51:10  INFO      TradingGraph: Win probability too low: 0.449 < 0.46
2026-03-30 19:51:10  INFO      TradingRunner: Analysing UK100 …
2026-03-30 19:51:10  INFO      TradingGraph: Running agents for UK100
2026-03-30 19:51:10  INFO      TradingGraph: Completed 15 agents
2026-03-30 19:51:10  INFO      TradingGraph: Fusing timeframe signals
2026-03-30 19:51:10  INFO      TradingGraph: Fusion: L=0.131(csns=0.67), M=0.286(csns=1.00), S=-0.007(csns=0.83), align_str=0.000
2026-03-30 19:51:10  INFO      TradingGraph: Timeframes not aligned — stopping (L=0.131 M=0.286 S=-0.007)
2026-03-30 19:51:10  INFO      TradingRunner: Analysing GBPJPY …
2026-03-30 19:51:10  INFO      TradingGraph: Running agents for GBPJPY
2026-03-30 19:51:10  INFO      TradingGraph: Completed 15 agents
2026-03-30 19:51:10  INFO      TradingGraph: Fusing timeframe signals
2026-03-30 19:51:10  INFO      TradingGraph: Fusion: L=0.040(csns=0.33), M=-0.751(csns=1.00), S=-0.004(csns=0.50), align_str=0.000
2026-03-30 19:51:10  INFO      TradingGraph: Timeframes not aligned — stopping (L=0.040 M=-0.751 S=-0.004)
2026-03-30 19:51:10  INFO      TradingRunner: Analysing AUDJPY …
2026-03-30 19:51:10  INFO      TradingGraph: Running agents for AUDJPY
2026-03-30 19:51:10  INFO      TradingGraph: Completed 15 agents
2026-03-30 19:51:10  INFO      TradingGraph: Fusing timeframe signals
2026-03-30 19:51:10  INFO      TradingGraph: Fusion: L=0.293(csns=0.50), M=-0.339(csns=1.00), S=-0.062(csns=0.40), align_str=0.000
2026-03-30 19:51:10  INFO      TradingGraph: Timeframes not aligned — stopping (L=0.293 M=-0.339 S=-0.062)
2026-03-30 19:51:10  INFO      TradingRunner: Analysing EURGBP …
2026-03-30 19:51:10  INFO      TradingGraph: Running agents for EURGBP
2026-03-30 19:51:10  INFO      TradingGraph: Completed 15 agents
2026-03-30 19:51:10  INFO      TradingGraph: Fusing timeframe signals
2026-03-30 19:51:10  INFO      TradingGraph: Fusion: L=0.016(csns=0.33), M=0.389(csns=1.00), S=0.177(csns=0.71), align_str=0.104
2026-03-30 19:51:10  INFO      TradingGraph: Timeframes not aligned — stopping (L=0.016 M=0.389 S=0.177)
2026-03-30 19:51:10  INFO      TradingRunner: Analysing XAGUSD …
2026-03-30 19:51:10  INFO      TradingGraph: Running agents for XAGUSD
2026-03-30 19:51:10  INFO      TradingGraph: Completed 15 agents
2026-03-30 19:51:10  INFO      TradingGraph: Fusing timeframe signals
2026-03-30 19:51:10  INFO      TradingGraph: Fusion: L=-0.183(csns=0.50), M=0.139(csns=1.00), S=-0.192(csns=0.83), align_str=0.000
2026-03-30 19:51:10  INFO      TradingGraph: Timeframes not aligned — stopping (L=-0.183 M=0.139 S=-0.192)
2026-03-30 19:51:10  INFO      TradingRunner: PnL — unrealized: -0.66  realized today: +0.00  total: -0.66
2026-03-30 19:51:10  INFO      TradingRunner: Signal cycle done in 5.7s — sleeping 294s
2026-03-30 19:52:02  INFO      TradingGraph: Running agents for EURUSD
2026-03-30 19:52:02  INFO      TradingGraph: Completed 15 agents
2026-03-30 19:52:02  INFO      TradingGraph: Fusing timeframe signals
2026-03-30 19:52:02  INFO      TradingGraph: Fusion: L=-0.548(csns=1.00), M=-0.542(csns=1.00), S=-0.021(csns=0.17), align_str=0.185
2026-03-30 19:52:03  INFO      TradingGraph: Running agents for GBPUSD
2026-03-30 19:52:03  INFO      TradingGraph: Completed 15 agents
2026-03-30 19:52:03  INFO      TradingGraph: Fusing timeframe signals
2026-03-30 19:52:03  INFO      TradingGraph: Fusion: L=-0.578(csns=1.00), M=-0.575(csns=1.00), S=-0.046(csns=0.17), align_str=0.249
2026-03-30 19:52:03  INFO      TradingGraph: Running agents for EURCHF
2026-03-30 19:52:03  INFO      TradingGraph: Completed 15 agents
2026-03-30 19:52:03  INFO      TradingGraph: Fusing timeframe signals
2026-03-30 19:52:03  INFO      TradingGraph: Fusion: L=-0.201(csns=0.67), M=-0.181(csns=0.67), S=-0.018(csns=0.14), align_str=0.087
2026-03-30 19:52:03  INFO      TradingGraph: Running agents for CHFJPY
2026-03-30 19:52:04  INFO      TradingGraph: Completed 15 agents
2026-03-30 19:52:04  INFO      TradingGraph: Fusing timeframe signals
2026-03-30 19:52:04  INFO      TradingGraph: Fusion: L=0.264(csns=0.67), M=-0.536(csns=1.00), S=-0.102(csns=0.50), align_str=0.000
2026-03-30 19:52:04  INFO      TradingGraph: Running agents for EURJPY
2026-03-30 19:52:04  INFO      TradingGraph: Completed 15 agents
2026-03-30 19:52:04  INFO      TradingGraph: Fusing timeframe signals
2026-03-30 19:52:04  INFO      TradingGraph: Fusion: L=-0.156(csns=1.00), M=-0.704(csns=1.00), S=0.007(csns=0.80), align_str=0.000
