2026-04-01 00:27:37  INFO      MT5Executor: Using mt5linux backend → localhost:18812
2026-04-01 00:27:37  INFO      MT5Executor: Connected to MT5: 5048478471 on MetaQuotes-Demo | balance=129.45 | trade_allowed=True
2026-04-01 00:27:37  INFO      root: Registered agent: RegimeAgent
2026-04-01 00:27:37  INFO      root: Registered agent: TrendAgent
2026-04-01 00:27:37  INFO      root: Registered agent: MomentumAgent
2026-04-01 00:27:37  INFO      root: Registered agent: MeanReversionAgent
2026-04-01 00:27:37  INFO      root: Registered agent: VolatilityAgent
2026-04-01 00:27:37  INFO      root: Registered agent: BreadthAgent
2026-04-01 00:27:37  INFO      root: Registered agent: PatternAgent
2026-04-01 00:27:37  INFO      root: Registered agent: IntermarketAgent
2026-04-01 00:27:37  INFO      root: Registered agent: SessionBreakoutAgent
2026-04-01 00:27:37  INFO      root: Registered agent: DivergenceAgent
2026-04-01 00:27:37  INFO      root: Registered agent: ScalpingAgent
2026-04-01 00:27:37  INFO      root: Registered agent: VwapScalpAgent
2026-04-01 00:27:37  INFO      root: Registered agent: SqueezeBreakoutAgent
2026-04-01 00:27:37  INFO      root: Registered agent: OrderFlowAgent
2026-04-01 00:27:37  INFO      root: Registered agent: CorrelationAgent
2026-04-01 00:27:37  INFO      TradingRunner: [State] Restored: daily_trades=6, cooldowns=6, sod_balance=136.29
2026-04-01 00:27:37  INFO      TradingRunner: TradingRunner started — symbols: ['EURUSD', 'GBPUSD', 'USDJPY', 'USDCHF', 'AUDUSD', 'USDCAD', 'NZDUSD', 'US30', 'US500', 'USTEC', 'DAX', 'UK100', 'EURJPY', 'GBPJPY', 'AUDJPY', 'EURGBP', 'EURCHF', 'CHFJPY', 'XAGUSD'] | profile: balanced | signal: 300s | surveillance: 60s | watchdog: 90s
2026-04-01 00:27:37  WARNING   TradingRunner: [DD CLOSE-ALL] Daily drawdown -5.02% breached -5.00% ceiling — closing all open positions
2026-04-01 00:27:37  INFO      TradingRunner: [CLOSE ALL] No open positions (drawdown circuit breaker: -5.02% < -5.00%)
2026-04-01 00:27:37  WARNING   TradingRunner: [WEEKLY HALT] Weekly drawdown -5.02% breached -2.00% ceiling — no new entries until Monday
2026-04-01 00:27:37  INFO      TradingRunner: Signal cycle done in 0.0s — sleeping 300s
2026-04-01 00:27:48  INFO      MT5Executor: Using mt5linux backend → localhost:18812
2026-04-01 00:27:48  INFO      MT5Executor: Connected to MT5: 5048478471 on MetaQuotes-Demo | balance=129.45 | trade_allowed=True
2026-04-01 00:27:48  INFO      root: Registered agent: RegimeAgent
2026-04-01 00:27:48  INFO      root: Registered agent: TrendAgent
2026-04-01 00:27:48  INFO      root: Registered agent: MomentumAgent
2026-04-01 00:27:48  INFO      root: Registered agent: MeanReversionAgent
2026-04-01 00:27:48  INFO      root: Registered agent: VolatilityAgent
2026-04-01 00:27:48  INFO      root: Registered agent: BreadthAgent
2026-04-01 00:27:48  INFO      root: Registered agent: PatternAgent
2026-04-01 00:27:48  INFO      root: Registered agent: IntermarketAgent
2026-04-01 00:27:48  INFO      root: Registered agent: SessionBreakoutAgent
2026-04-01 00:27:48  INFO      root: Registered agent: DivergenceAgent
2026-04-01 00:27:48  INFO      root: Registered agent: ScalpingAgent
2026-04-01 00:27:48  INFO      root: Registered agent: VwapScalpAgent
2026-04-01 00:27:48  INFO      root: Registered agent: SqueezeBreakoutAgent
2026-04-01 00:27:48  INFO      root: Registered agent: OrderFlowAgent
2026-04-01 00:27:48  INFO      root: Registered agent: CorrelationAgent
2026-04-01 00:27:48  INFO      TradingRunner: [State] Stale state from 2026-03-30 — starting fresh for 2026-03-31
2026-04-01 00:27:48  INFO      TradingRunner: TradingRunner started — symbols: ['EURUSD', 'GBPUSD', 'USDJPY', 'USDCHF', 'AUDUSD', 'USDCAD', 'NZDUSD', 'US30', 'US500', 'USTEC', 'DAX', 'UK100', 'EURJPY', 'GBPJPY', 'AUDJPY', 'EURGBP', 'EURCHF', 'CHFJPY', 'XAGUSD'] | profile: risky | signal: 300s | surveillance: 60s | watchdog: 90s
2026-04-01 00:27:48  INFO      TradingRunner: New trading day 2026-03-31 — start-of-day equity: 129.45
2026-04-01 00:27:48  INFO      TradingRunner: New trading week 2026-W14 — start-of-week equity: 129.45
2026-04-01 00:27:49  INFO      numexpr.utils: Note: NumExpr detected 12 cores but "NUMEXPR_MAX_THREADS" not set, so enforcing safe limit of 8.
2026-04-01 00:27:49  INFO      numexpr.utils: NumExpr defaulting to 8 threads.
2026-04-01 00:28:00  INFO      TradingRunner: Analysing EURUSD …
2026-04-01 00:28:00  INFO      NewsCalendar: [NEWS] Loaded 11 high-impact events (source: ForexFactory)
2026-04-01 00:28:00  INFO      TradingGraph: Running agents for EURUSD
2026-04-01 00:28:00  INFO      TradingGraph: Completed 15 agents
2026-04-01 00:28:00  INFO      TradingGraph: Fusing timeframe signals
2026-04-01 00:28:00  INFO      TradingGraph: Fusion: L=-0.381(csns=0.50), M=0.457(csns=1.00), S=0.060(csns=0.40), align_str=0.000
2026-04-01 00:28:00  INFO      TradingGraph: Timeframes not aligned — stopping (L=-0.381 M=0.457 S=0.060)
2026-04-01 00:28:00  INFO      TradingRunner: Analysing GBPUSD …
2026-04-01 00:28:00  INFO      TradingGraph: Running agents for GBPUSD
2026-04-01 00:28:00  INFO      TradingGraph: Completed 15 agents
2026-04-01 00:28:00  INFO      TradingGraph: Fusing timeframe signals
2026-04-01 00:28:00  INFO      TradingGraph: Fusion: L=-0.666(csns=1.00), M=0.059(csns=1.00), S=-0.183(csns=0.80), align_str=0.000
2026-04-01 00:28:00  INFO      TradingGraph: Aligned [pullback-entry] (bearish) — proceeding [L=-0.666 M=0.059 S=-0.183 breadth=-0.124]
2026-04-01 00:28:00  INFO      TradingGraph: Generating trading recipe
2026-04-01 00:28:00  INFO      TradingGraph: Generated recipe: RISKY_SHORT_PULLBACK_ENTRY_GBPUSD
2026-04-01 00:28:00  INFO      TradingGraph: Risk check passed
2026-04-01 00:28:00  INFO      TradingGraph: Creating trade plan
2026-04-01 00:28:00  INFO      TradingGraph: Confidence sizing [GBPUSD]: conf=0.477 → ×0.64 (risk=$0.70)
2026-04-01 00:28:00  INFO      TradingGraph: SL cap [GBPUSD]: 3.79×ATR → 3.5×ATR
2026-04-01 00:28:00  INFO      TradingGraph: Structure SL/TP [GBPUSD] entry=1.32261 sl=1.33728 (3.50×ATR) tp=1.31178 (R:R=0.74)
2026-04-01 00:28:00  INFO      TradingGraph: Created trade plan: entry=1.3226, sl=1.3373, tp=1.3006
2026-04-01 00:28:00  INFO      TradingGraph: Executing trade for GBPUSD
2026-04-01 00:28:00  INFO      MT5Executor: GBPUSD: lots=0.01 (risk=$12.70)
2026-04-01 00:28:00  INFO      MT5Executor: Market order filled: ticket=56029942781 vol=0.01
2026-04-01 00:28:00  INFO      TradingGraph: Order placed: ticket=56029942781
2026-04-01 00:28:00  INFO      OrderManager: Created order order_1_20260401_002800 for GBPUSD
2026-04-01 00:28:00  INFO      TradeJournal: TRADE  GBPUSD           Direction.SHORT  qty=0.01  entry=1.32261  sl=1.33728  tp=1.30060  ticket=56029942781
2026-04-01 00:28:00  INFO      TradingRunner: GBPUSD: trade placed — daily count 1/14, next entry in 25min
2026-04-01 00:28:00  INFO      TradingRunner: Analysing USDJPY …
2026-04-01 00:28:00  INFO      TradingGraph: Running agents for USDJPY
2026-04-01 00:28:00  INFO      TradingGraph: Completed 15 agents
2026-04-01 00:28:00  INFO      TradingGraph: Fusing timeframe signals
2026-04-01 00:28:00  INFO      TradingGraph: Fusion: L=0.327(csns=0.50), M=-0.446(csns=1.00), S=-0.071(csns=0.33), align_str=0.000
2026-04-01 00:28:00  INFO      TradingGraph: Timeframes not aligned — stopping (L=0.327 M=-0.446 S=-0.071)
2026-04-01 00:28:00  INFO      TradingRunner: Analysing USDCHF …
2026-04-01 00:28:00  INFO      TradingGraph: Running agents for USDCHF
2026-04-01 00:28:00  INFO      TradingGraph: Completed 15 agents
2026-04-01 00:28:00  INFO      TradingGraph: Fusing timeframe signals
2026-04-01 00:28:00  INFO      TradingGraph: Fusion: L=0.648(csns=1.00), M=-0.132(csns=1.00), S=-0.275(csns=1.00), align_str=0.000
2026-04-01 00:28:00  INFO      TradingGraph: Timeframes not aligned — stopping (L=0.648 M=-0.132 S=-0.275)
2026-04-01 00:28:00  INFO      TradingRunner: Analysing AUDUSD …
2026-04-01 00:28:00  INFO      TradingGraph: Running agents for AUDUSD
2026-04-01 00:28:00  INFO      TradingGraph: Completed 15 agents
2026-04-01 00:28:00  INFO      TradingGraph: Fusing timeframe signals
2026-04-01 00:28:00  INFO      TradingGraph: Fusion: L=-0.007(csns=1.00), M=0.457(csns=1.00), S=0.037(csns=0.20), align_str=0.000
2026-04-01 00:28:00  INFO      TradingGraph: Timeframes not aligned — stopping (L=-0.007 M=0.457 S=0.037)
2026-04-01 00:28:00  INFO      TradingRunner: Analysing USDCAD …
2026-04-01 00:28:00  INFO      TradingGraph: Running agents for USDCAD
2026-04-01 00:28:01  INFO      TradingGraph: Completed 15 agents
2026-04-01 00:28:01  INFO      TradingGraph: Fusing timeframe signals
2026-04-01 00:28:01  INFO      TradingGraph: Fusion: L=0.693(csns=1.00), M=-0.015(csns=1.00), S=-0.039(csns=0.50), align_str=0.000
2026-04-01 00:28:01  INFO      TradingGraph: Aligned [pullback-entry] (bullish) — proceeding [L=0.693 M=-0.015 S=-0.039 breadth=-0.124]
2026-04-01 00:28:01  INFO      TradingGraph: Generating trading recipe
2026-04-01 00:28:01  INFO      TradingGraph: Generated recipe: RISKY_LONG_PULLBACK_ENTRY_USDCAD
2026-04-01 00:28:01  INFO      TradingGraph: Risk check passed
2026-04-01 00:28:01  INFO      TradingGraph: Creating trade plan
2026-04-01 00:28:01  INFO      TradingGraph: Confidence sizing [USDCAD]: conf=0.476 → ×0.64 (risk=$0.70)
2026-04-01 00:28:01  INFO      TradingGraph: SL cap [USDCAD]: 9.09×ATR → 3.5×ATR
2026-04-01 00:28:01  INFO      TradingGraph: Structure SL/TP [USDCAD] entry=1.39181 sl=1.38315 (3.50×ATR) tp=1.39856 (R:R=0.78)
2026-04-01 00:28:01  INFO      TradingGraph: Created trade plan: entry=1.3918, sl=1.3832, tp=1.4048
2026-04-01 00:28:01  INFO      TradingGraph: Executing trade for USDCAD
2026-04-01 00:28:01  INFO      MT5Executor: USDCAD: lots=0.01 (risk=$5.38)
2026-04-01 00:28:01  INFO      MT5Executor: Market order filled: ticket=56029942917 vol=0.01
2026-04-01 00:28:01  INFO      TradingGraph: Order placed: ticket=56029942917
2026-04-01 00:28:01  INFO      OrderManager: Created order order_2_20260401_002801 for USDCAD
2026-04-01 00:28:01  INFO      TradeJournal: TRADE  USDCAD           Direction.LONG  qty=0.01  entry=1.39181  sl=1.38315  tp=1.40479  ticket=56029942917
2026-04-01 00:28:01  INFO      TradingRunner: USDCAD: trade placed — daily count 2/14, next entry in 25min
2026-04-01 00:28:01  INFO      TradingRunner: Analysing NZDUSD …
2026-04-01 00:28:01  INFO      TradingGraph: Running agents for NZDUSD
2026-04-01 00:28:01  INFO      TradingGraph: Completed 15 agents
2026-04-01 00:28:01  INFO      TradingGraph: Fusing timeframe signals
2026-04-01 00:28:01  INFO      TradingGraph: Fusion: L=-0.727(csns=1.00), M=0.297(csns=1.00), S=0.098(csns=0.50), align_str=0.000
2026-04-01 00:28:01  INFO      TradingGraph: Timeframes not aligned — stopping (L=-0.727 M=0.297 S=0.098)
2026-04-01 00:28:01  INFO      TradingRunner: Analysing US30 …
2026-04-01 00:28:01  INFO      TradingGraph: Running agents for US30
2026-04-01 00:28:01  INFO      TradingGraph: Completed 15 agents
2026-04-01 00:28:01  INFO      TradingGraph: Fusing timeframe signals
2026-04-01 00:28:01  INFO      TradingGraph: Fusion: L=-0.474(csns=1.00), M=0.554(csns=1.00), S=0.091(csns=0.75), align_str=0.000
2026-04-01 00:28:01  INFO      TradingGraph: Timeframes not aligned — stopping (L=-0.474 M=0.554 S=0.091)
2026-04-01 00:28:01  INFO      TradingRunner: Analysing US500 …
2026-04-01 00:28:01  INFO      TradingGraph: Running agents for US500
2026-04-01 00:28:01  INFO      TradingGraph: Completed 15 agents
2026-04-01 00:28:01  INFO      TradingGraph: Fusing timeframe signals
2026-04-01 00:28:01  INFO      TradingGraph: Fusion: L=-0.485(csns=1.00), M=0.477(csns=1.00), S=0.397(csns=1.00), align_str=0.000
2026-04-01 00:28:01  INFO      TradingGraph: Aligned [counter-trend-scalp] (bullish) — proceeding [L=-0.485 M=0.477 S=0.397 breadth=-0.124]
2026-04-01 00:28:01  INFO      TradingGraph: Generating trading recipe
2026-04-01 00:28:01  INFO      TradingGraph: Generated recipe: RISKY_LONG_COUNTER_TREND_SCALP_US500
2026-04-01 00:28:01  INFO      TradingGraph: Risk check passed
2026-04-01 00:28:01  INFO      TradingGraph: Creating trade plan
2026-04-01 00:28:02  INFO      TradingGraph: Confidence sizing [US500]: conf=0.417 → ×0.60 (risk=$0.66)
2026-04-01 00:28:02  INFO      TradingGraph: Structure SL/TP [US500] entry=6531.40000 sl=6451.90285 (1.50×ATR) tp=6670.33333 (R:R=1.75)
2026-04-01 00:28:02  INFO      TradingGraph: Created trade plan: entry=6531.4000, sl=6451.9000, tp=6670.3300
2026-04-01 00:28:02  INFO      TradingGraph: Executing trade for US500
2026-04-01 00:28:02  WARNING   MT5Executor: US500: trading disabled on this symbol (trade_mode=0 — may be outside market hours or broker restriction). Skipping.
2026-04-01 00:28:02  INFO      TradingGraph: Order not placed for US500 (executor returned None — see executor log for reason)
2026-04-01 00:28:02  INFO      TradingRunner: Analysing USTEC …
2026-04-01 00:28:02  INFO      TradingGraph: Running agents for USTEC
2026-04-01 00:28:02  INFO      TradingGraph: Completed 15 agents
2026-04-01 00:28:02  INFO      TradingGraph: Fusing timeframe signals
2026-04-01 00:28:02  INFO      TradingGraph: Fusion: L=-0.491(csns=1.00), M=0.636(csns=1.00), S=0.217(csns=0.75), align_str=0.000
2026-04-01 00:28:02  INFO      TradingGraph: Aligned [counter-trend-scalp] (bullish) — proceeding [L=-0.491 M=0.636 S=0.217 breadth=-0.124]
2026-04-01 00:28:02  INFO      TradingGraph: Generating trading recipe
2026-04-01 00:28:02  INFO      TradingGraph: Generated recipe: RISKY_LONG_COUNTER_TREND_SCALP_USTEC
2026-04-01 00:28:02  INFO      TradingGraph: Risk check passed
2026-04-01 00:28:02  INFO      TradingGraph: Creating trade plan
2026-04-01 00:28:02  INFO      TradingGraph: Confidence sizing [USTEC]: conf=0.417 → ×0.60 (risk=$0.66)
2026-04-01 00:28:02  INFO      TradingGraph: Structure SL/TP [USTEC] entry=23722.00000 sl=23306.83121 (1.76×ATR) tp=24859.53333 (R:R=2.74)
2026-04-01 00:28:02  INFO      TradingGraph: Created trade plan: entry=23722.0000, sl=23306.8300, tp=24859.5300
2026-04-01 00:28:02  INFO      TradingGraph: Executing trade for USTEC
2026-04-01 00:28:02  WARNING   MT5Executor: USTEC: trading disabled on this symbol (trade_mode=0 — may be outside market hours or broker restriction). Skipping.
2026-04-01 00:28:02  INFO      TradingGraph: Order not placed for USTEC (executor returned None — see executor log for reason)
2026-04-01 00:28:02  INFO      TradingRunner: Analysing DAX …
2026-04-01 00:28:02  INFO      TradingGraph: Running agents for DAX
2026-04-01 00:28:02  INFO      TradingGraph: Completed 15 agents
2026-04-01 00:28:02  INFO      TradingGraph: Fusing timeframe signals
2026-04-01 00:28:02  INFO      TradingGraph: Fusion: L=-0.100(csns=1.00), M=0.186(csns=0.50), S=0.240(csns=0.71), align_str=0.000
2026-04-01 00:28:02  INFO      TradingGraph: Timeframes not aligned — stopping (L=-0.100 M=0.186 S=0.240)
2026-04-01 00:28:02  INFO      TradingRunner: Analysing UK100 …
2026-04-01 00:28:02  INFO      TradingGraph: Running agents for UK100
2026-04-01 00:28:03  INFO      TradingGraph: Completed 15 agents
2026-04-01 00:28:03  INFO      TradingGraph: Fusing timeframe signals
2026-04-01 00:28:03  INFO      TradingGraph: Fusion: L=0.164(csns=1.00), M=0.503(csns=1.00), S=0.037(csns=0.60), align_str=0.145
2026-04-01 00:28:03  INFO      TradingGraph: Timeframes not aligned — stopping (L=0.164 M=0.503 S=0.037)
2026-04-01 00:28:03  INFO      TradingRunner: Analysing EURJPY …
2026-04-01 00:28:03  INFO      TradingGraph: Running agents for EURJPY
2026-04-01 00:28:03  INFO      TradingGraph: Completed 15 agents
2026-04-01 00:28:03  INFO      TradingGraph: Fusing timeframe signals
2026-04-01 00:28:03  INFO      TradingGraph: Fusion: L=-0.080(csns=0.50), M=-0.131(csns=1.00), S=-0.225(csns=1.00), align_str=0.133
2026-04-01 00:28:03  INFO      TradingGraph: Timeframes not aligned — stopping (L=-0.080 M=-0.131 S=-0.225)
2026-04-01 00:28:03  INFO      TradingRunner: Analysing GBPJPY …
2026-04-01 00:28:03  INFO      TradingGraph: Running agents for GBPJPY
2026-04-01 00:28:03  INFO      TradingGraph: Completed 15 agents
2026-04-01 00:28:03  INFO      TradingGraph: Fusing timeframe signals
2026-04-01 00:28:03  INFO      TradingGraph: Fusion: L=0.098(csns=0.50), M=-0.458(csns=1.00), S=-0.178(csns=0.80), align_str=0.000
2026-04-01 00:28:03  INFO      TradingGraph: Timeframes not aligned — stopping (L=0.098 M=-0.458 S=-0.178)
2026-04-01 00:28:03  INFO      TradingRunner: Analysing AUDJPY …
2026-04-01 00:28:03  INFO      TradingGraph: Running agents for AUDJPY
2026-04-01 00:28:03  INFO      TradingGraph: Completed 15 agents
2026-04-01 00:28:03  INFO      TradingGraph: Fusing timeframe signals
2026-04-01 00:28:03  INFO      TradingGraph: Fusion: L=0.643(csns=1.00), M=0.017(csns=1.00), S=-0.037(csns=0.50), align_str=0.000
2026-04-01 00:28:03  INFO      TradingGraph: Aligned [pullback-entry] (bullish) — proceeding [L=0.643 M=0.017 S=-0.037 breadth=-0.124]
2026-04-01 00:28:03  INFO      TradingGraph: Generating trading recipe
2026-04-01 00:28:03  INFO      TradingGraph: Generated recipe: RISKY_LONG_PULLBACK_ENTRY_AUDJPY
2026-04-01 00:28:03  INFO      TradingGraph: Signal confidence too low: 0.469 < 0.48 (scalp=False)
2026-04-01 00:28:03  INFO      TradingRunner: Analysing EURGBP …
2026-04-01 00:28:03  INFO      TradingGraph: Running agents for EURGBP
2026-04-01 00:28:03  INFO      TradingGraph: Completed 15 agents
2026-04-01 00:28:03  INFO      TradingGraph: Fusing timeframe signals
2026-04-01 00:28:03  INFO      TradingGraph: Fusion: L=0.124(csns=1.00), M=0.489(csns=1.00), S=0.120(csns=1.00), align_str=0.194
2026-04-01 00:28:03  INFO      TradingGraph: Timeframes not aligned — stopping (L=0.124 M=0.489 S=0.120)
2026-04-01 00:28:03  INFO      TradingRunner: Analysing EURCHF …
2026-04-01 00:28:03  INFO      TradingGraph: Running agents for EURCHF
2026-04-01 00:28:03  INFO      TradingGraph: Completed 15 agents
2026-04-01 00:28:03  INFO      TradingGraph: Fusing timeframe signals
2026-04-01 00:28:03  INFO      TradingGraph: Fusion: L=-0.407(csns=1.00), M=0.456(csns=1.00), S=-0.205(csns=0.80), align_str=0.000
2026-04-01 00:28:03  INFO      TradingGraph: Timeframes not aligned — stopping (L=-0.407 M=0.456 S=-0.205)
2026-04-01 00:28:03  INFO      TradingRunner: Analysing CHFJPY …
2026-04-01 00:28:03  INFO      TradingGraph: Running agents for CHFJPY
2026-04-01 00:28:03  INFO      TradingGraph: Completed 15 agents
2026-04-01 00:28:03  INFO      TradingGraph: Fusing timeframe signals
2026-04-01 00:28:03  INFO      TradingGraph: Fusion: L=0.398(csns=0.50), M=-0.620(csns=1.00), S=0.231(csns=1.00), align_str=0.000
2026-04-01 00:28:03  INFO      TradingGraph: Timeframes not aligned — stopping (L=0.398 M=-0.620 S=0.231)
2026-04-01 00:28:03  INFO      TradingRunner: Analysing XAGUSD …
2026-04-01 00:28:03  INFO      TradingGraph: Running agents for XAGUSD
2026-04-01 00:28:03  INFO      TradingGraph: Completed 15 agents
2026-04-01 00:28:03  INFO      TradingGraph: Fusing timeframe signals
2026-04-01 00:28:03  INFO      TradingGraph: Fusion: L=-0.489(csns=1.00), M=0.454(csns=1.00), S=0.343(csns=1.00), align_str=0.000
2026-04-01 00:28:03  INFO      TradingGraph: Aligned [counter-trend-scalp] (bullish) — proceeding [L=-0.489 M=0.454 S=0.343 breadth=-0.124]
2026-04-01 00:28:03  INFO      TradingGraph: Generating trading recipe
2026-04-01 00:28:03  INFO      TradingGraph: Generated recipe: RISKY_LONG_COUNTER_TREND_SCALP_XAGUSD
2026-04-01 00:28:03  INFO      TradingGraph: Risk check passed
2026-04-01 00:28:03  INFO      TradingGraph: Creating trade plan
2026-04-01 00:28:03  INFO      TradingGraph: Symbol risk override [XAGUSD]: ×0.30 → risk=$0.33
2026-04-01 00:28:03  INFO      TradingGraph: Confidence sizing [XAGUSD]: conf=0.383 → ×0.60 (risk=$0.20)
2026-04-01 00:28:04  INFO      TradingGraph: SL cap [XAGUSD]: 4.71×ATR → 3.5×ATR
2026-04-01 00:28:04  INFO      TradingGraph: Structure SL/TP [XAGUSD] entry=75.31300 sl=68.56715 (3.50×ATR) tp=79.55831 (R:R=0.63)
2026-04-01 00:28:04  INFO      TradingGraph: Created trade plan: entry=75.3130, sl=68.5670, tp=85.4320
2026-04-01 00:28:04  INFO      TradingGraph: Executing trade for XAGUSD
2026-04-01 00:28:04  INFO      MT5Executor: XAGUSD: lots=0.01 (risk=$33.73)
2026-04-01 00:28:04  INFO      MT5Executor: Market order filled: ticket=56029943388 vol=0.01
2026-04-01 00:28:04  INFO      TradingGraph: Order placed: ticket=56029943388
2026-04-01 00:28:04  INFO      OrderManager: Created order order_3_20260401_002804 for XAGUSD
2026-04-01 00:28:04  INFO      TradeJournal: TRADE  XAGUSD           Direction.LONG  qty=0.01  entry=75.31300  sl=68.56700  tp=85.43200  ticket=56029943388
2026-04-01 00:28:04  INFO      TradingRunner: XAGUSD: trade placed — daily count 3/14, next entry in 25min
2026-04-01 00:28:04  INFO      TradingRunner: PnL — unrealized: -1.57  realized today: +0.00  total: -1.57
2026-04-01 00:28:04  INFO      TradingRunner: Signal cycle done in 15.7s — sleeping 284s
2026-04-01 00:28:49  INFO      TradingGraph: Running agents for GBPUSD
2026-04-01 00:28:49  INFO      TradingGraph: Completed 15 agents
2026-04-01 00:28:49  INFO      TradingGraph: Fusing timeframe signals
2026-04-01 00:28:49  INFO      TradingGraph: Fusion: L=-0.666(csns=1.00), M=0.060(csns=1.00), S=-0.183(csns=0.80), align_str=0.000
2026-04-01 00:28:49  INFO      TradingGraph: Running agents for USDCAD
2026-04-01 00:28:49  INFO      TradingGraph: Completed 15 agents
2026-04-01 00:28:49  INFO      TradingGraph: Fusing timeframe signals
2026-04-01 00:28:49  INFO      TradingGraph: Fusion: L=0.672(csns=1.00), M=-0.064(csns=0.50), S=-0.035(csns=0.50), align_str=0.000
2026-04-01 00:28:50  INFO      TradingGraph: Running agents for XAGUSD
2026-04-01 00:28:50  INFO      TradingGraph: Completed 15 agents
2026-04-01 00:28:50  INFO      TradingGraph: Fusing timeframe signals
2026-04-01 00:28:50  INFO      TradingGraph: Fusion: L=-0.489(csns=1.00), M=0.406(csns=1.00), S=0.343(csns=1.00), align_str=0.000
2026-04-01 00:28:50  INFO      TradingRunner: EXIT [XAGUSD #56029943388 BUY  pnl=+0.04] — D1 flipped bearish (-0.489)
2026-04-01 00:28:50  INFO      MT5Executor: Position 56029943388 closed
2026-04-01 00:29:18  INFO      TradingRunner: [WATCHDOG] alive | equity=129.32 | cycle=1 | profile=risky
2026-04-01 00:29:49  INFO      TradingGraph: Running agents for GBPUSD
2026-04-01 00:29:49  INFO      TradingGraph: Completed 15 agents
2026-04-01 00:29:49  INFO      TradingGraph: Fusing timeframe signals
2026-04-01 00:29:49  INFO      TradingGraph: Fusion: L=-0.666(csns=1.00), M=0.061(csns=1.00), S=-0.183(csns=0.80), align_str=0.000
2026-04-01 00:29:49  INFO      TradingGraph: Running agents for USDCAD
2026-04-01 00:29:49  INFO      TradingGraph: Completed 15 agents
2026-04-01 00:29:49  INFO      TradingGraph: Fusing timeframe signals
2026-04-01 00:29:49  INFO      TradingGraph: Fusion: L=0.672(csns=1.00), M=-0.064(csns=0.50), S=-0.035(csns=0.50), align_str=0.000
2026-04-01 00:30:49  INFO      TradingGraph: Running agents for GBPUSD
2026-04-01 00:30:49  INFO      TradingGraph: Completed 15 agents
2026-04-01 00:30:49  INFO      TradingGraph: Fusing timeframe signals
2026-04-01 00:30:49  INFO      TradingGraph: Fusion: L=-0.669(csns=1.00), M=0.092(csns=1.00), S=-0.160(csns=0.80), align_str=0.000
2026-04-01 00:30:49  INFO      TradingGraph: Running agents for USDCAD
2026-04-01 00:30:49  INFO      TradingGraph: Completed 15 agents
2026-04-01 00:30:49  INFO      TradingGraph: Fusing timeframe signals
2026-04-01 00:30:49  INFO      TradingGraph: Fusion: L=0.671(csns=1.00), M=-0.069(csns=0.50), S=-0.013(csns=0.25), align_str=0.000
2026-04-01 00:31:49  INFO      TradingGraph: Running agents for GBPUSD
2026-04-01 00:31:49  INFO      TradingGraph: Completed 15 agents
2026-04-01 00:31:49  INFO      TradingGraph: Fusing timeframe signals
2026-04-01 00:31:49  INFO      TradingGraph: Fusion: L=-0.669(csns=1.00), M=0.092(csns=1.00), S=-0.161(csns=0.80), align_str=0.000
2026-04-01 00:31:49  INFO      TradingGraph: Running agents for USDCAD
2026-04-01 00:31:49  INFO      TradingGraph: Completed 15 agents
2026-04-01 00:31:49  INFO      TradingGraph: Fusing timeframe signals
2026-04-01 00:31:49  INFO      TradingGraph: Fusion: L=0.671(csns=1.00), M=-0.071(csns=0.50), S=-0.020(csns=0.25), align_str=0.000
2026-04-01 00:32:50  INFO      TradingGraph: Running agents for GBPUSD
2026-04-01 00:32:50  INFO      TradingGraph: Completed 15 agents
2026-04-01 00:32:50  INFO      TradingGraph: Fusing timeframe signals
2026-04-01 00:32:50  INFO      TradingGraph: Fusion: L=-0.668(csns=1.00), M=0.084(csns=1.00), S=-0.172(csns=0.80), align_str=0.000
2026-04-01 00:32:51  INFO      TradingGraph: Running agents for USDCAD
2026-04-01 00:32:51  INFO      TradingGraph: Completed 15 agents
2026-04-01 00:32:51  INFO      TradingGraph: Fusing timeframe signals
2026-04-01 00:32:51  INFO      TradingGraph: Fusion: L=0.671(csns=1.00), M=-0.069(csns=0.50), S=-0.013(csns=0.25), align_str=0.000
2026-04-01 00:32:52  INFO      TradingRunner: Analysing EURUSD …
2026-04-01 00:32:52  INFO      TradingGraph: Running agents for EURUSD
2026-04-01 00:32:53  INFO      TradingGraph: Completed 15 agents
2026-04-01 00:32:53  INFO      TradingGraph: Fusing timeframe signals
2026-04-01 00:32:53  INFO      TradingGraph: Fusion: L=-0.382(csns=0.50), M=0.464(csns=1.00), S=0.095(csns=0.50), align_str=0.000
2026-04-01 00:32:53  INFO      TradingGraph: Timeframes not aligned — stopping (L=-0.382 M=0.464 S=0.095)
2026-04-01 00:32:53  INFO      TradingRunner: Analysing USDJPY …
2026-04-01 00:32:53  INFO      TradingGraph: Running agents for USDJPY
2026-04-01 00:32:53  INFO      TradingGraph: Completed 15 agents
2026-04-01 00:32:53  INFO      TradingGraph: Fusing timeframe signals
2026-04-01 00:32:53  INFO      TradingGraph: Fusion: L=0.328(csns=0.50), M=-0.448(csns=1.00), S=-0.064(csns=0.33), align_str=0.000
2026-04-01 00:32:53  INFO      TradingGraph: Timeframes not aligned — stopping (L=0.328 M=-0.448 S=-0.064)
2026-04-01 00:32:53  INFO      TradingRunner: Analysing USDCHF …
2026-04-01 00:32:53  INFO      TradingGraph: Running agents for USDCHF
2026-04-01 00:32:53  INFO      TradingGraph: Completed 15 agents
2026-04-01 00:32:53  INFO      TradingGraph: Fusing timeframe signals
2026-04-01 00:32:53  INFO      TradingGraph: Fusion: L=0.650(csns=1.00), M=-0.165(csns=1.00), S=-0.251(csns=0.86), align_str=0.000
2026-04-01 00:32:53  INFO      TradingGraph: Timeframes not aligned — stopping (L=0.650 M=-0.165 S=-0.251)
2026-04-01 00:32:53  INFO      TradingRunner: Analysing AUDUSD …
2026-04-01 00:32:53  INFO      TradingGraph: Running agents for AUDUSD
2026-04-01 00:32:53  INFO      TradingGraph: Completed 15 agents
2026-04-01 00:32:53  INFO      TradingGraph: Fusing timeframe signals
2026-04-01 00:32:53  INFO      TradingGraph: Fusion: L=-0.002(csns=1.00), M=0.368(csns=1.00), S=0.057(csns=0.25), align_str=0.000
2026-04-01 00:32:53  INFO      TradingGraph: Timeframes not aligned — stopping (L=-0.002 M=0.368 S=0.057)
2026-04-01 00:32:53  INFO      TradingRunner: Analysing NZDUSD …
2026-04-01 00:32:53  INFO      TradingGraph: Running agents for NZDUSD
2026-04-01 00:32:53  INFO      TradingGraph: Completed 15 agents
2026-04-01 00:32:53  INFO      TradingGraph: Fusing timeframe signals
2026-04-01 00:32:53  INFO      TradingGraph: Fusion: L=-0.728(csns=1.00), M=0.326(csns=1.00), S=0.214(csns=0.83), align_str=0.000
2026-04-01 00:32:53  INFO      TradingGraph: Aligned [counter-trend-scalp] (bullish) — proceeding [L=-0.728 M=0.326 S=0.214 breadth=-0.124]
2026-04-01 00:32:53  INFO      TradingGraph: Generating trading recipe
2026-04-01 00:32:53  INFO      TradingGraph: Generated recipe: RISKY_LONG_COUNTER_TREND_SCALP_NZDUSD
2026-04-01 00:32:53  INFO      TradingGraph: Expected value too low: 0.007 < 0.1
2026-04-01 00:32:53  INFO      TradingRunner: Analysing US30 …
2026-04-01 00:32:53  INFO      TradingGraph: Running agents for US30
2026-04-01 00:32:53  INFO      TradingGraph: Completed 15 agents
2026-04-01 00:32:53  INFO      TradingGraph: Fusing timeframe signals
2026-04-01 00:32:53  INFO      TradingGraph: Fusion: L=-0.470(csns=1.00), M=0.395(csns=1.00), S=0.104(csns=0.75), align_str=0.000
2026-04-01 00:32:53  INFO      TradingGraph: Timeframes not aligned — stopping (L=-0.470 M=0.395 S=0.104)
2026-04-01 00:32:53  INFO      TradingRunner: Analysing US500 …
2026-04-01 00:32:53  INFO      TradingGraph: Running agents for US500
2026-04-01 00:32:53  INFO      TradingGraph: Completed 15 agents
2026-04-01 00:32:53  INFO      TradingGraph: Fusing timeframe signals
2026-04-01 00:32:53  INFO      TradingGraph: Fusion: L=-0.484(csns=1.00), M=0.471(csns=1.00), S=0.289(csns=0.75), align_str=0.000
2026-04-01 00:32:53  INFO      TradingGraph: Aligned [counter-trend-scalp] (bullish) — proceeding [L=-0.484 M=0.471 S=0.289 breadth=-0.124]
2026-04-01 00:32:53  INFO      TradingGraph: Generating trading recipe
2026-04-01 00:32:53  INFO      TradingGraph: Generated recipe: RISKY_LONG_COUNTER_TREND_SCALP_US500
2026-04-01 00:32:53  INFO      TradingGraph: Risk check passed
2026-04-01 00:32:53  INFO      TradingGraph: Creating trade plan
2026-04-01 00:32:53  INFO      TradingGraph: Confidence sizing [US500]: conf=0.417 → ×0.60 (risk=$0.66)
2026-04-01 00:32:53  INFO      TradingGraph: Structure SL/TP [US500] entry=6529.50000 sl=6450.00285 (1.50×ATR) tp=6670.33333 (R:R=1.77)
2026-04-01 00:32:53  INFO      TradingGraph: Created trade plan: entry=6529.5000, sl=6450.0000, tp=6670.3300
2026-04-01 00:32:53  INFO      TradingGraph: Executing trade for US500
2026-04-01 00:32:53  WARNING   MT5Executor: US500: trading disabled on this symbol (trade_mode=0 — may be outside market hours or broker restriction). Skipping.
2026-04-01 00:32:53  INFO      TradingGraph: Order not placed for US500 (executor returned None — see executor log for reason)
2026-04-01 00:32:53  INFO      TradingRunner: Analysing USTEC …
2026-04-01 00:32:53  INFO      TradingGraph: Running agents for USTEC
2026-04-01 00:32:53  INFO      TradingGraph: Completed 15 agents
2026-04-01 00:32:53  INFO      TradingGraph: Fusing timeframe signals
2026-04-01 00:32:53  INFO      TradingGraph: Fusion: L=-0.490(csns=1.00), M=0.636(csns=1.00), S=0.217(csns=0.75), align_str=0.000
2026-04-01 00:32:53  INFO      TradingGraph: Aligned [counter-trend-scalp] (bullish) — proceeding [L=-0.490 M=0.636 S=0.217 breadth=-0.124]
2026-04-01 00:32:53  INFO      TradingGraph: Generating trading recipe
2026-04-01 00:32:53  INFO      TradingGraph: Generated recipe: RISKY_LONG_COUNTER_TREND_SCALP_USTEC
2026-04-01 00:32:53  INFO      TradingGraph: Risk check passed
2026-04-01 00:32:53  INFO      TradingGraph: Creating trade plan
2026-04-01 00:32:53  INFO      TradingGraph: Confidence sizing [USTEC]: conf=0.417 → ×0.60 (risk=$0.66)
2026-04-01 00:32:53  INFO      TradingGraph: Structure SL/TP [USTEC] entry=23722.00000 sl=23306.83121 (1.76×ATR) tp=24859.53333 (R:R=2.74)
2026-04-01 00:32:53  INFO      TradingGraph: Created trade plan: entry=23722.0000, sl=23306.8300, tp=24859.5300
2026-04-01 00:32:53  INFO      TradingGraph: Executing trade for USTEC
2026-04-01 00:32:53  WARNING   MT5Executor: USTEC: trading disabled on this symbol (trade_mode=0 — may be outside market hours or broker restriction). Skipping.
2026-04-01 00:32:53  INFO      TradingGraph: Order not placed for USTEC (executor returned None — see executor log for reason)
2026-04-01 00:32:53  INFO      TradingRunner: Analysing DAX …
2026-04-01 00:32:53  INFO      TradingGraph: Running agents for DAX
2026-04-01 00:32:53  INFO      TradingGraph: Completed 15 agents
2026-04-01 00:32:53  INFO      TradingGraph: Fusing timeframe signals
2026-04-01 00:32:53  INFO      TradingGraph: Fusion: L=-0.101(csns=1.00), M=0.189(csns=0.50), S=0.242(csns=0.71), align_str=0.000
2026-04-01 00:32:53  INFO      TradingGraph: Timeframes not aligned — stopping (L=-0.101 M=0.189 S=0.242)
2026-04-01 00:32:53  INFO      TradingRunner: Analysing UK100 …
2026-04-01 00:32:53  INFO      TradingGraph: Running agents for UK100
2026-04-01 00:32:53  INFO      TradingGraph: Completed 15 agents
2026-04-01 00:32:53  INFO      TradingGraph: Fusing timeframe signals
2026-04-01 00:32:53  INFO      TradingGraph: Fusion: L=0.164(csns=1.00), M=0.504(csns=1.00), S=0.037(csns=0.60), align_str=0.145
2026-04-01 00:32:53  INFO      TradingGraph: Timeframes not aligned — stopping (L=0.164 M=0.504 S=0.037)
2026-04-01 00:32:53  INFO      TradingRunner: Analysing EURJPY …
2026-04-01 00:32:53  INFO      TradingGraph: Running agents for EURJPY
2026-04-01 00:32:53  INFO      TradingGraph: Completed 15 agents
2026-04-01 00:32:53  INFO      TradingGraph: Fusing timeframe signals
2026-04-01 00:32:53  INFO      TradingGraph: Fusion: L=-0.078(csns=0.50), M=-0.049(csns=1.00), S=-0.160(csns=1.00), align_str=0.085
2026-04-01 00:32:53  INFO      TradingGraph: Timeframes not aligned — stopping (L=-0.078 M=-0.049 S=-0.160)
2026-04-01 00:32:53  INFO      TradingRunner: Analysing GBPJPY …
2026-04-01 00:32:53  INFO      TradingGraph: Running agents for GBPJPY
2026-04-01 00:32:54  INFO      TradingGraph: Completed 15 agents
2026-04-01 00:32:54  INFO      TradingGraph: Fusing timeframe signals
2026-04-01 00:32:54  INFO      TradingGraph: Fusion: L=0.097(csns=0.50), M=-0.392(csns=1.00), S=-0.267(csns=0.75), align_str=0.000
2026-04-01 00:32:54  INFO      TradingGraph: Timeframes not aligned — stopping (L=0.097 M=-0.392 S=-0.267)
2026-04-01 00:32:54  INFO      TradingRunner: Analysing AUDJPY …
2026-04-01 00:32:54  INFO      TradingGraph: Running agents for AUDJPY
2026-04-01 00:32:54  INFO      TradingGraph: Completed 15 agents
2026-04-01 00:32:54  INFO      TradingGraph: Fusing timeframe signals
2026-04-01 00:32:54  INFO      TradingGraph: Fusion: L=0.633(csns=1.00), M=0.095(csns=1.00), S=0.173(csns=1.00), align_str=0.218
2026-04-01 00:32:54  INFO      TradingGraph: Aligned [pullback-entry] (bullish) — proceeding [L=0.633 M=0.095 S=0.173 breadth=-0.124]
2026-04-01 00:32:54  INFO      TradingGraph: Generating trading recipe
2026-04-01 00:32:54  INFO      TradingGraph: Generated recipe: RISKY_LONG_PULLBACK_ENTRY_AUDJPY
2026-04-01 00:32:54  INFO      TradingGraph: Signal confidence too low: 0.469 < 0.48 (scalp=False)
2026-04-01 00:32:54  INFO      TradingRunner: Analysing EURGBP …
2026-04-01 00:32:54  INFO      TradingGraph: Running agents for EURGBP
2026-04-01 00:32:54  INFO      TradingGraph: Completed 15 agents
2026-04-01 00:32:54  INFO      TradingGraph: Fusing timeframe signals
2026-04-01 00:32:54  INFO      TradingGraph: Fusion: L=0.137(csns=1.00), M=0.484(csns=1.00), S=0.084(csns=0.80), align_str=0.177
2026-04-01 00:32:54  INFO      TradingGraph: Timeframes not aligned — stopping (L=0.137 M=0.484 S=0.084)
2026-04-01 00:32:54  INFO      TradingRunner: Analysing EURCHF …
2026-04-01 00:32:54  INFO      TradingGraph: Running agents for EURCHF
2026-04-01 00:32:54  INFO      TradingGraph: Completed 15 agents
2026-04-01 00:32:54  INFO      TradingGraph: Fusing timeframe signals
2026-04-01 00:32:54  INFO      TradingGraph: Fusion: L=-0.396(csns=1.00), M=0.240(csns=0.67), S=-0.184(csns=0.80), align_str=0.000
2026-04-01 00:32:54  INFO      TradingGraph: Timeframes not aligned — stopping (L=-0.396 M=0.240 S=-0.184)
2026-04-01 00:32:54  INFO      TradingRunner: Analysing CHFJPY …
2026-04-01 00:32:54  INFO      TradingGraph: Running agents for CHFJPY
2026-04-01 00:32:54  INFO      TradingGraph: Completed 15 agents
2026-04-01 00:32:54  INFO      TradingGraph: Fusing timeframe signals
2026-04-01 00:32:54  INFO      TradingGraph: Fusion: L=0.396(csns=0.50), M=-0.425(csns=1.00), S=0.052(csns=1.00), align_str=0.000
2026-04-01 00:32:54  INFO      TradingGraph: Timeframes not aligned — stopping (L=0.396 M=-0.425 S=0.052)
2026-04-01 00:32:54  INFO      TradingRunner: PnL — unrealized: -0.46  realized today: +0.00  total: -0.46
2026-04-01 00:32:54  INFO      TradingRunner: Signal cycle done in 5.5s — sleeping 294s
2026-04-01 00:33:49  INFO      TradingGraph: Running agents for GBPUSD
2026-04-01 00:33:49  INFO      TradingGraph: Completed 15 agents
2026-04-01 00:33:49  INFO      TradingGraph: Fusing timeframe signals
2026-04-01 00:33:49  INFO      TradingGraph: Fusion: L=-0.592(csns=1.00), M=0.080(csns=1.00), S=-0.195(csns=0.80), align_str=0.000
2026-04-01 00:33:49  INFO      TradingGraph: Running agents for USDCAD
2026-04-01 00:33:49  INFO      TradingGraph: Completed 15 agents
2026-04-01 00:33:49  INFO      TradingGraph: Fusing timeframe signals
2026-04-01 00:33:49  INFO      TradingGraph: Fusion: L=0.389(csns=0.67), M=-0.069(csns=0.50), S=-0.012(csns=0.25), align_str=0.000
2026-04-01 00:34:49  INFO      TradingGraph: Running agents for GBPUSD
2026-04-01 00:34:49  INFO      TradingGraph: Completed 15 agents
2026-04-01 00:34:49  INFO      TradingGraph: Fusing timeframe signals
2026-04-01 00:34:49  INFO      TradingGraph: Fusion: L=-0.592(csns=1.00), M=0.075(csns=1.00), S=-0.204(csns=1.00), align_str=0.000
2026-04-01 00:34:49  INFO      TradingGraph: Running agents for USDCAD
2026-04-01 00:34:49  INFO      TradingGraph: Completed 15 agents
2026-04-01 00:34:49  INFO      TradingGraph: Fusing timeframe signals
2026-04-01 00:34:49  INFO      TradingGraph: Fusion: L=0.390(csns=0.67), M=-0.064(csns=0.50), S=-0.010(csns=0.25), align_str=0.000
2026-04-01 00:35:49  INFO      TradingGraph: Running agents for GBPUSD
2026-04-01 00:35:49  INFO      TradingGraph: Completed 15 agents
2026-04-01 00:35:49  INFO      TradingGraph: Fusing timeframe signals
2026-04-01 00:35:49  INFO      TradingGraph: Fusion: L=-0.592(csns=1.00), M=0.077(csns=1.00), S=-0.167(csns=0.80), align_str=0.000
2026-04-01 00:35:49  INFO      TradingGraph: Running agents for USDCAD
2026-04-01 00:35:49  INFO      TradingGraph: Completed 15 agents
2026-04-01 00:35:49  INFO      TradingGraph: Fusing timeframe signals
2026-04-01 00:35:49  INFO      TradingGraph: Fusion: L=0.390(csns=0.67), M=-0.064(csns=0.50), S=-0.010(csns=0.25), align_str=0.000
2026-04-01 00:36:49  INFO      TradingGraph: Running agents for GBPUSD
2026-04-01 00:36:49  INFO      TradingGraph: Completed 15 agents
2026-04-01 00:36:49  INFO      TradingGraph: Fusing timeframe signals
2026-04-01 00:36:49  INFO      TradingGraph: Fusion: L=-0.592(csns=1.00), M=0.079(csns=1.00), S=-0.166(csns=0.80), align_str=0.000
2026-04-01 00:36:49  INFO      TradingGraph: Running agents for USDCAD
2026-04-01 00:36:49  INFO      TradingGraph: Completed 15 agents
2026-04-01 00:36:49  INFO      TradingGraph: Fusing timeframe signals
2026-04-01 00:36:49  INFO      TradingGraph: Fusion: L=0.389(csns=0.67), M=-0.067(csns=0.50), S=-0.011(csns=0.25), align_str=0.000
2026-04-01 00:37:50  INFO      TradingGraph: Running agents for GBPUSD
2026-04-01 00:37:50  INFO      TradingGraph: Completed 15 agents
2026-04-01 00:37:50  INFO      TradingGraph: Fusing timeframe signals
2026-04-01 00:37:50  INFO      TradingGraph: Fusion: L=-0.592(csns=1.00), M=0.084(csns=1.00), S=-0.171(csns=0.80), align_str=0.000
2026-04-01 00:37:50  INFO      TradingGraph: Running agents for USDCAD
2026-04-01 00:37:50  INFO      TradingGraph: Completed 15 agents
2026-04-01 00:37:50  INFO      TradingGraph: Fusing timeframe signals
2026-04-01 00:37:50  INFO      TradingGraph: Fusion: L=0.389(csns=0.67), M=-0.069(csns=0.50), S=-0.012(csns=0.25), align_str=0.000
2026-04-01 00:37:52  INFO      TradingRunner: Analysing EURUSD …
2026-04-01 00:37:52  INFO      TradingGraph: Running agents for EURUSD
2026-04-01 00:37:52  INFO      TradingGraph: Completed 15 agents
2026-04-01 00:37:52  INFO      TradingGraph: Fusing timeframe signals
2026-04-01 00:37:52  INFO      TradingGraph: Fusion: L=-0.333(csns=0.50), M=0.465(csns=1.00), S=0.097(csns=0.50), align_str=0.000
2026-04-01 00:37:52  INFO      TradingGraph: Timeframes not aligned — stopping (L=-0.333 M=0.465 S=0.097)
2026-04-01 00:37:52  INFO      TradingRunner: Analysing USDJPY …
2026-04-01 00:37:52  INFO      TradingGraph: Running agents for USDJPY
2026-04-01 00:37:52  INFO      TradingGraph: Completed 15 agents
2026-04-01 00:37:52  INFO      TradingGraph: Fusing timeframe signals
2026-04-01 00:37:52  INFO      TradingGraph: Fusion: L=0.209(csns=0.33), M=-0.446(csns=1.00), S=-0.063(csns=0.33), align_str=0.000
2026-04-01 00:37:52  INFO      TradingGraph: Timeframes not aligned — stopping (L=0.209 M=-0.446 S=-0.063)
2026-04-01 00:37:52  INFO      TradingRunner: Analysing USDCHF …
2026-04-01 00:37:52  INFO      TradingGraph: Running agents for USDCHF
2026-04-01 00:37:52  INFO      TradingGraph: Completed 15 agents
2026-04-01 00:37:52  INFO      TradingGraph: Fusing timeframe signals
2026-04-01 00:37:52  INFO      TradingGraph: Fusion: L=0.594(csns=1.00), M=-0.162(csns=1.00), S=-0.231(csns=0.86), align_str=0.000
2026-04-01 00:37:52  INFO      TradingGraph: Timeframes not aligned — stopping (L=0.594 M=-0.162 S=-0.231)
2026-04-01 00:37:52  INFO      TradingRunner: Analysing AUDUSD …
2026-04-01 00:37:52  INFO      TradingGraph: Running agents for AUDUSD
2026-04-01 00:37:52  INFO      TradingGraph: Completed 15 agents
2026-04-01 00:37:52  INFO      TradingGraph: Fusing timeframe signals
2026-04-01 00:37:52  INFO      TradingGraph: Fusion: L=-0.003(csns=1.00), M=0.369(csns=1.00), S=0.109(csns=0.67), align_str=0.000
2026-04-01 00:37:52  INFO      TradingGraph: Timeframes not aligned — stopping (L=-0.003 M=0.369 S=0.109)
2026-04-01 00:37:52  INFO      TradingRunner: Analysing NZDUSD …
2026-04-01 00:37:52  INFO      TradingGraph: Running agents for NZDUSD
2026-04-01 00:37:52  INFO      TradingGraph: Completed 15 agents
2026-04-01 00:37:52  INFO      TradingGraph: Fusing timeframe signals
2026-04-01 00:37:52  INFO      TradingGraph: Fusion: L=-0.593(csns=1.00), M=0.290(csns=1.00), S=0.066(csns=0.40), align_str=0.000
2026-04-01 00:37:52  INFO      TradingGraph: Timeframes not aligned — stopping (L=-0.593 M=0.290 S=0.066)
2026-04-01 00:37:52  INFO      TradingRunner: Analysing US30 …
2026-04-01 00:37:52  INFO      TradingGraph: Running agents for US30
2026-04-01 00:37:52  INFO      TradingGraph: Completed 15 agents
2026-04-01 00:37:52  INFO      TradingGraph: Fusing timeframe signals
2026-04-01 00:37:52  INFO      TradingGraph: Fusion: L=-0.389(csns=1.00), M=0.383(csns=1.00), S=0.105(csns=0.80), align_str=0.000
2026-04-01 00:37:52  INFO      TradingGraph: Timeframes not aligned — stopping (L=-0.389 M=0.383 S=0.105)
2026-04-01 00:37:52  INFO      TradingRunner: Analysing US500 …
2026-04-01 00:37:52  INFO      TradingGraph: Running agents for US500
2026-04-01 00:37:52  INFO      TradingGraph: Completed 15 agents
2026-04-01 00:37:52  INFO      TradingGraph: Fusing timeframe signals
2026-04-01 00:37:52  INFO      TradingGraph: Fusion: L=-0.381(csns=1.00), M=0.466(csns=1.00), S=0.281(csns=0.75), align_str=0.000
2026-04-01 00:37:52  INFO      TradingGraph: Aligned [counter-trend-scalp] (bullish) — proceeding [L=-0.381 M=0.466 S=0.281 breadth=-0.124]
2026-04-01 00:37:52  INFO      TradingGraph: Generating trading recipe
2026-04-01 00:37:52  INFO      TradingGraph: Generated recipe: RISKY_LONG_COUNTER_TREND_SCALP_US500
2026-04-01 00:37:52  INFO      TradingGraph: Risk check passed
2026-04-01 00:37:52  INFO      TradingGraph: Creating trade plan
2026-04-01 00:37:52  INFO      TradingGraph: Confidence sizing [US500]: conf=0.565 → ×0.77 (risk=$0.84)
2026-04-01 00:37:52  INFO      TradingGraph: Structure SL/TP [US500] entry=6527.90000 sl=6448.40285 (1.50×ATR) tp=6670.33333 (R:R=1.79)
2026-04-01 00:37:52  INFO      TradingGraph: Created trade plan: entry=6527.9000, sl=6448.4000, tp=6670.3300
2026-04-01 00:37:52  INFO      TradingGraph: Executing trade for US500
2026-04-01 00:37:52  WARNING   MT5Executor: US500: trading disabled on this symbol (trade_mode=0 — may be outside market hours or broker restriction). Skipping.
2026-04-01 00:37:52  INFO      TradingGraph: Order not placed for US500 (executor returned None — see executor log for reason)
2026-04-01 00:37:52  INFO      TradingRunner: Analysing USTEC …
2026-04-01 00:37:52  INFO      TradingGraph: Running agents for USTEC
2026-04-01 00:37:52  INFO      TradingGraph: Completed 15 agents
2026-04-01 00:37:52  INFO      TradingGraph: Fusing timeframe signals
2026-04-01 00:37:52  INFO      TradingGraph: Fusion: L=-0.387(csns=1.00), M=0.636(csns=1.00), S=0.217(csns=0.75), align_str=0.000
2026-04-01 00:37:52  INFO      TradingGraph: Aligned [counter-trend-scalp] (bullish) — proceeding [L=-0.387 M=0.636 S=0.217 breadth=-0.124]
2026-04-01 00:37:52  INFO      TradingGraph: Generating trading recipe
2026-04-01 00:37:52  INFO      TradingGraph: Generated recipe: RISKY_LONG_COUNTER_TREND_SCALP_USTEC
2026-04-01 00:37:52  INFO      TradingGraph: Risk check passed
2026-04-01 00:37:52  INFO      TradingGraph: Creating trade plan
2026-04-01 00:37:52  INFO      TradingGraph: Confidence sizing [USTEC]: conf=0.635 → ×0.87 (risk=$0.95)
2026-04-01 00:37:52  INFO      TradingGraph: Structure SL/TP [USTEC] entry=23722.00000 sl=23306.83121 (1.76×ATR) tp=24859.53333 (R:R=2.74)
2026-04-01 00:37:52  INFO      TradingGraph: Created trade plan: entry=23722.0000, sl=23306.8300, tp=24859.5300
2026-04-01 00:37:52  INFO      TradingGraph: Executing trade for USTEC
2026-04-01 00:37:52  WARNING   MT5Executor: USTEC: trading disabled on this symbol (trade_mode=0 — may be outside market hours or broker restriction). Skipping.
2026-04-01 00:37:52  INFO      TradingGraph: Order not placed for USTEC (executor returned None — see executor log for reason)
2026-04-01 00:37:52  INFO      TradingRunner: Analysing DAX …
2026-04-01 00:37:52  INFO      TradingGraph: Running agents for DAX
2026-04-01 00:37:52  INFO      TradingGraph: Completed 15 agents
2026-04-01 00:37:52  INFO      TradingGraph: Fusing timeframe signals
2026-04-01 00:37:52  INFO      TradingGraph: Fusion: L=-0.027(csns=0.50), M=0.189(csns=0.50), S=0.242(csns=0.71), align_str=0.000
2026-04-01 00:37:52  INFO      TradingGraph: Timeframes not aligned — stopping (L=-0.027 M=0.189 S=0.242)
2026-04-01 00:37:52  INFO      TradingRunner: Analysing UK100 …
2026-04-01 00:37:52  INFO      TradingGraph: Running agents for UK100
2026-04-01 00:37:53  INFO      TradingGraph: Completed 15 agents
2026-04-01 00:37:53  INFO      TradingGraph: Fusing timeframe signals
2026-04-01 00:37:53  INFO      TradingGraph: Fusion: L=0.198(csns=1.00), M=0.504(csns=1.00), S=0.037(csns=0.60), align_str=0.155
2026-04-01 00:37:53  INFO      TradingGraph: Timeframes not aligned — stopping (L=0.198 M=0.504 S=0.037)
2026-04-01 00:37:53  INFO      TradingRunner: Analysing EURJPY …
2026-04-01 00:37:53  INFO      TradingGraph: Running agents for EURJPY
2026-04-01 00:37:53  INFO      TradingGraph: Completed 15 agents
2026-04-01 00:37:53  INFO      TradingGraph: Fusing timeframe signals
2026-04-01 00:37:53  INFO      TradingGraph: Fusion: L=-0.127(csns=1.00), M=-0.045(csns=1.00), S=-0.123(csns=0.75), align_str=0.089
2026-04-01 00:37:53  INFO      TradingGraph: Timeframes not aligned — stopping (L=-0.127 M=-0.045 S=-0.123)
2026-04-01 00:37:53  INFO      TradingRunner: Analysing GBPJPY …
2026-04-01 00:37:53  INFO      TradingGraph: Running agents for GBPJPY
2026-04-01 00:37:53  INFO      TradingGraph: Completed 15 agents
2026-04-01 00:37:53  INFO      TradingGraph: Fusing timeframe signals
2026-04-01 00:37:53  INFO      TradingGraph: Fusion: L=-0.002(csns=0.50), M=-0.390(csns=1.00), S=-0.264(csns=0.75), align_str=0.056
2026-04-01 00:37:53  INFO      TradingGraph: Timeframes not aligned — stopping (L=-0.002 M=-0.390 S=-0.264)
2026-04-01 00:37:53  INFO      TradingRunner: Analysing AUDJPY …
2026-04-01 00:37:53  INFO      TradingGraph: Running agents for AUDJPY
2026-04-01 00:37:53  INFO      TradingGraph: Completed 15 agents
2026-04-01 00:37:53  INFO      TradingGraph: Fusing timeframe signals
2026-04-01 00:37:53  INFO      TradingGraph: Fusion: L=0.261(csns=0.50), M=0.096(csns=1.00), S=0.175(csns=1.00), align_str=0.164
2026-04-01 00:37:53  INFO      TradingGraph: Aligned [pullback-entry] (bullish) — proceeding [L=0.261 M=0.096 S=0.175 breadth=-0.124]
2026-04-01 00:37:53  INFO      TradingGraph: Generating trading recipe
2026-04-01 00:37:53  INFO      TradingGraph: Generated recipe: RISKY_LONG_PULLBACK_ENTRY_AUDJPY
2026-04-01 00:37:53  INFO      TradingGraph: Risk check passed
2026-04-01 00:37:53  INFO      TradingGraph: Creating trade plan
2026-04-01 00:37:53  INFO      TradingGraph: Confidence sizing [AUDJPY]: conf=0.677 → ×0.93 (risk=$1.02)
2026-04-01 00:37:53  INFO      TradingGraph: Structure SL/TP [AUDJPY] entry=109.50400 sl=108.36842 (2.74×ATR) tp=110.79200 (R:R=1.13)
2026-04-01 00:37:53  INFO      TradingGraph: Created trade plan: entry=109.5040, sl=108.3680, tp=111.2070
2026-04-01 00:37:53  INFO      TradingGraph: Executing trade for AUDJPY
2026-04-01 00:37:53  INFO      MT5Executor: AUDJPY: lots=0.01 (risk=$6.19)
2026-04-01 00:37:53  INFO      MT5Executor: Market order filled: ticket=56030021563 vol=0.01
2026-04-01 00:37:53  INFO      TradingGraph: Order placed: ticket=56030021563
2026-04-01 00:37:53  INFO      OrderManager: Created order order_4_20260401_003753 for AUDJPY
2026-04-01 00:37:53  INFO      TradeJournal: TRADE  AUDJPY           Direction.LONG  qty=0.01  entry=109.50400  sl=108.36800  tp=111.20700  ticket=56030021563
2026-04-01 00:37:53  INFO      TradingRunner: AUDJPY: trade placed — daily count 4/14, next entry in 25min
2026-04-01 00:37:53  INFO      TradingRunner: Analysing EURGBP …
2026-04-01 00:37:53  INFO      TradingGraph: Running agents for EURGBP
2026-04-01 00:37:53  INFO      TradingGraph: Completed 15 agents
2026-04-01 00:37:53  INFO      TradingGraph: Fusing timeframe signals
2026-04-01 00:37:53  INFO      TradingGraph: Fusion: L=0.264(csns=1.00), M=0.484(csns=1.00), S=0.084(csns=0.80), align_str=0.221
2026-04-01 00:37:53  INFO      TradingGraph: Aligned [full-alignment] (bullish) — proceeding [L=0.264 M=0.484 S=0.084 breadth=-0.124]
2026-04-01 00:37:53  INFO      TradingGraph: Generating trading recipe
2026-04-01 00:37:53  INFO      TradingGraph: Generated recipe: RISKY_LONG_FULL_ALIGNMENT_EURGBP
2026-04-01 00:37:53  INFO      TradingGraph: Risk check passed
2026-04-01 00:37:53  INFO      TradingGraph: Creating trade plan
2026-04-01 00:37:53  INFO      TradingGraph: Confidence sizing [EURGBP]: conf=0.558 → ×0.76 (risk=$0.83)
2026-04-01 00:37:54  INFO      TradingGraph: SL cap [EURGBP]: 6.32×ATR → 3.5×ATR
2026-04-01 00:37:54  INFO      TradingGraph: Structure SL/TP [EURGBP] entry=0.87357 sl=0.86786 (3.50×ATR) tp=0.87652 (R:R=0.52)
2026-04-01 00:37:54  INFO      TradingGraph: Created trade plan: entry=0.8736, sl=0.8679, tp=0.8821
2026-04-01 00:37:54  INFO      TradingGraph: Executing trade for EURGBP
2026-04-01 00:37:54  INFO      MT5Executor: EURGBP: lots=0.01 (risk=$6.53)
2026-04-01 00:37:54  INFO      MT5Executor: Market order filled: ticket=56030021656 vol=0.01
2026-04-01 00:37:54  INFO      TradingGraph: Order placed: ticket=56030021656
2026-04-01 00:37:54  INFO      OrderManager: Created order order_5_20260401_003754 for EURGBP
2026-04-01 00:37:54  INFO      TradeJournal: TRADE  EURGBP           Direction.LONG  qty=0.01  entry=0.87357  sl=0.86786  tp=0.88213  ticket=56030021656
2026-04-01 00:37:54  INFO      TradingRunner: EURGBP: trade placed — daily count 5/14, next entry in 25min
2026-04-01 00:37:54  INFO      TradingRunner: Analysing EURCHF …
2026-04-01 00:37:54  INFO      TradingGraph: Running agents for EURCHF
2026-04-01 00:37:54  INFO      TradingGraph: Completed 15 agents
2026-04-01 00:37:54  INFO      TradingGraph: Fusing timeframe signals
2026-04-01 00:37:54  INFO      TradingGraph: Fusion: L=-0.190(csns=0.50), M=0.239(csns=0.67), S=-0.217(csns=1.00), align_str=0.000
2026-04-01 00:37:54  INFO      TradingGraph: Timeframes not aligned — stopping (L=-0.190 M=0.239 S=-0.217)
2026-04-01 00:37:54  INFO      TradingRunner: Analysing CHFJPY …
2026-04-01 00:37:54  INFO      TradingGraph: Running agents for CHFJPY
2026-04-01 00:37:54  INFO      TradingGraph: Completed 15 agents
2026-04-01 00:37:54  INFO      TradingGraph: Fusing timeframe signals
2026-04-01 00:37:54  INFO      TradingGraph: Fusion: L=0.279(csns=0.50), M=-0.412(csns=1.00), S=0.082(csns=1.00), align_str=0.000
2026-04-01 00:37:54  INFO      TradingGraph: Timeframes not aligned — stopping (L=0.279 M=-0.412 S=0.082)
2026-04-01 00:37:54  INFO      TradingRunner: PnL — unrealized: -0.65  realized today: +0.00  total: -0.65
2026-04-01 00:37:54  INFO      TradingRunner: Signal cycle done in 5.6s — sleeping 294s
2026-04-01 00:38:49  INFO      TradingGraph: Running agents for GBPUSD
2026-04-01 00:38:49  INFO      TradingGraph: Completed 15 agents
2026-04-01 00:38:49  INFO      TradingGraph: Fusing timeframe signals
2026-04-01 00:38:49  INFO      TradingGraph: Fusion: L=-0.592(csns=1.00), M=0.087(csns=1.00), S=-0.194(csns=0.80), align_str=0.000
2026-04-01 00:38:50  INFO      TradingGraph: Running agents for USDCAD
2026-04-01 00:38:50  INFO      TradingGraph: Completed 15 agents
2026-04-01 00:38:50  INFO      TradingGraph: Fusing timeframe signals
2026-04-01 00:38:50  INFO      TradingGraph: Fusion: L=0.388(csns=0.67), M=-0.074(csns=0.50), S=-0.041(csns=0.40), align_str=0.000
2026-04-01 00:38:50  INFO      TradingGraph: Running agents for AUDJPY
2026-04-01 00:38:50  INFO      TradingGraph: Completed 15 agents
2026-04-01 00:38:50  INFO      TradingGraph: Fusing timeframe signals
2026-04-01 00:38:50  INFO      TradingGraph: Fusion: L=0.261(csns=0.50), M=0.096(csns=1.00), S=0.176(csns=1.00), align_str=0.164
2026-04-01 00:38:50  INFO      TradingGraph: Running agents for EURGBP
2026-04-01 00:38:50  INFO      TradingGraph: Completed 15 agents
2026-04-01 00:38:50  INFO      TradingGraph: Fusing timeframe signals
2026-04-01 00:38:50  INFO      TradingGraph: Fusion: L=0.266(csns=1.00), M=0.490(csns=1.00), S=0.122(csns=1.00), align_str=0.252
2026-04-01 00:39:49  INFO      TradingGraph: Running agents for GBPUSD
2026-04-01 00:39:49  INFO      TradingGraph: Completed 15 agents
2026-04-01 00:39:49  INFO      TradingGraph: Fusing timeframe signals
2026-04-01 00:39:49  INFO      TradingGraph: Fusion: L=-0.592(csns=1.00), M=0.091(csns=1.00), S=-0.161(csns=0.80), align_str=0.000
2026-04-01 00:39:49  INFO      TradingGraph: Running agents for USDCAD
2026-04-01 00:39:50  INFO      TradingGraph: Completed 15 agents
2026-04-01 00:39:50  INFO      TradingGraph: Fusing timeframe signals
2026-04-01 00:39:50  INFO      TradingGraph: Fusion: L=0.387(csns=0.67), M=-0.076(csns=0.50), S=-0.067(csns=0.50), align_str=0.000
2026-04-01 00:39:50  INFO      TradingGraph: Running agents for AUDJPY
2026-04-01 00:39:50  INFO      TradingGraph: Completed 15 agents
2026-04-01 00:39:50  INFO      TradingGraph: Fusing timeframe signals
2026-04-01 00:39:50  INFO      TradingGraph: Fusion: L=0.261(csns=0.50), M=0.096(csns=1.00), S=0.175(csns=1.00), align_str=0.164
2026-04-01 00:39:50  INFO      TradingGraph: Running agents for EURGBP
2026-04-01 00:39:50  INFO      TradingGraph: Completed 15 agents
2026-04-01 00:39:50  INFO      TradingGraph: Fusing timeframe signals
2026-04-01 00:39:50  INFO      TradingGraph: Fusion: L=0.265(csns=1.00), M=0.488(csns=1.00), S=0.129(csns=1.00), align_str=0.255
2026-04-01 00:39:50  INFO      TradingRunner: [WATCHDOG] alive | equity=128.68 | cycle=3 | profile=risky
2026-04-01 00:40:49  INFO      TradingGraph: Running agents for GBPUSD
2026-04-01 00:40:49  INFO      TradingGraph: Completed 15 agents
2026-04-01 00:40:49  INFO      TradingGraph: Fusing timeframe signals
2026-04-01 00:40:49  INFO      TradingGraph: Fusion: L=-0.592(csns=1.00), M=0.091(csns=1.00), S=-0.161(csns=0.80), align_str=0.000
2026-04-01 00:40:50  INFO      TradingGraph: Running agents for USDCAD
2026-04-01 00:40:50  INFO      TradingGraph: Completed 15 agents
2026-04-01 00:40:50  INFO      TradingGraph: Fusing timeframe signals
2026-04-01 00:40:50  INFO      TradingGraph: Fusion: L=0.387(csns=0.67), M=-0.075(csns=0.50), S=-0.059(csns=0.40), align_str=0.000
2026-04-01 00:40:50  INFO      TradingGraph: Running agents for AUDJPY
2026-04-01 00:40:50  INFO      TradingGraph: Completed 15 agents
2026-04-01 00:40:50  INFO      TradingGraph: Fusing timeframe signals
2026-04-01 00:40:50  INFO      TradingGraph: Fusion: L=0.261(csns=0.50), M=0.095(csns=1.00), S=0.174(csns=1.00), align_str=0.163
2026-04-01 00:40:50  INFO      TradingGraph: Running agents for EURGBP
2026-04-01 00:40:50  INFO      TradingGraph: Completed 15 agents
2026-04-01 00:40:50  INFO      TradingGraph: Fusing timeframe signals
2026-04-01 00:40:50  INFO      TradingGraph: Fusion: L=0.265(csns=1.00), M=0.488(csns=1.00), S=0.129(csns=1.00), align_str=0.255
2026-04-01 00:41:49  INFO      TradingGraph: Running agents for GBPUSD
2026-04-01 00:41:49  INFO      TradingGraph: Completed 15 agents
2026-04-01 00:41:49  INFO      TradingGraph: Fusing timeframe signals
2026-04-01 00:41:49  INFO      TradingGraph: Fusion: L=-0.592(csns=1.00), M=0.086(csns=1.00), S=-0.166(csns=0.80), align_str=0.000
2026-04-01 00:41:50  INFO      TradingGraph: Running agents for USDCAD
2026-04-01 00:41:50  INFO      TradingGraph: Completed 15 agents
2026-04-01 00:41:50  INFO      TradingGraph: Fusing timeframe signals
2026-04-01 00:41:50  INFO      TradingGraph: Fusion: L=0.387(csns=0.67), M=-0.075(csns=0.50), S=-0.059(csns=0.40), align_str=0.000
2026-04-01 00:41:50  INFO      TradingGraph: Running agents for AUDJPY
2026-04-01 00:41:50  INFO      TradingGraph: Completed 15 agents
2026-04-01 00:41:50  INFO      TradingGraph: Fusing timeframe signals
2026-04-01 00:41:50  INFO      TradingGraph: Fusion: L=0.261(csns=0.50), M=0.096(csns=1.00), S=0.176(csns=1.00), align_str=0.164
2026-04-01 00:41:50  INFO      TradingGraph: Running agents for EURGBP
2026-04-01 00:41:50  INFO      TradingGraph: Completed 15 agents
2026-04-01 00:41:50  INFO      TradingGraph: Fusing timeframe signals
2026-04-01 00:41:50  INFO      TradingGraph: Fusion: L=0.265(csns=1.00), M=0.488(csns=1.00), S=0.129(csns=1.00), align_str=0.255
2026-04-01 00:42:50  INFO      TradingGraph: Running agents for GBPUSD
2026-04-01 00:42:50  INFO      TradingGraph: Completed 15 agents
2026-04-01 00:42:50  INFO      TradingGraph: Fusing timeframe signals
2026-04-01 00:42:50  INFO      TradingGraph: Fusion: L=-0.592(csns=1.00), M=0.088(csns=1.00), S=-0.164(csns=0.80), align_str=0.000
2026-04-01 00:42:50  INFO      TradingGraph: Running agents for USDCAD
2026-04-01 00:42:50  INFO      TradingGraph: Completed 15 agents
2026-04-01 00:42:50  INFO      TradingGraph: Fusing timeframe signals
2026-04-01 00:42:50  INFO      TradingGraph: Fusion: L=0.387(csns=0.67), M=-0.078(csns=0.50), S=-0.052(csns=0.40), align_str=0.000
2026-04-01 00:42:51  INFO      TradingGraph: Running agents for AUDJPY
2026-04-01 00:42:51  INFO      TradingGraph: Completed 15 agents
2026-04-01 00:42:51  INFO      TradingGraph: Fusing timeframe signals
2026-04-01 00:42:51  INFO      TradingGraph: Fusion: L=0.262(csns=0.50), M=0.096(csns=1.00), S=0.176(csns=1.00), align_str=0.164
2026-04-01 00:42:52  INFO      TradingGraph: Running agents for EURGBP
2026-04-01 00:42:52  INFO      TradingGraph: Completed 15 agents
2026-04-01 00:42:52  INFO      TradingGraph: Fusing timeframe signals
2026-04-01 00:42:52  INFO      TradingGraph: Fusion: L=0.265(csns=1.00), M=0.489(csns=1.00), S=0.120(csns=1.00), align_str=0.250
2026-04-01 00:42:52  INFO      TradingRunner: Analysing EURUSD …
2026-04-01 00:42:52  INFO      TradingGraph: Running agents for EURUSD
2026-04-01 00:42:52  INFO      TradingGraph: Completed 15 agents
2026-04-01 00:42:52  INFO      TradingGraph: Fusing timeframe signals
2026-04-01 00:42:52  INFO      TradingGraph: Fusion: L=-0.333(csns=0.50), M=0.471(csns=1.00), S=0.132(csns=0.57), align_str=0.000
2026-04-01 00:42:52  INFO      TradingGraph: Timeframes not aligned — stopping (L=-0.333 M=0.471 S=0.132)
2026-04-01 00:42:52  INFO      TradingRunner: Analysing USDJPY …
2026-04-01 00:42:52  INFO      TradingGraph: Running agents for USDJPY
2026-04-01 00:42:52  INFO      TradingGraph: Completed 15 agents
2026-04-01 00:42:52  INFO      TradingGraph: Fusing timeframe signals
2026-04-01 00:42:52  INFO      TradingGraph: Fusion: L=0.209(csns=0.33), M=-0.457(csns=1.00), S=-0.062(csns=0.25), align_str=0.000
2026-04-01 00:42:52  INFO      TradingGraph: Timeframes not aligned — stopping (L=0.209 M=-0.457 S=-0.062)
2026-04-01 00:42:52  INFO      TradingRunner: Analysing USDCHF …
2026-04-01 00:42:52  INFO      TradingGraph: Running agents for USDCHF
2026-04-01 00:42:52  INFO      TradingGraph: Completed 15 agents
2026-04-01 00:42:52  INFO      TradingGraph: Fusing timeframe signals
2026-04-01 00:42:52  INFO      TradingGraph: Fusion: L=0.594(csns=1.00), M=-0.162(csns=1.00), S=-0.232(csns=0.86), align_str=0.000
2026-04-01 00:42:52  INFO      TradingGraph: Timeframes not aligned — stopping (L=0.594 M=-0.162 S=-0.232)
2026-04-01 00:42:52  INFO      TradingRunner: Analysing AUDUSD …
2026-04-01 00:42:52  INFO      TradingGraph: Running agents for AUDUSD
2026-04-01 00:42:52  INFO      TradingGraph: Completed 15 agents
2026-04-01 00:42:52  INFO      TradingGraph: Fusing timeframe signals
2026-04-01 00:42:52  INFO      TradingGraph: Fusion: L=-0.002(csns=1.00), M=0.375(csns=1.00), S=0.176(csns=0.83), align_str=0.000
2026-04-01 00:42:52  INFO      TradingGraph: Timeframes not aligned — stopping (L=-0.002 M=0.375 S=0.176)
2026-04-01 00:42:52  INFO      TradingRunner: Analysing NZDUSD …
2026-04-01 00:42:52  INFO      TradingGraph: Running agents for NZDUSD
2026-04-01 00:42:52  INFO      TradingGraph: Completed 15 agents
2026-04-01 00:42:52  INFO      TradingGraph: Fusing timeframe signals
2026-04-01 00:42:52  INFO      TradingGraph: Fusion: L=-0.593(csns=1.00), M=0.317(csns=1.00), S=0.133(csns=0.75), align_str=0.000
2026-04-01 00:42:52  INFO      TradingGraph: Timeframes not aligned — stopping (L=-0.593 M=0.317 S=0.133)
2026-04-01 00:42:52  INFO      TradingRunner: Analysing US30 …
2026-04-01 00:42:52  INFO      TradingGraph: Running agents for US30
2026-04-01 00:42:52  INFO      TradingGraph: Completed 15 agents
2026-04-01 00:42:52  INFO      TradingGraph: Fusing timeframe signals
2026-04-01 00:42:52  INFO      TradingGraph: Fusion: L=-0.392(csns=1.00), M=0.404(csns=1.00), S=0.108(csns=0.75), align_str=0.000
2026-04-01 00:42:52  INFO      TradingGraph: Timeframes not aligned — stopping (L=-0.392 M=0.404 S=0.108)
2026-04-01 00:42:52  INFO      TradingRunner: Analysing US500 …
2026-04-01 00:42:52  INFO      TradingGraph: Running agents for US500
2026-04-01 00:42:53  INFO      TradingGraph: Completed 15 agents
2026-04-01 00:42:53  INFO      TradingGraph: Fusing timeframe signals
2026-04-01 00:42:53  INFO      TradingGraph: Fusion: L=-0.383(csns=1.00), M=0.480(csns=1.00), S=0.423(csns=1.00), align_str=0.000
2026-04-01 00:42:53  INFO      TradingGraph: Aligned [counter-trend-scalp] (bullish) — proceeding [L=-0.383 M=0.480 S=0.423 breadth=-0.124]
2026-04-01 00:42:53  INFO      TradingGraph: Generating trading recipe
2026-04-01 00:42:53  INFO      TradingGraph: Generated recipe: RISKY_LONG_COUNTER_TREND_SCALP_US500
2026-04-01 00:42:53  INFO      TradingGraph: Risk check passed
2026-04-01 00:42:53  INFO      TradingGraph: Creating trade plan
2026-04-01 00:42:53  INFO      TradingGraph: Confidence sizing [US500]: conf=0.565 → ×0.77 (risk=$0.84)
2026-04-01 00:42:53  INFO      TradingGraph: Structure SL/TP [US500] entry=6532.80000 sl=6453.30285 (1.50×ATR) tp=6670.33333 (R:R=1.73)
2026-04-01 00:42:53  INFO      TradingGraph: Created trade plan: entry=6532.8000, sl=6453.3000, tp=6670.3300
2026-04-01 00:42:53  INFO      TradingGraph: Executing trade for US500
2026-04-01 00:42:53  WARNING   MT5Executor: US500: trading disabled on this symbol (trade_mode=0 — may be outside market hours or broker restriction). Skipping.
2026-04-01 00:42:53  INFO      TradingGraph: Order not placed for US500 (executor returned None — see executor log for reason)
2026-04-01 00:42:53  INFO      TradingRunner: Analysing USTEC …
2026-04-01 00:42:53  INFO      TradingGraph: Running agents for USTEC
2026-04-01 00:42:53  INFO      TradingGraph: Completed 15 agents
2026-04-01 00:42:53  INFO      TradingGraph: Fusing timeframe signals
2026-04-01 00:42:53  INFO      TradingGraph: Fusion: L=-0.388(csns=1.00), M=0.636(csns=1.00), S=0.217(csns=0.75), align_str=0.000
2026-04-01 00:42:53  INFO      TradingGraph: Aligned [counter-trend-scalp] (bullish) — proceeding [L=-0.388 M=0.636 S=0.217 breadth=-0.124]
2026-04-01 00:42:53  INFO      TradingGraph: Generating trading recipe
2026-04-01 00:42:53  INFO      TradingGraph: Generated recipe: RISKY_LONG_COUNTER_TREND_SCALP_USTEC
2026-04-01 00:42:53  INFO      TradingGraph: Risk check passed
2026-04-01 00:42:53  INFO      TradingGraph: Creating trade plan
2026-04-01 00:42:53  INFO      TradingGraph: Confidence sizing [USTEC]: conf=0.635 → ×0.87 (risk=$0.95)
2026-04-01 00:42:53  INFO      TradingGraph: Structure SL/TP [USTEC] entry=23722.00000 sl=23306.83121 (1.76×ATR) tp=24859.53333 (R:R=2.74)
2026-04-01 00:42:53  INFO      TradingGraph: Created trade plan: entry=23722.0000, sl=23306.8300, tp=24859.5300
2026-04-01 00:42:53  INFO      TradingGraph: Executing trade for USTEC
2026-04-01 00:42:53  WARNING   MT5Executor: USTEC: trading disabled on this symbol (trade_mode=0 — may be outside market hours or broker restriction). Skipping.
2026-04-01 00:42:53  INFO      TradingGraph: Order not placed for USTEC (executor returned None — see executor log for reason)
2026-04-01 00:42:53  INFO      TradingRunner: Analysing DAX …
2026-04-01 00:42:53  INFO      TradingGraph: Running agents for DAX
2026-04-01 00:42:53  INFO      TradingGraph: Completed 15 agents
2026-04-01 00:42:53  INFO      TradingGraph: Fusing timeframe signals
2026-04-01 00:42:53  INFO      TradingGraph: Fusion: L=-0.027(csns=0.50), M=0.189(csns=0.50), S=0.242(csns=0.71), align_str=0.000
2026-04-01 00:42:53  INFO      TradingGraph: Timeframes not aligned — stopping (L=-0.027 M=0.189 S=0.242)
2026-04-01 00:42:53  INFO      TradingRunner: Analysing UK100 …
2026-04-01 00:42:53  INFO      TradingGraph: Running agents for UK100
2026-04-01 00:42:53  INFO      TradingGraph: Completed 15 agents
2026-04-01 00:42:53  INFO      TradingGraph: Fusing timeframe signals
2026-04-01 00:42:53  INFO      TradingGraph: Fusion: L=0.198(csns=1.00), M=0.504(csns=1.00), S=0.037(csns=0.60), align_str=0.155
2026-04-01 00:42:53  INFO      TradingGraph: Timeframes not aligned — stopping (L=0.198 M=0.504 S=0.037)
2026-04-01 00:42:53  INFO      TradingRunner: Analysing EURJPY …
2026-04-01 00:42:53  INFO      TradingGraph: Running agents for EURJPY
2026-04-01 00:42:53  INFO      TradingGraph: Completed 15 agents
2026-04-01 00:42:53  INFO      TradingGraph: Fusing timeframe signals
2026-04-01 00:42:53  INFO      TradingGraph: Fusion: L=-0.124(csns=1.00), M=-0.050(csns=1.00), S=-0.164(csns=1.00), align_str=0.100
2026-04-01 00:42:53  INFO      TradingGraph: Timeframes not aligned — stopping (L=-0.124 M=-0.050 S=-0.164)
2026-04-01 00:42:53  INFO      TradingRunner: Analysing GBPJPY …
2026-04-01 00:42:53  INFO      TradingGraph: Running agents for GBPJPY
2026-04-01 00:42:53  INFO      TradingGraph: Completed 15 agents
2026-04-01 00:42:53  INFO      TradingGraph: Fusing timeframe signals
2026-04-01 00:42:53  INFO      TradingGraph: Fusion: L=-0.002(csns=0.50), M=-0.396(csns=1.00), S=-0.298(csns=0.80), align_str=0.062
2026-04-01 00:42:53  INFO      TradingGraph: Timeframes not aligned — stopping (L=-0.002 M=-0.396 S=-0.298)
2026-04-01 00:42:53  INFO      TradingRunner: Analysing EURCHF …
2026-04-01 00:42:53  INFO      TradingGraph: Running agents for EURCHF
2026-04-01 00:42:53  INFO      TradingGraph: Completed 15 agents
2026-04-01 00:42:53  INFO      TradingGraph: Fusing timeframe signals
2026-04-01 00:42:53  INFO      TradingGraph: Fusion: L=-0.189(csns=0.50), M=0.243(csns=0.67), S=-0.181(csns=0.80), align_str=0.000
2026-04-01 00:42:53  INFO      TradingGraph: Timeframes not aligned — stopping (L=-0.189 M=0.243 S=-0.181)
2026-04-01 00:42:53  INFO      TradingRunner: Analysing CHFJPY …
2026-04-01 00:42:53  INFO      TradingGraph: Running agents for CHFJPY
2026-04-01 00:42:53  INFO      TradingGraph: Completed 15 agents
2026-04-01 00:42:53  INFO      TradingGraph: Fusing timeframe signals
2026-04-01 00:42:53  INFO      TradingGraph: Fusion: L=0.279(csns=0.50), M=-0.427(csns=1.00), S=0.047(csns=1.00), align_str=0.000
2026-04-01 00:42:53  INFO      TradingGraph: Timeframes not aligned — stopping (L=0.279 M=-0.427 S=0.047)
2026-04-01 00:42:53  INFO      TradingRunner: PnL — unrealized: -0.71  realized today: +0.00  total: -0.71
2026-04-01 00:42:53  INFO      TradingRunner: Signal cycle done in 4.6s — sleeping 295s
2026-04-01 00:43:49  INFO      TradingGraph: Running agents for GBPUSD
2026-04-01 00:43:49  INFO      TradingGraph: Completed 15 agents
2026-04-01 00:43:49  INFO      TradingGraph: Fusing timeframe signals
2026-04-01 00:43:49  INFO      TradingGraph: Fusion: L=-0.592(csns=1.00), M=0.086(csns=1.00), S=-0.195(csns=0.80), align_str=0.000
2026-04-01 00:43:50  INFO      TradingGraph: Running agents for USDCAD
2026-04-01 00:43:50  INFO      TradingGraph: Completed 15 agents
2026-04-01 00:43:50  INFO      TradingGraph: Fusing timeframe signals
2026-04-01 00:43:50  INFO      TradingGraph: Fusion: L=0.387(csns=0.67), M=-0.078(csns=0.50), S=-0.052(csns=0.40), align_str=0.000
2026-04-01 00:43:50  INFO      TradingGraph: Running agents for AUDJPY
2026-04-01 00:43:50  INFO      TradingGraph: Completed 15 agents
2026-04-01 00:43:50  INFO      TradingGraph: Fusing timeframe signals
2026-04-01 00:43:50  INFO      TradingGraph: Fusion: L=0.262(csns=0.50), M=0.096(csns=1.00), S=0.176(csns=1.00), align_str=0.164
2026-04-01 00:43:50  INFO      TradingGraph: Running agents for EURGBP
2026-04-01 00:43:50  INFO      TradingGraph: Completed 15 agents
2026-04-01 00:43:50  INFO      TradingGraph: Fusing timeframe signals
2026-04-01 00:43:50  INFO      TradingGraph: Fusion: L=0.264(csns=1.00), M=0.488(csns=1.00), S=0.128(csns=1.00), align_str=0.254
2026-04-01 00:44:49  INFO      TradingGraph: Running agents for GBPUSD
2026-04-01 00:44:49  INFO      TradingGraph: Completed 15 agents
2026-04-01 00:44:49  INFO      TradingGraph: Fusing timeframe signals
2026-04-01 00:44:49  INFO      TradingGraph: Fusion: L=-0.592(csns=1.00), M=0.085(csns=1.00), S=-0.166(csns=0.80), align_str=0.000
2026-04-01 00:44:49  INFO      TradingGraph: Running agents for USDCAD
2026-04-01 00:44:50  INFO      TradingGraph: Completed 15 agents
2026-04-01 00:44:50  INFO      TradingGraph: Fusing timeframe signals
2026-04-01 00:44:50  INFO      TradingGraph: Fusion: L=0.387(csns=0.67), M=-0.079(csns=0.50), S=-0.053(csns=0.40), align_str=0.000
2026-04-01 00:44:50  INFO      TradingGraph: Running agents for AUDJPY
2026-04-01 00:44:50  INFO      TradingGraph: Completed 15 agents
2026-04-01 00:44:50  INFO      TradingGraph: Fusing timeframe signals
2026-04-01 00:44:50  INFO      TradingGraph: Fusion: L=0.262(csns=0.50), M=0.095(csns=1.00), S=0.174(csns=1.00), align_str=0.163
2026-04-01 00:44:50  INFO      TradingGraph: Running agents for EURGBP
2026-04-01 00:44:50  INFO      TradingGraph: Completed 15 agents
2026-04-01 00:44:50  INFO      TradingGraph: Fusing timeframe signals
2026-04-01 00:44:50  INFO      TradingGraph: Fusion: L=0.264(csns=1.00), M=0.488(csns=1.00), S=0.128(csns=1.00), align_str=0.254
2026-04-01 00:45:49  INFO      TradingGraph: Running agents for GBPUSD
2026-04-01 00:45:50  INFO      TradingGraph: Completed 15 agents
2026-04-01 00:45:50  INFO      TradingGraph: Fusing timeframe signals
2026-04-01 00:45:50  INFO      TradingGraph: Fusion: L=-0.592(csns=1.00), M=0.084(csns=1.00), S=-0.059(csns=0.33), align_str=0.000
2026-04-01 00:45:50  INFO      TradingGraph: Running agents for USDCAD
2026-04-01 00:45:50  INFO      TradingGraph: Completed 15 agents
2026-04-01 00:45:50  INFO      TradingGraph: Fusing timeframe signals
2026-04-01 00:45:50  INFO      TradingGraph: Fusion: L=0.387(csns=0.67), M=-0.080(csns=0.50), S=-0.042(csns=0.40), align_str=0.000
2026-04-01 00:45:50  INFO      TradingGraph: Running agents for AUDJPY
2026-04-01 00:45:50  INFO      TradingGraph: Completed 15 agents
2026-04-01 00:45:50  INFO      TradingGraph: Fusing timeframe signals
2026-04-01 00:45:50  INFO      TradingGraph: Fusion: L=0.261(csns=0.50), M=0.071(csns=1.00), S=0.067(csns=0.33), align_str=0.108
2026-04-01 00:45:50  INFO      TradingGraph: Running agents for EURGBP
2026-04-01 00:45:51  INFO      TradingGraph: Completed 15 agents
2026-04-01 00:45:51  INFO      TradingGraph: Fusing timeframe signals
2026-04-01 00:45:51  INFO      TradingGraph: Fusion: L=0.263(csns=1.00), M=0.484(csns=1.00), S=0.005(csns=0.40), align_str=0.086
2026-04-01 00:46:49  INFO      TradingGraph: Running agents for GBPUSD
2026-04-01 00:46:50  INFO      TradingGraph: Completed 15 agents
2026-04-01 00:46:50  INFO      TradingGraph: Fusing timeframe signals
2026-04-01 00:46:50  INFO      TradingGraph: Fusion: L=-0.592(csns=1.00), M=0.084(csns=1.00), S=-0.059(csns=0.33), align_str=0.000
2026-04-01 00:46:50  INFO      TradingGraph: Running agents for USDCAD
2026-04-01 00:46:50  INFO      TradingGraph: Completed 15 agents
2026-04-01 00:46:50  INFO      TradingGraph: Fusing timeframe signals
2026-04-01 00:46:50  INFO      TradingGraph: Fusion: L=0.387(csns=0.67), M=-0.074(csns=0.50), S=-0.043(csns=0.40), align_str=0.000
2026-04-01 00:46:50  INFO      TradingGraph: Running agents for AUDJPY
2026-04-01 00:46:50  INFO      TradingGraph: Completed 15 agents
2026-04-01 00:46:50  INFO      TradingGraph: Fusing timeframe signals
2026-04-01 00:46:50  INFO      TradingGraph: Fusion: L=0.262(csns=0.50), M=0.097(csns=1.00), S=0.087(csns=0.50), align_str=0.130
2026-04-01 00:46:50  INFO      TradingGraph: Running agents for EURGBP
2026-04-01 00:46:50  INFO      TradingGraph: Completed 15 agents
2026-04-01 00:46:50  INFO      TradingGraph: Fusing timeframe signals
2026-04-01 00:46:50  INFO      TradingGraph: Fusion: L=0.263(csns=1.00), M=0.484(csns=1.00), S=0.007(csns=0.40), align_str=0.095
2026-04-01 00:47:50  INFO      TradingGraph: Running agents for GBPUSD
2026-04-01 00:47:50  INFO      TradingGraph: Completed 15 agents
2026-04-01 00:47:50  INFO      TradingGraph: Fusing timeframe signals
2026-04-01 00:47:50  INFO      TradingGraph: Fusion: L=-0.592(csns=1.00), M=0.090(csns=1.00), S=-0.049(csns=0.25), align_str=0.000
2026-04-01 00:47:50  INFO      TradingGraph: Running agents for USDCAD
2026-04-01 00:47:51  INFO      TradingGraph: Completed 15 agents
2026-04-01 00:47:51  INFO      TradingGraph: Fusing timeframe signals
2026-04-01 00:47:51  INFO      TradingGraph: Fusion: L=0.386(csns=0.67), M=-0.089(csns=0.50), S=-0.060(csns=0.50), align_str=0.000
2026-04-01 00:47:51  INFO      TradingGraph: Running agents for AUDJPY
2026-04-01 00:47:51  INFO      TradingGraph: Completed 15 agents
2026-04-01 00:47:51  INFO      TradingGraph: Fusing timeframe signals
2026-04-01 00:47:51  INFO      TradingGraph: Fusion: L=0.261(csns=0.50), M=0.071(csns=1.00), S=0.070(csns=0.33), align_str=0.109
2026-04-01 00:47:52  INFO      TradingGraph: Running agents for EURGBP
2026-04-01 00:47:52  INFO      TradingGraph: Completed 15 agents
2026-04-01 00:47:52  INFO      TradingGraph: Fusing timeframe signals
2026-04-01 00:47:52  INFO      TradingGraph: Fusion: L=0.264(csns=1.00), M=0.485(csns=1.00), S=0.008(csns=0.50), align_str=0.101
2026-04-01 00:47:52  INFO      TradingRunner: Analysing EURUSD …
2026-04-01 00:47:52  INFO      TradingGraph: Running agents for EURUSD
2026-04-01 00:47:52  INFO      TradingGraph: Completed 15 agents
2026-04-01 00:47:52  INFO      TradingGraph: Fusing timeframe signals
2026-04-01 00:47:52  INFO      TradingGraph: Fusion: L=-0.333(csns=0.50), M=0.470(csns=1.00), S=0.207(csns=0.83), align_str=0.000
2026-04-01 00:47:52  INFO      TradingGraph: Aligned [counter-trend-scalp] (bullish) — proceeding [L=-0.333 M=0.470 S=0.207 breadth=-0.124]
2026-04-01 00:47:52  INFO      TradingGraph: Generating trading recipe
2026-04-01 00:47:52  INFO      TradingGraph: Generated recipe: RISKY_LONG_COUNTER_TREND_SCALP_EURUSD
2026-04-01 00:47:52  INFO      TradingGraph: Risk check passed
2026-04-01 00:47:52  INFO      TradingGraph: Creating trade plan
2026-04-01 00:47:53  INFO      TradingGraph: Confidence sizing [EURUSD]: conf=0.556 → ×0.75 (risk=$0.82)
2026-04-01 00:47:53  INFO      TradingGraph: Structure SL/TP [EURUSD] entry=1.15573 sl=1.15106 (1.50×ATR) tp=1.16413 (R:R=1.80)
2026-04-01 00:47:53  INFO      TradingGraph: Created trade plan: entry=1.1557, sl=1.1511, tp=1.1641
2026-04-01 00:47:53  INFO      TradingGraph: Executing trade for EURUSD
2026-04-01 00:47:53  INFO      MT5Executor: EURUSD: lots=0.01 (risk=$4.04)
2026-04-01 00:47:53  INFO      MT5Executor: Market order filled: ticket=56030191025 vol=0.01
2026-04-01 00:47:53  INFO      TradingGraph: Order placed: ticket=56030191025
2026-04-01 00:47:53  INFO      OrderManager: Created order order_6_20260401_004753 for EURUSD
2026-04-01 00:47:53  INFO      TradeJournal: TRADE  EURUSD           Direction.LONG  qty=0.01  entry=1.15573  sl=1.15106  tp=1.16413  ticket=56030191025
2026-04-01 00:47:53  INFO      TradingRunner: EURUSD: trade placed — daily count 6/14, next entry in 25min
2026-04-01 00:47:53  INFO      TradingRunner: Analysing USDJPY …
2026-04-01 00:47:53  INFO      TradingGraph: Running agents for USDJPY
2026-04-01 00:47:53  INFO      TradingGraph: Completed 15 agents
2026-04-01 00:47:53  INFO      TradingGraph: Fusing timeframe signals
2026-04-01 00:47:53  INFO      TradingGraph: Fusion: L=0.209(csns=0.33), M=-0.459(csns=1.00), S=-0.142(csns=0.75), align_str=0.000
2026-04-01 00:47:53  INFO      TradingGraph: Timeframes not aligned — stopping (L=0.209 M=-0.459 S=-0.142)
2026-04-01 00:47:53  INFO      TradingRunner: Analysing USDCHF …
2026-04-01 00:47:53  INFO      TradingGraph: Running agents for USDCHF
2026-04-01 00:47:53  INFO      TradingGraph: Completed 15 agents
2026-04-01 00:47:53  INFO      TradingGraph: Fusing timeframe signals
2026-04-01 00:47:53  INFO      TradingGraph: Fusion: L=0.595(csns=1.00), M=-0.158(csns=1.00), S=-0.189(csns=0.71), align_str=0.000
2026-04-01 00:47:53  INFO      TradingGraph: Timeframes not aligned — stopping (L=0.595 M=-0.158 S=-0.189)
2026-04-01 00:47:53  INFO      TradingRunner: Analysing AUDUSD …
2026-04-01 00:47:53  INFO      TradingGraph: Running agents for AUDUSD
2026-04-01 00:47:53  INFO      TradingGraph: Completed 15 agents
2026-04-01 00:47:53  INFO      TradingGraph: Fusing timeframe signals
2026-04-01 00:47:53  INFO      TradingGraph: Fusion: L=-0.002(csns=1.00), M=0.373(csns=1.00), S=0.070(csns=0.40), align_str=0.000
2026-04-01 00:47:53  INFO      TradingGraph: Timeframes not aligned — stopping (L=-0.002 M=0.373 S=0.070)
2026-04-01 00:47:53  INFO      TradingRunner: Analysing NZDUSD …
2026-04-01 00:47:53  INFO      TradingGraph: Running agents for NZDUSD
2026-04-01 00:47:53  INFO      TradingGraph: Completed 15 agents
2026-04-01 00:47:53  INFO      TradingGraph: Fusing timeframe signals
2026-04-01 00:47:53  INFO      TradingGraph: Fusion: L=-0.593(csns=1.00), M=0.291(csns=1.00), S=0.079(csns=0.33), align_str=0.000
2026-04-01 00:47:53  INFO      TradingGraph: Timeframes not aligned — stopping (L=-0.593 M=0.291 S=0.079)
2026-04-01 00:47:53  INFO      TradingRunner: Analysing US30 …
2026-04-01 00:47:53  INFO      TradingGraph: Running agents for US30
2026-04-01 00:47:53  INFO      TradingGraph: Completed 15 agents
2026-04-01 00:47:53  INFO      TradingGraph: Fusing timeframe signals
2026-04-01 00:47:53  INFO      TradingGraph: Fusion: L=-0.391(csns=1.00), M=0.397(csns=1.00), S=0.099(csns=0.75), align_str=0.000
2026-04-01 00:47:53  INFO      TradingGraph: Timeframes not aligned — stopping (L=-0.391 M=0.397 S=0.099)
2026-04-01 00:47:53  INFO      TradingRunner: Analysing US500 …
2026-04-01 00:47:53  INFO      TradingGraph: Running agents for US500
2026-04-01 00:47:53  INFO      TradingGraph: Completed 15 agents
2026-04-01 00:47:53  INFO      TradingGraph: Fusing timeframe signals
2026-04-01 00:47:53  INFO      TradingGraph: Fusion: L=-0.382(csns=1.00), M=0.471(csns=1.00), S=0.285(csns=0.75), align_str=0.000
2026-04-01 00:47:53  INFO      TradingGraph: Aligned [counter-trend-scalp] (bullish) — proceeding [L=-0.382 M=0.471 S=0.285 breadth=-0.124]
2026-04-01 00:47:53  INFO      TradingGraph: Generating trading recipe
2026-04-01 00:47:53  INFO      TradingGraph: Generated recipe: RISKY_LONG_COUNTER_TREND_SCALP_US500
2026-04-01 00:47:53  INFO      TradingGraph: Risk check passed
2026-04-01 00:47:53  INFO      TradingGraph: Creating trade plan
2026-04-01 00:47:53  INFO      TradingGraph: Confidence sizing [US500]: conf=0.565 → ×0.77 (risk=$0.84)
2026-04-01 00:47:53  INFO      TradingGraph: Structure SL/TP [US500] entry=6529.30000 sl=6449.80285 (1.50×ATR) tp=6670.33333 (R:R=1.77)
2026-04-01 00:47:53  INFO      TradingGraph: Created trade plan: entry=6529.3000, sl=6449.8000, tp=6670.3300
2026-04-01 00:47:53  INFO      TradingGraph: Executing trade for US500
2026-04-01 00:47:53  WARNING   MT5Executor: US500: trading disabled on this symbol (trade_mode=0 — may be outside market hours or broker restriction). Skipping.
2026-04-01 00:47:53  INFO      TradingGraph: Order not placed for US500 (executor returned None — see executor log for reason)
2026-04-01 00:47:53  INFO      TradingRunner: Analysing USTEC …
2026-04-01 00:47:53  INFO      TradingGraph: Running agents for USTEC
2026-04-01 00:47:53  INFO      TradingGraph: Completed 15 agents
2026-04-01 00:47:53  INFO      TradingGraph: Fusing timeframe signals
2026-04-01 00:47:53  INFO      TradingGraph: Fusion: L=-0.388(csns=1.00), M=0.636(csns=1.00), S=0.217(csns=0.75), align_str=0.000
2026-04-01 00:47:53  INFO      TradingGraph: Aligned [counter-trend-scalp] (bullish) — proceeding [L=-0.388 M=0.636 S=0.217 breadth=-0.124]
2026-04-01 00:47:53  INFO      TradingGraph: Generating trading recipe
2026-04-01 00:47:53  INFO      TradingGraph: Generated recipe: RISKY_LONG_COUNTER_TREND_SCALP_USTEC
2026-04-01 00:47:53  INFO      TradingGraph: Risk check passed
2026-04-01 00:47:53  INFO      TradingGraph: Creating trade plan
2026-04-01 00:47:53  INFO      TradingGraph: Confidence sizing [USTEC]: conf=0.635 → ×0.87 (risk=$0.95)
2026-04-01 00:47:53  INFO      TradingGraph: Structure SL/TP [USTEC] entry=23722.00000 sl=23306.83121 (1.76×ATR) tp=24859.53333 (R:R=2.74)
2026-04-01 00:47:53  INFO      TradingGraph: Created trade plan: entry=23722.0000, sl=23306.8300, tp=24859.5300
2026-04-01 00:47:53  INFO      TradingGraph: Executing trade for USTEC
2026-04-01 00:47:53  WARNING   MT5Executor: USTEC: trading disabled on this symbol (trade_mode=0 — may be outside market hours or broker restriction). Skipping.
2026-04-01 00:47:53  INFO      TradingGraph: Order not placed for USTEC (executor returned None — see executor log for reason)
2026-04-01 00:47:53  INFO      TradingRunner: Analysing DAX …
2026-04-01 00:47:53  INFO      TradingGraph: Running agents for DAX
2026-04-01 00:47:53  INFO      TradingGraph: Completed 15 agents
2026-04-01 00:47:53  INFO      TradingGraph: Fusing timeframe signals
2026-04-01 00:47:53  INFO      TradingGraph: Fusion: L=-0.027(csns=0.50), M=0.189(csns=0.50), S=0.242(csns=0.71), align_str=0.000
2026-04-01 00:47:53  INFO      TradingGraph: Timeframes not aligned — stopping (L=-0.027 M=0.189 S=0.242)
2026-04-01 00:47:53  INFO      TradingRunner: Analysing UK100 …
2026-04-01 00:47:53  INFO      TradingGraph: Running agents for UK100
2026-04-01 00:47:53  INFO      TradingGraph: Completed 15 agents
2026-04-01 00:47:53  INFO      TradingGraph: Fusing timeframe signals
2026-04-01 00:47:53  INFO      TradingGraph: Fusion: L=0.198(csns=1.00), M=0.504(csns=1.00), S=0.037(csns=0.60), align_str=0.155
2026-04-01 00:47:53  INFO      TradingGraph: Timeframes not aligned — stopping (L=0.198 M=0.504 S=0.037)
2026-04-01 00:47:53  INFO      TradingRunner: Analysing EURJPY …
2026-04-01 00:47:53  INFO      TradingGraph: Running agents for EURJPY
2026-04-01 00:47:54  INFO      TradingGraph: Completed 15 agents
2026-04-01 00:47:54  INFO      TradingGraph: Fusing timeframe signals
2026-04-01 00:47:54  INFO      TradingGraph: Fusion: L=-0.125(csns=1.00), M=-0.056(csns=1.00), S=-0.182(csns=1.00), align_str=0.109
2026-04-01 00:47:54  INFO      TradingGraph: Timeframes not aligned — stopping (L=-0.125 M=-0.056 S=-0.182)
2026-04-01 00:47:54  INFO      TradingRunner: Analysing GBPJPY …
2026-04-01 00:47:54  INFO      TradingGraph: Running agents for GBPJPY
2026-04-01 00:47:54  INFO      TradingGraph: Completed 15 agents
2026-04-01 00:47:54  INFO      TradingGraph: Fusing timeframe signals
2026-04-01 00:47:54  INFO      TradingGraph: Fusion: L=-0.002(csns=0.50), M=-0.397(csns=1.00), S=-0.289(csns=0.80), align_str=0.060
2026-04-01 00:47:54  INFO      TradingGraph: Timeframes not aligned — stopping (L=-0.002 M=-0.397 S=-0.289)
2026-04-01 00:47:54  INFO      TradingRunner: Analysing EURCHF …
2026-04-01 00:47:54  INFO      TradingGraph: Running agents for EURCHF
2026-04-01 00:47:54  INFO      TradingGraph: Completed 15 agents
2026-04-01 00:47:54  INFO      TradingGraph: Fusing timeframe signals
2026-04-01 00:47:54  INFO      TradingGraph: Fusion: L=-0.189(csns=0.50), M=0.245(csns=0.67), S=-0.134(csns=0.80), align_str=0.000
2026-04-01 00:47:54  INFO      TradingGraph: Timeframes not aligned — stopping (L=-0.189 M=0.245 S=-0.134)
2026-04-01 00:47:54  INFO      TradingRunner: Analysing CHFJPY …
2026-04-01 00:47:54  INFO      TradingGraph: Running agents for CHFJPY
2026-04-01 00:47:54  INFO      TradingGraph: Completed 15 agents
2026-04-01 00:47:54  INFO      TradingGraph: Fusing timeframe signals
2026-04-01 00:47:54  INFO      TradingGraph: Fusion: L=0.279(csns=0.50), M=-0.464(csns=1.00), S=-0.029(csns=0.50), align_str=0.000
2026-04-01 00:47:54  INFO      TradingGraph: Timeframes not aligned — stopping (L=0.279 M=-0.464 S=-0.029)
2026-04-01 00:47:54  INFO      TradingRunner: PnL — unrealized: -0.96  realized today: +0.00  total: -0.96
2026-04-01 00:47:54  INFO      TradingRunner: Signal cycle done in 5.2s — sleeping 295s
2026-04-01 00:48:50  INFO      TradingGraph: Running agents for GBPUSD
2026-04-01 00:48:50  INFO      TradingGraph: Completed 15 agents
2026-04-01 00:48:50  INFO      TradingGraph: Fusing timeframe signals
2026-04-01 00:48:50  INFO      TradingGraph: Fusion: L=-0.592(csns=1.00), M=0.090(csns=1.00), S=-0.049(csns=0.25), align_str=0.000
2026-04-01 00:48:50  INFO      TradingGraph: Running agents for USDCAD
2026-04-01 00:48:50  INFO      TradingGraph: Completed 15 agents
2026-04-01 00:48:50  INFO      TradingGraph: Fusing timeframe signals
2026-04-01 00:48:50  INFO      TradingGraph: Fusion: L=0.400(csns=0.67), M=-0.135(csns=1.00), S=-0.071(csns=0.60), align_str=0.000
2026-04-01 00:48:50  INFO      TradingGraph: Running agents for AUDJPY
2026-04-01 00:48:50  INFO      TradingGraph: Completed 15 agents
2026-04-01 00:48:50  INFO      TradingGraph: Fusing timeframe signals
2026-04-01 00:48:50  INFO      TradingGraph: Fusion: L=0.262(csns=0.50), M=0.102(csns=1.00), S=0.110(csns=0.67), align_str=0.143
2026-04-01 00:48:51  INFO      TradingGraph: Running agents for EURGBP
2026-04-01 00:48:51  INFO      TradingGraph: Completed 15 agents
2026-04-01 00:48:51  INFO      TradingGraph: Fusing timeframe signals
2026-04-01 00:48:51  INFO      TradingGraph: Fusion: L=0.264(csns=1.00), M=0.486(csns=1.00), S=0.041(csns=0.75), align_str=0.174
2026-04-01 00:48:51  INFO      TradingGraph: Running agents for EURUSD
2026-04-01 00:48:51  INFO      TradingGraph: Completed 15 agents
2026-04-01 00:48:51  INFO      TradingGraph: Fusing timeframe signals
2026-04-01 00:48:51  INFO      TradingGraph: Fusion: L=-0.333(csns=0.50), M=0.470(csns=1.00), S=0.209(csns=0.83), align_str=0.000
2026-04-01 00:49:50  INFO      TradingGraph: Running agents for GBPUSD
2026-04-01 00:49:50  INFO      TradingGraph: Completed 15 agents
2026-04-01 00:49:50  INFO      TradingGraph: Fusing timeframe signals
2026-04-01 00:49:50  INFO      TradingGraph: Fusion: L=-0.592(csns=1.00), M=0.092(csns=1.00), S=-0.048(csns=0.25), align_str=0.000
2026-04-01 00:49:50  INFO      TradingGraph: Running agents for USDCAD
2026-04-01 00:49:50  INFO      TradingGraph: Completed 15 agents
2026-04-01 00:49:50  INFO      TradingGraph: Fusing timeframe signals
2026-04-01 00:49:50  INFO      TradingGraph: Fusion: L=0.400(csns=0.67), M=-0.138(csns=1.00), S=-0.078(csns=0.60), align_str=0.000
2026-04-01 00:49:50  INFO      TradingGraph: Running agents for AUDJPY
2026-04-01 00:49:51  INFO      TradingGraph: Completed 15 agents
2026-04-01 00:49:51  INFO      TradingGraph: Fusing timeframe signals
2026-04-01 00:49:51  INFO      TradingGraph: Fusion: L=0.263(csns=0.50), M=0.110(csns=1.00), S=0.150(csns=0.75), align_str=0.163
2026-04-01 00:49:51  INFO      TradingGraph: Running agents for EURGBP
2026-04-01 00:49:51  INFO      TradingGraph: Completed 15 agents
2026-04-01 00:49:51  INFO      TradingGraph: Fusing timeframe signals
2026-04-01 00:49:51  INFO      TradingGraph: Fusion: L=0.265(csns=1.00), M=0.490(csns=1.00), S=0.076(csns=1.00), align_str=0.215
2026-04-01 00:49:51  INFO      TradingGraph: Running agents for EURUSD
2026-04-01 00:49:51  INFO      TradingGraph: Completed 15 agents
2026-04-01 00:49:51  INFO      TradingGraph: Fusing timeframe signals
2026-04-01 00:49:51  INFO      TradingGraph: Fusion: L=-0.333(csns=0.50), M=0.495(csns=1.00), S=0.291(csns=0.86), align_str=0.000
2026-04-01 00:50:22  INFO      TradingRunner: [WATCHDOG] alive | equity=128.85 | cycle=5 | profile=risky
2026-04-01 00:50:50  INFO      TradingGraph: Running agents for GBPUSD
2026-04-01 00:50:50  INFO      TradingGraph: Completed 15 agents
2026-04-01 00:50:50  INFO      TradingGraph: Fusing timeframe signals
2026-04-01 00:50:50  INFO      TradingGraph: Fusion: L=-0.592(csns=1.00), M=0.092(csns=1.00), S=-0.048(csns=0.25), align_str=0.000
2026-04-01 00:50:50  INFO      TradingGraph: Running agents for USDCAD
2026-04-01 00:50:50  INFO      TradingGraph: Completed 15 agents
2026-04-01 00:50:50  INFO      TradingGraph: Fusing timeframe signals
2026-04-01 00:50:50  INFO      TradingGraph: Fusion: L=0.400(csns=0.67), M=-0.138(csns=1.00), S=-0.078(csns=0.60), align_str=0.000
2026-04-01 00:50:50  INFO      TradingGraph: Running agents for AUDJPY
2026-04-01 00:50:50  INFO      TradingGraph: Completed 15 agents
2026-04-01 00:50:50  INFO      TradingGraph: Fusing timeframe signals
2026-04-01 00:50:50  INFO      TradingGraph: Fusion: L=0.263(csns=0.50), M=0.110(csns=1.00), S=0.151(csns=0.75), align_str=0.164
2026-04-01 00:50:51  INFO      TradingGraph: Running agents for EURGBP
2026-04-01 00:50:51  INFO      TradingGraph: Completed 15 agents
2026-04-01 00:50:51  INFO      TradingGraph: Fusing timeframe signals
2026-04-01 00:50:51  INFO      TradingGraph: Fusion: L=0.265(csns=1.00), M=0.489(csns=1.00), S=0.057(csns=0.75), align_str=0.194
2026-04-01 00:50:51  INFO      TradingGraph: Running agents for EURUSD
2026-04-01 00:50:51  INFO      TradingGraph: Completed 15 agents
2026-04-01 00:50:51  INFO      TradingGraph: Fusing timeframe signals
2026-04-01 00:50:51  INFO      TradingGraph: Fusion: L=-0.333(csns=0.50), M=0.494(csns=1.00), S=0.237(csns=0.86), align_str=0.000
2026-04-01 00:51:50  INFO      TradingGraph: Running agents for GBPUSD
2026-04-01 00:51:50  INFO      TradingGraph: Completed 15 agents
2026-04-01 00:51:50  INFO      TradingGraph: Fusing timeframe signals
2026-04-01 00:51:50  INFO      TradingGraph: Fusion: L=-0.592(csns=1.00), M=0.092(csns=1.00), S=-0.048(csns=0.25), align_str=0.000
2026-04-01 00:51:50  INFO      TradingGraph: Running agents for USDCAD
2026-04-01 00:51:50  INFO      TradingGraph: Completed 15 agents
2026-04-01 00:51:50  INFO      TradingGraph: Fusing timeframe signals
2026-04-01 00:51:50  INFO      TradingGraph: Fusion: L=0.400(csns=0.67), M=-0.138(csns=1.00), S=-0.078(csns=0.60), align_str=0.000
2026-04-01 00:51:50  INFO      TradingGraph: Running agents for AUDJPY
2026-04-01 00:51:50  INFO      TradingGraph: Completed 15 agents
2026-04-01 00:51:50  INFO      TradingGraph: Fusing timeframe signals
2026-04-01 00:51:50  INFO      TradingGraph: Fusion: L=0.263(csns=0.50), M=0.107(csns=1.00), S=0.121(csns=0.67), align_str=0.150
2026-04-01 00:51:51  INFO      TradingGraph: Running agents for EURGBP
2026-04-01 00:51:51  INFO      TradingGraph: Completed 15 agents
2026-04-01 00:51:51  INFO      TradingGraph: Fusing timeframe signals
2026-04-01 00:51:51  INFO      TradingGraph: Fusion: L=0.265(csns=1.00), M=0.489(csns=1.00), S=0.057(csns=0.75), align_str=0.194
2026-04-01 00:51:51  INFO      TradingGraph: Running agents for EURUSD
2026-04-01 00:51:51  INFO      TradingGraph: Completed 15 agents
2026-04-01 00:51:51  INFO      TradingGraph: Fusing timeframe signals
2026-04-01 00:51:51  INFO      TradingGraph: Fusion: L=-0.333(csns=0.50), M=0.474(csns=1.00), S=0.236(csns=0.86), align_str=0.000
2026-04-01 00:52:50  INFO      TradingGraph: Running agents for GBPUSD
2026-04-01 00:52:50  INFO      TradingGraph: Completed 15 agents
2026-04-01 00:52:50  INFO      TradingGraph: Fusing timeframe signals
2026-04-01 00:52:50  INFO      TradingGraph: Fusion: L=-0.592(csns=1.00), M=0.092(csns=1.00), S=-0.048(csns=0.25), align_str=0.000
2026-04-01 00:52:51  INFO      TradingGraph: Running agents for USDCAD
2026-04-01 00:52:51  INFO      TradingGraph: Completed 15 agents
2026-04-01 00:52:51  INFO      TradingGraph: Fusing timeframe signals
2026-04-01 00:52:51  INFO      TradingGraph: Fusion: L=0.400(csns=0.67), M=-0.138(csns=1.00), S=-0.076(csns=0.60), align_str=0.000
2026-04-01 00:52:52  INFO      TradingGraph: Running agents for AUDJPY
2026-04-01 00:52:52  INFO      TradingGraph: Completed 15 agents
2026-04-01 00:52:52  INFO      TradingGraph: Fusing timeframe signals
2026-04-01 00:52:52  INFO      TradingGraph: Fusion: L=0.263(csns=0.50), M=0.108(csns=1.00), S=0.121(csns=0.67), align_str=0.151
2026-04-01 00:52:53  INFO      TradingGraph: Running agents for EURGBP
2026-04-01 00:52:53  INFO      TradingGraph: Completed 15 agents
2026-04-01 00:52:53  INFO      TradingGraph: Fusing timeframe signals
2026-04-01 00:52:53  INFO      TradingGraph: Fusion: L=0.265(csns=1.00), M=0.489(csns=1.00), S=0.057(csns=0.75), align_str=0.194
2026-04-01 00:52:53  INFO      TradingGraph: Running agents for EURUSD
2026-04-01 00:52:53  INFO      TradingRunner: Analysing USDJPY …
2026-04-01 00:52:53  INFO      TradingGraph: Running agents for USDJPY
2026-04-01 00:52:53  INFO      TradingGraph: Completed 15 agents
2026-04-01 00:52:53  INFO      TradingGraph: Fusing timeframe signals
2026-04-01 00:52:53  INFO      TradingGraph: Fusion: L=-0.333(csns=0.50), M=0.474(csns=1.00), S=0.234(csns=0.86), align_str=0.000
2026-04-01 00:52:53  INFO      TradingGraph: Completed 15 agents
2026-04-01 00:52:53  INFO      TradingGraph: Fusing timeframe signals
2026-04-01 00:52:53  INFO      TradingGraph: Fusion: L=0.209(csns=0.33), M=-0.456(csns=1.00), S=-0.084(csns=0.33), align_str=0.000
2026-04-01 00:52:53  INFO      TradingGraph: Timeframes not aligned — stopping (L=0.209 M=-0.456 S=-0.084)
2026-04-01 00:52:53  INFO      TradingRunner: Analysing USDCHF …
2026-04-01 00:52:53  INFO      TradingGraph: Running agents for USDCHF
2026-04-01 00:52:53  INFO      TradingGraph: Completed 15 agents
2026-04-01 00:52:53  INFO      TradingGraph: Fusing timeframe signals
2026-04-01 00:52:53  INFO      TradingGraph: Fusion: L=0.594(csns=1.00), M=-0.161(csns=1.00), S=-0.194(csns=0.71), align_str=0.000
2026-04-01 00:52:53  INFO      TradingGraph: Timeframes not aligned — stopping (L=0.594 M=-0.161 S=-0.194)
2026-04-01 00:52:53  INFO      TradingRunner: Analysing AUDUSD …
2026-04-01 00:52:53  INFO      TradingGraph: Running agents for AUDUSD
2026-04-01 00:52:53  INFO      TradingGraph: Completed 15 agents
2026-04-01 00:52:53  INFO      TradingGraph: Fusing timeframe signals
2026-04-01 00:52:53  INFO      TradingGraph: Fusion: L=-0.001(csns=1.00), M=0.382(csns=1.00), S=0.213(csns=0.83), align_str=0.000
2026-04-01 00:52:53  INFO      TradingGraph: Timeframes not aligned — stopping (L=-0.001 M=0.382 S=0.213)
2026-04-01 00:52:53  INFO      TradingRunner: Analysing NZDUSD …
2026-04-01 00:52:53  INFO      TradingGraph: Running agents for NZDUSD
2026-04-01 00:52:53  INFO      TradingGraph: Completed 15 agents
2026-04-01 00:52:53  INFO      TradingGraph: Fusing timeframe signals
2026-04-01 00:52:53  INFO      TradingGraph: Fusion: L=-0.594(csns=1.00), M=0.293(csns=1.00), S=0.104(csns=0.50), align_str=0.000
2026-04-01 00:52:53  INFO      TradingGraph: Timeframes not aligned — stopping (L=-0.594 M=0.293 S=0.104)
2026-04-01 00:52:53  INFO      TradingRunner: Analysing US30 …
2026-04-01 00:52:53  INFO      TradingGraph: Running agents for US30
2026-04-01 00:52:53  INFO      TradingGraph: Completed 15 agents
2026-04-01 00:52:53  INFO      TradingGraph: Fusing timeframe signals
2026-04-01 00:52:53  INFO      TradingGraph: Fusion: L=-0.390(csns=1.00), M=0.393(csns=1.00), S=0.091(csns=0.75), align_str=0.000
2026-04-01 00:52:53  INFO      TradingGraph: Timeframes not aligned — stopping (L=-0.390 M=0.393 S=0.091)
2026-04-01 00:52:53  INFO      TradingRunner: Analysing US500 …
2026-04-01 00:52:53  INFO      TradingGraph: Running agents for US500
2026-04-01 00:52:53  INFO      TradingGraph: Completed 15 agents
2026-04-01 00:52:53  INFO      TradingGraph: Fusing timeframe signals
2026-04-01 00:52:53  INFO      TradingGraph: Fusion: L=-0.382(csns=1.00), M=0.469(csns=1.00), S=0.277(csns=0.75), align_str=0.000
2026-04-01 00:52:53  INFO      TradingGraph: Aligned [counter-trend-scalp] (bullish) — proceeding [L=-0.382 M=0.469 S=0.277 breadth=-0.124]
2026-04-01 00:52:53  INFO      TradingGraph: Generating trading recipe
2026-04-01 00:52:53  INFO      TradingGraph: Generated recipe: RISKY_LONG_COUNTER_TREND_SCALP_US500
2026-04-01 00:52:53  INFO      TradingGraph: Risk check passed
2026-04-01 00:52:53  INFO      TradingGraph: Creating trade plan
2026-04-01 00:52:53  INFO      TradingGraph: Confidence sizing [US500]: conf=0.565 → ×0.77 (risk=$0.84)
2026-04-01 00:52:53  INFO      TradingGraph: Structure SL/TP [US500] entry=6528.80000 sl=6449.30285 (1.50×ATR) tp=6670.33333 (R:R=1.78)
2026-04-01 00:52:53  INFO      TradingGraph: Created trade plan: entry=6528.8000, sl=6449.3000, tp=6670.3300
2026-04-01 00:52:53  INFO      TradingGraph: Executing trade for US500
2026-04-01 00:52:53  WARNING   MT5Executor: US500: trading disabled on this symbol (trade_mode=0 — may be outside market hours or broker restriction). Skipping.
2026-04-01 00:52:53  INFO      TradingGraph: Order not placed for US500 (executor returned None — see executor log for reason)
2026-04-01 00:52:53  INFO      TradingRunner: Analysing USTEC …
2026-04-01 00:52:53  INFO      TradingGraph: Running agents for USTEC
2026-04-01 00:52:54  INFO      TradingGraph: Completed 15 agents
2026-04-01 00:52:54  INFO      TradingGraph: Fusing timeframe signals
2026-04-01 00:52:54  INFO      TradingGraph: Fusion: L=-0.392(csns=1.00), M=0.545(csns=1.00), S=0.441(csns=1.00), align_str=0.000
2026-04-01 00:52:54  INFO      TradingGraph: Aligned [counter-trend-scalp] (bullish) — proceeding [L=-0.392 M=0.545 S=0.441 breadth=-0.124]
2026-04-01 00:52:54  INFO      TradingGraph: Generating trading recipe
2026-04-01 00:52:54  INFO      TradingGraph: Generated recipe: RISKY_LONG_COUNTER_TREND_SCALP_USTEC
2026-04-01 00:52:54  INFO      TradingGraph: Risk check passed
2026-04-01 00:52:54  INFO      TradingGraph: Creating trade plan
2026-04-01 00:52:54  INFO      TradingGraph: Confidence sizing [USTEC]: conf=0.634 → ×0.87 (risk=$0.95)
2026-04-01 00:52:54  INFO      TradingGraph: Structure SL/TP [USTEC] entry=23770.00000 sl=23436.05604 (1.50×ATR) tp=24439.06667 (R:R=2.00)
2026-04-01 00:52:54  INFO      TradingGraph: Created trade plan: entry=23770.0000, sl=23436.0600, tp=24439.0700
2026-04-01 00:52:54  INFO      TradingGraph: Executing trade for USTEC
2026-04-01 00:52:54  WARNING   MT5Executor: USTEC: trading disabled on this symbol (trade_mode=0 — may be outside market hours or broker restriction). Skipping.
2026-04-01 00:52:54  INFO      TradingGraph: Order not placed for USTEC (executor returned None — see executor log for reason)
2026-04-01 00:52:54  INFO      TradingRunner: Analysing DAX …
2026-04-01 00:52:54  INFO      TradingGraph: Running agents for DAX
2026-04-01 00:52:54  INFO      TradingGraph: Completed 15 agents
2026-04-01 00:52:54  INFO      TradingGraph: Fusing timeframe signals
2026-04-01 00:52:54  INFO      TradingGraph: Fusion: L=-0.027(csns=0.50), M=0.189(csns=0.50), S=0.242(csns=0.71), align_str=0.000
2026-04-01 00:52:54  INFO      TradingGraph: Timeframes not aligned — stopping (L=-0.027 M=0.189 S=0.242)
2026-04-01 00:52:54  INFO      TradingRunner: Analysing UK100 …
2026-04-01 00:52:54  INFO      TradingGraph: Running agents for UK100
2026-04-01 00:52:54  INFO      TradingGraph: Completed 15 agents
2026-04-01 00:52:54  INFO      TradingGraph: Fusing timeframe signals
2026-04-01 00:52:54  INFO      TradingGraph: Fusion: L=0.198(csns=1.00), M=0.504(csns=1.00), S=0.037(csns=0.60), align_str=0.155
2026-04-01 00:52:54  INFO      TradingGraph: Timeframes not aligned — stopping (L=0.198 M=0.504 S=0.037)
2026-04-01 00:52:54  INFO      TradingRunner: Analysing EURJPY …
2026-04-01 00:52:54  INFO      TradingGraph: Running agents for EURJPY
2026-04-01 00:52:54  INFO      TradingGraph: Completed 15 agents
2026-04-01 00:52:54  INFO      TradingGraph: Fusing timeframe signals
2026-04-01 00:52:54  INFO      TradingGraph: Fusion: L=-0.127(csns=1.00), M=-0.043(csns=1.00), S=-0.126(csns=0.75), align_str=0.088
2026-04-01 00:52:54  INFO      TradingGraph: Timeframes not aligned — stopping (L=-0.127 M=-0.043 S=-0.126)
2026-04-01 00:52:54  INFO      TradingRunner: Analysing GBPJPY …
2026-04-01 00:52:54  INFO      TradingGraph: Running agents for GBPJPY
2026-04-01 00:52:54  INFO      TradingGraph: Completed 15 agents
2026-04-01 00:52:54  INFO      TradingGraph: Fusing timeframe signals
2026-04-01 00:52:54  INFO      TradingGraph: Fusion: L=-0.002(csns=0.50), M=-0.393(csns=1.00), S=-0.246(csns=0.75), align_str=0.058
2026-04-01 00:52:54  INFO      TradingGraph: Timeframes not aligned — stopping (L=-0.002 M=-0.393 S=-0.246)
2026-04-01 00:52:54  INFO      TradingRunner: Analysing EURCHF …
2026-04-01 00:52:54  INFO      TradingGraph: Running agents for EURCHF
2026-04-01 00:52:54  INFO      TradingGraph: Completed 15 agents
2026-04-01 00:52:54  INFO      TradingGraph: Fusing timeframe signals
2026-04-01 00:52:54  INFO      TradingGraph: Fusion: L=-0.188(csns=0.50), M=0.257(csns=0.67), S=-0.120(csns=0.75), align_str=0.000
2026-04-01 00:52:54  INFO      TradingGraph: Timeframes not aligned — stopping (L=-0.188 M=0.257 S=-0.120)
2026-04-01 00:52:54  INFO      TradingRunner: Analysing CHFJPY …
2026-04-01 00:52:54  INFO      TradingGraph: Running agents for CHFJPY
2026-04-01 00:52:54  INFO      TradingGraph: Completed 15 agents
2026-04-01 00:52:54  INFO      TradingGraph: Fusing timeframe signals
2026-04-01 00:52:54  INFO      TradingGraph: Fusion: L=0.279(csns=0.50), M=-0.460(csns=1.00), S=-0.009(csns=0.33), align_str=0.000
2026-04-01 00:52:54  INFO      TradingGraph: Timeframes not aligned — stopping (L=0.279 M=-0.460 S=-0.009)
2026-04-01 00:52:54  INFO      TradingRunner: PnL — unrealized: -0.71  realized today: +0.00  total: -0.71
2026-04-01 00:52:54  INFO      TradingRunner: Signal cycle done in 5.2s — sleeping 295s
2026-04-01 00:53:50  INFO      TradingGraph: Running agents for GBPUSD
2026-04-01 00:53:50  INFO      TradingGraph: Completed 15 agents
2026-04-01 00:53:50  INFO      TradingGraph: Fusing timeframe signals
2026-04-01 00:53:50  INFO      TradingGraph: Fusion: L=-0.592(csns=1.00), M=0.092(csns=1.00), S=-0.048(csns=0.25), align_str=0.000
2026-04-01 00:53:50  INFO      TradingGraph: Running agents for USDCAD
2026-04-01 00:53:50  INFO      TradingGraph: Completed 15 agents
2026-04-01 00:53:50  INFO      TradingGraph: Fusing timeframe signals
2026-04-01 00:53:50  INFO      TradingGraph: Fusion: L=0.400(csns=0.67), M=-0.138(csns=1.00), S=-0.078(csns=0.60), align_str=0.000
2026-04-01 00:53:51  INFO      TradingGraph: Running agents for AUDJPY
2026-04-01 00:53:51  INFO      TradingGraph: Completed 15 agents
2026-04-01 00:53:51  INFO      TradingGraph: Fusing timeframe signals
2026-04-01 00:53:51  INFO      TradingGraph: Fusion: L=0.263(csns=0.50), M=0.108(csns=1.00), S=0.121(csns=0.67), align_str=0.151
2026-04-01 00:53:51  INFO      TradingGraph: Running agents for EURGBP
2026-04-01 00:53:51  INFO      TradingGraph: Completed 15 agents
2026-04-01 00:53:51  INFO      TradingGraph: Fusing timeframe signals
2026-04-01 00:53:51  INFO      TradingGraph: Fusion: L=0.264(csns=1.00), M=0.488(csns=1.00), S=0.047(csns=0.75), align_str=0.183
2026-04-01 00:53:51  INFO      TradingGraph: Running agents for EURUSD
2026-04-01 00:53:51  INFO      TradingGraph: Completed 15 agents
2026-04-01 00:53:51  INFO      TradingGraph: Fusing timeframe signals
2026-04-01 00:53:51  INFO      TradingGraph: Fusion: L=-0.333(csns=0.50), M=0.472(csns=1.00), S=0.216(csns=0.83), align_str=0.000
2026-04-01 00:54:50  INFO      TradingGraph: Running agents for GBPUSD
2026-04-01 00:54:50  INFO      TradingGraph: Completed 15 agents
2026-04-01 00:54:50  INFO      TradingGraph: Fusing timeframe signals
2026-04-01 00:54:50  INFO      TradingGraph: Fusion: L=-0.592(csns=1.00), M=0.092(csns=1.00), S=-0.048(csns=0.25), align_str=0.000
2026-04-01 00:54:50  INFO      TradingGraph: Running agents for USDCAD
2026-04-01 00:54:50  INFO      TradingGraph: Completed 15 agents
2026-04-01 00:54:50  INFO      TradingGraph: Fusing timeframe signals
2026-04-01 00:54:50  INFO      TradingGraph: Fusion: L=0.400(csns=0.67), M=-0.139(csns=1.00), S=-0.080(csns=0.60), align_str=0.000
2026-04-01 00:54:50  INFO      TradingGraph: Running agents for AUDJPY
2026-04-01 00:54:50  INFO      TradingGraph: Completed 15 agents
2026-04-01 00:54:50  INFO      TradingGraph: Fusing timeframe signals
2026-04-01 00:54:50  INFO      TradingGraph: Fusion: L=0.263(csns=0.50), M=0.110(csns=1.00), S=0.151(csns=0.75), align_str=0.164
2026-04-01 00:54:51  INFO      TradingGraph: Running agents for EURGBP
2026-04-01 00:54:51  INFO      TradingGraph: Completed 15 agents
2026-04-01 00:54:51  INFO      TradingGraph: Fusing timeframe signals
2026-04-01 00:54:51  INFO      TradingGraph: Fusion: L=0.264(csns=1.00), M=0.489(csns=1.00), S=0.053(csns=0.75), align_str=0.190
2026-04-01 00:54:51  INFO      TradingGraph: Running agents for EURUSD
2026-04-01 00:54:51  INFO      TradingGraph: Completed 15 agents
2026-04-01 00:54:51  INFO      TradingGraph: Fusing timeframe signals
2026-04-01 00:54:51  INFO      TradingGraph: Fusion: L=-0.333(csns=0.50), M=0.474(csns=1.00), S=0.236(csns=0.86), align_str=0.000
2026-04-01 00:55:50  INFO      TradingGraph: Running agents for GBPUSD
2026-04-01 00:55:50  INFO      TradingGraph: Completed 15 agents
2026-04-01 00:55:50  INFO      TradingGraph: Fusing timeframe signals
2026-04-01 00:55:50  INFO      TradingGraph: Fusion: L=-0.592(csns=1.00), M=0.092(csns=1.00), S=-0.047(csns=0.25), align_str=0.000
2026-04-01 00:55:50  INFO      TradingGraph: Running agents for USDCAD
2026-04-01 00:55:50  INFO      TradingGraph: Completed 15 agents
2026-04-01 00:55:50  INFO      TradingGraph: Fusing timeframe signals
2026-04-01 00:55:50  INFO      TradingGraph: Fusion: L=0.400(csns=0.67), M=-0.138(csns=1.00), S=-0.078(csns=0.60), align_str=0.000
2026-04-01 00:55:51  INFO      TradingGraph: Running agents for AUDJPY
2026-04-01 00:55:51  INFO      TradingGraph: Completed 15 agents
2026-04-01 00:55:51  INFO      TradingGraph: Fusing timeframe signals
2026-04-01 00:55:51  INFO      TradingGraph: Fusion: L=0.264(csns=0.50), M=0.112(csns=1.00), S=0.189(csns=1.00), align_str=0.178
2026-04-01 00:55:51  INFO      TradingGraph: Running agents for EURGBP
2026-04-01 00:55:51  INFO      TradingGraph: Completed 15 agents
2026-04-01 00:55:51  INFO      TradingGraph: Fusing timeframe signals
2026-04-01 00:55:51  INFO      TradingGraph: Fusion: L=0.264(csns=1.00), M=0.489(csns=1.00), S=0.053(csns=0.75), align_str=0.190
2026-04-01 00:55:51  INFO      TradingGraph: Running agents for EURUSD
2026-04-01 00:55:51  INFO      TradingGraph: Completed 15 agents
2026-04-01 00:55:51  INFO      TradingGraph: Fusing timeframe signals
2026-04-01 00:55:51  INFO      TradingGraph: Fusion: L=-0.333(csns=0.50), M=0.474(csns=1.00), S=0.236(csns=0.86), align_str=0.000
2026-04-01 00:56:50  INFO      TradingGraph: Running agents for GBPUSD
2026-04-01 00:56:50  INFO      TradingGraph: Completed 15 agents
2026-04-01 00:56:50  INFO      TradingGraph: Fusing timeframe signals
2026-04-01 00:56:50  INFO      TradingGraph: Fusion: L=-0.593(csns=1.00), M=0.092(csns=1.00), S=-0.047(csns=0.25), align_str=0.000
2026-04-01 00:56:50  INFO      TradingGraph: Running agents for USDCAD
2026-04-01 00:56:50  INFO      TradingGraph: Completed 15 agents
2026-04-01 00:56:50  INFO      TradingGraph: Fusing timeframe signals
2026-04-01 00:56:50  INFO      TradingGraph: Fusion: L=0.400(csns=0.67), M=-0.138(csns=1.00), S=-0.078(csns=0.60), align_str=0.000
2026-04-01 00:56:51  INFO      TradingGraph: Running agents for AUDJPY
2026-04-01 00:56:51  INFO      TradingGraph: Completed 15 agents
2026-04-01 00:56:51  INFO      TradingGraph: Fusing timeframe signals
2026-04-01 00:56:51  INFO      TradingGraph: Fusion: L=0.264(csns=0.50), M=0.118(csns=1.00), S=0.253(csns=1.00), align_str=0.199
2026-04-01 00:56:51  INFO      TradingGraph: Running agents for EURGBP
2026-04-01 00:56:51  INFO      TradingGraph: Completed 15 agents
2026-04-01 00:56:51  INFO      TradingGraph: Fusing timeframe signals
2026-04-01 00:56:51  INFO      TradingGraph: Fusion: L=0.265(csns=1.00), M=0.490(csns=1.00), S=0.069(csns=1.00), align_str=0.208
2026-04-01 00:56:51  INFO      TradingGraph: Running agents for EURUSD
2026-04-01 00:56:51  INFO      TradingGraph: Completed 15 agents
2026-04-01 00:56:51  INFO      TradingGraph: Fusing timeframe signals
2026-04-01 00:56:51  INFO      TradingGraph: Fusion: L=-0.333(csns=0.50), M=0.495(csns=1.00), S=0.293(csns=0.86), align_str=0.000
2026-04-01 00:57:50  INFO      TradingGraph: Running agents for GBPUSD
2026-04-01 00:57:51  INFO      TradingGraph: Completed 15 agents
2026-04-01 00:57:51  INFO      TradingGraph: Fusing timeframe signals
2026-04-01 00:57:51  INFO      TradingGraph: Fusion: L=-0.593(csns=1.00), M=0.099(csns=1.00), S=-0.050(csns=0.33), align_str=0.000
2026-04-01 00:57:51  INFO      TradingGraph: Running agents for USDCAD
2026-04-01 00:57:52  INFO      TradingGraph: Completed 15 agents
2026-04-01 00:57:52  INFO      TradingGraph: Fusing timeframe signals
2026-04-01 00:57:52  INFO      TradingGraph: Fusion: L=0.400(csns=0.67), M=-0.138(csns=1.00), S=-0.076(csns=0.60), align_str=0.000
2026-04-01 00:57:53  INFO      TradingGraph: Running agents for AUDJPY
2026-04-01 00:57:53  INFO      TradingGraph: Completed 15 agents
2026-04-01 00:57:53  INFO      TradingGraph: Fusing timeframe signals
2026-04-01 00:57:53  INFO      TradingGraph: Fusion: L=0.265(csns=0.50), M=0.120(csns=1.00), S=0.269(csns=1.00), align_str=0.205
2026-04-01 00:57:54  INFO      TradingGraph: Running agents for EURGBP
2026-04-01 00:57:54  INFO      TradingGraph: Completed 15 agents
2026-04-01 00:57:54  INFO      TradingGraph: Fusing timeframe signals
2026-04-01 00:57:54  INFO      TradingGraph: Fusion: L=0.265(csns=1.00), M=0.489(csns=1.00), S=0.056(csns=0.75), align_str=0.194
2026-04-01 00:57:54  INFO      TradingGraph: Running agents for EURUSD
2026-04-01 00:57:54  INFO      TradingRunner: Analysing GBPUSD …
2026-04-01 00:57:54  INFO      TradingGraph: Running agents for GBPUSD
2026-04-01 00:57:54  INFO      TradingGraph: Completed 15 agents
2026-04-01 00:57:54  INFO      TradingGraph: Fusing timeframe signals
2026-04-01 00:57:54  INFO      TradingGraph: Fusion: L=-0.333(csns=0.50), M=0.498(csns=1.00), S=0.299(csns=0.86), align_str=0.000
2026-04-01 00:57:54  INFO      TradingGraph: Completed 15 agents
2026-04-01 00:57:54  INFO      TradingGraph: Fusing timeframe signals
2026-04-01 00:57:54  INFO      TradingGraph: Fusion: L=-0.593(csns=1.00), M=0.099(csns=1.00), S=-0.050(csns=0.33), align_str=0.000
2026-04-01 00:57:54  INFO      TradingGraph: Aligned [pullback-entry] (bearish) — proceeding [L=-0.593 M=0.099 S=-0.050 breadth=-0.124]
2026-04-01 00:57:54  INFO      TradingGraph: Generating trading recipe
2026-04-01 00:57:54  INFO      TradingGraph: Generated recipe: RISKY_SHORT_PULLBACK_ENTRY_GBPUSD
2026-04-01 00:57:54  INFO      TradingGraph: Scale-in blocked for GBPUSD: existing position not in profit (P&L=-0.51)
2026-04-01 00:57:54  INFO      TradingRunner: Analysing USDJPY …
2026-04-01 00:57:54  INFO      TradingGraph: Running agents for USDJPY
2026-04-01 00:57:54  INFO      TradingGraph: Completed 15 agents
2026-04-01 00:57:54  INFO      TradingGraph: Fusing timeframe signals
2026-04-01 00:57:54  INFO      TradingGraph: Fusion: L=0.209(csns=0.33), M=-0.456(csns=1.00), S=-0.084(csns=0.33), align_str=0.000
2026-04-01 00:57:54  INFO      TradingGraph: Timeframes not aligned — stopping (L=0.209 M=-0.456 S=-0.084)
2026-04-01 00:57:54  INFO      TradingRunner: Analysing USDCHF …
2026-04-01 00:57:54  INFO      TradingGraph: Running agents for USDCHF
2026-04-01 00:57:54  INFO      TradingGraph: Completed 15 agents
2026-04-01 00:57:54  INFO      TradingGraph: Fusing timeframe signals
2026-04-01 00:57:54  INFO      TradingGraph: Fusion: L=0.594(csns=1.00), M=-0.166(csns=1.00), S=-0.223(csns=0.83), align_str=0.000
2026-04-01 00:57:54  INFO      TradingGraph: Timeframes not aligned — stopping (L=0.594 M=-0.166 S=-0.223)
2026-04-01 00:57:54  INFO      TradingRunner: Analysing AUDUSD …
2026-04-01 00:57:54  INFO      TradingGraph: Running agents for AUDUSD
2026-04-01 00:57:54  INFO      TradingGraph: Completed 15 agents
2026-04-01 00:57:54  INFO      TradingGraph: Fusing timeframe signals
2026-04-01 00:57:54  INFO      TradingGraph: Fusion: L=0.000(csns=1.00), M=0.391(csns=1.00), S=0.199(csns=0.86), align_str=0.019
2026-04-01 00:57:54  INFO      TradingGraph: Timeframes not aligned — stopping (L=0.000 M=0.391 S=0.199)
2026-04-01 00:57:54  INFO      TradingRunner: Analysing USDCAD …
2026-04-01 00:57:54  INFO      TradingGraph: Running agents for USDCAD
2026-04-01 00:57:54  INFO      TradingGraph: Completed 15 agents
2026-04-01 00:57:54  INFO      TradingGraph: Fusing timeframe signals
2026-04-01 00:57:54  INFO      TradingGraph: Fusion: L=0.400(csns=0.67), M=-0.138(csns=1.00), S=-0.076(csns=0.60), align_str=0.000
2026-04-01 00:57:54  INFO      TradingGraph: Aligned [pullback-entry] (bullish) — proceeding [L=0.400 M=-0.138 S=-0.076 breadth=-0.124]
2026-04-01 00:57:54  INFO      TradingGraph: Generating trading recipe
2026-04-01 00:57:54  INFO      TradingGraph: Generated recipe: RISKY_LONG_PULLBACK_ENTRY_USDCAD
2026-04-01 00:57:54  INFO      TradingGraph: Win probability too low: 0.459 < 0.46
2026-04-01 00:57:54  INFO      TradingRunner: Analysing NZDUSD …
2026-04-01 00:57:54  INFO      TradingGraph: Running agents for NZDUSD
2026-04-01 00:57:55  INFO      TradingGraph: Completed 15 agents
2026-04-01 00:57:55  INFO      TradingGraph: Fusing timeframe signals
2026-04-01 00:57:55  INFO      TradingGraph: Fusion: L=-0.594(csns=1.00), M=0.314(csns=1.00), S=0.220(csns=1.00), align_str=0.000
2026-04-01 00:57:55  INFO      TradingGraph: Aligned [counter-trend-scalp] (bullish) — proceeding [L=-0.594 M=0.314 S=0.220 breadth=-0.124]
2026-04-01 00:57:55  INFO      TradingGraph: Generating trading recipe
2026-04-01 00:57:55  INFO      TradingGraph: Generated recipe: RISKY_LONG_COUNTER_TREND_SCALP_NZDUSD
2026-04-01 00:57:55  INFO      TradingGraph: Expected value too low: 0.006 < 0.1
2026-04-01 00:57:55  INFO      TradingRunner: Analysing US30 …
2026-04-01 00:57:55  INFO      TradingGraph: Running agents for US30
2026-04-01 00:57:55  INFO      TradingGraph: Completed 15 agents
2026-04-01 00:57:55  INFO      TradingGraph: Fusing timeframe signals
2026-04-01 00:57:55  INFO      TradingGraph: Fusion: L=-0.390(csns=1.00), M=0.393(csns=1.00), S=0.090(csns=0.75), align_str=0.000
2026-04-01 00:57:55  INFO      TradingGraph: Timeframes not aligned — stopping (L=-0.390 M=0.393 S=0.090)
2026-04-01 00:57:55  INFO      TradingRunner: Analysing US500 …
2026-04-01 00:57:55  INFO      TradingGraph: Running agents for US500
2026-04-01 00:57:55  INFO      TradingGraph: Completed 15 agents
2026-04-01 00:57:55  INFO      TradingGraph: Fusing timeframe signals
2026-04-01 00:57:55  INFO      TradingGraph: Fusion: L=-0.382(csns=1.00), M=0.469(csns=1.00), S=0.277(csns=0.75), align_str=0.000
2026-04-01 00:57:55  INFO      TradingGraph: Aligned [counter-trend-scalp] (bullish) — proceeding [L=-0.382 M=0.469 S=0.277 breadth=-0.124]
2026-04-01 00:57:55  INFO      TradingGraph: Generating trading recipe
2026-04-01 00:57:55  INFO      TradingGraph: Generated recipe: RISKY_LONG_COUNTER_TREND_SCALP_US500
2026-04-01 00:57:55  INFO      TradingGraph: Risk check passed
2026-04-01 00:57:55  INFO      TradingGraph: Creating trade plan
2026-04-01 00:57:55  INFO      TradingGraph: Confidence sizing [US500]: conf=0.565 → ×0.77 (risk=$0.84)
2026-04-01 00:57:55  INFO      TradingGraph: Structure SL/TP [US500] entry=6528.70000 sl=6449.20285 (1.50×ATR) tp=6670.33333 (R:R=1.78)
2026-04-01 00:57:55  INFO      TradingGraph: Created trade plan: entry=6528.7000, sl=6449.2000, tp=6670.3300
2026-04-01 00:57:55  INFO      TradingGraph: Executing trade for US500
2026-04-01 00:57:55  WARNING   MT5Executor: US500: trading disabled on this symbol (trade_mode=0 — may be outside market hours or broker restriction). Skipping.
2026-04-01 00:57:55  INFO      TradingGraph: Order not placed for US500 (executor returned None — see executor log for reason)
2026-04-01 00:57:55  INFO      TradingRunner: Analysing USTEC …
2026-04-01 00:57:55  INFO      TradingGraph: Running agents for USTEC
2026-04-01 00:57:55  INFO      TradingGraph: Completed 15 agents
2026-04-01 00:57:55  INFO      TradingGraph: Fusing timeframe signals
2026-04-01 00:57:55  INFO      TradingGraph: Fusion: L=-0.392(csns=1.00), M=0.543(csns=1.00), S=0.441(csns=1.00), align_str=0.000
2026-04-01 00:57:55  INFO      TradingGraph: Aligned [counter-trend-scalp] (bullish) — proceeding [L=-0.392 M=0.543 S=0.441 breadth=-0.124]
2026-04-01 00:57:55  INFO      TradingGraph: Generating trading recipe
2026-04-01 00:57:55  INFO      TradingGraph: Generated recipe: RISKY_LONG_COUNTER_TREND_SCALP_USTEC
2026-04-01 00:57:55  INFO      TradingGraph: Risk check passed
2026-04-01 00:57:55  INFO      TradingGraph: Creating trade plan
2026-04-01 00:57:55  INFO      TradingGraph: Confidence sizing [USTEC]: conf=0.634 → ×0.87 (risk=$0.95)
2026-04-01 00:57:55  INFO      TradingGraph: Structure SL/TP [USTEC] entry=23771.50000 sl=23436.84890 (1.50×ATR) tp=24439.06667 (R:R=1.99)
2026-04-01 00:57:55  INFO      TradingGraph: Created trade plan: entry=23771.5000, sl=23436.8500, tp=24439.0700
2026-04-01 00:57:55  INFO      TradingGraph: Executing trade for USTEC
2026-04-01 00:57:55  WARNING   MT5Executor: USTEC: trading disabled on this symbol (trade_mode=0 — may be outside market hours or broker restriction). Skipping.
2026-04-01 00:57:55  INFO      TradingGraph: Order not placed for USTEC (executor returned None — see executor log for reason)
2026-04-01 00:57:55  INFO      TradingRunner: Analysing DAX …
2026-04-01 00:57:55  INFO      TradingGraph: Running agents for DAX
2026-04-01 00:57:55  INFO      TradingGraph: Completed 15 agents
2026-04-01 00:57:55  INFO      TradingGraph: Fusing timeframe signals
2026-04-01 00:57:55  INFO      TradingGraph: Fusion: L=-0.027(csns=0.50), M=0.189(csns=0.50), S=0.242(csns=0.71), align_str=0.000
2026-04-01 00:57:55  INFO      TradingGraph: Timeframes not aligned — stopping (L=-0.027 M=0.189 S=0.242)
2026-04-01 00:57:55  INFO      TradingRunner: Analysing UK100 …
2026-04-01 00:57:55  INFO      TradingGraph: Running agents for UK100
2026-04-01 00:57:55  INFO      TradingGraph: Completed 15 agents
2026-04-01 00:57:55  INFO      TradingGraph: Fusing timeframe signals
2026-04-01 00:57:55  INFO      TradingGraph: Fusion: L=0.198(csns=1.00), M=0.504(csns=1.00), S=0.037(csns=0.60), align_str=0.155
2026-04-01 00:57:55  INFO      TradingGraph: Timeframes not aligned — stopping (L=0.198 M=0.504 S=0.037)
2026-04-01 00:57:55  INFO      TradingRunner: Analysing EURJPY …
2026-04-01 00:57:55  INFO      TradingGraph: Running agents for EURJPY
2026-04-01 00:57:55  INFO      TradingGraph: Completed 15 agents
2026-04-01 00:57:55  INFO      TradingGraph: Fusing timeframe signals
2026-04-01 00:57:55  INFO      TradingGraph: Fusion: L=-0.126(csns=1.00), M=-0.038(csns=1.00), S=-0.100(csns=0.67), align_str=0.078
2026-04-01 00:57:55  INFO      TradingGraph: Timeframes not aligned — stopping (L=-0.126 M=-0.038 S=-0.100)
2026-04-01 00:57:55  INFO      TradingRunner: Analysing GBPJPY …
2026-04-01 00:57:55  INFO      TradingGraph: Running agents for GBPJPY
2026-04-01 00:57:55  INFO      TradingGraph: Completed 15 agents
2026-04-01 00:57:55  INFO      TradingGraph: Fusing timeframe signals
2026-04-01 00:57:55  INFO      TradingGraph: Fusion: L=-0.002(csns=0.50), M=-0.390(csns=1.00), S=-0.236(csns=0.75), align_str=0.056
2026-04-01 00:57:55  INFO      TradingGraph: Timeframes not aligned — stopping (L=-0.002 M=-0.390 S=-0.236)
2026-04-01 00:57:55  INFO      TradingRunner: Analysing EURCHF …
2026-04-01 00:57:55  INFO      TradingGraph: Running agents for EURCHF
2026-04-01 00:57:55  INFO      TradingGraph: Completed 15 agents
2026-04-01 00:57:55  INFO      TradingGraph: Fusing timeframe signals
2026-04-01 00:57:55  INFO      TradingGraph: Fusion: L=-0.188(csns=0.50), M=0.258(csns=0.67), S=-0.115(csns=0.75), align_str=0.000
2026-04-01 00:57:55  INFO      TradingGraph: Timeframes not aligned — stopping (L=-0.188 M=0.258 S=-0.115)
2026-04-01 00:57:55  INFO      TradingRunner: Analysing CHFJPY …
2026-04-01 00:57:55  INFO      TradingGraph: Running agents for CHFJPY
2026-04-01 00:57:55  INFO      TradingGraph: Completed 15 agents
2026-04-01 00:57:55  INFO      TradingGraph: Fusing timeframe signals
2026-04-01 00:57:55  INFO      TradingGraph: Fusion: L=0.279(csns=0.50), M=-0.425(csns=1.00), S=-0.002(csns=0.00), align_str=0.000
2026-04-01 00:57:55  INFO      TradingGraph: Timeframes not aligned — stopping (L=0.279 M=-0.425 S=-0.002)
2026-04-01 00:57:55  INFO      TradingRunner: Analysing XAGUSD …
2026-04-01 00:57:55  INFO      TradingGraph: Running agents for XAGUSD
2026-04-01 00:57:55  INFO      TradingGraph: Completed 15 agents
2026-04-01 00:57:55  INFO      TradingGraph: Fusing timeframe signals
2026-04-01 00:57:55  INFO      TradingGraph: Fusion: L=-0.162(csns=0.33), M=0.401(csns=1.00), S=0.335(csns=1.00), align_str=0.000
2026-04-01 00:57:55  INFO      TradingGraph: Timeframes not aligned — stopping (L=-0.162 M=0.401 S=0.335)
2026-04-01 00:57:56  INFO      TradingRunner: PnL — unrealized: -0.58  realized today: +0.00  total: -0.58
2026-04-01 00:57:56  INFO      TradingRunner: Signal cycle done in 6.8s — sleeping 293s
2026-04-01 00:58:50  INFO      TradingGraph: Running agents for GBPUSD
2026-04-01 00:58:50  INFO      TradingGraph: Completed 15 agents
2026-04-01 00:58:50  INFO      TradingGraph: Fusing timeframe signals
2026-04-01 00:58:50  INFO      TradingGraph: Fusion: L=-0.593(csns=1.00), M=0.092(csns=1.00), S=-0.047(csns=0.25), align_str=0.000
2026-04-01 00:58:50  INFO      TradingGraph: Running agents for USDCAD
2026-04-01 00:58:50  INFO      TradingGraph: Completed 15 agents
2026-04-01 00:58:50  INFO      TradingGraph: Fusing timeframe signals
2026-04-01 00:58:50  INFO      TradingGraph: Fusion: L=0.399(csns=0.67), M=-0.140(csns=1.00), S=-0.094(csns=0.75), align_str=0.000
2026-04-01 00:58:51  INFO      TradingGraph: Running agents for AUDJPY
2026-04-01 00:58:51  INFO      TradingGraph: Completed 15 agents
2026-04-01 00:58:51  INFO      TradingGraph: Fusing timeframe signals
2026-04-01 00:58:51  INFO      TradingGraph: Fusion: L=0.264(csns=0.50), M=0.112(csns=1.00), S=0.188(csns=1.00), align_str=0.177
2026-04-01 00:58:51  INFO      TradingGraph: Running agents for EURGBP
2026-04-01 00:58:51  INFO      TradingGraph: Completed 15 agents
2026-04-01 00:58:51  INFO      TradingGraph: Fusing timeframe signals
2026-04-01 00:58:51  INFO      TradingGraph: Fusion: L=0.265(csns=1.00), M=0.489(csns=1.00), S=0.056(csns=0.75), align_str=0.194
2026-04-01 00:58:51  INFO      TradingGraph: Running agents for EURUSD
2026-04-01 00:58:51  INFO      TradingGraph: Completed 15 agents
2026-04-01 00:58:51  INFO      TradingGraph: Fusing timeframe signals
2026-04-01 00:58:51  INFO      TradingGraph: Fusion: L=-0.333(csns=0.50), M=0.496(csns=1.00), S=0.294(csns=0.86), align_str=0.000
2026-04-01 00:59:50  INFO      TradingGraph: Running agents for GBPUSD
2026-04-01 00:59:50  INFO      TradingGraph: Completed 15 agents
2026-04-01 00:59:50  INFO      TradingGraph: Fusing timeframe signals
2026-04-01 00:59:50  INFO      TradingGraph: Fusion: L=-0.593(csns=1.00), M=0.093(csns=1.00), S=-0.046(csns=0.25), align_str=0.000
2026-04-01 00:59:50  INFO      TradingGraph: Running agents for USDCAD
2026-04-01 00:59:51  INFO      TradingGraph: Completed 15 agents
2026-04-01 00:59:51  INFO      TradingGraph: Fusing timeframe signals
2026-04-01 00:59:51  INFO      TradingGraph: Fusion: L=0.399(csns=0.67), M=-0.143(csns=1.00), S=-0.102(csns=0.75), align_str=0.000
2026-04-01 00:59:51  INFO      TradingGraph: Running agents for AUDJPY
2026-04-01 00:59:51  INFO      TradingGraph: Completed 15 agents
2026-04-01 00:59:51  INFO      TradingGraph: Fusing timeframe signals
2026-04-01 00:59:51  INFO      TradingGraph: Fusion: L=0.264(csns=0.50), M=0.112(csns=1.00), S=0.189(csns=1.00), align_str=0.178
2026-04-01 00:59:51  INFO      TradingGraph: Running agents for EURGBP
2026-04-01 00:59:51  INFO      TradingGraph: Completed 15 agents
2026-04-01 00:59:51  INFO      TradingGraph: Fusing timeframe signals
2026-04-01 00:59:51  INFO      TradingGraph: Fusion: L=0.265(csns=1.00), M=0.489(csns=1.00), S=0.056(csns=0.75), align_str=0.194
2026-04-01 00:59:51  INFO      TradingGraph: Running agents for EURUSD
2026-04-01 00:59:52  INFO      TradingGraph: Completed 15 agents
2026-04-01 00:59:52  INFO      TradingGraph: Fusing timeframe signals
2026-04-01 00:59:52  INFO      TradingGraph: Fusion: L=-0.333(csns=0.50), M=0.495(csns=1.00), S=0.291(csns=0.86), align_str=0.000
2026-04-01 01:00:50  INFO      TradingGraph: Running agents for GBPUSD
2026-04-01 01:00:50  INFO      TradingGraph: Completed 15 agents
2026-04-01 01:00:50  INFO      TradingGraph: Fusing timeframe signals
2026-04-01 01:00:50  INFO      TradingGraph: Fusion: L=-0.593(csns=1.00), M=0.097(csns=1.00), S=-0.008(csns=0.20), align_str=0.000
2026-04-01 01:00:50  INFO      TradingGraph: Running agents for USDCAD
2026-04-01 01:00:50  INFO      TradingGraph: Completed 15 agents
2026-04-01 01:00:50  INFO      TradingGraph: Fusing timeframe signals
2026-04-01 01:00:50  INFO      TradingGraph: Fusion: L=0.399(csns=0.67), M=-0.144(csns=1.00), S=-0.173(csns=1.00), align_str=0.000
2026-04-01 01:00:51  INFO      TradingGraph: Running agents for AUDJPY
2026-04-01 01:00:51  INFO      TradingGraph: Completed 15 agents
2026-04-01 01:00:51  INFO      TradingGraph: Fusing timeframe signals
2026-04-01 01:00:51  INFO      TradingGraph: Fusion: L=0.264(csns=0.50), M=0.115(csns=1.00), S=0.242(csns=1.00), align_str=0.194
2026-04-01 01:00:51  INFO      TradingGraph: Running agents for EURGBP
2026-04-01 01:00:51  INFO      TradingGraph: Completed 15 agents
2026-04-01 01:00:51  INFO      TradingGraph: Fusing timeframe signals
2026-04-01 01:00:51  INFO      TradingGraph: Fusion: L=0.265(csns=1.00), M=0.488(csns=1.00), S=0.088(csns=1.00), align_str=0.225
2026-04-01 01:00:51  INFO      TradingGraph: Running agents for EURUSD
2026-04-01 01:00:51  INFO      TradingGraph: Completed 15 agents
2026-04-01 01:00:51  INFO      TradingGraph: Fusing timeframe signals
2026-04-01 01:00:51  INFO      TradingGraph: Fusion: L=-0.333(csns=0.50), M=0.496(csns=1.00), S=0.252(csns=0.86), align_str=0.000
2026-04-01 01:00:54  INFO      TradingRunner: [WATCHDOG] alive | equity=128.76 | cycle=7 | profile=risky
2026-04-01 01:01:50  INFO      TradingGraph: Running agents for GBPUSD
2026-04-01 01:01:50  INFO      TradingGraph: Completed 15 agents
2026-04-01 01:01:50  INFO      TradingGraph: Fusing timeframe signals
2026-04-01 01:01:50  INFO      TradingGraph: Fusion: L=-0.593(csns=1.00), M=0.097(csns=1.00), S=-0.008(csns=0.20), align_str=0.000
2026-04-01 01:01:50  INFO      TradingGraph: Running agents for USDCAD
2026-04-01 01:01:51  INFO      TradingGraph: Completed 15 agents
2026-04-01 01:01:51  INFO      TradingGraph: Fusing timeframe signals
2026-04-01 01:01:51  INFO      TradingGraph: Fusion: L=0.399(csns=0.67), M=-0.140(csns=1.00), S=-0.162(csns=1.00), align_str=0.000
2026-04-01 01:01:51  INFO      TradingGraph: Running agents for AUDJPY
2026-04-01 01:01:51  INFO      TradingGraph: Completed 15 agents
2026-04-01 01:01:51  INFO      TradingGraph: Fusing timeframe signals
2026-04-01 01:01:51  INFO      TradingGraph: Fusion: L=0.263(csns=0.50), M=0.108(csns=1.00), S=0.199(csns=1.00), align_str=0.178
2026-04-01 01:01:51  INFO      TradingGraph: Running agents for EURGBP
2026-04-01 01:01:51  INFO      TradingGraph: Completed 15 agents
2026-04-01 01:01:51  INFO      TradingGraph: Fusing timeframe signals
2026-04-01 01:01:51  INFO      TradingGraph: Fusion: L=0.265(csns=1.00), M=0.489(csns=1.00), S=0.090(csns=1.00), align_str=0.227
2026-04-01 01:01:51  INFO      TradingGraph: Running agents for EURUSD
2026-04-01 01:01:52  INFO      TradingGraph: Completed 15 agents
2026-04-01 01:01:52  INFO      TradingGraph: Fusing timeframe signals
2026-04-01 01:01:52  INFO      TradingGraph: Fusion: L=-0.333(csns=0.50), M=0.495(csns=1.00), S=0.251(csns=0.86), align_str=0.000
2026-04-01 01:02:50  INFO      TradingGraph: Running agents for GBPUSD
2026-04-01 01:02:50  INFO      TradingGraph: Completed 15 agents
2026-04-01 01:02:50  INFO      TradingGraph: Fusing timeframe signals
2026-04-01 01:02:50  INFO      TradingGraph: Fusion: L=-0.593(csns=1.00), M=0.093(csns=1.00), S=-0.010(csns=0.20), align_str=0.000
2026-04-01 01:02:51  INFO      TradingGraph: Running agents for USDCAD
2026-04-01 01:02:51  INFO      TradingGraph: Completed 15 agents
2026-04-01 01:02:51  INFO      TradingGraph: Fusing timeframe signals
2026-04-01 01:02:51  INFO      TradingGraph: Fusion: L=0.399(csns=0.67), M=-0.146(csns=1.00), S=-0.178(csns=1.00), align_str=0.000
2026-04-01 01:02:51  INFO      TradingGraph: Running agents for AUDJPY
2026-04-01 01:02:52  INFO      TradingGraph: Completed 15 agents
2026-04-01 01:02:52  INFO      TradingGraph: Fusing timeframe signals
2026-04-01 01:02:52  INFO      TradingGraph: Fusion: L=0.264(csns=0.50), M=0.112(csns=1.00), S=0.235(csns=1.00), align_str=0.191
2026-04-01 01:02:52  INFO      TradingGraph: Running agents for EURGBP
2026-04-01 01:02:53  INFO      TradingGraph: Completed 15 agents
2026-04-01 01:02:53  INFO      TradingGraph: Fusing timeframe signals
2026-04-01 01:02:53  INFO      TradingGraph: Fusion: L=0.265(csns=1.00), M=0.490(csns=1.00), S=0.093(csns=1.00), align_str=0.229
2026-04-01 01:02:53  INFO      TradingGraph: Running agents for EURUSD
2026-04-01 01:02:53  INFO      TradingRunner: Analysing GBPUSD …
2026-04-01 01:02:53  INFO      TradingGraph: Running agents for GBPUSD
2026-04-01 01:02:53  INFO      TradingGraph: Completed 15 agents
2026-04-01 01:02:53  INFO      TradingGraph: Fusing timeframe signals
2026-04-01 01:02:53  INFO      TradingGraph: Fusion: L=-0.333(csns=0.50), M=0.495(csns=1.00), S=0.252(csns=0.86), align_str=0.000
2026-04-01 01:02:53  INFO      TradingGraph: Completed 15 agents
2026-04-01 01:02:53  INFO      TradingGraph: Fusing timeframe signals
2026-04-01 01:02:53  INFO      TradingGraph: Fusion: L=-0.593(csns=1.00), M=0.093(csns=1.00), S=-0.010(csns=0.20), align_str=0.000
2026-04-01 01:02:53  INFO      TradingGraph: Aligned [pullback-entry] (bearish) — proceeding [L=-0.593 M=0.093 S=-0.010 breadth=-0.124]
2026-04-01 01:02:53  INFO      TradingGraph: Generating trading recipe
2026-04-01 01:02:53  INFO      TradingGraph: Generated recipe: RISKY_SHORT_PULLBACK_ENTRY_GBPUSD
2026-04-01 01:02:53  INFO      TradingGraph: Scale-in blocked for GBPUSD: existing position not in profit (P&L=-0.44)
2026-04-01 01:02:53  INFO      TradingRunner: Analysing USDJPY …
2026-04-01 01:02:53  INFO      TradingGraph: Running agents for USDJPY
2026-04-01 01:02:53  INFO      TradingGraph: Completed 15 agents
2026-04-01 01:02:53  INFO      TradingGraph: Fusing timeframe signals
2026-04-01 01:02:53  INFO      TradingGraph: Fusion: L=0.209(csns=0.33), M=-0.457(csns=1.00), S=-0.072(csns=0.25), align_str=0.000
2026-04-01 01:02:53  INFO      TradingGraph: Timeframes not aligned — stopping (L=0.209 M=-0.457 S=-0.072)
2026-04-01 01:02:53  INFO      TradingRunner: Analysing USDCHF …
2026-04-01 01:02:53  INFO      TradingGraph: Running agents for USDCHF
2026-04-01 01:02:53  INFO      TradingGraph: Completed 15 agents
2026-04-01 01:02:53  INFO      TradingGraph: Fusing timeframe signals
2026-04-01 01:02:53  INFO      TradingGraph: Fusion: L=0.594(csns=1.00), M=-0.163(csns=1.00), S=-0.190(csns=0.71), align_str=0.000
2026-04-01 01:02:53  INFO      TradingGraph: Timeframes not aligned — stopping (L=0.594 M=-0.163 S=-0.190)
2026-04-01 01:02:53  INFO      TradingRunner: Analysing AUDUSD …
2026-04-01 01:02:53  INFO      TradingGraph: Running agents for AUDUSD
2026-04-01 01:02:53  INFO      TradingGraph: Completed 15 agents
2026-04-01 01:02:53  INFO      TradingGraph: Fusing timeframe signals
2026-04-01 01:02:53  INFO      TradingGraph: Fusion: L=-0.000(csns=1.00), M=0.385(csns=1.00), S=0.244(csns=0.86), align_str=0.000
2026-04-01 01:02:53  INFO      TradingGraph: Timeframes not aligned — stopping (L=-0.000 M=0.385 S=0.244)
2026-04-01 01:02:53  INFO      TradingRunner: Analysing USDCAD …
2026-04-01 01:02:53  INFO      TradingGraph: Running agents for USDCAD
2026-04-01 01:02:53  INFO      TradingGraph: Completed 15 agents
2026-04-01 01:02:53  INFO      TradingGraph: Fusing timeframe signals
2026-04-01 01:02:53  INFO      TradingGraph: Fusion: L=0.399(csns=0.67), M=-0.146(csns=1.00), S=-0.178(csns=1.00), align_str=0.000
2026-04-01 01:02:53  INFO      TradingGraph: Timeframes not aligned — stopping (L=0.399 M=-0.146 S=-0.178)
2026-04-01 01:02:53  INFO      TradingRunner: Analysing NZDUSD …
2026-04-01 01:02:53  INFO      TradingGraph: Running agents for NZDUSD
2026-04-01 01:02:53  INFO      TradingGraph: Completed 15 agents
2026-04-01 01:02:53  INFO      TradingGraph: Fusing timeframe signals
2026-04-01 01:02:53  INFO      TradingGraph: Fusion: L=-0.594(csns=1.00), M=0.295(csns=1.00), S=0.071(csns=0.40), align_str=0.000
2026-04-01 01:02:53  INFO      TradingGraph: Timeframes not aligned — stopping (L=-0.594 M=0.295 S=0.071)
2026-04-01 01:02:53  INFO      TradingRunner: Analysing US30 …
2026-04-01 01:02:53  INFO      TradingGraph: Running agents for US30
2026-04-01 01:02:53  INFO      TradingGraph: Completed 15 agents
2026-04-01 01:02:53  INFO      TradingGraph: Fusing timeframe signals
2026-04-01 01:02:53  INFO      TradingGraph: Fusion: L=-0.390(csns=1.00), M=0.392(csns=1.00), S=-0.010(csns=0.50), align_str=0.000
2026-04-01 01:02:53  INFO      TradingGraph: Timeframes not aligned — stopping (L=-0.390 M=0.392 S=-0.010)
2026-04-01 01:02:53  INFO      TradingRunner: Analysing US500 …
2026-04-01 01:02:53  INFO      TradingGraph: Running agents for US500
2026-04-01 01:02:53  INFO      TradingGraph: Completed 15 agents
2026-04-01 01:02:53  INFO      TradingGraph: Fusing timeframe signals
2026-04-01 01:02:53  INFO      TradingGraph: Fusion: L=-0.382(csns=1.00), M=0.469(csns=1.00), S=0.212(csns=0.75), align_str=0.000
2026-04-01 01:02:53  INFO      TradingGraph: Aligned [counter-trend-scalp] (bullish) — proceeding [L=-0.382 M=0.469 S=0.212 breadth=-0.124]
2026-04-01 01:02:53  INFO      TradingGraph: Generating trading recipe
2026-04-01 01:02:53  INFO      TradingGraph: Generated recipe: RISKY_LONG_COUNTER_TREND_SCALP_US500
2026-04-01 01:02:53  INFO      TradingGraph: Risk check passed
2026-04-01 01:02:53  INFO      TradingGraph: Creating trade plan
2026-04-01 01:02:53  INFO      TradingGraph: Confidence sizing [US500]: conf=0.565 → ×0.77 (risk=$0.84)
2026-04-01 01:02:53  INFO      TradingGraph: Structure SL/TP [US500] entry=6528.80000 sl=6449.30285 (1.50×ATR) tp=6670.33333 (R:R=1.78)
2026-04-01 01:02:53  INFO      TradingGraph: Created trade plan: entry=6528.8000, sl=6449.3000, tp=6670.3300
2026-04-01 01:02:53  INFO      TradingGraph: Executing trade for US500
2026-04-01 01:02:53  WARNING   MT5Executor: US500: trading disabled on this symbol (trade_mode=0 — may be outside market hours or broker restriction). Skipping.
2026-04-01 01:02:53  INFO      TradingGraph: Order not placed for US500 (executor returned None — see executor log for reason)
2026-04-01 01:02:53  INFO      TradingRunner: Analysing USTEC …
2026-04-01 01:02:53  INFO      TradingGraph: Running agents for USTEC
2026-04-01 01:02:53  INFO      TradingGraph: Completed 15 agents
2026-04-01 01:02:53  INFO      TradingGraph: Fusing timeframe signals
2026-04-01 01:02:53  INFO      TradingGraph: Fusion: L=-0.392(csns=1.00), M=0.541(csns=1.00), S=0.441(csns=1.00), align_str=0.000
2026-04-01 01:02:53  INFO      TradingGraph: Aligned [counter-trend-scalp] (bullish) — proceeding [L=-0.392 M=0.541 S=0.441 breadth=-0.124]
2026-04-01 01:02:53  INFO      TradingGraph: Generating trading recipe
2026-04-01 01:02:53  INFO      TradingGraph: Generated recipe: RISKY_LONG_COUNTER_TREND_SCALP_USTEC
2026-04-01 01:02:53  INFO      TradingGraph: Risk check passed
2026-04-01 01:02:53  INFO      TradingGraph: Creating trade plan
2026-04-01 01:02:53  INFO      TradingGraph: Confidence sizing [USTEC]: conf=0.634 → ×0.87 (risk=$0.95)
2026-04-01 01:02:53  INFO      TradingGraph: Structure SL/TP [USTEC] entry=23774.30000 sl=23439.52032 (1.50×ATR) tp=24439.06667 (R:R=1.99)
2026-04-01 01:02:53  INFO      TradingGraph: Created trade plan: entry=23774.3000, sl=23439.5200, tp=24439.0700
2026-04-01 01:02:53  INFO      TradingGraph: Executing trade for USTEC
2026-04-01 01:02:53  WARNING   MT5Executor: USTEC: trading disabled on this symbol (trade_mode=0 — may be outside market hours or broker restriction). Skipping.
2026-04-01 01:02:53  INFO      TradingGraph: Order not placed for USTEC (executor returned None — see executor log for reason)
2026-04-01 01:02:53  INFO      TradingRunner: Analysing DAX …
2026-04-01 01:02:53  INFO      TradingGraph: Running agents for DAX
2026-04-01 01:02:53  INFO      TradingGraph: Completed 15 agents
2026-04-01 01:02:53  INFO      TradingGraph: Fusing timeframe signals
2026-04-01 01:02:53  INFO      TradingGraph: Fusion: L=-0.027(csns=0.50), M=0.189(csns=0.50), S=0.242(csns=0.71), align_str=0.000
2026-04-01 01:02:53  INFO      TradingGraph: Timeframes not aligned — stopping (L=-0.027 M=0.189 S=0.242)
2026-04-01 01:02:53  INFO      TradingRunner: Analysing UK100 …
2026-04-01 01:02:53  INFO      TradingGraph: Running agents for UK100
2026-04-01 01:02:53  INFO      TradingGraph: Completed 15 agents
2026-04-01 01:02:53  INFO      TradingGraph: Fusing timeframe signals
2026-04-01 01:02:53  INFO      TradingGraph: Fusion: L=0.198(csns=1.00), M=0.504(csns=1.00), S=0.037(csns=0.60), align_str=0.155
2026-04-01 01:02:53  INFO      TradingGraph: Timeframes not aligned — stopping (L=0.198 M=0.504 S=0.037)
2026-04-01 01:02:53  INFO      TradingRunner: Analysing EURJPY …
2026-04-01 01:02:53  INFO      TradingGraph: Running agents for EURJPY
2026-04-01 01:02:54  INFO      TradingGraph: Completed 15 agents
2026-04-01 01:02:54  INFO      TradingGraph: Fusing timeframe signals
2026-04-01 01:02:54  INFO      TradingGraph: Fusion: L=-0.127(csns=1.00), M=-0.044(csns=1.00), S=-0.069(csns=0.50), align_str=0.073
2026-04-01 01:02:54  INFO      TradingGraph: Timeframes not aligned — stopping (L=-0.127 M=-0.044 S=-0.069)
2026-04-01 01:02:54  INFO      TradingRunner: Analysing GBPJPY …
2026-04-01 01:02:54  INFO      TradingGraph: Running agents for GBPJPY
2026-04-01 01:02:54  INFO      TradingGraph: Completed 15 agents
2026-04-01 01:02:54  INFO      TradingGraph: Fusing timeframe signals
2026-04-01 01:02:54  INFO      TradingGraph: Fusion: L=-0.002(csns=0.50), M=-0.397(csns=1.00), S=-0.076(csns=0.75), align_str=0.040
2026-04-01 01:02:54  INFO      TradingGraph: Timeframes not aligned — stopping (L=-0.002 M=-0.397 S=-0.076)
2026-04-01 01:02:54  INFO      TradingRunner: Analysing AUDJPY …
2026-04-01 01:02:54  INFO      TradingGraph: Running agents for AUDJPY
2026-04-01 01:02:54  INFO      TradingGraph: Completed 15 agents
2026-04-01 01:02:54  INFO      TradingGraph: Fusing timeframe signals
2026-04-01 01:02:54  INFO      TradingGraph: Fusion: L=0.264(csns=0.50), M=0.112(csns=1.00), S=0.235(csns=1.00), align_str=0.191
2026-04-01 01:02:54  INFO      TradingGraph: Aligned [pullback-entry] (bullish) — proceeding [L=0.264 M=0.112 S=0.235 breadth=-0.124]
2026-04-01 01:02:54  INFO      TradingGraph: Generating trading recipe
2026-04-01 01:02:54  INFO      TradingGraph: Generated recipe: RISKY_LONG_PULLBACK_ENTRY_AUDJPY
2026-04-01 01:02:54  INFO      TradingGraph: Scale-in approved for AUDJPY (1/3 positions, signal=BUY, entry=pullback-entry)
2026-04-01 01:02:54  INFO      TradingGraph: Risk check passed
2026-04-01 01:02:54  INFO      TradingGraph: Creating trade plan
2026-04-01 01:02:54  INFO      TradingGraph: Scale-in plan: risk×0.6, SL=1.0×ATR
2026-04-01 01:02:54  INFO      TradingGraph: Confidence sizing [AUDJPY]: conf=0.677 → ×0.93 (risk=$0.61)
2026-04-01 01:02:54  INFO      TradingGraph: Structure SL/TP [AUDJPY] entry=109.52700 sl=108.36842 (2.80×ATR) tp=110.79200 (R:R=1.09)
2026-04-01 01:02:54  INFO      TradingGraph: Created trade plan: entry=109.5270, sl=108.3680, tp=111.2650
2026-04-01 01:02:54  INFO      TradingGraph: Executing trade for AUDJPY
2026-04-01 01:02:54  INFO      MT5Executor: AUDJPY: lots=0.01 (risk=$6.32)
2026-04-01 01:02:54  INFO      MT5Executor: Market order filled: ticket=56030376480 vol=0.01
2026-04-01 01:02:54  INFO      TradingGraph: Order placed: ticket=56030376480
2026-04-01 01:02:54  INFO      OrderManager: Created order order_7_20260401_010254 for AUDJPY
2026-04-01 01:02:54  INFO      TradeJournal: TRADE  AUDJPY           Direction.LONG  qty=0.01  entry=109.52700  sl=108.36800  tp=111.26500  ticket=56030376480
2026-04-01 01:02:54  INFO      TradingRunner: AUDJPY: trade placed — daily count 7/14, next entry in 25min
2026-04-01 01:02:54  INFO      TradingRunner: Analysing EURGBP …
2026-04-01 01:02:54  INFO      TradingGraph: Running agents for EURGBP
2026-04-01 01:02:54  INFO      TradingGraph: Completed 15 agents
2026-04-01 01:02:54  INFO      TradingGraph: Fusing timeframe signals
2026-04-01 01:02:54  INFO      TradingGraph: Fusion: L=0.265(csns=1.00), M=0.490(csns=1.00), S=0.093(csns=1.00), align_str=0.229
2026-04-01 01:02:54  INFO      TradingGraph: Aligned [full-alignment] (bullish) — proceeding [L=0.265 M=0.490 S=0.093 breadth=-0.124]
2026-04-01 01:02:54  INFO      TradingGraph: Generating trading recipe
2026-04-01 01:02:54  INFO      TradingGraph: Generated recipe: RISKY_LONG_FULL_ALIGNMENT_EURGBP
2026-04-01 01:02:54  INFO      TradingGraph: Scale-in blocked for EURGBP: existing position not in profit (P&L=0.00)
2026-04-01 01:02:54  INFO      TradingRunner: Analysing EURCHF …
2026-04-01 01:02:54  INFO      TradingGraph: Running agents for EURCHF
2026-04-01 01:02:54  INFO      TradingGraph: Completed 15 agents
2026-04-01 01:02:54  INFO      TradingGraph: Fusing timeframe signals
2026-04-01 01:02:54  INFO      TradingGraph: Fusion: L=-0.189(csns=0.50), M=0.244(csns=0.67), S=-0.045(csns=0.25), align_str=0.000
2026-04-01 01:02:54  INFO      TradingGraph: Timeframes not aligned — stopping (L=-0.189 M=0.244 S=-0.045)
2026-04-01 01:02:54  INFO      TradingRunner: Analysing CHFJPY …
2026-04-01 01:02:54  INFO      TradingGraph: Running agents for CHFJPY
2026-04-01 01:02:54  INFO      TradingGraph: Completed 15 agents
2026-04-01 01:02:54  INFO      TradingGraph: Fusing timeframe signals
2026-04-01 01:02:54  INFO      TradingGraph: Fusion: L=0.279(csns=0.50), M=-0.460(csns=1.00), S=0.010(csns=1.00), align_str=0.000
2026-04-01 01:02:54  INFO      TradingGraph: Timeframes not aligned — stopping (L=0.279 M=-0.460 S=0.010)
2026-04-01 01:02:54  INFO      TradingRunner: Analysing XAGUSD …
2026-04-01 01:02:54  INFO      TradingGraph: Running agents for XAGUSD
2026-04-01 01:02:54  INFO      TradingGraph: Completed 15 agents
2026-04-01 01:02:54  INFO      TradingGraph: Fusing timeframe signals
2026-04-01 01:02:54  INFO      TradingGraph: Fusion: L=-0.162(csns=0.33), M=0.399(csns=1.00), S=0.334(csns=1.00), align_str=0.000
2026-04-01 01:02:54  INFO      TradingGraph: Timeframes not aligned — stopping (L=-0.162 M=0.399 S=0.334)
2026-04-01 01:02:54  INFO      TradingRunner: PnL — unrealized: -0.74  realized today: +0.00  total: -0.74
2026-04-01 01:02:54  INFO      TradingRunner: Signal cycle done in 5.3s — sleeping 295s
2026-04-01 01:03:50  INFO      TradingGraph: Running agents for GBPUSD
2026-04-01 01:03:51  INFO      TradingGraph: Completed 15 agents
2026-04-01 01:03:51  INFO      TradingGraph: Fusing timeframe signals
2026-04-01 01:03:51  INFO      TradingGraph: Fusion: L=-0.592(csns=1.00), M=0.084(csns=1.00), S=-0.032(csns=0.25), align_str=0.000
2026-04-01 01:03:51  INFO      TradingGraph: Running agents for USDCAD
2026-04-01 01:03:51  INFO      TradingGraph: Completed 15 agents
2026-04-01 01:03:51  INFO      TradingGraph: Fusing timeframe signals
2026-04-01 01:03:51  INFO      TradingGraph: Fusion: L=0.399(csns=0.67), M=-0.144(csns=1.00), S=-0.173(csns=1.00), align_str=0.000
2026-04-01 01:03:51  INFO      TradingGraph: Running agents for AUDJPY
2026-04-01 01:03:51  INFO      TradingGraph: Completed 15 agents
2026-04-01 01:03:51  INFO      TradingGraph: Fusing timeframe signals
2026-04-01 01:03:51  INFO      TradingGraph: Fusion: L=0.265(csns=0.50), M=0.122(csns=1.00), S=0.308(csns=1.00), align_str=0.215
2026-04-01 01:03:51  INFO      TradingGraph: Running agents for EURGBP
2026-04-01 01:03:52  INFO      TradingGraph: Completed 15 agents
2026-04-01 01:03:52  INFO      TradingGraph: Fusing timeframe signals
2026-04-01 01:03:52  INFO      TradingGraph: Fusion: L=0.265(csns=1.00), M=0.488(csns=1.00), S=0.088(csns=1.00), align_str=0.225
2026-04-01 01:03:52  INFO      TradingGraph: Running agents for EURUSD
2026-04-01 01:03:52  INFO      TradingGraph: Completed 15 agents
2026-04-01 01:03:52  INFO      TradingGraph: Fusing timeframe signals
2026-04-01 01:03:52  INFO      TradingGraph: Fusion: L=-0.333(csns=0.50), M=0.470(csns=1.00), S=0.247(csns=0.86), align_str=0.000
2026-04-01 01:03:52  INFO      TradingGraph: Running agents for AUDJPY
2026-04-01 01:03:52  INFO      TradingGraph: Completed 15 agents
2026-04-01 01:03:52  INFO      TradingGraph: Fusing timeframe signals
2026-04-01 01:03:52  INFO      TradingGraph: Fusion: L=0.265(csns=0.50), M=0.122(csns=1.00), S=0.307(csns=1.00), align_str=0.215
2026-04-01 01:04:50  INFO      TradingGraph: Running agents for GBPUSD
2026-04-01 01:04:50  INFO      TradingGraph: Completed 15 agents
2026-04-01 01:04:50  INFO      TradingGraph: Fusing timeframe signals
2026-04-01 01:04:50  INFO      TradingGraph: Fusion: L=-0.592(csns=1.00), M=0.082(csns=1.00), S=-0.021(csns=0.25), align_str=0.000
2026-04-01 01:04:51  INFO      TradingGraph: Running agents for USDCAD
2026-04-01 01:04:51  INFO      TradingGraph: Completed 15 agents
2026-04-01 01:04:51  INFO      TradingGraph: Fusing timeframe signals
2026-04-01 01:04:51  INFO      TradingGraph: Fusion: L=0.399(csns=0.67), M=-0.144(csns=1.00), S=-0.173(csns=1.00), align_str=0.000
2026-04-01 01:04:51  INFO      TradingGraph: Running agents for AUDJPY
2026-04-01 01:04:51  INFO      TradingGraph: Completed 15 agents
2026-04-01 01:04:51  INFO      TradingGraph: Fusing timeframe signals
2026-04-01 01:04:51  INFO      TradingGraph: Fusion: L=0.266(csns=0.50), M=0.131(csns=1.00), S=0.248(csns=0.83), align_str=0.205
2026-04-01 01:04:51  INFO      TradingGraph: Running agents for EURGBP
2026-04-01 01:04:51  INFO      TradingGraph: Completed 15 agents
2026-04-01 01:04:51  INFO      TradingGraph: Fusing timeframe signals
2026-04-01 01:04:51  INFO      TradingGraph: Fusion: L=0.265(csns=1.00), M=0.489(csns=1.00), S=0.096(csns=1.00), align_str=0.232
2026-04-01 01:04:52  INFO      TradingGraph: Running agents for EURUSD
2026-04-01 01:04:52  INFO      TradingGraph: Completed 15 agents
2026-04-01 01:04:52  INFO      TradingGraph: Fusing timeframe signals
2026-04-01 01:04:52  INFO      TradingGraph: Fusion: L=-0.333(csns=0.50), M=0.468(csns=1.00), S=0.237(csns=0.83), align_str=0.000
2026-04-01 01:04:52  INFO      TradingGraph: Running agents for AUDJPY
2026-04-01 01:04:52  INFO      TradingGraph: Completed 15 agents
2026-04-01 01:04:52  INFO      TradingGraph: Fusing timeframe signals
2026-04-01 01:04:52  INFO      TradingGraph: Fusion: L=0.266(csns=0.50), M=0.130(csns=1.00), S=0.247(csns=0.83), align_str=0.204
2026-04-01 08:40:48  INFO      TradingGraph: Running agents for GBPUSD
2026-04-01 08:40:48  INFO      TradingGraph: Completed 15 agents
2026-04-01 08:40:48  INFO      TradingGraph: Fusing timeframe signals
2026-04-01 08:40:48  INFO      TradingGraph: Fusion: L=-0.574(csns=1.00), M=0.522(csns=1.00), S=0.141(csns=0.71), align_str=0.000
2026-04-01 08:40:49  INFO      TradingGraph: Running agents for USDCAD
2026-04-01 08:40:49  INFO      TradingGraph: Completed 15 agents
2026-04-01 08:40:49  INFO      TradingGraph: Fusing timeframe signals
2026-04-01 08:40:49  INFO      TradingGraph: Fusion: L=0.364(csns=0.67), M=-0.259(csns=1.00), S=-0.011(csns=0.71), align_str=0.000
2026-04-01 08:40:49  INFO      TradingGraph: Running agents for AUDJPY
2026-04-01 08:40:49  INFO      TradingGraph: Completed 15 agents
2026-04-01 08:40:49  INFO      TradingGraph: Fusing timeframe signals
2026-04-01 08:40:49  INFO      TradingGraph: Fusion: L=0.484(csns=1.00), M=0.200(csns=1.00), S=0.218(csns=1.00), align_str=0.276
2026-04-01 08:40:50  INFO      TradingGraph: Running agents for EURGBP
2026-04-01 08:40:50  INFO      TradingGraph: Completed 15 agents
2026-04-01 08:40:50  INFO      TradingGraph: Fusing timeframe signals
2026-04-01 08:40:50  INFO      TradingGraph: Fusion: L=0.167(csns=1.00), M=0.092(csns=0.50), S=0.052(csns=0.43), align_str=0.093
2026-04-01 08:40:50  INFO      TradingGraph: Running agents for EURUSD
2026-04-01 08:40:50  INFO      TradingGraph: Completed 15 agents
2026-04-01 08:40:50  INFO      TradingGraph: Fusing timeframe signals
2026-04-01 08:40:50  INFO      TradingGraph: Fusion: L=-0.344(csns=0.50), M=0.557(csns=1.00), S=0.179(csns=0.83), align_str=0.000
2026-04-01 08:40:50  INFO      TradingRunner: EXIT [EURUSD #56030191025 BUY  pnl=+2.10] — time-stop(CT): open 4.9h >= 4h limit  pnl=+2.10
2026-04-01 08:40:50  INFO      MT5Executor: Position 56030191025 closed
2026-04-01 08:40:51  INFO      TradingGraph: Running agents for AUDJPY
2026-04-01 08:40:51  INFO      TradingGraph: Completed 15 agents
2026-04-01 08:40:51  INFO      TradingGraph: Fusing timeframe signals
2026-04-01 08:40:51  INFO      TradingGraph: Fusion: L=0.484(csns=1.00), M=0.199(csns=1.00), S=0.216(csns=1.00), align_str=0.275
2026-04-01 08:41:47  INFO      TradingGraph: Running agents for GBPUSD
2026-04-01 08:41:47  INFO      TradingGraph: Completed 15 agents
2026-04-01 08:41:47  INFO      TradingGraph: Fusing timeframe signals
2026-04-01 08:41:47  INFO      TradingGraph: Fusion: L=-0.574(csns=1.00), M=0.528(csns=1.00), S=0.127(csns=0.71), align_str=0.000
2026-04-01 08:41:47  INFO      TradingGraph: Running agents for USDCAD
2026-04-01 08:41:48  INFO      TradingGraph: Completed 15 agents
2026-04-01 08:41:48  INFO      TradingGraph: Fusing timeframe signals
2026-04-01 08:41:48  INFO      TradingGraph: Fusion: L=0.364(csns=0.67), M=-0.254(csns=1.00), S=-0.010(csns=0.71), align_str=0.000
2026-04-01 08:41:48  INFO      TradingGraph: Running agents for AUDJPY
2026-04-01 08:41:48  INFO      TradingGraph: Completed 15 agents
2026-04-01 08:41:48  INFO      TradingGraph: Fusing timeframe signals
2026-04-01 08:41:48  INFO      TradingGraph: Fusion: L=0.486(csns=1.00), M=0.217(csns=1.00), S=0.214(csns=0.80), align_str=0.283
2026-04-01 08:41:48  INFO      TradingGraph: Running agents for EURGBP
2026-04-01 08:41:48  INFO      TradingGraph: Completed 15 agents
2026-04-01 08:41:48  INFO      TradingGraph: Fusing timeframe signals
2026-04-01 08:41:48  INFO      TradingGraph: Fusion: L=0.164(csns=1.00), M=0.079(csns=0.50), S=0.058(csns=0.43), align_str=0.091
2026-04-01 08:41:49  INFO      TradingGraph: Running agents for AUDJPY
2026-04-01 08:41:49  INFO      TradingGraph: Completed 15 agents
2026-04-01 08:41:49  INFO      TradingGraph: Fusing timeframe signals
2026-04-01 08:41:49  INFO      TradingGraph: Fusion: L=0.486(csns=1.00), M=0.216(csns=1.00), S=0.212(csns=0.80), align_str=0.281
2026-04-01 08:41:51  INFO      TradingRunner: [WATCHDOG] alive | equity=125.64 | cycle=8 | profile=risky
2026-04-01 08:42:46  INFO      TradingRunner: New trading day 2026-04-01 — start-of-day equity: 125.52
2026-04-01 08:42:47  INFO      TradingGraph: Running agents for GBPUSD
2026-04-01 08:42:47  INFO      TradingGraph: Completed 15 agents
2026-04-01 08:42:47  INFO      TradingGraph: Fusing timeframe signals
2026-04-01 08:42:47  INFO      TradingGraph: Fusion: L=-0.575(csns=1.00), M=0.540(csns=1.00), S=0.127(csns=0.71), align_str=0.000
2026-04-01 08:42:48  INFO      TradingGraph: Running agents for USDCAD
2026-04-01 08:42:49  INFO      TradingGraph: Completed 15 agents
2026-04-01 08:42:49  INFO      TradingGraph: Fusing timeframe signals
2026-04-01 08:42:49  INFO      TradingGraph: Fusion: L=0.365(csns=0.67), M=-0.263(csns=1.00), S=-0.011(csns=0.71), align_str=0.000
2026-04-01 08:42:49  INFO      TradingGraph: Running agents for AUDJPY
2026-04-01 08:42:50  INFO      TradingGraph: Completed 15 agents
2026-04-01 08:42:50  INFO      TradingGraph: Fusing timeframe signals
2026-04-01 08:42:50  INFO      TradingGraph: Fusion: L=0.487(csns=1.00), M=0.234(csns=1.00), S=0.256(csns=0.83), align_str=0.308
2026-04-01 08:42:51  INFO      TradingGraph: Running agents for EURGBP
2026-04-01 08:42:51  INFO      TradingGraph: Completed 15 agents
2026-04-01 08:42:51  INFO      TradingGraph: Fusing timeframe signals
2026-04-01 08:42:51  INFO      TradingGraph: Fusion: L=0.164(csns=1.00), M=0.073(csns=0.50), S=0.058(csns=0.43), align_str=0.089
2026-04-01 08:42:51  INFO      TradingGraph: Running agents for AUDJPY
2026-04-01 08:42:51  INFO      TradingRunner: Analysing EURUSD …
2026-04-01 08:42:51  INFO      NewsCalendar: [NEWS] Loaded 12 high-impact events (source: ForexFactory)
2026-04-01 08:42:51  INFO      TradingGraph: Running agents for EURUSD
2026-04-01 08:42:51  INFO      TradingGraph: Completed 15 agents
2026-04-01 08:42:51  INFO      TradingGraph: Fusing timeframe signals
2026-04-01 08:42:51  INFO      TradingGraph: Fusion: L=0.487(csns=1.00), M=0.237(csns=1.00), S=0.257(csns=0.83), align_str=0.309
2026-04-01 08:42:51  INFO      TradingGraph: Completed 15 agents
2026-04-01 08:42:51  INFO      TradingGraph: Fusing timeframe signals
2026-04-01 08:42:51  INFO      TradingGraph: Fusion: L=-0.344(csns=0.50), M=0.523(csns=1.00), S=0.170(csns=0.83), align_str=0.000
2026-04-01 08:42:51  INFO      TradingGraph: Aligned [counter-trend-scalp] (bullish) — proceeding [L=-0.344 M=0.523 S=0.170 breadth=-0.124]
2026-04-01 08:42:51  INFO      TradingGraph: Generating trading recipe
2026-04-01 08:42:51  INFO      TradingGraph: Generated recipe: RISKY_LONG_COUNTER_TREND_SCALP_EURUSD
2026-04-01 08:42:51  INFO      TradingGraph: Risk check passed
2026-04-01 08:42:51  INFO      TradingGraph: Creating trade plan
2026-04-01 08:42:52  INFO      TradingGraph: Confidence sizing [EURUSD]: conf=0.532 → ×0.72 (risk=$0.77)
2026-04-01 08:42:52  INFO      TradingGraph: Structure SL/TP [EURUSD] entry=1.15863 sl=1.15342 (1.65×ATR) tp=1.17300 (R:R=2.76)
2026-04-01 08:42:52  INFO      TradingGraph: Created trade plan: entry=1.1586, sl=1.1534, tp=1.1730
2026-04-01 08:42:52  INFO      TradingGraph: Executing trade for EURUSD
2026-04-01 08:42:52  INFO      MT5Executor: EURUSD: lots=0.01 (risk=$4.50)
2026-04-01 08:42:52  INFO      MT5Executor: Market order filled: ticket=56036307276 vol=0.01
2026-04-01 08:42:52  INFO      TradingGraph: Order placed: ticket=56036307276
2026-04-01 08:42:52  INFO      OrderManager: Created order order_8_20260401_084252 for EURUSD
2026-04-01 08:42:52  INFO      TradeJournal: TRADE  EURUSD           Direction.LONG  qty=0.01  entry=1.15863  sl=1.15342  tp=1.17300  ticket=56036307276
2026-04-01 08:42:52  INFO      TradingRunner: EURUSD: trade placed — daily count 1/14, next entry in 25min
2026-04-01 08:42:52  INFO      TradingRunner: Analysing GBPUSD …
2026-04-01 08:42:52  INFO      TradingGraph: Running agents for GBPUSD
2026-04-01 08:42:52  INFO      TradingGraph: Completed 15 agents
2026-04-01 08:42:52  INFO      TradingGraph: Fusing timeframe signals
2026-04-01 08:42:52  INFO      TradingGraph: Fusion: L=-0.575(csns=1.00), M=0.540(csns=1.00), S=0.127(csns=0.71), align_str=0.000
2026-04-01 08:42:52  INFO      TradingGraph: Timeframes not aligned — stopping (L=-0.575 M=0.540 S=0.127)
2026-04-01 08:42:52  INFO      TradingRunner: Analysing USDJPY …
2026-04-01 08:42:52  INFO      TradingGraph: Running agents for USDJPY
2026-04-01 08:42:52  INFO      TradingGraph: Completed 15 agents
2026-04-01 08:42:52  INFO      TradingGraph: Fusing timeframe signals
2026-04-01 08:42:52  INFO      TradingGraph: Fusion: L=0.222(csns=0.33), M=-0.575(csns=1.00), S=-0.099(csns=0.71), align_str=0.000
2026-04-01 08:42:52  INFO      TradingGraph: Timeframes not aligned — stopping (L=0.222 M=-0.575 S=-0.099)
2026-04-01 08:42:52  INFO      TradingRunner: Analysing USDCHF …
2026-04-01 08:42:52  INFO      TradingGraph: Running agents for USDCHF
2026-04-01 08:42:52  INFO      TradingGraph: Completed 15 agents
2026-04-01 08:42:52  INFO      TradingGraph: Fusing timeframe signals
2026-04-01 08:42:52  INFO      TradingGraph: Fusion: L=0.532(csns=1.00), M=-0.484(csns=1.00), S=-0.077(csns=0.71), align_str=0.000
2026-04-01 08:42:52  INFO      TradingGraph: Timeframes not aligned — stopping (L=0.532 M=-0.484 S=-0.077)
2026-04-01 08:42:52  INFO      TradingRunner: Analysing AUDUSD …
2026-04-01 08:42:52  INFO      TradingGraph: Running agents for AUDUSD
2026-04-01 08:42:52  INFO      TradingGraph: Completed 15 agents
2026-04-01 08:42:52  INFO      TradingGraph: Fusing timeframe signals
2026-04-01 08:42:52  INFO      TradingGraph: Fusion: L=0.018(csns=1.00), M=0.484(csns=1.00), S=0.250(csns=0.71), align_str=0.129
2026-04-01 08:42:52  INFO      TradingGraph: Timeframes not aligned — stopping (L=0.018 M=0.484 S=0.250)
2026-04-01 08:42:52  INFO      TradingRunner: Analysing USDCAD …
2026-04-01 08:42:52  INFO      TradingGraph: Running agents for USDCAD
2026-04-01 08:42:53  INFO      TradingGraph: Completed 15 agents
2026-04-01 08:42:53  INFO      TradingGraph: Fusing timeframe signals
2026-04-01 08:42:53  INFO      TradingGraph: Fusion: L=0.365(csns=0.67), M=-0.263(csns=1.00), S=-0.011(csns=0.71), align_str=0.000
2026-04-01 08:42:53  INFO      TradingGraph: Timeframes not aligned — stopping (L=0.365 M=-0.263 S=-0.011)
2026-04-01 08:42:53  INFO      TradingRunner: Analysing NZDUSD …
2026-04-01 08:42:53  INFO      TradingGraph: Running agents for NZDUSD
2026-04-01 08:42:53  INFO      TradingGraph: Completed 15 agents
2026-04-01 08:42:53  INFO      TradingGraph: Fusing timeframe signals
2026-04-01 08:42:53  INFO      TradingGraph: Fusion: L=-0.574(csns=1.00), M=0.523(csns=1.00), S=0.123(csns=0.67), align_str=0.000
2026-04-01 08:42:53  INFO      TradingGraph: Timeframes not aligned — stopping (L=-0.574 M=0.523 S=0.123)
2026-04-01 08:42:53  INFO      TradingRunner: Analysing US30 …
2026-04-01 08:42:53  INFO      TradingGraph: Running agents for US30
2026-04-01 08:42:53  INFO      TradingGraph: Completed 15 agents
2026-04-01 08:42:53  INFO      TradingGraph: Fusing timeframe signals
2026-04-01 08:42:53  INFO      TradingGraph: Fusion: L=-0.389(csns=1.00), M=0.391(csns=1.00), S=0.205(csns=0.67), align_str=0.000
2026-04-01 08:42:53  INFO      TradingGraph: Aligned [counter-trend-scalp] (bullish) — proceeding [L=-0.389 M=0.391 S=0.205 breadth=-0.124]
2026-04-01 08:42:53  INFO      TradingGraph: Generating trading recipe
2026-04-01 08:42:53  INFO      TradingGraph: Generated recipe: RISKY_LONG_COUNTER_TREND_SCALP_US30
2026-04-01 08:42:53  INFO      TradingGraph: Risk check passed
2026-04-01 08:42:53  INFO      TradingGraph: Creating trade plan
2026-04-01 08:42:53  INFO      TradingGraph: Confidence sizing [US30]: conf=0.508 → ×0.68 (risk=$0.73)
2026-04-01 08:42:53  INFO      TradingGraph: Structure SL/TP [US30] entry=46652.20000 sl=45863.88158 (2.16×ATR) tp=47889.86667 (R:R=1.57)
2026-04-01 08:42:53  INFO      TradingGraph: Created trade plan: entry=46652.2000, sl=45863.8800, tp=47889.8700
2026-04-01 08:42:53  INFO      TradingGraph: Executing trade for US30
2026-04-01 08:42:53  WARNING   MT5Executor: US30: trading disabled on this symbol (trade_mode=0 — may be outside market hours or broker restriction). Skipping.
2026-04-01 08:42:53  INFO      TradingGraph: Order not placed for US30 (executor returned None — see executor log for reason)
2026-04-01 08:42:53  INFO      TradingRunner: Analysing US500 …
2026-04-01 08:42:53  INFO      TradingGraph: Running agents for US500
2026-04-01 08:42:53  INFO      TradingGraph: Completed 15 agents
2026-04-01 08:42:53  INFO      TradingGraph: Fusing timeframe signals
2026-04-01 08:42:53  INFO      TradingGraph: Fusion: L=-0.375(csns=1.00), M=0.468(csns=1.00), S=0.247(csns=0.67), align_str=0.000
2026-04-01 08:42:53  INFO      TradingGraph: Aligned [counter-trend-scalp] (bullish) — proceeding [L=-0.375 M=0.468 S=0.247 breadth=-0.124]
2026-04-01 08:42:53  INFO      TradingGraph: Generating trading recipe
2026-04-01 08:42:53  INFO      TradingGraph: Generated recipe: RISKY_LONG_COUNTER_TREND_SCALP_US500
2026-04-01 08:42:53  INFO      TradingGraph: Risk check passed
2026-04-01 08:42:53  INFO      TradingGraph: Creating trade plan
2026-04-01 08:42:54  INFO      TradingGraph: Confidence sizing [US500]: conf=0.566 → ×0.77 (risk=$0.82)
2026-04-01 08:42:54  INFO      TradingGraph: Structure SL/TP [US500] entry=6577.80000 sl=6477.31714 (1.90×ATR) tp=6670.33333 (R:R=0.92)
2026-04-01 08:42:54  INFO      TradingGraph: Created trade plan: entry=6577.8000, sl=6477.3200, tp=6728.5200
2026-04-01 08:42:54  INFO      TradingGraph: Executing trade for US500
2026-04-01 08:42:54  WARNING   MT5Executor: US500: trading disabled on this symbol (trade_mode=0 — may be outside market hours or broker restriction). Skipping.
2026-04-01 08:42:54  INFO      TradingGraph: Order not placed for US500 (executor returned None — see executor log for reason)
2026-04-01 08:42:54  INFO      TradingRunner: Analysing USTEC …
2026-04-01 08:42:54  INFO      TradingGraph: Running agents for USTEC
2026-04-01 08:42:54  INFO      TradingGraph: Completed 15 agents
2026-04-01 08:42:54  INFO      TradingGraph: Fusing timeframe signals
2026-04-01 08:42:54  INFO      TradingGraph: Fusion: L=-0.378(csns=1.00), M=0.528(csns=1.00), S=0.342(csns=0.80), align_str=0.000
2026-04-01 08:42:54  INFO      TradingGraph: Aligned [counter-trend-scalp] (bullish) — proceeding [L=-0.378 M=0.528 S=0.342 breadth=-0.124]
2026-04-01 08:42:54  INFO      TradingGraph: Generating trading recipe
2026-04-01 08:42:54  INFO      TradingGraph: Generated recipe: RISKY_LONG_COUNTER_TREND_SCALP_USTEC
2026-04-01 08:42:54  INFO      TradingGraph: Risk check passed
2026-04-01 08:42:54  INFO      TradingGraph: Creating trade plan
2026-04-01 08:42:54  INFO      TradingGraph: Confidence sizing [USTEC]: conf=0.632 → ×0.87 (risk=$0.92)
2026-04-01 08:42:54  INFO      TradingGraph: Structure SL/TP [USTEC] entry=23981.50000 sl=23557.48608 (1.97×ATR) tp=25157.13333 (R:R=2.77)
2026-04-01 08:42:54  INFO      TradingGraph: Created trade plan: entry=23981.5000, sl=23557.4900, tp=25157.1300
2026-04-01 08:42:54  INFO      TradingGraph: Executing trade for USTEC
2026-04-01 08:42:54  WARNING   MT5Executor: USTEC: trading disabled on this symbol (trade_mode=0 — may be outside market hours or broker restriction). Skipping.
2026-04-01 08:42:54  INFO      TradingGraph: Order not placed for USTEC (executor returned None — see executor log for reason)
2026-04-01 08:42:54  INFO      TradingRunner: Analysing DAX …
2026-04-01 08:42:54  INFO      TradingGraph: Running agents for DAX
2026-04-01 08:42:54  INFO      TradingGraph: Completed 15 agents
2026-04-01 08:42:54  INFO      TradingGraph: Fusing timeframe signals
2026-04-01 08:42:54  INFO      TradingGraph: Fusion: L=-0.076(csns=1.00), M=0.189(csns=0.50), S=0.242(csns=0.71), align_str=0.000
2026-04-01 08:42:54  INFO      TradingGraph: Timeframes not aligned — stopping (L=-0.076 M=0.189 S=0.242)
2026-04-01 08:42:54  INFO      TradingRunner: Analysing UK100 …
2026-04-01 08:42:54  INFO      TradingGraph: Running agents for UK100
2026-04-01 08:42:54  INFO      TradingGraph: Completed 15 agents
2026-04-01 08:42:54  INFO      TradingGraph: Fusing timeframe signals
2026-04-01 08:42:54  INFO      TradingGraph: Fusion: L=0.167(csns=1.00), M=0.470(csns=1.00), S=0.061(csns=0.75), align_str=0.168
2026-04-01 08:42:54  INFO      TradingGraph: Timeframes not aligned — stopping (L=0.167 M=0.470 S=0.061)
2026-04-01 08:42:54  INFO      TradingRunner: Analysing EURJPY …
2026-04-01 08:42:54  INFO      TradingGraph: Running agents for EURJPY
2026-04-01 08:42:54  INFO      TradingGraph: Completed 15 agents
2026-04-01 08:42:54  INFO      TradingGraph: Fusing timeframe signals
2026-04-01 08:42:54  INFO      TradingGraph: Fusion: L=-0.077(csns=0.50), M=0.139(csns=1.00), S=0.020(csns=0.40), align_str=0.000
2026-04-01 08:42:54  INFO      TradingGraph: Timeframes not aligned — stopping (L=-0.077 M=0.139 S=0.020)
2026-04-01 08:42:54  INFO      TradingRunner: Analysing GBPJPY …
2026-04-01 08:42:54  INFO      TradingGraph: Running agents for GBPJPY
2026-04-01 08:42:54  INFO      TradingGraph: Completed 15 agents
2026-04-01 08:42:54  INFO      TradingGraph: Fusing timeframe signals
2026-04-01 08:42:54  INFO      TradingGraph: Fusion: L=0.045(csns=0.50), M=0.019(csns=0.50), S=0.241(csns=1.00), align_str=0.059
2026-04-01 08:42:54  INFO      TradingGraph: Timeframes not aligned — stopping (L=0.045 M=0.019 S=0.241)
2026-04-01 08:42:54  INFO      TradingRunner: Analysing AUDJPY …
2026-04-01 08:42:54  INFO      TradingGraph: Running agents for AUDJPY
2026-04-01 08:42:54  INFO      TradingGraph: Completed 15 agents
2026-04-01 08:42:54  INFO      TradingGraph: Fusing timeframe signals
2026-04-01 08:42:54  INFO      TradingGraph: Fusion: L=0.487(csns=1.00), M=0.234(csns=1.00), S=0.255(csns=0.83), align_str=0.307
2026-04-01 08:42:54  INFO      TradingGraph: Aligned [full-alignment] (bullish) — proceeding [L=0.487 M=0.234 S=0.255 breadth=-0.124]
2026-04-01 08:42:54  INFO      TradingGraph: Generating trading recipe
2026-04-01 08:42:54  INFO      TradingGraph: Generated recipe: RISKY_LONG_FULL_ALIGNMENT_AUDJPY
2026-04-01 08:42:54  INFO      TradingGraph: Scale-in approved for AUDJPY (2/3 positions, signal=BUY, entry=full-alignment)
2026-04-01 08:42:54  INFO      TradingGraph: Pivot guard: resistance 0.23×ATR away — rejecting LONG (buffer=0.5)
2026-04-01 08:42:54  INFO      TradingRunner: Analysing EURGBP …
2026-04-01 08:42:54  INFO      TradingGraph: Running agents for EURGBP
2026-04-01 08:42:55  INFO      TradingGraph: Completed 15 agents
2026-04-01 08:42:55  INFO      TradingGraph: Fusing timeframe signals
2026-04-01 08:42:55  INFO      TradingGraph: Fusion: L=0.164(csns=1.00), M=0.072(csns=0.50), S=0.058(csns=0.43), align_str=0.088
2026-04-01 08:42:55  INFO      TradingGraph: Timeframes not aligned — stopping (L=0.164 M=0.072 S=0.058)
2026-04-01 08:42:55  INFO      TradingRunner: Analysing EURCHF …
2026-04-01 08:42:55  INFO      TradingGraph: Running agents for EURCHF
2026-04-01 08:42:55  INFO      TradingGraph: Completed 15 agents
2026-04-01 08:42:55  INFO      TradingGraph: Fusing timeframe signals
2026-04-01 08:42:55  INFO      TradingGraph: Fusion: L=-0.231(csns=0.50), M=0.094(csns=0.75), S=-0.102(csns=0.71), align_str=0.000
2026-04-01 08:42:55  INFO      TradingGraph: Aligned [pullback-entry] (bearish) — proceeding [L=-0.231 M=0.094 S=-0.102 breadth=-0.124]
2026-04-01 08:42:55  INFO      TradingGraph: Generating trading recipe
2026-04-01 08:42:55  INFO      TradingGraph: Generated recipe: RISKY_SHORT_PULLBACK_ENTRY_EURCHF
2026-04-01 08:42:55  INFO      TradingGraph: Pivot guard: support 0.14×ATR away — rejecting SHORT (buffer=0.5)
2026-04-01 08:42:55  INFO      TradingRunner: Analysing CHFJPY …
2026-04-01 08:42:55  INFO      TradingGraph: Running agents for CHFJPY
2026-04-01 08:42:55  INFO      TradingGraph: Completed 15 agents
2026-04-01 08:42:55  INFO      TradingGraph: Fusing timeframe signals
2026-04-01 08:42:55  INFO      TradingGraph: Fusion: L=0.314(csns=0.50), M=-0.411(csns=1.00), S=0.049(csns=1.00), align_str=0.000
2026-04-01 08:42:55  INFO      TradingGraph: Timeframes not aligned — stopping (L=0.314 M=-0.411 S=0.049)
2026-04-01 08:42:55  INFO      TradingRunner: Analysing XAGUSD …
2026-04-01 08:42:55  INFO      TradingGraph: Running agents for XAGUSD
2026-04-01 08:42:55  INFO      TradingGraph: Completed 15 agents
2026-04-01 08:42:55  INFO      TradingGraph: Fusing timeframe signals
2026-04-01 08:42:55  INFO      TradingGraph: Fusion: L=-0.206(csns=0.50), M=0.375(csns=1.00), S=0.319(csns=1.00), align_str=0.000
2026-04-01 08:42:55  INFO      TradingGraph: Aligned [counter-trend-scalp] (bullish) — proceeding [L=-0.206 M=0.375 S=0.319 breadth=-0.124]
2026-04-01 08:42:55  INFO      TradingGraph: Generating trading recipe
2026-04-01 08:42:55  INFO      TradingGraph: Generated recipe: RISKY_LONG_COUNTER_TREND_SCALP_XAGUSD
2026-04-01 08:42:55  INFO      TradingGraph: Risk check passed
2026-04-01 08:42:55  INFO      TradingGraph: Creating trade plan
2026-04-01 08:42:55  INFO      TradingGraph: Symbol risk override [XAGUSD]: ×0.30 → risk=$0.32
2026-04-01 08:42:55  INFO      TradingGraph: Confidence sizing [XAGUSD]: conf=0.573 → ×0.78 (risk=$0.25)
2026-04-01 08:42:55  INFO      TradingGraph: SL cap [XAGUSD]: 4.76×ATR → 3.5×ATR
2026-04-01 08:42:55  INFO      TradingGraph: Structure SL/TP [XAGUSD] entry=74.94300 sl=68.54800 (3.50×ATR) tp=77.30509 (R:R=0.37)
2026-04-01 08:42:55  INFO      TradingGraph: Created trade plan: entry=74.9430, sl=68.5480, tp=84.5360
2026-04-01 08:42:55  INFO      TradingGraph: Executing trade for XAGUSD
2026-04-01 08:42:55  INFO      MT5Executor: XAGUSD: lots=0.01 (risk=$31.98)
2026-04-01 08:42:55  INFO      MT5Executor: Market order filled: ticket=56036308280 vol=0.01
2026-04-01 08:42:55  INFO      TradingGraph: Order placed: ticket=56036308280
2026-04-01 08:42:55  INFO      OrderManager: Created order order_9_20260401_084255 for XAGUSD
2026-04-01 08:42:55  INFO      TradeJournal: TRADE  XAGUSD           Direction.LONG  qty=0.01  entry=74.94300  sl=68.54800  tp=84.53600  ticket=56036308280
2026-04-01 08:42:55  INFO      TradingRunner: XAGUSD: trade placed — daily count 2/14, next entry in 25min
2026-04-01 08:42:56  INFO      TradingRunner: PnL — unrealized: -7.31  realized today: +0.04  total: -7.27
2026-04-01 08:42:56  INFO      TradingRunner: Signal cycle done in 10.0s — sleeping 290s
2026-04-01 08:43:47  INFO      TradingGraph: Running agents for GBPUSD
2026-04-01 08:43:48  INFO      TradingGraph: Completed 15 agents
2026-04-01 08:43:48  INFO      TradingGraph: Fusing timeframe signals
2026-04-01 08:43:48  INFO      TradingGraph: Fusion: L=-0.575(csns=1.00), M=0.537(csns=1.00), S=0.127(csns=0.71), align_str=0.000
2026-04-01 08:43:48  INFO      TradingGraph: Running agents for USDCAD
2026-04-01 08:43:48  INFO      TradingGraph: Completed 15 agents
2026-04-01 08:43:48  INFO      TradingGraph: Fusing timeframe signals
2026-04-01 08:43:48  INFO      TradingGraph: Fusion: L=0.365(csns=0.67), M=-0.289(csns=1.00), S=0.025(csns=0.43), align_str=0.000
2026-04-01 08:43:48  INFO      TradingGraph: Running agents for AUDJPY
2026-04-01 08:43:48  INFO      TradingGraph: Completed 15 agents
2026-04-01 08:43:48  INFO      TradingGraph: Fusing timeframe signals
2026-04-01 08:43:48  INFO      TradingGraph: Fusion: L=0.487(csns=1.00), M=0.231(csns=1.00), S=0.259(csns=0.83), align_str=0.307
2026-04-01 08:43:49  INFO      TradingGraph: Running agents for EURGBP
2026-04-01 08:43:49  INFO      TradingGraph: Completed 15 agents
2026-04-01 08:43:49  INFO      TradingGraph: Fusing timeframe signals
2026-04-01 08:43:49  INFO      TradingGraph: Fusion: L=0.164(csns=1.00), M=0.083(csns=0.50), S=0.058(csns=0.43), align_str=0.092
2026-04-01 08:43:49  INFO      TradingGraph: Running agents for AUDJPY
2026-04-01 08:43:49  INFO      TradingGraph: Completed 15 agents
2026-04-01 08:43:49  INFO      TradingGraph: Fusing timeframe signals
2026-04-01 08:43:49  INFO      TradingGraph: Fusion: L=0.487(csns=1.00), M=0.231(csns=1.00), S=0.259(csns=0.83), align_str=0.307
2026-04-01 08:43:49  INFO      TradingGraph: Running agents for EURUSD
2026-04-01 08:43:49  INFO      TradingGraph: Completed 15 agents
2026-04-01 08:43:49  INFO      TradingGraph: Fusing timeframe signals
2026-04-01 08:43:49  INFO      TradingGraph: Fusion: L=-0.306(csns=0.50), M=0.557(csns=1.00), S=0.168(csns=0.83), align_str=0.000
2026-04-01 08:43:50  INFO      TradingGraph: Running agents for XAGUSD
2026-04-01 08:43:50  INFO      TradingGraph: Completed 15 agents
2026-04-01 08:43:50  INFO      TradingGraph: Fusing timeframe signals
2026-04-01 08:43:50  INFO      TradingGraph: Fusion: L=-0.200(csns=0.50), M=0.342(csns=1.00), S=0.321(csns=0.83), align_str=0.000
2026-04-01 08:44:47  INFO      TradingGraph: Running agents for GBPUSD
2026-04-01 08:44:48  INFO      TradingGraph: Completed 15 agents
2026-04-01 08:44:48  INFO      TradingGraph: Fusing timeframe signals
2026-04-01 08:44:48  INFO      TradingGraph: Fusion: L=-0.575(csns=1.00), M=0.539(csns=1.00), S=0.127(csns=0.71), align_str=0.000
2026-04-01 08:44:48  INFO      TradingGraph: Running agents for USDCAD
2026-04-01 08:44:48  INFO      TradingGraph: Completed 15 agents
2026-04-01 08:44:48  INFO      TradingGraph: Fusing timeframe signals
2026-04-01 08:44:48  INFO      TradingGraph: Fusion: L=0.365(csns=0.67), M=-0.277(csns=1.00), S=0.024(csns=0.43), align_str=0.000
2026-04-01 08:44:48  INFO      TradingGraph: Running agents for AUDJPY
2026-04-01 08:44:48  INFO      TradingGraph: Completed 15 agents
2026-04-01 08:44:48  INFO      TradingGraph: Fusing timeframe signals
2026-04-01 08:44:48  INFO      TradingGraph: Fusion: L=0.487(csns=1.00), M=0.228(csns=1.00), S=0.234(csns=0.80), align_str=0.296
2026-04-01 08:44:49  INFO      TradingGraph: Running agents for EURGBP
2026-04-01 08:44:49  INFO      TradingGraph: Completed 15 agents
2026-04-01 08:44:49  INFO      TradingGraph: Fusing timeframe signals
2026-04-01 08:44:49  INFO      TradingGraph: Fusion: L=0.165(csns=1.00), M=0.083(csns=0.50), S=0.058(csns=0.43), align_str=0.092
2026-04-01 08:44:49  INFO      TradingGraph: Running agents for AUDJPY
2026-04-01 08:44:49  INFO      TradingGraph: Completed 15 agents
2026-04-01 08:44:49  INFO      TradingGraph: Fusing timeframe signals
2026-04-01 08:44:49  INFO      TradingGraph: Fusion: L=0.487(csns=1.00), M=0.227(csns=1.00), S=0.233(csns=0.80), align_str=0.296
2026-04-01 08:44:49  INFO      TradingGraph: Running agents for EURUSD
2026-04-01 08:44:49  INFO      TradingGraph: Completed 15 agents
2026-04-01 08:44:49  INFO      TradingGraph: Fusing timeframe signals
2026-04-01 08:44:49  INFO      TradingGraph: Fusion: L=-0.306(csns=0.50), M=0.586(csns=1.00), S=0.167(csns=0.83), align_str=0.000
2026-04-01 08:44:50  INFO      TradingGraph: Running agents for XAGUSD
2026-04-01 08:44:50  INFO      TradingGraph: Completed 15 agents
2026-04-01 08:44:50  INFO      TradingGraph: Fusing timeframe signals
2026-04-01 08:44:50  INFO      TradingGraph: Fusion: L=-0.200(csns=0.50), M=0.342(csns=1.00), S=0.320(csns=0.83), align_str=0.000
2026-04-01 08:45:49  INFO      TradingGraph: Running agents for GBPUSD
2026-04-01 08:45:49  INFO      TradingGraph: Completed 15 agents
2026-04-01 08:45:49  INFO      TradingGraph: Fusing timeframe signals
2026-04-01 08:45:49  INFO      TradingGraph: Fusion: L=-0.575(csns=1.00), M=0.536(csns=1.00), S=0.133(csns=0.71), align_str=0.000
2026-04-01 08:45:50  INFO      TradingGraph: Running agents for USDCAD
2026-04-01 08:45:50  INFO      TradingGraph: Completed 15 agents
2026-04-01 08:45:50  INFO      TradingGraph: Fusing timeframe signals
2026-04-01 08:45:50  INFO      TradingGraph: Fusion: L=0.366(csns=0.67), M=-0.279(csns=1.00), S=0.046(csns=0.43), align_str=0.000
2026-04-01 08:45:50  INFO      TradingGraph: Running agents for AUDJPY
2026-04-01 08:45:51  INFO      TradingGraph: Completed 15 agents
2026-04-01 08:45:51  INFO      TradingGraph: Fusing timeframe signals
2026-04-01 08:45:51  INFO      TradingGraph: Fusion: L=0.491(csns=1.00), M=0.247(csns=1.00), S=0.084(csns=0.83), align_str=0.217
2026-04-01 08:45:51  INFO      TradingGraph: Running agents for EURGBP
2026-04-01 08:45:51  INFO      TradingGraph: Completed 15 agents
2026-04-01 08:45:51  INFO      TradingGraph: Fusing timeframe signals
2026-04-01 08:45:51  INFO      TradingGraph: Fusion: L=0.166(csns=1.00), M=0.092(csns=0.50), S=0.062(csns=0.43), align_str=0.098
2026-04-01 08:45:52  INFO      TradingGraph: Running agents for AUDJPY
2026-04-01 08:45:52  INFO      TradingGraph: Completed 15 agents
2026-04-01 08:45:52  INFO      TradingGraph: Fusing timeframe signals
2026-04-01 08:45:52  INFO      TradingGraph: Fusion: L=0.491(csns=1.00), M=0.247(csns=1.00), S=0.084(csns=0.83), align_str=0.217
2026-04-01 08:45:52  INFO      TradingGraph: Running agents for EURUSD
2026-04-01 08:45:53  INFO      TradingGraph: Completed 15 agents
2026-04-01 08:45:53  INFO      TradingGraph: Fusing timeframe signals
2026-04-01 08:45:53  INFO      TradingGraph: Fusion: L=-0.306(csns=0.50), M=0.589(csns=1.00), S=0.163(csns=0.83), align_str=0.000
2026-04-01 08:45:53  INFO      TradingGraph: Running agents for XAGUSD
2026-04-01 08:45:53  INFO      TradingGraph: Completed 15 agents
2026-04-01 08:45:53  INFO      TradingGraph: Fusing timeframe signals
2026-04-01 08:45:53  INFO      TradingGraph: Fusion: L=-0.201(csns=0.50), M=0.346(csns=1.00), S=0.292(csns=0.86), align_str=0.000
2026-04-01 08:46:47  INFO      TradingGraph: Running agents for GBPUSD
2026-04-01 08:46:47  INFO      TradingGraph: Completed 15 agents
2026-04-01 08:46:47  INFO      TradingGraph: Fusing timeframe signals
2026-04-01 08:46:47  INFO      TradingGraph: Fusion: L=-0.575(csns=1.00), M=0.529(csns=1.00), S=0.124(csns=0.71), align_str=0.000
2026-04-01 08:46:48  INFO      TradingGraph: Running agents for USDCAD
2026-04-01 08:46:48  INFO      TradingGraph: Completed 15 agents
2026-04-01 08:46:48  INFO      TradingGraph: Fusing timeframe signals
2026-04-01 08:46:48  INFO      TradingGraph: Fusion: L=0.366(csns=0.67), M=-0.278(csns=1.00), S=0.045(csns=0.43), align_str=0.000
2026-04-01 08:46:48  INFO      TradingGraph: Running agents for AUDJPY
2026-04-01 08:46:48  INFO      TradingGraph: Completed 15 agents
2026-04-01 08:46:48  INFO      TradingGraph: Fusing timeframe signals
2026-04-01 08:46:48  INFO      TradingGraph: Fusion: L=0.489(csns=1.00), M=0.250(csns=1.00), S=0.133(csns=0.83), align_str=0.253
2026-04-01 08:46:48  INFO      TradingGraph: Running agents for EURGBP
2026-04-01 08:46:48  INFO      TradingGraph: Completed 15 agents
2026-04-01 08:46:48  INFO      TradingGraph: Fusing timeframe signals
2026-04-01 08:46:48  INFO      TradingGraph: Fusion: L=0.165(csns=1.00), M=0.087(csns=0.50), S=0.063(csns=0.43), align_str=0.097
2026-04-01 08:46:49  INFO      TradingGraph: Running agents for AUDJPY
2026-04-01 08:46:49  INFO      TradingGraph: Completed 15 agents
2026-04-01 08:46:49  INFO      TradingGraph: Fusing timeframe signals
2026-04-01 08:46:49  INFO      TradingGraph: Fusion: L=0.489(csns=1.00), M=0.251(csns=1.00), S=0.133(csns=0.83), align_str=0.254
2026-04-01 08:46:49  INFO      TradingGraph: Running agents for EURUSD
2026-04-01 08:46:49  INFO      TradingGraph: Completed 15 agents
2026-04-01 08:46:49  INFO      TradingGraph: Fusing timeframe signals
2026-04-01 08:46:49  INFO      TradingGraph: Fusion: L=-0.306(csns=0.50), M=0.524(csns=1.00), S=0.172(csns=0.83), align_str=0.000
2026-04-01 08:46:49  INFO      TradingGraph: Running agents for XAGUSD
2026-04-01 08:46:49  INFO      TradingGraph: Completed 15 agents
2026-04-01 08:46:49  INFO      TradingGraph: Fusing timeframe signals
2026-04-01 08:46:49  INFO      TradingGraph: Fusion: L=-0.201(csns=0.50), M=0.346(csns=1.00), S=0.296(csns=0.86), align_str=0.000
2026-04-01 08:47:48  INFO      TradingGraph: Running agents for GBPUSD
2026-04-01 08:47:48  INFO      TradingGraph: Completed 15 agents
2026-04-01 08:47:48  INFO      TradingGraph: Fusing timeframe signals
2026-04-01 08:47:48  INFO      TradingGraph: Fusion: L=-0.575(csns=1.00), M=0.544(csns=1.00), S=0.134(csns=0.71), align_str=0.000
2026-04-01 08:47:49  INFO      TradingGraph: Running agents for USDCAD
2026-04-01 08:47:49  INFO      TradingGraph: Completed 15 agents
2026-04-01 08:47:49  INFO      TradingGraph: Fusing timeframe signals
2026-04-01 08:47:49  INFO      TradingGraph: Fusion: L=0.366(csns=0.67), M=-0.299(csns=1.00), S=0.041(csns=0.43), align_str=0.000
2026-04-01 08:47:49  INFO      TradingGraph: Running agents for AUDJPY
2026-04-01 08:47:50  INFO      TradingGraph: Completed 15 agents
2026-04-01 08:47:50  INFO      TradingGraph: Fusing timeframe signals
2026-04-01 08:47:50  INFO      TradingGraph: Fusion: L=0.491(csns=1.00), M=0.243(csns=1.00), S=0.110(csns=0.83), align_str=0.236
2026-04-01 08:47:50  INFO      TradingGraph: Running agents for EURGBP
2026-04-01 08:47:50  INFO      TradingRunner: Analysing GBPUSD …
2026-04-01 08:47:50  INFO      TradingGraph: Running agents for GBPUSD
2026-04-01 08:47:50  INFO      TradingGraph: Completed 15 agents
2026-04-01 08:47:50  INFO      TradingGraph: Fusing timeframe signals
2026-04-01 08:47:50  INFO      TradingGraph: Fusion: L=0.164(csns=1.00), M=0.082(csns=0.50), S=0.061(csns=0.43), align_str=0.093
2026-04-01 08:47:50  INFO      TradingGraph: Running agents for AUDJPY
2026-04-01 08:47:50  INFO      TradingGraph: Completed 15 agents
2026-04-01 08:47:50  INFO      TradingGraph: Completed 15 agents
2026-04-01 08:47:50  INFO      TradingGraph: Fusing timeframe signals
2026-04-01 08:47:50  INFO      TradingGraph: Fusion: L=0.491(csns=1.00), M=0.244(csns=1.00), S=0.111(csns=0.83), align_str=0.237
2026-04-01 08:47:50  INFO      TradingGraph: Running agents for EURUSD
2026-04-01 08:47:51  INFO      TradingGraph: Completed 15 agents
2026-04-01 08:47:51  INFO      TradingGraph: Fusing timeframe signals
2026-04-01 08:47:51  INFO      TradingGraph: Fusion: L=-0.307(csns=0.50), M=0.590(csns=1.00), S=0.163(csns=0.83), align_str=0.000
2026-04-01 08:47:51  INFO      TradingGraph: Running agents for XAGUSD
2026-04-01 08:47:51  INFO      TradingGraph: Fusing timeframe signals
2026-04-01 08:47:51  INFO      TradingGraph: Fusion: L=-0.575(csns=1.00), M=0.540(csns=1.00), S=0.134(csns=0.71), align_str=0.000
2026-04-01 08:47:51  INFO      TradingGraph: Completed 15 agents
2026-04-01 08:47:51  INFO      TradingGraph: Fusing timeframe signals
2026-04-01 08:47:51  INFO      TradingGraph: Fusion: L=-0.201(csns=0.50), M=0.354(csns=1.00), S=0.305(csns=0.86), align_str=0.000
2026-04-01 08:47:51  INFO      TradingGraph: Timeframes not aligned — stopping (L=-0.575 M=0.540 S=0.134)
2026-04-01 08:47:51  INFO      TradingRunner: Analysing USDJPY …
2026-04-01 08:47:51  INFO      TradingGraph: Running agents for USDJPY
2026-04-01 08:47:51  INFO      TradingGraph: Completed 15 agents
2026-04-01 08:47:51  INFO      TradingGraph: Fusing timeframe signals
2026-04-01 08:47:51  INFO      TradingGraph: Fusion: L=0.223(csns=0.33), M=-0.579(csns=1.00), S=-0.086(csns=0.71), align_str=0.000
2026-04-01 08:47:51  INFO      TradingGraph: Timeframes not aligned — stopping (L=0.223 M=-0.579 S=-0.086)
2026-04-01 08:47:51  INFO      TradingRunner: Analysing USDCHF …
2026-04-01 08:47:51  INFO      TradingGraph: Running agents for USDCHF
2026-04-01 08:47:51  INFO      TradingGraph: Completed 15 agents
2026-04-01 08:47:51  INFO      TradingGraph: Fusing timeframe signals
2026-04-01 08:47:51  INFO      TradingGraph: Fusion: L=0.533(csns=1.00), M=-0.489(csns=1.00), S=-0.099(csns=0.71), align_str=0.000
2026-04-01 08:47:51  INFO      TradingGraph: Timeframes not aligned — stopping (L=0.533 M=-0.489 S=-0.099)
2026-04-01 08:47:51  INFO      TradingRunner: Analysing AUDUSD …
2026-04-01 08:47:51  INFO      TradingGraph: Running agents for AUDUSD
2026-04-01 08:47:51  INFO      TradingGraph: Completed 15 agents
2026-04-01 08:47:51  INFO      TradingGraph: Fusing timeframe signals
2026-04-01 08:47:51  INFO      TradingGraph: Fusion: L=0.015(csns=1.00), M=0.523(csns=1.00), S=0.256(csns=0.71), align_str=0.125
2026-04-01 08:47:51  INFO      TradingGraph: Timeframes not aligned — stopping (L=0.015 M=0.523 S=0.256)
2026-04-01 08:47:51  INFO      TradingRunner: Analysing USDCAD …
2026-04-01 08:47:51  INFO      TradingGraph: Running agents for USDCAD
2026-04-01 08:47:51  INFO      TradingGraph: Completed 15 agents
2026-04-01 08:47:51  INFO      TradingGraph: Fusing timeframe signals
2026-04-01 08:47:51  INFO      TradingGraph: Fusion: L=0.366(csns=0.67), M=-0.299(csns=1.00), S=0.041(csns=0.43), align_str=0.000
2026-04-01 08:47:51  INFO      TradingGraph: Timeframes not aligned — stopping (L=0.366 M=-0.299 S=0.041)
2026-04-01 08:47:51  INFO      TradingRunner: Analysing NZDUSD …
2026-04-01 08:47:51  INFO      TradingGraph: Running agents for NZDUSD
2026-04-01 08:47:51  INFO      TradingGraph: Completed 15 agents
2026-04-01 08:47:51  INFO      TradingGraph: Fusing timeframe signals
2026-04-01 08:47:51  INFO      TradingGraph: Fusion: L=-0.574(csns=1.00), M=0.542(csns=1.00), S=0.117(csns=0.67), align_str=0.000
2026-04-01 08:47:51  INFO      TradingGraph: Timeframes not aligned — stopping (L=-0.574 M=0.542 S=0.117)
2026-04-01 08:47:51  INFO      TradingRunner: Analysing US30 …
2026-04-01 08:47:51  INFO      TradingGraph: Running agents for US30
2026-04-01 08:47:51  INFO      TradingGraph: Completed 15 agents
2026-04-01 08:47:51  INFO      TradingGraph: Fusing timeframe signals
2026-04-01 08:47:51  INFO      TradingGraph: Fusion: L=-0.373(csns=1.00), M=0.469(csns=1.00), S=0.271(csns=0.67), align_str=0.000
2026-04-01 08:47:51  INFO      TradingGraph: Aligned [counter-trend-scalp] (bullish) — proceeding [L=-0.373 M=0.469 S=0.271 breadth=-0.124]
2026-04-01 08:47:51  INFO      TradingGraph: Generating trading recipe
2026-04-01 08:47:51  INFO      TradingGraph: Generated recipe: RISKY_LONG_COUNTER_TREND_SCALP_US30
2026-04-01 08:47:51  INFO      TradingGraph: Risk check passed
2026-04-01 08:47:51  INFO      TradingGraph: Creating trade plan
2026-04-01 08:47:51  INFO      TradingGraph: Confidence sizing [US30]: conf=0.566 → ×0.77 (risk=$0.87)
2026-04-01 08:47:51  INFO      TradingGraph: Structure SL/TP [US30] entry=46638.50000 sl=45868.26675 (2.21×ATR) tp=47889.86667 (R:R=1.62)
2026-04-01 08:47:51  INFO      TradingGraph: Created trade plan: entry=46638.5000, sl=45868.2700, tp=47889.8700
2026-04-01 08:47:51  INFO      TradingGraph: Executing trade for US30
2026-04-01 08:47:51  WARNING   MT5Executor: US30: trading disabled on this symbol (trade_mode=0 — may be outside market hours or broker restriction). Skipping.
2026-04-01 08:47:51  INFO      TradingGraph: Order not placed for US30 (executor returned None — see executor log for reason)
2026-04-01 08:47:51  INFO      TradingRunner: Analysing US500 …
2026-04-01 08:47:51  INFO      TradingGraph: Running agents for US500
2026-04-01 08:47:51  INFO      TradingGraph: Completed 15 agents
2026-04-01 08:47:51  INFO      TradingGraph: Fusing timeframe signals
2026-04-01 08:47:51  INFO      TradingGraph: Fusion: L=-0.414(csns=1.00), M=0.477(csns=1.00), S=0.308(csns=0.80), align_str=0.000
2026-04-01 08:47:51  INFO      TradingGraph: Aligned [counter-trend-scalp] (bullish) — proceeding [L=-0.414 M=0.477 S=0.308 breadth=-0.124]
2026-04-01 08:47:51  INFO      TradingGraph: Generating trading recipe
2026-04-01 08:47:51  INFO      TradingGraph: Generated recipe: RISKY_LONG_COUNTER_TREND_SCALP_US500
2026-04-01 08:47:51  INFO      TradingGraph: Risk check passed
2026-04-01 08:47:51  INFO      TradingGraph: Creating trade plan
2026-04-01 08:47:51  INFO      TradingGraph: Confidence sizing [US500]: conf=0.508 → ×0.68 (risk=$0.78)
2026-04-01 08:47:51  INFO      TradingGraph: Structure SL/TP [US500] entry=6576.10000 sl=6477.94765 (1.94×ATR) tp=6670.33333 (R:R=0.96)
2026-04-01 08:47:51  INFO      TradingGraph: Created trade plan: entry=6576.1000, sl=6477.9500, tp=6723.3300
2026-04-01 08:47:51  INFO      TradingGraph: Executing trade for US500
2026-04-01 08:47:51  WARNING   MT5Executor: US500: trading disabled on this symbol (trade_mode=0 — may be outside market hours or broker restriction). Skipping.
2026-04-01 08:47:51  INFO      TradingGraph: Order not placed for US500 (executor returned None — see executor log for reason)
2026-04-01 08:47:51  INFO      TradingRunner: Analysing USTEC …
2026-04-01 08:47:51  INFO      TradingGraph: Running agents for USTEC
2026-04-01 08:47:51  INFO      TradingGraph: Completed 15 agents
2026-04-01 08:47:51  INFO      TradingGraph: Fusing timeframe signals
2026-04-01 08:47:51  INFO      TradingGraph: Fusion: L=-0.430(csns=1.00), M=0.527(csns=1.00), S=0.323(csns=0.80), align_str=0.000
2026-04-01 08:47:51  INFO      TradingGraph: Aligned [counter-trend-scalp] (bullish) — proceeding [L=-0.430 M=0.527 S=0.323 breadth=-0.124]
2026-04-01 08:47:51  INFO      TradingGraph: Generating trading recipe
2026-04-01 08:47:51  INFO      TradingGraph: Generated recipe: RISKY_LONG_COUNTER_TREND_SCALP_USTEC
2026-04-01 08:47:51  INFO      TradingGraph: Risk check passed
2026-04-01 08:47:51  INFO      TradingGraph: Creating trade plan
2026-04-01 08:47:51  INFO      TradingGraph: Confidence sizing [USTEC]: conf=0.494 → ×0.66 (risk=$0.75)
2026-04-01 08:47:51  INFO      TradingGraph: Structure SL/TP [USTEC] entry=23985.00000 sl=23557.44680 (1.99×ATR) tp=25157.13333 (R:R=2.74)
2026-04-01 08:47:51  INFO      TradingGraph: Created trade plan: entry=23985.0000, sl=23557.4500, tp=25157.1300
2026-04-01 08:47:51  INFO      TradingGraph: Executing trade for USTEC
2026-04-01 08:47:51  WARNING   MT5Executor: USTEC: trading disabled on this symbol (trade_mode=0 — may be outside market hours or broker restriction). Skipping.
2026-04-01 08:47:51  INFO      TradingGraph: Order not placed for USTEC (executor returned None — see executor log for reason)
2026-04-01 08:47:51  INFO      TradingRunner: Analysing DAX …
2026-04-01 08:47:51  INFO      TradingGraph: Running agents for DAX
2026-04-01 08:47:51  INFO      TradingGraph: Completed 15 agents
2026-04-01 08:47:51  INFO      TradingGraph: Fusing timeframe signals
2026-04-01 08:47:51  INFO      TradingGraph: Fusion: L=-0.076(csns=1.00), M=0.189(csns=0.50), S=0.242(csns=0.71), align_str=0.000
2026-04-01 08:47:51  INFO      TradingGraph: Timeframes not aligned — stopping (L=-0.076 M=0.189 S=0.242)
2026-04-01 08:47:51  INFO      TradingRunner: Analysing UK100 …
2026-04-01 08:47:51  INFO      TradingGraph: Running agents for UK100
2026-04-01 08:47:51  INFO      TradingGraph: Completed 15 agents
2026-04-01 08:47:51  INFO      TradingGraph: Fusing timeframe signals
2026-04-01 08:47:51  INFO      TradingGraph: Fusion: L=0.165(csns=1.00), M=0.465(csns=1.00), S=0.326(csns=0.80), align_str=0.292
2026-04-01 08:47:51  INFO      TradingGraph: Timeframes not aligned — stopping (L=0.165 M=0.465 S=0.326)
2026-04-01 08:47:51  INFO      TradingRunner: Analysing EURJPY …
2026-04-01 08:47:51  INFO      TradingGraph: Running agents for EURJPY
2026-04-01 08:47:51  INFO      TradingGraph: Completed 15 agents
2026-04-01 08:47:51  INFO      TradingGraph: Fusing timeframe signals
2026-04-01 08:47:51  INFO      TradingGraph: Fusion: L=-0.077(csns=0.50), M=0.095(csns=1.00), S=-0.114(csns=0.80), align_str=0.000
2026-04-01 08:47:51  INFO      TradingGraph: Timeframes not aligned — stopping (L=-0.077 M=0.095 S=-0.114)
2026-04-01 08:47:51  INFO      TradingRunner: Analysing GBPJPY …
2026-04-01 08:47:51  INFO      TradingGraph: Running agents for GBPJPY
2026-04-01 08:47:51  INFO      TradingGraph: Completed 15 agents
2026-04-01 08:47:51  INFO      TradingGraph: Fusing timeframe signals
2026-04-01 08:47:51  INFO      TradingGraph: Fusion: L=0.044(csns=0.50), M=-0.002(csns=0.50), S=0.140(csns=0.80), align_str=0.000
2026-04-01 08:47:51  INFO      TradingGraph: Timeframes not aligned — stopping (L=0.044 M=-0.002 S=0.140)
2026-04-01 08:47:51  INFO      TradingRunner: Analysing AUDJPY …
2026-04-01 08:47:51  INFO      TradingGraph: Running agents for AUDJPY
2026-04-01 08:47:52  INFO      TradingGraph: Completed 15 agents
2026-04-01 08:47:52  INFO      TradingGraph: Fusing timeframe signals
2026-04-01 08:47:52  INFO      TradingGraph: Fusion: L=0.491(csns=1.00), M=0.248(csns=1.00), S=0.084(csns=0.83), align_str=0.217
2026-04-01 08:47:52  INFO      TradingGraph: Aligned [full-alignment] (bullish) — proceeding [L=0.491 M=0.248 S=0.084 breadth=-0.124]
2026-04-01 08:47:52  INFO      TradingGraph: Generating trading recipe
2026-04-01 08:47:52  INFO      TradingGraph: Generated recipe: RISKY_LONG_FULL_ALIGNMENT_AUDJPY
2026-04-01 08:47:52  INFO      TradingGraph: Scale-in approved for AUDJPY (2/3 positions, signal=BUY, entry=full-alignment)
2026-04-01 08:47:52  INFO      TradingGraph: Pivot guard: resistance 0.09×ATR away — rejecting LONG (buffer=0.5)
2026-04-01 08:47:52  INFO      TradingRunner: Analysing EURGBP …
2026-04-01 08:47:52  INFO      TradingGraph: Running agents for EURGBP
2026-04-01 08:47:52  INFO      TradingGraph: Completed 15 agents
2026-04-01 08:47:52  INFO      TradingGraph: Fusing timeframe signals
2026-04-01 08:47:52  INFO      TradingGraph: Fusion: L=0.164(csns=1.00), M=0.081(csns=0.50), S=0.061(csns=0.43), align_str=0.093
2026-04-01 08:47:52  INFO      TradingGraph: Timeframes not aligned — stopping (L=0.164 M=0.081 S=0.061)
2026-04-01 08:47:52  INFO      TradingRunner: Analysing EURCHF …
2026-04-01 08:47:52  INFO      TradingGraph: Running agents for EURCHF
2026-04-01 08:47:52  INFO      TradingGraph: Completed 15 agents
2026-04-01 08:47:52  INFO      TradingGraph: Fusing timeframe signals
2026-04-01 08:47:52  INFO      TradingGraph: Fusion: L=-0.230(csns=0.50), M=0.098(csns=0.75), S=-0.094(csns=0.71), align_str=0.000
2026-04-01 08:47:52  INFO      TradingGraph: Aligned [pullback-entry] (bearish) — proceeding [L=-0.230 M=0.098 S=-0.094 breadth=-0.124]
2026-04-01 08:47:52  INFO      TradingGraph: Generating trading recipe
2026-04-01 08:47:52  INFO      TradingGraph: Generated recipe: RISKY_SHORT_PULLBACK_ENTRY_EURCHF
2026-04-01 08:47:52  INFO      TradingGraph: Pivot guard: support 0.16×ATR away — rejecting SHORT (buffer=0.5)
2026-04-01 08:47:52  INFO      TradingRunner: Analysing CHFJPY …
2026-04-01 08:47:52  INFO      TradingGraph: Running agents for CHFJPY
2026-04-01 08:47:52  INFO      TradingGraph: Completed 15 agents
2026-04-01 08:47:52  INFO      TradingGraph: Fusing timeframe signals
2026-04-01 08:47:52  INFO      TradingGraph: Fusion: L=0.311(csns=0.50), M=-0.123(csns=1.00), S=0.061(csns=0.50), align_str=0.000
2026-04-01 08:47:52  INFO      TradingGraph: Aligned [pullback-entry] (bullish) — proceeding [L=0.311 M=-0.123 S=0.061 breadth=-0.124]
2026-04-01 08:47:52  INFO      TradingGraph: Generating trading recipe
2026-04-01 08:47:52  INFO      TradingGraph: Generated recipe: RISKY_LONG_PULLBACK_ENTRY_CHFJPY
2026-04-01 08:47:52  INFO      TradingGraph: Pivot guard: resistance 0.41×ATR away — rejecting LONG (buffer=0.5)
2026-04-01 08:47:52  INFO      TradingRunner: PnL — unrealized: +1.62  realized today: +0.04  total: +1.66
2026-04-01 08:47:52  INFO      TradingRunner: Signal cycle done in 6.1s — sleeping 294s
2026-04-01 08:48:47  INFO      TradingGraph: Running agents for GBPUSD
2026-04-01 08:48:47  INFO      TradingGraph: Completed 15 agents
2026-04-01 08:48:47  INFO      TradingGraph: Fusing timeframe signals
2026-04-01 08:48:47  INFO      TradingGraph: Fusion: L=-0.575(csns=1.00), M=0.548(csns=1.00), S=0.135(csns=0.71), align_str=0.000
2026-04-01 08:48:48  INFO      TradingGraph: Running agents for USDCAD
2026-04-01 08:48:48  INFO      TradingGraph: Completed 15 agents
2026-04-01 08:48:48  INFO      TradingGraph: Fusing timeframe signals
2026-04-01 08:48:48  INFO      TradingGraph: Fusion: L=0.366(csns=0.67), M=-0.339(csns=1.00), S=0.037(csns=0.43), align_str=0.000
2026-04-01 08:48:48  INFO      TradingGraph: Running agents for AUDJPY
2026-04-01 08:48:48  INFO      TradingGraph: Completed 15 agents
2026-04-01 08:48:48  INFO      TradingGraph: Fusing timeframe signals
2026-04-01 08:48:48  INFO      TradingGraph: Fusion: L=0.492(csns=1.00), M=0.269(csns=1.00), S=0.234(csns=0.83), align_str=0.314
2026-04-01 08:48:48  INFO      TradingGraph: Running agents for EURGBP
2026-04-01 08:48:48  INFO      TradingGraph: Completed 15 agents
2026-04-01 08:48:48  INFO      TradingGraph: Fusing timeframe signals
2026-04-01 08:48:48  INFO      TradingGraph: Fusion: L=0.162(csns=1.00), M=0.070(csns=0.50), S=0.056(csns=0.43), align_str=0.086
2026-04-01 08:48:48  INFO      TradingGraph: Running agents for AUDJPY
2026-04-01 08:48:49  INFO      TradingGraph: Completed 15 agents
2026-04-01 08:48:49  INFO      TradingGraph: Fusing timeframe signals
2026-04-01 08:48:49  INFO      TradingGraph: Fusion: L=0.492(csns=1.00), M=0.270(csns=1.00), S=0.234(csns=0.83), align_str=0.314
2026-04-01 08:48:49  INFO      TradingGraph: Running agents for EURUSD
2026-04-01 08:48:49  INFO      TradingGraph: Completed 15 agents
2026-04-01 08:48:49  INFO      TradingGraph: Fusing timeframe signals
2026-04-01 08:48:49  INFO      TradingGraph: Fusion: L=-0.307(csns=0.50), M=0.591(csns=1.00), S=0.163(csns=0.83), align_str=0.000
2026-04-01 08:48:49  INFO      TradingGraph: Running agents for XAGUSD
2026-04-01 08:48:49  INFO      TradingGraph: Completed 15 agents
2026-04-01 08:48:49  INFO      TradingGraph: Fusing timeframe signals
2026-04-01 08:48:49  INFO      TradingGraph: Fusion: L=-0.201(csns=0.50), M=0.355(csns=1.00), S=0.308(csns=0.86), align_str=0.000
2026-04-01 08:49:47  INFO      TradingGraph: Running agents for GBPUSD
2026-04-01 08:49:47  INFO      TradingGraph: Completed 15 agents
2026-04-01 08:49:47  INFO      TradingGraph: Fusing timeframe signals
2026-04-01 08:49:47  INFO      TradingGraph: Fusion: L=-0.574(csns=1.00), M=0.529(csns=1.00), S=0.134(csns=0.71), align_str=0.000
2026-04-01 08:49:48  INFO      TradingGraph: Running agents for USDCAD
2026-04-01 08:49:48  INFO      TradingGraph: Completed 15 agents
2026-04-01 08:49:48  INFO      TradingGraph: Fusing timeframe signals
2026-04-01 08:49:48  INFO      TradingGraph: Fusion: L=0.365(csns=0.67), M=-0.292(csns=1.00), S=0.035(csns=0.43), align_str=0.000
2026-04-01 08:49:48  INFO      TradingGraph: Running agents for AUDJPY
2026-04-01 08:49:48  INFO      TradingGraph: Completed 15 agents
2026-04-01 08:49:48  INFO      TradingGraph: Fusing timeframe signals
2026-04-01 08:49:48  INFO      TradingGraph: Fusion: L=0.491(csns=1.00), M=0.246(csns=1.00), S=0.242(csns=0.83), align_str=0.308
2026-04-01 08:49:48  INFO      TradingGraph: Running agents for EURGBP
2026-04-01 08:49:48  INFO      TradingGraph: Completed 15 agents
2026-04-01 08:49:48  INFO      TradingGraph: Fusing timeframe signals
2026-04-01 08:49:48  INFO      TradingGraph: Fusion: L=0.163(csns=1.00), M=0.068(csns=0.50), S=0.056(csns=0.43), align_str=0.086
2026-04-01 08:49:49  INFO      TradingGraph: Running agents for AUDJPY
2026-04-01 08:49:49  INFO      TradingGraph: Completed 15 agents
2026-04-01 08:49:49  INFO      TradingGraph: Fusing timeframe signals
2026-04-01 08:49:49  INFO      TradingGraph: Fusion: L=0.491(csns=1.00), M=0.246(csns=1.00), S=0.242(csns=0.83), align_str=0.308
2026-04-01 08:49:49  INFO      TradingGraph: Running agents for EURUSD
2026-04-01 08:49:49  INFO      TradingGraph: Completed 15 agents
2026-04-01 08:49:49  INFO      TradingGraph: Fusing timeframe signals
2026-04-01 08:49:49  INFO      TradingGraph: Fusion: L=-0.345(csns=0.50), M=0.568(csns=1.00), S=0.178(csns=0.83), align_str=0.000
2026-04-01 08:49:49  INFO      TradingGraph: Running agents for XAGUSD
2026-04-01 08:49:49  INFO      TradingGraph: Completed 15 agents
2026-04-01 08:49:49  INFO      TradingGraph: Fusing timeframe signals
2026-04-01 08:49:49  INFO      TradingGraph: Fusion: L=-0.201(csns=0.50), M=0.357(csns=1.00), S=0.313(csns=0.86), align_str=0.000
2026-04-01 08:50:48  INFO      TradingGraph: Running agents for GBPUSD
2026-04-01 08:50:48  INFO      TradingGraph: Completed 15 agents
2026-04-01 08:50:48  INFO      TradingGraph: Fusing timeframe signals
2026-04-01 08:50:48  INFO      TradingGraph: Fusion: L=-0.574(csns=1.00), M=0.523(csns=1.00), S=0.125(csns=0.71), align_str=0.000
2026-04-01 08:50:48  INFO      TradingGraph: Running agents for USDCAD
2026-04-01 08:50:48  INFO      TradingGraph: Completed 15 agents
2026-04-01 08:50:48  INFO      TradingGraph: Fusing timeframe signals
2026-04-01 08:50:48  INFO      TradingGraph: Fusion: L=0.365(csns=0.67), M=-0.259(csns=1.00), S=-0.006(csns=0.71), align_str=0.000
2026-04-01 08:50:48  INFO      TradingGraph: Running agents for AUDJPY
2026-04-01 08:50:49  INFO      TradingGraph: Completed 15 agents
2026-04-01 08:50:49  INFO      TradingGraph: Fusing timeframe signals
2026-04-01 08:50:49  INFO      TradingGraph: Fusion: L=0.490(csns=1.00), M=0.260(csns=1.00), S=0.276(csns=0.83), align_str=0.327
2026-04-01 08:50:49  INFO      TradingGraph: Running agents for EURGBP
2026-04-01 08:50:49  INFO      TradingGraph: Completed 15 agents
2026-04-01 08:50:49  INFO      TradingGraph: Fusing timeframe signals
2026-04-01 08:50:49  INFO      TradingGraph: Fusion: L=0.163(csns=1.00), M=0.055(csns=0.50), S=0.057(csns=0.43), align_str=0.080
2026-04-01 08:50:49  INFO      TradingGraph: Running agents for AUDJPY
2026-04-01 08:50:49  INFO      TradingGraph: Completed 15 agents
2026-04-01 08:50:49  INFO      TradingGraph: Fusing timeframe signals
2026-04-01 08:50:49  INFO      TradingGraph: Fusion: L=0.489(csns=1.00), M=0.257(csns=1.00), S=0.275(csns=0.83), align_str=0.325
2026-04-01 08:50:49  INFO      TradingGraph: Running agents for EURUSD
2026-04-01 08:50:49  INFO      TradingGraph: Completed 15 agents
2026-04-01 08:50:49  INFO      TradingGraph: Fusing timeframe signals
2026-04-01 08:50:49  INFO      TradingGraph: Fusion: L=-0.345(csns=0.50), M=0.552(csns=1.00), S=0.270(csns=1.00), align_str=0.000
2026-04-01 08:50:50  INFO      TradingGraph: Running agents for XAGUSD
2026-04-01 08:50:50  INFO      TradingGraph: Completed 15 agents
2026-04-01 08:50:50  INFO      TradingGraph: Fusing timeframe signals
2026-04-01 08:50:50  INFO      TradingGraph: Fusion: L=-0.201(csns=0.50), M=0.351(csns=1.00), S=0.308(csns=0.86), align_str=0.000
2026-04-01 08:51:48  INFO      TradingGraph: Running agents for GBPUSD
2026-04-01 08:51:48  INFO      TradingGraph: Completed 15 agents
2026-04-01 08:51:48  INFO      TradingGraph: Fusing timeframe signals
2026-04-01 08:51:48  INFO      TradingGraph: Fusion: L=-0.574(csns=1.00), M=0.520(csns=1.00), S=0.135(csns=0.71), align_str=0.000
2026-04-01 08:51:48  INFO      TradingGraph: Running agents for USDCAD
2026-04-01 08:51:48  INFO      TradingGraph: Completed 15 agents
2026-04-01 08:51:48  INFO      TradingGraph: Fusing timeframe signals
2026-04-01 08:51:48  INFO      TradingGraph: Fusion: L=0.365(csns=0.67), M=-0.253(csns=1.00), S=-0.019(csns=0.71), align_str=0.000
2026-04-01 08:51:48  INFO      TradingGraph: Running agents for AUDJPY
2026-04-01 08:51:48  INFO      TradingGraph: Completed 15 agents
2026-04-01 08:51:48  INFO      TradingGraph: Fusing timeframe signals
2026-04-01 08:51:48  INFO      TradingGraph: Fusion: L=0.489(csns=1.00), M=0.251(csns=1.00), S=0.299(csns=0.83), align_str=0.332
2026-04-01 08:51:49  INFO      TradingGraph: Running agents for EURGBP
2026-04-01 08:51:49  INFO      TradingGraph: Completed 15 agents
2026-04-01 08:51:49  INFO      TradingGraph: Fusing timeframe signals
2026-04-01 08:51:49  INFO      TradingGraph: Fusion: L=0.163(csns=1.00), M=0.055(csns=0.50), S=0.057(csns=0.43), align_str=0.080
2026-04-01 08:51:49  INFO      TradingGraph: Running agents for AUDJPY
2026-04-01 08:51:49  INFO      TradingGraph: Completed 15 agents
2026-04-01 08:51:49  INFO      TradingGraph: Fusing timeframe signals
2026-04-01 08:51:49  INFO      TradingGraph: Fusion: L=0.489(csns=1.00), M=0.251(csns=1.00), S=0.299(csns=0.83), align_str=0.332
2026-04-01 08:51:49  INFO      TradingGraph: Running agents for EURUSD
2026-04-01 08:51:49  INFO      TradingGraph: Completed 15 agents
2026-04-01 08:51:49  INFO      TradingGraph: Fusing timeframe signals
2026-04-01 08:51:49  INFO      TradingGraph: Fusion: L=-0.345(csns=0.50), M=0.554(csns=1.00), S=0.168(csns=0.83), align_str=0.000
2026-04-01 08:51:50  INFO      TradingGraph: Running agents for XAGUSD
2026-04-01 08:51:50  INFO      TradingGraph: Completed 15 agents
2026-04-01 08:51:50  INFO      TradingGraph: Fusing timeframe signals
2026-04-01 08:51:50  INFO      TradingGraph: Fusion: L=-0.201(csns=0.50), M=0.349(csns=1.00), S=0.307(csns=0.86), align_str=0.000
2026-04-01 08:52:21  INFO      TradingRunner: [WATCHDOG] alive | equity=130.51 | cycle=10 | profile=risky
2026-04-01 08:52:48  INFO      TradingGraph: Running agents for GBPUSD
2026-04-01 08:52:48  INFO      TradingGraph: Completed 15 agents
2026-04-01 08:52:48  INFO      TradingGraph: Fusing timeframe signals
2026-04-01 08:52:48  INFO      TradingGraph: Fusion: L=-0.574(csns=1.00), M=0.519(csns=1.00), S=0.135(csns=0.71), align_str=0.000
2026-04-01 08:52:49  INFO      TradingGraph: Running agents for USDCAD
2026-04-01 08:52:49  INFO      TradingGraph: Completed 15 agents
2026-04-01 08:52:49  INFO      TradingGraph: Fusing timeframe signals
2026-04-01 08:52:49  INFO      TradingGraph: Fusion: L=0.365(csns=0.67), M=-0.258(csns=1.00), S=-0.006(csns=0.71), align_str=0.000
2026-04-01 08:52:50  INFO      TradingGraph: Running agents for AUDJPY
2026-04-01 08:52:50  INFO      TradingGraph: Completed 15 agents
2026-04-01 08:52:50  INFO      TradingGraph: Fusing timeframe signals
2026-04-01 08:52:50  INFO      TradingGraph: Fusion: L=0.489(csns=1.00), M=0.250(csns=1.00), S=0.298(csns=0.83), align_str=0.332
2026-04-01 08:52:51  INFO      TradingGraph: Running agents for EURGBP
2026-04-01 08:52:51  INFO      TradingRunner: Analysing GBPUSD …
2026-04-01 08:52:51  INFO      TradingGraph: Running agents for GBPUSD
2026-04-01 08:52:51  INFO      TradingGraph: Completed 15 agents
2026-04-01 08:52:51  INFO      TradingGraph: Fusing timeframe signals
2026-04-01 08:52:51  INFO      TradingGraph: Fusion: L=0.164(csns=1.00), M=0.071(csns=0.50), S=0.055(csns=0.43), align_str=0.086
2026-04-01 08:52:51  INFO      TradingGraph: Running agents for AUDJPY
2026-04-01 08:52:51  INFO      TradingGraph: Completed 15 agents
2026-04-01 08:52:51  INFO      TradingGraph: Completed 15 agents
2026-04-01 08:52:51  INFO      TradingGraph: Fusing timeframe signals
2026-04-01 08:52:51  INFO      TradingGraph: Fusion: L=0.488(csns=1.00), M=0.247(csns=1.00), S=0.297(csns=0.83), align_str=0.329
2026-04-01 08:52:51  INFO      TradingGraph: Running agents for EURUSD
2026-04-01 08:52:51  INFO      TradingGraph: Completed 15 agents
2026-04-01 08:52:51  INFO      TradingGraph: Fusing timeframe signals
2026-04-01 08:52:51  INFO      TradingGraph: Fusion: L=-0.345(csns=0.50), M=0.558(csns=1.00), S=0.168(csns=0.83), align_str=0.000
2026-04-01 08:52:52  INFO      TradingGraph: Running agents for XAGUSD
2026-04-01 08:52:52  INFO      TradingGraph: Fusing timeframe signals
2026-04-01 08:52:52  INFO      TradingGraph: Fusion: L=-0.574(csns=1.00), M=0.519(csns=1.00), S=0.135(csns=0.71), align_str=0.000
2026-04-01 08:52:52  INFO      TradingGraph: Completed 15 agents
2026-04-01 08:52:52  INFO      TradingGraph: Fusing timeframe signals
2026-04-01 08:52:52  INFO      TradingGraph: Fusion: L=-0.201(csns=0.50), M=0.354(csns=1.00), S=0.311(csns=0.86), align_str=0.000
2026-04-01 08:52:52  INFO      TradingGraph: Timeframes not aligned — stopping (L=-0.574 M=0.519 S=0.135)
2026-04-01 08:52:52  INFO      TradingRunner: Analysing USDJPY …
2026-04-01 08:52:52  INFO      TradingGraph: Running agents for USDJPY
2026-04-01 08:52:52  INFO      TradingGraph: Completed 15 agents
2026-04-01 08:52:52  INFO      TradingGraph: Fusing timeframe signals
2026-04-01 08:52:52  INFO      TradingGraph: Fusion: L=0.223(csns=0.33), M=-0.569(csns=1.00), S=-0.095(csns=0.71), align_str=0.000
2026-04-01 08:52:52  INFO      TradingGraph: Timeframes not aligned — stopping (L=0.223 M=-0.569 S=-0.095)
2026-04-01 08:52:52  INFO      TradingRunner: Analysing USDCHF …
2026-04-01 08:52:52  INFO      TradingGraph: Running agents for USDCHF
2026-04-01 08:52:52  INFO      TradingGraph: Completed 15 agents
2026-04-01 08:52:52  INFO      TradingGraph: Fusing timeframe signals
2026-04-01 08:52:52  INFO      TradingGraph: Fusion: L=0.532(csns=1.00), M=-0.484(csns=1.00), S=-0.096(csns=0.71), align_str=0.000
2026-04-01 08:52:52  INFO      TradingGraph: Timeframes not aligned — stopping (L=0.532 M=-0.484 S=-0.096)
2026-04-01 08:52:52  INFO      TradingRunner: Analysing AUDUSD …
2026-04-01 08:52:52  INFO      TradingGraph: Running agents for AUDUSD
2026-04-01 08:52:52  INFO      TradingGraph: Completed 15 agents
2026-04-01 08:52:52  INFO      TradingGraph: Fusing timeframe signals
2026-04-01 08:52:52  INFO      TradingGraph: Fusion: L=0.014(csns=1.00), M=0.513(csns=1.00), S=0.272(csns=0.71), align_str=0.124
2026-04-01 08:52:52  INFO      TradingGraph: Timeframes not aligned — stopping (L=0.014 M=0.513 S=0.272)
2026-04-01 08:52:52  INFO      TradingRunner: Analysing USDCAD …
2026-04-01 08:52:52  INFO      TradingGraph: Running agents for USDCAD
2026-04-01 08:52:52  INFO      TradingGraph: Completed 15 agents
2026-04-01 08:52:52  INFO      TradingGraph: Fusing timeframe signals
2026-04-01 08:52:52  INFO      TradingGraph: Fusion: L=0.365(csns=0.67), M=-0.258(csns=1.00), S=-0.006(csns=0.71), align_str=0.000
2026-04-01 08:52:52  INFO      TradingGraph: Timeframes not aligned — stopping (L=0.365 M=-0.258 S=-0.006)
2026-04-01 08:52:52  INFO      TradingRunner: Analysing NZDUSD …
2026-04-01 08:52:52  INFO      TradingGraph: Running agents for NZDUSD
2026-04-01 08:52:52  INFO      TradingGraph: Completed 15 agents
2026-04-01 08:52:52  INFO      TradingGraph: Fusing timeframe signals
2026-04-01 08:52:52  INFO      TradingGraph: Fusion: L=-0.574(csns=1.00), M=0.491(csns=1.00), S=0.128(csns=0.67), align_str=0.000
2026-04-01 08:52:52  INFO      TradingGraph: Timeframes not aligned — stopping (L=-0.574 M=0.491 S=0.128)
2026-04-01 08:52:52  INFO      TradingRunner: Analysing US30 …
2026-04-01 08:52:52  INFO      TradingGraph: Running agents for US30
2026-04-01 08:52:52  INFO      TradingGraph: Completed 15 agents
2026-04-01 08:52:52  INFO      TradingGraph: Fusing timeframe signals
2026-04-01 08:52:52  INFO      TradingGraph: Fusion: L=-0.373(csns=1.00), M=0.467(csns=1.00), S=0.285(csns=0.67), align_str=0.000
2026-04-01 08:52:52  INFO      TradingGraph: Aligned [counter-trend-scalp] (bullish) — proceeding [L=-0.373 M=0.467 S=0.285 breadth=-0.124]
2026-04-01 08:52:52  INFO      TradingGraph: Generating trading recipe
2026-04-01 08:52:52  INFO      TradingGraph: Generated recipe: RISKY_LONG_COUNTER_TREND_SCALP_US30
2026-04-01 08:52:52  INFO      TradingGraph: Risk check passed
2026-04-01 08:52:52  INFO      TradingGraph: Creating trade plan
2026-04-01 08:52:52  INFO      TradingGraph: Confidence sizing [US30]: conf=0.565 → ×0.77 (risk=$0.88)
2026-04-01 08:52:52  INFO      TradingGraph: Structure SL/TP [US30] entry=46624.20000 sl=45868.26675 (2.17×ATR) tp=47889.86667 (R:R=1.67)
2026-04-01 08:52:52  INFO      TradingGraph: Created trade plan: entry=46624.2000, sl=45868.2700, tp=47889.8700
2026-04-01 08:52:52  INFO      TradingGraph: Executing trade for US30
2026-04-01 08:52:52  WARNING   MT5Executor: US30: trading disabled on this symbol (trade_mode=0 — may be outside market hours or broker restriction). Skipping.
2026-04-01 08:52:52  INFO      TradingGraph: Order not placed for US30 (executor returned None — see executor log for reason)
2026-04-01 08:52:52  INFO      TradingRunner: Analysing US500 …
2026-04-01 08:52:52  INFO      TradingGraph: Running agents for US500
2026-04-01 08:52:52  INFO      TradingGraph: Completed 15 agents
2026-04-01 08:52:52  INFO      TradingGraph: Fusing timeframe signals
2026-04-01 08:52:52  INFO      TradingGraph: Fusion: L=-0.414(csns=1.00), M=0.474(csns=1.00), S=0.317(csns=0.80), align_str=0.000
2026-04-01 08:52:52  INFO      TradingGraph: Aligned [counter-trend-scalp] (bullish) — proceeding [L=-0.414 M=0.474 S=0.317 breadth=-0.124]
2026-04-01 08:52:52  INFO      TradingGraph: Generating trading recipe
2026-04-01 08:52:52  INFO      TradingGraph: Generated recipe: RISKY_LONG_COUNTER_TREND_SCALP_US500
2026-04-01 08:52:52  INFO      TradingGraph: Risk check passed
2026-04-01 08:52:52  INFO      TradingGraph: Creating trade plan
2026-04-01 08:52:52  INFO      TradingGraph: Confidence sizing [US500]: conf=0.508 → ×0.68 (risk=$0.78)
2026-04-01 08:52:52  INFO      TradingGraph: Structure SL/TP [US500] entry=6575.40000 sl=6477.92979 (1.93×ATR) tp=6670.33333 (R:R=0.97)
2026-04-01 08:52:52  INFO      TradingGraph: Created trade plan: entry=6575.4000, sl=6477.9300, tp=6721.6100
2026-04-01 08:52:52  INFO      TradingGraph: Executing trade for US500
2026-04-01 08:52:52  WARNING   MT5Executor: US500: trading disabled on this symbol (trade_mode=0 — may be outside market hours or broker restriction). Skipping.
2026-04-01 08:52:52  INFO      TradingGraph: Order not placed for US500 (executor returned None — see executor log for reason)
2026-04-01 08:52:52  INFO      TradingRunner: Analysing USTEC …
2026-04-01 08:52:52  INFO      TradingGraph: Running agents for USTEC
2026-04-01 08:52:52  INFO      TradingGraph: Completed 15 agents
2026-04-01 08:52:52  INFO      TradingGraph: Fusing timeframe signals
2026-04-01 08:52:52  INFO      TradingGraph: Fusion: L=-0.430(csns=1.00), M=0.526(csns=1.00), S=0.330(csns=0.80), align_str=0.000
2026-04-01 08:52:52  INFO      TradingGraph: Aligned [counter-trend-scalp] (bullish) — proceeding [L=-0.430 M=0.526 S=0.330 breadth=-0.124]
2026-04-01 08:52:52  INFO      TradingGraph: Generating trading recipe
2026-04-01 08:52:52  INFO      TradingGraph: Generated recipe: RISKY_LONG_COUNTER_TREND_SCALP_USTEC
2026-04-01 08:52:52  INFO      TradingGraph: Risk check passed
2026-04-01 08:52:52  INFO      TradingGraph: Creating trade plan
2026-04-01 08:52:52  INFO      TradingGraph: Confidence sizing [USTEC]: conf=0.494 → ×0.66 (risk=$0.76)
2026-04-01 08:52:52  INFO      TradingGraph: Structure SL/TP [USTEC] entry=23980.20000 sl=23557.31108 (1.96×ATR) tp=25157.13333 (R:R=2.78)
2026-04-01 08:52:52  INFO      TradingGraph: Created trade plan: entry=23980.2000, sl=23557.3100, tp=25157.1300
2026-04-01 08:52:52  INFO      TradingGraph: Executing trade for USTEC
2026-04-01 08:52:52  WARNING   MT5Executor: USTEC: trading disabled on this symbol (trade_mode=0 — may be outside market hours or broker restriction). Skipping.
2026-04-01 08:52:52  INFO      TradingGraph: Order not placed for USTEC (executor returned None — see executor log for reason)
2026-04-01 08:52:52  INFO      TradingRunner: Analysing DAX …
2026-04-01 08:52:52  INFO      TradingGraph: Running agents for DAX
2026-04-01 08:52:52  INFO      TradingGraph: Completed 15 agents
2026-04-01 08:52:52  INFO      TradingGraph: Fusing timeframe signals
2026-04-01 08:52:52  INFO      TradingGraph: Fusion: L=-0.075(csns=1.00), M=0.189(csns=0.50), S=0.242(csns=0.71), align_str=0.000
2026-04-01 08:52:52  INFO      TradingGraph: Timeframes not aligned — stopping (L=-0.075 M=0.189 S=0.242)
2026-04-01 08:52:52  INFO      TradingRunner: Analysing UK100 …
2026-04-01 08:52:52  INFO      TradingGraph: Running agents for UK100
2026-04-01 08:52:52  INFO      TradingGraph: Completed 15 agents
2026-04-01 08:52:52  INFO      TradingGraph: Fusing timeframe signals
2026-04-01 08:52:52  INFO      TradingGraph: Fusion: L=0.164(csns=1.00), M=0.456(csns=1.00), S=0.366(csns=0.80), align_str=0.301
2026-04-01 08:52:52  INFO      TradingGraph: Timeframes not aligned — stopping (L=0.164 M=0.456 S=0.366)
2026-04-01 08:52:52  INFO      TradingRunner: Analysing EURJPY …
2026-04-01 08:52:52  INFO      TradingGraph: Running agents for EURJPY
2026-04-01 08:52:52  INFO      TradingGraph: Completed 15 agents
2026-04-01 08:52:52  INFO      TradingGraph: Fusing timeframe signals
2026-04-01 08:52:52  INFO      TradingGraph: Fusion: L=-0.077(csns=0.50), M=0.092(csns=1.00), S=-0.093(csns=0.80), align_str=0.000
2026-04-01 08:52:52  INFO      TradingGraph: Timeframes not aligned — stopping (L=-0.077 M=0.092 S=-0.093)
2026-04-01 08:52:52  INFO      TradingRunner: Analysing GBPJPY …
2026-04-01 08:52:52  INFO      TradingGraph: Running agents for GBPJPY
2026-04-01 08:52:53  INFO      TradingGraph: Completed 15 agents
2026-04-01 08:52:53  INFO      TradingGraph: Fusing timeframe signals
2026-04-01 08:52:53  INFO      TradingGraph: Fusion: L=0.044(csns=0.50), M=0.004(csns=0.50), S=0.143(csns=0.80), align_str=0.029
2026-04-01 08:52:53  INFO      TradingGraph: Timeframes not aligned — stopping (L=0.044 M=0.004 S=0.143)
2026-04-01 08:52:53  INFO      TradingRunner: Analysing AUDJPY …
2026-04-01 08:52:53  INFO      TradingGraph: Running agents for AUDJPY
2026-04-01 08:52:53  INFO      TradingGraph: Completed 15 agents
2026-04-01 08:52:53  INFO      TradingGraph: Fusing timeframe signals
2026-04-01 08:52:53  INFO      TradingGraph: Fusion: L=0.488(csns=1.00), M=0.249(csns=1.00), S=0.298(csns=0.83), align_str=0.331
2026-04-01 08:52:53  INFO      TradingGraph: Aligned [full-alignment] (bullish) — proceeding [L=0.488 M=0.249 S=0.298 breadth=-0.124]
2026-04-01 08:52:53  INFO      TradingGraph: Generating trading recipe
2026-04-01 08:52:53  INFO      TradingGraph: Generated recipe: RISKY_LONG_FULL_ALIGNMENT_AUDJPY
2026-04-01 08:52:53  INFO      TradingGraph: Scale-in approved for AUDJPY (2/3 positions, signal=BUY, entry=full-alignment)
2026-04-01 08:52:53  INFO      TradingGraph: Pivot guard: resistance 0.17×ATR away — rejecting LONG (buffer=0.5)
2026-04-01 08:52:53  INFO      TradingRunner: Analysing EURGBP …
2026-04-01 08:52:53  INFO      TradingGraph: Running agents for EURGBP
2026-04-01 08:52:53  INFO      TradingGraph: Completed 15 agents
2026-04-01 08:52:53  INFO      TradingGraph: Fusing timeframe signals
2026-04-01 08:52:53  INFO      TradingGraph: Fusion: L=0.164(csns=1.00), M=0.072(csns=0.50), S=0.055(csns=0.43), align_str=0.086
2026-04-01 08:52:53  INFO      TradingGraph: Timeframes not aligned — stopping (L=0.164 M=0.072 S=0.055)
2026-04-01 08:52:53  INFO      TradingRunner: Analysing EURCHF …
2026-04-01 08:52:53  INFO      TradingGraph: Running agents for EURCHF
2026-04-01 08:52:53  INFO      TradingGraph: Completed 15 agents
2026-04-01 08:52:53  INFO      TradingGraph: Fusing timeframe signals
2026-04-01 08:52:53  INFO      TradingGraph: Fusion: L=-0.233(csns=0.50), M=0.056(csns=0.75), S=-0.112(csns=0.71), align_str=0.000
2026-04-01 08:52:53  INFO      TradingGraph: Aligned [pullback-entry] (bearish) — proceeding [L=-0.233 M=0.056 S=-0.112 breadth=-0.124]
2026-04-01 08:52:53  INFO      TradingGraph: Generating trading recipe
2026-04-01 08:52:53  INFO      TradingGraph: Generated recipe: RISKY_SHORT_PULLBACK_ENTRY_EURCHF
2026-04-01 08:52:53  INFO      TradingGraph: Pivot guard: support 0.00×ATR away — rejecting SHORT (buffer=0.5)
2026-04-01 08:52:53  INFO      TradingRunner: Analysing CHFJPY …
2026-04-01 08:52:53  INFO      TradingGraph: Running agents for CHFJPY
2026-04-01 08:52:53  INFO      TradingGraph: Completed 15 agents
2026-04-01 08:52:53  INFO      TradingGraph: Fusing timeframe signals
2026-04-01 08:52:53  INFO      TradingGraph: Fusion: L=0.310(csns=0.50), M=-0.055(csns=1.00), S=0.210(csns=0.67), align_str=0.000
2026-04-01 08:52:53  INFO      TradingGraph: Aligned [pullback-entry] (bullish) — proceeding [L=0.310 M=-0.055 S=0.210 breadth=-0.124]
2026-04-01 08:52:53  INFO      TradingGraph: Generating trading recipe
2026-04-01 08:52:53  INFO      TradingGraph: Generated recipe: RISKY_LONG_PULLBACK_ENTRY_CHFJPY
2026-04-01 08:52:53  INFO      TradingGraph: Pivot guard: resistance 0.29×ATR away — rejecting LONG (buffer=0.5)
2026-04-01 08:52:53  INFO      TradingRunner: PnL — unrealized: +2.07  realized today: +0.04  total: +2.11
2026-04-01 08:52:53  INFO      TradingRunner: Signal cycle done in 7.2s — sleeping 293s
2026-04-01 08:53:48  INFO      TradingGraph: Running agents for GBPUSD
2026-04-01 08:53:48  INFO      TradingGraph: Completed 15 agents
2026-04-01 08:53:48  INFO      TradingGraph: Fusing timeframe signals
2026-04-01 08:53:48  INFO      TradingGraph: Fusion: L=-0.575(csns=1.00), M=0.533(csns=1.00), S=0.134(csns=0.71), align_str=0.000
2026-04-01 08:53:48  INFO      TradingGraph: Running agents for USDCAD
2026-04-01 08:53:48  INFO      TradingGraph: Completed 15 agents
2026-04-01 08:53:48  INFO      TradingGraph: Fusing timeframe signals
2026-04-01 08:53:48  INFO      TradingGraph: Fusion: L=0.366(csns=0.67), M=-0.287(csns=1.00), S=0.031(csns=0.43), align_str=0.000
2026-04-01 08:53:48  INFO      TradingGraph: Running agents for AUDJPY
2026-04-01 08:53:49  INFO      TradingGraph: Completed 15 agents
2026-04-01 08:53:49  INFO      TradingGraph: Fusing timeframe signals
2026-04-01 08:53:49  INFO      TradingGraph: Fusion: L=0.492(csns=1.00), M=0.268(csns=1.00), S=0.234(csns=0.83), align_str=0.314
2026-04-01 08:53:49  INFO      TradingGraph: Running agents for EURGBP
2026-04-01 08:53:49  INFO      TradingGraph: Completed 15 agents
2026-04-01 08:53:49  INFO      TradingGraph: Fusing timeframe signals
2026-04-01 08:53:49  INFO      TradingGraph: Fusion: L=0.164(csns=1.00), M=0.072(csns=0.50), S=0.055(csns=0.43), align_str=0.087
2026-04-01 08:53:49  INFO      TradingGraph: Running agents for AUDJPY
2026-04-01 08:53:49  INFO      TradingGraph: Completed 15 agents
2026-04-01 08:53:49  INFO      TradingGraph: Fusing timeframe signals
2026-04-01 08:53:49  INFO      TradingGraph: Fusion: L=0.492(csns=1.00), M=0.269(csns=1.00), S=0.234(csns=0.83), align_str=0.314
2026-04-01 08:53:50  INFO      TradingGraph: Running agents for EURUSD
2026-04-01 08:53:50  INFO      TradingGraph: Completed 15 agents
2026-04-01 08:53:50  INFO      TradingGraph: Fusing timeframe signals
2026-04-01 08:53:50  INFO      TradingGraph: Fusion: L=-0.345(csns=0.50), M=0.519(csns=1.00), S=0.177(csns=0.83), align_str=0.000
2026-04-01 08:53:50  INFO      TradingGraph: Running agents for XAGUSD
2026-04-01 08:53:50  INFO      TradingGraph: Completed 15 agents
2026-04-01 08:53:50  INFO      TradingGraph: Fusing timeframe signals
2026-04-01 08:53:50  INFO      TradingGraph: Fusion: L=-0.201(csns=0.50), M=0.356(csns=1.00), S=0.312(csns=0.86), align_str=0.000
2026-04-01 08:54:48  INFO      TradingGraph: Running agents for GBPUSD
2026-04-01 08:54:48  INFO      TradingGraph: Completed 15 agents
2026-04-01 08:54:48  INFO      TradingGraph: Fusing timeframe signals
2026-04-01 08:54:48  INFO      TradingGraph: Fusion: L=-0.575(csns=1.00), M=0.539(csns=1.00), S=0.135(csns=0.71), align_str=0.000
2026-04-01 08:54:48  INFO      TradingGraph: Running agents for USDCAD
2026-04-01 08:54:48  INFO      TradingGraph: Completed 15 agents
2026-04-01 08:54:48  INFO      TradingGraph: Fusing timeframe signals
2026-04-01 08:54:48  INFO      TradingGraph: Fusion: L=0.366(csns=0.67), M=-0.334(csns=1.00), S=0.032(csns=0.43), align_str=0.000
2026-04-01 08:54:49  INFO      TradingGraph: Running agents for AUDJPY
2026-04-01 08:54:49  INFO      TradingGraph: Completed 15 agents
2026-04-01 08:54:49  INFO      TradingGraph: Fusing timeframe signals
2026-04-01 08:54:49  INFO      TradingGraph: Fusion: L=0.492(csns=1.00), M=0.275(csns=1.00), S=0.247(csns=0.83), align_str=0.322
2026-04-01 08:54:49  INFO      TradingGraph: Running agents for EURGBP
2026-04-01 08:54:49  INFO      TradingGraph: Completed 15 agents
2026-04-01 08:54:49  INFO      TradingGraph: Fusing timeframe signals
2026-04-01 08:54:49  INFO      TradingGraph: Fusion: L=0.164(csns=1.00), M=0.072(csns=0.50), S=0.055(csns=0.43), align_str=0.086
2026-04-01 08:54:49  INFO      TradingGraph: Running agents for AUDJPY
2026-04-01 08:54:49  INFO      TradingGraph: Completed 15 agents
2026-04-01 08:54:49  INFO      TradingGraph: Fusing timeframe signals
2026-04-01 08:54:49  INFO      TradingGraph: Fusion: L=0.492(csns=1.00), M=0.275(csns=1.00), S=0.247(csns=0.83), align_str=0.322
2026-04-01 08:54:49  INFO      TradingGraph: Running agents for EURUSD
2026-04-01 08:54:50  INFO      TradingGraph: Completed 15 agents
2026-04-01 08:54:50  INFO      TradingGraph: Fusing timeframe signals
2026-04-01 08:54:50  INFO      TradingGraph: Fusion: L=-0.307(csns=0.50), M=0.575(csns=1.00), S=0.172(csns=0.83), align_str=0.000
2026-04-01 08:54:50  INFO      TradingGraph: Running agents for XAGUSD
2026-04-01 08:54:50  INFO      TradingGraph: Completed 15 agents
2026-04-01 08:54:50  INFO      TradingGraph: Fusing timeframe signals
2026-04-01 08:54:50  INFO      TradingGraph: Fusion: L=-0.201(csns=0.50), M=0.358(csns=1.00), S=0.315(csns=0.86), align_str=0.000
2026-04-01 08:55:48  INFO      TradingGraph: Running agents for GBPUSD
2026-04-01 08:55:48  INFO      TradingGraph: Completed 15 agents
2026-04-01 08:55:48  INFO      TradingGraph: Fusing timeframe signals
2026-04-01 08:55:48  INFO      TradingGraph: Fusion: L=-0.575(csns=1.00), M=0.536(csns=1.00), S=0.134(csns=0.71), align_str=0.000
2026-04-01 08:55:49  INFO      TradingGraph: Running agents for USDCAD
2026-04-01 08:55:49  INFO      TradingGraph: Completed 15 agents
2026-04-01 08:55:49  INFO      TradingGraph: Fusing timeframe signals
2026-04-01 08:55:49  INFO      TradingGraph: Fusion: L=0.366(csns=0.67), M=-0.337(csns=1.00), S=0.033(csns=0.43), align_str=0.000
2026-04-01 08:55:49  INFO      TradingGraph: Running agents for AUDJPY
2026-04-01 08:55:49  INFO      TradingGraph: Completed 15 agents
2026-04-01 08:55:49  INFO      TradingGraph: Fusing timeframe signals
2026-04-01 08:55:49  INFO      TradingGraph: Fusion: L=0.493(csns=1.00), M=0.283(csns=1.00), S=0.227(csns=0.83), align_str=0.316
2026-04-01 08:55:50  INFO      TradingGraph: Running agents for EURGBP
2026-04-01 08:55:50  INFO      TradingGraph: Completed 15 agents
2026-04-01 08:55:50  INFO      TradingGraph: Fusing timeframe signals
2026-04-01 08:55:50  INFO      TradingGraph: Fusion: L=0.166(csns=1.00), M=0.086(csns=0.50), S=0.054(csns=0.43), align_str=0.092
2026-04-01 08:55:50  INFO      TradingGraph: Running agents for AUDJPY
2026-04-01 08:55:50  INFO      TradingGraph: Completed 15 agents
2026-04-01 08:55:50  INFO      TradingGraph: Fusing timeframe signals
2026-04-01 08:55:50  INFO      TradingGraph: Fusion: L=0.493(csns=1.00), M=0.285(csns=1.00), S=0.227(csns=0.83), align_str=0.317
2026-04-01 08:55:51  INFO      TradingGraph: Running agents for EURUSD
2026-04-01 08:55:51  INFO      TradingGraph: Completed 15 agents
2026-04-01 08:55:51  INFO      TradingGraph: Fusing timeframe signals
2026-04-01 08:55:51  INFO      TradingGraph: Fusion: L=-0.306(csns=0.50), M=0.589(csns=1.00), S=0.166(csns=0.83), align_str=0.000
2026-04-01 08:55:51  INFO      TradingGraph: Running agents for XAGUSD
2026-04-01 08:55:51  INFO      TradingGraph: Completed 15 agents
2026-04-01 08:55:51  INFO      TradingGraph: Fusing timeframe signals
2026-04-01 08:55:51  INFO      TradingGraph: Fusion: L=-0.201(csns=0.50), M=0.362(csns=1.00), S=0.324(csns=0.86), align_str=0.000
2026-04-01 08:56:47  INFO      TradingGraph: Running agents for GBPUSD
2026-04-01 08:56:48  INFO      TradingGraph: Completed 15 agents
2026-04-01 08:56:48  INFO      TradingGraph: Fusing timeframe signals
2026-04-01 08:56:48  INFO      TradingGraph: Fusion: L=-0.575(csns=1.00), M=0.537(csns=1.00), S=0.135(csns=0.71), align_str=0.000
2026-04-01 08:56:48  INFO      TradingGraph: Running agents for USDCAD
2026-04-01 08:56:48  INFO      TradingGraph: Completed 15 agents
2026-04-01 08:56:48  INFO      TradingGraph: Fusing timeframe signals
2026-04-01 08:56:48  INFO      TradingGraph: Fusion: L=0.367(csns=0.67), M=-0.339(csns=1.00), S=0.028(csns=0.43), align_str=0.000
2026-04-01 08:56:48  INFO      TradingGraph: Running agents for AUDJPY
2026-04-01 08:56:48  INFO      TradingGraph: Completed 15 agents
2026-04-01 08:56:48  INFO      TradingGraph: Fusing timeframe signals
2026-04-01 08:56:48  INFO      TradingGraph: Fusion: L=0.494(csns=1.00), M=0.297(csns=1.00), S=0.238(csns=0.83), align_str=0.327
2026-04-01 08:56:48  INFO      TradingGraph: Running agents for EURGBP
2026-04-01 08:56:49  INFO      TradingGraph: Completed 15 agents
2026-04-01 08:56:49  INFO      TradingGraph: Fusing timeframe signals
2026-04-01 08:56:49  INFO      TradingGraph: Fusion: L=0.168(csns=1.00), M=0.104(csns=0.50), S=0.044(csns=0.33), align_str=0.092
2026-04-01 08:56:49  INFO      TradingGraph: Running agents for AUDJPY
2026-04-01 08:56:49  INFO      TradingGraph: Completed 15 agents
2026-04-01 08:56:49  INFO      TradingGraph: Fusing timeframe signals
2026-04-01 08:56:49  INFO      TradingGraph: Fusion: L=0.494(csns=1.00), M=0.300(csns=1.00), S=0.241(csns=0.83), align_str=0.329
2026-04-01 08:56:49  INFO      TradingGraph: Running agents for EURUSD
2026-04-01 08:56:49  INFO      TradingGraph: Completed 15 agents
2026-04-01 08:56:49  INFO      TradingGraph: Fusing timeframe signals
2026-04-01 08:56:49  INFO      TradingGraph: Fusion: L=-0.306(csns=0.50), M=0.601(csns=1.00), S=0.163(csns=0.83), align_str=0.000
2026-04-01 08:56:49  INFO      TradingGraph: Running agents for XAGUSD
2026-04-01 08:56:50  INFO      TradingGraph: Completed 15 agents
2026-04-01 08:56:50  INFO      TradingGraph: Fusing timeframe signals
2026-04-01 08:56:50  INFO      TradingGraph: Fusion: L=-0.200(csns=0.50), M=0.363(csns=1.00), S=0.338(csns=0.86), align_str=0.000
2026-04-01 08:57:48  INFO      TradingGraph: Running agents for GBPUSD
2026-04-01 08:57:48  INFO      TradingGraph: Completed 15 agents
2026-04-01 08:57:48  INFO      TradingGraph: Fusing timeframe signals
2026-04-01 08:57:48  INFO      TradingGraph: Fusion: L=-0.575(csns=1.00), M=0.534(csns=1.00), S=0.134(csns=0.71), align_str=0.000
2026-04-01 08:57:49  INFO      TradingGraph: Running agents for USDCAD
2026-04-01 08:57:49  INFO      TradingGraph: Completed 15 agents
2026-04-01 08:57:49  INFO      TradingGraph: Fusing timeframe signals
2026-04-01 08:57:49  INFO      TradingGraph: Fusion: L=0.366(csns=0.67), M=-0.341(csns=1.00), S=0.028(csns=0.43), align_str=0.000
2026-04-01 08:57:49  INFO      TradingGraph: Running agents for AUDJPY
2026-04-01 08:57:50  INFO      TradingGraph: Completed 15 agents
2026-04-01 08:57:50  INFO      TradingGraph: Fusing timeframe signals
2026-04-01 08:57:50  INFO      TradingGraph: Fusion: L=0.493(csns=1.00), M=0.299(csns=1.00), S=0.240(csns=0.83), align_str=0.328
2026-04-01 08:57:50  INFO      TradingGraph: Running agents for EURGBP
2026-04-01 08:57:51  INFO      TradingGraph: Completed 15 agents
2026-04-01 08:57:51  INFO      TradingGraph: Fusing timeframe signals
2026-04-01 08:57:51  INFO      TradingGraph: Fusion: L=0.168(csns=1.00), M=0.120(csns=0.50), S=0.044(csns=0.33), align_str=0.096
2026-04-01 08:57:51  INFO      TradingGraph: Running agents for AUDJPY
2026-04-01 08:57:51  INFO      TradingRunner: Analysing GBPUSD …
2026-04-01 08:57:51  INFO      TradingGraph: Running agents for GBPUSD
2026-04-01 08:57:51  INFO      TradingGraph: Completed 15 agents
2026-04-01 08:57:51  INFO      TradingGraph: Fusing timeframe signals
2026-04-01 08:57:51  INFO      TradingGraph: Fusion: L=0.493(csns=1.00), M=0.297(csns=1.00), S=0.240(csns=0.83), align_str=0.327
2026-04-01 08:57:52  INFO      TradingGraph: Running agents for EURUSD
2026-04-01 08:57:52  INFO      TradingGraph: Completed 15 agents
2026-04-01 08:57:52  INFO      TradingGraph: Completed 15 agents
2026-04-01 08:57:52  INFO      TradingGraph: Fusing timeframe signals
2026-04-01 08:57:52  INFO      TradingGraph: Fusion: L=-0.306(csns=0.50), M=0.594(csns=1.00), S=0.165(csns=0.83), align_str=0.000
2026-04-01 08:57:52  INFO      TradingGraph: Running agents for XAGUSD
2026-04-01 08:57:52  INFO      TradingGraph: Completed 15 agents
2026-04-01 08:57:52  INFO      TradingGraph: Fusing timeframe signals
2026-04-01 08:57:52  INFO      TradingGraph: Fusion: L=-0.201(csns=0.50), M=0.364(csns=1.00), S=0.338(csns=0.86), align_str=0.000
2026-04-01 08:57:52  INFO      TradingGraph: Fusing timeframe signals
2026-04-01 08:57:52  INFO      TradingGraph: Fusion: L=-0.575(csns=1.00), M=0.531(csns=1.00), S=0.134(csns=0.71), align_str=0.000
2026-04-01 08:57:52  INFO      TradingGraph: Timeframes not aligned — stopping (L=-0.575 M=0.531 S=0.134)
2026-04-01 08:57:52  INFO      TradingRunner: Analysing USDJPY …
2026-04-01 08:57:52  INFO      TradingGraph: Running agents for USDJPY
2026-04-01 08:57:52  INFO      TradingGraph: Completed 15 agents
2026-04-01 08:57:52  INFO      TradingGraph: Fusing timeframe signals
2026-04-01 08:57:52  INFO      TradingGraph: Fusion: L=0.223(csns=0.33), M=-0.577(csns=1.00), S=-0.091(csns=0.71), align_str=0.000
2026-04-01 08:57:52  INFO      TradingGraph: Timeframes not aligned — stopping (L=0.223 M=-0.577 S=-0.091)
2026-04-01 08:57:52  INFO      TradingRunner: Analysing USDCHF …
2026-04-01 08:57:52  INFO      TradingGraph: Running agents for USDCHF
2026-04-01 08:57:52  INFO      TradingGraph: Completed 15 agents
2026-04-01 08:57:52  INFO      TradingGraph: Fusing timeframe signals
2026-04-01 08:57:52  INFO      TradingGraph: Fusion: L=0.536(csns=1.00), M=-0.577(csns=1.00), S=-0.110(csns=0.71), align_str=0.000
2026-04-01 08:57:52  INFO      TradingGraph: Timeframes not aligned — stopping (L=0.536 M=-0.577 S=-0.110)
2026-04-01 08:57:52  INFO      TradingRunner: Analysing AUDUSD …
2026-04-01 08:57:52  INFO      TradingGraph: Running agents for AUDUSD
2026-04-01 08:57:52  INFO      TradingGraph: Completed 15 agents
2026-04-01 08:57:52  INFO      TradingGraph: Fusing timeframe signals
2026-04-01 08:57:52  INFO      TradingGraph: Fusion: L=0.016(csns=1.00), M=0.554(csns=1.00), S=0.251(csns=0.71), align_str=0.129
2026-04-01 08:57:52  INFO      TradingGraph: Timeframes not aligned — stopping (L=0.016 M=0.554 S=0.251)
2026-04-01 08:57:52  INFO      TradingRunner: Analysing USDCAD …
2026-04-01 08:57:52  INFO      TradingGraph: Running agents for USDCAD
2026-04-01 08:57:52  INFO      TradingGraph: Completed 15 agents
2026-04-01 08:57:52  INFO      TradingGraph: Fusing timeframe signals
2026-04-01 08:57:52  INFO      TradingGraph: Fusion: L=0.366(csns=0.67), M=-0.341(csns=1.00), S=0.028(csns=0.43), align_str=0.000
2026-04-01 08:57:52  INFO      TradingGraph: Timeframes not aligned — stopping (L=0.366 M=-0.341 S=0.028)
2026-04-01 08:57:52  INFO      TradingRunner: Analysing NZDUSD …
2026-04-01 08:57:52  INFO      TradingGraph: Running agents for NZDUSD
2026-04-01 08:57:52  INFO      TradingGraph: Completed 15 agents
2026-04-01 08:57:52  INFO      TradingGraph: Fusing timeframe signals
2026-04-01 08:57:52  INFO      TradingGraph: Fusion: L=-0.575(csns=1.00), M=0.554(csns=1.00), S=0.124(csns=0.67), align_str=0.000
2026-04-01 08:57:52  INFO      TradingGraph: Timeframes not aligned — stopping (L=-0.575 M=0.554 S=0.124)
2026-04-01 08:57:52  INFO      TradingRunner: Analysing US30 …
2026-04-01 08:57:52  INFO      TradingGraph: Running agents for US30
2026-04-01 08:57:53  INFO      TradingGraph: Completed 15 agents
2026-04-01 08:57:53  INFO      TradingGraph: Fusing timeframe signals
2026-04-01 08:57:53  INFO      TradingGraph: Fusion: L=-0.373(csns=1.00), M=0.486(csns=1.00), S=0.284(csns=0.67), align_str=0.000
2026-04-01 08:57:53  INFO      TradingGraph: Aligned [counter-trend-scalp] (bullish) — proceeding [L=-0.373 M=0.486 S=0.284 breadth=-0.124]
2026-04-01 08:57:53  INFO      TradingGraph: Generating trading recipe
2026-04-01 08:57:53  INFO      TradingGraph: Generated recipe: RISKY_LONG_COUNTER_TREND_SCALP_US30
2026-04-01 08:57:53  INFO      TradingGraph: Risk check passed
2026-04-01 08:57:53  INFO      TradingGraph: Creating trade plan
2026-04-01 08:57:53  INFO      TradingGraph: Confidence sizing [US30]: conf=0.566 → ×0.77 (risk=$0.94)
2026-04-01 08:57:53  INFO      TradingGraph: Structure SL/TP [US30] entry=46643.40000 sl=45868.25425 (2.23×ATR) tp=47889.86667 (R:R=1.61)
2026-04-01 08:57:53  INFO      TradingGraph: Created trade plan: entry=46643.4000, sl=45868.2500, tp=47889.8700
2026-04-01 08:57:53  INFO      TradingGraph: Executing trade for US30
2026-04-01 08:57:53  WARNING   MT5Executor: US30: trading disabled on this symbol (trade_mode=0 — may be outside market hours or broker restriction). Skipping.
2026-04-01 08:57:53  INFO      TradingGraph: Order not placed for US30 (executor returned None — see executor log for reason)
2026-04-01 08:57:53  INFO      TradingRunner: Analysing US500 …
2026-04-01 08:57:53  INFO      TradingGraph: Running agents for US500
2026-04-01 08:57:53  INFO      TradingGraph: Completed 15 agents
2026-04-01 08:57:53  INFO      TradingGraph: Fusing timeframe signals
2026-04-01 08:57:53  INFO      TradingGraph: Fusion: L=-0.414(csns=1.00), M=0.480(csns=1.00), S=0.315(csns=0.80), align_str=0.000
2026-04-01 08:57:53  INFO      TradingGraph: Aligned [counter-trend-scalp] (bullish) — proceeding [L=-0.414 M=0.480 S=0.315 breadth=-0.124]
2026-04-01 08:57:53  INFO      TradingGraph: Generating trading recipe
2026-04-01 08:57:53  INFO      TradingGraph: Generated recipe: RISKY_LONG_COUNTER_TREND_SCALP_US500
2026-04-01 08:57:53  INFO      TradingGraph: Risk check passed
2026-04-01 08:57:53  INFO      TradingGraph: Creating trade plan
2026-04-01 08:57:53  INFO      TradingGraph: Confidence sizing [US500]: conf=0.508 → ×0.68 (risk=$0.84)
2026-04-01 08:57:53  INFO      TradingGraph: Structure SL/TP [US500] entry=6577.80000 sl=6477.92979 (1.98×ATR) tp=6670.33333 (R:R=0.93)
2026-04-01 08:57:53  INFO      TradingGraph: Created trade plan: entry=6577.8000, sl=6477.9300, tp=6727.6100
2026-04-01 08:57:53  INFO      TradingGraph: Executing trade for US500
2026-04-01 08:57:53  WARNING   MT5Executor: US500: trading disabled on this symbol (trade_mode=0 — may be outside market hours or broker restriction). Skipping.
2026-04-01 08:57:53  INFO      TradingGraph: Order not placed for US500 (executor returned None — see executor log for reason)
2026-04-01 08:57:53  INFO      TradingRunner: Analysing USTEC …
2026-04-01 08:57:53  INFO      TradingGraph: Running agents for USTEC
2026-04-01 08:57:53  INFO      TradingGraph: Completed 15 agents
2026-04-01 08:57:53  INFO      TradingGraph: Fusing timeframe signals
2026-04-01 08:57:53  INFO      TradingGraph: Fusion: L=-0.430(csns=1.00), M=0.529(csns=1.00), S=0.329(csns=0.80), align_str=0.000
2026-04-01 08:57:53  INFO      TradingGraph: Aligned [counter-trend-scalp] (bullish) — proceeding [L=-0.430 M=0.529 S=0.329 breadth=-0.124]
2026-04-01 08:57:53  INFO      TradingGraph: Generating trading recipe
2026-04-01 08:57:53  INFO      TradingGraph: Generated recipe: RISKY_LONG_COUNTER_TREND_SCALP_USTEC
2026-04-01 08:57:53  INFO      TradingGraph: Risk check passed
2026-04-01 08:57:53  INFO      TradingGraph: Creating trade plan
2026-04-01 08:57:53  INFO      TradingGraph: Confidence sizing [USTEC]: conf=0.494 → ×0.66 (risk=$0.81)
2026-04-01 08:57:53  INFO      TradingGraph: Structure SL/TP [USTEC] entry=23986.70000 sl=23557.31108 (1.99×ATR) tp=25157.13333 (R:R=2.73)
2026-04-01 08:57:53  INFO      TradingGraph: Created trade plan: entry=23986.7000, sl=23557.3100, tp=25157.1300
2026-04-01 08:57:53  INFO      TradingGraph: Executing trade for USTEC
2026-04-01 08:57:53  WARNING   MT5Executor: USTEC: trading disabled on this symbol (trade_mode=0 — may be outside market hours or broker restriction). Skipping.
2026-04-01 08:57:53  INFO      TradingGraph: Order not placed for USTEC (executor returned None — see executor log for reason)
2026-04-01 08:57:53  INFO      TradingRunner: Analysing DAX …
2026-04-01 08:57:53  INFO      TradingGraph: Running agents for DAX
2026-04-01 08:57:53  INFO      TradingGraph: Completed 15 agents
2026-04-01 08:57:53  INFO      TradingGraph: Fusing timeframe signals
2026-04-01 08:57:53  INFO      TradingGraph: Fusion: L=-0.076(csns=1.00), M=0.189(csns=0.50), S=0.242(csns=0.71), align_str=0.000
2026-04-01 08:57:53  INFO      TradingGraph: Timeframes not aligned — stopping (L=-0.076 M=0.189 S=0.242)
2026-04-01 08:57:53  INFO      TradingRunner: Analysing UK100 …
2026-04-01 08:57:53  INFO      TradingGraph: Running agents for UK100
2026-04-01 08:57:53  INFO      TradingGraph: Completed 15 agents
2026-04-01 08:57:53  INFO      TradingGraph: Fusing timeframe signals
2026-04-01 08:57:53  INFO      TradingGraph: Fusion: L=0.164(csns=1.00), M=0.462(csns=1.00), S=0.367(csns=0.80), align_str=0.303
2026-04-01 08:57:53  INFO      TradingGraph: Timeframes not aligned — stopping (L=0.164 M=0.462 S=0.367)
2026-04-01 08:57:53  INFO      TradingRunner: Analysing EURJPY …
2026-04-01 08:57:53  INFO      TradingGraph: Running agents for EURJPY
2026-04-01 08:57:53  INFO      TradingGraph: Completed 15 agents
2026-04-01 08:57:53  INFO      TradingGraph: Fusing timeframe signals
2026-04-01 08:57:53  INFO      TradingGraph: Fusion: L=-0.077(csns=0.50), M=0.135(csns=1.00), S=-0.089(csns=0.60), align_str=0.000
2026-04-01 08:57:53  INFO      TradingGraph: Timeframes not aligned — stopping (L=-0.077 M=0.135 S=-0.089)
2026-04-01 08:57:53  INFO      TradingRunner: Analysing GBPJPY …
2026-04-01 08:57:53  INFO      TradingGraph: Running agents for GBPJPY
2026-04-01 08:57:53  INFO      TradingGraph: Completed 15 agents
2026-04-01 08:57:53  INFO      TradingGraph: Fusing timeframe signals
2026-04-01 08:57:53  INFO      TradingGraph: Fusion: L=0.043(csns=0.50), M=-0.011(csns=0.50), S=0.057(csns=0.75), align_str=0.000
2026-04-01 08:57:53  INFO      TradingGraph: Timeframes not aligned — stopping (L=0.043 M=-0.011 S=0.057)
2026-04-01 08:57:53  INFO      TradingRunner: Analysing AUDJPY …
2026-04-01 08:57:53  INFO      TradingGraph: Running agents for AUDJPY
2026-04-01 08:57:53  INFO      TradingGraph: Completed 15 agents
2026-04-01 08:57:53  INFO      TradingGraph: Fusing timeframe signals
2026-04-01 08:57:53  INFO      TradingGraph: Fusion: L=0.493(csns=1.00), M=0.296(csns=1.00), S=0.239(csns=0.83), align_str=0.327
2026-04-01 08:57:53  INFO      TradingGraph: Aligned [full-alignment] (bullish) — proceeding [L=0.493 M=0.296 S=0.239 breadth=-0.124]
2026-04-01 08:57:53  INFO      TradingGraph: Generating trading recipe
2026-04-01 08:57:53  INFO      TradingGraph: Generated recipe: RISKY_LONG_FULL_ALIGNMENT_AUDJPY
2026-04-01 08:57:53  INFO      TradingGraph: Scale-in approved for AUDJPY (2/3 positions, signal=BUY, entry=full-alignment)
2026-04-01 08:57:53  INFO      TradingGraph: Risk check passed
2026-04-01 08:57:53  INFO      TradingGraph: Creating trade plan
2026-04-01 08:57:53  INFO      TradingGraph: Scale-in plan: risk×0.6, SL=1.0×ATR
2026-04-01 08:57:53  INFO      TradingGraph: Confidence sizing [AUDJPY]: conf=0.588 → ×0.80 (risk=$0.59)
2026-04-01 08:57:53  INFO      TradingGraph: Structure SL/TP [AUDJPY] entry=109.90300 sl=109.23629 (1.50×ATR) tp=110.79200 (R:R=1.33)
2026-04-01 08:57:53  INFO      TradingGraph: Created trade plan: entry=109.9030, sl=109.2360, tp=110.9030
2026-04-01 08:57:53  INFO      TradingGraph: Executing trade for AUDJPY
2026-04-01 08:57:53  INFO      MT5Executor: AUDJPY: lots=0.01 (risk=$3.63)
2026-04-01 08:57:53  INFO      MT5Executor: Market order filled: ticket=56036692622 vol=0.01
2026-04-01 08:57:53  INFO      TradingGraph: Order placed: ticket=56036692622
2026-04-01 08:57:53  INFO      OrderManager: Created order order_10_20260401_085753 for AUDJPY
2026-04-01 08:57:53  INFO      TradeJournal: TRADE  AUDJPY           Direction.LONG  qty=0.01  entry=109.90300  sl=109.23600  tp=110.90300  ticket=56036692622
2026-04-01 08:57:53  INFO      TradingRunner: AUDJPY: trade placed — daily count 3/14, next entry in 25min
2026-04-01 08:57:54  INFO      TradingRunner: Analysing EURGBP …
2026-04-01 08:57:54  INFO      TradingGraph: Running agents for EURGBP
2026-04-01 08:57:54  INFO      TradingGraph: Completed 15 agents
2026-04-01 08:57:54  INFO      TradingGraph: Fusing timeframe signals
2026-04-01 08:57:54  INFO      TradingGraph: Fusion: L=0.168(csns=1.00), M=0.120(csns=0.50), S=0.044(csns=0.33), align_str=0.096
2026-04-01 08:57:54  INFO      TradingGraph: Timeframes not aligned — stopping (L=0.168 M=0.120 S=0.044)
2026-04-01 08:57:54  INFO      TradingRunner: Analysing EURCHF …
2026-04-01 08:57:54  INFO      TradingGraph: Running agents for EURCHF
2026-04-01 08:57:54  INFO      TradingGraph: Completed 15 agents
2026-04-01 08:57:54  INFO      TradingGraph: Fusing timeframe signals
2026-04-01 08:57:54  INFO      TradingGraph: Fusion: L=-0.359(csns=1.00), M=0.043(csns=0.67), S=-0.103(csns=0.71), align_str=0.000
2026-04-01 08:57:54  INFO      TradingGraph: Aligned [pullback-entry] (bearish) — proceeding [L=-0.359 M=0.043 S=-0.103 breadth=-0.124]
2026-04-01 08:57:54  INFO      TradingGraph: Generating trading recipe
2026-04-01 08:57:54  INFO      TradingGraph: Generated recipe: RISKY_SHORT_PULLBACK_ENTRY_EURCHF
2026-04-01 08:57:54  INFO      TradingGraph: Risk check passed
2026-04-01 08:57:54  INFO      TradingGraph: Creating trade plan
2026-04-01 08:57:54  INFO      TradingGraph: Confidence sizing [EURCHF]: conf=0.545 → ×0.74 (risk=$0.91)
2026-04-01 08:57:54  INFO      TradingGraph: Structure SL/TP [EURCHF] entry=0.92088 sl=0.92408 (1.50×ATR) tp=0.91535 (R:R=1.73)
2026-04-01 08:57:54  INFO      TradingGraph: Created trade plan: entry=0.9209, sl=0.9241, tp=0.9153
2026-04-01 08:57:54  INFO      TradingGraph: Executing trade for EURCHF
2026-04-01 08:57:54  INFO      MT5Executor: EURCHF: lots=0.01 (risk=$3.47)
2026-04-01 08:57:54  INFO      MT5Executor: Market order filled: ticket=56036693251 vol=0.01
2026-04-01 08:57:54  INFO      TradingGraph: Order placed: ticket=56036693251
2026-04-01 08:57:54  INFO      OrderManager: Created order order_11_20260401_085754 for EURCHF
2026-04-01 08:57:54  INFO      TradeJournal: TRADE  EURCHF           Direction.SHORT  qty=0.01  entry=0.92088  sl=0.92408  tp=0.91535  ticket=56036693251
2026-04-01 08:57:54  INFO      TradingRunner: EURCHF: trade placed — daily count 4/14, next entry in 25min
2026-04-01 08:57:54  INFO      TradingRunner: Analysing CHFJPY …
2026-04-01 08:57:54  INFO      TradingGraph: Running agents for CHFJPY
2026-04-01 08:57:55  INFO      TradingGraph: Completed 15 agents
2026-04-01 08:57:55  INFO      TradingGraph: Fusing timeframe signals
2026-04-01 08:57:55  INFO      TradingGraph: Fusion: L=0.310(csns=0.50), M=-0.023(csns=1.00), S=0.240(csns=0.67), align_str=0.000
2026-04-01 08:57:55  INFO      TradingGraph: Aligned [pullback-entry] (bullish) — proceeding [L=0.310 M=-0.023 S=0.240 breadth=-0.124]
2026-04-01 08:57:55  INFO      TradingGraph: Generating trading recipe
2026-04-01 08:57:55  INFO      TradingGraph: Generated recipe: RISKY_LONG_PULLBACK_ENTRY_CHFJPY
2026-04-01 08:57:55  INFO      TradingGraph: Correlation guard: 3/3 short_jpy positions already open — refusing CHFJPY BUY
2026-04-01 08:57:55  INFO      TradingRunner: PnL — unrealized: +12.71  realized today: +0.04  total: +12.75
2026-04-01 08:57:55  INFO      TradingRunner: Signal cycle done in 9.2s — sleeping 291s
2026-04-01 08:58:48  INFO      TradingGraph: Running agents for GBPUSD
2026-04-01 08:58:48  INFO      TradingGraph: Completed 15 agents
2026-04-01 08:58:48  INFO      TradingGraph: Fusing timeframe signals
2026-04-01 08:58:48  INFO      TradingGraph: Fusion: L=-0.575(csns=1.00), M=0.539(csns=1.00), S=0.135(csns=0.71), align_str=0.000
2026-04-01 08:58:48  INFO      TradingGraph: Running agents for USDCAD
2026-04-01 08:58:48  INFO      TradingGraph: Completed 15 agents
2026-04-01 08:58:48  INFO      TradingGraph: Fusing timeframe signals
2026-04-01 08:58:48  INFO      TradingGraph: Fusion: L=0.367(csns=0.67), M=-0.336(csns=1.00), S=0.028(csns=0.43), align_str=0.000
2026-04-01 08:58:48  INFO      TradingGraph: Running agents for AUDJPY
2026-04-01 08:58:48  INFO      TradingGraph: Completed 15 agents
2026-04-01 08:58:48  INFO      TradingGraph: Fusing timeframe signals
2026-04-01 08:58:48  INFO      TradingGraph: Fusion: L=0.494(csns=1.00), M=0.347(csns=1.00), S=0.163(csns=0.67), align_str=0.304
2026-04-01 08:58:49  INFO      TradingGraph: Running agents for EURGBP
2026-04-01 08:58:49  INFO      TradingGraph: Completed 15 agents
2026-04-01 08:58:49  INFO      TradingGraph: Fusing timeframe signals
2026-04-01 08:58:49  INFO      TradingGraph: Fusion: L=0.168(csns=1.00), M=0.120(csns=0.50), S=0.044(csns=0.33), align_str=0.096
2026-04-01 08:58:49  INFO      TradingGraph: Running agents for AUDJPY
2026-04-01 08:58:49  INFO      TradingGraph: Completed 15 agents
2026-04-01 08:58:49  INFO      TradingGraph: Fusing timeframe signals
2026-04-01 08:58:49  INFO      TradingGraph: Fusion: L=0.494(csns=1.00), M=0.307(csns=1.00), S=0.162(csns=0.67), align_str=0.291
2026-04-01 08:58:49  INFO      TradingGraph: Running agents for EURUSD
2026-04-01 08:58:49  INFO      TradingGraph: Completed 15 agents
2026-04-01 08:58:49  INFO      TradingGraph: Fusing timeframe signals
2026-04-01 08:58:49  INFO      TradingGraph: Fusion: L=-0.306(csns=0.50), M=0.604(csns=1.00), S=0.163(csns=0.83), align_str=0.000
2026-04-01 08:58:50  INFO      TradingGraph: Running agents for XAGUSD
2026-04-01 08:58:50  INFO      TradingGraph: Completed 15 agents
2026-04-01 08:58:50  INFO      TradingGraph: Fusing timeframe signals
2026-04-01 08:58:50  INFO      TradingGraph: Fusion: L=-0.200(csns=0.50), M=0.364(csns=1.00), S=0.340(csns=0.86), align_str=0.000
2026-04-01 08:58:50  INFO      TradingGraph: Running agents for AUDJPY
2026-04-01 08:58:50  INFO      TradingGraph: Completed 15 agents
2026-04-01 08:58:50  INFO      TradingGraph: Fusing timeframe signals
2026-04-01 08:58:50  INFO      TradingGraph: Fusion: L=0.494(csns=1.00), M=0.306(csns=1.00), S=0.162(csns=0.67), align_str=0.291
2026-04-01 08:58:50  INFO      TradingGraph: Running agents for EURCHF
2026-04-01 08:58:50  INFO      TradingGraph: Completed 15 agents
2026-04-01 08:58:50  INFO      TradingGraph: Fusing timeframe signals
2026-04-01 08:58:50  INFO      TradingGraph: Fusion: L=-0.359(csns=1.00), M=0.054(csns=0.75), S=-0.102(csns=0.71), align_str=0.000
2026-04-01 08:59:47  INFO      TradingGraph: Running agents for GBPUSD
2026-04-01 08:59:48  INFO      TradingGraph: Completed 15 agents
2026-04-01 08:59:48  INFO      TradingGraph: Fusing timeframe signals
2026-04-01 08:59:48  INFO      TradingGraph: Fusion: L=-0.575(csns=1.00), M=0.541(csns=1.00), S=0.135(csns=0.71), align_str=0.000
2026-04-01 08:59:48  INFO      TradingGraph: Running agents for USDCAD
2026-04-01 08:59:48  INFO      TradingGraph: Completed 15 agents
2026-04-01 08:59:48  INFO      TradingGraph: Fusing timeframe signals
2026-04-01 08:59:48  INFO      TradingGraph: Fusion: L=0.367(csns=0.67), M=-0.338(csns=1.00), S=0.028(csns=0.43), align_str=0.000
2026-04-01 08:59:48  INFO      TradingGraph: Running agents for AUDJPY
2026-04-01 08:59:48  INFO      TradingGraph: Completed 15 agents
2026-04-01 08:59:48  INFO      TradingGraph: Fusing timeframe signals
2026-04-01 08:59:48  INFO      TradingGraph: Fusion: L=0.495(csns=1.00), M=0.370(csns=1.00), S=0.177(csns=0.67), align_str=0.319
2026-04-01 08:59:48  INFO      TradingGraph: Running agents for EURGBP
2026-04-01 08:59:48  INFO      TradingGraph: Completed 15 agents
2026-04-01 08:59:48  INFO      TradingGraph: Fusing timeframe signals
2026-04-01 08:59:48  INFO      TradingGraph: Fusion: L=0.167(csns=1.00), M=0.093(csns=0.50), S=0.043(csns=0.33), align_str=0.087
2026-04-01 08:59:49  INFO      TradingGraph: Running agents for AUDJPY
2026-04-01 08:59:49  INFO      TradingGraph: Completed 15 agents
2026-04-01 08:59:49  INFO      TradingGraph: Fusing timeframe signals
2026-04-01 08:59:49  INFO      TradingGraph: Fusion: L=0.495(csns=1.00), M=0.370(csns=1.00), S=0.177(csns=0.67), align_str=0.319
2026-04-01 08:59:49  INFO      TradingGraph: Running agents for EURUSD
2026-04-01 08:59:49  INFO      TradingGraph: Completed 15 agents
2026-04-01 08:59:49  INFO      TradingGraph: Fusing timeframe signals
2026-04-01 08:59:49  INFO      TradingGraph: Fusion: L=-0.306(csns=0.50), M=0.599(csns=1.00), S=0.165(csns=0.83), align_str=0.000
2026-04-01 08:59:49  INFO      TradingGraph: Running agents for XAGUSD
2026-04-01 08:59:49  INFO      TradingGraph: Completed 15 agents
2026-04-01 08:59:49  INFO      TradingGraph: Fusing timeframe signals
2026-04-01 08:59:49  INFO      TradingGraph: Fusion: L=-0.200(csns=0.50), M=0.365(csns=1.00), S=0.314(csns=0.86), align_str=0.000
2026-04-01 08:59:50  INFO      TradingGraph: Running agents for AUDJPY
2026-04-01 08:59:50  INFO      TradingGraph: Completed 15 agents
2026-04-01 08:59:50  INFO      TradingGraph: Fusing timeframe signals
2026-04-01 08:59:50  INFO      TradingGraph: Fusion: L=0.495(csns=1.00), M=0.371(csns=1.00), S=0.177(csns=0.67), align_str=0.319
2026-04-01 08:59:50  INFO      TradingGraph: Running agents for EURCHF
2026-04-01 08:59:50  INFO      TradingGraph: Completed 15 agents
2026-04-01 08:59:50  INFO      TradingGraph: Fusing timeframe signals
2026-04-01 08:59:50  INFO      TradingGraph: Fusion: L=-0.358(csns=1.00), M=0.054(csns=0.75), S=-0.102(csns=0.71), align_str=0.000
2026-04-01 09:00:48  INFO      TradingGraph: Running agents for GBPUSD
2026-04-01 09:00:48  INFO      TradingGraph: Completed 15 agents
2026-04-01 09:00:48  INFO      TradingGraph: Fusing timeframe signals
2026-04-01 09:00:48  INFO      TradingGraph: Fusion: L=-0.576(csns=1.00), M=0.543(csns=1.00), S=0.131(csns=0.83), align_str=0.000
2026-04-01 09:00:48  INFO      TradingGraph: Running agents for USDCAD
2026-04-01 09:00:49  INFO      TradingGraph: Completed 15 agents
2026-04-01 09:00:49  INFO      TradingGraph: Fusing timeframe signals
2026-04-01 09:00:49  INFO      TradingGraph: Fusion: L=0.367(csns=0.67), M=-0.278(csns=1.00), S=0.045(csns=0.43), align_str=0.000
2026-04-01 09:00:49  INFO      TradingGraph: Running agents for AUDJPY
2026-04-01 09:00:49  INFO      TradingGraph: Completed 15 agents
2026-04-01 09:00:49  INFO      TradingGraph: Fusing timeframe signals
2026-04-01 09:00:49  INFO      TradingGraph: Fusion: L=0.493(csns=1.00), M=0.306(csns=1.00), S=0.141(csns=0.67), align_str=0.277
2026-04-01 09:00:49  INFO      TradingGraph: Running agents for EURGBP
2026-04-01 09:00:49  INFO      TradingGraph: Completed 15 agents
2026-04-01 09:00:49  INFO      TradingGraph: Fusing timeframe signals
2026-04-01 09:00:49  INFO      TradingGraph: Fusion: L=0.168(csns=1.00), M=0.123(csns=0.50), S=0.049(csns=0.33), align_str=0.101
2026-04-01 09:00:49  INFO      TradingGraph: Running agents for AUDJPY
2026-04-01 09:00:50  INFO      TradingGraph: Completed 15 agents
2026-04-01 09:00:50  INFO      TradingGraph: Fusing timeframe signals
2026-04-01 09:00:50  INFO      TradingGraph: Fusion: L=0.493(csns=1.00), M=0.343(csns=1.00), S=0.141(csns=0.67), align_str=0.288
2026-04-01 09:00:50  INFO      TradingGraph: Running agents for EURUSD
2026-04-01 09:00:50  INFO      TradingGraph: Completed 15 agents
2026-04-01 09:00:50  INFO      TradingGraph: Fusing timeframe signals
2026-04-01 09:00:50  INFO      TradingGraph: Fusion: L=-0.306(csns=0.50), M=0.610(csns=1.00), S=0.165(csns=0.83), align_str=0.000
2026-04-01 09:00:50  INFO      TradingGraph: Running agents for XAGUSD
2026-04-01 09:00:50  INFO      TradingGraph: Completed 15 agents
2026-04-01 09:00:50  INFO      TradingGraph: Fusing timeframe signals
2026-04-01 09:00:50  INFO      TradingGraph: Fusion: L=-0.201(csns=0.50), M=0.353(csns=1.00), S=0.314(csns=0.86), align_str=0.000
2026-04-01 09:00:50  INFO      TradingGraph: Running agents for AUDJPY
2026-04-01 09:00:51  INFO      TradingGraph: Completed 15 agents
2026-04-01 09:00:51  INFO      TradingGraph: Fusing timeframe signals
2026-04-01 09:00:51  INFO      TradingGraph: Fusion: L=0.492(csns=1.00), M=0.305(csns=1.00), S=0.141(csns=0.67), align_str=0.277
2026-04-01 09:00:51  INFO      TradingGraph: Running agents for EURCHF
2026-04-01 09:00:51  INFO      TradingGraph: Completed 15 agents
2026-04-01 09:00:51  INFO      TradingGraph: Fusing timeframe signals
2026-04-01 09:00:51  INFO      TradingGraph: Fusion: L=-0.358(csns=1.00), M=0.063(csns=0.75), S=-0.093(csns=0.71), align_str=0.000
2026-04-01 09:01:47  INFO      TradingGraph: Running agents for GBPUSD
2026-04-01 09:01:48  INFO      TradingGraph: Completed 15 agents
2026-04-01 09:01:48  INFO      TradingGraph: Fusing timeframe signals
2026-04-01 09:01:48  INFO      TradingGraph: Fusion: L=-0.575(csns=1.00), M=0.531(csns=1.00), S=0.142(csns=0.83), align_str=0.000
2026-04-01 09:01:48  INFO      TradingGraph: Running agents for USDCAD
2026-04-01 09:01:48  INFO      TradingGraph: Completed 15 agents
2026-04-01 09:01:48  INFO      TradingGraph: Fusing timeframe signals
2026-04-01 09:01:48  INFO      TradingGraph: Fusion: L=0.366(csns=0.67), M=-0.252(csns=1.00), S=0.001(csns=0.17), align_str=0.000
2026-04-01 09:01:48  INFO      TradingGraph: Running agents for AUDJPY
2026-04-01 09:01:48  INFO      TradingGraph: Completed 15 agents
2026-04-01 09:01:48  INFO      TradingGraph: Fusing timeframe signals
2026-04-01 09:01:48  INFO      TradingGraph: Fusion: L=0.491(csns=1.00), M=0.287(csns=1.00), S=0.230(csns=0.83), align_str=0.319
2026-04-01 09:01:48  INFO      TradingGraph: Running agents for EURGBP
2026-04-01 09:01:48  INFO      TradingGraph: Completed 15 agents
2026-04-01 09:01:48  INFO      TradingGraph: Fusing timeframe signals
2026-04-01 09:01:48  INFO      TradingGraph: Fusion: L=0.167(csns=1.00), M=0.119(csns=0.50), S=0.044(csns=0.33), align_str=0.096
2026-04-01 09:01:49  INFO      TradingGraph: Running agents for AUDJPY
2026-04-01 09:01:49  INFO      TradingGraph: Completed 15 agents
2026-04-01 09:01:49  INFO      TradingGraph: Fusing timeframe signals
2026-04-01 09:01:49  INFO      TradingGraph: Fusion: L=0.490(csns=1.00), M=0.285(csns=1.00), S=0.249(csns=0.83), align_str=0.327
2026-04-01 09:01:49  INFO      TradingGraph: Running agents for EURUSD
2026-04-01 09:01:49  INFO      TradingGraph: Completed 15 agents
2026-04-01 09:01:49  INFO      TradingGraph: Fusing timeframe signals
2026-04-01 09:01:49  INFO      TradingGraph: Fusion: L=-0.306(csns=0.50), M=0.593(csns=1.00), S=0.173(csns=0.83), align_str=0.000
2026-04-01 09:01:49  INFO      TradingGraph: Running agents for XAGUSD
2026-04-01 09:01:49  INFO      TradingGraph: Completed 15 agents
2026-04-01 09:01:49  INFO      TradingGraph: Fusing timeframe signals
2026-04-01 09:01:49  INFO      TradingGraph: Fusion: L=-0.201(csns=0.50), M=0.357(csns=1.00), S=0.314(csns=0.86), align_str=0.000
2026-04-01 09:01:50  INFO      TradingGraph: Running agents for AUDJPY
2026-04-01 09:01:50  INFO      TradingGraph: Completed 15 agents
2026-04-01 09:01:50  INFO      TradingGraph: Fusing timeframe signals
2026-04-01 09:01:50  INFO      TradingGraph: Fusion: L=0.490(csns=1.00), M=0.283(csns=1.00), S=0.249(csns=0.83), align_str=0.325
2026-04-01 09:01:50  INFO      TradingGraph: Running agents for EURCHF
2026-04-01 09:01:50  INFO      TradingGraph: Completed 15 agents
2026-04-01 09:01:50  INFO      TradingGraph: Fusing timeframe signals
2026-04-01 09:01:50  INFO      TradingGraph: Fusion: L=-0.357(csns=1.00), M=0.067(csns=0.75), S=-0.105(csns=0.71), align_str=0.000
2026-04-01 09:02:48  INFO      TradingGraph: Running agents for GBPUSD
2026-04-01 09:02:48  INFO      TradingGraph: Completed 15 agents
2026-04-01 09:02:48  INFO      TradingGraph: Fusing timeframe signals
2026-04-01 09:02:48  INFO      TradingGraph: Fusion: L=-0.575(csns=1.00), M=0.529(csns=1.00), S=0.147(csns=0.83), align_str=0.000
2026-04-01 09:02:49  INFO      TradingGraph: Running agents for USDCAD
2026-04-01 09:02:49  INFO      TradingGraph: Completed 15 agents
2026-04-01 09:02:49  INFO      TradingGraph: Fusing timeframe signals
2026-04-01 09:02:49  INFO      TradingGraph: Fusion: L=0.366(csns=0.67), M=-0.176(csns=1.00), S=-0.006(csns=0.83), align_str=0.000
2026-04-01 09:02:50  INFO      TradingGraph: Running agents for AUDJPY
2026-04-01 09:02:50  INFO      TradingGraph: Completed 15 agents
2026-04-01 09:02:50  INFO      TradingGraph: Fusing timeframe signals
2026-04-01 09:02:50  INFO      TradingGraph: Fusion: L=0.488(csns=1.00), M=0.261(csns=1.00), S=0.292(csns=0.83), align_str=0.334
2026-04-01 09:02:50  INFO      TradingGraph: Running agents for EURGBP
2026-04-01 09:02:50  INFO      TradingRunner: Analysing GBPUSD …
2026-04-01 09:02:51  INFO      TradingGraph: Running agents for GBPUSD
2026-04-01 09:02:51  INFO      TradingGraph: Completed 15 agents
2026-04-01 09:02:51  INFO      TradingGraph: Fusing timeframe signals
2026-04-01 09:02:51  INFO      TradingGraph: Fusion: L=0.166(csns=1.00), M=0.090(csns=0.50), S=0.043(csns=0.33), align_str=0.086
2026-04-01 09:02:51  INFO      TradingGraph: Running agents for AUDJPY
2026-04-01 09:02:51  INFO      TradingGraph: Completed 15 agents
2026-04-01 09:02:51  INFO      TradingGraph: Completed 15 agents
2026-04-01 09:02:51  INFO      TradingGraph: Fusing timeframe signals
2026-04-01 09:02:51  INFO      TradingGraph: Fusion: L=0.488(csns=1.00), M=0.265(csns=1.00), S=0.294(csns=0.83), align_str=0.337
2026-04-01 09:02:51  INFO      TradingGraph: Running agents for EURUSD
2026-04-01 09:02:51  INFO      TradingGraph: Completed 15 agents
2026-04-01 09:02:51  INFO      TradingGraph: Fusing timeframe signals
2026-04-01 09:02:51  INFO      TradingGraph: Fusion: L=-0.306(csns=0.50), M=0.582(csns=1.00), S=0.171(csns=0.83), align_str=0.000
2026-04-01 09:02:51  INFO      TradingGraph: Running agents for XAGUSD
2026-04-01 09:02:51  INFO      TradingGraph: Fusing timeframe signals
2026-04-01 09:02:51  INFO      TradingGraph: Fusion: L=-0.575(csns=1.00), M=0.533(csns=1.00), S=0.146(csns=0.83), align_str=0.000
2026-04-01 09:02:51  INFO      TradingGraph: Completed 15 agents
2026-04-01 09:02:51  INFO      TradingGraph: Fusing timeframe signals
2026-04-01 09:02:51  INFO      TradingGraph: Fusion: L=-0.201(csns=0.50), M=0.353(csns=1.00), S=0.321(csns=0.86), align_str=0.000
2026-04-01 09:02:52  INFO      TradingGraph: Running agents for AUDJPY
2026-04-01 09:02:52  INFO      TradingGraph: Completed 15 agents
2026-04-01 09:02:52  INFO      TradingGraph: Fusing timeframe signals
2026-04-01 09:02:52  INFO      TradingGraph: Fusion: L=0.489(csns=1.00), M=0.268(csns=1.00), S=0.286(csns=0.83), align_str=0.335
2026-04-01 09:02:52  INFO      TradingGraph: Running agents for EURCHF
2026-04-01 09:02:52  INFO      TradingGraph: Timeframes not aligned — stopping (L=-0.575 M=0.533 S=0.146)
2026-04-01 09:02:52  INFO      TradingGraph: Completed 15 agents
2026-04-01 09:02:52  INFO      TradingGraph: Fusing timeframe signals
2026-04-01 09:02:52  INFO      TradingGraph: Fusion: L=-0.357(csns=1.00), M=0.064(csns=0.75), S=-0.102(csns=0.71), align_str=0.000
2026-04-01 09:02:52  INFO      TradingRunner: [WATCHDOG] alive | equity=136.18 | cycle=13 | profile=risky
2026-04-01 09:02:52  INFO      TradingRunner: Analysing USDJPY …
2026-04-01 09:02:52  INFO      TradingGraph: Running agents for USDJPY
2026-04-01 09:02:52  INFO      TradingGraph: Completed 15 agents
2026-04-01 09:02:52  INFO      TradingGraph: Fusing timeframe signals
2026-04-01 09:02:52  INFO      TradingGraph: Fusion: L=0.224(csns=0.33), M=-0.575(csns=1.00), S=-0.087(csns=0.71), align_str=0.000
2026-04-01 09:02:52  INFO      TradingGraph: Timeframes not aligned — stopping (L=0.224 M=-0.575 S=-0.087)
2026-04-01 09:02:52  INFO      TradingRunner: Analysing USDCHF …
2026-04-01 09:02:52  INFO      TradingGraph: Running agents for USDCHF
2026-04-01 09:02:52  INFO      TradingGraph: Completed 15 agents
2026-04-01 09:02:52  INFO      TradingGraph: Fusing timeframe signals
2026-04-01 09:02:52  INFO      TradingGraph: Fusion: L=0.535(csns=1.00), M=-0.511(csns=1.00), S=-0.106(csns=0.71), align_str=0.000
2026-04-01 09:02:52  INFO      TradingGraph: Timeframes not aligned — stopping (L=0.535 M=-0.511 S=-0.106)
2026-04-01 09:02:52  INFO      TradingRunner: Analysing AUDUSD …
2026-04-01 09:02:52  INFO      TradingGraph: Running agents for AUDUSD
2026-04-01 09:02:52  INFO      TradingGraph: Completed 15 agents
2026-04-01 09:02:52  INFO      TradingGraph: Fusing timeframe signals
2026-04-01 09:02:52  INFO      TradingGraph: Fusion: L=0.015(csns=1.00), M=0.527(csns=1.00), S=0.314(csns=0.71), align_str=0.135
2026-04-01 09:02:52  INFO      TradingGraph: Timeframes not aligned — stopping (L=0.015 M=0.527 S=0.314)
2026-04-01 09:02:52  INFO      TradingRunner: Analysing USDCAD …
2026-04-01 09:02:52  INFO      TradingGraph: Running agents for USDCAD
2026-04-01 09:02:52  INFO      TradingGraph: Completed 15 agents
2026-04-01 09:02:52  INFO      TradingGraph: Fusing timeframe signals
2026-04-01 09:02:52  INFO      TradingGraph: Fusion: L=0.366(csns=0.67), M=-0.175(csns=1.00), S=-0.005(csns=0.83), align_str=0.000
2026-04-01 09:02:52  INFO      TradingGraph: Timeframes not aligned — stopping (L=0.366 M=-0.175 S=-0.005)
2026-04-01 09:02:52  INFO      TradingRunner: Analysing NZDUSD …
2026-04-01 09:02:52  INFO      TradingGraph: Running agents for NZDUSD
2026-04-01 09:02:52  INFO      TradingGraph: Completed 15 agents
2026-04-01 09:02:52  INFO      TradingGraph: Fusing timeframe signals
2026-04-01 09:02:52  INFO      TradingGraph: Fusion: L=-0.575(csns=1.00), M=0.489(csns=1.00), S=0.139(csns=0.67), align_str=0.000
2026-04-01 09:02:52  INFO      TradingGraph: Timeframes not aligned — stopping (L=-0.575 M=0.489 S=0.139)
2026-04-01 09:02:53  INFO      TradingRunner: Analysing US30 …
2026-04-01 09:02:53  INFO      TradingGraph: Running agents for US30
2026-04-01 09:02:53  INFO      TradingGraph: Completed 15 agents
2026-04-01 09:02:53  INFO      TradingGraph: Fusing timeframe signals
2026-04-01 09:02:53  INFO      TradingGraph: Fusion: L=-0.373(csns=1.00), M=0.488(csns=1.00), S=0.264(csns=0.67), align_str=0.000
2026-04-01 09:02:53  INFO      TradingGraph: Aligned [counter-trend-scalp] (bullish) — proceeding [L=-0.373 M=0.488 S=0.264 breadth=-0.124]
2026-04-01 09:02:53  INFO      TradingGraph: Generating trading recipe
2026-04-01 09:02:53  INFO      TradingGraph: Generated recipe: RISKY_LONG_COUNTER_TREND_SCALP_US30
2026-04-01 09:02:53  INFO      TradingGraph: Risk check passed
2026-04-01 09:02:53  INFO      TradingGraph: Creating trade plan
2026-04-01 09:02:53  INFO      TradingGraph: Confidence sizing [US30]: conf=0.566 → ×0.77 (risk=$0.89)
2026-04-01 09:02:53  INFO      TradingGraph: Structure SL/TP [US30] entry=46641.90000 sl=45868.19353 (2.22×ATR) tp=47889.86667 (R:R=1.61)
2026-04-01 09:02:53  INFO      TradingGraph: Created trade plan: entry=46641.9000, sl=45868.1900, tp=47889.8700
2026-04-01 09:02:53  INFO      TradingGraph: Executing trade for US30
2026-04-01 09:02:53  WARNING   MT5Executor: US30: trading disabled on this symbol (trade_mode=0 — may be outside market hours or broker restriction). Skipping.
2026-04-01 09:02:53  INFO      TradingGraph: Order not placed for US30 (executor returned None — see executor log for reason)
2026-04-01 09:02:53  INFO      TradingRunner: Analysing US500 …
2026-04-01 09:02:53  INFO      TradingGraph: Running agents for US500
2026-04-01 09:02:53  INFO      TradingGraph: Completed 15 agents
2026-04-01 09:02:53  INFO      TradingGraph: Fusing timeframe signals
2026-04-01 09:02:53  INFO      TradingGraph: Fusion: L=-0.414(csns=1.00), M=0.478(csns=1.00), S=0.300(csns=0.80), align_str=0.000
2026-04-01 09:02:53  INFO      TradingGraph: Aligned [counter-trend-scalp] (bullish) — proceeding [L=-0.414 M=0.478 S=0.300 breadth=-0.124]
2026-04-01 09:02:53  INFO      TradingGraph: Generating trading recipe
2026-04-01 09:02:53  INFO      TradingGraph: Generated recipe: RISKY_LONG_COUNTER_TREND_SCALP_US500
2026-04-01 09:02:53  INFO      TradingGraph: Risk check passed
2026-04-01 09:02:53  INFO      TradingGraph: Creating trade plan
2026-04-01 09:02:53  INFO      TradingGraph: Confidence sizing [US500]: conf=0.508 → ×0.68 (risk=$0.80)
2026-04-01 09:02:53  INFO      TradingGraph: Structure SL/TP [US500] entry=6576.90000 sl=6477.91551 (1.96×ATR) tp=6670.33333 (R:R=0.94)
2026-04-01 09:02:53  INFO      TradingGraph: Created trade plan: entry=6576.9000, sl=6477.9200, tp=6725.3800
2026-04-01 09:02:53  INFO      TradingGraph: Executing trade for US500
2026-04-01 09:02:53  WARNING   MT5Executor: US500: trading disabled on this symbol (trade_mode=0 — may be outside market hours or broker restriction). Skipping.
2026-04-01 09:02:53  INFO      TradingGraph: Order not placed for US500 (executor returned None — see executor log for reason)
2026-04-01 09:02:53  INFO      TradingRunner: Analysing USTEC …
2026-04-01 09:02:53  INFO      TradingGraph: Running agents for USTEC
2026-04-01 09:02:53  INFO      TradingGraph: Completed 15 agents
2026-04-01 09:02:53  INFO      TradingGraph: Fusing timeframe signals
2026-04-01 09:02:53  INFO      TradingGraph: Fusion: L=-0.430(csns=1.00), M=0.527(csns=1.00), S=0.318(csns=0.80), align_str=0.000
2026-04-01 09:02:53  INFO      TradingGraph: Aligned [counter-trend-scalp] (bullish) — proceeding [L=-0.430 M=0.527 S=0.318 breadth=-0.124]
2026-04-01 09:02:53  INFO      TradingGraph: Generating trading recipe
2026-04-01 09:02:53  INFO      TradingGraph: Generated recipe: RISKY_LONG_COUNTER_TREND_SCALP_USTEC
2026-04-01 09:02:53  INFO      TradingGraph: Risk check passed
2026-04-01 09:02:53  INFO      TradingGraph: Creating trade plan
2026-04-01 09:02:53  INFO      TradingGraph: Confidence sizing [USTEC]: conf=0.494 → ×0.66 (risk=$0.77)
2026-04-01 09:02:53  INFO      TradingGraph: Structure SL/TP [USTEC] entry=23982.50000 sl=23557.26822 (1.97×ATR) tp=25157.13333 (R:R=2.76)
2026-04-01 09:02:53  INFO      TradingGraph: Created trade plan: entry=23982.5000, sl=23557.2700, tp=25157.1300
2026-04-01 09:02:53  INFO      TradingGraph: Executing trade for USTEC
2026-04-01 09:02:53  WARNING   MT5Executor: USTEC: trading disabled on this symbol (trade_mode=0 — may be outside market hours or broker restriction). Skipping.
2026-04-01 09:02:53  INFO      TradingGraph: Order not placed for USTEC (executor returned None — see executor log for reason)
2026-04-01 09:02:53  INFO      TradingRunner: Analysing DAX …
2026-04-01 09:02:53  INFO      TradingGraph: Running agents for DAX
2026-04-01 09:02:53  INFO      TradingGraph: Completed 15 agents
2026-04-01 09:02:53  INFO      TradingGraph: Fusing timeframe signals
2026-04-01 09:02:53  INFO      TradingGraph: Fusion: L=-0.076(csns=1.00), M=0.189(csns=0.50), S=0.242(csns=0.71), align_str=0.000
2026-04-01 09:02:53  INFO      TradingGraph: Timeframes not aligned — stopping (L=-0.076 M=0.189 S=0.242)
2026-04-01 09:02:53  INFO      TradingRunner: Analysing UK100 …
2026-04-01 09:02:53  INFO      TradingGraph: Running agents for UK100
2026-04-01 09:02:53  INFO      TradingGraph: Completed 15 agents
2026-04-01 09:02:53  INFO      TradingGraph: Fusing timeframe signals
2026-04-01 09:02:53  INFO      TradingGraph: Fusion: L=0.165(csns=1.00), M=0.465(csns=1.00), S=0.375(csns=0.80), align_str=0.306
2026-04-01 09:02:53  INFO      TradingGraph: Timeframes not aligned — stopping (L=0.165 M=0.465 S=0.375)
2026-04-01 09:02:53  INFO      TradingRunner: Analysing EURJPY …
2026-04-01 09:02:53  INFO      TradingGraph: Running agents for EURJPY
2026-04-01 09:02:53  INFO      TradingGraph: Completed 15 agents
2026-04-01 09:02:53  INFO      TradingGraph: Fusing timeframe signals
2026-04-01 09:02:53  INFO      TradingGraph: Fusion: L=-0.077(csns=0.50), M=0.093(csns=1.00), S=-0.092(csns=0.80), align_str=0.000
2026-04-01 09:02:53  INFO      TradingGraph: Timeframes not aligned — stopping (L=-0.077 M=0.093 S=-0.092)
2026-04-01 09:02:53  INFO      TradingRunner: Analysing GBPJPY …
2026-04-01 09:02:53  INFO      TradingGraph: Running agents for GBPJPY
2026-04-01 09:02:53  INFO      TradingGraph: Completed 15 agents
2026-04-01 09:02:53  INFO      TradingGraph: Fusing timeframe signals
2026-04-01 09:02:53  INFO      TradingGraph: Fusion: L=0.043(csns=0.50), M=-0.012(csns=0.50), S=0.087(csns=0.80), align_str=0.000
2026-04-01 09:02:53  INFO      TradingGraph: Timeframes not aligned — stopping (L=0.043 M=-0.012 S=0.087)
2026-04-01 09:02:53  INFO      TradingRunner: Analysing EURGBP …
2026-04-01 09:02:53  INFO      TradingGraph: Running agents for EURGBP
2026-04-01 09:02:53  INFO      TradingGraph: Completed 15 agents
2026-04-01 09:02:53  INFO      TradingGraph: Fusing timeframe signals
2026-04-01 09:02:53  INFO      TradingGraph: Fusion: L=0.166(csns=1.00), M=0.089(csns=0.50), S=0.043(csns=0.33), align_str=0.086
2026-04-01 09:02:53  INFO      TradingGraph: Timeframes not aligned — stopping (L=0.166 M=0.089 S=0.043)
2026-04-01 09:02:53  INFO      TradingRunner: Analysing CHFJPY …
2026-04-01 09:02:53  INFO      TradingGraph: Running agents for CHFJPY
2026-04-01 09:02:53  INFO      TradingGraph: Completed 15 agents
2026-04-01 09:02:53  INFO      TradingGraph: Fusing timeframe signals
2026-04-01 09:02:53  INFO      TradingGraph: Fusion: L=0.311(csns=0.50), M=-0.066(csns=1.00), S=0.231(csns=0.67), align_str=0.000
2026-04-01 09:02:53  INFO      TradingGraph: Aligned [pullback-entry] (bullish) — proceeding [L=0.311 M=-0.066 S=0.231 breadth=-0.124]
2026-04-01 09:02:53  INFO      TradingGraph: Generating trading recipe
2026-04-01 09:02:53  INFO      TradingGraph: Generated recipe: RISKY_LONG_PULLBACK_ENTRY_CHFJPY
2026-04-01 09:02:53  INFO      TradingGraph: Correlation guard: 3/3 short_jpy positions already open — refusing CHFJPY BUY
2026-04-01 09:02:53  INFO      TradingRunner: PnL — unrealized: +4.21  realized today: +0.04  total: +4.25
2026-04-01 09:02:53  INFO      TradingRunner: Signal cycle done in 7.7s — sleeping 292s
2026-04-01 09:03:48  INFO      TradingGraph: Running agents for GBPUSD
2026-04-01 09:03:48  INFO      TradingGraph: Completed 15 agents
2026-04-01 09:03:48  INFO      TradingGraph: Fusing timeframe signals
2026-04-01 09:03:48  INFO      TradingGraph: Fusion: L=-0.575(csns=1.00), M=0.519(csns=1.00), S=0.159(csns=0.83), align_str=0.000
2026-04-01 09:03:48  INFO      TradingGraph: Running agents for USDCAD
2026-04-01 09:03:48  INFO      TradingGraph: Completed 15 agents
2026-04-01 09:03:48  INFO      TradingGraph: Fusing timeframe signals
2026-04-01 09:03:48  INFO      TradingGraph: Fusion: L=0.365(csns=0.67), M=-0.177(csns=1.00), S=-0.006(csns=0.83), align_str=0.000
2026-04-01 09:03:48  INFO      TradingGraph: Running agents for AUDJPY
2026-04-01 09:03:49  INFO      TradingGraph: Completed 15 agents
2026-04-01 09:03:49  INFO      TradingGraph: Fusing timeframe signals
2026-04-01 09:03:49  INFO      TradingGraph: Fusion: L=0.488(csns=1.00), M=0.262(csns=1.00), S=0.293(csns=0.83), align_str=0.335
2026-04-01 09:03:49  INFO      TradingGraph: Running agents for EURGBP
2026-04-01 09:03:49  INFO      TradingGraph: Completed 15 agents
2026-04-01 09:03:49  INFO      TradingGraph: Fusing timeframe signals
2026-04-01 09:03:49  INFO      TradingGraph: Fusion: L=0.166(csns=1.00), M=0.102(csns=0.50), S=0.042(csns=0.33), align_str=0.090
2026-04-01 09:03:49  INFO      TradingGraph: Running agents for AUDJPY
2026-04-01 09:03:49  INFO      TradingGraph: Completed 15 agents
2026-04-01 09:03:49  INFO      TradingGraph: Fusing timeframe signals
2026-04-01 09:03:49  INFO      TradingGraph: Fusion: L=0.488(csns=1.00), M=0.262(csns=1.00), S=0.293(csns=0.83), align_str=0.334
2026-04-01 09:03:50  INFO      TradingGraph: Running agents for EURUSD
2026-04-01 09:03:50  INFO      TradingGraph: Completed 15 agents
2026-04-01 09:03:50  INFO      TradingGraph: Fusing timeframe signals
2026-04-01 09:03:50  INFO      TradingGraph: Fusion: L=-0.344(csns=0.50), M=0.518(csns=1.00), S=0.172(csns=0.83), align_str=0.000
2026-04-01 09:03:50  INFO      TradingGraph: Running agents for XAGUSD
2026-04-01 09:03:50  INFO      TradingGraph: Completed 15 agents
2026-04-01 09:03:50  INFO      TradingGraph: Fusing timeframe signals
2026-04-01 09:03:50  INFO      TradingGraph: Fusion: L=-0.200(csns=0.50), M=0.346(csns=1.00), S=0.347(csns=0.86), align_str=0.000
2026-04-01 09:03:50  INFO      TradingGraph: Running agents for AUDJPY
2026-04-01 09:03:50  INFO      TradingGraph: Completed 15 agents
2026-04-01 09:03:50  INFO      TradingGraph: Fusing timeframe signals
2026-04-01 09:03:50  INFO      TradingGraph: Fusion: L=0.488(csns=1.00), M=0.262(csns=1.00), S=0.293(csns=0.83), align_str=0.334
2026-04-01 09:03:51  INFO      TradingGraph: Running agents for EURCHF
2026-04-01 09:03:51  INFO      TradingGraph: Completed 15 agents
2026-04-01 09:03:51  INFO      TradingGraph: Fusing timeframe signals
2026-04-01 09:03:51  INFO      TradingGraph: Fusion: L=-0.356(csns=1.00), M=0.079(csns=0.75), S=-0.111(csns=0.71), align_str=0.000
2026-04-01 09:04:49  INFO      TradingGraph: Running agents for GBPUSD
2026-04-01 09:04:49  INFO      TradingGraph: Completed 15 agents
2026-04-01 09:04:49  INFO      TradingGraph: Fusing timeframe signals
2026-04-01 09:04:49  INFO      TradingGraph: Fusion: L=-0.575(csns=1.00), M=0.518(csns=1.00), S=0.159(csns=0.83), align_str=0.000
2026-04-01 09:04:49  INFO      TradingGraph: Running agents for USDCAD
2026-04-01 09:04:49  INFO      TradingGraph: Completed 15 agents
2026-04-01 09:04:49  INFO      TradingGraph: Fusing timeframe signals
2026-04-01 09:04:49  INFO      TradingGraph: Fusion: L=0.365(csns=0.67), M=-0.175(csns=1.00), S=-0.008(csns=0.83), align_str=0.000
2026-04-01 09:04:50  INFO      TradingGraph: Running agents for AUDJPY
2026-04-01 09:04:50  INFO      TradingGraph: Completed 15 agents
2026-04-01 09:04:50  INFO      TradingGraph: Fusing timeframe signals
2026-04-01 09:04:50  INFO      TradingGraph: Fusion: L=0.487(csns=1.00), M=0.241(csns=1.00), S=0.332(csns=0.83), align_str=0.339
2026-04-01 09:04:50  INFO      TradingGraph: Running agents for EURGBP
2026-04-01 09:04:50  INFO      TradingGraph: Completed 15 agents
2026-04-01 09:04:50  INFO      TradingGraph: Fusing timeframe signals
2026-04-01 09:04:50  INFO      TradingGraph: Fusion: L=0.166(csns=1.00), M=0.105(csns=0.50), S=0.043(csns=0.33), align_str=0.091
2026-04-01 09:04:51  INFO      TradingGraph: Running agents for AUDJPY
2026-04-01 09:04:51  INFO      TradingGraph: Completed 15 agents
2026-04-01 09:04:51  INFO      TradingGraph: Fusing timeframe signals
2026-04-01 09:04:51  INFO      TradingGraph: Fusion: L=0.487(csns=1.00), M=0.250(csns=1.00), S=0.332(csns=0.83), align_str=0.343
2026-04-01 09:04:51  INFO      TradingGraph: Running agents for EURUSD
2026-04-01 09:04:51  INFO      TradingGraph: Completed 15 agents
2026-04-01 09:04:51  INFO      TradingGraph: Fusing timeframe signals
2026-04-01 09:04:51  INFO      TradingGraph: Fusion: L=-0.306(csns=0.50), M=0.554(csns=1.00), S=0.173(csns=0.83), align_str=0.000
2026-04-01 09:04:51  INFO      TradingGraph: Running agents for XAGUSD
2026-04-01 09:04:52  INFO      TradingGraph: Completed 15 agents
2026-04-01 09:04:52  INFO      TradingGraph: Fusing timeframe signals
2026-04-01 09:04:52  INFO      TradingGraph: Fusion: L=-0.200(csns=0.50), M=0.349(csns=1.00), S=0.327(csns=0.86), align_str=0.000
2026-04-01 09:04:52  INFO      TradingGraph: Running agents for AUDJPY
2026-04-01 09:04:52  INFO      TradingGraph: Completed 15 agents
2026-04-01 09:04:52  INFO      TradingGraph: Fusing timeframe signals
2026-04-01 09:04:52  INFO      TradingGraph: Fusion: L=0.487(csns=1.00), M=0.251(csns=1.00), S=0.333(csns=0.83), align_str=0.344
2026-04-01 09:04:52  INFO      TradingGraph: Running agents for EURCHF
2026-04-01 09:04:53  INFO      TradingGraph: Completed 15 agents
2026-04-01 09:04:53  INFO      TradingGraph: Fusing timeframe signals
2026-04-01 09:04:53  INFO      TradingGraph: Fusion: L=-0.231(csns=0.50), M=0.083(csns=0.75), S=-0.110(csns=0.71), align_str=0.000
2026-04-01 09:05:49  INFO      TradingGraph: Running agents for GBPUSD
2026-04-01 09:05:49  INFO      TradingGraph: Completed 15 agents
2026-04-01 09:05:49  INFO      TradingGraph: Fusing timeframe signals
2026-04-01 09:05:49  INFO      TradingGraph: Fusion: L=-0.574(csns=1.00), M=0.521(csns=1.00), S=0.158(csns=0.83), align_str=0.000
2026-04-01 09:05:49  INFO      TradingGraph: Running agents for USDCAD
2026-04-01 09:05:49  INFO      TradingGraph: Completed 15 agents
2026-04-01 09:05:49  INFO      TradingGraph: Fusing timeframe signals
2026-04-01 09:05:49  INFO      TradingGraph: Fusion: L=0.365(csns=0.67), M=-0.193(csns=1.00), S=-0.046(csns=0.83), align_str=0.000
2026-04-01 09:05:49  INFO      TradingGraph: Running agents for AUDJPY
2026-04-01 09:05:49  INFO      TradingGraph: Completed 15 agents
2026-04-01 09:05:49  INFO      TradingGraph: Fusing timeframe signals
2026-04-01 09:05:49  INFO      TradingGraph: Fusion: L=0.487(csns=1.00), M=0.253(csns=1.00), S=0.333(csns=0.83), align_str=0.345
2026-04-01 09:05:50  INFO      TradingGraph: Running agents for EURGBP
2026-04-01 09:05:50  INFO      TradingGraph: Completed 15 agents
2026-04-01 09:05:50  INFO      TradingGraph: Fusing timeframe signals
2026-04-01 09:05:50  INFO      TradingGraph: Fusion: L=0.166(csns=1.00), M=0.102(csns=0.50), S=0.043(csns=0.33), align_str=0.090
2026-04-01 09:05:50  INFO      TradingGraph: Running agents for AUDJPY
2026-04-01 09:05:50  INFO      TradingGraph: Completed 15 agents
2026-04-01 09:05:50  INFO      TradingGraph: Fusing timeframe signals
2026-04-01 09:05:50  INFO      TradingGraph: Fusion: L=0.487(csns=1.00), M=0.254(csns=1.00), S=0.334(csns=0.83), align_str=0.346
2026-04-01 09:05:50  INFO      TradingGraph: Running agents for EURUSD
2026-04-01 09:05:51  INFO      TradingGraph: Completed 15 agents
2026-04-01 09:05:51  INFO      TradingGraph: Fusing timeframe signals
2026-04-01 09:05:51  INFO      TradingGraph: Fusion: L=-0.305(csns=0.50), M=0.519(csns=1.00), S=0.175(csns=0.83), align_str=0.000
2026-04-01 09:05:51  INFO      TradingGraph: Running agents for XAGUSD
2026-04-01 09:05:51  INFO      TradingGraph: Completed 15 agents
2026-04-01 09:05:51  INFO      TradingGraph: Fusing timeframe signals
2026-04-01 09:05:51  INFO      TradingGraph: Fusion: L=-0.200(csns=0.50), M=0.343(csns=1.00), S=0.348(csns=0.86), align_str=0.000
2026-04-01 09:05:51  INFO      TradingGraph: Running agents for AUDJPY
2026-04-01 09:05:51  INFO      TradingGraph: Completed 15 agents
2026-04-01 09:05:51  INFO      TradingGraph: Fusing timeframe signals
2026-04-01 09:05:51  INFO      TradingGraph: Fusion: L=0.487(csns=1.00), M=0.251(csns=1.00), S=0.333(csns=0.83), align_str=0.344
2026-04-01 09:05:51  INFO      TradingGraph: Running agents for EURCHF
2026-04-01 09:05:52  INFO      TradingGraph: Completed 15 agents
2026-04-01 09:05:52  INFO      TradingGraph: Fusing timeframe signals
2026-04-01 09:05:52  INFO      TradingGraph: Fusion: L=-0.357(csns=1.00), M=0.067(csns=0.75), S=-0.105(csns=0.71), align_str=0.000
2026-04-01 09:06:48  INFO      TradingGraph: Running agents for GBPUSD
2026-04-01 09:06:48  INFO      TradingGraph: Completed 15 agents
2026-04-01 09:06:48  INFO      TradingGraph: Fusing timeframe signals
2026-04-01 09:06:48  INFO      TradingGraph: Fusion: L=-0.574(csns=1.00), M=0.513(csns=1.00), S=0.171(csns=0.83), align_str=0.000
2026-04-01 09:06:48  INFO      TradingGraph: Running agents for USDCAD
2026-04-01 09:06:48  INFO      TradingGraph: Completed 15 agents
2026-04-01 09:06:48  INFO      TradingGraph: Fusing timeframe signals
2026-04-01 09:06:48  INFO      TradingGraph: Fusion: L=0.365(csns=0.67), M=-0.193(csns=1.00), S=-0.046(csns=0.83), align_str=0.000
2026-04-01 09:06:49  INFO      TradingGraph: Running agents for AUDJPY
2026-04-01 09:06:49  INFO      TradingGraph: Completed 15 agents
2026-04-01 09:06:49  INFO      TradingGraph: Fusing timeframe signals
2026-04-01 09:06:49  INFO      TradingGraph: Fusion: L=0.488(csns=1.00), M=0.259(csns=1.00), S=0.336(csns=0.83), align_str=0.349
2026-04-01 09:06:49  INFO      TradingGraph: Running agents for EURGBP
2026-04-01 09:06:49  INFO      TradingGraph: Completed 15 agents
2026-04-01 09:06:49  INFO      TradingGraph: Fusing timeframe signals
2026-04-01 09:06:49  INFO      TradingGraph: Fusion: L=0.168(csns=1.00), M=0.118(csns=0.50), S=0.043(csns=0.33), align_str=0.095
2026-04-01 09:06:49  INFO      TradingGraph: Running agents for AUDJPY
2026-04-01 09:06:50  INFO      TradingGraph: Completed 15 agents
2026-04-01 09:06:50  INFO      TradingGraph: Fusing timeframe signals
2026-04-01 09:06:50  INFO      TradingGraph: Fusion: L=0.488(csns=1.00), M=0.258(csns=1.00), S=0.336(csns=0.83), align_str=0.348
2026-04-01 09:06:50  INFO      TradingGraph: Running agents for EURUSD
2026-04-01 09:06:50  INFO      TradingGraph: Completed 15 agents
2026-04-01 09:06:50  INFO      TradingGraph: Fusing timeframe signals
2026-04-01 09:06:50  INFO      TradingGraph: Fusion: L=-0.343(csns=0.50), M=0.569(csns=1.00), S=0.178(csns=0.83), align_str=0.000
2026-04-01 09:06:50  INFO      TradingGraph: Running agents for XAGUSD
2026-04-01 09:06:50  INFO      TradingGraph: Completed 15 agents
2026-04-01 09:06:50  INFO      TradingGraph: Fusing timeframe signals
2026-04-01 09:06:50  INFO      TradingGraph: Fusion: L=-0.199(csns=0.50), M=0.343(csns=1.00), S=0.351(csns=0.86), align_str=0.000
2026-04-01 09:06:51  INFO      TradingGraph: Running agents for AUDJPY
2026-04-01 09:06:51  INFO      TradingGraph: Completed 15 agents
2026-04-01 09:06:51  INFO      TradingGraph: Fusing timeframe signals
2026-04-01 09:06:51  INFO      TradingGraph: Fusion: L=0.488(csns=1.00), M=0.258(csns=1.00), S=0.336(csns=0.83), align_str=0.348
2026-04-01 09:06:51  INFO      TradingGraph: Running agents for EURCHF
2026-04-01 09:06:51  INFO      TradingGraph: Completed 15 agents
2026-04-01 09:06:51  INFO      TradingGraph: Fusing timeframe signals
2026-04-01 09:06:51  INFO      TradingGraph: Fusion: L=-0.358(csns=1.00), M=0.058(csns=0.75), S=-0.101(csns=0.71), align_str=0.000
2026-04-01 09:07:49  INFO      TradingGraph: Running agents for GBPUSD
2026-04-01 09:07:49  INFO      TradingGraph: Completed 15 agents
2026-04-01 09:07:49  INFO      TradingGraph: Fusing timeframe signals
2026-04-01 09:07:49  INFO      TradingGraph: Fusion: L=-0.574(csns=1.00), M=0.499(csns=1.00), S=0.157(csns=0.71), align_str=0.000
2026-04-01 09:07:50  INFO      TradingGraph: Running agents for USDCAD
2026-04-01 09:07:50  INFO      TradingGraph: Completed 15 agents
2026-04-01 09:07:50  INFO      TradingGraph: Fusing timeframe signals
2026-04-01 09:07:50  INFO      TradingGraph: Fusion: L=0.365(csns=0.67), M=-0.182(csns=1.00), S=-0.042(csns=0.83), align_str=0.000
2026-04-01 09:07:50  INFO      TradingGraph: Running agents for AUDJPY
2026-04-01 09:07:51  INFO      TradingGraph: Completed 15 agents
2026-04-01 09:07:51  INFO      TradingGraph: Fusing timeframe signals
2026-04-01 09:07:51  INFO      TradingGraph: Fusion: L=0.487(csns=1.00), M=0.240(csns=1.00), S=0.332(csns=0.83), align_str=0.339
2026-04-01 09:07:51  INFO      TradingGraph: Running agents for EURGBP
2026-04-01 09:07:51  INFO      TradingRunner: Analysing GBPUSD …
2026-04-01 09:07:51  INFO      TradingGraph: Running agents for GBPUSD
2026-04-01 09:07:51  INFO      TradingGraph: Completed 15 agents
2026-04-01 09:07:51  INFO      TradingGraph: Fusing timeframe signals
2026-04-01 09:07:51  INFO      TradingGraph: Fusion: L=0.169(csns=1.00), M=0.118(csns=0.50), S=0.043(csns=0.33), align_str=0.095
2026-04-01 09:07:51  INFO      TradingGraph: Running agents for AUDJPY
2026-04-01 09:07:51  INFO      TradingGraph: Completed 15 agents
2026-04-01 09:07:51  INFO      TradingGraph: Completed 15 agents
2026-04-01 09:07:51  INFO      TradingGraph: Fusing timeframe signals
2026-04-01 09:07:51  INFO      TradingGraph: Fusion: L=0.487(csns=1.00), M=0.251(csns=1.00), S=0.333(csns=0.83), align_str=0.344
2026-04-01 09:07:52  INFO      TradingGraph: Running agents for EURUSD
2026-04-01 09:07:52  INFO      TradingGraph: Completed 15 agents
2026-04-01 09:07:52  INFO      TradingGraph: Fusing timeframe signals
2026-04-01 09:07:52  INFO      TradingGraph: Fusion: L=-0.343(csns=0.50), M=0.559(csns=1.00), S=0.275(csns=1.00), align_str=0.000
2026-04-01 09:07:52  INFO      TradingGraph: Running agents for XAGUSD
2026-04-01 09:07:52  INFO      TradingGraph: Fusing timeframe signals
2026-04-01 09:07:52  INFO      TradingGraph: Fusion: L=-0.574(csns=1.00), M=0.501(csns=1.00), S=0.157(csns=0.71), align_str=0.000
2026-04-01 09:07:52  INFO      TradingGraph: Completed 15 agents
2026-04-01 09:07:52  INFO      TradingGraph: Fusing timeframe signals
2026-04-01 09:07:52  INFO      TradingGraph: Fusion: L=-0.200(csns=0.50), M=0.348(csns=1.00), S=0.354(csns=0.86), align_str=0.000
2026-04-01 09:07:52  INFO      TradingGraph: Running agents for AUDJPY
2026-04-01 09:07:52  INFO      TradingGraph: Completed 15 agents
2026-04-01 09:07:52  INFO      TradingGraph: Fusing timeframe signals
2026-04-01 09:07:52  INFO      TradingGraph: Fusion: L=0.488(csns=1.00), M=0.253(csns=1.00), S=0.333(csns=0.83), align_str=0.345
2026-04-01 09:07:53  INFO      TradingGraph: Running agents for EURCHF
2026-04-01 09:07:53  INFO      TradingGraph: Aligned [counter-trend-scalp] (bullish) — proceeding [L=-0.574 M=0.501 S=0.157 breadth=-0.124]
2026-04-01 09:07:53  INFO      TradingGraph: Completed 15 agents
2026-04-01 09:07:53  INFO      TradingGraph: Fusing timeframe signals
2026-04-01 09:07:53  INFO      TradingGraph: Fusion: L=-0.360(csns=1.00), M=0.034(csns=0.67), S=-0.103(csns=0.71), align_str=0.000
2026-04-01 09:07:53  INFO      TradingGraph: Generating trading recipe
2026-04-01 09:07:53  INFO      TradingGraph: Generated recipe: RISKY_LONG_COUNTER_TREND_SCALP_GBPUSD
2026-04-01 09:07:53  INFO      TradingGraph: Position already open for GBPUSD — entry_type=counter-trend-scalp (needs full-alignment)
2026-04-01 09:07:53  INFO      TradingRunner: Analysing USDJPY …
2026-04-01 09:07:53  INFO      TradingGraph: Running agents for USDJPY
2026-04-01 09:07:53  INFO      TradingGraph: Completed 15 agents
2026-04-01 09:07:53  INFO      TradingGraph: Fusing timeframe signals
2026-04-01 09:07:53  INFO      TradingGraph: Fusion: L=0.224(csns=0.33), M=-0.532(csns=1.00), S=-0.097(csns=0.71), align_str=0.000
2026-04-01 09:07:53  INFO      TradingGraph: Timeframes not aligned — stopping (L=0.224 M=-0.532 S=-0.097)
2026-04-01 09:07:53  INFO      TradingRunner: Analysing USDCHF …
2026-04-01 09:07:53  INFO      TradingGraph: Running agents for USDCHF
2026-04-01 09:07:53  INFO      TradingGraph: Completed 15 agents
2026-04-01 09:07:53  INFO      TradingGraph: Fusing timeframe signals
2026-04-01 09:07:53  INFO      TradingGraph: Fusion: L=0.533(csns=1.00), M=-0.500(csns=1.00), S=-0.118(csns=0.71), align_str=0.000
2026-04-01 09:07:53  INFO      TradingGraph: Timeframes not aligned — stopping (L=0.533 M=-0.500 S=-0.118)
2026-04-01 09:07:53  INFO      TradingRunner: Analysing AUDUSD …
2026-04-01 09:07:53  INFO      TradingGraph: Running agents for AUDUSD
2026-04-01 09:07:53  INFO      TradingGraph: Completed 15 agents
2026-04-01 09:07:53  INFO      TradingGraph: Fusing timeframe signals
2026-04-01 09:07:53  INFO      TradingGraph: Fusion: L=0.015(csns=1.00), M=0.473(csns=1.00), S=0.318(csns=0.71), align_str=0.132
2026-04-01 09:07:53  INFO      TradingGraph: Timeframes not aligned — stopping (L=0.015 M=0.473 S=0.318)
2026-04-01 09:07:53  INFO      TradingRunner: Analysing USDCAD …
2026-04-01 09:07:53  INFO      TradingGraph: Running agents for USDCAD
2026-04-01 09:07:53  INFO      TradingGraph: Completed 15 agents
2026-04-01 09:07:53  INFO      TradingGraph: Fusing timeframe signals
2026-04-01 09:07:53  INFO      TradingGraph: Fusion: L=0.365(csns=0.67), M=-0.182(csns=1.00), S=-0.042(csns=0.83), align_str=0.000
2026-04-01 09:07:53  INFO      TradingGraph: Timeframes not aligned — stopping (L=0.365 M=-0.182 S=-0.042)
2026-04-01 09:07:53  INFO      TradingRunner: Analysing NZDUSD …
2026-04-01 09:07:53  INFO      TradingGraph: Running agents for NZDUSD
2026-04-01 09:07:53  INFO      TradingGraph: Completed 15 agents
2026-04-01 09:07:53  INFO      TradingGraph: Fusing timeframe signals
2026-04-01 09:07:53  INFO      TradingGraph: Fusion: L=-0.574(csns=1.00), M=0.473(csns=1.00), S=0.140(csns=0.67), align_str=0.000
2026-04-01 09:07:53  INFO      TradingGraph: Timeframes not aligned — stopping (L=-0.574 M=0.473 S=0.140)
2026-04-01 09:07:53  INFO      TradingRunner: Analysing US30 …
2026-04-01 09:07:53  INFO      TradingGraph: Running agents for US30
2026-04-01 09:07:53  INFO      TradingGraph: Completed 15 agents
2026-04-01 09:07:53  INFO      TradingGraph: Fusing timeframe signals
2026-04-01 09:07:53  INFO      TradingGraph: Fusion: L=-0.373(csns=1.00), M=0.468(csns=1.00), S=0.269(csns=0.67), align_str=0.000
2026-04-01 09:07:53  INFO      TradingGraph: Aligned [counter-trend-scalp] (bullish) — proceeding [L=-0.373 M=0.468 S=0.269 breadth=-0.124]
2026-04-01 09:07:53  INFO      TradingGraph: Generating trading recipe
2026-04-01 09:07:53  INFO      TradingGraph: Generated recipe: RISKY_LONG_COUNTER_TREND_SCALP_US30
2026-04-01 09:07:53  INFO      TradingGraph: Risk check passed
2026-04-01 09:07:53  INFO      TradingGraph: Creating trade plan
2026-04-01 09:07:53  INFO      TradingGraph: Confidence sizing [US30]: conf=0.565 → ×0.77 (risk=$0.86)
2026-04-01 09:07:53  INFO      TradingGraph: Structure SL/TP [US30] entry=46632.80000 sl=45868.19353 (2.20×ATR) tp=47889.86667 (R:R=1.64)
2026-04-01 09:07:53  INFO      TradingGraph: Created trade plan: entry=46632.8000, sl=45868.1900, tp=47889.8700
2026-04-01 09:07:53  INFO      TradingGraph: Executing trade for US30
2026-04-01 09:07:53  WARNING   MT5Executor: US30: trading disabled on this symbol (trade_mode=0 — may be outside market hours or broker restriction). Skipping.
2026-04-01 09:07:53  INFO      TradingGraph: Order not placed for US30 (executor returned None — see executor log for reason)
2026-04-01 09:07:53  INFO      TradingRunner: Analysing US500 …
2026-04-01 09:07:53  INFO      TradingGraph: Running agents for US500
2026-04-01 09:07:53  INFO      TradingGraph: Completed 15 agents
2026-04-01 09:07:53  INFO      TradingGraph: Fusing timeframe signals
2026-04-01 09:07:53  INFO      TradingGraph: Fusion: L=-0.413(csns=1.00), M=0.470(csns=1.00), S=0.308(csns=0.80), align_str=0.000
2026-04-01 09:07:53  INFO      TradingGraph: Aligned [counter-trend-scalp] (bullish) — proceeding [L=-0.413 M=0.470 S=0.308 breadth=-0.124]
2026-04-01 09:07:53  INFO      TradingGraph: Generating trading recipe
2026-04-01 09:07:53  INFO      TradingGraph: Generated recipe: RISKY_LONG_COUNTER_TREND_SCALP_US500
2026-04-01 09:07:53  INFO      TradingGraph: Risk check passed
2026-04-01 09:07:53  INFO      TradingGraph: Creating trade plan
2026-04-01 09:07:53  INFO      TradingGraph: Confidence sizing [US500]: conf=0.508 → ×0.68 (risk=$0.77)
2026-04-01 09:07:53  INFO      TradingGraph: Structure SL/TP [US500] entry=6575.30000 sl=6477.91551 (1.92×ATR) tp=6670.33333 (R:R=0.98)
2026-04-01 09:07:53  INFO      TradingGraph: Created trade plan: entry=6575.3000, sl=6477.9200, tp=6721.3800
2026-04-01 09:07:53  INFO      TradingGraph: Executing trade for US500
2026-04-01 09:07:53  WARNING   MT5Executor: US500: trading disabled on this symbol (trade_mode=0 — may be outside market hours or broker restriction). Skipping.
2026-04-01 09:07:53  INFO      TradingGraph: Order not placed for US500 (executor returned None — see executor log for reason)
2026-04-01 09:07:53  INFO      TradingRunner: Analysing USTEC …
2026-04-01 09:07:53  INFO      TradingGraph: Running agents for USTEC
2026-04-01 09:07:53  INFO      TradingGraph: Completed 15 agents
2026-04-01 09:07:53  INFO      TradingGraph: Fusing timeframe signals
2026-04-01 09:07:53  INFO      TradingGraph: Fusion: L=-0.429(csns=1.00), M=0.525(csns=1.00), S=0.327(csns=0.80), align_str=0.000
2026-04-01 09:07:53  INFO      TradingGraph: Aligned [counter-trend-scalp] (bullish) — proceeding [L=-0.429 M=0.525 S=0.327 breadth=-0.124]
2026-04-01 09:07:53  INFO      TradingGraph: Generating trading recipe
2026-04-01 09:07:53  INFO      TradingGraph: Generated recipe: RISKY_LONG_COUNTER_TREND_SCALP_USTEC
2026-04-01 09:07:53  INFO      TradingGraph: Risk check passed
2026-04-01 09:07:53  INFO      TradingGraph: Creating trade plan
2026-04-01 09:07:53  INFO      TradingGraph: Confidence sizing [USTEC]: conf=0.494 → ×0.66 (risk=$0.74)
2026-04-01 09:07:54  INFO      TradingGraph: Structure SL/TP [USTEC] entry=23974.30000 sl=23557.26822 (1.93×ATR) tp=25157.13333 (R:R=2.84)
2026-04-01 09:07:54  INFO      TradingGraph: Created trade plan: entry=23974.3000, sl=23557.2700, tp=25157.1300
2026-04-01 09:07:54  INFO      TradingGraph: Executing trade for USTEC
2026-04-01 09:07:54  WARNING   MT5Executor: USTEC: trading disabled on this symbol (trade_mode=0 — may be outside market hours or broker restriction). Skipping.
2026-04-01 09:07:54  INFO      TradingGraph: Order not placed for USTEC (executor returned None — see executor log for reason)
2026-04-01 09:07:54  INFO      TradingRunner: Analysing DAX …
2026-04-01 09:07:54  INFO      TradingGraph: Running agents for DAX
2026-04-01 09:07:54  INFO      TradingGraph: Completed 15 agents
2026-04-01 09:07:54  INFO      TradingGraph: Fusing timeframe signals
2026-04-01 09:07:54  INFO      TradingGraph: Fusion: L=-0.069(csns=1.00), M=0.189(csns=0.50), S=0.242(csns=0.71), align_str=0.000
2026-04-01 09:07:54  INFO      TradingGraph: Timeframes not aligned — stopping (L=-0.069 M=0.189 S=0.242)
2026-04-01 09:07:54  INFO      TradingRunner: Analysing UK100 …
2026-04-01 09:07:54  INFO      TradingGraph: Running agents for UK100
2026-04-01 09:07:54  INFO      TradingGraph: Completed 15 agents
2026-04-01 09:07:54  INFO      TradingGraph: Fusing timeframe signals
2026-04-01 09:07:54  INFO      TradingGraph: Fusion: L=0.168(csns=1.00), M=0.491(csns=1.00), S=0.377(csns=0.80), align_str=0.315
2026-04-01 09:07:54  INFO      TradingGraph: Timeframes not aligned — stopping (L=0.168 M=0.491 S=0.377)
2026-04-01 09:07:54  INFO      TradingRunner: Analysing EURJPY …
2026-04-01 09:07:54  INFO      TradingGraph: Running agents for EURJPY
2026-04-01 09:07:54  INFO      TradingGraph: Completed 15 agents
2026-04-01 09:07:54  INFO      TradingGraph: Fusing timeframe signals
2026-04-01 09:07:54  INFO      TradingGraph: Fusion: L=-0.077(csns=0.50), M=0.053(csns=1.00), S=-0.047(csns=0.80), align_str=0.000
2026-04-01 09:07:54  INFO      TradingGraph: Timeframes not aligned — stopping (L=-0.077 M=0.053 S=-0.047)
2026-04-01 09:07:54  INFO      TradingRunner: Analysing GBPJPY …
2026-04-01 09:07:54  INFO      TradingGraph: Running agents for GBPJPY
2026-04-01 09:07:54  INFO      TradingGraph: Completed 15 agents
2026-04-01 09:07:54  INFO      TradingGraph: Fusing timeframe signals
2026-04-01 09:07:54  INFO      TradingGraph: Fusion: L=0.042(csns=0.50), M=-0.041(csns=0.50), S=-0.038(csns=0.60), align_str=0.000
2026-04-01 09:07:54  INFO      TradingGraph: Timeframes not aligned — stopping (L=0.042 M=-0.041 S=-0.038)
2026-04-01 09:07:54  INFO      TradingRunner: Analysing EURGBP …
2026-04-01 09:07:54  INFO      TradingGraph: Running agents for EURGBP
2026-04-01 09:07:54  INFO      TradingGraph: Completed 15 agents
2026-04-01 09:07:54  INFO      TradingGraph: Fusing timeframe signals
2026-04-01 09:07:54  INFO      TradingGraph: Fusion: L=0.169(csns=1.00), M=0.119(csns=0.50), S=0.043(csns=0.33), align_str=0.096
2026-04-01 09:07:54  INFO      TradingGraph: Timeframes not aligned — stopping (L=0.169 M=0.119 S=0.043)
2026-04-01 09:07:54  INFO      TradingRunner: Analysing CHFJPY …
2026-04-01 09:07:54  INFO      TradingGraph: Running agents for CHFJPY
2026-04-01 09:07:54  INFO      TradingGraph: Completed 15 agents
2026-04-01 09:07:54  INFO      TradingGraph: Fusing timeframe signals
2026-04-01 09:07:54  INFO      TradingGraph: Fusion: L=0.310(csns=0.50), M=-0.035(csns=1.00), S=0.176(csns=0.50), align_str=0.000
2026-04-01 09:07:54  INFO      TradingGraph: Aligned [pullback-entry] (bullish) — proceeding [L=0.310 M=-0.035 S=0.176 breadth=-0.124]
2026-04-01 09:07:54  INFO      TradingGraph: Generating trading recipe
2026-04-01 09:07:54  INFO      TradingGraph: Generated recipe: RISKY_LONG_PULLBACK_ENTRY_CHFJPY
2026-04-01 09:07:54  INFO      TradingGraph: Correlation guard: 3/3 short_jpy positions already open — refusing CHFJPY BUY
2026-04-01 09:07:54  INFO      TradingRunner: PnL — unrealized: +0.67  realized today: +0.04  total: +0.71
2026-04-01 09:07:54  INFO      TradingRunner: Signal cycle done in 8.4s — sleeping 292s
2026-04-01 09:08:48  INFO      TradingGraph: Running agents for GBPUSD
2026-04-01 09:08:48  INFO      TradingGraph: Completed 15 agents
2026-04-01 09:08:48  INFO      TradingGraph: Fusing timeframe signals
2026-04-01 09:08:48  INFO      TradingGraph: Fusion: L=-0.575(csns=1.00), M=0.512(csns=1.00), S=0.148(csns=0.71), align_str=0.000
2026-04-01 09:08:48  ERROR     DataLoader: No data from MT5 for USDCAD/1D
2026-04-01 09:08:48  ERROR     DataLoader: No data from MT5 for USDCAD/4H
2026-04-01 09:08:48  ERROR     DataLoader: No data from MT5 for USDCAD/15m
2026-04-01 09:08:48  ERROR     DataLoader: No data from MT5 for AUDJPY/1D
2026-04-01 09:08:48  ERROR     DataLoader: No data from MT5 for AUDJPY/4H
2026-04-01 09:08:48  ERROR     DataLoader: No data from MT5 for AUDJPY/15m
2026-04-01 09:08:48  ERROR     DataLoader: No data from MT5 for EURGBP/1D
2026-04-01 09:08:48  ERROR     DataLoader: No data from MT5 for EURGBP/4H
2026-04-01 09:08:48  ERROR     DataLoader: No data from MT5 for EURGBP/15m
2026-04-01 09:08:48  ERROR     DataLoader: No data from MT5 for AUDJPY/1D
2026-04-01 09:08:48  ERROR     DataLoader: No data from MT5 for AUDJPY/4H
2026-04-01 09:08:48  ERROR     DataLoader: No data from MT5 for AUDJPY/15m
2026-04-01 09:08:48  ERROR     DataLoader: No data from MT5 for EURUSD/1D
2026-04-01 09:08:48  ERROR     DataLoader: No data from MT5 for EURUSD/4H
2026-04-01 09:08:48  ERROR     DataLoader: No data from MT5 for EURUSD/15m
2026-04-01 09:08:48  ERROR     DataLoader: No data from MT5 for XAGUSD/1D
2026-04-01 09:08:48  ERROR     DataLoader: No data from MT5 for XAGUSD/4H
2026-04-01 09:08:48  ERROR     DataLoader: No data from MT5 for XAGUSD/15m
2026-04-01 09:08:48  ERROR     DataLoader: No data from MT5 for AUDJPY/4H
2026-04-01 09:08:48  ERROR     DataLoader: No data from MT5 for AUDJPY/1D
2026-04-01 09:08:48  ERROR     DataLoader: No data from MT5 for AUDJPY/15m
2026-04-01 09:08:48  ERROR     DataLoader: No data from MT5 for EURCHF/1D
2026-04-01 09:08:48  ERROR     DataLoader: No data from MT5 for EURCHF/4H
2026-04-01 09:08:49  ERROR     DataLoader: No data from MT5 for EURCHF/15m
2026-04-01 09:08:52  WARNING   TradingRunner: [WATCHDOG] MT5 connection lost — attempting reconnect
2026-04-01 09:08:52  INFO      TradingRunner: [WATCHDOG] Reconnect attempt 1/5 (waiting 10s)
2026-04-01 09:09:02  INFO      MT5Executor: MT5 connection closed
2026-04-01 09:09:02  INFO      MT5Executor: Using mt5linux backend → localhost:18812
2026-04-01 09:09:02  INFO      MT5Executor: Connected to MT5: 5048478471 on MetaQuotes-Demo | balance=131.66 | trade_allowed=True
2026-04-01 09:09:02  INFO      TradingRunner: [WATCHDOG] MT5 reconnected successfully
2026-04-01 09:09:48  INFO      TradingGraph: Running agents for GBPUSD
2026-04-01 09:09:48  INFO      TradingGraph: Completed 15 agents
2026-04-01 09:09:48  INFO      TradingGraph: Fusing timeframe signals
2026-04-01 09:09:48  INFO      TradingGraph: Fusion: L=-0.574(csns=1.00), M=0.509(csns=1.00), S=0.154(csns=0.71), align_str=0.000
2026-04-01 09:09:49  INFO      TradingGraph: Running agents for USDCAD
2026-04-01 09:09:49  INFO      TradingGraph: Completed 15 agents
2026-04-01 09:09:49  INFO      TradingGraph: Fusing timeframe signals
2026-04-01 09:09:49  INFO      TradingGraph: Fusion: L=0.364(csns=0.67), M=-0.192(csns=1.00), S=-0.045(csns=0.83), align_str=0.000
2026-04-01 09:09:49  INFO      TradingGraph: Running agents for AUDJPY
2026-04-01 09:09:49  INFO      TradingGraph: Completed 15 agents
2026-04-01 09:09:49  INFO      TradingGraph: Fusing timeframe signals
2026-04-01 09:09:49  INFO      TradingGraph: Fusion: L=0.486(csns=1.00), M=0.232(csns=1.00), S=0.352(csns=0.83), align_str=0.341
2026-04-01 09:09:50  INFO      TradingGraph: Running agents for EURGBP
2026-04-01 09:09:50  INFO      TradingGraph: Completed 15 agents
2026-04-01 09:09:50  INFO      TradingGraph: Fusing timeframe signals
2026-04-01 09:09:50  INFO      TradingGraph: Fusion: L=0.169(csns=1.00), M=0.102(csns=0.50), S=0.043(csns=0.33), align_str=0.090
2026-04-01 09:09:50  INFO      TradingGraph: Running agents for AUDJPY
2026-04-01 09:09:50  INFO      TradingGraph: Completed 15 agents
2026-04-01 09:09:50  INFO      TradingGraph: Fusing timeframe signals
2026-04-01 09:09:50  INFO      TradingGraph: Fusion: L=0.486(csns=1.00), M=0.232(csns=1.00), S=0.352(csns=0.83), align_str=0.341
2026-04-01 09:09:51  INFO      TradingGraph: Running agents for EURUSD
2026-04-01 09:09:51  INFO      TradingGraph: Completed 15 agents
2026-04-01 09:09:51  INFO      TradingGraph: Fusing timeframe signals
2026-04-01 09:09:51  INFO      TradingGraph: Fusion: L=-0.343(csns=0.50), M=0.560(csns=1.00), S=0.275(csns=1.00), align_str=0.000
2026-04-01 09:09:51  INFO      TradingGraph: Running agents for XAGUSD
2026-04-01 09:09:51  INFO      TradingGraph: Completed 15 agents
2026-04-01 09:09:51  INFO      TradingGraph: Fusing timeframe signals
2026-04-01 09:09:51  INFO      TradingGraph: Fusion: L=-0.200(csns=0.50), M=0.348(csns=1.00), S=0.354(csns=0.86), align_str=0.000
2026-04-01 09:09:52  INFO      TradingGraph: Running agents for AUDJPY
2026-04-01 09:09:52  INFO      TradingGraph: Completed 15 agents
2026-04-01 09:09:52  INFO      TradingGraph: Fusing timeframe signals
2026-04-01 09:09:52  INFO      TradingGraph: Fusion: L=0.486(csns=1.00), M=0.233(csns=1.00), S=0.353(csns=0.83), align_str=0.342
2026-04-01 09:09:52  INFO      TradingGraph: Running agents for EURCHF
2026-04-01 09:09:52  INFO      TradingGraph: Completed 15 agents
2026-04-01 09:09:52  INFO      TradingGraph: Fusing timeframe signals
2026-04-01 09:09:52  INFO      TradingGraph: Fusion: L=-0.361(csns=1.00), M=0.026(csns=0.67), S=-0.103(csns=0.71), align_str=0.000
2026-04-01 09:10:49  INFO      TradingGraph: Running agents for GBPUSD
2026-04-01 09:10:49  INFO      TradingGraph: Completed 15 agents
2026-04-01 09:10:49  INFO      TradingGraph: Fusing timeframe signals
2026-04-01 09:10:49  INFO      TradingGraph: Fusion: L=-0.574(csns=1.00), M=0.515(csns=1.00), S=0.175(csns=0.83), align_str=0.000
2026-04-01 09:10:49  INFO      TradingGraph: Running agents for USDCAD
2026-04-01 09:10:49  INFO      TradingGraph: Completed 15 agents
2026-04-01 09:10:49  INFO      TradingGraph: Fusing timeframe signals
2026-04-01 09:10:49  INFO      TradingGraph: Fusion: L=0.364(csns=0.67), M=-0.176(csns=1.00), S=-0.005(csns=0.83), align_str=0.000
2026-04-01 09:10:49  INFO      TradingGraph: Running agents for AUDJPY
2026-04-01 09:10:49  INFO      TradingGraph: Completed 15 agents
2026-04-01 09:10:49  INFO      TradingGraph: Fusing timeframe signals
2026-04-01 09:10:49  INFO      TradingGraph: Fusion: L=0.484(csns=1.00), M=0.235(csns=1.00), S=0.301(csns=0.83), align_str=0.325
2026-04-01 09:10:50  INFO      TradingGraph: Running agents for EURGBP
2026-04-01 09:10:50  INFO      TradingGraph: Completed 15 agents
2026-04-01 09:10:50  INFO      TradingGraph: Fusing timeframe signals
2026-04-01 09:10:50  INFO      TradingGraph: Fusion: L=0.170(csns=1.00), M=0.121(csns=0.50), S=0.043(csns=0.33), align_str=0.096
2026-04-01 09:10:50  INFO      TradingGraph: Running agents for AUDJPY
2026-04-01 09:10:50  INFO      TradingGraph: Completed 15 agents
2026-04-01 09:10:50  INFO      TradingGraph: Fusing timeframe signals
2026-04-01 09:10:50  INFO      TradingGraph: Fusion: L=0.484(csns=1.00), M=0.235(csns=1.00), S=0.302(csns=0.83), align_str=0.325
2026-04-01 09:10:50  INFO      TradingGraph: Running agents for EURUSD
2026-04-01 09:10:50  INFO      TradingGraph: Completed 15 agents
2026-04-01 09:10:50  INFO      TradingGraph: Fusing timeframe signals
2026-04-01 09:10:50  INFO      TradingGraph: Fusion: L=-0.343(csns=0.50), M=0.556(csns=1.00), S=0.272(csns=1.00), align_str=0.000
2026-04-01 09:10:51  INFO      TradingGraph: Running agents for XAGUSD
2026-04-01 09:10:51  INFO      TradingGraph: Completed 15 agents
2026-04-01 09:10:51  INFO      TradingGraph: Fusing timeframe signals
2026-04-01 09:10:51  INFO      TradingGraph: Fusion: L=-0.199(csns=0.50), M=0.346(csns=1.00), S=0.352(csns=0.86), align_str=0.000
2026-04-01 09:10:51  INFO      TradingGraph: Running agents for AUDJPY
2026-04-01 09:10:51  INFO      TradingGraph: Completed 15 agents
2026-04-01 09:10:51  INFO      TradingGraph: Fusing timeframe signals
2026-04-01 09:10:51  INFO      TradingGraph: Fusion: L=0.484(csns=1.00), M=0.235(csns=1.00), S=0.301(csns=0.83), align_str=0.325
2026-04-01 09:10:51  INFO      TradingGraph: Running agents for EURCHF
2026-04-01 09:10:51  INFO      TradingGraph: Completed 15 agents
2026-04-01 09:10:51  INFO      TradingGraph: Fusing timeframe signals
2026-04-01 09:10:51  INFO      TradingGraph: Fusion: L=-0.361(csns=1.00), M=0.026(csns=0.67), S=-0.103(csns=0.71), align_str=0.000
2026-04-01 09:11:48  INFO      TradingGraph: Running agents for GBPUSD
2026-04-01 09:11:48  INFO      TradingGraph: Completed 15 agents
2026-04-01 09:11:48  INFO      TradingGraph: Fusing timeframe signals
2026-04-01 09:11:48  INFO      TradingGraph: Fusion: L=-0.574(csns=1.00), M=0.500(csns=1.00), S=0.157(csns=0.71), align_str=0.000
2026-04-01 09:11:49  INFO      TradingGraph: Running agents for USDCAD
2026-04-01 09:11:49  INFO      TradingGraph: Completed 15 agents
2026-04-01 09:11:49  INFO      TradingGraph: Fusing timeframe signals
2026-04-01 09:11:49  INFO      TradingGraph: Fusion: L=0.364(csns=0.67), M=-0.174(csns=1.00), S=-0.004(csns=0.83), align_str=0.000
2026-04-01 09:11:49  INFO      TradingGraph: Running agents for AUDJPY
2026-04-01 09:11:49  INFO      TradingGraph: Completed 15 agents
2026-04-01 09:11:49  INFO      TradingGraph: Fusing timeframe signals
2026-04-01 09:11:49  INFO      TradingGraph: Fusion: L=0.485(csns=1.00), M=0.237(csns=1.00), S=0.303(csns=0.83), align_str=0.326
2026-04-01 09:11:49  INFO      TradingGraph: Running agents for EURGBP
2026-04-01 09:11:49  INFO      TradingGraph: Completed 15 agents
2026-04-01 09:11:49  INFO      TradingGraph: Fusing timeframe signals
2026-04-01 09:11:49  INFO      TradingGraph: Fusion: L=0.169(csns=1.00), M=0.105(csns=0.50), S=0.042(csns=0.33), align_str=0.091
2026-04-01 09:11:50  INFO      TradingGraph: Running agents for AUDJPY
2026-04-01 09:11:50  INFO      TradingGraph: Completed 15 agents
2026-04-01 09:11:50  INFO      TradingGraph: Fusing timeframe signals
2026-04-01 09:11:50  INFO      TradingGraph: Fusion: L=0.485(csns=1.00), M=0.237(csns=1.00), S=0.302(csns=0.83), align_str=0.326
2026-04-01 09:11:50  INFO      TradingGraph: Running agents for EURUSD
2026-04-01 09:11:50  INFO      TradingGraph: Completed 15 agents
2026-04-01 09:11:50  INFO      TradingGraph: Fusing timeframe signals
2026-04-01 09:11:50  INFO      TradingGraph: Fusion: L=-0.343(csns=0.50), M=0.561(csns=1.00), S=0.275(csns=1.00), align_str=0.000
2026-04-01 09:11:50  INFO      TradingGraph: Running agents for XAGUSD
2026-04-01 09:11:50  INFO      TradingGraph: Completed 15 agents
2026-04-01 09:11:50  INFO      TradingGraph: Fusing timeframe signals
2026-04-01 09:11:50  INFO      TradingGraph: Fusion: L=-0.199(csns=0.50), M=0.342(csns=1.00), S=0.351(csns=0.86), align_str=0.000
2026-04-01 09:11:51  INFO      TradingGraph: Running agents for AUDJPY
2026-04-01 09:11:51  INFO      TradingGraph: Completed 15 agents
2026-04-01 09:11:51  INFO      TradingGraph: Fusing timeframe signals
2026-04-01 09:11:51  INFO      TradingGraph: Fusion: L=0.484(csns=1.00), M=0.237(csns=1.00), S=0.302(csns=0.83), align_str=0.326
2026-04-01 09:11:51  INFO      TradingGraph: Running agents for EURCHF
2026-04-01 09:11:51  INFO      TradingGraph: Completed 15 agents
2026-04-01 09:11:51  INFO      TradingGraph: Fusing timeframe signals
2026-04-01 09:11:51  INFO      TradingGraph: Fusion: L=-0.360(csns=1.00), M=0.032(csns=0.67), S=-0.102(csns=0.71), align_str=0.000
2026-04-01 09:12:49  INFO      TradingGraph: Running agents for GBPUSD
2026-04-01 09:12:49  INFO      TradingGraph: Completed 15 agents
2026-04-01 09:12:49  INFO      TradingGraph: Fusing timeframe signals
2026-04-01 09:12:49  INFO      TradingGraph: Fusion: L=-0.574(csns=1.00), M=0.507(csns=1.00), S=0.152(csns=0.71), align_str=0.000
2026-04-01 09:12:50  INFO      TradingGraph: Running agents for USDCAD
2026-04-01 09:12:50  INFO      TradingGraph: Completed 15 agents
2026-04-01 09:12:50  INFO      TradingGraph: Fusing timeframe signals
2026-04-01 09:12:50  INFO      TradingGraph: Fusion: L=0.364(csns=0.67), M=-0.182(csns=1.00), S=-0.042(csns=0.83), align_str=0.000
2026-04-01 09:12:50  INFO      TradingGraph: Running agents for AUDJPY
2026-04-01 09:12:51  INFO      TradingGraph: Completed 15 agents
2026-04-01 09:12:51  INFO      TradingGraph: Fusing timeframe signals
2026-04-01 09:12:51  INFO      TradingGraph: Fusion: L=0.485(csns=1.00), M=0.240(csns=1.00), S=0.304(csns=0.83), align_str=0.328
2026-04-01 09:12:51  INFO      TradingGraph: Running agents for EURGBP
2026-04-01 09:12:51  INFO      TradingRunner: Analysing EURUSD …
2026-04-01 09:12:51  INFO      TradingGraph: Running agents for EURUSD
2026-04-01 09:12:51  INFO      TradingGraph: Completed 15 agents
2026-04-01 09:12:51  INFO      TradingGraph: Fusing timeframe signals
2026-04-01 09:12:51  INFO      TradingGraph: Fusion: L=0.169(csns=1.00), M=0.104(csns=0.50), S=0.042(csns=0.33), align_str=0.091
2026-04-01 09:12:51  INFO      TradingGraph: Running agents for AUDJPY
2026-04-01 09:12:51  INFO      TradingGraph: Completed 15 agents
2026-04-01 09:12:51  INFO      TradingGraph: Completed 15 agents
2026-04-01 09:12:51  INFO      TradingGraph: Fusing timeframe signals
2026-04-01 09:12:51  INFO      TradingGraph: Fusion: L=0.485(csns=1.00), M=0.239(csns=1.00), S=0.304(csns=0.83), align_str=0.328
2026-04-01 09:12:52  INFO      TradingGraph: Running agents for EURUSD
2026-04-01 09:12:52  INFO      TradingGraph: Completed 15 agents
2026-04-01 09:12:52  INFO      TradingGraph: Fusing timeframe signals
2026-04-01 09:12:52  INFO      TradingGraph: Fusion: L=-0.343(csns=0.50), M=0.561(csns=1.00), S=0.275(csns=1.00), align_str=0.000
2026-04-01 09:12:52  INFO      TradingGraph: Running agents for XAGUSD
2026-04-01 09:12:52  INFO      TradingGraph: Fusing timeframe signals
2026-04-01 09:12:52  INFO      TradingGraph: Fusion: L=-0.343(csns=0.50), M=0.563(csns=1.00), S=0.277(csns=1.00), align_str=0.000
2026-04-01 09:12:52  INFO      TradingGraph: Completed 15 agents
2026-04-01 09:12:52  INFO      TradingGraph: Fusing timeframe signals
2026-04-01 09:12:52  INFO      TradingGraph: Fusion: L=-0.199(csns=0.50), M=0.344(csns=1.00), S=0.351(csns=0.86), align_str=0.000
2026-04-01 09:12:52  INFO      TradingGraph: Running agents for AUDJPY
2026-04-01 09:12:52  INFO      TradingGraph: Completed 15 agents
2026-04-01 09:12:52  INFO      TradingGraph: Fusing timeframe signals
2026-04-01 09:12:52  INFO      TradingGraph: Fusion: L=0.484(csns=1.00), M=0.235(csns=1.00), S=0.302(csns=0.83), align_str=0.325
2026-04-01 09:12:52  INFO      TradingGraph: Running agents for EURCHF
2026-04-01 09:12:52  INFO      TradingGraph: Aligned [counter-trend-scalp] (bullish) — proceeding [L=-0.343 M=0.563 S=0.277 breadth=-0.124]
2026-04-01 09:12:53  INFO      TradingGraph: Completed 15 agents
2026-04-01 09:12:53  INFO      TradingGraph: Fusing timeframe signals
2026-04-01 09:12:53  INFO      TradingGraph: Fusion: L=-0.360(csns=1.00), M=0.029(csns=0.67), S=-0.102(csns=0.71), align_str=0.000
2026-04-01 09:12:53  INFO      TradingGraph: Generating trading recipe
2026-04-01 09:12:53  INFO      TradingGraph: Generated recipe: RISKY_LONG_COUNTER_TREND_SCALP_EURUSD
2026-04-01 09:12:53  INFO      TradingGraph: Position already open for EURUSD — entry_type=counter-trend-scalp (needs full-alignment)
2026-04-01 09:12:53  INFO      TradingRunner: Analysing GBPUSD …
2026-04-01 09:12:53  INFO      TradingGraph: Running agents for GBPUSD
2026-04-01 09:12:53  INFO      TradingGraph: Completed 15 agents
2026-04-01 09:12:53  INFO      TradingGraph: Fusing timeframe signals
2026-04-01 09:12:53  INFO      TradingGraph: Fusion: L=-0.574(csns=1.00), M=0.508(csns=1.00), S=0.155(csns=0.71), align_str=0.000
2026-04-01 09:12:53  INFO      TradingGraph: Aligned [counter-trend-scalp] (bullish) — proceeding [L=-0.574 M=0.508 S=0.155 breadth=-0.124]
2026-04-01 09:12:53  INFO      TradingGraph: Generating trading recipe
2026-04-01 09:12:53  INFO      TradingGraph: Generated recipe: RISKY_LONG_COUNTER_TREND_SCALP_GBPUSD
2026-04-01 09:12:53  INFO      TradingGraph: Position already open for GBPUSD — entry_type=counter-trend-scalp (needs full-alignment)
2026-04-01 09:12:53  INFO      TradingRunner: Analysing USDJPY …
2026-04-01 09:12:53  INFO      TradingGraph: Running agents for USDJPY
2026-04-01 09:12:53  INFO      TradingGraph: Completed 15 agents
2026-04-01 09:12:53  INFO      TradingGraph: Fusing timeframe signals
2026-04-01 09:12:53  INFO      TradingGraph: Fusion: L=0.224(csns=0.33), M=-0.531(csns=1.00), S=-0.101(csns=0.71), align_str=0.000
2026-04-01 09:12:53  INFO      TradingGraph: Timeframes not aligned — stopping (L=0.224 M=-0.531 S=-0.101)
2026-04-01 09:12:53  INFO      TradingRunner: Analysing USDCHF …
2026-04-01 09:12:53  INFO      TradingGraph: Running agents for USDCHF
2026-04-01 09:12:53  INFO      TradingGraph: Completed 15 agents
2026-04-01 09:12:53  INFO      TradingGraph: Fusing timeframe signals
2026-04-01 09:12:53  INFO      TradingGraph: Fusion: L=0.534(csns=1.00), M=-0.560(csns=1.00), S=-0.118(csns=0.71), align_str=0.000
2026-04-01 09:12:53  INFO      TradingGraph: Timeframes not aligned — stopping (L=0.534 M=-0.560 S=-0.118)
2026-04-01 09:12:53  INFO      TradingRunner: Analysing AUDUSD …
2026-04-01 09:12:53  INFO      TradingGraph: Running agents for AUDUSD
2026-04-01 09:12:53  INFO      TradingGraph: Completed 15 agents
2026-04-01 09:12:53  INFO      TradingGraph: Fusing timeframe signals
2026-04-01 09:12:53  INFO      TradingGraph: Fusion: L=0.016(csns=1.00), M=0.516(csns=1.00), S=0.314(csns=0.71), align_str=0.137
2026-04-01 09:12:53  INFO      TradingGraph: Timeframes not aligned — stopping (L=0.016 M=0.516 S=0.314)
2026-04-01 09:12:53  INFO      TradingRunner: Analysing USDCAD …
2026-04-01 09:12:53  INFO      TradingGraph: Running agents for USDCAD
2026-04-01 09:12:53  INFO      TradingGraph: Completed 15 agents
2026-04-01 09:12:53  INFO      TradingGraph: Fusing timeframe signals
2026-04-01 09:12:53  INFO      TradingGraph: Fusion: L=0.364(csns=0.67), M=-0.184(csns=1.00), S=-0.043(csns=0.83), align_str=0.000
2026-04-01 09:12:53  INFO      TradingGraph: Timeframes not aligned — stopping (L=0.364 M=-0.184 S=-0.043)
2026-04-01 09:12:53  INFO      TradingRunner: Analysing NZDUSD …
2026-04-01 09:12:53  INFO      TradingGraph: Running agents for NZDUSD
2026-04-01 09:12:53  INFO      TradingGraph: Completed 15 agents
2026-04-01 09:12:53  INFO      TradingGraph: Fusing timeframe signals
2026-04-01 09:12:53  INFO      TradingGraph: Fusion: L=-0.574(csns=1.00), M=0.469(csns=1.00), S=0.140(csns=0.67), align_str=0.000
2026-04-01 09:12:53  INFO      TradingGraph: Timeframes not aligned — stopping (L=-0.574 M=0.469 S=0.140)
2026-04-01 09:12:53  INFO      TradingRunner: Analysing US30 …
2026-04-01 09:12:53  INFO      TradingGraph: Running agents for US30
2026-04-01 09:12:53  INFO      TradingGraph: Completed 15 agents
2026-04-01 09:12:53  INFO      TradingGraph: Fusing timeframe signals
2026-04-01 09:12:53  INFO      TradingGraph: Fusion: L=-0.373(csns=1.00), M=0.468(csns=1.00), S=0.273(csns=0.67), align_str=0.000
2026-04-01 09:12:53  INFO      TradingGraph: Aligned [counter-trend-scalp] (bullish) — proceeding [L=-0.373 M=0.468 S=0.273 breadth=-0.124]
2026-04-01 09:12:53  INFO      TradingGraph: Generating trading recipe
2026-04-01 09:12:53  INFO      TradingGraph: Generated recipe: RISKY_LONG_COUNTER_TREND_SCALP_US30
2026-04-01 09:12:53  INFO      TradingGraph: Risk check passed
2026-04-01 09:12:53  INFO      TradingGraph: Creating trade plan
2026-04-01 09:12:53  INFO      TradingGraph: Confidence sizing [US30]: conf=0.566 → ×0.77 (risk=$0.84)
2026-04-01 09:12:53  INFO      TradingGraph: Structure SL/TP [US30] entry=46622.10000 sl=45868.19353 (2.16×ATR) tp=47889.86667 (R:R=1.68)
2026-04-01 09:12:53  INFO      TradingGraph: Created trade plan: entry=46622.1000, sl=45868.1900, tp=47889.8700
2026-04-01 09:12:53  INFO      TradingGraph: Executing trade for US30
2026-04-01 09:12:53  WARNING   MT5Executor: US30: trading disabled on this symbol (trade_mode=0 — may be outside market hours or broker restriction). Skipping.
2026-04-01 09:12:53  INFO      TradingGraph: Order not placed for US30 (executor returned None — see executor log for reason)
2026-04-01 09:12:53  INFO      TradingRunner: Analysing US500 …
2026-04-01 09:12:53  INFO      TradingGraph: Running agents for US500
2026-04-01 09:12:53  INFO      TradingGraph: Completed 15 agents
2026-04-01 09:12:53  INFO      TradingGraph: Fusing timeframe signals
2026-04-01 09:12:53  INFO      TradingGraph: Fusion: L=-0.413(csns=1.00), M=0.468(csns=1.00), S=0.314(csns=0.80), align_str=0.000
2026-04-01 09:12:53  INFO      TradingGraph: Aligned [counter-trend-scalp] (bullish) — proceeding [L=-0.413 M=0.468 S=0.314 breadth=-0.124]
2026-04-01 09:12:53  INFO      TradingGraph: Generating trading recipe
2026-04-01 09:12:53  INFO      TradingGraph: Generated recipe: RISKY_LONG_COUNTER_TREND_SCALP_US500
2026-04-01 09:12:53  INFO      TradingGraph: Risk check passed
2026-04-01 09:12:53  INFO      TradingGraph: Creating trade plan
2026-04-01 09:12:53  INFO      TradingGraph: Confidence sizing [US500]: conf=0.508 → ×0.68 (risk=$0.75)
2026-04-01 09:12:53  INFO      TradingGraph: Structure SL/TP [US500] entry=6573.10000 sl=6477.91551 (1.88×ATR) tp=6670.33333 (R:R=1.02)
2026-04-01 09:12:53  INFO      TradingGraph: Created trade plan: entry=6573.1000, sl=6477.9200, tp=6715.8800
2026-04-01 09:12:53  INFO      TradingGraph: Executing trade for US500
2026-04-01 09:12:53  WARNING   MT5Executor: US500: trading disabled on this symbol (trade_mode=0 — may be outside market hours or broker restriction). Skipping.
2026-04-01 09:12:53  INFO      TradingGraph: Order not placed for US500 (executor returned None — see executor log for reason)
2026-04-01 09:12:53  INFO      TradingRunner: Analysing USTEC …
2026-04-01 09:12:53  INFO      TradingGraph: Running agents for USTEC
2026-04-01 09:12:53  INFO      TradingGraph: Completed 15 agents
2026-04-01 09:12:53  INFO      TradingGraph: Fusing timeframe signals
2026-04-01 09:12:53  INFO      TradingGraph: Fusion: L=-0.429(csns=1.00), M=0.524(csns=1.00), S=0.333(csns=0.80), align_str=0.000
2026-04-01 09:12:53  INFO      TradingGraph: Aligned [counter-trend-scalp] (bullish) — proceeding [L=-0.429 M=0.524 S=0.333 breadth=-0.124]
2026-04-01 09:12:53  INFO      TradingGraph: Generating trading recipe
2026-04-01 09:12:53  INFO      TradingGraph: Generated recipe: RISKY_LONG_COUNTER_TREND_SCALP_USTEC
2026-04-01 09:12:53  INFO      TradingGraph: Risk check passed
2026-04-01 09:12:53  INFO      TradingGraph: Creating trade plan
2026-04-01 09:12:53  INFO      TradingGraph: Confidence sizing [USTEC]: conf=0.494 → ×0.66 (risk=$0.73)
2026-04-01 09:12:53  INFO      TradingGraph: Structure SL/TP [USTEC] entry=23966.50000 sl=23557.26822 (1.90×ATR) tp=25157.13333 (R:R=2.91)
2026-04-01 09:12:53  INFO      TradingGraph: Created trade plan: entry=23966.5000, sl=23557.2700, tp=25157.1300
2026-04-01 09:12:53  INFO      TradingGraph: Executing trade for USTEC
2026-04-01 09:12:53  WARNING   MT5Executor: USTEC: trading disabled on this symbol (trade_mode=0 — may be outside market hours or broker restriction). Skipping.
2026-04-01 09:12:53  INFO      TradingGraph: Order not placed for USTEC (executor returned None — see executor log for reason)
2026-04-01 09:12:53  INFO      TradingRunner: Analysing DAX …
2026-04-01 09:12:53  INFO      TradingGraph: Running agents for DAX
2026-04-01 09:12:53  INFO      TradingGraph: Completed 15 agents
2026-04-01 09:12:53  INFO      TradingGraph: Fusing timeframe signals
2026-04-01 09:12:53  INFO      TradingGraph: Fusion: L=-0.069(csns=1.00), M=0.189(csns=0.50), S=0.242(csns=0.71), align_str=0.000
2026-04-01 09:12:53  INFO      TradingGraph: Timeframes not aligned — stopping (L=-0.069 M=0.189 S=0.242)
2026-04-01 09:12:53  INFO      TradingRunner: Analysing UK100 …
2026-04-01 09:12:53  INFO      TradingGraph: Running agents for UK100
2026-04-01 09:12:53  INFO      TradingGraph: Completed 15 agents
2026-04-01 09:12:53  INFO      TradingGraph: Fusing timeframe signals
2026-04-01 09:12:53  INFO      TradingGraph: Fusion: L=0.168(csns=1.00), M=0.490(csns=1.00), S=0.383(csns=0.80), align_str=0.316
2026-04-01 09:12:53  INFO      TradingGraph: Timeframes not aligned — stopping (L=0.168 M=0.490 S=0.383)
2026-04-01 09:12:53  INFO      TradingRunner: Analysing EURJPY …
2026-04-01 09:12:53  INFO      TradingGraph: Running agents for EURJPY
2026-04-01 09:12:53  INFO      TradingGraph: Completed 15 agents
2026-04-01 09:12:53  INFO      TradingGraph: Fusing timeframe signals
2026-04-01 09:12:53  INFO      TradingGraph: Fusion: L=-0.077(csns=0.50), M=0.094(csns=1.00), S=-0.079(csns=0.80), align_str=0.000
2026-04-01 09:12:53  INFO      TradingGraph: Timeframes not aligned — stopping (L=-0.077 M=0.094 S=-0.079)
2026-04-01 09:12:53  INFO      TradingRunner: Analysing GBPJPY …
2026-04-01 09:12:53  INFO      TradingGraph: Running agents for GBPJPY
2026-04-01 09:12:53  INFO      TradingGraph: Completed 15 agents
2026-04-01 09:12:53  INFO      TradingGraph: Fusing timeframe signals
2026-04-01 09:12:53  INFO      TradingGraph: Fusion: L=0.043(csns=0.50), M=-0.026(csns=0.50), S=0.028(csns=0.75), align_str=0.000
2026-04-01 09:12:53  INFO      TradingGraph: Timeframes not aligned — stopping (L=0.043 M=-0.026 S=0.028)
2026-04-01 09:12:53  INFO      TradingRunner: Analysing EURGBP …
2026-04-01 09:12:53  INFO      TradingGraph: Running agents for EURGBP
2026-04-01 09:12:54  INFO      TradingGraph: Completed 15 agents
2026-04-01 09:12:54  INFO      TradingGraph: Fusing timeframe signals
2026-04-01 09:12:54  INFO      TradingGraph: Fusion: L=0.169(csns=1.00), M=0.105(csns=0.50), S=0.042(csns=0.33), align_str=0.091
2026-04-01 09:12:54  INFO      TradingGraph: Timeframes not aligned — stopping (L=0.169 M=0.105 S=0.042)
2026-04-01 09:12:54  INFO      TradingRunner: Analysing CHFJPY …
2026-04-01 09:12:54  INFO      TradingGraph: Running agents for CHFJPY
2026-04-01 09:12:54  INFO      TradingGraph: Completed 15 agents
2026-04-01 09:12:54  INFO      TradingGraph: Fusing timeframe signals
2026-04-01 09:12:54  INFO      TradingGraph: Fusion: L=0.310(csns=0.50), M=-0.011(csns=1.00), S=0.253(csns=0.67), align_str=0.000
2026-04-01 09:12:54  INFO      TradingGraph: Aligned [pullback-entry] (bullish) — proceeding [L=0.310 M=-0.011 S=0.253 breadth=-0.124]
2026-04-01 09:12:54  INFO      TradingGraph: Generating trading recipe
2026-04-01 09:12:54  INFO      TradingGraph: Generated recipe: RISKY_LONG_PULLBACK_ENTRY_CHFJPY
2026-04-01 09:12:54  INFO      TradingGraph: Correlation guard: 3/3 short_jpy positions already open — refusing CHFJPY BUY
2026-04-01 09:12:54  INFO      TradingRunner: Analysing XAGUSD …
2026-04-01 09:12:54  INFO      TradingGraph: Running agents for XAGUSD
2026-04-01 09:12:54  INFO      TradingGraph: Completed 15 agents
2026-04-01 09:12:54  INFO      TradingGraph: Fusing timeframe signals
2026-04-01 09:12:54  INFO      TradingGraph: Fusion: L=-0.199(csns=0.50), M=0.344(csns=1.00), S=0.351(csns=0.86), align_str=0.000
2026-04-01 09:12:54  INFO      TradingGraph: Timeframes not aligned — stopping (L=-0.199 M=0.344 S=0.351)
2026-04-01 09:12:54  INFO      TradingRunner: PnL — unrealized: -3.08  realized today: +0.04  total: -3.04
2026-04-01 09:12:54  INFO      TradingRunner: Signal cycle done in 8.1s — sleeping 292s
2026-04-01 09:13:33  INFO      TradingRunner: [WATCHDOG] alive | equity=129.04 | cycle=15 | profile=risky
2026-04-01 09:13:48  INFO      TradingGraph: Running agents for GBPUSD
2026-04-01 09:13:48  INFO      TradingGraph: Completed 15 agents
2026-04-01 09:13:48  INFO      TradingGraph: Fusing timeframe signals
2026-04-01 09:13:48  INFO      TradingGraph: Fusion: L=-0.574(csns=1.00), M=0.507(csns=1.00), S=0.152(csns=0.71), align_str=0.000
2026-04-01 09:13:49  INFO      TradingGraph: Running agents for USDCAD
2026-04-01 09:13:49  INFO      TradingGraph: Completed 15 agents
2026-04-01 09:13:49  INFO      TradingGraph: Fusing timeframe signals
2026-04-01 09:13:49  INFO      TradingGraph: Fusion: L=0.364(csns=0.67), M=-0.177(csns=1.00), S=-0.006(csns=0.83), align_str=0.000
2026-04-01 09:13:49  INFO      TradingGraph: Running agents for AUDJPY
2026-04-01 09:13:49  INFO      TradingGraph: Completed 15 agents
2026-04-01 09:13:49  INFO      TradingGraph: Fusing timeframe signals
2026-04-01 09:13:49  INFO      TradingGraph: Fusion: L=0.485(csns=1.00), M=0.245(csns=1.00), S=0.306(csns=0.83), align_str=0.332
2026-04-01 09:13:49  INFO      TradingGraph: Running agents for EURGBP
2026-04-01 09:13:49  INFO      TradingGraph: Completed 15 agents
2026-04-01 09:13:49  INFO      TradingGraph: Fusing timeframe signals
2026-04-01 09:13:49  INFO      TradingGraph: Fusion: L=0.170(csns=1.00), M=0.122(csns=0.50), S=0.043(csns=0.33), align_str=0.097
2026-04-01 09:13:50  INFO      TradingGraph: Running agents for AUDJPY
2026-04-01 09:13:50  INFO      TradingGraph: Completed 15 agents
2026-04-01 09:13:50  INFO      TradingGraph: Fusing timeframe signals
2026-04-01 09:13:50  INFO      TradingGraph: Fusion: L=0.485(csns=1.00), M=0.245(csns=1.00), S=0.306(csns=0.83), align_str=0.332
2026-04-01 09:13:50  INFO      TradingGraph: Running agents for EURUSD
2026-04-01 09:13:50  INFO      TradingGraph: Completed 15 agents
2026-04-01 09:13:50  INFO      TradingGraph: Fusing timeframe signals
2026-04-01 09:13:50  INFO      TradingGraph: Fusion: L=-0.343(csns=0.50), M=0.567(csns=1.00), S=0.179(csns=0.83), align_str=0.000
2026-04-01 09:13:50  INFO      TradingGraph: Running agents for XAGUSD
2026-04-01 09:13:51  INFO      TradingGraph: Completed 15 agents
2026-04-01 09:13:51  INFO      TradingGraph: Fusing timeframe signals
2026-04-01 09:13:51  INFO      TradingGraph: Fusion: L=-0.199(csns=0.50), M=0.342(csns=1.00), S=0.351(csns=0.86), align_str=0.000
2026-04-01 09:13:51  INFO      TradingGraph: Running agents for AUDJPY
2026-04-01 09:13:51  INFO      TradingGraph: Completed 15 agents
2026-04-01 09:13:51  INFO      TradingGraph: Fusing timeframe signals
2026-04-01 09:13:51  INFO      TradingGraph: Fusion: L=0.485(csns=1.00), M=0.245(csns=1.00), S=0.306(csns=0.83), align_str=0.332
2026-04-01 09:13:51  INFO      TradingGraph: Running agents for EURCHF
2026-04-01 09:13:51  INFO      TradingGraph: Completed 15 agents
2026-04-01 09:13:51  INFO      TradingGraph: Fusing timeframe signals
2026-04-01 09:13:51  INFO      TradingGraph: Fusion: L=-0.361(csns=1.00), M=0.028(csns=0.67), S=-0.102(csns=0.71), align_str=0.000
2026-04-01 09:14:48  INFO      TradingGraph: Running agents for GBPUSD
2026-04-01 09:14:48  INFO      TradingGraph: Completed 15 agents
2026-04-01 09:14:48  INFO      TradingGraph: Fusing timeframe signals
2026-04-01 09:14:48  INFO      TradingGraph: Fusion: L=-0.574(csns=1.00), M=0.507(csns=1.00), S=0.152(csns=0.71), align_str=0.000
2026-04-01 09:14:49  INFO      TradingGraph: Running agents for USDCAD
2026-04-01 09:14:49  INFO      TradingGraph: Completed 15 agents
2026-04-01 09:14:49  INFO      TradingGraph: Fusing timeframe signals
2026-04-01 09:14:49  INFO      TradingGraph: Fusion: L=0.364(csns=0.67), M=-0.173(csns=1.00), S=-0.007(csns=0.83), align_str=0.000
2026-04-01 09:14:49  INFO      TradingGraph: Running agents for AUDJPY
2026-04-01 09:14:49  INFO      TradingGraph: Completed 15 agents
2026-04-01 09:14:49  INFO      TradingGraph: Fusing timeframe signals
2026-04-01 09:14:49  INFO      TradingGraph: Fusion: L=0.486(csns=1.00), M=0.229(csns=1.00), S=0.351(csns=0.83), align_str=0.340
2026-04-01 09:14:49  INFO      TradingGraph: Running agents for EURGBP
2026-04-01 09:14:49  INFO      TradingGraph: Completed 15 agents
2026-04-01 09:14:49  INFO      TradingGraph: Fusing timeframe signals
2026-04-01 09:14:49  INFO      TradingGraph: Fusion: L=0.171(csns=1.00), M=0.128(csns=0.50), S=0.048(csns=0.33), align_str=0.102
2026-04-01 09:14:50  INFO      TradingGraph: Running agents for AUDJPY
2026-04-01 09:14:50  INFO      TradingGraph: Completed 15 agents
2026-04-01 09:14:50  INFO      TradingGraph: Fusing timeframe signals
2026-04-01 09:14:50  INFO      TradingGraph: Fusion: L=0.486(csns=1.00), M=0.229(csns=1.00), S=0.351(csns=0.83), align_str=0.340
2026-04-01 09:14:50  INFO      TradingGraph: Running agents for EURUSD
2026-04-01 09:14:50  INFO      TradingGraph: Completed 15 agents
2026-04-01 09:14:50  INFO      TradingGraph: Fusing timeframe signals
2026-04-01 09:14:50  INFO      TradingGraph: Fusion: L=-0.305(csns=0.50), M=0.551(csns=1.00), S=0.175(csns=0.83), align_str=0.000
2026-04-01 09:14:50  INFO      TradingGraph: Running agents for XAGUSD
2026-04-01 09:14:51  INFO      TradingGraph: Completed 15 agents
2026-04-01 09:14:51  INFO      TradingGraph: Fusing timeframe signals
2026-04-01 09:14:51  INFO      TradingGraph: Fusion: L=-0.199(csns=0.50), M=0.345(csns=1.00), S=0.352(csns=0.86), align_str=0.000
2026-04-01 09:14:51  INFO      TradingGraph: Running agents for AUDJPY
2026-04-01 09:14:51  INFO      TradingGraph: Completed 15 agents
2026-04-01 09:14:51  INFO      TradingGraph: Fusing timeframe signals
2026-04-01 09:14:51  INFO      TradingGraph: Fusion: L=0.486(csns=1.00), M=0.229(csns=1.00), S=0.351(csns=0.83), align_str=0.340
2026-04-01 09:14:51  INFO      TradingGraph: Running agents for EURCHF
2026-04-01 09:14:51  INFO      TradingGraph: Completed 15 agents
2026-04-01 09:14:51  INFO      TradingGraph: Fusing timeframe signals
2026-04-01 09:14:51  INFO      TradingGraph: Fusion: L=-0.360(csns=1.00), M=0.037(csns=0.67), S=-0.102(csns=0.71), align_str=0.000
2026-04-01 09:15:49  INFO      TradingGraph: Running agents for GBPUSD
2026-04-01 09:15:49  INFO      TradingGraph: Completed 15 agents
2026-04-01 09:15:49  INFO      TradingGraph: Fusing timeframe signals
2026-04-01 09:15:49  INFO      TradingGraph: Fusion: L=-0.575(csns=1.00), M=0.505(csns=1.00), S=0.159(csns=0.83), align_str=0.000
2026-04-01 09:15:49  INFO      TradingGraph: Running agents for USDCAD
2026-04-01 09:15:49  INFO      TradingGraph: Completed 15 agents
2026-04-01 09:15:49  INFO      TradingGraph: Fusing timeframe signals
2026-04-01 09:15:49  INFO      TradingGraph: Fusion: L=0.365(csns=0.67), M=-0.183(csns=1.00), S=-0.029(csns=0.83), align_str=0.000
2026-04-01 09:15:49  INFO      TradingGraph: Running agents for AUDJPY
2026-04-01 09:15:49  INFO      TradingGraph: Completed 15 agents
2026-04-01 09:15:49  INFO      TradingGraph: Fusing timeframe signals
2026-04-01 09:15:49  INFO      TradingGraph: Fusion: L=0.487(csns=1.00), M=0.237(csns=1.00), S=0.347(csns=0.83), align_str=0.342
2026-04-01 09:15:50  INFO      TradingGraph: Running agents for EURGBP
2026-04-01 09:15:50  INFO      TradingGraph: Completed 15 agents
2026-04-01 09:15:50  INFO      TradingGraph: Fusing timeframe signals
2026-04-01 09:15:50  INFO      TradingGraph: Fusion: L=0.170(csns=1.00), M=0.127(csns=0.50), S=0.064(csns=0.33), align_str=0.112
2026-04-01 09:15:50  INFO      TradingGraph: Running agents for AUDJPY
2026-04-01 09:15:50  INFO      TradingGraph: Completed 15 agents
2026-04-01 09:15:50  INFO      TradingGraph: Fusing timeframe signals
2026-04-01 09:15:50  INFO      TradingGraph: Fusion: L=0.487(csns=1.00), M=0.237(csns=1.00), S=0.347(csns=0.83), align_str=0.342
2026-04-01 09:15:50  INFO      TradingGraph: Running agents for EURUSD
2026-04-01 09:15:51  INFO      TradingGraph: Completed 15 agents
2026-04-01 09:15:51  INFO      TradingGraph: Fusing timeframe signals
2026-04-01 09:15:51  INFO      TradingGraph: Fusion: L=-0.305(csns=0.50), M=0.517(csns=1.00), S=0.180(csns=0.83), align_str=0.000
2026-04-01 09:15:51  INFO      TradingGraph: Running agents for XAGUSD
2026-04-01 09:15:51  INFO      TradingGraph: Completed 15 agents
2026-04-01 09:15:51  INFO      TradingGraph: Fusing timeframe signals
2026-04-01 09:15:51  INFO      TradingGraph: Fusion: L=-0.200(csns=0.50), M=0.342(csns=1.00), S=0.316(csns=0.86), align_str=0.000
2026-04-01 09:15:51  INFO      TradingGraph: Running agents for AUDJPY
2026-04-01 09:15:51  INFO      TradingGraph: Completed 15 agents
2026-04-01 09:15:51  INFO      TradingGraph: Fusing timeframe signals
2026-04-01 09:15:51  INFO      TradingGraph: Fusion: L=0.487(csns=1.00), M=0.236(csns=1.00), S=0.347(csns=0.83), align_str=0.342
2026-04-01 09:15:51  INFO      TradingGraph: Running agents for EURCHF
2026-04-01 09:15:52  INFO      TradingGraph: Completed 15 agents
2026-04-01 09:15:52  INFO      TradingGraph: Fusing timeframe signals
2026-04-01 09:15:52  INFO      TradingGraph: Fusion: L=-0.360(csns=1.00), M=0.038(csns=0.67), S=-0.096(csns=0.71), align_str=0.000
2026-04-01 09:16:48  INFO      TradingGraph: Running agents for GBPUSD
2026-04-01 09:16:48  INFO      TradingGraph: Completed 15 agents
2026-04-01 09:16:48  INFO      TradingGraph: Fusing timeframe signals
2026-04-01 09:16:48  INFO      TradingGraph: Fusion: L=-0.575(csns=1.00), M=0.505(csns=1.00), S=0.159(csns=0.83), align_str=0.000
2026-04-01 09:16:49  INFO      TradingGraph: Running agents for USDCAD
2026-04-01 09:16:49  INFO      TradingGraph: Completed 15 agents
2026-04-01 09:16:49  INFO      TradingGraph: Fusing timeframe signals
2026-04-01 09:16:49  INFO      TradingGraph: Fusion: L=0.365(csns=0.67), M=-0.186(csns=1.00), S=-0.032(csns=0.83), align_str=0.000
2026-04-01 09:16:49  INFO      TradingGraph: Running agents for AUDJPY
2026-04-01 09:16:49  INFO      TradingGraph: Completed 15 agents
2026-04-01 09:16:49  INFO      TradingGraph: Fusing timeframe signals
2026-04-01 09:16:49  INFO      TradingGraph: Fusion: L=0.487(csns=1.00), M=0.250(csns=1.00), S=0.354(csns=0.83), align_str=0.351
2026-04-01 09:16:49  INFO      TradingGraph: Running agents for EURGBP
2026-04-01 09:16:50  INFO      TradingGraph: Completed 15 agents
2026-04-01 09:16:50  INFO      TradingGraph: Fusing timeframe signals
2026-04-01 09:16:50  INFO      TradingGraph: Fusion: L=0.171(csns=1.00), M=0.141(csns=0.67), S=0.023(csns=0.17), align_str=0.082
2026-04-01 09:16:50  INFO      TradingGraph: Running agents for AUDJPY
2026-04-01 09:16:50  INFO      TradingGraph: Completed 15 agents
2026-04-01 09:16:50  INFO      TradingGraph: Fusing timeframe signals
2026-04-01 09:16:50  INFO      TradingGraph: Fusion: L=0.487(csns=1.00), M=0.250(csns=1.00), S=0.354(csns=0.83), align_str=0.351
2026-04-01 09:16:50  INFO      TradingGraph: Running agents for EURUSD
2026-04-01 09:16:50  INFO      TradingGraph: Completed 15 agents
2026-04-01 09:16:50  INFO      TradingGraph: Fusing timeframe signals
2026-04-01 09:16:50  INFO      TradingGraph: Fusion: L=-0.305(csns=0.50), M=0.553(csns=1.00), S=0.181(csns=0.83), align_str=0.000
2026-04-01 09:16:51  INFO      TradingGraph: Running agents for XAGUSD
2026-04-01 09:16:51  INFO      TradingGraph: Completed 15 agents
2026-04-01 09:16:51  INFO      TradingGraph: Fusing timeframe signals
2026-04-01 09:16:51  INFO      TradingGraph: Fusion: L=-0.200(csns=0.50), M=0.334(csns=1.00), S=0.303(csns=1.00), align_str=0.000
2026-04-01 09:16:51  INFO      TradingGraph: Running agents for AUDJPY
2026-04-01 09:16:51  INFO      TradingGraph: Completed 15 agents
2026-04-01 09:16:51  INFO      TradingGraph: Fusing timeframe signals
2026-04-01 09:16:51  INFO      TradingGraph: Fusion: L=0.487(csns=1.00), M=0.240(csns=1.00), S=0.354(csns=0.83), align_str=0.346
2026-04-01 09:16:51  INFO      TradingGraph: Running agents for EURCHF
2026-04-01 09:16:51  INFO      TradingGraph: Completed 15 agents
2026-04-01 09:16:51  INFO      TradingGraph: Fusing timeframe signals
2026-04-01 09:16:51  INFO      TradingGraph: Fusion: L=-0.358(csns=1.00), M=0.060(csns=0.67), S=-0.106(csns=0.71), align_str=0.000
2026-04-01 09:17:49  INFO      TradingGraph: Running agents for GBPUSD
2026-04-01 09:17:49  INFO      TradingGraph: Completed 15 agents
2026-04-01 09:17:49  INFO      TradingGraph: Fusing timeframe signals
2026-04-01 09:17:49  INFO      TradingGraph: Fusion: L=-0.575(csns=1.00), M=0.519(csns=1.00), S=0.163(csns=0.83), align_str=0.000
2026-04-01 09:17:50  INFO      TradingGraph: Running agents for USDCAD
2026-04-01 09:17:50  INFO      TradingGraph: Completed 15 agents
2026-04-01 09:17:50  INFO      TradingGraph: Fusing timeframe signals
2026-04-01 09:17:50  INFO      TradingGraph: Fusion: L=0.365(csns=0.67), M=-0.240(csns=1.00), S=-0.036(csns=0.83), align_str=0.000
2026-04-01 09:17:51  INFO      TradingGraph: Running agents for AUDJPY
2026-04-01 09:17:51  INFO      TradingGraph: Completed 15 agents
2026-04-01 09:17:51  INFO      TradingGraph: Fusing timeframe signals
2026-04-01 09:17:51  INFO      TradingGraph: Fusion: L=0.488(csns=1.00), M=0.258(csns=1.00), S=0.344(csns=0.83), align_str=0.351
2026-04-01 09:17:51  INFO      TradingGraph: Running agents for EURGBP
2026-04-01 09:17:51  INFO      TradingRunner: Analysing EURUSD …
2026-04-01 09:17:51  INFO      TradingGraph: Running agents for EURUSD
2026-04-01 09:17:51  INFO      TradingGraph: Completed 15 agents
2026-04-01 09:17:51  INFO      TradingGraph: Fusing timeframe signals
2026-04-01 09:17:51  INFO      TradingGraph: Fusion: L=0.170(csns=1.00), M=0.126(csns=0.50), S=0.059(csns=0.33), align_str=0.108
2026-04-01 09:17:52  INFO      TradingGraph: Running agents for AUDJPY
2026-04-01 09:17:52  INFO      TradingGraph: Completed 15 agents
2026-04-01 09:17:52  INFO      TradingGraph: Completed 15 agents
2026-04-01 09:17:52  INFO      TradingGraph: Fusing timeframe signals
2026-04-01 09:17:52  INFO      TradingGraph: Fusion: L=0.488(csns=1.00), M=0.258(csns=1.00), S=0.344(csns=0.83), align_str=0.351
2026-04-01 09:17:52  INFO      TradingGraph: Running agents for EURUSD
2026-04-01 09:17:52  INFO      TradingGraph: Completed 15 agents
2026-04-01 09:17:52  INFO      TradingGraph: Fusing timeframe signals
2026-04-01 09:17:52  INFO      TradingGraph: Fusion: L=-0.305(csns=0.50), M=0.585(csns=1.00), S=0.174(csns=0.83), align_str=0.000
2026-04-01 09:17:52  INFO      TradingGraph: Running agents for XAGUSD
2026-04-01 09:17:52  INFO      TradingGraph: Fusing timeframe signals
2026-04-01 09:17:52  INFO      TradingGraph: Fusion: L=-0.305(csns=0.50), M=0.586(csns=1.00), S=0.174(csns=0.83), align_str=0.000
2026-04-01 09:17:52  INFO      TradingGraph: Completed 15 agents
2026-04-01 09:17:52  INFO      TradingGraph: Fusing timeframe signals
2026-04-01 09:17:52  INFO      TradingGraph: Fusion: L=-0.200(csns=0.50), M=0.334(csns=1.00), S=0.307(csns=1.00), align_str=0.000
2026-04-01 09:17:53  INFO      TradingGraph: Running agents for AUDJPY
2026-04-01 09:17:53  INFO      TradingGraph: Aligned [counter-trend-scalp] (bullish) — proceeding [L=-0.305 M=0.586 S=0.174 breadth=-0.124]
2026-04-01 09:17:53  INFO      TradingGraph: Completed 15 agents
2026-04-01 09:17:53  INFO      TradingGraph: Fusing timeframe signals
2026-04-01 09:17:53  INFO      TradingGraph: Fusion: L=0.488(csns=1.00), M=0.257(csns=1.00), S=0.343(csns=0.83), align_str=0.350
2026-04-01 09:17:53  INFO      TradingGraph: Running agents for EURCHF
2026-04-01 09:17:53  INFO      TradingGraph: Completed 15 agents
2026-04-01 09:17:53  INFO      TradingGraph: Fusing timeframe signals
2026-04-01 09:17:53  INFO      TradingGraph: Fusion: L=-0.361(csns=1.00), M=0.029(csns=0.67), S=-0.103(csns=0.71), align_str=0.000
2026-04-01 09:17:53  INFO      TradingGraph: Generating trading recipe
2026-04-01 09:17:53  INFO      TradingGraph: Generated recipe: RISKY_LONG_COUNTER_TREND_SCALP_EURUSD
2026-04-01 09:17:53  INFO      TradingGraph: Position already open for EURUSD — entry_type=counter-trend-scalp (needs full-alignment)
2026-04-01 09:17:53  INFO      TradingRunner: Analysing GBPUSD …
2026-04-01 09:17:53  INFO      TradingGraph: Running agents for GBPUSD
2026-04-01 09:17:53  INFO      TradingGraph: Completed 15 agents
2026-04-01 09:17:53  INFO      TradingGraph: Fusing timeframe signals
2026-04-01 09:17:53  INFO      TradingGraph: Fusion: L=-0.575(csns=1.00), M=0.519(csns=1.00), S=0.163(csns=0.83), align_str=0.000
2026-04-01 09:17:53  INFO      TradingGraph: Aligned [counter-trend-scalp] (bullish) — proceeding [L=-0.575 M=0.519 S=0.163 breadth=-0.124]
2026-04-01 09:17:53  INFO      TradingGraph: Generating trading recipe
2026-04-01 09:17:53  INFO      TradingGraph: Generated recipe: RISKY_LONG_COUNTER_TREND_SCALP_GBPUSD
2026-04-01 09:17:53  INFO      TradingGraph: Position already open for GBPUSD — entry_type=counter-trend-scalp (needs full-alignment)
2026-04-01 09:17:53  INFO      TradingRunner: Analysing USDJPY …
2026-04-01 09:17:53  INFO      TradingGraph: Running agents for USDJPY
2026-04-01 09:17:53  INFO      TradingGraph: Completed 15 agents
2026-04-01 09:17:53  INFO      TradingGraph: Fusing timeframe signals
2026-04-01 09:17:53  INFO      TradingGraph: Fusion: L=0.224(csns=0.33), M=-0.575(csns=1.00), S=-0.074(csns=0.71), align_str=0.000
2026-04-01 09:17:53  INFO      TradingGraph: Timeframes not aligned — stopping (L=0.224 M=-0.575 S=-0.074)
2026-04-01 09:17:53  INFO      TradingRunner: Analysing USDCHF …
2026-04-01 09:17:53  INFO      TradingGraph: Running agents for USDCHF
2026-04-01 09:17:53  INFO      TradingGraph: Completed 15 agents
2026-04-01 09:17:53  INFO      TradingGraph: Fusing timeframe signals
2026-04-01 09:17:53  INFO      TradingGraph: Fusion: L=0.537(csns=1.00), M=-0.598(csns=1.00), S=-0.127(csns=0.71), align_str=0.000
2026-04-01 09:17:53  INFO      TradingGraph: Timeframes not aligned — stopping (L=0.537 M=-0.598 S=-0.127)
2026-04-01 09:17:53  INFO      TradingRunner: Analysing AUDUSD …
2026-04-01 09:17:53  INFO      TradingGraph: Running agents for AUDUSD
2026-04-01 09:17:54  INFO      TradingGraph: Completed 15 agents
2026-04-01 09:17:54  INFO      TradingGraph: Fusing timeframe signals
2026-04-01 09:17:54  INFO      TradingGraph: Fusion: L=0.016(csns=1.00), M=0.525(csns=1.00), S=0.335(csns=0.71), align_str=0.140
2026-04-01 09:17:54  INFO      TradingGraph: Timeframes not aligned — stopping (L=0.016 M=0.525 S=0.335)
2026-04-01 09:17:54  INFO      TradingRunner: Analysing USDCAD …
2026-04-01 09:17:54  INFO      TradingGraph: Running agents for USDCAD
2026-04-01 09:17:54  INFO      TradingGraph: Completed 15 agents
2026-04-01 09:17:54  INFO      TradingGraph: Fusing timeframe signals
2026-04-01 09:17:54  INFO      TradingGraph: Fusion: L=0.365(csns=0.67), M=-0.240(csns=1.00), S=-0.036(csns=0.83), align_str=0.000
2026-04-01 09:17:54  INFO      TradingGraph: Timeframes not aligned — stopping (L=0.365 M=-0.240 S=-0.036)
2026-04-01 09:17:54  INFO      TradingRunner: Analysing NZDUSD …
2026-04-01 09:17:54  INFO      TradingGraph: Running agents for NZDUSD
2026-04-01 09:17:54  INFO      TradingGraph: Completed 15 agents
2026-04-01 09:17:54  INFO      TradingGraph: Fusing timeframe signals
2026-04-01 09:17:54  INFO      TradingGraph: Fusion: L=-0.575(csns=1.00), M=0.482(csns=1.00), S=0.151(csns=0.67), align_str=0.000
2026-04-01 09:17:54  INFO      TradingGraph: Aligned [counter-trend-scalp] (bullish) — proceeding [L=-0.575 M=0.482 S=0.151 breadth=-0.124]
2026-04-01 09:17:54  INFO      TradingGraph: Generating trading recipe
2026-04-01 09:17:54  INFO      TradingGraph: Generated recipe: RISKY_LONG_COUNTER_TREND_SCALP_NZDUSD
2026-04-01 09:17:54  INFO      TradingGraph: Risk check passed
2026-04-01 09:17:54  INFO      TradingGraph: Creating trade plan
2026-04-01 09:17:54  INFO      TradingGraph: Confidence sizing [NZDUSD]: conf=0.606 → ×0.83 (risk=$0.86)
2026-04-01 09:17:54  INFO      TradingGraph: Structure SL/TP [NZDUSD] entry=0.57640 sl=0.57271 (1.50×ATR) tp=0.58256 (R:R=1.67)
2026-04-01 09:17:54  INFO      TradingGraph: Created trade plan: entry=0.5764, sl=0.5727, tp=0.5826
2026-04-01 09:17:54  INFO      TradingGraph: Executing trade for NZDUSD
2026-04-01 09:17:54  INFO      MT5Executor: NZDUSD: lots=0.01 (risk=$3.18)
2026-04-01 09:17:54  INFO      MT5Executor: Market order filled: ticket=56037180755 vol=0.01
2026-04-01 09:17:54  INFO      TradingGraph: Order placed: ticket=56037180755
2026-04-01 09:17:54  INFO      OrderManager: Created order order_12_20260401_091754 for NZDUSD
2026-04-01 09:17:54  INFO      TradeJournal: TRADE  NZDUSD           Direction.LONG  qty=0.01  entry=0.57640  sl=0.57271  tp=0.58256  ticket=56037180755
2026-04-01 09:17:54  INFO      TradingRunner: NZDUSD: trade placed — daily count 5/14, next entry in 25min
2026-04-01 09:17:54  INFO      TradingRunner: Analysing US30 …
2026-04-01 09:17:54  INFO      TradingGraph: Running agents for US30
2026-04-01 09:17:54  INFO      TradingGraph: Completed 15 agents
2026-04-01 09:17:54  INFO      TradingGraph: Fusing timeframe signals
2026-04-01 09:17:54  INFO      TradingGraph: Fusion: L=-0.373(csns=1.00), M=0.461(csns=1.00), S=0.274(csns=0.67), align_str=0.000
2026-04-01 09:17:54  INFO      TradingGraph: Aligned [counter-trend-scalp] (bullish) — proceeding [L=-0.373 M=0.461 S=0.274 breadth=-0.124]
2026-04-01 09:17:54  INFO      TradingGraph: Generating trading recipe
2026-04-01 09:17:54  INFO      TradingGraph: Generated recipe: RISKY_LONG_COUNTER_TREND_SCALP_US30
2026-04-01 09:17:54  INFO      TradingGraph: Max concurrent trades reached
2026-04-01 09:17:54  INFO      TradingRunner: Analysing US500 …
2026-04-01 09:17:54  INFO      TradingGraph: Running agents for US500
2026-04-01 09:17:54  INFO      TradingGraph: Completed 15 agents
2026-04-01 09:17:54  INFO      TradingGraph: Fusing timeframe signals
2026-04-01 09:17:54  INFO      TradingGraph: Fusion: L=-0.413(csns=1.00), M=0.464(csns=1.00), S=0.326(csns=0.80), align_str=0.000
2026-04-01 09:17:54  INFO      TradingGraph: Aligned [counter-trend-scalp] (bullish) — proceeding [L=-0.413 M=0.464 S=0.326 breadth=-0.124]
2026-04-01 09:17:54  INFO      TradingGraph: Generating trading recipe
2026-04-01 09:17:54  INFO      TradingGraph: Generated recipe: RISKY_LONG_COUNTER_TREND_SCALP_US500
2026-04-01 09:17:54  INFO      TradingGraph: Max concurrent trades reached
2026-04-01 09:17:54  INFO      TradingRunner: Analysing USTEC …
2026-04-01 09:17:54  INFO      TradingGraph: Running agents for USTEC
2026-04-01 09:17:54  INFO      TradingGraph: Completed 15 agents
2026-04-01 09:17:54  INFO      TradingGraph: Fusing timeframe signals
2026-04-01 09:17:54  INFO      TradingGraph: Fusion: L=-0.429(csns=1.00), M=0.487(csns=1.00), S=0.339(csns=0.80), align_str=0.000
2026-04-01 09:17:54  INFO      TradingGraph: Aligned [counter-trend-scalp] (bullish) — proceeding [L=-0.429 M=0.487 S=0.339 breadth=-0.124]
2026-04-01 09:17:54  INFO      TradingGraph: Generating trading recipe
2026-04-01 09:17:54  INFO      TradingGraph: Generated recipe: RISKY_LONG_COUNTER_TREND_SCALP_USTEC
2026-04-01 09:17:54  INFO      TradingGraph: Max concurrent trades reached
2026-04-01 09:17:54  INFO      TradingRunner: Analysing DAX …
2026-04-01 09:17:54  INFO      TradingGraph: Running agents for DAX
2026-04-01 09:17:54  INFO      TradingGraph: Completed 15 agents
2026-04-01 09:17:54  INFO      TradingGraph: Fusing timeframe signals
2026-04-01 09:17:54  INFO      TradingGraph: Fusion: L=-0.069(csns=1.00), M=0.189(csns=0.50), S=0.242(csns=0.71), align_str=0.000
2026-04-01 09:17:54  INFO      TradingGraph: Timeframes not aligned — stopping (L=-0.069 M=0.189 S=0.242)
2026-04-01 09:17:54  INFO      TradingRunner: Analysing UK100 …
2026-04-01 09:17:54  INFO      TradingGraph: Running agents for UK100
2026-04-01 09:17:54  INFO      TradingGraph: Completed 15 agents
2026-04-01 09:17:54  INFO      TradingGraph: Fusing timeframe signals
2026-04-01 09:17:54  INFO      TradingGraph: Fusion: L=0.168(csns=1.00), M=0.484(csns=1.00), S=0.375(csns=0.80), align_str=0.312
2026-04-01 09:17:54  INFO      TradingGraph: Timeframes not aligned — stopping (L=0.168 M=0.484 S=0.375)
2026-04-01 09:17:54  INFO      TradingRunner: Analysing EURJPY …
2026-04-01 09:17:54  INFO      TradingGraph: Running agents for EURJPY
2026-04-01 09:17:55  INFO      TradingGraph: Completed 15 agents
2026-04-01 09:17:55  INFO      TradingGraph: Fusing timeframe signals
2026-04-01 09:17:55  INFO      TradingGraph: Fusion: L=-0.077(csns=0.50), M=0.100(csns=1.00), S=-0.077(csns=0.80), align_str=0.000
2026-04-01 09:17:55  INFO      TradingGraph: Timeframes not aligned — stopping (L=-0.077 M=0.100 S=-0.077)
2026-04-01 09:17:55  INFO      TradingRunner: Analysing GBPJPY …
2026-04-01 09:17:55  INFO      TradingGraph: Running agents for GBPJPY
2026-04-01 09:17:55  INFO      TradingGraph: Completed 15 agents
2026-04-01 09:17:55  INFO      TradingGraph: Fusing timeframe signals
2026-04-01 09:17:55  INFO      TradingGraph: Fusion: L=0.042(csns=0.50), M=-0.036(csns=0.50), S=0.053(csns=0.80), align_str=0.000
2026-04-01 09:17:55  INFO      TradingGraph: Timeframes not aligned — stopping (L=0.042 M=-0.036 S=0.053)
2026-04-01 09:17:55  INFO      TradingRunner: Analysing EURGBP …
2026-04-01 09:17:55  INFO      TradingGraph: Running agents for EURGBP
2026-04-01 09:17:55  INFO      TradingGraph: Completed 15 agents
2026-04-01 09:17:55  INFO      TradingGraph: Fusing timeframe signals
2026-04-01 09:17:55  INFO      TradingGraph: Fusion: L=0.170(csns=1.00), M=0.126(csns=0.50), S=0.059(csns=0.33), align_str=0.108
2026-04-01 09:17:55  INFO      TradingGraph: Timeframes not aligned — stopping (L=0.170 M=0.126 S=0.059)
2026-04-01 09:17:55  INFO      TradingRunner: Analysing CHFJPY …
2026-04-01 09:17:55  INFO      TradingGraph: Running agents for CHFJPY
2026-04-01 09:17:55  INFO      TradingGraph: Completed 15 agents
2026-04-01 09:17:55  INFO      TradingGraph: Fusing timeframe signals
2026-04-01 09:17:55  INFO      TradingGraph: Fusion: L=0.352(csns=0.50), M=0.008(csns=1.00), S=0.246(csns=0.67), align_str=0.089
2026-04-01 09:17:55  INFO      TradingGraph: Aligned [pullback-entry] (bullish) — proceeding [L=0.352 M=0.008 S=0.246 breadth=-0.124]
2026-04-01 09:17:55  INFO      TradingGraph: Generating trading recipe
2026-04-01 09:17:55  INFO      TradingGraph: Generated recipe: RISKY_LONG_PULLBACK_ENTRY_CHFJPY
2026-04-01 09:17:55  INFO      TradingGraph: Max concurrent trades reached
2026-04-01 09:17:55  INFO      TradingRunner: Analysing XAGUSD …
2026-04-01 09:17:55  INFO      TradingGraph: Running agents for XAGUSD
2026-04-01 09:17:55  INFO      TradingGraph: Completed 15 agents
2026-04-01 09:17:55  INFO      TradingGraph: Fusing timeframe signals
2026-04-01 09:17:55  INFO      TradingGraph: Fusion: L=-0.200(csns=0.50), M=0.334(csns=1.00), S=0.307(csns=1.00), align_str=0.000
2026-04-01 09:17:55  INFO      TradingGraph: Timeframes not aligned — stopping (L=-0.200 M=0.334 S=0.307)
2026-04-01 09:17:55  INFO      TradingRunner: PnL — unrealized: -8.30  realized today: +0.04  total: -8.26
2026-04-01 09:17:55  INFO      TradingRunner: Signal cycle done in 9.1s — sleeping 291s
2026-04-01 09:18:48  INFO      TradingGraph: Running agents for GBPUSD
2026-04-01 09:18:48  INFO      TradingGraph: Completed 15 agents
2026-04-01 09:18:48  INFO      TradingGraph: Fusing timeframe signals
2026-04-01 09:18:48  INFO      TradingGraph: Fusion: L=-0.575(csns=1.00), M=0.516(csns=1.00), S=0.166(csns=0.83), align_str=0.000
2026-04-01 09:18:49  INFO      TradingGraph: Running agents for USDCAD
2026-04-01 09:18:49  INFO      TradingGraph: Completed 15 agents
2026-04-01 09:18:49  INFO      TradingGraph: Fusing timeframe signals
2026-04-01 09:18:49  INFO      TradingGraph: Fusion: L=0.366(csns=0.67), M=-0.251(csns=1.00), S=-0.016(csns=0.83), align_str=0.000
2026-04-01 09:18:49  INFO      TradingGraph: Running agents for AUDJPY
2026-04-01 09:18:49  INFO      TradingGraph: Completed 15 agents
2026-04-01 09:18:49  INFO      TradingGraph: Fusing timeframe signals
2026-04-01 09:18:49  INFO      TradingGraph: Fusion: L=0.489(csns=1.00), M=0.264(csns=1.00), S=0.349(csns=0.83), align_str=0.355
2026-04-01 09:18:49  INFO      TradingGraph: Running agents for EURGBP
2026-04-01 09:18:50  INFO      TradingGraph: Completed 15 agents
2026-04-01 09:18:50  INFO      TradingGraph: Fusing timeframe signals
2026-04-01 09:18:50  INFO      TradingGraph: Fusion: L=0.172(csns=1.00), M=0.127(csns=0.50), S=0.059(csns=0.33), align_str=0.109
2026-04-01 09:18:50  INFO      TradingGraph: Running agents for AUDJPY
2026-04-01 09:18:50  INFO      TradingGraph: Completed 15 agents
2026-04-01 09:18:50  INFO      TradingGraph: Fusing timeframe signals
2026-04-01 09:18:50  INFO      TradingGraph: Fusion: L=0.489(csns=1.00), M=0.264(csns=1.00), S=0.349(csns=0.83), align_str=0.356
2026-04-01 09:18:50  INFO      TradingGraph: Running agents for EURUSD
2026-04-01 09:18:50  INFO      TradingGraph: Completed 15 agents
2026-04-01 09:18:50  INFO      TradingGraph: Fusing timeframe signals
2026-04-01 09:18:50  INFO      TradingGraph: Fusion: L=-0.305(csns=0.50), M=0.585(csns=1.00), S=0.175(csns=0.83), align_str=0.000
2026-04-01 09:18:51  INFO      TradingGraph: Running agents for XAGUSD
2026-04-01 09:18:51  INFO      TradingGraph: Completed 15 agents
2026-04-01 09:18:51  INFO      TradingGraph: Fusing timeframe signals
2026-04-01 09:18:51  INFO      TradingGraph: Fusion: L=-0.200(csns=0.50), M=0.335(csns=1.00), S=0.307(csns=1.00), align_str=0.000
2026-04-01 09:18:51  INFO      TradingGraph: Running agents for AUDJPY
2026-04-01 09:18:51  INFO      TradingGraph: Completed 15 agents
2026-04-01 09:18:51  INFO      TradingGraph: Fusing timeframe signals
2026-04-01 09:18:51  INFO      TradingGraph: Fusion: L=0.488(csns=1.00), M=0.263(csns=1.00), S=0.349(csns=0.83), align_str=0.355
2026-04-01 09:18:51  INFO      TradingGraph: Running agents for EURCHF
2026-04-01 09:18:51  INFO      TradingGraph: Completed 15 agents
2026-04-01 09:18:51  INFO      TradingGraph: Fusing timeframe signals
2026-04-01 09:18:51  INFO      TradingGraph: Fusion: L=-0.363(csns=1.00), M=0.004(csns=0.67), S=-0.099(csns=0.71), align_str=0.000
2026-04-01 09:18:52  INFO      TradingGraph: Running agents for NZDUSD
2026-04-01 09:18:52  INFO      TradingGraph: Completed 15 agents
2026-04-01 09:18:52  INFO      TradingGraph: Fusing timeframe signals
2026-04-01 09:18:52  INFO      TradingGraph: Fusion: L=-0.575(csns=1.00), M=0.488(csns=1.00), S=0.141(csns=0.67), align_str=0.000
2026-04-01 09:18:52  INFO      TradingRunner: EXIT [NZDUSD #56037180755 BUY  pnl=+0.02] — D1 flipped bearish (-0.575)
2026-04-01 09:18:52  INFO      MT5Executor: Position 56037180755 closed
2026-04-01 09:19:48  INFO      TradingGraph: Running agents for GBPUSD
2026-04-01 09:19:48  INFO      TradingGraph: Completed 15 agents
2026-04-01 09:19:48  INFO      TradingGraph: Fusing timeframe signals
2026-04-01 09:19:48  INFO      TradingGraph: Fusion: L=-0.575(csns=1.00), M=0.523(csns=1.00), S=0.166(csns=0.83), align_str=0.000
2026-04-01 09:19:49  INFO      TradingGraph: Running agents for USDCAD
2026-04-01 09:19:49  INFO      TradingGraph: Completed 15 agents
2026-04-01 09:19:49  INFO      TradingGraph: Fusing timeframe signals
2026-04-01 09:19:49  INFO      TradingGraph: Fusion: L=0.366(csns=0.67), M=-0.264(csns=1.00), S=-0.024(csns=0.71), align_str=0.000
2026-04-01 09:19:49  INFO      TradingGraph: Running agents for AUDJPY
2026-04-01 09:19:49  INFO      TradingGraph: Completed 15 agents
2026-04-01 09:19:49  INFO      TradingGraph: Fusing timeframe signals
2026-04-01 09:19:49  INFO      TradingGraph: Fusion: L=0.491(csns=1.00), M=0.288(csns=1.00), S=0.278(csns=0.83), align_str=0.340
2026-04-01 09:19:49  INFO      TradingGraph: Running agents for EURGBP
2026-04-01 09:19:49  INFO      TradingGraph: Completed 15 agents
2026-04-01 09:19:49  INFO      TradingGraph: Fusing timeframe signals
2026-04-01 09:19:49  INFO      TradingGraph: Fusion: L=0.170(csns=1.00), M=0.105(csns=0.50), S=0.046(csns=0.33), align_str=0.094
2026-04-01 09:19:50  INFO      TradingGraph: Running agents for AUDJPY
2026-04-01 09:19:50  INFO      TradingGraph: Completed 15 agents
2026-04-01 09:19:50  INFO      TradingGraph: Fusing timeframe signals
2026-04-01 09:19:50  INFO      TradingGraph: Fusion: L=0.491(csns=1.00), M=0.288(csns=1.00), S=0.278(csns=0.83), align_str=0.340
2026-04-01 09:19:50  INFO      TradingGraph: Running agents for EURUSD
2026-04-01 09:19:50  INFO      TradingGraph: Completed 15 agents
2026-04-01 09:19:50  INFO      TradingGraph: Fusing timeframe signals
2026-04-01 09:19:50  INFO      TradingGraph: Fusion: L=-0.306(csns=0.50), M=0.581(csns=1.00), S=0.176(csns=0.83), align_str=0.000
2026-04-01 09:19:50  INFO      TradingGraph: Running agents for XAGUSD
2026-04-01 09:19:50  INFO      TradingGraph: Completed 15 agents
2026-04-01 09:19:50  INFO      TradingGraph: Fusing timeframe signals
2026-04-01 09:19:50  INFO      TradingGraph: Fusion: L=-0.200(csns=0.50), M=0.338(csns=1.00), S=0.310(csns=1.00), align_str=0.000
2026-04-01 09:19:51  INFO      TradingGraph: Running agents for AUDJPY
2026-04-01 09:19:51  INFO      TradingGraph: Completed 15 agents
2026-04-01 09:19:51  INFO      TradingGraph: Fusing timeframe signals
2026-04-01 09:19:51  INFO      TradingGraph: Fusion: L=0.491(csns=1.00), M=0.288(csns=1.00), S=0.278(csns=0.83), align_str=0.340
2026-04-01 09:19:51  INFO      TradingGraph: Running agents for EURCHF
2026-04-01 09:19:51  INFO      TradingGraph: Completed 15 agents
2026-04-01 09:19:51  INFO      TradingGraph: Fusing timeframe signals
2026-04-01 09:19:51  INFO      TradingGraph: Fusion: L=-0.362(csns=1.00), M=0.007(csns=0.67), S=-0.098(csns=0.71), align_str=0.000
2026-04-01 09:20:48  INFO      TradingGraph: Running agents for GBPUSD
2026-04-01 09:20:48  INFO      TradingGraph: Completed 15 agents
2026-04-01 09:20:48  INFO      TradingGraph: Fusing timeframe signals
2026-04-01 09:20:48  INFO      TradingGraph: Fusion: L=-0.576(csns=1.00), M=0.547(csns=1.00), S=0.158(csns=0.83), align_str=0.000
2026-04-01 09:20:49  INFO      TradingGraph: Running agents for USDCAD
2026-04-01 09:20:49  INFO      TradingGraph: Completed 15 agents
2026-04-01 09:20:49  INFO      TradingGraph: Fusing timeframe signals
2026-04-01 09:20:49  INFO      TradingGraph: Fusion: L=0.366(csns=0.67), M=-0.267(csns=1.00), S=-0.025(csns=0.71), align_str=0.000
2026-04-01 09:20:49  INFO      TradingGraph: Running agents for AUDJPY
2026-04-01 09:20:49  INFO      TradingGraph: Completed 15 agents
2026-04-01 09:20:49  INFO      TradingGraph: Fusing timeframe signals
2026-04-01 09:20:49  INFO      TradingGraph: Fusion: L=0.491(csns=1.00), M=0.296(csns=1.00), S=0.282(csns=0.83), align_str=0.345
2026-04-01 09:20:49  INFO      TradingGraph: Running agents for EURGBP
2026-04-01 09:20:49  INFO      TradingGraph: Completed 15 agents
2026-04-01 09:20:49  INFO      TradingGraph: Fusing timeframe signals
2026-04-01 09:20:49  INFO      TradingGraph: Fusion: L=0.170(csns=1.00), M=0.103(csns=0.50), S=0.044(csns=0.33), align_str=0.091
2026-04-01 09:20:50  INFO      TradingGraph: Running agents for AUDJPY
2026-04-01 09:20:50  INFO      TradingGraph: Completed 15 agents
2026-04-01 09:20:50  INFO      TradingGraph: Fusing timeframe signals
2026-04-01 09:20:50  INFO      TradingGraph: Fusion: L=0.491(csns=1.00), M=0.296(csns=1.00), S=0.282(csns=0.83), align_str=0.345
2026-04-01 09:20:50  INFO      TradingGraph: Running agents for EURUSD
2026-04-01 09:20:50  INFO      TradingGraph: Completed 15 agents
2026-04-01 09:20:50  INFO      TradingGraph: Fusing timeframe signals
2026-04-01 09:20:50  INFO      TradingGraph: Fusion: L=-0.306(csns=0.50), M=0.600(csns=1.00), S=0.183(csns=0.83), align_str=0.000
2026-04-01 09:20:50  INFO      TradingGraph: Running agents for XAGUSD
2026-04-01 09:20:50  INFO      TradingGraph: Completed 15 agents
2026-04-01 09:20:50  INFO      TradingGraph: Fusing timeframe signals
2026-04-01 09:20:50  INFO      TradingGraph: Fusion: L=-0.200(csns=0.50), M=0.339(csns=1.00), S=0.310(csns=1.00), align_str=0.000
2026-04-01 09:20:51  INFO      TradingGraph: Running agents for AUDJPY
2026-04-01 09:20:51  INFO      TradingGraph: Completed 15 agents
2026-04-01 09:20:51  INFO      TradingGraph: Fusing timeframe signals
2026-04-01 09:20:51  INFO      TradingGraph: Fusion: L=0.491(csns=1.00), M=0.297(csns=1.00), S=0.283(csns=0.83), align_str=0.345
2026-04-01 09:20:51  INFO      TradingGraph: Running agents for EURCHF
2026-04-01 09:20:51  INFO      TradingGraph: Completed 15 agents
2026-04-01 09:20:51  INFO      TradingGraph: Fusing timeframe signals
2026-04-01 09:20:51  INFO      TradingGraph: Fusion: L=-0.361(csns=1.00), M=0.012(csns=0.67), S=-0.098(csns=0.71), align_str=0.000
2026-04-01 09:21:48  INFO      TradingGraph: Running agents for GBPUSD
2026-04-01 09:21:48  INFO      TradingGraph: Completed 15 agents
2026-04-01 09:21:48  INFO      TradingGraph: Fusing timeframe signals
2026-04-01 09:21:48  INFO      TradingGraph: Fusion: L=-0.576(csns=1.00), M=0.534(csns=1.00), S=0.158(csns=0.83), align_str=0.000
2026-04-01 09:21:49  INFO      TradingGraph: Running agents for USDCAD
2026-04-01 09:21:49  INFO      TradingGraph: Completed 15 agents
2026-04-01 09:21:49  INFO      TradingGraph: Fusing timeframe signals
2026-04-01 09:21:49  INFO      TradingGraph: Fusion: L=0.366(csns=0.67), M=-0.260(csns=1.00), S=-0.026(csns=0.83), align_str=0.000
2026-04-01 09:21:49  INFO      TradingGraph: Running agents for AUDJPY
2026-04-01 09:21:49  INFO      TradingGraph: Completed 15 agents
2026-04-01 09:21:49  INFO      TradingGraph: Fusing timeframe signals
2026-04-01 09:21:49  INFO      TradingGraph: Fusion: L=0.490(csns=1.00), M=0.287(csns=1.00), S=0.278(csns=0.83), align_str=0.339
2026-04-01 09:21:49  INFO      TradingGraph: Running agents for EURGBP
2026-04-01 09:21:50  INFO      TradingGraph: Completed 15 agents
2026-04-01 09:21:50  INFO      TradingGraph: Fusing timeframe signals
2026-04-01 09:21:50  INFO      TradingGraph: Fusion: L=0.171(csns=1.00), M=0.122(csns=0.50), S=0.044(csns=0.33), align_str=0.097
2026-04-01 09:21:50  INFO      TradingGraph: Running agents for AUDJPY
2026-04-01 09:21:50  INFO      TradingGraph: Completed 15 agents
2026-04-01 09:21:50  INFO      TradingGraph: Fusing timeframe signals
2026-04-01 09:21:50  INFO      TradingGraph: Fusion: L=0.490(csns=1.00), M=0.286(csns=1.00), S=0.277(csns=0.83), align_str=0.339
2026-04-01 09:21:50  INFO      TradingGraph: Running agents for EURUSD
2026-04-01 09:21:50  INFO      TradingGraph: Completed 15 agents
2026-04-01 09:21:50  INFO      TradingGraph: Fusing timeframe signals
2026-04-01 09:21:50  INFO      TradingGraph: Fusion: L=-0.306(csns=0.50), M=0.600(csns=1.00), S=0.184(csns=0.83), align_str=0.000
2026-04-01 09:21:50  INFO      TradingGraph: Running agents for XAGUSD
2026-04-01 09:21:51  INFO      TradingGraph: Completed 15 agents
2026-04-01 09:21:51  INFO      TradingGraph: Fusing timeframe signals
2026-04-01 09:21:51  INFO      TradingGraph: Fusion: L=-0.200(csns=0.50), M=0.339(csns=1.00), S=0.310(csns=1.00), align_str=0.000
2026-04-01 09:21:51  INFO      TradingGraph: Running agents for AUDJPY
2026-04-01 09:21:51  INFO      TradingGraph: Completed 15 agents
2026-04-01 09:21:51  INFO      TradingGraph: Fusing timeframe signals
2026-04-01 09:21:51  INFO      TradingGraph: Fusion: L=0.490(csns=1.00), M=0.286(csns=1.00), S=0.277(csns=0.83), align_str=0.339
2026-04-01 09:21:51  INFO      TradingGraph: Running agents for EURCHF
2026-04-01 09:21:51  INFO      TradingGraph: Completed 15 agents
2026-04-01 09:21:51  INFO      TradingGraph: Fusing timeframe signals
2026-04-01 09:21:51  INFO      TradingGraph: Fusion: L=-0.361(csns=1.00), M=0.025(csns=0.67), S=-0.101(csns=0.71), align_str=0.000
2026-04-01 09:22:49  INFO      TradingGraph: Running agents for GBPUSD
2026-04-01 09:22:49  INFO      TradingGraph: Completed 15 agents
2026-04-01 09:22:49  INFO      TradingGraph: Fusing timeframe signals
2026-04-01 09:22:49  INFO      TradingGraph: Fusion: L=-0.576(csns=1.00), M=0.532(csns=1.00), S=0.158(csns=0.83), align_str=0.000
2026-04-01 09:22:50  INFO      TradingGraph: Running agents for USDCAD
2026-04-01 09:22:50  INFO      TradingGraph: Completed 15 agents
2026-04-01 09:22:50  INFO      TradingGraph: Fusing timeframe signals
2026-04-01 09:22:50  INFO      TradingGraph: Fusion: L=0.366(csns=0.67), M=-0.262(csns=1.00), S=-0.023(csns=0.71), align_str=0.000
2026-04-01 09:22:50  INFO      TradingGraph: Running agents for AUDJPY
2026-04-01 09:22:50  INFO      TradingRunner: Analysing EURUSD …
2026-04-01 09:22:50  INFO      TradingGraph: Running agents for EURUSD
2026-04-01 09:22:50  INFO      TradingGraph: Completed 15 agents
2026-04-01 09:22:50  INFO      TradingGraph: Fusing timeframe signals
2026-04-01 09:22:50  INFO      TradingGraph: Fusion: L=0.489(csns=1.00), M=0.278(csns=1.00), S=0.301(csns=0.83), align_str=0.344
2026-04-01 09:22:50  INFO      TradingGraph: Running agents for EURGBP
2026-04-01 09:22:50  INFO      TradingGraph: Completed 15 agents
2026-04-01 09:22:50  INFO      TradingGraph: Completed 15 agents
2026-04-01 09:22:50  INFO      TradingGraph: Fusing timeframe signals
2026-04-01 09:22:50  INFO      TradingGraph: Fusion: L=0.170(csns=1.00), M=0.120(csns=0.50), S=0.044(csns=0.33), align_str=0.096
2026-04-01 09:22:51  INFO      TradingGraph: Running agents for AUDJPY
2026-04-01 09:22:51  INFO      TradingGraph: Completed 15 agents
2026-04-01 09:22:51  INFO      TradingGraph: Fusing timeframe signals
2026-04-01 09:22:51  INFO      TradingGraph: Fusion: L=0.489(csns=1.00), M=0.278(csns=1.00), S=0.301(csns=0.83), align_str=0.344
2026-04-01 09:22:51  INFO      TradingGraph: Running agents for EURUSD
2026-04-01 09:22:51  INFO      TradingGraph: Fusing timeframe signals
2026-04-01 09:22:51  INFO      TradingGraph: Fusion: L=-0.306(csns=0.50), M=0.596(csns=1.00), S=0.185(csns=0.83), align_str=0.000
2026-04-01 09:22:51  INFO      TradingGraph: Completed 15 agents
2026-04-01 09:22:51  INFO      TradingGraph: Fusing timeframe signals
2026-04-01 09:22:51  INFO      TradingGraph: Fusion: L=-0.306(csns=0.50), M=0.596(csns=1.00), S=0.184(csns=0.83), align_str=0.000
2026-04-01 09:22:51  INFO      TradingGraph: Running agents for XAGUSD
2026-04-01 09:22:51  INFO      TradingGraph: Completed 15 agents
2026-04-01 09:22:51  INFO      TradingGraph: Fusing timeframe signals
2026-04-01 09:22:51  INFO      TradingGraph: Fusion: L=-0.200(csns=0.50), M=0.339(csns=1.00), S=0.310(csns=1.00), align_str=0.000
2026-04-01 09:22:52  INFO      TradingGraph: Running agents for AUDJPY
2026-04-01 09:22:52  INFO      TradingGraph: Aligned [counter-trend-scalp] (bullish) — proceeding [L=-0.306 M=0.596 S=0.185 breadth=-0.124]
2026-04-01 09:22:52  INFO      TradingGraph: Completed 15 agents
2026-04-01 09:22:52  INFO      TradingGraph: Fusing timeframe signals
2026-04-01 09:22:52  INFO      TradingGraph: Fusion: L=0.488(csns=1.00), M=0.275(csns=1.00), S=0.311(csns=0.83), align_str=0.347
2026-04-01 09:22:52  INFO      TradingGraph: Running agents for EURCHF
2026-04-01 09:22:52  INFO      TradingGraph: Completed 15 agents
2026-04-01 09:22:52  INFO      TradingGraph: Fusing timeframe signals
2026-04-01 09:22:52  INFO      TradingGraph: Fusion: L=-0.362(csns=1.00), M=0.009(csns=0.67), S=-0.098(csns=0.71), align_str=0.000
2026-04-01 09:22:52  INFO      TradingGraph: Generating trading recipe
2026-04-01 09:22:52  INFO      TradingGraph: Generated recipe: RISKY_LONG_COUNTER_TREND_SCALP_EURUSD
2026-04-01 09:22:52  INFO      TradingGraph: Position already open for EURUSD — entry_type=counter-trend-scalp (needs full-alignment)
2026-04-01 09:22:52  INFO      TradingRunner: Analysing GBPUSD …
2026-04-01 09:22:52  INFO      TradingGraph: Running agents for GBPUSD
2026-04-01 09:22:52  INFO      TradingGraph: Completed 15 agents
2026-04-01 09:22:52  INFO      TradingGraph: Fusing timeframe signals
2026-04-01 09:22:52  INFO      TradingGraph: Fusion: L=-0.576(csns=1.00), M=0.532(csns=1.00), S=0.158(csns=0.83), align_str=0.000
2026-04-01 09:22:52  INFO      TradingGraph: Aligned [counter-trend-scalp] (bullish) — proceeding [L=-0.576 M=0.532 S=0.158 breadth=-0.124]
2026-04-01 09:22:52  INFO      TradingGraph: Generating trading recipe
2026-04-01 09:22:52  INFO      TradingGraph: Generated recipe: RISKY_LONG_COUNTER_TREND_SCALP_GBPUSD
2026-04-01 09:22:52  INFO      TradingGraph: Position already open for GBPUSD — entry_type=counter-trend-scalp (needs full-alignment)
2026-04-01 09:22:52  INFO      TradingRunner: Analysing USDJPY …
2026-04-01 09:22:52  INFO      TradingGraph: Running agents for USDJPY
2026-04-01 09:22:52  INFO      TradingGraph: Completed 15 agents
2026-04-01 09:22:52  INFO      TradingGraph: Fusing timeframe signals
2026-04-01 09:22:52  INFO      TradingGraph: Fusion: L=0.226(csns=0.33), M=-0.544(csns=1.00), S=-0.117(csns=0.67), align_str=0.000
2026-04-01 09:22:52  INFO      TradingGraph: Timeframes not aligned — stopping (L=0.226 M=-0.544 S=-0.117)
2026-04-01 09:22:52  INFO      TradingRunner: Analysing USDCHF …
2026-04-01 09:22:52  INFO      TradingGraph: Running agents for USDCHF
2026-04-01 09:22:52  INFO      TradingGraph: Completed 15 agents
2026-04-01 09:22:52  INFO      TradingGraph: Fusing timeframe signals
2026-04-01 09:22:52  INFO      TradingGraph: Fusion: L=0.535(csns=1.00), M=-0.619(csns=1.00), S=-0.129(csns=0.71), align_str=0.000
2026-04-01 09:22:52  INFO      TradingGraph: Timeframes not aligned — stopping (L=0.535 M=-0.619 S=-0.129)
2026-04-01 09:22:52  INFO      TradingRunner: Analysing AUDUSD …
2026-04-01 09:22:52  INFO      TradingGraph: Running agents for AUDUSD
2026-04-01 09:22:52  INFO      TradingGraph: Completed 15 agents
2026-04-01 09:22:52  INFO      TradingGraph: Fusing timeframe signals
2026-04-01 09:22:52  INFO      TradingGraph: Fusion: L=0.015(csns=1.00), M=0.516(csns=1.00), S=0.333(csns=0.71), align_str=0.137
2026-04-01 09:22:52  INFO      TradingGraph: Timeframes not aligned — stopping (L=0.015 M=0.516 S=0.333)
2026-04-01 09:22:52  INFO      TradingRunner: Analysing USDCAD …
2026-04-01 09:22:52  INFO      TradingGraph: Running agents for USDCAD
2026-04-01 09:22:52  INFO      TradingGraph: Completed 15 agents
2026-04-01 09:22:52  INFO      TradingGraph: Fusing timeframe signals
2026-04-01 09:22:52  INFO      TradingGraph: Fusion: L=0.366(csns=0.67), M=-0.262(csns=1.00), S=-0.023(csns=0.71), align_str=0.000
2026-04-01 09:22:52  INFO      TradingGraph: Timeframes not aligned — stopping (L=0.366 M=-0.262 S=-0.023)
2026-04-01 09:22:52  INFO      TradingRunner: Analysing US30 …
2026-04-01 09:22:52  INFO      TradingGraph: Running agents for US30
2026-04-01 09:22:52  INFO      TradingGraph: Completed 15 agents
2026-04-01 09:22:52  INFO      TradingGraph: Fusing timeframe signals
2026-04-01 09:22:52  INFO      TradingGraph: Fusion: L=-0.373(csns=1.00), M=0.452(csns=1.00), S=0.333(csns=0.80), align_str=0.000
2026-04-01 09:22:52  INFO      TradingGraph: Aligned [counter-trend-scalp] (bullish) — proceeding [L=-0.373 M=0.452 S=0.333 breadth=-0.124]
2026-04-01 09:22:52  INFO      TradingGraph: Generating trading recipe
2026-04-01 09:22:52  INFO      TradingGraph: Generated recipe: RISKY_LONG_COUNTER_TREND_SCALP_US30
2026-04-01 09:22:52  INFO      TradingGraph: Risk check passed
2026-04-01 09:22:52  INFO      TradingGraph: Creating trade plan
2026-04-01 09:22:52  INFO      TradingGraph: Confidence sizing [US30]: conf=0.565 → ×0.77 (risk=$0.83)
2026-04-01 09:22:52  INFO      TradingGraph: Structure SL/TP [US30] entry=46595.50000 sl=45868.19353 (2.09×ATR) tp=47889.86667 (R:R=1.78)
2026-04-01 09:22:52  INFO      TradingGraph: Created trade plan: entry=46595.5000, sl=45868.1900, tp=47889.8700
2026-04-01 09:22:52  INFO      TradingGraph: Executing trade for US30
2026-04-01 09:22:52  WARNING   MT5Executor: US30: trading disabled on this symbol (trade_mode=0 — may be outside market hours or broker restriction). Skipping.
2026-04-01 09:22:52  INFO      TradingGraph: Order not placed for US30 (executor returned None — see executor log for reason)
2026-04-01 09:22:52  INFO      TradingRunner: Analysing US500 …
2026-04-01 09:22:52  INFO      TradingGraph: Running agents for US500
2026-04-01 09:22:52  INFO      TradingGraph: Completed 15 agents
2026-04-01 09:22:52  INFO      TradingGraph: Fusing timeframe signals
2026-04-01 09:22:52  INFO      TradingGraph: Fusion: L=-0.413(csns=1.00), M=0.457(csns=1.00), S=0.333(csns=0.80), align_str=0.000
2026-04-01 09:22:52  INFO      TradingGraph: Aligned [counter-trend-scalp] (bullish) — proceeding [L=-0.413 M=0.457 S=0.333 breadth=-0.124]
2026-04-01 09:22:52  INFO      TradingGraph: Generating trading recipe
2026-04-01 09:22:52  INFO      TradingGraph: Generated recipe: RISKY_LONG_COUNTER_TREND_SCALP_US500
2026-04-01 09:22:52  INFO      TradingGraph: Risk check passed
2026-04-01 09:22:52  INFO      TradingGraph: Creating trade plan
2026-04-01 09:22:52  INFO      TradingGraph: Confidence sizing [US500]: conf=0.508 → ×0.68 (risk=$0.74)
2026-04-01 09:22:52  INFO      TradingGraph: Structure SL/TP [US500] entry=6570.10000 sl=6477.91551 (1.82×ATR) tp=6670.33333 (R:R=1.09)
2026-04-01 09:22:52  INFO      TradingGraph: Created trade plan: entry=6570.1000, sl=6477.9200, tp=6708.3800
2026-04-01 09:22:52  INFO      TradingGraph: Executing trade for US500
2026-04-01 09:22:53  WARNING   MT5Executor: US500: trading disabled on this symbol (trade_mode=0 — may be outside market hours or broker restriction). Skipping.
2026-04-01 09:22:53  INFO      TradingGraph: Order not placed for US500 (executor returned None — see executor log for reason)
2026-04-01 09:22:53  INFO      TradingRunner: Analysing USTEC …
2026-04-01 09:22:53  INFO      TradingGraph: Running agents for USTEC
2026-04-01 09:22:53  INFO      TradingGraph: Completed 15 agents
2026-04-01 09:22:53  INFO      TradingGraph: Fusing timeframe signals
2026-04-01 09:22:53  INFO      TradingGraph: Fusion: L=-0.429(csns=1.00), M=0.481(csns=1.00), S=0.352(csns=0.80), align_str=0.000
2026-04-01 09:22:53  INFO      TradingGraph: Aligned [counter-trend-scalp] (bullish) — proceeding [L=-0.429 M=0.481 S=0.352 breadth=-0.124]
2026-04-01 09:22:53  INFO      TradingGraph: Generating trading recipe
2026-04-01 09:22:53  INFO      TradingGraph: Generated recipe: RISKY_LONG_COUNTER_TREND_SCALP_USTEC
2026-04-01 09:22:53  INFO      TradingGraph: Risk check passed
2026-04-01 09:22:53  INFO      TradingGraph: Creating trade plan
2026-04-01 09:22:53  INFO      TradingGraph: Confidence sizing [USTEC]: conf=0.494 → ×0.66 (risk=$0.72)
2026-04-01 09:22:53  INFO      TradingGraph: Structure SL/TP [USTEC] entry=23956.20000 sl=23557.26822 (1.85×ATR) tp=25157.13333 (R:R=3.01)
2026-04-01 09:22:53  INFO      TradingGraph: Created trade plan: entry=23956.2000, sl=23557.2700, tp=25157.1300
2026-04-01 09:22:53  INFO      TradingGraph: Executing trade for USTEC
2026-04-01 09:22:53  WARNING   MT5Executor: USTEC: trading disabled on this symbol (trade_mode=0 — may be outside market hours or broker restriction). Skipping.
2026-04-01 09:22:53  INFO      TradingGraph: Order not placed for USTEC (executor returned None — see executor log for reason)
2026-04-01 09:22:53  INFO      TradingRunner: Analysing DAX …
2026-04-01 09:22:53  INFO      TradingGraph: Running agents for DAX
2026-04-01 09:22:53  INFO      TradingGraph: Completed 15 agents
2026-04-01 09:22:53  INFO      TradingGraph: Fusing timeframe signals
2026-04-01 09:22:53  INFO      TradingGraph: Fusion: L=-0.076(csns=1.00), M=0.189(csns=0.50), S=0.242(csns=0.71), align_str=0.000
2026-04-01 09:22:53  INFO      TradingGraph: Timeframes not aligned — stopping (L=-0.076 M=0.189 S=0.242)
2026-04-01 09:22:53  INFO      TradingRunner: Analysing UK100 …
2026-04-01 09:22:53  INFO      TradingGraph: Running agents for UK100
2026-04-01 09:22:53  INFO      TradingGraph: Completed 15 agents
2026-04-01 09:22:53  INFO      TradingGraph: Fusing timeframe signals
2026-04-01 09:22:53  INFO      TradingGraph: Fusion: L=0.167(csns=1.00), M=0.477(csns=1.00), S=0.380(csns=0.80), align_str=0.311
2026-04-01 09:22:53  INFO      TradingGraph: Timeframes not aligned — stopping (L=0.167 M=0.477 S=0.380)
2026-04-01 09:22:53  INFO      TradingRunner: Analysing EURJPY …
2026-04-01 09:22:53  INFO      TradingGraph: Running agents for EURJPY
2026-04-01 09:22:53  INFO      TradingGraph: Completed 15 agents
2026-04-01 09:22:53  INFO      TradingGraph: Fusing timeframe signals
2026-04-01 09:22:53  INFO      TradingGraph: Fusion: L=-0.077(csns=0.50), M=0.210(csns=1.00), S=0.015(csns=0.83), align_str=0.000
2026-04-01 09:22:53  INFO      TradingGraph: Timeframes not aligned — stopping (L=-0.077 M=0.210 S=0.015)
2026-04-01 09:22:53  INFO      TradingRunner: Analysing GBPJPY …
2026-04-01 09:22:53  INFO      TradingGraph: Running agents for GBPJPY
2026-04-01 09:22:53  INFO      TradingGraph: Completed 15 agents
2026-04-01 09:22:53  INFO      TradingGraph: Fusing timeframe signals
2026-04-01 09:22:53  INFO      TradingGraph: Fusion: L=0.045(csns=0.50), M=0.080(csns=1.00), S=0.159(csns=0.80), align_str=0.083
2026-04-01 09:22:53  INFO      TradingGraph: Timeframes not aligned — stopping (L=0.045 M=0.080 S=0.159)
2026-04-01 09:22:53  INFO      TradingRunner: Analysing EURGBP …
2026-04-01 09:22:53  INFO      TradingGraph: Running agents for EURGBP
2026-04-01 09:22:53  INFO      TradingGraph: Completed 15 agents
2026-04-01 09:22:53  INFO      TradingGraph: Fusing timeframe signals
2026-04-01 09:22:53  INFO      TradingGraph: Fusion: L=0.170(csns=1.00), M=0.121(csns=0.50), S=0.044(csns=0.33), align_str=0.096
2026-04-01 09:22:53  INFO      TradingGraph: Timeframes not aligned — stopping (L=0.170 M=0.121 S=0.044)
2026-04-01 09:22:53  INFO      TradingRunner: Analysing CHFJPY …
2026-04-01 09:22:53  INFO      TradingGraph: Running agents for CHFJPY
2026-04-01 09:22:53  INFO      TradingGraph: Completed 15 agents
2026-04-01 09:22:53  INFO      TradingGraph: Fusing timeframe signals
2026-04-01 09:22:53  INFO      TradingGraph: Fusion: L=0.325(csns=0.50), M=0.124(csns=1.00), S=0.221(csns=0.67), align_str=0.207
2026-04-01 09:22:53  INFO      TradingGraph: Aligned [full-alignment] (bullish) — proceeding [L=0.325 M=0.124 S=0.221 breadth=-0.124]
2026-04-01 09:22:53  INFO      TradingGraph: Generating trading recipe
2026-04-01 09:22:53  INFO      TradingGraph: Generated recipe: RISKY_LONG_FULL_ALIGNMENT_CHFJPY
2026-04-01 09:22:53  INFO      TradingGraph: Correlation guard: 3/3 short_jpy positions already open — refusing CHFJPY BUY
2026-04-01 09:22:53  INFO      TradingRunner: Analysing XAGUSD …
2026-04-01 09:22:53  INFO      TradingGraph: Running agents for XAGUSD
2026-04-01 09:22:53  INFO      TradingGraph: Completed 15 agents
2026-04-01 09:22:53  INFO      TradingGraph: Fusing timeframe signals
2026-04-01 09:22:53  INFO      TradingGraph: Fusion: L=-0.200(csns=0.50), M=0.339(csns=1.00), S=0.310(csns=1.00), align_str=0.000
2026-04-01 09:22:53  INFO      TradingGraph: Aligned [counter-trend-scalp] (bullish) — proceeding [L=-0.200 M=0.339 S=0.310 breadth=-0.124]
2026-04-01 09:22:53  INFO      TradingGraph: Generating trading recipe
2026-04-01 09:22:53  INFO      TradingGraph: Generated recipe: RISKY_LONG_COUNTER_TREND_SCALP_XAGUSD
2026-04-01 09:22:53  INFO      TradingGraph: Position already open for XAGUSD — entry_type=counter-trend-scalp (needs full-alignment)
2026-04-01 09:22:53  INFO      TradingRunner: PnL — unrealized: -5.31  realized today: +0.04  total: -5.27
2026-04-01 09:22:53  INFO      TradingRunner: Signal cycle done in 7.1s — sleeping 293s
2026-04-01 09:23:49  INFO      TradingGraph: Running agents for GBPUSD
2026-04-01 09:23:49  INFO      TradingGraph: Completed 15 agents
2026-04-01 09:23:49  INFO      TradingGraph: Fusing timeframe signals
2026-04-01 09:23:49  INFO      TradingGraph: Fusion: L=-0.575(csns=1.00), M=0.515(csns=1.00), S=0.171(csns=0.83), align_str=0.000
2026-04-01 09:23:49  INFO      TradingGraph: Running agents for USDCAD
2026-04-01 09:23:49  INFO      TradingGraph: Completed 15 agents
2026-04-01 09:23:49  INFO      TradingGraph: Fusing timeframe signals
2026-04-01 09:23:49  INFO      TradingGraph: Fusion: L=0.365(csns=0.67), M=-0.243(csns=1.00), S=-0.041(csns=0.83), align_str=0.000
2026-04-01 09:23:49  INFO      TradingGraph: Running agents for AUDJPY
2026-04-01 09:23:49  INFO      TradingGraph: Completed 15 agents
2026-04-01 09:23:49  INFO      TradingGraph: Fusing timeframe signals
2026-04-01 09:23:49  INFO      TradingGraph: Fusion: L=0.487(csns=1.00), M=0.263(csns=1.00), S=0.356(csns=0.83), align_str=0.357
2026-04-01 09:23:50  INFO      TradingGraph: Running agents for EURGBP
2026-04-01 09:23:50  INFO      TradingGraph: Completed 15 agents
2026-04-01 09:23:50  INFO      TradingGraph: Fusing timeframe signals
2026-04-01 09:23:50  INFO      TradingGraph: Fusion: L=0.172(csns=1.00), M=0.132(csns=0.50), S=0.015(csns=0.17), align_str=0.069
2026-04-01 09:23:50  INFO      TradingGraph: Running agents for AUDJPY
2026-04-01 09:23:50  INFO      TradingGraph: Completed 15 agents
2026-04-01 09:23:50  INFO      TradingGraph: Fusing timeframe signals
2026-04-01 09:23:50  INFO      TradingGraph: Fusion: L=0.487(csns=1.00), M=0.263(csns=1.00), S=0.356(csns=0.83), align_str=0.357
2026-04-01 09:23:50  INFO      TradingGraph: Running agents for EURUSD
2026-04-01 09:23:50  INFO      TradingGraph: Completed 15 agents
2026-04-01 09:23:50  INFO      TradingGraph: Fusing timeframe signals
2026-04-01 09:23:50  INFO      TradingGraph: Fusion: L=-0.305(csns=0.50), M=0.590(csns=1.00), S=0.174(csns=0.83), align_str=0.000
2026-04-01 09:23:51  INFO      TradingGraph: Running agents for XAGUSD
2026-04-01 09:23:51  INFO      TradingGraph: Completed 15 agents
2026-04-01 09:23:51  INFO      TradingGraph: Fusing timeframe signals
2026-04-01 09:23:51  INFO      TradingGraph: Fusion: L=-0.200(csns=0.50), M=0.336(csns=1.00), S=0.307(csns=1.00), align_str=0.000
2026-04-01 09:23:51  INFO      TradingGraph: Running agents for AUDJPY
2026-04-01 09:23:51  INFO      TradingGraph: Completed 15 agents
2026-04-01 09:23:51  INFO      TradingGraph: Fusing timeframe signals
2026-04-01 09:23:51  INFO      TradingGraph: Fusion: L=0.487(csns=1.00), M=0.264(csns=1.00), S=0.356(csns=0.83), align_str=0.358
2026-04-01 09:23:51  INFO      TradingGraph: Running agents for EURCHF
2026-04-01 09:23:51  INFO      TradingGraph: Completed 15 agents
2026-04-01 09:23:51  INFO      TradingGraph: Fusing timeframe signals
2026-04-01 09:23:51  INFO      TradingGraph: Fusion: L=-0.361(csns=1.00), M=0.014(csns=0.67), S=-0.098(csns=0.71), align_str=0.000
2026-04-01 09:24:03  INFO      TradingRunner: [WATCHDOG] alive | equity=123.23 | cycle=17 | profile=risky
2026-04-01 09:24:49  INFO      TradingGraph: Running agents for GBPUSD
2026-04-01 09:24:49  INFO      TradingGraph: Completed 15 agents
2026-04-01 09:24:49  INFO      TradingGraph: Fusing timeframe signals
2026-04-01 09:24:49  INFO      TradingGraph: Fusion: L=-0.575(csns=1.00), M=0.510(csns=1.00), S=0.172(csns=0.83), align_str=0.000
2026-04-01 09:24:49  INFO      TradingGraph: Running agents for USDCAD
2026-04-01 09:24:49  INFO      TradingGraph: Completed 15 agents
2026-04-01 09:24:49  INFO      TradingGraph: Fusing timeframe signals
2026-04-01 09:24:49  INFO      TradingGraph: Fusion: L=0.365(csns=0.67), M=-0.191(csns=1.00), S=-0.044(csns=0.83), align_str=0.000
2026-04-01 09:24:49  INFO      TradingGraph: Running agents for AUDJPY
2026-04-01 09:24:49  INFO      TradingGraph: Completed 15 agents
2026-04-01 09:24:49  INFO      TradingGraph: Fusing timeframe signals
2026-04-01 09:24:49  INFO      TradingGraph: Fusion: L=0.489(csns=1.00), M=0.275(csns=1.00), S=0.311(csns=0.83), align_str=0.347
2026-04-01 09:24:50  INFO      TradingGraph: Running agents for EURGBP
2026-04-01 09:24:50  INFO      TradingGraph: Completed 15 agents
2026-04-01 09:24:50  INFO      TradingGraph: Fusing timeframe signals
2026-04-01 09:24:50  INFO      TradingGraph: Fusion: L=0.172(csns=1.00), M=0.140(csns=0.67), S=0.015(csns=0.17), align_str=0.071
2026-04-01 09:24:50  INFO      TradingGraph: Running agents for AUDJPY
2026-04-01 09:24:50  INFO      TradingGraph: Completed 15 agents
2026-04-01 09:24:50  INFO      TradingGraph: Fusing timeframe signals
2026-04-01 09:24:50  INFO      TradingGraph: Fusion: L=0.489(csns=1.00), M=0.275(csns=1.00), S=0.311(csns=0.83), align_str=0.347
2026-04-01 09:24:50  INFO      TradingGraph: Running agents for EURUSD
2026-04-01 09:24:50  INFO      TradingGraph: Completed 15 agents
2026-04-01 09:24:50  INFO      TradingGraph: Fusing timeframe signals
2026-04-01 09:24:50  INFO      TradingGraph: Fusion: L=-0.305(csns=0.50), M=0.579(csns=1.00), S=0.177(csns=0.83), align_str=0.000
2026-04-01 09:24:51  INFO      TradingGraph: Running agents for XAGUSD
2026-04-01 09:24:51  INFO      TradingGraph: Completed 15 agents
2026-04-01 09:24:51  INFO      TradingGraph: Fusing timeframe signals
2026-04-01 09:24:51  INFO      TradingGraph: Fusion: L=-0.200(csns=0.50), M=0.332(csns=1.00), S=0.311(csns=1.00), align_str=0.000
2026-04-01 09:24:51  INFO      TradingGraph: Running agents for AUDJPY
2026-04-01 09:24:51  INFO      TradingGraph: Completed 15 agents
2026-04-01 09:24:51  INFO      TradingGraph: Fusing timeframe signals
2026-04-01 09:24:51  INFO      TradingGraph: Fusion: L=0.489(csns=1.00), M=0.276(csns=1.00), S=0.311(csns=0.83), align_str=0.347
2026-04-01 09:24:52  INFO      TradingGraph: Running agents for EURCHF
2026-04-01 09:24:52  INFO      TradingGraph: Completed 15 agents
2026-04-01 09:24:52  INFO      TradingGraph: Fusing timeframe signals
2026-04-01 09:24:52  INFO      TradingGraph: Fusion: L=-0.360(csns=1.00), M=0.036(csns=0.67), S=-0.100(csns=0.71), align_str=0.000
2026-04-01 09:27:03  WARNING   TradingRunner: [WATCHDOG] MT5 connection lost — attempting reconnect
2026-04-01 09:27:03  INFO      TradingRunner: [WATCHDOG] Reconnect attempt 1/5 (waiting 10s)
2026-04-01 09:27:13  INFO      MT5Executor: MT5 connection closed
2026-04-01 09:27:13  INFO      MT5Executor: Using mt5linux backend → localhost:18812
2026-04-01 09:27:13  INFO      MT5Executor: Connected to MT5: 5048478471 on MetaQuotes-Demo | balance=131.72 | trade_allowed=True
2026-04-01 09:27:13  INFO      TradingRunner: [WATCHDOG] MT5 reconnected successfully
2026-04-01 09:27:51  INFO      TradingGraph: Running agents for GBPUSD
2026-04-01 09:27:51  INFO      TradingGraph: Completed 15 agents
2026-04-01 09:27:51  INFO      TradingGraph: Fusing timeframe signals
2026-04-01 09:27:51  INFO      TradingGraph: Fusion: L=-0.575(csns=1.00), M=0.507(csns=1.00), S=0.173(csns=0.83), align_str=0.000
2026-04-01 09:27:52  INFO      TradingGraph: Running agents for USDCAD
2026-04-01 09:27:52  INFO      TradingGraph: Completed 15 agents
2026-04-01 09:27:52  INFO      TradingGraph: Fusing timeframe signals
2026-04-01 09:27:52  INFO      TradingGraph: Fusion: L=0.365(csns=0.67), M=-0.173(csns=1.00), S=-0.006(csns=0.83), align_str=0.000
2026-04-01 09:27:53  INFO      TradingGraph: Running agents for AUDJPY
2026-04-01 09:27:53  INFO      TradingGraph: Completed 15 agents
2026-04-01 09:27:53  INFO      TradingGraph: Fusing timeframe signals
2026-04-01 09:27:53  INFO      TradingGraph: Fusion: L=0.492(csns=1.00), M=0.297(csns=1.00), S=0.283(csns=0.83), align_str=0.345
2026-04-01 09:27:54  INFO      TradingGraph: Running agents for EURGBP
2026-04-01 09:27:54  INFO      TradingGraph: Completed 15 agents
2026-04-01 09:27:54  INFO      TradingGraph: Fusing timeframe signals
2026-04-01 09:27:54  INFO      TradingGraph: Fusion: L=0.176(csns=1.00), M=0.214(csns=1.00), S=0.023(csns=0.17), align_str=0.096
2026-04-01 09:27:54  INFO      TradingGraph: Running agents for AUDJPY
2026-04-01 09:27:55  INFO      TradingRunner: Analysing EURUSD …
2026-04-01 09:27:55  INFO      TradingGraph: Running agents for EURUSD
2026-04-01 09:27:55  INFO      TradingGraph: Completed 15 agents
2026-04-01 09:27:55  INFO      TradingGraph: Fusing timeframe signals
2026-04-01 09:27:55  INFO      TradingGraph: Fusion: L=0.492(csns=1.00), M=0.296(csns=1.00), S=0.282(csns=0.83), align_str=0.345
2026-04-01 09:27:55  INFO      TradingGraph: Running agents for EURUSD
2026-04-01 09:27:55  INFO      TradingGraph: Completed 15 agents
2026-04-01 09:27:55  INFO      TradingGraph: Completed 15 agents
2026-04-01 09:27:55  INFO      TradingGraph: Fusing timeframe signals
2026-04-01 09:27:55  INFO      TradingGraph: Fusion: L=-0.305(csns=0.50), M=0.578(csns=1.00), S=0.182(csns=0.83), align_str=0.000
2026-04-01 09:27:55  INFO      TradingGraph: Running agents for XAGUSD
2026-04-01 09:27:55  INFO      TradingGraph: Completed 15 agents
2026-04-01 09:27:55  INFO      TradingGraph: Fusing timeframe signals
2026-04-01 09:27:55  INFO      TradingGraph: Fusion: L=-0.200(csns=0.50), M=0.332(csns=1.00), S=0.312(csns=1.00), align_str=0.000
2026-04-01 09:27:56  INFO      TradingGraph: Running agents for AUDJPY
2026-04-01 09:27:56  INFO      TradingGraph: Fusing timeframe signals
2026-04-01 09:27:56  INFO      TradingGraph: Fusion: L=-0.305(csns=0.50), M=0.550(csns=1.00), S=0.184(csns=0.83), align_str=0.000
2026-04-01 09:27:56  INFO      TradingGraph: Completed 15 agents
2026-04-01 09:27:56  INFO      TradingGraph: Fusing timeframe signals
2026-04-01 09:27:56  INFO      TradingGraph: Fusion: L=0.491(csns=1.00), M=0.290(csns=1.00), S=0.280(csns=0.83), align_str=0.342
2026-04-01 09:27:56  INFO      TradingGraph: Running agents for EURCHF
2026-04-01 09:27:56  INFO      TradingGraph: Completed 15 agents
2026-04-01 09:27:56  INFO      TradingGraph: Fusing timeframe signals
2026-04-01 09:27:56  INFO      TradingGraph: Fusion: L=-0.362(csns=1.00), M=0.029(csns=0.67), S=-0.101(csns=0.71), align_str=0.000
2026-04-01 09:27:56  INFO      TradingGraph: Aligned [counter-trend-scalp] (bullish) — proceeding [L=-0.305 M=0.550 S=0.184 breadth=-0.124]
2026-04-01 09:27:56  INFO      TradingGraph: Generating trading recipe
2026-04-01 09:27:56  INFO      TradingGraph: Generated recipe: RISKY_LONG_COUNTER_TREND_SCALP_EURUSD
2026-04-01 09:27:56  INFO      TradingGraph: Position already open for EURUSD — entry_type=counter-trend-scalp (needs full-alignment)
2026-04-01 09:27:56  INFO      TradingRunner: Analysing GBPUSD …
2026-04-01 09:27:56  INFO      TradingGraph: Running agents for GBPUSD
2026-04-01 09:27:56  INFO      TradingGraph: Completed 15 agents
2026-04-01 09:27:56  INFO      TradingGraph: Fusing timeframe signals
2026-04-01 09:27:56  INFO      TradingGraph: Fusion: L=-0.575(csns=1.00), M=0.507(csns=1.00), S=0.173(csns=0.83), align_str=0.000
2026-04-01 09:27:56  INFO      TradingGraph: Aligned [counter-trend-scalp] (bullish) — proceeding [L=-0.575 M=0.507 S=0.173 breadth=-0.124]
2026-04-01 09:27:56  INFO      TradingGraph: Generating trading recipe
2026-04-01 09:27:56  INFO      TradingGraph: Generated recipe: RISKY_LONG_COUNTER_TREND_SCALP_GBPUSD
2026-04-01 09:27:56  INFO      TradingGraph: Position already open for GBPUSD — entry_type=counter-trend-scalp (needs full-alignment)
2026-04-01 09:27:56  INFO      TradingRunner: Analysing USDJPY …
2026-04-01 09:27:56  INFO      TradingGraph: Running agents for USDJPY
2026-04-01 09:27:56  INFO      TradingGraph: Completed 15 agents
2026-04-01 09:27:56  INFO      TradingGraph: Fusing timeframe signals
2026-04-01 09:27:56  INFO      TradingGraph: Fusion: L=0.225(csns=0.33), M=-0.550(csns=1.00), S=-0.119(csns=0.67), align_str=0.000
2026-04-01 09:27:56  INFO      TradingGraph: Timeframes not aligned — stopping (L=0.225 M=-0.550 S=-0.119)
2026-04-01 09:27:56  INFO      TradingRunner: Analysing USDCHF …
2026-04-01 09:27:56  INFO      TradingGraph: Running agents for USDCHF
2026-04-01 09:27:56  INFO      TradingGraph: Completed 15 agents
2026-04-01 09:27:56  INFO      TradingGraph: Fusing timeframe signals
2026-04-01 09:27:56  INFO      TradingGraph: Fusion: L=0.534(csns=1.00), M=-0.589(csns=1.00), S=-0.126(csns=0.71), align_str=0.000
2026-04-01 09:27:56  INFO      TradingGraph: Timeframes not aligned — stopping (L=0.534 M=-0.589 S=-0.126)
2026-04-01 09:27:56  INFO      TradingRunner: Analysing AUDUSD …
2026-04-01 09:27:56  INFO      TradingGraph: Running agents for AUDUSD
2026-04-01 09:27:56  INFO      TradingGraph: Completed 15 agents
2026-04-01 09:27:56  INFO      TradingGraph: Fusing timeframe signals
2026-04-01 09:27:57  INFO      TradingGraph: Fusion: L=0.016(csns=1.00), M=0.526(csns=1.00), S=0.336(csns=0.71), align_str=0.142
2026-04-01 09:27:57  INFO      TradingGraph: Timeframes not aligned — stopping (L=0.016 M=0.526 S=0.336)
2026-04-01 09:27:57  INFO      TradingRunner: Analysing USDCAD …
2026-04-01 09:27:57  INFO      TradingGraph: Running agents for USDCAD
2026-04-01 09:27:57  INFO      TradingGraph: Completed 15 agents
2026-04-01 09:27:57  INFO      TradingGraph: Fusing timeframe signals
2026-04-01 09:27:57  INFO      TradingGraph: Fusion: L=0.365(csns=0.67), M=-0.173(csns=1.00), S=-0.006(csns=0.83), align_str=0.000
2026-04-01 09:27:57  INFO      TradingGraph: Timeframes not aligned — stopping (L=0.365 M=-0.173 S=-0.006)
2026-04-01 09:27:57  INFO      TradingRunner: Analysing US30 …
2026-04-01 09:27:57  INFO      TradingGraph: Running agents for US30
2026-04-01 09:27:57  INFO      TradingGraph: Completed 15 agents
2026-04-01 09:27:57  INFO      TradingGraph: Fusing timeframe signals
2026-04-01 09:27:57  INFO      TradingGraph: Fusion: L=-0.372(csns=1.00), M=0.454(csns=1.00), S=0.297(csns=0.67), align_str=0.000
2026-04-01 09:27:57  INFO      TradingGraph: Aligned [counter-trend-scalp] (bullish) — proceeding [L=-0.372 M=0.454 S=0.297 breadth=-0.124]
2026-04-01 09:27:57  INFO      TradingGraph: Generating trading recipe
2026-04-01 09:27:57  INFO      TradingGraph: Generated recipe: RISKY_LONG_COUNTER_TREND_SCALP_US30
2026-04-01 09:27:57  INFO      TradingGraph: Risk check passed
2026-04-01 09:27:57  INFO      TradingGraph: Creating trade plan
2026-04-01 09:27:57  INFO      TradingGraph: Confidence sizing [US30]: conf=0.565 → ×0.77 (risk=$0.81)
2026-04-01 09:27:57  INFO      TradingGraph: Structure SL/TP [US30] entry=46601.20000 sl=45868.19353 (2.10×ATR) tp=47889.86667 (R:R=1.76)
2026-04-01 09:27:57  INFO      TradingGraph: Created trade plan: entry=46601.2000, sl=45868.1900, tp=47889.8700
2026-04-01 09:27:57  INFO      TradingGraph: Executing trade for US30
2026-04-01 09:27:57  WARNING   MT5Executor: US30: trading disabled on this symbol (trade_mode=0 — may be outside market hours or broker restriction). Skipping.
2026-04-01 09:27:57  INFO      TradingGraph: Order not placed for US30 (executor returned None — see executor log for reason)
2026-04-01 09:27:57  INFO      TradingRunner: Analysing US500 …
2026-04-01 09:27:57  INFO      TradingGraph: Running agents for US500
2026-04-01 09:27:57  INFO      TradingGraph: Completed 15 agents
2026-04-01 09:27:57  INFO      TradingGraph: Fusing timeframe signals
2026-04-01 09:27:57  INFO      TradingGraph: Fusion: L=-0.413(csns=1.00), M=0.459(csns=1.00), S=0.333(csns=0.80), align_str=0.000
2026-04-01 09:27:57  INFO      TradingGraph: Aligned [counter-trend-scalp] (bullish) — proceeding [L=-0.413 M=0.459 S=0.333 breadth=-0.124]
2026-04-01 09:27:57  INFO      TradingGraph: Generating trading recipe
2026-04-01 09:27:57  INFO      TradingGraph: Generated recipe: RISKY_LONG_COUNTER_TREND_SCALP_US500
2026-04-01 09:27:57  INFO      TradingGraph: Risk check passed
2026-04-01 09:27:57  INFO      TradingGraph: Creating trade plan
2026-04-01 09:27:57  INFO      TradingGraph: Confidence sizing [US500]: conf=0.508 → ×0.68 (risk=$0.73)
2026-04-01 09:27:57  INFO      TradingGraph: Structure SL/TP [US500] entry=6571.10000 sl=6477.91551 (1.84×ATR) tp=6670.33333 (R:R=1.06)
2026-04-01 09:27:57  INFO      TradingGraph: Created trade plan: entry=6571.1000, sl=6477.9200, tp=6710.8800
2026-04-01 09:27:57  INFO      TradingGraph: Executing trade for US500
2026-04-01 09:27:57  WARNING   MT5Executor: US500: trading disabled on this symbol (trade_mode=0 — may be outside market hours or broker restriction). Skipping.
2026-04-01 09:27:57  INFO      TradingGraph: Order not placed for US500 (executor returned None — see executor log for reason)
2026-04-01 09:27:57  INFO      TradingRunner: Analysing USTEC …
2026-04-01 09:27:57  INFO      TradingGraph: Running agents for USTEC
2026-04-01 09:27:57  INFO      TradingGraph: Completed 15 agents
2026-04-01 09:27:57  INFO      TradingGraph: Fusing timeframe signals
2026-04-01 09:27:57  INFO      TradingGraph: Fusion: L=-0.429(csns=1.00), M=0.483(csns=1.00), S=0.348(csns=0.80), align_str=0.000
2026-04-01 09:27:57  INFO      TradingGraph: Aligned [counter-trend-scalp] (bullish) — proceeding [L=-0.429 M=0.483 S=0.348 breadth=-0.124]
2026-04-01 09:27:57  INFO      TradingGraph: Generating trading recipe
2026-04-01 09:27:57  INFO      TradingGraph: Generated recipe: RISKY_LONG_COUNTER_TREND_SCALP_USTEC
2026-04-01 09:27:57  INFO      TradingGraph: Risk check passed
2026-04-01 09:27:57  INFO      TradingGraph: Creating trade plan
2026-04-01 09:27:57  INFO      TradingGraph: Confidence sizing [USTEC]: conf=0.494 → ×0.66 (risk=$0.70)
2026-04-01 09:27:57  INFO      TradingGraph: Structure SL/TP [USTEC] entry=23962.50000 sl=23557.26822 (1.88×ATR) tp=25157.13333 (R:R=2.95)
2026-04-01 09:27:57  INFO      TradingGraph: Created trade plan: entry=23962.5000, sl=23557.2700, tp=25157.1300
2026-04-01 09:27:57  INFO      TradingGraph: Executing trade for USTEC
2026-04-01 09:27:57  WARNING   MT5Executor: USTEC: trading disabled on this symbol (trade_mode=0 — may be outside market hours or broker restriction). Skipping.
2026-04-01 09:27:57  INFO      TradingGraph: Order not placed for USTEC (executor returned None — see executor log for reason)
2026-04-01 09:27:57  INFO      TradingRunner: Analysing DAX …
2026-04-01 09:27:57  INFO      TradingGraph: Running agents for DAX
2026-04-01 09:27:57  INFO      TradingGraph: Completed 15 agents
2026-04-01 09:27:57  INFO      TradingGraph: Fusing timeframe signals
2026-04-01 09:27:57  INFO      TradingGraph: Fusion: L=-0.076(csns=1.00), M=0.189(csns=0.50), S=0.242(csns=0.71), align_str=0.000
2026-04-01 09:27:57  INFO      TradingGraph: Timeframes not aligned — stopping (L=-0.076 M=0.189 S=0.242)
2026-04-01 09:27:57  INFO      TradingRunner: Analysing UK100 …
2026-04-01 09:27:57  INFO      TradingGraph: Running agents for UK100
2026-04-01 09:27:57  INFO      TradingGraph: Completed 15 agents
2026-04-01 09:27:57  INFO      TradingGraph: Fusing timeframe signals
2026-04-01 09:27:57  INFO      TradingGraph: Fusion: L=0.167(csns=1.00), M=0.477(csns=1.00), S=0.380(csns=0.80), align_str=0.311
2026-04-01 09:27:57  INFO      TradingGraph: Timeframes not aligned — stopping (L=0.167 M=0.477 S=0.380)
2026-04-01 09:27:57  INFO      TradingRunner: Analysing EURJPY …
2026-04-01 09:27:57  INFO      TradingGraph: Running agents for EURJPY
2026-04-01 09:27:57  INFO      TradingGraph: Completed 15 agents
2026-04-01 09:27:57  INFO      TradingGraph: Fusing timeframe signals
2026-04-01 09:27:57  INFO      TradingGraph: Fusion: L=-0.076(csns=0.50), M=0.182(csns=1.00), S=-0.085(csns=0.60), align_str=0.000
2026-04-01 09:27:57  INFO      TradingGraph: Timeframes not aligned — stopping (L=-0.076 M=0.182 S=-0.085)
2026-04-01 09:27:57  INFO      TradingRunner: Analysing GBPJPY …
2026-04-01 09:27:57  INFO      TradingGraph: Running agents for GBPJPY
2026-04-01 09:27:57  INFO      TradingGraph: Completed 15 agents
2026-04-01 09:27:57  INFO      TradingGraph: Fusing timeframe signals
2026-04-01 09:27:57  INFO      TradingGraph: Fusion: L=0.042(csns=0.50), M=-0.017(csns=0.50), S=0.121(csns=0.80), align_str=0.000
2026-04-01 09:27:57  INFO      TradingGraph: Timeframes not aligned — stopping (L=0.042 M=-0.017 S=0.121)
2026-04-01 09:27:57  INFO      TradingRunner: Analysing AUDJPY …
2026-04-01 09:27:57  INFO      TradingGraph: Running agents for AUDJPY
2026-04-01 09:27:57  INFO      TradingGraph: Completed 15 agents
2026-04-01 09:27:57  INFO      TradingGraph: Fusing timeframe signals
2026-04-01 09:27:57  INFO      TradingGraph: Fusion: L=0.492(csns=1.00), M=0.297(csns=1.00), S=0.283(csns=0.83), align_str=0.345
2026-04-01 09:27:57  INFO      TradingGraph: Aligned [full-alignment] (bullish) — proceeding [L=0.492 M=0.297 S=0.283 breadth=-0.124]
2026-04-01 09:27:57  INFO      TradingGraph: Generating trading recipe
2026-04-01 09:27:57  INFO      TradingGraph: Generated recipe: RISKY_LONG_FULL_ALIGNMENT_AUDJPY
2026-04-01 09:27:57  INFO      TradingGraph: Correlation guard: 3/3 short_jpy positions already open — refusing AUDJPY BUY
2026-04-01 09:27:57  INFO      TradingRunner: Analysing EURGBP …
2026-04-01 09:27:57  INFO      TradingGraph: Running agents for EURGBP
2026-04-01 09:27:58  INFO      TradingGraph: Completed 15 agents
2026-04-01 09:27:58  INFO      TradingGraph: Fusing timeframe signals
2026-04-01 09:27:58  INFO      TradingGraph: Fusion: L=0.176(csns=1.00), M=0.214(csns=1.00), S=0.023(csns=0.17), align_str=0.096
2026-04-01 09:27:58  INFO      TradingGraph: Timeframes not aligned — stopping (L=0.176 M=0.214 S=0.023)
2026-04-01 09:27:58  INFO      TradingRunner: Analysing EURCHF …
2026-04-01 09:27:58  INFO      TradingGraph: Running agents for EURCHF
2026-04-01 09:27:58  INFO      TradingGraph: Completed 15 agents
2026-04-01 09:27:58  INFO      TradingGraph: Fusing timeframe signals
2026-04-01 09:27:58  INFO      TradingGraph: Fusion: L=-0.362(csns=1.00), M=0.026(csns=0.67), S=-0.101(csns=0.71), align_str=0.000
2026-04-01 09:27:58  INFO      TradingGraph: Aligned [pullback-entry] (bearish) — proceeding [L=-0.362 M=0.026 S=-0.101 breadth=-0.124]
2026-04-01 09:27:58  INFO      TradingGraph: Generating trading recipe
2026-04-01 09:27:58  INFO      TradingGraph: Generated recipe: RISKY_SHORT_PULLBACK_ENTRY_EURCHF
2026-04-01 09:27:58  INFO      TradingGraph: Scale-in approved for EURCHF (1/3 positions, signal=SELL, entry=pullback-entry)
2026-04-01 09:27:58  INFO      TradingGraph: Risk check passed
2026-04-01 09:27:58  INFO      TradingGraph: Creating trade plan
2026-04-01 09:27:58  INFO      TradingGraph: Scale-in plan: risk×0.6, SL=1.0×ATR
2026-04-01 09:27:58  INFO      TradingGraph: Confidence sizing [EURCHF]: conf=0.545 → ×0.74 (risk=$0.47)
2026-04-01 09:27:58  INFO      TradingGraph: Structure SL/TP [EURCHF] entry=0.92039 sl=0.92366 (1.50×ATR) tp=0.91535 (R:R=1.54)
2026-04-01 09:27:58  INFO      TradingGraph: Created trade plan: entry=0.9204, sl=0.9237, tp=0.9153
2026-04-01 09:27:58  INFO      TradingGraph: Executing trade for EURCHF
2026-04-01 09:27:58  INFO      MT5Executor: EURCHF: lots=0.01 (risk=$3.56)
2026-04-01 09:27:58  INFO      MT5Executor: Market order filled: ticket=56037395684 vol=0.01
2026-04-01 09:27:58  INFO      TradingGraph: Order placed: ticket=56037395684
2026-04-01 09:27:58  INFO      OrderManager: Created order order_13_20260401_092758 for EURCHF
2026-04-01 09:27:58  INFO      TradeJournal: TRADE  EURCHF           Direction.SHORT  qty=0.01  entry=0.92039  sl=0.92366  tp=0.91535  ticket=56037395684
2026-04-01 09:27:58  INFO      TradingRunner: EURCHF: trade placed — daily count 6/14, next entry in 25min
2026-04-01 09:27:58  INFO      TradingRunner: Analysing CHFJPY …
2026-04-01 09:27:58  INFO      TradingGraph: Running agents for CHFJPY
2026-04-01 09:27:58  INFO      TradingGraph: Completed 15 agents
2026-04-01 09:27:58  INFO      TradingGraph: Fusing timeframe signals
2026-04-01 09:27:58  INFO      TradingGraph: Fusion: L=0.336(csns=0.50), M=0.066(csns=1.00), S=0.231(csns=0.67), align_str=0.173
2026-04-01 09:27:58  INFO      TradingGraph: Aligned [pullback-entry] (bullish) — proceeding [L=0.336 M=0.066 S=0.231 breadth=-0.124]
2026-04-01 09:27:58  INFO      TradingGraph: Generating trading recipe
2026-04-01 09:27:58  INFO      TradingGraph: Generated recipe: RISKY_LONG_PULLBACK_ENTRY_CHFJPY
2026-04-01 09:27:58  INFO      TradingGraph: Max concurrent trades reached
2026-04-01 09:27:58  INFO      TradingRunner: Analysing XAGUSD …
2026-04-01 09:27:58  INFO      TradingGraph: Running agents for XAGUSD
2026-04-01 09:27:58  INFO      TradingGraph: Completed 15 agents
2026-04-01 09:27:58  INFO      TradingGraph: Fusing timeframe signals
2026-04-01 09:27:58  INFO      TradingGraph: Fusion: L=-0.200(csns=0.50), M=0.333(csns=1.00), S=0.308(csns=1.00), align_str=0.000
2026-04-01 09:27:58  INFO      TradingGraph: Timeframes not aligned — stopping (L=-0.200 M=0.333 S=0.308)
2026-04-01 09:27:59  INFO      TradingRunner: PnL — unrealized: -10.51  realized today: +0.04  total: -10.47
2026-04-01 09:27:59  INFO      TradingRunner: Signal cycle done in 12.6s — sleeping 287s
2026-04-01 09:28:48  INFO      TrailingStopManager: [STALE-SL] SELL GBPUSD #56029942781: SL 1.33728→1.32913 (held 6.0h, cap=0.44R, progress=0%)
2026-04-01 09:28:48  INFO      MT5Executor: SL modified for position 56029942781: 1.32913
2026-04-01 09:28:48  INFO      TrailingStopManager: [STALE-SL] BUY USDCAD #56029942917: SL 1.38315→1.38777 (held 6.0h, cap=0.47R, progress=0%)
2026-04-01 09:28:48  INFO      MT5Executor: SL modified for position 56029942917: 1.38777
2026-04-01 09:28:49  INFO      TradingGraph: Running agents for GBPUSD
2026-04-01 09:28:49  INFO      TradingGraph: Completed 15 agents
2026-04-01 09:28:49  INFO      TradingGraph: Fusing timeframe signals
2026-04-01 09:28:49  INFO      TradingGraph: Fusion: L=-0.575(csns=1.00), M=0.512(csns=1.00), S=0.177(csns=0.83), align_str=0.000
2026-04-01 09:28:49  INFO      TradingGraph: Running agents for USDCAD
2026-04-01 09:28:49  INFO      TradingGraph: Completed 15 agents
2026-04-01 09:28:49  INFO      TradingGraph: Fusing timeframe signals
2026-04-01 09:28:49  INFO      TradingGraph: Fusion: L=0.365(csns=0.67), M=-0.183(csns=1.00), S=-0.041(csns=0.83), align_str=0.000
2026-04-01 09:28:50  INFO      TradingGraph: Running agents for AUDJPY
2026-04-01 09:28:50  INFO      TradingGraph: Completed 15 agents
2026-04-01 09:28:50  INFO      TradingGraph: Fusing timeframe signals
2026-04-01 09:28:50  INFO      TradingGraph: Fusion: L=0.493(csns=1.00), M=0.342(csns=1.00), S=0.286(csns=0.83), align_str=0.364
2026-04-01 09:28:50  INFO      TradingGraph: Running agents for EURGBP
2026-04-01 09:28:50  INFO      TradingGraph: Completed 15 agents
2026-04-01 09:28:50  INFO      TradingGraph: Fusing timeframe signals
2026-04-01 09:28:50  INFO      TradingGraph: Fusion: L=0.176(csns=1.00), M=0.218(csns=1.00), S=0.030(csns=0.17), align_str=0.105
2026-04-01 09:28:50  INFO      TradingGraph: Running agents for AUDJPY
2026-04-01 09:28:51  INFO      TradingGraph: Completed 15 agents
2026-04-01 09:28:51  INFO      TradingGraph: Fusing timeframe signals
2026-04-01 09:28:51  INFO      TradingGraph: Fusion: L=0.493(csns=1.00), M=0.342(csns=1.00), S=0.286(csns=0.83), align_str=0.364
2026-04-01 09:28:51  INFO      TradingGraph: Running agents for EURUSD
2026-04-01 09:28:51  INFO      TradingGraph: Completed 15 agents
2026-04-01 09:28:51  INFO      TradingGraph: Fusing timeframe signals
2026-04-01 09:28:51  INFO      TradingGraph: Fusion: L=-0.304(csns=0.50), M=0.586(csns=1.00), S=0.175(csns=0.83), align_str=0.000
2026-04-01 09:28:51  INFO      TradingGraph: Running agents for XAGUSD
2026-04-01 09:28:51  INFO      TradingGraph: Completed 15 agents
2026-04-01 09:28:51  INFO      TradingGraph: Fusing timeframe signals
2026-04-01 09:28:51  INFO      TradingGraph: Fusion: L=-0.200(csns=0.50), M=0.333(csns=1.00), S=0.315(csns=1.00), align_str=0.000
2026-04-01 09:28:52  INFO      TradingGraph: Running agents for AUDJPY
2026-04-01 09:28:52  INFO      TradingGraph: Completed 15 agents
2026-04-01 09:28:52  INFO      TradingGraph: Fusing timeframe signals
2026-04-01 09:28:52  INFO      TradingGraph: Fusion: L=0.493(csns=1.00), M=0.341(csns=1.00), S=0.285(csns=0.83), align_str=0.363
2026-04-01 09:28:52  INFO      TradingGraph: Running agents for EURCHF
2026-04-01 09:28:52  INFO      TradingGraph: Completed 15 agents
2026-04-01 09:28:52  INFO      TradingGraph: Fusing timeframe signals
2026-04-01 09:28:52  INFO      TradingGraph: Fusion: L=-0.361(csns=1.00), M=0.033(csns=0.67), S=-0.100(csns=0.71), align_str=0.000
2026-04-01 09:28:52  INFO      TradingGraph: Running agents for EURCHF
2026-04-01 09:28:52  INFO      TradingGraph: Completed 15 agents
2026-04-01 09:28:52  INFO      TradingGraph: Fusing timeframe signals
2026-04-01 09:28:52  INFO      TradingGraph: Fusion: L=-0.361(csns=1.00), M=0.033(csns=0.67), S=-0.100(csns=0.71), align_str=0.000
2026-04-01 09:29:48  INFO      TrailingStopManager: [STALE-SL] SELL GBPUSD #56029942781: SL 1.32913→1.32551 (held 6.0h, cap=0.44R, progress=0%)
2026-04-01 09:29:48  WARNING   MT5Executor: SL modification failed: retcode=10016 — original SL still active
2026-04-01 09:29:48  INFO      TrailingStopManager: [STALE-SL] BUY USDCAD #56029942917: SL 1.38777→1.38993 (held 6.0h, cap=0.47R, progress=0%)
2026-04-01 09:29:48  INFO      MT5Executor: SL modified for position 56029942917: 1.38993
2026-04-01 09:29:49  INFO      TradingGraph: Running agents for GBPUSD
2026-04-01 09:29:49  INFO      TradingGraph: Completed 15 agents
2026-04-01 09:29:49  INFO      TradingGraph: Fusing timeframe signals
2026-04-01 09:29:49  INFO      TradingGraph: Fusion: L=-0.575(csns=1.00), M=0.507(csns=1.00), S=0.173(csns=0.83), align_str=0.000
2026-04-01 09:29:49  INFO      TradingGraph: Running agents for USDCAD
2026-04-01 09:29:50  INFO      TradingGraph: Completed 15 agents
2026-04-01 09:29:50  INFO      TradingGraph: Fusing timeframe signals
2026-04-01 09:29:50  INFO      TradingGraph: Fusion: L=0.365(csns=0.67), M=-0.185(csns=1.00), S=-0.042(csns=0.83), align_str=0.000
2026-04-01 09:29:50  INFO      TradingGraph: Running agents for AUDJPY
2026-04-01 09:29:50  INFO      TradingGraph: Completed 15 agents
2026-04-01 09:29:50  INFO      TradingGraph: Fusing timeframe signals
2026-04-01 09:29:50  INFO      TradingGraph: Fusion: L=0.492(csns=1.00), M=0.298(csns=1.00), S=0.283(csns=0.83), align_str=0.346
2026-04-01 09:29:50  INFO      TradingGraph: Running agents for EURGBP
2026-04-01 09:29:50  INFO      TradingGraph: Completed 15 agents
2026-04-01 09:29:50  INFO      TradingGraph: Fusing timeframe signals
2026-04-01 09:29:50  INFO      TradingGraph: Fusion: L=0.177(csns=1.00), M=0.186(csns=1.00), S=0.032(csns=0.17), align_str=0.102
2026-04-01 09:29:51  INFO      TradingGraph: Running agents for AUDJPY
2026-04-01 09:29:51  INFO      TradingGraph: Completed 15 agents
2026-04-01 09:29:51  INFO      TradingGraph: Fusing timeframe signals
2026-04-01 09:29:51  INFO      TradingGraph: Fusion: L=0.492(csns=1.00), M=0.298(csns=1.00), S=0.283(csns=0.83), align_str=0.346
2026-04-01 09:29:51  INFO      TradingGraph: Running agents for EURUSD
2026-04-01 09:29:51  INFO      TradingGraph: Completed 15 agents
2026-04-01 09:29:51  INFO      TradingGraph: Fusing timeframe signals
2026-04-01 09:29:51  INFO      TradingGraph: Fusion: L=-0.304(csns=0.50), M=0.585(csns=1.00), S=0.175(csns=0.83), align_str=0.000
2026-04-01 09:29:51  INFO      TradingGraph: Running agents for XAGUSD
2026-04-01 09:29:51  INFO      TradingGraph: Completed 15 agents
2026-04-01 09:29:51  INFO      TradingGraph: Fusing timeframe signals
2026-04-01 09:29:51  INFO      TradingGraph: Fusion: L=-0.200(csns=0.50), M=0.332(csns=1.00), S=0.318(csns=1.00), align_str=0.000
2026-04-01 09:29:52  INFO      TradingGraph: Running agents for AUDJPY
2026-04-01 09:29:52  INFO      TradingGraph: Completed 15 agents
2026-04-01 09:29:52  INFO      TradingGraph: Fusing timeframe signals
2026-04-01 09:29:52  INFO      TradingGraph: Fusion: L=0.492(csns=1.00), M=0.299(csns=1.00), S=0.283(csns=0.83), align_str=0.347
2026-04-01 09:29:52  INFO      TradingGraph: Running agents for EURCHF
2026-04-01 09:29:53  INFO      TradingGraph: Completed 15 agents
2026-04-01 09:29:53  INFO      TradingGraph: Fusing timeframe signals
2026-04-01 09:29:53  INFO      TradingGraph: Fusion: L=-0.362(csns=1.00), M=0.030(csns=0.67), S=-0.101(csns=0.71), align_str=0.000
2026-04-01 09:29:53  INFO      TradingGraph: Running agents for EURCHF
2026-04-01 09:29:53  INFO      TradingGraph: Completed 15 agents
2026-04-01 09:29:53  INFO      TradingGraph: Fusing timeframe signals
2026-04-01 09:29:53  INFO      TradingGraph: Fusion: L=-0.362(csns=1.00), M=0.030(csns=0.67), S=-0.101(csns=0.71), align_str=0.000
2026-04-01 09:30:48  INFO      TrailingStopManager: [STALE-SL] SELL GBPUSD #56029942781: SL 1.32913→1.32551 (held 6.0h, cap=0.44R, progress=0%)
2026-04-01 09:30:48  WARNING   MT5Executor: SL modification failed: retcode=10016 — original SL still active
2026-04-01 09:30:48  INFO      TrailingStopManager: [STALE-SL] BUY USDCAD #56029942917: SL 1.38993→1.39093 (held 6.0h, cap=0.47R, progress=0%)
2026-04-01 09:30:48  WARNING   MT5Executor: SL modification failed: retcode=10016 — original SL still active
2026-04-01 09:30:49  INFO      TradingGraph: Running agents for GBPUSD
2026-04-01 09:30:49  INFO      TradingGraph: Completed 15 agents
2026-04-01 09:30:49  INFO      TradingGraph: Fusing timeframe signals
2026-04-01 09:30:49  INFO      TradingGraph: Fusion: L=-0.575(csns=1.00), M=0.511(csns=1.00), S=0.160(csns=0.83), align_str=0.000
2026-04-01 09:30:49  INFO      TradingGraph: Running agents for USDCAD
2026-04-01 09:30:49  INFO      TradingGraph: Completed 15 agents
2026-04-01 09:30:49  INFO      TradingGraph: Fusing timeframe signals
2026-04-01 09:30:49  INFO      TradingGraph: Fusion: L=0.365(csns=0.67), M=-0.235(csns=1.00), S=-0.230(csns=1.00), align_str=0.000
2026-04-01 09:30:50  INFO      TradingGraph: Running agents for AUDJPY
2026-04-01 09:30:50  INFO      TradingGraph: Completed 15 agents
2026-04-01 09:30:50  INFO      TradingGraph: Fusing timeframe signals
2026-04-01 09:30:50  INFO      TradingGraph: Fusion: L=0.493(csns=1.00), M=0.363(csns=1.00), S=0.184(csns=0.67), align_str=0.320
2026-04-01 09:30:50  INFO      TradingGraph: Running agents for EURGBP
2026-04-01 09:30:50  INFO      TradingGraph: Completed 15 agents
2026-04-01 09:30:50  INFO      TradingGraph: Fusing timeframe signals
2026-04-01 09:30:50  INFO      TradingGraph: Fusion: L=0.177(csns=1.00), M=0.187(csns=1.00), S=0.066(csns=0.17), align_str=0.130
2026-04-01 09:30:50  INFO      TradingGraph: Running agents for AUDJPY
2026-04-01 09:30:50  INFO      TradingGraph: Completed 15 agents
2026-04-01 09:30:50  INFO      TradingGraph: Fusing timeframe signals
2026-04-01 09:30:50  INFO      TradingGraph: Fusion: L=0.493(csns=1.00), M=0.366(csns=1.00), S=0.186(csns=0.67), align_str=0.323
2026-04-01 09:30:51  INFO      TradingGraph: Running agents for EURUSD
2026-04-01 09:30:51  INFO      TradingGraph: Completed 15 agents
2026-04-01 09:30:51  INFO      TradingGraph: Fusing timeframe signals
2026-04-01 09:30:51  INFO      TradingGraph: Fusion: L=-0.304(csns=0.50), M=0.590(csns=1.00), S=0.170(csns=0.83), align_str=0.000
2026-04-01 09:30:51  INFO      TradingGraph: Running agents for XAGUSD
2026-04-01 09:30:51  INFO      TradingGraph: Completed 15 agents
2026-04-01 09:30:51  INFO      TradingGraph: Fusing timeframe signals
2026-04-01 09:30:51  INFO      TradingGraph: Fusion: L=-0.200(csns=0.50), M=0.335(csns=1.00), S=0.227(csns=0.75), align_str=0.000
2026-04-01 09:30:52  INFO      TradingGraph: Running agents for AUDJPY
2026-04-01 09:30:52  INFO      TradingGraph: Completed 15 agents
2026-04-01 09:30:52  INFO      TradingGraph: Fusing timeframe signals
2026-04-01 09:30:52  INFO      TradingGraph: Fusion: L=0.493(csns=1.00), M=0.367(csns=1.00), S=0.186(csns=0.67), align_str=0.323
2026-04-01 09:30:52  INFO      TradingGraph: Running agents for EURCHF
2026-04-01 09:30:52  INFO      TradingGraph: Completed 15 agents
2026-04-01 09:30:52  INFO      TradingGraph: Fusing timeframe signals
2026-04-01 09:30:52  INFO      TradingGraph: Fusion: L=-0.364(csns=1.00), M=0.008(csns=0.67), S=-0.098(csns=0.71), align_str=0.000
2026-04-01 09:30:52  INFO      TradingGraph: Running agents for EURCHF
2026-04-01 09:30:53  INFO      TradingGraph: Completed 15 agents
2026-04-01 09:30:53  INFO      TradingGraph: Fusing timeframe signals
2026-04-01 09:30:53  INFO      TradingGraph: Fusion: L=-0.364(csns=1.00), M=0.008(csns=0.67), S=-0.098(csns=0.71), align_str=0.000
2026-04-01 09:31:48  INFO      TrailingStopManager: [STALE-SL] SELL GBPUSD #56029942781: SL 1.32913→1.32551 (held 6.1h, cap=0.44R, progress=1%)
2026-04-01 09:31:48  WARNING   MT5Executor: SL modification failed: retcode=10016 — original SL still active
2026-04-01 09:31:49  INFO      TradingGraph: Running agents for GBPUSD
2026-04-01 09:31:49  INFO      TradingGraph: Completed 15 agents
2026-04-01 09:31:49  INFO      TradingGraph: Fusing timeframe signals
2026-04-01 09:31:49  INFO      TradingGraph: Fusion: L=-0.575(csns=1.00), M=0.508(csns=1.00), S=0.160(csns=0.83), align_str=0.000
2026-04-01 09:31:49  INFO      TradingGraph: Running agents for AUDJPY
2026-04-01 09:31:49  INFO      TradingGraph: Completed 15 agents
2026-04-01 09:31:49  INFO      TradingGraph: Fusing timeframe signals
2026-04-01 09:31:49  INFO      TradingGraph: Fusion: L=0.492(csns=1.00), M=0.304(csns=1.00), S=0.265(csns=0.83), align_str=0.341
2026-04-01 09:31:49  INFO      TradingGraph: Running agents for EURGBP
2026-04-01 09:31:50  INFO      TradingGraph: Completed 15 agents
2026-04-01 09:31:50  INFO      TradingGraph: Fusing timeframe signals
2026-04-01 09:31:50  INFO      TradingGraph: Fusion: L=0.178(csns=1.00), M=0.224(csns=1.00), S=0.056(csns=0.17), align_str=0.130
2026-04-01 09:31:50  INFO      TradingGraph: Running agents for AUDJPY
2026-04-01 09:31:50  INFO      TradingGraph: Completed 15 agents
2026-04-01 09:31:50  INFO      TradingGraph: Fusing timeframe signals
2026-04-01 09:31:50  INFO      TradingGraph: Fusion: L=0.492(csns=1.00), M=0.304(csns=1.00), S=0.265(csns=0.83), align_str=0.341
2026-04-01 09:31:50  INFO      TradingGraph: Running agents for EURUSD
2026-04-01 09:31:50  INFO      TradingGraph: Completed 15 agents
2026-04-01 09:31:50  INFO      TradingGraph: Fusing timeframe signals
2026-04-01 09:31:50  INFO      TradingGraph: Fusion: L=-0.304(csns=0.50), M=0.585(csns=1.00), S=0.174(csns=0.83), align_str=0.000
2026-04-01 09:31:51  INFO      TradingGraph: Running agents for XAGUSD
2026-04-01 09:31:51  INFO      TradingGraph: Completed 15 agents
2026-04-01 09:31:51  INFO      TradingGraph: Fusing timeframe signals
2026-04-01 09:31:51  INFO      TradingGraph: Fusion: L=-0.200(csns=0.50), M=0.337(csns=1.00), S=0.232(csns=0.75), align_str=0.000
2026-04-01 09:31:51  INFO      TradingGraph: Running agents for AUDJPY
2026-04-01 09:31:51  INFO      TradingGraph: Completed 15 agents
2026-04-01 09:31:51  INFO      TradingGraph: Fusing timeframe signals
2026-04-01 09:31:51  INFO      TradingGraph: Fusion: L=0.492(csns=1.00), M=0.341(csns=1.00), S=0.266(csns=0.83), align_str=0.354
2026-04-01 09:31:51  INFO      TradingGraph: Running agents for EURCHF
2026-04-01 09:31:51  INFO      TradingGraph: Completed 15 agents
2026-04-01 09:31:51  INFO      TradingGraph: Fusing timeframe signals
2026-04-01 09:31:51  INFO      TradingGraph: Fusion: L=-0.364(csns=1.00), M=0.002(csns=0.67), S=-0.098(csns=0.71), align_str=0.000
2026-04-01 09:31:52  INFO      TradingGraph: Running agents for EURCHF
2026-04-01 09:31:52  INFO      TradingGraph: Completed 15 agents
2026-04-01 09:31:52  INFO      TradingGraph: Fusing timeframe signals
2026-04-01 09:31:52  INFO      TradingGraph: Fusion: L=-0.364(csns=1.00), M=0.002(csns=0.67), S=-0.098(csns=0.71), align_str=0.000
2026-04-01 09:32:49  INFO      TrailingStopManager: [STALE-SL] SELL GBPUSD #56029942781: SL 1.32913→1.32551 (held 6.1h, cap=0.44R, progress=1%)
2026-04-01 09:32:49  WARNING   MT5Executor: SL modification failed: retcode=10016 — original SL still active
2026-04-01 09:32:50  INFO      TradingGraph: Running agents for GBPUSD
2026-04-01 09:32:50  INFO      TradingGraph: Completed 15 agents
2026-04-01 09:32:50  INFO      TradingGraph: Fusing timeframe signals
2026-04-01 09:32:50  INFO      TradingGraph: Fusion: L=-0.575(csns=1.00), M=0.506(csns=1.00), S=0.162(csns=0.83), align_str=0.000
2026-04-01 09:32:51  INFO      TradingGraph: Running agents for AUDJPY
2026-04-01 09:32:51  INFO      TradingGraph: Completed 15 agents
2026-04-01 09:32:51  INFO      TradingGraph: Fusing timeframe signals
2026-04-01 09:32:51  INFO      TradingGraph: Fusion: L=0.489(csns=1.00), M=0.282(csns=1.00), S=0.287(csns=0.83), align_str=0.341
2026-04-01 09:32:52  INFO      TradingGraph: Running agents for EURGBP
2026-04-01 09:32:52  INFO      TradingGraph: Completed 15 agents
2026-04-01 09:32:52  INFO      TradingGraph: Fusing timeframe signals
2026-04-01 09:32:52  INFO      TradingGraph: Fusion: L=0.177(csns=1.00), M=0.221(csns=1.00), S=0.050(csns=0.17), align_str=0.125
2026-04-01 09:32:53  INFO      TradingGraph: Running agents for AUDJPY
2026-04-01 09:32:54  INFO      TradingGraph: Completed 15 agents
2026-04-01 09:32:54  INFO      TradingGraph: Fusing timeframe signals
2026-04-01 09:32:54  INFO      TradingGraph: Fusion: L=0.489(csns=1.00), M=0.282(csns=1.00), S=0.287(csns=0.83), align_str=0.341
2026-04-01 09:32:54  INFO      TradingGraph: Running agents for EURUSD
2026-04-01 09:32:54  INFO      TradingRunner: Analysing EURUSD …
2026-04-01 09:32:54  INFO      TradingGraph: Running agents for EURUSD
2026-04-01 09:32:54  INFO      TradingGraph: Completed 15 agents
2026-04-01 09:32:54  INFO      TradingGraph: Fusing timeframe signals
2026-04-01 09:32:54  INFO      TradingGraph: Fusion: L=-0.304(csns=0.50), M=0.581(csns=1.00), S=0.178(csns=0.83), align_str=0.000
2026-04-01 09:32:54  INFO      TradingGraph: Running agents for XAGUSD
2026-04-01 09:32:54  INFO      TradingGraph: Completed 15 agents
2026-04-01 09:32:54  INFO      TradingGraph: Completed 15 agents
2026-04-01 09:32:54  INFO      TradingGraph: Fusing timeframe signals
2026-04-01 09:32:54  INFO      TradingGraph: Fusion: L=-0.200(csns=0.50), M=0.338(csns=1.00), S=0.235(csns=0.75), align_str=0.000
2026-04-01 09:32:54  INFO      TradingGraph: Running agents for AUDJPY
2026-04-01 09:32:55  INFO      TradingGraph: Completed 15 agents
2026-04-01 09:32:55  INFO      TradingGraph: Fusing timeframe signals
2026-04-01 09:32:55  INFO      TradingGraph: Fusion: L=0.489(csns=1.00), M=0.282(csns=1.00), S=0.287(csns=0.83), align_str=0.341
2026-04-01 09:32:55  INFO      TradingGraph: Running agents for EURCHF
2026-04-01 09:32:55  INFO      TradingGraph: Fusing timeframe signals
2026-04-01 09:32:55  INFO      TradingGraph: Fusion: L=-0.304(csns=0.50), M=0.581(csns=1.00), S=0.177(csns=0.83), align_str=0.000
2026-04-01 09:32:55  INFO      TradingGraph: Completed 15 agents
2026-04-01 09:32:55  INFO      TradingGraph: Fusing timeframe signals
2026-04-01 09:32:55  INFO      TradingGraph: Fusion: L=-0.364(csns=1.00), M=0.004(csns=0.67), S=-0.098(csns=0.71), align_str=0.000
2026-04-01 09:32:55  INFO      TradingGraph: Running agents for EURCHF
2026-04-01 09:32:55  INFO      TradingGraph: Completed 15 agents
2026-04-01 09:32:55  INFO      TradingGraph: Fusing timeframe signals
2026-04-01 09:32:55  INFO      TradingGraph: Fusion: L=-0.364(csns=1.00), M=0.004(csns=0.67), S=-0.098(csns=0.71), align_str=0.000
2026-04-01 09:32:55  INFO      TradingGraph: Aligned [counter-trend-scalp] (bullish) — proceeding [L=-0.304 M=0.581 S=0.177 breadth=-0.124]
2026-04-01 09:32:55  INFO      TradingGraph: Generating trading recipe
2026-04-01 09:32:55  INFO      TradingGraph: Generated recipe: RISKY_LONG_COUNTER_TREND_SCALP_EURUSD
2026-04-01 09:32:55  INFO      TradingGraph: Position already open for EURUSD — entry_type=counter-trend-scalp (needs full-alignment)
2026-04-01 09:32:55  INFO      TradingRunner: Analysing GBPUSD …
2026-04-01 09:32:55  INFO      TradingGraph: Running agents for GBPUSD
2026-04-01 09:32:55  INFO      TradingGraph: Completed 15 agents
2026-04-01 09:32:55  INFO      TradingGraph: Fusing timeframe signals
2026-04-01 09:32:55  INFO      TradingGraph: Fusion: L=-0.575(csns=1.00), M=0.510(csns=1.00), S=0.166(csns=0.83), align_str=0.000
2026-04-01 09:32:55  INFO      TradingGraph: Aligned [counter-trend-scalp] (bullish) — proceeding [L=-0.575 M=0.510 S=0.166 breadth=-0.124]
2026-04-01 09:32:55  INFO      TradingGraph: Generating trading recipe
2026-04-01 09:32:55  INFO      TradingGraph: Generated recipe: RISKY_LONG_COUNTER_TREND_SCALP_GBPUSD
2026-04-01 09:32:55  INFO      TradingGraph: Position already open for GBPUSD — entry_type=counter-trend-scalp (needs full-alignment)
2026-04-01 09:32:55  INFO      TradingRunner: Analysing USDJPY …
2026-04-01 09:32:55  INFO      TradingGraph: Running agents for USDJPY
2026-04-01 09:32:55  INFO      TradingGraph: Completed 15 agents
2026-04-01 09:32:55  INFO      TradingGraph: Fusing timeframe signals
2026-04-01 09:32:55  INFO      TradingGraph: Fusion: L=0.226(csns=0.33), M=-0.540(csns=1.00), S=-0.094(csns=0.71), align_str=0.000
2026-04-01 09:32:55  INFO      TradingGraph: Timeframes not aligned — stopping (L=0.226 M=-0.540 S=-0.094)
2026-04-01 09:32:55  INFO      TradingRunner: Analysing USDCHF …
2026-04-01 09:32:55  INFO      TradingGraph: Running agents for USDCHF
2026-04-01 09:32:55  INFO      TradingGraph: Completed 15 agents
2026-04-01 09:32:55  INFO      TradingGraph: Fusing timeframe signals
2026-04-01 09:32:55  INFO      TradingGraph: Fusion: L=0.534(csns=1.00), M=-0.623(csns=1.00), S=-0.126(csns=0.71), align_str=0.000
2026-04-01 09:32:55  INFO      TradingGraph: Timeframes not aligned — stopping (L=0.534 M=-0.623 S=-0.126)
2026-04-01 09:32:56  INFO      TradingRunner: Analysing AUDUSD …
2026-04-01 09:32:56  INFO      TradingGraph: Running agents for AUDUSD
2026-04-01 09:32:56  INFO      TradingGraph: Completed 15 agents
2026-04-01 09:32:56  INFO      TradingGraph: Fusing timeframe signals
2026-04-01 09:32:56  INFO      TradingGraph: Fusion: L=0.015(csns=1.00), M=0.517(csns=1.00), S=0.357(csns=0.71), align_str=0.141
2026-04-01 09:32:56  INFO      TradingGraph: Timeframes not aligned — stopping (L=0.015 M=0.517 S=0.357)
2026-04-01 09:32:56  INFO      TradingRunner: Analysing USDCAD …
2026-04-01 09:32:56  INFO      TradingGraph: Running agents for USDCAD
2026-04-01 09:32:56  INFO      TradingGraph: Completed 15 agents
2026-04-01 09:32:56  INFO      TradingGraph: Fusing timeframe signals
2026-04-01 09:32:56  INFO      TradingGraph: Fusion: L=0.365(csns=0.67), M=-0.187(csns=1.00), S=-0.234(csns=1.00), align_str=0.000
2026-04-01 09:32:56  INFO      TradingGraph: Timeframes not aligned — stopping (L=0.365 M=-0.187 S=-0.234)
2026-04-01 09:32:56  INFO      TradingRunner: Analysing US30 …
2026-04-01 09:32:56  INFO      TradingGraph: Running agents for US30
2026-04-01 09:32:56  INFO      TradingGraph: Completed 15 agents
2026-04-01 09:32:56  INFO      TradingGraph: Fusing timeframe signals
2026-04-01 09:32:56  INFO      TradingGraph: Fusion: L=-0.373(csns=1.00), M=0.460(csns=1.00), S=0.296(csns=0.80), align_str=0.000
2026-04-01 09:32:56  INFO      TradingGraph: Aligned [counter-trend-scalp] (bullish) — proceeding [L=-0.373 M=0.460 S=0.296 breadth=-0.124]
2026-04-01 09:32:56  INFO      TradingGraph: Generating trading recipe
2026-04-01 09:32:56  INFO      TradingGraph: Generated recipe: RISKY_LONG_COUNTER_TREND_SCALP_US30
2026-04-01 09:32:56  INFO      TradingGraph: Risk check passed
2026-04-01 09:32:56  INFO      TradingGraph: Creating trade plan
2026-04-01 09:32:56  INFO      TradingGraph: Confidence sizing [US30]: conf=0.566 → ×0.77 (risk=$0.85)
2026-04-01 09:32:56  INFO      TradingGraph: Structure SL/TP [US30] entry=46615.50000 sl=45868.19353 (2.15×ATR) tp=47889.86667 (R:R=1.71)
2026-04-01 09:32:56  INFO      TradingGraph: Created trade plan: entry=46615.5000, sl=45868.1900, tp=47889.8700
2026-04-01 09:32:56  INFO      TradingGraph: Executing trade for US30
2026-04-01 09:32:56  WARNING   MT5Executor: US30: trading disabled on this symbol (trade_mode=0 — may be outside market hours or broker restriction). Skipping.
2026-04-01 09:32:56  INFO      TradingGraph: Order not placed for US30 (executor returned None — see executor log for reason)
2026-04-01 09:32:56  INFO      TradingRunner: Analysing US500 …
2026-04-01 09:32:56  INFO      TradingGraph: Running agents for US500
2026-04-01 09:32:56  INFO      TradingGraph: Completed 15 agents
2026-04-01 09:32:56  INFO      TradingGraph: Fusing timeframe signals
2026-04-01 09:32:56  INFO      TradingGraph: Fusion: L=-0.414(csns=1.00), M=0.463(csns=1.00), S=0.324(csns=0.80), align_str=0.000
2026-04-01 09:32:56  INFO      TradingGraph: Aligned [counter-trend-scalp] (bullish) — proceeding [L=-0.414 M=0.463 S=0.324 breadth=-0.124]
2026-04-01 09:32:56  INFO      TradingGraph: Generating trading recipe
2026-04-01 09:32:56  INFO      TradingGraph: Generated recipe: RISKY_LONG_COUNTER_TREND_SCALP_US500
2026-04-01 09:32:56  INFO      TradingGraph: Risk check passed
2026-04-01 09:32:56  INFO      TradingGraph: Creating trade plan
2026-04-01 09:32:56  INFO      TradingGraph: Confidence sizing [US500]: conf=0.509 → ×0.69 (risk=$0.76)
2026-04-01 09:32:56  INFO      TradingGraph: Structure SL/TP [US500] entry=6572.50000 sl=6477.91551 (1.87×ATR) tp=6670.33333 (R:R=1.03)
2026-04-01 09:32:56  INFO      TradingGraph: Created trade plan: entry=6572.5000, sl=6477.9200, tp=6714.3800
2026-04-01 09:32:56  INFO      TradingGraph: Executing trade for US500
2026-04-01 09:32:56  WARNING   MT5Executor: US500: trading disabled on this symbol (trade_mode=0 — may be outside market hours or broker restriction). Skipping.
2026-04-01 09:32:56  INFO      TradingGraph: Order not placed for US500 (executor returned None — see executor log for reason)
2026-04-01 09:32:56  INFO      TradingRunner: Analysing USTEC …
2026-04-01 09:32:56  INFO      TradingGraph: Running agents for USTEC
2026-04-01 09:32:56  INFO      TradingGraph: Completed 15 agents
2026-04-01 09:32:56  INFO      TradingGraph: Fusing timeframe signals
2026-04-01 09:32:56  INFO      TradingGraph: Fusion: L=-0.430(csns=1.00), M=0.486(csns=1.00), S=0.334(csns=0.80), align_str=0.000
2026-04-01 09:32:56  INFO      TradingGraph: Aligned [counter-trend-scalp] (bullish) — proceeding [L=-0.430 M=0.486 S=0.334 breadth=-0.124]
2026-04-01 09:32:56  INFO      TradingGraph: Generating trading recipe
2026-04-01 09:32:56  INFO      TradingGraph: Generated recipe: RISKY_LONG_COUNTER_TREND_SCALP_USTEC
2026-04-01 09:32:56  INFO      TradingGraph: Risk check passed
2026-04-01 09:32:56  INFO      TradingGraph: Creating trade plan
2026-04-01 09:32:56  INFO      TradingGraph: Confidence sizing [USTEC]: conf=0.494 → ×0.66 (risk=$0.73)
2026-04-01 09:32:56  INFO      TradingGraph: Structure SL/TP [USTEC] entry=23967.20000 sl=23557.26822 (1.90×ATR) tp=25157.13333 (R:R=2.90)
2026-04-01 09:32:56  INFO      TradingGraph: Created trade plan: entry=23967.2000, sl=23557.2700, tp=25157.1300
2026-04-01 09:32:56  INFO      TradingGraph: Executing trade for USTEC
2026-04-01 09:32:56  WARNING   MT5Executor: USTEC: trading disabled on this symbol (trade_mode=0 — may be outside market hours or broker restriction). Skipping.
2026-04-01 09:32:56  INFO      TradingGraph: Order not placed for USTEC (executor returned None — see executor log for reason)
2026-04-01 09:32:56  INFO      TradingRunner: Analysing DAX …
2026-04-01 09:32:56  INFO      TradingGraph: Running agents for DAX
2026-04-01 09:32:56  INFO      TradingGraph: Completed 15 agents
2026-04-01 09:32:56  INFO      TradingGraph: Fusing timeframe signals
2026-04-01 09:32:56  INFO      TradingGraph: Fusion: L=-0.069(csns=1.00), M=0.189(csns=0.50), S=0.242(csns=0.71), align_str=0.000
2026-04-01 09:32:56  INFO      TradingGraph: Timeframes not aligned — stopping (L=-0.069 M=0.189 S=0.242)
2026-04-01 09:32:56  INFO      TradingRunner: Analysing UK100 …
2026-04-01 09:32:56  INFO      TradingGraph: Running agents for UK100
2026-04-01 09:32:56  INFO      TradingGraph: Completed 15 agents
2026-04-01 09:32:56  INFO      TradingGraph: Fusing timeframe signals
2026-04-01 09:32:56  INFO      TradingGraph: Fusion: L=0.173(csns=1.00), M=0.478(csns=1.00), S=0.366(csns=0.80), align_str=0.311
2026-04-01 09:32:56  INFO      TradingGraph: Timeframes not aligned — stopping (L=0.173 M=0.478 S=0.366)
2026-04-01 09:32:56  INFO      TradingRunner: Analysing EURJPY …
2026-04-01 09:32:56  INFO      TradingGraph: Running agents for EURJPY
2026-04-01 09:32:56  INFO      TradingGraph: Completed 15 agents
2026-04-01 09:32:56  INFO      TradingGraph: Fusing timeframe signals
2026-04-01 09:32:56  INFO      TradingGraph: Fusion: L=-0.075(csns=0.50), M=0.184(csns=1.00), S=-0.107(csns=0.60), align_str=0.000
2026-04-01 09:32:56  INFO      TradingGraph: Timeframes not aligned — stopping (L=-0.075 M=0.184 S=-0.107)
2026-04-01 09:32:56  INFO      TradingRunner: Analysing GBPJPY …
2026-04-01 09:32:56  INFO      TradingGraph: Running agents for GBPJPY
2026-04-01 09:32:56  INFO      TradingGraph: Completed 15 agents
2026-04-01 09:32:56  INFO      TradingGraph: Fusing timeframe signals
2026-04-01 09:32:56  INFO      TradingGraph: Fusion: L=0.042(csns=0.50), M=-0.007(csns=0.50), S=0.036(csns=0.50), align_str=0.000
2026-04-01 09:32:56  INFO      TradingGraph: Timeframes not aligned — stopping (L=0.042 M=-0.007 S=0.036)
2026-04-01 09:32:56  INFO      TradingRunner: Analysing AUDJPY …
2026-04-01 09:32:56  INFO      TradingGraph: Running agents for AUDJPY
2026-04-01 09:32:56  INFO      TradingGraph: Completed 15 agents
2026-04-01 09:32:56  INFO      TradingGraph: Fusing timeframe signals
2026-04-01 09:32:56  INFO      TradingGraph: Fusion: L=0.489(csns=1.00), M=0.283(csns=1.00), S=0.287(csns=0.83), align_str=0.341
2026-04-01 09:32:56  INFO      TradingGraph: Aligned [full-alignment] (bullish) — proceeding [L=0.489 M=0.283 S=0.287 breadth=-0.124]
2026-04-01 09:32:56  INFO      TradingGraph: Generating trading recipe
2026-04-01 09:32:56  INFO      TradingGraph: Generated recipe: RISKY_LONG_FULL_ALIGNMENT_AUDJPY
2026-04-01 09:32:56  INFO      TradingGraph: Correlation guard: 3/3 short_jpy positions already open — refusing AUDJPY BUY
2026-04-01 09:32:56  INFO      TradingRunner: Analysing EURGBP …
2026-04-01 09:32:56  INFO      TradingGraph: Running agents for EURGBP
2026-04-01 09:32:56  INFO      TradingGraph: Completed 15 agents
2026-04-01 09:32:56  INFO      TradingGraph: Fusing timeframe signals
2026-04-01 09:32:56  INFO      TradingGraph: Fusion: L=0.177(csns=1.00), M=0.220(csns=1.00), S=0.048(csns=0.17), align_str=0.123
2026-04-01 09:32:56  INFO      TradingGraph: Timeframes not aligned — stopping (L=0.177 M=0.220 S=0.048)
2026-04-01 09:32:56  INFO      TradingRunner: Analysing CHFJPY …
2026-04-01 09:32:56  INFO      TradingGraph: Running agents for CHFJPY
2026-04-01 09:32:57  INFO      TradingGraph: Completed 15 agents
2026-04-01 09:32:57  INFO      TradingGraph: Fusing timeframe signals
2026-04-01 09:32:57  INFO      TradingGraph: Fusion: L=0.325(csns=0.50), M=0.124(csns=1.00), S=0.242(csns=0.67), align_str=0.213
2026-04-01 09:32:57  INFO      TradingGraph: Aligned [full-alignment] (bullish) — proceeding [L=0.325 M=0.124 S=0.242 breadth=-0.124]
2026-04-01 09:32:57  INFO      TradingGraph: Generating trading recipe
2026-04-01 09:32:57  INFO      TradingGraph: Generated recipe: RISKY_LONG_FULL_ALIGNMENT_CHFJPY
2026-04-01 09:32:57  INFO      TradingGraph: Correlation guard: 3/3 short_jpy positions already open — refusing CHFJPY BUY
2026-04-01 09:32:57  INFO      TradingRunner: Analysing XAGUSD …
2026-04-01 09:32:57  INFO      TradingGraph: Running agents for XAGUSD
2026-04-01 09:32:57  INFO      TradingGraph: Completed 15 agents
2026-04-01 09:32:57  INFO      TradingGraph: Fusing timeframe signals
2026-04-01 09:32:57  INFO      TradingGraph: Fusion: L=-0.200(csns=0.50), M=0.338(csns=1.00), S=0.235(csns=0.75), align_str=0.000
2026-04-01 09:32:57  INFO      TradingGraph: Timeframes not aligned — stopping (L=-0.200 M=0.338 S=0.235)
2026-04-01 09:32:57  INFO      TradingRunner: PnL — unrealized: -2.60  realized today: +0.04  total: -2.56
2026-04-01 09:32:57  INFO      TradingRunner: Signal cycle done in 10.7s — sleeping 289s
2026-04-01 09:33:48  INFO      TrailingStopManager: [STALE-SL] SELL GBPUSD #56029942781: SL 1.32913→1.32550 (held 6.1h, cap=0.44R, progress=1%)
2026-04-01 09:33:48  WARNING   MT5Executor: SL modification failed: retcode=10016 — original SL still active
2026-04-01 09:33:49  INFO      TradingGraph: Running agents for GBPUSD
2026-04-01 09:33:49  INFO      TradingGraph: Completed 15 agents
2026-04-01 09:33:49  INFO      TradingGraph: Fusing timeframe signals
2026-04-01 09:33:49  INFO      TradingGraph: Fusion: L=-0.575(csns=1.00), M=0.507(csns=1.00), S=0.174(csns=0.83), align_str=0.000
2026-04-01 09:33:49  INFO      TradingGraph: Running agents for AUDJPY
2026-04-01 09:33:49  INFO      TradingGraph: Completed 15 agents
2026-04-01 09:33:49  INFO      TradingGraph: Fusing timeframe signals
2026-04-01 09:33:49  INFO      TradingGraph: Fusion: L=0.534(csns=1.00), M=0.296(csns=1.00), S=0.274(csns=0.83), align_str=0.351
2026-04-01 09:33:50  INFO      TradingGraph: Running agents for EURGBP
2026-04-01 09:33:50  INFO      TradingGraph: Completed 15 agents
2026-04-01 09:33:50  INFO      TradingGraph: Fusing timeframe signals
2026-04-01 09:33:50  INFO      TradingGraph: Fusion: L=0.176(csns=1.00), M=0.211(csns=1.00), S=0.034(csns=0.29), align_str=0.108
2026-04-01 09:33:50  INFO      TradingGraph: Running agents for AUDJPY
2026-04-01 09:33:50  INFO      TradingGraph: Completed 15 agents
2026-04-01 09:33:50  INFO      TradingGraph: Fusing timeframe signals
2026-04-01 09:33:50  INFO      TradingGraph: Fusion: L=0.491(csns=1.00), M=0.295(csns=1.00), S=0.284(csns=0.83), align_str=0.345
2026-04-01 09:33:51  INFO      TradingGraph: Running agents for EURUSD
2026-04-01 09:33:51  INFO      TradingGraph: Completed 15 agents
2026-04-01 09:33:51  INFO      TradingGraph: Fusing timeframe signals
2026-04-01 09:33:51  INFO      TradingGraph: Fusion: L=-0.305(csns=0.50), M=0.592(csns=1.00), S=0.173(csns=0.83), align_str=0.000
2026-04-01 09:33:51  INFO      TradingGraph: Running agents for XAGUSD
2026-04-01 09:33:51  INFO      TradingGraph: Completed 15 agents
2026-04-01 09:33:51  INFO      TradingGraph: Fusing timeframe signals
2026-04-01 09:33:51  INFO      TradingGraph: Fusion: L=-0.200(csns=0.50), M=0.342(csns=1.00), S=0.260(csns=0.83), align_str=0.000
2026-04-01 09:33:51  INFO      TradingGraph: Running agents for AUDJPY
2026-04-01 09:33:51  INFO      TradingGraph: Completed 15 agents
2026-04-01 09:33:51  INFO      TradingGraph: Fusing timeframe signals
2026-04-01 09:33:51  INFO      TradingGraph: Fusion: L=0.534(csns=1.00), M=0.296(csns=1.00), S=0.274(csns=0.83), align_str=0.351
2026-04-01 09:33:52  INFO      TradingGraph: Running agents for EURCHF
2026-04-01 09:33:52  INFO      TradingGraph: Completed 15 agents
2026-04-01 09:33:52  INFO      TradingGraph: Fusing timeframe signals
2026-04-01 09:33:52  INFO      TradingGraph: Fusion: L=-0.364(csns=1.00), M=-0.005(csns=0.33), S=-0.098(csns=0.71), align_str=0.057
2026-04-01 09:33:52  INFO      TradingGraph: Running agents for EURCHF
2026-04-01 09:33:52  INFO      TradingGraph: Completed 15 agents
2026-04-01 09:33:52  INFO      TradingGraph: Fusing timeframe signals
2026-04-01 09:33:52  INFO      TradingGraph: Fusion: L=-0.364(csns=1.00), M=0.002(csns=0.67), S=-0.098(csns=0.71), align_str=0.000
2026-04-01 09:34:43  INFO      TradingRunner: [WATCHDOG] alive | equity=127.62 | cycle=19 | profile=risky
2026-04-01 09:34:48  INFO      TrailingStopManager: [STALE-SL] SELL GBPUSD #56029942781: SL 1.32913→1.32550 (held 6.1h, cap=0.44R, progress=1%)
2026-04-01 09:34:48  WARNING   MT5Executor: SL modification failed: retcode=10016 — original SL still active
2026-04-01 09:34:49  INFO      TradingGraph: Running agents for GBPUSD
2026-04-01 09:34:49  INFO      TradingGraph: Completed 15 agents
2026-04-01 09:34:49  INFO      TradingGraph: Fusing timeframe signals
2026-04-01 09:34:49  INFO      TradingGraph: Fusion: L=-0.575(csns=1.00), M=0.501(csns=1.00), S=0.174(csns=0.83), align_str=0.000
2026-04-01 09:34:49  INFO      TradingGraph: Running agents for AUDJPY
2026-04-01 09:34:49  INFO      TradingGraph: Completed 15 agents
2026-04-01 09:34:49  INFO      TradingGraph: Fusing timeframe signals
2026-04-01 09:34:49  INFO      TradingGraph: Fusion: L=0.490(csns=1.00), M=0.287(csns=1.00), S=0.292(csns=0.83), align_str=0.345
2026-04-01 09:34:50  INFO      TradingGraph: Running agents for EURGBP
2026-04-01 09:34:50  INFO      TradingGraph: Completed 15 agents
2026-04-01 09:34:50  INFO      TradingGraph: Fusing timeframe signals
2026-04-01 09:34:50  INFO      TradingGraph: Fusion: L=0.177(csns=1.00), M=0.216(csns=1.00), S=0.041(csns=0.17), align_str=0.117
2026-04-01 09:34:50  INFO      TradingGraph: Running agents for AUDJPY
2026-04-01 09:34:50  INFO      TradingGraph: Completed 15 agents
2026-04-01 09:34:50  INFO      TradingGraph: Fusing timeframe signals
2026-04-01 09:34:50  INFO      TradingGraph: Fusion: L=0.490(csns=1.00), M=0.288(csns=1.00), S=0.293(csns=0.83), align_str=0.346
2026-04-01 09:34:50  INFO      TradingGraph: Running agents for EURUSD
2026-04-01 09:34:50  INFO      TradingGraph: Completed 15 agents
2026-04-01 09:34:50  INFO      TradingGraph: Fusing timeframe signals
2026-04-01 09:34:50  INFO      TradingGraph: Fusion: L=-0.304(csns=0.50), M=0.589(csns=1.00), S=0.179(csns=0.83), align_str=0.000
2026-04-01 09:34:51  INFO      TradingGraph: Running agents for XAGUSD
2026-04-01 09:34:51  INFO      TradingGraph: Completed 15 agents
2026-04-01 09:34:51  INFO      TradingGraph: Fusing timeframe signals
2026-04-01 09:34:51  INFO      TradingGraph: Fusion: L=-0.200(csns=0.50), M=0.337(csns=1.00), S=0.237(csns=0.75), align_str=0.000
2026-04-01 09:34:51  INFO      TradingGraph: Running agents for AUDJPY
2026-04-01 09:34:51  INFO      TradingGraph: Completed 15 agents
2026-04-01 09:34:51  INFO      TradingGraph: Fusing timeframe signals
2026-04-01 09:34:51  INFO      TradingGraph: Fusion: L=0.490(csns=1.00), M=0.286(csns=1.00), S=0.292(csns=0.83), align_str=0.344
2026-04-01 09:34:51  INFO      TradingGraph: Running agents for EURCHF
2026-04-01 09:34:52  INFO      TradingGraph: Completed 15 agents
2026-04-01 09:34:52  INFO      TradingGraph: Fusing timeframe signals
2026-04-01 09:34:52  INFO      TradingGraph: Fusion: L=-0.364(csns=1.00), M=0.004(csns=0.67), S=-0.098(csns=0.71), align_str=0.000
2026-04-01 09:34:52  INFO      TradingGraph: Running agents for EURCHF
2026-04-01 09:34:52  INFO      TradingGraph: Completed 15 agents
2026-04-01 09:34:52  INFO      TradingGraph: Fusing timeframe signals
2026-04-01 09:34:52  INFO      TradingGraph: Fusion: L=-0.364(csns=1.00), M=0.003(csns=0.67), S=-0.098(csns=0.71), align_str=0.000
2026-04-01 09:35:48  INFO      TrailingStopManager: [STALE-SL] SELL GBPUSD #56029942781: SL 1.32913→1.32550 (held 6.1h, cap=0.44R, progress=1%)
2026-04-01 09:35:48  WARNING   MT5Executor: SL modification failed: retcode=10016 — original SL still active
2026-04-01 09:35:49  INFO      TradingGraph: Running agents for GBPUSD
2026-04-01 09:35:49  INFO      TradingGraph: Completed 15 agents
2026-04-01 09:35:49  INFO      TradingGraph: Fusing timeframe signals
2026-04-01 09:35:49  INFO      TradingGraph: Fusion: L=-0.575(csns=1.00), M=0.489(csns=1.00), S=0.172(csns=0.83), align_str=0.000
2026-04-01 09:35:49  INFO      TradingGraph: Running agents for AUDJPY
2026-04-01 09:35:49  INFO      TradingGraph: Completed 15 agents
2026-04-01 09:35:49  INFO      TradingGraph: Fusing timeframe signals
2026-04-01 09:35:49  INFO      TradingGraph: Fusion: L=0.490(csns=1.00), M=0.289(csns=1.00), S=0.293(csns=0.83), align_str=0.347
2026-04-01 09:35:49  INFO      TradingGraph: Running agents for EURGBP
2026-04-01 09:35:49  INFO      TradingGraph: Completed 15 agents
2026-04-01 09:35:49  INFO      TradingGraph: Fusing timeframe signals
2026-04-01 09:35:49  INFO      TradingGraph: Fusion: L=0.177(csns=1.00), M=0.213(csns=1.00), S=0.036(csns=0.17), align_str=0.111
2026-04-01 09:35:50  INFO      TradingGraph: Running agents for AUDJPY
2026-04-01 09:35:50  INFO      TradingGraph: Completed 15 agents
2026-04-01 09:35:50  INFO      TradingGraph: Fusing timeframe signals
2026-04-01 09:35:50  INFO      TradingGraph: Fusion: L=0.490(csns=1.00), M=0.289(csns=1.00), S=0.293(csns=0.83), align_str=0.347
2026-04-01 09:35:50  INFO      TradingGraph: Running agents for EURUSD
2026-04-01 09:35:50  INFO      TradingGraph: Completed 15 agents
2026-04-01 09:35:50  INFO      TradingGraph: Fusing timeframe signals
2026-04-01 09:35:50  INFO      TradingGraph: Fusion: L=-0.304(csns=0.50), M=0.515(csns=1.00), S=0.184(csns=0.83), align_str=0.000
2026-04-01 09:35:50  INFO      TradingGraph: Running agents for XAGUSD
2026-04-01 09:35:50  INFO      TradingGraph: Completed 15 agents
2026-04-01 09:35:50  INFO      TradingGraph: Fusing timeframe signals
2026-04-01 09:35:50  INFO      TradingGraph: Fusion: L=-0.200(csns=0.50), M=0.337(csns=1.00), S=0.237(csns=0.75), align_str=0.000
2026-04-01 09:35:51  INFO      TradingGraph: Running agents for AUDJPY
2026-04-01 09:35:51  INFO      TradingGraph: Completed 15 agents
2026-04-01 09:35:51  INFO      TradingGraph: Fusing timeframe signals
2026-04-01 09:35:51  INFO      TradingGraph: Fusion: L=0.490(csns=1.00), M=0.289(csns=1.00), S=0.293(csns=0.83), align_str=0.346
2026-04-01 09:35:51  INFO      TradingGraph: Running agents for EURCHF
2026-04-01 09:35:51  INFO      TradingGraph: Completed 15 agents
2026-04-01 09:35:51  INFO      TradingGraph: Fusing timeframe signals
2026-04-01 09:35:51  INFO      TradingGraph: Fusion: L=-0.365(csns=1.00), M=-0.012(csns=0.33), S=-0.098(csns=0.71), align_str=0.075
2026-04-01 09:35:51  INFO      TradingGraph: Running agents for EURCHF
2026-04-01 09:35:51  INFO      TradingGraph: Completed 15 agents
2026-04-01 09:35:51  INFO      TradingGraph: Fusing timeframe signals
2026-04-01 09:35:51  INFO      TradingGraph: Fusion: L=-0.365(csns=1.00), M=-0.012(csns=0.33), S=-0.098(csns=0.71), align_str=0.075
2026-04-01 09:36:48  INFO      TrailingStopManager: [STALE-SL] SELL GBPUSD #56029942781: SL 1.32913→1.32553 (held 6.1h, cap=0.45R, progress=1%)
2026-04-01 09:36:48  WARNING   MT5Executor: SL modification failed: retcode=10016 — original SL still active
2026-04-01 09:36:49  INFO      TradingGraph: Running agents for GBPUSD
2026-04-01 09:36:49  INFO      TradingGraph: Completed 15 agents
2026-04-01 09:36:49  INFO      TradingGraph: Fusing timeframe signals
2026-04-01 09:36:49  INFO      TradingGraph: Fusion: L=-0.575(csns=1.00), M=0.468(csns=1.00), S=0.172(csns=0.83), align_str=0.000
2026-04-01 09:36:49  INFO      TradingGraph: Running agents for AUDJPY
2026-04-01 09:36:49  INFO      TradingGraph: Completed 15 agents
2026-04-01 09:36:49  INFO      TradingGraph: Fusing timeframe signals
2026-04-01 09:36:49  INFO      TradingGraph: Fusion: L=0.488(csns=1.00), M=0.273(csns=1.00), S=0.344(csns=0.83), align_str=0.358
2026-04-01 09:36:50  INFO      TradingGraph: Running agents for EURGBP
2026-04-01 09:36:50  INFO      TradingGraph: Completed 15 agents
2026-04-01 09:36:50  INFO      TradingGraph: Fusing timeframe signals
2026-04-01 09:36:50  INFO      TradingGraph: Fusion: L=0.179(csns=1.00), M=0.219(csns=1.00), S=0.046(csns=0.17), align_str=0.122
2026-04-01 09:36:50  INFO      TradingGraph: Running agents for AUDJPY
2026-04-01 09:36:50  INFO      TradingGraph: Completed 15 agents
2026-04-01 09:36:50  INFO      TradingGraph: Fusing timeframe signals
2026-04-01 09:36:50  INFO      TradingGraph: Fusion: L=0.488(csns=1.00), M=0.271(csns=1.00), S=0.344(csns=0.83), align_str=0.357
2026-04-01 09:36:50  INFO      TradingGraph: Running agents for EURUSD
2026-04-01 09:36:50  INFO      TradingGraph: Completed 15 agents
2026-04-01 09:36:50  INFO      TradingGraph: Fusing timeframe signals
2026-04-01 09:36:50  INFO      TradingGraph: Fusion: L=-0.304(csns=0.50), M=0.513(csns=1.00), S=0.183(csns=0.83), align_str=0.000
2026-04-01 09:36:51  INFO      TradingGraph: Running agents for XAGUSD
2026-04-01 09:36:51  INFO      TradingGraph: Completed 15 agents
2026-04-01 09:36:51  INFO      TradingGraph: Fusing timeframe signals
2026-04-01 09:36:51  INFO      TradingGraph: Fusion: L=-0.200(csns=0.50), M=0.340(csns=1.00), S=0.237(csns=0.75), align_str=0.000
2026-04-01 09:36:51  INFO      TradingGraph: Running agents for AUDJPY
2026-04-01 09:36:51  INFO      TradingGraph: Completed 15 agents
2026-04-01 09:36:51  INFO      TradingGraph: Fusing timeframe signals
2026-04-01 09:36:51  INFO      TradingGraph: Fusion: L=0.488(csns=1.00), M=0.271(csns=1.00), S=0.344(csns=0.83), align_str=0.357
2026-04-01 09:36:52  INFO      TradingGraph: Running agents for EURCHF
2026-04-01 09:36:52  INFO      TradingGraph: Completed 15 agents
2026-04-01 09:36:52  INFO      TradingGraph: Fusing timeframe signals
2026-04-01 09:36:52  INFO      TradingGraph: Fusion: L=-0.365(csns=1.00), M=-0.018(csns=0.33), S=-0.105(csns=0.71), align_str=0.088
2026-04-01 09:36:52  INFO      TradingGraph: Running agents for EURCHF
2026-04-01 09:36:52  INFO      TradingGraph: Completed 15 agents
2026-04-01 09:36:52  INFO      TradingGraph: Fusing timeframe signals
2026-04-01 09:36:52  INFO      TradingGraph: Fusion: L=-0.366(csns=1.00), M=-0.018(csns=0.33), S=-0.105(csns=0.71), align_str=0.088
2026-04-01 09:37:49  INFO      TrailingStopManager: [STALE-SL] SELL GBPUSD #56029942781: SL 1.32913→1.32553 (held 6.2h, cap=0.45R, progress=1%)
2026-04-01 09:37:49  WARNING   MT5Executor: SL modification failed: retcode=10016 — original SL still active
2026-04-01 09:37:50  INFO      TradingGraph: Running agents for GBPUSD
2026-04-01 09:37:50  INFO      TradingGraph: Completed 15 agents
2026-04-01 09:37:50  INFO      TradingGraph: Fusing timeframe signals
2026-04-01 09:37:50  INFO      TradingGraph: Fusion: L=-0.575(csns=1.00), M=0.500(csns=1.00), S=0.176(csns=0.83), align_str=0.000
2026-04-01 09:37:52  INFO      TradingGraph: Running agents for AUDJPY
2026-04-01 09:37:52  INFO      TradingGraph: Completed 15 agents
2026-04-01 09:37:52  INFO      TradingGraph: Fusing timeframe signals
2026-04-01 09:37:52  INFO      TradingGraph: Fusion: L=0.534(csns=1.00), M=0.296(csns=1.00), S=0.278(csns=0.83), align_str=0.353
2026-04-01 09:37:53  INFO      TradingGraph: Running agents for EURGBP
2026-04-01 09:37:53  INFO      TradingGraph: Completed 15 agents
2026-04-01 09:37:53  INFO      TradingGraph: Fusing timeframe signals
2026-04-01 09:37:53  INFO      TradingGraph: Fusion: L=0.178(csns=1.00), M=0.208(csns=1.00), S=0.032(csns=0.29), align_str=0.105
2026-04-01 09:37:54  INFO      TradingGraph: Running agents for AUDJPY
2026-04-01 09:37:54  INFO      TradingGraph: Completed 15 agents
2026-04-01 09:37:54  INFO      TradingGraph: Fusing timeframe signals
2026-04-01 09:37:54  INFO      TradingGraph: Fusion: L=0.534(csns=1.00), M=0.300(csns=1.00), S=0.279(csns=0.83), align_str=0.355
2026-04-01 09:37:54  INFO      TradingGraph: Running agents for EURUSD
2026-04-01 09:37:54  INFO      TradingRunner: Analysing EURUSD …
2026-04-01 09:37:54  INFO      TradingGraph: Running agents for EURUSD
2026-04-01 09:37:54  INFO      TradingGraph: Completed 15 agents
2026-04-01 09:37:54  INFO      TradingGraph: Fusing timeframe signals
2026-04-01 09:37:54  INFO      TradingGraph: Fusion: L=-0.305(csns=0.50), M=0.582(csns=1.00), S=0.185(csns=0.83), align_str=0.000
2026-04-01 09:37:55  INFO      TradingGraph: Running agents for XAGUSD
2026-04-01 09:37:55  INFO      TradingGraph: Completed 15 agents
2026-04-01 09:37:55  INFO      TradingGraph: Completed 15 agents
2026-04-01 09:37:55  INFO      TradingGraph: Fusing timeframe signals
2026-04-01 09:37:55  INFO      TradingGraph: Fusion: L=-0.202(csns=0.50), M=0.341(csns=1.00), S=0.260(csns=0.83), align_str=0.000
2026-04-01 09:37:55  INFO      TradingGraph: Running agents for AUDJPY
2026-04-01 09:37:55  INFO      TradingGraph: Completed 15 agents
2026-04-01 09:37:55  INFO      TradingGraph: Fusing timeframe signals
2026-04-01 09:37:55  INFO      TradingGraph: Fusion: L=0.534(csns=1.00), M=0.301(csns=1.00), S=0.280(csns=0.83), align_str=0.355
2026-04-01 09:37:55  INFO      TradingGraph: Running agents for EURCHF
2026-04-01 09:37:56  INFO      TradingGraph: Fusing timeframe signals
2026-04-01 09:37:56  INFO      TradingGraph: Fusion: L=-0.305(csns=0.50), M=0.580(csns=1.00), S=0.186(csns=0.83), align_str=0.000
2026-04-01 09:37:56  INFO      TradingGraph: Completed 15 agents
2026-04-01 09:37:56  INFO      TradingGraph: Fusing timeframe signals
2026-04-01 09:37:56  INFO      TradingGraph: Fusion: L=-0.365(csns=1.00), M=-0.018(csns=0.33), S=-0.105(csns=0.71), align_str=0.089
2026-04-01 09:37:56  INFO      TradingGraph: Running agents for EURCHF
2026-04-01 09:37:56  INFO      TradingGraph: Completed 15 agents
2026-04-01 09:37:56  INFO      TradingGraph: Fusing timeframe signals
2026-04-01 09:37:56  INFO      TradingGraph: Fusion: L=-0.365(csns=1.00), M=-0.019(csns=0.33), S=-0.105(csns=0.71), align_str=0.090
2026-04-01 09:37:56  INFO      TradingGraph: Aligned [counter-trend-scalp] (bullish) — proceeding [L=-0.305 M=0.580 S=0.186 breadth=-0.124]
2026-04-01 09:37:56  INFO      TradingGraph: Generating trading recipe
2026-04-01 09:37:56  INFO      TradingGraph: Generated recipe: RISKY_LONG_COUNTER_TREND_SCALP_EURUSD
2026-04-01 09:37:56  INFO      TradingGraph: Position already open for EURUSD — entry_type=counter-trend-scalp (needs full-alignment)
2026-04-01 09:37:56  INFO      TradingRunner: Analysing GBPUSD …
2026-04-01 09:37:56  INFO      TradingGraph: Running agents for GBPUSD
2026-04-01 09:37:56  INFO      TradingGraph: Completed 15 agents
2026-04-01 09:37:56  INFO      TradingGraph: Fusing timeframe signals
2026-04-01 09:37:56  INFO      TradingGraph: Fusion: L=-0.575(csns=1.00), M=0.498(csns=1.00), S=0.176(csns=0.83), align_str=0.000
2026-04-01 09:37:56  INFO      TradingGraph: Aligned [counter-trend-scalp] (bullish) — proceeding [L=-0.575 M=0.498 S=0.176 breadth=-0.124]
2026-04-01 09:37:56  INFO      TradingGraph: Generating trading recipe
2026-04-01 09:37:56  INFO      TradingGraph: Generated recipe: RISKY_LONG_COUNTER_TREND_SCALP_GBPUSD
2026-04-01 09:37:56  INFO      TradingGraph: Position already open for GBPUSD — entry_type=counter-trend-scalp (needs full-alignment)
2026-04-01 09:37:56  INFO      TradingRunner: Analysing USDJPY …
2026-04-01 09:37:56  INFO      TradingGraph: Running agents for USDJPY
2026-04-01 09:37:56  INFO      TradingGraph: Completed 15 agents
2026-04-01 09:37:56  INFO      TradingGraph: Fusing timeframe signals
2026-04-01 09:37:56  INFO      TradingGraph: Fusion: L=0.203(csns=0.33), M=-0.556(csns=1.00), S=-0.107(csns=0.71), align_str=0.000
2026-04-01 09:37:56  INFO      TradingGraph: Timeframes not aligned — stopping (L=0.203 M=-0.556 S=-0.107)
2026-04-01 09:37:56  INFO      TradingRunner: Analysing USDCHF …
2026-04-01 09:37:56  INFO      TradingGraph: Running agents for USDCHF
2026-04-01 09:37:56  INFO      TradingGraph: Completed 15 agents
2026-04-01 09:37:56  INFO      TradingGraph: Fusing timeframe signals
2026-04-01 09:37:56  INFO      TradingGraph: Fusion: L=0.534(csns=1.00), M=-0.654(csns=1.00), S=-0.138(csns=0.71), align_str=0.000
2026-04-01 09:37:56  INFO      TradingGraph: Timeframes not aligned — stopping (L=0.534 M=-0.654 S=-0.138)
2026-04-01 09:37:56  INFO      TradingRunner: Analysing AUDUSD …
2026-04-01 09:37:56  INFO      TradingGraph: Running agents for AUDUSD
2026-04-01 09:37:56  INFO      TradingGraph: Completed 15 agents
2026-04-01 09:37:56  INFO      TradingGraph: Fusing timeframe signals
2026-04-01 09:37:56  INFO      TradingGraph: Fusion: L=0.013(csns=1.00), M=0.524(csns=1.00), S=0.340(csns=0.71), align_str=0.132
2026-04-01 09:37:56  INFO      TradingGraph: Timeframes not aligned — stopping (L=0.013 M=0.524 S=0.340)
2026-04-01 09:37:56  INFO      TradingRunner: Analysing USDCAD …
2026-04-01 09:37:56  INFO      TradingGraph: Running agents for USDCAD
2026-04-01 09:37:56  INFO      TradingGraph: Completed 15 agents
2026-04-01 09:37:56  INFO      TradingGraph: Fusing timeframe signals
2026-04-01 09:37:56  INFO      TradingGraph: Fusion: L=0.366(csns=0.67), M=-0.236(csns=1.00), S=-0.246(csns=1.00), align_str=0.000
2026-04-01 09:37:56  INFO      TradingGraph: Timeframes not aligned — stopping (L=0.366 M=-0.236 S=-0.246)
2026-04-01 09:37:56  INFO      TradingRunner: Analysing US30 …
2026-04-01 09:37:56  INFO      TradingGraph: Running agents for US30
2026-04-01 09:37:57  INFO      TradingGraph: Completed 15 agents
2026-04-01 09:37:57  INFO      TradingGraph: Fusing timeframe signals
2026-04-01 09:37:57  INFO      TradingGraph: Fusion: L=-0.374(csns=1.00), M=0.492(csns=1.00), S=0.293(csns=0.80), align_str=0.000
2026-04-01 09:37:57  INFO      TradingGraph: Aligned [counter-trend-scalp] (bullish) — proceeding [L=-0.374 M=0.492 S=0.293 breadth=-0.124]
2026-04-01 09:37:57  INFO      TradingGraph: Generating trading recipe
2026-04-01 09:37:57  INFO      TradingGraph: Generated recipe: RISKY_LONG_COUNTER_TREND_SCALP_US30
2026-04-01 09:37:57  INFO      TradingGraph: Risk check passed
2026-04-01 09:37:57  INFO      TradingGraph: Creating trade plan
2026-04-01 09:37:57  INFO      TradingGraph: Confidence sizing [US30]: conf=0.567 → ×0.77 (risk=$0.86)
2026-04-01 09:37:57  INFO      TradingGraph: Structure SL/TP [US30] entry=46653.50000 sl=45868.19353 (2.25×ATR) tp=47889.86667 (R:R=1.57)
2026-04-01 09:37:57  INFO      TradingGraph: Created trade plan: entry=46653.5000, sl=45868.1900, tp=47889.8700
2026-04-01 09:37:57  INFO      TradingGraph: Executing trade for US30
2026-04-01 09:37:57  WARNING   MT5Executor: US30: trading disabled on this symbol (trade_mode=0 — may be outside market hours or broker restriction). Skipping.
2026-04-01 09:37:57  INFO      TradingGraph: Order not placed for US30 (executor returned None — see executor log for reason)
2026-04-01 09:37:57  INFO      TradingRunner: Analysing US500 …
2026-04-01 09:37:57  INFO      TradingGraph: Running agents for US500
2026-04-01 09:37:57  INFO      TradingGraph: Completed 15 agents
2026-04-01 09:37:57  INFO      TradingGraph: Fusing timeframe signals
2026-04-01 09:37:57  INFO      TradingGraph: Fusion: L=-0.415(csns=1.00), M=0.476(csns=1.00), S=0.300(csns=0.80), align_str=0.000
2026-04-01 09:37:57  INFO      TradingGraph: Aligned [counter-trend-scalp] (bullish) — proceeding [L=-0.415 M=0.476 S=0.300 breadth=-0.124]
2026-04-01 09:37:57  INFO      TradingGraph: Generating trading recipe
2026-04-01 09:37:57  INFO      TradingGraph: Generated recipe: RISKY_LONG_COUNTER_TREND_SCALP_US500
2026-04-01 09:37:57  INFO      TradingGraph: Risk check passed
2026-04-01 09:37:57  INFO      TradingGraph: Creating trade plan
2026-04-01 09:37:57  INFO      TradingGraph: Confidence sizing [US500]: conf=0.509 → ×0.69 (risk=$0.77)
2026-04-01 09:37:57  INFO      TradingGraph: Structure SL/TP [US500] entry=6577.50000 sl=6477.91551 (1.97×ATR) tp=6670.33333 (R:R=0.93)
2026-04-01 09:37:57  INFO      TradingGraph: Created trade plan: entry=6577.5000, sl=6477.9200, tp=6726.8800
2026-04-01 09:37:57  INFO      TradingGraph: Executing trade for US500
2026-04-01 09:37:57  WARNING   MT5Executor: US500: trading disabled on this symbol (trade_mode=0 — may be outside market hours or broker restriction). Skipping.
2026-04-01 09:37:57  INFO      TradingGraph: Order not placed for US500 (executor returned None — see executor log for reason)
2026-04-01 09:37:57  INFO      TradingRunner: Analysing USTEC …
2026-04-01 09:37:57  INFO      TradingGraph: Running agents for USTEC
2026-04-01 09:37:57  INFO      TradingGraph: Completed 15 agents
2026-04-01 09:37:57  INFO      TradingGraph: Fusing timeframe signals
2026-04-01 09:37:57  INFO      TradingGraph: Fusion: L=-0.430(csns=1.00), M=0.535(csns=1.00), S=0.327(csns=0.80), align_str=0.000
2026-04-01 09:37:57  INFO      TradingGraph: Aligned [counter-trend-scalp] (bullish) — proceeding [L=-0.430 M=0.535 S=0.327 breadth=-0.124]
2026-04-01 09:37:57  INFO      TradingGraph: Generating trading recipe
2026-04-01 09:37:57  INFO      TradingGraph: Generated recipe: RISKY_LONG_COUNTER_TREND_SCALP_USTEC
2026-04-01 09:37:57  INFO      TradingGraph: Risk check passed
2026-04-01 09:37:57  INFO      TradingGraph: Creating trade plan
2026-04-01 09:37:57  INFO      TradingGraph: Confidence sizing [USTEC]: conf=0.494 → ×0.66 (risk=$0.74)
2026-04-01 09:37:57  INFO      TradingGraph: Structure SL/TP [USTEC] entry=23991.40000 sl=23557.26822 (2.01×ATR) tp=25157.13333 (R:R=2.69)
2026-04-01 09:37:57  INFO      TradingGraph: Created trade plan: entry=23991.4000, sl=23557.2700, tp=25157.1300
2026-04-01 09:37:57  INFO      TradingGraph: Executing trade for USTEC
2026-04-01 09:37:57  WARNING   MT5Executor: USTEC: trading disabled on this symbol (trade_mode=0 — may be outside market hours or broker restriction). Skipping.
2026-04-01 09:37:57  INFO      TradingGraph: Order not placed for USTEC (executor returned None — see executor log for reason)
2026-04-01 09:37:57  INFO      TradingRunner: Analysing DAX …
2026-04-01 09:37:57  INFO      TradingGraph: Running agents for DAX
2026-04-01 09:37:57  INFO      TradingGraph: Completed 15 agents
2026-04-01 09:37:57  INFO      TradingGraph: Fusing timeframe signals
2026-04-01 09:37:57  INFO      TradingGraph: Fusion: L=-0.070(csns=1.00), M=0.189(csns=0.50), S=0.242(csns=0.71), align_str=0.000
2026-04-01 09:37:57  INFO      TradingGraph: Timeframes not aligned — stopping (L=-0.070 M=0.189 S=0.242)
2026-04-01 09:37:57  INFO      TradingRunner: Analysing UK100 …
2026-04-01 09:37:57  INFO      TradingGraph: Running agents for UK100
2026-04-01 09:37:57  INFO      TradingGraph: Completed 15 agents
2026-04-01 09:37:57  INFO      TradingGraph: Fusing timeframe signals
2026-04-01 09:37:57  INFO      TradingGraph: Fusion: L=0.174(csns=1.00), M=0.490(csns=1.00), S=0.379(csns=0.80), align_str=0.318
2026-04-01 09:37:57  INFO      TradingGraph: Timeframes not aligned — stopping (L=0.174 M=0.490 S=0.379)
2026-04-01 09:37:57  INFO      TradingRunner: Analysing EURJPY …
2026-04-01 09:37:57  INFO      TradingGraph: Running agents for EURJPY
2026-04-01 09:37:57  INFO      TradingGraph: Completed 15 agents
2026-04-01 09:37:57  INFO      TradingGraph: Fusing timeframe signals
2026-04-01 09:37:57  INFO      TradingGraph: Fusion: L=-0.075(csns=0.50), M=0.172(csns=1.00), S=-0.124(csns=0.75), align_str=0.000
2026-04-01 09:37:57  INFO      TradingGraph: Timeframes not aligned — stopping (L=-0.075 M=0.172 S=-0.124)
2026-04-01 09:37:57  INFO      TradingRunner: Analysing GBPJPY …
2026-04-01 09:37:57  INFO      TradingGraph: Running agents for GBPJPY
2026-04-01 09:37:57  INFO      TradingGraph: Completed 15 agents
2026-04-01 09:37:57  INFO      TradingGraph: Fusing timeframe signals
2026-04-01 09:37:57  INFO      TradingGraph: Fusion: L=0.042(csns=0.50), M=-0.016(csns=0.50), S=0.020(csns=0.40), align_str=0.000
2026-04-01 09:37:57  INFO      TradingGraph: Timeframes not aligned — stopping (L=0.042 M=-0.016 S=0.020)
2026-04-01 09:37:57  INFO      TradingRunner: Analysing AUDJPY …
2026-04-01 09:37:57  INFO      TradingGraph: Running agents for AUDJPY
2026-04-01 09:37:57  INFO      TradingGraph: Completed 15 agents
2026-04-01 09:37:57  INFO      TradingGraph: Fusing timeframe signals
2026-04-01 09:37:57  INFO      TradingGraph: Fusion: L=0.534(csns=1.00), M=0.299(csns=1.00), S=0.279(csns=0.83), align_str=0.354
2026-04-01 09:37:57  INFO      TradingGraph: Aligned [full-alignment] (bullish) — proceeding [L=0.534 M=0.299 S=0.279 breadth=-0.124]
2026-04-01 09:37:57  INFO      TradingGraph: Generating trading recipe
2026-04-01 09:37:57  INFO      TradingGraph: Generated recipe: RISKY_LONG_FULL_ALIGNMENT_AUDJPY
2026-04-01 09:37:57  INFO      TradingGraph: Correlation guard: 3/3 short_jpy positions already open — refusing AUDJPY BUY
2026-04-01 09:37:57  INFO      TradingRunner: Analysing EURGBP …
2026-04-01 09:37:57  INFO      TradingGraph: Running agents for EURGBP
2026-04-01 09:37:57  INFO      TradingGraph: Completed 15 agents
2026-04-01 09:37:57  INFO      TradingGraph: Fusing timeframe signals
2026-04-01 09:37:57  INFO      TradingGraph: Fusion: L=0.178(csns=1.00), M=0.208(csns=1.00), S=0.032(csns=0.29), align_str=0.105
2026-04-01 09:37:57  INFO      TradingGraph: Timeframes not aligned — stopping (L=0.178 M=0.208 S=0.032)
2026-04-01 09:37:57  INFO      TradingRunner: Analysing CHFJPY …
2026-04-01 09:37:57  INFO      TradingGraph: Running agents for CHFJPY
2026-04-01 09:37:57  INFO      TradingGraph: Completed 15 agents
2026-04-01 09:37:57  INFO      TradingGraph: Fusing timeframe signals
2026-04-01 09:37:57  INFO      TradingGraph: Fusion: L=0.325(csns=0.50), M=0.138(csns=1.00), S=0.239(csns=0.67), align_str=0.220
2026-04-01 09:37:57  INFO      TradingGraph: Aligned [full-alignment] (bullish) — proceeding [L=0.325 M=0.138 S=0.239 breadth=-0.124]
2026-04-01 09:37:57  INFO      TradingGraph: Generating trading recipe
2026-04-01 09:37:57  INFO      TradingGraph: Generated recipe: RISKY_LONG_FULL_ALIGNMENT_CHFJPY
2026-04-01 09:37:57  INFO      TradingGraph: Correlation guard: 3/3 short_jpy positions already open — refusing CHFJPY BUY
2026-04-01 09:37:57  INFO      TradingRunner: Analysing XAGUSD …
2026-04-01 09:37:57  INFO      TradingGraph: Running agents for XAGUSD
2026-04-01 09:37:58  INFO      TradingGraph: Completed 15 agents
2026-04-01 09:37:58  INFO      TradingGraph: Fusing timeframe signals
2026-04-01 09:37:58  INFO      TradingGraph: Fusion: L=-0.202(csns=0.50), M=0.341(csns=1.00), S=0.260(csns=0.83), align_str=0.000
2026-04-01 09:37:58  INFO      TradingGraph: Aligned [counter-trend-scalp] (bullish) — proceeding [L=-0.202 M=0.341 S=0.260 breadth=-0.124]
2026-04-01 09:37:58  INFO      TradingGraph: Generating trading recipe
2026-04-01 09:37:58  INFO      TradingGraph: Generated recipe: RISKY_LONG_COUNTER_TREND_SCALP_XAGUSD
2026-04-01 09:37:58  INFO      TradingGraph: Position already open for XAGUSD — entry_type=counter-trend-scalp (needs full-alignment)
2026-04-01 09:37:58  INFO      TradingRunner: PnL — unrealized: +1.00  realized today: +0.04  total: +1.04
2026-04-01 09:37:58  INFO      TradingRunner: Signal cycle done in 11.6s — sleeping 288s
2026-04-01 09:38:37  INFO      MT5Executor: Using mt5linux backend → localhost:18812
2026-04-01 09:38:37  INFO      MT5Executor: Connected to MT5: 5048478471 on MetaQuotes-Demo | balance=130.55 | trade_allowed=True
2026-04-01 09:38:37  INFO      root: Registered agent: RegimeAgent
2026-04-01 09:38:37  INFO      root: Registered agent: TrendAgent
2026-04-01 09:38:37  INFO      root: Registered agent: MomentumAgent
2026-04-01 09:38:37  INFO      root: Registered agent: MeanReversionAgent
2026-04-01 09:38:37  INFO      root: Registered agent: VolatilityAgent
2026-04-01 09:38:37  INFO      root: Registered agent: BreadthAgent
2026-04-01 09:38:37  INFO      root: Registered agent: PatternAgent
2026-04-01 09:38:37  INFO      root: Registered agent: IntermarketAgent
2026-04-01 09:38:37  INFO      root: Registered agent: SessionBreakoutAgent
2026-04-01 09:38:37  INFO      root: Registered agent: DivergenceAgent
2026-04-01 09:38:37  INFO      root: Registered agent: ScalpingAgent
2026-04-01 09:38:37  INFO      root: Registered agent: VwapScalpAgent
2026-04-01 09:38:37  INFO      root: Registered agent: SqueezeBreakoutAgent
2026-04-01 09:38:37  INFO      root: Registered agent: OrderFlowAgent
2026-04-01 09:38:37  INFO      root: Registered agent: CorrelationAgent
2026-04-01 09:38:37  INFO      TradingRunner: [State] Restored: daily_trades=6, cooldowns=8, sod_balance=125.52
2026-04-01 09:38:37  INFO      TradingRunner: TradingRunner started — symbols: ['EURUSD', 'GBPUSD', 'USDJPY', 'USDCHF', 'AUDUSD', 'USDCAD', 'NZDUSD', 'US30', 'US500', 'USTEC', 'DAX', 'UK100', 'EURJPY', 'GBPJPY', 'AUDJPY', 'EURGBP', 'EURCHF', 'CHFJPY', 'XAGUSD'] | profile: risky | signal: 300s | surveillance: 60s | watchdog: 90s
2026-04-01 09:38:37  INFO      numexpr.utils: Note: NumExpr detected 12 cores but "NUMEXPR_MAX_THREADS" not set, so enforcing safe limit of 8.
2026-04-01 09:38:37  INFO      numexpr.utils: NumExpr defaulting to 8 threads.
2026-04-01 09:38:39  INFO      TrailingStopManager: [STALE-SL] SELL GBPUSD #56029942781: SL 1.32913→1.32585 (held 6.2h, cap=0.50R, progress=1%)
2026-04-01 09:38:39  WARNING   MT5Executor: SL modification failed: retcode=10016 — original SL still active
2026-04-01 09:38:39  INFO      TrailingStopManager: [STALE-SL] BUY EURGBP #56030021656: SL 0.86786→0.87072 (held 6.0h, cap=0.50R, progress=0%)
2026-04-01 09:38:39  INFO      MT5Executor: SL modified for position 56030021656: 0.87072
2026-04-01 09:38:40  INFO      TradingGraph: Running agents for GBPUSD
2026-04-01 09:38:40  INFO      TradingGraph: Completed 15 agents
2026-04-01 09:38:40  INFO      TradingGraph: Fusing timeframe signals
2026-04-01 09:38:40  INFO      TradingGraph: Fusion: L=-0.575(csns=1.00), M=0.514(csns=1.00), S=0.177(csns=0.83), align_str=0.000
2026-04-01 09:38:41  INFO      TradingGraph: Running agents for AUDJPY
2026-04-01 09:38:41  INFO      TradingGraph: Completed 15 agents
2026-04-01 09:38:41  INFO      TradingGraph: Fusing timeframe signals
2026-04-01 09:38:41  INFO      TradingGraph: Fusion: L=0.536(csns=1.00), M=0.370(csns=1.00), S=0.205(csns=0.67), align_str=0.344
2026-04-01 09:38:41  INFO      TradingGraph: Running agents for EURGBP
2026-04-01 09:38:41  INFO      TradingGraph: Completed 15 agents
2026-04-01 09:38:41  INFO      TradingGraph: Fusing timeframe signals
2026-04-01 09:38:41  INFO      TradingGraph: Fusion: L=0.177(csns=1.00), M=0.199(csns=1.00), S=0.025(csns=0.29), align_str=0.096
2026-04-01 09:38:42  INFO      TradingGraph: Running agents for AUDJPY
2026-04-01 09:38:42  INFO      TradingGraph: Completed 15 agents
2026-04-01 09:38:42  INFO      TradingGraph: Fusing timeframe signals
2026-04-01 09:38:42  INFO      TradingGraph: Fusion: L=0.536(csns=1.00), M=0.370(csns=1.00), S=0.205(csns=0.67), align_str=0.344
2026-04-01 09:38:42  INFO      TradingGraph: Running agents for EURUSD
2026-04-01 09:38:42  INFO      TradingGraph: Completed 15 agents
2026-04-01 09:38:42  INFO      TradingGraph: Fusing timeframe signals
2026-04-01 09:38:42  INFO      TradingGraph: Fusion: L=-0.305(csns=0.50), M=0.596(csns=1.00), S=0.176(csns=0.83), align_str=0.000
2026-04-01 09:38:42  INFO      TradingGraph: Running agents for XAGUSD
2026-04-01 09:38:42  INFO      TradingGraph: Completed 15 agents
2026-04-01 09:38:42  INFO      TradingGraph: Fusing timeframe signals
2026-04-01 09:38:42  INFO      TradingGraph: Fusion: L=-0.202(csns=0.50), M=0.344(csns=1.00), S=0.309(csns=0.83), align_str=0.000
2026-04-01 09:38:43  INFO      TradingGraph: Running agents for AUDJPY
2026-04-01 09:38:43  INFO      TradingGraph: Completed 15 agents
2026-04-01 09:38:43  INFO      TradingGraph: Fusing timeframe signals
2026-04-01 09:38:43  INFO      TradingGraph: Fusion: L=0.536(csns=1.00), M=0.372(csns=1.00), S=0.205(csns=0.67), align_str=0.345
2026-04-01 09:38:43  INFO      TradingGraph: Running agents for EURCHF
2026-04-01 09:38:43  INFO      TradingGraph: Completed 15 agents
2026-04-01 09:38:43  INFO      TradingGraph: Fusing timeframe signals
2026-04-01 09:38:43  INFO      TradingGraph: Fusion: L=-0.366(csns=1.00), M=-0.024(csns=0.33), S=-0.104(csns=0.71), align_str=0.098
2026-04-01 09:38:43  INFO      TradingGraph: Running agents for EURCHF
2026-04-01 09:38:44  INFO      TradingGraph: Completed 15 agents
2026-04-01 09:38:44  INFO      TradingGraph: Fusing timeframe signals
2026-04-01 09:38:44  INFO      TradingGraph: Fusion: L=-0.366(csns=1.00), M=-0.024(csns=0.33), S=-0.104(csns=0.71), align_str=0.098
2026-04-01 09:38:47  INFO      TradingRunner: Analysing EURUSD …
2026-04-01 09:38:47  INFO      NewsCalendar: [NEWS] Loaded 12 high-impact events (source: ForexFactory)
2026-04-01 09:38:47  INFO      TradingGraph: Running agents for EURUSD
2026-04-01 09:38:47  INFO      TradingGraph: Completed 15 agents
2026-04-01 09:38:47  INFO      TradingGraph: Fusing timeframe signals
2026-04-01 09:38:47  INFO      TradingGraph: Fusion: L=-0.305(csns=0.50), M=0.593(csns=1.00), S=0.177(csns=0.83), align_str=0.000
2026-04-01 09:38:47  INFO      TradingGraph: Aligned [counter-trend-scalp] (bullish) — proceeding [L=-0.305 M=0.593 S=0.177 breadth=-0.124]
2026-04-01 09:38:47  INFO      TradingGraph: Generating trading recipe
2026-04-01 09:38:47  INFO      TradingGraph: Generated recipe: RISKY_LONG_COUNTER_TREND_SCALP_EURUSD
2026-04-01 09:38:47  INFO      TradingGraph: Position already open for EURUSD — entry_type=counter-trend-scalp (needs full-alignment)
2026-04-01 09:38:47  INFO      TradingRunner: Analysing GBPUSD …
2026-04-01 09:38:47  INFO      TradingGraph: Running agents for GBPUSD
2026-04-01 09:38:47  INFO      TradingGraph: Completed 15 agents
2026-04-01 09:38:47  INFO      TradingGraph: Fusing timeframe signals
2026-04-01 09:38:47  INFO      TradingGraph: Fusion: L=-0.575(csns=1.00), M=0.512(csns=1.00), S=0.177(csns=0.83), align_str=0.000
2026-04-01 09:38:47  INFO      TradingGraph: Aligned [counter-trend-scalp] (bullish) — proceeding [L=-0.575 M=0.512 S=0.177 breadth=-0.124]
2026-04-01 09:38:47  INFO      TradingGraph: Generating trading recipe
2026-04-01 09:38:47  INFO      TradingGraph: Generated recipe: RISKY_LONG_COUNTER_TREND_SCALP_GBPUSD
2026-04-01 09:38:47  INFO      TradingGraph: Position already open for GBPUSD — entry_type=counter-trend-scalp (needs full-alignment)
2026-04-01 09:38:47  INFO      TradingRunner: Analysing USDJPY …
2026-04-01 09:38:47  INFO      TradingGraph: Running agents for USDJPY
2026-04-01 09:38:47  INFO      TradingGraph: Completed 15 agents
2026-04-01 09:38:47  INFO      TradingGraph: Fusing timeframe signals
2026-04-01 09:38:47  INFO      TradingGraph: Fusion: L=0.203(csns=0.33), M=-0.525(csns=1.00), S=-0.113(csns=0.71), align_str=0.000
2026-04-01 09:38:47  INFO      TradingGraph: Timeframes not aligned — stopping (L=0.203 M=-0.525 S=-0.113)
2026-04-01 09:38:47  INFO      TradingRunner: Analysing USDCHF …
2026-04-01 09:38:47  INFO      TradingGraph: Running agents for USDCHF
2026-04-01 09:38:47  INFO      TradingGraph: Completed 15 agents
2026-04-01 09:38:47  INFO      TradingGraph: Fusing timeframe signals
2026-04-01 09:38:47  INFO      TradingGraph: Fusion: L=0.534(csns=1.00), M=-0.748(csns=1.00), S=-0.140(csns=0.71), align_str=0.000
2026-04-01 09:38:47  INFO      TradingGraph: Timeframes not aligned — stopping (L=0.534 M=-0.748 S=-0.140)
2026-04-01 09:38:47  INFO      TradingRunner: Analysing AUDUSD …
2026-04-01 09:38:47  INFO      TradingGraph: Running agents for AUDUSD
2026-04-01 09:38:48  INFO      TradingGraph: Completed 15 agents
2026-04-01 09:38:48  INFO      TradingGraph: Fusing timeframe signals
2026-04-01 09:38:48  INFO      TradingGraph: Fusion: L=0.014(csns=1.00), M=0.551(csns=1.00), S=0.344(csns=0.71), align_str=0.137
2026-04-01 09:38:48  INFO      TradingGraph: Timeframes not aligned — stopping (L=0.014 M=0.551 S=0.344)
2026-04-01 09:38:48  INFO      TradingRunner: Analysing USDCAD …
2026-04-01 09:38:48  INFO      TradingGraph: Running agents for USDCAD
2026-04-01 09:38:48  INFO      TradingGraph: Completed 15 agents
2026-04-01 09:38:48  INFO      TradingGraph: Fusing timeframe signals
2026-04-01 09:38:48  INFO      TradingGraph: Fusion: L=0.366(csns=0.67), M=-0.247(csns=1.00), S=-0.261(csns=1.00), align_str=0.000
2026-04-01 09:38:48  INFO      TradingGraph: Timeframes not aligned — stopping (L=0.366 M=-0.247 S=-0.261)
2026-04-01 09:38:48  INFO      TradingRunner: Analysing US30 …
2026-04-01 09:38:48  INFO      TradingGraph: Running agents for US30
2026-04-01 09:38:48  INFO      TradingGraph: Completed 15 agents
2026-04-01 09:38:48  INFO      TradingGraph: Fusing timeframe signals
2026-04-01 09:38:48  INFO      TradingGraph: Fusion: L=-0.374(csns=1.00), M=0.494(csns=1.00), S=0.302(csns=0.80), align_str=0.000
2026-04-01 09:38:48  INFO      TradingGraph: Aligned [counter-trend-scalp] (bullish) — proceeding [L=-0.374 M=0.494 S=0.302 breadth=-0.124]
2026-04-01 09:38:48  INFO      TradingGraph: Generating trading recipe
2026-04-01 09:38:48  INFO      TradingGraph: Generated recipe: RISKY_LONG_COUNTER_TREND_SCALP_US30
2026-04-01 09:38:48  INFO      TradingGraph: Risk check passed
2026-04-01 09:38:48  INFO      TradingGraph: Creating trade plan
2026-04-01 09:38:48  INFO      TradingGraph: Confidence sizing [US30]: conf=0.567 → ×0.77 (risk=$0.89)
2026-04-01 09:38:48  INFO      TradingGraph: Structure SL/TP [US30] entry=46656.00000 sl=45868.09532 (2.26×ATR) tp=47889.86667 (R:R=1.57)
2026-04-01 09:38:48  INFO      TradingGraph: Created trade plan: entry=46656.0000, sl=45868.1000, tp=47889.8700
2026-04-01 09:38:48  INFO      TradingGraph: Executing trade for US30
2026-04-01 09:38:48  WARNING   MT5Executor: US30: trading disabled on this symbol (trade_mode=0 — may be outside market hours or broker restriction). Skipping.
2026-04-01 09:38:48  INFO      TradingGraph: Order not placed for US30 (executor returned None — see executor log for reason)
2026-04-01 09:38:48  INFO      TradingRunner: Analysing US500 …
2026-04-01 09:38:48  INFO      TradingGraph: Running agents for US500
2026-04-01 09:38:48  INFO      TradingGraph: Completed 15 agents
2026-04-01 09:38:48  INFO      TradingGraph: Fusing timeframe signals
2026-04-01 09:38:48  INFO      TradingGraph: Fusion: L=-0.415(csns=1.00), M=0.478(csns=1.00), S=0.304(csns=0.80), align_str=0.000
2026-04-01 09:38:48  INFO      TradingGraph: Aligned [counter-trend-scalp] (bullish) — proceeding [L=-0.415 M=0.478 S=0.304 breadth=-0.124]
2026-04-01 09:38:48  INFO      TradingGraph: Generating trading recipe
2026-04-01 09:38:48  INFO      TradingGraph: Generated recipe: RISKY_LONG_COUNTER_TREND_SCALP_US500
2026-04-01 09:38:48  INFO      TradingGraph: Risk check passed
2026-04-01 09:38:48  INFO      TradingGraph: Creating trade plan
2026-04-01 09:38:49  INFO      TradingGraph: Confidence sizing [US500]: conf=0.509 → ×0.69 (risk=$0.79)
2026-04-01 09:38:49  INFO      TradingGraph: Structure SL/TP [US500] entry=6577.80000 sl=6477.91551 (1.97×ATR) tp=6670.33333 (R:R=0.93)
2026-04-01 09:38:49  INFO      TradingGraph: Created trade plan: entry=6577.8000, sl=6477.9200, tp=6727.6300
2026-04-01 09:38:49  INFO      TradingGraph: Executing trade for US500
2026-04-01 09:38:49  WARNING   MT5Executor: US500: trading disabled on this symbol (trade_mode=0 — may be outside market hours or broker restriction). Skipping.
2026-04-01 09:38:49  INFO      TradingGraph: Order not placed for US500 (executor returned None — see executor log for reason)
2026-04-01 09:38:49  INFO      TradingRunner: Analysing USTEC …
2026-04-01 09:38:49  INFO      TradingGraph: Running agents for USTEC
2026-04-01 09:38:49  INFO      TradingGraph: Completed 15 agents
2026-04-01 09:38:49  INFO      TradingGraph: Fusing timeframe signals
2026-04-01 09:38:49  INFO      TradingGraph: Fusion: L=-0.430(csns=1.00), M=0.546(csns=1.00), S=0.332(csns=0.80), align_str=0.000
2026-04-01 09:38:49  INFO      TradingGraph: Aligned [counter-trend-scalp] (bullish) — proceeding [L=-0.430 M=0.546 S=0.332 breadth=-0.124]
2026-04-01 09:38:49  INFO      TradingGraph: Generating trading recipe
2026-04-01 09:38:49  INFO      TradingGraph: Generated recipe: RISKY_LONG_COUNTER_TREND_SCALP_USTEC
2026-04-01 09:38:49  INFO      TradingGraph: Risk check passed
2026-04-01 09:38:49  INFO      TradingGraph: Creating trade plan
2026-04-01 09:38:49  INFO      TradingGraph: Confidence sizing [USTEC]: conf=0.494 → ×0.66 (risk=$0.76)
2026-04-01 09:38:49  INFO      TradingGraph: Structure SL/TP [USTEC] entry=23994.50000 sl=23557.26822 (2.03×ATR) tp=25157.13333 (R:R=2.66)
2026-04-01 09:38:49  INFO      TradingGraph: Created trade plan: entry=23994.5000, sl=23557.2700, tp=25157.1300
2026-04-01 09:38:49  INFO      TradingGraph: Executing trade for USTEC
2026-04-01 09:38:49  WARNING   MT5Executor: USTEC: trading disabled on this symbol (trade_mode=0 — may be outside market hours or broker restriction). Skipping.
2026-04-01 09:38:49  INFO      TradingGraph: Order not placed for USTEC (executor returned None — see executor log for reason)
2026-04-01 09:38:49  INFO      TradingRunner: Analysing DAX …
2026-04-01 09:38:49  INFO      TradingGraph: Running agents for DAX
2026-04-01 09:38:49  INFO      TradingGraph: Completed 15 agents
2026-04-01 09:38:49  INFO      TradingGraph: Fusing timeframe signals
2026-04-01 09:38:49  INFO      TradingGraph: Fusion: L=-0.069(csns=1.00), M=0.189(csns=0.50), S=0.242(csns=0.71), align_str=0.000
2026-04-01 09:38:49  INFO      TradingGraph: Timeframes not aligned — stopping (L=-0.069 M=0.189 S=0.242)
2026-04-01 09:38:49  INFO      TradingRunner: Analysing UK100 …
2026-04-01 09:38:49  INFO      TradingGraph: Running agents for UK100
2026-04-01 09:38:49  INFO      TradingGraph: Completed 15 agents
2026-04-01 09:38:49  INFO      TradingGraph: Fusing timeframe signals
2026-04-01 09:38:49  INFO      TradingGraph: Fusion: L=0.174(csns=1.00), M=0.485(csns=1.00), S=0.379(csns=0.80), align_str=0.317
2026-04-01 09:38:49  INFO      TradingGraph: Timeframes not aligned — stopping (L=0.174 M=0.485 S=0.379)
2026-04-01 09:38:49  INFO      TradingRunner: Analysing EURJPY …
2026-04-01 09:38:49  INFO      TradingGraph: Running agents for EURJPY
2026-04-01 09:38:50  INFO      TradingGraph: Completed 15 agents
2026-04-01 09:38:50  INFO      TradingGraph: Fusing timeframe signals
2026-04-01 09:38:50  INFO      TradingGraph: Fusion: L=-0.075(csns=0.50), M=0.178(csns=1.00), S=-0.118(csns=0.75), align_str=0.000
2026-04-01 09:38:50  INFO      TradingGraph: Timeframes not aligned — stopping (L=-0.075 M=0.178 S=-0.118)
2026-04-01 09:38:50  INFO      TradingRunner: Analysing GBPJPY …
2026-04-01 09:38:50  INFO      TradingGraph: Running agents for GBPJPY
2026-04-01 09:38:50  INFO      TradingGraph: Completed 15 agents
2026-04-01 09:38:50  INFO      TradingGraph: Fusing timeframe signals
2026-04-01 09:38:50  INFO      TradingGraph: Fusion: L=0.042(csns=0.50), M=-0.005(csns=0.50), S=0.027(csns=0.50), align_str=0.000
2026-04-01 09:38:50  INFO      TradingGraph: Timeframes not aligned — stopping (L=0.042 M=-0.005 S=0.027)
2026-04-01 09:38:50  INFO      TradingRunner: Analysing AUDJPY …
2026-04-01 09:38:50  INFO      TradingGraph: Running agents for AUDJPY
2026-04-01 09:38:50  INFO      TradingGraph: Completed 15 agents
2026-04-01 09:38:50  INFO      TradingGraph: Fusing timeframe signals
2026-04-01 09:38:50  INFO      TradingGraph: Fusion: L=0.536(csns=1.00), M=0.371(csns=1.00), S=0.205(csns=0.67), align_str=0.344
2026-04-01 09:38:50  INFO      TradingGraph: Aligned [full-alignment] (bullish) — proceeding [L=0.536 M=0.371 S=0.205 breadth=-0.124]
2026-04-01 09:38:50  INFO      TradingGraph: Generating trading recipe
2026-04-01 09:38:50  INFO      TradingGraph: Generated recipe: RISKY_LONG_FULL_ALIGNMENT_AUDJPY
2026-04-01 09:38:50  INFO      TradingGraph: Correlation guard: 3/3 short_jpy positions already open — refusing AUDJPY BUY
2026-04-01 09:38:50  INFO      TradingRunner: Analysing EURGBP …
2026-04-01 09:38:50  INFO      TradingGraph: Running agents for EURGBP
2026-04-01 09:38:50  INFO      TradingGraph: Completed 15 agents
2026-04-01 09:38:50  INFO      TradingGraph: Fusing timeframe signals
2026-04-01 09:38:50  INFO      TradingGraph: Fusion: L=0.178(csns=1.00), M=0.204(csns=1.00), S=0.029(csns=0.29), align_str=0.101
2026-04-01 09:38:50  INFO      TradingGraph: Timeframes not aligned — stopping (L=0.178 M=0.204 S=0.029)
2026-04-01 09:38:50  INFO      TradingRunner: Analysing CHFJPY …
2026-04-01 09:38:50  INFO      TradingGraph: Running agents for CHFJPY
2026-04-01 09:38:50  INFO      TradingGraph: Completed 15 agents
2026-04-01 09:38:50  INFO      TradingGraph: Fusing timeframe signals
2026-04-01 09:38:50  INFO      TradingGraph: Fusion: L=0.325(csns=0.50), M=0.158(csns=1.00), S=0.226(csns=0.67), align_str=0.227
2026-04-01 09:38:50  INFO      TradingGraph: Aligned [full-alignment] (bullish) — proceeding [L=0.325 M=0.158 S=0.226 breadth=-0.124]
2026-04-01 09:38:50  INFO      TradingGraph: Generating trading recipe
2026-04-01 09:38:50  INFO      TradingGraph: Generated recipe: RISKY_LONG_FULL_ALIGNMENT_CHFJPY
2026-04-01 09:38:50  INFO      TradingGraph: Correlation guard: 3/3 short_jpy positions already open — refusing CHFJPY BUY
2026-04-01 09:38:50  INFO      TradingRunner: Analysing XAGUSD …
2026-04-01 09:38:50  INFO      TradingGraph: Running agents for XAGUSD
2026-04-01 09:38:50  INFO      TradingGraph: Completed 15 agents
2026-04-01 09:38:50  INFO      TradingGraph: Fusing timeframe signals
2026-04-01 09:38:50  INFO      TradingGraph: Fusion: L=-0.202(csns=0.50), M=0.344(csns=1.00), S=0.309(csns=0.83), align_str=0.000
2026-04-01 09:38:50  INFO      TradingGraph: Aligned [counter-trend-scalp] (bullish) — proceeding [L=-0.202 M=0.344 S=0.309 breadth=-0.124]
2026-04-01 09:38:50  INFO      TradingGraph: Generating trading recipe
2026-04-01 09:38:50  INFO      TradingGraph: Generated recipe: RISKY_LONG_COUNTER_TREND_SCALP_XAGUSD
2026-04-01 09:38:50  INFO      TradingGraph: Position already open for XAGUSD — entry_type=counter-trend-scalp (needs full-alignment)
2026-04-01 09:38:50  INFO      TradingRunner: PnL — unrealized: +2.56  realized today: +0.04  total: +2.60
2026-04-01 09:38:50  INFO      TradingRunner: Signal cycle done in 9.7s — sleeping 290s
2026-04-01 09:39:37  INFO      TrailingStopManager: [STALE-SL] SELL GBPUSD #56029942781: SL 1.32913→1.32585 (held 6.2h, cap=0.50R, progress=2%)
2026-04-01 09:39:37  WARNING   MT5Executor: SL modification failed: retcode=10016 — original SL still active
2026-04-01 09:39:37  INFO      TrailingStopManager: [STALE-SL] BUY EURGBP #56030021656: SL 0.87072→0.87215 (held 6.0h, cap=0.50R, progress=0%)
2026-04-01 09:39:37  INFO      MT5Executor: SL modified for position 56030021656: 0.87215
2026-04-01 09:39:38  INFO      TradingGraph: Running agents for GBPUSD
2026-04-01 09:39:38  INFO      TradingGraph: Completed 15 agents
2026-04-01 09:39:38  INFO      TradingGraph: Fusing timeframe signals
2026-04-01 09:39:38  INFO      TradingGraph: Fusion: L=-0.575(csns=1.00), M=0.501(csns=1.00), S=0.176(csns=0.83), align_str=0.000
2026-04-01 09:39:38  INFO      TradingGraph: Running agents for AUDJPY
2026-04-01 09:39:38  INFO      TradingGraph: Completed 15 agents
2026-04-01 09:39:38  INFO      TradingGraph: Fusing timeframe signals
2026-04-01 09:39:38  INFO      TradingGraph: Fusion: L=0.536(csns=1.00), M=0.370(csns=1.00), S=0.205(csns=0.67), align_str=0.344
2026-04-01 09:39:39  INFO      TradingGraph: Running agents for EURGBP
2026-04-01 09:39:39  INFO      TradingGraph: Completed 15 agents
2026-04-01 09:39:39  INFO      TradingGraph: Fusing timeframe signals
2026-04-01 09:39:39  INFO      TradingGraph: Fusion: L=0.177(csns=1.00), M=0.192(csns=1.00), S=0.013(csns=0.29), align_str=0.076
2026-04-01 09:39:39  INFO      TradingGraph: Running agents for AUDJPY
2026-04-01 09:39:39  INFO      TradingGraph: Completed 15 agents
2026-04-01 09:39:39  INFO      TradingGraph: Fusing timeframe signals
2026-04-01 09:39:39  INFO      TradingGraph: Fusion: L=0.536(csns=1.00), M=0.370(csns=1.00), S=0.205(csns=0.67), align_str=0.344
2026-04-01 09:39:39  INFO      TradingGraph: Running agents for EURUSD
2026-04-01 09:39:39  INFO      TradingGraph: Completed 15 agents
2026-04-01 09:39:39  INFO      TradingGraph: Fusing timeframe signals
2026-04-01 09:39:39  INFO      TradingGraph: Fusion: L=-0.305(csns=0.50), M=0.548(csns=1.00), S=0.184(csns=0.83), align_str=0.000
2026-04-01 09:39:40  INFO      TradingGraph: Running agents for XAGUSD
2026-04-01 09:39:40  INFO      TradingGraph: Completed 15 agents
2026-04-01 09:39:40  INFO      TradingGraph: Fusing timeframe signals
2026-04-01 09:39:40  INFO      TradingGraph: Fusion: L=-0.201(csns=0.50), M=0.340(csns=1.00), S=0.241(csns=0.75), align_str=0.000
2026-04-01 09:39:40  INFO      TradingGraph: Running agents for AUDJPY
2026-04-01 09:39:40  INFO      TradingGraph: Completed 15 agents
2026-04-01 09:39:40  INFO      TradingGraph: Fusing timeframe signals
2026-04-01 09:39:40  INFO      TradingGraph: Fusion: L=0.536(csns=1.00), M=0.367(csns=1.00), S=0.205(csns=0.67), align_str=0.343
2026-04-01 09:39:41  INFO      TradingGraph: Running agents for EURCHF
2026-04-01 09:39:41  INFO      TradingGraph: Completed 15 agents
2026-04-01 09:39:41  INFO      TradingGraph: Fusing timeframe signals
2026-04-01 09:39:41  INFO      TradingGraph: Fusion: L=-0.366(csns=1.00), M=-0.025(csns=0.33), S=-0.104(csns=0.71), align_str=0.099
2026-04-01 09:39:41  INFO      TradingGraph: Running agents for EURCHF
2026-04-01 09:39:41  INFO      TradingGraph: Completed 15 agents
2026-04-01 09:39:41  INFO      TradingGraph: Fusing timeframe signals
2026-04-01 09:39:41  INFO      TradingGraph: Fusion: L=-0.366(csns=1.00), M=-0.025(csns=0.33), S=-0.104(csns=0.71), align_str=0.099
2026-04-01 09:40:10  INFO      TradingRunner: [WATCHDOG] alive | equity=130.18 | cycle=1 | profile=risky
2026-04-01 09:41:40  WARNING   TradingRunner: [WATCHDOG] MT5 connection lost — attempting reconnect
2026-04-01 09:41:40  INFO      TradingRunner: [WATCHDOG] Reconnect attempt 1/5 (waiting 10s)
2026-04-01 09:41:50  INFO      MT5Executor: MT5 connection closed
2026-04-01 09:41:50  INFO      MT5Executor: Using mt5linux backend → localhost:18812
2026-04-01 09:41:50  INFO      MT5Executor: Connected to MT5: 5048478471 on MetaQuotes-Demo | balance=130.55 | trade_allowed=True
2026-04-01 09:41:50  INFO      TradingRunner: [WATCHDOG] MT5 reconnected successfully
2026-04-01 09:41:51  WARNING   MT5Executor: SL modification failed: retcode=10016 — original SL still active
2026-04-01 09:41:51  INFO      TradingRunner: [WATCHDOG] STALE-SL SELL GBPUSD #56029942781: open 6.2h, SL 1.32913→1.32587 (-0.50R cap)
2026-04-01 09:41:51  WARNING   MT5Executor: SL modification failed: retcode=10016 — original SL still active
2026-04-01 09:41:51  INFO      TradingRunner: [WATCHDOG] STALE-SL BUY EURGBP #56030021656: open 6.1h, SL 0.87215→0.87286 (-0.50R cap)
2026-04-01 09:42:37  INFO      TrailingStopManager: [STALE-SL] SELL GBPUSD #56029942781: SL 1.32913→1.32584 (held 6.2h, cap=0.50R, progress=2%)
2026-04-01 09:42:37  WARNING   MT5Executor: SL modification failed: retcode=10016 — original SL still active
2026-04-01 09:42:37  INFO      TrailingStopManager: [STALE-SL] BUY EURGBP #56030021656: SL 0.87215→0.87286 (held 6.1h, cap=0.50R, progress=1%)
2026-04-01 09:42:37  WARNING   MT5Executor: SL modification failed: retcode=10016 — original SL still active
2026-04-01 09:42:38  INFO      TradingGraph: Running agents for GBPUSD
2026-04-01 09:42:38  INFO      TradingGraph: Completed 15 agents
2026-04-01 09:42:38  INFO      TradingGraph: Fusing timeframe signals
2026-04-01 09:42:38  INFO      TradingGraph: Fusion: L=-0.574(csns=1.00), M=0.507(csns=1.00), S=0.172(csns=0.83), align_str=0.000
2026-04-01 09:42:38  INFO      TradingGraph: Running agents for AUDJPY
2026-04-01 09:42:38  INFO      TradingGraph: Completed 15 agents
2026-04-01 09:42:38  INFO      TradingGraph: Fusing timeframe signals
2026-04-01 09:42:38  INFO      TradingGraph: Fusion: L=0.536(csns=1.00), M=0.371(csns=1.00), S=0.205(csns=0.67), align_str=0.344
2026-04-01 09:42:39  INFO      TradingGraph: Running agents for EURGBP
2026-04-01 09:42:39  INFO      TradingGraph: Completed 15 agents
2026-04-01 09:42:39  INFO      TradingGraph: Fusing timeframe signals
2026-04-01 09:42:39  INFO      TradingGraph: Fusion: L=0.178(csns=1.00), M=0.143(csns=0.67), S=0.020(csns=0.29), align_str=0.080
2026-04-01 09:42:39  INFO      TradingGraph: Running agents for AUDJPY
2026-04-01 09:42:39  INFO      TradingGraph: Completed 15 agents
2026-04-01 09:42:39  INFO      TradingGraph: Fusing timeframe signals
2026-04-01 09:42:39  INFO      TradingGraph: Fusion: L=0.536(csns=1.00), M=0.372(csns=1.00), S=0.205(csns=0.67), align_str=0.344
2026-04-01 09:42:39  INFO      TradingGraph: Running agents for EURUSD
2026-04-01 09:42:40  INFO      TradingGraph: Completed 15 agents
2026-04-01 09:42:40  INFO      TradingGraph: Fusing timeframe signals
2026-04-01 09:42:40  INFO      TradingGraph: Fusion: L=-0.343(csns=0.50), M=0.558(csns=1.00), S=0.262(csns=1.00), align_str=0.000
2026-04-01 09:42:40  INFO      TradingGraph: Running agents for XAGUSD
2026-04-01 09:42:40  INFO      TradingGraph: Completed 15 agents
2026-04-01 09:42:40  INFO      TradingGraph: Fusing timeframe signals
2026-04-01 09:42:40  INFO      TradingGraph: Fusion: L=-0.208(csns=0.50), M=0.326(csns=1.00), S=0.296(csns=1.00), align_str=0.000
2026-04-01 09:42:40  INFO      TradingGraph: Running agents for AUDJPY
2026-04-01 09:42:40  INFO      TradingGraph: Completed 15 agents
2026-04-01 09:42:40  INFO      TradingGraph: Fusing timeframe signals
2026-04-01 09:42:40  INFO      TradingGraph: Fusion: L=0.536(csns=1.00), M=0.371(csns=1.00), S=0.205(csns=0.67), align_str=0.344
2026-04-01 09:42:41  INFO      TradingGraph: Running agents for EURCHF
2026-04-01 09:42:41  INFO      TradingGraph: Completed 15 agents
2026-04-01 09:42:41  INFO      TradingGraph: Fusing timeframe signals
2026-04-01 09:42:41  INFO      TradingGraph: Fusion: L=-0.368(csns=1.00), M=-0.036(csns=0.33), S=-0.108(csns=0.71), align_str=0.112
2026-04-01 09:42:41  INFO      TradingGraph: Running agents for EURCHF
2026-04-01 09:42:41  INFO      TradingGraph: Completed 15 agents
2026-04-01 09:42:41  INFO      TradingGraph: Fusing timeframe signals
2026-04-01 09:42:41  INFO      TradingGraph: Fusion: L=-0.368(csns=1.00), M=-0.036(csns=0.33), S=-0.108(csns=0.71), align_str=0.113
2026-04-01 09:43:37  INFO      TrailingStopManager: [STALE-SL] SELL GBPUSD #56029942781: SL 1.32913→1.32584 (held 6.3h, cap=0.50R, progress=2%)
2026-04-01 09:43:37  WARNING   MT5Executor: SL modification failed: retcode=10016 — original SL still active
2026-04-01 09:43:37  INFO      TrailingStopManager: [STALE-SL] BUY EURGBP #56030021656: SL 0.87215→0.87286 (held 6.1h, cap=0.50R, progress=1%)
2026-04-01 09:43:37  WARNING   MT5Executor: SL modification failed: retcode=10016 — original SL still active
2026-04-01 09:43:38  INFO      TradingGraph: Running agents for GBPUSD
2026-04-01 09:43:38  INFO      TradingGraph: Completed 15 agents
2026-04-01 09:43:38  INFO      TradingGraph: Fusing timeframe signals
2026-04-01 09:43:38  INFO      TradingGraph: Fusion: L=-0.575(csns=1.00), M=0.505(csns=1.00), S=0.176(csns=0.83), align_str=0.000
2026-04-01 09:43:39  INFO      TradingGraph: Running agents for AUDJPY
2026-04-01 09:43:39  INFO      TradingGraph: Completed 15 agents
2026-04-01 09:43:39  INFO      TradingGraph: Fusing timeframe signals
2026-04-01 09:43:39  INFO      TradingGraph: Fusion: L=0.535(csns=1.00), M=0.364(csns=1.00), S=0.286(csns=0.83), align_str=0.382
2026-04-01 09:43:39  INFO      TradingGraph: Running agents for EURGBP
2026-04-01 09:43:40  INFO      TradingGraph: Completed 15 agents
2026-04-01 09:43:40  INFO      TradingGraph: Fusing timeframe signals
2026-04-01 09:43:40  INFO      TradingGraph: Fusion: L=0.178(csns=1.00), M=0.196(csns=1.00), S=0.024(csns=0.29), align_str=0.094
2026-04-01 09:43:40  INFO      TradingGraph: Running agents for AUDJPY
2026-04-01 09:43:40  INFO      TradingGraph: Completed 15 agents
2026-04-01 09:43:40  INFO      TradingGraph: Fusing timeframe signals
2026-04-01 09:43:40  INFO      TradingGraph: Fusion: L=0.535(csns=1.00), M=0.363(csns=1.00), S=0.286(csns=0.83), align_str=0.382
2026-04-01 09:43:40  INFO      TradingGraph: Running agents for EURUSD
2026-04-01 09:43:40  INFO      TradingGraph: Completed 15 agents
2026-04-01 09:43:40  INFO      TradingGraph: Fusing timeframe signals
2026-04-01 09:43:40  INFO      TradingGraph: Fusion: L=-0.305(csns=0.50), M=0.581(csns=1.00), S=0.183(csns=0.83), align_str=0.000
2026-04-01 09:43:40  INFO      TradingGraph: Running agents for XAGUSD
2026-04-01 09:43:41  INFO      TradingGraph: Completed 15 agents
2026-04-01 09:43:41  INFO      TradingGraph: Fusing timeframe signals
2026-04-01 09:43:41  INFO      TradingGraph: Fusion: L=-0.200(csns=0.50), M=0.331(csns=1.00), S=0.300(csns=1.00), align_str=0.000
2026-04-01 09:43:41  INFO      TradingGraph: Running agents for AUDJPY
2026-04-01 09:43:41  INFO      TradingGraph: Completed 15 agents
2026-04-01 09:43:41  INFO      TradingGraph: Fusing timeframe signals
2026-04-01 09:43:41  INFO      TradingGraph: Fusion: L=0.535(csns=1.00), M=0.363(csns=1.00), S=0.286(csns=0.83), align_str=0.382
2026-04-01 09:43:41  INFO      TradingGraph: Running agents for EURCHF
2026-04-01 09:43:41  INFO      TradingGraph: Completed 15 agents
2026-04-01 09:43:41  INFO      TradingGraph: Fusing timeframe signals
2026-04-01 09:43:41  INFO      TradingGraph: Fusion: L=-0.367(csns=1.00), M=-0.027(csns=0.33), S=-0.107(csns=0.71), align_str=0.102
2026-04-01 09:43:41  INFO      TradingGraph: Running agents for EURCHF
2026-04-01 09:43:41  INFO      TradingGraph: Completed 15 agents
2026-04-01 09:43:41  INFO      TradingGraph: Fusing timeframe signals
2026-04-01 09:43:41  INFO      TradingGraph: Fusion: L=-0.367(csns=1.00), M=-0.027(csns=0.33), S=-0.107(csns=0.71), align_str=0.102
2026-04-01 09:43:46  INFO      TradingRunner: Analysing EURUSD …
2026-04-01 09:43:46  INFO      TradingGraph: Running agents for EURUSD
2026-04-01 09:43:46  INFO      TradingGraph: Completed 15 agents
2026-04-01 09:43:46  INFO      TradingGraph: Fusing timeframe signals
2026-04-01 09:43:46  INFO      TradingGraph: Fusion: L=-0.305(csns=0.50), M=0.577(csns=1.00), S=0.182(csns=0.83), align_str=0.000
2026-04-01 09:43:46  INFO      TradingGraph: Aligned [counter-trend-scalp] (bullish) — proceeding [L=-0.305 M=0.577 S=0.182 breadth=-0.124]
2026-04-01 09:43:46  INFO      TradingGraph: Generating trading recipe
2026-04-01 09:43:46  INFO      TradingGraph: Generated recipe: RISKY_LONG_COUNTER_TREND_SCALP_EURUSD
2026-04-01 09:43:46  INFO      TradingGraph: Position already open for EURUSD — entry_type=counter-trend-scalp (needs full-alignment)
2026-04-01 09:43:46  INFO      TradingRunner: Analysing GBPUSD …
2026-04-01 09:43:46  INFO      TradingGraph: Running agents for GBPUSD
2026-04-01 09:43:46  INFO      TradingGraph: Completed 15 agents
2026-04-01 09:43:46  INFO      TradingGraph: Fusing timeframe signals
2026-04-01 09:43:46  INFO      TradingGraph: Fusion: L=-0.575(csns=1.00), M=0.503(csns=1.00), S=0.176(csns=0.83), align_str=0.000
2026-04-01 09:43:46  INFO      TradingGraph: Aligned [counter-trend-scalp] (bullish) — proceeding [L=-0.575 M=0.503 S=0.176 breadth=-0.124]
2026-04-01 09:43:46  INFO      TradingGraph: Generating trading recipe
2026-04-01 09:43:46  INFO      TradingGraph: Generated recipe: RISKY_LONG_COUNTER_TREND_SCALP_GBPUSD
2026-04-01 09:43:46  INFO      TradingGraph: Position already open for GBPUSD — entry_type=counter-trend-scalp (needs full-alignment)
2026-04-01 09:43:46  INFO      TradingRunner: Analysing USDJPY …
2026-04-01 09:43:46  INFO      TradingGraph: Running agents for USDJPY
2026-04-01 09:43:46  INFO      TradingGraph: Completed 15 agents
2026-04-01 09:43:46  INFO      TradingGraph: Fusing timeframe signals
2026-04-01 09:43:46  INFO      TradingGraph: Fusion: L=0.226(csns=0.33), M=-0.557(csns=1.00), S=-0.117(csns=0.71), align_str=0.000
2026-04-01 09:43:46  INFO      TradingGraph: Timeframes not aligned — stopping (L=0.226 M=-0.557 S=-0.117)
2026-04-01 09:43:46  INFO      TradingRunner: Analysing USDCHF …
2026-04-01 09:43:46  INFO      TradingGraph: Running agents for USDCHF
2026-04-01 09:43:47  INFO      TradingGraph: Completed 15 agents
2026-04-01 09:43:47  INFO      TradingGraph: Fusing timeframe signals
2026-04-01 09:43:47  INFO      TradingGraph: Fusion: L=0.534(csns=1.00), M=-0.737(csns=1.00), S=-0.140(csns=0.71), align_str=0.000
2026-04-01 09:43:47  INFO      TradingGraph: Timeframes not aligned — stopping (L=0.534 M=-0.737 S=-0.140)
2026-04-01 09:43:47  INFO      TradingRunner: Analysing AUDUSD …
2026-04-01 09:43:47  INFO      TradingGraph: Running agents for AUDUSD
2026-04-01 09:43:47  INFO      TradingGraph: Completed 15 agents
2026-04-01 09:43:47  INFO      TradingGraph: Fusing timeframe signals
2026-04-01 09:43:47  INFO      TradingGraph: Fusion: L=0.016(csns=1.00), M=0.541(csns=1.00), S=0.345(csns=0.71), align_str=0.143
2026-04-01 09:43:47  INFO      TradingGraph: Timeframes not aligned — stopping (L=0.016 M=0.541 S=0.345)
2026-04-01 09:43:47  INFO      TradingRunner: Analysing USDCAD …
2026-04-01 09:43:47  INFO      TradingGraph: Running agents for USDCAD
2026-04-01 09:43:47  INFO      TradingGraph: Completed 15 agents
2026-04-01 09:43:47  INFO      TradingGraph: Fusing timeframe signals
2026-04-01 09:43:47  INFO      TradingGraph: Fusion: L=0.366(csns=0.67), M=-0.193(csns=1.00), S=-0.237(csns=1.00), align_str=0.000
2026-04-01 09:43:47  INFO      TradingGraph: Timeframes not aligned — stopping (L=0.366 M=-0.193 S=-0.237)
2026-04-01 09:43:47  INFO      TradingRunner: Analysing NZDUSD …
2026-04-01 09:43:47  INFO      TradingGraph: Running agents for NZDUSD
2026-04-01 09:43:47  INFO      TradingGraph: Completed 15 agents
2026-04-01 09:43:47  INFO      TradingGraph: Fusing timeframe signals
2026-04-01 09:43:47  INFO      TradingGraph: Fusion: L=-0.575(csns=1.00), M=0.489(csns=1.00), S=0.151(csns=0.67), align_str=0.000
2026-04-01 09:43:47  INFO      TradingGraph: Aligned [counter-trend-scalp] (bullish) — proceeding [L=-0.575 M=0.489 S=0.151 breadth=-0.124]
2026-04-01 09:43:47  INFO      TradingGraph: Generating trading recipe
2026-04-01 09:43:47  INFO      TradingGraph: Generated recipe: RISKY_LONG_COUNTER_TREND_SCALP_NZDUSD
2026-04-01 09:43:47  INFO      TradingGraph: Risk check passed
2026-04-01 09:43:47  INFO      TradingGraph: Creating trade plan
2026-04-01 09:43:47  INFO      TradingGraph: Confidence sizing [NZDUSD]: conf=0.606 → ×0.83 (risk=$0.88)
2026-04-01 09:43:47  INFO      TradingGraph: Structure SL/TP [NZDUSD] entry=0.57653 sl=0.57284 (1.50×ATR) tp=0.58256 (R:R=1.63)
2026-04-01 09:43:47  INFO      TradingGraph: Created trade plan: entry=0.5765, sl=0.5728, tp=0.5826
2026-04-01 09:43:47  INFO      TradingGraph: Executing trade for NZDUSD
2026-04-01 09:43:47  INFO      MT5Executor: NZDUSD: lots=0.01 (risk=$3.18)
2026-04-01 09:43:47  INFO      MT5Executor: Market order filled: ticket=56037851253 vol=0.01
2026-04-01 09:43:47  INFO      TradingGraph: Order placed: ticket=56037851253
2026-04-01 09:43:47  INFO      OrderManager: Created order order_1_20260401_094347 for NZDUSD
2026-04-01 09:43:47  INFO      TradeJournal: TRADE  NZDUSD           Direction.LONG  qty=0.01  entry=0.57653  sl=0.57284  tp=0.58256  ticket=56037851253
2026-04-01 09:43:47  INFO      TradingRunner: NZDUSD: trade placed — daily count 7/14, next entry in 25min
2026-04-01 09:43:47  INFO      TradingRunner: Analysing US30 …
2026-04-01 09:43:47  INFO      TradingGraph: Running agents for US30
2026-04-01 09:43:47  INFO      TradingGraph: Completed 15 agents
2026-04-01 09:43:47  INFO      TradingGraph: Fusing timeframe signals
2026-04-01 09:43:47  INFO      TradingGraph: Fusion: L=-0.373(csns=1.00), M=0.487(csns=1.00), S=0.320(csns=0.80), align_str=0.000
2026-04-01 09:43:47  INFO      TradingGraph: Aligned [counter-trend-scalp] (bullish) — proceeding [L=-0.373 M=0.487 S=0.320 breadth=-0.124]
2026-04-01 09:43:47  INFO      TradingGraph: Generating trading recipe
2026-04-01 09:43:47  INFO      TradingGraph: Generated recipe: RISKY_LONG_COUNTER_TREND_SCALP_US30
2026-04-01 09:43:47  INFO      TradingGraph: Max concurrent trades reached
2026-04-01 09:43:47  INFO      TradingRunner: Analysing US500 …
2026-04-01 09:43:47  INFO      TradingGraph: Running agents for US500
2026-04-01 09:43:47  INFO      TradingGraph: Completed 15 agents
2026-04-01 09:43:47  INFO      TradingGraph: Fusing timeframe signals
2026-04-01 09:43:47  INFO      TradingGraph: Fusion: L=-0.414(csns=1.00), M=0.470(csns=1.00), S=0.319(csns=0.80), align_str=0.000
2026-04-01 09:43:47  INFO      TradingGraph: Aligned [counter-trend-scalp] (bullish) — proceeding [L=-0.414 M=0.470 S=0.319 breadth=-0.124]
2026-04-01 09:43:47  INFO      TradingGraph: Generating trading recipe
2026-04-01 09:43:47  INFO      TradingGraph: Generated recipe: RISKY_LONG_COUNTER_TREND_SCALP_US500
2026-04-01 09:43:47  INFO      TradingGraph: Max concurrent trades reached
2026-04-01 09:43:47  INFO      TradingRunner: Analysing USTEC …
2026-04-01 09:43:47  INFO      TradingGraph: Running agents for USTEC
2026-04-01 09:43:47  INFO      TradingGraph: Completed 15 agents
2026-04-01 09:43:47  INFO      TradingGraph: Fusing timeframe signals
2026-04-01 09:43:47  INFO      TradingGraph: Fusion: L=-0.430(csns=1.00), M=0.530(csns=1.00), S=0.338(csns=0.80), align_str=0.000
2026-04-01 09:43:47  INFO      TradingGraph: Aligned [counter-trend-scalp] (bullish) — proceeding [L=-0.430 M=0.530 S=0.338 breadth=-0.124]
2026-04-01 09:43:47  INFO      TradingGraph: Generating trading recipe
2026-04-01 09:43:47  INFO      TradingGraph: Generated recipe: RISKY_LONG_COUNTER_TREND_SCALP_USTEC
2026-04-01 09:43:47  INFO      TradingGraph: Max concurrent trades reached
2026-04-01 09:43:47  INFO      TradingRunner: Analysing DAX …
2026-04-01 09:43:47  INFO      TradingGraph: Running agents for DAX
2026-04-01 09:43:48  INFO      TradingGraph: Completed 15 agents
2026-04-01 09:43:48  INFO      TradingGraph: Fusing timeframe signals
2026-04-01 09:43:48  INFO      TradingGraph: Fusion: L=-0.069(csns=1.00), M=0.189(csns=0.50), S=0.242(csns=0.71), align_str=0.000
2026-04-01 09:43:48  INFO      TradingGraph: Timeframes not aligned — stopping (L=-0.069 M=0.189 S=0.242)
2026-04-01 09:43:48  INFO      TradingRunner: Analysing UK100 …
2026-04-01 09:43:48  INFO      TradingGraph: Running agents for UK100
2026-04-01 09:43:48  INFO      TradingGraph: Completed 15 agents
2026-04-01 09:43:48  INFO      TradingGraph: Fusing timeframe signals
2026-04-01 09:43:48  INFO      TradingGraph: Fusion: L=0.173(csns=1.00), M=0.477(csns=1.00), S=0.374(csns=0.80), align_str=0.313
2026-04-01 09:43:48  INFO      TradingGraph: Timeframes not aligned — stopping (L=0.173 M=0.477 S=0.374)
2026-04-01 09:43:48  INFO      TradingRunner: Analysing EURJPY …
2026-04-01 09:43:48  INFO      TradingGraph: Running agents for EURJPY
2026-04-01 09:43:48  INFO      TradingGraph: Completed 15 agents
2026-04-01 09:43:48  INFO      TradingGraph: Fusing timeframe signals
2026-04-01 09:43:48  INFO      TradingGraph: Fusion: L=-0.075(csns=0.50), M=0.163(csns=1.00), S=-0.113(csns=0.75), align_str=0.000
2026-04-01 09:43:48  INFO      TradingGraph: Timeframes not aligned — stopping (L=-0.075 M=0.163 S=-0.113)
2026-04-01 09:43:48  INFO      TradingRunner: Analysing GBPJPY …
2026-04-01 09:43:48  INFO      TradingGraph: Running agents for GBPJPY
2026-04-01 09:43:48  INFO      TradingGraph: Completed 15 agents
2026-04-01 09:43:48  INFO      TradingGraph: Fusing timeframe signals
2026-04-01 09:43:48  INFO      TradingGraph: Fusion: L=0.042(csns=0.50), M=-0.015(csns=0.50), S=0.020(csns=0.40), align_str=0.000
2026-04-01 09:43:48  INFO      TradingGraph: Timeframes not aligned — stopping (L=0.042 M=-0.015 S=0.020)
2026-04-01 09:43:48  INFO      TradingRunner: Analysing AUDJPY …
2026-04-01 09:43:48  INFO      TradingGraph: Running agents for AUDJPY
2026-04-01 09:43:48  INFO      TradingGraph: Completed 15 agents
2026-04-01 09:43:48  INFO      TradingGraph: Fusing timeframe signals
2026-04-01 09:43:48  INFO      TradingGraph: Fusion: L=0.535(csns=1.00), M=0.338(csns=1.00), S=0.283(csns=0.83), align_str=0.371
2026-04-01 09:43:48  INFO      TradingGraph: Aligned [full-alignment] (bullish) — proceeding [L=0.535 M=0.338 S=0.283 breadth=-0.124]
2026-04-01 09:43:48  INFO      TradingGraph: Generating trading recipe
2026-04-01 09:43:48  INFO      TradingGraph: Generated recipe: RISKY_LONG_FULL_ALIGNMENT_AUDJPY
2026-04-01 09:43:48  INFO      TradingGraph: Max concurrent trades reached
2026-04-01 09:43:48  INFO      TradingRunner: Analysing EURGBP …
2026-04-01 09:43:48  INFO      TradingGraph: Running agents for EURGBP
2026-04-01 09:43:48  INFO      TradingGraph: Completed 15 agents
2026-04-01 09:43:48  INFO      TradingGraph: Fusing timeframe signals
2026-04-01 09:43:48  INFO      TradingGraph: Fusion: L=0.178(csns=1.00), M=0.199(csns=1.00), S=0.026(csns=0.29), align_str=0.097
2026-04-01 09:43:48  INFO      TradingGraph: Timeframes not aligned — stopping (L=0.178 M=0.199 S=0.026)
2026-04-01 09:43:48  INFO      TradingRunner: Analysing CHFJPY …
2026-04-01 09:43:48  INFO      TradingGraph: Running agents for CHFJPY
2026-04-01 09:43:48  INFO      TradingGraph: Completed 15 agents
2026-04-01 09:43:48  INFO      TradingGraph: Fusing timeframe signals
2026-04-01 09:43:48  INFO      TradingGraph: Fusion: L=0.325(csns=0.50), M=0.158(csns=1.00), S=0.219(csns=0.67), align_str=0.224
2026-04-01 09:43:48  INFO      TradingGraph: Aligned [full-alignment] (bullish) — proceeding [L=0.325 M=0.158 S=0.219 breadth=-0.124]
2026-04-01 09:43:48  INFO      TradingGraph: Generating trading recipe
2026-04-01 09:43:48  INFO      TradingGraph: Generated recipe: RISKY_LONG_FULL_ALIGNMENT_CHFJPY
2026-04-01 09:43:48  INFO      TradingGraph: Max concurrent trades reached
2026-04-01 09:43:48  INFO      TradingRunner: Analysing XAGUSD …
2026-04-01 09:43:48  INFO      TradingGraph: Running agents for XAGUSD
2026-04-01 09:43:48  INFO      TradingGraph: Completed 15 agents
2026-04-01 09:43:48  INFO      TradingGraph: Fusing timeframe signals
2026-04-01 09:43:48  INFO      TradingGraph: Fusion: L=-0.200(csns=0.50), M=0.327(csns=1.00), S=0.297(csns=1.00), align_str=0.000
2026-04-01 09:43:48  INFO      TradingGraph: Timeframes not aligned — stopping (L=-0.200 M=0.327 S=0.297)
2026-04-01 09:43:48  INFO      TradingRunner: PnL — unrealized: -7.21  realized today: +2.21  total: -5.00
2026-04-01 09:43:48  INFO      TradingRunner: Signal cycle done in 7.6s — sleeping 292s
2026-04-01 09:44:37  INFO      TrailingStopManager: [STALE-SL] SELL GBPUSD #56029942781: SL 1.32913→1.32584 (held 6.3h, cap=0.50R, progress=2%)
2026-04-01 09:44:37  WARNING   MT5Executor: SL modification failed: retcode=10016 — original SL still active
2026-04-01 09:44:37  INFO      TrailingStopManager: [STALE-SL] BUY EURGBP #56030021656: SL 0.87215→0.87286 (held 6.1h, cap=0.50R, progress=1%)
2026-04-01 09:44:37  WARNING   MT5Executor: SL modification failed: retcode=10016 — original SL still active
2026-04-01 09:44:38  INFO      TradingGraph: Running agents for GBPUSD
2026-04-01 09:44:38  INFO      TradingGraph: Completed 15 agents
2026-04-01 09:44:38  INFO      TradingGraph: Fusing timeframe signals
2026-04-01 09:44:38  INFO      TradingGraph: Fusion: L=-0.575(csns=1.00), M=0.505(csns=1.00), S=0.176(csns=0.83), align_str=0.000
2026-04-01 09:44:39  INFO      TradingGraph: Running agents for AUDJPY
2026-04-01 09:44:39  INFO      TradingGraph: Completed 15 agents
2026-04-01 09:44:39  INFO      TradingGraph: Fusing timeframe signals
2026-04-01 09:44:39  INFO      TradingGraph: Fusion: L=0.535(csns=1.00), M=0.365(csns=1.00), S=0.286(csns=0.83), align_str=0.382
2026-04-01 09:44:39  INFO      TradingGraph: Running agents for EURGBP
2026-04-01 09:44:39  INFO      TradingGraph: Completed 15 agents
2026-04-01 09:44:39  INFO      TradingGraph: Fusing timeframe signals
2026-04-01 09:44:39  INFO      TradingGraph: Fusion: L=0.178(csns=1.00), M=0.200(csns=1.00), S=0.027(csns=0.29), align_str=0.098
2026-04-01 09:44:39  INFO      TradingGraph: Running agents for AUDJPY
2026-04-01 09:44:39  INFO      TradingGraph: Completed 15 agents
2026-04-01 09:44:39  INFO      TradingGraph: Fusing timeframe signals
2026-04-01 09:44:39  INFO      TradingGraph: Fusion: L=0.535(csns=1.00), M=0.366(csns=1.00), S=0.205(csns=0.67), align_str=0.342
2026-04-01 09:44:40  INFO      TradingGraph: Running agents for EURUSD
2026-04-01 09:44:40  INFO      TradingGraph: Completed 15 agents
2026-04-01 09:44:40  INFO      TradingGraph: Fusing timeframe signals
2026-04-01 09:44:40  INFO      TradingGraph: Fusion: L=-0.305(csns=0.50), M=0.581(csns=1.00), S=0.182(csns=0.83), align_str=0.000
2026-04-01 09:44:40  INFO      TradingGraph: Running agents for XAGUSD
2026-04-01 09:44:40  INFO      TradingGraph: Completed 15 agents
2026-04-01 09:44:40  INFO      TradingGraph: Fusing timeframe signals
2026-04-01 09:44:40  INFO      TradingGraph: Fusion: L=-0.207(csns=0.50), M=0.323(csns=1.00), S=0.297(csns=1.00), align_str=0.000
2026-04-01 09:44:40  INFO      TradingGraph: Running agents for AUDJPY
2026-04-01 09:44:40  INFO      TradingGraph: Completed 15 agents
2026-04-01 09:44:40  INFO      TradingGraph: Fusing timeframe signals
2026-04-01 09:44:40  INFO      TradingGraph: Fusion: L=0.535(csns=1.00), M=0.366(csns=1.00), S=0.287(csns=0.83), align_str=0.383
2026-04-01 09:44:41  INFO      TradingGraph: Running agents for EURCHF
2026-04-01 09:44:41  INFO      TradingGraph: Completed 15 agents
2026-04-01 09:44:41  INFO      TradingGraph: Fusing timeframe signals
2026-04-01 09:44:41  INFO      TradingGraph: Fusion: L=-0.366(csns=1.00), M=-0.018(csns=0.33), S=-0.104(csns=0.71), align_str=0.088
2026-04-01 09:44:41  INFO      TradingGraph: Running agents for EURCHF
2026-04-01 09:44:41  INFO      TradingGraph: Completed 15 agents
2026-04-01 09:44:41  INFO      TradingGraph: Fusing timeframe signals
2026-04-01 09:44:41  INFO      TradingGraph: Fusion: L=-0.366(csns=1.00), M=-0.018(csns=0.33), S=-0.104(csns=0.71), align_str=0.088
2026-04-01 09:44:41  INFO      TradingGraph: Running agents for NZDUSD
2026-04-01 09:44:42  INFO      TradingGraph: Completed 15 agents
2026-04-01 09:44:42  INFO      TradingGraph: Fusing timeframe signals
2026-04-01 09:44:42  INFO      TradingGraph: Fusion: L=-0.575(csns=1.00), M=0.513(csns=1.00), S=0.150(csns=0.67), align_str=0.000
2026-04-01 09:44:42  INFO      TradingRunner: EXIT [NZDUSD #56037851253 BUY  pnl=+0.07] — D1 flipped bearish (-0.575)
2026-04-01 09:44:42  INFO      MT5Executor: Position 56037851253 closed
2026-04-01 09:45:37  INFO      TrailingStopManager: [STALE-SL] SELL GBPUSD #56029942781: SL 1.32913→1.32584 (held 6.3h, cap=0.50R, progress=2%)
2026-04-01 09:45:37  WARNING   MT5Executor: SL modification failed: retcode=10016 — original SL still active
2026-04-01 09:45:37  INFO      TrailingStopManager: [STALE-SL] BUY EURGBP #56030021656: SL 0.87215→0.87286 (held 6.1h, cap=0.50R, progress=1%)
2026-04-01 09:45:37  WARNING   MT5Executor: SL modification failed: retcode=10016 — original SL still active
2026-04-01 09:45:38  INFO      TradingGraph: Running agents for GBPUSD
2026-04-01 09:45:38  INFO      TradingGraph: Completed 15 agents
2026-04-01 09:45:38  INFO      TradingGraph: Fusing timeframe signals
2026-04-01 09:45:38  INFO      TradingGraph: Fusion: L=-0.575(csns=1.00), M=0.502(csns=1.00), S=0.147(csns=0.83), align_str=0.000
2026-04-01 09:45:39  INFO      TradingGraph: Running agents for AUDJPY
2026-04-01 09:45:39  INFO      TradingGraph: Completed 15 agents
2026-04-01 09:45:39  INFO      TradingGraph: Fusing timeframe signals
2026-04-01 09:45:39  INFO      TradingGraph: Fusion: L=0.534(csns=1.00), M=0.338(csns=1.00), S=0.273(csns=0.83), align_str=0.367
2026-04-01 09:45:39  INFO      TradingGraph: Running agents for EURGBP
2026-04-01 09:45:39  INFO      TradingGraph: Completed 15 agents
2026-04-01 09:45:39  INFO      TradingGraph: Fusing timeframe signals
2026-04-01 09:45:39  INFO      TradingGraph: Fusion: L=0.179(csns=1.00), M=0.216(csns=1.00), S=0.036(csns=0.29), align_str=0.112
2026-04-01 09:45:39  INFO      TradingGraph: Running agents for AUDJPY
2026-04-01 09:45:40  INFO      TradingGraph: Completed 15 agents
2026-04-01 09:45:40  INFO      TradingGraph: Fusing timeframe signals
2026-04-01 09:45:40  INFO      TradingGraph: Fusion: L=0.534(csns=1.00), M=0.357(csns=1.00), S=0.273(csns=0.83), align_str=0.373
2026-04-01 09:45:40  INFO      TradingGraph: Running agents for EURUSD
2026-04-01 09:45:40  INFO      TradingGraph: Completed 15 agents
2026-04-01 09:45:40  INFO      TradingGraph: Fusing timeframe signals
2026-04-01 09:45:40  INFO      TradingGraph: Fusion: L=-0.305(csns=0.50), M=0.589(csns=1.00), S=0.156(csns=0.83), align_str=0.000
2026-04-01 09:45:40  INFO      TradingGraph: Running agents for XAGUSD
2026-04-01 09:45:40  INFO      TradingGraph: Completed 15 agents
2026-04-01 09:45:40  INFO      TradingGraph: Fusing timeframe signals
2026-04-01 09:45:40  INFO      TradingGraph: Fusion: L=-0.206(csns=0.50), M=0.318(csns=1.00), S=0.193(csns=1.00), align_str=0.000
2026-04-01 09:45:40  INFO      TradingGraph: Running agents for AUDJPY
2026-04-01 09:45:41  INFO      TradingGraph: Completed 15 agents
2026-04-01 09:45:41  INFO      TradingGraph: Fusing timeframe signals
2026-04-01 09:45:41  INFO      TradingGraph: Fusion: L=0.534(csns=1.00), M=0.299(csns=1.00), S=0.269(csns=0.83), align_str=0.350
2026-04-01 09:45:41  INFO      TradingGraph: Running agents for EURCHF
2026-04-01 09:45:41  INFO      TradingGraph: Completed 15 agents
2026-04-01 09:45:41  INFO      TradingGraph: Fusing timeframe signals
2026-04-01 09:45:41  INFO      TradingGraph: Fusion: L=-0.366(csns=1.00), M=-0.018(csns=0.33), S=-0.103(csns=0.71), align_str=0.088
2026-04-01 09:45:41  INFO      TradingGraph: Running agents for EURCHF
2026-04-01 09:45:41  INFO      TradingGraph: Completed 15 agents
2026-04-01 09:45:41  INFO      TradingGraph: Fusing timeframe signals
2026-04-01 09:45:41  INFO      TradingGraph: Fusion: L=-0.366(csns=1.00), M=-0.019(csns=0.33), S=-0.103(csns=0.71), align_str=0.089
2026-04-01 09:46:37  INFO      TrailingStopManager: [STALE-SL] SELL GBPUSD #56029942781: SL 1.32913→1.32584 (held 6.3h, cap=0.49R, progress=3%)
2026-04-01 09:46:37  WARNING   MT5Executor: SL modification failed: retcode=10016 — original SL still active
2026-04-01 09:46:37  INFO      TrailingStopManager: [STALE-SL] BUY EURGBP #56030021656: SL 0.87215→0.87286 (held 6.1h, cap=0.50R, progress=1%)
2026-04-01 09:46:37  WARNING   MT5Executor: SL modification failed: retcode=10016 — original SL still active
2026-04-01 09:46:38  INFO      TradingGraph: Running agents for GBPUSD
2026-04-01 09:46:38  INFO      TradingGraph: Completed 15 agents
2026-04-01 09:46:38  INFO      TradingGraph: Fusing timeframe signals
2026-04-01 09:46:38  INFO      TradingGraph: Fusion: L=-0.576(csns=1.00), M=0.513(csns=1.00), S=0.141(csns=0.71), align_str=0.000
2026-04-01 09:46:39  INFO      TradingGraph: Running agents for AUDJPY
2026-04-01 09:46:39  INFO      TradingGraph: Completed 15 agents
2026-04-01 09:46:39  INFO      TradingGraph: Fusing timeframe signals
2026-04-01 09:46:39  INFO      TradingGraph: Fusion: L=0.537(csns=1.00), M=0.440(csns=1.00), S=0.216(csns=0.67), align_str=0.371
2026-04-01 09:46:39  INFO      TradingGraph: Running agents for EURGBP
2026-04-01 09:46:39  INFO      TradingGraph: Completed 15 agents
2026-04-01 09:46:39  INFO      TradingGraph: Fusing timeframe signals
2026-04-01 09:46:39  INFO      TradingGraph: Fusion: L=0.180(csns=1.00), M=0.225(csns=1.00), S=0.052(csns=0.29), align_str=0.128
2026-04-01 09:46:40  INFO      TradingGraph: Running agents for AUDJPY
2026-04-01 09:46:40  INFO      TradingGraph: Completed 15 agents
2026-04-01 09:46:40  INFO      TradingGraph: Fusing timeframe signals
2026-04-01 09:46:40  INFO      TradingGraph: Fusion: L=0.537(csns=1.00), M=0.440(csns=1.00), S=0.216(csns=0.67), align_str=0.371
2026-04-01 09:46:40  INFO      TradingGraph: Running agents for EURUSD
2026-04-01 09:46:40  INFO      TradingGraph: Completed 15 agents
2026-04-01 09:46:40  INFO      TradingGraph: Fusing timeframe signals
2026-04-01 09:46:40  INFO      TradingGraph: Fusion: L=-0.304(csns=0.50), M=0.610(csns=1.00), S=0.177(csns=0.83), align_str=0.000
2026-04-01 09:46:40  INFO      TradingGraph: Running agents for XAGUSD
2026-04-01 09:46:40  INFO      TradingGraph: Completed 15 agents
2026-04-01 09:46:40  INFO      TradingGraph: Fusing timeframe signals
2026-04-01 09:46:40  INFO      TradingGraph: Fusion: L=-0.206(csns=0.50), M=0.321(csns=1.00), S=0.217(csns=1.00), align_str=0.000
2026-04-01 09:46:41  INFO      TradingGraph: Running agents for AUDJPY
2026-04-01 09:46:41  INFO      TradingGraph: Completed 15 agents
2026-04-01 09:46:41  INFO      TradingGraph: Fusing timeframe signals
2026-04-01 09:46:41  INFO      TradingGraph: Fusion: L=0.537(csns=1.00), M=0.439(csns=1.00), S=0.216(csns=0.67), align_str=0.370
2026-04-01 09:46:41  INFO      TradingGraph: Running agents for EURCHF
2026-04-01 09:46:41  INFO      TradingGraph: Completed 15 agents
2026-04-01 09:46:41  INFO      TradingGraph: Fusing timeframe signals
2026-04-01 09:46:41  INFO      TradingGraph: Fusion: L=-0.366(csns=1.00), M=-0.018(csns=0.33), S=-0.103(csns=0.71), align_str=0.087
2026-04-01 09:46:42  INFO      TradingGraph: Running agents for EURCHF
2026-04-01 09:46:42  INFO      TradingGraph: Completed 15 agents
2026-04-01 09:46:42  INFO      TradingGraph: Fusing timeframe signals
2026-04-01 09:46:42  INFO      TradingGraph: Fusion: L=-0.367(csns=1.00), M=-0.021(csns=0.33), S=-0.103(csns=0.71), align_str=0.092
2026-04-01 09:47:37  INFO      TrailingStopManager: [STALE-SL] SELL GBPUSD #56029942781: SL 1.32913→1.32583 (held 6.3h, cap=0.49R, progress=3%)
2026-04-01 09:47:37  WARNING   MT5Executor: SL modification failed: retcode=10016 — original SL still active
2026-04-01 09:47:37  INFO      TrailingStopManager: [STALE-SL] BUY EURGBP #56030021656: SL 0.87215→0.87286 (held 6.2h, cap=0.50R, progress=1%)
2026-04-01 09:47:37  INFO      MT5Executor: SL modified for position 56030021656: 0.87286
2026-04-01 09:47:38  INFO      TradingGraph: Running agents for GBPUSD
2026-04-01 09:47:38  INFO      TradingGraph: Completed 15 agents
2026-04-01 09:47:38  INFO      TradingGraph: Fusing timeframe signals
2026-04-01 09:47:38  INFO      TradingGraph: Fusion: L=-0.576(csns=1.00), M=0.520(csns=1.00), S=0.152(csns=0.71), align_str=0.000
2026-04-01 09:47:39  INFO      TradingGraph: Running agents for AUDJPY
2026-04-01 09:47:39  INFO      TradingGraph: Completed 15 agents
2026-04-01 09:47:39  INFO      TradingGraph: Fusing timeframe signals
2026-04-01 09:47:39  INFO      TradingGraph: Fusion: L=0.536(csns=1.00), M=0.413(csns=1.00), S=0.210(csns=0.67), align_str=0.360
2026-04-01 09:47:39  INFO      TradingGraph: Running agents for EURGBP
2026-04-01 09:47:39  INFO      TradingGraph: Completed 15 agents
2026-04-01 09:47:39  INFO      TradingGraph: Fusing timeframe signals
2026-04-01 09:47:39  INFO      TradingGraph: Fusion: L=0.181(csns=1.00), M=0.188(csns=1.00), S=0.051(csns=0.25), align_str=0.120
2026-04-01 09:47:40  INFO      TradingGraph: Running agents for AUDJPY
2026-04-01 09:47:40  INFO      TradingGraph: Completed 15 agents
2026-04-01 09:47:40  INFO      TradingGraph: Fusing timeframe signals
2026-04-01 09:47:40  INFO      TradingGraph: Fusion: L=0.536(csns=1.00), M=0.413(csns=1.00), S=0.210(csns=0.67), align_str=0.360
2026-04-01 09:47:40  INFO      TradingGraph: Running agents for EURUSD
2026-04-01 09:47:40  INFO      TradingGraph: Completed 15 agents
2026-04-01 09:47:40  INFO      TradingGraph: Fusing timeframe signals
2026-04-01 09:47:40  INFO      TradingGraph: Fusion: L=-0.303(csns=0.50), M=0.617(csns=1.00), S=0.179(csns=0.83), align_str=0.000
2026-04-01 09:47:40  INFO      TradingGraph: Running agents for XAGUSD
2026-04-01 09:47:40  INFO      TradingGraph: Completed 15 agents
2026-04-01 09:47:40  INFO      TradingGraph: Fusing timeframe signals
2026-04-01 09:47:40  INFO      TradingGraph: Fusion: L=-0.206(csns=0.50), M=0.320(csns=1.00), S=0.208(csns=1.00), align_str=0.000
2026-04-01 09:47:41  INFO      TradingGraph: Running agents for AUDJPY
2026-04-01 09:47:41  INFO      TradingGraph: Completed 15 agents
2026-04-01 09:47:41  INFO      TradingGraph: Fusing timeframe signals
2026-04-01 09:47:41  INFO      TradingGraph: Fusion: L=0.536(csns=1.00), M=0.413(csns=1.00), S=0.210(csns=0.67), align_str=0.360
2026-04-01 09:47:41  INFO      TradingGraph: Running agents for EURCHF
2026-04-01 09:47:41  INFO      TradingGraph: Completed 15 agents
2026-04-01 09:47:41  INFO      TradingGraph: Fusing timeframe signals
2026-04-01 09:47:41  INFO      TradingGraph: Fusion: L=-0.366(csns=1.00), M=-0.017(csns=0.33), S=-0.103(csns=0.71), align_str=0.086
2026-04-01 09:47:41  INFO      TradingGraph: Running agents for EURCHF
2026-04-01 09:47:42  INFO      TradingGraph: Completed 15 agents
2026-04-01 09:47:42  INFO      TradingGraph: Fusing timeframe signals
2026-04-01 09:47:42  INFO      TradingGraph: Fusion: L=-0.366(csns=1.00), M=-0.017(csns=0.33), S=-0.103(csns=0.71), align_str=0.086
2026-04-01 09:48:37  INFO      TrailingStopManager: [STALE-SL] SELL GBPUSD #56029942781: SL 1.32913→1.32583 (held 6.3h, cap=0.49R, progress=3%)
2026-04-01 09:48:37  WARNING   MT5Executor: SL modification failed: retcode=10016 — original SL still active
2026-04-01 09:48:38  WARNING   TradingRunner: [DD CLOSE-ALL] Daily drawdown -6.40% breached -5.50% ceiling — closing all open positions
2026-04-01 09:48:38  WARNING   TradingRunner: [CLOSE ALL] Closing 8 position(s) — drawdown circuit breaker: -6.40% < -5.50%
2026-04-01 09:48:38  INFO      MT5Executor: Position 56029942781 closed
2026-04-01 09:48:38  INFO      TradingRunner:   Closed GBPUSD #56029942781  pnl=-4.17
2026-04-01 09:48:38  INFO      MT5Executor: Position 56030021563 closed
2026-04-01 09:48:38  INFO      TradingRunner:   Closed AUDJPY #56030021563  pnl=+2.60
2026-04-01 09:48:38  INFO      MT5Executor: Position 56030376480 closed
2026-04-01 09:48:38  INFO      TradingRunner:   Closed AUDJPY #56030376480  pnl=+2.48
2026-04-01 09:48:38  INFO      MT5Executor: Position 56036307276 closed
2026-04-01 09:48:38  INFO      TradingRunner:   Closed EURUSD #56036307276  pnl=+0.04
2026-04-01 09:48:38  INFO      MT5Executor: Position 56036308280 closed
2026-04-01 09:48:38  INFO      TradingRunner:   Closed XAGUSD #56036308280  pnl=-15.79
2026-04-01 09:48:39  INFO      MT5Executor: Position 56036692622 closed
2026-04-01 09:48:39  INFO      TradingRunner:   Closed AUDJPY #56036692622  pnl=+0.43
2026-04-01 09:48:39  INFO      MT5Executor: Position 56036693251 closed
2026-04-01 09:48:39  INFO      TradingRunner:   Closed EURCHF #56036693251  pnl=+1.32
2026-04-01 09:48:39  INFO      MT5Executor: Position 56037395684 closed
2026-04-01 09:48:39  INFO      TradingRunner:   Closed EURCHF #56037395684  pnl=+0.78
2026-04-01 09:48:47  INFO      TradingRunner: Analysing EURUSD …
2026-04-01 09:48:47  INFO      TradingGraph: Running agents for EURUSD
2026-04-01 09:48:47  INFO      TradingGraph: Completed 15 agents
2026-04-01 09:48:47  INFO      TradingGraph: Fusing timeframe signals
2026-04-01 09:48:47  INFO      TradingGraph: Fusion: L=-0.341(csns=0.50), M=0.558(csns=1.00), S=0.260(csns=1.00), align_str=0.000
2026-04-01 09:48:47  INFO      TradingGraph: Aligned [counter-trend-scalp] (bullish) — proceeding [L=-0.341 M=0.558 S=0.260 breadth=-0.124]
2026-04-01 09:48:47  INFO      TradingGraph: Generating trading recipe
2026-04-01 09:48:47  INFO      TradingGraph: Generated recipe: RISKY_LONG_COUNTER_TREND_SCALP_EURUSD
2026-04-01 09:48:47  INFO      TradingGraph: Daily drawdown limit exceeded
2026-04-01 09:48:47  INFO      TradingRunner: Analysing GBPUSD …
2026-04-01 09:48:47  INFO      TradingGraph: Running agents for GBPUSD
2026-04-01 09:48:47  INFO      TradingGraph: Completed 15 agents
2026-04-01 09:48:47  INFO      TradingGraph: Fusing timeframe signals
2026-04-01 09:48:47  INFO      TradingGraph: Fusion: L=-0.574(csns=1.00), M=0.464(csns=1.00), S=0.173(csns=0.83), align_str=0.000
2026-04-01 09:48:47  INFO      TradingGraph: Aligned [counter-trend-scalp] (bullish) — proceeding [L=-0.574 M=0.464 S=0.173 breadth=-0.124]
2026-04-01 09:48:47  INFO      TradingGraph: Generating trading recipe
2026-04-01 09:48:47  INFO      TradingGraph: Generated recipe: RISKY_LONG_COUNTER_TREND_SCALP_GBPUSD
2026-04-01 09:48:47  INFO      TradingGraph: Daily drawdown limit exceeded
2026-04-01 09:48:47  INFO      TradingRunner: Analysing USDJPY …
2026-04-01 09:48:47  INFO      TradingGraph: Running agents for USDJPY
2026-04-01 09:48:47  INFO      TradingGraph: Completed 15 agents
2026-04-01 09:48:47  INFO      TradingGraph: Fusing timeframe signals
2026-04-01 09:48:47  INFO      TradingGraph: Fusion: L=0.227(csns=0.33), M=-0.464(csns=1.00), S=-0.196(csns=0.83), align_str=0.000
2026-04-01 09:48:47  INFO      TradingGraph: Aligned [counter-trend-scalp] (bearish) — proceeding [L=0.227 M=-0.464 S=-0.196 breadth=-0.124]
2026-04-01 09:48:47  INFO      TradingGraph: Generating trading recipe
2026-04-01 09:48:47  INFO      TradingGraph: Generated recipe: RISKY_SHORT_COUNTER_TREND_SCALP_USDJPY
2026-04-01 09:48:47  INFO      TradingGraph: Daily drawdown limit exceeded
2026-04-01 09:48:47  INFO      TradingRunner: Analysing USDCHF …
2026-04-01 09:48:47  INFO      TradingGraph: Running agents for USDCHF
2026-04-01 09:48:47  INFO      TradingGraph: Completed 15 agents
2026-04-01 09:48:47  INFO      TradingGraph: Fusing timeframe signals
2026-04-01 09:48:47  INFO      TradingGraph: Fusion: L=0.531(csns=1.00), M=-0.625(csns=1.00), S=-0.149(csns=0.83), align_str=0.000
2026-04-01 09:48:47  INFO      TradingGraph: Timeframes not aligned — stopping (L=0.531 M=-0.625 S=-0.149)
2026-04-01 09:48:47  INFO      TradingRunner: Analysing AUDUSD …
2026-04-01 09:48:47  INFO      TradingGraph: Running agents for AUDUSD
2026-04-01 09:48:47  INFO      TradingGraph: Completed 15 agents
2026-04-01 09:48:47  INFO      TradingGraph: Fusing timeframe signals
2026-04-01 09:48:47  INFO      TradingGraph: Fusion: L=0.016(csns=1.00), M=0.523(csns=1.00), S=0.370(csns=0.71), align_str=0.147
2026-04-01 09:48:47  INFO      TradingGraph: Timeframes not aligned — stopping (L=0.016 M=0.523 S=0.370)
2026-04-01 09:48:47  INFO      TradingRunner: Analysing USDCAD …
2026-04-01 09:48:47  INFO      TradingGraph: Running agents for USDCAD
2026-04-01 09:48:47  INFO      TradingGraph: Completed 15 agents
2026-04-01 09:48:47  INFO      TradingGraph: Fusing timeframe signals
2026-04-01 09:48:47  INFO      TradingGraph: Fusion: L=0.367(csns=0.67), M=-0.152(csns=1.00), S=0.073(csns=0.80), align_str=0.000
2026-04-01 09:48:47  INFO      TradingGraph: Timeframes not aligned — stopping (L=0.367 M=-0.152 S=0.073)
2026-04-01 09:48:47  INFO      TradingRunner: Analysing US30 …
2026-04-01 09:48:47  INFO      TradingGraph: Running agents for US30
2026-04-01 09:48:47  INFO      TradingGraph: Completed 15 agents
2026-04-01 09:48:47  INFO      TradingGraph: Fusing timeframe signals
2026-04-01 09:48:47  INFO      TradingGraph: Fusion: L=-0.373(csns=1.00), M=0.456(csns=1.00), S=0.273(csns=0.80), align_str=0.000
2026-04-01 09:48:47  INFO      TradingGraph: Aligned [counter-trend-scalp] (bullish) — proceeding [L=-0.373 M=0.456 S=0.273 breadth=-0.124]
2026-04-01 09:48:47  INFO      TradingGraph: Generating trading recipe
2026-04-01 09:48:47  INFO      TradingGraph: Generated recipe: RISKY_LONG_COUNTER_TREND_SCALP_US30
2026-04-01 09:48:47  INFO      TradingGraph: Daily drawdown limit exceeded
2026-04-01 09:48:47  INFO      TradingRunner: Analysing US500 …
2026-04-01 09:48:47  INFO      TradingGraph: Running agents for US500
2026-04-01 09:48:48  INFO      TradingGraph: Completed 15 agents
2026-04-01 09:48:48  INFO      TradingGraph: Fusing timeframe signals
2026-04-01 09:48:48  INFO      TradingGraph: Fusion: L=-0.413(csns=1.00), M=0.457(csns=1.00), S=0.271(csns=0.80), align_str=0.000
2026-04-01 09:48:48  INFO      TradingGraph: Aligned [counter-trend-scalp] (bullish) — proceeding [L=-0.413 M=0.457 S=0.271 breadth=-0.124]
2026-04-01 09:48:48  INFO      TradingGraph: Generating trading recipe
2026-04-01 09:48:48  INFO      TradingGraph: Generated recipe: RISKY_LONG_COUNTER_TREND_SCALP_US500
2026-04-01 09:48:48  INFO      TradingGraph: Daily drawdown limit exceeded
2026-04-01 09:48:48  INFO      TradingRunner: Analysing USTEC …
2026-04-01 09:48:48  INFO      TradingGraph: Running agents for USTEC
2026-04-01 09:48:48  INFO      TradingGraph: Completed 15 agents
2026-04-01 09:48:48  INFO      TradingGraph: Fusing timeframe signals
2026-04-01 09:48:48  INFO      TradingGraph: Fusion: L=-0.429(csns=1.00), M=0.484(csns=1.00), S=0.288(csns=0.80), align_str=0.000
2026-04-01 09:48:48  INFO      TradingGraph: Aligned [counter-trend-scalp] (bullish) — proceeding [L=-0.429 M=0.484 S=0.288 breadth=-0.124]
2026-04-01 09:48:48  INFO      TradingGraph: Generating trading recipe
2026-04-01 09:48:48  INFO      TradingGraph: Generated recipe: RISKY_LONG_COUNTER_TREND_SCALP_USTEC
2026-04-01 09:48:48  INFO      TradingGraph: Daily drawdown limit exceeded
2026-04-01 09:48:48  INFO      TradingRunner: Analysing DAX …
2026-04-01 09:48:48  INFO      TradingGraph: Running agents for DAX
2026-04-01 09:48:48  INFO      TradingGraph: Completed 15 agents
2026-04-01 09:48:48  INFO      TradingGraph: Fusing timeframe signals
2026-04-01 09:48:48  INFO      TradingGraph: Fusion: L=-0.076(csns=1.00), M=0.189(csns=0.50), S=0.242(csns=0.71), align_str=0.000
2026-04-01 09:48:48  INFO      TradingGraph: Timeframes not aligned — stopping (L=-0.076 M=0.189 S=0.242)
2026-04-01 09:48:48  INFO      TradingRunner: Analysing UK100 …
2026-04-01 09:48:48  INFO      TradingGraph: Running agents for UK100
2026-04-01 09:48:48  INFO      TradingGraph: Completed 15 agents
2026-04-01 09:48:48  INFO      TradingGraph: Fusing timeframe signals
2026-04-01 09:48:48  INFO      TradingGraph: Fusion: L=0.171(csns=1.00), M=0.464(csns=1.00), S=0.416(csns=0.80), align_str=0.321
2026-04-01 09:48:48  INFO      TradingGraph: Timeframes not aligned — stopping (L=0.171 M=0.464 S=0.416)
2026-04-01 09:48:48  INFO      TradingRunner: Analysing EURJPY …
2026-04-01 09:48:48  INFO      TradingGraph: Running agents for EURJPY
2026-04-01 09:48:48  INFO      TradingGraph: Completed 15 agents
2026-04-01 09:48:48  INFO      TradingGraph: Fusing timeframe signals
2026-04-01 09:48:48  INFO      TradingGraph: Fusion: L=-0.074(csns=0.50), M=0.209(csns=1.00), S=-0.207(csns=0.60), align_str=0.000
2026-04-01 09:48:48  INFO      TradingGraph: Timeframes not aligned — stopping (L=-0.074 M=0.209 S=-0.207)
2026-04-01 09:48:48  INFO      TradingRunner: Analysing GBPJPY …
2026-04-01 09:48:48  INFO      TradingGraph: Running agents for GBPJPY
2026-04-01 09:48:48  INFO      TradingGraph: Completed 15 agents
2026-04-01 09:48:48  INFO      TradingGraph: Fusing timeframe signals
2026-04-01 09:48:48  INFO      TradingGraph: Fusion: L=0.042(csns=0.50), M=0.000(csns=0.50), S=0.049(csns=0.50), align_str=0.009
2026-04-01 09:48:48  INFO      TradingGraph: Timeframes not aligned — stopping (L=0.042 M=0.000 S=0.049)
2026-04-01 09:48:48  INFO      TradingRunner: Analysing AUDJPY …
2026-04-01 09:48:48  INFO      TradingGraph: Running agents for AUDJPY
2026-04-01 09:48:48  INFO      TradingGraph: Completed 15 agents
2026-04-01 09:48:48  INFO      TradingGraph: Fusing timeframe signals
2026-04-01 09:48:48  INFO      TradingGraph: Fusion: L=0.535(csns=1.00), M=0.368(csns=1.00), S=0.209(csns=0.67), align_str=0.345
2026-04-01 09:48:48  INFO      TradingGraph: Aligned [full-alignment] (bullish) — proceeding [L=0.535 M=0.368 S=0.209 breadth=-0.124]
2026-04-01 09:48:48  INFO      TradingGraph: Generating trading recipe
2026-04-01 09:48:48  INFO      TradingGraph: Generated recipe: RISKY_LONG_FULL_ALIGNMENT_AUDJPY
2026-04-01 09:48:48  INFO      TradingGraph: Daily drawdown limit exceeded
2026-04-01 09:48:48  INFO      TradingRunner: Analysing EURGBP …
2026-04-01 09:48:48  INFO      TradingGraph: Running agents for EURGBP
2026-04-01 09:48:48  INFO      TradingGraph: Completed 15 agents
2026-04-01 09:48:48  INFO      TradingGraph: Fusing timeframe signals
2026-04-01 09:48:48  INFO      TradingGraph: Fusion: L=0.180(csns=1.00), M=0.186(csns=1.00), S=0.056(csns=0.40), align_str=0.124
2026-04-01 09:48:48  INFO      TradingGraph: Aligned [pullback-entry] (bullish) — proceeding [L=0.180 M=0.186 S=0.056 breadth=-0.124]
2026-04-01 09:48:48  INFO      TradingGraph: Generating trading recipe
2026-04-01 09:48:48  INFO      TradingGraph: Generated recipe: RISKY_LONG_PULLBACK_ENTRY_EURGBP
2026-04-01 09:48:48  INFO      TradingGraph: Daily drawdown limit exceeded
2026-04-01 09:48:48  INFO      TradingRunner: Analysing CHFJPY …
2026-04-01 09:48:48  INFO      TradingGraph: Running agents for CHFJPY
2026-04-01 09:48:48  INFO      TradingGraph: Completed 15 agents
2026-04-01 09:48:48  INFO      TradingGraph: Fusing timeframe signals
2026-04-01 09:48:48  INFO      TradingGraph: Fusion: L=0.325(csns=0.50), M=0.151(csns=1.00), S=0.247(csns=0.67), align_str=0.230
2026-04-01 09:48:48  INFO      TradingGraph: Aligned [full-alignment] (bullish) — proceeding [L=0.325 M=0.151 S=0.247 breadth=-0.124]
2026-04-01 09:48:48  INFO      TradingGraph: Generating trading recipe
2026-04-01 09:48:48  INFO      TradingGraph: Generated recipe: RISKY_LONG_FULL_ALIGNMENT_CHFJPY
2026-04-01 09:48:48  INFO      TradingGraph: Daily drawdown limit exceeded
2026-04-01 09:48:48  INFO      TradingRunner: Analysing XAGUSD …
2026-04-01 09:48:48  INFO      TradingGraph: Running agents for XAGUSD
2026-04-01 09:48:48  INFO      TradingGraph: Completed 15 agents
2026-04-01 09:48:48  INFO      TradingGraph: Fusing timeframe signals
2026-04-01 09:48:48  INFO      TradingGraph: Fusion: L=-0.206(csns=0.50), M=0.310(csns=1.00), S=0.059(csns=0.33), align_str=0.000
2026-04-01 09:48:48  INFO      TradingGraph: Timeframes not aligned — stopping (L=-0.206 M=0.310 S=0.059)
2026-04-01 09:48:48  INFO      TradingRunner: PnL — unrealized: +0.00  realized today: +2.21  total: +2.21
2026-04-01 09:48:48  INFO      TradingRunner: Signal cycle done in 7.8s — sleeping 292s
2026-04-01 09:49:37  WARNING   TradingRunner: [DD CLOSE-ALL] Daily drawdown -6.50% breached -5.50% ceiling — closing all open positions
2026-04-01 09:49:37  INFO      TradingRunner: [CLOSE ALL] No open positions (drawdown circuit breaker: -6.50% < -5.50%)
2026-04-01 09:50:37  WARNING   TradingRunner: [DD CLOSE-ALL] Daily drawdown -6.50% breached -5.50% ceiling — closing all open positions
2026-04-01 09:50:37  INFO      TradingRunner: [CLOSE ALL] No open positions (drawdown circuit breaker: -6.50% < -5.50%)
2026-04-01 09:50:51  INFO      TradingRunner: [WATCHDOG] alive | equity=117.36 | cycle=3 | profile=risky
2026-04-01 09:51:37  WARNING   TradingRunner: [DD CLOSE-ALL] Daily drawdown -6.50% breached -5.50% ceiling — closing all open positions
2026-04-01 09:51:37  INFO      TradingRunner: [CLOSE ALL] No open positions (drawdown circuit breaker: -6.50% < -5.50%)
2026-04-01 09:52:37  WARNING   TradingRunner: [DD CLOSE-ALL] Daily drawdown -6.50% breached -5.50% ceiling — closing all open positions
2026-04-01 09:52:37  INFO      TradingRunner: [CLOSE ALL] No open positions (drawdown circuit breaker: -6.50% < -5.50%)
2026-04-01 09:53:37  WARNING   TradingRunner: [DD CLOSE-ALL] Daily drawdown -6.50% breached -5.50% ceiling — closing all open positions
2026-04-01 09:53:37  INFO      TradingRunner: [CLOSE ALL] No open positions (drawdown circuit breaker: -6.50% < -5.50%)
2026-04-01 09:53:45  INFO      TradingRunner: Analysing EURUSD …
2026-04-01 09:53:45  INFO      TradingGraph: Running agents for EURUSD
2026-04-01 09:53:45  INFO      TradingGraph: Completed 15 agents
2026-04-01 09:53:45  INFO      TradingGraph: Fusing timeframe signals
2026-04-01 09:53:45  INFO      TradingGraph: Fusion: L=-0.341(csns=0.50), M=0.552(csns=1.00), S=0.295(csns=1.00), align_str=0.000
2026-04-01 09:53:45  INFO      TradingGraph: Aligned [counter-trend-scalp] (bullish) — proceeding [L=-0.341 M=0.552 S=0.295 breadth=-0.124]
2026-04-01 09:53:45  INFO      TradingGraph: Generating trading recipe
2026-04-01 09:53:45  INFO      TradingGraph: Generated recipe: RISKY_LONG_COUNTER_TREND_SCALP_EURUSD
2026-04-01 09:53:45  INFO      TradingGraph: Daily drawdown limit exceeded
2026-04-01 09:53:45  INFO      TradingRunner: Analysing GBPUSD …
2026-04-01 09:53:45  INFO      TradingGraph: Running agents for GBPUSD
2026-04-01 09:53:45  INFO      TradingGraph: Completed 15 agents
2026-04-01 09:53:45  INFO      TradingGraph: Fusing timeframe signals
2026-04-01 09:53:45  INFO      TradingGraph: Fusion: L=-0.574(csns=1.00), M=0.456(csns=1.00), S=0.219(csns=0.86), align_str=0.000
2026-04-01 09:53:45  INFO      TradingGraph: Aligned [counter-trend-scalp] (bullish) — proceeding [L=-0.574 M=0.456 S=0.219 breadth=-0.124]
2026-04-01 09:53:45  INFO      TradingGraph: Generating trading recipe
2026-04-01 09:53:45  INFO      TradingGraph: Generated recipe: RISKY_LONG_COUNTER_TREND_SCALP_GBPUSD
2026-04-01 09:53:45  INFO      TradingGraph: Daily drawdown limit exceeded
2026-04-01 09:53:45  INFO      TradingRunner: Analysing USDJPY …
2026-04-01 09:53:45  INFO      TradingGraph: Running agents for USDJPY
2026-04-01 09:53:45  INFO      TradingGraph: Completed 15 agents
2026-04-01 09:53:45  INFO      TradingGraph: Fusing timeframe signals
2026-04-01 09:53:45  INFO      TradingGraph: Fusion: L=0.227(csns=0.33), M=-0.447(csns=1.00), S=-0.151(csns=0.67), align_str=0.000
2026-04-01 09:53:45  INFO      TradingGraph: Aligned [counter-trend-scalp] (bearish) — proceeding [L=0.227 M=-0.447 S=-0.151 breadth=-0.124]
2026-04-01 09:53:45  INFO      TradingGraph: Generating trading recipe
2026-04-01 09:53:45  INFO      TradingGraph: Generated recipe: RISKY_SHORT_COUNTER_TREND_SCALP_USDJPY
2026-04-01 09:53:45  INFO      TradingGraph: Daily drawdown limit exceeded
2026-04-01 09:53:45  INFO      TradingRunner: Analysing USDCHF …
2026-04-01 09:53:45  INFO      TradingGraph: Running agents for USDCHF
2026-04-01 09:53:45  INFO      TradingGraph: Completed 15 agents
2026-04-01 09:53:45  INFO      TradingGraph: Fusing timeframe signals
2026-04-01 09:53:45  INFO      TradingGraph: Fusion: L=0.529(csns=1.00), M=-0.590(csns=1.00), S=-0.153(csns=0.71), align_str=0.000
2026-04-01 09:53:45  INFO      TradingGraph: Aligned [counter-trend-scalp] (bearish) — proceeding [L=0.529 M=-0.590 S=-0.153 breadth=-0.124]
2026-04-01 09:53:45  INFO      TradingGraph: Generating trading recipe
2026-04-01 09:53:45  INFO      TradingGraph: Generated recipe: RISKY_SHORT_COUNTER_TREND_SCALP_USDCHF
2026-04-01 09:53:45  INFO      TradingGraph: Daily drawdown limit exceeded
2026-04-01 09:53:45  INFO      TradingRunner: Analysing AUDUSD …
2026-04-01 09:53:45  INFO      TradingGraph: Running agents for AUDUSD
2026-04-01 09:53:45  INFO      TradingGraph: Completed 15 agents
2026-04-01 09:53:45  INFO      TradingGraph: Fusing timeframe signals
2026-04-01 09:53:45  INFO      TradingGraph: Fusion: L=0.016(csns=1.00), M=0.493(csns=1.00), S=0.429(csns=0.86), align_str=0.149
2026-04-01 09:53:45  INFO      TradingGraph: Timeframes not aligned — stopping (L=0.016 M=0.493 S=0.429)
2026-04-01 09:53:45  INFO      TradingRunner: Analysing USDCAD …
2026-04-01 09:53:45  INFO      TradingGraph: Running agents for USDCAD
2026-04-01 09:53:45  INFO      TradingGraph: Completed 15 agents
2026-04-01 09:53:45  INFO      TradingGraph: Fusing timeframe signals
2026-04-01 09:53:45  INFO      TradingGraph: Fusion: L=0.367(csns=0.67), M=-0.142(csns=1.00), S=0.113(csns=0.80), align_str=0.000
2026-04-01 09:53:45  INFO      TradingGraph: Aligned [pullback-entry] (bullish) — proceeding [L=0.367 M=-0.142 S=0.113 breadth=-0.124]
2026-04-01 09:53:45  INFO      TradingGraph: Generating trading recipe
2026-04-01 09:53:45  INFO      TradingGraph: Generated recipe: RISKY_LONG_PULLBACK_ENTRY_USDCAD
2026-04-01 09:53:45  INFO      TradingGraph: Daily drawdown limit exceeded
2026-04-01 09:53:45  INFO      TradingRunner: Analysing US30 …
2026-04-01 09:53:45  INFO      TradingGraph: Running agents for US30
2026-04-01 09:53:45  INFO      TradingGraph: Completed 15 agents
2026-04-01 09:53:45  INFO      TradingGraph: Fusing timeframe signals
2026-04-01 09:53:45  INFO      TradingGraph: Fusion: L=-0.371(csns=1.00), M=0.421(csns=1.00), S=0.318(csns=0.80), align_str=0.000
2026-04-01 09:53:45  INFO      TradingGraph: Aligned [counter-trend-scalp] (bullish) — proceeding [L=-0.371 M=0.421 S=0.318 breadth=-0.124]
2026-04-01 09:53:45  INFO      TradingGraph: Generating trading recipe
2026-04-01 09:53:45  INFO      TradingGraph: Generated recipe: RISKY_LONG_COUNTER_TREND_SCALP_US30
2026-04-01 09:53:45  INFO      TradingGraph: Daily drawdown limit exceeded
2026-04-01 09:53:45  INFO      TradingRunner: Analysing US500 …
2026-04-01 09:53:45  INFO      TradingGraph: Running agents for US500
2026-04-01 09:53:46  INFO      TradingGraph: Completed 15 agents
2026-04-01 09:53:46  INFO      TradingGraph: Fusing timeframe signals
2026-04-01 09:53:46  INFO      TradingGraph: Fusion: L=-0.412(csns=1.00), M=0.462(csns=1.00), S=0.403(csns=1.00), align_str=0.000
2026-04-01 09:53:46  INFO      TradingGraph: Aligned [counter-trend-scalp] (bullish) — proceeding [L=-0.412 M=0.462 S=0.403 breadth=-0.124]
2026-04-01 09:53:46  INFO      TradingGraph: Generating trading recipe
2026-04-01 09:53:46  INFO      TradingGraph: Generated recipe: RISKY_LONG_COUNTER_TREND_SCALP_US500
2026-04-01 09:53:46  INFO      TradingGraph: Daily drawdown limit exceeded
2026-04-01 09:53:46  INFO      TradingRunner: Analysing USTEC …
2026-04-01 09:53:46  INFO      TradingGraph: Running agents for USTEC
2026-04-01 09:53:46  INFO      TradingGraph: Completed 15 agents
2026-04-01 09:53:46  INFO      TradingGraph: Fusing timeframe signals
2026-04-01 09:53:46  INFO      TradingGraph: Fusion: L=-0.428(csns=1.00), M=0.489(csns=1.00), S=0.314(csns=0.80), align_str=0.000
2026-04-01 09:53:46  INFO      TradingGraph: Aligned [counter-trend-scalp] (bullish) — proceeding [L=-0.428 M=0.489 S=0.314 breadth=-0.124]
2026-04-01 09:53:46  INFO      TradingGraph: Generating trading recipe
2026-04-01 09:53:46  INFO      TradingGraph: Generated recipe: RISKY_LONG_COUNTER_TREND_SCALP_USTEC
2026-04-01 09:53:46  INFO      TradingGraph: Daily drawdown limit exceeded
2026-04-01 09:53:46  INFO      TradingRunner: Analysing DAX …
2026-04-01 09:53:46  INFO      TradingGraph: Running agents for DAX
2026-04-01 09:53:46  INFO      TradingGraph: Completed 15 agents
2026-04-01 09:53:46  INFO      TradingGraph: Fusing timeframe signals
2026-04-01 09:53:46  INFO      TradingGraph: Fusion: L=-0.075(csns=1.00), M=0.189(csns=0.50), S=0.242(csns=0.71), align_str=0.000
2026-04-01 09:53:46  INFO      TradingGraph: Timeframes not aligned — stopping (L=-0.075 M=0.189 S=0.242)
2026-04-01 09:53:46  INFO      TradingRunner: Analysing UK100 …
2026-04-01 09:53:46  INFO      TradingGraph: Running agents for UK100
2026-04-01 09:53:46  INFO      TradingGraph: Completed 15 agents
2026-04-01 09:53:46  INFO      TradingGraph: Fusing timeframe signals
2026-04-01 09:53:46  INFO      TradingGraph: Fusion: L=0.164(csns=1.00), M=0.422(csns=1.00), S=0.462(csns=1.00), align_str=0.317
2026-04-01 09:53:46  INFO      TradingGraph: Timeframes not aligned — stopping (L=0.164 M=0.422 S=0.462)
2026-04-01 09:53:46  INFO      TradingRunner: Analysing EURJPY …
2026-04-01 09:53:46  INFO      TradingGraph: Running agents for EURJPY
2026-04-01 09:53:46  INFO      TradingGraph: Completed 15 agents
2026-04-01 09:53:46  INFO      TradingGraph: Fusing timeframe signals
2026-04-01 09:53:46  INFO      TradingGraph: Fusion: L=-0.083(csns=0.50), M=0.279(csns=1.00), S=-0.162(csns=0.50), align_str=0.000
2026-04-01 09:53:46  INFO      TradingGraph: Timeframes not aligned — stopping (L=-0.083 M=0.279 S=-0.162)
2026-04-01 09:53:46  INFO      TradingRunner: Analysing GBPJPY …
2026-04-01 09:53:46  INFO      TradingGraph: Running agents for GBPJPY
2026-04-01 09:53:46  INFO      TradingGraph: Completed 15 agents
2026-04-01 09:53:46  INFO      TradingGraph: Fusing timeframe signals
2026-04-01 09:53:46  INFO      TradingGraph: Fusion: L=0.043(csns=0.50), M=0.019(csns=0.50), S=0.082(csns=0.75), align_str=0.041
2026-04-01 09:53:46  INFO      TradingGraph: Timeframes not aligned — stopping (L=0.043 M=0.019 S=0.082)
2026-04-01 09:53:46  INFO      TradingRunner: Analysing AUDJPY …
2026-04-01 09:53:46  INFO      TradingGraph: Running agents for AUDJPY
2026-04-01 09:53:46  INFO      TradingGraph: Completed 15 agents
2026-04-01 09:53:46  INFO      TradingGraph: Fusing timeframe signals
2026-04-01 09:53:46  INFO      TradingGraph: Fusion: L=0.487(csns=1.00), M=0.273(csns=1.00), S=0.369(csns=0.83), align_str=0.366
2026-04-01 09:53:46  INFO      TradingGraph: Aligned [full-alignment] (bullish) — proceeding [L=0.487 M=0.273 S=0.369 breadth=-0.124]
2026-04-01 09:53:46  INFO      TradingGraph: Generating trading recipe
2026-04-01 09:53:46  INFO      TradingGraph: Generated recipe: RISKY_LONG_FULL_ALIGNMENT_AUDJPY
2026-04-01 09:53:46  INFO      TradingGraph: Daily drawdown limit exceeded
2026-04-01 09:53:46  INFO      TradingRunner: Analysing EURGBP …
2026-04-01 09:53:46  INFO      TradingGraph: Running agents for EURGBP
2026-04-01 09:53:46  INFO      TradingGraph: Completed 15 agents
2026-04-01 09:53:46  INFO      TradingGraph: Fusing timeframe signals
2026-04-01 09:53:46  INFO      TradingGraph: Fusion: L=0.179(csns=1.00), M=0.188(csns=1.00), S=0.051(csns=0.25), align_str=0.120
2026-04-01 09:53:46  INFO      TradingGraph: Timeframes not aligned — stopping (L=0.179 M=0.188 S=0.051)
2026-04-01 09:53:46  INFO      TradingRunner: Analysing EURCHF …
2026-04-01 09:53:46  INFO      TradingGraph: Running agents for EURCHF
2026-04-01 09:53:46  INFO      TradingGraph: Completed 15 agents
2026-04-01 09:53:46  INFO      TradingGraph: Fusing timeframe signals
2026-04-01 09:53:46  INFO      TradingGraph: Fusion: L=-0.364(csns=1.00), M=-0.002(csns=0.33), S=-0.099(csns=0.71), align_str=0.042
2026-04-01 09:53:46  INFO      TradingGraph: Aligned [pullback-entry] (bearish) — proceeding [L=-0.364 M=-0.002 S=-0.099 breadth=-0.124]
2026-04-01 09:53:46  INFO      TradingGraph: Generating trading recipe
2026-04-01 09:53:46  INFO      TradingGraph: Generated recipe: RISKY_SHORT_PULLBACK_ENTRY_EURCHF
2026-04-01 09:53:46  INFO      TradingGraph: Daily drawdown limit exceeded
2026-04-01 09:53:46  INFO      TradingRunner: Analysing CHFJPY …
2026-04-01 09:53:46  INFO      TradingGraph: Running agents for CHFJPY
2026-04-01 09:53:46  INFO      TradingGraph: Completed 15 agents
2026-04-01 09:53:46  INFO      TradingGraph: Fusing timeframe signals
2026-04-01 09:53:46  INFO      TradingGraph: Fusion: L=0.325(csns=0.50), M=0.149(csns=1.00), S=0.248(csns=0.67), align_str=0.229
2026-04-01 09:53:46  INFO      TradingGraph: Aligned [full-alignment] (bullish) — proceeding [L=0.325 M=0.149 S=0.248 breadth=-0.124]
2026-04-01 09:53:46  INFO      TradingGraph: Generating trading recipe
2026-04-01 09:53:46  INFO      TradingGraph: Generated recipe: RISKY_LONG_FULL_ALIGNMENT_CHFJPY
2026-04-01 09:53:46  INFO      TradingGraph: Daily drawdown limit exceeded
2026-04-01 09:53:46  INFO      TradingRunner: Analysing XAGUSD …
2026-04-01 09:53:46  INFO      TradingGraph: Running agents for XAGUSD
2026-04-01 09:53:47  INFO      TradingGraph: Completed 15 agents
2026-04-01 09:53:47  INFO      TradingGraph: Fusing timeframe signals
2026-04-01 09:53:47  INFO      TradingGraph: Fusion: L=-0.205(csns=0.50), M=0.208(csns=1.00), S=0.011(csns=0.33), align_str=0.000
2026-04-01 09:53:47  INFO      TradingGraph: Timeframes not aligned — stopping (L=-0.205 M=0.208 S=0.011)
2026-04-01 09:53:47  INFO      TradingRunner: PnL — unrealized: +0.00  realized today: +2.21  total: +2.21
2026-04-01 09:53:47  INFO      TradingRunner: Signal cycle done in 6.0s — sleeping 294s
2026-04-01 09:54:37  WARNING   TradingRunner: [DD CLOSE-ALL] Daily drawdown -6.50% breached -5.50% ceiling — closing all open positions
2026-04-01 09:54:37  INFO      TradingRunner: [CLOSE ALL] No open positions (drawdown circuit breaker: -6.50% < -5.50%)
2026-04-01 09:55:37  WARNING   TradingRunner: [DD CLOSE-ALL] Daily drawdown -6.50% breached -5.50% ceiling — closing all open positions
2026-04-01 09:55:37  INFO      TradingRunner: [CLOSE ALL] No open positions (drawdown circuit breaker: -6.50% < -5.50%)
2026-04-01 09:56:37  WARNING   TradingRunner: [DD CLOSE-ALL] Daily drawdown -6.50% breached -5.50% ceiling — closing all open positions
2026-04-01 09:56:37  INFO      TradingRunner: [CLOSE ALL] No open positions (drawdown circuit breaker: -6.50% < -5.50%)
2026-04-01 09:57:38  WARNING   TradingRunner: [DD CLOSE-ALL] Daily drawdown -6.50% breached -5.50% ceiling — closing all open positions
2026-04-01 09:57:38  INFO      TradingRunner: [CLOSE ALL] No open positions (drawdown circuit breaker: -6.50% < -5.50%)
2026-04-01 09:58:38  WARNING   TradingRunner: [DD CLOSE-ALL] Daily drawdown -6.50% breached -5.50% ceiling — closing all open positions
2026-04-01 09:58:38  INFO      TradingRunner: [CLOSE ALL] No open positions (drawdown circuit breaker: -6.50% < -5.50%)
2026-04-01 09:58:46  INFO      TradingRunner: Analysing EURUSD …
2026-04-01 09:58:46  INFO      TradingGraph: Running agents for EURUSD
2026-04-01 09:58:46  INFO      TradingGraph: Completed 15 agents
2026-04-01 09:58:46  INFO      TradingGraph: Fusing timeframe signals
2026-04-01 09:58:46  INFO      TradingGraph: Fusion: L=-0.341(csns=0.50), M=0.543(csns=1.00), S=0.286(csns=1.00), align_str=0.000
2026-04-01 09:58:46  INFO      TradingGraph: Aligned [counter-trend-scalp] (bullish) — proceeding [L=-0.341 M=0.543 S=0.286 breadth=-0.124]
2026-04-01 09:58:46  INFO      TradingGraph: Generating trading recipe
2026-04-01 09:58:46  INFO      TradingGraph: Generated recipe: RISKY_LONG_COUNTER_TREND_SCALP_EURUSD
2026-04-01 09:58:46  INFO      TradingGraph: Daily drawdown limit exceeded
2026-04-01 09:58:46  INFO      TradingRunner: Analysing GBPUSD …
2026-04-01 09:58:46  INFO      TradingGraph: Running agents for GBPUSD
2026-04-01 09:58:46  INFO      TradingGraph: Completed 15 agents
2026-04-01 09:58:46  INFO      TradingGraph: Fusing timeframe signals
2026-04-01 09:58:46  INFO      TradingGraph: Fusion: L=-0.574(csns=1.00), M=0.436(csns=1.00), S=0.238(csns=0.86), align_str=0.000
2026-04-01 09:58:46  INFO      TradingGraph: Aligned [counter-trend-scalp] (bullish) — proceeding [L=-0.574 M=0.436 S=0.238 breadth=-0.124]
2026-04-01 09:58:46  INFO      TradingGraph: Generating trading recipe
2026-04-01 09:58:46  INFO      TradingGraph: Generated recipe: RISKY_LONG_COUNTER_TREND_SCALP_GBPUSD
2026-04-01 09:58:46  INFO      TradingGraph: Daily drawdown limit exceeded
2026-04-01 09:58:46  INFO      TradingRunner: Analysing USDJPY …
2026-04-01 09:58:46  INFO      TradingGraph: Running agents for USDJPY
2026-04-01 09:58:46  INFO      TradingGraph: Completed 15 agents
2026-04-01 09:58:46  INFO      TradingGraph: Fusing timeframe signals
2026-04-01 09:58:46  INFO      TradingGraph: Fusion: L=0.253(csns=0.33), M=-0.332(csns=1.00), S=-0.043(csns=0.50), align_str=0.000
2026-04-01 09:58:46  INFO      TradingGraph: Timeframes not aligned — stopping (L=0.253 M=-0.332 S=-0.043)
2026-04-01 09:58:46  INFO      TradingRunner: Analysing USDCHF …
2026-04-01 09:58:46  INFO      TradingGraph: Running agents for USDCHF
2026-04-01 09:58:46  INFO      TradingGraph: Completed 15 agents
2026-04-01 09:58:46  INFO      TradingGraph: Fusing timeframe signals
2026-04-01 09:58:46  INFO      TradingGraph: Fusion: L=0.526(csns=1.00), M=-0.562(csns=1.00), S=-0.176(csns=0.83), align_str=0.000
2026-04-01 09:58:46  INFO      TradingGraph: Aligned [counter-trend-scalp] (bearish) — proceeding [L=0.526 M=-0.562 S=-0.176 breadth=-0.124]
2026-04-01 09:58:46  INFO      TradingGraph: Generating trading recipe
2026-04-01 09:58:46  INFO      TradingGraph: Generated recipe: RISKY_SHORT_COUNTER_TREND_SCALP_USDCHF
2026-04-01 09:58:46  INFO      TradingGraph: Daily drawdown limit exceeded
2026-04-01 09:58:46  INFO      TradingRunner: Analysing AUDUSD …
2026-04-01 09:58:46  INFO      TradingGraph: Running agents for AUDUSD
2026-04-01 09:58:46  INFO      TradingGraph: Completed 15 agents
2026-04-01 09:58:46  INFO      TradingGraph: Fusing timeframe signals
2026-04-01 09:58:46  INFO      TradingGraph: Fusion: L=0.015(csns=1.00), M=0.459(csns=1.00), S=0.412(csns=0.86), align_str=0.142
2026-04-01 09:58:46  INFO      TradingGraph: Timeframes not aligned — stopping (L=0.015 M=0.459 S=0.412)
2026-04-01 09:58:46  INFO      TradingRunner: Analysing USDCAD …
2026-04-01 09:58:46  INFO      TradingGraph: Running agents for USDCAD
2026-04-01 09:58:46  INFO      TradingGraph: Completed 15 agents
2026-04-01 09:58:46  INFO      TradingGraph: Fusing timeframe signals
2026-04-01 09:58:46  INFO      TradingGraph: Fusion: L=0.368(csns=0.67), M=-0.139(csns=1.00), S=0.114(csns=0.80), align_str=0.000
2026-04-01 09:58:46  INFO      TradingGraph: Aligned [pullback-entry] (bullish) — proceeding [L=0.368 M=-0.139 S=0.114 breadth=-0.124]
2026-04-01 09:58:46  INFO      TradingGraph: Generating trading recipe
2026-04-01 09:58:46  INFO      TradingGraph: Generated recipe: RISKY_LONG_PULLBACK_ENTRY_USDCAD
2026-04-01 09:58:46  INFO      TradingGraph: Daily drawdown limit exceeded
2026-04-01 09:58:46  INFO      TradingRunner: Analysing US30 …
2026-04-01 09:58:46  INFO      TradingGraph: Running agents for US30
2026-04-01 09:58:46  INFO      TradingGraph: Completed 15 agents
2026-04-01 09:58:46  INFO      TradingGraph: Fusing timeframe signals
2026-04-01 09:58:46  INFO      TradingGraph: Fusion: L=-0.372(csns=1.00), M=0.418(csns=1.00), S=0.318(csns=0.80), align_str=0.000
2026-04-01 09:58:46  INFO      TradingGraph: Aligned [counter-trend-scalp] (bullish) — proceeding [L=-0.372 M=0.418 S=0.318 breadth=-0.124]
2026-04-01 09:58:46  INFO      TradingGraph: Generating trading recipe
2026-04-01 09:58:46  INFO      TradingGraph: Generated recipe: RISKY_LONG_COUNTER_TREND_SCALP_US30
2026-04-01 09:58:46  INFO      TradingGraph: Daily drawdown limit exceeded
2026-04-01 09:58:46  INFO      TradingRunner: Analysing US500 …
2026-04-01 09:58:46  INFO      TradingGraph: Running agents for US500
2026-04-01 09:58:46  INFO      TradingGraph: Completed 15 agents
2026-04-01 09:58:46  INFO      TradingGraph: Fusing timeframe signals
2026-04-01 09:58:46  INFO      TradingGraph: Fusion: L=-0.412(csns=1.00), M=0.462(csns=1.00), S=0.404(csns=1.00), align_str=0.000
2026-04-01 09:58:46  INFO      TradingGraph: Aligned [counter-trend-scalp] (bullish) — proceeding [L=-0.412 M=0.462 S=0.404 breadth=-0.124]
2026-04-01 09:58:46  INFO      TradingGraph: Generating trading recipe
2026-04-01 09:58:46  INFO      TradingGraph: Generated recipe: RISKY_LONG_COUNTER_TREND_SCALP_US500
2026-04-01 09:58:46  INFO      TradingGraph: Daily drawdown limit exceeded
2026-04-01 09:58:46  INFO      TradingRunner: Analysing USTEC …
2026-04-01 09:58:46  INFO      TradingGraph: Running agents for USTEC
2026-04-01 09:58:47  INFO      TradingGraph: Completed 15 agents
2026-04-01 09:58:47  INFO      TradingGraph: Fusing timeframe signals
2026-04-01 09:58:47  INFO      TradingGraph: Fusion: L=-0.428(csns=1.00), M=0.490(csns=1.00), S=0.325(csns=0.80), align_str=0.000
2026-04-01 09:58:47  INFO      TradingGraph: Aligned [counter-trend-scalp] (bullish) — proceeding [L=-0.428 M=0.490 S=0.325 breadth=-0.124]
2026-04-01 09:58:47  INFO      TradingGraph: Generating trading recipe
2026-04-01 09:58:47  INFO      TradingGraph: Generated recipe: RISKY_LONG_COUNTER_TREND_SCALP_USTEC
2026-04-01 09:58:47  INFO      TradingGraph: Daily drawdown limit exceeded
2026-04-01 09:58:47  INFO      TradingRunner: Analysing DAX …
2026-04-01 09:58:47  INFO      TradingGraph: Running agents for DAX
2026-04-01 09:58:47  INFO      TradingGraph: Completed 15 agents
2026-04-01 09:58:47  INFO      TradingGraph: Fusing timeframe signals
2026-04-01 09:58:47  INFO      TradingGraph: Fusion: L=-0.075(csns=1.00), M=0.189(csns=0.50), S=0.242(csns=0.71), align_str=0.000
2026-04-01 09:58:47  INFO      TradingGraph: Timeframes not aligned — stopping (L=-0.075 M=0.189 S=0.242)
2026-04-01 09:58:47  INFO      TradingRunner: Analysing UK100 …
2026-04-01 09:58:47  INFO      TradingGraph: Running agents for UK100
2026-04-01 09:58:47  INFO      TradingGraph: Completed 15 agents
2026-04-01 09:58:47  INFO      TradingGraph: Fusing timeframe signals
2026-04-01 09:58:47  INFO      TradingGraph: Fusion: L=0.169(csns=1.00), M=0.412(csns=1.00), S=0.414(csns=1.00), align_str=0.307
2026-04-01 09:58:47  INFO      TradingGraph: Timeframes not aligned — stopping (L=0.169 M=0.412 S=0.414)
2026-04-01 09:58:47  INFO      TradingRunner: Analysing EURJPY …
2026-04-01 09:58:47  INFO      TradingGraph: Running agents for EURJPY
2026-04-01 09:58:47  INFO      TradingGraph: Completed 15 agents
2026-04-01 09:58:47  INFO      TradingGraph: Fusing timeframe signals
2026-04-01 09:58:47  INFO      TradingGraph: Fusion: L=-0.082(csns=0.50), M=0.401(csns=1.00), S=-0.047(csns=0.50), align_str=0.000
2026-04-01 09:58:47  INFO      TradingGraph: Timeframes not aligned — stopping (L=-0.082 M=0.401 S=-0.047)
2026-04-01 09:58:47  INFO      TradingRunner: Analysing GBPJPY …
2026-04-01 09:58:47  INFO      TradingGraph: Running agents for GBPJPY
2026-04-01 09:58:47  INFO      TradingGraph: Completed 15 agents
2026-04-01 09:58:47  INFO      TradingGraph: Fusing timeframe signals
2026-04-01 09:58:47  INFO      TradingGraph: Fusion: L=0.038(csns=0.50), M=0.153(csns=1.00), S=0.307(csns=0.80), align_str=0.122
2026-04-01 09:58:47  INFO      TradingGraph: Timeframes not aligned — stopping (L=0.038 M=0.153 S=0.307)
2026-04-01 09:58:47  INFO      TradingRunner: Analysing AUDJPY …
2026-04-01 09:58:47  INFO      TradingGraph: Running agents for AUDJPY
2026-04-01 09:58:47  INFO      TradingGraph: Completed 15 agents
2026-04-01 09:58:47  INFO      TradingGraph: Fusing timeframe signals
2026-04-01 09:58:47  INFO      TradingGraph: Fusion: L=0.535(csns=1.00), M=0.434(csns=1.00), S=0.218(csns=0.67), align_str=0.370
2026-04-01 09:58:47  INFO      TradingGraph: Aligned [full-alignment] (bullish) — proceeding [L=0.535 M=0.434 S=0.218 breadth=-0.124]
2026-04-01 09:58:47  INFO      TradingGraph: Generating trading recipe
2026-04-01 09:58:47  INFO      TradingGraph: Generated recipe: RISKY_LONG_FULL_ALIGNMENT_AUDJPY
2026-04-01 09:58:47  INFO      TradingGraph: Daily drawdown limit exceeded
2026-04-01 09:58:47  INFO      TradingRunner: Analysing EURGBP …
2026-04-01 09:58:47  INFO      TradingGraph: Running agents for EURGBP
2026-04-01 09:58:47  INFO      TradingGraph: Completed 15 agents
2026-04-01 09:58:47  INFO      TradingGraph: Fusing timeframe signals
2026-04-01 09:58:47  INFO      TradingGraph: Fusion: L=0.179(csns=1.00), M=0.196(csns=1.00), S=0.286(csns=1.00), align_str=0.216
2026-04-01 09:58:47  INFO      TradingGraph: Timeframes not aligned — stopping (L=0.179 M=0.196 S=0.286)
2026-04-01 09:58:47  INFO      TradingRunner: Analysing EURCHF …
2026-04-01 09:58:47  INFO      TradingGraph: Running agents for EURCHF
2026-04-01 09:58:47  INFO      TradingGraph: Completed 15 agents
2026-04-01 09:58:47  INFO      TradingGraph: Fusing timeframe signals
2026-04-01 09:58:47  INFO      TradingGraph: Fusion: L=-0.363(csns=1.00), M=0.006(csns=0.67), S=-0.114(csns=0.71), align_str=0.000
2026-04-01 09:58:47  INFO      TradingGraph: Aligned [pullback-entry] (bearish) — proceeding [L=-0.363 M=0.006 S=-0.114 breadth=-0.124]
2026-04-01 09:58:47  INFO      TradingGraph: Generating trading recipe
2026-04-01 09:58:47  INFO      TradingGraph: Generated recipe: RISKY_SHORT_PULLBACK_ENTRY_EURCHF
2026-04-01 09:58:47  INFO      TradingGraph: Daily drawdown limit exceeded
2026-04-01 09:58:47  INFO      TradingRunner: Analysing CHFJPY …
2026-04-01 09:58:47  INFO      TradingGraph: Running agents for CHFJPY
2026-04-01 09:58:47  INFO      TradingGraph: Completed 15 agents
2026-04-01 09:58:47  INFO      TradingGraph: Fusing timeframe signals
2026-04-01 09:58:47  INFO      TradingGraph: Fusion: L=0.324(csns=0.50), M=0.204(csns=1.00), S=0.243(csns=0.67), align_str=0.252
2026-04-01 09:58:47  INFO      TradingGraph: Aligned [full-alignment] (bullish) — proceeding [L=0.324 M=0.204 S=0.243 breadth=-0.124]
2026-04-01 09:58:47  INFO      TradingGraph: Generating trading recipe
2026-04-01 09:58:47  INFO      TradingGraph: Generated recipe: RISKY_LONG_FULL_ALIGNMENT_CHFJPY
2026-04-01 09:58:47  INFO      TradingGraph: Daily drawdown limit exceeded
2026-04-01 09:58:47  INFO      TradingRunner: Analysing XAGUSD …
2026-04-01 09:58:47  INFO      TradingGraph: Running agents for XAGUSD
2026-04-01 09:58:47  INFO      TradingGraph: Completed 15 agents
2026-04-01 09:58:47  INFO      TradingGraph: Fusing timeframe signals
2026-04-01 09:58:47  INFO      TradingGraph: Fusion: L=-0.205(csns=0.50), M=0.204(csns=1.00), S=0.001(csns=0.33), align_str=0.000
2026-04-01 09:58:47  INFO      TradingGraph: Timeframes not aligned — stopping (L=-0.205 M=0.204 S=0.001)
2026-04-01 09:58:47  INFO      TradingRunner: PnL — unrealized: +0.00  realized today: +2.21  total: +2.21
2026-04-01 09:58:47  INFO      TradingRunner: Signal cycle done in 6.6s — sleeping 293s
2026-04-01 09:59:38  WARNING   TradingRunner: [DD CLOSE-ALL] Daily drawdown -6.50% breached -5.50% ceiling — closing all open positions
2026-04-01 09:59:38  INFO      TradingRunner: [CLOSE ALL] No open positions (drawdown circuit breaker: -6.50% < -5.50%)
2026-04-01 10:00:38  WARNING   TradingRunner: [DD CLOSE-ALL] Daily drawdown -6.50% breached -5.50% ceiling — closing all open positions
2026-04-01 10:00:38  INFO      TradingRunner: [CLOSE ALL] No open positions (drawdown circuit breaker: -6.50% < -5.50%)
2026-04-01 10:01:21  INFO      TradingRunner: [WATCHDOG] alive | equity=117.36 | cycle=5 | profile=risky
2026-04-01 10:01:38  WARNING   TradingRunner: [DD CLOSE-ALL] Daily drawdown -6.50% breached -5.50% ceiling — closing all open positions
2026-04-01 10:01:38  INFO      TradingRunner: [CLOSE ALL] No open positions (drawdown circuit breaker: -6.50% < -5.50%)
2026-04-01 10:02:38  WARNING   TradingRunner: [DD CLOSE-ALL] Daily drawdown -6.50% breached -5.50% ceiling — closing all open positions
2026-04-01 10:02:38  INFO      TradingRunner: [CLOSE ALL] No open positions (drawdown circuit breaker: -6.50% < -5.50%)
2026-04-01 10:03:38  WARNING   TradingRunner: [DD CLOSE-ALL] Daily drawdown -6.50% breached -5.50% ceiling — closing all open positions
2026-04-01 10:03:38  INFO      TradingRunner: [CLOSE ALL] No open positions (drawdown circuit breaker: -6.50% < -5.50%)
2026-04-01 10:03:47  INFO      TradingRunner: Analysing EURUSD …
2026-04-01 10:03:47  INFO      TradingGraph: Running agents for EURUSD
2026-04-01 10:03:48  INFO      TradingGraph: Completed 15 agents
2026-04-01 10:03:48  INFO      TradingGraph: Fusing timeframe signals
2026-04-01 10:03:48  INFO      TradingGraph: Fusion: L=-0.303(csns=0.50), M=0.570(csns=1.00), S=0.267(csns=1.00), align_str=0.000
2026-04-01 10:03:48  INFO      TradingGraph: Aligned [counter-trend-scalp] (bullish) — proceeding [L=-0.303 M=0.570 S=0.267 breadth=-0.124]
2026-04-01 10:03:48  INFO      TradingGraph: Generating trading recipe
2026-04-01 10:03:48  INFO      TradingGraph: Generated recipe: RISKY_LONG_COUNTER_TREND_SCALP_EURUSD
2026-04-01 10:03:48  INFO      TradingGraph: Daily drawdown limit exceeded
2026-04-01 10:03:48  INFO      TradingRunner: Analysing GBPUSD …
2026-04-01 10:03:48  INFO      TradingGraph: Running agents for GBPUSD
2026-04-01 10:03:48  INFO      TradingGraph: Completed 15 agents
2026-04-01 10:03:48  INFO      TradingGraph: Fusing timeframe signals
2026-04-01 10:03:48  INFO      TradingGraph: Fusion: L=-0.575(csns=1.00), M=0.499(csns=1.00), S=0.280(csns=0.71), align_str=0.000
2026-04-01 10:03:48  INFO      TradingGraph: Aligned [counter-trend-scalp] (bullish) — proceeding [L=-0.575 M=0.499 S=0.280 breadth=-0.124]
2026-04-01 10:03:48  INFO      TradingGraph: Generating trading recipe
2026-04-01 10:03:48  INFO      TradingGraph: Generated recipe: RISKY_LONG_COUNTER_TREND_SCALP_GBPUSD
2026-04-01 10:03:48  INFO      TradingGraph: Daily drawdown limit exceeded
2026-04-01 10:03:48  INFO      TradingRunner: Analysing USDJPY …
2026-04-01 10:03:48  INFO      TradingGraph: Running agents for USDJPY
2026-04-01 10:03:48  INFO      TradingGraph: Completed 15 agents
2026-04-01 10:03:48  INFO      TradingGraph: Fusing timeframe signals
2026-04-01 10:03:48  INFO      TradingGraph: Fusion: L=0.254(csns=0.33), M=-0.349(csns=1.00), S=0.010(csns=0.60), align_str=0.000
2026-04-01 10:03:48  INFO      TradingGraph: Timeframes not aligned — stopping (L=0.254 M=-0.349 S=0.010)
2026-04-01 10:03:48  INFO      TradingRunner: Analysing USDCHF …
2026-04-01 10:03:48  INFO      TradingGraph: Running agents for USDCHF
2026-04-01 10:03:48  INFO      TradingGraph: Completed 15 agents
2026-04-01 10:03:48  INFO      TradingGraph: Fusing timeframe signals
2026-04-01 10:03:48  INFO      TradingGraph: Fusion: L=0.528(csns=1.00), M=-0.587(csns=1.00), S=-0.171(csns=0.83), align_str=0.000
2026-04-01 10:03:48  INFO      TradingGraph: Aligned [counter-trend-scalp] (bearish) — proceeding [L=0.528 M=-0.587 S=-0.171 breadth=-0.124]
2026-04-01 10:03:48  INFO      TradingGraph: Generating trading recipe
2026-04-01 10:03:48  INFO      TradingGraph: Generated recipe: RISKY_SHORT_COUNTER_TREND_SCALP_USDCHF
2026-04-01 10:03:48  INFO      TradingGraph: Daily drawdown limit exceeded
2026-04-01 10:03:48  INFO      TradingRunner: Analysing AUDUSD …
2026-04-01 10:03:48  INFO      TradingGraph: Running agents for AUDUSD
2026-04-01 10:03:48  INFO      TradingGraph: Completed 15 agents
2026-04-01 10:03:48  INFO      TradingGraph: Fusing timeframe signals
2026-04-01 10:03:48  INFO      TradingGraph: Fusion: L=0.016(csns=1.00), M=0.465(csns=1.00), S=0.378(csns=0.86), align_str=0.140
2026-04-01 10:03:48  INFO      TradingGraph: Timeframes not aligned — stopping (L=0.016 M=0.465 S=0.378)
2026-04-01 10:03:48  INFO      TradingRunner: Analysing USDCAD …
2026-04-01 10:03:48  INFO      TradingGraph: Running agents for USDCAD
2026-04-01 10:03:48  INFO      TradingGraph: Completed 15 agents
2026-04-01 10:03:48  INFO      TradingGraph: Fusing timeframe signals
2026-04-01 10:03:48  INFO      TradingGraph: Fusion: L=0.365(csns=0.67), M=-0.179(csns=1.00), S=0.008(csns=0.40), align_str=0.000
2026-04-01 10:03:48  INFO      TradingGraph: Timeframes not aligned — stopping (L=0.365 M=-0.179 S=0.008)
2026-04-01 10:03:48  INFO      TradingRunner: Analysing US30 …
2026-04-01 10:03:48  INFO      TradingGraph: Running agents for US30
2026-04-01 10:03:48  INFO      TradingGraph: Completed 15 agents
2026-04-01 10:03:48  INFO      TradingGraph: Fusing timeframe signals
2026-04-01 10:03:48  INFO      TradingGraph: Fusion: L=-0.372(csns=1.00), M=0.423(csns=1.00), S=0.240(csns=0.50), align_str=0.000
2026-04-01 10:03:48  INFO      TradingGraph: Aligned [counter-trend-scalp] (bullish) — proceeding [L=-0.372 M=0.423 S=0.240 breadth=-0.124]
2026-04-01 10:03:48  INFO      TradingGraph: Generating trading recipe
2026-04-01 10:03:48  INFO      TradingGraph: Generated recipe: RISKY_LONG_COUNTER_TREND_SCALP_US30
2026-04-01 10:03:48  INFO      TradingGraph: Daily drawdown limit exceeded
2026-04-01 10:03:48  INFO      TradingRunner: Analysing US500 …
2026-04-01 10:03:48  INFO      TradingGraph: Running agents for US500
2026-04-01 10:03:48  INFO      TradingGraph: Completed 15 agents
2026-04-01 10:03:48  INFO      TradingGraph: Fusing timeframe signals
2026-04-01 10:03:48  INFO      TradingGraph: Fusion: L=-0.413(csns=1.00), M=0.467(csns=1.00), S=0.307(csns=0.67), align_str=0.000
2026-04-01 10:03:48  INFO      TradingGraph: Aligned [counter-trend-scalp] (bullish) — proceeding [L=-0.413 M=0.467 S=0.307 breadth=-0.124]
2026-04-01 10:03:48  INFO      TradingGraph: Generating trading recipe
2026-04-01 10:03:48  INFO      TradingGraph: Generated recipe: RISKY_LONG_COUNTER_TREND_SCALP_US500
2026-04-01 10:03:48  INFO      TradingGraph: Daily drawdown limit exceeded
2026-04-01 10:03:48  INFO      TradingRunner: Analysing USTEC …
2026-04-01 10:03:48  INFO      TradingGraph: Running agents for USTEC
2026-04-01 10:03:48  INFO      TradingGraph: Completed 15 agents
2026-04-01 10:03:48  INFO      TradingGraph: Fusing timeframe signals
2026-04-01 10:03:48  INFO      TradingGraph: Fusion: L=-0.429(csns=1.00), M=0.489(csns=1.00), S=0.258(csns=0.60), align_str=0.000
2026-04-01 10:03:48  INFO      TradingGraph: Aligned [counter-trend-scalp] (bullish) — proceeding [L=-0.429 M=0.489 S=0.258 breadth=-0.124]
2026-04-01 10:03:48  INFO      TradingGraph: Generating trading recipe
2026-04-01 10:03:48  INFO      TradingGraph: Generated recipe: RISKY_LONG_COUNTER_TREND_SCALP_USTEC
2026-04-01 10:03:48  INFO      TradingGraph: Daily drawdown limit exceeded
2026-04-01 10:03:48  INFO      TradingRunner: Analysing DAX …
2026-04-01 10:03:48  INFO      TradingGraph: Running agents for DAX
2026-04-01 10:03:48  INFO      TradingGraph: Completed 15 agents
2026-04-01 10:03:48  INFO      TradingGraph: Fusing timeframe signals
2026-04-01 10:03:48  INFO      TradingGraph: Fusion: L=-0.075(csns=1.00), M=0.189(csns=0.50), S=0.242(csns=0.71), align_str=0.000
2026-04-01 10:03:48  INFO      TradingGraph: Timeframes not aligned — stopping (L=-0.075 M=0.189 S=0.242)
2026-04-01 10:03:48  INFO      TradingRunner: Analysing UK100 …
2026-04-01 10:03:48  INFO      TradingGraph: Running agents for UK100
2026-04-01 10:03:48  INFO      TradingGraph: Completed 15 agents
2026-04-01 10:03:48  INFO      TradingGraph: Fusing timeframe signals
2026-04-01 10:03:48  INFO      TradingGraph: Fusion: L=0.170(csns=1.00), M=0.435(csns=1.00), S=0.469(csns=1.00), align_str=0.326
2026-04-01 10:03:48  INFO      TradingGraph: Timeframes not aligned — stopping (L=0.170 M=0.435 S=0.469)
2026-04-01 10:03:48  INFO      TradingRunner: Analysing EURJPY …
2026-04-01 10:03:48  INFO      TradingGraph: Running agents for EURJPY
2026-04-01 10:03:49  INFO      TradingGraph: Completed 15 agents
2026-04-01 10:03:49  INFO      TradingGraph: Fusing timeframe signals
2026-04-01 10:03:49  INFO      TradingGraph: Fusion: L=-0.082(csns=0.50), M=0.408(csns=1.00), S=-0.041(csns=0.50), align_str=0.000
2026-04-01 10:03:49  INFO      TradingGraph: Timeframes not aligned — stopping (L=-0.082 M=0.408 S=-0.041)
2026-04-01 10:03:49  INFO      TradingRunner: Analysing GBPJPY …
2026-04-01 10:03:49  INFO      TradingGraph: Running agents for GBPJPY
2026-04-01 10:03:49  INFO      TradingGraph: Completed 15 agents
2026-04-01 10:03:49  INFO      TradingGraph: Fusing timeframe signals
2026-04-01 10:03:49  INFO      TradingGraph: Fusion: L=0.040(csns=0.50), M=0.192(csns=1.00), S=0.318(csns=0.80), align_str=0.134
2026-04-01 10:03:49  INFO      TradingGraph: Timeframes not aligned — stopping (L=0.040 M=0.192 S=0.318)
2026-04-01 10:03:49  INFO      TradingRunner: Analysing AUDJPY …
2026-04-01 10:03:49  INFO      TradingGraph: Running agents for AUDJPY
2026-04-01 10:03:49  INFO      TradingGraph: Completed 15 agents
2026-04-01 10:03:49  INFO      TradingGraph: Fusing timeframe signals
2026-04-01 10:03:49  INFO      TradingGraph: Fusion: L=0.535(csns=1.00), M=0.436(csns=1.00), S=0.237(csns=0.71), align_str=0.381
2026-04-01 10:03:49  INFO      TradingGraph: Aligned [full-alignment] (bullish) — proceeding [L=0.535 M=0.436 S=0.237 breadth=-0.124]
2026-04-01 10:03:49  INFO      TradingGraph: Generating trading recipe
2026-04-01 10:03:49  INFO      TradingGraph: Generated recipe: RISKY_LONG_FULL_ALIGNMENT_AUDJPY
2026-04-01 10:03:49  INFO      TradingGraph: Daily drawdown limit exceeded
2026-04-01 10:03:49  INFO      TradingRunner: Analysing EURGBP …
2026-04-01 10:03:49  INFO      TradingGraph: Running agents for EURGBP
2026-04-01 10:03:49  INFO      TradingGraph: Completed 15 agents
2026-04-01 10:03:49  INFO      TradingGraph: Fusing timeframe signals
2026-04-01 10:03:49  INFO      TradingGraph: Fusion: L=0.177(csns=1.00), M=0.222(csns=1.00), S=-0.028(csns=0.60), align_str=0.000
2026-04-01 10:03:49  INFO      TradingGraph: Timeframes not aligned — stopping (L=0.177 M=0.222 S=-0.028)
2026-04-01 10:03:49  INFO      TradingRunner: Analysing EURCHF …
2026-04-01 10:03:49  INFO      TradingGraph: Running agents for EURCHF
2026-04-01 10:03:49  INFO      TradingGraph: Completed 15 agents
2026-04-01 10:03:49  INFO      TradingGraph: Fusing timeframe signals
2026-04-01 10:03:49  INFO      TradingGraph: Fusion: L=-0.361(csns=1.00), M=0.029(csns=0.67), S=-0.127(csns=0.71), align_str=0.000
2026-04-01 10:03:49  INFO      TradingGraph: Aligned [pullback-entry] (bearish) — proceeding [L=-0.361 M=0.029 S=-0.127 breadth=-0.124]
2026-04-01 10:03:49  INFO      TradingGraph: Generating trading recipe
2026-04-01 10:03:49  INFO      TradingGraph: Generated recipe: RISKY_SHORT_PULLBACK_ENTRY_EURCHF
2026-04-01 10:03:49  INFO      TradingGraph: Daily drawdown limit exceeded
2026-04-01 10:03:49  INFO      TradingRunner: Analysing CHFJPY …
2026-04-01 10:03:49  INFO      TradingGraph: Running agents for CHFJPY
2026-04-01 10:03:49  INFO      TradingGraph: Completed 15 agents
2026-04-01 10:03:49  INFO      TradingGraph: Fusing timeframe signals
2026-04-01 10:03:49  INFO      TradingGraph: Fusion: L=0.325(csns=0.50), M=0.205(csns=1.00), S=0.272(csns=0.67), align_str=0.263
2026-04-01 10:03:49  INFO      TradingGraph: Aligned [full-alignment] (bullish) — proceeding [L=0.325 M=0.205 S=0.272 breadth=-0.124]
2026-04-01 10:03:49  INFO      TradingGraph: Generating trading recipe
2026-04-01 10:03:49  INFO      TradingGraph: Generated recipe: RISKY_LONG_FULL_ALIGNMENT_CHFJPY
2026-04-01 10:03:49  INFO      TradingGraph: Daily drawdown limit exceeded
2026-04-01 10:03:49  INFO      TradingRunner: Analysing XAGUSD …
2026-04-01 10:03:49  INFO      TradingGraph: Running agents for XAGUSD
2026-04-01 10:03:49  INFO      TradingGraph: Completed 15 agents
2026-04-01 10:03:49  INFO      TradingGraph: Fusing timeframe signals
2026-04-01 10:03:49  INFO      TradingGraph: Fusion: L=-0.207(csns=0.50), M=0.305(csns=1.00), S=-0.116(csns=0.67), align_str=0.000
2026-04-01 10:03:49  INFO      TradingGraph: Timeframes not aligned — stopping (L=-0.207 M=0.305 S=-0.116)
2026-04-01 10:03:49  INFO      TradingRunner: PnL — unrealized: +0.00  realized today: +2.21  total: +2.21
2026-04-01 10:03:49  INFO      TradingRunner: Signal cycle done in 8.3s — sleeping 292s
2026-04-01 10:04:38  WARNING   TradingRunner: [DD CLOSE-ALL] Daily drawdown -6.50% breached -5.50% ceiling — closing all open positions
2026-04-01 10:04:38  INFO      TradingRunner: [CLOSE ALL] No open positions (drawdown circuit breaker: -6.50% < -5.50%)
2026-04-01 10:05:38  WARNING   TradingRunner: [DD CLOSE-ALL] Daily drawdown -6.50% breached -5.50% ceiling — closing all open positions
2026-04-01 10:05:38  INFO      TradingRunner: [CLOSE ALL] No open positions (drawdown circuit breaker: -6.50% < -5.50%)
2026-04-01 10:06:38  WARNING   TradingRunner: [DD CLOSE-ALL] Daily drawdown -6.50% breached -5.50% ceiling — closing all open positions
2026-04-01 10:06:38  INFO      TradingRunner: [CLOSE ALL] No open positions (drawdown circuit breaker: -6.50% < -5.50%)
2026-04-01 10:07:38  WARNING   TradingRunner: [DD CLOSE-ALL] Daily drawdown -6.50% breached -5.50% ceiling — closing all open positions
2026-04-01 10:07:38  INFO      TradingRunner: [CLOSE ALL] No open positions (drawdown circuit breaker: -6.50% < -5.50%)
2026-04-01 10:08:38  WARNING   TradingRunner: [DD CLOSE-ALL] Daily drawdown -6.50% breached -5.50% ceiling — closing all open positions
2026-04-01 10:08:38  INFO      TradingRunner: [CLOSE ALL] No open positions (drawdown circuit breaker: -6.50% < -5.50%)
2026-04-01 10:08:45  INFO      TradingRunner: Analysing EURUSD …
2026-04-01 10:08:45  INFO      TradingGraph: Running agents for EURUSD
2026-04-01 10:08:45  INFO      TradingGraph: Completed 15 agents
2026-04-01 10:08:45  INFO      TradingGraph: Fusing timeframe signals
2026-04-01 10:08:45  INFO      TradingGraph: Fusion: L=-0.304(csns=0.50), M=0.542(csns=1.00), S=0.261(csns=1.00), align_str=0.000
2026-04-01 10:08:45  INFO      TradingGraph: Aligned [counter-trend-scalp] (bullish) — proceeding [L=-0.304 M=0.542 S=0.261 breadth=-0.124]
2026-04-01 10:08:45  INFO      TradingGraph: Generating trading recipe
2026-04-01 10:08:45  INFO      TradingGraph: Generated recipe: RISKY_LONG_COUNTER_TREND_SCALP_EURUSD
2026-04-01 10:08:45  INFO      TradingGraph: Daily drawdown limit exceeded
2026-04-01 10:08:45  INFO      TradingRunner: Analysing GBPUSD …
2026-04-01 10:08:45  INFO      TradingGraph: Running agents for GBPUSD
2026-04-01 10:08:45  INFO      TradingGraph: Completed 15 agents
2026-04-01 10:08:45  INFO      TradingGraph: Fusing timeframe signals
2026-04-01 10:08:45  INFO      TradingGraph: Fusion: L=-0.575(csns=1.00), M=0.500(csns=1.00), S=0.280(csns=0.71), align_str=0.000
2026-04-01 10:08:45  INFO      TradingGraph: Aligned [counter-trend-scalp] (bullish) — proceeding [L=-0.575 M=0.500 S=0.280 breadth=-0.124]
2026-04-01 10:08:45  INFO      TradingGraph: Generating trading recipe
2026-04-01 10:08:45  INFO      TradingGraph: Generated recipe: RISKY_LONG_COUNTER_TREND_SCALP_GBPUSD
2026-04-01 10:08:45  INFO      TradingGraph: Daily drawdown limit exceeded
2026-04-01 10:08:45  INFO      TradingRunner: Analysing USDJPY …
2026-04-01 10:08:45  INFO      TradingGraph: Running agents for USDJPY
2026-04-01 10:08:45  INFO      TradingGraph: Completed 15 agents
2026-04-01 10:08:45  INFO      TradingGraph: Fusing timeframe signals
2026-04-01 10:08:45  INFO      TradingGraph: Fusion: L=0.254(csns=0.33), M=-0.356(csns=1.00), S=-0.024(csns=0.67), align_str=0.000
2026-04-01 10:08:45  INFO      TradingGraph: Timeframes not aligned — stopping (L=0.254 M=-0.356 S=-0.024)
2026-04-01 10:08:45  INFO      TradingRunner: Analysing USDCHF …
2026-04-01 10:08:45  INFO      TradingGraph: Running agents for USDCHF
2026-04-01 10:08:45  INFO      TradingGraph: Completed 15 agents
2026-04-01 10:08:45  INFO      TradingGraph: Fusing timeframe signals
2026-04-01 10:08:45  INFO      TradingGraph: Fusion: L=0.529(csns=1.00), M=-0.607(csns=1.00), S=-0.157(csns=0.71), align_str=0.000
2026-04-01 10:08:45  INFO      TradingGraph: Aligned [counter-trend-scalp] (bearish) — proceeding [L=0.529 M=-0.607 S=-0.157 breadth=-0.124]
2026-04-01 10:08:45  INFO      TradingGraph: Generating trading recipe
2026-04-01 10:08:45  INFO      TradingGraph: Generated recipe: RISKY_SHORT_COUNTER_TREND_SCALP_USDCHF
2026-04-01 10:08:45  INFO      TradingGraph: Daily drawdown limit exceeded
2026-04-01 10:08:45  INFO      TradingRunner: Analysing AUDUSD …
2026-04-01 10:08:45  INFO      TradingGraph: Running agents for AUDUSD
2026-04-01 10:08:45  INFO      TradingGraph: Completed 15 agents
2026-04-01 10:08:45  INFO      TradingGraph: Fusing timeframe signals
2026-04-01 10:08:45  INFO      TradingGraph: Fusion: L=0.015(csns=1.00), M=0.512(csns=1.00), S=0.347(csns=0.71), align_str=0.139
2026-04-01 10:08:45  INFO      TradingGraph: Timeframes not aligned — stopping (L=0.015 M=0.512 S=0.347)
2026-04-01 10:08:45  INFO      TradingRunner: Analysing USDCAD …
2026-04-01 10:08:45  INFO      TradingGraph: Running agents for USDCAD
2026-04-01 10:08:45  INFO      TradingGraph: Completed 15 agents
2026-04-01 10:08:45  INFO      TradingGraph: Fusing timeframe signals
2026-04-01 10:08:45  INFO      TradingGraph: Fusion: L=0.394(csns=0.67), M=-0.185(csns=1.00), S=-0.011(csns=0.60), align_str=0.000
2026-04-01 10:08:45  INFO      TradingGraph: Timeframes not aligned — stopping (L=0.394 M=-0.185 S=-0.011)
2026-04-01 10:08:45  INFO      TradingRunner: Analysing US30 …
2026-04-01 10:08:45  INFO      TradingGraph: Running agents for US30
2026-04-01 10:08:45  INFO      TradingGraph: Completed 15 agents
2026-04-01 10:08:45  INFO      TradingGraph: Fusing timeframe signals
2026-04-01 10:08:45  INFO      TradingGraph: Fusion: L=-0.373(csns=1.00), M=0.442(csns=1.00), S=0.287(csns=0.67), align_str=0.000
2026-04-01 10:08:45  INFO      TradingGraph: Aligned [counter-trend-scalp] (bullish) — proceeding [L=-0.373 M=0.442 S=0.287 breadth=-0.124]
2026-04-01 10:08:45  INFO      TradingGraph: Generating trading recipe
2026-04-01 10:08:45  INFO      TradingGraph: Generated recipe: RISKY_LONG_COUNTER_TREND_SCALP_US30
2026-04-01 10:08:45  INFO      TradingGraph: Daily drawdown limit exceeded
2026-04-01 10:08:45  INFO      TradingRunner: Analysing US500 …
2026-04-01 10:08:45  INFO      TradingGraph: Running agents for US500
2026-04-01 10:08:45  INFO      TradingGraph: Completed 15 agents
2026-04-01 10:08:45  INFO      TradingGraph: Fusing timeframe signals
2026-04-01 10:08:45  INFO      TradingGraph: Fusion: L=-0.414(csns=1.00), M=0.449(csns=1.00), S=0.227(csns=0.67), align_str=0.000
2026-04-01 10:08:45  INFO      TradingGraph: Aligned [counter-trend-scalp] (bullish) — proceeding [L=-0.414 M=0.449 S=0.227 breadth=-0.124]
2026-04-01 10:08:45  INFO      TradingGraph: Generating trading recipe
2026-04-01 10:08:45  INFO      TradingGraph: Generated recipe: RISKY_LONG_COUNTER_TREND_SCALP_US500
2026-04-01 10:08:45  INFO      TradingGraph: Daily drawdown limit exceeded
2026-04-01 10:08:45  INFO      TradingRunner: Analysing USTEC …
2026-04-01 10:08:45  INFO      TradingGraph: Running agents for USTEC
2026-04-01 10:08:45  INFO      TradingGraph: Completed 15 agents
2026-04-01 10:08:45  INFO      TradingGraph: Fusing timeframe signals
2026-04-01 10:08:45  INFO      TradingGraph: Fusion: L=-0.430(csns=1.00), M=0.474(csns=1.00), S=0.283(csns=0.80), align_str=0.000
2026-04-01 10:08:45  INFO      TradingGraph: Aligned [counter-trend-scalp] (bullish) — proceeding [L=-0.430 M=0.474 S=0.283 breadth=-0.124]
2026-04-01 10:08:45  INFO      TradingGraph: Generating trading recipe
2026-04-01 10:08:45  INFO      TradingGraph: Generated recipe: RISKY_LONG_COUNTER_TREND_SCALP_USTEC
2026-04-01 10:08:45  INFO      TradingGraph: Daily drawdown limit exceeded
2026-04-01 10:08:45  INFO      TradingRunner: Analysing DAX …
2026-04-01 10:08:45  INFO      TradingGraph: Running agents for DAX
2026-04-01 10:08:46  INFO      TradingGraph: Completed 15 agents
2026-04-01 10:08:46  INFO      TradingGraph: Fusing timeframe signals
2026-04-01 10:08:46  INFO      TradingGraph: Fusion: L=-0.077(csns=1.00), M=0.189(csns=0.50), S=0.242(csns=0.71), align_str=0.000
2026-04-01 10:08:46  INFO      TradingGraph: Timeframes not aligned — stopping (L=-0.077 M=0.189 S=0.242)
2026-04-01 10:08:46  INFO      TradingRunner: Analysing UK100 …
2026-04-01 10:08:46  INFO      TradingGraph: Running agents for UK100
2026-04-01 10:08:46  INFO      TradingGraph: Completed 15 agents
2026-04-01 10:08:46  INFO      TradingGraph: Fusing timeframe signals
2026-04-01 10:08:46  INFO      TradingGraph: Fusion: L=0.162(csns=1.00), M=0.418(csns=1.00), S=0.417(csns=1.00), align_str=0.304
2026-04-01 10:08:46  INFO      TradingGraph: Timeframes not aligned — stopping (L=0.162 M=0.418 S=0.417)
2026-04-01 10:08:46  INFO      TradingRunner: Analysing EURJPY …
2026-04-01 10:08:46  INFO      TradingGraph: Running agents for EURJPY
2026-04-01 10:08:46  INFO      TradingGraph: Completed 15 agents
2026-04-01 10:08:46  INFO      TradingGraph: Fusing timeframe signals
2026-04-01 10:08:46  INFO      TradingGraph: Fusion: L=-0.084(csns=0.50), M=0.372(csns=1.00), S=-0.041(csns=0.50), align_str=0.000
2026-04-01 10:08:46  INFO      TradingGraph: Timeframes not aligned — stopping (L=-0.084 M=0.372 S=-0.041)
2026-04-01 10:08:46  INFO      TradingRunner: Analysing GBPJPY …
2026-04-01 10:08:46  INFO      TradingGraph: Running agents for GBPJPY
2026-04-01 10:08:46  INFO      TradingGraph: Completed 15 agents
2026-04-01 10:08:46  INFO      TradingGraph: Fusing timeframe signals
2026-04-01 10:08:46  INFO      TradingGraph: Fusion: L=0.039(csns=0.50), M=0.178(csns=1.00), S=0.320(csns=0.80), align_str=0.130
2026-04-01 10:08:46  INFO      TradingGraph: Timeframes not aligned — stopping (L=0.039 M=0.178 S=0.320)
2026-04-01 10:08:46  INFO      TradingRunner: Analysing AUDJPY …
2026-04-01 10:08:46  INFO      TradingGraph: Running agents for AUDJPY
2026-04-01 10:08:46  INFO      TradingGraph: Completed 15 agents
2026-04-01 10:08:46  INFO      TradingGraph: Fusing timeframe signals
2026-04-01 10:08:46  INFO      TradingGraph: Fusion: L=0.530(csns=1.00), M=0.436(csns=1.00), S=0.206(csns=0.67), align_str=0.363
2026-04-01 10:08:46  INFO      TradingGraph: Aligned [full-alignment] (bullish) — proceeding [L=0.530 M=0.436 S=0.206 breadth=-0.124]
2026-04-01 10:08:46  INFO      TradingGraph: Generating trading recipe
2026-04-01 10:08:46  INFO      TradingGraph: Generated recipe: RISKY_LONG_FULL_ALIGNMENT_AUDJPY
2026-04-01 10:08:46  INFO      TradingGraph: Daily drawdown limit exceeded
2026-04-01 10:08:46  INFO      TradingRunner: Analysing EURGBP …
2026-04-01 10:08:46  INFO      TradingGraph: Running agents for EURGBP
2026-04-01 10:08:46  INFO      TradingGraph: Completed 15 agents
2026-04-01 10:08:46  INFO      TradingGraph: Fusing timeframe signals
2026-04-01 10:08:46  INFO      TradingGraph: Fusion: L=0.178(csns=1.00), M=0.215(csns=1.00), S=-0.072(csns=0.67), align_str=0.000
2026-04-01 10:08:46  INFO      TradingGraph: Timeframes not aligned — stopping (L=0.178 M=0.215 S=-0.072)
2026-04-01 10:08:46  INFO      TradingRunner: Analysing EURCHF …
2026-04-01 10:08:46  INFO      TradingGraph: Running agents for EURCHF
2026-04-01 10:08:46  INFO      TradingGraph: Completed 15 agents
2026-04-01 10:08:46  INFO      TradingGraph: Fusing timeframe signals
2026-04-01 10:08:46  INFO      TradingGraph: Fusion: L=-0.335(csns=1.00), M=0.002(csns=0.67), S=-0.116(csns=0.71), align_str=0.000
2026-04-01 10:08:46  INFO      TradingGraph: Aligned [pullback-entry] (bearish) — proceeding [L=-0.335 M=0.002 S=-0.116 breadth=-0.124]
2026-04-01 10:08:46  INFO      TradingGraph: Generating trading recipe
2026-04-01 10:08:46  INFO      TradingGraph: Generated recipe: RISKY_SHORT_PULLBACK_ENTRY_EURCHF
2026-04-01 10:08:46  INFO      TradingGraph: Daily drawdown limit exceeded
2026-04-01 10:08:46  INFO      TradingRunner: Analysing CHFJPY …
2026-04-01 10:08:46  INFO      TradingGraph: Running agents for CHFJPY
2026-04-01 10:08:46  INFO      TradingGraph: Completed 15 agents
2026-04-01 10:08:46  INFO      TradingGraph: Fusing timeframe signals
2026-04-01 10:08:46  INFO      TradingGraph: Fusion: L=0.325(csns=0.50), M=0.208(csns=1.00), S=0.249(csns=0.67), align_str=0.256
2026-04-01 10:08:46  INFO      TradingGraph: Aligned [full-alignment] (bullish) — proceeding [L=0.325 M=0.208 S=0.249 breadth=-0.124]
2026-04-01 10:08:46  INFO      TradingGraph: Generating trading recipe
2026-04-01 10:08:46  INFO      TradingGraph: Generated recipe: RISKY_LONG_FULL_ALIGNMENT_CHFJPY
2026-04-01 10:08:46  INFO      TradingGraph: Daily drawdown limit exceeded
2026-04-01 10:08:46  INFO      TradingRunner: Analysing XAGUSD …
2026-04-01 10:08:46  INFO      TradingGraph: Running agents for XAGUSD
2026-04-01 10:08:46  INFO      TradingGraph: Completed 15 agents
2026-04-01 10:08:46  INFO      TradingGraph: Fusing timeframe signals
2026-04-01 10:08:46  INFO      TradingGraph: Fusion: L=-0.207(csns=0.50), M=0.228(csns=1.00), S=-0.155(csns=0.80), align_str=0.000
2026-04-01 10:08:46  INFO      TradingGraph: Timeframes not aligned — stopping (L=-0.207 M=0.228 S=-0.155)
2026-04-01 10:08:46  INFO      TradingRunner: PnL — unrealized: +0.00  realized today: +2.21  total: +2.21
2026-04-01 10:08:46  INFO      TradingRunner: Signal cycle done in 5.6s — sleeping 294s
2026-04-01 10:09:38  WARNING   TradingRunner: [DD CLOSE-ALL] Daily drawdown -6.50% breached -5.50% ceiling — closing all open positions
2026-04-01 10:09:38  INFO      TradingRunner: [CLOSE ALL] No open positions (drawdown circuit breaker: -6.50% < -5.50%)
2026-04-01 10:10:38  WARNING   TradingRunner: [DD CLOSE-ALL] Daily drawdown -6.50% breached -5.50% ceiling — closing all open positions
2026-04-01 10:10:38  INFO      TradingRunner: [CLOSE ALL] No open positions (drawdown circuit breaker: -6.50% < -5.50%)
2026-04-01 10:11:38  WARNING   TradingRunner: [DD CLOSE-ALL] Daily drawdown -6.50% breached -5.50% ceiling — closing all open positions
2026-04-01 10:11:38  INFO      TradingRunner: [CLOSE ALL] No open positions (drawdown circuit breaker: -6.50% < -5.50%)
2026-04-01 10:11:51  INFO      TradingRunner: [WATCHDOG] alive | equity=117.36 | cycle=7 | profile=risky
2026-04-01 10:12:38  WARNING   TradingRunner: [DD CLOSE-ALL] Daily drawdown -6.50% breached -5.50% ceiling — closing all open positions
2026-04-01 10:12:38  INFO      TradingRunner: [CLOSE ALL] No open positions (drawdown circuit breaker: -6.50% < -5.50%)
2026-04-01 10:13:38  WARNING   TradingRunner: [DD CLOSE-ALL] Daily drawdown -6.50% breached -5.50% ceiling — closing all open positions
2026-04-01 10:13:38  INFO      TradingRunner: [CLOSE ALL] No open positions (drawdown circuit breaker: -6.50% < -5.50%)
2026-04-01 10:13:46  INFO      TradingRunner: Analysing EURUSD …
2026-04-01 10:13:46  INFO      TradingGraph: Running agents for EURUSD
2026-04-01 10:13:46  INFO      TradingGraph: Completed 15 agents
2026-04-01 10:13:46  INFO      TradingGraph: Fusing timeframe signals
2026-04-01 10:13:46  INFO      TradingGraph: Fusion: L=-0.303(csns=0.50), M=0.551(csns=1.00), S=0.285(csns=1.00), align_str=0.000
2026-04-01 10:13:46  INFO      TradingGraph: Aligned [counter-trend-scalp] (bullish) — proceeding [L=-0.303 M=0.551 S=0.285 breadth=-0.124]
2026-04-01 10:13:46  INFO      TradingGraph: Generating trading recipe
2026-04-01 10:13:46  INFO      TradingGraph: Generated recipe: RISKY_LONG_COUNTER_TREND_SCALP_EURUSD
2026-04-01 10:13:46  INFO      TradingGraph: Daily drawdown limit exceeded
2026-04-01 10:13:46  INFO      TradingRunner: Analysing GBPUSD …
2026-04-01 10:13:46  INFO      TradingGraph: Running agents for GBPUSD
2026-04-01 10:13:46  INFO      TradingGraph: Completed 15 agents
2026-04-01 10:13:46  INFO      TradingGraph: Fusing timeframe signals
2026-04-01 10:13:46  INFO      TradingGraph: Fusion: L=-0.575(csns=1.00), M=0.450(csns=1.00), S=0.334(csns=0.86), align_str=0.000
2026-04-01 10:13:46  INFO      TradingGraph: Aligned [counter-trend-scalp] (bullish) — proceeding [L=-0.575 M=0.450 S=0.334 breadth=-0.124]
2026-04-01 10:13:46  INFO      TradingGraph: Generating trading recipe
2026-04-01 10:13:46  INFO      TradingGraph: Generated recipe: RISKY_LONG_COUNTER_TREND_SCALP_GBPUSD
2026-04-01 10:13:46  INFO      TradingGraph: Daily drawdown limit exceeded
2026-04-01 10:13:46  INFO      TradingRunner: Analysing USDJPY …
2026-04-01 10:13:46  INFO      TradingGraph: Running agents for USDJPY
2026-04-01 10:13:46  INFO      TradingGraph: Completed 15 agents
2026-04-01 10:13:46  INFO      TradingGraph: Fusing timeframe signals
2026-04-01 10:13:46  INFO      TradingGraph: Fusion: L=0.226(csns=0.33), M=-0.349(csns=1.00), S=0.009(csns=0.60), align_str=0.000
2026-04-01 10:13:46  INFO      TradingGraph: Timeframes not aligned — stopping (L=0.226 M=-0.349 S=0.009)
2026-04-01 10:13:46  INFO      TradingRunner: Analysing USDCHF …
2026-04-01 10:13:46  INFO      TradingGraph: Running agents for USDCHF
2026-04-01 10:13:46  INFO      TradingGraph: Completed 15 agents
2026-04-01 10:13:46  INFO      TradingGraph: Fusing timeframe signals
2026-04-01 10:13:46  INFO      TradingGraph: Fusion: L=0.527(csns=1.00), M=-0.556(csns=1.00), S=-0.177(csns=0.83), align_str=0.000
2026-04-01 10:13:46  INFO      TradingGraph: Aligned [counter-trend-scalp] (bearish) — proceeding [L=0.527 M=-0.556 S=-0.177 breadth=-0.124]
2026-04-01 10:13:46  INFO      TradingGraph: Generating trading recipe
2026-04-01 10:13:46  INFO      TradingGraph: Generated recipe: RISKY_SHORT_COUNTER_TREND_SCALP_USDCHF
2026-04-01 10:13:46  INFO      TradingGraph: Daily drawdown limit exceeded
2026-04-01 10:13:46  INFO      TradingRunner: Analysing AUDUSD …
2026-04-01 10:13:46  INFO      TradingGraph: Running agents for AUDUSD
2026-04-01 10:13:46  INFO      TradingGraph: Completed 15 agents
2026-04-01 10:13:46  INFO      TradingGraph: Fusing timeframe signals
2026-04-01 10:13:46  INFO      TradingGraph: Fusion: L=0.011(csns=1.00), M=0.508(csns=1.00), S=0.372(csns=0.86), align_str=0.126
2026-04-01 10:13:46  INFO      TradingGraph: Timeframes not aligned — stopping (L=0.011 M=0.508 S=0.372)
2026-04-01 10:13:46  INFO      TradingRunner: Analysing USDCAD …
2026-04-01 10:13:46  INFO      TradingGraph: Running agents for USDCAD
2026-04-01 10:13:46  INFO      TradingGraph: Completed 15 agents
2026-04-01 10:13:46  INFO      TradingGraph: Fusing timeframe signals
2026-04-01 10:13:46  INFO      TradingGraph: Fusion: L=0.393(csns=0.67), M=-0.174(csns=1.00), S=0.044(csns=0.60), align_str=0.000
2026-04-01 10:13:46  INFO      TradingGraph: Timeframes not aligned — stopping (L=0.393 M=-0.174 S=0.044)
2026-04-01 10:13:46  INFO      TradingRunner: Analysing NZDUSD …
2026-04-01 10:13:46  INFO      TradingGraph: Running agents for NZDUSD
2026-04-01 10:13:46  INFO      TradingGraph: Completed 15 agents
2026-04-01 10:13:46  INFO      TradingGraph: Fusing timeframe signals
2026-04-01 10:13:46  INFO      TradingGraph: Fusion: L=-0.558(csns=1.00), M=0.375(csns=1.00), S=0.231(csns=0.86), align_str=0.000
2026-04-01 10:13:46  INFO      TradingGraph: Aligned [counter-trend-scalp] (bullish) — proceeding [L=-0.558 M=0.375 S=0.231 breadth=-0.124]
2026-04-01 10:13:46  INFO      TradingGraph: Generating trading recipe
2026-04-01 10:13:46  INFO      TradingGraph: Generated recipe: RISKY_LONG_COUNTER_TREND_SCALP_NZDUSD
2026-04-01 10:13:46  INFO      TradingGraph: Daily drawdown limit exceeded
2026-04-01 10:13:46  INFO      TradingRunner: Analysing US30 …
2026-04-01 10:13:46  INFO      TradingGraph: Running agents for US30
2026-04-01 10:13:46  INFO      TradingGraph: Completed 15 agents
2026-04-01 10:13:46  INFO      TradingGraph: Fusing timeframe signals
2026-04-01 10:13:46  INFO      TradingGraph: Fusion: L=-0.373(csns=1.00), M=0.443(csns=1.00), S=0.299(csns=0.67), align_str=0.000
2026-04-01 10:13:46  INFO      TradingGraph: Aligned [counter-trend-scalp] (bullish) — proceeding [L=-0.373 M=0.443 S=0.299 breadth=-0.124]
2026-04-01 10:13:46  INFO      TradingGraph: Generating trading recipe
2026-04-01 10:13:46  INFO      TradingGraph: Generated recipe: RISKY_LONG_COUNTER_TREND_SCALP_US30
2026-04-01 10:13:46  INFO      TradingGraph: Daily drawdown limit exceeded
2026-04-01 10:13:46  INFO      TradingRunner: Analysing US500 …
2026-04-01 10:13:46  INFO      TradingGraph: Running agents for US500
2026-04-01 10:13:47  INFO      TradingGraph: Completed 15 agents
2026-04-01 10:13:47  INFO      TradingGraph: Fusing timeframe signals
2026-04-01 10:13:47  INFO      TradingGraph: Fusion: L=-0.414(csns=1.00), M=0.444(csns=1.00), S=0.183(csns=0.75), align_str=0.000
2026-04-01 10:13:47  INFO      TradingGraph: Aligned [counter-trend-scalp] (bullish) — proceeding [L=-0.414 M=0.444 S=0.183 breadth=-0.124]
2026-04-01 10:13:47  INFO      TradingGraph: Generating trading recipe
2026-04-01 10:13:47  INFO      TradingGraph: Generated recipe: RISKY_LONG_COUNTER_TREND_SCALP_US500
2026-04-01 10:13:47  INFO      TradingGraph: Daily drawdown limit exceeded
2026-04-01 10:13:47  INFO      TradingRunner: Analysing USTEC …
2026-04-01 10:13:47  INFO      TradingGraph: Running agents for USTEC
2026-04-01 10:13:47  INFO      TradingGraph: Completed 15 agents
2026-04-01 10:13:47  INFO      TradingGraph: Fusing timeframe signals
2026-04-01 10:13:47  INFO      TradingGraph: Fusion: L=-0.430(csns=1.00), M=0.469(csns=1.00), S=0.225(csns=0.80), align_str=0.000
2026-04-01 10:13:47  INFO      TradingGraph: Aligned [counter-trend-scalp] (bullish) — proceeding [L=-0.430 M=0.469 S=0.225 breadth=-0.124]
2026-04-01 10:13:47  INFO      TradingGraph: Generating trading recipe
2026-04-01 10:13:47  INFO      TradingGraph: Generated recipe: RISKY_LONG_COUNTER_TREND_SCALP_USTEC
2026-04-01 10:13:47  INFO      TradingGraph: Daily drawdown limit exceeded
2026-04-01 10:13:47  INFO      TradingRunner: Analysing DAX …
2026-04-01 10:13:47  INFO      TradingGraph: Running agents for DAX
2026-04-01 10:13:47  INFO      TradingGraph: Completed 15 agents
2026-04-01 10:13:47  INFO      TradingGraph: Fusing timeframe signals
2026-04-01 10:13:47  INFO      TradingGraph: Fusion: L=-0.077(csns=1.00), M=0.189(csns=0.50), S=0.242(csns=0.71), align_str=0.000
2026-04-01 10:13:47  INFO      TradingGraph: Timeframes not aligned — stopping (L=-0.077 M=0.189 S=0.242)
2026-04-01 10:13:47  INFO      TradingRunner: Analysing UK100 …
2026-04-01 10:13:47  INFO      TradingGraph: Running agents for UK100
2026-04-01 10:13:47  INFO      TradingGraph: Completed 15 agents
2026-04-01 10:13:47  INFO      TradingGraph: Fusing timeframe signals
2026-04-01 10:13:47  INFO      TradingGraph: Fusion: L=0.161(csns=1.00), M=0.411(csns=1.00), S=0.410(csns=1.00), align_str=0.301
2026-04-01 10:13:47  INFO      TradingGraph: Timeframes not aligned — stopping (L=0.161 M=0.411 S=0.410)
2026-04-01 10:13:47  INFO      TradingRunner: Analysing EURJPY …
2026-04-01 10:13:47  INFO      TradingGraph: Running agents for EURJPY
2026-04-01 10:13:47  INFO      TradingGraph: Completed 15 agents
2026-04-01 10:13:47  INFO      TradingGraph: Fusing timeframe signals
2026-04-01 10:13:47  INFO      TradingGraph: Fusion: L=-0.083(csns=0.50), M=0.392(csns=1.00), S=-0.041(csns=0.50), align_str=0.000
2026-04-01 10:13:47  INFO      TradingGraph: Timeframes not aligned — stopping (L=-0.083 M=0.392 S=-0.041)
2026-04-01 10:13:47  INFO      TradingRunner: Analysing GBPJPY …
2026-04-01 10:13:47  INFO      TradingGraph: Running agents for GBPJPY
2026-04-01 10:13:47  INFO      TradingGraph: Completed 15 agents
2026-04-01 10:13:47  INFO      TradingGraph: Fusing timeframe signals
2026-04-01 10:13:47  INFO      TradingGraph: Fusion: L=0.037(csns=0.50), M=0.147(csns=1.00), S=0.318(csns=0.80), align_str=0.120
2026-04-01 10:13:47  INFO      TradingGraph: Timeframes not aligned — stopping (L=0.037 M=0.147 S=0.318)
2026-04-01 10:13:47  INFO      TradingRunner: Analysing AUDJPY …
2026-04-01 10:13:47  INFO      TradingGraph: Running agents for AUDJPY
2026-04-01 10:13:47  INFO      TradingGraph: Completed 15 agents
2026-04-01 10:13:47  INFO      TradingGraph: Fusing timeframe signals
2026-04-01 10:13:47  INFO      TradingGraph: Fusion: L=0.528(csns=1.00), M=0.437(csns=1.00), S=0.204(csns=0.67), align_str=0.361
2026-04-01 10:13:47  INFO      TradingGraph: Aligned [full-alignment] (bullish) — proceeding [L=0.528 M=0.437 S=0.204 breadth=-0.124]
2026-04-01 10:13:47  INFO      TradingGraph: Generating trading recipe
2026-04-01 10:13:47  INFO      TradingGraph: Generated recipe: RISKY_LONG_FULL_ALIGNMENT_AUDJPY
2026-04-01 10:13:47  INFO      TradingGraph: Daily drawdown limit exceeded
2026-04-01 10:13:47  INFO      TradingRunner: Analysing EURGBP …
2026-04-01 10:13:47  INFO      TradingGraph: Running agents for EURGBP
2026-04-01 10:13:47  INFO      TradingGraph: Completed 15 agents
2026-04-01 10:13:47  INFO      TradingGraph: Fusing timeframe signals
2026-04-01 10:13:47  INFO      TradingGraph: Fusion: L=0.178(csns=1.00), M=0.187(csns=1.00), S=0.113(csns=1.00), align_str=0.156
2026-04-01 10:13:47  INFO      TradingGraph: Timeframes not aligned — stopping (L=0.178 M=0.187 S=0.113)
2026-04-01 10:13:47  INFO      TradingRunner: Analysing EURCHF …
2026-04-01 10:13:47  INFO      TradingGraph: Running agents for EURCHF
2026-04-01 10:13:47  INFO      TradingGraph: Completed 15 agents
2026-04-01 10:13:47  INFO      TradingGraph: Fusing timeframe signals
2026-04-01 10:13:47  INFO      TradingGraph: Fusion: L=-0.333(csns=1.00), M=0.031(csns=0.67), S=-0.127(csns=0.71), align_str=0.000
2026-04-01 10:13:47  INFO      TradingGraph: Aligned [pullback-entry] (bearish) — proceeding [L=-0.333 M=0.031 S=-0.127 breadth=-0.124]
2026-04-01 10:13:47  INFO      TradingGraph: Generating trading recipe
2026-04-01 10:13:47  INFO      TradingGraph: Generated recipe: RISKY_SHORT_PULLBACK_ENTRY_EURCHF
2026-04-01 10:13:47  INFO      TradingGraph: Daily drawdown limit exceeded
2026-04-01 10:13:47  INFO      TradingRunner: Analysing CHFJPY …
2026-04-01 10:13:47  INFO      TradingGraph: Running agents for CHFJPY
2026-04-01 10:13:47  INFO      TradingGraph: Completed 15 agents
2026-04-01 10:13:47  INFO      TradingGraph: Fusing timeframe signals
2026-04-01 10:13:47  INFO      TradingGraph: Fusion: L=0.314(csns=0.50), M=0.179(csns=1.00), S=0.276(csns=0.67), align_str=0.250
2026-04-01 10:13:47  INFO      TradingGraph: Aligned [full-alignment] (bullish) — proceeding [L=0.314 M=0.179 S=0.276 breadth=-0.124]
2026-04-01 10:13:47  INFO      TradingGraph: Generating trading recipe
2026-04-01 10:13:47  INFO      TradingGraph: Generated recipe: RISKY_LONG_FULL_ALIGNMENT_CHFJPY
2026-04-01 10:13:47  INFO      TradingGraph: Daily drawdown limit exceeded
2026-04-01 10:13:47  INFO      TradingRunner: Analysing XAGUSD …
2026-04-01 10:13:47  INFO      TradingGraph: Running agents for XAGUSD
2026-04-01 10:13:47  INFO      TradingGraph: Completed 15 agents
2026-04-01 10:13:47  INFO      TradingGraph: Fusing timeframe signals
2026-04-01 10:13:47  INFO      TradingGraph: Fusion: L=-0.206(csns=0.50), M=0.207(csns=1.00), S=-0.149(csns=0.80), align_str=0.000
2026-04-01 10:13:47  INFO      TradingGraph: Timeframes not aligned — stopping (L=-0.206 M=0.207 S=-0.149)
2026-04-01 10:13:47  INFO      TradingRunner: PnL — unrealized: +0.00  realized today: +2.21  total: +2.21
2026-04-01 10:13:48  INFO      TradingRunner: Signal cycle done in 6.6s — sleeping 293s
2026-04-01 10:14:38  WARNING   TradingRunner: [DD CLOSE-ALL] Daily drawdown -6.50% breached -5.50% ceiling — closing all open positions
2026-04-01 10:14:38  INFO      TradingRunner: [CLOSE ALL] No open positions (drawdown circuit breaker: -6.50% < -5.50%)
2026-04-01 10:15:38  WARNING   TradingRunner: [DD CLOSE-ALL] Daily drawdown -6.50% breached -5.50% ceiling — closing all open positions
2026-04-01 10:15:38  INFO      TradingRunner: [CLOSE ALL] No open positions (drawdown circuit breaker: -6.50% < -5.50%)
2026-04-01 10:16:38  WARNING   TradingRunner: [DD CLOSE-ALL] Daily drawdown -6.50% breached -5.50% ceiling — closing all open positions
2026-04-01 10:16:38  INFO      TradingRunner: [CLOSE ALL] No open positions (drawdown circuit breaker: -6.50% < -5.50%)
2026-04-01 10:17:38  WARNING   TradingRunner: [DD CLOSE-ALL] Daily drawdown -6.50% breached -5.50% ceiling — closing all open positions
2026-04-01 10:17:38  INFO      TradingRunner: [CLOSE ALL] No open positions (drawdown circuit breaker: -6.50% < -5.50%)
2026-04-01 10:18:38  WARNING   TradingRunner: [DD CLOSE-ALL] Daily drawdown -6.50% breached -5.50% ceiling — closing all open positions
2026-04-01 10:18:38  INFO      TradingRunner: [CLOSE ALL] No open positions (drawdown circuit breaker: -6.50% < -5.50%)
2026-04-01 10:18:46  INFO      TradingRunner: Analysing EURUSD …
2026-04-01 10:18:46  INFO      TradingGraph: Running agents for EURUSD
2026-04-01 10:18:46  INFO      TradingGraph: Completed 15 agents
2026-04-01 10:18:46  INFO      TradingGraph: Fusing timeframe signals
2026-04-01 10:18:46  INFO      TradingGraph: Fusion: L=-0.303(csns=0.50), M=0.578(csns=1.00), S=0.254(csns=1.00), align_str=0.000
2026-04-01 10:18:46  INFO      TradingGraph: Aligned [counter-trend-scalp] (bullish) — proceeding [L=-0.303 M=0.578 S=0.254 breadth=-0.124]
2026-04-01 10:18:46  INFO      TradingGraph: Generating trading recipe
2026-04-01 10:18:46  INFO      TradingGraph: Generated recipe: RISKY_LONG_COUNTER_TREND_SCALP_EURUSD
2026-04-01 10:18:46  INFO      TradingGraph: Daily drawdown limit exceeded
2026-04-01 10:18:46  INFO      TradingRunner: Analysing GBPUSD …
2026-04-01 10:18:46  INFO      TradingGraph: Running agents for GBPUSD
2026-04-01 10:18:46  INFO      TradingGraph: Completed 15 agents
2026-04-01 10:18:46  INFO      TradingGraph: Fusing timeframe signals
2026-04-01 10:18:46  INFO      TradingGraph: Fusion: L=-0.576(csns=1.00), M=0.482(csns=1.00), S=0.247(csns=0.71), align_str=0.000
2026-04-01 10:18:46  INFO      TradingGraph: Aligned [counter-trend-scalp] (bullish) — proceeding [L=-0.576 M=0.482 S=0.247 breadth=-0.124]
2026-04-01 10:18:46  INFO      TradingGraph: Generating trading recipe
2026-04-01 10:18:46  INFO      TradingGraph: Generated recipe: RISKY_LONG_COUNTER_TREND_SCALP_GBPUSD
2026-04-01 10:18:46  INFO      TradingGraph: Daily drawdown limit exceeded
2026-04-01 10:18:46  INFO      TradingRunner: Analysing USDJPY …
2026-04-01 10:18:46  INFO      TradingGraph: Running agents for USDJPY
2026-04-01 10:18:47  INFO      TradingGraph: Completed 15 agents
2026-04-01 10:18:47  INFO      TradingGraph: Fusing timeframe signals
2026-04-01 10:18:47  INFO      TradingGraph: Fusion: L=0.226(csns=0.33), M=-0.366(csns=1.00), S=-0.100(csns=0.40), align_str=0.000
2026-04-01 10:18:47  INFO      TradingGraph: Timeframes not aligned — stopping (L=0.226 M=-0.366 S=-0.100)
2026-04-01 10:18:47  INFO      TradingRunner: Analysing USDCHF …
2026-04-01 10:18:47  INFO      TradingGraph: Running agents for USDCHF
2026-04-01 10:18:47  INFO      TradingGraph: Completed 15 agents
2026-04-01 10:18:47  INFO      TradingGraph: Fusing timeframe signals
2026-04-01 10:18:47  INFO      TradingGraph: Fusion: L=0.530(csns=1.00), M=-0.610(csns=1.00), S=-0.174(csns=0.83), align_str=0.000
2026-04-01 10:18:47  INFO      TradingGraph: Aligned [counter-trend-scalp] (bearish) — proceeding [L=0.530 M=-0.610 S=-0.174 breadth=-0.124]
2026-04-01 10:18:47  INFO      TradingGraph: Generating trading recipe
2026-04-01 10:18:47  INFO      TradingGraph: Generated recipe: RISKY_SHORT_COUNTER_TREND_SCALP_USDCHF
2026-04-01 10:18:47  INFO      TradingGraph: Daily drawdown limit exceeded
2026-04-01 10:18:47  INFO      TradingRunner: Analysing AUDUSD …
2026-04-01 10:18:47  INFO      TradingGraph: Running agents for AUDUSD
2026-04-01 10:18:47  INFO      TradingGraph: Completed 15 agents
2026-04-01 10:18:47  INFO      TradingGraph: Fusing timeframe signals
2026-04-01 10:18:47  INFO      TradingGraph: Fusion: L=0.011(csns=1.00), M=0.520(csns=1.00), S=0.331(csns=0.71), align_str=0.126
2026-04-01 10:18:47  INFO      TradingGraph: Timeframes not aligned — stopping (L=0.011 M=0.520 S=0.331)
2026-04-01 10:18:47  INFO      TradingRunner: Analysing USDCAD …
2026-04-01 10:18:47  INFO      TradingGraph: Running agents for USDCAD
2026-04-01 10:18:47  INFO      TradingGraph: Completed 15 agents
2026-04-01 10:18:47  INFO      TradingGraph: Fusing timeframe signals
2026-04-01 10:18:47  INFO      TradingGraph: Fusion: L=0.394(csns=0.67), M=-0.242(csns=1.00), S=-0.340(csns=0.86), align_str=0.000
2026-04-01 10:18:47  INFO      TradingGraph: Timeframes not aligned — stopping (L=0.394 M=-0.242 S=-0.340)
2026-04-01 10:18:47  INFO      TradingRunner: Analysing NZDUSD …
2026-04-01 10:18:47  INFO      TradingGraph: Running agents for NZDUSD
2026-04-01 10:18:47  INFO      TradingGraph: Completed 15 agents
2026-04-01 10:18:47  INFO      TradingGraph: Fusing timeframe signals
2026-04-01 10:18:47  INFO      TradingGraph: Fusion: L=-0.558(csns=1.00), M=0.453(csns=1.00), S=0.245(csns=0.86), align_str=0.000
2026-04-01 10:18:47  INFO      TradingGraph: Aligned [counter-trend-scalp] (bullish) — proceeding [L=-0.558 M=0.453 S=0.245 breadth=-0.124]
2026-04-01 10:18:47  INFO      TradingGraph: Generating trading recipe
2026-04-01 10:18:47  INFO      TradingGraph: Generated recipe: RISKY_LONG_COUNTER_TREND_SCALP_NZDUSD
2026-04-01 10:18:47  INFO      TradingGraph: Daily drawdown limit exceeded
2026-04-01 10:18:47  INFO      TradingRunner: Analysing US30 …
2026-04-01 10:18:47  INFO      TradingGraph: Running agents for US30
2026-04-01 10:18:47  INFO      TradingGraph: Completed 15 agents
2026-04-01 10:18:47  INFO      TradingGraph: Fusing timeframe signals
2026-04-01 10:18:47  INFO      TradingGraph: Fusion: L=-0.373(csns=1.00), M=0.411(csns=1.00), S=0.305(csns=0.67), align_str=0.000
2026-04-01 10:18:47  INFO      TradingGraph: Aligned [counter-trend-scalp] (bullish) — proceeding [L=-0.373 M=0.411 S=0.305 breadth=-0.124]
2026-04-01 10:18:47  INFO      TradingGraph: Generating trading recipe
2026-04-01 10:18:47  INFO      TradingGraph: Generated recipe: RISKY_LONG_COUNTER_TREND_SCALP_US30
2026-04-01 10:18:47  INFO      TradingGraph: Daily drawdown limit exceeded
2026-04-01 10:18:47  INFO      TradingRunner: Analysing US500 …
2026-04-01 10:18:47  INFO      TradingGraph: Running agents for US500
2026-04-01 10:18:47  INFO      TradingGraph: Completed 15 agents
2026-04-01 10:18:47  INFO      TradingGraph: Fusing timeframe signals
2026-04-01 10:18:47  INFO      TradingGraph: Fusion: L=-0.415(csns=1.00), M=0.453(csns=1.00), S=0.281(csns=0.67), align_str=0.000
2026-04-01 10:18:47  INFO      TradingGraph: Aligned [counter-trend-scalp] (bullish) — proceeding [L=-0.415 M=0.453 S=0.281 breadth=-0.124]
2026-04-01 10:18:47  INFO      TradingGraph: Generating trading recipe
2026-04-01 10:18:47  INFO      TradingGraph: Generated recipe: RISKY_LONG_COUNTER_TREND_SCALP_US500
2026-04-01 10:18:47  INFO      TradingGraph: Daily drawdown limit exceeded
2026-04-01 10:18:47  INFO      TradingRunner: Analysing USTEC …
2026-04-01 10:18:47  INFO      TradingGraph: Running agents for USTEC
2026-04-01 10:18:47  INFO      TradingGraph: Completed 15 agents
2026-04-01 10:18:47  INFO      TradingGraph: Fusing timeframe signals
2026-04-01 10:18:47  INFO      TradingGraph: Fusion: L=-0.430(csns=1.00), M=0.478(csns=1.00), S=0.321(csns=0.80), align_str=0.000
2026-04-01 10:18:47  INFO      TradingGraph: Aligned [counter-trend-scalp] (bullish) — proceeding [L=-0.430 M=0.478 S=0.321 breadth=-0.124]
2026-04-01 10:18:47  INFO      TradingGraph: Generating trading recipe
2026-04-01 10:18:47  INFO      TradingGraph: Generated recipe: RISKY_LONG_COUNTER_TREND_SCALP_USTEC
2026-04-01 10:18:47  INFO      TradingGraph: Daily drawdown limit exceeded
2026-04-01 10:18:47  INFO      TradingRunner: Analysing DAX …
2026-04-01 10:18:47  INFO      TradingGraph: Running agents for DAX
2026-04-01 10:18:47  INFO      TradingGraph: Completed 15 agents
2026-04-01 10:18:47  INFO      TradingGraph: Fusing timeframe signals
2026-04-01 10:18:47  INFO      TradingGraph: Fusion: L=-0.077(csns=1.00), M=0.189(csns=0.50), S=0.242(csns=0.71), align_str=0.000
2026-04-01 10:18:47  INFO      TradingGraph: Timeframes not aligned — stopping (L=-0.077 M=0.189 S=0.242)
2026-04-01 10:18:47  INFO      TradingRunner: Analysing UK100 …
2026-04-01 10:18:47  INFO      TradingGraph: Running agents for UK100
2026-04-01 10:18:47  INFO      TradingGraph: Completed 15 agents
2026-04-01 10:18:47  INFO      TradingGraph: Fusing timeframe signals
2026-04-01 10:18:47  INFO      TradingGraph: Fusion: L=0.161(csns=1.00), M=0.419(csns=1.00), S=0.346(csns=0.80), align_str=0.286
2026-04-01 10:18:47  INFO      TradingGraph: Timeframes not aligned — stopping (L=0.161 M=0.419 S=0.346)
2026-04-01 10:18:47  INFO      TradingRunner: Analysing EURJPY …
2026-04-01 10:18:47  INFO      TradingGraph: Running agents for EURJPY
2026-04-01 10:18:47  INFO      TradingGraph: Completed 15 agents
2026-04-01 10:18:47  INFO      TradingGraph: Fusing timeframe signals
2026-04-01 10:18:47  INFO      TradingGraph: Fusion: L=-0.084(csns=0.50), M=0.389(csns=1.00), S=-0.047(csns=0.50), align_str=0.000
2026-04-01 10:18:47  INFO      TradingGraph: Timeframes not aligned — stopping (L=-0.084 M=0.389 S=-0.047)
2026-04-01 10:18:47  INFO      TradingRunner: Analysing GBPJPY …
2026-04-01 10:18:47  INFO      TradingGraph: Running agents for GBPJPY
2026-04-01 10:18:47  INFO      TradingGraph: Completed 15 agents
2026-04-01 10:18:47  INFO      TradingGraph: Fusing timeframe signals
2026-04-01 10:18:47  INFO      TradingGraph: Fusion: L=0.038(csns=0.50), M=0.157(csns=1.00), S=0.341(csns=0.80), align_str=0.126
2026-04-01 10:18:47  INFO      TradingGraph: Timeframes not aligned — stopping (L=0.038 M=0.157 S=0.341)
2026-04-01 10:18:47  INFO      TradingRunner: Analysing AUDJPY …
2026-04-01 10:18:47  INFO      TradingGraph: Running agents for AUDJPY
2026-04-01 10:18:47  INFO      TradingGraph: Completed 15 agents
2026-04-01 10:18:47  INFO      TradingGraph: Fusing timeframe signals
2026-04-01 10:18:47  INFO      TradingGraph: Fusion: L=0.530(csns=1.00), M=0.439(csns=1.00), S=0.210(csns=0.71), align_str=0.366
2026-04-01 10:18:47  INFO      TradingGraph: Aligned [full-alignment] (bullish) — proceeding [L=0.530 M=0.439 S=0.210 breadth=-0.124]
2026-04-01 10:18:47  INFO      TradingGraph: Generating trading recipe
2026-04-01 10:18:47  INFO      TradingGraph: Generated recipe: RISKY_LONG_FULL_ALIGNMENT_AUDJPY
2026-04-01 10:18:47  INFO      TradingGraph: Daily drawdown limit exceeded
2026-04-01 10:18:47  INFO      TradingRunner: Analysing EURGBP …
2026-04-01 10:18:47  INFO      TradingGraph: Running agents for EURGBP
2026-04-01 10:18:47  INFO      TradingGraph: Completed 15 agents
2026-04-01 10:18:47  INFO      TradingGraph: Fusing timeframe signals
2026-04-01 10:18:47  INFO      TradingGraph: Fusion: L=0.178(csns=1.00), M=0.187(csns=1.00), S=0.190(csns=1.00), align_str=0.185
2026-04-01 10:18:47  INFO      TradingGraph: Timeframes not aligned — stopping (L=0.178 M=0.187 S=0.190)
2026-04-01 10:18:47  INFO      TradingRunner: Analysing EURCHF …
2026-04-01 10:18:47  INFO      TradingGraph: Running agents for EURCHF
2026-04-01 10:18:47  INFO      TradingGraph: Completed 15 agents
2026-04-01 10:18:47  INFO      TradingGraph: Fusing timeframe signals
2026-04-01 10:18:47  INFO      TradingGraph: Fusion: L=-0.334(csns=1.00), M=0.010(csns=0.67), S=-0.129(csns=0.71), align_str=0.000
2026-04-01 10:18:47  INFO      TradingGraph: Aligned [pullback-entry] (bearish) — proceeding [L=-0.334 M=0.010 S=-0.129 breadth=-0.124]
2026-04-01 10:18:47  INFO      TradingGraph: Generating trading recipe
2026-04-01 10:18:47  INFO      TradingGraph: Generated recipe: RISKY_SHORT_PULLBACK_ENTRY_EURCHF
2026-04-01 10:18:47  INFO      TradingGraph: Daily drawdown limit exceeded
2026-04-01 10:18:47  INFO      TradingRunner: Analysing CHFJPY …
2026-04-01 10:18:47  INFO      TradingGraph: Running agents for CHFJPY
2026-04-01 10:18:48  INFO      TradingGraph: Completed 15 agents
2026-04-01 10:18:48  INFO      TradingGraph: Fusing timeframe signals
2026-04-01 10:18:48  INFO      TradingGraph: Fusion: L=0.314(csns=0.50), M=0.203(csns=1.00), S=0.281(csns=0.67), align_str=0.262
2026-04-01 10:18:48  INFO      TradingGraph: Aligned [full-alignment] (bullish) — proceeding [L=0.314 M=0.203 S=0.281 breadth=-0.124]
2026-04-01 10:18:48  INFO      TradingGraph: Generating trading recipe
2026-04-01 10:18:48  INFO      TradingGraph: Generated recipe: RISKY_LONG_FULL_ALIGNMENT_CHFJPY
2026-04-01 10:18:48  INFO      TradingGraph: Daily drawdown limit exceeded
2026-04-01 10:18:48  INFO      TradingRunner: Analysing XAGUSD …
2026-04-01 10:18:48  INFO      TradingGraph: Running agents for XAGUSD
2026-04-01 10:18:48  INFO      TradingGraph: Completed 15 agents
2026-04-01 10:18:48  INFO      TradingGraph: Fusing timeframe signals
2026-04-01 10:18:48  INFO      TradingGraph: Fusion: L=-0.206(csns=0.50), M=0.303(csns=1.00), S=0.057(csns=0.50), align_str=0.000
2026-04-01 10:18:48  INFO      TradingGraph: Timeframes not aligned — stopping (L=-0.206 M=0.303 S=0.057)
2026-04-01 10:18:48  INFO      TradingRunner: PnL — unrealized: +0.00  realized today: +2.21  total: +2.21
2026-04-01 10:18:48  INFO      TradingRunner: Signal cycle done in 6.8s — sleeping 293s
2026-04-01 10:19:38  WARNING   TradingRunner: [DD CLOSE-ALL] Daily drawdown -6.50% breached -5.50% ceiling — closing all open positions
2026-04-01 10:19:38  INFO      TradingRunner: [CLOSE ALL] No open positions (drawdown circuit breaker: -6.50% < -5.50%)
2026-04-01 10:20:52  WARNING   TradingRunner: [WATCHDOG] MT5 connection lost — attempting reconnect
2026-04-01 10:20:52  INFO      TradingRunner: [WATCHDOG] Reconnect attempt 1/5 (waiting 10s)
2026-04-01 10:21:02  INFO      MT5Executor: MT5 connection closed
2026-04-01 10:21:02  INFO      MT5Executor: Using mt5linux backend → localhost:18812
2026-04-01 10:21:02  INFO      MT5Executor: Connected to MT5: 5048478471 on MetaQuotes-Demo | balance=117.36 | trade_allowed=True
2026-04-01 10:21:02  INFO      TradingRunner: [WATCHDOG] MT5 reconnected successfully
2026-04-01 10:21:38  WARNING   TradingRunner: [DD CLOSE-ALL] Daily drawdown -6.50% breached -5.50% ceiling — closing all open positions
2026-04-01 10:21:38  INFO      TradingRunner: [CLOSE ALL] No open positions (drawdown circuit breaker: -6.50% < -5.50%)
2026-04-01 10:22:32  INFO      TradingRunner: [WATCHDOG] alive | equity=117.36 | cycle=9 | profile=risky
2026-04-01 10:22:38  WARNING   TradingRunner: [DD CLOSE-ALL] Daily drawdown -6.50% breached -5.50% ceiling — closing all open positions
2026-04-01 10:22:38  INFO      TradingRunner: [CLOSE ALL] No open positions (drawdown circuit breaker: -6.50% < -5.50%)
2026-04-01 11:52:01  WARNING   TradingRunner: [DD CLOSE-ALL] Daily drawdown -6.50% breached -5.50% ceiling — closing all open positions
2026-04-01 11:52:01  INFO      TradingRunner: [CLOSE ALL] No open positions (drawdown circuit breaker: -6.50% < -5.50%)
2026-04-01 11:52:24  INFO      TradingRunner: [WATCHDOG] alive | equity=117.36 | cycle=10 | profile=risky
2026-04-01 11:52:30  ERROR     yfinance: 
7 Failed downloads:
2026-04-01 11:52:30  ERROR     yfinance: 
7 Failed downloads:
2026-04-01 11:52:30  ERROR     yfinance: 
7 Failed downloads:
2026-04-01 11:52:30  ERROR     yfinance: 
7 Failed downloads:
2026-04-01 11:52:30  ERROR     yfinance: 
7 Failed downloads:
2026-04-01 11:52:30  ERROR     yfinance: 
7 Failed downloads:
2026-04-01 11:52:30  ERROR     yfinance: 
7 Failed downloads:
2026-04-01 11:52:30  ERROR     yfinance: 
7 Failed downloads:
2026-04-01 11:52:30  ERROR     yfinance: 
7 Failed downloads:
2026-04-01 11:52:30  ERROR     yfinance: 
7 Failed downloads:
2026-04-01 11:52:30  ERROR     yfinance: ['SPY', 'XLI', 'XLF', 'RSP']: Timeout('Failed to perform, curl: (28) Resolving timed out after 10000 milliseconds. See https://curl.se/libcurl/c/libcurl-errors.html first for more details.')
2026-04-01 11:52:30  ERROR     yfinance: 
7 Failed downloads:
2026-04-01 11:52:30  ERROR     yfinance: 
7 Failed downloads:
2026-04-01 11:52:30  ERROR     yfinance: 
7 Failed downloads:
2026-04-01 11:52:30  ERROR     yfinance: 
7 Failed downloads:
2026-04-01 11:52:30  ERROR     yfinance: 
7 Failed downloads:
2026-04-01 11:52:30  ERROR     yfinance: ['SPY', 'XLI', 'XLF', 'RSP']: Timeout('Failed to perform, curl: (28) Resolving timed out after 10000 milliseconds. See https://curl.se/libcurl/c/libcurl-errors.html first for more details.')
2026-04-01 11:52:30  ERROR     yfinance: ['SPY', 'XLI', 'XLF', 'RSP']: Timeout('Failed to perform, curl: (28) Resolving timed out after 10000 milliseconds. See https://curl.se/libcurl/c/libcurl-errors.html first for more details.')
2026-04-01 11:52:30  ERROR     yfinance: ['SPY', 'XLI', 'XLF', 'RSP']: Timeout('Failed to perform, curl: (28) Resolving timed out after 10000 milliseconds. See https://curl.se/libcurl/c/libcurl-errors.html first for more details.')
2026-04-01 11:52:30  ERROR     yfinance: ['SPY', 'XLI', 'XLF', 'RSP']: Timeout('Failed to perform, curl: (28) Resolving timed out after 10000 milliseconds. See https://curl.se/libcurl/c/libcurl-errors.html first for more details.')
2026-04-01 11:52:30  ERROR     yfinance: ['XLV', 'XLK', 'XLE']: Timeout('Failed to perform, curl: (28) Resolving timed out after 10001 milliseconds. See https://curl.se/libcurl/c/libcurl-errors.html first for more details.')
2026-04-01 11:52:30  ERROR     yfinance: ['SPY', 'XLI', 'XLF', 'RSP']: Timeout('Failed to perform, curl: (28) Resolving timed out after 10000 milliseconds. See https://curl.se/libcurl/c/libcurl-errors.html first for more details.')
2026-04-01 11:52:30  ERROR     yfinance: ['SPY', 'XLI', 'XLF', 'RSP']: Timeout('Failed to perform, curl: (28) Resolving timed out after 10000 milliseconds. See https://curl.se/libcurl/c/libcurl-errors.html first for more details.')
2026-04-01 11:52:30  ERROR     yfinance: ['SPY', 'XLI', 'XLF', 'RSP']: Timeout('Failed to perform, curl: (28) Resolving timed out after 10000 milliseconds. See https://curl.se/libcurl/c/libcurl-errors.html first for more details.')
2026-04-01 11:52:30  ERROR     yfinance: ['SPY', 'XLI', 'XLF', 'RSP']: Timeout('Failed to perform, curl: (28) Resolving timed out after 10000 milliseconds. See https://curl.se/libcurl/c/libcurl-errors.html first for more details.')
2026-04-01 11:52:30  ERROR     yfinance: ['XLV', 'XLK', 'XLE']: Timeout('Failed to perform, curl: (28) Resolving timed out after 10001 milliseconds. See https://curl.se/libcurl/c/libcurl-errors.html first for more details.')
2026-04-01 11:52:30  ERROR     yfinance: ['SPY', 'XLI', 'XLF', 'RSP']: Timeout('Failed to perform, curl: (28) Resolving timed out after 10000 milliseconds. See https://curl.se/libcurl/c/libcurl-errors.html first for more details.')
2026-04-01 11:52:30  ERROR     yfinance: ['SPY', 'XLI', 'XLF', 'RSP']: Timeout('Failed to perform, curl: (28) Resolving timed out after 10000 milliseconds. See https://curl.se/libcurl/c/libcurl-errors.html first for more details.')
2026-04-01 11:52:30  ERROR     yfinance: ['SPY', 'XLI', 'XLF', 'RSP']: Timeout('Failed to perform, curl: (28) Resolving timed out after 10000 milliseconds. See https://curl.se/libcurl/c/libcurl-errors.html first for more details.')
2026-04-01 11:52:30  ERROR     yfinance: ['SPY', 'XLI', 'XLF', 'RSP']: Timeout('Failed to perform, curl: (28) Resolving timed out after 10000 milliseconds. See https://curl.se/libcurl/c/libcurl-errors.html first for more details.')
2026-04-01 11:52:30  ERROR     yfinance: ['SPY', 'XLI', 'XLF', 'RSP']: Timeout('Failed to perform, curl: (28) Resolving timed out after 10000 milliseconds. See https://curl.se/libcurl/c/libcurl-errors.html first for more details.')
2026-04-01 11:52:30  ERROR     yfinance: ['XLV', 'XLK', 'XLE']: Timeout('Failed to perform, curl: (28) Resolving timed out after 10001 milliseconds. See https://curl.se/libcurl/c/libcurl-errors.html first for more details.')
2026-04-01 11:52:30  ERROR     yfinance: ['XLV', 'XLK', 'XLE']: Timeout('Failed to perform, curl: (28) Resolving timed out after 10001 milliseconds. See https://curl.se/libcurl/c/libcurl-errors.html first for more details.')
2026-04-01 11:52:30  ERROR     yfinance: ['XLV', 'XLK', 'XLE']: Timeout('Failed to perform, curl: (28) Resolving timed out after 10001 milliseconds. See https://curl.se/libcurl/c/libcurl-errors.html first for more details.')
2026-04-01 11:52:30  ERROR     yfinance: ['SPY', 'XLI', 'XLF', 'RSP']: Timeout('Failed to perform, curl: (28) Resolving timed out after 10000 milliseconds. See https://curl.se/libcurl/c/libcurl-errors.html first for more details.')
2026-04-01 11:52:30  ERROR     yfinance: ['XLV', 'XLK', 'XLE']: Timeout('Failed to perform, curl: (28) Resolving timed out after 10001 milliseconds. See https://curl.se/libcurl/c/libcurl-errors.html first for more details.')
2026-04-01 11:52:30  ERROR     yfinance: ['XLV', 'XLK', 'XLE']: Timeout('Failed to perform, curl: (28) Resolving timed out after 10001 milliseconds. See https://curl.se/libcurl/c/libcurl-errors.html first for more details.')
2026-04-01 11:52:30  ERROR     yfinance: ['XLV', 'XLK', 'XLE']: Timeout('Failed to perform, curl: (28) Resolving timed out after 10001 milliseconds. See https://curl.se/libcurl/c/libcurl-errors.html first for more details.')
2026-04-01 11:52:30  ERROR     yfinance: ['XLV', 'XLK', 'XLE']: Timeout('Failed to perform, curl: (28) Resolving timed out after 10001 milliseconds. See https://curl.se/libcurl/c/libcurl-errors.html first for more details.')
2026-04-01 11:52:30  ERROR     yfinance: ['XLV', 'XLK', 'XLE']: Timeout('Failed to perform, curl: (28) Resolving timed out after 10001 milliseconds. See https://curl.se/libcurl/c/libcurl-errors.html first for more details.')
2026-04-01 11:52:30  ERROR     yfinance: ['XLV', 'XLK', 'XLE']: Timeout('Failed to perform, curl: (28) Resolving timed out after 10001 milliseconds. See https://curl.se/libcurl/c/libcurl-errors.html first for more details.')
2026-04-01 11:52:30  ERROR     yfinance: ['XLV', 'XLK', 'XLE']: Timeout('Failed to perform, curl: (28) Resolving timed out after 10001 milliseconds. See https://curl.se/libcurl/c/libcurl-errors.html first for more details.')
2026-04-01 11:52:30  ERROR     yfinance: ['XLV', 'XLK', 'XLE']: Timeout('Failed to perform, curl: (28) Resolving timed out after 10001 milliseconds. See https://curl.se/libcurl/c/libcurl-errors.html first for more details.')
2026-04-01 11:52:30  ERROR     yfinance: ['XLV', 'XLK', 'XLE']: Timeout('Failed to perform, curl: (28) Resolving timed out after 10001 milliseconds. See https://curl.se/libcurl/c/libcurl-errors.html first for more details.')
2026-04-01 11:52:30  ERROR     yfinance: ['XLV', 'XLK', 'XLE']: Timeout('Failed to perform, curl: (28) Resolving timed out after 10001 milliseconds. See https://curl.se/libcurl/c/libcurl-errors.html first for more details.')
2026-04-01 11:52:45  ERROR     yfinance: 
4 Failed downloads:
2026-04-01 11:52:45  ERROR     yfinance: 
4 Failed downloads:
2026-04-01 11:52:45  ERROR     yfinance: 
4 Failed downloads:
2026-04-01 11:52:45  ERROR     yfinance: 
4 Failed downloads:
2026-04-01 11:52:45  ERROR     yfinance: 
4 Failed downloads:
2026-04-01 11:52:45  ERROR     yfinance: 
4 Failed downloads:
2026-04-01 11:52:45  ERROR     yfinance: 
4 Failed downloads:
2026-04-01 11:52:45  ERROR     yfinance: 
4 Failed downloads:
2026-04-01 11:52:45  ERROR     yfinance: 
4 Failed downloads:
2026-04-01 11:52:45  ERROR     yfinance: 
4 Failed downloads:
2026-04-01 11:52:45  ERROR     yfinance: 
5 Failed downloads:
2026-04-01 11:52:45  ERROR     yfinance: 
5 Failed downloads:
2026-04-01 11:52:45  ERROR     yfinance: 
5 Failed downloads:
2026-04-01 11:52:45  ERROR     yfinance: 
5 Failed downloads:
2026-04-01 11:52:45  ERROR     yfinance: 
5 Failed downloads:
2026-04-01 11:52:45  ERROR     yfinance: ['XLF', 'XLV', 'SPY', 'XLE']: Timeout('Failed to perform, curl: (28) Resolving timed out after 10000 milliseconds. See https://curl.se/libcurl/c/libcurl-errors.html first for more details.')
2026-04-01 11:52:45  ERROR     yfinance: ['XLF', 'XLV', 'SPY', 'XLE']: Timeout('Failed to perform, curl: (28) Resolving timed out after 10000 milliseconds. See https://curl.se/libcurl/c/libcurl-errors.html first for more details.')
2026-04-01 11:52:45  ERROR     yfinance: ['XLF', 'XLV', 'SPY', 'XLE']: Timeout('Failed to perform, curl: (28) Resolving timed out after 10000 milliseconds. See https://curl.se/libcurl/c/libcurl-errors.html first for more details.')
2026-04-01 11:52:45  ERROR     yfinance: ['XLF', 'XLV', 'SPY', 'XLE']: Timeout('Failed to perform, curl: (28) Resolving timed out after 10000 milliseconds. See https://curl.se/libcurl/c/libcurl-errors.html first for more details.')
2026-04-01 11:52:45  ERROR     yfinance: ['XLF', 'XLV', 'SPY', 'XLE']: Timeout('Failed to perform, curl: (28) Resolving timed out after 10000 milliseconds. See https://curl.se/libcurl/c/libcurl-errors.html first for more details.')
2026-04-01 11:52:45  ERROR     yfinance: ['XLF', 'XLV', 'SPY', 'XLE']: Timeout('Failed to perform, curl: (28) Resolving timed out after 10000 milliseconds. See https://curl.se/libcurl/c/libcurl-errors.html first for more details.')
2026-04-01 11:52:45  ERROR     yfinance: ['XLF', 'XLV', 'SPY', 'XLE']: Timeout('Failed to perform, curl: (28) Resolving timed out after 10000 milliseconds. See https://curl.se/libcurl/c/libcurl-errors.html first for more details.')
2026-04-01 11:52:45  ERROR     yfinance: ['XLF', 'XLV', 'SPY', 'XLE']: Timeout('Failed to perform, curl: (28) Resolving timed out after 10000 milliseconds. See https://curl.se/libcurl/c/libcurl-errors.html first for more details.')
2026-04-01 11:52:45  ERROR     yfinance: ['XLF', 'XLV', 'SPY', 'XLE']: Timeout('Failed to perform, curl: (28) Resolving timed out after 10000 milliseconds. See https://curl.se/libcurl/c/libcurl-errors.html first for more details.')
2026-04-01 11:52:45  ERROR     yfinance: ['XLF', 'XLV', 'SPY', 'XLE']: Timeout('Failed to perform, curl: (28) Resolving timed out after 10000 milliseconds. See https://curl.se/libcurl/c/libcurl-errors.html first for more details.')
2026-04-01 11:52:45  ERROR     yfinance: ['XLF', 'XLV', 'SPY', 'XLE']: Timeout('Failed to perform, curl: (28) Resolving timed out after 10000 milliseconds. See https://curl.se/libcurl/c/libcurl-errors.html first for more details.')
2026-04-01 11:52:45  ERROR     yfinance: ['XLF', 'XLV', 'SPY', 'XLE']: Timeout('Failed to perform, curl: (28) Resolving timed out after 10000 milliseconds. See https://curl.se/libcurl/c/libcurl-errors.html first for more details.')
2026-04-01 11:52:45  ERROR     yfinance: ['XLF', 'XLV', 'SPY', 'XLE']: Timeout('Failed to perform, curl: (28) Resolving timed out after 10000 milliseconds. See https://curl.se/libcurl/c/libcurl-errors.html first for more details.')
2026-04-01 11:52:45  ERROR     yfinance: ['XLF', 'XLV', 'SPY', 'XLE']: Timeout('Failed to perform, curl: (28) Resolving timed out after 10000 milliseconds. See https://curl.se/libcurl/c/libcurl-errors.html first for more details.')
2026-04-01 11:52:45  ERROR     yfinance: ['XLF', 'XLV', 'SPY', 'XLE']: Timeout('Failed to perform, curl: (28) Resolving timed out after 10000 milliseconds. See https://curl.se/libcurl/c/libcurl-errors.html first for more details.')
2026-04-01 11:52:45  ERROR     yfinance: ['RSP']: Timeout('Failed to perform, curl: (28) Resolving timed out after 10001 milliseconds. See https://curl.se/libcurl/c/libcurl-errors.html first for more details.')
2026-04-01 11:52:45  ERROR     yfinance: ['RSP']: Timeout('Failed to perform, curl: (28) Resolving timed out after 10001 milliseconds. See https://curl.se/libcurl/c/libcurl-errors.html first for more details.')
2026-04-01 11:52:45  ERROR     yfinance: ['RSP']: Timeout('Failed to perform, curl: (28) Resolving timed out after 10001 milliseconds. See https://curl.se/libcurl/c/libcurl-errors.html first for more details.')
2026-04-01 11:52:45  ERROR     yfinance: ['RSP']: Timeout('Failed to perform, curl: (28) Resolving timed out after 10001 milliseconds. See https://curl.se/libcurl/c/libcurl-errors.html first for more details.')
2026-04-01 11:52:45  ERROR     yfinance: ['RSP']: Timeout('Failed to perform, curl: (28) Resolving timed out after 10001 milliseconds. See https://curl.se/libcurl/c/libcurl-errors.html first for more details.')
2026-04-01 11:52:45  ERROR     yfinance: ['RSP']: Timeout('Failed to perform, curl: (28) Resolving timed out after 10001 milliseconds. See https://curl.se/libcurl/c/libcurl-errors.html first for more details.')
2026-04-01 11:52:45  ERROR     yfinance: ['RSP']: Timeout('Failed to perform, curl: (28) Resolving timed out after 10001 milliseconds. See https://curl.se/libcurl/c/libcurl-errors.html first for more details.')
2026-04-01 11:52:45  ERROR     yfinance: ['RSP']: Timeout('Failed to perform, curl: (28) Resolving timed out after 10001 milliseconds. See https://curl.se/libcurl/c/libcurl-errors.html first for more details.')
2026-04-01 11:52:45  ERROR     yfinance: ['RSP']: Timeout('Failed to perform, curl: (28) Resolving timed out after 10001 milliseconds. See https://curl.se/libcurl/c/libcurl-errors.html first for more details.')
2026-04-01 11:52:45  ERROR     yfinance: ['RSP']: Timeout('Failed to perform, curl: (28) Resolving timed out after 10001 milliseconds. See https://curl.se/libcurl/c/libcurl-errors.html first for more details.')
2026-04-01 11:52:45  ERROR     yfinance: ['RSP']: Timeout('Failed to perform, curl: (28) Resolving timed out after 10001 milliseconds. See https://curl.se/libcurl/c/libcurl-errors.html first for more details.')
2026-04-01 11:52:45  ERROR     yfinance: ['RSP']: Timeout('Failed to perform, curl: (28) Resolving timed out after 10001 milliseconds. See https://curl.se/libcurl/c/libcurl-errors.html first for more details.')
2026-04-01 11:52:45  ERROR     yfinance: ['RSP']: Timeout('Failed to perform, curl: (28) Resolving timed out after 10001 milliseconds. See https://curl.se/libcurl/c/libcurl-errors.html first for more details.')
2026-04-01 11:52:45  ERROR     yfinance: ['RSP']: Timeout('Failed to perform, curl: (28) Resolving timed out after 10001 milliseconds. See https://curl.se/libcurl/c/libcurl-errors.html first for more details.')
2026-04-01 11:52:45  ERROR     yfinance: ['RSP']: Timeout('Failed to perform, curl: (28) Resolving timed out after 10001 milliseconds. See https://curl.se/libcurl/c/libcurl-errors.html first for more details.')
2026-04-01 11:53:01  WARNING   TradingRunner: [DD CLOSE-ALL] Daily drawdown -6.50% breached -5.50% ceiling — closing all open positions
2026-04-01 11:53:01  INFO      TradingRunner: [CLOSE ALL] No open positions (drawdown circuit breaker: -6.50% < -5.50%)
2026-04-01 11:53:10  ERROR     yfinance: 
7 Failed downloads:
2026-04-01 11:53:10  ERROR     yfinance: 
7 Failed downloads:
2026-04-01 11:53:10  ERROR     yfinance: 
7 Failed downloads:
2026-04-01 11:53:10  ERROR     yfinance: 
7 Failed downloads:
2026-04-01 11:53:10  ERROR     yfinance: 
7 Failed downloads:
2026-04-01 11:53:10  ERROR     yfinance: 
7 Failed downloads:
2026-04-01 11:53:10  ERROR     yfinance: 
7 Failed downloads:
2026-04-01 11:53:10  ERROR     yfinance: 
7 Failed downloads:
2026-04-01 11:53:10  ERROR     yfinance: ['SPY', 'XLK', 'XLI', 'RSP']: Timeout('Failed to perform, curl: (28) Resolving timed out after 10000 milliseconds. See https://curl.se/libcurl/c/libcurl-errors.html first for more details.')
2026-04-01 11:53:10  ERROR     yfinance: ['XLE', 'XLV', 'XLF']: Timeout('Failed to perform, curl: (28) Resolving timed out after 10001 milliseconds. See https://curl.se/libcurl/c/libcurl-errors.html first for more details.')
2026-04-01 11:53:10  ERROR     yfinance: 
7 Failed downloads:
2026-04-01 11:53:10  ERROR     yfinance: 
7 Failed downloads:
2026-04-01 11:53:10  ERROR     yfinance: ['SPY', 'XLK', 'XLI', 'RSP']: Timeout('Failed to perform, curl: (28) Resolving timed out after 10000 milliseconds. See https://curl.se/libcurl/c/libcurl-errors.html first for more details.')
2026-04-01 11:53:10  ERROR     yfinance: 
7 Failed downloads:
2026-04-01 11:53:10  ERROR     yfinance: 
7 Failed downloads:
2026-04-01 11:53:10  ERROR     yfinance: 
7 Failed downloads:
2026-04-01 11:53:10  ERROR     yfinance: ['SPY', 'XLK', 'XLI', 'RSP']: Timeout('Failed to perform, curl: (28) Resolving timed out after 10000 milliseconds. See https://curl.se/libcurl/c/libcurl-errors.html first for more details.')
2026-04-01 11:53:10  ERROR     yfinance: ['SPY', 'XLK', 'XLI', 'RSP']: Timeout('Failed to perform, curl: (28) Resolving timed out after 10000 milliseconds. See https://curl.se/libcurl/c/libcurl-errors.html first for more details.')
2026-04-01 11:53:10  ERROR     yfinance: ['SPY', 'XLK', 'XLI', 'RSP']: Timeout('Failed to perform, curl: (28) Resolving timed out after 10000 milliseconds. See https://curl.se/libcurl/c/libcurl-errors.html first for more details.')
2026-04-01 11:53:10  ERROR     yfinance: ['SPY', 'XLK', 'XLI', 'RSP']: Timeout('Failed to perform, curl: (28) Resolving timed out after 10000 milliseconds. See https://curl.se/libcurl/c/libcurl-errors.html first for more details.')
2026-04-01 11:53:10  ERROR     yfinance: ['SPY', 'XLK', 'XLI', 'RSP']: Timeout('Failed to perform, curl: (28) Resolving timed out after 10000 milliseconds. See https://curl.se/libcurl/c/libcurl-errors.html first for more details.')
2026-04-01 11:53:10  ERROR     yfinance: 
7 Failed downloads:
2026-04-01 11:53:10  ERROR     yfinance: 
7 Failed downloads:
2026-04-01 11:53:10  ERROR     yfinance: ['SPY', 'XLK', 'XLI', 'RSP']: Timeout('Failed to perform, curl: (28) Resolving timed out after 10000 milliseconds. See https://curl.se/libcurl/c/libcurl-errors.html first for more details.')
2026-04-01 11:53:10  ERROR     yfinance: ['SPY', 'XLK', 'XLI', 'RSP']: Timeout('Failed to perform, curl: (28) Resolving timed out after 10000 milliseconds. See https://curl.se/libcurl/c/libcurl-errors.html first for more details.')
2026-04-01 11:53:10  ERROR     yfinance: ['SPY', 'XLK', 'XLI', 'RSP']: Timeout('Failed to perform, curl: (28) Resolving timed out after 10000 milliseconds. See https://curl.se/libcurl/c/libcurl-errors.html first for more details.')
2026-04-01 11:53:10  ERROR     yfinance: ['XLE', 'XLV', 'XLF']: Timeout('Failed to perform, curl: (28) Resolving timed out after 10001 milliseconds. See https://curl.se/libcurl/c/libcurl-errors.html first for more details.')
2026-04-01 11:53:10  ERROR     yfinance: ['SPY', 'XLK', 'XLI', 'RSP']: Timeout('Failed to perform, curl: (28) Resolving timed out after 10000 milliseconds. See https://curl.se/libcurl/c/libcurl-errors.html first for more details.')
2026-04-01 11:53:10  ERROR     yfinance: ['SPY', 'XLK', 'XLI', 'RSP']: Timeout('Failed to perform, curl: (28) Resolving timed out after 10000 milliseconds. See https://curl.se/libcurl/c/libcurl-errors.html first for more details.')
2026-04-01 11:53:10  ERROR     yfinance: ['SPY', 'XLK', 'XLI', 'RSP']: Timeout('Failed to perform, curl: (28) Resolving timed out after 10000 milliseconds. See https://curl.se/libcurl/c/libcurl-errors.html first for more details.')
2026-04-01 11:53:10  ERROR     yfinance: ['XLE', 'XLV', 'XLF']: Timeout('Failed to perform, curl: (28) Resolving timed out after 10001 milliseconds. See https://curl.se/libcurl/c/libcurl-errors.html first for more details.')
2026-04-01 11:53:10  ERROR     yfinance: ['XLE', 'XLV', 'XLF']: Timeout('Failed to perform, curl: (28) Resolving timed out after 10001 milliseconds. See https://curl.se/libcurl/c/libcurl-errors.html first for more details.')
2026-04-01 11:53:10  ERROR     yfinance: ['XLE', 'XLV', 'XLF']: Timeout('Failed to perform, curl: (28) Resolving timed out after 10001 milliseconds. See https://curl.se/libcurl/c/libcurl-errors.html first for more details.')
2026-04-01 11:53:10  ERROR     yfinance: ['XLE', 'XLV', 'XLF']: Timeout('Failed to perform, curl: (28) Resolving timed out after 10001 milliseconds. See https://curl.se/libcurl/c/libcurl-errors.html first for more details.')
2026-04-01 11:53:10  ERROR     yfinance: ['XLE', 'XLV', 'XLF']: Timeout('Failed to perform, curl: (28) Resolving timed out after 10001 milliseconds. See https://curl.se/libcurl/c/libcurl-errors.html first for more details.')
2026-04-01 11:53:10  ERROR     yfinance: ['SPY', 'XLK', 'XLI', 'RSP']: Timeout('Failed to perform, curl: (28) Resolving timed out after 10000 milliseconds. See https://curl.se/libcurl/c/libcurl-errors.html first for more details.')
2026-04-01 11:53:10  ERROR     yfinance: ['SPY', 'XLK', 'XLI', 'RSP']: Timeout('Failed to perform, curl: (28) Resolving timed out after 10000 milliseconds. See https://curl.se/libcurl/c/libcurl-errors.html first for more details.')
2026-04-01 11:53:10  ERROR     yfinance: ['XLE', 'XLV', 'XLF']: Timeout('Failed to perform, curl: (28) Resolving timed out after 10001 milliseconds. See https://curl.se/libcurl/c/libcurl-errors.html first for more details.')
2026-04-01 11:53:10  ERROR     yfinance: ['XLE', 'XLV', 'XLF']: Timeout('Failed to perform, curl: (28) Resolving timed out after 10001 milliseconds. See https://curl.se/libcurl/c/libcurl-errors.html first for more details.')
2026-04-01 11:53:10  ERROR     yfinance: ['XLE', 'XLV', 'XLF']: Timeout('Failed to perform, curl: (28) Resolving timed out after 10001 milliseconds. See https://curl.se/libcurl/c/libcurl-errors.html first for more details.')
2026-04-01 11:53:10  ERROR     yfinance: ['XLE', 'XLV', 'XLF']: Timeout('Failed to perform, curl: (28) Resolving timed out after 10001 milliseconds. See https://curl.se/libcurl/c/libcurl-errors.html first for more details.')
2026-04-01 11:53:10  ERROR     yfinance: ['XLE', 'XLV', 'XLF']: Timeout('Failed to perform, curl: (28) Resolving timed out after 10001 milliseconds. See https://curl.se/libcurl/c/libcurl-errors.html first for more details.')
2026-04-01 11:53:10  ERROR     yfinance: ['XLE', 'XLV', 'XLF']: Timeout('Failed to perform, curl: (28) Resolving timed out after 10001 milliseconds. See https://curl.se/libcurl/c/libcurl-errors.html first for more details.')
2026-04-01 11:53:10  ERROR     yfinance: ['XLE', 'XLV', 'XLF']: Timeout('Failed to perform, curl: (28) Resolving timed out after 10001 milliseconds. See https://curl.se/libcurl/c/libcurl-errors.html first for more details.')
2026-04-01 11:53:10  ERROR     yfinance: ['XLE', 'XLV', 'XLF']: Timeout('Failed to perform, curl: (28) Resolving timed out after 10001 milliseconds. See https://curl.se/libcurl/c/libcurl-errors.html first for more details.')
2026-04-01 11:53:23  ERROR     yfinance: 
7 Failed downloads:
2026-04-01 11:53:23  ERROR     yfinance: 
7 Failed downloads:
2026-04-01 11:53:23  ERROR     yfinance: 
7 Failed downloads:
2026-04-01 11:53:23  ERROR     yfinance: 
7 Failed downloads:
2026-04-01 11:53:23  ERROR     yfinance: 
7 Failed downloads:
2026-04-01 11:53:23  ERROR     yfinance: 
7 Failed downloads:
2026-04-01 11:53:23  ERROR     yfinance: 
7 Failed downloads:
2026-04-01 11:53:23  ERROR     yfinance: 
7 Failed downloads:
2026-04-01 11:53:23  ERROR     yfinance: 
7 Failed downloads:
2026-04-01 11:53:23  ERROR     yfinance: 
7 Failed downloads:
2026-04-01 11:53:23  ERROR     yfinance: 
7 Failed downloads:
2026-04-01 11:53:23  ERROR     yfinance: 
7 Failed downloads:
2026-04-01 11:53:23  ERROR     yfinance: 
7 Failed downloads:
2026-04-01 11:53:23  ERROR     yfinance: 
7 Failed downloads:
2026-04-01 11:53:23  ERROR     yfinance: 
7 Failed downloads:
2026-04-01 11:53:23  ERROR     yfinance: ['XLV', 'XLF', 'XLE', 'RSP', 'XLK']: Timeout('Failed to perform, curl: (28) Resolving timed out after 10000 milliseconds. See https://curl.se/libcurl/c/libcurl-errors.html first for more details.')
2026-04-01 11:53:23  ERROR     yfinance: ['XLV', 'XLF', 'XLE', 'RSP', 'XLK']: Timeout('Failed to perform, curl: (28) Resolving timed out after 10000 milliseconds. See https://curl.se/libcurl/c/libcurl-errors.html first for more details.')
2026-04-01 11:53:23  ERROR     yfinance: ['XLV', 'XLF', 'XLE', 'RSP', 'XLK']: Timeout('Failed to perform, curl: (28) Resolving timed out after 10000 milliseconds. See https://curl.se/libcurl/c/libcurl-errors.html first for more details.')
2026-04-01 11:53:23  ERROR     yfinance: ['SPY', 'XLI']: Timeout('Failed to perform, curl: (28) Resolving timed out after 10001 milliseconds. See https://curl.se/libcurl/c/libcurl-errors.html first for more details.')
2026-04-01 11:53:23  ERROR     yfinance: ['XLV', 'XLF', 'XLE', 'RSP', 'XLK']: Timeout('Failed to perform, curl: (28) Resolving timed out after 10000 milliseconds. See https://curl.se/libcurl/c/libcurl-errors.html first for more details.')
2026-04-01 11:53:23  ERROR     yfinance: ['XLV', 'XLF', 'XLE', 'RSP', 'XLK']: Timeout('Failed to perform, curl: (28) Resolving timed out after 10000 milliseconds. See https://curl.se/libcurl/c/libcurl-errors.html first for more details.')
2026-04-01 11:53:23  ERROR     yfinance: ['XLV', 'XLF', 'XLE', 'RSP', 'XLK']: Timeout('Failed to perform, curl: (28) Resolving timed out after 10000 milliseconds. See https://curl.se/libcurl/c/libcurl-errors.html first for more details.')
2026-04-01 11:53:23  ERROR     yfinance: ['SPY', 'XLI']: Timeout('Failed to perform, curl: (28) Resolving timed out after 10001 milliseconds. See https://curl.se/libcurl/c/libcurl-errors.html first for more details.')
2026-04-01 11:53:23  ERROR     yfinance: ['XLV', 'XLF', 'XLE', 'RSP', 'XLK']: Timeout('Failed to perform, curl: (28) Resolving timed out after 10000 milliseconds. See https://curl.se/libcurl/c/libcurl-errors.html first for more details.')
2026-04-01 11:53:23  ERROR     yfinance: ['XLV', 'XLF', 'XLE', 'RSP', 'XLK']: Timeout('Failed to perform, curl: (28) Resolving timed out after 10000 milliseconds. See https://curl.se/libcurl/c/libcurl-errors.html first for more details.')
2026-04-01 11:53:23  ERROR     yfinance: ['XLV', 'XLF', 'XLE', 'RSP', 'XLK']: Timeout('Failed to perform, curl: (28) Resolving timed out after 10000 milliseconds. See https://curl.se/libcurl/c/libcurl-errors.html first for more details.')
2026-04-01 11:53:23  ERROR     yfinance: ['XLV', 'XLF', 'XLE', 'RSP', 'XLK']: Timeout('Failed to perform, curl: (28) Resolving timed out after 10000 milliseconds. See https://curl.se/libcurl/c/libcurl-errors.html first for more details.')
2026-04-01 11:53:23  ERROR     yfinance: ['XLV', 'XLF', 'XLE', 'RSP', 'XLK']: Timeout('Failed to perform, curl: (28) Resolving timed out after 10000 milliseconds. See https://curl.se/libcurl/c/libcurl-errors.html first for more details.')
2026-04-01 11:53:23  ERROR     yfinance: ['XLV', 'XLF', 'XLE', 'RSP', 'XLK']: Timeout('Failed to perform, curl: (28) Resolving timed out after 10000 milliseconds. See https://curl.se/libcurl/c/libcurl-errors.html first for more details.')
2026-04-01 11:53:23  ERROR     yfinance: ['XLV', 'XLF', 'XLE', 'RSP', 'XLK']: Timeout('Failed to perform, curl: (28) Resolving timed out after 10000 milliseconds. See https://curl.se/libcurl/c/libcurl-errors.html first for more details.')
2026-04-01 11:53:23  ERROR     yfinance: ['SPY', 'XLI']: Timeout('Failed to perform, curl: (28) Resolving timed out after 10001 milliseconds. See https://curl.se/libcurl/c/libcurl-errors.html first for more details.')
2026-04-01 11:53:23  ERROR     yfinance: ['SPY', 'XLI']: Timeout('Failed to perform, curl: (28) Resolving timed out after 10001 milliseconds. See https://curl.se/libcurl/c/libcurl-errors.html first for more details.')
2026-04-01 11:53:23  ERROR     yfinance: ['XLV', 'XLF', 'XLE', 'RSP', 'XLK']: Timeout('Failed to perform, curl: (28) Resolving timed out after 10000 milliseconds. See https://curl.se/libcurl/c/libcurl-errors.html first for more details.')
2026-04-01 11:53:23  ERROR     yfinance: ['SPY', 'XLI']: Timeout('Failed to perform, curl: (28) Resolving timed out after 10001 milliseconds. See https://curl.se/libcurl/c/libcurl-errors.html first for more details.')
2026-04-01 11:53:23  ERROR     yfinance: ['SPY', 'XLI']: Timeout('Failed to perform, curl: (28) Resolving timed out after 10001 milliseconds. See https://curl.se/libcurl/c/libcurl-errors.html first for more details.')
2026-04-01 11:53:23  ERROR     yfinance: ['XLV', 'XLF', 'XLE', 'RSP', 'XLK']: Timeout('Failed to perform, curl: (28) Resolving timed out after 10000 milliseconds. See https://curl.se/libcurl/c/libcurl-errors.html first for more details.')
2026-04-01 11:53:23  ERROR     yfinance: ['SPY', 'XLI']: Timeout('Failed to perform, curl: (28) Resolving timed out after 10001 milliseconds. See https://curl.se/libcurl/c/libcurl-errors.html first for more details.')
2026-04-01 11:53:23  ERROR     yfinance: ['SPY', 'XLI']: Timeout('Failed to perform, curl: (28) Resolving timed out after 10001 milliseconds. See https://curl.se/libcurl/c/libcurl-errors.html first for more details.')
2026-04-01 11:53:23  ERROR     yfinance: ['SPY', 'XLI']: Timeout('Failed to perform, curl: (28) Resolving timed out after 10001 milliseconds. See https://curl.se/libcurl/c/libcurl-errors.html first for more details.')
2026-04-01 11:53:23  ERROR     yfinance: ['SPY', 'XLI']: Timeout('Failed to perform, curl: (28) Resolving timed out after 10001 milliseconds. See https://curl.se/libcurl/c/libcurl-errors.html first for more details.')
2026-04-01 11:53:23  ERROR     yfinance: ['SPY', 'XLI']: Timeout('Failed to perform, curl: (28) Resolving timed out after 10001 milliseconds. See https://curl.se/libcurl/c/libcurl-errors.html first for more details.')
2026-04-01 11:53:23  ERROR     yfinance: ['SPY', 'XLI']: Timeout('Failed to perform, curl: (28) Resolving timed out after 10001 milliseconds. See https://curl.se/libcurl/c/libcurl-errors.html first for more details.')
2026-04-01 11:53:23  ERROR     yfinance: ['SPY', 'XLI']: Timeout('Failed to perform, curl: (28) Resolving timed out after 10001 milliseconds. See https://curl.se/libcurl/c/libcurl-errors.html first for more details.')
2026-04-01 11:53:23  ERROR     yfinance: ['SPY', 'XLI']: Timeout('Failed to perform, curl: (28) Resolving timed out after 10001 milliseconds. See https://curl.se/libcurl/c/libcurl-errors.html first for more details.')
2026-04-01 11:53:23  ERROR     yfinance: ['SPY', 'XLI']: Timeout('Failed to perform, curl: (28) Resolving timed out after 10001 milliseconds. See https://curl.se/libcurl/c/libcurl-errors.html first for more details.')
2026-04-01 11:53:35  ERROR     yfinance: 
7 Failed downloads:
2026-04-01 11:53:35  ERROR     yfinance: 
7 Failed downloads:
2026-04-01 11:53:35  ERROR     yfinance: 
7 Failed downloads:
2026-04-01 11:53:35  ERROR     yfinance: 
7 Failed downloads:
2026-04-01 11:53:35  ERROR     yfinance: 
7 Failed downloads:
2026-04-01 11:53:35  ERROR     yfinance: 
7 Failed downloads:
2026-04-01 11:53:35  ERROR     yfinance: 
7 Failed downloads:
2026-04-01 11:53:35  ERROR     yfinance: 
7 Failed downloads:
2026-04-01 11:53:35  ERROR     yfinance: 
7 Failed downloads:
2026-04-01 11:53:35  ERROR     yfinance: 
7 Failed downloads:
2026-04-01 11:53:35  ERROR     yfinance: 
7 Failed downloads:
2026-04-01 11:53:35  ERROR     yfinance: ['RSP', 'XLE', 'XLF', 'SPY', 'XLI', 'XLV', 'XLK']: Timeout('Failed to perform, curl: (28) Resolving timed out after 10001 milliseconds. See https://curl.se/libcurl/c/libcurl-errors.html first for more details.')
2026-04-01 11:53:35  ERROR     yfinance: 
7 Failed downloads:
2026-04-01 11:53:35  ERROR     yfinance: ['RSP', 'XLE', 'XLF', 'SPY', 'XLI', 'XLV', 'XLK']: Timeout('Failed to perform, curl: (28) Resolving timed out after 10001 milliseconds. See https://curl.se/libcurl/c/libcurl-errors.html first for more details.')
2026-04-01 11:53:35  ERROR     yfinance: ['RSP', 'XLE', 'XLF', 'SPY', 'XLI', 'XLV', 'XLK']: Timeout('Failed to perform, curl: (28) Resolving timed out after 10001 milliseconds. See https://curl.se/libcurl/c/libcurl-errors.html first for more details.')
2026-04-01 11:53:35  ERROR     yfinance: ['RSP', 'XLE', 'XLF', 'SPY', 'XLI', 'XLV', 'XLK']: Timeout('Failed to perform, curl: (28) Resolving timed out after 10001 milliseconds. See https://curl.se/libcurl/c/libcurl-errors.html first for more details.')
2026-04-01 11:53:35  ERROR     yfinance: ['RSP', 'XLE', 'XLF', 'SPY', 'XLI', 'XLV', 'XLK']: Timeout('Failed to perform, curl: (28) Resolving timed out after 10001 milliseconds. See https://curl.se/libcurl/c/libcurl-errors.html first for more details.')
2026-04-01 11:53:35  ERROR     yfinance: ['RSP', 'XLE', 'XLF', 'SPY', 'XLI', 'XLV', 'XLK']: Timeout('Failed to perform, curl: (28) Resolving timed out after 10001 milliseconds. See https://curl.se/libcurl/c/libcurl-errors.html first for more details.')
2026-04-01 11:53:35  ERROR     yfinance: ['RSP', 'XLE', 'XLF', 'SPY', 'XLI', 'XLV', 'XLK']: Timeout('Failed to perform, curl: (28) Resolving timed out after 10001 milliseconds. See https://curl.se/libcurl/c/libcurl-errors.html first for more details.')
2026-04-01 11:53:35  ERROR     yfinance: ['RSP', 'XLE', 'XLF', 'SPY', 'XLI', 'XLV', 'XLK']: Timeout('Failed to perform, curl: (28) Resolving timed out after 10001 milliseconds. See https://curl.se/libcurl/c/libcurl-errors.html first for more details.')
2026-04-01 11:53:35  ERROR     yfinance: ['RSP', 'XLE', 'XLF', 'SPY', 'XLI', 'XLV', 'XLK']: Timeout('Failed to perform, curl: (28) Resolving timed out after 10001 milliseconds. See https://curl.se/libcurl/c/libcurl-errors.html first for more details.')
2026-04-01 11:53:35  ERROR     yfinance: ['RSP', 'XLE', 'XLF', 'SPY', 'XLI', 'XLV', 'XLK']: Timeout('Failed to perform, curl: (28) Resolving timed out after 10001 milliseconds. See https://curl.se/libcurl/c/libcurl-errors.html first for more details.')
2026-04-01 11:53:35  ERROR     yfinance: ['RSP', 'XLE', 'XLF', 'SPY', 'XLI', 'XLV', 'XLK']: Timeout('Failed to perform, curl: (28) Resolving timed out after 10001 milliseconds. See https://curl.se/libcurl/c/libcurl-errors.html first for more details.')
2026-04-01 11:53:35  ERROR     yfinance: ['RSP', 'XLE', 'XLF', 'SPY', 'XLI', 'XLV', 'XLK']: Timeout('Failed to perform, curl: (28) Resolving timed out after 10001 milliseconds. See https://curl.se/libcurl/c/libcurl-errors.html first for more details.')
2026-04-01 11:53:35  INFO      TradingRunner: Analysing EURUSD …
2026-04-01 11:53:35  INFO      TradingGraph: Running agents for EURUSD
2026-04-01 11:53:35  INFO      TradingGraph: Completed 15 agents
2026-04-01 11:53:35  INFO      TradingGraph: Fusing timeframe signals
2026-04-01 11:53:35  INFO      TradingGraph: Fusion: L=-0.582(csns=1.00), M=0.482(csns=1.00), S=0.150(csns=1.00), align_str=0.000
2026-04-01 11:53:35  INFO      TradingGraph: Aligned [counter-trend-scalp] (bullish) — proceeding [L=-0.582 M=0.482 S=0.150 breadth=0.382]
2026-04-01 11:53:35  INFO      TradingGraph: Generating trading recipe
2026-04-01 11:53:35  INFO      TradingGraph: Generated recipe: RISKY_LONG_COUNTER_TREND_SCALP_EURUSD
2026-04-01 11:53:35  INFO      TradingGraph: Daily drawdown limit exceeded
2026-04-01 11:53:35  INFO      TradingRunner: Analysing GBPUSD …
2026-04-01 11:53:35  INFO      TradingGraph: Running agents for GBPUSD
2026-04-01 11:53:36  INFO      TradingGraph: Completed 15 agents
2026-04-01 11:53:36  INFO      TradingGraph: Fusing timeframe signals
2026-04-01 11:53:36  INFO      TradingGraph: Fusion: L=-0.681(csns=1.00), M=0.571(csns=1.00), S=0.206(csns=0.71), align_str=0.000
2026-04-01 11:53:36  INFO      TradingGraph: Aligned [counter-trend-scalp] (bullish) — proceeding [L=-0.681 M=0.571 S=0.206 breadth=0.382]
2026-04-01 11:53:36  INFO      TradingGraph: Generating trading recipe
2026-04-01 11:53:36  INFO      TradingGraph: Generated recipe: RISKY_LONG_COUNTER_TREND_SCALP_GBPUSD
2026-04-01 11:53:36  INFO      TradingGraph: Daily drawdown limit exceeded
2026-04-01 11:53:36  INFO      TradingRunner: Analysing USDJPY …
2026-04-01 11:53:36  INFO      TradingGraph: Running agents for USDJPY
2026-04-01 11:53:36  INFO      TradingGraph: Completed 15 agents
2026-04-01 11:53:36  INFO      TradingGraph: Fusing timeframe signals
2026-04-01 11:53:36  INFO      TradingGraph: Fusion: L=0.523(csns=1.00), M=-0.397(csns=1.00), S=-0.028(csns=0.25), align_str=0.000
2026-04-01 11:53:36  INFO      TradingGraph: Timeframes not aligned — stopping (L=0.523 M=-0.397 S=-0.028)
2026-04-01 11:53:36  INFO      TradingRunner: Analysing USDCHF …
2026-04-01 11:53:36  INFO      TradingGraph: Running agents for USDCHF
2026-04-01 11:53:36  INFO      TradingGraph: Completed 15 agents
2026-04-01 11:53:36  INFO      TradingGraph: Fusing timeframe signals
2026-04-01 11:53:36  INFO      TradingGraph: Fusion: L=0.641(csns=1.00), M=-0.696(csns=1.00), S=-0.265(csns=0.83), align_str=0.000
2026-04-01 11:53:36  INFO      TradingGraph: Aligned [counter-trend-scalp] (bearish) — proceeding [L=0.641 M=-0.696 S=-0.265 breadth=0.382]
2026-04-01 11:53:36  INFO      TradingGraph: Generating trading recipe
2026-04-01 11:53:36  INFO      TradingGraph: Generated recipe: RISKY_SHORT_COUNTER_TREND_SCALP_USDCHF
2026-04-01 11:53:36  INFO      TradingGraph: Daily drawdown limit exceeded
2026-04-01 11:53:36  INFO      TradingRunner: Analysing AUDUSD …
2026-04-01 11:53:36  INFO      TradingGraph: Running agents for AUDUSD
2026-04-01 11:53:36  INFO      TradingGraph: Completed 15 agents
2026-04-01 11:53:36  INFO      TradingGraph: Fusing timeframe signals
2026-04-01 11:53:36  INFO      TradingGraph: Fusion: L=-0.002(csns=1.00), M=0.527(csns=1.00), S=0.331(csns=0.71), align_str=0.000
2026-04-01 11:53:36  INFO      TradingGraph: Timeframes not aligned — stopping (L=-0.002 M=0.527 S=0.331)
2026-04-01 11:53:36  INFO      TradingRunner: Analysing USDCAD …
2026-04-01 11:53:36  INFO      TradingGraph: Running agents for USDCAD
2026-04-01 11:53:36  INFO      TradingGraph: Completed 15 agents
2026-04-01 11:53:36  INFO      TradingGraph: Fusing timeframe signals
2026-04-01 11:53:36  INFO      TradingGraph: Fusion: L=0.684(csns=1.00), M=-0.259(csns=1.00), S=-0.371(csns=0.86), align_str=0.000
2026-04-01 11:53:36  INFO      TradingGraph: Aligned [counter-trend-scalp] (bearish) — proceeding [L=0.684 M=-0.259 S=-0.371 breadth=0.382]
2026-04-01 11:53:36  INFO      TradingGraph: Generating trading recipe
2026-04-01 11:53:36  INFO      TradingGraph: Generated recipe: RISKY_SHORT_COUNTER_TREND_SCALP_USDCAD
2026-04-01 11:53:36  INFO      TradingGraph: Expected value too low: 0.054 < 0.1
2026-04-01 11:53:36  INFO      TradingRunner: Analysing NZDUSD …
2026-04-01 11:53:36  INFO      TradingGraph: Running agents for NZDUSD
2026-04-01 11:53:36  INFO      TradingGraph: Completed 15 agents
2026-04-01 11:53:36  INFO      TradingGraph: Fusing timeframe signals
2026-04-01 11:53:36  INFO      TradingGraph: Fusion: L=-0.676(csns=1.00), M=0.490(csns=1.00), S=0.244(csns=0.86), align_str=0.000
2026-04-01 11:53:36  INFO      TradingGraph: Aligned [counter-trend-scalp] (bullish) — proceeding [L=-0.676 M=0.490 S=0.244 breadth=0.382]
2026-04-01 11:53:36  INFO      TradingGraph: Generating trading recipe
2026-04-01 11:53:36  INFO      TradingGraph: Generated recipe: RISKY_LONG_COUNTER_TREND_SCALP_NZDUSD
2026-04-01 11:53:36  INFO      TradingGraph: Daily drawdown limit exceeded
2026-04-01 11:53:36  INFO      TradingRunner: Analysing US30 …
2026-04-01 11:53:36  INFO      TradingGraph: Running agents for US30
2026-04-01 11:53:36  INFO      TradingGraph: Completed 15 agents
2026-04-01 11:53:36  INFO      TradingGraph: Fusing timeframe signals
2026-04-01 11:53:36  INFO      TradingGraph: Fusion: L=-0.484(csns=1.00), M=0.424(csns=1.00), S=0.281(csns=0.67), align_str=0.000
2026-04-01 11:53:36  INFO      TradingGraph: Aligned [counter-trend-scalp] (bullish) — proceeding [L=-0.484 M=0.424 S=0.281 breadth=0.643]
2026-04-01 11:53:36  INFO      TradingGraph: Generating trading recipe
2026-04-01 11:53:36  INFO      TradingGraph: Generated recipe: RISKY_LONG_COUNTER_TREND_SCALP_US30
2026-04-01 11:53:36  INFO      TradingGraph: Daily drawdown limit exceeded
2026-04-01 11:53:36  INFO      TradingRunner: Analysing US500 …
2026-04-01 11:53:36  INFO      TradingGraph: Running agents for US500
2026-04-01 11:53:36  INFO      TradingGraph: Completed 15 agents
2026-04-01 11:53:36  INFO      TradingGraph: Fusing timeframe signals
2026-04-01 11:53:36  INFO      TradingGraph: Fusion: L=-0.493(csns=1.00), M=0.463(csns=1.00), S=0.296(csns=0.67), align_str=0.000
2026-04-01 11:53:36  INFO      TradingGraph: Aligned [counter-trend-scalp] (bullish) — proceeding [L=-0.493 M=0.463 S=0.296 breadth=0.643]
2026-04-01 11:53:36  INFO      TradingGraph: Generating trading recipe
2026-04-01 11:53:36  INFO      TradingGraph: Generated recipe: RISKY_LONG_COUNTER_TREND_SCALP_US500
2026-04-01 11:53:36  INFO      TradingGraph: Signal confidence too low: 0.477 < 0.48 (scalp=False)
2026-04-01 11:53:36  INFO      TradingRunner: Analysing USTEC …
2026-04-01 11:53:36  INFO      TradingGraph: Running agents for USTEC
2026-04-01 11:53:36  INFO      TradingGraph: Completed 15 agents
2026-04-01 11:53:36  INFO      TradingGraph: Fusing timeframe signals
2026-04-01 11:53:36  INFO      TradingGraph: Fusion: L=-0.496(csns=1.00), M=0.483(csns=1.00), S=0.332(csns=0.80), align_str=0.000
2026-04-01 11:53:36  INFO      TradingGraph: Aligned [counter-trend-scalp] (bullish) — proceeding [L=-0.496 M=0.483 S=0.332 breadth=0.643]
2026-04-01 11:53:36  INFO      TradingGraph: Generating trading recipe
2026-04-01 11:53:36  INFO      TradingGraph: Generated recipe: RISKY_LONG_COUNTER_TREND_SCALP_USTEC
2026-04-01 11:53:36  INFO      TradingGraph: Signal confidence too low: 0.477 < 0.48 (scalp=False)
2026-04-01 11:53:36  INFO      TradingRunner: Analysing DAX …
2026-04-01 11:53:36  INFO      TradingGraph: Running agents for DAX
2026-04-01 11:53:36  INFO      TradingGraph: Completed 15 agents
2026-04-01 11:53:36  INFO      TradingGraph: Fusing timeframe signals
2026-04-01 11:53:36  INFO      TradingGraph: Fusion: L=-0.111(csns=1.00), M=0.189(csns=0.50), S=0.242(csns=0.71), align_str=0.000
2026-04-01 11:53:36  INFO      TradingGraph: Timeframes not aligned — stopping (L=-0.111 M=0.189 S=0.242)
2026-04-01 11:53:36  INFO      TradingRunner: Analysing UK100 …
2026-04-01 11:53:36  INFO      TradingGraph: Running agents for UK100
2026-04-01 11:53:36  INFO      TradingGraph: Completed 15 agents
2026-04-01 11:53:36  INFO      TradingGraph: Fusing timeframe signals
2026-04-01 11:53:36  INFO      TradingGraph: Fusion: L=0.183(csns=1.00), M=0.451(csns=1.00), S=0.441(csns=1.00), align_str=0.331
2026-04-01 11:53:36  INFO      TradingGraph: Aligned [full-alignment] (bullish) — proceeding [L=0.183 M=0.451 S=0.441 breadth=0.442]
2026-04-01 11:53:36  INFO      TradingGraph: Generating trading recipe
2026-04-01 11:53:36  INFO      TradingGraph: Generated recipe: RISKY_LONG_FULL_ALIGNMENT_UK100
2026-04-01 11:53:36  INFO      TradingGraph: Daily drawdown limit exceeded
2026-04-01 11:53:36  INFO      TradingRunner: Analysing EURJPY …
2026-04-01 11:53:36  INFO      TradingGraph: Running agents for EURJPY
2026-04-01 11:53:36  INFO      TradingGraph: Completed 15 agents
2026-04-01 11:53:36  INFO      TradingGraph: Fusing timeframe signals
2026-04-01 11:53:36  INFO      TradingGraph: Fusion: L=-0.088(csns=0.50), M=0.389(csns=1.00), S=-0.046(csns=0.50), align_str=0.000
2026-04-01 11:53:36  INFO      TradingGraph: Timeframes not aligned — stopping (L=-0.088 M=0.389 S=-0.046)
2026-04-01 11:53:36  INFO      TradingRunner: Analysing GBPJPY …
2026-04-01 11:53:36  INFO      TradingGraph: Running agents for GBPJPY
2026-04-01 11:53:36  INFO      TradingGraph: Completed 15 agents
2026-04-01 11:53:36  INFO      TradingGraph: Fusing timeframe signals
2026-04-01 11:53:36  INFO      TradingGraph: Fusion: L=0.090(csns=0.50), M=0.165(csns=1.00), S=0.344(csns=0.80), align_str=0.172
2026-04-01 11:53:36  INFO      TradingGraph: Timeframes not aligned — stopping (L=0.090 M=0.165 S=0.344)
2026-04-01 11:53:36  INFO      TradingRunner: Analysing AUDJPY …
2026-04-01 11:53:36  INFO      TradingGraph: Running agents for AUDJPY
2026-04-01 11:53:36  INFO      TradingGraph: Completed 15 agents
2026-04-01 11:53:36  INFO      TradingGraph: Fusing timeframe signals
2026-04-01 11:53:36  INFO      TradingGraph: Fusion: L=0.623(csns=1.00), M=0.439(csns=1.00), S=0.213(csns=0.71), align_str=0.388
2026-04-01 11:53:36  INFO      TradingGraph: Aligned [full-alignment] (bullish) — proceeding [L=0.623 M=0.439 S=0.213 breadth=-0.312]
2026-04-01 11:53:36  INFO      TradingGraph: Generating trading recipe
2026-04-01 11:53:36  INFO      TradingGraph: Generated recipe: RISKY_LONG_FULL_ALIGNMENT_AUDJPY
2026-04-01 11:53:36  INFO      TradingGraph: Daily drawdown limit exceeded
2026-04-01 11:53:36  INFO      TradingRunner: Analysing EURGBP …
2026-04-01 11:53:36  INFO      TradingGraph: Running agents for EURGBP
2026-04-01 11:53:36  INFO      TradingGraph: Completed 15 agents
2026-04-01 11:53:36  INFO      TradingGraph: Fusing timeframe signals
2026-04-01 11:53:36  INFO      TradingGraph: Fusion: L=0.144(csns=1.00), M=0.190(csns=1.00), S=0.129(csns=0.80), align_str=0.153
2026-04-01 11:53:36  INFO      TradingGraph: Timeframes not aligned — stopping (L=0.144 M=0.190 S=0.129)
2026-04-01 11:53:36  INFO      TradingRunner: Analysing EURCHF …
2026-04-01 11:53:36  INFO      TradingGraph: Running agents for EURCHF
2026-04-01 11:53:36  INFO      TradingGraph: Completed 15 agents
2026-04-01 11:53:36  INFO      TradingGraph: Fusing timeframe signals
2026-04-01 11:53:36  INFO      TradingGraph: Fusion: L=-0.389(csns=1.00), M=0.060(csns=0.67), S=-0.146(csns=0.83), align_str=0.000
2026-04-01 11:53:36  INFO      TradingGraph: Aligned [pullback-entry] (bearish) — proceeding [L=-0.389 M=0.060 S=-0.146 breadth=-0.337]
2026-04-01 11:53:36  INFO      TradingGraph: Generating trading recipe
2026-04-01 11:53:36  INFO      TradingGraph: Generated recipe: RISKY_SHORT_PULLBACK_ENTRY_EURCHF
2026-04-01 11:53:36  INFO      TradingGraph: Daily drawdown limit exceeded
2026-04-01 11:53:36  INFO      TradingRunner: Analysing CHFJPY …
2026-04-01 11:53:36  INFO      TradingGraph: Running agents for CHFJPY
2026-04-01 11:53:36  INFO      TradingGraph: Completed 15 agents
2026-04-01 11:53:37  INFO      TradingGraph: Fusing timeframe signals
2026-04-01 11:53:37  INFO      TradingGraph: Fusion: L=0.612(csns=1.00), M=0.174(csns=1.00), S=0.279(csns=0.67), align_str=0.310
2026-04-01 11:53:37  INFO      TradingGraph: Aligned [full-alignment] (bullish) — proceeding [L=0.612 M=0.174 S=0.279 breadth=-0.312]
2026-04-01 11:53:37  INFO      TradingGraph: Generating trading recipe
2026-04-01 11:53:37  INFO      TradingGraph: Generated recipe: RISKY_LONG_FULL_ALIGNMENT_CHFJPY
2026-04-01 11:53:37  INFO      TradingGraph: Daily drawdown limit exceeded
2026-04-01 11:53:37  INFO      TradingRunner: Analysing XAGUSD …
2026-04-01 11:53:37  INFO      TradingGraph: Running agents for XAGUSD
2026-04-01 11:53:37  INFO      TradingGraph: Completed 15 agents
2026-04-01 11:53:37  INFO      TradingGraph: Fusing timeframe signals
2026-04-01 11:53:37  INFO      TradingGraph: Fusion: L=-0.444(csns=1.00), M=0.315(csns=1.00), S=0.170(csns=0.75), align_str=0.000
2026-04-01 11:53:37  INFO      TradingGraph: Aligned [counter-trend-scalp] (bullish) — proceeding [L=-0.444 M=0.315 S=0.170 breadth=0.382]
2026-04-01 11:53:37  INFO      TradingGraph: Generating trading recipe
2026-04-01 11:53:37  INFO      TradingGraph: Generated recipe: RISKY_LONG_COUNTER_TREND_SCALP_XAGUSD
2026-04-01 11:53:37  INFO      TradingGraph: Daily drawdown limit exceeded
2026-04-01 11:53:37  INFO      TradingRunner: PnL — unrealized: +0.00  realized today: -12.09  total: -12.09
2026-04-01 11:53:37  INFO      TradingRunner: Signal cycle done in 93.4s — sleeping 207s
2026-04-01 11:54:01  WARNING   TradingRunner: [DD CLOSE-ALL] Daily drawdown -6.50% breached -5.50% ceiling — closing all open positions
2026-04-01 11:54:01  INFO      TradingRunner: [CLOSE ALL] No open positions (drawdown circuit breaker: -6.50% < -5.50%)
2026-04-01 11:55:01  WARNING   TradingRunner: [DD CLOSE-ALL] Daily drawdown -6.50% breached -5.50% ceiling — closing all open positions
2026-04-01 11:55:01  INFO      TradingRunner: [CLOSE ALL] No open positions (drawdown circuit breaker: -6.50% < -5.50%)
2026-04-01 11:56:01  WARNING   TradingRunner: [DD CLOSE-ALL] Daily drawdown -6.50% breached -5.50% ceiling — closing all open positions
2026-04-01 11:56:01  INFO      TradingRunner: [CLOSE ALL] No open positions (drawdown circuit breaker: -6.50% < -5.50%)
2026-04-01 12:10:28  INFO      MT5Executor: Using mt5linux backend → localhost:18812
2026-04-01 12:10:28  INFO      MT5Executor: Connected to MT5: 5048478471 on MetaQuotes-Demo | balance=117.36 | trade_allowed=True
2026-04-01 12:10:28  INFO      root: Registered agent: RegimeAgent
2026-04-01 12:10:28  INFO      root: Registered agent: TrendAgent
2026-04-01 12:10:28  INFO      root: Registered agent: MomentumAgent
2026-04-01 12:10:28  INFO      root: Registered agent: MeanReversionAgent
2026-04-01 12:10:28  INFO      root: Registered agent: VolatilityAgent
2026-04-01 12:10:28  INFO      root: Registered agent: BreadthAgent
2026-04-01 12:10:28  INFO      root: Registered agent: PatternAgent
2026-04-01 12:10:28  INFO      root: Registered agent: IntermarketAgent
2026-04-01 12:10:28  INFO      root: Registered agent: SessionBreakoutAgent
2026-04-01 12:10:28  INFO      root: Registered agent: DivergenceAgent
2026-04-01 12:10:28  INFO      root: Registered agent: ScalpingAgent
2026-04-01 12:10:28  INFO      root: Registered agent: VwapScalpAgent
2026-04-01 12:10:28  INFO      root: Registered agent: SqueezeBreakoutAgent
2026-04-01 12:10:28  INFO      root: Registered agent: OrderFlowAgent
2026-04-01 12:10:28  INFO      root: Registered agent: CorrelationAgent
2026-04-01 12:10:28  INFO      TradingRunner: [State] Restored: daily_trades=7, cooldowns=8, sod_balance=125.52
2026-04-01 12:10:28  INFO      TradingRunner: TradingRunner started — symbols: ['EURUSD', 'GBPUSD', 'USDJPY', 'USDCHF', 'AUDUSD', 'USDCAD', 'NZDUSD', 'US30', 'US500', 'USTEC', 'DAX', 'UK100', 'EURJPY', 'GBPJPY', 'AUDJPY', 'EURGBP', 'EURCHF', 'CHFJPY', 'XAGUSD'] | profile: risky | signal: 300s | surveillance: 60s | watchdog: 90s
2026-04-01 12:10:29  INFO      numexpr.utils: Note: NumExpr detected 12 cores but "NUMEXPR_MAX_THREADS" not set, so enforcing safe limit of 8.
2026-04-01 12:10:29  INFO      numexpr.utils: NumExpr defaulting to 8 threads.
2026-04-01 12:10:41  INFO      TradingRunner: Analysing EURUSD …
2026-04-01 12:10:41  INFO      NewsCalendar: [NEWS] Loaded 12 high-impact events (source: ForexFactory)
2026-04-01 12:10:41  INFO      TradingGraph: Running agents for EURUSD
2026-04-01 12:10:42  INFO      TradingGraph: Completed 15 agents
2026-04-01 12:10:42  INFO      TradingGraph: Fusing timeframe signals
2026-04-01 12:10:42  INFO      TradingGraph: Fusion: L=-0.584(csns=1.00), M=0.533(csns=1.00), S=0.366(csns=1.00), align_str=0.000
2026-04-01 12:10:42  INFO      TradingGraph: Aligned [counter-trend-scalp] (bullish) — proceeding [L=-0.584 M=0.533 S=0.366 breadth=-0.124]
2026-04-01 12:10:42  INFO      TradingGraph: Generating trading recipe
2026-04-01 12:10:42  INFO      TradingGraph: Generated recipe: RISKY_LONG_COUNTER_TREND_SCALP_EURUSD
2026-04-01 12:10:42  INFO      TradingGraph: Risk check passed
2026-04-01 12:10:42  INFO      TradingGraph: Creating trade plan
2026-04-01 12:10:42  INFO      TradingGraph: Confidence sizing [EURUSD]: conf=0.476 → ×0.64 (risk=$0.64)
2026-04-01 12:10:42  INFO      TradingGraph: Structure SL/TP [EURUSD] entry=1.15954 sl=1.15340 (1.91×ATR) tp=1.17300 (R:R=2.19)
2026-04-01 12:10:42  INFO      TradingGraph: Created trade plan: entry=1.1595, sl=1.1534, tp=1.1730
2026-04-01 12:10:42  INFO      TradingGraph: Executing trade for EURUSD
2026-04-01 12:10:42  INFO      MT5Executor: EURUSD: lots=0.01 (risk=$5.29)
2026-04-01 12:10:42  INFO      MT5Executor: Market order filled: ticket=56040772801 vol=0.01
2026-04-01 12:10:42  INFO      TradingGraph: Order placed: ticket=56040772801
2026-04-01 12:10:42  INFO      OrderManager: Created order order_1_20260401_121042 for EURUSD
2026-04-01 12:10:42  INFO      TradeJournal: TRADE  EURUSD           Direction.LONG  qty=0.01  entry=1.15954  sl=1.15340  tp=1.17300  ticket=56040772801
2026-04-01 12:10:42  INFO      TradingRunner: EURUSD: trade placed — daily count 8/14, next entry in 25min
2026-04-01 12:10:42  INFO      TradingRunner: Analysing GBPUSD …
2026-04-01 12:10:42  INFO      TradingGraph: Running agents for GBPUSD
2026-04-01 12:10:42  INFO      TradingGraph: Completed 15 agents
2026-04-01 12:10:42  INFO      TradingGraph: Fusing timeframe signals
2026-04-01 12:10:42  INFO      TradingGraph: Fusion: L=-0.684(csns=1.00), M=0.625(csns=1.00), S=0.272(csns=0.71), align_str=0.000
2026-04-01 12:10:42  INFO      TradingGraph: Aligned [counter-trend-scalp] (bullish) — proceeding [L=-0.684 M=0.625 S=0.272 breadth=-0.124]
2026-04-01 12:10:42  INFO      TradingGraph: Generating trading recipe
2026-04-01 12:10:42  INFO      TradingGraph: Generated recipe: RISKY_LONG_COUNTER_TREND_SCALP_GBPUSD
2026-04-01 12:10:42  INFO      TradingGraph: Risk check passed
2026-04-01 12:10:42  INFO      TradingGraph: Creating trade plan
2026-04-01 12:10:43  INFO      TradingGraph: Confidence sizing [GBPUSD]: conf=0.476 → ×0.64 (risk=$0.64)
2026-04-01 12:10:43  INFO      TradingGraph: Structure SL/TP [GBPUSD] entry=1.33016 sl=1.32377 (1.50×ATR) tp=1.33859 (R:R=1.32)
2026-04-01 12:10:43  INFO      TradingGraph: Created trade plan: entry=1.3302, sl=1.3238, tp=1.3397
2026-04-01 12:10:43  INFO      TradingGraph: Executing trade for GBPUSD
2026-04-01 12:10:43  INFO      MT5Executor: GBPUSD: lots=0.01 (risk=$5.51)
2026-04-01 12:10:43  INFO      MT5Executor: Market order filled: ticket=56040773093 vol=0.01
2026-04-01 12:10:43  INFO      TradingGraph: Order placed: ticket=56040773093
2026-04-01 12:10:43  INFO      OrderManager: Created order order_2_20260401_121043 for GBPUSD
2026-04-01 12:10:43  INFO      TradeJournal: TRADE  GBPUSD           Direction.LONG  qty=0.01  entry=1.33016  sl=1.32377  tp=1.33975  ticket=56040773093
2026-04-01 12:10:43  INFO      TradingRunner: GBPUSD: trade placed — daily count 9/14, next entry in 25min
2026-04-01 12:10:43  INFO      TradingRunner: Analysing USDJPY …
2026-04-01 12:10:43  INFO      TradingGraph: Running agents for USDJPY
2026-04-01 12:10:43  INFO      TradingGraph: Completed 15 agents
2026-04-01 12:10:43  INFO      TradingGraph: Fusing timeframe signals
2026-04-01 12:10:43  INFO      TradingGraph: Fusion: L=0.524(csns=1.00), M=-0.417(csns=1.00), S=-0.030(csns=0.33), align_str=0.000
2026-04-01 12:10:43  INFO      TradingGraph: Timeframes not aligned — stopping (L=0.524 M=-0.417 S=-0.030)
2026-04-01 12:10:43  INFO      TradingRunner: Analysing USDCHF …
2026-04-01 12:10:43  INFO      TradingGraph: Running agents for USDCHF
2026-04-01 12:10:43  INFO      TradingGraph: Completed 15 agents
2026-04-01 12:10:43  INFO      TradingGraph: Fusing timeframe signals
2026-04-01 12:10:43  INFO      TradingGraph: Fusion: L=0.642(csns=1.00), M=-0.720(csns=1.00), S=-0.252(csns=0.83), align_str=0.000
2026-04-01 12:10:43  INFO      TradingGraph: Aligned [counter-trend-scalp] (bearish) — proceeding [L=0.642 M=-0.720 S=-0.252 breadth=-0.124]
2026-04-01 12:10:43  INFO      TradingGraph: Generating trading recipe
2026-04-01 12:10:43  INFO      TradingGraph: Generated recipe: RISKY_SHORT_COUNTER_TREND_SCALP_USDCHF
2026-04-01 12:10:43  INFO      TradingGraph: Risk check passed
2026-04-01 12:10:43  INFO      TradingGraph: Creating trade plan
2026-04-01 12:10:44  INFO      TradingGraph: Confidence sizing [USDCHF]: conf=0.442 → ×0.60 (risk=$0.60)
2026-04-01 12:10:44  INFO      TradingGraph: Structure SL/TP [USDCHF] entry=0.79311 sl=0.79744 (1.76×ATR) tp=0.78941 (R:R=0.86)
2026-04-01 12:10:44  INFO      TradingGraph: Created trade plan: entry=0.7931, sl=0.7974, tp=0.7866
2026-04-01 12:10:44  INFO      TradingGraph: Executing trade for USDCHF
2026-04-01 12:10:44  INFO      MT5Executor: USDCHF: lots=0.01 (risk=$4.70)
2026-04-01 12:10:44  INFO      MT5Executor: Market order filled: ticket=56040773440 vol=0.01
2026-04-01 12:10:44  INFO      TradingGraph: Order placed: ticket=56040773440
2026-04-01 12:10:44  INFO      OrderManager: Created order order_3_20260401_121044 for USDCHF
2026-04-01 12:10:44  INFO      TradeJournal: TRADE  USDCHF           Direction.SHORT  qty=0.01  entry=0.79311  sl=0.79744  tp=0.78662  ticket=56040773440
2026-04-01 12:10:44  INFO      TradingRunner: USDCHF: trade placed — daily count 10/14, next entry in 25min
2026-04-01 12:10:44  INFO      TradingRunner: Analysing AUDUSD …
2026-04-01 12:10:44  INFO      TradingGraph: Running agents for AUDUSD
2026-04-01 12:10:44  INFO      TradingGraph: Completed 15 agents
2026-04-01 12:10:44  INFO      TradingGraph: Fusing timeframe signals
2026-04-01 12:10:44  INFO      TradingGraph: Fusion: L=-0.003(csns=1.00), M=0.490(csns=1.00), S=-0.007(csns=0.75), align_str=0.000
2026-04-01 12:10:44  INFO      TradingGraph: Timeframes not aligned — stopping (L=-0.003 M=0.490 S=-0.007)
2026-04-01 12:10:44  INFO      TradingRunner: Analysing USDCAD …
2026-04-01 12:10:44  INFO      TradingGraph: Running agents for USDCAD
2026-04-01 12:10:44  INFO      TradingGraph: Completed 15 agents
2026-04-01 12:10:44  INFO      TradingGraph: Fusing timeframe signals
2026-04-01 12:10:44  INFO      TradingGraph: Fusion: L=0.682(csns=1.00), M=-0.238(csns=1.00), S=-0.173(csns=0.86), align_str=0.000
2026-04-01 12:10:44  INFO      TradingGraph: Timeframes not aligned — stopping (L=0.682 M=-0.238 S=-0.173)
2026-04-01 12:10:44  INFO      TradingRunner: Analysing NZDUSD …
2026-04-01 12:10:44  INFO      TradingGraph: Running agents for NZDUSD
2026-04-01 12:10:44  INFO      TradingGraph: Completed 15 agents
2026-04-01 12:10:44  INFO      TradingGraph: Fusing timeframe signals
2026-04-01 12:10:44  INFO      TradingGraph: Fusion: L=-0.678(csns=1.00), M=0.442(csns=1.00), S=0.166(csns=0.67), align_str=0.000
2026-04-01 12:10:44  INFO      TradingGraph: Aligned [counter-trend-scalp] (bullish) — proceeding [L=-0.678 M=0.442 S=0.166 breadth=-0.124]
2026-04-01 12:10:44  INFO      TradingGraph: Generating trading recipe
2026-04-01 12:10:44  INFO      TradingGraph: Generated recipe: RISKY_LONG_COUNTER_TREND_SCALP_NZDUSD
2026-04-01 12:10:44  INFO      TradingGraph: Correlation guard: 3/3 short_usd positions already open — refusing NZDUSD BUY
2026-04-01 12:10:44  INFO      TradingRunner: Analysing US30 …
2026-04-01 12:10:44  INFO      TradingGraph: Running agents for US30
2026-04-01 12:10:44  INFO      TradingGraph: Completed 15 agents
2026-04-01 12:10:44  INFO      TradingGraph: Fusing timeframe signals
2026-04-01 12:10:44  INFO      TradingGraph: Fusion: L=-0.489(csns=1.00), M=0.420(csns=1.00), S=0.015(csns=0.40), align_str=0.000
2026-04-01 12:10:44  INFO      TradingGraph: Timeframes not aligned — stopping (L=-0.489 M=0.420 S=0.015)
2026-04-01 12:10:44  INFO      TradingRunner: Analysing US500 …
2026-04-01 12:10:44  INFO      TradingGraph: Running agents for US500
2026-04-01 12:10:44  INFO      TradingGraph: Completed 15 agents
2026-04-01 12:10:44  INFO      TradingGraph: Fusing timeframe signals
2026-04-01 12:10:44  INFO      TradingGraph: Fusion: L=-0.496(csns=1.00), M=0.451(csns=1.00), S=0.013(csns=0.40), align_str=0.000
2026-04-01 12:10:44  INFO      TradingGraph: Timeframes not aligned — stopping (L=-0.496 M=0.451 S=0.013)
2026-04-01 12:10:44  INFO      TradingRunner: Analysing USTEC …
2026-04-01 12:10:44  INFO      TradingGraph: Running agents for USTEC
2026-04-01 12:10:44  INFO      TradingGraph: Completed 15 agents
2026-04-01 12:10:44  INFO      TradingGraph: Fusing timeframe signals
2026-04-01 12:10:44  INFO      TradingGraph: Fusion: L=-0.499(csns=1.00), M=0.458(csns=1.00), S=-0.054(csns=0.60), align_str=0.000
2026-04-01 12:10:44  INFO      TradingGraph: Timeframes not aligned — stopping (L=-0.499 M=0.458 S=-0.054)
2026-04-01 12:10:44  INFO      TradingRunner: Analysing DAX …
2026-04-01 12:10:44  INFO      TradingGraph: Running agents for DAX
2026-04-01 12:10:44  INFO      TradingGraph: Completed 15 agents
2026-04-01 12:10:44  INFO      TradingGraph: Fusing timeframe signals
2026-04-01 12:10:44  INFO      TradingGraph: Fusion: L=-0.112(csns=1.00), M=0.189(csns=0.50), S=0.242(csns=0.71), align_str=0.000
2026-04-01 12:10:44  INFO      TradingGraph: Timeframes not aligned — stopping (L=-0.112 M=0.189 S=0.242)
2026-04-01 12:10:44  INFO      TradingRunner: Analysing UK100 …
2026-04-01 12:10:44  INFO      TradingGraph: Running agents for UK100
2026-04-01 12:10:45  INFO      TradingGraph: Completed 15 agents
2026-04-01 12:10:45  INFO      TradingGraph: Fusing timeframe signals
2026-04-01 12:10:45  INFO      TradingGraph: Fusion: L=0.185(csns=1.00), M=0.462(csns=1.00), S=0.046(csns=0.50), align_str=0.158
2026-04-01 12:10:45  INFO      TradingGraph: Aligned [pullback-entry] (bullish) — proceeding [L=0.185 M=0.462 S=0.046 breadth=-0.124]
2026-04-01 12:10:45  INFO      TradingGraph: Generating trading recipe
2026-04-01 12:10:45  INFO      TradingGraph: Generated recipe: RISKY_LONG_PULLBACK_ENTRY_UK100
2026-04-01 12:10:45  INFO      TradingGraph: Risk check passed
2026-04-01 12:10:45  INFO      TradingGraph: Creating trade plan
2026-04-01 12:10:45  INFO      TradingGraph: Confidence sizing [UK100]: conf=0.417 → ×0.60 (risk=$0.60)
2026-04-01 12:10:45  INFO      TradingGraph: Structure SL/TP [UK100] entry=10341.30000 sl=10119.68599 (2.87×ATR) tp=10472.50000 (R:R=0.59)
2026-04-01 12:10:45  INFO      TradingGraph: Created trade plan: entry=10341.3000, sl=10119.7000, tp=10673.7000
2026-04-01 12:10:45  INFO      TradingGraph: Executing trade for UK100
2026-04-01 12:10:45  WARNING   MT5Executor: UK100: trading disabled on this symbol (trade_mode=0 — may be outside market hours or broker restriction). Skipping.
2026-04-01 12:10:45  INFO      TradingGraph: Order not placed for UK100 (executor returned None — see executor log for reason)
2026-04-01 12:10:45  INFO      TradingRunner: Analysing EURJPY …
2026-04-01 12:10:45  INFO      TradingGraph: Running agents for EURJPY
2026-04-01 12:10:45  INFO      TradingGraph: Completed 15 agents
2026-04-01 12:10:45  INFO      TradingGraph: Fusing timeframe signals
2026-04-01 12:10:45  INFO      TradingGraph: Fusion: L=-0.088(csns=0.50), M=0.329(csns=1.00), S=-0.048(csns=0.50), align_str=0.000
2026-04-01 12:10:45  INFO      TradingGraph: Timeframes not aligned — stopping (L=-0.088 M=0.329 S=-0.048)
2026-04-01 12:10:45  INFO      TradingRunner: Analysing GBPJPY …
2026-04-01 12:10:45  INFO      TradingGraph: Running agents for GBPJPY
2026-04-01 12:10:45  INFO      TradingGraph: Completed 15 agents
2026-04-01 12:10:45  INFO      TradingGraph: Fusing timeframe signals
2026-04-01 12:10:45  INFO      TradingGraph: Fusion: L=0.139(csns=1.00), M=0.309(csns=1.00), S=0.275(csns=0.67), align_str=0.228
2026-04-01 12:10:45  INFO      TradingGraph: Timeframes not aligned — stopping (L=0.139 M=0.309 S=0.275)
2026-04-01 12:10:45  INFO      TradingRunner: Analysing AUDJPY …
2026-04-01 12:10:45  INFO      TradingGraph: Running agents for AUDJPY
2026-04-01 12:10:45  INFO      TradingGraph: Completed 15 agents
2026-04-01 12:10:45  INFO      TradingGraph: Fusing timeframe signals
2026-04-01 12:10:45  INFO      TradingGraph: Fusion: L=0.616(csns=1.00), M=0.427(csns=1.00), S=0.157(csns=0.67), align_str=0.346
2026-04-01 12:10:45  INFO      TradingGraph: Aligned [full-alignment] (bullish) — proceeding [L=0.616 M=0.427 S=0.157 breadth=-0.124]
2026-04-01 12:10:45  INFO      TradingGraph: Generating trading recipe
2026-04-01 12:10:45  INFO      TradingGraph: Generated recipe: RISKY_LONG_FULL_ALIGNMENT_AUDJPY
2026-04-01 12:10:45  INFO      TradingGraph: Risk check passed
2026-04-01 12:10:45  INFO      TradingGraph: Creating trade plan
2026-04-01 12:10:46  INFO      TradingGraph: Confidence sizing [AUDJPY]: conf=0.450 → ×0.60 (risk=$0.60)
2026-04-01 12:10:46  INFO      TradingGraph: Structure SL/TP [AUDJPY] entry=110.08500 sl=109.41300 (1.50×ATR) tp=110.79200 (R:R=1.05)
2026-04-01 12:10:46  INFO      TradingGraph: Created trade plan: entry=110.0850, sl=109.4130, tp=111.0930
2026-04-01 12:10:46  INFO      TradingGraph: Executing trade for AUDJPY
2026-04-01 12:10:46  INFO      MT5Executor: AUDJPY: lots=0.01 (risk=$3.65)
2026-04-01 12:10:46  INFO      MT5Executor: Market order filled: ticket=56040774360 vol=0.01
2026-04-01 12:10:46  INFO      TradingGraph: Order placed: ticket=56040774360
2026-04-01 12:10:46  INFO      OrderManager: Created order order_4_20260401_121046 for AUDJPY
2026-04-01 12:10:46  INFO      TradeJournal: TRADE  AUDJPY           Direction.LONG  qty=0.01  entry=110.08500  sl=109.41300  tp=111.09300  ticket=56040774360
2026-04-01 12:10:46  INFO      TradingRunner: AUDJPY: trade placed — daily count 11/14, next entry in 25min
2026-04-01 12:10:46  INFO      TradingRunner: Analysing EURGBP …
2026-04-01 12:10:46  INFO      TradingGraph: Running agents for EURGBP
2026-04-01 12:10:46  INFO      TradingGraph: Completed 15 agents
2026-04-01 12:10:46  INFO      TradingGraph: Fusing timeframe signals
2026-04-01 12:10:46  INFO      TradingGraph: Fusion: L=0.143(csns=1.00), M=-0.005(csns=0.50), S=-0.272(csns=0.71), align_str=0.000
2026-04-01 12:10:46  INFO      TradingGraph: Timeframes not aligned — stopping (L=0.143 M=-0.005 S=-0.272)
2026-04-01 12:10:46  INFO      TradingRunner: Analysing EURCHF …
2026-04-01 12:10:46  INFO      TradingGraph: Running agents for EURCHF
2026-04-01 12:10:46  INFO      TradingGraph: Completed 15 agents
2026-04-01 12:10:46  INFO      TradingGraph: Fusing timeframe signals
2026-04-01 12:10:46  INFO      TradingGraph: Fusion: L=-0.381(csns=1.00), M=0.002(csns=0.67), S=-0.083(csns=0.50), align_str=0.000
2026-04-01 12:10:46  INFO      TradingGraph: Aligned [pullback-entry] (bearish) — proceeding [L=-0.381 M=0.002 S=-0.083 breadth=-0.124]
2026-04-01 12:10:46  INFO      TradingGraph: Generating trading recipe
2026-04-01 12:10:46  INFO      TradingGraph: Generated recipe: RISKY_SHORT_PULLBACK_ENTRY_EURCHF
2026-04-01 12:10:46  INFO      TradingGraph: Risk check passed
2026-04-01 12:10:46  INFO      TradingGraph: Creating trade plan
2026-04-01 12:10:47  INFO      TradingGraph: Confidence sizing [EURCHF]: conf=0.508 → ×0.68 (risk=$0.68)
2026-04-01 12:10:47  INFO      TradingGraph: Structure SL/TP [EURCHF] entry=0.91962 sl=0.92295 (1.50×ATR) tp=0.91535 (R:R=1.28)
2026-04-01 12:10:47  INFO      TradingGraph: Created trade plan: entry=0.9196, sl=0.9230, tp=0.9146
2026-04-01 12:10:47  INFO      TradingGraph: Executing trade for EURCHF
2026-04-01 12:10:47  INFO      MT5Executor: EURCHF: lots=0.01 (risk=$3.62)
2026-04-01 12:10:47  INFO      MT5Executor: Market order filled: ticket=56040774841 vol=0.01
2026-04-01 12:10:47  INFO      TradingGraph: Order placed: ticket=56040774841
2026-04-01 12:10:47  INFO      OrderManager: Created order order_5_20260401_121047 for EURCHF
2026-04-01 12:10:47  INFO      TradeJournal: TRADE  EURCHF           Direction.SHORT  qty=0.01  entry=0.91962  sl=0.92295  tp=0.91463  ticket=56040774841
2026-04-01 12:10:47  INFO      TradingRunner: EURCHF: trade placed — daily count 12/14, next entry in 25min
2026-04-01 12:10:47  INFO      TradingRunner: Analysing CHFJPY …
2026-04-01 12:10:47  INFO      TradingGraph: Running agents for CHFJPY
2026-04-01 12:10:47  INFO      TradingGraph: Completed 15 agents
2026-04-01 12:10:47  INFO      TradingGraph: Fusing timeframe signals
2026-04-01 12:10:47  INFO      TradingGraph: Fusion: L=0.611(csns=1.00), M=0.249(csns=1.00), S=0.314(csns=0.80), align_str=0.363
2026-04-01 12:10:47  INFO      TradingGraph: Aligned [full-alignment] (bullish) — proceeding [L=0.611 M=0.249 S=0.314 breadth=-0.124]
2026-04-01 12:10:47  INFO      TradingGraph: Generating trading recipe
2026-04-01 12:10:47  INFO      TradingGraph: Generated recipe: RISKY_LONG_FULL_ALIGNMENT_CHFJPY
2026-04-01 12:10:47  INFO      TradingGraph: Risk check passed
2026-04-01 12:10:47  INFO      TradingGraph: Creating trade plan
2026-04-01 12:10:48  INFO      TradingGraph: Confidence sizing [CHFJPY]: conf=0.450 → ×0.60 (risk=$0.60)
2026-04-01 12:10:48  INFO      TradingGraph: Structure SL/TP [CHFJPY] entry=199.98500 sl=199.00381 (1.64×ATR) tp=203.19533 (R:R=3.27)
2026-04-01 12:10:48  INFO      TradingGraph: Created trade plan: entry=199.9850, sl=199.0040, tp=203.1950
2026-04-01 12:10:48  INFO      TradingGraph: Executing trade for CHFJPY
2026-04-01 12:10:48  INFO      MT5Executor: CHFJPY: lots=0.01 (risk=$5.33)
2026-04-01 12:10:48  INFO      MT5Executor: Market order filled: ticket=56040775189 vol=0.01
2026-04-01 12:10:48  INFO      TradingGraph: Order placed: ticket=56040775189
2026-04-01 12:10:48  INFO      OrderManager: Created order order_6_20260401_121048 for CHFJPY
2026-04-01 12:10:48  INFO      TradeJournal: TRADE  CHFJPY           Direction.LONG  qty=0.01  entry=199.98500  sl=199.00400  tp=203.19500  ticket=56040775189
2026-04-01 12:10:48  INFO      TradingRunner: CHFJPY: trade placed — daily count 13/14, next entry in 25min
2026-04-01 12:10:48  INFO      TradingRunner: Analysing XAGUSD …
2026-04-01 12:10:48  INFO      TradingGraph: Running agents for XAGUSD
2026-04-01 12:10:48  INFO      TradingGraph: Completed 15 agents
2026-04-01 12:10:48  INFO      TradingGraph: Fusing timeframe signals
2026-04-01 12:10:48  INFO      TradingGraph: Fusion: L=-0.445(csns=1.00), M=0.217(csns=1.00), S=-0.069(csns=0.80), align_str=0.000
2026-04-01 12:10:48  INFO      TradingGraph: Timeframes not aligned — stopping (L=-0.445 M=0.217 S=-0.069)
2026-04-01 12:10:49  INFO      TradingRunner: PnL — unrealized: +0.01  realized today: -12.09  total: -12.08
2026-04-01 12:10:49  INFO      TradingRunner: Signal cycle done in 20.1s — sleeping 280s
2026-04-01 12:11:29  INFO      TradingGraph: Running agents for EURUSD
2026-04-01 12:11:29  INFO      TradingGraph: Completed 15 agents
2026-04-01 12:11:29  INFO      TradingGraph: Fusing timeframe signals
2026-04-01 12:11:29  INFO      TradingGraph: Fusion: L=-0.584(csns=1.00), M=0.537(csns=1.00), S=0.371(csns=1.00), align_str=0.000
2026-04-01 12:11:29  INFO      TradingRunner: EXIT [EURUSD #56040772801 BUY  pnl=+0.12] — D1 flipped bearish (-0.584)
2026-04-01 12:11:29  INFO      MT5Executor: Position 56040772801 closed
2026-04-01 12:11:30  INFO      TradingGraph: Running agents for GBPUSD
2026-04-01 12:11:30  INFO      TradingGraph: Completed 15 agents
2026-04-01 12:11:30  INFO      TradingGraph: Fusing timeframe signals
2026-04-01 12:11:30  INFO      TradingGraph: Fusion: L=-0.685(csns=1.00), M=0.633(csns=1.00), S=0.271(csns=0.71), align_str=0.000
2026-04-01 12:11:30  INFO      TradingRunner: EXIT [GBPUSD #56040773093 BUY  pnl=+0.19] — D1 flipped bearish (-0.685)
2026-04-01 12:11:30  INFO      MT5Executor: Position 56040773093 closed
2026-04-01 12:11:30  INFO      TradingGraph: Running agents for USDCHF
2026-04-01 12:11:30  INFO      TradingGraph: Completed 15 agents
2026-04-01 12:11:30  INFO      TradingGraph: Fusing timeframe signals
2026-04-01 12:11:30  INFO      TradingGraph: Fusion: L=0.643(csns=1.00), M=-0.725(csns=1.00), S=-0.253(csns=0.83), align_str=0.000
2026-04-01 12:11:30  INFO      TradingRunner: EXIT [USDCHF #56040773440 SELL  pnl=+0.09] — D1 flipped bullish (0.643)
2026-04-01 12:11:30  INFO      MT5Executor: Position 56040773440 closed
2026-04-01 12:11:31  INFO      TradingGraph: Running agents for AUDJPY
2026-04-01 12:11:31  INFO      TradingGraph: Completed 15 agents
2026-04-01 12:11:31  INFO      TradingGraph: Fusing timeframe signals
2026-04-01 12:11:31  INFO      TradingGraph: Fusion: L=0.617(csns=1.00), M=0.441(csns=1.00), S=0.163(csns=0.67), align_str=0.354
2026-04-01 12:11:31  INFO      TradingGraph: Running agents for EURCHF
2026-04-01 12:11:31  INFO      TradingGraph: Completed 15 agents
2026-04-01 12:11:31  INFO      TradingGraph: Fusing timeframe signals
2026-04-01 12:11:31  INFO      TradingGraph: Fusion: L=-0.381(csns=1.00), M=0.002(csns=0.67), S=-0.089(csns=0.50), align_str=0.000
2026-04-01 12:11:31  INFO      TradingGraph: Running agents for CHFJPY
2026-04-01 12:11:32  INFO      TradingGraph: Completed 15 agents
2026-04-01 12:11:32  INFO      TradingGraph: Fusing timeframe signals
2026-04-01 12:11:32  INFO      TradingGraph: Fusion: L=0.610(csns=1.00), M=0.275(csns=1.00), S=0.276(csns=0.67), align_str=0.359
2026-04-01 12:11:58  INFO      TradingRunner: [WATCHDOG] alive | equity=117.82 | cycle=1 | profile=risky
2026-04-01 12:12:29  INFO      TradingGraph: Running agents for AUDJPY
2026-04-01 12:12:29  INFO      TradingGraph: Completed 15 agents
2026-04-01 12:12:29  INFO      TradingGraph: Fusing timeframe signals
2026-04-01 12:12:29  INFO      TradingGraph: Fusion: L=0.616(csns=1.00), M=0.433(csns=1.00), S=0.159(csns=0.67), align_str=0.348
2026-04-01 12:12:30  INFO      TradingGraph: Running agents for EURCHF
2026-04-01 12:12:30  INFO      TradingGraph: Completed 15 agents
2026-04-01 12:12:30  INFO      TradingGraph: Fusing timeframe signals
2026-04-01 12:12:30  INFO      TradingGraph: Fusion: L=-0.381(csns=1.00), M=0.005(csns=0.67), S=-0.081(csns=0.50), align_str=0.000
2026-04-01 12:12:30  INFO      TradingGraph: Running agents for CHFJPY
2026-04-01 12:12:30  INFO      TradingGraph: Completed 15 agents
2026-04-01 12:12:30  INFO      TradingGraph: Fusing timeframe signals
2026-04-01 12:12:30  INFO      TradingGraph: Fusion: L=0.611(csns=1.00), M=0.254(csns=1.00), S=0.313(csns=0.80), align_str=0.365
2026-04-01 12:13:30  INFO      TradingGraph: Running agents for AUDJPY
2026-04-01 12:13:30  INFO      TradingGraph: Completed 15 agents
2026-04-01 12:13:30  INFO      TradingGraph: Fusing timeframe signals
2026-04-01 12:13:30  INFO      TradingGraph: Fusion: L=0.618(csns=1.00), M=0.449(csns=1.00), S=0.163(csns=0.67), align_str=0.356
2026-04-01 12:13:30  INFO      TradingGraph: Running agents for EURCHF
2026-04-01 12:13:31  INFO      TradingGraph: Completed 15 agents
2026-04-01 12:13:31  INFO      TradingGraph: Fusing timeframe signals
2026-04-01 12:13:31  INFO      TradingGraph: Fusion: L=-0.381(csns=1.00), M=0.015(csns=0.67), S=-0.052(csns=0.50), align_str=0.000
2026-04-01 12:13:31  INFO      TradingGraph: Running agents for CHFJPY
2026-04-01 12:13:31  INFO      TradingGraph: Completed 15 agents
2026-04-01 12:13:31  INFO      TradingGraph: Fusing timeframe signals
2026-04-01 12:13:31  INFO      TradingGraph: Fusion: L=0.611(csns=1.00), M=0.248(csns=1.00), S=0.314(csns=0.80), align_str=0.363
2026-04-01 12:14:30  INFO      TradingGraph: Running agents for AUDJPY
2026-04-01 12:14:30  INFO      TradingGraph: Completed 15 agents
2026-04-01 12:14:30  INFO      TradingGraph: Fusing timeframe signals
2026-04-01 12:14:30  INFO      TradingGraph: Fusion: L=0.618(csns=1.00), M=0.447(csns=1.00), S=0.163(csns=0.67), align_str=0.356
2026-04-01 12:14:30  INFO      TradingGraph: Running agents for EURCHF
2026-04-01 12:14:30  INFO      TradingGraph: Completed 15 agents
2026-04-01 12:14:30  INFO      TradingGraph: Fusing timeframe signals
2026-04-01 12:14:30  INFO      TradingGraph: Fusion: L=-0.381(csns=1.00), M=0.015(csns=0.67), S=-0.052(csns=0.50), align_str=0.000
2026-04-01 12:14:31  INFO      TradingGraph: Running agents for CHFJPY
2026-04-01 12:14:31  INFO      TradingGraph: Completed 15 agents
2026-04-01 12:14:31  INFO      TradingGraph: Fusing timeframe signals
2026-04-01 12:14:31  INFO      TradingGraph: Fusion: L=0.611(csns=1.00), M=0.247(csns=1.00), S=0.315(csns=0.80), align_str=0.362
2026-04-01 12:15:31  INFO      TradingGraph: Running agents for AUDJPY
2026-04-01 12:15:31  INFO      TradingGraph: Completed 15 agents
2026-04-01 12:15:31  INFO      TradingGraph: Fusing timeframe signals
2026-04-01 12:15:31  INFO      TradingGraph: Fusion: L=0.617(csns=1.00), M=0.436(csns=1.00), S=0.164(csns=0.67), align_str=0.353
2026-04-01 12:15:32  INFO      TradingGraph: Running agents for EURCHF
2026-04-01 12:15:32  INFO      TradingGraph: Completed 15 agents
2026-04-01 12:15:32  INFO      TradingGraph: Fusing timeframe signals
2026-04-01 12:15:32  INFO      TradingGraph: Fusion: L=-0.381(csns=1.00), M=0.015(csns=0.67), S=-0.229(csns=0.83), align_str=0.000
2026-04-01 12:15:33  INFO      TradingGraph: Running agents for CHFJPY
2026-04-01 12:15:35  INFO      TradingGraph: Completed 15 agents
2026-04-01 12:15:35  INFO      TradingGraph: Fusing timeframe signals
2026-04-01 12:15:35  INFO      TradingGraph: Fusion: L=0.611(csns=1.00), M=0.236(csns=1.00), S=0.236(csns=0.80), align_str=0.324
2026-04-01 12:15:36  INFO      TradingRunner: Analysing USDJPY …
2026-04-01 12:15:36  INFO      TradingGraph: Running agents for USDJPY
2026-04-01 12:15:36  INFO      TradingGraph: Completed 15 agents
2026-04-01 12:15:36  INFO      TradingGraph: Fusing timeframe signals
2026-04-01 12:15:36  INFO      TradingGraph: Fusion: L=0.524(csns=1.00), M=-0.413(csns=1.00), S=-0.257(csns=1.00), align_str=0.000
2026-04-01 12:15:36  INFO      TradingGraph: Aligned [counter-trend-scalp] (bearish) — proceeding [L=0.524 M=-0.413 S=-0.257 breadth=-0.124]
2026-04-01 12:15:36  INFO      TradingGraph: Generating trading recipe
2026-04-01 12:15:36  INFO      TradingGraph: Generated recipe: RISKY_SHORT_COUNTER_TREND_SCALP_USDJPY
2026-04-01 12:15:36  INFO      TradingGraph: Risk check passed
2026-04-01 12:15:36  INFO      TradingGraph: Creating trade plan
2026-04-01 12:15:36  INFO      TradingGraph: Confidence sizing [USDJPY]: conf=0.542 → ×0.73 (risk=$0.73)
2026-04-01 12:15:36  INFO      TradingGraph: Structure SL/TP [USDJPY] entry=158.65500 sl=159.59661 (2.36×ATR) tp=158.03100 (R:R=0.66)
2026-04-01 12:15:36  INFO      TradingGraph: Created trade plan: entry=158.6550, sl=159.5970, tp=157.2430
2026-04-01 12:15:36  INFO      TradingGraph: Executing trade for USDJPY
2026-04-01 12:15:36  INFO      MT5Executor: USDJPY: lots=0.01 (risk=$5.12)
2026-04-01 12:15:36  INFO      MT5Executor: Market order filled: ticket=56040849241 vol=0.01
2026-04-01 12:15:36  INFO      TradingGraph: Order placed: ticket=56040849241
2026-04-01 12:15:36  INFO      OrderManager: Created order order_7_20260401_121536 for USDJPY
2026-04-01 12:15:36  INFO      TradeJournal: TRADE  USDJPY           Direction.SHORT  qty=0.01  entry=158.65500  sl=159.59700  tp=157.24300  ticket=56040849241
2026-04-01 12:15:36  INFO      TradingRunner: USDJPY: trade placed — daily count 14/14, next entry in 25min
2026-04-01 12:15:37  WARNING   TradingRunner: Max daily trades (14) reached — no further entries today
2026-04-01 12:15:37  INFO      TradingRunner: PnL — unrealized: -0.38  realized today: -12.09  total: -12.47
2026-04-01 12:15:37  INFO      TradingRunner: Signal cycle done in 7.7s — sleeping 292s
2026-04-01 12:16:30  INFO      TradingGraph: Running agents for AUDJPY
2026-04-01 12:16:30  INFO      TradingGraph: Completed 15 agents
2026-04-01 12:16:30  INFO      TradingGraph: Fusing timeframe signals
2026-04-01 12:16:30  INFO      TradingGraph: Fusion: L=0.523(csns=1.00), M=0.442(csns=1.00), S=0.168(csns=0.67), align_str=0.339
2026-04-01 12:16:30  INFO      TradingGraph: Running agents for EURCHF
2026-04-01 12:16:30  INFO      TradingGraph: Completed 15 agents
2026-04-01 12:16:30  INFO      TradingGraph: Fusing timeframe signals
2026-04-01 12:16:30  INFO      TradingGraph: Fusion: L=-0.323(csns=1.00), M=0.018(csns=0.67), S=-0.228(csns=0.83), align_str=0.000
2026-04-01 12:16:31  INFO      TradingGraph: Running agents for CHFJPY
2026-04-01 12:16:31  INFO      TradingGraph: Completed 15 agents
2026-04-01 12:16:31  INFO      TradingGraph: Fusing timeframe signals
2026-04-01 12:16:31  INFO      TradingGraph: Fusion: L=0.314(csns=0.50), M=0.246(csns=1.00), S=0.239(csns=0.80), align_str=0.264
2026-04-01 12:16:31  INFO      TradingGraph: Running agents for USDJPY
2026-04-01 12:16:31  INFO      TradingGraph: Completed 15 agents
2026-04-01 12:16:31  INFO      TradingGraph: Fusing timeframe signals
2026-04-01 12:16:31  INFO      TradingGraph: Fusion: L=0.265(csns=0.50), M=-0.407(csns=1.00), S=-0.257(csns=1.00), align_str=0.000
2026-04-01 12:17:30  INFO      TradingGraph: Running agents for AUDJPY
2026-04-01 12:17:30  INFO      TradingGraph: Completed 15 agents
2026-04-01 12:17:30  INFO      TradingGraph: Fusing timeframe signals
2026-04-01 12:17:30  INFO      TradingGraph: Fusion: L=0.524(csns=1.00), M=0.446(csns=1.00), S=0.168(csns=0.67), align_str=0.340
2026-04-01 12:17:31  INFO      TradingGraph: Running agents for EURCHF
2026-04-01 12:17:31  INFO      TradingGraph: Completed 15 agents
2026-04-01 12:17:31  INFO      TradingGraph: Fusing timeframe signals
2026-04-01 12:17:31  INFO      TradingGraph: Fusion: L=-0.322(csns=1.00), M=0.015(csns=0.67), S=-0.230(csns=0.83), align_str=0.000
2026-04-01 12:17:31  INFO      TradingGraph: Running agents for CHFJPY
2026-04-01 12:17:31  INFO      TradingGraph: Completed 15 agents
2026-04-01 12:17:31  INFO      TradingGraph: Fusing timeframe signals
2026-04-01 12:17:31  INFO      TradingGraph: Fusion: L=0.314(csns=0.50), M=0.250(csns=1.00), S=0.295(csns=0.80), align_str=0.285
2026-04-01 12:17:32  INFO      TradingGraph: Running agents for USDJPY
2026-04-01 12:17:32  INFO      TradingGraph: Completed 15 agents
2026-04-01 12:17:32  INFO      TradingGraph: Fusing timeframe signals
2026-04-01 12:17:32  INFO      TradingGraph: Fusion: L=0.265(csns=0.50), M=-0.409(csns=1.00), S=-0.258(csns=1.00), align_str=0.000
2026-04-01 12:26:13  INFO      MT5Executor: Using mt5linux backend → localhost:18812
2026-04-01 12:26:13  INFO      MT5Executor: Connected to MT5: 5048478471 on MetaQuotes-Demo | balance=117.71 | trade_allowed=True
2026-04-01 12:26:13  INFO      root: Registered agent: RegimeAgent
2026-04-01 12:26:13  INFO      root: Registered agent: TrendAgent
2026-04-01 12:26:13  INFO      root: Registered agent: MomentumAgent
2026-04-01 12:26:13  INFO      root: Registered agent: MeanReversionAgent
2026-04-01 12:26:13  INFO      root: Registered agent: VolatilityAgent
2026-04-01 12:26:13  INFO      root: Registered agent: BreadthAgent
2026-04-01 12:26:13  INFO      root: Registered agent: PatternAgent
2026-04-01 12:26:13  INFO      root: Registered agent: IntermarketAgent
2026-04-01 12:26:13  INFO      root: Registered agent: SessionBreakoutAgent
2026-04-01 12:26:13  INFO      root: Registered agent: DivergenceAgent
2026-04-01 12:26:13  INFO      root: Registered agent: ScalpingAgent
2026-04-01 12:26:13  INFO      root: Registered agent: VwapScalpAgent
2026-04-01 12:26:13  INFO      root: Registered agent: SqueezeBreakoutAgent
2026-04-01 12:26:13  INFO      root: Registered agent: OrderFlowAgent
2026-04-01 12:26:13  INFO      root: Registered agent: CorrelationAgent
2026-04-01 12:26:13  INFO      TradingRunner: [State] Restored: daily_trades=14, cooldowns=11, sod_balance=125.52
2026-04-01 12:26:13  INFO      TradingRunner: TradingRunner started — symbols: ['EURUSD', 'GBPUSD', 'USDJPY', 'USDCHF', 'AUDUSD', 'USDCAD', 'NZDUSD', 'US30', 'US500', 'USTEC', 'DAX', 'UK100', 'EURJPY', 'GBPJPY', 'AUDJPY', 'EURGBP', 'EURCHF', 'CHFJPY', 'XAGUSD'] | profile: risky | signal: 300s | surveillance: 60s | watchdog: 90s
2026-04-01 12:26:14  INFO      numexpr.utils: Note: NumExpr detected 12 cores but "NUMEXPR_MAX_THREADS" not set, so enforcing safe limit of 8.
2026-04-01 12:26:14  INFO      numexpr.utils: NumExpr defaulting to 8 threads.
2026-04-01 12:26:16  INFO      TradingGraph: Running agents for AUDJPY
2026-04-01 12:26:16  INFO      TradingGraph: Completed 15 agents
2026-04-01 12:26:16  INFO      TradingGraph: Fusing timeframe signals
2026-04-01 12:26:16  INFO      TradingGraph: Fusion: L=0.525(csns=1.00), M=0.451(csns=1.00), S=0.175(csns=0.67), align_str=0.346
2026-04-01 12:26:17  INFO      TradingGraph: Running agents for EURCHF
2026-04-01 12:26:17  INFO      TradingGraph: Completed 15 agents
2026-04-01 12:26:17  INFO      TradingGraph: Fusing timeframe signals
2026-04-01 12:26:17  INFO      TradingGraph: Fusion: L=-0.323(csns=1.00), M=-0.004(csns=0.33), S=-0.256(csns=0.83), align_str=0.071
2026-04-01 12:26:17  INFO      TradingGraph: Running agents for CHFJPY
2026-04-01 12:26:17  INFO      TradingGraph: Completed 15 agents
2026-04-01 12:26:17  INFO      TradingGraph: Fusing timeframe signals
2026-04-01 12:26:17  INFO      TradingGraph: Fusion: L=0.313(csns=0.50), M=0.300(csns=1.00), S=0.268(csns=0.67), align_str=0.293
2026-04-01 12:26:17  INFO      TradingGraph: Running agents for USDJPY
2026-04-01 12:26:18  INFO      TradingGraph: Completed 15 agents
2026-04-01 12:26:18  INFO      TradingGraph: Fusing timeframe signals
2026-04-01 12:26:18  INFO      TradingGraph: Fusion: L=0.265(csns=0.50), M=-0.387(csns=1.00), S=-0.157(csns=0.50), align_str=0.000
2026-04-01 12:26:21  WARNING   TradingRunner: Max daily trades (14) reached — no further entries today
2026-04-01 12:26:22  INFO      TradingRunner: PnL — unrealized: +0.55  realized today: -12.09  total: -11.54
2026-04-01 12:26:22  INFO      TradingRunner: Signal cycle done in 5.6s — sleeping 294s
2026-04-01 12:27:14  INFO      TradingGraph: Running agents for AUDJPY
2026-04-01 12:27:14  INFO      TradingGraph: Completed 15 agents
2026-04-01 12:27:14  INFO      TradingGraph: Fusing timeframe signals
2026-04-01 12:27:14  INFO      TradingGraph: Fusion: L=0.526(csns=1.00), M=0.487(csns=1.00), S=0.220(csns=0.67), align_str=0.383
2026-04-01 12:27:14  INFO      TradingGraph: Running agents for EURCHF
2026-04-01 12:27:14  INFO      TradingGraph: Completed 15 agents
2026-04-01 12:27:14  INFO      TradingGraph: Fusing timeframe signals
2026-04-01 12:27:14  INFO      TradingGraph: Fusion: L=-0.323(csns=1.00), M=0.001(csns=0.67), S=-0.254(csns=0.83), align_str=0.000
2026-04-01 12:27:15  INFO      TradingGraph: Running agents for CHFJPY
2026-04-01 12:27:15  INFO      TradingGraph: Completed 15 agents
2026-04-01 12:27:15  INFO      TradingGraph: Fusing timeframe signals
2026-04-01 12:27:15  INFO      TradingGraph: Fusion: L=0.313(csns=0.50), M=0.286(csns=1.00), S=0.304(csns=0.80), align_str=0.301
2026-04-01 12:27:15  INFO      TradingGraph: Running agents for USDJPY
2026-04-01 12:27:15  INFO      TradingGraph: Completed 15 agents
2026-04-01 12:27:15  INFO      TradingGraph: Fusing timeframe signals
2026-04-01 12:27:15  INFO      TradingGraph: Fusion: L=0.265(csns=0.50), M=-0.393(csns=1.00), S=-0.162(csns=0.50), align_str=0.000
2026-04-01 12:27:46  INFO      TradingRunner: [WATCHDOG] alive | equity=? | cycle=1 | profile=risky
2026-04-01 12:27:46  WARNING   TradingRunner: [WATCHDOG] MT5 connection lost — attempting reconnect
2026-04-01 12:27:46  INFO      TradingRunner: [WATCHDOG] Reconnect attempt 1/5 (waiting 10s)
2026-04-01 12:27:56  INFO      MT5Executor: MT5 connection closed
2026-04-01 12:27:56  INFO      MT5Executor: Using mt5linux backend → localhost:18812
2026-04-01 12:27:56  INFO      MT5Executor: Connected to MT5: 5048478471 on MetaQuotes-Demo | balance=117.71 | trade_allowed=True
2026-04-01 12:27:56  INFO      TradingRunner: [WATCHDOG] MT5 reconnected successfully
2026-04-01 12:28:14  INFO      TradingGraph: Running agents for AUDJPY
2026-04-01 12:28:14  INFO      TradingGraph: Completed 15 agents
2026-04-01 12:28:14  INFO      TradingGraph: Fusing timeframe signals
2026-04-01 12:28:14  INFO      TradingGraph: Fusion: L=0.523(csns=1.00), M=0.449(csns=1.00), S=0.174(csns=0.67), align_str=0.344
2026-04-01 12:28:14  INFO      TradingGraph: Running agents for EURCHF
2026-04-01 12:28:14  INFO      TradingGraph: Completed 15 agents
2026-04-01 12:28:14  INFO      TradingGraph: Fusing timeframe signals
2026-04-01 12:28:14  INFO      TradingGraph: Fusion: L=-0.324(csns=1.00), M=-0.008(csns=0.33), S=-0.316(csns=0.83), align_str=0.092
2026-04-01 12:28:14  INFO      TradingGraph: Running agents for CHFJPY
2026-04-01 12:28:15  INFO      TradingGraph: Completed 15 agents
2026-04-01 12:28:15  INFO      TradingGraph: Fusing timeframe signals
2026-04-01 12:28:15  INFO      TradingGraph: Fusion: L=0.313(csns=0.50), M=0.293(csns=1.00), S=0.268(csns=0.67), align_str=0.291
2026-04-01 12:28:15  INFO      TradingGraph: Running agents for USDJPY
2026-04-01 12:28:15  INFO      TradingGraph: Completed 15 agents
2026-04-01 12:28:15  INFO      TradingGraph: Fusing timeframe signals
2026-04-01 12:28:15  INFO      TradingGraph: Fusion: L=0.265(csns=0.50), M=-0.397(csns=1.00), S=-0.187(csns=0.67), align_str=0.000
