2026-03-24 16:04:14  WARNING   MT5Executor: MetaTrader5 package not available. MT5Executor will be in simulation mode.
2026-03-24 16:04:14  WARNING   DataLoader: DataLoader: running in simulation mode with synthetic data.
2026-03-24 16:04:14  INFO      root: Registered agent: RegimeAgent
2026-03-24 16:04:14  INFO      root: Registered agent: TrendAgent
2026-03-24 16:04:14  INFO      root: Registered agent: MomentumAgent
2026-03-24 16:04:14  INFO      root: Registered agent: MeanReversionAgent
2026-03-24 16:04:14  INFO      root: Registered agent: VolatilityAgent
2026-03-24 16:04:14  INFO      root: Registered agent: BreadthAgent
2026-03-24 16:04:14  INFO      root: Registered agent: PatternAgent
2026-03-24 16:04:14  INFO      TradingRunner: Analysing NASDAQ:NVDA …
2026-03-24 16:04:14  INFO      TradingGraph: Running agents for NASDAQ:NVDA
2026-03-24 16:04:14  INFO      TradingGraph: Completed 7 agents
2026-03-24 16:04:14  INFO      TradingGraph: Fusing timeframe signals
2026-03-24 16:04:14  INFO      TradingGraph: Fusion: L=0.063, M=0.497, S=0.268
2026-03-24 16:04:14  INFO      TradingGraph: Timeframes not aligned — stopping
2026-03-24 16:04:14  INFO      TradingRunner: Analysing NASDAQ:MSFT …
2026-03-24 16:04:14  INFO      TradingGraph: Running agents for NASDAQ:MSFT
2026-03-24 16:04:14  INFO      TradingGraph: Completed 7 agents
2026-03-24 16:04:14  INFO      TradingGraph: Fusing timeframe signals
2026-03-24 16:04:14  INFO      TradingGraph: Fusion: L=0.063, M=0.497, S=0.268
2026-03-24 16:04:14  INFO      TradingGraph: Timeframes not aligned — stopping
2026-03-24 16:04:14  INFO      MT5Executor: MT5Executor simulation mode shutdown
2026-03-24 16:07:16  WARNING   MT5Executor: MetaTrader5 package not available. MT5Executor will be in simulation mode.
2026-03-24 16:07:16  WARNING   DataLoader: DataLoader: running in simulation mode with synthetic data.
2026-03-24 16:07:16  INFO      root: Registered agent: RegimeAgent
2026-03-24 16:07:16  INFO      root: Registered agent: TrendAgent
2026-03-24 16:07:16  INFO      root: Registered agent: MomentumAgent
2026-03-24 16:07:16  INFO      root: Registered agent: MeanReversionAgent
2026-03-24 16:07:16  INFO      root: Registered agent: VolatilityAgent
2026-03-24 16:07:16  INFO      root: Registered agent: BreadthAgent
2026-03-24 16:07:16  INFO      root: Registered agent: PatternAgent
2026-03-24 16:07:16  INFO      TradingRunner: TradingRunner started — symbols: ['NASDAQ:NVDA', 'NASDAQ:MSFT'], interval: 3600s
2026-03-24 16:07:16  INFO      TradingRunner: Analysing NASDAQ:NVDA …
2026-03-24 16:07:16  INFO      TradingGraph: Running agents for NASDAQ:NVDA
2026-03-24 16:07:16  INFO      TradingGraph: Completed 7 agents
2026-03-24 16:07:16  INFO      TradingGraph: Fusing timeframe signals
2026-03-24 16:07:16  INFO      TradingGraph: Fusion: L=0.063, M=0.497, S=0.268
2026-03-24 16:07:16  INFO      TradingGraph: Timeframes not aligned — stopping
2026-03-24 16:07:16  INFO      TradingRunner: Analysing NASDAQ:MSFT …
2026-03-24 16:07:16  INFO      TradingGraph: Running agents for NASDAQ:MSFT
2026-03-24 16:07:16  INFO      TradingGraph: Completed 7 agents
2026-03-24 16:07:16  INFO      TradingGraph: Fusing timeframe signals
2026-03-24 16:07:16  INFO      TradingGraph: Fusion: L=0.063, M=0.497, S=0.268
2026-03-24 16:07:16  INFO      TradingGraph: Timeframes not aligned — stopping
2026-03-24 16:07:16  INFO      TradingRunner: Cycle done in 0.2s — sleeping 3600s
2026-03-24 16:14:02  WARNING   MT5Executor: MetaTrader5 package not available. MT5Executor will be in simulation mode.
2026-03-24 16:14:02  WARNING   DataLoader: DataLoader: running in simulation mode with synthetic data.
2026-03-24 16:14:02  INFO      root: Registered agent: RegimeAgent
2026-03-24 16:14:02  INFO      root: Registered agent: TrendAgent
2026-03-24 16:14:02  INFO      root: Registered agent: MomentumAgent
2026-03-24 16:14:02  INFO      root: Registered agent: MeanReversionAgent
2026-03-24 16:14:02  INFO      root: Registered agent: VolatilityAgent
2026-03-24 16:14:02  INFO      root: Registered agent: BreadthAgent
2026-03-24 16:14:02  INFO      root: Registered agent: PatternAgent
2026-03-24 16:14:02  INFO      TradingRunner: Analysing EURUSD …
2026-03-24 16:14:02  INFO      TradingGraph: Running agents for EURUSD
2026-03-24 16:14:02  INFO      TradingGraph: Completed 7 agents
2026-03-24 16:14:02  INFO      TradingGraph: Fusing timeframe signals
2026-03-24 16:14:02  INFO      TradingGraph: Fusion: L=0.063, M=0.497, S=0.268
2026-03-24 16:14:02  INFO      TradingGraph: Timeframes not aligned — stopping
2026-03-24 16:14:02  INFO      TradingRunner: Analysing GBPUSD …
2026-03-24 16:14:02  INFO      TradingGraph: Running agents for GBPUSD
2026-03-24 16:14:02  INFO      TradingGraph: Completed 7 agents
2026-03-24 16:14:02  INFO      TradingGraph: Fusing timeframe signals
2026-03-24 16:14:02  INFO      TradingGraph: Fusion: L=0.063, M=0.497, S=0.268
2026-03-24 16:14:02  INFO      TradingGraph: Timeframes not aligned — stopping
2026-03-24 16:14:02  INFO      TradingRunner: Analysing XAUUSD …
2026-03-24 16:14:02  INFO      TradingGraph: Running agents for XAUUSD
2026-03-24 16:14:02  INFO      TradingGraph: Completed 7 agents
2026-03-24 16:14:02  INFO      TradingGraph: Fusing timeframe signals
2026-03-24 16:14:02  INFO      TradingGraph: Fusion: L=0.063, M=0.497, S=0.268
2026-03-24 16:14:02  INFO      TradingGraph: Timeframes not aligned — stopping
2026-03-24 16:14:02  INFO      MT5Executor: MT5Executor simulation mode shutdown
2026-03-24 16:25:52  WARNING   MT5Executor: MetaTrader5 package not available. MT5Executor will be in simulation mode.
2026-03-24 16:25:52  WARNING   DataLoader: DataLoader: running in simulation mode with synthetic data.
2026-03-24 16:25:52  INFO      root: Registered agent: RegimeAgent
2026-03-24 16:25:52  INFO      root: Registered agent: TrendAgent
2026-03-24 16:25:52  INFO      root: Registered agent: MomentumAgent
2026-03-24 16:25:52  INFO      root: Registered agent: MeanReversionAgent
2026-03-24 16:25:52  INFO      root: Registered agent: VolatilityAgent
2026-03-24 16:25:52  INFO      root: Registered agent: BreadthAgent
2026-03-24 16:25:52  INFO      root: Registered agent: PatternAgent
2026-03-24 16:25:52  INFO      TradingRunner: TradingRunner started — symbols: ['EURUSD', 'GBPUSD', 'XAUUSD'], interval: 3600s
2026-03-24 16:25:52  INFO      TradingRunner: Analysing EURUSD …
2026-03-24 16:25:52  INFO      TradingGraph: Running agents for EURUSD
2026-03-24 16:25:52  INFO      TradingGraph: Completed 7 agents
2026-03-24 16:25:52  INFO      TradingGraph: Fusing timeframe signals
2026-03-24 16:25:52  INFO      TradingGraph: Fusion: L=0.063, M=0.497, S=0.268
2026-03-24 16:25:52  INFO      TradingGraph: Timeframes not aligned — stopping
2026-03-24 16:25:52  INFO      TradingRunner: Analysing GBPUSD …
2026-03-24 16:25:52  INFO      TradingGraph: Running agents for GBPUSD
2026-03-24 16:25:52  INFO      TradingGraph: Completed 7 agents
2026-03-24 16:25:52  INFO      TradingGraph: Fusing timeframe signals
2026-03-24 16:25:52  INFO      TradingGraph: Fusion: L=0.063, M=0.497, S=0.268
2026-03-24 16:25:52  INFO      TradingGraph: Timeframes not aligned — stopping
2026-03-24 16:25:52  INFO      TradingRunner: Analysing XAUUSD …
2026-03-24 16:25:53  INFO      TradingGraph: Running agents for XAUUSD
2026-03-24 16:25:53  INFO      TradingGraph: Completed 7 agents
2026-03-24 16:25:53  INFO      TradingGraph: Fusing timeframe signals
2026-03-24 16:25:53  INFO      TradingGraph: Fusion: L=0.063, M=0.497, S=0.268
2026-03-24 16:25:53  INFO      TradingGraph: Timeframes not aligned — stopping
2026-03-24 16:25:53  INFO      TradingRunner: Cycle done in 0.3s — sleeping 3600s
2026-03-24 16:27:06  INFO      TradingRunner: Shutdown signal received — stopping after current cycle
2026-03-24 16:27:06  INFO      MT5Executor: MT5Executor simulation mode shutdown
2026-03-24 16:27:12  WARNING   MT5Executor: MetaTrader5 package not available. MT5Executor will be in simulation mode.
2026-03-24 16:27:12  WARNING   DataLoader: DataLoader: running in simulation mode with synthetic data.
2026-03-24 16:27:12  INFO      root: Registered agent: RegimeAgent
2026-03-24 16:27:12  INFO      root: Registered agent: TrendAgent
2026-03-24 16:27:12  INFO      root: Registered agent: MomentumAgent
2026-03-24 16:27:12  INFO      root: Registered agent: MeanReversionAgent
2026-03-24 16:27:12  INFO      root: Registered agent: VolatilityAgent
2026-03-24 16:27:12  INFO      root: Registered agent: BreadthAgent
2026-03-24 16:27:12  INFO      root: Registered agent: PatternAgent
2026-03-24 16:27:12  INFO      TradingRunner: TradingRunner started — symbols: ['EURUSD', 'GBPUSD', 'XAUUSD'], interval: 3600s
2026-03-24 16:27:12  INFO      TradingRunner: Analysing EURUSD …
2026-03-24 16:27:12  INFO      TradingGraph: Running agents for EURUSD
2026-03-24 16:27:12  INFO      TradingGraph: Completed 7 agents
2026-03-24 16:27:12  INFO      TradingGraph: Fusing timeframe signals
2026-03-24 16:27:12  INFO      TradingGraph: Fusion: L=0.063, M=0.497, S=0.268
2026-03-24 16:27:12  INFO      TradingGraph: Timeframes not aligned — stopping
2026-03-24 16:27:12  INFO      TradingRunner: Analysing GBPUSD …
2026-03-24 16:27:12  INFO      TradingGraph: Running agents for GBPUSD
2026-03-24 16:27:12  INFO      TradingGraph: Completed 7 agents
2026-03-24 16:27:12  INFO      TradingGraph: Fusing timeframe signals
2026-03-24 16:27:12  INFO      TradingGraph: Fusion: L=0.063, M=0.497, S=0.268
2026-03-24 16:27:12  INFO      TradingGraph: Timeframes not aligned — stopping
2026-03-24 16:27:12  INFO      TradingRunner: Analysing XAUUSD …
2026-03-24 16:27:12  INFO      TradingGraph: Running agents for XAUUSD
2026-03-24 16:27:12  INFO      TradingGraph: Completed 7 agents
2026-03-24 16:27:12  INFO      TradingGraph: Fusing timeframe signals
2026-03-24 16:27:12  INFO      TradingGraph: Fusion: L=0.063, M=0.497, S=0.268
2026-03-24 16:27:12  INFO      TradingGraph: Timeframes not aligned — stopping
2026-03-24 16:27:12  INFO      TradingRunner: Cycle done in 0.2s — sleeping 3600s
2026-03-24 16:27:20  INFO      TradingRunner: Shutdown signal received — stopping after current cycle
2026-03-24 16:27:20  INFO      MT5Executor: MT5Executor simulation mode shutdown
2026-03-24 16:34:25  WARNING   MT5Executor: MetaTrader5 package not available. MT5Executor will be in simulation mode.
2026-03-24 16:34:25  WARNING   DataLoader: DataLoader: running in simulation mode with synthetic data.
2026-03-24 16:34:25  INFO      root: Registered agent: RegimeAgent
2026-03-24 16:34:25  INFO      root: Registered agent: TrendAgent
2026-03-24 16:34:25  INFO      root: Registered agent: MomentumAgent
2026-03-24 16:34:25  INFO      root: Registered agent: MeanReversionAgent
2026-03-24 16:34:25  INFO      root: Registered agent: VolatilityAgent
2026-03-24 16:34:25  INFO      root: Registered agent: BreadthAgent
2026-03-24 16:34:25  INFO      root: Registered agent: PatternAgent
2026-03-24 16:34:25  INFO      TradingRunner: Analysing EURUSD …
2026-03-24 16:34:25  INFO      TradingGraph: Running agents for EURUSD
2026-03-24 16:34:25  INFO      TradingGraph: Completed 7 agents
2026-03-24 16:34:25  INFO      TradingGraph: Fusing timeframe signals
2026-03-24 16:34:25  INFO      TradingGraph: Fusion: L=0.063, M=0.497, S=0.054
2026-03-24 16:34:25  INFO      TradingGraph: Timeframes not aligned — stopping
2026-03-24 16:34:25  INFO      TradingRunner: Analysing GBPUSD …
2026-03-24 16:34:25  INFO      TradingGraph: Running agents for GBPUSD
2026-03-24 16:34:25  INFO      TradingGraph: Completed 7 agents
2026-03-24 16:34:25  INFO      TradingGraph: Fusing timeframe signals
2026-03-24 16:34:25  INFO      TradingGraph: Fusion: L=0.063, M=0.521, S=0.132
2026-03-24 16:34:25  INFO      TradingGraph: Timeframes not aligned — stopping
2026-03-24 16:34:25  INFO      TradingRunner: Analysing XAUUSD …
2026-03-24 16:34:26  INFO      TradingGraph: Running agents for XAUUSD
2026-03-24 16:34:26  INFO      TradingGraph: Completed 7 agents
2026-03-24 16:34:26  INFO      TradingGraph: Fusing timeframe signals
2026-03-24 16:34:26  INFO      TradingGraph: Fusion: L=0.063, M=-0.503, S=0.131
2026-03-24 16:34:26  INFO      TradingGraph: Timeframes not aligned — stopping
2026-03-24 16:34:26  INFO      TrailingStopManager: Trail BUY  NASDAQ:NVDA #12345: SL 148.00000 → 150.31155  (price=152.00000, atr=1.12564)
2026-03-24 16:34:26  INFO      MT5Executor: SIMULATION: Modified stop loss for order 12345: 150.3115463058107
2026-03-24 16:34:26  INFO      TradingRunner: PnL — unrealized: +200.00  realized today: +0.00  total: +200.00
2026-03-24 16:34:26  INFO      MT5Executor: MT5Executor simulation mode shutdown
2026-03-24 16:52:12  WARNING   MT5Executor: MetaTrader5 package not available. MT5Executor will be in simulation mode.
2026-03-24 16:52:12  WARNING   DataLoader: DataLoader: running in simulation mode with synthetic data.
2026-03-24 16:52:12  INFO      root: Registered agent: RegimeAgent
2026-03-24 16:52:12  INFO      root: Registered agent: TrendAgent
2026-03-24 16:52:12  INFO      root: Registered agent: MomentumAgent
2026-03-24 16:52:12  INFO      root: Registered agent: MeanReversionAgent
2026-03-24 16:52:12  INFO      root: Registered agent: VolatilityAgent
2026-03-24 16:52:12  INFO      root: Registered agent: BreadthAgent
2026-03-24 16:52:12  INFO      root: Registered agent: PatternAgent
2026-03-24 16:52:12  INFO      TradingRunner: TradingRunner started — symbols: ['EURUSD', 'GBPUSD', 'XAUUSD'], interval: 3600s
2026-03-24 16:52:12  INFO      TradingRunner: Analysing EURUSD …
2026-03-24 16:52:12  INFO      TradingGraph: Running agents for EURUSD
2026-03-24 16:52:12  INFO      TradingGraph: Completed 7 agents
2026-03-24 16:52:12  INFO      TradingGraph: Fusing timeframe signals
2026-03-24 16:52:12  INFO      TradingGraph: Fusion: L=0.063, M=0.521, S=0.132
2026-03-24 16:52:12  INFO      TradingGraph: Timeframes not aligned — stopping
2026-03-24 16:52:12  INFO      TradingRunner: Analysing GBPUSD …
2026-03-24 16:52:12  INFO      TradingGraph: Running agents for GBPUSD
2026-03-24 16:52:12  WARNING   agent.PatternAgent: Missing required feature: last_break
2026-03-24 16:52:12  ERROR     agent.PatternAgent: Feature validation failed for PatternAgent
2026-03-24 16:52:12  INFO      TradingGraph: Completed 6 agents
2026-03-24 16:52:12  INFO      TradingGraph: Fusing timeframe signals
2026-03-24 16:52:12  INFO      TradingGraph: Fusion: L=0.063, M=0.497, S=0.065
2026-03-24 16:52:12  INFO      TradingGraph: Timeframes not aligned — stopping
2026-03-24 16:52:12  INFO      TradingRunner: Analysing XAUUSD …
2026-03-24 16:52:12  INFO      TradingGraph: Running agents for XAUUSD
2026-03-24 16:52:12  INFO      TradingGraph: Completed 7 agents
2026-03-24 16:52:12  INFO      TradingGraph: Fusing timeframe signals
2026-03-24 16:52:12  INFO      TradingGraph: Fusion: L=0.063, M=0.497, S=0.132
2026-03-24 16:52:12  INFO      TradingGraph: Timeframes not aligned — stopping
2026-03-24 16:52:12  INFO      TrailingStopManager: Trail BUY  NASDAQ:NVDA #12345: SL 148.00000 → 150.31155  (price=152.00000, atr=1.12564)
2026-03-24 16:52:12  INFO      MT5Executor: SIMULATION: Modified stop loss for order 12345: 150.3115463058107
2026-03-24 16:52:12  INFO      TradingRunner: PnL — unrealized: +200.00  realized today: +0.00  total: +200.00
2026-03-24 16:52:12  INFO      TradingRunner: Cycle done in 0.4s — sleeping 3600s
2026-03-24 16:52:19  INFO      TradingRunner: Shutdown signal received — stopping after current cycle
2026-03-24 16:52:19  INFO      MT5Executor: MT5Executor simulation mode shutdown
2026-03-24 16:52:25  WARNING   MT5Executor: MetaTrader5 package not available. MT5Executor will be in simulation mode.
2026-03-24 16:52:25  WARNING   DataLoader: DataLoader: running in simulation mode with synthetic data.
2026-03-24 16:52:25  INFO      root: Registered agent: RegimeAgent
2026-03-24 16:52:25  INFO      root: Registered agent: TrendAgent
2026-03-24 16:52:25  INFO      root: Registered agent: MomentumAgent
2026-03-24 16:52:25  INFO      root: Registered agent: MeanReversionAgent
2026-03-24 16:52:25  INFO      root: Registered agent: VolatilityAgent
2026-03-24 16:52:25  INFO      root: Registered agent: BreadthAgent
2026-03-24 16:52:25  INFO      root: Registered agent: PatternAgent
2026-03-24 16:52:25  INFO      TradingRunner: TradingRunner started — symbols: ['EURUSD', 'GBPUSD', 'XAUUSD'], interval: 3600s
2026-03-24 16:52:25  INFO      TradingRunner: Analysing EURUSD …
2026-03-24 16:52:25  INFO      TradingGraph: Running agents for EURUSD
2026-03-24 16:52:25  INFO      TradingGraph: Completed 7 agents
2026-03-24 16:52:25  INFO      TradingGraph: Fusing timeframe signals
2026-03-24 16:52:25  INFO      TradingGraph: Fusion: L=0.063, M=0.497, S=0.132
2026-03-24 16:52:25  INFO      TradingGraph: Timeframes not aligned — stopping
2026-03-24 16:52:25  INFO      TradingRunner: Analysing GBPUSD …
2026-03-24 16:52:25  INFO      TradingGraph: Running agents for GBPUSD
2026-03-24 16:52:25  INFO      TradingGraph: Completed 7 agents
2026-03-24 16:52:25  INFO      TradingGraph: Fusing timeframe signals
2026-03-24 16:52:25  INFO      TradingGraph: Fusion: L=0.063, M=0.497, S=0.132
2026-03-24 16:52:25  INFO      TradingGraph: Timeframes not aligned — stopping
2026-03-24 16:52:25  INFO      TradingRunner: Analysing XAUUSD …
2026-03-24 16:52:26  INFO      TradingGraph: Running agents for XAUUSD
2026-03-24 16:52:26  INFO      TradingGraph: Completed 7 agents
2026-03-24 16:52:26  INFO      TradingGraph: Fusing timeframe signals
2026-03-24 16:52:26  INFO      TradingGraph: Fusion: L=0.063, M=0.497, S=0.054
2026-03-24 16:52:26  INFO      TradingGraph: Timeframes not aligned — stopping
2026-03-24 16:52:26  INFO      TrailingStopManager: Trail BUY  NASDAQ:NVDA #12345: SL 148.00000 → 150.31155  (price=152.00000, atr=1.12564)
2026-03-24 16:52:26  INFO      MT5Executor: SIMULATION: Modified stop loss for order 12345: 150.3115463058107
2026-03-24 16:52:26  INFO      TradingRunner: PnL — unrealized: +200.00  realized today: +0.00  total: +200.00
2026-03-24 16:52:26  INFO      TradingRunner: Cycle done in 0.5s — sleeping 3600s
2026-03-24 17:01:54  WARNING   MT5Executor: MetaTrader5 package not available. MT5Executor will be in simulation mode.
2026-03-24 17:01:54  WARNING   DataLoader: DataLoader: running in simulation mode with synthetic data.
2026-03-24 17:01:54  INFO      root: Registered agent: RegimeAgent
2026-03-24 17:01:54  INFO      root: Registered agent: TrendAgent
2026-03-24 17:01:54  INFO      root: Registered agent: MomentumAgent
2026-03-24 17:01:54  INFO      root: Registered agent: MeanReversionAgent
2026-03-24 17:01:54  INFO      root: Registered agent: VolatilityAgent
2026-03-24 17:01:54  INFO      root: Registered agent: BreadthAgent
2026-03-24 17:01:54  INFO      root: Registered agent: PatternAgent
2026-03-24 17:01:54  INFO      TradingRunner: TradingRunner started — symbols: ['EURUSD', 'GBPUSD', 'XAUUSD'], interval: 3600s
2026-03-24 17:01:54  INFO      TradingRunner: Analysing EURUSD …
2026-03-24 17:01:54  INFO      TradingGraph: Running agents for EURUSD
2026-03-24 17:01:54  INFO      TradingGraph: Completed 7 agents
2026-03-24 17:01:54  INFO      TradingGraph: Fusing timeframe signals
2026-03-24 17:01:54  INFO      TradingGraph: Fusion: L=0.063, M=0.497, S=0.132
2026-03-24 17:01:54  INFO      TradingGraph: Timeframes not aligned — stopping
2026-03-24 17:01:54  INFO      TradingRunner: Analysing GBPUSD …
2026-03-24 17:01:54  INFO      TradingGraph: Running agents for GBPUSD
2026-03-24 17:01:54  INFO      TradingGraph: Completed 7 agents
2026-03-24 17:01:54  INFO      TradingGraph: Fusing timeframe signals
2026-03-24 17:01:54  INFO      TradingGraph: Fusion: L=0.063, M=0.497, S=0.054
2026-03-24 17:01:54  INFO      TradingGraph: Timeframes not aligned — stopping
2026-03-24 17:01:54  INFO      TradingRunner: Analysing XAUUSD …
2026-03-24 17:01:54  INFO      TradingGraph: Running agents for XAUUSD
2026-03-24 17:01:54  INFO      TradingGraph: Completed 7 agents
2026-03-24 17:01:54  INFO      TradingGraph: Fusing timeframe signals
2026-03-24 17:01:54  INFO      TradingGraph: Fusion: L=0.063, M=0.497, S=0.132
2026-03-24 17:01:54  INFO      TradingGraph: Timeframes not aligned — stopping
2026-03-24 17:01:54  INFO      TrailingStopManager: Trail BUY  NASDAQ:NVDA #12345: SL 148.00000 → 150.31155  (price=152.00000, atr=1.12564)
2026-03-24 17:01:54  INFO      MT5Executor: SIMULATION: Modified stop loss for order 12345: 150.3115463058107
2026-03-24 17:01:54  INFO      TradingRunner: PnL — unrealized: +200.00  realized today: +0.00  total: +200.00
2026-03-24 17:01:54  INFO      TradingRunner: Cycle done in 0.4s — sleeping 3600s
2026-03-24 17:02:07  INFO      TradingRunner: Shutdown signal received — stopping after current cycle
2026-03-24 17:02:07  INFO      MT5Executor: MT5Executor simulation mode shutdown
2026-03-24 17:04:25  INFO      MT5Executor: Using mt5linux backend → localhost:8002
2026-03-24 17:05:41  INFO      MT5Executor: Using mt5linux backend → localhost:8002
2026-03-24 17:05:41  ERROR     MT5Executor: mt5linux connection to localhost:8002 failed: connection closed by peer
  Is the Docker container running?  docker compose up -d
  Is MT5 fully started inside it?  http://localhost:6082/vnc.html
  Falling back to SIMULATION mode.
2026-03-24 17:05:41  WARNING   DataLoader: DataLoader: running in simulation mode with synthetic data.
2026-03-24 17:05:41  INFO      root: Registered agent: RegimeAgent
2026-03-24 17:05:41  INFO      root: Registered agent: TrendAgent
2026-03-24 17:05:41  INFO      root: Registered agent: MomentumAgent
2026-03-24 17:05:41  INFO      root: Registered agent: MeanReversionAgent
2026-03-24 17:05:41  INFO      root: Registered agent: VolatilityAgent
2026-03-24 17:05:41  INFO      root: Registered agent: BreadthAgent
2026-03-24 17:05:41  INFO      root: Registered agent: PatternAgent
2026-03-24 17:05:41  INFO      TradingRunner: TradingRunner started — symbols: ['EURUSD', 'GBPUSD', 'XAUUSD'], interval: 3600s
2026-03-24 17:05:41  INFO      TradingRunner: Analysing EURUSD …
2026-03-24 17:05:41  INFO      TradingGraph: Running agents for EURUSD
2026-03-24 17:05:41  INFO      TradingGraph: Completed 7 agents
2026-03-24 17:05:41  INFO      TradingGraph: Fusing timeframe signals
2026-03-24 17:05:41  INFO      TradingGraph: Fusion: L=0.063, M=0.497, S=0.132
2026-03-24 17:05:41  INFO      TradingGraph: Timeframes not aligned — stopping
2026-03-24 17:05:41  INFO      TradingRunner: Analysing GBPUSD …
2026-03-24 17:05:41  INFO      TradingGraph: Running agents for GBPUSD
2026-03-24 17:05:41  INFO      TradingGraph: Completed 7 agents
2026-03-24 17:05:41  INFO      TradingGraph: Fusing timeframe signals
2026-03-24 17:05:41  INFO      TradingGraph: Fusion: L=0.063, M=0.497, S=0.132
2026-03-24 17:05:41  INFO      TradingGraph: Timeframes not aligned — stopping
2026-03-24 17:05:41  INFO      TradingRunner: Analysing XAUUSD …
2026-03-24 17:05:41  INFO      TradingGraph: Running agents for XAUUSD
2026-03-24 17:05:41  INFO      TradingGraph: Completed 7 agents
2026-03-24 17:05:41  INFO      TradingGraph: Fusing timeframe signals
2026-03-24 17:05:41  INFO      TradingGraph: Fusion: L=0.063, M=0.497, S=0.132
2026-03-24 17:05:41  INFO      TradingGraph: Timeframes not aligned — stopping
2026-03-24 17:05:41  INFO      TrailingStopManager: Trail BUY  NASDAQ:NVDA #12345: SL 148.00000 → 150.31155  (price=152.00000, atr=1.12564)
2026-03-24 17:05:41  INFO      MT5Executor: SIMULATION: Modified stop loss for order 12345: 150.3115463058107
2026-03-24 17:05:41  INFO      TradingRunner: PnL — unrealized: +200.00  realized today: +0.00  total: +200.00
2026-03-24 17:05:41  INFO      TradingRunner: Cycle done in 0.3s — sleeping 3600s
2026-03-24 17:13:12  INFO      MT5Executor: Using mt5linux backend → localhost:18812
2026-03-24 17:13:12  ERROR     MT5Executor: mt5linux connection to localhost:18812 failed: [Errno 104] Connection reset by peer
  Is the Docker container running?  docker compose up -d
  Is MT5 fully started inside it?  http://localhost:6082/vnc.html
  Falling back to SIMULATION mode.
2026-03-24 17:13:12  WARNING   DataLoader: DataLoader: running in simulation mode with synthetic data.
2026-03-24 17:13:12  INFO      root: Registered agent: RegimeAgent
2026-03-24 17:13:12  INFO      root: Registered agent: TrendAgent
2026-03-24 17:13:12  INFO      root: Registered agent: MomentumAgent
2026-03-24 17:13:12  INFO      root: Registered agent: MeanReversionAgent
2026-03-24 17:13:12  INFO      root: Registered agent: VolatilityAgent
2026-03-24 17:13:12  INFO      root: Registered agent: BreadthAgent
2026-03-24 17:13:12  INFO      root: Registered agent: PatternAgent
2026-03-24 17:13:12  INFO      TradingRunner: TradingRunner started — symbols: ['EURUSD', 'GBPUSD', 'XAUUSD'], interval: 3600s
2026-03-24 17:13:12  INFO      TradingRunner: Analysing EURUSD …
2026-03-24 17:13:12  INFO      TradingGraph: Running agents for EURUSD
2026-03-24 17:13:12  INFO      TradingGraph: Completed 7 agents
2026-03-24 17:13:12  INFO      TradingGraph: Fusing timeframe signals
2026-03-24 17:13:12  INFO      TradingGraph: Fusion: L=0.063, M=0.497, S=0.054
2026-03-24 17:13:12  INFO      TradingGraph: Timeframes not aligned — stopping
2026-03-24 17:13:12  INFO      TradingRunner: Analysing GBPUSD …
2026-03-24 17:13:12  INFO      TradingGraph: Running agents for GBPUSD
2026-03-24 17:13:12  INFO      TradingGraph: Completed 7 agents
2026-03-24 17:13:12  INFO      TradingGraph: Fusing timeframe signals
2026-03-24 17:13:12  INFO      TradingGraph: Fusion: L=0.063, M=0.497, S=0.132
2026-03-24 17:13:12  INFO      TradingGraph: Timeframes not aligned — stopping
2026-03-24 17:13:12  INFO      TradingRunner: Analysing XAUUSD …
2026-03-24 17:13:12  INFO      TradingGraph: Running agents for XAUUSD
2026-03-24 17:13:12  INFO      TradingGraph: Completed 7 agents
2026-03-24 17:13:12  INFO      TradingGraph: Fusing timeframe signals
2026-03-24 17:13:12  INFO      TradingGraph: Fusion: L=0.063, M=-0.290, S=0.126
2026-03-24 17:13:12  INFO      TradingGraph: Timeframes not aligned — stopping
2026-03-24 17:13:13  INFO      TrailingStopManager: Trail BUY  NASDAQ:NVDA #12345: SL 148.00000 → 150.31155  (price=152.00000, atr=1.12564)
2026-03-24 17:13:13  INFO      MT5Executor: SIMULATION: Modified stop loss for order 12345: 150.3115463058107
2026-03-24 17:13:13  INFO      TradingRunner: PnL — unrealized: +200.00  realized today: +0.00  total: +200.00
2026-03-24 17:13:13  INFO      TradingRunner: Cycle done in 0.5s — sleeping 3599s
2026-03-24 17:15:54  INFO      TradingRunner: Shutdown signal received — stopping after current cycle
2026-03-24 17:15:54  INFO      MT5Executor: MT5Executor simulation mode shutdown
2026-03-24 18:24:49  INFO      MT5Executor: Using mt5linux backend → localhost:18812
2026-03-24 18:24:49  ERROR     MT5Executor: mt5linux connection to localhost:18812 failed: [Errno 111] Connection refused
  Is the Docker container running?  docker compose up -d
  Is MT5 fully started inside it?  http://localhost:6082/vnc.html
  Falling back to SIMULATION mode.
2026-03-24 18:24:49  WARNING   DataLoader: DataLoader: running in simulation mode with synthetic data.
2026-03-24 18:24:49  INFO      root: Registered agent: RegimeAgent
2026-03-24 18:24:49  INFO      root: Registered agent: TrendAgent
2026-03-24 18:24:49  INFO      root: Registered agent: MomentumAgent
2026-03-24 18:24:49  INFO      root: Registered agent: MeanReversionAgent
2026-03-24 18:24:49  INFO      root: Registered agent: VolatilityAgent
2026-03-24 18:24:49  INFO      root: Registered agent: BreadthAgent
2026-03-24 18:24:49  INFO      root: Registered agent: PatternAgent
2026-03-24 18:24:49  INFO      TradingRunner: TradingRunner started — symbols: ['EURUSD', 'GBPUSD', 'XAUUSD'], interval: 3600s
2026-03-24 18:24:49  INFO      TradingRunner: Analysing EURUSD …
2026-03-24 18:24:49  INFO      TradingGraph: Running agents for EURUSD
2026-03-24 18:24:49  INFO      TradingGraph: Completed 7 agents
2026-03-24 18:24:49  INFO      TradingGraph: Fusing timeframe signals
2026-03-24 18:24:49  INFO      TradingGraph: Fusion: L=0.063, M=0.497, S=0.054
2026-03-24 18:24:49  INFO      TradingGraph: Timeframes not aligned — stopping
2026-03-24 18:24:49  INFO      TradingRunner: Analysing GBPUSD …
2026-03-24 18:24:49  INFO      TradingGraph: Running agents for GBPUSD
2026-03-24 18:24:49  INFO      TradingGraph: Completed 7 agents
2026-03-24 18:24:49  INFO      TradingGraph: Fusing timeframe signals
2026-03-24 18:24:49  INFO      TradingGraph: Fusion: L=0.063, M=0.497, S=0.132
2026-03-24 18:24:49  INFO      TradingGraph: Timeframes not aligned — stopping
2026-03-24 18:24:49  INFO      TradingRunner: Analysing XAUUSD …
2026-03-24 18:24:49  INFO      TradingGraph: Running agents for XAUUSD
2026-03-24 18:24:49  INFO      TradingGraph: Completed 7 agents
2026-03-24 18:24:49  INFO      TradingGraph: Fusing timeframe signals
2026-03-24 18:24:49  INFO      TradingGraph: Fusion: L=0.063, M=0.497, S=0.132
2026-03-24 18:24:49  INFO      TradingGraph: Timeframes not aligned — stopping
2026-03-24 18:24:49  INFO      TrailingStopManager: Trail BUY  NASDAQ:NVDA #12345: SL 148.00000 → 150.31155  (price=152.00000, atr=1.12564)
2026-03-24 18:24:49  INFO      MT5Executor: SIMULATION: Modified stop loss for order 12345: 150.3115463058107
2026-03-24 18:24:49  INFO      TradingRunner: PnL — unrealized: +200.00  realized today: +0.00  total: +200.00
2026-03-24 18:24:49  INFO      TradingRunner: Cycle done in 0.5s — sleeping 3600s
2026-03-24 18:24:55  INFO      TradingRunner: Shutdown signal received — stopping after current cycle
2026-03-24 18:24:55  INFO      MT5Executor: MT5Executor simulation mode shutdown
2026-03-24 18:27:12  INFO      MT5Executor: Using mt5linux backend → localhost:18812
2026-03-24 18:27:12  ERROR     MT5Executor: mt5linux connection to localhost:18812 failed: [Errno 104] Connection reset by peer
  Is the Docker container running?  docker compose up -d
  Is MT5 fully started inside it?  http://localhost:6082/vnc.html
  Falling back to SIMULATION mode.
2026-03-24 18:27:12  WARNING   DataLoader: DataLoader: running in simulation mode with synthetic data.
2026-03-24 18:27:12  INFO      root: Registered agent: RegimeAgent
2026-03-24 18:27:12  INFO      root: Registered agent: TrendAgent
2026-03-24 18:27:12  INFO      root: Registered agent: MomentumAgent
2026-03-24 18:27:12  INFO      root: Registered agent: MeanReversionAgent
2026-03-24 18:27:12  INFO      root: Registered agent: VolatilityAgent
2026-03-24 18:27:12  INFO      root: Registered agent: BreadthAgent
2026-03-24 18:27:12  INFO      root: Registered agent: PatternAgent
2026-03-24 18:27:12  INFO      TradingRunner: TradingRunner started — symbols: ['EURUSD', 'GBPUSD', 'XAUUSD'], interval: 3600s
2026-03-24 18:27:12  INFO      TradingRunner: Analysing EURUSD …
2026-03-24 18:27:12  INFO      TradingGraph: Running agents for EURUSD
2026-03-24 18:27:12  INFO      TradingGraph: Completed 7 agents
2026-03-24 18:27:12  INFO      TradingGraph: Fusing timeframe signals
2026-03-24 18:27:12  INFO      TradingGraph: Fusion: L=0.063, M=-0.491, S=0.132
2026-03-24 18:27:12  INFO      TradingGraph: Timeframes not aligned — stopping
2026-03-24 18:27:12  INFO      TradingRunner: Analysing GBPUSD …
2026-03-24 18:27:12  INFO      TradingGraph: Running agents for GBPUSD
2026-03-24 18:27:12  INFO      TradingGraph: Completed 7 agents
2026-03-24 18:27:12  INFO      TradingGraph: Fusing timeframe signals
2026-03-24 18:27:12  INFO      TradingGraph: Fusion: L=0.063, M=0.497, S=0.054
2026-03-24 18:27:12  INFO      TradingGraph: Timeframes not aligned — stopping
2026-03-24 18:27:12  INFO      TradingRunner: Analysing XAUUSD …
2026-03-24 18:27:13  INFO      TradingGraph: Running agents for XAUUSD
2026-03-24 18:27:13  INFO      TradingGraph: Completed 7 agents
2026-03-24 18:27:13  INFO      TradingGraph: Fusing timeframe signals
2026-03-24 18:27:13  INFO      TradingGraph: Fusion: L=0.063, M=-0.290, S=0.132
2026-03-24 18:27:13  INFO      TradingGraph: Timeframes not aligned — stopping
2026-03-24 18:27:13  INFO      TrailingStopManager: Trail BUY  NASDAQ:NVDA #12345: SL 148.00000 → 150.31155  (price=152.00000, atr=1.12564)
2026-03-24 18:27:13  INFO      MT5Executor: SIMULATION: Modified stop loss for order 12345: 150.3115463058107
2026-03-24 18:27:13  INFO      TradingRunner: PnL — unrealized: +200.00  realized today: +0.00  total: +200.00
2026-03-24 18:27:13  INFO      TradingRunner: Cycle done in 0.6s — sleeping 3599s
2026-03-24 19:03:53  INFO      MT5Executor: Using mt5linux backend → localhost:18812
2026-03-24 19:03:53  ERROR     MT5Executor: mt5linux connection to localhost:18812 failed: not enough values to unpack (expected 3, got 0)
  Is the Docker container running?  docker compose up -d
  Is MT5 fully started inside it?  http://localhost:6082/vnc.html
  Falling back to SIMULATION mode.
2026-03-24 19:03:53  WARNING   DataLoader: DataLoader: running in simulation mode with synthetic data.
2026-03-24 19:03:53  INFO      root: Registered agent: RegimeAgent
2026-03-24 19:03:53  INFO      root: Registered agent: TrendAgent
2026-03-24 19:03:53  INFO      root: Registered agent: MomentumAgent
2026-03-24 19:03:53  INFO      root: Registered agent: MeanReversionAgent
2026-03-24 19:03:53  INFO      root: Registered agent: VolatilityAgent
2026-03-24 19:03:53  INFO      root: Registered agent: BreadthAgent
2026-03-24 19:03:53  INFO      root: Registered agent: PatternAgent
2026-03-24 19:03:53  INFO      TradingRunner: TradingRunner started — symbols: ['EURUSD', 'GBPUSD', 'XAUUSD'], interval: 3600s
2026-03-24 19:03:53  INFO      TradingRunner: Analysing EURUSD …
2026-03-24 19:03:53  INFO      TradingGraph: Running agents for EURUSD
2026-03-24 19:03:53  WARNING   agent.PatternAgent: Missing required feature: last_break
2026-03-24 19:03:53  ERROR     agent.PatternAgent: Feature validation failed for PatternAgent
2026-03-24 19:03:53  INFO      TradingGraph: Completed 6 agents
2026-03-24 19:03:53  INFO      TradingGraph: Fusing timeframe signals
2026-03-24 19:03:53  INFO      TradingGraph: Fusion: L=0.063, M=0.521, S=0.065
2026-03-24 19:03:53  INFO      TradingGraph: Timeframes not aligned — stopping
2026-03-24 19:03:53  INFO      TradingRunner: Analysing GBPUSD …
2026-03-24 19:03:54  INFO      TradingGraph: Running agents for GBPUSD
2026-03-24 19:03:54  INFO      TradingGraph: Completed 7 agents
2026-03-24 19:03:54  INFO      TradingGraph: Fusing timeframe signals
2026-03-24 19:03:54  INFO      TradingGraph: Fusion: L=0.063, M=0.497, S=0.054
2026-03-24 19:03:54  INFO      TradingGraph: Timeframes not aligned — stopping
2026-03-24 19:03:54  INFO      TradingRunner: Analysing XAUUSD …
2026-03-24 19:03:54  INFO      TradingGraph: Running agents for XAUUSD
2026-03-24 19:03:54  INFO      TradingGraph: Completed 7 agents
2026-03-24 19:03:54  INFO      TradingGraph: Fusing timeframe signals
2026-03-24 19:03:54  INFO      TradingGraph: Fusion: L=0.063, M=0.497, S=0.132
2026-03-24 19:03:54  INFO      TradingGraph: Timeframes not aligned — stopping
2026-03-24 19:03:54  INFO      TrailingStopManager: Trail BUY  NASDAQ:NVDA #12345: SL 148.00000 → 150.31155  (price=152.00000, atr=1.12564)
2026-03-24 19:03:54  INFO      MT5Executor: SIMULATION: Modified stop loss for order 12345: 150.3115463058107
2026-03-24 19:03:54  INFO      TradingRunner: PnL — unrealized: +200.00  realized today: +0.00  total: +200.00
2026-03-24 19:03:54  INFO      TradingRunner: Cycle done in 0.5s — sleeping 3599s
2026-03-24 19:05:12  INFO      TradingRunner: Shutdown signal received — stopping after current cycle
2026-03-24 19:05:12  INFO      MT5Executor: MT5Executor simulation mode shutdown
2026-03-24 19:05:23  INFO      MT5Executor: Using mt5linux backend → localhost:18812
2026-03-24 19:05:23  ERROR     MT5Executor: mt5linux connection to localhost:18812 failed: not enough values to unpack (expected 3, got 0)
  Is the Docker container running?  docker compose up -d
  Is MT5 fully started inside it?  http://localhost:6082/vnc.html
  Falling back to SIMULATION mode.
2026-03-24 19:05:23  WARNING   DataLoader: DataLoader: running in simulation mode with synthetic data.
2026-03-24 19:05:23  INFO      root: Registered agent: RegimeAgent
2026-03-24 19:05:23  INFO      root: Registered agent: TrendAgent
2026-03-24 19:05:23  INFO      root: Registered agent: MomentumAgent
2026-03-24 19:05:23  INFO      root: Registered agent: MeanReversionAgent
2026-03-24 19:05:23  INFO      root: Registered agent: VolatilityAgent
2026-03-24 19:05:23  INFO      root: Registered agent: BreadthAgent
2026-03-24 19:05:23  INFO      root: Registered agent: PatternAgent
2026-03-24 19:05:23  INFO      TradingRunner: TradingRunner started — symbols: ['EURUSD', 'GBPUSD', 'XAUUSD'], interval: 3600s
2026-03-24 19:05:23  INFO      TradingRunner: Analysing EURUSD …
2026-03-24 19:05:23  INFO      TradingGraph: Running agents for EURUSD
2026-03-24 19:05:23  WARNING   agent.PatternAgent: Missing required feature: last_break
2026-03-24 19:05:23  ERROR     agent.PatternAgent: Feature validation failed for PatternAgent
2026-03-24 19:05:23  INFO      TradingGraph: Completed 6 agents
2026-03-24 19:05:23  INFO      TradingGraph: Fusing timeframe signals
2026-03-24 19:05:23  INFO      TradingGraph: Fusion: L=0.063, M=-0.517, S=0.065
2026-03-24 19:05:23  INFO      TradingGraph: Timeframes not aligned — stopping
2026-03-24 19:05:23  INFO      TradingRunner: Analysing GBPUSD …
2026-03-24 19:05:23  INFO      TradingGraph: Running agents for GBPUSD
2026-03-24 19:05:23  INFO      TradingGraph: Completed 7 agents
2026-03-24 19:05:23  INFO      TradingGraph: Fusing timeframe signals
2026-03-24 19:05:23  INFO      TradingGraph: Fusion: L=0.063, M=0.497, S=0.132
2026-03-24 19:05:23  INFO      TradingGraph: Timeframes not aligned — stopping
2026-03-24 19:05:23  INFO      TradingRunner: Analysing XAUUSD …
2026-03-24 19:05:23  INFO      TradingGraph: Running agents for XAUUSD
2026-03-24 19:05:23  INFO      TradingGraph: Completed 7 agents
2026-03-24 19:05:23  INFO      TradingGraph: Fusing timeframe signals
2026-03-24 19:05:23  INFO      TradingGraph: Fusion: L=0.063, M=0.497, S=0.132
2026-03-24 19:05:23  INFO      TradingGraph: Timeframes not aligned — stopping
2026-03-24 19:05:23  INFO      TrailingStopManager: Trail BUY  NASDAQ:NVDA #12345: SL 148.00000 → 150.31155  (price=152.00000, atr=1.12564)
2026-03-24 19:05:23  INFO      MT5Executor: SIMULATION: Modified stop loss for order 12345: 150.3115463058107
2026-03-24 19:05:23  INFO      TradingRunner: PnL — unrealized: +200.00  realized today: +0.00  total: +200.00
2026-03-24 19:05:23  INFO      TradingRunner: Cycle done in 0.6s — sleeping 3599s
2026-03-24 19:21:30  INFO      MT5Executor: Using mt5linux backend → localhost:18812
2026-03-24 19:21:30  INFO      MT5Executor: Connected to MT5: 5048376965 on MetaQuotes-Demo
2026-03-24 19:21:30  INFO      root: Registered agent: RegimeAgent
2026-03-24 19:21:30  INFO      root: Registered agent: TrendAgent
2026-03-24 19:21:30  INFO      root: Registered agent: MomentumAgent
2026-03-24 19:21:30  INFO      root: Registered agent: MeanReversionAgent
2026-03-24 19:21:30  INFO      root: Registered agent: VolatilityAgent
2026-03-24 19:21:30  INFO      root: Registered agent: BreadthAgent
2026-03-24 19:21:30  INFO      root: Registered agent: PatternAgent
2026-03-24 19:21:30  INFO      TradingRunner: TradingRunner started — symbols: ['EURUSD', 'GBPUSD', 'XAUUSD'], interval: 3600s
2026-03-24 19:21:30  INFO      TradingRunner: Analysing EURUSD …
2026-03-24 19:21:30  INFO      TradingGraph: Running agents for EURUSD
2026-03-24 19:21:30  WARNING   agent.PatternAgent: Missing required feature: last_break
2026-03-24 19:21:30  ERROR     agent.PatternAgent: Feature validation failed for PatternAgent
2026-03-24 19:21:30  INFO      TradingGraph: Completed 6 agents
2026-03-24 19:21:30  INFO      TradingGraph: Fusing timeframe signals
2026-03-24 19:21:30  INFO      TradingGraph: Fusion: L=-0.086, M=0.392, S=0.020
2026-03-24 19:21:30  INFO      TradingGraph: Timeframes not aligned — stopping
2026-03-24 19:21:30  INFO      TradingRunner: Analysing GBPUSD …
2026-03-24 19:21:31  INFO      TradingGraph: Running agents for GBPUSD
2026-03-24 19:21:31  WARNING   agent.PatternAgent: Missing required feature: last_break
2026-03-24 19:21:31  ERROR     agent.PatternAgent: Feature validation failed for PatternAgent
2026-03-24 19:21:31  INFO      TradingGraph: Completed 6 agents
2026-03-24 19:21:31  INFO      TradingGraph: Fusing timeframe signals
2026-03-24 19:21:31  INFO      TradingGraph: Fusion: L=-0.086, M=0.199, S=-0.111
2026-03-24 19:21:31  INFO      TradingGraph: Timeframes not aligned — stopping
2026-03-24 19:21:31  INFO      TradingRunner: Analysing XAUUSD …
2026-03-24 19:21:35  INFO      TradingGraph: Running agents for XAUUSD
2026-03-24 19:21:35  INFO      TradingGraph: Completed 7 agents
2026-03-24 19:21:35  INFO      TradingGraph: Fusing timeframe signals
2026-03-24 19:21:35  INFO      TradingGraph: Fusion: L=-0.086, M=-0.339, S=-0.036
2026-03-24 19:21:35  INFO      TradingGraph: Timeframes not aligned — stopping
2026-03-24 19:21:35  INFO      TradingRunner: PnL — unrealized: +0.00  realized today: +0.00  total: +0.00
2026-03-24 19:21:35  INFO      TradingRunner: Cycle done in 5.0s — sleeping 3595s
2026-03-24 19:25:31  INFO      MT5Executor: Using mt5linux backend → localhost:18812
2026-03-24 19:25:31  INFO      MT5Executor: Connected to MT5: 5048376965 on MetaQuotes-Demo
2026-03-24 19:25:31  INFO      root: Registered agent: RegimeAgent
2026-03-24 19:25:31  INFO      root: Registered agent: TrendAgent
2026-03-24 19:25:31  INFO      root: Registered agent: MomentumAgent
2026-03-24 19:25:31  INFO      root: Registered agent: MeanReversionAgent
2026-03-24 19:25:31  INFO      root: Registered agent: VolatilityAgent
2026-03-24 19:25:31  INFO      root: Registered agent: BreadthAgent
2026-03-24 19:25:31  INFO      root: Registered agent: PatternAgent
2026-03-24 19:25:31  INFO      TradingRunner: TradingRunner started — symbols: ['EURUSD', 'GBPUSD', 'XAUUSD'], interval: 3600s
2026-03-24 19:25:31  INFO      TradingRunner: Analysing EURUSD …
2026-03-24 19:25:32  INFO      TradingGraph: Running agents for EURUSD
2026-03-24 19:25:32  INFO      TradingGraph: Completed 7 agents
2026-03-24 19:25:32  INFO      TradingGraph: Fusing timeframe signals
2026-03-24 19:25:32  INFO      TradingGraph: Fusion: L=-0.086, M=0.392, S=0.049
2026-03-24 19:25:32  INFO      TradingGraph: Timeframes not aligned — stopping
2026-03-24 19:25:32  INFO      TradingRunner: Analysing GBPUSD …
2026-03-24 19:25:32  INFO      TradingGraph: Running agents for GBPUSD
2026-03-24 19:25:32  INFO      TradingGraph: Completed 7 agents
2026-03-24 19:25:32  INFO      TradingGraph: Fusing timeframe signals
2026-03-24 19:25:32  INFO      TradingGraph: Fusion: L=-0.086, M=0.199, S=-0.040
2026-03-24 19:25:32  INFO      TradingGraph: Timeframes not aligned — stopping
2026-03-24 19:25:32  INFO      TradingRunner: Analysing XAUUSD …
2026-03-24 19:25:32  INFO      TradingGraph: Running agents for XAUUSD
2026-03-24 19:25:32  INFO      TradingGraph: Completed 7 agents
2026-03-24 19:25:33  INFO      TradingGraph: Fusing timeframe signals
2026-03-24 19:25:33  INFO      TradingGraph: Fusion: L=-0.086, M=-0.339, S=0.053
2026-03-24 19:25:33  INFO      TradingGraph: Timeframes not aligned — stopping
2026-03-24 19:25:33  INFO      TradingRunner: PnL — unrealized: +0.00  realized today: +0.00  total: +0.00
2026-03-24 19:25:33  INFO      TradingRunner: Cycle done in 1.4s — sleeping 3599s
2026-03-24 19:26:46  INFO      MT5Executor: Using mt5linux backend → localhost:18812
2026-03-24 19:26:46  INFO      MT5Executor: Connected to MT5: 5048376965 on MetaQuotes-Demo
2026-03-24 19:26:46  INFO      root: Registered agent: RegimeAgent
2026-03-24 19:26:46  INFO      root: Registered agent: TrendAgent
2026-03-24 19:26:46  INFO      root: Registered agent: MomentumAgent
2026-03-24 19:26:46  INFO      root: Registered agent: MeanReversionAgent
2026-03-24 19:26:46  INFO      root: Registered agent: VolatilityAgent
2026-03-24 19:26:46  INFO      root: Registered agent: BreadthAgent
2026-03-24 19:26:46  INFO      root: Registered agent: PatternAgent
2026-03-24 19:26:46  INFO      TradingRunner: TradingRunner started — symbols: ['EURUSD', 'GBPUSD', 'XAUUSD'], interval: 3600s
2026-03-24 19:26:46  INFO      TradingRunner: Analysing EURUSD …
2026-03-24 19:26:47  INFO      TradingGraph: Running agents for EURUSD
2026-03-24 19:26:47  INFO      TradingGraph: Completed 7 agents
2026-03-24 19:26:47  INFO      TradingGraph: Fusing timeframe signals
2026-03-24 19:26:47  INFO      TradingGraph: Fusion: L=-0.245, M=0.170, S=0.042
2026-03-24 19:26:47  INFO      TradingGraph: Timeframes not aligned — stopping
2026-03-24 19:26:47  INFO      TradingRunner: Analysing GBPUSD …
2026-03-24 19:26:47  INFO      TradingGraph: Running agents for GBPUSD
2026-03-24 19:26:47  INFO      TradingGraph: Completed 7 agents
2026-03-24 19:26:47  INFO      TradingGraph: Fusing timeframe signals
2026-03-24 19:26:47  INFO      TradingGraph: Fusion: L=-0.228, M=0.109, S=0.003
2026-03-24 19:26:47  INFO      TradingGraph: Timeframes not aligned — stopping
2026-03-24 19:26:47  INFO      TradingRunner: Analysing XAUUSD …
2026-03-24 19:26:47  INFO      TradingGraph: Running agents for XAUUSD
2026-03-24 19:26:48  INFO      TradingGraph: Completed 7 agents
2026-03-24 19:26:48  INFO      TradingGraph: Fusing timeframe signals
2026-03-24 19:26:48  INFO      TradingGraph: Fusion: L=0.179, M=-0.121, S=0.035
2026-03-24 19:26:48  INFO      TradingGraph: Timeframes not aligned — stopping
2026-03-24 19:26:48  INFO      TradingRunner: PnL — unrealized: +0.00  realized today: +0.00  total: +0.00
2026-03-24 19:26:48  INFO      TradingRunner: Cycle done in 1.4s — sleeping 3599s
2026-03-24 19:28:53  INFO      MT5Executor: Using mt5linux backend → localhost:18812
2026-03-24 19:28:53  INFO      MT5Executor: Connected to MT5: 5048376965 on MetaQuotes-Demo
2026-03-24 19:28:53  INFO      root: Registered agent: RegimeAgent
2026-03-24 19:28:53  INFO      root: Registered agent: TrendAgent
2026-03-24 19:28:53  INFO      root: Registered agent: MomentumAgent
2026-03-24 19:28:53  INFO      root: Registered agent: MeanReversionAgent
2026-03-24 19:28:53  INFO      root: Registered agent: VolatilityAgent
2026-03-24 19:28:53  INFO      root: Registered agent: BreadthAgent
2026-03-24 19:28:53  INFO      root: Registered agent: PatternAgent
2026-03-24 19:28:53  INFO      TradingRunner: TradingRunner started — symbols: ['EURUSD', 'GBPUSD', 'XAUUSD'], interval: 3600s
2026-03-24 19:28:53  INFO      TradingRunner: Analysing EURUSD …
2026-03-24 19:28:53  INFO      TradingGraph: Running agents for EURUSD
2026-03-24 19:28:53  INFO      TradingGraph: Completed 7 agents
2026-03-24 19:28:53  INFO      TradingGraph: Fusing timeframe signals
2026-03-24 19:28:53  INFO      TradingGraph: Fusion: L=-0.422, M=0.171, S=0.043
2026-03-24 19:28:53  INFO      TradingGraph: Timeframes not aligned — stopping (L=-0.422 M=0.171 S=0.043)
2026-03-24 19:28:53  INFO      TradingRunner: Analysing GBPUSD …
2026-03-24 19:28:54  INFO      TradingGraph: Running agents for GBPUSD
2026-03-24 19:28:54  INFO      TradingGraph: Completed 7 agents
2026-03-24 19:28:54  INFO      TradingGraph: Fusing timeframe signals
2026-03-24 19:28:54  INFO      TradingGraph: Fusion: L=-0.409, M=0.109, S=0.003
2026-03-24 19:28:54  INFO      TradingGraph: Timeframes not aligned — stopping (L=-0.409 M=0.109 S=0.003)
2026-03-24 19:28:54  INFO      TradingRunner: Analysing XAUUSD …
2026-03-24 19:28:54  INFO      TradingGraph: Running agents for XAUUSD
2026-03-24 19:28:54  INFO      TradingGraph: Completed 7 agents
2026-03-24 19:28:54  INFO      TradingGraph: Fusing timeframe signals
2026-03-24 19:28:54  INFO      TradingGraph: Fusion: L=0.445, M=-0.121, S=0.019
2026-03-24 19:28:54  INFO      TradingGraph: Timeframes not aligned — stopping (L=0.445 M=-0.121 S=0.019)
2026-03-24 19:28:54  INFO      TradingRunner: PnL — unrealized: +0.00  realized today: +0.00  total: +0.00
2026-03-24 19:28:54  INFO      TradingRunner: Cycle done in 0.9s — sleeping 3599s
2026-03-24 19:32:16  INFO      MT5Executor: Using mt5linux backend → localhost:18812
2026-03-24 19:32:16  INFO      MT5Executor: Connected to MT5: 5048376965 on MetaQuotes-Demo
2026-03-24 19:32:16  INFO      root: Registered agent: RegimeAgent
2026-03-24 19:32:16  INFO      root: Registered agent: TrendAgent
2026-03-24 19:32:16  INFO      root: Registered agent: MomentumAgent
2026-03-24 19:32:16  INFO      root: Registered agent: MeanReversionAgent
2026-03-24 19:32:16  INFO      root: Registered agent: VolatilityAgent
2026-03-24 19:32:16  INFO      root: Registered agent: BreadthAgent
2026-03-24 19:32:16  INFO      root: Registered agent: PatternAgent
2026-03-24 19:32:16  INFO      TradingRunner: TradingRunner started — symbols: ['EURUSD', 'GBPUSD', 'XAUUSD'], interval: 3600s
2026-03-24 19:32:16  INFO      TradingRunner: Analysing EURUSD …
2026-03-24 19:32:16  INFO      TradingGraph: Running agents for EURUSD
2026-03-24 19:32:16  INFO      TradingGraph: Completed 7 agents
2026-03-24 19:32:16  INFO      TradingGraph: Fusing timeframe signals
2026-03-24 19:32:16  INFO      TradingGraph: Fusion: L=-0.422, M=0.195, S=0.114
2026-03-24 19:32:16  INFO      TradingGraph: Aligned [pullback-entry] (bearish) — proceeding [L=-0.422 M=0.195 S=0.114 breadth=-0.086]
2026-03-24 19:32:16  INFO      TradingGraph: Generating trading recipe
2026-03-24 19:32:16  INFO      TradingGraph: Generated recipe: SHORT_PULLBACK_ENTRY_EURUSD
2026-03-24 19:32:16  INFO      TradingGraph: Win probability too low
2026-03-24 19:32:16  INFO      TradingRunner: Analysing GBPUSD …
2026-03-24 19:32:17  INFO      TradingGraph: Running agents for GBPUSD
2026-03-24 19:32:17  INFO      TradingGraph: Completed 7 agents
2026-03-24 19:32:17  INFO      TradingGraph: Fusing timeframe signals
2026-03-24 19:32:17  INFO      TradingGraph: Fusion: L=-0.409, M=0.195, S=-0.015
2026-03-24 19:32:17  INFO      TradingGraph: Aligned [pullback-entry] (bearish) — proceeding [L=-0.409 M=0.195 S=-0.015 breadth=-0.086]
2026-03-24 19:32:17  INFO      TradingGraph: Generating trading recipe
2026-03-24 19:32:17  INFO      TradingGraph: Generated recipe: SHORT_PULLBACK_ENTRY_GBPUSD
2026-03-24 19:32:17  INFO      TradingGraph: Win probability too low
2026-03-24 19:32:17  INFO      TradingRunner: Analysing XAUUSD …
2026-03-24 19:32:17  INFO      TradingGraph: Running agents for XAUUSD
2026-03-24 19:32:17  INFO      TradingGraph: Completed 7 agents
2026-03-24 19:32:17  INFO      TradingGraph: Fusing timeframe signals
2026-03-24 19:32:17  INFO      TradingGraph: Fusion: L=0.445, M=0.023, S=0.003
2026-03-24 19:32:17  INFO      TradingGraph: Aligned [pullback-entry] (bullish) — proceeding [L=0.445 M=0.023 S=0.003 breadth=-0.086]
2026-03-24 19:32:17  INFO      TradingGraph: Generating trading recipe
2026-03-24 19:32:17  INFO      TradingGraph: Generated recipe: LONG_PULLBACK_ENTRY_XAUUSD
2026-03-24 19:32:17  INFO      TradingGraph: Win probability too low
2026-03-24 19:32:17  INFO      TradingRunner: PnL — unrealized: +0.00  realized today: +0.00  total: +0.00
2026-03-24 19:32:17  INFO      TradingRunner: Cycle done in 0.9s — sleeping 3599s
2026-03-24 19:33:08  INFO      MT5Executor: Using mt5linux backend → localhost:18812
2026-03-24 19:33:08  INFO      MT5Executor: Connected to MT5: 5048376965 on MetaQuotes-Demo
2026-03-24 19:33:08  INFO      root: Registered agent: RegimeAgent
2026-03-24 19:33:08  INFO      root: Registered agent: TrendAgent
2026-03-24 19:33:08  INFO      root: Registered agent: MomentumAgent
2026-03-24 19:33:08  INFO      root: Registered agent: MeanReversionAgent
2026-03-24 19:33:08  INFO      root: Registered agent: VolatilityAgent
2026-03-24 19:33:08  INFO      root: Registered agent: BreadthAgent
2026-03-24 19:33:08  INFO      root: Registered agent: PatternAgent
2026-03-24 19:33:08  INFO      TradingRunner: TradingRunner started — symbols: ['EURUSD', 'GBPUSD', 'XAUUSD'], interval: 60s
2026-03-24 19:33:08  INFO      TradingRunner: Analysing EURUSD …
2026-03-24 19:33:08  INFO      TradingGraph: Running agents for EURUSD
2026-03-24 19:33:08  INFO      TradingGraph: Completed 7 agents
2026-03-24 19:33:08  INFO      TradingGraph: Fusing timeframe signals
2026-03-24 19:33:08  INFO      TradingGraph: Fusion: L=-0.422, M=0.195, S=0.114
2026-03-24 19:33:08  INFO      TradingGraph: Aligned [pullback-entry] (bearish) — proceeding [L=-0.422 M=0.195 S=0.114 breadth=-0.086]
2026-03-24 19:33:08  INFO      TradingGraph: Generating trading recipe
2026-03-24 19:33:08  INFO      TradingGraph: Generated recipe: SHORT_PULLBACK_ENTRY_EURUSD
2026-03-24 19:33:08  INFO      TradingGraph: Win probability too low
2026-03-24 19:33:08  INFO      TradingRunner: Analysing GBPUSD …
2026-03-24 19:33:09  INFO      TradingGraph: Running agents for GBPUSD
2026-03-24 19:33:09  INFO      TradingGraph: Completed 7 agents
2026-03-24 19:33:09  INFO      TradingGraph: Fusing timeframe signals
2026-03-24 19:33:09  INFO      TradingGraph: Fusion: L=-0.409, M=0.195, S=-0.009
2026-03-24 19:33:09  INFO      TradingGraph: Aligned [pullback-entry] (bearish) — proceeding [L=-0.409 M=0.195 S=-0.009 breadth=-0.086]
2026-03-24 19:33:09  INFO      TradingGraph: Generating trading recipe
2026-03-24 19:33:09  INFO      TradingGraph: Generated recipe: SHORT_PULLBACK_ENTRY_GBPUSD
2026-03-24 19:33:09  INFO      TradingGraph: Win probability too low
2026-03-24 19:33:09  INFO      TradingRunner: Analysing XAUUSD …
2026-03-24 19:33:09  INFO      TradingGraph: Running agents for XAUUSD
2026-03-24 19:33:09  INFO      TradingGraph: Completed 7 agents
2026-03-24 19:33:09  INFO      TradingGraph: Fusing timeframe signals
2026-03-24 19:33:09  INFO      TradingGraph: Fusion: L=0.445, M=0.001, S=0.002
2026-03-24 19:33:09  INFO      TradingGraph: Aligned [pullback-entry] (bullish) — proceeding [L=0.445 M=0.001 S=0.002 breadth=-0.086]
2026-03-24 19:33:09  INFO      TradingGraph: Generating trading recipe
2026-03-24 19:33:10  INFO      TradingGraph: Generated recipe: LONG_PULLBACK_ENTRY_XAUUSD
2026-03-24 19:33:10  INFO      TradingGraph: Win probability too low
2026-03-24 19:33:10  INFO      TradingRunner: PnL — unrealized: +0.00  realized today: +0.00  total: +0.00
2026-03-24 19:33:10  INFO      TradingRunner: Cycle done in 1.8s — sleeping 58s
2026-03-24 19:34:08  INFO      TradingRunner: Analysing EURUSD …
2026-03-24 19:34:08  INFO      TradingGraph: Running agents for EURUSD
2026-03-24 19:34:08  INFO      TradingGraph: Completed 7 agents
2026-03-24 19:34:08  INFO      TradingGraph: Fusing timeframe signals
2026-03-24 19:34:08  INFO      TradingGraph: Fusion: L=-0.422, M=0.210, S=0.131
2026-03-24 19:34:08  INFO      TradingGraph: Aligned [pullback-entry] (bearish) — proceeding [L=-0.422 M=0.210 S=0.131 breadth=-0.086]
2026-03-24 19:34:08  INFO      TradingGraph: Generating trading recipe
2026-03-24 19:34:08  INFO      TradingGraph: Generated recipe: SHORT_PULLBACK_ENTRY_EURUSD
2026-03-24 19:34:08  INFO      TradingGraph: Win probability too low
2026-03-24 19:34:08  INFO      TradingRunner: Analysing GBPUSD …
2026-03-24 19:34:08  INFO      TradingGraph: Running agents for GBPUSD
2026-03-24 19:34:08  INFO      TradingGraph: Completed 7 agents
2026-03-24 19:34:08  INFO      TradingGraph: Fusing timeframe signals
2026-03-24 19:34:08  INFO      TradingGraph: Fusion: L=-0.409, M=0.195, S=0.113
2026-03-24 19:34:08  INFO      TradingGraph: Aligned [pullback-entry] (bearish) — proceeding [L=-0.409 M=0.195 S=0.113 breadth=-0.086]
2026-03-24 19:34:08  INFO      TradingGraph: Generating trading recipe
2026-03-24 19:34:08  INFO      TradingGraph: Generated recipe: SHORT_PULLBACK_ENTRY_GBPUSD
2026-03-24 19:34:08  INFO      TradingGraph: Win probability too low
2026-03-24 19:34:08  INFO      TradingRunner: Analysing XAUUSD …
2026-03-24 19:34:09  INFO      TradingGraph: Running agents for XAUUSD
2026-03-24 19:34:09  INFO      TradingGraph: Completed 7 agents
2026-03-24 19:34:09  INFO      TradingGraph: Fusing timeframe signals
2026-03-24 19:34:09  INFO      TradingGraph: Fusion: L=0.445, M=0.001, S=0.002
2026-03-24 19:34:09  INFO      TradingGraph: Aligned [pullback-entry] (bullish) — proceeding [L=0.445 M=0.001 S=0.002 breadth=-0.086]
2026-03-24 19:34:09  INFO      TradingGraph: Generating trading recipe
2026-03-24 19:34:09  INFO      TradingGraph: Generated recipe: LONG_PULLBACK_ENTRY_XAUUSD
2026-03-24 19:34:09  INFO      TradingGraph: Win probability too low
2026-03-24 19:34:09  INFO      TradingRunner: PnL — unrealized: +0.00  realized today: +0.00  total: +0.00
2026-03-24 19:34:09  INFO      TradingRunner: Cycle done in 0.8s — sleeping 59s
2026-03-24 19:34:22  INFO      MT5Executor: Using mt5linux backend → localhost:18812
2026-03-24 19:34:22  INFO      MT5Executor: Connected to MT5: 5048376965 on MetaQuotes-Demo
2026-03-24 19:34:22  INFO      root: Registered agent: RegimeAgent
2026-03-24 19:34:22  INFO      root: Registered agent: TrendAgent
2026-03-24 19:34:22  INFO      root: Registered agent: MomentumAgent
2026-03-24 19:34:22  INFO      root: Registered agent: MeanReversionAgent
2026-03-24 19:34:22  INFO      root: Registered agent: VolatilityAgent
2026-03-24 19:34:22  INFO      root: Registered agent: BreadthAgent
2026-03-24 19:34:22  INFO      root: Registered agent: PatternAgent
2026-03-24 19:34:22  INFO      TradingRunner: TradingRunner started — symbols: ['EURUSD', 'GBPUSD', 'USDJPY', 'USDCHF', 'AUDUSD', 'USDCAD', 'NZDUSD', 'XAUUSD', 'XAGUSD'], interval: 60s
2026-03-24 19:34:22  INFO      TradingRunner: Analysing EURUSD …
2026-03-24 19:34:22  INFO      TradingGraph: Running agents for EURUSD
2026-03-24 19:34:22  INFO      TradingGraph: Completed 7 agents
2026-03-24 19:34:22  INFO      TradingGraph: Fusing timeframe signals
2026-03-24 19:34:22  INFO      TradingGraph: Fusion: L=-0.422, M=0.195, S=0.114
2026-03-24 19:34:22  INFO      TradingGraph: Aligned [pullback-entry] (bearish) — proceeding [L=-0.422 M=0.195 S=0.114 breadth=-0.086]
2026-03-24 19:34:22  INFO      TradingGraph: Generating trading recipe
2026-03-24 19:34:22  INFO      TradingGraph: Generated recipe: SHORT_PULLBACK_ENTRY_EURUSD
2026-03-24 19:34:22  INFO      TradingGraph: Risk check passed
2026-03-24 19:34:22  INFO      TradingGraph: Creating trade plan
2026-03-24 19:34:22  INFO      TradingGraph: Created trade plan: entry=1.1585, sl=1.1629, tp=1.1498
2026-03-24 19:34:22  INFO      TradingGraph: Executing trade for EURUSD
2026-03-24 19:34:22  ERROR     MT5Executor: Error placing bracket order: 'NoneType' object has no attribute 'retcode'
2026-03-24 19:34:22  ERROR     TradingGraph: MT5Executor returned None — order was not placed
2026-03-24 19:34:22  INFO      TradingRunner: Analysing GBPUSD …
2026-03-24 19:34:23  INFO      TradingGraph: Running agents for GBPUSD
2026-03-24 19:34:23  INFO      TradingGraph: Completed 7 agents
2026-03-24 19:34:23  INFO      TradingGraph: Fusing timeframe signals
2026-03-24 19:34:23  INFO      TradingGraph: Fusion: L=-0.409, M=0.195, S=-0.014
2026-03-24 19:34:23  INFO      TradingGraph: Aligned [pullback-entry] (bearish) — proceeding [L=-0.409 M=0.195 S=-0.014 breadth=-0.086]
2026-03-24 19:34:23  INFO      TradingGraph: Generating trading recipe
2026-03-24 19:34:23  INFO      TradingGraph: Generated recipe: SHORT_PULLBACK_ENTRY_GBPUSD
2026-03-24 19:34:23  INFO      TradingGraph: Risk check passed
2026-03-24 19:34:23  INFO      TradingGraph: Creating trade plan
2026-03-24 19:34:23  INFO      TradingGraph: Created trade plan: entry=1.3392, sl=1.3449, tp=1.3278
2026-03-24 19:34:23  INFO      TradingGraph: Executing trade for GBPUSD
2026-03-24 19:34:23  ERROR     MT5Executor: Error placing bracket order: 'NoneType' object has no attribute 'retcode'
2026-03-24 19:34:23  ERROR     TradingGraph: MT5Executor returned None — order was not placed
2026-03-24 19:34:23  INFO      TradingRunner: Analysing USDJPY …
2026-03-24 19:34:23  INFO      TradingGraph: Running agents for USDJPY
2026-03-24 19:34:23  INFO      TradingGraph: Completed 7 agents
2026-03-24 19:34:23  INFO      TradingGraph: Fusing timeframe signals
2026-03-24 19:34:23  INFO      TradingGraph: Fusion: L=0.349, M=-0.156, S=0.233
2026-03-24 19:34:23  INFO      TradingGraph: Timeframes not aligned — stopping (L=0.349 M=-0.156 S=0.233)
2026-03-24 19:34:23  INFO      TradingRunner: Analysing USDCHF …
2026-03-24 19:34:24  INFO      TradingGraph: Running agents for USDCHF
2026-03-24 19:34:24  INFO      TradingGraph: Completed 7 agents
2026-03-24 19:34:24  INFO      TradingGraph: Fusing timeframe signals
2026-03-24 19:34:24  INFO      TradingGraph: Fusion: L=0.430, M=0.641, S=0.254
2026-03-24 19:34:24  INFO      TradingGraph: Aligned [full-alignment] (bullish) — proceeding [L=0.430 M=0.641 S=0.254 breadth=-0.086]
2026-03-24 19:34:24  INFO      TradingGraph: Generating trading recipe
2026-03-24 19:34:24  INFO      TradingGraph: Generated recipe: LONG_FULL_ALIGNMENT_USDCHF
2026-03-24 19:34:24  INFO      TradingGraph: Risk check passed
2026-03-24 19:34:24  INFO      TradingGraph: Creating trade plan
2026-03-24 19:34:24  INFO      TradingGraph: Created trade plan: entry=0.7892, sl=0.7860, tp=0.7956
2026-03-24 19:34:24  INFO      TradingGraph: Executing trade for USDCHF
2026-03-24 19:34:24  ERROR     MT5Executor: Error placing bracket order: 'NoneType' object has no attribute 'retcode'
2026-03-24 19:34:24  ERROR     TradingGraph: MT5Executor returned None — order was not placed
2026-03-24 19:34:24  INFO      TradingRunner: Analysing AUDUSD …
2026-03-24 19:34:29  INFO      TradingGraph: Running agents for AUDUSD
2026-03-24 19:34:29  INFO      TradingGraph: Completed 7 agents
2026-03-24 19:34:29  INFO      TradingGraph: Fusing timeframe signals
2026-03-24 19:34:29  INFO      TradingGraph: Fusion: L=0.308, M=0.500, S=0.163
2026-03-24 19:34:29  INFO      TradingGraph: Timeframes not aligned — stopping (L=0.308 M=0.500 S=0.163)
2026-03-24 19:34:29  INFO      TradingRunner: Analysing USDCAD …
2026-03-24 19:34:33  INFO      TradingGraph: Running agents for USDCAD
2026-03-24 19:34:33  INFO      TradingGraph: Completed 7 agents
2026-03-24 19:34:33  INFO      TradingGraph: Fusing timeframe signals
2026-03-24 19:34:33  INFO      TradingGraph: Fusion: L=0.050, M=-0.157, S=0.228
2026-03-24 19:34:33  INFO      TradingGraph: Timeframes not aligned — stopping (L=0.050 M=-0.157 S=0.228)
2026-03-24 19:34:33  INFO      TradingRunner: Analysing NZDUSD …
2026-03-24 19:34:36  INFO      TradingGraph: Running agents for NZDUSD
2026-03-24 19:34:36  INFO      TradingGraph: Completed 7 agents
2026-03-24 19:34:36  INFO      TradingGraph: Fusing timeframe signals
2026-03-24 19:34:36  INFO      TradingGraph: Fusion: L=-0.443, M=0.194, S=0.023
2026-03-24 19:34:36  INFO      TradingGraph: Aligned [pullback-entry] (bearish) — proceeding [L=-0.443 M=0.194 S=0.023 breadth=-0.086]
2026-03-24 19:34:36  INFO      TradingGraph: Generating trading recipe
2026-03-24 19:34:36  INFO      TradingGraph: Generated recipe: SHORT_PULLBACK_ENTRY_NZDUSD
2026-03-24 19:34:36  INFO      TradingGraph: Risk check passed
2026-03-24 19:34:36  INFO      TradingGraph: Creating trade plan
2026-03-24 19:34:36  INFO      TradingGraph: Created trade plan: entry=0.5826, sl=0.5861, tp=0.5756
2026-03-24 19:34:36  INFO      TradingGraph: Executing trade for NZDUSD
2026-03-24 19:34:36  ERROR     MT5Executor: Error placing bracket order: 'NoneType' object has no attribute 'retcode'
2026-03-24 19:34:36  ERROR     TradingGraph: MT5Executor returned None — order was not placed
2026-03-24 19:34:36  INFO      TradingRunner: Analysing XAUUSD …
2026-03-24 19:34:36  INFO      TradingGraph: Running agents for XAUUSD
2026-03-24 19:34:36  INFO      TradingGraph: Completed 7 agents
2026-03-24 19:34:36  INFO      TradingGraph: Fusing timeframe signals
2026-03-24 19:34:36  INFO      TradingGraph: Fusion: L=0.445, M=0.001, S=0.017
2026-03-24 19:34:36  INFO      TradingGraph: Aligned [pullback-entry] (bullish) — proceeding [L=0.445 M=0.001 S=0.017 breadth=-0.086]
2026-03-24 19:34:36  INFO      TradingGraph: Generating trading recipe
2026-03-24 19:34:36  INFO      TradingGraph: Generated recipe: LONG_PULLBACK_ENTRY_XAUUSD
2026-03-24 19:34:36  INFO      TradingGraph: Risk check passed
2026-03-24 19:34:36  INFO      TradingGraph: Creating trade plan
2026-03-24 19:34:36  INFO      TradingGraph: Created trade plan: entry=4400.8026, sl=4296.1295, tp=4610.1490
2026-03-24 19:34:36  INFO      TradingGraph: Executing trade for XAUUSD
2026-03-24 19:34:36  ERROR     MT5Executor: Error placing bracket order: 'NoneType' object has no attribute 'retcode'
2026-03-24 19:34:36  ERROR     TradingGraph: MT5Executor returned None — order was not placed
2026-03-24 19:34:36  INFO      TradingRunner: Analysing XAGUSD …
2026-03-24 19:34:39  INFO      TradingGraph: Running agents for XAGUSD
2026-03-24 19:34:39  INFO      TradingGraph: Completed 7 agents
2026-03-24 19:34:39  INFO      TradingGraph: Fusing timeframe signals
2026-03-24 19:34:39  INFO      TradingGraph: Fusion: L=-0.258, M=0.551, S=0.077
2026-03-24 19:34:39  INFO      TradingGraph: Timeframes not aligned — stopping (L=-0.258 M=0.551 S=0.077)
2026-03-24 19:34:39  INFO      TradingRunner: PnL — unrealized: +0.00  realized today: +0.00  total: +0.00
2026-03-24 19:34:39  INFO      TradingRunner: Cycle done in 16.9s — sleeping 43s
2026-03-24 19:35:22  INFO      TradingRunner: Analysing EURUSD …
2026-03-24 19:35:22  INFO      TradingGraph: Running agents for EURUSD
2026-03-24 19:35:22  INFO      TradingGraph: Completed 7 agents
2026-03-24 19:35:22  INFO      TradingGraph: Fusing timeframe signals
2026-03-24 19:35:22  INFO      TradingGraph: Fusion: L=-0.422, M=0.210, S=0.131
2026-03-24 19:35:22  INFO      TradingGraph: Aligned [pullback-entry] (bearish) — proceeding [L=-0.422 M=0.210 S=0.131 breadth=-0.086]
2026-03-24 19:35:22  INFO      TradingGraph: Generating trading recipe
2026-03-24 19:35:22  INFO      TradingGraph: Generated recipe: SHORT_PULLBACK_ENTRY_EURUSD
2026-03-24 19:35:22  INFO      TradingGraph: Risk check passed
2026-03-24 19:35:22  INFO      TradingGraph: Creating trade plan
2026-03-24 19:35:22  INFO      TradingGraph: Created trade plan: entry=1.1585, sl=1.1629, tp=1.1498
2026-03-24 19:35:22  INFO      TradingGraph: Executing trade for EURUSD
2026-03-24 19:35:22  ERROR     MT5Executor: Error placing bracket order: 'NoneType' object has no attribute 'retcode'
2026-03-24 19:35:22  ERROR     TradingGraph: MT5Executor returned None — order was not placed
2026-03-24 19:35:22  INFO      TradingRunner: Analysing GBPUSD …
2026-03-24 19:35:23  INFO      TradingGraph: Running agents for GBPUSD
2026-03-24 19:35:23  INFO      TradingGraph: Completed 7 agents
2026-03-24 19:35:23  INFO      TradingGraph: Fusing timeframe signals
2026-03-24 19:35:23  INFO      TradingGraph: Fusion: L=-0.409, M=0.218, S=0.119
2026-03-24 19:35:23  INFO      TradingGraph: Aligned [pullback-entry] (bearish) — proceeding [L=-0.409 M=0.218 S=0.119 breadth=-0.086]
2026-03-24 19:35:23  INFO      TradingGraph: Generating trading recipe
2026-03-24 19:35:23  INFO      TradingGraph: Generated recipe: SHORT_PULLBACK_ENTRY_GBPUSD
2026-03-24 19:35:23  INFO      TradingGraph: Risk check passed
2026-03-24 19:35:23  INFO      TradingGraph: Creating trade plan
2026-03-24 19:35:23  INFO      TradingGraph: Created trade plan: entry=1.3392, sl=1.3449, tp=1.3278
2026-03-24 19:35:23  INFO      TradingGraph: Executing trade for GBPUSD
2026-03-24 19:35:23  ERROR     MT5Executor: Error placing bracket order: 'NoneType' object has no attribute 'retcode'
2026-03-24 19:35:23  ERROR     TradingGraph: MT5Executor returned None — order was not placed
2026-03-24 19:35:23  INFO      TradingRunner: Analysing USDJPY …
2026-03-24 19:35:23  INFO      TradingGraph: Running agents for USDJPY
2026-03-24 19:35:23  INFO      TradingGraph: Completed 7 agents
2026-03-24 19:35:23  INFO      TradingGraph: Fusing timeframe signals
2026-03-24 19:35:23  INFO      TradingGraph: Fusion: L=0.349, M=-0.156, S=0.233
2026-03-24 19:35:23  INFO      TradingGraph: Timeframes not aligned — stopping (L=0.349 M=-0.156 S=0.233)
2026-03-24 19:35:23  INFO      TradingRunner: Analysing USDCHF …
2026-03-24 19:35:23  INFO      TradingGraph: Running agents for USDCHF
2026-03-24 19:35:23  INFO      TradingGraph: Completed 7 agents
2026-03-24 19:35:23  INFO      TradingGraph: Fusing timeframe signals
2026-03-24 19:35:23  INFO      TradingGraph: Fusion: L=0.430, M=0.557, S=0.153
2026-03-24 19:35:23  INFO      TradingGraph: Aligned [pullback-entry] (bullish) — proceeding [L=0.430 M=0.557 S=0.153 breadth=-0.086]
2026-03-24 19:35:23  INFO      TradingGraph: Generating trading recipe
2026-03-24 19:35:23  INFO      TradingGraph: Generated recipe: LONG_PULLBACK_ENTRY_USDCHF
2026-03-24 19:35:23  INFO      TradingGraph: Risk check passed
2026-03-24 19:35:23  INFO      TradingGraph: Creating trade plan
2026-03-24 19:35:23  INFO      TradingGraph: Created trade plan: entry=0.7892, sl=0.7860, tp=0.7956
2026-03-24 19:35:23  INFO      TradingGraph: Executing trade for USDCHF
2026-03-24 19:35:23  ERROR     MT5Executor: Error placing bracket order: 'NoneType' object has no attribute 'retcode'
2026-03-24 19:35:23  ERROR     TradingGraph: MT5Executor returned None — order was not placed
2026-03-24 19:35:23  INFO      TradingRunner: Analysing AUDUSD …
2026-03-24 19:35:24  INFO      TradingGraph: Running agents for AUDUSD
2026-03-24 19:35:24  INFO      TradingGraph: Completed 7 agents
2026-03-24 19:35:24  INFO      TradingGraph: Fusing timeframe signals
2026-03-24 19:35:24  INFO      TradingGraph: Fusion: L=0.308, M=0.403, S=0.163
2026-03-24 19:35:24  INFO      TradingGraph: Timeframes not aligned — stopping (L=0.308 M=0.403 S=0.163)
2026-03-24 19:35:24  INFO      TradingRunner: Analysing USDCAD …
2026-03-24 19:35:24  INFO      TradingGraph: Running agents for USDCAD
2026-03-24 19:35:24  INFO      TradingGraph: Completed 7 agents
2026-03-24 19:35:24  INFO      TradingGraph: Fusing timeframe signals
2026-03-24 19:35:24  INFO      TradingGraph: Fusion: L=0.050, M=-0.157, S=0.228
2026-03-24 19:35:24  INFO      TradingGraph: Timeframes not aligned — stopping (L=0.050 M=-0.157 S=0.228)
2026-03-24 19:35:24  INFO      TradingRunner: Analysing NZDUSD …
2026-03-24 19:35:24  INFO      TradingGraph: Running agents for NZDUSD
2026-03-24 19:35:24  INFO      TradingGraph: Completed 7 agents
2026-03-24 19:35:24  INFO      TradingGraph: Fusing timeframe signals
2026-03-24 19:35:24  INFO      TradingGraph: Fusion: L=-0.443, M=0.194, S=0.023
2026-03-24 19:35:24  INFO      TradingGraph: Aligned [pullback-entry] (bearish) — proceeding [L=-0.443 M=0.194 S=0.023 breadth=-0.086]
2026-03-24 19:35:24  INFO      TradingGraph: Generating trading recipe
2026-03-24 19:35:24  INFO      TradingGraph: Generated recipe: SHORT_PULLBACK_ENTRY_NZDUSD
2026-03-24 19:35:24  INFO      TradingGraph: Risk check passed
2026-03-24 19:35:24  INFO      TradingGraph: Creating trade plan
2026-03-24 19:35:24  INFO      TradingGraph: Created trade plan: entry=0.5826, sl=0.5861, tp=0.5756
2026-03-24 19:35:24  INFO      TradingGraph: Executing trade for NZDUSD
2026-03-24 19:35:24  ERROR     MT5Executor: Error placing bracket order: 'NoneType' object has no attribute 'retcode'
2026-03-24 19:35:24  ERROR     TradingGraph: MT5Executor returned None — order was not placed
2026-03-24 19:35:24  INFO      TradingRunner: Analysing XAUUSD …
2026-03-24 19:35:25  INFO      TradingGraph: Running agents for XAUUSD
2026-03-24 19:35:25  INFO      TradingGraph: Completed 7 agents
2026-03-24 19:35:25  INFO      TradingGraph: Fusing timeframe signals
2026-03-24 19:35:25  INFO      TradingGraph: Fusion: L=0.445, M=0.001, S=0.017
2026-03-24 19:35:25  INFO      TradingGraph: Aligned [pullback-entry] (bullish) — proceeding [L=0.445 M=0.001 S=0.017 breadth=-0.086]
2026-03-24 19:35:25  INFO      TradingGraph: Generating trading recipe
2026-03-24 19:35:25  INFO      TradingGraph: Generated recipe: LONG_PULLBACK_ENTRY_XAUUSD
2026-03-24 19:35:25  INFO      TradingGraph: Risk check passed
2026-03-24 19:35:25  INFO      TradingGraph: Creating trade plan
2026-03-24 19:35:25  INFO      TradingGraph: Created trade plan: entry=4400.7779, sl=4296.1047, tp=4610.1243
2026-03-24 19:35:25  INFO      TradingGraph: Executing trade for XAUUSD
2026-03-24 19:35:25  ERROR     MT5Executor: Error placing bracket order: 'NoneType' object has no attribute 'retcode'
2026-03-24 19:35:25  ERROR     TradingGraph: MT5Executor returned None — order was not placed
2026-03-24 19:35:25  INFO      TradingRunner: Analysing XAGUSD …
2026-03-24 19:35:25  INFO      TradingGraph: Running agents for XAGUSD
2026-03-24 19:35:25  INFO      TradingGraph: Completed 7 agents
2026-03-24 19:35:25  INFO      TradingGraph: Fusing timeframe signals
2026-03-24 19:35:25  INFO      TradingGraph: Fusion: L=-0.258, M=0.551, S=0.077
2026-03-24 19:35:25  INFO      TradingGraph: Timeframes not aligned — stopping (L=-0.258 M=0.551 S=0.077)
2026-03-24 19:35:25  INFO      TradingRunner: PnL — unrealized: +0.00  realized today: +0.00  total: +0.00
2026-03-24 19:35:25  INFO      TradingRunner: Cycle done in 3.1s — sleeping 57s
2026-03-24 19:36:22  INFO      TradingRunner: Analysing EURUSD …
2026-03-24 19:36:22  INFO      TradingGraph: Running agents for EURUSD
2026-03-24 19:36:22  INFO      TradingGraph: Completed 7 agents
2026-03-24 19:36:22  INFO      TradingGraph: Fusing timeframe signals
2026-03-24 19:36:22  INFO      TradingGraph: Fusion: L=-0.422, M=0.195, S=0.114
2026-03-24 19:36:22  INFO      TradingGraph: Aligned [pullback-entry] (bearish) — proceeding [L=-0.422 M=0.195 S=0.114 breadth=-0.086]
2026-03-24 19:36:22  INFO      TradingGraph: Generating trading recipe
2026-03-24 19:36:22  INFO      TradingGraph: Generated recipe: SHORT_PULLBACK_ENTRY_EURUSD
2026-03-24 19:36:22  INFO      TradingGraph: Risk check passed
2026-03-24 19:36:22  INFO      TradingGraph: Creating trade plan
2026-03-24 19:36:22  INFO      TradingGraph: Created trade plan: entry=1.1585, sl=1.1629, tp=1.1498
2026-03-24 19:36:23  INFO      TradingGraph: Executing trade for EURUSD
2026-03-24 19:36:23  ERROR     MT5Executor: Error placing bracket order: 'NoneType' object has no attribute 'retcode'
2026-03-24 19:36:23  ERROR     TradingGraph: MT5Executor returned None — order was not placed
2026-03-24 19:36:23  INFO      TradingRunner: Analysing GBPUSD …
2026-03-24 19:36:23  INFO      TradingGraph: Running agents for GBPUSD
2026-03-24 19:36:23  INFO      TradingGraph: Completed 7 agents
2026-03-24 19:36:23  INFO      TradingGraph: Fusing timeframe signals
2026-03-24 19:36:23  INFO      TradingGraph: Fusion: L=-0.409, M=0.195, S=-0.004
2026-03-24 19:36:23  INFO      TradingGraph: Aligned [pullback-entry] (bearish) — proceeding [L=-0.409 M=0.195 S=-0.004 breadth=-0.086]
2026-03-24 19:36:23  INFO      TradingGraph: Generating trading recipe
2026-03-24 19:36:23  INFO      TradingGraph: Generated recipe: SHORT_PULLBACK_ENTRY_GBPUSD
2026-03-24 19:36:23  INFO      TradingGraph: Risk check passed
2026-03-24 19:36:23  INFO      TradingGraph: Creating trade plan
2026-03-24 19:36:23  INFO      TradingGraph: Created trade plan: entry=1.3392, sl=1.3449, tp=1.3278
2026-03-24 19:36:23  INFO      TradingGraph: Executing trade for GBPUSD
2026-03-24 19:36:23  ERROR     MT5Executor: Error placing bracket order: 'NoneType' object has no attribute 'retcode'
2026-03-24 19:36:23  ERROR     TradingGraph: MT5Executor returned None — order was not placed
2026-03-24 19:36:23  INFO      TradingRunner: Analysing USDJPY …
2026-03-24 19:36:23  INFO      TradingGraph: Running agents for USDJPY
2026-03-24 19:36:23  INFO      TradingGraph: Completed 7 agents
2026-03-24 19:36:23  INFO      TradingGraph: Fusing timeframe signals
2026-03-24 19:36:23  INFO      TradingGraph: Fusion: L=0.349, M=-0.156, S=0.233
2026-03-24 19:36:23  INFO      TradingGraph: Timeframes not aligned — stopping (L=0.349 M=-0.156 S=0.233)
2026-03-24 19:36:23  INFO      TradingRunner: Analysing USDCHF …
2026-03-24 19:36:24  INFO      TradingGraph: Running agents for USDCHF
2026-03-24 19:36:24  INFO      TradingGraph: Completed 7 agents
2026-03-24 19:36:24  INFO      TradingGraph: Fusing timeframe signals
2026-03-24 19:36:24  INFO      TradingGraph: Fusion: L=0.430, M=0.557, S=0.182
2026-03-24 19:36:24  INFO      TradingGraph: Aligned [pullback-entry] (bullish) — proceeding [L=0.430 M=0.557 S=0.182 breadth=-0.086]
2026-03-24 19:36:24  INFO      TradingGraph: Generating trading recipe
2026-03-24 19:36:24  INFO      TradingGraph: Generated recipe: LONG_PULLBACK_ENTRY_USDCHF
2026-03-24 19:36:24  INFO      TradingGraph: Risk check passed
2026-03-24 19:36:24  INFO      TradingGraph: Creating trade plan
2026-03-24 19:36:24  INFO      TradingGraph: Created trade plan: entry=0.7892, sl=0.7860, tp=0.7956
2026-03-24 19:36:24  INFO      TradingGraph: Executing trade for USDCHF
2026-03-24 19:36:24  ERROR     MT5Executor: Error placing bracket order: 'NoneType' object has no attribute 'retcode'
2026-03-24 19:36:24  ERROR     TradingGraph: MT5Executor returned None — order was not placed
2026-03-24 19:36:24  INFO      TradingRunner: Analysing AUDUSD …
2026-03-24 19:36:25  INFO      TradingGraph: Running agents for AUDUSD
2026-03-24 19:36:25  INFO      TradingGraph: Completed 7 agents
2026-03-24 19:36:25  INFO      TradingGraph: Fusing timeframe signals
2026-03-24 19:36:25  INFO      TradingGraph: Fusion: L=0.308, M=0.219, S=0.163
2026-03-24 19:36:25  INFO      TradingGraph: Timeframes not aligned — stopping (L=0.308 M=0.219 S=0.163)
2026-03-24 19:36:25  INFO      TradingRunner: Analysing USDCAD …
2026-03-24 19:36:25  INFO      TradingGraph: Running agents for USDCAD
2026-03-24 19:36:25  INFO      TradingGraph: Completed 7 agents
2026-03-24 19:36:25  INFO      TradingGraph: Fusing timeframe signals
2026-03-24 19:36:25  INFO      TradingGraph: Fusion: L=0.050, M=-0.157, S=0.228
2026-03-24 19:36:25  INFO      TradingGraph: Timeframes not aligned — stopping (L=0.050 M=-0.157 S=0.228)
2026-03-24 19:36:25  INFO      TradingRunner: Analysing NZDUSD …
2026-03-24 19:36:25  INFO      TradingGraph: Running agents for NZDUSD
2026-03-24 19:36:25  INFO      TradingGraph: Completed 7 agents
2026-03-24 19:36:25  INFO      TradingGraph: Fusing timeframe signals
2026-03-24 19:36:25  INFO      TradingGraph: Fusion: L=-0.443, M=0.229, S=0.022
2026-03-24 19:36:25  INFO      TradingGraph: Aligned [pullback-entry] (bearish) — proceeding [L=-0.443 M=0.229 S=0.022 breadth=-0.086]
2026-03-24 19:36:25  INFO      TradingGraph: Generating trading recipe
2026-03-24 19:36:25  INFO      TradingGraph: Generated recipe: SHORT_PULLBACK_ENTRY_NZDUSD
2026-03-24 19:36:25  INFO      TradingGraph: Risk check passed
2026-03-24 19:36:25  INFO      TradingGraph: Creating trade plan
2026-03-24 19:36:25  INFO      TradingGraph: Created trade plan: entry=0.5826, sl=0.5861, tp=0.5756
2026-03-24 19:36:25  INFO      TradingGraph: Executing trade for NZDUSD
2026-03-24 19:36:25  ERROR     MT5Executor: Error placing bracket order: 'NoneType' object has no attribute 'retcode'
2026-03-24 19:36:25  ERROR     TradingGraph: MT5Executor returned None — order was not placed
2026-03-24 19:36:26  INFO      TradingRunner: Analysing XAUUSD …
2026-03-24 19:36:26  INFO      TradingGraph: Running agents for XAUUSD
2026-03-24 19:36:26  INFO      TradingGraph: Completed 7 agents
2026-03-24 19:36:26  INFO      TradingGraph: Fusing timeframe signals
2026-03-24 19:36:26  INFO      TradingGraph: Fusion: L=0.445, M=0.001, S=0.017
2026-03-24 19:36:26  INFO      TradingGraph: Aligned [pullback-entry] (bullish) — proceeding [L=0.445 M=0.001 S=0.017 breadth=-0.086]
2026-03-24 19:36:26  INFO      TradingGraph: Generating trading recipe
2026-03-24 19:36:26  INFO      TradingGraph: Generated recipe: LONG_PULLBACK_ENTRY_XAUUSD
2026-03-24 19:36:26  INFO      TradingGraph: Risk check passed
2026-03-24 19:36:26  INFO      TradingGraph: Creating trade plan
2026-03-24 19:36:26  INFO      TradingGraph: Created trade plan: entry=4400.8750, sl=4296.2018, tp=4610.2214
2026-03-24 19:36:26  INFO      TradingGraph: Executing trade for XAUUSD
2026-03-24 19:36:26  ERROR     MT5Executor: Error placing bracket order: 'NoneType' object has no attribute 'retcode'
2026-03-24 19:36:26  ERROR     TradingGraph: MT5Executor returned None — order was not placed
2026-03-24 19:36:26  INFO      TradingRunner: Analysing XAGUSD …
2026-03-24 19:36:26  INFO      TradingGraph: Running agents for XAGUSD
2026-03-24 19:36:26  INFO      TradingGraph: Completed 7 agents
2026-03-24 19:36:26  INFO      TradingGraph: Fusing timeframe signals
2026-03-24 19:36:26  INFO      TradingGraph: Fusion: L=-0.258, M=0.551, S=0.077
2026-03-24 19:36:26  INFO      TradingGraph: Timeframes not aligned — stopping (L=-0.258 M=0.551 S=0.077)
2026-03-24 19:36:27  INFO      TradingRunner: PnL — unrealized: +0.00  realized today: +0.00  total: +0.00
2026-03-24 19:36:27  INFO      TradingRunner: Cycle done in 4.5s — sleeping 56s
2026-03-24 19:37:08  INFO      MT5Executor: Using mt5linux backend → localhost:18812
2026-03-24 19:37:08  INFO      MT5Executor: Connected to MT5: 5048376965 on MetaQuotes-Demo
2026-03-24 19:37:08  INFO      root: Registered agent: RegimeAgent
2026-03-24 19:37:08  INFO      root: Registered agent: TrendAgent
2026-03-24 19:37:08  INFO      root: Registered agent: MomentumAgent
2026-03-24 19:37:08  INFO      root: Registered agent: MeanReversionAgent
2026-03-24 19:37:08  INFO      root: Registered agent: VolatilityAgent
2026-03-24 19:37:08  INFO      root: Registered agent: BreadthAgent
2026-03-24 19:37:08  INFO      root: Registered agent: PatternAgent
2026-03-24 19:37:08  INFO      TradingRunner: TradingRunner started — symbols: ['EURUSD', 'GBPUSD', 'USDJPY', 'USDCHF', 'AUDUSD', 'USDCAD', 'NZDUSD', 'XAUUSD', 'XAGUSD'], interval: 60s
2026-03-24 19:37:09  INFO      TradingRunner: Analysing EURUSD …
2026-03-24 19:37:09  INFO      TradingGraph: Running agents for EURUSD
2026-03-24 19:37:09  INFO      TradingGraph: Completed 7 agents
2026-03-24 19:37:09  INFO      TradingGraph: Fusing timeframe signals
2026-03-24 19:37:09  INFO      TradingGraph: Fusion: L=-0.422, M=0.195, S=0.114
2026-03-24 19:37:09  INFO      TradingGraph: Aligned [pullback-entry] (bearish) — proceeding [L=-0.422 M=0.195 S=0.114 breadth=-0.086]
2026-03-24 19:37:09  INFO      TradingGraph: Generating trading recipe
2026-03-24 19:37:09  INFO      TradingGraph: Generated recipe: SHORT_PULLBACK_ENTRY_EURUSD
2026-03-24 19:37:09  INFO      TradingGraph: Risk check passed
2026-03-24 19:37:09  INFO      TradingGraph: Creating trade plan
2026-03-24 19:37:09  INFO      TradingGraph: Created trade plan: entry=1.1584, sl=1.1627, tp=1.1496
2026-03-24 19:37:09  INFO      TradingGraph: Executing trade for EURUSD
2026-03-24 19:37:09  ERROR     MT5Executor: order_send returned None — last_error: (-2, 'Invalid "comment" argument')
2026-03-24 19:37:09  ERROR     TradingGraph: MT5Executor returned None — order was not placed
2026-03-24 19:37:09  INFO      TradingRunner: Analysing GBPUSD …
2026-03-24 19:37:09  INFO      TradingGraph: Running agents for GBPUSD
2026-03-24 19:37:09  INFO      TradingGraph: Completed 7 agents
2026-03-24 19:37:09  INFO      TradingGraph: Fusing timeframe signals
2026-03-24 19:37:09  INFO      TradingGraph: Fusion: L=-0.409, M=0.195, S=0.086
2026-03-24 19:37:09  INFO      TradingGraph: Aligned [pullback-entry] (bearish) — proceeding [L=-0.409 M=0.195 S=0.086 breadth=-0.086]
2026-03-24 19:37:09  INFO      TradingGraph: Generating trading recipe
2026-03-24 19:37:09  INFO      TradingGraph: Generated recipe: SHORT_PULLBACK_ENTRY_GBPUSD
2026-03-24 19:37:09  INFO      TradingGraph: Risk check passed
2026-03-24 19:37:09  INFO      TradingGraph: Creating trade plan
2026-03-24 19:37:09  INFO      TradingGraph: Created trade plan: entry=1.3385, sl=1.3443, tp=1.3271
2026-03-24 19:37:09  INFO      TradingGraph: Executing trade for GBPUSD
2026-03-24 19:37:09  ERROR     MT5Executor: order_send returned None — last_error: (-2, 'Invalid "comment" argument')
2026-03-24 19:37:09  ERROR     TradingGraph: MT5Executor returned None — order was not placed
2026-03-24 19:37:09  INFO      TradingRunner: Analysing USDJPY …
2026-03-24 19:37:10  INFO      TradingGraph: Running agents for USDJPY
2026-03-24 19:37:10  INFO      TradingGraph: Completed 7 agents
2026-03-24 19:37:10  INFO      TradingGraph: Fusing timeframe signals
2026-03-24 19:37:10  INFO      TradingGraph: Fusion: L=0.349, M=-0.156, S=0.233
2026-03-24 19:37:10  INFO      TradingGraph: Timeframes not aligned — stopping (L=0.349 M=-0.156 S=0.233)
2026-03-24 19:37:10  INFO      TradingRunner: Analysing USDCHF …
2026-03-24 19:37:10  INFO      TradingGraph: Running agents for USDCHF
2026-03-24 19:37:10  INFO      TradingGraph: Completed 7 agents
2026-03-24 19:37:10  INFO      TradingGraph: Fusing timeframe signals
2026-03-24 19:37:10  INFO      TradingGraph: Fusion: L=0.430, M=0.556, S=0.122
2026-03-24 19:37:10  INFO      TradingGraph: Aligned [pullback-entry] (bullish) — proceeding [L=0.430 M=0.556 S=0.122 breadth=-0.086]
2026-03-24 19:37:10  INFO      TradingGraph: Generating trading recipe
2026-03-24 19:37:10  INFO      TradingGraph: Generated recipe: LONG_PULLBACK_ENTRY_USDCHF
2026-03-24 19:37:10  INFO      TradingGraph: Risk check passed
2026-03-24 19:37:10  INFO      TradingGraph: Creating trade plan
2026-03-24 19:37:10  INFO      TradingGraph: Created trade plan: entry=0.7909, sl=0.7877, tp=0.7973
2026-03-24 19:37:10  INFO      TradingGraph: Executing trade for USDCHF
2026-03-24 19:37:10  ERROR     MT5Executor: order_send returned None — last_error: (-2, 'Invalid "comment" argument')
2026-03-24 19:37:10  ERROR     TradingGraph: MT5Executor returned None — order was not placed
2026-03-24 19:37:10  INFO      TradingRunner: Analysing AUDUSD …
2026-03-24 19:37:10  INFO      TradingGraph: Running agents for AUDUSD
2026-03-24 19:37:10  INFO      TradingGraph: Completed 7 agents
2026-03-24 19:37:10  INFO      TradingGraph: Fusing timeframe signals
2026-03-24 19:37:10  INFO      TradingGraph: Fusion: L=0.308, M=0.500, S=0.163
2026-03-24 19:37:10  INFO      TradingGraph: Timeframes not aligned — stopping (L=0.308 M=0.500 S=0.163)
2026-03-24 19:37:10  INFO      TradingRunner: Analysing USDCAD …
2026-03-24 19:37:10  INFO      TradingGraph: Running agents for USDCAD
2026-03-24 19:37:10  INFO      TradingGraph: Completed 7 agents
2026-03-24 19:37:10  INFO      TradingGraph: Fusing timeframe signals
2026-03-24 19:37:10  INFO      TradingGraph: Fusion: L=0.050, M=-0.157, S=0.228
2026-03-24 19:37:10  INFO      TradingGraph: Timeframes not aligned — stopping (L=0.050 M=-0.157 S=0.228)
2026-03-24 19:37:10  INFO      TradingRunner: Analysing NZDUSD …
2026-03-24 19:37:11  INFO      TradingGraph: Running agents for NZDUSD
2026-03-24 19:37:11  INFO      TradingGraph: Completed 7 agents
2026-03-24 19:37:11  INFO      TradingGraph: Fusing timeframe signals
2026-03-24 19:37:11  INFO      TradingGraph: Fusion: L=-0.443, M=0.194, S=0.023
2026-03-24 19:37:11  INFO      TradingGraph: Aligned [pullback-entry] (bearish) — proceeding [L=-0.443 M=0.194 S=0.023 breadth=-0.086]
2026-03-24 19:37:11  INFO      TradingGraph: Generating trading recipe
2026-03-24 19:37:11  INFO      TradingGraph: Generated recipe: SHORT_PULLBACK_ENTRY_NZDUSD
2026-03-24 19:37:11  INFO      TradingGraph: Risk check passed
2026-03-24 19:37:11  INFO      TradingGraph: Creating trade plan
2026-03-24 19:37:11  INFO      TradingGraph: Created trade plan: entry=0.5815, sl=0.5850, tp=0.5745
2026-03-24 19:37:11  INFO      TradingGraph: Executing trade for NZDUSD
2026-03-24 19:37:11  ERROR     MT5Executor: order_send returned None — last_error: (-2, 'Invalid "comment" argument')
2026-03-24 19:37:11  ERROR     TradingGraph: MT5Executor returned None — order was not placed
2026-03-24 19:37:11  INFO      TradingRunner: Analysing XAUUSD …
2026-03-24 19:37:11  INFO      TradingGraph: Running agents for XAUUSD
2026-03-24 19:37:11  INFO      TradingGraph: Completed 7 agents
2026-03-24 19:37:11  INFO      TradingGraph: Fusing timeframe signals
2026-03-24 19:37:11  INFO      TradingGraph: Fusion: L=0.445, M=0.022, S=0.003
2026-03-24 19:37:11  INFO      TradingGraph: Aligned [pullback-entry] (bullish) — proceeding [L=0.445 M=0.022 S=0.003 breadth=-0.086]
2026-03-24 19:37:11  INFO      TradingGraph: Generating trading recipe
2026-03-24 19:37:11  INFO      TradingGraph: Generated recipe: LONG_PULLBACK_ENTRY_XAUUSD
2026-03-24 19:37:11  INFO      TradingGraph: Risk check passed
2026-03-24 19:37:11  INFO      TradingGraph: Creating trade plan
2026-03-24 19:37:11  INFO      TradingGraph: Created trade plan: entry=4419.9500, sl=4315.2768, tp=4629.2964
2026-03-24 19:37:11  INFO      TradingGraph: Executing trade for XAUUSD
2026-03-24 19:37:11  ERROR     MT5Executor: order_send returned None — last_error: (-2, 'Invalid "comment" argument')
2026-03-24 19:37:11  ERROR     TradingGraph: MT5Executor returned None — order was not placed
2026-03-24 19:37:11  INFO      TradingRunner: Analysing XAGUSD …
2026-03-24 19:37:11  INFO      TradingGraph: Running agents for XAGUSD
2026-03-24 19:37:11  INFO      TradingGraph: Completed 7 agents
2026-03-24 19:37:11  INFO      TradingGraph: Fusing timeframe signals
2026-03-24 19:37:11  INFO      TradingGraph: Fusion: L=-0.258, M=0.540, S=0.060
2026-03-24 19:37:11  INFO      TradingGraph: Timeframes not aligned — stopping (L=-0.258 M=0.540 S=0.060)
2026-03-24 19:37:11  INFO      TradingRunner: PnL — unrealized: +0.00  realized today: +0.00  total: +0.00
2026-03-24 19:37:12  INFO      TradingRunner: Cycle done in 3.0s — sleeping 57s
2026-03-24 19:38:09  INFO      TradingRunner: Analysing EURUSD …
2026-03-24 19:38:09  INFO      TradingGraph: Running agents for EURUSD
2026-03-24 19:38:09  INFO      TradingGraph: Completed 7 agents
2026-03-24 19:38:09  INFO      TradingGraph: Fusing timeframe signals
2026-03-24 19:38:09  INFO      TradingGraph: Fusion: L=-0.422, M=0.207, S=0.131
2026-03-24 19:38:09  INFO      TradingGraph: Aligned [pullback-entry] (bearish) — proceeding [L=-0.422 M=0.207 S=0.131 breadth=-0.086]
2026-03-24 19:38:09  INFO      TradingGraph: Generating trading recipe
2026-03-24 19:38:09  INFO      TradingGraph: Generated recipe: SHORT_PULLBACK_ENTRY_EURUSD
2026-03-24 19:38:09  INFO      TradingGraph: Risk check passed
2026-03-24 19:38:09  INFO      TradingGraph: Creating trade plan
2026-03-24 19:38:09  INFO      TradingGraph: Created trade plan: entry=1.1585, sl=1.1629, tp=1.1498
2026-03-24 19:38:09  INFO      TradingGraph: Executing trade for EURUSD
2026-03-24 19:38:09  ERROR     MT5Executor: order_send returned None — last_error: (-2, 'Invalid "comment" argument')
2026-03-24 19:38:09  ERROR     TradingGraph: MT5Executor returned None — order was not placed
2026-03-24 19:38:09  INFO      TradingRunner: Analysing GBPUSD …
2026-03-24 19:38:09  INFO      TradingGraph: Running agents for GBPUSD
2026-03-24 19:38:09  INFO      TradingGraph: Completed 7 agents
2026-03-24 19:38:09  INFO      TradingGraph: Fusing timeframe signals
2026-03-24 19:38:09  INFO      TradingGraph: Fusion: L=-0.409, M=0.218, S=0.119
2026-03-24 19:38:09  INFO      TradingGraph: Aligned [pullback-entry] (bearish) — proceeding [L=-0.409 M=0.218 S=0.119 breadth=-0.086]
2026-03-24 19:38:09  INFO      TradingGraph: Generating trading recipe
2026-03-24 19:38:09  INFO      TradingGraph: Generated recipe: SHORT_PULLBACK_ENTRY_GBPUSD
2026-03-24 19:38:09  INFO      TradingGraph: Risk check passed
2026-03-24 19:38:09  INFO      TradingGraph: Creating trade plan
2026-03-24 19:38:09  INFO      TradingGraph: Created trade plan: entry=1.3386, sl=1.3444, tp=1.3272
2026-03-24 19:38:09  INFO      TradingGraph: Executing trade for GBPUSD
2026-03-24 19:38:09  ERROR     MT5Executor: order_send returned None — last_error: (-2, 'Invalid "comment" argument')
2026-03-24 19:38:09  ERROR     TradingGraph: MT5Executor returned None — order was not placed
2026-03-24 19:38:09  INFO      TradingRunner: Analysing USDJPY …
2026-03-24 19:38:09  INFO      TradingGraph: Running agents for USDJPY
2026-03-24 19:38:09  INFO      TradingGraph: Completed 7 agents
2026-03-24 19:38:09  INFO      TradingGraph: Fusing timeframe signals
2026-03-24 19:38:09  INFO      TradingGraph: Fusion: L=0.349, M=-0.157, S=0.234
2026-03-24 19:38:09  INFO      TradingGraph: Timeframes not aligned — stopping (L=0.349 M=-0.157 S=0.234)
2026-03-24 19:38:09  INFO      TradingRunner: Analysing USDCHF …
2026-03-24 19:38:10  INFO      TradingGraph: Running agents for USDCHF
2026-03-24 19:38:10  INFO      TradingGraph: Completed 7 agents
2026-03-24 19:38:10  INFO      TradingGraph: Fusing timeframe signals
2026-03-24 19:38:10  INFO      TradingGraph: Fusion: L=0.429, M=0.556, S=0.104
2026-03-24 19:38:10  INFO      TradingGraph: Aligned [pullback-entry] (bullish) — proceeding [L=0.429 M=0.556 S=0.104 breadth=-0.086]
2026-03-24 19:38:10  INFO      TradingGraph: Generating trading recipe
2026-03-24 19:38:10  INFO      TradingGraph: Generated recipe: LONG_PULLBACK_ENTRY_USDCHF
2026-03-24 19:38:10  INFO      TradingGraph: Risk check passed
2026-03-24 19:38:10  INFO      TradingGraph: Creating trade plan
2026-03-24 19:38:10  INFO      TradingGraph: Created trade plan: entry=0.7908, sl=0.7876, tp=0.7972
2026-03-24 19:38:10  INFO      TradingGraph: Executing trade for USDCHF
2026-03-24 19:38:10  ERROR     MT5Executor: order_send returned None — last_error: (-2, 'Invalid "comment" argument')
2026-03-24 19:38:10  ERROR     TradingGraph: MT5Executor returned None — order was not placed
2026-03-24 19:38:10  INFO      TradingRunner: Analysing AUDUSD …
2026-03-24 19:38:10  INFO      TradingGraph: Running agents for AUDUSD
2026-03-24 19:38:10  INFO      TradingGraph: Completed 7 agents
2026-03-24 19:38:10  INFO      TradingGraph: Fusing timeframe signals
2026-03-24 19:38:10  INFO      TradingGraph: Fusion: L=0.308, M=0.500, S=0.163
2026-03-24 19:38:10  INFO      TradingGraph: Timeframes not aligned — stopping (L=0.308 M=0.500 S=0.163)
2026-03-24 19:38:10  INFO      TradingRunner: Analysing USDCAD …
2026-03-24 19:38:10  INFO      TradingGraph: Running agents for USDCAD
2026-03-24 19:38:10  INFO      TradingGraph: Completed 7 agents
2026-03-24 19:38:10  INFO      TradingGraph: Fusing timeframe signals
2026-03-24 19:38:10  INFO      TradingGraph: Fusion: L=0.050, M=-0.157, S=0.228
2026-03-24 19:38:10  INFO      TradingGraph: Timeframes not aligned — stopping (L=0.050 M=-0.157 S=0.228)
2026-03-24 19:38:10  INFO      TradingRunner: Analysing NZDUSD …
2026-03-24 19:38:10  INFO      TradingGraph: Running agents for NZDUSD
2026-03-24 19:38:10  INFO      TradingGraph: Completed 7 agents
2026-03-24 19:38:10  INFO      TradingGraph: Fusing timeframe signals
2026-03-24 19:38:10  INFO      TradingGraph: Fusion: L=-0.443, M=0.194, S=0.093
2026-03-24 19:38:10  INFO      TradingGraph: Aligned [pullback-entry] (bearish) — proceeding [L=-0.443 M=0.194 S=0.093 breadth=-0.086]
2026-03-24 19:38:10  INFO      TradingGraph: Generating trading recipe
2026-03-24 19:38:10  INFO      TradingGraph: Generated recipe: SHORT_PULLBACK_ENTRY_NZDUSD
2026-03-24 19:38:10  INFO      TradingGraph: Risk check passed
2026-03-24 19:38:10  INFO      TradingGraph: Creating trade plan
2026-03-24 19:38:10  INFO      TradingGraph: Created trade plan: entry=0.5816, sl=0.5851, tp=0.5746
2026-03-24 19:38:10  INFO      TradingGraph: Executing trade for NZDUSD
2026-03-24 19:38:11  ERROR     MT5Executor: order_send returned None — last_error: (-2, 'Invalid "comment" argument')
2026-03-24 19:38:11  ERROR     TradingGraph: MT5Executor returned None — order was not placed
2026-03-24 19:38:11  INFO      TradingRunner: Analysing XAUUSD …
2026-03-24 19:38:11  INFO      TradingGraph: Running agents for XAUUSD
2026-03-24 19:38:11  INFO      TradingGraph: Completed 7 agents
2026-03-24 19:38:11  INFO      TradingGraph: Fusing timeframe signals
2026-03-24 19:38:11  INFO      TradingGraph: Fusion: L=0.445, M=0.023, S=0.003
2026-03-24 19:38:11  INFO      TradingGraph: Aligned [pullback-entry] (bullish) — proceeding [L=0.445 M=0.023 S=0.003 breadth=-0.086]
2026-03-24 19:38:11  INFO      TradingGraph: Generating trading recipe
2026-03-24 19:38:11  INFO      TradingGraph: Generated recipe: LONG_PULLBACK_ENTRY_XAUUSD
2026-03-24 19:38:11  INFO      TradingGraph: Risk check passed
2026-03-24 19:38:11  INFO      TradingGraph: Creating trade plan
2026-03-24 19:38:11  INFO      TradingGraph: Created trade plan: entry=4420.7000, sl=4316.0268, tp=4630.0464
2026-03-24 19:38:11  INFO      TradingGraph: Executing trade for XAUUSD
2026-03-24 19:38:11  ERROR     MT5Executor: order_send returned None — last_error: (-2, 'Invalid "comment" argument')
2026-03-24 19:38:11  ERROR     TradingGraph: MT5Executor returned None — order was not placed
2026-03-24 19:38:11  INFO      TradingRunner: Analysing XAGUSD …
2026-03-24 19:38:11  INFO      TradingGraph: Running agents for XAGUSD
2026-03-24 19:38:11  INFO      TradingGraph: Completed 7 agents
2026-03-24 19:38:11  INFO      TradingGraph: Fusing timeframe signals
2026-03-24 19:38:11  INFO      TradingGraph: Fusion: L=-0.258, M=0.540, S=0.060
2026-03-24 19:38:11  INFO      TradingGraph: Timeframes not aligned — stopping (L=-0.258 M=0.540 S=0.060)
2026-03-24 19:38:11  INFO      TradingRunner: PnL — unrealized: +0.00  realized today: +0.00  total: +0.00
2026-03-24 19:38:11  INFO      TradingRunner: Cycle done in 2.3s — sleeping 58s
2026-03-24 19:38:31  INFO      MT5Executor: Using mt5linux backend → localhost:18812
2026-03-24 19:38:31  INFO      MT5Executor: Connected to MT5: 5048376965 on MetaQuotes-Demo
2026-03-24 19:38:31  INFO      root: Registered agent: RegimeAgent
2026-03-24 19:38:31  INFO      root: Registered agent: TrendAgent
2026-03-24 19:38:31  INFO      root: Registered agent: MomentumAgent
2026-03-24 19:38:31  INFO      root: Registered agent: MeanReversionAgent
2026-03-24 19:38:31  INFO      root: Registered agent: VolatilityAgent
2026-03-24 19:38:31  INFO      root: Registered agent: BreadthAgent
2026-03-24 19:38:31  INFO      root: Registered agent: PatternAgent
2026-03-24 19:38:31  INFO      TradingRunner: TradingRunner started — symbols: ['EURUSD', 'GBPUSD', 'USDJPY', 'USDCHF', 'AUDUSD', 'USDCAD', 'NZDUSD', 'XAUUSD', 'XAGUSD'], interval: 60s
2026-03-24 19:38:31  INFO      TradingRunner: Analysing EURUSD …
2026-03-24 19:38:32  INFO      TradingGraph: Running agents for EURUSD
2026-03-24 19:38:32  INFO      TradingGraph: Completed 7 agents
2026-03-24 19:38:32  INFO      TradingGraph: Fusing timeframe signals
2026-03-24 19:38:32  INFO      TradingGraph: Fusion: L=-0.422, M=0.094, S=0.132
2026-03-24 19:38:32  INFO      TradingGraph: Aligned [pullback-entry] (bearish) — proceeding [L=-0.422 M=0.094 S=0.132 breadth=-0.086]
2026-03-24 19:38:32  INFO      TradingGraph: Generating trading recipe
2026-03-24 19:38:32  INFO      TradingGraph: Generated recipe: SHORT_PULLBACK_ENTRY_EURUSD
2026-03-24 19:38:32  INFO      TradingGraph: Risk check passed
2026-03-24 19:38:32  INFO      TradingGraph: Creating trade plan
2026-03-24 19:38:32  INFO      TradingGraph: Created trade plan: entry=1.1586, sl=1.1630, tp=1.1498
2026-03-24 19:38:32  INFO      TradingGraph: Executing trade for EURUSD
2026-03-24 19:38:32  ERROR     MT5Executor: Order rejected: retcode=10019 comment=No money vol=500.0 price=1.1586 sl=1.1629796369087848 tp=1.1498407261824304
2026-03-24 19:38:32  ERROR     TradingGraph: MT5Executor returned None — order was not placed
2026-03-24 19:38:32  INFO      TradingRunner: Analysing GBPUSD …
2026-03-24 19:38:32  INFO      TradingGraph: Running agents for GBPUSD
2026-03-24 19:38:32  INFO      TradingGraph: Completed 7 agents
2026-03-24 19:38:32  INFO      TradingGraph: Fusing timeframe signals
2026-03-24 19:38:32  INFO      TradingGraph: Fusion: L=-0.409, M=0.218, S=0.119
2026-03-24 19:38:32  INFO      TradingGraph: Aligned [pullback-entry] (bearish) — proceeding [L=-0.409 M=0.218 S=0.119 breadth=-0.086]
2026-03-24 19:38:32  INFO      TradingGraph: Generating trading recipe
2026-03-24 19:38:32  INFO      TradingGraph: Generated recipe: SHORT_PULLBACK_ENTRY_GBPUSD
2026-03-24 19:38:32  INFO      TradingGraph: Risk check passed
2026-03-24 19:38:32  INFO      TradingGraph: Creating trade plan
2026-03-24 19:38:32  INFO      TradingGraph: Created trade plan: entry=1.3387, sl=1.3444, tp=1.3273
2026-03-24 19:38:32  INFO      TradingGraph: Executing trade for GBPUSD
2026-03-24 19:38:32  ERROR     MT5Executor: Order rejected: retcode=10019 comment=No money vol=500.0 price=1.33868 sl=1.3443911401856552 tp=1.32725771962869
2026-03-24 19:38:32  ERROR     TradingGraph: MT5Executor returned None — order was not placed
2026-03-24 19:38:32  INFO      TradingRunner: Analysing USDJPY …
2026-03-24 19:38:33  INFO      TradingGraph: Running agents for USDJPY
2026-03-24 19:38:33  INFO      TradingGraph: Completed 7 agents
2026-03-24 19:38:33  INFO      TradingGraph: Fusing timeframe signals
2026-03-24 19:38:33  INFO      TradingGraph: Fusion: L=0.349, M=-0.157, S=0.234
2026-03-24 19:38:33  INFO      TradingGraph: Timeframes not aligned — stopping (L=0.349 M=-0.157 S=0.234)
2026-03-24 19:38:33  INFO      TradingRunner: Analysing USDCHF …
2026-03-24 19:38:33  INFO      TradingGraph: Running agents for USDCHF
2026-03-24 19:38:33  INFO      TradingGraph: Completed 7 agents
2026-03-24 19:38:33  INFO      TradingGraph: Fusing timeframe signals
2026-03-24 19:38:33  INFO      TradingGraph: Fusion: L=0.429, M=0.556, S=0.104
2026-03-24 19:38:33  INFO      TradingGraph: Aligned [pullback-entry] (bullish) — proceeding [L=0.429 M=0.556 S=0.104 breadth=-0.086]
2026-03-24 19:38:33  INFO      TradingGraph: Generating trading recipe
2026-03-24 19:38:33  INFO      TradingGraph: Generated recipe: LONG_PULLBACK_ENTRY_USDCHF
2026-03-24 19:38:33  INFO      TradingGraph: Risk check passed
2026-03-24 19:38:33  INFO      TradingGraph: Creating trade plan
2026-03-24 19:38:33  INFO      TradingGraph: Created trade plan: entry=0.7907, sl=0.7875, tp=0.7972
2026-03-24 19:38:33  INFO      TradingGraph: Executing trade for USDCHF
2026-03-24 19:38:33  ERROR     MT5Executor: Order rejected: retcode=10019 comment=No money vol=500.0 price=0.79075 sl=0.7875425641569905 tp=0.7971648716860188
2026-03-24 19:38:33  ERROR     TradingGraph: MT5Executor returned None — order was not placed
2026-03-24 19:38:33  INFO      TradingRunner: Analysing AUDUSD …
2026-03-24 19:38:33  INFO      TradingGraph: Running agents for AUDUSD
2026-03-24 19:38:33  INFO      TradingGraph: Completed 7 agents
2026-03-24 19:38:33  INFO      TradingGraph: Fusing timeframe signals
2026-03-24 19:38:33  INFO      TradingGraph: Fusion: L=0.308, M=0.475, S=0.163
2026-03-24 19:38:33  INFO      TradingGraph: Timeframes not aligned — stopping (L=0.308 M=0.475 S=0.163)
2026-03-24 19:38:33  INFO      TradingRunner: Analysing USDCAD …
2026-03-24 19:38:34  INFO      TradingGraph: Running agents for USDCAD
2026-03-24 19:38:34  INFO      TradingGraph: Completed 7 agents
2026-03-24 19:38:34  INFO      TradingGraph: Fusing timeframe signals
2026-03-24 19:38:34  INFO      TradingGraph: Fusion: L=0.050, M=-0.157, S=0.228
2026-03-24 19:38:34  INFO      TradingGraph: Timeframes not aligned — stopping (L=0.050 M=-0.157 S=0.228)
2026-03-24 19:38:34  INFO      TradingRunner: Analysing NZDUSD …
2026-03-24 19:38:34  INFO      TradingGraph: Running agents for NZDUSD
2026-03-24 19:38:34  INFO      TradingGraph: Completed 7 agents
2026-03-24 19:38:34  INFO      TradingGraph: Fusing timeframe signals
2026-03-24 19:38:34  INFO      TradingGraph: Fusion: L=-0.443, M=0.194, S=0.139
2026-03-24 19:38:34  INFO      TradingGraph: Aligned [pullback-entry] (bearish) — proceeding [L=-0.443 M=0.194 S=0.139 breadth=-0.086]
2026-03-24 19:38:34  INFO      TradingGraph: Generating trading recipe
2026-03-24 19:38:34  INFO      TradingGraph: Generated recipe: SHORT_PULLBACK_ENTRY_NZDUSD
2026-03-24 19:38:34  INFO      TradingGraph: Risk check passed
2026-03-24 19:38:34  INFO      TradingGraph: Creating trade plan
2026-03-24 19:38:34  INFO      TradingGraph: Created trade plan: entry=0.5817, sl=0.5852, tp=0.5746
2026-03-24 19:38:34  INFO      TradingGraph: Executing trade for NZDUSD
2026-03-24 19:38:34  ERROR     MT5Executor: Order rejected: retcode=10019 comment=No money vol=500.0 price=0.58166 sl=0.5851693495326282 tp=0.5746413009347434
2026-03-24 19:38:34  ERROR     TradingGraph: MT5Executor returned None — order was not placed
2026-03-24 19:38:34  INFO      TradingRunner: Analysing XAUUSD …
2026-03-24 19:38:34  INFO      TradingGraph: Running agents for XAUUSD
2026-03-24 19:38:34  INFO      TradingGraph: Completed 7 agents
2026-03-24 19:38:34  INFO      TradingGraph: Fusing timeframe signals
2026-03-24 19:38:34  INFO      TradingGraph: Fusion: L=0.445, M=0.002, S=0.003
2026-03-24 19:38:34  INFO      TradingGraph: Aligned [pullback-entry] (bullish) — proceeding [L=0.445 M=0.002 S=0.003 breadth=-0.086]
2026-03-24 19:38:34  INFO      TradingGraph: Generating trading recipe
2026-03-24 19:38:34  INFO      TradingGraph: Generated recipe: LONG_PULLBACK_ENTRY_XAUUSD
2026-03-24 19:38:34  INFO      TradingGraph: Risk check passed
2026-03-24 19:38:34  INFO      TradingGraph: Creating trade plan
2026-03-24 19:38:34  INFO      TradingGraph: Created trade plan: entry=4419.9500, sl=4315.2768, tp=4629.2964
2026-03-24 19:38:34  INFO      TradingGraph: Executing trade for XAUUSD
2026-03-24 19:38:35  ERROR     MT5Executor: Order rejected: retcode=10017 comment=Trade disabled vol=0.24 price=4419.96 sl=4315.276810731627 tp=4629.296378536746
2026-03-24 19:38:35  ERROR     TradingGraph: MT5Executor returned None — order was not placed
2026-03-24 19:38:35  INFO      TradingRunner: Analysing XAGUSD …
2026-03-24 19:38:35  INFO      TradingGraph: Running agents for XAGUSD
2026-03-24 19:38:35  INFO      TradingGraph: Completed 7 agents
2026-03-24 19:38:35  INFO      TradingGraph: Fusing timeframe signals
2026-03-24 19:38:35  INFO      TradingGraph: Fusion: L=-0.258, M=0.540, S=0.060
2026-03-24 19:38:35  INFO      TradingGraph: Timeframes not aligned — stopping (L=-0.258 M=0.540 S=0.060)
2026-03-24 19:38:35  INFO      TradingRunner: PnL — unrealized: +0.00  realized today: +0.00  total: +0.00
2026-03-24 19:38:35  INFO      TradingRunner: Cycle done in 3.6s — sleeping 56s
2026-03-24 19:39:03  INFO      MT5Executor: Using mt5linux backend → localhost:18812
2026-03-24 19:39:03  INFO      MT5Executor: Connected to MT5: 5048376965 on MetaQuotes-Demo
2026-03-24 19:39:03  INFO      root: Registered agent: RegimeAgent
2026-03-24 19:39:03  INFO      root: Registered agent: TrendAgent
2026-03-24 19:39:03  INFO      root: Registered agent: MomentumAgent
2026-03-24 19:39:03  INFO      root: Registered agent: MeanReversionAgent
2026-03-24 19:39:03  INFO      root: Registered agent: VolatilityAgent
2026-03-24 19:39:03  INFO      root: Registered agent: BreadthAgent
2026-03-24 19:39:03  INFO      root: Registered agent: PatternAgent
2026-03-24 19:39:03  INFO      TradingRunner: TradingRunner started — symbols: ['EURUSD', 'GBPUSD', 'USDJPY', 'USDCHF', 'AUDUSD', 'USDCAD', 'NZDUSD', 'XAUUSD', 'XAGUSD'], interval: 60s
2026-03-24 19:39:03  INFO      TradingRunner: Analysing EURUSD …
2026-03-24 19:39:03  INFO      TradingGraph: Running agents for EURUSD
2026-03-24 19:39:03  INFO      TradingGraph: Completed 7 agents
2026-03-24 19:39:03  INFO      TradingGraph: Fusing timeframe signals
2026-03-24 19:39:03  INFO      TradingGraph: Fusion: L=-0.422, M=-0.290, S=0.132
2026-03-24 19:39:03  INFO      TradingGraph: Aligned [pullback-entry] (bearish) — proceeding [L=-0.422 M=-0.290 S=0.132 breadth=-0.086]
2026-03-24 19:39:03  INFO      TradingGraph: Generating trading recipe
2026-03-24 19:39:03  INFO      TradingGraph: Generated recipe: SHORT_PULLBACK_ENTRY_EURUSD
2026-03-24 19:39:03  INFO      TradingGraph: Risk check passed
2026-03-24 19:39:03  INFO      TradingGraph: Creating trade plan
2026-03-24 19:39:03  INFO      TradingGraph: Created trade plan: entry=1.1589, sl=1.1633, tp=1.1500
2026-03-24 19:39:03  INFO      TradingGraph: Executing trade for EURUSD
2026-03-24 19:39:03  ERROR     MT5Executor: Order rejected: retcode=10027 comment=AutoTrading disabled by client vol=500.0 price=1.15887 sl=1.1632967797659277 tp=1.1500464404681445
2026-03-24 19:39:03  ERROR     TradingGraph: MT5Executor returned None — order was not placed
2026-03-24 19:39:03  INFO      TradingRunner: Analysing GBPUSD …
2026-03-24 19:39:04  INFO      TradingGraph: Running agents for GBPUSD
2026-03-24 19:39:04  INFO      TradingGraph: Completed 7 agents
2026-03-24 19:39:04  INFO      TradingGraph: Fusing timeframe signals
2026-03-24 19:39:04  INFO      TradingGraph: Fusion: L=-0.408, M=0.219, S=0.137
2026-03-24 19:39:04  INFO      TradingGraph: Aligned [pullback-entry] (bearish) — proceeding [L=-0.408 M=0.219 S=0.137 breadth=-0.086]
2026-03-24 19:39:04  INFO      TradingGraph: Generating trading recipe
2026-03-24 19:39:04  INFO      TradingGraph: Generated recipe: SHORT_PULLBACK_ENTRY_GBPUSD
2026-03-24 19:39:04  INFO      TradingGraph: Risk check passed
2026-03-24 19:39:04  INFO      TradingGraph: Creating trade plan
2026-03-24 19:39:04  INFO      TradingGraph: Created trade plan: entry=1.3390, sl=1.3448, tp=1.3275
2026-03-24 19:39:04  INFO      TradingGraph: Executing trade for GBPUSD
2026-03-24 19:39:04  ERROR     MT5Executor: Order rejected: retcode=10027 comment=AutoTrading disabled by client vol=500.0 price=1.33904 sl=1.3448054258999407 tp=1.3275091482001187
2026-03-24 19:39:04  ERROR     TradingGraph: MT5Executor returned None — order was not placed
2026-03-24 19:39:04  INFO      TradingRunner: Analysing USDJPY …
2026-03-24 19:39:04  INFO      TradingGraph: Running agents for USDJPY
2026-03-24 19:39:04  INFO      TradingGraph: Completed 7 agents
2026-03-24 19:39:04  INFO      TradingGraph: Fusing timeframe signals
2026-03-24 19:39:04  INFO      TradingGraph: Fusion: L=0.349, M=-0.157, S=0.251
2026-03-24 19:39:04  INFO      TradingGraph: Timeframes not aligned — stopping (L=0.349 M=-0.157 S=0.251)
2026-03-24 19:39:04  INFO      TradingRunner: Analysing USDCHF …
2026-03-24 19:39:04  INFO      TradingGraph: Running agents for USDCHF
2026-03-24 19:39:04  INFO      TradingGraph: Completed 7 agents
2026-03-24 19:39:04  INFO      TradingGraph: Fusing timeframe signals
2026-03-24 19:39:04  INFO      TradingGraph: Fusion: L=0.429, M=0.589, S=0.105
2026-03-24 19:39:04  INFO      TradingGraph: Aligned [pullback-entry] (bullish) — proceeding [L=0.429 M=0.589 S=0.105 breadth=-0.086]
2026-03-24 19:39:04  INFO      TradingGraph: Generating trading recipe
2026-03-24 19:39:04  INFO      TradingGraph: Generated recipe: LONG_PULLBACK_ENTRY_USDCHF
2026-03-24 19:39:04  INFO      TradingGraph: Risk check passed
2026-03-24 19:39:04  INFO      TradingGraph: Creating trade plan
2026-03-24 19:39:04  INFO      TradingGraph: Created trade plan: entry=0.7906, sl=0.7874, tp=0.7971
2026-03-24 19:39:04  INFO      TradingGraph: Executing trade for USDCHF
2026-03-24 19:39:05  ERROR     MT5Executor: Order rejected: retcode=10027 comment=AutoTrading disabled by client vol=500.0 price=0.79062 sl=0.787381135585562 tp=0.797067728828876
2026-03-24 19:39:05  ERROR     TradingGraph: MT5Executor returned None — order was not placed
2026-03-24 19:39:05  INFO      TradingRunner: Analysing AUDUSD …
2026-03-24 19:39:05  INFO      TradingGraph: Running agents for AUDUSD
2026-03-24 19:39:05  INFO      TradingGraph: Completed 7 agents
2026-03-24 19:39:05  INFO      TradingGraph: Fusing timeframe signals
2026-03-24 19:39:05  INFO      TradingGraph: Fusion: L=0.309, M=-0.037, S=0.162
2026-03-24 19:39:05  INFO      TradingGraph: Timeframes not aligned — stopping (L=0.309 M=-0.037 S=0.162)
2026-03-24 19:39:05  INFO      TradingRunner: Analysing USDCAD …
2026-03-24 19:39:05  INFO      TradingGraph: Running agents for USDCAD
2026-03-24 19:39:05  INFO      TradingGraph: Completed 7 agents
2026-03-24 19:39:05  INFO      TradingGraph: Fusing timeframe signals
2026-03-24 19:39:05  INFO      TradingGraph: Fusion: L=0.050, M=-0.157, S=0.245
2026-03-24 19:39:05  INFO      TradingGraph: Timeframes not aligned — stopping (L=0.050 M=-0.157 S=0.245)
2026-03-24 19:39:05  INFO      TradingRunner: Analysing NZDUSD …
2026-03-24 19:39:06  INFO      TradingGraph: Running agents for NZDUSD
2026-03-24 19:39:06  INFO      TradingGraph: Completed 7 agents
2026-03-24 19:39:06  INFO      TradingGraph: Fusing timeframe signals
2026-03-24 19:39:06  INFO      TradingGraph: Fusion: L=-0.443, M=0.194, S=0.159
2026-03-24 19:39:06  INFO      TradingGraph: Aligned [pullback-entry] (bearish) — proceeding [L=-0.443 M=0.194 S=0.159 breadth=-0.086]
2026-03-24 19:39:06  INFO      TradingGraph: Generating trading recipe
2026-03-24 19:39:06  INFO      TradingGraph: Generated recipe: SHORT_PULLBACK_ENTRY_NZDUSD
2026-03-24 19:39:06  INFO      TradingGraph: Risk check passed
2026-03-24 19:39:06  INFO      TradingGraph: Creating trade plan
2026-03-24 19:39:06  INFO      TradingGraph: Created trade plan: entry=0.5818, sl=0.5854, tp=0.5748
2026-03-24 19:39:06  INFO      TradingGraph: Executing trade for NZDUSD
2026-03-24 19:39:06  ERROR     MT5Executor: Order rejected: retcode=10027 comment=AutoTrading disabled by client vol=500.0 price=0.58183 sl=0.5853636352469139 tp=0.574762729506172
2026-03-24 19:39:06  ERROR     TradingGraph: MT5Executor returned None — order was not placed
2026-03-24 19:39:06  INFO      TradingRunner: Analysing XAUUSD …
2026-03-24 19:39:06  INFO      TradingGraph: Running agents for XAUUSD
2026-03-24 19:39:06  INFO      TradingGraph: Completed 7 agents
2026-03-24 19:39:06  INFO      TradingGraph: Fusing timeframe signals
2026-03-24 19:39:06  INFO      TradingGraph: Fusion: L=0.445, M=0.002, S=0.003
2026-03-24 19:39:06  INFO      TradingGraph: Aligned [pullback-entry] (bullish) — proceeding [L=0.445 M=0.002 S=0.003 breadth=-0.086]
2026-03-24 19:39:06  INFO      TradingGraph: Generating trading recipe
2026-03-24 19:39:06  INFO      TradingGraph: Generated recipe: LONG_PULLBACK_ENTRY_XAUUSD
2026-03-24 19:39:06  INFO      TradingGraph: Risk check passed
2026-03-24 19:39:06  INFO      TradingGraph: Creating trade plan
2026-03-24 19:39:06  INFO      TradingGraph: Created trade plan: entry=4419.5600, sl=4314.8868, tp=4628.9064
2026-03-24 19:39:06  INFO      TradingGraph: Executing trade for XAUUSD
2026-03-24 19:39:06  ERROR     MT5Executor: Order rejected: retcode=10027 comment=AutoTrading disabled by client vol=0.24 price=4419.56 sl=4314.8868107316275 tp=4628.906378536746
2026-03-24 19:39:06  ERROR     TradingGraph: MT5Executor returned None — order was not placed
2026-03-24 19:39:06  INFO      TradingRunner: Analysing XAGUSD …
2026-03-24 19:39:07  INFO      TradingGraph: Running agents for XAGUSD
2026-03-24 19:39:07  INFO      TradingGraph: Completed 7 agents
2026-03-24 19:39:07  INFO      TradingGraph: Fusing timeframe signals
2026-03-24 19:39:07  INFO      TradingGraph: Fusion: L=-0.258, M=0.540, S=0.060
2026-03-24 19:39:07  INFO      TradingGraph: Timeframes not aligned — stopping (L=-0.258 M=0.540 S=0.060)
2026-03-24 19:39:07  INFO      TradingRunner: PnL — unrealized: +0.00  realized today: +0.00  total: +0.00
2026-03-24 19:39:07  INFO      TradingRunner: Cycle done in 3.5s — sleeping 56s
2026-03-24 19:40:03  INFO      TradingRunner: Analysing EURUSD …
2026-03-24 19:40:04  INFO      TradingGraph: Running agents for EURUSD
2026-03-24 19:40:04  INFO      TradingGraph: Completed 7 agents
2026-03-24 19:40:04  INFO      TradingGraph: Fusing timeframe signals
2026-03-24 19:40:04  INFO      TradingGraph: Fusion: L=-0.421, M=-0.292, S=0.132
2026-03-24 19:40:04  INFO      TradingGraph: Aligned [pullback-entry] (bearish) — proceeding [L=-0.421 M=-0.292 S=0.132 breadth=-0.086]
2026-03-24 19:40:04  INFO      TradingGraph: Generating trading recipe
2026-03-24 19:40:04  INFO      TradingGraph: Generated recipe: SHORT_PULLBACK_ENTRY_EURUSD
2026-03-24 19:40:04  INFO      TradingGraph: Risk check passed
2026-03-24 19:40:04  INFO      TradingGraph: Creating trade plan
2026-03-24 19:40:04  INFO      TradingGraph: Created trade plan: entry=1.1591, sl=1.1636, tp=1.1502
2026-03-24 19:40:04  INFO      TradingGraph: Executing trade for EURUSD
2026-03-24 19:40:04  ERROR     MT5Executor: Order rejected: retcode=10027 comment=AutoTrading disabled by client vol=500.0 price=1.15912 sl=1.1635882083373563 tp=1.1502135833252876
2026-03-24 19:40:04  ERROR     TradingGraph: MT5Executor returned None — order was not placed
2026-03-24 19:40:04  INFO      TradingRunner: Analysing GBPUSD …
2026-03-24 19:40:04  INFO      TradingGraph: Running agents for GBPUSD
2026-03-24 19:40:04  INFO      TradingGraph: Completed 7 agents
2026-03-24 19:40:04  INFO      TradingGraph: Fusing timeframe signals
2026-03-24 19:40:04  INFO      TradingGraph: Fusion: L=-0.408, M=0.220, S=0.138
2026-03-24 19:40:04  INFO      TradingGraph: Aligned [pullback-entry] (bearish) — proceeding [L=-0.408 M=0.220 S=0.138 breadth=-0.086]
2026-03-24 19:40:04  INFO      TradingGraph: Generating trading recipe
2026-03-24 19:40:04  INFO      TradingGraph: Generated recipe: SHORT_PULLBACK_ENTRY_GBPUSD
2026-03-24 19:40:04  INFO      TradingGraph: Risk check passed
2026-03-24 19:40:04  INFO      TradingGraph: Creating trade plan
2026-03-24 19:40:04  INFO      TradingGraph: Created trade plan: entry=1.3394, sl=1.3452, tp=1.3278
2026-03-24 19:40:04  INFO      TradingGraph: Executing trade for GBPUSD
2026-03-24 19:40:04  ERROR     MT5Executor: Order rejected: retcode=10027 comment=AutoTrading disabled by client vol=500.0 price=1.33938 sl=1.345191140185655 tp=1.32775771962869
2026-03-24 19:40:04  ERROR     TradingGraph: MT5Executor returned None — order was not placed
2026-03-24 19:40:04  INFO      TradingRunner: Analysing USDJPY …
2026-03-24 19:40:05  INFO      TradingGraph: Running agents for USDJPY
2026-03-24 19:40:05  INFO      TradingGraph: Completed 7 agents
2026-03-24 19:40:05  INFO      TradingGraph: Fusing timeframe signals
2026-03-24 19:40:05  INFO      TradingGraph: Fusion: L=0.349, M=-0.119, S=0.119
2026-03-24 19:40:05  INFO      TradingGraph: Timeframes not aligned — stopping (L=0.349 M=-0.119 S=0.119)
2026-03-24 19:40:05  INFO      TradingRunner: Analysing USDCHF …
2026-03-24 19:40:05  INFO      TradingGraph: Running agents for USDCHF
2026-03-24 19:40:05  INFO      TradingGraph: Completed 7 agents
2026-03-24 19:40:05  INFO      TradingGraph: Fusing timeframe signals
2026-03-24 19:40:05  INFO      TradingGraph: Fusion: L=0.429, M=0.589, S=0.072
2026-03-24 19:40:05  INFO      TradingGraph: Aligned [pullback-entry] (bullish) — proceeding [L=0.429 M=0.589 S=0.072 breadth=-0.086]
2026-03-24 19:40:05  INFO      TradingGraph: Generating trading recipe
2026-03-24 19:40:05  INFO      TradingGraph: Generated recipe: LONG_PULLBACK_ENTRY_USDCHF
2026-03-24 19:40:05  INFO      TradingGraph: Risk check passed
2026-03-24 19:40:05  INFO      TradingGraph: Creating trade plan
2026-03-24 19:40:05  INFO      TradingGraph: Created trade plan: entry=0.7905, sl=0.7872, tp=0.7970
2026-03-24 19:40:05  INFO      TradingGraph: Executing trade for USDCHF
2026-03-24 19:40:05  ERROR     MT5Executor: Order rejected: retcode=10027 comment=AutoTrading disabled by client vol=500.0 price=0.79046 sl=0.7872025641569906 tp=0.7969748716860189
2026-03-24 19:40:05  ERROR     TradingGraph: MT5Executor returned None — order was not placed
2026-03-24 19:40:05  INFO      TradingRunner: Analysing AUDUSD …
2026-03-24 19:40:05  INFO      TradingGraph: Running agents for AUDUSD
2026-03-24 19:40:05  INFO      TradingGraph: Completed 7 agents
2026-03-24 19:40:05  INFO      TradingGraph: Fusing timeframe signals
2026-03-24 19:40:05  INFO      TradingGraph: Fusion: L=0.309, M=-0.070, S=0.162
2026-03-24 19:40:05  INFO      TradingGraph: Timeframes not aligned — stopping (L=0.309 M=-0.070 S=0.162)
2026-03-24 19:40:05  INFO      TradingRunner: Analysing USDCAD …
2026-03-24 19:40:06  INFO      TradingGraph: Running agents for USDCAD
2026-03-24 19:40:06  INFO      TradingGraph: Completed 7 agents
2026-03-24 19:40:06  INFO      TradingGraph: Fusing timeframe signals
2026-03-24 19:40:06  INFO      TradingGraph: Fusion: L=0.050, M=-0.120, S=0.246
2026-03-24 19:40:06  INFO      TradingGraph: Timeframes not aligned — stopping (L=0.050 M=-0.120 S=0.246)
2026-03-24 19:40:06  INFO      TradingRunner: Analysing NZDUSD …
2026-03-24 19:40:06  INFO      TradingGraph: Running agents for NZDUSD
2026-03-24 19:40:06  INFO      TradingGraph: Completed 7 agents
2026-03-24 19:40:06  INFO      TradingGraph: Fusing timeframe signals
2026-03-24 19:40:06  INFO      TradingGraph: Fusion: L=-0.442, M=0.215, S=0.160
2026-03-24 19:40:06  INFO      TradingGraph: Aligned [pullback-entry] (bearish) — proceeding [L=-0.442 M=0.215 S=0.160 breadth=-0.086]
2026-03-24 19:40:06  INFO      TradingGraph: Generating trading recipe
2026-03-24 19:40:06  INFO      TradingGraph: Generated recipe: SHORT_PULLBACK_ENTRY_NZDUSD
2026-03-24 19:40:06  INFO      TradingGraph: Risk check passed
2026-03-24 19:40:06  INFO      TradingGraph: Creating trade plan
2026-03-24 19:40:06  INFO      TradingGraph: Created trade plan: entry=0.5820, sl=0.5855, tp=0.5748
2026-03-24 19:40:06  INFO      TradingGraph: Executing trade for NZDUSD
2026-03-24 19:40:06  ERROR     MT5Executor: Order rejected: retcode=10027 comment=AutoTrading disabled by client vol=500.0 price=0.58196 sl=0.5855207781040569 tp=0.5748384437918864
2026-03-24 19:40:06  ERROR     TradingGraph: MT5Executor returned None — order was not placed
2026-03-24 19:40:06  INFO      TradingRunner: Analysing XAUUSD …
2026-03-24 19:40:06  INFO      TradingGraph: Running agents for XAUUSD
2026-03-24 19:40:06  INFO      TradingGraph: Completed 7 agents
2026-03-24 19:40:06  INFO      TradingGraph: Fusing timeframe signals
2026-03-24 19:40:06  INFO      TradingGraph: Fusion: L=0.445, M=0.002, S=0.003
2026-03-24 19:40:06  INFO      TradingGraph: Aligned [pullback-entry] (bullish) — proceeding [L=0.445 M=0.002 S=0.003 breadth=-0.086]
2026-03-24 19:40:06  INFO      TradingGraph: Generating trading recipe
2026-03-24 19:40:06  INFO      TradingGraph: Generated recipe: LONG_PULLBACK_ENTRY_XAUUSD
2026-03-24 19:40:06  INFO      TradingGraph: Risk check passed
2026-03-24 19:40:06  INFO      TradingGraph: Creating trade plan
2026-03-24 19:40:06  INFO      TradingGraph: Created trade plan: entry=4419.0700, sl=4314.3968, tp=4628.4164
2026-03-24 19:40:06  INFO      TradingGraph: Executing trade for XAUUSD
2026-03-24 19:40:06  ERROR     MT5Executor: Order rejected: retcode=10027 comment=AutoTrading disabled by client vol=0.24 price=4419.07 sl=4314.396810731627 tp=4628.4163785367455
2026-03-24 19:40:06  ERROR     TradingGraph: MT5Executor returned None — order was not placed
2026-03-24 19:40:06  INFO      TradingRunner: Analysing XAGUSD …
2026-03-24 19:40:07  INFO      TradingGraph: Running agents for XAGUSD
2026-03-24 19:40:07  INFO      TradingGraph: Completed 7 agents
2026-03-24 19:40:07  INFO      TradingGraph: Fusing timeframe signals
2026-03-24 19:40:07  INFO      TradingGraph: Fusion: L=-0.258, M=0.539, S=0.060
2026-03-24 19:40:07  INFO      TradingGraph: Timeframes not aligned — stopping (L=-0.258 M=0.539 S=0.060)
2026-03-24 19:40:07  INFO      TradingRunner: PnL — unrealized: +0.00  realized today: +0.00  total: +0.00
2026-03-24 19:40:07  INFO      TradingRunner: Cycle done in 3.6s — sleeping 56s
2026-03-24 19:51:20  INFO      MT5Executor: Using mt5linux backend → localhost:18812
2026-03-24 19:51:29  INFO      MT5Executor: Connected to MT5: 5048376965 on MetaQuotes-Demo
2026-03-24 19:51:29  INFO      root: Registered agent: RegimeAgent
2026-03-24 19:51:29  INFO      root: Registered agent: TrendAgent
2026-03-24 19:51:29  INFO      root: Registered agent: MomentumAgent
2026-03-24 19:51:29  INFO      root: Registered agent: MeanReversionAgent
2026-03-24 19:51:29  INFO      root: Registered agent: VolatilityAgent
2026-03-24 19:51:29  INFO      root: Registered agent: BreadthAgent
2026-03-24 19:51:29  INFO      root: Registered agent: PatternAgent
2026-03-24 19:51:29  INFO      TradingRunner: TradingRunner started — symbols: ['EURUSD', 'GBPUSD', 'USDJPY', 'USDCHF', 'AUDUSD', 'USDCAD', 'NZDUSD', 'XAUUSD', 'XAGUSD'], interval: 60s
2026-03-24 19:51:29  INFO      TradingRunner: Analysing EURUSD …
2026-03-24 19:51:37  INFO      TradingGraph: Running agents for EURUSD
2026-03-24 19:51:37  INFO      TradingGraph: Completed 7 agents
2026-03-24 19:51:37  INFO      TradingGraph: Fusing timeframe signals
2026-03-24 19:51:37  INFO      TradingGraph: Fusion: L=0.266, M=0.218, S=0.153
2026-03-24 19:51:37  INFO      TradingGraph: Timeframes not aligned — stopping (L=0.266 M=0.218 S=0.153)
2026-03-24 19:51:37  INFO      TradingRunner: Analysing GBPUSD …
2026-03-24 19:51:38  INFO      TradingGraph: Running agents for GBPUSD
2026-03-24 19:51:38  INFO      TradingGraph: Completed 7 agents
2026-03-24 19:51:38  INFO      TradingGraph: Fusing timeframe signals
2026-03-24 19:51:38  INFO      TradingGraph: Fusion: L=-0.409, M=0.195, S=-0.015
2026-03-24 19:51:38  INFO      TradingGraph: Aligned [pullback-entry] (bearish) — proceeding [L=-0.409 M=0.195 S=-0.015 breadth=-0.086]
2026-03-24 19:51:38  INFO      TradingGraph: Generating trading recipe
2026-03-24 19:51:38  INFO      TradingGraph: Generated recipe: SHORT_PULLBACK_ENTRY_GBPUSD
2026-03-24 19:51:38  INFO      TradingGraph: Risk check passed
2026-03-24 19:51:38  INFO      TradingGraph: Creating trade plan
2026-03-24 19:51:38  INFO      TradingGraph: Created trade plan: entry=1.3383, sl=1.3442, tp=1.3267
2026-03-24 19:51:38  INFO      TradingGraph: Executing trade for GBPUSD
2026-03-24 19:51:38  ERROR     MT5Executor: Order rejected: retcode=10019 comment=No money vol=500.0 price=1.33835 sl=1.344161140185655 tp=1.32672771962869
2026-03-24 19:51:38  ERROR     TradingGraph: MT5Executor returned None — order was not placed
2026-03-24 19:51:38  INFO      TradingRunner: Analysing USDJPY …
2026-03-24 19:51:39  INFO      TradingGraph: Running agents for USDJPY
2026-03-24 19:51:39  INFO      TradingGraph: Completed 7 agents
2026-03-24 19:51:39  INFO      TradingGraph: Fusing timeframe signals
2026-03-24 19:51:39  INFO      TradingGraph: Fusion: L=0.349, M=-0.156, S=0.233
2026-03-24 19:51:39  INFO      TradingGraph: Timeframes not aligned — stopping (L=0.349 M=-0.156 S=0.233)
2026-03-24 19:51:39  INFO      TradingRunner: Analysing USDCHF …
2026-03-24 19:51:39  INFO      TradingGraph: Running agents for USDCHF
2026-03-24 19:51:39  INFO      TradingGraph: Completed 7 agents
2026-03-24 19:51:39  INFO      TradingGraph: Fusing timeframe signals
2026-03-24 19:51:39  INFO      TradingGraph: Fusion: L=0.429, M=0.556, S=0.103
2026-03-24 19:51:39  INFO      TradingGraph: Aligned [pullback-entry] (bullish) — proceeding [L=0.429 M=0.556 S=0.103 breadth=-0.086]
2026-03-24 19:51:39  INFO      TradingGraph: Generating trading recipe
2026-03-24 19:51:39  INFO      TradingGraph: Generated recipe: LONG_PULLBACK_ENTRY_USDCHF
2026-03-24 19:51:39  INFO      TradingGraph: Risk check passed
2026-03-24 19:51:39  INFO      TradingGraph: Creating trade plan
2026-03-24 19:51:39  INFO      TradingGraph: Created trade plan: entry=0.7908, sl=0.7876, tp=0.7973
2026-03-24 19:51:39  INFO      TradingGraph: Executing trade for USDCHF
2026-03-24 19:51:39  ERROR     MT5Executor: Order rejected: retcode=10019 comment=No money vol=500.0 price=0.79083 sl=0.7875725641569906 tp=0.7973448716860189
2026-03-24 19:51:39  ERROR     TradingGraph: MT5Executor returned None — order was not placed
2026-03-24 19:51:39  INFO      TradingRunner: Analysing AUDUSD …
2026-03-24 19:51:42  INFO      TradingGraph: Running agents for AUDUSD
2026-03-24 19:51:42  INFO      TradingGraph: Completed 7 agents
2026-03-24 19:51:42  INFO      TradingGraph: Fusing timeframe signals
2026-03-24 19:51:42  INFO      TradingGraph: Fusion: L=0.308, M=0.500, S=0.161
2026-03-24 19:51:42  INFO      TradingGraph: Timeframes not aligned — stopping (L=0.308 M=0.500 S=0.161)
2026-03-24 19:51:42  INFO      TradingRunner: Analysing USDCAD …
2026-03-24 19:51:45  INFO      TradingGraph: Running agents for USDCAD
2026-03-24 19:51:45  INFO      TradingGraph: Completed 7 agents
2026-03-24 19:51:45  INFO      TradingGraph: Fusing timeframe signals
2026-03-24 19:51:45  INFO      TradingGraph: Fusion: L=0.051, M=-0.157, S=0.226
2026-03-24 19:51:45  INFO      TradingGraph: Timeframes not aligned — stopping (L=0.051 M=-0.157 S=0.226)
2026-03-24 19:51:45  INFO      TradingRunner: Analysing NZDUSD …
2026-03-24 19:53:14  INFO      MT5Executor: Using mt5linux backend → localhost:18812
2026-03-24 19:53:16  INFO      MT5Executor: Connected to MT5: 5048376965 on MetaQuotes-Demo
2026-03-24 19:53:16  INFO      root: Registered agent: RegimeAgent
2026-03-24 19:53:16  INFO      root: Registered agent: TrendAgent
2026-03-24 19:53:16  INFO      root: Registered agent: MomentumAgent
2026-03-24 19:53:16  INFO      root: Registered agent: MeanReversionAgent
2026-03-24 19:53:16  INFO      root: Registered agent: VolatilityAgent
2026-03-24 19:53:16  INFO      root: Registered agent: BreadthAgent
2026-03-24 19:53:16  INFO      root: Registered agent: PatternAgent
2026-03-24 19:53:16  INFO      TradingRunner: TradingRunner started — symbols: ['EURUSD', 'GBPUSD', 'USDJPY', 'USDCHF', 'AUDUSD', 'USDCAD', 'NZDUSD', 'XAUUSD', 'XAGUSD'], interval: 60s
2026-03-24 19:53:16  INFO      TradingRunner: Analysing EURUSD …
2026-03-24 19:53:17  INFO      TradingGraph: Running agents for EURUSD
2026-03-24 19:53:17  INFO      TradingGraph: Completed 7 agents
2026-03-24 19:53:17  INFO      TradingGraph: Fusing timeframe signals
2026-03-24 19:53:17  INFO      TradingGraph: Fusion: L=-0.422, M=0.219, S=0.175
2026-03-24 19:53:17  INFO      TradingGraph: Aligned [pullback-entry] (bearish) — proceeding [L=-0.422 M=0.219 S=0.175 breadth=-0.086]
2026-03-24 19:53:17  INFO      TradingGraph: Generating trading recipe
2026-03-24 19:53:17  INFO      TradingGraph: Generated recipe: SHORT_PULLBACK_ENTRY_EURUSD
2026-03-24 19:53:17  INFO      TradingGraph: Risk check passed
2026-03-24 19:53:17  INFO      TradingGraph: Creating trade plan
2026-03-24 19:53:17  INFO      TradingGraph: Created trade plan: entry=1.1585, sl=1.1630, tp=1.1496
2026-03-24 19:53:17  INFO      TradingGraph: Executing trade for EURUSD
2026-03-24 19:53:17  ERROR     MT5Executor: Order rejected: retcode=10019 comment=No money vol=500.0 price=1.15853 sl=1.1629939226230706 tp=1.1496021547538589
2026-03-24 19:53:17  ERROR     TradingGraph: MT5Executor returned None — order was not placed
2026-03-24 19:53:17  INFO      TradingRunner: Analysing GBPUSD …
2026-03-24 19:53:17  INFO      TradingGraph: Running agents for GBPUSD
2026-03-24 19:53:17  INFO      TradingGraph: Completed 7 agents
2026-03-24 19:53:17  INFO      TradingGraph: Fusing timeframe signals
2026-03-24 19:53:17  INFO      TradingGraph: Fusion: L=-0.409, M=0.218, S=0.119
2026-03-24 19:53:17  INFO      TradingGraph: Aligned [pullback-entry] (bearish) — proceeding [L=-0.409 M=0.218 S=0.119 breadth=-0.086]
2026-03-24 19:53:17  INFO      TradingGraph: Generating trading recipe
2026-03-24 19:53:17  INFO      TradingGraph: Generated recipe: SHORT_PULLBACK_ENTRY_GBPUSD
2026-03-24 19:53:17  INFO      TradingGraph: Risk check passed
2026-03-24 19:53:17  INFO      TradingGraph: Creating trade plan
2026-03-24 19:53:17  INFO      TradingGraph: Created trade plan: entry=1.3387, sl=1.3445, tp=1.3271
2026-03-24 19:53:17  INFO      TradingGraph: Executing trade for GBPUSD
2026-03-24 19:53:17  ERROR     MT5Executor: Order rejected: retcode=10019 comment=No money vol=500.0 price=1.33869 sl=1.344501140185655 tp=1.32706771962869
2026-03-24 19:53:17  ERROR     TradingGraph: MT5Executor returned None — order was not placed
2026-03-24 19:53:17  INFO      TradingRunner: Analysing USDJPY …
2026-03-24 19:53:18  INFO      TradingGraph: Running agents for USDJPY
2026-03-24 19:53:18  INFO      TradingGraph: Completed 7 agents
2026-03-24 19:53:18  INFO      TradingGraph: Fusing timeframe signals
2026-03-24 19:53:18  INFO      TradingGraph: Fusion: L=0.349, M=-0.157, S=0.251
2026-03-24 19:53:18  INFO      TradingGraph: Timeframes not aligned — stopping (L=0.349 M=-0.157 S=0.251)
2026-03-24 19:53:18  INFO      TradingRunner: Analysing USDCHF …
2026-03-24 19:53:18  INFO      TradingGraph: Running agents for USDCHF
2026-03-24 19:53:18  INFO      TradingGraph: Completed 7 agents
2026-03-24 19:53:18  INFO      TradingGraph: Fusing timeframe signals
2026-03-24 19:53:18  INFO      TradingGraph: Fusion: L=0.429, M=0.589, S=0.103
2026-03-24 19:53:18  INFO      TradingGraph: Aligned [pullback-entry] (bullish) — proceeding [L=0.429 M=0.589 S=0.103 breadth=-0.086]
2026-03-24 19:53:18  INFO      TradingGraph: Generating trading recipe
2026-03-24 19:53:18  INFO      TradingGraph: Generated recipe: LONG_PULLBACK_ENTRY_USDCHF
2026-03-24 19:53:18  INFO      TradingGraph: Risk check passed
2026-03-24 19:53:18  INFO      TradingGraph: Creating trade plan
2026-03-24 19:53:18  INFO      TradingGraph: Created trade plan: entry=0.7907, sl=0.7875, tp=0.7972
2026-03-24 19:53:18  INFO      TradingGraph: Executing trade for USDCHF
2026-03-24 19:53:18  ERROR     MT5Executor: Order rejected: retcode=10019 comment=No money vol=500.0 price=0.79069 sl=0.7874525641569906 tp=0.7972248716860189
2026-03-24 19:53:18  ERROR     TradingGraph: MT5Executor returned None — order was not placed
2026-03-24 19:53:18  INFO      TradingRunner: Analysing AUDUSD …
2026-03-24 19:53:19  INFO      TradingGraph: Running agents for AUDUSD
2026-03-24 19:53:19  INFO      TradingGraph: Completed 7 agents
2026-03-24 19:53:19  INFO      TradingGraph: Fusing timeframe signals
2026-03-24 19:53:19  INFO      TradingGraph: Fusion: L=0.308, M=0.457, S=0.161
2026-03-24 19:53:19  INFO      TradingGraph: Timeframes not aligned — stopping (L=0.308 M=0.457 S=0.161)
2026-03-24 19:53:19  INFO      TradingRunner: Analysing USDCAD …
2026-03-24 19:53:19  INFO      TradingGraph: Running agents for USDCAD
2026-03-24 19:53:19  INFO      TradingGraph: Completed 7 agents
2026-03-24 19:53:19  INFO      TradingGraph: Fusing timeframe signals
2026-03-24 19:53:19  INFO      TradingGraph: Fusion: L=0.050, M=-0.157, S=0.227
2026-03-24 19:53:19  INFO      TradingGraph: Timeframes not aligned — stopping (L=0.050 M=-0.157 S=0.227)
2026-03-24 19:53:19  INFO      TradingRunner: Analysing NZDUSD …
2026-03-24 19:53:20  INFO      TradingGraph: Running agents for NZDUSD
2026-03-24 19:53:20  INFO      TradingGraph: Completed 7 agents
2026-03-24 19:53:20  INFO      TradingGraph: Fusing timeframe signals
2026-03-24 19:53:20  INFO      TradingGraph: Fusion: L=-0.443, M=0.214, S=0.141
2026-03-24 19:53:20  INFO      TradingGraph: Aligned [pullback-entry] (bearish) — proceeding [L=-0.443 M=0.214 S=0.141 breadth=-0.086]
2026-03-24 19:53:20  INFO      TradingGraph: Generating trading recipe
2026-03-24 19:53:20  INFO      TradingGraph: Generated recipe: SHORT_PULLBACK_ENTRY_NZDUSD
2026-03-24 19:53:20  INFO      TradingGraph: Risk check passed
2026-03-24 19:53:20  INFO      TradingGraph: Creating trade plan
2026-03-24 19:53:20  INFO      TradingGraph: Created trade plan: entry=0.5818, sl=0.5853, tp=0.5746
2026-03-24 19:53:20  INFO      TradingGraph: Executing trade for NZDUSD
2026-03-24 19:53:20  ERROR     MT5Executor: Order rejected: retcode=10019 comment=No money vol=500.0 price=0.58176 sl=0.5853207781040569 tp=0.5746384437918864
2026-03-24 19:53:20  ERROR     TradingGraph: MT5Executor returned None — order was not placed
2026-03-24 19:53:20  INFO      TradingRunner: Analysing XAUUSD …
2026-03-24 19:53:23  INFO      TradingGraph: Running agents for XAUUSD
2026-03-24 19:53:23  INFO      TradingGraph: Completed 7 agents
2026-03-24 19:53:23  INFO      TradingGraph: Fusing timeframe signals
2026-03-24 19:53:23  INFO      TradingGraph: Fusion: L=0.445, M=-0.138, S=-0.093
2026-03-24 19:53:23  INFO      TradingGraph: Aligned [pullback-entry] (bullish) — proceeding [L=0.445 M=-0.138 S=-0.093 breadth=-0.086]
2026-03-24 19:53:23  INFO      TradingGraph: Generating trading recipe
2026-03-24 19:53:23  INFO      TradingGraph: Generated recipe: LONG_PULLBACK_ENTRY_XAUUSD
2026-03-24 19:53:23  INFO      TradingGraph: Risk check passed
2026-03-24 19:53:23  INFO      TradingGraph: Creating trade plan
2026-03-24 19:53:23  INFO      TradingGraph: Created trade plan: entry=4400.6000, sl=4295.9268, tp=4609.9464
2026-03-24 19:53:23  INFO      TradingGraph: Executing trade for XAUUSD
2026-03-24 19:53:23  ERROR     MT5Executor: Order rejected: retcode=10017 comment=Trade disabled vol=0.24 price=4400.6 sl=4295.9268107316275 tp=4609.946378536746
2026-03-24 19:53:23  ERROR     TradingGraph: MT5Executor returned None — order was not placed
2026-03-24 19:53:23  INFO      TradingRunner: Analysing XAGUSD …
2026-03-24 19:53:25  INFO      TradingGraph: Running agents for XAGUSD
2026-03-24 19:53:25  INFO      TradingGraph: Completed 7 agents
2026-03-24 19:53:25  INFO      TradingGraph: Fusing timeframe signals
2026-03-24 19:53:25  INFO      TradingGraph: Fusion: L=-0.258, M=0.446, S=0.091
2026-03-24 19:53:25  INFO      TradingGraph: Timeframes not aligned — stopping (L=-0.258 M=0.446 S=0.091)
2026-03-24 19:53:25  INFO      TradingRunner: PnL — unrealized: +0.00  realized today: +0.00  total: +0.00
2026-03-24 19:53:25  INFO      TradingRunner: Cycle done in 8.8s — sleeping 51s
2026-03-24 19:54:16  INFO      TradingRunner: Analysing EURUSD …
2026-03-24 19:54:17  INFO      TradingGraph: Running agents for EURUSD
2026-03-24 19:54:17  INFO      TradingGraph: Completed 7 agents
2026-03-24 19:54:17  INFO      TradingGraph: Fusing timeframe signals
2026-03-24 19:54:17  INFO      TradingGraph: Fusion: L=-0.422, M=0.219, S=0.175
2026-03-24 19:54:17  INFO      TradingGraph: Aligned [pullback-entry] (bearish) — proceeding [L=-0.422 M=0.219 S=0.175 breadth=-0.086]
2026-03-24 19:54:17  INFO      TradingGraph: Generating trading recipe
2026-03-24 19:54:17  INFO      TradingGraph: Generated recipe: SHORT_PULLBACK_ENTRY_EURUSD
2026-03-24 19:54:17  INFO      TradingGraph: Risk check passed
2026-03-24 19:54:17  INFO      TradingGraph: Creating trade plan
2026-03-24 19:54:17  INFO      TradingGraph: Created trade plan: entry=1.1585, sl=1.1630, tp=1.1496
2026-03-24 19:54:17  INFO      TradingGraph: Executing trade for EURUSD
2026-03-24 19:54:17  ERROR     MT5Executor: Order rejected: retcode=10019 comment=No money vol=500.0 price=1.15854 sl=1.1630039226230704 tp=1.1496121547538587
2026-03-24 19:54:17  ERROR     TradingGraph: MT5Executor returned None — order was not placed
2026-03-24 19:54:17  INFO      TradingRunner: Analysing GBPUSD …
2026-03-24 19:54:17  INFO      TradingGraph: Running agents for GBPUSD
2026-03-24 19:54:17  INFO      TradingGraph: Completed 7 agents
2026-03-24 19:54:17  INFO      TradingGraph: Fusing timeframe signals
2026-03-24 19:54:17  INFO      TradingGraph: Fusion: L=-0.409, M=0.218, S=0.118
2026-03-24 19:54:17  INFO      TradingGraph: Aligned [pullback-entry] (bearish) — proceeding [L=-0.409 M=0.218 S=0.118 breadth=-0.086]
2026-03-24 19:54:17  INFO      TradingGraph: Generating trading recipe
2026-03-24 19:54:17  INFO      TradingGraph: Generated recipe: SHORT_PULLBACK_ENTRY_GBPUSD
2026-03-24 19:54:17  INFO      TradingGraph: Risk check passed
2026-03-24 19:54:17  INFO      TradingGraph: Creating trade plan
2026-03-24 19:54:17  INFO      TradingGraph: Created trade plan: entry=1.3386, sl=1.3445, tp=1.3270
2026-03-24 19:54:17  INFO      TradingGraph: Executing trade for GBPUSD
2026-03-24 19:54:17  ERROR     MT5Executor: Order rejected: retcode=10019 comment=No money vol=500.0 price=1.33865 sl=1.344461140185655 tp=1.32702771962869
2026-03-24 19:54:17  ERROR     TradingGraph: MT5Executor returned None — order was not placed
2026-03-24 19:54:17  INFO      TradingRunner: Analysing USDJPY …
2026-03-24 19:54:18  INFO      TradingGraph: Running agents for USDJPY
2026-03-24 19:54:18  INFO      TradingGraph: Completed 7 agents
2026-03-24 19:54:18  INFO      TradingGraph: Fusing timeframe signals
2026-03-24 19:54:18  INFO      TradingGraph: Fusion: L=0.349, M=-0.157, S=0.251
2026-03-24 19:54:18  INFO      TradingGraph: Timeframes not aligned — stopping (L=0.349 M=-0.157 S=0.251)
2026-03-24 19:54:18  INFO      TradingRunner: Analysing USDCHF …
2026-03-24 19:54:18  INFO      TradingGraph: Running agents for USDCHF
2026-03-24 19:54:18  INFO      TradingGraph: Completed 7 agents
2026-03-24 19:54:18  INFO      TradingGraph: Fusing timeframe signals
2026-03-24 19:54:18  INFO      TradingGraph: Fusion: L=0.429, M=0.589, S=0.103
2026-03-24 19:54:18  INFO      TradingGraph: Aligned [pullback-entry] (bullish) — proceeding [L=0.429 M=0.589 S=0.103 breadth=-0.086]
2026-03-24 19:54:18  INFO      TradingGraph: Generating trading recipe
2026-03-24 19:54:18  INFO      TradingGraph: Generated recipe: LONG_PULLBACK_ENTRY_USDCHF
2026-03-24 19:54:18  INFO      TradingGraph: Risk check passed
2026-03-24 19:54:18  INFO      TradingGraph: Creating trade plan
2026-03-24 19:54:18  INFO      TradingGraph: Created trade plan: entry=0.7907, sl=0.7874, tp=0.7972
2026-03-24 19:54:18  INFO      TradingGraph: Executing trade for USDCHF
2026-03-24 19:54:18  ERROR     MT5Executor: Order rejected: retcode=10027 comment=AutoTrading disabled by client vol=500.0 price=0.79066 sl=0.7874025641569906 tp=0.7971748716860189
2026-03-24 19:54:18  ERROR     TradingGraph: MT5Executor returned None — order was not placed
2026-03-24 19:54:18  INFO      TradingRunner: Analysing AUDUSD …
2026-03-24 19:54:18  INFO      TradingGraph: Running agents for AUDUSD
2026-03-24 19:54:18  INFO      TradingGraph: Completed 7 agents
2026-03-24 19:54:18  INFO      TradingGraph: Fusing timeframe signals
2026-03-24 19:54:18  INFO      TradingGraph: Fusion: L=0.308, M=0.497, S=0.161
2026-03-24 19:54:18  INFO      TradingGraph: Timeframes not aligned — stopping (L=0.308 M=0.497 S=0.161)
2026-03-24 19:54:18  INFO      TradingRunner: Analysing USDCAD …
2026-03-24 19:54:19  INFO      TradingGraph: Running agents for USDCAD
2026-03-24 19:54:19  INFO      TradingGraph: Completed 7 agents
2026-03-24 19:54:19  INFO      TradingGraph: Fusing timeframe signals
2026-03-24 19:54:19  INFO      TradingGraph: Fusion: L=0.050, M=-0.157, S=0.244
2026-03-24 19:54:19  INFO      TradingGraph: Timeframes not aligned — stopping (L=0.050 M=-0.157 S=0.244)
2026-03-24 19:54:19  INFO      TradingRunner: Analysing NZDUSD …
2026-03-24 19:54:19  INFO      TradingGraph: Running agents for NZDUSD
2026-03-24 19:54:19  INFO      TradingGraph: Completed 7 agents
2026-03-24 19:54:19  INFO      TradingGraph: Fusing timeframe signals
2026-03-24 19:54:19  INFO      TradingGraph: Fusion: L=-0.443, M=0.214, S=0.141
2026-03-24 19:54:19  INFO      TradingGraph: Aligned [pullback-entry] (bearish) — proceeding [L=-0.443 M=0.214 S=0.141 breadth=-0.086]
2026-03-24 19:54:19  INFO      TradingGraph: Generating trading recipe
2026-03-24 19:54:19  INFO      TradingGraph: Generated recipe: SHORT_PULLBACK_ENTRY_NZDUSD
2026-03-24 19:54:19  INFO      TradingGraph: Risk check passed
2026-03-24 19:54:19  INFO      TradingGraph: Creating trade plan
2026-03-24 19:54:19  INFO      TradingGraph: Created trade plan: entry=0.5817, sl=0.5853, tp=0.5746
2026-03-24 19:54:19  INFO      TradingGraph: Executing trade for NZDUSD
2026-03-24 19:54:19  ERROR     MT5Executor: Order rejected: retcode=10027 comment=AutoTrading disabled by client vol=500.0 price=0.5817 sl=0.5852607781040569 tp=0.5745784437918864
2026-03-24 19:54:19  ERROR     TradingGraph: MT5Executor returned None — order was not placed
2026-03-24 19:54:19  INFO      TradingRunner: Analysing XAUUSD …
2026-03-24 19:54:20  INFO      TradingGraph: Running agents for XAUUSD
2026-03-24 19:54:20  INFO      TradingGraph: Completed 7 agents
2026-03-24 19:54:20  INFO      TradingGraph: Fusing timeframe signals
2026-03-24 19:54:20  INFO      TradingGraph: Fusion: L=0.445, M=-0.138, S=-0.093
2026-03-24 19:54:20  INFO      TradingGraph: Aligned [pullback-entry] (bullish) — proceeding [L=0.445 M=-0.138 S=-0.093 breadth=-0.086]
2026-03-24 19:54:20  INFO      TradingGraph: Generating trading recipe
2026-03-24 19:54:20  INFO      TradingGraph: Generated recipe: LONG_PULLBACK_ENTRY_XAUUSD
2026-03-24 19:54:20  INFO      TradingGraph: Risk check passed
2026-03-24 19:54:20  INFO      TradingGraph: Creating trade plan
2026-03-24 19:54:20  INFO      TradingGraph: Created trade plan: entry=4399.5400, sl=4294.8668, tp=4608.8864
2026-03-24 19:54:20  INFO      TradingGraph: Executing trade for XAUUSD
2026-03-24 19:54:20  ERROR     MT5Executor: Order rejected: retcode=10027 comment=AutoTrading disabled by client vol=0.24 price=4399.55 sl=4294.866810731627 tp=4608.886378536746
2026-03-24 19:54:20  ERROR     TradingGraph: MT5Executor returned None — order was not placed
2026-03-24 19:54:20  INFO      TradingRunner: Analysing XAGUSD …
2026-03-24 19:54:20  INFO      TradingGraph: Running agents for XAGUSD
2026-03-24 19:54:20  INFO      TradingGraph: Completed 7 agents
2026-03-24 19:54:20  INFO      TradingGraph: Fusing timeframe signals
2026-03-24 19:54:20  INFO      TradingGraph: Fusion: L=-0.258, M=0.445, S=0.090
2026-03-24 19:54:20  INFO      TradingGraph: Timeframes not aligned — stopping (L=-0.258 M=0.445 S=0.090)
2026-03-24 19:54:20  INFO      TradingRunner: PnL — unrealized: +0.00  realized today: +0.00  total: +0.00
2026-03-24 19:54:20  INFO      TradingRunner: Cycle done in 3.6s — sleeping 56s
2026-03-24 19:54:25  INFO      MT5Executor: Using mt5linux backend → localhost:18812
2026-03-24 19:54:26  INFO      MT5Executor: Connected to MT5: 5048376965 on MetaQuotes-Demo
2026-03-24 19:54:26  INFO      root: Registered agent: RegimeAgent
2026-03-24 19:54:26  INFO      root: Registered agent: TrendAgent
2026-03-24 19:54:26  INFO      root: Registered agent: MomentumAgent
2026-03-24 19:54:26  INFO      root: Registered agent: MeanReversionAgent
2026-03-24 19:54:26  INFO      root: Registered agent: VolatilityAgent
2026-03-24 19:54:26  INFO      root: Registered agent: BreadthAgent
2026-03-24 19:54:26  INFO      root: Registered agent: PatternAgent
2026-03-24 19:54:26  INFO      TradingRunner: TradingRunner started — symbols: ['EURUSD', 'GBPUSD', 'USDJPY', 'USDCHF', 'AUDUSD', 'USDCAD', 'NZDUSD', 'XAUUSD', 'XAGUSD'], interval: 60s
2026-03-24 19:54:26  INFO      TradingRunner: Analysing EURUSD …
2026-03-24 19:54:26  INFO      TradingGraph: Running agents for EURUSD
2026-03-24 19:54:26  INFO      TradingGraph: Completed 7 agents
2026-03-24 19:54:26  INFO      TradingGraph: Fusing timeframe signals
2026-03-24 19:54:26  INFO      TradingGraph: Fusion: L=-0.422, M=0.232, S=0.175
2026-03-24 19:54:26  INFO      TradingGraph: Aligned [pullback-entry] (bearish) — proceeding [L=-0.422 M=0.232 S=0.175 breadth=-0.086]
2026-03-24 19:54:26  INFO      TradingGraph: Generating trading recipe
2026-03-24 19:54:26  INFO      TradingGraph: Generated recipe: SHORT_PULLBACK_ENTRY_EURUSD
2026-03-24 19:54:26  INFO      TradingGraph: Risk check passed
2026-03-24 19:54:26  INFO      TradingGraph: Creating trade plan
2026-03-24 19:54:26  INFO      TradingGraph: Created trade plan: entry=1.1585, sl=1.1629, tp=1.1495
2026-03-24 19:54:26  INFO      TradingGraph: Executing trade for EURUSD
2026-03-24 19:54:26  ERROR     MT5Executor: Order rejected: retcode=10027 comment=AutoTrading disabled by client vol=500.0 price=1.15846 sl=1.1629239226230705 tp=1.1495321547538588
2026-03-24 19:54:26  ERROR     TradingGraph: MT5Executor returned None — order was not placed
2026-03-24 19:54:26  INFO      TradingRunner: Analysing GBPUSD …
2026-03-24 19:54:27  INFO      TradingGraph: Running agents for GBPUSD
2026-03-24 19:54:27  INFO      TradingGraph: Completed 7 agents
2026-03-24 19:54:27  INFO      TradingGraph: Fusing timeframe signals
2026-03-24 19:54:27  INFO      TradingGraph: Fusion: L=-0.409, M=0.195, S=0.056
2026-03-24 19:54:27  INFO      TradingGraph: Aligned [pullback-entry] (bearish) — proceeding [L=-0.409 M=0.195 S=0.056 breadth=-0.086]
2026-03-24 19:54:27  INFO      TradingGraph: Generating trading recipe
2026-03-24 19:54:27  INFO      TradingGraph: Generated recipe: SHORT_PULLBACK_ENTRY_GBPUSD
2026-03-24 19:54:27  INFO      TradingGraph: Risk check passed
2026-03-24 19:54:27  INFO      TradingGraph: Creating trade plan
2026-03-24 19:54:27  INFO      TradingGraph: Created trade plan: entry=1.3386, sl=1.3444, tp=1.3269
2026-03-24 19:54:27  INFO      TradingGraph: Executing trade for GBPUSD
2026-03-24 19:54:27  ERROR     MT5Executor: Order rejected: retcode=10027 comment=AutoTrading disabled by client vol=500.0 price=1.3385500000000001 sl=1.3443611401856552 tp=1.3269277196286902
2026-03-24 19:54:27  ERROR     TradingGraph: MT5Executor returned None — order was not placed
2026-03-24 19:54:27  INFO      TradingRunner: Analysing USDJPY …
2026-03-24 19:54:27  INFO      TradingGraph: Running agents for USDJPY
2026-03-24 19:54:27  INFO      TradingGraph: Completed 7 agents
2026-03-24 19:54:27  INFO      TradingGraph: Fusing timeframe signals
2026-03-24 19:54:27  INFO      TradingGraph: Fusion: L=0.349, M=-0.157, S=0.233
2026-03-24 19:54:27  INFO      TradingGraph: Timeframes not aligned — stopping (L=0.349 M=-0.157 S=0.233)
2026-03-24 19:54:27  INFO      TradingRunner: Analysing USDCHF …
2026-03-24 19:54:27  INFO      TradingGraph: Running agents for USDCHF
2026-03-24 19:54:27  INFO      TradingGraph: Completed 7 agents
2026-03-24 19:54:27  INFO      TradingGraph: Fusing timeframe signals
2026-03-24 19:54:27  INFO      TradingGraph: Fusion: L=0.429, M=0.589, S=0.103
2026-03-24 19:54:27  INFO      TradingGraph: Aligned [pullback-entry] (bullish) — proceeding [L=0.429 M=0.589 S=0.103 breadth=-0.086]
2026-03-24 19:54:27  INFO      TradingGraph: Generating trading recipe
2026-03-24 19:54:27  INFO      TradingGraph: Generated recipe: LONG_PULLBACK_ENTRY_USDCHF
2026-03-24 19:54:27  INFO      TradingGraph: Risk check passed
2026-03-24 19:54:27  INFO      TradingGraph: Creating trade plan
2026-03-24 19:54:27  INFO      TradingGraph: Created trade plan: entry=0.7907, sl=0.7875, tp=0.7972
2026-03-24 19:54:27  INFO      TradingGraph: Executing trade for USDCHF
2026-03-24 19:54:27  ERROR     MT5Executor: Order rejected: retcode=10027 comment=AutoTrading disabled by client vol=500.0 price=0.79072 sl=0.7874625641569906 tp=0.7972348716860188
2026-03-24 19:54:27  ERROR     TradingGraph: MT5Executor returned None — order was not placed
2026-03-24 19:54:27  INFO      TradingRunner: Analysing AUDUSD …
2026-03-24 19:54:28  INFO      TradingGraph: Running agents for AUDUSD
2026-03-24 19:54:28  INFO      TradingGraph: Completed 7 agents
2026-03-24 19:54:28  INFO      TradingGraph: Fusing timeframe signals
2026-03-24 19:54:28  INFO      TradingGraph: Fusion: L=0.308, M=0.500, S=0.161
2026-03-24 19:54:28  INFO      TradingGraph: Timeframes not aligned — stopping (L=0.308 M=0.500 S=0.161)
2026-03-24 19:54:28  INFO      TradingRunner: Analysing USDCAD …
2026-03-24 19:54:28  INFO      TradingGraph: Running agents for USDCAD
2026-03-24 19:54:28  INFO      TradingGraph: Completed 7 agents
2026-03-24 19:54:28  INFO      TradingGraph: Fusing timeframe signals
2026-03-24 19:54:28  INFO      TradingGraph: Fusion: L=0.050, M=-0.157, S=0.227
2026-03-24 19:54:28  INFO      TradingGraph: Timeframes not aligned — stopping (L=0.050 M=-0.157 S=0.227)
2026-03-24 19:54:28  INFO      TradingRunner: Analysing NZDUSD …
2026-03-24 19:54:29  INFO      TradingGraph: Running agents for NZDUSD
2026-03-24 19:54:29  INFO      TradingGraph: Completed 7 agents
2026-03-24 19:54:29  INFO      TradingGraph: Fusing timeframe signals
2026-03-24 19:54:29  INFO      TradingGraph: Fusion: L=-0.443, M=0.214, S=0.138
2026-03-24 19:54:29  INFO      TradingGraph: Aligned [pullback-entry] (bearish) — proceeding [L=-0.443 M=0.214 S=0.138 breadth=-0.086]
2026-03-24 19:54:29  INFO      TradingGraph: Generating trading recipe
2026-03-24 19:54:29  INFO      TradingGraph: Generated recipe: SHORT_PULLBACK_ENTRY_NZDUSD
2026-03-24 19:54:29  INFO      TradingGraph: Risk check passed
2026-03-24 19:54:29  INFO      TradingGraph: Creating trade plan
2026-03-24 19:54:29  INFO      TradingGraph: Created trade plan: entry=0.5817, sl=0.5852, tp=0.5745
2026-03-24 19:54:29  INFO      TradingGraph: Executing trade for NZDUSD
2026-03-24 19:54:29  ERROR     MT5Executor: Order rejected: retcode=10027 comment=AutoTrading disabled by client vol=500.0 price=0.58165 sl=0.5852107781040569 tp=0.5745284437918864
2026-03-24 19:54:29  ERROR     TradingGraph: MT5Executor returned None — order was not placed
2026-03-24 19:54:29  INFO      TradingRunner: Analysing XAUUSD …
2026-03-24 19:54:29  INFO      TradingGraph: Running agents for XAUUSD
2026-03-24 19:54:29  INFO      TradingGraph: Completed 7 agents
2026-03-24 19:54:29  INFO      TradingGraph: Fusing timeframe signals
2026-03-24 19:54:29  INFO      TradingGraph: Fusion: L=0.445, M=-0.138, S=-0.093
2026-03-24 19:54:29  INFO      TradingGraph: Aligned [pullback-entry] (bullish) — proceeding [L=0.445 M=-0.138 S=-0.093 breadth=-0.086]
2026-03-24 19:54:29  INFO      TradingGraph: Generating trading recipe
2026-03-24 19:54:29  INFO      TradingGraph: Generated recipe: LONG_PULLBACK_ENTRY_XAUUSD
2026-03-24 19:54:29  INFO      TradingGraph: Risk check passed
2026-03-24 19:54:29  INFO      TradingGraph: Creating trade plan
2026-03-24 19:54:29  INFO      TradingGraph: Created trade plan: entry=4398.9600, sl=4294.2868, tp=4608.3064
2026-03-24 19:54:29  INFO      TradingGraph: Executing trade for XAUUSD
2026-03-24 19:54:29  ERROR     MT5Executor: Order rejected: retcode=10027 comment=AutoTrading disabled by client vol=0.24 price=4398.96 sl=4294.286810731627 tp=4608.306378536746
2026-03-24 19:54:29  ERROR     TradingGraph: MT5Executor returned None — order was not placed
2026-03-24 19:54:29  INFO      TradingRunner: Analysing XAGUSD …
2026-03-24 19:54:30  INFO      TradingGraph: Running agents for XAGUSD
2026-03-24 19:54:30  INFO      TradingGraph: Completed 7 agents
2026-03-24 19:54:30  INFO      TradingGraph: Fusing timeframe signals
2026-03-24 19:54:30  INFO      TradingGraph: Fusion: L=-0.258, M=0.445, S=0.085
2026-03-24 19:54:30  INFO      TradingGraph: Timeframes not aligned — stopping (L=-0.258 M=0.445 S=0.085)
2026-03-24 19:54:30  INFO      TradingRunner: PnL — unrealized: +0.00  realized today: +0.00  total: +0.00
2026-03-24 19:54:30  INFO      TradingRunner: Cycle done in 4.0s — sleeping 56s
2026-03-24 19:54:41  INFO      MT5Executor: Using mt5linux backend → localhost:18812
2026-03-24 19:54:41  INFO      MT5Executor: Connected to MT5: 5048376965 on MetaQuotes-Demo
2026-03-24 19:54:41  INFO      root: Registered agent: RegimeAgent
2026-03-24 19:54:41  INFO      root: Registered agent: TrendAgent
2026-03-24 19:54:41  INFO      root: Registered agent: MomentumAgent
2026-03-24 19:54:41  INFO      root: Registered agent: MeanReversionAgent
2026-03-24 19:54:41  INFO      root: Registered agent: VolatilityAgent
2026-03-24 19:54:41  INFO      root: Registered agent: BreadthAgent
2026-03-24 19:54:41  INFO      root: Registered agent: PatternAgent
2026-03-24 19:54:41  INFO      TradingRunner: TradingRunner started — symbols: ['EURUSD', 'GBPUSD', 'USDJPY', 'USDCHF', 'AUDUSD', 'USDCAD', 'NZDUSD', 'XAUUSD', 'XAGUSD'], interval: 60s
2026-03-24 19:54:41  INFO      TradingRunner: Analysing EURUSD …
2026-03-24 19:54:41  INFO      TradingGraph: Running agents for EURUSD
2026-03-24 19:54:41  INFO      TradingGraph: Completed 7 agents
2026-03-24 19:54:41  INFO      TradingGraph: Fusing timeframe signals
2026-03-24 19:54:41  INFO      TradingGraph: Fusion: L=-0.422, M=0.230, S=0.175
2026-03-24 19:54:41  INFO      TradingGraph: Aligned [pullback-entry] (bearish) — proceeding [L=-0.422 M=0.230 S=0.175 breadth=-0.086]
2026-03-24 19:54:41  INFO      TradingGraph: Generating trading recipe
2026-03-24 19:54:41  INFO      TradingGraph: Generated recipe: SHORT_PULLBACK_ENTRY_EURUSD
2026-03-24 19:54:41  INFO      TradingGraph: Risk check passed
2026-03-24 19:54:41  INFO      TradingGraph: Creating trade plan
2026-03-24 19:54:41  INFO      TradingGraph: Created trade plan: entry=1.1585, sl=1.1630, tp=1.1496
2026-03-24 19:54:41  INFO      TradingGraph: Executing trade for EURUSD
2026-03-24 19:54:41  ERROR     MT5Executor: Order rejected: retcode=10019 comment=No money vol=500.0 price=1.15849 sl=1.1629539226230705 tp=1.1495621547538588
2026-03-24 19:54:41  ERROR     TradingGraph: MT5Executor returned None — order was not placed
2026-03-24 19:54:41  INFO      TradingRunner: Analysing GBPUSD …
2026-03-24 19:54:41  INFO      TradingGraph: Running agents for GBPUSD
2026-03-24 19:54:41  INFO      TradingGraph: Completed 7 agents
2026-03-24 19:54:41  INFO      TradingGraph: Fusing timeframe signals
2026-03-24 19:54:41  INFO      TradingGraph: Fusion: L=-0.409, M=0.195, S=0.117
2026-03-24 19:54:41  INFO      TradingGraph: Aligned [pullback-entry] (bearish) — proceeding [L=-0.409 M=0.195 S=0.117 breadth=-0.086]
2026-03-24 19:54:41  INFO      TradingGraph: Generating trading recipe
2026-03-24 19:54:41  INFO      TradingGraph: Generated recipe: SHORT_PULLBACK_ENTRY_GBPUSD
2026-03-24 19:54:41  INFO      TradingGraph: Risk check passed
2026-03-24 19:54:41  INFO      TradingGraph: Creating trade plan
2026-03-24 19:54:41  INFO      TradingGraph: Created trade plan: entry=1.3386, sl=1.3444, tp=1.3270
2026-03-24 19:54:41  INFO      TradingGraph: Executing trade for GBPUSD
2026-03-24 19:54:41  ERROR     MT5Executor: Order rejected: retcode=10019 comment=No money vol=500.0 price=1.33862 sl=1.344431140185655 tp=1.32699771962869
2026-03-24 19:54:42  ERROR     TradingGraph: MT5Executor returned None — order was not placed
2026-03-24 19:54:42  INFO      TradingRunner: Analysing USDJPY …
2026-03-24 19:54:42  INFO      TradingGraph: Running agents for USDJPY
2026-03-24 19:54:42  INFO      TradingGraph: Completed 7 agents
2026-03-24 19:54:42  INFO      TradingGraph: Fusing timeframe signals
2026-03-24 19:54:42  INFO      TradingGraph: Fusion: L=0.349, M=-0.157, S=0.233
2026-03-24 19:54:42  INFO      TradingGraph: Timeframes not aligned — stopping (L=0.349 M=-0.157 S=0.233)
2026-03-24 19:54:42  INFO      TradingRunner: Analysing USDCHF …
2026-03-24 19:54:42  INFO      TradingGraph: Running agents for USDCHF
2026-03-24 19:54:42  INFO      TradingGraph: Completed 7 agents
2026-03-24 19:54:42  INFO      TradingGraph: Fusing timeframe signals
2026-03-24 19:54:42  INFO      TradingGraph: Fusion: L=0.429, M=0.589, S=0.103
2026-03-24 19:54:42  INFO      TradingGraph: Aligned [pullback-entry] (bullish) — proceeding [L=0.429 M=0.589 S=0.103 breadth=-0.086]
2026-03-24 19:54:42  INFO      TradingGraph: Generating trading recipe
2026-03-24 19:54:42  INFO      TradingGraph: Generated recipe: LONG_PULLBACK_ENTRY_USDCHF
2026-03-24 19:54:42  INFO      TradingGraph: Risk check passed
2026-03-24 19:54:42  INFO      TradingGraph: Creating trade plan
2026-03-24 19:54:42  INFO      TradingGraph: Created trade plan: entry=0.7907, sl=0.7875, tp=0.7972
2026-03-24 19:54:42  INFO      TradingGraph: Executing trade for USDCHF
2026-03-24 19:54:42  ERROR     MT5Executor: Order rejected: retcode=10019 comment=No money vol=500.0 price=0.79072 sl=0.7874625641569906 tp=0.7972348716860188
2026-03-24 19:54:42  ERROR     TradingGraph: MT5Executor returned None — order was not placed
2026-03-24 19:54:42  INFO      TradingRunner: Analysing AUDUSD …
2026-03-24 19:54:42  INFO      TradingGraph: Running agents for AUDUSD
2026-03-24 19:54:42  INFO      TradingGraph: Completed 7 agents
2026-03-24 19:54:42  INFO      TradingGraph: Fusing timeframe signals
2026-03-24 19:54:42  INFO      TradingGraph: Fusion: L=0.308, M=0.495, S=0.161
2026-03-24 19:54:42  INFO      TradingGraph: Timeframes not aligned — stopping (L=0.308 M=0.495 S=0.161)
2026-03-24 19:54:42  INFO      TradingRunner: Analysing USDCAD …
2026-03-24 19:54:43  INFO      TradingGraph: Running agents for USDCAD
2026-03-24 19:54:43  INFO      TradingGraph: Completed 7 agents
2026-03-24 19:54:43  INFO      TradingGraph: Fusing timeframe signals
2026-03-24 19:54:43  INFO      TradingGraph: Fusion: L=0.050, M=-0.157, S=0.227
2026-03-24 19:54:43  INFO      TradingGraph: Timeframes not aligned — stopping (L=0.050 M=-0.157 S=0.227)
2026-03-24 19:54:43  INFO      TradingRunner: Analysing NZDUSD …
2026-03-24 19:54:43  INFO      TradingGraph: Running agents for NZDUSD
2026-03-24 19:54:43  INFO      TradingGraph: Completed 7 agents
2026-03-24 19:54:43  INFO      TradingGraph: Fusing timeframe signals
2026-03-24 19:54:43  INFO      TradingGraph: Fusion: L=-0.443, M=0.214, S=0.141
2026-03-24 19:54:43  INFO      TradingGraph: Aligned [pullback-entry] (bearish) — proceeding [L=-0.443 M=0.214 S=0.141 breadth=-0.086]
2026-03-24 19:54:43  INFO      TradingGraph: Generating trading recipe
2026-03-24 19:54:43  INFO      TradingGraph: Generated recipe: SHORT_PULLBACK_ENTRY_NZDUSD
2026-03-24 19:54:43  INFO      TradingGraph: Risk check passed
2026-03-24 19:54:43  INFO      TradingGraph: Creating trade plan
2026-03-24 19:54:43  INFO      TradingGraph: Created trade plan: entry=0.5817, sl=0.5853, tp=0.5746
2026-03-24 19:54:43  INFO      TradingGraph: Executing trade for NZDUSD
2026-03-24 19:54:43  ERROR     MT5Executor: Order rejected: retcode=10019 comment=No money vol=500.0 price=0.58169 sl=0.5852507781040569 tp=0.5745684437918864
2026-03-24 19:54:43  ERROR     TradingGraph: MT5Executor returned None — order was not placed
2026-03-24 19:54:43  INFO      TradingRunner: Analysing XAUUSD …
2026-03-24 19:54:43  INFO      TradingGraph: Running agents for XAUUSD
2026-03-24 19:54:43  INFO      TradingGraph: Completed 7 agents
2026-03-24 19:54:43  INFO      TradingGraph: Fusing timeframe signals
2026-03-24 19:54:43  INFO      TradingGraph: Fusion: L=0.445, M=-0.138, S=-0.093
2026-03-24 19:54:43  INFO      TradingGraph: Aligned [pullback-entry] (bullish) — proceeding [L=0.445 M=-0.138 S=-0.093 breadth=-0.086]
2026-03-24 19:54:43  INFO      TradingGraph: Generating trading recipe
2026-03-24 19:54:43  INFO      TradingGraph: Generated recipe: LONG_PULLBACK_ENTRY_XAUUSD
2026-03-24 19:54:43  INFO      TradingGraph: Risk check passed
2026-03-24 19:54:43  INFO      TradingGraph: Creating trade plan
2026-03-24 19:54:43  INFO      TradingGraph: Created trade plan: entry=4399.9000, sl=4295.2268, tp=4609.2464
2026-03-24 19:54:43  INFO      TradingGraph: Executing trade for XAUUSD
2026-03-24 19:54:44  ERROR     MT5Executor: Order rejected: retcode=10017 comment=Trade disabled vol=0.24 price=4399.9 sl=4295.226810731627 tp=4609.246378536745
2026-03-24 19:54:44  ERROR     TradingGraph: MT5Executor returned None — order was not placed
2026-03-24 19:54:44  INFO      TradingRunner: Analysing XAGUSD …
2026-03-24 19:54:44  INFO      TradingGraph: Running agents for XAGUSD
2026-03-24 19:54:44  INFO      TradingGraph: Completed 7 agents
2026-03-24 19:54:44  INFO      TradingGraph: Fusing timeframe signals
2026-03-24 19:54:44  INFO      TradingGraph: Fusion: L=-0.258, M=0.446, S=0.091
2026-03-24 19:54:44  INFO      TradingGraph: Timeframes not aligned — stopping (L=-0.258 M=0.446 S=0.091)
2026-03-24 19:54:44  INFO      TradingRunner: PnL — unrealized: +0.00  realized today: +0.00  total: +0.00
2026-03-24 19:54:44  INFO      TradingRunner: Cycle done in 3.4s — sleeping 57s
2026-03-24 19:55:41  INFO      TradingRunner: Analysing EURUSD …
2026-03-24 19:55:41  INFO      TradingGraph: Running agents for EURUSD
2026-03-24 19:55:41  INFO      TradingGraph: Completed 7 agents
2026-03-24 19:55:41  INFO      TradingGraph: Fusing timeframe signals
2026-03-24 19:55:41  INFO      TradingGraph: Fusion: L=-0.422, M=0.218, S=-0.020
2026-03-24 19:55:41  INFO      TradingGraph: Aligned [pullback-entry] (bearish) — proceeding [L=-0.422 M=0.218 S=-0.020 breadth=-0.086]
2026-03-24 19:55:41  INFO      TradingGraph: Generating trading recipe
2026-03-24 19:55:41  INFO      TradingGraph: Generated recipe: SHORT_PULLBACK_ENTRY_EURUSD
2026-03-24 19:55:41  INFO      TradingGraph: Risk check passed
2026-03-24 19:55:41  INFO      TradingGraph: Creating trade plan
2026-03-24 19:55:41  INFO      TradingGraph: Created trade plan: entry=1.1581, sl=1.1626, tp=1.1492
2026-03-24 19:55:41  INFO      TradingGraph: Executing trade for EURUSD
2026-03-24 19:55:41  ERROR     MT5Executor: Order rejected: retcode=10019 comment=No money vol=500.0 price=1.15809 sl=1.1625539226230706 tp=1.1491621547538589
2026-03-24 19:55:41  ERROR     TradingGraph: MT5Executor returned None — order was not placed
2026-03-24 19:55:41  INFO      TradingRunner: Analysing GBPUSD …
2026-03-24 19:55:42  INFO      TradingGraph: Running agents for GBPUSD
2026-03-24 19:55:42  INFO      TradingGraph: Completed 7 agents
2026-03-24 19:55:42  INFO      TradingGraph: Fusing timeframe signals
2026-03-24 19:55:42  INFO      TradingGraph: Fusion: L=-0.409, M=0.194, S=0.003
2026-03-24 19:55:42  INFO      TradingGraph: Aligned [pullback-entry] (bearish) — proceeding [L=-0.409 M=0.194 S=0.003 breadth=-0.086]
2026-03-24 19:55:42  INFO      TradingGraph: Generating trading recipe
2026-03-24 19:55:42  INFO      TradingGraph: Generated recipe: SHORT_PULLBACK_ENTRY_GBPUSD
2026-03-24 19:55:42  INFO      TradingGraph: Risk check passed
2026-03-24 19:55:42  INFO      TradingGraph: Creating trade plan
2026-03-24 19:55:42  INFO      TradingGraph: Created trade plan: entry=1.3382, sl=1.3440, tp=1.3266
2026-03-24 19:55:42  INFO      TradingGraph: Executing trade for GBPUSD
2026-03-24 19:55:42  ERROR     MT5Executor: Order rejected: retcode=10019 comment=No money vol=500.0 price=1.33819 sl=1.343991140185655 tp=1.32655771962869
2026-03-24 19:55:42  ERROR     TradingGraph: MT5Executor returned None — order was not placed
2026-03-24 19:55:42  INFO      TradingRunner: Analysing USDJPY …
2026-03-24 19:55:42  INFO      TradingGraph: Running agents for USDJPY
2026-03-24 19:55:42  INFO      TradingGraph: Completed 7 agents
2026-03-24 19:55:42  INFO      TradingGraph: Fusing timeframe signals
2026-03-24 19:55:42  INFO      TradingGraph: Fusion: L=0.349, M=-0.156, S=0.233
2026-03-24 19:55:42  INFO      TradingGraph: Timeframes not aligned — stopping (L=0.349 M=-0.156 S=0.233)
2026-03-24 19:55:42  INFO      TradingRunner: Analysing USDCHF …
2026-03-24 19:55:42  INFO      TradingGraph: Running agents for USDCHF
2026-03-24 19:55:42  INFO      TradingGraph: Completed 7 agents
2026-03-24 19:55:42  INFO      TradingGraph: Fusing timeframe signals
2026-03-24 19:55:42  INFO      TradingGraph: Fusion: L=0.430, M=0.556, S=0.127
2026-03-24 19:55:42  INFO      TradingGraph: Aligned [pullback-entry] (bullish) — proceeding [L=0.430 M=0.556 S=0.127 breadth=-0.086]
2026-03-24 19:55:42  INFO      TradingGraph: Generating trading recipe
2026-03-24 19:55:42  INFO      TradingGraph: Generated recipe: LONG_PULLBACK_ENTRY_USDCHF
2026-03-24 19:55:42  INFO      TradingGraph: Risk check passed
2026-03-24 19:55:42  INFO      TradingGraph: Creating trade plan
2026-03-24 19:55:43  INFO      TradingGraph: Created trade plan: entry=0.7910, sl=0.7877, tp=0.7975
2026-03-24 19:55:43  INFO      TradingGraph: Executing trade for USDCHF
2026-03-24 19:55:43  ERROR     MT5Executor: Order rejected: retcode=10019 comment=No money vol=500.0 price=0.79098 sl=0.7877125641569905 tp=0.7974848716860188
2026-03-24 19:55:43  ERROR     TradingGraph: MT5Executor returned None — order was not placed
2026-03-24 19:55:43  INFO      TradingRunner: Analysing AUDUSD …
2026-03-24 19:55:43  INFO      TradingGraph: Running agents for AUDUSD
2026-03-24 19:55:43  INFO      TradingGraph: Completed 7 agents
2026-03-24 19:55:43  INFO      TradingGraph: Fusing timeframe signals
2026-03-24 19:55:43  INFO      TradingGraph: Fusion: L=0.308, M=0.239, S=0.161
2026-03-24 19:55:43  INFO      TradingGraph: Timeframes not aligned — stopping (L=0.308 M=0.239 S=0.161)
2026-03-24 19:55:43  INFO      TradingRunner: Analysing USDCAD …
2026-03-24 19:55:43  INFO      TradingGraph: Running agents for USDCAD
2026-03-24 19:55:43  INFO      TradingGraph: Completed 7 agents
2026-03-24 19:55:43  INFO      TradingGraph: Fusing timeframe signals
2026-03-24 19:55:43  INFO      TradingGraph: Fusion: L=0.051, M=-0.157, S=0.227
2026-03-24 19:55:43  INFO      TradingGraph: Timeframes not aligned — stopping (L=0.051 M=-0.157 S=0.227)
2026-03-24 19:55:43  INFO      TradingRunner: Analysing NZDUSD …
2026-03-24 19:55:43  INFO      TradingGraph: Running agents for NZDUSD
2026-03-24 19:55:43  INFO      TradingGraph: Completed 7 agents
2026-03-24 19:55:43  INFO      TradingGraph: Fusing timeframe signals
2026-03-24 19:55:43  INFO      TradingGraph: Fusion: L=-0.443, M=0.247, S=0.021
2026-03-24 19:55:43  INFO      TradingGraph: Aligned [pullback-entry] (bearish) — proceeding [L=-0.443 M=0.247 S=0.021 breadth=-0.086]
2026-03-24 19:55:43  INFO      TradingGraph: Generating trading recipe
2026-03-24 19:55:43  INFO      TradingGraph: Generated recipe: SHORT_PULLBACK_ENTRY_NZDUSD
2026-03-24 19:55:43  INFO      TradingGraph: Risk check passed
2026-03-24 19:55:43  INFO      TradingGraph: Creating trade plan
2026-03-24 19:55:43  INFO      TradingGraph: Created trade plan: entry=0.5814, sl=0.5850, tp=0.5743
2026-03-24 19:55:43  INFO      TradingGraph: Executing trade for NZDUSD
2026-03-24 19:55:43  ERROR     MT5Executor: Order rejected: retcode=10019 comment=No money vol=500.0 price=0.58143 sl=0.5849907781040569 tp=0.5743084437918864
2026-03-24 19:55:43  ERROR     TradingGraph: MT5Executor returned None — order was not placed
2026-03-24 19:55:43  INFO      TradingRunner: Analysing XAUUSD …
2026-03-24 19:55:44  INFO      TradingGraph: Running agents for XAUUSD
2026-03-24 19:55:44  INFO      TradingGraph: Completed 7 agents
2026-03-24 19:55:44  INFO      TradingGraph: Fusing timeframe signals
2026-03-24 19:55:44  INFO      TradingGraph: Fusion: L=0.445, M=-0.139, S=-0.102
2026-03-24 19:55:44  INFO      TradingGraph: Aligned [pullback-entry] (bullish) — proceeding [L=0.445 M=-0.139 S=-0.102 breadth=-0.086]
2026-03-24 19:55:44  INFO      TradingGraph: Generating trading recipe
2026-03-24 19:55:44  INFO      TradingGraph: Generated recipe: LONG_PULLBACK_ENTRY_XAUUSD
2026-03-24 19:55:44  INFO      TradingGraph: Risk check passed
2026-03-24 19:55:44  INFO      TradingGraph: Creating trade plan
2026-03-24 19:55:44  INFO      TradingGraph: Created trade plan: entry=4395.2400, sl=4290.5668, tp=4604.5864
2026-03-24 19:55:44  INFO      TradingGraph: Executing trade for XAUUSD
2026-03-24 19:55:44  ERROR     MT5Executor: Order rejected: retcode=10017 comment=Trade disabled vol=0.24 price=4395.35 sl=4290.566810731627 tp=4604.5863785367455
2026-03-24 19:55:44  ERROR     TradingGraph: MT5Executor returned None — order was not placed
2026-03-24 19:55:44  INFO      TradingRunner: Analysing XAGUSD …
2026-03-24 19:55:44  INFO      TradingGraph: Running agents for XAGUSD
2026-03-24 19:55:44  INFO      TradingGraph: Completed 7 agents
2026-03-24 19:55:44  INFO      TradingGraph: Fusing timeframe signals
2026-03-24 19:55:44  INFO      TradingGraph: Fusion: L=-0.258, M=0.444, S=-0.030
2026-03-24 19:55:44  INFO      TradingGraph: Timeframes not aligned — stopping (L=-0.258 M=0.444 S=-0.030)
2026-03-24 19:55:44  INFO      TradingRunner: PnL — unrealized: +0.00  realized today: +0.00  total: +0.00
2026-03-24 19:55:44  INFO      TradingRunner: Cycle done in 3.5s — sleeping 57s
2026-03-24 19:56:41  INFO      TradingRunner: Analysing EURUSD …
2026-03-24 19:56:41  INFO      TradingGraph: Running agents for EURUSD
2026-03-24 19:56:41  INFO      TradingGraph: Completed 7 agents
2026-03-24 19:56:41  INFO      TradingGraph: Fusing timeframe signals
2026-03-24 19:56:41  INFO      TradingGraph: Fusion: L=-0.422, M=0.194, S=-0.002
2026-03-24 19:56:41  INFO      TradingGraph: Aligned [pullback-entry] (bearish) — proceeding [L=-0.422 M=0.194 S=-0.002 breadth=-0.086]
2026-03-24 19:56:41  INFO      TradingGraph: Generating trading recipe
2026-03-24 19:56:41  INFO      TradingGraph: Generated recipe: SHORT_PULLBACK_ENTRY_EURUSD
2026-03-24 19:56:41  INFO      TradingGraph: Risk check passed
2026-03-24 19:56:41  INFO      TradingGraph: Creating trade plan
2026-03-24 19:56:41  INFO      TradingGraph: Created trade plan: entry=1.1580, sl=1.1625, tp=1.1491
2026-03-24 19:56:41  INFO      TradingGraph: Executing trade for EURUSD
2026-03-24 19:56:41  ERROR     MT5Executor: Order rejected: retcode=10019 comment=No money vol=500.0 price=1.15801 sl=1.1624739226230705 tp=1.1490821547538588
2026-03-24 19:56:41  ERROR     TradingGraph: MT5Executor returned None — order was not placed
2026-03-24 19:56:41  INFO      TradingRunner: Analysing GBPUSD …
2026-03-24 19:56:41  INFO      TradingGraph: Running agents for GBPUSD
2026-03-24 19:56:41  INFO      TradingGraph: Completed 7 agents
2026-03-24 19:56:41  INFO      TradingGraph: Fusing timeframe signals
2026-03-24 19:56:41  INFO      TradingGraph: Fusion: L=-0.409, M=0.194, S=0.003
2026-03-24 19:56:41  INFO      TradingGraph: Aligned [pullback-entry] (bearish) — proceeding [L=-0.409 M=0.194 S=0.003 breadth=-0.086]
2026-03-24 19:56:41  INFO      TradingGraph: Generating trading recipe
2026-03-24 19:56:41  INFO      TradingGraph: Generated recipe: SHORT_PULLBACK_ENTRY_GBPUSD
2026-03-24 19:56:41  INFO      TradingGraph: Risk check passed
2026-03-24 19:56:41  INFO      TradingGraph: Creating trade plan
2026-03-24 19:56:41  INFO      TradingGraph: Created trade plan: entry=1.3380, sl=1.3438, tp=1.3264
2026-03-24 19:56:41  INFO      TradingGraph: Executing trade for GBPUSD
2026-03-24 19:56:42  ERROR     MT5Executor: Order rejected: retcode=10019 comment=No money vol=500.0 price=1.33802 sl=1.343831140185655 tp=1.32639771962869
2026-03-24 19:56:42  ERROR     TradingGraph: MT5Executor returned None — order was not placed
2026-03-24 19:56:42  INFO      TradingRunner: Analysing USDJPY …
2026-03-24 19:56:42  INFO      TradingGraph: Running agents for USDJPY
2026-03-24 19:56:42  INFO      TradingGraph: Completed 7 agents
2026-03-24 19:56:42  INFO      TradingGraph: Fusing timeframe signals
2026-03-24 19:56:42  INFO      TradingGraph: Fusion: L=0.349, M=-0.156, S=0.233
2026-03-24 19:56:42  INFO      TradingGraph: Timeframes not aligned — stopping (L=0.349 M=-0.156 S=0.233)
2026-03-24 19:56:42  INFO      TradingRunner: Analysing USDCHF …
2026-03-24 19:56:42  INFO      TradingGraph: Running agents for USDCHF
2026-03-24 19:56:42  INFO      TradingGraph: Completed 7 agents
2026-03-24 19:56:42  INFO      TradingGraph: Fusing timeframe signals
2026-03-24 19:56:42  INFO      TradingGraph: Fusion: L=0.430, M=0.641, S=0.247
2026-03-24 19:56:42  INFO      TradingGraph: Aligned [pullback-entry] (bullish) — proceeding [L=0.430 M=0.641 S=0.247 breadth=-0.086]
2026-03-24 19:56:42  INFO      TradingGraph: Generating trading recipe
2026-03-24 19:56:42  INFO      TradingGraph: Generated recipe: LONG_PULLBACK_ENTRY_USDCHF
2026-03-24 19:56:42  INFO      TradingGraph: Risk check passed
2026-03-24 19:56:42  INFO      TradingGraph: Creating trade plan
2026-03-24 19:56:42  INFO      TradingGraph: Created trade plan: entry=0.7910, sl=0.7878, tp=0.7975
2026-03-24 19:56:42  INFO      TradingGraph: Executing trade for USDCHF
2026-03-24 19:56:42  ERROR     MT5Executor: Order rejected: retcode=10019 comment=No money vol=500.0 price=0.79102 sl=0.7877625641569905 tp=0.7975348716860188
2026-03-24 19:56:42  ERROR     TradingGraph: MT5Executor returned None — order was not placed
2026-03-24 19:56:42  INFO      TradingRunner: Analysing AUDUSD …
2026-03-24 19:56:42  INFO      TradingGraph: Running agents for AUDUSD
2026-03-24 19:56:42  INFO      TradingGraph: Completed 7 agents
2026-03-24 19:56:42  INFO      TradingGraph: Fusing timeframe signals
2026-03-24 19:56:42  INFO      TradingGraph: Fusion: L=0.308, M=0.239, S=0.145
2026-03-24 19:56:42  INFO      TradingGraph: Timeframes not aligned — stopping (L=0.308 M=0.239 S=0.145)
2026-03-24 19:56:42  INFO      TradingRunner: Analysing USDCAD …
2026-03-24 19:56:42  INFO      TradingGraph: Running agents for USDCAD
2026-03-24 19:56:42  INFO      TradingGraph: Completed 7 agents
2026-03-24 19:56:42  INFO      TradingGraph: Fusing timeframe signals
2026-03-24 19:56:42  INFO      TradingGraph: Fusion: L=0.051, M=-0.157, S=0.227
2026-03-24 19:56:42  INFO      TradingGraph: Timeframes not aligned — stopping (L=0.051 M=-0.157 S=0.227)
2026-03-24 19:56:42  INFO      TradingRunner: Analysing NZDUSD …
2026-03-24 19:56:43  INFO      TradingGraph: Running agents for NZDUSD
2026-03-24 19:56:43  INFO      TradingGraph: Completed 7 agents
2026-03-24 19:56:43  INFO      TradingGraph: Fusing timeframe signals
2026-03-24 19:56:43  INFO      TradingGraph: Fusion: L=-0.444, M=0.246, S=0.038
2026-03-24 19:56:43  INFO      TradingGraph: Aligned [pullback-entry] (bearish) — proceeding [L=-0.444 M=0.246 S=0.038 breadth=-0.086]
2026-03-24 19:56:43  INFO      TradingGraph: Generating trading recipe
2026-03-24 19:56:43  INFO      TradingGraph: Generated recipe: SHORT_PULLBACK_ENTRY_NZDUSD
2026-03-24 19:56:43  INFO      TradingGraph: Risk check passed
2026-03-24 19:56:43  INFO      TradingGraph: Creating trade plan
2026-03-24 19:56:43  INFO      TradingGraph: Created trade plan: entry=0.5813, sl=0.5849, tp=0.5742
2026-03-24 19:56:43  INFO      TradingGraph: Executing trade for NZDUSD
2026-03-24 19:56:43  ERROR     MT5Executor: Order rejected: retcode=10019 comment=No money vol=500.0 price=0.58129 sl=0.5848507781040568 tp=0.5741684437918864
2026-03-24 19:56:43  ERROR     TradingGraph: MT5Executor returned None — order was not placed
2026-03-24 19:56:43  INFO      TradingRunner: Analysing XAUUSD …
2026-03-24 19:56:43  INFO      TradingGraph: Running agents for XAUUSD
2026-03-24 19:56:43  INFO      TradingGraph: Completed 7 agents
2026-03-24 19:56:43  INFO      TradingGraph: Fusing timeframe signals
2026-03-24 19:56:43  INFO      TradingGraph: Fusion: L=0.444, M=-0.137, S=-0.101
2026-03-24 19:56:43  INFO      TradingGraph: Aligned [pullback-entry] (bullish) — proceeding [L=0.444 M=-0.137 S=-0.101 breadth=-0.086]
2026-03-24 19:56:43  INFO      TradingGraph: Generating trading recipe
2026-03-24 19:56:43  INFO      TradingGraph: Generated recipe: LONG_PULLBACK_ENTRY_XAUUSD
2026-03-24 19:56:43  INFO      TradingGraph: Risk check passed
2026-03-24 19:56:43  INFO      TradingGraph: Creating trade plan
2026-03-24 19:56:43  INFO      TradingGraph: Created trade plan: entry=4392.1200, sl=4287.4468, tp=4601.4664
2026-03-24 19:56:43  INFO      TradingGraph: Executing trade for XAUUSD
2026-03-24 19:56:43  ERROR     MT5Executor: Order rejected: retcode=10017 comment=Trade disabled vol=0.24 price=4392.12 sl=4287.446810731627 tp=4601.466378536746
2026-03-24 19:56:43  ERROR     TradingGraph: MT5Executor returned None — order was not placed
2026-03-24 19:56:43  INFO      TradingRunner: Analysing XAGUSD …
2026-03-24 19:56:43  INFO      TradingGraph: Running agents for XAGUSD
2026-03-24 19:56:43  INFO      TradingGraph: Completed 7 agents
2026-03-24 19:56:43  INFO      TradingGraph: Fusing timeframe signals
2026-03-24 19:56:43  INFO      TradingGraph: Fusion: L=-0.258, M=0.443, S=-0.030
2026-03-24 19:56:43  INFO      TradingGraph: Timeframes not aligned — stopping (L=-0.258 M=0.443 S=-0.030)
2026-03-24 19:56:43  INFO      TradingRunner: PnL — unrealized: +0.00  realized today: +0.00  total: +0.00
2026-03-24 19:56:43  INFO      TradingRunner: Cycle done in 2.2s — sleeping 58s
2026-03-24 19:57:41  INFO      TradingRunner: Analysing EURUSD …
2026-03-24 19:57:41  INFO      TradingGraph: Running agents for EURUSD
2026-03-24 19:57:41  INFO      TradingGraph: Completed 7 agents
2026-03-24 19:57:41  INFO      TradingGraph: Fusing timeframe signals
2026-03-24 19:57:41  INFO      TradingGraph: Fusion: L=-0.422, M=0.218, S=-0.002
2026-03-24 19:57:41  INFO      TradingGraph: Aligned [pullback-entry] (bearish) — proceeding [L=-0.422 M=0.218 S=-0.002 breadth=-0.086]
2026-03-24 19:57:41  INFO      TradingGraph: Generating trading recipe
2026-03-24 19:57:41  INFO      TradingGraph: Generated recipe: SHORT_PULLBACK_ENTRY_EURUSD
2026-03-24 19:57:41  INFO      TradingGraph: Risk check passed
2026-03-24 19:57:41  INFO      TradingGraph: Creating trade plan
2026-03-24 19:57:41  INFO      TradingGraph: Created trade plan: entry=1.1581, sl=1.1625, tp=1.1492
2026-03-24 19:57:41  INFO      TradingGraph: Executing trade for EURUSD
2026-03-24 19:57:41  ERROR     MT5Executor: Order rejected: retcode=10019 comment=No money vol=500.0 price=1.15808 sl=1.1625439226230705 tp=1.1491521547538588
2026-03-24 19:57:41  ERROR     TradingGraph: MT5Executor returned None — order was not placed
2026-03-24 19:57:41  INFO      TradingRunner: Analysing GBPUSD …
2026-03-24 19:57:42  INFO      TradingGraph: Running agents for GBPUSD
2026-03-24 19:57:42  INFO      TradingGraph: Completed 7 agents
2026-03-24 19:57:42  INFO      TradingGraph: Fusing timeframe signals
2026-03-24 19:57:42  INFO      TradingGraph: Fusion: L=-0.409, M=0.194, S=0.003
2026-03-24 19:57:42  INFO      TradingGraph: Aligned [pullback-entry] (bearish) — proceeding [L=-0.409 M=0.194 S=0.003 breadth=-0.086]
2026-03-24 19:57:42  INFO      TradingGraph: Generating trading recipe
2026-03-24 19:57:42  INFO      TradingGraph: Generated recipe: SHORT_PULLBACK_ENTRY_GBPUSD
2026-03-24 19:57:42  INFO      TradingGraph: Risk check passed
2026-03-24 19:57:42  INFO      TradingGraph: Creating trade plan
2026-03-24 19:57:42  INFO      TradingGraph: Created trade plan: entry=1.3381, sl=1.3440, tp=1.3265
2026-03-24 19:57:42  INFO      TradingGraph: Executing trade for GBPUSD
2026-03-24 19:57:42  ERROR     MT5Executor: Order rejected: retcode=10019 comment=No money vol=500.0 price=1.33815 sl=1.343961140185655 tp=1.32652771962869
2026-03-24 19:57:42  ERROR     TradingGraph: MT5Executor returned None — order was not placed
2026-03-24 19:57:42  INFO      TradingRunner: Analysing USDJPY …
2026-03-24 19:57:42  INFO      TradingGraph: Running agents for USDJPY
2026-03-24 19:57:42  INFO      TradingGraph: Completed 7 agents
2026-03-24 19:57:42  INFO      TradingGraph: Fusing timeframe signals
2026-03-24 19:57:42  INFO      TradingGraph: Fusion: L=0.349, M=-0.156, S=0.233
2026-03-24 19:57:42  INFO      TradingGraph: Timeframes not aligned — stopping (L=0.349 M=-0.156 S=0.233)
2026-03-24 19:57:42  INFO      TradingRunner: Analysing USDCHF …
2026-03-24 19:57:42  INFO      TradingGraph: Running agents for USDCHF
2026-03-24 19:57:42  INFO      TradingGraph: Completed 7 agents
2026-03-24 19:57:42  INFO      TradingGraph: Fusing timeframe signals
2026-03-24 19:57:42  INFO      TradingGraph: Fusion: L=0.430, M=0.556, S=0.123
2026-03-24 19:57:42  INFO      TradingGraph: Aligned [pullback-entry] (bullish) — proceeding [L=0.430 M=0.556 S=0.123 breadth=-0.086]
2026-03-24 19:57:42  INFO      TradingGraph: Generating trading recipe
2026-03-24 19:57:42  INFO      TradingGraph: Generated recipe: LONG_PULLBACK_ENTRY_USDCHF
2026-03-24 19:57:42  INFO      TradingGraph: Risk check passed
2026-03-24 19:57:42  INFO      TradingGraph: Creating trade plan
2026-03-24 19:57:42  INFO      TradingGraph: Created trade plan: entry=0.7910, sl=0.7877, tp=0.7975
2026-03-24 19:57:42  INFO      TradingGraph: Executing trade for USDCHF
2026-03-24 19:57:42  ERROR     MT5Executor: Order rejected: retcode=10019 comment=No money vol=500.0 price=0.79097 sl=0.7877125641569905 tp=0.7974848716860188
2026-03-24 19:57:42  ERROR     TradingGraph: MT5Executor returned None — order was not placed
2026-03-24 19:57:42  INFO      TradingRunner: Analysing AUDUSD …
2026-03-24 19:57:43  INFO      TradingGraph: Running agents for AUDUSD
2026-03-24 19:57:43  INFO      TradingGraph: Completed 7 agents
2026-03-24 19:57:43  INFO      TradingGraph: Fusing timeframe signals
2026-03-24 19:57:43  INFO      TradingGraph: Fusion: L=0.308, M=0.239, S=0.161
2026-03-24 19:57:43  INFO      TradingGraph: Timeframes not aligned — stopping (L=0.308 M=0.239 S=0.161)
2026-03-24 19:57:43  INFO      TradingRunner: Analysing USDCAD …
2026-03-24 19:57:43  INFO      TradingGraph: Running agents for USDCAD
2026-03-24 19:57:43  INFO      TradingGraph: Completed 7 agents
2026-03-24 19:57:43  INFO      TradingGraph: Fusing timeframe signals
2026-03-24 19:57:43  INFO      TradingGraph: Fusion: L=0.051, M=-0.157, S=0.227
2026-03-24 19:57:43  INFO      TradingGraph: Timeframes not aligned — stopping (L=0.051 M=-0.157 S=0.227)
2026-03-24 19:57:43  INFO      TradingRunner: Analysing NZDUSD …
2026-03-24 19:57:43  INFO      TradingGraph: Running agents for NZDUSD
2026-03-24 19:57:43  INFO      TradingGraph: Completed 7 agents
2026-03-24 19:57:43  INFO      TradingGraph: Fusing timeframe signals
2026-03-24 19:57:43  INFO      TradingGraph: Fusion: L=-0.443, M=0.247, S=0.022
2026-03-24 19:57:43  INFO      TradingGraph: Aligned [pullback-entry] (bearish) — proceeding [L=-0.443 M=0.247 S=0.022 breadth=-0.086]
2026-03-24 19:57:43  INFO      TradingGraph: Generating trading recipe
2026-03-24 19:57:43  INFO      TradingGraph: Generated recipe: SHORT_PULLBACK_ENTRY_NZDUSD
2026-03-24 19:57:43  INFO      TradingGraph: Risk check passed
2026-03-24 19:57:43  INFO      TradingGraph: Creating trade plan
2026-03-24 19:57:43  INFO      TradingGraph: Created trade plan: entry=0.5815, sl=0.5850, tp=0.5743
2026-03-24 19:57:43  INFO      TradingGraph: Executing trade for NZDUSD
2026-03-24 19:57:43  ERROR     MT5Executor: Order rejected: retcode=10019 comment=No money vol=500.0 price=0.58145 sl=0.5850107781040569 tp=0.5743284437918864
2026-03-24 19:57:43  ERROR     TradingGraph: MT5Executor returned None — order was not placed
2026-03-24 19:57:43  INFO      TradingRunner: Analysing XAUUSD …
2026-03-24 19:57:44  INFO      TradingGraph: Running agents for XAUUSD
2026-03-24 19:57:44  INFO      TradingGraph: Completed 7 agents
2026-03-24 19:57:44  INFO      TradingGraph: Fusing timeframe signals
2026-03-24 19:57:44  INFO      TradingGraph: Fusion: L=0.445, M=-0.139, S=-0.102
2026-03-24 19:57:44  INFO      TradingGraph: Aligned [pullback-entry] (bullish) — proceeding [L=0.445 M=-0.139 S=-0.102 breadth=-0.086]
2026-03-24 19:57:44  INFO      TradingGraph: Generating trading recipe
2026-03-24 19:57:44  INFO      TradingGraph: Generated recipe: LONG_PULLBACK_ENTRY_XAUUSD
2026-03-24 19:57:44  INFO      TradingGraph: Risk check passed
2026-03-24 19:57:44  INFO      TradingGraph: Creating trade plan
2026-03-24 19:57:44  INFO      TradingGraph: Created trade plan: entry=4394.4200, sl=4289.7468, tp=4603.7664
2026-03-24 19:57:44  INFO      TradingGraph: Executing trade for XAUUSD
2026-03-24 19:57:44  ERROR     MT5Executor: Order rejected: retcode=10017 comment=Trade disabled vol=0.24 price=4394.42 sl=4289.746810731627 tp=4603.766378536746
2026-03-24 19:57:44  ERROR     TradingGraph: MT5Executor returned None — order was not placed
2026-03-24 19:57:44  INFO      TradingRunner: Analysing XAGUSD …
2026-03-24 19:57:44  INFO      TradingGraph: Running agents for XAGUSD
2026-03-24 19:57:44  INFO      TradingGraph: Completed 7 agents
2026-03-24 19:57:44  INFO      TradingGraph: Fusing timeframe signals
2026-03-24 19:57:44  INFO      TradingGraph: Fusion: L=-0.258, M=0.444, S=-0.030
2026-03-24 19:57:44  INFO      TradingGraph: Timeframes not aligned — stopping (L=-0.258 M=0.444 S=-0.030)
2026-03-24 19:57:44  INFO      TradingRunner: PnL — unrealized: +0.00  realized today: +0.00  total: +0.00
2026-03-24 19:57:44  INFO      TradingRunner: Cycle done in 3.1s — sleeping 57s
2026-03-24 19:58:41  INFO      TradingRunner: Analysing EURUSD …
2026-03-24 19:58:42  INFO      TradingGraph: Running agents for EURUSD
2026-03-24 19:58:42  INFO      TradingGraph: Completed 7 agents
2026-03-24 19:58:42  INFO      TradingGraph: Fusing timeframe signals
2026-03-24 19:58:42  INFO      TradingGraph: Fusion: L=-0.422, M=0.194, S=-0.002
2026-03-24 19:58:42  INFO      TradingGraph: Aligned [pullback-entry] (bearish) — proceeding [L=-0.422 M=0.194 S=-0.002 breadth=-0.086]
2026-03-24 19:58:42  INFO      TradingGraph: Generating trading recipe
2026-03-24 19:58:42  INFO      TradingGraph: Generated recipe: SHORT_PULLBACK_ENTRY_EURUSD
2026-03-24 19:58:42  INFO      TradingGraph: Risk check passed
2026-03-24 19:58:42  INFO      TradingGraph: Creating trade plan
2026-03-24 19:58:42  INFO      TradingGraph: Created trade plan: entry=1.1580, sl=1.1625, tp=1.1491
2026-03-24 19:58:42  INFO      TradingGraph: Executing trade for EURUSD
2026-03-24 19:58:42  ERROR     MT5Executor: Order rejected: retcode=10019 comment=No money vol=500.0 price=1.158 sl=1.1624639226230704 tp=1.1490721547538587
2026-03-24 19:58:42  ERROR     TradingGraph: MT5Executor returned None — order was not placed
2026-03-24 19:58:42  INFO      TradingRunner: Analysing GBPUSD …
2026-03-24 19:58:42  INFO      TradingGraph: Running agents for GBPUSD
2026-03-24 19:58:42  INFO      TradingGraph: Completed 7 agents
2026-03-24 19:58:42  INFO      TradingGraph: Fusing timeframe signals
2026-03-24 19:58:42  INFO      TradingGraph: Fusion: L=-0.409, M=0.194, S=0.003
2026-03-24 19:58:42  INFO      TradingGraph: Aligned [pullback-entry] (bearish) — proceeding [L=-0.409 M=0.194 S=0.003 breadth=-0.086]
2026-03-24 19:58:42  INFO      TradingGraph: Generating trading recipe
2026-03-24 19:58:42  INFO      TradingGraph: Generated recipe: SHORT_PULLBACK_ENTRY_GBPUSD
2026-03-24 19:58:42  INFO      TradingGraph: Risk check passed
2026-03-24 19:58:42  INFO      TradingGraph: Creating trade plan
2026-03-24 19:58:42  INFO      TradingGraph: Created trade plan: entry=1.3381, sl=1.3439, tp=1.3265
2026-03-24 19:58:42  INFO      TradingGraph: Executing trade for GBPUSD
2026-03-24 19:58:42  ERROR     MT5Executor: Order rejected: retcode=10019 comment=No money vol=500.0 price=1.33813 sl=1.343921140185655 tp=1.32648771962869
2026-03-24 19:58:42  ERROR     TradingGraph: MT5Executor returned None — order was not placed
2026-03-24 19:58:42  INFO      TradingRunner: Analysing USDJPY …
2026-03-24 19:58:43  INFO      TradingGraph: Running agents for USDJPY
2026-03-24 19:58:43  INFO      TradingGraph: Completed 7 agents
2026-03-24 19:58:43  INFO      TradingGraph: Fusing timeframe signals
2026-03-24 19:58:43  INFO      TradingGraph: Fusion: L=0.349, M=-0.156, S=0.234
2026-03-24 19:58:43  INFO      TradingGraph: Timeframes not aligned — stopping (L=0.349 M=-0.156 S=0.234)
2026-03-24 19:58:43  INFO      TradingRunner: Analysing USDCHF …
2026-03-24 19:58:43  INFO      TradingGraph: Running agents for USDCHF
2026-03-24 19:58:43  INFO      TradingGraph: Completed 7 agents
2026-03-24 19:58:43  INFO      TradingGraph: Fusing timeframe signals
2026-03-24 19:58:43  INFO      TradingGraph: Fusion: L=0.430, M=0.641, S=0.254
2026-03-24 19:58:43  INFO      TradingGraph: Aligned [full-alignment] (bullish) — proceeding [L=0.430 M=0.641 S=0.254 breadth=-0.086]
2026-03-24 19:58:43  INFO      TradingGraph: Generating trading recipe
2026-03-24 19:58:43  INFO      TradingGraph: Generated recipe: LONG_FULL_ALIGNMENT_USDCHF
2026-03-24 19:58:43  INFO      TradingGraph: Risk check passed
2026-03-24 19:58:43  INFO      TradingGraph: Creating trade plan
2026-03-24 19:58:43  INFO      TradingGraph: Created trade plan: entry=0.7910, sl=0.7878, tp=0.7976
2026-03-24 19:58:43  INFO      TradingGraph: Executing trade for USDCHF
2026-03-24 19:58:43  ERROR     MT5Executor: Order rejected: retcode=10019 comment=No money vol=500.0 price=0.79104 sl=0.7877825641569906 tp=0.7975548716860188
2026-03-24 19:58:43  ERROR     TradingGraph: MT5Executor returned None — order was not placed
2026-03-24 19:58:43  INFO      TradingRunner: Analysing AUDUSD …
2026-03-24 19:58:43  INFO      TradingGraph: Running agents for AUDUSD
2026-03-24 19:58:43  INFO      TradingGraph: Completed 7 agents
2026-03-24 19:58:43  INFO      TradingGraph: Fusing timeframe signals
2026-03-24 19:58:44  INFO      TradingGraph: Fusion: L=0.308, M=0.239, S=0.161
2026-03-24 19:58:44  INFO      TradingGraph: Timeframes not aligned — stopping (L=0.308 M=0.239 S=0.161)
2026-03-24 19:58:44  INFO      TradingRunner: Analysing USDCAD …
2026-03-24 19:58:44  INFO      TradingGraph: Running agents for USDCAD
2026-03-24 19:58:44  INFO      TradingGraph: Completed 7 agents
2026-03-24 19:58:44  INFO      TradingGraph: Fusing timeframe signals
2026-03-24 19:58:44  INFO      TradingGraph: Fusion: L=0.051, M=-0.157, S=0.227
2026-03-24 19:58:44  INFO      TradingGraph: Timeframes not aligned — stopping (L=0.051 M=-0.157 S=0.227)
2026-03-24 19:58:44  INFO      TradingRunner: Analysing NZDUSD …
2026-03-24 19:58:44  INFO      TradingGraph: Running agents for NZDUSD
2026-03-24 19:58:44  INFO      TradingGraph: Completed 7 agents
2026-03-24 19:58:44  INFO      TradingGraph: Fusing timeframe signals
2026-03-24 19:58:44  INFO      TradingGraph: Fusion: L=-0.443, M=0.247, S=0.022
2026-03-24 19:58:44  INFO      TradingGraph: Aligned [pullback-entry] (bearish) — proceeding [L=-0.443 M=0.247 S=0.022 breadth=-0.086]
2026-03-24 19:58:44  INFO      TradingGraph: Generating trading recipe
2026-03-24 19:58:44  INFO      TradingGraph: Generated recipe: SHORT_PULLBACK_ENTRY_NZDUSD
2026-03-24 19:58:44  INFO      TradingGraph: Risk check passed
2026-03-24 19:58:44  INFO      TradingGraph: Creating trade plan
2026-03-24 19:58:44  INFO      TradingGraph: Created trade plan: entry=0.5815, sl=0.5850, tp=0.5743
2026-03-24 19:58:44  INFO      TradingGraph: Executing trade for NZDUSD
2026-03-24 19:58:44  ERROR     MT5Executor: Order rejected: retcode=10019 comment=No money vol=500.0 price=0.58146 sl=0.5850207781040568 tp=0.5743384437918864
2026-03-24 19:58:44  ERROR     TradingGraph: MT5Executor returned None — order was not placed
2026-03-24 19:58:44  INFO      TradingRunner: Analysing XAUUSD …
2026-03-24 19:58:44  INFO      TradingGraph: Running agents for XAUUSD
2026-03-24 19:58:44  INFO      TradingGraph: Completed 7 agents
2026-03-24 19:58:44  INFO      TradingGraph: Fusing timeframe signals
2026-03-24 19:58:44  INFO      TradingGraph: Fusion: L=0.444, M=0.018, S=-0.100
2026-03-24 19:58:44  INFO      TradingGraph: Aligned [pullback-entry] (bullish) — proceeding [L=0.444 M=0.018 S=-0.100 breadth=-0.086]
2026-03-24 19:58:44  INFO      TradingGraph: Generating trading recipe
2026-03-24 19:58:44  INFO      TradingGraph: Generated recipe: LONG_PULLBACK_ENTRY_XAUUSD
2026-03-24 19:58:44  INFO      TradingGraph: Risk check passed
2026-03-24 19:58:44  INFO      TradingGraph: Creating trade plan
2026-03-24 19:58:44  INFO      TradingGraph: Created trade plan: entry=4389.6000, sl=4284.9268, tp=4598.9464
2026-03-24 19:58:44  INFO      TradingGraph: Executing trade for XAUUSD
2026-03-24 19:58:45  ERROR     MT5Executor: Order rejected: retcode=10017 comment=Trade disabled vol=0.24 price=4389.6 sl=4284.9268107316275 tp=4598.946378536746
2026-03-24 19:58:45  ERROR     TradingGraph: MT5Executor returned None — order was not placed
2026-03-24 19:58:45  INFO      TradingRunner: Analysing XAGUSD …
2026-03-24 19:58:45  INFO      TradingGraph: Running agents for XAGUSD
2026-03-24 19:58:45  INFO      TradingGraph: Completed 7 agents
2026-03-24 19:58:45  INFO      TradingGraph: Fusing timeframe signals
2026-03-24 19:58:45  INFO      TradingGraph: Fusion: L=-0.258, M=0.443, S=-0.030
2026-03-24 19:58:45  INFO      TradingGraph: Timeframes not aligned — stopping (L=-0.258 M=0.443 S=-0.030)
2026-03-24 19:58:45  INFO      TradingRunner: PnL — unrealized: +0.00  realized today: +0.00  total: +0.00
2026-03-24 19:58:45  INFO      TradingRunner: Cycle done in 3.8s — sleeping 56s
2026-03-24 19:59:41  INFO      TradingRunner: Analysing EURUSD …
2026-03-24 19:59:42  INFO      TradingGraph: Running agents for EURUSD
2026-03-24 19:59:42  INFO      TradingGraph: Completed 7 agents
2026-03-24 19:59:42  INFO      TradingGraph: Fusing timeframe signals
2026-03-24 19:59:42  INFO      TradingGraph: Fusion: L=-0.422, M=0.218, S=0.025
2026-03-24 19:59:42  INFO      TradingGraph: Aligned [pullback-entry] (bearish) — proceeding [L=-0.422 M=0.218 S=0.025 breadth=-0.086]
2026-03-24 19:59:42  INFO      TradingGraph: Generating trading recipe
2026-03-24 19:59:42  INFO      TradingGraph: Generated recipe: SHORT_PULLBACK_ENTRY_EURUSD
2026-03-24 19:59:42  INFO      TradingGraph: Risk check passed
2026-03-24 19:59:42  INFO      TradingGraph: Creating trade plan
2026-03-24 19:59:42  INFO      TradingGraph: Created trade plan: entry=1.1581, sl=1.1626, tp=1.1492
2026-03-24 19:59:42  INFO      TradingGraph: Executing trade for EURUSD
2026-03-24 19:59:42  ERROR     MT5Executor: Order rejected: retcode=10019 comment=No money vol=500.0 price=1.1581299999999999 sl=1.1625939226230704 tp=1.1492021547538587
2026-03-24 19:59:42  ERROR     TradingGraph: MT5Executor returned None — order was not placed
2026-03-24 19:59:42  INFO      TradingRunner: Analysing GBPUSD …
2026-03-24 19:59:42  INFO      TradingGraph: Running agents for GBPUSD
2026-03-24 19:59:42  INFO      TradingGraph: Completed 7 agents
2026-03-24 19:59:42  INFO      TradingGraph: Fusing timeframe signals
2026-03-24 19:59:42  INFO      TradingGraph: Fusion: L=-0.409, M=0.194, S=0.003
2026-03-24 19:59:42  INFO      TradingGraph: Aligned [pullback-entry] (bearish) — proceeding [L=-0.409 M=0.194 S=0.003 breadth=-0.086]
2026-03-24 19:59:42  INFO      TradingGraph: Generating trading recipe
2026-03-24 19:59:42  INFO      TradingGraph: Generated recipe: SHORT_PULLBACK_ENTRY_GBPUSD
2026-03-24 19:59:42  INFO      TradingGraph: Risk check passed
2026-03-24 19:59:42  INFO      TradingGraph: Creating trade plan
2026-03-24 19:59:42  INFO      TradingGraph: Created trade plan: entry=1.3383, sl=1.3441, tp=1.3266
2026-03-24 19:59:42  INFO      TradingGraph: Executing trade for GBPUSD
2026-03-24 19:59:42  ERROR     MT5Executor: Order rejected: retcode=10019 comment=No money vol=500.0 price=1.33826 sl=1.344071140185655 tp=1.32663771962869
2026-03-24 19:59:42  ERROR     TradingGraph: MT5Executor returned None — order was not placed
2026-03-24 19:59:42  INFO      TradingRunner: Analysing USDJPY …
2026-03-24 19:59:43  INFO      TradingGraph: Running agents for USDJPY
2026-03-24 19:59:43  INFO      TradingGraph: Completed 7 agents
2026-03-24 19:59:43  INFO      TradingGraph: Fusing timeframe signals
2026-03-24 19:59:43  INFO      TradingGraph: Fusion: L=0.349, M=-0.156, S=0.234
2026-03-24 19:59:43  INFO      TradingGraph: Timeframes not aligned — stopping (L=0.349 M=-0.156 S=0.234)
2026-03-24 19:59:43  INFO      TradingRunner: Analysing USDCHF …
2026-03-24 19:59:43  INFO      TradingGraph: Running agents for USDCHF
2026-03-24 19:59:43  INFO      TradingGraph: Completed 7 agents
2026-03-24 19:59:43  INFO      TradingGraph: Fusing timeframe signals
2026-03-24 19:59:43  INFO      TradingGraph: Fusion: L=0.430, M=0.556, S=0.122
2026-03-24 19:59:43  INFO      TradingGraph: Aligned [pullback-entry] (bullish) — proceeding [L=0.430 M=0.556 S=0.122 breadth=-0.086]
2026-03-24 19:59:43  INFO      TradingGraph: Generating trading recipe
2026-03-24 19:59:43  INFO      TradingGraph: Generated recipe: LONG_PULLBACK_ENTRY_USDCHF
2026-03-24 19:59:43  INFO      TradingGraph: Risk check passed
2026-03-24 19:59:43  INFO      TradingGraph: Creating trade plan
2026-03-24 19:59:43  INFO      TradingGraph: Created trade plan: entry=0.7909, sl=0.7877, tp=0.7975
2026-03-24 19:59:43  INFO      TradingGraph: Executing trade for USDCHF
2026-03-24 19:59:43  ERROR     MT5Executor: Order rejected: retcode=10019 comment=No money vol=500.0 price=0.79094 sl=0.7876825641569906 tp=0.7974548716860188
2026-03-24 19:59:43  ERROR     TradingGraph: MT5Executor returned None — order was not placed
2026-03-24 19:59:43  INFO      TradingRunner: Analysing AUDUSD …
2026-03-24 19:59:44  INFO      TradingGraph: Running agents for AUDUSD
2026-03-24 19:59:44  INFO      TradingGraph: Completed 7 agents
2026-03-24 19:59:44  INFO      TradingGraph: Fusing timeframe signals
2026-03-24 19:59:44  INFO      TradingGraph: Fusion: L=0.308, M=0.500, S=0.161
2026-03-24 19:59:44  INFO      TradingGraph: Timeframes not aligned — stopping (L=0.308 M=0.500 S=0.161)
2026-03-24 19:59:44  INFO      TradingRunner: Analysing USDCAD …
2026-03-24 19:59:44  INFO      TradingGraph: Running agents for USDCAD
2026-03-24 19:59:44  INFO      TradingGraph: Completed 7 agents
2026-03-24 19:59:44  INFO      TradingGraph: Fusing timeframe signals
2026-03-24 19:59:44  INFO      TradingGraph: Fusion: L=0.051, M=-0.157, S=0.227
2026-03-24 19:59:44  INFO      TradingGraph: Timeframes not aligned — stopping (L=0.051 M=-0.157 S=0.227)
2026-03-24 19:59:44  INFO      TradingRunner: Analysing NZDUSD …
2026-03-24 19:59:45  INFO      TradingGraph: Running agents for NZDUSD
2026-03-24 19:59:45  INFO      TradingGraph: Completed 7 agents
2026-03-24 19:59:45  INFO      TradingGraph: Fusing timeframe signals
2026-03-24 19:59:45  INFO      TradingGraph: Fusion: L=-0.443, M=0.214, S=0.022
2026-03-24 19:59:45  INFO      TradingGraph: Aligned [pullback-entry] (bearish) — proceeding [L=-0.443 M=0.214 S=0.022 breadth=-0.086]
2026-03-24 19:59:45  INFO      TradingGraph: Generating trading recipe
2026-03-24 19:59:45  INFO      TradingGraph: Generated recipe: SHORT_PULLBACK_ENTRY_NZDUSD
2026-03-24 19:59:45  INFO      TradingGraph: Risk check passed
2026-03-24 19:59:45  INFO      TradingGraph: Creating trade plan
2026-03-24 19:59:45  INFO      TradingGraph: Created trade plan: entry=0.5815, sl=0.5851, tp=0.5744
2026-03-24 19:59:45  INFO      TradingGraph: Executing trade for NZDUSD
2026-03-24 19:59:45  ERROR     MT5Executor: Order rejected: retcode=10019 comment=No money vol=500.0 price=0.58153 sl=0.5851007781040568 tp=0.5744184437918863
2026-03-24 19:59:45  ERROR     TradingGraph: MT5Executor returned None — order was not placed
2026-03-24 19:59:45  INFO      TradingRunner: Analysing XAUUSD …
2026-03-24 19:59:46  INFO      TradingGraph: Running agents for XAUUSD
2026-03-24 19:59:46  INFO      TradingGraph: Completed 7 agents
2026-03-24 19:59:46  INFO      TradingGraph: Fusing timeframe signals
2026-03-24 19:59:46  INFO      TradingGraph: Fusion: L=0.444, M=0.144, S=-0.099
2026-03-24 19:59:46  INFO      TradingGraph: Aligned [pullback-entry] (bullish) — proceeding [L=0.444 M=0.144 S=-0.099 breadth=-0.086]
2026-03-24 19:59:46  INFO      TradingGraph: Generating trading recipe
2026-03-24 19:59:46  INFO      TradingGraph: Generated recipe: LONG_PULLBACK_ENTRY_XAUUSD
2026-03-24 19:59:46  INFO      TradingGraph: Risk check passed
2026-03-24 19:59:46  INFO      TradingGraph: Creating trade plan
2026-03-24 19:59:46  INFO      TradingGraph: Created trade plan: entry=4388.6300, sl=4283.9568, tp=4597.9764
2026-03-24 19:59:46  INFO      TradingGraph: Executing trade for XAUUSD
2026-03-24 19:59:46  ERROR     MT5Executor: Order rejected: retcode=10017 comment=Trade disabled vol=0.24 price=4388.63 sl=4283.956810731627 tp=4597.976378536746
2026-03-24 19:59:46  ERROR     TradingGraph: MT5Executor returned None — order was not placed
2026-03-24 19:59:46  INFO      TradingRunner: Analysing XAGUSD …
2026-03-24 19:59:46  INFO      TradingGraph: Running agents for XAGUSD
2026-03-24 19:59:46  INFO      TradingGraph: Completed 7 agents
2026-03-24 19:59:46  INFO      TradingGraph: Fusing timeframe signals
2026-03-24 19:59:46  INFO      TradingGraph: Fusion: L=-0.258, M=0.443, S=-0.030
2026-03-24 19:59:46  INFO      TradingGraph: Timeframes not aligned — stopping (L=-0.258 M=0.443 S=-0.030)
2026-03-24 19:59:46  INFO      TradingRunner: PnL — unrealized: +0.00  realized today: +0.00  total: +0.00
2026-03-24 19:59:46  INFO      TradingRunner: Cycle done in 4.9s — sleeping 55s
2026-03-24 20:00:41  INFO      TradingRunner: Analysing EURUSD …
2026-03-24 20:00:42  INFO      TradingGraph: Running agents for EURUSD
2026-03-24 20:00:42  INFO      TradingGraph: Completed 7 agents
2026-03-24 20:00:42  INFO      TradingGraph: Fusing timeframe signals
2026-03-24 20:00:42  INFO      TradingGraph: Fusion: L=-0.422, M=0.311, S=0.174
2026-03-24 20:00:42  INFO      TradingGraph: Timeframes not aligned — stopping (L=-0.422 M=0.311 S=0.174)
2026-03-24 20:00:42  INFO      TradingRunner: Analysing GBPUSD …
2026-03-24 20:00:42  INFO      TradingGraph: Running agents for GBPUSD
2026-03-24 20:00:42  INFO      TradingGraph: Completed 7 agents
2026-03-24 20:00:42  INFO      TradingGraph: Fusing timeframe signals
2026-03-24 20:00:42  INFO      TradingGraph: Fusion: L=-0.409, M=0.300, S=0.113
2026-03-24 20:00:42  INFO      TradingGraph: Timeframes not aligned — stopping (L=-0.409 M=0.300 S=0.113)
2026-03-24 20:00:42  INFO      TradingRunner: Analysing USDJPY …
2026-03-24 20:00:42  INFO      TradingGraph: Running agents for USDJPY
2026-03-24 20:00:42  INFO      TradingGraph: Completed 7 agents
2026-03-24 20:00:42  INFO      TradingGraph: Fusing timeframe signals
2026-03-24 20:00:42  INFO      TradingGraph: Fusion: L=0.349, M=-0.253, S=0.233
2026-03-24 20:00:42  INFO      TradingGraph: Timeframes not aligned — stopping (L=0.349 M=-0.253 S=0.233)
2026-03-24 20:00:42  INFO      TradingRunner: Analysing USDCHF …
2026-03-24 20:00:43  INFO      TradingGraph: Running agents for USDCHF
2026-03-24 20:00:43  INFO      TradingGraph: Completed 7 agents
2026-03-24 20:00:43  INFO      TradingGraph: Fusing timeframe signals
2026-03-24 20:00:43  INFO      TradingGraph: Fusion: L=0.429, M=0.590, S=0.102
2026-03-24 20:00:43  INFO      TradingGraph: Aligned [pullback-entry] (bullish) — proceeding [L=0.429 M=0.590 S=0.102 breadth=-0.086]
2026-03-24 20:00:43  INFO      TradingGraph: Generating trading recipe
2026-03-24 20:00:43  INFO      TradingGraph: Generated recipe: LONG_PULLBACK_ENTRY_USDCHF
2026-03-24 20:00:43  INFO      TradingGraph: Risk check passed
2026-03-24 20:00:43  INFO      TradingGraph: Creating trade plan
2026-03-24 20:00:43  INFO      TradingGraph: Created trade plan: entry=0.7907, sl=0.7876, tp=0.7968
2026-03-24 20:00:43  INFO      TradingGraph: Executing trade for USDCHF
2026-03-24 20:00:43  ERROR     MT5Executor: Order rejected: retcode=10019 comment=No money vol=500.0 price=0.79069 sl=0.787632381002677 tp=0.7968052379946461
2026-03-24 20:00:43  ERROR     TradingGraph: MT5Executor returned None — order was not placed
2026-03-24 20:00:43  INFO      TradingRunner: Analysing AUDUSD …
2026-03-24 20:00:43  INFO      TradingGraph: Running agents for AUDUSD
2026-03-24 20:00:43  INFO      TradingGraph: Completed 7 agents
2026-03-24 20:00:43  INFO      TradingGraph: Fusing timeframe signals
2026-03-24 20:00:43  INFO      TradingGraph: Fusion: L=0.308, M=-0.048, S=0.159
2026-03-24 20:00:43  INFO      TradingGraph: Timeframes not aligned — stopping (L=0.308 M=-0.048 S=0.159)
2026-03-24 20:00:43  INFO      TradingRunner: Analysing USDCAD …
2026-03-24 20:00:44  INFO      TradingGraph: Running agents for USDCAD
2026-03-24 20:00:44  INFO      TradingGraph: Completed 7 agents
2026-03-24 20:00:44  INFO      TradingGraph: Fusing timeframe signals
2026-03-24 20:00:44  INFO      TradingGraph: Fusion: L=0.050, M=-0.156, S=0.243
2026-03-24 20:00:44  INFO      TradingGraph: Timeframes not aligned — stopping (L=0.050 M=-0.156 S=0.243)
2026-03-24 20:00:44  INFO      TradingRunner: Analysing NZDUSD …
2026-03-24 20:00:44  INFO      TradingGraph: Running agents for NZDUSD
2026-03-24 20:00:44  INFO      TradingGraph: Completed 7 agents
2026-03-24 20:00:44  INFO      TradingGraph: Fusing timeframe signals
2026-03-24 20:00:44  INFO      TradingGraph: Fusion: L=-0.443, M=0.283, S=0.145
2026-03-24 20:00:44  INFO      TradingGraph: Aligned [pullback-entry] (bearish) — proceeding [L=-0.443 M=0.283 S=0.145 breadth=-0.086]
2026-03-24 20:00:44  INFO      TradingGraph: Generating trading recipe
2026-03-24 20:00:44  INFO      TradingGraph: Generated recipe: SHORT_PULLBACK_ENTRY_NZDUSD
2026-03-24 20:00:44  INFO      TradingGraph: Risk check passed
2026-03-24 20:00:44  INFO      TradingGraph: Creating trade plan
2026-03-24 20:00:44  INFO      TradingGraph: Created trade plan: entry=0.5817, sl=0.5851, tp=0.5751
2026-03-24 20:00:44  INFO      TradingGraph: Executing trade for NZDUSD
2026-03-24 20:00:44  ERROR     MT5Executor: Order rejected: retcode=10019 comment=No money vol=500.0 price=0.58175 sl=0.5850864368109051 tp=0.5750771263781898
2026-03-24 20:00:44  ERROR     TradingGraph: MT5Executor returned None — order was not placed
2026-03-24 20:00:44  INFO      TradingRunner: Analysing XAUUSD …
2026-03-24 20:00:44  INFO      TradingGraph: Running agents for XAUUSD
2026-03-24 20:00:44  INFO      TradingGraph: Completed 7 agents
2026-03-24 20:00:44  INFO      TradingGraph: Fusing timeframe signals
2026-03-24 20:00:44  INFO      TradingGraph: Fusion: L=0.444, M=-0.143, S=-0.040
2026-03-24 20:00:44  INFO      TradingGraph: Aligned [pullback-entry] (bullish) — proceeding [L=0.444 M=-0.143 S=-0.040 breadth=-0.086]
2026-03-24 20:00:44  INFO      TradingGraph: Generating trading recipe
2026-03-24 20:00:44  INFO      TradingGraph: Generated recipe: LONG_PULLBACK_ENTRY_XAUUSD
2026-03-24 20:00:44  INFO      TradingGraph: Risk check passed
2026-03-24 20:00:44  INFO      TradingGraph: Creating trade plan
2026-03-24 20:00:44  INFO      TradingGraph: Created trade plan: entry=4392.4500, sl=4294.5406, tp=4588.2688
2026-03-24 20:00:44  INFO      TradingGraph: Executing trade for XAUUSD
2026-03-24 20:00:44  ERROR     MT5Executor: Order rejected: retcode=10017 comment=Trade disabled vol=0.26 price=4392.45 sl=4294.540609961463 tp=4588.268780077074
2026-03-24 20:00:44  ERROR     TradingGraph: MT5Executor returned None — order was not placed
2026-03-24 20:00:44  INFO      TradingRunner: Analysing XAGUSD …
2026-03-24 20:00:45  INFO      TradingGraph: Running agents for XAGUSD
2026-03-24 20:00:45  INFO      TradingGraph: Completed 7 agents
2026-03-24 20:00:45  INFO      TradingGraph: Fusing timeframe signals
2026-03-24 20:00:45  INFO      TradingGraph: Fusion: L=-0.258, M=0.439, S=0.003
2026-03-24 20:00:45  INFO      TradingGraph: Timeframes not aligned — stopping (L=-0.258 M=0.439 S=0.003)
2026-03-24 20:00:45  INFO      TradingRunner: PnL — unrealized: +0.00  realized today: +0.00  total: +0.00
2026-03-24 20:00:45  INFO      TradingRunner: Cycle done in 3.2s — sleeping 57s
2026-03-24 20:01:42  INFO      TradingRunner: Analysing EURUSD …
2026-03-24 20:01:42  INFO      TradingGraph: Running agents for EURUSD
2026-03-24 20:01:42  INFO      TradingGraph: Completed 7 agents
2026-03-24 20:01:42  INFO      TradingGraph: Fusing timeframe signals
2026-03-24 20:01:42  INFO      TradingGraph: Fusion: L=-0.422, M=-0.130, S=0.174
2026-03-24 20:01:42  INFO      TradingGraph: Aligned [pullback-entry] (bearish) — proceeding [L=-0.422 M=-0.130 S=0.174 breadth=-0.086]
2026-03-24 20:01:42  INFO      TradingGraph: Generating trading recipe
2026-03-24 20:01:42  INFO      TradingGraph: Generated recipe: SHORT_PULLBACK_ENTRY_EURUSD
2026-03-24 20:01:42  INFO      TradingGraph: Risk check passed
2026-03-24 20:01:42  INFO      TradingGraph: Creating trade plan
2026-03-24 20:01:42  INFO      TradingGraph: Created trade plan: entry=1.1586, sl=1.1628, tp=1.1502
2026-03-24 20:01:42  INFO      TradingGraph: Executing trade for EURUSD
2026-03-24 20:01:42  ERROR     MT5Executor: Order rejected: retcode=10019 comment=No money vol=500.0 price=1.1586 sl=1.1628136424357705 tp=1.1501727151284595
2026-03-24 20:01:42  ERROR     TradingGraph: MT5Executor returned None — order was not placed
2026-03-24 20:01:42  INFO      TradingRunner: Analysing GBPUSD …
2026-03-24 20:01:42  INFO      TradingGraph: Running agents for GBPUSD
2026-03-24 20:01:42  INFO      TradingGraph: Completed 7 agents
2026-03-24 20:01:42  INFO      TradingGraph: Fusing timeframe signals
2026-03-24 20:01:42  INFO      TradingGraph: Fusion: L=-0.409, M=0.300, S=0.117
2026-03-24 20:01:42  INFO      TradingGraph: Timeframes not aligned — stopping (L=-0.409 M=0.300 S=0.117)
2026-03-24 20:01:42  INFO      TradingRunner: Analysing USDJPY …
2026-03-24 20:01:43  INFO      TradingGraph: Running agents for USDJPY
2026-03-24 20:01:43  INFO      TradingGraph: Completed 7 agents
2026-03-24 20:01:43  INFO      TradingGraph: Fusing timeframe signals
2026-03-24 20:01:43  INFO      TradingGraph: Fusion: L=0.349, M=-0.253, S=0.233
2026-03-24 20:01:43  INFO      TradingGraph: Timeframes not aligned — stopping (L=0.349 M=-0.253 S=0.233)
2026-03-24 20:01:43  INFO      TradingRunner: Analysing USDCHF …
2026-03-24 20:01:43  INFO      TradingGraph: Running agents for USDCHF
2026-03-24 20:01:43  INFO      TradingGraph: Completed 7 agents
2026-03-24 20:01:43  INFO      TradingGraph: Fusing timeframe signals
2026-03-24 20:01:43  INFO      TradingGraph: Fusion: L=0.429, M=0.589, S=0.103
2026-03-24 20:01:43  INFO      TradingGraph: Aligned [pullback-entry] (bullish) — proceeding [L=0.429 M=0.589 S=0.103 breadth=-0.086]
2026-03-24 20:01:43  INFO      TradingGraph: Generating trading recipe
2026-03-24 20:01:43  INFO      TradingGraph: Generated recipe: LONG_PULLBACK_ENTRY_USDCHF
2026-03-24 20:01:43  INFO      TradingGraph: Risk check passed
2026-03-24 20:01:43  INFO      TradingGraph: Creating trade plan
2026-03-24 20:01:43  INFO      TradingGraph: Created trade plan: entry=0.7906, sl=0.7875, tp=0.7968
2026-03-24 20:01:43  INFO      TradingGraph: Executing trade for USDCHF
2026-03-24 20:01:43  ERROR     MT5Executor: Order rejected: retcode=10019 comment=No money vol=500.0 price=0.79056 sl=0.7874723810026769 tp=0.796765237994646
2026-03-24 20:01:43  ERROR     TradingGraph: MT5Executor returned None — order was not placed
2026-03-24 20:01:43  INFO      TradingRunner: Analysing AUDUSD …
2026-03-24 20:01:44  INFO      TradingGraph: Running agents for AUDUSD
2026-03-24 20:01:44  INFO      TradingGraph: Completed 7 agents
2026-03-24 20:01:44  INFO      TradingGraph: Fusing timeframe signals
2026-03-24 20:01:44  INFO      TradingGraph: Fusion: L=0.309, M=-0.071, S=0.158
2026-03-24 20:01:44  INFO      TradingGraph: Timeframes not aligned — stopping (L=0.309 M=-0.071 S=0.158)
2026-03-24 20:01:44  INFO      TradingRunner: Analysing USDCAD …
2026-03-24 20:01:44  INFO      TradingGraph: Running agents for USDCAD
2026-03-24 20:01:44  INFO      TradingGraph: Completed 7 agents
2026-03-24 20:01:44  INFO      TradingGraph: Fusing timeframe signals
2026-03-24 20:01:44  INFO      TradingGraph: Fusion: L=0.050, M=-0.253, S=0.243
2026-03-24 20:01:44  INFO      TradingGraph: Timeframes not aligned — stopping (L=0.050 M=-0.253 S=0.243)
2026-03-24 20:01:44  INFO      TradingRunner: Analysing NZDUSD …
2026-03-24 20:01:44  INFO      TradingGraph: Running agents for NZDUSD
2026-03-24 20:01:44  INFO      TradingGraph: Completed 7 agents
2026-03-24 20:01:44  INFO      TradingGraph: Fusing timeframe signals
2026-03-24 20:01:44  INFO      TradingGraph: Fusion: L=-0.443, M=0.283, S=0.156
2026-03-24 20:01:44  INFO      TradingGraph: Aligned [pullback-entry] (bearish) — proceeding [L=-0.443 M=0.283 S=0.156 breadth=-0.086]
2026-03-24 20:01:44  INFO      TradingGraph: Generating trading recipe
2026-03-24 20:01:44  INFO      TradingGraph: Generated recipe: SHORT_PULLBACK_ENTRY_NZDUSD
2026-03-24 20:01:44  INFO      TradingGraph: Risk check passed
2026-03-24 20:01:44  INFO      TradingGraph: Creating trade plan
2026-03-24 20:01:44  INFO      TradingGraph: Created trade plan: entry=0.5818, sl=0.5852, tp=0.5751
2026-03-24 20:01:44  INFO      TradingGraph: Executing trade for NZDUSD
2026-03-24 20:01:44  ERROR     MT5Executor: Order rejected: retcode=10019 comment=No money vol=500.0 price=0.58184 sl=0.5852078653823337 tp=0.5751042692353326
2026-03-24 20:01:44  ERROR     TradingGraph: MT5Executor returned None — order was not placed
2026-03-24 20:01:44  INFO      TradingRunner: Analysing XAUUSD …
2026-03-24 20:01:45  INFO      TradingGraph: Running agents for XAUUSD
2026-03-24 20:01:45  INFO      TradingGraph: Completed 7 agents
2026-03-24 20:01:45  INFO      TradingGraph: Fusing timeframe signals
2026-03-24 20:01:45  INFO      TradingGraph: Fusion: L=0.445, M=-0.142, S=-0.040
2026-03-24 20:01:45  INFO      TradingGraph: Aligned [pullback-entry] (bullish) — proceeding [L=0.445 M=-0.142 S=-0.040 breadth=-0.086]
2026-03-24 20:01:45  INFO      TradingGraph: Generating trading recipe
2026-03-24 20:01:45  INFO      TradingGraph: Generated recipe: LONG_PULLBACK_ENTRY_XAUUSD
2026-03-24 20:01:45  INFO      TradingGraph: Risk check passed
2026-03-24 20:01:45  INFO      TradingGraph: Creating trade plan
2026-03-24 20:01:45  INFO      TradingGraph: Created trade plan: entry=4395.2400, sl=4297.0392, tp=4591.6416
2026-03-24 20:01:45  INFO      TradingGraph: Executing trade for XAUUSD
2026-03-24 20:01:45  ERROR     MT5Executor: Order rejected: retcode=10017 comment=Trade disabled vol=0.25 price=4395.24 sl=4297.039181390034 tp=4591.641637219931
2026-03-24 20:01:45  ERROR     TradingGraph: MT5Executor returned None — order was not placed
2026-03-24 20:01:45  INFO      TradingRunner: Analysing XAGUSD …
2026-03-24 20:01:45  INFO      TradingGraph: Running agents for XAGUSD
2026-03-24 20:01:45  INFO      TradingGraph: Completed 7 agents
2026-03-24 20:01:45  INFO      TradingGraph: Fusing timeframe signals
2026-03-24 20:01:45  INFO      TradingGraph: Fusion: L=-0.258, M=0.440, S=0.041
2026-03-24 20:01:45  INFO      TradingGraph: Timeframes not aligned — stopping (L=-0.258 M=0.440 S=0.041)
2026-03-24 20:01:45  INFO      TradingRunner: PnL — unrealized: +0.00  realized today: +0.00  total: +0.00
2026-03-24 20:01:45  INFO      TradingRunner: Cycle done in 3.6s — sleeping 56s
2026-03-24 20:02:42  INFO      TradingRunner: Analysing EURUSD …
2026-03-24 20:02:42  INFO      TradingGraph: Running agents for EURUSD
2026-03-24 20:02:42  INFO      TradingGraph: Completed 7 agents
2026-03-24 20:02:42  INFO      TradingGraph: Fusing timeframe signals
2026-03-24 20:02:42  INFO      TradingGraph: Fusion: L=-0.422, M=0.145, S=0.174
2026-03-24 20:02:42  INFO      TradingGraph: Aligned [pullback-entry] (bearish) — proceeding [L=-0.422 M=0.145 S=0.174 breadth=-0.086]
2026-03-24 20:02:42  INFO      TradingGraph: Generating trading recipe
2026-03-24 20:02:42  INFO      TradingGraph: Generated recipe: SHORT_PULLBACK_ENTRY_EURUSD
2026-03-24 20:02:42  INFO      TradingGraph: Risk check passed
2026-03-24 20:02:42  INFO      TradingGraph: Creating trade plan
2026-03-24 20:02:42  INFO      TradingGraph: Created trade plan: entry=1.1585, sl=1.1628, tp=1.1501
2026-03-24 20:02:42  INFO      TradingGraph: Executing trade for EURUSD
2026-03-24 20:02:42  ERROR     MT5Executor: Order rejected: retcode=10019 comment=No money vol=500.0 price=1.15855 sl=1.1627636424357704 tp=1.1501227151284594
2026-03-24 20:02:42  ERROR     TradingGraph: MT5Executor returned None — order was not placed
2026-03-24 20:02:42  INFO      TradingRunner: Analysing GBPUSD …
2026-03-24 20:02:43  INFO      TradingGraph: Running agents for GBPUSD
2026-03-24 20:02:43  INFO      TradingGraph: Completed 7 agents
2026-03-24 20:02:43  INFO      TradingGraph: Fusing timeframe signals
2026-03-24 20:02:43  INFO      TradingGraph: Fusion: L=-0.409, M=0.300, S=0.115
2026-03-24 20:02:43  INFO      TradingGraph: Timeframes not aligned — stopping (L=-0.409 M=0.300 S=0.115)
2026-03-24 20:02:43  INFO      TradingRunner: Analysing USDJPY …
2026-03-24 20:02:43  INFO      TradingGraph: Running agents for USDJPY
2026-03-24 20:02:43  INFO      TradingGraph: Completed 7 agents
2026-03-24 20:02:43  INFO      TradingGraph: Fusing timeframe signals
2026-03-24 20:02:43  INFO      TradingGraph: Fusion: L=0.349, M=-0.253, S=0.233
2026-03-24 20:02:43  INFO      TradingGraph: Timeframes not aligned — stopping (L=0.349 M=-0.253 S=0.233)
2026-03-24 20:02:43  INFO      TradingRunner: Analysing USDCHF …
2026-03-24 20:02:43  INFO      TradingGraph: Running agents for USDCHF
2026-03-24 20:02:43  INFO      TradingGraph: Completed 7 agents
2026-03-24 20:02:43  INFO      TradingGraph: Fusing timeframe signals
2026-03-24 20:02:43  INFO      TradingGraph: Fusion: L=0.429, M=0.589, S=0.112
2026-03-24 20:02:43  INFO      TradingGraph: Aligned [pullback-entry] (bullish) — proceeding [L=0.429 M=0.589 S=0.112 breadth=-0.086]
2026-03-24 20:02:43  INFO      TradingGraph: Generating trading recipe
2026-03-24 20:02:43  INFO      TradingGraph: Generated recipe: LONG_PULLBACK_ENTRY_USDCHF
2026-03-24 20:02:43  INFO      TradingGraph: Risk check passed
2026-03-24 20:02:44  INFO      TradingGraph: Creating trade plan
2026-03-24 20:02:44  INFO      TradingGraph: Created trade plan: entry=0.7905, sl=0.7874, tp=0.7967
2026-03-24 20:02:44  INFO      TradingGraph: Executing trade for USDCHF
2026-03-24 20:02:44  ERROR     MT5Executor: Order rejected: retcode=10019 comment=No money vol=500.0 price=0.79051 sl=0.787412381002677 tp=0.7967052379946461
2026-03-24 20:02:44  ERROR     TradingGraph: MT5Executor returned None — order was not placed
2026-03-24 20:02:44  INFO      TradingRunner: Analysing AUDUSD …
2026-03-24 20:02:44  INFO      TradingGraph: Running agents for AUDUSD
2026-03-24 20:02:44  INFO      TradingGraph: Completed 7 agents
2026-03-24 20:02:44  INFO      TradingGraph: Fusing timeframe signals
2026-03-24 20:02:44  INFO      TradingGraph: Fusion: L=0.308, M=-0.070, S=0.160
2026-03-24 20:02:44  INFO      TradingGraph: Timeframes not aligned — stopping (L=0.308 M=-0.070 S=0.160)
2026-03-24 20:02:44  INFO      TradingRunner: Analysing USDCAD …
2026-03-24 20:02:44  INFO      TradingGraph: Running agents for USDCAD
2026-03-24 20:02:44  INFO      TradingGraph: Completed 7 agents
2026-03-24 20:02:44  INFO      TradingGraph: Fusing timeframe signals
2026-03-24 20:02:44  INFO      TradingGraph: Fusion: L=0.050, M=-0.216, S=0.243
2026-03-24 20:02:44  INFO      TradingGraph: Timeframes not aligned — stopping (L=0.050 M=-0.216 S=0.243)
2026-03-24 20:02:44  INFO      TradingRunner: Analysing NZDUSD …
2026-03-24 20:02:45  INFO      TradingGraph: Running agents for NZDUSD
2026-03-24 20:02:45  INFO      TradingGraph: Completed 7 agents
2026-03-24 20:02:45  INFO      TradingGraph: Fusing timeframe signals
2026-03-24 20:02:45  INFO      TradingGraph: Fusion: L=-0.443, M=0.283, S=0.145
2026-03-24 20:02:45  INFO      TradingGraph: Aligned [pullback-entry] (bearish) — proceeding [L=-0.443 M=0.283 S=0.145 breadth=-0.086]
2026-03-24 20:02:45  INFO      TradingGraph: Generating trading recipe
2026-03-24 20:02:45  INFO      TradingGraph: Generated recipe: SHORT_PULLBACK_ENTRY_NZDUSD
2026-03-24 20:02:45  INFO      TradingGraph: Risk check passed
2026-03-24 20:02:45  INFO      TradingGraph: Creating trade plan
2026-03-24 20:02:45  INFO      TradingGraph: Created trade plan: entry=0.5818, sl=0.5852, tp=0.5751
2026-03-24 20:02:45  INFO      TradingGraph: Executing trade for NZDUSD
2026-03-24 20:02:45  ERROR     MT5Executor: Order rejected: retcode=10019 comment=No money vol=500.0 price=0.58183 sl=0.5851978653823336 tp=0.5750942692353326
2026-03-24 20:02:45  ERROR     TradingGraph: MT5Executor returned None — order was not placed
2026-03-24 20:02:45  INFO      TradingRunner: Analysing XAUUSD …
2026-03-24 20:02:45  INFO      TradingGraph: Running agents for XAUUSD
2026-03-24 20:02:45  INFO      TradingGraph: Completed 7 agents
2026-03-24 20:02:45  INFO      TradingGraph: Fusing timeframe signals
2026-03-24 20:02:45  INFO      TradingGraph: Fusion: L=0.445, M=-0.142, S=-0.035
2026-03-24 20:02:45  INFO      TradingGraph: Aligned [pullback-entry] (bullish) — proceeding [L=0.445 M=-0.142 S=-0.035 breadth=-0.086]
2026-03-24 20:02:45  INFO      TradingGraph: Generating trading recipe
2026-03-24 20:02:45  INFO      TradingGraph: Generated recipe: LONG_PULLBACK_ENTRY_XAUUSD
2026-03-24 20:02:45  INFO      TradingGraph: Risk check passed
2026-03-24 20:02:45  INFO      TradingGraph: Creating trade plan
2026-03-24 20:02:45  INFO      TradingGraph: Created trade plan: entry=4397.2700, sl=4298.7878, tp=4594.2345
2026-03-24 20:02:45  INFO      TradingGraph: Executing trade for XAUUSD
2026-03-24 20:02:45  ERROR     MT5Executor: Order rejected: retcode=10017 comment=Trade disabled vol=0.25 price=4397.27 sl=4298.787752818606 tp=4594.234494362789
2026-03-24 20:02:45  ERROR     TradingGraph: MT5Executor returned None — order was not placed
2026-03-24 20:02:45  INFO      TradingRunner: Analysing XAGUSD …
2026-03-24 20:02:46  INFO      TradingGraph: Running agents for XAGUSD
2026-03-24 20:02:46  INFO      TradingGraph: Completed 7 agents
2026-03-24 20:02:46  INFO      TradingGraph: Fusing timeframe signals
2026-03-24 20:02:46  INFO      TradingGraph: Fusion: L=-0.258, M=0.440, S=0.047
2026-03-24 20:02:46  INFO      TradingGraph: Timeframes not aligned — stopping (L=-0.258 M=0.440 S=0.047)
2026-03-24 20:02:46  INFO      TradingRunner: PnL — unrealized: +0.00  realized today: +0.00  total: +0.00
2026-03-24 20:02:46  INFO      TradingRunner: Cycle done in 4.0s — sleeping 56s
2026-03-24 20:03:42  INFO      TradingRunner: Analysing EURUSD …
2026-03-24 20:03:42  INFO      TradingGraph: Running agents for EURUSD
2026-03-24 20:03:42  INFO      TradingGraph: Completed 7 agents
2026-03-24 20:03:42  INFO      TradingGraph: Fusing timeframe signals
2026-03-24 20:03:42  INFO      TradingGraph: Fusion: L=-0.422, M=0.235, S=0.174
2026-03-24 20:03:42  INFO      TradingGraph: Aligned [pullback-entry] (bearish) — proceeding [L=-0.422 M=0.235 S=0.174 breadth=-0.086]
2026-03-24 20:03:42  INFO      TradingGraph: Generating trading recipe
2026-03-24 20:03:42  INFO      TradingGraph: Generated recipe: SHORT_PULLBACK_ENTRY_EURUSD
2026-03-24 20:03:42  INFO      TradingGraph: Risk check passed
2026-03-24 20:03:42  INFO      TradingGraph: Creating trade plan
2026-03-24 20:03:42  INFO      TradingGraph: Created trade plan: entry=1.1585, sl=1.1627, tp=1.1501
2026-03-24 20:03:42  INFO      TradingGraph: Executing trade for EURUSD
2026-03-24 20:03:42  ERROR     MT5Executor: Order rejected: retcode=10019 comment=No money vol=500.0 price=1.15853 sl=1.1627436424357704 tp=1.1501027151284595
2026-03-24 20:03:42  ERROR     TradingGraph: MT5Executor returned None — order was not placed
2026-03-24 20:03:42  INFO      TradingRunner: Analysing GBPUSD …
2026-03-24 20:03:43  INFO      TradingGraph: Running agents for GBPUSD
2026-03-24 20:03:43  INFO      TradingGraph: Completed 7 agents
2026-03-24 20:03:43  INFO      TradingGraph: Fusing timeframe signals
2026-03-24 20:03:43  INFO      TradingGraph: Fusion: L=-0.409, M=0.300, S=0.113
2026-03-24 20:03:43  INFO      TradingGraph: Timeframes not aligned — stopping (L=-0.409 M=0.300 S=0.113)
2026-03-24 20:03:43  INFO      TradingRunner: Analysing USDJPY …
2026-03-24 20:03:43  INFO      TradingGraph: Running agents for USDJPY
2026-03-24 20:03:43  INFO      TradingGraph: Completed 7 agents
2026-03-24 20:03:43  INFO      TradingGraph: Fusing timeframe signals
2026-03-24 20:03:43  INFO      TradingGraph: Fusion: L=0.349, M=-0.253, S=0.233
2026-03-24 20:03:43  INFO      TradingGraph: Timeframes not aligned — stopping (L=0.349 M=-0.253 S=0.233)
2026-03-24 20:03:43  INFO      TradingRunner: Analysing USDCHF …
2026-03-24 20:03:43  INFO      TradingGraph: Running agents for USDCHF
2026-03-24 20:03:43  INFO      TradingGraph: Completed 7 agents
2026-03-24 20:03:43  INFO      TradingGraph: Fusing timeframe signals
2026-03-24 20:03:43  INFO      TradingGraph: Fusion: L=0.429, M=0.589, S=0.112
2026-03-24 20:03:43  INFO      TradingGraph: Aligned [pullback-entry] (bullish) — proceeding [L=0.429 M=0.589 S=0.112 breadth=-0.086]
2026-03-24 20:03:43  INFO      TradingGraph: Generating trading recipe
2026-03-24 20:03:43  INFO      TradingGraph: Generated recipe: LONG_PULLBACK_ENTRY_USDCHF
2026-03-24 20:03:43  INFO      TradingGraph: Risk check passed
2026-03-24 20:03:43  INFO      TradingGraph: Creating trade plan
2026-03-24 20:03:43  INFO      TradingGraph: Created trade plan: entry=0.7905, sl=0.7874, tp=0.7967
2026-03-24 20:03:43  INFO      TradingGraph: Executing trade for USDCHF
2026-03-24 20:03:44  ERROR     MT5Executor: Order rejected: retcode=10019 comment=No money vol=500.0 price=0.79051 sl=0.787412381002677 tp=0.7967052379946461
2026-03-24 20:03:44  ERROR     TradingGraph: MT5Executor returned None — order was not placed
2026-03-24 20:03:44  INFO      TradingRunner: Analysing AUDUSD …
2026-03-24 20:03:44  INFO      TradingGraph: Running agents for AUDUSD
2026-03-24 20:03:44  INFO      TradingGraph: Completed 7 agents
2026-03-24 20:03:44  INFO      TradingGraph: Fusing timeframe signals
2026-03-24 20:03:44  INFO      TradingGraph: Fusion: L=0.309, M=-0.072, S=0.158
2026-03-24 20:03:44  INFO      TradingGraph: Timeframes not aligned — stopping (L=0.309 M=-0.072 S=0.158)
2026-03-24 20:03:44  INFO      TradingRunner: Analysing USDCAD …
2026-03-24 20:03:44  INFO      TradingGraph: Running agents for USDCAD
2026-03-24 20:03:44  INFO      TradingGraph: Completed 7 agents
2026-03-24 20:03:44  INFO      TradingGraph: Fusing timeframe signals
2026-03-24 20:03:44  INFO      TradingGraph: Fusion: L=0.050, M=-0.216, S=0.243
2026-03-24 20:03:44  INFO      TradingGraph: Timeframes not aligned — stopping (L=0.050 M=-0.216 S=0.243)
2026-03-24 20:03:44  INFO      TradingRunner: Analysing NZDUSD …
2026-03-24 20:03:44  INFO      TradingGraph: Running agents for NZDUSD
2026-03-24 20:03:44  INFO      TradingGraph: Completed 7 agents
2026-03-24 20:03:44  INFO      TradingGraph: Fusing timeframe signals
2026-03-24 20:03:44  INFO      TradingGraph: Fusion: L=-0.443, M=0.300, S=0.156
2026-03-24 20:03:44  INFO      TradingGraph: Timeframes not aligned — stopping (L=-0.443 M=0.300 S=0.156)
2026-03-24 20:03:44  INFO      TradingRunner: Analysing XAUUSD …
2026-03-24 20:03:45  INFO      TradingGraph: Running agents for XAUUSD
2026-03-24 20:03:45  INFO      TradingGraph: Completed 7 agents
2026-03-24 20:03:45  INFO      TradingGraph: Fusing timeframe signals
2026-03-24 20:03:45  INFO      TradingGraph: Fusion: L=0.445, M=-0.141, S=-0.034
2026-03-24 20:03:45  INFO      TradingGraph: Aligned [pullback-entry] (bullish) — proceeding [L=0.445 M=-0.141 S=-0.034 breadth=-0.086]
2026-03-24 20:03:45  INFO      TradingGraph: Generating trading recipe
2026-03-24 20:03:45  INFO      TradingGraph: Generated recipe: LONG_PULLBACK_ENTRY_XAUUSD
2026-03-24 20:03:45  INFO      TradingGraph: Risk check passed
2026-03-24 20:03:45  INFO      TradingGraph: Creating trade plan
2026-03-24 20:03:45  INFO      TradingGraph: Created trade plan: entry=4398.4000, sl=4299.7506, tp=4595.6988
2026-03-24 20:03:45  INFO      TradingGraph: Executing trade for XAUUSD
2026-03-24 20:03:45  ERROR     MT5Executor: Order rejected: retcode=10017 comment=Trade disabled vol=0.25 price=4398.4 sl=4299.750609961463 tp=4595.698780077074
2026-03-24 20:03:45  ERROR     TradingGraph: MT5Executor returned None — order was not placed
2026-03-24 20:03:45  INFO      TradingRunner: Analysing XAGUSD …
2026-03-24 20:03:45  INFO      TradingGraph: Running agents for XAGUSD
2026-03-24 20:03:45  INFO      TradingGraph: Completed 7 agents
2026-03-24 20:03:45  INFO      TradingGraph: Fusing timeframe signals
2026-03-24 20:03:45  INFO      TradingGraph: Fusion: L=-0.258, M=0.441, S=0.146
2026-03-24 20:03:45  INFO      TradingGraph: Timeframes not aligned — stopping (L=-0.258 M=0.441 S=0.146)
2026-03-24 20:03:45  INFO      TradingRunner: PnL — unrealized: +0.00  realized today: +0.00  total: +0.00
2026-03-24 20:03:45  INFO      TradingRunner: Cycle done in 3.6s — sleeping 56s
2026-03-24 20:04:42  INFO      TradingRunner: Analysing EURUSD …
2026-03-24 20:04:42  INFO      TradingGraph: Running agents for EURUSD
2026-03-24 20:04:42  INFO      TradingGraph: Completed 7 agents
2026-03-24 20:04:42  INFO      TradingGraph: Fusing timeframe signals
2026-03-24 20:04:42  INFO      TradingGraph: Fusion: L=-0.422, M=-0.183, S=0.174
2026-03-24 20:04:42  INFO      TradingGraph: Aligned [pullback-entry] (bearish) — proceeding [L=-0.422 M=-0.183 S=0.174 breadth=-0.086]
2026-03-24 20:04:42  INFO      TradingGraph: Generating trading recipe
2026-03-24 20:04:42  INFO      TradingGraph: Generated recipe: SHORT_PULLBACK_ENTRY_EURUSD
2026-03-24 20:04:42  INFO      TradingGraph: Risk check passed
2026-03-24 20:04:42  INFO      TradingGraph: Creating trade plan
2026-03-24 20:04:42  INFO      TradingGraph: Created trade plan: entry=1.1586, sl=1.1628, tp=1.1502
2026-03-24 20:04:42  INFO      TradingGraph: Executing trade for EURUSD
2026-03-24 20:04:42  ERROR     MT5Executor: Order rejected: retcode=10019 comment=No money vol=500.0 price=1.15862 sl=1.1628336424357704 tp=1.1501927151284594
2026-03-24 20:04:42  ERROR     TradingGraph: MT5Executor returned None — order was not placed
2026-03-24 20:04:42  INFO      TradingRunner: Analysing GBPUSD …
2026-03-24 20:04:42  INFO      TradingGraph: Running agents for GBPUSD
2026-03-24 20:04:42  INFO      TradingGraph: Completed 7 agents
2026-03-24 20:04:42  INFO      TradingGraph: Fusing timeframe signals
2026-03-24 20:04:42  INFO      TradingGraph: Fusion: L=-0.409, M=0.284, S=-0.005
2026-03-24 20:04:42  INFO      TradingGraph: Aligned [pullback-entry] (bearish) — proceeding [L=-0.409 M=0.284 S=-0.005 breadth=-0.086]
2026-03-24 20:04:42  INFO      TradingGraph: Generating trading recipe
2026-03-24 20:04:42  INFO      TradingGraph: Generated recipe: SHORT_PULLBACK_ENTRY_GBPUSD
2026-03-24 20:04:42  INFO      TradingGraph: Risk check passed
2026-03-24 20:04:42  INFO      TradingGraph: Creating trade plan
2026-03-24 20:04:42  INFO      TradingGraph: Created trade plan: entry=1.3384, sl=1.3439, tp=1.3275
2026-03-24 20:04:42  INFO      TradingGraph: Executing trade for GBPUSD
2026-03-24 20:04:42  ERROR     MT5Executor: Order rejected: retcode=10019 comment=No money vol=500.0 price=1.33845 sl=1.3439189158869558 tp=1.3275121682260882
2026-03-24 20:04:42  ERROR     TradingGraph: MT5Executor returned None — order was not placed
2026-03-24 20:04:42  INFO      TradingRunner: Analysing USDJPY …
2026-03-24 20:04:43  INFO      TradingGraph: Running agents for USDJPY
2026-03-24 20:04:43  INFO      TradingGraph: Completed 7 agents
2026-03-24 20:04:43  INFO      TradingGraph: Fusing timeframe signals
2026-03-24 20:04:43  INFO      TradingGraph: Fusion: L=0.349, M=-0.216, S=0.251
2026-03-24 20:04:43  INFO      TradingGraph: Timeframes not aligned — stopping (L=0.349 M=-0.216 S=0.251)
2026-03-24 20:04:43  INFO      TradingRunner: Analysing USDCHF …
2026-03-24 20:04:43  INFO      TradingGraph: Running agents for USDCHF
2026-03-24 20:04:43  INFO      TradingGraph: Completed 7 agents
2026-03-24 20:04:43  INFO      TradingGraph: Fusing timeframe signals
2026-03-24 20:04:43  INFO      TradingGraph: Fusion: L=0.429, M=0.589, S=0.112
2026-03-24 20:04:43  INFO      TradingGraph: Aligned [pullback-entry] (bullish) — proceeding [L=0.429 M=0.589 S=0.112 breadth=-0.086]
2026-03-24 20:04:43  INFO      TradingGraph: Generating trading recipe
2026-03-24 20:04:43  INFO      TradingGraph: Generated recipe: LONG_PULLBACK_ENTRY_USDCHF
2026-03-24 20:04:43  INFO      TradingGraph: Risk check passed
2026-03-24 20:04:43  INFO      TradingGraph: Creating trade plan
2026-03-24 20:04:43  INFO      TradingGraph: Created trade plan: entry=0.7904, sl=0.7873, tp=0.7966
2026-03-24 20:04:43  INFO      TradingGraph: Executing trade for USDCHF
2026-03-24 20:04:43  ERROR     MT5Executor: Order rejected: retcode=10019 comment=No money vol=500.0 price=0.79044 sl=0.787342381002677 tp=0.7966352379946461
2026-03-24 20:04:43  ERROR     TradingGraph: MT5Executor returned None — order was not placed
2026-03-24 20:04:43  INFO      TradingRunner: Analysing AUDUSD …
2026-03-24 20:04:43  INFO      TradingGraph: Running agents for AUDUSD
2026-03-24 20:04:43  INFO      TradingGraph: Completed 7 agents
2026-03-24 20:04:43  INFO      TradingGraph: Fusing timeframe signals
2026-03-24 20:04:43  INFO      TradingGraph: Fusion: L=0.309, M=-0.072, S=0.158
2026-03-24 20:04:43  INFO      TradingGraph: Timeframes not aligned — stopping (L=0.309 M=-0.072 S=0.158)
2026-03-24 20:04:43  INFO      TradingRunner: Analysing USDCAD …
2026-03-24 20:04:43  INFO      TradingGraph: Running agents for USDCAD
2026-03-24 20:04:43  INFO      TradingGraph: Completed 7 agents
2026-03-24 20:04:43  INFO      TradingGraph: Fusing timeframe signals
2026-03-24 20:04:43  INFO      TradingGraph: Fusion: L=0.050, M=-0.216, S=0.244
2026-03-24 20:04:43  INFO      TradingGraph: Timeframes not aligned — stopping (L=0.050 M=-0.216 S=0.244)
2026-03-24 20:04:43  INFO      TradingRunner: Analysing NZDUSD …
2026-03-24 20:04:44  INFO      TradingGraph: Running agents for NZDUSD
2026-03-24 20:04:44  INFO      TradingGraph: Completed 7 agents
2026-03-24 20:04:44  INFO      TradingGraph: Fusing timeframe signals
2026-03-24 20:04:44  INFO      TradingGraph: Fusion: L=-0.442, M=0.300, S=0.157
2026-03-24 20:04:44  INFO      TradingGraph: Timeframes not aligned — stopping (L=-0.442 M=0.300 S=0.157)
2026-03-24 20:04:44  INFO      TradingRunner: Analysing XAUUSD …
2026-03-24 20:04:44  INFO      TradingGraph: Running agents for XAUUSD
2026-03-24 20:04:44  INFO      TradingGraph: Completed 7 agents
2026-03-24 20:04:44  INFO      TradingGraph: Fusing timeframe signals
2026-03-24 20:04:44  INFO      TradingGraph: Fusion: L=0.445, M=-0.141, S=-0.034
2026-03-24 20:04:44  INFO      TradingGraph: Aligned [pullback-entry] (bullish) — proceeding [L=0.445 M=-0.141 S=-0.034 breadth=-0.086]
2026-03-24 20:04:44  INFO      TradingGraph: Generating trading recipe
2026-03-24 20:04:44  INFO      TradingGraph: Generated recipe: LONG_PULLBACK_ENTRY_XAUUSD
2026-03-24 20:04:44  INFO      TradingGraph: Risk check passed
2026-03-24 20:04:44  INFO      TradingGraph: Creating trade plan
2026-03-24 20:04:44  INFO      TradingGraph: Created trade plan: entry=4400.1300, sl=4301.2963, tp=4597.7974
2026-03-24 20:04:44  INFO      TradingGraph: Executing trade for XAUUSD
2026-03-24 20:04:44  ERROR     MT5Executor: Order rejected: retcode=10017 comment=Trade disabled vol=0.25 price=4400.13 sl=4301.296324247177 tp=4597.797351505646
2026-03-24 20:04:44  ERROR     TradingGraph: MT5Executor returned None — order was not placed
2026-03-24 20:04:44  INFO      TradingRunner: Analysing XAGUSD …
2026-03-24 20:04:44  INFO      TradingGraph: Running agents for XAGUSD
2026-03-24 20:04:44  INFO      TradingGraph: Completed 7 agents
2026-03-24 20:04:44  INFO      TradingGraph: Fusing timeframe signals
2026-03-24 20:04:44  INFO      TradingGraph: Fusion: L=-0.258, M=0.442, S=0.147
2026-03-24 20:04:44  INFO      TradingGraph: Timeframes not aligned — stopping (L=-0.258 M=0.442 S=0.147)
2026-03-24 20:04:44  INFO      TradingRunner: PnL — unrealized: +0.00  realized today: +0.00  total: +0.00
2026-03-24 20:04:44  INFO      TradingRunner: Cycle done in 2.3s — sleeping 58s
2026-03-24 20:05:42  INFO      TradingRunner: Analysing EURUSD …
2026-03-24 20:05:42  INFO      TradingGraph: Running agents for EURUSD
2026-03-24 20:05:42  INFO      TradingGraph: Completed 7 agents
2026-03-24 20:05:42  INFO      TradingGraph: Fusing timeframe signals
2026-03-24 20:05:42  INFO      TradingGraph: Fusion: L=-0.422, M=-0.088, S=0.174
2026-03-24 20:05:42  INFO      TradingGraph: Aligned [pullback-entry] (bearish) — proceeding [L=-0.422 M=-0.088 S=0.174 breadth=-0.086]
2026-03-24 20:05:42  INFO      TradingGraph: Generating trading recipe
2026-03-24 20:05:42  INFO      TradingGraph: Generated recipe: SHORT_PULLBACK_ENTRY_EURUSD
2026-03-24 20:05:42  INFO      TradingGraph: Risk check passed
2026-03-24 20:05:42  INFO      TradingGraph: Creating trade plan
2026-03-24 20:05:42  INFO      TradingGraph: Created trade plan: entry=1.1586, sl=1.1628, tp=1.1502
2026-03-24 20:05:42  INFO      TradingGraph: Executing trade for EURUSD
2026-03-24 20:05:43  ERROR     MT5Executor: Order rejected: retcode=10019 comment=No money vol=500.0 price=1.1586 sl=1.1628036424357704 tp=1.1501627151284595
2026-03-24 20:05:43  ERROR     TradingGraph: MT5Executor returned None — order was not placed
2026-03-24 20:05:43  INFO      TradingRunner: Analysing GBPUSD …
2026-03-24 20:05:43  INFO      TradingGraph: Running agents for GBPUSD
2026-03-24 20:05:43  INFO      TradingGraph: Completed 7 agents
2026-03-24 20:05:43  INFO      TradingGraph: Fusing timeframe signals
2026-03-24 20:05:43  INFO      TradingGraph: Fusion: L=-0.409, M=0.284, S=-0.017
2026-03-24 20:05:43  INFO      TradingGraph: Aligned [pullback-entry] (bearish) — proceeding [L=-0.409 M=0.284 S=-0.017 breadth=-0.086]
2026-03-24 20:05:43  INFO      TradingGraph: Generating trading recipe
2026-03-24 20:05:43  INFO      TradingGraph: Generated recipe: SHORT_PULLBACK_ENTRY_GBPUSD
2026-03-24 20:05:43  INFO      TradingGraph: Risk check passed
2026-03-24 20:05:43  INFO      TradingGraph: Creating trade plan
2026-03-24 20:05:43  INFO      TradingGraph: Created trade plan: entry=1.3383, sl=1.3438, tp=1.3274
2026-03-24 20:05:43  INFO      TradingGraph: Executing trade for GBPUSD
2026-03-24 20:05:43  ERROR     MT5Executor: Order rejected: retcode=10019 comment=No money vol=500.0 price=1.33832 sl=1.3437989158869559 tp=1.3273621682260883
2026-03-24 20:05:43  ERROR     TradingGraph: MT5Executor returned None — order was not placed
2026-03-24 20:05:43  INFO      TradingRunner: Analysing USDJPY …
2026-03-24 20:05:43  INFO      TradingGraph: Running agents for USDJPY
2026-03-24 20:05:43  INFO      TradingGraph: Completed 7 agents
2026-03-24 20:05:43  INFO      TradingGraph: Fusing timeframe signals
2026-03-24 20:05:43  INFO      TradingGraph: Fusion: L=0.349, M=-0.253, S=0.233
2026-03-24 20:05:43  INFO      TradingGraph: Timeframes not aligned — stopping (L=0.349 M=-0.253 S=0.233)
2026-03-24 20:05:43  INFO      TradingRunner: Analysing USDCHF …
2026-03-24 20:05:44  INFO      TradingGraph: Running agents for USDCHF
2026-03-24 20:05:44  INFO      TradingGraph: Completed 7 agents
2026-03-24 20:05:44  INFO      TradingGraph: Fusing timeframe signals
2026-03-24 20:05:44  INFO      TradingGraph: Fusion: L=0.429, M=0.589, S=0.112
2026-03-24 20:05:44  INFO      TradingGraph: Aligned [pullback-entry] (bullish) — proceeding [L=0.429 M=0.589 S=0.112 breadth=-0.086]
2026-03-24 20:05:44  INFO      TradingGraph: Generating trading recipe
2026-03-24 20:05:44  INFO      TradingGraph: Generated recipe: LONG_PULLBACK_ENTRY_USDCHF
2026-03-24 20:05:44  INFO      TradingGraph: Risk check passed
2026-03-24 20:05:44  INFO      TradingGraph: Creating trade plan
2026-03-24 20:05:44  INFO      TradingGraph: Created trade plan: entry=0.7904, sl=0.7873, tp=0.7966
2026-03-24 20:05:44  INFO      TradingGraph: Executing trade for USDCHF
2026-03-24 20:05:44  ERROR     MT5Executor: Order rejected: retcode=10019 comment=No money vol=500.0 price=0.79042 sl=0.7873209524312484 tp=0.7966180951375033
2026-03-24 20:05:44  ERROR     TradingGraph: MT5Executor returned None — order was not placed
2026-03-24 20:05:44  INFO      TradingRunner: Analysing AUDUSD …
2026-03-24 20:05:44  INFO      TradingGraph: Running agents for AUDUSD
2026-03-24 20:05:44  INFO      TradingGraph: Completed 7 agents
2026-03-24 20:05:44  INFO      TradingGraph: Fusing timeframe signals
2026-03-24 20:05:44  INFO      TradingGraph: Fusion: L=0.309, M=-0.072, S=0.158
2026-03-24 20:05:44  INFO      TradingGraph: Timeframes not aligned — stopping (L=0.309 M=-0.072 S=0.158)
2026-03-24 20:05:44  INFO      TradingRunner: Analysing USDCAD …
2026-03-24 20:05:45  INFO      TradingGraph: Running agents for USDCAD
2026-03-24 20:05:45  INFO      TradingGraph: Completed 7 agents
2026-03-24 20:05:45  INFO      TradingGraph: Fusing timeframe signals
2026-03-24 20:05:45  INFO      TradingGraph: Fusion: L=0.050, M=-0.216, S=0.244
2026-03-24 20:05:45  INFO      TradingGraph: Timeframes not aligned — stopping (L=0.050 M=-0.216 S=0.244)
2026-03-24 20:05:45  INFO      TradingRunner: Analysing NZDUSD …
2026-03-24 20:05:45  INFO      TradingGraph: Running agents for NZDUSD
2026-03-24 20:05:45  INFO      TradingGraph: Completed 7 agents
2026-03-24 20:05:45  INFO      TradingGraph: Fusing timeframe signals
2026-03-24 20:05:45  INFO      TradingGraph: Fusion: L=-0.442, M=0.300, S=0.157
2026-03-24 20:05:45  INFO      TradingGraph: Timeframes not aligned — stopping (L=-0.442 M=0.300 S=0.157)
2026-03-24 20:05:45  INFO      TradingRunner: Analysing XAUUSD …
2026-03-24 20:05:45  INFO      TradingGraph: Running agents for XAUUSD
2026-03-24 20:05:45  INFO      TradingGraph: Completed 7 agents
2026-03-24 20:05:45  INFO      TradingGraph: Fusing timeframe signals
2026-03-24 20:05:45  INFO      TradingGraph: Fusion: L=0.445, M=-0.141, S=-0.034
2026-03-24 20:05:45  INFO      TradingGraph: Aligned [pullback-entry] (bullish) — proceeding [L=0.445 M=-0.141 S=-0.034 breadth=-0.086]
2026-03-24 20:05:45  INFO      TradingGraph: Generating trading recipe
2026-03-24 20:05:45  INFO      TradingGraph: Generated recipe: LONG_PULLBACK_ENTRY_XAUUSD
2026-03-24 20:05:45  INFO      TradingGraph: Risk check passed
2026-03-24 20:05:45  INFO      TradingGraph: Creating trade plan
2026-03-24 20:05:45  INFO      TradingGraph: Created trade plan: entry=4399.0100, sl=4300.1763, tp=4596.6774
2026-03-24 20:05:45  INFO      TradingGraph: Executing trade for XAUUSD
2026-03-24 20:05:45  ERROR     MT5Executor: Order rejected: retcode=10017 comment=Trade disabled vol=0.25 price=4399.01 sl=4300.176324247177 tp=4596.677351505646
2026-03-24 20:05:45  ERROR     TradingGraph: MT5Executor returned None — order was not placed
2026-03-24 20:05:45  INFO      TradingRunner: Analysing XAGUSD …
2026-03-24 20:05:46  INFO      TradingGraph: Running agents for XAGUSD
2026-03-24 20:05:46  INFO      TradingGraph: Completed 7 agents
2026-03-24 20:05:46  INFO      TradingGraph: Fusing timeframe signals
2026-03-24 20:05:46  INFO      TradingGraph: Fusion: L=-0.258, M=0.442, S=0.130
2026-03-24 20:05:46  INFO      TradingGraph: Timeframes not aligned — stopping (L=-0.258 M=0.442 S=0.130)
2026-03-24 20:05:46  INFO      TradingRunner: PnL — unrealized: +0.00  realized today: +0.00  total: +0.00
2026-03-24 20:05:46  INFO      TradingRunner: Cycle done in 3.7s — sleeping 56s
2026-03-24 20:06:42  INFO      TradingRunner: Analysing EURUSD …
2026-03-24 20:06:42  ERROR     DataLoader: No data from MT5 for EURUSD/1D
2026-03-24 20:06:42  ERROR     DataLoader: No data from MT5 for EURUSD/1H
2026-03-24 20:06:42  ERROR     DataLoader: No data from MT5 for EURUSD/15m
2026-03-24 20:06:42  WARNING   TradingRunner: Could not load features for EURUSD — skipping
2026-03-24 20:06:42  INFO      TradingRunner: Analysing GBPUSD …
2026-03-24 20:06:42  ERROR     DataLoader: No data from MT5 for GBPUSD/1D
2026-03-24 20:06:42  ERROR     DataLoader: No data from MT5 for GBPUSD/1H
2026-03-24 20:06:42  ERROR     DataLoader: No data from MT5 for GBPUSD/15m
2026-03-24 20:06:42  WARNING   TradingRunner: Could not load features for GBPUSD — skipping
2026-03-24 20:06:42  INFO      TradingRunner: Analysing USDJPY …
2026-03-24 20:06:42  ERROR     DataLoader: No data from MT5 for USDJPY/1D
2026-03-24 20:06:42  ERROR     DataLoader: No data from MT5 for USDJPY/1H
2026-03-24 20:06:42  ERROR     DataLoader: No data from MT5 for USDJPY/15m
2026-03-24 20:06:42  WARNING   TradingRunner: Could not load features for USDJPY — skipping
2026-03-24 20:06:42  INFO      TradingRunner: Analysing USDCHF …
2026-03-24 20:06:42  ERROR     DataLoader: No data from MT5 for USDCHF/1D
2026-03-24 20:06:42  ERROR     DataLoader: No data from MT5 for USDCHF/1H
2026-03-24 20:06:42  ERROR     DataLoader: No data from MT5 for USDCHF/15m
2026-03-24 20:06:42  WARNING   TradingRunner: Could not load features for USDCHF — skipping
2026-03-24 20:06:42  INFO      TradingRunner: Analysing AUDUSD …
2026-03-24 20:06:42  ERROR     DataLoader: No data from MT5 for AUDUSD/1D
2026-03-24 20:06:42  ERROR     DataLoader: No data from MT5 for AUDUSD/1H
2026-03-24 20:06:42  ERROR     DataLoader: No data from MT5 for AUDUSD/15m
2026-03-24 20:06:42  WARNING   TradingRunner: Could not load features for AUDUSD — skipping
2026-03-24 20:06:42  INFO      TradingRunner: Analysing USDCAD …
2026-03-24 20:06:42  ERROR     DataLoader: No data from MT5 for USDCAD/1D
2026-03-24 20:06:42  ERROR     DataLoader: No data from MT5 for USDCAD/1H
2026-03-24 20:06:42  ERROR     DataLoader: No data from MT5 for USDCAD/15m
2026-03-24 20:06:42  WARNING   TradingRunner: Could not load features for USDCAD — skipping
2026-03-24 20:06:42  INFO      TradingRunner: Analysing NZDUSD …
2026-03-24 20:06:42  ERROR     DataLoader: No data from MT5 for NZDUSD/1D
2026-03-24 20:06:42  ERROR     DataLoader: No data from MT5 for NZDUSD/1H
2026-03-24 20:06:42  ERROR     DataLoader: No data from MT5 for NZDUSD/15m
2026-03-24 20:06:42  WARNING   TradingRunner: Could not load features for NZDUSD — skipping
2026-03-24 20:06:42  INFO      TradingRunner: Analysing XAUUSD …
2026-03-24 20:06:42  ERROR     DataLoader: No data from MT5 for XAUUSD/1D
2026-03-24 20:06:42  ERROR     DataLoader: No data from MT5 for XAUUSD/1H
2026-03-24 20:06:42  ERROR     DataLoader: No data from MT5 for XAUUSD/15m
2026-03-24 20:06:42  WARNING   TradingRunner: Could not load features for XAUUSD — skipping
2026-03-24 20:06:42  INFO      TradingRunner: Analysing XAGUSD …
2026-03-24 20:06:42  ERROR     DataLoader: No data from MT5 for XAGUSD/1D
2026-03-24 20:06:42  ERROR     DataLoader: No data from MT5 for XAGUSD/1H
2026-03-24 20:06:42  ERROR     DataLoader: No data from MT5 for XAGUSD/15m
2026-03-24 20:06:42  WARNING   TradingRunner: Could not load features for XAGUSD — skipping
2026-03-24 20:06:42  INFO      TradingRunner: PnL — unrealized: +0.00  realized today: +0.00  total: +0.00
2026-03-24 20:06:42  INFO      TradingRunner: Cycle done in 0.5s — sleeping 60s
2026-03-24 20:07:42  INFO      TradingRunner: Analysing EURUSD …
2026-03-24 20:07:42  ERROR     DataLoader: No data from MT5 for EURUSD/1D
2026-03-24 20:07:42  ERROR     DataLoader: No data from MT5 for EURUSD/1H
2026-03-24 20:07:42  ERROR     DataLoader: No data from MT5 for EURUSD/15m
2026-03-24 20:07:42  WARNING   TradingRunner: Could not load features for EURUSD — skipping
2026-03-24 20:07:42  INFO      TradingRunner: Analysing GBPUSD …
2026-03-24 20:07:42  ERROR     DataLoader: No data from MT5 for GBPUSD/1D
2026-03-24 20:07:42  ERROR     DataLoader: No data from MT5 for GBPUSD/1H
2026-03-24 20:07:42  ERROR     DataLoader: No data from MT5 for GBPUSD/15m
2026-03-24 20:07:42  WARNING   TradingRunner: Could not load features for GBPUSD — skipping
2026-03-24 20:07:42  INFO      TradingRunner: Analysing USDJPY …
2026-03-24 20:07:42  ERROR     DataLoader: No data from MT5 for USDJPY/1D
2026-03-24 20:07:42  ERROR     DataLoader: No data from MT5 for USDJPY/1H
2026-03-24 20:07:42  ERROR     DataLoader: No data from MT5 for USDJPY/15m
2026-03-24 20:07:42  WARNING   TradingRunner: Could not load features for USDJPY — skipping
2026-03-24 20:07:42  INFO      TradingRunner: Analysing USDCHF …
2026-03-24 20:07:42  ERROR     DataLoader: No data from MT5 for USDCHF/1D
2026-03-24 20:07:42  ERROR     DataLoader: No data from MT5 for USDCHF/1H
2026-03-24 20:07:42  ERROR     DataLoader: No data from MT5 for USDCHF/15m
2026-03-24 20:07:42  WARNING   TradingRunner: Could not load features for USDCHF — skipping
2026-03-24 20:07:42  INFO      TradingRunner: Analysing AUDUSD …
2026-03-24 20:07:42  ERROR     DataLoader: No data from MT5 for AUDUSD/1D
2026-03-24 20:07:42  ERROR     DataLoader: No data from MT5 for AUDUSD/1H
2026-03-24 20:07:42  ERROR     DataLoader: No data from MT5 for AUDUSD/15m
2026-03-24 20:07:42  WARNING   TradingRunner: Could not load features for AUDUSD — skipping
2026-03-24 20:07:42  INFO      TradingRunner: Analysing USDCAD …
2026-03-24 20:07:42  ERROR     DataLoader: No data from MT5 for USDCAD/1D
2026-03-24 20:07:42  ERROR     DataLoader: No data from MT5 for USDCAD/1H
2026-03-24 20:07:42  ERROR     DataLoader: No data from MT5 for USDCAD/15m
2026-03-24 20:07:42  WARNING   TradingRunner: Could not load features for USDCAD — skipping
2026-03-24 20:07:42  INFO      TradingRunner: Analysing NZDUSD …
2026-03-24 20:07:42  ERROR     DataLoader: No data from MT5 for NZDUSD/1D
2026-03-24 20:07:42  ERROR     DataLoader: No data from MT5 for NZDUSD/1H
2026-03-24 20:07:42  ERROR     DataLoader: No data from MT5 for NZDUSD/15m
2026-03-24 20:07:42  WARNING   TradingRunner: Could not load features for NZDUSD — skipping
2026-03-24 20:07:42  INFO      TradingRunner: Analysing XAUUSD …
2026-03-24 20:07:42  ERROR     DataLoader: No data from MT5 for XAUUSD/1D
2026-03-24 20:07:42  ERROR     DataLoader: No data from MT5 for XAUUSD/1H
2026-03-24 20:07:42  ERROR     DataLoader: No data from MT5 for XAUUSD/15m
2026-03-24 20:07:42  WARNING   TradingRunner: Could not load features for XAUUSD — skipping
2026-03-24 20:07:42  INFO      TradingRunner: Analysing XAGUSD …
2026-03-24 20:07:42  ERROR     DataLoader: No data from MT5 for XAGUSD/1D
2026-03-24 20:07:42  ERROR     DataLoader: No data from MT5 for XAGUSD/1H
2026-03-24 20:07:42  ERROR     DataLoader: No data from MT5 for XAGUSD/15m
2026-03-24 20:07:42  WARNING   TradingRunner: Could not load features for XAGUSD — skipping
2026-03-24 20:07:42  INFO      TradingRunner: PnL — unrealized: +0.00  realized today: +0.00  total: +0.00
2026-03-24 20:07:42  INFO      TradingRunner: Cycle done in 0.4s — sleeping 60s
2026-03-24 21:02:53  INFO      MT5Executor: Using mt5linux backend → localhost:18812
2026-03-24 21:02:57  INFO      MT5Executor: Connected to MT5: 5048376965 on MetaQuotes-Demo | balance=3000.0 | trade_allowed=False
2026-03-24 21:02:57  INFO      root: Registered agent: RegimeAgent
2026-03-24 21:02:57  INFO      root: Registered agent: TrendAgent
2026-03-24 21:02:57  INFO      root: Registered agent: MomentumAgent
2026-03-24 21:02:57  INFO      root: Registered agent: MeanReversionAgent
2026-03-24 21:02:57  INFO      root: Registered agent: VolatilityAgent
2026-03-24 21:02:57  INFO      root: Registered agent: BreadthAgent
2026-03-24 21:02:57  INFO      root: Registered agent: PatternAgent
2026-03-24 21:02:57  INFO      TradingRunner: TradingRunner started — symbols: ['EURUSD', 'GBPUSD', 'USDJPY', 'USDCHF', 'AUDUSD', 'USDCAD', 'NZDUSD', 'XAUUSD'], interval: 60s
2026-03-24 21:02:57  INFO      TradingRunner: Analysing EURUSD …
2026-03-24 21:02:57  INFO      TradingGraph: Running agents for EURUSD
2026-03-24 21:02:57  INFO      TradingGraph: Completed 7 agents
2026-03-24 21:02:57  INFO      TradingGraph: Fusing timeframe signals
2026-03-24 21:02:57  INFO      TradingGraph: Fusion: L=-0.422, M=0.015, S=0.171
2026-03-24 21:02:57  INFO      TradingGraph: Aligned [pullback-entry] (bearish) — proceeding [L=-0.422 M=0.015 S=0.171 breadth=-0.086]
2026-03-24 21:02:57  INFO      TradingGraph: Generating trading recipe
2026-03-24 21:02:57  INFO      TradingGraph: Generated recipe: SHORT_PULLBACK_ENTRY_EURUSD
2026-03-24 21:02:57  INFO      TradingGraph: Risk check passed
2026-03-24 21:02:57  INFO      TradingGraph: Creating trade plan
2026-03-24 21:02:57  INFO      TradingGraph: Created trade plan: entry=1.1585, sl=1.1626, tp=1.1505
2026-03-24 21:02:57  INFO      TradingGraph: Executing trade for EURUSD
2026-03-24 21:02:57  ERROR     MT5Executor: Order rejected: retcode=10019 comment=No money vol=500.0 price=1.15854 sl=1.162560933283052 tp=1.1504981334338957
2026-03-24 21:02:57  ERROR     TradingGraph: MT5Executor returned None — order was not placed
2026-03-24 21:02:57  INFO      TradingRunner: Analysing GBPUSD …
2026-03-24 21:02:58  INFO      TradingGraph: Running agents for GBPUSD
2026-03-24 21:02:58  INFO      TradingGraph: Completed 7 agents
2026-03-24 21:02:58  INFO      TradingGraph: Fusing timeframe signals
2026-03-24 21:02:58  INFO      TradingGraph: Fusion: L=-0.409, M=0.283, S=-0.044
2026-03-24 21:02:58  INFO      TradingGraph: Aligned [pullback-entry] (bearish) — proceeding [L=-0.409 M=0.283 S=-0.044 breadth=-0.086]
2026-03-24 21:02:58  INFO      TradingGraph: Generating trading recipe
2026-03-24 21:02:58  INFO      TradingGraph: Generated recipe: SHORT_PULLBACK_ENTRY_GBPUSD
2026-03-24 21:02:58  INFO      TradingGraph: Risk check passed
2026-03-24 21:02:58  INFO      TradingGraph: Creating trade plan
2026-03-24 21:02:58  INFO      TradingGraph: Created trade plan: entry=1.3382, sl=1.3434, tp=1.3278
2026-03-24 21:02:58  INFO      TradingGraph: Executing trade for GBPUSD
2026-03-24 21:02:58  ERROR     MT5Executor: Order rejected: retcode=10019 comment=No money vol=500.0 price=1.3382 sl=1.3434072586294625 tp=1.3277854827410753
2026-03-24 21:02:58  ERROR     TradingGraph: MT5Executor returned None — order was not placed
2026-03-24 21:02:58  INFO      TradingRunner: Analysing USDJPY …
2026-03-24 21:02:59  INFO      TradingGraph: Running agents for USDJPY
2026-03-24 21:02:59  INFO      TradingGraph: Completed 7 agents
2026-03-24 21:02:59  INFO      TradingGraph: Fusing timeframe signals
2026-03-24 21:02:59  INFO      TradingGraph: Fusion: L=0.350, M=-0.253, S=0.230
2026-03-24 21:02:59  INFO      TradingGraph: Timeframes not aligned — stopping (L=0.350 M=-0.253 S=0.230)
2026-03-24 21:02:59  INFO      TradingRunner: Analysing USDCHF …
2026-03-24 21:02:59  INFO      TradingGraph: Running agents for USDCHF
2026-03-24 21:02:59  INFO      TradingGraph: Completed 7 agents
2026-03-24 21:02:59  INFO      TradingGraph: Fusing timeframe signals
2026-03-24 21:02:59  INFO      TradingGraph: Fusion: L=0.429, M=0.621, S=0.184
2026-03-24 21:02:59  INFO      TradingGraph: Aligned [pullback-entry] (bullish) — proceeding [L=0.429 M=0.621 S=0.184 breadth=-0.086]
2026-03-24 21:02:59  INFO      TradingGraph: Generating trading recipe
2026-03-24 21:02:59  INFO      TradingGraph: Generated recipe: LONG_PULLBACK_ENTRY_USDCHF
2026-03-24 21:02:59  INFO      TradingGraph: Risk check passed
2026-03-24 21:02:59  INFO      TradingGraph: Creating trade plan
2026-03-24 21:02:59  INFO      TradingGraph: Created trade plan: entry=0.7902, sl=0.7873, tp=0.7961
2026-03-24 21:02:59  INFO      TradingGraph: Executing trade for USDCHF
2026-03-24 21:02:59  ERROR     MT5Executor: Order rejected: retcode=10019 comment=No money vol=500.0 price=0.79021 sl=0.7872562925638816 tp=0.7961174148722366
2026-03-24 21:02:59  ERROR     TradingGraph: MT5Executor returned None — order was not placed
2026-03-24 21:02:59  INFO      TradingRunner: Analysing AUDUSD …
2026-03-24 21:02:59  INFO      TradingGraph: Running agents for AUDUSD
2026-03-24 21:02:59  INFO      TradingGraph: Completed 7 agents
2026-03-24 21:02:59  INFO      TradingGraph: Fusing timeframe signals
2026-03-24 21:02:59  INFO      TradingGraph: Fusion: L=0.308, M=-0.072, S=0.154
2026-03-24 21:02:59  INFO      TradingGraph: Timeframes not aligned — stopping (L=0.308 M=-0.072 S=0.154)
2026-03-24 21:03:00  INFO      TradingRunner: Analysing USDCAD …
2026-03-24 21:03:00  INFO      TradingGraph: Running agents for USDCAD
2026-03-24 21:03:00  INFO      TradingGraph: Completed 7 agents
2026-03-24 21:03:00  INFO      TradingGraph: Fusing timeframe signals
2026-03-24 21:03:00  INFO      TradingGraph: Fusion: L=0.050, M=-0.243, S=0.100
2026-03-24 21:03:00  INFO      TradingGraph: Timeframes not aligned — stopping (L=0.050 M=-0.243 S=0.100)
2026-03-24 21:03:00  INFO      TradingRunner: Analysing NZDUSD …
2026-03-24 21:03:01  INFO      TradingGraph: Running agents for NZDUSD
2026-03-24 21:03:01  INFO      TradingGraph: Completed 7 agents
2026-03-24 21:03:01  INFO      TradingGraph: Fusing timeframe signals
2026-03-24 21:03:01  INFO      TradingGraph: Fusion: L=-0.443, M=0.211, S=0.151
2026-03-24 21:03:01  INFO      TradingGraph: Aligned [pullback-entry] (bearish) — proceeding [L=-0.443 M=0.211 S=0.151 breadth=-0.086]
2026-03-24 21:03:01  INFO      TradingGraph: Generating trading recipe
2026-03-24 21:03:01  INFO      TradingGraph: Generated recipe: SHORT_PULLBACK_ENTRY_NZDUSD
2026-03-24 21:03:01  INFO      TradingGraph: Risk check passed
2026-03-24 21:03:01  INFO      TradingGraph: Creating trade plan
2026-03-24 21:03:01  INFO      TradingGraph: Created trade plan: entry=0.5819, sl=0.5851, tp=0.5754
2026-03-24 21:03:01  INFO      TradingGraph: Executing trade for NZDUSD
2026-03-24 21:03:01  ERROR     MT5Executor: Order rejected: retcode=10019 comment=No money vol=500.0 price=0.58187 sl=0.5850904668346255 tp=0.575429066330749
2026-03-24 21:03:01  ERROR     TradingGraph: MT5Executor returned None — order was not placed
2026-03-24 21:03:01  INFO      TradingRunner: Analysing XAUUSD …
2026-03-24 21:03:02  INFO      TradingGraph: Running agents for XAUUSD
2026-03-24 21:03:02  INFO      TradingGraph: Completed 7 agents
2026-03-24 21:03:02  INFO      TradingGraph: Fusing timeframe signals
2026-03-24 21:03:02  INFO      TradingGraph: Fusion: L=0.445, M=-0.143, S=-0.054
2026-03-24 21:03:02  INFO      TradingGraph: Aligned [pullback-entry] (bullish) — proceeding [L=0.445 M=-0.143 S=-0.054 breadth=-0.086]
2026-03-24 21:03:02  INFO      TradingGraph: Generating trading recipe
2026-03-24 21:03:02  INFO      TradingGraph: Generated recipe: LONG_PULLBACK_ENTRY_XAUUSD
2026-03-24 21:03:02  INFO      TradingGraph: Risk check passed
2026-03-24 21:03:02  INFO      TradingGraph: Creating trade plan
2026-03-24 21:03:02  INFO      TradingGraph: Created trade plan: entry=4402.1600, sl=4308.1201, tp=4590.2399
2026-03-24 21:03:02  INFO      TradingGraph: Executing trade for XAUUSD
2026-03-24 21:03:02  ERROR     MT5Executor: Order rejected: retcode=10017 comment=Trade disabled vol=0.27 price=4402.17 sl=4308.120056198372 tp=4590.239887603255
2026-03-24 21:03:02  ERROR     TradingGraph: MT5Executor returned None — order was not placed
2026-03-24 21:03:03  INFO      TradingRunner: PnL — unrealized: +0.00  realized today: +0.00  total: +0.00
2026-03-24 21:03:03  INFO      TradingRunner: Cycle done in 5.8s — sleeping 54s
2026-03-24 21:03:57  INFO      TradingRunner: Analysing EURUSD …
2026-03-24 21:03:57  INFO      TradingGraph: Running agents for EURUSD
2026-03-24 21:03:57  INFO      TradingGraph: Completed 7 agents
2026-03-24 21:03:57  INFO      TradingGraph: Fusing timeframe signals
2026-03-24 21:03:57  INFO      TradingGraph: Fusion: L=-0.422, M=0.313, S=0.171
2026-03-24 21:03:57  INFO      TradingGraph: Timeframes not aligned — stopping (L=-0.422 M=0.313 S=0.171)
2026-03-24 21:03:57  INFO      TradingRunner: Analysing GBPUSD …
2026-03-24 21:03:58  INFO      TradingGraph: Running agents for GBPUSD
2026-03-24 21:03:58  INFO      TradingGraph: Completed 7 agents
2026-03-24 21:03:58  INFO      TradingGraph: Fusing timeframe signals
2026-03-24 21:03:58  INFO      TradingGraph: Fusion: L=-0.409, M=0.283, S=-0.044
2026-03-24 21:03:58  INFO      TradingGraph: Aligned [pullback-entry] (bearish) — proceeding [L=-0.409 M=0.283 S=-0.044 breadth=-0.086]
2026-03-24 21:03:58  INFO      TradingGraph: Generating trading recipe
2026-03-24 21:03:58  INFO      TradingGraph: Generated recipe: SHORT_PULLBACK_ENTRY_GBPUSD
2026-03-24 21:03:58  INFO      TradingGraph: Risk check passed
2026-03-24 21:03:58  INFO      TradingGraph: Creating trade plan
2026-03-24 21:03:58  INFO      TradingGraph: Created trade plan: entry=1.3381, sl=1.3433, tp=1.3277
2026-03-24 21:03:58  INFO      TradingGraph: Executing trade for GBPUSD
2026-03-24 21:03:58  ERROR     MT5Executor: Order rejected: retcode=10019 comment=No money vol=500.0 price=1.33813 sl=1.343338687200891 tp=1.3277126255982181
2026-03-24 21:03:58  ERROR     TradingGraph: MT5Executor returned None — order was not placed
2026-03-24 21:03:58  INFO      TradingRunner: Analysing USDJPY …
2026-03-24 21:03:58  INFO      TradingGraph: Running agents for USDJPY
2026-03-24 21:03:58  INFO      TradingGraph: Completed 7 agents
2026-03-24 21:03:58  INFO      TradingGraph: Fusing timeframe signals
2026-03-24 21:03:58  INFO      TradingGraph: Fusion: L=0.350, M=-0.253, S=0.230
2026-03-24 21:03:58  INFO      TradingGraph: Timeframes not aligned — stopping (L=0.350 M=-0.253 S=0.230)
2026-03-24 21:03:58  INFO      TradingRunner: Analysing USDCHF …
2026-03-24 21:03:58  INFO      TradingGraph: Running agents for USDCHF
2026-03-24 21:03:58  INFO      TradingGraph: Completed 7 agents
2026-03-24 21:03:58  INFO      TradingGraph: Fusing timeframe signals
2026-03-24 21:03:58  INFO      TradingGraph: Fusion: L=0.429, M=0.621, S=0.108
2026-03-24 21:03:58  INFO      TradingGraph: Aligned [pullback-entry] (bullish) — proceeding [L=0.429 M=0.621 S=0.108 breadth=-0.086]
2026-03-24 21:03:58  INFO      TradingGraph: Generating trading recipe
2026-03-24 21:03:58  INFO      TradingGraph: Generated recipe: LONG_PULLBACK_ENTRY_USDCHF
2026-03-24 21:03:58  INFO      TradingGraph: Risk check passed
2026-03-24 21:03:58  INFO      TradingGraph: Creating trade plan
2026-03-24 21:03:58  INFO      TradingGraph: Created trade plan: entry=0.7903, sl=0.7873, tp=0.7962
2026-03-24 21:03:58  INFO      TradingGraph: Executing trade for USDCHF
2026-03-24 21:03:59  ERROR     MT5Executor: Order rejected: retcode=10019 comment=No money vol=500.0 price=0.79026 sl=0.7873062925638816 tp=0.7961674148722366
2026-03-24 21:03:59  ERROR     TradingGraph: MT5Executor returned None — order was not placed
2026-03-24 21:03:59  INFO      TradingRunner: Analysing AUDUSD …
2026-03-24 21:03:59  INFO      TradingGraph: Running agents for AUDUSD
2026-03-24 21:03:59  INFO      TradingGraph: Completed 7 agents
2026-03-24 21:03:59  INFO      TradingGraph: Fusing timeframe signals
2026-03-24 21:03:59  INFO      TradingGraph: Fusion: L=0.308, M=-0.071, S=0.154
2026-03-24 21:03:59  INFO      TradingGraph: Timeframes not aligned — stopping (L=0.308 M=-0.071 S=0.154)
2026-03-24 21:03:59  INFO      TradingRunner: Analysing USDCAD …
2026-03-24 21:03:59  INFO      TradingGraph: Running agents for USDCAD
2026-03-24 21:03:59  INFO      TradingGraph: Completed 7 agents
2026-03-24 21:03:59  INFO      TradingGraph: Fusing timeframe signals
2026-03-24 21:03:59  INFO      TradingGraph: Fusion: L=0.050, M=-0.243, S=0.100
2026-03-24 21:03:59  INFO      TradingGraph: Timeframes not aligned — stopping (L=0.050 M=-0.243 S=0.100)
2026-03-24 21:03:59  INFO      TradingRunner: Analysing NZDUSD …
2026-03-24 21:03:59  INFO      TradingGraph: Running agents for NZDUSD
2026-03-24 21:03:59  INFO      TradingGraph: Completed 7 agents
2026-03-24 21:03:59  INFO      TradingGraph: Fusing timeframe signals
2026-03-24 21:03:59  INFO      TradingGraph: Fusion: L=-0.443, M=0.211, S=0.151
2026-03-24 21:03:59  INFO      TradingGraph: Aligned [pullback-entry] (bearish) — proceeding [L=-0.443 M=0.211 S=0.151 breadth=-0.086]
2026-03-24 21:03:59  INFO      TradingGraph: Generating trading recipe
2026-03-24 21:03:59  INFO      TradingGraph: Generated recipe: SHORT_PULLBACK_ENTRY_NZDUSD
2026-03-24 21:03:59  INFO      TradingGraph: Risk check passed
2026-03-24 21:03:59  INFO      TradingGraph: Creating trade plan
2026-03-24 21:03:59  INFO      TradingGraph: Created trade plan: entry=0.5818, sl=0.5851, tp=0.5754
2026-03-24 21:03:59  INFO      TradingGraph: Executing trade for NZDUSD
2026-03-24 21:03:59  ERROR     MT5Executor: Order rejected: retcode=10019 comment=No money vol=500.0 price=0.58184 sl=0.5850604668346255 tp=0.575399066330749
2026-03-24 21:03:59  ERROR     TradingGraph: MT5Executor returned None — order was not placed
2026-03-24 21:04:00  INFO      TradingRunner: Analysing XAUUSD …
2026-03-24 21:04:00  INFO      TradingGraph: Running agents for XAUUSD
2026-03-24 21:04:00  INFO      TradingGraph: Completed 7 agents
2026-03-24 21:04:00  INFO      TradingGraph: Fusing timeframe signals
2026-03-24 21:04:00  INFO      TradingGraph: Fusion: L=0.445, M=-0.143, S=-0.054
2026-03-24 21:04:00  INFO      TradingGraph: Aligned [pullback-entry] (bullish) — proceeding [L=0.445 M=-0.143 S=-0.054 breadth=-0.086]
2026-03-24 21:04:00  INFO      TradingGraph: Generating trading recipe
2026-03-24 21:04:00  INFO      TradingGraph: Generated recipe: LONG_PULLBACK_ENTRY_XAUUSD
2026-03-24 21:04:00  INFO      TradingGraph: Risk check passed
2026-03-24 21:04:00  INFO      TradingGraph: Creating trade plan
2026-03-24 21:04:00  INFO      TradingGraph: Created trade plan: entry=4401.8600, sl=4307.8201, tp=4589.9399
2026-03-24 21:04:00  INFO      TradingGraph: Executing trade for XAUUSD
2026-03-24 21:04:00  ERROR     MT5Executor: Order rejected: retcode=10017 comment=Trade disabled vol=0.27 price=4401.84 sl=4307.820056198372 tp=4589.939887603255
2026-03-24 21:04:00  ERROR     TradingGraph: MT5Executor returned None — order was not placed
2026-03-24 21:04:00  INFO      TradingRunner: PnL — unrealized: +0.00  realized today: +0.00  total: +0.00
2026-03-24 21:04:00  INFO      TradingRunner: Cycle done in 3.3s — sleeping 57s
2026-03-24 21:04:57  INFO      TradingRunner: Analysing EURUSD …
2026-03-24 21:04:57  INFO      TradingGraph: Running agents for EURUSD
2026-03-24 21:04:57  INFO      TradingGraph: Completed 7 agents
2026-03-24 21:04:57  INFO      TradingGraph: Fusing timeframe signals
2026-03-24 21:04:57  INFO      TradingGraph: Fusion: L=-0.422, M=0.315, S=0.171
2026-03-24 21:04:57  INFO      TradingGraph: Timeframes not aligned — stopping (L=-0.422 M=0.315 S=0.171)
2026-03-24 21:04:57  INFO      TradingRunner: Analysing GBPUSD …
2026-03-24 21:04:57  INFO      TradingGraph: Running agents for GBPUSD
2026-03-24 21:04:57  INFO      TradingGraph: Completed 7 agents
2026-03-24 21:04:57  INFO      TradingGraph: Fusing timeframe signals
2026-03-24 21:04:57  INFO      TradingGraph: Fusion: L=-0.409, M=0.283, S=-0.044
2026-03-24 21:04:57  INFO      TradingGraph: Aligned [pullback-entry] (bearish) — proceeding [L=-0.409 M=0.283 S=-0.044 breadth=-0.086]
2026-03-24 21:04:57  INFO      TradingGraph: Generating trading recipe
2026-03-24 21:04:57  INFO      TradingGraph: Generated recipe: SHORT_PULLBACK_ENTRY_GBPUSD
2026-03-24 21:04:57  INFO      TradingGraph: Risk check passed
2026-03-24 21:04:57  INFO      TradingGraph: Creating trade plan
2026-03-24 21:04:57  INFO      TradingGraph: Created trade plan: entry=1.3382, sl=1.3434, tp=1.3277
2026-03-24 21:04:57  INFO      TradingGraph: Executing trade for GBPUSD
2026-03-24 21:04:58  ERROR     MT5Executor: Order rejected: retcode=10019 comment=No money vol=500.0 price=1.33816 sl=1.343368687200891 tp=1.327742625598218
2026-03-24 21:04:58  ERROR     TradingGraph: MT5Executor returned None — order was not placed
2026-03-24 21:04:58  INFO      TradingRunner: Analysing USDJPY …
2026-03-24 21:04:58  INFO      TradingGraph: Running agents for USDJPY
2026-03-24 21:04:58  INFO      TradingGraph: Completed 7 agents
2026-03-24 21:04:58  INFO      TradingGraph: Fusing timeframe signals
2026-03-24 21:04:58  INFO      TradingGraph: Fusion: L=0.350, M=-0.253, S=0.230
2026-03-24 21:04:58  INFO      TradingGraph: Timeframes not aligned — stopping (L=0.350 M=-0.253 S=0.230)
2026-03-24 21:04:58  INFO      TradingRunner: Analysing USDCHF …
2026-03-24 21:04:58  INFO      TradingGraph: Running agents for USDCHF
2026-03-24 21:04:58  INFO      TradingGraph: Completed 7 agents
2026-03-24 21:04:58  INFO      TradingGraph: Fusing timeframe signals
2026-03-24 21:04:58  INFO      TradingGraph: Fusion: L=0.429, M=0.622, S=0.108
2026-03-24 21:04:58  INFO      TradingGraph: Aligned [pullback-entry] (bullish) — proceeding [L=0.429 M=0.622 S=0.108 breadth=-0.086]
2026-03-24 21:04:58  INFO      TradingGraph: Generating trading recipe
2026-03-24 21:04:58  INFO      TradingGraph: Generated recipe: LONG_PULLBACK_ENTRY_USDCHF
2026-03-24 21:04:58  INFO      TradingGraph: Risk check passed
2026-03-24 21:04:58  INFO      TradingGraph: Creating trade plan
2026-03-24 21:04:58  INFO      TradingGraph: Created trade plan: entry=0.7903, sl=0.7873, tp=0.7962
2026-03-24 21:04:58  INFO      TradingGraph: Executing trade for USDCHF
2026-03-24 21:04:58  ERROR     MT5Executor: Order rejected: retcode=10019 comment=No money vol=500.0 price=0.7903 sl=0.7873462925638817 tp=0.7962074148722367
2026-03-24 21:04:59  ERROR     TradingGraph: MT5Executor returned None — order was not placed
2026-03-24 21:04:59  INFO      TradingRunner: Analysing AUDUSD …
2026-03-24 21:04:59  INFO      TradingGraph: Running agents for AUDUSD
2026-03-24 21:04:59  INFO      TradingGraph: Completed 7 agents
2026-03-24 21:04:59  INFO      TradingGraph: Fusing timeframe signals
2026-03-24 21:04:59  INFO      TradingGraph: Fusion: L=0.308, M=-0.067, S=0.154
2026-03-24 21:04:59  INFO      TradingGraph: Timeframes not aligned — stopping (L=0.308 M=-0.067 S=0.154)
2026-03-24 21:04:59  INFO      TradingRunner: Analysing USDCAD …
2026-03-24 21:05:00  INFO      TradingGraph: Running agents for USDCAD
2026-03-24 21:05:00  INFO      TradingGraph: Completed 7 agents
2026-03-24 21:05:00  INFO      TradingGraph: Fusing timeframe signals
2026-03-24 21:05:00  INFO      TradingGraph: Fusion: L=0.050, M=-0.215, S=0.090
2026-03-24 21:05:00  INFO      TradingGraph: Timeframes not aligned — stopping (L=0.050 M=-0.215 S=0.090)
2026-03-24 21:05:00  INFO      TradingRunner: Analysing NZDUSD …
2026-03-24 21:05:00  INFO      TradingGraph: Running agents for NZDUSD
2026-03-24 21:05:00  INFO      TradingGraph: Completed 7 agents
2026-03-24 21:05:00  INFO      TradingGraph: Fusing timeframe signals
2026-03-24 21:05:00  INFO      TradingGraph: Fusion: L=-0.443, M=0.185, S=0.151
2026-03-24 21:05:00  INFO      TradingGraph: Aligned [pullback-entry] (bearish) — proceeding [L=-0.443 M=0.185 S=0.151 breadth=-0.086]
2026-03-24 21:05:00  INFO      TradingGraph: Generating trading recipe
2026-03-24 21:05:00  INFO      TradingGraph: Generated recipe: SHORT_PULLBACK_ENTRY_NZDUSD
2026-03-24 21:05:00  INFO      TradingGraph: Risk check passed
2026-03-24 21:05:00  INFO      TradingGraph: Creating trade plan
2026-03-24 21:05:00  INFO      TradingGraph: Created trade plan: entry=0.5818, sl=0.5850, tp=0.5754
2026-03-24 21:05:00  INFO      TradingGraph: Executing trade for NZDUSD
2026-03-24 21:05:00  ERROR     MT5Executor: Order rejected: retcode=10019 comment=No money vol=500.0 price=0.5818 sl=0.5850204668346255 tp=0.575359066330749
2026-03-24 21:05:00  ERROR     TradingGraph: MT5Executor returned None — order was not placed
2026-03-24 21:05:00  INFO      TradingRunner: Analysing XAUUSD …
2026-03-24 21:05:01  INFO      TradingGraph: Running agents for XAUUSD
2026-03-24 21:05:01  INFO      TradingGraph: Completed 7 agents
2026-03-24 21:05:01  INFO      TradingGraph: Fusing timeframe signals
2026-03-24 21:05:01  INFO      TradingGraph: Fusion: L=0.445, M=-0.144, S=-0.054
2026-03-24 21:05:01  INFO      TradingGraph: Aligned [pullback-entry] (bullish) — proceeding [L=0.445 M=-0.144 S=-0.054 breadth=-0.086]
2026-03-24 21:05:01  INFO      TradingGraph: Generating trading recipe
2026-03-24 21:05:01  INFO      TradingGraph: Generated recipe: LONG_PULLBACK_ENTRY_XAUUSD
2026-03-24 21:05:01  INFO      TradingGraph: Risk check passed
2026-03-24 21:05:01  INFO      TradingGraph: Creating trade plan
2026-03-24 21:05:01  INFO      TradingGraph: Created trade plan: entry=4399.3400, sl=4305.2786, tp=4587.4627
2026-03-24 21:05:01  INFO      TradingGraph: Executing trade for XAUUSD
2026-03-24 21:05:01  ERROR     MT5Executor: Order rejected: retcode=10017 comment=Trade disabled vol=0.27 price=4399.33 sl=4305.278627626944 tp=4587.462744746112
2026-03-24 21:05:01  ERROR     TradingGraph: MT5Executor returned None — order was not placed
2026-03-24 21:05:01  INFO      TradingRunner: PnL — unrealized: +0.00  realized today: +0.00  total: +0.00
2026-03-24 21:05:01  INFO      TradingRunner: Cycle done in 4.2s — sleeping 56s
2026-03-24 21:05:57  INFO      TradingRunner: Analysing EURUSD …
2026-03-24 21:05:57  INFO      TradingGraph: Running agents for EURUSD
2026-03-24 21:05:57  INFO      TradingGraph: Completed 7 agents
2026-03-24 21:05:57  INFO      TradingGraph: Fusing timeframe signals
2026-03-24 21:05:57  INFO      TradingGraph: Fusion: L=-0.422, M=0.301, S=0.154
2026-03-24 21:05:57  INFO      TradingGraph: Timeframes not aligned — stopping (L=-0.422 M=0.301 S=0.154)
2026-03-24 21:05:57  INFO      TradingRunner: Analysing GBPUSD …
2026-03-24 21:05:58  INFO      TradingGraph: Running agents for GBPUSD
2026-03-24 21:05:58  INFO      TradingGraph: Completed 7 agents
2026-03-24 21:05:58  INFO      TradingGraph: Fusing timeframe signals
2026-03-24 21:05:58  INFO      TradingGraph: Fusion: L=-0.409, M=0.163, S=-0.105
2026-03-24 21:05:58  INFO      TradingGraph: Aligned [pullback-entry] (bearish) — proceeding [L=-0.409 M=0.163 S=-0.105 breadth=-0.086]
2026-03-24 21:05:58  INFO      TradingGraph: Generating trading recipe
2026-03-24 21:05:58  INFO      TradingGraph: Generated recipe: SHORT_PULLBACK_ENTRY_GBPUSD
2026-03-24 21:05:58  INFO      TradingGraph: Risk check passed
2026-03-24 21:05:58  INFO      TradingGraph: Creating trade plan
2026-03-24 21:05:58  INFO      TradingGraph: Created trade plan: entry=1.3380, sl=1.3432, tp=1.3275
2026-03-24 21:05:58  INFO      TradingGraph: Executing trade for GBPUSD
2026-03-24 21:05:58  ERROR     MT5Executor: Order rejected: retcode=10019 comment=No money vol=500.0 price=1.33798 sl=1.343198687200891 tp=1.327512625598218
2026-03-24 21:05:58  ERROR     TradingGraph: MT5Executor returned None — order was not placed
2026-03-24 21:05:58  INFO      TradingRunner: Analysing USDJPY …
2026-03-24 21:05:59  INFO      TradingGraph: Running agents for USDJPY
2026-03-24 21:05:59  INFO      TradingGraph: Completed 7 agents
2026-03-24 21:05:59  INFO      TradingGraph: Fusing timeframe signals
2026-03-24 21:05:59  INFO      TradingGraph: Fusion: L=0.350, M=-0.323, S=0.230
2026-03-24 21:05:59  INFO      TradingGraph: Timeframes not aligned — stopping (L=0.350 M=-0.323 S=0.230)
2026-03-24 21:05:59  INFO      TradingRunner: Analysing USDCHF …
2026-03-24 21:05:59  INFO      TradingGraph: Running agents for USDCHF
2026-03-24 21:05:59  INFO      TradingGraph: Completed 7 agents
2026-03-24 21:05:59  INFO      TradingGraph: Fusing timeframe signals
2026-03-24 21:05:59  INFO      TradingGraph: Fusion: L=0.429, M=0.622, S=0.108
2026-03-24 21:05:59  INFO      TradingGraph: Aligned [pullback-entry] (bullish) — proceeding [L=0.429 M=0.622 S=0.108 breadth=-0.086]
2026-03-24 21:05:59  INFO      TradingGraph: Generating trading recipe
2026-03-24 21:05:59  INFO      TradingGraph: Generated recipe: LONG_PULLBACK_ENTRY_USDCHF
2026-03-24 21:05:59  INFO      TradingGraph: Risk check passed
2026-03-24 21:05:59  INFO      TradingGraph: Creating trade plan
2026-03-24 21:05:59  INFO      TradingGraph: Created trade plan: entry=0.7903, sl=0.7874, tp=0.7962
2026-03-24 21:05:59  INFO      TradingGraph: Executing trade for USDCHF
2026-03-24 21:05:59  ERROR     MT5Executor: Order rejected: retcode=10019 comment=No money vol=500.0 price=0.79033 sl=0.7873762925638816 tp=0.7962374148722366
2026-03-24 21:05:59  ERROR     TradingGraph: MT5Executor returned None — order was not placed
2026-03-24 21:05:59  INFO      TradingRunner: Analysing AUDUSD …
2026-03-24 21:06:00  INFO      TradingGraph: Running agents for AUDUSD
2026-03-24 21:06:00  INFO      TradingGraph: Completed 7 agents
2026-03-24 21:06:00  INFO      TradingGraph: Fusing timeframe signals
2026-03-24 21:06:00  INFO      TradingGraph: Fusion: L=0.308, M=0.177, S=0.154
2026-03-24 21:06:00  INFO      TradingGraph: Timeframes not aligned — stopping (L=0.308 M=0.177 S=0.154)
2026-03-24 21:06:00  INFO      TradingRunner: Analysing USDCAD …
2026-03-24 21:06:00  INFO      TradingGraph: Running agents for USDCAD
2026-03-24 21:06:00  INFO      TradingGraph: Completed 7 agents
2026-03-24 21:06:00  INFO      TradingGraph: Fusing timeframe signals
2026-03-24 21:06:00  INFO      TradingGraph: Fusion: L=0.050, M=-0.215, S=0.090
2026-03-24 21:06:00  INFO      TradingGraph: Timeframes not aligned — stopping (L=0.050 M=-0.215 S=0.090)
2026-03-24 21:06:00  INFO      TradingRunner: Analysing NZDUSD …
2026-03-24 21:06:01  INFO      TradingGraph: Running agents for NZDUSD
2026-03-24 21:06:01  INFO      TradingGraph: Completed 7 agents
2026-03-24 21:06:01  INFO      TradingGraph: Fusing timeframe signals
2026-03-24 21:06:01  INFO      TradingGraph: Fusion: L=-0.443, M=0.185, S=0.151
2026-03-24 21:06:01  INFO      TradingGraph: Aligned [pullback-entry] (bearish) — proceeding [L=-0.443 M=0.185 S=0.151 breadth=-0.086]
2026-03-24 21:06:01  INFO      TradingGraph: Generating trading recipe
2026-03-24 21:06:01  INFO      TradingGraph: Generated recipe: SHORT_PULLBACK_ENTRY_NZDUSD
2026-03-24 21:06:01  INFO      TradingGraph: Risk check passed
2026-03-24 21:06:01  INFO      TradingGraph: Creating trade plan
2026-03-24 21:06:01  INFO      TradingGraph: Created trade plan: entry=0.5817, sl=0.5850, tp=0.5753
2026-03-24 21:06:01  INFO      TradingGraph: Executing trade for NZDUSD
2026-03-24 21:06:01  ERROR     MT5Executor: Order rejected: retcode=10019 comment=No money vol=500.0 price=0.58174 sl=0.5849676096917684 tp=0.5752847806164633
2026-03-24 21:06:01  ERROR     TradingGraph: MT5Executor returned None — order was not placed
2026-03-24 21:06:01  INFO      TradingRunner: Analysing XAUUSD …
2026-03-24 21:06:02  INFO      TradingGraph: Running agents for XAUUSD
2026-03-24 21:06:02  INFO      TradingGraph: Completed 7 agents
2026-03-24 21:06:02  INFO      TradingGraph: Fusing timeframe signals
2026-03-24 21:06:02  INFO      TradingGraph: Fusion: L=0.445, M=-0.144, S=-0.054
2026-03-24 21:06:02  INFO      TradingGraph: Aligned [pullback-entry] (bullish) — proceeding [L=0.445 M=-0.144 S=-0.054 breadth=-0.086]
2026-03-24 21:06:02  INFO      TradingGraph: Generating trading recipe
2026-03-24 21:06:02  INFO      TradingGraph: Generated recipe: LONG_PULLBACK_ENTRY_XAUUSD
2026-03-24 21:06:02  INFO      TradingGraph: Risk check passed
2026-03-24 21:06:02  INFO      TradingGraph: Creating trade plan
2026-03-24 21:06:02  INFO      TradingGraph: Created trade plan: entry=4398.6000, sl=4304.4186, tp=4586.9627
2026-03-24 21:06:02  INFO      TradingGraph: Executing trade for XAUUSD
2026-03-24 21:06:02  ERROR     MT5Executor: Order rejected: retcode=10017 comment=Trade disabled vol=0.27 price=4398.6 sl=4304.418627626945 tp=4586.962744746112
2026-03-24 21:06:02  ERROR     TradingGraph: MT5Executor returned None — order was not placed
2026-03-24 21:06:02  INFO      TradingRunner: PnL — unrealized: +0.00  realized today: +0.00  total: +0.00
2026-03-24 21:06:02  INFO      TradingRunner: Cycle done in 5.0s — sleeping 55s
2026-03-24 21:06:07  INFO      TradingRunner: Shutdown signal received — stopping after current cycle
2026-03-24 21:06:07  INFO      MT5Executor: MT5 connection closed
2026-03-24 21:06:12  INFO      MT5Executor: Using mt5linux backend → localhost:18812
2026-03-24 21:06:13  INFO      MT5Executor: Connected to MT5: 5048376965 on MetaQuotes-Demo | balance=3000.0 | trade_allowed=False
2026-03-24 21:06:13  INFO      root: Registered agent: RegimeAgent
2026-03-24 21:06:13  INFO      root: Registered agent: TrendAgent
2026-03-24 21:06:13  INFO      root: Registered agent: MomentumAgent
2026-03-24 21:06:13  INFO      root: Registered agent: MeanReversionAgent
2026-03-24 21:06:13  INFO      root: Registered agent: VolatilityAgent
2026-03-24 21:06:13  INFO      root: Registered agent: BreadthAgent
2026-03-24 21:06:13  INFO      root: Registered agent: PatternAgent
2026-03-24 21:06:13  INFO      TradingRunner: TradingRunner started — symbols: ['EURUSD', 'GBPUSD', 'USDJPY', 'USDCHF', 'AUDUSD', 'USDCAD', 'NZDUSD', 'XAUUSD'], interval: 60s
2026-03-24 21:06:13  INFO      TradingRunner: Analysing EURUSD …
2026-03-24 21:06:13  INFO      TradingGraph: Running agents for EURUSD
2026-03-24 21:06:13  INFO      TradingGraph: Completed 7 agents
2026-03-24 21:06:13  INFO      TradingGraph: Fusing timeframe signals
2026-03-24 21:06:13  INFO      TradingGraph: Fusion: L=-0.422, M=0.315, S=0.154
2026-03-24 21:06:13  INFO      TradingGraph: Timeframes not aligned — stopping (L=-0.422 M=0.315 S=0.154)
2026-03-24 21:06:13  INFO      TradingRunner: Analysing GBPUSD …
2026-03-24 21:06:13  INFO      TradingGraph: Running agents for GBPUSD
2026-03-24 21:06:13  INFO      TradingGraph: Completed 7 agents
2026-03-24 21:06:13  INFO      TradingGraph: Fusing timeframe signals
2026-03-24 21:06:13  INFO      TradingGraph: Fusion: L=-0.409, M=0.283, S=-0.048
2026-03-24 21:06:13  INFO      TradingGraph: Aligned [pullback-entry] (bearish) — proceeding [L=-0.409 M=0.283 S=-0.048 breadth=-0.086]
2026-03-24 21:06:13  INFO      TradingGraph: Generating trading recipe
2026-03-24 21:06:13  INFO      TradingGraph: Generated recipe: SHORT_PULLBACK_ENTRY_GBPUSD
2026-03-24 21:06:13  INFO      TradingGraph: Risk check passed
2026-03-24 21:06:13  INFO      TradingGraph: Creating trade plan
2026-03-24 21:06:13  INFO      TradingGraph: Created trade plan: entry=1.3380, sl=1.3432, tp=1.3276
2026-03-24 21:06:13  INFO      TradingGraph: Executing trade for GBPUSD
2026-03-24 21:06:13  INFO      MT5Executor: GBPUSD: lots=0.05 (risk=$25.00)
2026-03-24 21:06:14  ERROR     MT5Executor: Order rejected: retcode=10017 comment=Trade disabled vol=0.05 price=1.33801 sl=1.343238687200891 tp=1.327552625598218
2026-03-24 21:06:14  ERROR     TradingGraph: MT5Executor returned None — order was not placed
2026-03-24 21:06:14  INFO      TradingRunner: Analysing USDJPY …
2026-03-24 21:06:14  INFO      TradingGraph: Running agents for USDJPY
2026-03-24 21:06:14  INFO      TradingGraph: Completed 7 agents
2026-03-24 21:06:14  INFO      TradingGraph: Fusing timeframe signals
2026-03-24 21:06:14  INFO      TradingGraph: Fusion: L=0.350, M=-0.323, S=0.230
2026-03-24 21:06:14  INFO      TradingGraph: Timeframes not aligned — stopping (L=0.350 M=-0.323 S=0.230)
2026-03-24 21:06:14  INFO      TradingRunner: Analysing USDCHF …
2026-03-24 21:06:14  INFO      TradingGraph: Running agents for USDCHF
2026-03-24 21:06:14  INFO      TradingGraph: Completed 7 agents
2026-03-24 21:06:14  INFO      TradingGraph: Fusing timeframe signals
2026-03-24 21:06:14  INFO      TradingGraph: Fusion: L=0.429, M=0.622, S=0.108
2026-03-24 21:06:14  INFO      TradingGraph: Aligned [pullback-entry] (bullish) — proceeding [L=0.429 M=0.622 S=0.108 breadth=-0.086]
2026-03-24 21:06:14  INFO      TradingGraph: Generating trading recipe
2026-03-24 21:06:14  INFO      TradingGraph: Generated recipe: LONG_PULLBACK_ENTRY_USDCHF
2026-03-24 21:06:14  INFO      TradingGraph: Risk check passed
2026-03-24 21:06:14  INFO      TradingGraph: Creating trade plan
2026-03-24 21:06:14  INFO      TradingGraph: Created trade plan: entry=0.7903, sl=0.7873, tp=0.7962
2026-03-24 21:06:14  INFO      TradingGraph: Executing trade for USDCHF
2026-03-24 21:06:14  INFO      MT5Executor: USDCHF: lots=0.08 (risk=$25.00)
2026-03-24 21:06:15  ERROR     MT5Executor: Order rejected: retcode=10017 comment=Trade disabled vol=0.08 price=0.79029 sl=0.7873362925638817 tp=0.7961974148722367
2026-03-24 21:06:15  ERROR     TradingGraph: MT5Executor returned None — order was not placed
2026-03-24 21:06:15  INFO      TradingRunner: Analysing AUDUSD …
2026-03-24 21:06:15  INFO      TradingGraph: Running agents for AUDUSD
2026-03-24 21:06:15  INFO      TradingGraph: Completed 7 agents
2026-03-24 21:06:15  INFO      TradingGraph: Fusing timeframe signals
2026-03-24 21:06:15  INFO      TradingGraph: Fusion: L=0.308, M=0.119, S=0.154
2026-03-24 21:06:15  INFO      TradingGraph: Timeframes not aligned — stopping (L=0.308 M=0.119 S=0.154)
2026-03-24 21:06:15  INFO      TradingRunner: Analysing USDCAD …
2026-03-24 21:06:15  INFO      TradingGraph: Running agents for USDCAD
2026-03-24 21:06:15  INFO      TradingGraph: Completed 7 agents
2026-03-24 21:06:15  INFO      TradingGraph: Fusing timeframe signals
2026-03-24 21:06:15  INFO      TradingGraph: Fusion: L=0.050, M=-0.215, S=0.090
2026-03-24 21:06:15  INFO      TradingGraph: Timeframes not aligned — stopping (L=0.050 M=-0.215 S=0.090)
2026-03-24 21:06:15  INFO      TradingRunner: Analysing NZDUSD …
2026-03-24 21:06:16  INFO      TradingGraph: Running agents for NZDUSD
2026-03-24 21:06:16  INFO      TradingGraph: Completed 7 agents
2026-03-24 21:06:16  INFO      TradingGraph: Fusing timeframe signals
2026-03-24 21:06:16  INFO      TradingGraph: Fusion: L=-0.443, M=0.185, S=0.151
2026-03-24 21:06:16  INFO      TradingGraph: Aligned [pullback-entry] (bearish) — proceeding [L=-0.443 M=0.185 S=0.151 breadth=-0.086]
2026-03-24 21:06:16  INFO      TradingGraph: Generating trading recipe
2026-03-24 21:06:16  INFO      TradingGraph: Generated recipe: SHORT_PULLBACK_ENTRY_NZDUSD
2026-03-24 21:06:16  INFO      TradingGraph: Risk check passed
2026-03-24 21:06:16  INFO      TradingGraph: Creating trade plan
2026-03-24 21:06:16  INFO      TradingGraph: Created trade plan: entry=0.5817, sl=0.5850, tp=0.5753
2026-03-24 21:06:16  INFO      TradingGraph: Executing trade for NZDUSD
2026-03-24 21:06:16  INFO      MT5Executor: NZDUSD: lots=0.08 (risk=$25.00)
2026-03-24 21:06:16  ERROR     MT5Executor: Order rejected: retcode=10017 comment=Trade disabled vol=0.08 price=0.58174 sl=0.5849676096917684 tp=0.5752847806164633
2026-03-24 21:06:16  ERROR     TradingGraph: MT5Executor returned None — order was not placed
2026-03-24 21:06:16  INFO      TradingRunner: Analysing XAUUSD …
2026-03-24 21:06:16  INFO      TradingGraph: Running agents for XAUUSD
2026-03-24 21:06:16  INFO      TradingGraph: Completed 7 agents
2026-03-24 21:06:16  INFO      TradingGraph: Fusing timeframe signals
2026-03-24 21:06:16  INFO      TradingGraph: Fusion: L=0.445, M=-0.144, S=-0.054
2026-03-24 21:06:16  INFO      TradingGraph: Aligned [pullback-entry] (bullish) — proceeding [L=0.445 M=-0.144 S=-0.054 breadth=-0.086]
2026-03-24 21:06:16  INFO      TradingGraph: Generating trading recipe
2026-03-24 21:06:16  INFO      TradingGraph: Generated recipe: LONG_PULLBACK_ENTRY_XAUUSD
2026-03-24 21:06:16  INFO      TradingGraph: Risk check passed
2026-03-24 21:06:16  INFO      TradingGraph: Creating trade plan
2026-03-24 21:06:17  INFO      TradingGraph: Created trade plan: entry=4399.2300, sl=4305.0486, tp=4587.5927
2026-03-24 21:06:17  INFO      TradingGraph: Executing trade for XAUUSD
2026-03-24 21:06:17  INFO      MT5Executor: XAUUSD: lots=0.01 (risk=$25.00)
2026-03-24 21:06:17  ERROR     MT5Executor: Order rejected: retcode=10017 comment=Trade disabled vol=0.01 price=4399.23 sl=4305.048627626944 tp=4587.592744746111
2026-03-24 21:06:17  ERROR     TradingGraph: MT5Executor returned None — order was not placed
2026-03-24 21:06:17  INFO      TradingRunner: PnL — unrealized: +0.00  realized today: +0.00  total: +0.00
2026-03-24 21:06:17  INFO      TradingRunner: Cycle done in 4.0s — sleeping 56s
2026-03-24 21:07:13  INFO      TradingRunner: Analysing EURUSD …
2026-03-24 21:07:13  INFO      TradingGraph: Running agents for EURUSD
2026-03-24 21:07:13  INFO      TradingGraph: Completed 7 agents
2026-03-24 21:07:13  INFO      TradingGraph: Fusing timeframe signals
2026-03-24 21:07:13  INFO      TradingGraph: Fusion: L=-0.422, M=0.315, S=0.171
2026-03-24 21:07:13  INFO      TradingGraph: Timeframes not aligned — stopping (L=-0.422 M=0.315 S=0.171)
2026-03-24 21:07:13  INFO      TradingRunner: Analysing GBPUSD …
2026-03-24 21:07:14  INFO      TradingGraph: Running agents for GBPUSD
2026-03-24 21:07:14  INFO      TradingGraph: Completed 7 agents
2026-03-24 21:07:14  INFO      TradingGraph: Fusing timeframe signals
2026-03-24 21:07:14  INFO      TradingGraph: Fusion: L=-0.409, M=0.283, S=-0.044
2026-03-24 21:07:14  INFO      TradingGraph: Aligned [pullback-entry] (bearish) — proceeding [L=-0.409 M=0.283 S=-0.044 breadth=-0.086]
2026-03-24 21:07:14  INFO      TradingGraph: Generating trading recipe
2026-03-24 21:07:14  INFO      TradingGraph: Generated recipe: SHORT_PULLBACK_ENTRY_GBPUSD
2026-03-24 21:07:14  INFO      TradingGraph: Risk check passed
2026-03-24 21:07:14  INFO      TradingGraph: Creating trade plan
2026-03-24 21:07:14  INFO      TradingGraph: Created trade plan: entry=1.3381, sl=1.3433, tp=1.3276
2026-03-24 21:07:14  INFO      TradingGraph: Executing trade for GBPUSD
2026-03-24 21:07:14  INFO      MT5Executor: GBPUSD: lots=0.05 (risk=$25.00)
2026-03-24 21:07:14  ERROR     MT5Executor: Order rejected: retcode=10017 comment=Trade disabled vol=0.05 price=1.33806 sl=1.3432886872008911 tp=1.327602625598218
2026-03-24 21:07:14  ERROR     TradingGraph: MT5Executor returned None — order was not placed
2026-03-24 21:07:14  INFO      TradingRunner: Analysing USDJPY …
2026-03-24 21:07:14  INFO      TradingGraph: Running agents for USDJPY
2026-03-24 21:07:14  INFO      TradingGraph: Completed 7 agents
2026-03-24 21:07:14  INFO      TradingGraph: Fusing timeframe signals
2026-03-24 21:07:14  INFO      TradingGraph: Fusion: L=0.350, M=-0.253, S=0.230
2026-03-24 21:07:14  INFO      TradingGraph: Timeframes not aligned — stopping (L=0.350 M=-0.253 S=0.230)
2026-03-24 21:07:14  INFO      TradingRunner: Analysing USDCHF …
2026-03-24 21:07:15  INFO      TradingGraph: Running agents for USDCHF
2026-03-24 21:07:15  INFO      TradingGraph: Completed 7 agents
2026-03-24 21:07:15  INFO      TradingGraph: Fusing timeframe signals
2026-03-24 21:07:15  INFO      TradingGraph: Fusion: L=0.429, M=0.621, S=0.108
2026-03-24 21:07:15  INFO      TradingGraph: Aligned [pullback-entry] (bullish) — proceeding [L=0.429 M=0.621 S=0.108 breadth=-0.086]
2026-03-24 21:07:15  INFO      TradingGraph: Generating trading recipe
2026-03-24 21:07:15  INFO      TradingGraph: Generated recipe: LONG_PULLBACK_ENTRY_USDCHF
2026-03-24 21:07:15  INFO      TradingGraph: Risk check passed
2026-03-24 21:07:15  INFO      TradingGraph: Creating trade plan
2026-03-24 21:07:15  INFO      TradingGraph: Created trade plan: entry=0.7903, sl=0.7873, tp=0.7962
2026-03-24 21:07:15  INFO      TradingGraph: Executing trade for USDCHF
2026-03-24 21:07:15  INFO      MT5Executor: USDCHF: lots=0.08 (risk=$25.00)
2026-03-24 21:07:15  ERROR     MT5Executor: Order rejected: retcode=10017 comment=Trade disabled vol=0.08 price=0.79025 sl=0.7872962925638817 tp=0.7961574148722367
2026-03-24 21:07:15  ERROR     TradingGraph: MT5Executor returned None — order was not placed
2026-03-24 21:07:15  INFO      TradingRunner: Analysing AUDUSD …
2026-03-24 21:07:16  INFO      TradingGraph: Running agents for AUDUSD
2026-03-24 21:07:16  INFO      TradingGraph: Completed 7 agents
2026-03-24 21:07:16  INFO      TradingGraph: Fusing timeframe signals
2026-03-24 21:07:16  INFO      TradingGraph: Fusion: L=0.308, M=-0.051, S=0.154
2026-03-24 21:07:16  INFO      TradingGraph: Timeframes not aligned — stopping (L=0.308 M=-0.051 S=0.154)
2026-03-24 21:07:16  INFO      TradingRunner: Analysing USDCAD …
2026-03-24 21:07:16  INFO      TradingGraph: Running agents for USDCAD
2026-03-24 21:07:16  INFO      TradingGraph: Completed 7 agents
2026-03-24 21:07:16  INFO      TradingGraph: Fusing timeframe signals
2026-03-24 21:07:16  INFO      TradingGraph: Fusion: L=0.050, M=-0.215, S=0.090
2026-03-24 21:07:16  INFO      TradingGraph: Timeframes not aligned — stopping (L=0.050 M=-0.215 S=0.090)
2026-03-24 21:07:16  INFO      TradingRunner: Analysing NZDUSD …
2026-03-24 21:07:16  INFO      TradingGraph: Running agents for NZDUSD
2026-03-24 21:07:16  INFO      TradingGraph: Completed 7 agents
2026-03-24 21:07:16  INFO      TradingGraph: Fusing timeframe signals
2026-03-24 21:07:16  INFO      TradingGraph: Fusion: L=-0.443, M=0.185, S=0.151
2026-03-24 21:07:16  INFO      TradingGraph: Aligned [pullback-entry] (bearish) — proceeding [L=-0.443 M=0.185 S=0.151 breadth=-0.086]
2026-03-24 21:07:16  INFO      TradingGraph: Generating trading recipe
2026-03-24 21:07:16  INFO      TradingGraph: Generated recipe: SHORT_PULLBACK_ENTRY_NZDUSD
2026-03-24 21:07:16  INFO      TradingGraph: Risk check passed
2026-03-24 21:07:16  INFO      TradingGraph: Creating trade plan
2026-03-24 21:07:17  INFO      TradingGraph: Created trade plan: entry=0.5818, sl=0.5850, tp=0.5753
2026-03-24 21:07:17  INFO      TradingGraph: Executing trade for NZDUSD
2026-03-24 21:07:17  INFO      MT5Executor: NZDUSD: lots=0.08 (risk=$25.00)
2026-03-24 21:07:17  ERROR     MT5Executor: Order rejected: retcode=10017 comment=Trade disabled vol=0.08 price=0.58179 sl=0.5850176096917684 tp=0.5753347806164633
2026-03-24 21:07:17  ERROR     TradingGraph: MT5Executor returned None — order was not placed
2026-03-24 21:07:17  INFO      TradingRunner: Analysing XAUUSD …
2026-03-24 21:07:17  INFO      TradingGraph: Running agents for XAUUSD
2026-03-24 21:07:17  INFO      TradingGraph: Completed 7 agents
2026-03-24 21:07:17  INFO      TradingGraph: Fusing timeframe signals
2026-03-24 21:07:17  INFO      TradingGraph: Fusion: L=0.445, M=-0.144, S=-0.054
2026-03-24 21:07:17  INFO      TradingGraph: Aligned [pullback-entry] (bullish) — proceeding [L=0.445 M=-0.144 S=-0.054 breadth=-0.086]
2026-03-24 21:07:17  INFO      TradingGraph: Generating trading recipe
2026-03-24 21:07:17  INFO      TradingGraph: Generated recipe: LONG_PULLBACK_ENTRY_XAUUSD
2026-03-24 21:07:17  INFO      TradingGraph: Risk check passed
2026-03-24 21:07:17  INFO      TradingGraph: Creating trade plan
2026-03-24 21:07:17  INFO      TradingGraph: Created trade plan: entry=4400.9700, sl=4306.7886, tp=4589.3327
2026-03-24 21:07:17  INFO      TradingGraph: Executing trade for XAUUSD
2026-03-24 21:07:17  INFO      MT5Executor: XAUUSD: lots=0.01 (risk=$25.00)
2026-03-24 21:07:17  ERROR     MT5Executor: Order rejected: retcode=10017 comment=Trade disabled vol=0.01 price=4400.97 sl=4306.788627626945 tp=4589.3327447461115
2026-03-24 21:07:17  ERROR     TradingGraph: MT5Executor returned None — order was not placed
2026-03-24 21:07:17  INFO      TradingRunner: PnL — unrealized: +0.00  realized today: +0.00  total: +0.00
2026-03-24 21:07:17  INFO      TradingRunner: Cycle done in 4.6s — sleeping 55s
2026-03-24 21:08:13  INFO      TradingRunner: Analysing EURUSD …
2026-03-24 21:08:13  INFO      TradingGraph: Running agents for EURUSD
2026-03-24 21:08:13  INFO      TradingGraph: Completed 7 agents
2026-03-24 21:08:13  INFO      TradingGraph: Fusing timeframe signals
2026-03-24 21:08:13  INFO      TradingGraph: Fusion: L=-0.422, M=0.315, S=0.171
2026-03-24 21:08:13  INFO      TradingGraph: Timeframes not aligned — stopping (L=-0.422 M=0.315 S=0.171)
2026-03-24 21:08:13  INFO      TradingRunner: Analysing GBPUSD …
2026-03-24 21:08:13  INFO      TradingGraph: Running agents for GBPUSD
2026-03-24 21:08:13  INFO      TradingGraph: Completed 7 agents
2026-03-24 21:08:13  INFO      TradingGraph: Fusing timeframe signals
2026-03-24 21:08:13  INFO      TradingGraph: Fusion: L=-0.409, M=0.283, S=-0.044
2026-03-24 21:08:13  INFO      TradingGraph: Aligned [pullback-entry] (bearish) — proceeding [L=-0.409 M=0.283 S=-0.044 breadth=-0.086]
2026-03-24 21:08:13  INFO      TradingGraph: Generating trading recipe
2026-03-24 21:08:13  INFO      TradingGraph: Generated recipe: SHORT_PULLBACK_ENTRY_GBPUSD
2026-03-24 21:08:13  INFO      TradingGraph: Risk check passed
2026-03-24 21:08:13  INFO      TradingGraph: Creating trade plan
2026-03-24 21:08:13  INFO      TradingGraph: Created trade plan: entry=1.3381, sl=1.3433, tp=1.3276
2026-03-24 21:08:13  INFO      TradingGraph: Executing trade for GBPUSD
2026-03-24 21:08:13  INFO      MT5Executor: GBPUSD: lots=0.05 (risk=$25.00)
2026-03-24 21:08:14  ERROR     MT5Executor: Order rejected: retcode=10017 comment=Trade disabled vol=0.05 price=1.33809 sl=1.343318687200891 tp=1.327632625598218
2026-03-24 21:08:14  ERROR     TradingGraph: MT5Executor returned None — order was not placed
2026-03-24 21:08:14  INFO      TradingRunner: Analysing USDJPY …
2026-03-24 21:08:14  INFO      TradingGraph: Running agents for USDJPY
2026-03-24 21:08:14  INFO      TradingGraph: Completed 7 agents
2026-03-24 21:08:14  INFO      TradingGraph: Fusing timeframe signals
2026-03-24 21:08:14  INFO      TradingGraph: Fusion: L=0.350, M=-0.253, S=0.230
2026-03-24 21:08:14  INFO      TradingGraph: Timeframes not aligned — stopping (L=0.350 M=-0.253 S=0.230)
2026-03-24 21:08:14  INFO      TradingRunner: Analysing USDCHF …
2026-03-24 21:08:14  INFO      TradingGraph: Running agents for USDCHF
2026-03-24 21:08:14  INFO      TradingGraph: Completed 7 agents
2026-03-24 21:08:14  INFO      TradingGraph: Fusing timeframe signals
2026-03-24 21:08:14  INFO      TradingGraph: Fusion: L=0.429, M=0.621, S=0.108
2026-03-24 21:08:14  INFO      TradingGraph: Aligned [pullback-entry] (bullish) — proceeding [L=0.429 M=0.621 S=0.108 breadth=-0.086]
2026-03-24 21:08:14  INFO      TradingGraph: Generating trading recipe
2026-03-24 21:08:14  INFO      TradingGraph: Generated recipe: LONG_PULLBACK_ENTRY_USDCHF
2026-03-24 21:08:14  INFO      TradingGraph: Risk check passed
2026-03-24 21:08:14  INFO      TradingGraph: Creating trade plan
2026-03-24 21:08:14  INFO      TradingGraph: Created trade plan: entry=0.7903, sl=0.7873, tp=0.7962
2026-03-24 21:08:14  INFO      TradingGraph: Executing trade for USDCHF
2026-03-24 21:08:14  INFO      MT5Executor: USDCHF: lots=0.08 (risk=$25.00)
2026-03-24 21:08:15  ERROR     MT5Executor: Order rejected: retcode=10017 comment=Trade disabled vol=0.08 price=0.79026 sl=0.7873062925638816 tp=0.7961674148722366
2026-03-24 21:08:15  ERROR     TradingGraph: MT5Executor returned None — order was not placed
2026-03-24 21:08:15  INFO      TradingRunner: Analysing AUDUSD …
2026-03-24 21:08:15  INFO      TradingGraph: Running agents for AUDUSD
2026-03-24 21:08:15  INFO      TradingGraph: Completed 7 agents
2026-03-24 21:08:15  INFO      TradingGraph: Fusing timeframe signals
2026-03-24 21:08:15  INFO      TradingGraph: Fusion: L=0.308, M=-0.067, S=0.154
2026-03-24 21:08:15  INFO      TradingGraph: Timeframes not aligned — stopping (L=0.308 M=-0.067 S=0.154)
2026-03-24 21:08:15  INFO      TradingRunner: Analysing USDCAD …
2026-03-24 21:08:15  INFO      TradingGraph: Running agents for USDCAD
2026-03-24 21:08:15  INFO      TradingGraph: Completed 7 agents
2026-03-24 21:08:15  INFO      TradingGraph: Fusing timeframe signals
2026-03-24 21:08:15  INFO      TradingGraph: Fusion: L=0.050, M=-0.215, S=0.090
2026-03-24 21:08:15  INFO      TradingGraph: Timeframes not aligned — stopping (L=0.050 M=-0.215 S=0.090)
2026-03-24 21:08:15  INFO      TradingRunner: Analysing NZDUSD …
2026-03-24 21:08:16  INFO      TradingGraph: Running agents for NZDUSD
2026-03-24 21:08:16  INFO      TradingGraph: Completed 7 agents
2026-03-24 21:08:16  INFO      TradingGraph: Fusing timeframe signals
2026-03-24 21:08:16  INFO      TradingGraph: Fusion: L=-0.443, M=0.210, S=0.151
2026-03-24 21:08:16  INFO      TradingGraph: Aligned [pullback-entry] (bearish) — proceeding [L=-0.443 M=0.210 S=0.151 breadth=-0.086]
2026-03-24 21:08:16  INFO      TradingGraph: Generating trading recipe
2026-03-24 21:08:16  INFO      TradingGraph: Generated recipe: SHORT_PULLBACK_ENTRY_NZDUSD
2026-03-24 21:08:16  INFO      TradingGraph: Risk check passed
2026-03-24 21:08:16  INFO      TradingGraph: Creating trade plan
2026-03-24 21:08:16  INFO      TradingGraph: Created trade plan: entry=0.5818, sl=0.5850, tp=0.5754
2026-03-24 21:08:16  INFO      TradingGraph: Executing trade for NZDUSD
2026-03-24 21:08:16  INFO      MT5Executor: NZDUSD: lots=0.08 (risk=$25.00)
2026-03-24 21:08:16  ERROR     MT5Executor: Order rejected: retcode=10017 comment=Trade disabled vol=0.08 price=0.58181 sl=0.5850376096917684 tp=0.5753547806164633
2026-03-24 21:08:16  ERROR     TradingGraph: MT5Executor returned None — order was not placed
2026-03-24 21:08:16  INFO      TradingRunner: Analysing XAUUSD …
2026-03-24 21:08:16  INFO      TradingGraph: Running agents for XAUUSD
2026-03-24 21:08:16  INFO      TradingGraph: Completed 7 agents
2026-03-24 21:08:16  INFO      TradingGraph: Fusing timeframe signals
2026-03-24 21:08:16  INFO      TradingGraph: Fusion: L=0.445, M=-0.144, S=-0.054
2026-03-24 21:08:16  INFO      TradingGraph: Aligned [pullback-entry] (bullish) — proceeding [L=0.445 M=-0.144 S=-0.054 breadth=-0.086]
2026-03-24 21:08:16  INFO      TradingGraph: Generating trading recipe
2026-03-24 21:08:16  INFO      TradingGraph: Generated recipe: LONG_PULLBACK_ENTRY_XAUUSD
2026-03-24 21:08:16  INFO      TradingGraph: Risk check passed
2026-03-24 21:08:16  INFO      TradingGraph: Creating trade plan
2026-03-24 21:08:16  INFO      TradingGraph: Created trade plan: entry=4399.7200, sl=4305.5386, tp=4588.0827
2026-03-24 21:08:16  INFO      TradingGraph: Executing trade for XAUUSD
2026-03-24 21:08:16  INFO      MT5Executor: XAUUSD: lots=0.01 (risk=$25.00)
2026-03-24 21:08:17  ERROR     MT5Executor: Order rejected: retcode=10017 comment=Trade disabled vol=0.01 price=4399.72 sl=4305.538627626945 tp=4588.0827447461115
2026-03-24 21:08:17  ERROR     TradingGraph: MT5Executor returned None — order was not placed
2026-03-24 21:08:17  INFO      TradingRunner: PnL — unrealized: +0.00  realized today: +0.00  total: +0.00
2026-03-24 21:08:17  INFO      TradingRunner: Cycle done in 3.6s — sleeping 56s
2026-03-24 21:09:13  INFO      TradingRunner: Analysing EURUSD …
2026-03-24 21:09:13  ERROR     DataLoader: No data from MT5 for EURUSD/1D
2026-03-24 21:09:13  ERROR     DataLoader: No data from MT5 for EURUSD/1H
2026-03-24 21:09:13  ERROR     DataLoader: No data from MT5 for EURUSD/15m
2026-03-24 21:09:13  WARNING   TradingRunner: Could not load features for EURUSD — skipping
2026-03-24 21:09:13  INFO      TradingRunner: Analysing GBPUSD …
2026-03-24 21:09:13  ERROR     DataLoader: No data from MT5 for GBPUSD/1D
2026-03-24 21:09:13  ERROR     DataLoader: No data from MT5 for GBPUSD/1H
2026-03-24 21:09:13  ERROR     DataLoader: No data from MT5 for GBPUSD/15m
2026-03-24 21:09:13  WARNING   TradingRunner: Could not load features for GBPUSD — skipping
2026-03-24 21:09:13  INFO      TradingRunner: Analysing USDJPY …
2026-03-24 21:09:13  ERROR     DataLoader: No data from MT5 for USDJPY/1D
2026-03-24 21:09:13  ERROR     DataLoader: No data from MT5 for USDJPY/1H
2026-03-24 21:09:13  ERROR     DataLoader: No data from MT5 for USDJPY/15m
2026-03-24 21:09:13  WARNING   TradingRunner: Could not load features for USDJPY — skipping
2026-03-24 21:09:13  INFO      TradingRunner: Analysing USDCHF …
2026-03-24 21:09:13  ERROR     DataLoader: No data from MT5 for USDCHF/1D
2026-03-24 21:09:13  ERROR     DataLoader: No data from MT5 for USDCHF/1H
2026-03-24 21:09:13  ERROR     DataLoader: No data from MT5 for USDCHF/15m
2026-03-24 21:09:13  WARNING   TradingRunner: Could not load features for USDCHF — skipping
2026-03-24 21:09:13  INFO      TradingRunner: Analysing AUDUSD …
2026-03-24 21:09:13  ERROR     DataLoader: No data from MT5 for AUDUSD/1D
2026-03-24 21:09:13  ERROR     DataLoader: No data from MT5 for AUDUSD/1H
2026-03-24 21:09:13  ERROR     DataLoader: No data from MT5 for AUDUSD/15m
2026-03-24 21:09:13  WARNING   TradingRunner: Could not load features for AUDUSD — skipping
2026-03-24 21:09:13  INFO      TradingRunner: Analysing USDCAD …
2026-03-24 21:09:13  ERROR     DataLoader: No data from MT5 for USDCAD/1D
2026-03-24 21:09:13  ERROR     DataLoader: No data from MT5 for USDCAD/1H
2026-03-24 21:09:13  ERROR     DataLoader: No data from MT5 for USDCAD/15m
2026-03-24 21:09:13  WARNING   TradingRunner: Could not load features for USDCAD — skipping
2026-03-24 21:09:13  INFO      TradingRunner: Analysing NZDUSD …
2026-03-24 21:09:13  ERROR     DataLoader: No data from MT5 for NZDUSD/1D
2026-03-24 21:09:13  ERROR     DataLoader: No data from MT5 for NZDUSD/1H
2026-03-24 21:09:13  ERROR     DataLoader: No data from MT5 for NZDUSD/15m
2026-03-24 21:09:13  WARNING   TradingRunner: Could not load features for NZDUSD — skipping
2026-03-24 21:09:13  INFO      TradingRunner: Analysing XAUUSD …
2026-03-24 21:09:13  ERROR     DataLoader: No data from MT5 for XAUUSD/1D
2026-03-24 21:09:13  ERROR     DataLoader: No data from MT5 for XAUUSD/1H
2026-03-24 21:09:13  ERROR     DataLoader: No data from MT5 for XAUUSD/15m
2026-03-24 21:09:13  WARNING   TradingRunner: Could not load features for XAUUSD — skipping
2026-03-24 21:09:13  INFO      TradingRunner: PnL — unrealized: +0.00  realized today: +0.00  total: +0.00
2026-03-24 21:09:13  INFO      TradingRunner: Cycle done in 0.4s — sleeping 60s
2026-03-24 21:10:13  INFO      TradingRunner: Analysing EURUSD …
2026-03-24 21:10:13  ERROR     DataLoader: No data from MT5 for EURUSD/1D
2026-03-24 21:10:13  ERROR     DataLoader: No data from MT5 for EURUSD/1H
2026-03-24 21:10:13  ERROR     DataLoader: No data from MT5 for EURUSD/15m
2026-03-24 21:10:13  WARNING   TradingRunner: Could not load features for EURUSD — skipping
2026-03-24 21:10:13  INFO      TradingRunner: Analysing GBPUSD …
2026-03-24 21:10:13  ERROR     DataLoader: No data from MT5 for GBPUSD/1D
2026-03-24 21:10:13  ERROR     DataLoader: No data from MT5 for GBPUSD/1H
2026-03-24 21:10:13  ERROR     DataLoader: No data from MT5 for GBPUSD/15m
2026-03-24 21:10:13  WARNING   TradingRunner: Could not load features for GBPUSD — skipping
2026-03-24 21:10:13  INFO      TradingRunner: Analysing USDJPY …
2026-03-24 21:10:13  ERROR     DataLoader: No data from MT5 for USDJPY/1H
2026-03-24 21:10:13  ERROR     DataLoader: No data from MT5 for USDJPY/1D
2026-03-24 21:10:13  ERROR     DataLoader: No data from MT5 for USDJPY/15m
2026-03-24 21:10:13  WARNING   TradingRunner: Could not load features for USDJPY — skipping
2026-03-24 21:10:13  INFO      TradingRunner: Analysing USDCHF …
2026-03-24 21:10:13  ERROR     DataLoader: No data from MT5 for USDCHF/1D
2026-03-24 21:10:13  ERROR     DataLoader: No data from MT5 for USDCHF/1H
2026-03-24 21:10:13  ERROR     DataLoader: No data from MT5 for USDCHF/15m
2026-03-24 21:10:13  WARNING   TradingRunner: Could not load features for USDCHF — skipping
2026-03-24 21:10:13  INFO      TradingRunner: Analysing AUDUSD …
2026-03-24 21:10:13  ERROR     DataLoader: No data from MT5 for AUDUSD/1D
2026-03-24 21:10:13  ERROR     DataLoader: No data from MT5 for AUDUSD/1H
2026-03-24 21:10:13  ERROR     DataLoader: No data from MT5 for AUDUSD/15m
2026-03-24 21:10:13  WARNING   TradingRunner: Could not load features for AUDUSD — skipping
2026-03-24 21:10:13  INFO      TradingRunner: Analysing USDCAD …
2026-03-24 21:10:13  ERROR     DataLoader: No data from MT5 for USDCAD/1D
2026-03-24 21:10:13  ERROR     DataLoader: No data from MT5 for USDCAD/1H
2026-03-24 21:10:13  ERROR     DataLoader: No data from MT5 for USDCAD/15m
2026-03-24 21:10:13  WARNING   TradingRunner: Could not load features for USDCAD — skipping
2026-03-24 21:10:13  INFO      TradingRunner: Analysing NZDUSD …
2026-03-24 21:10:13  ERROR     DataLoader: No data from MT5 for NZDUSD/1D
2026-03-24 21:10:13  ERROR     DataLoader: No data from MT5 for NZDUSD/1H
2026-03-24 21:10:13  ERROR     DataLoader: No data from MT5 for NZDUSD/15m
2026-03-24 21:10:13  WARNING   TradingRunner: Could not load features for NZDUSD — skipping
2026-03-24 21:10:13  INFO      TradingRunner: Analysing XAUUSD …
2026-03-24 21:10:13  ERROR     DataLoader: No data from MT5 for XAUUSD/1D
2026-03-24 21:10:13  ERROR     DataLoader: No data from MT5 for XAUUSD/1H
2026-03-24 21:10:13  ERROR     DataLoader: No data from MT5 for XAUUSD/15m
2026-03-24 21:10:13  WARNING   TradingRunner: Could not load features for XAUUSD — skipping
2026-03-24 21:10:13  INFO      TradingRunner: PnL — unrealized: +0.00  realized today: +0.00  total: +0.00
2026-03-24 21:10:13  INFO      TradingRunner: Cycle done in 0.4s — sleeping 60s
2026-03-24 21:11:13  INFO      TradingRunner: Analysing EURUSD …
2026-03-24 21:11:13  ERROR     DataLoader: No data from MT5 for EURUSD/1D
2026-03-24 21:11:13  ERROR     DataLoader: No data from MT5 for EURUSD/1H
2026-03-24 21:11:13  ERROR     DataLoader: No data from MT5 for EURUSD/15m
2026-03-24 21:11:13  WARNING   TradingRunner: Could not load features for EURUSD — skipping
2026-03-24 21:11:13  INFO      TradingRunner: Analysing GBPUSD …
2026-03-24 21:11:13  ERROR     DataLoader: No data from MT5 for GBPUSD/1D
2026-03-24 21:11:13  ERROR     DataLoader: No data from MT5 for GBPUSD/1H
2026-03-24 21:11:13  ERROR     DataLoader: No data from MT5 for GBPUSD/15m
2026-03-24 21:11:13  WARNING   TradingRunner: Could not load features for GBPUSD — skipping
2026-03-24 21:11:13  INFO      TradingRunner: Analysing USDJPY …
2026-03-24 21:11:13  ERROR     DataLoader: No data from MT5 for USDJPY/1D
2026-03-24 21:11:13  ERROR     DataLoader: No data from MT5 for USDJPY/1H
2026-03-24 21:11:13  ERROR     DataLoader: No data from MT5 for USDJPY/15m
2026-03-24 21:11:13  WARNING   TradingRunner: Could not load features for USDJPY — skipping
2026-03-24 21:11:13  INFO      TradingRunner: Analysing USDCHF …
2026-03-24 21:11:13  ERROR     DataLoader: No data from MT5 for USDCHF/1D
2026-03-24 21:11:13  ERROR     DataLoader: No data from MT5 for USDCHF/1H
2026-03-24 21:11:13  ERROR     DataLoader: No data from MT5 for USDCHF/15m
2026-03-24 21:11:13  WARNING   TradingRunner: Could not load features for USDCHF — skipping
2026-03-24 21:11:13  INFO      TradingRunner: Analysing AUDUSD …
2026-03-24 21:11:13  ERROR     DataLoader: No data from MT5 for AUDUSD/1D
2026-03-24 21:11:13  ERROR     DataLoader: No data from MT5 for AUDUSD/1H
2026-03-24 21:11:13  ERROR     DataLoader: No data from MT5 for AUDUSD/15m
2026-03-24 21:11:13  WARNING   TradingRunner: Could not load features for AUDUSD — skipping
2026-03-24 21:11:13  INFO      TradingRunner: Analysing USDCAD …
2026-03-24 21:11:13  ERROR     DataLoader: No data from MT5 for USDCAD/1D
2026-03-24 21:11:13  ERROR     DataLoader: No data from MT5 for USDCAD/1H
2026-03-24 21:11:13  ERROR     DataLoader: No data from MT5 for USDCAD/15m
2026-03-24 21:11:13  WARNING   TradingRunner: Could not load features for USDCAD — skipping
2026-03-24 21:11:13  INFO      TradingRunner: Analysing NZDUSD …
2026-03-24 21:11:13  ERROR     DataLoader: No data from MT5 for NZDUSD/1D
2026-03-24 21:11:13  ERROR     DataLoader: No data from MT5 for NZDUSD/1H
2026-03-24 21:11:13  ERROR     DataLoader: No data from MT5 for NZDUSD/15m
2026-03-24 21:11:13  WARNING   TradingRunner: Could not load features for NZDUSD — skipping
2026-03-24 21:11:13  INFO      TradingRunner: Analysing XAUUSD …
2026-03-24 21:11:13  ERROR     DataLoader: No data from MT5 for XAUUSD/1D
2026-03-24 21:11:13  ERROR     DataLoader: No data from MT5 for XAUUSD/1H
2026-03-24 21:11:14  ERROR     DataLoader: No data from MT5 for XAUUSD/15m
2026-03-24 21:11:14  WARNING   TradingRunner: Could not load features for XAUUSD — skipping
2026-03-24 21:11:14  INFO      TradingRunner: PnL — unrealized: +0.00  realized today: +0.00  total: +0.00
2026-03-24 21:11:14  INFO      TradingRunner: Cycle done in 0.4s — sleeping 60s
2026-03-24 21:12:13  INFO      TradingRunner: Analysing EURUSD …
2026-03-24 21:12:14  INFO      TradingGraph: Running agents for EURUSD
2026-03-24 21:12:14  INFO      TradingGraph: Completed 7 agents
2026-03-24 21:12:14  INFO      TradingGraph: Fusing timeframe signals
2026-03-24 21:12:14  INFO      TradingGraph: Fusion: L=-0.422, M=0.315, S=0.171
2026-03-24 21:12:14  INFO      TradingGraph: Timeframes not aligned — stopping (L=-0.422 M=0.315 S=0.171)
2026-03-24 21:12:14  INFO      TradingRunner: Analysing GBPUSD …
2026-03-24 21:12:15  INFO      TradingGraph: Running agents for GBPUSD
2026-03-24 21:12:15  INFO      TradingGraph: Completed 7 agents
2026-03-24 21:12:15  INFO      TradingGraph: Fusing timeframe signals
2026-03-24 21:12:15  INFO      TradingGraph: Fusion: L=-0.409, M=0.283, S=-0.044
2026-03-24 21:12:15  INFO      TradingGraph: Aligned [pullback-entry] (bearish) — proceeding [L=-0.409 M=0.283 S=-0.044 breadth=-0.086]
2026-03-24 21:12:15  INFO      TradingGraph: Generating trading recipe
2026-03-24 21:12:15  INFO      TradingGraph: Generated recipe: SHORT_PULLBACK_ENTRY_GBPUSD
2026-03-24 21:12:15  INFO      TradingGraph: Risk check passed
2026-03-24 21:12:15  INFO      TradingGraph: Creating trade plan
2026-03-24 21:12:15  INFO      TradingGraph: Created trade plan: entry=1.3381, sl=1.3433, tp=1.3276
2026-03-24 21:12:15  INFO      TradingGraph: Executing trade for GBPUSD
2026-03-24 21:12:15  INFO      MT5Executor: GBPUSD: lots=0.05 (risk=$25.00)
2026-03-24 21:12:15  ERROR     MT5Executor: Order rejected: retcode=10027 comment=AutoTrading disabled by client vol=0.05 price=1.33809 sl=1.343318687200891 tp=1.327632625598218
2026-03-24 21:12:15  ERROR     TradingGraph: MT5Executor returned None — order was not placed
2026-03-24 21:12:15  INFO      TradingRunner: Analysing USDJPY …
2026-03-24 21:12:15  INFO      TradingGraph: Running agents for USDJPY
2026-03-24 21:12:15  INFO      TradingGraph: Completed 7 agents
2026-03-24 21:12:15  INFO      TradingGraph: Fusing timeframe signals
2026-03-24 21:12:15  INFO      TradingGraph: Fusion: L=0.350, M=-0.253, S=0.230
2026-03-24 21:12:15  INFO      TradingGraph: Timeframes not aligned — stopping (L=0.350 M=-0.253 S=0.230)
2026-03-24 21:12:15  INFO      TradingRunner: Analysing USDCHF …
2026-03-24 21:12:16  INFO      TradingGraph: Running agents for USDCHF
2026-03-24 21:12:16  INFO      TradingGraph: Completed 7 agents
2026-03-24 21:12:16  INFO      TradingGraph: Fusing timeframe signals
2026-03-24 21:12:16  INFO      TradingGraph: Fusion: L=0.429, M=0.621, S=0.108
2026-03-24 21:12:16  INFO      TradingGraph: Aligned [pullback-entry] (bullish) — proceeding [L=0.429 M=0.621 S=0.108 breadth=-0.086]
2026-03-24 21:12:16  INFO      TradingGraph: Generating trading recipe
2026-03-24 21:12:16  INFO      TradingGraph: Generated recipe: LONG_PULLBACK_ENTRY_USDCHF
2026-03-24 21:12:16  INFO      TradingGraph: Risk check passed
2026-03-24 21:12:16  INFO      TradingGraph: Creating trade plan
2026-03-24 21:12:16  INFO      TradingGraph: Created trade plan: entry=0.7902, sl=0.7873, tp=0.7961
2026-03-24 21:12:16  INFO      TradingGraph: Executing trade for USDCHF
2026-03-24 21:12:16  INFO      MT5Executor: USDCHF: lots=0.08 (risk=$25.00)
2026-03-24 21:12:16  ERROR     MT5Executor: Order rejected: retcode=10027 comment=AutoTrading disabled by client vol=0.08 price=0.79024 sl=0.7872862925638817 tp=0.7961474148722367
2026-03-24 21:12:16  ERROR     TradingGraph: MT5Executor returned None — order was not placed
2026-03-24 21:12:16  INFO      TradingRunner: Analysing AUDUSD …
2026-03-24 21:12:17  INFO      TradingGraph: Running agents for AUDUSD
2026-03-24 21:12:17  INFO      TradingGraph: Completed 7 agents
2026-03-24 21:12:17  INFO      TradingGraph: Fusing timeframe signals
2026-03-24 21:12:17  INFO      TradingGraph: Fusion: L=0.308, M=0.453, S=0.154
2026-03-24 21:12:17  INFO      TradingGraph: Timeframes not aligned — stopping (L=0.308 M=0.453 S=0.154)
2026-03-24 21:12:17  INFO      TradingRunner: Analysing USDCAD …
2026-03-24 21:12:17  INFO      TradingGraph: Running agents for USDCAD
2026-03-24 21:12:17  INFO      TradingGraph: Completed 7 agents
2026-03-24 21:12:17  INFO      TradingGraph: Fusing timeframe signals
2026-03-24 21:12:17  INFO      TradingGraph: Fusion: L=0.050, M=-0.215, S=0.108
2026-03-24 21:12:17  INFO      TradingGraph: Timeframes not aligned — stopping (L=0.050 M=-0.215 S=0.108)
2026-03-24 21:12:17  INFO      TradingRunner: Analysing NZDUSD …
2026-03-24 21:12:17  INFO      TradingGraph: Running agents for NZDUSD
2026-03-24 21:12:17  INFO      TradingGraph: Completed 7 agents
2026-03-24 21:12:17  INFO      TradingGraph: Fusing timeframe signals
2026-03-24 21:12:17  INFO      TradingGraph: Fusion: L=-0.443, M=0.185, S=0.151
2026-03-24 21:12:17  INFO      TradingGraph: Aligned [pullback-entry] (bearish) — proceeding [L=-0.443 M=0.185 S=0.151 breadth=-0.086]
2026-03-24 21:12:17  INFO      TradingGraph: Generating trading recipe
2026-03-24 21:12:17  INFO      TradingGraph: Generated recipe: SHORT_PULLBACK_ENTRY_NZDUSD
2026-03-24 21:12:17  INFO      TradingGraph: Risk check passed
2026-03-24 21:12:17  INFO      TradingGraph: Creating trade plan
2026-03-24 21:12:17  INFO      TradingGraph: Created trade plan: entry=0.5817, sl=0.5849, tp=0.5752
2026-03-24 21:12:17  INFO      TradingGraph: Executing trade for NZDUSD
2026-03-24 21:12:17  INFO      MT5Executor: NZDUSD: lots=0.08 (risk=$25.00)
2026-03-24 21:12:17  ERROR     MT5Executor: Order rejected: retcode=10027 comment=AutoTrading disabled by client vol=0.08 price=0.58169 sl=0.584929038263197 tp=0.5752119234736062
2026-03-24 21:12:17  ERROR     TradingGraph: MT5Executor returned None — order was not placed
2026-03-24 21:12:17  INFO      TradingRunner: Analysing XAUUSD …
2026-03-24 21:12:18  INFO      TradingGraph: Running agents for XAUUSD
2026-03-24 21:12:18  INFO      TradingGraph: Completed 7 agents
2026-03-24 21:12:18  INFO      TradingGraph: Fusing timeframe signals
2026-03-24 21:12:18  INFO      TradingGraph: Fusion: L=0.445, M=-0.144, S=-0.054
2026-03-24 21:12:18  INFO      TradingGraph: Aligned [pullback-entry] (bullish) — proceeding [L=0.445 M=-0.144 S=-0.054 breadth=-0.086]
2026-03-24 21:12:18  INFO      TradingGraph: Generating trading recipe
2026-03-24 21:12:18  INFO      TradingGraph: Generated recipe: LONG_PULLBACK_ENTRY_XAUUSD
2026-03-24 21:12:18  INFO      TradingGraph: Risk check passed
2026-03-24 21:12:18  INFO      TradingGraph: Creating trade plan
2026-03-24 21:12:18  INFO      TradingGraph: Created trade plan: entry=4398.1800, sl=4303.9029, tp=4586.7342
2026-03-24 21:12:18  INFO      TradingGraph: Executing trade for XAUUSD
2026-03-24 21:12:18  INFO      MT5Executor: XAUUSD: lots=0.01 (risk=$25.00)
2026-03-24 21:12:18  ERROR     MT5Executor: Order rejected: retcode=10027 comment=AutoTrading disabled by client vol=0.01 price=4398.18 sl=4303.9029133412305 tp=4586.734173317541
2026-03-24 21:12:18  ERROR     TradingGraph: MT5Executor returned None — order was not placed
2026-03-24 21:12:18  INFO      TradingRunner: PnL — unrealized: +0.00  realized today: +0.00  total: +0.00
2026-03-24 21:12:18  INFO      TradingRunner: Cycle done in 4.9s — sleeping 55s
2026-03-24 21:13:13  INFO      TradingRunner: Analysing EURUSD …
2026-03-24 21:13:14  INFO      TradingGraph: Running agents for EURUSD
2026-03-24 21:13:14  INFO      TradingGraph: Completed 7 agents
2026-03-24 21:13:14  INFO      TradingGraph: Fusing timeframe signals
2026-03-24 21:13:14  INFO      TradingGraph: Fusion: L=-0.422, M=0.315, S=0.171
2026-03-24 21:13:14  INFO      TradingGraph: Timeframes not aligned — stopping (L=-0.422 M=0.315 S=0.171)
2026-03-24 21:13:14  INFO      TradingRunner: Analysing GBPUSD …
2026-03-24 21:13:14  INFO      TradingGraph: Running agents for GBPUSD
2026-03-24 21:13:14  INFO      TradingGraph: Completed 7 agents
2026-03-24 21:13:14  INFO      TradingGraph: Fusing timeframe signals
2026-03-24 21:13:14  INFO      TradingGraph: Fusion: L=-0.409, M=0.283, S=-0.044
2026-03-24 21:13:14  INFO      TradingGraph: Aligned [pullback-entry] (bearish) — proceeding [L=-0.409 M=0.283 S=-0.044 breadth=-0.086]
2026-03-24 21:13:14  INFO      TradingGraph: Generating trading recipe
2026-03-24 21:13:14  INFO      TradingGraph: Generated recipe: SHORT_PULLBACK_ENTRY_GBPUSD
2026-03-24 21:13:14  INFO      TradingGraph: Risk check passed
2026-03-24 21:13:14  INFO      TradingGraph: Creating trade plan
2026-03-24 21:13:14  INFO      TradingGraph: Created trade plan: entry=1.3381, sl=1.3433, tp=1.3277
2026-03-24 21:13:14  INFO      TradingGraph: Executing trade for GBPUSD
2026-03-24 21:13:14  INFO      MT5Executor: GBPUSD: lots=0.05 (risk=$25.00)
2026-03-24 21:13:14  ERROR     MT5Executor: Order rejected: retcode=10027 comment=AutoTrading disabled by client vol=0.05 price=1.33811 sl=1.343338687200891 tp=1.327652625598218
2026-03-24 21:13:14  ERROR     TradingGraph: MT5Executor returned None — order was not placed
2026-03-24 21:13:14  INFO      TradingRunner: Analysing USDJPY …
2026-03-24 21:13:15  INFO      TradingGraph: Running agents for USDJPY
2026-03-24 21:13:15  INFO      TradingGraph: Completed 7 agents
2026-03-24 21:13:15  INFO      TradingGraph: Fusing timeframe signals
2026-03-24 21:13:15  INFO      TradingGraph: Fusion: L=0.350, M=-0.253, S=0.230
2026-03-24 21:13:15  INFO      TradingGraph: Timeframes not aligned — stopping (L=0.350 M=-0.253 S=0.230)
2026-03-24 21:13:15  INFO      TradingRunner: Analysing USDCHF …
2026-03-24 21:13:16  INFO      TradingGraph: Running agents for USDCHF
2026-03-24 21:13:16  INFO      TradingGraph: Completed 7 agents
2026-03-24 21:13:16  INFO      TradingGraph: Fusing timeframe signals
2026-03-24 21:13:16  INFO      TradingGraph: Fusion: L=0.429, M=0.621, S=0.184
2026-03-24 21:13:16  INFO      TradingGraph: Aligned [pullback-entry] (bullish) — proceeding [L=0.429 M=0.621 S=0.184 breadth=-0.086]
2026-03-24 21:13:16  INFO      TradingGraph: Generating trading recipe
2026-03-24 21:13:16  INFO      TradingGraph: Generated recipe: LONG_PULLBACK_ENTRY_USDCHF
2026-03-24 21:13:16  INFO      TradingGraph: Risk check passed
2026-03-24 21:13:16  INFO      TradingGraph: Creating trade plan
2026-03-24 21:13:16  INFO      TradingGraph: Created trade plan: entry=0.7902, sl=0.7872, tp=0.7961
2026-03-24 21:13:16  INFO      TradingGraph: Executing trade for USDCHF
2026-03-24 21:13:16  INFO      MT5Executor: USDCHF: lots=0.08 (risk=$25.00)
2026-03-24 21:13:16  ERROR     MT5Executor: Order rejected: retcode=10027 comment=AutoTrading disabled by client vol=0.08 price=0.7902 sl=0.7872462925638817 tp=0.7961074148722367
2026-03-24 21:13:16  ERROR     TradingGraph: MT5Executor returned None — order was not placed
2026-03-24 21:13:16  INFO      TradingRunner: Analysing AUDUSD …
2026-03-24 21:13:17  INFO      TradingGraph: Running agents for AUDUSD
2026-03-24 21:13:17  INFO      TradingGraph: Completed 7 agents
2026-03-24 21:13:17  INFO      TradingGraph: Fusing timeframe signals
2026-03-24 21:13:17  INFO      TradingGraph: Fusion: L=0.308, M=0.469, S=0.154
2026-03-24 21:13:17  INFO      TradingGraph: Timeframes not aligned — stopping (L=0.308 M=0.469 S=0.154)
2026-03-24 21:13:17  INFO      TradingRunner: Analysing USDCAD …
2026-03-24 21:13:18  INFO      TradingGraph: Running agents for USDCAD
2026-03-24 21:13:18  INFO      TradingGraph: Completed 7 agents
2026-03-24 21:13:18  INFO      TradingGraph: Fusing timeframe signals
2026-03-24 21:13:18  INFO      TradingGraph: Fusion: L=0.050, M=-0.215, S=0.090
2026-03-24 21:13:18  INFO      TradingGraph: Timeframes not aligned — stopping (L=0.050 M=-0.215 S=0.090)
2026-03-24 21:13:18  INFO      TradingRunner: Analysing NZDUSD …
2026-03-24 21:13:18  INFO      TradingGraph: Running agents for NZDUSD
2026-03-24 21:13:18  INFO      TradingGraph: Completed 7 agents
2026-03-24 21:13:18  INFO      TradingGraph: Fusing timeframe signals
2026-03-24 21:13:18  INFO      TradingGraph: Fusion: L=-0.443, M=0.184, S=0.151
2026-03-24 21:13:18  INFO      TradingGraph: Aligned [pullback-entry] (bearish) — proceeding [L=-0.443 M=0.184 S=0.151 breadth=-0.086]
2026-03-24 21:13:18  INFO      TradingGraph: Generating trading recipe
2026-03-24 21:13:18  INFO      TradingGraph: Generated recipe: SHORT_PULLBACK_ENTRY_NZDUSD
2026-03-24 21:13:18  INFO      TradingGraph: Risk check passed
2026-03-24 21:13:18  INFO      TradingGraph: Creating trade plan
2026-03-24 21:13:18  INFO      TradingGraph: Created trade plan: entry=0.5817, sl=0.5849, tp=0.5752
2026-03-24 21:13:18  INFO      TradingGraph: Executing trade for NZDUSD
2026-03-24 21:13:18  INFO      MT5Executor: NZDUSD: lots=0.08 (risk=$25.00)
2026-03-24 21:13:18  ERROR     MT5Executor: Order rejected: retcode=10027 comment=AutoTrading disabled by client vol=0.08 price=0.58166 sl=0.584901895406054 tp=0.5751762091878918
2026-03-24 21:13:18  ERROR     TradingGraph: MT5Executor returned None — order was not placed
2026-03-24 21:13:18  INFO      TradingRunner: Analysing XAUUSD …
2026-03-24 21:13:19  INFO      TradingGraph: Running agents for XAUUSD
2026-03-24 21:13:19  INFO      TradingGraph: Completed 7 agents
2026-03-24 21:13:19  INFO      TradingGraph: Fusing timeframe signals
2026-03-24 21:13:19  INFO      TradingGraph: Fusion: L=0.445, M=-0.144, S=-0.054
2026-03-24 21:13:19  INFO      TradingGraph: Aligned [pullback-entry] (bullish) — proceeding [L=0.445 M=-0.144 S=-0.054 breadth=-0.086]
2026-03-24 21:13:19  INFO      TradingGraph: Generating trading recipe
2026-03-24 21:13:19  INFO      TradingGraph: Generated recipe: LONG_PULLBACK_ENTRY_XAUUSD
2026-03-24 21:13:19  INFO      TradingGraph: Risk check passed
2026-03-24 21:13:19  INFO      TradingGraph: Creating trade plan
2026-03-24 21:13:19  INFO      TradingGraph: Created trade plan: entry=4398.0800, sl=4303.8029, tp=4586.6342
2026-03-24 21:13:19  INFO      TradingGraph: Executing trade for XAUUSD
2026-03-24 21:13:19  INFO      MT5Executor: XAUUSD: lots=0.01 (risk=$25.00)
2026-03-24 21:13:19  ERROR     MT5Executor: Order rejected: retcode=10027 comment=AutoTrading disabled by client vol=0.01 price=4398.08 sl=4303.80291334123 tp=4586.63417331754
2026-03-24 21:13:19  ERROR     TradingGraph: MT5Executor returned None — order was not placed
2026-03-24 21:13:19  INFO      TradingRunner: PnL — unrealized: +0.00  realized today: +0.00  total: +0.00
2026-03-24 21:13:19  INFO      TradingRunner: Cycle done in 5.8s — sleeping 54s
2026-03-24 21:14:13  INFO      TradingRunner: Analysing EURUSD …
2026-03-24 21:14:14  INFO      TradingGraph: Running agents for EURUSD
2026-03-24 21:14:14  INFO      TradingGraph: Completed 7 agents
2026-03-24 21:14:14  INFO      TradingGraph: Fusing timeframe signals
2026-03-24 21:14:14  INFO      TradingGraph: Fusion: L=-0.422, M=0.312, S=0.171
2026-03-24 21:14:14  INFO      TradingGraph: Timeframes not aligned — stopping (L=-0.422 M=0.312 S=0.171)
2026-03-24 21:14:14  INFO      TradingRunner: Analysing GBPUSD …
2026-03-24 21:14:14  INFO      TradingGraph: Running agents for GBPUSD
2026-03-24 21:14:14  INFO      TradingGraph: Completed 7 agents
2026-03-24 21:14:14  INFO      TradingGraph: Fusing timeframe signals
2026-03-24 21:14:14  INFO      TradingGraph: Fusion: L=-0.409, M=0.283, S=-0.044
2026-03-24 21:14:14  INFO      TradingGraph: Aligned [pullback-entry] (bearish) — proceeding [L=-0.409 M=0.283 S=-0.044 breadth=-0.086]
2026-03-24 21:14:14  INFO      TradingGraph: Generating trading recipe
2026-03-24 21:14:14  INFO      TradingGraph: Generated recipe: SHORT_PULLBACK_ENTRY_GBPUSD
2026-03-24 21:14:14  INFO      TradingGraph: Risk check passed
2026-03-24 21:14:14  INFO      TradingGraph: Creating trade plan
2026-03-24 21:14:14  INFO      TradingGraph: Created trade plan: entry=1.3382, sl=1.3434, tp=1.3278
2026-03-24 21:14:14  INFO      TradingGraph: Executing trade for GBPUSD
2026-03-24 21:14:14  INFO      MT5Executor: GBPUSD: lots=0.05 (risk=$25.00)
2026-03-24 21:14:14  ERROR     MT5Executor: Order rejected: retcode=10017 comment=Trade disabled vol=0.05 price=1.33822 sl=1.343448687200891 tp=1.327762625598218
2026-03-24 21:14:14  ERROR     TradingGraph: MT5Executor returned None — order was not placed
2026-03-24 21:14:14  INFO      TradingRunner: Analysing USDJPY …
2026-03-24 21:14:15  INFO      TradingGraph: Running agents for USDJPY
2026-03-24 21:14:15  INFO      TradingGraph: Completed 7 agents
2026-03-24 21:14:15  INFO      TradingGraph: Fusing timeframe signals
2026-03-24 21:14:15  INFO      TradingGraph: Fusion: L=0.350, M=-0.253, S=0.230
2026-03-24 21:14:15  INFO      TradingGraph: Timeframes not aligned — stopping (L=0.350 M=-0.253 S=0.230)
2026-03-24 21:14:15  INFO      TradingRunner: Analysing USDCHF …
2026-03-24 21:14:15  INFO      TradingGraph: Running agents for USDCHF
2026-03-24 21:14:15  INFO      TradingGraph: Completed 7 agents
2026-03-24 21:14:15  INFO      TradingGraph: Fusing timeframe signals
2026-03-24 21:14:15  INFO      TradingGraph: Fusion: L=0.428, M=0.621, S=0.184
2026-03-24 21:14:15  INFO      TradingGraph: Aligned [pullback-entry] (bullish) — proceeding [L=0.428 M=0.621 S=0.184 breadth=-0.086]
2026-03-24 21:14:15  INFO      TradingGraph: Generating trading recipe
2026-03-24 21:14:15  INFO      TradingGraph: Generated recipe: LONG_PULLBACK_ENTRY_USDCHF
2026-03-24 21:14:15  INFO      TradingGraph: Risk check passed
2026-03-24 21:14:15  INFO      TradingGraph: Creating trade plan
2026-03-24 21:14:15  INFO      TradingGraph: Created trade plan: entry=0.7901, sl=0.7872, tp=0.7961
2026-03-24 21:14:15  INFO      TradingGraph: Executing trade for USDCHF
2026-03-24 21:14:15  INFO      MT5Executor: USDCHF: lots=0.08 (risk=$25.00)
2026-03-24 21:14:15  ERROR     MT5Executor: Order rejected: retcode=10017 comment=Trade disabled vol=0.08 price=0.79014 sl=0.7871777211353101 tp=0.7960645577293795
2026-03-24 21:14:15  ERROR     TradingGraph: MT5Executor returned None — order was not placed
2026-03-24 21:14:15  INFO      TradingRunner: Analysing AUDUSD …
2026-03-24 21:14:16  INFO      TradingGraph: Running agents for AUDUSD
2026-03-24 21:14:16  INFO      TradingGraph: Completed 7 agents
2026-03-24 21:14:16  INFO      TradingGraph: Fusing timeframe signals
2026-03-24 21:14:16  INFO      TradingGraph: Fusion: L=0.308, M=0.177, S=0.154
2026-03-24 21:14:16  INFO      TradingGraph: Timeframes not aligned — stopping (L=0.308 M=0.177 S=0.154)
2026-03-24 21:14:16  INFO      TradingRunner: Analysing USDCAD …
2026-03-24 21:14:16  INFO      TradingGraph: Running agents for USDCAD
2026-03-24 21:14:16  INFO      TradingGraph: Completed 7 agents
2026-03-24 21:14:16  INFO      TradingGraph: Fusing timeframe signals
2026-03-24 21:14:16  INFO      TradingGraph: Fusion: L=0.050, M=-0.215, S=0.090
2026-03-24 21:14:16  INFO      TradingGraph: Timeframes not aligned — stopping (L=0.050 M=-0.215 S=0.090)
2026-03-24 21:14:16  INFO      TradingRunner: Analysing NZDUSD …
2026-03-24 21:14:16  INFO      TradingGraph: Running agents for NZDUSD
2026-03-24 21:14:16  INFO      TradingGraph: Completed 7 agents
2026-03-24 21:14:16  INFO      TradingGraph: Fusing timeframe signals
2026-03-24 21:14:16  INFO      TradingGraph: Fusion: L=-0.443, M=0.185, S=0.151
2026-03-24 21:14:16  INFO      TradingGraph: Aligned [pullback-entry] (bearish) — proceeding [L=-0.443 M=0.185 S=0.151 breadth=-0.086]
2026-03-24 21:14:16  INFO      TradingGraph: Generating trading recipe
2026-03-24 21:14:16  INFO      TradingGraph: Generated recipe: SHORT_PULLBACK_ENTRY_NZDUSD
2026-03-24 21:14:16  INFO      TradingGraph: Risk check passed
2026-03-24 21:14:16  INFO      TradingGraph: Creating trade plan
2026-03-24 21:14:16  INFO      TradingGraph: Created trade plan: entry=0.5817, sl=0.5850, tp=0.5752
2026-03-24 21:14:16  INFO      TradingGraph: Executing trade for NZDUSD
2026-03-24 21:14:16  INFO      MT5Executor: NZDUSD: lots=0.08 (risk=$25.00)
2026-03-24 21:14:16  ERROR     MT5Executor: Order rejected: retcode=10017 comment=Trade disabled vol=0.08 price=0.58171 sl=0.584951895406054 tp=0.5752262091878918
2026-03-24 21:14:16  ERROR     TradingGraph: MT5Executor returned None — order was not placed
2026-03-24 21:14:16  INFO      TradingRunner: Analysing XAUUSD …
2026-03-24 21:14:17  INFO      TradingGraph: Running agents for XAUUSD
2026-03-24 21:14:17  INFO      TradingGraph: Completed 7 agents
2026-03-24 21:14:17  INFO      TradingGraph: Fusing timeframe signals
2026-03-24 21:14:17  INFO      TradingGraph: Fusion: L=0.445, M=-0.143, S=-0.054
2026-03-24 21:14:17  INFO      TradingGraph: Aligned [pullback-entry] (bullish) — proceeding [L=0.445 M=-0.143 S=-0.054 breadth=-0.086]
2026-03-24 21:14:17  INFO      TradingGraph: Generating trading recipe
2026-03-24 21:14:17  INFO      TradingGraph: Generated recipe: LONG_PULLBACK_ENTRY_XAUUSD
2026-03-24 21:14:17  INFO      TradingGraph: Risk check passed
2026-03-24 21:14:17  INFO      TradingGraph: Creating trade plan
2026-03-24 21:14:17  INFO      TradingGraph: Created trade plan: entry=4401.7500, sl=4307.4729, tp=4590.3042
2026-03-24 21:14:17  INFO      TradingGraph: Executing trade for XAUUSD
2026-03-24 21:14:17  INFO      MT5Executor: XAUUSD: lots=0.01 (risk=$25.00)
2026-03-24 21:14:17  ERROR     MT5Executor: Order rejected: retcode=10017 comment=Trade disabled vol=0.01 price=4401.75 sl=4307.47291334123 tp=4590.3041733175405
2026-03-24 21:14:17  ERROR     TradingGraph: MT5Executor returned None — order was not placed
2026-03-24 21:14:17  INFO      TradingRunner: PnL — unrealized: +0.00  realized today: +0.00  total: +0.00
2026-03-24 21:14:17  INFO      TradingRunner: Cycle done in 3.5s — sleeping 57s
2026-03-24 21:15:14  INFO      TradingRunner: Analysing EURUSD …
2026-03-24 21:15:14  INFO      TradingGraph: Running agents for EURUSD
2026-03-24 21:15:14  INFO      TradingGraph: Completed 7 agents
2026-03-24 21:15:14  INFO      TradingGraph: Fusing timeframe signals
2026-03-24 21:15:14  INFO      TradingGraph: Fusion: L=-0.422, M=0.315, S=0.015
2026-03-24 21:15:14  INFO      TradingGraph: Timeframes not aligned — stopping (L=-0.422 M=0.315 S=0.015)
2026-03-24 21:15:14  INFO      TradingRunner: Analysing GBPUSD …
2026-03-24 21:15:14  INFO      TradingGraph: Running agents for GBPUSD
2026-03-24 21:15:14  INFO      TradingGraph: Completed 7 agents
2026-03-24 21:15:14  INFO      TradingGraph: Fusing timeframe signals
2026-03-24 21:15:14  INFO      TradingGraph: Fusion: L=-0.409, M=0.283, S=-0.044
2026-03-24 21:15:14  INFO      TradingGraph: Aligned [pullback-entry] (bearish) — proceeding [L=-0.409 M=0.283 S=-0.044 breadth=-0.086]
2026-03-24 21:15:14  INFO      TradingGraph: Generating trading recipe
2026-03-24 21:15:14  INFO      TradingGraph: Generated recipe: SHORT_PULLBACK_ENTRY_GBPUSD
2026-03-24 21:15:14  INFO      TradingGraph: Risk check passed
2026-03-24 21:15:14  INFO      TradingGraph: Creating trade plan
2026-03-24 21:15:14  INFO      TradingGraph: Created trade plan: entry=1.3381, sl=1.3434, tp=1.3277
2026-03-24 21:15:14  INFO      TradingGraph: Executing trade for GBPUSD
2026-03-24 21:15:14  INFO      MT5Executor: GBPUSD: lots=0.05 (risk=$25.00)
2026-03-24 21:15:14  ERROR     MT5Executor: Order rejected: retcode=10017 comment=Trade disabled vol=0.05 price=1.33813 sl=1.3433586872008911 tp=1.327672625598218
2026-03-24 21:15:14  ERROR     TradingGraph: MT5Executor returned None — order was not placed
2026-03-24 21:15:14  INFO      TradingRunner: Analysing USDJPY …
2026-03-24 21:15:14  INFO      TradingGraph: Running agents for USDJPY
2026-03-24 21:15:14  INFO      TradingGraph: Completed 7 agents
2026-03-24 21:15:14  INFO      TradingGraph: Fusing timeframe signals
2026-03-24 21:15:14  INFO      TradingGraph: Fusion: L=0.350, M=-0.253, S=0.229
2026-03-24 21:15:14  INFO      TradingGraph: Timeframes not aligned — stopping (L=0.350 M=-0.253 S=0.229)
2026-03-24 21:15:14  INFO      TradingRunner: Analysing USDCHF …
2026-03-24 21:15:15  INFO      TradingGraph: Running agents for USDCHF
2026-03-24 21:15:15  INFO      TradingGraph: Completed 7 agents
2026-03-24 21:15:15  INFO      TradingGraph: Fusing timeframe signals
2026-03-24 21:15:15  INFO      TradingGraph: Fusion: L=0.429, M=0.621, S=0.107
2026-03-24 21:15:15  INFO      TradingGraph: Aligned [pullback-entry] (bullish) — proceeding [L=0.429 M=0.621 S=0.107 breadth=-0.086]
2026-03-24 21:15:15  INFO      TradingGraph: Generating trading recipe
2026-03-24 21:15:15  INFO      TradingGraph: Generated recipe: LONG_PULLBACK_ENTRY_USDCHF
2026-03-24 21:15:15  INFO      TradingGraph: Risk check passed
2026-03-24 21:15:15  INFO      TradingGraph: Creating trade plan
2026-03-24 21:15:15  INFO      TradingGraph: Created trade plan: entry=0.7902, sl=0.7873, tp=0.7962
2026-03-24 21:15:15  INFO      TradingGraph: Executing trade for USDCHF
2026-03-24 21:15:15  INFO      MT5Executor: USDCHF: lots=0.08 (risk=$25.00)
2026-03-24 21:15:15  ERROR     MT5Executor: Order rejected: retcode=10017 comment=Trade disabled vol=0.08 price=0.79022 sl=0.7872677211353102 tp=0.7961545577293795
2026-03-24 21:15:15  ERROR     TradingGraph: MT5Executor returned None — order was not placed
2026-03-24 21:15:15  INFO      TradingRunner: Analysing AUDUSD …
2026-03-24 21:15:15  INFO      TradingGraph: Running agents for AUDUSD
2026-03-24 21:15:15  INFO      TradingGraph: Completed 7 agents
2026-03-24 21:15:15  INFO      TradingGraph: Fusing timeframe signals
2026-03-24 21:15:15  INFO      TradingGraph: Fusion: L=0.308, M=0.394, S=0.013
2026-03-24 21:15:15  INFO      TradingGraph: Timeframes not aligned — stopping (L=0.308 M=0.394 S=0.013)
2026-03-24 21:15:15  INFO      TradingRunner: Analysing USDCAD …
2026-03-24 21:15:15  INFO      TradingGraph: Running agents for USDCAD
2026-03-24 21:15:15  INFO      TradingGraph: Completed 7 agents
2026-03-24 21:15:15  INFO      TradingGraph: Fusing timeframe signals
2026-03-24 21:15:15  INFO      TradingGraph: Fusion: L=0.050, M=-0.243, S=0.100
2026-03-24 21:15:15  INFO      TradingGraph: Timeframes not aligned — stopping (L=0.050 M=-0.243 S=0.100)
2026-03-24 21:15:15  INFO      TradingRunner: Analysing NZDUSD …
2026-03-24 21:15:16  INFO      TradingGraph: Running agents for NZDUSD
2026-03-24 21:15:16  INFO      TradingGraph: Completed 7 agents
2026-03-24 21:15:16  INFO      TradingGraph: Fusing timeframe signals
2026-03-24 21:15:16  INFO      TradingGraph: Fusion: L=-0.443, M=0.185, S=0.010
2026-03-24 21:15:16  INFO      TradingGraph: Aligned [pullback-entry] (bearish) — proceeding [L=-0.443 M=0.185 S=0.010 breadth=-0.086]
2026-03-24 21:15:16  INFO      TradingGraph: Generating trading recipe
2026-03-24 21:15:16  INFO      TradingGraph: Generated recipe: SHORT_PULLBACK_ENTRY_NZDUSD
2026-03-24 21:15:16  INFO      TradingGraph: Risk check passed
2026-03-24 21:15:16  INFO      TradingGraph: Creating trade plan
2026-03-24 21:15:16  INFO      TradingGraph: Created trade plan: entry=0.5817, sl=0.5849, tp=0.5752
2026-03-24 21:15:16  INFO      TradingGraph: Executing trade for NZDUSD
2026-03-24 21:15:16  INFO      MT5Executor: NZDUSD: lots=0.08 (risk=$25.00)
2026-03-24 21:15:16  ERROR     MT5Executor: Order rejected: retcode=10017 comment=Trade disabled vol=0.08 price=0.58166 sl=0.584901895406054 tp=0.5751762091878918
2026-03-24 21:15:16  ERROR     TradingGraph: MT5Executor returned None — order was not placed
2026-03-24 21:15:16  INFO      TradingRunner: Analysing XAUUSD …
2026-03-24 21:15:16  INFO      TradingGraph: Running agents for XAUUSD
2026-03-24 21:15:16  INFO      TradingGraph: Completed 7 agents
2026-03-24 21:15:16  INFO      TradingGraph: Fusing timeframe signals
2026-03-24 21:15:16  INFO      TradingGraph: Fusion: L=0.445, M=-0.143, S=-0.057
2026-03-24 21:15:16  INFO      TradingGraph: Aligned [pullback-entry] (bullish) — proceeding [L=0.445 M=-0.143 S=-0.057 breadth=-0.086]
2026-03-24 21:15:16  INFO      TradingGraph: Generating trading recipe
2026-03-24 21:15:16  INFO      TradingGraph: Generated recipe: LONG_PULLBACK_ENTRY_XAUUSD
2026-03-24 21:15:16  INFO      TradingGraph: Risk check passed
2026-03-24 21:15:16  INFO      TradingGraph: Creating trade plan
2026-03-24 21:15:16  INFO      TradingGraph: Created trade plan: entry=4401.7800, sl=4307.5029, tp=4590.3342
2026-03-24 21:15:16  INFO      TradingGraph: Executing trade for XAUUSD
2026-03-24 21:15:16  INFO      MT5Executor: XAUUSD: lots=0.01 (risk=$25.00)
2026-03-24 21:15:16  ERROR     MT5Executor: Order rejected: retcode=10017 comment=Trade disabled vol=0.01 price=4401.78 sl=4307.50291334123 tp=4590.33417331754
2026-03-24 21:15:16  ERROR     TradingGraph: MT5Executor returned None — order was not placed
2026-03-24 21:15:16  INFO      TradingRunner: PnL — unrealized: +0.00  realized today: +0.00  total: +0.00
2026-03-24 21:15:16  INFO      TradingRunner: Cycle done in 2.6s — sleeping 57s
2026-03-24 21:16:14  INFO      TradingRunner: Analysing EURUSD …
2026-03-24 21:16:14  INFO      TradingGraph: Running agents for EURUSD
2026-03-24 21:16:14  INFO      TradingGraph: Completed 7 agents
2026-03-24 21:16:14  INFO      TradingGraph: Fusing timeframe signals
2026-03-24 21:16:14  INFO      TradingGraph: Fusion: L=-0.422, M=0.315, S=0.015
2026-03-24 21:16:14  INFO      TradingGraph: Timeframes not aligned — stopping (L=-0.422 M=0.315 S=0.015)
2026-03-24 21:16:14  INFO      TradingRunner: Analysing GBPUSD …
2026-03-24 21:16:14  INFO      TradingGraph: Running agents for GBPUSD
2026-03-24 21:16:14  INFO      TradingGraph: Completed 7 agents
2026-03-24 21:16:14  INFO      TradingGraph: Fusing timeframe signals
2026-03-24 21:16:14  INFO      TradingGraph: Fusion: L=-0.409, M=0.283, S=-0.044
2026-03-24 21:16:14  INFO      TradingGraph: Aligned [pullback-entry] (bearish) — proceeding [L=-0.409 M=0.283 S=-0.044 breadth=-0.086]
2026-03-24 21:16:14  INFO      TradingGraph: Generating trading recipe
2026-03-24 21:16:14  INFO      TradingGraph: Generated recipe: SHORT_PULLBACK_ENTRY_GBPUSD
2026-03-24 21:16:14  INFO      TradingGraph: Risk check passed
2026-03-24 21:16:14  INFO      TradingGraph: Creating trade plan
2026-03-24 21:16:14  INFO      TradingGraph: Created trade plan: entry=1.3381, sl=1.3434, tp=1.3277
2026-03-24 21:16:14  INFO      TradingGraph: Executing trade for GBPUSD
2026-03-24 21:16:14  INFO      MT5Executor: GBPUSD: lots=0.05 (risk=$25.00)
2026-03-24 21:16:14  ERROR     MT5Executor: Order rejected: retcode=10017 comment=Trade disabled vol=0.05 price=1.33814 sl=1.3433686872008912 tp=1.3276826255982181
2026-03-24 21:16:14  ERROR     TradingGraph: MT5Executor returned None — order was not placed
2026-03-24 21:16:14  INFO      TradingRunner: Analysing USDJPY …
2026-03-24 21:16:15  INFO      TradingGraph: Running agents for USDJPY
2026-03-24 21:16:15  INFO      TradingGraph: Completed 7 agents
2026-03-24 21:16:15  INFO      TradingGraph: Fusing timeframe signals
2026-03-24 21:16:15  INFO      TradingGraph: Fusion: L=0.350, M=-0.253, S=0.229
2026-03-24 21:16:15  INFO      TradingGraph: Timeframes not aligned — stopping (L=0.350 M=-0.253 S=0.229)
2026-03-24 21:16:15  INFO      TradingRunner: Analysing USDCHF …
2026-03-24 21:16:15  INFO      TradingGraph: Running agents for USDCHF
2026-03-24 21:16:15  INFO      TradingGraph: Completed 7 agents
2026-03-24 21:16:15  INFO      TradingGraph: Fusing timeframe signals
2026-03-24 21:16:15  INFO      TradingGraph: Fusion: L=0.428, M=0.621, S=0.107
2026-03-24 21:16:15  INFO      TradingGraph: Aligned [pullback-entry] (bullish) — proceeding [L=0.428 M=0.621 S=0.107 breadth=-0.086]
2026-03-24 21:16:15  INFO      TradingGraph: Generating trading recipe
2026-03-24 21:16:15  INFO      TradingGraph: Generated recipe: LONG_PULLBACK_ENTRY_USDCHF
2026-03-24 21:16:15  INFO      TradingGraph: Risk check passed
2026-03-24 21:16:15  INFO      TradingGraph: Creating trade plan
2026-03-24 21:16:15  INFO      TradingGraph: Created trade plan: entry=0.7902, sl=0.7872, tp=0.7961
2026-03-24 21:16:15  INFO      TradingGraph: Executing trade for USDCHF
2026-03-24 21:16:15  INFO      MT5Executor: USDCHF: lots=0.08 (risk=$25.00)
2026-03-24 21:16:15  ERROR     MT5Executor: Order rejected: retcode=10017 comment=Trade disabled vol=0.08 price=0.79017 sl=0.7872077211353102 tp=0.7960945577293795
2026-03-24 21:16:15  ERROR     TradingGraph: MT5Executor returned None — order was not placed
2026-03-24 21:16:15  INFO      TradingRunner: Analysing AUDUSD …
2026-03-24 21:16:15  INFO      TradingGraph: Running agents for AUDUSD
2026-03-24 21:16:15  INFO      TradingGraph: Completed 7 agents
2026-03-24 21:16:15  INFO      TradingGraph: Fusing timeframe signals
2026-03-24 21:16:15  INFO      TradingGraph: Fusion: L=0.308, M=0.429, S=0.013
2026-03-24 21:16:15  INFO      TradingGraph: Timeframes not aligned — stopping (L=0.308 M=0.429 S=0.013)
2026-03-24 21:16:15  INFO      TradingRunner: Analysing USDCAD …
2026-03-24 21:16:16  INFO      TradingGraph: Running agents for USDCAD
2026-03-24 21:16:16  INFO      TradingGraph: Completed 7 agents
2026-03-24 21:16:16  INFO      TradingGraph: Fusing timeframe signals
2026-03-24 21:16:16  INFO      TradingGraph: Fusion: L=0.050, M=-0.243, S=0.100
2026-03-24 21:16:16  INFO      TradingGraph: Timeframes not aligned — stopping (L=0.050 M=-0.243 S=0.100)
2026-03-24 21:16:16  INFO      TradingRunner: Analysing NZDUSD …
2026-03-24 21:16:16  INFO      TradingGraph: Running agents for NZDUSD
2026-03-24 21:16:16  INFO      TradingGraph: Completed 7 agents
2026-03-24 21:16:16  INFO      TradingGraph: Fusing timeframe signals
2026-03-24 21:16:16  INFO      TradingGraph: Fusion: L=-0.443, M=0.185, S=0.010
2026-03-24 21:16:16  INFO      TradingGraph: Aligned [pullback-entry] (bearish) — proceeding [L=-0.443 M=0.185 S=0.010 breadth=-0.086]
2026-03-24 21:16:16  INFO      TradingGraph: Generating trading recipe
2026-03-24 21:16:16  INFO      TradingGraph: Generated recipe: SHORT_PULLBACK_ENTRY_NZDUSD
2026-03-24 21:16:16  INFO      TradingGraph: Risk check passed
2026-03-24 21:16:16  INFO      TradingGraph: Creating trade plan
2026-03-24 21:16:16  INFO      TradingGraph: Created trade plan: entry=0.5817, sl=0.5849, tp=0.5752
2026-03-24 21:16:16  INFO      TradingGraph: Executing trade for NZDUSD
2026-03-24 21:16:16  INFO      MT5Executor: NZDUSD: lots=0.08 (risk=$25.00)
2026-03-24 21:16:16  ERROR     MT5Executor: Order rejected: retcode=10017 comment=Trade disabled vol=0.08 price=0.58168 sl=0.584921895406054 tp=0.5751962091878918
2026-03-24 21:16:16  ERROR     TradingGraph: MT5Executor returned None — order was not placed
2026-03-24 21:16:16  INFO      TradingRunner: Analysing XAUUSD …
2026-03-24 21:16:16  INFO      TradingGraph: Running agents for XAUUSD
2026-03-24 21:16:16  INFO      TradingGraph: Completed 7 agents
2026-03-24 21:16:16  INFO      TradingGraph: Fusing timeframe signals
2026-03-24 21:16:16  INFO      TradingGraph: Fusion: L=0.445, M=-0.144, S=-0.056
2026-03-24 21:16:16  INFO      TradingGraph: Aligned [pullback-entry] (bullish) — proceeding [L=0.445 M=-0.144 S=-0.056 breadth=-0.086]
2026-03-24 21:16:16  INFO      TradingGraph: Generating trading recipe
2026-03-24 21:16:16  INFO      TradingGraph: Generated recipe: LONG_PULLBACK_ENTRY_XAUUSD
2026-03-24 21:16:16  INFO      TradingGraph: Risk check passed
2026-03-24 21:16:16  INFO      TradingGraph: Creating trade plan
2026-03-24 21:16:16  INFO      TradingGraph: Created trade plan: entry=4399.3600, sl=4305.0829, tp=4587.9142
2026-03-24 21:16:16  INFO      TradingGraph: Executing trade for XAUUSD
2026-03-24 21:16:16  INFO      MT5Executor: XAUUSD: lots=0.01 (risk=$25.00)
2026-03-24 21:16:16  ERROR     MT5Executor: Order rejected: retcode=10017 comment=Trade disabled vol=0.01 price=4399.36 sl=4305.08291334123 tp=4587.91417331754
2026-03-24 21:16:16  ERROR     TradingGraph: MT5Executor returned None — order was not placed
2026-03-24 21:16:16  INFO      TradingRunner: PnL — unrealized: +0.00  realized today: +0.00  total: +0.00
2026-03-24 21:16:17  INFO      TradingRunner: Cycle done in 2.7s — sleeping 57s
2026-03-24 21:17:14  INFO      TradingRunner: Analysing EURUSD …
2026-03-24 21:17:14  INFO      TradingGraph: Running agents for EURUSD
2026-03-24 21:17:14  INFO      TradingGraph: Completed 7 agents
2026-03-24 21:17:14  INFO      TradingGraph: Fusing timeframe signals
2026-03-24 21:17:14  INFO      TradingGraph: Fusion: L=-0.422, M=0.310, S=0.015
2026-03-24 21:17:14  INFO      TradingGraph: Timeframes not aligned — stopping (L=-0.422 M=0.310 S=0.015)
2026-03-24 21:17:14  INFO      TradingRunner: Analysing GBPUSD …
2026-03-24 21:17:14  INFO      TradingGraph: Running agents for GBPUSD
2026-03-24 21:17:14  INFO      TradingGraph: Completed 7 agents
2026-03-24 21:17:14  INFO      TradingGraph: Fusing timeframe signals
2026-03-24 21:17:14  INFO      TradingGraph: Fusion: L=-0.409, M=0.283, S=-0.027
2026-03-24 21:17:14  INFO      TradingGraph: Aligned [pullback-entry] (bearish) — proceeding [L=-0.409 M=0.283 S=-0.027 breadth=-0.086]
2026-03-24 21:17:14  INFO      TradingGraph: Generating trading recipe
2026-03-24 21:17:14  INFO      TradingGraph: Generated recipe: SHORT_PULLBACK_ENTRY_GBPUSD
2026-03-24 21:17:14  INFO      TradingGraph: Risk check passed
2026-03-24 21:17:14  INFO      TradingGraph: Creating trade plan
2026-03-24 21:17:14  INFO      TradingGraph: Created trade plan: entry=1.3383, sl=1.3435, tp=1.3278
2026-03-24 21:17:14  INFO      TradingGraph: Executing trade for GBPUSD
2026-03-24 21:17:14  INFO      MT5Executor: GBPUSD: lots=0.05 (risk=$25.00)
2026-03-24 21:17:15  ERROR     MT5Executor: Order rejected: retcode=10017 comment=Trade disabled vol=0.05 price=1.3383099999999999 sl=1.3435429729151767 tp=1.3278440541696466
2026-03-24 21:17:15  ERROR     TradingGraph: MT5Executor returned None — order was not placed
2026-03-24 21:17:15  INFO      TradingRunner: Analysing USDJPY …
2026-03-24 21:17:15  INFO      TradingGraph: Running agents for USDJPY
2026-03-24 21:17:15  INFO      TradingGraph: Completed 7 agents
2026-03-24 21:17:15  INFO      TradingGraph: Fusing timeframe signals
2026-03-24 21:17:15  INFO      TradingGraph: Fusion: L=0.350, M=-0.253, S=0.229
2026-03-24 21:17:15  INFO      TradingGraph: Timeframes not aligned — stopping (L=0.350 M=-0.253 S=0.229)
2026-03-24 21:17:15  INFO      TradingRunner: Analysing USDCHF …
2026-03-24 21:17:15  INFO      TradingGraph: Running agents for USDCHF
2026-03-24 21:17:15  INFO      TradingGraph: Completed 7 agents
2026-03-24 21:17:15  INFO      TradingGraph: Fusing timeframe signals
2026-03-24 21:17:15  INFO      TradingGraph: Fusion: L=0.428, M=0.621, S=0.183
2026-03-24 21:17:15  INFO      TradingGraph: Aligned [pullback-entry] (bullish) — proceeding [L=0.428 M=0.621 S=0.183 breadth=-0.086]
2026-03-24 21:17:15  INFO      TradingGraph: Generating trading recipe
2026-03-24 21:17:15  INFO      TradingGraph: Generated recipe: LONG_PULLBACK_ENTRY_USDCHF
2026-03-24 21:17:15  INFO      TradingGraph: Risk check passed
2026-03-24 21:17:15  INFO      TradingGraph: Creating trade plan
2026-03-24 21:17:15  INFO      TradingGraph: Created trade plan: entry=0.7901, sl=0.7872, tp=0.7961
2026-03-24 21:17:15  INFO      TradingGraph: Executing trade for USDCHF
2026-03-24 21:17:15  INFO      MT5Executor: USDCHF: lots=0.08 (risk=$25.00)
2026-03-24 21:17:15  ERROR     MT5Executor: Order rejected: retcode=10017 comment=Trade disabled vol=0.08 price=0.79014 sl=0.7871777211353101 tp=0.7960645577293795
2026-03-24 21:17:15  ERROR     TradingGraph: MT5Executor returned None — order was not placed
2026-03-24 21:17:15  INFO      TradingRunner: Analysing AUDUSD …
2026-03-24 21:17:15  INFO      TradingGraph: Running agents for AUDUSD
2026-03-24 21:17:15  INFO      TradingGraph: Completed 7 agents
2026-03-24 21:17:15  INFO      TradingGraph: Fusing timeframe signals
2026-03-24 21:17:15  INFO      TradingGraph: Fusion: L=0.308, M=0.240, S=0.013
2026-03-24 21:17:15  INFO      TradingGraph: Timeframes not aligned — stopping (L=0.308 M=0.240 S=0.013)
2026-03-24 21:17:15  INFO      TradingRunner: Analysing USDCAD …
2026-03-24 21:17:16  INFO      TradingGraph: Running agents for USDCAD
2026-03-24 21:17:16  INFO      TradingGraph: Completed 7 agents
2026-03-24 21:17:16  INFO      TradingGraph: Fusing timeframe signals
2026-03-24 21:17:16  INFO      TradingGraph: Fusion: L=0.050, M=-0.258, S=0.177
2026-03-24 21:17:16  INFO      TradingGraph: Timeframes not aligned — stopping (L=0.050 M=-0.258 S=0.177)
2026-03-24 21:17:16  INFO      TradingRunner: Analysing NZDUSD …
2026-03-24 21:17:16  INFO      TradingGraph: Running agents for NZDUSD
2026-03-24 21:17:16  INFO      TradingGraph: Completed 7 agents
2026-03-24 21:17:16  INFO      TradingGraph: Fusing timeframe signals
2026-03-24 21:17:16  INFO      TradingGraph: Fusion: L=-0.443, M=0.185, S=0.010
2026-03-24 21:17:16  INFO      TradingGraph: Aligned [pullback-entry] (bearish) — proceeding [L=-0.443 M=0.185 S=0.010 breadth=-0.086]
2026-03-24 21:17:16  INFO      TradingGraph: Generating trading recipe
2026-03-24 21:17:16  INFO      TradingGraph: Generated recipe: SHORT_PULLBACK_ENTRY_NZDUSD
2026-03-24 21:17:16  INFO      TradingGraph: Risk check passed
2026-03-24 21:17:16  INFO      TradingGraph: Creating trade plan
2026-03-24 21:17:16  INFO      TradingGraph: Created trade plan: entry=0.5817, sl=0.5849, tp=0.5752
2026-03-24 21:17:16  INFO      TradingGraph: Executing trade for NZDUSD
2026-03-24 21:17:16  INFO      MT5Executor: NZDUSD: lots=0.08 (risk=$25.00)
2026-03-24 21:17:16  ERROR     MT5Executor: Order rejected: retcode=10017 comment=Trade disabled vol=0.08 price=0.58169 sl=0.584941895406054 tp=0.5752162091878918
2026-03-24 21:17:16  ERROR     TradingGraph: MT5Executor returned None — order was not placed
2026-03-24 21:17:16  INFO      TradingRunner: Analysing XAUUSD …
2026-03-24 21:17:16  INFO      TradingGraph: Running agents for XAUUSD
2026-03-24 21:17:16  INFO      TradingGraph: Completed 7 agents
2026-03-24 21:17:16  INFO      TradingGraph: Fusing timeframe signals
2026-03-24 21:17:16  INFO      TradingGraph: Fusion: L=0.445, M=-0.143, S=-0.056
2026-03-24 21:17:16  INFO      TradingGraph: Aligned [pullback-entry] (bullish) — proceeding [L=0.445 M=-0.143 S=-0.056 breadth=-0.086]
2026-03-24 21:17:16  INFO      TradingGraph: Generating trading recipe
2026-03-24 21:17:16  INFO      TradingGraph: Generated recipe: LONG_PULLBACK_ENTRY_XAUUSD
2026-03-24 21:17:16  INFO      TradingGraph: Risk check passed
2026-03-24 21:17:16  INFO      TradingGraph: Creating trade plan
2026-03-24 21:17:16  INFO      TradingGraph: Created trade plan: entry=4401.7100, sl=4307.4329, tp=4590.2642
2026-03-24 21:17:16  INFO      TradingGraph: Executing trade for XAUUSD
2026-03-24 21:17:16  INFO      MT5Executor: XAUUSD: lots=0.01 (risk=$25.00)
2026-03-24 21:17:16  ERROR     MT5Executor: Order rejected: retcode=10017 comment=Trade disabled vol=0.01 price=4401.71 sl=4307.43291334123 tp=4590.264173317541
2026-03-24 21:17:16  ERROR     TradingGraph: MT5Executor returned None — order was not placed
2026-03-24 21:17:16  INFO      TradingRunner: PnL — unrealized: +0.00  realized today: +0.00  total: +0.00
2026-03-24 21:17:16  INFO      TradingRunner: Cycle done in 2.5s — sleeping 58s
2026-03-24 21:18:14  INFO      TradingRunner: Analysing EURUSD …
2026-03-24 21:18:14  INFO      TradingGraph: Running agents for EURUSD
2026-03-24 21:18:14  INFO      TradingGraph: Completed 7 agents
2026-03-24 21:18:14  INFO      TradingGraph: Fusing timeframe signals
2026-03-24 21:18:14  INFO      TradingGraph: Fusion: L=-0.422, M=0.260, S=0.015
2026-03-24 21:18:14  INFO      TradingGraph: Aligned [pullback-entry] (bearish) — proceeding [L=-0.422 M=0.260 S=0.015 breadth=-0.086]
2026-03-24 21:18:14  INFO      TradingGraph: Generating trading recipe
2026-03-24 21:18:14  INFO      TradingGraph: Generated recipe: SHORT_PULLBACK_ENTRY_EURUSD
2026-03-24 21:18:14  INFO      TradingGraph: Risk check passed
2026-03-24 21:18:14  INFO      TradingGraph: Creating trade plan
2026-03-24 21:18:15  INFO      TradingGraph: Created trade plan: entry=1.1585, sl=1.1626, tp=1.1504
2026-03-24 21:18:15  INFO      TradingGraph: Executing trade for EURUSD
2026-03-24 21:18:15  INFO      MT5Executor: EURUSD: lots=0.06 (risk=$25.00)
2026-03-24 21:18:15  ERROR     MT5Executor: Order rejected: retcode=10017 comment=Trade disabled vol=0.06 price=1.15851 sl=1.1625580761401948 tp=1.1504138477196102
2026-03-24 21:18:15  ERROR     TradingGraph: MT5Executor returned None — order was not placed
2026-03-24 21:18:15  INFO      TradingRunner: Analysing GBPUSD …
2026-03-24 21:18:15  INFO      TradingGraph: Running agents for GBPUSD
2026-03-24 21:18:15  INFO      TradingGraph: Completed 7 agents
2026-03-24 21:18:15  INFO      TradingGraph: Fusing timeframe signals
2026-03-24 21:18:15  INFO      TradingGraph: Fusion: L=-0.409, M=0.283, S=-0.027
2026-03-24 21:18:15  INFO      TradingGraph: Aligned [pullback-entry] (bearish) — proceeding [L=-0.409 M=0.283 S=-0.027 breadth=-0.086]
2026-03-24 21:18:15  INFO      TradingGraph: Generating trading recipe
2026-03-24 21:18:15  INFO      TradingGraph: Generated recipe: SHORT_PULLBACK_ENTRY_GBPUSD
2026-03-24 21:18:15  INFO      TradingGraph: Risk check passed
2026-03-24 21:18:15  INFO      TradingGraph: Creating trade plan
2026-03-24 21:18:15  INFO      TradingGraph: Created trade plan: entry=1.3384, sl=1.3436, tp=1.3279
2026-03-24 21:18:15  INFO      TradingGraph: Executing trade for GBPUSD
2026-03-24 21:18:15  INFO      MT5Executor: GBPUSD: lots=0.05 (risk=$25.00)
2026-03-24 21:18:15  ERROR     MT5Executor: Order rejected: retcode=10017 comment=Trade disabled vol=0.05 price=1.33837 sl=1.3436201157723195 tp=1.3278697684553609
2026-03-24 21:18:15  ERROR     TradingGraph: MT5Executor returned None — order was not placed
2026-03-24 21:18:15  INFO      TradingRunner: Analysing USDJPY …
2026-03-24 21:18:16  INFO      TradingGraph: Running agents for USDJPY
2026-03-24 21:18:16  INFO      TradingGraph: Completed 7 agents
2026-03-24 21:18:16  INFO      TradingGraph: Fusing timeframe signals
2026-03-24 21:18:16  INFO      TradingGraph: Fusion: L=0.350, M=-0.253, S=0.230
2026-03-24 21:18:16  INFO      TradingGraph: Timeframes not aligned — stopping (L=0.350 M=-0.253 S=0.230)
2026-03-24 21:18:16  INFO      TradingRunner: Analysing USDCHF …
2026-03-24 21:18:16  INFO      TradingGraph: Running agents for USDCHF
2026-03-24 21:18:16  INFO      TradingGraph: Completed 7 agents
2026-03-24 21:18:16  INFO      TradingGraph: Fusing timeframe signals
2026-03-24 21:18:16  INFO      TradingGraph: Fusion: L=0.428, M=0.621, S=0.183
2026-03-24 21:18:16  INFO      TradingGraph: Aligned [pullback-entry] (bullish) — proceeding [L=0.428 M=0.621 S=0.183 breadth=-0.086]
2026-03-24 21:18:16  INFO      TradingGraph: Generating trading recipe
2026-03-24 21:18:16  INFO      TradingGraph: Generated recipe: LONG_PULLBACK_ENTRY_USDCHF
2026-03-24 21:18:16  INFO      TradingGraph: Risk check passed
2026-03-24 21:18:16  INFO      TradingGraph: Creating trade plan
2026-03-24 21:18:16  INFO      TradingGraph: Created trade plan: entry=0.7902, sl=0.7872, tp=0.7961
2026-03-24 21:18:16  INFO      TradingGraph: Executing trade for USDCHF
2026-03-24 21:18:16  INFO      MT5Executor: USDCHF: lots=0.08 (risk=$25.00)
2026-03-24 21:18:16  ERROR     MT5Executor: Order rejected: retcode=10017 comment=Trade disabled vol=0.08 price=0.79015 sl=0.7871877211353102 tp=0.7960745577293795
2026-03-24 21:18:16  ERROR     TradingGraph: MT5Executor returned None — order was not placed
2026-03-24 21:18:16  INFO      TradingRunner: Analysing AUDUSD …
2026-03-24 21:18:16  INFO      TradingGraph: Running agents for AUDUSD
2026-03-24 21:18:16  INFO      TradingGraph: Completed 7 agents
2026-03-24 21:18:16  INFO      TradingGraph: Fusing timeframe signals
2026-03-24 21:18:16  INFO      TradingGraph: Fusion: L=0.308, M=0.008, S=0.013
2026-03-24 21:18:16  INFO      TradingGraph: Timeframes not aligned — stopping (L=0.308 M=0.008 S=0.013)
2026-03-24 21:18:16  INFO      TradingRunner: Analysing USDCAD …
2026-03-24 21:18:17  INFO      TradingGraph: Running agents for USDCAD
2026-03-24 21:18:17  INFO      TradingGraph: Completed 7 agents
2026-03-24 21:18:17  INFO      TradingGraph: Fusing timeframe signals
2026-03-24 21:18:17  INFO      TradingGraph: Fusion: L=0.050, M=-0.258, S=0.177
2026-03-24 21:18:17  INFO      TradingGraph: Timeframes not aligned — stopping (L=0.050 M=-0.258 S=0.177)
2026-03-24 21:18:17  INFO      TradingRunner: Analysing NZDUSD …
2026-03-24 21:18:17  INFO      TradingGraph: Running agents for NZDUSD
2026-03-24 21:18:17  INFO      TradingGraph: Completed 7 agents
2026-03-24 21:18:17  INFO      TradingGraph: Fusing timeframe signals
2026-03-24 21:18:17  INFO      TradingGraph: Fusion: L=-0.443, M=0.185, S=0.010
2026-03-24 21:18:17  INFO      TradingGraph: Aligned [pullback-entry] (bearish) — proceeding [L=-0.443 M=0.185 S=0.010 breadth=-0.086]
2026-03-24 21:18:17  INFO      TradingGraph: Generating trading recipe
2026-03-24 21:18:17  INFO      TradingGraph: Generated recipe: SHORT_PULLBACK_ENTRY_NZDUSD
2026-03-24 21:18:17  INFO      TradingGraph: Risk check passed
2026-03-24 21:18:17  INFO      TradingGraph: Creating trade plan
2026-03-24 21:18:17  INFO      TradingGraph: Created trade plan: entry=0.5817, sl=0.5850, tp=0.5752
2026-03-24 21:18:17  INFO      TradingGraph: Executing trade for NZDUSD
2026-03-24 21:18:18  INFO      MT5Executor: NZDUSD: lots=0.08 (risk=$25.00)
2026-03-24 21:18:18  ERROR     MT5Executor: Order rejected: retcode=10017 comment=Trade disabled vol=0.08 price=0.58173 sl=0.584971895406054 tp=0.5752462091878918
2026-03-24 21:18:18  ERROR     TradingGraph: MT5Executor returned None — order was not placed
2026-03-24 21:18:18  INFO      TradingRunner: Analysing XAUUSD …
2026-03-24 21:18:18  INFO      TradingGraph: Running agents for XAUUSD
2026-03-24 21:18:18  INFO      TradingGraph: Completed 7 agents
2026-03-24 21:18:18  INFO      TradingGraph: Fusing timeframe signals
2026-03-24 21:18:18  INFO      TradingGraph: Fusion: L=0.445, M=-0.160, S=-0.034
2026-03-24 21:18:18  INFO      TradingGraph: Aligned [pullback-entry] (bullish) — proceeding [L=0.445 M=-0.160 S=-0.034 breadth=-0.086]
2026-03-24 21:18:18  INFO      TradingGraph: Generating trading recipe
2026-03-24 21:18:18  INFO      TradingGraph: Generated recipe: LONG_PULLBACK_ENTRY_XAUUSD
2026-03-24 21:18:18  INFO      TradingGraph: Risk check passed
2026-03-24 21:18:18  INFO      TradingGraph: Creating trade plan
2026-03-24 21:18:18  INFO      TradingGraph: Created trade plan: entry=4403.7600, sl=4309.4829, tp=4592.3142
2026-03-24 21:18:18  INFO      TradingGraph: Executing trade for XAUUSD
2026-03-24 21:18:18  INFO      MT5Executor: XAUUSD: lots=0.01 (risk=$25.00)
2026-03-24 21:18:18  ERROR     MT5Executor: Order rejected: retcode=10017 comment=Trade disabled vol=0.01 price=4403.76 sl=4309.48291334123 tp=4592.314173317541
2026-03-24 21:18:18  ERROR     TradingGraph: MT5Executor returned None — order was not placed
2026-03-24 21:18:18  INFO      TradingRunner: PnL — unrealized: +0.00  realized today: +0.00  total: +0.00
2026-03-24 21:18:18  INFO      TradingRunner: Cycle done in 4.1s — sleeping 56s
2026-03-24 21:19:14  INFO      TradingRunner: Analysing EURUSD …
2026-03-24 21:19:14  INFO      TradingGraph: Running agents for EURUSD
2026-03-24 21:19:14  INFO      TradingGraph: Completed 7 agents
2026-03-24 21:19:14  INFO      TradingGraph: Fusing timeframe signals
2026-03-24 21:19:14  INFO      TradingGraph: Fusion: L=-0.422, M=0.314, S=0.015
2026-03-24 21:19:14  INFO      TradingGraph: Timeframes not aligned — stopping (L=-0.422 M=0.314 S=0.015)
2026-03-24 21:19:14  INFO      TradingRunner: Analysing GBPUSD …
2026-03-24 21:19:15  INFO      TradingGraph: Running agents for GBPUSD
2026-03-24 21:19:15  INFO      TradingGraph: Completed 7 agents
2026-03-24 21:19:15  INFO      TradingGraph: Fusing timeframe signals
2026-03-24 21:19:15  INFO      TradingGraph: Fusion: L=-0.409, M=0.283, S=-0.027
2026-03-24 21:19:15  INFO      TradingGraph: Aligned [pullback-entry] (bearish) — proceeding [L=-0.409 M=0.283 S=-0.027 breadth=-0.086]
2026-03-24 21:19:15  INFO      TradingGraph: Generating trading recipe
2026-03-24 21:19:15  INFO      TradingGraph: Generated recipe: SHORT_PULLBACK_ENTRY_GBPUSD
2026-03-24 21:19:15  INFO      TradingGraph: Risk check passed
2026-03-24 21:19:15  INFO      TradingGraph: Creating trade plan
2026-03-24 21:19:15  INFO      TradingGraph: Created trade plan: entry=1.3382, sl=1.3435, tp=1.3277
2026-03-24 21:19:15  INFO      TradingGraph: Executing trade for GBPUSD
2026-03-24 21:19:15  INFO      MT5Executor: GBPUSD: lots=0.05 (risk=$25.00)
2026-03-24 21:19:15  ERROR     MT5Executor: Order rejected: retcode=10017 comment=Trade disabled vol=0.05 price=1.3382100000000001 sl=1.3434601157723196 tp=1.327709768455361
2026-03-24 21:19:15  ERROR     TradingGraph: MT5Executor returned None — order was not placed
2026-03-24 21:19:15  INFO      TradingRunner: Analysing USDJPY …
2026-03-24 21:19:16  INFO      TradingGraph: Running agents for USDJPY
2026-03-24 21:19:16  INFO      TradingGraph: Completed 7 agents
2026-03-24 21:19:16  INFO      TradingGraph: Fusing timeframe signals
2026-03-24 21:19:16  INFO      TradingGraph: Fusion: L=0.350, M=-0.253, S=0.229
2026-03-24 21:19:16  INFO      TradingGraph: Timeframes not aligned — stopping (L=0.350 M=-0.253 S=0.229)
2026-03-24 21:19:16  INFO      TradingRunner: Analysing USDCHF …
2026-03-24 21:19:16  INFO      TradingGraph: Running agents for USDCHF
2026-03-24 21:19:16  INFO      TradingGraph: Completed 7 agents
2026-03-24 21:19:16  INFO      TradingGraph: Fusing timeframe signals
2026-03-24 21:19:16  INFO      TradingGraph: Fusion: L=0.429, M=0.621, S=0.107
2026-03-24 21:19:16  INFO      TradingGraph: Aligned [pullback-entry] (bullish) — proceeding [L=0.429 M=0.621 S=0.107 breadth=-0.086]
2026-03-24 21:19:16  INFO      TradingGraph: Generating trading recipe
2026-03-24 21:19:16  INFO      TradingGraph: Generated recipe: LONG_PULLBACK_ENTRY_USDCHF
2026-03-24 21:19:16  INFO      TradingGraph: Risk check passed
2026-03-24 21:19:16  INFO      TradingGraph: Creating trade plan
2026-03-24 21:19:16  INFO      TradingGraph: Created trade plan: entry=0.7902, sl=0.7873, tp=0.7962
2026-03-24 21:19:16  INFO      TradingGraph: Executing trade for USDCHF
2026-03-24 21:19:16  INFO      MT5Executor: USDCHF: lots=0.08 (risk=$25.00)
2026-03-24 21:19:16  ERROR     MT5Executor: Order rejected: retcode=10017 comment=Trade disabled vol=0.08 price=0.79024 sl=0.7872777211353102 tp=0.7961645577293796
2026-03-24 21:19:16  ERROR     TradingGraph: MT5Executor returned None — order was not placed
2026-03-24 21:19:16  INFO      TradingRunner: Analysing AUDUSD …
2026-03-24 21:19:17  INFO      TradingGraph: Running agents for AUDUSD
2026-03-24 21:19:17  INFO      TradingGraph: Completed 7 agents
2026-03-24 21:19:17  INFO      TradingGraph: Fusing timeframe signals
2026-03-24 21:19:17  INFO      TradingGraph: Fusion: L=0.308, M=0.429, S=0.013
2026-03-24 21:19:17  INFO      TradingGraph: Timeframes not aligned — stopping (L=0.308 M=0.429 S=0.013)
2026-03-24 21:19:17  INFO      TradingRunner: Analysing USDCAD …
2026-03-24 21:19:17  INFO      TradingGraph: Running agents for USDCAD
2026-03-24 21:19:17  INFO      TradingGraph: Completed 7 agents
2026-03-24 21:19:17  INFO      TradingGraph: Fusing timeframe signals
2026-03-24 21:19:17  INFO      TradingGraph: Fusion: L=0.050, M=-0.243, S=0.101
2026-03-24 21:19:17  INFO      TradingGraph: Timeframes not aligned — stopping (L=0.050 M=-0.243 S=0.101)
2026-03-24 21:19:17  INFO      TradingRunner: Analysing NZDUSD …
2026-03-24 21:19:17  INFO      TradingGraph: Running agents for NZDUSD
2026-03-24 21:19:17  INFO      TradingGraph: Completed 7 agents
2026-03-24 21:19:17  INFO      TradingGraph: Fusing timeframe signals
2026-03-24 21:19:17  INFO      TradingGraph: Fusion: L=-0.443, M=0.184, S=0.010
2026-03-24 21:19:17  INFO      TradingGraph: Aligned [pullback-entry] (bearish) — proceeding [L=-0.443 M=0.184 S=0.010 breadth=-0.086]
2026-03-24 21:19:17  INFO      TradingGraph: Generating trading recipe
2026-03-24 21:19:17  INFO      TradingGraph: Generated recipe: SHORT_PULLBACK_ENTRY_NZDUSD
2026-03-24 21:19:17  INFO      TradingGraph: Risk check passed
2026-03-24 21:19:17  INFO      TradingGraph: Creating trade plan
2026-03-24 21:19:18  INFO      TradingGraph: Created trade plan: entry=0.5816, sl=0.5849, tp=0.5752
2026-03-24 21:19:18  INFO      TradingGraph: Executing trade for NZDUSD
2026-03-24 21:19:18  INFO      MT5Executor: NZDUSD: lots=0.08 (risk=$25.00)
2026-03-24 21:19:18  ERROR     MT5Executor: Order rejected: retcode=10017 comment=Trade disabled vol=0.08 price=0.58164 sl=0.5848818954060541 tp=0.5751562091878919
2026-03-24 21:19:18  ERROR     TradingGraph: MT5Executor returned None — order was not placed
2026-03-24 21:19:18  INFO      TradingRunner: Analysing XAUUSD …
2026-03-24 21:19:18  INFO      TradingGraph: Running agents for XAUUSD
2026-03-24 21:19:18  INFO      TradingGraph: Completed 7 agents
2026-03-24 21:19:18  INFO      TradingGraph: Fusing timeframe signals
2026-03-24 21:19:18  INFO      TradingGraph: Fusion: L=0.445, M=-0.057, S=0.065
2026-03-24 21:19:18  INFO      TradingGraph: Aligned [pullback-entry] (bullish) — proceeding [L=0.445 M=-0.057 S=0.065 breadth=-0.086]
2026-03-24 21:19:18  INFO      TradingGraph: Generating trading recipe
2026-03-24 21:19:18  INFO      TradingGraph: Generated recipe: LONG_PULLBACK_ENTRY_XAUUSD
2026-03-24 21:19:18  INFO      TradingGraph: Risk check passed
2026-03-24 21:19:18  INFO      TradingGraph: Creating trade plan
2026-03-24 21:19:18  INFO      TradingGraph: Created trade plan: entry=4404.9700, sl=4310.5501, tp=4593.8099
2026-03-24 21:19:18  INFO      TradingGraph: Executing trade for XAUUSD
2026-03-24 21:19:18  INFO      MT5Executor: XAUUSD: lots=0.01 (risk=$25.00)
2026-03-24 21:19:18  ERROR     MT5Executor: Order rejected: retcode=10017 comment=Trade disabled vol=0.01 price=4404.97 sl=4310.550056198373 tp=4593.8098876032545
2026-03-24 21:19:18  ERROR     TradingGraph: MT5Executor returned None — order was not placed
2026-03-24 21:19:18  INFO      TradingRunner: PnL — unrealized: +0.00  realized today: +0.00  total: +0.00
2026-03-24 21:19:18  INFO      TradingRunner: Cycle done in 4.3s — sleeping 56s
2026-03-24 21:20:14  INFO      TradingRunner: Analysing EURUSD …
2026-03-24 21:20:14  ERROR     DataLoader: No data from MT5 for EURUSD/1D
2026-03-24 21:20:14  ERROR     DataLoader: No data from MT5 for EURUSD/1H
2026-03-24 21:20:14  ERROR     DataLoader: No data from MT5 for EURUSD/15m
2026-03-24 21:20:14  WARNING   TradingRunner: Could not load features for EURUSD — skipping
2026-03-24 21:20:14  INFO      TradingRunner: Analysing GBPUSD …
2026-03-24 21:20:14  ERROR     DataLoader: No data from MT5 for GBPUSD/1D
2026-03-24 21:20:14  ERROR     DataLoader: No data from MT5 for GBPUSD/1H
2026-03-24 21:20:14  ERROR     DataLoader: No data from MT5 for GBPUSD/15m
2026-03-24 21:20:14  WARNING   TradingRunner: Could not load features for GBPUSD — skipping
2026-03-24 21:20:14  INFO      TradingRunner: Analysing USDJPY …
2026-03-24 21:20:14  ERROR     DataLoader: No data from MT5 for USDJPY/1D
2026-03-24 21:20:14  ERROR     DataLoader: No data from MT5 for USDJPY/1H
2026-03-24 21:20:14  ERROR     DataLoader: No data from MT5 for USDJPY/15m
2026-03-24 21:20:14  WARNING   TradingRunner: Could not load features for USDJPY — skipping
2026-03-24 21:20:14  INFO      TradingRunner: Analysing USDCHF …
2026-03-24 21:20:14  ERROR     DataLoader: No data from MT5 for USDCHF/1D
2026-03-24 21:20:14  ERROR     DataLoader: No data from MT5 for USDCHF/1H
2026-03-24 21:20:14  ERROR     DataLoader: No data from MT5 for USDCHF/15m
2026-03-24 21:20:14  WARNING   TradingRunner: Could not load features for USDCHF — skipping
2026-03-24 21:20:14  INFO      TradingRunner: Analysing AUDUSD …
2026-03-24 21:20:14  ERROR     DataLoader: No data from MT5 for AUDUSD/1D
2026-03-24 21:20:14  ERROR     DataLoader: No data from MT5 for AUDUSD/1H
2026-03-24 21:20:14  ERROR     DataLoader: No data from MT5 for AUDUSD/15m
2026-03-24 21:20:14  WARNING   TradingRunner: Could not load features for AUDUSD — skipping
2026-03-24 21:20:14  INFO      TradingRunner: Analysing USDCAD …
2026-03-24 21:20:14  ERROR     DataLoader: No data from MT5 for USDCAD/1D
2026-03-24 21:20:14  ERROR     DataLoader: No data from MT5 for USDCAD/1H
2026-03-24 21:20:14  ERROR     DataLoader: No data from MT5 for USDCAD/15m
2026-03-24 21:20:14  WARNING   TradingRunner: Could not load features for USDCAD — skipping
2026-03-24 21:20:14  INFO      TradingRunner: Analysing NZDUSD …
2026-03-24 21:20:14  ERROR     DataLoader: No data from MT5 for NZDUSD/1D
2026-03-24 21:20:14  ERROR     DataLoader: No data from MT5 for NZDUSD/1H
2026-03-24 21:20:15  ERROR     DataLoader: No data from MT5 for NZDUSD/15m
2026-03-24 21:20:15  WARNING   TradingRunner: Could not load features for NZDUSD — skipping
2026-03-24 21:20:15  INFO      TradingRunner: Analysing XAUUSD …
2026-03-24 21:20:15  ERROR     DataLoader: No data from MT5 for XAUUSD/1D
2026-03-24 21:20:15  ERROR     DataLoader: No data from MT5 for XAUUSD/1H
2026-03-24 21:20:15  ERROR     DataLoader: No data from MT5 for XAUUSD/15m
2026-03-24 21:20:15  WARNING   TradingRunner: Could not load features for XAUUSD — skipping
2026-03-24 21:20:15  INFO      TradingRunner: PnL — unrealized: +0.00  realized today: +0.00  total: +0.00
2026-03-24 21:20:15  INFO      TradingRunner: Cycle done in 0.5s — sleeping 60s
2026-03-24 21:21:14  INFO      TradingRunner: Analysing EURUSD …
2026-03-24 21:21:15  INFO      TradingGraph: Running agents for EURUSD
2026-03-24 21:21:15  INFO      TradingGraph: Completed 7 agents
2026-03-24 21:21:15  INFO      TradingGraph: Fusing timeframe signals
2026-03-24 21:21:15  INFO      TradingGraph: Fusion: L=-0.421, M=-0.220, S=-0.001
2026-03-24 21:21:15  INFO      TradingGraph: Aligned [pullback-entry] (bearish) — proceeding [L=-0.421 M=-0.220 S=-0.001 breadth=-0.086]
2026-03-24 21:21:15  INFO      TradingGraph: Generating trading recipe
2026-03-24 21:21:15  INFO      TradingGraph: Generated recipe: SHORT_PULLBACK_ENTRY_EURUSD
2026-03-24 21:21:15  INFO      TradingGraph: Risk check passed
2026-03-24 21:21:15  INFO      TradingGraph: Creating trade plan
2026-03-24 21:21:15  INFO      TradingGraph: Created trade plan: entry=1.1596, sl=1.1639, tp=1.1512
2026-03-24 21:21:15  INFO      TradingGraph: Executing trade for EURUSD
2026-03-24 21:21:15  INFO      MT5Executor: EURUSD: lots=0.06 (risk=$25.00)
2026-03-24 21:21:15  ERROR     MT5Executor: Order rejected: retcode=10017 comment=Trade disabled vol=0.06 price=1.15963 sl=1.1638709332830521 tp=1.1511781334338957
2026-03-24 21:21:15  ERROR     TradingGraph: MT5Executor returned None — order was not placed
2026-03-24 21:21:15  INFO      TradingRunner: Analysing GBPUSD …
2026-03-24 21:21:15  INFO      TradingGraph: Running agents for GBPUSD
2026-03-24 21:21:15  INFO      TradingGraph: Completed 7 agents
2026-03-24 21:21:15  INFO      TradingGraph: Fusing timeframe signals
2026-03-24 21:21:15  INFO      TradingGraph: Fusion: L=-0.408, M=-0.223, S=-0.150
2026-03-24 21:21:15  INFO      TradingGraph: Aligned [pullback-entry] (bearish) — proceeding [L=-0.408 M=-0.223 S=-0.150 breadth=-0.086]
2026-03-24 21:21:15  INFO      TradingGraph: Generating trading recipe
2026-03-24 21:21:15  INFO      TradingGraph: Generated recipe: SHORT_PULLBACK_ENTRY_GBPUSD
2026-03-24 21:21:15  INFO      TradingGraph: Risk check passed
2026-03-24 21:21:16  INFO      TradingGraph: Creating trade plan
2026-03-24 21:21:16  INFO      TradingGraph: Created trade plan: entry=1.3399, sl=1.3454, tp=1.3289
2026-03-24 21:21:16  INFO      TradingGraph: Executing trade for GBPUSD
2026-03-24 21:21:16  INFO      MT5Executor: GBPUSD: lots=0.05 (risk=$25.00)
2026-03-24 21:21:16  ERROR     MT5Executor: Order rejected: retcode=10017 comment=Trade disabled vol=0.05 price=1.33991 sl=1.3454315443437481 tp=1.3288669113125038
2026-03-24 21:21:16  ERROR     TradingGraph: MT5Executor returned None — order was not placed
2026-03-24 21:21:16  INFO      TradingRunner: Analysing USDJPY …
2026-03-24 21:21:16  INFO      TradingGraph: Running agents for USDJPY
2026-03-24 21:21:16  INFO      TradingGraph: Completed 7 agents
2026-03-24 21:21:16  INFO      TradingGraph: Fusing timeframe signals
2026-03-24 21:21:16  INFO      TradingGraph: Fusion: L=0.349, M=-0.244, S=0.110
2026-03-24 21:21:16  INFO      TradingGraph: Timeframes not aligned — stopping (L=0.349 M=-0.244 S=0.110)
2026-03-24 21:21:16  INFO      TradingRunner: Analysing USDCHF …
2026-03-24 21:21:17  INFO      TradingGraph: Running agents for USDCHF
2026-03-24 21:21:17  INFO      TradingGraph: Completed 7 agents
2026-03-24 21:21:17  INFO      TradingGraph: Fusing timeframe signals
2026-03-24 21:21:17  INFO      TradingGraph: Fusion: L=0.428, M=0.603, S=0.237
2026-03-24 21:21:17  INFO      TradingGraph: Aligned [pullback-entry] (bullish) — proceeding [L=0.428 M=0.603 S=0.237 breadth=-0.086]
2026-03-24 21:21:17  INFO      TradingGraph: Generating trading recipe
2026-03-24 21:21:17  INFO      TradingGraph: Generated recipe: LONG_PULLBACK_ENTRY_USDCHF
2026-03-24 21:21:17  INFO      TradingGraph: Risk check passed
2026-03-24 21:21:17  INFO      TradingGraph: Creating trade plan
2026-03-24 21:21:17  INFO      TradingGraph: Created trade plan: entry=0.7895, sl=0.7864, tp=0.7956
2026-03-24 21:21:17  INFO      TradingGraph: Executing trade for USDCHF
2026-03-24 21:21:17  INFO      MT5Executor: USDCHF: lots=0.08 (risk=$25.00)
2026-03-24 21:21:17  ERROR     MT5Executor: Order rejected: retcode=10017 comment=Trade disabled vol=0.08 price=0.78947 sl=0.7863791497067388 tp=0.7956217005865224
2026-03-24 21:21:17  ERROR     TradingGraph: MT5Executor returned None — order was not placed
2026-03-24 21:21:17  INFO      TradingRunner: Analysing AUDUSD …
2026-03-24 21:21:18  INFO      TradingGraph: Running agents for AUDUSD
2026-03-24 21:21:18  INFO      TradingGraph: Completed 7 agents
2026-03-24 21:21:18  INFO      TradingGraph: Fusing timeframe signals
2026-03-24 21:21:18  INFO      TradingGraph: Fusion: L=0.308, M=-0.051, S=0.080
2026-03-24 21:21:18  INFO      TradingGraph: Timeframes not aligned — stopping (L=0.308 M=-0.051 S=0.080)
2026-03-24 21:21:18  INFO      TradingRunner: Analysing USDCAD …
2026-03-24 21:21:18  INFO      TradingGraph: Running agents for USDCAD
2026-03-24 21:21:18  INFO      TradingGraph: Completed 7 agents
2026-03-24 21:21:18  INFO      TradingGraph: Fusing timeframe signals
2026-03-24 21:21:18  INFO      TradingGraph: Fusion: L=0.050, M=-0.258, S=0.184
2026-03-24 21:21:18  INFO      TradingGraph: Timeframes not aligned — stopping (L=0.050 M=-0.258 S=0.184)
2026-03-24 21:21:18  INFO      TradingRunner: Analysing NZDUSD …
2026-03-24 21:21:19  INFO      TradingGraph: Running agents for NZDUSD
2026-03-24 21:21:19  INFO      TradingGraph: Completed 7 agents
2026-03-24 21:21:19  INFO      TradingGraph: Fusing timeframe signals
2026-03-24 21:21:19  INFO      TradingGraph: Fusion: L=-0.442, M=-0.514, S=0.157
2026-03-24 21:21:19  INFO      TradingGraph: Aligned [pullback-entry] (bearish) — proceeding [L=-0.442 M=-0.514 S=0.157 breadth=-0.086]
2026-03-24 21:21:19  INFO      TradingGraph: Generating trading recipe
2026-03-24 21:21:19  INFO      TradingGraph: Generated recipe: SHORT_PULLBACK_ENTRY_NZDUSD
2026-03-24 21:21:19  INFO      TradingGraph: Risk check passed
2026-03-24 21:21:19  INFO      TradingGraph: Creating trade plan
2026-03-24 21:21:19  INFO      TradingGraph: Created trade plan: entry=0.5826, sl=0.5860, tp=0.5757
2026-03-24 21:21:19  INFO      TradingGraph: Executing trade for NZDUSD
2026-03-24 21:21:19  INFO      MT5Executor: NZDUSD: lots=0.07 (risk=$25.00)
2026-03-24 21:21:19  ERROR     MT5Executor: Order rejected: retcode=10017 comment=Trade disabled vol=0.07 price=0.58255 sl=0.5860064368109051 tp=0.5756671263781897
2026-03-24 21:21:19  ERROR     TradingGraph: MT5Executor returned None — order was not placed
2026-03-24 21:21:19  INFO      TradingRunner: Analysing XAUUSD …
2026-03-24 21:21:20  INFO      TradingGraph: Running agents for XAUUSD
2026-03-24 21:21:20  INFO      TradingGraph: Completed 7 agents
2026-03-24 21:21:20  INFO      TradingGraph: Fusing timeframe signals
2026-03-24 21:21:20  INFO      TradingGraph: Fusion: L=0.445, M=0.522, S=0.069
2026-03-24 21:21:20  INFO      TradingGraph: Aligned [pullback-entry] (bullish) — proceeding [L=0.445 M=0.522 S=0.069 breadth=-0.086]
2026-03-24 21:21:20  INFO      TradingGraph: Generating trading recipe
2026-03-24 21:21:20  INFO      TradingGraph: Generated recipe: LONG_PULLBACK_ENTRY_XAUUSD
2026-03-24 21:21:20  INFO      TradingGraph: Risk check passed
2026-03-24 21:21:20  INFO      TradingGraph: Creating trade plan
2026-03-24 21:21:20  INFO      TradingGraph: Created trade plan: entry=4412.7700, sl=4313.8478, tp=4610.6145
2026-03-24 21:21:20  INFO      TradingGraph: Executing trade for XAUUSD
2026-03-24 21:21:20  INFO      MT5Executor: XAUUSD: lots=0.01 (risk=$25.00)
2026-03-24 21:21:20  ERROR     MT5Executor: Order rejected: retcode=10017 comment=Trade disabled vol=0.01 price=4412.65 sl=4313.847752818606 tp=4610.614494362789
2026-03-24 21:21:20  ERROR     TradingGraph: MT5Executor returned None — order was not placed
2026-03-24 21:21:21  INFO      TradingRunner: PnL — unrealized: +0.00  realized today: +0.00  total: +0.00
2026-03-24 21:21:21  INFO      TradingRunner: Cycle done in 6.4s — sleeping 54s
2026-03-24 21:22:14  INFO      TradingRunner: Analysing EURUSD …
2026-03-24 21:22:15  INFO      TradingGraph: Running agents for EURUSD
2026-03-24 21:22:15  INFO      TradingGraph: Completed 7 agents
2026-03-24 21:22:15  INFO      TradingGraph: Fusing timeframe signals
2026-03-24 21:22:15  INFO      TradingGraph: Fusion: L=-0.420, M=-0.219, S=0.001
2026-03-24 21:22:15  INFO      TradingGraph: Aligned [pullback-entry] (bearish) — proceeding [L=-0.420 M=-0.219 S=0.001 breadth=-0.086]
2026-03-24 21:22:15  INFO      TradingGraph: Generating trading recipe
2026-03-24 21:22:15  INFO      TradingGraph: Generated recipe: SHORT_PULLBACK_ENTRY_EURUSD
2026-03-24 21:22:15  INFO      TradingGraph: Risk check passed
2026-03-24 21:22:15  INFO      TradingGraph: Creating trade plan
2026-03-24 21:22:15  INFO      TradingGraph: Created trade plan: entry=1.1602, sl=1.1645, tp=1.1516
2026-03-24 21:22:15  INFO      TradingGraph: Executing trade for EURUSD
2026-03-24 21:22:15  INFO      MT5Executor: EURUSD: lots=0.06 (risk=$25.00)
2026-03-24 21:22:15  ERROR     MT5Executor: Order rejected: retcode=10017 comment=Trade disabled vol=0.06 price=1.16025 sl=1.1645195047116235 tp=1.1516209905767532
2026-03-24 21:22:15  ERROR     TradingGraph: MT5Executor returned None — order was not placed
2026-03-24 21:22:15  INFO      TradingRunner: Analysing GBPUSD …
2026-03-24 21:22:16  INFO      TradingGraph: Running agents for GBPUSD
2026-03-24 21:22:16  INFO      TradingGraph: Completed 7 agents
2026-03-24 21:22:16  INFO      TradingGraph: Fusing timeframe signals
2026-03-24 21:22:16  INFO      TradingGraph: Fusion: L=-0.407, M=-0.185, S=-0.149
2026-03-24 21:22:16  INFO      TradingGraph: Aligned [pullback-entry] (bearish) — proceeding [L=-0.407 M=-0.185 S=-0.149 breadth=-0.086]
2026-03-24 21:22:16  INFO      TradingGraph: Generating trading recipe
2026-03-24 21:22:16  INFO      TradingGraph: Generated recipe: SHORT_PULLBACK_ENTRY_GBPUSD
2026-03-24 21:22:16  INFO      TradingGraph: Risk check passed
2026-03-24 21:22:16  INFO      TradingGraph: Creating trade plan
2026-03-24 21:22:16  INFO      TradingGraph: Created trade plan: entry=1.3407, sl=1.3463, tp=1.3295
2026-03-24 21:22:16  INFO      TradingGraph: Executing trade for GBPUSD
2026-03-24 21:22:16  INFO      MT5Executor: GBPUSD: lots=0.04 (risk=$25.00)
2026-03-24 21:22:16  ERROR     MT5Executor: Order rejected: retcode=10017 comment=Trade disabled vol=0.04 price=1.34064 sl=1.3462558300580338 tp=1.3294983398839324
2026-03-24 21:22:16  ERROR     TradingGraph: MT5Executor returned None — order was not placed
2026-03-24 21:22:16  INFO      TradingRunner: Analysing USDJPY …
2026-03-24 21:22:17  INFO      TradingGraph: Running agents for USDJPY
2026-03-24 21:22:17  INFO      TradingGraph: Completed 7 agents
2026-03-24 21:22:17  INFO      TradingGraph: Fusing timeframe signals
2026-03-24 21:22:17  INFO      TradingGraph: Fusion: L=0.348, M=0.304, S=0.135
2026-03-24 21:22:17  INFO      TradingGraph: Timeframes not aligned — stopping (L=0.348 M=0.304 S=0.135)
2026-03-24 21:22:17  INFO      TradingRunner: Analysing USDCHF …
2026-03-24 21:22:18  INFO      TradingGraph: Running agents for USDCHF
2026-03-24 21:22:18  INFO      TradingGraph: Completed 7 agents
2026-03-24 21:22:18  INFO      TradingGraph: Fusing timeframe signals
2026-03-24 21:22:18  INFO      TradingGraph: Fusion: L=0.427, M=-0.535, S=0.238
2026-03-24 21:22:18  INFO      TradingGraph: Timeframes not aligned — stopping (L=0.427 M=-0.535 S=0.238)
2026-03-24 21:22:18  INFO      TradingRunner: Analysing AUDUSD …
2026-03-24 21:22:18  INFO      TradingGraph: Running agents for AUDUSD
2026-03-24 21:22:18  INFO      TradingGraph: Completed 7 agents
2026-03-24 21:22:18  INFO      TradingGraph: Fusing timeframe signals
2026-03-24 21:22:18  INFO      TradingGraph: Fusion: L=0.311, M=-0.050, S=0.042
2026-03-24 21:22:18  INFO      TradingGraph: Timeframes not aligned — stopping (L=0.311 M=-0.050 S=0.042)
2026-03-24 21:22:18  INFO      TradingRunner: Analysing USDCAD …
2026-03-24 21:22:19  INFO      TradingGraph: Running agents for USDCAD
2026-03-24 21:22:19  INFO      TradingGraph: Completed 7 agents
2026-03-24 21:22:19  INFO      TradingGraph: Fusing timeframe signals
2026-03-24 21:22:19  INFO      TradingGraph: Fusion: L=0.049, M=0.341, S=0.231
2026-03-24 21:22:19  INFO      TradingGraph: Timeframes not aligned — stopping (L=0.049 M=0.341 S=0.231)
2026-03-24 21:22:19  INFO      TradingRunner: Analysing NZDUSD …
2026-03-24 21:22:20  INFO      TradingGraph: Running agents for NZDUSD
2026-03-24 21:22:20  INFO      TradingGraph: Completed 7 agents
2026-03-24 21:22:20  INFO      TradingGraph: Fusing timeframe signals
2026-03-24 21:22:20  INFO      TradingGraph: Fusion: L=-0.440, M=-0.230, S=0.038
2026-03-24 21:22:20  INFO      TradingGraph: Aligned [pullback-entry] (bearish) — proceeding [L=-0.440 M=-0.230 S=0.038 breadth=-0.086]
2026-03-24 21:22:20  INFO      TradingGraph: Generating trading recipe
2026-03-24 21:22:20  INFO      TradingGraph: Generated recipe: SHORT_PULLBACK_ENTRY_NZDUSD
2026-03-24 21:22:20  INFO      TradingGraph: Risk check passed
2026-03-24 21:22:20  INFO      TradingGraph: Creating trade plan
2026-03-24 21:22:20  INFO      TradingGraph: Created trade plan: entry=0.5833, sl=0.5868, tp=0.5765
2026-03-24 21:22:20  INFO      TradingGraph: Executing trade for NZDUSD
2026-03-24 21:22:20  INFO      MT5Executor: NZDUSD: lots=0.07 (risk=$25.00)
2026-03-24 21:22:20  ERROR     MT5Executor: Order rejected: retcode=10017 comment=Trade disabled vol=0.07 price=0.58335 sl=0.5867804668346255 tp=0.576459066330749
2026-03-24 21:22:20  ERROR     TradingGraph: MT5Executor returned None — order was not placed
2026-03-24 21:22:20  INFO      TradingRunner: Analysing XAUUSD …
2026-03-24 21:22:21  INFO      TradingGraph: Running agents for XAUUSD
2026-03-24 21:22:21  INFO      TradingGraph: Completed 7 agents
2026-03-24 21:22:21  INFO      TradingGraph: Fusing timeframe signals
2026-03-24 21:22:21  INFO      TradingGraph: Fusion: L=0.445, M=0.018, S=0.001
2026-03-24 21:22:21  INFO      TradingGraph: Aligned [pullback-entry] (bullish) — proceeding [L=0.445 M=0.018 S=0.001 breadth=-0.086]
2026-03-24 21:22:21  INFO      TradingGraph: Generating trading recipe
2026-03-24 21:22:21  INFO      TradingGraph: Generated recipe: LONG_PULLBACK_ENTRY_XAUUSD
2026-03-24 21:22:21  INFO      TradingGraph: Risk check passed
2026-03-24 21:22:21  INFO      TradingGraph: Creating trade plan
2026-03-24 21:22:21  INFO      TradingGraph: Created trade plan: entry=4426.8700, sl=4329.5015, tp=4621.6070
2026-03-24 21:22:21  INFO      TradingGraph: Executing trade for XAUUSD
2026-03-24 21:22:21  INFO      MT5Executor: XAUUSD: lots=0.01 (risk=$25.00)
2026-03-24 21:22:21  ERROR     MT5Executor: Order rejected: retcode=10017 comment=Trade disabled vol=0.01 price=4426.99 sl=4329.501484769801 tp=4621.607030460397
2026-03-24 21:22:21  ERROR     TradingGraph: MT5Executor returned None — order was not placed
2026-03-24 21:22:21  INFO      TradingRunner: PnL — unrealized: +0.00  realized today: +0.00  total: +0.00
2026-03-24 21:22:21  INFO      TradingRunner: Cycle done in 7.0s — sleeping 53s
2026-03-24 21:23:15  INFO      TradingRunner: Analysing EURUSD …
2026-03-24 21:23:15  INFO      TradingGraph: Running agents for EURUSD
2026-03-24 21:23:15  INFO      TradingGraph: Completed 7 agents
2026-03-24 21:23:15  INFO      TradingGraph: Fusing timeframe signals
2026-03-24 21:23:15  INFO      TradingGraph: Fusion: L=-0.420, M=-0.018, S=0.003
2026-03-24 21:23:15  INFO      TradingGraph: Aligned [pullback-entry] (bearish) — proceeding [L=-0.420 M=-0.018 S=0.003 breadth=-0.086]
2026-03-24 21:23:15  INFO      TradingGraph: Generating trading recipe
2026-03-24 21:23:15  INFO      TradingGraph: Generated recipe: SHORT_PULLBACK_ENTRY_EURUSD
2026-03-24 21:23:15  INFO      TradingGraph: Risk check passed
2026-03-24 21:23:15  INFO      TradingGraph: Creating trade plan
2026-03-24 21:23:15  INFO      TradingGraph: Created trade plan: entry=1.1610, sl=1.1655, tp=1.1522
2026-03-24 21:23:15  INFO      TradingGraph: Executing trade for EURUSD
2026-03-24 21:23:15  INFO      MT5Executor: EURUSD: lots=0.06 (risk=$25.00)
2026-03-24 21:23:15  ERROR     MT5Executor: Order rejected: retcode=10017 comment=Trade disabled vol=0.06 price=1.161 sl=1.1654523618544808 tp=1.1522152762910387
2026-03-24 21:23:15  ERROR     TradingGraph: MT5Executor returned None — order was not placed
2026-03-24 21:23:15  INFO      TradingRunner: Analysing GBPUSD …
2026-03-24 21:23:16  INFO      TradingGraph: Running agents for GBPUSD
2026-03-24 21:23:16  INFO      TradingGraph: Completed 7 agents
2026-03-24 21:23:16  INFO      TradingGraph: Fusing timeframe signals
2026-03-24 21:23:16  INFO      TradingGraph: Fusion: L=-0.406, M=-0.219, S=-0.146
2026-03-24 21:23:16  INFO      TradingGraph: Aligned [pullback-entry] (bearish) — proceeding [L=-0.406 M=-0.219 S=-0.146 breadth=-0.086]
2026-03-24 21:23:16  INFO      TradingGraph: Generating trading recipe
2026-03-24 21:23:16  INFO      TradingGraph: Generated recipe: SHORT_PULLBACK_ENTRY_GBPUSD
2026-03-24 21:23:16  INFO      TradingGraph: Risk check passed
2026-03-24 21:23:16  INFO      TradingGraph: Creating trade plan
2026-03-24 21:23:16  INFO      TradingGraph: Created trade plan: entry=1.3416, sl=1.3473, tp=1.3301
2026-03-24 21:23:16  INFO      TradingGraph: Executing trade for GBPUSD
2026-03-24 21:23:16  INFO      MT5Executor: GBPUSD: lots=0.04 (risk=$25.00)
2026-03-24 21:23:16  ERROR     MT5Executor: Order rejected: retcode=10017 comment=Trade disabled vol=0.04 price=1.34151 sl=1.3473472586294624 tp=1.3301354827410752
2026-03-24 21:23:16  ERROR     TradingGraph: MT5Executor returned None — order was not placed
2026-03-24 21:23:16  INFO      TradingRunner: Analysing USDJPY …
2026-03-24 21:23:17  INFO      TradingGraph: Running agents for USDJPY
2026-03-24 21:23:17  INFO      TradingGraph: Completed 7 agents
2026-03-24 21:23:17  INFO      TradingGraph: Fusing timeframe signals
2026-03-24 21:23:17  INFO      TradingGraph: Fusion: L=0.348, M=0.275, S=0.183
2026-03-24 21:23:17  INFO      TradingGraph: Timeframes not aligned — stopping (L=0.348 M=0.275 S=0.183)
2026-03-24 21:23:17  INFO      TradingRunner: Analysing USDCHF …
2026-03-24 21:23:17  INFO      TradingGraph: Running agents for USDCHF
2026-03-24 21:23:17  INFO      TradingGraph: Completed 7 agents
2026-03-24 21:23:17  INFO      TradingGraph: Fusing timeframe signals
2026-03-24 21:23:17  INFO      TradingGraph: Fusion: L=0.427, M=-0.536, S=0.229
2026-03-24 21:23:17  INFO      TradingGraph: Timeframes not aligned — stopping (L=0.427 M=-0.536 S=0.229)
2026-03-24 21:23:17  INFO      TradingRunner: Analysing AUDUSD …
2026-03-24 21:23:18  INFO      TradingGraph: Running agents for AUDUSD
2026-03-24 21:23:18  INFO      TradingGraph: Completed 7 agents
2026-03-24 21:23:18  INFO      TradingGraph: Fusing timeframe signals
2026-03-24 21:23:18  INFO      TradingGraph: Fusion: L=0.312, M=-0.049, S=0.045
2026-03-24 21:23:18  INFO      TradingGraph: Timeframes not aligned — stopping (L=0.312 M=-0.049 S=0.045)
2026-03-24 21:23:18  INFO      TradingRunner: Analysing USDCAD …
2026-03-24 21:23:18  INFO      TradingGraph: Running agents for USDCAD
2026-03-24 21:23:18  INFO      TradingGraph: Completed 7 agents
2026-03-24 21:23:18  INFO      TradingGraph: Fusing timeframe signals
2026-03-24 21:23:18  INFO      TradingGraph: Fusion: L=0.049, M=0.341, S=0.231
2026-03-24 21:23:18  INFO      TradingGraph: Timeframes not aligned — stopping (L=0.049 M=0.341 S=0.231)
2026-03-24 21:23:18  INFO      TradingRunner: Analysing NZDUSD …
2026-03-24 21:23:19  INFO      TradingGraph: Running agents for NZDUSD
2026-03-24 21:23:19  INFO      TradingGraph: Completed 7 agents
2026-03-24 21:23:19  INFO      TradingGraph: Fusing timeframe signals
2026-03-24 21:23:19  INFO      TradingGraph: Fusion: L=-0.440, M=-0.206, S=0.042
2026-03-24 21:23:19  INFO      TradingGraph: Aligned [pullback-entry] (bearish) — proceeding [L=-0.440 M=-0.206 S=0.042 breadth=-0.086]
2026-03-24 21:23:19  INFO      TradingGraph: Generating trading recipe
2026-03-24 21:23:19  INFO      TradingGraph: Generated recipe: SHORT_PULLBACK_ENTRY_NZDUSD
2026-03-24 21:23:19  INFO      TradingGraph: Risk check passed
2026-03-24 21:23:19  INFO      TradingGraph: Creating trade plan
2026-03-24 21:23:19  INFO      TradingGraph: Created trade plan: entry=0.5838, sl=0.5873, tp=0.5767
2026-03-24 21:23:19  INFO      TradingGraph: Executing trade for NZDUSD
2026-03-24 21:23:19  INFO      MT5Executor: NZDUSD: lots=0.07 (risk=$25.00)
2026-03-24 21:23:19  ERROR     MT5Executor: Order rejected: retcode=10017 comment=Trade disabled vol=0.07 price=0.58373 sl=0.5872733239774826 tp=0.5767333520450346
2026-03-24 21:23:19  ERROR     TradingGraph: MT5Executor returned None — order was not placed
2026-03-24 21:23:19  INFO      TradingRunner: Analysing XAUUSD …
2026-03-24 21:23:20  INFO      TradingGraph: Running agents for XAUUSD
2026-03-24 21:23:20  INFO      TradingGraph: Completed 7 agents
2026-03-24 21:23:20  INFO      TradingGraph: Fusing timeframe signals
2026-03-24 21:23:20  INFO      TradingGraph: Fusion: L=0.445, M=0.018, S=-0.028
2026-03-24 21:23:20  INFO      TradingGraph: Aligned [pullback-entry] (bullish) — proceeding [L=0.445 M=0.018 S=-0.028 breadth=-0.086]
2026-03-24 21:23:20  INFO      TradingGraph: Generating trading recipe
2026-03-24 21:23:20  INFO      TradingGraph: Generated recipe: LONG_PULLBACK_ENTRY_XAUUSD
2026-03-24 21:23:20  INFO      TradingGraph: Risk check passed
2026-03-24 21:23:20  INFO      TradingGraph: Creating trade plan
2026-03-24 21:23:20  INFO      TradingGraph: Created trade plan: entry=4428.1900, sl=4329.9772, tp=4624.6156
2026-03-24 21:23:20  INFO      TradingGraph: Executing trade for XAUUSD
2026-03-24 21:23:20  INFO      MT5Executor: XAUUSD: lots=0.01 (risk=$25.00)
2026-03-24 21:23:20  ERROR     MT5Executor: Order rejected: retcode=10017 comment=Trade disabled vol=0.01 price=4428.19 sl=4329.9771990555155 tp=4624.615601888969
2026-03-24 21:23:20  ERROR     TradingGraph: MT5Executor returned None — order was not placed
2026-03-24 21:23:20  INFO      TradingRunner: PnL — unrealized: +0.00  realized today: +0.00  total: +0.00
2026-03-24 21:23:20  INFO      TradingRunner: Cycle done in 5.8s — sleeping 54s
2026-03-24 21:23:56  INFO      TradingRunner: Shutdown signal received — stopping after current cycle
2026-03-24 21:23:56  INFO      MT5Executor: MT5 connection closed
2026-03-24 21:29:33  INFO      MT5Executor: Using mt5linux backend → localhost:18812
2026-03-24 21:29:38  INFO      MT5Executor: Connected to MT5: 5048376965 on MetaQuotes-Demo | balance=3000.0 | trade_allowed=False
2026-03-24 21:29:38  INFO      root: Registered agent: RegimeAgent
2026-03-24 21:29:38  INFO      root: Registered agent: TrendAgent
2026-03-24 21:29:38  INFO      root: Registered agent: MomentumAgent
2026-03-24 21:29:38  INFO      root: Registered agent: MeanReversionAgent
2026-03-24 21:29:38  INFO      root: Registered agent: VolatilityAgent
2026-03-24 21:29:38  INFO      root: Registered agent: BreadthAgent
2026-03-24 21:29:38  INFO      root: Registered agent: PatternAgent
2026-03-24 21:29:38  INFO      TradingRunner: TradingRunner started — symbols: ['EURUSD', 'GBPUSD', 'USDJPY', 'USDCHF', 'AUDUSD', 'USDCAD', 'NZDUSD', 'XAUUSD'], interval: 60s
2026-03-24 21:29:38  INFO      TradingRunner: Analysing EURUSD …
2026-03-24 21:29:39  INFO      TradingGraph: Running agents for EURUSD
2026-03-24 21:29:39  INFO      TradingRunner: Shutdown signal received — stopping after current cycle
2026-03-24 21:29:39  INFO      MT5Executor: MT5 connection closed
2026-03-24 21:29:39  INFO      TradingGraph: Completed 7 agents
2026-03-24 21:29:39  INFO      TradingGraph: Fusing timeframe signals
2026-03-24 21:29:39  INFO      TradingGraph: Fusion: L=-0.420, M=-0.197, S=0.003
2026-03-24 21:29:39  INFO      TradingGraph: Aligned [pullback-entry] (bearish) — proceeding [L=-0.420 M=-0.197 S=0.003 breadth=-0.086]
2026-03-24 21:29:39  INFO      TradingGraph: Generating trading recipe
2026-03-24 21:29:39  INFO      TradingGraph: Generated recipe: SHORT_PULLBACK_ENTRY_EURUSD
2026-03-24 21:29:39  INFO      TradingGraph: Risk check passed
2026-03-24 21:29:39  INFO      TradingGraph: Creating trade plan
2026-03-24 21:29:39  ERROR     MT5Executor: Symbol EURUSD not found
2026-03-24 21:29:39  INFO      TradingGraph: Created trade plan: entry=1.1587, sl=1.1634, tp=1.1494
2026-03-24 21:29:39  INFO      TradingGraph: Executing trade for EURUSD
2026-03-24 21:29:39  ERROR     MT5Executor: MT5 not initialized
2026-03-24 21:29:39  ERROR     TradingGraph: MT5Executor returned None — order was not placed
2026-03-24 21:29:39  INFO      TradingRunner: Analysing GBPUSD …
2026-03-24 21:29:39  ERROR     DataLoader: No data from MT5 for GBPUSD/1D
2026-03-24 21:29:39  ERROR     DataLoader: No data from MT5 for GBPUSD/1H
2026-03-24 21:29:39  ERROR     DataLoader: No data from MT5 for GBPUSD/15m
2026-03-24 21:29:39  WARNING   TradingRunner: Could not load features for GBPUSD — skipping
2026-03-24 21:29:39  INFO      TradingRunner: Analysing USDJPY …
2026-03-24 21:29:39  ERROR     DataLoader: No data from MT5 for USDJPY/1D
2026-03-24 21:29:39  ERROR     DataLoader: No data from MT5 for USDJPY/1H
2026-03-24 21:29:39  ERROR     DataLoader: No data from MT5 for USDJPY/15m
2026-03-24 21:29:39  WARNING   TradingRunner: Could not load features for USDJPY — skipping
2026-03-24 21:29:39  INFO      TradingRunner: Analysing USDCHF …
2026-03-24 21:29:39  ERROR     DataLoader: No data from MT5 for USDCHF/1D
2026-03-24 21:29:39  ERROR     DataLoader: No data from MT5 for USDCHF/1H
2026-03-24 21:29:39  ERROR     DataLoader: No data from MT5 for USDCHF/15m
2026-03-24 21:29:39  WARNING   TradingRunner: Could not load features for USDCHF — skipping
2026-03-24 21:29:39  INFO      TradingRunner: Analysing AUDUSD …
2026-03-24 21:29:39  ERROR     DataLoader: No data from MT5 for AUDUSD/1D
2026-03-24 21:29:39  ERROR     DataLoader: No data from MT5 for AUDUSD/1H
2026-03-24 21:29:39  ERROR     DataLoader: No data from MT5 for AUDUSD/15m
2026-03-24 21:29:39  WARNING   TradingRunner: Could not load features for AUDUSD — skipping
2026-03-24 21:29:39  INFO      TradingRunner: Analysing USDCAD …
2026-03-24 21:29:39  ERROR     DataLoader: No data from MT5 for USDCAD/1D
2026-03-24 21:29:39  ERROR     DataLoader: No data from MT5 for USDCAD/1H
2026-03-24 21:29:39  ERROR     DataLoader: No data from MT5 for USDCAD/15m
2026-03-24 21:29:39  WARNING   TradingRunner: Could not load features for USDCAD — skipping
2026-03-24 21:29:39  INFO      TradingRunner: Analysing NZDUSD …
2026-03-24 21:29:39  ERROR     DataLoader: No data from MT5 for NZDUSD/1D
2026-03-24 21:29:39  ERROR     DataLoader: No data from MT5 for NZDUSD/1H
2026-03-24 21:29:39  ERROR     DataLoader: No data from MT5 for NZDUSD/15m
2026-03-24 21:29:39  WARNING   TradingRunner: Could not load features for NZDUSD — skipping
2026-03-24 21:29:39  INFO      TradingRunner: Analysing XAUUSD …
2026-03-24 21:29:39  ERROR     DataLoader: No data from MT5 for XAUUSD/1D
2026-03-24 21:29:39  ERROR     DataLoader: No data from MT5 for XAUUSD/1H
2026-03-24 21:29:39  ERROR     DataLoader: No data from MT5 for XAUUSD/15m
2026-03-24 21:29:39  WARNING   TradingRunner: Could not load features for XAUUSD — skipping
2026-03-24 21:29:39  INFO      TradingRunner: PnL — unrealized: +0.00  realized today: +0.00  total: +0.00
2026-03-24 21:29:39  INFO      TradingRunner: Cycle done in 1.1s — sleeping 59s
2026-03-24 21:31:44  INFO      MT5Executor: Using mt5linux backend → localhost:18812
2026-03-24 21:31:48  INFO      MT5Executor: Connected to MT5: 104910563 on MetaQuotes-Demo | balance=100000.0 | trade_allowed=True
2026-03-24 21:31:48  INFO      root: Registered agent: RegimeAgent
2026-03-24 21:31:48  INFO      root: Registered agent: TrendAgent
2026-03-24 21:31:48  INFO      root: Registered agent: MomentumAgent
2026-03-24 21:31:48  INFO      root: Registered agent: MeanReversionAgent
2026-03-24 21:31:48  INFO      root: Registered agent: VolatilityAgent
2026-03-24 21:31:48  INFO      root: Registered agent: BreadthAgent
2026-03-24 21:31:48  INFO      root: Registered agent: PatternAgent
2026-03-24 21:31:48  INFO      TradingRunner: TradingRunner started — symbols: ['EURUSD', 'GBPUSD', 'USDJPY', 'USDCHF', 'AUDUSD', 'USDCAD', 'NZDUSD', 'XAUUSD'], interval: 3600s
2026-03-24 21:31:48  INFO      TradingRunner: Analysing EURUSD …
2026-03-24 21:31:48  INFO      TradingGraph: Running agents for EURUSD
2026-03-24 21:31:48  INFO      TradingGraph: Completed 7 agents
2026-03-24 21:31:48  INFO      TradingGraph: Fusing timeframe signals
2026-03-24 21:31:48  INFO      TradingGraph: Fusion: L=-0.420, M=-0.197, S=-0.043
2026-03-24 21:31:48  INFO      TradingGraph: Aligned [pullback-entry] (bearish) — proceeding [L=-0.420 M=-0.197 S=-0.043 breadth=-0.086]
2026-03-24 21:31:48  INFO      TradingGraph: Generating trading recipe
2026-03-24 21:31:48  INFO      TradingGraph: Generated recipe: SHORT_PULLBACK_ENTRY_EURUSD
2026-03-24 21:31:48  INFO      TradingGraph: Risk check passed
2026-03-24 21:31:48  INFO      TradingGraph: Creating trade plan
2026-03-24 21:31:48  INFO      TradingGraph: Created trade plan: entry=1.1604, sl=1.1650, tp=1.1511
2026-03-24 21:31:48  INFO      TradingGraph: Executing trade for EURUSD
2026-03-24 21:31:48  INFO      MT5Executor: EURUSD: lots=0.05 (risk=$25.00)
2026-03-24 21:31:48  INFO      MT5Executor: Market order filled: ticket=7884511058 vol=0.05
2026-03-24 21:31:48  INFO      TradingGraph: Order placed: ticket=7884511058
2026-03-24 21:31:48  INFO      OrderManager: Created order order_1_20260324_213148 for EURUSD
2026-03-24 21:31:48  INFO      TradeJournal: TRADE  EURUSD           Direction.SHORT  qty=0.05  entry=1.16039  sl=1.16504  tp=1.15109  ticket=7884511058
2026-03-24 21:31:48  INFO      TradingRunner: Analysing GBPUSD …
2026-03-24 21:31:49  INFO      TradingGraph: Running agents for GBPUSD
2026-03-24 21:31:49  INFO      TradingGraph: Completed 7 agents
2026-03-24 21:31:49  INFO      TradingGraph: Fusing timeframe signals
2026-03-24 21:31:49  INFO      TradingGraph: Fusion: L=-0.407, M=-0.209, S=-0.194
2026-03-24 21:31:49  INFO      TradingGraph: Aligned [pullback-entry] (bearish) — proceeding [L=-0.407 M=-0.209 S=-0.194 breadth=-0.086]
2026-03-24 21:31:49  INFO      TradingGraph: Generating trading recipe
2026-03-24 21:31:49  INFO      TradingGraph: Generated recipe: SHORT_PULLBACK_ENTRY_GBPUSD
2026-03-24 21:31:49  INFO      TradingGraph: Risk check passed
2026-03-24 21:31:49  INFO      TradingGraph: Creating trade plan
2026-03-24 21:31:49  INFO      TradingGraph: Created trade plan: entry=1.3405, sl=1.3464, tp=1.3286
2026-03-24 21:31:49  INFO      TradingGraph: Executing trade for GBPUSD
2026-03-24 21:31:49  INFO      MT5Executor: GBPUSD: lots=0.04 (risk=$25.00)
2026-03-24 21:31:49  INFO      MT5Executor: Market order filled: ticket=7884511282 vol=0.04
2026-03-24 21:31:49  INFO      TradingGraph: Order placed: ticket=7884511282
2026-03-24 21:31:49  INFO      OrderManager: Created order order_2_20260324_213149 for GBPUSD
2026-03-24 21:31:49  INFO      TradeJournal: TRADE  GBPUSD           Direction.SHORT  qty=0.04  entry=1.34047  sl=1.34640  tp=1.32862  ticket=7884511282
2026-03-24 21:31:49  INFO      TradingRunner: Analysing USDJPY …
2026-03-24 21:31:50  INFO      TradingGraph: Running agents for USDJPY
2026-03-24 21:31:50  INFO      TradingGraph: Completed 7 agents
2026-03-24 21:31:50  INFO      TradingGraph: Fusing timeframe signals
2026-03-24 21:31:50  INFO      TradingGraph: Fusion: L=0.348, M=0.275, S=0.186
2026-03-24 21:31:50  INFO      TradingGraph: Timeframes not aligned — stopping (L=0.348 M=0.275 S=0.186)
2026-03-24 21:31:50  INFO      TradingRunner: Analysing USDCHF …
2026-03-24 21:31:50  INFO      TradingGraph: Running agents for USDCHF
2026-03-24 21:31:50  INFO      TradingGraph: Completed 7 agents
2026-03-24 21:31:50  INFO      TradingGraph: Fusing timeframe signals
2026-03-24 21:31:50  INFO      TradingGraph: Fusion: L=0.426, M=-0.549, S=0.236
2026-03-24 21:31:50  INFO      TradingGraph: Timeframes not aligned — stopping (L=0.426 M=-0.549 S=0.236)
2026-03-24 21:31:50  INFO      TradingRunner: Analysing AUDUSD …
2026-03-24 21:31:50  INFO      TradingGraph: Running agents for AUDUSD
2026-03-24 21:31:50  INFO      TradingGraph: Completed 7 agents
2026-03-24 21:31:50  INFO      TradingGraph: Fusing timeframe signals
2026-03-24 21:31:50  INFO      TradingGraph: Fusion: L=0.311, M=-0.018, S=-0.019
2026-03-24 21:31:50  INFO      TradingGraph: Timeframes not aligned — stopping (L=0.311 M=-0.018 S=-0.019)
2026-03-24 21:31:50  INFO      TradingRunner: Analysing USDCAD …
2026-03-24 21:31:51  INFO      TradingGraph: Running agents for USDCAD
2026-03-24 21:31:51  INFO      TradingGraph: Completed 7 agents
2026-03-24 21:31:51  INFO      TradingGraph: Fusing timeframe signals
2026-03-24 21:31:51  INFO      TradingGraph: Fusion: L=0.050, M=-0.258, S=0.230
2026-03-24 21:31:51  INFO      TradingGraph: Timeframes not aligned — stopping (L=0.050 M=-0.258 S=0.230)
2026-03-24 21:31:51  INFO      TradingRunner: Analysing NZDUSD …
2026-03-24 21:31:51  INFO      TradingGraph: Running agents for NZDUSD
2026-03-24 21:31:51  INFO      TradingGraph: Completed 7 agents
2026-03-24 21:31:51  INFO      TradingGraph: Fusing timeframe signals
2026-03-24 21:31:51  INFO      TradingGraph: Fusion: L=-0.440, M=-0.209, S=0.025
2026-03-24 21:31:51  INFO      TradingGraph: Aligned [pullback-entry] (bearish) — proceeding [L=-0.440 M=-0.209 S=0.025 breadth=-0.086]
2026-03-24 21:31:51  INFO      TradingGraph: Generating trading recipe
2026-03-24 21:31:51  INFO      TradingGraph: Generated recipe: SHORT_PULLBACK_ENTRY_NZDUSD
2026-03-24 21:31:51  INFO      TradingGraph: Risk check passed
2026-03-24 21:31:51  INFO      TradingGraph: Creating trade plan
2026-03-24 21:31:51  INFO      TradingGraph: Created trade plan: entry=0.5833, sl=0.5870, tp=0.5759
2026-03-24 21:31:51  INFO      TradingGraph: Executing trade for NZDUSD
2026-03-24 21:31:51  INFO      MT5Executor: NZDUSD: lots=0.07 (risk=$25.00)
2026-03-24 21:31:51  INFO      MT5Executor: Market order filled: ticket=7884511904 vol=0.07
2026-03-24 21:31:51  INFO      TradingGraph: Order placed: ticket=7884511904
2026-03-24 21:31:51  INFO      OrderManager: Created order order_3_20260324_213151 for NZDUSD
2026-03-24 21:31:51  INFO      TradeJournal: TRADE  NZDUSD           Direction.SHORT  qty=0.07  entry=0.58330  sl=0.58698  tp=0.57594  ticket=7884511904
2026-03-24 21:31:51  INFO      TradingRunner: Analysing XAUUSD …
2026-03-24 21:31:52  INFO      TradingGraph: Running agents for XAUUSD
2026-03-24 21:31:52  INFO      TradingGraph: Completed 7 agents
2026-03-24 21:31:52  INFO      TradingGraph: Fusing timeframe signals
2026-03-24 21:31:52  INFO      TradingGraph: Fusion: L=0.446, M=0.110, S=-0.048
2026-03-24 21:31:52  INFO      TradingGraph: Aligned [pullback-entry] (bullish) — proceeding [L=0.446 M=0.110 S=-0.048 breadth=-0.086]
2026-03-24 21:31:52  INFO      TradingGraph: Generating trading recipe
2026-03-24 21:31:52  INFO      TradingGraph: Generated recipe: LONG_PULLBACK_ENTRY_XAUUSD
2026-03-24 21:31:52  INFO      TradingGraph: Risk check passed
2026-03-24 21:31:52  INFO      TradingGraph: Creating trade plan
2026-03-24 21:31:52  INFO      TradingGraph: Created trade plan: entry=4456.2800, sl=4350.6143, tp=4667.6113
2026-03-24 21:31:52  INFO      TradingGraph: Executing trade for XAUUSD
2026-03-24 21:31:52  INFO      MT5Executor: XAUUSD: lots=0.01 (risk=$25.00)
2026-03-24 21:31:52  INFO      MT5Executor: Market order filled: ticket=7884512175 vol=0.01
2026-03-24 21:31:52  INFO      TradingGraph: Order placed: ticket=7884512175
2026-03-24 21:31:52  INFO      OrderManager: Created order order_4_20260324_213152 for XAUUSD
2026-03-24 21:31:52  INFO      TradeJournal: TRADE  XAUUSD           Direction.LONG  qty=0.01  entry=4456.28000  sl=4350.61434  tp=4667.61132  ticket=7884512175
2026-03-24 21:31:53  INFO      TradingRunner: PnL — unrealized: -2.50  realized today: +0.00  total: -2.50
2026-03-24 21:31:53  INFO      TradingRunner: Cycle done in 5.2s — sleeping 3595s
2026-03-24 21:38:20  INFO      TradingRunner: Shutdown signal received — stopping after current cycle
2026-03-24 21:38:20  INFO      MT5Executor: MT5 connection closed
2026-03-24 21:38:53  INFO      MT5Executor: Using mt5linux backend → localhost:18812
2026-03-24 21:38:54  INFO      MT5Executor: Connected to MT5: 104910563 on MetaQuotes-Demo | balance=100000.0 | trade_allowed=True
2026-03-24 21:38:54  INFO      root: Registered agent: RegimeAgent
2026-03-24 21:38:54  INFO      root: Registered agent: TrendAgent
2026-03-24 21:38:54  INFO      root: Registered agent: MomentumAgent
2026-03-24 21:38:54  INFO      root: Registered agent: MeanReversionAgent
2026-03-24 21:38:54  INFO      root: Registered agent: VolatilityAgent
2026-03-24 21:38:54  INFO      root: Registered agent: BreadthAgent
2026-03-24 21:38:54  INFO      root: Registered agent: PatternAgent
2026-03-24 21:38:54  INFO      TradingRunner: TradingRunner started — symbols: ['EURUSD', 'GBPUSD', 'USDJPY', 'USDCHF', 'AUDUSD', 'USDCAD', 'NZDUSD', 'XAUUSD'], interval: 300s
2026-03-24 21:38:54  INFO      TradingRunner: Analysing EURUSD …
2026-03-24 21:38:55  INFO      TradingGraph: Running agents for EURUSD
2026-03-24 21:38:55  INFO      TradingGraph: Completed 7 agents
2026-03-24 21:38:55  INFO      TradingGraph: Fusing timeframe signals
2026-03-24 21:38:55  INFO      TradingGraph: Fusion: L=-0.420, M=-0.197, S=-0.064
2026-03-24 21:38:55  INFO      TradingGraph: Aligned [pullback-entry] (bearish) — proceeding [L=-0.420 M=-0.197 S=-0.064 breadth=-0.086]
2026-03-24 21:38:55  INFO      TradingGraph: Generating trading recipe
2026-03-24 21:38:55  INFO      TradingGraph: Generated recipe: SHORT_PULLBACK_ENTRY_EURUSD
2026-03-24 21:38:55  INFO      TradingGraph: Risk check passed
2026-03-24 21:38:55  INFO      TradingGraph: Creating trade plan
2026-03-24 21:38:55  INFO      TradingGraph: Created trade plan: entry=1.1606, sl=1.1653, tp=1.1514
2026-03-24 21:38:55  INFO      TradingGraph: Executing trade for EURUSD
2026-03-24 21:38:55  INFO      MT5Executor: EURUSD: lots=0.05 (risk=$25.00)
2026-03-24 21:38:55  INFO      MT5Executor: Market order filled: ticket=7884642929 vol=0.05
2026-03-24 21:38:55  INFO      TradingGraph: Order placed: ticket=7884642929
2026-03-24 21:38:55  INFO      OrderManager: Created order order_1_20260324_213855 for EURUSD
2026-03-24 21:38:55  INFO      TradeJournal: TRADE  EURUSD           Direction.SHORT  qty=0.05  entry=1.16065  sl=1.16530  tp=1.15135  ticket=7884642929
2026-03-24 21:38:55  INFO      TradingRunner: Analysing GBPUSD …
2026-03-24 21:38:56  INFO      TradingGraph: Running agents for GBPUSD
2026-03-24 21:38:56  INFO      TradingGraph: Completed 7 agents
2026-03-24 21:38:56  INFO      TradingGraph: Fusing timeframe signals
2026-03-24 21:38:56  INFO      TradingGraph: Fusion: L=-0.407, M=-0.185, S=-0.193
2026-03-24 21:38:56  INFO      TradingGraph: Aligned [pullback-entry] (bearish) — proceeding [L=-0.407 M=-0.185 S=-0.193 breadth=-0.086]
2026-03-24 21:38:56  INFO      TradingGraph: Generating trading recipe
2026-03-24 21:38:56  INFO      TradingGraph: Generated recipe: SHORT_PULLBACK_ENTRY_GBPUSD
2026-03-24 21:38:56  INFO      TradingGraph: Risk check passed
2026-03-24 21:38:56  INFO      TradingGraph: Creating trade plan
2026-03-24 21:38:56  INFO      TradingGraph: Created trade plan: entry=1.3410, sl=1.3470, tp=1.3292
2026-03-24 21:38:56  INFO      TradingGraph: Executing trade for GBPUSD
2026-03-24 21:38:56  INFO      MT5Executor: GBPUSD: lots=0.04 (risk=$25.00)
2026-03-24 21:38:56  INFO      MT5Executor: Market order filled: ticket=7884643103 vol=0.04
2026-03-24 21:38:56  INFO      TradingGraph: Order placed: ticket=7884643103
2026-03-24 21:38:56  INFO      OrderManager: Created order order_2_20260324_213856 for GBPUSD
2026-03-24 21:38:56  INFO      TradeJournal: TRADE  GBPUSD           Direction.SHORT  qty=0.04  entry=1.34104  sl=1.34697  tp=1.32919  ticket=7884643103
2026-03-24 21:38:56  INFO      TradingRunner: Analysing USDJPY …
2026-03-24 21:38:57  INFO      TradingGraph: Running agents for USDJPY
2026-03-24 21:38:57  INFO      TradingGraph: Completed 7 agents
2026-03-24 21:38:57  INFO      TradingGraph: Fusing timeframe signals
2026-03-24 21:38:57  INFO      TradingGraph: Fusion: L=0.348, M=0.275, S=0.186
2026-03-24 21:38:57  INFO      TradingGraph: Timeframes not aligned — stopping (L=0.348 M=0.275 S=0.186)
2026-03-24 21:38:57  INFO      TradingRunner: Analysing USDCHF …
2026-03-24 21:38:57  INFO      TradingGraph: Running agents for USDCHF
2026-03-24 21:38:57  INFO      TradingGraph: Completed 7 agents
2026-03-24 21:38:57  INFO      TradingGraph: Fusing timeframe signals
2026-03-24 21:38:57  INFO      TradingGraph: Fusion: L=0.426, M=-0.549, S=0.288
2026-03-24 21:38:57  INFO      TradingGraph: Timeframes not aligned — stopping (L=0.426 M=-0.549 S=0.288)
2026-03-24 21:38:57  INFO      TradingRunner: Analysing AUDUSD …
2026-03-24 21:38:58  INFO      TradingGraph: Running agents for AUDUSD
2026-03-24 21:38:58  INFO      TradingGraph: Completed 7 agents
2026-03-24 21:38:58  INFO      TradingGraph: Fusing timeframe signals
2026-03-24 21:38:58  INFO      TradingGraph: Fusion: L=0.312, M=-0.017, S=-0.066
2026-03-24 21:38:58  INFO      TradingGraph: Timeframes not aligned — stopping (L=0.312 M=-0.017 S=-0.066)
2026-03-24 21:38:58  INFO      TradingRunner: Analysing USDCAD …
2026-03-24 21:38:58  INFO      TradingGraph: Running agents for USDCAD
2026-03-24 21:38:58  INFO      TradingGraph: Completed 7 agents
2026-03-24 21:38:58  INFO      TradingGraph: Fusing timeframe signals
2026-03-24 21:38:58  INFO      TradingGraph: Fusion: L=0.050, M=-0.258, S=0.217
2026-03-24 21:38:58  INFO      TradingGraph: Timeframes not aligned — stopping (L=0.050 M=-0.258 S=0.217)
2026-03-24 21:38:58  INFO      TradingRunner: Analysing NZDUSD …
2026-03-24 21:38:59  INFO      TradingGraph: Running agents for NZDUSD
2026-03-24 21:38:59  INFO      TradingGraph: Completed 7 agents
2026-03-24 21:38:59  INFO      TradingGraph: Fusing timeframe signals
2026-03-24 21:38:59  INFO      TradingGraph: Fusion: L=-0.440, M=-0.184, S=-0.023
2026-03-24 21:38:59  INFO      TradingGraph: Aligned [pullback-entry] (bearish) — proceeding [L=-0.440 M=-0.184 S=-0.023 breadth=-0.086]
2026-03-24 21:38:59  INFO      TradingGraph: Generating trading recipe
2026-03-24 21:38:59  INFO      TradingGraph: Generated recipe: SHORT_PULLBACK_ENTRY_NZDUSD
2026-03-24 21:38:59  INFO      TradingGraph: Risk check passed
2026-03-24 21:38:59  INFO      TradingGraph: Creating trade plan
2026-03-24 21:38:59  INFO      TradingGraph: Created trade plan: entry=0.5839, sl=0.5876, tp=0.5765
2026-03-24 21:38:59  INFO      TradingGraph: Executing trade for NZDUSD
2026-03-24 21:38:59  INFO      MT5Executor: NZDUSD: lots=0.07 (risk=$25.00)
2026-03-24 21:38:59  INFO      MT5Executor: Market order filled: ticket=7884643510 vol=0.07
2026-03-24 21:38:59  INFO      TradingGraph: Order placed: ticket=7884643510
2026-03-24 21:38:59  INFO      OrderManager: Created order order_3_20260324_213859 for NZDUSD
2026-03-24 21:38:59  INFO      TradeJournal: TRADE  NZDUSD           Direction.SHORT  qty=0.07  entry=0.58390  sl=0.58758  tp=0.57654  ticket=7884643510
2026-03-24 21:38:59  INFO      TradingRunner: Analysing XAUUSD …
2026-03-24 21:39:00  INFO      TradingGraph: Running agents for XAUUSD
2026-03-24 21:39:00  INFO      TradingGraph: Completed 7 agents
2026-03-24 21:39:00  INFO      TradingGraph: Fusing timeframe signals
2026-03-24 21:39:00  INFO      TradingGraph: Fusion: L=0.446, M=0.113, S=-0.084
2026-03-24 21:39:00  INFO      TradingGraph: Timeframes not aligned — stopping (mean-reversion blocked)
2026-03-24 21:39:01  INFO      TradingRunner: PnL — unrealized: +3.27  realized today: +0.00  total: +3.27
2026-03-24 21:39:01  INFO      TradingRunner: Cycle done in 7.7s — sleeping 292s
2026-03-24 21:43:54  INFO      TradingRunner: Analysing EURUSD …
2026-03-24 21:43:55  INFO      TradingGraph: Running agents for EURUSD
2026-03-24 21:43:55  INFO      TradingGraph: Completed 7 agents
2026-03-24 21:43:55  INFO      TradingGraph: Fusing timeframe signals
2026-03-24 21:43:55  INFO      TradingGraph: Fusion: L=-0.421, M=-0.198, S=-0.043
2026-03-24 21:43:55  INFO      TradingGraph: Aligned [pullback-entry] (bearish) — proceeding [L=-0.421 M=-0.198 S=-0.043 breadth=-0.086]
2026-03-24 21:43:55  INFO      TradingGraph: Generating trading recipe
2026-03-24 21:43:55  INFO      TradingGraph: Generated recipe: SHORT_PULLBACK_ENTRY_EURUSD
2026-03-24 21:43:55  INFO      TradingGraph: Risk check passed
2026-03-24 21:43:55  INFO      TradingGraph: Creating trade plan
2026-03-24 21:43:55  INFO      TradingGraph: Created trade plan: entry=1.1602, sl=1.1649, tp=1.1509
2026-03-24 21:43:55  INFO      TradingGraph: Executing trade for EURUSD
2026-03-24 21:43:55  INFO      MT5Executor: EURUSD: lots=0.05 (risk=$25.00)
2026-03-24 21:43:55  INFO      MT5Executor: Market order filled: ticket=7884739535 vol=0.05
2026-03-24 21:43:55  INFO      TradingGraph: Order placed: ticket=7884739535
2026-03-24 21:43:55  INFO      OrderManager: Created order order_4_20260324_214355 for EURUSD
2026-03-24 21:43:55  INFO      TradeJournal: TRADE  EURUSD           Direction.SHORT  qty=0.05  entry=1.16021  sl=1.16486  tp=1.15091  ticket=7884739535
2026-03-24 21:43:55  INFO      TradingRunner: Analysing GBPUSD …
2026-03-24 21:43:56  INFO      TradingGraph: Running agents for GBPUSD
2026-03-24 21:43:56  INFO      TradingGraph: Completed 7 agents
2026-03-24 21:43:56  INFO      TradingGraph: Fusing timeframe signals
2026-03-24 21:43:56  INFO      TradingGraph: Fusion: L=-0.407, M=-0.209, S=-0.193
2026-03-24 21:43:56  INFO      TradingGraph: Aligned [pullback-entry] (bearish) — proceeding [L=-0.407 M=-0.209 S=-0.193 breadth=-0.086]
2026-03-24 21:43:56  INFO      TradingGraph: Generating trading recipe
2026-03-24 21:43:56  INFO      TradingGraph: Generated recipe: SHORT_PULLBACK_ENTRY_GBPUSD
2026-03-24 21:43:56  INFO      TradingGraph: Risk check passed
2026-03-24 21:43:56  INFO      TradingGraph: Creating trade plan
2026-03-24 21:43:56  INFO      TradingGraph: Created trade plan: entry=1.3403, sl=1.3463, tp=1.3285
2026-03-24 21:43:56  INFO      TradingGraph: Executing trade for GBPUSD
2026-03-24 21:43:56  INFO      MT5Executor: GBPUSD: lots=0.04 (risk=$25.00)
2026-03-24 21:43:56  INFO      MT5Executor: Market order filled: ticket=7884739877 vol=0.04
2026-03-24 21:43:56  INFO      TradingGraph: Order placed: ticket=7884739877
2026-03-24 21:43:56  INFO      OrderManager: Created order order_5_20260324_214356 for GBPUSD
2026-03-24 21:43:56  INFO      TradeJournal: TRADE  GBPUSD           Direction.SHORT  qty=0.04  entry=1.34034  sl=1.34627  tp=1.32849  ticket=7884739877
2026-03-24 21:43:56  INFO      TradingRunner: Analysing USDJPY …
2026-03-24 21:43:57  INFO      TradingGraph: Running agents for USDJPY
2026-03-24 21:43:57  INFO      TradingGraph: Completed 7 agents
2026-03-24 21:43:57  INFO      TradingGraph: Fusing timeframe signals
2026-03-24 21:43:57  INFO      TradingGraph: Fusion: L=0.348, M=0.290, S=0.141
2026-03-24 21:43:57  INFO      TradingGraph: Timeframes not aligned — stopping (L=0.348 M=0.290 S=0.141)
2026-03-24 21:43:57  INFO      TradingRunner: Analysing USDCHF …
2026-03-24 21:43:57  INFO      TradingGraph: Running agents for USDCHF
2026-03-24 21:43:57  INFO      TradingGraph: Completed 7 agents
2026-03-24 21:43:57  INFO      TradingGraph: Fusing timeframe signals
2026-03-24 21:43:57  INFO      TradingGraph: Fusion: L=0.427, M=-0.536, S=0.236
2026-03-24 21:43:57  INFO      TradingGraph: Timeframes not aligned — stopping (L=0.427 M=-0.536 S=0.236)
2026-03-24 21:43:57  INFO      TradingRunner: Analysing AUDUSD …
2026-03-24 21:43:58  INFO      TradingGraph: Running agents for AUDUSD
2026-03-24 21:43:58  INFO      TradingGraph: Completed 7 agents
2026-03-24 21:43:58  INFO      TradingGraph: Fusing timeframe signals
2026-03-24 21:43:58  INFO      TradingGraph: Fusion: L=0.311, M=-0.018, S=-0.013
2026-03-24 21:43:58  INFO      TradingGraph: Timeframes not aligned — stopping (L=0.311 M=-0.018 S=-0.013)
2026-03-24 21:43:58  INFO      TradingRunner: Analysing USDCAD …
2026-03-24 21:43:58  INFO      TradingGraph: Running agents for USDCAD
2026-03-24 21:43:58  INFO      TradingGraph: Completed 7 agents
2026-03-24 21:43:58  INFO      TradingGraph: Fusing timeframe signals
2026-03-24 21:43:58  INFO      TradingGraph: Fusion: L=0.050, M=-0.243, S=0.141
2026-03-24 21:43:58  INFO      TradingGraph: Timeframes not aligned — stopping (L=0.050 M=-0.243 S=0.141)
2026-03-24 21:43:59  INFO      TradingRunner: Analysing NZDUSD …
2026-03-24 21:43:59  INFO      TradingGraph: Running agents for NZDUSD
2026-03-24 21:43:59  INFO      TradingGraph: Completed 7 agents
2026-03-24 21:43:59  INFO      TradingGraph: Fusing timeframe signals
2026-03-24 21:43:59  INFO      TradingGraph: Fusion: L=-0.441, M=-0.210, S=0.026
2026-03-24 21:43:59  INFO      TradingGraph: Aligned [pullback-entry] (bearish) — proceeding [L=-0.441 M=-0.210 S=0.026 breadth=-0.086]
2026-03-24 21:43:59  INFO      TradingGraph: Generating trading recipe
2026-03-24 21:43:59  INFO      TradingGraph: Generated recipe: SHORT_PULLBACK_ENTRY_NZDUSD
2026-03-24 21:43:59  INFO      TradingGraph: Risk check passed
2026-03-24 21:43:59  INFO      TradingGraph: Creating trade plan
2026-03-24 21:43:59  INFO      TradingGraph: Created trade plan: entry=0.5833, sl=0.5870, tp=0.5759
2026-03-24 21:43:59  INFO      TradingGraph: Executing trade for NZDUSD
2026-03-24 21:43:59  INFO      MT5Executor: NZDUSD: lots=0.07 (risk=$25.00)
2026-03-24 21:43:59  INFO      MT5Executor: Market order filled: ticket=7884740730 vol=0.07
2026-03-24 21:43:59  INFO      TradingGraph: Order placed: ticket=7884740730
2026-03-24 21:43:59  INFO      OrderManager: Created order order_6_20260324_214359 for NZDUSD
2026-03-24 21:43:59  INFO      TradeJournal: TRADE  NZDUSD           Direction.SHORT  qty=0.07  entry=0.58327  sl=0.58695  tp=0.57591  ticket=7884740730
2026-03-24 21:43:59  INFO      TradingRunner: Analysing XAUUSD …
2026-03-24 21:44:00  INFO      TradingGraph: Running agents for XAUUSD
2026-03-24 21:44:00  INFO      TradingGraph: Completed 7 agents
2026-03-24 21:44:00  INFO      TradingGraph: Fusing timeframe signals
2026-03-24 21:44:00  INFO      TradingGraph: Fusion: L=0.446, M=0.109, S=-0.046
2026-03-24 21:44:00  INFO      TradingGraph: Aligned [pullback-entry] (bullish) — proceeding [L=0.446 M=0.109 S=-0.046 breadth=-0.086]
2026-03-24 21:44:00  INFO      TradingGraph: Generating trading recipe
2026-03-24 21:44:00  INFO      TradingGraph: Generated recipe: LONG_PULLBACK_ENTRY_XAUUSD
2026-03-24 21:44:00  INFO      TradingGraph: Risk check passed
2026-03-24 21:44:00  INFO      TradingGraph: Creating trade plan
2026-03-24 21:44:00  INFO      TradingGraph: Created trade plan: entry=4453.6900, sl=4348.0243, tp=4665.0213
2026-03-24 21:44:00  INFO      TradingGraph: Executing trade for XAUUSD
2026-03-24 21:44:00  INFO      MT5Executor: XAUUSD: lots=0.01 (risk=$25.00)
2026-03-24 21:44:00  INFO      MT5Executor: Market order filled: ticket=7884740917 vol=0.01
2026-03-24 21:44:00  INFO      TradingGraph: Order placed: ticket=7884740917
2026-03-24 21:44:00  INFO      OrderManager: Created order order_7_20260324_214400 for XAUUSD
2026-03-24 21:44:00  INFO      TradeJournal: TRADE  XAUUSD           Direction.LONG  qty=0.01  entry=4453.69000  sl=4348.02434  tp=4665.02132  ticket=7884740917
2026-03-24 21:44:04  INFO      TradingRunner: PnL — unrealized: +0.11  realized today: +0.00  total: +0.11
2026-03-24 21:44:04  INFO      TradingRunner: Cycle done in 10.2s — sleeping 290s
2026-03-24 21:44:20  INFO      TradingRunner: Shutdown signal received — stopping after current cycle
2026-03-24 21:44:20  INFO      MT5Executor: MT5 connection closed
2026-03-24 22:05:48  INFO      MT5Executor: Using mt5linux backend → localhost:18812
2026-03-24 22:05:49  INFO      MT5Executor: Connected to MT5: 104910563 on MetaQuotes-Demo | balance=100000.0 | trade_allowed=True
2026-03-24 22:05:49  INFO      root: Registered agent: RegimeAgent
2026-03-24 22:05:49  INFO      root: Registered agent: TrendAgent
2026-03-24 22:05:49  INFO      root: Registered agent: MomentumAgent
2026-03-24 22:05:49  INFO      root: Registered agent: MeanReversionAgent
2026-03-24 22:05:49  INFO      root: Registered agent: VolatilityAgent
2026-03-24 22:05:49  INFO      root: Registered agent: BreadthAgent
2026-03-24 22:05:49  INFO      root: Registered agent: PatternAgent
2026-03-24 22:05:49  INFO      TradingRunner: TradingRunner started — symbols: ['EURUSD', 'GBPUSD', 'USDJPY', 'USDCHF', 'AUDUSD', 'USDCAD', 'NZDUSD', 'XAUUSD'], interval: 300s
2026-03-24 22:05:50  INFO      TradingGraph: Running agents for EURUSD
2026-03-24 22:05:50  INFO      TradingGraph: Completed 7 agents
2026-03-24 22:05:50  INFO      TradingGraph: Fusing timeframe signals
2026-03-24 22:05:50  INFO      TradingGraph: Fusion: L=-0.420, M=0.018, S=0.001
2026-03-24 22:05:50  INFO      TradingGraph: Running agents for GBPUSD
2026-03-24 22:05:50  INFO      TradingGraph: Completed 7 agents
2026-03-24 22:05:50  INFO      TradingGraph: Fusing timeframe signals
2026-03-24 22:05:50  INFO      TradingGraph: Fusion: L=-0.407, M=-0.184, S=-0.147
2026-03-24 22:05:50  INFO      TradingGraph: Running agents for NZDUSD
2026-03-24 22:05:50  INFO      TradingGraph: Completed 7 agents
2026-03-24 22:05:50  INFO      TradingGraph: Fusing timeframe signals
2026-03-24 22:05:50  INFO      TradingGraph: Fusion: L=-0.440, M=-0.024, S=-0.002
2026-03-24 22:05:51  INFO      TradingGraph: Running agents for XAUUSD
2026-03-24 22:05:51  INFO      TradingGraph: Completed 7 agents
2026-03-24 22:05:51  INFO      TradingGraph: Fusing timeframe signals
2026-03-24 22:05:51  INFO      TradingGraph: Fusion: L=0.446, M=0.115, S=-0.083
2026-03-24 22:05:51  INFO      TradingGraph: Running agents for EURUSD
2026-03-24 22:05:51  INFO      TradingGraph: Completed 7 agents
2026-03-24 22:05:51  INFO      TradingGraph: Fusing timeframe signals
2026-03-24 22:05:51  INFO      TradingGraph: Fusion: L=-0.420, M=0.018, S=0.001
2026-03-24 22:05:51  INFO      TradingGraph: Running agents for GBPUSD
2026-03-24 22:05:51  INFO      TradingGraph: Completed 7 agents
2026-03-24 22:05:51  INFO      TradingGraph: Fusing timeframe signals
2026-03-24 22:05:51  INFO      TradingGraph: Fusion: L=-0.407, M=-0.184, S=-0.147
2026-03-24 22:05:52  INFO      TradingGraph: Running agents for NZDUSD
2026-03-24 22:05:52  INFO      TradingGraph: Completed 7 agents
2026-03-24 22:05:52  INFO      TradingGraph: Fusing timeframe signals
2026-03-24 22:05:52  INFO      TradingGraph: Fusion: L=-0.440, M=-0.024, S=-0.002
2026-03-24 22:05:52  INFO      TradingGraph: Running agents for EURUSD
2026-03-24 22:05:52  INFO      TradingGraph: Completed 7 agents
2026-03-24 22:05:52  INFO      TradingGraph: Fusing timeframe signals
2026-03-24 22:05:52  INFO      TradingGraph: Fusion: L=-0.420, M=0.018, S=0.001
2026-03-24 22:05:53  INFO      TradingGraph: Running agents for GBPUSD
2026-03-24 22:05:53  INFO      TradingGraph: Completed 7 agents
2026-03-24 22:05:53  INFO      TradingGraph: Fusing timeframe signals
2026-03-24 22:05:53  INFO      TradingGraph: Fusion: L=-0.407, M=-0.184, S=-0.147
2026-03-24 22:05:53  INFO      TradingGraph: Running agents for NZDUSD
2026-03-24 22:05:53  INFO      TradingGraph: Completed 7 agents
2026-03-24 22:05:53  INFO      TradingGraph: Fusing timeframe signals
2026-03-24 22:05:53  INFO      TradingGraph: Fusion: L=-0.440, M=-0.024, S=-0.002
2026-03-24 22:05:54  INFO      TradingGraph: Running agents for XAUUSD
2026-03-24 22:05:54  INFO      TradingGraph: Completed 7 agents
2026-03-24 22:05:54  INFO      TradingGraph: Fusing timeframe signals
2026-03-24 22:05:54  INFO      TradingGraph: Fusion: L=0.446, M=0.115, S=-0.083
2026-03-24 22:05:55  INFO      TradingRunner: Analysing EURUSD …
2026-03-24 22:05:55  INFO      TradingGraph: Running agents for EURUSD
2026-03-24 22:05:55  INFO      TradingGraph: Completed 7 agents
2026-03-24 22:05:55  INFO      TradingGraph: Fusing timeframe signals
2026-03-24 22:05:55  INFO      TradingGraph: Fusion: L=-0.420, M=0.018, S=0.001
2026-03-24 22:05:55  INFO      TradingGraph: Aligned [pullback-entry] (bearish) — proceeding [L=-0.420 M=0.018 S=0.001 breadth=-0.086]
2026-03-24 22:05:55  INFO      TradingGraph: Generating trading recipe
2026-03-24 22:05:55  INFO      TradingGraph: Generated recipe: SHORT_PULLBACK_ENTRY_EURUSD
2026-03-24 22:05:55  INFO      TradingGraph: Risk check passed
2026-03-24 22:05:55  INFO      TradingGraph: Creating trade plan
2026-03-24 22:05:55  INFO      TradingGraph: Created trade plan: entry=1.1605, sl=1.1649, tp=1.1517
2026-03-24 22:05:55  INFO      TradingGraph: Executing trade for EURUSD
2026-03-24 22:05:55  INFO      MT5Executor: EURUSD: lots=0.06 (risk=$25.00)
2026-03-24 22:05:55  INFO      MT5Executor: Market order filled: ticket=7884964003 vol=0.06
2026-03-24 22:05:55  INFO      TradingGraph: Order placed: ticket=7884964003
2026-03-24 22:05:55  INFO      OrderManager: Created order order_1_20260324_220555 for EURUSD
2026-03-24 22:05:55  INFO      TradeJournal: TRADE  EURUSD           Direction.SHORT  qty=0.06  entry=1.16049  sl=1.16489  tp=1.15168  ticket=7884964003
2026-03-24 22:05:55  INFO      TradingRunner: Analysing GBPUSD …
2026-03-24 22:05:56  INFO      TradingGraph: Running agents for GBPUSD
2026-03-24 22:05:56  INFO      TradingGraph: Completed 7 agents
2026-03-24 22:05:56  INFO      TradingGraph: Fusing timeframe signals
2026-03-24 22:05:56  INFO      TradingGraph: Fusion: L=-0.407, M=-0.184, S=-0.147
2026-03-24 22:05:56  INFO      TradingGraph: Aligned [pullback-entry] (bearish) — proceeding [L=-0.407 M=-0.184 S=-0.147 breadth=-0.086]
2026-03-24 22:05:56  INFO      TradingGraph: Generating trading recipe
2026-03-24 22:05:56  INFO      TradingGraph: Generated recipe: SHORT_PULLBACK_ENTRY_GBPUSD
2026-03-24 22:05:56  INFO      TradingGraph: Risk check passed
2026-03-24 22:05:56  INFO      TradingGraph: Creating trade plan
2026-03-24 22:05:56  INFO      TradingGraph: Created trade plan: entry=1.3404, sl=1.3460, tp=1.3291
2026-03-24 22:05:56  INFO      TradingGraph: Executing trade for GBPUSD
2026-03-24 22:05:56  INFO      MT5Executor: GBPUSD: lots=0.04 (risk=$25.00)
2026-03-24 22:05:56  INFO      MT5Executor: Market order filled: ticket=7884964012 vol=0.04
2026-03-24 22:05:56  INFO      TradingGraph: Order placed: ticket=7884964012
2026-03-24 22:05:56  INFO      OrderManager: Created order order_2_20260324_220556 for GBPUSD
2026-03-24 22:05:56  INFO      TradeJournal: TRADE  GBPUSD           Direction.SHORT  qty=0.04  entry=1.34038  sl=1.34601  tp=1.32912  ticket=7884964012
2026-03-24 22:05:56  INFO      TradingRunner: Analysing USDJPY …
2026-03-24 22:05:56  INFO      TradingGraph: Running agents for USDJPY
2026-03-24 22:05:56  INFO      TradingGraph: Completed 7 agents
2026-03-24 22:05:56  INFO      TradingGraph: Fusing timeframe signals
2026-03-24 22:05:56  INFO      TradingGraph: Fusion: L=0.348, M=0.274, S=0.183
2026-03-24 22:05:56  INFO      TradingGraph: Aligned [full-alignment] (bullish) — proceeding [L=0.348 M=0.274 S=0.183 breadth=-0.086]
2026-03-24 22:05:56  INFO      TradingGraph: Generating trading recipe
2026-03-24 22:05:56  INFO      TradingGraph: Generated recipe: LONG_FULL_ALIGNMENT_USDJPY
2026-03-24 22:05:56  INFO      TradingGraph: Risk check passed
2026-03-24 22:05:56  INFO      TradingGraph: Creating trade plan
2026-03-24 22:05:56  INFO      TradingGraph: Created trade plan: entry=158.7170, sl=158.2348, tp=159.6813
2026-03-24 22:05:56  INFO      TradingGraph: Executing trade for USDJPY
2026-03-24 22:05:56  INFO      MT5Executor: USDJPY: lots=0.01 (risk=$25.00)
2026-03-24 22:05:56  INFO      MT5Executor: Market order filled: ticket=7884964015 vol=0.01
2026-03-24 22:05:56  INFO      TradingGraph: Order placed: ticket=7884964015
2026-03-24 22:05:56  INFO      OrderManager: Created order order_3_20260324_220556 for USDJPY
2026-03-24 22:05:56  INFO      TradeJournal: TRADE  USDJPY           Direction.LONG  qty=0.01  entry=158.71700  sl=158.23484  tp=159.68132  ticket=7884964015
2026-03-24 22:05:56  INFO      TradingRunner: Analysing USDCHF …
2026-03-24 22:05:57  INFO      TradingGraph: Running agents for USDCHF
2026-03-24 22:05:57  INFO      TradingGraph: Completed 7 agents
2026-03-24 22:05:57  INFO      TradingGraph: Fusing timeframe signals
2026-03-24 22:05:57  INFO      TradingGraph: Fusion: L=0.426, M=-0.721, S=0.287
2026-03-24 22:05:57  INFO      TradingGraph: Timeframes not aligned — stopping (L=0.426 M=-0.721 S=0.287)
2026-03-24 22:05:57  INFO      TradingRunner: Analysing AUDUSD …
2026-03-24 22:05:57  INFO      TradingGraph: Running agents for AUDUSD
2026-03-24 22:05:57  INFO      TradingGraph: Completed 7 agents
2026-03-24 22:05:57  INFO      TradingGraph: Fusing timeframe signals
2026-03-24 22:05:57  INFO      TradingGraph: Fusion: L=0.311, M=-0.017, S=0.131
2026-03-24 22:05:57  INFO      TradingGraph: Aligned [pullback-entry] (bullish) — proceeding [L=0.311 M=-0.017 S=0.131 breadth=-0.086]
2026-03-24 22:05:57  INFO      TradingGraph: Generating trading recipe
2026-03-24 22:05:57  INFO      TradingGraph: Generated recipe: LONG_PULLBACK_ENTRY_AUDUSD
2026-03-24 22:05:57  INFO      TradingGraph: Risk check passed
2026-03-24 22:05:57  INFO      TradingGraph: Creating trade plan
2026-03-24 22:05:57  INFO      TradingGraph: Created trade plan: entry=0.6993, sl=0.6946, tp=0.7086
2026-03-24 22:05:57  INFO      TradingGraph: Executing trade for AUDUSD
2026-03-24 22:05:57  INFO      MT5Executor: AUDUSD: lots=0.05 (risk=$25.00)
2026-03-24 22:05:57  INFO      MT5Executor: Market order filled: ticket=7884964024 vol=0.05
2026-03-24 22:05:57  INFO      TradingGraph: Order placed: ticket=7884964024
2026-03-24 22:05:57  INFO      OrderManager: Created order order_4_20260324_220557 for AUDUSD
2026-03-24 22:05:57  INFO      TradeJournal: TRADE  AUDUSD           Direction.LONG  qty=0.05  entry=0.69928  sl=0.69462  tp=0.70860  ticket=7884964024
2026-03-24 22:05:57  INFO      TradingRunner: Analysing USDCAD …
2026-03-24 22:05:58  INFO      TradingGraph: Running agents for USDCAD
2026-03-24 22:05:58  INFO      TradingGraph: Completed 7 agents
2026-03-24 22:05:58  INFO      TradingGraph: Fusing timeframe signals
2026-03-24 22:05:58  INFO      TradingGraph: Fusion: L=0.050, M=-0.244, S=0.140
2026-03-24 22:05:58  INFO      TradingGraph: Timeframes not aligned — stopping (L=0.050 M=-0.244 S=0.140)
2026-03-24 22:05:58  INFO      TradingRunner: Analysing NZDUSD …
2026-03-24 22:05:58  INFO      TradingGraph: Running agents for NZDUSD
2026-03-24 22:05:58  INFO      TradingGraph: Completed 7 agents
2026-03-24 22:05:58  INFO      TradingGraph: Fusing timeframe signals
2026-03-24 22:05:58  INFO      TradingGraph: Fusion: L=-0.440, M=-0.024, S=-0.002
2026-03-24 22:05:58  INFO      TradingGraph: Aligned [pullback-entry] (bearish) — proceeding [L=-0.440 M=-0.024 S=-0.002 breadth=-0.086]
2026-03-24 22:05:58  INFO      TradingGraph: Generating trading recipe
2026-03-24 22:05:58  INFO      TradingGraph: Generated recipe: SHORT_PULLBACK_ENTRY_NZDUSD
2026-03-24 22:05:58  INFO      TradingGraph: Risk check passed
2026-03-24 22:05:58  INFO      TradingGraph: Creating trade plan
2026-03-24 22:05:59  INFO      TradingGraph: Created trade plan: entry=0.5834, sl=0.5868, tp=0.5765
2026-03-24 22:05:59  INFO      TradingGraph: Executing trade for NZDUSD
2026-03-24 22:05:59  INFO      MT5Executor: NZDUSD: lots=0.07 (risk=$25.00)
2026-03-24 22:05:59  INFO      MT5Executor: Market order filled: ticket=7884964050 vol=0.07
2026-03-24 22:05:59  INFO      TradingGraph: Order placed: ticket=7884964050
2026-03-24 22:05:59  INFO      OrderManager: Created order order_5_20260324_220559 for NZDUSD
2026-03-24 22:05:59  INFO      TradeJournal: TRADE  NZDUSD           Direction.SHORT  qty=0.07  entry=0.58340  sl=0.58683  tp=0.57654  ticket=7884964050
2026-03-24 22:05:59  INFO      TradingRunner: Analysing XAUUSD …
2026-03-24 22:05:59  INFO      TradingGraph: Running agents for XAUUSD
2026-03-24 22:05:59  INFO      TradingGraph: Completed 7 agents
2026-03-24 22:05:59  INFO      TradingGraph: Fusing timeframe signals
2026-03-24 22:05:59  INFO      TradingGraph: Fusion: L=0.446, M=0.115, S=-0.083
2026-03-24 22:05:59  INFO      TradingGraph: Timeframes not aligned — stopping (mean-reversion blocked)
2026-03-24 22:06:03  INFO      TradingRunner: PnL — unrealized: +13.01  realized today: +0.00  total: +13.01
2026-03-24 22:06:03  INFO      TradingRunner: Cycle done in 14.5s — sleeping 285s
2026-03-24 22:10:50  INFO      TradingGraph: Running agents for EURUSD
2026-03-24 22:10:50  INFO      TradingGraph: Completed 7 agents
2026-03-24 22:10:50  INFO      TradingGraph: Fusing timeframe signals
2026-03-24 22:10:50  INFO      TradingGraph: Fusion: L=-0.420, M=0.019, S=-0.013
2026-03-24 22:10:51  INFO      TradingGraph: Running agents for GBPUSD
2026-03-24 22:10:51  INFO      TradingGraph: Completed 7 agents
2026-03-24 22:10:51  INFO      TradingGraph: Fusing timeframe signals
2026-03-24 22:10:51  INFO      TradingGraph: Fusion: L=-0.407, M=-0.184, S=-0.147
2026-03-24 22:10:51  INFO      TradingGraph: Running agents for NZDUSD
2026-03-24 22:10:51  INFO      TradingGraph: Completed 7 agents
2026-03-24 22:10:51  INFO      TradingGraph: Fusing timeframe signals
2026-03-24 22:10:51  INFO      TradingGraph: Fusion: L=-0.440, M=-0.024, S=-0.002
2026-03-24 22:10:52  INFO      TradingGraph: Running agents for XAUUSD
2026-03-24 22:10:52  INFO      TradingGraph: Completed 7 agents
2026-03-24 22:10:52  INFO      TradingGraph: Fusing timeframe signals
2026-03-24 22:10:52  INFO      TradingGraph: Fusion: L=0.446, M=0.115, S=-0.083
2026-03-24 22:10:52  INFO      TradingGraph: Running agents for EURUSD
2026-03-24 22:10:52  INFO      TradingGraph: Completed 7 agents
2026-03-24 22:10:52  INFO      TradingGraph: Fusing timeframe signals
2026-03-24 22:10:52  INFO      TradingGraph: Fusion: L=-0.420, M=0.019, S=-0.013
2026-03-24 22:10:52  INFO      TradingGraph: Running agents for GBPUSD
2026-03-24 22:10:52  INFO      TradingGraph: Completed 7 agents
2026-03-24 22:10:52  INFO      TradingGraph: Fusing timeframe signals
2026-03-24 22:10:52  INFO      TradingGraph: Fusion: L=-0.407, M=-0.184, S=-0.147
2026-03-24 22:10:53  INFO      TradingGraph: Running agents for NZDUSD
2026-03-24 22:10:53  INFO      TradingGraph: Completed 7 agents
2026-03-24 22:10:53  INFO      TradingGraph: Fusing timeframe signals
2026-03-24 22:10:53  INFO      TradingGraph: Fusion: L=-0.440, M=-0.024, S=-0.002
2026-03-24 22:10:53  INFO      TradingGraph: Running agents for EURUSD
2026-03-24 22:10:53  INFO      TradingGraph: Completed 7 agents
2026-03-24 22:10:53  INFO      TradingGraph: Fusing timeframe signals
2026-03-24 22:10:53  INFO      TradingGraph: Fusion: L=-0.420, M=0.019, S=-0.013
2026-03-24 22:10:54  INFO      TradingGraph: Running agents for GBPUSD
2026-03-24 22:10:54  INFO      TradingGraph: Completed 7 agents
2026-03-24 22:10:54  INFO      TradingGraph: Fusing timeframe signals
2026-03-24 22:10:54  INFO      TradingGraph: Fusion: L=-0.407, M=-0.184, S=-0.147
2026-03-24 22:10:54  INFO      TradingGraph: Running agents for NZDUSD
2026-03-24 22:10:54  INFO      TradingGraph: Completed 7 agents
2026-03-24 22:10:54  INFO      TradingGraph: Fusing timeframe signals
2026-03-24 22:10:54  INFO      TradingGraph: Fusion: L=-0.440, M=-0.024, S=-0.002
2026-03-24 22:10:54  INFO      TradingGraph: Running agents for XAUUSD
2026-03-24 22:10:54  INFO      TradingGraph: Completed 7 agents
2026-03-24 22:10:55  INFO      TradingGraph: Fusing timeframe signals
2026-03-24 22:10:55  INFO      TradingGraph: Fusion: L=0.446, M=0.115, S=-0.083
2026-03-24 22:10:55  INFO      TradingGraph: Running agents for EURUSD
2026-03-24 22:10:55  INFO      TradingGraph: Completed 7 agents
2026-03-24 22:10:55  INFO      TradingGraph: Fusing timeframe signals
2026-03-24 22:10:55  INFO      TradingGraph: Fusion: L=-0.420, M=0.019, S=-0.013
2026-03-24 22:10:55  INFO      TradingGraph: Running agents for GBPUSD
2026-03-24 22:10:55  INFO      TradingGraph: Completed 7 agents
2026-03-24 22:10:55  INFO      TradingGraph: Fusing timeframe signals
2026-03-24 22:10:55  INFO      TradingGraph: Fusion: L=-0.407, M=-0.184, S=-0.147
2026-03-24 22:10:56  INFO      TradingGraph: Running agents for USDJPY
2026-03-24 22:10:56  INFO      TradingGraph: Completed 7 agents
2026-03-24 22:10:56  INFO      TradingGraph: Fusing timeframe signals
2026-03-24 22:10:56  INFO      TradingGraph: Fusion: L=0.348, M=0.274, S=0.183
2026-03-24 22:10:56  INFO      TradingGraph: Running agents for AUDUSD
2026-03-24 22:10:56  INFO      TradingGraph: Completed 7 agents
2026-03-24 22:10:56  INFO      TradingGraph: Fusing timeframe signals
2026-03-24 22:10:56  INFO      TradingGraph: Fusion: L=0.311, M=-0.017, S=0.131
2026-03-24 22:10:57  INFO      TradingGraph: Running agents for NZDUSD
2026-03-24 22:10:57  INFO      TradingGraph: Completed 7 agents
2026-03-24 22:10:57  INFO      TradingGraph: Fusing timeframe signals
2026-03-24 22:10:57  INFO      TradingGraph: Fusion: L=-0.440, M=-0.024, S=-0.002
2026-03-24 22:10:58  INFO      TradingRunner: Analysing EURUSD …
2026-03-24 22:10:59  INFO      TradingGraph: Running agents for EURUSD
2026-03-24 22:10:59  INFO      TradingGraph: Completed 7 agents
2026-03-24 22:10:59  INFO      TradingGraph: Fusing timeframe signals
2026-03-24 22:10:59  INFO      TradingGraph: Fusion: L=-0.420, M=0.019, S=-0.013
2026-03-24 22:10:59  INFO      TradingGraph: Aligned [pullback-entry] (bearish) — proceeding [L=-0.420 M=0.019 S=-0.013 breadth=-0.086]
2026-03-24 22:10:59  INFO      TradingGraph: Generating trading recipe
2026-03-24 22:10:59  INFO      TradingGraph: Generated recipe: SHORT_PULLBACK_ENTRY_EURUSD
2026-03-24 22:10:59  INFO      TradingGraph: Risk check passed
2026-03-24 22:10:59  INFO      TradingGraph: Creating trade plan
2026-03-24 22:10:59  INFO      TradingGraph: Created trade plan: entry=1.1607, sl=1.1651, tp=1.1519
2026-03-24 22:10:59  INFO      TradingGraph: Executing trade for EURUSD
2026-03-24 22:10:59  INFO      MT5Executor: EURUSD: lots=0.06 (risk=$25.00)
2026-03-24 22:10:59  INFO      MT5Executor: Market order filled: ticket=7884970383 vol=0.06
2026-03-24 22:10:59  INFO      TradingGraph: Order placed: ticket=7884970383
2026-03-24 22:10:59  INFO      OrderManager: Created order order_6_20260324_221059 for EURUSD
2026-03-24 22:10:59  INFO      TradeJournal: TRADE  EURUSD           Direction.SHORT  qty=0.06  entry=1.16072  sl=1.16514  tp=1.15188  ticket=7884970383
2026-03-24 22:10:59  INFO      TradingRunner: Analysing GBPUSD …
2026-03-24 22:10:59  INFO      TradingGraph: Running agents for GBPUSD
2026-03-24 22:10:59  INFO      TradingGraph: Completed 7 agents
2026-03-24 22:10:59  INFO      TradingGraph: Fusing timeframe signals
2026-03-24 22:10:59  INFO      TradingGraph: Fusion: L=-0.407, M=-0.184, S=-0.147
2026-03-24 22:10:59  INFO      TradingGraph: Aligned [pullback-entry] (bearish) — proceeding [L=-0.407 M=-0.184 S=-0.147 breadth=-0.086]
2026-03-24 22:10:59  INFO      TradingGraph: Generating trading recipe
2026-03-24 22:10:59  INFO      TradingGraph: Generated recipe: SHORT_PULLBACK_ENTRY_GBPUSD
2026-03-24 22:10:59  INFO      TradingGraph: Risk check passed
2026-03-24 22:10:59  INFO      TradingGraph: Creating trade plan
2026-03-24 22:11:00  INFO      TradingGraph: Created trade plan: entry=1.3404, sl=1.3461, tp=1.3292
2026-03-24 22:11:00  INFO      TradingGraph: Executing trade for GBPUSD
2026-03-24 22:11:00  INFO      MT5Executor: GBPUSD: lots=0.04 (risk=$25.00)
2026-03-24 22:11:00  INFO      MT5Executor: Market order filled: ticket=7884970388 vol=0.04
2026-03-24 22:11:00  INFO      TradingGraph: Order placed: ticket=7884970388
2026-03-24 22:11:00  INFO      OrderManager: Created order order_7_20260324_221100 for GBPUSD
2026-03-24 22:11:00  INFO      TradeJournal: TRADE  GBPUSD           Direction.SHORT  qty=0.04  entry=1.34042  sl=1.34605  tp=1.32916  ticket=7884970388
2026-03-24 22:11:00  INFO      TradingRunner: Analysing USDJPY …
2026-03-24 22:11:00  INFO      TradingGraph: Running agents for USDJPY
2026-03-24 22:11:00  INFO      TradingGraph: Completed 7 agents
2026-03-24 22:11:00  INFO      TradingGraph: Fusing timeframe signals
2026-03-24 22:11:00  INFO      TradingGraph: Fusion: L=0.348, M=0.274, S=0.183
2026-03-24 22:11:00  INFO      TradingGraph: Aligned [full-alignment] (bullish) — proceeding [L=0.348 M=0.274 S=0.183 breadth=-0.086]
2026-03-24 22:11:00  INFO      TradingGraph: Generating trading recipe
2026-03-24 22:11:00  INFO      TradingGraph: Generated recipe: LONG_FULL_ALIGNMENT_USDJPY
2026-03-24 22:11:00  INFO      TradingGraph: Risk check passed
2026-03-24 22:11:00  INFO      TradingGraph: Creating trade plan
2026-03-24 22:11:01  INFO      TradingGraph: Created trade plan: entry=158.7240, sl=158.2417, tp=159.6886
2026-03-24 22:11:01  INFO      TradingGraph: Executing trade for USDJPY
2026-03-24 22:11:01  INFO      MT5Executor: USDJPY: lots=0.01 (risk=$25.00)
2026-03-24 22:11:01  INFO      MT5Executor: Market order filled: ticket=7884970393 vol=0.01
2026-03-24 22:11:01  INFO      TradingGraph: Order placed: ticket=7884970393
2026-03-24 22:11:01  INFO      OrderManager: Created order order_8_20260324_221101 for USDJPY
2026-03-24 22:11:01  INFO      TradeJournal: TRADE  USDJPY           Direction.LONG  qty=0.01  entry=158.72400  sl=158.24169  tp=159.68861  ticket=7884970393
2026-03-24 22:11:01  INFO      TradingRunner: Analysing USDCHF …
2026-03-24 22:11:01  INFO      TradingGraph: Running agents for USDCHF
2026-03-24 22:11:01  INFO      TradingGraph: Completed 7 agents
2026-03-24 22:11:01  INFO      TradingGraph: Fusing timeframe signals
2026-03-24 22:11:01  INFO      TradingGraph: Fusion: L=0.426, M=-0.721, S=0.287
2026-03-24 22:11:01  INFO      TradingGraph: Timeframes not aligned — stopping (L=0.426 M=-0.721 S=0.287)
2026-03-24 22:11:01  INFO      TradingRunner: Analysing AUDUSD …
2026-03-24 22:11:01  INFO      TradingGraph: Running agents for AUDUSD
2026-03-24 22:11:01  INFO      TradingGraph: Completed 7 agents
2026-03-24 22:11:01  INFO      TradingGraph: Fusing timeframe signals
2026-03-24 22:11:01  INFO      TradingGraph: Fusion: L=0.311, M=-0.017, S=0.131
2026-03-24 22:11:01  INFO      TradingGraph: Aligned [pullback-entry] (bullish) — proceeding [L=0.311 M=-0.017 S=0.131 breadth=-0.086]
2026-03-24 22:11:01  INFO      TradingGraph: Generating trading recipe
2026-03-24 22:11:01  INFO      TradingGraph: Generated recipe: LONG_PULLBACK_ENTRY_AUDUSD
2026-03-24 22:11:01  INFO      TradingGraph: Risk check passed
2026-03-24 22:11:01  INFO      TradingGraph: Creating trade plan
2026-03-24 22:11:02  INFO      TradingGraph: Created trade plan: entry=0.6993, sl=0.6946, tp=0.7086
2026-03-24 22:11:02  INFO      TradingGraph: Executing trade for AUDUSD
2026-03-24 22:11:02  INFO      MT5Executor: AUDUSD: lots=0.05 (risk=$25.00)
2026-03-24 22:11:02  INFO      MT5Executor: Market order filled: ticket=7884970411 vol=0.05
2026-03-24 22:11:02  INFO      TradingGraph: Order placed: ticket=7884970411
2026-03-24 22:11:02  INFO      OrderManager: Created order order_9_20260324_221102 for AUDUSD
2026-03-24 22:11:02  INFO      TradeJournal: TRADE  AUDUSD           Direction.LONG  qty=0.05  entry=0.69926  sl=0.69460  tp=0.70858  ticket=7884970411
2026-03-24 22:11:02  INFO      TradingRunner: Analysing USDCAD …
2026-03-24 22:11:02  INFO      TradingGraph: Running agents for USDCAD
2026-03-24 22:11:02  INFO      TradingGraph: Completed 7 agents
2026-03-24 22:11:02  INFO      TradingGraph: Fusing timeframe signals
2026-03-24 22:11:02  INFO      TradingGraph: Fusion: L=0.050, M=-0.244, S=0.140
2026-03-24 22:11:02  INFO      TradingGraph: Timeframes not aligned — stopping (L=0.050 M=-0.244 S=0.140)
2026-03-24 22:11:02  INFO      TradingRunner: Analysing NZDUSD …
2026-03-24 22:11:03  INFO      TradingGraph: Running agents for NZDUSD
2026-03-24 22:11:03  INFO      TradingGraph: Completed 7 agents
2026-03-24 22:11:03  INFO      TradingGraph: Fusing timeframe signals
2026-03-24 22:11:03  INFO      TradingGraph: Fusion: L=-0.440, M=-0.024, S=-0.002
2026-03-24 22:11:03  INFO      TradingGraph: Aligned [pullback-entry] (bearish) — proceeding [L=-0.440 M=-0.024 S=-0.002 breadth=-0.086]
2026-03-24 22:11:03  INFO      TradingGraph: Generating trading recipe
2026-03-24 22:11:03  INFO      TradingGraph: Generated recipe: SHORT_PULLBACK_ENTRY_NZDUSD
2026-03-24 22:11:03  INFO      TradingGraph: Risk check passed
2026-03-24 22:11:03  INFO      TradingGraph: Creating trade plan
2026-03-24 22:11:03  INFO      TradingGraph: Created trade plan: entry=0.5834, sl=0.5868, tp=0.5765
2026-03-24 22:11:03  INFO      TradingGraph: Executing trade for NZDUSD
2026-03-24 22:11:03  INFO      MT5Executor: NZDUSD: lots=0.07 (risk=$25.00)
2026-03-24 22:11:03  INFO      MT5Executor: Market order filled: ticket=7884970418 vol=0.07
2026-03-24 22:11:03  INFO      TradingGraph: Order placed: ticket=7884970418
2026-03-24 22:11:03  INFO      OrderManager: Created order order_10_20260324_221103 for NZDUSD
2026-03-24 22:11:03  INFO      TradeJournal: TRADE  NZDUSD           Direction.SHORT  qty=0.07  entry=0.58337  sl=0.58680  tp=0.57651  ticket=7884970418
2026-03-24 22:11:03  INFO      TradingRunner: Analysing XAUUSD …
2026-03-24 22:11:03  INFO      TradingGraph: Running agents for XAUUSD
2026-03-24 22:11:03  INFO      TradingGraph: Completed 7 agents
2026-03-24 22:11:03  INFO      TradingGraph: Fusing timeframe signals
2026-03-24 22:11:03  INFO      TradingGraph: Fusion: L=0.446, M=0.115, S=-0.083
2026-03-24 22:11:03  INFO      TradingGraph: Timeframes not aligned — stopping (mean-reversion blocked)
2026-03-24 22:11:09  INFO      TradingRunner: PnL — unrealized: +0.80  realized today: +0.00  total: +0.80
2026-03-24 22:11:09  INFO      TradingRunner: Cycle done in 19.9s — sleeping 280s
2026-03-24 22:15:51  INFO      TradingGraph: Running agents for EURUSD
2026-03-24 22:15:51  INFO      TradingGraph: Completed 7 agents
2026-03-24 22:15:51  INFO      TradingGraph: Fusing timeframe signals
2026-03-24 22:15:51  INFO      TradingGraph: Fusion: L=-0.421, M=0.018, S=0.132
2026-03-24 22:15:51  INFO      TradingGraph: Running agents for GBPUSD
2026-03-24 22:15:51  INFO      TradingGraph: Completed 7 agents
2026-03-24 22:15:51  INFO      TradingGraph: Fusing timeframe signals
2026-03-24 22:15:51  INFO      TradingGraph: Fusion: L=-0.407, M=-0.184, S=-0.034
2026-03-24 22:15:51  INFO      TradingGraph: Running agents for NZDUSD
2026-03-24 22:15:51  INFO      TradingGraph: Completed 7 agents
2026-03-24 22:15:51  INFO      TradingGraph: Fusing timeframe signals
2026-03-24 22:15:51  INFO      TradingGraph: Fusion: L=-0.440, M=0.016, S=0.039
2026-03-24 22:15:52  INFO      TradingGraph: Running agents for XAUUSD
2026-03-24 22:15:52  INFO      TradingGraph: Completed 7 agents
2026-03-24 22:15:52  INFO      TradingGraph: Fusing timeframe signals
2026-03-24 22:15:52  INFO      TradingGraph: Fusion: L=0.446, M=0.115, S=-0.083
2026-03-24 22:15:52  INFO      TradingGraph: Running agents for EURUSD
2026-03-24 22:15:52  INFO      TradingGraph: Completed 7 agents
2026-03-24 22:15:52  INFO      TradingGraph: Fusing timeframe signals
2026-03-24 22:15:52  INFO      TradingGraph: Fusion: L=-0.421, M=0.018, S=0.132
2026-03-24 22:15:53  INFO      TradingGraph: Running agents for GBPUSD
2026-03-24 22:15:53  INFO      TradingGraph: Completed 7 agents
2026-03-24 22:15:53  INFO      TradingGraph: Fusing timeframe signals
2026-03-24 22:15:53  INFO      TradingGraph: Fusion: L=-0.407, M=-0.184, S=-0.034
2026-03-24 22:15:53  INFO      TradingGraph: Running agents for NZDUSD
2026-03-24 22:15:53  INFO      TradingGraph: Completed 7 agents
2026-03-24 22:15:53  INFO      TradingGraph: Fusing timeframe signals
2026-03-24 22:15:53  INFO      TradingGraph: Fusion: L=-0.440, M=0.016, S=0.039
2026-03-24 22:15:54  INFO      TradingGraph: Running agents for EURUSD
2026-03-24 22:15:54  INFO      TradingGraph: Completed 7 agents
2026-03-24 22:15:54  INFO      TradingGraph: Fusing timeframe signals
2026-03-24 22:15:54  INFO      TradingGraph: Fusion: L=-0.420, M=0.018, S=0.094
2026-03-24 22:15:54  INFO      TradingGraph: Running agents for GBPUSD
2026-03-24 22:15:54  INFO      TradingGraph: Completed 7 agents
2026-03-24 22:15:54  INFO      TradingGraph: Fusing timeframe signals
2026-03-24 22:15:54  INFO      TradingGraph: Fusion: L=-0.407, M=-0.184, S=-0.034
2026-03-24 22:15:54  INFO      TradingGraph: Running agents for NZDUSD
2026-03-24 22:15:54  INFO      TradingGraph: Completed 7 agents
2026-03-24 22:15:54  INFO      TradingGraph: Fusing timeframe signals
2026-03-24 22:15:54  INFO      TradingGraph: Fusion: L=-0.440, M=0.016, S=0.039
2026-03-24 22:15:55  INFO      TradingGraph: Running agents for XAUUSD
2026-03-24 22:15:55  INFO      TradingGraph: Completed 7 agents
2026-03-24 22:15:55  INFO      TradingGraph: Fusing timeframe signals
2026-03-24 22:15:55  INFO      TradingGraph: Fusion: L=0.446, M=0.115, S=-0.083
2026-03-24 22:15:55  INFO      TradingGraph: Running agents for EURUSD
2026-03-24 22:15:55  INFO      TradingGraph: Completed 7 agents
2026-03-24 22:15:55  INFO      TradingGraph: Fusing timeframe signals
2026-03-24 22:15:55  INFO      TradingGraph: Fusion: L=-0.421, M=0.018, S=0.132
2026-03-24 22:15:56  INFO      TradingGraph: Running agents for GBPUSD
2026-03-24 22:15:56  INFO      TradingGraph: Completed 7 agents
2026-03-24 22:15:56  INFO      TradingGraph: Fusing timeframe signals
2026-03-24 22:15:56  INFO      TradingGraph: Fusion: L=-0.407, M=-0.184, S=-0.034
2026-03-24 22:15:56  INFO      TradingGraph: Running agents for USDJPY
2026-03-24 22:15:56  INFO      TradingGraph: Completed 7 agents
2026-03-24 22:15:56  INFO      TradingGraph: Fusing timeframe signals
2026-03-24 22:15:56  INFO      TradingGraph: Fusion: L=0.348, M=0.274, S=-0.015
2026-03-24 22:15:56  INFO      TradingGraph: Running agents for AUDUSD
2026-03-24 22:15:56  INFO      TradingGraph: Completed 7 agents
2026-03-24 22:15:56  INFO      TradingGraph: Fusing timeframe signals
2026-03-24 22:15:56  INFO      TradingGraph: Fusion: L=0.311, M=-0.018, S=0.135
2026-03-24 22:15:57  INFO      TradingGraph: Running agents for NZDUSD
2026-03-24 22:15:57  INFO      TradingGraph: Completed 7 agents
2026-03-24 22:15:57  INFO      TradingGraph: Fusing timeframe signals
2026-03-24 22:15:57  INFO      TradingGraph: Fusion: L=-0.440, M=0.016, S=0.039
2026-03-24 22:15:57  INFO      TradingGraph: Running agents for EURUSD
2026-03-24 22:15:57  INFO      TradingGraph: Completed 7 agents
2026-03-24 22:15:57  INFO      TradingGraph: Fusing timeframe signals
2026-03-24 22:15:57  INFO      TradingGraph: Fusion: L=-0.421, M=0.018, S=0.132
2026-03-24 22:15:58  INFO      TradingGraph: Running agents for GBPUSD
2026-03-24 22:15:58  INFO      TradingGraph: Completed 7 agents
2026-03-24 22:15:58  INFO      TradingGraph: Fusing timeframe signals
2026-03-24 22:15:58  INFO      TradingGraph: Fusion: L=-0.407, M=-0.184, S=-0.034
2026-03-24 22:15:58  INFO      TradingGraph: Running agents for USDJPY
2026-03-24 22:15:58  INFO      TradingGraph: Completed 7 agents
2026-03-24 22:15:58  INFO      TradingGraph: Fusing timeframe signals
2026-03-24 22:15:58  INFO      TradingGraph: Fusion: L=0.348, M=0.274, S=-0.015
2026-03-24 22:15:59  INFO      TradingGraph: Running agents for AUDUSD
2026-03-24 22:15:59  INFO      TradingGraph: Completed 7 agents
2026-03-24 22:15:59  INFO      TradingGraph: Fusing timeframe signals
2026-03-24 22:15:59  INFO      TradingGraph: Fusion: L=0.311, M=-0.018, S=0.135
2026-03-24 22:15:59  INFO      TradingGraph: Running agents for NZDUSD
2026-03-24 22:15:59  INFO      TradingGraph: Completed 7 agents
2026-03-24 22:15:59  INFO      TradingGraph: Fusing timeframe signals
2026-03-24 22:15:59  INFO      TradingGraph: Fusion: L=-0.440, M=0.016, S=0.039
2026-03-24 22:16:01  INFO      TradingRunner: Analysing EURUSD …
2026-03-24 22:16:01  INFO      TradingGraph: Running agents for EURUSD
2026-03-24 22:16:01  INFO      TradingGraph: Completed 7 agents
2026-03-24 22:16:01  INFO      TradingGraph: Fusing timeframe signals
2026-03-24 22:16:01  INFO      TradingGraph: Fusion: L=-0.421, M=0.018, S=0.132
2026-03-24 22:16:01  INFO      TradingGraph: Aligned [pullback-entry] (bearish) — proceeding [L=-0.421 M=0.018 S=0.132 breadth=-0.086]
2026-03-24 22:16:01  INFO      TradingGraph: Generating trading recipe
2026-03-24 22:16:01  INFO      TradingGraph: Generated recipe: SHORT_PULLBACK_ENTRY_EURUSD
2026-03-24 22:16:01  INFO      TradingGraph: Risk check passed
2026-03-24 22:16:01  INFO      TradingGraph: Creating trade plan
2026-03-24 22:16:01  INFO      TradingGraph: Created trade plan: entry=1.1602, sl=1.1646, tp=1.1513
2026-03-24 22:16:01  INFO      TradingGraph: Executing trade for EURUSD
2026-03-24 22:16:02  INFO      MT5Executor: EURUSD: lots=0.06 (risk=$25.00)
2026-03-24 22:16:02  INFO      MT5Executor: Market order filled: ticket=7884976739 vol=0.06
2026-03-24 22:16:02  INFO      TradingGraph: Order placed: ticket=7884976739
2026-03-24 22:16:02  INFO      OrderManager: Created order order_11_20260324_221602 for EURUSD
2026-03-24 22:16:02  INFO      TradeJournal: TRADE  EURUSD           Direction.SHORT  qty=0.06  entry=1.16015  sl=1.16459  tp=1.15128  ticket=7884976739
2026-03-24 22:16:02  INFO      TradingRunner: Analysing GBPUSD …
2026-03-24 22:16:02  INFO      TradingGraph: Running agents for GBPUSD
2026-03-24 22:16:02  INFO      TradingGraph: Completed 7 agents
2026-03-24 22:16:02  INFO      TradingGraph: Fusing timeframe signals
2026-03-24 22:16:02  INFO      TradingGraph: Fusion: L=-0.407, M=-0.184, S=-0.034
2026-03-24 22:16:02  INFO      TradingGraph: Aligned [pullback-entry] (bearish) — proceeding [L=-0.407 M=-0.184 S=-0.034 breadth=-0.086]
2026-03-24 22:16:02  INFO      TradingGraph: Generating trading recipe
2026-03-24 22:16:02  INFO      TradingGraph: Generated recipe: SHORT_PULLBACK_ENTRY_GBPUSD
2026-03-24 22:16:02  INFO      TradingGraph: Risk check passed
2026-03-24 22:16:02  INFO      TradingGraph: Creating trade plan
2026-03-24 22:16:02  INFO      TradingGraph: Created trade plan: entry=1.3403, sl=1.3460, tp=1.3291
2026-03-24 22:16:02  INFO      TradingGraph: Executing trade for GBPUSD
2026-03-24 22:16:02  INFO      MT5Executor: GBPUSD: lots=0.04 (risk=$25.00)
2026-03-24 22:16:03  INFO      MT5Executor: Market order filled: ticket=7884976743 vol=0.04
2026-03-24 22:16:03  INFO      TradingGraph: Order placed: ticket=7884976743
2026-03-24 22:16:03  INFO      OrderManager: Created order order_12_20260324_221603 for GBPUSD
2026-03-24 22:16:03  INFO      TradeJournal: TRADE  GBPUSD           Direction.SHORT  qty=0.04  entry=1.34034  sl=1.34597  tp=1.32908  ticket=7884976743
2026-03-24 22:16:03  INFO      TradingRunner: Analysing USDJPY …
2026-03-24 22:16:03  INFO      TradingGraph: Running agents for USDJPY
2026-03-24 22:16:03  INFO      TradingGraph: Completed 7 agents
2026-03-24 22:16:03  INFO      TradingGraph: Fusing timeframe signals
2026-03-24 22:16:03  INFO      TradingGraph: Fusion: L=0.348, M=0.274, S=-0.015
2026-03-24 22:16:03  INFO      TradingGraph: Aligned [pullback-entry] (bullish) — proceeding [L=0.348 M=0.274 S=-0.015 breadth=-0.086]
2026-03-24 22:16:03  INFO      TradingGraph: Generating trading recipe
2026-03-24 22:16:03  INFO      TradingGraph: Generated recipe: LONG_PULLBACK_ENTRY_USDJPY
2026-03-24 22:16:03  INFO      TradingGraph: Risk check passed
2026-03-24 22:16:03  INFO      TradingGraph: Creating trade plan
2026-03-24 22:16:03  INFO      TradingGraph: Created trade plan: entry=158.7110, sl=158.2280, tp=159.6770
2026-03-24 22:16:03  INFO      TradingGraph: Executing trade for USDJPY
2026-03-24 22:16:03  INFO      MT5Executor: USDJPY: lots=0.01 (risk=$25.00)
2026-03-24 22:16:03  INFO      MT5Executor: Market order filled: ticket=7884976753 vol=0.01
2026-03-24 22:16:03  INFO      TradingGraph: Order placed: ticket=7884976753
2026-03-24 22:16:03  INFO      OrderManager: Created order order_13_20260324_221603 for USDJPY
2026-03-24 22:16:03  INFO      TradeJournal: TRADE  USDJPY           Direction.LONG  qty=0.01  entry=158.71100  sl=158.22798  tp=159.67704  ticket=7884976753
2026-03-24 22:16:03  INFO      TradingRunner: Analysing USDCHF …
2026-03-24 22:16:04  INFO      TradingGraph: Running agents for USDCHF
2026-03-24 22:16:04  INFO      TradingGraph: Completed 7 agents
2026-03-24 22:16:04  INFO      TradingGraph: Fusing timeframe signals
2026-03-24 22:16:04  INFO      TradingGraph: Fusion: L=0.426, M=-0.721, S=0.230
2026-03-24 22:16:04  INFO      TradingGraph: Timeframes not aligned — stopping (L=0.426 M=-0.721 S=0.230)
2026-03-24 22:16:04  INFO      TradingRunner: Analysing AUDUSD …
2026-03-24 22:16:04  INFO      TradingGraph: Running agents for AUDUSD
2026-03-24 22:16:04  INFO      TradingGraph: Completed 7 agents
2026-03-24 22:16:04  INFO      TradingGraph: Fusing timeframe signals
2026-03-24 22:16:04  INFO      TradingGraph: Fusion: L=0.311, M=-0.018, S=0.135
2026-03-24 22:16:04  INFO      TradingGraph: Aligned [pullback-entry] (bullish) — proceeding [L=0.311 M=-0.018 S=0.135 breadth=-0.086]
2026-03-24 22:16:04  INFO      TradingGraph: Generating trading recipe
2026-03-24 22:16:04  INFO      TradingGraph: Generated recipe: LONG_PULLBACK_ENTRY_AUDUSD
2026-03-24 22:16:04  INFO      TradingGraph: Risk check passed
2026-03-24 22:16:04  INFO      TradingGraph: Creating trade plan
2026-03-24 22:16:05  INFO      TradingGraph: Created trade plan: entry=0.6993, sl=0.6946, tp=0.7086
2026-03-24 22:16:05  INFO      TradingGraph: Executing trade for AUDUSD
2026-03-24 22:16:05  INFO      MT5Executor: AUDUSD: lots=0.05 (risk=$25.00)
2026-03-24 22:16:05  INFO      MT5Executor: Market order filled: ticket=7884976766 vol=0.05
2026-03-24 22:16:05  INFO      TradingGraph: Order placed: ticket=7884976766
2026-03-24 22:16:05  INFO      OrderManager: Created order order_14_20260324_221605 for AUDUSD
2026-03-24 22:16:05  INFO      TradeJournal: TRADE  AUDUSD           Direction.LONG  qty=0.05  entry=0.69930  sl=0.69464  tp=0.70863  ticket=7884976766
2026-03-24 22:16:05  INFO      TradingRunner: Analysing USDCAD …
2026-03-24 22:16:05  INFO      TradingGraph: Running agents for USDCAD
2026-03-24 22:16:05  INFO      TradingGraph: Completed 7 agents
2026-03-24 22:16:05  INFO      TradingGraph: Fusing timeframe signals
2026-03-24 22:16:05  INFO      TradingGraph: Fusion: L=0.050, M=-0.259, S=0.140
2026-03-24 22:16:05  INFO      TradingGraph: Timeframes not aligned — stopping (L=0.050 M=-0.259 S=0.140)
2026-03-24 22:16:05  INFO      TradingRunner: Analysing NZDUSD …
2026-03-24 22:16:06  INFO      TradingGraph: Running agents for NZDUSD
2026-03-24 22:16:06  INFO      TradingGraph: Completed 7 agents
2026-03-24 22:16:06  INFO      TradingGraph: Fusing timeframe signals
2026-03-24 22:16:06  INFO      TradingGraph: Fusion: L=-0.440, M=0.016, S=0.039
2026-03-24 22:16:06  INFO      TradingGraph: Aligned [pullback-entry] (bearish) — proceeding [L=-0.440 M=0.016 S=0.039 breadth=-0.086]
2026-03-24 22:16:06  INFO      TradingGraph: Generating trading recipe
2026-03-24 22:16:06  INFO      TradingGraph: Generated recipe: SHORT_PULLBACK_ENTRY_NZDUSD
2026-03-24 22:16:06  INFO      TradingGraph: Risk check passed
2026-03-24 22:16:06  INFO      TradingGraph: Creating trade plan
2026-03-24 22:16:06  INFO      TradingGraph: Created trade plan: entry=0.5836, sl=0.5870, tp=0.5766
2026-03-24 22:16:06  INFO      TradingGraph: Executing trade for NZDUSD
2026-03-24 22:16:06  INFO      MT5Executor: NZDUSD: lots=0.07 (risk=$25.00)
2026-03-24 22:16:06  INFO      MT5Executor: Market order filled: ticket=7884976782 vol=0.07
2026-03-24 22:16:06  INFO      TradingGraph: Order placed: ticket=7884976782
2026-03-24 22:16:06  INFO      OrderManager: Created order order_15_20260324_221606 for NZDUSD
2026-03-24 22:16:06  INFO      TradeJournal: TRADE  NZDUSD           Direction.SHORT  qty=0.07  entry=0.58355  sl=0.58701  tp=0.57663  ticket=7884976782
2026-03-24 22:16:06  INFO      TradingRunner: Analysing XAUUSD …
2026-03-24 22:16:07  INFO      TradingGraph: Running agents for XAUUSD
2026-03-24 22:16:07  INFO      TradingGraph: Completed 7 agents
2026-03-24 22:16:07  INFO      TradingGraph: Fusing timeframe signals
2026-03-24 22:16:07  INFO      TradingGraph: Fusion: L=0.446, M=0.115, S=-0.083
2026-03-24 22:16:07  INFO      TradingGraph: Timeframes not aligned — stopping (mean-reversion blocked)
2026-03-24 22:16:17  INFO      TradingRunner: PnL — unrealized: -1.07  realized today: +0.00  total: -1.07
2026-03-24 22:16:17  INFO      TradingRunner: Cycle done in 28.4s — sleeping 272s
2026-03-24 22:20:51  INFO      TradingGraph: Running agents for EURUSD
2026-03-24 22:20:51  INFO      TradingGraph: Completed 7 agents
2026-03-24 22:20:51  INFO      TradingGraph: Fusing timeframe signals
2026-03-24 22:20:51  INFO      TradingGraph: Fusion: L=-0.420, M=0.018, S=0.094
2026-03-24 22:20:51  INFO      TradingGraph: Running agents for GBPUSD
2026-03-24 22:20:51  INFO      TradingGraph: Completed 7 agents
2026-03-24 22:20:51  INFO      TradingGraph: Fusing timeframe signals
2026-03-24 22:20:51  INFO      TradingGraph: Fusion: L=-0.408, M=-0.185, S=-0.034
2026-03-24 22:20:51  INFO      TradingGraph: Running agents for NZDUSD
2026-03-24 22:20:51  INFO      TradingGraph: Completed 7 agents
2026-03-24 22:20:51  INFO      TradingGraph: Fusing timeframe signals
2026-03-24 22:20:51  INFO      TradingGraph: Fusion: L=-0.440, M=0.016, S=0.039
2026-03-24 22:20:52  INFO      TradingGraph: Running agents for XAUUSD
2026-03-24 22:20:52  INFO      TradingGraph: Completed 7 agents
2026-03-24 22:20:52  INFO      TradingGraph: Fusing timeframe signals
2026-03-24 22:20:52  INFO      TradingGraph: Fusion: L=0.446, M=0.115, S=-0.083
2026-03-24 22:20:52  INFO      TradingGraph: Running agents for EURUSD
2026-03-24 22:20:52  INFO      TradingGraph: Completed 7 agents
2026-03-24 22:20:52  INFO      TradingGraph: Fusing timeframe signals
2026-03-24 22:20:52  INFO      TradingGraph: Fusion: L=-0.420, M=0.018, S=0.094
2026-03-24 22:20:52  INFO      TradingGraph: Running agents for GBPUSD
2026-03-24 22:20:52  INFO      TradingGraph: Completed 7 agents
2026-03-24 22:20:52  INFO      TradingGraph: Fusing timeframe signals
2026-03-24 22:20:52  INFO      TradingGraph: Fusion: L=-0.408, M=-0.185, S=-0.034
2026-03-24 22:20:53  INFO      TradingGraph: Running agents for NZDUSD
2026-03-24 22:20:53  INFO      TradingGraph: Completed 7 agents
2026-03-24 22:20:53  INFO      TradingGraph: Fusing timeframe signals
2026-03-24 22:20:53  INFO      TradingGraph: Fusion: L=-0.440, M=0.016, S=0.039
2026-03-24 22:20:53  INFO      TradingGraph: Running agents for EURUSD
2026-03-24 22:20:53  INFO      TradingGraph: Completed 7 agents
2026-03-24 22:20:53  INFO      TradingGraph: Fusing timeframe signals
2026-03-24 22:20:53  INFO      TradingGraph: Fusion: L=-0.420, M=0.018, S=0.094
2026-03-24 22:20:54  INFO      TradingGraph: Running agents for GBPUSD
2026-03-24 22:20:54  INFO      TradingGraph: Completed 7 agents
2026-03-24 22:20:54  INFO      TradingGraph: Fusing timeframe signals
2026-03-24 22:20:54  INFO      TradingGraph: Fusion: L=-0.408, M=-0.185, S=-0.034
2026-03-24 22:20:54  INFO      TradingGraph: Running agents for NZDUSD
2026-03-24 22:20:54  INFO      TradingGraph: Completed 7 agents
2026-03-24 22:20:54  INFO      TradingGraph: Fusing timeframe signals
2026-03-24 22:20:54  INFO      TradingGraph: Fusion: L=-0.440, M=0.016, S=0.039
2026-03-24 22:20:54  INFO      TradingGraph: Running agents for XAUUSD
2026-03-24 22:20:54  INFO      TradingGraph: Completed 7 agents
2026-03-24 22:20:54  INFO      TradingGraph: Fusing timeframe signals
2026-03-24 22:20:54  INFO      TradingGraph: Fusion: L=0.446, M=0.115, S=-0.083
2026-03-24 22:20:55  INFO      TradingGraph: Running agents for EURUSD
2026-03-24 22:20:55  INFO      TradingGraph: Completed 7 agents
2026-03-24 22:20:55  INFO      TradingGraph: Fusing timeframe signals
2026-03-24 22:20:55  INFO      TradingGraph: Fusion: L=-0.420, M=0.018, S=0.094
2026-03-24 22:20:55  INFO      TradingGraph: Running agents for GBPUSD
2026-03-24 22:20:55  INFO      TradingGraph: Completed 7 agents
2026-03-24 22:20:55  INFO      TradingGraph: Fusing timeframe signals
2026-03-24 22:20:55  INFO      TradingGraph: Fusion: L=-0.408, M=-0.185, S=-0.034
2026-03-24 22:20:56  INFO      TradingGraph: Running agents for USDJPY
2026-03-24 22:20:56  INFO      TradingGraph: Completed 7 agents
2026-03-24 22:20:56  INFO      TradingGraph: Fusing timeframe signals
2026-03-24 22:20:56  INFO      TradingGraph: Fusion: L=0.347, M=0.294, S=0.077
2026-03-24 22:20:56  INFO      TradingGraph: Running agents for AUDUSD
2026-03-24 22:20:56  INFO      TradingGraph: Completed 7 agents
2026-03-24 22:20:56  INFO      TradingGraph: Fusing timeframe signals
2026-03-24 22:20:56  INFO      TradingGraph: Fusion: L=0.312, M=-0.017, S=0.068
2026-03-24 22:20:56  INFO      TradingGraph: Running agents for NZDUSD
2026-03-24 22:20:56  INFO      TradingGraph: Completed 7 agents
2026-03-24 22:20:56  INFO      TradingGraph: Fusing timeframe signals
2026-03-24 22:20:56  INFO      TradingGraph: Fusion: L=-0.440, M=0.016, S=0.039
2026-03-24 22:20:57  INFO      TradingGraph: Running agents for EURUSD
2026-03-24 22:20:57  INFO      TradingGraph: Completed 7 agents
2026-03-24 22:20:57  INFO      TradingGraph: Fusing timeframe signals
2026-03-24 22:20:57  INFO      TradingGraph: Fusion: L=-0.420, M=0.018, S=0.094
2026-03-24 22:20:58  INFO      TradingGraph: Running agents for GBPUSD
2026-03-24 22:20:58  INFO      TradingGraph: Completed 7 agents
2026-03-24 22:20:58  INFO      TradingGraph: Fusing timeframe signals
2026-03-24 22:20:58  INFO      TradingGraph: Fusion: L=-0.408, M=-0.185, S=-0.034
2026-03-24 22:20:58  INFO      TradingGraph: Running agents for USDJPY
2026-03-24 22:20:58  INFO      TradingGraph: Completed 7 agents
2026-03-24 22:20:58  INFO      TradingGraph: Fusing timeframe signals
2026-03-24 22:20:58  INFO      TradingGraph: Fusion: L=0.347, M=0.294, S=0.077
2026-03-24 22:20:58  INFO      TradingGraph: Running agents for AUDUSD
2026-03-24 22:20:58  INFO      TradingGraph: Completed 7 agents
2026-03-24 22:20:58  INFO      TradingGraph: Fusing timeframe signals
2026-03-24 22:20:58  INFO      TradingGraph: Fusion: L=0.312, M=-0.017, S=0.068
2026-03-24 22:20:59  INFO      TradingGraph: Running agents for NZDUSD
2026-03-24 22:20:59  INFO      TradingGraph: Completed 7 agents
2026-03-24 22:20:59  INFO      TradingGraph: Fusing timeframe signals
2026-03-24 22:20:59  INFO      TradingGraph: Fusion: L=-0.440, M=0.016, S=0.039
2026-03-24 22:20:59  INFO      TradingGraph: Running agents for EURUSD
2026-03-24 22:20:59  INFO      TradingGraph: Completed 7 agents
2026-03-24 22:20:59  INFO      TradingGraph: Fusing timeframe signals
2026-03-24 22:20:59  INFO      TradingGraph: Fusion: L=-0.420, M=0.018, S=0.094
2026-03-24 22:21:00  INFO      TradingGraph: Running agents for GBPUSD
2026-03-24 22:21:00  INFO      TradingGraph: Completed 7 agents
2026-03-24 22:21:00  INFO      TradingGraph: Fusing timeframe signals
2026-03-24 22:21:00  INFO      TradingGraph: Fusion: L=-0.408, M=-0.185, S=-0.034
2026-03-24 22:21:00  INFO      TradingGraph: Running agents for USDJPY
2026-03-24 22:21:00  INFO      TradingGraph: Completed 7 agents
2026-03-24 22:21:00  INFO      TradingGraph: Fusing timeframe signals
2026-03-24 22:21:00  INFO      TradingGraph: Fusion: L=0.347, M=0.294, S=0.077
2026-03-24 22:21:00  INFO      TradingGraph: Running agents for AUDUSD
2026-03-24 22:21:00  INFO      TradingGraph: Completed 7 agents
2026-03-24 22:21:00  INFO      TradingGraph: Fusing timeframe signals
2026-03-24 22:21:00  INFO      TradingGraph: Fusion: L=0.311, M=-0.017, S=0.068
2026-03-24 22:21:01  INFO      TradingGraph: Running agents for NZDUSD
2026-03-24 22:21:01  INFO      TradingGraph: Completed 7 agents
2026-03-24 22:21:01  INFO      TradingGraph: Fusing timeframe signals
2026-03-24 22:21:01  INFO      TradingGraph: Fusion: L=-0.440, M=-0.024, S=0.122
2026-03-24 22:21:02  INFO      TradingRunner: Analysing EURUSD …
2026-03-24 22:21:02  INFO      TradingGraph: Running agents for EURUSD
2026-03-24 22:21:02  INFO      TradingGraph: Completed 7 agents
2026-03-24 22:21:02  INFO      TradingGraph: Fusing timeframe signals
2026-03-24 22:21:02  INFO      TradingGraph: Fusion: L=-0.420, M=0.018, S=0.094
2026-03-24 22:21:02  INFO      TradingGraph: Aligned [pullback-entry] (bearish) — proceeding [L=-0.420 M=0.018 S=0.094 breadth=-0.086]
2026-03-24 22:21:02  INFO      TradingGraph: Generating trading recipe
2026-03-24 22:21:02  INFO      TradingGraph: Generated recipe: SHORT_PULLBACK_ENTRY_EURUSD
2026-03-24 22:21:02  INFO      TradingGraph: Risk check passed
2026-03-24 22:21:02  INFO      TradingGraph: Creating trade plan
2026-03-24 22:21:02  INFO      TradingGraph: Created trade plan: entry=1.1603, sl=1.1647, tp=1.1514
2026-03-24 22:21:02  INFO      TradingGraph: Executing trade for EURUSD
2026-03-24 22:21:02  INFO      MT5Executor: EURUSD: lots=0.06 (risk=$25.00)
2026-03-24 22:21:02  INFO      MT5Executor: Market order filled: ticket=7884982943 vol=0.06
2026-03-24 22:21:02  INFO      TradingGraph: Order placed: ticket=7884982943
2026-03-24 22:21:02  INFO      OrderManager: Created order order_16_20260324_222102 for EURUSD
2026-03-24 22:21:02  INFO      TradeJournal: TRADE  EURUSD           Direction.SHORT  qty=0.06  entry=1.16029  sl=1.16473  tp=1.15142  ticket=7884982943
2026-03-24 22:21:02  INFO      TradingRunner: Analysing GBPUSD …
2026-03-24 22:21:02  INFO      TradingGraph: Running agents for GBPUSD
2026-03-24 22:21:02  INFO      TradingGraph: Completed 7 agents
2026-03-24 22:21:02  INFO      TradingGraph: Fusing timeframe signals
2026-03-24 22:21:02  INFO      TradingGraph: Fusion: L=-0.408, M=-0.185, S=-0.034
2026-03-24 22:21:02  INFO      TradingGraph: Aligned [pullback-entry] (bearish) — proceeding [L=-0.408 M=-0.185 S=-0.034 breadth=-0.086]
2026-03-24 22:21:02  INFO      TradingGraph: Generating trading recipe
2026-03-24 22:21:02  INFO      TradingGraph: Generated recipe: SHORT_PULLBACK_ENTRY_GBPUSD
2026-03-24 22:21:02  INFO      TradingGraph: Risk check passed
2026-03-24 22:21:02  INFO      TradingGraph: Creating trade plan
2026-03-24 22:21:02  INFO      TradingGraph: Created trade plan: entry=1.3400, sl=1.3457, tp=1.3288
2026-03-24 22:21:02  INFO      TradingGraph: Executing trade for GBPUSD
2026-03-24 22:21:03  INFO      MT5Executor: GBPUSD: lots=0.04 (risk=$25.00)
2026-03-24 22:21:03  INFO      MT5Executor: Market order filled: ticket=7884982949 vol=0.04
2026-03-24 22:21:03  INFO      TradingGraph: Order placed: ticket=7884982949
2026-03-24 22:21:03  INFO      OrderManager: Created order order_17_20260324_222103 for GBPUSD
2026-03-24 22:21:03  INFO      TradeJournal: TRADE  GBPUSD           Direction.SHORT  qty=0.04  entry=1.34005  sl=1.34569  tp=1.32878  ticket=7884982949
2026-03-24 22:21:03  INFO      TradingRunner: Analysing USDJPY …
2026-03-24 22:21:03  INFO      TradingGraph: Running agents for USDJPY
2026-03-24 22:21:03  INFO      TradingGraph: Completed 7 agents
2026-03-24 22:21:03  INFO      TradingGraph: Fusing timeframe signals
2026-03-24 22:21:03  INFO      TradingGraph: Fusion: L=0.347, M=0.294, S=0.077
2026-03-24 22:21:03  INFO      TradingGraph: Aligned [pullback-entry] (bullish) — proceeding [L=0.347 M=0.294 S=0.077 breadth=-0.086]
2026-03-24 22:21:03  INFO      TradingGraph: Generating trading recipe
2026-03-24 22:21:03  INFO      TradingGraph: Generated recipe: LONG_PULLBACK_ENTRY_USDJPY
2026-03-24 22:21:03  INFO      TradingGraph: Risk check passed
2026-03-24 22:21:03  INFO      TradingGraph: Creating trade plan
2026-03-24 22:21:03  INFO      TradingGraph: Created trade plan: entry=158.6420, sl=158.1461, tp=159.6338
2026-03-24 22:21:03  INFO      TradingGraph: Executing trade for USDJPY
2026-03-24 22:21:03  INFO      MT5Executor: USDJPY: lots=0.01 (risk=$25.00)
2026-03-24 22:21:03  INFO      MT5Executor: Market order filled: ticket=7884982963 vol=0.01
2026-03-24 22:21:03  INFO      TradingGraph: Order placed: ticket=7884982963
2026-03-24 22:21:03  INFO      OrderManager: Created order order_18_20260324_222103 for USDJPY
2026-03-24 22:21:03  INFO      TradeJournal: TRADE  USDJPY           Direction.LONG  qty=0.01  entry=158.64200  sl=158.14612  tp=159.63375  ticket=7884982963
2026-03-24 22:21:03  INFO      TradingRunner: Analysing USDCHF …
2026-03-24 22:21:04  INFO      TradingGraph: Running agents for USDCHF
2026-03-24 22:21:04  INFO      TradingGraph: Completed 7 agents
2026-03-24 22:21:04  INFO      TradingGraph: Fusing timeframe signals
2026-03-24 22:21:04  INFO      TradingGraph: Fusion: L=0.426, M=-0.721, S=0.235
2026-03-24 22:21:04  INFO      TradingGraph: Timeframes not aligned — stopping (L=0.426 M=-0.721 S=0.235)
2026-03-24 22:21:04  INFO      TradingRunner: Analysing AUDUSD …
2026-03-24 22:21:04  INFO      TradingGraph: Running agents for AUDUSD
2026-03-24 22:21:04  INFO      TradingGraph: Completed 7 agents
2026-03-24 22:21:04  INFO      TradingGraph: Fusing timeframe signals
2026-03-24 22:21:04  INFO      TradingGraph: Fusion: L=0.311, M=-0.017, S=0.068
2026-03-24 22:21:04  INFO      TradingGraph: Aligned [pullback-entry] (bullish) — proceeding [L=0.311 M=-0.017 S=0.068 breadth=-0.086]
2026-03-24 22:21:04  INFO      TradingGraph: Generating trading recipe
2026-03-24 22:21:04  INFO      TradingGraph: Generated recipe: LONG_PULLBACK_ENTRY_AUDUSD
2026-03-24 22:21:04  INFO      TradingGraph: Risk check passed
2026-03-24 22:21:04  INFO      TradingGraph: Creating trade plan
2026-03-24 22:21:04  INFO      TradingGraph: Created trade plan: entry=0.7003, sl=0.6956, tp=0.7096
2026-03-24 22:21:04  INFO      TradingGraph: Executing trade for AUDUSD
2026-03-24 22:21:04  INFO      MT5Executor: AUDUSD: lots=0.05 (risk=$25.00)
2026-03-24 22:21:04  INFO      MT5Executor: Market order filled: ticket=7884982982 vol=0.05
2026-03-24 22:21:05  INFO      TradingGraph: Order placed: ticket=7884982982
2026-03-24 22:21:05  INFO      OrderManager: Created order order_19_20260324_222105 for AUDUSD
2026-03-24 22:21:05  INFO      TradeJournal: TRADE  AUDUSD           Direction.LONG  qty=0.05  entry=0.70025  sl=0.69559  tp=0.70958  ticket=7884982982
2026-03-24 22:21:05  INFO      TradingRunner: Analysing USDCAD …
2026-03-24 22:21:05  INFO      TradingGraph: Running agents for USDCAD
2026-03-24 22:21:05  INFO      TradingGraph: Completed 7 agents
2026-03-24 22:21:05  INFO      TradingGraph: Fusing timeframe signals
2026-03-24 22:21:05  INFO      TradingGraph: Fusion: L=0.050, M=-0.259, S=0.140
2026-03-24 22:21:05  INFO      TradingGraph: Timeframes not aligned — stopping (L=0.050 M=-0.259 S=0.140)
2026-03-24 22:21:05  INFO      TradingRunner: Analysing NZDUSD …
2026-03-24 22:21:05  INFO      TradingGraph: Running agents for NZDUSD
2026-03-24 22:21:05  INFO      TradingGraph: Completed 7 agents
2026-03-24 22:21:05  INFO      TradingGraph: Fusing timeframe signals
2026-03-24 22:21:05  INFO      TradingGraph: Fusion: L=-0.440, M=-0.024, S=0.122
2026-03-24 22:21:05  INFO      TradingGraph: Aligned [pullback-entry] (bearish) — proceeding [L=-0.440 M=-0.024 S=0.122 breadth=-0.086]
2026-03-24 22:21:05  INFO      TradingGraph: Generating trading recipe
2026-03-24 22:21:05  INFO      TradingGraph: Generated recipe: SHORT_PULLBACK_ENTRY_NZDUSD
2026-03-24 22:21:05  INFO      TradingGraph: Risk check passed
2026-03-24 22:21:05  INFO      TradingGraph: Creating trade plan
2026-03-24 22:21:05  INFO      TradingGraph: Created trade plan: entry=0.5835, sl=0.5869, tp=0.5765
2026-03-24 22:21:05  INFO      TradingGraph: Executing trade for NZDUSD
2026-03-24 22:21:05  INFO      MT5Executor: NZDUSD: lots=0.07 (risk=$25.00)
2026-03-24 22:21:06  INFO      MT5Executor: Market order filled: ticket=7884982998 vol=0.07
2026-03-24 22:21:06  INFO      TradingGraph: Order placed: ticket=7884982998
2026-03-24 22:21:06  INFO      OrderManager: Created order order_20_20260324_222106 for NZDUSD
2026-03-24 22:21:06  INFO      TradeJournal: TRADE  NZDUSD           Direction.SHORT  qty=0.07  entry=0.58347  sl=0.58694  tp=0.57654  ticket=7884982998
2026-03-24 22:21:06  INFO      TradingRunner: Analysing XAUUSD …
2026-03-24 22:21:06  INFO      TradingGraph: Running agents for XAUUSD
2026-03-24 22:21:06  INFO      TradingGraph: Completed 7 agents
2026-03-24 22:21:06  INFO      TradingGraph: Fusing timeframe signals
2026-03-24 22:21:06  INFO      TradingGraph: Fusion: L=0.446, M=0.115, S=-0.083
2026-03-24 22:21:06  INFO      TradingGraph: Timeframes not aligned — stopping (mean-reversion blocked)
2026-03-24 22:21:13  INFO      TradingRunner: PnL — unrealized: -7.94  realized today: +0.00  total: -7.94
2026-03-24 22:21:13  INFO      TradingRunner: Cycle done in 23.7s — sleeping 276s
2026-03-24 22:25:52  INFO      TradingGraph: Running agents for EURUSD
2026-03-24 22:25:52  INFO      TradingGraph: Completed 7 agents
2026-03-24 22:25:52  INFO      TradingGraph: Fusing timeframe signals
2026-03-24 22:25:52  INFO      TradingGraph: Fusion: L=-0.420, M=0.018, S=0.094
2026-03-24 22:25:52  INFO      TradingGraph: Running agents for GBPUSD
2026-03-24 22:25:52  INFO      TradingGraph: Completed 7 agents
2026-03-24 22:25:52  INFO      TradingGraph: Fusing timeframe signals
2026-03-24 22:25:52  INFO      TradingGraph: Fusion: L=-0.407, M=-0.185, S=-0.034
2026-03-24 22:25:52  INFO      TradingGraph: Running agents for NZDUSD
2026-03-24 22:25:52  INFO      TradingGraph: Completed 7 agents
2026-03-24 22:25:52  INFO      TradingGraph: Fusing timeframe signals
2026-03-24 22:25:52  INFO      TradingGraph: Fusion: L=-0.440, M=-0.024, S=0.122
2026-03-24 22:25:53  INFO      TradingGraph: Running agents for XAUUSD
2026-03-24 22:25:53  INFO      TradingGraph: Completed 7 agents
2026-03-24 22:25:53  INFO      TradingGraph: Fusing timeframe signals
2026-03-24 22:25:53  INFO      TradingGraph: Fusion: L=0.446, M=0.115, S=-0.083
2026-03-24 22:25:53  INFO      TradingGraph: Running agents for EURUSD
2026-03-24 22:25:53  INFO      TradingGraph: Completed 7 agents
2026-03-24 22:25:53  INFO      TradingGraph: Fusing timeframe signals
2026-03-24 22:25:53  INFO      TradingGraph: Fusion: L=-0.420, M=0.018, S=0.094
2026-03-24 22:25:54  INFO      TradingGraph: Running agents for GBPUSD
2026-03-24 22:25:54  INFO      TradingGraph: Completed 7 agents
2026-03-24 22:25:54  INFO      TradingGraph: Fusing timeframe signals
2026-03-24 22:25:54  INFO      TradingGraph: Fusion: L=-0.407, M=-0.185, S=-0.034
2026-03-24 22:25:54  INFO      TradingGraph: Running agents for NZDUSD
2026-03-24 22:25:54  INFO      TradingGraph: Completed 7 agents
2026-03-24 22:25:54  INFO      TradingGraph: Fusing timeframe signals
2026-03-24 22:25:54  INFO      TradingGraph: Fusion: L=-0.440, M=-0.024, S=0.122
2026-03-24 22:25:54  INFO      TradingGraph: Running agents for EURUSD
2026-03-24 22:25:54  INFO      TradingGraph: Completed 7 agents
2026-03-24 22:25:54  INFO      TradingGraph: Fusing timeframe signals
2026-03-24 22:25:54  INFO      TradingGraph: Fusion: L=-0.420, M=0.018, S=0.094
2026-03-24 22:25:55  INFO      TradingGraph: Running agents for GBPUSD
2026-03-24 22:25:55  INFO      TradingGraph: Completed 7 agents
2026-03-24 22:25:55  INFO      TradingGraph: Fusing timeframe signals
2026-03-24 22:25:55  INFO      TradingGraph: Fusion: L=-0.407, M=-0.185, S=-0.034
2026-03-24 22:25:55  INFO      TradingGraph: Running agents for NZDUSD
2026-03-24 22:25:55  INFO      TradingGraph: Completed 7 agents
2026-03-24 22:25:55  INFO      TradingGraph: Fusing timeframe signals
2026-03-24 22:25:55  INFO      TradingGraph: Fusion: L=-0.440, M=-0.024, S=0.122
2026-03-24 22:25:55  INFO      TradingGraph: Running agents for XAUUSD
2026-03-24 22:25:55  INFO      TradingGraph: Completed 7 agents
2026-03-24 22:25:55  INFO      TradingGraph: Fusing timeframe signals
2026-03-24 22:25:55  INFO      TradingGraph: Fusion: L=0.446, M=0.115, S=-0.083
2026-03-24 22:25:56  INFO      TradingGraph: Running agents for EURUSD
2026-03-24 22:25:56  INFO      TradingGraph: Completed 7 agents
2026-03-24 22:25:56  INFO      TradingGraph: Fusing timeframe signals
2026-03-24 22:25:56  INFO      TradingGraph: Fusion: L=-0.420, M=0.018, S=0.094
2026-03-24 22:25:56  INFO      TradingGraph: Running agents for GBPUSD
2026-03-24 22:25:56  INFO      TradingGraph: Completed 7 agents
2026-03-24 22:25:56  INFO      TradingGraph: Fusing timeframe signals
2026-03-24 22:25:56  INFO      TradingGraph: Fusion: L=-0.407, M=-0.184, S=-0.034
2026-03-24 22:25:57  INFO      TradingGraph: Running agents for USDJPY
2026-03-24 22:25:57  INFO      TradingGraph: Completed 7 agents
2026-03-24 22:25:57  INFO      TradingGraph: Fusing timeframe signals
2026-03-24 22:25:57  INFO      TradingGraph: Fusion: L=0.347, M=0.256, S=0.077
2026-03-24 22:25:57  INFO      TradingGraph: Running agents for AUDUSD
2026-03-24 22:25:57  INFO      TradingGraph: Completed 7 agents
2026-03-24 22:25:57  INFO      TradingGraph: Fusing timeframe signals
2026-03-24 22:25:57  INFO      TradingGraph: Fusion: L=0.312, M=-0.016, S=0.068
2026-03-24 22:25:57  INFO      TradingGraph: Running agents for NZDUSD
2026-03-24 22:25:57  INFO      TradingGraph: Completed 7 agents
2026-03-24 22:25:57  INFO      TradingGraph: Fusing timeframe signals
2026-03-24 22:25:57  INFO      TradingGraph: Fusion: L=-0.440, M=-0.024, S=0.122
2026-03-24 22:25:58  INFO      TradingGraph: Running agents for EURUSD
2026-03-24 22:25:58  INFO      TradingGraph: Completed 7 agents
2026-03-24 22:25:58  INFO      TradingGraph: Fusing timeframe signals
2026-03-24 22:25:58  INFO      TradingGraph: Fusion: L=-0.420, M=0.018, S=0.094
2026-03-24 22:25:58  INFO      TradingGraph: Running agents for GBPUSD
2026-03-24 22:25:58  INFO      TradingGraph: Completed 7 agents
2026-03-24 22:25:58  INFO      TradingGraph: Fusing timeframe signals
2026-03-24 22:25:58  INFO      TradingGraph: Fusion: L=-0.407, M=-0.184, S=-0.034
2026-03-24 22:25:59  INFO      TradingGraph: Running agents for USDJPY
2026-03-24 22:25:59  INFO      TradingGraph: Completed 7 agents
2026-03-24 22:25:59  INFO      TradingGraph: Fusing timeframe signals
2026-03-24 22:25:59  INFO      TradingGraph: Fusion: L=0.347, M=0.256, S=0.077
2026-03-24 22:25:59  INFO      TradingGraph: Running agents for AUDUSD
2026-03-24 22:25:59  INFO      TradingGraph: Completed 7 agents
2026-03-24 22:25:59  INFO      TradingGraph: Fusing timeframe signals
2026-03-24 22:25:59  INFO      TradingGraph: Fusion: L=0.312, M=-0.016, S=0.068
2026-03-24 22:26:00  INFO      TradingGraph: Running agents for NZDUSD
2026-03-24 22:26:00  INFO      TradingGraph: Completed 7 agents
2026-03-24 22:26:00  INFO      TradingGraph: Fusing timeframe signals
2026-03-24 22:26:00  INFO      TradingGraph: Fusion: L=-0.440, M=-0.024, S=0.122
2026-03-24 22:26:00  INFO      TradingGraph: Running agents for EURUSD
2026-03-24 22:26:00  INFO      TradingGraph: Completed 7 agents
2026-03-24 22:26:00  INFO      TradingGraph: Fusing timeframe signals
2026-03-24 22:26:00  INFO      TradingGraph: Fusion: L=-0.420, M=0.018, S=0.094
2026-03-24 22:26:01  INFO      TradingGraph: Running agents for GBPUSD
2026-03-24 22:26:01  INFO      TradingGraph: Completed 7 agents
2026-03-24 22:26:01  INFO      TradingGraph: Fusing timeframe signals
2026-03-24 22:26:01  INFO      TradingGraph: Fusion: L=-0.407, M=-0.184, S=-0.034
2026-03-24 22:26:01  INFO      TradingGraph: Running agents for USDJPY
2026-03-24 22:26:01  INFO      TradingGraph: Completed 7 agents
2026-03-24 22:26:01  INFO      TradingGraph: Fusing timeframe signals
2026-03-24 22:26:01  INFO      TradingGraph: Fusion: L=0.347, M=0.256, S=0.077
2026-03-24 22:26:02  INFO      TradingGraph: Running agents for AUDUSD
2026-03-24 22:26:02  INFO      TradingGraph: Completed 7 agents
2026-03-24 22:26:02  INFO      TradingGraph: Fusing timeframe signals
2026-03-24 22:26:02  INFO      TradingGraph: Fusion: L=0.312, M=-0.016, S=0.068
2026-03-24 22:26:02  INFO      TradingGraph: Running agents for NZDUSD
2026-03-24 22:26:02  INFO      TradingGraph: Completed 7 agents
2026-03-24 22:26:02  INFO      TradingGraph: Fusing timeframe signals
2026-03-24 22:26:02  INFO      TradingGraph: Fusion: L=-0.440, M=-0.024, S=0.122
2026-03-24 22:26:03  INFO      TradingGraph: Running agents for EURUSD
2026-03-24 22:26:03  INFO      TradingGraph: Completed 7 agents
2026-03-24 22:26:03  INFO      TradingGraph: Fusing timeframe signals
2026-03-24 22:26:03  INFO      TradingGraph: Fusion: L=-0.420, M=0.018, S=0.094
2026-03-24 22:26:03  INFO      TradingGraph: Running agents for GBPUSD
2026-03-24 22:26:03  INFO      TradingGraph: Completed 7 agents
2026-03-24 22:26:03  INFO      TradingGraph: Fusing timeframe signals
2026-03-24 22:26:03  INFO      TradingGraph: Fusion: L=-0.407, M=-0.184, S=-0.034
2026-03-24 22:26:04  INFO      TradingGraph: Running agents for USDJPY
2026-03-24 22:26:04  INFO      TradingGraph: Completed 7 agents
2026-03-24 22:26:04  INFO      TradingGraph: Fusing timeframe signals
2026-03-24 22:26:04  INFO      TradingGraph: Fusion: L=0.347, M=0.256, S=0.077
2026-03-24 22:26:04  INFO      TradingGraph: Running agents for AUDUSD
2026-03-24 22:26:04  INFO      TradingGraph: Completed 7 agents
2026-03-24 22:26:04  INFO      TradingGraph: Fusing timeframe signals
2026-03-24 22:26:04  INFO      TradingGraph: Fusion: L=0.312, M=-0.016, S=0.068
2026-03-24 22:26:04  INFO      TradingGraph: Running agents for NZDUSD
2026-03-24 22:26:04  INFO      TradingGraph: Completed 7 agents
2026-03-24 22:26:04  INFO      TradingGraph: Fusing timeframe signals
2026-03-24 22:26:04  INFO      TradingGraph: Fusion: L=-0.440, M=-0.024, S=0.122
2026-03-24 22:26:06  INFO      TradingRunner: Analysing EURUSD …
2026-03-24 22:26:07  INFO      TradingGraph: Running agents for EURUSD
2026-03-24 22:26:07  INFO      TradingGraph: Completed 7 agents
2026-03-24 22:26:07  INFO      TradingGraph: Fusing timeframe signals
2026-03-24 22:26:07  INFO      TradingGraph: Fusion: L=-0.420, M=0.018, S=0.018
2026-03-24 22:26:07  INFO      TradingGraph: Aligned [pullback-entry] (bearish) — proceeding [L=-0.420 M=0.018 S=0.018 breadth=-0.086]
2026-03-24 22:26:07  INFO      TradingGraph: Generating trading recipe
2026-03-24 22:26:07  INFO      TradingGraph: Generated recipe: SHORT_PULLBACK_ENTRY_EURUSD
2026-03-24 22:26:07  INFO      TradingGraph: Risk check passed
2026-03-24 22:26:07  INFO      TradingGraph: Creating trade plan
2026-03-24 22:26:07  INFO      TradingGraph: Created trade plan: entry=1.1604, sl=1.1649, tp=1.1516
2026-03-24 22:26:07  INFO      TradingGraph: Executing trade for EURUSD
2026-03-24 22:26:07  INFO      MT5Executor: EURUSD: lots=0.06 (risk=$25.00)
2026-03-24 22:26:07  INFO      MT5Executor: Market order filled: ticket=7884988695 vol=0.06
2026-03-24 22:26:07  INFO      TradingGraph: Order placed: ticket=7884988695
2026-03-24 22:26:07  INFO      OrderManager: Created order order_21_20260324_222607 for EURUSD
2026-03-24 22:26:07  INFO      TradeJournal: TRADE  EURUSD           Direction.SHORT  qty=0.06  entry=1.16045  sl=1.16489  tp=1.15158  ticket=7884988695
2026-03-24 22:26:07  INFO      TradingRunner: Analysing GBPUSD …
2026-03-24 22:26:07  INFO      TradingGraph: Running agents for GBPUSD
2026-03-24 22:26:07  INFO      TradingGraph: Completed 7 agents
2026-03-24 22:26:07  INFO      TradingGraph: Fusing timeframe signals
2026-03-24 22:26:07  INFO      TradingGraph: Fusion: L=-0.407, M=-0.185, S=-0.034
2026-03-24 22:26:07  INFO      TradingGraph: Aligned [pullback-entry] (bearish) — proceeding [L=-0.407 M=-0.185 S=-0.034 breadth=-0.086]
2026-03-24 22:26:07  INFO      TradingGraph: Generating trading recipe
2026-03-24 22:26:07  INFO      TradingGraph: Generated recipe: SHORT_PULLBACK_ENTRY_GBPUSD
2026-03-24 22:26:07  INFO      TradingGraph: Risk check passed
2026-03-24 22:26:07  INFO      TradingGraph: Creating trade plan
2026-03-24 22:26:08  INFO      TradingGraph: Created trade plan: entry=1.3402, sl=1.3459, tp=1.3289
2026-03-24 22:26:08  INFO      TradingGraph: Executing trade for GBPUSD
2026-03-24 22:26:08  INFO      MT5Executor: GBPUSD: lots=0.04 (risk=$25.00)
2026-03-24 22:26:08  INFO      MT5Executor: Market order filled: ticket=7884988708 vol=0.04
2026-03-24 22:26:08  INFO      TradingGraph: Order placed: ticket=7884988708
2026-03-24 22:26:08  INFO      OrderManager: Created order order_22_20260324_222608 for GBPUSD
2026-03-24 22:26:08  INFO      TradeJournal: TRADE  GBPUSD           Direction.SHORT  qty=0.04  entry=1.34022  sl=1.34586  tp=1.32895  ticket=7884988708
2026-03-24 22:26:08  INFO      TradingRunner: Analysing USDJPY …
2026-03-24 22:26:08  INFO      TradingGraph: Running agents for USDJPY
2026-03-24 22:26:08  INFO      TradingGraph: Completed 7 agents
2026-03-24 22:26:08  INFO      TradingGraph: Fusing timeframe signals
2026-03-24 22:26:08  INFO      TradingGraph: Fusion: L=0.347, M=0.256, S=0.077
2026-03-24 22:26:08  INFO      TradingGraph: Aligned [pullback-entry] (bullish) — proceeding [L=0.347 M=0.256 S=0.077 breadth=-0.086]
2026-03-24 22:26:08  INFO      TradingGraph: Generating trading recipe
2026-03-24 22:26:08  INFO      TradingGraph: Generated recipe: LONG_PULLBACK_ENTRY_USDJPY
2026-03-24 22:26:08  INFO      TradingGraph: Risk check passed
2026-03-24 22:26:08  INFO      TradingGraph: Creating trade plan
2026-03-24 22:26:08  INFO      TradingGraph: Created trade plan: entry=158.6200, sl=158.1241, tp=159.6118
2026-03-24 22:26:08  INFO      TradingGraph: Executing trade for USDJPY
2026-03-24 22:26:09  INFO      MT5Executor: USDJPY: lots=0.01 (risk=$25.00)
2026-03-24 22:26:09  INFO      MT5Executor: Market order filled: ticket=7884988718 vol=0.01
2026-03-24 22:26:09  INFO      TradingGraph: Order placed: ticket=7884988718
2026-03-24 22:26:09  INFO      OrderManager: Created order order_23_20260324_222609 for USDJPY
2026-03-24 22:26:09  INFO      TradeJournal: TRADE  USDJPY           Direction.LONG  qty=0.01  entry=158.62000  sl=158.12412  tp=159.61175  ticket=7884988718
2026-03-24 22:26:09  INFO      TradingRunner: Analysing USDCHF …
2026-03-24 22:26:09  INFO      TradingGraph: Running agents for USDCHF
2026-03-24 22:26:09  INFO      TradingGraph: Completed 7 agents
2026-03-24 22:26:09  INFO      TradingGraph: Fusing timeframe signals
2026-03-24 22:26:09  INFO      TradingGraph: Fusion: L=0.426, M=-0.721, S=0.235
2026-03-24 22:26:09  INFO      TradingGraph: Timeframes not aligned — stopping (L=0.426 M=-0.721 S=0.235)
2026-03-24 22:26:09  INFO      TradingRunner: Analysing AUDUSD …
2026-03-24 22:26:10  INFO      TradingGraph: Running agents for AUDUSD
2026-03-24 22:26:10  INFO      TradingGraph: Completed 7 agents
2026-03-24 22:26:10  INFO      TradingGraph: Fusing timeframe signals
2026-03-24 22:26:10  INFO      TradingGraph: Fusion: L=0.312, M=-0.016, S=0.068
2026-03-24 22:26:10  INFO      TradingGraph: Aligned [pullback-entry] (bullish) — proceeding [L=0.312 M=-0.016 S=0.068 breadth=-0.086]
2026-03-24 22:26:10  INFO      TradingGraph: Generating trading recipe
2026-03-24 22:26:10  INFO      TradingGraph: Generated recipe: LONG_PULLBACK_ENTRY_AUDUSD
2026-03-24 22:26:10  INFO      TradingGraph: Risk check passed
2026-03-24 22:26:10  INFO      TradingGraph: Creating trade plan
2026-03-24 22:26:10  INFO      TradingGraph: Created trade plan: entry=0.7001, sl=0.6954, tp=0.7094
2026-03-24 22:26:10  INFO      TradingGraph: Executing trade for AUDUSD
2026-03-24 22:26:10  INFO      MT5Executor: AUDUSD: lots=0.05 (risk=$25.00)
2026-03-24 22:26:10  INFO      MT5Executor: Market order filled: ticket=7884988732 vol=0.05
2026-03-24 22:26:10  INFO      TradingGraph: Order placed: ticket=7884988732
2026-03-24 22:26:10  INFO      OrderManager: Created order order_24_20260324_222610 for AUDUSD
2026-03-24 22:26:10  INFO      TradeJournal: TRADE  AUDUSD           Direction.LONG  qty=0.05  entry=0.70006  sl=0.69540  tp=0.70939  ticket=7884988732
2026-03-24 22:26:10  INFO      TradingRunner: Analysing USDCAD …
2026-03-24 22:26:10  INFO      TradingGraph: Running agents for USDCAD
2026-03-24 22:26:10  INFO      TradingGraph: Completed 7 agents
2026-03-24 22:26:10  INFO      TradingGraph: Fusing timeframe signals
2026-03-24 22:26:10  INFO      TradingGraph: Fusion: L=0.050, M=-0.259, S=0.216
2026-03-24 22:26:10  INFO      TradingGraph: Timeframes not aligned — stopping (L=0.050 M=-0.259 S=0.216)
2026-03-24 22:26:10  INFO      TradingRunner: Analysing NZDUSD …
2026-03-24 22:26:11  INFO      TradingGraph: Running agents for NZDUSD
2026-03-24 22:26:11  INFO      TradingGraph: Completed 7 agents
2026-03-24 22:26:11  INFO      TradingGraph: Fusing timeframe signals
2026-03-24 22:26:11  INFO      TradingGraph: Fusion: L=-0.440, M=-0.024, S=0.122
2026-03-24 22:26:11  INFO      TradingGraph: Aligned [pullback-entry] (bearish) — proceeding [L=-0.440 M=-0.024 S=0.122 breadth=-0.086]
2026-03-24 22:26:11  INFO      TradingGraph: Generating trading recipe
2026-03-24 22:26:11  INFO      TradingGraph: Generated recipe: SHORT_PULLBACK_ENTRY_NZDUSD
2026-03-24 22:26:11  INFO      TradingGraph: Risk check passed
2026-03-24 22:26:11  INFO      TradingGraph: Creating trade plan
2026-03-24 22:26:11  INFO      TradingGraph: Created trade plan: entry=0.5834, sl=0.5868, tp=0.5764
2026-03-24 22:26:11  INFO      TradingGraph: Executing trade for NZDUSD
2026-03-24 22:26:11  INFO      MT5Executor: NZDUSD: lots=0.07 (risk=$25.00)
2026-03-24 22:26:11  INFO      MT5Executor: Market order filled: ticket=7884988749 vol=0.07
2026-03-24 22:26:11  INFO      TradingGraph: Order placed: ticket=7884988749
2026-03-24 22:26:11  INFO      OrderManager: Created order order_25_20260324_222611 for NZDUSD
2026-03-24 22:26:11  INFO      TradeJournal: TRADE  NZDUSD           Direction.SHORT  qty=0.07  entry=0.58337  sl=0.58684  tp=0.57644  ticket=7884988749
2026-03-24 22:26:11  INFO      TradingRunner: Analysing XAUUSD …
2026-03-24 22:26:12  INFO      TradingGraph: Running agents for XAUUSD
2026-03-24 22:26:12  INFO      TradingGraph: Completed 7 agents
2026-03-24 22:26:12  INFO      TradingGraph: Fusing timeframe signals
2026-03-24 22:26:12  INFO      TradingGraph: Fusion: L=0.446, M=0.115, S=-0.083
2026-03-24 22:26:12  INFO      TradingGraph: Timeframes not aligned — stopping (mean-reversion blocked)
2026-03-24 22:26:20  INFO      TradingRunner: PnL — unrealized: -17.62  realized today: +0.00  total: -17.62
2026-03-24 22:26:20  INFO      TradingRunner: Cycle done in 30.4s — sleeping 270s
2026-03-24 22:30:51  INFO      TradingGraph: Running agents for EURUSD
2026-03-24 22:30:51  INFO      TradingGraph: Completed 7 agents
2026-03-24 22:30:51  INFO      TradingGraph: Fusing timeframe signals
2026-03-24 22:30:51  INFO      TradingGraph: Fusion: L=-0.420, M=0.018, S=0.092
2026-03-24 22:30:51  INFO      TradingGraph: Running agents for GBPUSD
2026-03-24 22:30:51  INFO      TradingGraph: Completed 7 agents
2026-03-24 22:30:51  INFO      TradingGraph: Fusing timeframe signals
2026-03-24 22:30:51  INFO      TradingGraph: Fusion: L=-0.407, M=-0.185, S=0.092
2026-03-24 22:30:51  INFO      TradingGraph: Running agents for NZDUSD
2026-03-24 22:30:51  INFO      TradingGraph: Completed 7 agents
2026-03-24 22:30:51  INFO      TradingGraph: Fusing timeframe signals
2026-03-24 22:30:51  INFO      TradingGraph: Fusion: L=-0.440, M=-0.024, S=0.118
2026-03-24 22:30:51  INFO      TradingGraph: Running agents for XAUUSD
2026-03-24 22:30:51  INFO      TradingGraph: Completed 7 agents
2026-03-24 22:30:51  INFO      TradingGraph: Fusing timeframe signals
2026-03-24 22:30:51  INFO      TradingGraph: Fusion: L=0.446, M=0.115, S=-0.083
2026-03-24 22:30:52  INFO      TradingGraph: Running agents for EURUSD
2026-03-24 22:30:52  INFO      TradingGraph: Completed 7 agents
2026-03-24 22:30:52  INFO      TradingGraph: Fusing timeframe signals
2026-03-24 22:30:52  INFO      TradingGraph: Fusion: L=-0.420, M=0.018, S=0.092
2026-03-24 22:30:52  INFO      TradingGraph: Running agents for GBPUSD
2026-03-24 22:30:52  INFO      TradingGraph: Completed 7 agents
2026-03-24 22:30:52  INFO      TradingGraph: Fusing timeframe signals
2026-03-24 22:30:52  INFO      TradingGraph: Fusion: L=-0.407, M=-0.185, S=0.092
2026-03-24 22:30:52  INFO      TradingGraph: Running agents for NZDUSD
2026-03-24 22:30:52  INFO      TradingGraph: Completed 7 agents
2026-03-24 22:30:52  INFO      TradingGraph: Fusing timeframe signals
2026-03-24 22:30:52  INFO      TradingGraph: Fusion: L=-0.440, M=-0.024, S=0.118
2026-03-24 22:30:53  INFO      TradingGraph: Running agents for EURUSD
2026-03-24 22:30:53  INFO      TradingGraph: Completed 7 agents
2026-03-24 22:30:53  INFO      TradingGraph: Fusing timeframe signals
2026-03-24 22:30:53  INFO      TradingGraph: Fusion: L=-0.420, M=0.018, S=0.092
2026-03-24 22:30:53  INFO      TradingGraph: Running agents for GBPUSD
2026-03-24 22:30:53  INFO      TradingGraph: Completed 7 agents
2026-03-24 22:30:53  INFO      TradingGraph: Fusing timeframe signals
2026-03-24 22:30:53  INFO      TradingGraph: Fusion: L=-0.407, M=-0.185, S=0.092
2026-03-24 22:30:54  INFO      TradingGraph: Running agents for NZDUSD
2026-03-24 22:30:54  INFO      TradingGraph: Completed 7 agents
2026-03-24 22:30:54  INFO      TradingGraph: Fusing timeframe signals
2026-03-24 22:30:54  INFO      TradingGraph: Fusion: L=-0.440, M=-0.024, S=0.118
2026-03-24 22:30:54  INFO      TradingGraph: Running agents for XAUUSD
2026-03-24 22:30:54  INFO      TradingGraph: Completed 7 agents
2026-03-24 22:30:54  INFO      TradingGraph: Fusing timeframe signals
2026-03-24 22:30:54  INFO      TradingGraph: Fusion: L=0.446, M=0.115, S=-0.083
2026-03-24 22:30:54  INFO      TradingGraph: Running agents for EURUSD
2026-03-24 22:30:54  INFO      TradingGraph: Completed 7 agents
2026-03-24 22:30:54  INFO      TradingGraph: Fusing timeframe signals
2026-03-24 22:30:54  INFO      TradingGraph: Fusion: L=-0.420, M=0.018, S=0.092
2026-03-24 22:30:54  INFO      TradingGraph: Running agents for GBPUSD
2026-03-24 22:30:54  INFO      TradingGraph: Completed 7 agents
2026-03-24 22:30:54  INFO      TradingGraph: Fusing timeframe signals
2026-03-24 22:30:54  INFO      TradingGraph: Fusion: L=-0.407, M=-0.185, S=0.092
2026-03-24 22:30:55  INFO      TradingGraph: Running agents for USDJPY
2026-03-24 22:30:55  INFO      TradingGraph: Completed 7 agents
2026-03-24 22:30:55  INFO      TradingGraph: Fusing timeframe signals
2026-03-24 22:30:55  INFO      TradingGraph: Fusion: L=0.347, M=0.257, S=-0.050
2026-03-24 22:30:55  INFO      TradingGraph: Running agents for AUDUSD
2026-03-24 22:30:55  INFO      TradingGraph: Completed 7 agents
2026-03-24 22:30:55  INFO      TradingGraph: Fusing timeframe signals
2026-03-24 22:30:55  INFO      TradingGraph: Fusion: L=0.311, M=-0.017, S=0.135
2026-03-24 22:30:55  INFO      TradingGraph: Running agents for NZDUSD
2026-03-24 22:30:55  INFO      TradingGraph: Completed 7 agents
2026-03-24 22:30:55  INFO      TradingGraph: Fusing timeframe signals
2026-03-24 22:30:55  INFO      TradingGraph: Fusion: L=-0.440, M=-0.024, S=0.118
2026-03-24 22:30:56  INFO      TradingGraph: Running agents for EURUSD
2026-03-24 22:30:56  INFO      TradingGraph: Completed 7 agents
2026-03-24 22:30:56  INFO      TradingGraph: Fusing timeframe signals
2026-03-24 22:30:56  INFO      TradingGraph: Fusion: L=-0.420, M=0.018, S=0.092
2026-03-24 22:30:56  INFO      TradingGraph: Running agents for GBPUSD
2026-03-24 22:30:56  INFO      TradingGraph: Completed 7 agents
2026-03-24 22:30:56  INFO      TradingGraph: Fusing timeframe signals
2026-03-24 22:30:56  INFO      TradingGraph: Fusion: L=-0.407, M=-0.185, S=0.092
2026-03-24 22:30:56  INFO      TradingGraph: Running agents for USDJPY
2026-03-24 22:30:56  INFO      TradingGraph: Completed 7 agents
2026-03-24 22:30:56  INFO      TradingGraph: Fusing timeframe signals
2026-03-24 22:30:56  INFO      TradingGraph: Fusion: L=0.347, M=0.257, S=-0.050
2026-03-24 22:30:57  INFO      TradingGraph: Running agents for AUDUSD
2026-03-24 22:30:57  INFO      TradingGraph: Completed 7 agents
2026-03-24 22:30:57  INFO      TradingGraph: Fusing timeframe signals
2026-03-24 22:30:57  INFO      TradingGraph: Fusion: L=0.311, M=-0.017, S=0.135
2026-03-24 22:30:57  INFO      TradingGraph: Running agents for NZDUSD
2026-03-24 22:30:57  INFO      TradingGraph: Completed 7 agents
2026-03-24 22:30:57  INFO      TradingGraph: Fusing timeframe signals
2026-03-24 22:30:57  INFO      TradingGraph: Fusion: L=-0.440, M=-0.024, S=0.118
2026-03-24 22:30:57  INFO      TradingGraph: Running agents for EURUSD
2026-03-24 22:30:57  INFO      TradingGraph: Completed 7 agents
2026-03-24 22:30:57  INFO      TradingGraph: Fusing timeframe signals
2026-03-24 22:30:57  INFO      TradingGraph: Fusion: L=-0.420, M=0.018, S=0.092
2026-03-24 22:30:58  INFO      TradingGraph: Running agents for GBPUSD
2026-03-24 22:30:58  INFO      TradingGraph: Completed 7 agents
2026-03-24 22:30:58  INFO      TradingGraph: Fusing timeframe signals
2026-03-24 22:30:58  INFO      TradingGraph: Fusion: L=-0.407, M=-0.185, S=0.092
2026-03-24 22:30:58  INFO      TradingGraph: Running agents for USDJPY
2026-03-24 22:30:58  INFO      TradingGraph: Completed 7 agents
2026-03-24 22:30:58  INFO      TradingGraph: Fusing timeframe signals
2026-03-24 22:30:58  INFO      TradingGraph: Fusion: L=0.347, M=0.257, S=-0.050
2026-03-24 22:30:58  INFO      TradingGraph: Running agents for AUDUSD
2026-03-24 22:30:58  INFO      TradingGraph: Completed 7 agents
2026-03-24 22:30:58  INFO      TradingGraph: Fusing timeframe signals
2026-03-24 22:30:58  INFO      TradingGraph: Fusion: L=0.311, M=-0.017, S=0.135
2026-03-24 22:30:58  INFO      TradingGraph: Running agents for NZDUSD
2026-03-24 22:30:58  INFO      TradingGraph: Completed 7 agents
2026-03-24 22:30:58  INFO      TradingGraph: Fusing timeframe signals
2026-03-24 22:30:58  INFO      TradingGraph: Fusion: L=-0.440, M=-0.024, S=0.118
2026-03-24 22:30:59  INFO      TradingGraph: Running agents for EURUSD
2026-03-24 22:30:59  INFO      TradingGraph: Completed 7 agents
2026-03-24 22:30:59  INFO      TradingGraph: Fusing timeframe signals
2026-03-24 22:30:59  INFO      TradingGraph: Fusion: L=-0.420, M=0.018, S=0.092
2026-03-24 22:30:59  INFO      TradingGraph: Running agents for GBPUSD
2026-03-24 22:30:59  INFO      TradingGraph: Completed 7 agents
2026-03-24 22:30:59  INFO      TradingGraph: Fusing timeframe signals
2026-03-24 22:30:59  INFO      TradingGraph: Fusion: L=-0.407, M=-0.185, S=0.092
2026-03-24 22:30:59  INFO      TradingGraph: Running agents for USDJPY
2026-03-24 22:30:59  INFO      TradingGraph: Completed 7 agents
2026-03-24 22:30:59  INFO      TradingGraph: Fusing timeframe signals
2026-03-24 22:30:59  INFO      TradingGraph: Fusion: L=0.347, M=0.257, S=-0.050
2026-03-24 22:30:59  INFO      TradingGraph: Running agents for AUDUSD
2026-03-24 22:30:59  INFO      TradingGraph: Completed 7 agents
2026-03-24 22:30:59  INFO      TradingGraph: Fusing timeframe signals
2026-03-24 22:30:59  INFO      TradingGraph: Fusion: L=0.311, M=-0.017, S=0.135
2026-03-24 22:31:00  INFO      TradingGraph: Running agents for NZDUSD
2026-03-24 22:31:00  INFO      TradingGraph: Completed 7 agents
2026-03-24 22:31:00  INFO      TradingGraph: Fusing timeframe signals
2026-03-24 22:31:00  INFO      TradingGraph: Fusion: L=-0.440, M=-0.024, S=0.118
2026-03-24 22:31:00  INFO      TradingGraph: Running agents for EURUSD
2026-03-24 22:31:00  INFO      TradingGraph: Completed 7 agents
2026-03-24 22:31:00  INFO      TradingGraph: Fusing timeframe signals
2026-03-24 22:31:00  INFO      TradingGraph: Fusion: L=-0.420, M=0.018, S=0.092
2026-03-24 22:31:01  INFO      TradingGraph: Running agents for GBPUSD
2026-03-24 22:31:01  INFO      TradingGraph: Completed 7 agents
2026-03-24 22:31:01  INFO      TradingGraph: Fusing timeframe signals
2026-03-24 22:31:01  INFO      TradingGraph: Fusion: L=-0.407, M=-0.185, S=0.092
2026-03-24 22:31:01  INFO      TradingGraph: Running agents for USDJPY
2026-03-24 22:31:01  INFO      TradingGraph: Completed 7 agents
2026-03-24 22:31:01  INFO      TradingGraph: Fusing timeframe signals
2026-03-24 22:31:01  INFO      TradingGraph: Fusion: L=0.347, M=0.257, S=-0.050
2026-03-24 22:31:01  INFO      TradingGraph: Running agents for AUDUSD
2026-03-24 22:31:01  INFO      TradingGraph: Completed 7 agents
2026-03-24 22:31:01  INFO      TradingGraph: Fusing timeframe signals
2026-03-24 22:31:01  INFO      TradingGraph: Fusion: L=0.311, M=-0.017, S=0.135
2026-03-24 22:31:02  INFO      TradingGraph: Running agents for NZDUSD
2026-03-24 22:31:02  INFO      TradingGraph: Completed 7 agents
2026-03-24 22:31:02  INFO      TradingGraph: Fusing timeframe signals
2026-03-24 22:31:02  INFO      TradingGraph: Fusion: L=-0.440, M=-0.024, S=0.118
2026-03-24 22:31:04  INFO      TradingRunner: Analysing EURUSD …
2026-03-24 22:31:04  INFO      TradingGraph: Running agents for EURUSD
2026-03-24 22:31:04  INFO      TradingGraph: Completed 7 agents
2026-03-24 22:31:04  INFO      TradingGraph: Fusing timeframe signals
2026-03-24 22:31:04  INFO      TradingGraph: Fusion: L=-0.420, M=0.018, S=0.092
2026-03-24 22:31:04  INFO      TradingGraph: Aligned [pullback-entry] (bearish) — proceeding [L=-0.420 M=0.018 S=0.092 breadth=-0.086]
2026-03-24 22:31:04  INFO      TradingGraph: Generating trading recipe
2026-03-24 22:31:04  INFO      TradingGraph: Generated recipe: SHORT_PULLBACK_ENTRY_EURUSD
2026-03-24 22:31:04  INFO      TradingGraph: Risk check passed
2026-03-24 22:31:04  INFO      TradingGraph: Creating trade plan
2026-03-24 22:31:05  INFO      TradingGraph: Created trade plan: entry=1.1605, sl=1.1650, tp=1.1516
2026-03-24 22:31:05  INFO      TradingGraph: Executing trade for EURUSD
2026-03-24 22:31:05  INFO      MT5Executor: EURUSD: lots=0.06 (risk=$25.00)
2026-03-24 22:31:05  INFO      MT5Executor: Market order filled: ticket=7884994933 vol=0.06
2026-03-24 22:31:05  INFO      TradingGraph: Order placed: ticket=7884994933
2026-03-24 22:31:05  INFO      OrderManager: Created order order_26_20260324_223105 for EURUSD
2026-03-24 22:31:05  INFO      TradeJournal: TRADE  EURUSD           Direction.SHORT  qty=0.06  entry=1.16052  sl=1.16496  tp=1.15165  ticket=7884994933
2026-03-24 22:31:05  INFO      TradingRunner: Analysing GBPUSD …
2026-03-24 22:31:05  INFO      TradingGraph: Running agents for GBPUSD
2026-03-24 22:31:05  INFO      TradingGraph: Completed 7 agents
2026-03-24 22:31:05  INFO      TradingGraph: Fusing timeframe signals
2026-03-24 22:31:05  INFO      TradingGraph: Fusion: L=-0.407, M=-0.185, S=0.092
2026-03-24 22:31:05  INFO      TradingGraph: Aligned [pullback-entry] (bearish) — proceeding [L=-0.407 M=-0.185 S=0.092 breadth=-0.086]
2026-03-24 22:31:05  INFO      TradingGraph: Generating trading recipe
2026-03-24 22:31:05  INFO      TradingGraph: Generated recipe: SHORT_PULLBACK_ENTRY_GBPUSD
2026-03-24 22:31:05  INFO      TradingGraph: Risk check passed
2026-03-24 22:31:05  INFO      TradingGraph: Creating trade plan
2026-03-24 22:31:05  INFO      TradingGraph: Created trade plan: entry=1.3402, sl=1.3459, tp=1.3290
2026-03-24 22:31:05  INFO      TradingGraph: Executing trade for GBPUSD
2026-03-24 22:31:05  INFO      MT5Executor: GBPUSD: lots=0.04 (risk=$25.00)
2026-03-24 22:31:05  INFO      MT5Executor: Market order filled: ticket=7884994940 vol=0.04
2026-03-24 22:31:05  INFO      TradingGraph: Order placed: ticket=7884994940
2026-03-24 22:31:05  INFO      OrderManager: Created order order_27_20260324_223105 for GBPUSD
2026-03-24 22:31:05  INFO      TradeJournal: TRADE  GBPUSD           Direction.SHORT  qty=0.04  entry=1.34024  sl=1.34588  tp=1.32897  ticket=7884994940
2026-03-24 22:31:05  INFO      TradingRunner: Analysing USDJPY …
2026-03-24 22:31:05  INFO      TradingGraph: Running agents for USDJPY
2026-03-24 22:31:05  INFO      TradingGraph: Completed 7 agents
2026-03-24 22:31:05  INFO      TradingGraph: Fusing timeframe signals
2026-03-24 22:31:05  INFO      TradingGraph: Fusion: L=0.347, M=0.257, S=-0.050
2026-03-24 22:31:05  INFO      TradingGraph: Aligned [pullback-entry] (bullish) — proceeding [L=0.347 M=0.257 S=-0.050 breadth=-0.086]
2026-03-24 22:31:05  INFO      TradingGraph: Generating trading recipe
2026-03-24 22:31:05  INFO      TradingGraph: Generated recipe: LONG_PULLBACK_ENTRY_USDJPY
2026-03-24 22:31:05  INFO      TradingGraph: Risk check passed
2026-03-24 22:31:06  INFO      TradingGraph: Creating trade plan
2026-03-24 22:31:06  INFO      TradingGraph: Created trade plan: entry=158.7100, sl=158.2141, tp=159.7018
2026-03-24 22:31:06  INFO      TradingGraph: Executing trade for USDJPY
2026-03-24 22:31:06  INFO      MT5Executor: USDJPY: lots=0.01 (risk=$25.00)
2026-03-24 22:31:06  INFO      MT5Executor: Market order filled: ticket=7884994947 vol=0.01
2026-03-24 22:31:06  INFO      TradingGraph: Order placed: ticket=7884994947
2026-03-24 22:31:06  INFO      OrderManager: Created order order_28_20260324_223106 for USDJPY
2026-03-24 22:31:06  INFO      TradeJournal: TRADE  USDJPY           Direction.LONG  qty=0.01  entry=158.71000  sl=158.21412  tp=159.70175  ticket=7884994947
2026-03-24 22:31:06  INFO      TradingRunner: Analysing USDCHF …
2026-03-24 22:31:06  INFO      TradingGraph: Running agents for USDCHF
2026-03-24 22:31:06  INFO      TradingGraph: Completed 7 agents
2026-03-24 22:31:06  INFO      TradingGraph: Fusing timeframe signals
2026-03-24 22:31:06  INFO      TradingGraph: Fusion: L=0.426, M=-0.721, S=0.167
2026-03-24 22:31:06  INFO      TradingGraph: Timeframes not aligned — stopping (L=0.426 M=-0.721 S=0.167)
2026-03-24 22:31:06  INFO      TradingRunner: Analysing AUDUSD …
2026-03-24 22:31:06  INFO      TradingGraph: Running agents for AUDUSD
2026-03-24 22:31:06  INFO      TradingGraph: Completed 7 agents
2026-03-24 22:31:06  INFO      TradingGraph: Fusing timeframe signals
2026-03-24 22:31:06  INFO      TradingGraph: Fusion: L=0.311, M=-0.017, S=0.135
2026-03-24 22:31:06  INFO      TradingGraph: Aligned [pullback-entry] (bullish) — proceeding [L=0.311 M=-0.017 S=0.135 breadth=-0.086]
2026-03-24 22:31:06  INFO      TradingGraph: Generating trading recipe
2026-03-24 22:31:06  INFO      TradingGraph: Generated recipe: LONG_PULLBACK_ENTRY_AUDUSD
2026-03-24 22:31:06  INFO      TradingGraph: Risk check passed
2026-03-24 22:31:06  INFO      TradingGraph: Creating trade plan
2026-03-24 22:31:07  INFO      TradingGraph: Created trade plan: entry=0.6994, sl=0.6947, tp=0.7087
2026-03-24 22:31:07  INFO      TradingGraph: Executing trade for AUDUSD
2026-03-24 22:31:07  INFO      MT5Executor: AUDUSD: lots=0.05 (risk=$25.00)
2026-03-24 22:31:07  INFO      MT5Executor: Market order filled: ticket=7884994963 vol=0.05
2026-03-24 22:31:07  INFO      TradingGraph: Order placed: ticket=7884994963
2026-03-24 22:31:07  INFO      OrderManager: Created order order_29_20260324_223107 for AUDUSD
2026-03-24 22:31:07  INFO      TradeJournal: TRADE  AUDUSD           Direction.LONG  qty=0.05  entry=0.69941  sl=0.69475  tp=0.70874  ticket=7884994963
2026-03-24 22:31:07  INFO      TradingRunner: Analysing USDCAD …
2026-03-24 22:31:07  INFO      TradingGraph: Running agents for USDCAD
2026-03-24 22:31:07  INFO      TradingGraph: Completed 7 agents
2026-03-24 22:31:07  INFO      TradingGraph: Fusing timeframe signals
2026-03-24 22:31:07  INFO      TradingGraph: Fusion: L=0.050, M=-0.259, S=0.138
2026-03-24 22:31:07  INFO      TradingGraph: Timeframes not aligned — stopping (L=0.050 M=-0.259 S=0.138)
2026-03-24 22:31:07  INFO      TradingRunner: Analysing NZDUSD …
2026-03-24 22:31:08  INFO      TradingGraph: Running agents for NZDUSD
2026-03-24 22:31:08  INFO      TradingGraph: Completed 7 agents
2026-03-24 22:31:08  INFO      TradingGraph: Fusing timeframe signals
2026-03-24 22:31:08  INFO      TradingGraph: Fusion: L=-0.440, M=-0.024, S=0.118
2026-03-24 22:31:08  INFO      TradingGraph: Aligned [pullback-entry] (bearish) — proceeding [L=-0.440 M=-0.024 S=0.118 breadth=-0.086]
2026-03-24 22:31:08  INFO      TradingGraph: Generating trading recipe
2026-03-24 22:31:08  INFO      TradingGraph: Generated recipe: SHORT_PULLBACK_ENTRY_NZDUSD
2026-03-24 22:31:08  INFO      TradingGraph: Risk check passed
2026-03-24 22:31:08  INFO      TradingGraph: Creating trade plan
2026-03-24 22:31:08  INFO      TradingGraph: Created trade plan: entry=0.5834, sl=0.5868, tp=0.5764
2026-03-24 22:31:08  INFO      TradingGraph: Executing trade for NZDUSD
2026-03-24 22:31:08  INFO      MT5Executor: NZDUSD: lots=0.07 (risk=$25.00)
2026-03-24 22:31:08  INFO      MT5Executor: Market order filled: ticket=7884994984 vol=0.07
2026-03-24 22:31:08  INFO      TradingGraph: Order placed: ticket=7884994984
2026-03-24 22:31:08  INFO      OrderManager: Created order order_30_20260324_223108 for NZDUSD
2026-03-24 22:31:08  INFO      TradeJournal: TRADE  NZDUSD           Direction.SHORT  qty=0.07  entry=0.58337  sl=0.58684  tp=0.57644  ticket=7884994984
2026-03-24 22:31:08  INFO      TradingRunner: Analysing XAUUSD …
2026-03-24 22:31:09  INFO      TradingGraph: Running agents for XAUUSD
2026-03-24 22:31:09  INFO      TradingGraph: Completed 7 agents
2026-03-24 22:31:09  INFO      TradingGraph: Fusing timeframe signals
2026-03-24 22:31:09  INFO      TradingGraph: Fusion: L=0.446, M=0.115, S=-0.083
2026-03-24 22:31:09  INFO      TradingGraph: Timeframes not aligned — stopping (mean-reversion blocked)
2026-03-24 22:31:17  INFO      TradingRunner: PnL — unrealized: -25.93  realized today: +0.00  total: -25.93
2026-03-24 22:31:17  INFO      TradingRunner: Cycle done in 28.0s — sleeping 272s
2026-03-24 22:35:52  INFO      TradingGraph: Running agents for EURUSD
2026-03-24 22:35:52  INFO      TradingGraph: Completed 7 agents
2026-03-24 22:35:52  INFO      TradingGraph: Fusing timeframe signals
2026-03-24 22:35:52  INFO      TradingGraph: Fusion: L=-0.420, M=0.018, S=0.092
2026-03-24 22:35:52  INFO      TradingGraph: Running agents for GBPUSD
2026-03-24 22:35:52  INFO      TradingGraph: Completed 7 agents
2026-03-24 22:35:52  INFO      TradingGraph: Fusing timeframe signals
2026-03-24 22:35:52  INFO      TradingGraph: Fusion: L=-0.407, M=-0.185, S=0.092
2026-03-24 22:35:53  INFO      TradingGraph: Running agents for NZDUSD
2026-03-24 22:35:53  INFO      TradingGraph: Completed 7 agents
2026-03-24 22:35:53  INFO      TradingGraph: Fusing timeframe signals
2026-03-24 22:35:53  INFO      TradingGraph: Fusion: L=-0.440, M=-0.024, S=0.121
2026-03-24 22:35:53  INFO      TradingGraph: Running agents for XAUUSD
2026-03-24 22:35:53  INFO      TradingGraph: Completed 7 agents
2026-03-24 22:35:53  INFO      TradingGraph: Fusing timeframe signals
2026-03-24 22:35:53  INFO      TradingGraph: Fusion: L=0.446, M=0.115, S=-0.083
2026-03-24 22:35:54  INFO      TradingGraph: Running agents for EURUSD
2026-03-24 22:35:54  INFO      TradingGraph: Completed 7 agents
2026-03-24 22:35:54  INFO      TradingGraph: Fusing timeframe signals
2026-03-24 22:35:54  INFO      TradingGraph: Fusion: L=-0.420, M=0.018, S=0.092
2026-03-24 22:35:54  INFO      TradingGraph: Running agents for GBPUSD
2026-03-24 22:35:54  INFO      TradingGraph: Completed 7 agents
2026-03-24 22:35:54  INFO      TradingGraph: Fusing timeframe signals
2026-03-24 22:35:54  INFO      TradingGraph: Fusion: L=-0.407, M=-0.185, S=0.092
2026-03-24 22:35:54  INFO      TradingGraph: Running agents for NZDUSD
2026-03-24 22:35:54  INFO      TradingGraph: Completed 7 agents
2026-03-24 22:35:54  INFO      TradingGraph: Fusing timeframe signals
2026-03-24 22:35:54  INFO      TradingGraph: Fusion: L=-0.440, M=-0.024, S=0.121
2026-03-24 22:35:55  INFO      TradingGraph: Running agents for EURUSD
2026-03-24 22:35:55  INFO      TradingGraph: Completed 7 agents
2026-03-24 22:35:55  INFO      TradingGraph: Fusing timeframe signals
2026-03-24 22:35:55  INFO      TradingGraph: Fusion: L=-0.420, M=0.018, S=0.092
2026-03-24 22:35:55  INFO      TradingGraph: Running agents for GBPUSD
2026-03-24 22:35:55  INFO      TradingGraph: Completed 7 agents
2026-03-24 22:35:55  INFO      TradingGraph: Fusing timeframe signals
2026-03-24 22:35:55  INFO      TradingGraph: Fusion: L=-0.407, M=-0.185, S=0.092
2026-03-24 22:35:55  INFO      TradingGraph: Running agents for NZDUSD
2026-03-24 22:35:55  INFO      TradingGraph: Completed 7 agents
2026-03-24 22:35:55  INFO      TradingGraph: Fusing timeframe signals
2026-03-24 22:35:55  INFO      TradingGraph: Fusion: L=-0.440, M=-0.024, S=0.121
2026-03-24 22:35:56  INFO      TradingGraph: Running agents for XAUUSD
2026-03-24 22:35:56  INFO      TradingGraph: Completed 7 agents
2026-03-24 22:35:56  INFO      TradingGraph: Fusing timeframe signals
2026-03-24 22:35:56  INFO      TradingGraph: Fusion: L=0.446, M=0.115, S=-0.083
2026-03-24 22:35:56  INFO      TradingGraph: Running agents for EURUSD
2026-03-24 22:35:56  INFO      TradingGraph: Completed 7 agents
2026-03-24 22:35:56  INFO      TradingGraph: Fusing timeframe signals
2026-03-24 22:35:56  INFO      TradingGraph: Fusion: L=-0.420, M=0.018, S=0.092
2026-03-24 22:35:56  INFO      TradingGraph: Running agents for GBPUSD
2026-03-24 22:35:56  INFO      TradingGraph: Completed 7 agents
2026-03-24 22:35:56  INFO      TradingGraph: Fusing timeframe signals
2026-03-24 22:35:56  INFO      TradingGraph: Fusion: L=-0.407, M=-0.185, S=0.092
2026-03-24 22:35:57  INFO      TradingGraph: Running agents for USDJPY
2026-03-24 22:35:57  INFO      TradingGraph: Completed 7 agents
2026-03-24 22:35:57  INFO      TradingGraph: Fusing timeframe signals
2026-03-24 22:35:57  INFO      TradingGraph: Fusion: L=0.348, M=0.274, S=-0.088
2026-03-24 22:35:57  INFO      TradingGraph: Running agents for AUDUSD
2026-03-24 22:35:57  INFO      TradingGraph: Completed 7 agents
2026-03-24 22:35:57  INFO      TradingGraph: Fusing timeframe signals
2026-03-24 22:35:57  INFO      TradingGraph: Fusion: L=0.311, M=-0.017, S=0.136
2026-03-24 22:35:57  INFO      TradingGraph: Running agents for NZDUSD
2026-03-24 22:35:57  INFO      TradingGraph: Completed 7 agents
2026-03-24 22:35:57  INFO      TradingGraph: Fusing timeframe signals
2026-03-24 22:35:57  INFO      TradingGraph: Fusion: L=-0.440, M=-0.024, S=0.121
2026-03-24 22:35:58  INFO      TradingGraph: Running agents for EURUSD
2026-03-24 22:35:58  INFO      TradingGraph: Completed 7 agents
2026-03-24 22:35:58  INFO      TradingGraph: Fusing timeframe signals
2026-03-24 22:35:58  INFO      TradingGraph: Fusion: L=-0.420, M=0.018, S=0.092
2026-03-24 22:35:58  INFO      TradingGraph: Running agents for GBPUSD
2026-03-24 22:35:58  INFO      TradingGraph: Completed 7 agents
2026-03-24 22:35:58  INFO      TradingGraph: Fusing timeframe signals
2026-03-24 22:35:58  INFO      TradingGraph: Fusion: L=-0.407, M=-0.160, S=0.003
2026-03-24 22:35:59  INFO      TradingGraph: Running agents for USDJPY
2026-03-24 22:35:59  INFO      TradingGraph: Completed 7 agents
2026-03-24 22:35:59  INFO      TradingGraph: Fusing timeframe signals
2026-03-24 22:35:59  INFO      TradingGraph: Fusion: L=0.348, M=0.274, S=-0.088
2026-03-24 22:35:59  INFO      TradingGraph: Running agents for AUDUSD
2026-03-24 22:35:59  INFO      TradingGraph: Completed 7 agents
2026-03-24 22:35:59  INFO      TradingGraph: Fusing timeframe signals
2026-03-24 22:35:59  INFO      TradingGraph: Fusion: L=0.311, M=-0.017, S=0.136
2026-03-24 22:35:59  INFO      TradingGraph: Running agents for NZDUSD
2026-03-24 22:35:59  INFO      TradingGraph: Completed 7 agents
2026-03-24 22:35:59  INFO      TradingGraph: Fusing timeframe signals
2026-03-24 22:35:59  INFO      TradingGraph: Fusion: L=-0.440, M=-0.024, S=0.121
2026-03-24 22:36:00  INFO      TradingGraph: Running agents for EURUSD
2026-03-24 22:36:00  INFO      TradingGraph: Completed 7 agents
2026-03-24 22:36:00  INFO      TradingGraph: Fusing timeframe signals
2026-03-24 22:36:00  INFO      TradingGraph: Fusion: L=-0.420, M=0.018, S=0.092
2026-03-24 22:36:00  INFO      TradingGraph: Running agents for GBPUSD
2026-03-24 22:36:00  INFO      TradingGraph: Completed 7 agents
2026-03-24 22:36:00  INFO      TradingGraph: Fusing timeframe signals
2026-03-24 22:36:00  INFO      TradingGraph: Fusion: L=-0.407, M=-0.160, S=0.003
2026-03-24 22:36:00  INFO      TradingGraph: Running agents for USDJPY
2026-03-24 22:36:00  INFO      TradingGraph: Completed 7 agents
2026-03-24 22:36:00  INFO      TradingGraph: Fusing timeframe signals
2026-03-24 22:36:00  INFO      TradingGraph: Fusion: L=0.348, M=0.274, S=-0.088
2026-03-24 22:36:01  INFO      TradingGraph: Running agents for AUDUSD
2026-03-24 22:36:01  INFO      TradingGraph: Completed 7 agents
2026-03-24 22:36:01  INFO      TradingGraph: Fusing timeframe signals
2026-03-24 22:36:01  INFO      TradingGraph: Fusion: L=0.311, M=-0.017, S=0.136
2026-03-24 22:36:01  INFO      TradingGraph: Running agents for NZDUSD
2026-03-24 22:36:01  INFO      TradingGraph: Completed 7 agents
2026-03-24 22:36:01  INFO      TradingGraph: Fusing timeframe signals
2026-03-24 22:36:01  INFO      TradingGraph: Fusion: L=-0.440, M=0.016, S=0.121
2026-03-24 22:36:01  INFO      TradingGraph: Running agents for EURUSD
2026-03-24 22:36:01  INFO      TradingGraph: Completed 7 agents
2026-03-24 22:36:01  INFO      TradingGraph: Fusing timeframe signals
2026-03-24 22:36:01  INFO      TradingGraph: Fusion: L=-0.420, M=0.018, S=0.092
2026-03-24 22:36:02  INFO      TradingGraph: Running agents for GBPUSD
2026-03-24 22:36:02  INFO      TradingGraph: Completed 7 agents
2026-03-24 22:36:02  INFO      TradingGraph: Fusing timeframe signals
2026-03-24 22:36:02  INFO      TradingGraph: Fusion: L=-0.407, M=-0.160, S=0.003
2026-03-24 22:36:02  INFO      TradingGraph: Running agents for USDJPY
2026-03-24 22:36:02  INFO      TradingGraph: Completed 7 agents
2026-03-24 22:36:02  INFO      TradingGraph: Fusing timeframe signals
2026-03-24 22:36:02  INFO      TradingGraph: Fusion: L=0.348, M=0.274, S=-0.164
2026-03-24 22:36:03  INFO      TradingGraph: Running agents for AUDUSD
2026-03-24 22:36:03  INFO      TradingGraph: Completed 7 agents
2026-03-24 22:36:03  INFO      TradingGraph: Fusing timeframe signals
2026-03-24 22:36:03  INFO      TradingGraph: Fusion: L=0.311, M=-0.017, S=0.136
2026-03-24 22:36:03  INFO      TradingGraph: Running agents for NZDUSD
2026-03-24 22:36:03  INFO      TradingGraph: Completed 7 agents
2026-03-24 22:36:03  INFO      TradingGraph: Fusing timeframe signals
2026-03-24 22:36:03  INFO      TradingGraph: Fusion: L=-0.440, M=-0.024, S=0.121
2026-03-24 22:36:03  INFO      TradingGraph: Running agents for EURUSD
2026-03-24 22:36:03  INFO      TradingGraph: Completed 7 agents
2026-03-24 22:36:03  INFO      TradingGraph: Fusing timeframe signals
2026-03-24 22:36:03  INFO      TradingGraph: Fusion: L=-0.420, M=0.018, S=0.092
2026-03-24 22:36:04  INFO      TradingGraph: Running agents for GBPUSD
2026-03-24 22:36:04  INFO      TradingGraph: Completed 7 agents
2026-03-24 22:36:04  INFO      TradingGraph: Fusing timeframe signals
2026-03-24 22:36:04  INFO      TradingGraph: Fusion: L=-0.407, M=-0.160, S=0.003
2026-03-24 22:36:04  INFO      TradingGraph: Running agents for USDJPY
2026-03-24 22:36:04  INFO      TradingGraph: Completed 7 agents
2026-03-24 22:36:04  INFO      TradingGraph: Fusing timeframe signals
2026-03-24 22:36:04  INFO      TradingGraph: Fusion: L=0.348, M=0.274, S=-0.088
2026-03-24 22:36:05  INFO      TradingGraph: Running agents for AUDUSD
2026-03-24 22:36:05  INFO      TradingGraph: Completed 7 agents
2026-03-24 22:36:05  INFO      TradingGraph: Fusing timeframe signals
2026-03-24 22:36:05  INFO      TradingGraph: Fusion: L=0.311, M=-0.017, S=0.136
2026-03-24 22:36:05  INFO      TradingGraph: Running agents for NZDUSD
2026-03-24 22:36:05  INFO      TradingGraph: Completed 7 agents
2026-03-24 22:36:05  INFO      TradingGraph: Fusing timeframe signals
2026-03-24 22:36:05  INFO      TradingGraph: Fusion: L=-0.440, M=0.016, S=0.121
2026-03-24 22:36:06  INFO      TradingGraph: Running agents for EURUSD
2026-03-24 22:36:06  INFO      TradingGraph: Completed 7 agents
2026-03-24 22:36:06  INFO      TradingGraph: Fusing timeframe signals
2026-03-24 22:36:06  INFO      TradingGraph: Fusion: L=-0.420, M=0.018, S=0.092
2026-03-24 22:36:06  INFO      TradingGraph: Running agents for GBPUSD
2026-03-24 22:36:06  INFO      TradingGraph: Completed 7 agents
2026-03-24 22:36:06  INFO      TradingGraph: Fusing timeframe signals
2026-03-24 22:36:06  INFO      TradingGraph: Fusion: L=-0.407, M=-0.160, S=0.003
2026-03-24 22:36:06  INFO      TradingGraph: Running agents for USDJPY
2026-03-24 22:36:06  INFO      TradingGraph: Completed 7 agents
2026-03-24 22:36:06  INFO      TradingGraph: Fusing timeframe signals
2026-03-24 22:36:06  INFO      TradingGraph: Fusion: L=0.348, M=0.274, S=-0.088
2026-03-24 22:36:07  INFO      TradingGraph: Running agents for AUDUSD
2026-03-24 22:36:07  INFO      TradingGraph: Completed 7 agents
2026-03-24 22:36:07  INFO      TradingGraph: Fusing timeframe signals
2026-03-24 22:36:07  INFO      TradingGraph: Fusion: L=0.311, M=-0.017, S=0.136
2026-03-24 22:36:07  INFO      TradingGraph: Running agents for NZDUSD
2026-03-24 22:36:07  INFO      TradingGraph: Completed 7 agents
2026-03-24 22:36:07  INFO      TradingGraph: Fusing timeframe signals
2026-03-24 22:36:07  INFO      TradingGraph: Fusion: L=-0.440, M=0.016, S=0.121
2026-03-24 22:36:11  INFO      TradingRunner: Analysing EURUSD …
2026-03-24 22:36:12  INFO      TradingGraph: Running agents for EURUSD
2026-03-24 22:36:12  INFO      TradingGraph: Completed 7 agents
2026-03-24 22:36:12  INFO      TradingGraph: Fusing timeframe signals
2026-03-24 22:36:12  INFO      TradingGraph: Fusion: L=-0.420, M=0.018, S=0.092
2026-03-24 22:36:12  INFO      TradingGraph: Aligned [pullback-entry] (bearish) — proceeding [L=-0.420 M=0.018 S=0.092 breadth=-0.086]
2026-03-24 22:36:12  INFO      TradingGraph: Generating trading recipe
2026-03-24 22:36:12  INFO      TradingGraph: Generated recipe: SHORT_PULLBACK_ENTRY_EURUSD
2026-03-24 22:36:12  INFO      TradingGraph: Risk check passed
2026-03-24 22:36:12  INFO      TradingGraph: Creating trade plan
2026-03-24 22:36:12  INFO      TradingGraph: Created trade plan: entry=1.1605, sl=1.1649, tp=1.1516
2026-03-24 22:36:12  INFO      TradingGraph: Executing trade for EURUSD
2026-03-24 22:36:12  INFO      MT5Executor: EURUSD: lots=0.06 (risk=$25.00)
2026-03-24 22:36:12  INFO      MT5Executor: Market order filled: ticket=7885001006 vol=0.06
2026-03-24 22:36:12  INFO      TradingGraph: Order placed: ticket=7885001006
2026-03-24 22:36:12  INFO      OrderManager: Created order order_31_20260324_223612 for EURUSD
2026-03-24 22:36:12  INFO      TradeJournal: TRADE  EURUSD           Direction.SHORT  qty=0.06  entry=1.16049  sl=1.16493  tp=1.15162  ticket=7885001006
2026-03-24 22:36:12  INFO      TradingRunner: Analysing GBPUSD …
2026-03-24 22:36:12  INFO      TradingGraph: Running agents for GBPUSD
2026-03-24 22:36:12  INFO      TradingGraph: Completed 7 agents
2026-03-24 22:36:12  INFO      TradingGraph: Fusing timeframe signals
2026-03-24 22:36:12  INFO      TradingGraph: Fusion: L=-0.407, M=-0.160, S=0.003
2026-03-24 22:36:12  INFO      TradingGraph: Aligned [pullback-entry] (bearish) — proceeding [L=-0.407 M=-0.160 S=0.003 breadth=-0.086]
2026-03-24 22:36:12  INFO      TradingGraph: Generating trading recipe
2026-03-24 22:36:12  INFO      TradingGraph: Generated recipe: SHORT_PULLBACK_ENTRY_GBPUSD
2026-03-24 22:36:12  INFO      TradingGraph: Risk check passed
2026-03-24 22:36:12  INFO      TradingGraph: Creating trade plan
2026-03-24 22:36:12  INFO      TradingGraph: Created trade plan: entry=1.3408, sl=1.3465, tp=1.3296
2026-03-24 22:36:12  INFO      TradingGraph: Executing trade for GBPUSD
2026-03-24 22:36:12  INFO      MT5Executor: GBPUSD: lots=0.04 (risk=$25.00)
2026-03-24 22:36:12  INFO      MT5Executor: Market order filled: ticket=7885001041 vol=0.04
2026-03-24 22:36:12  INFO      TradingGraph: Order placed: ticket=7885001041
2026-03-24 22:36:12  INFO      OrderManager: Created order order_32_20260324_223612 for GBPUSD
2026-03-24 22:36:12  INFO      TradeJournal: TRADE  GBPUSD           Direction.SHORT  qty=0.04  entry=1.34083  sl=1.34647  tp=1.32956  ticket=7885001041
2026-03-24 22:36:12  INFO      TradingRunner: Analysing USDJPY …
2026-03-24 22:36:13  INFO      TradingGraph: Running agents for USDJPY
2026-03-24 22:36:13  INFO      TradingGraph: Completed 7 agents
2026-03-24 22:36:13  INFO      TradingGraph: Fusing timeframe signals
2026-03-24 22:36:13  INFO      TradingGraph: Fusion: L=0.347, M=0.274, S=-0.088
2026-03-24 22:36:13  INFO      TradingGraph: Aligned [pullback-entry] (bullish) — proceeding [L=0.347 M=0.274 S=-0.088 breadth=-0.086]
2026-03-24 22:36:13  INFO      TradingGraph: Generating trading recipe
2026-03-24 22:36:13  INFO      TradingGraph: Generated recipe: LONG_PULLBACK_ENTRY_USDJPY
2026-03-24 22:36:13  INFO      TradingGraph: Risk check passed
2026-03-24 22:36:13  INFO      TradingGraph: Creating trade plan
2026-03-24 22:36:13  INFO      TradingGraph: Created trade plan: entry=158.6830, sl=158.1871, tp=159.6748
2026-03-24 22:36:13  INFO      TradingGraph: Executing trade for USDJPY
2026-03-24 22:36:13  INFO      MT5Executor: USDJPY: lots=0.01 (risk=$25.00)
2026-03-24 22:36:13  INFO      MT5Executor: Market order filled: ticket=7885001065 vol=0.01
2026-03-24 22:36:13  INFO      TradingGraph: Order placed: ticket=7885001065
2026-03-24 22:36:13  INFO      OrderManager: Created order order_33_20260324_223613 for USDJPY
2026-03-24 22:36:13  INFO      TradeJournal: TRADE  USDJPY           Direction.LONG  qty=0.01  entry=158.68300  sl=158.18712  tp=159.67475  ticket=7885001065
2026-03-24 22:36:13  INFO      TradingRunner: Analysing USDCHF …
2026-03-24 22:36:13  INFO      TradingGraph: Running agents for USDCHF
2026-03-24 22:36:13  INFO      TradingGraph: Completed 7 agents
2026-03-24 22:36:13  INFO      TradingGraph: Fusing timeframe signals
2026-03-24 22:36:13  INFO      TradingGraph: Fusion: L=0.426, M=-0.721, S=0.169
2026-03-24 22:36:13  INFO      TradingGraph: Timeframes not aligned — stopping (L=0.426 M=-0.721 S=0.169)
2026-03-24 22:36:13  INFO      TradingRunner: Analysing AUDUSD …
2026-03-24 22:36:14  INFO      TradingGraph: Running agents for AUDUSD
2026-03-24 22:36:14  INFO      TradingGraph: Completed 7 agents
2026-03-24 22:36:14  INFO      TradingGraph: Fusing timeframe signals
2026-03-24 22:36:14  INFO      TradingGraph: Fusion: L=0.311, M=-0.017, S=0.136
2026-03-24 22:36:14  INFO      TradingGraph: Aligned [pullback-entry] (bullish) — proceeding [L=0.311 M=-0.017 S=0.136 breadth=-0.086]
2026-03-24 22:36:14  INFO      TradingGraph: Generating trading recipe
2026-03-24 22:36:14  INFO      TradingGraph: Generated recipe: LONG_PULLBACK_ENTRY_AUDUSD
2026-03-24 22:36:14  INFO      TradingGraph: Risk check passed
2026-03-24 22:36:14  INFO      TradingGraph: Creating trade plan
2026-03-24 22:36:14  INFO      TradingGraph: Created trade plan: entry=0.6997, sl=0.6950, tp=0.7090
2026-03-24 22:36:14  INFO      TradingGraph: Executing trade for AUDUSD
2026-03-24 22:36:14  INFO      MT5Executor: AUDUSD: lots=0.05 (risk=$25.00)
2026-03-24 22:36:14  INFO      MT5Executor: Market order filled: ticket=7885001101 vol=0.05
2026-03-24 22:36:14  INFO      TradingGraph: Order placed: ticket=7885001101
2026-03-24 22:36:14  INFO      OrderManager: Created order order_34_20260324_223614 for AUDUSD
2026-03-24 22:36:14  INFO      TradeJournal: TRADE  AUDUSD           Direction.LONG  qty=0.05  entry=0.69969  sl=0.69503  tp=0.70902  ticket=7885001101
2026-03-24 22:36:14  INFO      TradingRunner: Analysing USDCAD …
2026-03-24 22:36:14  INFO      TradingGraph: Running agents for USDCAD
2026-03-24 22:36:14  INFO      TradingGraph: Completed 7 agents
2026-03-24 22:36:14  INFO      TradingGraph: Fusing timeframe signals
2026-03-24 22:36:14  INFO      TradingGraph: Fusion: L=0.050, M=-0.259, S=0.138
2026-03-24 22:36:14  INFO      TradingGraph: Timeframes not aligned — stopping (L=0.050 M=-0.259 S=0.138)
2026-03-24 22:36:14  INFO      TradingRunner: Analysing NZDUSD …
2026-03-24 22:36:14  INFO      TradingGraph: Running agents for NZDUSD
2026-03-24 22:36:14  INFO      TradingGraph: Completed 7 agents
2026-03-24 22:36:14  INFO      TradingGraph: Fusing timeframe signals
2026-03-24 22:36:14  INFO      TradingGraph: Fusion: L=-0.440, M=0.016, S=0.121
2026-03-24 22:36:14  INFO      TradingGraph: Aligned [pullback-entry] (bearish) — proceeding [L=-0.440 M=0.016 S=0.121 breadth=-0.086]
2026-03-24 22:36:14  INFO      TradingGraph: Generating trading recipe
2026-03-24 22:36:14  INFO      TradingGraph: Generated recipe: SHORT_PULLBACK_ENTRY_NZDUSD
2026-03-24 22:36:14  INFO      TradingGraph: Risk check passed
2026-03-24 22:36:14  INFO      TradingGraph: Creating trade plan
2026-03-24 22:36:15  INFO      TradingGraph: Created trade plan: entry=0.5835, sl=0.5870, tp=0.5766
2026-03-24 22:36:15  INFO      TradingGraph: Executing trade for NZDUSD
2026-03-24 22:36:15  INFO      MT5Executor: NZDUSD: lots=0.07 (risk=$25.00)
2026-03-24 22:36:15  INFO      MT5Executor: Market order filled: ticket=7885001144 vol=0.07
2026-03-24 22:36:15  INFO      TradingGraph: Order placed: ticket=7885001144
2026-03-24 22:36:15  INFO      OrderManager: Created order order_35_20260324_223615 for NZDUSD
2026-03-24 22:36:15  INFO      TradeJournal: TRADE  NZDUSD           Direction.SHORT  qty=0.07  entry=0.58352  sl=0.58700  tp=0.57656  ticket=7885001144
2026-03-24 22:36:15  INFO      TradingRunner: Analysing XAUUSD …
2026-03-24 22:36:15  INFO      TradingGraph: Running agents for XAUUSD
2026-03-24 22:36:15  INFO      TradingGraph: Completed 7 agents
2026-03-24 22:36:15  INFO      TradingGraph: Fusing timeframe signals
2026-03-24 22:36:15  INFO      TradingGraph: Fusion: L=0.446, M=0.115, S=-0.083
2026-03-24 22:36:15  INFO      TradingGraph: Timeframes not aligned — stopping (mean-reversion blocked)
2026-03-24 22:36:23  INFO      TradingRunner: PnL — unrealized: -51.59  realized today: +0.00  total: -51.59
2026-03-24 22:36:23  INFO      TradingRunner: Cycle done in 33.7s — sleeping 266s
2026-03-24 22:40:52  INFO      TradingGraph: Running agents for EURUSD
2026-03-24 22:40:52  INFO      TradingGraph: Completed 7 agents
2026-03-24 22:40:52  INFO      TradingGraph: Fusing timeframe signals
2026-03-24 22:40:52  INFO      TradingGraph: Fusion: L=-0.420, M=0.018, S=0.092
2026-03-24 22:40:52  INFO      TradingGraph: Running agents for GBPUSD
2026-03-24 22:40:52  INFO      TradingGraph: Completed 7 agents
2026-03-24 22:40:52  INFO      TradingGraph: Fusing timeframe signals
2026-03-24 22:40:52  INFO      TradingGraph: Fusion: L=-0.407, M=-0.160, S=0.003
2026-03-24 22:40:52  INFO      TradingGraph: Running agents for NZDUSD
2026-03-24 22:40:52  INFO      TradingGraph: Completed 7 agents
2026-03-24 22:40:52  INFO      TradingGraph: Fusing timeframe signals
2026-03-24 22:40:52  INFO      TradingGraph: Fusion: L=-0.440, M=0.016, S=-0.003
2026-03-24 22:40:53  INFO      TradingGraph: Running agents for XAUUSD
2026-03-24 22:40:53  INFO      TradingGraph: Completed 7 agents
2026-03-24 22:40:53  INFO      TradingGraph: Fusing timeframe signals
2026-03-24 22:40:53  INFO      TradingGraph: Fusion: L=0.446, M=0.115, S=-0.083
2026-03-24 22:40:53  INFO      TradingGraph: Running agents for EURUSD
2026-03-24 22:40:53  INFO      TradingGraph: Completed 7 agents
2026-03-24 22:40:53  INFO      TradingGraph: Fusing timeframe signals
2026-03-24 22:40:53  INFO      TradingGraph: Fusion: L=-0.420, M=0.018, S=0.092
2026-03-24 22:40:54  INFO      TradingGraph: Running agents for GBPUSD
2026-03-24 22:40:54  INFO      TradingGraph: Completed 7 agents
2026-03-24 22:40:54  INFO      TradingGraph: Fusing timeframe signals
2026-03-24 22:40:54  INFO      TradingGraph: Fusion: L=-0.407, M=-0.160, S=0.003
2026-03-24 22:40:54  INFO      TradingGraph: Running agents for NZDUSD
2026-03-24 22:40:54  INFO      TradingGraph: Completed 7 agents
2026-03-24 22:40:54  INFO      TradingGraph: Fusing timeframe signals
2026-03-24 22:40:54  INFO      TradingGraph: Fusion: L=-0.440, M=0.016, S=-0.003
2026-03-24 22:40:54  INFO      TradingGraph: Running agents for EURUSD
2026-03-24 22:40:54  INFO      TradingGraph: Completed 7 agents
2026-03-24 22:40:54  INFO      TradingGraph: Fusing timeframe signals
2026-03-24 22:40:54  INFO      TradingGraph: Fusion: L=-0.420, M=0.018, S=0.092
2026-03-24 22:40:54  INFO      TradingGraph: Running agents for GBPUSD
2026-03-24 22:40:54  INFO      TradingGraph: Completed 7 agents
2026-03-24 22:40:54  INFO      TradingGraph: Fusing timeframe signals
2026-03-24 22:40:54  INFO      TradingGraph: Fusion: L=-0.407, M=-0.160, S=0.003
2026-03-24 22:40:55  INFO      TradingGraph: Running agents for NZDUSD
2026-03-24 22:40:55  INFO      TradingGraph: Completed 7 agents
2026-03-24 22:40:55  INFO      TradingGraph: Fusing timeframe signals
2026-03-24 22:40:55  INFO      TradingGraph: Fusion: L=-0.440, M=0.016, S=-0.003
2026-03-24 22:40:55  INFO      TradingGraph: Running agents for XAUUSD
2026-03-24 22:40:55  INFO      TradingGraph: Completed 7 agents
2026-03-24 22:40:55  INFO      TradingGraph: Fusing timeframe signals
2026-03-24 22:40:55  INFO      TradingGraph: Fusion: L=0.446, M=0.115, S=-0.083
2026-03-24 22:40:55  INFO      TradingGraph: Running agents for EURUSD
2026-03-24 22:40:55  INFO      TradingGraph: Completed 7 agents
2026-03-24 22:40:55  INFO      TradingGraph: Fusing timeframe signals
2026-03-24 22:40:55  INFO      TradingGraph: Fusion: L=-0.420, M=0.018, S=0.092
2026-03-24 22:40:55  INFO      TradingGraph: Running agents for GBPUSD
2026-03-24 22:40:55  INFO      TradingGraph: Completed 7 agents
2026-03-24 22:40:55  INFO      TradingGraph: Fusing timeframe signals
2026-03-24 22:40:55  INFO      TradingGraph: Fusion: L=-0.407, M=-0.160, S=0.003
2026-03-24 22:40:56  INFO      TradingGraph: Running agents for USDJPY
2026-03-24 22:40:56  INFO      TradingGraph: Completed 7 agents
2026-03-24 22:40:56  INFO      TradingGraph: Fusing timeframe signals
2026-03-24 22:40:56  INFO      TradingGraph: Fusion: L=0.348, M=0.274, S=-0.088
2026-03-24 22:40:56  INFO      TradingGraph: Running agents for AUDUSD
2026-03-24 22:40:56  INFO      TradingGraph: Completed 7 agents
2026-03-24 22:40:56  INFO      TradingGraph: Fusing timeframe signals
2026-03-24 22:40:56  INFO      TradingGraph: Fusion: L=0.311, M=-0.017, S=0.136
2026-03-24 22:40:56  INFO      TradingGraph: Running agents for NZDUSD
2026-03-24 22:40:56  INFO      TradingGraph: Completed 7 agents
2026-03-24 22:40:56  INFO      TradingGraph: Fusing timeframe signals
2026-03-24 22:40:56  INFO      TradingGraph: Fusion: L=-0.440, M=0.016, S=-0.003
2026-03-24 22:40:57  INFO      TradingGraph: Running agents for EURUSD
2026-03-24 22:40:57  INFO      TradingGraph: Completed 7 agents
2026-03-24 22:40:57  INFO      TradingGraph: Fusing timeframe signals
2026-03-24 22:40:57  INFO      TradingGraph: Fusion: L=-0.420, M=0.018, S=0.092
2026-03-24 22:40:57  INFO      TradingGraph: Running agents for GBPUSD
2026-03-24 22:40:57  INFO      TradingGraph: Completed 7 agents
2026-03-24 22:40:57  INFO      TradingGraph: Fusing timeframe signals
2026-03-24 22:40:57  INFO      TradingGraph: Fusion: L=-0.407, M=-0.160, S=0.003
2026-03-24 22:40:57  INFO      TradingGraph: Running agents for USDJPY
2026-03-24 22:40:57  INFO      TradingGraph: Completed 7 agents
2026-03-24 22:40:57  INFO      TradingGraph: Fusing timeframe signals
2026-03-24 22:40:57  INFO      TradingGraph: Fusion: L=0.348, M=0.274, S=-0.088
2026-03-24 22:40:57  INFO      TradingGraph: Running agents for AUDUSD
2026-03-24 22:40:57  INFO      TradingGraph: Completed 7 agents
2026-03-24 22:40:57  INFO      TradingGraph: Fusing timeframe signals
2026-03-24 22:40:57  INFO      TradingGraph: Fusion: L=0.311, M=-0.017, S=0.136
2026-03-24 22:40:58  INFO      TradingGraph: Running agents for NZDUSD
2026-03-24 22:40:58  INFO      TradingGraph: Completed 7 agents
2026-03-24 22:40:58  INFO      TradingGraph: Fusing timeframe signals
2026-03-24 22:40:58  INFO      TradingGraph: Fusion: L=-0.440, M=0.016, S=-0.003
2026-03-24 22:40:58  INFO      TradingGraph: Running agents for EURUSD
2026-03-24 22:40:58  INFO      TradingGraph: Completed 7 agents
2026-03-24 22:40:58  INFO      TradingGraph: Fusing timeframe signals
2026-03-24 22:40:58  INFO      TradingGraph: Fusion: L=-0.420, M=0.018, S=0.092
2026-03-24 22:40:58  INFO      TradingGraph: Running agents for GBPUSD
2026-03-24 22:40:58  INFO      TradingGraph: Completed 7 agents
2026-03-24 22:40:58  INFO      TradingGraph: Fusing timeframe signals
2026-03-24 22:40:58  INFO      TradingGraph: Fusion: L=-0.407, M=-0.160, S=0.003
2026-03-24 22:40:59  INFO      TradingGraph: Running agents for USDJPY
2026-03-24 22:40:59  INFO      TradingGraph: Completed 7 agents
2026-03-24 22:40:59  INFO      TradingGraph: Fusing timeframe signals
2026-03-24 22:40:59  INFO      TradingGraph: Fusion: L=0.348, M=0.274, S=-0.088
2026-03-24 22:40:59  INFO      TradingGraph: Running agents for AUDUSD
2026-03-24 22:40:59  INFO      TradingGraph: Completed 7 agents
2026-03-24 22:40:59  INFO      TradingGraph: Fusing timeframe signals
2026-03-24 22:40:59  INFO      TradingGraph: Fusion: L=0.311, M=-0.017, S=0.136
2026-03-24 22:40:59  INFO      TradingGraph: Running agents for NZDUSD
2026-03-24 22:40:59  INFO      TradingGraph: Completed 7 agents
2026-03-24 22:40:59  INFO      TradingGraph: Fusing timeframe signals
2026-03-24 22:40:59  INFO      TradingGraph: Fusion: L=-0.440, M=0.016, S=-0.003
2026-03-24 22:40:59  INFO      TradingGraph: Running agents for EURUSD
2026-03-24 22:40:59  INFO      TradingGraph: Completed 7 agents
2026-03-24 22:40:59  INFO      TradingGraph: Fusing timeframe signals
2026-03-24 22:40:59  INFO      TradingGraph: Fusion: L=-0.420, M=0.018, S=0.092
2026-03-24 22:40:59  INFO      TradingGraph: Running agents for GBPUSD
2026-03-24 22:40:59  INFO      TradingGraph: Completed 7 agents
2026-03-24 22:40:59  INFO      TradingGraph: Fusing timeframe signals
2026-03-24 22:40:59  INFO      TradingGraph: Fusion: L=-0.407, M=-0.160, S=0.003
2026-03-24 22:41:00  INFO      TradingGraph: Running agents for USDJPY
2026-03-24 22:41:00  INFO      TradingGraph: Completed 7 agents
2026-03-24 22:41:00  INFO      TradingGraph: Fusing timeframe signals
2026-03-24 22:41:00  INFO      TradingGraph: Fusion: L=0.348, M=0.274, S=-0.088
2026-03-24 22:41:00  INFO      TradingGraph: Running agents for AUDUSD
2026-03-24 22:41:00  INFO      TradingGraph: Completed 7 agents
2026-03-24 22:41:00  INFO      TradingGraph: Fusing timeframe signals
2026-03-24 22:41:00  INFO      TradingGraph: Fusion: L=0.311, M=-0.017, S=0.136
2026-03-24 22:41:01  INFO      TradingGraph: Running agents for NZDUSD
2026-03-24 22:41:01  INFO      TradingGraph: Completed 7 agents
2026-03-24 22:41:01  INFO      TradingGraph: Fusing timeframe signals
2026-03-24 22:41:01  INFO      TradingGraph: Fusion: L=-0.440, M=0.016, S=0.039
2026-03-24 22:41:01  INFO      TradingGraph: Running agents for EURUSD
2026-03-24 22:41:01  INFO      TradingGraph: Completed 7 agents
2026-03-24 22:41:01  INFO      TradingGraph: Fusing timeframe signals
2026-03-24 22:41:01  INFO      TradingGraph: Fusion: L=-0.420, M=0.018, S=0.092
2026-03-24 22:41:02  INFO      TradingGraph: Running agents for GBPUSD
2026-03-24 22:41:02  INFO      TradingGraph: Completed 7 agents
2026-03-24 22:41:02  INFO      TradingGraph: Fusing timeframe signals
2026-03-24 22:41:02  INFO      TradingGraph: Fusion: L=-0.407, M=-0.160, S=0.003
2026-03-24 22:41:02  INFO      TradingGraph: Running agents for USDJPY
2026-03-24 22:41:02  INFO      TradingGraph: Completed 7 agents
2026-03-24 22:41:02  INFO      TradingGraph: Fusing timeframe signals
2026-03-24 22:41:02  INFO      TradingGraph: Fusion: L=0.348, M=0.274, S=-0.088
2026-03-24 22:41:03  INFO      TradingGraph: Running agents for AUDUSD
2026-03-24 22:41:03  INFO      TradingGraph: Completed 7 agents
2026-03-24 22:41:03  INFO      TradingGraph: Fusing timeframe signals
2026-03-24 22:41:03  INFO      TradingGraph: Fusion: L=0.311, M=-0.017, S=0.136
2026-03-24 22:41:03  INFO      TradingGraph: Running agents for NZDUSD
2026-03-24 22:41:03  INFO      TradingGraph: Completed 7 agents
2026-03-24 22:41:03  INFO      TradingGraph: Fusing timeframe signals
2026-03-24 22:41:03  INFO      TradingGraph: Fusion: L=-0.440, M=0.016, S=0.039
2026-03-24 22:41:04  INFO      TradingGraph: Running agents for EURUSD
2026-03-24 22:41:04  INFO      TradingGraph: Completed 7 agents
2026-03-24 22:41:04  INFO      TradingGraph: Fusing timeframe signals
2026-03-24 22:41:04  INFO      TradingGraph: Fusion: L=-0.420, M=0.018, S=0.092
2026-03-24 22:41:04  INFO      TradingGraph: Running agents for GBPUSD
2026-03-24 22:41:04  INFO      TradingGraph: Completed 7 agents
2026-03-24 22:41:04  INFO      TradingGraph: Fusing timeframe signals
2026-03-24 22:41:04  INFO      TradingGraph: Fusion: L=-0.407, M=-0.160, S=0.003
2026-03-24 22:41:04  INFO      TradingGraph: Running agents for USDJPY
2026-03-24 22:41:04  INFO      TradingGraph: Completed 7 agents
2026-03-24 22:41:04  INFO      TradingGraph: Fusing timeframe signals
2026-03-24 22:41:04  INFO      TradingGraph: Fusion: L=0.348, M=0.274, S=-0.088
2026-03-24 22:41:05  INFO      TradingGraph: Running agents for AUDUSD
2026-03-24 22:41:05  INFO      TradingGraph: Completed 7 agents
2026-03-24 22:41:05  INFO      TradingGraph: Fusing timeframe signals
2026-03-24 22:41:05  INFO      TradingGraph: Fusion: L=0.311, M=-0.017, S=0.136
2026-03-24 22:41:05  INFO      TradingGraph: Running agents for NZDUSD
2026-03-24 22:41:05  INFO      TradingGraph: Completed 7 agents
2026-03-24 22:41:05  INFO      TradingGraph: Fusing timeframe signals
2026-03-24 22:41:05  INFO      TradingGraph: Fusion: L=-0.440, M=0.016, S=0.039
2026-03-24 22:41:05  INFO      TradingGraph: Running agents for EURUSD
2026-03-24 22:41:05  INFO      TradingGraph: Completed 7 agents
2026-03-24 22:41:05  INFO      TradingGraph: Fusing timeframe signals
2026-03-24 22:41:05  INFO      TradingGraph: Fusion: L=-0.420, M=0.018, S=0.092
2026-03-24 22:41:06  INFO      TradingGraph: Running agents for GBPUSD
2026-03-24 22:41:06  INFO      TradingGraph: Completed 7 agents
2026-03-24 22:41:06  INFO      TradingGraph: Fusing timeframe signals
2026-03-24 22:41:06  INFO      TradingGraph: Fusion: L=-0.407, M=-0.160, S=0.003
2026-03-24 22:41:06  INFO      TradingGraph: Running agents for USDJPY
2026-03-24 22:41:06  INFO      TradingGraph: Completed 7 agents
2026-03-24 22:41:06  INFO      TradingGraph: Fusing timeframe signals
2026-03-24 22:41:06  INFO      TradingGraph: Fusion: L=0.348, M=0.274, S=-0.088
2026-03-24 22:41:07  INFO      TradingGraph: Running agents for AUDUSD
2026-03-24 22:41:07  INFO      TradingGraph: Completed 7 agents
2026-03-24 22:41:07  INFO      TradingGraph: Fusing timeframe signals
2026-03-24 22:41:07  INFO      TradingGraph: Fusion: L=0.311, M=-0.017, S=0.136
2026-03-24 22:41:07  INFO      TradingGraph: Running agents for NZDUSD
2026-03-24 22:41:07  INFO      TradingGraph: Completed 7 agents
2026-03-24 22:41:07  INFO      TradingGraph: Fusing timeframe signals
2026-03-24 22:41:07  INFO      TradingGraph: Fusion: L=-0.440, M=0.016, S=0.039
2026-03-24 22:41:10  INFO      TradingRunner: Analysing EURUSD …
2026-03-24 22:41:11  INFO      TradingGraph: Running agents for EURUSD
2026-03-24 22:41:11  INFO      TradingGraph: Completed 7 agents
2026-03-24 22:41:11  INFO      TradingGraph: Fusing timeframe signals
2026-03-24 22:41:11  INFO      TradingGraph: Fusion: L=-0.420, M=0.018, S=0.092
2026-03-24 22:41:11  INFO      TradingGraph: Aligned [pullback-entry] (bearish) — proceeding [L=-0.420 M=0.018 S=0.092 breadth=-0.086]
2026-03-24 22:41:11  INFO      TradingGraph: Generating trading recipe
2026-03-24 22:41:11  INFO      TradingGraph: Generated recipe: SHORT_PULLBACK_ENTRY_EURUSD
2026-03-24 22:41:11  INFO      TradingGraph: Risk check passed
2026-03-24 22:41:11  INFO      TradingGraph: Creating trade plan
2026-03-24 22:41:11  INFO      TradingGraph: Created trade plan: entry=1.1605, sl=1.1649, tp=1.1516
2026-03-24 22:41:11  INFO      TradingGraph: Executing trade for EURUSD
2026-03-24 22:41:11  INFO      MT5Executor: EURUSD: lots=0.06 (risk=$25.00)
2026-03-24 22:41:11  INFO      MT5Executor: Market order filled: ticket=7885007357 vol=0.06
2026-03-24 22:41:11  INFO      TradingGraph: Order placed: ticket=7885007357
2026-03-24 22:41:11  INFO      OrderManager: Created order order_36_20260324_224111 for EURUSD
2026-03-24 22:41:11  INFO      TradeJournal: TRADE  EURUSD           Direction.SHORT  qty=0.06  entry=1.16048  sl=1.16492  tp=1.15161  ticket=7885007357
2026-03-24 22:41:11  INFO      TradingRunner: Analysing GBPUSD …
2026-03-24 22:41:12  INFO      TradingGraph: Running agents for GBPUSD
2026-03-24 22:41:12  INFO      TradingGraph: Completed 7 agents
2026-03-24 22:41:12  INFO      TradingGraph: Fusing timeframe signals
2026-03-24 22:41:12  INFO      TradingGraph: Fusion: L=-0.407, M=-0.160, S=0.003
2026-03-24 22:41:12  INFO      TradingGraph: Aligned [pullback-entry] (bearish) — proceeding [L=-0.407 M=-0.160 S=0.003 breadth=-0.086]
2026-03-24 22:41:12  INFO      TradingGraph: Generating trading recipe
2026-03-24 22:41:12  INFO      TradingGraph: Generated recipe: SHORT_PULLBACK_ENTRY_GBPUSD
2026-03-24 22:41:12  INFO      TradingGraph: Risk check passed
2026-03-24 22:41:12  INFO      TradingGraph: Creating trade plan
2026-03-24 22:41:12  INFO      TradingGraph: Created trade plan: entry=1.3409, sl=1.3465, tp=1.3295
2026-03-24 22:41:12  INFO      TradingGraph: Executing trade for GBPUSD
2026-03-24 22:41:12  INFO      MT5Executor: GBPUSD: lots=0.04 (risk=$25.00)
2026-03-24 22:41:12  INFO      MT5Executor: Market order filled: ticket=7885007439 vol=0.04
2026-03-24 22:41:12  INFO      TradingGraph: Order placed: ticket=7885007439
2026-03-24 22:41:12  INFO      OrderManager: Created order order_37_20260324_224112 for GBPUSD
2026-03-24 22:41:12  INFO      TradeJournal: TRADE  GBPUSD           Direction.SHORT  qty=0.04  entry=1.34086  sl=1.34652  tp=1.32953  ticket=7885007439
2026-03-24 22:41:12  INFO      TradingRunner: Analysing USDJPY …
2026-03-24 22:41:13  INFO      TradingGraph: Running agents for USDJPY
2026-03-24 22:41:13  INFO      TradingGraph: Completed 7 agents
2026-03-24 22:41:13  INFO      TradingGraph: Fusing timeframe signals
2026-03-24 22:41:13  INFO      TradingGraph: Fusion: L=0.348, M=0.274, S=-0.088
2026-03-24 22:41:13  INFO      TradingGraph: Aligned [pullback-entry] (bullish) — proceeding [L=0.348 M=0.274 S=-0.088 breadth=-0.086]
2026-03-24 22:41:13  INFO      TradingGraph: Generating trading recipe
2026-03-24 22:41:13  INFO      TradingGraph: Generated recipe: LONG_PULLBACK_ENTRY_USDJPY
2026-03-24 22:41:13  INFO      TradingGraph: Risk check passed
2026-03-24 22:41:13  INFO      TradingGraph: Creating trade plan
2026-03-24 22:41:13  INFO      TradingGraph: Created trade plan: entry=158.6860, sl=158.1901, tp=159.6778
2026-03-24 22:41:13  INFO      TradingGraph: Executing trade for USDJPY
2026-03-24 22:41:13  INFO      MT5Executor: USDJPY: lots=0.01 (risk=$25.00)
2026-03-24 22:41:13  INFO      MT5Executor: Market order filled: ticket=7885007447 vol=0.01
2026-03-24 22:41:13  INFO      TradingGraph: Order placed: ticket=7885007447
2026-03-24 22:41:13  INFO      OrderManager: Created order order_38_20260324_224113 for USDJPY
2026-03-24 22:41:13  INFO      TradeJournal: TRADE  USDJPY           Direction.LONG  qty=0.01  entry=158.68600  sl=158.19012  tp=159.67775  ticket=7885007447
2026-03-24 22:41:13  INFO      TradingRunner: Analysing USDCHF …
2026-03-24 22:41:13  INFO      TradingGraph: Running agents for USDCHF
2026-03-24 22:41:13  INFO      TradingGraph: Completed 7 agents
2026-03-24 22:41:13  INFO      TradingGraph: Fusing timeframe signals
2026-03-24 22:41:13  INFO      TradingGraph: Fusion: L=0.426, M=-0.721, S=0.169
2026-03-24 22:41:13  INFO      TradingGraph: Timeframes not aligned — stopping (L=0.426 M=-0.721 S=0.169)
2026-03-24 22:41:13  INFO      TradingRunner: Analysing AUDUSD …
2026-03-24 22:41:14  INFO      TradingGraph: Running agents for AUDUSD
2026-03-24 22:41:14  INFO      TradingGraph: Completed 7 agents
2026-03-24 22:41:14  INFO      TradingGraph: Fusing timeframe signals
2026-03-24 22:41:14  INFO      TradingGraph: Fusion: L=0.311, M=-0.017, S=0.136
2026-03-24 22:41:14  INFO      TradingGraph: Aligned [pullback-entry] (bullish) — proceeding [L=0.311 M=-0.017 S=0.136 breadth=-0.086]
2026-03-24 22:41:14  INFO      TradingGraph: Generating trading recipe
2026-03-24 22:41:14  INFO      TradingGraph: Generated recipe: LONG_PULLBACK_ENTRY_AUDUSD
2026-03-24 22:41:14  INFO      TradingGraph: Risk check passed
2026-03-24 22:41:14  INFO      TradingGraph: Creating trade plan
2026-03-24 22:41:14  INFO      TradingGraph: Created trade plan: entry=0.6997, sl=0.6950, tp=0.7090
2026-03-24 22:41:14  INFO      TradingGraph: Executing trade for AUDUSD
2026-03-24 22:41:14  INFO      MT5Executor: AUDUSD: lots=0.05 (risk=$25.00)
2026-03-24 22:41:14  INFO      MT5Executor: Market order filled: ticket=7885007463 vol=0.05
2026-03-24 22:41:14  INFO      TradingGraph: Order placed: ticket=7885007463
2026-03-24 22:41:14  INFO      OrderManager: Created order order_39_20260324_224114 for AUDUSD
2026-03-24 22:41:14  INFO      TradeJournal: TRADE  AUDUSD           Direction.LONG  qty=0.05  entry=0.69969  sl=0.69503  tp=0.70902  ticket=7885007463
2026-03-24 22:41:14  INFO      TradingRunner: Analysing USDCAD …
2026-03-24 22:41:14  INFO      TradingGraph: Running agents for USDCAD
2026-03-24 22:41:14  INFO      TradingGraph: Completed 7 agents
2026-03-24 22:41:14  INFO      TradingGraph: Fusing timeframe signals
2026-03-24 22:41:14  INFO      TradingGraph: Fusion: L=0.050, M=-0.244, S=0.140
2026-03-24 22:41:14  INFO      TradingGraph: Timeframes not aligned — stopping (L=0.050 M=-0.244 S=0.140)
2026-03-24 22:41:14  INFO      TradingRunner: Analysing NZDUSD …
2026-03-24 22:41:15  INFO      TradingGraph: Running agents for NZDUSD
2026-03-24 22:41:15  INFO      TradingGraph: Completed 7 agents
2026-03-24 22:41:15  INFO      TradingGraph: Fusing timeframe signals
2026-03-24 22:41:15  INFO      TradingGraph: Fusion: L=-0.440, M=0.016, S=0.039
2026-03-24 22:41:15  INFO      TradingGraph: Aligned [pullback-entry] (bearish) — proceeding [L=-0.440 M=0.016 S=0.039 breadth=-0.086]
2026-03-24 22:41:15  INFO      TradingGraph: Generating trading recipe
2026-03-24 22:41:15  INFO      TradingGraph: Generated recipe: SHORT_PULLBACK_ENTRY_NZDUSD
2026-03-24 22:41:15  INFO      TradingGraph: Risk check passed
2026-03-24 22:41:15  INFO      TradingGraph: Creating trade plan
2026-03-24 22:41:15  INFO      TradingGraph: Created trade plan: entry=0.5838, sl=0.5873, tp=0.5768
2026-03-24 22:41:15  INFO      TradingGraph: Executing trade for NZDUSD
2026-03-24 22:41:15  INFO      MT5Executor: NZDUSD: lots=0.07 (risk=$25.00)
2026-03-24 22:41:15  INFO      MT5Executor: Market order filled: ticket=7885007481 vol=0.07
2026-03-24 22:41:15  INFO      TradingGraph: Order placed: ticket=7885007481
2026-03-24 22:41:15  INFO      OrderManager: Created order order_40_20260324_224115 for NZDUSD
2026-03-24 22:41:15  INFO      TradeJournal: TRADE  NZDUSD           Direction.SHORT  qty=0.07  entry=0.58381  sl=0.58732  tp=0.57679  ticket=7885007481
2026-03-24 22:41:15  INFO      TradingRunner: Analysing XAUUSD …
2026-03-24 22:41:15  INFO      TradingGraph: Running agents for XAUUSD
2026-03-24 22:41:15  INFO      TradingGraph: Completed 7 agents
2026-03-24 22:41:15  INFO      TradingGraph: Fusing timeframe signals
2026-03-24 22:41:15  INFO      TradingGraph: Fusion: L=0.446, M=0.115, S=-0.083
2026-03-24 22:41:15  INFO      TradingGraph: Timeframes not aligned — stopping (mean-reversion blocked)
2026-03-24 22:41:30  INFO      TradingRunner: PnL — unrealized: -81.47  realized today: +0.00  total: -81.47
2026-03-24 22:41:30  INFO      TradingRunner: Cycle done in 39.8s — sleeping 260s
2026-03-24 22:45:53  INFO      TradingGraph: Running agents for EURUSD
2026-03-24 22:45:53  INFO      TradingGraph: Completed 7 agents
2026-03-24 22:45:53  INFO      TradingGraph: Fusing timeframe signals
2026-03-24 22:45:53  INFO      TradingGraph: Fusion: L=-0.420, M=0.019, S=0.091
2026-03-24 22:45:53  INFO      TradingGraph: Running agents for GBPUSD
2026-03-24 22:45:53  INFO      TradingGraph: Completed 7 agents
2026-03-24 22:45:53  INFO      TradingGraph: Fusing timeframe signals
2026-03-24 22:45:53  INFO      TradingGraph: Fusion: L=-0.407, M=-0.160, S=0.093
2026-03-24 22:45:53  INFO      TradingGraph: Running agents for NZDUSD
2026-03-24 22:45:53  INFO      TradingGraph: Completed 7 agents
2026-03-24 22:45:53  INFO      TradingGraph: Fusing timeframe signals
2026-03-24 22:45:53  INFO      TradingGraph: Fusion: L=-0.440, M=-0.024, S=0.121
2026-03-24 22:45:54  INFO      TradingGraph: Running agents for XAUUSD
2026-03-24 22:45:54  INFO      TradingGraph: Completed 7 agents
2026-03-24 22:45:54  INFO      TradingGraph: Fusing timeframe signals
2026-03-24 22:45:54  INFO      TradingGraph: Fusion: L=0.446, M=0.115, S=-0.083
2026-03-24 22:45:54  INFO      TradingGraph: Running agents for EURUSD
2026-03-24 22:45:54  INFO      TradingGraph: Completed 7 agents
2026-03-24 22:45:54  INFO      TradingGraph: Fusing timeframe signals
2026-03-24 22:45:54  INFO      TradingGraph: Fusion: L=-0.420, M=0.019, S=0.091
2026-03-24 22:45:54  INFO      TradingGraph: Running agents for GBPUSD
2026-03-24 22:45:54  INFO      TradingGraph: Completed 7 agents
2026-03-24 22:45:54  INFO      TradingGraph: Fusing timeframe signals
2026-03-24 22:45:54  INFO      TradingGraph: Fusion: L=-0.407, M=-0.160, S=0.093
2026-03-24 22:45:55  INFO      TradingGraph: Running agents for NZDUSD
2026-03-24 22:45:55  INFO      TradingGraph: Completed 7 agents
2026-03-24 22:45:55  INFO      TradingGraph: Fusing timeframe signals
2026-03-24 22:45:55  INFO      TradingGraph: Fusion: L=-0.440, M=-0.024, S=0.121
2026-03-24 22:45:55  INFO      TradingGraph: Running agents for EURUSD
2026-03-24 22:45:55  INFO      TradingGraph: Completed 7 agents
2026-03-24 22:45:55  INFO      TradingGraph: Fusing timeframe signals
2026-03-24 22:45:55  INFO      TradingGraph: Fusion: L=-0.420, M=0.019, S=0.091
2026-03-24 22:45:55  INFO      TradingGraph: Running agents for GBPUSD
2026-03-24 22:45:55  INFO      TradingGraph: Completed 7 agents
2026-03-24 22:45:55  INFO      TradingGraph: Fusing timeframe signals
2026-03-24 22:45:55  INFO      TradingGraph: Fusion: L=-0.407, M=-0.160, S=0.093
2026-03-24 22:45:55  INFO      TradingGraph: Running agents for NZDUSD
2026-03-24 22:45:55  INFO      TradingGraph: Completed 7 agents
2026-03-24 22:45:55  INFO      TradingGraph: Fusing timeframe signals
2026-03-24 22:45:55  INFO      TradingGraph: Fusion: L=-0.440, M=-0.024, S=0.121
2026-03-24 22:45:56  INFO      TradingGraph: Running agents for XAUUSD
2026-03-24 22:45:56  INFO      TradingGraph: Completed 7 agents
2026-03-24 22:45:56  INFO      TradingGraph: Fusing timeframe signals
2026-03-24 22:45:56  INFO      TradingGraph: Fusion: L=0.446, M=0.115, S=-0.083
2026-03-24 22:45:56  INFO      TradingGraph: Running agents for EURUSD
2026-03-24 22:45:56  INFO      TradingGraph: Completed 7 agents
2026-03-24 22:45:56  INFO      TradingGraph: Fusing timeframe signals
2026-03-24 22:45:56  INFO      TradingGraph: Fusion: L=-0.420, M=0.019, S=0.091
2026-03-24 22:45:56  INFO      TradingGraph: Running agents for GBPUSD
2026-03-24 22:45:56  INFO      TradingGraph: Completed 7 agents
2026-03-24 22:45:56  INFO      TradingGraph: Fusing timeframe signals
2026-03-24 22:45:56  INFO      TradingGraph: Fusion: L=-0.407, M=-0.160, S=0.093
2026-03-24 22:45:56  INFO      TradingGraph: Running agents for USDJPY
2026-03-24 22:45:56  INFO      TradingGraph: Completed 7 agents
2026-03-24 22:45:56  INFO      TradingGraph: Fusing timeframe signals
2026-03-24 22:45:56  INFO      TradingGraph: Fusion: L=0.347, M=0.274, S=-0.164
2026-03-24 22:45:57  INFO      TradingGraph: Running agents for AUDUSD
2026-03-24 22:45:57  INFO      TradingGraph: Completed 7 agents
2026-03-24 22:45:57  INFO      TradingGraph: Fusing timeframe signals
2026-03-24 22:45:57  INFO      TradingGraph: Fusion: L=0.312, M=-0.017, S=0.168
2026-03-24 22:45:57  INFO      TradingGraph: Running agents for NZDUSD
2026-03-24 22:45:57  INFO      TradingGraph: Completed 7 agents
2026-03-24 22:45:57  INFO      TradingGraph: Fusing timeframe signals
2026-03-24 22:45:57  INFO      TradingGraph: Fusion: L=-0.440, M=-0.024, S=0.121
2026-03-24 22:45:57  INFO      TradingGraph: Running agents for EURUSD
2026-03-24 22:45:57  INFO      TradingGraph: Completed 7 agents
2026-03-24 22:45:57  INFO      TradingGraph: Fusing timeframe signals
2026-03-24 22:45:57  INFO      TradingGraph: Fusion: L=-0.420, M=0.019, S=0.091
2026-03-24 22:45:58  INFO      TradingGraph: Running agents for GBPUSD
2026-03-24 22:45:58  INFO      TradingGraph: Completed 7 agents
2026-03-24 22:45:58  INFO      TradingGraph: Fusing timeframe signals
2026-03-24 22:45:58  INFO      TradingGraph: Fusion: L=-0.407, M=-0.160, S=0.093
2026-03-24 22:45:58  INFO      TradingGraph: Running agents for USDJPY
2026-03-24 22:45:58  INFO      TradingGraph: Completed 7 agents
2026-03-24 22:45:58  INFO      TradingGraph: Fusing timeframe signals
2026-03-24 22:45:58  INFO      TradingGraph: Fusion: L=0.347, M=0.274, S=-0.164
2026-03-24 22:45:58  INFO      TradingGraph: Running agents for AUDUSD
2026-03-24 22:45:58  INFO      TradingGraph: Completed 7 agents
2026-03-24 22:45:58  INFO      TradingGraph: Fusing timeframe signals
2026-03-24 22:45:58  INFO      TradingGraph: Fusion: L=0.312, M=-0.017, S=0.168
2026-03-24 22:45:59  INFO      TradingGraph: Running agents for NZDUSD
2026-03-24 22:45:59  INFO      TradingGraph: Completed 7 agents
2026-03-24 22:45:59  INFO      TradingGraph: Fusing timeframe signals
2026-03-24 22:45:59  INFO      TradingGraph: Fusion: L=-0.440, M=-0.024, S=0.121
2026-03-24 22:45:59  INFO      TradingGraph: Running agents for EURUSD
2026-03-24 22:45:59  INFO      TradingGraph: Completed 7 agents
2026-03-24 22:45:59  INFO      TradingGraph: Fusing timeframe signals
2026-03-24 22:45:59  INFO      TradingGraph: Fusion: L=-0.420, M=0.019, S=0.091
2026-03-24 22:45:59  INFO      TradingGraph: Running agents for GBPUSD
2026-03-24 22:45:59  INFO      TradingGraph: Completed 7 agents
2026-03-24 22:45:59  INFO      TradingGraph: Fusing timeframe signals
2026-03-24 22:45:59  INFO      TradingGraph: Fusion: L=-0.407, M=-0.160, S=0.017
2026-03-24 22:45:59  INFO      TradingGraph: Running agents for USDJPY
2026-03-24 22:45:59  INFO      TradingGraph: Completed 7 agents
2026-03-24 22:45:59  INFO      TradingGraph: Fusing timeframe signals
2026-03-24 22:45:59  INFO      TradingGraph: Fusion: L=0.347, M=0.274, S=-0.164
2026-03-24 22:46:00  INFO      TradingGraph: Running agents for AUDUSD
2026-03-24 22:46:00  INFO      TradingGraph: Completed 7 agents
2026-03-24 22:46:00  INFO      TradingGraph: Fusing timeframe signals
2026-03-24 22:46:00  INFO      TradingGraph: Fusion: L=0.312, M=-0.017, S=0.168
2026-03-24 22:46:00  INFO      TradingGraph: Running agents for NZDUSD
2026-03-24 22:46:00  INFO      TradingGraph: Completed 7 agents
2026-03-24 22:46:00  INFO      TradingGraph: Fusing timeframe signals
2026-03-24 22:46:00  INFO      TradingGraph: Fusion: L=-0.440, M=-0.024, S=0.121
2026-03-24 22:46:00  INFO      TradingGraph: Running agents for EURUSD
2026-03-24 22:46:00  INFO      TradingGraph: Completed 7 agents
2026-03-24 22:46:00  INFO      TradingGraph: Fusing timeframe signals
2026-03-24 22:46:00  INFO      TradingGraph: Fusion: L=-0.420, M=0.019, S=0.091
2026-03-24 22:46:01  INFO      TradingGraph: Running agents for GBPUSD
2026-03-24 22:46:01  INFO      TradingGraph: Completed 7 agents
2026-03-24 22:46:01  INFO      TradingGraph: Fusing timeframe signals
2026-03-24 22:46:01  INFO      TradingGraph: Fusion: L=-0.407, M=-0.160, S=0.017
2026-03-24 22:46:01  INFO      TradingGraph: Running agents for USDJPY
2026-03-24 22:46:01  INFO      TradingGraph: Completed 7 agents
2026-03-24 22:46:01  INFO      TradingGraph: Fusing timeframe signals
2026-03-24 22:46:01  INFO      TradingGraph: Fusion: L=0.347, M=0.274, S=-0.164
2026-03-24 22:46:02  INFO      TradingGraph: Running agents for AUDUSD
2026-03-24 22:46:02  INFO      TradingGraph: Completed 7 agents
2026-03-24 22:46:02  INFO      TradingGraph: Fusing timeframe signals
2026-03-24 22:46:02  INFO      TradingGraph: Fusion: L=0.312, M=-0.017, S=0.168
2026-03-24 22:46:02  INFO      TradingGraph: Running agents for NZDUSD
2026-03-24 22:46:02  INFO      TradingGraph: Completed 7 agents
2026-03-24 22:46:02  INFO      TradingGraph: Fusing timeframe signals
2026-03-24 22:46:02  INFO      TradingGraph: Fusion: L=-0.440, M=-0.024, S=0.121
2026-03-24 22:46:02  INFO      TradingGraph: Running agents for EURUSD
2026-03-24 22:46:02  INFO      TradingGraph: Completed 7 agents
2026-03-24 22:46:02  INFO      TradingGraph: Fusing timeframe signals
2026-03-24 22:46:02  INFO      TradingGraph: Fusion: L=-0.420, M=0.019, S=0.091
2026-03-24 22:46:03  INFO      TradingGraph: Running agents for GBPUSD
2026-03-24 22:46:03  INFO      TradingGraph: Completed 7 agents
2026-03-24 22:46:03  INFO      TradingGraph: Fusing timeframe signals
2026-03-24 22:46:03  INFO      TradingGraph: Fusion: L=-0.407, M=-0.160, S=0.001
2026-03-24 22:46:03  INFO      TradingGraph: Running agents for USDJPY
2026-03-24 22:46:03  INFO      TradingGraph: Completed 7 agents
2026-03-24 22:46:03  INFO      TradingGraph: Fusing timeframe signals
2026-03-24 22:46:03  INFO      TradingGraph: Fusion: L=0.347, M=0.274, S=-0.164
2026-03-24 22:46:03  INFO      TradingGraph: Running agents for AUDUSD
2026-03-24 22:46:03  INFO      TradingGraph: Completed 7 agents
2026-03-24 22:46:03  INFO      TradingGraph: Fusing timeframe signals
2026-03-24 22:46:03  INFO      TradingGraph: Fusion: L=0.312, M=-0.017, S=0.168
2026-03-24 22:46:04  INFO      TradingGraph: Running agents for NZDUSD
2026-03-24 22:46:04  INFO      TradingGraph: Completed 7 agents
2026-03-24 22:46:04  INFO      TradingGraph: Fusing timeframe signals
2026-03-24 22:46:04  INFO      TradingGraph: Fusion: L=-0.440, M=-0.024, S=0.121
2026-03-24 22:46:04  INFO      TradingGraph: Running agents for EURUSD
2026-03-24 22:46:04  INFO      TradingGraph: Completed 7 agents
2026-03-24 22:46:04  INFO      TradingGraph: Fusing timeframe signals
2026-03-24 22:46:04  INFO      TradingGraph: Fusion: L=-0.420, M=0.019, S=0.091
2026-03-24 22:46:05  INFO      TradingGraph: Running agents for GBPUSD
2026-03-24 22:46:05  INFO      TradingGraph: Completed 7 agents
2026-03-24 22:46:05  INFO      TradingGraph: Fusing timeframe signals
2026-03-24 22:46:05  INFO      TradingGraph: Fusion: L=-0.407, M=-0.160, S=0.001
2026-03-24 22:46:05  INFO      TradingGraph: Running agents for USDJPY
2026-03-24 22:46:05  INFO      TradingGraph: Completed 7 agents
2026-03-24 22:46:05  INFO      TradingGraph: Fusing timeframe signals
2026-03-24 22:46:05  INFO      TradingGraph: Fusion: L=0.347, M=0.274, S=-0.164
2026-03-24 22:46:05  INFO      TradingGraph: Running agents for AUDUSD
2026-03-24 22:46:05  INFO      TradingGraph: Completed 7 agents
2026-03-24 22:46:05  INFO      TradingGraph: Fusing timeframe signals
2026-03-24 22:46:05  INFO      TradingGraph: Fusion: L=0.312, M=-0.017, S=0.168
2026-03-24 22:46:05  INFO      TradingGraph: Running agents for NZDUSD
2026-03-24 22:46:05  INFO      TradingGraph: Completed 7 agents
2026-03-24 22:46:05  INFO      TradingGraph: Fusing timeframe signals
2026-03-24 22:46:05  INFO      TradingGraph: Fusion: L=-0.440, M=-0.024, S=0.121
2026-03-24 22:46:06  INFO      TradingGraph: Running agents for EURUSD
2026-03-24 22:46:06  INFO      TradingGraph: Completed 7 agents
2026-03-24 22:46:06  INFO      TradingGraph: Fusing timeframe signals
2026-03-24 22:46:06  INFO      TradingGraph: Fusion: L=-0.420, M=0.019, S=0.091
2026-03-24 22:46:06  INFO      TradingGraph: Running agents for GBPUSD
2026-03-24 22:46:06  INFO      TradingGraph: Completed 7 agents
2026-03-24 22:46:06  INFO      TradingGraph: Fusing timeframe signals
2026-03-24 22:46:06  INFO      TradingGraph: Fusion: L=-0.407, M=-0.160, S=0.001
2026-03-24 22:46:07  INFO      TradingGraph: Running agents for USDJPY
2026-03-24 22:46:07  INFO      TradingGraph: Completed 7 agents
2026-03-24 22:46:07  INFO      TradingGraph: Fusing timeframe signals
2026-03-24 22:46:07  INFO      TradingGraph: Fusion: L=0.347, M=0.274, S=-0.164
2026-03-24 22:46:07  INFO      TradingGraph: Running agents for AUDUSD
2026-03-24 22:46:07  INFO      TradingGraph: Completed 7 agents
2026-03-24 22:46:07  INFO      TradingGraph: Fusing timeframe signals
2026-03-24 22:46:07  INFO      TradingGraph: Fusion: L=0.312, M=-0.017, S=0.168
2026-03-24 22:46:07  INFO      TradingGraph: Running agents for NZDUSD
2026-03-24 22:46:07  INFO      TradingGraph: Completed 7 agents
2026-03-24 22:46:07  INFO      TradingGraph: Fusing timeframe signals
2026-03-24 22:46:07  INFO      TradingGraph: Fusion: L=-0.440, M=-0.024, S=0.121
2026-03-24 22:46:08  INFO      TradingGraph: Running agents for EURUSD
2026-03-24 22:46:08  INFO      TradingGraph: Completed 7 agents
2026-03-24 22:46:08  INFO      TradingGraph: Fusing timeframe signals
2026-03-24 22:46:08  INFO      TradingGraph: Fusion: L=-0.420, M=0.019, S=0.091
2026-03-24 22:46:08  INFO      TradingGraph: Running agents for GBPUSD
2026-03-24 22:46:08  INFO      TradingGraph: Completed 7 agents
2026-03-24 22:46:08  INFO      TradingGraph: Fusing timeframe signals
2026-03-24 22:46:08  INFO      TradingGraph: Fusion: L=-0.407, M=-0.160, S=0.001
2026-03-24 22:46:08  INFO      TradingGraph: Running agents for USDJPY
2026-03-24 22:46:08  INFO      TradingGraph: Completed 7 agents
2026-03-24 22:46:08  INFO      TradingGraph: Fusing timeframe signals
2026-03-24 22:46:08  INFO      TradingGraph: Fusion: L=0.347, M=0.274, S=-0.164
2026-03-24 22:46:08  INFO      TradingGraph: Running agents for AUDUSD
2026-03-24 22:46:08  INFO      TradingGraph: Completed 7 agents
2026-03-24 22:46:08  INFO      TradingGraph: Fusing timeframe signals
2026-03-24 22:46:08  INFO      TradingGraph: Fusion: L=0.312, M=-0.017, S=0.168
2026-03-24 22:46:09  INFO      TradingGraph: Running agents for NZDUSD
2026-03-24 22:46:09  INFO      TradingGraph: Completed 7 agents
2026-03-24 22:46:09  INFO      TradingGraph: Fusing timeframe signals
2026-03-24 22:46:09  INFO      TradingGraph: Fusion: L=-0.440, M=-0.024, S=0.121
2026-03-24 22:46:12  INFO      TradingRunner: Analysing EURUSD …
2026-03-24 22:46:12  INFO      TradingGraph: Running agents for EURUSD
2026-03-24 22:46:12  INFO      TradingGraph: Completed 7 agents
2026-03-24 22:46:12  INFO      TradingGraph: Fusing timeframe signals
2026-03-24 22:46:12  INFO      TradingGraph: Fusion: L=-0.420, M=0.019, S=0.091
2026-03-24 22:46:12  INFO      TradingGraph: Aligned [pullback-entry] (bearish) — proceeding [L=-0.420 M=0.019 S=0.091 breadth=-0.086]
2026-03-24 22:46:12  INFO      TradingGraph: Generating trading recipe
2026-03-24 22:46:12  INFO      TradingGraph: Generated recipe: SHORT_PULLBACK_ENTRY_EURUSD
2026-03-24 22:46:12  INFO      TradingGraph: Risk check passed
2026-03-24 22:46:12  INFO      TradingGraph: Creating trade plan
2026-03-24 22:46:12  INFO      TradingGraph: Created trade plan: entry=1.1608, sl=1.1652, tp=1.1519
2026-03-24 22:46:12  INFO      TradingGraph: Executing trade for EURUSD
2026-03-24 22:46:12  INFO      MT5Executor: EURUSD: lots=0.06 (risk=$25.00)
2026-03-24 22:46:12  INFO      MT5Executor: Market order filled: ticket=7885013077 vol=0.06
2026-03-24 22:46:12  INFO      TradingGraph: Order placed: ticket=7885013077
2026-03-24 22:46:12  INFO      OrderManager: Created order order_41_20260324_224612 for EURUSD
2026-03-24 22:46:12  INFO      TradeJournal: TRADE  EURUSD           Direction.SHORT  qty=0.06  entry=1.16076  sl=1.16520  tp=1.15189  ticket=7885013077
2026-03-24 22:46:12  INFO      TradingRunner: Analysing GBPUSD …
2026-03-24 22:46:12  INFO      TradingGraph: Running agents for GBPUSD
2026-03-24 22:46:12  INFO      TradingGraph: Completed 7 agents
2026-03-24 22:46:12  INFO      TradingGraph: Fusing timeframe signals
2026-03-24 22:46:12  INFO      TradingGraph: Fusion: L=-0.407, M=-0.160, S=0.001
2026-03-24 22:46:12  INFO      TradingGraph: Aligned [pullback-entry] (bearish) — proceeding [L=-0.407 M=-0.160 S=0.001 breadth=-0.086]
2026-03-24 22:46:12  INFO      TradingGraph: Generating trading recipe
2026-03-24 22:46:12  INFO      TradingGraph: Generated recipe: SHORT_PULLBACK_ENTRY_GBPUSD
2026-03-24 22:46:12  INFO      TradingGraph: Risk check passed
2026-03-24 22:46:12  INFO      TradingGraph: Creating trade plan
2026-03-24 22:46:13  INFO      TradingGraph: Created trade plan: entry=1.3410, sl=1.3467, tp=1.3297
2026-03-24 22:46:13  INFO      TradingGraph: Executing trade for GBPUSD
2026-03-24 22:46:13  INFO      MT5Executor: GBPUSD: lots=0.04 (risk=$25.00)
2026-03-24 22:46:13  INFO      MT5Executor: Market order filled: ticket=7885013081 vol=0.04
2026-03-24 22:46:13  INFO      TradingGraph: Order placed: ticket=7885013081
2026-03-24 22:46:13  INFO      OrderManager: Created order order_42_20260324_224613 for GBPUSD
2026-03-24 22:46:13  INFO      TradeJournal: TRADE  GBPUSD           Direction.SHORT  qty=0.04  entry=1.34101  sl=1.34667  tp=1.32968  ticket=7885013081
2026-03-24 22:46:13  INFO      TradingRunner: Analysing USDJPY …
2026-03-24 22:46:13  INFO      TradingGraph: Running agents for USDJPY
2026-03-24 22:46:13  INFO      TradingGraph: Completed 7 agents
2026-03-24 22:46:13  INFO      TradingGraph: Fusing timeframe signals
2026-03-24 22:46:13  INFO      TradingGraph: Fusion: L=0.347, M=0.274, S=-0.164
2026-03-24 22:46:13  INFO      TradingGraph: Aligned [pullback-entry] (bullish) — proceeding [L=0.347 M=0.274 S=-0.164 breadth=-0.086]
2026-03-24 22:46:13  INFO      TradingGraph: Generating trading recipe
2026-03-24 22:46:13  INFO      TradingGraph: Generated recipe: LONG_PULLBACK_ENTRY_USDJPY
2026-03-24 22:46:13  INFO      TradingGraph: Risk check passed
2026-03-24 22:46:13  INFO      TradingGraph: Creating trade plan
2026-03-24 22:46:13  INFO      TradingGraph: Created trade plan: entry=158.6760, sl=158.1801, tp=159.6678
2026-03-24 22:46:13  INFO      TradingGraph: Executing trade for USDJPY
2026-03-24 22:46:13  INFO      MT5Executor: USDJPY: lots=0.01 (risk=$25.00)
2026-03-24 22:46:13  INFO      MT5Executor: Market order filled: ticket=7885013089 vol=0.01
2026-03-24 22:46:13  INFO      TradingGraph: Order placed: ticket=7885013089
2026-03-24 22:46:13  INFO      OrderManager: Created order order_43_20260324_224613 for USDJPY
2026-03-24 22:46:13  INFO      TradeJournal: TRADE  USDJPY           Direction.LONG  qty=0.01  entry=158.67600  sl=158.18012  tp=159.66775  ticket=7885013089
2026-03-24 22:46:13  INFO      TradingRunner: Analysing USDCHF …
2026-03-24 22:46:14  INFO      TradingGraph: Running agents for USDCHF
2026-03-24 22:46:14  INFO      TradingGraph: Completed 7 agents
2026-03-24 22:46:14  INFO      TradingGraph: Fusing timeframe signals
2026-03-24 22:46:14  INFO      TradingGraph: Fusion: L=0.426, M=-0.721, S=0.075
2026-03-24 22:46:14  INFO      TradingGraph: Timeframes not aligned — stopping (L=0.426 M=-0.721 S=0.075)
2026-03-24 22:46:14  INFO      TradingRunner: Analysing AUDUSD …
2026-03-24 22:46:14  INFO      TradingGraph: Running agents for AUDUSD
2026-03-24 22:46:14  INFO      TradingGraph: Completed 7 agents
2026-03-24 22:46:14  INFO      TradingGraph: Fusing timeframe signals
2026-03-24 22:46:14  INFO      TradingGraph: Fusion: L=0.312, M=-0.017, S=0.168
2026-03-24 22:46:14  INFO      TradingGraph: Aligned [pullback-entry] (bullish) — proceeding [L=0.312 M=-0.017 S=0.168 breadth=-0.086]
2026-03-24 22:46:14  INFO      TradingGraph: Generating trading recipe
2026-03-24 22:46:14  INFO      TradingGraph: Generated recipe: LONG_PULLBACK_ENTRY_AUDUSD
2026-03-24 22:46:14  INFO      TradingGraph: Risk check passed
2026-03-24 22:46:14  INFO      TradingGraph: Creating trade plan
2026-03-24 22:46:15  INFO      TradingGraph: Created trade plan: entry=0.6996, sl=0.6950, tp=0.7090
2026-03-24 22:46:15  INFO      TradingGraph: Executing trade for AUDUSD
2026-03-24 22:46:15  INFO      MT5Executor: AUDUSD: lots=0.05 (risk=$25.00)
2026-03-24 22:46:15  INFO      MT5Executor: Market order filled: ticket=7885013106 vol=0.05
2026-03-24 22:46:15  INFO      TradingGraph: Order placed: ticket=7885013106
2026-03-24 22:46:15  INFO      OrderManager: Created order order_44_20260324_224615 for AUDUSD
2026-03-24 22:46:15  INFO      TradeJournal: TRADE  AUDUSD           Direction.LONG  qty=0.05  entry=0.69964  sl=0.69498  tp=0.70897  ticket=7885013106
2026-03-24 22:46:15  INFO      TradingRunner: Analysing USDCAD …
2026-03-24 22:46:15  INFO      TradingGraph: Running agents for USDCAD
2026-03-24 22:46:15  INFO      TradingGraph: Completed 7 agents
2026-03-24 22:46:15  INFO      TradingGraph: Fusing timeframe signals
2026-03-24 22:46:15  INFO      TradingGraph: Fusion: L=0.050, M=-0.259, S=0.101
2026-03-24 22:46:15  INFO      TradingGraph: Timeframes not aligned — stopping (L=0.050 M=-0.259 S=0.101)
2026-03-24 22:46:15  INFO      TradingRunner: Analysing NZDUSD …
2026-03-24 22:46:16  INFO      TradingGraph: Running agents for NZDUSD
2026-03-24 22:46:16  INFO      TradingGraph: Completed 7 agents
2026-03-24 22:46:16  INFO      TradingGraph: Fusing timeframe signals
2026-03-24 22:46:16  INFO      TradingGraph: Fusion: L=-0.440, M=-0.024, S=0.121
2026-03-24 22:46:16  INFO      TradingGraph: Aligned [pullback-entry] (bearish) — proceeding [L=-0.440 M=-0.024 S=0.121 breadth=-0.086]
2026-03-24 22:46:16  INFO      TradingGraph: Generating trading recipe
2026-03-24 22:46:16  INFO      TradingGraph: Generated recipe: SHORT_PULLBACK_ENTRY_NZDUSD
2026-03-24 22:46:16  INFO      TradingGraph: Risk check passed
2026-03-24 22:46:16  INFO      TradingGraph: Creating trade plan
2026-03-24 22:46:16  INFO      TradingGraph: Created trade plan: entry=0.5833, sl=0.5868, tp=0.5763
2026-03-24 22:46:16  INFO      TradingGraph: Executing trade for NZDUSD
2026-03-24 22:46:16  INFO      MT5Executor: NZDUSD: lots=0.07 (risk=$25.00)
2026-03-24 22:46:16  INFO      MT5Executor: Market order filled: ticket=7885013126 vol=0.07
2026-03-24 22:46:16  INFO      TradingGraph: Order placed: ticket=7885013126
2026-03-24 22:46:16  INFO      OrderManager: Created order order_45_20260324_224616 for NZDUSD
2026-03-24 22:46:16  INFO      TradeJournal: TRADE  NZDUSD           Direction.SHORT  qty=0.07  entry=0.58330  sl=0.58681  tp=0.57628  ticket=7885013126
2026-03-24 22:46:16  INFO      TradingRunner: Analysing XAUUSD …
2026-03-24 22:46:16  INFO      TradingGraph: Running agents for XAUUSD
2026-03-24 22:46:16  INFO      TradingGraph: Completed 7 agents
2026-03-24 22:46:16  INFO      TradingGraph: Fusing timeframe signals
2026-03-24 22:46:16  INFO      TradingGraph: Fusion: L=0.446, M=0.115, S=-0.083
2026-03-24 22:46:16  INFO      TradingGraph: Timeframes not aligned — stopping (mean-reversion blocked)
2026-03-24 22:46:32  INFO      TradingRunner: PnL — unrealized: -75.75  realized today: +0.00  total: -75.75
2026-03-24 22:46:32  INFO      TradingRunner: Cycle done in 41.8s — sleeping 258s
2026-03-24 22:50:53  INFO      TradingGraph: Running agents for EURUSD
2026-03-24 22:50:53  INFO      TradingGraph: Completed 7 agents
2026-03-24 22:50:53  INFO      TradingGraph: Fusing timeframe signals
2026-03-24 22:50:53  INFO      TradingGraph: Fusion: L=-0.420, M=0.019, S=0.093
2026-03-24 22:50:53  INFO      TradingGraph: Running agents for GBPUSD
2026-03-24 22:50:53  INFO      TradingGraph: Completed 7 agents
2026-03-24 22:50:53  INFO      TradingGraph: Fusing timeframe signals
2026-03-24 22:50:53  INFO      TradingGraph: Fusion: L=-0.407, M=-0.160, S=0.003
2026-03-24 22:50:54  INFO      TradingGraph: Running agents for NZDUSD
2026-03-24 22:50:54  INFO      TradingGraph: Completed 7 agents
2026-03-24 22:50:54  INFO      TradingGraph: Fusing timeframe signals
2026-03-24 22:50:54  INFO      TradingGraph: Fusion: L=-0.440, M=-0.024, S=0.121
2026-03-24 22:50:54  INFO      TradingGraph: Running agents for XAUUSD
2026-03-24 22:50:54  INFO      TradingGraph: Completed 7 agents
2026-03-24 22:50:54  INFO      TradingGraph: Fusing timeframe signals
2026-03-24 22:50:54  INFO      TradingGraph: Fusion: L=0.446, M=0.115, S=-0.083
2026-03-24 22:50:54  INFO      TradingGraph: Running agents for EURUSD
2026-03-24 22:50:54  INFO      TradingGraph: Completed 7 agents
2026-03-24 22:50:54  INFO      TradingGraph: Fusing timeframe signals
2026-03-24 22:50:54  INFO      TradingGraph: Fusion: L=-0.420, M=0.019, S=0.093
2026-03-24 22:50:55  INFO      TradingGraph: Running agents for GBPUSD
2026-03-24 22:50:55  INFO      TradingGraph: Completed 7 agents
2026-03-24 22:50:55  INFO      TradingGraph: Fusing timeframe signals
2026-03-24 22:50:55  INFO      TradingGraph: Fusion: L=-0.407, M=-0.160, S=0.003
2026-03-24 22:50:55  INFO      TradingGraph: Running agents for NZDUSD
2026-03-24 22:50:55  INFO      TradingGraph: Completed 7 agents
2026-03-24 22:50:55  INFO      TradingGraph: Fusing timeframe signals
2026-03-24 22:50:55  INFO      TradingGraph: Fusion: L=-0.440, M=-0.024, S=0.121
2026-03-24 22:50:55  INFO      TradingGraph: Running agents for EURUSD
2026-03-24 22:50:55  INFO      TradingGraph: Completed 7 agents
2026-03-24 22:50:55  INFO      TradingGraph: Fusing timeframe signals
2026-03-24 22:50:55  INFO      TradingGraph: Fusion: L=-0.420, M=0.019, S=0.093
2026-03-24 22:50:56  INFO      TradingGraph: Running agents for GBPUSD
2026-03-24 22:50:56  INFO      TradingGraph: Completed 7 agents
2026-03-24 22:50:56  INFO      TradingGraph: Fusing timeframe signals
2026-03-24 22:50:56  INFO      TradingGraph: Fusion: L=-0.407, M=-0.160, S=0.003
2026-03-24 22:50:56  INFO      TradingGraph: Running agents for NZDUSD
2026-03-24 22:50:56  INFO      TradingGraph: Completed 7 agents
2026-03-24 22:50:56  INFO      TradingGraph: Fusing timeframe signals
2026-03-24 22:50:57  INFO      TradingGraph: Fusion: L=-0.440, M=-0.024, S=0.121
2026-03-24 22:50:57  INFO      TradingGraph: Running agents for XAUUSD
2026-03-24 22:50:57  INFO      TradingGraph: Completed 7 agents
2026-03-24 22:50:57  INFO      TradingGraph: Fusing timeframe signals
2026-03-24 22:50:57  INFO      TradingGraph: Fusion: L=0.446, M=0.115, S=-0.083
2026-03-24 22:50:57  INFO      TradingGraph: Running agents for EURUSD
2026-03-24 22:50:57  INFO      TradingGraph: Completed 7 agents
2026-03-24 22:50:57  INFO      TradingGraph: Fusing timeframe signals
2026-03-24 22:50:57  INFO      TradingGraph: Fusion: L=-0.420, M=0.019, S=0.093
2026-03-24 22:50:58  INFO      TradingGraph: Running agents for GBPUSD
2026-03-24 22:50:58  INFO      TradingGraph: Completed 7 agents
2026-03-24 22:50:58  INFO      TradingGraph: Fusing timeframe signals
2026-03-24 22:50:58  INFO      TradingGraph: Fusion: L=-0.407, M=-0.160, S=0.003
2026-03-24 22:50:58  INFO      TradingGraph: Running agents for USDJPY
2026-03-24 22:50:58  INFO      TradingGraph: Completed 7 agents
2026-03-24 22:50:58  INFO      TradingGraph: Fusing timeframe signals
2026-03-24 22:50:58  INFO      TradingGraph: Fusion: L=0.347, M=0.274, S=-0.164
2026-03-24 22:50:58  INFO      TradingGraph: Running agents for AUDUSD
2026-03-24 22:50:58  INFO      TradingGraph: Completed 7 agents
2026-03-24 22:50:58  INFO      TradingGraph: Fusing timeframe signals
2026-03-24 22:50:58  INFO      TradingGraph: Fusion: L=0.311, M=-0.017, S=0.169
2026-03-24 22:50:59  INFO      TradingGraph: Running agents for NZDUSD
2026-03-24 22:50:59  INFO      TradingGraph: Completed 7 agents
2026-03-24 22:50:59  INFO      TradingGraph: Fusing timeframe signals
2026-03-24 22:50:59  INFO      TradingGraph: Fusion: L=-0.440, M=-0.024, S=0.121
2026-03-24 22:50:59  INFO      TradingGraph: Running agents for EURUSD
2026-03-24 22:50:59  INFO      TradingGraph: Completed 7 agents
2026-03-24 22:50:59  INFO      TradingGraph: Fusing timeframe signals
2026-03-24 22:50:59  INFO      TradingGraph: Fusion: L=-0.420, M=0.019, S=0.093
2026-03-24 22:51:00  INFO      TradingGraph: Running agents for GBPUSD
2026-03-24 22:51:00  INFO      TradingGraph: Completed 7 agents
2026-03-24 22:51:00  INFO      TradingGraph: Fusing timeframe signals
2026-03-24 22:51:00  INFO      TradingGraph: Fusion: L=-0.407, M=-0.160, S=0.003
2026-03-24 22:51:00  INFO      TradingGraph: Running agents for USDJPY
2026-03-24 22:51:00  INFO      TradingGraph: Completed 7 agents
2026-03-24 22:51:00  INFO      TradingGraph: Fusing timeframe signals
2026-03-24 22:51:00  INFO      TradingGraph: Fusion: L=0.347, M=0.274, S=-0.164
2026-03-24 22:51:00  INFO      TradingGraph: Running agents for AUDUSD
2026-03-24 22:51:00  INFO      TradingGraph: Completed 7 agents
2026-03-24 22:51:00  INFO      TradingGraph: Fusing timeframe signals
2026-03-24 22:51:00  INFO      TradingGraph: Fusion: L=0.311, M=-0.017, S=0.169
2026-03-24 22:51:01  INFO      TradingGraph: Running agents for NZDUSD
2026-03-24 22:51:01  INFO      TradingGraph: Completed 7 agents
2026-03-24 22:51:01  INFO      TradingGraph: Fusing timeframe signals
2026-03-24 22:51:01  INFO      TradingGraph: Fusion: L=-0.440, M=-0.024, S=0.121
2026-03-24 22:51:01  INFO      TradingGraph: Running agents for EURUSD
2026-03-24 22:51:01  INFO      TradingGraph: Completed 7 agents
2026-03-24 22:51:01  INFO      TradingGraph: Fusing timeframe signals
2026-03-24 22:51:01  INFO      TradingGraph: Fusion: L=-0.420, M=0.019, S=0.093
2026-03-24 22:51:02  INFO      TradingGraph: Running agents for GBPUSD
2026-03-24 22:51:02  INFO      TradingGraph: Completed 7 agents
2026-03-24 22:51:02  INFO      TradingGraph: Fusing timeframe signals
2026-03-24 22:51:02  INFO      TradingGraph: Fusion: L=-0.407, M=-0.160, S=0.003
2026-03-24 22:51:02  INFO      TradingGraph: Running agents for USDJPY
2026-03-24 22:51:02  INFO      TradingGraph: Completed 7 agents
2026-03-24 22:51:02  INFO      TradingGraph: Fusing timeframe signals
2026-03-24 22:51:02  INFO      TradingGraph: Fusion: L=0.348, M=0.274, S=-0.164
2026-03-24 22:51:02  INFO      TradingGraph: Running agents for AUDUSD
2026-03-24 22:51:02  INFO      TradingGraph: Completed 7 agents
2026-03-24 22:51:02  INFO      TradingGraph: Fusing timeframe signals
2026-03-24 22:51:02  INFO      TradingGraph: Fusion: L=0.311, M=-0.017, S=0.169
2026-03-24 22:51:03  INFO      TradingGraph: Running agents for NZDUSD
2026-03-24 22:51:03  INFO      TradingGraph: Completed 7 agents
2026-03-24 22:51:03  INFO      TradingGraph: Fusing timeframe signals
2026-03-24 22:51:03  INFO      TradingGraph: Fusion: L=-0.440, M=-0.024, S=0.121
2026-03-24 22:51:03  INFO      TradingGraph: Running agents for EURUSD
2026-03-24 22:51:03  INFO      TradingGraph: Completed 7 agents
2026-03-24 22:51:03  INFO      TradingGraph: Fusing timeframe signals
2026-03-24 22:51:03  INFO      TradingGraph: Fusion: L=-0.420, M=0.019, S=0.093
2026-03-24 22:51:03  INFO      TradingGraph: Running agents for GBPUSD
2026-03-24 22:51:03  INFO      TradingGraph: Completed 7 agents
2026-03-24 22:51:03  INFO      TradingGraph: Fusing timeframe signals
2026-03-24 22:51:03  INFO      TradingGraph: Fusion: L=-0.407, M=-0.160, S=0.003
2026-03-24 22:51:04  INFO      TradingGraph: Running agents for USDJPY
2026-03-24 22:51:04  INFO      TradingGraph: Completed 7 agents
2026-03-24 22:51:04  INFO      TradingGraph: Fusing timeframe signals
2026-03-24 22:51:04  INFO      TradingGraph: Fusion: L=0.348, M=0.274, S=-0.164
2026-03-24 22:51:04  INFO      TradingGraph: Running agents for AUDUSD
2026-03-24 22:51:04  INFO      TradingGraph: Completed 7 agents
2026-03-24 22:51:04  INFO      TradingGraph: Fusing timeframe signals
2026-03-24 22:51:04  INFO      TradingGraph: Fusion: L=0.311, M=-0.017, S=0.169
2026-03-24 22:51:04  INFO      TradingGraph: Running agents for NZDUSD
2026-03-24 22:51:04  INFO      TradingGraph: Completed 7 agents
2026-03-24 22:51:04  INFO      TradingGraph: Fusing timeframe signals
2026-03-24 22:51:04  INFO      TradingGraph: Fusion: L=-0.440, M=-0.024, S=0.121
2026-03-24 22:51:04  INFO      TradingGraph: Running agents for EURUSD
2026-03-24 22:51:04  INFO      TradingGraph: Completed 7 agents
2026-03-24 22:51:04  INFO      TradingGraph: Fusing timeframe signals
2026-03-24 22:51:04  INFO      TradingGraph: Fusion: L=-0.420, M=0.019, S=0.093
2026-03-24 22:51:05  INFO      TradingGraph: Running agents for GBPUSD
2026-03-24 22:51:05  INFO      TradingGraph: Completed 7 agents
2026-03-24 22:51:05  INFO      TradingGraph: Fusing timeframe signals
2026-03-24 22:51:05  INFO      TradingGraph: Fusion: L=-0.407, M=-0.160, S=0.003
2026-03-24 22:51:05  INFO      TradingGraph: Running agents for USDJPY
2026-03-24 22:51:05  INFO      TradingGraph: Completed 7 agents
2026-03-24 22:51:05  INFO      TradingGraph: Fusing timeframe signals
2026-03-24 22:51:05  INFO      TradingGraph: Fusion: L=0.348, M=0.274, S=-0.164
2026-03-24 22:51:05  INFO      TradingGraph: Running agents for AUDUSD
2026-03-24 22:51:05  INFO      TradingGraph: Completed 7 agents
2026-03-24 22:51:05  INFO      TradingGraph: Fusing timeframe signals
2026-03-24 22:51:05  INFO      TradingGraph: Fusion: L=0.311, M=-0.017, S=0.169
2026-03-24 22:51:06  INFO      TradingGraph: Running agents for NZDUSD
2026-03-24 22:51:06  INFO      TradingGraph: Completed 7 agents
2026-03-24 22:51:06  INFO      TradingGraph: Fusing timeframe signals
2026-03-24 22:51:06  INFO      TradingGraph: Fusion: L=-0.440, M=-0.024, S=0.121
2026-03-24 22:51:06  INFO      TradingGraph: Running agents for EURUSD
2026-03-24 22:51:06  INFO      TradingGraph: Completed 7 agents
2026-03-24 22:51:06  INFO      TradingGraph: Fusing timeframe signals
2026-03-24 22:51:06  INFO      TradingGraph: Fusion: L=-0.420, M=0.019, S=0.093
2026-03-24 22:51:06  INFO      TradingGraph: Running agents for GBPUSD
2026-03-24 22:51:06  INFO      TradingGraph: Completed 7 agents
2026-03-24 22:51:06  INFO      TradingGraph: Fusing timeframe signals
2026-03-24 22:51:06  INFO      TradingGraph: Fusion: L=-0.407, M=-0.160, S=0.003
2026-03-24 22:51:07  INFO      TradingGraph: Running agents for USDJPY
2026-03-24 22:51:07  INFO      TradingGraph: Completed 7 agents
2026-03-24 22:51:07  INFO      TradingGraph: Fusing timeframe signals
2026-03-24 22:51:07  INFO      TradingGraph: Fusion: L=0.348, M=0.274, S=-0.164
2026-03-24 22:51:07  INFO      TradingGraph: Running agents for AUDUSD
2026-03-24 22:51:07  INFO      TradingGraph: Completed 7 agents
2026-03-24 22:51:07  INFO      TradingGraph: Fusing timeframe signals
2026-03-24 22:51:07  INFO      TradingGraph: Fusion: L=0.311, M=-0.017, S=0.169
2026-03-24 22:51:07  INFO      TradingGraph: Running agents for NZDUSD
2026-03-24 22:51:07  INFO      TradingGraph: Completed 7 agents
2026-03-24 22:51:07  INFO      TradingGraph: Fusing timeframe signals
2026-03-24 22:51:07  INFO      TradingGraph: Fusion: L=-0.440, M=-0.024, S=0.121
2026-03-24 22:51:07  INFO      TradingGraph: Running agents for EURUSD
2026-03-24 22:51:07  INFO      TradingGraph: Completed 7 agents
2026-03-24 22:51:07  INFO      TradingGraph: Fusing timeframe signals
2026-03-24 22:51:07  INFO      TradingGraph: Fusion: L=-0.420, M=0.019, S=0.093
2026-03-24 22:51:08  INFO      TradingGraph: Running agents for GBPUSD
2026-03-24 22:51:08  INFO      TradingGraph: Completed 7 agents
2026-03-24 22:51:08  INFO      TradingGraph: Fusing timeframe signals
2026-03-24 22:51:08  INFO      TradingGraph: Fusion: L=-0.407, M=-0.160, S=0.003
2026-03-24 22:51:08  INFO      TradingGraph: Running agents for USDJPY
2026-03-24 22:51:08  INFO      TradingGraph: Completed 7 agents
2026-03-24 22:51:08  INFO      TradingGraph: Fusing timeframe signals
2026-03-24 22:51:08  INFO      TradingGraph: Fusion: L=0.348, M=0.274, S=-0.164
2026-03-24 22:51:09  INFO      TradingGraph: Running agents for AUDUSD
2026-03-24 22:51:09  INFO      TradingGraph: Completed 7 agents
2026-03-24 22:51:09  INFO      TradingGraph: Fusing timeframe signals
2026-03-24 22:51:09  INFO      TradingGraph: Fusion: L=0.311, M=-0.017, S=0.169
2026-03-24 22:51:09  INFO      TradingGraph: Running agents for NZDUSD
2026-03-24 22:51:09  INFO      TradingGraph: Completed 7 agents
2026-03-24 22:51:09  INFO      TradingGraph: Fusing timeframe signals
2026-03-24 22:51:09  INFO      TradingGraph: Fusion: L=-0.440, M=-0.024, S=0.121
2026-03-24 22:51:09  INFO      TradingGraph: Running agents for EURUSD
2026-03-24 22:51:09  INFO      TradingGraph: Completed 7 agents
2026-03-24 22:51:09  INFO      TradingGraph: Fusing timeframe signals
2026-03-24 22:51:09  INFO      TradingGraph: Fusion: L=-0.420, M=0.019, S=0.093
2026-03-24 22:51:09  INFO      TradingGraph: Running agents for GBPUSD
2026-03-24 22:51:09  INFO      TradingGraph: Completed 7 agents
2026-03-24 22:51:09  INFO      TradingGraph: Fusing timeframe signals
2026-03-24 22:51:09  INFO      TradingGraph: Fusion: L=-0.407, M=-0.160, S=0.003
2026-03-24 22:51:10  INFO      TradingGraph: Running agents for USDJPY
2026-03-24 22:51:10  INFO      TradingGraph: Completed 7 agents
2026-03-24 22:51:10  INFO      TradingGraph: Fusing timeframe signals
2026-03-24 22:51:10  INFO      TradingGraph: Fusion: L=0.348, M=0.274, S=-0.164
2026-03-24 22:51:10  INFO      TradingGraph: Running agents for AUDUSD
2026-03-24 22:51:10  INFO      TradingGraph: Completed 7 agents
2026-03-24 22:51:10  INFO      TradingGraph: Fusing timeframe signals
2026-03-24 22:51:10  INFO      TradingGraph: Fusion: L=0.311, M=-0.017, S=0.169
2026-03-24 22:51:10  INFO      TradingGraph: Running agents for NZDUSD
2026-03-24 22:51:10  INFO      TradingGraph: Completed 7 agents
2026-03-24 22:51:10  INFO      TradingGraph: Fusing timeframe signals
2026-03-24 22:51:10  INFO      TradingGraph: Fusion: L=-0.440, M=-0.024, S=0.121
2026-03-24 22:51:11  INFO      TradingGraph: Running agents for EURUSD
2026-03-24 22:51:11  INFO      TradingGraph: Completed 7 agents
2026-03-24 22:51:11  INFO      TradingGraph: Fusing timeframe signals
2026-03-24 22:51:11  INFO      TradingGraph: Fusion: L=-0.420, M=0.019, S=0.093
2026-03-24 22:51:11  INFO      TradingGraph: Running agents for GBPUSD
2026-03-24 22:51:11  INFO      TradingGraph: Completed 7 agents
2026-03-24 22:51:11  INFO      TradingGraph: Fusing timeframe signals
2026-03-24 22:51:11  INFO      TradingGraph: Fusion: L=-0.407, M=-0.160, S=0.003
2026-03-24 22:51:11  INFO      TradingGraph: Running agents for USDJPY
2026-03-24 22:51:11  INFO      TradingGraph: Completed 7 agents
2026-03-24 22:51:11  INFO      TradingGraph: Fusing timeframe signals
2026-03-24 22:51:11  INFO      TradingGraph: Fusion: L=0.348, M=0.274, S=-0.164
2026-03-24 22:51:11  INFO      TradingGraph: Running agents for AUDUSD
2026-03-24 22:51:11  INFO      TradingGraph: Completed 7 agents
2026-03-24 22:51:11  INFO      TradingGraph: Fusing timeframe signals
2026-03-24 22:51:11  INFO      TradingGraph: Fusion: L=0.311, M=-0.017, S=0.169
2026-03-24 22:51:12  INFO      TradingGraph: Running agents for NZDUSD
2026-03-24 22:51:12  INFO      TradingGraph: Completed 7 agents
2026-03-24 22:51:12  INFO      TradingGraph: Fusing timeframe signals
2026-03-24 22:51:12  INFO      TradingGraph: Fusion: L=-0.440, M=-0.024, S=0.121
2026-03-24 22:51:15  INFO      TradingRunner: Analysing EURUSD …
2026-03-24 22:51:15  INFO      TradingGraph: Running agents for EURUSD
2026-03-24 22:51:15  INFO      TradingGraph: Completed 7 agents
2026-03-24 22:51:15  INFO      TradingGraph: Fusing timeframe signals
2026-03-24 22:51:15  INFO      TradingGraph: Fusion: L=-0.420, M=0.019, S=0.093
2026-03-24 22:51:15  INFO      TradingGraph: Aligned [pullback-entry] (bearish) — proceeding [L=-0.420 M=0.019 S=0.093 breadth=-0.086]
2026-03-24 22:51:15  INFO      TradingGraph: Generating trading recipe
2026-03-24 22:51:15  INFO      TradingGraph: Generated recipe: SHORT_PULLBACK_ENTRY_EURUSD
2026-03-24 22:51:15  INFO      TradingGraph: Risk check passed
2026-03-24 22:51:15  INFO      TradingGraph: Creating trade plan
2026-03-24 22:51:16  INFO      TradingGraph: Created trade plan: entry=1.1608, sl=1.1653, tp=1.1519
2026-03-24 22:51:16  INFO      TradingGraph: Executing trade for EURUSD
2026-03-24 22:51:16  INFO      MT5Executor: EURUSD: lots=0.06 (risk=$25.00)
2026-03-24 22:51:16  INFO      MT5Executor: Market order filled: ticket=7885017868 vol=0.06
2026-03-24 22:51:16  INFO      TradingGraph: Order placed: ticket=7885017868
2026-03-24 22:51:16  INFO      OrderManager: Created order order_46_20260324_225116 for EURUSD
2026-03-24 22:51:16  INFO      TradeJournal: TRADE  EURUSD           Direction.SHORT  qty=0.06  entry=1.16083  sl=1.16527  tp=1.15195  ticket=7885017868
2026-03-24 22:51:16  INFO      TradingRunner: Analysing GBPUSD …
2026-03-24 22:51:16  INFO      TradingGraph: Running agents for GBPUSD
2026-03-24 22:51:16  INFO      TradingGraph: Completed 7 agents
2026-03-24 22:51:16  INFO      TradingGraph: Fusing timeframe signals
2026-03-24 22:51:16  INFO      TradingGraph: Fusion: L=-0.407, M=-0.160, S=0.003
2026-03-24 22:51:16  INFO      TradingGraph: Aligned [pullback-entry] (bearish) — proceeding [L=-0.407 M=-0.160 S=0.003 breadth=-0.086]
2026-03-24 22:51:16  INFO      TradingGraph: Generating trading recipe
2026-03-24 22:51:16  INFO      TradingGraph: Generated recipe: SHORT_PULLBACK_ENTRY_GBPUSD
2026-03-24 22:51:16  INFO      TradingGraph: Risk check passed
2026-03-24 22:51:16  INFO      TradingGraph: Creating trade plan
2026-03-24 22:51:16  INFO      TradingGraph: Created trade plan: entry=1.3411, sl=1.3468, tp=1.3297
2026-03-24 22:51:16  INFO      TradingGraph: Executing trade for GBPUSD
2026-03-24 22:51:16  INFO      MT5Executor: GBPUSD: lots=0.04 (risk=$25.00)
2026-03-24 22:51:16  INFO      MT5Executor: Market order filled: ticket=7885017977 vol=0.04
2026-03-24 22:51:16  INFO      TradingGraph: Order placed: ticket=7885017977
2026-03-24 22:51:16  INFO      OrderManager: Created order order_47_20260324_225116 for GBPUSD
2026-03-24 22:51:16  INFO      TradeJournal: TRADE  GBPUSD           Direction.SHORT  qty=0.04  entry=1.34113  sl=1.34684  tp=1.32972  ticket=7885017977
2026-03-24 22:51:16  INFO      TradingRunner: Analysing USDJPY …
2026-03-24 22:51:17  INFO      TradingGraph: Running agents for USDJPY
2026-03-24 22:51:17  INFO      TradingGraph: Completed 7 agents
2026-03-24 22:51:17  INFO      TradingGraph: Fusing timeframe signals
2026-03-24 22:51:17  INFO      TradingGraph: Fusion: L=0.348, M=0.274, S=-0.164
2026-03-24 22:51:17  INFO      TradingGraph: Aligned [pullback-entry] (bullish) — proceeding [L=0.348 M=0.274 S=-0.164 breadth=-0.086]
2026-03-24 22:51:17  INFO      TradingGraph: Generating trading recipe
2026-03-24 22:51:17  INFO      TradingGraph: Generated recipe: LONG_PULLBACK_ENTRY_USDJPY
2026-03-24 22:51:17  INFO      TradingGraph: Risk check passed
2026-03-24 22:51:17  INFO      TradingGraph: Creating trade plan
2026-03-24 22:51:17  INFO      TradingGraph: Created trade plan: entry=158.6780, sl=158.1821, tp=159.6698
2026-03-24 22:51:17  INFO      TradingGraph: Executing trade for USDJPY
2026-03-24 22:51:17  INFO      MT5Executor: USDJPY: lots=0.01 (risk=$25.00)
2026-03-24 22:51:17  INFO      MT5Executor: Market order filled: ticket=7885017984 vol=0.01
2026-03-24 22:51:17  INFO      TradingGraph: Order placed: ticket=7885017984
2026-03-24 22:51:17  INFO      OrderManager: Created order order_48_20260324_225117 for USDJPY
2026-03-24 22:51:17  INFO      TradeJournal: TRADE  USDJPY           Direction.LONG  qty=0.01  entry=158.67800  sl=158.18212  tp=159.66975  ticket=7885017984
2026-03-24 22:51:17  INFO      TradingRunner: Analysing USDCHF …
2026-03-24 22:51:17  INFO      TradingGraph: Running agents for USDCHF
2026-03-24 22:51:17  INFO      TradingGraph: Completed 7 agents
2026-03-24 22:51:17  INFO      TradingGraph: Fusing timeframe signals
2026-03-24 22:51:17  INFO      TradingGraph: Fusion: L=0.426, M=-0.721, S=0.075
2026-03-24 22:51:18  INFO      TradingGraph: Timeframes not aligned — stopping (L=0.426 M=-0.721 S=0.075)
2026-03-24 22:51:18  INFO      TradingRunner: Analysing AUDUSD …
2026-03-24 22:51:18  INFO      TradingGraph: Running agents for AUDUSD
2026-03-24 22:51:18  INFO      TradingGraph: Completed 7 agents
2026-03-24 22:51:18  INFO      TradingGraph: Fusing timeframe signals
2026-03-24 22:51:18  INFO      TradingGraph: Fusion: L=0.311, M=-0.017, S=0.169
2026-03-24 22:51:18  INFO      TradingGraph: Aligned [pullback-entry] (bullish) — proceeding [L=0.311 M=-0.017 S=0.169 breadth=-0.086]
2026-03-24 22:51:18  INFO      TradingGraph: Generating trading recipe
2026-03-24 22:51:18  INFO      TradingGraph: Generated recipe: LONG_PULLBACK_ENTRY_AUDUSD
2026-03-24 22:51:18  INFO      TradingGraph: Risk check passed
2026-03-24 22:51:18  INFO      TradingGraph: Creating trade plan
2026-03-24 22:51:18  INFO      TradingGraph: Created trade plan: entry=0.6997, sl=0.6950, tp=0.7090
2026-03-24 22:51:18  INFO      TradingGraph: Executing trade for AUDUSD
2026-03-24 22:51:18  INFO      MT5Executor: AUDUSD: lots=0.05 (risk=$25.00)
2026-03-24 22:51:18  INFO      MT5Executor: Market order filled: ticket=7885017995 vol=0.05
2026-03-24 22:51:18  INFO      TradingGraph: Order placed: ticket=7885017995
2026-03-24 22:51:18  INFO      OrderManager: Created order order_49_20260324_225118 for AUDUSD
2026-03-24 22:51:18  INFO      TradeJournal: TRADE  AUDUSD           Direction.LONG  qty=0.05  entry=0.69966  sl=0.69500  tp=0.70899  ticket=7885017995
2026-03-24 22:51:18  INFO      TradingRunner: Analysing USDCAD …
2026-03-24 22:51:19  INFO      TradingGraph: Running agents for USDCAD
2026-03-24 22:51:19  INFO      TradingGraph: Completed 7 agents
2026-03-24 22:51:19  INFO      TradingGraph: Fusing timeframe signals
2026-03-24 22:51:19  INFO      TradingGraph: Fusion: L=0.050, M=-0.259, S=0.101
2026-03-24 22:51:19  INFO      TradingGraph: Timeframes not aligned — stopping (L=0.050 M=-0.259 S=0.101)
2026-03-24 22:51:19  INFO      TradingRunner: Analysing NZDUSD …
2026-03-24 22:51:19  INFO      TradingGraph: Running agents for NZDUSD
2026-03-24 22:51:19  INFO      TradingGraph: Completed 7 agents
2026-03-24 22:51:19  INFO      TradingGraph: Fusing timeframe signals
2026-03-24 22:51:19  INFO      TradingGraph: Fusion: L=-0.440, M=-0.024, S=0.121
2026-03-24 22:51:19  INFO      TradingGraph: Aligned [pullback-entry] (bearish) — proceeding [L=-0.440 M=-0.024 S=0.121 breadth=-0.086]
2026-03-24 22:51:19  INFO      TradingGraph: Generating trading recipe
2026-03-24 22:51:19  INFO      TradingGraph: Generated recipe: SHORT_PULLBACK_ENTRY_NZDUSD
2026-03-24 22:51:19  INFO      TradingGraph: Risk check passed
2026-03-24 22:51:19  INFO      TradingGraph: Creating trade plan
2026-03-24 22:51:19  INFO      TradingGraph: Created trade plan: entry=0.5833, sl=0.5868, tp=0.5763
2026-03-24 22:51:19  INFO      TradingGraph: Executing trade for NZDUSD
2026-03-24 22:51:20  INFO      MT5Executor: NZDUSD: lots=0.07 (risk=$25.00)
2026-03-24 22:51:20  INFO      MT5Executor: Market order filled: ticket=7885018006 vol=0.07
2026-03-24 22:51:20  INFO      TradingGraph: Order placed: ticket=7885018006
2026-03-24 22:51:20  INFO      OrderManager: Created order order_50_20260324_225120 for NZDUSD
2026-03-24 22:51:20  INFO      TradeJournal: TRADE  NZDUSD           Direction.SHORT  qty=0.07  entry=0.58332  sl=0.58683  tp=0.57630  ticket=7885018006
2026-03-24 22:51:20  INFO      TradingRunner: Analysing XAUUSD …
2026-03-24 22:51:20  INFO      TradingGraph: Running agents for XAUUSD
2026-03-24 22:51:20  INFO      TradingGraph: Completed 7 agents
2026-03-24 22:51:20  INFO      TradingGraph: Fusing timeframe signals
2026-03-24 22:51:20  INFO      TradingGraph: Fusion: L=0.446, M=0.115, S=-0.083
2026-03-24 22:51:20  INFO      TradingGraph: Timeframes not aligned — stopping (mean-reversion blocked)
2026-03-24 22:51:34  INFO      TradingRunner: PnL — unrealized: -97.08  realized today: +0.00  total: -97.08
2026-03-24 22:51:34  INFO      TradingRunner: Cycle done in 43.4s — sleeping 257s
2026-03-24 22:55:54  INFO      TradingGraph: Running agents for EURUSD
2026-03-24 22:55:54  INFO      TradingGraph: Completed 7 agents
2026-03-24 22:55:54  INFO      TradingGraph: Fusing timeframe signals
2026-03-24 22:55:54  INFO      TradingGraph: Fusion: L=-0.420, M=0.019, S=0.017
2026-03-24 22:55:54  INFO      TradingGraph: Running agents for GBPUSD
2026-03-24 22:55:54  INFO      TradingGraph: Completed 7 agents
2026-03-24 22:55:54  INFO      TradingGraph: Fusing timeframe signals
2026-03-24 22:55:54  INFO      TradingGraph: Fusion: L=-0.407, M=-0.160, S=0.003
2026-03-24 22:55:55  INFO      TradingGraph: Running agents for NZDUSD
2026-03-24 22:55:55  INFO      TradingGraph: Completed 7 agents
2026-03-24 22:55:55  INFO      TradingGraph: Fusing timeframe signals
2026-03-24 22:55:55  INFO      TradingGraph: Fusion: L=-0.440, M=-0.024, S=0.124
2026-03-24 22:55:55  INFO      TradingGraph: Running agents for XAUUSD
2026-03-24 22:55:55  INFO      TradingGraph: Completed 7 agents
2026-03-24 22:55:55  INFO      TradingGraph: Fusing timeframe signals
2026-03-24 22:55:55  INFO      TradingGraph: Fusion: L=0.446, M=0.115, S=-0.083
2026-03-24 22:55:56  INFO      TradingGraph: Running agents for EURUSD
2026-03-24 22:55:56  INFO      TradingGraph: Completed 7 agents
2026-03-24 22:55:56  INFO      TradingGraph: Fusing timeframe signals
2026-03-24 22:55:56  INFO      TradingGraph: Fusion: L=-0.420, M=0.019, S=0.017
2026-03-24 22:55:57  INFO      TradingGraph: Running agents for GBPUSD
2026-03-24 22:55:57  INFO      TradingGraph: Completed 7 agents
2026-03-24 22:55:57  INFO      TradingGraph: Fusing timeframe signals
2026-03-24 22:55:57  INFO      TradingGraph: Fusion: L=-0.407, M=-0.160, S=0.003
2026-03-24 22:55:57  INFO      TradingGraph: Running agents for NZDUSD
2026-03-24 22:55:57  INFO      TradingGraph: Completed 7 agents
2026-03-24 22:55:57  INFO      TradingGraph: Fusing timeframe signals
2026-03-24 22:55:57  INFO      TradingGraph: Fusion: L=-0.440, M=-0.024, S=0.124
2026-03-24 22:55:57  INFO      TradingGraph: Running agents for EURUSD
2026-03-24 22:55:57  INFO      TradingGraph: Completed 7 agents
2026-03-24 22:55:57  INFO      TradingGraph: Fusing timeframe signals
2026-03-24 22:55:57  INFO      TradingGraph: Fusion: L=-0.420, M=0.019, S=0.017
2026-03-24 22:55:58  INFO      TradingGraph: Running agents for GBPUSD
2026-03-24 22:55:58  INFO      TradingGraph: Completed 7 agents
2026-03-24 22:55:58  INFO      TradingGraph: Fusing timeframe signals
2026-03-24 22:55:58  INFO      TradingGraph: Fusion: L=-0.407, M=-0.160, S=0.003
2026-03-24 22:55:58  INFO      TradingGraph: Running agents for NZDUSD
2026-03-24 22:55:58  INFO      TradingGraph: Completed 7 agents
2026-03-24 22:55:58  INFO      TradingGraph: Fusing timeframe signals
2026-03-24 22:55:58  INFO      TradingGraph: Fusion: L=-0.440, M=-0.024, S=0.124
2026-03-24 22:55:59  INFO      TradingGraph: Running agents for XAUUSD
2026-03-24 22:55:59  INFO      TradingGraph: Completed 7 agents
2026-03-24 22:55:59  INFO      TradingGraph: Fusing timeframe signals
2026-03-24 22:55:59  INFO      TradingGraph: Fusion: L=0.446, M=0.115, S=-0.083
2026-03-24 22:56:00  INFO      TradingGraph: Running agents for EURUSD
2026-03-24 22:56:00  INFO      TradingGraph: Completed 7 agents
2026-03-24 22:56:00  INFO      TradingGraph: Fusing timeframe signals
2026-03-24 22:56:00  INFO      TradingGraph: Fusion: L=-0.420, M=0.019, S=0.093
2026-03-24 22:56:00  INFO      TradingGraph: Running agents for GBPUSD
2026-03-24 22:56:00  INFO      TradingGraph: Completed 7 agents
2026-03-24 22:56:00  INFO      TradingGraph: Fusing timeframe signals
2026-03-24 22:56:00  INFO      TradingGraph: Fusion: L=-0.407, M=-0.160, S=0.003
2026-03-24 22:56:00  INFO      TradingGraph: Running agents for USDJPY
2026-03-24 22:56:00  INFO      TradingGraph: Completed 7 agents
2026-03-24 22:56:00  INFO      TradingGraph: Fusing timeframe signals
2026-03-24 22:56:00  INFO      TradingGraph: Fusion: L=0.348, M=0.274, S=-0.164
2026-03-24 22:56:01  INFO      TradingGraph: Running agents for AUDUSD
2026-03-24 22:56:01  INFO      TradingGraph: Completed 7 agents
2026-03-24 22:56:01  INFO      TradingGraph: Fusing timeframe signals
2026-03-24 22:56:01  INFO      TradingGraph: Fusion: L=0.312, M=-0.017, S=0.169
2026-03-24 22:56:01  INFO      TradingGraph: Running agents for NZDUSD
2026-03-24 22:56:01  INFO      TradingGraph: Completed 7 agents
2026-03-24 22:56:01  INFO      TradingGraph: Fusing timeframe signals
2026-03-24 22:56:01  INFO      TradingGraph: Fusion: L=-0.440, M=-0.024, S=0.124
2026-03-24 22:56:02  INFO      TradingGraph: Running agents for EURUSD
2026-03-24 22:56:02  INFO      TradingGraph: Completed 7 agents
2026-03-24 22:56:02  INFO      TradingGraph: Fusing timeframe signals
2026-03-24 22:56:02  INFO      TradingGraph: Fusion: L=-0.420, M=0.019, S=0.093
2026-03-24 22:56:02  INFO      TradingGraph: Running agents for GBPUSD
2026-03-24 22:56:02  INFO      TradingGraph: Completed 7 agents
2026-03-24 22:56:02  INFO      TradingGraph: Fusing timeframe signals
2026-03-24 22:56:02  INFO      TradingGraph: Fusion: L=-0.407, M=-0.197, S=0.003
2026-03-24 22:56:02  INFO      TradingGraph: Running agents for USDJPY
2026-03-24 22:56:03  INFO      TradingGraph: Completed 7 agents
2026-03-24 22:56:03  INFO      TradingGraph: Fusing timeframe signals
2026-03-24 22:56:03  INFO      TradingGraph: Fusion: L=0.348, M=0.274, S=-0.164
2026-03-24 22:56:03  INFO      TradingGraph: Running agents for AUDUSD
2026-03-24 22:56:03  INFO      TradingGraph: Completed 7 agents
2026-03-24 22:56:03  INFO      TradingGraph: Fusing timeframe signals
2026-03-24 22:56:03  INFO      TradingGraph: Fusion: L=0.312, M=-0.017, S=0.169
2026-03-24 22:56:03  INFO      TradingGraph: Running agents for NZDUSD
2026-03-24 22:56:03  INFO      TradingGraph: Completed 7 agents
2026-03-24 22:56:03  INFO      TradingGraph: Fusing timeframe signals
2026-03-24 22:56:03  INFO      TradingGraph: Fusion: L=-0.440, M=0.016, S=0.125
2026-03-24 22:56:04  INFO      TradingGraph: Running agents for EURUSD
2026-03-24 22:56:04  INFO      TradingGraph: Completed 7 agents
2026-03-24 22:56:04  INFO      TradingGraph: Fusing timeframe signals
2026-03-24 22:56:04  INFO      TradingGraph: Fusion: L=-0.420, M=0.019, S=0.017
2026-03-24 22:56:04  INFO      TradingGraph: Running agents for GBPUSD
2026-03-24 22:56:04  INFO      TradingGraph: Completed 7 agents
2026-03-24 22:56:04  INFO      TradingGraph: Fusing timeframe signals
2026-03-24 22:56:04  INFO      TradingGraph: Fusion: L=-0.407, M=-0.197, S=0.003
2026-03-24 22:56:04  INFO      TradingGraph: Running agents for USDJPY
2026-03-24 22:56:04  INFO      TradingGraph: Completed 7 agents
2026-03-24 22:56:04  INFO      TradingGraph: Fusing timeframe signals
2026-03-24 22:56:04  INFO      TradingGraph: Fusion: L=0.348, M=0.274, S=-0.164
2026-03-24 22:56:05  INFO      TradingGraph: Running agents for AUDUSD
2026-03-24 22:56:05  INFO      TradingGraph: Completed 7 agents
2026-03-24 22:56:05  INFO      TradingGraph: Fusing timeframe signals
2026-03-24 22:56:05  INFO      TradingGraph: Fusion: L=0.312, M=-0.017, S=0.169
2026-03-24 22:56:05  INFO      TradingGraph: Running agents for NZDUSD
2026-03-24 22:56:05  INFO      TradingGraph: Completed 7 agents
2026-03-24 22:56:05  INFO      TradingGraph: Fusing timeframe signals
2026-03-24 22:56:05  INFO      TradingGraph: Fusion: L=-0.440, M=-0.024, S=0.125
2026-03-24 22:56:06  INFO      TradingGraph: Running agents for EURUSD
2026-03-24 22:56:06  INFO      TradingGraph: Completed 7 agents
2026-03-24 22:56:06  INFO      TradingGraph: Fusing timeframe signals
2026-03-24 22:56:06  INFO      TradingGraph: Fusion: L=-0.420, M=0.019, S=0.017
2026-03-24 22:56:06  INFO      TradingGraph: Running agents for GBPUSD
2026-03-24 22:56:06  INFO      TradingGraph: Completed 7 agents
2026-03-24 22:56:06  INFO      TradingGraph: Fusing timeframe signals
2026-03-24 22:56:06  INFO      TradingGraph: Fusion: L=-0.407, M=-0.197, S=0.003
2026-03-24 22:56:07  INFO      TradingGraph: Running agents for USDJPY
2026-03-24 22:56:07  INFO      TradingGraph: Completed 7 agents
2026-03-24 22:56:07  INFO      TradingGraph: Fusing timeframe signals
2026-03-24 22:56:07  INFO      TradingGraph: Fusion: L=0.348, M=0.274, S=-0.164
2026-03-24 22:56:07  INFO      TradingGraph: Running agents for AUDUSD
2026-03-24 22:56:07  INFO      TradingGraph: Completed 7 agents
2026-03-24 22:56:07  INFO      TradingGraph: Fusing timeframe signals
2026-03-24 22:56:07  INFO      TradingGraph: Fusion: L=0.312, M=-0.017, S=0.169
2026-03-24 22:56:08  INFO      TradingGraph: Running agents for NZDUSD
2026-03-24 22:56:08  INFO      TradingGraph: Completed 7 agents
2026-03-24 22:56:08  INFO      TradingGraph: Fusing timeframe signals
2026-03-24 22:56:08  INFO      TradingGraph: Fusion: L=-0.440, M=0.016, S=0.125
2026-03-24 22:56:09  INFO      TradingGraph: Running agents for EURUSD
2026-03-24 22:56:09  INFO      TradingGraph: Completed 7 agents
2026-03-24 22:56:09  INFO      TradingGraph: Fusing timeframe signals
2026-03-24 22:56:09  INFO      TradingGraph: Fusion: L=-0.420, M=0.019, S=0.017
2026-03-24 22:56:09  INFO      TradingGraph: Running agents for GBPUSD
2026-03-24 22:56:09  INFO      TradingGraph: Completed 7 agents
2026-03-24 22:56:09  INFO      TradingGraph: Fusing timeframe signals
2026-03-24 22:56:09  INFO      TradingGraph: Fusion: L=-0.407, M=-0.197, S=0.003
2026-03-24 22:56:10  INFO      TradingGraph: Running agents for USDJPY
2026-03-24 22:56:10  INFO      TradingGraph: Completed 7 agents
2026-03-24 22:56:10  INFO      TradingGraph: Fusing timeframe signals
2026-03-24 22:56:10  INFO      TradingGraph: Fusion: L=0.348, M=0.274, S=-0.164
2026-03-24 22:56:10  INFO      TradingGraph: Running agents for AUDUSD
2026-03-24 22:56:10  INFO      TradingGraph: Completed 7 agents
2026-03-24 22:56:10  INFO      TradingGraph: Fusing timeframe signals
2026-03-24 22:56:10  INFO      TradingGraph: Fusion: L=0.312, M=-0.017, S=0.169
2026-03-24 22:56:11  INFO      TradingGraph: Running agents for NZDUSD
2026-03-24 22:56:11  INFO      TradingGraph: Completed 7 agents
2026-03-24 22:56:11  INFO      TradingGraph: Fusing timeframe signals
2026-03-24 22:56:11  INFO      TradingGraph: Fusion: L=-0.440, M=0.016, S=0.125
2026-03-24 22:56:11  INFO      TradingGraph: Running agents for EURUSD
2026-03-24 22:56:11  INFO      TradingGraph: Completed 7 agents
2026-03-24 22:56:11  INFO      TradingGraph: Fusing timeframe signals
2026-03-24 22:56:11  INFO      TradingGraph: Fusion: L=-0.420, M=0.019, S=0.093
2026-03-24 22:56:12  INFO      TradingGraph: Running agents for GBPUSD
2026-03-24 22:56:12  INFO      TradingGraph: Completed 7 agents
2026-03-24 22:56:12  INFO      TradingGraph: Fusing timeframe signals
2026-03-24 22:56:12  INFO      TradingGraph: Fusion: L=-0.407, M=-0.197, S=0.003
2026-03-24 22:56:12  INFO      TradingGraph: Running agents for USDJPY
2026-03-24 22:56:12  INFO      TradingGraph: Completed 7 agents
2026-03-24 22:56:12  INFO      TradingGraph: Fusing timeframe signals
2026-03-24 22:56:12  INFO      TradingGraph: Fusion: L=0.348, M=0.274, S=-0.164
2026-03-24 22:56:12  INFO      TradingGraph: Running agents for AUDUSD
2026-03-24 22:56:12  INFO      TradingGraph: Completed 7 agents
2026-03-24 22:56:12  INFO      TradingGraph: Fusing timeframe signals
2026-03-24 22:56:12  INFO      TradingGraph: Fusion: L=0.312, M=-0.017, S=0.169
2026-03-24 22:56:13  INFO      TradingGraph: Running agents for NZDUSD
2026-03-24 22:56:13  INFO      TradingGraph: Completed 7 agents
2026-03-24 22:56:13  INFO      TradingGraph: Fusing timeframe signals
2026-03-24 22:56:13  INFO      TradingGraph: Fusion: L=-0.440, M=0.016, S=0.125
2026-03-24 22:56:13  INFO      TradingGraph: Running agents for EURUSD
2026-03-24 22:56:13  INFO      TradingGraph: Completed 7 agents
2026-03-24 22:56:13  INFO      TradingGraph: Fusing timeframe signals
2026-03-24 22:56:13  INFO      TradingGraph: Fusion: L=-0.420, M=0.019, S=0.093
2026-03-24 22:56:13  INFO      TradingGraph: Running agents for GBPUSD
2026-03-24 22:56:13  INFO      TradingGraph: Completed 7 agents
2026-03-24 22:56:13  INFO      TradingGraph: Fusing timeframe signals
2026-03-24 22:56:13  INFO      TradingGraph: Fusion: L=-0.407, M=-0.197, S=0.003
2026-03-24 22:56:14  INFO      TradingGraph: Running agents for USDJPY
2026-03-24 22:56:14  INFO      TradingGraph: Completed 7 agents
2026-03-24 22:56:14  INFO      TradingGraph: Fusing timeframe signals
2026-03-24 22:56:14  INFO      TradingGraph: Fusion: L=0.348, M=0.274, S=-0.164
2026-03-24 22:56:14  INFO      TradingGraph: Running agents for AUDUSD
2026-03-24 22:56:14  INFO      TradingGraph: Completed 7 agents
2026-03-24 22:56:14  INFO      TradingGraph: Fusing timeframe signals
2026-03-24 22:56:14  INFO      TradingGraph: Fusion: L=0.312, M=-0.017, S=0.169
2026-03-24 22:56:14  INFO      TradingGraph: Running agents for NZDUSD
2026-03-24 22:56:14  INFO      TradingGraph: Completed 7 agents
2026-03-24 22:56:14  INFO      TradingGraph: Fusing timeframe signals
2026-03-24 22:56:14  INFO      TradingGraph: Fusion: L=-0.440, M=-0.024, S=0.125
2026-03-24 22:56:15  INFO      TradingGraph: Running agents for EURUSD
2026-03-24 22:56:15  INFO      TradingGraph: Completed 7 agents
2026-03-24 22:56:15  INFO      TradingGraph: Fusing timeframe signals
2026-03-24 22:56:15  INFO      TradingGraph: Fusion: L=-0.420, M=0.019, S=0.093
2026-03-24 22:56:15  INFO      TradingGraph: Running agents for GBPUSD
2026-03-24 22:56:15  INFO      TradingGraph: Completed 7 agents
2026-03-24 22:56:15  INFO      TradingGraph: Fusing timeframe signals
2026-03-24 22:56:15  INFO      TradingGraph: Fusion: L=-0.407, M=-0.197, S=0.003
2026-03-24 22:56:15  INFO      TradingGraph: Running agents for USDJPY
2026-03-24 22:56:15  INFO      TradingGraph: Completed 7 agents
2026-03-24 22:56:15  INFO      TradingGraph: Fusing timeframe signals
2026-03-24 22:56:15  INFO      TradingGraph: Fusion: L=0.348, M=0.274, S=-0.164
2026-03-24 22:56:16  INFO      TradingGraph: Running agents for AUDUSD
2026-03-24 22:56:16  INFO      TradingGraph: Completed 7 agents
2026-03-24 22:56:16  INFO      TradingGraph: Fusing timeframe signals
2026-03-24 22:56:16  INFO      TradingGraph: Fusion: L=0.312, M=-0.017, S=0.169
2026-03-24 22:56:16  INFO      TradingGraph: Running agents for NZDUSD
2026-03-24 22:56:16  INFO      TradingGraph: Completed 7 agents
2026-03-24 22:56:16  INFO      TradingGraph: Fusing timeframe signals
2026-03-24 22:56:16  INFO      TradingGraph: Fusion: L=-0.440, M=-0.024, S=0.125
2026-03-24 22:56:16  INFO      TradingGraph: Running agents for EURUSD
2026-03-24 22:56:16  INFO      TradingGraph: Completed 7 agents
2026-03-24 22:56:16  INFO      TradingGraph: Fusing timeframe signals
2026-03-24 22:56:16  INFO      TradingGraph: Fusion: L=-0.420, M=0.019, S=0.093
2026-03-24 22:56:17  INFO      TradingGraph: Running agents for GBPUSD
2026-03-24 22:56:17  INFO      TradingGraph: Completed 7 agents
2026-03-24 22:56:17  INFO      TradingGraph: Fusing timeframe signals
2026-03-24 22:56:17  INFO      TradingGraph: Fusion: L=-0.407, M=-0.197, S=0.003
2026-03-24 22:56:17  INFO      TradingGraph: Running agents for USDJPY
2026-03-24 22:56:17  INFO      TradingGraph: Completed 7 agents
2026-03-24 22:56:17  INFO      TradingGraph: Fusing timeframe signals
2026-03-24 22:56:17  INFO      TradingGraph: Fusion: L=0.348, M=0.274, S=-0.164
2026-03-24 22:56:17  INFO      TradingGraph: Running agents for AUDUSD
2026-03-24 22:56:17  INFO      TradingGraph: Completed 7 agents
2026-03-24 22:56:17  INFO      TradingGraph: Fusing timeframe signals
2026-03-24 22:56:17  INFO      TradingGraph: Fusion: L=0.312, M=-0.017, S=0.169
2026-03-24 22:56:18  INFO      TradingGraph: Running agents for NZDUSD
2026-03-24 22:56:18  INFO      TradingGraph: Completed 7 agents
2026-03-24 22:56:18  INFO      TradingGraph: Fusing timeframe signals
2026-03-24 22:56:18  INFO      TradingGraph: Fusion: L=-0.440, M=0.016, S=0.125
2026-03-24 22:56:18  INFO      TradingGraph: Running agents for EURUSD
2026-03-24 22:56:18  INFO      TradingGraph: Completed 7 agents
2026-03-24 22:56:18  INFO      TradingGraph: Fusing timeframe signals
2026-03-24 22:56:18  INFO      TradingGraph: Fusion: L=-0.420, M=0.019, S=0.093
2026-03-24 22:56:19  INFO      TradingGraph: Running agents for GBPUSD
2026-03-24 22:56:19  INFO      TradingGraph: Completed 7 agents
2026-03-24 22:56:19  INFO      TradingGraph: Fusing timeframe signals
2026-03-24 22:56:19  INFO      TradingGraph: Fusion: L=-0.407, M=-0.197, S=0.003
2026-03-24 22:56:19  INFO      TradingGraph: Running agents for USDJPY
2026-03-24 22:56:19  INFO      TradingGraph: Completed 7 agents
2026-03-24 22:56:19  INFO      TradingGraph: Fusing timeframe signals
2026-03-24 22:56:19  INFO      TradingGraph: Fusion: L=0.348, M=0.274, S=-0.164
2026-03-24 22:56:19  INFO      TradingGraph: Running agents for AUDUSD
2026-03-24 22:56:19  INFO      TradingGraph: Completed 7 agents
2026-03-24 22:56:19  INFO      TradingGraph: Fusing timeframe signals
2026-03-24 22:56:19  INFO      TradingGraph: Fusion: L=0.312, M=-0.017, S=0.169
2026-03-24 22:56:19  INFO      TradingGraph: Running agents for NZDUSD
2026-03-24 22:56:19  INFO      TradingGraph: Completed 7 agents
2026-03-24 22:56:19  INFO      TradingGraph: Fusing timeframe signals
2026-03-24 22:56:19  INFO      TradingGraph: Fusion: L=-0.440, M=-0.024, S=0.125
2026-03-24 22:56:24  INFO      TradingRunner: Analysing EURUSD …
2026-03-24 22:56:24  INFO      TradingGraph: Running agents for EURUSD
2026-03-24 22:56:24  INFO      TradingGraph: Completed 7 agents
2026-03-24 22:56:24  INFO      TradingGraph: Fusing timeframe signals
2026-03-24 22:56:24  INFO      TradingGraph: Fusion: L=-0.420, M=0.019, S=0.093
2026-03-24 22:56:24  INFO      TradingGraph: Aligned [pullback-entry] (bearish) — proceeding [L=-0.420 M=0.019 S=0.093 breadth=-0.086]
2026-03-24 22:56:24  INFO      TradingGraph: Generating trading recipe
2026-03-24 22:56:24  INFO      TradingGraph: Generated recipe: SHORT_PULLBACK_ENTRY_EURUSD
2026-03-24 22:56:24  INFO      TradingGraph: Risk check passed
2026-03-24 22:56:24  INFO      TradingGraph: Creating trade plan
2026-03-24 22:56:25  INFO      TradingGraph: Created trade plan: entry=1.1608, sl=1.1653, tp=1.1519
2026-03-24 22:56:25  INFO      TradingGraph: Executing trade for EURUSD
2026-03-24 22:56:25  INFO      MT5Executor: EURUSD: lots=0.06 (risk=$25.00)
2026-03-24 22:56:25  INFO      MT5Executor: Market order filled: ticket=7885022596 vol=0.06
2026-03-24 22:56:25  INFO      TradingGraph: Order placed: ticket=7885022596
2026-03-24 22:56:25  INFO      OrderManager: Created order order_51_20260324_225625 for EURUSD
2026-03-24 22:56:25  INFO      TradeJournal: TRADE  EURUSD           Direction.SHORT  qty=0.06  entry=1.16081  sl=1.16525  tp=1.15193  ticket=7885022596
2026-03-24 22:56:25  INFO      TradingRunner: Analysing GBPUSD …
2026-03-24 22:56:25  INFO      TradingGraph: Running agents for GBPUSD
2026-03-24 22:56:25  INFO      TradingGraph: Completed 7 agents
2026-03-24 22:56:25  INFO      TradingGraph: Fusing timeframe signals
2026-03-24 22:56:25  INFO      TradingGraph: Fusion: L=-0.407, M=-0.160, S=0.003
2026-03-24 22:56:25  INFO      TradingGraph: Aligned [pullback-entry] (bearish) — proceeding [L=-0.407 M=-0.160 S=0.003 breadth=-0.086]
2026-03-24 22:56:25  INFO      TradingGraph: Generating trading recipe
2026-03-24 22:56:25  INFO      TradingGraph: Generated recipe: SHORT_PULLBACK_ENTRY_GBPUSD
2026-03-24 22:56:25  INFO      TradingGraph: Risk check passed
2026-03-24 22:56:25  INFO      TradingGraph: Creating trade plan
2026-03-24 22:56:25  INFO      TradingGraph: Created trade plan: entry=1.3411, sl=1.3468, tp=1.3297
2026-03-24 22:56:25  INFO      TradingGraph: Executing trade for GBPUSD
2026-03-24 22:56:25  INFO      MT5Executor: GBPUSD: lots=0.04 (risk=$25.00)
2026-03-24 22:56:25  INFO      MT5Executor: Market order filled: ticket=7885022600 vol=0.04
2026-03-24 22:56:25  INFO      TradingGraph: Order placed: ticket=7885022600
2026-03-24 22:56:25  INFO      OrderManager: Created order order_52_20260324_225625 for GBPUSD
2026-03-24 22:56:25  INFO      TradeJournal: TRADE  GBPUSD           Direction.SHORT  qty=0.04  entry=1.34114  sl=1.34685  tp=1.32973  ticket=7885022600
2026-03-24 22:56:25  INFO      TradingRunner: Analysing USDJPY …
2026-03-24 22:56:26  INFO      TradingGraph: Running agents for USDJPY
2026-03-24 22:56:26  INFO      TradingGraph: Completed 7 agents
2026-03-24 22:56:26  INFO      TradingGraph: Fusing timeframe signals
2026-03-24 22:56:26  INFO      TradingGraph: Fusion: L=0.347, M=0.274, S=-0.164
2026-03-24 22:56:26  INFO      TradingGraph: Aligned [pullback-entry] (bullish) — proceeding [L=0.347 M=0.274 S=-0.164 breadth=-0.086]
2026-03-24 22:56:26  INFO      TradingGraph: Generating trading recipe
2026-03-24 22:56:26  INFO      TradingGraph: Generated recipe: LONG_PULLBACK_ENTRY_USDJPY
2026-03-24 22:56:26  INFO      TradingGraph: Risk check passed
2026-03-24 22:56:26  INFO      TradingGraph: Creating trade plan
2026-03-24 22:56:26  INFO      TradingGraph: Created trade plan: entry=158.6810, sl=158.1851, tp=159.6728
2026-03-24 22:56:26  INFO      TradingGraph: Executing trade for USDJPY
2026-03-24 22:56:26  INFO      MT5Executor: USDJPY: lots=0.01 (risk=$25.00)
2026-03-24 22:56:26  INFO      MT5Executor: Market order filled: ticket=7885022607 vol=0.01
2026-03-24 22:56:26  INFO      TradingGraph: Order placed: ticket=7885022607
2026-03-24 22:56:26  INFO      OrderManager: Created order order_53_20260324_225626 for USDJPY
2026-03-24 22:56:26  INFO      TradeJournal: TRADE  USDJPY           Direction.LONG  qty=0.01  entry=158.68100  sl=158.18512  tp=159.67275  ticket=7885022607
2026-03-24 22:56:26  INFO      TradingRunner: Analysing USDCHF …
2026-03-24 22:56:26  INFO      TradingGraph: Running agents for USDCHF
2026-03-24 22:56:26  INFO      TradingGraph: Completed 7 agents
2026-03-24 22:56:26  INFO      TradingGraph: Fusing timeframe signals
2026-03-24 22:56:26  INFO      TradingGraph: Fusion: L=0.426, M=-0.721, S=0.075
2026-03-24 22:56:26  INFO      TradingGraph: Timeframes not aligned — stopping (L=0.426 M=-0.721 S=0.075)
2026-03-24 22:56:26  INFO      TradingRunner: Analysing AUDUSD …
2026-03-24 22:56:27  INFO      TradingGraph: Running agents for AUDUSD
2026-03-24 22:56:27  INFO      TradingGraph: Completed 7 agents
2026-03-24 22:56:27  INFO      TradingGraph: Fusing timeframe signals
2026-03-24 22:56:27  INFO      TradingGraph: Fusion: L=0.312, M=-0.017, S=0.169
2026-03-24 22:56:27  INFO      TradingGraph: Aligned [pullback-entry] (bullish) — proceeding [L=0.312 M=-0.017 S=0.169 breadth=-0.086]
2026-03-24 22:56:27  INFO      TradingGraph: Generating trading recipe
2026-03-24 22:56:27  INFO      TradingGraph: Generated recipe: LONG_PULLBACK_ENTRY_AUDUSD
2026-03-24 22:56:27  INFO      TradingGraph: Risk check passed
2026-03-24 22:56:27  INFO      TradingGraph: Creating trade plan
2026-03-24 22:56:27  INFO      TradingGraph: Created trade plan: entry=0.6996, sl=0.6949, tp=0.7089
2026-03-24 22:56:27  INFO      TradingGraph: Executing trade for AUDUSD
2026-03-24 22:56:27  INFO      MT5Executor: AUDUSD: lots=0.05 (risk=$25.00)
2026-03-24 22:56:27  INFO      MT5Executor: Market order filled: ticket=7885022640 vol=0.05
2026-03-24 22:56:27  INFO      TradingGraph: Order placed: ticket=7885022640
2026-03-24 22:56:27  INFO      OrderManager: Created order order_54_20260324_225627 for AUDUSD
2026-03-24 22:56:27  INFO      TradeJournal: TRADE  AUDUSD           Direction.LONG  qty=0.05  entry=0.69958  sl=0.69492  tp=0.70891  ticket=7885022640
2026-03-24 22:56:27  INFO      TradingRunner: Analysing USDCAD …
2026-03-24 22:56:27  INFO      TradingGraph: Running agents for USDCAD
2026-03-24 22:56:28  INFO      TradingGraph: Completed 7 agents
2026-03-24 22:56:28  INFO      TradingGraph: Fusing timeframe signals
2026-03-24 22:56:28  INFO      TradingGraph: Fusion: L=0.050, M=-0.259, S=0.101
2026-03-24 22:56:28  INFO      TradingGraph: Timeframes not aligned — stopping (L=0.050 M=-0.259 S=0.101)
2026-03-24 22:56:28  INFO      TradingRunner: Analysing NZDUSD …
2026-03-24 22:56:28  INFO      TradingGraph: Running agents for NZDUSD
2026-03-24 22:56:28  INFO      TradingGraph: Completed 7 agents
2026-03-24 22:56:28  INFO      TradingGraph: Fusing timeframe signals
2026-03-24 22:56:28  INFO      TradingGraph: Fusion: L=-0.440, M=-0.024, S=0.125
2026-03-24 22:56:28  INFO      TradingGraph: Aligned [pullback-entry] (bearish) — proceeding [L=-0.440 M=-0.024 S=0.125 breadth=-0.086]
2026-03-24 22:56:28  INFO      TradingGraph: Generating trading recipe
2026-03-24 22:56:28  INFO      TradingGraph: Generated recipe: SHORT_PULLBACK_ENTRY_NZDUSD
2026-03-24 22:56:28  INFO      TradingGraph: Risk check passed
2026-03-24 22:56:28  INFO      TradingGraph: Creating trade plan
2026-03-24 22:56:28  INFO      TradingGraph: Created trade plan: entry=0.5835, sl=0.5870, tp=0.5764
2026-03-24 22:56:28  INFO      TradingGraph: Executing trade for NZDUSD
2026-03-24 22:56:28  INFO      MT5Executor: NZDUSD: lots=0.07 (risk=$25.00)
2026-03-24 22:56:28  INFO      MT5Executor: Market order filled: ticket=7885022658 vol=0.07
2026-03-24 22:56:28  INFO      TradingGraph: Order placed: ticket=7885022658
2026-03-24 22:56:28  INFO      OrderManager: Created order order_55_20260324_225628 for NZDUSD
2026-03-24 22:56:28  INFO      TradeJournal: TRADE  NZDUSD           Direction.SHORT  qty=0.07  entry=0.58345  sl=0.58696  tp=0.57643  ticket=7885022658
2026-03-24 22:56:28  INFO      TradingRunner: Analysing XAUUSD …
2026-03-24 22:56:28  INFO      TradingGraph: Running agents for XAUUSD
2026-03-24 22:56:28  INFO      TradingGraph: Completed 7 agents
2026-03-24 22:56:28  INFO      TradingGraph: Fusing timeframe signals
2026-03-24 22:56:28  INFO      TradingGraph: Fusion: L=0.446, M=0.115, S=-0.083
2026-03-24 22:56:28  INFO      TradingGraph: Timeframes not aligned — stopping (mean-reversion blocked)
2026-03-24 22:56:44  INFO      TradingRunner: PnL — unrealized: -120.55  realized today: +0.00  total: -120.55
2026-03-24 22:56:44  INFO      TradingRunner: Cycle done in 53.2s — sleeping 247s
2026-03-24 23:00:55  INFO      TradingGraph: Running agents for EURUSD
2026-03-24 23:00:55  INFO      TradingGraph: Completed 7 agents
2026-03-24 23:00:55  INFO      TradingGraph: Fusing timeframe signals
2026-03-24 23:00:55  INFO      TradingGraph: Fusion: L=-0.406, M=0.019, S=0.054
2026-03-24 23:00:56  INFO      TradingGraph: Running agents for GBPUSD
2026-03-24 23:00:56  INFO      TradingGraph: Completed 7 agents
2026-03-24 23:00:56  INFO      TradingGraph: Fusing timeframe signals
2026-03-24 23:00:56  INFO      TradingGraph: Fusion: L=-0.395, M=0.019, S=0.056
2026-03-24 23:00:58  INFO      TradingGraph: Running agents for NZDUSD
2026-03-24 23:00:58  INFO      TradingGraph: Completed 7 agents
2026-03-24 23:00:58  INFO      TradingGraph: Fusing timeframe signals
2026-03-24 23:00:58  INFO      TradingGraph: Fusion: L=-0.430, M=0.017, S=0.101
2026-03-24 23:00:59  INFO      TradingGraph: Running agents for XAUUSD
2026-03-24 23:00:59  INFO      TradingGraph: Completed 7 agents
2026-03-24 23:00:59  INFO      TradingGraph: Fusing timeframe signals
2026-03-24 23:00:59  INFO      TradingGraph: Fusion: L=0.082, M=0.583, S=-0.172
2026-03-24 23:01:00  INFO      TradingGraph: Running agents for EURUSD
2026-03-24 23:01:00  INFO      TradingGraph: Completed 7 agents
2026-03-24 23:01:00  INFO      TradingGraph: Fusing timeframe signals
2026-03-24 23:01:00  INFO      TradingGraph: Fusion: L=-0.406, M=0.019, S=0.054
2026-03-24 23:01:00  INFO      TradingGraph: Running agents for GBPUSD
2026-03-24 23:01:00  INFO      TradingGraph: Completed 7 agents
2026-03-24 23:01:00  INFO      TradingGraph: Fusing timeframe signals
2026-03-24 23:01:00  INFO      TradingGraph: Fusion: L=-0.395, M=0.019, S=0.056
2026-03-24 23:01:01  INFO      TradingGraph: Running agents for NZDUSD
2026-03-24 23:01:01  INFO      TradingGraph: Completed 7 agents
2026-03-24 23:01:01  INFO      TradingGraph: Fusing timeframe signals
2026-03-24 23:01:01  INFO      TradingGraph: Fusion: L=-0.430, M=0.017, S=0.101
2026-03-24 23:01:01  INFO      TradingGraph: Running agents for EURUSD
2026-03-24 23:01:01  INFO      TradingGraph: Completed 7 agents
2026-03-24 23:01:01  INFO      TradingGraph: Fusing timeframe signals
2026-03-24 23:01:01  INFO      TradingGraph: Fusion: L=-0.406, M=0.019, S=0.054
2026-03-24 23:01:02  INFO      TradingGraph: Running agents for GBPUSD
2026-03-24 23:01:02  INFO      TradingGraph: Completed 7 agents
2026-03-24 23:01:02  INFO      TradingGraph: Fusing timeframe signals
2026-03-24 23:01:02  INFO      TradingGraph: Fusion: L=-0.395, M=0.019, S=0.056
2026-03-24 23:01:02  INFO      TradingGraph: Running agents for NZDUSD
2026-03-24 23:01:02  INFO      TradingGraph: Completed 7 agents
2026-03-24 23:01:02  INFO      TradingGraph: Fusing timeframe signals
2026-03-24 23:01:02  INFO      TradingGraph: Fusion: L=-0.430, M=0.017, S=0.101
2026-03-24 23:01:02  INFO      TradingGraph: Running agents for XAUUSD
2026-03-24 23:01:02  INFO      TradingGraph: Completed 7 agents
2026-03-24 23:01:02  INFO      TradingGraph: Fusing timeframe signals
2026-03-24 23:01:02  INFO      TradingGraph: Fusion: L=0.082, M=0.583, S=-0.172
2026-03-24 23:01:03  INFO      TradingGraph: Running agents for EURUSD
2026-03-24 23:01:03  INFO      TradingGraph: Completed 7 agents
2026-03-24 23:01:03  INFO      TradingGraph: Fusing timeframe signals
2026-03-24 23:01:03  INFO      TradingGraph: Fusion: L=-0.406, M=0.019, S=0.054
2026-03-24 23:01:03  INFO      TradingGraph: Running agents for GBPUSD
2026-03-24 23:01:03  INFO      TradingGraph: Completed 7 agents
2026-03-24 23:01:03  INFO      TradingGraph: Fusing timeframe signals
2026-03-24 23:01:03  INFO      TradingGraph: Fusion: L=-0.395, M=0.056, S=0.056
2026-03-24 23:01:04  INFO      TradingGraph: Running agents for USDJPY
2026-03-24 23:01:04  INFO      TradingGraph: Completed 7 agents
2026-03-24 23:01:04  INFO      TradingGraph: Fusing timeframe signals
2026-03-24 23:01:04  INFO      TradingGraph: Fusion: L=0.672, M=0.074, S=-0.166
2026-03-24 23:01:06  INFO      TradingGraph: Running agents for AUDUSD
2026-03-24 23:01:06  INFO      TradingGraph: Completed 7 agents
2026-03-24 23:01:06  INFO      TradingGraph: Fusing timeframe signals
2026-03-24 23:01:06  INFO      TradingGraph: Fusion: L=0.307, M=-0.015, S=0.161
2026-03-24 23:01:06  INFO      TradingGraph: Running agents for NZDUSD
2026-03-24 23:01:07  INFO      TradingGraph: Completed 7 agents
2026-03-24 23:01:07  INFO      TradingGraph: Fusing timeframe signals
2026-03-24 23:01:07  INFO      TradingGraph: Fusion: L=-0.430, M=-0.023, S=0.101
2026-03-24 23:01:07  INFO      TradingGraph: Running agents for EURUSD
2026-03-24 23:01:07  INFO      TradingGraph: Completed 7 agents
2026-03-24 23:01:07  INFO      TradingGraph: Fusing timeframe signals
2026-03-24 23:01:07  INFO      TradingGraph: Fusion: L=-0.406, M=0.019, S=0.054
2026-03-24 23:01:07  INFO      TradingGraph: Running agents for GBPUSD
2026-03-24 23:01:07  INFO      TradingGraph: Completed 7 agents
2026-03-24 23:01:07  INFO      TradingGraph: Fusing timeframe signals
2026-03-24 23:01:07  INFO      TradingGraph: Fusion: L=-0.395, M=0.056, S=0.056
2026-03-24 23:01:08  INFO      TradingGraph: Running agents for USDJPY
2026-03-24 23:01:08  INFO      TradingGraph: Completed 7 agents
2026-03-24 23:01:08  INFO      TradingGraph: Fusing timeframe signals
2026-03-24 23:01:08  INFO      TradingGraph: Fusion: L=0.672, M=0.074, S=-0.166
2026-03-24 23:01:09  INFO      TradingGraph: Running agents for AUDUSD
2026-03-24 23:01:09  INFO      TradingGraph: Completed 7 agents
2026-03-24 23:01:09  INFO      TradingGraph: Fusing timeframe signals
2026-03-24 23:01:09  INFO      TradingGraph: Fusion: L=0.307, M=-0.015, S=0.161
2026-03-24 23:01:09  INFO      TradingGraph: Running agents for NZDUSD
2026-03-24 23:01:09  INFO      TradingGraph: Completed 7 agents
2026-03-24 23:01:09  INFO      TradingGraph: Fusing timeframe signals
2026-03-24 23:01:09  INFO      TradingGraph: Fusion: L=-0.430, M=-0.023, S=0.101
2026-03-24 23:01:09  INFO      TradingGraph: Running agents for EURUSD
2026-03-24 23:01:09  INFO      TradingGraph: Completed 7 agents
2026-03-24 23:01:09  INFO      TradingGraph: Fusing timeframe signals
2026-03-24 23:01:09  INFO      TradingGraph: Fusion: L=-0.406, M=0.019, S=0.054
2026-03-24 23:01:10  INFO      TradingGraph: Running agents for GBPUSD
2026-03-24 23:01:10  INFO      TradingGraph: Completed 7 agents
2026-03-24 23:01:10  INFO      TradingGraph: Fusing timeframe signals
2026-03-24 23:01:10  INFO      TradingGraph: Fusion: L=-0.395, M=0.056, S=0.056
2026-03-24 23:01:10  INFO      TradingGraph: Running agents for USDJPY
2026-03-24 23:01:10  INFO      TradingGraph: Completed 7 agents
2026-03-24 23:01:10  INFO      TradingGraph: Fusing timeframe signals
2026-03-24 23:01:10  INFO      TradingGraph: Fusion: L=0.672, M=0.074, S=-0.167
2026-03-24 23:01:11  INFO      TradingGraph: Running agents for AUDUSD
2026-03-24 23:01:11  INFO      TradingGraph: Completed 7 agents
2026-03-24 23:01:11  INFO      TradingGraph: Fusing timeframe signals
2026-03-24 23:01:11  INFO      TradingGraph: Fusion: L=0.307, M=-0.015, S=0.161
2026-03-24 23:01:11  INFO      TradingGraph: Running agents for NZDUSD
2026-03-24 23:01:11  INFO      TradingGraph: Completed 7 agents
2026-03-24 23:01:11  INFO      TradingGraph: Fusing timeframe signals
2026-03-24 23:01:11  INFO      TradingGraph: Fusion: L=-0.430, M=-0.023, S=0.101
2026-03-24 23:01:11  INFO      TradingGraph: Running agents for EURUSD
2026-03-24 23:01:11  INFO      TradingGraph: Completed 7 agents
2026-03-24 23:01:11  INFO      TradingGraph: Fusing timeframe signals
2026-03-24 23:01:11  INFO      TradingGraph: Fusion: L=-0.406, M=0.019, S=0.054
2026-03-24 23:01:12  INFO      TradingGraph: Running agents for GBPUSD
2026-03-24 23:01:12  INFO      TradingGraph: Completed 7 agents
2026-03-24 23:01:12  INFO      TradingGraph: Fusing timeframe signals
2026-03-24 23:01:12  INFO      TradingGraph: Fusion: L=-0.395, M=0.056, S=0.056
2026-03-24 23:01:12  INFO      TradingGraph: Running agents for USDJPY
2026-03-24 23:01:12  INFO      TradingGraph: Completed 7 agents
2026-03-24 23:01:12  INFO      TradingGraph: Fusing timeframe signals
2026-03-24 23:01:12  INFO      TradingGraph: Fusion: L=0.672, M=0.074, S=-0.167
2026-03-24 23:01:13  INFO      TradingGraph: Running agents for AUDUSD
2026-03-24 23:01:13  INFO      TradingGraph: Completed 7 agents
2026-03-24 23:01:13  INFO      TradingGraph: Fusing timeframe signals
2026-03-24 23:01:13  INFO      TradingGraph: Fusion: L=0.307, M=-0.015, S=0.161
2026-03-24 23:01:13  INFO      TradingGraph: Running agents for NZDUSD
2026-03-24 23:01:13  INFO      TradingGraph: Completed 7 agents
2026-03-24 23:01:13  INFO      TradingGraph: Fusing timeframe signals
2026-03-24 23:01:13  INFO      TradingGraph: Fusion: L=-0.430, M=-0.023, S=0.101
2026-03-24 23:01:14  INFO      TradingGraph: Running agents for EURUSD
2026-03-24 23:01:14  INFO      TradingGraph: Completed 7 agents
2026-03-24 23:01:14  INFO      TradingGraph: Fusing timeframe signals
2026-03-24 23:01:14  INFO      TradingGraph: Fusion: L=-0.406, M=0.019, S=0.054
2026-03-24 23:01:14  INFO      TradingGraph: Running agents for GBPUSD
2026-03-24 23:01:14  INFO      TradingGraph: Completed 7 agents
2026-03-24 23:01:14  INFO      TradingGraph: Fusing timeframe signals
2026-03-24 23:01:14  INFO      TradingGraph: Fusion: L=-0.395, M=0.056, S=0.056
2026-03-24 23:01:15  INFO      TradingGraph: Running agents for USDJPY
2026-03-24 23:01:15  INFO      TradingGraph: Completed 7 agents
2026-03-24 23:01:15  INFO      TradingGraph: Fusing timeframe signals
2026-03-24 23:01:15  INFO      TradingGraph: Fusion: L=0.672, M=0.074, S=-0.167
2026-03-24 23:01:15  INFO      TradingGraph: Running agents for AUDUSD
2026-03-24 23:01:15  INFO      TradingGraph: Completed 7 agents
2026-03-24 23:01:15  INFO      TradingGraph: Fusing timeframe signals
2026-03-24 23:01:15  INFO      TradingGraph: Fusion: L=0.307, M=-0.015, S=0.161
2026-03-24 23:01:16  INFO      TradingGraph: Running agents for NZDUSD
2026-03-24 23:01:16  INFO      TradingGraph: Completed 7 agents
2026-03-24 23:01:16  INFO      TradingGraph: Fusing timeframe signals
2026-03-24 23:01:16  INFO      TradingGraph: Fusion: L=-0.431, M=-0.023, S=0.139
2026-03-24 23:01:16  INFO      TradingGraph: Running agents for EURUSD
2026-03-24 23:01:16  INFO      TradingGraph: Completed 7 agents
2026-03-24 23:01:16  INFO      TradingGraph: Fusing timeframe signals
2026-03-24 23:01:16  INFO      TradingGraph: Fusion: L=-0.406, M=0.019, S=0.054
2026-03-24 23:01:16  INFO      TradingGraph: Running agents for GBPUSD
2026-03-24 23:01:16  INFO      TradingGraph: Completed 7 agents
2026-03-24 23:01:16  INFO      TradingGraph: Fusing timeframe signals
2026-03-24 23:01:16  INFO      TradingGraph: Fusion: L=-0.395, M=0.056, S=0.056
2026-03-24 23:01:17  INFO      TradingGraph: Running agents for USDJPY
2026-03-24 23:01:17  INFO      TradingGraph: Completed 7 agents
2026-03-24 23:01:17  INFO      TradingGraph: Fusing timeframe signals
2026-03-24 23:01:17  INFO      TradingGraph: Fusion: L=0.672, M=0.074, S=-0.167
2026-03-24 23:01:17  INFO      TradingGraph: Running agents for AUDUSD
2026-03-24 23:01:17  INFO      TradingGraph: Completed 7 agents
2026-03-24 23:01:17  INFO      TradingGraph: Fusing timeframe signals
2026-03-24 23:01:17  INFO      TradingGraph: Fusion: L=0.307, M=-0.015, S=0.161
2026-03-24 23:01:18  INFO      TradingGraph: Running agents for NZDUSD
2026-03-24 23:01:18  INFO      TradingGraph: Completed 7 agents
2026-03-24 23:01:18  INFO      TradingGraph: Fusing timeframe signals
2026-03-24 23:01:18  INFO      TradingGraph: Fusion: L=-0.431, M=-0.023, S=0.139
2026-03-24 23:01:18  INFO      TradingGraph: Running agents for EURUSD
2026-03-24 23:01:18  INFO      TradingGraph: Completed 7 agents
2026-03-24 23:01:18  INFO      TradingGraph: Fusing timeframe signals
2026-03-24 23:01:18  INFO      TradingGraph: Fusion: L=-0.406, M=0.019, S=0.054
2026-03-24 23:01:19  INFO      TradingGraph: Running agents for GBPUSD
2026-03-24 23:01:19  INFO      TradingGraph: Completed 7 agents
2026-03-24 23:01:19  INFO      TradingGraph: Fusing timeframe signals
2026-03-24 23:01:19  INFO      TradingGraph: Fusion: L=-0.395, M=0.056, S=0.056
2026-03-24 23:01:19  INFO      TradingGraph: Running agents for USDJPY
2026-03-24 23:01:19  INFO      TradingGraph: Completed 7 agents
2026-03-24 23:01:19  INFO      TradingGraph: Fusing timeframe signals
2026-03-24 23:01:19  INFO      TradingGraph: Fusion: L=0.672, M=0.074, S=-0.167
2026-03-24 23:01:20  INFO      TradingGraph: Running agents for AUDUSD
2026-03-24 23:01:20  INFO      TradingGraph: Completed 7 agents
2026-03-24 23:01:20  INFO      TradingGraph: Fusing timeframe signals
2026-03-24 23:01:20  INFO      TradingGraph: Fusion: L=0.307, M=-0.015, S=0.161
2026-03-24 23:01:20  INFO      TradingGraph: Running agents for NZDUSD
2026-03-24 23:01:20  INFO      TradingGraph: Completed 7 agents
2026-03-24 23:01:20  INFO      TradingGraph: Fusing timeframe signals
2026-03-24 23:01:20  INFO      TradingGraph: Fusion: L=-0.431, M=-0.023, S=0.139
2026-03-24 23:01:20  INFO      TradingGraph: Running agents for EURUSD
2026-03-24 23:01:20  INFO      TradingGraph: Completed 7 agents
2026-03-24 23:01:20  INFO      TradingGraph: Fusing timeframe signals
2026-03-24 23:01:20  INFO      TradingGraph: Fusion: L=-0.406, M=0.019, S=0.054
2026-03-24 23:01:21  INFO      TradingGraph: Running agents for GBPUSD
2026-03-24 23:01:21  INFO      TradingGraph: Completed 7 agents
2026-03-24 23:01:21  INFO      TradingGraph: Fusing timeframe signals
2026-03-24 23:01:21  INFO      TradingGraph: Fusion: L=-0.395, M=0.056, S=0.056
2026-03-24 23:01:21  INFO      TradingGraph: Running agents for USDJPY
2026-03-24 23:01:21  INFO      TradingGraph: Completed 7 agents
2026-03-24 23:01:21  INFO      TradingGraph: Fusing timeframe signals
2026-03-24 23:01:21  INFO      TradingGraph: Fusion: L=0.672, M=0.074, S=-0.166
2026-03-24 23:01:22  INFO      TradingGraph: Running agents for AUDUSD
2026-03-24 23:01:22  INFO      TradingGraph: Completed 7 agents
2026-03-24 23:01:22  INFO      TradingGraph: Fusing timeframe signals
2026-03-24 23:01:22  INFO      TradingGraph: Fusion: L=0.307, M=-0.015, S=0.161
2026-03-24 23:01:22  INFO      TradingGraph: Running agents for NZDUSD
2026-03-24 23:01:22  INFO      TradingGraph: Completed 7 agents
2026-03-24 23:01:22  INFO      TradingGraph: Fusing timeframe signals
2026-03-24 23:01:22  INFO      TradingGraph: Fusion: L=-0.431, M=-0.023, S=0.139
2026-03-24 23:01:23  INFO      TradingGraph: Running agents for EURUSD
2026-03-24 23:01:23  INFO      TradingGraph: Completed 7 agents
2026-03-24 23:01:23  INFO      TradingGraph: Fusing timeframe signals
2026-03-24 23:01:23  INFO      TradingGraph: Fusion: L=-0.406, M=0.019, S=0.054
2026-03-24 23:01:23  INFO      TradingGraph: Running agents for GBPUSD
2026-03-24 23:01:23  INFO      TradingGraph: Completed 7 agents
2026-03-24 23:01:23  INFO      TradingGraph: Fusing timeframe signals
2026-03-24 23:01:23  INFO      TradingGraph: Fusion: L=-0.395, M=0.056, S=0.056
2026-03-24 23:01:24  INFO      TradingGraph: Running agents for USDJPY
2026-03-24 23:01:24  INFO      TradingGraph: Completed 7 agents
2026-03-24 23:01:24  INFO      TradingGraph: Fusing timeframe signals
2026-03-24 23:01:24  INFO      TradingGraph: Fusion: L=0.672, M=0.074, S=-0.166
2026-03-24 23:01:24  INFO      TradingGraph: Running agents for AUDUSD
2026-03-24 23:01:24  INFO      TradingGraph: Completed 7 agents
2026-03-24 23:01:24  INFO      TradingGraph: Fusing timeframe signals
2026-03-24 23:01:24  INFO      TradingGraph: Fusion: L=0.307, M=-0.015, S=0.161
2026-03-24 23:01:25  INFO      TradingGraph: Running agents for NZDUSD
2026-03-24 23:01:25  INFO      TradingGraph: Completed 7 agents
2026-03-24 23:01:25  INFO      TradingGraph: Fusing timeframe signals
2026-03-24 23:01:25  INFO      TradingGraph: Fusion: L=-0.430, M=-0.023, S=0.101
2026-03-24 23:01:26  INFO      TradingGraph: Running agents for EURUSD
2026-03-24 23:01:26  INFO      TradingGraph: Completed 7 agents
2026-03-24 23:01:26  INFO      TradingGraph: Fusing timeframe signals
2026-03-24 23:01:26  INFO      TradingGraph: Fusion: L=-0.406, M=0.019, S=0.054
2026-03-24 23:01:26  INFO      TradingGraph: Running agents for GBPUSD
2026-03-24 23:01:26  INFO      TradingGraph: Completed 7 agents
2026-03-24 23:01:26  INFO      TradingGraph: Fusing timeframe signals
2026-03-24 23:01:26  INFO      TradingGraph: Fusion: L=-0.395, M=0.056, S=0.056
2026-03-24 23:01:26  INFO      TradingGraph: Running agents for USDJPY
2026-03-24 23:01:26  INFO      TradingGraph: Completed 7 agents
2026-03-24 23:01:26  INFO      TradingGraph: Fusing timeframe signals
2026-03-24 23:01:26  INFO      TradingGraph: Fusion: L=0.672, M=0.074, S=-0.166
2026-03-24 23:01:27  INFO      TradingGraph: Running agents for AUDUSD
2026-03-24 23:01:27  INFO      TradingGraph: Completed 7 agents
2026-03-24 23:01:27  INFO      TradingGraph: Fusing timeframe signals
2026-03-24 23:01:27  INFO      TradingGraph: Fusion: L=0.307, M=-0.015, S=0.161
2026-03-24 23:01:27  INFO      TradingGraph: Running agents for NZDUSD
2026-03-24 23:01:27  INFO      TradingGraph: Completed 7 agents
2026-03-24 23:01:27  INFO      TradingGraph: Fusing timeframe signals
2026-03-24 23:01:27  INFO      TradingGraph: Fusion: L=-0.430, M=-0.023, S=0.101
2026-03-24 23:01:28  INFO      TradingGraph: Running agents for EURUSD
2026-03-24 23:01:28  INFO      TradingGraph: Completed 7 agents
2026-03-24 23:01:28  INFO      TradingGraph: Fusing timeframe signals
2026-03-24 23:01:28  INFO      TradingGraph: Fusion: L=-0.406, M=0.019, S=0.054
2026-03-24 23:01:28  INFO      TradingGraph: Running agents for GBPUSD
2026-03-24 23:01:28  INFO      TradingGraph: Completed 7 agents
2026-03-24 23:01:28  INFO      TradingGraph: Fusing timeframe signals
2026-03-24 23:01:28  INFO      TradingGraph: Fusion: L=-0.395, M=0.056, S=0.056
2026-03-24 23:01:29  INFO      TradingGraph: Running agents for USDJPY
2026-03-24 23:01:29  INFO      TradingGraph: Completed 7 agents
2026-03-24 23:01:29  INFO      TradingGraph: Fusing timeframe signals
2026-03-24 23:01:29  INFO      TradingGraph: Fusion: L=0.672, M=0.074, S=-0.166
2026-03-24 23:01:29  INFO      TradingGraph: Running agents for AUDUSD
2026-03-24 23:01:29  INFO      TradingGraph: Completed 7 agents
2026-03-24 23:01:29  INFO      TradingGraph: Fusing timeframe signals
2026-03-24 23:01:29  INFO      TradingGraph: Fusion: L=0.307, M=-0.015, S=0.161
2026-03-24 23:01:29  INFO      TradingGraph: Running agents for NZDUSD
2026-03-24 23:01:29  INFO      TradingGraph: Completed 7 agents
2026-03-24 23:01:29  INFO      TradingGraph: Fusing timeframe signals
2026-03-24 23:01:29  INFO      TradingGraph: Fusion: L=-0.430, M=-0.023, S=0.101
2026-03-24 23:01:36  INFO      TradingRunner: Analysing EURUSD …
2026-03-24 23:01:37  INFO      TradingGraph: Running agents for EURUSD
2026-03-24 23:01:37  INFO      TradingGraph: Completed 7 agents
2026-03-24 23:01:37  INFO      TradingGraph: Fusing timeframe signals
2026-03-24 23:01:37  INFO      TradingGraph: Fusion: L=-0.406, M=0.019, S=0.054
2026-03-24 23:01:37  INFO      TradingGraph: Aligned [pullback-entry] (bearish) — proceeding [L=-0.406 M=0.019 S=0.054 breadth=-0.086]
2026-03-24 23:01:37  INFO      TradingGraph: Generating trading recipe
2026-03-24 23:01:37  INFO      TradingGraph: Generated recipe: SHORT_PULLBACK_ENTRY_EURUSD
2026-03-24 23:01:37  INFO      TradingGraph: Risk check passed
2026-03-24 23:01:37  INFO      TradingGraph: Creating trade plan
2026-03-24 23:01:37  INFO      TradingGraph: Created trade plan: entry=1.1611, sl=1.1653, tp=1.1527
2026-03-24 23:01:37  INFO      TradingGraph: Executing trade for EURUSD
2026-03-24 23:01:37  INFO      MT5Executor: EURUSD: lots=0.06 (risk=$25.00)
2026-03-24 23:01:37  INFO      MT5Executor: Market order filled: ticket=7885041303 vol=0.06
2026-03-24 23:01:37  INFO      TradingGraph: Order placed: ticket=7885041303
2026-03-24 23:01:37  INFO      OrderManager: Created order order_56_20260324_230137 for EURUSD
2026-03-24 23:01:37  INFO      TradeJournal: TRADE  EURUSD           Direction.SHORT  qty=0.06  entry=1.16109  sl=1.16530  tp=1.15267  ticket=7885041303
2026-03-24 23:01:37  INFO      TradingRunner: Analysing GBPUSD …
2026-03-24 23:01:38  INFO      TradingGraph: Running agents for GBPUSD
2026-03-24 23:01:38  INFO      TradingGraph: Completed 7 agents
2026-03-24 23:01:38  INFO      TradingGraph: Fusing timeframe signals
2026-03-24 23:01:38  INFO      TradingGraph: Fusion: L=-0.395, M=0.056, S=0.056
2026-03-24 23:01:38  INFO      TradingGraph: Aligned [pullback-entry] (bearish) — proceeding [L=-0.395 M=0.056 S=0.056 breadth=-0.086]
2026-03-24 23:01:38  INFO      TradingGraph: Generating trading recipe
2026-03-24 23:01:38  INFO      TradingGraph: Generated recipe: SHORT_PULLBACK_ENTRY_GBPUSD
2026-03-24 23:01:38  INFO      TradingGraph: Risk check passed
2026-03-24 23:01:38  INFO      TradingGraph: Creating trade plan
2026-03-24 23:01:38  INFO      TradingGraph: Created trade plan: entry=1.3412, sl=1.3466, tp=1.3305
2026-03-24 23:01:38  INFO      TradingGraph: Executing trade for GBPUSD
2026-03-24 23:01:38  INFO      MT5Executor: GBPUSD: lots=0.05 (risk=$25.00)
2026-03-24 23:01:38  INFO      MT5Executor: Market order filled: ticket=7885041466 vol=0.05
2026-03-24 23:01:38  INFO      TradingGraph: Order placed: ticket=7885041466
2026-03-24 23:01:38  INFO      OrderManager: Created order order_57_20260324_230138 for GBPUSD
2026-03-24 23:01:38  INFO      TradeJournal: TRADE  GBPUSD           Direction.SHORT  qty=0.05  entry=1.34121  sl=1.34656  tp=1.33050  ticket=7885041466
2026-03-24 23:01:38  INFO      TradingRunner: Analysing USDJPY …
2026-03-24 23:01:39  INFO      TradingGraph: Running agents for USDJPY
2026-03-24 23:01:39  INFO      TradingGraph: Completed 7 agents
2026-03-24 23:01:39  INFO      TradingGraph: Fusing timeframe signals
2026-03-24 23:01:39  INFO      TradingGraph: Fusion: L=0.672, M=0.074, S=-0.166
2026-03-24 23:01:39  INFO      TradingGraph: Aligned [pullback-entry] (bullish) — proceeding [L=0.672 M=0.074 S=-0.166 breadth=-0.086]
2026-03-24 23:01:39  INFO      TradingGraph: Generating trading recipe
2026-03-24 23:01:39  INFO      TradingGraph: Generated recipe: LONG_PULLBACK_ENTRY_USDJPY
2026-03-24 23:01:39  INFO      TradingGraph: Risk check passed
2026-03-24 23:01:39  INFO      TradingGraph: Creating trade plan
2026-03-24 23:01:39  INFO      TradingGraph: Created trade plan: entry=158.6870, sl=158.2153, tp=159.6305
2026-03-24 23:01:39  INFO      TradingGraph: Executing trade for USDJPY
2026-03-24 23:01:39  INFO      MT5Executor: USDJPY: lots=0.01 (risk=$25.00)
2026-03-24 23:01:39  INFO      MT5Executor: Market order filled: ticket=7885041560 vol=0.01
2026-03-24 23:01:39  INFO      TradingGraph: Order placed: ticket=7885041560
2026-03-24 23:01:39  INFO      OrderManager: Created order order_58_20260324_230139 for USDJPY
2026-03-24 23:01:39  INFO      TradeJournal: TRADE  USDJPY           Direction.LONG  qty=0.01  entry=158.68700  sl=158.21526  tp=159.63049  ticket=7885041560
2026-03-24 23:01:39  INFO      TradingRunner: Analysing USDCHF …
2026-03-24 23:01:40  INFO      TradingGraph: Running agents for USDCHF
2026-03-24 23:01:40  INFO      TradingGraph: Completed 7 agents
2026-03-24 23:01:40  INFO      TradingGraph: Fusing timeframe signals
2026-03-24 23:01:40  INFO      TradingGraph: Fusion: L=0.417, M=-0.723, S=0.029
2026-03-24 23:01:40  INFO      TradingGraph: Timeframes not aligned — stopping (L=0.417 M=-0.723 S=0.029)
2026-03-24 23:01:40  INFO      TradingRunner: Analysing AUDUSD …
2026-03-24 23:01:41  INFO      TradingGraph: Running agents for AUDUSD
2026-03-24 23:01:41  INFO      TradingGraph: Completed 7 agents
2026-03-24 23:01:41  INFO      TradingGraph: Fusing timeframe signals
2026-03-24 23:01:41  INFO      TradingGraph: Fusion: L=0.307, M=-0.015, S=0.161
2026-03-24 23:01:41  INFO      TradingGraph: Aligned [pullback-entry] (bullish) — proceeding [L=0.307 M=-0.015 S=0.161 breadth=-0.086]
2026-03-24 23:01:41  INFO      TradingGraph: Generating trading recipe
2026-03-24 23:01:41  INFO      TradingGraph: Generated recipe: LONG_PULLBACK_ENTRY_AUDUSD
2026-03-24 23:01:41  INFO      TradingGraph: Risk check passed
2026-03-24 23:01:41  INFO      TradingGraph: Creating trade plan
2026-03-24 23:01:41  INFO      TradingGraph: Created trade plan: entry=0.6994, sl=0.6950, tp=0.7081
2026-03-24 23:01:41  INFO      TradingGraph: Executing trade for AUDUSD
2026-03-24 23:01:41  INFO      MT5Executor: AUDUSD: lots=0.06 (risk=$25.00)
2026-03-24 23:01:41  INFO      MT5Executor: Market order filled: ticket=7885041700 vol=0.06
2026-03-24 23:01:41  INFO      TradingGraph: Order placed: ticket=7885041700
2026-03-24 23:01:41  INFO      OrderManager: Created order order_59_20260324_230141 for AUDUSD
2026-03-24 23:01:41  INFO      TradeJournal: TRADE  AUDUSD           Direction.LONG  qty=0.06  entry=0.69937  sl=0.69499  tp=0.70812  ticket=7885041700
2026-03-24 23:01:41  INFO      TradingRunner: Analysing USDCAD …
2026-03-24 23:01:43  INFO      TradingGraph: Running agents for USDCAD
2026-03-24 23:01:43  INFO      TradingGraph: Completed 7 agents
2026-03-24 23:01:43  INFO      TradingGraph: Fusing timeframe signals
2026-03-24 23:01:43  INFO      TradingGraph: Fusion: L=0.051, M=-0.444, S=0.091
2026-03-24 23:01:43  INFO      TradingGraph: Timeframes not aligned — stopping (L=0.051 M=-0.444 S=0.091)
2026-03-24 23:01:43  INFO      TradingRunner: Analysing NZDUSD …
2026-03-24 23:01:43  INFO      TradingGraph: Running agents for NZDUSD
2026-03-24 23:01:43  INFO      TradingGraph: Completed 7 agents
2026-03-24 23:01:43  INFO      TradingGraph: Fusing timeframe signals
2026-03-24 23:01:43  INFO      TradingGraph: Fusion: L=-0.430, M=-0.023, S=0.101
2026-03-24 23:01:43  INFO      TradingGraph: Aligned [pullback-entry] (bearish) — proceeding [L=-0.430 M=-0.023 S=0.101 breadth=-0.086]
2026-03-24 23:01:43  INFO      TradingGraph: Generating trading recipe
2026-03-24 23:01:43  INFO      TradingGraph: Generated recipe: SHORT_PULLBACK_ENTRY_NZDUSD
2026-03-24 23:01:43  INFO      TradingGraph: Risk check passed
2026-03-24 23:01:43  INFO      TradingGraph: Creating trade plan
2026-03-24 23:01:44  INFO      TradingGraph: Created trade plan: entry=0.5835, sl=0.5868, tp=0.5768
2026-03-24 23:01:44  INFO      TradingGraph: Executing trade for NZDUSD
2026-03-24 23:01:44  INFO      MT5Executor: NZDUSD: lots=0.08 (risk=$25.00)
2026-03-24 23:01:44  INFO      MT5Executor: Market order filled: ticket=7885041938 vol=0.08
2026-03-24 23:01:44  INFO      TradingGraph: Order placed: ticket=7885041938
2026-03-24 23:01:44  INFO      OrderManager: Created order order_60_20260324_230144 for NZDUSD
2026-03-24 23:01:44  INFO      TradeJournal: TRADE  NZDUSD           Direction.SHORT  qty=0.08  entry=0.58348  sl=0.58680  tp=0.57684  ticket=7885041938
2026-03-24 23:01:44  INFO      TradingRunner: Analysing XAUUSD …
2026-03-24 23:01:44  INFO      TradingGraph: Running agents for XAUUSD
2026-03-24 23:01:44  INFO      TradingGraph: Completed 7 agents
2026-03-24 23:01:44  INFO      TradingGraph: Fusing timeframe signals
2026-03-24 23:01:44  INFO      TradingGraph: Fusion: L=0.082, M=0.582, S=-0.172
2026-03-24 23:01:44  INFO      TradingGraph: Timeframes not aligned — stopping (L=0.082 M=0.582 S=-0.172; mean-reversion blocked)
2026-03-24 23:02:05  INFO      TradingRunner: PnL — unrealized: -71.47  realized today: +0.00  total: -71.47
2026-03-24 23:02:05  INFO      TradingRunner: Cycle done in 74.7s — sleeping 225s
2026-03-24 23:05:54  INFO      TradingGraph: Running agents for EURUSD
2026-03-24 23:05:54  INFO      TradingGraph: Completed 7 agents
2026-03-24 23:05:54  INFO      TradingGraph: Fusing timeframe signals
2026-03-24 23:05:54  INFO      TradingGraph: Fusion: L=-0.406, M=0.020, S=0.054
2026-03-24 23:05:54  INFO      TradingGraph: Running agents for GBPUSD
2026-03-24 23:05:54  INFO      TradingGraph: Completed 7 agents
2026-03-24 23:05:54  INFO      TradingGraph: Fusing timeframe signals
2026-03-24 23:05:54  INFO      TradingGraph: Fusion: L=-0.395, M=0.019, S=0.056
2026-03-24 23:05:55  INFO      TradingGraph: Running agents for NZDUSD
2026-03-24 23:05:55  INFO      TradingGraph: Completed 7 agents
2026-03-24 23:05:55  INFO      TradingGraph: Fusing timeframe signals
2026-03-24 23:05:55  INFO      TradingGraph: Fusion: L=-0.430, M=0.017, S=0.104
2026-03-24 23:05:55  INFO      TradingGraph: Running agents for XAUUSD
2026-03-24 23:05:55  INFO      TradingGraph: Completed 7 agents
2026-03-24 23:05:55  INFO      TradingGraph: Fusing timeframe signals
2026-03-24 23:05:55  INFO      TradingGraph: Fusion: L=0.082, M=0.584, S=-0.170
2026-03-24 23:05:56  INFO      TradingGraph: Running agents for EURUSD
2026-03-24 23:05:56  INFO      TradingGraph: Completed 7 agents
2026-03-24 23:05:56  INFO      TradingGraph: Fusing timeframe signals
2026-03-24 23:05:56  INFO      TradingGraph: Fusion: L=-0.406, M=0.020, S=0.054
2026-03-24 23:05:56  INFO      TradingGraph: Running agents for GBPUSD
2026-03-24 23:05:56  INFO      TradingGraph: Completed 7 agents
2026-03-24 23:05:56  INFO      TradingGraph: Fusing timeframe signals
2026-03-24 23:05:56  INFO      TradingGraph: Fusion: L=-0.395, M=0.019, S=0.056
2026-03-24 23:05:56  INFO      TradingGraph: Running agents for NZDUSD
2026-03-24 23:05:56  INFO      TradingGraph: Completed 7 agents
2026-03-24 23:05:56  INFO      TradingGraph: Fusing timeframe signals
2026-03-24 23:05:56  INFO      TradingGraph: Fusion: L=-0.430, M=0.017, S=0.104
2026-03-24 23:05:57  INFO      TradingGraph: Running agents for EURUSD
2026-03-24 23:05:57  INFO      TradingGraph: Completed 7 agents
2026-03-24 23:05:57  INFO      TradingGraph: Fusing timeframe signals
2026-03-24 23:05:57  INFO      TradingGraph: Fusion: L=-0.406, M=0.020, S=0.054
2026-03-24 23:05:57  INFO      TradingGraph: Running agents for GBPUSD
2026-03-24 23:05:57  INFO      TradingGraph: Completed 7 agents
2026-03-24 23:05:57  INFO      TradingGraph: Fusing timeframe signals
2026-03-24 23:05:57  INFO      TradingGraph: Fusion: L=-0.395, M=0.019, S=0.056
2026-03-24 23:05:58  INFO      TradingGraph: Running agents for NZDUSD
2026-03-24 23:05:58  INFO      TradingGraph: Completed 7 agents
2026-03-24 23:05:58  INFO      TradingGraph: Fusing timeframe signals
2026-03-24 23:05:58  INFO      TradingGraph: Fusion: L=-0.430, M=0.017, S=0.104
2026-03-24 23:05:58  INFO      TradingGraph: Running agents for XAUUSD
2026-03-24 23:05:58  INFO      TradingGraph: Completed 7 agents
2026-03-24 23:05:58  INFO      TradingGraph: Fusing timeframe signals
2026-03-24 23:05:58  INFO      TradingGraph: Fusion: L=0.082, M=0.584, S=-0.170
2026-03-24 23:05:58  INFO      TradingGraph: Running agents for EURUSD
2026-03-24 23:05:58  INFO      TradingGraph: Completed 7 agents
2026-03-24 23:05:58  INFO      TradingGraph: Fusing timeframe signals
2026-03-24 23:05:58  INFO      TradingGraph: Fusion: L=-0.406, M=0.020, S=0.054
2026-03-24 23:05:59  INFO      TradingGraph: Running agents for GBPUSD
2026-03-24 23:05:59  INFO      TradingGraph: Completed 7 agents
2026-03-24 23:05:59  INFO      TradingGraph: Fusing timeframe signals
2026-03-24 23:05:59  INFO      TradingGraph: Fusion: L=-0.395, M=0.019, S=0.056
2026-03-24 23:05:59  INFO      TradingGraph: Running agents for USDJPY
2026-03-24 23:05:59  INFO      TradingGraph: Completed 7 agents
2026-03-24 23:05:59  INFO      TradingGraph: Fusing timeframe signals
2026-03-24 23:05:59  INFO      TradingGraph: Fusion: L=0.672, M=0.041, S=-0.167
2026-03-24 23:05:59  INFO      TradingGraph: Running agents for AUDUSD
2026-03-24 23:05:59  INFO      TradingGraph: Completed 7 agents
2026-03-24 23:05:59  INFO      TradingGraph: Fusing timeframe signals
2026-03-24 23:05:59  INFO      TradingGraph: Fusion: L=0.307, M=-0.015, S=0.162
2026-03-24 23:06:00  INFO      TradingGraph: Running agents for NZDUSD
2026-03-24 23:06:00  INFO      TradingGraph: Completed 7 agents
2026-03-24 23:06:00  INFO      TradingGraph: Fusing timeframe signals
2026-03-24 23:06:00  INFO      TradingGraph: Fusion: L=-0.430, M=0.017, S=0.104
2026-03-24 23:06:00  INFO      TradingGraph: Running agents for EURUSD
2026-03-24 23:06:00  INFO      TradingGraph: Completed 7 agents
2026-03-24 23:06:00  INFO      TradingGraph: Fusing timeframe signals
2026-03-24 23:06:00  INFO      TradingGraph: Fusion: L=-0.406, M=0.020, S=0.054
2026-03-24 23:06:01  INFO      TradingGraph: Running agents for GBPUSD
2026-03-24 23:06:01  INFO      TradingGraph: Completed 7 agents
2026-03-24 23:06:01  INFO      TradingGraph: Fusing timeframe signals
2026-03-24 23:06:01  INFO      TradingGraph: Fusion: L=-0.395, M=0.019, S=0.056
2026-03-24 23:06:01  INFO      TradingGraph: Running agents for USDJPY
2026-03-24 23:06:01  INFO      TradingGraph: Completed 7 agents
2026-03-24 23:06:01  INFO      TradingGraph: Fusing timeframe signals
2026-03-24 23:06:01  INFO      TradingGraph: Fusion: L=0.672, M=0.074, S=-0.167
2026-03-24 23:06:02  INFO      TradingGraph: Running agents for AUDUSD
2026-03-24 23:06:02  INFO      TradingGraph: Completed 7 agents
2026-03-24 23:06:02  INFO      TradingGraph: Fusing timeframe signals
2026-03-24 23:06:02  INFO      TradingGraph: Fusion: L=0.307, M=-0.015, S=0.162
2026-03-24 23:06:02  INFO      TradingGraph: Running agents for NZDUSD
2026-03-24 23:06:02  INFO      TradingGraph: Completed 7 agents
2026-03-24 23:06:02  INFO      TradingGraph: Fusing timeframe signals
2026-03-24 23:06:02  INFO      TradingGraph: Fusion: L=-0.430, M=0.017, S=0.104
2026-03-24 23:06:03  INFO      TradingGraph: Running agents for EURUSD
2026-03-24 23:06:03  INFO      TradingGraph: Completed 7 agents
2026-03-24 23:06:03  INFO      TradingGraph: Fusing timeframe signals
2026-03-24 23:06:03  INFO      TradingGraph: Fusion: L=-0.406, M=0.020, S=0.054
2026-03-24 23:06:03  INFO      TradingGraph: Running agents for GBPUSD
2026-03-24 23:06:03  INFO      TradingGraph: Completed 7 agents
2026-03-24 23:06:03  INFO      TradingGraph: Fusing timeframe signals
2026-03-24 23:06:03  INFO      TradingGraph: Fusion: L=-0.395, M=0.019, S=0.056
2026-03-24 23:06:04  INFO      TradingGraph: Running agents for USDJPY
2026-03-24 23:06:04  INFO      TradingGraph: Completed 7 agents
2026-03-24 23:06:04  INFO      TradingGraph: Fusing timeframe signals
2026-03-24 23:06:04  INFO      TradingGraph: Fusion: L=0.672, M=0.074, S=-0.167
2026-03-24 23:06:04  INFO      TradingGraph: Running agents for AUDUSD
2026-03-24 23:06:04  INFO      TradingGraph: Completed 7 agents
2026-03-24 23:06:04  INFO      TradingGraph: Fusing timeframe signals
2026-03-24 23:06:04  INFO      TradingGraph: Fusion: L=0.307, M=-0.015, S=0.162
2026-03-24 23:06:04  INFO      TradingGraph: Running agents for NZDUSD
2026-03-24 23:06:04  INFO      TradingGraph: Completed 7 agents
2026-03-24 23:06:04  INFO      TradingGraph: Fusing timeframe signals
2026-03-24 23:06:04  INFO      TradingGraph: Fusion: L=-0.430, M=0.017, S=0.104
2026-03-24 23:06:05  INFO      TradingGraph: Running agents for EURUSD
2026-03-24 23:06:05  INFO      TradingGraph: Completed 7 agents
2026-03-24 23:06:05  INFO      TradingGraph: Fusing timeframe signals
2026-03-24 23:06:05  INFO      TradingGraph: Fusion: L=-0.406, M=0.020, S=0.054
2026-03-24 23:06:05  INFO      TradingGraph: Running agents for GBPUSD
2026-03-24 23:06:05  INFO      TradingGraph: Completed 7 agents
2026-03-24 23:06:05  INFO      TradingGraph: Fusing timeframe signals
2026-03-24 23:06:05  INFO      TradingGraph: Fusion: L=-0.395, M=0.019, S=0.056
2026-03-24 23:06:05  INFO      TradingGraph: Running agents for USDJPY
2026-03-24 23:06:05  INFO      TradingGraph: Completed 7 agents
2026-03-24 23:06:05  INFO      TradingGraph: Fusing timeframe signals
2026-03-24 23:06:05  INFO      TradingGraph: Fusion: L=0.672, M=0.074, S=-0.167
2026-03-24 23:06:06  INFO      TradingGraph: Running agents for AUDUSD
2026-03-24 23:06:06  INFO      TradingGraph: Completed 7 agents
2026-03-24 23:06:06  INFO      TradingGraph: Fusing timeframe signals
2026-03-24 23:06:06  INFO      TradingGraph: Fusion: L=0.307, M=-0.015, S=0.162
2026-03-24 23:06:06  INFO      TradingGraph: Running agents for NZDUSD
2026-03-24 23:06:06  INFO      TradingGraph: Completed 7 agents
2026-03-24 23:06:06  INFO      TradingGraph: Fusing timeframe signals
2026-03-24 23:06:06  INFO      TradingGraph: Fusion: L=-0.430, M=0.017, S=0.104
2026-03-24 23:06:07  INFO      TradingGraph: Running agents for EURUSD
2026-03-24 23:06:07  INFO      TradingGraph: Completed 7 agents
2026-03-24 23:06:07  INFO      TradingGraph: Fusing timeframe signals
2026-03-24 23:06:07  INFO      TradingGraph: Fusion: L=-0.406, M=0.020, S=0.054
2026-03-24 23:06:07  INFO      TradingGraph: Running agents for GBPUSD
2026-03-24 23:06:07  INFO      TradingGraph: Completed 7 agents
2026-03-24 23:06:07  INFO      TradingGraph: Fusing timeframe signals
2026-03-24 23:06:07  INFO      TradingGraph: Fusion: L=-0.395, M=0.019, S=0.056
2026-03-24 23:06:08  INFO      TradingGraph: Running agents for USDJPY
2026-03-24 23:06:08  INFO      TradingGraph: Completed 7 agents
2026-03-24 23:06:08  INFO      TradingGraph: Fusing timeframe signals
2026-03-24 23:06:08  INFO      TradingGraph: Fusion: L=0.672, M=0.074, S=-0.167
2026-03-24 23:06:08  INFO      TradingGraph: Running agents for AUDUSD
2026-03-24 23:06:08  INFO      TradingGraph: Completed 7 agents
2026-03-24 23:06:08  INFO      TradingGraph: Fusing timeframe signals
2026-03-24 23:06:08  INFO      TradingGraph: Fusion: L=0.307, M=-0.015, S=0.162
2026-03-24 23:06:09  INFO      TradingGraph: Running agents for NZDUSD
2026-03-24 23:06:09  INFO      TradingGraph: Completed 7 agents
2026-03-24 23:06:09  INFO      TradingGraph: Fusing timeframe signals
2026-03-24 23:06:09  INFO      TradingGraph: Fusion: L=-0.430, M=0.017, S=0.104
2026-03-24 23:06:09  INFO      TradingGraph: Running agents for EURUSD
2026-03-24 23:06:09  INFO      TradingGraph: Completed 7 agents
2026-03-24 23:06:09  INFO      TradingGraph: Fusing timeframe signals
2026-03-24 23:06:09  INFO      TradingGraph: Fusion: L=-0.406, M=0.020, S=0.054
2026-03-24 23:06:09  INFO      TradingGraph: Running agents for GBPUSD
2026-03-24 23:06:09  INFO      TradingGraph: Completed 7 agents
2026-03-24 23:06:09  INFO      TradingGraph: Fusing timeframe signals
2026-03-24 23:06:09  INFO      TradingGraph: Fusion: L=-0.395, M=0.019, S=0.056
2026-03-24 23:06:10  INFO      TradingGraph: Running agents for USDJPY
2026-03-24 23:06:10  INFO      TradingGraph: Completed 7 agents
2026-03-24 23:06:10  INFO      TradingGraph: Fusing timeframe signals
2026-03-24 23:06:10  INFO      TradingGraph: Fusion: L=0.672, M=0.074, S=-0.167
2026-03-24 23:06:10  INFO      TradingGraph: Running agents for AUDUSD
2026-03-24 23:06:10  INFO      TradingGraph: Completed 7 agents
2026-03-24 23:06:10  INFO      TradingGraph: Fusing timeframe signals
2026-03-24 23:06:10  INFO      TradingGraph: Fusion: L=0.307, M=-0.015, S=0.162
2026-03-24 23:06:10  INFO      TradingGraph: Running agents for NZDUSD
2026-03-24 23:06:10  INFO      TradingGraph: Completed 7 agents
2026-03-24 23:06:10  INFO      TradingGraph: Fusing timeframe signals
2026-03-24 23:06:10  INFO      TradingGraph: Fusion: L=-0.430, M=0.017, S=0.104
2026-03-24 23:06:11  INFO      TradingGraph: Running agents for EURUSD
2026-03-24 23:06:11  INFO      TradingGraph: Completed 7 agents
2026-03-24 23:06:11  INFO      TradingGraph: Fusing timeframe signals
2026-03-24 23:06:11  INFO      TradingGraph: Fusion: L=-0.406, M=0.020, S=0.054
2026-03-24 23:06:11  INFO      TradingGraph: Running agents for GBPUSD
2026-03-24 23:06:11  INFO      TradingGraph: Completed 7 agents
2026-03-24 23:06:11  INFO      TradingGraph: Fusing timeframe signals
2026-03-24 23:06:11  INFO      TradingGraph: Fusion: L=-0.395, M=0.019, S=0.056
2026-03-24 23:06:12  INFO      TradingGraph: Running agents for USDJPY
2026-03-24 23:06:12  INFO      TradingGraph: Completed 7 agents
2026-03-24 23:06:12  INFO      TradingGraph: Fusing timeframe signals
2026-03-24 23:06:12  INFO      TradingGraph: Fusion: L=0.672, M=0.074, S=-0.167
2026-03-24 23:06:12  INFO      TradingGraph: Running agents for AUDUSD
2026-03-24 23:06:12  INFO      TradingGraph: Completed 7 agents
2026-03-24 23:06:12  INFO      TradingGraph: Fusing timeframe signals
2026-03-24 23:06:12  INFO      TradingGraph: Fusion: L=0.307, M=-0.015, S=0.162
2026-03-24 23:06:12  INFO      TradingGraph: Running agents for NZDUSD
2026-03-24 23:06:12  INFO      TradingGraph: Completed 7 agents
2026-03-24 23:06:12  INFO      TradingGraph: Fusing timeframe signals
2026-03-24 23:06:12  INFO      TradingGraph: Fusion: L=-0.430, M=0.017, S=0.104
2026-03-24 23:06:13  INFO      TradingGraph: Running agents for EURUSD
2026-03-24 23:06:13  INFO      TradingGraph: Completed 7 agents
2026-03-24 23:06:13  INFO      TradingGraph: Fusing timeframe signals
2026-03-24 23:06:13  INFO      TradingGraph: Fusion: L=-0.406, M=0.020, S=0.054
2026-03-24 23:06:13  INFO      TradingGraph: Running agents for GBPUSD
2026-03-24 23:06:13  INFO      TradingGraph: Completed 7 agents
2026-03-24 23:06:13  INFO      TradingGraph: Fusing timeframe signals
2026-03-24 23:06:13  INFO      TradingGraph: Fusion: L=-0.395, M=0.019, S=0.056
2026-03-24 23:06:13  INFO      TradingGraph: Running agents for USDJPY
2026-03-24 23:06:13  INFO      TradingGraph: Completed 7 agents
2026-03-24 23:06:13  INFO      TradingGraph: Fusing timeframe signals
2026-03-24 23:06:13  INFO      TradingGraph: Fusion: L=0.672, M=0.074, S=-0.167
2026-03-24 23:06:14  INFO      TradingGraph: Running agents for AUDUSD
2026-03-24 23:06:14  INFO      TradingGraph: Completed 7 agents
2026-03-24 23:06:14  INFO      TradingGraph: Fusing timeframe signals
2026-03-24 23:06:14  INFO      TradingGraph: Fusion: L=0.307, M=-0.015, S=0.162
2026-03-24 23:06:14  INFO      TradingGraph: Running agents for NZDUSD
2026-03-24 23:06:14  INFO      TradingGraph: Completed 7 agents
2026-03-24 23:06:14  INFO      TradingGraph: Fusing timeframe signals
2026-03-24 23:06:14  INFO      TradingGraph: Fusion: L=-0.430, M=0.017, S=0.104
2026-03-24 23:06:15  INFO      TradingGraph: Running agents for EURUSD
2026-03-24 23:06:15  INFO      TradingGraph: Completed 7 agents
2026-03-24 23:06:15  INFO      TradingGraph: Fusing timeframe signals
2026-03-24 23:06:15  INFO      TradingGraph: Fusion: L=-0.406, M=0.020, S=0.054
2026-03-24 23:06:15  INFO      TradingGraph: Running agents for GBPUSD
2026-03-24 23:06:15  INFO      TradingGraph: Completed 7 agents
2026-03-24 23:06:15  INFO      TradingGraph: Fusing timeframe signals
2026-03-24 23:06:15  INFO      TradingGraph: Fusion: L=-0.395, M=0.019, S=0.056
2026-03-24 23:06:15  INFO      TradingGraph: Running agents for USDJPY
2026-03-24 23:06:15  INFO      TradingGraph: Completed 7 agents
2026-03-24 23:06:15  INFO      TradingGraph: Fusing timeframe signals
2026-03-24 23:06:15  INFO      TradingGraph: Fusion: L=0.672, M=0.074, S=-0.167
2026-03-24 23:06:16  INFO      TradingGraph: Running agents for AUDUSD
2026-03-24 23:06:16  INFO      TradingGraph: Completed 7 agents
2026-03-24 23:06:16  INFO      TradingGraph: Fusing timeframe signals
2026-03-24 23:06:16  INFO      TradingGraph: Fusion: L=0.307, M=-0.015, S=0.162
2026-03-24 23:06:16  INFO      TradingGraph: Running agents for NZDUSD
2026-03-24 23:06:16  INFO      TradingGraph: Completed 7 agents
2026-03-24 23:06:16  INFO      TradingGraph: Fusing timeframe signals
2026-03-24 23:06:16  INFO      TradingGraph: Fusion: L=-0.430, M=0.017, S=0.104
2026-03-24 23:06:16  INFO      TradingGraph: Running agents for EURUSD
2026-03-24 23:06:16  INFO      TradingGraph: Completed 7 agents
2026-03-24 23:06:16  INFO      TradingGraph: Fusing timeframe signals
2026-03-24 23:06:16  INFO      TradingGraph: Fusion: L=-0.406, M=0.020, S=0.054
2026-03-24 23:06:17  INFO      TradingGraph: Running agents for GBPUSD
2026-03-24 23:06:17  INFO      TradingGraph: Completed 7 agents
2026-03-24 23:06:17  INFO      TradingGraph: Fusing timeframe signals
2026-03-24 23:06:17  INFO      TradingGraph: Fusion: L=-0.395, M=0.019, S=0.056
2026-03-24 23:06:17  INFO      TradingGraph: Running agents for USDJPY
2026-03-24 23:06:17  INFO      TradingGraph: Completed 7 agents
2026-03-24 23:06:17  INFO      TradingGraph: Fusing timeframe signals
2026-03-24 23:06:17  INFO      TradingGraph: Fusion: L=0.672, M=0.074, S=-0.167
2026-03-24 23:06:17  INFO      TradingGraph: Running agents for AUDUSD
2026-03-24 23:06:18  INFO      TradingGraph: Completed 7 agents
2026-03-24 23:06:18  INFO      TradingGraph: Fusing timeframe signals
2026-03-24 23:06:18  INFO      TradingGraph: Fusion: L=0.307, M=-0.015, S=0.162
2026-03-24 23:06:18  INFO      TradingGraph: Running agents for NZDUSD
2026-03-24 23:06:18  INFO      TradingGraph: Completed 7 agents
2026-03-24 23:06:18  INFO      TradingGraph: Fusing timeframe signals
2026-03-24 23:06:18  INFO      TradingGraph: Fusion: L=-0.430, M=0.017, S=0.104
2026-03-24 23:06:18  INFO      TradingGraph: Running agents for EURUSD
2026-03-24 23:06:18  INFO      TradingGraph: Completed 7 agents
2026-03-24 23:06:18  INFO      TradingGraph: Fusing timeframe signals
2026-03-24 23:06:18  INFO      TradingGraph: Fusion: L=-0.406, M=0.020, S=0.054
2026-03-24 23:06:19  INFO      TradingGraph: Running agents for GBPUSD
2026-03-24 23:06:19  INFO      TradingGraph: Completed 7 agents
2026-03-24 23:06:19  INFO      TradingGraph: Fusing timeframe signals
2026-03-24 23:06:19  INFO      TradingGraph: Fusion: L=-0.395, M=0.019, S=0.056
2026-03-24 23:06:19  INFO      TradingGraph: Running agents for USDJPY
2026-03-24 23:06:19  INFO      TradingGraph: Completed 7 agents
2026-03-24 23:06:19  INFO      TradingGraph: Fusing timeframe signals
2026-03-24 23:06:19  INFO      TradingGraph: Fusion: L=0.672, M=0.074, S=-0.167
2026-03-24 23:06:20  INFO      TradingGraph: Running agents for AUDUSD
2026-03-24 23:06:20  INFO      TradingGraph: Completed 7 agents
2026-03-24 23:06:20  INFO      TradingGraph: Fusing timeframe signals
2026-03-24 23:06:20  INFO      TradingGraph: Fusion: L=0.307, M=-0.015, S=0.162
2026-03-24 23:06:20  INFO      TradingGraph: Running agents for NZDUSD
2026-03-24 23:06:20  INFO      TradingGraph: Completed 7 agents
2026-03-24 23:06:20  INFO      TradingGraph: Fusing timeframe signals
2026-03-24 23:06:20  INFO      TradingGraph: Fusion: L=-0.430, M=0.017, S=0.104
2026-03-24 23:06:21  INFO      TradingGraph: Running agents for EURUSD
2026-03-24 23:06:21  INFO      TradingGraph: Completed 7 agents
2026-03-24 23:06:21  INFO      TradingGraph: Fusing timeframe signals
2026-03-24 23:06:21  INFO      TradingGraph: Fusion: L=-0.406, M=0.020, S=0.054
2026-03-24 23:06:21  INFO      TradingGraph: Running agents for GBPUSD
2026-03-24 23:06:21  INFO      TradingGraph: Completed 7 agents
2026-03-24 23:06:21  INFO      TradingGraph: Fusing timeframe signals
2026-03-24 23:06:21  INFO      TradingGraph: Fusion: L=-0.395, M=0.019, S=0.056
2026-03-24 23:06:21  INFO      TradingGraph: Running agents for USDJPY
2026-03-24 23:06:21  INFO      TradingGraph: Completed 7 agents
2026-03-24 23:06:21  INFO      TradingGraph: Fusing timeframe signals
2026-03-24 23:06:21  INFO      TradingGraph: Fusion: L=0.672, M=0.074, S=-0.167
2026-03-24 23:06:22  INFO      TradingGraph: Running agents for AUDUSD
2026-03-24 23:06:22  INFO      TradingGraph: Completed 7 agents
2026-03-24 23:06:22  INFO      TradingGraph: Fusing timeframe signals
2026-03-24 23:06:22  INFO      TradingGraph: Fusion: L=0.307, M=-0.015, S=0.162
2026-03-24 23:06:22  INFO      TradingGraph: Running agents for NZDUSD
2026-03-24 23:06:22  INFO      TradingGraph: Completed 7 agents
2026-03-24 23:06:22  INFO      TradingGraph: Fusing timeframe signals
2026-03-24 23:06:22  INFO      TradingGraph: Fusion: L=-0.430, M=0.017, S=0.104
2026-03-24 23:06:28  INFO      TradingRunner: Analysing EURUSD …
2026-03-24 23:06:28  INFO      TradingGraph: Running agents for EURUSD
2026-03-24 23:06:28  INFO      TradingGraph: Completed 7 agents
2026-03-24 23:06:28  INFO      TradingGraph: Fusing timeframe signals
2026-03-24 23:06:28  INFO      TradingGraph: Fusion: L=-0.406, M=0.020, S=0.054
2026-03-24 23:06:28  INFO      TradingGraph: Aligned [pullback-entry] (bearish) — proceeding [L=-0.406 M=0.020 S=0.054 breadth=-0.086]
2026-03-24 23:06:28  INFO      TradingGraph: Generating trading recipe
2026-03-24 23:06:28  INFO      TradingGraph: Generated recipe: SHORT_PULLBACK_ENTRY_EURUSD
2026-03-24 23:06:28  INFO      TradingGraph: Risk check passed
2026-03-24 23:06:28  INFO      TradingGraph: Creating trade plan
2026-03-24 23:06:28  INFO      TradingGraph: Created trade plan: entry=1.1614, sl=1.1657, tp=1.1529
2026-03-24 23:06:28  INFO      TradingGraph: Executing trade for EURUSD
2026-03-24 23:06:28  INFO      MT5Executor: EURUSD: lots=0.06 (risk=$25.00)
2026-03-24 23:06:28  INFO      MT5Executor: Market order filled: ticket=7885112661 vol=0.06
2026-03-24 23:06:28  INFO      TradingGraph: Order placed: ticket=7885112661
2026-03-24 23:06:28  INFO      OrderManager: Created order order_61_20260324_230628 for EURUSD
2026-03-24 23:06:28  INFO      TradeJournal: TRADE  EURUSD           Direction.SHORT  qty=0.06  entry=1.16141  sl=1.16566  tp=1.15291  ticket=7885112661
2026-03-24 23:06:28  INFO      TradingRunner: Analysing GBPUSD …
2026-03-24 23:06:29  INFO      TradingGraph: Running agents for GBPUSD
2026-03-24 23:06:29  INFO      TradingGraph: Completed 7 agents
2026-03-24 23:06:29  INFO      TradingGraph: Fusing timeframe signals
2026-03-24 23:06:29  INFO      TradingGraph: Fusion: L=-0.395, M=0.019, S=0.056
2026-03-24 23:06:29  INFO      TradingGraph: Aligned [pullback-entry] (bearish) — proceeding [L=-0.395 M=0.019 S=0.056 breadth=-0.086]
2026-03-24 23:06:29  INFO      TradingGraph: Generating trading recipe
2026-03-24 23:06:29  INFO      TradingGraph: Generated recipe: SHORT_PULLBACK_ENTRY_GBPUSD
2026-03-24 23:06:29  INFO      TradingGraph: Risk check passed
2026-03-24 23:06:29  INFO      TradingGraph: Creating trade plan
2026-03-24 23:06:29  INFO      TradingGraph: Created trade plan: entry=1.3415, sl=1.3469, tp=1.3307
2026-03-24 23:06:29  INFO      TradingGraph: Executing trade for GBPUSD
2026-03-24 23:06:29  INFO      MT5Executor: GBPUSD: lots=0.05 (risk=$25.00)
2026-03-24 23:06:29  INFO      MT5Executor: Market order filled: ticket=7885112784 vol=0.05
2026-03-24 23:06:29  INFO      TradingGraph: Order placed: ticket=7885112784
2026-03-24 23:06:29  INFO      OrderManager: Created order order_62_20260324_230629 for GBPUSD
2026-03-24 23:06:29  INFO      TradeJournal: TRADE  GBPUSD           Direction.SHORT  qty=0.05  entry=1.34150  sl=1.34688  tp=1.33074  ticket=7885112784
2026-03-24 23:06:29  INFO      TradingRunner: Analysing USDJPY …
2026-03-24 23:06:30  INFO      TradingGraph: Running agents for USDJPY
2026-03-24 23:06:30  INFO      TradingGraph: Completed 7 agents
2026-03-24 23:06:30  INFO      TradingGraph: Fusing timeframe signals
2026-03-24 23:06:30  INFO      TradingGraph: Fusion: L=0.672, M=0.074, S=-0.167
2026-03-24 23:06:30  INFO      TradingGraph: Aligned [pullback-entry] (bullish) — proceeding [L=0.672 M=0.074 S=-0.167 breadth=-0.086]
2026-03-24 23:06:30  INFO      TradingGraph: Generating trading recipe
2026-03-24 23:06:30  INFO      TradingGraph: Generated recipe: LONG_PULLBACK_ENTRY_USDJPY
2026-03-24 23:06:30  INFO      TradingGraph: Risk check passed
2026-03-24 23:06:30  INFO      TradingGraph: Creating trade plan
2026-03-24 23:06:30  INFO      TradingGraph: Created trade plan: entry=158.6470, sl=158.1753, tp=159.5905
2026-03-24 23:06:30  INFO      TradingGraph: Executing trade for USDJPY
2026-03-24 23:06:30  INFO      MT5Executor: USDJPY: lots=0.01 (risk=$25.00)
2026-03-24 23:06:30  INFO      MT5Executor: Market order filled: ticket=7885112983 vol=0.01
2026-03-24 23:06:30  INFO      TradingGraph: Order placed: ticket=7885112983
2026-03-24 23:06:30  INFO      OrderManager: Created order order_63_20260324_230630 for USDJPY
2026-03-24 23:06:30  INFO      TradeJournal: TRADE  USDJPY           Direction.LONG  qty=0.01  entry=158.64700  sl=158.17526  tp=159.59049  ticket=7885112983
2026-03-24 23:06:30  INFO      TradingRunner: Analysing USDCHF …
2026-03-24 23:06:30  INFO      TradingGraph: Running agents for USDCHF
2026-03-24 23:06:30  INFO      TradingGraph: Completed 7 agents
2026-03-24 23:06:30  INFO      TradingGraph: Fusing timeframe signals
2026-03-24 23:06:30  INFO      TradingGraph: Fusion: L=0.417, M=-0.723, S=0.076
2026-03-24 23:06:30  INFO      TradingGraph: Timeframes not aligned — stopping (L=0.417 M=-0.723 S=0.076)
2026-03-24 23:06:30  INFO      TradingRunner: Analysing AUDUSD …
2026-03-24 23:06:31  INFO      TradingGraph: Running agents for AUDUSD
2026-03-24 23:06:31  INFO      TradingGraph: Completed 7 agents
2026-03-24 23:06:31  INFO      TradingGraph: Fusing timeframe signals
2026-03-24 23:06:31  INFO      TradingGraph: Fusion: L=0.307, M=-0.015, S=0.161
2026-03-24 23:06:31  INFO      TradingGraph: Aligned [pullback-entry] (bullish) — proceeding [L=0.307 M=-0.015 S=0.161 breadth=-0.086]
2026-03-24 23:06:31  INFO      TradingGraph: Generating trading recipe
2026-03-24 23:06:31  INFO      TradingGraph: Generated recipe: LONG_PULLBACK_ENTRY_AUDUSD
2026-03-24 23:06:31  INFO      TradingGraph: Risk check passed
2026-03-24 23:06:31  INFO      TradingGraph: Creating trade plan
2026-03-24 23:06:31  INFO      TradingGraph: Created trade plan: entry=0.6994, sl=0.6950, tp=0.7082
2026-03-24 23:06:31  INFO      TradingGraph: Executing trade for AUDUSD
2026-03-24 23:06:31  INFO      MT5Executor: AUDUSD: lots=0.06 (risk=$25.00)
2026-03-24 23:06:31  INFO      MT5Executor: Market order filled: ticket=7885113248 vol=0.06
2026-03-24 23:06:31  INFO      TradingGraph: Order placed: ticket=7885113248
2026-03-24 23:06:31  INFO      OrderManager: Created order order_64_20260324_230631 for AUDUSD
2026-03-24 23:06:31  INFO      TradeJournal: TRADE  AUDUSD           Direction.LONG  qty=0.06  entry=0.69936  sl=0.69496  tp=0.70816  ticket=7885113248
2026-03-24 23:06:31  INFO      TradingRunner: Analysing USDCAD …
2026-03-24 23:06:32  INFO      TradingGraph: Running agents for USDCAD
2026-03-24 23:06:32  INFO      TradingGraph: Completed 7 agents
2026-03-24 23:06:32  INFO      TradingGraph: Fusing timeframe signals
2026-03-24 23:06:32  INFO      TradingGraph: Fusion: L=0.051, M=-0.444, S=0.091
2026-03-24 23:06:32  INFO      TradingGraph: Timeframes not aligned — stopping (L=0.051 M=-0.444 S=0.091)
2026-03-24 23:06:32  INFO      TradingRunner: Analysing NZDUSD …
2026-03-24 23:06:32  INFO      TradingGraph: Running agents for NZDUSD
2026-03-24 23:06:32  INFO      TradingGraph: Completed 7 agents
2026-03-24 23:06:32  INFO      TradingGraph: Fusing timeframe signals
2026-03-24 23:06:32  INFO      TradingGraph: Fusion: L=-0.430, M=0.017, S=0.104
2026-03-24 23:06:32  INFO      TradingGraph: Aligned [pullback-entry] (bearish) — proceeding [L=-0.430 M=0.017 S=0.104 breadth=-0.086]
2026-03-24 23:06:32  INFO      TradingGraph: Generating trading recipe
2026-03-24 23:06:32  INFO      TradingGraph: Generated recipe: SHORT_PULLBACK_ENTRY_NZDUSD
2026-03-24 23:06:32  INFO      TradingGraph: Risk check passed
2026-03-24 23:06:32  INFO      TradingGraph: Creating trade plan
2026-03-24 23:06:32  INFO      TradingGraph: Created trade plan: entry=0.5835, sl=0.5869, tp=0.5768
2026-03-24 23:06:32  INFO      TradingGraph: Executing trade for NZDUSD
2026-03-24 23:06:32  INFO      MT5Executor: NZDUSD: lots=0.07 (risk=$25.00)
2026-03-24 23:06:33  INFO      MT5Executor: Market order filled: ticket=7885113417 vol=0.07
2026-03-24 23:06:33  INFO      TradingGraph: Order placed: ticket=7885113417
2026-03-24 23:06:33  INFO      OrderManager: Created order order_65_20260324_230633 for NZDUSD
2026-03-24 23:06:33  INFO      TradeJournal: TRADE  NZDUSD           Direction.SHORT  qty=0.07  entry=0.58353  sl=0.58687  tp=0.57685  ticket=7885113417
2026-03-24 23:06:33  INFO      TradingRunner: Analysing XAUUSD …
2026-03-24 23:06:33  INFO      TradingGraph: Running agents for XAUUSD
2026-03-24 23:06:33  INFO      TradingGraph: Completed 7 agents
2026-03-24 23:06:33  INFO      TradingGraph: Fusing timeframe signals
2026-03-24 23:06:33  INFO      TradingGraph: Fusion: L=0.082, M=0.583, S=-0.170
2026-03-24 23:06:33  INFO      TradingGraph: Timeframes not aligned — stopping (L=0.082 M=0.583 S=-0.170; mean-reversion blocked)
2026-03-24 23:06:52  INFO      TradingRunner: PnL — unrealized: -124.11  realized today: +0.00  total: -124.11
2026-03-24 23:06:52  INFO      TradingRunner: Cycle done in 61.4s — sleeping 239s
2026-03-24 23:22:27  INFO      MT5Executor: Using mt5linux backend → localhost:18812
2026-03-24 23:22:27  INFO      MT5Executor: Connected to MT5: 104910563 on MetaQuotes-Demo | balance=99849.27 | trade_allowed=True
2026-03-24 23:22:27  INFO      root: Registered agent: RegimeAgent
2026-03-24 23:22:27  INFO      root: Registered agent: TrendAgent
2026-03-24 23:22:27  INFO      root: Registered agent: MomentumAgent
2026-03-24 23:22:27  INFO      root: Registered agent: MeanReversionAgent
2026-03-24 23:22:27  INFO      root: Registered agent: VolatilityAgent
2026-03-24 23:22:27  INFO      root: Registered agent: BreadthAgent
2026-03-24 23:22:27  INFO      root: Registered agent: PatternAgent
2026-03-24 23:22:27  INFO      TradingRunner: TradingRunner started — symbols: ['EURUSD', 'GBPUSD', 'USDJPY', 'USDCHF', 'AUDUSD', 'USDCAD', 'NZDUSD', 'XAUUSD'], interval: 300s
2026-03-24 23:22:27  INFO      TradingRunner: Analysing EURUSD …
2026-03-24 23:22:28  INFO      TradingGraph: Running agents for EURUSD
2026-03-24 23:22:28  INFO      TradingGraph: Completed 7 agents
2026-03-24 23:22:28  INFO      TradingGraph: Fusing timeframe signals
2026-03-24 23:22:28  INFO      TradingGraph: Fusion: L=-0.406, M=0.019, S=0.146
2026-03-24 23:22:28  INFO      TradingGraph: Aligned [pullback-entry] (bearish) — proceeding [L=-0.406 M=0.019 S=0.146 breadth=-0.086]
2026-03-24 23:22:28  INFO      TradingGraph: Generating trading recipe
2026-03-24 23:22:28  INFO      TradingGraph: Generated recipe: SHORT_PULLBACK_ENTRY_EURUSD
2026-03-24 23:22:28  INFO      TradingGraph: Risk check passed
2026-03-24 23:22:28  INFO      TradingGraph: Creating trade plan
2026-03-24 23:22:28  INFO      TradingGraph: Created trade plan: entry=1.1611, sl=1.1654, tp=1.1524
2026-03-24 23:22:28  INFO      TradingGraph: Executing trade for EURUSD
2026-03-24 23:22:28  INFO      MT5Executor: EURUSD: lots=0.23 (risk=$99.85)
2026-03-24 23:22:28  INFO      MT5Executor: Market order filled: ticket=7885356991 vol=0.23
2026-03-24 23:22:28  INFO      TradingGraph: Order placed: ticket=7885356991
2026-03-24 23:22:28  INFO      OrderManager: Created order order_1_20260324_232228 for EURUSD
2026-03-24 23:22:28  INFO      TradeJournal: TRADE  EURUSD           Direction.SHORT  qty=0.23  entry=1.16110  sl=1.16544  tp=1.15241  ticket=7885356991
2026-03-24 23:22:28  INFO      TradingRunner: Analysing GBPUSD …
2026-03-24 23:22:29  INFO      TradingGraph: Running agents for GBPUSD
2026-03-24 23:22:29  INFO      TradingGraph: Completed 7 agents
2026-03-24 23:22:29  INFO      TradingGraph: Fusing timeframe signals
2026-03-24 23:22:29  INFO      TradingGraph: Fusion: L=-0.395, M=0.056, S=0.147
2026-03-24 23:22:29  INFO      TradingGraph: Aligned [pullback-entry] (bearish) — proceeding [L=-0.395 M=0.056 S=0.147 breadth=-0.086]
2026-03-24 23:22:29  INFO      TradingGraph: Generating trading recipe
2026-03-24 23:22:29  INFO      TradingGraph: Generated recipe: SHORT_PULLBACK_ENTRY_GBPUSD
2026-03-24 23:22:29  INFO      TradingGraph: Risk check passed
2026-03-24 23:22:29  INFO      TradingGraph: Creating trade plan
2026-03-24 23:22:29  INFO      TradingGraph: Created trade plan: entry=1.3412, sl=1.3467, tp=1.3301
2026-03-24 23:22:29  INFO      TradingGraph: Executing trade for GBPUSD
2026-03-24 23:22:29  INFO      MT5Executor: GBPUSD: lots=0.18 (risk=$99.85)
2026-03-24 23:22:29  INFO      MT5Executor: Market order filled: ticket=7885357341 vol=0.18
2026-03-24 23:22:29  INFO      TradingGraph: Order placed: ticket=7885357341
2026-03-24 23:22:29  INFO      OrderManager: Created order order_2_20260324_232229 for GBPUSD
2026-03-24 23:22:29  INFO      TradeJournal: TRADE  GBPUSD           Direction.SHORT  qty=0.18  entry=1.34115  sl=1.34666  tp=1.33012  ticket=7885357341
2026-03-24 23:22:29  INFO      TradingRunner: Analysing USDJPY …
2026-03-24 23:22:29  INFO      TradingGraph: Running agents for USDJPY
2026-03-24 23:22:29  INFO      TradingGraph: Completed 7 agents
2026-03-24 23:22:29  INFO      TradingGraph: Fusing timeframe signals
2026-03-24 23:22:29  INFO      TradingGraph: Fusion: L=0.672, M=0.074, S=-0.167
2026-03-24 23:22:29  INFO      TradingGraph: Aligned [pullback-entry] (bullish) — proceeding [L=0.672 M=0.074 S=-0.167 breadth=-0.086]
2026-03-24 23:22:29  INFO      TradingGraph: Generating trading recipe
2026-03-24 23:22:29  INFO      TradingGraph: Generated recipe: LONG_PULLBACK_ENTRY_USDJPY
2026-03-24 23:22:29  INFO      TradingGraph: Risk check passed
2026-03-24 23:22:29  INFO      TradingGraph: Creating trade plan
2026-03-24 23:22:29  INFO      TradingGraph: Created trade plan: entry=158.6840, sl=158.2023, tp=159.6475
2026-03-24 23:22:29  INFO      TradingGraph: Executing trade for USDJPY
2026-03-24 23:22:30  INFO      MT5Executor: USDJPY: lots=0.01 (risk=$99.85)
2026-03-24 23:22:30  INFO      MT5Executor: Market order filled: ticket=7885357560 vol=0.01
2026-03-24 23:22:30  INFO      TradingGraph: Order placed: ticket=7885357560
2026-03-24 23:22:30  INFO      OrderManager: Created order order_3_20260324_232230 for USDJPY
2026-03-24 23:22:30  INFO      TradeJournal: TRADE  USDJPY           Direction.LONG  qty=0.01  entry=158.68400  sl=158.20226  tp=159.64749  ticket=7885357560
2026-03-24 23:22:30  INFO      TradingRunner: Analysing USDCHF …
2026-03-24 23:22:30  INFO      TradingGraph: Running agents for USDCHF
2026-03-24 23:22:30  INFO      TradingGraph: Completed 7 agents
2026-03-24 23:22:30  INFO      TradingGraph: Fusing timeframe signals
2026-03-24 23:22:30  INFO      TradingGraph: Fusion: L=0.418, M=-0.723, S=0.076
2026-03-24 23:22:30  INFO      TradingGraph: Timeframes not aligned — stopping (L=0.418 M=-0.723 S=0.076)
2026-03-24 23:22:30  INFO      TradingRunner: Analysing AUDUSD …
2026-03-24 23:22:31  INFO      TradingGraph: Running agents for AUDUSD
2026-03-24 23:22:31  INFO      TradingGraph: Completed 7 agents
2026-03-24 23:22:31  INFO      TradingGraph: Fusing timeframe signals
2026-03-24 23:22:31  INFO      TradingGraph: Fusion: L=0.308, M=-0.014, S=0.126
2026-03-24 23:22:31  INFO      TradingGraph: Aligned [pullback-entry] (bullish) — proceeding [L=0.308 M=-0.014 S=0.126 breadth=-0.086]
2026-03-24 23:22:31  INFO      TradingGraph: Generating trading recipe
2026-03-24 23:22:31  INFO      TradingGraph: Generated recipe: LONG_PULLBACK_ENTRY_AUDUSD
2026-03-24 23:22:31  INFO      TradingGraph: Risk check passed
2026-03-24 23:22:31  INFO      TradingGraph: Creating trade plan
2026-03-24 23:22:31  INFO      TradingGraph: Created trade plan: entry=0.6998, sl=0.6954, tp=0.7086
2026-03-24 23:22:31  INFO      TradingGraph: Executing trade for AUDUSD
2026-03-24 23:22:31  INFO      MT5Executor: AUDUSD: lots=0.23 (risk=$99.85)
2026-03-24 23:22:31  INFO      MT5Executor: Market order filled: ticket=7885357802 vol=0.23
2026-03-24 23:22:31  INFO      TradingGraph: Order placed: ticket=7885357802
2026-03-24 23:22:31  INFO      OrderManager: Created order order_4_20260324_232231 for AUDUSD
2026-03-24 23:22:31  INFO      TradeJournal: TRADE  AUDUSD           Direction.LONG  qty=0.23  entry=0.69979  sl=0.69536  tp=0.70864  ticket=7885357802
2026-03-24 23:22:31  INFO      TradingRunner: Analysing USDCAD …
2026-03-24 23:22:31  INFO      TradingGraph: Running agents for USDCAD
2026-03-24 23:22:31  INFO      TradingGraph: Completed 7 agents
2026-03-24 23:22:31  INFO      TradingGraph: Fusing timeframe signals
2026-03-24 23:22:31  INFO      TradingGraph: Fusion: L=0.051, M=-0.444, S=0.091
2026-03-24 23:22:31  INFO      TradingGraph: Timeframes not aligned — stopping (L=0.051 M=-0.444 S=0.091)
2026-03-24 23:22:31  INFO      TradingRunner: Analysing NZDUSD …
2026-03-24 23:22:32  INFO      TradingGraph: Running agents for NZDUSD
2026-03-24 23:22:32  INFO      TradingGraph: Completed 7 agents
2026-03-24 23:22:32  INFO      TradingGraph: Fusing timeframe signals
2026-03-24 23:22:32  INFO      TradingGraph: Fusion: L=-0.430, M=0.017, S=0.104
2026-03-24 23:22:32  INFO      TradingGraph: Aligned [pullback-entry] (bearish) — proceeding [L=-0.430 M=0.017 S=0.104 breadth=-0.086]
2026-03-24 23:22:32  INFO      TradingGraph: Generating trading recipe
2026-03-24 23:22:32  INFO      TradingGraph: Generated recipe: SHORT_PULLBACK_ENTRY_NZDUSD
2026-03-24 23:22:32  INFO      TradingGraph: Risk check passed
2026-03-24 23:22:32  INFO      TradingGraph: Creating trade plan
2026-03-24 23:22:32  INFO      TradingGraph: Created trade plan: entry=0.5837, sl=0.5871, tp=0.5770
2026-03-24 23:22:32  INFO      TradingGraph: Executing trade for NZDUSD
2026-03-24 23:22:32  INFO      MT5Executor: NZDUSD: lots=0.3 (risk=$99.85)
2026-03-24 23:22:32  INFO      MT5Executor: Market order filled: ticket=7885358010 vol=0.3
2026-03-24 23:22:32  INFO      TradingGraph: Order placed: ticket=7885358010
2026-03-24 23:22:32  INFO      OrderManager: Created order order_5_20260324_232232 for NZDUSD
2026-03-24 23:22:32  INFO      TradeJournal: TRADE  NZDUSD           Direction.SHORT  qty=0.30  entry=0.58373  sl=0.58708  tp=0.57703  ticket=7885358010
2026-03-24 23:22:32  INFO      TradingRunner: Analysing XAUUSD …
2026-03-24 23:22:33  INFO      TradingGraph: Running agents for XAUUSD
2026-03-24 23:22:33  INFO      TradingGraph: Completed 7 agents
2026-03-24 23:22:33  INFO      TradingGraph: Fusing timeframe signals
2026-03-24 23:22:33  INFO      TradingGraph: Fusion: L=0.082, M=0.584, S=-0.172
2026-03-24 23:22:33  INFO      TradingGraph: Timeframes not aligned — stopping (L=0.082 M=0.584 S=-0.172; mean-reversion blocked)
2026-03-24 23:22:35  INFO      TradingRunner: PnL — unrealized: -12.73  realized today: +0.00  total: -12.73
2026-03-24 23:22:35  INFO      TradingRunner: Cycle done in 7.3s — sleeping 293s
2026-03-24 23:27:28  INFO      TradingGraph: Running agents for EURUSD
2026-03-24 23:27:28  INFO      TradingGraph: Completed 7 agents
2026-03-24 23:27:28  INFO      TradingGraph: Fusing timeframe signals
2026-03-24 23:27:28  INFO      TradingGraph: Fusion: L=-0.406, M=0.019, S=0.132
2026-03-24 23:27:29  INFO      TradingGraph: Running agents for GBPUSD
2026-03-24 23:27:29  INFO      TradingGraph: Completed 7 agents
2026-03-24 23:27:29  INFO      TradingGraph: Fusing timeframe signals
2026-03-24 23:27:29  INFO      TradingGraph: Fusion: L=-0.395, M=0.056, S=0.133
2026-03-24 23:27:29  INFO      TradingGraph: Running agents for USDJPY
2026-03-24 23:27:29  INFO      TradingGraph: Completed 7 agents
2026-03-24 23:27:29  INFO      TradingGraph: Fusing timeframe signals
2026-03-24 23:27:29  INFO      TradingGraph: Fusion: L=0.672, M=0.089, S=-0.160
2026-03-24 23:27:30  INFO      TradingGraph: Running agents for AUDUSD
2026-03-24 23:27:30  INFO      TradingGraph: Completed 7 agents
2026-03-24 23:27:30  INFO      TradingGraph: Fusing timeframe signals
2026-03-24 23:27:30  INFO      TradingGraph: Fusion: L=0.308, M=-0.014, S=0.161
2026-03-24 23:27:30  INFO      TradingGraph: Running agents for NZDUSD
2026-03-24 23:27:30  INFO      TradingGraph: Completed 7 agents
2026-03-24 23:27:30  INFO      TradingGraph: Fusing timeframe signals
2026-03-24 23:27:30  INFO      TradingGraph: Fusion: L=-0.430, M=0.017, S=0.104
2026-03-24 23:27:31  INFO      TradingRunner: Analysing EURUSD …
2026-03-24 23:27:31  INFO      TradingGraph: Running agents for EURUSD
2026-03-24 23:27:31  INFO      TradingGraph: Completed 7 agents
2026-03-24 23:27:31  INFO      TradingGraph: Fusing timeframe signals
2026-03-24 23:27:31  INFO      TradingGraph: Fusion: L=-0.406, M=0.019, S=0.132
2026-03-24 23:27:31  INFO      TradingGraph: Aligned [pullback-entry] (bearish) — proceeding [L=-0.406 M=0.019 S=0.132 breadth=-0.086]
2026-03-24 23:27:31  INFO      TradingGraph: Generating trading recipe
2026-03-24 23:27:31  INFO      TradingGraph: Generated recipe: SHORT_PULLBACK_ENTRY_EURUSD
2026-03-24 23:27:31  INFO      TradingGraph: Position already open for EURUSD — entry_type=pullback-entry (needs full-alignment)
2026-03-24 23:27:31  INFO      TradingRunner: Analysing GBPUSD …
2026-03-24 23:27:31  INFO      TradingGraph: Running agents for GBPUSD
2026-03-24 23:27:31  INFO      TradingGraph: Completed 7 agents
2026-03-24 23:27:31  INFO      TradingGraph: Fusing timeframe signals
2026-03-24 23:27:31  INFO      TradingGraph: Fusion: L=-0.395, M=0.056, S=0.133
2026-03-24 23:27:31  INFO      TradingGraph: Aligned [pullback-entry] (bearish) — proceeding [L=-0.395 M=0.056 S=0.133 breadth=-0.086]
2026-03-24 23:27:31  INFO      TradingGraph: Generating trading recipe
2026-03-24 23:27:31  INFO      TradingGraph: Generated recipe: SHORT_PULLBACK_ENTRY_GBPUSD
2026-03-24 23:27:31  INFO      TradingGraph: Position already open for GBPUSD — entry_type=pullback-entry (needs full-alignment)
2026-03-24 23:27:31  INFO      TradingRunner: Analysing USDJPY …
2026-03-24 23:27:32  INFO      TradingGraph: Running agents for USDJPY
2026-03-24 23:27:32  INFO      TradingGraph: Completed 7 agents
2026-03-24 23:27:32  INFO      TradingGraph: Fusing timeframe signals
2026-03-24 23:27:32  INFO      TradingGraph: Fusion: L=0.672, M=0.089, S=-0.160
2026-03-24 23:27:32  INFO      TradingGraph: Aligned [pullback-entry] (bullish) — proceeding [L=0.672 M=0.089 S=-0.160 breadth=-0.086]
2026-03-24 23:27:32  INFO      TradingGraph: Generating trading recipe
2026-03-24 23:27:32  INFO      TradingGraph: Generated recipe: LONG_PULLBACK_ENTRY_USDJPY
2026-03-24 23:27:32  INFO      TradingGraph: Position already open for USDJPY — entry_type=pullback-entry (needs full-alignment)
2026-03-24 23:27:32  INFO      TradingRunner: Analysing USDCHF …
2026-03-24 23:27:32  INFO      TradingGraph: Running agents for USDCHF
2026-03-24 23:27:32  INFO      TradingGraph: Completed 7 agents
2026-03-24 23:27:32  INFO      TradingGraph: Fusing timeframe signals
2026-03-24 23:27:32  INFO      TradingGraph: Fusion: L=0.418, M=-0.710, S=0.031
2026-03-24 23:27:32  INFO      TradingGraph: Timeframes not aligned — stopping (L=0.418 M=-0.710 S=0.031)
2026-03-24 23:27:32  INFO      TradingRunner: Analysing AUDUSD …
2026-03-24 23:27:33  INFO      TradingGraph: Running agents for AUDUSD
2026-03-24 23:27:33  INFO      TradingGraph: Completed 7 agents
2026-03-24 23:27:33  INFO      TradingGraph: Fusing timeframe signals
2026-03-24 23:27:33  INFO      TradingGraph: Fusion: L=0.308, M=-0.014, S=0.161
2026-03-24 23:27:33  INFO      TradingGraph: Aligned [pullback-entry] (bullish) — proceeding [L=0.308 M=-0.014 S=0.161 breadth=-0.086]
2026-03-24 23:27:33  INFO      TradingGraph: Generating trading recipe
2026-03-24 23:27:33  INFO      TradingGraph: Generated recipe: LONG_PULLBACK_ENTRY_AUDUSD
2026-03-24 23:27:33  INFO      TradingGraph: Position already open for AUDUSD — entry_type=pullback-entry (needs full-alignment)
2026-03-24 23:27:33  INFO      TradingRunner: Analysing USDCAD …
2026-03-24 23:27:33  INFO      TradingGraph: Running agents for USDCAD
2026-03-24 23:27:33  INFO      TradingGraph: Completed 7 agents
2026-03-24 23:27:33  INFO      TradingGraph: Fusing timeframe signals
2026-03-24 23:27:33  INFO      TradingGraph: Fusion: L=0.051, M=-0.216, S=0.109
2026-03-24 23:27:33  INFO      TradingGraph: Timeframes not aligned — stopping (L=0.051 M=-0.216 S=0.109)
2026-03-24 23:27:33  INFO      TradingRunner: Analysing NZDUSD …
2026-03-24 23:27:33  INFO      TradingGraph: Running agents for NZDUSD
2026-03-24 23:27:33  INFO      TradingGraph: Completed 7 agents
2026-03-24 23:27:33  INFO      TradingGraph: Fusing timeframe signals
2026-03-24 23:27:33  INFO      TradingGraph: Fusion: L=-0.430, M=0.017, S=0.104
2026-03-24 23:27:33  INFO      TradingGraph: Aligned [pullback-entry] (bearish) — proceeding [L=-0.430 M=0.017 S=0.104 breadth=-0.086]
2026-03-24 23:27:33  INFO      TradingGraph: Generating trading recipe
2026-03-24 23:27:33  INFO      TradingGraph: Generated recipe: SHORT_PULLBACK_ENTRY_NZDUSD
2026-03-24 23:27:33  INFO      TradingGraph: Position already open for NZDUSD — entry_type=pullback-entry (needs full-alignment)
2026-03-24 23:27:33  INFO      TradingRunner: Analysing XAUUSD …
2026-03-24 23:27:34  INFO      TradingGraph: Running agents for XAUUSD
2026-03-24 23:27:34  INFO      TradingGraph: Completed 7 agents
2026-03-24 23:27:34  INFO      TradingGraph: Fusing timeframe signals
2026-03-24 23:27:34  INFO      TradingGraph: Fusion: L=0.082, M=0.582, S=-0.080
2026-03-24 23:27:34  INFO      TradingGraph: Timeframes not aligned — stopping (L=0.082 M=0.582 S=-0.080)
2026-03-24 23:27:36  INFO      TradingRunner: PnL — unrealized: -1.21  realized today: +0.00  total: -1.21
2026-03-24 23:27:36  INFO      TradingRunner: Cycle done in 8.1s — sleeping 292s
2026-03-24 23:32:29  INFO      TradingGraph: Running agents for EURUSD
2026-03-24 23:32:29  INFO      TradingGraph: Completed 7 agents
2026-03-24 23:32:29  INFO      TradingGraph: Fusing timeframe signals
2026-03-24 23:32:29  INFO      TradingGraph: Fusion: L=-0.406, M=0.020, S=0.129
2026-03-24 23:32:29  INFO      TradingGraph: Running agents for GBPUSD
2026-03-24 23:32:29  INFO      TradingGraph: Completed 7 agents
2026-03-24 23:32:29  INFO      TradingGraph: Fusing timeframe signals
2026-03-24 23:32:29  INFO      TradingGraph: Fusion: L=-0.395, M=0.019, S=0.130
2026-03-24 23:32:29  INFO      TradingGraph: Running agents for USDJPY
2026-03-24 23:32:29  INFO      TradingGraph: Completed 7 agents
2026-03-24 23:32:29  INFO      TradingGraph: Fusing timeframe signals
2026-03-24 23:32:29  INFO      TradingGraph: Fusion: L=0.672, M=0.074, S=-0.127
2026-03-24 23:32:30  INFO      TradingGraph: Running agents for AUDUSD
2026-03-24 23:32:30  INFO      TradingGraph: Completed 7 agents
2026-03-24 23:32:30  INFO      TradingGraph: Fusing timeframe signals
2026-03-24 23:32:30  INFO      TradingGraph: Fusion: L=0.308, M=-0.015, S=0.155
2026-03-24 23:32:30  INFO      TradingGraph: Running agents for NZDUSD
2026-03-24 23:32:30  INFO      TradingGraph: Completed 7 agents
2026-03-24 23:32:30  INFO      TradingGraph: Fusing timeframe signals
2026-03-24 23:32:30  INFO      TradingGraph: Fusion: L=-0.430, M=0.017, S=0.137
2026-03-24 23:32:31  INFO      TradingRunner: Analysing EURUSD …
2026-03-24 23:32:31  INFO      TradingGraph: Running agents for EURUSD
2026-03-24 23:32:31  INFO      TradingGraph: Completed 7 agents
2026-03-24 23:32:31  INFO      TradingGraph: Fusing timeframe signals
2026-03-24 23:32:31  INFO      TradingGraph: Fusion: L=-0.406, M=0.020, S=0.129
2026-03-24 23:32:31  INFO      TradingGraph: Aligned [pullback-entry] (bearish) — proceeding [L=-0.406 M=0.020 S=0.129 breadth=-0.086]
2026-03-24 23:32:31  INFO      TradingGraph: Generating trading recipe
2026-03-24 23:32:31  INFO      TradingGraph: Generated recipe: SHORT_PULLBACK_ENTRY_EURUSD
2026-03-24 23:32:31  INFO      TradingGraph: Position already open for EURUSD — entry_type=pullback-entry (needs full-alignment)
2026-03-24 23:32:31  INFO      TradingRunner: Analysing GBPUSD …
2026-03-24 23:32:31  INFO      TradingGraph: Running agents for GBPUSD
2026-03-24 23:32:31  INFO      TradingGraph: Completed 7 agents
2026-03-24 23:32:31  INFO      TradingGraph: Fusing timeframe signals
2026-03-24 23:32:31  INFO      TradingGraph: Fusion: L=-0.395, M=0.019, S=0.130
2026-03-24 23:32:31  INFO      TradingGraph: Aligned [pullback-entry] (bearish) — proceeding [L=-0.395 M=0.019 S=0.130 breadth=-0.086]
2026-03-24 23:32:31  INFO      TradingGraph: Generating trading recipe
2026-03-24 23:32:31  INFO      TradingGraph: Generated recipe: SHORT_PULLBACK_ENTRY_GBPUSD
2026-03-24 23:32:31  INFO      TradingGraph: Position already open for GBPUSD — entry_type=pullback-entry (needs full-alignment)
2026-03-24 23:32:31  INFO      TradingRunner: Analysing USDJPY …
2026-03-24 23:32:31  INFO      TradingGraph: Running agents for USDJPY
2026-03-24 23:32:31  INFO      TradingGraph: Completed 7 agents
2026-03-24 23:32:31  INFO      TradingGraph: Fusing timeframe signals
2026-03-24 23:32:31  INFO      TradingGraph: Fusion: L=0.672, M=0.074, S=-0.127
2026-03-24 23:32:31  INFO      TradingGraph: Aligned [pullback-entry] (bullish) — proceeding [L=0.672 M=0.074 S=-0.127 breadth=-0.086]
2026-03-24 23:32:31  INFO      TradingGraph: Generating trading recipe
2026-03-24 23:32:31  INFO      TradingGraph: Generated recipe: LONG_PULLBACK_ENTRY_USDJPY
2026-03-24 23:32:31  INFO      TradingGraph: Position already open for USDJPY — entry_type=pullback-entry (needs full-alignment)
2026-03-24 23:32:31  INFO      TradingRunner: Analysing USDCHF …
2026-03-24 23:32:32  INFO      TradingGraph: Running agents for USDCHF
2026-03-24 23:32:32  INFO      TradingGraph: Completed 7 agents
2026-03-24 23:32:32  INFO      TradingGraph: Fusing timeframe signals
2026-03-24 23:32:32  INFO      TradingGraph: Fusion: L=0.417, M=-0.723, S=0.028
2026-03-24 23:32:32  INFO      TradingGraph: Timeframes not aligned — stopping (L=0.417 M=-0.723 S=0.028)
2026-03-24 23:32:32  INFO      TradingRunner: Analysing AUDUSD …
2026-03-24 23:32:32  INFO      TradingGraph: Running agents for AUDUSD
2026-03-24 23:32:32  INFO      TradingGraph: Completed 7 agents
2026-03-24 23:32:32  INFO      TradingGraph: Fusing timeframe signals
2026-03-24 23:32:32  INFO      TradingGraph: Fusion: L=0.308, M=-0.015, S=0.155
2026-03-24 23:32:32  INFO      TradingGraph: Aligned [pullback-entry] (bullish) — proceeding [L=0.308 M=-0.015 S=0.155 breadth=-0.086]
2026-03-24 23:32:32  INFO      TradingGraph: Generating trading recipe
2026-03-24 23:32:32  INFO      TradingGraph: Generated recipe: LONG_PULLBACK_ENTRY_AUDUSD
2026-03-24 23:32:32  INFO      TradingGraph: Position already open for AUDUSD — entry_type=pullback-entry (needs full-alignment)
2026-03-24 23:32:32  INFO      TradingRunner: Analysing USDCAD …
2026-03-24 23:32:32  INFO      TradingGraph: Running agents for USDCAD
2026-03-24 23:32:33  INFO      TradingGraph: Completed 7 agents
2026-03-24 23:32:33  INFO      TradingGraph: Fusing timeframe signals
2026-03-24 23:32:33  INFO      TradingGraph: Fusion: L=0.051, M=-0.444, S=0.107
2026-03-24 23:32:33  INFO      TradingGraph: Timeframes not aligned — stopping (L=0.051 M=-0.444 S=0.107)
2026-03-24 23:32:33  INFO      TradingRunner: Analysing NZDUSD …
2026-03-24 23:32:33  INFO      TradingGraph: Running agents for NZDUSD
2026-03-24 23:32:33  INFO      TradingGraph: Completed 7 agents
2026-03-24 23:32:33  INFO      TradingGraph: Fusing timeframe signals
2026-03-24 23:32:33  INFO      TradingGraph: Fusion: L=-0.430, M=0.017, S=0.137
2026-03-24 23:32:33  INFO      TradingGraph: Aligned [pullback-entry] (bearish) — proceeding [L=-0.430 M=0.017 S=0.137 breadth=-0.086]
2026-03-24 23:32:33  INFO      TradingGraph: Generating trading recipe
2026-03-24 23:32:33  INFO      TradingGraph: Generated recipe: SHORT_PULLBACK_ENTRY_NZDUSD
2026-03-24 23:32:33  INFO      TradingGraph: Position already open for NZDUSD — entry_type=pullback-entry (needs full-alignment)
2026-03-24 23:32:33  INFO      TradingRunner: Analysing XAUUSD …
2026-03-24 23:32:33  INFO      TradingGraph: Running agents for XAUUSD
2026-03-24 23:32:33  INFO      TradingGraph: Completed 7 agents
2026-03-24 23:32:33  INFO      TradingGraph: Fusing timeframe signals
2026-03-24 23:32:33  INFO      TradingGraph: Fusion: L=0.082, M=0.119, S=0.055
2026-03-24 23:32:33  INFO      TradingGraph: Timeframes not aligned — stopping (L=0.082 M=0.119 S=0.055)
2026-03-24 23:32:35  INFO      TradingRunner: PnL — unrealized: -15.66  realized today: +0.00  total: -15.66
2026-03-24 23:32:35  INFO      TradingRunner: Cycle done in 7.4s — sleeping 293s
2026-03-24 23:37:29  INFO      TradingGraph: Running agents for EURUSD
2026-03-24 23:37:29  INFO      TradingGraph: Completed 7 agents
2026-03-24 23:37:29  INFO      TradingGraph: Fusing timeframe signals
2026-03-24 23:37:29  INFO      TradingGraph: Fusion: L=-0.406, M=0.019, S=0.131
2026-03-24 23:37:29  INFO      TradingGraph: Running agents for GBPUSD
2026-03-24 23:37:29  INFO      TradingGraph: Completed 7 agents
2026-03-24 23:37:29  INFO      TradingGraph: Fusing timeframe signals
2026-03-24 23:37:29  INFO      TradingGraph: Fusion: L=-0.395, M=0.056, S=0.130
2026-03-24 23:37:30  INFO      TradingGraph: Running agents for USDJPY
2026-03-24 23:37:30  INFO      TradingGraph: Completed 7 agents
2026-03-24 23:37:30  INFO      TradingGraph: Fusing timeframe signals
2026-03-24 23:37:30  INFO      TradingGraph: Fusion: L=0.672, M=0.074, S=-0.125
2026-03-24 23:37:30  INFO      TradingGraph: Running agents for AUDUSD
2026-03-24 23:37:30  INFO      TradingGraph: Completed 7 agents
2026-03-24 23:37:30  INFO      TradingGraph: Fusing timeframe signals
2026-03-24 23:37:30  INFO      TradingGraph: Fusion: L=0.307, M=-0.015, S=0.155
2026-03-24 23:37:30  INFO      TradingGraph: Running agents for NZDUSD
2026-03-24 23:37:30  INFO      TradingGraph: Completed 7 agents
2026-03-24 23:37:30  INFO      TradingGraph: Fusing timeframe signals
2026-03-24 23:37:30  INFO      TradingGraph: Fusion: L=-0.430, M=0.017, S=0.137
2026-03-24 23:37:31  INFO      TradingRunner: Analysing EURUSD …
2026-03-24 23:37:31  INFO      TradingGraph: Running agents for EURUSD
2026-03-24 23:37:31  INFO      TradingGraph: Completed 7 agents
2026-03-24 23:37:31  INFO      TradingGraph: Fusing timeframe signals
2026-03-24 23:37:31  INFO      TradingGraph: Fusion: L=-0.406, M=0.019, S=0.131
2026-03-24 23:37:31  INFO      TradingGraph: Aligned [pullback-entry] (bearish) — proceeding [L=-0.406 M=0.019 S=0.131 breadth=-0.086]
2026-03-24 23:37:31  INFO      TradingGraph: Generating trading recipe
2026-03-24 23:37:31  INFO      TradingGraph: Generated recipe: SHORT_PULLBACK_ENTRY_EURUSD
2026-03-24 23:37:31  INFO      TradingGraph: Position already open for EURUSD — entry_type=pullback-entry (needs full-alignment)
2026-03-24 23:37:31  INFO      TradingRunner: Analysing GBPUSD …
2026-03-24 23:37:31  INFO      TradingGraph: Running agents for GBPUSD
2026-03-24 23:37:31  INFO      TradingGraph: Completed 7 agents
2026-03-24 23:37:31  INFO      TradingGraph: Fusing timeframe signals
2026-03-24 23:37:31  INFO      TradingGraph: Fusion: L=-0.395, M=0.056, S=0.130
2026-03-24 23:37:31  INFO      TradingGraph: Aligned [pullback-entry] (bearish) — proceeding [L=-0.395 M=0.056 S=0.130 breadth=-0.086]
2026-03-24 23:37:31  INFO      TradingGraph: Generating trading recipe
2026-03-24 23:37:31  INFO      TradingGraph: Generated recipe: SHORT_PULLBACK_ENTRY_GBPUSD
2026-03-24 23:37:31  INFO      TradingGraph: Position already open for GBPUSD — entry_type=pullback-entry (needs full-alignment)
2026-03-24 23:37:31  INFO      TradingRunner: Analysing USDJPY …
2026-03-24 23:37:32  INFO      TradingGraph: Running agents for USDJPY
2026-03-24 23:37:32  INFO      TradingGraph: Completed 7 agents
2026-03-24 23:37:32  INFO      TradingGraph: Fusing timeframe signals
2026-03-24 23:37:32  INFO      TradingGraph: Fusion: L=0.672, M=0.074, S=-0.125
2026-03-24 23:37:32  INFO      TradingGraph: Aligned [pullback-entry] (bullish) — proceeding [L=0.672 M=0.074 S=-0.125 breadth=-0.086]
2026-03-24 23:37:32  INFO      TradingGraph: Generating trading recipe
2026-03-24 23:37:32  INFO      TradingGraph: Generated recipe: LONG_PULLBACK_ENTRY_USDJPY
2026-03-24 23:37:32  INFO      TradingGraph: Position already open for USDJPY — entry_type=pullback-entry (needs full-alignment)
2026-03-24 23:37:32  INFO      TradingRunner: Analysing USDCHF …
2026-03-24 23:37:32  INFO      TradingGraph: Running agents for USDCHF
2026-03-24 23:37:32  INFO      TradingGraph: Completed 7 agents
2026-03-24 23:37:32  INFO      TradingGraph: Fusing timeframe signals
2026-03-24 23:37:32  INFO      TradingGraph: Fusion: L=0.418, M=-0.723, S=0.028
2026-03-24 23:37:32  INFO      TradingGraph: Timeframes not aligned — stopping (L=0.418 M=-0.723 S=0.028)
2026-03-24 23:37:32  INFO      TradingRunner: Analysing AUDUSD …
2026-03-24 23:37:32  INFO      TradingGraph: Running agents for AUDUSD
2026-03-24 23:37:32  INFO      TradingGraph: Completed 7 agents
2026-03-24 23:37:32  INFO      TradingGraph: Fusing timeframe signals
2026-03-24 23:37:32  INFO      TradingGraph: Fusion: L=0.307, M=-0.015, S=0.155
2026-03-24 23:37:32  INFO      TradingGraph: Aligned [pullback-entry] (bullish) — proceeding [L=0.307 M=-0.015 S=0.155 breadth=-0.086]
2026-03-24 23:37:32  INFO      TradingGraph: Generating trading recipe
2026-03-24 23:37:32  INFO      TradingGraph: Generated recipe: LONG_PULLBACK_ENTRY_AUDUSD
2026-03-24 23:37:32  INFO      TradingGraph: Position already open for AUDUSD — entry_type=pullback-entry (needs full-alignment)
2026-03-24 23:37:33  INFO      TradingRunner: Analysing USDCAD …
2026-03-24 23:37:33  INFO      TradingGraph: Running agents for USDCAD
2026-03-24 23:37:33  INFO      TradingGraph: Completed 7 agents
2026-03-24 23:37:33  INFO      TradingGraph: Fusing timeframe signals
2026-03-24 23:37:33  INFO      TradingGraph: Fusion: L=0.051, M=-0.432, S=0.107
2026-03-24 23:37:33  INFO      TradingGraph: Timeframes not aligned — stopping (L=0.051 M=-0.432 S=0.107)
2026-03-24 23:37:33  INFO      TradingRunner: Analysing NZDUSD …
2026-03-24 23:37:33  INFO      TradingGraph: Running agents for NZDUSD
2026-03-24 23:37:33  INFO      TradingGraph: Completed 7 agents
2026-03-24 23:37:33  INFO      TradingGraph: Fusing timeframe signals
2026-03-24 23:37:33  INFO      TradingGraph: Fusion: L=-0.430, M=0.017, S=0.137
2026-03-24 23:37:33  INFO      TradingGraph: Aligned [pullback-entry] (bearish) — proceeding [L=-0.430 M=0.017 S=0.137 breadth=-0.086]
2026-03-24 23:37:33  INFO      TradingGraph: Generating trading recipe
2026-03-24 23:37:33  INFO      TradingGraph: Generated recipe: SHORT_PULLBACK_ENTRY_NZDUSD
2026-03-24 23:37:33  INFO      TradingGraph: Position already open for NZDUSD — entry_type=pullback-entry (needs full-alignment)
2026-03-24 23:37:33  INFO      TradingRunner: Analysing XAUUSD …
2026-03-24 23:37:34  INFO      TradingGraph: Running agents for XAUUSD
2026-03-24 23:37:34  INFO      TradingGraph: Completed 7 agents
2026-03-24 23:37:34  INFO      TradingGraph: Fusing timeframe signals
2026-03-24 23:37:34  INFO      TradingGraph: Fusion: L=0.082, M=0.580, S=0.055
2026-03-24 23:37:34  INFO      TradingGraph: Timeframes not aligned — stopping (L=0.082 M=0.580 S=0.055)
2026-03-24 23:37:35  INFO      TradingRunner: PnL — unrealized: -15.80  realized today: +0.00  total: -15.80
2026-03-24 23:37:35  INFO      TradingRunner: Cycle done in 6.8s — sleeping 293s
2026-03-24 23:42:29  INFO      TradingGraph: Running agents for EURUSD
2026-03-24 23:42:29  INFO      TradingGraph: Completed 7 agents
2026-03-24 23:42:29  INFO      TradingGraph: Fusing timeframe signals
2026-03-24 23:42:29  INFO      TradingGraph: Fusion: L=-0.406, M=0.019, S=0.131
2026-03-24 23:42:29  INFO      TradingGraph: Running agents for GBPUSD
2026-03-24 23:42:29  INFO      TradingGraph: Completed 7 agents
2026-03-24 23:42:29  INFO      TradingGraph: Fusing timeframe signals
2026-03-24 23:42:29  INFO      TradingGraph: Fusion: L=-0.395, M=0.019, S=0.130
2026-03-24 23:42:29  INFO      TradingGraph: Running agents for USDJPY
2026-03-24 23:42:29  INFO      TradingGraph: Completed 7 agents
2026-03-24 23:42:29  INFO      TradingGraph: Fusing timeframe signals
2026-03-24 23:42:29  INFO      TradingGraph: Fusion: L=0.672, M=0.074, S=-0.125
2026-03-24 23:42:30  INFO      TradingGraph: Running agents for AUDUSD
2026-03-24 23:42:30  INFO      TradingGraph: Completed 7 agents
2026-03-24 23:42:30  INFO      TradingGraph: Fusing timeframe signals
2026-03-24 23:42:30  INFO      TradingGraph: Fusion: L=0.307, M=-0.015, S=0.155
2026-03-24 23:42:30  INFO      TradingGraph: Running agents for NZDUSD
2026-03-24 23:42:30  INFO      TradingGraph: Completed 7 agents
2026-03-24 23:42:30  INFO      TradingGraph: Fusing timeframe signals
2026-03-24 23:42:30  INFO      TradingGraph: Fusion: L=-0.430, M=0.017, S=0.137
2026-03-24 23:42:30  INFO      TradingRunner: Analysing EURUSD …
2026-03-24 23:42:31  INFO      TradingGraph: Running agents for EURUSD
2026-03-24 23:42:31  INFO      TradingGraph: Completed 7 agents
2026-03-24 23:42:31  INFO      TradingGraph: Fusing timeframe signals
2026-03-24 23:42:31  INFO      TradingGraph: Fusion: L=-0.406, M=0.019, S=0.131
2026-03-24 23:42:31  INFO      TradingGraph: Aligned [pullback-entry] (bearish) — proceeding [L=-0.406 M=0.019 S=0.131 breadth=-0.086]
2026-03-24 23:42:31  INFO      TradingGraph: Generating trading recipe
2026-03-24 23:42:31  INFO      TradingGraph: Generated recipe: SHORT_PULLBACK_ENTRY_EURUSD
2026-03-24 23:42:31  INFO      TradingGraph: Position already open for EURUSD — entry_type=pullback-entry (needs full-alignment)
2026-03-24 23:42:31  INFO      TradingRunner: Analysing GBPUSD …
2026-03-24 23:42:31  INFO      TradingGraph: Running agents for GBPUSD
2026-03-24 23:42:31  INFO      TradingGraph: Completed 7 agents
2026-03-24 23:42:31  INFO      TradingGraph: Fusing timeframe signals
2026-03-24 23:42:31  INFO      TradingGraph: Fusion: L=-0.395, M=0.019, S=0.130
2026-03-24 23:42:31  INFO      TradingGraph: Aligned [pullback-entry] (bearish) — proceeding [L=-0.395 M=0.019 S=0.130 breadth=-0.086]
2026-03-24 23:42:31  INFO      TradingGraph: Generating trading recipe
2026-03-24 23:42:31  INFO      TradingGraph: Generated recipe: SHORT_PULLBACK_ENTRY_GBPUSD
2026-03-24 23:42:31  INFO      TradingGraph: Position already open for GBPUSD — entry_type=pullback-entry (needs full-alignment)
2026-03-24 23:42:31  INFO      TradingRunner: Analysing USDJPY …
2026-03-24 23:42:31  INFO      TradingGraph: Running agents for USDJPY
2026-03-24 23:42:31  INFO      TradingGraph: Completed 7 agents
2026-03-24 23:42:31  INFO      TradingGraph: Fusing timeframe signals
2026-03-24 23:42:31  INFO      TradingGraph: Fusion: L=0.672, M=0.074, S=-0.125
2026-03-24 23:42:31  INFO      TradingGraph: Aligned [pullback-entry] (bullish) — proceeding [L=0.672 M=0.074 S=-0.125 breadth=-0.086]
2026-03-24 23:42:31  INFO      TradingGraph: Generating trading recipe
2026-03-24 23:42:31  INFO      TradingGraph: Generated recipe: LONG_PULLBACK_ENTRY_USDJPY
2026-03-24 23:42:31  INFO      TradingGraph: Position already open for USDJPY — entry_type=pullback-entry (needs full-alignment)
2026-03-24 23:42:31  INFO      TradingRunner: Analysing USDCHF …
2026-03-24 23:42:32  INFO      TradingGraph: Running agents for USDCHF
2026-03-24 23:42:32  INFO      TradingGraph: Completed 7 agents
2026-03-24 23:42:32  INFO      TradingGraph: Fusing timeframe signals
2026-03-24 23:42:32  INFO      TradingGraph: Fusion: L=0.418, M=-0.723, S=0.028
2026-03-24 23:42:32  INFO      TradingGraph: Timeframes not aligned — stopping (L=0.418 M=-0.723 S=0.028)
2026-03-24 23:42:32  INFO      TradingRunner: Analysing AUDUSD …
2026-03-24 23:42:32  INFO      TradingGraph: Running agents for AUDUSD
2026-03-24 23:42:32  INFO      TradingGraph: Completed 7 agents
2026-03-24 23:42:32  INFO      TradingGraph: Fusing timeframe signals
2026-03-24 23:42:32  INFO      TradingGraph: Fusion: L=0.307, M=-0.015, S=0.155
2026-03-24 23:42:32  INFO      TradingGraph: Aligned [pullback-entry] (bullish) — proceeding [L=0.307 M=-0.015 S=0.155 breadth=-0.086]
2026-03-24 23:42:32  INFO      TradingGraph: Generating trading recipe
2026-03-24 23:42:32  INFO      TradingGraph: Generated recipe: LONG_PULLBACK_ENTRY_AUDUSD
2026-03-24 23:42:32  INFO      TradingGraph: Position already open for AUDUSD — entry_type=pullback-entry (needs full-alignment)
2026-03-24 23:42:32  INFO      TradingRunner: Analysing USDCAD …
2026-03-24 23:42:33  INFO      TradingGraph: Running agents for USDCAD
2026-03-24 23:42:33  INFO      TradingGraph: Completed 7 agents
2026-03-24 23:42:33  INFO      TradingGraph: Fusing timeframe signals
2026-03-24 23:42:33  INFO      TradingGraph: Fusion: L=0.051, M=-0.216, S=0.108
2026-03-24 23:42:33  INFO      TradingGraph: Timeframes not aligned — stopping (L=0.051 M=-0.216 S=0.108)
2026-03-24 23:42:33  INFO      TradingRunner: Analysing NZDUSD …
2026-03-24 23:42:33  INFO      TradingGraph: Running agents for NZDUSD
2026-03-24 23:42:33  INFO      TradingGraph: Completed 7 agents
2026-03-24 23:42:33  INFO      TradingGraph: Fusing timeframe signals
2026-03-24 23:42:33  INFO      TradingGraph: Fusion: L=-0.430, M=0.017, S=0.137
2026-03-24 23:42:33  INFO      TradingGraph: Aligned [pullback-entry] (bearish) — proceeding [L=-0.430 M=0.017 S=0.137 breadth=-0.086]
2026-03-24 23:42:33  INFO      TradingGraph: Generating trading recipe
2026-03-24 23:42:33  INFO      TradingGraph: Generated recipe: SHORT_PULLBACK_ENTRY_NZDUSD
2026-03-24 23:42:33  INFO      TradingGraph: Position already open for NZDUSD — entry_type=pullback-entry (needs full-alignment)
2026-03-24 23:42:33  INFO      TradingRunner: Analysing XAUUSD …
2026-03-24 23:42:33  INFO      TradingGraph: Running agents for XAUUSD
2026-03-24 23:42:33  INFO      TradingGraph: Completed 7 agents
2026-03-24 23:42:33  INFO      TradingGraph: Fusing timeframe signals
2026-03-24 23:42:33  INFO      TradingGraph: Fusion: L=0.082, M=0.580, S=0.055
2026-03-24 23:42:33  INFO      TradingGraph: Timeframes not aligned — stopping (L=0.082 M=0.580 S=0.055)
2026-03-24 23:42:34  INFO      TradingRunner: PnL — unrealized: -19.27  realized today: +0.00  total: -19.27
2026-03-24 23:42:34  INFO      TradingRunner: Cycle done in 5.6s — sleeping 294s
2026-03-24 23:47:29  INFO      TradingGraph: Running agents for EURUSD
2026-03-24 23:47:29  INFO      TradingGraph: Completed 7 agents
2026-03-24 23:47:29  INFO      TradingGraph: Fusing timeframe signals
2026-03-24 23:47:29  INFO      TradingGraph: Fusion: L=-0.406, M=0.020, S=0.097
2026-03-24 23:47:30  INFO      TradingGraph: Running agents for GBPUSD
2026-03-24 23:47:30  INFO      TradingGraph: Completed 7 agents
2026-03-24 23:47:30  INFO      TradingGraph: Fusing timeframe signals
2026-03-24 23:47:30  INFO      TradingGraph: Fusion: L=-0.395, M=0.019, S=0.098
2026-03-24 23:47:30  INFO      TradingGraph: Running agents for USDJPY
2026-03-24 23:47:30  INFO      TradingGraph: Completed 7 agents
2026-03-24 23:47:30  INFO      TradingGraph: Fusing timeframe signals
2026-03-24 23:47:30  INFO      TradingGraph: Fusion: L=0.672, M=0.074, S=-0.119
2026-03-24 23:47:31  INFO      TradingGraph: Running agents for AUDUSD
2026-03-24 23:47:31  INFO      TradingGraph: Completed 7 agents
2026-03-24 23:47:31  INFO      TradingGraph: Fusing timeframe signals
2026-03-24 23:47:31  INFO      TradingGraph: Fusion: L=0.307, M=-0.015, S=0.153
2026-03-24 23:47:31  INFO      TradingGraph: Running agents for NZDUSD
2026-03-24 23:47:31  INFO      TradingGraph: Completed 7 agents
2026-03-24 23:47:31  INFO      TradingGraph: Fusing timeframe signals
2026-03-24 23:47:31  INFO      TradingGraph: Fusion: L=-0.430, M=0.017, S=0.098
2026-03-24 23:47:32  INFO      TradingRunner: Analysing EURUSD …
2026-03-24 23:47:33  INFO      TradingGraph: Running agents for EURUSD
2026-03-24 23:47:33  INFO      TradingGraph: Completed 7 agents
2026-03-24 23:47:33  INFO      TradingGraph: Fusing timeframe signals
2026-03-24 23:47:33  INFO      TradingGraph: Fusion: L=-0.406, M=0.020, S=0.097
2026-03-24 23:47:33  INFO      TradingGraph: Aligned [pullback-entry] (bearish) — proceeding [L=-0.406 M=0.020 S=0.097 breadth=-0.086]
2026-03-24 23:47:33  INFO      TradingGraph: Generating trading recipe
2026-03-24 23:47:33  INFO      TradingGraph: Generated recipe: SHORT_PULLBACK_ENTRY_EURUSD
2026-03-24 23:47:33  INFO      TradingGraph: Position already open for EURUSD — entry_type=pullback-entry (needs full-alignment)
2026-03-24 23:47:33  INFO      TradingRunner: Analysing GBPUSD …
2026-03-24 23:47:33  INFO      TradingGraph: Running agents for GBPUSD
2026-03-24 23:47:33  INFO      TradingGraph: Completed 7 agents
2026-03-24 23:47:33  INFO      TradingGraph: Fusing timeframe signals
2026-03-24 23:47:33  INFO      TradingGraph: Fusion: L=-0.395, M=0.019, S=0.098
2026-03-24 23:47:33  INFO      TradingGraph: Aligned [pullback-entry] (bearish) — proceeding [L=-0.395 M=0.019 S=0.098 breadth=-0.086]
2026-03-24 23:47:33  INFO      TradingGraph: Generating trading recipe
2026-03-24 23:47:33  INFO      TradingGraph: Generated recipe: SHORT_PULLBACK_ENTRY_GBPUSD
2026-03-24 23:47:33  INFO      TradingGraph: Position already open for GBPUSD — entry_type=pullback-entry (needs full-alignment)
2026-03-24 23:47:33  INFO      TradingRunner: Analysing USDJPY …
2026-03-24 23:47:34  INFO      TradingGraph: Running agents for USDJPY
2026-03-24 23:47:34  INFO      TradingGraph: Completed 7 agents
2026-03-24 23:47:34  INFO      TradingGraph: Fusing timeframe signals
2026-03-24 23:47:34  INFO      TradingGraph: Fusion: L=0.672, M=0.074, S=-0.119
2026-03-24 23:47:34  INFO      TradingGraph: Aligned [pullback-entry] (bullish) — proceeding [L=0.672 M=0.074 S=-0.119 breadth=-0.086]
2026-03-24 23:47:34  INFO      TradingGraph: Generating trading recipe
2026-03-24 23:47:34  INFO      TradingGraph: Generated recipe: LONG_PULLBACK_ENTRY_USDJPY
2026-03-24 23:47:34  INFO      TradingGraph: Position already open for USDJPY — entry_type=pullback-entry (needs full-alignment)
2026-03-24 23:47:34  INFO      TradingRunner: Analysing USDCHF …
2026-03-24 23:47:34  INFO      TradingGraph: Running agents for USDCHF
2026-03-24 23:47:34  INFO      TradingGraph: Completed 7 agents
2026-03-24 23:47:34  INFO      TradingGraph: Fusing timeframe signals
2026-03-24 23:47:34  INFO      TradingGraph: Fusion: L=0.417, M=-0.723, S=0.027
2026-03-24 23:47:34  INFO      TradingGraph: Timeframes not aligned — stopping (L=0.417 M=-0.723 S=0.027)
2026-03-24 23:47:34  INFO      TradingRunner: Analysing AUDUSD …
2026-03-24 23:47:35  INFO      TradingGraph: Running agents for AUDUSD
2026-03-24 23:47:35  INFO      TradingGraph: Completed 7 agents
2026-03-24 23:47:35  INFO      TradingGraph: Fusing timeframe signals
2026-03-24 23:47:35  INFO      TradingGraph: Fusion: L=0.307, M=-0.015, S=0.153
2026-03-24 23:47:35  INFO      TradingGraph: Aligned [pullback-entry] (bullish) — proceeding [L=0.307 M=-0.015 S=0.153 breadth=-0.086]
2026-03-24 23:47:35  INFO      TradingGraph: Generating trading recipe
2026-03-24 23:47:35  INFO      TradingGraph: Generated recipe: LONG_PULLBACK_ENTRY_AUDUSD
2026-03-24 23:47:35  INFO      TradingGraph: Position already open for AUDUSD — entry_type=pullback-entry (needs full-alignment)
2026-03-24 23:47:35  INFO      TradingRunner: Analysing USDCAD …
2026-03-24 23:47:35  INFO      TradingGraph: Running agents for USDCAD
2026-03-24 23:47:35  INFO      TradingGraph: Completed 7 agents
2026-03-24 23:47:35  INFO      TradingGraph: Fusing timeframe signals
2026-03-24 23:47:35  INFO      TradingGraph: Fusion: L=0.051, M=-0.444, S=0.106
2026-03-24 23:47:35  INFO      TradingGraph: Timeframes not aligned — stopping (L=0.051 M=-0.444 S=0.106)
2026-03-24 23:47:35  INFO      TradingRunner: Analysing NZDUSD …
2026-03-24 23:47:35  INFO      TradingGraph: Running agents for NZDUSD
2026-03-24 23:47:35  INFO      TradingGraph: Completed 7 agents
2026-03-24 23:47:35  INFO      TradingGraph: Fusing timeframe signals
2026-03-24 23:47:35  INFO      TradingGraph: Fusion: L=-0.430, M=0.017, S=0.098
2026-03-24 23:47:35  INFO      TradingGraph: Aligned [pullback-entry] (bearish) — proceeding [L=-0.430 M=0.017 S=0.098 breadth=-0.086]
2026-03-24 23:47:35  INFO      TradingGraph: Generating trading recipe
2026-03-24 23:47:35  INFO      TradingGraph: Generated recipe: SHORT_PULLBACK_ENTRY_NZDUSD
2026-03-24 23:47:35  INFO      TradingGraph: Position already open for NZDUSD — entry_type=pullback-entry (needs full-alignment)
2026-03-24 23:47:35  INFO      TradingRunner: Analysing XAUUSD …
2026-03-24 23:47:36  INFO      TradingGraph: Running agents for XAUUSD
2026-03-24 23:47:36  INFO      TradingGraph: Completed 7 agents
2026-03-24 23:47:36  INFO      TradingGraph: Fusing timeframe signals
2026-03-24 23:47:36  INFO      TradingGraph: Fusion: L=0.082, M=0.583, S=-0.007
2026-03-24 23:47:36  INFO      TradingGraph: Timeframes not aligned — stopping (L=0.082 M=0.583 S=-0.007)
2026-03-24 23:47:39  INFO      TradingRunner: PnL — unrealized: -27.50  realized today: +0.00  total: -27.50
2026-03-24 23:47:39  INFO      TradingRunner: Cycle done in 10.0s — sleeping 290s
2026-03-24 23:52:29  INFO      TradingGraph: Running agents for EURUSD
2026-03-24 23:52:29  INFO      TradingGraph: Completed 7 agents
2026-03-24 23:52:29  INFO      TradingGraph: Fusing timeframe signals
2026-03-24 23:52:29  INFO      TradingGraph: Fusion: L=-0.406, M=0.020, S=0.143
2026-03-24 23:52:30  INFO      TradingGraph: Running agents for GBPUSD
2026-03-24 23:52:30  INFO      TradingGraph: Completed 7 agents
2026-03-24 23:52:30  INFO      TradingGraph: Fusing timeframe signals
2026-03-24 23:52:30  INFO      TradingGraph: Fusion: L=-0.395, M=0.019, S=0.098
2026-03-24 23:52:30  INFO      TradingGraph: Running agents for USDJPY
2026-03-24 23:52:30  INFO      TradingGraph: Completed 7 agents
2026-03-24 23:52:30  INFO      TradingGraph: Fusing timeframe signals
2026-03-24 23:52:30  INFO      TradingGraph: Fusion: L=0.672, M=0.074, S=-0.119
2026-03-24 23:52:30  INFO      TradingGraph: Running agents for AUDUSD
2026-03-24 23:52:30  INFO      TradingGraph: Completed 7 agents
2026-03-24 23:52:30  INFO      TradingGraph: Fusing timeframe signals
2026-03-24 23:52:30  INFO      TradingGraph: Fusion: L=0.308, M=-0.014, S=0.153
2026-03-24 23:52:30  INFO      TradingGraph: Running agents for NZDUSD
2026-03-24 23:52:30  INFO      TradingGraph: Completed 7 agents
2026-03-24 23:52:30  INFO      TradingGraph: Fusing timeframe signals
2026-03-24 23:52:30  INFO      TradingGraph: Fusion: L=-0.430, M=0.017, S=0.098
2026-03-24 23:52:30  INFO      TradingRunner: Analysing EURUSD …
2026-03-24 23:52:31  INFO      TradingGraph: Running agents for EURUSD
2026-03-24 23:52:31  INFO      TradingGraph: Completed 7 agents
2026-03-24 23:52:31  INFO      TradingGraph: Fusing timeframe signals
2026-03-24 23:52:31  INFO      TradingGraph: Fusion: L=-0.406, M=0.020, S=0.143
2026-03-24 23:52:31  INFO      TradingGraph: Aligned [pullback-entry] (bearish) — proceeding [L=-0.406 M=0.020 S=0.143 breadth=-0.086]
2026-03-24 23:52:31  INFO      TradingGraph: Generating trading recipe
2026-03-24 23:52:31  INFO      TradingGraph: Generated recipe: SHORT_PULLBACK_ENTRY_EURUSD
2026-03-24 23:52:31  INFO      TradingGraph: Position already open for EURUSD — entry_type=pullback-entry (needs full-alignment)
2026-03-24 23:52:31  INFO      TradingRunner: Analysing GBPUSD …
2026-03-24 23:52:31  INFO      TradingGraph: Running agents for GBPUSD
2026-03-24 23:52:31  INFO      TradingGraph: Completed 7 agents
2026-03-24 23:52:31  INFO      TradingGraph: Fusing timeframe signals
2026-03-24 23:52:31  INFO      TradingGraph: Fusion: L=-0.395, M=0.019, S=0.098
2026-03-24 23:52:31  INFO      TradingGraph: Aligned [pullback-entry] (bearish) — proceeding [L=-0.395 M=0.019 S=0.098 breadth=-0.086]
2026-03-24 23:52:31  INFO      TradingGraph: Generating trading recipe
2026-03-24 23:52:31  INFO      TradingGraph: Generated recipe: SHORT_PULLBACK_ENTRY_GBPUSD
2026-03-24 23:52:31  INFO      TradingGraph: Position already open for GBPUSD — entry_type=pullback-entry (needs full-alignment)
2026-03-24 23:52:31  INFO      TradingRunner: Analysing USDJPY …
2026-03-24 23:52:31  INFO      TradingGraph: Running agents for USDJPY
2026-03-24 23:52:31  INFO      TradingGraph: Completed 7 agents
2026-03-24 23:52:31  INFO      TradingGraph: Fusing timeframe signals
2026-03-24 23:52:31  INFO      TradingGraph: Fusion: L=0.672, M=0.074, S=-0.119
2026-03-24 23:52:31  INFO      TradingGraph: Aligned [pullback-entry] (bullish) — proceeding [L=0.672 M=0.074 S=-0.119 breadth=-0.086]
2026-03-24 23:52:31  INFO      TradingGraph: Generating trading recipe
2026-03-24 23:52:31  INFO      TradingGraph: Generated recipe: LONG_PULLBACK_ENTRY_USDJPY
2026-03-24 23:52:31  INFO      TradingGraph: Position already open for USDJPY — entry_type=pullback-entry (needs full-alignment)
2026-03-24 23:52:31  INFO      TradingRunner: Analysing USDCHF …
2026-03-24 23:52:31  INFO      TradingGraph: Running agents for USDCHF
2026-03-24 23:52:31  INFO      TradingGraph: Completed 7 agents
2026-03-24 23:52:31  INFO      TradingGraph: Fusing timeframe signals
2026-03-24 23:52:31  INFO      TradingGraph: Fusion: L=0.418, M=-0.723, S=0.028
2026-03-24 23:52:31  INFO      TradingGraph: Timeframes not aligned — stopping (L=0.418 M=-0.723 S=0.028)
2026-03-24 23:52:31  INFO      TradingRunner: Analysing AUDUSD …
2026-03-24 23:52:31  INFO      TradingGraph: Running agents for AUDUSD
2026-03-24 23:52:31  INFO      TradingGraph: Completed 7 agents
2026-03-24 23:52:31  INFO      TradingGraph: Fusing timeframe signals
2026-03-24 23:52:31  INFO      TradingGraph: Fusion: L=0.308, M=-0.014, S=0.153
2026-03-24 23:52:31  INFO      TradingGraph: Aligned [pullback-entry] (bullish) — proceeding [L=0.308 M=-0.014 S=0.153 breadth=-0.086]
2026-03-24 23:52:31  INFO      TradingGraph: Generating trading recipe
2026-03-24 23:52:32  INFO      TradingGraph: Generated recipe: LONG_PULLBACK_ENTRY_AUDUSD
2026-03-24 23:52:32  INFO      TradingGraph: Position already open for AUDUSD — entry_type=pullback-entry (needs full-alignment)
2026-03-24 23:52:32  INFO      TradingRunner: Analysing USDCAD …
2026-03-24 23:52:32  INFO      TradingGraph: Running agents for USDCAD
2026-03-24 23:52:32  INFO      TradingGraph: Completed 7 agents
2026-03-24 23:52:32  INFO      TradingGraph: Fusing timeframe signals
2026-03-24 23:52:32  INFO      TradingGraph: Fusion: L=0.051, M=-0.444, S=0.106
2026-03-24 23:52:32  INFO      TradingGraph: Timeframes not aligned — stopping (L=0.051 M=-0.444 S=0.106)
2026-03-24 23:52:32  INFO      TradingRunner: Analysing NZDUSD …
2026-03-24 23:52:32  INFO      TradingGraph: Running agents for NZDUSD
2026-03-24 23:52:32  INFO      TradingGraph: Completed 7 agents
2026-03-24 23:52:32  INFO      TradingGraph: Fusing timeframe signals
2026-03-24 23:52:32  INFO      TradingGraph: Fusion: L=-0.430, M=0.017, S=0.098
2026-03-24 23:52:32  INFO      TradingGraph: Aligned [pullback-entry] (bearish) — proceeding [L=-0.430 M=0.017 S=0.098 breadth=-0.086]
2026-03-24 23:52:32  INFO      TradingGraph: Generating trading recipe
2026-03-24 23:52:32  INFO      TradingGraph: Generated recipe: SHORT_PULLBACK_ENTRY_NZDUSD
2026-03-24 23:52:32  INFO      TradingGraph: Position already open for NZDUSD — entry_type=pullback-entry (needs full-alignment)
2026-03-24 23:52:32  INFO      TradingRunner: Analysing XAUUSD …
2026-03-24 23:52:32  INFO      TradingGraph: Running agents for XAUUSD
2026-03-24 23:52:32  INFO      TradingGraph: Completed 7 agents
2026-03-24 23:52:32  INFO      TradingGraph: Fusing timeframe signals
2026-03-24 23:52:32  INFO      TradingGraph: Fusion: L=0.082, M=0.582, S=-0.007
2026-03-24 23:52:32  INFO      TradingGraph: Timeframes not aligned — stopping (L=0.082 M=0.582 S=-0.007)
2026-03-24 23:52:33  INFO      TradingRunner: PnL — unrealized: -18.74  realized today: +0.00  total: -18.74
2026-03-24 23:52:33  INFO      TradingRunner: Cycle done in 4.3s — sleeping 296s
2026-03-24 23:54:42  INFO      MT5Executor: Using mt5linux backend → localhost:18812
2026-03-24 23:54:42  INFO      MT5Executor: Connected to MT5: 104910563 on MetaQuotes-Demo | balance=99849.27 | trade_allowed=True
2026-03-24 23:54:42  INFO      root: Registered agent: RegimeAgent
2026-03-24 23:54:42  INFO      root: Registered agent: TrendAgent
2026-03-24 23:54:42  INFO      root: Registered agent: MomentumAgent
2026-03-24 23:54:42  INFO      root: Registered agent: MeanReversionAgent
2026-03-24 23:54:42  INFO      root: Registered agent: VolatilityAgent
2026-03-24 23:54:42  INFO      root: Registered agent: BreadthAgent
2026-03-24 23:54:42  INFO      root: Registered agent: PatternAgent
2026-03-24 23:54:42  INFO      TradingRunner: TradingRunner started — symbols: ['EURUSD', 'GBPUSD', 'USDJPY', 'USDCHF', 'AUDUSD', 'USDCAD', 'NZDUSD', 'XAUUSD'], interval: 300s
2026-03-24 23:54:43  INFO      TradingGraph: Running agents for EURUSD
2026-03-24 23:54:43  INFO      TradingGraph: Completed 7 agents
2026-03-24 23:54:43  INFO      TradingGraph: Fusing timeframe signals
2026-03-24 23:54:43  INFO      TradingGraph: Fusion: L=-0.406, M=0.020, S=0.143
2026-03-24 23:54:43  INFO      TradingGraph: Running agents for GBPUSD
2026-03-24 23:54:43  INFO      TradingGraph: Completed 7 agents
2026-03-24 23:54:43  INFO      TradingGraph: Fusing timeframe signals
2026-03-24 23:54:43  INFO      TradingGraph: Fusion: L=-0.395, M=0.019, S=0.098
2026-03-24 23:54:43  INFO      TradingGraph: Running agents for USDJPY
2026-03-24 23:54:43  INFO      TradingGraph: Completed 7 agents
2026-03-24 23:54:43  INFO      TradingGraph: Fusing timeframe signals
2026-03-24 23:54:43  INFO      TradingGraph: Fusion: L=0.672, M=0.074, S=-0.119
2026-03-24 23:54:43  INFO      TradingGraph: Running agents for AUDUSD
2026-03-24 23:54:43  INFO      TradingGraph: Completed 7 agents
2026-03-24 23:54:43  INFO      TradingGraph: Fusing timeframe signals
2026-03-24 23:54:43  INFO      TradingGraph: Fusion: L=0.308, M=-0.014, S=0.153
2026-03-24 23:54:44  INFO      TradingGraph: Running agents for NZDUSD
2026-03-24 23:54:44  INFO      TradingGraph: Completed 7 agents
2026-03-24 23:54:44  INFO      TradingGraph: Fusing timeframe signals
2026-03-24 23:54:44  INFO      TradingGraph: Fusion: L=-0.430, M=0.017, S=0.098
2026-03-24 23:54:44  INFO      TradingRunner: Analysing EURUSD …
2026-03-24 23:54:44  INFO      TradingGraph: Running agents for EURUSD
2026-03-24 23:54:44  INFO      TradingGraph: Completed 7 agents
2026-03-24 23:54:44  INFO      TradingGraph: Fusing timeframe signals
2026-03-24 23:54:44  INFO      TradingGraph: Fusion: L=-0.406, M=0.020, S=0.143
2026-03-24 23:54:44  INFO      TradingGraph: Aligned [pullback-entry] (bearish) — proceeding [L=-0.406 M=0.020 S=0.143 breadth=-0.086]
2026-03-24 23:54:44  INFO      TradingGraph: Generating trading recipe
2026-03-24 23:54:44  INFO      TradingGraph: Generated recipe: SHORT_PULLBACK_ENTRY_EURUSD
2026-03-24 23:54:44  INFO      TradingGraph: Position already open for EURUSD — entry_type=pullback-entry (needs full-alignment)
2026-03-24 23:54:44  INFO      TradingRunner: Analysing GBPUSD …
2026-03-24 23:54:45  INFO      TradingGraph: Running agents for GBPUSD
2026-03-24 23:54:45  INFO      TradingGraph: Completed 7 agents
2026-03-24 23:54:45  INFO      TradingGraph: Fusing timeframe signals
2026-03-24 23:54:45  INFO      TradingGraph: Fusion: L=-0.395, M=0.019, S=0.098
2026-03-24 23:54:45  INFO      TradingGraph: Aligned [pullback-entry] (bearish) — proceeding [L=-0.395 M=0.019 S=0.098 breadth=-0.086]
2026-03-24 23:54:45  INFO      TradingGraph: Generating trading recipe
2026-03-24 23:54:45  INFO      TradingGraph: Generated recipe: SHORT_PULLBACK_ENTRY_GBPUSD
2026-03-24 23:54:45  INFO      TradingGraph: Position already open for GBPUSD — entry_type=pullback-entry (needs full-alignment)
2026-03-24 23:54:45  INFO      TradingRunner: Analysing USDJPY …
2026-03-24 23:54:45  INFO      TradingGraph: Running agents for USDJPY
2026-03-24 23:54:45  INFO      TradingGraph: Completed 7 agents
2026-03-24 23:54:45  INFO      TradingGraph: Fusing timeframe signals
2026-03-24 23:54:45  INFO      TradingGraph: Fusion: L=0.672, M=0.074, S=-0.119
2026-03-24 23:54:45  INFO      TradingGraph: Aligned [pullback-entry] (bullish) — proceeding [L=0.672 M=0.074 S=-0.119 breadth=-0.086]
2026-03-24 23:54:45  INFO      TradingGraph: Generating trading recipe
2026-03-24 23:54:45  INFO      TradingGraph: Generated recipe: LONG_PULLBACK_ENTRY_USDJPY
2026-03-24 23:54:45  INFO      TradingGraph: Position already open for USDJPY — entry_type=pullback-entry (needs full-alignment)
2026-03-24 23:54:45  INFO      TradingRunner: Analysing USDCHF …
2026-03-24 23:54:45  INFO      TradingGraph: Running agents for USDCHF
2026-03-24 23:54:45  INFO      TradingGraph: Completed 7 agents
2026-03-24 23:54:45  INFO      TradingGraph: Fusing timeframe signals
2026-03-24 23:54:45  INFO      TradingGraph: Fusion: L=0.418, M=-0.723, S=0.028
2026-03-24 23:54:45  INFO      TradingGraph: Timeframes not aligned — stopping (L=0.418 M=-0.723 S=0.028)
2026-03-24 23:54:45  INFO      TradingRunner: Analysing AUDUSD …
2026-03-24 23:54:45  INFO      TradingGraph: Running agents for AUDUSD
2026-03-24 23:54:45  INFO      TradingGraph: Completed 7 agents
2026-03-24 23:54:45  INFO      TradingGraph: Fusing timeframe signals
2026-03-24 23:54:45  INFO      TradingGraph: Fusion: L=0.308, M=-0.014, S=0.153
2026-03-24 23:54:45  INFO      TradingGraph: Aligned [pullback-entry] (bullish) — proceeding [L=0.308 M=-0.014 S=0.153 breadth=-0.086]
2026-03-24 23:54:45  INFO      TradingGraph: Generating trading recipe
2026-03-24 23:54:45  INFO      TradingGraph: Generated recipe: LONG_PULLBACK_ENTRY_AUDUSD
2026-03-24 23:54:45  INFO      TradingGraph: Position already open for AUDUSD — entry_type=pullback-entry (needs full-alignment)
2026-03-24 23:54:45  INFO      TradingRunner: Analysing USDCAD …
2026-03-24 23:54:45  INFO      TradingGraph: Running agents for USDCAD
2026-03-24 23:54:45  INFO      TradingGraph: Completed 7 agents
2026-03-24 23:54:45  INFO      TradingGraph: Fusing timeframe signals
2026-03-24 23:54:45  INFO      TradingGraph: Fusion: L=0.051, M=-0.444, S=0.107
2026-03-24 23:54:45  INFO      TradingGraph: Timeframes not aligned — stopping (L=0.051 M=-0.444 S=0.107)
2026-03-24 23:54:45  INFO      TradingRunner: Analysing NZDUSD …
2026-03-24 23:54:46  INFO      TradingGraph: Running agents for NZDUSD
2026-03-24 23:54:46  INFO      TradingGraph: Completed 7 agents
2026-03-24 23:54:46  INFO      TradingGraph: Fusing timeframe signals
2026-03-24 23:54:46  INFO      TradingGraph: Fusion: L=-0.430, M=0.017, S=0.098
2026-03-24 23:54:46  INFO      TradingGraph: Aligned [pullback-entry] (bearish) — proceeding [L=-0.430 M=0.017 S=0.098 breadth=-0.086]
2026-03-24 23:54:46  INFO      TradingGraph: Generating trading recipe
2026-03-24 23:54:46  INFO      TradingGraph: Generated recipe: SHORT_PULLBACK_ENTRY_NZDUSD
2026-03-24 23:54:46  INFO      TradingGraph: Position already open for NZDUSD — entry_type=pullback-entry (needs full-alignment)
2026-03-24 23:54:46  INFO      TradingRunner: Analysing XAUUSD …
2026-03-24 23:54:46  INFO      TradingGraph: Running agents for XAUUSD
2026-03-24 23:54:46  INFO      TradingGraph: Completed 7 agents
2026-03-24 23:54:46  INFO      TradingGraph: Fusing timeframe signals
2026-03-24 23:54:46  INFO      TradingGraph: Fusion: L=0.082, M=0.581, S=-0.007
2026-03-24 23:54:46  INFO      TradingGraph: Timeframes not aligned — stopping (L=0.082 M=0.581 S=-0.007)
2026-03-24 23:54:47  INFO      TradingRunner: PnL — unrealized: -20.86  realized today: +0.00  total: -20.86
2026-03-24 23:54:47  INFO      TradingRunner: Cycle done in 4.4s — sleeping 296s
2026-03-24 23:59:43  INFO      TradingGraph: Running agents for EURUSD
2026-03-24 23:59:43  INFO      TradingGraph: Completed 7 agents
2026-03-24 23:59:43  INFO      TradingGraph: Fusing timeframe signals
2026-03-24 23:59:43  INFO      TradingGraph: Fusion: L=-0.406, M=0.020, S=0.097
2026-03-24 23:59:43  INFO      TradingGraph: Running agents for GBPUSD
2026-03-24 23:59:43  INFO      TradingGraph: Completed 7 agents
2026-03-24 23:59:43  INFO      TradingGraph: Fusing timeframe signals
2026-03-24 23:59:43  INFO      TradingGraph: Fusion: L=-0.395, M=0.019, S=0.006
2026-03-24 23:59:43  INFO      TradingGraph: Running agents for USDJPY
2026-03-24 23:59:43  INFO      TradingGraph: Completed 7 agents
2026-03-24 23:59:43  INFO      TradingGraph: Fusing timeframe signals
2026-03-24 23:59:43  INFO      TradingGraph: Fusion: L=0.672, M=0.074, S=-0.119
2026-03-24 23:59:43  INFO      TradingGraph: Running agents for AUDUSD
2026-03-24 23:59:43  INFO      TradingGraph: Completed 7 agents
2026-03-24 23:59:43  INFO      TradingGraph: Fusing timeframe signals
2026-03-24 23:59:43  INFO      TradingGraph: Fusion: L=0.308, M=-0.014, S=0.153
2026-03-24 23:59:43  INFO      TradingGraph: Running agents for NZDUSD
2026-03-24 23:59:43  INFO      TradingGraph: Completed 7 agents
2026-03-24 23:59:43  INFO      TradingGraph: Fusing timeframe signals
2026-03-24 23:59:43  INFO      TradingGraph: Fusion: L=-0.430, M=0.017, S=0.097
2026-03-24 23:59:43  INFO      TradingRunner: Analysing EURUSD …
2026-03-24 23:59:44  INFO      TradingGraph: Running agents for EURUSD
2026-03-24 23:59:44  INFO      TradingGraph: Completed 7 agents
2026-03-24 23:59:44  INFO      TradingGraph: Fusing timeframe signals
2026-03-24 23:59:44  INFO      TradingGraph: Fusion: L=-0.406, M=0.020, S=0.097
2026-03-24 23:59:44  INFO      TradingGraph: Aligned [pullback-entry] (bearish) — proceeding [L=-0.406 M=0.020 S=0.097 breadth=-0.086]
2026-03-24 23:59:44  INFO      TradingGraph: Generating trading recipe
2026-03-24 23:59:44  INFO      TradingGraph: Generated recipe: SHORT_PULLBACK_ENTRY_EURUSD
2026-03-24 23:59:44  INFO      TradingGraph: Position already open for EURUSD — entry_type=pullback-entry (needs full-alignment)
2026-03-24 23:59:44  INFO      TradingRunner: Analysing GBPUSD …
2026-03-24 23:59:44  INFO      TradingGraph: Running agents for GBPUSD
2026-03-24 23:59:44  INFO      TradingGraph: Completed 7 agents
2026-03-24 23:59:44  INFO      TradingGraph: Fusing timeframe signals
2026-03-24 23:59:44  INFO      TradingGraph: Fusion: L=-0.395, M=0.019, S=0.006
2026-03-24 23:59:44  INFO      TradingGraph: Aligned [pullback-entry] (bearish) — proceeding [L=-0.395 M=0.019 S=0.006 breadth=-0.086]
2026-03-24 23:59:44  INFO      TradingGraph: Generating trading recipe
2026-03-24 23:59:44  INFO      TradingGraph: Generated recipe: SHORT_PULLBACK_ENTRY_GBPUSD
2026-03-24 23:59:44  INFO      TradingGraph: Position already open for GBPUSD — entry_type=pullback-entry (needs full-alignment)
2026-03-24 23:59:44  INFO      TradingRunner: Analysing USDJPY …
2026-03-24 23:59:44  INFO      TradingGraph: Running agents for USDJPY
2026-03-24 23:59:44  INFO      TradingGraph: Completed 7 agents
2026-03-24 23:59:44  INFO      TradingGraph: Fusing timeframe signals
2026-03-24 23:59:44  INFO      TradingGraph: Fusion: L=0.672, M=0.074, S=-0.119
2026-03-24 23:59:44  INFO      TradingGraph: Aligned [pullback-entry] (bullish) — proceeding [L=0.672 M=0.074 S=-0.119 breadth=-0.086]
2026-03-24 23:59:44  INFO      TradingGraph: Generating trading recipe
2026-03-24 23:59:44  INFO      TradingGraph: Generated recipe: LONG_PULLBACK_ENTRY_USDJPY
2026-03-24 23:59:44  INFO      TradingGraph: Position already open for USDJPY — entry_type=pullback-entry (needs full-alignment)
2026-03-24 23:59:44  INFO      TradingRunner: Analysing USDCHF …
2026-03-24 23:59:44  INFO      TradingGraph: Running agents for USDCHF
2026-03-24 23:59:44  INFO      TradingGraph: Completed 7 agents
2026-03-24 23:59:44  INFO      TradingGraph: Fusing timeframe signals
2026-03-24 23:59:44  INFO      TradingGraph: Fusion: L=0.417, M=-0.723, S=0.028
2026-03-24 23:59:44  INFO      TradingGraph: Timeframes not aligned — stopping (L=0.417 M=-0.723 S=0.028)
2026-03-24 23:59:44  INFO      TradingRunner: Analysing AUDUSD …
2026-03-24 23:59:45  INFO      TradingGraph: Running agents for AUDUSD
2026-03-24 23:59:45  INFO      TradingGraph: Completed 7 agents
2026-03-24 23:59:45  INFO      TradingGraph: Fusing timeframe signals
2026-03-24 23:59:45  INFO      TradingGraph: Fusion: L=0.308, M=-0.014, S=0.154
2026-03-24 23:59:45  INFO      TradingGraph: Aligned [pullback-entry] (bullish) — proceeding [L=0.308 M=-0.014 S=0.154 breadth=-0.086]
2026-03-24 23:59:45  INFO      TradingGraph: Generating trading recipe
2026-03-24 23:59:45  INFO      TradingGraph: Generated recipe: LONG_PULLBACK_ENTRY_AUDUSD
2026-03-24 23:59:45  INFO      TradingGraph: Position already open for AUDUSD — entry_type=pullback-entry (needs full-alignment)
2026-03-24 23:59:45  INFO      TradingRunner: Analysing USDCAD …
2026-03-24 23:59:45  INFO      TradingGraph: Running agents for USDCAD
2026-03-24 23:59:45  INFO      TradingGraph: Completed 7 agents
2026-03-24 23:59:45  INFO      TradingGraph: Fusing timeframe signals
2026-03-24 23:59:45  INFO      TradingGraph: Fusion: L=0.051, M=-0.444, S=0.089
2026-03-24 23:59:45  INFO      TradingGraph: Timeframes not aligned — stopping (L=0.051 M=-0.444 S=0.089)
2026-03-24 23:59:45  INFO      TradingRunner: Analysing NZDUSD …
2026-03-24 23:59:45  INFO      TradingGraph: Running agents for NZDUSD
2026-03-24 23:59:45  INFO      TradingGraph: Completed 7 agents
2026-03-24 23:59:45  INFO      TradingGraph: Fusing timeframe signals
2026-03-24 23:59:45  INFO      TradingGraph: Fusion: L=-0.430, M=0.017, S=0.097
2026-03-24 23:59:45  INFO      TradingGraph: Aligned [pullback-entry] (bearish) — proceeding [L=-0.430 M=0.017 S=0.097 breadth=-0.086]
2026-03-24 23:59:45  INFO      TradingGraph: Generating trading recipe
2026-03-24 23:59:45  INFO      TradingGraph: Generated recipe: SHORT_PULLBACK_ENTRY_NZDUSD
2026-03-24 23:59:45  INFO      TradingGraph: Position already open for NZDUSD — entry_type=pullback-entry (needs full-alignment)
2026-03-24 23:59:45  INFO      TradingRunner: Analysing XAUUSD …
2026-03-24 23:59:46  INFO      TradingGraph: Running agents for XAUUSD
2026-03-24 23:59:46  INFO      TradingGraph: Completed 7 agents
2026-03-24 23:59:46  INFO      TradingGraph: Fusing timeframe signals
2026-03-24 23:59:46  INFO      TradingGraph: Fusion: L=0.082, M=0.584, S=-0.047
2026-03-24 23:59:46  INFO      TradingGraph: Timeframes not aligned — stopping (L=0.082 M=0.584 S=-0.047)
2026-03-24 23:59:47  INFO      TradingRunner: PnL — unrealized: -26.02  realized today: +0.00  total: -26.02
2026-03-24 23:59:47  INFO      TradingRunner: Cycle done in 4.8s — sleeping 295s
2026-03-25 00:04:43  INFO      TradingRunner: Analysing EURUSD …
2026-03-25 00:04:43  ERROR     DataLoader: No data from MT5 for EURUSD/1D
2026-03-25 00:04:43  ERROR     DataLoader: No data from MT5 for EURUSD/1H
2026-03-25 00:04:43  ERROR     DataLoader: No data from MT5 for EURUSD/15m
2026-03-25 00:04:43  WARNING   TradingRunner: Could not load features for EURUSD — skipping
2026-03-25 00:04:43  INFO      TradingRunner: Analysing GBPUSD …
2026-03-25 00:04:43  ERROR     DataLoader: No data from MT5 for GBPUSD/1D
2026-03-25 00:04:43  ERROR     DataLoader: No data from MT5 for GBPUSD/1H
2026-03-25 00:04:43  ERROR     DataLoader: No data from MT5 for GBPUSD/15m
2026-03-25 00:04:43  WARNING   TradingRunner: Could not load features for GBPUSD — skipping
2026-03-25 00:04:43  INFO      TradingRunner: Analysing USDJPY …
2026-03-25 00:04:43  ERROR     DataLoader: No data from MT5 for USDJPY/1D
2026-03-25 00:04:43  ERROR     DataLoader: No data from MT5 for USDJPY/1H
2026-03-25 00:04:43  ERROR     DataLoader: No data from MT5 for USDJPY/15m
2026-03-25 00:04:43  WARNING   TradingRunner: Could not load features for USDJPY — skipping
2026-03-25 00:04:43  INFO      TradingRunner: Analysing USDCHF …
2026-03-25 00:04:43  ERROR     DataLoader: No data from MT5 for USDCHF/1D
2026-03-25 00:04:43  ERROR     DataLoader: No data from MT5 for USDCHF/1H
2026-03-25 00:04:43  ERROR     DataLoader: No data from MT5 for USDCHF/15m
2026-03-25 00:04:43  WARNING   TradingRunner: Could not load features for USDCHF — skipping
2026-03-25 00:04:43  INFO      TradingRunner: Analysing AUDUSD …
2026-03-25 00:04:43  ERROR     DataLoader: No data from MT5 for AUDUSD/1D
2026-03-25 00:04:43  ERROR     DataLoader: No data from MT5 for AUDUSD/1H
2026-03-25 00:04:43  ERROR     DataLoader: No data from MT5 for AUDUSD/15m
2026-03-25 00:04:43  WARNING   TradingRunner: Could not load features for AUDUSD — skipping
2026-03-25 00:04:43  INFO      TradingRunner: Analysing USDCAD …
2026-03-25 00:04:43  ERROR     DataLoader: No data from MT5 for USDCAD/1D
2026-03-25 00:04:43  ERROR     DataLoader: No data from MT5 for USDCAD/1H
2026-03-25 00:04:43  ERROR     DataLoader: No data from MT5 for USDCAD/15m
2026-03-25 00:04:43  WARNING   TradingRunner: Could not load features for USDCAD — skipping
2026-03-25 00:04:43  INFO      TradingRunner: Analysing NZDUSD …
2026-03-25 00:04:43  ERROR     DataLoader: No data from MT5 for NZDUSD/1D
2026-03-25 00:04:43  ERROR     DataLoader: No data from MT5 for NZDUSD/1H
2026-03-25 00:04:43  ERROR     DataLoader: No data from MT5 for NZDUSD/15m
2026-03-25 00:04:43  WARNING   TradingRunner: Could not load features for NZDUSD — skipping
2026-03-25 00:04:43  INFO      TradingRunner: Analysing XAUUSD …
2026-03-25 00:04:43  ERROR     DataLoader: No data from MT5 for XAUUSD/1D
2026-03-25 00:04:43  ERROR     DataLoader: No data from MT5 for XAUUSD/1H
2026-03-25 00:04:43  ERROR     DataLoader: No data from MT5 for XAUUSD/15m
2026-03-25 00:04:43  WARNING   TradingRunner: Could not load features for XAUUSD — skipping
2026-03-25 00:04:43  INFO      TradingRunner: PnL — unrealized: +0.00  realized today: +0.00  total: +0.00
2026-03-25 00:04:43  INFO      TradingRunner: Cycle done in 0.5s — sleeping 299s
2026-03-25 13:58:23  ERROR     MT5Executor: Error getting account info: connection closed by peer
2026-03-25 13:58:23  INFO      TradingRunner: Shutdown signal received — stopping after current cycle
2026-03-25 13:58:23  INFO      TradingRunner: Analysing EURUSD …
2026-03-25 13:58:23  INFO      TradingRunner: Analysing EURUSD …
2026-03-25 13:58:23  INFO      TradingRunner: Shutdown signal received — stopping after current cycle
2026-03-25 13:58:23  ERROR     MT5Executor: Error getting account info: connection closed by peer
2026-03-25 13:58:23  INFO      TradingRunner: Analysing EURUSD …
2026-03-25 13:58:23  INFO      TradingRunner: Shutdown signal received — stopping after current cycle
2026-03-25 13:58:23  INFO      TradingRunner: Analysing EURUSD …
2026-03-25 13:58:23  ERROR     MT5Executor: Error getting account info: connection closed by peer
2026-03-25 13:58:23  INFO      TradingRunner: Shutdown signal received — stopping after current cycle
2026-03-25 13:58:23  INFO      MT5Executor: MT5Executor simulation mode shutdown
2026-03-25 13:58:23  ERROR     MT5Executor: Error getting account info: connection closed by peer
2026-03-25 13:58:23  INFO      TradingRunner: Analysing EURUSD …
2026-03-25 13:58:23  ERROR     MT5Executor: Error getting account info: connection closed by peer
2026-03-25 13:58:23  INFO      TradingRunner: Analysing EURUSD …
2026-03-25 13:58:23  ERROR     MT5Executor: Error getting open positions: connection closed by peer
2026-03-25 13:58:23  ERROR     MT5Executor: Error getting account info: stream has been closed
2026-03-25 13:58:23  INFO      TradingRunner: Shutdown signal received — stopping after current cycle
2026-03-25 13:58:23  INFO      MT5Executor: MT5Executor simulation mode shutdown
2026-03-25 13:58:23  INFO      TradingRunner: Analysing EURUSD …
2026-03-25 13:58:23  ERROR     MT5Executor: Error getting account info: connection closed by peer
2026-03-25 13:58:23  ERROR     MT5Executor: Error getting account info: connection closed by peer
2026-03-25 13:58:23  INFO      TradingRunner: Analysing EURUSD …
2026-03-25 13:58:23  INFO      TradingRunner: Analysing EURUSD …
2026-03-25 13:58:23  ERROR     TradingRunner: Error processing EURUSD: stream has been closed
2026-03-25 13:58:23  INFO      TradingRunner: Analysing GBPUSD …
2026-03-25 13:58:23  ERROR     TradingRunner: Error processing EURUSD: stream has been closed
2026-03-25 13:58:23  INFO      TradingRunner: Analysing GBPUSD …
2026-03-25 13:58:23  ERROR     MT5Executor: Error getting account info: connection closed by peer
2026-03-25 13:58:23  INFO      TradingRunner: Analysing EURUSD …
2026-03-25 13:58:23  ERROR     MT5Executor: Error getting open positions: connection closed by peer
2026-03-25 13:58:23  ERROR     MT5Executor: Error getting account info: stream has been closed
2026-03-25 13:58:23  ERROR     MT5Executor: Error getting account info: connection closed by peer
2026-03-25 13:58:23  INFO      TradingRunner: Analysing EURUSD …
2026-03-25 13:58:23  INFO      TradingRunner: Analysing EURUSD …
2026-03-25 13:58:23  INFO      TradingRunner: Analysing EURUSD …
2026-03-25 13:58:23  ERROR     TradingRunner: Error processing NZDUSD: result expired
2026-03-25 13:58:23  ERROR     MT5Executor: Error getting account info: connection closed by peer
2026-03-25 13:58:23  ERROR     TradingRunner: Error processing GBPUSD: stream has been closed
2026-03-25 13:58:23  INFO      TradingRunner: Analysing USDJPY …
2026-03-25 13:58:23  ERROR     TradingRunner: Error processing GBPUSD: stream has been closed
2026-03-25 13:58:23  INFO      TradingRunner: Analysing XAUUSD …
2026-03-25 13:58:23  INFO      TradingRunner: Analysing XAUUSD …
2026-03-25 13:58:23  ERROR     TradingRunner: Error processing EURUSD: stream has been closed
2026-03-25 13:58:23  INFO      TradingRunner: Analysing GBPUSD …
2026-03-25 13:58:23  ERROR     TradingRunner: Error processing EURUSD: stream has been closed
2026-03-25 13:58:23  INFO      TradingRunner: Analysing GBPUSD …
2026-03-25 13:58:23  ERROR     TradingRunner: Error processing EURUSD: stream has been closed
2026-03-25 13:58:23  INFO      TradingRunner: Analysing GBPUSD …
2026-03-25 13:58:23  ERROR     MT5Executor: Error getting open positions: connection closed by peer
2026-03-25 13:58:23  ERROR     MT5Executor: Error getting account info: stream has been closed
2026-03-25 13:58:23  INFO      TradingRunner: Analysing EURUSD …
2026-03-25 13:58:23  INFO      TradingRunner: Shutdown signal received — stopping after current cycle
2026-03-25 13:58:23  ERROR     MT5Executor: Error getting account info: connection closed by peer
2026-03-25 13:58:23  INFO      TradingRunner: Analysing EURUSD …
2026-03-25 13:58:23  ERROR     TradingRunner: Error processing EURUSD: stream has been closed
2026-03-25 13:58:23  INFO      TradingRunner: Analysing GBPUSD …
2026-03-25 13:58:23  ERROR     MT5Executor: Error getting account info: connection closed by peer
2026-03-25 13:58:23  ERROR     TradingRunner: Error processing EURUSD: stream has been closed
2026-03-25 13:58:23  ERROR     TradingRunner: Error processing EURUSD: stream has been closed
2026-03-25 13:58:23  ERROR     TradingRunner: Error processing EURUSD: stream has been closed
2026-03-25 13:58:23  ERROR     TradingRunner: Error processing EURUSD: stream has been closed
2026-03-25 13:58:23  INFO      TradingRunner: Analysing GBPUSD …
2026-03-25 13:58:23  INFO      TradingRunner: Analysing GBPUSD …
2026-03-25 13:58:23  INFO      TradingRunner: Analysing GBPUSD …
2026-03-25 13:58:23  INFO      TradingRunner: Analysing GBPUSD …
2026-03-25 13:58:23  INFO      TradingRunner: Analysing EURUSD …
2026-03-25 13:58:23  ERROR     MT5Executor: Error getting account info: connection closed by peer
2026-03-25 13:58:23  INFO      TradingRunner: Analysing EURUSD …
2026-03-25 13:58:23  ERROR     TradingRunner: Error processing USDJPY: stream has been closed
2026-03-25 13:58:23  INFO      TradingRunner: Analysing USDCHF …
2026-03-25 13:58:23  ERROR     TradingRunner: Error processing GBPUSD: stream has been closed
2026-03-25 13:58:23  INFO      TradingRunner: Analysing USDJPY …
2026-03-25 13:58:23  ERROR     TradingRunner: Error processing EURUSD: stream has been closed
2026-03-25 13:58:23  INFO      TradingRunner: Analysing GBPUSD …
2026-03-25 13:58:23  ERROR     TradingRunner: Error processing GBPUSD: stream has been closed
2026-03-25 13:58:23  INFO      TradingRunner: Analysing USDJPY …
2026-03-25 13:58:23  INFO      TradingRunner: Analysing EURUSD …
2026-03-25 13:58:23  ERROR     TradingRunner: Error processing EURUSD: stream has been closed
2026-03-25 13:58:23  ERROR     TradingRunner: Error processing XAUUSD: stream has been closed
2026-03-25 13:58:23  INFO      TradingRunner: Analysing GBPUSD …
2026-03-25 13:58:23  ERROR     MT5Executor: Error getting open positions: stream has been closed
2026-03-25 13:58:23  ERROR     MT5Executor: Error getting open positions: stream has been closed
