timestamp,symbol,direction,quantity,entry_price,stop_loss,take_profit,risk_amount,confidence,win_probability,expected_value,order_ticket,recipe_name
2026-03-25T11:11:17,XAUUSD,short,5.89,4555.47,4559.71,4545.6,249.80814999999998,0.7348,0.7371,1.4532,7894929360,SHORT_PULLBACK_ENTRY_XAUUSD
2026-03-25T11:19:43,XAUUSD,short,6.21,4557.49,4561.52,4548.15,250.3791,0.6923,0.7079,1.3476,7895061215,SHORT_PULLBACK_ENTRY_XAUUSD
2026-03-25T11:54:12,CHFJPY,long,0.76,201.33,200.853,202.334,197.06020000000004,0.655,0.4841,0.5038,7895640855,LONG_PULLBACK_ENTRY_CHFJPY
2026-03-25T12:06:18,EURUSD,short,0.01,100.0,102.49,94.41,250.5,0.675,0.6418,1.0834,12345,SHORT_PULLBACK_ENTRY_EURUSD
2026-03-25T13:08:58,AUDJPY,long,0.92,110.695,110.302,111.521,196.04684,0.5694,0.4799,0.4898,7897097813,LONG_PULLBACK_ENTRY_AUDJPY
2026-03-25T13:39:10,EURCHF,short,1.18,0.9155,0.91703,0.91229,195.94240000000002,0.6918,0.443,0.3738,7898049634,SHORT_PULLBACK_ENTRY_EURCHF
2026-03-25T14:35:42,BTCUSD,short,0.01,100.0,104.36,96.12,250.5,0.756,0.7363,1.4515,12345,SHORT_PULLBACK_ENTRY_BTCUSD
2026-03-25T14:50:24,BTCUSD,short,0.01,100.0,101.61,97.86,250.5,0.675,0.6614,1.1742,12345,SHORT_PULLBACK_ENTRY_BTCUSD
2026-03-25T15:02:27,USDJPY,long,0.74,159.16,158.674,159.85,195.44636,0.6484,0.5296,0.6537,7900350658,LONG_PULLBACK_ENTRY_USDJPY
2026-03-25T15:05:20,XAUUSD,short,0.01,100.0,102.49,97.79,250.5,0.675,0.6289,1.0512,12345,SHORT_PULLBACK_ENTRY_XAUUSD
2026-03-25T15:07:33,EURCHF,short,1.57,0.91624,0.91738,0.91212,195.46026,0.7152,0.4477,0.3892,7900490180,SHORT_PULLBACK_ENTRY_EURCHF
2026-03-25T15:15:25,US500,short,0.01,100.0,102.66,97.64,100.2,0.675,0.4893,0.5011,12345,SHORT_PULLBACK_ENTRY_US500
2026-03-25T15:15:25,DAX,short,0.01,100.0,102.27,97.98,100.2,0.675,0.4978,0.5358,12345,SHORT_PULLBACK_ENTRY_DAX
2026-03-25T15:15:26,DAX,short,0.01,100.0,102.53,97.75,100.2,0.675,0.4895,0.5034,12345,SHORT_PULLBACK_ENTRY_DAX
2026-03-25T15:15:27,DAX,short,0.01,100.0,102.53,97.75,100.2,0.675,0.4895,0.5034,12345,SHORT_PULLBACK_ENTRY_DAX
2026-03-25T15:15:27,US30,short,0.01,100.0,102.53,97.75,100.2,0.675,0.4895,0.5034,12345,SHORT_PULLBACK_ENTRY_US30
2026-03-25T15:15:27,USTEC,short,0.01,100.0,102.53,97.75,100.2,0.675,0.4895,0.5034,12345,SHORT_PULLBACK_ENTRY_USTEC
2026-03-25T15:15:27,DAX,short,0.01,100.0,102.66,97.64,100.2,0.675,0.4893,0.5011,12345,SHORT_PULLBACK_ENTRY_DAX
2026-03-25T15:15:28,US30,short,0.01,100.0,102.66,97.64,100.2,0.675,0.4894,0.5012,12345,SHORT_PULLBACK_ENTRY_US30
2026-03-25T15:15:28,US500,short,0.01,100.0,102.66,97.64,100.2,0.675,0.4893,0.5011,12345,SHORT_PULLBACK_ENTRY_US500
2026-03-25T15:15:28,USTEC,short,0.01,100.0,102.66,97.64,100.2,0.675,0.4893,0.5011,12345,SHORT_PULLBACK_ENTRY_USTEC
2026-03-25T15:18:09,US30,short,0.01,100.0,102.53,97.75,100.2,0.675,0.4895,0.5034,12345,SHORT_PULLBACK_ENTRY_US30
2026-03-25T15:18:10,US500,short,0.01,100.0,102.53,97.75,100.2,0.675,0.4895,0.5034,12345,SHORT_PULLBACK_ENTRY_US500
2026-03-25T15:18:12,US30,short,0.01,100.0,102.53,97.75,100.2,0.675,0.4895,0.5034,12345,SHORT_PULLBACK_ENTRY_US30
2026-03-25T15:18:12,US500,short,0.01,100.0,102.53,97.75,100.2,0.675,0.4895,0.5034,12345,SHORT_PULLBACK_ENTRY_US500
2026-03-25T15:18:13,US30,short,0.01,100.0,102.53,97.75,100.2,0.675,0.4895,0.5034,12345,SHORT_PULLBACK_ENTRY_US30
2026-03-25T15:18:13,USTEC,short,0.01,100.0,102.66,97.64,100.2,0.675,0.4893,0.5011,12345,SHORT_PULLBACK_ENTRY_USTEC
2026-03-25T15:18:14,DAX,short,0.01,100.0,102.53,97.75,100.2,0.675,0.4895,0.5034,12345,SHORT_PULLBACK_ENTRY_DAX
2026-03-25T15:18:14,DAX,short,0.01,100.0,102.66,97.64,100.2,0.675,0.4893,0.5011,12345,SHORT_PULLBACK_ENTRY_DAX
2026-03-25T15:22:14,XAUUSD,short,0.01,100.0,101.61,97.85,250.5,0.6912,0.6787,1.2502,12345,SHORT_PULLBACK_ENTRY_XAUUSD
2026-03-25T15:22:45,CHFJPY,long,0.96,201.202,200.826,202.708,195.94367999999997,0.6634,0.4803,0.4911,7900894992,LONG_PULLBACK_ENTRY_CHFJPY
2026-03-25T16:09:39,DAX,short,0.01,100.0,104.71,95.82,100.2,0.7028,0.5907,0.8299,12345,SHORT_PULLBACK_ENTRY_DAX
2026-03-25T16:09:39,US30,short,0.01,100.0,101.61,97.86,100.2,0.675,0.516,0.5925,12345,SHORT_PULLBACK_ENTRY_US30
2026-03-25T16:09:40,US500,short,0.01,100.0,102.8,97.52,100.2,0.675,0.4918,0.5144,12345,SHORT_PULLBACK_ENTRY_US500
2026-03-25T16:09:40,DAX,short,0.01,100.0,101.75,97.67,100.2,0.675,0.5215,0.6059,12345,SHORT_PULLBACK_ENTRY_DAX
2026-03-25T16:09:41,US30,short,0.01,100.0,102.53,97.75,100.2,0.675,0.4895,0.5034,12345,SHORT_PULLBACK_ENTRY_US30
2026-03-25T16:09:41,USTEC,short,0.01,100.0,101.89,97.48,100.2,0.675,0.5243,0.618,12345,SHORT_PULLBACK_ENTRY_USTEC
2026-03-25T16:09:41,DAX,short,0.01,100.0,102.66,97.64,100.2,0.675,0.5193,0.5931,12345,SHORT_FULL_ALIGNMENT_DAX
2026-03-25T16:09:58,US30,short,0.01,100.0,102.53,97.75,100.2,0.675,0.4895,0.5034,12345,SHORT_PULLBACK_ENTRY_US30
2026-03-25T16:09:59,US500,short,0.01,100.0,101.61,97.85,100.2,0.6912,0.551,0.7051,12345,SHORT_FULL_ALIGNMENT_US500
2026-03-25T16:09:59,US500,short,0.01,100.0,102.53,97.75,100.2,0.675,0.4895,0.5034,12345,SHORT_PULLBACK_ENTRY_US500
2026-03-25T16:10:00,DAX,short,0.01,100.0,101.61,97.85,100.2,0.6912,0.551,0.7051,12345,SHORT_FULL_ALIGNMENT_DAX
2026-03-25T16:10:00,US30,short,0.01,100.0,102.53,97.75,100.2,0.675,0.4895,0.5034,12345,SHORT_PULLBACK_ENTRY_US30
2026-03-25T16:10:01,US500,short,0.01,100.0,102.49,97.79,100.2,0.675,0.5257,0.6184,12345,SHORT_FULL_ALIGNMENT_US500
2026-03-25T16:10:01,DAX,short,0.01,100.0,102.53,97.75,100.2,0.675,0.4895,0.5034,12345,SHORT_PULLBACK_ENTRY_DAX
2026-03-25T16:10:08,EURUSD,short,0.01,100.0,104.77,95.76,250.5,0.7348,0.7369,1.4526,12345,SHORT_PULLBACK_ENTRY_EURUSD
2026-03-25T16:10:09,NASDAQ:MSFT,short,0.01,100.0,102.66,97.64,250.5,0.675,0.6078,0.9601,12345,SHORT_PULLBACK_ENTRY_NASDAQ:MSFT
2026-03-25T16:26:08,BTCUSD,short,0.01,100.0,102.66,97.64,250.5,0.675,0.6078,0.9601,12345,SHORT_PULLBACK_ENTRY_BTCUSD
2026-03-25T16:26:09,NASDAQ:MSFT,short,0.01,100.0,102.66,97.64,250.5,0.675,0.6078,0.9601,12345,SHORT_PULLBACK_ENTRY_NASDAQ:MSFT
2026-03-25T16:27:36,US30,short,0.01,100.0,101.45,97.82,100.2,0.675,0.4895,0.5034,12345,SHORT_PULLBACK_ENTRY_US30
2026-03-25T16:27:37,USTEC,short,0.01,100.0,101.45,97.82,100.2,0.675,0.4895,0.5034,12345,SHORT_PULLBACK_ENTRY_USTEC
2026-03-25T16:27:37,US500,short,0.01,100.0,101.66,97.51,100.2,0.675,0.5193,0.5931,12345,SHORT_FULL_ALIGNMENT_US500
2026-03-25T16:27:38,USTEC,short,0.01,100.0,101.66,97.51,100.2,0.675,0.5193,0.5931,12345,SHORT_FULL_ALIGNMENT_USTEC
2026-03-25T16:27:39,USTEC,short,0.01,100.0,101.45,97.82,100.2,0.675,0.4895,0.5034,12345,SHORT_PULLBACK_ENTRY_USTEC
2026-03-25T16:27:39,US500,short,0.01,100.0,100.68,98.98,100.2,0.7348,0.6105,0.8915,12345,SHORT_FULL_ALIGNMENT_US500
2026-03-25T16:31:56,US500,short,0.01,100.0,101.45,97.82,100.2,0.675,0.4895,0.5034,12345,SCALP_SHORT_PULLBACK_ENTRY_US500
2026-03-25T16:31:56,US30,short,0.01,100.0,101.45,97.82,100.2,0.675,0.4895,0.5034,12345,SCALP_SHORT_PULLBACK_ENTRY_US30
2026-03-25T16:31:57,USTEC,short,0.01,100.0,101.69,97.46,100.2,0.6912,0.551,0.7052,12345,SCALP_SHORT_FULL_ALIGNMENT_USTEC
2026-03-25T16:31:57,DAX,short,0.01,100.0,101.54,97.69,100.2,0.675,0.4895,0.5034,12345,SCALP_SHORT_PULLBACK_ENTRY_DAX
2026-03-25T16:31:57,US500,short,0.01,100.0,101.66,97.51,100.2,0.675,0.5193,0.5931,12345,SCALP_SHORT_FULL_ALIGNMENT_US500
2026-03-25T16:31:58,DAX,short,0.01,100.0,101.66,97.51,100.2,0.675,0.5193,0.5931,12345,SCALP_SHORT_FULL_ALIGNMENT_DAX
2026-03-25T16:31:58,DAX,short,0.01,100.0,101.69,97.46,100.2,0.675,0.5193,0.5931,12345,SCALP_SHORT_FULL_ALIGNMENT_DAX
2026-03-25T16:31:59,US30,short,0.01,100.0,101.45,97.82,100.2,0.675,0.4895,0.5034,12345,SCALP_SHORT_PULLBACK_ENTRY_US30
2026-03-25T16:31:59,US500,short,0.01,100.0,100.91,98.64,100.2,0.675,0.525,0.6206,12345,SCALP_SHORT_FULL_ALIGNMENT_US500
2026-03-25T16:32:06,XAUUSD,short,0.01,100.0,102.66,97.64,250.5,0.675,0.6078,0.9601,12345,BALANCED_SHORT_PULLBACK_ENTRY_XAUUSD
2026-03-25T16:32:07,NASDAQ:MSFT,short,0.01,100.0,102.66,97.64,250.5,0.675,0.6078,0.9601,12345,BALANCED_SHORT_PULLBACK_ENTRY_NASDAQ:MSFT
2026-03-25T16:34:19,GBPUSD,short,0.01,100.0,100.89,98.67,100.2,0.7016,0.5908,0.8301,12345,SCALP_SHORT_PULLBACK_ENTRY_GBPUSD
2026-03-25T16:34:20,AUDUSD,short,0.01,100.0,101.66,97.51,100.2,0.675,0.5193,0.5931,12345,SCALP_SHORT_FULL_ALIGNMENT_AUDUSD
2026-03-25T16:34:21,XAUUSD,short,0.01,100.0,101.69,97.46,100.2,0.675,0.5193,0.5931,12345,SCALP_SHORT_FULL_ALIGNMENT_XAUUSD
2026-03-25T16:34:22,USTEC,short,0.01,100.0,101.45,97.82,100.2,0.675,0.4895,0.5034,12345,SCALP_SHORT_PULLBACK_ENTRY_USTEC
2026-03-25T16:34:22,EURUSD,short,0.01,100.0,101.66,97.51,100.2,0.675,0.5193,0.5931,12345,SCALP_SHORT_FULL_ALIGNMENT_EURUSD
2026-03-25T16:34:22,GBPUSD,short,0.01,100.0,101.61,97.59,100.2,0.675,0.5272,0.6278,12345,SCALP_SHORT_FULL_ALIGNMENT_GBPUSD
2026-03-25T16:34:23,USDJPY,short,0.01,100.0,101.69,97.46,100.2,0.675,0.5193,0.5931,12345,SCALP_SHORT_FULL_ALIGNMENT_USDJPY
2026-03-25T16:34:24,NZDUSD,short,0.01,100.0,100.81,98.79,100.2,0.7113,0.5907,0.8302,12345,SCALP_SHORT_PULLBACK_ENTRY_NZDUSD
2026-03-25T16:34:24,XAUUSD,short,0.01,100.0,100.85,98.72,100.2,0.6572,0.488,0.4932,12345,SCALP_SHORT_PULLBACK_ENTRY_XAUUSD
2026-03-25T16:34:24,EURJPY,short,0.01,100.0,101.45,97.82,100.2,0.675,0.4895,0.5034,12345,SCALP_SHORT_PULLBACK_ENTRY_EURJPY
2026-03-25T16:34:24,GBPJPY,short,0.01,100.0,101.45,97.82,100.2,0.675,0.4895,0.5034,12345,SCALP_SHORT_PULLBACK_ENTRY_GBPJPY
2026-03-25T16:34:24,DAX,short,0.01,100.0,101.45,97.82,100.2,0.675,0.4895,0.5034,12345,SCALP_SHORT_PULLBACK_ENTRY_DAX
2026-03-25T16:34:24,UK100,short,0.01,100.0,101.66,97.51,100.2,0.675,0.5193,0.5931,12345,SCALP_SHORT_FULL_ALIGNMENT_UK100
2026-03-25T16:34:25,EURUSD,short,0.01,100.0,101.45,97.82,100.2,0.675,0.4895,0.5034,12345,SCALP_SHORT_PULLBACK_ENTRY_EURUSD
2026-03-25T16:34:25,USDJPY,short,0.01,100.0,101.45,97.82,100.2,0.675,0.4895,0.5034,12345,SCALP_SHORT_PULLBACK_ENTRY_USDJPY
2026-03-25T16:34:26,USDCHF,short,0.01,100.0,101.45,97.82,100.2,0.675,0.516,0.5925,12345,SCALP_SHORT_PULLBACK_ENTRY_USDCHF
2026-03-25T16:34:26,USDCAD,short,0.01,100.0,101.45,97.82,100.2,0.675,0.516,0.5925,12345,SCALP_SHORT_PULLBACK_ENTRY_USDCAD
2026-03-25T16:34:26,NZDUSD,short,0.01,100.0,101.61,97.58,100.2,0.675,0.5272,0.6278,12345,SCALP_SHORT_FULL_ALIGNMENT_NZDUSD
2026-03-25T16:34:27,EURJPY,short,0.01,100.0,100.91,98.63,100.2,0.675,0.5161,0.593,12345,SCALP_SHORT_PULLBACK_ENTRY_EURJPY
2026-03-25T16:34:28,USTEC,short,0.01,100.0,101.66,97.51,100.2,0.675,0.5193,0.5931,12345,SCALP_SHORT_FULL_ALIGNMENT_USTEC
2026-03-25T16:34:28,GBPUSD,short,0.01,100.0,101.45,97.82,100.2,0.675,0.516,0.5925,12345,SCALP_SHORT_PULLBACK_ENTRY_GBPUSD
2026-03-25T16:34:28,USDJPY,short,0.01,100.0,101.45,97.82,100.2,0.675,0.4895,0.5034,12345,SCALP_SHORT_PULLBACK_ENTRY_USDJPY
2026-03-25T16:34:29,USDCAD,short,0.01,100.0,101.66,97.51,100.2,0.675,0.5193,0.5931,12345,SCALP_SHORT_FULL_ALIGNMENT_USDCAD
2026-03-25T16:34:29,EURJPY,short,0.01,100.0,101.45,97.82,100.2,0.675,0.4895,0.5034,12345,SCALP_SHORT_PULLBACK_ENTRY_EURJPY
2026-03-25T16:34:30,GBPJPY,short,0.01,100.0,100.89,98.67,100.2,0.675,0.5219,0.6071,12345,SCALP_SHORT_PULLBACK_ENTRY_GBPJPY
2026-03-25T16:34:30,US500,short,0.01,100.0,101.45,97.82,100.2,0.675,0.4895,0.5034,12345,SCALP_SHORT_PULLBACK_ENTRY_US500
2026-03-25T16:34:33,US30,short,0.01,100.0,101.45,97.82,100.2,0.675,0.4895,0.5034,12345,SCALP_SHORT_PULLBACK_ENTRY_US30
2026-03-25T16:34:33,USTEC,short,0.01,100.0,101.45,97.82,100.2,0.675,0.4895,0.5034,12345,SCALP_SHORT_PULLBACK_ENTRY_USTEC
2026-03-25T16:34:41,XAUUSD,short,0.01,100.0,102.66,97.64,250.5,0.675,0.6078,0.9601,12345,BALANCED_SHORT_PULLBACK_ENTRY_XAUUSD
2026-03-25T16:35:47,USDJPY,short,0.01,100.0,101.45,97.82,100.2,0.675,0.4895,0.5034,12345,SCALP_SHORT_PULLBACK_ENTRY_USDJPY
2026-03-25T16:35:47,USDCHF,short,0.01,100.0,101.66,97.51,100.2,0.675,0.5193,0.5931,12345,SCALP_SHORT_FULL_ALIGNMENT_USDCHF
2026-03-25T16:35:48,USDCAD,short,0.01,100.0,101.66,97.51,100.2,0.675,0.5193,0.5931,12345,SCALP_SHORT_FULL_ALIGNMENT_USDCAD
2026-03-25T16:35:49,GBPJPY,short,0.01,100.0,101.45,97.82,100.2,0.675,0.516,0.5925,12345,SCALP_SHORT_PULLBACK_ENTRY_GBPJPY
2026-03-25T16:35:49,US500,short,0.01,100.0,100.89,98.67,100.2,0.6923,0.5481,0.6963,12345,SCALP_SHORT_PULLBACK_ENTRY_US500
2026-03-25T16:35:49,USTEC,short,0.01,100.0,101.69,97.46,100.2,0.675,0.5193,0.5931,12345,SCALP_SHORT_FULL_ALIGNMENT_USTEC
2026-03-25T16:35:51,USDCHF,short,0.01,100.0,101.45,97.82,100.2,0.675,0.4895,0.5034,12345,SCALP_SHORT_PULLBACK_ENTRY_USDCHF
2026-03-25T16:35:52,GBPJPY,short,0.01,100.0,101.45,97.82,100.2,0.675,0.4895,0.5034,12345,SCALP_SHORT_PULLBACK_ENTRY_GBPJPY
2026-03-25T16:35:53,US30,short,0.01,100.0,101.45,97.82,100.2,0.675,0.4895,0.5034,12345,SCALP_SHORT_PULLBACK_ENTRY_US30
2026-03-25T16:35:53,US500,short,0.01,100.0,101.66,97.51,100.2,0.7072,0.5702,0.7663,12345,SCALP_SHORT_FULL_ALIGNMENT_US500
2026-03-25T16:35:53,USTEC,short,0.01,100.0,101.69,97.46,100.2,0.675,0.5193,0.5931,12345,SCALP_SHORT_FULL_ALIGNMENT_USTEC
2026-03-25T16:35:53,GBPUSD,short,0.01,100.0,101.69,97.46,100.2,0.675,0.5193,0.5931,12345,SCALP_SHORT_FULL_ALIGNMENT_GBPUSD
2026-03-25T16:35:54,USDJPY,short,0.01,100.0,101.45,97.82,100.2,0.675,0.4895,0.5034,12345,SCALP_SHORT_PULLBACK_ENTRY_USDJPY
2026-03-25T16:35:54,USDCHF,short,0.01,100.0,100.88,98.69,100.2,0.6923,0.5481,0.6962,12345,SCALP_SHORT_PULLBACK_ENTRY_USDCHF
2026-03-25T16:35:54,AUDUSD,short,0.01,100.0,100.89,98.67,100.2,0.6908,0.5487,0.698,12345,SCALP_SHORT_PULLBACK_ENTRY_AUDUSD
2026-03-25T16:35:54,USDCAD,short,0.01,100.0,101.66,97.51,100.2,0.675,0.5257,0.6183,12345,SCALP_SHORT_FULL_ALIGNMENT_USDCAD
2026-03-25T16:35:56,USDJPY,short,0.01,100.0,101.66,97.51,100.2,0.675,0.5193,0.5931,12345,SCALP_SHORT_FULL_ALIGNMENT_USDJPY
2026-03-25T16:35:57,USDCHF,short,0.01,100.0,101.45,97.82,100.2,0.675,0.4895,0.5034,12345,SCALP_SHORT_PULLBACK_ENTRY_USDCHF
2026-03-25T16:35:57,NZDUSD,short,0.01,100.0,101.45,97.82,100.2,0.675,0.4895,0.5034,12345,SCALP_SHORT_PULLBACK_ENTRY_NZDUSD
2026-03-25T16:35:57,EURJPY,short,0.01,100.0,101.66,97.51,100.2,0.675,0.5193,0.5931,12345,SCALP_SHORT_FULL_ALIGNMENT_EURJPY
2026-03-25T16:35:58,DAX,short,0.01,100.0,101.66,97.51,100.2,0.6912,0.551,0.7051,12345,SCALP_SHORT_FULL_ALIGNMENT_DAX
2026-03-25T16:35:58,UK100,short,0.01,100.0,101.1,98.35,100.2,0.7113,0.5908,0.8302,12345,SCALP_SHORT_PULLBACK_ENTRY_UK100
2026-03-25T16:35:58,US30,short,0.01,100.0,101.45,97.82,100.2,0.675,0.4895,0.5034,12345,SCALP_SHORT_PULLBACK_ENTRY_US30
2026-03-25T16:35:58,US500,short,0.01,100.0,101.66,97.51,100.2,0.6912,0.551,0.7051,12345,SCALP_SHORT_FULL_ALIGNMENT_US500
2026-03-25T16:35:58,USTEC,short,0.01,100.0,101.66,97.51,100.2,0.6912,0.551,0.7051,12345,SCALP_SHORT_FULL_ALIGNMENT_USTEC
2026-03-25T16:35:58,EURUSD,short,0.01,100.0,100.86,98.72,100.2,0.7113,0.5908,0.8302,12345,SCALP_SHORT_PULLBACK_ENTRY_EURUSD
2026-03-25T16:35:59,GBPUSD,short,0.01,100.0,101.66,97.51,100.2,0.675,0.5257,0.6184,12345,SCALP_SHORT_FULL_ALIGNMENT_GBPUSD
2026-03-25T16:35:59,AUDUSD,short,0.01,100.0,101.66,97.51,100.2,0.6912,0.551,0.7051,12345,SCALP_SHORT_FULL_ALIGNMENT_AUDUSD
2026-03-25T16:35:59,USDCAD,short,0.01,100.0,101.66,97.51,100.2,0.675,0.5193,0.5931,12345,SCALP_SHORT_FULL_ALIGNMENT_USDCAD
2026-03-25T16:35:59,NZDUSD,short,0.01,100.0,101.66,97.51,100.2,0.6912,0.551,0.7051,12345,SCALP_SHORT_FULL_ALIGNMENT_NZDUSD
2026-03-25T16:36:00,EURJPY,short,0.01,100.0,100.88,98.69,100.2,0.6923,0.5481,0.6962,12345,SCALP_SHORT_PULLBACK_ENTRY_EURJPY
2026-03-25T16:36:00,UK100,short,0.01,100.0,101.45,97.82,100.2,0.675,0.4895,0.5034,12345,SCALP_SHORT_PULLBACK_ENTRY_UK100
2026-03-25T16:36:00,US500,short,0.01,100.0,101.66,97.51,100.2,0.675,0.5193,0.5931,12345,SCALP_SHORT_FULL_ALIGNMENT_US500
2026-03-25T16:36:06,BTCUSD,short,0.01,100.0,102.49,97.79,250.5,0.675,0.6283,1.0492,12345,BALANCED_SHORT_PULLBACK_ENTRY_BTCUSD
2026-03-25T16:40:41,EURUSD,short,1.42,1.15727,1.15806,1.15608,97.49885,0.5015,0.4501,0.36,7902930576,SCALP_SHORT_PULLBACK_ENTRY_EURUSD
2026-03-25T16:40:44,GBPUSD,short,1.09,1.33719,1.33823,1.33564,97.49885,0.5057,0.4497,0.3589,7902931455,SCALP_SHORT_PULLBACK_ENTRY_GBPUSD
2026-03-25T16:40:47,USDJPY,long,2.29,159.078,159.0,159.196,97.49885,0.6448,0.4814,0.4616,7902932390,SCALP_LONG_FULL_ALIGNMENT_USDJPY
2026-03-25T16:40:49,USDCHF,long,1.52,0.79182,0.79123,0.7927,97.49885,0.5164,0.4485,0.3549,7902933024,SCALP_LONG_PULLBACK_ENTRY_USDCHF
2026-03-25T16:40:52,NZDUSD,short,1.91,0.5815,0.58209,0.58061,97.49885,0.5083,0.4438,0.3421,7902933968,SCALP_SHORT_PULLBACK_ENTRY_NZDUSD
2026-03-25T16:40:54,EURJPY,short,2.4,184.105,184.18,183.993,97.49885,0.6042,0.4397,0.322,7902934780,SCALP_SHORT_PULLBACK_ENTRY_EURJPY
2026-03-25T16:41:37,EURUSD,short,1.4,1.15692,1.15773,1.15571,97.57048,0.5048,0.4485,0.3552,7902948139,SCALP_SHORT_PULLBACK_ENTRY_EURUSD
2026-03-25T16:41:38,GBPUSD,short,1.08,1.33671,1.33776,1.33514,97.57048,0.5031,0.4496,0.3585,7902948604,SCALP_SHORT_PULLBACK_ENTRY_GBPUSD
2026-03-25T16:41:39,USDJPY,long,2.25,159.118,159.038,159.238,97.57048,0.6507,0.4852,0.4733,7902949149,SCALP_LONG_FULL_ALIGNMENT_USDJPY
2026-03-25T16:41:40,USDCHF,long,1.51,0.79198,0.79139,0.79287,97.57048,0.5182,0.4485,0.3549,7902949950,SCALP_LONG_PULLBACK_ENTRY_USDCHF
2026-03-25T16:41:43,USDCAD,long,2.65,1.38062,1.38003,1.3815,97.57048,0.7286,0.4699,0.4155,7902952008,SCALP_LONG_FULL_ALIGNMENT_USDCAD
2026-03-25T16:41:44,NZDUSD,short,1.89,0.58135,0.58195,0.58045,97.57048,0.5058,0.4475,0.3535,7902952555,SCALP_SHORT_PULLBACK_ENTRY_NZDUSD
2026-03-25T16:41:45,EURJPY,short,2.37,184.084,184.16,183.971,97.57048,0.6048,0.44,0.3229,7902953047,SCALP_SHORT_PULLBACK_ENTRY_EURJPY
2026-03-25T16:42:38,GBPUSD,short,1.07,1.3366,1.33765,1.33502,97.51044,0.5027,0.4496,0.3584,7902969322,SCALP_SHORT_PULLBACK_ENTRY_GBPUSD
2026-03-25T16:42:40,USDJPY,long,2.23,159.12,159.04,159.241,97.51044,0.651,0.4852,0.4733,7902969673,SCALP_LONG_FULL_ALIGNMENT_USDJPY
2026-03-25T16:42:40,USDCHF,long,1.49,0.79211,0.79151,0.79301,97.51044,0.5186,0.4485,0.3549,7902969922,SCALP_LONG_PULLBACK_ENTRY_USDCHF
2026-03-25T16:42:42,USDCAD,long,2.62,1.38064,1.38005,1.38153,97.51044,0.7291,0.4699,0.4155,7902970602,SCALP_LONG_FULL_ALIGNMENT_USDCAD
2026-03-25T16:42:43,NZDUSD,short,1.89,0.58133,0.58193,0.58043,97.51044,0.5056,0.4475,0.3535,7902970890,SCALP_SHORT_PULLBACK_ENTRY_NZDUSD
2026-03-25T16:42:45,EURJPY,short,2.34,184.06,184.137,183.945,97.51044,0.6066,0.44,0.3228,7902971324,SCALP_SHORT_PULLBACK_ENTRY_EURJPY
2026-03-25T16:43:38,GBPUSD,short,1.06,1.33648,1.33754,1.33489,97.52009,0.5017,0.4494,0.3577,7902990078,SCALP_SHORT_PULLBACK_ENTRY_GBPUSD
2026-03-25T16:43:39,USDJPY,long,2.21,159.131,159.05,159.253,97.52009,0.6527,0.4852,0.4734,7902990356,SCALP_LONG_FULL_ALIGNMENT_USDJPY
2026-03-25T16:43:40,USDCHF,long,1.47,0.79219,0.79158,0.7931,97.52009,0.5189,0.4485,0.3549,7902990531,SCALP_LONG_PULLBACK_ENTRY_USDCHF
2026-03-25T16:43:41,USDCAD,long,2.62,1.38067,1.38007,1.38156,97.52009,0.7294,0.4699,0.4155,7902990953,SCALP_LONG_FULL_ALIGNMENT_USDCAD
2026-03-25T16:43:42,NZDUSD,short,1.87,0.58128,0.58188,0.58038,97.52009,0.5049,0.4475,0.3534,7902991329,SCALP_SHORT_PULLBACK_ENTRY_NZDUSD
2026-03-25T16:43:43,EURJPY,short,2.31,184.05,184.128,183.933,97.52009,0.6091,0.44,0.3228,7902991916,SCALP_SHORT_PULLBACK_ENTRY_EURJPY
2026-03-25T16:44:38,EURUSD,short,1.36,1.1568,1.15763,1.15555,97.48484,0.5055,0.4485,0.3552,7903009783,SCALP_SHORT_PULLBACK_ENTRY_EURUSD
2026-03-25T16:44:39,GBPUSD,short,1.06,1.33673,1.33779,1.33514,97.48484,0.5032,0.4496,0.3585,7903010055,SCALP_SHORT_PULLBACK_ENTRY_GBPUSD
2026-03-25T16:44:40,USDJPY,long,2.21,159.119,159.038,159.241,97.48484,0.6507,0.4852,0.4733,7903010486,SCALP_LONG_FULL_ALIGNMENT_USDJPY
2026-03-25T16:44:40,USDCHF,long,1.47,0.79202,0.79141,0.79293,97.48484,0.5174,0.4485,0.3549,7903010653,SCALP_LONG_PULLBACK_ENTRY_USDCHF
2026-03-25T16:44:42,USDCAD,long,2.61,1.3806,1.38,1.38149,97.48484,0.7286,0.4699,0.4155,7903011020,SCALP_LONG_FULL_ALIGNMENT_USDCAD
2026-03-25T16:44:42,NZDUSD,short,1.87,0.58145,0.58205,0.58055,97.48484,0.5075,0.4476,0.3538,7903011155,SCALP_SHORT_PULLBACK_ENTRY_NZDUSD
2026-03-25T16:44:43,EURJPY,short,2.31,184.066,184.144,183.949,97.48484,0.6105,0.44,0.323,7903011384,SCALP_SHORT_PULLBACK_ENTRY_EURJPY
2026-03-25T16:45:39,EURUSD,short,1.44,1.15686,1.15764,1.15569,97.43026,0.5045,0.4484,0.355,7903026707,SCALP_SHORT_PULLBACK_ENTRY_EURUSD
2026-03-25T16:45:40,GBPUSD,short,1.13,1.3368,1.3378,1.3353,97.43026,0.5032,0.4496,0.3584,7903027179,SCALP_SHORT_PULLBACK_ENTRY_GBPUSD
2026-03-25T16:45:41,USDJPY,long,2.35,159.128,159.052,159.242,97.43026,0.6495,0.4853,0.4736,7903027585,SCALP_LONG_FULL_ALIGNMENT_USDJPY
2026-03-25T16:45:42,USDCHF,long,1.57,0.79215,0.79158,0.79301,97.43026,0.5174,0.4485,0.3551,7903027952,SCALP_LONG_PULLBACK_ENTRY_USDCHF
2026-03-25T16:45:44,USDCAD,long,2.79,1.38064,1.38008,1.38148,97.43026,0.728,0.4698,0.4151,7903028314,SCALP_LONG_FULL_ALIGNMENT_USDCAD
2026-03-25T16:45:45,NZDUSD,short,1.99,0.58149,0.58206,0.58064,97.43026,0.5065,0.4476,0.3536,7903028590,SCALP_SHORT_PULLBACK_ENTRY_NZDUSD
2026-03-25T16:45:46,EURJPY,short,2.44,184.078,184.152,183.968,97.43026,0.6101,0.44,0.3228,7903028891,SCALP_SHORT_PULLBACK_ENTRY_EURJPY
2026-03-25T16:46:39,GBPUSD,short,1.13,1.33682,1.33782,1.33532,97.41988,0.5034,0.4496,0.3584,7903043737,SCALP_SHORT_PULLBACK_ENTRY_GBPUSD
2026-03-25T16:46:39,USDJPY,long,2.33,159.143,159.066,159.259,97.41988,0.6528,0.4853,0.4738,7903043951,SCALP_LONG_FULL_ALIGNMENT_USDJPY
2026-03-25T16:46:40,USDCHF,long,1.56,0.79217,0.7916,0.79303,97.41988,0.5178,0.4486,0.3552,7903044191,SCALP_LONG_PULLBACK_ENTRY_USDCHF
2026-03-25T16:46:42,USDCAD,long,2.77,1.3807,1.38014,1.38154,97.41988,0.7292,0.4398,0.3247,7903044485,SCALP_LONG_PULLBACK_ENTRY_USDCAD
2026-03-25T16:46:42,NZDUSD,short,1.99,0.58151,0.58208,0.58066,97.41988,0.5067,0.4437,0.3418,7903044654,SCALP_SHORT_PULLBACK_ENTRY_NZDUSD
2026-03-25T16:46:44,EURJPY,short,2.41,184.093,184.168,183.981,97.41988,0.6115,0.4397,0.3219,7903044933,SCALP_SHORT_PULLBACK_ENTRY_EURJPY
2026-03-25T16:47:40,GBPUSD,short,1.12,1.33678,1.33778,1.33528,97.44243,0.5032,0.4496,0.3584,7903064310,SCALP_SHORT_PULLBACK_ENTRY_GBPUSD
2026-03-25T16:47:41,USDJPY,long,2.29,159.155,159.077,159.273,97.44243,0.6548,0.4846,0.4715,7903064617,SCALP_LONG_FULL_ALIGNMENT_USDJPY
2026-03-25T16:47:42,USDCHF,long,1.55,0.79215,0.79157,0.79301,97.44243,0.5177,0.4486,0.3552,7903064820,SCALP_LONG_PULLBACK_ENTRY_USDCHF
2026-03-25T16:47:44,USDCAD,long,2.75,1.38053,1.37996,1.38138,97.44243,0.7262,0.4698,0.4151,7903065320,SCALP_LONG_FULL_ALIGNMENT_USDCAD
2026-03-25T16:47:45,NZDUSD,short,1.98,0.5815,0.58207,0.58065,97.44243,0.5066,0.4476,0.3536,7903065478,SCALP_SHORT_PULLBACK_ENTRY_NZDUSD
2026-03-25T16:47:46,EURJPY,short,2.39,184.103,184.178,183.99,97.44243,0.6124,0.4397,0.322,7903066011,SCALP_SHORT_PULLBACK_ENTRY_EURJPY
2026-03-25T16:48:39,GBPUSD,short,1.12,1.33666,1.33767,1.33515,97.53244000000001,0.5022,0.4495,0.3582,7903079895,SCALP_SHORT_PULLBACK_ENTRY_GBPUSD
2026-03-25T16:48:39,USDJPY,long,2.28,159.169,159.09,159.287,97.53244000000001,0.6568,0.4846,0.4716,7903080133,SCALP_LONG_FULL_ALIGNMENT_USDJPY
2026-03-25T16:48:40,USDCHF,long,1.55,0.7922,0.79162,0.79307,97.53244000000001,0.5181,0.4486,0.3552,7903080352,SCALP_LONG_PULLBACK_ENTRY_USDCHF
2026-03-25T16:48:41,USDCAD,long,2.74,1.38075,1.38018,1.3816,97.53244000000001,0.7303,0.4398,0.3247,7903080750,SCALP_LONG_PULLBACK_ENTRY_USDCAD
2026-03-25T16:48:42,NZDUSD,short,1.98,0.58137,0.58194,0.58051,97.53244000000001,0.5048,0.4475,0.3533,7903081047,SCALP_SHORT_PULLBACK_ENTRY_NZDUSD
2026-03-25T16:48:44,EURJPY,short,2.39,184.095,184.17,183.982,97.53244000000001,0.6114,0.4397,0.3219,7903081307,SCALP_SHORT_PULLBACK_ENTRY_EURJPY
2026-03-25T16:49:40,GBPUSD,short,1.12,1.3367200000000001,1.33773,1.33521,97.48388000000001,0.5027,0.4496,0.3583,7903097859,SCALP_SHORT_PULLBACK_ENTRY_GBPUSD
2026-03-25T16:49:41,USDJPY,long,2.26,159.172,159.093,159.291,97.48388000000001,0.6573,0.4846,0.4716,7903098502,SCALP_LONG_FULL_ALIGNMENT_USDJPY
2026-03-25T16:49:42,USDCHF,long,1.54,0.79218,0.7916,0.79305,97.48388000000001,0.5177,0.4486,0.3552,7903098824,SCALP_LONG_PULLBACK_ENTRY_USDCHF
2026-03-25T16:49:44,USDCAD,long,2.74,1.38076,1.38019,1.38161,97.48388000000001,0.7301,0.4398,0.3247,7903099524,SCALP_LONG_PULLBACK_ENTRY_USDCAD
2026-03-25T16:49:45,NZDUSD,short,1.98,0.58148,0.58205,0.58062,97.48388000000001,0.5063,0.4476,0.3535,7903099695,SCALP_SHORT_PULLBACK_ENTRY_NZDUSD
2026-03-25T16:49:48,EURJPY,short,2.37,184.112,184.188,183.999,97.48388000000001,0.6136,0.4396,0.3217,7903100499,SCALP_SHORT_PULLBACK_ENTRY_EURJPY
2026-03-25T16:50:40,GBPUSD,short,1.11,1.33677,1.33778,1.33525,97.40293,0.5023,0.4496,0.3584,7903120770,SCALP_SHORT_PULLBACK_ENTRY_GBPUSD
2026-03-25T16:50:41,USDJPY,long,2.26,159.169,159.09,159.288,97.40293,0.6564,0.4845,0.4713,7903121072,SCALP_LONG_FULL_ALIGNMENT_USDJPY
2026-03-25T16:50:42,USDCHF,long,1.54,0.79203,0.79145,0.7929,97.40293,0.516,0.4485,0.3549,7903121418,SCALP_LONG_PULLBACK_ENTRY_USDCHF
2026-03-25T16:50:44,USDCAD,long,2.74,1.38067,1.3801,1.38152,97.40293,0.7291,0.4698,0.4152,7903121915,SCALP_LONG_FULL_ALIGNMENT_USDCAD
2026-03-25T16:50:45,NZDUSD,short,1.97,0.58145,0.58202,0.58059,97.40293,0.5069,0.4476,0.3537,7903122384,SCALP_SHORT_PULLBACK_ENTRY_NZDUSD
2026-03-25T16:50:47,EURJPY,short,2.34,184.115,184.192,184.0,97.40293,0.6138,0.4397,0.322,7903122975,SCALP_SHORT_PULLBACK_ENTRY_EURJPY
2026-03-25T16:51:39,GBPUSD,short,1.11,1.3368,1.33781,1.33528,97.40505999999999,0.5025,0.4496,0.3585,7903136139,SCALP_SHORT_PULLBACK_ENTRY_GBPUSD
2026-03-25T16:51:40,USDJPY,long,2.26,159.182,159.103,159.301,97.40505999999999,0.6584,0.4846,0.4715,7903136282,SCALP_LONG_FULL_ALIGNMENT_USDJPY
2026-03-25T16:51:41,USDCHF,long,1.53,0.79201,0.79143,0.79288,97.40505999999999,0.5158,0.4485,0.3549,7903136451,SCALP_LONG_PULLBACK_ENTRY_USDCHF
2026-03-25T16:51:43,USDCAD,long,2.74,1.38063,1.38006,1.38148,97.40505999999999,0.7279,0.4698,0.4152,7903136875,SCALP_LONG_FULL_ALIGNMENT_USDCAD
2026-03-25T16:51:44,NZDUSD,short,1.97,0.58148,0.58205,0.58062,97.40505999999999,0.5069,0.4476,0.3537,7903137089,SCALP_SHORT_PULLBACK_ENTRY_NZDUSD
2026-03-25T16:51:46,EURJPY,short,2.34,184.116,184.193,184.001,97.40505999999999,0.6139,0.4397,0.322,7903137562,SCALP_SHORT_PULLBACK_ENTRY_EURJPY
2026-03-25T16:52:39,EURUSD,short,1.4,1.15629,1.15709,1.15508,97.51901,0.5115,0.4474,0.3522,7903154019,SCALP_SHORT_PULLBACK_ENTRY_EURUSD
2026-03-25T16:52:41,GBPUSD,short,1.11,1.33656,1.33757,1.33504,97.51901,0.501,0.4494,0.3576,7903154483,SCALP_SHORT_PULLBACK_ENTRY_GBPUSD
2026-03-25T16:52:42,USDJPY,long,2.21,159.203,159.122,159.325,97.51901,0.661,0.4846,0.4717,7903154974,SCALP_LONG_FULL_ALIGNMENT_USDJPY
2026-03-25T16:52:43,USDCHF,long,1.53,0.79206,0.79148,0.79293,97.51901,0.5162,0.4485,0.3549,7903155258,SCALP_LONG_PULLBACK_ENTRY_USDCHF
2026-03-25T16:52:46,USDCAD,long,2.74,1.38076,1.38019,1.38161,97.51901,0.7303,0.4398,0.3249,7903156212,SCALP_LONG_PULLBACK_ENTRY_USDCAD
2026-03-25T16:52:47,NZDUSD,short,1.96,0.58131,0.58189,0.58045,97.51901,0.504,0.4474,0.3532,7903156700,SCALP_SHORT_PULLBACK_ENTRY_NZDUSD
2026-03-25T16:52:48,EURJPY,short,2.34,184.09,184.167,183.975,97.51901,0.6115,0.4398,0.3222,7903157472,SCALP_SHORT_PULLBACK_ENTRY_EURJPY
2026-03-25T16:53:39,EURUSD,short,1.4,1.15638,1.15719,1.15517,97.46803,0.5111,0.4474,0.3521,7903173916,SCALP_SHORT_PULLBACK_ENTRY_EURUSD
2026-03-25T16:53:40,GBPUSD,short,1.11,1.3366500000000001,1.33766,1.33513,97.46803,0.5016,0.4496,0.3583,7903174161,SCALP_SHORT_PULLBACK_ENTRY_GBPUSD
2026-03-25T16:53:40,USDJPY,long,2.21,159.202,159.121,159.324,97.46803,0.6608,0.4846,0.4716,7903174295,SCALP_LONG_FULL_ALIGNMENT_USDJPY
2026-03-25T16:53:41,USDCHF,long,1.52,0.792,0.79141,0.79288,97.46803,0.5155,0.4485,0.3549,7903174448,SCALP_LONG_PULLBACK_ENTRY_USDCHF
2026-03-25T16:53:42,USDCAD,long,2.74,1.38063,1.38006,1.38148,97.46803,0.7281,0.4698,0.4152,7903174760,SCALP_LONG_FULL_ALIGNMENT_USDCAD
2026-03-25T16:53:43,NZDUSD,short,1.95,0.58135,0.58193,0.58048,97.46803,0.5047,0.4475,0.3533,7903174886,SCALP_SHORT_PULLBACK_ENTRY_NZDUSD
2026-03-25T16:53:44,EURJPY,short,2.34,184.095,184.172,183.98,97.46803,0.612,0.4398,0.3222,7903175284,SCALP_SHORT_PULLBACK_ENTRY_EURJPY
2026-03-25T16:54:39,EURUSD,short,1.4,1.15635,1.15716,1.15514,97.43609000000001,0.5114,0.4474,0.3522,7903192906,SCALP_SHORT_PULLBACK_ENTRY_EURUSD
2026-03-25T16:54:40,GBPUSD,short,1.11,1.33667,1.33768,1.33515,97.43609000000001,0.5017,0.4496,0.3584,7903193185,SCALP_SHORT_PULLBACK_ENTRY_GBPUSD
2026-03-25T16:54:41,USDJPY,long,2.2,159.191,159.11,159.313,97.43609000000001,0.6593,0.4846,0.4715,7903193426,SCALP_LONG_FULL_ALIGNMENT_USDJPY
2026-03-25T16:54:42,USDCHF,long,1.52,0.79199,0.7914,0.79287,97.43609000000001,0.5154,0.4485,0.3549,7903193674,SCALP_LONG_PULLBACK_ENTRY_USDCHF
2026-03-25T16:54:44,USDCAD,long,2.74,1.38063,1.38006,1.38148,97.43609000000001,0.7283,0.4698,0.4152,7903194461,SCALP_LONG_FULL_ALIGNMENT_USDCAD
2026-03-25T16:54:45,NZDUSD,short,1.94,0.58124,0.58182,0.58037,97.43609000000001,0.5031,0.447,0.3519,7903194665,SCALP_SHORT_PULLBACK_ENTRY_NZDUSD
2026-03-25T16:54:47,EURJPY,short,2.34,184.079,184.156,183.964,97.43609000000001,0.6103,0.4401,0.3231,7903195268,SCALP_SHORT_PULLBACK_ENTRY_EURJPY
2026-03-25T16:55:40,EURUSD,short,1.38,1.15692,1.15774,1.15569,97.27394,0.507,0.4475,0.3524,7903218519,SCALP_SHORT_PULLBACK_ENTRY_EURUSD
2026-03-25T16:55:41,GBPUSD,short,1.08,1.33721,1.33825,1.33565,97.27394,0.5051,0.4493,0.3577,7903218711,SCALP_SHORT_PULLBACK_ENTRY_GBPUSD
2026-03-25T16:55:42,USDJPY,long,2.2,159.175,159.094,159.297,97.27394,0.6579,0.4845,0.4711,7903219004,SCALP_LONG_FULL_ALIGNMENT_USDJPY
2026-03-25T16:55:43,USDCHF,long,1.49,0.79183,0.79123,0.79273,97.27394,0.5143,0.4784,0.4453,7903219403,SCALP_LONG_FULL_ALIGNMENT_USDCHF
2026-03-25T16:55:44,NZDUSD,short,1.94,0.58135,0.58193,0.58048,97.27394,0.6084,0.4458,0.3467,7903220040,SCALP_SHORT_PULLBACK_ENTRY_NZDUSD
2026-03-25T16:55:45,EURJPY,short,2.3,184.149,184.227,184.032,97.27394,0.6183,0.44,0.323,7903220522,SCALP_SHORT_PULLBACK_ENTRY_EURJPY
2026-03-25T16:56:40,GBPUSD,short,1.08,1.3370199999999999,1.33806,1.33546,97.18717999999998,0.5037,0.4498,0.359,7903237231,SCALP_SHORT_PULLBACK_ENTRY_GBPUSD
2026-03-25T16:56:42,USDJPY,long,2.2,159.203,159.122,159.325,97.18717999999998,0.6619,0.4845,0.4713,7903237555,SCALP_LONG_FULL_ALIGNMENT_USDJPY
2026-03-25T16:56:43,USDCHF,long,1.49,0.79182,0.79122,0.79272,97.18717999999998,0.5143,0.4784,0.4454,7903237764,SCALP_LONG_FULL_ALIGNMENT_USDCHF
2026-03-25T16:56:44,USDCAD,long,2.58,1.3799299999999999,1.37933,1.38083,97.18717999999998,0.7179,0.4701,0.4163,7903238121,SCALP_LONG_FULL_ALIGNMENT_USDCAD
2026-03-25T16:56:45,NZDUSD,short,1.94,0.58145,0.58203,0.58058,97.18717999999998,0.6103,0.4459,0.347,7903238306,SCALP_SHORT_PULLBACK_ENTRY_NZDUSD
2026-03-25T16:56:47,EURJPY,short,2.26,184.168,184.247,184.049,97.18717999999998,0.6199,0.4401,0.3233,7903238618,SCALP_SHORT_PULLBACK_ENTRY_EURJPY
2026-03-25T16:57:40,GBPUSD,short,1.08,1.33709,1.33813,1.33553,97.2983,0.5041,0.4498,0.3591,7903256048,SCALP_SHORT_PULLBACK_ENTRY_GBPUSD
2026-03-25T16:57:41,USDJPY,long,2.15,159.235,159.152,159.36,97.2983,0.6657,0.4849,0.4726,7903256188,SCALP_LONG_FULL_ALIGNMENT_USDJPY
2026-03-25T16:57:41,USDCHF,long,1.47,0.7916,0.79099,0.79251,97.2983,0.5128,0.4785,0.4454,7903256383,SCALP_LONG_FULL_ALIGNMENT_USDCHF
2026-03-25T16:57:42,CHFJPY,long,0.92,201.165,200.774,202.708,194.5338,0.6631,0.4795,0.4879,7903256498,LONG_PULLBACK_ENTRY_CHFJPY
2026-03-25T16:57:43,USDCAD,long,2.58,1.37989,1.37929,1.38079,97.2983,0.7172,0.4701,0.4163,7903256666,SCALP_LONG_FULL_ALIGNMENT_USDCAD
2026-03-25T16:57:44,NZDUSD,short,1.94,0.58134,0.58192,0.58047,97.2983,0.6088,0.4458,0.3468,7903256841,SCALP_SHORT_PULLBACK_ENTRY_NZDUSD
2026-03-25T16:57:45,EURJPY,short,2.19,184.179,184.261,184.056,97.2983,0.6215,0.4398,0.3225,7903257203,SCALP_SHORT_PULLBACK_ENTRY_EURJPY
2026-03-25T16:58:40,EURUSD,short,1.37,1.15683,1.15765,1.1556,97.23089,0.5077,0.4475,0.3524,7903274333,SCALP_SHORT_PULLBACK_ENTRY_EURUSD
2026-03-25T16:58:41,GBPUSD,short,1.08,1.3372,1.33824,1.33564,97.23089,0.5048,0.4493,0.3577,7903274683,SCALP_SHORT_PULLBACK_ENTRY_GBPUSD
2026-03-25T16:58:42,USDJPY,long,2.15,159.223,159.14,159.348,97.23089,0.6642,0.4846,0.4715,7903274823,SCALP_LONG_FULL_ALIGNMENT_USDJPY
2026-03-25T16:58:42,USDCHF,long,1.47,0.79173,0.79112,0.79264,97.23089,0.5134,0.4784,0.4453,7903275052,SCALP_LONG_FULL_ALIGNMENT_USDCHF
2026-03-25T16:58:43,USDCAD,long,2.57,1.3799299999999999,1.37933,1.38083,97.23089,0.7174,0.4701,0.4163,7903275307,SCALP_LONG_FULL_ALIGNMENT_USDCAD
2026-03-25T16:58:44,NZDUSD,short,1.94,0.58135,0.58193,0.58048,97.23089,0.609,0.4458,0.3468,7903275525,SCALP_SHORT_PULLBACK_ENTRY_NZDUSD
2026-03-25T16:58:45,EURJPY,short,2.19,184.196,184.278,184.073,97.23089,0.6226,0.4399,0.3227,7903275854,SCALP_SHORT_PULLBACK_ENTRY_EURJPY
2026-03-25T16:59:40,EURUSD,short,1.37,1.15702,1.15784,1.15579,97.08381,0.5062,0.4479,0.3537,7903292019,SCALP_SHORT_PULLBACK_ENTRY_EURUSD
2026-03-25T16:59:41,GBPUSD,short,1.08,1.33715,1.33819,1.33559,97.08381,0.5045,0.4498,0.3591,7903292152,SCALP_SHORT_PULLBACK_ENTRY_GBPUSD
2026-03-25T16:59:41,USDJPY,long,2.15,159.209,159.126,159.334,97.08381,0.6624,0.4846,0.4714,7903292264,SCALP_LONG_FULL_ALIGNMENT_USDJPY
2026-03-25T16:59:42,USDCHF,long,1.46,0.7918,0.79119,0.79271,97.08381,0.5139,0.4784,0.4454,7903292404,SCALP_LONG_FULL_ALIGNMENT_USDCHF
2026-03-25T16:59:43,USDCAD,long,2.56,1.3798599999999999,1.37926,1.38077,97.08381,0.7167,0.4701,0.4163,7903292604,SCALP_LONG_FULL_ALIGNMENT_USDCAD
2026-03-25T16:59:44,NZDUSD,short,1.93,0.58136,0.58194,0.58049,97.08381,0.6091,0.4458,0.3469,7903292692,SCALP_SHORT_PULLBACK_ENTRY_NZDUSD
2026-03-25T16:59:45,EURJPY,short,2.18,184.198,184.28,184.075,97.08381,0.6228,0.4399,0.3227,7903292875,SCALP_SHORT_PULLBACK_ENTRY_EURJPY
2026-03-25T17:00:41,EURUSD,short,1.45,1.1571,1.15787,1.15594,97.05466,0.5078,0.4487,0.356,7903311524,SCALP_SHORT_PULLBACK_ENTRY_EURUSD
2026-03-25T17:00:43,GBPUSD,short,1.15,1.33711,1.33808,1.33565,97.05466,0.4932,0.4472,0.3512,7903312115,SCALP_SHORT_PULLBACK_ENTRY_GBPUSD
2026-03-25T17:00:44,USDJPY,long,2.27,159.191,159.112,159.309,97.05466,0.6532,0.4842,0.4703,7903312383,SCALP_LONG_FULL_ALIGNMENT_USDJPY
2026-03-25T17:00:46,USDCHF,long,1.55,0.79173,0.79116,0.79259,97.05466,0.5295,0.4785,0.4458,7903312664,SCALP_LONG_FULL_ALIGNMENT_USDCHF
2026-03-25T17:00:47,AUDUSD,long,1.5,0.69618,0.69543,0.6973,97.05466,0.5151,0.4642,0.3968,7903313112,SCALP_LONG_FULL_ALIGNMENT_AUDUSD
2026-03-25T17:00:48,USDCAD,long,2.7,1.37985,1.37928,1.38071,97.05466,0.7084,0.4707,0.418,7903313321,SCALP_LONG_FULL_ALIGNMENT_USDCAD
2026-03-25T17:00:49,NZDUSD,short,2.05,0.58142,0.58197,0.5806,97.05466,0.616,0.4407,0.3314,7903313660,SCALP_SHORT_PULLBACK_ENTRY_NZDUSD
2026-03-25T17:00:51,XAUUSD,long,0.72,4562.98,4549.57,4583.09,97.05466,0.5685,0.5021,0.5115,7903314591,SCALP_LONG_FULL_ALIGNMENT_XAUUSD
2026-03-25T17:01:41,EURUSD,short,1.45,1.15714,1.15791,1.15598,96.90413000000001,0.5089,0.4487,0.3562,7903330084,SCALP_SHORT_PULLBACK_ENTRY_EURUSD
2026-03-25T17:01:41,GBPUSD,short,1.15,1.33719,1.33817,1.33572,96.90413000000001,0.5019,0.4471,0.3509,7903330447,SCALP_SHORT_PULLBACK_ENTRY_GBPUSD
2026-03-25T17:01:42,USDJPY,long,2.25,159.18,159.101,159.299,96.90413000000001,0.6534,0.4843,0.4704,7903330882,SCALP_LONG_FULL_ALIGNMENT_USDJPY
2026-03-25T17:01:43,USDCHF,long,1.55,0.79172,0.79115,0.79258,96.90413000000001,0.5272,0.4785,0.4455,7903331143,SCALP_LONG_FULL_ALIGNMENT_USDCHF
2026-03-25T17:01:44,AUDUSD,long,1.5,0.69627,0.69552,0.69739,96.90413000000001,0.5054,0.4641,0.3965,7903331494,SCALP_LONG_FULL_ALIGNMENT_AUDUSD
2026-03-25T17:01:45,USDCAD,long,2.68,1.37992,1.37934,1.38079,96.90413000000001,0.7171,0.4707,0.4182,7903331767,SCALP_LONG_FULL_ALIGNMENT_USDCAD
2026-03-25T17:01:45,NZDUSD,short,2.04,0.58148,0.58203,0.58065,96.90413000000001,0.6193,0.4407,0.3314,7903332114,SCALP_SHORT_PULLBACK_ENTRY_NZDUSD
2026-03-25T17:01:46,XAUUSD,long,0.72,4564.04,4550.53,4584.31,96.90413000000001,0.5674,0.5021,0.5115,7903332435,SCALP_LONG_FULL_ALIGNMENT_XAUUSD
2026-03-25T17:01:47,EURJPY,short,2.29,184.183,184.261,184.066,96.90413000000001,0.6115,0.44,0.323,7903332841,SCALP_SHORT_PULLBACK_ENTRY_EURJPY
2026-03-25T17:02:43,EURUSD,short,1.43,1.15699,1.15777,1.15582,96.75682,0.5163,0.4489,0.3567,7903352668,SCALP_SHORT_PULLBACK_ENTRY_EURUSD
2026-03-25T17:02:44,GBPUSD,short,1.13,1.33694,1.33793,1.33546,96.75682,0.4913,0.4494,0.3579,7903353420,SCALP_SHORT_PULLBACK_ENTRY_GBPUSD
2026-03-25T17:02:46,USDJPY,long,2.17,159.146,159.064,159.269,96.75682,0.654,0.4807,0.4597,7903354070,SCALP_LONG_FULL_ALIGNMENT_USDJPY
2026-03-25T17:02:47,USDCHF,long,1.52,0.7918,0.79122,0.79267,96.75682,0.5356,0.4787,0.4462,7903354509,SCALP_LONG_FULL_ALIGNMENT_USDCHF
2026-03-25T17:02:48,AUDUSD,long,1.47,0.69602,0.69526,0.69716,96.75682,0.5239,0.4643,0.3971,7903354822,SCALP_LONG_FULL_ALIGNMENT_AUDUSD
2026-03-25T17:02:48,USDCAD,long,2.62,1.38013,1.37954,1.38102,96.75682,0.7293,0.4744,0.4293,7903355074,SCALP_LONG_FULL_ALIGNMENT_USDCAD
2026-03-25T17:02:50,NZDUSD,short,2.01,0.58138,0.58194,0.58055,96.75682,0.6069,0.4445,0.3427,7903355435,SCALP_SHORT_PULLBACK_ENTRY_NZDUSD
2026-03-25T17:02:52,EURJPY,short,2.18,184.115,184.197,183.992,96.75682,0.6211,0.4398,0.3224,7903355960,SCALP_SHORT_PULLBACK_ENTRY_EURJPY
2026-03-25T17:03:39,USDCHF,short,0.01,100.0,104.24,93.65,100.2,0.675,0.5287,0.6309,12345,SCALP_SHORT_FULL_ALIGNMENT_USDCHF
2026-03-25T17:03:42,US30,short,0.01,100.0,104.24,93.65,100.2,0.675,0.5194,0.5931,12345,SCALP_SHORT_FULL_ALIGNMENT_US30
2026-03-25T17:03:42,USTEC,short,0.01,100.0,104.15,93.77,100.2,0.675,0.5194,0.5932,12345,SCALP_SHORT_FULL_ALIGNMENT_USTEC
2026-03-25T17:03:43,EURUSD,short,0.01,100.0,104.02,93.96,100.2,0.675,0.5272,0.6278,12345,SCALP_SHORT_FULL_ALIGNMENT_EURUSD
2026-03-25T17:03:43,EURUSD,short,1.41,1.1568,1.15759,1.15561,96.75958,0.5232,0.4489,0.3569,7903371287,SCALP_SHORT_PULLBACK_ENTRY_EURUSD
2026-03-25T17:03:44,AUDUSD,short,0.01,100.0,103.63,94.55,100.2,0.675,0.4895,0.5035,12345,SCALP_SHORT_PULLBACK_ENTRY_AUDUSD
2026-03-25T17:03:44,USDCAD,short,0.01,100.0,104.15,93.77,100.2,0.675,0.5194,0.5932,12345,SCALP_SHORT_FULL_ALIGNMENT_USDCAD
2026-03-25T17:03:44,GBPUSD,short,1.13,1.3369900000000001,1.33798,1.33551,96.75958,0.4905,0.4494,0.3579,7903371879,SCALP_SHORT_PULLBACK_ENTRY_GBPUSD
2026-03-25T17:03:45,EURJPY,short,0.01,100.0,104.15,93.77,100.2,0.675,0.5194,0.5932,12345,SCALP_SHORT_FULL_ALIGNMENT_EURJPY
2026-03-25T17:03:45,GBPJPY,short,0.01,100.0,103.63,94.55,100.2,0.675,0.4895,0.5035,12345,SCALP_SHORT_PULLBACK_ENTRY_GBPJPY
2026-03-25T17:03:45,US30,short,0.01,100.0,104.15,93.77,100.2,0.7072,0.5696,0.7645,12345,SCALP_SHORT_FULL_ALIGNMENT_US30
2026-03-25T17:03:46,USDJPY,long,2.17,159.14,159.058,159.263,96.75958,0.6528,0.4807,0.4597,7903372163,SCALP_LONG_FULL_ALIGNMENT_USDJPY
2026-03-25T17:03:46,EURUSD,short,0.01,100.0,104.15,93.77,100.2,0.675,0.5194,0.5932,12345,SCALP_SHORT_FULL_ALIGNMENT_EURUSD
2026-03-25T17:03:46,GBPUSD,short,0.01,100.0,104.15,93.77,100.2,0.7072,0.5696,0.7645,12345,SCALP_SHORT_FULL_ALIGNMENT_GBPUSD
2026-03-25T17:03:46,USDCHF,short,0.01,100.0,102.28,96.58,100.2,0.675,0.5161,0.5928,12345,SCALP_SHORT_PULLBACK_ENTRY_USDCHF
2026-03-25T17:03:47,AUDUSD,short,0.01,100.0,103.63,94.55,100.2,0.675,0.4895,0.5035,12345,SCALP_SHORT_PULLBACK_ENTRY_AUDUSD
2026-03-25T17:03:47,USDCHF,long,1.52,0.79179,0.79121,0.79266,96.75958,0.5321,0.4786,0.4459,7903372380,SCALP_LONG_FULL_ALIGNMENT_USDCHF
2026-03-25T17:03:47,EURJPY,short,0.01,100.0,104.15,93.77,100.2,0.675,0.5194,0.5932,12345,SCALP_SHORT_FULL_ALIGNMENT_EURJPY
2026-03-25T17:03:48,GBPJPY,short,0.01,100.0,103.63,94.55,100.2,0.675,0.4895,0.5035,12345,SCALP_SHORT_PULLBACK_ENTRY_GBPJPY
2026-03-25T17:03:48,UK100,short,0.01,100.0,104.15,93.77,100.2,0.675,0.5194,0.5932,12345,SCALP_SHORT_FULL_ALIGNMENT_UK100
2026-03-25T17:03:48,US30,short,0.01,100.0,104.15,93.77,100.2,0.6912,0.551,0.7051,12345,SCALP_SHORT_FULL_ALIGNMENT_US30
2026-03-25T17:03:48,USTEC,short,0.01,100.0,103.63,94.55,100.2,0.675,0.4895,0.5035,12345,SCALP_SHORT_PULLBACK_ENTRY_USTEC
2026-03-25T17:03:48,USDCAD,long,2.62,1.38004,1.37945,1.38093,96.75958,0.7243,0.4744,0.4293,7903372825,SCALP_LONG_FULL_ALIGNMENT_USDCAD
2026-03-25T17:03:49,GBPUSD,short,0.01,100.0,103.63,94.55,100.2,0.675,0.4918,0.5145,12345,SCALP_SHORT_PULLBACK_ENTRY_GBPUSD
2026-03-25T17:03:49,USDJPY,short,0.01,100.0,104.24,93.65,100.2,0.675,0.5194,0.5931,12345,SCALP_SHORT_FULL_ALIGNMENT_USDJPY
2026-03-25T17:03:49,AUDUSD,short,0.01,100.0,103.63,94.55,100.2,0.675,0.4895,0.5035,12345,SCALP_SHORT_PULLBACK_ENTRY_AUDUSD
2026-03-25T17:03:49,NZDUSD,short,2.01,0.58139,0.58195,0.58056,96.75958,0.6061,0.4445,0.3427,7903373033,SCALP_SHORT_PULLBACK_ENTRY_NZDUSD
2026-03-25T17:03:49,USDCAD,short,0.01,100.0,104.15,93.77,100.2,0.675,0.5265,0.6207,12345,SCALP_SHORT_FULL_ALIGNMENT_USDCAD
2026-03-25T17:03:50,XAUUSD,short,0.01,100.0,104.15,93.77,100.2,0.675,0.5194,0.5932,12345,SCALP_SHORT_FULL_ALIGNMENT_XAUUSD
2026-03-25T17:03:50,UK100,short,0.01,100.0,104.15,93.77,100.2,0.675,0.5194,0.5932,12345,SCALP_SHORT_FULL_ALIGNMENT_UK100
2026-03-25T17:03:51,EURJPY,short,2.14,184.092,184.175,183.967,96.75958,0.6228,0.4401,0.3233,7903373323,SCALP_SHORT_PULLBACK_ENTRY_EURJPY
2026-03-25T17:03:51,US500,short,0.01,100.0,103.63,94.55,100.2,0.675,0.5159,0.5923,12345,SCALP_SHORT_PULLBACK_ENTRY_US500
2026-03-25T17:03:52,USDJPY,short,0.01,100.0,103.63,94.55,100.2,0.675,0.4895,0.5035,12345,SCALP_SHORT_PULLBACK_ENTRY_USDJPY
2026-03-25T17:03:52,NZDUSD,short,0.01,100.0,102.28,96.58,100.2,0.675,0.5161,0.5928,12345,SCALP_SHORT_PULLBACK_ENTRY_NZDUSD
2026-03-25T17:03:54,USTEC,short,0.01,100.0,103.63,94.55,100.2,0.675,0.4895,0.5035,12345,SCALP_SHORT_PULLBACK_ENTRY_USTEC
2026-03-25T17:04:42,GBPUSD,short,1.12,1.33708,1.33808,1.33559,96.7774,0.4943,0.4472,0.3513,7903390542,SCALP_SHORT_PULLBACK_ENTRY_GBPUSD
2026-03-25T17:04:43,USDJPY,long,2.17,159.142,159.06,159.265,96.7774,0.6522,0.4807,0.4596,7903390815,SCALP_LONG_FULL_ALIGNMENT_USDJPY
2026-03-25T17:04:44,USDCHF,long,1.52,0.79185,0.79127,0.79273,96.7774,0.5355,0.4787,0.4462,7903391010,SCALP_LONG_FULL_ALIGNMENT_USDCHF
2026-03-25T17:04:46,USDCAD,long,2.62,1.38008,1.37949,1.38097,96.7774,0.7271,0.4744,0.4293,7903391511,SCALP_LONG_FULL_ALIGNMENT_USDCAD
2026-03-25T17:04:47,NZDUSD,short,2.01,0.58141,0.58197,0.58057,96.7774,0.6082,0.4406,0.3311,7903391698,SCALP_SHORT_PULLBACK_ENTRY_NZDUSD
2026-03-25T17:04:49,EURJPY,short,2.13,184.084,184.168,183.958,96.7774,0.6219,0.4401,0.3232,7903392219,SCALP_SHORT_PULLBACK_ENTRY_EURJPY
2026-03-25T17:06:10,EURUSD,short,0.54,1.15634,1.15841,1.15324,96.85392,0.5296,0.4481,0.3543,7903427823,SCALP_SHORT_PULLBACK_ENTRY_EURUSD
2026-03-25T17:06:12,GBPUSD,short,0.44,1.33679,1.33933,1.33299,96.85392,0.4929,0.4495,0.3582,7903429129,SCALP_SHORT_PULLBACK_ENTRY_GBPUSD
2026-03-25T17:06:14,USDJPY,long,0.87,159.204,158.999,159.512,96.85392,0.6725,0.4847,0.4721,7903430207,SCALP_LONG_FULL_ALIGNMENT_USDJPY
2026-03-25T17:06:17,USDCHF,long,0.59,0.79206,0.79057,0.7943,96.85392,0.5413,0.4492,0.3571,7903431066,SCALP_LONG_PULLBACK_ENTRY_USDCHF
2026-03-25T17:06:30,USDCAD,long,1.04,1.38012,1.37863,1.38235,96.85392,0.7249,0.4744,0.4294,7903433916,SCALP_LONG_FULL_ALIGNMENT_USDCAD
2026-03-25T17:06:35,NZDUSD,short,0.79,0.58125,0.58268,0.57911,96.85392,0.6006,0.4443,0.3423,7903436170,SCALP_SHORT_PULLBACK_ENTRY_NZDUSD
2026-03-25T17:06:39,EURJPY,short,0.85,184.093,184.303,183.778,96.85392,0.6197,0.4401,0.3232,7903437356,SCALP_SHORT_PULLBACK_ENTRY_EURJPY
2026-03-25T17:07:10,EURUSD,short,0.54,1.15626,1.15833,1.15316,96.86694000000001,0.5303,0.4481,0.3544,7903447555,SCALP_SHORT_PULLBACK_ENTRY_EURUSD
2026-03-25T17:07:12,GBPUSD,short,0.44,1.33681,1.33935,1.33301,96.86694000000001,0.4936,0.4495,0.3583,7903447986,SCALP_SHORT_PULLBACK_ENTRY_GBPUSD
2026-03-25T17:07:13,USDJPY,long,0.86,159.202,158.994,159.514,96.86694000000001,0.6725,0.4847,0.4721,7903448606,SCALP_LONG_FULL_ALIGNMENT_USDJPY
2026-03-25T17:07:15,USDCHF,long,0.59,0.79207,0.79057,0.79432,96.86694000000001,0.5416,0.4792,0.4478,7903449316,SCALP_LONG_FULL_ALIGNMENT_USDCHF
2026-03-25T17:07:16,USDCAD,long,1.04,1.3799299999999999,1.37844,1.38216,96.86694000000001,0.7182,0.4708,0.4184,7903449806,SCALP_LONG_FULL_ALIGNMENT_USDCAD
2026-03-25T17:07:18,NZDUSD,short,0.79,0.58129,0.58272,0.57915,96.86694000000001,0.6032,0.4444,0.3426,7903450153,SCALP_SHORT_PULLBACK_ENTRY_NZDUSD
2026-03-25T17:07:19,EURJPY,short,0.85,184.09,184.3,183.775,96.86694000000001,0.6201,0.4401,0.3232,7903450937,SCALP_SHORT_PULLBACK_ENTRY_EURJPY
2026-03-25T17:07:20,EURUSD,short,0.01,100.0,104.15,93.62,100.2,0.6912,0.551,0.7051,12345,SCALP_SHORT_FULL_ALIGNMENT_EURUSD
2026-03-25T17:07:21,USDJPY,short,0.01,100.0,103.78,92.65,100.2,0.675,0.4895,0.5035,12345,SCALP_SHORT_PULLBACK_ENTRY_USDJPY
2026-03-25T17:07:21,USDCHF,short,0.01,100.0,104.71,91.64,100.2,0.6381,0.5351,0.6346,12345,SCALP_SHORT_FULL_ALIGNMENT_USDCHF
2026-03-25T17:07:21,NZDUSD,short,0.01,100.0,104.26,92.47,100.2,0.675,0.5272,0.6278,12345,SCALP_SHORT_FULL_ALIGNMENT_NZDUSD
2026-03-25T17:07:21,GBPJPY,short,0.01,100.0,102.35,97.18,100.2,0.675,0.524,0.616,12345,SCALP_SHORT_PULLBACK_ENTRY_GBPJPY
2026-03-25T17:07:22,DAX,short,0.01,100.0,104.71,91.64,100.2,0.675,0.5287,0.6309,12345,SCALP_SHORT_FULL_ALIGNMENT_DAX
2026-03-25T17:07:23,USDJPY,short,0.01,100.0,103.78,92.65,100.2,0.675,0.4895,0.5035,12345,SCALP_SHORT_PULLBACK_ENTRY_USDJPY
2026-03-25T17:07:23,USDCHF,short,0.01,100.0,102.35,97.18,100.2,0.675,0.5176,0.591,12345,SCALP_SHORT_PULLBACK_ENTRY_USDCHF
2026-03-25T17:07:24,USDCAD,short,0.01,100.0,104.15,93.62,100.2,0.6912,0.551,0.7051,12345,SCALP_SHORT_FULL_ALIGNMENT_USDCAD
2026-03-25T17:07:24,NZDUSD,short,0.01,100.0,104.15,93.62,100.2,0.675,0.5194,0.5932,12345,SCALP_SHORT_FULL_ALIGNMENT_NZDUSD
2026-03-25T17:07:24,XAUUSD,short,0.01,100.0,102.33,97.21,100.2,0.6908,0.5487,0.6981,12345,SCALP_SHORT_PULLBACK_ENTRY_XAUUSD
2026-03-25T17:07:24,UK100,short,0.01,100.0,102.25,97.3,100.2,0.675,0.4909,0.5097,12345,SCALP_SHORT_PULLBACK_ENTRY_UK100
2026-03-25T17:07:24,US30,short,0.01,100.0,104.15,93.83,100.2,0.675,0.5265,0.6207,12345,SCALP_SHORT_FULL_ALIGNMENT_US30
2026-03-25T17:07:25,GBPUSD,short,0.01,100.0,103.78,92.65,100.2,0.675,0.4895,0.5035,12345,SCALP_SHORT_PULLBACK_ENTRY_GBPUSD
2026-03-25T17:07:26,USDCAD,short,0.01,100.0,101.71,97.95,100.2,0.7348,0.6109,0.8928,12345,SCALP_SHORT_FULL_ALIGNMENT_USDCAD
2026-03-25T17:07:26,NZDUSD,short,0.01,100.0,104.15,93.62,100.2,0.7072,0.5696,0.7645,12345,SCALP_SHORT_FULL_ALIGNMENT_NZDUSD
2026-03-25T17:07:27,GBPJPY,short,0.01,100.0,104.15,93.62,100.2,0.675,0.5194,0.5932,12345,SCALP_SHORT_FULL_ALIGNMENT_GBPJPY
2026-03-25T17:07:27,UK100,short,0.01,100.0,104.15,93.83,100.2,0.675,0.5265,0.6207,12345,SCALP_SHORT_FULL_ALIGNMENT_UK100
2026-03-25T17:07:27,US30,short,0.01,100.0,104.15,93.62,100.2,0.675,0.5194,0.5932,12345,SCALP_SHORT_FULL_ALIGNMENT_US30
2026-03-25T17:07:28,USDJPY,short,0.01,100.0,103.78,92.65,100.2,0.675,0.4895,0.5035,12345,SCALP_SHORT_PULLBACK_ENTRY_USDJPY
2026-03-25T17:07:29,AUDUSD,short,0.01,100.0,103.78,92.65,100.2,0.675,0.4895,0.5035,12345,SCALP_SHORT_PULLBACK_ENTRY_AUDUSD
2026-03-25T17:07:29,USDCAD,short,0.01,100.0,103.78,92.65,100.2,0.675,0.4895,0.5035,12345,SCALP_SHORT_PULLBACK_ENTRY_USDCAD
2026-03-25T17:07:29,EURJPY,short,0.01,100.0,102.38,96.03,100.2,0.675,0.4911,0.5108,12345,SCALP_SHORT_PULLBACK_ENTRY_EURJPY
2026-03-25T17:07:30,US30,short,0.01,100.0,104.15,93.62,100.2,0.675,0.5194,0.5932,12345,SCALP_SHORT_FULL_ALIGNMENT_US30
2026-03-25T17:07:32,NZDUSD,short,0.01,100.0,104.15,93.83,100.2,0.675,0.5265,0.6207,12345,SCALP_SHORT_FULL_ALIGNMENT_NZDUSD
2026-03-25T17:07:32,XAUUSD,short,0.01,100.0,103.78,92.65,100.2,0.675,0.4895,0.5035,12345,SCALP_SHORT_PULLBACK_ENTRY_XAUUSD
2026-03-25T17:07:32,EURJPY,short,0.01,100.0,104.15,93.62,100.2,0.675,0.5194,0.5932,12345,SCALP_SHORT_FULL_ALIGNMENT_EURJPY
2026-03-25T17:08:11,EURUSD,short,0.53,1.15576,1.15787,1.15259,96.93923000000001,0.5358,0.4482,0.3547,7903467895,SCALP_SHORT_PULLBACK_ENTRY_EURUSD
2026-03-25T17:08:13,GBPUSD,short,0.44,1.33637,1.33893,1.33253,96.93923000000001,0.5002,0.4491,0.3571,7903468389,SCALP_SHORT_PULLBACK_ENTRY_GBPUSD
2026-03-25T17:08:14,USDJPY,long,0.85,159.24,159.03,159.554,96.93923000000001,0.6812,0.4842,0.4705,7903468907,SCALP_LONG_FULL_ALIGNMENT_USDJPY
2026-03-25T17:08:15,USDCHF,long,0.59,0.7922,0.79069,0.79446,96.93923000000001,0.5447,0.5237,0.5826,7903469317,SCALP_LONG_FULL_ALIGNMENT_USDCHF
2026-03-25T17:08:19,NZDUSD,short,0.79,0.58109,0.58252,0.57895,96.93923000000001,0.6023,0.4457,0.3465,7903470668,SCALP_SHORT_PULLBACK_ENTRY_NZDUSD
2026-03-25T17:08:22,EURJPY,short,0.84,184.075,184.288,183.755,96.93923000000001,0.62,0.44,0.323,7903471717,SCALP_SHORT_PULLBACK_ENTRY_EURJPY
2026-03-25T17:09:11,EURUSD,short,0.53,1.15605,1.15818,1.15286,96.88971000000001,0.5331,0.4481,0.3546,7903488166,SCALP_SHORT_PULLBACK_ENTRY_EURUSD
2026-03-25T17:09:12,GBPUSD,short,0.44,1.33663,1.33919,1.33279,96.88971000000001,0.4949,0.4496,0.3584,7903488541,SCALP_SHORT_PULLBACK_ENTRY_GBPUSD
2026-03-25T17:09:13,USDJPY,long,0.85,159.23,159.019,159.546,96.88971000000001,0.679,0.4849,0.4725,7903488928,SCALP_LONG_FULL_ALIGNMENT_USDJPY
2026-03-25T17:09:14,USDCHF,long,0.59,0.79206,0.79055,0.79432,96.88971000000001,0.5407,0.4791,0.4477,7903489336,SCALP_LONG_FULL_ALIGNMENT_USDCHF
2026-03-25T17:09:16,NZDUSD,short,0.79,0.58125,0.58268,0.57911,96.88971000000001,0.6002,0.4458,0.3466,7903490005,SCALP_SHORT_PULLBACK_ENTRY_NZDUSD
2026-03-25T17:09:18,EURJPY,short,0.84,184.103,184.316,183.783,96.88971000000001,0.6155,0.4397,0.322,7903490708,SCALP_SHORT_PULLBACK_ENTRY_EURJPY
2026-03-25T17:10:12,EURUSD,short,0.53,1.15579,1.15792,1.1526,96.89495000000001,0.5367,0.4481,0.3546,7903509015,SCALP_SHORT_PULLBACK_ENTRY_EURUSD
2026-03-25T17:10:13,GBPUSD,short,0.44,1.33647,1.33903,1.33263,96.89495000000001,0.4986,0.449,0.3567,7903509497,SCALP_SHORT_PULLBACK_ENTRY_GBPUSD
2026-03-25T17:10:15,USDJPY,long,0.85,159.238,159.027,159.554,96.89495000000001,0.6818,0.4842,0.4704,7903509975,SCALP_LONG_FULL_ALIGNMENT_USDJPY
2026-03-25T17:10:17,USDCHF,long,0.59,0.79219,0.79068,0.79446,96.89495000000001,0.5442,0.4792,0.4478,7903510609,SCALP_LONG_FULL_ALIGNMENT_USDCHF
2026-03-25T17:10:20,USDCAD,long,1.02,1.38048,1.37897,1.38275,96.89495000000001,0.7383,0.4744,0.4293,7903511534,SCALP_LONG_FULL_ALIGNMENT_USDCAD
2026-03-25T17:10:21,NZDUSD,short,0.79,0.58111,0.58254,0.57897,96.89495000000001,0.6018,0.4457,0.3464,7903511958,SCALP_SHORT_PULLBACK_ENTRY_NZDUSD
2026-03-25T17:10:24,EURJPY,short,0.83,184.057,184.271,183.736,96.89495000000001,0.6226,0.4399,0.3228,7903512596,SCALP_SHORT_PULLBACK_ENTRY_EURJPY
2026-03-25T17:11:11,EURUSD,short,0.52,1.15562,1.15779,1.15237,96.89175000000002,0.5383,0.4482,0.3547,7903531655,SCALP_SHORT_PULLBACK_ENTRY_EURUSD
2026-03-25T17:11:12,GBPUSD,short,0.43,1.33626,1.33885,1.33238,96.89175000000002,0.5003,0.4491,0.3569,7903531784,SCALP_SHORT_PULLBACK_ENTRY_GBPUSD
2026-03-25T17:11:13,USDJPY,long,0.83,159.265,159.051,159.587,96.89175000000002,0.6864,0.5283,0.6046,7903531974,SCALP_LONG_FULL_ALIGNMENT_USDJPY
2026-03-25T17:11:14,USDCHF,long,0.57,0.79241,0.79086,0.79473,96.89175000000002,0.5478,0.4944,0.4941,7903532240,SCALP_LONG_PULLBACK_ENTRY_USDCHF
2026-03-25T17:11:15,USDCAD,long,1.01,1.38058,1.37905,1.38288,96.89175000000002,0.7372,0.4744,0.4292,7903532623,SCALP_LONG_FULL_ALIGNMENT_USDCAD
2026-03-25T17:11:16,NZDUSD,short,0.78,0.58107,0.58251,0.57891,96.89175000000002,0.6015,0.4457,0.3463,7903532902,SCALP_SHORT_PULLBACK_ENTRY_NZDUSD
2026-03-25T17:11:18,EURJPY,short,0.83,184.049,184.264,183.727,96.89175000000002,0.6235,0.4399,0.3227,7903533304,SCALP_SHORT_PULLBACK_ENTRY_EURJPY
2026-03-25T17:12:11,EURUSD,short,0.52,1.15588,1.15805,1.15263,96.88095,0.5354,0.4481,0.3546,7903546759,SCALP_SHORT_PULLBACK_ENTRY_EURUSD
2026-03-25T17:12:13,GBPUSD,short,0.43,1.33649,1.33908,1.33261,96.88095,0.4963,0.449,0.3566,7903547076,SCALP_SHORT_PULLBACK_ENTRY_GBPUSD
2026-03-25T17:12:14,USDJPY,long,0.83,159.243,159.029,159.565,96.88095,0.6824,0.4842,0.4705,7903547521,SCALP_LONG_FULL_ALIGNMENT_USDJPY
2026-03-25T17:12:15,USDCHF,long,0.57,0.79225,0.7907,0.79457,96.88095,0.544,0.4792,0.4478,7903547816,SCALP_LONG_FULL_ALIGNMENT_USDCHF
2026-03-25T17:12:18,NZDUSD,short,0.78,0.58118,0.58262,0.57902,96.88095,0.5989,0.4457,0.3463,7903549038,SCALP_SHORT_PULLBACK_ENTRY_NZDUSD
2026-03-25T17:12:20,EURJPY,short,0.83,184.066,184.281,183.743,96.88095,0.6201,0.44,0.3229,7903549892,SCALP_SHORT_PULLBACK_ENTRY_EURJPY
2026-03-25T17:13:13,EURUSD,short,0.52,1.1559,1.15807,1.15265,96.90179,0.5353,0.4481,0.3545,7903565597,SCALP_SHORT_PULLBACK_ENTRY_EURUSD
2026-03-25T17:13:15,GBPUSD,short,0.43,1.3363800000000001,1.33897,1.3325,96.90179,0.4982,0.449,0.3567,7903566049,SCALP_SHORT_PULLBACK_ENTRY_GBPUSD
2026-03-25T17:13:17,USDJPY,long,0.83,159.246,159.032,159.568,96.90179,0.683,0.4842,0.4706,7903566311,SCALP_LONG_FULL_ALIGNMENT_USDJPY
2026-03-25T17:13:18,USDCHF,long,0.57,0.79219,0.79064,0.79451,96.90179,0.5427,0.4791,0.4478,7903566749,SCALP_LONG_FULL_ALIGNMENT_USDCHF
2026-03-25T17:13:20,USDCAD,long,1.01,1.38055,1.37902,1.38285,96.90179,0.7379,0.4744,0.4292,7903567150,SCALP_LONG_FULL_ALIGNMENT_USDCAD
2026-03-25T17:13:21,NZDUSD,short,0.78,0.58119,0.58263,0.57903,96.90179,0.5989,0.4457,0.3463,7903567336,SCALP_SHORT_PULLBACK_ENTRY_NZDUSD
2026-03-25T17:13:23,EURJPY,short,0.83,184.075,184.29,183.752,96.90179,0.6187,0.44,0.3229,7903567767,SCALP_SHORT_PULLBACK_ENTRY_EURJPY
2026-03-25T17:13:36,USDCAD,short,0.01,100.0,103.78,92.65,100.2,0.675,0.4895,0.5035,12345,SCALP_SHORT_PULLBACK_ENTRY_USDCAD
2026-03-25T17:13:36,EURJPY,short,0.01,100.0,103.78,92.65,100.2,0.675,0.4895,0.5035,12345,SCALP_SHORT_PULLBACK_ENTRY_EURJPY
2026-03-25T17:13:37,GBPJPY,short,0.01,100.0,104.15,93.62,100.2,0.675,0.5194,0.5932,12345,SCALP_SHORT_FULL_ALIGNMENT_GBPJPY
2026-03-25T17:13:37,US30,short,0.01,100.0,102.33,97.21,100.2,0.675,0.5213,0.6053,12345,SCALP_SHORT_PULLBACK_ENTRY_US30
2026-03-25T17:13:38,USTEC,short,0.01,100.0,104.31,92.27,100.2,0.675,0.4895,0.5034,12345,SCALP_SHORT_PULLBACK_ENTRY_USTEC
2026-03-25T17:13:38,GBPUSD,short,0.01,100.0,104.71,91.64,100.2,0.675,0.5194,0.5931,12345,SCALP_SHORT_FULL_ALIGNMENT_GBPUSD
2026-03-25T17:13:39,USDJPY,short,0.01,100.0,103.78,92.65,100.2,0.675,0.5159,0.5923,12345,SCALP_SHORT_PULLBACK_ENTRY_USDJPY
2026-03-25T17:13:39,USDCHF,short,0.01,100.0,104.15,93.62,100.2,0.675,0.5194,0.5932,12345,SCALP_SHORT_FULL_ALIGNMENT_USDCHF
2026-03-25T17:13:40,EURJPY,short,0.01,100.0,104.15,93.83,100.2,0.675,0.5265,0.6207,12345,SCALP_SHORT_FULL_ALIGNMENT_EURJPY
2026-03-25T17:13:40,GBPJPY,short,0.01,100.0,104.71,91.64,100.2,0.675,0.5194,0.5931,12345,SCALP_SHORT_FULL_ALIGNMENT_GBPJPY
2026-03-25T17:13:41,DAX,short,0.01,100.0,104.15,93.62,100.2,0.6912,0.551,0.7051,12345,SCALP_SHORT_FULL_ALIGNMENT_DAX
2026-03-25T17:13:41,US500,short,0.01,100.0,103.78,92.65,100.2,0.675,0.4895,0.5035,12345,SCALP_SHORT_PULLBACK_ENTRY_US500
2026-03-25T17:13:41,USTEC,short,0.01,100.0,104.15,93.62,100.2,0.675,0.5194,0.5932,12345,SCALP_SHORT_FULL_ALIGNMENT_USTEC
2026-03-25T17:13:41,EURUSD,short,0.01,100.0,104.15,93.62,100.2,0.675,0.5194,0.5932,12345,SCALP_SHORT_FULL_ALIGNMENT_EURUSD
2026-03-25T17:13:42,GBPUSD,short,0.01,100.0,104.15,93.62,100.2,0.675,0.5194,0.5932,12345,SCALP_SHORT_FULL_ALIGNMENT_GBPUSD
2026-03-25T17:13:42,USDJPY,short,0.01,100.0,104.15,93.62,100.2,0.6912,0.551,0.7051,12345,SCALP_SHORT_FULL_ALIGNMENT_USDJPY
2026-03-25T17:13:43,XAUUSD,short,0.01,100.0,102.33,97.21,100.2,0.675,0.5158,0.5917,12345,SCALP_SHORT_PULLBACK_ENTRY_XAUUSD
2026-03-25T17:13:43,UK100,short,0.01,100.0,103.78,92.65,100.2,0.675,0.4925,0.5177,12345,SCALP_SHORT_PULLBACK_ENTRY_UK100
2026-03-25T17:13:45,USDCHF,short,0.01,100.0,104.15,93.83,100.2,0.675,0.5265,0.6207,12345,SCALP_SHORT_FULL_ALIGNMENT_USDCHF
2026-03-25T17:13:45,USDCAD,short,0.01,100.0,103.78,92.65,100.2,0.675,0.4895,0.5035,12345,SCALP_SHORT_PULLBACK_ENTRY_USDCAD
2026-03-25T17:13:46,XAUUSD,short,0.01,100.0,104.15,93.62,100.2,0.675,0.5194,0.5932,12345,SCALP_SHORT_FULL_ALIGNMENT_XAUUSD
2026-03-25T17:13:46,DAX,short,0.01,100.0,103.78,92.65,100.2,0.675,0.4895,0.5035,12345,SCALP_SHORT_PULLBACK_ENTRY_DAX
2026-03-25T17:13:46,UK100,short,0.01,100.0,104.15,93.62,100.2,0.675,0.5194,0.5932,12345,SCALP_SHORT_FULL_ALIGNMENT_UK100
2026-03-25T17:13:47,US30,short,0.01,100.0,103.78,92.65,100.2,0.675,0.5159,0.5923,12345,SCALP_SHORT_PULLBACK_ENTRY_US30
2026-03-25T17:13:47,US500,short,0.01,100.0,102.78,96.66,100.2,0.7368,0.5819,0.8029,12345,SCALP_SHORT_PULLBACK_ENTRY_US500
2026-03-25T17:13:47,USTEC,short,0.01,100.0,103.78,92.65,100.2,0.675,0.5159,0.5923,12345,SCALP_SHORT_PULLBACK_ENTRY_USTEC
2026-03-25T17:13:47,EURUSD,short,0.01,100.0,102.2,96.58,100.2,0.6572,0.4887,0.4953,12345,SCALP_SHORT_PULLBACK_ENTRY_EURUSD
2026-03-25T17:13:48,NZDUSD,short,0.01,100.0,104.15,93.62,100.2,0.6912,0.551,0.7051,12345,SCALP_SHORT_FULL_ALIGNMENT_NZDUSD
2026-03-25T17:13:49,EURJPY,short,0.01,100.0,102.44,97.07,100.2,0.7087,0.5733,0.776,12345,SCALP_SHORT_PULLBACK_ENTRY_EURJPY
2026-03-25T17:13:49,GBPJPY,short,0.01,100.0,103.78,92.65,100.2,0.675,0.4909,0.5097,12345,SCALP_SHORT_PULLBACK_ENTRY_GBPJPY
2026-03-25T17:13:49,DAX,short,0.01,100.0,103.78,92.65,100.2,0.675,0.4895,0.5035,12345,SCALP_SHORT_PULLBACK_ENTRY_DAX
2026-03-25T17:13:49,US30,short,0.01,100.0,102.14,97.21,100.2,0.7113,0.5908,0.8304,12345,SCALP_SHORT_PULLBACK_ENTRY_US30
2026-03-25T17:13:50,USTEC,short,0.01,100.0,104.15,93.62,100.2,0.675,0.5194,0.5932,12345,SCALP_SHORT_FULL_ALIGNMENT_USTEC
2026-03-25T17:13:57,NASDAQ:MSFT,short,0.01,100.0,102.66,97.64,250.5,0.675,0.6079,0.9605,12345,BALANCED_SHORT_PULLBACK_ENTRY_NASDAQ:MSFT
2026-03-25T17:14:14,EURUSD,short,0.52,1.15599,1.15816,1.15274,96.79734,0.5342,0.4481,0.3545,7903585089,SCALP_SHORT_PULLBACK_ENTRY_EURUSD
2026-03-25T17:14:15,GBPUSD,short,0.43,1.33667,1.33926,1.33279,96.79734,0.4942,0.4495,0.3581,7903585405,SCALP_SHORT_PULLBACK_ENTRY_GBPUSD
2026-03-25T17:14:16,USDJPY,long,0.83,159.245,159.031,159.567,96.79734,0.6833,0.4842,0.4706,7903585773,SCALP_LONG_FULL_ALIGNMENT_USDJPY
2026-03-25T17:14:18,USDCHF,long,0.57,0.79225,0.7907,0.79457,96.79734,0.5444,0.5236,0.5822,7903586302,SCALP_LONG_FULL_ALIGNMENT_USDCHF
2026-03-25T17:14:21,USDCAD,long,1.01,1.38055,1.37902,1.38285,96.79734,0.7353,0.4744,0.4292,7903587367,SCALP_LONG_FULL_ALIGNMENT_USDCAD
2026-03-25T17:14:23,NZDUSD,short,0.78,0.58125,0.58269,0.57909,96.79734,0.6014,0.4443,0.3423,7903588200,SCALP_SHORT_PULLBACK_ENTRY_NZDUSD
2026-03-25T17:14:37,EURJPY,short,0.83,184.089,184.304,183.766,96.79734,0.6161,0.44,0.3231,7903589226,SCALP_SHORT_PULLBACK_ENTRY_EURJPY
2026-03-25T17:15:15,EURUSD,short,0.55,1.1562000000000001,1.15823,1.15315,96.81606,0.5315,0.4481,0.3544,7903604905,SCALP_SHORT_PULLBACK_ENTRY_EURUSD
2026-03-25T17:15:16,GBPUSD,short,0.46,1.33683,1.33925,1.33319,96.81606,0.4907,0.4494,0.3579,7903605439,SCALP_SHORT_PULLBACK_ENTRY_GBPUSD
2026-03-25T17:15:18,USDJPY,long,0.89,159.253,159.052,159.554,96.81606,0.6836,0.4843,0.4708,7903605952,SCALP_LONG_FULL_ALIGNMENT_USDJPY
2026-03-25T17:15:19,USDCHF,long,0.61,0.79213,0.79068,0.7943,96.81606,0.5414,0.4492,0.3572,7903606249,SCALP_LONG_PULLBACK_ENTRY_USDCHF
2026-03-25T17:15:22,AUDUSD,long,0.6,0.69578,0.69392,0.69857,96.81606,0.5284,0.4642,0.3968,7903607238,SCALP_LONG_FULL_ALIGNMENT_AUDUSD
2026-03-25T17:15:24,USDCAD,long,1.06,1.38061,1.37916,1.38279,96.81606,0.7352,0.4743,0.4291,7903607862,SCALP_LONG_FULL_ALIGNMENT_USDCAD
2026-03-25T17:15:25,NZDUSD,short,0.83,0.58131,0.58266,0.57928,96.81606,0.603,0.4444,0.3424,7903608689,SCALP_SHORT_PULLBACK_ENTRY_NZDUSD
2026-03-25T17:15:53,EURJPY,short,0.74,184.097,184.336,183.677,96.85268,0.6143,0.4397,0.322,7903621175,SCALP_SHORT_PULLBACK_ENTRY_EURJPY
2026-03-25T17:33:12,EURJPY,long,0.01,100.05,96.15,106.2,100.2,0.1598,0.6253,0.5631,12345,SCALP_LONG_FULL_ALIGNMENT_EURJPY
2026-03-25T17:33:13,USDCHF,long,0.01,100.05,96.98,104.53,100.2,0.155,0.552,0.3799,12345,SCALP_LONG_FULL_ALIGNMENT_USDCHF
2026-03-25T17:33:14,USDCAD,long,0.01,100.05,96.15,106.2,100.2,0.1598,0.6253,0.5631,12345,SCALP_LONG_FULL_ALIGNMENT_USDCAD
2026-03-25T17:33:14,EURJPY,long,0.01,100.05,96.52,104.28,100.2,0.1608,0.5563,0.3908,12345,SCALP_LONG_FULL_ALIGNMENT_EURJPY
2026-03-25T17:33:15,DAX,long,0.01,100.05,96.52,104.28,100.2,0.1608,0.5563,0.3907,12345,SCALP_LONG_FULL_ALIGNMENT_DAX
2026-03-25T17:33:15,US30,long,0.01,100.05,96.15,106.2,100.2,0.1712,0.6105,0.5263,12345,SCALP_LONG_FULL_ALIGNMENT_US30
2026-03-25T17:33:16,GBPUSD,long,0.01,100.05,96.15,106.2,100.2,0.1598,0.6253,0.5631,12345,SCALP_LONG_FULL_ALIGNMENT_GBPUSD
2026-03-25T17:33:16,USDCHF,long,0.01,100.05,96.15,106.2,100.2,0.1598,0.6253,0.5631,12345,SCALP_LONG_FULL_ALIGNMENT_USDCHF
2026-03-25T17:33:17,UK100,long,0.01,100.05,96.69,104.09,100.2,0.1598,0.6106,0.5266,12345,SCALP_LONG_FULL_ALIGNMENT_UK100
2026-03-25T17:33:18,US30,long,0.01,100.05,96.98,104.53,100.2,0.155,0.552,0.3799,12345,SCALP_LONG_FULL_ALIGNMENT_US30
2026-03-25T17:33:20,UK100,long,0.01,100.05,96.63,105.22,100.2,0.1598,0.6321,0.5803,12345,SCALP_LONG_FULL_ALIGNMENT_UK100
2026-03-25T17:33:20,US500,long,0.01,100.05,96.15,106.2,100.2,0.1598,0.6253,0.5631,12345,SCALP_LONG_FULL_ALIGNMENT_US500
2026-03-25T17:33:21,USTEC,long,0.01,100.05,96.6,104.47,100.2,0.155,0.5592,0.3979,12345,SCALP_LONG_FULL_ALIGNMENT_USTEC
2026-03-25T17:33:22,USDCAD,long,0.01,100.05,96.63,105.22,100.2,0.1598,0.6241,0.5603,12345,SCALP_LONG_FULL_ALIGNMENT_USDCAD
2026-03-25T17:33:23,EURJPY,long,0.01,100.05,96.15,106.2,100.2,0.1598,0.6253,0.5631,12345,SCALP_LONG_FULL_ALIGNMENT_EURJPY
2026-03-25T17:33:33,XAUUSD,short,0.01,100.0,102.89,97.43,250.5,0.7495,0.7207,1.3991,12345,BALANCED_SHORT_PULLBACK_ENTRY_XAUUSD
2026-03-25T17:36:52,USDCHF,long,0.01,100.05,96.98,104.53,100.2,0.155,0.552,0.3799,12345,SCALP_LONG_FULL_ALIGNMENT_USDCHF
2026-03-25T17:36:53,EURJPY,long,0.01,100.05,96.25,108.02,100.2,0.1508,0.5921,0.4802,12345,SCALP_LONG_PULLBACK_ENTRY_EURJPY
2026-03-25T17:36:54,US500,long,0.01,100.05,96.15,106.2,100.2,0.1598,0.6253,0.5631,12345,SCALP_LONG_FULL_ALIGNMENT_US500
2026-03-25T17:36:55,USDCAD,long,0.01,100.05,96.92,105.94,100.2,0.1657,0.6311,0.5777,12345,SCALP_LONG_PULLBACK_ENTRY_USDCAD
2026-03-25T17:36:55,NZDUSD,long,0.01,100.05,96.15,106.2,100.2,0.1712,0.6105,0.5263,12345,SCALP_LONG_FULL_ALIGNMENT_NZDUSD
2026-03-25T17:36:55,XAUUSD,long,0.01,100.05,96.15,106.2,100.2,0.1712,0.6105,0.5263,12345,SCALP_LONG_FULL_ALIGNMENT_XAUUSD
2026-03-25T17:36:56,US30,long,0.01,100.05,96.98,104.53,100.2,0.155,0.552,0.3799,12345,SCALP_LONG_FULL_ALIGNMENT_US30
2026-03-25T17:36:57,USTEC,long,0.01,100.05,96.15,106.2,100.2,0.1598,0.6253,0.5631,12345,SCALP_LONG_FULL_ALIGNMENT_USTEC
2026-03-25T17:36:57,USDJPY,long,0.01,100.05,96.15,106.2,100.2,0.1598,0.6253,0.5631,12345,SCALP_LONG_FULL_ALIGNMENT_USDJPY
2026-03-25T17:37:00,USTEC,long,0.01,100.05,96.15,106.2,100.2,0.1598,0.6253,0.5631,12345,SCALP_LONG_FULL_ALIGNMENT_USTEC
2026-03-25T17:37:01,USDCHF,long,0.01,100.05,96.15,106.2,100.2,0.1598,0.6253,0.5631,12345,SCALP_LONG_FULL_ALIGNMENT_USDCHF
2026-03-25T17:37:02,EURJPY,long,0.01,100.05,96.15,106.2,100.2,0.1598,0.6253,0.5631,12345,SCALP_LONG_FULL_ALIGNMENT_EURJPY
2026-03-25T17:37:02,UK100,long,0.01,100.05,96.15,106.2,100.2,0.1598,0.6253,0.5631,12345,SCALP_LONG_FULL_ALIGNMENT_UK100
2026-03-25T17:37:03,US500,long,0.01,100.05,96.63,105.22,100.2,0.1598,0.6241,0.5603,12345,SCALP_LONG_FULL_ALIGNMENT_US500
2026-03-25T17:37:03,EURUSD,long,0.01,100.05,96.15,106.2,100.2,0.1598,0.6253,0.5631,12345,SCALP_LONG_FULL_ALIGNMENT_EURUSD
2026-03-25T17:38:21,NZDUSD,short,2.86,0.58179,0.58218,0.58097,96.77435000000001,0.1366,0.4935,0.2338,7904084490,SCALP_SHORT_FULL_ALIGNMENT_NZDUSD
2026-03-25T17:39:24,GBPJPY,long,1.26,212.998,212.857,213.172,96.73524000000002,0.1652,0.4824,0.2061,7904104693,SCALP_LONG_PULLBACK_ENTRY_GBPJPY
2026-03-25T17:40:27,XAUUSD,long,1.32,4559.73,4552.39,4569.75,96.73666999999999,0.114,0.5308,0.3271,7904128043,SCALP_LONG_FULL_ALIGNMENT_XAUUSD
2026-03-25T17:41:10,USDJPY,long,3.36,159.189,159.136,159.265,96.54825999999998,0.1526,0.5182,0.2955,7904143074,SCALP_LONG_PULLBACK_ENTRY_USDJPY
2026-03-25T17:41:14,USDCHF,long,2.6,0.79136,0.79102,0.79208,96.54825999999998,0.1665,0.5015,0.2538,7904143884,SCALP_LONG_PULLBACK_ENTRY_USDCHF
2026-03-25T17:41:24,USDCAD,long,3.6,1.38053,1.3801,1.38119,96.54825999999998,0.2138,0.5321,0.3302,7904146107,SCALP_LONG_PULLBACK_ENTRY_USDCAD
2026-03-25T17:44:12,EURUSD,long,2.0,1.15723,1.15667,1.15833,96.08235,0.1399,0.59,0.4749,7904196560,SCALP_LONG_FULL_ALIGNMENT_EURUSD
2026-03-25T17:46:00,GBPJPY,long,2.62,213.013,212.945,213.149,96.03766000000002,0.1712,0.5187,0.2966,7904219155,SCALP_LONG_PULLBACK_ENTRY_GBPJPY
2026-03-25T17:47:04,USDCHF,long,2.75,0.79129,0.79097,0.79209,95.96440000000001,0.1654,0.5187,0.2967,7904237523,SCALP_LONG_PULLBACK_ENTRY_USDCHF
2026-03-25T17:47:23,USDCAD,long,3.93,1.38064,1.38025,1.38119,95.96440000000001,0.2107,0.5742,0.4355,7904242429,SCALP_LONG_PULLBACK_ENTRY_USDCAD
2026-03-25T17:47:40,GBPJPY,long,2.42,212.997,212.924,213.128,95.96440000000001,0.1646,0.4785,0.1962,7904248814,SCALP_LONG_PULLBACK_ENTRY_GBPJPY
2026-03-25T17:48:32,USDJPY,long,0.01,100.05,96.25,104.61,100.2,0.1508,0.5738,0.4344,12345,SCALP_LONG_PULLBACK_ENTRY_USDJPY
2026-03-25T17:48:32,USDCHF,long,0.01,100.05,96.63,105.22,100.2,0.1598,0.5883,0.4707,12345,SCALP_LONG_FULL_ALIGNMENT_USDCHF
2026-03-25T17:48:32,AUDUSD,long,0.01,100.05,97.01,106.27,100.2,0.1508,0.4915,0.2286,12345,SCALP_LONG_PULLBACK_ENTRY_AUDUSD
2026-03-25T17:48:32,USDCAD,short,0.01,100.0,103.66,95.61,100.2,0.1528,0.5322,0.3304,12345,SCALP_SHORT_PULLBACK_ENTRY_USDCAD
2026-03-25T17:48:32,NZDUSD,long,0.01,100.05,96.39,104.45,100.2,0.185,0.6527,0.6318,12345,SCALP_LONG_FULL_ALIGNMENT_NZDUSD
2026-03-25T17:48:32,DAX,long,0.01,100.05,97.56,103.21,100.2,0.155,0.7004,0.7511,12345,SCALP_LONG_FULL_ALIGNMENT_DAX
2026-03-25T17:48:32,UK100,short,0.01,100.0,102.53,94.69,100.2,0.1767,0.6326,0.5816,12345,SCALP_SHORT_FULL_ALIGNMENT_UK100
2026-03-25T17:48:32,US30,long,0.01,100.05,96.52,105.58,100.2,0.1598,0.6264,0.566,12345,SCALP_LONG_FULL_ALIGNMENT_US30
2026-03-25T17:48:32,USTEC,long,0.01,100.05,97.03,103.67,100.2,0.155,0.6,0.5001,12345,SCALP_LONG_PULLBACK_ENTRY_USTEC
2026-03-25T17:48:35,USDCHF,long,0.01,100.05,97.84,103.41,100.2,0.1508,0.6021,0.5053,12345,SCALP_LONG_FULL_ALIGNMENT_USDCHF
2026-03-25T17:48:36,USDCAD,long,0.01,100.05,96.63,105.22,100.2,0.1508,0.5855,0.4638,12345,SCALP_LONG_FULL_ALIGNMENT_USDCAD
2026-03-25T17:48:36,EURJPY,long,0.01,100.05,96.63,105.51,100.2,0.155,0.4796,0.1991,12345,SCALP_LONG_PULLBACK_ENTRY_EURJPY
2026-03-25T17:48:36,GBPJPY,long,0.01,100.05,96.63,105.22,100.2,0.1508,0.58,0.4499,12345,SCALP_LONG_FULL_ALIGNMENT_GBPJPY
2026-03-25T17:48:36,DAX,short,0.01,100.0,103.66,95.61,100.2,0.1315,0.6063,0.5158,12345,SCALP_SHORT_PULLBACK_ENTRY_DAX
2026-03-25T17:48:36,US30,long,0.01,100.05,96.8,104.22,100.2,0.1913,0.6258,0.5646,12345,SCALP_LONG_PULLBACK_ENTRY_US30
2026-03-25T17:48:39,USDCHF,short,0.01,100.0,103.66,95.61,100.2,0.1723,0.5995,0.4988,12345,SCALP_SHORT_PULLBACK_ENTRY_USDCHF
2026-03-25T17:48:39,AUDUSD,short,0.01,100.0,103.66,95.61,100.2,0.17,0.5681,0.4202,12345,SCALP_SHORT_PULLBACK_ENTRY_AUDUSD
2026-03-25T17:48:39,XAUUSD,short,0.01,100.0,103.85,93.15,100.2,0.17,0.5529,0.3822,12345,SCALP_SHORT_FULL_ALIGNMENT_XAUUSD
2026-03-25T17:48:39,GBPJPY,long,0.01,100.05,95.56,106.19,100.2,0.1483,0.6647,0.6618,12345,SCALP_LONG_FULL_ALIGNMENT_GBPJPY
2026-03-25T17:48:42,GBPUSD,long,0.01,100.05,98.14,102.97,100.2,0.1908,0.7375,0.8438,12345,SCALP_LONG_FULL_ALIGNMENT_GBPUSD
2026-03-25T17:48:42,USDJPY,long,0.01,100.05,98.03,102.71,100.2,0.1508,0.6935,0.7336,12345,SCALP_LONG_FULL_ALIGNMENT_USDJPY
2026-03-25T17:48:42,AUDUSD,long,0.01,100.05,96.39,107.06,100.2,0.1915,0.6184,0.5461,12345,SCALP_LONG_PULLBACK_ENTRY_AUDUSD
2026-03-25T17:48:42,USDCAD,short,0.01,100.0,102.32,95.12,100.2,0.1467,0.4803,0.2008,12345,SCALP_SHORT_PULLBACK_ENTRY_USDCAD
2026-03-25T17:48:42,XAUUSD,short,0.01,100.0,102.19,97.37,100.2,0.1218,0.6171,0.5428,12345,SCALP_SHORT_FULL_ALIGNMENT_XAUUSD
2026-03-25T17:48:42,UK100,short,0.01,100.0,102.53,94.69,100.2,0.11,0.4878,0.2195,12345,SCALP_SHORT_PULLBACK_ENTRY_UK100
2026-03-25T17:48:42,US500,long,0.01,100.05,96.63,105.22,100.2,0.155,0.566,0.4151,12345,SCALP_LONG_FULL_ALIGNMENT_US500
2026-03-25T17:48:44,USDCHF,short,0.01,100.0,103.66,95.61,100.2,0.155,0.5945,0.4863,12345,SCALP_SHORT_PULLBACK_ENTRY_USDCHF
2026-03-25T17:48:44,AUDUSD,long,0.01,100.05,96.69,104.76,100.2,0.1873,0.7418,0.8546,12345,SCALP_LONG_FULL_ALIGNMENT_AUDUSD
2026-03-25T17:48:44,NZDUSD,short,0.01,100.0,103.31,94.16,100.2,0.14,0.5425,0.3561,12345,SCALP_SHORT_PULLBACK_ENTRY_NZDUSD
2026-03-25T17:48:44,XAUUSD,long,0.01,100.05,97.53,105.35,100.2,0.1597,0.6654,0.6636,12345,SCALP_LONG_FULL_ALIGNMENT_XAUUSD
2026-03-25T17:48:44,EURJPY,long,0.01,100.05,97.84,104.21,100.2,0.1508,0.602,0.505,12345,SCALP_LONG_FULL_ALIGNMENT_EURJPY
2026-03-25T17:48:44,UK100,short,0.01,100.0,103.14,96.09,100.2,0.14,0.563,0.4076,12345,SCALP_SHORT_PULLBACK_ENTRY_UK100
2026-03-25T17:48:44,US30,short,0.01,100.0,102.92,95.1,100.2,0.1508,0.5387,0.3467,12345,SCALP_SHORT_PULLBACK_ENTRY_US30
2026-03-25T17:48:44,US500,long,0.01,100.05,97.13,103.67,100.2,0.17,0.581,0.4524,12345,SCALP_LONG_PULLBACK_ENTRY_US500
2026-03-25T17:48:52,EURUSD,short,0.01,100.0,102.89,97.43,250.5,0.7752,0.7156,1.3832,12345,BALANCED_SHORT_PULLBACK_ENTRY_EURUSD
2026-03-25T17:48:52,BTCUSD,short,0.01,100.0,102.89,97.43,250.5,0.7752,0.715,1.3813,12345,BALANCED_SHORT_PULLBACK_ENTRY_BTCUSD
2026-03-25T17:48:58,GBPJPY,long,2.27,213.002,212.924,213.123,95.98175,0.166,0.4568,0.1419,7904273070,SCALP_LONG_PULLBACK_ENTRY_GBPJPY
2026-03-25T17:49:38,USDJPY,long,2.65,159.22,159.153,159.318,95.99450999999999,0.1593,0.5473,0.3682,7904281548,SCALP_LONG_PULLBACK_ENTRY_USDJPY
2026-03-25T17:49:44,USDCHF,long,2.72,0.79147,0.79115,0.79222,95.99450999999999,0.1683,0.4808,0.202,7904284382,SCALP_LONG_PULLBACK_ENTRY_USDCHF
2026-03-25T17:49:51,AUDUSD,short,2.58,0.69613,0.69656,0.69536,95.99450999999999,0.1434,0.5056,0.2641,7904286126,SCALP_SHORT_PULLBACK_ENTRY_AUDUSD
2026-03-25T17:54:47,GBPUSD,long,1.47,1.3383099999999999,1.33756,1.33951,95.88045,0.1448,0.5587,0.3969,7904382579,SCALP_LONG_FULL_ALIGNMENT_GBPUSD
2026-03-25T17:55:03,USDCAD,long,4.3,1.3807,1.38034,1.38128,95.88045,0.2162,0.4943,0.2358,7904386174,SCALP_LONG_PULLBACK_ENTRY_USDCAD
2026-03-25T17:55:24,NZDUSD,short,3.23,0.58195,0.58229,0.58151,95.88045,0.1337,0.4959,0.2397,7904391125,SCALP_SHORT_PULLBACK_ENTRY_NZDUSD
2026-03-25T17:55:50,XAUUSD,long,1.5,4556.88,4550.48,4568.58,95.88045,0.1154,0.5709,0.4273,7904401683,SCALP_LONG_FULL_ALIGNMENT_XAUUSD
2026-03-25T17:55:53,EURJPY,long,2.79,184.236,184.173,184.35,95.88045,0.1515,0.5269,0.3172,7904402630,SCALP_LONG_FULL_ALIGNMENT_EURJPY
2026-03-25T18:00:53,AUDJPY,long,1.18,110.85,110.551,111.481,190.96905999999998,0.4707,0.4994,0.563,7904483643,RISKY_LONG_PULLBACK_ENTRY_AUDJPY
2026-03-25T18:01:19,GBPUSD,long,2.15,1.33811,1.33759,1.33886,95.72568,0.121,0.4393,0.0983,7904489381,SCALP_LONG_PULLBACK_ENTRY_GBPUSD
2026-03-25T18:02:15,USDJPY,long,4.24,159.277,159.236,159.336,95.05667190221425,0.186,0.5306,0.3264,7904506555,SCALP_LONG_PULLBACK_ENTRY_USDJPY
2026-03-25T18:02:20,USDCHF,long,2.18,0.79173,0.79145,0.79225,65.83625680894842,0.1643,0.4879,0.2197,7904509437,SCALP_LONG_PULLBACK_ENTRY_USDCHF
2026-03-25T18:02:20,USDCAD,long,4.22,1.3809,1.38054,1.38141,95.82419,0.2168,0.5067,0.2667,7904509586,SCALP_LONG_PULLBACK_ENTRY_USDCAD
2026-03-25T18:04:08,GBPUSD,long,2.07,1.33764,1.33711,1.33868,95.37238,0.1181,0.428,0.0699,7904545083,SCALP_LONG_PULLBACK_ENTRY_GBPUSD
2026-03-25T18:05:08,USDCHF,long,1.86,0.79162,0.7913,0.79205,65.55404309186045,0.168,0.4535,0.1337,7904563491,SCALP_LONG_PULLBACK_ENTRY_USDCHF
2026-03-25T18:05:08,USDCAD,long,3.78,1.38094,1.38054,1.38157,95.41342999999999,0.2174,0.5493,0.3733,7904563563,SCALP_LONG_PULLBACK_ENTRY_USDCAD
2026-03-25T18:05:38,GBPUSD,long,0.01,100.05,96.15,106.2,100.2,0.1598,0.5855,0.4637,12345,SCALP_LONG_FULL_ALIGNMENT_GBPUSD
2026-03-25T18:05:38,USDJPY,long,0.01,100.05,97.7,102.87,100.2,0.17,0.5948,0.487,12345,SCALP_LONG_FULL_ALIGNMENT_USDJPY
2026-03-25T18:05:38,USDCHF,long,0.01,100.05,96.64,105.52,100.2,0.195,0.6043,0.5106,12345,SCALP_LONG_PULLBACK_ENTRY_USDCHF
2026-03-25T18:05:38,AUDUSD,long,0.01,100.05,97.32,103.66,100.2,0.1583,0.5634,0.4085,12345,SCALP_LONG_PULLBACK_ENTRY_AUDUSD
2026-03-25T18:05:38,USDCAD,long,0.01,100.05,97.49,103.12,100.2,0.1657,0.6231,0.5579,12345,SCALP_LONG_FULL_ALIGNMENT_USDCAD
2026-03-25T18:05:38,XAUUSD,long,0.01,100.05,96.62,106.01,100.2,0.2009,0.5755,0.4387,12345,SCALP_LONG_PULLBACK_ENTRY_XAUUSD
2026-03-25T18:05:38,GBPJPY,long,0.01,100.05,97.71,103.35,100.2,0.1267,0.5315,0.3289,12345,SCALP_LONG_PULLBACK_ENTRY_GBPJPY
2026-03-25T18:05:38,DAX,long,0.01,100.05,97.83,103.15,100.2,0.155,0.6005,0.5013,12345,SCALP_LONG_FULL_ALIGNMENT_DAX
2026-03-25T18:05:38,UK100,long,0.01,100.05,97.83,102.83,100.2,0.1907,0.6674,0.6685,12345,SCALP_LONG_FULL_ALIGNMENT_UK100
2026-03-25T18:05:39,EURUSD,long,0.01,100.05,96.83,104.66,100.2,0.1712,0.6127,0.5316,12345,SCALP_LONG_FULL_ALIGNMENT_EURUSD
2026-03-25T18:05:39,GBPUSD,long,0.01,100.05,97.52,103.2,100.2,0.1712,0.5246,0.3114,12345,SCALP_LONG_PULLBACK_ENTRY_GBPUSD
2026-03-25T18:05:39,USDJPY,long,0.01,100.05,97.82,103.14,100.2,0.14,0.6115,0.5287,12345,SCALP_LONG_FULL_ALIGNMENT_USDJPY
2026-03-25T18:05:40,USDCHF,long,0.01,100.05,96.84,104.04,100.2,0.155,0.5535,0.3838,12345,SCALP_LONG_FULL_ALIGNMENT_USDCHF
2026-03-25T18:05:40,AUDUSD,long,0.01,100.05,98.31,102.68,100.2,0.155,0.5707,0.4268,12345,SCALP_LONG_FULL_ALIGNMENT_AUDUSD
2026-03-25T18:05:40,USDCAD,long,0.01,100.05,96.15,105.7,100.2,0.224,0.6447,0.6116,12345,SCALP_LONG_FULL_ALIGNMENT_USDCAD
2026-03-25T18:05:40,XAUUSD,long,0.01,100.05,97.61,104.13,100.2,0.17,0.553,0.3825,12345,SCALP_LONG_PULLBACK_ENTRY_XAUUSD
2026-03-25T18:05:40,EURJPY,long,0.01,100.05,97.64,103.15,100.2,0.1961,0.623,0.5576,12345,SCALP_LONG_FULL_ALIGNMENT_EURJPY
2026-03-25T18:05:40,US30,long,0.01,100.05,96.37,104.61,100.2,0.1381,0.5731,0.4328,12345,SCALP_LONG_FULL_ALIGNMENT_US30
2026-03-25T18:05:40,US500,long,0.01,100.05,97.07,105.71,100.2,0.1848,0.5662,0.4156,12345,SCALP_LONG_PULLBACK_ENTRY_US500
2026-03-25T18:05:40,USTEC,long,0.01,100.05,97.48,104.33,100.2,0.1646,0.6137,0.5343,12345,SCALP_LONG_PULLBACK_ENTRY_USTEC
2026-03-25T18:05:41,USDJPY,long,0.01,100.05,97.29,103.36,100.2,0.2,0.6097,0.5243,12345,SCALP_LONG_PULLBACK_ENTRY_USDJPY
2026-03-25T18:05:41,AUDUSD,long,0.01,100.05,96.33,105.12,100.2,0.185,0.5603,0.4007,12345,SCALP_LONG_FULL_ALIGNMENT_AUDUSD
2026-03-25T18:05:41,USDCAD,long,0.01,100.05,97.74,102.9,100.2,0.125,0.6178,0.5444,12345,SCALP_LONG_FULL_ALIGNMENT_USDCAD
2026-03-25T18:05:41,XAUUSD,long,0.01,100.05,96.58,107.33,100.2,0.1941,0.5848,0.462,12345,SCALP_LONG_PULLBACK_ENTRY_XAUUSD
2026-03-25T18:05:41,US30,long,0.01,100.05,97.51,103.09,100.2,0.1502,0.539,0.3475,12345,SCALP_LONG_PULLBACK_ENTRY_US30
2026-03-25T18:05:41,US500,long,0.01,100.05,96.4,107.32,100.2,0.1513,0.5806,0.4514,12345,SCALP_LONG_PULLBACK_ENTRY_US500
2026-03-25T18:05:42,EURUSD,long,0.01,100.05,96.76,104.0,100.2,0.1712,0.5996,0.499,12345,SCALP_LONG_FULL_ALIGNMENT_EURUSD
2026-03-25T18:05:43,AUDUSD,long,0.01,100.05,96.82,103.93,100.2,0.1926,0.6092,0.523,12345,SCALP_LONG_PULLBACK_ENTRY_AUDUSD
2026-03-25T18:05:43,USDCAD,long,0.01,100.05,96.45,105.17,100.2,0.185,0.5552,0.3881,12345,SCALP_LONG_PULLBACK_ENTRY_USDCAD
2026-03-25T18:05:43,EURJPY,long,0.01,100.05,97.36,106.17,100.2,0.1951,0.5886,0.4716,12345,SCALP_LONG_FULL_ALIGNMENT_EURJPY
2026-03-25T18:05:43,DAX,long,0.01,100.05,96.64,104.65,100.2,0.1559,0.5414,0.3534,12345,SCALP_LONG_PULLBACK_ENTRY_DAX
2026-03-25T18:05:43,UK100,long,0.01,100.05,97.07,105.59,100.2,0.185,0.5413,0.3533,12345,SCALP_LONG_PULLBACK_ENTRY_UK100
2026-03-25T18:05:43,US30,long,0.01,100.05,97.73,104.92,100.2,0.1741,0.5447,0.3618,12345,SCALP_LONG_PULLBACK_ENTRY_US30
2026-03-25T18:05:43,US500,long,0.01,100.05,97.09,104.94,100.2,0.2246,0.6643,0.6607,12345,SCALP_LONG_FULL_ALIGNMENT_US500
2026-03-25T18:05:44,GBPUSD,long,0.01,100.05,96.83,104.66,100.2,0.1287,0.6033,0.5083,12345,SCALP_LONG_FULL_ALIGNMENT_GBPUSD
2026-03-25T18:05:44,USDJPY,long,0.01,100.05,97.3,104.04,100.2,0.1538,0.5809,0.4522,12345,SCALP_LONG_PULLBACK_ENTRY_USDJPY
2026-03-25T18:05:44,USDCHF,long,0.01,100.05,98.14,102.34,100.2,0.1929,0.5729,0.4322,12345,SCALP_LONG_PULLBACK_ENTRY_USDCHF
2026-03-25T18:05:44,USDCAD,long,0.01,100.05,96.82,103.93,100.2,0.2111,0.6283,0.5706,12345,SCALP_LONG_FULL_ALIGNMENT_USDCAD
2026-03-25T18:05:44,NZDUSD,long,0.01,100.05,96.68,105.35,100.2,0.1536,0.6021,0.5053,12345,SCALP_LONG_FULL_ALIGNMENT_NZDUSD
2026-03-25T18:05:44,XAUUSD,long,0.01,100.05,97.85,105.21,100.2,0.142,0.5238,0.3094,12345,SCALP_LONG_PULLBACK_ENTRY_XAUUSD
2026-03-25T18:05:44,UK100,long,0.01,100.05,97.61,104.13,100.2,0.17,0.5559,0.3898,12345,SCALP_LONG_PULLBACK_ENTRY_UK100
2026-03-25T18:05:44,US30,long,0.01,100.05,95.99,108.09,100.2,0.1738,0.5836,0.4591,12345,SCALP_LONG_PULLBACK_ENTRY_US30
2026-03-25T18:05:44,US500,long,0.01,100.05,96.64,104.15,100.2,0.155,0.5561,0.3902,12345,SCALP_LONG_PULLBACK_ENTRY_US500
2026-03-25T18:05:46,BTCUSD,short,0.01,100.0,102.89,97.43,250.5,0.7495,0.7186,1.3922,12345,BALANCED_SHORT_PULLBACK_ENTRY_BTCUSD
2026-03-25T18:05:47,XAUUSD,short,0.01,100.0,101.75,97.67,250.5,0.6908,0.6566,1.1764,12345,BALANCED_SHORT_PULLBACK_ENTRY_XAUUSD
2026-03-25T18:05:47,EURUSD,short,0.01,100.0,103.36,97.01,250.5,0.6108,0.6811,1.1911,12345,BALANCED_SHORT_PULLBACK_ENTRY_EURUSD
2026-03-25T18:06:10,GBPUSD,long,2.09,1.33753,1.337,1.33864,95.49569000000001,0.1189,0.4493,0.1234,7904589659,SCALP_LONG_PULLBACK_ENTRY_GBPUSD
2026-03-25T18:07:08,GBPUSD,long,2.11,1.33755,1.33703,1.33865,95.39371000000001,0.1185,0.4421,0.1053,7904610665,SCALP_LONG_PULLBACK_ENTRY_GBPUSD
2026-03-25T18:08:08,GBPUSD,long,2.15,1.33754,1.33703,1.33862,95.45028,0.1187,0.4507,0.1268,7904628417,SCALP_LONG_PULLBACK_ENTRY_GBPUSD
2026-03-25T18:12:09,USDJPY,long,4.15,159.283,159.241,159.348,94.67448777956457,0.196,0.53,0.3251,7904715192,SCALP_LONG_PULLBACK_ENTRY_USDJPY
2026-03-25T18:12:09,USDCAD,long,4.47,1.3808799999999999,1.38054,1.38136,95.43892,0.2161,0.5624,0.4061,7904715282,SCALP_LONG_PULLBACK_ENTRY_USDCAD
2026-03-25T18:13:11,EURUSD,long,2.17,1.1571,1.15659,1.15817,95.40866,0.145,0.6444,0.611,7904739220,SCALP_LONG_FULL_ALIGNMENT_EURUSD
2026-03-25T18:13:11,USDJPY,long,2.15,159.269,159.188,159.376,94.6444701515339,0.1946,0.5618,0.4044,7904739327,SCALP_LONG_PULLBACK_ENTRY_USDJPY
2026-03-25T18:13:11,USDCAD,long,5.44,1.38079,1.38051,1.38118,95.40866,0.2152,0.5923,0.4808,7904739483,SCALP_LONG_PULLBACK_ENTRY_USDCAD
2026-03-25T18:14:09,USDCAD,long,5.3,1.38064,1.38035,1.38114,95.38749000000001,0.2123,0.6533,0.6333,7904761339,SCALP_LONG_FULL_ALIGNMENT_USDCAD
2026-03-25T18:14:10,GBPJPY,long,2.45,213.075,213.003,213.176,95.38749000000001,0.1778,0.4654,0.1636,7904761533,SCALP_LONG_PULLBACK_ENTRY_GBPJPY
2026-03-25T18:15:09,GBPUSD,long,2.25,1.33772,1.33723,1.33871,95.26321000000002,0.1237,0.4947,0.2368,7904778247,SCALP_LONG_FULL_ALIGNMENT_GBPUSD
2026-03-25T18:15:09,USDCAD,long,5.56,1.38062,1.38035,1.38115,95.26321000000002,0.2171,0.6541,0.6352,7904778336,SCALP_LONG_FULL_ALIGNMENT_USDCAD
2026-03-25T18:16:10,USDCAD,long,5.4,1.38065,1.38037,1.38116,95.25025,0.2211,0.6631,0.6577,7904794442,SCALP_LONG_FULL_ALIGNMENT_USDCAD
2026-03-25T18:17:12,USDCAD,long,5.32,1.38079,1.3805,1.38118,95.23033000000001,0.2251,0.6678,0.6696,7904813889,SCALP_LONG_FULL_ALIGNMENT_USDCAD
2026-03-25T18:18:10,USDCAD,long,5.37,1.38075,1.38047,1.3811,95.28503,0.2242,0.6621,0.6553,7904829874,SCALP_LONG_FULL_ALIGNMENT_USDCAD
2026-03-25T18:19:11,USDCAD,long,3.79,1.38095,1.38055,1.3815,95.18381,0.2251,0.6031,0.5078,7904852717,SCALP_LONG_PULLBACK_ENTRY_USDCAD
2026-03-25T18:20:11,USDCAD,long,4.88,1.38086,1.38055,1.3813,95.25033000000002,0.2251,0.6064,0.516,7904871516,SCALP_LONG_PULLBACK_ENTRY_USDCAD
2026-03-25T18:21:13,USDCAD,long,5.31,1.38076,1.38047,1.38116,95.24103000000001,0.225,0.6487,0.6218,7904889728,SCALP_LONG_FULL_ALIGNMENT_USDCAD
2026-03-25T18:23:13,USDCAD,long,3.55,1.38013,1.3797,1.38103,95.23147,0.2066,0.598,0.4951,7904934365,SCALP_LONG_PULLBACK_ENTRY_USDCAD
2026-03-25T18:23:13,EURJPY,long,4.24,184.296,184.255,184.354,95.23147,0.1476,0.4603,0.1507,7904934550,SCALP_LONG_PULLBACK_ENTRY_EURJPY
2026-03-25T18:27:14,XAUUSD,long,1.4,4557.53,4550.7,4568.09,95.31367,0.1217,0.5891,0.4729,7905008933,SCALP_LONG_FULL_ALIGNMENT_XAUUSD
2026-03-25T18:27:15,GBPJPY,long,2.36,213.087,213.012,213.207,95.31367,0.1759,0.4277,0.0692,7905009094,SCALP_LONG_PULLBACK_ENTRY_GBPJPY
2026-03-25T18:30:18,USDJPY,long,4.74,159.225,159.188,159.302,94.12514336281544,0.1913,0.642,0.6051,7905068378,SCALP_LONG_FULL_ALIGNMENT_USDJPY
2026-03-25T18:30:44,EURUSD,long,0.01,100.05,96.2,106.9,100.2,0.1695,0.5939,0.4848,12345,SCALP_LONG_FULL_ALIGNMENT_EURUSD
2026-03-25T18:30:44,USDJPY,long,0.01,100.05,94.55,106.69,100.2,0.155,0.569,0.4225,12345,SCALP_LONG_PULLBACK_ENTRY_USDJPY
2026-03-25T18:30:44,USDCHF,long,0.01,100.05,97.7,102.87,100.2,0.155,0.6154,0.5385,12345,SCALP_LONG_FULL_ALIGNMENT_USDCHF
2026-03-25T18:30:44,XAUUSD,long,0.01,100.05,97.49,105.36,100.2,0.155,0.6053,0.5133,12345,SCALP_LONG_FULL_ALIGNMENT_XAUUSD
2026-03-25T18:30:45,GBPJPY,long,0.01,100.05,97.63,103.09,100.2,0.2149,0.613,0.5326,12345,SCALP_LONG_FULL_ALIGNMENT_GBPJPY
2026-03-25T18:30:45,US30,long,0.01,100.05,97.86,104.66,100.2,0.185,0.5455,0.3637,12345,SCALP_LONG_PULLBACK_ENTRY_US30
2026-03-25T18:30:45,US500,long,0.01,100.05,96.36,105.97,100.2,0.1496,0.6076,0.519,12345,SCALP_LONG_FULL_ALIGNMENT_US500
2026-03-25T18:30:45,USTEC,long,0.01,100.05,96.82,106.84,100.2,0.1963,0.6123,0.5307,12345,SCALP_LONG_PULLBACK_ENTRY_USTEC
2026-03-25T18:30:46,NZDUSD,long,0.01,100.05,96.23,105.12,100.2,0.185,0.5563,0.3907,12345,SCALP_LONG_PULLBACK_ENTRY_NZDUSD
2026-03-25T18:30:46,GBPJPY,long,0.01,100.05,97.41,103.22,100.2,0.1568,0.534,0.3351,12345,SCALP_LONG_PULLBACK_ENTRY_GBPJPY
2026-03-25T18:30:46,UK100,long,0.01,100.05,97.85,105.21,100.2,0.155,0.5488,0.372,12345,SCALP_LONG_PULLBACK_ENTRY_UK100
2026-03-25T18:30:46,US30,long,0.01,100.05,98.18,103.43,100.2,0.11,0.6183,0.5457,12345,SCALP_LONG_FULL_ALIGNMENT_US30
2026-03-25T18:30:46,USTEC,long,0.01,100.05,94.48,111.02,100.2,0.185,0.5608,0.4019,12345,SCALP_LONG_PULLBACK_ENTRY_USTEC
2026-03-25T18:30:48,NZDUSD,long,0.01,100.05,96.99,106.47,100.2,0.1734,0.6181,0.5454,12345,SCALP_LONG_PULLBACK_ENTRY_NZDUSD
2026-03-25T18:30:48,XAUUSD,long,0.01,100.05,97.49,104.05,100.2,0.2105,0.5909,0.4773,12345,SCALP_LONG_PULLBACK_ENTRY_XAUUSD
2026-03-25T18:30:48,GBPJPY,long,0.01,100.05,97.73,103.83,100.2,0.1536,0.5459,0.3648,12345,SCALP_LONG_PULLBACK_ENTRY_GBPJPY
2026-03-25T18:30:48,UK100,long,0.01,100.05,96.78,104.96,100.2,0.1884,0.5905,0.4762,12345,SCALP_LONG_FULL_ALIGNMENT_UK100
2026-03-25T18:30:48,US30,long,0.01,100.05,96.63,105.22,100.2,0.1814,0.5737,0.4343,12345,SCALP_LONG_FULL_ALIGNMENT_US30
2026-03-25T18:30:48,USTEC,long,0.01,100.05,97.61,103.35,100.2,0.155,0.5833,0.4583,12345,SCALP_LONG_FULL_ALIGNMENT_USTEC
2026-03-25T18:30:50,USDCAD,long,0.01,100.05,96.11,108.33,100.2,0.1632,0.5924,0.4811,12345,SCALP_LONG_PULLBACK_ENTRY_USDCAD
2026-03-25T18:30:50,NZDUSD,long,0.01,100.05,96.84,104.61,100.2,0.13,0.5877,0.4693,12345,SCALP_LONG_PULLBACK_ENTRY_NZDUSD
2026-03-25T18:30:50,EURJPY,long,0.01,100.05,97.29,105.38,100.2,0.1411,0.551,0.3774,12345,SCALP_LONG_PULLBACK_ENTRY_EURJPY
2026-03-25T18:30:52,USDCHF,long,0.01,100.05,97.34,103.3,100.2,0.155,0.5918,0.4795,12345,SCALP_LONG_FULL_ALIGNMENT_USDCHF
2026-03-25T18:30:52,AUDUSD,long,0.01,100.05,97.4,106.12,100.2,0.17,0.5221,0.3052,12345,SCALP_LONG_PULLBACK_ENTRY_AUDUSD
2026-03-25T18:30:52,USDCAD,long,0.01,100.05,97.67,103.01,100.2,0.1799,0.6138,0.5345,12345,SCALP_LONG_FULL_ALIGNMENT_USDCAD
2026-03-25T18:30:52,GBPJPY,long,0.01,100.05,97.23,103.52,100.2,0.1759,0.6428,0.6071,12345,SCALP_LONG_PULLBACK_ENTRY_GBPJPY
2026-03-25T18:30:52,US30,long,0.01,100.05,98.56,102.18,100.2,0.1508,0.6063,0.5156,12345,SCALP_LONG_FULL_ALIGNMENT_US30
2026-03-25T18:31:00,XAUUSD,short,0.01,100.0,102.49,97.79,250.5,0.675,0.6327,1.0635,12345,BALANCED_SHORT_PULLBACK_ENTRY_XAUUSD
2026-03-25T18:31:00,EURUSD,short,0.01,100.0,102.3,97.95,250.5,0.675,0.6538,1.1352,12345,BALANCED_SHORT_PULLBACK_ENTRY_EURUSD
2026-03-25T18:31:15,USDJPY,long,5.08,159.222,159.188,159.294,94.12861532904502,0.1913,0.6561,0.6402,7905082663,SCALP_LONG_FULL_ALIGNMENT_USDJPY
2026-03-25T18:32:15,USDJPY,long,5.06,159.233,159.199,159.305,93.66805404873824,0.1934,0.594,0.485,7905101750,SCALP_LONG_PULLBACK_ENTRY_USDJPY
2026-03-25T18:32:16,EURJPY,long,4.9,184.308,184.273,184.383,94.42436,0.1514,0.5007,0.2517,7905102045,SCALP_LONG_PULLBACK_ENTRY_EURJPY
2026-03-25T18:33:16,XAUUSD,long,1.34,4556.1,4549.04,4564.57,94.60437,0.1193,0.5703,0.4257,7905119691,SCALP_LONG_FULL_ALIGNMENT_XAUUSD
2026-03-25T18:35:17,GBPUSD,long,2.37,1.33904,1.33857,1.34002,95.59182000000001,0.1227,0.4489,0.1221,7905173308,SCALP_LONG_PULLBACK_ENTRY_GBPUSD
2026-03-25T18:36:16,EURUSD,long,2.26,1.1581299999999999,1.15764,1.15916,95.54960000000001,0.1382,0.5059,0.2646,7905191185,SCALP_LONG_FULL_ALIGNMENT_EURUSD
2026-03-25T18:37:17,USDCAD,long,4.32,1.38025,1.3799,1.38075,95.41099,0.1949,0.504,0.26,7905207643,SCALP_LONG_PULLBACK_ENTRY_USDCAD
2026-03-25T18:38:17,USDCAD,long,4.77,1.38046,1.38014,1.38086,95.51743,0.1993,0.4816,0.2041,7905223096,SCALP_LONG_PULLBACK_ENTRY_USDCAD
2026-03-25T18:39:18,USDJPY,long,5.21,159.204,159.17,159.274,94.81255299666007,0.1857,0.5848,0.4621,7905237467,SCALP_LONG_PULLBACK_ENTRY_USDJPY
2026-03-25T18:40:20,USDJPY,long,5.42,159.209,159.177,159.277,94.75126783275607,0.1861,0.5827,0.4569,7905252040,SCALP_LONG_PULLBACK_ENTRY_USDJPY
2026-03-25T18:41:19,EURUSD,long,0.01,100.05,96.39,107.06,100.2,0.1508,0.525,0.3125,12345,SCALP_LONG_PULLBACK_ENTRY_EURUSD
2026-03-25T18:41:20,USDCAD,long,0.01,100.05,97.7,102.87,100.2,0.1653,0.653,0.6324,12345,SCALP_LONG_FULL_ALIGNMENT_USDCAD
2026-03-25T18:41:20,GBPJPY,long,0.01,100.05,96.95,106.42,100.2,0.185,0.5339,0.3349,12345,SCALP_LONG_PULLBACK_ENTRY_GBPJPY
2026-03-25T18:41:20,UK100,long,0.01,100.05,96.39,107.06,100.2,0.1508,0.525,0.3125,12345,SCALP_LONG_PULLBACK_ENTRY_UK100
2026-03-25T18:41:20,USTEC,long,0.01,100.05,96.92,105.0,100.2,0.1657,0.5899,0.4747,12345,SCALP_LONG_PULLBACK_ENTRY_USTEC
2026-03-25T18:41:23,USDJPY,long,0.01,100.05,96.38,106.97,100.2,0.1508,0.5478,0.3695,12345,SCALP_LONG_PULLBACK_ENTRY_USDJPY
2026-03-25T18:41:23,XAUUSD,long,0.01,100.05,97.34,105.2,100.2,0.173,0.5373,0.3432,12345,SCALP_LONG_PULLBACK_ENTRY_XAUUSD
2026-03-25T18:41:24,US500,long,0.01,100.05,97.04,103.93,100.2,0.155,0.6319,0.5798,12345,SCALP_LONG_FULL_ALIGNMENT_US500
2026-03-25T18:41:26,USDJPY,long,0.01,100.05,96.82,103.92,100.2,0.1508,0.5829,0.4574,12345,SCALP_LONG_FULL_ALIGNMENT_USDJPY
2026-03-25T18:41:26,GBPJPY,long,0.01,100.05,96.41,104.41,100.2,0.1508,0.5461,0.3653,12345,SCALP_LONG_PULLBACK_ENTRY_GBPJPY
2026-03-25T18:41:26,DAX,long,0.01,100.05,96.49,107.25,100.2,0.1657,0.5911,0.4779,12345,SCALP_LONG_PULLBACK_ENTRY_DAX
2026-03-25T18:41:27,USTEC,long,0.01,100.05,97.84,103.41,100.2,0.1508,0.5865,0.4662,12345,SCALP_LONG_FULL_ALIGNMENT_USTEC
2026-03-25T18:41:31,GBPJPY,long,0.01,100.05,97.84,103.41,100.2,0.1508,0.5862,0.4656,12345,SCALP_LONG_FULL_ALIGNMENT_GBPJPY
2026-03-25T18:41:31,USTEC,long,0.01,100.05,96.43,107.64,100.2,0.155,0.5324,0.331,12345,SCALP_LONG_PULLBACK_ENTRY_USTEC
2026-03-25T18:41:35,USDCAD,long,0.01,100.05,96.88,106.7,100.2,0.155,0.5242,0.3104,12345,SCALP_LONG_PULLBACK_ENTRY_USDCAD
2026-03-25T18:41:35,XAUUSD,long,0.01,100.05,97.79,102.91,100.2,0.1508,0.6126,0.5314,12345,SCALP_LONG_FULL_ALIGNMENT_XAUUSD
2026-03-25T18:41:35,US30,long,0.01,100.05,95.22,109.1,100.2,0.1508,0.5486,0.3715,12345,SCALP_LONG_PULLBACK_ENTRY_US30
2026-03-25T18:41:35,USTEC,long,0.01,100.05,97.8,104.76,100.2,0.1508,0.6043,0.5107,12345,SCALP_LONG_FULL_ALIGNMENT_USTEC
2026-03-25T18:41:42,EURUSD,short,0.01,100.0,102.89,97.43,250.5,0.7752,0.7156,1.3832,12345,BALANCED_SHORT_PULLBACK_ENTRY_EURUSD
2026-03-25T18:41:42,BTCUSD,short,0.01,100.0,103.02,97.32,250.5,0.6925,0.6714,1.2266,12345,BALANCED_SHORT_PULLBACK_ENTRY_BTCUSD
2026-03-25T18:41:42,XAUUSD,short,0.01,100.0,102.89,97.43,250.5,0.7752,0.7156,1.3832,12345,BALANCED_SHORT_PULLBACK_ENTRY_XAUUSD
2026-03-25T18:41:43,USDJPY,long,5.67,159.207,159.176,159.272,94.49696118629392,0.1863,0.5633,0.4083,7905272293,SCALP_LONG_PULLBACK_ENTRY_USDJPY
2026-03-25T18:41:43,NASDAQ:MSFT,short,0.01,100.0,102.89,97.43,250.5,0.7752,0.7156,1.3832,12345,BALANCED_SHORT_PULLBACK_ENTRY_NASDAQ:MSFT
2026-03-25T18:41:43,EURUSD,short,0.01,100.0,102.89,97.43,250.5,0.7752,0.7167,1.387,12345,BALANCED_SHORT_PULLBACK_ENTRY_EURUSD
2026-03-25T18:42:25,USDJPY,long,5.42,159.201,159.169,159.268,94.44231243784016,0.1707,0.5674,0.4184,7905282944,SCALP_LONG_PULLBACK_ENTRY_USDJPY
2026-03-25T18:42:26,USDCAD,long,4.88,1.38052,1.38021,1.38089,95.20486999999999,0.1619,0.4649,0.1621,7905283096,SCALP_LONG_PULLBACK_ENTRY_USDCAD
2026-03-25T18:43:22,EURJPY,long,5.03,184.359,184.324,184.432,95.01853999999999,0.1471,0.5038,0.2595,7905300452,SCALP_LONG_PULLBACK_ENTRY_EURJPY
2026-03-25T18:44:22,GBPUSD,long,2.4,1.33897,1.33851,1.33993,94.90236,0.1114,0.5014,0.2535,7905318050,SCALP_LONG_PULLBACK_ENTRY_GBPUSD
2026-03-25T18:44:23,EURJPY,long,4.77,184.352,184.315,184.429,94.90236,0.1461,0.5001,0.2502,7905318278,SCALP_LONG_PULLBACK_ENTRY_EURJPY
2026-03-25T18:46:22,USDJPY,long,5.12,159.206,159.172,159.276,93.28281231804641,0.1872,0.5273,0.277,7905350042,SCALP_LONG_PULLBACK_ENTRY_USDJPY
2026-03-25T18:46:28,USDCAD,long,4.36,1.3804699999999999,1.38014,1.38087,90.07000815183177,0.1964,0.4886,0.1878,7905351583,SCALP_LONG_PULLBACK_ENTRY_USDCAD
2026-03-25T18:46:36,EURJPY,long,3.17,184.37,184.335,184.429,60.41235302633383,0.1683,0.4515,0.1057,7905352989,SCALP_LONG_PULLBACK_ENTRY_EURJPY
2026-03-25T18:49:21,GBPJPY,long,2.91,213.179,213.119,213.288,95.17346000000002,0.1976,0.5102,0.1997,7905389124,SCALP_LONG_PULLBACK_ENTRY_GBPJPY
2026-03-25T18:52:42,USDCHF,long,1.8,0.79086,0.79057,0.79147,56.828436,0.1623,0.5266,0.2793,7905441120,SCALP_LONG_FULL_ALIGNMENT_USDCHF
2026-03-25T18:53:39,GBPUSD,long,1.16,1.33837,1.33776,1.33942,60.85403514593415,0.1196,0.5112,0.2159,7905468781,SCALP_LONG_PULLBACK_ENTRY_GBPUSD
2026-03-25T18:53:49,AUDUSD,long,2.27,0.69631,0.69583,0.69709,93.95939,0.1375,0.4902,0.1984,7905473103,SCALP_LONG_PULLBACK_ENTRY_AUDUSD
2026-03-25T18:55:40,EURUSD,long,1.25,1.15759,1.15702,1.15828,62.08567819491665,0.1316,0.4898,0.201,7905518160,SCALP_LONG_PULLBACK_ENTRY_EURUSD
2026-03-25T18:55:45,EURJPY,long,2.15,184.366,184.318,184.467,56.285688,0.1672,0.4513,0.0949,7905519687,SCALP_LONG_PULLBACK_ENTRY_EURJPY
2026-03-25T18:59:42,USDCAD,long,3.19,1.38101,1.38055,1.38183,92.8490997878306,0.2029,0.4721,0.1644,7905594564,SCALP_LONG_PULLBACK_ENTRY_USDCAD
2026-03-25T19:01:50,EURUSD,long,0.01,100.05,96.39,107.06,100.2,0.719,0.5244,0.311,12345,SCALP_LONG_PULLBACK_ENTRY_EURUSD
2026-03-25T19:01:50,GBPUSD,long,0.01,100.05,96.39,107.06,100.2,0.7194,0.53,0.325,12345,SCALP_LONG_PULLBACK_ENTRY_GBPUSD
2026-03-25T19:01:50,USDJPY,long,0.01,100.05,97.65,102.93,100.2,0.6452,0.5348,0.3371,12345,SCALP_LONG_PULLBACK_ENTRY_USDJPY
2026-03-25T19:01:50,USDCHF,long,0.01,100.05,96.39,107.06,100.2,0.7362,0.5229,0.3072,12345,SCALP_LONG_PULLBACK_ENTRY_USDCHF
2026-03-25T19:01:50,AUDUSD,long,0.01,100.05,97.8,102.75,100.2,0.9164,0.5669,0.4174,12345,SCALP_LONG_PULLBACK_ENTRY_AUDUSD
2026-03-25T19:01:50,USDCAD,long,0.01,100.05,96.93,104.45,100.2,0.7678,0.5926,0.4816,12345,SCALP_LONG_PULLBACK_ENTRY_USDCAD
2026-03-25T19:01:50,NZDUSD,long,0.01,100.05,96.39,107.06,100.2,0.719,0.5244,0.311,12345,SCALP_LONG_PULLBACK_ENTRY_NZDUSD
2026-03-25T19:01:50,XAUUSD,long,0.01,100.05,96.4,104.43,100.2,0.7169,0.6027,0.5067,12345,SCALP_LONG_PULLBACK_ENTRY_XAUUSD
2026-03-25T19:01:50,EURJPY,long,0.01,100.05,96.46,104.36,100.2,0.7245,0.5994,0.4984,12345,SCALP_LONG_PULLBACK_ENTRY_EURJPY
2026-03-25T19:01:50,GBPJPY,long,0.01,100.05,95.47,107.55,100.2,0.9094,0.6395,0.5988,12345,SCALP_LONG_PULLBACK_ENTRY_GBPJPY
2026-03-25T19:01:50,DAX,long,0.01,100.05,97.38,104.07,100.2,0.783,0.5793,0.4482,12345,SCALP_LONG_PULLBACK_ENTRY_DAX
2026-03-25T19:01:50,UK100,long,0.01,100.05,97.61,105.18,100.2,0.6579,0.6364,0.591,12345,SCALP_LONG_FULL_ALIGNMENT_UK100
2026-03-25T19:01:50,US30,long,0.01,100.05,96.39,107.06,100.2,0.719,0.5247,0.3117,12345,SCALP_LONG_PULLBACK_ENTRY_US30
2026-03-25T19:01:51,USTEC,long,0.01,100.05,97.63,105.14,100.2,0.7328,0.6234,0.5585,12345,SCALP_LONG_PULLBACK_ENTRY_USTEC
2026-03-25T19:01:52,EURUSD,long,0.01,100.05,96.77,106.93,100.2,0.7506,0.5315,0.3289,12345,SCALP_LONG_PULLBACK_ENTRY_EURUSD
2026-03-25T19:01:52,GBPUSD,short,0.01,100.0,103.44,95.87,100.2,0.8175,0.5499,0.3746,12345,SCALP_SHORT_PULLBACK_ENTRY_GBPUSD
2026-03-25T19:01:52,USDJPY,long,0.01,100.05,97.11,104.18,100.2,0.7649,0.5394,0.3484,12345,SCALP_LONG_PULLBACK_ENTRY_USDJPY
2026-03-25T19:01:52,AUDUSD,short,0.01,100.0,103.36,92.94,100.2,0.694,0.6229,0.5572,12345,SCALP_SHORT_PULLBACK_ENTRY_AUDUSD
2026-03-25T19:01:52,USDCAD,long,0.01,100.05,96.47,105.53,100.2,0.7659,0.5332,0.3329,12345,SCALP_LONG_PULLBACK_ENTRY_USDCAD
2026-03-25T19:01:52,NZDUSD,long,0.01,100.05,96.25,104.61,100.2,0.7247,0.546,0.365,12345,SCALP_LONG_PULLBACK_ENTRY_NZDUSD
2026-03-25T19:01:53,XAUUSD,long,0.01,100.05,96.39,107.06,100.2,0.7194,0.5309,0.3274,12345,SCALP_LONG_PULLBACK_ENTRY_XAUUSD
2026-03-25T19:01:53,EURJPY,long,0.01,100.05,97.63,102.95,100.2,0.8292,0.6896,0.724,12345,SCALP_LONG_FULL_ALIGNMENT_EURJPY
2026-03-25T19:01:53,GBPJPY,long,0.01,100.05,97.26,105.92,100.2,0.7885,0.5488,0.3721,12345,SCALP_LONG_PULLBACK_ENTRY_GBPJPY
2026-03-25T19:01:53,DAX,long,0.01,100.05,96.39,107.06,100.2,0.719,0.5247,0.3117,12345,SCALP_LONG_PULLBACK_ENTRY_DAX
2026-03-25T19:01:53,UK100,long,0.01,100.05,97.96,103.59,100.2,0.9025,0.6325,0.5813,12345,SCALP_LONG_FULL_ALIGNMENT_UK100
2026-03-25T19:01:53,US500,long,0.01,100.05,97.22,105.28,100.2,0.8457,0.6091,0.5227,12345,SCALP_LONG_FULL_ALIGNMENT_US500
2026-03-25T19:01:53,USTEC,long,0.01,100.05,96.39,107.06,100.2,0.7361,0.6018,0.5046,12345,SCALP_LONG_PULLBACK_ENTRY_USTEC
2026-03-25T19:01:56,EURUSD,long,0.01,100.05,96.39,107.06,100.2,0.719,0.5244,0.311,12345,SCALP_LONG_PULLBACK_ENTRY_EURUSD
2026-03-25T19:01:56,GBPUSD,long,0.01,100.05,96.39,107.06,100.2,0.719,0.5244,0.311,12345,SCALP_LONG_PULLBACK_ENTRY_GBPUSD
2026-03-25T19:01:56,USDJPY,long,0.01,100.05,96.49,107.25,100.2,0.7667,0.5826,0.4566,12345,SCALP_LONG_PULLBACK_ENTRY_USDJPY
2026-03-25T19:01:56,USDCHF,long,0.01,100.05,96.39,107.06,100.2,0.7194,0.5254,0.3136,12345,SCALP_LONG_PULLBACK_ENTRY_USDCHF
2026-03-25T19:01:56,AUDUSD,long,0.01,100.05,97.84,102.7,100.2,0.6494,0.5454,0.3636,12345,SCALP_LONG_PULLBACK_ENTRY_AUDUSD
2026-03-25T19:01:56,USDCAD,long,0.01,100.05,96.83,103.92,100.2,0.728,0.547,0.3674,12345,SCALP_LONG_PULLBACK_ENTRY_USDCAD
2026-03-25T19:01:56,NZDUSD,long,0.01,100.05,97.54,103.06,100.2,0.8135,0.5558,0.3894,12345,SCALP_LONG_PULLBACK_ENTRY_NZDUSD
2026-03-25T19:01:56,XAUUSD,long,0.01,100.05,96.39,107.06,100.2,0.7214,0.5724,0.4311,12345,SCALP_LONG_PULLBACK_ENTRY_XAUUSD
2026-03-25T19:01:56,GBPJPY,long,0.01,100.05,96.39,107.06,100.2,0.7194,0.5304,0.3261,12345,SCALP_LONG_PULLBACK_ENTRY_GBPJPY
2026-03-25T19:01:56,DAX,long,0.01,100.05,96.39,107.06,100.2,0.719,0.5244,0.311,12345,SCALP_LONG_PULLBACK_ENTRY_DAX
2026-03-25T19:01:56,UK100,long,0.01,100.05,96.39,107.06,100.2,0.719,0.5244,0.311,12345,SCALP_LONG_PULLBACK_ENTRY_UK100
2026-03-25T19:01:56,US30,long,0.01,100.05,96.39,107.06,100.2,0.719,0.5242,0.3106,12345,SCALP_LONG_PULLBACK_ENTRY_US30
2026-03-25T19:01:57,US500,long,0.01,100.05,96.39,107.06,100.2,0.719,0.5244,0.311,12345,SCALP_LONG_PULLBACK_ENTRY_US500
2026-03-25T19:01:57,USTEC,long,0.01,100.05,96.39,107.06,100.2,0.719,0.5244,0.311,12345,SCALP_LONG_PULLBACK_ENTRY_USTEC
2026-03-25T19:01:58,EURUSD,long,0.01,100.05,96.39,107.06,100.2,0.7194,0.5297,0.3243,12345,SCALP_LONG_PULLBACK_ENTRY_EURUSD
2026-03-25T19:01:58,GBPUSD,long,0.01,100.05,96.99,103.72,100.2,0.7136,0.5276,0.319,12345,SCALP_LONG_PULLBACK_ENTRY_GBPUSD
2026-03-25T19:01:58,USDJPY,long,0.01,100.05,96.39,107.06,100.2,0.7332,0.5404,0.3511,12345,SCALP_LONG_PULLBACK_ENTRY_USDJPY
2026-03-25T19:01:58,USDCHF,long,0.01,100.05,96.39,107.06,100.2,0.7325,0.523,0.3076,12345,SCALP_LONG_PULLBACK_ENTRY_USDCHF
2026-03-25T19:01:58,XAUUSD,long,0.01,100.05,96.89,105.54,100.2,0.7707,0.5265,0.3162,12345,SCALP_LONG_PULLBACK_ENTRY_XAUUSD
2026-03-25T19:01:58,GBPJPY,long,0.01,100.05,97.94,102.58,100.2,0.8312,0.6582,0.6455,12345,SCALP_LONG_FULL_ALIGNMENT_GBPJPY
2026-03-25T19:01:59,DAX,long,0.01,100.05,96.97,106.53,100.2,0.9222,0.5262,0.3154,12345,SCALP_LONG_PULLBACK_ENTRY_DAX
2026-03-25T19:01:59,UK100,long,0.01,100.05,97.76,104.87,100.2,0.7321,0.5342,0.3355,12345,SCALP_LONG_PULLBACK_ENTRY_UK100
2026-03-25T19:01:59,US30,long,0.01,100.05,96.93,104.45,100.2,0.7599,0.534,0.3349,12345,SCALP_LONG_PULLBACK_ENTRY_US30
2026-03-25T19:01:59,US500,long,0.01,100.05,97.08,106.29,100.2,0.6904,0.5987,0.4967,12345,SCALP_LONG_PULLBACK_ENTRY_US500
2026-03-25T19:01:59,USTEC,long,0.01,100.05,95.81,105.14,100.2,0.6504,0.5738,0.4345,12345,SCALP_LONG_PULLBACK_ENTRY_USTEC
2026-03-25T19:02:01,EURUSD,short,0.01,100.0,102.94,95.87,100.2,0.7672,0.6337,0.5842,12345,SCALP_SHORT_PULLBACK_ENTRY_EURUSD
2026-03-25T19:02:01,GBPUSD,long,0.01,100.05,98.11,102.38,100.2,0.5384,0.5224,0.3059,12345,SCALP_LONG_PULLBACK_ENTRY_GBPUSD
2026-03-25T19:02:01,USDJPY,long,0.01,100.05,97.8,104.76,100.2,0.8014,0.573,0.4324,12345,SCALP_LONG_PULLBACK_ENTRY_USDJPY
2026-03-25T19:02:01,USDCHF,long,0.01,100.05,96.39,107.06,100.2,0.7194,0.538,0.3451,12345,SCALP_LONG_PULLBACK_ENTRY_USDCHF
2026-03-25T19:02:01,AUDUSD,long,0.01,100.05,97.67,103.95,100.2,0.812,0.5516,0.379,12345,SCALP_LONG_PULLBACK_ENTRY_AUDUSD
2026-03-25T19:02:01,USDCAD,long,0.01,100.05,97.11,104.18,100.2,0.767,0.6148,0.5369,12345,SCALP_LONG_PULLBACK_ENTRY_USDCAD
2026-03-25T19:02:01,NZDUSD,long,0.01,100.05,96.39,107.06,100.2,0.7226,0.5307,0.3267,12345,SCALP_LONG_PULLBACK_ENTRY_NZDUSD
2026-03-25T19:02:01,XAUUSD,long,0.01,100.05,97.51,103.86,100.2,0.7158,0.5332,0.3329,12345,SCALP_LONG_PULLBACK_ENTRY_XAUUSD
2026-03-25T19:02:01,EURJPY,long,0.01,100.05,96.39,104.57,100.2,0.7583,0.5394,0.3485,12345,SCALP_LONG_PULLBACK_ENTRY_EURJPY
2026-03-25T19:02:01,GBPJPY,long,0.01,100.05,96.98,104.74,100.2,0.7731,0.5291,0.3229,12345,SCALP_LONG_PULLBACK_ENTRY_GBPJPY
2026-03-25T19:02:01,DAX,long,0.01,100.05,96.39,107.06,100.2,0.719,0.5245,0.3113,12345,SCALP_LONG_PULLBACK_ENTRY_DAX
2026-03-25T19:02:01,UK100,long,0.01,100.05,96.92,104.4,100.2,0.7697,0.5424,0.356,12345,SCALP_LONG_PULLBACK_ENTRY_UK100
2026-03-25T19:02:01,US30,long,0.01,100.05,96.39,107.06,100.2,0.7352,0.5226,0.3064,12345,SCALP_LONG_PULLBACK_ENTRY_US30
2026-03-25T19:02:01,US500,long,0.01,100.05,96.77,106.6,100.2,0.7712,0.5328,0.3319,12345,SCALP_LONG_PULLBACK_ENTRY_US500
2026-03-25T19:02:01,USTEC,long,0.01,100.05,96.83,105.76,100.2,0.7546,0.5735,0.4338,12345,SCALP_LONG_PULLBACK_ENTRY_USTEC
2026-03-25T19:02:07,EURUSD,short,0.01,100.0,102.89,97.43,250.5,0.7752,0.7156,1.3832,12345,BALANCED_SHORT_PULLBACK_ENTRY_EURUSD
2026-03-25T19:02:07,BTCUSD,short,0.01,100.0,102.89,97.43,250.5,0.7752,0.7156,1.3832,12345,BALANCED_SHORT_PULLBACK_ENTRY_BTCUSD
2026-03-25T19:02:07,XAUUSD,short,0.01,100.0,101.92,97.43,250.5,0.675,0.6411,1.1066,12345,BALANCED_SHORT_PULLBACK_ENTRY_XAUUSD
2026-03-25T19:02:08,EURUSD,short,0.01,100.0,102.57,97.72,250.5,0.6601,0.6692,1.1752,12345,BALANCED_SHORT_PULLBACK_ENTRY_EURUSD
2026-03-25T19:03:19,EURUSD,long,0.01,100.05,97.11,105.88,100.2,0.7781,0.5345,0.3363,12345,SCALP_LONG_PULLBACK_ENTRY_EURUSD
2026-03-25T19:03:19,GBPUSD,long,0.01,100.05,97.13,104.95,100.2,0.7599,0.5303,0.3259,12345,SCALP_LONG_PULLBACK_ENTRY_GBPUSD
2026-03-25T19:03:19,USDJPY,long,0.01,100.05,97.95,102.57,100.2,0.8681,0.6105,0.5263,12345,SCALP_LONG_FULL_ALIGNMENT_USDJPY
2026-03-25T19:03:19,USDCHF,long,0.01,100.05,96.39,107.06,100.2,0.7286,0.5228,0.3071,12345,SCALP_LONG_PULLBACK_ENTRY_USDCHF
2026-03-25T19:03:19,AUDUSD,long,0.01,100.05,97.8,104.76,100.2,0.8072,0.5741,0.4351,12345,SCALP_LONG_PULLBACK_ENTRY_AUDUSD
2026-03-25T19:03:19,USDCAD,long,0.01,100.05,96.39,107.06,100.2,0.719,0.5244,0.311,12345,SCALP_LONG_PULLBACK_ENTRY_USDCAD
2026-03-25T19:03:20,XAUUSD,long,0.01,100.05,97.8,104.76,100.2,0.8108,0.6074,0.5184,12345,SCALP_LONG_FULL_ALIGNMENT_XAUUSD
2026-03-25T19:03:20,EURJPY,long,0.01,100.05,96.39,107.06,100.2,0.7197,0.5349,0.3373,12345,SCALP_LONG_PULLBACK_ENTRY_EURJPY
2026-03-25T19:03:20,DAX,long,0.01,100.05,96.93,104.45,100.2,0.7724,0.5387,0.3468,12345,SCALP_LONG_PULLBACK_ENTRY_DAX
2026-03-25T19:03:20,UK100,long,0.01,100.05,96.39,107.06,100.2,0.719,0.5244,0.311,12345,SCALP_LONG_PULLBACK_ENTRY_UK100
2026-03-25T19:03:20,US30,long,0.01,100.05,96.39,107.06,100.2,0.7362,0.5226,0.3065,12345,SCALP_LONG_PULLBACK_ENTRY_US30
2026-03-25T19:03:20,US500,short,0.01,100.0,102.8,95.19,100.2,0.7664,0.6337,0.5841,12345,SCALP_SHORT_PULLBACK_ENTRY_US500
2026-03-25T19:03:20,USTEC,long,0.01,100.05,97.57,105.26,100.2,0.7324,0.5269,0.3172,12345,SCALP_LONG_PULLBACK_ENTRY_USTEC
2026-03-25T19:03:23,EURUSD,long,0.01,100.05,96.39,107.06,100.2,0.7358,0.5215,0.3038,12345,SCALP_LONG_PULLBACK_ENTRY_EURUSD
2026-03-25T19:03:23,GBPUSD,long,0.01,100.05,96.39,107.06,100.2,0.719,0.5244,0.311,12345,SCALP_LONG_PULLBACK_ENTRY_GBPUSD
2026-03-25T19:03:23,USDJPY,long,0.01,100.05,96.75,104.04,100.2,0.8869,0.6135,0.5337,12345,SCALP_LONG_FULL_ALIGNMENT_USDJPY
2026-03-25T19:03:23,USDCHF,long,0.01,100.05,97.49,105.42,100.2,0.7509,0.5362,0.3406,12345,SCALP_LONG_PULLBACK_ENTRY_USDCHF
2026-03-25T19:03:23,AUDUSD,long,0.01,100.05,96.39,107.06,100.2,0.7218,0.6035,0.5088,12345,SCALP_LONG_PULLBACK_ENTRY_AUDUSD
2026-03-25T19:03:23,USDCAD,long,0.01,100.05,97.84,103.94,100.2,0.8117,0.5483,0.3708,12345,SCALP_LONG_PULLBACK_ENTRY_USDCAD
2026-03-25T19:03:23,NZDUSD,short,0.01,100.0,103.71,95.55,100.2,0.7204,0.6555,0.6386,12345,SCALP_SHORT_FULL_ALIGNMENT_NZDUSD
2026-03-25T19:03:23,XAUUSD,long,0.01,100.05,97.64,104.39,100.2,0.8077,0.5516,0.3789,12345,SCALP_LONG_PULLBACK_ENTRY_XAUUSD
2026-03-25T19:03:23,EURJPY,long,0.01,100.05,96.62,105.52,100.2,0.7336,0.5411,0.3528,12345,SCALP_LONG_PULLBACK_ENTRY_EURJPY
2026-03-25T19:03:23,GBPJPY,long,0.01,100.05,97.74,104.86,100.2,0.8534,0.6069,0.5171,12345,SCALP_LONG_FULL_ALIGNMENT_GBPJPY
2026-03-25T19:03:23,DAX,long,0.01,100.05,97.55,103.06,100.2,0.9192,0.5238,0.3096,12345,SCALP_LONG_PULLBACK_ENTRY_DAX
2026-03-25T19:03:23,UK100,long,0.01,100.05,97.06,103.64,100.2,0.8185,0.5526,0.3815,12345,SCALP_LONG_PULLBACK_ENTRY_UK100
2026-03-25T19:03:23,US30,long,0.01,100.05,97.03,105.27,100.2,0.7713,0.5918,0.4794,12345,SCALP_LONG_PULLBACK_ENTRY_US30
2026-03-25T19:03:23,US500,long,0.01,100.05,96.6,107.23,100.2,0.7619,0.5286,0.3214,12345,SCALP_LONG_PULLBACK_ENTRY_US500
2026-03-25T19:03:23,USTEC,long,0.01,100.05,97.1,105.74,100.2,0.7609,0.5424,0.3561,12345,SCALP_LONG_PULLBACK_ENTRY_USTEC
2026-03-25T19:03:26,EURUSD,long,0.01,100.05,96.39,107.06,100.2,0.7196,0.5243,0.3108,12345,SCALP_LONG_PULLBACK_ENTRY_EURUSD
2026-03-25T19:03:26,GBPUSD,long,0.01,100.05,96.39,107.06,100.2,0.7227,0.5307,0.3267,12345,SCALP_LONG_PULLBACK_ENTRY_GBPUSD
2026-03-25T19:03:26,USDJPY,long,0.01,100.05,96.39,107.06,100.2,0.719,0.5244,0.311,12345,SCALP_LONG_PULLBACK_ENTRY_USDJPY
2026-03-25T19:03:26,USDCHF,long,0.01,100.05,97.25,104.86,100.2,0.7727,0.5292,0.3231,12345,SCALP_LONG_PULLBACK_ENTRY_USDCHF
2026-03-25T19:03:26,AUDUSD,long,0.01,100.05,96.53,107.24,100.2,0.762,0.552,0.38,12345,SCALP_LONG_PULLBACK_ENTRY_AUDUSD
2026-03-25T19:03:26,USDCAD,long,0.01,100.05,97.25,103.41,100.2,0.785,0.5496,0.3739,12345,SCALP_LONG_PULLBACK_ENTRY_USDCAD
2026-03-25T19:03:26,XAUUSD,long,0.01,100.05,96.99,103.72,100.2,0.7415,0.574,0.4351,12345,SCALP_LONG_PULLBACK_ENTRY_XAUUSD
2026-03-25T19:03:26,EURJPY,long,0.01,100.05,96.39,107.06,100.2,0.7273,0.5375,0.3436,12345,SCALP_LONG_PULLBACK_ENTRY_EURJPY
2026-03-25T19:03:26,GBPJPY,long,0.01,100.05,97.82,102.72,100.2,0.6962,0.5813,0.4534,12345,SCALP_LONG_FULL_ALIGNMENT_GBPJPY
2026-03-25T19:03:26,DAX,long,0.01,100.05,96.39,107.06,100.2,0.719,0.5244,0.311,12345,SCALP_LONG_PULLBACK_ENTRY_DAX
2026-03-25T19:03:26,UK100,long,0.01,100.05,96.53,107.24,100.2,0.7728,0.529,0.3225,12345,SCALP_LONG_PULLBACK_ENTRY_UK100
2026-03-25T19:03:26,US30,long,0.01,100.05,96.39,107.06,100.2,0.7144,0.6054,0.5134,12345,SCALP_LONG_PULLBACK_ENTRY_US30
2026-03-25T19:03:26,US500,long,0.01,100.05,95.89,108.78,100.2,0.6927,0.5249,0.3122,12345,SCALP_LONG_PULLBACK_ENTRY_US500
2026-03-25T19:03:26,USTEC,long,0.01,100.05,97.84,102.71,100.2,0.8987,0.5522,0.3805,12345,SCALP_LONG_PULLBACK_ENTRY_USTEC
2026-03-25T19:03:29,EURUSD,long,0.01,100.05,96.67,105.23,100.2,0.7684,0.6229,0.5573,12345,SCALP_LONG_FULL_ALIGNMENT_EURUSD
2026-03-25T19:03:29,GBPUSD,short,0.01,100.0,103.56,95.29,100.2,0.7744,0.6319,0.5797,12345,SCALP_SHORT_PULLBACK_ENTRY_GBPUSD
2026-03-25T19:03:29,USDJPY,long,0.01,100.05,96.89,107.19,100.2,0.7117,0.5274,0.3184,12345,SCALP_LONG_PULLBACK_ENTRY_USDJPY
2026-03-25T19:03:29,USDCHF,long,0.01,100.05,97.8,102.75,100.2,0.9144,0.5652,0.4131,12345,SCALP_LONG_PULLBACK_ENTRY_USDCHF
2026-03-25T19:03:29,AUDUSD,long,0.01,100.05,96.39,107.06,100.2,0.7372,0.6018,0.5044,12345,SCALP_LONG_PULLBACK_ENTRY_AUDUSD
2026-03-25T19:03:29,XAUUSD,long,0.01,100.05,97.07,105.33,100.2,0.7715,0.5921,0.4803,12345,SCALP_LONG_PULLBACK_ENTRY_XAUUSD
2026-03-25T19:03:29,EURJPY,short,0.01,100.0,103.12,95.36,100.2,0.7752,0.6251,0.5627,12345,SCALP_SHORT_PULLBACK_ENTRY_EURJPY
2026-03-25T19:03:29,GBPJPY,long,0.01,100.05,97.06,106.33,100.2,0.7841,0.5245,0.3113,12345,SCALP_LONG_PULLBACK_ENTRY_GBPJPY
2026-03-25T19:03:29,DAX,long,0.01,100.05,96.71,107.17,100.2,0.7311,0.5771,0.4427,12345,SCALP_LONG_PULLBACK_ENTRY_DAX
2026-03-25T19:03:29,UK100,long,0.01,100.05,97.8,102.75,100.2,0.914,0.5214,0.3036,12345,SCALP_LONG_PULLBACK_ENTRY_UK100
2026-03-25T19:03:29,US30,long,0.01,100.05,96.39,107.06,100.2,0.7194,0.5304,0.3261,12345,SCALP_LONG_PULLBACK_ENTRY_US30
2026-03-25T19:03:29,US500,long,0.01,100.05,97.25,104.86,100.2,0.7738,0.5819,0.4546,12345,SCALP_LONG_PULLBACK_ENTRY_US500
2026-03-25T19:03:32,EURUSD,long,0.01,100.05,97.8,102.75,100.2,0.914,0.5214,0.3036,12345,SCALP_LONG_PULLBACK_ENTRY_EURUSD
2026-03-25T19:03:32,GBPUSD,long,0.01,100.05,96.39,107.06,100.2,0.7184,0.5245,0.3111,12345,SCALP_LONG_PULLBACK_ENTRY_GBPUSD
2026-03-25T19:03:32,USDJPY,long,0.01,100.05,97.7,102.87,100.2,0.862,0.6524,0.6309,12345,SCALP_LONG_FULL_ALIGNMENT_USDJPY
2026-03-25T19:03:32,USDCHF,long,0.01,100.05,96.39,107.06,100.2,0.7117,0.5254,0.3135,12345,SCALP_LONG_PULLBACK_ENTRY_USDCHF
2026-03-25T19:03:32,AUDUSD,long,0.01,100.05,97.0,103.93,100.2,0.7531,0.5955,0.4889,12345,SCALP_LONG_FULL_ALIGNMENT_AUDUSD
2026-03-25T19:03:32,USDCAD,long,0.01,100.05,96.68,106.46,100.2,0.7605,0.5426,0.3566,12345,SCALP_LONG_PULLBACK_ENTRY_USDCAD
2026-03-25T19:03:32,NZDUSD,long,0.01,100.05,96.69,104.76,100.2,0.894,0.6978,0.7445,12345,SCALP_LONG_FULL_ALIGNMENT_NZDUSD
2026-03-25T19:03:32,XAUUSD,long,0.01,100.05,97.17,105.98,100.2,0.6726,0.5359,0.3397,12345,SCALP_LONG_PULLBACK_ENTRY_XAUUSD
2026-03-25T19:03:32,EURJPY,long,0.01,100.05,96.39,107.06,100.2,0.7194,0.5294,0.3236,12345,SCALP_LONG_PULLBACK_ENTRY_EURJPY
2026-03-25T19:03:32,GBPJPY,long,0.01,100.05,96.39,107.06,100.2,0.7286,0.5359,0.3398,12345,SCALP_LONG_PULLBACK_ENTRY_GBPJPY
2026-03-25T19:03:32,DAX,long,0.01,100.05,96.39,107.06,100.2,0.7371,0.5358,0.3395,12345,SCALP_LONG_PULLBACK_ENTRY_DAX
2026-03-25T19:03:32,UK100,long,0.01,100.05,96.44,105.67,100.2,0.7779,0.6098,0.5244,12345,SCALP_LONG_FULL_ALIGNMENT_UK100
2026-03-25T19:03:32,US30,long,0.01,100.05,96.39,107.06,100.2,0.719,0.5242,0.3106,12345,SCALP_LONG_PULLBACK_ENTRY_US30
2026-03-25T19:03:32,US500,long,0.01,100.05,96.39,107.06,100.2,0.719,0.5244,0.311,12345,SCALP_LONG_PULLBACK_ENTRY_US500
2026-03-25T19:03:32,USTEC,long,0.01,100.05,96.39,107.06,100.2,0.719,0.5242,0.3106,12345,SCALP_LONG_PULLBACK_ENTRY_USTEC
2026-03-25T19:03:38,EURUSD,short,0.01,100.0,101.75,97.67,250.5,0.6908,0.6569,1.1776,12345,BALANCED_SHORT_PULLBACK_ENTRY_EURUSD
2026-03-25T19:03:38,BTCUSD,short,0.01,100.0,102.56,97.72,250.5,0.6572,0.601,0.923,12345,BALANCED_SHORT_PULLBACK_ENTRY_BTCUSD
2026-03-25T19:03:39,XAUUSD,short,0.01,100.0,104.54,95.97,250.5,0.6923,0.6978,1.3142,12345,BALANCED_SHORT_PULLBACK_ENTRY_XAUUSD
2026-03-25T19:03:40,NASDAQ:MSFT,short,0.01,100.0,102.89,97.43,250.5,0.7752,0.7156,1.3832,12345,BALANCED_SHORT_PULLBACK_ENTRY_NASDAQ:MSFT
2026-03-25T19:04:48,EURUSD,long,1.3,1.1577600000000001,1.15721,1.15842,62.12363264853491,0.1308,0.4811,0.1788,7905739891,SCALP_LONG_PULLBACK_ENTRY_EURUSD
2026-03-25T19:05:03,USDJPY,long,3.33,159.268,159.216,159.33,93.86195838563107,0.188,0.5264,0.2752,7905743476,SCALP_LONG_PULLBACK_ENTRY_USDJPY
2026-03-25T19:06:39,EURUSD,long,0.01,100.05,96.39,107.06,100.2,0.719,0.5244,0.311,12345,SCALP_LONG_PULLBACK_ENTRY_EURUSD
2026-03-25T19:06:39,GBPUSD,long,0.01,100.05,96.44,107.33,100.2,0.7602,0.5305,0.3262,12345,SCALP_LONG_PULLBACK_ENTRY_GBPUSD
2026-03-25T19:06:39,USDJPY,long,0.01,100.05,96.39,107.06,100.2,0.7218,0.5796,0.4489,12345,SCALP_LONG_PULLBACK_ENTRY_USDJPY
2026-03-25T19:06:39,USDCHF,long,0.01,100.05,96.39,107.06,100.2,0.719,0.5244,0.311,12345,SCALP_LONG_PULLBACK_ENTRY_USDCHF
2026-03-25T19:06:39,AUDUSD,long,0.01,100.05,96.39,107.06,100.2,0.719,0.5244,0.311,12345,SCALP_LONG_PULLBACK_ENTRY_AUDUSD
2026-03-25T19:06:39,USDCAD,long,0.01,100.05,96.39,107.06,100.2,0.719,0.5247,0.3117,12345,SCALP_LONG_PULLBACK_ENTRY_USDCAD
2026-03-25T19:06:39,NZDUSD,long,0.01,100.05,97.11,104.18,100.2,0.7705,0.5821,0.4552,12345,SCALP_LONG_PULLBACK_ENTRY_NZDUSD
2026-03-25T19:06:39,XAUUSD,long,0.01,100.05,96.39,107.06,100.2,0.719,0.5244,0.311,12345,SCALP_LONG_PULLBACK_ENTRY_XAUUSD
2026-03-25T19:06:39,EURJPY,long,0.01,100.05,97.25,104.86,100.2,0.7691,0.5389,0.3471,12345,SCALP_LONG_PULLBACK_ENTRY_EURJPY
2026-03-25T19:06:39,GBPJPY,long,0.01,100.05,96.39,107.06,100.2,0.7379,0.5717,0.4293,12345,SCALP_LONG_PULLBACK_ENTRY_GBPJPY
2026-03-25T19:06:39,DAX,long,0.01,100.05,97.84,102.7,100.2,0.6499,0.5492,0.3731,12345,SCALP_LONG_PULLBACK_ENTRY_DAX
2026-03-25T19:06:39,UK100,long,0.01,100.05,96.39,107.06,100.2,0.7254,0.5237,0.3094,12345,SCALP_LONG_PULLBACK_ENTRY_UK100
2026-03-25T19:06:39,US30,long,0.01,100.05,96.39,107.06,100.2,0.7197,0.5247,0.3117,12345,SCALP_LONG_PULLBACK_ENTRY_US30
2026-03-25T19:06:39,US500,short,0.01,100.0,102.28,96.7,100.2,0.937,0.5585,0.3963,12345,SCALP_SHORT_PULLBACK_ENTRY_US500
2026-03-25T19:06:39,USTEC,long,0.01,100.05,96.39,107.06,100.2,0.7195,0.5329,0.3321,12345,SCALP_LONG_PULLBACK_ENTRY_USTEC
2026-03-25T19:06:43,EURUSD,long,0.01,100.05,96.39,107.06,100.2,0.7362,0.5226,0.3065,12345,SCALP_LONG_PULLBACK_ENTRY_EURUSD
2026-03-25T19:06:43,GBPUSD,long,0.01,100.05,96.88,106.7,100.2,0.6927,0.5248,0.3121,12345,SCALP_LONG_PULLBACK_ENTRY_GBPUSD
2026-03-25T19:06:43,USDJPY,long,0.01,100.05,97.88,103.12,100.2,0.8009,0.5548,0.3869,12345,SCALP_LONG_PULLBACK_ENTRY_USDJPY
2026-03-25T19:06:44,USDCHF,long,0.01,100.05,96.78,107.16,100.2,0.755,0.5798,0.4495,12345,SCALP_LONG_PULLBACK_ENTRY_USDCHF
2026-03-25T19:06:44,AUDUSD,long,0.01,100.05,97.8,102.75,100.2,0.914,0.5214,0.3036,12345,SCALP_LONG_PULLBACK_ENTRY_AUDUSD
2026-03-25T19:06:44,USDCAD,long,0.01,100.05,96.39,107.06,100.2,0.7362,0.5226,0.3065,12345,SCALP_LONG_PULLBACK_ENTRY_USDCAD
2026-03-25T19:06:44,NZDUSD,long,0.01,100.05,96.39,107.06,100.2,0.719,0.5244,0.311,12345,SCALP_LONG_PULLBACK_ENTRY_NZDUSD
2026-03-25T19:06:44,XAUUSD,long,0.01,100.05,97.66,104.2,100.2,0.9676,0.5552,0.3881,12345,SCALP_LONG_PULLBACK_ENTRY_XAUUSD
2026-03-25T19:06:44,EURJPY,long,0.01,100.05,97.98,102.53,100.2,0.7057,0.6106,0.5264,12345,SCALP_LONG_FULL_ALIGNMENT_EURJPY
2026-03-25T19:06:44,GBPJPY,long,0.01,100.05,96.77,106.93,100.2,0.751,0.541,0.3525,12345,SCALP_LONG_PULLBACK_ENTRY_GBPJPY
2026-03-25T19:06:44,DAX,long,0.01,100.05,96.39,107.06,100.2,0.719,0.5244,0.311,12345,SCALP_LONG_PULLBACK_ENTRY_DAX
2026-03-25T19:06:44,UK100,long,0.01,100.05,96.39,107.06,100.2,0.7195,0.534,0.335,12345,SCALP_LONG_PULLBACK_ENTRY_UK100
2026-03-25T19:06:44,US30,long,0.01,100.05,96.62,104.41,100.2,0.7547,0.563,0.4075,12345,SCALP_LONG_PULLBACK_ENTRY_US30
2026-03-25T19:06:44,US500,long,0.01,100.05,97.52,104.9,100.2,0.8915,0.6181,0.5452,12345,SCALP_LONG_FULL_ALIGNMENT_US500
2026-03-25T19:06:44,USTEC,long,0.01,100.05,96.49,107.25,100.2,0.7738,0.5472,0.3679,12345,SCALP_LONG_PULLBACK_ENTRY_USTEC
2026-03-25T19:06:48,EURUSD,long,0.01,100.05,96.21,107.19,100.2,0.7587,0.5506,0.3764,12345,SCALP_LONG_PULLBACK_ENTRY_EURUSD
2026-03-25T19:06:48,GBPUSD,short,0.01,100.0,102.61,94.78,100.2,0.7843,0.627,0.5675,12345,SCALP_SHORT_FULL_ALIGNMENT_GBPUSD
2026-03-25T19:06:48,USDJPY,long,0.01,100.05,96.39,107.06,100.2,0.719,0.5247,0.3117,12345,SCALP_LONG_PULLBACK_ENTRY_USDJPY
2026-03-25T19:06:48,USDCHF,long,0.01,100.05,97.74,104.86,100.2,0.8533,0.6137,0.5342,12345,SCALP_LONG_FULL_ALIGNMENT_USDCHF
2026-03-25T19:06:48,AUDUSD,long,0.01,100.05,96.72,106.08,100.2,0.8525,0.5409,0.3523,12345,SCALP_LONG_PULLBACK_ENTRY_AUDUSD
2026-03-25T19:06:48,USDCAD,long,0.01,100.05,95.96,107.76,100.2,0.7741,0.5743,0.4357,12345,SCALP_LONG_PULLBACK_ENTRY_USDCAD
2026-03-25T19:06:49,XAUUSD,long,0.01,100.05,96.39,107.06,100.2,0.719,0.5244,0.311,12345,SCALP_LONG_PULLBACK_ENTRY_XAUUSD
2026-03-25T19:06:49,EURJPY,long,0.01,100.05,96.63,105.22,100.2,0.7489,0.577,0.4426,12345,SCALP_LONG_PULLBACK_ENTRY_EURJPY
2026-03-25T19:06:49,GBPJPY,long,0.01,100.05,96.63,107.27,100.2,0.7554,0.5311,0.3278,12345,SCALP_LONG_PULLBACK_ENTRY_GBPJPY
2026-03-25T19:06:49,DAX,long,0.01,100.05,97.84,102.7,100.2,0.6515,0.5811,0.4527,12345,SCALP_LONG_PULLBACK_ENTRY_DAX
2026-03-25T19:06:49,UK100,long,0.01,100.05,96.91,104.62,100.2,0.7636,0.5837,0.4592,12345,SCALP_LONG_PULLBACK_ENTRY_UK100
2026-03-25T19:06:49,US500,long,0.01,100.05,96.39,107.06,100.2,0.7235,0.5346,0.3364,12345,SCALP_LONG_PULLBACK_ENTRY_US500
2026-03-25T19:06:51,EURUSD,long,0.01,100.05,96.39,107.06,100.2,0.719,0.5244,0.311,12345,SCALP_LONG_PULLBACK_ENTRY_EURUSD
2026-03-25T19:06:51,GBPUSD,long,0.01,100.05,95.94,107.55,100.2,0.9178,0.6591,0.6478,12345,SCALP_LONG_PULLBACK_ENTRY_GBPUSD
2026-03-25T19:06:51,USDJPY,long,0.01,100.05,96.99,103.72,100.2,0.7258,0.5275,0.3187,12345,SCALP_LONG_PULLBACK_ENTRY_USDJPY
2026-03-25T19:06:51,USDCHF,long,0.01,100.05,96.39,107.06,100.2,0.72,0.5581,0.3953,12345,SCALP_LONG_PULLBACK_ENTRY_USDCHF
2026-03-25T19:06:51,AUDUSD,long,0.01,100.05,96.91,103.85,100.2,0.8552,0.534,0.3349,12345,SCALP_LONG_PULLBACK_ENTRY_AUDUSD
2026-03-25T19:06:51,USDCAD,long,0.01,100.05,96.69,104.76,100.2,0.8935,0.6025,0.5063,12345,SCALP_LONG_FULL_ALIGNMENT_USDCAD
2026-03-25T19:06:51,XAUUSD,long,0.01,100.05,97.07,104.68,100.2,0.7774,0.5338,0.3345,12345,SCALP_LONG_PULLBACK_ENTRY_XAUUSD
2026-03-25T19:06:51,EURJPY,long,0.01,100.05,96.53,104.27,100.2,0.6788,0.55,0.375,12345,SCALP_LONG_PULLBACK_ENTRY_EURJPY
2026-03-25T19:06:51,GBPJPY,long,0.01,100.05,96.81,106.34,100.2,0.7918,0.5726,0.4316,12345,SCALP_LONG_PULLBACK_ENTRY_GBPJPY
2026-03-25T19:06:51,DAX,long,0.01,100.05,96.49,107.25,100.2,0.7739,0.5283,0.3206,12345,SCALP_LONG_PULLBACK_ENTRY_DAX
2026-03-25T19:06:51,UK100,long,0.01,100.05,96.49,104.94,100.2,0.7898,0.6181,0.5452,12345,SCALP_LONG_PULLBACK_ENTRY_UK100
2026-03-25T19:06:51,US30,long,0.01,100.05,97.22,104.32,100.2,0.9282,0.5584,0.396,12345,SCALP_LONG_PULLBACK_ENTRY_US30
2026-03-25T19:06:51,US500,long,0.01,100.05,96.39,107.06,100.2,0.719,0.5244,0.311,12345,SCALP_LONG_PULLBACK_ENTRY_US500
2026-03-25T19:06:51,USTEC,long,0.01,100.05,96.39,107.06,100.2,0.719,0.5244,0.311,12345,SCALP_LONG_PULLBACK_ENTRY_USTEC
2026-03-25T19:06:54,GBPUSD,short,0.01,100.0,102.92,95.1,100.2,0.7718,0.5912,0.4779,12345,SCALP_SHORT_PULLBACK_ENTRY_GBPUSD
2026-03-25T19:06:54,USDJPY,long,0.01,100.05,97.78,104.44,100.2,0.902,0.615,0.5375,12345,SCALP_LONG_FULL_ALIGNMENT_USDJPY
2026-03-25T19:06:54,USDCHF,long,0.01,100.05,97.91,102.93,100.2,0.7759,0.5981,0.4953,12345,SCALP_LONG_PULLBACK_ENTRY_USDCHF
2026-03-25T19:06:54,AUDUSD,long,0.01,100.05,97.19,103.92,100.2,0.5818,0.5668,0.4171,12345,SCALP_LONG_PULLBACK_ENTRY_AUDUSD
2026-03-25T19:06:54,USDCAD,long,0.01,100.05,96.39,107.06,100.2,0.738,0.5226,0.3066,12345,SCALP_LONG_PULLBACK_ENTRY_USDCAD
2026-03-25T19:06:54,NZDUSD,long,0.01,100.05,97.1,104.2,100.2,0.8473,0.595,0.4874,12345,SCALP_LONG_PULLBACK_ENTRY_NZDUSD
2026-03-25T19:06:55,XAUUSD,long,0.01,100.05,96.39,107.06,100.2,0.719,0.5244,0.311,12345,SCALP_LONG_PULLBACK_ENTRY_XAUUSD
2026-03-25T19:06:55,EURJPY,long,0.01,100.05,97.72,102.84,100.2,0.8642,0.6109,0.5271,12345,SCALP_LONG_FULL_ALIGNMENT_EURJPY
2026-03-25T19:06:55,GBPJPY,long,0.01,100.05,96.39,107.06,100.2,0.7254,0.5237,0.3093,12345,SCALP_LONG_PULLBACK_ENTRY_GBPJPY
2026-03-25T19:06:55,DAX,long,0.01,100.05,97.25,104.86,100.2,0.7835,0.5281,0.3202,12345,SCALP_LONG_PULLBACK_ENTRY_DAX
2026-03-25T19:06:55,UK100,long,0.01,100.05,97.6,105.2,100.2,0.6775,0.5944,0.4861,12345,SCALP_LONG_PULLBACK_ENTRY_UK100
2026-03-25T19:06:55,US30,long,0.01,100.05,97.96,102.56,100.2,0.8488,0.5413,0.3531,12345,SCALP_LONG_PULLBACK_ENTRY_US30
2026-03-25T19:06:55,US500,short,0.01,100.0,103.61,95.67,100.2,0.6918,0.6329,0.5822,12345,SCALP_SHORT_PULLBACK_ENTRY_US500
2026-03-25T19:06:55,USTEC,long,0.01,100.05,96.94,104.04,100.2,0.6704,0.5423,0.3558,12345,SCALP_LONG_PULLBACK_ENTRY_USTEC
2026-03-25T19:07:02,XAUUSD,short,0.01,100.0,102.89,97.43,250.5,0.7752,0.717,1.3879,12345,BALANCED_SHORT_PULLBACK_ENTRY_XAUUSD
2026-03-25T19:07:03,NASDAQ:MSFT,short,0.01,100.0,102.89,97.43,250.5,0.7752,0.7156,1.3832,12345,BALANCED_SHORT_PULLBACK_ENTRY_NASDAQ:MSFT
2026-03-25T19:13:44,EURUSD,long,0.01,100.05,96.39,107.06,100.2,0.719,0.5244,0.311,12345,SCALP_LONG_PULLBACK_ENTRY_EURUSD
2026-03-25T19:13:44,GBPUSD,long,0.01,100.05,97.84,103.41,100.2,0.7382,0.6202,0.5505,12345,SCALP_LONG_FULL_ALIGNMENT_GBPUSD
2026-03-25T19:13:44,USDJPY,long,0.01,100.05,97.11,104.18,100.2,0.7697,0.5299,0.3246,12345,SCALP_LONG_PULLBACK_ENTRY_USDJPY
2026-03-25T19:13:44,USDCHF,short,0.01,100.0,103.22,95.04,100.2,0.6691,0.7191,0.7978,12345,SCALP_SHORT_FULL_ALIGNMENT_USDCHF
2026-03-25T19:13:44,AUDUSD,long,0.01,100.05,97.71,103.2,100.2,0.8076,0.5237,0.3092,12345,SCALP_LONG_PULLBACK_ENTRY_AUDUSD
2026-03-25T19:13:44,USDCAD,long,0.01,100.05,95.3,110.02,100.2,0.7595,0.5376,0.3441,12345,SCALP_LONG_PULLBACK_ENTRY_USDCAD
2026-03-25T19:13:44,XAUUSD,long,0.01,100.05,97.19,104.44,100.2,0.7812,0.5277,0.3193,12345,SCALP_LONG_PULLBACK_ENTRY_XAUUSD
2026-03-25T19:13:44,EURJPY,long,0.01,100.05,96.71,107.07,100.2,0.6931,0.5516,0.3789,12345,SCALP_LONG_PULLBACK_ENTRY_EURJPY
2026-03-25T19:13:44,GBPJPY,long,0.01,100.05,96.66,107.11,100.2,0.534,0.5232,0.3081,12345,SCALP_LONG_PULLBACK_ENTRY_GBPJPY
2026-03-25T19:13:44,DAX,long,0.01,100.05,97.91,104.37,100.2,0.7351,0.5535,0.3837,12345,SCALP_LONG_PULLBACK_ENTRY_DAX
2026-03-25T19:13:44,UK100,long,0.01,100.05,97.95,102.57,100.2,0.8686,0.6427,0.6066,12345,SCALP_LONG_FULL_ALIGNMENT_UK100
2026-03-25T19:13:44,US500,long,0.01,100.05,97.61,105.18,100.2,0.7324,0.5685,0.4213,12345,SCALP_LONG_PULLBACK_ENTRY_US500
2026-03-25T19:13:44,USTEC,long,0.01,100.05,97.08,104.06,100.2,0.8332,0.5555,0.3886,12345,SCALP_LONG_PULLBACK_ENTRY_USTEC
2026-03-25T19:13:46,GBPUSD,long,0.01,100.05,97.8,102.75,100.2,0.9144,0.5348,0.337,12345,SCALP_LONG_PULLBACK_ENTRY_GBPUSD
2026-03-25T19:13:46,USDJPY,long,0.01,100.05,98.18,103.43,100.2,0.9047,0.6987,0.7467,12345,SCALP_LONG_FULL_ALIGNMENT_USDJPY
2026-03-25T19:13:46,AUDUSD,long,0.01,100.05,96.44,104.87,100.2,0.7544,0.5634,0.4084,12345,SCALP_LONG_PULLBACK_ENTRY_AUDUSD
2026-03-25T19:13:46,USDCAD,long,0.01,100.05,98.02,103.16,100.2,0.9031,0.6463,0.6158,12345,SCALP_LONG_FULL_ALIGNMENT_USDCAD
2026-03-25T19:13:46,NZDUSD,long,0.01,100.05,97.76,103.48,100.2,0.771,0.5599,0.3997,12345,SCALP_LONG_PULLBACK_ENTRY_NZDUSD
2026-03-25T19:13:46,XAUUSD,long,0.01,100.05,96.76,106.75,100.2,0.8478,0.563,0.4074,12345,SCALP_LONG_PULLBACK_ENTRY_XAUUSD
2026-03-25T19:13:46,EURJPY,long,0.01,100.05,97.12,103.56,100.2,0.904,0.5704,0.4259,12345,SCALP_LONG_PULLBACK_ENTRY_EURJPY
2026-03-25T19:13:46,GBPJPY,long,0.01,100.05,97.99,103.45,100.2,0.9029,0.6486,0.6214,12345,SCALP_LONG_FULL_ALIGNMENT_GBPJPY
2026-03-25T19:13:46,DAX,long,0.01,100.05,96.93,104.45,100.2,0.7626,0.538,0.3451,12345,SCALP_LONG_PULLBACK_ENTRY_DAX
2026-03-25T19:13:46,US30,long,0.01,100.05,96.74,105.77,100.2,0.6998,0.5305,0.3263,12345,SCALP_LONG_PULLBACK_ENTRY_US30
2026-03-25T19:13:46,US500,long,0.01,100.05,97.67,104.31,100.2,0.5962,0.5401,0.3503,12345,SCALP_LONG_PULLBACK_ENTRY_US500
2026-03-25T19:13:46,USTEC,long,0.01,100.05,97.0,103.71,100.2,0.6984,0.6002,0.5005,12345,SCALP_LONG_PULLBACK_ENTRY_USTEC
2026-03-25T19:13:48,EURUSD,long,0.01,100.05,98.03,102.71,100.2,0.9024,0.6144,0.5361,12345,SCALP_LONG_FULL_ALIGNMENT_EURUSD
2026-03-25T19:13:48,GBPUSD,long,0.01,100.05,96.39,107.06,100.2,0.7277,0.6035,0.5087,12345,SCALP_LONG_PULLBACK_ENTRY_GBPUSD
2026-03-25T19:13:48,USDJPY,long,0.01,100.05,96.94,107.16,100.2,0.7778,0.6064,0.5161,12345,SCALP_LONG_PULLBACK_ENTRY_USDJPY
2026-03-25T19:13:48,USDCHF,long,0.01,100.05,96.92,103.8,100.2,0.7195,0.5478,0.3696,12345,SCALP_LONG_PULLBACK_ENTRY_USDCHF
2026-03-25T19:13:48,AUDUSD,long,0.01,100.05,97.54,104.96,100.2,0.7352,0.553,0.3825,12345,SCALP_LONG_PULLBACK_ENTRY_AUDUSD
2026-03-25T19:13:48,USDCAD,long,0.01,100.05,96.48,104.98,100.2,0.8021,0.5471,0.3677,12345,SCALP_LONG_PULLBACK_ENTRY_USDCAD
2026-03-25T19:13:48,NZDUSD,long,0.01,100.05,96.33,105.12,100.2,0.5694,0.5668,0.4171,12345,SCALP_LONG_PULLBACK_ENTRY_NZDUSD
2026-03-25T19:13:48,XAUUSD,long,0.01,100.05,97.7,102.87,100.2,0.8641,0.6312,0.5781,12345,SCALP_LONG_FULL_ALIGNMENT_XAUUSD
2026-03-25T19:13:48,EURJPY,long,0.01,100.05,96.39,107.06,100.2,0.7189,0.535,0.3375,12345,SCALP_LONG_PULLBACK_ENTRY_EURJPY
2026-03-25T19:13:48,GBPJPY,long,0.01,100.05,97.04,106.0,100.2,0.9156,0.5624,0.4061,12345,SCALP_LONG_PULLBACK_ENTRY_GBPJPY
2026-03-25T19:13:48,DAX,long,0.01,100.05,97.05,104.99,100.2,0.6814,0.5393,0.3482,12345,SCALP_LONG_PULLBACK_ENTRY_DAX
2026-03-25T19:13:48,UK100,long,0.01,100.05,97.54,104.72,100.2,0.9108,0.5846,0.4614,12345,SCALP_LONG_PULLBACK_ENTRY_UK100
2026-03-25T19:13:48,US500,long,0.01,100.05,96.9,103.99,100.2,0.7545,0.5559,0.3897,12345,SCALP_LONG_PULLBACK_ENTRY_US500
2026-03-25T19:13:48,USTEC,short,0.01,100.0,102.96,95.71,100.2,0.7664,0.6763,0.6909,12345,SCALP_SHORT_FULL_ALIGNMENT_USTEC
2026-03-25T19:13:50,EURUSD,long,0.01,100.05,96.39,107.06,100.2,0.719,0.5244,0.311,12345,SCALP_LONG_PULLBACK_ENTRY_EURUSD
2026-03-25T19:13:50,GBPUSD,long,0.01,100.05,97.7,102.87,100.2,0.8636,0.6151,0.5377,12345,SCALP_LONG_FULL_ALIGNMENT_GBPUSD
2026-03-25T19:13:50,USDJPY,long,0.01,100.05,96.55,104.32,100.2,0.776,0.5288,0.3219,12345,SCALP_LONG_PULLBACK_ENTRY_USDJPY
2026-03-25T19:13:50,USDCHF,long,0.01,100.05,97.84,102.7,100.2,0.6475,0.5749,0.4373,12345,SCALP_LONG_PULLBACK_ENTRY_USDCHF
2026-03-25T19:13:50,AUDUSD,long,0.01,100.05,96.99,103.72,100.2,0.7219,0.5287,0.3217,12345,SCALP_LONG_PULLBACK_ENTRY_AUDUSD
2026-03-25T19:13:50,USDCAD,long,0.01,100.05,97.07,104.68,100.2,0.7771,0.5272,0.3179,12345,SCALP_LONG_PULLBACK_ENTRY_USDCAD
2026-03-25T19:13:50,NZDUSD,long,0.01,100.05,96.39,107.06,100.2,0.7343,0.6021,0.5051,12345,SCALP_LONG_PULLBACK_ENTRY_NZDUSD
2026-03-25T19:13:50,XAUUSD,long,0.01,100.05,97.93,103.41,100.2,0.781,0.5933,0.4833,12345,SCALP_LONG_FULL_ALIGNMENT_XAUUSD
2026-03-25T19:13:50,EURJPY,long,0.01,100.05,97.95,102.57,100.2,0.8685,0.6412,0.6031,12345,SCALP_LONG_FULL_ALIGNMENT_EURJPY
2026-03-25T19:13:50,GBPJPY,long,0.01,100.05,96.4,107.7,100.2,0.8633,0.6199,0.5498,12345,SCALP_LONG_PULLBACK_ENTRY_GBPJPY
2026-03-25T19:13:50,DAX,long,0.01,100.05,97.84,103.41,100.2,0.7351,0.5347,0.3368,12345,SCALP_LONG_PULLBACK_ENTRY_DAX
2026-03-25T19:13:50,UK100,long,0.01,100.05,96.99,103.72,100.2,0.7319,0.5323,0.3307,12345,SCALP_LONG_PULLBACK_ENTRY_UK100
2026-03-25T19:13:50,US30,long,0.01,100.05,96.39,107.06,100.2,0.7324,0.5234,0.3084,12345,SCALP_LONG_PULLBACK_ENTRY_US30
2026-03-25T19:13:50,US500,long,0.01,100.05,97.25,103.41,100.2,0.6758,0.5369,0.3423,12345,SCALP_LONG_PULLBACK_ENTRY_US500
2026-03-25T19:13:50,USTEC,long,0.01,100.05,96.39,107.06,100.2,0.7228,0.5443,0.3607,12345,SCALP_LONG_PULLBACK_ENTRY_USTEC
2026-03-25T19:13:52,EURUSD,long,0.01,100.05,97.7,102.87,100.2,0.8655,0.6532,0.633,12345,SCALP_LONG_FULL_ALIGNMENT_EURUSD
2026-03-25T19:13:52,USDJPY,long,0.01,100.05,97.47,104.17,100.2,0.7651,0.5315,0.3287,12345,SCALP_LONG_PULLBACK_ENTRY_USDJPY
2026-03-25T19:13:52,AUDUSD,long,0.01,100.05,95.65,108.97,100.2,0.7989,0.589,0.4725,12345,SCALP_LONG_PULLBACK_ENTRY_AUDUSD
2026-03-25T19:13:52,USDCAD,long,0.01,100.05,97.92,103.63,100.2,0.9018,0.5964,0.491,12345,SCALP_LONG_FULL_ALIGNMENT_USDCAD
2026-03-25T19:13:52,NZDUSD,long,0.01,100.05,97.82,103.14,100.2,0.9018,0.6104,0.526,12345,SCALP_LONG_FULL_ALIGNMENT_NZDUSD
2026-03-25T19:13:52,XAUUSD,long,0.01,100.05,96.39,107.06,100.2,0.7233,0.5828,0.4569,12345,SCALP_LONG_PULLBACK_ENTRY_XAUUSD
2026-03-25T19:13:52,EURJPY,short,0.01,100.0,103.21,94.76,100.2,0.7592,0.5261,0.3152,12345,SCALP_SHORT_PULLBACK_ENTRY_EURJPY
2026-03-25T19:13:52,DAX,long,0.01,100.05,97.15,103.53,100.2,0.7132,0.555,0.3875,12345,SCALP_LONG_PULLBACK_ENTRY_DAX
2026-03-25T19:13:52,US30,long,0.01,100.05,96.57,105.76,100.2,0.7087,0.5712,0.428,12345,SCALP_LONG_PULLBACK_ENTRY_US30
2026-03-25T19:13:52,US500,long,0.01,100.05,97.72,102.85,100.2,0.9028,0.6117,0.5292,12345,SCALP_LONG_PULLBACK_ENTRY_US500
2026-03-25T19:13:52,USTEC,long,0.01,100.05,96.74,104.44,100.2,0.7358,0.5242,0.3104,12345,SCALP_LONG_PULLBACK_ENTRY_USTEC
2026-03-25T19:13:57,EURUSD,short,0.01,100.0,103.02,97.32,250.5,0.6925,0.6714,1.2266,12345,BALANCED_SHORT_PULLBACK_ENTRY_EURUSD
2026-03-25T19:13:57,BTCUSD,short,0.01,100.0,102.89,97.43,250.5,0.7752,0.7156,1.3832,12345,BALANCED_SHORT_PULLBACK_ENTRY_BTCUSD
2026-03-25T19:13:57,XAUUSD,short,0.01,100.0,102.89,97.43,250.5,0.7752,0.7156,1.3832,12345,BALANCED_SHORT_PULLBACK_ENTRY_XAUUSD
2026-03-25T19:13:58,NASDAQ:MSFT,short,0.01,100.0,102.39,97.88,250.5,0.6948,0.6564,1.1787,12345,BALANCED_SHORT_PULLBACK_ENTRY_NASDAQ:MSFT
2026-03-25T19:20:07,EURUSD,long,0.01,100.05,97.11,104.18,100.2,0.762,0.5308,0.3269,12345,SCALP_LONG_PULLBACK_ENTRY_EURUSD
2026-03-25T19:20:07,GBPUSD,long,0.01,100.05,96.39,107.06,100.2,0.7282,0.5235,0.3086,12345,SCALP_LONG_PULLBACK_ENTRY_GBPUSD
2026-03-25T19:20:07,USDJPY,long,0.01,100.05,97.89,102.64,100.2,0.8984,0.5462,0.3654,12345,SCALP_LONG_PULLBACK_ENTRY_USDJPY
2026-03-25T19:20:07,AUDUSD,long,0.01,100.05,96.21,108.12,100.2,0.6927,0.543,0.3576,12345,SCALP_LONG_PULLBACK_ENTRY_AUDUSD
2026-03-25T19:20:07,USDCAD,long,0.01,100.05,97.13,103.56,100.2,0.7938,0.5617,0.4042,12345,SCALP_LONG_PULLBACK_ENTRY_USDCAD
2026-03-25T19:20:07,NZDUSD,long,0.01,100.05,96.89,104.36,100.2,0.754,0.5512,0.3779,12345,SCALP_LONG_PULLBACK_ENTRY_NZDUSD
2026-03-25T19:20:07,XAUUSD,long,0.01,100.05,97.56,104.16,100.2,0.8521,0.6092,0.523,12345,SCALP_LONG_FULL_ALIGNMENT_XAUUSD
2026-03-25T19:20:07,GBPJPY,long,0.01,100.05,96.77,106.6,100.2,0.7618,0.5845,0.4611,12345,SCALP_LONG_PULLBACK_ENTRY_GBPJPY
2026-03-25T19:20:07,DAX,short,0.01,100.0,103.16,94.73,100.2,0.7594,0.5655,0.4137,12345,SCALP_SHORT_PULLBACK_ENTRY_DAX
2026-03-25T19:20:07,UK100,short,0.01,100.0,101.73,96.43,100.2,0.834,0.5744,0.4361,12345,SCALP_SHORT_PULLBACK_ENTRY_UK100
2026-03-25T19:20:07,US30,long,0.01,100.05,97.63,105.14,100.2,0.7328,0.6224,0.5561,12345,SCALP_LONG_PULLBACK_ENTRY_US30
2026-03-25T19:20:09,EURUSD,long,0.01,100.05,96.39,107.06,100.2,0.719,0.5244,0.311,12345,SCALP_LONG_PULLBACK_ENTRY_EURUSD
2026-03-25T19:20:09,GBPUSD,long,0.01,100.05,97.7,102.87,100.2,0.8636,0.6148,0.5369,12345,SCALP_LONG_FULL_ALIGNMENT_GBPUSD
2026-03-25T19:20:09,USDCHF,long,0.01,100.05,98.03,102.71,100.2,0.9022,0.61,0.525,12345,SCALP_LONG_FULL_ALIGNMENT_USDCHF
2026-03-25T19:20:09,AUDUSD,long,0.01,100.05,96.62,104.41,100.2,0.7551,0.6125,0.5313,12345,SCALP_LONG_PULLBACK_ENTRY_AUDUSD
2026-03-25T19:20:09,USDCAD,long,0.01,100.05,97.42,104.5,100.2,0.608,0.5998,0.4996,12345,SCALP_LONG_PULLBACK_ENTRY_USDCAD
2026-03-25T19:20:09,NZDUSD,long,0.01,100.05,97.7,102.87,100.2,0.8614,0.6186,0.5466,12345,SCALP_LONG_FULL_ALIGNMENT_NZDUSD
2026-03-25T19:20:09,XAUUSD,long,0.01,100.05,96.49,107.25,100.2,0.7735,0.5291,0.3228,12345,SCALP_LONG_PULLBACK_ENTRY_XAUUSD
2026-03-25T19:20:09,EURJPY,long,0.01,100.05,97.08,103.62,100.2,0.8451,0.5803,0.4507,12345,SCALP_LONG_PULLBACK_ENTRY_EURJPY
2026-03-25T19:20:09,GBPJPY,long,0.01,100.05,96.39,107.06,100.2,0.7194,0.5349,0.3373,12345,SCALP_LONG_PULLBACK_ENTRY_GBPJPY
2026-03-25T19:20:09,DAX,long,0.01,100.05,96.39,107.06,100.2,0.7234,0.5836,0.459,12345,SCALP_LONG_PULLBACK_ENTRY_DAX
2026-03-25T19:20:09,UK100,short,0.01,100.0,102.62,95.63,100.2,0.9612,0.5653,0.4132,12345,SCALP_SHORT_PULLBACK_ENTRY_UK100
2026-03-25T19:20:09,US30,long,0.01,100.05,97.09,104.34,100.2,0.7799,0.5475,0.3689,12345,SCALP_LONG_PULLBACK_ENTRY_US30
2026-03-25T19:20:09,US500,long,0.01,100.05,97.14,105.14,100.2,0.81,0.6264,0.566,12345,SCALP_LONG_PULLBACK_ENTRY_US500
2026-03-25T19:20:09,USTEC,long,0.01,100.05,96.39,107.06,100.2,0.7412,0.5406,0.3515,12345,SCALP_LONG_PULLBACK_ENTRY_USTEC
2026-03-25T19:20:11,EURUSD,long,0.01,100.05,96.99,103.72,100.2,0.7246,0.5264,0.316,12345,SCALP_LONG_PULLBACK_ENTRY_EURUSD
2026-03-25T19:20:11,GBPUSD,short,0.01,100.0,103.27,94.51,100.2,0.7019,0.6857,0.7143,12345,SCALP_SHORT_FULL_ALIGNMENT_GBPUSD
2026-03-25T19:20:11,USDJPY,long,0.01,100.05,96.77,106.93,100.2,0.7625,0.5319,0.3297,12345,SCALP_LONG_PULLBACK_ENTRY_USDJPY
2026-03-25T19:20:11,USDCHF,short,0.01,100.0,102.21,95.84,100.2,0.7356,0.5346,0.3365,12345,SCALP_SHORT_PULLBACK_ENTRY_USDCHF
2026-03-25T19:20:11,AUDUSD,long,0.01,100.05,97.03,105.27,100.2,0.7702,0.5295,0.3237,12345,SCALP_LONG_PULLBACK_ENTRY_AUDUSD
2026-03-25T19:20:11,USDCAD,long,0.01,100.05,96.22,105.44,100.2,0.7564,0.5347,0.3368,12345,SCALP_LONG_PULLBACK_ENTRY_USDCAD
2026-03-25T19:20:11,NZDUSD,long,0.01,100.05,97.19,104.44,100.2,0.762,0.5828,0.4569,12345,SCALP_LONG_PULLBACK_ENTRY_NZDUSD
2026-03-25T19:20:11,XAUUSD,long,0.01,100.05,96.73,104.03,100.2,0.7214,0.5696,0.4241,12345,SCALP_LONG_PULLBACK_ENTRY_XAUUSD
2026-03-25T19:20:11,GBPJPY,long,0.01,100.05,97.5,105.4,100.2,0.8818,0.5283,0.3208,12345,SCALP_LONG_PULLBACK_ENTRY_GBPJPY
2026-03-25T19:20:11,DAX,long,0.01,100.05,95.93,106.28,100.2,0.8535,0.5295,0.3237,12345,SCALP_LONG_PULLBACK_ENTRY_DAX
2026-03-25T19:20:11,US30,long,0.01,100.05,96.39,107.06,100.2,0.7222,0.5242,0.3106,12345,SCALP_LONG_PULLBACK_ENTRY_US30
2026-03-25T19:20:11,US500,long,0.01,100.05,97.0,103.71,100.2,0.8731,0.5789,0.4472,12345,SCALP_LONG_PULLBACK_ENTRY_US500
2026-03-25T19:20:11,USTEC,long,0.01,100.05,97.59,104.15,100.2,0.8667,0.6221,0.5553,12345,SCALP_LONG_FULL_ALIGNMENT_USTEC
2026-03-25T19:20:13,EURUSD,long,0.01,100.05,96.92,104.4,100.2,0.7691,0.5829,0.4572,12345,SCALP_LONG_PULLBACK_ENTRY_EURUSD
2026-03-25T19:20:13,GBPUSD,long,0.01,100.05,96.39,107.06,100.2,0.7286,0.5243,0.3106,12345,SCALP_LONG_PULLBACK_ENTRY_GBPUSD
2026-03-25T19:20:13,USDJPY,long,0.01,100.05,97.85,103.76,100.2,0.9034,0.7061,0.7654,12345,SCALP_LONG_FULL_ALIGNMENT_USDJPY
2026-03-25T19:20:13,USDCHF,long,0.01,100.05,97.38,103.69,100.2,0.7352,0.5549,0.3873,12345,SCALP_LONG_PULLBACK_ENTRY_USDCHF
2026-03-25T19:20:13,AUDUSD,long,0.01,100.05,98.1,102.98,100.2,0.7122,0.6091,0.5229,12345,SCALP_LONG_FULL_ALIGNMENT_AUDUSD
2026-03-25T19:20:13,USDCAD,long,0.01,100.05,97.05,103.97,100.2,0.9162,0.7006,0.7514,12345,SCALP_LONG_FULL_ALIGNMENT_USDCAD
2026-03-25T19:20:13,XAUUSD,long,0.01,100.05,96.39,107.06,100.2,0.7365,0.523,0.3076,12345,SCALP_LONG_PULLBACK_ENTRY_XAUUSD
2026-03-25T19:20:13,EURJPY,long,0.01,100.05,97.64,102.98,100.2,0.8226,0.5758,0.4394,12345,SCALP_LONG_PULLBACK_ENTRY_EURJPY
2026-03-25T19:20:13,GBPJPY,long,0.01,100.05,97.24,105.12,100.2,0.8476,0.5211,0.3027,12345,SCALP_LONG_PULLBACK_ENTRY_GBPJPY
2026-03-25T19:20:13,DAX,long,0.01,100.05,97.73,104.67,100.2,0.6362,0.5299,0.3249,12345,SCALP_LONG_PULLBACK_ENTRY_DAX
2026-03-25T19:20:13,UK100,long,0.01,100.05,97.35,105.72,100.2,0.7993,0.5758,0.4394,12345,SCALP_LONG_PULLBACK_ENTRY_UK100
2026-03-25T19:20:13,US30,long,0.01,100.05,98.32,103.48,100.2,0.8021,0.6234,0.5584,12345,SCALP_LONG_FULL_ALIGNMENT_US30
2026-03-25T19:20:13,US500,long,0.01,100.05,97.91,104.37,100.2,0.7351,0.5532,0.3831,12345,SCALP_LONG_PULLBACK_ENTRY_US500
2026-03-25T19:20:13,USTEC,long,0.01,100.05,96.55,107.39,100.2,0.752,0.6067,0.5168,12345,SCALP_LONG_PULLBACK_ENTRY_USTEC
2026-03-25T19:20:15,EURUSD,long,0.01,100.05,96.83,104.66,100.2,0.7607,0.5252,0.313,12345,SCALP_LONG_PULLBACK_ENTRY_EURUSD
2026-03-25T19:20:15,GBPUSD,long,0.01,100.05,97.89,102.64,100.2,0.8989,0.5378,0.3444,12345,SCALP_LONG_PULLBACK_ENTRY_GBPUSD
2026-03-25T19:20:15,USDJPY,long,0.01,100.05,96.71,105.49,100.2,0.7854,0.54,0.35,12345,SCALP_LONG_PULLBACK_ENTRY_USDJPY
2026-03-25T19:20:15,NZDUSD,long,0.01,100.05,96.38,106.18,100.2,0.6941,0.578,0.4451,12345,SCALP_LONG_PULLBACK_ENTRY_NZDUSD
2026-03-25T19:20:15,XAUUSD,long,0.01,100.05,97.85,105.21,100.2,0.9107,0.5365,0.3412,12345,SCALP_LONG_PULLBACK_ENTRY_XAUUSD
2026-03-25T19:20:15,DAX,long,0.01,100.05,97.13,104.95,100.2,0.7628,0.5287,0.3218,12345,SCALP_LONG_PULLBACK_ENTRY_DAX
2026-03-25T19:20:15,UK100,long,0.01,100.05,96.16,107.59,100.2,0.8071,0.5515,0.3787,12345,SCALP_LONG_PULLBACK_ENTRY_UK100
2026-03-25T19:20:15,US30,long,0.01,100.05,96.97,105.73,100.2,0.7618,0.5517,0.3793,12345,SCALP_LONG_PULLBACK_ENTRY_US30
2026-03-25T19:20:15,US500,long,0.01,100.05,97.12,104.95,100.2,0.7774,0.5253,0.3134,12345,SCALP_LONG_PULLBACK_ENTRY_US500
2026-03-25T19:20:15,USTEC,long,0.01,100.05,97.25,105.92,100.2,0.7357,0.5843,0.4606,12345,SCALP_LONG_PULLBACK_ENTRY_USTEC
2026-03-25T19:20:19,EURUSD,short,0.01,100.0,102.89,97.43,250.5,0.7495,0.7207,1.3991,12345,BALANCED_SHORT_PULLBACK_ENTRY_EURUSD
2026-03-25T19:20:20,XAUUSD,short,0.01,100.0,104.67,95.85,250.5,0.6908,0.6976,1.3124,12345,BALANCED_SHORT_PULLBACK_ENTRY_XAUUSD
2026-03-25T19:20:20,EURUSD,short,0.01,100.0,104.05,96.4,250.5,0.675,0.6559,1.1593,12345,BALANCED_SHORT_PULLBACK_ENTRY_EURUSD
2026-03-25T19:27:41,EURUSD,long,0.01,100.05,96.39,107.06,100.2,0.719,0.5245,0.3113,12345,SCALP_LONG_PULLBACK_ENTRY_EURUSD
2026-03-25T19:27:41,GBPUSD,long,0.01,100.05,96.55,104.32,100.2,0.7641,0.5301,0.3252,12345,SCALP_LONG_PULLBACK_ENTRY_GBPUSD
2026-03-25T19:27:41,USDCHF,short,0.01,100.0,103.66,95.61,100.2,0.7334,0.6223,0.5557,12345,SCALP_SHORT_PULLBACK_ENTRY_USDCHF
2026-03-25T19:27:41,AUDUSD,long,0.01,100.05,97.57,103.02,100.2,0.9185,0.5357,0.3393,12345,SCALP_LONG_PULLBACK_ENTRY_AUDUSD
2026-03-25T19:27:42,XAUUSD,long,0.01,100.05,95.76,107.92,100.2,0.7364,0.5353,0.3384,12345,SCALP_LONG_PULLBACK_ENTRY_XAUUSD
2026-03-25T19:27:42,GBPJPY,long,0.01,100.05,96.81,106.34,100.2,0.7684,0.53,0.325,12345,SCALP_LONG_PULLBACK_ENTRY_GBPJPY
2026-03-25T19:27:42,DAX,long,0.01,100.05,97.64,104.39,100.2,0.812,0.5726,0.4315,12345,SCALP_LONG_PULLBACK_ENTRY_DAX
2026-03-25T19:27:42,UK100,long,0.01,100.05,96.63,105.23,100.2,0.7552,0.6125,0.5313,12345,SCALP_LONG_PULLBACK_ENTRY_UK100
2026-03-25T19:27:42,US30,long,0.01,100.05,97.69,103.34,100.2,0.7407,0.5313,0.3283,12345,SCALP_LONG_PULLBACK_ENTRY_US30
2026-03-25T19:27:42,USTEC,long,0.01,100.05,96.84,103.9,100.2,0.7388,0.5325,0.3312,12345,SCALP_LONG_PULLBACK_ENTRY_USTEC
2026-03-25T19:27:44,EURUSD,long,0.01,100.05,96.39,107.06,100.2,0.7107,0.5441,0.3603,12345,SCALP_LONG_PULLBACK_ENTRY_EURUSD
2026-03-25T19:27:44,GBPUSD,short,0.01,100.0,102.32,95.12,100.2,0.5616,0.5702,0.4254,12345,SCALP_SHORT_PULLBACK_ENTRY_GBPUSD
2026-03-25T19:27:44,USDJPY,long,0.01,100.05,97.49,103.12,100.2,0.8991,0.5462,0.3654,12345,SCALP_LONG_PULLBACK_ENTRY_USDJPY
2026-03-25T19:27:44,USDCHF,long,0.01,100.05,96.69,104.76,100.2,0.8935,0.6136,0.5341,12345,SCALP_LONG_FULL_ALIGNMENT_USDCHF
2026-03-25T19:27:44,AUDUSD,long,0.01,100.05,97.7,102.87,100.2,0.8616,0.6241,0.5602,12345,SCALP_LONG_FULL_ALIGNMENT_AUDUSD
2026-03-25T19:27:44,USDCAD,long,0.01,100.05,96.83,104.66,100.2,0.7693,0.6055,0.5138,12345,SCALP_LONG_PULLBACK_ENTRY_USDCAD
2026-03-25T19:27:44,NZDUSD,short,0.01,100.0,103.6,94.51,100.2,0.7594,0.587,0.4674,12345,SCALP_SHORT_PULLBACK_ENTRY_NZDUSD
2026-03-25T19:27:44,XAUUSD,long,0.01,100.05,96.42,104.4,100.2,0.8628,0.5877,0.4693,12345,SCALP_LONG_PULLBACK_ENTRY_XAUUSD
2026-03-25T19:27:44,EURJPY,long,0.01,100.05,96.51,106.8,100.2,0.755,0.5541,0.3852,12345,SCALP_LONG_PULLBACK_ENTRY_EURJPY
2026-03-25T19:27:44,DAX,short,0.01,100.0,103.02,93.65,100.2,0.872,0.5624,0.4061,12345,SCALP_SHORT_PULLBACK_ENTRY_DAX
2026-03-25T19:27:44,UK100,long,0.01,100.05,97.89,103.07,100.2,0.7517,0.631,0.5774,12345,SCALP_LONG_FULL_ALIGNMENT_UK100
2026-03-25T19:27:44,US30,long,0.01,100.05,97.72,102.85,100.2,0.9018,0.5631,0.4077,12345,SCALP_LONG_PULLBACK_ENTRY_US30
2026-03-25T19:27:44,US500,long,0.01,100.05,97.29,104.15,100.2,0.7184,0.5279,0.3197,12345,SCALP_LONG_PULLBACK_ENTRY_US500
2026-03-25T19:27:44,USTEC,long,0.01,100.05,97.43,105.55,100.2,0.7916,0.6297,0.5743,12345,SCALP_LONG_FULL_ALIGNMENT_USTEC
2026-03-25T19:27:46,EURUSD,long,0.01,100.05,97.28,105.72,100.2,0.6764,0.5351,0.3377,12345,SCALP_LONG_PULLBACK_ENTRY_EURUSD
2026-03-25T19:27:46,GBPUSD,long,0.01,100.05,94.81,106.34,100.2,0.5991,0.531,0.3276,12345,SCALP_LONG_PULLBACK_ENTRY_GBPUSD
2026-03-25T19:27:46,USDJPY,long,0.01,100.05,97.11,104.18,100.2,0.7881,0.5358,0.3394,12345,SCALP_LONG_PULLBACK_ENTRY_USDJPY
2026-03-25T19:27:46,USDCHF,long,0.01,100.05,97.28,105.72,100.2,0.6761,0.5374,0.3435,12345,SCALP_LONG_PULLBACK_ENTRY_USDCHF
2026-03-25T19:27:46,AUDUSD,long,0.01,100.05,97.36,105.7,100.2,0.7951,0.5279,0.3198,12345,SCALP_LONG_PULLBACK_ENTRY_AUDUSD
2026-03-25T19:27:46,USDCAD,long,0.01,100.05,96.39,107.06,100.2,0.72,0.5587,0.3966,12345,SCALP_LONG_PULLBACK_ENTRY_USDCAD
2026-03-25T19:27:46,NZDUSD,long,0.01,100.05,97.71,105.68,100.2,0.9166,0.701,0.7524,12345,SCALP_LONG_FULL_ALIGNMENT_NZDUSD
2026-03-25T19:27:46,XAUUSD,long,0.01,100.05,96.83,105.24,100.2,0.7716,0.5293,0.3232,12345,SCALP_LONG_PULLBACK_ENTRY_XAUUSD
2026-03-25T19:27:46,EURJPY,long,0.01,100.05,96.39,107.06,100.2,0.719,0.5243,0.3107,12345,SCALP_LONG_PULLBACK_ENTRY_EURJPY
2026-03-25T19:27:46,GBPJPY,long,0.01,100.05,96.49,107.25,100.2,0.7802,0.5904,0.4759,12345,SCALP_LONG_PULLBACK_ENTRY_GBPJPY
2026-03-25T19:27:46,DAX,long,0.01,100.05,97.55,104.34,100.2,0.9008,0.6178,0.5446,12345,SCALP_LONG_FULL_ALIGNMENT_DAX
2026-03-25T19:27:46,UK100,long,0.01,100.05,96.69,104.09,100.2,0.7171,0.5936,0.484,12345,SCALP_LONG_PULLBACK_ENTRY_UK100
2026-03-25T19:27:46,USTEC,long,0.01,100.05,97.26,105.92,100.2,0.808,0.5225,0.3063,12345,SCALP_LONG_PULLBACK_ENTRY_USTEC
2026-03-25T19:27:48,EURUSD,long,0.01,100.05,95.96,104.96,100.2,0.8879,0.565,0.4125,12345,SCALP_LONG_PULLBACK_ENTRY_EURUSD
2026-03-25T19:27:48,GBPUSD,long,0.01,100.05,96.15,106.2,100.2,0.7577,0.5788,0.4471,12345,SCALP_LONG_PULLBACK_ENTRY_GBPUSD
2026-03-25T19:27:48,USDJPY,long,0.01,100.05,97.51,103.86,100.2,0.7123,0.535,0.3375,12345,SCALP_LONG_PULLBACK_ENTRY_USDJPY
2026-03-25T19:27:48,USDCHF,long,0.01,100.05,97.11,104.18,100.2,0.7881,0.5358,0.3395,12345,SCALP_LONG_PULLBACK_ENTRY_USDCHF
2026-03-25T19:27:48,AUDUSD,long,0.01,100.05,97.14,105.36,100.2,0.7781,0.5824,0.456,12345,SCALP_LONG_PULLBACK_ENTRY_AUDUSD
2026-03-25T19:27:48,USDCAD,long,0.01,100.05,97.8,104.77,100.2,0.7259,0.5323,0.3307,12345,SCALP_LONG_PULLBACK_ENTRY_USDCAD
2026-03-25T19:27:48,NZDUSD,short,0.01,100.0,104.48,94.62,100.2,0.9181,0.5863,0.4657,12345,SCALP_SHORT_PULLBACK_ENTRY_NZDUSD
2026-03-25T19:27:48,XAUUSD,long,0.01,100.05,96.39,107.06,100.2,0.7271,0.5245,0.3113,12345,SCALP_LONG_PULLBACK_ENTRY_XAUUSD
2026-03-25T19:27:48,EURJPY,short,0.01,100.0,104.9,90.13,100.2,0.9072,0.6678,0.6695,12345,SCALP_SHORT_FULL_ALIGNMENT_EURJPY
2026-03-25T19:27:48,DAX,long,0.01,100.05,97.19,106.05,100.2,0.9577,0.5267,0.3168,12345,SCALP_LONG_PULLBACK_ENTRY_DAX
2026-03-25T19:27:48,UK100,long,0.01,100.05,98.14,102.97,100.2,0.9029,0.647,0.6175,12345,SCALP_LONG_FULL_ALIGNMENT_UK100
2026-03-25T19:27:48,US30,long,0.01,100.05,96.92,104.4,100.2,0.7784,0.5417,0.3542,12345,SCALP_LONG_PULLBACK_ENTRY_US30
2026-03-25T19:27:48,US500,long,0.01,100.05,96.47,104.83,100.2,0.765,0.5676,0.4191,12345,SCALP_LONG_PULLBACK_ENTRY_US500
2026-03-25T19:27:48,USTEC,long,0.01,100.05,96.84,106.0,100.2,0.8219,0.5701,0.4253,12345,SCALP_LONG_FULL_ALIGNMENT_USTEC
2026-03-25T19:27:49,EURUSD,long,0.01,100.05,96.94,105.85,100.2,0.5425,0.5942,0.4854,12345,SCALP_LONG_PULLBACK_ENTRY_EURUSD
2026-03-25T19:27:49,GBPUSD,long,0.01,100.05,96.49,107.25,100.2,0.7742,0.529,0.3224,12345,SCALP_LONG_PULLBACK_ENTRY_GBPUSD
2026-03-25T19:27:49,USDCHF,long,0.01,100.05,96.53,104.28,100.2,0.7257,0.5365,0.3412,12345,SCALP_LONG_PULLBACK_ENTRY_USDCHF
2026-03-25T19:27:49,AUDUSD,long,0.01,100.05,96.99,103.72,100.2,0.7239,0.5429,0.3572,12345,SCALP_LONG_PULLBACK_ENTRY_AUDUSD
2026-03-25T19:27:49,XAUUSD,long,0.01,100.05,97.76,102.99,100.2,0.7243,0.5904,0.4761,12345,SCALP_LONG_FULL_ALIGNMENT_XAUUSD
2026-03-25T19:27:49,EURJPY,long,0.01,100.05,97.47,104.58,100.2,0.7167,0.5528,0.3821,12345,SCALP_LONG_PULLBACK_ENTRY_EURJPY
2026-03-25T19:27:49,GBPJPY,short,0.01,100.0,104.14,92.87,100.2,0.8741,0.6264,0.566,12345,SCALP_SHORT_FULL_ALIGNMENT_GBPJPY
2026-03-25T19:27:49,DAX,long,0.01,100.05,96.66,107.16,100.2,0.7712,0.6124,0.5309,12345,SCALP_LONG_PULLBACK_ENTRY_DAX
2026-03-25T19:27:50,UK100,short,0.01,100.0,103.04,96.36,100.2,0.8508,0.7034,0.7585,12345,SCALP_SHORT_FULL_ALIGNMENT_UK100
2026-03-25T19:27:50,US30,long,0.01,100.05,95.62,107.84,100.2,0.787,0.5803,0.4507,12345,SCALP_LONG_PULLBACK_ENTRY_US30
2026-03-25T19:27:50,US500,long,0.01,100.05,97.17,104.62,100.2,0.7871,0.5468,0.3669,12345,SCALP_LONG_PULLBACK_ENTRY_US500
2026-03-25T19:27:50,USTEC,long,0.01,100.05,96.62,106.14,100.2,0.7425,0.5468,0.367,12345,SCALP_LONG_PULLBACK_ENTRY_USTEC
2026-03-25T19:27:53,EURUSD,short,0.01,100.0,102.89,97.43,250.5,0.7752,0.7174,1.3894,12345,BALANCED_SHORT_PULLBACK_ENTRY_EURUSD
2026-03-25T19:27:53,BTCUSD,short,0.01,100.0,102.27,97.98,250.5,0.675,0.6483,1.137,12345,BALANCED_SHORT_PULLBACK_ENTRY_BTCUSD
2026-03-25T19:27:53,EURUSD,short,0.01,100.0,102.49,97.79,250.5,0.675,0.6341,1.0546,12345,BALANCED_SHORT_PULLBACK_ENTRY_EURUSD
2026-03-25T19:36:58,EURUSD,long,0.01,100.05,96.15,106.2,100.2,0.7577,0.5789,0.4471,12345,SCALP_LONG_PULLBACK_ENTRY_EURUSD
2026-03-25T19:36:58,USDJPY,long,0.01,100.05,94.94,107.18,100.2,0.7642,0.5632,0.408,12345,SCALP_LONG_PULLBACK_ENTRY_USDJPY
2026-03-25T19:36:58,USDCHF,long,0.01,100.05,96.81,106.34,100.2,0.7653,0.5413,0.3533,12345,SCALP_LONG_PULLBACK_ENTRY_USDCHF
2026-03-25T19:36:58,AUDUSD,long,0.01,100.05,97.91,103.93,100.2,0.9029,0.6913,0.7282,12345,SCALP_LONG_FULL_ALIGNMENT_AUDUSD
2026-03-25T19:36:58,XAUUSD,long,0.01,100.05,97.65,105.09,100.2,0.6456,0.603,0.5076,12345,SCALP_LONG_FULL_ALIGNMENT_XAUUSD
2026-03-25T19:36:58,EURJPY,long,0.01,100.05,96.75,104.19,100.2,0.7013,0.5665,0.4162,12345,SCALP_LONG_PULLBACK_ENTRY_EURJPY
2026-03-25T19:36:58,GBPJPY,long,0.01,100.05,96.56,107.03,100.2,0.5694,0.5464,0.366,12345,SCALP_LONG_PULLBACK_ENTRY_GBPJPY
2026-03-25T19:36:58,DAX,long,0.01,100.05,97.38,103.33,100.2,0.7362,0.5916,0.479,12345,SCALP_LONG_PULLBACK_ENTRY_DAX
2026-03-25T19:36:58,UK100,long,0.01,100.05,96.74,107.0,100.2,0.6926,0.5266,0.3166,12345,SCALP_LONG_PULLBACK_ENTRY_UK100
2026-03-25T19:36:58,US30,long,0.01,100.05,97.51,103.36,100.2,0.5539,0.5554,0.3884,12345,SCALP_LONG_PULLBACK_ENTRY_US30
2026-03-25T19:36:58,US500,long,0.01,100.05,97.32,105.02,100.2,0.7753,0.5312,0.328,12345,SCALP_LONG_PULLBACK_ENTRY_US500
2026-03-25T19:36:58,USTEC,long,0.01,100.05,97.0,103.71,100.2,0.6983,0.5751,0.4378,12345,SCALP_LONG_PULLBACK_ENTRY_USTEC
2026-03-25T19:37:00,EURUSD,short,0.01,100.0,102.64,96.04,100.2,0.7191,0.5402,0.3504,12345,SCALP_SHORT_PULLBACK_ENTRY_EURUSD
2026-03-25T19:37:00,GBPUSD,short,0.01,100.0,103.06,96.33,100.2,0.7281,0.5784,0.446,12345,SCALP_SHORT_PULLBACK_ENTRY_GBPUSD
2026-03-25T19:37:00,AUDUSD,long,0.01,100.05,96.38,105.15,100.2,0.9105,0.6369,0.5922,12345,SCALP_LONG_PULLBACK_ENTRY_AUDUSD
2026-03-25T19:37:00,USDCAD,long,0.01,100.05,97.03,105.27,100.2,0.7709,0.5298,0.3244,12345,SCALP_LONG_PULLBACK_ENTRY_USDCAD
2026-03-25T19:37:00,NZDUSD,long,0.01,100.05,96.39,107.06,100.2,0.7365,0.5426,0.3565,12345,SCALP_LONG_PULLBACK_ENTRY_NZDUSD
2026-03-25T19:37:00,XAUUSD,long,0.01,100.05,97.43,103.19,100.2,0.7111,0.5948,0.487,12345,SCALP_LONG_PULLBACK_ENTRY_XAUUSD
2026-03-25T19:37:00,EURJPY,long,0.01,100.05,97.77,104.61,100.2,0.905,0.563,0.4075,12345,SCALP_LONG_PULLBACK_ENTRY_EURJPY
2026-03-25T19:37:00,GBPJPY,long,0.01,100.05,98.11,102.38,100.2,0.5384,0.5312,0.3279,12345,SCALP_LONG_PULLBACK_ENTRY_GBPJPY
2026-03-25T19:37:00,DAX,long,0.01,100.05,97.8,104.28,100.2,0.9011,0.5941,0.4852,12345,SCALP_LONG_FULL_ALIGNMENT_DAX
2026-03-25T19:37:00,UK100,long,0.01,100.05,97.16,103.51,100.2,0.6983,0.5817,0.4543,12345,SCALP_LONG_PULLBACK_ENTRY_UK100
2026-03-25T19:37:00,USTEC,long,0.01,100.05,96.74,107.0,100.2,0.7492,0.5984,0.4959,12345,SCALP_LONG_PULLBACK_ENTRY_USTEC
2026-03-25T19:37:01,GBPUSD,long,0.01,100.05,97.11,104.18,100.2,0.766,0.5314,0.3285,12345,SCALP_LONG_PULLBACK_ENTRY_GBPUSD
2026-03-25T19:37:01,USDJPY,long,0.01,100.05,96.76,104.0,100.2,0.7333,0.5617,0.4043,12345,SCALP_LONG_PULLBACK_ENTRY_USDJPY
2026-03-25T19:37:01,USDCHF,short,0.01,100.0,104.9,90.13,100.2,0.9075,0.7148,0.7871,12345,SCALP_SHORT_FULL_ALIGNMENT_USDCHF
2026-03-25T19:37:01,USDCAD,long,0.01,100.05,97.39,105.64,100.2,0.7808,0.6113,0.5282,12345,SCALP_LONG_PULLBACK_ENTRY_USDCAD
2026-03-25T19:37:01,XAUUSD,long,0.01,100.05,97.1,105.28,100.2,0.6874,0.5384,0.346,12345,SCALP_LONG_PULLBACK_ENTRY_XAUUSD
2026-03-25T19:37:01,EURJPY,long,0.01,100.05,96.83,104.09,100.2,0.7825,0.5795,0.4486,12345,SCALP_LONG_PULLBACK_ENTRY_EURJPY
2026-03-25T19:37:01,GBPJPY,long,0.01,100.05,96.66,107.16,100.2,0.7664,0.5624,0.4061,12345,SCALP_LONG_PULLBACK_ENTRY_GBPJPY
2026-03-25T19:37:01,DAX,long,0.01,100.05,97.17,104.09,100.2,0.9486,0.5808,0.452,12345,SCALP_LONG_PULLBACK_ENTRY_DAX
2026-03-25T19:37:01,UK100,long,0.01,100.05,97.13,106.55,100.2,0.7094,0.5632,0.408,12345,SCALP_LONG_PULLBACK_ENTRY_UK100
2026-03-25T19:37:01,US30,long,0.01,100.05,96.92,104.4,100.2,0.7601,0.5302,0.3255,12345,SCALP_LONG_PULLBACK_ENTRY_US30
2026-03-25T19:37:01,US500,short,0.01,100.0,103.17,94.38,100.2,0.7673,0.5285,0.3212,12345,SCALP_SHORT_PULLBACK_ENTRY_US500
2026-03-25T19:37:01,USTEC,long,0.01,100.05,98.32,102.13,100.2,0.8721,0.6218,0.5545,12345,SCALP_LONG_FULL_ALIGNMENT_USTEC
2026-03-25T19:37:03,USDJPY,long,0.01,100.05,97.62,105.15,100.2,0.9117,0.6064,0.5161,12345,SCALP_LONG_PULLBACK_ENTRY_USDJPY
2026-03-25T19:37:03,USDCHF,long,0.01,100.05,95.65,107.62,100.2,0.9093,0.6347,0.5868,12345,SCALP_LONG_PULLBACK_ENTRY_USDCHF
2026-03-25T19:37:03,AUDUSD,long,0.01,100.05,98.31,102.68,100.2,0.7646,0.5853,0.4632,12345,SCALP_LONG_PULLBACK_ENTRY_AUDUSD
2026-03-25T19:37:03,USDCAD,long,0.01,100.05,97.0,106.43,100.2,0.774,0.5216,0.304,12345,SCALP_LONG_PULLBACK_ENTRY_USDCAD
2026-03-25T19:37:03,NZDUSD,long,0.01,100.05,96.2,105.62,100.2,0.7588,0.6428,0.607,12345,SCALP_LONG_PULLBACK_ENTRY_NZDUSD
2026-03-25T19:37:03,XAUUSD,long,0.01,100.05,95.46,107.11,100.2,0.9248,0.5216,0.304,12345,SCALP_LONG_PULLBACK_ENTRY_XAUUSD
2026-03-25T19:37:03,EURJPY,long,0.01,100.05,97.33,103.32,100.2,0.7518,0.6109,0.5272,12345,SCALP_LONG_PULLBACK_ENTRY_EURJPY
2026-03-25T19:37:03,GBPJPY,long,0.01,100.05,97.54,103.06,100.2,0.6763,0.5329,0.3323,12345,SCALP_LONG_PULLBACK_ENTRY_GBPJPY
2026-03-25T19:37:03,DAX,long,0.01,100.05,96.79,104.42,100.2,0.7604,0.5541,0.3853,12345,SCALP_LONG_PULLBACK_ENTRY_DAX
2026-03-25T19:37:03,UK100,long,0.01,100.05,96.25,107.72,100.2,0.7652,0.5374,0.3435,12345,SCALP_LONG_PULLBACK_ENTRY_UK100
2026-03-25T19:37:03,US30,long,0.01,100.05,97.56,104.63,100.2,0.6102,0.5663,0.4157,12345,SCALP_LONG_PULLBACK_ENTRY_US30
2026-03-25T19:37:03,US500,long,0.01,100.05,96.39,107.06,100.2,0.719,0.5244,0.311,12345,SCALP_LONG_PULLBACK_ENTRY_US500
2026-03-25T19:37:03,USTEC,long,0.01,100.05,96.15,106.2,100.2,0.7605,0.5797,0.4494,12345,SCALP_LONG_PULLBACK_ENTRY_USTEC
2026-03-25T19:37:04,EURUSD,long,0.01,100.05,96.92,104.4,100.2,0.7639,0.615,0.5375,12345,SCALP_LONG_PULLBACK_ENTRY_EURUSD
2026-03-25T19:37:04,GBPUSD,long,0.01,100.05,97.54,105.84,100.2,0.709,0.5268,0.3171,12345,SCALP_LONG_PULLBACK_ENTRY_GBPUSD
2026-03-25T19:37:04,USDJPY,long,0.01,100.05,96.2,106.9,100.2,0.7577,0.5242,0.3105,12345,SCALP_LONG_PULLBACK_ENTRY_USDJPY
2026-03-25T19:37:04,USDCHF,long,0.01,100.05,96.62,104.41,100.2,0.7544,0.6011,0.5028,12345,SCALP_LONG_PULLBACK_ENTRY_USDCHF
2026-03-25T19:37:04,NZDUSD,long,0.01,100.05,96.09,106.15,100.2,0.8719,0.6005,0.5013,12345,SCALP_LONG_PULLBACK_ENTRY_NZDUSD
2026-03-25T19:37:04,XAUUSD,long,0.01,100.05,97.75,103.76,100.2,0.7984,0.5355,0.3387,12345,SCALP_LONG_PULLBACK_ENTRY_XAUUSD
2026-03-25T19:37:04,EURJPY,long,0.01,100.05,97.97,102.55,100.2,0.6192,0.6124,0.5311,12345,SCALP_LONG_FULL_ALIGNMENT_EURJPY
2026-03-25T19:37:04,GBPJPY,long,0.01,100.05,96.59,106.88,100.2,0.8034,0.5759,0.4398,12345,SCALP_LONG_PULLBACK_ENTRY_GBPJPY
2026-03-25T19:37:04,DAX,long,0.01,100.05,96.29,104.56,100.2,0.701,0.5457,0.3642,12345,SCALP_LONG_PULLBACK_ENTRY_DAX
2026-03-25T19:37:05,UK100,long,0.01,100.05,96.78,103.97,100.2,0.7089,0.5653,0.4134,12345,SCALP_LONG_PULLBACK_ENTRY_UK100
2026-03-25T19:37:05,US30,long,0.01,100.05,98.11,103.37,100.2,0.902,0.62,0.55,12345,SCALP_LONG_FULL_ALIGNMENT_US30
2026-03-25T19:37:05,USTEC,long,0.01,100.05,95.9,108.76,100.2,0.76,0.5619,0.4048,12345,SCALP_LONG_PULLBACK_ENTRY_USTEC
2026-03-25T19:37:08,BTCUSD,short,0.01,100.0,104.54,95.97,250.5,0.6923,0.704,1.3447,12345,BALANCED_SHORT_PULLBACK_ENTRY_BTCUSD
2026-03-25T19:37:08,EURUSD,short,0.01,100.0,102.89,97.43,250.5,0.7752,0.7249,1.425,12345,BALANCED_SHORT_PULLBACK_ENTRY_EURUSD
2026-03-25T19:42:57,NZDUSD,short,0.49,0.58135,0.58581,0.57676,187.88636,0.502,0.5137,0.5511,7906360220,RISKY_SHORT_PULLBACK_ENTRY_NZDUSD
2026-03-25T19:47:52,EURUSD,long,0.01,100.05,96.99,103.72,100.2,0.7152,0.5274,0.3186,12345,SCALP_LONG_PULLBACK_ENTRY_EURUSD
2026-03-25T19:47:52,GBPUSD,short,0.01,100.0,104.15,93.26,100.2,0.8748,0.7172,0.7929,12345,SCALP_SHORT_FULL_ALIGNMENT_GBPUSD
2026-03-25T19:47:52,USDJPY,long,0.01,100.05,96.68,105.35,100.2,0.7097,0.571,0.4274,12345,SCALP_LONG_PULLBACK_ENTRY_USDJPY
2026-03-25T19:47:52,USDCHF,long,0.01,100.05,95.69,105.28,100.2,0.732,0.6269,0.5673,12345,SCALP_LONG_PULLBACK_ENTRY_USDCHF
2026-03-25T19:47:52,AUDUSD,long,0.01,100.05,97.13,104.95,100.2,0.7718,0.5666,0.4165,12345,SCALP_LONG_PULLBACK_ENTRY_AUDUSD
2026-03-25T19:47:52,GBPJPY,short,0.01,100.0,103.45,95.62,100.2,0.8275,0.6247,0.5618,12345,SCALP_SHORT_PULLBACK_ENTRY_GBPJPY
2026-03-25T19:47:52,DAX,long,0.01,100.05,97.61,104.13,100.2,0.9633,0.566,0.4151,12345,SCALP_LONG_PULLBACK_ENTRY_DAX
2026-03-25T19:47:52,UK100,long,0.01,100.05,97.58,103.02,100.2,0.9173,0.5278,0.3195,12345,SCALP_LONG_PULLBACK_ENTRY_UK100
2026-03-25T19:47:52,US30,long,0.01,100.05,97.3,104.25,100.2,0.9852,0.561,0.4025,12345,SCALP_LONG_PULLBACK_ENTRY_US30
2026-03-25T19:47:52,USTEC,long,0.01,100.05,97.36,104.99,100.2,0.7876,0.6014,0.5035,12345,SCALP_LONG_FULL_ALIGNMENT_USTEC
2026-03-25T19:47:53,GBPUSD,long,0.01,100.05,97.52,103.2,100.2,0.9688,0.5256,0.314,12345,SCALP_LONG_PULLBACK_ENTRY_GBPUSD
2026-03-25T19:47:53,USDCHF,long,0.01,100.05,96.7,104.7,100.2,0.7656,0.5444,0.3609,12345,SCALP_LONG_PULLBACK_ENTRY_USDCHF
2026-03-25T19:47:53,AUDUSD,long,0.01,100.05,96.38,104.45,100.2,0.6966,0.5715,0.4287,12345,SCALP_LONG_PULLBACK_ENTRY_AUDUSD
2026-03-25T19:47:54,USDCAD,long,0.01,100.05,97.86,104.91,100.2,0.9474,0.5499,0.3748,12345,SCALP_LONG_PULLBACK_ENTRY_USDCAD
2026-03-25T19:47:54,NZDUSD,long,0.01,100.05,97.32,105.02,100.2,0.7789,0.5284,0.3211,12345,SCALP_LONG_PULLBACK_ENTRY_NZDUSD
2026-03-25T19:47:54,XAUUSD,long,0.01,100.05,97.07,104.72,100.2,0.7837,0.5921,0.4804,12345,SCALP_LONG_PULLBACK_ENTRY_XAUUSD
2026-03-25T19:47:54,EURJPY,short,0.01,100.0,102.68,96.78,100.2,0.9104,0.6201,0.5502,12345,SCALP_SHORT_PULLBACK_ENTRY_EURJPY
2026-03-25T19:47:54,GBPJPY,long,0.01,100.05,97.28,105.72,100.2,0.6721,0.5571,0.3927,12345,SCALP_LONG_PULLBACK_ENTRY_GBPJPY
2026-03-25T19:47:54,DAX,long,0.01,100.05,96.92,105.47,100.2,0.773,0.5454,0.3634,12345,SCALP_LONG_PULLBACK_ENTRY_DAX
2026-03-25T19:47:54,UK100,long,0.01,100.05,97.15,104.31,100.2,0.8247,0.5255,0.3138,12345,SCALP_LONG_PULLBACK_ENTRY_UK100
2026-03-25T19:47:54,US30,long,0.01,100.05,98.39,103.54,100.2,0.8133,0.6195,0.5488,12345,SCALP_LONG_FULL_ALIGNMENT_US30
2026-03-25T19:47:54,US500,long,0.01,100.05,97.93,103.62,100.2,0.903,0.7016,0.754,12345,SCALP_LONG_FULL_ALIGNMENT_US500
2026-03-25T19:47:55,USDJPY,long,0.01,100.05,96.29,106.9,100.2,0.7628,0.5991,0.4979,12345,SCALP_LONG_PULLBACK_ENTRY_USDJPY
2026-03-25T19:47:55,USDCHF,long,0.01,100.05,97.69,102.89,100.2,0.6494,0.5462,0.3655,12345,SCALP_LONG_PULLBACK_ENTRY_USDCHF
2026-03-25T19:47:55,AUDUSD,short,0.01,100.0,103.47,93.09,100.2,0.7594,0.5897,0.4742,12345,SCALP_SHORT_PULLBACK_ENTRY_AUDUSD
2026-03-25T19:47:55,NZDUSD,long,0.01,100.05,98.16,102.54,100.2,0.7591,0.5607,0.4016,12345,SCALP_LONG_PULLBACK_ENTRY_NZDUSD
2026-03-25T19:47:55,XAUUSD,long,0.01,100.05,96.63,105.22,100.2,0.5684,0.5498,0.3745,12345,SCALP_LONG_PULLBACK_ENTRY_XAUUSD
2026-03-25T19:47:55,EURJPY,long,0.01,100.05,96.94,103.78,100.2,0.7292,0.5396,0.349,12345,SCALP_LONG_PULLBACK_ENTRY_EURJPY
2026-03-25T19:47:55,GBPJPY,short,0.01,100.0,103.26,96.09,100.2,0.6402,0.7068,0.767,12345,SCALP_SHORT_FULL_ALIGNMENT_GBPJPY
2026-03-25T19:47:55,DAX,long,0.01,100.05,97.02,105.77,100.2,0.7311,0.623,0.5575,12345,SCALP_LONG_FULL_ALIGNMENT_DAX
2026-03-25T19:47:55,UK100,long,0.01,100.05,96.78,106.89,100.2,0.7654,0.5301,0.3253,12345,SCALP_LONG_PULLBACK_ENTRY_UK100
2026-03-25T19:47:55,US30,long,0.01,100.05,97.11,104.18,100.2,0.7621,0.6153,0.5383,12345,SCALP_LONG_PULLBACK_ENTRY_US30
2026-03-25T19:47:55,US500,long,0.01,100.05,96.92,103.81,100.2,0.7019,0.5643,0.4108,12345,SCALP_LONG_PULLBACK_ENTRY_US500
2026-03-25T19:47:55,USTEC,long,0.01,100.05,96.88,105.41,100.2,0.9375,0.5787,0.4466,12345,SCALP_LONG_PULLBACK_ENTRY_USTEC
2026-03-25T19:47:57,EURUSD,short,0.01,100.0,103.07,95.52,100.2,0.5766,0.5252,0.3131,12345,SCALP_SHORT_PULLBACK_ENTRY_EURUSD
2026-03-25T19:47:57,GBPUSD,long,0.01,100.05,98.18,103.43,100.2,0.9028,0.6234,0.5585,12345,SCALP_LONG_FULL_ALIGNMENT_GBPUSD
2026-03-25T19:47:57,USDCHF,long,0.01,100.05,97.49,103.12,100.2,0.8989,0.5456,0.3639,12345,SCALP_LONG_PULLBACK_ENTRY_USDCHF
2026-03-25T19:47:57,AUDUSD,long,0.01,100.05,97.33,103.32,100.2,0.6619,0.5823,0.4558,12345,SCALP_LONG_PULLBACK_ENTRY_AUDUSD
2026-03-25T19:47:57,USDCAD,long,0.01,100.05,96.71,105.17,100.2,0.7503,0.5592,0.398,12345,SCALP_LONG_PULLBACK_ENTRY_USDCAD
2026-03-25T19:47:57,NZDUSD,long,0.01,100.05,97.23,104.61,100.2,0.7643,0.608,0.5201,12345,SCALP_LONG_PULLBACK_ENTRY_NZDUSD
2026-03-25T19:47:57,EURJPY,long,0.01,100.05,95.34,108.41,100.2,0.8735,0.5714,0.4286,12345,SCALP_LONG_PULLBACK_ENTRY_EURJPY
2026-03-25T19:47:57,DAX,long,0.01,100.05,97.78,104.81,100.2,0.6479,0.6898,0.7246,12345,SCALP_LONG_FULL_ALIGNMENT_DAX
2026-03-25T19:47:57,UK100,long,0.01,100.05,97.51,104.4,100.2,0.8342,0.6111,0.5278,12345,SCALP_LONG_FULL_ALIGNMENT_UK100
2026-03-25T19:47:57,US30,long,0.01,100.05,97.11,104.18,100.2,0.7802,0.5458,0.3645,12345,SCALP_LONG_PULLBACK_ENTRY_US30
2026-03-25T19:47:57,US500,long,0.01,100.05,97.5,105.16,100.2,0.7324,0.5644,0.4111,12345,SCALP_LONG_PULLBACK_ENTRY_US500
2026-03-25T19:47:57,USTEC,long,0.01,100.05,96.92,106.15,100.2,0.6193,0.5558,0.3894,12345,SCALP_LONG_PULLBACK_ENTRY_USTEC
2026-03-25T19:47:58,EURUSD,long,0.01,100.05,97.69,103.7,100.2,0.9656,0.5879,0.4698,12345,SCALP_LONG_PULLBACK_ENTRY_EURUSD
2026-03-25T19:47:58,GBPUSD,long,0.01,100.05,96.99,103.72,100.2,0.7324,0.5982,0.4955,12345,SCALP_LONG_PULLBACK_ENTRY_GBPUSD
2026-03-25T19:47:58,USDJPY,long,0.01,100.05,97.65,103.98,100.2,0.8536,0.6119,0.5298,12345,SCALP_LONG_FULL_ALIGNMENT_USDJPY
2026-03-25T19:47:58,USDCHF,long,0.01,100.05,96.48,107.36,100.2,0.5393,0.588,0.4699,12345,SCALP_LONG_PULLBACK_ENTRY_USDCHF
2026-03-25T19:47:58,AUDUSD,long,0.01,100.05,96.92,103.8,100.2,0.7313,0.5234,0.3084,12345,SCALP_LONG_PULLBACK_ENTRY_AUDUSD
2026-03-25T19:47:58,USDCAD,long,0.01,100.05,97.42,105.93,100.2,0.6762,0.5466,0.3665,12345,SCALP_LONG_PULLBACK_ENTRY_USDCAD
2026-03-25T19:47:58,XAUUSD,long,0.01,100.05,96.75,104.62,100.2,0.7651,0.5604,0.4009,12345,SCALP_LONG_PULLBACK_ENTRY_XAUUSD
2026-03-25T19:47:58,EURJPY,short,0.01,100.0,104.63,93.02,100.2,0.769,0.6812,0.7029,12345,SCALP_SHORT_FULL_ALIGNMENT_EURJPY
2026-03-25T19:47:58,GBPJPY,long,0.01,100.05,96.69,104.76,100.2,0.8934,0.6179,0.5447,12345,SCALP_LONG_FULL_ALIGNMENT_GBPJPY
2026-03-25T19:47:58,DAX,long,0.01,100.05,96.77,106.93,100.2,0.7804,0.5336,0.3341,12345,SCALP_LONG_PULLBACK_ENTRY_DAX
2026-03-25T19:47:58,UK100,long,0.01,100.05,97.83,102.86,100.2,0.7148,0.5568,0.3919,12345,SCALP_LONG_PULLBACK_ENTRY_UK100
2026-03-25T19:47:58,US500,long,0.01,100.05,97.96,102.56,100.2,0.6871,0.5833,0.4582,12345,SCALP_LONG_FULL_ALIGNMENT_US500
2026-03-25T19:48:01,EURUSD,short,0.01,100.0,102.89,97.43,250.5,0.7495,0.7188,1.3931,12345,BALANCED_SHORT_PULLBACK_ENTRY_EURUSD
2026-03-25T19:48:01,NASDAQ:MSFT,long,0.01,100.05,97.19,102.59,250.5,0.7316,0.7072,1.3458,12345,BALANCED_LONG_PULLBACK_ENTRY_NASDAQ:MSFT
2026-03-25T19:53:04,GBPUSD,short,0.14,1.33691,1.34462,1.32793,93.95236999999999,0.444,0.5085,0.547,7906532462,BALANCED_SHORT_PULLBACK_ENTRY_GBPUSD
2026-03-25T19:53:05,USDJPY,long,5.98,159.372,159.347,159.424,80.52151788099576,0.6665,0.5323,0.2862,7906533041,SCALP_LONG_PULLBACK_ENTRY_USDJPY
2026-03-25T19:53:08,USDCHF,long,0.2,0.79153,0.78718,0.80127,93.94919,0.4775,0.5118,0.5541,7906533758,BALANCED_LONG_PULLBACK_ENTRY_USDCHF
2026-03-25T19:53:16,DAX,short,108.0,42.05,42.92,40.16,93.93734,0.5751,0.4546,0.2419,7906535643,BALANCED_SHORT_PULLBACK_ENTRY_DAX
2026-03-25T19:53:19,AUDJPY,long,0.25,110.854,110.17,112.684,93.92327000000002,0.6226,0.4844,0.4821,7906536458,BALANCED_LONG_PULLBACK_ENTRY_AUDJPY
2026-03-25T19:53:22,CHFJPY,long,0.21,201.348,200.532,202.708,93.9321,0.5885,0.488,0.4997,7906537000,BALANCED_LONG_PULLBACK_ENTRY_CHFJPY
2026-03-25T19:58:03,USDCAD,long,2.02,1.38111,1.3806,1.38189,64.60839111305154,0.7877,0.5558,0.3696,7906634429,SCALP_LONG_PULLBACK_ENTRY_USDCAD
2026-03-25T19:59:24,EURUSD,long,0.01,100.05,96.39,107.06,100.2,0.719,0.5244,0.3111,12345,SCALP_LONG_PULLBACK_ENTRY_EURUSD
2026-03-25T19:59:24,GBPUSD,long,0.01,100.05,96.76,104.0,100.2,0.7229,0.5624,0.406,12345,SCALP_LONG_PULLBACK_ENTRY_GBPUSD
2026-03-25T19:59:24,USDJPY,long,0.01,100.05,97.11,104.18,100.2,0.7683,0.5444,0.3609,12345,SCALP_LONG_PULLBACK_ENTRY_USDJPY
2026-03-25T19:59:24,USDCHF,long,0.01,100.05,97.43,103.19,100.2,0.9238,0.5903,0.4757,12345,SCALP_LONG_PULLBACK_ENTRY_USDCHF
2026-03-25T19:59:24,AUDUSD,long,0.01,100.05,97.71,103.79,100.2,0.6214,0.6152,0.5381,12345,SCALP_LONG_FULL_ALIGNMENT_AUDUSD
2026-03-25T19:59:24,USDCAD,short,0.01,100.0,103.24,93.71,100.2,0.765,0.6326,0.5816,12345,SCALP_SHORT_PULLBACK_ENTRY_USDCAD
2026-03-25T19:59:24,NZDUSD,long,0.01,100.05,97.52,103.09,100.2,0.8033,0.5678,0.4194,12345,SCALP_LONG_PULLBACK_ENTRY_NZDUSD
2026-03-25T19:59:24,XAUUSD,long,0.01,100.05,97.28,105.72,100.2,0.6768,0.5775,0.4436,12345,SCALP_LONG_PULLBACK_ENTRY_XAUUSD
2026-03-25T19:59:24,EURJPY,long,0.01,100.05,97.89,102.64,100.2,0.8989,0.5644,0.4111,12345,SCALP_LONG_PULLBACK_ENTRY_EURJPY
2026-03-25T19:59:24,DAX,long,0.01,100.05,97.14,104.23,100.2,0.6247,0.5793,0.4483,12345,SCALP_LONG_PULLBACK_ENTRY_DAX
2026-03-25T19:59:24,UK100,long,0.01,100.05,98.5,102.02,100.2,0.874,0.6898,0.7245,12345,SCALP_LONG_FULL_ALIGNMENT_UK100
2026-03-25T19:59:24,US30,short,0.01,100.0,102.14,95.5,100.2,0.7361,0.5768,0.442,12345,SCALP_SHORT_PULLBACK_ENTRY_US30
2026-03-25T19:59:24,US500,long,0.01,100.05,96.92,104.4,100.2,0.7727,0.5822,0.4555,12345,SCALP_LONG_PULLBACK_ENTRY_US500
2026-03-25T19:59:24,USTEC,short,0.01,100.0,102.97,96.44,100.2,0.6805,0.6806,0.7014,12345,SCALP_SHORT_FULL_ALIGNMENT_USTEC
2026-03-25T19:59:27,EURUSD,long,0.01,100.05,97.42,103.24,100.2,0.8777,0.5373,0.3433,12345,SCALP_LONG_PULLBACK_ENTRY_EURUSD
2026-03-25T19:59:27,GBPUSD,long,0.01,100.05,97.13,104.95,100.2,0.7621,0.5386,0.3464,12345,SCALP_LONG_PULLBACK_ENTRY_GBPUSD
2026-03-25T19:59:27,USDJPY,long,0.01,100.05,97.64,103.4,100.2,0.6368,0.5253,0.3132,12345,SCALP_LONG_PULLBACK_ENTRY_USDJPY
2026-03-25T19:59:27,USDCHF,long,0.01,100.05,96.67,106.37,100.2,0.5472,0.5664,0.416,12345,SCALP_LONG_PULLBACK_ENTRY_USDCHF
2026-03-25T19:59:27,AUDUSD,long,0.01,100.05,97.43,105.13,100.2,0.7352,0.5555,0.3888,12345,SCALP_LONG_PULLBACK_ENTRY_AUDUSD
2026-03-25T19:59:27,USDCAD,long,0.01,100.05,97.55,103.17,100.2,0.6698,0.5749,0.4374,12345,SCALP_LONG_PULLBACK_ENTRY_USDCAD
2026-03-25T19:59:27,NZDUSD,long,0.01,100.05,97.63,105.14,100.2,0.7327,0.5998,0.4995,12345,SCALP_LONG_PULLBACK_ENTRY_NZDUSD
2026-03-25T19:59:27,EURJPY,long,0.01,100.05,96.39,107.06,100.2,0.719,0.5244,0.3111,12345,SCALP_LONG_PULLBACK_ENTRY_EURJPY
2026-03-25T19:59:27,UK100,long,0.01,100.05,96.39,107.06,100.2,0.736,0.615,0.5375,12345,SCALP_LONG_PULLBACK_ENTRY_UK100
2026-03-25T19:59:27,US30,long,0.01,100.05,96.79,106.09,100.2,0.7705,0.5778,0.4446,12345,SCALP_LONG_PULLBACK_ENTRY_US30
2026-03-25T19:59:27,US500,long,0.01,100.05,97.04,105.08,100.2,0.8456,0.597,0.4924,12345,SCALP_LONG_PULLBACK_ENTRY_US500
2026-03-25T19:59:28,GBPUSD,long,0.01,100.05,97.11,104.18,100.2,0.7701,0.5299,0.3247,12345,SCALP_LONG_PULLBACK_ENTRY_GBPUSD
2026-03-25T19:59:28,USDCHF,long,0.01,100.05,96.56,104.45,100.2,0.6987,0.5502,0.3756,12345,SCALP_LONG_PULLBACK_ENTRY_USDCHF
2026-03-25T19:59:29,AUDUSD,short,0.01,100.0,102.39,96.49,100.2,0.6499,0.5435,0.3589,12345,SCALP_SHORT_PULLBACK_ENTRY_AUDUSD
2026-03-25T19:59:29,USDCAD,long,0.01,100.05,97.13,106.09,100.2,0.924,0.5603,0.4007,12345,SCALP_LONG_PULLBACK_ENTRY_USDCAD
2026-03-25T19:59:29,NZDUSD,long,0.01,100.05,96.99,103.72,100.2,0.7353,0.5339,0.3347,12345,SCALP_LONG_PULLBACK_ENTRY_NZDUSD
2026-03-25T19:59:29,XAUUSD,long,0.01,100.05,96.77,106.93,100.2,0.7787,0.5457,0.3642,12345,SCALP_LONG_PULLBACK_ENTRY_XAUUSD
2026-03-25T19:59:29,EURJPY,long,0.01,100.05,96.78,106.92,100.2,0.7499,0.5401,0.3503,12345,SCALP_LONG_PULLBACK_ENTRY_EURJPY
2026-03-25T19:59:29,GBPJPY,long,0.01,100.05,97.3,104.04,100.2,0.9846,0.5383,0.3457,12345,SCALP_LONG_PULLBACK_ENTRY_GBPJPY
2026-03-25T19:59:29,DAX,long,0.01,100.05,98.51,101.9,100.2,0.6904,0.55,0.375,12345,SCALP_LONG_PULLBACK_ENTRY_DAX
2026-03-25T19:59:29,US30,long,0.01,100.05,97.08,106.03,100.2,0.7283,0.5275,0.3188,12345,SCALP_LONG_PULLBACK_ENTRY_US30
2026-03-25T19:59:29,US500,long,0.01,100.05,96.28,107.72,100.2,0.6893,0.575,0.4375,12345,SCALP_LONG_PULLBACK_ENTRY_US500
2026-03-25T19:59:29,USTEC,long,0.01,100.05,95.99,108.58,100.2,0.741,0.5597,0.3992,12345,SCALP_LONG_PULLBACK_ENTRY_USTEC
2026-03-25T19:59:30,EURUSD,long,0.01,100.05,96.67,106.37,100.2,0.5515,0.5911,0.4778,12345,SCALP_LONG_PULLBACK_ENTRY_EURUSD
2026-03-25T19:59:30,GBPUSD,long,0.01,100.05,96.77,106.93,100.2,0.7833,0.528,0.32,12345,SCALP_LONG_PULLBACK_ENTRY_GBPUSD
2026-03-25T19:59:30,USDJPY,long,0.01,100.05,97.06,103.64,100.2,0.8214,0.5533,0.3832,12345,SCALP_LONG_PULLBACK_ENTRY_USDJPY
2026-03-25T19:59:30,USDCHF,long,0.01,100.05,98.02,102.49,100.2,0.7527,0.6398,0.5995,12345,SCALP_LONG_FULL_ALIGNMENT_USDCHF
2026-03-25T19:59:30,AUDUSD,short,0.01,100.0,102.32,96.83,100.2,0.5758,0.5441,0.3602,12345,SCALP_SHORT_PULLBACK_ENTRY_AUDUSD
2026-03-25T19:59:30,USDCAD,short,0.01,100.0,104.23,94.37,100.2,0.8361,0.6727,0.6817,12345,SCALP_SHORT_FULL_ALIGNMENT_USDCAD
2026-03-25T19:59:30,NZDUSD,long,0.01,100.05,96.44,106.48,100.2,0.7613,0.5701,0.4254,12345,SCALP_LONG_PULLBACK_ENTRY_NZDUSD
2026-03-25T19:59:30,XAUUSD,long,0.01,100.05,97.17,106.09,100.2,0.8939,0.5756,0.439,12345,SCALP_LONG_PULLBACK_ENTRY_XAUUSD
2026-03-25T19:59:30,EURJPY,long,0.01,100.05,95.32,109.99,100.2,0.7645,0.5632,0.4081,12345,SCALP_LONG_PULLBACK_ENTRY_EURJPY
2026-03-25T19:59:30,GBPJPY,long,0.01,100.05,96.58,104.22,100.2,0.7001,0.5596,0.399,12345,SCALP_LONG_PULLBACK_ENTRY_GBPJPY
2026-03-25T19:59:30,DAX,long,0.01,100.05,96.93,105.36,100.2,0.7617,0.6095,0.5237,12345,SCALP_LONG_PULLBACK_ENTRY_DAX
2026-03-25T19:59:30,US500,long,0.01,100.05,97.95,102.57,100.2,0.8711,0.6584,0.646,12345,SCALP_LONG_FULL_ALIGNMENT_US500
2026-03-25T19:59:30,USTEC,long,0.01,100.05,97.55,104.21,100.2,0.815,0.5692,0.4229,12345,SCALP_LONG_PULLBACK_ENTRY_USTEC
2026-03-25T19:59:32,EURUSD,short,0.01,100.0,103.07,95.52,100.2,0.7681,0.5363,0.3407,12345,SCALP_SHORT_PULLBACK_ENTRY_EURUSD
2026-03-25T19:59:32,GBPUSD,long,0.01,100.05,97.57,103.02,100.2,0.9181,0.5435,0.3588,12345,SCALP_LONG_PULLBACK_ENTRY_GBPUSD
2026-03-25T19:59:32,USDJPY,long,0.01,100.05,97.4,103.23,100.2,0.9273,0.532,0.33,12345,SCALP_LONG_PULLBACK_ENTRY_USDJPY
2026-03-25T19:59:32,USDCHF,long,0.01,100.05,97.79,103.47,100.2,0.9017,0.6091,0.5227,12345,SCALP_LONG_FULL_ALIGNMENT_USDCHF
2026-03-25T19:59:32,AUDUSD,long,0.01,100.05,96.96,106.27,100.2,0.7576,0.5475,0.3689,12345,SCALP_LONG_PULLBACK_ENTRY_AUDUSD
2026-03-25T19:59:32,NZDUSD,long,0.01,100.05,96.27,107.4,100.2,0.9065,0.5888,0.4721,12345,SCALP_LONG_PULLBACK_ENTRY_NZDUSD
2026-03-25T19:59:32,XAUUSD,long,0.01,100.05,95.5,106.43,100.2,0.9087,0.6992,0.7481,12345,SCALP_LONG_FULL_ALIGNMENT_XAUUSD
2026-03-25T19:59:32,EURJPY,long,0.01,100.05,97.07,103.63,100.2,0.6507,0.5371,0.3426,12345,SCALP_LONG_PULLBACK_ENTRY_EURJPY
2026-03-25T19:59:32,GBPJPY,long,0.01,100.05,96.07,105.8,100.2,0.6815,0.5693,0.4233,12345,SCALP_LONG_PULLBACK_ENTRY_GBPJPY
2026-03-25T19:59:32,DAX,long,0.01,100.05,96.17,105.82,100.2,0.7642,0.5342,0.3355,12345,SCALP_LONG_PULLBACK_ENTRY_DAX
2026-03-25T19:59:32,UK100,long,0.01,100.05,96.92,105.94,100.2,0.7571,0.5355,0.3386,12345,SCALP_LONG_PULLBACK_ENTRY_UK100
2026-03-25T19:59:32,US30,long,0.01,100.05,97.62,104.01,100.2,0.6321,0.5712,0.4279,12345,SCALP_LONG_PULLBACK_ENTRY_US30
2026-03-25T19:59:32,US500,long,0.01,100.05,96.99,103.72,100.2,0.7136,0.5276,0.3191,12345,SCALP_LONG_PULLBACK_ENTRY_US500
2026-03-25T19:59:32,USTEC,long,0.01,100.05,95.99,104.92,100.2,0.6752,0.5376,0.3439,12345,SCALP_LONG_PULLBACK_ENTRY_USTEC
2026-03-25T19:59:36,EURUSD,short,0.01,100.0,101.92,97.43,250.5,0.675,0.6421,1.1098,12345,BALANCED_SHORT_PULLBACK_ENTRY_EURUSD
2026-03-25T19:59:36,BTCUSD,short,0.01,100.0,104.55,95.95,250.5,0.5971,0.6881,1.213,12345,BALANCED_SHORT_PULLBACK_ENTRY_BTCUSD
2026-03-25T19:59:36,XAUUSD,short,0.01,100.0,102.35,97.91,250.5,0.675,0.6446,1.1226,12345,BALANCED_SHORT_PULLBACK_ENTRY_XAUUSD
2026-03-25T19:59:36,NASDAQ:MSFT,short,0.01,100.0,102.89,97.43,250.5,0.7752,0.7156,1.3832,12345,BALANCED_SHORT_PULLBACK_ENTRY_NASDAQ:MSFT
2026-03-25T19:59:36,EURUSD,short,0.01,100.0,102.89,97.43,250.5,0.7752,0.7156,1.3832,12345,BALANCED_SHORT_PULLBACK_ENTRY_EURUSD
2026-03-25T20:01:03,GBPUSD,long,0.01,100.05,96.81,106.34,100.2,0.7747,0.5304,0.326,12345,SCALP_LONG_PULLBACK_ENTRY_GBPUSD
2026-03-25T20:01:03,USDJPY,long,0.01,100.05,97.76,103.1,100.2,0.932,0.6031,0.5077,12345,SCALP_LONG_FULL_ALIGNMENT_USDJPY
2026-03-25T20:01:03,USDCHF,long,0.01,100.05,96.07,107.37,100.2,0.8745,0.5958,0.4895,12345,SCALP_LONG_PULLBACK_ENTRY_USDCHF
2026-03-25T20:01:03,AUDUSD,long,0.01,100.05,97.54,103.07,100.2,0.6773,0.5411,0.3527,12345,SCALP_LONG_PULLBACK_ENTRY_AUDUSD
2026-03-25T20:01:03,USDCAD,long,0.01,100.05,97.84,104.69,100.2,0.9036,0.6854,0.7134,12345,SCALP_LONG_FULL_ALIGNMENT_USDCAD
2026-03-25T20:01:03,NZDUSD,long,0.01,100.05,97.64,103.66,100.2,0.7382,0.5352,0.338,12345,SCALP_LONG_PULLBACK_ENTRY_NZDUSD
2026-03-25T20:01:03,XAUUSD,long,0.01,100.05,97.2,103.74,100.2,0.6546,0.621,0.5525,12345,SCALP_LONG_PULLBACK_ENTRY_XAUUSD
2026-03-25T20:01:03,EURJPY,long,0.01,100.05,97.54,105.31,100.2,0.7652,0.6011,0.5027,12345,SCALP_LONG_PULLBACK_ENTRY_EURJPY
2026-03-25T20:01:03,GBPJPY,long,0.01,100.05,95.55,106.49,100.2,0.8833,0.6316,0.5789,12345,SCALP_LONG_PULLBACK_ENTRY_GBPJPY
2026-03-25T20:01:03,DAX,long,0.01,100.05,97.8,102.75,100.2,0.9144,0.551,0.3774,12345,SCALP_LONG_PULLBACK_ENTRY_DAX
2026-03-25T20:01:03,UK100,long,0.01,100.05,97.24,105.94,100.2,0.7611,0.5459,0.3648,12345,SCALP_LONG_PULLBACK_ENTRY_UK100
2026-03-25T20:01:03,US30,long,0.01,100.05,96.5,104.41,100.2,0.7699,0.6091,0.5228,12345,SCALP_LONG_PULLBACK_ENTRY_US30
2026-03-25T20:01:03,USTEC,long,0.01,100.05,96.94,103.79,100.2,0.7411,0.5975,0.4937,12345,SCALP_LONG_PULLBACK_ENTRY_USTEC
2026-03-25T20:01:05,GBPUSD,short,0.01,100.0,102.94,95.87,100.2,0.7738,0.6321,0.5801,12345,SCALP_SHORT_PULLBACK_ENTRY_GBPUSD
2026-03-25T20:01:05,USDJPY,long,0.01,100.05,97.61,102.97,100.2,0.899,0.5387,0.3467,12345,SCALP_LONG_PULLBACK_ENTRY_USDJPY
2026-03-25T20:01:05,USDCHF,long,0.01,100.05,97.51,103.09,100.2,0.7065,0.6391,0.5977,12345,SCALP_LONG_FULL_ALIGNMENT_USDCHF
2026-03-25T20:01:05,AUDUSD,short,0.01,100.0,103.18,93.33,100.2,0.769,0.6314,0.5784,12345,SCALP_SHORT_PULLBACK_ENTRY_AUDUSD
2026-03-25T20:01:05,XAUUSD,long,0.01,100.05,97.44,105.54,100.2,0.7042,0.5801,0.4503,12345,SCALP_LONG_PULLBACK_ENTRY_XAUUSD
2026-03-25T20:01:05,EURJPY,long,0.01,100.05,97.55,104.34,100.2,0.9035,0.6699,0.6748,12345,SCALP_LONG_FULL_ALIGNMENT_EURJPY
2026-03-25T20:01:05,DAX,long,0.01,100.05,96.84,104.47,100.2,0.7606,0.5327,0.3318,12345,SCALP_LONG_PULLBACK_ENTRY_DAX
2026-03-25T20:01:05,US30,long,0.01,100.05,98.05,103.27,100.2,0.903,0.6711,0.6777,12345,SCALP_LONG_FULL_ALIGNMENT_US30
2026-03-25T20:01:05,US500,long,0.01,100.05,96.37,104.47,100.2,0.677,0.5777,0.4443,12345,SCALP_LONG_PULLBACK_ENTRY_US500
2026-03-25T20:01:05,USTEC,long,0.01,100.05,97.19,105.37,100.2,0.9027,0.5858,0.4646,12345,SCALP_LONG_PULLBACK_ENTRY_USTEC
2026-03-25T20:01:06,EURUSD,long,0.01,100.05,98.04,102.47,100.2,0.8624,0.6376,0.5939,12345,SCALP_LONG_FULL_ALIGNMENT_EURUSD
2026-03-25T20:01:06,GBPUSD,long,0.01,100.05,96.27,107.4,100.2,0.7486,0.531,0.3275,12345,SCALP_LONG_PULLBACK_ENTRY_GBPUSD
2026-03-25T20:01:06,USDJPY,long,0.01,100.05,96.99,103.72,100.2,0.7355,0.5308,0.3269,12345,SCALP_LONG_PULLBACK_ENTRY_USDJPY
2026-03-25T20:01:06,USDCHF,long,0.01,100.05,96.2,105.88,100.2,0.5458,0.5817,0.4543,12345,SCALP_LONG_PULLBACK_ENTRY_USDCHF
2026-03-25T20:01:06,AUDUSD,long,0.01,100.05,97.7,104.48,100.2,0.7795,0.612,0.53,12345,SCALP_LONG_FULL_ALIGNMENT_AUDUSD
2026-03-25T20:01:06,NZDUSD,long,0.01,100.05,96.53,104.68,100.2,0.7222,0.5707,0.4268,12345,SCALP_LONG_PULLBACK_ENTRY_NZDUSD
2026-03-25T20:01:06,XAUUSD,long,0.01,100.05,96.86,105.69,100.2,0.7632,0.5521,0.3803,12345,SCALP_LONG_PULLBACK_ENTRY_XAUUSD
2026-03-25T20:01:06,EURJPY,long,0.01,100.05,95.08,106.02,100.2,0.6748,0.6331,0.5827,12345,SCALP_LONG_FULL_ALIGNMENT_EURJPY
2026-03-25T20:01:06,GBPJPY,long,0.01,100.05,97.4,105.56,100.2,0.9093,0.6283,0.5707,12345,SCALP_LONG_PULLBACK_ENTRY_GBPJPY
2026-03-25T20:01:06,US500,long,0.01,100.05,96.12,105.78,100.2,0.672,0.5755,0.4388,12345,SCALP_LONG_PULLBACK_ENTRY_US500
2026-03-25T20:01:06,USTEC,long,0.01,100.05,96.42,104.4,100.2,0.8265,0.539,0.3475,12345,SCALP_LONG_PULLBACK_ENTRY_USTEC
2026-03-25T20:01:07,EURUSD,long,0.01,100.05,96.15,106.2,100.2,0.7577,0.5789,0.4473,12345,SCALP_LONG_PULLBACK_ENTRY_EURUSD
2026-03-25T20:01:07,GBPUSD,short,0.01,100.0,103.06,96.33,100.2,0.7145,0.6297,0.5743,12345,SCALP_SHORT_PULLBACK_ENTRY_GBPUSD
2026-03-25T20:01:07,USDCHF,long,0.01,100.05,97.24,105.29,100.2,0.917,0.7049,0.7623,12345,SCALP_LONG_FULL_ALIGNMENT_USDCHF
2026-03-25T20:01:07,AUDUSD,long,0.01,100.05,98.46,102.81,100.2,0.8143,0.5533,0.3833,12345,SCALP_LONG_PULLBACK_ENTRY_AUDUSD
2026-03-25T20:01:07,USDCAD,short,0.01,100.0,103.22,93.82,100.2,0.7799,0.6324,0.5811,12345,SCALP_SHORT_PULLBACK_ENTRY_USDCAD
2026-03-25T20:01:07,NZDUSD,long,0.01,100.05,97.09,106.27,100.2,0.6857,0.6029,0.5073,12345,SCALP_LONG_PULLBACK_ENTRY_NZDUSD
2026-03-25T20:01:07,XAUUSD,long,0.01,100.05,96.4,104.7,100.2,0.8338,0.6208,0.552,12345,SCALP_LONG_FULL_ALIGNMENT_XAUUSD
2026-03-25T20:01:07,EURJPY,long,0.01,100.05,98.02,102.49,100.2,0.8638,0.6081,0.5203,12345,SCALP_LONG_FULL_ALIGNMENT_EURJPY
2026-03-25T20:01:08,GBPJPY,long,0.01,100.05,97.7,104.98,100.2,0.8041,0.5329,0.3321,12345,SCALP_LONG_PULLBACK_ENTRY_GBPJPY
2026-03-25T20:01:08,DAX,long,0.01,100.05,97.87,103.51,100.2,0.6417,0.5397,0.3492,12345,SCALP_LONG_PULLBACK_ENTRY_DAX
2026-03-25T20:01:08,UK100,long,0.01,100.05,97.12,103.57,100.2,0.7311,0.5358,0.3395,12345,SCALP_LONG_PULLBACK_ENTRY_UK100
2026-03-25T20:01:08,US30,long,0.01,100.05,97.05,104.15,100.2,0.7566,0.5761,0.4404,12345,SCALP_LONG_PULLBACK_ENTRY_US30
2026-03-25T20:01:08,US500,long,0.01,100.05,96.41,104.41,100.2,0.6714,0.5632,0.4079,12345,SCALP_LONG_PULLBACK_ENTRY_US500
2026-03-25T20:01:08,USTEC,long,0.01,100.05,96.29,104.68,100.2,0.7583,0.6517,0.6292,12345,SCALP_LONG_FULL_ALIGNMENT_USTEC
2026-03-25T20:01:09,EURUSD,long,0.01,100.05,96.83,104.66,100.2,0.569,0.5526,0.3814,12345,SCALP_LONG_PULLBACK_ENTRY_EURUSD
2026-03-25T20:01:09,GBPUSD,long,0.01,100.05,97.51,103.68,100.2,0.6465,0.613,0.5325,12345,SCALP_LONG_FULL_ALIGNMENT_GBPUSD
2026-03-25T20:01:09,USDCHF,long,0.01,100.05,96.64,105.81,100.2,0.6759,0.5778,0.4445,12345,SCALP_LONG_PULLBACK_ENTRY_USDCHF
2026-03-25T20:01:09,AUDUSD,long,0.01,100.05,96.08,104.9,100.2,0.7661,0.5813,0.4532,12345,SCALP_LONG_PULLBACK_ENTRY_AUDUSD
2026-03-25T20:01:09,USDCAD,long,0.01,100.05,95.08,106.02,100.2,0.684,0.6057,0.5142,12345,SCALP_LONG_FULL_ALIGNMENT_USDCAD
2026-03-25T20:01:09,NZDUSD,long,0.01,100.05,96.21,105.46,100.2,0.6584,0.5578,0.3946,12345,SCALP_LONG_PULLBACK_ENTRY_NZDUSD
2026-03-25T20:01:09,XAUUSD,long,0.01,100.05,96.89,103.89,100.2,0.7519,0.5373,0.3432,12345,SCALP_LONG_PULLBACK_ENTRY_XAUUSD
2026-03-25T20:01:09,EURJPY,long,0.01,100.05,97.61,104.57,100.2,0.9151,0.5275,0.3188,12345,SCALP_LONG_PULLBACK_ENTRY_EURJPY
2026-03-25T20:01:09,GBPJPY,long,0.01,100.05,97.78,102.77,100.2,0.5439,0.5677,0.4192,12345,SCALP_LONG_PULLBACK_ENTRY_GBPJPY
2026-03-25T20:01:09,DAX,long,0.01,100.05,97.64,102.94,100.2,0.5614,0.6129,0.5322,12345,SCALP_LONG_FULL_ALIGNMENT_DAX
2026-03-25T20:01:09,UK100,long,0.01,100.05,95.64,105.34,100.2,0.7306,0.6345,0.5863,12345,SCALP_LONG_PULLBACK_ENTRY_UK100
2026-03-25T20:01:09,US30,long,0.01,100.05,96.88,106.71,100.2,0.7712,0.536,0.3401,12345,SCALP_LONG_PULLBACK_ENTRY_US30
2026-03-25T20:01:09,US500,long,0.01,100.05,97.02,103.74,100.2,0.7546,0.5579,0.3947,12345,SCALP_LONG_PULLBACK_ENTRY_US500
2026-03-25T20:01:09,USTEC,long,0.01,100.05,97.68,104.64,100.2,0.8987,0.6461,0.6153,12345,SCALP_LONG_FULL_ALIGNMENT_USTEC
2026-03-25T20:01:12,EURUSD,short,0.01,100.0,102.89,97.43,250.5,0.7752,0.7158,1.3842,12345,BALANCED_SHORT_PULLBACK_ENTRY_EURUSD
2026-03-25T20:01:12,EURUSD,short,0.01,100.0,103.0,94.67,250.5,0.8241,0.7037,1.3279,12345,BALANCED_SHORT_PULLBACK_ENTRY_EURUSD
2026-03-25T21:32:39,USDCHF,long,0.39,0.792,0.78759,0.80127,188.51426000000004,0.428,0.5174,0.5361,7908224283,RISKY_LONG_PULLBACK_ENTRY_USDCHF
2026-03-25T21:34:40,XAUUSD,long,1.05,4522.22,4513.29,4536.71,94.2294,0.7309,0.5295,0.2827,7908240537,SCALP_LONG_PULLBACK_ENTRY_XAUUSD
2026-03-25T21:38:19,EURUSD,long,0.01,100.05,96.15,106.2,100.2,0.7577,0.5792,0.4481,12345,SCALP_LONG_PULLBACK_ENTRY_EURUSD
2026-03-25T21:38:19,GBPUSD,long,0.01,100.05,97.11,104.18,100.2,0.763,0.5386,0.3464,12345,SCALP_LONG_PULLBACK_ENTRY_GBPUSD
2026-03-25T21:38:19,USDCHF,long,0.01,100.05,97.78,104.14,100.2,0.904,0.6978,0.7444,12345,SCALP_LONG_FULL_ALIGNMENT_USDCHF
2026-03-25T21:38:19,USDCAD,long,0.01,100.05,96.92,103.81,100.2,0.7416,0.5418,0.3546,12345,SCALP_LONG_PULLBACK_ENTRY_USDCAD
2026-03-25T21:38:19,XAUUSD,long,0.01,100.05,97.69,103.7,100.2,0.9651,0.5577,0.3942,12345,SCALP_LONG_PULLBACK_ENTRY_XAUUSD
2026-03-25T21:38:19,GBPJPY,long,0.01,100.05,97.55,105.3,100.2,0.9659,0.5572,0.3929,12345,SCALP_LONG_PULLBACK_ENTRY_GBPJPY
2026-03-25T21:38:19,DAX,long,0.01,100.05,96.56,105.45,100.2,0.8682,0.5985,0.4962,12345,SCALP_LONG_FULL_ALIGNMENT_DAX
2026-03-25T21:38:19,US30,long,0.01,100.05,96.39,104.44,100.2,0.819,0.5964,0.4911,12345,SCALP_LONG_FULL_ALIGNMENT_US30
2026-03-25T21:38:20,EURUSD,long,0.01,100.05,96.76,104.0,100.2,0.7239,0.5726,0.4314,12345,SCALP_LONG_PULLBACK_ENTRY_EURUSD
2026-03-25T21:38:20,GBPUSD,long,0.01,100.05,97.95,102.79,100.2,0.6489,0.6701,0.6753,12345,SCALP_LONG_FULL_ALIGNMENT_GBPUSD
2026-03-25T21:38:20,USDJPY,long,0.01,100.05,96.43,107.64,100.2,0.7233,0.5308,0.3271,12345,SCALP_LONG_PULLBACK_ENTRY_USDJPY
2026-03-25T21:38:20,USDCHF,long,0.01,100.05,96.3,104.55,100.2,0.9011,0.6156,0.5391,12345,SCALP_LONG_PULLBACK_ENTRY_USDCHF
2026-03-25T21:38:20,AUDUSD,long,0.01,100.05,96.93,103.8,100.2,0.8193,0.5372,0.343,12345,SCALP_LONG_PULLBACK_ENTRY_AUDUSD
2026-03-25T21:38:20,USDCAD,long,0.01,100.05,96.45,108.17,100.2,0.6924,0.5215,0.3037,12345,SCALP_LONG_PULLBACK_ENTRY_USDCAD
2026-03-25T21:38:20,NZDUSD,long,0.01,100.05,96.62,107.24,100.2,0.7212,0.5291,0.3227,12345,SCALP_LONG_PULLBACK_ENTRY_NZDUSD
2026-03-25T21:38:20,XAUUSD,long,0.01,100.05,97.05,104.4,100.2,0.7811,0.6479,0.6197,12345,SCALP_LONG_FULL_ALIGNMENT_XAUUSD
2026-03-25T21:38:20,GBPJPY,long,0.01,100.05,96.49,107.25,100.2,0.775,0.5916,0.479,12345,SCALP_LONG_PULLBACK_ENTRY_GBPJPY
2026-03-25T21:38:20,DAX,long,0.01,100.05,95.71,108.47,100.2,0.6582,0.5491,0.3728,12345,SCALP_LONG_PULLBACK_ENTRY_DAX
2026-03-25T21:38:20,UK100,long,0.01,100.05,97.68,103.51,100.2,0.9013,0.624,0.56,12345,SCALP_LONG_FULL_ALIGNMENT_UK100
2026-03-25T21:38:20,US500,long,0.01,100.05,96.39,107.06,100.2,0.7275,0.595,0.4875,12345,SCALP_LONG_PULLBACK_ENTRY_US500
2026-03-25T21:38:20,USTEC,long,0.01,100.05,97.94,102.59,100.2,0.8693,0.6119,0.5296,12345,SCALP_LONG_FULL_ALIGNMENT_USTEC
2026-03-25T21:38:21,EURUSD,long,0.01,100.05,96.39,107.06,100.2,0.7204,0.6044,0.511,12345,SCALP_LONG_PULLBACK_ENTRY_EURUSD
2026-03-25T21:38:21,GBPUSD,long,0.01,100.05,97.83,103.28,100.2,0.9015,0.6192,0.548,12345,SCALP_LONG_FULL_ALIGNMENT_GBPUSD
2026-03-25T21:38:21,USDJPY,short,0.01,100.0,103.44,95.87,100.2,0.8184,0.5497,0.3743,12345,SCALP_SHORT_PULLBACK_ENTRY_USDJPY
2026-03-25T21:38:21,USDCHF,short,0.01,100.0,102.89,95.09,100.2,0.7705,0.5836,0.4589,12345,SCALP_SHORT_PULLBACK_ENTRY_USDCHF
2026-03-25T21:38:21,XAUUSD,long,0.01,100.05,97.06,106.33,100.2,0.6886,0.589,0.4726,12345,SCALP_LONG_PULLBACK_ENTRY_XAUUSD
2026-03-25T21:38:21,EURJPY,short,0.01,100.0,103.3,95.0,100.2,0.7636,0.5277,0.3192,12345,SCALP_SHORT_PULLBACK_ENTRY_EURJPY
2026-03-25T21:38:21,GBPJPY,long,0.01,100.05,97.74,102.83,100.2,0.8631,0.5995,0.4988,12345,SCALP_LONG_FULL_ALIGNMENT_GBPJPY
2026-03-25T21:38:21,DAX,long,0.01,100.05,97.35,103.82,100.2,0.6537,0.5749,0.4372,12345,SCALP_LONG_PULLBACK_ENTRY_DAX
2026-03-25T21:38:21,UK100,long,0.01,100.05,97.68,102.92,100.2,0.8734,0.5221,0.3052,12345,SCALP_LONG_PULLBACK_ENTRY_UK100
2026-03-25T21:38:21,US30,long,0.01,100.05,95.98,104.93,100.2,0.6502,0.5746,0.4365,12345,SCALP_LONG_PULLBACK_ENTRY_US30
2026-03-25T21:38:21,US500,long,0.01,100.05,96.48,104.75,100.2,0.7555,0.6196,0.5491,12345,SCALP_LONG_PULLBACK_ENTRY_US500
2026-03-25T21:38:21,USTEC,short,0.01,100.0,102.86,94.51,100.2,0.7827,0.6313,0.5781,12345,SCALP_SHORT_PULLBACK_ENTRY_USTEC
2026-03-25T21:38:22,EURUSD,short,0.01,100.0,103.09,96.3,100.2,0.6685,0.5606,0.4016,12345,SCALP_SHORT_PULLBACK_ENTRY_EURUSD
2026-03-25T21:38:22,GBPUSD,short,0.01,100.0,103.43,93.42,100.2,0.9094,0.655,0.6375,12345,SCALP_SHORT_FULL_ALIGNMENT_GBPUSD
2026-03-25T21:38:22,USDJPY,long,0.01,100.05,98.18,103.43,100.2,0.9034,0.693,0.7325,12345,SCALP_LONG_FULL_ALIGNMENT_USDJPY
2026-03-25T21:38:22,AUDUSD,long,0.01,100.05,97.09,106.26,100.2,0.7321,0.5547,0.3867,12345,SCALP_LONG_PULLBACK_ENTRY_AUDUSD
2026-03-25T21:38:22,NZDUSD,long,0.01,100.05,97.15,104.26,100.2,0.7272,0.5841,0.4602,12345,SCALP_LONG_PULLBACK_ENTRY_NZDUSD
2026-03-25T21:38:22,XAUUSD,short,0.01,100.0,104.44,94.67,100.2,0.721,0.6647,0.6618,12345,SCALP_SHORT_FULL_ALIGNMENT_XAUUSD
2026-03-25T21:38:22,EURJPY,long,0.01,100.05,96.41,104.41,100.2,0.7455,0.5481,0.3703,12345,SCALP_LONG_PULLBACK_ENTRY_EURJPY
2026-03-25T21:38:22,GBPJPY,short,0.01,100.0,102.41,94.94,100.2,0.5466,0.5698,0.4246,12345,SCALP_SHORT_PULLBACK_ENTRY_GBPJPY
2026-03-25T21:38:22,DAX,long,0.01,100.05,96.34,108.08,100.2,0.7522,0.6175,0.5437,12345,SCALP_LONG_PULLBACK_ENTRY_DAX
2026-03-25T21:38:22,UK100,long,0.01,100.05,96.61,105.65,100.2,0.8215,0.6325,0.5812,12345,SCALP_LONG_PULLBACK_ENTRY_UK100
2026-03-25T21:38:22,US30,long,0.01,100.05,95.61,105.38,100.2,0.7495,0.5238,0.3096,12345,SCALP_LONG_PULLBACK_ENTRY_US30
2026-03-25T21:38:22,US500,long,0.01,100.05,96.85,105.46,100.2,0.7601,0.5429,0.3571,12345,SCALP_LONG_PULLBACK_ENTRY_US500
2026-03-25T21:38:23,GBPUSD,short,0.01,100.0,103.24,93.71,100.2,0.7644,0.5845,0.4613,12345,SCALP_SHORT_PULLBACK_ENTRY_GBPUSD
2026-03-25T21:38:23,USDCHF,short,0.01,100.0,103.77,92.27,100.2,0.9079,0.6959,0.7398,12345,SCALP_SHORT_FULL_ALIGNMENT_USDCHF
2026-03-25T21:38:23,AUDUSD,long,0.01,100.05,97.39,103.54,100.2,0.6634,0.5958,0.4895,12345,SCALP_LONG_PULLBACK_ENTRY_AUDUSD
2026-03-25T21:38:23,USDCAD,long,0.01,100.05,97.11,104.18,100.2,0.783,0.5317,0.3293,12345,SCALP_LONG_PULLBACK_ENTRY_USDCAD
2026-03-25T21:38:23,NZDUSD,long,0.01,100.05,96.99,106.51,100.2,0.7079,0.6012,0.5031,12345,SCALP_LONG_PULLBACK_ENTRY_NZDUSD
2026-03-25T21:38:23,EURJPY,long,0.01,100.05,96.7,104.79,100.2,0.7483,0.5539,0.3848,12345,SCALP_LONG_PULLBACK_ENTRY_EURJPY
2026-03-25T21:38:23,GBPJPY,long,0.01,100.05,97.31,103.34,100.2,0.9293,0.5288,0.3219,12345,SCALP_LONG_PULLBACK_ENTRY_GBPJPY
2026-03-25T21:38:23,DAX,long,0.01,100.05,97.9,102.63,100.2,0.8007,0.5812,0.453,12345,SCALP_LONG_PULLBACK_ENTRY_DAX
2026-03-25T21:38:23,UK100,long,0.01,100.05,98.14,104.07,100.2,0.7925,0.5429,0.3572,12345,SCALP_LONG_PULLBACK_ENTRY_UK100
2026-03-25T21:38:23,US30,long,0.01,100.05,96.8,103.95,100.2,0.7407,0.5787,0.4467,12345,SCALP_LONG_PULLBACK_ENTRY_US30
2026-03-25T21:38:23,US500,long,0.01,100.05,98.01,102.5,100.2,0.742,0.6151,0.5377,12345,SCALP_LONG_FULL_ALIGNMENT_US500
2026-03-25T21:38:23,USTEC,long,0.01,100.05,97.42,104.98,100.2,0.7816,0.5375,0.3437,12345,SCALP_LONG_PULLBACK_ENTRY_USTEC
2026-03-25T21:38:25,XAUUSD,short,0.01,100.0,101.75,97.67,250.5,0.6908,0.6566,1.1764,12345,BALANCED_SHORT_PULLBACK_ENTRY_XAUUSD
2026-03-25T21:38:25,EURUSD,long,0.01,100.05,97.83,102.02,250.5,0.675,0.6485,1.1279,12345,BALANCED_LONG_PULLBACK_ENTRY_EURUSD
2026-03-25T21:43:38,XAUUSD,long,0.88,4505.86,4495.23,4527.59,93.37674000000001,0.7086,0.5207,0.2656,7908378148,SCALP_LONG_PULLBACK_ENTRY_XAUUSD
2026-03-25T21:45:33,EURUSD,long,0.01,100.05,96.92,104.4,100.2,0.7639,0.5838,0.4596,12345,SCALP_LONG_PULLBACK_ENTRY_EURUSD
2026-03-25T21:45:33,GBPUSD,long,0.01,100.05,96.76,104.0,100.2,0.723,0.5469,0.3672,12345,SCALP_LONG_PULLBACK_ENTRY_GBPUSD
2026-03-25T21:45:33,USDJPY,long,0.01,100.05,97.52,104.38,100.2,0.7324,0.539,0.3474,12345,SCALP_LONG_PULLBACK_ENTRY_USDJPY
2026-03-25T21:45:33,USDCHF,long,0.01,100.05,96.74,105.67,100.2,0.7625,0.5796,0.4489,12345,SCALP_LONG_PULLBACK_ENTRY_USDCHF
2026-03-25T21:45:33,AUDUSD,long,0.01,100.05,97.24,105.1,100.2,0.7698,0.5309,0.3273,12345,SCALP_LONG_PULLBACK_ENTRY_AUDUSD
2026-03-25T21:45:33,USDCAD,long,0.01,100.05,97.8,102.75,100.2,0.9144,0.5235,0.3089,12345,SCALP_LONG_PULLBACK_ENTRY_USDCAD
2026-03-25T21:45:33,NZDUSD,short,0.01,100.0,104.63,92.44,100.2,0.874,0.6559,0.6397,12345,SCALP_SHORT_FULL_ALIGNMENT_NZDUSD
2026-03-25T21:45:33,GBPJPY,long,0.01,100.05,96.83,104.66,100.2,0.7698,0.5396,0.349,12345,SCALP_LONG_PULLBACK_ENTRY_GBPJPY
2026-03-25T21:45:33,DAX,long,0.01,100.05,96.32,106.98,100.2,0.9064,0.5905,0.4762,12345,SCALP_LONG_PULLBACK_ENTRY_DAX
2026-03-25T21:45:33,UK100,long,0.01,100.05,96.86,103.87,100.2,0.8216,0.5616,0.4039,12345,SCALP_LONG_PULLBACK_ENTRY_UK100
2026-03-25T21:45:33,US30,long,0.01,100.05,97.64,102.94,100.2,0.6063,0.5938,0.4845,12345,SCALP_LONG_PULLBACK_ENTRY_US30
2026-03-25T21:45:33,USTEC,long,0.01,100.05,96.94,103.78,100.2,0.6326,0.5525,0.3812,12345,SCALP_LONG_PULLBACK_ENTRY_USTEC
2026-03-25T21:45:34,GBPUSD,long,0.01,100.05,96.94,107.16,100.2,0.7607,0.5826,0.4564,12345,SCALP_LONG_PULLBACK_ENTRY_GBPUSD
2026-03-25T21:45:34,USDCHF,long,0.01,100.05,97.06,105.91,100.2,0.848,0.5596,0.399,12345,SCALP_LONG_PULLBACK_ENTRY_USDCHF
2026-03-25T21:45:34,USDCAD,long,0.01,100.05,97.06,105.13,100.2,0.7885,0.5611,0.4026,12345,SCALP_LONG_PULLBACK_ENTRY_USDCAD
2026-03-25T21:45:34,NZDUSD,long,0.01,100.05,97.84,102.7,100.2,0.648,0.5206,0.3014,12345,SCALP_LONG_PULLBACK_ENTRY_NZDUSD
2026-03-25T21:45:34,XAUUSD,long,0.01,100.05,96.39,107.06,100.2,0.7233,0.5342,0.3356,12345,SCALP_LONG_PULLBACK_ENTRY_XAUUSD
2026-03-25T21:45:34,EURJPY,long,0.01,100.05,97.11,104.18,100.2,0.7724,0.5827,0.4567,12345,SCALP_LONG_PULLBACK_ENTRY_EURJPY
2026-03-25T21:45:34,UK100,long,0.01,100.05,96.29,107.94,100.2,0.8082,0.5471,0.3677,12345,SCALP_LONG_PULLBACK_ENTRY_UK100
2026-03-25T21:45:34,US30,long,0.01,100.05,96.84,103.91,100.2,0.7338,0.526,0.315,12345,SCALP_LONG_PULLBACK_ENTRY_US30
2026-03-25T21:45:34,US500,long,0.01,100.05,97.49,104.8,100.2,0.8292,0.5453,0.3633,12345,SCALP_LONG_PULLBACK_ENTRY_US500
2026-03-25T21:45:34,USTEC,long,0.01,100.05,95.53,109.32,100.2,0.7348,0.592,0.4801,12345,SCALP_LONG_PULLBACK_ENTRY_USTEC
2026-03-25T21:45:36,EURUSD,long,0.01,100.05,97.29,105.82,100.2,0.6754,0.5916,0.4791,12345,SCALP_LONG_PULLBACK_ENTRY_EURUSD
2026-03-25T21:45:36,GBPUSD,long,0.01,100.05,96.71,107.07,100.2,0.6929,0.5258,0.3144,12345,SCALP_LONG_PULLBACK_ENTRY_GBPUSD
2026-03-25T21:45:36,USDJPY,long,0.01,100.05,97.99,102.53,100.2,0.6854,0.5844,0.4611,12345,SCALP_LONG_FULL_ALIGNMENT_USDJPY
2026-03-25T21:45:36,USDCHF,long,0.01,100.05,96.29,104.56,100.2,0.718,0.5451,0.3627,12345,SCALP_LONG_PULLBACK_ENTRY_USDCHF
2026-03-25T21:45:36,AUDUSD,long,0.01,100.05,97.28,105.87,100.2,0.8046,0.5324,0.3309,12345,SCALP_LONG_PULLBACK_ENTRY_AUDUSD
2026-03-25T21:45:36,USDCAD,long,0.01,100.05,96.84,106.08,100.2,0.7813,0.5693,0.4232,12345,SCALP_LONG_PULLBACK_ENTRY_USDCAD
2026-03-25T21:45:36,NZDUSD,long,0.01,100.05,96.74,106.98,100.2,0.7685,0.5692,0.4229,12345,SCALP_LONG_PULLBACK_ENTRY_NZDUSD
2026-03-25T21:45:36,XAUUSD,long,0.01,100.05,96.79,104.92,100.2,0.7009,0.5674,0.4186,12345,SCALP_LONG_PULLBACK_ENTRY_XAUUSD
2026-03-25T21:45:36,EURJPY,long,0.01,100.05,97.03,104.31,100.2,0.7652,0.5821,0.4552,12345,SCALP_LONG_PULLBACK_ENTRY_EURJPY
2026-03-25T21:45:36,GBPJPY,long,0.01,100.05,97.63,103.65,100.2,0.7753,0.5981,0.4952,12345,SCALP_LONG_PULLBACK_ENTRY_GBPJPY
2026-03-25T21:45:36,DAX,long,0.01,100.05,96.22,105.58,100.2,0.9347,0.5292,0.323,12345,SCALP_LONG_PULLBACK_ENTRY_DAX
2026-03-25T21:45:36,US500,long,0.01,100.05,95.26,108.99,100.2,0.7348,0.5906,0.4766,12345,SCALP_LONG_PULLBACK_ENTRY_US500
2026-03-25T21:45:37,USDJPY,long,0.01,100.05,96.55,104.32,100.2,0.7775,0.5431,0.3578,12345,SCALP_LONG_PULLBACK_ENTRY_USDJPY
2026-03-25T21:45:37,USDCHF,long,0.01,100.05,96.67,107.15,100.2,0.6939,0.5861,0.4653,12345,SCALP_LONG_PULLBACK_ENTRY_USDCHF
2026-03-25T21:45:37,AUDUSD,long,0.01,100.05,95.07,110.52,100.2,0.855,0.5926,0.4816,12345,SCALP_LONG_PULLBACK_ENTRY_AUDUSD
2026-03-25T21:45:38,USDCAD,short,0.01,100.0,103.66,95.61,100.2,0.7373,0.5784,0.446,12345,SCALP_SHORT_PULLBACK_ENTRY_USDCAD
2026-03-25T21:45:38,NZDUSD,long,0.01,100.05,97.5,103.64,100.2,0.8141,0.5524,0.381,12345,SCALP_LONG_PULLBACK_ENTRY_NZDUSD
2026-03-25T21:45:38,XAUUSD,long,0.01,100.05,96.94,105.81,100.2,0.7783,0.5699,0.4248,12345,SCALP_LONG_PULLBACK_ENTRY_XAUUSD
2026-03-25T21:45:38,EURJPY,long,0.01,100.05,97.03,106.38,100.2,0.7832,0.5408,0.3521,12345,SCALP_LONG_PULLBACK_ENTRY_EURJPY
2026-03-25T21:45:38,DAX,long,0.01,100.05,97.49,105.36,100.2,0.8564,0.6659,0.6647,12345,SCALP_LONG_FULL_ALIGNMENT_DAX
2026-03-25T21:45:38,UK100,long,0.01,100.05,96.94,103.78,100.2,0.7313,0.5672,0.4179,12345,SCALP_LONG_PULLBACK_ENTRY_UK100
2026-03-25T21:45:38,US30,long,0.01,100.05,96.67,105.23,100.2,0.7736,0.5574,0.3934,12345,SCALP_LONG_PULLBACK_ENTRY_US30
2026-03-25T21:45:38,US500,long,0.01,100.05,97.03,105.56,100.2,0.8576,0.5743,0.4357,12345,SCALP_LONG_PULLBACK_ENTRY_US500
2026-03-25T21:45:38,USTEC,long,0.01,100.05,98.03,102.47,100.2,0.8335,0.6192,0.5479,12345,SCALP_LONG_FULL_ALIGNMENT_USTEC
2026-03-25T21:45:39,EURUSD,long,0.01,100.05,97.84,102.7,100.2,0.65,0.5897,0.4742,12345,SCALP_LONG_PULLBACK_ENTRY_EURUSD
2026-03-25T21:45:39,GBPUSD,long,0.01,100.05,97.82,104.07,100.2,0.862,0.6521,0.6303,12345,SCALP_LONG_FULL_ALIGNMENT_GBPUSD
2026-03-25T21:45:39,USDJPY,long,0.01,100.05,96.94,105.85,100.2,0.5619,0.5714,0.4284,12345,SCALP_LONG_PULLBACK_ENTRY_USDJPY
2026-03-25T21:45:39,USDCHF,long,0.01,100.05,95.62,106.55,100.2,0.8739,0.5926,0.4814,12345,SCALP_LONG_PULLBACK_ENTRY_USDCHF
2026-03-25T21:45:39,AUDUSD,short,0.01,100.0,103.87,95.36,100.2,0.5326,0.5395,0.3488,12345,SCALP_SHORT_PULLBACK_ENTRY_AUDUSD
2026-03-25T21:45:39,USDCAD,long,0.01,100.05,97.77,104.83,100.2,0.8721,0.5844,0.4611,12345,SCALP_LONG_PULLBACK_ENTRY_USDCAD
2026-03-25T21:45:39,NZDUSD,long,0.01,100.05,97.16,106.12,100.2,0.7264,0.5372,0.3429,12345,SCALP_LONG_PULLBACK_ENTRY_NZDUSD
2026-03-25T21:45:40,EURJPY,long,0.01,100.05,97.7,102.87,100.2,0.8649,0.6982,0.7456,12345,SCALP_LONG_FULL_ALIGNMENT_EURJPY
2026-03-25T21:45:40,GBPJPY,long,0.01,100.05,97.72,102.95,100.2,0.9399,0.5527,0.3816,12345,SCALP_LONG_PULLBACK_ENTRY_GBPJPY
2026-03-25T21:45:40,DAX,short,0.01,100.0,104.71,91.64,100.2,0.8757,0.6657,0.6643,12345,SCALP_SHORT_FULL_ALIGNMENT_DAX
2026-03-25T21:45:40,UK100,long,0.01,100.05,96.62,106.16,100.2,0.6556,0.5339,0.3347,12345,SCALP_LONG_PULLBACK_ENTRY_UK100
2026-03-25T21:45:40,US30,long,0.01,100.05,97.5,105.4,100.2,0.9204,0.6037,0.5092,12345,SCALP_LONG_PULLBACK_ENTRY_US30
2026-03-25T21:45:40,US500,long,0.01,100.05,97.44,105.5,100.2,0.6342,0.5632,0.408,12345,SCALP_LONG_PULLBACK_ENTRY_US500
2026-03-25T21:45:40,USTEC,long,0.01,100.05,96.77,106.94,100.2,0.7696,0.5906,0.4764,12345,SCALP_LONG_PULLBACK_ENTRY_USTEC
2026-03-25T21:45:43,EURUSD,short,0.01,100.0,102.89,97.43,250.5,0.7752,0.7158,1.3842,12345,BALANCED_SHORT_PULLBACK_ENTRY_EURUSD
2026-03-25T21:45:43,BTCUSD,short,0.01,100.0,102.89,97.43,250.5,0.7495,0.7186,1.3924,12345,BALANCED_SHORT_PULLBACK_ENTRY_BTCUSD
2026-03-25T21:45:43,XAUUSD,short,0.01,100.0,102.89,97.43,250.5,0.7752,0.7158,1.3842,12345,BALANCED_SHORT_PULLBACK_ENTRY_XAUUSD
2026-03-25T21:55:58,EURUSD,short,0.01,100.0,102.89,97.43,250.5,0.7495,0.7186,1.3924,12345,BALANCED_SHORT_PULLBACK_ENTRY_EURUSD
2026-03-25T21:56:04,NASDAQ:MSFT,short,0.01,100.0,102.64,95.25,250.5,0.7196,0.6746,1.195,12345,BALANCED_SHORT_PULLBACK_ENTRY_NASDAQ:MSFT
2026-03-25T21:56:04,NASDAQ:AAPL,short,0.01,100.0,101.75,97.67,250.5,0.6908,0.6566,1.1764,12345,BALANCED_SHORT_PULLBACK_ENTRY_NASDAQ:AAPL
2026-03-25T21:57:00,EURUSD,short,0.01,100.0,103.03,97.31,250.5,0.7194,0.7148,1.3783,12345,BALANCED_SHORT_PULLBACK_ENTRY_EURUSD
2026-03-25T21:57:00,XAUUSD,short,0.01,100.0,102.41,97.85,250.5,0.7087,0.7306,1.4303,12345,BALANCED_SHORT_PULLBACK_ENTRY_XAUUSD
2026-03-25T21:57:01,NASDAQ:MSFT,short,0.01,100.0,102.89,97.43,250.5,0.7752,0.7158,1.3842,12345,BALANCED_SHORT_PULLBACK_ENTRY_NASDAQ:MSFT
2026-03-25T21:57:12,EURUSD,short,0.01,100.0,104.48,94.62,100.2,0.9182,0.5885,0.4713,12345,SCALP_SHORT_PULLBACK_ENTRY_EURUSD
2026-03-25T21:57:12,GBPUSD,long,0.01,100.05,96.39,107.06,100.2,0.7204,0.5358,0.3395,12345,SCALP_LONG_PULLBACK_ENTRY_GBPUSD
2026-03-25T21:57:12,USDCHF,long,0.01,100.05,97.71,104.78,100.2,0.9039,0.674,0.685,12345,SCALP_LONG_FULL_ALIGNMENT_USDCHF
2026-03-25T21:57:12,AUDUSD,long,0.01,100.05,96.39,107.06,100.2,0.7371,0.6016,0.5039,12345,SCALP_LONG_PULLBACK_ENTRY_AUDUSD
2026-03-25T21:57:12,XAUUSD,long,0.01,100.05,97.56,103.21,50.1,0.6589,0.5394,0.3485,12345,SCALP_LONG_PULLBACK_ENTRY_XAUUSD
2026-03-25T21:57:12,EURJPY,long,0.01,100.05,96.61,104.18,100.2,0.8146,0.5459,0.3648,12345,SCALP_LONG_PULLBACK_ENTRY_EURJPY
2026-03-25T21:57:12,GBPJPY,long,0.01,100.05,96.99,103.72,100.2,0.7248,0.5269,0.3172,12345,SCALP_LONG_PULLBACK_ENTRY_GBPJPY
2026-03-25T21:57:12,UK100,long,0.01,100.05,96.93,103.79,100.2,0.6715,0.5623,0.4057,12345,SCALP_LONG_PULLBACK_ENTRY_UK100
2026-03-25T21:57:12,US30,long,0.01,100.05,96.44,105.27,100.2,0.774,0.549,0.3725,12345,SCALP_LONG_PULLBACK_ENTRY_US30
2026-03-25T21:57:12,US500,long,0.01,100.05,97.52,104.91,100.2,0.9017,0.564,0.4099,12345,SCALP_LONG_PULLBACK_ENTRY_US500
2026-03-25T21:57:12,USTEC,long,0.01,100.05,96.69,105.65,100.2,0.7285,0.539,0.3475,12345,SCALP_LONG_PULLBACK_ENTRY_USTEC
2026-03-25T21:57:14,GBPUSD,long,0.01,100.05,97.77,103.2,100.2,0.6822,0.5226,0.3064,12345,SCALP_LONG_PULLBACK_ENTRY_GBPUSD
2026-03-25T21:57:14,USDJPY,long,0.01,100.05,94.89,106.24,100.2,0.7194,0.5674,0.4186,12345,SCALP_LONG_PULLBACK_ENTRY_USDJPY
2026-03-25T21:57:14,USDCHF,long,0.01,100.05,97.55,104.34,100.2,0.9012,0.6617,0.6542,12345,SCALP_LONG_FULL_ALIGNMENT_USDCHF
2026-03-25T21:57:14,AUDUSD,long,0.01,100.05,96.47,105.13,100.2,0.7642,0.6141,0.5353,12345,SCALP_LONG_PULLBACK_ENTRY_AUDUSD
2026-03-25T21:57:14,USDCAD,long,0.01,100.05,97.55,103.05,100.2,0.6825,0.5523,0.3809,12345,SCALP_LONG_PULLBACK_ENTRY_USDCAD
2026-03-25T21:57:14,NZDUSD,long,0.01,100.05,96.97,106.23,100.2,0.7714,0.6119,0.5299,12345,SCALP_LONG_PULLBACK_ENTRY_NZDUSD
2026-03-25T21:57:14,EURJPY,long,0.01,100.05,97.3,105.83,100.2,0.8798,0.578,0.4451,12345,SCALP_LONG_PULLBACK_ENTRY_EURJPY
2026-03-25T21:57:14,GBPJPY,long,0.01,100.05,96.48,107.36,100.2,0.544,0.5869,0.4672,12345,SCALP_LONG_PULLBACK_ENTRY_GBPJPY
2026-03-25T21:57:14,DAX,long,0.01,100.05,97.29,104.2,100.2,0.769,0.5874,0.4685,12345,SCALP_LONG_PULLBACK_ENTRY_DAX
2026-03-25T21:57:14,UK100,long,0.01,100.05,96.83,106.69,100.2,0.7049,0.5382,0.3455,12345,SCALP_LONG_PULLBACK_ENTRY_UK100
2026-03-25T21:57:14,US30,long,0.01,100.05,96.75,106.57,100.2,0.9177,0.5452,0.3631,12345,SCALP_LONG_PULLBACK_ENTRY_US30
2026-03-25T21:57:14,US500,short,0.01,100.0,103.62,95.01,100.2,0.895,0.6911,0.7277,12345,SCALP_SHORT_FULL_ALIGNMENT_US500
2026-03-25T21:57:14,USTEC,short,0.01,100.0,102.42,96.73,100.2,0.6806,0.5362,0.3404,12345,SCALP_SHORT_PULLBACK_ENTRY_USTEC
2026-03-25T21:57:15,GBPUSD,long,0.01,100.05,97.64,103.12,100.2,0.7992,0.5382,0.3455,12345,SCALP_LONG_PULLBACK_ENTRY_GBPUSD
2026-03-25T21:57:15,USDJPY,long,0.01,100.05,96.06,106.6,100.2,0.5349,0.5937,0.4843,12345,SCALP_LONG_PULLBACK_ENTRY_USDJPY
2026-03-25T21:57:15,USDCHF,long,0.01,100.05,98.18,103.43,100.2,0.9028,0.6159,0.5398,12345,SCALP_LONG_FULL_ALIGNMENT_USDCHF
2026-03-25T21:57:15,AUDUSD,long,0.01,100.05,96.54,104.27,100.2,0.7219,0.5606,0.4016,12345,SCALP_LONG_PULLBACK_ENTRY_AUDUSD
2026-03-25T21:57:15,NZDUSD,long,0.01,100.05,97.6,105.19,100.2,0.7736,0.5392,0.348,12345,SCALP_LONG_PULLBACK_ENTRY_NZDUSD
2026-03-25T21:57:15,XAUUSD,long,0.01,100.05,96.99,103.72,50.1,0.7323,0.5748,0.4369,12345,SCALP_LONG_PULLBACK_ENTRY_XAUUSD
2026-03-25T21:57:15,EURJPY,long,0.01,100.05,97.0,105.6,100.2,0.8761,0.6608,0.6519,12345,SCALP_LONG_FULL_ALIGNMENT_EURJPY
2026-03-25T21:57:15,GBPJPY,long,0.01,100.05,98.11,103.31,100.2,0.9047,0.6754,0.6886,12345,SCALP_LONG_FULL_ALIGNMENT_GBPJPY
2026-03-25T21:57:15,DAX,long,0.01,100.05,96.7,104.69,100.2,0.7808,0.5774,0.4434,12345,SCALP_LONG_PULLBACK_ENTRY_DAX
2026-03-25T21:57:15,UK100,long,0.01,100.05,97.32,105.02,100.2,0.788,0.5364,0.3409,12345,SCALP_LONG_PULLBACK_ENTRY_UK100
2026-03-25T21:57:15,US30,long,0.01,100.05,97.02,105.71,100.2,0.7779,0.5792,0.448,12345,SCALP_LONG_PULLBACK_ENTRY_US30
2026-03-25T21:57:15,USTEC,long,0.01,100.05,97.33,105.37,100.2,0.7326,0.6078,0.5196,12345,SCALP_LONG_PULLBACK_ENTRY_USTEC
2026-03-25T21:57:17,EURUSD,short,0.01,100.0,103.05,95.29,100.2,0.965,0.5671,0.4178,12345,SCALP_SHORT_PULLBACK_ENTRY_EURUSD
2026-03-25T21:57:17,USDJPY,long,0.01,100.05,96.5,105.79,100.2,0.681,0.5286,0.3215,12345,SCALP_LONG_PULLBACK_ENTRY_USDJPY
2026-03-25T21:57:17,NZDUSD,long,0.01,100.05,97.3,104.82,100.2,0.806,0.5328,0.3321,12345,SCALP_LONG_PULLBACK_ENTRY_NZDUSD
2026-03-25T21:57:17,DAX,long,0.01,100.05,96.99,103.97,100.2,0.6552,0.6198,0.5495,12345,SCALP_LONG_PULLBACK_ENTRY_DAX
2026-03-25T21:57:17,UK100,long,0.01,100.05,95.53,106.52,100.2,0.9129,0.5237,0.3092,12345,SCALP_LONG_PULLBACK_ENTRY_UK100
2026-03-25T21:57:17,US30,long,0.01,100.05,97.13,104.95,100.2,0.7669,0.5706,0.4264,12345,SCALP_LONG_PULLBACK_ENTRY_US30
2026-03-25T21:57:17,US500,long,0.01,100.05,94.83,106.32,100.2,0.7203,0.625,0.5625,12345,SCALP_LONG_PULLBACK_ENTRY_US500
2026-03-25T21:57:17,USTEC,long,0.01,100.05,95.84,105.1,100.2,0.6631,0.5581,0.3952,12345,SCALP_LONG_PULLBACK_ENTRY_USTEC
2026-03-25T21:57:19,EURUSD,short,0.01,100.0,102.63,96.85,100.2,0.9187,0.6256,0.564,12345,SCALP_SHORT_PULLBACK_ENTRY_EURUSD
2026-03-25T21:57:19,GBPUSD,long,0.01,100.05,97.62,104.21,100.2,0.9597,0.533,0.3324,12345,SCALP_LONG_PULLBACK_ENTRY_GBPUSD
2026-03-25T21:57:19,USDJPY,long,0.01,100.05,97.92,103.63,100.2,0.903,0.7065,0.7663,12345,SCALP_LONG_FULL_ALIGNMENT_USDJPY
2026-03-25T21:57:19,USDCAD,long,0.01,100.05,97.64,103.11,100.2,0.7604,0.5316,0.3289,12345,SCALP_LONG_PULLBACK_ENTRY_USDCAD
2026-03-25T21:57:19,NZDUSD,long,0.01,100.05,96.61,104.18,100.2,0.8554,0.6505,0.6262,12345,SCALP_LONG_FULL_ALIGNMENT_NZDUSD
2026-03-25T21:57:19,XAUUSD,long,0.01,100.05,97.8,104.28,50.1,0.9025,0.6409,0.6023,12345,SCALP_LONG_FULL_ALIGNMENT_XAUUSD
2026-03-25T21:57:19,GBPJPY,long,0.01,100.05,97.51,105.14,100.2,0.8998,0.6685,0.6712,12345,SCALP_LONG_FULL_ALIGNMENT_GBPJPY
2026-03-25T21:57:19,DAX,long,0.01,100.05,97.07,105.81,100.2,0.7731,0.5334,0.3334,12345,SCALP_LONG_PULLBACK_ENTRY_DAX
2026-03-25T21:57:19,UK100,long,0.01,100.05,97.14,104.09,100.2,0.8523,0.5578,0.3945,12345,SCALP_LONG_PULLBACK_ENTRY_UK100
2026-03-25T21:57:19,US30,long,0.01,100.05,96.5,106.8,100.2,0.7664,0.5377,0.3441,12345,SCALP_LONG_PULLBACK_ENTRY_US30
2026-03-25T22:01:59,USDJPY,long,0.18,159.504,158.567,161.067,93.29142,0.6556,0.6013,0.7534,7908507664,BALANCED_LONG_PULLBACK_ENTRY_USDJPY
2026-03-25T22:04:43,EURUSD,long,0.01,100.05,97.68,102.89,100.2,0.649,0.5346,0.3365,12345,SCALP_LONG_PULLBACK_ENTRY_EURUSD
2026-03-25T22:04:43,GBPUSD,short,0.01,100.0,103.85,93.15,100.2,0.7499,0.5244,0.3111,12345,SCALP_SHORT_PULLBACK_ENTRY_GBPUSD
2026-03-25T22:04:44,USDJPY,long,0.01,100.05,96.87,104.87,100.2,0.7698,0.5278,0.3195,12345,SCALP_LONG_PULLBACK_ENTRY_USDJPY
2026-03-25T22:04:44,USDCHF,long,0.01,100.05,97.32,104.04,100.2,0.8716,0.6117,0.5293,12345,SCALP_LONG_FULL_ALIGNMENT_USDCHF
2026-03-25T22:04:44,AUDUSD,long,0.01,100.05,97.8,102.75,100.2,0.914,0.522,0.3049,12345,SCALP_LONG_PULLBACK_ENTRY_AUDUSD
2026-03-25T22:04:44,USDCAD,long,0.01,100.05,97.62,102.96,100.2,0.7962,0.644,0.61,12345,SCALP_LONG_FULL_ALIGNMENT_USDCAD
2026-03-25T22:04:44,EURJPY,long,0.01,100.05,97.64,104.39,100.2,0.812,0.5727,0.4317,12345,SCALP_LONG_PULLBACK_ENTRY_EURJPY
2026-03-25T22:04:45,GBPJPY,short,0.01,100.0,103.15,93.93,100.2,0.7624,0.6316,0.5791,12345,SCALP_SHORT_PULLBACK_ENTRY_GBPJPY
2026-03-25T22:04:45,US500,long,0.01,100.05,96.87,104.97,100.2,0.763,0.6101,0.5253,12345,SCALP_LONG_PULLBACK_ENTRY_US500
2026-03-25T22:04:45,USTEC,long,0.01,100.05,96.9,105.88,100.2,0.7551,0.5403,0.3507,12345,SCALP_LONG_PULLBACK_ENTRY_USTEC
2026-03-25T22:04:48,EURUSD,long,0.01,100.05,96.53,107.24,100.2,0.7631,0.5305,0.3262,12345,SCALP_LONG_PULLBACK_ENTRY_EURUSD
2026-03-25T22:04:48,GBPUSD,long,0.01,100.05,96.68,105.27,100.2,0.7645,0.5505,0.3763,12345,SCALP_LONG_PULLBACK_ENTRY_GBPUSD
2026-03-25T22:04:48,USDJPY,long,0.01,100.05,96.8,103.95,100.2,0.7335,0.5478,0.3694,12345,SCALP_LONG_PULLBACK_ENTRY_USDJPY
2026-03-25T22:04:48,USDCHF,long,0.01,100.05,96.81,106.34,100.2,0.7703,0.5438,0.3594,12345,SCALP_LONG_PULLBACK_ENTRY_USDCHF
2026-03-25T22:04:49,AUDUSD,long,0.01,100.05,97.25,106.55,100.2,0.7166,0.5392,0.348,12345,SCALP_LONG_PULLBACK_ENTRY_AUDUSD
2026-03-25T22:04:49,USDCAD,long,0.01,100.05,97.55,105.31,100.2,0.9001,0.6218,0.5544,12345,SCALP_LONG_FULL_ALIGNMENT_USDCAD
2026-03-25T22:04:49,NZDUSD,long,0.01,100.05,96.63,105.22,100.2,0.7505,0.5305,0.3261,12345,SCALP_LONG_PULLBACK_ENTRY_NZDUSD
2026-03-25T22:04:49,XAUUSD,long,0.01,100.05,95.62,106.55,50.1,0.8739,0.5925,0.4814,12345,SCALP_LONG_PULLBACK_ENTRY_XAUUSD
2026-03-25T22:04:49,EURJPY,long,0.01,100.05,96.81,106.42,100.2,0.7695,0.5367,0.3418,12345,SCALP_LONG_PULLBACK_ENTRY_EURJPY
2026-03-25T22:04:49,DAX,short,0.01,100.0,103.71,95.41,100.2,0.9219,0.7041,0.7603,12345,SCALP_SHORT_FULL_ALIGNMENT_DAX
2026-03-25T22:04:49,UK100,long,0.01,100.05,96.91,104.62,100.2,0.7546,0.5798,0.4494,12345,SCALP_LONG_PULLBACK_ENTRY_UK100
2026-03-25T22:04:50,US30,long,0.01,100.05,97.37,105.85,100.2,0.6758,0.5278,0.3196,12345,SCALP_LONG_PULLBACK_ENTRY_US30
2026-03-25T22:04:50,US500,short,0.01,100.0,102.12,97.15,100.2,0.578,0.5838,0.4594,12345,SCALP_SHORT_PULLBACK_ENTRY_US500
2026-03-25T22:04:50,USTEC,long,0.01,100.05,96.52,107.24,100.2,0.7704,0.5384,0.346,12345,SCALP_LONG_PULLBACK_ENTRY_USTEC
2026-03-25T22:04:52,GBPUSD,long,0.01,100.05,97.65,103.57,100.2,0.971,0.5838,0.4595,12345,SCALP_LONG_PULLBACK_ENTRY_GBPUSD
2026-03-25T22:04:52,USDJPY,long,0.01,100.05,97.23,105.45,100.2,0.7358,0.5488,0.3721,12345,SCALP_LONG_PULLBACK_ENTRY_USDJPY
2026-03-25T22:04:52,USDCHF,long,0.01,100.05,96.81,106.34,100.2,0.7831,0.5305,0.3262,12345,SCALP_LONG_PULLBACK_ENTRY_USDCHF
2026-03-25T22:04:52,AUDUSD,long,0.01,100.05,96.08,104.9,100.2,0.7672,0.6418,0.6046,12345,SCALP_LONG_FULL_ALIGNMENT_AUDUSD
2026-03-25T22:04:52,USDCAD,long,0.01,100.05,96.16,106.44,100.2,0.6593,0.5839,0.4598,12345,SCALP_LONG_PULLBACK_ENTRY_USDCAD
2026-03-25T22:04:52,NZDUSD,long,0.01,100.05,95.08,106.02,100.2,0.6744,0.616,0.5401,12345,SCALP_LONG_FULL_ALIGNMENT_NZDUSD
2026-03-25T22:04:52,XAUUSD,long,0.01,100.05,97.21,106.41,50.1,0.74,0.5641,0.4103,12345,SCALP_LONG_PULLBACK_ENTRY_XAUUSD
2026-03-25T22:04:53,GBPJPY,long,0.01,100.05,97.61,102.97,100.2,0.899,0.5591,0.3978,12345,SCALP_LONG_PULLBACK_ENTRY_GBPJPY
2026-03-25T22:04:53,US30,long,0.01,100.05,96.65,104.72,100.2,0.8998,0.528,0.32,12345,SCALP_LONG_PULLBACK_ENTRY_US30
2026-03-25T22:04:53,USTEC,long,0.01,100.05,97.94,102.58,100.2,0.6197,0.6032,0.5079,12345,SCALP_LONG_FULL_ALIGNMENT_USTEC
2026-03-25T22:04:55,EURUSD,long,0.01,100.05,96.67,105.23,100.2,0.5706,0.5777,0.4442,12345,SCALP_LONG_PULLBACK_ENTRY_EURUSD
2026-03-25T22:04:55,GBPUSD,long,0.01,100.05,97.48,104.29,100.2,0.8781,0.66,0.6501,12345,SCALP_LONG_FULL_ALIGNMENT_GBPUSD
2026-03-25T22:04:55,USDJPY,long,0.01,100.05,97.52,104.9,100.2,0.8874,0.6822,0.7056,12345,SCALP_LONG_FULL_ALIGNMENT_USDJPY
2026-03-25T22:04:56,AUDUSD,long,0.01,100.05,96.81,106.24,100.2,0.7023,0.5608,0.402,12345,SCALP_LONG_PULLBACK_ENTRY_AUDUSD
2026-03-25T22:04:56,NZDUSD,long,0.01,100.05,97.05,106.11,100.2,0.7093,0.555,0.3874,12345,SCALP_LONG_PULLBACK_ENTRY_NZDUSD
2026-03-25T22:04:56,EURJPY,short,0.01,100.0,102.55,96.78,100.2,0.6737,0.5455,0.3637,12345,SCALP_SHORT_PULLBACK_ENTRY_EURJPY
2026-03-25T22:04:56,GBPJPY,long,0.01,100.05,97.81,102.74,100.2,0.8757,0.662,0.655,12345,SCALP_LONG_FULL_ALIGNMENT_GBPJPY
2026-03-25T22:04:56,UK100,long,0.01,100.05,96.8,104.31,100.2,0.889,0.593,0.4824,12345,SCALP_LONG_FULL_ALIGNMENT_UK100
2026-03-25T22:04:57,US30,long,0.01,100.05,96.8,104.27,100.2,0.7545,0.5574,0.3934,12345,SCALP_LONG_PULLBACK_ENTRY_US30
2026-03-25T22:04:57,US500,short,0.01,100.0,104.24,94.75,100.2,0.7603,0.5275,0.3187,12345,SCALP_SHORT_PULLBACK_ENTRY_US500
2026-03-25T22:04:59,EURUSD,short,0.01,100.0,102.19,97.37,100.2,0.8996,0.5611,0.4028,12345,SCALP_SHORT_PULLBACK_ENTRY_EURUSD
2026-03-25T22:04:59,USDJPY,long,0.01,100.05,97.8,102.75,100.2,0.9144,0.5357,0.3393,12345,SCALP_LONG_PULLBACK_ENTRY_USDJPY
2026-03-25T22:04:59,USDCHF,long,0.01,100.05,96.71,105.76,100.2,0.8037,0.6202,0.5504,12345,SCALP_LONG_PULLBACK_ENTRY_USDCHF
2026-03-25T22:05:00,USDCAD,long,0.01,100.05,96.86,104.48,100.2,0.7701,0.6252,0.563,12345,SCALP_LONG_PULLBACK_ENTRY_USDCAD
2026-03-25T22:05:00,NZDUSD,long,0.01,100.05,95.65,107.62,100.2,0.9067,0.5685,0.4212,12345,SCALP_LONG_PULLBACK_ENTRY_NZDUSD
2026-03-25T22:05:00,EURJPY,short,0.01,100.0,103.66,95.61,100.2,0.7263,0.6229,0.5572,12345,SCALP_SHORT_PULLBACK_ENTRY_EURJPY
2026-03-25T22:05:00,GBPJPY,long,0.01,100.05,96.94,105.37,100.2,0.7691,0.5614,0.4035,12345,SCALP_LONG_PULLBACK_ENTRY_GBPJPY
2026-03-25T22:05:00,DAX,long,0.01,100.05,97.81,102.73,100.2,0.6725,0.5554,0.3885,12345,SCALP_LONG_PULLBACK_ENTRY_DAX
2026-03-25T22:05:00,UK100,long,0.01,100.05,98.11,102.38,100.2,0.5384,0.5207,0.3017,12345,SCALP_LONG_PULLBACK_ENTRY_UK100
2026-03-25T22:05:01,US30,long,0.01,100.05,96.39,107.06,100.2,0.7226,0.5254,0.3135,12345,SCALP_LONG_PULLBACK_ENTRY_US30
2026-03-25T22:05:01,USTEC,long,0.01,100.05,97.25,103.41,100.2,0.7148,0.5321,0.3303,12345,SCALP_LONG_PULLBACK_ENTRY_USTEC
2026-03-25T22:05:05,EURUSD,short,0.01,100.0,102.49,97.79,250.5,0.675,0.6308,1.0575,12345,BALANCED_SHORT_PULLBACK_ENTRY_EURUSD
2026-03-25T22:05:05,XAUUSD,short,0.01,100.0,101.75,97.67,250.5,0.6908,0.6566,1.1764,12345,BALANCED_SHORT_PULLBACK_ENTRY_XAUUSD
2026-03-25T22:26:04,EURUSD,long,0.01,100.05,96.39,107.06,100.2,0.7375,0.6014,0.5036,12345,SCALP_LONG_PULLBACK_ENTRY_EURUSD
2026-03-25T22:26:04,GBPUSD,short,0.01,100.0,103.2,93.38,100.2,0.7607,0.5254,0.3135,12345,SCALP_SHORT_PULLBACK_ENTRY_GBPUSD
2026-03-25T22:26:04,USDJPY,long,0.01,100.05,97.7,102.87,100.2,0.8646,0.6845,0.7111,12345,SCALP_LONG_FULL_ALIGNMENT_USDJPY
2026-03-25T22:26:04,AUDUSD,long,0.01,100.05,96.73,106.28,100.2,0.7093,0.5421,0.3553,12345,SCALP_LONG_PULLBACK_ENTRY_AUDUSD
2026-03-25T22:26:04,USDCAD,long,0.01,100.05,97.47,103.86,100.2,0.9013,0.6488,0.622,12345,SCALP_LONG_FULL_ALIGNMENT_USDCAD
2026-03-25T22:26:04,NZDUSD,long,0.01,100.05,97.73,102.83,100.2,0.6478,0.614,0.5351,12345,SCALP_LONG_PULLBACK_ENTRY_NZDUSD
2026-03-25T22:26:04,XAUUSD,long,0.01,100.05,96.39,107.06,50.1,0.7194,0.5541,0.3853,12345,SCALP_LONG_PULLBACK_ENTRY_XAUUSD
2026-03-25T22:26:04,EURJPY,long,0.01,100.05,97.11,103.58,100.2,0.8443,0.6284,0.5709,12345,SCALP_LONG_FULL_ALIGNMENT_EURJPY
2026-03-25T22:26:04,GBPJPY,long,0.01,100.05,96.39,107.06,100.2,0.7154,0.5789,0.4473,12345,SCALP_LONG_PULLBACK_ENTRY_GBPJPY
2026-03-25T22:26:04,DAX,long,0.01,100.05,95.22,109.1,100.2,0.6876,0.5729,0.4323,12345,SCALP_LONG_PULLBACK_ENTRY_DAX
2026-03-25T22:26:04,UK100,long,0.01,100.05,97.8,102.75,100.2,0.914,0.522,0.3049,12345,SCALP_LONG_PULLBACK_ENTRY_UK100
2026-03-25T22:26:04,US30,long,0.01,100.05,96.92,105.0,100.2,0.7788,0.5349,0.3373,12345,SCALP_LONG_PULLBACK_ENTRY_US30
2026-03-25T22:26:04,US500,long,0.01,100.05,96.84,104.22,100.2,0.7471,0.5838,0.4595,12345,SCALP_LONG_PULLBACK_ENTRY_US500
2026-03-25T22:26:04,USTEC,long,0.01,100.05,96.77,106.21,100.2,0.7827,0.5824,0.4561,12345,SCALP_LONG_PULLBACK_ENTRY_USTEC
2026-03-25T22:26:06,EURUSD,long,0.01,100.05,97.11,104.18,100.2,0.7824,0.5285,0.3212,12345,SCALP_LONG_PULLBACK_ENTRY_EURUSD
2026-03-25T22:26:06,GBPUSD,long,0.01,100.05,98.08,102.61,100.2,0.5785,0.579,0.4475,12345,SCALP_LONG_PULLBACK_ENTRY_GBPUSD
2026-03-25T22:26:06,USDJPY,long,0.01,100.05,96.29,106.9,100.2,0.7611,0.5431,0.3577,12345,SCALP_LONG_PULLBACK_ENTRY_USDJPY
2026-03-25T22:26:06,USDCHF,long,0.01,100.05,97.11,104.18,100.2,0.789,0.6097,0.5243,12345,SCALP_LONG_PULLBACK_ENTRY_USDCHF
2026-03-25T22:26:06,AUDUSD,long,0.01,100.05,96.71,107.07,100.2,0.6931,0.5323,0.3307,12345,SCALP_LONG_PULLBACK_ENTRY_AUDUSD
2026-03-25T22:26:06,USDCAD,short,0.01,100.0,102.92,95.1,100.2,0.7807,0.5843,0.4608,12345,SCALP_SHORT_PULLBACK_ENTRY_USDCAD
2026-03-25T22:26:06,NZDUSD,long,0.01,100.05,96.19,107.18,100.2,0.6871,0.5602,0.4004,12345,SCALP_LONG_PULLBACK_ENTRY_NZDUSD
2026-03-25T22:26:06,XAUUSD,long,0.01,100.05,97.28,105.87,50.1,0.765,0.5476,0.3691,12345,SCALP_LONG_PULLBACK_ENTRY_XAUUSD
2026-03-25T22:26:06,GBPJPY,long,0.01,100.05,97.41,106.1,100.2,0.7374,0.5827,0.4568,12345,SCALP_LONG_PULLBACK_ENTRY_GBPJPY
2026-03-25T22:26:06,DAX,long,0.01,100.05,97.81,102.92,100.2,0.8602,0.614,0.535,12345,SCALP_LONG_FULL_ALIGNMENT_DAX
2026-03-25T22:26:06,UK100,long,0.01,100.05,96.2,108.13,100.2,0.9098,0.5745,0.4363,12345,SCALP_LONG_PULLBACK_ENTRY_UK100
2026-03-25T22:26:06,US30,long,0.01,100.05,98.06,102.44,100.2,0.8351,0.607,0.5174,12345,SCALP_LONG_FULL_ALIGNMENT_US30
2026-03-25T22:26:06,US500,long,0.01,100.05,97.43,105.55,100.2,0.7496,0.6756,0.6889,12345,SCALP_LONG_FULL_ALIGNMENT_US500
2026-03-25T22:26:06,USTEC,long,0.01,100.05,97.29,105.82,100.2,0.6751,0.5483,0.3708,12345,SCALP_LONG_PULLBACK_ENTRY_USTEC
2026-03-25T22:26:08,USDJPY,long,0.01,100.05,97.07,104.68,100.2,0.7674,0.5938,0.4844,12345,SCALP_LONG_PULLBACK_ENTRY_USDJPY
2026-03-25T22:26:08,AUDUSD,long,0.01,100.05,96.73,105.22,100.2,0.7658,0.5711,0.4278,12345,SCALP_LONG_PULLBACK_ENTRY_AUDUSD
2026-03-25T22:26:08,USDCAD,long,0.01,100.05,96.94,105.21,100.2,0.9013,0.5648,0.4119,12345,SCALP_LONG_PULLBACK_ENTRY_USDCAD
2026-03-25T22:26:08,NZDUSD,long,0.01,100.05,97.58,103.33,100.2,0.7911,0.5602,0.4006,12345,SCALP_LONG_PULLBACK_ENTRY_NZDUSD
2026-03-25T22:26:08,GBPJPY,long,0.01,100.05,96.99,103.72,100.2,0.7373,0.5254,0.3136,12345,SCALP_LONG_PULLBACK_ENTRY_GBPJPY
2026-03-25T22:26:08,DAX,short,0.01,100.0,104.71,91.64,100.2,0.8759,0.7188,0.797,12345,SCALP_SHORT_FULL_ALIGNMENT_DAX
2026-03-25T22:26:08,UK100,long,0.01,100.05,96.85,106.77,100.2,0.7392,0.5862,0.4656,12345,SCALP_LONG_PULLBACK_ENTRY_UK100
2026-03-25T22:26:08,US30,long,0.01,100.05,94.52,107.53,100.2,0.6559,0.5486,0.3715,12345,SCALP_LONG_PULLBACK_ENTRY_US30
2026-03-25T22:26:08,US500,long,0.01,100.05,97.32,105.02,100.2,0.7795,0.6024,0.5061,12345,SCALP_LONG_PULLBACK_ENTRY_US500
2026-03-25T22:26:08,USTEC,long,0.01,100.05,97.2,103.47,100.2,0.6983,0.5633,0.4083,12345,SCALP_LONG_PULLBACK_ENTRY_USTEC
2026-03-25T22:26:10,EURUSD,long,0.01,100.05,96.76,104.0,100.2,0.7139,0.5693,0.4234,12345,SCALP_LONG_PULLBACK_ENTRY_EURUSD
2026-03-25T22:26:10,GBPUSD,long,0.01,100.05,97.42,105.57,100.2,0.7323,0.5615,0.4037,12345,SCALP_LONG_PULLBACK_ENTRY_GBPUSD
2026-03-25T22:26:10,USDCHF,long,0.01,100.05,97.63,105.14,100.2,0.7329,0.6076,0.519,12345,SCALP_LONG_PULLBACK_ENTRY_USDCHF
2026-03-25T22:26:10,AUDUSD,long,0.01,100.05,97.55,104.34,100.2,0.9005,0.6168,0.5421,12345,SCALP_LONG_FULL_ALIGNMENT_AUDUSD
2026-03-25T22:26:10,USDCAD,long,0.01,100.05,96.14,106.07,100.2,0.7568,0.5758,0.4394,12345,SCALP_LONG_PULLBACK_ENTRY_USDCAD
2026-03-25T22:26:10,NZDUSD,long,0.01,100.05,97.22,103.84,100.2,0.9051,0.5536,0.384,12345,SCALP_LONG_PULLBACK_ENTRY_NZDUSD
2026-03-25T22:26:10,XAUUSD,long,0.01,100.05,96.39,107.06,50.1,0.7194,0.5307,0.3267,12345,SCALP_LONG_PULLBACK_ENTRY_XAUUSD
2026-03-25T22:26:10,EURJPY,long,0.01,100.05,97.52,104.9,100.2,0.8919,0.6316,0.5789,12345,SCALP_LONG_FULL_ALIGNMENT_EURJPY
2026-03-25T22:26:10,UK100,long,0.01,100.05,97.06,106.32,100.2,0.6577,0.5955,0.4887,12345,SCALP_LONG_PULLBACK_ENTRY_UK100
2026-03-25T22:26:10,US30,long,0.01,100.05,97.36,104.22,100.2,0.7088,0.5521,0.3803,12345,SCALP_LONG_PULLBACK_ENTRY_US30
2026-03-25T22:26:10,US500,long,0.01,100.05,96.62,108.02,100.2,0.693,0.548,0.3701,12345,SCALP_LONG_PULLBACK_ENTRY_US500
2026-03-25T22:26:10,USTEC,long,0.01,100.05,96.88,105.23,100.2,0.9167,0.5325,0.3314,12345,SCALP_LONG_PULLBACK_ENTRY_USTEC
2026-03-25T22:26:12,EURUSD,long,0.01,100.05,97.51,103.86,100.2,0.7248,0.5552,0.3879,12345,SCALP_LONG_PULLBACK_ENTRY_EURUSD
2026-03-25T22:26:12,GBPUSD,long,0.01,100.05,96.54,107.54,100.2,0.7652,0.5576,0.394,12345,SCALP_LONG_PULLBACK_ENTRY_GBPUSD
2026-03-25T22:26:12,USDJPY,long,0.01,100.05,97.14,103.55,100.2,0.6538,0.5869,0.4673,12345,SCALP_LONG_PULLBACK_ENTRY_USDJPY
2026-03-25T22:26:12,USDCHF,long,0.01,100.05,96.93,106.61,100.2,0.6926,0.5272,0.318,12345,SCALP_LONG_PULLBACK_ENTRY_USDCHF
2026-03-25T22:26:12,AUDUSD,long,0.01,100.05,98.02,102.79,100.2,0.9033,0.6486,0.6214,12345,SCALP_LONG_FULL_ALIGNMENT_AUDUSD
2026-03-25T22:26:12,USDCAD,long,0.01,100.05,97.83,102.72,100.2,0.542,0.5731,0.4329,12345,SCALP_LONG_PULLBACK_ENTRY_USDCAD
2026-03-25T22:26:12,NZDUSD,long,0.01,100.05,98.17,104.0,100.2,0.6921,0.573,0.4325,12345,SCALP_LONG_PULLBACK_ENTRY_NZDUSD
2026-03-25T22:26:12,XAUUSD,long,0.01,100.05,97.79,103.37,50.1,0.692,0.5982,0.4956,12345,SCALP_LONG_FULL_ALIGNMENT_XAUUSD
2026-03-25T22:26:12,EURJPY,long,0.01,100.05,96.94,106.59,100.2,0.9106,0.6173,0.5432,12345,SCALP_LONG_PULLBACK_ENTRY_EURJPY
2026-03-25T22:26:12,DAX,long,0.01,100.05,97.83,102.72,100.2,0.8889,0.6349,0.5872,12345,SCALP_LONG_PULLBACK_ENTRY_DAX
2026-03-25T22:26:12,UK100,long,0.01,100.05,96.76,104.44,100.2,0.762,0.5642,0.4104,12345,SCALP_LONG_PULLBACK_ENTRY_UK100
2026-03-25T22:26:12,US30,long,0.01,100.05,96.31,104.56,100.2,0.7603,0.5889,0.4723,12345,SCALP_LONG_PULLBACK_ENTRY_US30
2026-03-25T22:26:12,US500,long,0.01,100.05,96.58,106.27,100.2,0.6769,0.5759,0.4397,12345,SCALP_LONG_PULLBACK_ENTRY_US500
2026-03-25T22:26:12,USTEC,long,0.01,100.05,96.26,106.29,100.2,0.7733,0.5603,0.4008,12345,SCALP_LONG_PULLBACK_ENTRY_USTEC
2026-03-25T22:26:16,EURUSD,short,0.01,100.0,102.89,97.43,250.5,0.7752,0.7158,1.3842,12345,BALANCED_SHORT_PULLBACK_ENTRY_EURUSD
2026-03-25T22:26:16,BTCUSD,short,0.01,100.0,102.49,97.79,250.5,0.675,0.6316,1.0602,12345,BALANCED_SHORT_PULLBACK_ENTRY_BTCUSD
2026-03-25T22:37:25,GBPUSD,long,0.01,100.05,96.39,107.06,100.2,0.719,0.5248,0.312,12345,SCALP_LONG_PULLBACK_ENTRY_GBPUSD
2026-03-25T22:37:25,USDCHF,long,0.01,100.05,97.11,104.18,100.2,0.7662,0.567,0.4175,12345,SCALP_LONG_PULLBACK_ENTRY_USDCHF
2026-03-25T22:37:25,AUDUSD,long,0.01,100.05,95.91,108.31,100.2,0.9092,0.6347,0.5868,12345,SCALP_LONG_PULLBACK_ENTRY_AUDUSD
2026-03-25T22:37:25,USDCAD,long,0.01,100.05,97.55,104.34,100.2,0.9018,0.6877,0.7192,12345,SCALP_LONG_FULL_ALIGNMENT_USDCAD
2026-03-25T22:37:25,NZDUSD,long,0.01,100.05,94.86,106.37,100.2,0.9086,0.6499,0.6247,12345,SCALP_LONG_FULL_ALIGNMENT_NZDUSD
2026-03-25T22:37:25,XAUUSD,long,0.01,100.05,97.09,106.22,50.1,0.8929,0.6205,0.5512,12345,SCALP_LONG_PULLBACK_ENTRY_XAUUSD
2026-03-25T22:37:25,GBPJPY,long,0.01,100.05,96.69,104.76,100.2,0.8935,0.6321,0.5802,12345,SCALP_LONG_FULL_ALIGNMENT_GBPJPY
2026-03-25T22:37:25,DAX,long,0.01,100.05,97.55,105.29,100.2,0.9108,0.5794,0.4486,12345,SCALP_LONG_PULLBACK_ENTRY_DAX
2026-03-25T22:37:25,UK100,long,0.01,100.05,96.58,106.5,100.2,0.7666,0.5521,0.3802,12345,SCALP_LONG_PULLBACK_ENTRY_UK100
2026-03-25T22:37:25,US30,long,0.01,100.05,97.41,103.22,100.2,0.6079,0.5278,0.3194,12345,SCALP_LONG_PULLBACK_ENTRY_US30
2026-03-25T22:37:25,US500,long,0.01,100.05,97.17,103.51,100.2,0.7016,0.5285,0.3212,12345,SCALP_LONG_PULLBACK_ENTRY_US500
2026-03-25T22:37:25,USTEC,long,0.01,100.05,97.35,105.72,100.2,0.7182,0.5876,0.4691,12345,SCALP_LONG_PULLBACK_ENTRY_USTEC
2026-03-25T22:37:27,EURUSD,long,0.01,100.05,97.32,103.66,100.2,0.9653,0.5271,0.3177,12345,SCALP_LONG_PULLBACK_ENTRY_EURUSD
2026-03-25T22:37:27,EURJPY,long,0.01,100.05,96.81,106.34,100.2,0.7747,0.5432,0.3579,12345,SCALP_LONG_PULLBACK_ENTRY_EURJPY
2026-03-25T22:37:28,USDJPY,long,0.01,100.05,97.88,103.12,100.2,0.8081,0.6079,0.5197,12345,SCALP_LONG_PULLBACK_ENTRY_USDJPY
2026-03-25T22:37:33,BTCUSD,short,0.01,100.0,102.56,97.72,250.5,0.6572,0.5989,0.9163,12345,BALANCED_SHORT_PULLBACK_ENTRY_BTCUSD
2026-03-25T22:38:43,EURUSD,short,0.01,100.0,102.89,97.43,250.5,0.7495,0.7198,1.3963,12345,BALANCED_SHORT_PULLBACK_ENTRY_EURUSD
2026-03-25T22:38:44,EURUSD,short,0.01,100.0,102.97,97.36,250.5,0.6335,0.6494,1.1011,12345,BALANCED_SHORT_PULLBACK_ENTRY_EURUSD
2026-03-25T22:41:55,EURUSD,short,0.01,100.0,102.89,97.43,250.5,0.7752,0.7158,1.3842,12345,BALANCED_SHORT_PULLBACK_ENTRY_EURUSD
2026-03-25T22:41:56,XAUUSD,short,0.01,100.0,102.89,97.43,250.5,0.7752,0.7164,1.3861,12345,BALANCED_SHORT_PULLBACK_ENTRY_XAUUSD
2026-03-25T22:41:56,NASDAQ:MSFT,short,0.01,100.0,103.03,97.31,250.5,0.7194,0.7167,1.3845,12345,BALANCED_SHORT_PULLBACK_ENTRY_NASDAQ:MSFT
2026-03-25T22:47:16,CHFJPY,long,0.41,201.479,200.638,202.708,186.25182,0.58,0.488,0.1932,7908554963,RISKY_LONG_PULLBACK_ENTRY_CHFJPY
2026-03-25T22:54:33,USDJPY,long,0.09,159.505,158.567,161.067,46.61462,0.683,0.601,0.6831,7908561939,SAFE_LONG_PULLBACK_ENTRY_USDJPY
2026-03-25T22:55:51,EURUSD,long,0.01,100.05,96.15,106.2,100.2,0.7605,0.5802,0.4505,12345,SCALP_LONG_PULLBACK_ENTRY_EURUSD
2026-03-25T22:55:51,GBPUSD,long,0.01,100.05,96.99,103.72,100.2,0.7362,0.6058,0.5145,12345,SCALP_LONG_PULLBACK_ENTRY_GBPUSD
2026-03-25T22:55:51,USDCHF,long,0.01,100.05,96.35,107.81,100.2,0.6931,0.5696,0.4239,12345,SCALP_LONG_PULLBACK_ENTRY_USDCHF
2026-03-25T22:55:51,AUDUSD,long,0.01,100.05,97.56,105.27,100.2,0.5395,0.5381,0.3452,12345,SCALP_LONG_PULLBACK_ENTRY_AUDUSD
2026-03-25T22:55:51,USDCAD,long,0.01,100.05,97.93,102.71,100.2,0.7288,0.5434,0.3584,12345,SCALP_LONG_PULLBACK_ENTRY_USDCAD
2026-03-25T22:55:59,EURUSD,short,0.01,100.0,102.89,97.43,250.5,0.7752,0.7158,1.3842,12345,BALANCED_SHORT_PULLBACK_ENTRY_EURUSD
2026-03-25T22:55:59,XAUUSD,short,0.01,100.0,102.49,97.79,250.5,0.675,0.6316,1.0602,12345,BALANCED_SHORT_PULLBACK_ENTRY_XAUUSD
2026-03-25T22:55:59,NASDAQ:MSFT,short,0.01,100.0,102.9,97.42,250.5,0.7139,0.7377,1.4525,12345,BALANCED_SHORT_PULLBACK_ENTRY_NASDAQ:MSFT
2026-03-25T22:59:43,EURUSD,long,0.01,100.05,96.15,106.2,100.2,0.7577,0.5793,0.4483,12345,SCALP_LONG_PULLBACK_ENTRY_EURUSD
2026-03-25T22:59:43,GBPUSD,short,0.01,100.0,102.29,95.18,100.2,0.7331,0.5697,0.4242,12345,SCALP_SHORT_PULLBACK_ENTRY_GBPUSD
2026-03-25T22:59:43,AUDUSD,long,0.01,100.05,97.8,103.08,100.2,0.9022,0.6613,0.6532,12345,SCALP_LONG_FULL_ALIGNMENT_AUDUSD
2026-03-25T22:59:43,USDCAD,long,0.01,100.05,96.06,106.6,100.2,0.5359,0.5559,0.3898,12345,SCALP_LONG_PULLBACK_ENTRY_USDCAD
2026-03-25T22:59:43,NZDUSD,long,0.01,100.05,96.57,105.91,100.2,0.9044,0.5903,0.4758,12345,SCALP_LONG_FULL_ALIGNMENT_NZDUSD
2026-03-25T22:59:43,XAUUSD,long,0.01,100.05,97.74,102.82,50.1,0.8045,0.6459,0.6149,12345,SCALP_LONG_FULL_ALIGNMENT_XAUUSD
2026-03-25T22:59:43,EURJPY,long,0.01,100.05,96.75,107.14,100.2,0.757,0.546,0.3649,12345,SCALP_LONG_PULLBACK_ENTRY_EURJPY
2026-03-25T22:59:43,GBPJPY,long,0.01,100.05,95.74,106.97,100.2,0.6993,0.628,0.57,12345,SCALP_LONG_PULLBACK_ENTRY_GBPJPY
2026-03-25T22:59:43,DAX,long,0.01,100.05,96.54,107.03,100.2,0.8841,0.555,0.3875,12345,SCALP_LONG_PULLBACK_ENTRY_DAX
2026-03-25T22:59:43,UK100,long,0.01,100.05,96.94,105.38,100.2,0.7511,0.5664,0.416,12345,SCALP_LONG_PULLBACK_ENTRY_UK100
2026-03-25T22:59:43,US30,long,0.01,100.05,97.05,106.3,100.2,0.924,0.6383,0.5957,12345,SCALP_LONG_PULLBACK_ENTRY_US30
2026-03-25T22:59:43,US500,long,0.01,100.05,97.84,102.7,100.2,0.8755,0.6093,0.5231,12345,SCALP_LONG_FULL_ALIGNMENT_US500
2026-03-25T22:59:44,USDJPY,long,0.01,100.05,97.84,104.21,100.2,0.7356,0.5472,0.3679,12345,SCALP_LONG_PULLBACK_ENTRY_USDJPY
2026-03-25T22:59:44,USTEC,long,0.01,100.05,96.41,107.69,100.2,0.9688,0.5983,0.4957,12345,SCALP_LONG_PULLBACK_ENTRY_USTEC
2026-03-25T22:59:46,USDCHF,long,0.01,100.05,96.39,107.06,100.2,0.7286,0.5245,0.3114,12345,SCALP_LONG_PULLBACK_ENTRY_USDCHF
2026-03-25T22:59:50,EURUSD,short,0.01,100.0,101.75,97.67,250.5,0.6908,0.6566,1.1764,12345,BALANCED_SHORT_PULLBACK_ENTRY_EURUSD
2026-03-25T22:59:50,XAUUSD,short,0.01,100.0,102.35,97.91,250.5,0.675,0.6432,1.1179,12345,BALANCED_SHORT_PULLBACK_ENTRY_XAUUSD
2026-03-25T22:59:50,EURUSD,short,0.01,100.0,103.07,97.27,250.5,0.625,0.6583,1.1344,12345,BALANCED_SHORT_PULLBACK_ENTRY_EURUSD
2026-03-25T23:00:25,USDJPY,long,1.96,159.423,159.335,159.582,93.23906000000001,0.8276,0.5445,0.3612,7908568367,SCALP_LONG_PULLBACK_ENTRY_USDJPY
2026-03-25T23:03:25,EURUSD,long,3.69,1.15599,1.1557,1.15656,94.05897999999999,0.8422,0.5523,0.2925,7908633120,SCALP_LONG_PULLBACK_ENTRY_EURUSD
2026-03-25T23:05:28,XAUUSD,long,0.72,4529.65,4516.56,4554.02,94.53154,0.8648,0.5303,0.3144,7908674336,SCALP_LONG_PULLBACK_ENTRY_XAUUSD
2026-03-25T23:12:01,EURUSD,short,0.01,100.0,103.13,95.65,100.2,0.7502,0.6653,0.6633,12345,SCALP_SHORT_FULL_ALIGNMENT_EURUSD
2026-03-25T23:12:01,GBPUSD,long,0.01,100.05,96.39,107.06,100.2,0.719,0.5248,0.3121,12345,SCALP_LONG_PULLBACK_ENTRY_GBPUSD
2026-03-25T23:12:01,USDJPY,long,0.01,100.05,96.39,107.06,100.2,0.7222,0.5245,0.3113,12345,SCALP_LONG_PULLBACK_ENTRY_USDJPY
2026-03-25T23:12:01,USDCHF,long,0.01,100.05,96.44,107.33,100.2,0.7565,0.5454,0.3635,12345,SCALP_LONG_PULLBACK_ENTRY_USDCHF
2026-03-25T23:12:01,AUDUSD,long,0.01,100.05,96.93,107.64,100.2,0.693,0.5242,0.3104,12345,SCALP_LONG_PULLBACK_ENTRY_AUDUSD
2026-03-25T23:12:01,USDCAD,long,0.01,100.05,96.39,107.06,100.2,0.7276,0.541,0.3525,12345,SCALP_LONG_PULLBACK_ENTRY_USDCAD
2026-03-25T23:12:01,NZDUSD,long,0.01,100.05,97.32,105.31,100.2,0.793,0.5424,0.356,12345,SCALP_LONG_PULLBACK_ENTRY_NZDUSD
2026-03-25T23:12:01,XAUUSD,long,0.01,100.05,98.02,103.15,50.1,0.6588,0.5602,0.4004,12345,SCALP_LONG_PULLBACK_ENTRY_XAUUSD
2026-03-25T23:12:01,EURJPY,long,0.01,100.05,96.93,104.6,100.2,0.8379,0.5401,0.3502,12345,SCALP_LONG_PULLBACK_ENTRY_EURJPY
2026-03-25T23:12:01,GBPJPY,long,0.01,100.05,96.39,107.06,100.2,0.7283,0.5285,0.3212,12345,SCALP_LONG_PULLBACK_ENTRY_GBPJPY
2026-03-25T23:12:01,DAX,long,0.01,100.05,97.31,103.99,100.2,0.9256,0.5356,0.3389,12345,SCALP_LONG_PULLBACK_ENTRY_DAX
2026-03-25T23:12:01,UK100,long,0.01,100.05,97.34,105.73,100.2,0.7464,0.5397,0.3492,12345,SCALP_LONG_PULLBACK_ENTRY_UK100
2026-03-25T23:12:01,US500,long,0.01,100.05,96.83,104.91,100.2,0.7839,0.5901,0.4753,12345,SCALP_LONG_PULLBACK_ENTRY_US500
2026-03-25T23:12:02,US30,long,0.01,100.05,97.54,104.46,100.2,0.9666,0.5276,0.3191,12345,SCALP_LONG_PULLBACK_ENTRY_US30
2026-03-25T23:12:04,USTEC,long,0.01,100.05,96.11,106.51,100.2,0.9266,0.5418,0.3544,12345,SCALP_LONG_PULLBACK_ENTRY_USTEC
2026-03-25T23:12:10,EURUSD,short,0.01,100.0,102.89,97.43,250.5,0.7752,0.7158,1.3842,12345,BALANCED_SHORT_PULLBACK_ENTRY_EURUSD
2026-03-25T23:12:10,BTCUSD,short,0.01,100.0,101.75,97.67,250.5,0.6908,0.6571,1.178,12345,BALANCED_SHORT_PULLBACK_ENTRY_BTCUSD
2026-03-25T23:12:33,XAUUSD,long,0.69,4515.73,4502.13,4536.21,93.54821000000001,0.6024,0.526,0.3038,7908821390,SCALP_LONG_PULLBACK_ENTRY_XAUUSD
2026-03-25T23:25:34,EURUSD,long,4.27,1.15574,1.15549,1.15619,93.66366,0.6713,0.589,0.398,7909008129,SCALP_LONG_FULL_ALIGNMENT_EURUSD
2026-03-25T23:53:31,EURUSD,long,0.01,100.05,97.26,103.4,100.2,0.841,0.5439,0.3597,12345,SCALP_LONG_PULLBACK_ENTRY_EURUSD
2026-03-25T23:53:31,GBPUSD,long,0.01,100.05,96.63,105.22,100.2,0.7585,0.5305,0.3263,12345,SCALP_LONG_PULLBACK_ENTRY_GBPUSD
2026-03-25T23:53:31,USDJPY,long,0.01,100.05,97.11,104.18,100.2,0.759,0.5952,0.488,12345,SCALP_LONG_PULLBACK_ENTRY_USDJPY
2026-03-25T23:53:31,USDCHF,long,0.01,100.05,97.43,104.43,100.2,0.9011,0.6952,0.738,12345,SCALP_LONG_FULL_ALIGNMENT_USDCHF
2026-03-25T23:53:31,AUDUSD,long,0.01,100.05,98.32,102.34,100.2,0.7622,0.5329,0.3323,12345,SCALP_LONG_PULLBACK_ENTRY_AUDUSD
2026-03-25T23:53:31,USDCAD,long,0.01,100.05,97.21,103.45,100.2,0.6983,0.5946,0.4865,12345,SCALP_LONG_PULLBACK_ENTRY_USDCAD
2026-03-25T23:53:31,NZDUSD,long,0.01,100.05,97.72,103.99,100.2,0.9016,0.6224,0.556,12345,SCALP_LONG_FULL_ALIGNMENT_NZDUSD
2026-03-25T23:53:31,XAUUSD,long,0.01,100.05,97.37,105.68,50.1,0.8173,0.5654,0.4134,12345,SCALP_LONG_PULLBACK_ENTRY_XAUUSD
2026-03-25T23:53:31,EURJPY,long,0.01,100.05,97.53,104.07,100.2,0.6531,0.6122,0.5306,12345,SCALP_LONG_FULL_ALIGNMENT_EURJPY
2026-03-25T23:53:31,DAX,long,0.01,100.05,97.11,104.18,100.2,0.7733,0.5276,0.3191,12345,SCALP_LONG_PULLBACK_ENTRY_DAX
2026-03-25T23:53:31,UK100,long,0.01,100.05,97.49,103.12,100.2,0.8989,0.525,0.3125,12345,SCALP_LONG_PULLBACK_ENTRY_UK100
2026-03-25T23:53:31,USTEC,long,0.01,100.05,96.89,103.84,100.2,0.6365,0.5807,0.4518,12345,SCALP_LONG_PULLBACK_ENTRY_USTEC
2026-03-25T23:53:33,US30,long,0.01,100.05,97.99,102.52,100.2,0.793,0.6097,0.5243,12345,SCALP_LONG_FULL_ALIGNMENT_US30
2026-03-25T23:53:33,US500,long,0.01,100.05,97.35,103.45,100.2,0.7097,0.5562,0.3904,12345,SCALP_LONG_PULLBACK_ENTRY_US500
2026-03-25T23:53:35,GBPJPY,long,0.01,100.05,97.62,105.13,100.2,0.9118,0.6179,0.5448,12345,SCALP_LONG_PULLBACK_ENTRY_GBPJPY
2026-03-25T23:53:42,EURUSD,short,0.01,100.0,102.89,97.43,250.5,0.7752,0.7158,1.3842,12345,BALANCED_SHORT_PULLBACK_ENTRY_EURUSD
2026-03-25T23:53:42,BTCUSD,short,0.01,100.0,101.75,97.67,250.5,0.6908,0.6566,1.1764,12345,BALANCED_SHORT_PULLBACK_ENTRY_BTCUSD
2026-03-25T23:53:42,XAUUSD,short,0.01,100.0,102.41,97.86,250.5,0.675,0.6422,1.1115,12345,BALANCED_SHORT_PULLBACK_ENTRY_XAUUSD
2026-03-25T23:53:43,NASDAQ:MSFT,short,0.01,100.0,103.19,97.17,250.5,0.7161,0.7156,1.381,12345,BALANCED_SHORT_PULLBACK_ENTRY_NASDAQ:MSFT
2026-03-25T23:53:43,EURUSD,short,0.01,100.0,102.59,97.69,250.5,0.675,0.6369,1.0907,12345,BALANCED_SHORT_PULLBACK_ENTRY_EURUSD
